hujan_mm,irigasi_mm,irigasi_pl_mm,etc_mm,perkolasi_mm,limpasan_mm,wlr_mm,masuk_mm,keluar_mm,tma_rata,tma_min,hari_kering,kecamatan,rezim,bulan,tahun_tanam
2166.1000000000004,226.4505852309495,126.45058523094953,458.0536108960995,280.0,1440.6599838330603,100.0,2392.5505852309498,2178.71359472916,42.91314734819979,28.051059561333282,0,Karangpawitan,FL,1,2016
1415.1,229.69418893950427,104.31548822590476,452.88027204175165,280.0,704.1774401672546,100.0,1644.7941889395042,1437.0577122090062,35.761539117054674,6.363965673056045,0,Karangpawitan,FL,1,2017
1078.5,356.9104733976693,201.41142607904226,466.6102191031441,280.0,511.21361383487266,100.0,1435.4104733976692,1257.8238329380167,32.911834836723294,-4.18408000538505,7,Karangpawitan,FL,1,2018
1587.3999999999999,258.66188101409386,158.66188101409384,464.80060028770595,280.0,886.0235306183185,100.0,1846.0618810140936,1630.8241309060245,42.81096198734904,14.470530362807793,0,Karangpawitan,FL,1,2019
1829.6000000000001,232.4824562163663,132.4824562163663,474.15476043458864,280.0,1094.5353672925755,100.0,2062.0824562163666,1848.690127727164,42.646620084245875,21.757204084215683,0,Karangpawitan,FL,1,2020
1473.6,186.18322038642526,76.09790638637702,431.5821804659431,280.0,761.7707008982092,100.0,1659.7832203864252,1473.3528813641524,38.818415193316085,3.6596646868583704,0,Karangpawitan,FL,1,2021
1356.0,253.45548780116627,121.77939481154507,479.40172923799105,280.0,632.4914362298417,100.0,1609.4554878011663,1391.8931654678327,40.346908738190685,4.3239070103787745,0,Karangpawitan,FL,1,2022
1274.0,188.30689576806174,75.80689576806175,466.17662876074496,280.0,508.8809815007019,100.0,1462.3068957680616,1255.0576102614468,37.974005232893774,2.7569691832688115,0,Karangpawitan,FL,1,2023
1090.3,344.49514415503245,234.39514415503243,526.5382367896274,280.0,438.69519205200095,100.0,1434.7951441550324,1245.2334288416282,34.425655329082815,9.14749704611938,0,Karangpawitan,FL,1,2024
2166.1000000000004,126.45058523094954,126.45058523094953,442.76683941135275,192.0,1452.2766553090487,0.0,2292.5505852309498,2087.043494720401,33.1477393123119,12.403743809688017,0,Karangpawitan,SRI,1,2016
1415.1,115.5320235859043,104.31548822590476,437.3956628333963,192.0,694.0178384580213,0.0,1530.632023585904,1323.4135012914176,27.302263073601537,-4.303994383112826,4,Karangpawitan,SRI,1,2017
1078.5,214.76207754090728,201.41142607904226,450.78886050534476,186.23999999999995,494.8355846358926,0.0,1293.2620775409073,1131.8644451412374,24.68217480745003,-19.662791895748278,16,Karangpawitan,SRI,1,2018
1587.3999999999999,158.66188101409384,158.66188101409384,449.1384005067057,192.0,898.8580002649428,0.0,1746.0618810140936,1539.9964007716485,33.21976568635637,15.295574616641378,0,Karangpawitan,SRI,1,2019
1829.6000000000001,132.4824562163663,132.4824562163663,458.624909892516,192.0,1108.0652178346481,0.0,1962.0824562163664,1758.690127727164,33.428538699200686,22.571489192292756,0,Karangpawitan,SRI,1,2020
1473.6,76.09790638637702,76.09790638637702,416.880208813954,192.0,747.735545832882,0.0,1549.6979063863769,1356.6157546468362,30.603694861973533,7.075095499949547,0,Karangpawitan,SRI,1,2021
1356.0,135.82429462580433,121.77939481154507,463.1702781297098,192.0,629.091694162761,0.0,1491.8242946258042,1284.2619722924708,30.764998982587013,-4.144899814259238,3,Karangpawitan,SRI,1,2022
1274.0,75.80689576806174,75.80689576806175,450.7229419188028,192.0,505.97527811006745,0.0,1349.8068957680616,1148.6982200288703,27.53006073752094,-1.3626209994289926,1,Karangpawitan,SRI,1,2023
1090.3,234.3951441550324,234.39514415503243,509.1657524519179,192.0,425.5788978452015,0.0,1324.6951441550323,1126.7446502971193,28.932079490696836,5.467698515487288,0,Karangpawitan,SRI,1,2024
1938.6999999999998,198.94113011795906,62.92434560132074,456.8380156814724,280.0,1219.451175389314,100.0,2137.6411301179587,1956.2891910707863,39.667438042784745,-3.533907065640142,3,Karangpawitan,FL,2,2015
1871.6,230.76889662080407,130.76889662080404,459.97934932109206,280.0,1176.1010070637653,100.0,2102.3688966208038,1916.0803563848574,41.81026885839292,12.211311745243872,0,Karangpawitan,FL,2,2016
1073.8000000000002,271.6752400764584,134.08972239900052,450.3362434458685,280.0,434.11206157351046,100.0,1345.4752400764587,1164.448305019379,36.20597618777023,-4.751300877973678,4,Karangpawitan,FL,2,2017
954.2,336.57410325894557,158.12256702504556,467.51613399451696,280.0,360.3021546973815,100.0,1290.7741032589456,1107.8182886918985,26.918969385694275,-1.7518154663313652,6,Karangpawitan,FL,2,2018
1386.8000000000002,211.17211866597574,111.17211866597573,460.22659571042044,280.0,666.0854446990874,100.0,1597.9721186659758,1406.312040409508,40.75769571560296,14.34590396173808,0,Karangpawitan,FL,2,2019
1742.1999999999998,222.93540842443775,122.93540842443775,457.8457830520929,280.0,1012.635170819625,100.0,1965.1354084244376,1750.480953871718,41.94270932367781,5.128722100386393,0,Karangpawitan,FL,2,2020
1121.3999999999999,268.55099259015356,110.51267285656903,445.95831831861665,280.0,450.87485430519075,100.0,1389.9509925901534,1176.8331726238075,31.25927622077866,-3.8872742437370493,6,Karangpawitan,FL,2,2021
1193.3,281.7491387196383,163.34913871963832,479.2975454860507,280.0,520.7179304907138,100.0,1475.0491387196382,1280.0154759767645,36.78739929063711,2.490015264282361,0,Karangpawitan,FL,2,2022
1151.8000000000002,270.298929197257,157.598929197257,471.55690962854436,280.0,494.2347325194944,100.0,1422.0989291972571,1245.7916421480388,37.3521817654187,0.6080654257165463,0,Karangpawitan,FL,2,2023
1092.2,275.5326292848152,151.95456398280558,508.14354651619186,280.0,406.6657982546726,100.0,1367.7326292848152,1194.8093447708645,34.21414180253395,-4.867781045342831,3,Karangpawitan,FL,2,2024
1938.6999999999998,62.92434560132074,62.92434560132074,441.6199904279671,189.11999999999998,1218.4963617244723,0.0,2001.6243456013206,1849.2363521524394,29.906439172976096,-24.99524750805978,8,Karangpawitan,SRI,2,2015
1871.6,130.76889662080407,130.76889662080404,444.4801987704259,192.0,1182.1135986786717,0.0,2002.368896620804,1818.5937974490976,32.77524702787739,9.697870681003469,0,Karangpawitan,SRI,2,2016
1073.8000000000002,134.08972239900052,134.08972239900052,434.49059091663423,188.64,430.9239721170488,0.0,1207.8897223990007,1054.054563033683,26.692831848531426,-27.51220780423159,8,Karangpawitan,SRI,2,2017
954.2,221.37048362402726,158.12256702504556,451.012663482347,175.2,368.8101880040923,0.0,1175.5704836240272,995.0228514864393,14.08138821279138,-32.66848162395837,41,Karangpawitan,SRI,2,2018
1386.8000000000002,111.17211866597572,111.17211866597573,444.7268609623584,192.0,670.46275948488,0.0,1497.9721186659758,1307.1896204472384,32.1550035205156,13.468323924007244,0,Karangpawitan,SRI,2,2019
1742.1999999999998,122.93540842443775,122.93540842443775,442.2458778076549,192.0,1025.7416420580807,0.0,1865.1354084244376,1659.9875198657355,32.97189981026961,5.958140693451875,0,Karangpawitan,SRI,2,2020
1121.3999999999999,110.51267285656903,110.51267285656903,430.1011592990265,183.84,424.47193108159684,0.0,1231.9126728565689,1038.4130903806233,18.566674553189557,-26.16619417268559,23,Karangpawitan,SRI,2,2021
1193.3,163.34913871963832,163.34913871963832,462.9716544937824,192.0,500.85486299862384,0.0,1356.6491387196384,1155.8265174924063,28.18019247606787,-2.832113076579805,2,Karangpawitan,SRI,2,2022
1151.8000000000002,157.59892919725698,157.598929197257,455.0344071549138,192.0,485.2630260924174,0.0,1309.398929197257,1132.2974332473314,25.95961825783928,-0.8018013648245939,1,Karangpawitan,SRI,2,2023
1092.2,151.95456398280558,151.95456398280558,491.0608822237036,190.07999999999998,400.91125578652634,0.0,1244.1545639828057,1082.05213801023,26.663977925919955,-10.703884140907698,7,Karangpawitan,SRI,2,2024
1598.3999999999999,257.27905142689383,54.943579070371875,456.63622316566364,280.0,938.3455098065288,100.0,1855.6790514268937,1674.9817329721923,32.9599877382426,-2.2710759507014857,6,Karangpawitan,FL,3,2015
1717.6999999999998,151.0262856520236,36.926285652023616,440.26136780079423,280.0,962.5602641168597,100.0,1868.7262856520233,1682.821631917654,36.29761880989537,-5.291957215001549,3,Karangpawitan,FL,3,2016
865.5999999999999,316.757004402748,129.9933775725721,448.78547595521854,280.0,268.227151085992,100.0,1182.3570044027479,997.0126270412105,30.096350317578782,-3.0962113260483903,4,Karangpawitan,FL,3,2017
771.1,333.73333045592176,87.11892933538348,476.51274216002895,280.0,166.76876942355386,100.0,1104.833330455922,923.2815115835828,21.251583082188468,-4.984076475143505,9,Karangpawitan,FL,3,2018
1116.1,291.4073410573496,105.70135336418888,453.29804499989797,280.0,499.5216181610413,100.0,1407.5073410573495,1232.8196631609392,31.881650315306945,-5.079319718050636,7,Karangpawitan,FL,3,2019
1657.6999999999998,134.38372566335272,34.383725663352735,437.05559362780207,280.0,854.914466880273,100.0,1792.0837256633527,1571.9700605080752,42.693009039821355,22.859523710310636,0,Karangpawitan,FL,3,2020
1112.6,263.3544605825538,141.30634419842454,452.9266028073432,280.0,424.5507095929037,100.0,1375.9544605825538,1157.4773124002468,34.44073824457534,1.2518836158707796,0,Karangpawitan,FL,3,2021
1089.6999999999998,242.8245013967536,128.4245013967536,465.47058425349894,280.0,377.0108333180875,100.0,1332.5245013967533,1122.4814175715865,40.278062716337125,10.30233585470725,0,Karangpawitan,FL,3,2022
1040.1000000000001,260.92351505554143,116.14885924127938,456.32753147310683,280.0,348.12458493398697,100.0,1301.0235150555416,1084.4521164070939,30.234407147222623,-4.49606070465831,3,Karangpawitan,FL,3,2023
893.6000000000001,273.23998380756575,138.62717949682022,492.5031890558565,280.0,225.83050764869927,100.0,1166.8399838075659,998.3336967045558,30.53934379121708,-4.835870952035668,7,Karangpawitan,FL,3,2024
1598.3999999999999,120.47200902525422,54.943579070371875,441.29174794846404,176.16,942.1080367002617,0.0,1718.872009025254,1559.5597846487258,18.81434916982715,-31.981170509364095,35,Karangpawitan,SRI,3,2015
1717.6999999999998,36.926285652023616,36.926285652023616,425.17424380232126,192.0,940.3293921638754,0.0,1754.6262856520234,1557.5036359661967,29.63727869252235,1.799948580831125,0,Karangpawitan,SRI,3,2016
865.5999999999999,161.03111984210688,129.9933775725721,433.6190326758633,178.07999999999998,261.4612535154113,0.0,1026.6311198421067,873.1602861912745,15.31143021598124,-29.15307796734492,32,Karangpawitan,SRI,3,2017
771.1,214.31265194926118,87.11892933538348,460.2889137158228,173.27999999999997,183.21123728303306,0.0,985.4126519492612,816.7801509988558,4.492867862401254,-33.561177032065906,48,Karangpawitan,SRI,3,2018
1116.1,139.25866868643817,105.70135336418888,438.1774315639364,180.95999999999998,484.08162738487584,0.0,1255.358668686438,1103.2190589488123,21.819842710105853,-33.557315322249316,25,Karangpawitan,SRI,3,2019
1657.6999999999998,34.383725663352735,34.383725663352735,422.1336828189692,192.0,867.836377689106,0.0,1692.0837256633527,1481.9700605080752,33.16676035313267,16.181813960688633,0,Karangpawitan,SRI,3,2020
1112.6,141.30634419842457,141.30634419842454,437.2509502352769,187.2,417.8863219300319,0.0,1253.9063441984244,1042.3372721653088,21.89855546312655,-15.50328474286006,14,Karangpawitan,SRI,3,2021
1089.6999999999998,128.4245013967536,128.4245013967536,449.5599479175261,192.0,374.8650197256029,0.0,1218.1245013967534,1016.424967643129,29.117917315112695,1.2797702926765577,0,Karangpawitan,SRI,3,2022
1040.1000000000001,146.19933869554484,116.14885924127938,440.3234355492978,185.28,350.7887101438356,0.0,1186.299338695545,976.3921456931334,21.118085550444256,-32.05047945426547,15,Karangpawitan,SRI,3,2023
893.6000000000001,138.62717949682022,138.62717949682022,475.9803400249575,178.56,230.04033783792534,0.0,1032.2271794968203,884.5806778628828,15.938974520756448,-29.624579216507563,32,Karangpawitan,SRI,3,2024
1026.6000000000001,348.0276678904762,64.22102845173899,457.0674932590657,280.0,454.2915092858537,100.0,1374.6276678904765,1191.3590025449193,24.21858361233867,-5.07435519734047,10,Karangpawitan,FL,4,2015
1204.3,230.57990362043938,80.04463302128073,444.9404138340032,280.0,499.95752260806404,100.0,1434.8799036204393,1224.8979364420672,34.65591014965014,-3.4333019436080647,3,Karangpawitan,FL,4,2016
603.2,385.2738514206383,181.84913760267986,438.8218266957468,280.0,95.3628145724844,100.0,988.4738514206383,814.1846412682311,22.768426353926046,-3.613053463084306,6,Karangpawitan,FL,4,2017
458.7,494.4892611877914,172.29169720820673,458.91600648559336,280.0,34.870193688807404,100.0,953.1892611877913,773.7862001744007,10.217896982028357,-4.318251627844365,8,Karangpawitan,FL,4,2018
621.5,439.48559496075353,156.6379334335155,446.5376728058246,280.0,155.48214107229066,100.0,1060.9855949607536,882.0198138781153,23.666412187989735,-4.105902772829009,8,Karangpawitan,FL,4,2019
1280.6,246.1489480032441,118.66710477133768,428.91697880014465,280.0,642.2619898952505,100.0,1526.748948003244,1351.1789686953953,35.43631995586724,-5.081843231906416,5,Karangpawitan,FL,4,2020
978.5,303.4267311719023,111.69179946133178,452.28283339629206,280.0,372.5072159378437,100.0,1281.9267311719022,1104.7900493341358,25.066830280323405,-5.29890602136969,4,Karangpawitan,FL,4,2021
938.3,210.54092898254044,110.54092898254044,453.2465085930045,280.0,242.14804200790522,100.0,1148.8409289825404,975.3945506009097,31.82479246791192,-3.377742513237935,5,Karangpawitan,FL,4,2022
869.5000000000001,334.2246166138811,169.58051481798086,462.74653787133934,280.0,281.7356915378138,100.0,1203.7246166138812,1024.4822294091532,29.47874710454158,-3.773174144561279,2,Karangpawitan,FL,4,2023
706.6,317.9876098873841,163.34270130088856,472.49011961186034,280.0,102.80763734823412,100.0,1024.5876098873841,855.2977569600945,24.53586672214982,-5.098322446851418,4,Karangpawitan,FL,4,2024
1026.6000000000001,224.2977083056267,64.22102845173899,441.5037767654358,167.99999999999997,480.1079184391075,0.0,1250.8977083056268,1089.6116952045431,6.2732205194661335,-34.13325475845899,57,Karangpawitan,SRI,4,2015
1204.3,80.04463302128073,80.04463302128073,430.35866010251857,183.36,482.7864619169626,0.0,1284.3446330212807,1096.5051220194812,20.246465411429888,-29.33563565413108,19,Karangpawitan,SRI,4,2016
603.2,244.66826182747454,181.84913760267986,424.52342342245515,167.03999999999996,109.56724556764797,0.0,847.8682618274746,701.1306689901031,3.9449436018886637,-31.9233051412824,56,Karangpawitan,SRI,4,2017
458.7,329.65233139620136,172.29169720820673,444.0244233583682,161.75999999999996,34.870193688807404,0.0,788.3523313962014,640.6546170471755,-7.514815263116787,-30.671379822238364,76,Karangpawitan,SRI,4,2018
621.5,284.73288761275256,156.6379334335155,431.6479200553992,170.87999999999997,145.71940597336416,0.0,906.2328876127526,748.2473260287633,10.563172577705354,-32.146122750666414,48,Karangpawitan,SRI,4,2019
1280.6,118.66710477133768,118.66710477133768,415.2319964095077,192.0,615.7401428311894,0.0,1399.2671047713375,1222.972139240697,27.87826195728861,-1.079630653014683,3,Karangpawitan,SRI,4,2020
978.5,164.47546192376856,111.69179946133178,437.34116469159574,182.39999999999998,355.00448396119543,0.0,1142.9754619237685,974.7456486527911,11.770781377014975,-22.92260390465538,29,Karangpawitan,SRI,4,2021
938.3,110.54092898254044,110.54092898254044,438.5879253748571,192.0,236.78684707871253,0.0,1048.8409289825404,867.3747724535697,25.315132122006137,-1.2403335851481345,3,Karangpawitan,SRI,4,2022
869.5000000000001,183.9120398973646,169.58051481798086,447.9703949991242,184.79999999999998,242.28142720582568,0.0,1053.4120398973646,875.0518222049499,15.737255838984261,-27.35559809719578,21,Karangpawitan,SRI,4,2023
706.6,205.00991589545887,163.34270130088856,456.9644254302507,180.47999999999996,116.26300195304637,0.0,911.6099158954589,753.707427383297,9.093691635947767,-26.928881529964833,35,Karangpawitan,SRI,4,2024
626.4,512.0565977118699,59.990040098561316,474.59700050981417,280.0,200.02445501656246,100.0,1138.45659771187,954.6214555263766,10.76084434447991,-5.453302096316653,11,Karangpawitan,FL,5,2015
862.8,253.27535522259433,110.5827279172866,438.89905893741167,280.0,213.75850845396548,100.0,1116.0753552225942,932.6575673913771,27.414735432106017,-5.40730763602584,7,Karangpawitan,FL,5,2016
420.5,480.582745856996,165.97656808914192,422.12037588440586,280.0,25.211572925630502,100.0,901.082745856996,727.3319488100364,13.219512079732427,-5.467689605507427,8,Karangpawitan,FL,5,2017
262.0,653.9379916917019,243.94634808706263,453.71499402670383,280.0,3.437729998080192,100.0,915.9379916917019,737.152724024784,10.987496102653619,-4.50671171250433,9,Karangpawitan,FL,5,2018
423.4,546.1886043852254,135.60119676547922,455.6347105826214,280.0,51.75835870788677,100.0,969.5886043852254,787.3930692905083,9.073195822240349,-4.4692704109170345,12,Karangpawitan,FL,5,2019
990.7,288.97344875287894,113.06186110349418,420.95419104867227,280.0,388.8730943022533,100.0,1279.673448752879,1089.8272853509256,30.137240900295527,-4.153375809851403,7,Karangpawitan,FL,5,2020
780.2,418.1349833610598,243.2285344904442,448.6724227177716,280.0,297.1928777848668,100.0,1198.3349833610598,1025.8653005026385,25.977900519159494,-4.7235859635194615,12,Karangpawitan,FL,5,2021
683.2,343.04674485139793,152.12538428440487,450.1541604582533,280.0,117.17846134192618,100.0,1026.246744851398,847.3326218001795,23.523285176714865,-5.8103590996010865,6,Karangpawitan,FL,5,2022
646.7,449.70238350051665,186.22561445244324,453.1341786329607,280.0,184.9267605309825,100.0,1096.4023835005166,918.0609391639432,22.191363170787337,-5.622589736190207,11,Karangpawitan,FL,5,2023
495.1,493.1045147026804,169.37221503871027,468.2661434969025,280.0,61.57974910341778,100.0,988.2045147026804,809.8458926003202,13.655955291484904,-3.5748857813281525,12,Karangpawitan,FL,5,2024
626.4,349.5676568738663,59.990040098561316,458.35548661262817,161.27999999999997,200.02445501656246,0.0,975.9676568738663,819.6599416291906,-7.939164396777111,-33.79212294934196,75,Karangpawitan,SRI,5,2015
862.8,110.58272791728663,110.5827279172866,424.6477567529465,183.36,190.923991220498,0.0,973.3827279172866,798.9317479734445,15.735121442850943,-20.919464726667883,29,Karangpawitan,SRI,5,2016
420.5,343.2229747031038,165.97656808914192,408.58968736710545,164.15999999999997,23.297970325042495,0.0,763.7229747031038,596.0476576921479,-4.456114347503919,-32.95609430435362,70,Karangpawitan,SRI,5,2017
262.0,498.9595149744064,243.94634808706263,439.27820803217037,165.6,3.437729998080192,0.0,760.9595149744064,608.3159380302505,-4.982162608622312,-32.31358565164033,67,Karangpawitan,SRI,5,2018
423.4,385.0060061371605,135.60119676547922,440.382858376446,159.83999999999997,51.75835870788677,0.0,808.4060061371605,651.9812170843327,-6.7695244262435015,-31.741001613184288,79,Karangpawitan,SRI,5,2019
990.7,144.3345617931846,113.06186110349418,407.5075387870176,180.0,373.5435031446146,0.0,1135.0345617931846,961.0510419316322,15.136688714890779,-31.272700689690414,34,Karangpawitan,SRI,5,2020
780.2,280.82109880473524,243.2285344904442,434.0380405117491,180.0,281.1476303169836,0.0,1061.0210988047352,895.1856708287328,12.408758976410528,-21.39512739542068,42,Karangpawitan,SRI,5,2021
683.2,182.80355318170717,152.12538428440487,435.86072744076716,182.39999999999998,78.73553439333995,0.0,866.0035531817073,696.9962618341071,10.863670702247948,-31.178168897302285,27,Karangpawitan,SRI,5,2022
646.7,283.2047499322083,186.22561445244324,438.8140152944755,175.2,173.3618045734098,0.0,929.9047499322083,787.3758198678853,9.558766317352735,-33.843390630965104,41,Karangpawitan,SRI,5,2023
495.1,298.3224665191123,169.37221503871027,453.25246894075315,160.79999999999995,35.78116148013955,0.0,793.4224665191123,649.8336304208926,-7.441435019438405,-34.13038998378983,77,Karangpawitan,SRI,5,2024
148.10000000000002,826.1559011498771,283.4847413377004,511.6493588285912,280.0,3.643955134188687,100.0,974.2559011498771,795.2933139627798,7.638489201582864,-3.6818123036794965,10,Karangpawitan,FL,6,2015
825.3999999999999,352.5722531787311,166.96785865589374,444.8914907655926,280.0,236.7402471777996,100.0,1177.972253178731,961.6317379433922,20.718354274279296,0.4744938789421269,0,Karangpawitan,FL,6,2016
244.60000000000002,659.7617643294905,282.915296980282,435.92730971730214,280.0,3.7545730184716106,100.0,904.3617643294905,719.6818827357738,11.219071243728973,-5.0360376923734895,11,Karangpawitan,FL,6,2017
200.79999999999998,717.8111377889396,285.9879832994137,460.29317834760445,280.0,1.4407126799575796,100.0,918.6111377889396,741.733891027562,9.866440475192222,-4.914229563624625,10,Karangpawitan,FL,6,2018
182.60000000000002,758.7007982380355,236.51232415308203,485.33255828555684,280.0,0.0,100.0,941.3007982380356,765.3325582855568,7.609476505710663,-6.069213932184889,13,Karangpawitan,FL,6,2019
664.7,365.21935975696374,151.96176831976578,432.9601192878604,280.0,136.28487617619658,100.0,1029.9193597569638,849.244995464057,22.536064527792767,-5.658273500856886,12,Karangpawitan,FL,6,2020
806.7,357.4843763279539,208.13473148586266,440.95302113473616,280.0,248.41209585958424,100.0,1164.184376327954,969.3651169943205,27.436513127976426,-3.72367029235334,4,Karangpawitan,FL,6,2021
649.5,374.67298699310874,219.97472399596776,447.0195476984993,280.0,84.4761910025162,100.0,1024.1729869931087,811.4957387010155,26.793517836165336,-2.6614141547464363,5,Karangpawitan,FL,6,2022
395.0,593.1647693539817,236.58312873442534,463.00614280151103,280.0,66.48638511870068,100.0,988.1647693539817,809.4925279202117,17.902306095175618,-3.1448599651539464,13,Karangpawitan,FL,6,2023
358.40000000000003,614.1069195532721,261.43780183606714,483.20003121470745,280.0,36.62014360696237,100.0,972.5069195532722,799.8201748216699,13.400889993820496,-6.309142942839128,9,Karangpawitan,FL,6,2024
148.10000000000002,657.7031009231387,283.4847413377004,494.2033930183345,159.35999999999999,3.643955134188687,0.0,805.8031009231387,657.2073481525232,-9.81817738354488,-34.43954030348527,82,Karangpawitan,SRI,6,2015
825.3999999999999,219.8513458854244,166.96785865589374,429.7598055166336,176.64,231.6784744939438,0.0,1045.2513458854241,838.0782800105774,6.607676084268264,-21.22116723687585,44,Karangpawitan,SRI,6,2016
244.60000000000002,501.2112580224224,282.915296980282,421.7555161114206,162.24,11.54923346682665,0.0,745.8112580224224,595.5447495782472,-6.003443535778149,-32.344915443016404,75,Karangpawitan,SRI,6,2017
200.79999999999998,577.0114484319424,285.9879832994137,445.0984128645037,161.75999999999996,1.4407126799575796,0.0,777.8114484319424,608.2991255444612,-6.077930095320491,-34.59141907160516,74,Karangpawitan,SRI,6,2018
182.60000000000002,607.190701351066,236.51232415308203,468.9268999779873,160.32,0.0,0.0,789.790701351066,629.2468999779874,-9.19139268735262,-32.999117211683675,82,Karangpawitan,SRI,6,2019
664.7,247.61999943517392,151.96176831976578,418.28305748719873,172.32,152.45728860867416,0.0,912.3199994351739,743.0603460958729,7.037922335923701,-34.5785232330166,46,Karangpawitan,SRI,6,2020
806.7,219.355896949014,208.13473148586266,426.28501860930413,176.16,236.54575668334,0.0,1026.0558969490141,838.9907752926441,8.182968107782985,-28.465245357705065,44,Karangpawitan,SRI,6,2021
649.5,253.8752514887444,219.97472399596776,432.0679205895125,173.76,90.69664688798134,0.0,903.3752514887444,696.5245674774939,9.974072199176781,-33.900527492776604,39,Karangpawitan,SRI,6,2022
395.0,442.7123427327733,236.58312873442534,447.54585202184694,169.91999999999996,59.032808304211024,0.0,837.7123427327733,676.4986603260579,4.2683925791951145,-33.24169887447931,54,Karangpawitan,SRI,6,2023
358.40000000000003,449.0221194003101,261.43780183606714,466.9569315194027,164.15999999999997,14.849473897339305,0.0,807.4221194003101,645.966405416742,-3.7707047022695206,-32.50599244386717,73,Karangpawitan,SRI,6,2024
129.5,878.2502475383485,305.94451725983566,550.8582413387982,280.0,4.217381763409703,100.0,1007.7502475383485,835.0756231022078,6.877898344676698,-6.087635765335198,10,Karangpawitan,FL,7,2015
1211.6000000000001,401.3365855101081,257.3469464117473,440.9010375886812,280.0,681.8757393371266,100.0,1612.9365855101082,1402.7767769258078,34.587806571009864,6.933680987577002,0,Karangpawitan,FL,7,2016
411.90000000000003,600.0509225788835,257.85246998718236,443.8206635941205,280.0,86.18753936629096,100.0,1011.9509225788836,810.0082029604115,18.44440894588832,0.5039547821249419,0,Karangpawitan,FL,7,2017
193.10000000000002,765.2145693338942,258.3013891400921,487.98695636431887,280.0,4.490151694288775,100.0,958.3145693338943,772.4771080586077,8.03844265824669,-5.0981335683989295,11,Karangpawitan,FL,7,2018
126.2,863.4918232408208,316.93866680010603,527.5170774845471,280.0,0.0,100.0,989.6918232408209,807.5170774845471,6.702395529118785,-5.201890561044355,12,Karangpawitan,FL,7,2019
672.3000000000001,401.2160482553969,179.72833490275727,449.52775861192964,280.0,134.54915770053736,100.0,1073.516048255397,864.0769163124669,18.827438780157784,-1.3853515668508862,4,Karangpawitan,FL,7,2020
732.0,393.4434216297523,176.4061915552352,456.25061951454495,280.0,208.33687214849334,100.0,1125.4434216297523,944.5874916630382,23.52345245667902,-4.980363014477291,6,Karangpawitan,FL,7,2021
759.4,371.7730171024743,189.30192097481608,446.67781356912377,280.0,186.26105788705033,100.0,1131.1730171024742,912.9388714561742,21.825759326057103,1.5636912828031724,0,Karangpawitan,FL,7,2022
301.4,703.8252116059018,210.88934974832833,510.13294480526315,280.0,39.53465798713945,100.0,1005.2252116059018,829.6676027924026,9.698453302644376,-6.254086422793747,11,Karangpawitan,FL,7,2023
375.80000000000007,625.9134353353339,252.69856178707036,508.92314741344535,280.0,30.304485007441375,100.0,1001.713435335334,819.2276324208867,14.017041311089098,-6.229761164982731,5,Karangpawitan,FL,7,2024
129.5,717.583422975732,305.94451725983566,531.4063531000857,157.44,4.217381763409703,0.0,847.083422975732,693.0637348634954,-11.12630893372036,-35.0668199161819,89,Karangpawitan,SRI,7,2015
1211.6000000000001,282.09513415596194,257.3469464117473,425.4628222097283,190.07999999999998,675.4775850688486,0.0,1493.695134155962,1291.0204072785768,19.538439103503894,-9.27420715339403,12,Karangpawitan,SRI,7,2016
411.90000000000003,462.59177903129057,257.85246998718236,427.8442299911608,168.95999999999998,79.53746568936087,0.0,874.4917790312907,676.3416956805216,-0.7958472370395439,-28.971480405993884,58,Karangpawitan,SRI,7,2017
193.10000000000002,615.7498482994872,258.3013891400921,470.99579085823814,159.35999999999999,4.490151694288775,0.0,808.8498482994872,634.8459425525269,-9.8526836286708,-33.54626231398603,89,Karangpawitan,SRI,7,2018
126.2,690.4920595106361,316.93866680010603,508.6992941770932,159.35999999999999,0.0,0.0,816.6920595106361,668.0592941770932,-10.645174126487092,-34.4506296143311,88,Karangpawitan,SRI,7,2019
672.3000000000001,283.4741023453118,179.72833490275727,433.2599443234101,170.88,147.19927312514494,0.0,955.7741023453118,751.339217448555,2.0758263228532194,-28.182947039526717,53,Karangpawitan,SRI,7,2020
732.0,214.2293181133227,176.4061915552352,440.9260867649251,176.64,159.67078462754682,0.0,946.2293181133227,777.2368713924719,3.259640318333492,-23.504192788619218,44,Karangpawitan,SRI,7,2021
759.4,246.44166271109668,189.30192097481608,430.83149711759506,180.48,182.58075194743253,0.0,1005.8416627110967,793.8922490650276,9.924462065581299,-23.745929210151473,31,Karangpawitan,SRI,7,2022
301.4,547.8732055319731,210.88934974832833,492.0093974626493,158.39999999999998,38.36379700954171,0.0,849.2732055319731,688.773194472191,-6.589644305715658,-35.40785037264514,83,Karangpawitan,SRI,7,2023
375.80000000000007,461.7710987976131,252.69856178707036,490.9376484347117,165.6,12.017026328566391,0.0,837.5710987976131,668.5546747632782,-2.6790255569037287,-35.00821470685077,65,Karangpawitan,SRI,7,2024
221.7,861.0121542607009,321.83920318539805,585.1840808322584,280.0,26.077584439226165,100.0,1082.7121542607008,891.2616652714845,11.177531042807088,-5.512973689192269,3,Karangpawitan,FL,8,2015
1518.2,377.1022190765616,214.32239559373429,437.2652294304809,280.0,960.4702234031139,100.0,1895.3022190765616,1677.7354528335948,35.19616244051332,5.057557315002731,0,Karangpawitan,FL,8,2016
574.4,611.0754843469198,281.4922179570939,461.01102694023564,280.0,227.42541912834764,100.0,1185.4754843469198,968.4364460685833,18.081435787136964,-2.3164221436429617,3,Karangpawitan,FL,8,2017
361.49999999999994,712.0458611368524,325.22288037138367,499.4461007770439,280.0,94.08250202114212,100.0,1073.5458611368524,873.5286027981861,11.97811150705859,-3.130336840715254,5,Karangpawitan,FL,8,2018
233.7,819.824243039089,306.86947515890313,564.3991871343362,280.0,28.334086742840412,100.0,1053.524243039089,872.7332738771767,8.67912662798921,-4.726625272969336,6,Karangpawitan,FL,8,2019
845.0999999999999,455.8071531606605,252.52482171972662,463.2105383216033,280.0,335.70373854618117,100.0,1300.9071531606605,1078.9142768677843,25.022195072573897,4.164408409470866,0,Karangpawitan,FL,8,2020
899.8000000000001,431.785985957219,270.9626432945218,469.5552083151654,280.0,363.53095612558735,100.0,1331.585985957219,1113.0861644407528,29.121148602449455,5.001581968200391,0,Karangpawitan,FL,8,2021
991.7000000000002,431.8087103136617,253.39108110358697,456.44600552991415,280.0,467.1466977054117,100.0,1423.5087103136618,1203.5927032353259,29.931324920005654,4.90241648514562,0,Karangpawitan,FL,8,2022
288.6,793.6628676204175,272.43398035032743,559.2301523577439,280.0,45.826963021395734,100.0,1082.2628676204176,885.0571153791396,7.836337327506449,-5.480800437103902,11,Karangpawitan,FL,8,2023
485.0,636.8160478198472,286.9404536116189,537.8451816733866,280.0,85.04321189735221,100.0,1121.8160478198472,902.8883935707388,18.251982550850272,-3.6605917240488726,3,Karangpawitan,FL,8,2024
221.7,700.3959267829249,321.83920318539805,563.5626908098574,161.76,10.298031301301812,0.0,922.0959267829248,735.6207221111591,-6.453939310365817,-30.533018379631944,83,Karangpawitan,SRI,8,2015
1518.2,246.92005464401456,214.32239559373429,422.59613299367936,192.0,940.4541619038995,0.0,1765.1200546440145,1555.0502948975789,24.914251891692505,-2.2166062991445066,3,Karangpawitan,SRI,8,2016
574.4,487.3286971987274,281.4922179570939,444.4712803321356,179.52,229.03255208911614,0.0,1061.7286971987273,853.0238324212518,6.181271672563723,-27.753940916368503,44,Karangpawitan,SRI,8,2017
361.49999999999994,593.2995461431308,325.22288037138367,481.0734485950232,166.08,114.27857720456603,0.0,954.7995461431308,761.4320257995892,-4.553113994834919,-30.155490100430445,76,Karangpawitan,SRI,8,2018
233.7,655.5211302917794,306.86947515890313,543.5149002331269,162.71999999999997,21.022176314184083,0.0,889.2211302917794,727.2570765473109,-7.00830188780396,-29.89940701265216,83,Karangpawitan,SRI,8,2019
845.0999999999999,349.6509658881289,252.52482171972662,446.9966058293004,182.39999999999998,353.3614837659524,0.0,1194.7509658881288,982.7580895952528,14.442808959499482,-22.55810148814041,27,Karangpawitan,SRI,8,2020
899.8000000000001,270.96264329452185,270.9626432945218,452.9134179051978,178.55999999999997,330.7894038728578,0.0,1170.762643294522,962.2628217780555,8.755326186046593,-18.972370089467947,37,Karangpawitan,SRI,8,2021
991.7000000000002,285.243947333627,253.39108110358697,440.9038154438963,188.64,437.48412481139496,0.0,1276.9439473336272,1067.0279402552912,19.5451162439165,-14.171096538948706,14,Karangpawitan,SRI,8,2022
288.6,643.0461120130949,272.43398035032743,538.2942946206324,159.83999999999997,45.826963021395734,0.0,931.6461120130949,743.961257642028,-9.126933386106321,-34.49886767430576,87,Karangpawitan,SRI,8,2023
485.0,488.1390918658808,286.9404536116189,518.3429317359308,175.68,70.18850588084152,0.0,973.1390918658808,764.2114376167723,1.5009376518083022,-26.880872317572262,54,Karangpawitan,SRI,8,2024
643.0,736.9037463500832,338.29865515591825,573.9841109644756,280.0,316.7441870812053,100.0,1379.903746350083,1170.728298045681,19.705539191695532,-1.4821861349842678,1,Karangpawitan,FL,9,2015
1961.3999999999999,360.38774880648685,218.6074439849186,436.53346788308147,280.0,1389.2744979596737,100.0,2321.787748806487,2105.807965842755,38.57129884423414,4.910220316502322,0,Karangpawitan,FL,9,2016
738.2999999999998,561.8259879950919,325.353887748748,463.13988858389064,280.0,339.07840201462665,100.0,1300.1259879950917,1082.2182905985173,29.76564634350047,5.101580601251285,0,Karangpawitan,FL,9,2017
690.1000000000001,613.6074784553772,326.50897228949316,505.33857250575227,280.0,310.4454370470967,100.0,1303.7074784553774,1095.784009552849,18.390631489715123,-0.3024611616537376,1,Karangpawitan,FL,9,2018
532.4,704.4085628673829,330.5763117380613,579.4388537150821,280.0,164.23605690796595,100.0,1236.808562867383,1023.674910623048,18.78943082440504,0.5102537046598039,0,Karangpawitan,FL,9,2019
1135.2,434.8536739056246,257.0846426608847,465.1675224181541,280.0,612.0647201082888,100.0,1570.0536739056247,1357.2322425264429,35.38940244405005,4.288286758397623,0,Karangpawitan,FL,9,2020
1116.3,370.7835974369265,238.9717195630303,472.9012980762532,280.0,523.9936078306278,100.0,1487.0835974369265,1276.894905906881,35.41388252324995,5.688122126103831,0,Karangpawitan,FL,9,2021
1254.1000000000001,372.1111637840299,248.193272989652,465.5296516978686,280.0,663.5360692073659,100.0,1626.21116378403,1409.0657209052345,39.95978835665896,9.150523475286509,0,Karangpawitan,FL,9,2022
337.9,744.4469148760351,324.30946882373615,585.14487495108,280.0,39.544476465778665,100.0,1082.346914876035,904.6893514168587,13.117803211016975,-5.796449584520361,4,Karangpawitan,FL,9,2023
792.5000000000001,552.0822284327874,330.92071597812975,540.8102612399421,280.0,312.3845932406346,100.0,1344.5822284327874,1133.1948544805766,29.678817023778254,-1.0579274728360009,1,Karangpawitan,FL,9,2024
643.0,597.4933173403978,338.29865515591825,553.5634921637992,176.16,311.59437687219634,0.0,1240.4933173403979,1041.3178690359955,5.738071994079947,-28.29444253907384,51,Karangpawitan,SRI,9,2015
1961.3999999999999,245.62133611062112,218.6074439849186,422.4435400390561,192.0,1386.5980131078334,0.0,2207.021336110621,2001.0415531468893,29.0403058585876,-4.915172085634794,3,Karangpawitan,SRI,9,2016
738.2999999999998,412.03261863942475,325.353887748748,447.64076676420575,189.12,305.66415447864455,0.0,1150.3326186394247,942.4249212428504,19.604611016109484,-13.738779157704261,13,Karangpawitan,SRI,9,2017
690.1000000000001,470.82234633336617,326.50897228949316,487.7396664310402,177.6,294.3153850101911,0.0,1160.9223463333662,959.6550514412313,5.909432394549425,-21.89166014783937,45,Karangpawitan,SRI,9,2018
532.4,566.4007807421626,330.5763117380613,558.8102960280469,173.76,163.09683246978113,0.0,1098.8007807421627,895.667128497828,2.7852111912486883,-29.862888236845237,59,Karangpawitan,SRI,9,2019
1135.2,315.67199519753075,257.0846426608847,449.5854818138488,192.0,605.6232216559672,0.0,1450.8719951975309,1247.208703469816,25.543536699254968,-4.359790875604269,7,Karangpawitan,SRI,9,2020
1116.3,251.06554728993973,238.9717195630303,456.486326952524,192.0,510.1227743758204,0.0,1367.3655472899397,1158.6091013283444,21.659808605280478,-3.2938277269094245,8,Karangpawitan,SRI,9,2021
1254.1000000000001,259.60900644943206,248.193272989652,450.03284452995604,192.0,664.3754700167074,0.0,1513.7090064494323,1306.4083145466634,30.504190563305023,-1.415733459780074,1,Karangpawitan,SRI,9,2022
337.9,571.296267185222,324.30946882373615,564.089245686957,164.16,26.186747669888643,0.0,909.1962671852219,754.4359933568456,-4.793562109020923,-28.48980578329489,77,Karangpawitan,SRI,9,2023
792.5000000000001,419.61825200737565,330.92071597812975,521.8178562663045,182.39999999999998,306.5130217888604,0.0,1212.1182520073758,1010.7308780551648,12.567336552528303,-29.38375550049532,30,Karangpawitan,SRI,9,2024
925.5999999999999,623.6134332620296,348.2509165305433,563.8440252767848,280.0,512.9175655123535,100.0,1549.2134332620294,1356.7615907891382,28.27849348932586,5.456501526701178,0,Karangpawitan,FL,10,2015
1980.6,244.94848788260907,144.94848788260907,435.46748890184654,280.0,1294.896787820488,100.0,2225.548487882609,2010.3642767223346,41.3879805093562,5.488710677032402,0,Karangpawitan,FL,10,2016
922.7,405.3792678381843,280.414589129736,467.1942423274404,280.0,387.67509186196213,100.0,1328.0792678381845,1134.8693341894025,28.95400174164961,-4.541574287697382,3,Karangpawitan,FL,10,2017
973.2,524.9889084201279,296.5002302713085,505.6380469862021,280.0,500.70124765933735,100.0,1498.188908420128,1286.3392946455394,28.580118188898478,4.9630990322863155,0,Karangpawitan,FL,10,2018
849.0,604.1760238363942,335.4393002945988,572.5672490960977,280.0,401.9241665419332,100.0,1453.176023836394,1254.491415638031,29.27203819928105,3.8551134176555006,0,Karangpawitan,FL,10,2019
1513.4,352.5788409481698,252.57884094816976,452.69669516805556,280.0,920.6729725973094,100.0,1865.9788409481698,1653.369667765365,39.93753478617484,11.95352641231768,0,Karangpawitan,FL,10,2020
1369.6,343.47029705265027,180.2829982763522,478.9497425053798,280.0,737.4929745540958,100.0,1713.0702970526502,1496.4427170594756,33.336361027306154,5.434829994723097,0,Karangpawitan,FL,10,2021
1451.8,278.4351431513128,178.43514315131281,465.15677606154264,280.0,782.0632744115364,100.0,1730.2351431513127,1527.220050473079,40.75586045683851,12.189552944073307,0,Karangpawitan,FL,10,2022
654.0999999999999,645.4184345307079,345.5669531123278,593.2137840881147,280.0,221.51405758023432,100.0,1299.518434530708,1094.7278416683491,22.743856704168465,-2.077926741726417,1,Karangpawitan,FL,10,2023
1020.9000000000001,496.3971901094158,250.51806637499163,521.4689726069978,280.0,506.4542568727086,100.0,1517.2971901094159,1307.9232294797064,31.975801580037956,5.5918043454609645,0,Karangpawitan,FL,10,2024
925.5999999999999,496.84322201658864,348.2509165305433,546.2593689634216,187.2,503.18251583958795,0.0,1422.4432220165886,1236.6418848030096,17.45619944138644,-23.794056115838544,22,Karangpawitan,SRI,10,2015
1980.6,144.94848788260907,144.94848788260907,420.95130194654035,192.0,1306.5834039397728,0.0,2125.548487882609,1919.534705886313,32.46149332080456,2.0554907252963703,0,Karangpawitan,SRI,10,2016
922.7,280.41458912973604,280.414589129736,451.95314721136356,192.0,369.30662622581906,0.0,1203.114589129736,1013.2597734371826,23.210232465880313,-2.66366731109765,3,Karangpawitan,SRI,10,2017
973.2,371.60572212151294,296.5002302713085,489.57089233363786,187.2,466.18521601328655,0.0,1344.805722121513,1142.9561083469243,18.426095505085403,-9.3652976181775,23,Karangpawitan,SRI,10,2018
849.0,442.3649940585899,335.4393002945988,553.6664449684389,186.24,358.2784277166021,0.0,1291.36499405859,1098.184872685041,15.78841838286396,-23.447832134983294,25,Karangpawitan,SRI,10,2019
1513.4,252.57884094816973,252.57884094816976,438.06329034251405,192.0,933.3063774228508,0.0,1765.9788409481698,1563.3696677653647,31.76872845765095,12.787649913185824,0,Karangpawitan,SRI,10,2020
1369.6,214.94233469640747,180.2829982763522,463.2148941502764,192.0,722.6998605529564,0.0,1584.5423346964074,1377.9147547032328,23.792666990022056,-5.0923823847124305,4,Karangpawitan,SRI,10,2021
1451.8,178.43514315131281,178.43514315131281,449.7601732294063,192.0,787.9318503280148,0.0,1630.2351431513127,1429.6920235574212,31.840829743194245,8.064890535082135,0,Karangpawitan,SRI,10,2022
654.0999999999999,500.552368625003,345.5669531123278,573.3843409954817,176.16000000000003,210.31743476716244,0.0,1154.652368625003,959.8617757626441,5.1219582422384144,-28.63061536779788,51,Karangpawitan,SRI,10,2023
1020.9000000000001,339.7258714668241,250.51806637499163,504.71794126343434,188.15999999999997,468.37396957368026,0.0,1360.6258714668243,1161.2519108371146,19.41663425469284,-24.451862705681645,20,Karangpawitan,SRI,10,2024
1525.9,458.5391788637691,331.89058663671324,520.6512939717937,280.0,989.8627368645783,100.0,1984.4391788637693,1790.514030836372,38.036137933155274,6.65140777294412,0,Karangpawitan,FL,11,2015
1914.9000000000003,197.13155901485823,82.43155901485821,427.130292155523,280.0,1192.2331829595146,100.0,2112.0315590148584,1899.3634751150375,40.672139505908426,14.97571394896022,0,Karangpawitan,FL,11,2016
1062.5,350.5751538723627,218.16941933959356,448.57338029591915,280.0,479.5783483710551,100.0,1413.0751538723628,1208.1517286669741,37.19879912741949,-0.9987440093049393,1,Karangpawitan,FL,11,2017
1426.0,404.0161313335762,288.6161313335762,489.8767695211816,280.0,852.2735275432124,100.0,1830.0161313335761,1622.150297064394,38.32354106271584,12.631594208672823,0,Karangpawitan,FL,11,2018
1250.8,454.75653250890844,321.21431971874745,537.741234496915,280.0,686.95369453497,100.0,1705.5565325089083,1504.694929031885,37.83282792067444,6.3181985469533055,0,Karangpawitan,FL,11,2019
1669.8999999999999,232.43613578857918,111.65725583479727,424.88584731151997,280.0,977.6774131164505,100.0,1902.336135788579,1682.5632604279704,39.44057565714437,5.451858484685594,0,Karangpawitan,FL,11,2020
1374.3,317.06499850548414,217.06499850548417,479.6631749048611,280.0,720.4801291222873,100.0,1691.364998505484,1480.1433040271484,41.065817015464184,9.260832885879406,0,Karangpawitan,FL,11,2021
1481.6999999999998,230.44666916593025,114.14666916593022,448.4295715828126,280.0,764.6658136430299,100.0,1712.14666916593,1493.0953852258426,41.1484027397817,8.350163097667647,0,Karangpawitan,FL,11,2022
859.5000000000002,489.7083927298427,324.266795958391,571.575843449273,280.0,301.79026990038744,100.0,1349.208392729843,1153.3661133496603,28.682151119178982,-2.077926741726417,1,Karangpawitan,FL,11,2023
1070.6000000000001,420.65620615501786,307.64606495928945,511.11255249875984,280.0,518.0723504777638,100.0,1491.256206155018,1309.1849029765237,35.58791672687696,-5.110141195728467,5,Karangpawitan,FL,11,2024
1525.9,346.84661854468936,331.89058663671324,504.5642553725393,192.0,991.4192435125597,0.0,1872.7466185446895,1687.983498885099,29.062066195726533,-5.156031907976119,2,Karangpawitan,SRI,11,2015
1914.9000000000003,82.43155901485821,82.43155901485821,412.4143627812888,192.0,1187.7456705573481,0.0,1997.3315590148586,1792.1600333386368,30.728994903725155,1.1056573752081373,0,Karangpawitan,SRI,11,2016
1062.5,230.91869758254478,218.16941933959356,434.1422457887761,191.51999999999998,470.31713328615854,0.0,1293.4186975825448,1095.9793790749345,26.356425402753484,-5.149278242951221,6,Karangpawitan,SRI,11,2017
1426.0,288.61613133357616,288.6161313335762,474.20559927866105,192.0,850.544697785733,0.0,1714.616131333576,1516.750297064394,29.81605002324274,0.0682272440661178,0,Karangpawitan,SRI,11,2018
1250.8,331.9778169565417,321.21431971874745,520.7404898070389,192.0,679.1757236724794,0.0,1582.7778169565418,1391.9162134795183,28.098864769747607,-3.62567655877964,2,Karangpawitan,SRI,11,2019
1669.8999999999999,111.65725583479725,111.65725583479727,411.0740379214434,192.0,968.710342552745,0.0,1781.5572558347972,1571.7843804741883,30.066933774641505,-0.7333480951071829,2,Karangpawitan,SRI,11,2020
1374.3,217.06499850548414,217.06499850548417,463.7304749714299,192.0,734.4128290557187,0.0,1591.364998505484,1390.1433040271486,31.87383313382007,10.086963253345948,0,Karangpawitan,SRI,11,2021
1481.6999999999998,124.72201298906461,114.14666916593022,433.01345837105396,192.0,772.3572706779228,0.0,1606.4220129890643,1397.3707290489767,31.341842907015824,-1.5753438231343795,1,Karangpawitan,SRI,11,2022
859.5000000000002,347.8019828995285,324.266795958391,553.3941907923547,187.2,280.02431275125406,0.0,1207.3019828995289,1020.6185035436088,17.209099313302257,-30.219473989410712,16,Karangpawitan,SRI,11,2023
1070.6000000000001,307.6460649592894,307.64606495928945,495.7100057035001,192.0,512.8549263534542,0.0,1378.2460649592895,1200.5649320569541,28.216343003727115,-3.7037753667863904,3,Karangpawitan,SRI,11,2024
1960.4,304.0330323082176,192.08632777498454,474.16371803835045,280.0,1297.6931046976733,100.0,2264.4330323082177,2051.856822736024,39.16337379376027,4.698378410544291,0,Karangpawitan,FL,12,2015
1695.9,187.26644621557944,87.26644621557944,444.3759644038687,280.0,941.5984982617867,100.0,1883.1664462155795,1665.9744626656554,40.44763783202725,6.1217591720549205,0,Karangpawitan,FL,12,2016
1250.1,289.0313273453609,144.83936342476358,449.88203206286505,280.0,597.5145953336821,100.0,1539.131327345361,1327.396627396547,36.69504320735419,4.43447102276295,0,Karangpawitan,FL,12,2017
1609.8,287.6483650433437,168.5483650433437,466.1257855023729,280.0,941.2884517845396,100.0,1897.4483650433435,1687.4142372869123,41.18509830817998,11.269024866895151,0,Karangpawitan,FL,12,2018
1623.3000000000002,343.7355379996922,232.0355379996922,493.842942229472,280.0,984.5824464893963,100.0,1967.0355379996925,1758.4253887188684,42.150588741221775,14.371121773438526,0,Karangpawitan,FL,12,2019
1585.6,228.20784053555468,128.20784053555465,433.2731459276438,280.0,884.279872822091,100.0,1813.8078405355545,1597.5530187497347,43.05693796082311,32.35431754110293,0,Karangpawitan,FL,12,2020
1566.3000000000002,173.07360538988044,73.07360538988043,466.2873244672594,280.0,773.657247214694,100.0,1739.3736053898806,1519.9445716819534,41.00555437529052,21.188119303925674,0,Karangpawitan,FL,12,2021
1408.5,199.84891856549194,99.84891856549194,456.9408656994052,280.0,683.7805016569538,100.0,1608.3489185654919,1420.721367356359,40.545183473320456,7.327595321728779,0,Karangpawitan,FL,12,2022
1102.1,396.3018394364125,225.53514581884232,534.2613451988448,280.0,488.43326699149003,100.0,1498.4018394364125,1302.6946121903347,32.18630829379106,6.732713864672051,0,Karangpawitan,FL,12,2023
1281.6,183.51531195041053,83.51531195041053,486.04655262965275,280.0,490.5040731546847,100.0,1465.1153119504104,1256.5506257843374,42.06789512536452,7.143565874567522,0,Karangpawitan,FL,12,2024
1960.4,192.0863277749845,192.08632777498454,458.59454422280027,192.0,1299.3155739799904,0.0,2152.4863277749846,1949.9101182027907,30.19846753286277,6.365721198558704,0,Karangpawitan,SRI,12,2015
1695.9,87.26644621557944,87.26644621557944,429.39704336413484,192.0,953.7470623491745,0.0,1783.1664462155795,1575.1441057133093,31.290749572124117,6.952236804014773,0,Karangpawitan,SRI,12,2016
1250.1,168.828944421737,144.83936342476358,434.57862460783144,192.0,588.1087351134047,0.0,1418.928944421737,1214.6873597212361,27.06949512152057,-2.8679041039234234,2,Karangpawitan,SRI,12,2017
1609.8,179.58770825491797,168.5483650433437,450.15762550173474,192.0,941.9965119830374,0.0,1789.387708254918,1584.154137484772,32.066624701123274,-3.539343211574289,1,Karangpawitan,SRI,12,2018
1623.3000000000002,232.03553799969217,232.0355379996922,478.16596608152594,192.0,986.5594226373423,0.0,1855.3355379996924,1656.7253887188683,32.632469628359665,3.5070512608302247,0,Karangpawitan,SRI,12,2019
1585.6,128.20784053555468,128.20784053555465,419.51873871092175,192.0,896.0342800388132,0.0,1713.8078405355545,1507.553018749735,33.55766520758576,21.473934565907392,0,Karangpawitan,SRI,12,2020
1566.3000000000002,73.07360538988043,73.07360538988043,450.4565212039302,192.0,787.4880504780232,0.0,1639.3736053898806,1429.9445716819532,32.11016574000881,18.243260859000618,0,Karangpawitan,SRI,12,2021
1408.5,99.84891856549196,99.84891856549194,442.42590159827733,192.0,687.0568621067664,0.0,1508.3489185654919,1321.4827637050437,30.98767787611091,4.257903929362895,0,Karangpawitan,SRI,12,2022
1102.1,247.0131536147215,225.53514581884232,516.5538687030565,190.56,453.76392455040616,0.0,1349.1131536147213,1160.8777932534626,24.138709887703012,-13.707859422115511,7,Karangpawitan,SRI,12,2023
1281.6,83.51531195041052,83.51531195041053,470.0392462207947,192.0,503.6690396979533,0.0,1365.1153119504104,1165.708285918748,29.27160755469173,-3.1097065256766405,3,Karangpawitan,SRI,12,2024
2031.0000000000002,221.72482221135698,121.72482221135694,450.6216949009407,280.0,1306.933962414199,100.0,2252.724822211357,2037.5556573151398,43.21590704822056,31.81232465194942,0,Balubur Limbangan,FL,1,2016
1275.4,212.41544896033452,72.28013020851941,465.1129547375323,280.0,528.1452229461457,100.0,1487.8154489603346,1273.258177683678,34.35667972167158,6.978074603418437,0,Balubur Limbangan,FL,1,2017
872.3,351.4175079992521,209.30638959357913,477.459106892821,280.0,290.04561452889743,100.0,1223.7175079992521,1047.5047214217184,31.492863535703293,-2.1809782768182067,3,Balubur Limbangan,FL,1,2018
1361.5,285.66896924858554,159.02504630744713,475.69028282778623,280.0,679.238363216224,100.0,1647.1689692485857,1434.9286460440103,39.007629671269626,8.356077058861619,0,Balubur Limbangan,FL,1,2019
1858.1,196.91056549032805,96.91056549032804,477.6609570358984,280.0,1089.3344556975385,100.0,2055.010565490328,1846.9954127334368,41.63309554603731,15.473432996778921,0,Balubur Limbangan,FL,1,2020
1346.0,220.5946469732176,103.99464697321764,437.83887582438945,280.0,646.1562321786449,100.0,1566.5946469732176,1363.9951080030344,39.524153338864686,13.389870876796817,0,Balubur Limbangan,FL,1,2021
1080.5,269.2021763756046,139.6756173999669,489.9098746194784,280.0,362.2995830680675,100.0,1349.7021763756047,1132.2094576875459,37.28585620030528,7.485575727346767,0,Balubur Limbangan,FL,1,2022
1057.3000000000002,264.02196836407836,111.68676113454163,480.39715341419617,280.0,352.52347257777683,100.0,1321.3219683640787,1112.9206259919729,31.74243168232742,-2.193961433026053,1,Balubur Limbangan,FL,1,2023
1222.6,288.9873976792322,188.98739767923217,535.1868726152678,280.0,492.2559731621823,100.0,1511.587397679232,1307.4428457774502,34.11782435788957,-2.78026784931276,2,Balubur Limbangan,FL,1,2024
2031.0000000000002,121.72482221135695,121.72482221135694,435.7408609325073,192.0,1318.9821027923915,0.0,2152.724822211357,1946.7229637248988,33.47205733703838,16.103276279805876,0,Balubur Limbangan,SRI,1,2016
1275.4,82.50729813723922,72.28013020851941,449.3682183235985,192.0,508.2881233652205,0.0,1357.9072981372392,1149.6563416888189,25.57299558535325,-4.833120697611354,3,Balubur Limbangan,SRI,1,2017
872.3,209.30638959357918,209.30638959357913,461.37292933341644,188.64,263.58038381289674,0.0,1081.606389593579,913.5933131463132,24.10450389560002,-10.7967816321068,10,Balubur Limbangan,SRI,1,2018
1361.5,173.1744749620396,159.02504630744713,459.8063565155817,192.0,679.7939174238898,0.0,1534.6744749620395,1331.6002739394714,30.490659139747894,-4.149428654592459,2,Balubur Limbangan,SRI,1,2019
1858.1,96.91056549032803,96.91056549032804,462.12560564920267,192.0,1102.033064467749,0.0,1955.010565490328,1756.1586701169517,31.912834535821677,15.490841314332512,0,Balubur Limbangan,SRI,1,2020
1346.0,103.99464697321764,103.99464697321764,423.05836596192466,192.0,638.1477499685595,0.0,1449.9946469732176,1253.2061159304842,30.371175649477635,-1.556563488319982,3,Balubur Limbangan,SRI,1,2021
1080.5,162.7803418769886,139.6756173999669,473.2161041706282,192.0,370.57151901830156,0.0,1243.2803418769886,1035.7876231889297,29.21098219120835,-3.5085844780723168,2,Balubur Limbangan,SRI,1,2022
1057.3000000000002,139.05177890480905,111.68676113454163,464.5537266458372,192.0,332.12408808847806,0.0,1196.3517789048092,988.6778147343152,22.755084581235916,-5.2704335690464,13,Balubur Limbangan,SRI,1,2023
1222.6,188.98739767923217,188.98739767923217,517.773198106936,192.0,506.0776712223915,0.0,1411.587397679232,1215.8508693293275,28.293380628770812,1.1266913368159823,0,Balubur Limbangan,SRI,1,2024
2036.1,205.93018102548905,65.42626016617226,450.33057466019943,280.0,1329.368883449592,100.0,2242.030181025489,2059.6994581097915,38.998891163346705,-4.763136448764783,7,Balubur Limbangan,FL,2,2015
1761.9,234.73892041525426,134.73892041525426,451.8417797245462,280.0,1071.4137663792385,100.0,1996.6389204152542,1803.2555461037846,42.10532570052567,8.040445612633533,0,Balubur Limbangan,FL,2,2016
903.5,341.1032080311935,203.3606893837478,470.3111116290368,280.0,317.35757644167927,100.0,1244.6032080311934,1067.6686880707161,32.850904135015966,-5.231874871803068,4,Balubur Limbangan,FL,2,2017
774.5,424.9085341577848,196.75762253418438,482.3644421304588,280.0,256.52084559137506,100.0,1199.4085341577847,1018.885287721834,25.03363292245783,-4.528433844953508,9,Balubur Limbangan,FL,2,2018
1236.1,316.5225924307247,166.89542737867828,475.4892528819381,280.0,615.892870600153,100.0,1552.6225924307246,1371.3821234820912,36.32193551499079,-3.2158156093756656,3,Balubur Limbangan,FL,2,2019
1673.6,217.56881660567313,117.5688166056731,461.9052583739996,280.0,935.6694147296998,100.0,1891.168816605673,1677.5746731036993,41.46125885385753,13.790817904970375,0,Balubur Limbangan,FL,2,2020
1096.2,277.7350458513608,116.81433385202341,455.1061526434145,280.0,426.876934676529,100.0,1373.9350458513609,1161.9830873199435,33.45342652807381,-3.3289884546407182,5,Balubur Limbangan,FL,2,2021
1005.4000000000001,306.10835121168196,189.80835121168198,494.58857709419567,280.0,344.41069140290966,100.0,1311.508351211682,1118.9992684971053,36.11466206818177,6.297454716907422,0,Balubur Limbangan,FL,2,2022
999.6999999999999,327.85184400985327,200.11795507697462,488.1400709570544,280.0,388.88485140581713,100.0,1327.551844009853,1157.0249223628716,36.95834797327545,-3.705256811734743,1,Balubur Limbangan,FL,2,2023
1162.5,270.7551253611472,120.49055057364643,519.2891513840216,280.0,461.06330108085984,100.0,1433.2551253611473,1260.3524524648815,33.80002118546666,-5.089999067854206,6,Balubur Limbangan,FL,2,2024
2036.1,65.42626016617227,65.42626016617226,435.29146148034204,188.15999999999997,1328.2037640664525,0.0,2101.526260166172,1951.6552255467946,29.27362954989775,-28.440750558725167,11,Balubur Limbangan,SRI,2,2015
1761.9,134.73892041525426,134.73892041525426,436.6137529259072,192.0,1077.1576591895137,0.0,1896.6389204152542,1705.7714121154208,32.718474014801316,8.864797636270824,0,Balubur Limbangan,SRI,2,2016
903.5,203.36068938374777,203.3606893837478,454.1131847266266,188.64,318.2093255532021,0.0,1106.8606893837477,960.9625102798287,25.670989485558426,-32.64249025228928,8,Balubur Limbangan,SRI,2,2017
774.5,262.2005007777202,196.75762253418438,465.54920822123034,175.67999999999998,242.81138878917216,0.0,1036.7005007777202,884.0405970104025,8.962509761705148,-34.09405364130286,45,Balubur Limbangan,SRI,2,2018
1236.1,178.97695588693324,166.89542737867828,459.5453926051114,190.07999999999998,600.8516489477458,0.0,1415.076955886933,1250.4770415528571,28.172586912733603,-12.239037392997329,6,Balubur Limbangan,SRI,2,2019
1673.6,117.56881660567312,117.5688166056731,446.1542252597877,192.0,947.7841566906741,0.0,1791.168816605673,1585.938381950462,32.22951038302094,14.619621688089481,0,Balubur Limbangan,SRI,2,2020
1096.2,116.8143338520234,116.81433385202341,438.799562011493,186.24,383.52841043783496,0.0,1213.0143338520234,1008.567972449328,22.781241541659423,-24.489405028759226,15,Balubur Limbangan,SRI,2,2021
1005.4000000000001,189.80835121168198,189.80835121168198,477.85016795994335,192.0,325.89944851015116,0.0,1195.2083512116822,995.7496164700945,27.978222732217095,-1.0211722460154968,2,Balubur Limbangan,SRI,2,2022
999.6999999999999,213.71091441645842,200.11795507697462,471.24569020000786,192.0,378.80491917126176,0.0,1213.4109144164584,1042.0506093712697,26.223209171156142,-4.392959339483828,3,Balubur Limbangan,SRI,2,2023
1162.5,150.51962572678102,120.49055057364643,501.65907078095125,184.79999999999998,456.76031546038257,0.0,1313.019625726781,1143.2193862413337,24.61980484691357,-30.029075153134592,16,Balubur Limbangan,SRI,2,2024
1634.1000000000001,265.63635405953005,44.35128787364091,457.3408538378885,280.0,980.5811116947023,100.0,1899.7363540595302,1717.9219655325908,32.10730051961442,-5.199440535316227,7,Balubur Limbangan,FL,3,2015
1628.3000000000002,170.70220129108327,47.74747758952583,437.17635877508786,280.0,889.2933695528225,100.0,1799.0022012910836,1606.4697283279104,36.715456502607594,-3.5547237015574593,1,Balubur Limbangan,FL,3,2016
809.1,357.91523916623777,154.14422853803555,472.2690268116455,280.0,239.79988196129005,100.0,1167.0152391662377,992.0689087729356,29.43805125088571,-5.344335116580112,7,Balubur Limbangan,FL,3,2017
616.0999999999999,442.58860130245455,171.06856700220058,495.0920293936273,280.0,108.1898002473371,100.0,1058.6886013024546,883.2818296409644,23.244102592502294,-5.237317710677604,12,Balubur Limbangan,FL,3,2018
1075.1,361.30924377663115,133.71247322613814,482.7529008488548,280.0,495.14936202764125,100.0,1436.409243776631,1257.902262876496,30.61561962704351,-5.330910240714313,11,Balubur Limbangan,FL,3,2019
1423.5,163.7464123232811,63.746412323281106,450.90303832399525,280.0,666.3592281099055,100.0,1587.2464123232812,1397.2622664339008,38.624080710568755,8.766242444683119,0,Balubur Limbangan,FL,3,2020
1026.9,253.86957295670257,121.83968900695263,464.71064041674913,280.0,347.75755533701863,100.0,1280.7695729567026,1092.4681957537678,29.309693647508,-4.9087970585027865,5,Balubur Limbangan,FL,3,2021
980.4000000000001,291.2308393154216,172.53083931542156,476.36962337925974,280.0,301.6975387977442,100.0,1271.6308393154218,1058.0671621770039,39.398265908367755,12.141420600269097,0,Balubur Limbangan,FL,3,2022
906.3,364.5627567052949,145.9367227531805,482.826011783926,280.0,311.88686525883656,100.0,1270.862756705295,1074.7128770427626,30.10259971850802,-4.137320371516491,9,Balubur Limbangan,FL,3,2023
958.3,239.33624499546002,93.43947217383945,512.2789057082898,280.0,234.7344810107097,100.0,1197.63624499546,1027.0133867189995,26.934432824217417,-4.568040537620596,6,Balubur Limbangan,FL,3,2024
1634.1000000000001,140.80025808025056,44.35128787364091,441.9414069610333,175.2,984.6294659018893,0.0,1774.9002580802508,1601.7708728629225,17.59929566146112,-32.73973080990998,39,Balubur Limbangan,SRI,3,2015
1628.3000000000002,47.74747758952583,47.74747758952583,422.1033847226163,192.0,867.8160925520801,0.0,1676.047477589526,1481.9194772746964,29.49774761584387,2.075062090680442,0,Balubur Limbangan,SRI,3,2016
809.1,217.951555497211,154.14422853803555,455.9742968555922,176.15999999999997,242.2593799343117,0.0,1027.051555497211,874.3936767899038,16.10606788996927,-31.94989351625173,35,Balubur Limbangan,SRI,3,2017
616.0999999999999,336.4758367572133,171.06856700220058,478.06729788998103,169.91999999999996,136.54884339471712,0.0,952.5758367572132,784.536141284698,5.647945177710581,-34.53619742167002,52,Balubur Limbangan,SRI,3,2018
1075.1,229.1447167391809,133.71247322613814,466.51903178100895,178.07999999999998,498.8832815288116,0.0,1304.2447167391808,1143.4823133098207,17.883837973975204,-33.64296091387831,31,Balubur Limbangan,SRI,3,2019
1423.5,63.74641232328111,63.746412323281106,435.45398804437434,192.0,673.1527187937616,0.0,1487.2464123232812,1300.6067068381358,30.77180178639219,5.421802040448033,0,Balubur Limbangan,SRI,3,2020
1026.9,121.83968900695265,121.83968900695263,448.3318538253941,187.2,325.9593491412997,0.0,1148.7396890069526,961.4912029666939,19.776302769684133,-15.026370469177667,18,Balubur Limbangan,SRI,3,2021
980.4000000000001,172.53083931542153,172.53083931542156,459.93235284835873,192.0,294.2164351898783,0.0,1152.9308393154215,946.1487880382371,28.946370709663064,-2.749119326327559,3,Balubur Limbangan,SRI,3,2022
906.3,211.3555384599472,145.9367227531805,465.91179730182756,180.48,287.6221286342226,0.0,1117.6555384599471,934.0139259360501,16.787200941082165,-33.42887883972972,26,Balubur Limbangan,SRI,3,2023
958.3,127.08127089006588,93.43947217383945,494.69010711377734,178.55999999999997,261.2399312933778,0.0,1085.381270890066,934.4900384071551,14.870906301356552,-28.64179871622642,32,Balubur Limbangan,SRI,3,2024
1034.9,392.89377111063885,75.69200479627565,469.99811232409564,280.0,500.2390466295969,100.0,1427.793771110639,1250.2371589536926,23.33859196258589,-4.640505866429898,11,Balubur Limbangan,FL,4,2015
971.3,254.345781507235,77.60533637148491,446.3230044431011,280.0,318.1144071057311,100.0,1225.645781507235,1044.4374115488322,31.60522600399414,-4.771600614039388,9,Balubur Limbangan,FL,4,2016
584.3,453.9081085476135,170.26878698806695,475.276232290655,280.0,103.82027277612562,100.0,1038.2081085476134,859.0965050667807,19.040983887765293,-5.552179718178768,9,Balubur Limbangan,FL,4,2017
433.8,564.4097048182456,151.4401854840411,501.0764581021666,280.0,44.76124241263439,100.0,998.2097048182457,825.837700514801,8.332170939021923,-2.039454122833905,12,Balubur Limbangan,FL,4,2018
682.1999999999999,534.8646550416652,177.39905100271577,493.419005289952,280.0,260.86736489567716,100.0,1217.064655041665,1034.286370185629,22.95131901412461,-4.707472269723277,11,Balubur Limbangan,FL,4,2019
1054.8000000000002,324.4100547622604,127.36228414043325,458.2486545451378,280.0,464.39190019306204,100.0,1379.2100547622606,1202.6405547381999,32.084712945633385,-4.946773395523121,7,Balubur Limbangan,FL,4,2020
816.3,356.28874902920734,152.00319562068307,471.53016746644414,280.0,247.96403536154222,100.0,1172.5887490292073,999.4942028279863,25.932663397176157,-3.946333877333511,6,Balubur Limbangan,FL,4,2021
889.1999999999999,256.85170139583875,129.21945644885886,472.7365760065553,280.0,216.19429858300188,100.0,1146.0517013958388,968.9308745895572,33.46421531792077,-5.432459213327197,4,Balubur Limbangan,FL,4,2022
756.0999999999999,416.9959890805982,149.07150829676362,500.23970989647637,280.0,222.67675986859047,100.0,1173.095989080598,1002.9164697650668,20.532731639793766,-2.4845773007486462,9,Balubur Limbangan,FL,4,2023
727.8,347.4835476117494,166.40752438397328,502.1419601153672,280.0,122.31163433860397,100.0,1075.2835476117493,904.4535944539713,22.98841972330985,-4.0191100902215116,5,Balubur Limbangan,FL,4,2024
1034.9,265.6698347106609,75.69200479627565,453.7117099637361,167.99999999999997,526.9520977913462,0.0,1300.5698347106609,1148.6638077550824,5.6793187167383135,-33.42303009715413,59,Balubur Limbangan,SRI,4,2015
971.3,110.26266835492788,77.60533637148491,431.6096412900007,179.04,307.18041739567127,0.0,1081.5626683549278,917.8300586856719,17.231105835513738,-33.25733198344296,28,Balubur Limbangan,SRI,4,2016
584.3,301.1356959371174,170.26878698806695,459.5437681975312,169.44,116.00198582680761,0.0,885.4356959371173,744.9857540243388,4.216259042639186,-34.1778542292167,58,Balubur Limbangan,SRI,4,2017
433.8,398.8896774035379,151.4401854840411,484.57451088124833,159.35999999999999,44.76124241263439,0.0,832.6896774035379,688.6957532938827,-10.410345593465905,-33.24952149656095,88,Balubur Limbangan,SRI,4,2018
682.1999999999999,373.0341849684162,177.39905100271577,476.50990627204806,167.51999999999998,264.6730364049178,0.0,1055.2341849684162,908.7029426769659,5.839297019051051,-34.129802663170224,57,Balubur Limbangan,SRI,4,2019
1054.8000000000002,158.59564062045274,127.36228414043325,443.3217512246713,181.44,435.4843015291161,0.0,1213.395640620453,1060.2460527537874,19.83104923898299,-32.133356480019486,24,Balubur Limbangan,SRI,4,2020
816.3,197.28210026038496,152.00319562068307,455.98164703863426,181.43999999999997,205.48546707545216,0.0,1013.5821002603849,842.9071141140864,9.298427136599658,-33.06945214000621,34,Balubur Limbangan,SRI,4,2021
889.1999999999999,129.21945644885886,129.21945644885886,457.4104263412136,188.16,203.67146721137942,0.0,1018.4194564488588,849.2418935525931,24.416152836095034,-18.8460462104485,13,Balubur Limbangan,SRI,4,2022
756.0999999999999,277.30554726894593,149.07150829676362,483.8148494734935,172.32,214.46253735170723,0.0,1033.4055472689458,870.5973868252006,6.609153800804899,-34.08079716184729,50,Balubur Limbangan,SRI,4,2023
727.8,197.36325395862966,166.40752438397328,485.4739395296807,171.83999999999997,117.9071621296404,0.0,925.1632539586296,775.2211016593211,6.0653539361913325,-25.95572957465644,49,Balubur Limbangan,SRI,4,2024
634.6999999999999,565.3351390154305,61.47769281263474,496.13271259846726,280.0,239.75728671898906,100.0,1200.0351390154306,1015.8899993174564,9.935444318096843,-5.922880567592504,11,Balubur Limbangan,FL,5,2015
656.6,317.5173892115007,115.32187067782121,449.43920503678214,280.0,71.1219461533955,100.0,974.1173892115007,800.5611511901776,23.823638925244452,-5.246755258768364,10,Balubur Limbangan,FL,5,2016
358.0,609.9723023016954,167.21092788108658,485.7369682107614,280.0,27.954325402552186,100.0,967.9723023016954,793.6912936133136,9.46617535405236,-5.053260793196961,11,Balubur Limbangan,FL,5,2017
208.1,770.5872044888908,245.7909078347231,520.7558335094066,280.0,1.314846151320598,100.0,978.6872044888909,802.0706796607271,7.326895976749949,-6.109778563319822,11,Balubur Limbangan,FL,5,2018
515.9,663.3500882299279,110.20668392040803,526.0126681630604,280.0,193.33375064460614,100.0,1179.2500882299278,999.3464188076666,7.143058850793246,-3.4342273091568725,10,Balubur Limbangan,FL,5,2019
806.4,354.94497352742155,109.86370957993596,464.2961416042413,280.0,243.68312935357744,100.0,1161.3449735274216,987.9792709578187,15.953471922911566,-4.921372389673949,9,Balubur Limbangan,FL,5,2020
637.5,531.5467425591677,232.51974946100165,482.4039884286104,280.0,228.7176179000097,100.0,1169.0467425591678,991.12160632862,23.181659017678083,-5.291843506557987,11,Balubur Limbangan,FL,5,2021
656.4000000000001,380.7161450389985,149.35450001855347,479.6050629650732,280.0,103.62926823605338,100.0,1037.1161450389986,863.2343312011266,20.966003689335768,-5.667147382101241,12,Balubur Limbangan,FL,5,2022
523.0,513.4293542658393,171.24405554833862,505.20469099302727,280.0,74.96869024870975,100.0,1036.4293542658393,860.173381241737,15.673548563348197,-5.116901200508305,10,Balubur Limbangan,FL,5,2023
516.4,526.0832767028475,142.24963833374667,515.0253076236311,280.0,71.517445226187,100.0,1042.4832767028474,866.542752849818,14.709680996895209,-5.783349194085877,9,Balubur Limbangan,FL,5,2024
634.6999999999999,411.17610208746726,61.47769281263474,478.84934028180726,156.95999999999998,239.75728671898906,0.0,1045.8761020874672,875.5666270007962,-9.77406316500694,-34.308983071944695,83,Balubur Limbangan,SRI,5,2015
656.6,179.29243824777953,115.32187067782121,434.8336134922446,176.64,70.41434327601186,0.0,835.8924382477795,681.8879567682565,9.848045396640043,-32.322778320423936,46,Balubur Limbangan,SRI,5,2016
358.0,462.30293645066496,167.21092788108658,469.9452724515092,160.32,27.954325402552186,0.0,820.3029364506649,658.2195978540614,-9.315625970771997,-33.9443036913334,77,Balubur Limbangan,SRI,5,2017
208.1,616.4307841944586,245.7909078347231,503.4931013516282,162.24,1.314846151320598,0.0,824.5307841944586,667.0479475029488,-8.189078978116942,-34.88465725581657,82,Balubur Limbangan,SRI,5,2018
515.9,508.49396644338196,110.20668392040803,507.8567600208366,157.43999999999997,193.33375064460614,0.0,1024.393966443382,858.6305106654427,-10.646465906739445,-34.94928798952509,85,Balubur Limbangan,SRI,5,2019
806.4,204.71124550999482,109.86370957993596,448.8288799714416,170.39999999999998,242.04735369260416,0.0,1011.1112455099948,861.2762336640457,6.458710557519307,-32.688719462479035,50,Balubur Limbangan,SRI,5,2020
637.5,373.5936899905029,232.51974946100165,466.8009847488205,173.76,222.38601399897001,0.0,1011.093689990503,862.9469987477905,6.7194621181475656,-32.02817584922146,48,Balubur Limbangan,SRI,5,2021
656.4000000000001,225.13702917863162,149.35450001855347,464.25430604832815,174.71999999999997,85.5683321957435,0.0,881.5370291786317,724.5426382440717,6.909136562333047,-32.4512974995133,42,Balubur Limbangan,SRI,5,2022
523.0,361.34829363557094,171.24405554833862,488.6924406952595,167.04,85.75202707224963,0.0,884.3482936355709,741.4844677675092,-0.7308856882597189,-33.72907640851771,61,Balubur Limbangan,SRI,5,2023
516.4,360.8812174238607,142.24963833374667,498.4872076579594,169.91999999999996,62.33332096396148,0.0,877.2812174238607,730.7405286219208,-0.9765925016102867,-34.88742569629266,62,Balubur Limbangan,SRI,5,2024
116.1,901.1515601763178,293.0810262183063,549.2045316899805,280.0,10.596535572459745,100.0,1017.2515601763179,839.8010672624403,7.032269103689177,-4.202657820858579,10,Balubur Limbangan,FL,6,2015
563.5,459.58474837312986,192.1249788901379,461.7014675562872,280.0,85.86990833927703,100.0,1023.0847483731299,827.5713758955642,13.802184527601275,-0.9858427228437234,2,Balubur Limbangan,FL,6,2016
169.79999999999998,808.1748146545556,280.29267042340405,523.8842621266917,280.0,1.7780422979375814,100.0,977.9748146545555,805.6623044246293,6.460029089226283,-5.382443111370463,13,Balubur Limbangan,FL,6,2017
128.0,881.2864752191034,311.5910117971103,552.059262296167,280.0,0.0,100.0,1009.2864752191034,832.059262296167,7.444988368480944,-4.120939231625346,11,Balubur Limbangan,FL,6,2018
100.4,932.0975484501057,289.67974162496796,575.4166883114156,280.0,0.0,100.0,1032.4975484501058,855.4166883114156,6.808009814289989,-4.968241295118631,11,Balubur Limbangan,FL,6,2019
448.9,574.3113106490478,188.37725966570304,501.5490128125379,280.0,65.14951312341736,100.0,1023.2113106490477,846.6985259359553,12.011127613195649,-6.636469673471978,11,Balubur Limbangan,FL,6,2020
576.1999999999999,562.7348314564526,223.2018857724572,491.4845600978116,280.0,187.60243382972908,100.0,1138.9348314564527,959.0869939275407,11.257871285024743,-3.729963960414919,12,Balubur Limbangan,FL,6,2021
488.0,466.52611200832854,208.20246460342346,494.3713940909264,280.0,3.1929747119943777,100.0,954.5261120083285,777.5643688029207,14.815237614046284,-5.7789487754246105,6,Balubur Limbangan,FL,6,2022
326.6,732.5955309832934,239.06081141897127,535.1585805860514,280.0,65.00969220441266,100.0,1059.1955309832933,880.168272790464,11.493281828964541,-4.0724597368270805,11,Balubur Limbangan,FL,6,2023
357.29999999999995,706.1953332115538,269.3762481453288,543.6123318037086,280.0,73.13372314277638,100.0,1063.4953332115538,896.746054946485,12.454341820581387,-6.20775648556151,5,Balubur Limbangan,FL,6,2024
116.1,726.0669263895637,293.0810262183063,530.3153976946647,157.92,10.596535572459745,0.0,842.1669263895637,698.8319332671244,-10.853032751356025,-33.3124293395641,90,Balubur Limbangan,SRI,6,2015
563.5,310.015755743864,192.1249788901379,445.78564688207837,170.88,66.3429464558696,0.0,873.515755743864,683.008593337948,-0.3696456180299641,-28.721691805660416,52,Balubur Limbangan,SRI,6,2016
169.79999999999998,656.8230503539838,280.29267042340405,506.1725403029988,158.39999999999998,1.7780422979375814,0.0,826.6230503539838,666.3505826009363,-9.298974495569558,-32.30383874728073,87,Balubur Limbangan,SRI,6,2017
128.0,717.061719045785,311.5910117971103,533.0883886034384,159.35999999999996,0.0,0.0,845.061719045785,692.4483886034384,-9.339729884932112,-34.04358438088719,86,Balubur Limbangan,SRI,6,2018
100.4,757.016509200621,289.67974162496796,555.4279791837123,157.43999999999997,0.0,0.0,857.416509200621,712.8679791837122,-10.99261477230151,-33.229142795002915,90,Balubur Limbangan,SRI,6,2019
448.9,410.5932243541665,188.37725966570304,484.3947706775132,159.35999999999996,61.37040146465125,0.0,859.4932243541665,705.1251721421643,-5.7128239144222865,-32.3984359092656,78,Balubur Limbangan,SRI,6,2020
576.1999999999999,413.92459092506465,223.2018857724572,474.69964001062476,167.03999999999996,187.96838610583103,0.0,990.1245909250646,829.7080261164558,-1.3538355347611712,-30.954245919844677,68,Balubur Limbangan,SRI,6,2021
488.0,334.4629778841567,208.20246460342346,477.2786842866009,171.83999999999997,1.5152589595147994,0.0,822.4629778841568,650.6339432461157,2.098964369269757,-30.504518633580314,59,Balubur Limbangan,SRI,6,2022
326.6,553.2056247037775,239.06081141897127,516.9421629725246,159.83999999999997,61.7340208155938,0.0,879.8056247037775,738.5161837881183,-8.536193532353053,-34.362638563661754,81,Balubur Limbangan,SRI,6,2023
357.29999999999995,535.6637413349404,269.3762481453288,525.0144017632488,166.07999999999998,38.732368387712455,0.0,892.9637413349403,729.8267701509611,-2.889170893176322,-30.50003541913091,73,Balubur Limbangan,SRI,6,2024
96.5,945.3047666745318,310.38777174473904,592.6330306439313,280.0,0.0,100.0,1041.804766674532,872.6330306439313,6.5231624046118775,-7.075250218331943,11,Balubur Limbangan,FL,7,2015
804.6999999999999,474.2764957846691,263.612352743882,460.810594485808,280.0,334.0171946184065,100.0,1278.9764957846692,1074.8277891042144,25.679756479914232,2.8997976000669023,0,Balubur Limbangan,FL,7,2016
375.6,752.9736793525939,283.8259849146885,533.9775669437929,280.0,107.52347727262878,100.0,1128.573679352594,921.5010442164216,12.588526688536579,-1.4395470025422146,1,Balubur Limbangan,FL,7,2017
121.60000000000001,932.5613361873375,295.81602026390203,588.7157641946808,280.0,10.142297989246378,100.0,1054.1613361873374,878.8580621839271,6.656492108821546,-5.191181407343713,11,Balubur Limbangan,FL,7,2018
86.30000000000001,986.8548289977199,332.49469683329704,625.1816966280285,280.0,0.0,100.0,1073.15482899772,905.1816966280285,6.159598258381396,-5.39317112610657,14,Balubur Limbangan,FL,7,2019
481.9000000000001,613.862238311438,249.60020081923852,536.4996025816347,280.0,90.88483431105011,100.0,1095.762238311438,907.3844368926848,11.247403775424713,-2.098650538587652,3,Balubur Limbangan,FL,7,2020
378.1,609.3550162017498,216.36489071289253,519.7124962276216,280.0,2.6253524359349694,100.0,987.4550162017498,802.3378486635565,8.803790971450496,-6.123742619360588,10,Balubur Limbangan,FL,7,2021
563.1999999999999,496.48179770342574,203.0283403902294,506.9340042622592,280.0,53.09909055951678,100.0,1059.6817977034257,840.0330948217759,16.33344978907521,-2.4408823013824597,2,Balubur Limbangan,FL,7,2022
182.29999999999998,861.7625068688993,274.6599412386527,588.286344607578,280.0,4.499283707846363,100.0,1044.0625068688994,872.7856283154244,8.060779904182912,-5.221001879192564,14,Balubur Limbangan,FL,7,2023
333.40000000000003,738.7319929336204,264.133077021467,572.317651596685,280.0,39.948854885900765,100.0,1072.1319929336205,892.2665064825858,12.072532183256511,-4.474797960592803,10,Balubur Limbangan,FL,7,2024
96.5,784.377891434852,310.38777174473904,571.4999011211763,159.35999999999996,0.0,0.0,880.877891434852,730.8599011211763,-10.132183030851541,-34.48821199729257,88,Balubur Limbangan,SRI,7,2015
804.6999999999999,364.3592328568229,263.612352743882,444.42618872350675,183.36,344.6048932124269,0.0,1169.0592328568227,972.3910819359336,10.860674022722304,-28.86141301122436,33,Balubur Limbangan,SRI,7,2016
375.6,636.9047224977021,283.8259849146885,514.1459414694746,170.4,122.25792373376437,0.0,1012.5047224977021,806.803865203239,-0.7340198632794366,-29.29917768935569,62,Balubur Limbangan,SRI,7,2017
121.60000000000001,781.737701443942,295.81602026390203,567.8026544257132,157.44,10.142297989246378,0.0,903.337701443942,735.3849524149596,-10.756265200052086,-35.483037306640355,90,Balubur Limbangan,SRI,7,2018
86.30000000000001,815.9178065197158,332.49469683329704,602.7279910734868,156.95999999999998,0.0,0.0,902.2178065197159,759.6879910734867,-11.083549450914946,-34.17511000821606,92,Balubur Limbangan,SRI,7,2019
481.9000000000001,489.22489806946606,249.60020081923852,516.8174124101199,168.96,93.95198796785803,0.0,971.1248980694661,779.729400377978,-4.158683457832765,-29.613836103553098,73,Balubur Limbangan,SRI,7,2020
378.1,439.8458608240606,216.36489071289253,501.4880348292346,157.92,2.6253524359349694,0.0,817.9458608240607,662.0333872651695,-10.089922349333472,-34.90943054234764,92,Balubur Limbangan,SRI,7,2021
563.1999999999999,365.02073741765514,203.0283403902294,488.37904109975557,173.76,56.059524034724234,0.0,928.2207374176551,718.1985651344798,0.9728175735110974,-29.70546341479664,51,Balubur Limbangan,SRI,7,2022
182.29999999999998,692.9980557013396,274.6599412386527,567.1930563392291,156.0,4.499283707846363,0.0,875.2980557013395,727.6923400470755,-10.148709731371044,-32.98405562777362,91,Balubur Limbangan,SRI,7,2023
333.40000000000003,579.6513778799583,264.133077021467,551.7286382041865,161.27999999999997,40.668174473547815,0.0,913.0513778799584,753.6768126777342,-5.50212865202366,-34.510413464807996,79,Balubur Limbangan,SRI,7,2024
185.5,934.5994200382204,336.5056357363615,625.6502424230015,280.0,21.294767144704977,100.0,1120.0994200382204,926.9450095677065,10.68128984673922,-4.947717612167149,4,Balubur Limbangan,FL,8,2015
1165.8,460.3091360158543,243.37677119213365,460.68521336484116,280.0,672.0348473595276,100.0,1626.1091360158543,1412.7200607243688,33.51468277967364,4.936014954555753,0,Balubur Limbangan,FL,8,2016
516.5999999999999,698.0971185336887,315.5105667427959,552.2193721305395,280.0,172.69525602316247,100.0,1214.6971185336886,1004.9146281537019,17.362797996074214,-4.584779552702158,4,Balubur Limbangan,FL,8,2017
298.6,837.355374252043,348.72372649442394,601.4855984089661,280.0,60.97701926997205,100.0,1135.955374252043,942.4626176789382,10.926363649370597,-1.2052710307475225,5,Balubur Limbangan,FL,8,2018
148.9,957.7758284459139,339.095588974078,663.2192414878955,280.0,0.0,100.0,1106.675828445914,943.2192414878955,7.097752942631408,-5.166005148354857,8,Balubur Limbangan,FL,8,2019
591.4000000000001,589.3224076699298,300.3352184396368,545.5346614331013,280.0,158.61833403947546,100.0,1180.72240766993,984.1529954725768,21.293705245381748,1.0289420206772473,0,Balubur Limbangan,FL,8,2020
644.5999999999999,589.9833002076834,319.8921372415943,537.8520509950168,280.0,202.77350018366417,100.0,1234.5833002076834,1020.625551178681,15.905884226843673,-0.7427285403429753,1,Balubur Limbangan,FL,8,2021
751.8000000000002,524.3329431457354,277.7097845495136,517.6567590976525,280.0,262.1855989154098,100.0,1276.1329431457357,1059.8423580130623,25.33053169356546,1.5194924625634734,0,Balubur Limbangan,FL,8,2022
208.89999999999998,895.5459222527822,295.1352854469589,634.1732328467592,280.0,12.499277109141643,100.0,1104.445922252782,926.6725099559009,6.111003204440345,-7.120674313334405,18,Balubur Limbangan,FL,8,2023
435.99999999999994,741.0712059376367,313.64049382947246,602.6978851348454,280.0,80.77898775686081,100.0,1177.0712059376367,963.4768728917062,13.26658918978395,-3.682089069936741,4,Balubur Limbangan,FL,8,2024
185.5,788.8727416731365,336.5056357363615,602.5082394610164,165.6,18.076125251275567,0.0,974.3727416731365,786.184364712292,-5.0898975097875,-31.160778293586535,79,Balubur Limbangan,SRI,8,2015
1165.8,318.5967176193873,243.37677119213365,445.313017923295,190.56,642.627946811531,0.0,1484.3967176193873,1278.500964734826,20.90738392527166,-10.20618850510525,11,Balubur Limbangan,SRI,8,2016
516.5999999999999,548.1397081839019,315.5105667427959,532.6503794285804,178.56,152.90625528431826,0.0,1064.7397081839017,864.1166347128986,5.822057125904329,-24.667825898257,44,Balubur Limbangan,SRI,8,2017
298.6,704.6594667104011,348.72372649442394,579.6818763104909,167.04000000000002,68.84808834172668,0.0,1003.2594667104012,815.5699646522175,-4.209868512717785,-30.644896304295365,79,Balubur Limbangan,SRI,8,2018
148.9,798.9663351385439,339.095588974078,639.1545403832556,159.35999999999999,0.0,0.0,947.8663351385438,798.5145403832556,-9.608274279203066,-31.81718031956266,91,Balubur Limbangan,SRI,8,2019
591.4000000000001,444.0299965603002,300.3352184396368,525.9017877628393,176.64,135.3969792125103,0.0,1035.4299965603004,837.9387669753496,5.0900051212507575,-25.96611632738622,46,Balubur Limbangan,SRI,8,2020
644.5999999999999,474.28054433645127,319.8921372415943,518.4436542024223,171.36,225.11914110502673,0.0,1118.8805443364513,914.9227953074491,0.3986721212265417,-29.637566756949393,62,Balubur Limbangan,SRI,8,2021
751.8000000000002,392.6766123406826,277.7097845495136,499.6319749264436,178.56,259.99405228156576,0.0,1144.4766123406828,938.1860272080094,7.900791612776129,-25.20385075308236,41,Balubur Limbangan,SRI,8,2022
208.89999999999998,740.1702377325437,295.1352854469589,610.6663025841574,157.92,12.499277109141643,0.0,949.0702377325437,781.085579693299,-10.150410790647127,-34.30518786881033,93,Balubur Limbangan,SRI,8,2023
435.99999999999994,565.8444073592375,313.64049382947246,580.8849450986905,168.0,49.36512921461649,0.0,1001.8444073592375,798.250074313307,-4.644173506574532,-29.211919895447426,75,Balubur Limbangan,SRI,8,2024
581.9,794.3491672290702,356.2798788706618,611.2713584484501,280.0,280.2383761213722,100.0,1376.2491672290703,1171.5097345698223,20.559941090475956,-1.6018009498347796,1,Balubur Limbangan,FL,9,2015
1627.2000000000003,419.0857463757821,259.8555548042848,458.7010052280428,280.0,1094.3052444853113,100.0,2046.2857463757823,1833.006249713354,36.840431159919646,5.458588867583254,0,Balubur Limbangan,FL,9,2016
669.8,600.0873580901078,346.40906219072485,537.7564942039468,280.0,246.33459993557332,100.0,1269.8873580901077,1064.09109413952,28.95026641922878,5.555597579256848,0,Balubur Limbangan,FL,9,2017
549.6,702.702271137241,345.8836696673608,588.4932898387481,280.0,181.65749438885229,100.0,1252.302271137241,1050.1507842276003,18.28923649505174,-0.8036466345696258,2,Balubur Limbangan,FL,9,2018
404.3,805.9532405692687,353.4962170888358,662.3148857868205,280.0,65.83615483909864,100.0,1210.2532405692687,1008.1510406259191,13.004427657344547,-3.095562368615243,6,Balubur Limbangan,FL,9,2019
893.7,511.672602701211,295.80960212415295,533.1515555926999,280.0,386.3277799057181,100.0,1405.372602701211,1199.479335498418,32.29134223493302,5.822323958336688,0,Balubur Limbangan,FL,9,2020
946.6,498.8770123468439,289.34842760518984,530.6555083118615,280.0,423.69200228030394,100.0,1445.4770123468438,1234.3475105921655,23.562287045797888,-1.1032296357308278,1,Balubur Limbangan,FL,9,2021
985.9,473.2764468651813,294.8488807385739,523.7901462917407,280.0,451.47004380117306,100.0,1459.1764468651813,1255.2601900929137,31.933355493758285,4.688820701734423,0,Balubur Limbangan,FL,9,2022
336.2,789.593718187461,340.3501700516119,653.1829349983857,280.0,23.650563159602104,100.0,1125.793718187461,956.8334981579878,12.445583964860417,-1.9739822955431263,3,Balubur Limbangan,FL,9,2023
756.7999999999998,616.702099028252,352.71323818137154,593.8328757904364,280.0,300.74308907317766,100.0,1373.502099028252,1174.575964863614,24.350079618086905,-1.0122237479583456,1,Balubur Limbangan,FL,9,2024
581.9,656.5843675220683,356.2798788706618,589.8111367711881,177.60000000000002,276.33379809163216,0.0,1238.4843675220682,1043.7449348628202,6.390587174561844,-27.179060401896482,49,Balubur Limbangan,SRI,9,2015
1627.2000000000003,294.1840810328923,259.8555548042848,443.9236867513371,192.0,1082.1808976191273,0.0,1921.3840810328925,1718.1045843704644,27.218478654174195,-4.242157865138992,4,Balubur Limbangan,SRI,9,2016
669.8,455.62233349866256,346.40906219072485,520.5589388350173,190.07999999999998,218.85562826196218,0.0,1125.4223334986625,929.4945670969796,19.745072264192387,-6.551633078762137,15,Balubur Limbangan,SRI,9,2017
549.6,568.8476916936557,345.8836696673608,568.6285007154474,180.48,174.67034221587582,0.0,1118.4476916936558,923.7788429313233,6.672336361443085,-24.28107887463093,42,Balubur Limbangan,SRI,9,2018
404.3,669.3070738862361,353.4962170888358,639.0670547339239,166.56,75.04116668836609,0.0,1073.607073886236,880.6682214222899,-4.543174913523758,-30.673811213318864,76,Balubur Limbangan,SRI,9,2019
893.7,379.9791189614044,295.80960212415295,515.5084912456672,191.51999999999998,368.56321886802937,0.0,1273.6791189614046,1075.5917101136965,20.38266805007682,-5.778608672050571,11,Balubur Limbangan,SRI,9,2020
946.6,376.22813456755955,289.34842760518984,512.6211795382834,185.76,423.31745327459777,0.0,1322.8281345675596,1121.6986328128812,13.200592037997064,-24.38491525168715,29,Balubur Limbangan,SRI,9,2021
985.9,317.36982583188774,294.8488807385739,506.6760942822579,189.12,411.8900048175468,0.0,1303.2698258318878,1107.6860990998048,20.606884974575117,-19.82871576834739,12,Balubur Limbangan,SRI,9,2022
336.2,641.4166051236195,340.3501700516119,630.1604667418156,167.51999999999998,22.80078566145271,0.0,977.6166051236196,820.4812524032683,-4.5201906894247195,-27.763607407900846,76,Balubur Limbangan,SRI,9,2023
756.7999999999998,500.1064367346871,352.71323818137154,573.4874801768417,182.88,310.77325623097687,0.0,1256.9064367346868,1067.1407364078186,11.485568864819358,-25.471661958376036,34,Balubur Limbangan,SRI,9,2024
842.7000000000002,663.2170150367288,363.27252315160825,587.5591871325828,280.0,441.0208420214818,100.0,1505.917015036729,1308.5800291540645,28.889977137121708,3.6567686570475466,0,Balubur Limbangan,FL,10,2015
1704.8,284.2876312778322,184.28763127783216,453.78850709751725,280.0,1040.0114929779315,100.0,1989.087631277832,1773.8000000754487,40.55781097249054,12.421696942352277,0,Balubur Limbangan,FL,10,2016
845.6,402.2218567158049,293.9370532811556,513.7132188519088,280.0,265.65592711403315,100.0,1247.8218567158049,1059.369145965942,34.22827670601221,-0.583125648668438,2,Balubur Limbangan,FL,10,2017
746.5999999999999,586.9770297907796,341.97345914495827,563.5287686798729,280.0,290.2090004991903,100.0,1333.5770297907795,1133.7377691790632,27.973219289351775,3.2269201152400617,0,Balubur Limbangan,FL,10,2018
691.3999999999999,663.156472518692,360.6856095158204,628.7589094141238,280.0,249.99913707384476,100.0,1354.5564725186919,1158.7580464879686,23.351910409396798,-1.3306048180700385,2,Balubur Limbangan,FL,10,2019
1230.4,405.91448779838043,295.2144877983805,507.395457540582,280.0,653.2659308867568,100.0,1636.3144877983805,1440.6613884273388,39.78757773247216,13.857956164714544,0,Balubur Limbangan,FL,10,2020
1098.3999999999999,452.9103035472372,261.0226321542297,518.9625920430517,280.0,555.8899334975268,100.0,1551.310303547237,1354.8525255405784,32.283387995153106,4.406685670900769,0,Balubur Limbangan,FL,10,2021
1079.5,372.3905342630542,247.61023890301217,508.75303234183195,280.0,488.3253758443397,100.0,1451.8905342630542,1277.0784081861716,37.44269006679274,-5.580295360042023,3,Balubur Limbangan,FL,10,2022
654.4000000000001,675.5154203859802,361.4924546783173,641.2187315721214,280.0,214.65663524883846,100.0,1329.9154203859803,1135.87536682096,22.319988105116852,-2.3945706503924216,2,Balubur Limbangan,FL,10,2023
972.1,531.7531041323588,274.9793795135201,559.1803366539305,280.0,461.03612193747085,100.0,1503.8531041323588,1300.2164585914013,30.779602793467806,4.1810850681613685,0,Balubur Limbangan,FL,10,2024
842.7000000000002,518.0001721173759,363.27252315160825,569.3162924844205,187.2,414.99709215654786,0.0,1360.700172117376,1171.5133846409685,17.93571003634755,-24.969533176400624,24,Balubur Limbangan,SRI,10,2015
1704.8,184.2876312778322,184.28763127783216,438.83520709532735,192.0,1052.256713926905,0.0,1889.087631277832,1683.0919210222323,32.035628480775365,13.245299828615579,0,Balubur Limbangan,SRI,10,2016
845.6,293.9370532811556,293.9370532811556,497.6152671924244,190.56,266.2491632757949,0.0,1139.5370532811557,954.4244304682193,25.582795258983577,-5.819850009819147,6,Balubur Limbangan,SRI,10,2017
746.5999999999999,433.4715020334745,341.97345914495827,546.1685449729111,189.12,253.28520844698232,0.0,1180.0715020334744,988.5737534198935,17.706055997534747,-9.682867756769651,18,Balubur Limbangan,SRI,10,2018
691.3999999999999,512.975704452182,360.6856095158204,608.3375744367837,178.07999999999998,232.15970398467454,0.0,1204.3757044521817,1018.5772784214582,6.114239629310119,-28.28707685690202,46,Balubur Limbangan,SRI,10,2019
1230.4,295.21448779838045,295.2144877983805,491.8740722130291,192.0,651.1086937158368,0.0,1525.6144877983807,1334.9827659288658,30.13453647916627,3.998966499717371,0,Balubur Limbangan,SRI,10,2020
1098.3999999999999,314.3002930493295,261.0226321542297,502.61833126204135,192.0,527.4654981277071,0.0,1412.7002930493295,1222.0838293897484,22.589593613811843,-5.932044389200069,8,Balubur Limbangan,SRI,10,2021
1079.5,247.6102389030121,247.61023890301217,492.46049979937624,192.0,475.36644246208016,0.0,1327.110238903012,1159.8269422614565,28.871552050985812,-3.534976606298872,3,Balubur Limbangan,SRI,10,2022
654.4000000000001,529.1985184941016,361.4924546783173,620.0874278418055,180.0,195.6097852072082,0.0,1183.5985184941017,995.6972130490137,6.24189489665414,-25.753633959636794,43,Balubur Limbangan,SRI,10,2023
972.1,395.7422091591093,274.9793795135201,541.6290248263658,189.59999999999997,442.97653879178574,0.0,1367.8422091591092,1174.2055636181515,19.916318402799543,-24.528965233255583,20,Balubur Limbangan,SRI,10,2024
1424.7,474.8036998621998,343.3365396386426,529.8832723639171,280.0,895.2984215014585,100.0,1899.5036998622,1705.1816938653756,38.709412352806915,6.331055626738848,0,Balubur Limbangan,FL,11,2015
1619.5,210.16543413121445,99.76543413121445,444.9607405798605,280.0,898.2051672750133,100.0,1829.6654341312144,1623.1659078548737,39.92251112338712,14.834530191405022,0,Balubur Limbangan,FL,11,2016
771.5,357.4827437481941,220.62963244228897,477.6422977557979,280.0,206.01959802773266,100.0,1128.982743748194,963.6618957835306,29.41234539559817,-5.2554318934382565,2,Balubur Limbangan,FL,11,2017
1039.4,410.8568885390204,294.6568885390205,523.4375300090721,280.0,445.3497687155033,100.0,1450.2568885390206,1248.7872987245755,35.33651366314732,9.630765139480793,0,Balubur Limbangan,FL,11,2018
1222.0,516.0656013805219,341.43126962801915,572.2210836985803,280.0,691.6122577660926,100.0,1738.065601380522,1543.833341464673,32.33576741592177,3.340831381321916,0,Balubur Limbangan,FL,11,2019
1465.2,251.24026503525323,138.67681826255256,451.64133214493233,280.0,772.1778093679118,100.0,1716.4402650352533,1503.819141512844,34.305608941035146,4.236553227299329,0,Balubur Limbangan,FL,11,2020
1174.8000000000002,336.9259016405833,236.92590164058325,505.81196534467176,280.0,526.7306221406286,100.0,1511.7259016405835,1312.5425874853004,37.18913889606523,7.587362057212929,0,Balubur Limbangan,FL,11,2021
1176.5,251.91339258283313,133.11339258283314,476.9176663066357,280.0,457.0223029060447,100.0,1428.4133925828332,1213.9399692126804,39.13327059032988,8.302303635886187,0,Balubur Limbangan,FL,11,2022
938.5999999999999,510.8511514317206,342.74730813189956,598.199679840957,280.0,378.20235044702696,100.0,1449.4511514317205,1256.402030287984,29.95192490695341,0.7678147640756645,0,Balubur Limbangan,FL,11,2023
1092.6,431.6160629640334,317.2160629640333,534.8966589469147,280.0,510.3405352475627,100.0,1524.2160629640334,1325.2371941944775,37.10241061096396,2.9866579351362663,0,Balubur Limbangan,FL,11,2024
1424.7,368.95589387762345,343.3365396386426,513.8415878833891,192.0,902.6565770948655,0.0,1793.6558938776234,1608.4981649782546,30.19473105831281,-3.3929565131073436,2,Balubur Limbangan,SRI,11,2015
1619.5,99.76543413121445,99.76543413121445,429.63265664366486,192.0,892.5385059044303,0.0,1719.2654341312145,1514.1711625480953,31.111966795115144,5.265871476638636,0,Balubur Limbangan,SRI,11,2016
771.5,235.2115072872974,220.62963244228897,462.60188758668227,191.51999999999998,174.6424996911334,0.0,1006.7115072872974,828.7643872778157,21.64158504808734,-5.0818748450084374,11,Balubur Limbangan,SRI,11,2017
1039.4,294.6568885390204,294.6568885390205,507.2160727634821,192.0,443.3712259610933,0.0,1334.0568885390205,1142.5872987245752,27.620064996958494,-1.3007274005203833,1,Balubur Limbangan,SRI,11,2018
1222.0,379.95694425547083,341.43126962801915,554.7810699438558,192.0,670.943614395766,0.0,1601.9569442554707,1417.7246843396217,22.224634334621207,-4.973657753468615,6,Balubur Limbangan,SRI,11,2019
1465.2,138.67681826255256,138.67681826255256,437.5906984759662,192.0,771.6649962641771,0.0,1603.8768182625527,1401.2556947401433,27.99260868800823,8.535565626930127,0,Balubur Limbangan,SRI,11,2020
1174.8000000000002,236.92590164058328,236.92590164058325,489.48814762382335,192.0,535.3328324002159,0.0,1411.7259016405835,1216.8209800240393,30.368971914318593,7.2145289950509675,0,Balubur Limbangan,SRI,11,2021
1176.5,146.5527905182757,133.11339258283314,460.8107226865362,192.0,465.7686444615865,0.0,1323.0527905182757,1118.5793671481229,28.435809877592487,-4.239397935442576,4,Balubur Limbangan,SRI,11,2022
938.5999999999999,378.67766265060914,342.74730813189956,579.6597041388438,190.07999999999998,363.64756018064435,0.0,1317.277662650609,1133.3872643194882,20.508526447712313,-13.965308969706939,11,Balubur Limbangan,SRI,11,2023
1092.6,317.2160629640333,317.2160629640333,519.0939187944916,192.0,509.7432753999859,0.0,1409.8160629640333,1220.8371941944774,28.72966091010366,0.9071498592162452,0,Balubur Limbangan,SRI,11,2024
1910.5,298.0118438085642,198.01184380856415,473.53492060743116,280.0,1245.1016487878178,100.0,2208.511843808564,1998.636569395249,39.89985312311325,8.396026014846322,0,Balubur Limbangan,FL,12,2015
1509.8,172.81000692988414,72.81000692988415,457.5502333613797,280.0,732.175609016383,100.0,1682.610006929884,1469.7258423777625,41.81406244404964,15.939873818326344,0,Balubur Limbangan,FL,12,2016
944.0,311.2828104650776,179.109475324168,463.50148157497074,280.0,294.51729151798435,100.0,1255.2828104650775,1038.0187730929551,33.55524624127762,4.196121174160326,0,Balubur Limbangan,FL,12,2017
1210.5,286.32735181288206,167.92735181288202,484.19856165713026,280.0,526.1930088062267,100.0,1496.8273518128822,1290.3915704633569,40.50717119046184,12.031726048916308,0,Balubur Limbangan,FL,12,2018
1536.8999999999996,359.54737945723156,249.34737945723145,511.4053548455996,280.0,906.6537395789007,100.0,1896.4473794572311,1698.0590944245005,39.71743690571534,11.581070856766969,0,Balubur Limbangan,FL,12,2019
1390.1,277.61213363996575,162.91213363996576,440.8409424619265,280.0,738.2368389446033,100.0,1667.7121336399657,1459.0777814065298,41.87870568640277,14.782341428507053,0,Balubur Limbangan,FL,12,2020
1292.8,177.14072226594308,77.14072226594308,476.4227514067808,280.0,495.22496487763857,100.0,1469.9407222659431,1251.6477162844194,39.78659339694858,10.83821785627869,0,Balubur Limbangan,FL,12,2021
1154.5,223.1763454110378,123.17634541103779,473.7287770337374,280.0,408.52365040701795,100.0,1377.6763454110378,1162.2524274407554,40.13460906087015,6.862185554579993,0,Balubur Limbangan,FL,12,2022
1201.0,348.39405283668657,209.46692129002707,548.4836587235897,280.0,531.9409360368946,100.0,1549.3940528366866,1360.4245947604843,35.69119411457856,3.624904236462105,0,Balubur Limbangan,FL,12,2023
1355.9,194.94563230864838,94.9456323086484,497.1997149090532,280.0,569.6685488374716,100.0,1550.8456323086484,1346.868263746525,42.29658641671778,7.9869767378248735,0,Balubur Limbangan,FL,12,2024
1910.5,198.0118438085642,198.01184380856415,458.388298467121,192.0,1257.910701387318,0.0,2108.511843808564,1908.298999854439,31.326554753738254,10.06537229192705,0,Balubur Limbangan,SRI,12,2015
1509.8,72.81000692988414,72.81000692988415,442.1042215883611,192.0,743.9692886906582,0.0,1582.610006929884,1378.0735102790193,32.06681263003251,16.768191899333015,0,Balubur Limbangan,SRI,12,2016
944.0,203.38211793254726,179.109475324168,447.82168870402035,192.0,300.2963918564045,0.0,1147.3821179325473,940.1180805604248,23.986313092506542,-3.1764855210326517,2,Balubur Limbangan,SRI,12,2017
1210.5,167.92735181288202,167.92735181288202,467.97622736718955,192.0,518.7627843617184,0.0,1378.427351812882,1178.7390117289078,30.36351222787094,-4.69433064463732,3,Balubur Limbangan,SRI,12,2018
1536.8999999999996,249.3473794572315,249.34737945723145,495.8478561639164,192.0,905.447202953628,0.0,1786.247379457231,1593.2950591175445,30.58273688341567,3.0654166898682824,0,Balubur Limbangan,SRI,12,2019
1390.1,162.91213363996576,162.91213363996576,427.0606168839704,192.0,733.6472977609255,0.0,1553.0121336399657,1352.707914644896,32.60756259441358,0.9141994341653978,0,Balubur Limbangan,SRI,12,2020
1292.8,77.14072226594308,77.14072226594308,460.14357404774506,192.0,509.5041422366743,0.0,1369.9407222659431,1161.6477162844194,30.66909524599754,9.551958904640575,0,Balubur Limbangan,SRI,12,2021
1154.5,123.17634541103777,123.17634541103779,458.69077762522045,192.0,421.5616498155348,0.0,1277.6763454110378,1072.2524274407551,29.23449315862953,7.699193618396032,0,Balubur Limbangan,SRI,12,2022
1201.0,209.46692129002705,209.46692129002707,530.9063105388939,190.07999999999998,507.9867919174016,0.0,1410.4669212900271,1228.9731024562955,26.88349118526523,-14.972107445493757,5,Balubur Limbangan,SRI,12,2023
1355.9,94.94563230864838,94.9456323086484,480.8358967206528,192.0,581.5364347084126,0.0,1450.8456323086484,1254.3723314290653,30.6813537134155,6.166137345762658,0,Balubur Limbangan,SRI,12,2024
2031.0000000000002,222.84065789119262,122.8406578911926,461.52706892860476,280.0,1298.2583846111645,100.0,2253.8406578911927,2039.7854535397692,43.08908811276032,31.388737912537835,0,Malangbong,FL,1,2016
1816.2000000000003,173.02346003607937,73.02346003607936,467.85344316513476,280.0,1027.169453388235,100.0,1989.2234600360796,1775.0228965533697,41.86794373546017,14.774839538872168,0,Malangbong,FL,1,2017
1626.8999999999999,283.7138474830646,153.4901898353719,479.29158052202365,280.0,976.3808907088381,100.0,1910.6138474830645,1735.672471230862,37.46690368356486,-2.1932894220562646,4,Malangbong,FL,1,2018
2133.0,207.55526438102822,107.5552643810282,475.1793015451259,280.0,1374.2566709198425,100.0,2340.5552643810283,2129.4359724649685,42.79531999653559,10.010892104591772,0,Malangbong,FL,1,2019
2527.7,244.52139894527,144.52139894527,480.1228535384362,280.0,1803.3022592516509,100.0,2772.22139894527,2563.425112790087,43.63159176192704,29.683061344758272,0,Malangbong,FL,1,2020
2972.6,142.92768353969285,42.92768353969283,430.5818607189511,280.0,2201.1664967189577,100.0,3115.5276835396926,2911.7483574379085,43.480688276114336,8.966549082949332,0,Malangbong,FL,1,2021
2034.0,159.6838726490015,45.103079022588624,487.4935343132256,280.0,1208.2573686576561,100.0,2193.6838726490014,1975.7509029708817,41.328689007798445,4.819206373587148,0,Malangbong,FL,1,2022
1755.7,181.3924363275678,64.39243632756776,480.58351869750686,280.0,959.1040033853876,100.0,1937.0924363275678,1719.6875220828945,40.16814613174459,12.056084483607385,0,Malangbong,FL,1,2023
1615.2,330.68366947034656,230.68366947034656,550.1220095687786,280.0,919.7036014367382,100.0,1945.8836694703466,1749.8256110055167,38.49789744923426,6.756100120460554,0,Malangbong,FL,1,2024
2031.0000000000002,122.84065789119259,122.8406578911926,446.3057632162537,192.0,1310.6461099715373,0.0,2153.8406578911927,1948.951873187791,33.41685047814538,15.706892358521644,0,Malangbong,SRI,1,2016
1816.2000000000003,73.02346003607936,73.02346003607936,452.10439216302416,192.0,1040.085154024635,0.0,1889.2234600360796,1684.189546187659,32.683466865566785,11.456031543263869,0,Malangbong,SRI,1,2017
1626.8999999999999,153.4901898353719,153.4901898353719,463.1799420149215,192.0,949.809630087035,0.0,1780.3901898353718,1604.9895721019566,29.426285167402074,-5.592021467681609,5,Malangbong,SRI,1,2018
2133.0,107.5552643810282,107.5552643810282,459.3688273785993,192.0,1387.231588893725,0.0,2240.5552643810283,2038.6004162723243,33.54330844698053,10.833556539199773,0,Malangbong,SRI,1,2019
2527.7,144.52139894527,144.52139894527,464.67861706172687,192.0,1815.911555378954,0.0,2672.22139894527,2472.590172440681,34.1059271081876,23.744699607021506,0,Malangbong,SRI,1,2020
2972.6,42.92768353969283,42.92768353969283,416.17010082761357,192.0,2210.2233471165146,0.0,3015.5276835396926,2818.393447944128,33.7931380394888,9.792622854405279,0,Malangbong,SRI,1,2021
2034.0,45.10307902258863,45.103079022588624,470.80260421063815,192.0,1208.367505133831,0.0,2079.1030790225886,1871.170109344469,31.73329510077447,-3.6768455494590913,1,Malangbong,SRI,1,2022
1755.7,64.39243632756776,64.39243632756776,464.7651273476198,192.0,955.9223947352749,0.0,1820.0924363275678,1612.6875220828947,29.837555961810928,-3.2830846696956586,2,Malangbong,SRI,1,2023
1615.2,230.68366947034656,230.68366947034656,532.5915460250653,192.0,931.041475215608,0.0,1845.8836694703466,1655.6330212406733,31.387192426949248,7.7130478191465786,0,Malangbong,SRI,1,2024
2036.1,202.08591743964405,66.03980172649794,461.67412263106826,280.0,1321.4507426114906,100.0,2238.185917439644,2063.124865242559,39.14263294243645,-4.973656096627179,4,Malangbong,FL,2,2015
1761.9,235.98134724364894,135.98134724364888,463.15451313106223,280.0,1063.2497441113937,100.0,1997.881347243649,1806.404257242456,42.00288895151047,7.985490749434833,0,Malangbong,FL,2,2016
1439.5,219.4847204980765,81.24176901293494,475.43872637739787,280.0,720.4923169491844,100.0,1658.9847204980765,1475.9310433265823,38.67793880276521,-3.246327239357214,3,Malangbong,FL,2,2017
1342.9,307.87972880982386,104.81306326993463,488.4587089074648,280.0,697.3302321049626,100.0,1650.779728809824,1465.7889410124276,32.52081630894166,-4.354686532113957,10,Malangbong,FL,2,2018
1866.5,206.579977870476,75.73566782623796,478.04309909637095,280.0,1133.2809286557895,100.0,2073.079977870476,1891.3240277521604,37.73660635520449,-5.922427981594991,3,Malangbong,FL,2,2019
2326.6,172.231989748025,72.23198974802496,463.76363237290536,280.0,1562.6477439242303,100.0,2498.831989748025,2306.4113762971356,40.46391228091633,10.803681464105292,0,Malangbong,FL,2,2020
2330.2999999999997,187.66663210131773,12.444404734424339,452.18738973633936,280.0,1574.2103094733934,100.0,2517.9666321013174,2306.3976992097328,34.66096366770444,-3.265289122108517,6,Malangbong,FL,2,2021
1763.4,190.3421484088684,90.34214840886843,493.3237083933583,280.0,966.62472175711,100.0,1953.7421484088686,1739.9484301504683,41.382594072786716,7.979403815406343,0,Malangbong,FL,2,2022
1567.5,231.76067486959573,102.56092651569367,491.4682029938914,280.0,849.5373577726309,100.0,1799.2606748695957,1621.0055607665222,38.79455906788759,-3.799748353902062,1,Malangbong,FL,2,2023
1599.6,235.98295112193833,91.0501729955677,531.2099760033905,280.0,852.4046417951653,100.0,1835.5829511219383,1663.6146177985556,35.12388384318272,-5.87487288110145,8,Malangbong,FL,2,2024
2036.1,66.03980172649794,66.03980172649794,446.25322138329625,187.2,1320.608440738771,0.0,2102.139801726498,1954.0616621220672,29.153998166737114,-29.30618433197417,11,Malangbong,SRI,2,2015
1761.9,135.9813472436489,135.98134724364888,447.5461448084323,192.0,1069.3652886125883,0.0,1897.881347243649,1708.9114334210205,32.641579709720475,8.810386880628547,0,Malangbong,SRI,2,2016
1439.5,81.24176901293492,81.24176901293494,459.0266378282244,189.11999999999998,724.0123179818694,0.0,1520.741769012935,1372.1589558100936,29.12985793190157,-30.39710171479421,7,Malangbong,SRI,2,2017
1342.9,170.62934250250973,104.81306326993463,471.3605929493318,180.0,704.1120435448463,0.0,1513.5293425025097,1355.472636494178,17.83471501502355,-34.85422402991685,32,Malangbong,SRI,2,2018
1866.5,75.73566782623794,75.73566782623796,461.9439492811393,190.07999999999998,1132.3520808764338,0.0,1942.235667826238,1784.376030157573,29.41343987665717,-19.691749837090217,5,Malangbong,SRI,2,2019
2326.6,72.23198974802497,72.23198974802496,447.9992691982888,192.0,1564.7839579412093,0.0,2398.831989748025,2204.783227139498,32.16109660911075,9.461855120385604,0,Malangbong,SRI,2,2020
2330.2999999999997,44.766702878474455,12.444404734424339,435.9729913329067,181.92000000000002,1553.104037004005,0.0,2375.066702878474,2170.9970283369116,24.014421371400694,-33.52229814405012,24,Malangbong,SRI,2,2021
1763.4,90.34214840886843,90.34214840886843,476.5424422649602,192.0,981.0562686789682,0.0,1853.7421484088686,1649.5987109439284,31.954629617906914,8.814261203372617,0,Malangbong,SRI,2,2022
1567.5,102.56092651569365,102.56092651569367,474.4722350318285,191.51999999999998,838.2730833523588,0.0,1670.0609265156936,1504.2653183841871,28.391256510455317,-8.785207762837592,4,Malangbong,SRI,2,2023
1599.6,91.05017299556769,91.0501729955677,513.1692935978049,186.23999999999998,849.5009929668888,0.0,1690.6501729955676,1548.9102865646937,26.37446695177272,-32.21770850123694,15,Malangbong,SRI,2,2024
1634.1000000000001,265.17701334080795,45.03286096116096,469.2938919772123,280.0,974.9339289486702,100.0,1899.277013340808,1724.2278209258825,31.924497127645562,-4.491268678016234,9,Malangbong,FL,3,2015
1628.3000000000002,169.64071533713644,48.156660677495346,448.6953708745536,280.0,882.24386530812,100.0,1797.9407153371367,1610.9392361826735,36.14782046182342,-1.4840546596410782,1,Malangbong,FL,3,2016
1152.5,319.4516465760996,100.59592357801944,485.2426746291076,280.0,522.9168202158874,100.0,1471.9516465760996,1288.159494844995,30.984877731165902,-5.357546789914892,6,Malangbong,FL,3,2017
1022.7,350.33948149925834,50.43532423459448,510.75499386798316,280.0,400.5364508621099,100.0,1373.0394814992583,1191.291444730093,22.851081500253553,-4.247295660360978,12,Malangbong,FL,3,2018
1430.3999999999999,314.54398093655675,69.09672658550609,496.73112324711286,280.0,795.652214620459,100.0,1744.9439809365567,1572.3833378675718,32.001087656178186,-5.144891086747573,13,Malangbong,FL,3,2019
2022.0,120.70932180239555,20.709321802395543,455.018287303418,280.0,1217.8171383586375,100.0,2142.7093218023956,1952.8354256620555,40.66420837567042,8.322379094041816,0,Malangbong,FL,3,2020
1811.0000000000002,169.76972321027563,27.230170383960324,465.10898474138594,280.0,1044.807825689943,100.0,1980.769723210276,1789.916810431329,29.405035728515276,-4.714061852982261,4,Malangbong,FL,3,2021
1554.0,159.48768902873786,59.48768902873788,478.41603172932037,280.0,741.2677866497202,100.0,1713.4876890287378,1499.6838183790405,41.4912646523164,12.521855571572004,0,Malangbong,FL,3,2022
1302.0,269.4190563140863,69.74121913265262,494.2597901206977,280.0,617.7102637659518,100.0,1571.4190563140862,1391.9700538866496,28.502263800306412,-5.0179443970814255,12,Malangbong,FL,3,2023
1297.0,221.3201828139899,75.84981081659699,529.923649682758,280.0,540.6805261490383,100.0,1518.32018281399,1350.6041758317963,30.11541245306479,-4.737570071552904,10,Malangbong,FL,3,2024
1634.1000000000001,144.93173356703653,45.03286096116096,453.48316037717234,174.23999999999998,979.1995707798546,0.0,1779.0317335670366,1606.922731157027,17.318472909682466,-33.8173886901222,39,Malangbong,SRI,3,2015
1628.3000000000002,48.156660677495346,48.156660677495346,433.20272817464,192.0,860.2490039789736,0.0,1676.4566606774956,1485.4517321536136,29.121160716784438,0.13106271859290963,0,Malangbong,SRI,3,2016
1152.5,167.8926028147857,100.59592357801944,468.40516091148805,178.07999999999998,518.8706805410698,0.0,1320.3926028147857,1165.3558414525578,17.715384826501342,-33.68375255494884,34,Malangbong,SRI,3,2017
1022.7,211.7458522507485,50.43532423459448,493.0170719051147,171.35999999999996,419.58041329687137,0.0,1234.4458522507484,1083.957485201986,8.134339341013979,-33.79472012806358,49,Malangbong,SRI,3,2018
1430.3999999999999,197.35255190980007,69.09672658550609,479.98755048330815,177.11999999999998,800.4908094282107,0.0,1627.7525519097999,1457.5983599115189,17.980520387184097,-33.41200901065977,33,Malangbong,SRI,3,2019
2022.0,20.709321802395543,20.709321802395543,439.33258255265173,192.0,1224.830675291252,0.0,2042.7093218023956,1856.1632578439037,31.00806966342429,4.994546912193789,0,Malangbong,SRI,3,2020
1811.0000000000002,58.23429424306395,27.230170383960324,448.4683710679751,182.39999999999998,1058.5733671130322,0.0,1869.2342942430641,1689.4417381810072,20.254580825127167,-29.20412385910363,28,Malangbong,SRI,3,2021
1554.0,59.48768902873788,59.48768902873788,461.91623967546093,192.0,754.113740239831,0.0,1613.4876890287378,1408.029979915292,31.641561620933565,12.737951539663182,0,Malangbong,SRI,3,2022
1302.0,131.55695749171838,69.74121913265262,476.93666595985735,180.95999999999998,609.8456009913848,0.0,1433.5569574917183,1267.742266951242,17.506804084576146,-33.86660120418327,27,Malangbong,SRI,3,2023
1297.0,107.26731317789518,75.84981081659699,511.50228286514607,179.99999999999997,572.3951765442368,0.0,1404.2673131778952,1263.897459409383,17.310751343941057,-32.083723285234335,30,Malangbong,SRI,3,2024
1034.9,400.18115127515824,76.4412112938488,481.40969009166827,280.0,497.1294676844591,100.0,1435.0811512751584,1258.5391577761275,22.991818897235163,-4.930006290982913,10,Malangbong,FL,4,2015
971.3,258.2684924017136,78.30048812652863,458.9791645383998,280.0,310.49185085410863,100.0,1229.5684924017137,1049.4710153925084,31.33357645647247,-5.254267511563487,10,Malangbong,FL,4,2016
781.3000000000001,416.50384235296485,107.80598885309033,499.0546970170394,280.0,245.29721345708074,100.0,1197.803842352965,1024.3519104741201,21.81728229526803,-5.227817124375758,14,Malangbong,FL,4,2017
518.7,562.7109543995407,93.01117211106191,532.5706776091212,280.0,91.60267997798596,100.0,1081.4109543995407,904.1733575871071,7.301797853125672,-2.7325840565639723,13,Malangbong,FL,4,2018
941.9,469.5644919199365,83.14375074032637,520.8720324233759,280.0,434.9553646159753,100.0,1411.4644919199363,1235.8273970393511,22.280364601075206,-5.628034492083302,13,Malangbong,FL,4,2019
1354.3,313.19512379318866,93.3351702164894,473.92325934633703,280.0,733.4831738582499,100.0,1667.4951237931887,1487.4064332045868,32.03894624294942,-6.160473488501031,8,Malangbong,FL,4,2020
1121.3,222.5973986071848,46.39737024288912,480.39539633574685,280.0,403.34547825531104,100.0,1343.8973986071846,1163.740874591058,25.15673702659716,-5.663940762676927,5,Malangbong,FL,4,2021
1198.1,171.0038320161765,33.46213841228913,481.7482701435041,280.0,416.97117547606064,100.0,1369.1038320161765,1178.7194456195648,34.49659129010984,-5.310215267773759,4,Malangbong,FL,4,2022
893.0999999999999,410.73980672204675,147.7353543930331,522.6858340708757,280.0,332.17890873168477,100.0,1303.8398067220467,1134.8647428025604,19.917476303519564,-4.800009818502502,11,Malangbong,FL,4,2023
867.8,319.75287518328037,125.96817362454703,528.0816871049403,280.0,209.67253937788058,100.0,1187.5528751832803,1017.754226482821,22.38169700997787,-3.6551622708148876,8,Malangbong,FL,4,2024
1034.9,271.3547373593626,76.4412112938488,464.7170861345105,167.03999999999996,523.9104561408884,0.0,1306.2547373593627,1155.6675422753988,5.313979025838564,-34.05456376837408,60,Malangbong,SRI,4,2015
971.3,111.02790275566214,78.30048812652863,443.8234276591868,179.04,301.9132269889213,0.0,1082.327902755662,924.776654648108,16.099896791839882,-32.72741462913349,29,Malangbong,SRI,4,2016
781.3000000000001,264.1543853319873,107.80598885309033,482.3670243483976,167.51999999999998,250.20528718726482,0.0,1045.4543853319874,900.0923115356624,5.630976314833877,-32.022410972865416,56,Malangbong,SRI,4,2017
518.7,412.08628169254246,93.01117211106191,514.7644867121726,160.79999999999995,91.60267997798596,0.0,930.7862816925425,767.1671666901585,-8.45359187699645,-33.92240635913227,77,Malangbong,SRI,4,2018
941.9,342.46676340371533,83.14375074032637,502.7112056370799,166.55999999999997,446.82151002162084,0.0,1284.3667634037154,1116.0927156587009,5.802929715288174,-33.19822027696354,59,Malangbong,SRI,4,2019
1354.3,160.0665054786989,93.3351702164894,458.3372727156026,180.95999999999998,707.2398030323322,0.0,1514.3665054786989,1346.5370757479348,18.298147221571647,-33.818217972594056,25,Malangbong,SRI,4,2020
1121.3,109.58499525319269,46.39737024288912,464.3938893265106,178.56,428.9309194017372,0.0,1230.8849952531928,1071.8848087282477,10.363145286764057,-31.90611260865049,38,Malangbong,SRI,4,2021
1198.1,33.462138412289136,33.46213841228913,466.1358831118146,187.2,401.62626620676986,0.0,1231.562138412289,1054.9621493185846,25.121075877889652,-17.711677690886088,13,Malangbong,SRI,4,2022
893.0999999999999,276.8077147544005,147.7353543930331,505.2873556679468,170.39999999999998,332.6056160294147,0.0,1169.9077147544003,1008.2929716973615,6.753607781157732,-34.108812579194314,55,Malangbong,SRI,4,2023
867.8,187.9575320143238,125.96817362454703,510.29233176471894,175.19999999999996,225.52950835360093,0.0,1055.7575320143237,911.0218401183198,7.715669337604663,-29.468967065094304,45,Malangbong,SRI,4,2024
634.6999999999999,567.8951693926549,62.068384563177865,507.18133094039047,280.0,238.86954521461803,100.0,1202.595169392655,1026.0508761550086,9.671913332584788,-4.691125462498893,11,Malangbong,FL,5,2015
656.6,323.17759487897285,116.7134427717858,462.56814546453097,280.0,65.06185776228199,100.0,979.7775948789729,807.630003226813,23.31784590843383,-4.98955330879541,10,Malangbong,FL,5,2016
413.0,639.7785131680048,149.32510392560593,521.3059601497074,280.0,71.77713291433126,100.0,1052.7785131680048,873.0830930640386,9.049837296203282,-4.050393467923824,12,Malangbong,FL,5,2017
184.29999999999998,826.5668360204414,240.30431553602418,562.421594798435,280.0,0.0,100.0,1010.8668360204414,842.421594798435,7.035518695828341,-5.300217365538418,11,Malangbong,FL,5,2018
576.1,694.3220876400875,99.39517575992483,561.0903276528375,280.0,250.22054261765328,100.0,1270.4220876400875,1091.3108702704908,7.139566642923469,-4.346205192349364,11,Malangbong,FL,5,2019
928.5,423.02289370347603,120.87845195179015,493.23887755006916,280.0,402.74469252078075,100.0,1351.522893703476,1175.98357007085,17.422829372307856,-5.796796016176765,9,Malangbong,FL,5,2020
638.0999999999999,484.02827639621614,162.1749076512386,502.1583651749461,280.0,164.72326202817158,100.0,1122.128276396216,946.8816272031177,21.579806559905677,-2.557731416145681,11,Malangbong,FL,5,2021
771.9,378.8126492176982,152.37755440018375,496.4371717993448,280.0,206.4441153104204,100.0,1150.712649217698,982.8812871097653,24.852623268535222,-6.173603829015272,8,Malangbong,FL,5,2022
587.5999999999999,539.1080410633026,147.5563541780329,542.0113780430158,280.0,136.11298936122066,100.0,1126.7080410633025,958.1243674042365,13.307524673232635,-3.8055689375925255,11,Malangbong,FL,5,2023
569.8,531.2877184510257,124.79230778838988,553.4761813955047,280.0,101.00250638095838,100.0,1101.0877184510257,934.4786877764631,13.034392453195238,-5.25963085527163,12,Malangbong,FL,5,2024
634.6999999999999,407.88171935858475,62.068384563177865,489.53608249672976,159.83999999999997,238.86954521461803,0.0,1042.5817193585847,888.2456277113478,-8.39999961394021,-32.441801424287675,79,Malangbong,SRI,5,2015
656.6,181.53427347505823,116.7134427717858,447.51754768241074,173.27999999999997,65.22627086952818,0.0,838.1342734750583,686.0238185519389,8.910290307300334,-34.087657159899805,49,Malangbong,SRI,5,2016
413.0,484.02691357013964,149.32510392560593,504.0638130809141,160.32,71.77713291433126,0.0,897.0269135701396,736.1609459952452,-8.223718573688831,-34.991251887195006,80,Malangbong,SRI,5,2017
184.29999999999998,681.8258165765626,240.30431553602418,543.3355564121616,156.0,0.0,0.0,866.1258165765626,699.3355564121616,-12.163600351787101,-35.32327738216068,93,Malangbong,SRI,5,2018
576.1,521.2753493965674,99.39517575992483,541.2995828876564,157.43999999999997,250.22054261765328,0.0,1097.3753493965673,948.9601255053096,-10.157490177638772,-35.26380455740008,86,Malangbong,SRI,5,2019
928.5,251.0486286394133,120.87845195179015,476.5182924506171,169.91999999999996,391.4299574097321,0.0,1179.5486286394132,1037.8682498603491,5.075621761613959,-33.937371916591665,50,Malangbong,SRI,5,2020
638.0999999999999,337.8718154231267,162.1749076512386,485.83854809544806,173.27999999999997,153.69379204987192,0.0,975.9718154231266,812.8123401453199,4.628060087962965,-32.40590873040057,53,Malangbong,SRI,5,2021
771.9,230.51108104376934,152.37755440018375,480.2983296705586,176.64,186.55994187804285,0.0,1002.4110810437693,843.4982715486015,12.209195487742159,-31.661031713645944,42,Malangbong,SRI,5,2022
587.5999999999999,400.42225508839726,147.5563541780329,523.9158313538726,161.27999999999997,152.74784396505092,0.0,988.0222550883972,837.9436753189235,-4.108137735074322,-32.342940983332355,76,Malangbong,SRI,5,2023
569.8,372.92122491777343,124.79230778838988,535.5256387479631,164.15999999999997,95.17841215339921,0.0,942.7212249177734,794.8640509013622,-4.133390077781998,-33.260390309376376,76,Malangbong,SRI,5,2024
116.1,910.1072410233821,295.00940956022237,559.4902216459338,280.0,10.577447614422613,100.0,1026.207241023382,850.0676692603564,6.928248376210312,-4.328535187384667,10,Malangbong,FL,6,2015
563.5,473.41784173060086,193.6379553814033,475.7115742907543,280.0,87.39758824841013,100.0,1036.917841730601,843.1091625391643,14.429801294062175,-2.4233203123510387,1,Malangbong,FL,6,2016
150.89999999999998,879.0654819176913,283.8502081887184,571.6254481821729,280.0,2.6884715996295636,100.0,1029.9654819176912,854.3139197818025,6.407430487864574,-4.946098020323745,12,Malangbong,FL,6,2017
84.80000000000001,972.2662736901148,322.1553822015685,603.0097389917121,280.0,0.0,100.0,1057.0662736901147,883.0097389917121,6.59407150966691,-4.791531904157037,10,Malangbong,FL,6,2018
83.9,990.1148079032146,288.6712931762688,619.8831178835259,280.0,0.0,100.0,1074.0148079032147,899.8831178835259,6.22599970885586,-5.479519337230236,11,Malangbong,FL,6,2019
478.4,652.5565106070865,181.47786100106418,541.0716514606489,280.0,128.1080283244385,100.0,1130.9565106070863,949.1796797850874,11.094776344578813,-4.515303476029163,11,Malangbong,FL,6,2020
426.0,636.661698150428,246.09942611811655,522.2713836988344,280.0,82.37701131313992,100.0,1062.661698150428,884.6483950119743,10.77351528349485,-6.140633468335714,9,Malangbong,FL,6,2021
573.4,465.26407733892574,192.71617216622485,520.4290392712364,280.0,58.896258031118755,100.0,1038.6640773389258,859.3252973023552,16.582092878047277,-6.520263145740176,6,Malangbong,FL,6,2022
280.3,806.6559343578283,247.77251244933754,587.3697361133688,280.0,43.457532310784906,100.0,1086.9559343578283,910.8272684241538,8.08809341673623,-5.040777047093922,11,Malangbong,FL,6,2023
389.9,764.5207266638713,265.29178567874465,593.1605238883121,280.0,107.99793469937413,100.0,1154.4207266638714,981.1584585876863,12.416649221768782,-4.972248595810093,6,Malangbong,FL,6,2024
116.1,734.488956856005,295.00940956022237,540.2995382235657,157.92,10.577447614422613,0.0,850.588956856005,708.7969858379882,-11.092763661784643,-33.71834820258213,90,Malangbong,SRI,6,2015
563.5,310.1195711353686,193.6379553814033,459.31478511869335,170.39999999999998,56.52059879885577,0.0,873.6195711353686,686.235383917549,-1.3949231701362572,-27.684120096167106,55,Malangbong,SRI,6,2016
150.89999999999998,728.7463896128131,283.8502081887184,552.0606312526686,157.91999999999996,2.6884715996295636,0.0,879.6463896128131,712.6691028522981,-9.971939302836468,-34.28881294306964,85,Malangbong,SRI,6,2017
84.80000000000001,802.4374957571416,322.1553822015685,582.1158300379833,157.44,0.0,0.0,887.2374957571417,739.5558300379832,-10.868366510768682,-35.64759652958117,93,Malangbong,SRI,6,2018
83.9,812.0278329131326,288.6712931762688,598.270123167857,156.47999999999996,0.0,0.0,895.9278329131325,754.750123167857,-10.852394230682993,-35.33835485988291,93,Malangbong,SRI,6,2019
478.4,481.98754973009494,181.47786100106418,522.1583318216212,157.43999999999997,130.52361403279144,0.0,960.3875497300949,810.1219458544126,-5.831188936480966,-33.07675697192381,80,Malangbong,SRI,6,2020
426.0,483.71933746520585,246.09942611811655,504.25280087013994,166.55999999999997,83.49346519059804,0.0,909.7193374652059,754.3062660607379,-1.2956822175541478,-32.46118292494995,67,Malangbong,SRI,6,2021
573.4,324.44541910913824,192.71617216622485,502.10424264034316,172.31999999999996,62.977346611242595,0.0,897.8454191091382,737.4015892515857,4.219357964410682,-33.62866480408115,50,Malangbong,SRI,6,2022
280.3,641.1496278313771,247.77251244933754,567.0770069683178,157.43999999999997,43.457532310784906,0.0,921.449627831377,767.9745392791027,-9.876095100756634,-31.85874802884411,86,Malangbong,SRI,6,2023
389.9,583.2652274417268,265.29178567874465,572.6722598838182,162.72,79.79470776063992,0.0,973.1652274417268,815.1869676444582,-7.866428191438661,-35.03484974217882,81,Malangbong,SRI,6,2024
96.5,956.6403852106215,311.8802876130202,605.3602060462081,280.0,0.0,100.0,1053.1403852106214,885.3602060462081,6.600575897297082,-5.695864060031895,11,Malangbong,FL,7,2015
804.6999999999999,477.72961374393344,265.399317968586,474.2435914438344,280.0,325.45001908684304,100.0,1282.4296137439333,1079.6936105306775,25.71305727066458,1.4656218989143532,0,Malangbong,FL,7,2016
277.1,821.0138836345168,294.874434393205,583.0640463071776,280.0,46.35588761814056,100.0,1098.1138836345167,909.4199339253181,10.78039991500738,-0.42308918428309283,1,Malangbong,FL,7,2017
73.9,1026.6141922820525,315.19740313749253,643.6318701265951,280.0,2.401583379232452,100.0,1100.5141922820526,926.0334535058275,6.107697366249178,-5.647859011770189,13,Malangbong,FL,7,2018
54.0,1062.498566540797,346.3976186248491,674.1859724035589,280.0,0.0,100.0,1116.498566540797,954.1859724035589,5.753582105845893,-6.006457347882358,12,Malangbong,FL,7,2019
427.70000000000005,765.5325038365122,255.30929169832106,586.302573820414,280.0,150.55503230161582,100.0,1193.2325038365123,1016.8576061220298,6.952690958162857,-5.9739887123618,12,Malangbong,FL,7,2020
316.5,711.3448297342802,230.16720977367177,557.8275668349349,280.0,6.0953017670170215,100.0,1027.8448297342802,843.922868601952,7.527822966609108,-6.74019885809632,12,Malangbong,FL,7,2021
621.7,489.9075807973456,199.14304367521487,540.7025278617515,280.0,72.07977831065278,100.0,1111.6075807973457,892.7823061724043,18.34999105887671,-3.4723272366344795,2,Malangbong,FL,7,2022
163.89999999999998,942.1326268939188,274.8010018640202,650.8265760931674,280.0,0.4149328066510165,100.0,1106.0326268939189,931.2415088998184,5.90849218368606,-6.019596885691263,12,Malangbong,FL,7,2023
321.5,814.6386738016932,283.48196085165335,629.6077894559915,280.0,51.18679248050186,100.0,1136.1386738016931,960.7945819364933,10.845084210666625,-5.904203469201438,9,Malangbong,FL,7,2024
96.5,787.9840212726107,311.8802876130202,583.8850765125413,158.87999999999997,0.0,0.0,884.4840212726107,742.7650765125413,-10.57894340381871,-34.33672065588718,89,Malangbong,SRI,7,2015
804.6999999999999,361.49817510788796,265.399317968586,457.3752349744582,182.39999999999998,331.1650960472957,0.0,1166.198175107888,970.9403310217539,10.325355783288297,-25.973248190455273,37,Malangbong,SRI,7,2016
277.1,705.5601075582015,294.874434393205,561.3107451505432,169.44,61.48367872017602,0.0,982.6601075582015,792.2344238707193,-3.069899659390507,-29.17518192493368,68,Malangbong,SRI,7,2017
73.9,852.96314532879,315.19740313749253,620.8392812291828,156.48,2.401583379232452,0.0,926.86314532879,779.7208646084152,-11.245176152378187,-35.48433609436283,94,Malangbong,SRI,7,2018
54.0,896.1538734669068,346.3976186248491,650.1849352480215,155.99999999999997,0.0,0.0,950.1538734669068,806.1849352480215,-11.110131828674131,-36.5309595401498,95,Malangbong,SRI,7,2019
427.70000000000005,608.8735813214387,255.30929169832106,564.7326936243277,160.79999999999998,150.55503230161582,0.0,1036.5735813214387,876.0877259259435,-9.1291793101838,-33.17480266614717,89,Malangbong,SRI,7,2020
316.5,565.2412568191672,230.16720977367177,537.9442853751965,161.76,6.0953017670170215,0.0,881.7412568191672,705.7995871422136,-9.140469209820225,-35.05472963431927,83,Malangbong,SRI,7,2021
621.7,350.3474488325267,199.14304367521487,520.7502200636975,172.32,70.15195414388788,0.0,972.0474488325267,763.2221742075853,1.2994233266471702,-32.237872104621914,56,Malangbong,SRI,7,2022
163.89999999999998,768.307011737259,274.8010018640202,627.2837576747751,156.95999999999998,0.4149328066510165,0.0,932.207011737259,784.658690481426,-10.51026497163937,-36.47220445673271,90,Malangbong,SRI,7,2023
321.5,644.9166464808527,283.48196085165335,606.922751259066,164.64,34.379012838298436,0.0,966.4166464808527,805.9417640973644,-4.567982745808212,-36.087760384887865,74,Malangbong,SRI,7,2024
185.5,946.8787588855656,337.77615596169557,640.3375005937877,280.0,20.413464173552207,100.0,1132.3787588855657,940.75096476734,10.64790708782861,-5.219756428829138,4,Malangbong,FL,8,2015
1165.8,464.3466069805822,245.08255828245544,473.4492046594596,280.0,664.8389977736815,100.0,1630.1466069805822,1418.2882024331411,33.36880117810425,4.540365041058968,0,Malangbong,FL,8,2016
465.79999999999995,750.5854432426711,329.56069822012074,599.5582854211824,280.0,131.79372880815254,100.0,1216.385443242671,1011.3520142293349,16.210785307418714,-3.8161797085347486,6,Malangbong,FL,8,2017
202.40000000000003,934.3479247805817,357.16581911245623,654.1623652970352,280.0,7.08771256543838,100.0,1136.7479247805818,941.2500778624735,9.260242252152828,-5.414020205831047,11,Malangbong,FL,8,2018
105.8,1049.6967104162306,353.7927411925344,708.758898364053,280.0,0.0,100.0,1155.4967104162306,988.758898364053,6.603576148890971,-6.318797684745848,9,Malangbong,FL,8,2019
482.0,688.31641518386,321.27017302540764,595.0424205869192,280.0,112.55311665127272,100.0,1170.31641518386,987.5955372381919,16.460342354451175,-1.4628986696155977,1,Malangbong,FL,8,2020
567.3000000000001,695.52979243367,324.44599781154227,578.1899903038247,280.0,193.51216487318362,100.0,1262.82979243367,1051.7021551770083,13.98611285334668,-1.4323207703435807,6,Malangbong,FL,8,2021
923.1,532.1705185534174,275.75709509023335,551.9608911764515,280.0,410.233103452624,100.0,1455.2705185534173,1242.1939946290754,24.692019585545985,1.3901224459772568,0,Malangbong,FL,8,2022
185.9,967.3457003220237,312.1939425645875,696.5551507949954,280.0,4.481273244253227,100.0,1153.2457003220238,981.0364240392486,6.250314805987419,-6.9663544288226396,11,Malangbong,FL,8,2023
429.4,766.5407682586465,312.068444752196,655.6047483583252,280.0,63.01084738611246,100.0,1195.9407682586466,998.6155957444377,12.543631945388096,-5.256833439582932,3,Malangbong,FL,8,2024
185.5,795.0131039895189,337.77615596169557,616.5797463553888,165.6,11.664564830550127,0.0,980.5131039895189,793.844311185939,-5.620994073885032,-34.57974911770131,79,Malangbong,SRI,8,2015
1165.8,322.1299856439398,245.08255828245544,457.67254471703455,190.56,635.3291995314991,0.0,1487.9299856439397,1283.5617442485336,20.56107202622836,-10.889773489606334,12,Malangbong,SRI,8,2016
465.79999999999995,591.5910100386654,329.56069822012074,578.4796667789885,173.76,109.28048769796143,0.0,1057.3910100386654,861.52015447695,1.302011730675851,-27.11389808071867,58,Malangbong,SRI,8,2017
202.40000000000003,779.2601617699938,357.16581911245623,630.6264274188838,162.71999999999997,0.0,0.0,981.6601617699939,793.3464274188839,-7.332302408296949,-30.18474095801118,84,Malangbong,SRI,8,2018
105.8,888.5422151404183,353.7927411925344,683.1220379951553,159.35999999999999,0.0,0.0,994.3422151404183,842.4820379951553,-10.429684742212505,-31.647981023048704,95,Malangbong,SRI,8,2019
482.0,545.7658776150029,321.27017302540764,573.7013933378689,168.95999999999998,98.11547170555816,0.0,1027.7658776150029,840.7768650434272,-0.8304910584118713,-29.384123888045565,65,Malangbong,SRI,8,2020
567.3000000000001,563.325271240529,324.44599781154227,557.1782050543143,168.48,203.8394289295532,0.0,1130.625271240529,929.4976339838674,-1.1772231463165026,-30.429796948845887,67,Malangbong,SRI,8,2021
923.1,389.54836720989186,275.75709509023335,532.7141372674811,183.36,393.4977060180689,0.0,1312.6483672098918,1109.5718432855501,10.901883945179753,-22.38768956464434,33,Malangbong,SRI,8,2022
185.9,806.8686705665281,312.1939425645875,670.7737769986957,160.32,4.481273244253227,0.0,992.768670566528,835.5750502429488,-10.138812060445442,-31.306969755641703,94,Malangbong,SRI,8,2023
429.4,630.277701731311,312.068444752196,631.7110392087668,169.44,61.08183823913714,0.0,1059.6777017313111,862.232877447904,-1.6321957739187853,-33.861322327099366,69,Malangbong,SRI,8,2024
581.9,804.3742041293231,357.4293563763338,626.5982321657838,280.0,275.6181887477157,100.0,1386.2742041293232,1182.2164209134994,19.971229257542472,-2.318314276422152,1,Malangbong,FL,9,2015
1627.2000000000003,422.41773224483353,261.8048241348577,470.7931430881359,280.0,1086.8419077748704,100.0,2049.617732244834,1837.6350508630062,36.710283666955036,4.919967384421735,0,Malangbong,FL,9,2016
860.8999999999999,628.541270736605,363.4922401425504,572.0587501246189,280.0,436.5081920513056,100.0,1489.441270736605,1288.5669421759244,30.335542365372998,5.305544450163758,0,Malangbong,FL,9,2017
474.29999999999995,792.6586988912395,360.2861779371739,632.676493715272,280.0,156.69951497983777,100.0,1266.9586988912395,1069.3760086951097,16.04113690153355,-5.122557845389374,4,Malangbong,FL,9,2018
348.2,886.4234272892231,367.8750934948051,702.4180411809702,280.0,55.36764293188911,100.0,1234.6234272892232,1037.7856841128594,12.83733669180512,-4.836594696220366,4,Malangbong,FL,9,2019
1119.1,587.8219239130353,313.7252876281262,571.7147432362938,280.0,649.6624605754406,100.0,1706.9219239130352,1501.3772038117345,28.643888258630394,5.560950058115552,0,Malangbong,FL,9,2020
1093.9,596.9802675351443,308.7417313836353,562.6474056675918,280.0,641.2755706592151,100.0,1690.8802675351444,1483.9229763268067,23.425126560875437,-1.1554233243983196,1,Malangbong,FL,9,2021
1230.8000000000002,486.20131841610345,302.4640704700057,551.9135396347885,280.0,678.935755697383,100.0,1717.0013184161037,1510.8492953321716,33.30662161065008,5.4690802121927815,0,Malangbong,FL,9,2022
305.69999999999993,860.4424130143547,357.4378770887939,711.877180353003,280.0,11.3348583667145,100.0,1166.1424130143546,1003.2120387197175,10.877633034976405,-5.701159559222577,5,Malangbong,FL,9,2023
921.6,649.090233697573,358.9193549685651,636.9468197691021,280.0,455.4318565352539,100.0,1570.6902336975731,1372.378676304356,24.75641140979178,0.1030777968972929,0,Malangbong,FL,9,2024
581.9,660.3186757585291,357.4293563763338,604.4486303489368,177.12,266.59226219376876,0.0,1242.2186757585291,1048.1608925427056,5.854709732224481,-27.770905719619968,49,Malangbong,SRI,9,2015
1627.2000000000003,297.39163455638266,261.8048241348577,455.6566166205704,192.0,1074.952336553985,0.0,1924.5916345563828,1722.6089531745556,27.087841999667816,-4.390761612965931,7,Malangbong,SRI,9,2016
860.8999999999999,481.9515582753246,363.4922401425504,554.0002885691008,189.12,408.8569411455432,0.0,1342.8515582753244,1151.977229714644,16.807910444188202,-14.650119371283617,17,Malangbong,SRI,9,2017
474.29999999999995,637.6441245055553,360.2861779371739,611.2956071346828,175.2,135.3449151171802,0.0,1111.9441245055552,921.840522251863,2.9163253158283773,-30.01387819490621,54,Malangbong,SRI,9,2018
348.2,743.9147130670717,367.8750934948051,677.8278215668117,166.07999999999998,60.532641446773326,0.0,1092.1147130670718,904.440463013585,-3.8587689979256345,-28.655112327943886,75,Malangbong,SRI,9,2019
1119.1,454.76441804154524,313.7252876281262,552.7848100034216,186.72,638.3334065362683,0.0,1573.8644180415452,1377.83821653969,13.730606158269087,-24.742454190146802,25,Malangbong,SRI,9,2020
1093.9,472.0741962972953,308.7417313836353,543.7066017441712,180.96,644.3503033447869,0.0,1565.9741962972953,1369.016905088958,10.406790271588937,-29.11572790441688,41,Malangbong,SRI,9,2021
1230.8000000000002,328.6421461341927,302.4640704700057,534.0353732760564,189.12,640.1347497742046,0.0,1559.4421461341929,1363.290123050261,22.975057964014113,-15.572757405601127,11,Malangbong,SRI,9,2022
305.69999999999993,710.626720466146,357.4378770887939,687.0735687613578,170.88,21.44644907909094,0.0,1016.326720466146,879.4000178404488,-3.121436097546235,-29.747574761658402,73,Malangbong,SRI,9,2023
921.6,515.3662391777564,358.9193549685651,615.3759029523578,179.52,453.75877883218163,0.0,1436.9662391777565,1248.6546817845394,9.30642497239961,-30.862279306686226,40,Malangbong,SRI,9,2024
842.7000000000002,663.5274932159101,364.98016614996425,603.8587195591658,280.0,427.4157240723113,100.0,1506.2274932159103,1311.2744436314772,28.21205112501514,4.659980235861883,0,Malangbong,FL,10,2015
1841.9,285.78974329502046,185.78974329502043,463.5102059973106,280.0,1169.4090776863934,100.0,2127.6897432950204,1912.919283683704,42.25085073739359,22.170647814936657,0,Malangbong,FL,10,2016
1193.0,424.1358452322018,309.7049072566413,534.6789159398903,280.0,602.3835119940447,100.0,1617.1358452322017,1417.062427933935,33.64170690286915,5.169062024439504,0,Malangbong,FL,10,2017
868.8,637.5754457902182,362.5656804199708,595.4060412530141,280.0,434.3876805488958,100.0,1506.3754457902182,1309.79372180191,27.057622635617612,3.5973693661215886,0,Malangbong,FL,10,2018
788.7,718.5339757930979,372.03051794187536,659.422804627461,280.0,375.6466955508958,100.0,1507.233975793098,1315.0695001783567,23.988790151598945,-1.2899224802978049,1,Malangbong,FL,10,2019
1775.2999999999997,477.4196198977308,335.6716779679062,533.7778930393534,280.0,1241.5844627450986,100.0,2252.7196198977304,2055.362355784452,37.31410046382736,4.448731570936828,0,Malangbong,FL,10,2020
1503.8000000000004,515.8224118186273,292.7970159028231,538.3614784659537,280.0,996.6523513373692,100.0,2019.6224118186278,1815.013829803323,33.12416749433112,4.898620901167877,0,Malangbong,FL,10,2021
1542.1999999999998,361.14403792531414,261.14403792531414,527.3926545806132,280.0,891.3371350836932,100.0,1903.3440379253138,1698.7297896643063,41.637980958521226,9.414399218130423,0,Malangbong,FL,10,2022
644.7,712.5466395369012,373.47649549240253,690.4931340057772,280.0,195.33761241884756,100.0,1357.2466395369013,1165.8307464246247,19.41010727331053,0.9642174136672406,0,Malangbong,FL,10,2023
1429.1,549.3335244948344,279.19766110447966,585.4171004016914,280.0,914.0717529435285,100.0,1978.4335244948343,1779.48885334522,32.351801908617915,4.549289996291952,0,Malangbong,FL,10,2024
842.7000000000002,525.53472864134,364.98016614996425,585.0918829229033,187.2,407.71384390156607,0.0,1368.23472864134,1180.0057268244695,17.649706157749034,-26.027754743479314,24,Malangbong,SRI,10,2015
1841.9,185.78974329502043,185.78974329502043,448.20357644698214,192.0,1182.715707236722,0.0,2027.6897432950204,1822.9192836837042,33.007089942211444,17.707395202968247,0,Malangbong,SRI,10,2016
1193.0,309.70490725664126,309.7049072566413,518.271015118933,192.0,602.3604748394414,0.0,1502.7049072566413,1312.6314899583745,24.81015215330643,1.1568887422332121,0,Malangbong,SRI,10,2017
868.8,506.49231391563984,362.5656804199708,577.1996125738519,186.24,424.3567932241427,0.0,1375.2923139156399,1187.7964057979946,16.65359768990157,-24.01314102148144,25,Malangbong,SRI,10,2018
788.7,570.5538805939426,372.03051794187536,638.0489145138058,177.12,361.92049046539574,0.0,1359.2538805939425,1177.0894049792016,7.556981262642902,-24.125787002947725,45,Malangbong,SRI,10,2019
1775.2999999999997,358.41690766259376,335.6716779679062,517.7675881838038,192.0,1236.5920553655108,0.0,2133.7169076625933,1946.3596435493146,26.645735757078082,-2.890017383793148,4,Malangbong,SRI,10,2020
1503.8000000000004,363.1853033043771,292.7970159028231,521.7777719304197,188.15999999999997,962.4389493586527,0.0,1866.9853033043776,1672.3767212890725,22.135822478022618,-17.895110072045895,17,Malangbong,SRI,10,2021
1542.1999999999998,261.14403792531414,261.14403792531414,510.7375523611636,192.0,905.9922373031427,0.0,1803.3440379253138,1608.7297896643063,31.95050798330087,10.256830909040023,0,Malangbong,SRI,10,2022
644.7,574.9378806096404,373.47649549240253,667.9654916532232,174.24,196.01649584414048,0.0,1219.6378806096404,1038.2219874973637,3.5091382402731273,-28.227320323250492,52,Malangbong,SRI,10,2023
1429.1,380.2793844326868,279.19766110447966,567.5722314860825,186.72,866.1424817969901,0.0,1809.3793844326867,1620.4347132830726,16.825723964581766,-23.498313404250943,23,Malangbong,SRI,10,2024
1424.7,478.87232187170406,347.200064979677,545.6734237628006,280.0,885.9034579911776,100.0,1903.5723218717042,1711.5768817539781,38.43477524866952,6.0946151700985185,0,Malangbong,FL,11,2015
1950.8000000000002,210.95702970264173,100.55702970264171,449.46360429288393,280.0,1212.981626924982,100.0,2161.757029702642,1942.445231217866,41.76286867362155,14.747048085667803,0,Malangbong,FL,11,2016
1425.7,372.60530576939647,229.81438485559983,486.2330807309072,280.0,828.6350772189971,100.0,1798.3053057693965,1594.8681579499043,38.278216253095195,6.909234523749499,0,Malangbong,FL,11,2017
1434.7,462.06933296391657,333.7030076787363,539.7564593362358,280.0,881.099703978153,100.0,1896.7693329639167,1700.8561633143888,36.690558822538925,4.28391793550786,0,Malangbong,FL,11,2018
1464.2,561.5623307820639,353.1671228240779,593.6262303839782,280.0,961.3297860262082,100.0,2025.762330782064,1834.9560164101863,33.54251269968953,3.821838639611437,0,Malangbong,FL,11,2019
2547.3999999999996,293.57768223655023,168.00624207794598,462.6094018604425,280.0,1889.0081680399016,100.0,2840.9776822365498,2631.6175699003443,36.953903547187224,4.690953118099025,0,Malangbong,FL,11,2020
1858.6999999999998,384.0959374152346,273.8959374152346,512.3053920905098,280.0,1248.8065775365494,100.0,2242.795937415234,2041.1119696270594,42.87929727089235,14.549308749843238,0,Malangbong,FL,11,2021
1813.6999999999998,253.07813346598806,134.37813346598804,484.01901697033975,280.0,1090.50909381471,100.0,2066.778133465988,1854.5281107850496,41.92750659708861,8.961037260350064,0,Malangbong,FL,11,2022
1183.9,535.3973087671161,349.47532807840594,629.4421917412703,280.0,619.5365488302947,100.0,1719.2973087671162,1528.9787405715651,28.966467569809986,-2.4335000086750886,1,Malangbong,FL,11,2023
1818.6,439.3432528931133,324.6432528931132,544.488251697051,280.0,1239.8101537518646,100.0,2257.9432528931134,2064.2984054489157,41.50586770158886,14.204871164823402,0,Malangbong,FL,11,2024
1424.7,373.1597807932454,347.200064979677,529.2137390554163,192.0,893.8138343341052,0.0,1797.8597807932454,1615.0275733895214,30.008841367617464,-3.4742335003977547,2,Malangbong,SRI,11,2015
1950.8000000000002,100.55702970264173,100.55702970264171,434.00863600567766,192.0,1215.2020975898527,0.0,2051.3570297026417,1841.2107335955302,32.52663433808506,5.179255530364161,0,Malangbong,SRI,11,2016
1425.7,256.25311843361624,229.81438485559983,471.171711217501,191.51999999999998,824.1375583805192,0.0,1681.9531184336163,1486.8292695980203,28.25009412635907,-5.3423219013506085,4,Malangbong,SRI,11,2017
1434.7,343.8320827080569,333.7030076787363,523.3826654261433,192.0,875.7709503638517,0.0,1778.5320827080568,1591.153615789995,28.578508564741288,-2.180484285341678,2,Malangbong,SRI,11,2018
1464.2,408.1702942821788,353.1671228240779,575.7090752564029,190.07999999999998,925.7749046538981,0.0,1872.3702942821787,1691.563979910301,21.211620547983177,-9.922763672413598,18,Malangbong,SRI,11,2019
2547.3999999999996,168.006242077946,168.00624207794598,448.517249566009,192.0,1875.528880175731,0.0,2715.4062420779455,2516.04612974174,28.500078195834217,2.871059203468654,0,Malangbong,SRI,11,2020
1858.6999999999998,273.8959374152346,273.8959374152346,496.1554934485136,192.0,1252.7564761785454,0.0,2132.5959374152344,1940.911969627059,33.073491107187934,5.1834740097457805,0,Malangbong,SRI,11,2021
1813.6999999999998,147.0640763836376,134.37813346598804,467.86158190284505,192.0,1098.652471799854,0.0,1960.7640763836375,1758.5140537026991,32.03812625747024,-4.4859429176495675,1,Malangbong,SRI,11,2022
1183.9,385.41483482559886,349.47532807840594,610.074457872496,186.72,592.2018087575517,0.0,1569.314834825599,1388.9962666300478,16.391846797339248,-29.458243308996163,22,Malangbong,SRI,11,2023
1818.6,324.6432528931133,324.6432528931132,528.9100021943277,192.0,1238.688403254588,0.0,2143.243252893113,1959.5984054489156,32.251581956389664,0.3424466978449523,0,Malangbong,SRI,11,2024
1910.5,300.0237477053477,200.02374770534772,485.4975832034158,280.0,1236.5635535340534,100.0,2210.523747705348,2002.0611367374693,39.78360016188634,8.185971615132459,0,Malangbong,FL,12,2015
1943.3000000000002,173.70675326419928,73.70675326419926,462.7138926408401,280.0,1161.3210463992232,100.0,2117.0067532641997,1904.0349390400634,42.70786398163101,15.888489040740863,0,Malangbong,FL,12,2016
1793.1,281.90063707873696,152.00257345271802,464.3138168918524,280.0,1114.41736832928,100.0,2075.000637078737,1858.7311852211324,39.410873718066185,6.310108765229482,0,Malangbong,FL,12,2017
1745.5,326.48134576096027,208.88134576096022,491.05665126580334,280.0,1092.7268606306352,100.0,2071.9813457609603,1863.7835118964385,42.52090943263078,10.037540584808028,0,Malangbong,FL,12,2018
2118.3,408.6938565633174,291.6938565633174,521.333299750534,280.0,1525.5434875446708,100.0,2526.9938565633174,2326.876787295205,41.49349557058364,12.036624752290486,0,Malangbong,FL,12,2019
2823.3999999999996,266.58890988747714,166.58890988747712,440.75254611657505,280.0,2157.595676336944,100.0,3089.988909887477,2878.348222453519,44.191840953759296,31.805137484393043,0,Malangbong,FL,12,2020
2207.9000000000005,156.18398030442995,56.183980304429944,475.94741999487394,280.0,1390.5133752213706,100.0,2364.0839803044305,2146.4607952162446,43.49913038267228,26.47807769179113,0,Malangbong,FL,12,2021
1849.0,176.829908947295,76.82990894729501,476.37484319541994,280.0,1056.8545170744155,100.0,2025.829908947295,1813.2293602698355,41.094547925281844,12.848588204571524,0,Malangbong,FL,12,2022
1550.1,401.50466456690737,237.31012557694717,566.0905116537859,280.0,914.8613368800967,100.0,1951.6046645669073,1760.9518485338826,35.192306240313904,4.862694138271617,0,Malangbong,FL,12,2023
2209.7,215.4612065745166,115.46120657451658,487.87242403435573,280.0,1447.192092911742,100.0,2425.1612065745167,2215.0645169460977,44.01879076750716,17.612482388577334,0,Malangbong,FL,12,2024
1910.5,200.02374770534772,200.02374770534772,469.99602510975063,192.0,1249.6524245771902,0.0,2110.523747705348,1911.648449686941,31.215434561553856,9.85739763874501,0,Malangbong,SRI,12,2015
1943.3000000000002,73.70675326419926,73.70675326419926,447.26264147897416,192.0,1173.9383574047113,0.0,2017.0067532641995,1813.2009988836853,33.29283419377229,16.717315881921646,0,Malangbong,SRI,12,2016
1793.1,163.82499881128882,152.00257345271802,448.7520203173415,192.0,1109.9035266363426,0.0,1956.9249988112888,1750.655546953684,29.952248859756388,-3.1224253585707737,4,Malangbong,SRI,12,2017
1745.5,219.46369837053055,208.88134576096022,475.0193239028839,192.0,1098.910565380173,0.0,1964.9636983705304,1765.929889283057,32.793717947604264,-2.482352609570317,1,Malangbong,SRI,12,2018
2118.3,291.6938565633174,291.6938565633174,505.7056385273445,192.0,1522.1711487678604,0.0,2409.9938565633174,2219.876787295205,31.641434792862043,-3.2766091561480337,2,Malangbong,SRI,12,2019
2823.3999999999996,166.58890988747712,166.58890988747712,427.2882892994427,192.0,2169.059933154077,0.0,2989.988909887477,2788.3482224535196,34.33644144319018,26.60437893974646,0,Malangbong,SRI,12,2020
2207.9000000000005,56.183980304429944,56.183980304429944,459.7777307904149,192.0,1404.6830644258293,0.0,2264.0839803044305,2056.460795216244,33.70913522820783,21.90934346361974,0,Malangbong,SRI,12,2021
1849.0,76.82990894729501,76.82990894729501,461.42958285972384,192.0,1067.7970060956943,0.0,1925.829908947295,1721.2265889554183,31.797230284382444,7.1321761403155515,0,Malangbong,SRI,12,2022
1550.1,259.91293854563077,237.31012557694717,548.2324920186737,190.56,888.0465281401106,0.0,1810.0129385456307,1626.8390201587845,26.453998003365083,-9.764823179411298,7,Malangbong,SRI,12,2023
2209.7,115.46120657451658,115.46120657451658,472.08586910172005,192.0,1460.9786478443777,0.0,2325.161206574516,2125.0645169460977,34.09900011599464,18.44305186987855,0,Malangbong,SRI,12,2024
2031.0000000000002,222.55693579738045,122.55693579738043,460.55575710139294,280.0,1298.6667673142792,100.0,2253.556935797381,2039.222524415672,43.09840451537464,31.355559072080037,0,Kadungora,FL,1,2016
1253.6,208.64247656395133,72.84702100459081,481.9821695201785,280.0,519.0862816764727,100.0,1462.2424765639512,1281.0684511966513,31.347283733018756,-1.58264062292662,1,Kadungora,FL,1,2017
984.1999999999999,373.08740235674315,210.73483290054605,494.5726855634579,280.0,407.6664693841187,100.0,1357.287402356743,1182.2391549475767,32.63203502123807,-3.8389418588857587,7,Kadungora,FL,1,2018
1272.6,275.3900285964908,165.0900285964908,496.96909226163814,280.0,575.2701662512728,100.0,1547.9900285964907,1352.239258512911,38.95317351752487,8.954007390900717,0,Kadungora,FL,1,2019
1769.9,204.19066376166472,104.19066376166475,501.07566264221487,280.0,987.3025290787077,100.0,1974.090663761665,1768.3781917209226,41.69216982534216,12.681464326045518,0,Kadungora,FL,1,2020
1277.5,227.96298672293557,101.7766572329759,459.71645706926074,280.0,582.5252975766754,100.0,1505.4629867229355,1322.241754645936,39.29272877287928,-1.5863294899596916,1,Kadungora,FL,1,2021
1163.5,247.58981802184104,115.62790790570051,516.0324128087773,280.0,411.59212566816825,100.0,1411.089818021841,1207.6245384769454,36.53985269645366,4.838089883859534,0,Kadungora,FL,1,2022
1207.8999999999999,234.77840505679274,111.51510185623987,497.4325354653802,280.0,448.7400338544743,100.0,1442.6784050567926,1226.1725693198546,34.49415745291193,4.625553333382592,0,Kadungora,FL,1,2023
1021.2,359.0182750830465,237.30659965831802,562.4274399845781,280.0,370.1032367486732,100.0,1380.2182750830466,1212.5306767332513,31.037243678281094,-3.890778913583646,5,Kadungora,FL,1,2024
2031.0000000000002,122.55693579738045,122.55693579738043,445.3381785654839,192.0,1311.0509172140667,0.0,2153.556935797381,1948.3890957795506,33.419402520536565,15.675844269285903,0,Kadungora,SRI,1,2016
1253.6,95.1776733844446,72.84702100459081,465.5807982525968,192.0,497.8275252126962,0.0,1348.7776733844446,1155.408323465293,24.383222316300124,-3.797074236633042,3,Kadungora,SRI,1,2017
984.1999999999999,220.95150670367292,210.73483290054605,477.92866503659224,186.23999999999995,391.92300436812724,0.0,1205.1515067036728,1056.0916694047194,23.676567604443655,-33.45631056224733,14,Kadungora,SRI,1,2018
1272.6,165.0900285964908,165.0900285964908,480.3198413938946,192.0,570.4551989026368,0.0,1437.6900285964907,1242.7750402965314,30.41907037736299,2.0009974167333784,0,Kadungora,SRI,1,2019
1769.9,104.19066376166472,104.19066376166475,484.6764944236247,192.0,1000.8611632892515,0.0,1874.090663761665,1677.5376577128764,32.74112779986523,15.155905273312394,0,Kadungora,SRI,1,2020
1277.5,101.7766572329759,101.7766572329759,444.13509865898624,192.0,566.0806416028024,0.0,1379.2766572329758,1202.2157402617886,30.22222430823346,-2.6214834325407894,1,Kadungora,SRI,1,2021
1163.5,126.10150397766074,115.62790790570051,498.5025131779587,192.0,394.4948285753526,0.0,1289.6015039776607,1084.9973417533113,28.37212239417181,-4.681496520112249,3,Kadungora,SRI,1,2022
1207.8999999999999,111.51510185623988,111.51510185623987,481.04708382358876,192.0,439.42073079356896,0.0,1319.4151018562397,1112.4678146171577,23.802622061880175,-0.31373765074486126,1,Kadungora,SRI,1,2023
1021.2,237.30659965831802,237.30659965831802,543.976479276583,192.0,354.52238587653164,0.0,1258.506599658318,1090.4988651531146,26.504495829774566,-1.0318851660765702,2,Kadungora,SRI,1,2024
2036.1,201.2883411561126,65.96994973365663,460.22158044256173,280.0,1322.093568908329,100.0,2237.3883411561123,2062.315149350891,39.17067736717015,-4.943631631949305,4,Kadungora,FL,2,2015
1761.9,235.95771359135483,135.9577135913548,462.27690971282357,280.0,1063.948884778956,100.0,1997.857713591355,1806.2257944917797,42.02137666426349,7.982977513402334,0,Kadungora,FL,2,2016
869.4000000000001,340.1839243518289,180.13514965470574,488.960189233714,280.0,258.84546870091964,100.0,1209.583924351829,1027.8056579346337,31.693504685625662,-4.804109918602701,4,Kadungora,FL,2,2017
873.0,411.26198949980727,167.73845775695577,499.0899212651352,280.0,320.306465710375,100.0,1284.2619894998072,1099.3963869755103,23.85674711427507,-4.217660456471765,12,Kadungora,FL,2,2018
1143.5,281.0222099602372,158.86817103094455,496.2042759352877,280.0,476.7075503237452,100.0,1424.5222099602372,1252.9118262590328,35.35820948572726,-3.617131037853036,3,Kadungora,FL,2,2019
1629.0,229.0837407255542,115.38374072555422,485.1279004359484,280.0,892.8755767607212,100.0,1858.0837407255542,1658.0034771966696,40.91687176183773,14.692232352372823,0,Kadungora,FL,2,2020
1017.5,301.06240091698794,106.62728336536937,477.2880867591957,280.0,348.2550278987104,100.0,1318.5624009169878,1105.5431146579062,31.12692918899322,-4.862425013677949,8,Kadungora,FL,2,2021
1008.4000000000001,294.4213221966948,180.22132219669476,519.6286961514816,280.0,310.9949644579502,100.0,1302.8213221966948,1110.6236606094317,35.815877767499735,1.8258855119377975,0,Kadungora,FL,2,2022
1095.0,291.8375989302621,165.21459161042145,506.9468376167756,280.0,432.1457168929825,100.0,1386.8375989302622,1219.092554509758,35.71864358406962,-4.599493222585453,1,Kadungora,FL,2,2023
996.1,308.4168793333435,151.4800601529457,545.4004112870454,280.0,303.70548373112854,100.0,1304.5168793333435,1129.105895018174,32.41498120437793,-5.798564525466531,5,Kadungora,FL,2,2024
2036.1,65.96994973365665,65.96994973365663,444.85418941382216,187.2,1321.2259419732832,0.0,2102.0699497336564,1953.2801313871053,29.231807742800893,-28.65245663574049,11,Kadungora,SRI,2,2015
1761.9,135.9577135913548,135.9577135913548,446.7011639229422,192.0,1070.0333316466733,0.0,1897.857713591355,1708.7344955696155,32.65270577506861,8.807898528121122,0,Kadungora,SRI,2,2016
869.4000000000001,211.28157326148028,180.13514965470574,472.0651985031234,188.64,246.88249126529132,0.0,1080.6815732614805,907.5876897684147,23.22599576686713,-31.246423606774517,8,Kadungora,SRI,2,2017
873.0,266.837682921743,167.73845775695577,481.55879755259355,179.04,319.72994172945045,0.0,1139.837682921743,980.3287392820439,13.0114304727879,-34.79509464982084,37,Kadungora,SRI,2,2018
1143.5,158.86817103094455,158.86817103094455,479.5533384472318,189.59999999999997,476.5425068223411,0.0,1302.3681710309445,1145.695845269573,27.203242982046685,-18.555188977685816,6,Kadungora,SRI,2,2019
1629.0,115.38374072555422,115.38374072555422,468.52832916077625,192.0,887.1379115836764,0.0,1744.3837407255542,1547.6662407444528,32.1425317647558,1.824982527101806,0,Kadungora,SRI,2,2020
1017.5,147.538814088655,106.62728336536937,460.23787599417733,179.04,320.2439806126306,0.0,1165.038814088655,959.5218566068079,17.88963983203165,-30.788075391900364,29,Kadungora,SRI,2,2021
1008.4000000000001,180.22132219669476,180.22132219669476,502.0345795315354,192.0,294.4908117024213,0.0,1188.6213221966948,988.5253912339567,28.170452144527594,0.864421898993756,0,Kadungora,SRI,2,2022
1095.0,177.6997473726399,165.21459161042145,489.29866778294627,192.0,422.80461142421257,0.0,1272.6997473726399,1104.1032792071587,24.919251482435907,-3.7480694776084436,2,Kadungora,SRI,2,2023
996.1,182.54557039628878,151.4800601529457,526.9631883012055,184.79999999999998,300.1528625021551,0.0,1178.6455703962888,1011.9160508033606,22.401382558292354,-31.0655102433431,16,Kadungora,SRI,2,2024
1634.1000000000001,269.1080957654956,44.98747256027126,466.909643452781,280.0,975.5428116155181,100.0,1903.2080957654957,1722.452455068299,31.98598144451631,-5.33768494616673,8,Kadungora,FL,3,2015
1628.3000000000002,169.22056864317145,48.12119314927603,447.36452315986185,280.0,882.9747071416696,100.0,1797.5205686431716,1610.3392303015314,36.210652399071215,-1.099375493895412,1,Kadungora,FL,3,2016
728.9,378.40734004737664,150.67895827957148,491.6106092489565,280.0,158.77926850094596,100.0,1107.3073400473766,930.3898777499024,24.261171597305058,-5.147419563772139,7,Kadungora,FL,3,2017
683.5999999999999,427.7114592470675,127.84782701191502,516.3383739146167,280.0,141.68227503216735,100.0,1111.3114592470674,938.020648946784,18.856882664300635,-3.05590253093794,13,Kadungora,FL,3,2018
944.8999999999999,382.19029164769734,132.67612286692844,504.759859324561,280.0,372.443845767315,100.0,1327.090291647697,1157.203705091876,28.88736655752463,-5.028258699160653,11,Kadungora,FL,3,2019
1381.2,168.0697478444773,68.06974784447729,472.4802393696781,280.0,611.2403247474936,100.0,1549.2697478444773,1363.7205641171718,38.06930923040819,6.952952863735017,0,Kadungora,FL,3,2020
953.0,298.6775810079409,143.80129004939283,487.6551312026207,280.0,294.94383753589545,100.0,1251.677581007941,1062.598968738516,26.69527830607697,-5.8208081240265015,2,Kadungora,FL,3,2021
937.9000000000001,261.503067963568,144.903067963568,499.7020377566877,280.0,215.9549218670779,100.0,1199.403067963568,995.6569596237656,36.49602105333772,8.156944375629736,0,Kadungora,FL,3,2022
901.0,352.7610710859613,139.64817112438823,499.3055260301732,280.0,281.0951608673307,100.0,1253.7610710859612,1060.4006868975039,26.287556311783316,-5.004240759012654,8,Kadungora,FL,3,2023
827.0,299.8411259250861,128.03017301526944,535.9519481221774,280.0,137.2334315741129,100.0,1126.841125925086,953.1853796962903,26.020276683796883,-4.984244407284036,7,Kadungora,FL,3,2024
1634.1000000000001,144.12610915908675,44.98747256027126,451.17138599384634,175.2,979.7836857938064,0.0,1778.226109159087,1606.1550717876528,17.383167533988708,-33.13364627207811,39,Kadungora,SRI,3,2015
1628.3000000000002,48.12119314927603,48.12119314927603,431.9352264259635,192.0,861.0554257258938,0.0,1676.4211931492762,1484.9906521518574,29.179054348097132,0.46564666132609656,0,Kadungora,SRI,3,2016
728.9,246.52128407620663,150.67895827957148,474.6230422295542,180.95999999999998,161.16665316001564,0.0,975.4212840762066,816.7496953895698,14.940850728887902,-32.20940356956634,29,Kadungora,SRI,3,2017
683.5999999999999,324.1025978467849,127.84782701191502,498.6248060165574,163.2,175.3360914891922,0.0,1007.7025978467848,837.1608975057496,1.6049746755081722,-34.28446476565804,66,Kadungora,SRI,3,2018
944.8999999999999,262.8456718578564,132.67612286692844,487.8636426816152,177.11999999999998,375.5933350983476,0.0,1207.7456718578562,1040.5769777799628,16.960430455986323,-34.40429257569982,33,Kadungora,SRI,3,2019
1381.2,68.06974784447728,68.06974784447729,456.35063489266645,192.0,618.7085287755885,0.0,1449.2697478444773,1267.059163668255,30.42238399658946,3.614353312651823,0,Kadungora,SRI,3,2020
953.0,174.98220970773502,143.80129004939283,470.56696927882234,182.88,289.2548444274513,0.0,1127.982209707735,942.7018137062736,15.299369514647882,-26.1809196583422,30,Kadungora,SRI,3,2021
937.9000000000001,144.903067963568,144.903067963568,482.3957853475355,192.0,204.10685733415016,0.0,1082.803067963568,878.5026426816856,26.939272811788896,-0.5987787035374379,1,Kadungora,SRI,3,2022
901.0,204.96656916179728,139.64817112438823,481.67650362304124,179.51999999999998,269.75035909025223,0.0,1105.9665691617972,930.9468627132935,15.328867592352307,-33.32638074200906,28,Kadungora,SRI,3,2023
827.0,189.3920660983976,128.03017301526944,517.6485627095506,177.59999999999997,154.86239901083192,0.0,1016.3920660983977,850.1109617203824,13.737377673309462,-31.131714422869923,33,Kadungora,SRI,3,2024
1034.9,396.5947207078905,76.29342532541315,477.335019423105,280.0,497.50593710594444,100.0,1431.4947207078906,1254.8409565290494,23.19617417441224,-4.710579935637801,10,Kadungora,FL,4,2015
971.3,257.04079980907284,78.28081437790352,456.4887073503994,280.0,311.6597916358218,100.0,1228.340799809073,1048.1484989862213,31.399998558105178,-5.055562351776215,9,Kadungora,FL,4,2016
497.2,529.6371728103435,216.6404083838791,494.89808930267793,280.0,83.56487879533182,100.0,1026.8371728103434,858.4629680980097,15.73663437835083,-5.635223244559503,11,Kadungora,FL,4,2017
404.6,622.7626278366364,166.02514806802705,521.9092420761856,280.0,55.06673781293607,100.0,1027.3626278366364,856.9759798891216,7.537357070806881,-2.2670991547304986,12,Kadungora,FL,4,2018
539.0000000000001,546.623305048465,170.41903614234323,512.9429359957717,280.0,117.05943084718604,100.0,1085.6233050484652,910.0023668429577,20.08637653596042,-2.6556141314841755,11,Kadungora,FL,4,2019
928.9000000000001,326.07920948669334,121.30800091354267,476.10615677296164,280.0,324.33097913150436,100.0,1254.9792094866934,1080.437135904466,30.9576116362985,-5.092594712180718,10,Kadungora,FL,4,2020
798.2,381.9574819031818,139.13953676610794,491.4466172284583,280.0,238.57740929683902,100.0,1180.1574819031819,1010.0240265252974,21.81744170326683,-4.557885128319149,6,Kadungora,FL,4,2021
767.8,312.2844647490608,144.80418007048013,496.2674033267863,280.0,128.48122220833812,100.0,1080.0844647490608,904.7486255351243,22.533706548028057,-3.0563263890111045,8,Kadungora,FL,4,2022
751.1,425.99364811463033,174.7733943071194,520.0095250619281,280.0,203.1714272226151,100.0,1177.0936481146305,1003.1809522845432,22.501138063915242,-4.24552568151333,6,Kadungora,FL,4,2023
627.1,406.2012293213453,166.1038670880971,523.5580383510567,280.0,61.510923580975664,100.0,1033.3012293213453,865.0689619320324,17.35034109211317,-3.0188320961789445,6,Kadungora,FL,4,2024
1034.9,268.4801990241144,76.29342532541315,460.8132987022601,167.51999999999998,524.2824307218789,0.0,1303.3801990241145,1152.6157294241389,5.485404127119096,-33.5827299743619,60,Kadungora,SRI,4,2015
971.3,110.12285894948367,78.28081437790352,441.4296323081412,179.04,302.66390135536255,0.0,1081.4228589494837,923.1335336635037,16.306479528718345,-31.842044571580157,28,Kadungora,SRI,4,2016
497.2,408.4359777498317,216.6404083838791,478.5462402321516,163.67999999999995,94.95495501526719,0.0,905.6359777498317,737.1811952474187,0.7942694482317957,-33.74436717757484,63,Kadungora,SRI,4,2017
404.6,477.5824173743366,166.02514806802705,504.7302973362217,159.35999999999996,55.06673781293607,0.0,882.1824173743366,719.1570351491578,-9.427809678951967,-34.12948127331764,82,Kadungora,SRI,4,2018
539.0000000000001,399.05176158136527,170.41903614234323,495.36400406733065,167.51999999999998,131.69188192128289,0.0,938.0517615813653,794.5758859886134,4.795944858236736,-33.73123992386023,58,Kadungora,SRI,4,2019
928.9000000000001,163.3934400844596,121.30800091354267,460.7178527279932,181.44,307.1384841940584,0.0,1092.2934400844597,949.2963369220516,18.895516666314155,-30.575466404195264,25,Kadungora,SRI,4,2020
798.2,257.58785543367003,139.13953676610794,475.2542555630511,180.95999999999998,230.97701212258323,0.0,1055.78785543367,887.1912676856343,6.393860278573288,-32.75564424366928,37,Kadungora,SRI,4,2021
767.8,144.80418007048013,144.80418007048013,480.2497021314565,184.79999999999998,100.66691542901083,0.0,912.6041800704801,765.7166175604673,17.34619030634102,-28.84384508485995,18,Kadungora,SRI,4,2022
751.1,281.9992867401003,174.7733943071194,503.02684920312873,175.2,195.67202765884434,0.0,1033.0992867401003,873.8988768619731,10.400002724807958,-31.62158564081942,41,Kadungora,SRI,4,2023
627.1,251.97307300045358,166.1038670880971,506.2144473595359,168.47999999999996,51.8064471449918,0.0,879.0730730004536,726.5008945045277,-0.8384937637971129,-32.66683768734521,63,Kadungora,SRI,4,2024
634.6999999999999,570.1081548712284,62.06884523063632,502.5186003642269,280.0,239.04410908418208,100.0,1204.8081548712285,1021.562709448409,9.802471551879373,-5.944345785468336,11,Kadungora,FL,5,2015
656.6,323.12804621731846,116.49141182737921,457.563219754492,280.0,66.35486102151114,100.0,979.7280462173185,803.9180807760032,23.366238024992278,-5.398874102019809,11,Kadungora,FL,5,2016
312.0,674.7949468662961,185.03518223385765,503.3201475330571,280.0,31.004360068917382,100.0,986.7949468662961,814.3245076019745,7.642612432543165,-3.266983630812522,12,Kadungora,FL,5,2017
180.20000000000002,817.081867997244,261.96870921889166,541.7262363775486,280.0,7.371316669029776,100.0,997.281867997244,829.0975530465784,7.207512074257857,-3.6073458607652347,12,Kadungora,FL,5,2018
357.6,732.5666189279065,150.06454740885033,545.8593288653632,280.0,86.4511932306223,100.0,1090.1666189279065,912.3105220959854,7.535412403127246,-3.7523071508466055,10,Kadungora,FL,5,2019
660.0,380.3150587039862,127.38645569925755,479.869392152533,280.0,104.02575772615677,100.0,1040.3150587039863,863.8951498786898,16.605498488701098,-5.694085305663677,7,Kadungora,FL,5,2020
595.0,577.6202277009497,256.117768719569,499.29341211463077,280.0,216.25000585240494,100.0,1172.6202277009497,995.5434179670357,23.08918985403684,-3.7411302335598577,10,Kadungora,FL,5,2021
542.3,455.64639715106176,182.84731919740494,499.5416644670666,280.0,42.65239526792437,100.0,997.9463971510618,822.1940597349909,17.58402571624177,-5.810818922795022,11,Kadungora,FL,5,2022
548.0999999999999,550.7985388763113,175.30160636656817,524.5035444868391,280.0,120.39474728826401,100.0,1098.8985388763112,924.8982917751032,14.096052143593395,-2.859696513876024,11,Kadungora,FL,5,2023
421.6,613.3688506423434,204.74240069380076,535.3792480174841,280.0,45.37053577268588,100.0,1034.9688506423436,860.74978379017,13.374481165288739,-3.290670607011668,11,Kadungora,FL,5,2024
634.6999999999999,415.2099299719795,62.06884523063632,485.04874972172246,156.48,239.04410908418208,0.0,1049.9099299719794,880.5728588059045,-9.912818104635674,-34.313081958667404,85,Kadungora,SRI,5,2015
656.6,183.12096181959117,116.49141182737921,442.6665146299912,176.64,66.97440816825599,0.0,839.7209618195911,686.2809227982472,9.304518909547127,-32.68749372474564,46,Kadungora,SRI,5,2016
312.0,531.8370519796838,185.03518223385765,486.9240799796786,160.79999999999998,31.004360068917382,0.0,843.8370519796838,678.728440048596,-9.29469245733576,-34.26658341470475,86,Kadungora,SRI,5,2017
180.20000000000002,676.8075414331076,261.96870921889166,523.7515626251832,159.83999999999997,7.371316669029776,0.0,857.0075414331077,690.9628792942128,-9.478331667711565,-34.32728764675698,87,Kadungora,SRI,5,2018
357.6,567.1235258906897,150.06454740885033,527.0309384045934,158.39999999999998,86.4511932306223,0.0,924.7235258906898,771.8821316352156,-9.714585643665801,-31.59042123559251,86,Kadungora,SRI,5,2019
660.0,252.8850140679858,127.38645569925755,463.9337216331354,172.79999999999998,104.00099819147479,0.0,912.8850140679858,740.7347198246101,7.737367654261315,-33.11793719876447,47,Kadungora,SRI,5,2020
595.0,410.4093842346284,256.117768719569,483.1569283034378,174.71999999999997,206.08990723195734,0.0,1005.4093842346284,863.9668355353951,5.95125059220395,-33.695744917915,48,Kadungora,SRI,5,2021
542.3,291.8410847341087,182.84731919740494,483.59644668102663,172.32,25.108556321827827,0.0,834.1410847341086,681.0250030028544,5.563967239633935,-34.74935138953472,47,Kadungora,SRI,5,2022
548.0999999999999,395.2258616485062,175.30160636656817,507.3932559731529,165.11999999999998,115.60848599248052,0.0,943.3258616485061,788.1217419656334,-0.6729965858789894,-30.873145609670555,67,Kadungora,SRI,5,2023
421.6,455.29546426989714,204.74240069380076,518.1435625725974,163.2,35.17996518358167,0.0,876.8954642698972,716.5235277561791,-4.349696200840647,-34.15214718383963,71,Kadungora,SRI,5,2024
116.1,903.316487786919,294.5034085585843,552.3315436775785,280.0,10.568682483706791,100.0,1019.416487786919,842.9002261612852,6.990350837578751,-4.250183239478205,10,Kadungora,FL,6,2015
563.5,467.93278523250774,193.363889023243,468.3431816107568,280.0,88.66214963557988,100.0,1031.4327852325077,837.0053312463367,13.751503115318958,-1.626855356876722,1,Kadungora,FL,6,2016
128.0,867.6628441394316,299.04237292578,538.7911381334562,280.0,0.0,100.0,995.6628441394316,818.7911381334562,6.764762775313468,-4.261095858846359,11,Kadungora,FL,6,2017
102.39999999999999,925.1124962600561,323.9199373659371,572.4646656301197,280.0,0.0,100.0,1027.5124962600562,852.4646656301197,7.161019481362768,-5.821114568940786,12,Kadungora,FL,6,2018
81.6,971.6166420097859,291.6137944256729,595.3195253412899,280.0,2.6471642728993174,100.0,1053.2166420097858,877.9666896141892,6.5261594781194585,-5.42020383471612,12,Kadungora,FL,6,2019
390.6,610.0244948990193,188.45822708597817,515.8879743685419,280.0,23.076186725488867,100.0,1000.6244948990193,818.9641610940307,11.845503608712598,-6.740087094780732,11,Kadungora,FL,6,2020
552.6999999999999,597.654560200517,249.21942030109636,507.4200664197458,280.0,191.7394766468619,100.0,1150.354560200517,979.1595430666077,13.419323308583492,-3.9776495691859615,8,Kadungora,FL,6,2021
445.79999999999995,526.6163748325016,222.04754720658215,510.4013758710146,280.0,7.842091301424178,100.0,972.4163748325016,798.2434671724387,14.94749818927034,-3.8210045796613015,7,Kadungora,FL,6,2022
305.5,767.027705070781,238.58872262203766,552.3582113539258,280.0,62.67113677288595,100.0,1072.527705070781,895.0293481268117,10.499493137147033,-4.345308459960327,10,Kadungora,FL,6,2023
336.5,754.5248154772319,275.5268568767629,565.0100769585008,280.0,71.93882582688215,100.0,1091.0248154772319,916.948902785383,12.52358714977429,-4.301428788259003,7,Kadungora,FL,6,2024
116.1,728.446798514484,294.5034085585843,533.3916947380397,157.92,10.568682483706791,0.0,844.5467985144841,701.8803772217465,-10.883792977727513,-33.22011293127824,90,Kadungora,SRI,6,2015
563.5,310.04567770118683,193.363889023243,452.2901253580322,170.88,61.5877452653281,0.0,873.5456777011868,684.7578706233603,-0.9622338859336437,-29.15286059218407,54,Kadungora,SRI,6,2016
128.0,714.0145473116961,299.04237292578,520.6391079501443,158.39999999999998,0.0,0.0,842.0145473116961,679.0391079501443,-9.749344530085951,-32.65306358386264,86,Kadungora,SRI,6,2017
102.39999999999999,776.6224215103757,323.9199373659371,552.8072328130595,159.83999999999997,0.0,0.0,879.0224215103757,712.6472328130594,-9.507835657454267,-35.6114074172499,84,Kadungora,SRI,6,2018
81.6,813.8002758335967,291.6137944256729,574.7011908436937,157.43999999999997,2.6471642728993174,0.0,895.4002758335968,734.7883551165929,-11.142596777202632,-36.48604020753208,91,Kadungora,SRI,6,2019
390.6,454.723129559839,188.45822708597817,498.30031188660945,162.23999999999998,28.054740257311906,0.0,845.323129559839,688.5950521439213,-4.208964028543083,-35.569354496779006,74,Kadungora,SRI,6,2020
552.6999999999999,476.68543481721156,249.21942030109636,490.1707450098769,164.64,205.4908153152838,0.0,1029.3854348172115,860.3015603251607,-1.980058606763215,-33.97028777618188,65,Kadungora,SRI,6,2021
445.79999999999995,378.7876391568011,222.04754720658215,492.78457161408465,163.67999999999998,7.842091301424178,0.0,824.5876391568011,664.3066629155088,-1.466248203851526,-34.39962943707485,70,Kadungora,SRI,6,2022
305.5,579.9528091128561,238.58872262203766,533.516294373073,163.2,44.21950909201152,0.0,885.4528091128561,740.9358034650845,-5.241109685471295,-33.955125568888974,75,Kadungora,SRI,6,2023
336.5,581.3029912068072,275.5268568767629,545.687711790285,163.2,49.518931176962596,0.0,917.8029912068072,758.4066429672476,-6.506347203517739,-33.61194658292507,75,Kadungora,SRI,6,2024
96.5,946.4766473643058,310.7393747467354,594.0544497716634,280.0,0.0,100.0,1042.9766473643058,874.0544497716634,6.5135913252025,-7.024014765231193,11,Kadungora,FL,7,2015
804.6999999999999,472.88940172246595,264.9585448188611,466.7925211946977,280.0,327.7419692029156,100.0,1277.589401722466,1074.5344903976134,25.62889506048863,3.163152957694214,0,Kadungora,FL,7,2016
302.3,785.9618733689524,297.14980051208204,546.4662646780675,280.0,86.14925280907075,100.0,1088.2618733689524,912.6155174871383,11.130289708657145,-3.495210182424847,2,Kadungora,FL,7,2017
98.30000000000001,970.3914190180624,303.886602934969,607.5798158993882,280.0,3.574250591580734,100.0,1068.6914190180623,891.154066490969,6.308066124422385,-5.260023524981952,12,Kadungora,FL,7,2018
55.4,1037.2049957144163,347.82339770215765,646.0517392973443,280.0,0.0,100.0,1092.6049957144164,926.0517392973443,6.034088432353834,-5.822705484487123,12,Kadungora,FL,7,2019
365.1,698.7664499748934,259.40753472513336,550.4869214721109,280.0,51.70400672886919,100.0,1063.8664499748934,882.1909282009801,8.860177229254482,-4.680436603283853,10,Kadungora,FL,7,2020
347.9,658.6454081685852,211.89097135709338,533.2576286388248,280.0,13.060023118047688,100.0,1006.5454081685851,826.3176517568725,9.368795246701788,-5.478902409876065,9,Kadungora,FL,7,2021
508.1,553.3102282537382,209.232128814538,522.0677164881893,280.0,58.25002571073359,100.0,1061.4102282537383,860.3177421989228,15.50998360848905,-3.6728172971636983,2,Kadungora,FL,7,2022
174.4,886.3799366840894,283.66848811961006,605.2436255470361,280.0,5.761477849899791,100.0,1060.7799366840895,891.005103396936,8.747626824215672,-6.010497148906097,12,Kadungora,FL,7,2023
289.80000000000007,797.230234840454,275.66847174487447,591.8829160952772,280.0,37.097429033007465,100.0,1087.030234840454,908.9803451282846,10.51713235662394,-5.046728257164305,12,Kadungora,FL,7,2024
96.5,785.556875398456,310.7393747467354,572.9334345936963,159.35999999999996,0.0,0.0,882.056875398456,732.2934345936962,-10.167211742832594,-34.41528387659501,88,Kadungora,SRI,7,2015
804.6999999999999,366.8848119834428,264.9585448188611,450.28270727592684,183.84,341.88566189234984,0.0,1171.5848119834427,976.0083691682767,10.663664740736989,-28.703988732719033,33,Kadungora,SRI,7,2016
302.3,673.0964858098183,297.14980051208204,526.2943730136844,169.44,99.80574975575438,0.0,975.3964858098184,795.5401227694389,-2.258736992474477,-29.037154355097826,64,Kadungora,SRI,7,2017
98.30000000000001,794.1969394397871,303.886602934969,586.057172924321,156.47999999999996,3.574250591580734,0.0,892.4969394397872,746.1114235159016,-11.802370050244157,-35.212903974074294,93,Kadungora,SRI,7,2018
55.4,862.2516002754161,347.82339770215765,622.8637657619572,156.95999999999998,0.0,0.0,917.6516002754161,779.8237657619572,-11.539744610674791,-35.05306348126496,94,Kadungora,SRI,7,2019
365.1,542.5211438129934,259.40753472513336,530.341723725116,167.04,51.70400672886919,0.0,907.6211438129934,749.0857304539852,-6.2077792444357485,-29.7375521975919,78,Kadungora,SRI,7,2020
347.9,510.6627784564796,211.89097135709338,514.6364565770662,160.79999999999998,13.060023118047688,0.0,858.5627784564796,688.4964796951137,-8.784295578738853,-33.78746308290548,83,Kadungora,SRI,7,2021
508.1,419.8050038234901,209.232128814538,503.0683845773039,167.51999999999998,62.03731673277455,0.0,927.9050038234901,732.6257013100785,-2.1657437427674995,-28.95678501167889,69,Kadungora,SRI,7,2022
174.4,731.096349292267,283.66848811961006,583.5818276815203,156.47999999999996,19.00708524616138,0.0,905.4963492922669,759.0689129276817,-8.395684335210285,-32.88783556991081,87,Kadungora,SRI,7,2023
289.80000000000007,632.5205539401868,275.66847174487447,570.572672470217,164.16,30.593006070976394,0.0,922.3205539401869,765.3256785411933,-4.567339953923507,-32.265978125014826,74,Kadungora,SRI,7,2024
185.5,935.0680850298036,337.30093667638005,627.233406787359,280.0,20.962807016071444,100.0,1120.5680850298036,928.1962138034304,10.400253822818264,-4.932881614753159,5,Kadungora,FL,8,2015
1165.8,460.6374810610051,244.16385452143803,466.0056816486149,280.0,667.839366900285,100.0,1626.437481061005,1413.8450485488997,33.46916209704602,4.703411672626497,0,Kadungora,FL,8,2016
435.99999999999994,730.0154709666342,325.2253301727508,563.5213388574559,280.0,114.32694248091823,100.0,1166.0154709666342,957.8482813383741,16.712207755209715,-4.45804807167525,3,Kadungora,FL,8,2017
242.8,872.1346996843359,349.8268549437033,618.5550831000553,280.0,29.803498766095885,100.0,1114.934699684336,928.3585818661512,10.753643547191624,-1.312296210149686,3,Kadungora,FL,8,2018
125.5,1008.7177295472603,346.5325820012648,684.9110500653306,280.0,0.0,100.0,1134.2177295472602,964.9110500653306,6.4497165766524835,-6.528097120302271,10,Kadungora,FL,8,2019
560.9,619.6038630522323,308.8718626410246,557.9606686974437,280.0,130.6331576618636,100.0,1180.5038630522322,968.5938263593073,19.207954389313283,1.6740479496581635,0,Kadungora,FL,8,2020
585.8,637.394698922838,323.60454753676976,550.4723293780053,280.0,179.89572942030614,100.0,1223.194698922838,1010.3680587983114,16.370301650804514,-1.1292385919839196,1,Kadungora,FL,8,2021
724.1999999999999,566.9118843263166,294.82047327091306,530.8670151537037,280.0,265.1953497586781,100.0,1291.1118843263166,1076.0623649123818,25.233307171935227,-1.8206912623709224,1,Kadungora,FL,8,2022
197.60000000000002,939.8847905509361,297.6473479134098,651.5954452047611,280.0,29.850316590289857,100.0,1137.4847905509362,961.4457617950509,6.308243273349857,-6.458874528220274,8,Kadungora,FL,8,2023
398.3999999999999,783.2369836064087,327.63535548688907,622.9611452657938,280.0,67.42936656491045,100.0,1181.6369836064086,970.3905118307042,12.699420797272547,-6.68735596444419,6,Kadungora,FL,8,2024
185.5,789.3760840748896,337.30093667638005,604.1054111781227,165.6,17.762021349877163,0.0,974.8760840748896,787.4674325279999,-5.093660647112067,-31.078870582953243,78,Kadungora,SRI,8,2015
1165.8,319.12575490928333,244.16385452143803,450.4347067391437,190.56,638.8300638016433,0.0,1484.9257549092833,1279.824770540787,20.795965404737863,-10.06222859416598,12,Kadungora,SRI,8,2016
435.99999999999994,581.1373687051848,325.2253301727508,543.6375762457014,169.92,104.56867068860223,0.0,1017.1373687051848,818.1262469343036,-0.7493456410218742,-26.739125350490944,66,Kadungora,SRI,8,2017
242.8,739.5699968743505,349.8268549437033,596.1976210314665,168.0,35.98235997195758,0.0,982.3699968743506,800.179981003424,-4.768424171367104,-29.811210646045826,80,Kadungora,SRI,8,2018
125.5,853.1116710555075,346.5325820012648,660.0498914077637,157.92,0.0,0.0,978.6116710555075,817.9698914077636,-10.996452452274651,-33.908133513922806,93,Kadungora,SRI,8,2019
560.9,475.1092095781113,308.8718626410246,537.9080525617885,168.95999999999998,124.82749140619016,0.0,1036.0092095781113,831.6955439679787,0.9736104395930208,-28.311191248756874,59,Kadungora,SRI,8,2020
585.8,519.2311936593048,323.60454753676976,530.660576082185,173.76,197.78397745259323,0.0,1105.0311936593048,902.2045535347783,1.4240033096007947,-29.45950840939084,56,Kadungora,SRI,8,2021
724.1999999999999,433.47118224856865,294.82047327091306,512.4225760847429,180.0,260.1990867498909,0.0,1157.6711822485686,952.6216628346338,9.552881018681655,-29.477904872850587,37,Kadungora,SRI,8,2022
197.60000000000002,776.641506506232,297.6473479134098,627.5317552279898,157.92,29.850316590289857,0.0,974.241506506232,815.3020718182796,-10.279332658919552,-34.34268445632664,97,Kadungora,SRI,8,2023
398.3999999999999,650.8684945868448,327.63535548688907,600.4948197270908,170.39999999999998,76.54068961107393,0.0,1049.2684945868448,847.4355093381647,-1.050305578948952,-29.936525222418986,68,Kadungora,SRI,8,2024
581.9,794.1700766348392,355.96857192862353,613.0896185421143,280.0,278.0604627739856,100.0,1376.070076634839,1171.1500813160999,20.40706746476864,-1.4316781374039946,1,Kadungora,FL,9,2015
1627.2000000000003,419.60760089316216,259.76081621654737,464.18024238250655,280.0,1089.3344868503298,100.0,2046.8076008931625,1833.5147292328363,36.77892459425633,5.139854602291937,0,Kadungora,FL,9,2016
634.8999999999999,613.3414718383807,350.9688465874649,546.8238470117733,280.0,215.98107915565436,100.0,1248.2414718383807,1042.8049261674278,28.458505503009942,4.235372725365432,0,Kadungora,FL,9,2017
472.40000000000003,730.9014918300245,350.2529952937436,603.71048921249,280.0,129.71912388275476,100.0,1203.3014918300246,1013.4296130952447,17.93219469742747,-1.312296210149686,3,Kadungora,FL,9,2018
401.1,837.3360241009642,359.7062228737051,682.2218588764947,280.0,74.82772623701173,100.0,1238.4360241009642,1037.0495851135065,15.314722046074559,-2.742896895888795,3,Kadungora,FL,9,2019
862.7,543.5700100197479,297.8473886808544,545.2122050314285,280.0,373.27298438654935,100.0,1406.270010019748,1198.4851894179778,30.62540010333901,4.2935070639781125,0,Kadungora,FL,9,2020
930.8000000000001,532.1895986647855,290.58298141925843,546.469664165169,280.0,426.55947001187667,100.0,1462.9895986647857,1253.0291341770458,25.240181548407698,0.8189268422230116,0,Kadungora,FL,9,2021
988.4000000000001,491.78803269340784,311.3572746825369,538.5780093055926,280.0,458.67279363553905,100.0,1480.1880326934079,1277.2508029411315,34.347925927998716,4.395919277484458,0,Kadungora,FL,9,2022
240.2,869.7210925961851,346.7773621352726,671.0839075760884,280.0,0.0,100.0,1109.9210925961852,951.0839075760884,10.072277725182278,-5.355736147227595,3,Kadungora,FL,9,2023
708.4999999999999,651.467561859282,354.4481483644998,611.839320084137,280.0,270.6930767999414,100.0,1359.967561859282,1162.5323968840785,23.77286422083889,0.10209322558426948,0,Kadungora,FL,9,2024
581.9,655.4363575162679,355.96857192862353,591.5118679783409,176.64,274.2644942191875,0.0,1237.336357516268,1042.4163621975283,6.371041120780704,-27.247227977337722,49,Kadungora,SRI,9,2015
1627.2000000000003,294.68038513146007,259.76081621654737,449.16052320552467,192.0,1077.4269902656097,0.0,1921.8803851314603,1718.5875134711343,27.16197311203928,-4.3090109187318655,5,Kadungora,SRI,9,2016
634.8999999999999,467.3037446307675,350.9688465874649,529.350790145201,185.76,191.65640881461337,0.0,1102.2037446307672,906.7671989598143,14.059519929972268,-11.467313982772037,28,Kadungora,SRI,9,2017
472.40000000000003,576.9435380137605,350.2529952937436,583.4005633909323,174.24,109.30601531407937,0.0,1049.3435380137605,866.9465787050117,3.117870345288361,-28.685118574028873,54,Kadungora,SRI,9,2018
401.1,713.9082225984047,359.7062228737051,658.2960785460357,171.84,93.4857050649112,0.0,1115.0082225984047,923.621783610947,0.8188369076322737,-30.209228181207237,61,Kadungora,SRI,9,2019
862.7,395.6508512893822,297.8473886808544,527.280046919543,186.71999999999997,345.72681406667635,0.0,1258.3508512893823,1059.7268609862192,15.14036262764013,-14.442812229784106,26,Kadungora,SRI,9,2020
930.8000000000001,419.98018627335017,290.58298141925843,527.9282913287705,186.72,436.1714304568398,0.0,1350.7801862733502,1150.8197217856102,14.721390342192608,-25.016205969629766,20,Kadungora,SRI,9,2021
988.4000000000001,336.7839003452903,311.3572746825369,520.9300800467245,191.04,419.4416955963022,0.0,1325.1839003452903,1131.4117756430267,23.71651131507107,-14.365374936902013,6,Kadungora,SRI,9,2022
240.2,723.6547322552451,346.7773621352726,647.4636883413338,166.07999999999998,8.070886168137736,0.0,963.8547322552452,821.6145745094715,-4.969630777754625,-30.82914706012029,76,Kadungora,SRI,9,2023
708.4999999999999,504.37783140951586,354.4481483644998,590.9323933106514,177.6,254.8876046206077,0.0,1212.8778314095157,1023.4199979312591,7.1200864099530135,-26.464387054395317,45,Kadungora,SRI,9,2024
842.7000000000002,663.4450793563725,363.0636182306813,592.4268879089133,280.0,437.54705124195266,100.0,1506.1450793563727,1309.973939150866,28.711144746861464,3.699998095050164,0,Kadungora,FL,10,2015
1699.8000000000002,284.94411738273163,184.9441173827316,462.3062164555857,280.0,1036.1798493532044,100.0,1984.744117382732,1778.48606580879,39.88597314539109,10.368948457814431,0,Kadungora,FL,10,2016
842.0,431.4062171174098,288.04887048044816,525.5389374035203,280.0,275.7260143005692,100.0,1273.4062171174098,1081.2649517040895,29.599809767896197,-4.1425845635517415,4,Kadungora,FL,10,2017
705.3,602.1240632219346,343.82202556721575,578.7700478850581,280.0,247.69640285850977,100.0,1307.4240632219346,1106.466450743568,27.590085161884907,4.6223153021318435,0,Kadungora,FL,10,2018
722.4000000000001,683.3620549695017,369.5240468144427,649.1813070800536,280.0,282.7602745211601,100.0,1405.7620549695018,1211.9415816012138,25.695441598043466,0.17386100962403628,0,Kadungora,FL,10,2019
1231.0,452.42227505627824,313.92425341760566,520.5766400741538,280.0,689.3168678026105,100.0,1683.4222750562783,1489.8935078767645,37.29329730555377,4.300314406222298,0,Kadungora,FL,10,2020
1155.6999999999998,485.1623247137549,272.0734985058606,537.7644745399866,280.0,620.1571547776772,100.0,1640.8623247137548,1437.9216293176637,33.382910290316474,5.034579586690642,0,Kadungora,FL,10,2021
1159.0000000000002,350.88249756232256,250.8824975623225,522.7106961829292,280.0,530.0434830659289,100.0,1509.882497562323,1332.754179248858,39.278276416953354,6.588193457243918,0,Kadungora,FL,10,2022
537.4,737.408736834228,368.6491202539281,661.0237343029808,280.0,137.14501438319866,100.0,1274.808736834228,1078.1687486861795,19.088116153140408,-1.002094996304562,3,Kadungora,FL,10,2023
909.2,555.8458259045603,287.0505077518749,576.0060524199093,280.0,407.8847301401717,100.0,1465.0458259045604,1263.890782560081,31.946654437309235,4.818682599499451,0,Kadungora,FL,10,2024
842.7000000000002,518.2370178291515,363.0636182306813,573.9694560791254,187.2,410.45127200091974,0.0,1360.9370178291515,1171.6207280800452,17.84754591902239,-24.890773745420468,24,Kadungora,SRI,10,2015
1699.8000000000002,184.94411738273163,184.9441173827316,447.07700427838904,192.0,1043.9528021269123,0.0,1884.744117382732,1683.0298064053013,31.579546135862103,9.749565550544517,0,Kadungora,SRI,10,2016
842.0,288.04887048044816,288.04887048044816,509.0104471441928,185.76,246.47433665623373,0.0,1130.0488704804482,941.2447838004265,17.20816256014092,-12.950713152240333,18,Kadungora,SRI,10,2017
705.3,457.7832293798051,343.82202556721575,560.9003458622824,190.07999999999998,221.14527103915586,0.0,1163.083229379805,972.1256169014382,17.223615036075902,-11.368834693023395,21,Kadungora,SRI,10,2018
722.4000000000001,560.6184306271142,369.5240468144427,628.1692651237086,182.88,288.14869213511747,0.0,1283.0184306271144,1099.1979572588261,11.976487733517265,-22.322228846257154,29,Kadungora,SRI,10,2019
1231.0,337.84019041843453,313.92425341760566,504.667661636605,192.0,686.1395322119207,0.0,1568.8401904184345,1382.8071938485257,27.06748726881672,-4.819476558500595,7,Kadungora,SRI,10,2020
1155.6999999999998,351.763756797213,272.0734985058606,520.6723675675182,192.0,599.3384446596767,0.0,1507.4637567972127,1312.010812227195,23.901116055402056,-5.747375418884828,10,Kadungora,SRI,10,2021
1159.0000000000002,250.8824975623225,250.8824975623225,505.93573397254295,192.0,536.4254365632412,0.0,1409.8824975623227,1234.3611705357841,30.661617289843463,3.5638646555877607,0,Kadungora,SRI,10,2022
537.4,602.6927426575451,368.6491202539281,639.1622505611863,174.24,140.05050394831,0.0,1140.092742657545,953.4527545094963,3.147966045200376,-28.811009054131812,55,Kadungora,SRI,10,2023
909.2,385.67612350427237,287.0505077518749,557.9034480957303,186.72,357.99768987803384,0.0,1294.8761235042725,1102.6211379737642,16.248767008706324,-23.536104842819142,26,Kadungora,SRI,10,2024
1424.7,475.018269714381,343.59692906116686,537.0072080377702,280.0,888.6433558861695,100.0,1899.718269714381,1705.6505639239397,38.571361384392446,6.282447658994344,0,Kadungora,FL,11,2015
1666.6999999999998,210.73372587168672,100.33372587168672,455.1218050256866,280.0,931.7223681885048,100.0,1877.4337258716864,1666.8441732141914,40.07205955443555,14.789017450961992,0,Kadungora,FL,11,2016
844.8,391.78700515217974,253.00075160930166,488.0642727366783,280.0,271.19649196916794,100.0,1236.5870051521797,1039.2607647058462,34.508944861654385,1.7489798914550256,0,Kadungora,FL,11,2017
1009.7,432.08145121182224,315.4814512118222,541.1664115428409,280.0,420.3816075269452,100.0,1441.7814512118223,1241.548019069786,35.39716183408537,9.343677561846789,0,Kadungora,FL,11,2018
1225.0,530.5922266648471,349.6669507498991,592.0034524974279,280.0,691.3904584135288,100.0,1755.5922266648472,1563.3939109109567,35.99971267732108,2.9300819363848802,0,Kadungora,FL,11,2019
1422.6000000000001,272.02434729605613,172.02434729605613,467.6742936886699,280.0,735.4025952568907,100.0,1694.6243472960564,1483.0768889455605,39.388735925685275,17.45709358253283,0,Kadungora,FL,11,2020
1254.6999999999998,356.06334018016975,256.0633401801697,528.7480584645436,280.0,600.1843970442977,100.0,1610.7633401801695,1408.9324555088415,38.08493773158467,7.739694481185653,0,Kadungora,FL,11,2021
1325.1,253.09091039795914,136.0909103979591,490.8859287547828,280.0,593.8975485940313,100.0,1578.190910397959,1364.783477348814,38.18038059860655,6.797970038691453,0,Kadungora,FL,11,2022
795.3000000000001,559.0105480227444,352.1919282595458,621.7825378485899,280.0,259.2757122145124,100.0,1354.3105480227446,1161.0582500631022,26.49675068454722,0.7521130281053772,0,Kadungora,FL,11,2023
1011.5000000000001,422.90022952928535,322.9002295292854,553.7320216801991,280.0,412.60602905545284,100.0,1434.4002295292855,1246.338050735652,34.72591105129485,2.416206584090605,0,Kadungora,FL,11,2024
1424.7,369.19715701722794,343.59692906116686,520.6419144392687,192.0,896.3508966563346,0.0,1793.897157017228,1608.9928110956034,30.08494810850662,-3.3879597515342517,2,Kadungora,SRI,11,2015
1666.6999999999998,100.33372587168672,100.33372587168672,439.42843195924377,192.0,929.2113943018232,0.0,1767.0337258716866,1560.639826261067,30.25379089462301,5.220809357388111,0,Kadungora,SRI,11,2016
844.8,268.4132876190115,253.00075160930166,472.718865786833,191.51999999999998,259.12277606582325,0.0,1113.2132876190115,923.3616418526562,24.393781799916276,-5.4125360097098785,10,Kadungora,SRI,11,2017
1009.7,315.4814512118222,315.4814512118222,524.3545793705157,192.0,418.59343969927033,0.0,1325.1814512118222,1134.948019069786,27.91778297952077,-2.9331146912968955,2,Kadungora,SRI,11,2018
1225.0,398.0479649219799,349.6669507498991,574.013271036747,192.0,674.8363781313424,0.0,1623.0479649219799,1440.8496491680894,25.937224983526693,-5.64528609708985,10,Kadungora,SRI,11,2019
1422.6000000000001,172.0243472960561,172.02434729605613,453.0847362986191,192.0,747.9921526469415,0.0,1594.6243472960562,1393.0768889455605,32.31934262417094,18.263336498442285,0,Kadungora,SRI,11,2020
1254.6999999999998,256.0633401801697,256.0633401801697,511.50482530967054,192.0,613.3637912313006,0.0,1510.7633401801695,1316.8686165409713,30.411828185838022,7.4437760715030015,0,Kadungora,SRI,11,2021
1325.1,148.29500577796193,136.0909103979591,474.2164101808128,192.0,603.7711625480042,0.0,1473.3950057779618,1269.987572728817,29.221580169145277,-2.6040953800028044,1,Kadungora,SRI,11,2022
795.3000000000001,427.5054718033473,352.1919282595458,602.3477892364743,184.8,252.40538460723067,0.0,1222.8054718033472,1039.553173843705,13.386227555160312,-21.59134642443044,25,Kadungora,SRI,11,2023
1011.5000000000001,322.9002295292854,322.9002295292854,537.2795116276983,192.0,417.5330001156842,0.0,1334.4002295292855,1146.8125117433824,29.25710847559168,2.2285446498149533,0,Kadungora,SRI,11,2024
1910.5,298.7158910909221,198.7158910909221,482.52552793029804,280.0,1237.3743289624695,100.0,2209.215891090922,1999.8998568927675,39.80161412003033,8.247514668660308,0,Kadungora,FL,12,2015
1521.6,173.3337878739572,73.3337878739572,470.3934737183158,280.0,730.7205128652764,100.0,1694.933787873957,1481.1139865835921,41.01111153175934,14.418094847669368,0,Kadungora,FL,12,2016
1093.2,306.18387378737197,162.92845937086923,478.0731945992716,280.0,427.372169170967,100.0,1399.383873787372,1185.4453637702386,35.59905283256869,4.930690679203943,0,Kadungora,FL,12,2017
1194.2,305.67812292638195,187.17812292638195,503.03860607741296,280.0,512.5774114668271,100.0,1499.878122926382,1295.61601754424,39.54133929229453,7.315413563792939,0,Kadungora,FL,12,2018
1571.4,359.9039584263182,259.90395842631824,531.6724189817845,280.0,917.8030629510183,100.0,1931.3039584263183,1729.4754819328027,39.80849179183411,5.0939381838854345,0,Kadungora,FL,12,2019
1403.5,245.75090988614568,145.75090988614568,459.59390351827403,280.0,695.8890980618521,100.0,1649.2509098861456,1435.4830015801263,40.519038856214785,5.714991194653754,0,Kadungora,FL,12,2020
1449.6999999999998,181.72982791243265,81.72982791243268,500.41175790536556,280.0,634.6435330883314,100.0,1631.4298279124325,1415.0552909936969,39.3510513035304,8.830113645037514,0,Kadungora,FL,12,2021
1280.8000000000002,230.013722835424,130.013722835424,489.25732043151515,280.0,558.60751400908,100.0,1510.8137228354242,1327.8648344405951,40.06003868081385,7.661192045261611,0,Kadungora,FL,12,2022
1011.5999999999999,437.3796670776353,257.52758757768225,575.3722723847266,280.0,405.63770092704743,100.0,1448.9796670776352,1261.009973311774,32.83433648625044,3.9666660107702265,0,Kadungora,FL,12,2023
1222.0,184.42272048811617,84.42272048811617,519.7246682942368,280.0,409.97694581954335,100.0,1406.4227204881163,1209.7016141137801,41.600113641982695,8.061032095274168,0,Kadungora,FL,12,2024
1910.5,198.7158910909221,198.7158910909221,467.0320014039301,192.0,1250.4621658491483,0.0,2109.215891090922,1909.4941672530783,31.231326878256947,9.918331355109219,0,Kadungora,SRI,12,2015
1521.6,73.3337878739572,73.3337878739572,454.4178594677232,192.0,743.8623481395132,0.0,1594.933787873957,1390.2802076072364,30.20703498634833,11.936017753882037,0,Kadungora,SRI,12,2016
1093.2,187.04938087374182,162.92845937086923,461.90158979218603,192.0,419.8930589937713,0.0,1280.2493808737418,1073.7946487859574,26.04693102647605,-3.1179067707368904,3,Kadungora,SRI,12,2017
1194.2,199.1591604997162,187.17812292638195,486.04087740579246,192.0,516.027776702203,0.0,1393.3591604997162,1194.0686541079954,30.856250739430145,-3.381037573334268,1,Kadungora,SRI,12,2018
1571.4,259.9039584263182,259.90395842631824,515.2964826026416,192.0,932.1789993301616,0.0,1831.3039584263183,1639.4754819328032,31.863052744578148,5.934592261272707,0,Kadungora,SRI,12,2019
1403.5,145.75090988614568,145.75090988614568,445.099321559268,192.0,708.383680020858,0.0,1549.2509098861456,1345.483001580126,32.277693610888434,6.547516034310647,0,Kadungora,SRI,12,2020
1449.6999999999998,81.72982791243267,81.72982791243268,483.34043083487944,192.0,649.7148601588175,0.0,1531.4298279124325,1325.0552909936969,30.614630157197656,7.4437760715030015,0,Kadungora,SRI,12,2021
1280.8000000000002,130.01372283542403,130.013722835424,473.80559989892583,192.0,563.6309125909493,0.0,1410.8137228354242,1229.436512489875,29.724199841611743,2.731085454354349,0,Kadungora,SRI,12,2022
1011.5999999999999,285.2706171190507,257.52758757768225,556.7447478532919,190.07999999999998,369.54385015576054,0.0,1296.8706171190506,1116.3685980090524,23.507461029954968,-17.521025086834204,10,Kadungora,SRI,12,2023
1222.0,84.42272048811617,84.42272048811617,502.4836212770691,192.0,421.94011579119257,0.0,1306.4227204881163,1116.4237370682617,30.30218320314314,2.8414572527031234,0,Kadungora,SRI,12,2024
2166.1000000000004,227.02240065359308,127.02240065359305,464.70933650272866,280.0,1435.252480741627,100.0,2393.1224006535936,2179.9618172443556,42.87011434144148,27.749286640331555,0,Banyuresmi,FL,1,2016
1347.0,218.3053306996738,104.80533069967379,476.84150237435904,280.0,617.3328208718626,100.0,1565.3053306996737,1374.1743232462218,34.416750526196395,5.464806313884271,0,Banyuresmi,FL,1,2017
1258.7,367.14667581232266,197.81087491605498,491.2582192705853,280.0,681.4757304500265,100.0,1625.8466758123227,1452.7339497206117,32.21434573881724,-5.499653335499906,7,Banyuresmi,FL,1,2018
1467.6,269.721025057598,169.721025057598,493.8653461538424,280.0,764.5316001616679,100.0,1737.321025057598,1538.3969463155104,38.627537430409674,5.895522607039595,0,Banyuresmi,FL,1,2019
1862.1000000000004,271.0833864970389,171.08338649703887,500.18999169778306,280.0,1144.1740404644238,100.0,2133.1833864970395,1924.364032162207,41.57888557454066,13.458743289722367,0,Banyuresmi,FL,1,2020
1642.4,196.88123352403352,84.92126923352916,456.92637266462197,280.0,924.1293485400446,100.0,1839.2812335240337,1661.0557212046665,38.31468448645531,-2.259964290504354,2,Banyuresmi,FL,1,2021
1353.0,219.98378411460533,91.64751590142984,509.75473489318705,280.0,568.323316255086,100.0,1572.9837841146054,1358.078051148273,37.74321248985149,5.2637317868245015,0,Banyuresmi,FL,1,2022
1378.1,205.79886042880062,90.59886042880062,493.50431399483745,280.0,601.383057364155,100.0,1583.8988604288006,1374.8873713589924,35.62624590607751,3.940850524995592,0,Banyuresmi,FL,1,2023
1115.3000000000002,357.3301564080808,257.33015640808077,561.7055989124865,280.0,465.8074640386139,100.0,1472.630156408081,1307.5130629511004,32.808141842780444,-3.970882750736239,2,Banyuresmi,FL,1,2024
2166.1000000000004,127.02240065359305,127.02240065359305,449.201532495529,192.0,1447.0889428696173,0.0,2293.1224006535936,2088.2904753651464,33.117638944091624,12.121350801044201,0,Banyuresmi,SRI,1,2016
1347.0,104.80533069967379,104.80533069967379,460.48214081038066,192.0,607.294985927759,0.0,1451.8053306996737,1259.7771267381395,26.259877338163776,0.9155191457468472,0,Banyuresmi,SRI,1,2017
1258.7,211.53655609803485,197.81087491605498,474.6889297128578,187.2,666.1111590767937,0.0,1470.236556098035,1328.0000887896515,24.388680509007127,-33.530587252424574,11,Banyuresmi,SRI,1,2018
1467.6,169.721025057598,169.721025057598,477.2963757800684,192.0,769.9388652860814,0.0,1637.321025057598,1439.2352410661497,31.07533303629475,7.345176643300508,0,Banyuresmi,SRI,1,2019
1862.1000000000004,171.08338649703887,171.08338649703887,483.8080778987684,192.0,1157.7160590333353,0.0,2033.1833864970392,1833.5241369321038,31.83577988488484,12.380360935049564,0,Banyuresmi,SRI,1,2020
1642.4,84.92126923352916,84.92126923352916,441.4005355074455,191.51999999999998,920.9587418297899,0.0,1727.3212692335292,1553.8792773372354,29.86923823799246,-6.850162212841498,2,Banyuresmi,SRI,1,2021
1353.0,103.26706882502253,91.64751590142984,492.4791867151243,192.0,566.4619391217141,0.0,1456.2670688250225,1250.9411258368384,29.566064965611,-2.519552923592691,1,Banyuresmi,SRI,1,2022
1378.1,90.59886042880062,90.59886042880062,477.19636649640256,191.51999999999998,597.6263632177187,0.0,1468.6988604288006,1266.342729714121,25.244846753872217,-5.929963241377363,5,Banyuresmi,SRI,1,2023
1115.3000000000002,257.33015640808077,257.33015640808077,543.3105292686517,192.0,457.0794084032907,0.0,1372.630156408081,1192.3899376719423,28.177230759596807,1.9784981976102802,0,Banyuresmi,SRI,1,2024
1938.6999999999998,200.34724436803572,63.320166142862675,463.6610058192098,280.0,1214.6662160567403,100.0,2139.0472443680355,1958.32722187595,39.613968459624594,-3.706548921887508,3,Banyuresmi,FL,2,2015
1871.6,231.41042643977534,131.41042643977534,466.9565972025639,280.0,1170.9488748442582,100.0,2103.010426439775,1917.905472046822,41.72545983047721,11.661364414349805,0,Banyuresmi,FL,2,2016
1024.5,285.00802831248075,137.38193312507232,482.3260461727991,280.0,370.03530186437615,100.0,1309.5080283124807,1132.3613480371753,30.787372612815417,-3.564860749016768,5,Banyuresmi,FL,2,2017
1079.7,419.8192555468617,174.01976864286414,493.88614982387213,280.0,545.2118392536979,100.0,1499.5192555468618,1319.09798907757,26.721831672417313,-4.95924690283402,11,Banyuresmi,FL,2,2018
1294.4,279.84830488108514,141.3803743816035,491.6043762195427,280.0,622.8005731081346,100.0,1574.2483048810852,1394.4049493276773,36.835891629139034,-5.098372172800271,5,Banyuresmi,FL,2,2019
1767.9999999999998,237.78890998012326,119.28890998012326,483.2853368998276,280.0,1070.383029738197,100.0,2005.788909980123,1833.6683666380245,36.74630096663122,-3.578334220939142,2,Banyuresmi,FL,2,2020
1251.0,294.10751214962255,95.58237926797717,474.2608862617432,280.0,569.3798239964806,100.0,1545.1075121496226,1323.6407102582239,30.02814456458656,-5.552248180181334,7,Banyuresmi,FL,2,2021
1081.1,274.70082136252904,156.90082136252903,511.877091121378,280.0,383.47377072736606,100.0,1355.800821362529,1175.350861848744,33.59599797986262,-5.747822721317364,4,Banyuresmi,FL,2,2022
1246.1,282.8449683278827,158.64970974743684,501.61631925823394,280.0,575.0780144286937,100.0,1528.9449683278826,1356.6943336869276,35.756787657108646,-0.5531312801657657,1,Banyuresmi,FL,2,2023
1105.4,308.8461017949916,148.1250781702792,542.1987754491336,280.0,422.0795463211712,100.0,1414.2461017949918,1244.2783217703047,33.25537244727647,-5.459578666528287,10,Banyuresmi,FL,2,2024
1938.6999999999998,63.320166142862675,63.320166142862675,448.214692531457,189.11999999999998,1213.9292697301858,0.0,2002.0201661428625,1851.2639622616427,29.81251202635819,-26.07899988798256,8,Banyuresmi,SRI,2,2015
1871.6,131.41042643977534,131.41042643977534,451.2187032052133,192.0,1177.1949723122214,0.0,2003.0104264397753,1820.4136755174345,32.7314863689628,9.153160943736953,0,Banyuresmi,SRI,2,2016
1024.5,171.513958455217,137.38193312507232,465.5530839893787,188.15999999999997,368.1090027455104,0.0,1196.013958455217,1021.8220867348891,23.147060632041722,-34.1320253301447,9,Banyuresmi,SRI,2,2017
1079.7,267.3739664846995,174.01976864286414,476.47170016194855,176.15999999999997,543.3577874244388,0.0,1347.0739664846997,1195.9894875863874,14.176886704290254,-31.99145956613827,37,Banyuresmi,SRI,2,2018
1294.4,141.38037438160347,141.3803743816035,475.1022139390841,189.11999999999998,621.4726474926867,0.0,1435.7803743816035,1285.6948614317707,27.497649502569082,-25.14914117425411,9,Banyuresmi,SRI,2,2019
1767.9999999999998,119.28890998012326,119.28890998012326,466.7846321536193,192.0,1040.1765485622404,0.0,1887.288909980123,1698.9611807158599,29.83948722615728,-2.9410031086203166,1,Banyuresmi,SRI,2,2020
1251.0,168.736779585309,95.58237926797717,457.3949259165821,183.36,567.515051777328,0.0,1419.736779585309,1208.2699776939103,18.476872237352946,-32.74370551654734,21,Banyuresmi,SRI,2,2021
1081.1,156.90082136252903,156.90082136252903,494.5206439909115,192.0,357.00255836333343,0.0,1238.000821362529,1043.5232023542449,26.518721187903733,-3.0915186049897505,3,Banyuresmi,SRI,2,2022
1246.1,168.71036180728424,158.64970974743684,484.1036279850176,192.0,568.1136884072148,0.0,1414.8103618072842,1244.2173163922325,24.93131542006831,-2.2107205060689523,3,Banyuresmi,SRI,2,2023
1105.4,179.70950942717883,148.1250781702792,523.8658058043736,184.79999999999998,418.4488546495047,0.0,1285.1095094271789,1127.1146604538783,22.701399376083984,-32.98443125689959,16,Banyuresmi,SRI,2,2024
1598.3999999999999,260.2596771009505,55.297242376489734,463.9009027586583,280.0,934.7325208964076,100.0,1858.6596771009504,1678.6334236550658,32.857554883683044,-2.632417121181685,6,Banyuresmi,FL,3,2015
1717.6999999999998,162.80544549871868,37.099566392817735,447.1630518718895,280.0,958.1965192719376,100.0,1880.5054454987185,1685.359571143827,36.57479484575734,-2.7058791059009533,1,Banyuresmi,FL,3,2016
802.3,362.0071960422066,144.89159719834083,484.2299498282222,280.0,227.60621608957157,100.0,1164.3071960422067,991.8361659177938,26.663123966721294,-5.1118498019553575,7,Banyuresmi,FL,3,2017
865.6999999999999,435.9643912459792,102.57960102954698,509.92683905638665,280.0,332.3713647636024,100.0,1301.664391245979,1122.2982038199889,20.131935961547807,-2.0254894767693674,11,Banyuresmi,FL,3,2018
1053.1,363.77498590616824,119.19971973440822,494.72180136305434,280.0,471.4953168136644,100.0,1416.8749859061681,1246.2171181767187,29.925266473112032,-4.705829634496576,12,Banyuresmi,FL,3,2019
1493.0,172.02853163692794,72.02853163692792,467.45618728236497,280.0,721.8505562344167,100.0,1665.028531636928,1469.3067435167816,37.498633144993924,16.59083140234032,0,Banyuresmi,FL,3,2020
1090.8,299.89854923923747,160.74332626530415,483.3414213865334,280.0,417.98569268399046,100.0,1390.6985492392373,1181.3271140705237,30.841069380952412,-3.2196744898565326,3,Banyuresmi,FL,3,2021
949.6,287.1444947978362,176.3444947978362,494.3416731245127,280.0,270.8972649617554,100.0,1236.7444947978363,1045.238938086268,36.04550035296103,4.35178886818094,0,Banyuresmi,FL,3,2022
1030.9,324.81881743885845,127.6552238134305,490.46238351162447,280.0,395.2020372826541,100.0,1355.7188174388584,1165.6644207942786,26.96320806788275,-4.227356598020936,6,Banyuresmi,FL,3,2023
914.8,319.6796154561267,138.32384669771992,530.7111248514911,280.0,254.44899324106692,100.0,1234.4796154561268,1065.1601180925582,27.625877218682202,-5.796246158340766,7,Banyuresmi,FL,3,2024
1598.3999999999999,123.27395548384851,55.297242376489734,448.3060504063368,176.16,938.7652622914948,0.0,1721.6739554838484,1563.2313126978315,18.561761561980983,-33.29006124005019,36,Banyuresmi,SRI,3,2015
1717.6999999999998,37.099566392817735,37.099566392817735,431.82965166138376,192.0,935.2402965512044,0.0,1754.7995663928175,1559.0699482125883,29.478361358947495,1.0982954864564807,0,Banyuresmi,SRI,3,2016
802.3,209.98235942008847,144.89159719834083,467.6625493914438,181.91999999999996,217.51810788586528,0.0,1012.2823594200884,867.100657277309,14.604400709601904,-32.40117778358878,27,Banyuresmi,SRI,3,2017
865.6999999999999,296.41165450584816,102.57960102954698,492.4998489662273,165.11999999999998,350.15774436719596,0.0,1162.111654505848,1007.7775933334233,2.4016674408513237,-34.07867423467759,63,Banyuresmi,SRI,3,2018
1053.1,246.42641674523867,119.19971973440822,478.1783500553033,176.64,481.41969533267485,0.0,1299.5264167452385,1136.2380453879782,15.755741768900977,-32.40804271034115,35,Banyuresmi,SRI,3,2019
1493.0,72.02853163692792,72.02853163692792,451.55031035684993,192.0,729.1038565309943,0.0,1565.028531636928,1372.6541668878442,28.408385848902352,8.119006737534608,0,Banyuresmi,SRI,3,2020
1090.8,190.86282528854795,160.74332626530415,466.50340649569966,181.92,428.9033126813455,0.0,1281.662825288548,1077.326719177045,16.718976854733228,-25.119499023243776,29,Banyuresmi,SRI,3,2021
949.6,176.3444947978362,176.3444947978362,477.3051642339466,192.0,255.70099208788693,0.0,1125.9444947978363,925.0061563218335,26.075276387601424,1.2852316293911459,0,Banyuresmi,SRI,3,2022
1030.9,159.3330214652236,127.6552238134305,473.20404003523265,179.51999999999998,371.16362770364464,0.0,1190.2330214652236,1023.8876677388773,15.556990284791246,-26.877797651793117,28,Banyuresmi,SRI,3,2023
914.8,200.86289070052842,138.32384669771992,512.6737472216469,178.56,261.56672515888926,0.0,1115.6628907005284,952.8004723805361,14.885148728051057,-30.598771461733357,32,Banyuresmi,SRI,3,2024
1026.6000000000001,347.57408650339835,64.7269496972912,464.82881652214866,280.0,452.32719726551045,100.0,1374.1740865033985,1197.156013787659,24.03027635673768,-4.724524774169918,10,Banyuresmi,FL,4,2015
1204.3,232.23857666419408,80.49205113503731,452.35169599305914,280.0,495.129083914589,100.0,1436.5385766641941,1227.4807799076482,34.47225478668766,-4.0203539664504815,4,Banyuresmi,FL,4,2016
550.0999999999999,458.2752010071599,188.3165398457164,482.34190925884604,280.0,77.39046860563654,100.0,1008.3752010071598,839.7323778644826,18.73349236301911,-4.713934267665118,9,Banyuresmi,FL,4,2017
462.0,613.565218291325,141.55436847506311,507.4983766593479,280.0,116.82686378517184,100.0,1075.565218291325,904.3252404445197,7.687042133218552,-2.690380730667722,12,Banyuresmi,FL,4,2018
582.1999999999999,518.6627562752288,152.0182566687422,497.24324071453134,280.0,146.9035040989361,100.0,1100.8627562752288,924.1467448134674,20.664597034690306,-2.041440786932328,12,Banyuresmi,FL,4,2019
907.0,350.6899620931886,152.15479255320776,466.13188971272933,280.0,332.93501109117875,100.0,1257.6899620931886,1079.066900803908,32.046598858028055,-2.90159706963274,7,Banyuresmi,FL,4,2020
923.2,346.2187969885969,98.53799901261206,484.5797606643638,280.0,328.88018965806316,100.0,1269.418796988597,1093.459950322427,21.874720874230164,-2.83477380301499,5,Banyuresmi,FL,4,2021
802.1000000000001,298.759867035086,126.61584964607763,488.4043906737835,280.0,147.46989930810904,100.0,1100.8598670350862,915.8742899818925,23.17955790442379,-5.367868731081658,6,Banyuresmi,FL,4,2022
816.0,399.57006849447197,179.04412212321603,507.08675706455847,280.0,259.90236273030223,100.0,1215.570068494472,1046.9891197948607,25.385105343466723,-1.5257525715733102,7,Banyuresmi,FL,4,2023
651.0,418.89156658257605,155.11757695272888,516.4223819176625,280.0,104.73821389371642,100.0,1069.8915665825762,901.1605958113789,16.841425148957374,-5.164480741074991,8,Banyuresmi,FL,4,2024
1026.6000000000001,224.9021829084321,64.7269496972912,448.9856738370421,167.99999999999997,478.31578775206447,0.0,1251.5021829084321,1095.3014615891066,5.857557176634998,-33.54397738074387,57,Banyuresmi,SRI,4,2015
1204.3,80.49205113503731,80.49205113503731,437.5183883741437,183.36,479.2369877189635,0.0,1284.7920511350374,1100.1153760931072,19.59998929194895,-31.47344771122628,19,Banyuresmi,SRI,4,2016
550.0999999999999,347.15821669475434,188.3165398457164,466.4673002953149,169.43999999999997,92.8321599402644,0.0,897.2582166947543,728.7394602355793,2.3284000989280127,-33.144366412862915,60,Banyuresmi,SRI,4,2017
462.0,449.98102545657764,141.55436847506311,490.86000727280714,161.75999999999996,116.82686378517184,0.0,911.9810254565776,769.446871057979,-8.824888616048296,-34.10049781616897,82,Banyuresmi,SRI,4,2018
582.1999999999999,382.8181733454416,152.0182566687422,480.3257921755509,166.55999999999997,167.28681761054082,0.0,965.0181733454415,814.1726097860917,4.319717251504456,-33.8134347814958,59,Banyuresmi,SRI,4,2019
907.0,185.52745314785324,152.15479255320776,451.1336527816525,183.35999999999999,304.0918937594078,0.0,1092.5274531478533,938.5855465410602,19.767264842714713,-33.672660594645464,23,Banyuresmi,SRI,4,2020
923.2,196.33766727360683,98.53799901261206,468.5689482935637,176.64,305.73889537517334,0.0,1119.537667273607,950.947843668737,6.343951229423594,-30.227495961187024,48,Banyuresmi,SRI,4,2021
802.1000000000001,126.61584964607765,126.61584964607763,472.6300473092131,185.76,108.62545453073467,0.0,928.7158496460778,767.0155018399478,13.906840608563973,-27.855035563919294,19,Banyuresmi,SRI,4,2022
816.0,259.3549589024601,179.04412212321603,490.6948210245896,176.15999999999997,250.15111377119806,0.0,1075.35495890246,917.0059347957877,10.866402101154499,-28.270500071421427,41,Banyuresmi,SRI,4,2023
651.0,306.823246319202,155.11757695272888,499.3797776253677,172.32,124.76105387640493,0.0,957.823246319202,796.4608315017726,3.4235874153080172,-31.755158485988616,55,Banyuresmi,SRI,4,2024
626.4,519.3621383039792,60.39357900956294,483.0329213754062,280.0,199.5430355359826,100.0,1145.762138303979,962.5759569113889,10.975060568315838,-5.091318421343223,9,Banyuresmi,FL,5,2015
862.8,260.9441456331326,111.3338955376463,446.4198199495822,280.0,209.15457524416573,100.0,1123.7441456331326,935.5743951937479,27.466145138996318,-5.144085047535183,6,Banyuresmi,FL,5,2016
366.29999999999995,608.0389685122077,182.8461573999023,481.2044300146572,280.0,39.123332371536634,100.0,974.3389685122077,800.3277623861939,11.138620916385854,-3.067437304677222,8,Banyuresmi,FL,5,2017
147.60000000000002,830.4507883210731,270.87743302382717,520.0991666288785,280.0,8.999128961152433,100.0,978.0507883210731,809.098295590031,7.2409917794748715,-3.237388838954902,11,Banyuresmi,FL,5,2018
351.3,700.5206600489194,143.05184774437953,522.5312071970814,280.0,70.67913102012824,100.0,1051.8206600489193,873.2103382172096,8.225698575472908,-3.15556968285952,10,Banyuresmi,FL,5,2019
633.4,436.1370555217847,154.011372297151,466.27718992117235,280.0,153.40413256601428,100.0,1069.5370555217846,899.6813224871865,16.933071992808408,-4.7988451468789926,10,Banyuresmi,FL,5,2020
586.0,577.9475945684236,264.12759970151313,489.1158556284277,280.0,221.37504641783573,100.0,1163.9475945684235,990.4909020462634,23.391598412202626,-5.120886385977415,12,Banyuresmi,FL,5,2021
530.5,450.5706649312076,198.97696635310146,490.03492486690004,280.0,44.08786400837725,100.0,981.0706649312076,814.1227888752773,17.032344401678113,-5.220376010344077,12,Banyuresmi,FL,5,2022
619.9000000000001,530.3675436574638,184.85517831956392,508.80766385596047,280.0,186.7418702932382,100.0,1150.2675436574639,975.5495341491987,19.699740957270453,-3.872243117636475,11,Banyuresmi,FL,5,2023
381.59999999999997,624.0228814013128,200.46346501107712,524.4006512069599,280.0,33.38770876895393,100.0,1005.6228814013127,837.7883599759139,12.670780744924446,-3.527277753417329,12,Banyuresmi,FL,5,2024
626.4,349.8361157828584,60.39357900956294,466.48784642845817,159.35999999999996,199.5430355359826,0.0,976.2361157828584,825.3908819644407,-9.052663012178138,-33.47191378360162,82,Banyuresmi,SRI,5,2015
862.8,111.3338955376463,111.3338955376463,431.9178231733558,181.92,187.49556859430652,0.0,974.1338955376463,801.3333917676623,15.110808700290516,-22.03095303785283,31,Banyuresmi,SRI,5,2016
366.29999999999995,475.62205191786757,182.8461573999023,465.58229194388673,166.07999999999998,39.123332371536634,0.0,841.9220519178675,670.7856243154233,-5.4656983648628765,-33.89018883524711,72,Banyuresmi,SRI,5,2017
147.60000000000002,672.9691999820076,270.87743302382717,503.02128930165964,157.43999999999997,8.999128961152433,0.0,820.5691999820076,669.460418262812,-9.80989223353295,-30.826818349923588,88,Banyuresmi,SRI,5,2018
351.3,552.4086354952408,143.05184774437953,504.6945129887963,158.39999999999998,70.67913102012824,0.0,903.7086354952407,733.7736440089245,-9.352799388841644,-34.47436214278078,84,Banyuresmi,SRI,5,2019
633.4,278.75326875842626,154.011372297151,450.98382162247833,171.35999999999996,124.67661934993534,0.0,912.1532687584263,747.0204409724137,3.1364139346807107,-33.99236624945368,53,Banyuresmi,SRI,5,2020
586.0,412.42007152297225,264.12759970151313,473.2514839934464,175.67999999999998,206.79805497220605,0.0,998.4200715229722,855.7295389656524,8.403539453448614,-34.17979544692295,49,Banyuresmi,SRI,5,2021
530.5,283.05301671624505,198.97696635310146,474.4060662819855,174.71999999999997,20.301549904413125,0.0,813.5530167162451,669.4276161863986,3.8989425492043424,-31.175639243678965,44,Banyuresmi,SRI,5,2022
619.9000000000001,373.4941531633449,184.85517831956392,492.37975724782166,164.64,180.32445718230747,0.0,993.394153163345,837.3442144301291,-0.27995822770616335,-34.63532057617077,66,Banyuresmi,SRI,5,2023
381.59999999999997,466.1374574942547,200.46346501107712,507.54617433873426,161.76,38.61937341695379,0.0,847.7374574942546,707.9255477556881,-6.846747908321901,-33.915456104407816,78,Banyuresmi,SRI,5,2024
148.10000000000002,834.6198248089056,284.63538097270737,520.9663168724301,280.0,3.619985668914426,100.0,982.7198248089056,804.5863025413445,7.4870852584983565,-3.855112312562655,10,Banyuresmi,FL,6,2015
825.3999999999999,354.95855430475433,167.7687475855664,452.5473242686596,280.0,232.15479543604187,100.0,1180.3585543047543,964.7021197047015,20.23606013096858,0.4927639027416717,0,Banyuresmi,FL,6,2016
169.6,799.8880439008399,305.63608600479444,510.5766414008938,280.0,0.0,100.0,969.4880439008399,790.5766414008938,8.300667297587578,-3.9900649306340217,10,Banyuresmi,FL,6,2017
72.60000000000001,921.4533756640071,327.103985461038,543.7957046001156,280.0,0.0,100.0,994.0533756640071,823.7957046001156,6.888708663673932,-4.167430505598679,10,Banyuresmi,FL,6,2018
84.6,955.0040378557838,299.47534570262917,566.0776758513349,280.0,16.575275513019612,100.0,1039.6040378557839,862.6529513643545,6.808451362794094,-5.035009878514613,11,Banyuresmi,FL,6,2019
366.69999999999993,617.365877256215,214.05065220688314,494.52958953835844,280.0,33.588348985633004,100.0,984.0658772562149,808.1179385239915,12.507400768842398,-4.878956974926661,11,Banyuresmi,FL,6,2020
552.3,571.8929861427096,241.69926820098738,492.42943401059364,280.0,173.186917284648,100.0,1124.1929861427095,945.6163512952417,17.60309068340087,-6.028816767071011,10,Banyuresmi,FL,6,2021
455.20000000000005,515.9438313212385,236.6574275414153,496.18296468625624,280.0,12.214535034310506,100.0,971.1438313212385,788.3974997205668,15.907822174619149,-2.628467910202167,3,Banyuresmi,FL,6,2022
337.5,728.6778012464034,228.81536286612663,533.7827205161386,280.0,73.20438895027155,100.0,1066.1778012464033,886.9871094664102,10.914741415526796,-4.152646225618251,11,Banyuresmi,FL,6,2023
262.9,771.5396529095497,286.93194349503443,552.0629169813051,280.0,26.955240397031588,100.0,1034.4396529095497,859.0181573783367,10.786601611326587,-4.9211206260779585,8,Banyuresmi,FL,6,2024
148.10000000000002,682.5825524900672,284.63538097270737,503.2001252414071,159.35999999999999,3.619985668914426,0.0,830.6825524900672,666.1801109103214,-9.532010751321579,-32.99139067564331,84,Banyuresmi,SRI,6,2015
825.3999999999999,222.53028502410308,167.7687475855664,437.15113329438793,176.16,228.1296934377438,0.0,1047.930285024103,841.4408267321317,6.04847885560354,-22.753884372965533,45,Banyuresmi,SRI,6,2016
169.6,637.8182009611539,305.63608600479444,493.6054098253735,163.67999999999998,0.0,0.0,807.418200961154,657.2854098253734,-6.492857688192974,-34.472447332046826,77,Banyuresmi,SRI,6,2017
72.60000000000001,770.1447399459655,327.103985461038,525.3042360148813,160.32,0.0,0.0,842.7447399459655,685.6242360148813,-9.845926149408102,-33.2273523909398,83,Banyuresmi,SRI,6,2018
84.6,782.3416205067655,299.47534570262917,546.6319357612568,157.43999999999997,16.575275513019612,0.0,866.9416205067655,720.6472112742764,-10.80300870174415,-35.55519541086476,89,Banyuresmi,SRI,6,2019
366.69999999999993,462.91198018908955,214.05065220688314,477.6935842880672,164.64,29.107821933918466,0.0,829.6119801890895,671.4414062219856,-2.2213767752719957,-34.07109247002434,67,Banyuresmi,SRI,6,2020
552.3,428.88943434964455,241.69926820098738,475.79867092202153,166.07999999999998,191.18348449792393,0.0,981.1894343496444,833.0621554199454,0.6283139278860475,-31.402674618917374,65,Banyuresmi,SRI,6,2021
455.20000000000005,364.63405608265066,236.6574275414153,479.20009263385316,165.59999999999997,6.068934700654387,0.0,819.8340560826507,650.8690273345076,-2.630720749107919,-31.303700239019495,65,Banyuresmi,SRI,6,2022
337.5,542.2570296989214,228.81536286612663,515.5836950143312,162.71999999999997,55.87366930187112,0.0,879.7570296989214,734.1773643162023,-5.198573355996856,-33.27114734840204,75,Banyuresmi,SRI,6,2023
262.9,622.9839030566211,286.93194349503443,533.2249055266265,163.2,28.792023228521998,0.0,885.8839030566211,725.2169287551484,-6.145935677173689,-33.578014342967215,76,Banyuresmi,SRI,6,2024
129.5,887.1381487698686,307.0789856842822,560.7039796280335,280.0,4.188855026172025,100.0,1016.6381487698686,844.8928346542056,6.90948208861129,-6.330887794051044,10,Banyuresmi,FL,7,2015
1211.6000000000001,402.8736714735486,258.35881375537525,448.22651407105536,280.0,676.9658971229813,100.0,1614.4736714735486,1405.1924111940366,34.23376841425924,6.763663242861345,0,Banyuresmi,FL,7,2016
332.70000000000005,731.7332597122206,278.9897464961222,520.0256199138717,280.0,86.51198689118692,100.0,1064.4332597122207,886.5376068050585,11.583302665362691,-4.222817152441076,2,Banyuresmi,FL,7,2017
73.10000000000001,958.1681108269408,314.24504549349365,578.262067368619,280.0,0.0,100.0,1031.2681108269408,858.262067368619,6.507941316467114,-5.060330150562321,12,Banyuresmi,FL,7,2018
49.99999999999999,1020.545789161442,344.76663266716827,615.3725840114946,280.0,0.0,100.0,1070.545789161442,895.3725840114946,6.484446083151914,-5.027255921913019,10,Banyuresmi,FL,7,2019
340.9,683.9789086383046,234.73079489796817,523.476070065734,280.0,38.097196508814804,100.0,1024.8789086383044,841.5732665745488,9.097540914651338,-5.8007666349243925,7,Banyuresmi,FL,7,2020
399.79999999999995,618.1683760817766,209.63753366567707,514.3462486509928,280.0,46.420322559349756,100.0,1017.9683760817766,840.7665712103426,9.293412099785007,-5.488594166111214,9,Banyuresmi,FL,7,2021
509.1,533.9628084462925,218.95483074813978,504.74449469444806,280.0,53.365024474953785,100.0,1043.0628084462924,838.1095191694019,16.142680341327388,-2.8562684878744804,2,Banyuresmi,FL,7,2022
205.2,878.19635941777,269.8882973910222,588.6379760486003,280.0,42.6436803268674,100.0,1083.39635941777,911.2816563754677,8.645389095740846,-5.923170131050795,12,Banyuresmi,FL,7,2023
240.1,821.799231356204,287.5351637266541,581.0627367677259,280.0,22.5452684363692,100.0,1061.899231356204,883.6080052040951,9.543509561193746,-6.528092535284877,12,Banyuresmi,FL,7,2024
129.5,725.9730839702083,307.0789856842822,540.9074454004447,157.44,4.188855026172025,0.0,855.4730839702083,702.5363004266168,-10.932321316470764,-30.713856855116767,90,Banyuresmi,SRI,7,2015
1211.6000000000001,279.7629518276985,258.35881375537525,432.53558340385223,189.6,667.4292828436032,0.0,1491.3629518276987,1289.5648662474555,19.10970570158174,-10.587570237717781,13,Banyuresmi,SRI,7,2016
332.70000000000005,617.0410986421059,278.9897464961222,500.97307873417685,170.88,95.80266272544861,0.0,949.741098642106,767.6557414596255,-1.4107574577351487,-30.075838911880318,61,Banyuresmi,SRI,7,2017
73.10000000000001,800.5387348810501,314.24504549349365,557.8485897474267,156.48,0.0,0.0,873.6387348810501,714.3285897474267,-10.73093236580174,-36.095500648947855,90,Banyuresmi,SRI,7,2018
49.99999999999999,866.2992222903083,344.76663266716827,593.3150483587472,156.47999999999996,0.0,0.0,916.2992222903083,749.7950483587472,-11.715679725520253,-35.25662044029848,90,Banyuresmi,SRI,7,2019
340.9,522.0698160209506,234.73079489796817,504.3847060348305,162.71999999999997,45.01621002717417,0.0,862.9698160209506,712.1209160620047,-6.872231270350098,-30.38682756084767,81,Banyuresmi,SRI,7,2020
399.79999999999995,469.0673878600021,209.63753366567707,496.5730657640511,164.15999999999997,49.05115670144218,0.0,868.867387860002,709.7842224654933,-7.087743560645924,-32.04329239876635,76,Banyuresmi,SRI,7,2021
509.1,382.8036775279075,218.95483074813978,486.55219983163306,174.24,28.643104059172636,0.0,891.9036775279076,689.4353038908057,1.5261949436787325,-29.540852571487882,50,Banyuresmi,SRI,7,2022
205.2,726.7212538100457,269.8882973910222,567.5006694554814,156.95999999999998,42.68548735013402,0.0,931.9212538100458,767.1461568056154,-8.267561290364984,-35.11511056197605,87,Banyuresmi,SRI,7,2023
240.1,646.16446959655,287.5351637266541,560.1876453672869,165.12,3.8490299468475637,0.0,886.26446959655,729.1566753141344,-6.05790463146446,-32.997703385176216,75,Banyuresmi,SRI,7,2024
221.7,869.5539548847273,323.095451485183,595.3256221287409,280.0,25.64808786141508,100.0,1091.2539548847274,900.973709990156,11.025352255700655,-5.749515356305427,3,Banyuresmi,FL,8,2015
1518.2,379.2935761813315,215.22920837038083,444.11718009534513,280.0,956.6184414707279,100.0,1897.4935761813315,1680.735621566073,35.09939974418644,4.869871076278594,0,Banyuresmi,FL,8,2016
447.7,709.9480398187393,317.051724145518,537.6756591313537,280.0,128.83264598882894,100.0,1157.6480398187393,946.5083051201826,17.01889408749823,-1.6325444975980261,4,Banyuresmi,FL,8,2017
200.50000000000006,865.990049432337,344.7986022978787,590.3431741953253,280.0,5.004485815016501,100.0,1066.490049432337,875.3476600103419,9.857555863970344,-2.283504399698863,5,Banyuresmi,FL,8,2018
123.0,978.0733978530704,342.85517100927655,655.4269133580844,280.0,0.0,100.0,1101.0733978530704,935.4269133580844,6.844372179028504,-7.838218128563179,9,Banyuresmi,FL,8,2019
503.0,620.2979289670941,316.1195128639552,533.0821362632736,280.0,109.00461171641133,100.0,1123.297928967094,922.0867479796849,17.26930255444326,-0.5861889637997981,1,Banyuresmi,FL,8,2020
574.6000000000001,623.4049031377741,321.2758421017097,530.1862978819086,280.0,173.83864061591868,100.0,1198.0049031377744,984.0249384978272,15.781552796043933,-1.743307149925852,1,Banyuresmi,FL,8,2021
779.0,559.7896736956059,281.7973552519046,513.7662247027199,280.0,329.0062639651783,100.0,1338.7896736956059,1122.7724886678982,25.58473848094984,3.1130724364958997,0,Banyuresmi,FL,8,2022
200.1,950.6220117865937,307.0451814347983,639.059788271667,280.0,53.920289097774216,100.0,1150.7220117865936,972.9800773694412,6.187270102612501,-6.053198331971068,12,Banyuresmi,FL,8,2023
319.69999999999993,788.2112991328734,318.40519540225495,612.3320918947486,280.0,32.72021455403698,100.0,1107.9112991328734,925.0523064487855,9.397484484296896,-6.064844528878693,8,Banyuresmi,FL,8,2024
221.7,707.9203559594797,323.095451485183,573.336662953271,161.76,9.210523413033258,0.0,929.6203559594796,744.3071863663042,-6.755735895149597,-31.110861116543553,83,Banyuresmi,SRI,8,2015
1518.2,248.40947402124183,215.22920837038083,429.22986610021985,192.0,936.1171825390938,0.0,1766.6094740212418,1557.3470486393137,24.754907349292132,-2.4007273679418017,3,Banyuresmi,SRI,8,2016
447.7,571.8939723748822,317.051724145518,518.5192506943524,171.36,127.73163517311629,0.0,1019.5939723748822,817.6108858674687,-0.6805480294726569,-27.88684100641358,62,Banyuresmi,SRI,8,2017
200.50000000000006,733.645346842427,344.7986022978787,568.8746684918774,164.64,16.122252234960808,0.0,934.145346842427,749.6369207268382,-4.780235707321161,-28.686077093248898,78,Banyuresmi,SRI,8,2018
123.0,803.0505021789354,342.85517100927655,631.4451923824035,159.35999999999999,0.0,0.0,926.0505021789354,790.8051923824036,-9.900821091784552,-34.95442156957796,89,Banyuresmi,SRI,8,2019
503.0,521.3667738919523,316.1195128639552,514.0916095107436,174.72,130.45099574263662,0.0,1024.3667738919523,819.2626052533803,3.8495676966870582,-29.354651151783056,49,Banyuresmi,SRI,8,2020
574.6000000000001,512.7264050507757,321.2758421017097,511.1945576592674,174.23999999999998,197.91188275156145,0.0,1087.326405050776,883.3464404108288,1.9756556964032916,-29.1997479407642,53,Banyuresmi,SRI,8,2021
779.0,381.11721622291043,281.7973552519046,496.02193303009875,182.39999999999998,275.678098165104,0.0,1160.1172162229104,954.1000311952027,10.44934684393343,-26.27489475203815,31,Banyuresmi,SRI,8,2022
200.1,786.3651780912357,307.0451814347983,615.3112835916211,158.39999999999998,53.920289097774216,0.0,986.4651780912358,827.6315726893953,-10.111777286217663,-34.37104534445524,94,Banyuresmi,SRI,8,2023
319.69999999999993,619.7605898675606,318.40519540225495,590.1350489398476,162.24,16.530023687259835,0.0,939.4605898675605,768.9050726271074,-8.666344990992652,-32.24524499555834,84,Banyuresmi,SRI,8,2024
643.0,743.200771133585,339.6931324185659,583.4675950204174,280.0,314.4054379045028,100.0,1386.200771133585,1177.8730329249202,20.502288658518417,-1.7386134287542925,1,Banyuresmi,FL,9,2015
1961.3999999999999,361.97875796985255,219.597642684896,443.0360349539303,280.0,1385.0738414426933,100.0,2323.3787579698524,2108.109876396624,38.52019136143443,4.748440562831845,0,Banyuresmi,FL,9,2016
716.3000000000001,609.7361915026218,350.7909349641828,527.5159203447356,280.0,309.39540158994043,100.0,1326.036191502622,1116.911321934676,29.01540388395239,-0.5789967404799281,1,Banyuresmi,FL,9,2017
430.69999999999993,732.492193501256,348.1168481907476,582.5738137705105,280.0,102.19112481244778,100.0,1163.192193501256,964.7649385829583,16.413386721514645,-4.860381068709279,5,Banyuresmi,FL,9,2018
367.09999999999997,820.070980594617,356.0225073858157,659.4677571018192,280.0,43.21460194738512,100.0,1187.170980594617,982.6823590492043,16.17473897577289,-1.9988370135885374,2,Banyuresmi,FL,9,2019
846.3,534.8543712121332,302.6375607510669,524.8526920635597,280.0,364.7219697162633,100.0,1381.1543712121331,1169.5746617798231,30.455097676056706,4.584211002555127,0,Banyuresmi,FL,9,2020
922.4000000000001,522.1957654020991,299.82024972520543,527.7400786851929,280.0,424.4106302607574,100.0,1444.5957654020992,1232.1507089459503,24.673891202071385,-1.743307149925852,2,Banyuresmi,FL,9,2021
1057.4,479.11797052800665,306.5941857944187,521.5530953845971,280.0,527.6689429133705,100.0,1536.5179705280068,1329.2220382979676,35.16855832537486,4.020602798308023,0,Banyuresmi,FL,9,2022
218.39999999999998,891.8903398216669,347.52956396752114,661.4590068242023,280.0,0.0,100.0,1110.2903398216667,941.4590068242023,9.94279016049123,-4.421722811241397,4,Banyuresmi,FL,9,2023
740.4,665.0358996730979,361.02113111536687,603.4054042915458,280.0,323.9612336814962,100.0,1405.435899673098,1207.366637973042,23.209133257893118,-1.280892760633277,2,Banyuresmi,FL,9,2024
643.0,603.171955845705,339.6931324185659,562.717204259799,176.16,308.96701337724124,0.0,1246.171955845705,1047.8442176370402,5.50131666235492,-28.816593692217168,52,Banyuresmi,SRI,9,2015
1961.3999999999999,247.25119111561116,219.597642684896,428.7509127045551,192.0,1382.6313968378272,0.0,2208.6511911156113,2003.3823095423822,28.98481852547453,-4.983953753294412,3,Banyuresmi,SRI,9,2016
716.3000000000001,463.2617457592288,350.7909349641828,510.3801318132072,186.71999999999997,283.33674437807576,0.0,1179.5617457592289,980.4368761912829,14.26360508129506,-14.353879295711614,28,Banyuresmi,SRI,9,2017
430.69999999999993,602.639720385023,348.1168481907476,562.7373826831808,179.52,100.13220909992742,0.0,1033.339720385023,842.3895917831082,4.607533178352701,-29.58826659612877,49,Banyuresmi,SRI,9,2018
367.09999999999997,698.0223126616388,356.0225073858157,636.1828577223823,171.84,62.610833393843656,0.0,1065.1223126616387,870.633691116226,0.48846211576113807,-30.243304069844207,64,Banyuresmi,SRI,9,2019
846.3,396.9288691308901,302.6375607510669,507.49380427658195,186.71999999999997,347.4353554219978,0.0,1243.22886913089,1041.6491596985798,15.289806172461015,-20.703934873230402,24,Banyuresmi,SRI,9,2020
922.4000000000001,381.2345382746974,299.82024972520543,509.73894433611895,182.39999999999998,409.05053748242955,0.0,1303.6345382746974,1101.1894818185485,12.90476683879564,-25.679300252739054,28,Banyuresmi,SRI,9,2021
1057.4,332.64924717115065,306.5941857944187,504.3606251745089,189.59999999999997,497.9593286179425,0.0,1390.0492471711507,1191.9199537924515,23.613878659717717,-19.02776185996708,10,Banyuresmi,SRI,9,2022
218.39999999999998,721.1778871057445,347.52956396752114,638.0634129213029,165.59999999999997,0.0,0.0,939.5778871057445,803.6634129213028,-6.186162853101489,-31.50147144570339,79,Banyuresmi,SRI,9,2023
740.4,542.6789065855983,361.02113111536687,582.6726433523095,179.04000000000002,332.45643706244044,0.0,1283.0789065855984,1094.16908041475,7.798280463770941,-28.368330258071232,41,Banyuresmi,SRI,9,2024
925.5999999999999,627.4791931959414,349.7675097505403,572.7716192073494,280.0,508.9802100968151,100.0,1553.0791931959413,1361.7518293041644,28.12980717052482,5.281365130493332,0,Banyuresmi,FL,10,2015
1980.8,245.5716656987887,145.5716656987887,444.86094096664294,280.0,1288.0638923505953,100.0,2226.3716656987885,2012.9248333172382,40.59763762011941,5.053926711473018,0,Banyuresmi,FL,10,2016
915.5,442.8837027486601,295.30998158338883,515.120301536429,280.0,382.0291148068357,100.0,1358.3837027486602,1177.1494163432646,30.08992318215969,-2.4568218200617444,3,Banyuresmi,FL,10,2017
717.8,618.232099535954,343.42171004068825,565.0609683793955,280.0,287.4617090900277,100.0,1336.0320995359539,1132.5226774694231,27.39217432478921,3.8293619930460565,0,Banyuresmi,FL,10,2018
719.6,671.9187066940077,359.47572002825206,635.4503144647285,280.0,280.3944419130051,100.0,1391.5187066940077,1195.8447563777336,25.409561489476506,-0.27943819916913526,1,Banyuresmi,FL,10,2019
1384.6999999999998,483.80622335245374,317.48929420020863,504.08680590635515,280.0,885.7386698161879,100.0,1868.5062233524536,1669.8254757225432,36.96217439418329,4.656405427358441,0,Banyuresmi,FL,10,2020
1274.9,474.67606140164736,252.93064391477301,523.8914677627743,280.0,735.3259232727519,100.0,1749.5760614016474,1539.2173910355261,33.234042743029924,4.189580831046833,0,Banyuresmi,FL,10,2021
1282.1999999999998,354.05671620200286,254.0567162020028,510.20218530501404,280.0,652.0474747214334,100.0,1636.2567162020027,1442.2496600264476,39.973751871901335,7.375999069270836,0,Banyuresmi,FL,10,2022
531.5999999999999,755.240213371326,366.51864440028686,655.733205241504,280.0,153.59585620115837,100.0,1286.840213371326,1089.3290614426624,19.90020446124512,0.34475834110170656,0,Banyuresmi,FL,10,2023
1049.2,560.5662057799987,282.99837058967944,568.2277378169474,280.0,558.4451769389227,100.0,1609.7662057799987,1406.6729147558701,30.92270477291428,4.010120513678355,0,Banyuresmi,FL,10,2024
925.5999999999999,500.9645209477178,349.7675097505403,554.9209205260515,187.2,499.7644534070019,0.0,1426.5645209477177,1241.8853739330534,17.300004025196237,-24.487569957178476,22,Banyuresmi,SRI,10,2015
1980.8,145.5716656987887,145.5716656987887,430.1108230118342,192.0,1299.9802130989965,0.0,2126.3716656987885,1922.0910361108308,31.86843575092485,1.6486286657820903,0,Banyuresmi,SRI,10,2016
915.5,295.3099815833889,295.30998158338883,498.7656869348799,187.2,346.95280487247766,0.0,1210.809981583389,1032.9184918073574,17.840040531832845,-15.277891483266387,15,Banyuresmi,SRI,10,2017
717.8,456.6701624615928,343.42171004068825,547.4435825399319,184.8,248.71715785513004,0.0,1174.4701624615927,980.9607403950619,16.097319812009253,-17.106756926683786,29,Banyuresmi,SRI,10,2018
719.6,530.797439976338,359.47572002825206,614.7254795081659,181.44,268.01552764032203,0.0,1250.3974399763379,1064.1810071484879,10.19434730297946,-26.959990723341356,38,Banyuresmi,SRI,10,2019
1384.6999999999998,352.50128451639085,317.48929420020863,488.4209859681389,192.0,864.7629243095921,0.0,1737.2012845163906,1545.183910277731,25.77672408434054,-4.273767857420559,8,Banyuresmi,SRI,10,2020
1274.9,322.6646825019819,252.93064391477301,507.0739236393722,189.59999999999997,700.3627398288705,0.0,1597.564682501982,1397.0366634682428,22.43326008541903,-14.534760132771442,16,Banyuresmi,SRI,10,2021
1282.1999999999998,254.05671620200283,254.0567162020028,493.69049112084514,192.0,659.0064587864906,0.0,1536.2567162020027,1344.6969499073357,31.36976531498789,8.213860464624592,0,Banyuresmi,SRI,10,2022
531.5999999999999,626.8660233813507,366.51864440028686,634.0017065310426,175.2,161.75316492164447,0.0,1158.4660233813506,970.9548714526871,1.918851861915456,-27.375480616340617,56,Banyuresmi,SRI,10,2023
1049.2,411.2876150460088,282.99837058967944,550.363402582439,188.15999999999997,528.8709214394412,0.0,1460.4876150460088,1267.39432402188,16.247774103292365,-23.34814933614566,22,Banyuresmi,SRI,10,2024
1525.9,460.3036370025861,333.4892874545549,528.4815711338754,280.0,984.7669173851386,100.0,1986.2036370025862,1793.248488519014,37.93765427787916,6.485650451968924,0,Banyuresmi,FL,11,2015
1877.9,197.54230780871123,82.84230780871121,442.38823892272137,280.0,1139.9721945318483,100.0,2075.442307808711,1862.3604334545698,39.279937443798744,14.9321339486271,0,Banyuresmi,FL,11,2016
1025.7,396.312780479373,255.81811247650484,481.6401122590903,280.0,460.4384509525669,100.0,1422.012780479373,1222.0785632116572,35.34056000659621,3.0915897859522374,0,Banyuresmi,FL,11,2017
1131.9,440.20866566149675,323.40866566149674,534.1128847699088,280.0,558.8039793101449,100.0,1572.1086656614968,1372.9168640800535,36.07884082341295,9.020612858678607,0,Banyuresmi,FL,11,2018
1289.1,530.5873037730341,356.06612743417304,584.9871487554831,280.0,760.9993285195837,100.0,1819.687303773034,1625.9864772750668,36.088211856916466,4.447823200387151,0,Banyuresmi,FL,11,2019
1625.5,274.26720318042305,174.26720318042302,459.98007837832813,280.0,946.1146650998672,100.0,1899.7672031804232,1686.0947434781954,36.37622419021653,8.580569350479319,0,Banyuresmi,FL,11,2020
1367.6000000000004,377.4813179637975,267.1813179637975,517.8243498559286,280.0,750.1609277376292,100.0,1745.0813179637978,1547.9852775935578,39.48226350934686,13.290456614167617,0,Banyuresmi,FL,11,2021
1495.1999999999998,259.03113191610686,136.26155739995187,483.5789953814312,280.0,776.2683185719602,100.0,1754.2311319161067,1539.8473139533914,40.0151362424272,8.530425483844997,0,Banyuresmi,FL,11,2022
801.9000000000001,580.2632752547759,354.47947539948626,619.05086492142,280.0,293.0206426810497,100.0,1382.163275254776,1192.0715076024699,27.6490615575824,-0.6368924128739364,1,Banyuresmi,FL,11,2023
1183.5,457.6318808604046,336.1723873620594,547.226034599591,280.0,616.0062429769812,100.0,1641.1318808604046,1443.2322775765722,34.33655440284105,-0.8847097008640761,2,Banyuresmi,FL,11,2024
1525.9,348.6094355219125,333.4892874545549,512.1618799504156,192.0,986.5539169223703,0.0,1874.5094355219126,1690.7157968727859,28.970575847456246,-5.320148067357502,2,Banyuresmi,SRI,11,2015
1877.9,82.84230780871123,82.84230780871121,427.045618016884,192.0,1129.561433122627,0.0,1960.7423078087113,1748.607051139511,29.52081128411224,1.0625088600268322,0,Banyuresmi,SRI,11,2016
1025.7,271.39800952356273,255.81811247650484,466.44526385300617,190.56,448.4696638728997,0.0,1297.0980095235627,1105.474927725906,24.464314228502335,-5.803303332213955,10,Banyuresmi,SRI,11,2017
1131.9,323.40866566149674,323.40866566149674,517.3926325995244,192.0,555.8948482275525,0.0,1455.308665661497,1265.287480827077,27.67643364387298,-4.318236229455073,5,Banyuresmi,SRI,11,2018
1289.1,390.43993113366355,356.06612743417304,567.0273643108128,191.04,737.7717403248832,0.0,1679.5399311336635,1495.839104635696,25.95692706299579,-9.016402951306942,6,Banyuresmi,SRI,11,2019
1625.5,174.26720318042305,174.26720318042302,445.45864759937785,192.0,958.6360958788176,0.0,1799.7672031804232,1596.0947434781956,31.250579269311977,15.929630207235768,0,Banyuresmi,SRI,11,2020
1367.6000000000004,267.1813179637975,267.1813179637975,500.85055260206695,192.0,747.3386027335215,0.0,1634.7813179637978,1440.1891553355886,30.64085584518473,5.888666509805916,0,Banyuresmi,SRI,11,2021
1495.1999999999998,147.3443044456499,136.26155739995187,467.13047311860464,192.0,779.0300133643299,0.0,1642.5443044456497,1438.1604864829346,30.410321546084216,-2.0827470456980244,1,Banyuresmi,SRI,11,2022
801.9000000000001,433.1737659337314,354.47947539948626,599.6199376515528,183.36,271.15867963232074,0.0,1235.0737659337315,1054.1386172838736,10.766964037384547,-26.28045375178519,34,Banyuresmi,SRI,11,2023
1183.5,336.1723873620594,336.1723873620594,531.069684214804,192.0,608.7030998634232,0.0,1519.6723873620595,1331.7727840782272,26.358183298049116,-3.201758022316904,4,Banyuresmi,SRI,11,2024
1960.4,305.22620158358643,193.03092233814726,481.04872862248226,280.0,1292.6752703969655,100.0,2265.6262015835864,2053.7239990194475,39.10800600465937,4.598174507371295,0,Banyuresmi,FL,12,2015
1654.6,187.69749405322548,87.69749405322548,462.0945026823284,280.0,883.6324453082534,100.0,1842.2974940532254,1625.7269479905817,40.51442662731051,6.0751254459458295,0,Banyuresmi,FL,12,2016
1406.0,286.22770364537416,147.22502479301443,474.7840188091975,280.0,720.6154465202953,100.0,1692.2277036453743,1475.3994653294928,36.30193701239565,3.7087288149405326,0,Banyuresmi,FL,12,2017
1354.3999999999999,319.6127754241324,201.0127754241324,498.9908483505854,280.0,682.6583752485858,100.0,1674.0127754241323,1461.6492235991711,40.23240776741249,8.79994451794835,0,Banyuresmi,FL,12,2018
1690.3,371.8985627624087,261.2985627624086,528.6518716531768,280.0,1064.391183925681,100.0,2062.1985627624085,1873.0430555788578,36.01543924208988,13.285665668433365,0,Banyuresmi,FL,12,2019
1672.6000000000001,268.0464682872768,168.04646828727678,457.6832973943416,280.0,988.86772210196,100.0,1940.646468287277,1726.5510194963017,40.58237040505994,11.176785647361086,0,Banyuresmi,FL,12,2020
1613.6,176.03956473775912,76.03956473775914,494.2245251517023,280.0,798.2621894012937,100.0,1789.639564737759,1572.486714552996,40.78183470055526,20.568764607667944,0,Banyuresmi,FL,12,2021
1447.1,231.02195457141386,131.02195457141386,484.98719588155956,280.0,733.2103621392513,100.0,1678.1219545714139,1498.197558020811,40.047025088613175,5.306543279087835,0,Banyuresmi,FL,12,2022
1080.9999999999998,465.953327188727,265.7517791151594,572.8261131311592,280.0,506.3203724818404,100.0,1546.9533271887267,1359.1464856129996,31.55372290542615,3.7842299642018107,0,Banyuresmi,FL,12,2023
1476.8,211.8405129947519,111.84051299475188,512.4035686824882,280.0,686.5634497411778,100.0,1688.6405129947518,1478.967018423666,42.20487099691267,7.1592079738252945,0,Banyuresmi,FL,12,2024
1960.4,193.03092233814723,193.03092233814726,465.2600012785333,192.0,1294.2687184954752,0.0,2153.4309223381474,1951.5287197740086,30.139294836408727,6.266509413238907,0,Banyuresmi,SRI,12,2015
1654.6,87.69749405322548,87.69749405322548,446.24749962503813,192.0,896.6471315085431,0.0,1742.2974940532254,1534.8946311335812,30.269629572907654,6.906064797966168,0,Banyuresmi,SRI,12,2016
1406.0,171.87614955056466,147.22502479301443,458.7209171801586,192.0,720.3269940545248,0.0,1577.8761495505646,1371.0479112346834,27.0797736730454,-3.5673702675366883,2,Banyuresmi,SRI,12,2017
1354.3999999999999,212.98678229198848,201.0127754241324,482.0907836375669,192.0,690.680302745136,0.0,1567.3867822919883,1364.7710863827028,31.210422186246053,-3.474006867856064,1,Banyuresmi,SRI,12,2018
1690.3,261.29856276240866,261.2985627624086,512.1990246601824,192.0,1058.2252109012015,0.0,1951.5985627624086,1762.424235561384,29.589024386775986,4.220496398636404,0,Banyuresmi,SRI,12,2019
1672.6000000000001,168.04646828727675,168.04646828727678,443.1719118074403,192.0,1001.3791076888613,0.0,1840.646468287277,1636.5510194963017,32.50173802013388,12.007708561743652,0,Banyuresmi,SRI,12,2020
1613.6,76.03956473775915,76.03956473775914,477.3903187249805,192.0,813.0963958280157,0.0,1689.639564737759,1482.486714552996,31.483102583022028,15.445084970320028,0,Banyuresmi,SRI,12,2021
1447.1,131.02195457141386,131.02195457141386,469.6302220793151,192.0,737.3076756011667,0.0,1578.1219545714139,1398.937897680482,30.119512273206073,1.2093381050012821,0,Banyuresmi,SRI,12,2022
1080.9999999999998,314.91429315962085,265.7517791151594,554.1730089195268,190.56,468.1650959282594,0.0,1395.9142931596207,1212.8981048477863,22.6062090300799,-15.669302959123002,8,Banyuresmi,SRI,12,2023
1476.8,111.84051299475188,111.84051299475188,495.4618288263572,192.0,701.5051895973089,0.0,1588.6405129947518,1388.967018423666,30.741154482122464,-2.5920096678619298,3,Banyuresmi,SRI,12,2024
2031.0000000000002,223.0559355120721,123.05593551207205,466.0754344978565,280.0,1294.2041979505414,100.0,2254.055935512072,2040.279632448398,43.03927723582344,31.183725101842626,0,Cibatu,FL,1,2016
1427.8000000000002,186.3080405560725,73.30804055607251,475.9689431993397,280.0,644.6970915234724,100.0,1614.1080405560726,1400.6660347228121,36.93525404230212,8.876925052068586,0,Cibatu,FL,1,2017
1105.2,328.0214915890652,195.79859156583743,489.7849968278168,280.0,492.3035471957911,100.0,1433.2214915890652,1262.088544023608,32.989906574456775,-5.132575489295768,5,Cibatu,FL,1,2018
1611.9,240.01263519022865,129.8117414982069,485.4581867755132,280.0,875.1678084158428,100.0,1851.9126351902287,1640.6259951913562,41.595596855596504,7.599106307978268,0,Cibatu,FL,1,2019
1950.8000000000002,213.71404302018738,113.71404302018738,489.4785839384123,280.0,1187.6194740061635,100.0,2164.5140430201877,1957.0980579445759,42.627539164543286,23.531981850222397,0,Cibatu,FL,1,2020
1785.7000000000003,210.783957201674,95.48395720167403,444.50501400377186,280.0,1068.9125932413785,100.0,1996.4839572016742,1793.4176072451505,41.81090769452937,14.424631495120565,0,Cibatu,FL,1,2021
1326.0,247.5159078754715,112.34229937689028,502.29779973279864,280.0,574.5177500603154,100.0,1573.5159078754714,1356.815549793114,39.999676351991184,3.9263915014187596,0,Cibatu,FL,1,2022
1175.0,241.49686785119405,101.31214740889331,492.20674344028276,280.0,431.7353307919458,100.0,1416.496867851194,1203.9420742322286,34.17656977329116,3.581502115612187,0,Cibatu,FL,1,2023
1369.3,308.3701995464032,208.37019954640323,552.3799633605535,280.0,652.5127638635847,100.0,1677.6701995464032,1484.892727224138,35.57261669242639,0.44362233533996775,0,Cibatu,FL,1,2024
2031.0000000000002,123.05593551207208,123.05593551207205,450.6731598519376,192.0,1306.772476996283,0.0,2154.055935512072,1949.4456368482206,33.39533368488869,15.515045508146311,0,Cibatu,SRI,1,2016
1427.8000000000002,73.30804055607251,73.30804055607251,459.8430292134008,192.0,642.2759549983816,0.0,1501.1080405560726,1294.1189842117824,28.167008852314265,0.5767078888054344,0,Cibatu,SRI,1,2017
1105.2,206.9982389956416,195.79859156583743,473.2353570808899,190.55999999999997,478.08740065844154,0.0,1312.1982389956415,1141.8827577393313,26.933126660134477,-5.950041798442888,6,Cibatu,SRI,1,2018
1611.9,129.8117414982069,129.8117414982069,469.20776998281804,192.0,878.3825509728475,0.0,1741.711741498207,1539.5903209556654,32.181176740319735,6.182624923264749,0,Cibatu,SRI,1,2019
1950.8000000000002,113.71404302018738,113.71404302018738,473.6193823840043,192.0,1200.6411866050316,0.0,2064.5140430201877,1866.260568989036,33.358634228728405,22.619567399318758,0,Cibatu,SRI,1,2020
1785.7000000000003,95.48395720167403,95.48395720167403,429.5229035000822,192.0,1063.2427284866153,0.0,1881.1839572016743,1684.7656319866974,32.15858355490735,0.7778529654659057,0,Cibatu,SRI,1,2021
1326.0,134.99636719726777,112.34229937689028,485.0944914839286,192.0,577.2015176309816,0.0,1460.9963671972678,1254.2960091149102,30.84641504649363,-3.6219345263394804,2,Cibatu,SRI,1,2022
1175.0,116.20844151823403,101.31214740889331,476.01003550123636,192.0,417.30325764687296,0.0,1291.208441518234,1085.3132931481093,23.913197789908885,-5.7962941093407,7,Cibatu,SRI,1,2023
1369.3,208.37019954640323,208.37019954640323,534.3988283013662,192.0,664.3049366365175,0.0,1577.6701995464032,1390.7037649378835,29.47544838605,4.3795800441442045,0,Cibatu,SRI,1,2024
2036.1,202.3173107506687,66.32029725051802,465.6296410989453,280.0,1318.292596171669,100.0,2238.4173107506685,2063.9222372706145,39.13684246046498,-5.027429680013352,4,Cibatu,FL,2,2015
1761.9,236.5281609332257,136.52816093322565,467.92391804347216,280.0,1059.7002199730869,100.0,1998.4281609332259,1807.624138016559,41.976091508256715,7.942695316848682,0,Cibatu,FL,2,2016
1041.1999999999998,293.5333884059462,154.4425524799922,480.59375044940504,280.0,397.94386671685686,100.0,1334.733388405946,1158.537617166262,32.2585680228433,-5.879088175335735,4,Cibatu,FL,2,2017
997.9,380.36368645948164,183.59777537333267,494.6833966979855,280.0,419.99530088651045,100.0,1378.2636864594815,1194.678697584496,31.676829109961748,-5.545643882308279,9,Cibatu,FL,2,2018
1430.3000000000002,246.57596328097793,135.03992211581345,485.9297369008202,280.0,737.0586427552429,100.0,1676.875963280978,1502.988379656063,37.06672663526273,-2.4360411651644664,2,Cibatu,FL,2,2019
1787.7,196.68691979069894,96.68691979069891,474.15087884263,280.0,1021.9428763695582,100.0,1984.386919790699,1776.0937552121882,41.97682563909004,13.145801820366046,0,Cibatu,FL,2,2020
1472.1000000000001,268.48339283879193,89.12857784137661,461.93472411267385,280.0,786.5145901200858,100.0,1740.583392838792,1528.4493142327597,33.4852347693572,-5.49745297440985,8,Cibatu,FL,2,2021
1193.4,280.6406416606593,163.44064166065928,507.08755436446387,280.0,490.27728363101147,100.0,1474.0406416606593,1277.3648379954752,39.32405646695432,12.185220341395901,0,Cibatu,FL,2,2022
1119.9,297.1449385334896,170.11837555549803,500.2694150325229,280.0,468.6176795652843,100.0,1417.0449385334896,1248.8870945978072,37.20801101223076,-5.0233836252822215,1,Cibatu,FL,2,2023
1290.3,264.5219038006269,104.86215377399311,536.1082333339334,280.0,561.734927037468,100.0,1554.8219038006268,1377.8431603714014,33.42347215524612,-4.80398505053785,8,Cibatu,FL,2,2024
2036.1,66.32029725051802,66.32029725051802,450.0836075274162,187.2,1317.5665027517675,0.0,2102.420297250518,1954.8501102791838,29.16148778561615,-29.37432553703128,11,Cibatu,SRI,2,2015
1761.9,136.52816093322568,136.52816093322565,452.15198103502706,192.0,1065.9774931079714,0.0,1898.4281609332259,1710.1294741429986,32.61974684810839,8.768015165196715,0,Cibatu,SRI,2,2016
1041.1999999999998,154.4425524799922,154.4425524799922,464.0702339423069,188.64,399.10494730812894,0.0,1195.642552479992,1051.815181250436,24.653098287226936,-34.13333524589466,8,Cibatu,SRI,2,2017
997.9,249.2944409550462,183.59777537333267,477.3641435453228,178.07999999999998,417.4491286929065,0.0,1247.1944409550463,1072.8932722382292,16.516420706923995,-32.94082564874731,35,Cibatu,SRI,2,2018
1430.3000000000002,135.03992211581345,135.03992211581345,469.5844263078561,191.03999999999996,735.559048656686,0.0,1565.3399221158136,1396.183474964542,29.463087058882387,-7.010087918180854,3,Cibatu,SRI,2,2019
1787.7,96.68691979069891,96.68691979069891,458.04783362097527,192.0,1030.7918157385725,0.0,1884.386919790699,1680.8396493595478,33.090761934027356,13.975051307293116,0,Cibatu,SRI,2,2020
1472.1000000000001,119.38647080209921,89.12857784137661,445.43248567225413,185.28,756.1427429408176,0.0,1591.4864708020993,1386.8552286130716,23.020832031153756,-32.2578929607226,18,Cibatu,SRI,2,2021
1193.4,163.44064166065928,163.44064166065928,489.9231611527192,192.0,472.6498097370025,0.0,1356.8406416606595,1154.5729708897218,30.61450826436963,-2.179331549789217,1,Cibatu,SRI,2,2022
1119.9,183.0021012762818,170.11837555549803,482.89629623374833,191.51999999999998,461.4944050723244,0.0,1302.9021012762819,1135.9107013060727,26.587695129422176,-6.189827590755721,3,Cibatu,SRI,2,2023
1290.3,135.68717374285126,104.86215377399311,517.8967207947676,185.27999999999997,558.7424211672162,0.0,1425.9871737428512,1261.9191419619838,24.834874888344192,-30.825019968858165,15,Cibatu,SRI,2,2024
1634.1000000000001,271.06170698710145,45.27753439885948,472.06522922729187,280.0,972.7808852547988,100.0,1905.1617069871015,1724.8461144820908,31.901000797002503,-5.545665102151659,8,Cibatu,FL,3,2015
1628.3000000000002,170.57592549622956,48.361859540671354,453.0370958971795,280.0,879.4034696163096,100.0,1798.8759254962297,1612.4405655134892,36.030585870874575,-2.2140659555581843,1,Cibatu,FL,3,2016
887.8999999999999,349.08509509998623,146.0823064061823,483.72065319526394,280.0,295.224925106931,100.0,1236.9850950999862,1058.945578302195,30.230670207699625,-3.952078864957055,8,Cibatu,FL,3,2017
812.3000000000001,392.70115964969625,114.44252809417083,510.9590990222441,280.0,239.9725325156478,100.0,1205.0011596496963,1030.931631537892,23.35919338094583,-5.629235744455061,11,Cibatu,FL,3,2018
1202.8,324.7579933097719,97.2220137309461,494.2727728413391,280.0,575.5329550416748,100.0,1527.557993309772,1349.8057278830138,32.2604144120042,-5.3138729660759845,10,Cibatu,FL,3,2019
1659.1,136.96074223710968,36.96074223710969,460.6274764574841,280.0,863.5930360993246,100.0,1796.0607422371095,1604.220512556809,40.75317162041343,11.651299547143298,0,Cibatu,FL,3,2020
1235.5,226.64254456178685,96.92958696198295,472.4783533528392,280.0,509.1158944735754,100.0,1462.142544561787,1261.5942478264146,31.521652844542153,-4.523775009197799,4,Cibatu,FL,3,2021
1153.9,262.9247821598993,146.52478215989927,488.56350298162266,280.0,433.9712079203291,100.0,1416.8247821598993,1202.5347109019517,41.179121483023614,15.002545048209257,0,Cibatu,FL,3,2022
990.6000000000001,306.21545067925456,121.14982754632155,494.3452003872656,280.0,339.6397821330498,100.0,1296.8154506792548,1113.9849825203153,27.855447004890223,-4.444348871118452,10,Cibatu,FL,3,2023
1052.9,243.42017799361324,93.71659329483627,529.34223612693,280.0,317.0627885497153,100.0,1296.3201779936132,1126.4050246766453,27.7916731365557,-3.876234595880017,7,Cibatu,FL,3,2024
1634.1000000000001,145.52649788111145,45.27753439885948,456.1494166091127,174.71999999999997,977.1262381046713,0.0,1779.6264978811116,1607.995654713784,17.292137442213708,-33.48778268456208,39,Cibatu,SRI,3,2015
1628.3000000000002,48.361859540671354,48.361859540671354,437.4091508943043,192.0,857.2970510004604,0.0,1676.6618595406715,1486.7062018947647,29.01571105614968,-0.3723370323085531,1,Cibatu,SRI,3,2016
887.8999999999999,210.1315082865887,146.0823064061823,467.0886441943002,176.15999999999997,298.20926593219644,0.0,1098.0315082865886,941.4579101264966,16.20400353823589,-31.74590222112367,35,Cibatu,SRI,3,2017
812.3000000000001,272.6947260391298,114.44252809417083,493.39673105235676,172.31999999999996,252.5721847216012,0.0,1084.99472603913,918.2889157739579,8.109159764283207,-32.389977121637735,47,Cibatu,SRI,3,2018
1202.8,193.51925577979813,97.2220137309461,477.62422109555996,179.04,575.1393405290171,0.0,1396.3192557797981,1231.803561624577,18.835011804218638,-34.14768192591613,30,Cibatu,SRI,3,2019
1659.1,36.9607422371097,36.96074223710969,444.7851489738401,192.0,870.7739473881795,0.0,1696.0607422371097,1507.5590963620195,31.72157491294311,8.312715741932415,0,Cibatu,SRI,3,2020
1235.5,96.92958696198293,96.92958696198295,455.83680058396624,187.67999999999998,490.8396030640501,0.0,1332.429586961983,1134.3564036480163,21.735366728261422,-25.277234033084866,12,Cibatu,SRI,3,2021
1153.9,146.52478215989927,146.52478215989927,471.78491111231824,192.0,431.2899577411953,0.0,1300.4247821598995,1095.0748688535136,30.633429149679586,-0.5092468378313089,1,Cibatu,SRI,3,2022
990.6000000000001,183.3832171274802,121.14982754632155,477.0071991922424,180.96,329.5112373956606,0.0,1173.9832171274804,987.478436587903,17.219083134471873,-31.59457003581481,26,Cibatu,SRI,3,2023
1052.9,128.1813622100862,93.71659329483627,511.1649898595117,178.55999999999997,341.02504433931273,0.0,1181.0813622100864,1030.7500341988243,16.110712261454285,-29.464768915249934,32,Cibatu,SRI,3,2024
1034.9,398.4412660646887,76.67034376902039,481.08376373747615,280.0,496.0092124734331,100.0,1433.3412660646889,1257.0929762109092,23.06813647235401,-4.73359137356238,10,Cibatu,FL,4,2015
971.3,258.7617939563104,78.6524358427767,462.29707834841736,280.0,308.1570399839353,100.0,1230.0617939563103,1050.4541183323527,31.27802311413305,-5.343608156575234,10,Cibatu,FL,4,2016
660.9999999999999,442.4849016093349,162.77746247268757,485.6014402833732,280.0,159.69032265241793,100.0,1103.4849016093349,925.2917629357912,19.116465305707223,-4.980163930365812,12,Cibatu,FL,4,2017
467.29999999999995,570.9741805509598,148.25198192940593,516.2839049004629,280.0,71.43191412771885,100.0,1038.2741805509597,867.7158190281817,7.218989238651262,-5.489235769075496,13,Cibatu,FL,4,2018
733.1999999999999,501.13087392401724,136.31267924447383,505.10506041538974,280.0,267.86686673323544,100.0,1234.3308739240172,1052.9719271486251,23.050282220966427,-5.437584165007431,11,Cibatu,FL,4,2019
1253.7,293.48229213136716,102.50568797622716,469.0410438134378,280.0,625.8970792672862,100.0,1547.1822921313671,1374.938123080724,32.726038706977704,-4.615797850600725,9,Cibatu,FL,4,2020
942.2,238.54836715887535,71.34605142461659,479.508036210045,280.0,248.20160073957203,100.0,1180.7483671588755,1007.7096369496171,28.185195101328844,-3.453442794707593,6,Cibatu,FL,4,2021
1012.4,229.35362151375185,92.40009045849334,484.4193084071502,280.0,291.8788731981638,100.0,1241.7536215137518,1056.2981816053139,34.18981509390561,-4.633960348638718,6,Cibatu,FL,4,2022
780.8,427.30643685776863,159.3278663102396,513.804913881296,280.0,239.43665734943062,100.0,1208.1064368577686,1033.2415712307265,21.558115279502317,-3.6285437478407516,9,Cibatu,FL,4,2023
782.5,323.6344302822655,150.55897176658723,519.2360914468863,280.0,137.66306222293954,100.0,1106.1344302822654,936.8991536698259,22.632118355767055,-2.718980205940894,3,Cibatu,FL,4,2024
1034.9,269.74687667100113,76.67034376902039,464.4271567049823,167.03999999999996,522.8182583959197,0.0,1304.6468766710013,1154.285415100902,5.401429973087849,-33.385412900796894,60,Cibatu,SRI,4,2015
971.3,111.65880124587758,78.6524358427767,447.0446228192872,178.56,300.1766107103264,0.0,1082.9588012458776,925.7812335296136,15.964691874441678,-33.00636540310088,29,Cibatu,SRI,4,2016
660.9999999999999,318.7036895511796,162.77746247268757,469.4938786699204,168.95999999999998,174.4357259834308,0.0,979.7036895511794,812.8896046533512,4.820451111281787,-33.476128756033916,56,Cibatu,SRI,4,2017
467.29999999999995,423.32270874357334,148.25198192940593,499.2217391470506,161.27999999999997,71.43191412771885,0.0,890.6227087435733,731.9336532747694,-8.09343143018531,-33.82500381857332,78,Cibatu,SRI,4,2018
733.1999999999999,360.85989742480535,136.31267924447383,487.80909719957936,167.51999999999998,266.0600241181369,0.0,1094.0598974248053,921.3891213177162,7.016274518412666,-33.296270429569255,57,Cibatu,SRI,4,2019
1253.7,135.8705014318769,102.50568797622716,453.72913989068957,181.44,597.732211951632,0.0,1389.570501431877,1232.9013518423217,20.644768430815837,-33.86481345564975,24,Cibatu,SRI,4,2020
942.2,103.43712706102463,71.34605142461659,463.6288212184663,183.35999999999999,227.84255811662706,0.0,1045.6371270610248,874.8313793350934,13.6387687918503,-32.79107563640804,22,Cibatu,SRI,4,2021
1012.4,92.40009045849334,92.40009045849334,468.7616609424388,188.16,277.4484403276556,0.0,1104.8000904584933,934.3701012700944,24.72960291756621,-18.729346187780145,11,Cibatu,SRI,4,2022
780.8,265.445545115744,159.3278663102396,496.9646505221823,167.03999999999996,229.74569836519413,0.0,1046.2455451157439,893.7503488873764,4.7905916514074205,-31.31648233264966,59,Cibatu,SRI,4,2023
782.5,216.60327618758504,150.55897176658723,501.9774059614308,174.71999999999997,173.98825859460692,0.0,999.103276187585,850.6856645560378,7.417494814503795,-28.341547616794116,45,Cibatu,SRI,4,2024
634.6999999999999,571.0591400155606,62.33997062833964,504.32963400423074,280.0,238.6147109947999,100.0,1205.7591400155607,1022.9443449990306,9.733160198830499,-5.792247657966846,11,Cibatu,FL,5,2015
656.6,325.4239111186206,117.16551561811731,463.17686317987756,280.0,63.6737794864455,100.0,982.0239111186206,806.850642666323,23.21809761649671,-5.49426600405975,11,Cibatu,FL,5,2016
382.7,608.541914751525,171.3678619473354,495.31575929395603,280.0,35.93866124497004,100.0,991.241914751525,811.2544205389261,9.57335165216784,-2.6558906073460147,11,Cibatu,FL,5,2017
204.8,777.1513742203063,238.47812563764927,532.6336982933124,280.0,0.03797522265803899,100.0,981.9513742203062,812.6716735159704,7.310412458638541,-4.697529621564653,11,Cibatu,FL,5,2018
504.1,659.9749576763353,107.97357746872372,535.3174394073164,280.0,169.81820202078325,100.0,1164.0749576763353,985.1356414280997,7.269746015853089,-3.6129621890405694,11,Cibatu,FL,5,2019
955.1999999999999,369.5423699993595,120.27191395870537,477.4605157367663,280.0,392.16724817852923,100.0,1324.7423699993594,1149.6277639152954,20.951330050730547,-3.8937217520301957,7,Cibatu,FL,5,2020
643.8,489.1855835427755,202.1810058607317,491.0838057361432,280.0,190.4083889577796,100.0,1132.9855835427754,961.4921946939228,23.790083536932464,-5.056329658601724,9,Cibatu,FL,5,2021
736.3,367.82120777422085,139.6290685283151,490.6287307933335,280.0,156.45508753324256,100.0,1104.1212077742207,927.0838183265761,20.317476751483472,-5.8173474538329,9,Cibatu,FL,5,2022
533.8,537.0626133334918,179.8273691582044,518.8983407190512,280.0,97.29771992136025,100.0,1070.8626133334917,896.1960606404115,16.0771338217273,-4.688840453590612,11,Cibatu,FL,5,2023
545.0,549.5182989121531,149.95423769514952,531.3846562094776,280.0,108.79104153885753,100.0,1094.518298912153,920.1756977483351,14.771320055467898,-3.2582879717444237,9,Cibatu,FL,5,2024
634.6999999999999,404.72025083414474,62.33997062833964,486.83777709075554,159.83999999999997,238.6147109947999,0.0,1039.4202508341446,885.2924880855554,-8.257917085989357,-31.683366995893284,80,Cibatu,SRI,5,2015
656.6,181.853352932898,117.16551561811731,448.09367220033533,173.27999999999997,64.52377784255356,0.0,838.453352932898,685.8974500428887,8.816423415237784,-33.26111886081807,50,Cibatu,SRI,5,2016
382.7,440.9292588615,171.3678619473354,479.1791266581222,161.27999999999997,35.93866124497004,0.0,823.6292588614999,676.3977879030922,-7.41302454426623,-33.55257441383838,76,Cibatu,SRI,5,2017
204.8,636.7207378304614,238.47812563764927,514.9594427367304,159.35999999999996,0.03797522265803899,0.0,841.5207378304615,674.3574179593883,-9.149387810321839,-34.62209144635973,84,Cibatu,SRI,5,2018
504.1,488.05514939400035,107.97357746872372,516.8390367806361,156.47999999999996,169.81820202078325,0.0,992.1551493940003,843.1372388014192,-10.900884798988654,-33.85153774384329,92,Cibatu,SRI,5,2019
955.1999999999999,217.2134650883264,120.27191395870537,461.57708314292825,170.87999999999997,389.18996728734646,0.0,1172.4134650883263,1021.6470504302747,8.008872519430234,-33.11980099973844,49,Cibatu,SRI,5,2020
643.8,344.04279547043825,202.1810058607317,475.1609667208528,176.64,171.28612452724337,0.0,987.8427954704382,823.0870912480962,8.631924899882277,-32.94251591467957,45,Cibatu,SRI,5,2021
736.3,215.87526092578793,139.6290685283151,474.8690993117782,177.12,140.9987870431941,0.0,952.1752609257878,792.9878863549723,9.527281237092453,-32.48456064416526,41,Cibatu,SRI,5,2022
533.8,397.53293425167266,179.8273691582044,501.95048776871477,156.95999999999998,116.42750655109026,0.0,931.3329342516727,775.337994319805,-4.85428006741378,-30.630819516187703,83,Cibatu,SRI,5,2023
545.0,382.5960907926393,149.95423769514952,514.287056062764,170.88,97.75756090526512,0.0,927.5960907926393,782.9246169680291,-1.5788228111208025,-33.92903762375332,68,Cibatu,SRI,5,2024
116.1,902.1679136772981,295.2294567719263,551.6598143198619,280.0,10.55442254494914,100.0,1018.2679136772981,842.214236864811,7.014516544196459,-4.0889277339205155,10,Cibatu,FL,6,2015
563.5,471.47093438969415,194.01952504279654,474.04071087709946,280.0,87.23736599204673,100.0,1034.970934389694,841.2780768691462,14.486570891534916,-2.1395112102871163,1,Cibatu,FL,6,2016
192.10000000000002,799.5986652429538,287.18628776272305,534.2493601096331,280.0,0.0,100.0,991.6986652429538,814.2493601096331,6.938872891776719,-6.864969073640184,11,Cibatu,FL,6,2017
118.69999999999999,899.5995076691763,299.2091903762426,562.8332268339333,280.0,0.0,100.0,1018.2995076691764,842.8332268339333,7.004809308322124,-4.155969738789471,11,Cibatu,FL,6,2018
106.8,934.0061611416093,276.7638793601969,585.0283310511855,280.0,0.0,100.0,1040.8061611416092,865.0283310511855,6.609386122061273,-5.0323893655427225,12,Cibatu,FL,6,2019
557.0,575.6928887116713,172.4638092075212,511.62920203558417,280.0,159.0750741848754,100.0,1132.6928887116715,950.7042762204596,11.881171181979793,-7.119934650247993,12,Cibatu,FL,6,2020
550.0999999999999,520.5369626473981,236.68361774386707,499.96922541338256,280.0,111.81135713587162,100.0,1070.636962647398,891.7805825492542,15.742904722766953,-5.132145740472425,6,Cibatu,FL,6,2021
530.9,449.28422320119967,200.40679574464474,503.3793066584619,280.0,17.478258705188985,100.0,980.1842232011996,800.8575653636509,18.773965657684688,-3.9267423797223038,5,Cibatu,FL,6,2022
305.2,745.8298038441449,234.95768379195502,548.8924403260744,280.0,44.29495488566568,100.0,1051.029803844145,873.1873952117401,8.551957012898095,-4.267604777921384,10,Cibatu,FL,6,2023
394.5,723.7970024087542,280.1066992649242,560.2274612455601,280.0,103.09658927149519,100.0,1118.2970024087542,943.3240505170553,12.527818891722806,-5.991142073096135,9,Cibatu,FL,6,2024
116.1,727.6820293268909,295.2294567719263,532.8127594520839,157.92,10.55442254494914,0.0,843.7820293268909,701.287181997033,-10.813417793843039,-32.899743795004746,90,Cibatu,SRI,6,2015
563.5,309.63627316813154,194.01952504279654,457.7973455668242,170.88,56.91114863672174,0.0,873.1362731681315,685.5884942035459,-1.3095217071965366,-27.075222449419847,54,Cibatu,SRI,6,2016
192.10000000000002,650.8370665932099,287.18628776272305,516.2445719852152,157.92,0.0,0.0,842.9370665932099,674.1645719852152,-8.760802870350377,-33.12272616293913,88,Cibatu,SRI,6,2017
118.69999999999999,745.9967269550501,299.2091903762426,543.6438010970378,158.88,0.0,0.0,864.69672695505,702.5238010970378,-10.230707715205982,-33.82705782764082,87,Cibatu,SRI,6,2018
106.8,778.4505208515928,276.7638793601969,564.8001413984244,158.87999999999997,0.0,0.0,885.2505208515928,723.6801413984244,-10.807739194394392,-35.327722877758426,88,Cibatu,SRI,6,2019
557.0,398.89294885752844,172.4638092075212,494.052566190789,160.31999999999996,154.0348227386333,0.0,955.8929488575284,808.4073889294223,-4.937642051828483,-33.903201785560825,79,Cibatu,SRI,6,2020
550.0999999999999,397.3489711370738,236.68361774386707,482.9212301670432,172.32,131.3160699298627,0.0,947.4489711370737,786.5573000969058,2.124160370943292,-31.562044904896037,56,Cibatu,SRI,6,2021
530.9,329.7651893617442,200.40679574464474,485.97139732023214,176.15999999999997,24.683018280705205,0.0,860.6651893617442,686.8144156009373,5.676867924780683,-34.27189539902812,49,Cibatu,SRI,6,2022
305.2,585.0238715474945,234.95768379195502,530.1896490602729,158.39999999999998,44.29495488566568,0.0,890.2238715474946,732.8846039459386,-8.617061656032885,-33.56322233490189,84,Cibatu,SRI,6,2023
394.5,538.8870606198722,280.1066992649242,541.0932737808009,164.16,67.00882007666735,0.0,933.3870606198722,772.2620938574682,-4.413915277407714,-31.320189441648356,75,Cibatu,SRI,6,2024
96.5,945.3130608837255,311.13699069548414,593.2190568964058,280.0,0.0,100.0,1041.8130608837255,873.2190568964058,6.779528025852751,-5.34787642932504,10,Cibatu,FL,7,2015
804.6999999999999,475.7598139185101,265.7130664649685,472.26545416827247,280.0,325.6962262982695,100.0,1280.45981391851,1077.961680466542,25.7886943065554,2.0694341641342735,0,Cibatu,FL,7,2016
364.4,730.6758819844056,273.84858573570006,543.9989715798156,280.0,76.05812236295753,100.0,1095.0758819844054,900.0570939427731,12.621231662948356,0.20250843449075262,0,Cibatu,FL,7,2017
95.30000000000001,959.8968535084649,313.6055919536101,598.2408048280299,280.0,4.4070552887498025,100.0,1055.196853508465,882.6478601167797,6.559297381979417,-6.761349531513685,10,Cibatu,FL,7,2018
82.80000000000001,998.1390034486883,335.2020942592539,633.8709062008413,280.0,0.0,100.0,1080.9390034486883,913.8709062008413,6.067318401311293,-6.4268095937922665,14,Cibatu,FL,7,2019
534.9999999999999,634.9550933176757,247.20724102876906,547.1323778738293,280.0,167.6418651986491,100.0,1169.9550933176756,994.7742430724784,9.63489883521704,-6.2439403454096185,10,Cibatu,FL,7,2020
457.7,549.6479427792082,203.0209265214181,528.4720234704696,280.0,15.20206751692606,100.0,1007.3479427792081,823.6740909873956,10.501011505006769,-6.810743644170396,8,Cibatu,FL,7,2021
625.5999999999999,470.3251533224024,191.8727609616048,517.6593209664069,280.0,79.07638881066603,100.0,1095.9251533224024,876.7357097770729,17.631314369343894,-1.4742223847556595,4,Cibatu,FL,7,2022
180.0,881.648874161908,260.36001721067413,603.8680578087668,280.0,0.2070170921886998,100.0,1061.648874161908,884.0750749009555,6.47718677569959,-5.330308664201786,12,Cibatu,FL,7,2023
362.3,752.474266118459,265.7813093927515,591.1293235465844,280.0,65.88525297523219,100.0,1114.774266118459,937.0145765218166,11.641490755578834,-6.410591364861195,12,Cibatu,FL,7,2024
96.5,784.4471896360194,311.13699069548414,572.2402493365817,159.35999999999996,0.0,0.0,880.9471896360194,731.6002493365816,-10.124773573661235,-34.69561302494413,88,Cibatu,SRI,7,2015
804.6999999999999,364.2708460320059,265.7130664649685,455.56827844765365,183.35999999999999,335.02227144085106,0.0,1168.9708460320057,973.9505498885046,10.377950240559558,-28.743359224635707,35,Cibatu,SRI,7,2016
364.4,602.9763409861126,273.84858573570006,523.8645446229225,168.95999999999998,80.17329565010922,0.0,967.3763409861126,772.9978402730318,-1.4321595213985057,-29.87641027691471,63,Cibatu,SRI,7,2017
95.30000000000001,799.8138076151115,313.6055919536101,577.1146474316491,156.48,4.4070552887498025,0.0,895.1138076151115,738.001702720399,-11.218563478879599,-34.88682879834408,90,Cibatu,SRI,7,2018
82.80000000000001,820.4952816316436,335.2020942592539,611.134794886046,155.51999999999998,0.0,0.0,903.2952816316435,766.654794886046,-11.761185104134213,-34.53528238481155,95,Cibatu,SRI,7,2019
534.9999999999999,494.0515106023824,247.20724102876906,527.1579224422824,164.15999999999997,167.6418651986491,0.0,1029.0515106023822,858.9597876409314,-7.182309936871749,-28.932767546805458,86,Cibatu,SRI,7,2020
457.7,398.47502520409614,203.0209265214181,510.0059937067408,168.95999999999998,15.20206751692606,0.0,856.1750252040961,694.1680612236669,-3.7077084911052687,-33.16867007729883,63,Cibatu,SRI,7,2021
625.5999999999999,345.70592521651196,191.8727609616048,498.83522757074144,177.12,86.16125410044104,0.0,971.3059252165119,762.1164816711826,4.22221087835348,-30.23770240181907,43,Cibatu,SRI,7,2022
180.0,707.4666978519269,260.36001721067413,582.2042522494124,157.43999999999997,0.2070170921886998,0.0,887.4666978519269,739.8512693416011,-11.133754735379696,-35.23261649639427,92,Cibatu,SRI,7,2023
362.3,560.0776480707854,265.7813093927515,569.9391228809174,165.6,47.52566370249819,0.0,922.3776480707854,783.0647865834155,-3.820734696298951,-35.4045968692255,70,Cibatu,SRI,7,2024
185.5,934.3904228107878,336.89644571413146,626.9550562764962,280.0,20.617012695457674,100.0,1119.8904228107876,927.5720689719539,10.675136532246217,-5.015912950742259,4,Cibatu,FL,8,2015
1165.8,462.19455774948415,244.8692741444108,471.3451330956781,280.0,664.719758324733,100.0,1627.994557749484,1416.0648914204112,33.41610153890909,4.587186128633332,0,Cibatu,FL,8,2016
606.2,692.3259773879369,311.3749875583701,563.0011286353355,280.0,246.73509180265808,100.0,1298.525977387937,1089.7362204379936,18.01299463767089,-0.8529449397886317,1,Cibatu,FL,8,2017
266.8,856.9578995014857,349.74301010779175,610.1831362838086,280.0,37.09940417559118,100.0,1123.7578995014858,927.2825404593998,10.231703646349883,-2.1402226566052898,9,Cibatu,FL,8,2018
169.20000000000002,958.0388952617548,345.12455373639415,669.4263248215839,280.0,14.602059140256834,100.0,1127.2388952617548,964.0283839618407,7.954873949924331,-6.384706344294495,9,Cibatu,FL,8,2019
576.4000000000001,600.5632033892325,302.6549213523959,556.2124617170534,280.0,135.21946467889137,100.0,1176.9632033892326,971.4319263959449,20.736345941145203,3.739513841503978,0,Cibatu,FL,8,2020
731.6,554.270489004713,312.39747394972557,547.7035313232211,280.0,244.95441640127115,100.0,1285.870489004713,1072.6579477244923,20.142382311109206,-0.49178479575129863,3,Cibatu,FL,8,2021
844.9,506.1872872033921,273.39253201416074,529.0706991642222,280.0,327.13578463900683,100.0,1351.087287203392,1136.206483803229,25.34072148984584,-1.1217089049196662,1,Cibatu,FL,8,2022
218.40000000000003,893.0499658051654,300.4539035281887,649.7612322289394,280.0,0.0,100.0,1111.4499658051654,929.7612322289394,7.0329226865321814,-6.76043162581132,11,Cibatu,FL,8,2023
469.50000000000006,724.6490917888855,306.68314150106545,619.058563014722,280.0,86.82773699814575,100.0,1194.1490917888855,985.8863000128678,12.519693486967888,-6.335919185854369,8,Cibatu,FL,8,2024
185.5,788.607306489092,336.89644571413146,603.811979924033,165.6,17.337279747146702,0.0,974.107306489092,786.7492596711797,-5.115385807204383,-31.33811835737798,78,Cibatu,SRI,8,2015
1165.8,320.47879746258513,244.8692741444108,455.6043884978495,190.56,635.6746380107141,0.0,1486.278797462585,1281.8390265085636,20.666848201994725,-10.318188867303274,12,Cibatu,SRI,8,2016
606.2,549.1711858650203,311.3749875583701,543.0224415278101,179.04000000000002,233.67726072977715,0.0,1155.3711858650204,955.7397022575872,5.8512352663193195,-24.65622722606232,44,Cibatu,SRI,8,2017
266.8,713.2235068176464,349.74301010779175,588.0334659517889,163.68,37.63201778434297,0.0,980.0235068176464,789.345483736132,-6.101099808896646,-30.094761160076278,83,Cibatu,SRI,8,2018
169.20000000000002,782.6427299738586,345.12455373639415,645.1065152400733,160.8,13.292432048999096,0.0,951.8427299738587,819.1989472890724,-8.745159528839764,-35.53205531036882,87,Cibatu,SRI,8,2019
576.4000000000001,482.9744933914783,302.6549213523959,536.3048071021433,181.92000000000002,136.52184404118373,0.0,1059.3744933914784,854.7466511433271,9.417065766976512,-24.838700580008414,31,Cibatu,SRI,8,2020
731.6,427.36266742489937,312.39747394972557,527.9476647862784,176.15999999999997,251.6424613584003,0.0,1158.9626674248993,955.7501261446787,3.3862820018220243,-28.67320534683425,52,Cibatu,SRI,8,2021
844.9,358.3728570216409,273.39253201416074,510.6871462331372,180.96,306.74490738834066,0.0,1203.272857021641,998.3920536214778,8.872360368768744,-24.199555251716102,38,Cibatu,SRI,8,2022
218.40000000000003,752.3759829152989,300.4539035281887,625.6768877426227,158.88,0.0,0.0,970.775982915299,784.5568877426227,-8.997834284351706,-34.23659495185048,89,Cibatu,SRI,8,2023
469.50000000000006,596.249890324407,306.68314150106545,596.5770947587768,171.35999999999999,95.53343393742483,0.0,1065.749890324407,863.4705286962017,-1.277728455815887,-30.836383225216302,68,Cibatu,SRI,8,2024
581.9,794.109647761438,355.38932417143593,614.8635330258435,280.0,275.88448198449504,100.0,1376.009647761438,1170.7480150103386,20.212414950633434,-1.6587093589262993,1,Cibatu,FL,9,2015
1627.2000000000003,420.8585072313781,260.51859644814954,469.417291886661,280.0,1085.858847817266,100.0,2048.0585072313784,1835.2761397039271,36.727941741916716,4.963415358135803,0,Cibatu,FL,9,2016
783.7999999999998,600.5040773552907,346.80013274774984,546.7388755784262,280.0,352.2224661020299,100.0,1384.3040773552907,1178.9613416804561,30.278224250416162,3.6213154624984893,0,Cibatu,FL,9,2017
547.0000000000001,716.5868227530948,349.4974340319978,599.429859023985,280.0,185.2921512883583,100.0,1263.586822753095,1064.7220103123434,16.76453702271906,-2.4308801072479627,4,Cibatu,FL,9,2018
465.9,804.0459573335081,358.7938347785212,669.0908796287313,280.0,118.42343311630216,100.0,1269.945957333508,1067.5143127450335,17.916320527378275,-1.6525551840412112,1,Cibatu,FL,9,2019
954.6999999999998,520.1049485911578,296.0808352203416,543.5397920318355,280.0,445.3091728906546,100.0,1474.8049485911577,1268.8489649224903,30.857287087677218,4.458746654227643,0,Cibatu,FL,9,2020
1054.8,474.08390606222645,276.02416936168277,539.9361039524476,280.0,498.4093135547263,100.0,1528.8839060622263,1318.3454175071738,25.04988714373767,-0.30941012473265417,1,Cibatu,FL,9,2021
1061.4,455.31548515680646,292.1617932424708,534.5792740324559,280.0,496.4285786761306,100.0,1516.7154851568066,1311.0078527085866,32.34826827021127,4.277646234299861,0,Cibatu,FL,9,2022
378.80000000000007,786.7464956718668,346.77072969801446,670.2446317592724,280.0,57.39096373606044,100.0,1165.546495671867,1007.6355954953328,14.254526069168836,-6.936331744971573,3,Cibatu,FL,9,2023
820.0,625.3875549374741,353.4709427473249,608.5751675820175,280.0,358.53040083875817,100.0,1445.387554937474,1247.1055684207756,24.577960327711434,-2.143807029471322,2,Cibatu,FL,9,2024
581.9,655.7110521526466,355.38932417143593,593.1158683589181,177.12,272.11355104262896,0.0,1237.6110521526466,1042.349419401547,6.255448890994508,-27.318174105290506,49,Cibatu,SRI,9,2015
1627.2000000000003,295.9004881728325,260.51859644814954,454.23089123604944,192.0,1074.087229409332,0.0,1923.1004881728327,1720.3181206453814,27.112547537136734,-4.373426629824693,5,Cibatu,SRI,9,2016
783.7999999999998,455.2633238715332,346.80013274774984,529.1940460369809,190.07999999999998,324.4465421597174,0.0,1239.0633238715332,1043.7205881966984,19.483999136145748,-11.86239693230092,15,Cibatu,SRI,9,2017
547.0000000000001,573.9055801697087,349.4974340319978,579.029320587241,175.2,175.29011435499072,0.0,1120.9055801697089,929.5194349422318,4.538392258943861,-25.033711608710366,50,Cibatu,SRI,9,2018
465.9,662.1229965513495,358.7938347785212,645.6771194979355,171.83999999999997,118.07423246493926,0.0,1128.0229965513495,935.5913519628748,2.340793194285486,-27.8947818181552,61,Cibatu,SRI,9,2019
954.6999999999998,389.2943067971306,296.0808352203416,525.4796243373639,192.0,429.7198533578655,0.0,1343.9943067971303,1147.1994776952295,19.16820876782541,-5.64282364841394,11,Cibatu,SRI,9,2020
1054.8,354.0298942228822,276.02416936168277,521.5273058958601,187.68,499.0840997719696,0.0,1408.829894222882,1208.2914056678296,16.40590419289137,-22.576083102302317,15,Cibatu,SRI,9,2021
1061.4,314.8682091871301,292.1617932424708,517.0182321832799,192.0,470.7044197568083,0.0,1376.2682091871302,1179.7226519400883,23.989341270371796,-5.274105600480753,5,Cibatu,SRI,9,2022
378.80000000000007,650.8797013086951,346.77072969801446,646.6490263418913,170.88,65.17401507954827,0.0,1029.6797013086953,882.7030414214396,-1.6021206209105399,-30.346472879551825,62,Cibatu,SRI,9,2023
820.0,504.30569317027357,353.4709427473249,587.7359432530704,180.95999999999998,366.48882107799466,0.0,1324.3056931702736,1135.1847643310653,11.70025640022727,-26.463976743321272,36,Cibatu,SRI,9,2024
842.7000000000002,656.813507552054,362.34595743811957,596.1453101636696,280.0,427.4017326031437,100.0,1499.5135075520543,1303.5470427668133,28.252264599918313,4.9297940368463395,0,Cibatu,FL,10,2015
1744.2000000000003,285.5296304507457,185.52963045074569,465.8613466270568,280.0,1068.9246772322467,100.0,2029.7296304507458,1814.7860238593034,41.80014396440674,21.915851642152383,0,Cibatu,FL,10,2016
982.2,418.7500093874874,296.1436288137496,523.7419243043211,280.0,406.9516464482697,100.0,1400.9500093874874,1210.6935707525909,34.09121439178157,1.9699288374402322,0,Cibatu,FL,10,2017
815.5999999999999,593.3009295840427,342.0527382272973,575.2321160398442,280.0,355.1409867918422,100.0,1408.9009295840426,1210.3731028316863,27.256523294265,3.790218794442925,0,Cibatu,FL,10,2018
792.4,653.0155309694188,361.9822684076455,637.7698040537566,280.0,334.4356577723061,100.0,1445.4155309694188,1252.2054618260627,27.64023388139906,-0.34781021433089787,1,Cibatu,FL,10,2019
1300.4,424.13310506376286,310.2331050637628,516.5317561344178,280.0,731.6788022543409,100.0,1724.5331050637628,1528.2105583887587,37.336467345840944,6.334100068151166,0,Cibatu,FL,10,2020
1267.1999999999998,438.73233871242877,237.96991374372138,528.1754295872485,280.0,694.6815790513956,100.0,1705.9323387124286,1502.857008638644,32.978600787031645,4.677635474659522,0,Cibatu,FL,10,2021
1183.8,348.2979883318732,248.29798833187326,521.5265250305895,280.0,553.0238255538417,100.0,1532.0979883318732,1354.5503505844313,39.54040702144931,8.577763024288263,0,Cibatu,FL,10,2022
718.9,681.1232556401105,365.15631101254405,658.9514214176043,280.0,264.9994088429751,100.0,1400.0232556401106,1203.9508302605793,24.312198381733698,-0.9384307675583248,2,Cibatu,FL,10,2023
1121.6,522.9311389982782,279.43445701224914,572.4679472400651,280.0,590.0359020100143,100.0,1644.531138998278,1442.5038492500794,31.744124476730686,4.295549627287131,0,Cibatu,FL,10,2024
842.7000000000002,518.9335598967093,362.34595743811957,577.4906641803639,187.2,407.2176420948358,0.0,1361.6335598967094,1171.9083062751997,17.75502674736404,-25.1379608362805,24,Cibatu,SRI,10,2015
1744.2000000000003,185.52963045074563,185.52963045074569,450.46062108738215,192.0,1082.3254027719213,0.0,1929.7296304507458,1724.7860238593034,32.75078008855347,17.46896208715177,0,Cibatu,SRI,10,2016
982.2,296.1436288137496,296.1436288137496,507.33484091807065,191.04,393.04594648993464,0.0,1278.3436288137495,1091.4207874080053,25.13575237302625,-5.13382305571762,3,Cibatu,SRI,10,2017
815.5999999999999,443.8523326822657,342.0527382272973,557.4165085685859,188.16,324.515658808517,0.0,1259.4523326822655,1070.092167377103,17.625277623405605,-11.063115926485818,27,Cibatu,SRI,10,2018
792.4,507.20757132220035,361.9822684076455,617.0836505730189,182.88,314.8438655289166,0.0,1299.6075713222003,1114.8075161019356,13.28736154797389,-25.16942575333085,30,Cibatu,SRI,10,2019
1300.4,310.2331050637628,310.2331050637628,500.6660458613724,192.0,727.9919989158905,0.0,1610.633105063763,1420.6580447772628,28.31180262150351,0.5825494713618591,0,Cibatu,SRI,10,2020
1267.1999999999998,288.40826751452613,237.96991374372138,511.46642170570664,190.07999999999998,657.0467820471699,0.0,1555.608267514526,1358.5932037528764,22.234202777075172,-13.074649399979965,17,Cibatu,SRI,10,2021
1183.8,248.29798833187326,248.29798833187326,504.7831456769441,192.0,557.0940449169619,0.0,1432.0979883318732,1253.877190593906,30.7150754210114,7.792197506198096,0,Cibatu,SRI,10,2022
718.9,556.9059302200199,365.15631101254405,637.2276498829922,180.0,272.50585495749635,0.0,1275.80593022002,1089.7335048404884,10.468456348603244,-27.214155331337476,39,Cibatu,SRI,10,2023
1121.6,365.65225068919824,279.43445701224914,554.6510924949251,187.68,552.8938684460742,0.0,1487.2522506891983,1295.2249609409992,18.452919287712913,-20.753603102395644,24,Cibatu,SRI,10,2024
1424.7,476.0082180740698,344.5481105231444,543.0301661486089,280.0,884.2407308858529,100.0,1900.70821807407,1707.270897034462,38.45609132167476,6.267862746522497,0,Cibatu,FL,11,2015
1698.2,211.07589914899916,100.67589914899914,456.61204468928065,280.0,962.1568104955334,100.0,1909.275899148999,1698.7688551848141,40.17897282182125,14.747423888967724,0,Cibatu,FL,11,2016
1027.7,357.99260122236853,219.93607460131508,486.79862922642627,280.0,423.4762679873122,100.0,1385.6926012223685,1190.2748972137385,35.9345519167979,-0.4012913404090348,1,Cibatu,FL,11,2017
1192.0,428.73541558134167,312.0354155813416,534.7728620982531,280.0,605.7916194243886,100.0,1620.7354155813416,1420.5644815226417,37.03060098184906,13.013135873100255,0,Cibatu,FL,11,2018
1285.5,489.7107252412004,329.56401768016923,581.6162632028052,280.0,719.4441576288885,100.0,1775.2107252412004,1581.0604208316936,37.136845654448386,3.2168784502309116,0,Cibatu,FL,11,2019
1691.8000000000002,263.417347647813,151.22577931680908,461.7101583772257,280.0,1001.7672465936053,100.0,1955.2173476478133,1743.477404970831,36.676887026796706,4.121251989576482,0,Cibatu,FL,11,2020
1378.1,349.1215273550142,249.1215273550142,517.4601180382059,280.0,725.8122137719624,100.0,1727.2215273550141,1523.2723318101685,40.28272318410297,6.705396631810467,0,Cibatu,FL,11,2021
1321.3,249.96835963465224,120.70700204733058,488.3015601485943,280.0,589.7997472182285,100.0,1571.2683596346521,1358.1013073668228,39.50690144980797,7.138642412678339,0,Cibatu,FL,11,2022
1086.8999999999999,490.87169489408905,332.3911646895542,614.3448718644736,280.0,493.3941477374749,100.0,1577.7716948940888,1387.7390196019485,31.835628535979122,-0.47039184847804805,1,Cibatu,FL,11,2023
1234.9,416.92742171140407,305.72742171140396,545.8466641497915,280.0,628.7565233506396,100.0,1651.8274217114042,1454.603187500431,38.57068880695357,2.8316116737168784,0,Cibatu,FL,11,2024
1424.7,370.2134062558555,344.5481105231444,526.4705325077485,192.0,892.1683590073535,0.0,1794.9134062558555,1610.638891515102,30.007525697072683,-3.373950065337564,2,Cibatu,SRI,11,2015
1698.2,100.67589914899912,100.67589914899914,440.9062814911173,192.0,956.3014003786118,0.0,1798.8758991489992,1589.2076818697292,31.50647762712431,5.1796276128393295,0,Cibatu,SRI,11,2016
1027.7,234.751834262392,219.93607460131508,471.53239587453436,191.51999999999998,411.4568169082471,0.0,1262.4518342623921,1074.5092127827816,25.78345467101914,-5.215759661076962,4,Cibatu,SRI,11,2017
1192.0,312.0354155813416,312.0354155813416,518.2275100357843,192.0,603.6369714868573,0.0,1504.0354155813416,1313.8644815226417,28.7749474010363,-1.9272363752191826,1,Cibatu,SRI,11,2018
1285.5,367.45229623664846,329.56401768016923,563.6831884202434,192.0,713.1188034068983,0.0,1652.9522962366484,1468.8019918271416,27.579218609348615,-5.61033138355188,7,Cibatu,SRI,11,2019
1691.8000000000002,151.22577931680905,151.22577931680908,447.34665634814496,192.0,1001.9391802916821,0.0,1843.0257793168093,1641.285836639827,29.363997858524904,7.471536623343057,0,Cibatu,SRI,11,2020
1378.1,249.12152735501422,249.1215273550142,500.7878534294101,192.0,740.4844783807582,0.0,1627.2215273550141,1433.2723318101685,31.507764713818453,7.537026368129176,0,Cibatu,SRI,11,2021
1321.3,132.86003674903088,120.70700204733058,471.7861916545197,192.0,587.2067928266819,0.0,1454.160036749031,1250.9929844812016,29.62791741544191,-3.4530347017003358,2,Cibatu,SRI,11,2022
1086.8999999999999,359.007479294673,332.3911646895542,595.2177150432369,189.6,480.21456026559804,0.0,1445.9074792946728,1265.0322753088349,21.403843674263744,-26.770033917738374,11,Cibatu,SRI,11,2023
1234.9,305.727421711404,305.72742171140396,529.7231994236408,192.0,631.6799880767902,0.0,1540.6274217114042,1353.4031875004312,30.323443063862168,3.5660506044655333,0,Cibatu,SRI,11,2024
1910.5,299.49779639237994,199.4977963923799,488.2118379234063,280.0,1233.0583496228428,100.0,2209.9977963923798,2001.270187546249,39.75111376532314,8.149319774841773,0,Cibatu,FL,12,2015
1650.8999999999999,173.7901952805725,73.79019528057249,470.1922198561504,280.0,863.1079408269861,100.0,1824.6901952805724,1613.3001606831365,42.24628667350951,15.854430868146256,0,Cibatu,FL,12,2016
1303.1,277.6944643901952,145.83545139915358,473.0527159243155,280.0,616.2383371875316,100.0,1580.7944643901951,1369.291053111847,35.55004777360182,4.840987008958368,0,Cibatu,FL,12,2017
1432.0,294.71618280617184,177.31618280617178,494.9379968680413,280.0,744.088352827529,100.0,1726.716182806172,1519.0263496955704,41.47900594097969,10.130392982340393,0,Cibatu,FL,12,2018
1650.7000000000003,375.04827940303136,263.94827940303134,521.4830619173885,280.0,1021.7569862948496,100.0,2025.7482794030316,1823.240048212238,40.69541088936412,13.847859220153465,0,Cibatu,FL,12,2019
1739.6,265.73893523981786,154.73893523981786,449.62159915668826,280.0,1062.7228520504914,100.0,2005.3389352398178,1792.3444512071796,43.19270755910931,14.845534456935862,0,Cibatu,FL,12,2020
1501.9,170.0796872962149,70.0796872962149,489.48175379441847,280.0,686.3345051831888,100.0,1671.979687296215,1455.816258977607,41.14188910688078,18.08708362046771,0,Cibatu,FL,12,2021
1251.7,230.7882970158622,130.78829701586218,485.48044452380714,280.0,505.79374948540044,100.0,1482.4882970158624,1271.2741940092076,40.07250720919396,11.67727927412417,0,Cibatu,FL,12,2022
1364.4000000000003,352.65863799204243,211.69896047203505,564.614537395795,280.0,686.284011735315,100.0,1717.0586379920428,1530.89854913111,36.833450823499675,3.937996367782831,0,Cibatu,FL,12,2023
1509.6000000000001,187.48423810310192,87.48423810310192,504.3806106086625,280.0,707.5859034968591,100.0,1697.084238103102,1491.9665141055216,42.790019082859345,6.930035081987804,0,Cibatu,FL,12,2024
1910.5,199.49779639237997,199.4977963923799,472.54423513339134,192.0,1246.279923114208,0.0,2109.9977963923798,1910.8241582475994,31.183190018106895,9.82110868796215,0,Cibatu,SRI,12,2015
1650.8999999999999,73.79019528057249,73.79019528057249,454.32656977372466,192.0,875.3050036217987,0.0,1724.6901952805724,1521.6315733955234,32.24148581519812,16.68359491895669,0,Cibatu,SRI,12,2016
1303.1,168.99354898356245,145.83545139915358,457.0273397186585,192.0,620.7223184614518,0.0,1472.0935489835624,1269.7496581801101,26.842067663386832,-3.009518478214311,2,Cibatu,SRI,12,2017
1432.0,187.58606030314616,177.31618280617178,478.4383014931027,192.0,749.1089254614442,0.0,1619.586060303146,1419.5472269545469,32.172000994005785,-2.1698774969743426,1,Cibatu,SRI,12,2018
1650.7000000000003,263.94827940303134,263.94827940303134,505.446367732746,192.0,1024.6936804794923,0.0,1914.6482794030317,1722.1400482122383,31.564208212805315,3.588969524904421,0,Cibatu,SRI,12,2019
1739.6,154.73893523981783,154.73893523981786,435.6031792188055,192.0,1063.7412719883741,0.0,1894.3389352398178,1691.3444512071796,33.55747813194234,4.676766789045408,0,Cibatu,SRI,12,2020
1501.9,70.0796872962149,70.0796872962149,472.7364060786582,192.0,700.2447849839591,0.0,1571.979687296215,1364.9811910626172,31.830859793265216,15.659472745758777,0,Cibatu,SRI,12,2021
1251.7,130.78829701586216,130.78829701586218,470.12995572695104,192.0,516.0816656217773,0.0,1382.4882970158621,1178.2116213487284,30.167932527766776,11.741645813462418,0,Cibatu,SRI,12,2022
1364.4000000000003,223.08959954387598,211.69896047203505,546.5092117749646,190.07999999999998,672.2134388596895,0.0,1587.4895995438762,1408.8026506346541,27.114856891539933,-17.234943501215422,6,Cibatu,SRI,12,2023
1509.6000000000001,87.48423810310193,87.48423810310192,487.7799493672265,192.0,721.3426149442002,0.0,1597.084238103102,1401.1225643114267,31.40138361372166,4.23785732361043,0,Cibatu,SRI,12,2024
2166.1000000000004,227.00199307972184,127.00199307972184,464.2678465689257,280.0,1435.6349819695697,100.0,2393.101993079722,2179.9028285384957,42.87303368727273,27.778876944633335,0,Tarogong Kidul,FL,1,2016
1996.5,204.77909350219915,104.77909350219913,464.7043916747713,280.0,1241.3394253033025,100.0,2201.279093502199,1986.0438169780737,40.49536932773353,12.501309809379377,0,Tarogong Kidul,FL,1,2017
1806.5,299.788040663983,154.1674544140618,479.86306272653536,280.0,1169.1144320556266,100.0,2106.288040663983,1928.977494782162,36.772881390437554,-4.728094515897723,3,Tarogong Kidul,FL,1,2018
2061.1000000000004,252.14648145691802,152.146481456918,481.71915327831135,280.0,1337.7242627468863,100.0,2313.2464814569184,2099.4434160251976,42.96166369897564,14.529627141396722,0,Tarogong Kidul,FL,1,2019
2394.1000000000004,276.73997590565364,176.73997590565367,490.15279070971246,280.0,1689.218379136315,100.0,2670.839975905654,2459.3711698460274,43.28087325318059,19.827022622425762,0,Tarogong Kidul,FL,1,2020
2341.0,165.81063846414594,65.81063846414594,445.042349585873,280.0,1594.6193614492959,100.0,2506.810638464146,2319.661711035169,40.882464329483916,5.375647398312888,0,Tarogong Kidul,FL,1,2021
1958.6999999999998,210.53833310062402,79.50205424021571,494.64123908975364,280.0,1178.5687632780696,100.0,2169.238333100624,1953.210002367823,40.19045572911798,3.4637211395916934,0,Tarogong Kidul,FL,1,2022
1966.2,187.52144623785324,73.32144623785324,481.0179286495624,280.0,1175.5179698915751,100.0,2153.7214462378533,1936.5358985411376,39.31437475745868,5.6233160656046985,0,Tarogong Kidul,FL,1,2023
1409.0,370.74533901639785,259.94533901639784,548.1861264817151,280.0,763.4906055393965,100.0,1779.7453390163978,1591.6767320211115,36.96913545183274,9.096804614349548,0,Tarogong Kidul,FL,1,2024
2166.1000000000004,127.00199307972184,127.00199307972184,448.7766466184148,192.0,1447.454971568008,0.0,2293.101993079722,2088.2316181864226,33.11976042404164,12.149040810574306,0,Tarogong Kidul,SRI,1,2016
1996.5,104.77909350219915,104.77909350219913,448.7698367260258,192.0,1254.4389154245732,0.0,2101.279093502199,1895.2087521505991,31.795923683706327,8.841952993438213,0,Tarogong Kidul,SRI,1,2017
1806.5,167.95902246990858,154.1674544140618,463.63924179083614,188.64,1162.5576083542928,0.0,1974.4590224699086,1814.836850145129,27.728898980541544,-17.76704697581305,8,Tarogong Kidul,SRI,1,2018
2061.1000000000004,152.14648145691802,152.146481456918,465.55681106401903,192.0,1351.056773611724,0.0,2213.2464814569184,2008.6135846757431,33.47695884058934,15.356066476630417,0,Tarogong Kidul,SRI,1,2019
2394.1000000000004,176.7399759056536,176.73997590565367,474.1341794213595,192.0,1703.236990424668,0.0,2570.839975905654,2369.3711698460274,33.71807459714881,20.64259665586709,0,Tarogong Kidul,SRI,1,2020
2341.0,65.81063846414594,65.81063846414594,429.88594952339326,192.0,1591.1150911269697,0.0,2406.810638464146,2213.001040650363,32.52480357723142,12.036317783118907,0,Tarogong Kidul,SRI,1,2021
1958.6999999999998,93.78379763521534,79.50205424021571,477.9474673289309,192.0,1176.5079995734836,0.0,2052.483797635215,1846.4554669024146,30.86768382430649,-4.481743394999603,2,Tarogong Kidul,SRI,1,2022
1966.2,73.32144623785324,73.32144623785324,465.1072141736822,192.0,1174.393199014752,0.0,2039.5214462378533,1831.5004131884343,28.24373836441545,-4.024335084376835,2,Tarogong Kidul,SRI,1,2023
1409.0,259.94533901639784,259.94533901639784,530.2061475597943,192.0,755.5964375723779,0.0,1668.9453390163978,1477.8025851321722,29.873009555940566,4.624140553122801,0,Tarogong Kidul,SRI,1,2024
1938.6999999999998,200.2597359395187,63.31098695139621,463.2519531710657,280.0,1214.9568940069066,100.0,2138.9597359395184,1958.2088471779723,39.61836430623825,-3.6921002405371,3,Tarogong Kidul,FL,2,2015
1871.6,231.37461131081182,131.37461131081182,466.46805284495883,280.0,1171.3180728465372,100.0,2102.9746113108117,1917.7861256914962,41.73231905345497,11.709718120864707,0,Tarogong Kidul,FL,2,2016
1698.1999999999998,195.26316555364883,49.85358582786107,464.38470499430514,280.0,969.0950965426946,100.0,1893.4631655536487,1713.4798015369997,37.123656555779704,-2.8582250031018903,5,Tarogong Kidul,FL,2,2017
1464.8,316.3840090344484,131.0685157141122,480.9403707781046,280.0,843.6773559437772,100.0,1781.1840090344483,1604.6177267218818,31.67174144238677,-4.998319005598624,9,Tarogong Kidul,FL,2,2018
1825.2000000000003,215.50755429631238,104.04240081655362,477.36031507025916,280.0,1109.7949618241664,100.0,2040.7075542963125,1867.1552768944257,39.865248877587334,-3.365153479758728,2,Tarogong Kidul,FL,2,2019
2340.2,178.8476560864513,78.84765608645128,472.3478736564996,280.0,1552.5656727940764,100.0,2519.0476560864513,2304.913546450576,41.67426572572335,6.092085366923516,0,Tarogong Kidul,FL,2,2020
1743.9,237.3446721659829,62.11330301385504,462.1127160327452,280.0,1017.1987726478094,100.0,1981.244672165983,1759.3114886805547,30.545963315224796,-5.010463769238317,8,Tarogong Kidul,FL,2,2021
1618.5,202.7495426210205,92.65480856337878,494.8550504660077,280.0,837.508668584914,100.0,1821.2495426210205,1612.3637190509216,39.97032670522587,8.405265942358291,0,Tarogong Kidul,FL,2,2022
1704.4,211.3819420777137,100.78194207771372,486.4804656842753,280.0,964.233365939676,100.0,1915.7819420777137,1730.7138316239511,38.9997779538587,10.136437429795492,0,Tarogong Kidul,FL,2,2023
1435.5,284.8858269522809,131.66311349614736,528.211649281051,280.0,736.153927550684,100.0,1720.385826952281,1544.3655768317349,35.21722315673825,-4.790262550368826,5,Tarogong Kidul,FL,2,2024
1938.6999999999998,63.3109869513962,63.31098695139621,447.8202037420359,189.11999999999998,1214.2062426490602,0.0,2002.010986951396,1851.146446391096,29.819934164750563,-25.989681835158866,8,Tarogong Kidul,SRI,2,2015
1871.6,131.37461131081182,131.37461131081182,450.7491774217463,192.0,1177.5456122518533,0.0,2002.9746113108117,1820.2947896735996,32.73530115674111,9.20105413876123,0,Tarogong Kidul,SRI,2,2016
1698.1999999999998,82.0421878718143,49.85358582786107,448.0104087633463,188.15999999999997,967.4506078490101,0.0,1780.2421878718142,1603.6210166123565,27.060697569998492,-32.18860204395324,9,Tarogong Kidul,SRI,2,2017
1464.8,194.3166173286009,131.0685157141122,463.9256117928342,174.71999999999997,857.8349439997872,0.0,1659.1166173286008,1496.4805557926215,16.115360485072646,-32.61538158333794,38,Tarogong Kidul,SRI,2,2018
1825.2000000000003,104.04240081655362,104.04240081655362,461.30189179430573,191.03999999999996,1108.8918573662363,0.0,1929.242400816554,1761.233749160542,31.072856929923454,-8.03888432389736,4,Tarogong Kidul,SRI,2,2019
2340.2,78.84765608645128,78.84765608645128,456.2432944125765,192.0,1566.670252038,0.0,2419.0476560864513,2214.913546450576,32.847654070603745,6.922856798934175,0,Tarogong Kidul,SRI,2,2020
1743.9,92.38313983904325,62.11330301385504,445.6788288505063,182.88,995.7911275031086,0.0,1836.2831398390433,1624.3499563536147,20.960927235069718,-31.169836825188206,23,Tarogong Kidul,SRI,2,2021
1618.5,92.6548085633788,92.65480856337878,478.02116224970416,192.0,837.0658780642259,0.0,1711.1548085633788,1507.0870403139302,30.895408666255943,6.5982982438270765,0,Tarogong Kidul,SRI,2,2022
1704.4,100.7819420777137,100.78194207771372,469.42477846431217,192.0,960.3729455711741,0.0,1805.1819420777138,1621.7977240354862,27.26241916212556,2.08550703515885,0,Tarogong Kidul,SRI,2,2023
1435.5,131.66311349614736,131.66311349614736,510.4095841052469,184.79999999999998,732.0488394163457,0.0,1567.1631134961474,1427.2584235215927,24.19704395722678,-31.439764437968286,16,Tarogong Kidul,SRI,2,2024
1598.3999999999999,260.0377850586234,55.26607909973328,463.4036061614354,280.0,934.9514132265529,100.0,1858.4377850586234,1678.3550193879882,32.86445125253199,-2.6108955403762866,6,Tarogong Kidul,FL,3,2015
1717.6999999999998,162.67080656369114,37.08299367607241,446.6615135360588,280.0,958.5193502622726,100.0,1880.370806563691,1685.1808637983313,36.594012495454606,-2.5878128876187327,1,Tarogong Kidul,FL,3,2016
1196.8999999999999,277.48128593515423,93.7329741127361,466.08648649838597,280.0,548.2194176847245,100.0,1474.3812859351542,1294.3059041831104,28.969869337380945,-3.9170420909869175,5,Tarogong Kidul,FL,3,2017
1202.5000000000002,326.4567676894957,59.351771653260506,494.23430267330923,280.0,580.1503795975063,100.0,1528.9567676894958,1354.3846822708156,23.052831390916513,-5.836234203936527,11,Tarogong Kidul,FL,3,2018
1392.7,304.67569859846407,84.97558997846863,474.2786153859968,280.0,770.5863691892644,100.0,1697.3756985984642,1524.8649845752611,31.652020088464983,-4.764189133050795,10,Tarogong Kidul,FL,3,2019
1964.6000000000001,138.9898571512385,38.9898571512385,453.27250021366785,280.0,1152.0359945875143,100.0,2103.5898571512384,1885.3084948011822,42.058377521852364,19.906689967539645,0,Tarogong Kidul,FL,3,2020
1513.6000000000001,247.9217827287651,136.09547783830095,471.01917995828654,280.0,795.1000656367678,100.0,1761.5217827287652,1546.1192455950543,32.67342630009854,-0.15490834215035854,1,Tarogong Kidul,FL,3,2021
1315.4,231.89344281671788,131.89344281671785,481.3758876381955,280.0,585.7984449391456,100.0,1547.293442816718,1347.1743325773411,40.15405889799287,9.937003970519282,0,Tarogong Kidul,FL,3,2022
1372.1999999999998,249.41021490295228,107.09210669715958,472.1399564791161,280.0,664.4151914736832,100.0,1621.610214902952,1416.5551479527994,31.892772041512586,-4.944037929322676,3,Tarogong Kidul,FL,3,2023
1225.3000000000002,268.01289407028264,117.89820418996719,513.6274267626186,280.0,532.1255176837587,100.0,1493.3128940702827,1325.7529444463773,30.552036313832208,-4.469593863957586,6,Tarogong Kidul,FL,3,2024
1598.3999999999999,123.06321555182153,55.26607909973328,447.8251419270498,176.16,938.9616190515402,0.0,1721.4632155518213,1562.94676097859,18.578555271042184,-33.20471241224927,36,Tarogong Kidul,SRI,3,2015
1717.6999999999998,37.08299367607241,37.08299367607241,431.34639174735827,192.0,935.6174511018419,0.0,1754.7829936760722,1558.9638428492,29.492737965117353,1.1481470117523163,0,Tarogong Kidul,SRI,3,2016
1196.8999999999999,158.36802042518454,93.7329741127361,450.27997821077753,178.07999999999998,555.7177496703123,0.0,1355.2680204251844,1184.0777278810897,15.52075340909625,-32.4526040975177,33,Tarogong Kidul,SRI,3,2017
1202.5000000000002,219.53552127723205,59.351771653260506,477.3955930468579,169.91999999999996,607.5142419622367,0.0,1422.0355212772322,1254.8298350090945,6.3728551862692235,-33.30133345108709,57,Tarogong Kidul,SRI,3,2018
1392.7,181.02868312901472,84.97558997846863,458.4395901645445,178.56,767.4846925040122,0.0,1573.7286831290148,1404.4842826685567,18.82290074134051,-33.23868842607286,30,Tarogong Kidul,SRI,3,2019
1964.6000000000001,38.9898571512385,38.9898571512385,437.8293757127649,192.0,1164.8439118350211,0.0,2003.5898571512387,1794.673287547786,32.81586161103753,13.238054824991645,0,Tarogong Kidul,SRI,3,2020
1513.6000000000001,167.5175769870727,136.09547783830095,454.6763321540554,187.2,829.4633121018028,0.0,1681.1175769870729,1471.3396442558583,22.60974552285887,-28.122099148771724,17,Tarogong Kidul,SRI,3,2021
1315.4,131.89344281671782,131.89344281671785,464.8752784627253,192.0,593.7368383333985,0.0,1447.293442816718,1250.6121167961237,30.602498495540235,10.76931086190028,0,Tarogong Kidul,SRI,3,2022
1372.1999999999998,107.09210669715958,107.09210669715958,455.59725097843403,186.23999999999998,643.83449112892,0.0,1479.2921066971594,1285.671742107354,20.450702758881622,-33.90319321572004,13,Tarogong Kidul,SRI,3,2023
1225.3000000000002,148.99817063201442,117.89820418996719,496.2995603877956,178.07999999999998,550.5953538283409,0.0,1374.2981706320147,1224.9749142161365,17.126047638670716,-26.09996644204725,32,Tarogong Kidul,SRI,3,2024
1026.6000000000001,347.1863898196351,64.70176307593165,464.27639936656124,280.0,452.44868083197207,100.0,1373.7863898196351,1196.7250801985333,24.0460998224506,-4.715203059724443,10,Tarogong Kidul,FL,4,2015
1204.3,232.10467314374117,80.44819729010968,451.80821957738704,280.0,495.4692069669678,100.0,1436.404673143741,1227.277426544355,34.48385827038749,-3.9937841876029383,4,Tarogong Kidul,FL,4,2016
758.5,379.90626436410787,155.49929757558454,459.8859345210559,280.0,220.77437966816686,100.0,1138.4062643641078,960.6603141892227,23.57715049528606,-4.8638025273858165,9,Tarogong Kidul,FL,4,2017
617.6,488.5664511728295,110.20236753634892,481.83759428066537,280.0,166.38799281690729,100.0,1106.1664511728295,928.2255870975727,9.971133211437685,-4.793969287246291,11,Tarogong Kidul,FL,4,2018
737.9000000000001,434.1586927423382,111.01095562100554,472.8007593873364,280.0,240.03355138890208,100.0,1172.0586927423383,992.8343107762386,22.24938685055853,-1.5185885332288214,10,Tarogong Kidul,FL,4,2019
1271.1,270.95063313739763,112.84886213996923,446.97914657327175,280.0,635.1863625646974,100.0,1542.0506331373977,1362.1655091379691,34.56097624762223,-5.533798963634159,8,Tarogong Kidul,FL,4,2020
1299.4,270.8051301750861,75.7133467822191,471.5282752561676,280.0,646.9370407986246,100.0,1570.2051301750862,1398.4653160547923,22.453938677069246,-4.7082572957590525,4,Tarogong Kidul,FL,4,2021
978.4,251.57971848554888,115.55176608927954,470.7581053124205,280.0,301.3704453357667,100.0,1229.9797184855488,1052.1285506481872,28.482337887858506,-4.751306974085442,4,Tarogong Kidul,FL,4,2022
1036.3,337.67174728418854,169.29588991883878,482.9303052637711,280.0,435.0236660997197,100.0,1373.9717472841885,1197.9539713634908,29.625481462826208,-2.24218474001784,4,Tarogong Kidul,FL,4,2023
792.9000000000001,354.69698818206626,131.92795389329063,496.23339775267726,280.0,200.73524263513292,100.0,1147.5969881820663,976.9686403878102,18.524006170712045,-4.791390957811097,6,Tarogong Kidul,FL,4,2024
1026.6000000000001,224.5441352601645,64.70176307593165,448.4545246779598,167.99999999999997,478.4204767989237,0.0,1251.1441352601646,1094.8750014768834,5.885217055595541,-33.47320269644939,57,Tarogong Kidul,SRI,4,2015
1204.3,80.44819729010968,80.44819729010968,436.99262665320174,183.36,479.49675565959114,0.0,1284.7481972901096,1099.8493823127928,19.645220107336502,-31.324129283024618,19,Tarogong Kidul,SRI,4,2016
758.5,249.32771797210864,155.49929757558454,444.8438512886321,167.99999999999997,239.25121915833486,0.0,1007.8277179721086,852.0950704469669,5.479632242637657,-31.81837939122036,58,Tarogong Kidul,SRI,4,2017
617.6,345.62059042072235,110.20236753634892,466.1450313904163,164.64,166.38799281690729,0.0,963.2205904207224,797.1730242073236,-5.663366813267508,-32.373719110883854,71,Tarogong Kidul,SRI,4,2018
737.9000000000001,299.3880022446463,111.01095562100554,456.8849155446271,168.47999999999996,256.4906601960446,0.0,1037.2880022446463,881.8555757406717,7.260161084130742,-32.957504646944514,54,Tarogong Kidul,SRI,4,2019
1271.1,112.84886213996921,112.84886213996923,432.67848084363345,184.32,623.8735709934006,0.0,1383.9488621399692,1240.872051837034,24.303079098589095,-32.161557971470245,19,Tarogong Kidul,SRI,4,2020
1299.4,118.33840254915243,75.7133467822191,455.8866553209199,182.88,621.0774289103889,0.0,1417.7384025491526,1259.844084231309,9.954194115261899,-23.880934957618877,29,Tarogong Kidul,SRI,4,2021
978.4,115.55176608927954,115.55176608927954,455.49612718745334,188.64,276.474045663706,0.0,1093.9517660892795,920.6101728511594,22.45143092299193,-13.945631806416642,9,Tarogong Kidul,SRI,4,2022
1036.3,169.29588991883878,169.29588991883878,467.4908369092932,185.27999999999997,388.92680573241773,0.0,1205.5958899188388,1041.697642641711,18.78756923836567,-24.23340716435375,18,Tarogong Kidul,SRI,4,2023
792.9000000000001,239.63079881164808,131.92795389329063,479.8976421369513,171.35999999999996,213.88401775627716,0.0,1032.530798811648,865.1416598932285,0.9262140003792861,-32.25800242894643,57,Tarogong Kidul,SRI,4,2024
626.4,518.8197012777862,60.37265499058496,482.425150446828,280.0,199.5744338624309,100.0,1145.219701277786,961.9995843092588,10.743145384956536,-5.081317605957777,9,Tarogong Kidul,FL,5,2015
862.8,260.8080545647184,111.27598971035485,445.89871666046065,280.0,209.4682259894447,100.0,1123.6080545647183,935.3669426499054,27.49810217502679,-5.138149371535587,6,Tarogong Kidul,FL,5,2016
533.4000000000001,504.1378581247337,146.43036514186565,448.0356694491147,280.0,127.80952108781956,100.0,1037.5378581247337,855.8451905369343,12.3447606455506,-4.27430771332433,7,Tarogong Kidul,FL,5,2017
225.39999999999998,740.7682165906848,252.05941374767053,485.18091247679024,280.0,24.059988784452756,100.0,966.1682165906848,789.240901261243,8.937354263369826,-5.526043693795869,13,Tarogong Kidul,FL,5,2018
417.09999999999997,603.3342798885445,134.19049293905027,490.300356413784,280.0,75.89617082026594,100.0,1020.4342798885446,846.19652723405,9.41549187090598,-5.3853095590953135,10,Tarogong Kidul,FL,5,2019
910.3,338.54747974060655,110.32909396302135,443.1850141321637,280.0,347.396235201477,100.0,1248.8474797406066,1070.5812493336407,22.97604602369458,-5.138755556549809,7,Tarogong Kidul,FL,5,2020
754.5,503.4983758904666,246.9160436927454,471.1948438814079,280.0,328.4046351241365,100.0,1257.9983758904666,1079.5994790055445,24.907798580591816,-4.730335437081302,8,Tarogong Kidul,FL,5,2021
649.5999999999999,389.39136399712106,176.06932378892844,471.0778102086732,280.0,105.97845069910255,100.0,1038.991363997121,857.0562609077758,24.591978603297733,-2.621730953407824,5,Tarogong Kidul,FL,5,2022
759.9000000000001,450.03572042318297,157.97391250781595,477.86382939568887,280.0,275.5276270246328,100.0,1209.935720423183,1033.3914564203217,22.837789099786715,-5.639734520248126,9,Tarogong Kidul,FL,5,2023
416.20000000000005,578.93054160121,183.29800458018556,497.2143542775496,280.0,41.9885608130549,100.0,995.1305416012101,819.2029150906044,13.138771975066863,-5.098935013968812,10,Tarogong Kidul,FL,5,2024
626.4,349.345381687862,60.37265499058496,465.90400258124714,159.35999999999996,199.5744338624309,0.0,975.7453816878619,824.8384364436779,-9.025816231271179,-33.42039476612945,82,Tarogong Kidul,SRI,5,2015
862.8,111.27598971035485,111.27598971035485,431.4142460030671,181.92,187.79452670467407,0.0,974.0759897103549,801.1287727077411,15.169282298076732,-21.885794552379558,31,Tarogong Kidul,SRI,5,2016
533.4000000000001,338.6532515544885,146.43036514186565,433.5660920698733,163.2,127.80952108781956,0.0,872.0532515544886,724.5756131576929,-5.991877730068125,-33.85917235749435,72,Tarogong Kidul,SRI,5,2017
225.39999999999998,576.668793667845,252.05941374767053,469.51932333594505,159.83999999999997,24.059988784452756,0.0,802.068793667845,653.4193121203978,-9.27673040317671,-34.32909388878461,82,Tarogong Kidul,SRI,5,2018
417.09999999999997,455.5963775502606,134.19049293905027,473.7084933406569,157.91999999999996,79.25114749974907,0.0,872.6963775502606,710.879640840406,-5.642588417167754,-34.027159128457896,79,Tarogong Kidul,SRI,5,2019
910.3,205.18474273261023,110.32909396302135,428.943746154048,173.76,342.1402902273247,0.0,1115.4847427326101,944.8440363813727,10.561051695202977,-32.76691573109797,48,Tarogong Kidul,SRI,5,2020
754.5,354.661526227365,246.9160436927454,455.79670501327575,176.15999999999997,307.4921873575936,0.0,1109.161526227365,939.4488923708693,8.763624419148254,-33.207949064532166,43,Tarogong Kidul,SRI,5,2021
649.5999999999999,248.45164015248773,176.06932378892844,456.1001658127246,180.0,83.45148369881713,0.0,898.0516401524876,719.5516495115417,11.736705302337402,-31.38403300252275,32,Tarogong Kidul,SRI,5,2022
759.9000000000001,255.5504350667675,157.97391250781595,462.6489119842041,172.32,235.04826476687612,0.0,1015.4504350667676,870.0171767510803,6.898943823247588,-32.73982775086219,45,Tarogong Kidul,SRI,5,2023
416.20000000000005,433.48087177880785,183.29800458018556,481.2597111503342,165.59999999999997,40.56367607895839,0.0,849.6808717788078,687.4233872292925,-4.459186575899729,-32.92136809574722,68,Tarogong Kidul,SRI,5,2024
148.10000000000002,834.0202611689817,284.54793821634905,520.3046925428772,280.0,3.6218230191287226,100.0,982.1202611689818,803.9265155620059,7.497317905604426,-3.843562619522415,10,Tarogong Kidul,FL,6,2015
825.3999999999999,354.64819629538874,167.70893828188238,452.03246777992496,280.0,232.31628696206099,100.0,1180.0481962953886,964.3487547419859,20.2686106405291,0.5335622337774479,0,Tarogong Kidul,FL,6,2016
217.2,709.2810071345805,298.56406555661226,470.07684377870675,280.0,0.3074655377634823,100.0,926.4810071345805,750.3843093164702,10.318871469851056,-5.452116551845831,12,Tarogong Kidul,FL,6,2017
125.30000000000001,828.2841532613762,309.130855892382,500.3285188675674,280.0,0.0,100.0,953.5841532613763,780.3285188675675,8.059835694769838,-3.926414147552643,10,Tarogong Kidul,FL,6,2018
134.3,872.1505864958525,274.8706452422018,527.3539511263116,280.0,26.18681200879836,100.0,1006.4505864958526,833.54076313511,6.796497396991423,-6.538505480103052,12,Tarogong Kidul,FL,6,2019
528.6999999999999,477.5311769571703,158.20782577889597,463.1739761423303,280.0,85.21879839975895,100.0,1006.2311769571702,828.3927745420892,15.720979175333468,-5.7716263528702045,10,Tarogong Kidul,FL,6,2020
743.3,441.5531016843419,213.67098122958583,467.33404177031736,280.0,255.63133718661064,100.0,1184.853101684342,1002.9653789569279,21.621751705365543,-3.939153185524644,3,Tarogong Kidul,FL,6,2021
575.4000000000001,412.27736139757496,216.0804168444917,471.55347383547274,280.0,42.27630291281558,100.0,987.677361397575,793.8297767482883,19.735016762990284,-4.444945242749386,6,Tarogong Kidul,FL,6,2022
418.9,640.8396091404486,214.42405373594727,495.3430147896584,280.0,107.89996488901917,100.0,1059.7396091404485,883.2429796786776,15.5130035839544,-5.472091017110239,12,Tarogong Kidul,FL,6,2023
276.6,714.7415413463239,273.4497441613712,518.523704324839,280.0,23.84103988809907,100.0,991.3415413463239,822.364744212938,12.028887109752176,-5.786551557967617,5,Tarogong Kidul,FL,6,2024
148.10000000000002,686.9638475711363,284.54793821634905,502.5609702114275,159.35999999999999,3.6218230191287226,0.0,835.0638475711363,665.5427932305562,-9.696719237109289,-35.03315920330723,84,Tarogong Kidul,SRI,6,2015
825.3999999999999,222.3360566116682,167.70893828188238,436.6545712827259,176.16,228.38901199198588,0.0,1047.7360566116681,841.2035832747117,6.092008249825104,-22.642338378760023,45,Tarogong Kidul,SRI,6,2016
217.2,568.2904136451089,298.56406555661226,454.6875509297888,161.76,0.3074655377634823,0.0,785.4904136451089,616.7550164675523,-6.881857371045702,-32.03560504208002,81,Tarogong Kidul,SRI,6,2017
125.30000000000001,680.4767619609775,309.130855892382,483.5610031292209,161.75999999999996,0.0,0.0,805.7767619609774,645.3210031292209,-7.838610793914232,-34.00665971835531,78,Tarogong Kidul,SRI,6,2018
134.3,704.0676071357177,274.8706452422018,509.34404887428246,156.95999999999998,26.18681200879836,0.0,838.3676071357177,692.4908608830808,-10.995300618430644,-35.30475437874554,88,Tarogong Kidul,SRI,6,2019
528.6999999999999,350.0844658470247,158.20782577889597,447.42183637225753,162.23999999999995,103.35790975663478,0.0,878.7844658470246,713.0197461288923,-1.5421115030793622,-32.52665525202622,70,Tarogong Kidul,SRI,6,2020
743.3,330.5062295382704,213.67098122958583,451.71756897404737,172.32,269.80581393532736,0.0,1073.8062295382704,893.8433829093748,5.419114608747554,-28.73949338050295,55,Tarogong Kidul,SRI,6,2021
575.4000000000001,310.4631876031246,216.0804168444917,455.6475796907878,180.0,60.65512922454642,0.0,885.8631876031247,696.3027089153342,10.647720059007039,-32.90623837329608,32,Tarogong Kidul,SRI,6,2022
418.9,479.737820004862,214.42405373594727,478.6094805781704,167.03999999999996,83.85947873540181,0.0,898.637820004862,729.5089593135722,1.309686890383576,-32.398812548439665,63,Tarogong Kidul,SRI,6,2023
276.6,573.1360152594654,273.4497441613712,500.96006517065985,162.24,21.170709607248444,0.0,849.7360152594654,684.3707747779083,-6.790281766620472,-30.74226709341788,82,Tarogong Kidul,SRI,6,2024
129.5,886.5508167429432,306.9907040286173,560.0574100944876,280.0,4.188907627955736,100.0,1016.0508167429432,844.2463177224433,6.9188029230190615,-6.315572214912685,10,Tarogong Kidul,FL,7,2015
1211.6000000000001,402.76606351413255,258.28252012246367,447.76758450697,280.0,677.2499961110505,100.0,1614.3660635141327,1405.0175806180205,34.25897433084923,6.771976503324889,0,Tarogong Kidul,FL,7,2016
411.70000000000005,651.8293851841437,257.42460523038847,480.8051478108363,280.0,89.4353295167623,100.0,1063.5293851841438,850.2404773275986,16.110776018828034,1.7366699676668835,0,Tarogong Kidul,FL,7,2017
121.0,873.3140733771205,288.2896421966319,533.872170275998,280.0,3.2572265147630475,100.0,994.3140733771205,817.129396790761,6.976259613565133,-4.714117822401255,11,Tarogong Kidul,FL,7,2018
67.1,967.1960363376364,332.44308230894404,575.94412623989,280.0,0.0,100.0,1034.2960363376365,855.94412623989,6.628235169887708,-5.74575348791784,12,Tarogong Kidul,FL,7,2019
485.30000000000007,546.5332502357319,202.03508675217213,484.357090356386,280.0,81.2856723161523,100.0,1031.833250235732,845.6427626725382,11.34959877162503,-3.1818087464623397,4,Tarogong Kidul,FL,7,2020
584.9000000000001,484.32480709642,186.56150381315544,485.2500481994483,280.0,128.99320653711638,100.0,1069.2248070964201,894.2432547365647,17.536530972494212,-5.875600001812209,6,Tarogong Kidul,FL,7,2021
615.0,457.31938276130825,211.9747673524889,474.86486009363995,280.0,97.08867406752628,100.0,1072.3193827613081,851.9535341611662,18.952769672198006,-3.7974962167690536,3,Tarogong Kidul,FL,7,2022
284.8,805.0467741969019,236.09658084353762,549.5867145948223,280.0,77.49089267436165,100.0,1089.8467741969018,907.077607269184,9.165028110956298,-5.273347528219527,11,Tarogong Kidul,FL,7,2023
276.4,751.7583463613879,281.57743774345147,546.1936050122777,280.0,22.174202925176278,100.0,1028.1583463613879,848.3678079374539,11.295991607907293,-4.313002640313782,8,Tarogong Kidul,FL,7,2024
129.5,725.4104866473742,306.9907040286173,540.2829572779485,157.44,4.188907627955736,0.0,854.9104866473742,701.9118649059043,-10.91227551103316,-30.688707459987313,90,Tarogong Kidul,SRI,7,2015
1211.6000000000001,279.6601256274906,258.28252012246367,432.0924917075092,189.6,667.7024937872691,0.0,1491.2601256274907,1289.3949854947782,19.1363890013473,-10.458520417781475,13,Tarogong Kidul,SRI,7,2016
411.70000000000005,536.0843441274884,257.42460523038847,463.30794561451694,171.35999999999999,108.17524827022785,0.0,947.7843441274885,742.8431938847448,2.0001146058453383,-28.605542083732384,57,Tarogong Kidul,SRI,7,2017
121.0,713.5816262460926,288.2896421966319,515.0998305538653,156.95999999999998,3.2572265147630475,0.0,834.5816262460926,675.3170570686284,-10.59440451307772,-33.34132339306274,90,Tarogong Kidul,SRI,7,2018
67.1,794.1306091478701,332.44308230894404,555.3473653949218,158.39999999999998,0.0,0.0,861.2306091478702,713.7473653949218,-10.607341516083077,-34.762548119107365,87,Tarogong Kidul,SRI,7,2019
485.30000000000007,409.78407883822547,202.03508675217213,466.67289180179324,172.8,67.22486548172192,0.0,895.0840788382255,706.6977572835152,-1.8960953966943925,-28.746628929324565,60,Tarogong Kidul,SRI,7,2020
584.9000000000001,330.4630192376426,186.56150381315544,468.82708510051344,174.23999999999998,124.37951610556681,0.0,915.3630192376427,767.4466012060802,-0.6432931074157029,-32.13747610784735,50,Tarogong Kidul,SRI,7,2021
615.0,311.12975681521596,211.9747673524889,457.91909986316955,174.23999999999998,83.44698477282901,0.0,926.129756815216,715.6060846359985,4.378030749600774,-25.672018036960193,49,Tarogong Kidul,SRI,7,2022
284.8,636.5736126463638,236.09658084353762,529.9015513026237,157.44,77.65446851314033,0.0,921.3736126463639,764.9960198157639,-8.383845038246125,-35.28513551776934,87,Tarogong Kidul,SRI,7,2023
276.4,580.1212677365115,281.57743774345147,526.7254673750164,166.56,8.025622099321883,0.0,856.5212677365115,701.3110894743384,-3.9514871458260132,-32.49861313034141,67,Tarogong Kidul,SRI,7,2024
221.7,869.0352098574177,322.9925702236118,594.6985612032568,280.0,25.676954940747116,100.0,1090.7352098574177,900.3755161440039,11.03449336567503,-5.731890595474146,3,Tarogong Kidul,FL,8,2015
1518.2,379.1524774413122,215.16709116787928,443.7256041052211,280.0,956.822961770588,100.0,1897.3524774413122,1680.5485658758091,35.10515609125695,4.8845358344033,0,Tarogong Kidul,FL,8,2016
566.5999999999999,658.1688737455604,294.36930834579994,498.80099138141765,280.0,230.36690237944677,100.0,1224.7688737455603,1009.1678937608643,18.034861950169315,-4.384369968254677,4,Tarogong Kidul,FL,8,2017
234.10000000000002,823.3053948809039,333.41613706236706,547.6175908737198,280.0,32.50858947806894,100.0,1057.405394880904,860.1261803517888,11.047146731684883,-4.450501407531066,5,Tarogong Kidul,FL,8,2018
144.2,928.3119936865896,329.97103713280995,615.9473922667119,280.0,0.0,100.0,1072.5119936865897,895.9473922667119,7.829032624359394,-5.558101093444412,9,Tarogong Kidul,FL,8,2019
678.8,561.6515414475294,293.50141109360743,498.0469197300577,280.0,242.9593612142483,100.0,1240.4515414475295,1021.0062809443059,21.748218352040997,3.644224422128006,0,Tarogong Kidul,FL,8,2020
782.7,527.152117529883,295.8878641475926,499.2320281311785,280.0,314.6313401104193,100.0,1309.852117529883,1093.8633682415978,24.21472255843083,-0.1265701367469081,1,Tarogong Kidul,FL,8,2021
918.2,487.33932435293474,274.22666781879803,485.8167666480702,280.0,421.804582548524,100.0,1405.5393243529347,1187.621349196594,26.74192108590868,0.890713159223778,0,Tarogong Kidul,FL,8,2022
247.29999999999998,893.3398336154169,292.8012758170595,603.534514084429,280.0,73.87086411452981,100.0,1140.6398336154168,957.4053781989588,6.746987250094832,-3.8961061009033435,10,Tarogong Kidul,FL,8,2023
373.49999999999994,713.4430232969062,305.96999241331065,576.4715137758914,280.0,20.068409042385802,100.0,1086.9430232969062,876.5399228182772,12.824437730552487,-4.639534991447548,4,Tarogong Kidul,FL,8,2024
221.7,707.4688360073328,322.9925702236118,572.7294816097466,161.76,9.285310111124655,0.0,929.1688360073329,743.7747917208712,-6.7381112178036275,-31.052843296750073,83,Tarogong Kidul,SRI,8,2015
1518.2,248.31782270975333,215.16709116787928,428.8499766043847,192.0,936.3594640747075,0.0,1766.5178227097533,1557.209440679092,24.763986077255158,-2.382941395001772,3,Tarogong Kidul,SRI,8,2016
566.5999999999999,505.01985547482127,294.36930834579994,480.86380129721226,178.56,205.75351232055698,0.0,1071.6198554748212,865.1773136177693,5.258889955820033,-26.51259466061705,43,Tarogong Kidul,SRI,8,2017
234.10000000000002,678.3331926171475,333.41613706236706,527.4994440636958,163.68,31.452130644080974,0.0,912.4331926171475,722.6315747077768,-5.701925097734224,-30.29136761669526,82,Tarogong Kidul,SRI,8,2018
144.2,752.797160103189,329.97103713280995,593.2023964972042,157.92,0.0,0.0,896.9971601031889,751.1223964972041,-10.358967950826315,-35.42638456188631,91,Tarogong Kidul,SRI,8,2019
678.8,422.75128037125575,293.50141109360743,480.5063129094738,180.96,230.63970695855832,0.0,1101.5512803712556,892.1060198680321,8.06575484383202,-23.874406908446627,32,Tarogong Kidul,SRI,8,2020
782.7,398.2823232248736,295.8878641475926,481.4630232747327,182.39999999999998,311.13055066185586,0.0,1180.9823232248737,974.9935739365885,7.638940478548004,-27.804200652837725,32,Tarogong Kidul,SRI,8,2021
918.2,349.9544174425624,274.22666781879803,469.1784534556281,187.67999999999998,403.3779888305938,0.0,1268.1544174425624,1060.2364422862217,17.664078640099238,-24.499080392693635,16,Tarogong Kidul,SRI,8,2022
247.29999999999998,738.3818443247709,292.8012758170595,580.9241235297261,157.92000000000002,73.87086411452981,0.0,985.6818443247709,812.714987644256,-10.652224348932466,-31.41428806110296,91,Tarogong Kidul,SRI,8,2023
373.49999999999994,560.297379948869,305.96999241331065,555.5619291350782,165.12,8.51791705491295,0.0,933.7973799488689,729.1998461899911,-6.265563071500745,-31.101484771914727,79,Tarogong Kidul,SRI,8,2024
643.0,742.8476075087186,339.60445510032014,582.9304252247796,280.0,314.53558777119304,100.0,1385.8476075087187,1177.4660129959725,20.512058367517085,-1.727012978667199,1,Tarogong Kidul,FL,9,2015
1961.3999999999999,361.8753630365863,219.53083511520106,442.67141481179465,280.0,1385.2875180685296,100.0,2323.275363036586,2107.958932880324,38.52247504711638,4.751097308161617,0,Tarogong Kidul,FL,9,2016
938.1000000000001,590.3055907886317,338.30984421310484,496.8976837868052,280.0,537.5144734877165,100.0,1528.4055907886318,1314.4121572745216,30.834551499597374,3.5915147312635813,0,Tarogong Kidul,FL,9,2017
513.9,694.2147527738013,339.46007635494385,548.3464413933691,280.0,175.92040969159152,100.0,1208.1147527738012,1004.2668510849606,17.245938896221666,-0.8790634989594386,3,Tarogong Kidul,FL,9,2018
388.2,788.435269207671,346.2878781045206,627.1672503365619,280.0,66.62959872797087,100.0,1176.635269207671,973.7968490645328,15.98275961656022,-2.083895355515997,4,Tarogong Kidul,FL,9,2019
1100.0,500.2175626054797,292.0050875436097,496.1811206766238,280.0,615.8106611460877,100.0,1600.2175626054798,1391.9917818227113,33.44858711722539,4.0706604947641685,0,Tarogong Kidul,FL,9,2020
1184.8999999999999,422.07896174776073,274.2453774778276,499.740998946354,280.0,613.137872084223,100.0,1606.9789617477606,1392.878871030577,28.77424961825571,2.1558739302027163,0,Tarogong Kidul,FL,9,2021
1341.2,408.43814033016344,263.8785632391255,494.0970796131315,280.0,761.4942360787949,100.0,1749.6381403301634,1535.5913156919264,36.05760594010027,4.885263207667305,0,Tarogong Kidul,FL,9,2022
258.90000000000003,843.6542401294762,342.88792539608403,629.8772837499052,280.0,19.430774885111937,100.0,1102.5542401294763,929.3080586350172,11.558995077947847,-4.852466663379004,5,Tarogong Kidul,FL,9,2023
834.3000000000001,610.4294598048532,351.5590573473592,574.7040894062663,280.0,386.69003326654865,100.0,1444.7294598048534,1241.394122672815,26.13353668949321,-1.2255177983093901,1,Tarogong Kidul,FL,9,2024
643.0,602.8623672369487,339.60445510032014,562.1975442697765,176.16,309.12322845442606,0.0,1245.8623672369486,1047.4807727242026,5.514225440539725,-28.799145729253897,52,Tarogong Kidul,SRI,9,2015
1961.3999999999999,247.1489633609458,219.53083511520106,428.39568574749194,192.0,1382.836847457192,0.0,2208.548963360946,2003.232533204684,28.987352006136234,-4.98007787691534,3,Tarogong Kidul,SRI,9,2016
938.1000000000001,444.63304772330014,338.30984421310484,480.44673224076024,189.59999999999997,508.69288196842984,0.0,1382.7330477233004,1178.73961420919,20.90919755535743,-10.320381744257984,15,Tarogong Kidul,SRI,9,2017
513.9,550.101039450878,339.46007635494385,529.3882384499111,174.72,162.69242569146908,0.0,1064.0010394508781,866.8006641413803,4.347162000632742,-23.9972782352085,48,Tarogong Kidul,SRI,9,2018
388.2,652.8860390469874,346.2878781045206,604.8588315236298,170.39999999999998,67.20387082504311,0.0,1041.0860390469875,842.4627023486728,-0.00527090985644427,-30.274444424374458,63,Tarogong Kidul,SRI,9,2019
1100.0,375.1124885949662,292.0050875436097,479.66284534597196,192.0,604.3804224588517,0.0,1475.1124885949662,1276.0432678048237,22.270018964989525,-4.660670945329823,8,Tarogong Kidul,SRI,9,2020
1184.8999999999999,299.9677298458065,274.2453774778276,482.48635984523565,183.83999999999997,613.6012085190364,0.0,1484.8677298458065,1279.927568364272,17.443820743955655,-25.053411774239514,20,Tarogong Kidul,SRI,9,2021
1341.2,287.89064563377167,263.8785632391255,477.6580860484411,192.0,755.3857349470936,0.0,1629.0906456337716,1425.0438209955346,26.729752389214337,-5.335195100503593,5,Tarogong Kidul,SRI,9,2022
258.90000000000003,682.3674031766342,342.88792539608403,607.3058760231952,165.11999999999998,19.563221886484058,0.0,941.2674031766342,791.9890979096792,-5.902554134553685,-29.906588036473558,77,Tarogong Kidul,SRI,9,2023
834.3000000000001,466.5691117471539,351.5590573473592,554.7350083414976,176.64,375.3164315252719,0.0,1300.869111747154,1106.6914398667695,7.739194480447642,-30.40687188479967,44,Tarogong Kidul,SRI,9,2024
925.5999999999999,627.2801253262196,349.67508770189454,572.297840061571,280.0,509.1904639623416,100.0,1552.8801253262195,1361.4883040239126,28.136939534712273,5.283328518954347,0,Tarogong Kidul,FL,10,2015
2145.8,245.54533288428655,145.54533288428652,441.9416452204921,280.0,1451.7806169725202,100.0,2391.3453328842866,2173.7222621930123,41.99628623734981,5.075668153334638,0,Tarogong Kidul,FL,10,2016
1216.0,408.45372757285264,295.65131171840886,494.530163577169,280.0,641.8022870739345,100.0,1624.4537275728526,1416.3324506511035,34.38457352699451,6.19758414555625,0,Tarogong Kidul,FL,10,2017
920.9,589.2532892454097,326.83751080814,540.5723486532984,280.0,482.0901683664674,100.0,1510.1532892454097,1302.6625170197658,28.18022900330351,3.7656210219327795,0,Tarogong Kidul,FL,10,2018
862.1999999999998,653.8622154822456,353.9204049113556,612.6406806495925,280.0,427.864306758509,100.0,1516.0622154822454,1320.5049874081014,26.789467866350634,-1.2905365015848425,1,Tarogong Kidul,FL,10,2019
1844.0999999999995,422.6854822341406,288.59061742445067,478.44260771963945,280.0,1299.8943321978472,100.0,2266.78548223414,2058.3369399174867,36.595408387764074,4.73483092052469,0,Tarogong Kidul,FL,10,2020
1651.2999999999997,420.3492976996028,226.57231679050696,502.5216544294619,280.0,1075.3101819172277,100.0,2071.6492976996024,1857.8318363466897,34.05306228042785,5.073746444953002,0,Tarogong Kidul,FL,10,2021
1736.9,346.457353638713,229.05735363871304,489.0241503775894,280.0,1101.1717906530343,100.0,2083.357353638713,1870.1959410306238,42.07448458014407,14.305779259530025,0,Tarogong Kidul,FL,10,2022
544.1999999999999,717.3668250716685,358.2063470197627,632.0361995395479,280.0,148.90730835501512,100.0,1261.5668250716685,1060.943507894563,19.57852518123071,-0.149608275903776,2,Tarogong Kidul,FL,10,2023
1397.4,528.7041721624494,265.6449140312197,546.5639378959997,280.0,893.3395885772189,100.0,1926.1041721624495,1719.9035264732188,31.908543855987176,3.5149958710796394,0,Tarogong Kidul,FL,10,2024
925.5999999999999,500.74464316778227,349.67508770189454,554.4608778828776,187.2,499.94026544938646,0.0,1426.3446431677821,1241.6011433322642,17.307240883162336,-24.440103343647536,22,Tarogong Kidul,SRI,10,2015
2145.8,145.54533288428652,145.54533288428652,427.22812608759034,192.0,1464.494136105422,0.0,2291.3453328842866,2083.7222621930123,32.81791025213357,1.6689738682580986,0,Tarogong Kidul,SRI,10,2016
1216.0,295.65131171840886,295.65131171840886,478.61747506778784,192.0,642.9125597288717,0.0,1511.6513117184088,1313.5300347966595,27.280013118761143,4.9253249523967275,0,Tarogong Kidul,SRI,10,2017
920.9,428.6297988176159,326.83751080814,523.5356303909341,184.8,443.70339620103766,0.0,1349.5297988176158,1152.0390265919718,16.22174125988888,-18.703426044230575,27,Tarogong Kidul,SRI,10,2018
862.1999999999998,504.9652600117764,353.9204049113556,592.4968787578816,182.88,404.5435910422376,0.0,1367.1652600117764,1179.9204698001192,10.978556932004395,-25.84774225911098,31,Tarogong Kidul,SRI,10,2019
1844.0999999999995,288.59061742445056,288.59061742445067,463.22890299248047,192.0,1279.0131721153161,0.0,2132.69061742445,1934.2420751077966,25.556979605326816,-4.84774500425573,7,Tarogong Kidul,SRI,10,2020
1651.2999999999997,275.62528432381225,226.57231679050696,486.1605679164034,191.03999999999996,1045.9072550544956,0.0,1926.9252843238119,1723.107822970899,23.541728673778916,-8.026394311364358,10,Tarogong Kidul,SRI,10,2021
1736.9,229.05735363871304,229.05735363871304,472.95756604996063,192.0,1097.838374980663,0.0,1965.9573536387131,1762.7959410306237,31.899880514209453,-2.2576442974950246,1,Tarogong Kidul,SRI,10,2022
544.1999999999999,590.8728692380714,358.2063470197627,610.994726200174,175.2,158.25482586079193,0.0,1135.0728692380712,944.449552060966,3.119196418128796,-30.648725859977077,52,Tarogong Kidul,SRI,10,2023
1397.4,383.97914514044356,265.6449140312197,529.1714031474554,189.59999999999997,866.4070963037576,0.0,1781.3791451404436,1585.1784994512132,18.87564560427707,-23.99022804932947,18,Tarogong Kidul,SRI,10,2024
1525.9,460.2161799107586,333.41663628717436,528.0721030187988,280.0,985.0413984158214,100.0,1986.1161799107588,1793.11350143462,37.94289363494935,6.500456376415797,0,Tarogong Kidul,FL,11,2015
2333.4000000000005,197.51364177081444,82.81364177081441,434.44919251583826,280.0,1594.3017120819693,100.0,2530.913641770815,2308.7509045978077,40.962428253628744,14.934164984303596,0,Tarogong Kidul,FL,11,2016
1505.3999999999996,362.22336799814747,230.1991743564848,466.6839876639824,280.0,916.5060000850021,100.0,1867.6233679981472,1663.1899877489845,38.92916304961307,7.975806358337374,0,Tarogong Kidul,FL,11,2017
1636.5,435.8901588212796,319.89015882127956,516.9365987926722,280.0,1071.6484532906507,100.0,2072.39015882128,1868.5850520833228,37.68103910086707,7.400338782256442,0,Tarogong Kidul,FL,11,2018
1537.6999999999998,509.8958490321008,338.7093838759947,568.6085655555182,280.0,1002.8737362871562,100.0,2047.5958490321007,1851.4823018426746,36.90120815101198,4.680159523263884,0,Tarogong Kidul,FL,11,2019
2160.3999999999996,260.477256115579,149.0257420085389,442.3584169393436,280.0,1481.4156714418941,100.0,2420.877256115579,2203.7740883812376,38.842405210334455,4.948485892959967,0,Tarogong Kidul,FL,11,2020
1918.1,347.42719646954185,247.42719646954185,499.1311180512976,280.0,1278.0874731403298,100.0,2265.5271964695417,2057.2185911916276,42.489833611170745,12.026913663019409,0,Tarogong Kidul,FL,11,2021
2081.0,253.08711545132218,127.44879407241868,468.06554298250273,280.0,1369.678718729167,100.0,2334.087115451322,2117.74426171167,41.724486616380425,8.161678621096534,0,Tarogong Kidul,FL,11,2022
956.2,560.1926584770343,349.6511910753442,602.4948050736399,280.0,442.94342507747854,100.0,1516.3926584770343,1325.4382301511184,27.36204486760604,-0.059694588901287204,1,Tarogong Kidul,FL,11,2023
1625.6999999999998,430.54676501673214,319.8182370460765,531.7889856113136,280.0,1043.611775835108,100.0,2056.246765016732,1855.4007614464215,36.40679823209613,2.497509001204719,0,Tarogong Kidul,FL,11,2024
1525.9,348.5221250233964,333.41663628717436,511.7644962113046,192.0,986.8164971900301,0.0,1874.4221250233966,1690.5809934013346,28.975016379896633,-5.305488736221983,2,Tarogong Kidul,SRI,11,2015
2333.4000000000005,82.81364177081443,82.81364177081441,419.47580319461184,192.0,1592.5751014031957,0.0,2416.213641770815,2204.050904597808,31.233368292770088,1.0645197864392033,0,Tarogong Kidul,SRI,11,2016
1505.3999999999996,255.874339242953,230.1991743564848,451.84769217172754,191.51999999999998,921.7883665627705,0.0,1761.2743392429527,1565.156058734498,29.493107581027157,-5.533839429414175,3,Tarogong Kidul,SRI,11,2017
1636.5,330.5665922389246,319.89015882127956,500.6180626808993,192.0,1080.6434228200685,0.0,1967.0665922389246,1773.2614855009679,29.547293702494038,-3.4764334176449947,3,Tarogong Kidul,SRI,11,2018
1537.6999999999998,378.30897086079415,338.7093838759947,550.930837212281,192.0,986.9645864590868,0.0,1916.0089708607939,1729.8954236713678,26.68346149500004,-5.819635680087706,6,Tarogong Kidul,SRI,11,2019
2160.3999999999996,149.02574200853894,149.0257420085389,428.1617650730044,192.0,1482.1608092011934,0.0,2309.4257420085387,2102.322574274198,30.982056819553897,11.432912594743659,0,Tarogong Kidul,SRI,11,2020
1918.1,247.42719646954185,247.42719646954185,482.68938489318566,192.0,1292.5292062984417,0.0,2165.5271964695417,1967.2185911916274,32.70036928345505,12.852389765365752,0,Tarogong Kidul,SRI,11,2021
2081.0,137.51251049921348,127.44879407241868,452.1096787674019,192.0,1368.059977992159,0.0,2218.5125104992135,2012.169656759561,31.55657473050076,-0.763716426794776,1,Tarogong Kidul,SRI,11,2022
956.2,407.22659688443827,349.6511910753442,583.4830734637458,185.76,412.0706692953227,0.0,1363.4265968844384,1181.3137427590684,14.939714755576981,-27.039246658166967,29,Tarogong Kidul,SRI,11,2023
1625.6999999999998,319.81823704607655,319.8182370460765,515.9946967255966,192.0,1046.6775367501696,0.0,1945.5182370460764,1754.672233475766,28.726411987053194,0.19424678285507468,0,Tarogong Kidul,SRI,11,2024
1960.4,305.15751865915473,192.97442307232407,480.63295302037085,280.0,1292.9833860813287,100.0,2265.557518659155,2053.6163391017,39.11151733573116,4.602678697940954,0,Tarogong Kidul,FL,12,2015
2194.2,187.68177755503177,87.68177755503179,453.4240744580858,280.0,1428.6710807320703,100.0,2381.8817775550315,2162.095155190156,41.175224661157735,6.0776924852882495,0,Tarogong Kidul,FL,12,2016
1955.6000000000001,281.1442411058809,151.37068911067945,463.96694292544396,280.0,1276.3448469876764,100.0,2236.744241105881,2020.3117899131203,40.081172621712874,6.526448004798526,0,Tarogong Kidul,FL,12,2017
1904.2000000000003,304.87273064875546,185.87273064875544,485.5621192986349,280.0,1229.2250942596063,100.0,2209.0727306487556,1994.787213558241,41.45831220472746,10.131636581675757,0,Tarogong Kidul,FL,12,2018
2072.1,376.6035094835402,261.7035094835402,516.1186577767819,280.0,1447.4701402578773,100.0,2448.70350948354,2243.5887980346592,37.47432544489702,14.09653900753528,0,Tarogong Kidul,FL,12,2019
2265.2,276.8561684473271,176.8561684473271,447.61383971588185,280.0,1599.8875252558416,100.0,2542.056168447327,2327.5013649717234,43.087043369723666,23.852449465144307,0,Tarogong Kidul,FL,12,2020
2237.0,144.07061642051005,44.070616420510035,480.4851271128318,280.0,1402.3142650703576,100.0,2381.07061642051,2162.7993921831894,42.57562441344427,26.617739307063346,0,Tarogong Kidul,FL,12,2021
2050.8999999999996,210.84380987624183,110.8438098762418,473.1370637517199,280.0,1327.0831634030526,100.0,2261.7438098762414,2080.2202271547726,40.310916575999826,3.191942246861835,0,Tarogong Kidul,FL,12,2022
1393.8000000000002,438.8549289553924,260.27253502588496,558.4116687779743,280.0,796.4499695734647,100.0,1832.6549289553925,1634.861638351439,30.90840833468218,4.0398048826670765,0,Tarogong Kidul,FL,12,2023
1938.6,218.412430521607,118.41243052160699,501.7226156244221,280.0,1165.117326130007,100.0,2157.012430521607,1946.8399417544292,43.00422487808021,6.01069330703351,0,Tarogong Kidul,FL,12,2024
1960.4,192.97442307232407,192.97442307232407,464.85698510432803,192.0,1294.576258410541,0.0,2153.374423072324,1951.433243514869,30.14259063782288,6.2709690078623295,0,Tarogong Kidul,SRI,12,2015
2194.2,87.68177755503179,87.68177755503179,438.09958102842586,192.0,1441.99557416173,0.0,2281.8817775550315,2072.0951551901558,32.03316032106617,6.908606421077475,0,Tarogong Kidul,SRI,12,2016
1955.6000000000001,162.9574510757962,151.37068911067945,448.2771801287106,192.0,1271.007055339744,0.0,2118.5574510757965,1911.2842354684547,30.34701993748226,-2.186761965116774,1,Tarogong Kidul,SRI,12,2017
1904.2000000000003,197.57851856124518,185.87273064875544,469.07831992113455,192.0,1236.4146815495965,0.0,2101.7785185612456,1897.493001470731,32.14192437135002,-3.7057879124897273,1,Tarogong Kidul,SRI,12,2018
2072.1,261.7035094835402,261.7035094835402,499.943695743961,192.0,1446.7451022906982,0.0,2333.80350948354,2138.688798034659,29.82276406773745,0.03518713617354585,0,Tarogong Kidul,SRI,12,2019
2265.2,176.8561684473271,176.8561684473271,433.4453852713182,192.0,1612.0559797004057,0.0,2442.056168447327,2237.501364971724,33.472451788563745,20.866088877792492,0,Tarogong Kidul,SRI,12,2020
2237.0,44.070616420510035,44.070616420510035,464.19463628477445,192.0,1416.6047558984149,0.0,2281.07061642051,2072.7993921831894,32.83732971071451,21.343330053731425,0,Tarogong Kidul,SRI,12,2021
2050.8999999999996,110.84380987624182,110.8438098762418,458.1845228671961,192.0,1330.781027413018,0.0,2161.7438098762414,1980.965550280214,31.225546373782162,0.7701142254631517,0,Tarogong Kidul,SRI,12,2022
1393.8000000000002,293.6270117576917,260.27253502588496,540.0890639814581,188.16,770.0490719461374,0.0,1687.4270117576918,1498.2981359275955,21.605346782902654,-18.095037514747574,14,Tarogong Kidul,SRI,12,2023
1938.6,118.41243052160699,118.41243052160699,485.21212617355144,192.0,1179.6278155808775,0.0,2057.012430521607,1856.839941754429,32.01432845249742,0.8085375777166623,0,Tarogong Kidul,SRI,12,2024
2166.1000000000004,226.79624231644846,126.79624231644844,460.2177074175032,280.0,1439.173873264098,100.0,2392.896242316449,2179.391580681601,42.899177334877585,27.95500295721166,0,Sukawening,FL,1,2016
1482.7999999999997,221.14701933266338,104.74701933266337,464.1638081036581,280.0,744.979547328779,100.0,1703.947019332663,1489.1433554324371,38.48253791751986,5.253739033313124,0,Sukawening,FL,1,2017
1168.2,341.10020653418303,187.41253581135294,480.74382138993735,280.0,574.5734778302505,100.0,1509.300206534183,1335.3172992201878,33.41945409563335,-4.210936304362268,10,Sukawening,FL,1,2018
1690.1000000000004,235.96781496577557,135.9678149657756,475.10531284203876,280.0,955.5866611861034,100.0,1926.067814965776,1710.691974028142,42.06870651285564,11.24992444512653,0,Sukawening,FL,1,2019
2010.4,205.19834379536934,105.19834379536931,481.90297745863785,280.0,1241.138934147295,100.0,2215.5983437953696,2003.041911605933,42.42952997072533,20.372346639450196,0,Sukawening,FL,1,2020
1791.3000000000002,177.96712187789774,77.96712187789771,437.5887289444797,280.0,1049.1238990147112,100.0,1969.2671218778978,1766.712627959191,41.88349305917393,7.926608398369568,0,Sukawening,FL,1,2021
1351.9,226.0399927754397,96.85114640618032,492.7815348774476,280.0,587.9468470676138,100.0,1577.9399927754398,1360.7283819450613,39.37395161318764,6.283356772213049,0,Sukawening,FL,1,2022
1262.9,199.71746478715903,83.817464787159,480.3706315676424,280.0,492.16542662467845,100.0,1462.6174647871592,1252.536058192321,34.7437380596673,5.863067075211033,0,Sukawening,FL,1,2023
1281.2,331.93267683598486,219.13267683598488,537.6368960101665,280.0,599.3183291982707,100.0,1613.132676835985,1416.9552252084372,36.46190234057529,4.097364547352453,0,Sukawening,FL,1,2024
2166.1000000000004,126.79624231644844,126.79624231644844,444.8729774779389,192.0,1450.84817098483,0.0,2292.896242316449,2087.7211484627687,33.13855813383846,12.31385597830815,0,Sukawening,SRI,1,2016
1482.7999999999997,115.3463259239044,104.74701933266337,448.31503626943345,192.0,752.1956232432256,0.0,1598.1463259239042,1392.510659512659,30.266924754114797,-1.899306591241022,1,Sukawening,SRI,1,2017
1168.2,200.18262395632038,187.41253581135294,464.45265617474524,188.64,555.5504864306353,0.0,1368.3826239563205,1208.6431426053805,25.756754062764813,-17.554802867665167,10,Sukawening,SRI,1,2018
1690.1000000000004,135.96781496577557,135.9678149657756,459.1017007956693,192.0,968.758636078778,0.0,1826.067814965776,1619.8603368744473,32.96489536620682,12.075172717947058,0,Sukawening,SRI,1,2019
2010.4,105.19834379536931,105.19834379536931,466.20392157448714,192.0,1254.8379900314455,0.0,2115.5983437953696,1913.0419116059327,33.23942673045629,22.84291746480217,0,Sukawening,SRI,1,2020
1791.3000000000002,77.96712187789771,77.96712187789771,422.7550082316736,192.0,1057.772825228007,0.0,1869.2671218778978,1672.5278334596806,32.78388783751524,8.752087523138186,0,Sukawening,SRI,1,2021
1351.9,119.97504634786345,96.85114640618032,475.953333142979,192.0,596.7101023745064,0.0,1471.8750463478636,1264.6634355174854,30.408292949663878,-3.4613106352230356,2,Sukawening,SRI,1,2022
1262.9,83.81746478715901,83.817464787159,464.49722119322405,192.0,484.44493512737023,0.0,1346.717464787159,1140.9421563205942,25.885002663087974,-3.17937121740779,1,Sukawening,SRI,1,2023
1281.2,219.13267683598485,219.13267683598488,519.958726050585,192.0,598.0215343663662,0.0,1500.3326768359848,1309.9802604169513,29.826454665242945,2.6423241829786086,0,Sukawening,SRI,1,2024
1938.6999999999998,199.6936077025376,63.12502709921199,459.4039879867646,280.0,1217.916562773179,100.0,2138.3936077025373,1957.3205507599437,39.63757469324874,-3.626335677671142,3,Sukawening,FL,2,2015
1871.6,230.97574154928128,130.97574154928125,462.14576299907776,280.0,1174.491325384987,100.0,2102.5757415492812,1916.6370883840648,41.77640523699555,12.008973292599807,0,Sukawening,FL,2,2016
1160.6999999999998,274.31680877238614,135.7495659454271,466.48484680117394,280.0,510.41056738925863,100.0,1435.016808772386,1256.8954141904326,35.245895871494454,-4.487893563822267,4,Sukawening,FL,2,2017
1041.5,332.29154554441914,143.46588057131973,483.75713328762936,280.0,419.1671792396754,100.0,1373.791545544419,1182.9243125273047,29.419151769950574,-3.777800267939277,9,Sukawening,FL,2,2018
1519.6,206.31677849127152,106.3167784912715,473.2734379889516,280.0,796.3910714976266,100.0,1725.9167784912715,1549.6645094865783,39.17291610125868,-0.44554086294461115,1,Sukawening,FL,2,2019
1837.1000000000001,216.10040750031322,116.10040750031322,466.74742574034724,280.0,1092.4181094489336,100.0,2053.2004075003133,1839.165535189281,41.22878720516912,13.342617438781852,0,Sukawening,FL,2,2020
1453.7000000000003,237.72891419719838,69.89628790827052,452.9414179186997,280.0,747.0104631062208,100.0,1691.4289141971985,1479.9518810249206,33.301036419090075,-4.889037366349736,7,Sukawening,FL,2,2021
1152.9,282.38456719796187,167.78456719796188,495.6265667404743,280.0,464.2156821663648,100.0,1435.284567197962,1239.8422489068391,38.13884757419515,3.0406378063232165,0,Sukawening,FL,2,2022
1244.2999999999997,297.33569342401694,170.3581765130852,486.9677758844143,280.0,595.9685858341725,100.0,1541.6356934240166,1362.9363617185868,38.46252120425081,4.375612981551832,0,Sukawening,FL,2,2023
1243.0,263.20887621664747,118.20687166126932,520.8526391796725,280.0,527.8338259659031,100.0,1506.2088762166475,1328.6864651455755,34.136845753310006,-4.756932889219834,6,Sukawening,FL,2,2024
1938.6999999999998,63.125027099212,63.12502709921199,444.10278358395135,189.11999999999998,1217.0392457241587,0.0,2001.8250270992119,1850.26202930811,29.849554079103065,-25.58623099068081,8,Sukawening,SRI,2,2015
1871.6,130.97574154928128,130.97574154928125,446.56650899050896,192.0,1180.5820934249139,0.0,2002.5757415492812,1819.1486024154228,32.75936361895504,9.497459261241719,0,Sukawening,SRI,2,2016
1160.6999999999998,135.74956594542712,135.7495659454271,450.3203155780866,188.64,509.69275323081956,0.0,1296.449565945427,1148.653068808906,27.13985170787548,-31.405822976174406,8,Sukawening,SRI,2,2017
1041.5,206.12869281784214,143.46588057131973,466.75224001269095,179.52,418.6172741946634,0.0,1247.6286928178422,1064.8895142073543,15.323259103938435,-33.32537720248764,35,Sukawening,SRI,2,2018
1519.6,106.3167784912715,106.3167784912715,457.3315235655375,192.0,797.4443520043167,0.0,1625.9167784912713,1446.7758755698542,31.363470283842695,2.443093053779301,0,Sukawening,SRI,2,2019
1837.1000000000001,116.10040750031322,116.10040750031322,450.8813235213903,192.0,1106.2842116678908,0.0,1953.2004075003133,1749.165535189281,32.42003909007406,12.25289974601464,0,Sukawening,SRI,2,2020
1453.7000000000003,69.89628790827052,69.89628790827052,436.7859071446174,185.76,714.4805709980701,0.0,1523.5962879082708,1337.0264781426874,22.035496444538765,-25.297372589041192,20,Sukawening,SRI,2,2021
1152.9,167.78456719796188,167.78456719796188,478.81445040011283,192.0,447.41778008960495,0.0,1320.684567197962,1118.2322304897177,29.977730093717163,0.5563815168206521,0,Sukawening,SRI,2,2022
1244.2999999999997,183.19829226648295,170.3581765130852,469.9770266622494,192.0,588.4921778319608,0.0,1427.4982922664826,1250.4692044942103,27.642107995203475,-2.940115753397773,1,Sukawening,SRI,2,2023
1243.0,118.2068716612693,118.20687166126932,503.23689618586843,187.2,523.5519779189447,0.0,1361.2068716612694,1213.988874104813,25.673347308180084,-25.844863797679793,14,Sukawening,SRI,2,2024
1598.3999999999999,259.0522735802974,55.06584789432004,459.7975910693774,280.0,937.1483388461936,100.0,1857.4522735802973,1676.945929915571,32.88956209997063,-2.5184437099263595,6,Sukawening,FL,3,2015
1717.6999999999998,161.7377706754764,36.966420255306474,442.7398917453973,280.0,961.0373604286737,100.0,1879.4377706754763,1683.7772521740708,36.73995502196264,-1.7713504201699335,1,Sukawening,FL,3,2016
976.3,295.9448166999746,117.74759956774034,465.38256300797343,280.0,351.4921189646948,100.0,1272.2448166999745,1096.8746819726682,31.00615123635879,-5.248271395569489,8,Sukawening,FL,3,2017
845.1,316.6506839029395,80.57705997363385,495.118073908764,280.0,211.79956923955714,100.0,1161.7506839029395,986.9176431483212,23.40555091230128,-5.26580565542966,10,Sukawening,FL,3,2018
1222.2,309.9236449185303,95.90113498282953,472.5724498745519,280.0,600.9853008575753,100.0,1532.1236449185303,1353.5577507321273,32.444864015372644,-5.082938057024468,9,Sukawening,FL,3,2019
1731.1,129.79703891278317,29.79703891278316,448.26771883093215,280.0,931.7514260632993,100.0,1860.897038912783,1660.0191448942314,40.571580756201676,18.05244722202589,0,Sukawening,FL,3,2020
1245.6999999999998,229.13194442560683,107.83344600476998,461.1693676077665,280.0,513.191906029443,100.0,1474.8319444256067,1254.3612736372095,34.76989942517292,1.4015015791631162,0,Sukawening,FL,3,2021
1082.3000000000002,252.00419613896793,135.30419613896788,478.38411724560603,280.0,373.6022135433559,100.0,1334.304196138968,1131.9863307889618,40.10124771797253,14.960710040415435,0,Sukawening,FL,3,2022
1129.8999999999999,277.1622721736134,114.30511651429943,475.63715995486405,280.0,459.9943466866275,100.0,1407.0622721736133,1215.6315066414916,30.0292563258722,-4.227136160677641,5,Sukawening,FL,3,2023
1014.9000000000001,226.85727615538116,95.09291803480899,509.6377491970785,280.0,277.94207582054514,100.0,1241.7572761553813,1067.5798250176235,29.416181804177576,-4.884774538245196,4,Sukawening,FL,3,2024
1598.3999999999999,122.10562139126925,55.06584789432004,444.3506805332321,176.16,941.0317793481977,0.0,1720.5056213912692,1561.5424598814297,18.668149903632283,-32.89908738877909,35,Sukawening,SRI,3,2015
1717.6999999999998,36.966420255306474,36.966420255306474,427.5583134163779,192.0,938.5181897702166,0.0,1754.6664202553063,1558.0765031865944,29.578318783839276,1.4722273253377551,0,Sukawening,SRI,3,2016
976.3,178.91194292571163,117.74759956774034,449.54579313135594,176.64,356.45245874392486,0.0,1155.2119429257116,982.6382518752807,17.131408886015738,-33.081362290771445,35,Sukawening,SRI,3,2017
845.1,204.97644615457364,80.57705997363385,478.1628852858514,170.87999999999997,241.03594149385253,0.0,1050.0764461545737,890.078826779704,4.711521887004176,-32.963832387056556,53,Sukawening,SRI,3,2018
1222.2,159.29232962672526,95.90113498282953,456.73279565407154,179.04,592.9743386223677,0.0,1381.4923296267252,1228.7471342764393,20.3641765893065,-33.33223049863105,28,Sukawening,SRI,3,2019
1731.1,29.79703891278316,29.79703891278316,432.86876730543054,192.0,938.5134931434002,0.0,1760.897038912783,1563.3822604488307,31.34791021275646,12.348612903627604,0,Sukawening,SRI,3,2020
1245.6999999999998,107.83344600476995,107.83344600476998,445.0624779065568,188.15999999999997,508.56865477210476,0.0,1353.5334460047698,1141.7911326786616,23.7354994467506,-15.76582084970776,10,Sukawening,SRI,3,2021
1082.3000000000002,135.30419613896788,135.30419613896788,462.01066693071243,192.0,362.6996646114323,0.0,1217.604196138968,1016.7103315421448,29.348007733936676,-0.9091979797866978,1,Sukawening,SRI,3,2022
1129.8999999999999,145.34125472263264,114.30511651429943,458.9521812003369,182.88,448.67309174475963,0.0,1275.2412547226324,1090.5052729450965,20.16925965109623,-31.136138208333215,22,Sukawening,SRI,3,2023
1014.9000000000001,95.092918034809,95.09291803480899,492.368231261498,175.67999999999998,293.4218867585714,0.0,1109.992918034809,961.4701180200694,13.433429541127763,-31.92601268918458,39,Sukawening,SRI,3,2024
1026.6000000000001,346.2611736629177,64.38780525144657,461.81902760240314,280.0,453.5815589623973,100.0,1372.8611736629177,1195.4005865648005,24.088836725216265,-4.785634118642795,10,Sukawening,FL,4,2015
1204.3,231.5615810703134,80.20548138346552,448.5087525118181,280.0,497.8672314419116,100.0,1435.8615810703134,1226.3759839537297,34.55242264169801,-3.870810994263169,4,Sukawening,FL,4,2016
693.1,389.3625905187536,144.20600454463417,459.86436235586064,280.0,163.82608963048392,100.0,1082.4625905187536,903.6904519863446,22.258383988219094,-5.51331427154987,9,Sukawening,FL,4,2017
449.0,542.5105027528818,171.72879024960162,486.22112860069865,280.0,52.78118021878369,100.0,991.5105027528818,819.0023088194823,8.496388802831422,-4.784286296763528,13,Sukawening,FL,4,2018
689.3,463.815252485528,141.19441203127334,472.5094157235957,280.0,227.63045281979706,100.0,1153.115252485528,980.1398685433927,23.754537022097182,-4.446130972917716,11,Sukawening,FL,4,2019
1317.8000000000002,266.18843123428707,102.84240080191184,448.35303494850984,280.0,684.8245262815453,100.0,1583.9884312342872,1413.1775612300553,32.89967427373892,-5.071826680814389,9,Sukawening,FL,4,2020
1042.6,219.89276453798658,76.0854858701307,464.4092664637729,280.0,338.3627978973527,100.0,1262.4927645379864,1082.7720643611256,28.696144205535987,-1.5582021497222884,3,Sukawening,FL,4,2021
940.0999999999999,213.32165066424494,87.4908389595982,469.2003492586267,280.0,228.16528783080904,100.0,1153.421650664245,977.3656370894357,32.802599618007015,-4.03172975002108,4,Sukawening,FL,4,2022
902.5,355.1632214036705,155.52751013758584,487.05728291349754,280.0,314.3999518274744,100.0,1257.6632214036704,1081.4572347409721,25.12969513400429,-3.8513839381737647,4,Sukawening,FL,4,2023
784.3,312.5717920275465,147.69072724539794,493.14311438288826,280.0,147.2473149557402,100.0,1096.8717920275465,920.3904293386285,25.315212190774197,-5.20284981514496,3,Sukawening,FL,4,2024
1026.6000000000001,223.67054037598342,64.38780525144657,446.06201206639855,167.99999999999997,479.4841276604177,0.0,1250.2705403759835,1093.5461397268164,5.957505838120488,-33.46299684400702,57,Sukawening,SRI,4,2015
1204.3,80.20548138346551,80.20548138346552,433.80473632315056,183.36,481.42872762141616,0.0,1284.5054813834654,1098.5934639445668,19.896478731985585,-30.61646878289978,19,Sukawening,SRI,4,2016
693.1,268.7718676524682,144.20600454463417,444.7643632024439,167.03999999999996,179.98344666100144,0.0,961.8718676524682,791.7878098634453,5.432375349482212,-32.98889813519615,57,Sukawening,SRI,4,2017
449.0,400.4408980775164,171.72879024960162,470.30821810958196,165.11999999999998,52.78118021878369,0.0,849.4408980775164,688.2093983283656,-5.782959202143386,-34.02160344689091,73,Sukawening,SRI,4,2018
689.3,330.88849668993976,141.19441203127334,456.6011296600999,168.95999999999998,223.31740089064994,0.0,1020.1884966899397,848.8785305507497,9.226637941952028,-33.77760792661195,52,Sukawening,SRI,4,2019
1317.8000000000002,102.84240080191185,102.84240080191184,433.8927842413809,182.39999999999998,658.1306194568297,0.0,1420.6424008019121,1274.4234036982107,21.30770330501557,-29.663699581345107,23,Sukawening,SRI,4,2020
1042.6,76.0854858701307,76.0854858701307,449.0795095576639,185.76,329.171908263253,0.0,1118.6854858701306,964.0114178209169,17.34167762147526,-22.458533601926455,15,Sukawening,SRI,4,2021
940.0999999999999,87.4908389595982,87.4908389595982,454.04044388713385,190.56,209.73142904462725,0.0,1027.5908389595982,854.3318729317612,25.082954880055123,-7.8813634370234595,5,Sukawening,SRI,4,2022
902.5,201.01583359312565,155.52751013758584,471.3003629340508,179.51999999999998,308.66195482546783,0.0,1103.5158335931255,959.4823177595185,11.727153831082783,-28.665928578597615,35,Sukawening,SRI,4,2023
784.3,180.17067438486495,147.69072724539794,476.85785628889516,177.11999999999998,157.9846564117811,0.0,964.4706743848649,811.9625127006763,7.800124690551234,-27.57994713946702,41,Sukawening,SRI,4,2024
626.4,517.5525954328004,60.123680025609325,480.502306176593,280.0,199.85777003454749,100.0,1143.9525954328005,960.3600762111405,10.634386887139216,-5.033590163691517,9,Sukawening,FL,5,2015
862.8,260.70933456823036,110.84528903686825,444.2228866731778,280.0,211.2250731464743,100.0,1123.5093345682303,935.447959819652,27.614173891913698,-5.179574605305326,6,Sukawening,FL,5,2016
415.5,528.791658033434,159.92449566800042,453.7392372472701,280.0,33.724298659810636,100.0,944.291658033434,767.4635359070808,12.06763704904181,-3.777504827115709,8,Sukawening,FL,5,2017
226.5,722.8977856416232,235.2097717152156,488.0568777114239,280.0,4.062746062972643,100.0,949.3977856416232,772.1196237743966,7.91299924360662,-5.684937770989434,9,Sukawening,FL,5,2018
459.70000000000005,597.2379630654198,102.66979154839714,489.4602258180545,280.0,106.75056920167464,100.0,1056.9379630654198,876.2107950197292,7.988363683727015,-2.3930366081306227,11,Sukawening,FL,5,2019
1017.5000000000001,344.29998944362626,129.87459923870222,447.54296123279835,280.0,444.9570273228918,100.0,1361.7999894436264,1172.4999885556902,25.497741121609018,-4.440256438659859,7,Sukawening,FL,5,2020
760.4000000000001,416.54570525393535,196.41197026218245,467.7659755235693,280.0,259.87280660934755,100.0,1176.9457052539356,1007.6387821329168,25.988522909759013,-4.962895334744709,8,Sukawening,FL,5,2021
692.0,357.24416361577744,142.43974138628593,469.56950970102775,280.0,129.89980215124606,100.0,1049.2441636157773,879.4693118522738,21.36902412669161,-4.914650287593632,11,Sukawening,FL,5,2022
635.1,454.5412229176974,161.69624013227883,482.2567900804994,280.0,155.92191101872078,100.0,1089.6412229176974,918.1787010992202,21.02220918300333,-3.55389714608343,12,Sukawening,FL,5,2023
545.3,502.2415247332091,154.53793827302542,494.2958740880239,280.0,102.85315074727195,100.0,1047.541524733209,877.1490248352958,16.611513450907267,-5.312162182618866,11,Sukawening,FL,5,2024
626.4,348.76372412468265,60.123680025609325,464.0264711900151,159.83999999999997,199.85777003454749,0.0,975.1637241246826,823.7242412245625,-9.004234081974765,-33.43385923415582,81,Sukawening,SRI,5,2015
862.8,110.84528903686825,110.84528903686825,429.80014827844343,181.92,189.00129375611314,0.0,973.6452890368682,800.7214420345565,15.248034381193579,-21.685563393848238,31,Sukawening,SRI,5,2016
415.5,364.57476592979884,159.92449566800042,439.094287292721,163.67999999999998,33.724298659810636,0.0,780.0747659297988,636.4985859525316,-6.7716731391493905,-33.46354716643474,73,Sukawening,SRI,5,2017
226.5,553.7929348062355,235.2097717152156,472.2645404706809,158.87999999999997,4.062746062972643,0.0,780.2929348062355,635.2072865336536,-10.106621376297523,-33.148328925344465,82,Sukawening,SRI,5,2018
459.70000000000005,435.5775976451041,102.66979154839714,472.84752136892143,157.92,106.75056920167464,0.0,895.2775976451042,737.5180905705961,-9.896771296303458,-32.06397946996927,80,Sukawening,SRI,5,2019
1017.5000000000001,191.9931205546752,129.87459923870222,432.95163178475707,172.32,436.3304795967414,0.0,1209.4931205546752,1041.6021113814986,9.770170874988896,-31.946026522637275,51,Sukawening,SRI,5,2020
760.4000000000001,263.7042526751558,196.41197026218245,452.5720238944641,175.67999999999998,242.90289721802833,0.0,1024.1042526751557,871.1549211124924,10.37865510530591,-26.52104264393411,41,Sukawening,SRI,5,2021
692.0,196.8127118731375,142.43974138628593,454.57607173236346,176.64,113.82469884056042,0.0,888.8127118731375,745.0407705729237,8.159295906676949,-32.46741212957102,41,Sukawening,SRI,5,2022
635.1,323.6831135947225,161.69624013227883,466.79501450023736,168.47999999999996,155.69863216040181,0.0,958.7831135947225,790.9736466606391,1.6853438627241035,-33.89453915783559,57,Sukawening,SRI,5,2023
545.3,333.8436913654889,154.53793827302542,478.4105908716117,165.12,72.57697893117736,0.0,879.1436913654888,716.107569802789,-3.6741813640780094,-33.16745041136755,69,Sukawening,SRI,5,2024
148.10000000000002,833.5296199230143,284.01735151824494,519.4537627255222,280.0,3.6395813844352745,100.0,981.6296199230143,803.0933441099575,7.488136471892177,-3.768770295971658,10,Sukawening,FL,6,2015
825.3999999999999,355.13208124523345,167.3035097758486,451.8579756804939,280.0,232.64483885495093,100.0,1180.5320812452333,964.5028145354447,20.17001135115953,0.5626747079446126,0,Sukawening,FL,6,2016
215.89999999999998,726.0081671149196,285.5863958892866,477.9696887244616,280.0,2.6201536310791465,100.0,941.9081671149196,760.5898423555407,9.077359995867472,-6.9326623670797725,11,Sukawening,FL,6,2017
152.0,809.7561179718027,289.2116742393319,503.3239086227412,280.0,0.0,100.0,961.7561179718027,783.3239086227412,7.352351515775542,-4.80143891915673,10,Sukawening,FL,6,2018
124.80000000000001,862.2394859264693,258.8112038958724,527.5052466725417,280.0,0.14502755787404986,100.0,987.0394859264693,807.6502742304158,7.05406098209273,-4.293967343044319,12,Sukawening,FL,6,2019
606.7,479.9681018306078,163.69681204564182,467.4586797018418,280.0,155.23390110434565,100.0,1086.6681018306078,902.6925808061874,15.602505549175316,-4.889082601457655,9,Sukawening,FL,6,2020
671.6,426.15312526282156,221.87331697642483,467.151752272772,280.0,168.50555741876502,100.0,1097.7531252628216,915.657309691537,23.297656568611018,-3.4025954464261083,8,Sukawening,FL,6,2021
543.8000000000001,420.6165300141696,218.80914949003767,471.8264098173475,280.0,15.61536261229442,100.0,964.4165300141697,767.4417724296419,20.92601047466188,-6.075006563197924,7,Sukawening,FL,6,2022
357.6,648.2265208513829,223.08648369092563,498.06309987935873,280.0,52.78172062345758,100.0,1005.826520851383,830.8448205028163,12.671274463301538,-4.428021260140039,12,Sukawening,FL,6,2023
397.49999999999994,664.6850191399687,271.7994536708757,513.4931297102016,280.0,98.23671313196414,100.0,1062.1850191399687,891.7298428421658,12.953473631947402,-4.702927222847584,5,Sukawening,FL,6,2024
148.10000000000002,686.4768209825575,284.01735151824494,501.713647915085,159.35999999999999,3.6395813844352745,0.0,834.5768209825575,664.7132292995202,-9.709121365909343,-34.906857855235096,84,Sukawening,SRI,6,2015
825.3999999999999,221.24042653682056,167.3035097758486,436.4115831252085,176.16,227.2066638487862,0.0,1046.6404265368205,839.7782469739947,6.002729605308009,-22.182706653918636,46,Sukawening,SRI,6,2016
215.89999999999998,580.8994941044073,285.5863958892866,462.1823535427775,159.35999999999996,2.6201536310791465,0.0,796.7994941044072,624.1625071738565,-8.506624799961939,-33.92345312690437,81,Sukawening,SRI,6,2017
152.0,655.6675554399195,289.2116742393319,486.55311376100826,161.27999999999997,0.0,0.0,807.6675554399195,647.8331137610082,-8.679460206350118,-33.27286100056102,80,Sukawening,SRI,6,2018
124.80000000000001,713.9790109991868,258.8112038958724,509.5148370802058,158.39999999999998,0.14502755787404986,0.0,838.7790109991868,668.0598646380798,-10.685203342469073,-32.599954902742006,88,Sukawening,SRI,6,2019
606.7,328.2934788290257,163.69681204564182,451.48589643296725,164.15999999999997,156.70674204983948,0.0,934.9934788290257,772.3526384828067,-1.5033627528453333,-33.91586689136054,68,Sukawening,SRI,6,2020
671.6,298.91250569162275,221.87331697642483,451.4076108134627,172.79999999999998,177.83021407826988,0.0,970.5125056916228,802.0378248917325,5.169996536110668,-28.30577863794314,57,Sukawening,SRI,6,2021
543.8000000000001,282.07171601632075,218.80914949003767,455.81525860554757,172.32,11.393372937344205,0.0,825.8717160163208,639.5286315428917,7.116791271829876,-27.573636926898743,44,Sukawening,SRI,6,2022
357.6,492.3787219527479,223.08648369092563,481.3255584195081,160.32,49.48835076363652,0.0,849.978721952748,691.1339091831446,-7.524793442480831,-33.61415388362109,80,Sukawening,SRI,6,2023
397.49999999999994,486.3480239147341,271.7994536708757,496.1489530496367,164.64,56.22775119400569,0.0,883.8480239147341,717.0167042436424,-3.846931348765621,-31.86076362957424,69,Sukawening,SRI,6,2024
129.5,887.0542233455599,307.1094283540539,560.6995916274191,280.0,4.185053055415603,100.0,1016.5542233455599,844.8846446828346,6.782338713183005,-6.4856224580058015,10,Sukawening,FL,7,2015
1211.6000000000001,402.2582537614843,257.8784700246031,447.94944487320424,280.0,676.2010530273956,100.0,1613.8582537614843,1404.1504979006,34.10460962837782,6.789517551546718,0,Sukawening,FL,7,2016
362.70000000000005,659.0212135301896,260.92900494249994,486.0990996051608,280.0,52.28566724658535,100.0,1021.7212135301896,818.3847668517461,14.710466634148196,0.1381625245709488,0,Sukawening,FL,7,2017
135.8,857.2489633855098,294.6611836393789,532.9774705897868,280.0,2.3364521233911226,100.0,993.0489633855098,815.3139227131779,7.24703036350378,-6.04299779783665,14,Sukawening,FL,7,2018
94.6,935.2219815902681,328.8100439453925,571.0058416083771,280.0,0.0,100.0,1029.821981590268,851.0058416083771,6.697229876138992,-5.974194853791577,12,Sukawening,FL,7,2019
577.5,531.8449298737826,231.1132184469423,491.49145146714403,280.0,144.4128537099971,100.0,1109.3449298737826,915.9043051771412,12.513241451125527,-1.9568669288564111,2,Sukawening,FL,7,2020
587.8,434.9458850259286,156.53856968275812,488.42184759903887,280.0,68.67526475536985,100.0,1022.7458850259286,837.0971123544088,17.080412627657406,-5.76721825213327,6,Sukawening,FL,7,2021
656.1999999999999,437.33769574992135,203.8142448549728,476.8987249843836,280.0,123.15141469540808,100.0,1093.5376957499213,880.0501396797916,18.660320145544457,-1.3159208736027121,1,Sukawening,FL,7,2022
216.70000000000002,795.7863245831925,246.10263992370892,546.8053238936799,280.0,10.7486702875087,100.0,1012.4863245831925,837.5539941811886,8.216801705889123,-6.595513516200823,13,Sukawening,FL,7,2023
406.5,666.9064371191105,254.1980943285439,541.3714302319033,280.0,77.77847741482819,100.0,1073.4064371191105,899.1499076467315,13.540158961850329,-4.125458445083175,7,Sukawening,FL,7,2024
129.5,725.8835242026207,307.1094283540539,540.9256731930602,157.44,4.185053055415603,0.0,855.3835242026207,702.5507262484758,-10.924324543624731,-30.893553303685408,90,Sukawening,SRI,7,2015
1211.6000000000001,279.1756446397294,257.8784700246031,432.20474468784676,189.6,666.7473744666739,0.0,1490.7756446397295,1288.5521191545208,18.98828990327557,-11.764513213820607,13,Sukawening,SRI,7,2016
362.70000000000005,550.8753986314032,260.92900494249994,468.40014262266556,171.83999999999997,75.00963636315143,0.0,913.5753986314032,715.249778985817,0.8062963049045577,-29.96052250598514,60,Sukawening,SRI,7,2017
135.8,699.7972516551034,294.6611836393789,514.3198939663596,157.92,2.3364521233911226,0.0,835.5972516551035,674.5763460897507,-9.727452072277396,-34.16870535541797,86,Sukawening,SRI,7,2018
94.6,763.8722369599194,328.8100439453925,550.5528346407846,157.92,0.0,0.0,858.4722369599194,708.4728346407845,-10.803800135401321,-33.46759780904011,89,Sukawening,SRI,7,2019
577.5,396.60452792699675,231.1132184469423,473.67257111246977,163.2,144.4128537099971,0.0,974.1045279269968,781.2854248224669,-7.631191571297284,-29.374077382105828,76,Sukawening,SRI,7,2020
587.8,297.3662424728183,156.53856968275812,471.6867074628979,171.35999999999996,72.4145022163028,0.0,885.1662424728183,715.4612096792007,-2.8187889503819723,-32.36588051609017,54,Sukawening,SRI,7,2021
656.1999999999999,294.5853924599942,203.8142448549728,459.82890985378083,173.28,110.01967418792702,0.0,950.7853924599941,743.1285840417079,1.6785021680965482,-28.92917955188567,52,Sukawening,SRI,7,2022
216.70000000000002,623.1724259413023,246.10263992370892,527.3739856524309,156.48,10.7486702875087,0.0,839.8724259413024,694.6026559399396,-9.599471887770969,-34.64356099971233,86,Sukawening,SRI,7,2023
406.5,495.71028545221634,254.1980943285439,522.1674660407932,164.64,65.50355556341361,0.0,902.2102854522163,752.3110216042069,-3.7321890533233204,-33.3876066118347,71,Sukawening,SRI,7,2024
221.7,870.1787167500387,322.71100162724053,595.8285818674188,280.0,25.580493503297433,100.0,1091.8787167500386,901.4090753707163,10.982589444630916,-5.894376528003943,3,Sukawening,FL,8,2015
1518.2,380.31866292459443,215.0983468777522,444.26671645007576,280.0,957.3891971162702,100.0,1898.5186629245945,1681.655913566346,35.0483881562164,4.813459761468173,0,Sukawening,FL,8,2016
698.4000000000001,646.4151068725891,302.21667370518196,504.25964270466056,280.0,346.21694268157347,100.0,1344.8151068725892,1130.476585386234,18.25552275948979,-0.4447623054344101,1,Sukawening,FL,8,2017
348.3999999999999,781.8530171026605,338.9272324105664,543.8978773279186,280.0,102.22776085934035,100.0,1130.2530171026604,926.125638187259,11.392669436958663,-5.007235716275598,10,Sukawening,FL,8,2018
229.7,875.8783730645425,333.10427829168816,606.1823967625236,280.0,43.137483616097725,100.0,1105.5783730645426,929.3198803786213,8.810572237966921,-5.339664758400821,8,Sukawening,FL,8,2019
689.0,528.4901770532454,283.993401358244,503.1461093071969,280.0,215.76810689301504,100.0,1217.4901770532454,998.914216200212,22.44625438830486,-1.3670543593363726,2,Sukawening,FL,8,2020
810.4,492.3627723996683,283.9389823145084,504.6482248088255,280.0,302.00822665618193,100.0,1302.7627723996684,1086.6564514650074,22.483334408090933,0.021708040844892196,0,Sukawening,FL,8,2021
893.8,467.9740034458776,265.35480436391714,486.93650811119153,280.0,377.38572610220587,100.0,1361.7740034458775,1144.3222342133975,27.33592773635284,4.41134307802994,0,Sukawening,FL,8,2022
247.39999999999998,822.1612855309911,286.03991463544645,593.0566431329908,280.0,8.562308966663952,100.0,1069.561285530991,881.6189520996547,7.248384260910627,-5.697987178153121,13,Sukawening,FL,8,2023
544.4,671.4490975449065,295.5921987259321,568.7851029526929,280.0,151.61295811529828,100.0,1215.8490975449065,1000.3980610679912,18.04328508525959,-3.9191114195196985,2,Sukawening,FL,8,2024
221.7,732.8883052251028,322.71100162724053,573.7825587213127,161.76,33.53561870284214,0.0,954.5883052251029,769.0781774241549,-6.073557910203293,-31.837520700733293,82,Sukawening,SRI,8,2015
1518.2,248.4921843117229,215.0983468777522,429.39738053562826,192.0,935.9277451859421,0.0,1766.692184311723,1557.3251257215702,24.67722774113053,-2.475332151044936,5,Sukawening,SRI,8,2016
698.4000000000001,521.1744099218047,302.21667370518196,486.2522967060642,180.48000000000002,347.663671970154,0.0,1219.5744099218048,1014.3959686762182,7.382010626170662,-27.17329248820889,37,Sukawening,SRI,8,2017
348.3999999999999,649.3658785980342,338.9272324105664,523.9908728586634,166.08,110.21000003718987,0.0,997.7658785980341,800.2808728958532,-3.7721934830514954,-29.28589650195915,75,Sukawening,SRI,8,2018
229.7,714.0659138726198,333.10427829168816,583.9589988352633,163.68,36.28213957905203,0.0,943.7659138726199,783.9211384143152,-7.037810842608899,-28.677451697327797,82,Sukawening,SRI,8,2019
689.0,407.26484612471074,283.993401358244,485.39662129842304,182.39999999999998,219.89226397325422,0.0,1096.2648461247109,887.6888852716772,10.595077181639668,-23.635184057704468,28,Sukawening,SRI,8,2020
810.4,368.57035043627855,283.9389823145084,486.6263206849801,176.64,309.5977088166375,0.0,1178.9703504362785,972.8640295016176,5.475821026536234,-27.31261268406417,45,Sukawening,SRI,8,2021
893.8,340.1625567368235,265.35480436391714,470.2466846109395,186.71999999999997,369.54410289340376,0.0,1233.9625567368234,1026.5107875043432,16.646173157374044,-21.83724749829891,16,Sukawening,SRI,8,2022
247.39999999999998,685.2832239982497,286.03991463544645,570.993647457668,161.27999999999997,8.562308966663952,0.0,932.6832239982497,740.8359564243319,-9.22745874548278,-34.285864728331134,88,Sukawening,SRI,8,2023
544.4,510.85244648498747,295.5921987259321,548.1515251905606,172.8,128.09454569452396,0.0,1055.2524464849876,849.0460708850846,2.4458482282197265,-29.203818565808852,59,Sukawening,SRI,8,2024
643.0,744.0835126036422,339.7304943619461,584.2990694211122,280.0,314.4857337842394,100.0,1387.0835126036422,1178.7848032053516,20.461535601040072,-1.8999557861916232,1,Sukawening,FL,9,2015
1961.3999999999999,362.55586949032255,220.28600791747766,442.83321387179933,280.0,1386.312191056207,100.0,2323.9558694903226,2109.1454049280064,38.52911673563746,4.704434387153481,0,Sukawening,FL,9,2016
899.9999999999999,578.6866919634002,338.36057845956606,498.52348422165153,280.0,487.5795448519834,100.0,1478.6866919634,1266.1030290736348,31.11474932631844,4.922346224976794,0,Sukawening,FL,9,2017
675.7,653.0333188198179,336.2320028086272,543.1246305123807,280.0,298.77927825527405,100.0,1328.733318819818,1121.9039087676547,19.521652666907638,-0.7863827560710082,2,Sukawening,FL,9,2018
590.8000000000001,732.6690850724196,346.01496763993146,614.2260255180356,280.0,220.55691633508042,100.0,1323.4690850724196,1114.782941853116,19.21163432265168,-1.2778851899691839,2,Sukawening,FL,9,2019
1013.0999999999999,472.39050449847923,270.2257795232348,498.6431022457368,280.0,494.21541424834163,100.0,1485.4905044984791,1272.8585164940785,31.581171455722277,3.8935930335297817,0,Sukawening,FL,9,2020
1129.4,428.51556158899143,262.72469229464565,502.7745006582545,280.0,559.9782009951848,100.0,1557.9155615889915,1342.7527016534393,27.973014979533364,-0.8123366316813687,2,Sukawening,FL,9,2021
1140.9,400.08014290224594,275.3507758203419,494.25699373381974,280.0,557.1093668548972,100.0,1540.980142902246,1331.3663605887168,36.077697048734855,7.570632918095973,0,Sukawening,FL,9,2022
367.50000000000006,755.490293279876,334.06185927236885,616.9444518395106,280.0,52.149054193467,100.0,1122.9902932798761,949.0935060329776,13.430908564464735,-3.8985303871413333,4,Sukawening,FL,9,2023
915.1000000000001,574.6738683577239,344.8491895948877,566.6201168471046,280.0,435.1602062531248,100.0,1489.773868357724,1281.7803231002295,28.570249797613464,-0.9183778086583674,2,Sukawening,FL,9,2024
643.0,603.8251372774959,339.7304943619461,563.4845591641792,176.16,308.88186871502586,0.0,1246.8251372774957,1048.5264278792051,5.453792368802001,-28.779758431160143,52,Sukawening,SRI,9,2015
1961.3999999999999,247.85296106491228,220.28600791747766,428.6070081077827,192.0,1383.8354883948132,0.0,2209.252961064912,2004.442496502596,28.995616369709296,-4.962846890048826,3,Sukawening,SRI,9,2016
899.9999999999999,429.73988481770726,338.36057845956606,482.1564320106038,189.12,455.87978991733826,0.0,1329.7398848177072,1127.1562219279422,19.928696482231814,-14.400547694954497,15,Sukawening,SRI,9,2017
675.7,522.0600001502536,336.2320028086272,524.3688843255236,178.07999999999998,295.9680915363932,0.0,1197.7600001502537,998.4169758619167,6.169559960632179,-29.16704376650609,50,Sukawening,SRI,9,2018
590.8000000000001,588.5937839087505,346.01496763993146,592.5929207720073,173.76,214.35471991743947,0.0,1179.3937839087507,980.7076406894469,3.2235748320724538,-27.826670452867244,59,Sukawening,SRI,9,2019
1013.0999999999999,348.1334280135758,270.2257795232348,481.98162001396855,192.0,483.77963223202426,0.0,1361.2334280135756,1157.7612522459926,21.81014016361003,-5.282779518280609,8,Sukawening,SRI,9,2020
1129.4,319.9405364451147,262.72469229464565,485.47678035631145,188.64,570.0608961532511,0.0,1449.3405364451148,1244.1776765095624,17.833661582720875,-23.53562738603091,13,Sukawening,SRI,9,2021
1140.9,287.5709412479697,275.3507758203419,477.9066165630324,192.0,558.1140158110009,0.0,1428.4709412479697,1228.0206323740333,27.892023656048753,-2.220165427627747,1,Sukawening,SRI,9,2022
367.50000000000006,596.7415624245746,334.06185927236885,594.9353838876489,168.47999999999996,48.1661264454594,0.0,964.2415624245746,811.5815103331083,-3.0290462924065045,-30.327771206653345,72,Sukawening,SRI,9,2023
915.1000000000001,461.50597804656365,344.8491895948877,546.9116598995399,184.32,447.15978932682486,0.0,1376.605978046564,1178.3914492263648,15.85160267501658,-29.12272462199579,27,Sukawening,SRI,9,2024
925.5999999999999,628.2654620353677,349.6407042774941,572.4003168245101,280.0,509.8858051633906,100.0,1553.8654620353677,1362.2861219879007,28.131561031131167,5.21714795341537,0,Sukawening,FL,10,2015
1994.9999999999998,245.56468213427456,145.56468213427453,442.10767670246014,280.0,1300.7983276877192,100.0,2240.5646821342743,2022.9060043901793,41.338680113810604,4.978356085709764,0,Sukawening,FL,10,2016
1090.1999999999998,408.16436046051354,290.0548089094173,492.14382587163493,280.0,517.5827580516432,100.0,1498.3643604605134,1289.7265839232782,31.502548701732984,-0.7330695670990934,1,Sukawening,FL,10,2017
966.2,546.1140437974491,313.60985464799694,534.5371563764847,280.0,490.516690981319,100.0,1512.3140437974491,1305.0538473578038,29.109760585952937,5.031150099742393,0,Sukawening,FL,10,2018
919.4000000000001,608.6031007179466,349.7663998039164,597.7535744938328,280.0,453.7948725755429,100.0,1528.0031007179468,1331.5484470693757,29.091455602515907,4.733393521590962,0,Sukawening,FL,10,2019
1417.6,397.35075130943375,284.05075130943374,479.88220227544593,280.0,846.9336055592103,100.0,1814.9507513094336,1606.8158078346562,40.34772187188503,14.137278409641464,0,Sukawening,FL,10,2020
1343.6,411.25299033207966,211.33127966211822,501.06710144656904,280.0,763.2372579596599,100.0,1754.8529903320796,1544.304359406229,33.249938359018884,3.9711212473238957,0,Sukawening,FL,10,2021
1290.2,316.08103305291223,216.08103305291218,490.15142214222857,280.0,644.4384620979711,100.0,1606.2810330529123,1414.5898842401996,40.57361179653245,11.926515791415646,0,Sukawening,FL,10,2022
718.1,644.3627894965168,354.05288043000826,617.5011554255885,280.0,263.3487493080195,100.0,1362.462789496517,1160.8499047336081,23.591696039870154,-2.1690577202815584,1,Sukawening,FL,10,2023
1200.6000000000001,497.70200382177967,260.6306210941963,543.3320429424268,280.0,668.612909586023,100.0,1698.3020038217799,1491.94495252845,32.330249371178304,3.5202423983210265,0,Sukawening,FL,10,2024
925.5999999999999,501.8274420777884,349.6407042774941,554.5558440502718,187.2,500.742267315086,0.0,1427.4274420777883,1242.498111365358,17.288463752998474,-24.65733108858904,22,Sukawening,SRI,10,2015
1994.9999999999998,145.56468213427453,145.56468213427453,427.433102834288,192.0,1313.4729015558914,0.0,2140.5646821342743,1932.9060043901795,32.441312941371905,1.5779111994715214,0,Sukawening,SRI,10,2016
1090.1999999999998,290.0548089094174,290.0548089094173,476.3806697714251,191.51999999999998,513.7163626007568,0.0,1380.254808909417,1181.617032372182,25.693293420757215,-7.9051378017766005,4,Sukawening,SRI,10,2017
966.2,404.096788672238,313.60985464799694,517.7847510568488,188.16,467.09184117574387,0.0,1370.296788672238,1173.0365922325927,19.18202209867452,-6.23506732480147,23,Sukawening,SRI,10,2018
919.4000000000001,452.9469503537045,349.7663998039164,578.2092834538576,187.2,417.75243646096936,0.0,1372.3469503537046,1183.161719914827,16.06454236190384,-23.541661248643912,22,Sukawening,SRI,10,2019
1417.6,284.05075130943374,284.05075130943374,464.67426450483424,192.0,846.8415433298219,0.0,1701.6507513094336,1503.5158078346562,30.871539702456595,1.6755231778628348,0,Sukawening,SRI,10,2020
1343.6,274.01427609893733,211.33127966211822,484.8955641846874,192.0,737.746559779757,0.0,1617.6142760989374,1414.6421239644444,23.852212518371914,-4.361793253543173,10,Sukawening,SRI,10,2021
1290.2,216.0810330529122,216.08103305291218,474.1300238752283,192.0,648.3981440326695,0.0,1506.2810330529123,1314.5281679078978,31.548573800620186,11.363609096123144,0,Sukawening,SRI,10,2022
718.1,506.1272993400376,354.05288043000826,596.9472353992699,180.0,255.66717917785874,0.0,1224.2272993400377,1032.6144145771286,6.726714499589395,-27.260371699077986,50,Sukawening,SRI,10,2023
1200.6000000000001,360.35200470537654,260.6306210941963,526.1158044967241,187.68,650.7791524204378,0.0,1560.9520047053766,1364.5749569171617,21.106389325671973,-23.38944939753375,20,Sukawening,SRI,10,2024
1525.9,461.02092090244184,334.1731185479428,527.3631527434161,280.0,986.9589666206191,100.0,1986.920920902442,1794.3221193640352,37.95536967391672,6.452197645501053,0,Sukawening,FL,11,2015
1881.9,197.39019616248476,82.69019616248478,436.9589507945883,280.0,1140.0238262657945,100.0,2079.290196162485,1856.982777060383,40.56256743739392,14.926803186225115,0,Sukawening,FL,11,2016
1260.4,329.6162136018377,202.00014965242858,466.93511911394864,280.0,641.4607716514522,100.0,1590.0162136018378,1388.395890765401,37.02965510898915,0.7839360505909045,0,Sukawening,FL,11,2017
1424.3,414.2065241365996,298.90652413659956,508.33959518135515,280.0,845.341192552825,100.0,1838.5065241365996,1633.6807877341803,39.560450487458596,10.023705291391195,0,Sukawening,FL,11,2018
1381.6,448.2376795614649,315.1155021993027,554.4526284810217,280.0,796.7548980827206,100.0,1829.837679561465,1631.2075265637422,37.6910555565291,3.1883573102043146,0,Sukawening,FL,11,2019
1767.7000000000005,230.6657294417252,119.76064778795714,441.76723708963794,280.0,1060.3204861407908,100.0,1998.3657294417258,1782.0877232304288,38.838731575816894,8.594918346231927,0,Sukawening,FL,11,2020
1419.9,346.29949066372427,246.29949066372427,498.31945900578734,280.0,779.8029790000271,100.0,1766.1994906637244,1558.1224380058145,39.52432440858043,7.98781631363882,0,Sukawening,FL,11,2021
1416.1,240.19402368998436,122.49402368998437,466.92970180647035,280.0,692.720609977146,100.0,1656.2940236899842,1439.6503117836164,41.094830115567575,9.504355378950304,0,Sukawening,FL,11,2022
1013.3,478.8160732728617,316.92234207310304,587.7233743150557,280.0,431.640053694918,100.0,1492.1160732728617,1299.3634280099736,31.407207143577953,-2.1690577202815584,1,Sukawening,FL,11,2023
1318.5,401.40492716892663,301.4049271689266,526.8418628954169,280.0,711.4609827289675,100.0,1719.9049271689266,1518.3028456243842,38.21221911812398,-1.8223701695398224,2,Sukawening,FL,11,2024
1525.9,349.3263882058626,334.1731185479428,511.16321327463595,192.0,988.6262713950093,0.0,1875.2263882058628,1691.7894846696454,28.986598651133153,-5.353269657919752,2,Sukawening,SRI,11,2015
1881.9,82.69019616248477,82.69019616248478,421.821258335336,192.0,1138.4615187250472,0.0,1964.590196162485,1752.282777060383,30.765186738093806,1.0572308774506096,0,Sukawening,SRI,11,2016
1260.4,214.9453486364064,202.00014965242858,452.0518673967051,191.03999999999996,638.1115107575397,0.0,1475.3453486364065,1281.2033781542448,27.458100951287125,-5.1451989839778065,3,Sukawening,SRI,11,2017
1424.3,298.9065241365996,298.90652413659956,492.3054493032265,192.0,844.0753384309536,0.0,1723.2065241365995,1528.38078773418,30.195759011473296,-1.9339551570384148,3,Sukawening,SRI,11,2018
1381.6,326.16299259748405,315.1155021993027,537.0095403920186,192.0,790.1232992077428,0.0,1707.7629925974838,1519.1328395997614,28.25098977362296,-3.447700358576443,3,Sukawening,SRI,11,2019
1767.7000000000005,119.76064778795714,119.76064778795714,427.6785751158611,192.0,1061.5040664607995,0.0,1887.4606477879577,1681.1826415766607,30.312347846877326,1.9165312273414976,0,Sukawening,SRI,11,2020
1419.9,246.29949066372427,246.29949066372427,481.9572704896693,192.0,794.1651675161452,0.0,1666.1994906637244,1468.1224380058145,30.854366231842853,8.817639914493881,0,Sukawening,SRI,11,2021
1416.1,133.80216626709517,122.49402368998437,450.9465455007984,192.0,700.3119088599287,0.0,1549.902166267095,1343.2584543607272,31.024694896153672,-3.1081425771108115,1,Sukawening,SRI,11,2022
1013.3,337.2531092353471,316.92234207310304,569.2034575495335,189.12,408.6349491023951,0.0,1350.5531092353472,1166.9584066519287,19.568960665404756,-27.211935279829216,11,Sukawening,SRI,11,2023
1318.5,301.40492716892663,301.4049271689266,510.9866229691146,192.0,725.3162226552697,0.0,1619.9049271689266,1428.3028456243842,30.15704993086652,-4.079069578055636,2,Sukawening,SRI,11,2024
1960.4,305.30974025869523,193.135933606248,477.822109581842,280.0,1296.0575454478414,100.0,2265.709740258695,2053.8796550296834,39.13629106809062,4.613640426535326,0,Sukawening,FL,12,2015
1740.1,187.63051740163115,87.63051740163115,454.64136295420195,280.0,977.4334220892556,100.0,1927.730517401631,1712.0747850434575,41.27745625123523,6.115386834134094,0,Sukawening,FL,12,2016
1494.4999999999998,270.5518867372934,138.47436839914187,462.2413289146417,280.0,813.2890798386691,100.0,1765.0518867372932,1555.530408753311,36.46131731838797,4.414862198223391,0,Sukawening,FL,12,2017
1655.5,278.22639561651147,159.42639561651143,479.03478763072985,280.0,964.4821672916247,100.0,1933.7263956165116,1723.5169549223547,42.01760108658167,11.932222690506322,0,Sukawening,FL,12,2018
1741.4,353.3036781482085,242.5036781482085,505.03310775847547,280.0,1103.2602351458795,100.0,2094.7036781482084,1888.293342904355,42.19306525968717,14.174253605507687,0,Sukawening,FL,12,2019
1764.3000000000002,237.36443069185913,137.36443069185913,440.91882101693307,280.0,1066.0900851120978,100.0,2001.6644306918593,1787.008906129031,43.0444210565399,8.827262549807042,0,Sukawening,FL,12,2020
1561.0,176.77826636531324,76.77826636531321,479.77795252047554,280.0,759.6629971210795,100.0,1737.7782663653134,1519.440949641555,41.770602084808026,21.65972600142938,0,Sukawening,FL,12,2021
1329.1000000000001,196.05363414320556,96.05363414320556,471.5020121075778,280.0,564.7491066919724,100.0,1525.1536341432056,1316.25111879955,40.56710097396721,10.693954182759587,0,Sukawening,FL,12,2022
1282.3000000000002,378.45792046321424,221.8346355672447,546.4691923953341,280.0,643.8694314100586,100.0,1660.7579204632143,1470.3386238053927,36.0255567507199,4.93628972202656,0,Sukawening,FL,12,2023
1611.2999999999997,161.684179790479,61.68417979047897,496.10946967772435,280.0,791.9319086619466,100.0,1772.9841797904787,1568.041378339671,42.446504429562445,12.33350626435778,0,Sukawening,FL,12,2024
1960.4,193.13593360624793,193.135933606248,462.1984863803119,192.0,1297.5073619969244,0.0,2153.535933606248,1951.7058483772362,30.166639886715103,6.281822204490423,0,Sukawening,SRI,12,2015
1740.1,87.63051740163115,87.63051740163115,439.1538274573266,192.0,989.2528357219778,0.0,1827.730517401631,1620.4066631793044,31.76224335419844,6.9459275585486075,0,Sukawening,SRI,12,2016
1494.4999999999998,162.12007043479147,138.47436839914187,446.4951969002816,192.0,816.0932123316169,0.0,1656.6200704347912,1454.5884092318984,27.56064114421657,-3.0433557814364622,2,Sukawening,SRI,12,2017
1655.5,169.45892982528176,159.42639561651143,462.77618551701073,192.0,968.3068677556828,0.0,1824.9589298252818,1623.0830532726936,32.406597959075285,-3.3325342087703147,1,Sukawening,SRI,12,2018
1741.4,242.5036781482085,242.5036781482085,489.1622176924865,192.0,1106.3311252118683,0.0,1983.9036781482087,1787.493342904355,32.531274205528746,4.212132282680878,0,Sukawening,SRI,12,2019
1764.3000000000002,137.36443069185913,137.36443069185913,427.0580330390633,192.0,1077.9508730899674,0.0,1901.6644306918593,1697.0089061290307,33.63985344492675,9.65669559386836,0,Sukawening,SRI,12,2020
1561.0,76.77826636531323,76.77826636531321,463.3571179588972,192.0,774.0838316826575,0.0,1637.7782663653131,1429.4409496415547,31.933980453529337,15.864147267392617,0,Sukawening,SRI,12,2021
1329.1000000000001,96.05363414320554,96.05363414320556,456.5345751955061,192.0,570.5683563998443,0.0,1425.1536341432056,1219.1029315953504,30.862221905022064,11.289038897631066,0,Sukawening,SRI,12,2022
1282.3000000000002,234.25329245204713,221.8346355672447,528.6176642662501,190.07999999999998,614.9096823232128,0.0,1516.5532924520473,1333.6073465894628,26.95278871694425,-17.05183302982718,8,Sukawening,SRI,12,2023
1611.2999999999997,61.684179790478964,61.68417979047897,479.74300835070306,192.0,803.833836898498,0.0,1672.9841797904787,1475.5768452492011,30.51574848337586,-3.4840324835688317,2,Sukawening,SRI,12,2024
2166.1000000000004,227.07528774639576,127.07528774639573,465.0733395211229,280.0,1434.9868152858412,100.0,2393.175287746396,2180.060154806964,42.867964688978894,27.743648670389906,0,Garut Kota,FL,1,2016
1415.1,230.5564479788299,104.84184119134353,462.2757390800571,280.0,697.2182745583011,100.0,1645.6564479788299,1439.4940136383582,35.52446830996619,6.0780542773007165,0,Garut Kota,FL,1,2017
1078.5,360.1467528975684,202.59839104118996,477.1061419032884,280.0,505.28307308993647,100.0,1438.6467528975684,1262.3892149932249,32.653327798929396,-4.633406580957493,8,Garut Kota,FL,1,2018
1587.3999999999999,259.7688525125618,159.76885251256175,475.1515622233823,280.0,877.7261956592165,100.0,1847.1688525125617,1632.8777578825989,42.74971344480602,14.419132752335642,0,Garut Kota,FL,1,2019
1829.6000000000001,233.55922752415404,133.55922752415404,484.5925772476752,280.0,1086.17247526876,100.0,2063.159227524154,1850.7650525164354,42.58366716724044,21.736972964869512,0,Garut Kota,FL,1,2020
1473.6,186.78208249409835,76.65166736035289,440.993891529827,280.0,755.3362800094787,100.0,1660.3820824940983,1476.3301715393059,38.638255410429196,2.009595297117264,0,Garut Kota,FL,1,2021
1356.0,254.68301961851324,122.71033112449697,490.2899501000097,280.0,623.7041324163521,100.0,1610.6830196185133,1393.9940825163617,40.202645401394136,4.027311505983723,0,Garut Kota,FL,1,2022
1274.0,188.95315474825765,76.45315474825762,476.71945106084,280.0,500.2860902508211,100.0,1462.9531547482577,1257.005541311661,37.68138087956768,2.0404622260965635,0,Garut Kota,FL,1,2023
1090.3,346.1398933014671,236.03989330146706,538.7206046149277,280.0,432.50302487988154,100.0,1436.439893301467,1251.2236294948093,33.77570687558472,6.766826004631069,0,Garut Kota,FL,1,2024
2166.1000000000004,127.07528774639573,127.07528774639573,449.5553967057415,192.0,1446.83340610949,0.0,2293.175287746396,2088.3888028152314,33.11617905385524,12.116074902566695,0,Garut Kota,SRI,1,2016
1415.1,114.88908797201174,104.84184119134353,446.4471382295909,192.0,685.3948975748108,0.0,1529.9890879720117,1323.8420358044018,27.205138039224185,-1.3632641195400144,2,Garut Kota,SRI,1,2017
1078.5,216.07167520304102,202.59839104118996,460.9326700247189,185.76,489.32039240519725,0.0,1294.571675203041,1136.013062429916,24.32544516683101,-21.47697059975431,17,Garut Kota,SRI,1,2018
1587.3999999999999,159.7688525125618,159.76885251256175,459.14350870429894,192.0,890.9058376169254,0.0,1747.1688525125617,1542.0493463212242,33.151332339806295,15.244685893401625,0,Garut Kota,SRI,1,2019
1829.6000000000001,133.55922752415404,133.55922752415404,468.7313336276766,192.0,1100.0337188887584,0.0,1963.1592275241542,1760.765052516435,33.39822193693891,22.55145838105892,0,Garut Kota,SRI,1,2020
1473.6,76.65166736035289,76.65166736035289,425.9682513010456,192.0,741.5639774406778,0.0,1550.2516673603527,1359.5322287417234,30.417763248072205,6.980121060868159,0,Garut Kota,SRI,1,2021
1356.0,136.92557981897295,122.71033112449697,473.69245221457965,192.0,620.5441905022417,0.0,1492.925579818973,1286.2366427168213,30.666881123453507,-4.315248694476008,3,Garut Kota,SRI,1,2022
1274.0,76.45315474825762,76.45315474825762,460.91928056502525,192.0,497.64478442200254,0.0,1350.4531547482577,1150.564064987028,27.263713873733415,-2.072304080818652,1,Garut Kota,SRI,1,2023
1090.3,236.0398933014671,236.03989330146706,520.9542362260179,192.0,416.58074009978367,0.0,1326.339893301467,1129.5349763258016,28.69535413074452,5.395905855647725,0,Garut Kota,SRI,1,2024
1938.6999999999998,200.43169054725527,63.3630158668261,464.0885975624178,280.0,1214.3696385690187,100.0,2139.131690547255,1958.4582361314365,39.612114308248536,-3.7131588384528533,3,Garut Kota,FL,2,2015
1871.6,231.45537281601918,131.45537281601918,467.2952699544053,280.0,1170.714144259825,100.0,2103.055372816019,1918.0094142142302,41.722442638187346,11.646584588188794,0,Garut Kota,FL,2,2016
1073.8000000000002,274.1672561898224,134.8781278938614,460.7611660297056,280.0,427.1055190092918,100.0,1347.9672561898226,1167.8666850389973,35.97397749799535,-5.048972199742656,4,Garut Kota,FL,2,2017
954.2,342.1770580208513,159.02955138608095,478.43506799308125,280.0,356.3473846403085,100.0,1296.3770580208513,1114.7824526333898,26.31127804880995,-1.966960980534227,6,Garut Kota,FL,2,2018
1386.8000000000002,212.1307369175047,112.13073691750472,470.8095095864445,280.0,658.2853734528826,100.0,1598.9307369175049,1409.0948830393272,40.6395927342081,13.42086422285544,0,Garut Kota,FL,2,2019
1742.1999999999998,223.93808217334896,123.93808217334895,468.0993686782849,280.0,1004.3926456094946,100.0,1966.1380821733487,1752.4920142877795,41.872109633944355,5.078532214074551,0,Garut Kota,FL,2,2020
1121.3999999999999,271.64081472876614,111.19178596153857,456.2374276212747,280.0,445.2492127559548,100.0,1393.040814728766,1181.4866403772294,31.029006804764734,-4.7519474661884455,6,Garut Kota,FL,2,2021
1193.3,282.9328946989366,164.53289469893662,490.53897949798403,280.0,513.2038972611332,100.0,1476.2328946989364,1283.7428767591173,36.48098617049993,1.0996160775394284,0,Garut Kota,FL,2,2022
1151.8000000000002,271.4101127906911,158.71011279069106,482.48567503834823,280.0,486.44342711005066,100.0,1423.2101127906913,1248.929102148399,37.088626098144076,-0.4938200687035481,1,Garut Kota,FL,2,2023
1092.2,274.241748517328,152.96959207648055,520.1337188435683,280.0,398.93644381608647,100.0,1366.441748517328,1199.0701626596547,33.72155323408773,-4.470928441975311,4,Garut Kota,FL,2,2024
1938.6999999999998,63.3630158668261,63.3630158668261,448.6289574788393,189.11999999999998,1213.6456501862513,0.0,2002.063015866826,1851.3946076650905,29.808907884364718,-26.117360499996064,8,Garut Kota,SRI,2,2015
1871.6,131.45537281601915,131.45537281601918,451.5487778975872,192.0,1176.9686990270068,0.0,2003.0553728160191,1820.517476924594,32.73010080924361,9.138521877825099,0,Garut Kota,SRI,2,2016
1073.8000000000002,134.87812789386138,134.8781278938614,444.54202793501554,188.64,423.94223871587474,0.0,1208.6781278938615,1057.1242666508901,26.449045993345262,-29.02817196137946,8,Garut Kota,SRI,2,2017
954.2,226.25716210539434,159.02955138608095,461.5347067432626,174.24,365.0100888306458,0.0,1180.4571621053944,1000.7847955739085,13.33324984636601,-34.14498804842984,43,Garut Kota,SRI,2,2018
1386.8000000000002,112.13073691750472,112.13073691750472,454.9550482451525,192.0,663.0086049296302,0.0,1498.9307369175049,1309.9636531747828,32.041927408300545,12.55209408739967,0,Garut Kota,SRI,2,2019
1742.1999999999998,123.93808217334896,123.93808217334895,452.14783669591344,192.0,1017.7548837978243,0.0,1866.1380821733487,1661.9027204937377,32.92802952864224,5.908447736707477,0,Garut Kota,SRI,2,2020
1121.3999999999999,111.19178596153857,111.19178596153857,440.0049571623334,181.92000000000002,420.1868784275049,0.0,1232.5917859615383,1042.1118355898384,17.829461132348992,-28.6371778669105,29,Garut Kota,SRI,2,2021
1193.3,164.5328946989366,164.53289469893662,473.82742822375764,192.0,493.71117485977834,0.0,1357.8328946989366,1159.538603083536,27.88750165430176,-2.902680751432413,2,Garut Kota,SRI,2,2022
1151.8000000000002,158.71011279069108,158.71011279069106,465.574477795847,192.0,477.84992130427855,0.0,1310.5101127906912,1135.4243991001256,25.65701066761039,-1.4978366946490604,1,Garut Kota,SRI,2,2023
1092.2,152.96959207648055,152.96959207648055,502.6420865095982,189.11999999999998,393.5244025645226,0.0,1245.1695920764805,1085.2864890741207,26.272728156194574,-11.959411297288757,10,Garut Kota,SRI,2,2024
1598.3999999999999,260.39175681840413,55.30944532947885,464.28168754507493,280.0,934.5087880871469,100.0,1858.7917568184039,1678.7904756322218,32.85227692569678,-2.653311867889441,6,Garut Kota,FL,3,2015
1717.6999999999998,162.8813816367582,37.104810939121705,447.46881007144896,280.0,958.0153532272196,100.0,1880.5813816367581,1685.4841632986686,36.56223385032355,-2.7765706976364815,1,Garut Kota,FL,3,2016
865.5999999999999,321.16222434589343,130.94848336879298,459.751228989996,280.0,262.57022311154935,100.0,1186.7622243458934,1002.3214521015453,29.82804416100422,-3.7931864608305457,6,Garut Kota,FL,3,2017
771.1,342.11629593249694,87.84761549498035,488.28862527246497,280.0,164.3416930179102,100.0,1113.216295932497,932.6303182903752,20.207650478055527,-5.270051139165048,11,Garut Kota,FL,3,2018
1116.1,295.2766904704314,106.64694147318595,464.27616798654117,280.0,493.5407161972124,100.0,1411.3766904704312,1237.8168841837537,31.690178165817155,-5.348590313263055,9,Garut Kota,FL,3,2019
1657.6999999999998,134.758822522748,34.75882252274801,447.1762326939455,280.0,845.9493805065456,100.0,1792.4588225227478,1573.125613200491,42.585890811195185,22.503116919084402,0,Garut Kota,FL,3,2020
1112.6,265.49226989548475,142.3219205733268,463.9606980548177,280.0,416.8041100676651,100.0,1378.0922698954846,1160.764808122483,34.05441219606287,0.12965067784202233,0,Garut Kota,FL,3,2021
1089.6999999999998,243.75555543999565,129.35555543999564,476.6691585507417,280.0,367.7823612486452,100.0,1333.4555554399954,1124.451519799387,40.08021785482036,9.649692484165103,0,Garut Kota,FL,3,2022
1040.1000000000001,263.52363790221614,116.76400146539243,467.33973429182566,280.0,341.70664801298983,100.0,1303.6236379022162,1089.0463823048153,29.80797722199748,-4.75678802950749,3,Garut Kota,FL,3,2023
893.6000000000001,286.7595445213724,139.78589146669927,504.55660945371244,280.0,218.93434742420033,100.0,1180.3595445213725,1003.4909568779128,30.168988340144995,-4.582156430474737,5,Garut Kota,FL,3,2024
1598.3999999999999,123.39519457543605,55.30944532947885,448.673120702124,176.16,938.550653448006,0.0,1721.795194575436,1563.38377415013,18.54870244636504,-33.35937505165639,36,Garut Kota,SRI,3,2015
1717.6999999999998,37.104810939121705,37.104810939121705,432.1255596796565,192.0,935.0266905664139,0.0,1754.8048109391216,1559.1522502460703,29.470096395557295,1.0668123679735162,0,Garut Kota,SRI,3,2016
865.5999999999999,163.47303663860748,130.94848336879298,444.2012289244068,177.59999999999997,256.4065995441761,0.0,1029.0730366386074,878.2078284685829,14.84684926605046,-30.368003945843853,33,Garut Kota,SRI,3,2017
771.1,216.25998701985534,87.84761549498035,471.646772832484,171.35999999999999,180.81718063926022,0.0,987.3599870198553,823.8239534717442,4.002519788536657,-32.990714961294216,51,Garut Kota,SRI,3,2018
1116.1,137.97272911669725,106.64694147318595,448.77836809826624,180.48,478.6721055460658,0.0,1254.0727291166972,1107.930473644332,21.352196531152707,-31.325787643511298,25,Garut Kota,SRI,3,2019
1657.6999999999998,34.75882252274801,34.75882252274801,431.89527682208177,192.0,859.2303363784092,0.0,1692.4588225227478,1483.125613200491,33.102698285790964,15.82880151985502,0,Garut Kota,SRI,3,2020
1112.6,142.3219205733268,142.3219205733268,447.8933405777848,186.71999999999997,409.5517989735238,0.0,1254.9219205733266,1044.1651395513086,20.93767230365619,-18.385212615577178,19,Garut Kota,SRI,3,2021
1089.6999999999998,129.35555543999564,129.35555543999564,460.3670855983969,192.0,366.0265374485949,0.0,1219.0555554399955,1018.3936230469918,28.858509040695168,1.2133899077100567,0,Garut Kota,SRI,3,2022
1040.1000000000001,146.9523813417773,116.76400146539243,450.94108218087285,185.28,341.7421126870316,0.0,1187.0523813417774,977.9631948679043,20.64014197072529,-31.18837987638487,15,Garut Kota,SRI,3,2023
893.6000000000001,139.78589146669927,139.78589146669927,487.6136251669869,178.07999999999998,225.09995210998048,0.0,1033.3858914666994,890.7935772769673,14.804847243940058,-32.87055962096507,34,Garut Kota,SRI,3,2024
1026.6000000000001,347.78796086059447,64.76663118702024,465.1992166112814,280.0,452.212294535239,100.0,1374.3879608605946,1197.4115111465203,24.019087234059022,-4.744406298358504,10,Garut Kota,FL,4,2015
1204.3,232.2985313544989,80.50050578737364,452.6658293282846,280.0,494.9147832935539,100.0,1436.5985313544988,1227.5806126218386,34.46470728744817,-4.043967029474803,4,Garut Kota,FL,4,2016
603.2,392.0923752331579,183.09924868301863,450.0015960990967,280.0,92.22146138649855,100.0,995.2923752331579,822.2230574855952,22.212468215966993,-3.8701732270264975,6,Garut Kota,FL,4,2017
458.7,505.13766131370534,173.5432005717815,470.94320646202436,280.0,34.567713109359296,100.0,963.8376613137053,785.5109195713836,10.3506459372247,-4.589208961266852,8,Garut Kota,FL,4,2018
621.5,446.5286035206766,157.7706822909581,458.21127742859255,280.0,151.97538079235525,100.0,1068.0286035206766,890.1866582209478,23.439548411040278,-4.410486860250303,8,Garut Kota,FL,4,2019
1280.6,246.16290661505042,119.73978659618936,439.4370812098949,280.0,635.8318325574718,100.0,1526.7629066150503,1355.2689137673667,35.1757564254359,-4.230626336440232,5,Garut Kota,FL,4,2020
978.5,313.1176637012095,112.63762575540909,463.7391656174687,280.0,366.62087357410246,100.0,1291.6176637012095,1110.360039191571,24.784300976727007,-1.2698149499186049,2,Garut Kota,FL,4,2021
938.3,221.84522617862166,111.53042370519331,464.7162661186828,280.0,234.47305921502283,100.0,1160.1452261786217,979.1893253337057,31.992792224780036,-3.921811476002579,2,Garut Kota,FL,4,2022
869.5000000000001,339.05986137023854,171.03731662802744,474.47324549321786,280.0,276.81456424972055,100.0,1208.5598613702387,1031.2878097429384,29.14664264644486,-5.034429049683388,3,Garut Kota,FL,4,2023
706.6,327.0862529533222,164.65780985407002,484.6504593328011,280.0,92.20424799466,100.0,1033.6862529533223,856.8547073274611,23.373128174387446,-3.87445662760861,4,Garut Kota,FL,4,2024
1026.6000000000001,225.1080293492592,64.76663118702024,449.34448981623353,167.99999999999997,478.2037441295728,0.0,1251.7080293492593,1095.5482339458063,5.845038818144481,-33.55839046212775,57,Garut Kota,SRI,4,2015
1204.3,80.50050578737364,80.50050578737364,437.82098931951856,183.36,479.091758731907,0.0,1284.8005057873736,1100.2727480514257,19.569918627376225,-31.57369649350014,19,Garut Kota,SRI,4,2016
603.2,277.50613725700146,183.09924868301863,435.32113850739705,168.95999999999998,106.85484367399556,0.0,880.7061372570015,711.1359821813926,4.8065677600888135,-33.41577588270985,52,Garut Kota,SRI,4,2017
458.7,338.71905527384695,173.5432005717815,455.64944294244117,161.27999999999997,34.567713109359296,0.0,797.4190552738469,651.4971560518004,-8.360620170624646,-33.24981263116457,77,Garut Kota,SRI,4,2018
621.5,288.19382957170086,157.7706822909581,442.90782494463826,171.83999999999997,142.69011662250045,0.0,909.6938295717009,757.4379415671388,10.231831329578087,-33.498700711814,47,Garut Kota,SRI,4,2019
1280.6,119.73978659618936,119.73978659618936,425.40235727180243,192.0,609.606699604472,0.0,1400.3397865961892,1227.0090568762744,27.571821190931587,-3.074215513224715,3,Garut Kota,SRI,4,2020
978.5,165.2035397299236,112.63762575540909,448.4045631650423,182.39999999999998,347.20010596327836,0.0,1143.7035397299237,978.0046691283206,11.162921305544309,-20.56499525457291,29,Garut Kota,SRI,4,2021
938.3,111.5304237051933,111.53042370519331,449.6766139983895,192.0,229.3802625291828,0.0,1049.8304237051932,871.0568765275723,24.83230337802017,-2.402103043484215,3,Garut Kota,SRI,4,2022
869.5000000000001,215.9728938169292,171.03731662802744,459.30814740196564,187.67999999999998,262.08596786045473,0.0,1085.4728938169294,909.0741152624204,19.346931450293095,-25.69907060633575,16,Garut Kota,SRI,4,2023
706.6,207.55688845488666,164.65780985407002,468.70914689342817,179.03999999999996,110.63565612797379,0.0,914.1568884548867,758.3848030214019,7.7727442483235185,-28.962883857298905,41,Garut Kota,SRI,4,2024
626.4,519.6838854751254,60.42753073387935,483.4214637895084,280.0,199.52149018155225,100.0,1146.0838854751255,962.9429539710607,10.964258922769055,-5.114088482859305,9,Garut Kota,FL,5,2015
862.8,261.0150838396706,111.35789305907343,446.7650894975394,280.0,208.93176926454728,100.0,1123.8150838396705,935.6968587620867,27.449995841652107,-5.1558236358175105,6,Garut Kota,FL,5,2016
420.5,498.5697696483836,167.31775612005328,433.3652694373303,280.0,28.060641094999653,100.0,919.0697696483836,741.4259105323299,12.936224338602695,-4.258786823643615,5,Garut Kota,FL,5,2017
262.0,665.1709452763944,245.61230593982285,466.1871232588867,280.0,3.394226039907057,100.0,927.1709452763944,749.5813492987937,10.50435544360992,-4.817081003068717,10,Garut Kota,FL,5,2018
423.4,557.4447620720199,136.78362775454926,468.22372799842935,280.0,51.488387902979966,100.0,980.8447620720199,799.7121159014093,8.732105876641395,-4.745249516709099,14,Garut Kota,FL,5,2019
990.7,292.02404678933533,114.0030797521856,431.8141562997241,280.0,382.84298589182055,100.0,1282.7240467893353,1094.6571421915446,29.83705489254939,-4.418893299173042,8,Garut Kota,FL,5,2020
780.2,430.75093143681374,244.8389334674808,460.4850710002262,280.0,292.28048692266225,100.0,1210.9509314368138,1032.7655579228885,27.01182045497674,-3.6557915731217197,2,Garut Kota,FL,5,2021
683.2,346.19727570158346,153.36217111216277,462.01444161067093,280.0,112.91661079233006,100.0,1029.3972757015836,854.931052403001,23.15582129687385,-5.11079276324792,7,Garut Kota,FL,5,2022
646.7,454.3263327074038,187.49776557322267,465.0957466054508,280.0,185.84143721870856,100.0,1101.026332707404,930.9371838241593,22.371743633343755,-5.345257392862205,10,Garut Kota,FL,5,2023
495.1,507.0760512575709,170.74527231752458,480.8530602695662,280.0,64.13210646283251,100.0,1002.1760512575709,824.9851667323987,13.376652773180366,-3.83106241744533,12,Garut Kota,FL,5,2024
626.4,350.13002805641463,60.42753073387935,466.8648708837046,159.35999999999996,199.52149018155225,0.0,976.5300280564146,825.7463610652569,-9.06653284716635,-33.496134996532966,82,Garut Kota,SRI,5,2015
862.8,111.35789305907345,111.35789305907343,432.2512015471182,181.92,187.2833823989771,0.0,974.1578930590734,801.4545839460953,15.0741855358915,-22.127610624145866,31,Garut Kota,SRI,5,2016
420.5,346.93158995066136,167.31775612005328,419.4651632693841,164.15999999999997,21.307236850711327,0.0,767.4315899506614,604.9324001200954,-5.649528567824787,-32.516773446041725,72,Garut Kota,SRI,5,2017
262.0,497.99386489663834,245.61230593982285,451.3398704181111,165.12,3.394226039907057,0.0,759.9938648966383,619.8540964580181,-6.1549581464789815,-34.03264313247978,69,Garut Kota,SRI,5,2018
423.4,389.9675385621872,136.78362775454926,452.52303741149774,158.39999999999998,51.488387902979966,0.0,813.3675385621872,662.4114253144777,-7.460561094995425,-32.487862822051,80,Garut Kota,SRI,5,2019
990.7,147.8703701414111,114.0030797521856,418.00794139834125,179.51999999999998,369.45667844151126,0.0,1138.570370141411,966.9846198398525,14.457436264249647,-33.86729038922551,36,Garut Kota,SRI,5,2020
780.2,280.4261034392917,244.8389334674808,445.4539020143866,178.56,274.45077991354697,0.0,1060.6261034392917,898.4646819279335,11.817325432317567,-23.96675578765756,39,Garut Kota,SRI,5,2021
683.2,183.95160333787763,153.36217111216277,447.3321484154459,180.95999999999998,73.93800770703413,0.0,867.1516033378776,702.2301561224799,9.692932428531899,-32.78943222571482,31,Garut Kota,SRI,5,2022
646.7,313.5038941308115,187.49776557322267,450.38329788740583,175.2,166.10458997667655,0.0,960.2038941308115,791.6878878640823,9.047276765329798,-33.72877224258523,41,Garut Kota,SRI,5,2023
495.1,328.98755921699706,170.74527231752458,465.4256866157567,165.59999999999997,51.30507051232912,0.0,824.0875592169971,682.3307571280859,-4.695675051570803,-33.49845804937421,69,Garut Kota,SRI,5,2024
148.10000000000002,835.0093504543948,284.68362329348014,521.3944610507441,280.0,3.6190258291911235,100.0,983.1093504543949,805.0134868799353,7.47971743638689,-3.86416868399146,10,Garut Kota,FL,6,2015
825.3999999999999,355.1269535639319,167.79910170549994,452.93000909798707,280.0,231.97661707677983,100.0,1180.5269535639318,964.9066261747669,20.212050462304973,0.4356095224650396,0,Garut Kota,FL,6,2016
244.60000000000002,673.5119324339269,284.4836398660204,447.8074054486043,280.0,6.753404244288326,100.0,918.1119324339269,734.5608096928926,11.307278366778384,-5.315503280988116,10,Garut Kota,FL,6,2017
200.79999999999998,729.2432969296858,287.6520064731293,473.0828163257129,280.0,1.399797047260984,100.0,930.0432969296858,754.4826133729739,9.80867853091804,-5.30296373375801,10,Garut Kota,FL,6,2018
182.60000000000002,777.6809838356726,238.12556313488685,499.1384488417149,280.0,0.0,100.0,960.2809838356726,779.1384488417149,7.377342104676446,-3.586522412293818,14,Garut Kota,FL,6,2019
664.7,377.4687075402808,153.06616474637664,444.47748438364454,280.0,132.86909985404105,100.0,1042.1687075402808,857.3465842376856,22.136984768306817,-5.425628470259316,12,Garut Kota,FL,6,2020
806.7,367.07991338980895,209.45313292969368,452.6838212662931,280.0,249.04043708058174,100.0,1173.779913389809,981.7242583468749,27.45129727100774,-4.454060145645469,4,Garut Kota,FL,6,2021
649.5,381.03619032675624,221.49325580606407,458.979942056735,280.0,80.37567498364497,100.0,1030.5361903267562,819.35561704038,26.078599475351407,-2.962326439640725,5,Garut Kota,FL,6,2022
395.0,601.4020342106819,238.04715958746687,475.67259026460965,280.0,63.25784345865293,100.0,996.4020342106819,818.9304337232626,17.546457906096595,-3.4488680760398926,13,Garut Kota,FL,6,2023
358.40000000000003,629.8895882423055,262.9945150590496,496.45591553197534,280.0,37.35947350533402,100.0,988.2895882423056,813.8153890373093,13.47351965430628,-4.425295321808981,9,Garut Kota,FL,6,2024
148.10000000000002,682.9483152566276,284.68362329348014,503.61379339087205,159.35999999999999,3.6190258291911235,0.0,831.0483152566276,666.5928192200632,-9.544236823576293,-33.01456628649002,84,Garut Kota,SRI,6,2015
825.3999999999999,222.6451819512466,167.79910170549994,437.5210924792018,176.16,227.9106683251049,0.0,1048.0451819512464,841.5917608043067,6.0198799809294385,-22.820994739923503,45,Garut Kota,SRI,6,2016
244.60000000000002,541.7695628887068,284.4836398660204,433.2492206279651,164.64,13.613277366214767,0.0,786.3695628887068,611.5024979941799,-5.700529140143627,-33.36814200102216,67,Garut Kota,SRI,6,2017
200.79999999999998,575.0012357918583,287.6520064731293,457.45801543354526,162.71999999999997,1.399797047260984,0.0,775.8012357918583,621.5778124808062,-6.098760694114626,-34.46693699326184,76,Garut Kota,SRI,6,2018
182.60000000000002,618.9992650188617,238.12556313488685,482.26001758286657,160.32,0.0,0.0,801.5992650188617,642.5800175828665,-9.624686721322242,-33.82823941617242,82,Garut Kota,SRI,6,2019
664.7,250.06318968580814,153.06616474637664,429.4029336043229,171.35999999999996,150.74216934457073,0.0,914.7631896858081,751.5051029488935,6.479590261300845,-33.49937484008244,49,Garut Kota,SRI,6,2020
806.7,252.30080754161492,209.45313292969368,437.62182821955,181.92,235.94364867907336,0.0,1059.000807541615,855.4854768986233,11.623503334899207,-26.876605590424123,33,Garut Kota,SRI,6,2021
649.5,253.16774528388268,221.49325580606407,443.6155967156418,175.67999999999998,78.01353063353463,0.0,902.6677452838827,697.3091273491764,10.647172184023725,-28.491353018955103,39,Garut Kota,SRI,6,2022
395.0,444.9746879077359,238.04715958746687,459.7847011608472,169.43999999999997,56.19931133075123,0.0,839.9746879077359,685.4240124915984,3.569505491390319,-34.58332954337376,56,Garut Kota,SRI,6,2023
358.40000000000003,448.1394490931948,262.9945150590496,479.7612816258703,162.71999999999997,12.924032570663673,0.0,806.5394490931949,655.4053141965339,-5.184063822232162,-33.859150338047755,74,Garut Kota,SRI,6,2024
129.5,887.604169991607,307.12484034572935,561.2258319831279,280.0,4.185348922037287,100.0,1017.104169991607,845.4111809051652,6.900595224805851,-6.345129810157164,10,Garut Kota,FL,7,2015
1211.6000000000001,402.9455249533716,258.4003572879906,448.63987846724217,280.0,676.6599426545531,100.0,1614.5455249533718,1405.2998211217953,34.217603329670574,6.751810477984028,0,Garut Kota,FL,7,2016
411.90000000000003,608.6524774049337,259.28635956893913,455.6078560579854,280.0,84.55784665553283,100.0,1020.5524774049338,820.1657027135182,18.27675887524902,0.32364778186487175,0,Garut Kota,FL,7,2017
193.10000000000002,777.4597840273011,259.74830633839423,501.40936902541534,280.0,4.410972607930153,100.0,970.5597840273011,785.8203416333455,7.821920604292169,-5.627058761684546,11,Garut Kota,FL,7,2018
126.2,877.1741652134615,318.7272152173129,542.4811531649057,280.0,0.0,100.0,1003.3741652134615,822.4811531649057,6.577927003376075,-5.639899864067123,13,Garut Kota,FL,7,2019
672.3000000000001,414.5425367596885,180.9122686503526,461.53471954498264,280.0,137.319707230043,100.0,1086.8425367596885,878.8544267750257,18.358577517267417,-1.6401430342015288,2,Garut Kota,FL,7,2020
732.0,395.1178324167812,177.611790444147,468.3309820117338,280.0,203.45770386867093,100.0,1127.1178324167813,951.7886858804047,22.998126718703276,-5.740297441180628,8,Garut Kota,FL,7,2021
759.4,382.57645890309186,190.63105144673597,458.5384413685624,280.0,186.59746930964653,100.0,1141.976458903092,925.1359106782089,21.602716064133407,-0.04845415039775958,1,Garut Kota,FL,7,2022
301.4,716.0448718492523,212.3029709670979,524.1037321584055,280.0,39.146159119147015,100.0,1017.4448718492523,843.2498912775525,9.868674083918037,-6.616536747145899,12,Garut Kota,FL,7,2023
375.80000000000007,630.8536990271114,254.27221606867357,522.6637021311634,280.0,28.9291001039915,100.0,1006.6536990271114,831.5928022351549,13.872450654785352,-4.033306943887622,8,Garut Kota,FL,7,2024
129.5,726.4016979921821,307.12484034572935,541.4107217146649,157.44,4.185348922037287,0.0,855.9016979921821,703.0360706367021,-10.948234420426038,-30.74957586786586,90,Garut Kota,SRI,7,2015
1211.6000000000001,279.82548246617637,258.4003572879906,432.93457353673614,189.6,667.1283209129814,0.0,1491.4254824661766,1289.6628944497174,19.090893033429126,-10.670996923683964,13,Garut Kota,SRI,7,2016
411.90000000000003,490.0722180911735,259.28635956893913,439.20359586971193,168.95999999999998,97.06306294712466,0.0,901.9722180911735,705.2266588168366,-0.20331168064993274,-28.30991566996738,59,Garut Kota,SRI,7,2017
193.10000000000002,620.5784179409314,259.74830633839423,483.95449826678606,156.95999999999998,4.410972607930153,0.0,813.6784179409315,645.3254708747162,-9.99754611657694,-34.327372593082686,90,Garut Kota,SRI,7,2018
126.2,727.0715255278687,318.7272152173129,523.1329730127084,157.92,0.0,0.0,853.2715255278688,681.0529730127083,-10.815864259549267,-32.90686976867759,90,Garut Kota,SRI,7,2019
672.3000000000001,285.5224239837372,180.9122686503526,444.8296397282933,170.4,139.60393269914962,0.0,957.8224239837373,754.8335724274428,1.2259522288089604,-27.772709322909193,54,Garut Kota,SRI,7,2020
732.0,216.87126533049974,177.611790444147,452.6055528044078,174.24,156.1695816695644,0.0,948.8712653304997,783.0151344739722,2.048143433171658,-25.507005734829683,47,Garut Kota,SRI,7,2021
759.4,245.47772574000084,190.63105144673597,442.2705184667438,179.04,172.84274388455992,0.0,1004.8777257400009,794.1532623513037,8.33362025416569,-26.17256389269192,43,Garut Kota,SRI,7,2022
301.4,547.9049495520268,212.3029709670979,505.47558572224733,158.39999999999998,37.735843974030615,0.0,849.3049495520268,701.6114296962778,-6.709079032236735,-33.81748928987499,82,Garut Kota,SRI,7,2023
375.80000000000007,459.5908460553466,254.27221606867357,504.192331991898,164.64,10.14172270915205,0.0,835.3908460553466,678.97405470105,-4.471469188947043,-30.395747278930678,72,Garut Kota,SRI,7,2024
221.7,870.0632763613469,323.1378297841902,595.9185955035898,280.0,25.630484187197837,100.0,1091.763276361347,901.5490796907876,11.013236787922219,-5.762087597008058,3,Garut Kota,FL,8,2015
1518.2,379.4081051866925,215.27417462153144,444.55529870912477,280.0,956.3461312276646,100.0,1897.6081051866927,1680.9014299367896,35.09339834498862,4.867884600785015,0,Garut Kota,FL,8,2016
574.4,618.3474702034958,282.8909589966871,472.87862337898184,280.0,223.94938060080867,100.0,1192.7474702034958,976.8280039797905,17.790560881394768,-3.3412687826851535,5,Garut Kota,FL,8,2017
361.49999999999994,722.5110829756982,326.98595116109414,512.8191499121674,280.0,92.73007839559847,100.0,1084.0110829756982,885.5492283077658,11.646258225093472,-3.7396540105425164,6,Garut Kota,FL,8,2018
233.7,833.8669546289932,308.71374346185,579.9678439416025,280.0,28.123496044561875,100.0,1067.5669546289932,888.0913399861644,8.431867029495889,-5.418448287270287,7,Garut Kota,FL,8,2019
845.0999999999999,461.53569583483954,254.050848800144,475.15398630583917,280.0,330.4953636625042,100.0,1306.6356958348395,1085.6493499683434,25.769558679236923,3.8426481814334856,0,Garut Kota,FL,8,2020
899.8000000000001,430.25035484292033,272.58277091913016,481.5576136990904,280.0,351.10526300657534,100.0,1330.0503548429203,1112.6628767056657,28.422794455838737,5.454757948140303,0,Garut Kota,FL,8,2021
991.7000000000002,431.6929387008786,254.99526728304514,468.10471812568153,280.0,456.43998281257484,100.0,1423.3929387008789,1204.5447009382565,29.32757472716942,4.416640365410387,0,Garut Kota,FL,8,2022
288.6,806.6176338885264,273.93067231309686,574.2379600528801,280.0,45.77153561607636,100.0,1095.2176338885265,900.0094956689564,7.675168831198393,-5.869766715360134,10,Garut Kota,FL,8,2023
485.0,656.7939613543956,288.52617497079547,551.8260094855002,280.0,92.12994977653307,100.0,1141.7939613543956,923.9559592620333,18.374461090127305,-3.9058398147811157,3,Garut Kota,FL,8,2024
221.7,732.8045189551748,323.1378297841902,573.9047868862046,161.76,33.58367490229067,0.0,954.5045189551747,769.2484617884953,-6.05776323651328,-31.696601255778482,82,Garut Kota,SRI,8,2015
1518.2,248.48953912146538,215.27417462153144,429.6528720422993,192.0,935.8253262138942,0.0,1766.6895391214655,1557.4781982561935,24.744863093381724,-2.4038496359338875,3,Garut Kota,SRI,8,2016
574.4,489.5527296721325,282.8909589966871,455.92333668215025,179.52,220.92244260101904,0.0,1063.9527296721326,856.3657792831693,5.793328140570727,-27.38286350393597,44,Garut Kota,SRI,8,2017
361.49999999999994,590.208020920192,326.98595116109414,493.9642248501033,163.68,102.2477917683173,0.0,951.708020920192,759.8920166184205,-5.101496277211391,-29.673178638966487,76,Garut Kota,SRI,8,2018
233.7,657.7326913947177,308.71374346185,558.512293105991,163.2,10.590904679577754,0.0,891.4326913947177,732.3031977855687,-7.141612683872498,-29.799890774154548,82,Garut Kota,SRI,8,2019
845.0999999999999,352.4963838777554,254.050848800144,458.52566377350547,182.88,345.20437423775377,0.0,1197.5963838777552,986.6100380112592,14.13751684756534,-23.48085698456411,26,Garut Kota,SRI,8,2020
899.8000000000001,272.58277091913016,272.58277091913016,464.4938600083053,176.16,324.34143277357026,0.0,1172.3827709191303,964.9952927818756,7.522630686815845,-21.280797956466532,41,Garut Kota,SRI,8,2021
991.7000000000002,288.20594877940806,254.99526728304514,452.17742087200327,188.64,430.2402901447826,0.0,1279.9059487794082,1071.0577110167858,19.196588261589486,-15.902183237999166,17,Garut Kota,SRI,8,2022
288.6,643.2039308588685,273.93067231309686,552.7401126974408,159.36,45.77153561607636,0.0,931.8039308588685,757.8716483135172,-9.994447176451505,-31.162073275829258,89,Garut Kota,SRI,8,2023
485.0,497.12278603322375,288.52617497079547,531.8249983704814,175.2,67.25978557037988,0.0,982.1227860332237,774.2847839408613,0.9330686929801447,-28.32145732561964,58,Garut Kota,SRI,8,2024
643.0,743.6149725596504,339.76151029066693,584.0864075172251,280.0,314.24241129955294,100.0,1386.6149725596504,1178.328818816778,20.487016257384518,-1.7605272035269683,1,Garut Kota,FL,9,2015
1961.3999999999999,362.06210754492685,219.645271937832,443.4684531933147,280.0,1384.7599788935977,100.0,2323.4621075449268,2108.228432086912,38.51607104289152,4.729183814418304,0,Garut Kota,FL,9,2016
738.2999999999998,560.5859214628339,327.02141649531643,474.42504236646226,280.0,327.62531441598753,100.0,1298.8859214628337,1082.0503567824499,29.348369102790603,6.642405152130158,0,Garut Kota,FL,9,2017
690.1000000000001,621.4239575080192,328.3483974859736,518.2149515683059,280.0,306.9125581572932,100.0,1311.5239575080193,1105.127509725599,17.942611809590264,-1.4084559616992811,2,Garut Kota,FL,9,2018
532.4,713.6953991383026,332.5337771375284,594.7574251626445,280.0,159.42274395512888,100.0,1246.0953991383026,1034.1801691177734,18.588674460142318,-1.198272508128131,1,Garut Kota,FL,9,2019
1135.2,438.0161190510616,258.6863092236838,476.5487018147985,280.0,605.0184515125019,100.0,1573.2161190510617,1361.5671533273003,35.25000930762461,3.9696810423998254,0,Garut Kota,FL,9,2020
1116.3,372.51952925642274,240.42020165182458,484.33969244518516,280.0,516.4442183999117,100.0,1488.8195292564228,1280.783910845097,34.78447681586048,5.400672395401889,0,Garut Kota,FL,9,2021
1254.1000000000001,374.0891846753053,249.89565874424758,476.9010686111229,280.0,655.304503848788,100.0,1628.1891846753056,1412.2055724599109,39.823597342119534,8.922219260177652,0,Garut Kota,FL,9,2022
337.9,761.0522186030612,326.21865005488803,600.4453377868206,280.0,42.16276204571086,100.0,1098.9522186030613,922.6080998325315,13.282934266042327,-6.8285148441096695,5,Garut Kota,FL,9,2023
792.5000000000001,559.7727422401026,332.9510301943927,554.1380829095091,280.0,307.9928113541056,100.0,1352.2727422401026,1142.1308942636147,27.944797624050135,-1.2742084091136556,2,Garut Kota,FL,9,2024
643.0,603.5527975545791,339.76151029066693,563.3122286790127,176.16,308.7944151326941,0.0,1246.5527975545792,1048.2666438117067,5.484635167185666,-28.864778779536344,52,Garut Kota,SRI,9,2015
1961.3999999999999,247.34231473109344,219.645271937832,429.16817396636804,192.0,1382.3404653067114,0.0,2208.7423147310933,2003.5086392730796,28.98047035433699,-4.988385607825944,3,Garut Kota,SRI,9,2016
738.2999999999998,415.4844561423573,327.02141649531643,458.5652164658983,189.12,299.26367499607477,0.0,1153.7844561423572,946.9488914619731,19.19072796414997,-14.345243570671968,14,Garut Kota,SRI,9,2017
690.1000000000001,476.30284185162583,328.3483974859736,500.1767431462116,177.12,289.36235445273314,0.0,1166.402841851626,966.6590975989448,5.322092259306808,-22.69597887357376,47,Garut Kota,SRI,9,2018
532.4,564.6638222687641,332.5337771375284,573.5875303128996,173.28,148.28106193533517,0.0,1097.063822268764,895.1485922482348,3.128266185197672,-29.80301068441497,56,Garut Kota,SRI,9,2019
1135.2,318.9006846538613,258.6863092236838,460.5986142553138,192.0,599.0102426700447,0.0,1454.1006846538612,1251.6088569253584,25.385949262815227,-4.657284237790462,7,Garut Kota,SRI,9,2020
1116.3,252.62558812731825,240.42020165182458,467.53944828493593,192.0,501.74246143154085,0.0,1368.9255881273182,1161.2819097164768,20.952230214519997,-3.6023627220144627,11,Garut Kota,SRI,9,2021
1254.1000000000001,261.58429827994826,249.89565874424758,461.0418177654983,192.0,656.4341307019189,0.0,1515.6842982799485,1309.4759484674173,30.384129549342884,-1.6886395357007036,1,Garut Kota,SRI,9,2022
337.9,579.6891745676637,326.21865005488803,578.8516297454889,164.16,22.484846519228498,0.0,917.5891745676637,765.4964762647174,-5.730830832482961,-30.1065439127263,78,Garut Kota,SRI,9,2023
792.5000000000001,422.1545910057047,332.9510301943927,534.6941237205859,181.44,298.3786193086309,0.0,1214.6545910057048,1014.5127430292168,11.691282003714372,-26.970415246886148,33,Garut Kota,SRI,9,2024
925.5999999999999,627.7621600361844,349.86108670752805,573.4150252251852,280.0,508.6937791078912,100.0,1553.3621600361844,1362.1088043330765,28.11815611025486,5.260819105496181,0,Garut Kota,FL,10,2015
1980.6,245.62303274044905,145.623032740449,442.45398405594005,280.0,1289.2879544891628,100.0,2226.223032740449,2011.7419385451028,41.272355646744266,5.019018589963231,0,Garut Kota,FL,10,2016
922.7,424.4970576991642,282.201536277895,478.1207611013772,280.0,397.5794440818151,100.0,1347.1970576991644,1155.7002051831923,30.19340454401641,-0.03116293389458491,1,Garut Kota,FL,10,2017
973.2,528.502969561851,298.41060048847777,517.9327620246246,280.0,493.09075285528365,100.0,1501.7029695618512,1291.0235148799084,28.299328597232833,4.439508045379645,0,Garut Kota,FL,10,2018
849.0,604.2537710471435,337.9144192957331,587.1074950980598,280.0,389.5722334776727,100.0,1453.2537710471433,1256.6797285757325,29.147674074216113,5.440391590351693,0,Garut Kota,FL,10,2019
1513.4,354.45168585296943,254.45168585296943,463.19115207696063,280.0,913.2297416686004,100.0,1867.8516858529695,1656.420893745561,39.7616375738138,11.887239283369361,0,Garut Kota,FL,10,2020
1369.6,346.43819820738514,181.59570888614846,490.1561212796616,280.0,730.2916796066909,100.0,1716.038198207385,1500.4478008863525,33.17118189599302,5.138036463522824,0,Garut Kota,FL,10,2021
1451.8,279.8941412889447,179.8941412889447,476.0545263308129,280.0,774.4722620314453,100.0,1731.6941412889446,1530.5267883622582,40.64768389697899,11.505118506752773,0,Garut Kota,FL,10,2022
654.0999999999999,651.5544368603132,347.9533269071047,608.1604805831421,280.0,214.10476198088142,100.0,1305.6544368603131,1102.2652425640235,22.23666569820315,-2.329102351413418,1,Garut Kota,FL,10,2023
1020.9000000000001,501.2988602608111,252.2597749814926,533.602410322558,280.0,500.42474319754217,100.0,1522.1988602608112,1314.0271535201,31.853699134793988,5.279976893282206,0,Garut Kota,FL,10,2024
925.5999999999999,501.25998705280756,349.86108670752805,555.544615031938,187.2,499.5100491367851,0.0,1426.8599870528074,1242.254664168723,17.28758905861983,-24.526989510069093,22,Garut Kota,SRI,10,2015
1980.6,145.623032740449,145.623032740449,427.7173592528953,192.0,1301.194402143054,0.0,2126.223032740449,1920.9117613959493,32.39925256050826,1.615962350240821,0,Garut Kota,SRI,10,2016
922.7,282.20153627789506,282.201536277895,462.53884379448954,192.0,362.2156662155631,0.0,1204.901536277895,1016.7545100100526,22.532871017504856,-3.7585082941703494,4,Garut Kota,SRI,10,2017
973.2,375.53258703415474,298.41060048847777,501.4911603089664,186.72,459.84197204324545,0.0,1348.7325870341547,1148.0531323522118,18.178910665969187,-9.599809422467725,24,Garut Kota,SRI,10,2018
849.0,447.86293116472064,337.9144192957331,567.7422761690906,186.24,351.3391189502463,0.0,1296.8629311647205,1105.321395119337,15.445618516535504,-24.54587241536297,26,Garut Kota,SRI,10,2019
1513.4,254.4516858529694,254.45168585296943,448.2398018687953,192.0,926.1810918767657,0.0,1767.8516858529695,1566.420893745561,31.629828139760317,12.72201909244491,0,Garut Kota,SRI,10,2020
1369.6,215.9522326276047,181.59570888614846,474.07457345929026,192.0,713.8872618472817,0.0,1585.5522326276046,1379.961835306572,23.429824714402365,-3.137359563213937,6,Garut Kota,SRI,10,2021
1451.8,179.8941412889447,179.8941412889447,460.3083270418945,192.0,780.6828757109001,0.0,1631.6941412889446,1432.9912027527946,31.741021275271898,7.386974520974176,0,Garut Kota,SRI,10,2022
654.0999999999999,533.484135705044,347.9533269071047,587.8460807617132,180.0,226.34886064704062,0.0,1187.584135705044,994.1949414087538,8.325914709806703,-30.320008920647545,39,Garut Kota,SRI,10,2023
1020.9000000000001,341.0493316275361,252.2597749814926,516.4850552627328,187.2,460.09256962409216,0.0,1361.9493316275361,1163.777624886825,19.138871425738383,-22.14763559130547,20,Garut Kota,SRI,10,2024
1525.9,460.4389957283719,333.6197362079229,529.0577701387066,280.0,984.401749908158,100.0,1986.338995728372,1793.4595200468646,37.93024153178782,6.480740479551016,0,Garut Kota,FL,11,2015
1914.9000000000003,197.56359466053868,82.86359466053865,434.4647307600715,280.0,1186.0913816663124,100.0,2112.463594660539,1900.5561124263838,40.60592318998102,14.928697393478542,0,Garut Kota,FL,11,2016
1062.5,357.9525753360055,219.55540776129558,458.4911187884236,280.0,478.2631567129987,100.0,1420.4525753360056,1216.7542755014224,37.28868825337735,3.7623310591313075,0,Garut Kota,FL,11,2017
1426.0,406.08461109933984,290.68461109933986,501.32159057519436,280.0,844.1296517357476,100.0,1832.0846110993398,1625.451242310942,38.081837145208645,11.602770310743795,0,Garut Kota,FL,11,2018
1250.8,459.0938725071141,323.68660690886344,550.5702608854431,280.0,679.8709752421904,100.0,1709.893872507114,1510.4412361276336,37.717570326926726,5.652730695101915,0,Garut Kota,FL,11,2019
1669.8999999999999,233.97571273563966,112.67689981313993,434.1648461881123,280.0,970.8439316219215,100.0,1903.8757127356396,1685.0087778100337,39.355636961799235,5.085597850306419,0,Garut Kota,FL,11,2020
1374.3,318.80511672532054,218.80511672532052,490.5302424793256,280.0,712.4796945243679,100.0,1693.1051167253204,1483.0099370036935,40.915556784327556,9.207888133340282,0,Garut Kota,FL,11,2021
1481.6999999999998,231.3174902344236,115.0174902344236,458.514057018861,280.0,756.3567762845792,100.0,1713.0174902344233,1494.8708333034401,41.04449272396021,8.063286669398668,0,Garut Kota,FL,11,2022
859.5000000000002,491.3500405322766,326.67595451296904,585.2123798743762,280.0,291.30142856659717,100.0,1350.8500405322768,1156.5138084409734,27.74764439765818,-2.329102351413418,2,Garut Kota,FL,11,2023
1070.6000000000001,420.72199530325014,309.81159914142984,522.6342517581146,280.0,512.0083865423236,100.0,1491.3219953032503,1314.6426383004382,35.30380266382375,-4.610396161820278,4,Garut Kota,FL,11,2024
1525.9,348.74474563411,333.6197362079229,512.7208684729638,192.0,986.2058744440485,0.0,1874.6447456341102,1690.9267429170122,28.963462201364454,-5.325009426187112,2,Garut Kota,SRI,11,2015
1914.9000000000003,82.86359466053865,82.86359466053865,419.4891629540687,192.0,1181.8612891395194,0.0,1997.763594660539,1793.350452093588,30.65183661725884,1.0591063301767738,0,Garut Kota,SRI,11,2016
1062.5,232.41720719151908,219.55540776129558,443.7521424096741,191.51999999999998,463.42827870288966,0.0,1294.917207191519,1098.7004211125636,26.096036596602463,-5.261799430223506,7,Garut Kota,SRI,11,2017
1426.0,290.6846110993398,290.68461109933986,485.2976170942193,192.0,842.7536252167229,0.0,1716.6846110993397,1520.0512423109421,29.66824894516994,-0.052661699742376555,2,Garut Kota,SRI,11,2018
1250.8,335.9120734795696,323.68660690886344,533.1827326073068,192.0,672.0767044927823,0.0,1586.7120734795694,1397.2594371000891,27.93054340245712,-4.079332911826477,3,Garut Kota,SRI,11,2019
1669.8999999999999,112.67689981313993,112.67689981313993,420.0681151719638,192.0,961.6418497155703,0.0,1782.5768998131398,1573.7099648875342,29.951095743798827,-1.340693830523768,2,Garut Kota,SRI,11,2020
1374.3,218.80511672532054,218.80511672532052,474.24589017140727,192.0,726.7640468322861,0.0,1593.1051167253204,1393.0099370036933,31.788805306767756,10.034542706277506,0,Garut Kota,SRI,11,2021
1481.6999999999998,125.70544364992386,115.0174902344236,442.7519588002799,192.0,764.5068279186606,0.0,1607.4054436499237,1399.2587867189404,31.257555105690262,-1.6879534155002807,1,Garut Kota,SRI,11,2022
859.5000000000002,382.44595678964237,326.67595451296904,566.6101473757935,189.6,300.55741623353254,0.0,1241.9459567896427,1056.767563609326,18.54005598955026,-28.28891022196302,12,Garut Kota,SRI,11,2023
1070.6000000000001,309.81159914142984,309.81159914142984,506.90846948239357,192.0,506.85159812351463,0.0,1380.41159914143,1205.7600676059083,27.962905840709258,-4.538396257167394,6,Garut Kota,SRI,11,2024
1960.4,305.3067407858285,193.09234323278352,481.49031057364346,280.0,1292.359238482452,100.0,2265.7067407858285,2053.8495490560954,39.10464320116446,4.5900054747848085,0,Garut Kota,FL,12,2015
1695.9,187.73759062374359,87.73759062374359,452.75336726282944,280.0,934.3257429791606,100.0,1883.6375906237436,1667.07911024199,40.352187817924985,6.071864085182109,0,Garut Kota,FL,12,2016
1250.1,290.5524093124811,145.86354081307354,459.71569712171276,280.0,590.3308832449632,100.0,1540.652409312481,1330.046580366676,36.54010343713349,4.165302169271047,0,Garut Kota,FL,12,2017
1609.8,288.9671284419099,169.86712844190984,476.5561603118142,280.0,933.9482731248168,100.0,1898.7671284419098,1690.504433436631,41.06882430404252,11.084449229856098,0,Garut Kota,FL,12,2018
1623.3000000000002,345.47107192044706,233.77107192044707,504.98454467175463,280.0,976.3635217545173,100.0,1968.7710719204472,1761.348066426272,42.0645194592245,14.30414892237483,0,Garut Kota,FL,12,2019
1585.6,229.08757148033646,129.08757148033644,442.66008622891627,280.0,876.7103839224321,100.0,1814.6875714803364,1599.3704701513484,42.97118603164933,32.105641359149,0,Garut Kota,FL,12,2020
1566.3000000000002,173.65391984332655,73.65391984332658,476.5742555878487,280.0,764.7547972749687,100.0,1739.9539198433267,1521.3290528628174,40.84824089375258,21.109937719222785,0,Garut Kota,FL,12,2021
1408.5,200.7355979703153,100.73559797031528,467.19434393342175,280.0,676.4622509012655,100.0,1609.2355979703152,1423.6565948346874,40.42199955716401,6.376082127967134,0,Garut Kota,FL,12,2022
1102.1,400.2789332225201,227.28842034733478,546.572939049457,280.0,481.58007870686197,100.0,1502.3789332225201,1308.153017756319,31.952710483699807,6.173871659822862,0,Garut Kota,FL,12,2023
1281.6,184.54942610520456,84.54942610520453,496.62102918730875,280.0,482.0695690172941,100.0,1466.1494261052044,1258.6905982046028,41.933240863182725,7.086428925930847,0,Garut Kota,FL,12,2024
1960.4,193.09234323278355,193.09234323278352,465.686803704216,192.0,1293.9483477988344,0.0,2153.4923432327837,1951.6351515030506,30.135178470552844,6.258421262163177,0,Garut Kota,SRI,12,2015
1695.9,87.73759062374359,87.73759062374359,437.4688401745218,192.0,946.7792030756663,0.0,1783.6375906237436,1576.248043250188,31.205210985560722,6.902835727903079,0,Garut Kota,SRI,12,2016
1250.1,170.16579362681853,145.86354081307354,444.08164644405804,192.0,581.0689439158948,0.0,1420.2657936268183,1217.1505903599527,26.907152422986954,-2.911420971460394,3,Garut Kota,SRI,12,2017
1609.8,180.98915641594985,169.86712844190984,460.23499629782094,192.0,934.376220688911,0.0,1790.7891564159497,1586.611216986732,31.972224832531637,-3.6220279740399985,1,Garut Kota,SRI,12,2018
1623.3000000000002,233.77107192044707,233.77107192044707,488.97103078188184,192.0,978.67703564439,0.0,1857.0710719204471,1659.6480664262717,32.57432889207323,3.440741507301813,0,Garut Kota,SRI,12,2019
1585.6,129.08757148033646,129.08757148033644,428.6159453680417,192.0,888.7545247833066,0.0,1714.6875714803364,1509.3704701513484,33.511114950378236,21.257912753487457,0,Garut Kota,SRI,12,2020
1566.3000000000002,73.65391984332656,73.65391984332658,460.3925093742974,192.0,778.9365434885199,0.0,1639.9539198433267,1431.3290528628172,31.99676621274425,17.89538223557997,0,Garut Kota,SRI,12,2021
1408.5,100.73559797031528,100.73559797031528,452.36217255737597,192.0,680.0449607644813,0.0,1509.2355979703152,1324.4071333218571,30.855947731837414,3.503829919067832,0,Garut Kota,SRI,12,2022
1102.1,250.50572019616945,227.28842034733478,528.4721057022208,190.56,446.8163919169973,0.0,1352.6057201961694,1165.848497619218,23.83730686866933,-14.268924876254394,7,Garut Kota,SRI,12,2023
1281.6,84.54942610520455,84.54942610520453,480.2674496043952,192.0,495.5798081331025,0.0,1366.1494261052044,1167.8472577374978,29.019034456211497,-3.929395565320933,4,Garut Kota,SRI,12,2024
2254.1,216.94059847258842,116.9405984725884,450.2003188069531,280.0,1524.4384201078926,100.0,2471.0405984725885,2254.638738914846,43.60351125924117,28.269608136688884,0,Tarogong Kaler,FL,1,2016
1297.4,214.0507281713846,100.55072817138462,467.2311809478657,280.0,570.2812093822471,100.0,1511.4507281713848,1317.5123903301128,34.792405749336304,7.0488508245933446,0,Tarogong Kaler,FL,1,2017
1258.7,367.62204744699557,196.8342046623194,482.23493070112255,280.0,686.667610776112,100.0,1626.3220474469956,1448.9025414772345,32.46655980025115,-5.562755547152743,6,Tarogong Kaler,FL,1,2018
1467.6,268.66767020911345,168.66767020911345,484.8221594945845,280.0,771.0101923349896,100.0,1736.2676702091135,1535.8323518295742,38.80205296073868,6.166073324168239,0,Tarogong Kaler,FL,1,2019
1862.1000000000004,269.9642903954285,169.96429039542846,491.0521863758847,280.0,1151.2571539574321,100.0,2132.064290395429,1922.3093403333169,41.62982775719324,13.56326671941224,0,Tarogong Kaler,FL,1,2020
1642.4,195.0210988813067,84.35694148940179,448.63257676842824,280.0,929.717643560263,100.0,1837.4210988813068,1658.3502203286912,38.45723417800845,-1.877620006706139,2,Tarogong Kaler,FL,1,2021
1353.0,219.19004199298524,91.08796491860977,500.27168595607935,280.0,575.8445797025347,100.0,1572.1900419929852,1356.116265658614,37.999272889616606,5.497922925624547,0,Tarogong Kaler,FL,1,2022
1378.1,205.1866015013141,89.98660150131411,484.2323185996649,280.0,609.0043192599653,100.0,1583.286601501314,1373.2366378596303,35.944811591478874,4.496976635290921,0,Tarogong Kaler,FL,1,2023
1115.3000000000002,355.7096832526334,255.7096832526334,551.0557087328486,280.0,471.00282996354485,100.0,1471.0096832526335,1302.0585386963935,33.38836538943285,-1.9233986358733253,2,Tarogong Kaler,FL,1,2024
2254.1,116.9405984725884,116.9405984725884,435.17565397972635,192.0,1536.630069919534,0.0,2371.0405984725885,2163.8057238992606,33.70395365115202,14.908257155433631,0,Tarogong Kaler,SRI,1,2016
1297.4,100.5507281713846,100.55072817138462,451.1717445818697,192.0,560.8361354276218,0.0,1397.9507281713848,1204.0078800094916,26.513994703314037,0.9974339582099967,0,Tarogong Kaler,SRI,1,2017
1258.7,210.45501175617642,196.8342046623194,465.9685646252065,187.2,670.9456384924587,0.0,1469.1550117561765,1324.114203117665,24.756314240714243,-31.456551907433937,11,Tarogong Kaler,SRI,1,2018
1467.6,168.66767020911348,168.66767020911345,468.5530281926991,192.0,776.1247220967402,0.0,1636.2676702091135,1436.6777502894392,31.196119088895465,7.394144914032973,0,Tarogong Kaler,SRI,1,2019
1862.1000000000004,169.9642903954285,169.96429039542846,474.96503394558744,192.0,1164.5052355328912,0.0,2032.0642903954288,1831.4702694784787,31.918751278826697,13.095532682176923,0,Tarogong Kaler,SRI,1,2020
1642.4,84.3569414894018,84.35694148940179,433.38873934445894,191.51999999999998,926.2791783423409,0.0,1726.756941489402,1551.1879176867997,30.059509068756576,-5.379474756719502,2,Tarogong Kaler,SRI,1,2021
1353.0,102.57452224563298,91.08796491860977,483.3167717062885,192.0,574.1839742049733,0.0,1455.574522245633,1249.5007459112617,29.73089727258371,-2.38655732702319,1,Tarogong Kaler,SRI,1,2022
1378.1,89.98660150131411,89.98660150131411,468.2292748646411,192.0,604.4656760740088,0.0,1468.086601501314,1264.69495093865,25.538120621401234,-5.192115580890914,4,Tarogong Kaler,SRI,1,2023
1115.3000000000002,255.70968325263337,255.7096832526334,533.0031189334514,192.0,463.18646130570465,0.0,1371.0096832526335,1188.1895802391562,28.489523600947912,2.8227641252872946,0,Tarogong Kaler,SRI,1,2024
1885.1000000000001,214.35476689473876,87.4139275094115,454.1781775243343,280.0,1183.7797263542452,100.0,2099.454766894739,1917.9579038785796,39.4214196164592,-4.9011644086573405,3,Tarogong Kaler,FL,2,2015
2011.1999999999998,195.9044810077587,95.9044810077587,449.6126015168653,280.0,1284.3165231225817,100.0,2207.1044810077583,2013.9291246394469,43.025377956709725,17.74004158676038,0,Tarogong Kaler,FL,2,2016
1024.5,282.60067573378205,136.5849906546479,473.0599262189393,280.0,376.0587276966429,100.0,1307.100675733782,1129.1186539155824,31.104446187823953,-2.513625488018193,5,Tarogong Kaler,FL,2,2017
1079.7,414.60130436778365,173.2819519087497,484.406379300414,280.0,548.6956095087132,100.0,1494.3013043677838,1313.1019888091273,27.07370603595872,-4.7115240575552235,11,Tarogong Kaler,FL,2,2018
1294.4,277.5496779140077,140.43807989534605,482.2853912939518,280.0,628.9745990949757,100.0,1571.9496779140077,1391.2599903889275,37.0193883295878,-4.165767889781684,5,Tarogong Kaler,FL,2,2019
1767.9999999999998,236.93550316869585,118.43550316869586,474.2202068489571,280.0,1075.6333904574644,100.0,2004.9355031686955,1829.8535973064215,37.10493567977833,-1.550321253795793,1,Tarogong Kaler,FL,2,2020
1251.0,291.1242972190719,95.12730880901772,465.21170350320193,280.0,574.843176594906,100.0,1542.1242972190719,1320.054880098108,30.246925222920265,-5.269497609615719,7,Tarogong Kaler,FL,2,2021
1081.1,273.6097410082423,155.80974100824224,502.01042353814717,280.0,389.15185221692957,100.0,1354.7097410082422,1171.1622757550767,34.0798286455169,-3.6613484979631696,2,Tarogong Kaler,FL,2,2022
1246.1,281.631104466978,157.6744030025559,491.8246368597793,280.0,581.9872959376895,100.0,1527.731104466978,1353.8119327974687,36.00338061968732,0.2920447675374085,0,Tarogong Kaler,FL,2,2023
1105.4,306.0672007966457,147.19328799086844,531.6760222473573,280.0,428.8232182563437,100.0,1411.4672007966458,1240.499240503701,33.50171990675013,-4.906157003451378,10,Tarogong Kaler,FL,2,2024
1885.1000000000001,87.41392750941151,87.4139275094115,439.1339907471496,190.55999999999997,1182.6413274920512,0.0,1972.5139275094116,1812.3353182392007,30.27573032199062,-17.348906495385165,5,Tarogong Kaler,SRI,2,2015
2011.1999999999998,95.90448100775869,95.9044810077587,434.4667038001107,192.0,1292.4047194949653,0.0,2107.1044810077583,1918.871423295076,33.43249420605681,12.797742931131488,0,Tarogong Kaler,SRI,2,2016
1024.5,169.3448262295197,136.5849906546479,456.61134229341064,188.15999999999997,374.1139520530986,0.0,1193.8448262295196,1018.8852943465092,23.513938941981834,-32.75983557487183,9,Tarogong Kaler,SRI,2,2017
1079.7,269.4515392014303,173.2819519087497,467.32976639950084,178.07999999999998,546.7101331103602,0.0,1349.1515392014303,1192.119899509861,14.545223865618139,-33.450369719419015,35,Tarogong Kaler,SRI,2,2018
1294.4,140.43807989534602,140.43807989534605,466.0949179340248,189.11999999999998,627.3486718722882,0.0,1434.838079895346,1282.5635898063128,27.786643413584535,-23.725660591891195,8,Tarogong Kaler,SRI,2,2019
1767.9999999999998,118.43550316869585,118.43550316869586,458.0321049477997,192.0,1046.364732258936,0.0,1886.4355031686955,1696.3968372067359,30.034157780721635,-2.88151265221516,1,Tarogong Kaler,SRI,2,2020
1251.0,139.2616965712092,95.12730880901772,448.67679058397414,179.04,564.7252626217485,0.0,1390.261696571209,1192.4420532057225,15.449004922505008,-33.81214312231392,29,Tarogong Kaler,SRI,2,2021
1081.1,155.80974100824227,155.80974100824224,484.99008045972346,192.0,362.73384060525814,0.0,1236.9097410082422,1039.7239210649816,26.956777926928993,-2.9839240327977947,3,Tarogong Kaler,SRI,2,2022
1246.1,157.6744030025559,157.6744030025559,474.6576485277695,192.0,564.8632213268728,0.0,1403.7744030025558,1231.5208698546421,24.499655860846016,-4.024677944567598,5,Tarogong Kaler,SRI,2,2023
1105.4,181.5652198457787,147.19328799086844,513.7005201430828,184.79999999999998,424.8700029597635,0.0,1286.9652198457788,1123.3705231028462,22.872189703322334,-34.37193185491027,16,Tarogong Kaler,SRI,2,2024
1600.9,263.75670197478917,68.55148460099292,457.4981887752713,280.0,952.0297412853707,100.0,1864.6567019747893,1689.5279300606421,32.77061431332735,-4.84850197095093,10,Tarogong Kaler,FL,3,2015
1868.6999999999998,133.33207243516318,33.33207243516318,431.1609204684674,280.0,1068.512989068588,100.0,2002.032072435163,1779.6739095370554,40.33972139646493,6.966787255835805,0,Tarogong Kaler,FL,3,2016
802.3,357.831435411773,143.95005109318924,474.5218703049956,280.0,232.22287933886085,100.0,1160.131435411773,986.7447496438565,26.99066687922952,-4.914698013715594,7,Tarogong Kaler,FL,3,2017
865.6999999999999,422.74452611991387,101.91295724954668,499.59174227019685,280.0,334.42682826022934,100.0,1288.444526119914,1114.0185705304261,20.381880030834463,-5.474705614629467,13,Tarogong Kaler,FL,3,2018
1053.1,359.24519098259316,118.309269008301,484.81970472118195,280.0,475.8686397467315,100.0,1412.345190982593,1240.6883444679136,30.130795223922497,-4.452074160022942,13,Tarogong Kaler,FL,3,2019
1493.0,171.56740847654737,71.56740847654736,458.31779263101816,280.0,729.2160693214012,100.0,1664.5674084765474,1467.5338619524193,37.80920285696481,17.000248995332953,0,Tarogong Kaler,FL,3,2020
1090.8,296.4087132296041,159.8008290417753,473.5975314421009,280.0,423.15645248009037,100.0,1387.208713229604,1176.7539839221913,31.17661339347859,-2.2702699492760043,3,Tarogong Kaler,FL,3,2021
949.6,286.22273509594163,175.42273509594162,484.5163225359427,280.0,277.1596530355694,100.0,1235.8227350959417,1041.675975571512,36.449444091865985,5.243271754679936,0,Tarogong Kaler,FL,3,2022
1030.9,319.7294050268434,127.07248589011581,480.4525267005475,280.0,399.14041246105546,100.0,1350.6294050268434,1159.5929391616028,27.305885673292575,-3.491772454839475,5,Tarogong Kaler,FL,3,2023
914.8,314.9905854178989,137.36330238033017,519.9951474092061,280.0,259.2714911031522,100.0,1229.790585417899,1059.2666385123582,28.225388270989676,-4.961209055960789,6,Tarogong Kaler,FL,3,2024
1600.9,131.25022054508605,68.55148460099292,442.19824065222116,179.04,951.7179837435407,0.0,1732.150220545086,1572.9562243957619,18.664850069918046,-30.64539900075624,31,Tarogong Kaler,SRI,3,2015
1868.6999999999998,33.33207243516318,33.33207243516318,416.47863782506624,192.0,1081.1952717119889,0.0,1902.032072435163,1689.6739095370551,32.323380118954866,7.784937877065153,0,Tarogong Kaler,SRI,3,2016
802.3,207.16961702103714,143.95005109318924,458.3008323329463,181.91999999999996,221.78782900829333,0.0,1009.469617021037,862.0086613412395,15.132496532103191,-30.84042810183471,27,Tarogong Kaler,SRI,3,2017
865.6999999999999,293.1494599918682,101.91295724954668,482.52968984371574,165.11999999999998,352.18554242491814,0.0,1158.8494599918681,999.8352322686338,2.8160928142229023,-33.07030152577222,61,Tarogong Kaler,SRI,3,2018
1053.1,246.31201267348627,118.309269008301,468.6136040392878,176.64,485.57961079306267,0.0,1299.412012673486,1130.8332148323504,15.86068031154538,-33.37215954622154,35,Tarogong Kaler,SRI,3,2019
1493.0,71.56740847654736,71.56740847654736,442.7308745555773,192.0,736.1563304288177,0.0,1564.5674084765474,1370.8872049843949,28.694255669671428,9.24999854864019,0,Tarogong Kaler,SRI,3,2020
1090.8,192.51532970008122,159.8008290417753,457.10829364646577,182.88,437.9111233955168,0.0,1283.3153297000813,1077.8994170419826,17.61616437423558,-27.714500658305955,27,Tarogong Kaler,SRI,3,2021
949.6,175.42273509594165,175.42273509594162,467.82859177563614,192.0,263.1832936020704,0.0,1125.0227350959417,923.0118853777066,26.875488733323888,3.8349893748608235,0,Tarogong Kaler,SRI,3,2022
1030.9,157.32736448090466,127.07248589011581,463.5566527609962,179.51999999999998,376.58995132095737,0.0,1188.2273644809047,1019.6666040819537,16.008855111276908,-25.454878590788873,28,Tarogong Kaler,SRI,3,2023
914.8,198.18934053232198,137.36330238033017,502.3359965928038,178.56,265.97060144594684,0.0,1112.9893405323219,946.8665980387507,15.304690669649483,-32.01419048271097,32,Tarogong Kaler,SRI,3,2024
1049.4,347.0057561610223,49.959439591858214,461.7538701953541,280.0,476.6207962520404,100.0,1396.4057561610225,1218.3746664473945,24.128461549786916,-5.0883016921005275,10,Tarogong Kaler,FL,4,2015
1425.1,186.45995563348586,68.76102041339426,435.70223740184497,280.0,684.278512250033,100.0,1611.5599556334857,1399.9807496518779,36.036558665281696,-3.7277051996904436,3,Tarogong Kaler,FL,4,2016
550.0999999999999,460.20858630341513,187.31022953973593,472.1650999682082,280.0,80.0351436843045,100.0,1010.308586303415,832.2002436525127,19.147718047977605,-5.311329900731182,10,Tarogong Kaler,FL,4,2017
462.0,604.0500541549038,140.63255693804663,496.56395402488295,280.0,117.228860317235,100.0,1066.0500541549038,893.7928143421179,7.697726358814387,-2.4845748647799635,13,Tarogong Kaler,FL,4,2018
582.1999999999999,511.41225261421897,151.12922682090684,486.4856439365947,280.0,149.51203306291293,100.0,1093.612252614219,915.9976769995076,21.02960690658981,-1.8263438315953158,10,Tarogong Kaler,FL,4,2019
907.0,347.83762202010985,151.22724126309996,456.4975024022736,280.0,338.84517514010565,100.0,1254.8376220201098,1075.342677542379,32.211721463268375,-5.064090456489587,8,Tarogong Kaler,FL,4,2020
923.2,343.8576022417525,97.87160770906027,474.4589287327614,280.0,335.69843245268925,100.0,1267.0576022417526,1090.1573611854508,22.31398041572434,-2.065395204808884,5,Tarogong Kaler,FL,4,2021
802.1000000000001,298.0489321948789,125.81558046419534,478.1298979110675,280.0,155.57452335732546,100.0,1100.148932194879,913.7044212683929,24.391441619495826,-4.2670720713642325,5,Tarogong Kaler,FL,4,2022
816.0,405.368893636404,177.84578587310722,496.1597662460469,280.0,269.6744350244987,100.0,1221.368893636404,1045.8342012705457,25.707710078786796,-5.49571664317315,6,Tarogong Kaler,FL,4,2023
651.0,411.157644380889,154.1173476371607,505.41783461505884,280.0,106.95327461437569,100.0,1062.157644380889,892.3711092294345,17.419680360138585,-4.75206414528064,7,Tarogong Kaler,FL,4,2024
1049.4,210.7422557403885,49.959439591858214,445.81918627397755,167.51999999999998,496.5553609706808,0.0,1260.1422557403885,1109.8945472446583,6.22261900730567,-32.42239674935345,56,Tarogong Kaler,SRI,4,2015
1425.1,68.76102041339428,68.76102041339426,421.4055216132084,190.56,678.6604121712244,0.0,1493.8610204133943,1290.6259337844328,27.909098717763005,-9.815226268036755,7,Tarogong Kaler,SRI,4,2016
550.0999999999999,316.3470793335792,187.31022953973593,456.63772381396393,169.91999999999996,95.27152273804623,0.0,866.447079333579,721.8292465520101,3.7236612779200002,-32.98527318284571,52,Tarogong Kaler,SRI,4,2017
462.0,441.8020034663675,140.63255693804663,480.2976656210211,162.23999999999995,117.228860317235,0.0,903.8020034663675,759.766525938256,-8.450964604152263,-33.36822126370747,81,Tarogong Kaler,SRI,4,2018
582.1999999999999,376.50964306533467,151.12922682090684,469.9543009982843,167.03999999999996,169.55478709716124,0.0,958.7096430653346,806.5490880954454,4.753343425900945,-33.00892018422843,58,Tarogong Kaler,SRI,4,2019
907.0,182.47240562304046,151.22724126309996,441.8241939076063,183.35999999999999,309.028497120077,0.0,1089.4724056230405,934.2126910276834,20.282693224720735,-31.545164359940546,23,Tarogong Kaler,SRI,4,2020
923.2,199.9394627509716,97.87160770906027,458.7940876985481,178.56,313.78656929032115,0.0,1123.1394627509717,951.1406569888692,7.260416238553254,-33.988232428474845,48,Tarogong Kaler,SRI,4,2021
802.1000000000001,125.81558046419535,125.81558046419534,462.70052007180914,185.76,114.28708169492947,0.0,927.9155804641955,762.7476017667386,15.241372213569372,-25.754978417127276,17,Tarogong Kaler,SRI,4,2022
816.0,254.36806039858516,177.84578587310722,480.13803882202876,176.64,253.43089802902588,0.0,1070.3680603985852,910.2089368510547,11.383126802749613,-26.653075240027654,41,Tarogong Kaler,SRI,4,2023
651.0,304.2062231686873,154.1173476371607,488.7534335833161,173.27999999999997,130.7565427436984,0.0,955.2062231686873,792.7899763270145,3.8320107782950763,-30.540671728957676,55,Tarogong Kaler,SRI,4,2024
576.3,537.2502882610369,53.214328057423046,484.6679247164572,280.0,164.51825941722527,100.0,1113.5502882610367,929.1861841336826,9.373396505763647,-5.272628207670597,11,Tarogong Kaler,FL,5,2015
1098.3,211.97429124196935,69.39385730523985,434.80213946519495,280.0,404.87408661533425,100.0,1310.2742912419694,1119.6762260805292,30.9973030996525,-4.486665574879925,2,Tarogong Kaler,FL,5,2016
366.29999999999995,604.2223186454521,181.69124143702513,470.53350027799394,280.0,39.27924449715502,100.0,970.5223186454521,789.8127447751489,12.182369864075213,-6.037788433765806,8,Tarogong Kaler,FL,5,2017
147.60000000000002,819.823171004211,269.5072736766743,508.256233037593,280.0,9.0791903630598,100.0,967.423171004211,797.3354234006528,7.324266455057315,-2.992606432800838,11,Tarogong Kaler,FL,5,2018
351.3,689.8966697196358,142.15271105579325,510.58641193820677,280.0,71.0829635495669,100.0,1041.1966697196358,861.6693754877737,8.261483489323448,-2.9836669659728257,10,Tarogong Kaler,FL,5,2019
633.4,429.89870886275065,153.09868091468115,456.16605950302267,280.0,155.8351234722612,100.0,1063.2987088627506,892.0011829752839,17.30301021143046,-4.229567706857225,11,Tarogong Kaler,FL,5,2020
586.0,571.542280899843,262.7198061534134,478.3961354316608,280.0,224.57956727480897,100.0,1157.542280899843,982.9757027064697,23.588638930829745,-4.836422470828669,13,Tarogong Kaler,FL,5,2021
530.5,442.3540947834591,197.6665010895948,479.2785802876723,280.0,45.47185376356369,100.0,972.8540947834591,804.750434051236,17.794928380755074,-4.964394836571319,12,Tarogong Kaler,FL,5,2022
619.9000000000001,519.722979425376,183.64002260494428,497.38777831118773,280.0,186.49589862131023,100.0,1139.6229794253761,963.883676932498,18.967874164467453,-3.516187914081063,11,Tarogong Kaler,FL,5,2023
381.59999999999997,613.6324337187667,199.231993278363,512.6280294758071,280.0,33.63178428879241,100.0,995.2324337187667,826.2598137645996,13.071409085246891,-3.3004858502673535,12,Tarogong Kaler,FL,5,2024
576.3,364.22018869059,53.214328057423046,467.91699299557314,156.95999999999998,164.51825941722527,0.0,940.52018869059,789.3952524127984,-10.153028598338768,-34.01114394000899,85,Tarogong Kaler,SRI,5,2015
1098.3,69.39385730523985,69.39385730523985,420.663328711048,185.76,379.08632307249906,0.0,1167.6938573052398,985.509651783547,20.86915114449613,-20.501430561856278,17,Tarogong Kaler,SRI,5,2016
366.29999999999995,445.1324778340529,181.69124143702513,455.26656903139747,167.99999999999997,39.27924449715502,0.0,811.4324778340529,662.5458135285525,-4.821623864358954,-34.517256933981216,70,Tarogong Kaler,SRI,5,2017
147.60000000000002,648.3372533186134,269.5072736766743,491.5818128190175,156.47999999999996,9.0791903630598,0.0,795.9372533186134,657.1410031820772,-11.301763914968372,-34.25377380551285,89,Tarogong Kaler,SRI,5,2018
351.3,517.2187822654463,142.15271105579325,493.18308170425763,158.39999999999998,71.0829635495669,0.0,868.5187822654464,722.6660452538246,-9.17080970659741,-33.648291341044526,84,Tarogong Kaler,SRI,5,2019
633.4,279.6812706064504,153.09868091468115,441.21917337147835,172.32,128.3760555030367,0.0,913.0812706064504,741.915228874515,3.369489878729677,-33.77009972306895,52,Tarogong Kaler,SRI,5,2020
586.0,419.1063962833516,262.7198061534134,462.8859330145833,176.64,213.34561063303073,0.0,1005.1063962833516,852.8715436476141,8.879748255729647,-32.50959175497437,48,Tarogong Kaler,SRI,5,2021
530.5,281.089155383414,197.6665010895948,464.0069743452706,174.71999999999997,22.22335159256677,0.0,811.589155383414,660.9503259378373,5.728654993467863,-31.2908051193108,42,Tarogong Kaler,SRI,5,2022
619.9000000000001,345.3579151088069,183.64002260494428,481.3447585132008,164.64,181.9036994572809,0.0,965.257915108807,827.8884579704818,-0.7006837577291339,-34.17898336432408,65,Tarogong Kaler,SRI,5,2023
381.59999999999997,463.11941489020046,199.231993278363,496.16293374070705,162.71999999999997,39.23260512863373,0.0,844.7194148902004,698.1155388693408,-5.984769804616088,-33.39441055818713,76,Tarogong Kaler,SRI,5,2024
124.5,866.7810908530012,277.59396905081155,530.9595730869771,280.0,2.063248460915542,100.0,991.2810908530012,813.0228215478927,7.345656039107036,-3.6754592392000305,11,Tarogong Kaler,FL,6,2015
927.8,283.00318157695807,140.12770711932285,445.75570555155366,280.0,267.7356576178723,100.0,1210.803181576958,993.491363169426,26.111653177831506,-0.37299940184200064,1,Tarogong Kaler,FL,6,2016
169.6,789.2919782239767,304.147790989856,498.9333740095246,280.0,0.0,100.0,958.8919782239767,778.9333740095246,8.476283905048758,-3.772824634245115,11,Tarogong Kaler,FL,6,2017
72.60000000000001,916.1888773449567,325.55371523230093,531.1173261530796,280.0,0.0,100.0,988.7888773449567,811.1173261530796,6.983362045561242,-5.906772844866774,11,Tarogong Kaler,FL,6,2018
84.6,942.8303009889851,298.0408995949376,552.7918268089015,280.0,16.61740924636247,100.0,1027.430300988985,849.409236055264,6.855140922843449,-4.8042319844471075,11,Tarogong Kaler,FL,6,2019
366.69999999999993,614.3164628949592,212.9277986461788,483.49131117573233,280.0,34.01250027695861,100.0,981.0164628949591,797.5038114526909,12.280555905345702,-4.906177941927939,11,Tarogong Kaler,FL,6,2020
552.3,563.6519915225211,240.50234623872436,481.49286191524544,280.0,174.8745968032683,100.0,1115.951991522521,936.3674587185137,17.98231191306547,-5.5513833119039635,10,Tarogong Kaler,FL,6,2021
455.20000000000005,511.42189337095465,235.3078698490409,485.1567275638016,280.0,17.20453841488518,100.0,966.6218933709547,782.3612659786868,16.465159343513804,-6.605690432726416,5,Tarogong Kaler,FL,6,2022
337.5,718.3846509270124,227.57490977370546,521.5068553907637,280.0,74.1384913063683,100.0,1055.8846509270124,875.645346697132,11.136491807268213,-3.9137831554971934,11,Tarogong Kaler,FL,6,2023
262.9,760.0796879769632,285.41039628872653,539.4150671067641,280.0,27.032184755878255,100.0,1022.9796879769632,846.4472518626424,11.14246727603678,-4.650996374669684,8,Tarogong Kaler,FL,6,2024
124.5,712.3046771816691,277.59396905081155,512.7967849893462,157.44,2.063248460915542,0.0,836.8046771816691,672.3000334502618,-9.946377499130444,-35.23395721763822,86,Tarogong Kaler,SRI,6,2015
927.8,150.28504703798686,140.12770711932285,430.4016032003209,182.88,256.6595120435727,0.0,1078.085047037987,869.9411152438936,14.04184791024765,-19.907522736356064,26,Tarogong Kaler,SRI,6,2016
169.6,635.771228017167,304.147790989856,482.35386915521656,161.76,0.0,0.0,805.371228017167,644.1138691552165,-6.76491029179958,-34.98928502228096,78,Tarogong Kaler,SRI,6,2017
72.60000000000001,742.8499771584229,325.55371523230093,513.0670472095399,160.32,0.0,0.0,815.4499771584229,673.3870472095398,-9.797102103314312,-35.066623036220854,84,Tarogong Kaler,SRI,6,2018
84.6,777.2906555026408,298.0408995949376,533.8148976626851,157.44,16.61740924636247,0.0,861.8906555026408,707.8723069090477,-10.686179617128563,-35.33692242982334,88,Tarogong Kaler,SRI,6,2019
366.69999999999993,441.5473999302542,212.9277986461788,467.0405751357178,161.75999999999996,30.65626795100833,0.0,808.2473999302541,659.456843086726,-4.308700183958664,-32.78313626310364,74,Tarogong Kaler,SRI,6,2020
552.3,421.16864598613824,240.50234623872436,465.2390708445483,165.11999999999998,192.82601388354485,0.0,973.4686459861382,823.1850847280931,0.5055023888109856,-30.682114185931123,67,Tarogong Kaler,SRI,6,2021
455.20000000000005,362.0315942707743,235.3078698490409,468.5621016196369,167.04,6.145463321551649,0.0,817.2315942707744,641.7475649411886,-0.48906278418718213,-28.039738726333123,61,Tarogong Kaler,SRI,6,2022
337.5,550.9884329305837,227.57490977370546,503.73013321943455,162.71999999999997,60.27490244604892,0.0,888.4884329305837,726.7250356654835,-4.908097809827171,-31.981189448521185,75,Tarogong Kaler,SRI,6,2023
262.9,622.4689366474156,285.41039628872653,521.0177439592674,163.67999999999998,38.23496673822414,0.0,885.3689366474156,722.9327106974914,-6.031050786656445,-34.604065109061715,75,Tarogong Kaler,SRI,6,2024
130.0,898.2724230030979,302.7264235280117,569.8277249360689,280.0,0.0,100.0,1028.2724230030979,849.8277249360689,8.425000714894713,-5.014538932753758,7,Tarogong Kaler,FL,7,2015
1365.3999999999999,355.48788191607974,219.0869988745902,441.4408176560805,280.0,786.2328951177299,100.0,1720.8878819160796,1507.6737127738104,33.79600793898244,5.102921162374903,0,Tarogong Kaler,FL,7,2016
332.70000000000005,722.8935762327839,277.7050592137793,508.44791061287106,280.0,87.14586346853062,100.0,1055.593576232784,875.5937740814016,12.350861620595074,-3.157807696169444,1,Tarogong Kaler,FL,7,2017
73.10000000000001,946.0826335307693,312.7426377124108,565.0093080337349,280.0,0.0,100.0,1019.1826335307693,845.0093080337349,6.663013911109496,-4.815381596475105,13,Tarogong Kaler,FL,7,2018
49.99999999999999,1007.3537874343327,343.0199431704301,600.9706575276359,280.0,0.0,100.0,1057.3537874343326,880.9706575276359,6.652061871736725,-4.752997319842359,10,Tarogong Kaler,FL,7,2019
340.9,664.559852817016,233.51601060890195,511.8319842361001,280.0,38.263082964435654,100.0,1005.459852817016,830.0950672005357,9.87413982321604,-5.97206069067271,10,Tarogong Kaler,FL,7,2020
399.79999999999995,614.8722650741714,208.43149191373334,502.99886961265383,280.0,46.493391650506894,100.0,1014.6722650741714,829.4922612631607,9.429128745048905,-6.020902689088354,11,Tarogong Kaler,FL,7,2021
509.1,526.0016857376527,217.66154903871848,493.6462491008323,280.0,54.94393681681959,100.0,1035.1016857376526,828.5901859176519,16.581552386613144,-2.6476854753923513,3,Tarogong Kaler,FL,7,2022
205.2,866.247711249214,268.4647975728017,575.3115848925609,280.0,42.85700548002818,100.0,1071.447711249214,898.168590372589,8.840531949945364,-5.635263570001152,12,Tarogong Kaler,FL,7,2023
240.1,810.2856965373105,286.05568311734066,568.0172525312398,280.0,23.022362808105683,100.0,1050.3856965373104,871.0396153393455,9.702757109683676,-6.223150689768796,14,Tarogong Kaler,FL,7,2024
130.0,733.0877239120667,302.7264235280117,549.5189738631932,160.32,0.0,0.0,863.0877239120667,709.8389738631931,-9.175844165374963,-31.050501126023438,85,Tarogong Kaler,SRI,7,2015
1365.3999999999999,243.64646667679443,219.0869988745902,425.8387775644481,189.6,788.1746250704923,0.0,1609.0464666767944,1403.6134026349405,20.29163327196549,-10.75636577705663,13,Tarogong Kaler,SRI,7,2016
332.70000000000005,608.6972806753206,277.7050592137793,489.82501013462115,170.88,96.51450085276488,0.0,941.3972806753206,757.219510987386,-1.017108809366149,-29.397923026380703,61,Tarogong Kaler,SRI,7,2017
73.10000000000001,789.5743181838629,312.7426377124108,545.0613684996017,156.95999999999998,0.0,0.0,862.674318183863,702.0213684996017,-10.131844307860568,-32.87778356092691,90,Tarogong Kaler,SRI,7,2018
49.99999999999999,853.612917054483,343.0199431704301,579.4199148314337,156.47999999999996,0.0,0.0,903.612917054483,735.8999148314338,-11.340902363455676,-34.2948221001001,90,Tarogong Kaler,SRI,7,2019
340.9,522.0504494148926,233.51601060890195,493.1672251296328,159.35999999999999,38.247478217559774,0.0,862.9504494148925,690.7747033471926,-9.2399311023992,-33.629114217625975,90,Tarogong Kaler,SRI,7,2020
399.79999999999995,460.7139953865096,208.43149191373334,485.6206139558294,164.64,49.66854747149181,0.0,860.5139953865096,699.9291614273212,-6.592967171879438,-31.186887879316146,75,Tarogong Kaler,SRI,7,2021
509.1,376.58214935770735,217.66154903871848,475.8532171765809,174.72,31.088617347559158,0.0,885.6821493577074,681.6618345241401,2.1470814624911845,-28.45045846833191,49,Tarogong Kaler,SRI,7,2022
205.2,694.6793701563213,268.4647975728017,554.6528883479607,156.95999999999998,42.97811542384786,0.0,899.8793701563213,754.5910037718086,-8.369141560996336,-33.76654188956871,87,Tarogong Kaler,SRI,7,2023
240.1,613.2577366166104,286.05568311734066,547.6127452898554,159.83999999999997,4.519902100372086,0.0,853.3577366166104,711.9726473902274,-9.118249156097535,-34.92201282894174,82,Tarogong Kaler,SRI,7,2024
288.0,879.8207983995305,336.0654004204682,599.3411140508643,280.0,74.6784795371471,100.0,1167.8207983995305,954.0195935880115,14.204341329576101,-5.435616512535338,4,Tarogong Kaler,FL,8,2015
1761.7,378.0781012972286,210.28818525338534,437.09445136625936,280.0,1201.8523748645791,100.0,2139.7781012972287,1918.9468262308385,35.34299938325766,5.811116885220241,0,Tarogong Kaler,FL,8,2016
447.7,702.7793467406199,315.61060341051956,526.0114933862751,280.0,132.28831817096005,100.0,1150.4793467406198,938.2998115572352,17.31667681682486,-1.0219556222050112,3,Tarogong Kaler,FL,8,2017
200.50000000000006,855.4096844994976,342.9841849373266,577.1657168856193,280.0,6.1137285832225885,100.0,1055.9096844994976,863.2794454688419,10.17694771459214,-1.5897994209794613,5,Tarogong Kaler,FL,8,2018
123.0,964.5375302700375,340.99951391399054,640.5227199051355,280.0,0.0,100.0,1087.5375302700375,920.5227199051355,7.10974881769806,-6.835163242884339,9,Tarogong Kaler,FL,8,2019
503.0,614.5405056905499,314.62104315936097,521.6962348171987,280.0,112.40093707943136,100.0,1117.54050569055,914.0971718966301,17.887460107921488,1.6845975699424427,0,Tarogong Kaler,FL,8,2020
574.6000000000001,614.5798657649607,319.68279890149813,518.8309649112607,280.0,175.36186113759965,100.0,1189.1798657649608,974.1928260488603,16.156440259108773,-1.536037051941629,3,Tarogong Kaler,FL,8,2021
779.0,553.933577866271,280.335120225728,502.9734935714251,280.0,332.98717613862055,100.0,1332.933577866271,1115.9606697100455,25.747596763198157,-0.62704616423144,1,Tarogong Kaler,FL,8,2022
200.1,937.669408562005,305.5229099642216,624.9994302846346,280.0,53.94714005767469,100.0,1137.7694085620049,958.9465703423093,6.349118065374243,-5.692323492051196,11,Tarogong Kaler,FL,8,2023
319.69999999999993,779.5246181182738,316.77356626063033,599.0471452887808,280.0,34.809659259591804,100.0,1099.2246181182736,913.8568045483727,9.676918651099031,-5.349978028364352,5,Tarogong Kaler,FL,8,2024
288.0,726.1431183673728,336.0654004204682,577.1996745664055,166.56,66.58223898944817,0.0,1014.1431183673728,810.3419135558536,-3.308990583604296,-30.10144369154472,73,Tarogong Kaler,SRI,8,2015
1761.7,235.5227078676288,210.28818525338534,422.5210230693017,191.51999999999998,1172.3504097319374,0.0,1997.2227078676287,1786.391432801239,25.35164928854678,-4.753720972107908,6,Tarogong Kaler,SRI,8,2016
447.7,570.4464191929081,315.61060341051956,507.2606707353671,172.8,135.06380371094224,0.0,1018.1464191929081,815.1244744463094,-0.020913890409674965,-27.23473424722651,59,Tarogong Kaler,SRI,8,2017
200.50000000000006,726.4969628715062,342.9841849373266,556.1639392073118,166.07999999999998,18.760244011612244,0.0,926.9969628715062,741.004183218924,-4.352789754912747,-29.44343343612968,77,Tarogong Kaler,SRI,8,2018
123.0,811.650429918305,340.99951391399054,617.0755921085757,160.8,0.0,0.0,934.650429918305,777.8755921085758,-9.685258706296294,-32.6630758331624,89,Tarogong Kaler,SRI,8,2019
503.0,492.1210825000659,314.62104315936097,503.10538308792866,175.68,109.1288142488741,0.0,995.1210825000659,787.9141973368028,4.30664373601026,-25.36285365014558,48,Tarogong Kaler,SRI,8,2020
574.6000000000001,506.79349749683956,319.68279890149813,500.24239172679273,173.76,202.4040660539465,0.0,1081.3934974968397,876.4064577807392,2.282978042299655,-28.02817447004535,52,Tarogong Kaler,SRI,8,2021
779.0,398.30551436401265,280.335120225728,485.5930363470784,184.32,300.4195698607089,0.0,1177.3055143640127,970.3326062077872,13.042596472687302,-22.77497011449522,24,Tarogong Kaler,SRI,8,2022
200.1,764.3579913018785,305.5229099642216,601.7674113854207,156.95999999999998,53.94714005767469,0.0,964.4579913018786,812.6745514430954,-11.1929387821846,-33.851980888595435,94,Tarogong Kaler,SRI,8,2023
319.69999999999993,610.3743909991636,316.77356626063033,577.3212960646438,162.71999999999997,16.54746408148602,0.0,930.0743909991635,756.5887601461299,-7.931086985968782,-31.237814644543096,83,Tarogong Kaler,SRI,8,2024
800.7,750.7481166757535,352.6054695202443,583.5123740322322,280.0,481.0112317816623,100.0,1551.4481166757537,1344.5236058138944,25.161993807282094,-1.2894286197439877,1,Tarogong Kaler,FL,9,2015
2220.1,340.8310200759344,211.8950265017053,433.82096451024063,280.0,1632.0815032490339,100.0,2560.931020075934,2345.9024677592743,40.84250314257087,8.664006425770896,0,Tarogong Kaler,FL,9,2016
716.3000000000001,605.7146810338144,349.00451645763906,516.8000551172861,280.0,314.99941086537933,100.0,1322.0146810338144,1111.7994659826654,29.342948948612424,0.25093927866320165,0,Tarogong Kaler,FL,9,2017
430.69999999999993,724.9770797254962,346.159370017548,570.205975075959,280.0,105.6075218946996,100.0,1155.6770797254962,955.8134969706587,16.705210678151076,-3.317391811134889,4,Tarogong Kaler,FL,9,2018
367.09999999999997,809.1793351199983,354.01089996211306,645.1651584933495,280.0,45.43425737769611,100.0,1176.2793351199982,970.5994158710456,16.486187431053818,-2.840672188455737,3,Tarogong Kaler,FL,9,2019
846.3,531.3153888587141,300.99893438810716,514.2322517425229,280.0,370.79329325792406,100.0,1377.6153888587141,1165.025545000447,30.831872206722302,4.885043057749585,0,Tarogong Kaler,FL,9,2020
922.4000000000001,516.0885838378342,298.26304828520824,517.0286590718507,280.0,428.0134442650811,100.0,1438.4885838378343,1225.0421033369319,24.32024183711841,2.175788856243118,0,Tarogong Kaler,FL,9,2021
1057.4,475.73633491739275,304.931362425236,511.0962323227699,280.0,533.6553506155084,100.0,1533.1363349173928,1324.7515829382783,35.30939183883671,4.449649642273372,0,Tarogong Kaler,FL,9,2022
218.39999999999998,879.03033129917,345.61962240270765,647.3579797426072,280.0,0.0,100.0,1097.4303312991701,927.3579797426072,10.31571467720194,-4.205416461685871,3,Tarogong Kaler,FL,9,2023
740.4,657.6887446083309,358.9250740324385,590.9647238485715,280.0,327.7458014412636,100.0,1398.088744608331,1198.710525289835,23.254305207355916,1.1774376755689255,0,Tarogong Kaler,FL,9,2024
800.7,590.985426531657,352.6054695202443,563.0726932175091,177.12,454.568222452289,0.0,1391.685426531657,1194.7609156697981,8.033011766638959,-29.37177286482082,46,Tarogong Kaler,SRI,9,2015
2220.1,225.03675891141944,211.8950265017053,420.0554711820261,192.0,1628.052735412734,0.0,2445.1367589114193,2240.1082065947603,31.167805074563166,-3.6417324097141606,1,Tarogong Kaler,SRI,9,2016
716.3000000000001,459.58716993325436,349.00451645763906,499.9922962591428,187.67999999999998,287.99965862296267,0.0,1175.8871699332544,975.6719548821054,14.885116236901135,-12.626563891403158,23,Tarogong Kaler,SRI,9,2017
430.69999999999993,595.5501354474093,346.159370017548,550.7756415137881,179.52,103.57054615192106,0.0,1026.2501354474093,833.866187665709,4.984700250160944,-28.579700591452802,45,Tarogong Kaler,SRI,9,2018
367.09999999999997,688.3417283158856,354.01089996211306,622.3776530010442,172.32,65.06415606588878,0.0,1055.4417283158855,859.7618090669331,0.8276619708864216,-29.425588216957124,64,Tarogong Kaler,SRI,9,2019
846.3,393.70655570331166,300.99893438810716,497.2092652539168,187.67999999999998,352.5274465911276,0.0,1240.0065557033117,1037.4167118450443,15.766184400694142,-19.23557353135244,22,Tarogong Kaler,SRI,9,2020
922.4000000000001,376.45100021930847,298.26304828520824,499.3783227277188,182.39999999999998,413.62619699068716,0.0,1298.8510002193086,1095.404519718406,13.3286262550511,-24.46230261283699,28,Tarogong Kaler,SRI,9,2021
1057.4,330.55282362420405,304.931362425236,494.2350251422613,190.07999999999998,504.4202796576024,0.0,1387.952823624204,1188.7353047998636,23.915058109290925,-17.521691275758005,9,Tarogong Kaler,SRI,9,2022
218.39999999999998,710.74797340329,345.61962240270765,624.4490011497276,165.59999999999997,0.0,0.0,929.1479734032899,790.0490011497275,-5.633458839975694,-30.80408989316748,78,Tarogong Kaler,SRI,9,2023
740.4,539.1200773598962,358.9250740324385,570.6392202380063,179.52,339.1428579988209,0.0,1279.5200773598963,1089.3020782368271,8.444589450477183,-29.030919482429997,39,Tarogong Kaler,SRI,9,2024
1111.8999999999999,604.5249490714069,361.68616906467645,565.9633965208768,280.0,669.827734147855,100.0,1716.424949071407,1515.791130668732,31.234793702814688,-2.803735759906386,1,Tarogong Kaler,FL,10,2015
2245.0,227.601212968097,127.601212968097,432.51302155500184,280.0,1545.5327488673574,100.0,2472.601212968097,2258.045770422359,41.09320182267998,11.46875313457532,0,Tarogong Kaler,FL,10,2016
915.5,438.8032877126327,293.53663765361443,505.1913357339031,280.0,386.29772828799616,100.0,1354.3032877126327,1171.4890640218991,30.399180780483807,-2.013871468306453,3,Tarogong Kaler,FL,10,2017
717.8,613.5319524884738,341.5144197229142,553.7180959850652,280.0,292.99476828997143,100.0,1331.3319524884737,1126.7128642750367,27.663251425650465,4.148609074346811,0,Tarogong Kaler,FL,10,2018
719.6,663.1614334344819,357.21723942866987,622.3031096401269,280.0,283.347152592803,100.0,1382.761433434482,1185.65026223293,26.828588785401724,1.307303993544247,0,Tarogong Kaler,FL,10,2019
1384.6999999999998,480.63984241368,315.6383541473986,494.42560788405274,280.0,890.8600865996099,100.0,1865.33984241368,1665.2856944836626,37.03905434910291,4.853227199598689,0,Tarogong Kaler,FL,10,2020
1274.9,471.1453245747326,251.51419107169986,513.7229156005819,280.0,740.8075743239516,100.0,1746.0453245747326,1534.5304899245334,33.32555833331085,4.467512651448345,0,Tarogong Kaler,FL,10,2021
1282.1999999999998,352.56939177524566,252.56939177524566,500.3610031585567,280.0,658.6975676226564,100.0,1634.7693917752454,1439.0585707812131,40.11340629711351,7.451285806866364,0,Tarogong Kaler,FL,10,2022
531.5999999999999,745.4311858594426,364.28504628177143,642.3092371867363,280.0,155.9531784456612,100.0,1277.0311858594425,1078.2624156323975,20.15523020533202,-1.5453272450948674,2,Tarogong Kaler,FL,10,2023
1049.2,560.3247515296622,281.24183964286397,557.2555695993324,280.0,568.0773359414131,100.0,1609.5247515296624,1405.3329055407455,31.28250359292949,3.1001850517099685,0,Tarogong Kaler,FL,10,2024
1111.8999999999999,475.381986849886,361.68616906467645,548.485385390964,186.71999999999997,660.666199096697,0.0,1587.281986849886,1395.871584487661,20.288601828901676,-22.191441780167796,19,Tarogong Kaler,SRI,10,2015
2245.0,127.601212968097,127.601212968097,418.2734217510189,192.0,1556.939178423424,0.0,2372.601212968097,2167.2126001744427,32.31796179250005,7.991860731437462,0,Tarogong Kaler,SRI,10,2016
915.5,293.53663765361443,293.53663765361443,489.1315537172432,188.15999999999997,352.2783261785069,0.0,1209.0366376536144,1029.56987989575,18.494179160403643,-13.522988142798429,14,Tarogong Kaler,SRI,10,2017
717.8,452.8265972567962,341.5144197229142,536.4392065321383,184.8,254.76830251122067,0.0,1170.6265972567962,976.0075090433589,16.42372879507791,-16.2561008239289,26,Tarogong Kaler,SRI,10,2018
719.6,524.9546591246781,357.21723942866987,601.9947207253731,181.92000000000002,273.16455302289955,0.0,1244.554659124678,1057.0792737482727,10.514989103363265,-25.732227016392216,37,Tarogong Kaler,SRI,10,2019
1384.6999999999998,349.45495915247454,315.6383541473986,479.04184535693764,192.0,869.7248677863174,0.0,1734.1549591524745,1540.766713143255,25.912225006655845,-3.8573664696591536,7,Tarogong Kaler,SRI,10,2020
1274.9,319.11162215242155,251.51419107169986,497.21295212298514,189.59999999999997,705.6838353792374,0.0,1594.0116221524218,1392.4967875022226,22.442467364593778,-14.51542311912705,16,Tarogong Kaler,SRI,10,2021
1282.1999999999998,252.56939177524563,252.56939177524566,484.1531289751695,192.0,665.359578541431,0.0,1534.7693917752454,1341.5127075166006,31.484601220245136,8.288401788976598,0,Tarogong Kaler,SRI,10,2022
531.5999999999999,590.5467746579684,364.28504628177143,621.01061799998,173.28,139.08738643094307,0.0,1122.1467746579683,933.378004430923,0.28818988708456394,-30.925444718629336,58,Tarogong Kaler,SRI,10,2023
1049.2,407.14816412556763,281.24183964286397,539.7183332205258,188.64,533.7979849161253,0.0,1456.3481641255676,1262.156318136651,16.467271008494325,-22.704702795968025,21,Tarogong Kaler,SRI,10,2024
1686.6999999999998,456.43688657500206,320.6806898775558,514.7493920614784,280.0,1153.5013236728078,100.0,2143.136886575002,1948.2507157342861,39.85310697445793,2.0884830346296104,0,Tarogong Kaler,FL,11,2015
2026.5999999999997,168.9256636901872,58.72566369018719,431.02047356115685,280.0,1269.4975392776669,100.0,2195.525663690187,1980.5180128388238,40.89804929130878,14.935995861959402,0,Tarogong Kaler,FL,11,2016
1025.7,394.10196296050515,254.4145048293989,472.8266258733973,280.0,465.95178147429704,100.0,1419.801962960505,1218.7784073476942,35.555238025199586,3.6975175069565287,0,Tarogong Kaler,FL,11,2017
1131.9,438.26240628711065,321.4624062871107,523.8221690709439,280.0,565.9682346717921,100.0,1570.1624062871108,1369.790403742736,36.313777230267625,9.442852004754142,0,Tarogong Kaler,FL,11,2018
1289.1,526.344874000198,353.67757784165076,573.4500909802135,280.0,766.9925722844056,100.0,1815.444874000198,1620.4426632646191,36.216358159825134,5.119035269493756,0,Tarogong Kaler,FL,11,2019
1625.5,273.2070205250288,173.20702052502872,451.68393032447034,280.0,952.515884860482,100.0,1898.7070205250288,1684.1998151849523,36.677534933505584,9.388672434184016,0,Tarogong Kaler,FL,11,2020
1367.6000000000004,375.88698713569494,265.5869871356949,508.1272767172547,280.0,756.6732419185028,100.0,1743.4869871356952,1544.8005186357575,39.648553568425285,14.161747019469137,0,Tarogong Kaler,FL,11,2021
1495.1999999999998,257.9607411022871,135.37745433280128,474.6337765171585,280.0,783.321699307148,100.0,1753.160741102287,1537.9554758243066,40.141037931694356,8.716713230514152,0,Tarogong Kaler,FL,11,2022
801.9000000000001,574.4066170459237,352.20586483447335,606.9425025788971,280.0,297.93886424271415,100.0,1376.3066170459238,1184.8813668216112,27.90238097887138,0.46655176361732487,0,Tarogong Kaler,FL,11,2023
1183.5,455.0732579027437,334.1271542636349,537.0198803364862,280.0,622.501209367946,100.0,1638.5732579027438,1439.5210897044321,34.559356840782954,-0.21083918440672544,1,Tarogong Kaler,FL,11,2024
1686.6999999999998,343.41569366303986,320.6806898775558,498.92618123099487,192.0,1153.4655401643436,0.0,2030.1156936630396,1844.3917213953384,30.606909367438853,-3.3232708830727806,3,Tarogong Kaler,SRI,11,2015
2026.5999999999997,58.72566369018718,58.72566369018719,416.0798813906815,192.0,1264.0563198188672,0.0,2085.325663690187,1872.1362012095487,31.326211075380495,5.566332536593468,0,Tarogong Kaler,SRI,11,2016
1025.7,269.8895132574864,254.4145048293989,457.89582273275767,190.56,454.42300413490983,0.0,1295.5895132574865,1102.8788268676676,24.7060989254837,-5.475008428087433,8,Tarogong Kaler,SRI,11,2017
1131.9,321.46240628711064,321.4624062871107,507.4094617907092,192.0,562.7520620478709,0.0,1453.3624062871108,1262.1615238385803,27.894428646159255,-4.014007916085006,4,Tarogong Kaler,SRI,11,2018
1289.1,386.50679933888324,353.67757784165076,555.8220632181383,191.04,743.7425253851661,0.0,1675.606799338883,1490.6045886033044,26.08125303339941,-8.633666436243406,6,Tarogong Kaler,SRI,11,2019
1625.5,173.20702052502875,173.20702052502872,437.40946958905306,192.0,964.7903455958993,0.0,1798.7070205250288,1594.1998151849525,31.419959815259222,16.42778634152444,0,Tarogong Kaler,SRI,11,2020
1367.6000000000004,265.5869871356949,265.5869871356949,491.4624700869316,192.0,753.5473133526286,0.0,1633.1869871356953,1437.0097834395601,30.776598287553217,5.930906970408376,0,Tarogong Kaler,SRI,11,2021
1495.1999999999998,146.2757580649655,135.37745433280128,458.48829502737453,192.0,785.7821977596104,0.0,1641.4757580649652,1436.270492786985,30.52549516713524,-1.898303732164206,1,Tarogong Kaler,SRI,11,2022
801.9000000000001,427.5834939374162,352.20586483447335,587.8785550888106,183.83999999999997,275.4971634032319,0.0,1229.4834939374164,1047.2157184920425,11.26005947516291,-25.5926745626249,33,Tarogong Kaler,SRI,11,2023
1183.5,334.1271542636349,334.1271542636349,521.1451198306033,192.0,615.42986623472,0.0,1517.627154263635,1328.5749860653232,26.614068412590445,-2.537036030715195,4,Tarogong Kaler,SRI,11,2024
2036.4000000000003,233.51692846009888,133.51692846009885,468.9105072788455,280.0,1308.0657245595896,100.0,2269.9169284600994,2056.976231838435,39.41897053854025,8.675658431435814,0,Tarogong Kaler,FL,12,2015
1755.2000000000003,134.36327389554452,34.36327389554451,451.2985602473344,280.0,940.3428719250132,100.0,1889.5632738955449,1671.6414321723478,41.25488826096408,11.497964865740034,0,Tarogong Kaler,FL,12,2016
1406.0,275.07487033440475,146.34569278436035,466.34591869931353,280.0,717.1918249790199,100.0,1681.0748703344047,1463.5377436783333,35.92027061864641,3.9471242521820686,0,Tarogong Kaler,FL,12,2017
1354.3999999999999,318.3403105361594,199.74031053615937,489.8138964084518,280.0,689.6408648729235,100.0,1672.7403105361593,1459.4547612813753,40.35194144285108,9.018413802927752,0,Tarogong Kaler,FL,12,2018
1690.3,370.2356469189244,259.63564691892435,518.7568587012563,280.0,1070.737699255988,100.0,2060.535646918924,1869.4945579572443,36.404763556299606,14.021871878711536,0,Tarogong Kaler,FL,12,2019
1672.6000000000001,266.9321511321057,166.93215113210562,449.5052412074427,280.0,995.1402770656643,100.0,1939.5321511321058,1724.645518273107,40.67280984991743,11.23127517471891,0,Tarogong Kaler,FL,12,2020
1613.6,175.45033199974588,75.4503319997459,485.27836621800884,280.0,805.9114706416574,100.0,1789.0503319997458,1571.1898368596662,40.90731376170557,20.634852752523173,0,Tarogong Kaler,FL,12,2021
1447.1,230.16936263027168,130.16936263027168,476.03243724343235,280.0,739.5494900553704,100.0,1677.2693626302716,1495.5819272988028,40.16195880629047,5.950008673806026,0,Tarogong Kaler,FL,12,2022
1080.9999999999998,462.26402346900346,264.0356608646041,562.0210333026796,280.0,511.71079493908195,100.0,1543.2640234690032,1353.7318282417616,31.761572671498175,4.245069115394324,0,Tarogong Kaler,FL,12,2023
1476.8,210.94208920165602,110.942089201656,503.218019539455,280.0,694.0002342707384,100.0,1687.742089201656,1477.2182538101933,42.28058368390193,7.205784729007396,0,Tarogong Kaler,FL,12,2024
2036.4000000000003,133.51692846009885,133.51692846009885,453.52416333031135,192.0,1321.4520685081238,0.0,2169.9169284600994,1966.976231838435,30.873785988083718,8.778097992402083,0,Tarogong Kaler,SRI,12,2015
1755.2000000000003,34.36327389554451,34.36327389554451,435.7688622770835,192.0,953.0408582003125,0.0,1789.5632738955449,1580.809720477396,30.947196962087514,12.326697886871322,0,Tarogong Kaler,SRI,12,2016
1406.0,170.66226598376352,146.34569278436035,450.57128024829177,192.0,726.5538590794005,0.0,1576.6622659837635,1369.125139327692,27.22150207568803,-3.271025903572669,2,Tarogong Kaler,SRI,12,2017
1354.3999999999999,211.63667707517942,199.74031053615937,473.22139398474064,192.0,697.3448509933316,0.0,1566.0366770751793,1362.5662449780723,31.307898537677982,-3.3963665390200526,1,Tarogong Kaler,SRI,12,2018
1690.3,259.63564691892435,259.63564691892435,502.59735329448915,192.0,1064.286303696066,0.0,1949.9356469189242,1758.8836569905552,29.80045041876713,4.304230536587481,0,Tarogong Kaler,SRI,12,2019
1672.6000000000001,166.93215113210564,166.93215113210562,435.24708032579,192.0,1007.398437947317,0.0,1839.5321511321058,1634.645518273107,32.59276925911158,12.061658588830603,0,Tarogong Kaler,SRI,12,2020
1613.6,75.45033199974588,75.4503319997459,468.75096731597074,192.0,820.4388695436954,0.0,1689.0503319997458,1481.1898368596662,31.60550839287838,16.269124133467844,0,Tarogong Kaler,SRI,12,2021
1447.1,130.16936263027168,130.16936263027168,460.95565275157423,192.0,743.3961136618904,0.0,1577.2693626302716,1396.3517664134647,30.260351639942858,1.826506443287613,0,Tarogong Kaler,SRI,12,2022
1080.9999999999998,311.6546402985581,264.0356608646041,543.7100127587098,190.56,474.0684995792572,0.0,1392.6546402985578,1208.338512337967,22.856330750444446,-15.173063418905224,8,Tarogong Kaler,SRI,12,2023
1476.8,110.94208920165599,110.942089201656,486.5790678712777,192.0,708.6391859389157,0.0,1587.742089201656,1387.2182538101933,30.880998343423553,-1.9391723548734343,3,Tarogong Kaler,SRI,12,2024
2152.5,212.4125487245782,112.41254872457822,444.6440351684317,280.0,1421.7550292202259,100.0,2364.9125487245783,2146.3990643886573,43.54624668412679,34.90964441959984,0,Leles,FL,1,2016
1265.6,214.23705528379622,100.73705528379624,468.7319873755685,280.0,537.7712716594036,100.0,1479.8370552837962,1286.503259034972,34.79193288157552,7.037305212468531,0,Leles,FL,1,2017
1258.7,367.65216752300597,196.8334838492884,482.2988262988687,280.0,686.6362633212196,100.0,1626.352167523006,1448.9350896200883,32.464504505590604,-5.566724017766356,6,Leles,FL,1,2018
1467.6,268.6672841700396,168.66728417003958,484.8826026823707,280.0,770.9625745225705,100.0,1736.2672841700396,1535.8451772049411,38.8008007373927,6.166154312283576,0,Leles,FL,1,2019
1862.1000000000004,269.9640399251398,169.96403992513976,491.1135951688994,280.0,1151.1969623240943,100.0,2132.06403992514,1922.3105574929937,41.6294465031245,13.563146362497044,0,Leles,FL,1,2020
1642.4,195.0427719574817,84.35702136789072,448.69549705983115,280.0,929.6798650738881,100.0,1837.442771957482,1658.3753621337191,38.455302720119704,-1.8807638443470989,2,Leles,FL,1,2021
1353.0,219.189837216789,91.0878910564244,500.3377873731205,280.0,575.7784112712586,100.0,1572.1898372167889,1356.116198644379,37.99653069696583,5.498053839635435,0,Leles,FL,1,2022
1378.1,205.18686685952122,89.98686685952123,484.2989676511345,280.0,608.9439687779357,100.0,1583.286866859521,1373.2429364290701,35.94256374709293,4.488099657473491,0,Leles,FL,1,2023
1115.3000000000002,355.70774641196084,255.70774641196084,551.1186642741205,280.0,470.9770595738599,100.0,1471.007746411961,1302.0957238479805,33.38180172423915,-1.9503362926793484,2,Leles,FL,1,2024
2152.5,112.41254872457819,112.41254872457822,429.90763356707225,192.0,1434.4914308215855,0.0,2264.9125487245783,2056.3990643886577,33.756551120811395,21.500768172469567,0,Leles,SRI,1,2016
1265.6,100.73705528379624,100.73705528379624,452.67014288279734,192.0,528.3284612328564,0.0,1366.3370552837962,1172.9986041156537,26.513501976772737,1.012267069556371,0,Leles,SRI,1,2017
1258.7,210.45415901471586,196.8334838492884,466.029792087375,187.2,670.9160862794622,0.0,1469.1541590147158,1324.1458783668372,24.752208218936367,-31.489391402182704,11,Leles,SRI,1,2018
1467.6,168.66728417003958,168.66728417003958,468.61092027941106,192.0,776.079528348979,0.0,1636.2672841700396,1436.6904486283902,31.19493789484065,7.3941272936452975,0,Leles,SRI,1,2019
1862.1000000000004,169.96403992513976,169.96403992513976,475.0239171615809,192.0,1164.4475543077688,0.0,2032.0640399251402,1831.4714714693496,31.91802194320271,13.088006688464844,0,Leles,SRI,1,2020
1642.4,84.35702136789074,84.35702136789072,433.4491287599484,191.51999999999998,926.2436951410666,0.0,1726.7570213678907,1551.2128239010149,30.057051436872545,-5.40397620123389,2,Leles,SRI,1,2021
1353.0,102.57438407512143,91.0878910564244,483.3801957298281,192.0,574.1205497728836,0.0,1455.5743840751215,1249.5007455027117,29.729453949073275,-2.3864930186970406,1,Leles,SRI,1,2022
1378.1,89.98686685952123,89.98686685952123,468.2932547263946,192.0,604.4079408710319,0.0,1468.0868668595213,1264.7011955974265,25.536092473377966,-5.2055082616023425,4,Leles,SRI,1,2023
1115.3000000000002,255.7077464119608,255.70774641196084,533.063269583569,192.0,463.12997189538174,0.0,1371.007746411961,1188.1932414789508,28.487127762247756,2.8107281851721373,0,Leles,SRI,1,2024
1908.3000000000002,185.60617400754597,71.7034083473827,448.4350644811242,280.0,1189.4041076113517,100.0,2093.9061740075463,1917.839172092476,39.58692896452574,-3.902765660163237,2,Leles,FL,2,2015
1927.2,217.7460594624555,117.74605946245552,444.49206828530487,280.0,1223.9285536062005,100.0,2144.9460594624557,1948.4206218915053,42.611318832983066,10.426606048679243,0,Leles,FL,2,2016
1024.5,282.63418822908693,136.5859991662858,473.1694282199625,280.0,375.987492825691,100.0,1307.134188229087,1129.1569210456537,31.10043911969279,-2.5346961399067727,5,Leles,FL,2,2017
1079.7,414.6853678350219,173.28300989315906,484.52283342294356,280.0,548.6676198182297,100.0,1494.385367835022,1313.1904532411731,27.068733540025725,-4.716671002141587,11,Leles,FL,2,2018
1294.4,277.58172573301204,140.43958125734608,482.39462297953855,280.0,628.900398248934,100.0,1571.9817257330121,1391.2950212284727,37.01627500060563,-4.186621316990818,5,Leles,FL,2,2019
1767.9999999999998,236.9367640712453,118.43676407124532,474.3268221017356,280.0,1075.5762009315335,100.0,2004.936764071245,1829.9030230332692,37.097792491324995,-1.59336028339917,1,Leles,FL,2,2020
1251.0,291.1756077066396,95.12830625589625,465.32577293007944,280.0,574.7816569125288,100.0,1542.1756077066395,1320.1074298426083,30.244209329775618,-5.2749981194384885,7,Leles,FL,2,2021
1081.1,273.6114884834699,155.81148848346987,502.12696882241005,280.0,389.08863442414514,100.0,1354.7114884834698,1171.2156032465552,34.071921453433475,-3.706769917703916,2,Leles,FL,2,2022
1246.1,281.63294115649035,157.67542371840506,491.94038681085243,280.0,581.8931274574825,100.0,1527.7329411564901,1353.833514268335,35.999896888068996,0.2735184281614451,0,Leles,FL,2,2023
1105.4,306.10728845500404,147.19467163036254,531.7952885274849,280.0,428.74883877683675,100.0,1411.507288455004,1240.5441273043216,33.49845074631518,-4.918623792798735,10,Leles,FL,2,2024
1908.3000000000002,71.70340834738272,71.7034083473827,433.51160180054717,191.03999999999996,1188.6643554663256,0.0,1980.003408347383,1813.2159572668727,30.65375111031271,-11.371010262237974,5,Leles,SRI,2,2015
1927.2,117.7460594624555,117.74605946245552,429.5060723330038,192.0,1231.0871796463143,0.0,2044.9460594624557,1852.5932519793182,33.17441055231827,11.251095097702219,0,Leles,SRI,2,2016
1024.5,169.37397476146208,136.5859991662858,456.716209572534,188.15999999999997,374.0410864295201,0.0,1193.873974761462,1018.9172960020541,23.508720019472026,-32.78797559517631,9,Leles,SRI,2,2017
1079.7,269.52202264603363,173.28300989315906,467.4413163785176,178.07999999999998,546.6834599603358,0.0,1349.2220226460336,1192.2047763388534,14.538602921658056,-33.47546135451392,35,Leles,SRI,2,2018
1294.4,140.4395812573461,140.43958125734608,466.1996337607242,189.11999999999998,627.2786791913984,0.0,1434.8395812573463,1282.5983129521226,27.781318381041316,-23.757660740396798,8,Leles,SRI,2,2019
1767.9999999999998,118.43676407124534,118.43676407124532,458.1341539083525,192.0,1046.2865039555868,0.0,1886.436764071245,1696.4206578639394,30.03074804321748,-2.8817431730858027,1,Leles,SRI,2,2020
1251.0,139.31524315530706,95.12830625589625,448.78604815286707,179.04,564.6932459917881,0.0,1390.3152431553071,1192.5192941446553,15.438716638419177,-33.864446412974814,29,Leles,SRI,2,2021
1081.1,155.81148848346987,155.81148848346987,485.101699571478,192.0,362.66804819650145,0.0,1236.9114884834698,1039.7697477679794,26.949870878204063,-2.984351452857857,3,Leles,SRI,2,2022
1246.1,157.67542371840509,157.67542371840506,474.7683449929372,192.0,564.7731139175805,0.0,1403.775423718405,1231.5414589105178,24.496373181821006,-4.025622577522059,5,Leles,SRI,2,2023
1105.4,181.6046512790309,147.19467163036254,513.814844444739,184.79999999999998,424.79987487943964,0.0,1287.004651279031,1123.4147193241786,22.866150125450794,-34.40997964866838,16,Leles,SRI,2,2024
1615.1000000000001,238.4375980322709,56.052257886781,454.9391217382979,280.0,942.2679411388884,100.0,1853.537598032271,1677.2070628771862,33.34127200486403,-4.767895834999374,6,Leles,FL,3,2015
1780.0,134.82407602509383,34.82407602509382,429.9198500725687,280.0,993.6082636529012,100.0,1914.8240760250937,1703.52811372547,40.657306863511145,16.527860627601562,0,Leles,FL,3,2016
802.3,357.9128517359271,143.9554111539207,474.682286233728,280.0,232.15359640668672,100.0,1160.212851735927,986.8358826404148,26.98524330293419,-4.920151134626251,7,Leles,FL,3,2017
865.6999999999999,422.88669561198276,101.91643767292067,499.7640855126778,280.0,334.40622164060443,100.0,1288.5866956119826,1114.1703071532822,20.373128408208835,-5.481061353478694,13,Leles,FL,3,2018
1053.1,359.3299146397319,118.31463434221243,484.983471925589,280.0,475.79904981652624,100.0,1412.4299146397318,1240.7825217421153,30.126740018539895,-4.457686345863923,13,Leles,FL,3,2019
1493.0,171.57027928073407,71.57027928073406,458.47390666358694,280.0,729.0834159284266,100.0,1664.570279280734,1467.5573225920134,37.80345977726213,16.989461129783173,0,Leles,FL,3,2020
1090.8,296.4650412011605,159.80631265540148,473.7651205120532,280.0,423.06036930810626,100.0,1387.2650412011603,1176.8254898201594,31.171338621415472,-2.2957077357449176,3,Leles,FL,3,2021
949.6,286.227790530868,175.42779053086798,484.68363608513414,280.0,277.05424477191195,100.0,1235.827790530868,1041.737880857046,36.44012470071956,5.219546083919729,0,Leles,FL,3,2022
1030.9,319.81548279649985,127.0753395561591,480.62030764628594,280.0,399.0720214803067,100.0,1350.7154827965,1159.6923291265925,27.30057819913696,-3.5105401639529163,5,Leles,FL,3,2023
914.8,315.0821944033116,137.36916279945072,520.1702784301726,280.0,259.2037333735018,100.0,1229.8821944033116,1059.3740118036744,28.21679482578025,-4.982223078983339,6,Leles,FL,3,2024
1615.1000000000001,88.36870753017791,56.052257886781,439.616234978469,179.51999999999998,940.7181000413941,0.0,1703.468707530178,1559.8543350198631,19.730788395934525,-34.02005334403407,30,Leles,SRI,3,2015
1780.0,34.82407602509382,34.82407602509382,415.1704884999831,192.0,995.681465842191,0.0,1814.8240760250937,1602.851954342174,32.09345873985636,14.648708537949636,0,Leles,SRI,3,2016
802.3,207.21441529320683,143.9554111539207,458.45465759681764,181.91999999999996,221.72502950530094,0.0,1009.5144152932068,862.0996871021184,15.122867344073482,-30.882392039050377,27,Leles,SRI,3,2017
865.6999999999999,293.2808074401463,101.91643767292067,482.6950012096885,165.11999999999998,352.1652648215303,0.0,1158.9808074401462,999.9802660312188,2.804501583987001,-33.087091853092446,61,Leles,SRI,3,2018
1053.1,246.4021320552456,118.31463434221243,468.77067524079143,176.64,485.5196893133515,0.0,1299.5021320552455,1130.930364554143,15.854174434962376,-33.39098210517312,35,Leles,SRI,3,2019
1493.0,71.57027928073407,71.57027928073406,442.88059850968386,192.0,736.0299126516534,0.0,1564.570279280734,1370.9105111613371,28.688489987362388,9.223727433005756,0,Leles,SRI,3,2020
1090.8,192.573618750092,159.80631265540148,457.268948753534,182.88,437.82383179674866,0.0,1283.373618750092,1077.9727805502826,17.6047247263912,-27.767306094690504,27,Leles,SRI,3,2021
949.6,175.42779053086798,175.42779053086798,467.9889189457896,192.0,263.0418794398278,0.0,1125.027790530868,923.0307983856173,26.85911911104584,3.7745291216218124,0,Leles,SRI,3,2022
1030.9,157.36229049391804,127.0753395561591,463.7174047503273,179.51999999999998,376.5076285955507,0.0,1188.262290493918,1019.745033345878,16.000137441907427,-25.486950937758937,28,Leles,SRI,3,2023
914.8,198.28270997203907,137.36916279945072,502.5039700822044,178.56,265.91165902483,0.0,1113.082709972039,946.9756291070344,15.292468118636926,-32.06826199278854,32,Leles,SRI,3,2024
1048.8,345.8390889147853,60.64562634537607,465.58567770572984,280.0,465.1118019287698,100.0,1394.6390889147851,1210.6974796344996,25.404449082704033,-5.131655816918479,13,Leles,FL,4,2015
1131.4,210.18398708002346,60.8621334541036,437.62149364332845,280.0,447.3820197298294,100.0,1341.5839870800235,1165.0035133731578,33.25557457357214,-4.19858551261397,11,Leles,FL,4,2016
550.0999999999999,460.35623865808384,187.32166168585545,472.37107971985523,280.0,79.98834092143974,100.0,1010.4562386580837,832.3594206412951,19.136683482685577,-5.328732556829696,10,Leles,FL,4,2017
462.0,604.2518528571766,140.64364529863386,496.7843723772863,280.0,117.22415224826463,100.0,1066.2518528571766,894.0085246255509,7.693497032227716,-2.489844998013915,13,Leles,FL,4,2018
582.1999999999999,511.5740521723578,151.1399349655155,486.7071658735248,280.0,149.46493096933187,100.0,1093.7740521723576,916.1720968428567,20.995939216374705,-1.8308489805964347,10,Leles,FL,4,2019
907.0,347.89793725598383,151.2380261941285,456.69994864859063,280.0,338.7144841018916,100.0,1254.8979372559838,1075.4144327504823,32.20632630142982,-5.083109097857585,8,Leles,FL,4,2020
923.2,343.9557339712471,97.87904415914726,474.67703170099026,280.0,335.592120307369,100.0,1267.1557339712472,1090.2691520083592,22.30705090934551,-2.086689732443232,5,Leles,FL,4,2021
802.1000000000001,298.1271754031967,125.82525522679394,478.3460111687596,280.0,155.46200982208174,100.0,1100.2271754031967,913.8080209908413,24.37989287478972,-4.302214672236274,5,Leles,FL,4,2022
816.0,405.52167240513245,177.85883757120916,496.3809927055787,280.0,269.61803100685773,100.0,1221.5216724051324,1045.9990237124364,25.69764100680684,-5.516753872009628,6,Leles,FL,4,2023
651.0,411.329235712725,154.12949576775878,505.6431453080884,280.0,106.9139205191295,100.0,1062.329235712725,892.5570658272179,17.408801618138035,-4.762901246563617,7,Leles,FL,4,2024
1048.8,223.0574357016574,60.64562634537607,449.40625430377656,171.35999999999999,480.558730537502,0.0,1271.8574357016573,1101.3249848412786,8.940632572847637,-33.04868573806938,48,Leles,SRI,4,2015
1131.4,60.8621334541036,60.8621334541036,423.2201052560474,184.79999999999998,420.27490856330223,0.0,1192.2621334541036,1028.2950138193496,22.733076153884063,-24.632397317502942,19,Leles,SRI,4,2016
550.0999999999999,316.4781264866479,187.32166168585545,456.83548137328177,169.91999999999996,95.22898454914711,0.0,866.5781264866478,721.9844659224289,3.7097191116842088,-33.01823543096415,52,Leles,SRI,4,2017
462.0,441.98395286170296,140.64364529863386,480.5094201217836,162.23999999999995,117.22415224826463,0.0,903.983952861703,759.9735723700481,-8.460240240974143,-33.38440230945574,81,Leles,SRI,4,2018
582.1999999999999,376.66109262146387,151.1399349655155,470.16686074297644,167.03999999999996,169.5149600722402,0.0,958.8610926214637,806.7218208152167,4.743563122669478,-33.027000534343316,58,Leles,SRI,4,2019
907.0,182.5197483784502,151.2380261941285,442.0187275605124,183.35999999999999,308.90441961641994,0.0,1089.5197483784502,934.2831471769323,20.2735628532445,-31.581722184321702,23,Leles,SRI,4,2020
923.2,200.03353257477244,97.87904415914726,459.003578626008,178.56,313.68242589465785,0.0,1123.2335325747724,951.2460045206658,7.250937626364058,-34.02490920158228,48,Leles,SRI,4,2021
802.1000000000001,125.82525522679394,125.82525522679394,462.908124670426,185.76,114.1670506381468,0.0,927.9252552267941,762.8351753085728,15.212769638231531,-25.809723160649078,17,Leles,SRI,4,2022
816.0,254.48073412435926,177.85883757120916,480.35059424094965,176.64,253.3638805888235,0.0,1070.4807341243593,910.354474829773,11.370027277583265,-26.68970357661385,41,Leles,SRI,4,2023
651.0,304.37020733700035,154.12949576775878,488.9697756795864,173.27999999999997,130.7185115377202,0.0,955.3702073370004,792.9682872173066,3.8171750412050693,-30.58471845628519,55,Leles,SRI,4,2024
647.1999999999999,505.8338349741362,57.233745302655336,491.64359986584714,280.0,196.85352136716713,100.0,1153.0338349741362,968.4971212330142,12.048110826716213,-4.05079513093699,10,Leles,FL,5,2015
857.5,246.55249755863542,73.121347013974,440.9030045700647,280.0,192.4484835675524,100.0,1104.0524975586354,913.351488137617,26.449082387637425,-4.998195339146799,9,Leles,FL,5,2016
366.29999999999995,598.7084654407205,181.7116181583111,470.76418597959486,280.0,39.276013253963825,100.0,965.0084654407204,790.0401992335587,12.205293360332767,-2.3971371830412735,8,Leles,FL,5,2017
147.60000000000002,820.0520724242326,269.53130310298275,508.5059295276128,280.0,9.077732023572725,100.0,967.6520724242326,797.5836615511855,7.320131804579774,-2.996685992019967,11,Leles,FL,5,2018
351.3,690.1284685773568,142.169048728991,510.84151034843467,280.0,71.07610290547339,100.0,1041.4284685773569,861.917613253908,8.276076698948016,-2.986946577731355,10,Leles,FL,5,2019
633.4,430.0395169519221,153.11576818033922,456.3948478457913,280.0,155.77417646577766,100.0,1063.439516951922,892.1690243115688,17.29521076046616,-4.234431449754439,11,Leles,FL,5,2020
586.0,571.6808686232832,262.74420473592676,478.6425083707501,280.0,224.4911154184216,100.0,1157.6808686232832,983.1336237891717,23.582038757305725,-4.841381855844367,13,Leles,FL,5,2021
530.5,442.54348643248505,197.6901693366391,479.5252455704916,280.0,45.43518972178138,100.0,973.043486432485,804.960435292273,17.77413272279395,-4.968727451199123,12,Leles,FL,5,2022
619.9000000000001,519.9216286551936,183.66189294444325,497.64013453804705,280.0,186.4605399555443,100.0,1139.8216286551938,964.1006744935913,18.95686656074306,-3.5239489266825963,11,Leles,FL,5,2023
381.59999999999997,613.8639361376752,199.25266080723043,512.8831575050133,280.0,33.62717436365023,100.0,995.4639361376751,826.5103318686636,13.05708543951208,-3.3037945470208347,12,Leles,FL,5,2024
647.1999999999999,355.4406595122455,57.233745302655336,474.534799519075,160.32,196.85352136716713,0.0,1002.6406595122454,831.7083208862421,-7.85648655123453,-32.35857030015692,78,Leles,SRI,5,2015
857.5,103.55132092234909,73.121347013974,426.5465796607599,179.51999999999998,171.06406910934652,0.0,961.0513209223491,777.1306487701064,14.117003376813953,-32.92997390837509,34,Leles,SRI,5,2016
366.29999999999995,439.11222564996535,181.7116181583111,455.48868653118154,166.55999999999997,39.276013253963825,0.0,805.4122256499653,661.3246997851453,-4.874295855996933,-33.233319640795294,72,Leles,SRI,5,2017
147.60000000000002,672.4936566366905,269.53130310298275,491.82212646477836,156.47999999999996,9.077732023572725,0.0,820.0936566366905,657.379858488351,-10.884709969019271,-35.15739315041299,89,Leles,SRI,5,2018
351.3,517.4323834183228,142.169048728991,493.4282048399919,158.39999999999998,71.07610290547339,0.0,868.7323834183228,722.9043077454653,-9.179549010212586,-33.66338943303255,84,Leles,SRI,5,2019
633.4,279.7850863085783,153.11576818033922,441.4393569774006,172.32,128.28661015498403,0.0,913.1850863085783,742.0459671323846,3.3532094934540586,-33.786576174104134,52,Leles,SRI,5,2020
586.0,419.2317379029149,262.74420473592676,463.1229856510271,176.64,213.2620085382634,0.0,1005.2317379029149,853.0249941892905,8.872269402463601,-32.532209182822996,48,Leles,SRI,5,2021
530.5,281.21366044011177,197.6901693366391,464.2445536271015,174.71999999999997,22.145099514965192,0.0,811.7136604401118,661.1096531420666,5.699273590189067,-31.309073484505745,42,Leles,SRI,5,2022
619.9000000000001,370.6605510445869,183.66189294444325,481.58774663292246,164.64,181.86736871203973,0.0,990.560551044587,828.0951153449621,-0.19884159079020675,-31.431649567983825,65,Leles,SRI,5,2023
381.59999999999997,463.32735399956164,199.25266080723043,496.40849645785727,162.71999999999997,39.21910674435051,0.0,844.9273539995615,698.3476032022077,-5.999675882122861,-33.41136635172099,76,Leles,SRI,5,2024
173.90000000000003,838.8380902021302,274.30168598578365,541.7471784794807,280.0,13.543216293723457,100.0,1012.7380902021303,835.2903947732042,7.312217813502597,-3.7537511953979426,10,Leles,FL,6,2015
704.1,343.4766035846494,178.49265902961912,455.06611825130494,280.0,97.80426482716868,100.0,1047.5766035846495,832.8703830784737,18.39121756300137,0.5903716738167422,0,Leles,FL,6,2016
169.6,789.4994492334922,304.1802280338137,499.1623325195528,280.0,0.0,100.0,959.0994492334922,779.1623325195528,8.471665335446387,-3.7751492222981975,11,Leles,FL,6,2017
72.60000000000001,916.4117553043698,325.5887278681243,531.3631992669712,280.0,0.0,100.0,989.0117553043698,811.3631992669712,6.979790906566569,-5.910350967368855,11,Leles,FL,6,2018
84.6,943.064092146059,298.07400761073353,553.0492562217946,280.0,16.616477980444486,100.0,1027.664092146059,849.6657342022392,6.851771506247536,-4.80664624109227,11,Leles,FL,6,2019
366.69999999999993,614.5124276893604,212.95470164687012,483.7192820281028,280.0,34.00103720526601,100.0,981.2124276893603,797.7203192333687,12.271943185839332,-4.909690962524829,11,Leles,FL,6,2020
552.3,563.8207726453855,240.53025911957977,481.7333471330199,280.0,174.82563479198922,100.0,1116.1207726453854,936.558981925009,17.97391761412822,-5.5574750037359895,10,Leles,FL,6,2021
455.20000000000005,511.5995975538527,235.3401676656932,485.39895953913134,280.0,17.169245672789327,100.0,966.7995975538527,782.5682052119206,16.454907822838187,-6.6099500344196835,5,Leles,FL,6,2022
337.5,718.5879201845992,227.6028551762727,521.7563757351774,280.0,74.11465711642299,100.0,1056.0879201845992,875.8710328516004,11.150275971146753,-3.9160969167971285,11,Leles,FL,6,2023
262.9,760.3066292343531,285.44446985088376,539.6673747071943,280.0,27.030242978770424,100.0,1023.206629234353,846.6976176859647,11.134699858204376,-4.653859640205985,8,Leles,FL,6,2024
173.90000000000003,667.6312336586889,274.30168598578365,523.1750787439565,159.35999999999999,13.543216293723457,0.0,841.531233658689,696.07829503768,-9.359165825849914,-32.10116198367968,85,Leles,SRI,6,2015
704.1,244.08845267882361,178.49265902961912,439.34749027804787,181.92,118.20129885055378,0.0,948.1884526788236,739.4687891286017,8.056655111790755,-27.40500743323926,27,Leles,SRI,6,2016
169.6,635.9690503294148,304.1802280338137,482.5750776982927,161.76,0.0,0.0,805.5690503294148,644.3350776982927,-6.773861610800997,-34.99978821939187,78,Leles,SRI,6,2017
72.60000000000001,743.0589130226922,325.5887278681243,513.3045316933926,160.32,0.0,0.0,815.6589130226922,673.6245316933926,-9.804067932109565,-35.07788741402095,84,Leles,SRI,6,2018
84.6,777.5127612964357,298.07400761073353,534.0632307664994,157.44,16.616477980444486,0.0,862.1127612964357,708.119708746944,-10.692765361576255,-35.347867901916416,88,Leles,SRI,6,2019
366.69999999999993,441.7010264912045,212.95470164687012,467.2605010517498,161.75999999999996,30.61544792831789,0.0,808.4010264912044,659.6359489800676,-4.320239167738256,-32.790957755792526,74,Leles,SRI,6,2020
552.3,421.3155715312033,240.53025911957977,465.4712577228893,165.11999999999998,192.77839121042928,0.0,973.6155715312033,823.3696489333186,0.49597809719006086,-30.692794608811603,67,Leles,SRI,6,2021
455.20000000000005,362.2182265455372,235.3401676656932,468.7959352588001,167.04,6.143524317074782,0.0,817.4182265455372,641.9794595758749,-0.5226037726677535,-28.05150811561784,61,Leles,SRI,6,2022
337.5,546.9842588634069,227.6028551762727,503.9708601832188,162.23999999999998,56.53432592890325,0.0,884.4842588634069,722.745186112122,-4.808071925329468,-31.991135297089702,75,Leles,SRI,6,2023
262.9,622.6759403154365,285.44446985088376,521.2613252138299,163.67999999999998,38.22820736177508,0.0,885.5759403154365,723.1695325756049,-6.040070724466689,-34.612341492028996,75,Leles,SRI,6,2024
213.19999999999996,837.7438934744791,292.01100518882373,580.1973096059526,280.0,12.867856962380525,100.0,1050.9438934744792,873.0651665683331,9.696152240860286,-7.241631233527779,3,Leles,FL,7,2015
969.3999999999999,389.8455331723583,235.3385992072137,454.67994827522716,280.0,419.50208518554274,100.0,1359.2455331723581,1154.1820334607698,28.88408619472098,5.67375905221245,0,Leles,FL,7,2016
332.70000000000005,723.0498282412715,277.73970662656507,508.64478574974225,280.0,87.13818674123357,100.0,1055.7498282412716,875.7829724909758,12.346480247291066,-3.1660009144827432,1,Leles,FL,7,2017
73.10000000000001,946.2671171774991,312.7806028961785,565.218986327968,280.0,0.0,100.0,1019.3671171774992,845.218986327968,6.660510747085206,-4.8167356741940655,13,Leles,FL,7,2018
49.99999999999999,1007.5495089468561,343.06279477211746,601.1936648113291,280.0,0.0,100.0,1057.5495089468561,881.1936648113291,6.649723953901477,-4.754108019849159,10,Leles,FL,7,2019
340.9,673.6478257517906,233.54748320174244,512.0325857401917,280.0,38.257407187312324,100.0,1014.5478257517906,830.289992927504,9.844521127205494,-5.597433320407247,9,Leles,FL,7,2020
399.79999999999995,615.054518995007,208.46591859725874,503.2079057061211,280.0,46.4911018738019,100.0,1014.854518995007,829.699007579923,9.422500214412445,-6.022835492669139,11,Leles,FL,7,2021
509.1,526.1610282468714,217.69641033461656,493.8546920077384,280.0,54.923853385741495,100.0,1035.2610282468713,828.7785453934798,16.575953600777694,-2.6494466218526362,3,Leles,FL,7,2022
205.2,866.4319456181007,268.50094483431,575.5269172791393,280.0,42.85108949754804,100.0,1071.6319456181006,898.3780067766874,8.837247184472773,-5.635930722734431,12,Leles,FL,7,2023
240.1,810.4698350897521,286.09456134822364,568.2334713004565,280.0,23.01621072748459,100.0,1050.5698350897521,871.249682027941,9.699170946703337,-6.224838393992793,14,Leles,FL,7,2024
213.19999999999996,650.2701457032215,292.01100518882373,559.4969279923927,162.71999999999997,1.9011998880853902,0.0,863.4701457032214,724.118127880478,-9.086905429209166,-35.74442925764194,84,Leles,SRI,7,2015
969.3999999999999,258.1335653654603,235.3385992072137,438.49411486446,181.92,409.5351129381463,0.0,1227.5335653654602,1029.9492278026064,13.57199486404666,-20.924939733683324,29,Leles,SRI,7,2016
332.70000000000005,608.8469033418523,277.73970662656507,490.01581332222287,170.88,96.5061784827566,0.0,941.5469033418524,757.4019918049795,-1.0226716519699544,-29.406885657944756,61,Leles,SRI,7,2017
73.10000000000001,789.7515302432864,312.7806028961785,545.2646216157837,156.95999999999998,0.0,0.0,862.8515302432864,702.2246216157837,-10.136497110315482,-32.88070549163669,90,Leles,SRI,7,2018
49.99999999999999,853.8018337263813,343.06279477211746,579.636113996704,156.47999999999996,0.0,0.0,903.8018337263813,736.1161139967039,-11.345701269399965,-34.30117443745265,90,Leles,SRI,7,2019
340.9,522.2163184046898,233.54748320174244,493.36150958008716,159.35999999999999,38.24330037766937,0.0,863.1163184046898,690.9648099577565,-9.249101190640005,-33.65143758742199,90,Leles,SRI,7,2020
399.79999999999995,460.8805248341041,208.46591859725874,485.8233520714963,164.64,49.66021607420775,0.0,860.6805248341041,700.123568145704,-6.6007651319899505,-31.198056802704357,75,Leles,SRI,7,2021
509.1,376.7207645649799,217.69641033461656,476.0551225360018,174.72,31.054300175948057,0.0,885.82076456498,681.8294227119499,2.1366422301520585,-28.4667778349149,49,Leles,SRI,7,2022
205.2,694.8530999119707,268.50094483431,554.8613157249333,156.95999999999998,42.97022146953622,0.0,900.0530999119708,754.7915371944696,-8.374867231225208,-33.7700713447953,87,Leles,SRI,7,2023
240.1,613.4309299010858,286.09456134822364,547.8222915556813,159.83999999999997,4.51120082495998,0.0,853.5309299010859,712.1734923806413,-9.125206209445496,-34.92406736906322,82,Leles,SRI,7,2024
346.99999999999994,862.8431734125779,328.8415977373022,610.5893666534811,280.0,106.62876204479625,100.0,1209.843173412578,997.2181286982773,14.364571993227846,-3.9994280777522473,3,Leles,FL,8,2015
1472.1999999999998,403.6175685434187,229.68339213859764,453.5935341370923,280.0,922.273244542544,100.0,1875.8175685434185,1655.8667786796364,34.17769443699009,4.6747447570976135,0,Leles,FL,8,2016
447.7,702.8822617504154,315.64274199726106,526.1560922684163,280.0,132.26783526868053,100.0,1150.5822617504155,938.4239275370968,17.314536808028205,-1.0245445038685004,3,Leles,FL,8,2017
200.50000000000006,855.5363054412949,343.0238139181213,577.3209295159786,280.0,6.110116352973847,100.0,1056.0363054412949,863.4310458689524,10.17523685927412,-1.5920338377385486,5,Leles,FL,8,2018
123.0,964.6687018687071,341.0396990696308,640.6784556190835,280.0,0.0,100.0,1087.668701868707,920.6784556190835,7.10826905686987,-6.836398722198793,9,Leles,FL,8,2019
503.0,614.639096193084,314.65624134945676,521.8451943771561,280.0,112.3759852715686,100.0,1117.639096193084,914.2211796487247,17.882362226707965,1.6674225251618333,0,Leles,FL,8,2020
574.6000000000001,614.7071617042493,319.7226063138684,518.9896716302305,280.0,175.35571348801057,100.0,1189.3071617042494,974.3453851182411,16.148298106509397,-1.5369322275988306,3,Leles,FL,8,2021
779.0,554.0367349217581,280.3708585352837,503.1295343615064,280.0,332.9578137934309,100.0,1333.0367349217581,1116.0873481549372,25.745212102678497,-0.6391783426504727,1,Leles,FL,8,2022
200.1,937.8034063458527,305.5598547060822,625.1583246043035,280.0,53.94637917620611,100.0,1137.9034063458528,959.1047037805097,6.347554826290761,-5.692586361197346,11,Leles,FL,8,2023
319.69999999999993,779.648127765671,316.81189237197714,599.2055937332143,280.0,34.80261824027181,100.0,1099.348127765671,914.0082119734861,9.67463915257746,-5.351867761097347,5,Leles,FL,8,2024
346.99999999999994,685.010695589343,328.8415977373022,588.1097268270889,167.04,74.23592404795357,0.0,1032.010695589343,829.3856508750425,-2.5961752812431396,-34.618213068644195,70,Leles,SRI,8,2015
1472.1999999999998,268.3940097878475,229.68339213859764,438.41575318221123,192.0,900.2274667418538,0.0,1740.5940097878474,1530.643219924065,23.75927076864512,-4.365804737145231,8,Leles,SRI,8,2016
447.7,570.5431280931275,315.64274199726106,507.4014231303903,172.8,135.0409601901916,0.0,1018.2431280931276,815.242383320582,-0.026832502748886357,-27.240735015547898,59,Leles,SRI,8,2017
200.50000000000006,726.6184317695646,343.0238139181213,556.3153568397003,166.07999999999998,18.75527111760333,0.0,927.1184317695647,741.1506279573036,-4.3557332363913535,-29.446870946535356,77,Leles,SRI,8,2018
123.0,811.7782624571947,341.0396990696308,617.227536118443,160.8,0.0,0.0,934.7782624571947,778.0275361184431,-9.687926981782224,-32.66472654070893,89,Leles,SRI,8,2019
503.0,492.2164354584938,314.65624134945676,503.2504378624944,175.68,109.10173319280877,0.0,995.2164354584938,788.0321710553031,4.300614917299665,-25.378925710398995,48,Leles,SRI,8,2020
574.6000000000001,506.9096960703492,319.7226063138684,500.3970964331936,173.76,202.39082305114738,0.0,1081.5096960703493,876.547919484341,2.278026014171477,-28.03462786342581,52,Leles,SRI,8,2021
779.0,398.3918773907417,280.3708585352837,485.7451135770307,184.32,300.37737704689,0.0,1177.3918773907417,970.4424906239205,13.037668465905663,-22.786616516888753,25,Leles,SRI,8,2022
200.1,764.4867983952047,305.5598547060822,601.922338989337,156.95999999999998,53.94637917620611,0.0,964.5867983952047,812.8287181655433,-11.195734135290992,-33.85409018682588,94,Leles,SRI,8,2023
319.69999999999993,610.4978693010861,316.81189237197714,577.4758346171191,162.71999999999997,16.546975871638995,0.0,930.197869301086,756.7428104887581,-7.936346602852089,-31.240766663876904,83,Leles,SRI,8,2024
821.4999999999998,733.6051213243486,348.3835639047631,594.230181071008,280.0,475.02081369220843,100.0,1555.1051213243484,1349.2509947632166,25.369415305486985,-0.8293357324703114,1,Leles,FL,9,2015
1826.8,348.61371339720193,207.47555410311037,451.2523634380186,280.0,1230.191148442024,100.0,2175.4137133972017,1961.4435118800427,38.493622032022245,5.461919069334349,0,Leles,FL,9,2016
716.3000000000001,605.7658202112569,349.03305466490957,516.8925006552538,280.0,314.97563259927693,100.0,1322.065820211257,1111.8681332545307,29.34125934628145,0.24659014161109472,0,Leles,FL,9,2017
430.69999999999993,725.0468246866601,346.18870617843083,570.2983533581037,280.0,105.60239231179756,100.0,1155.7468246866601,955.9007456699012,16.704281148087365,-3.3185333421989567,4,Leles,FL,9,2018
367.09999999999997,809.2516343536787,354.0425713927422,645.2563798087009,280.0,45.43420771321008,100.0,1176.3516343536787,970.690587521911,16.48532994661665,-2.8414270509814923,3,Leles,FL,9,2019
846.3,531.3642984733322,301.0271811999736,514.3249012393476,280.0,370.76711874237924,100.0,1377.664298473332,1165.092019981727,30.828959083285536,4.882342601870306,0,Leles,FL,9,2020
922.4000000000001,516.158128089925,298.29039264223366,517.1239173758063,280.0,428.00533452415607,100.0,1438.558128089925,1225.1292518999624,24.318241761523495,2.173991399430533,0,Leles,FL,9,2021
1057.4,475.78535545002524,304.9613607327352,511.1937078567597,280.0,533.6254840709464,100.0,1533.1853554500253,1324.819191927706,35.30821321773508,4.445577688770015,0,Leles,FL,9,2022
218.39999999999998,879.1075361664707,345.6524735614041,647.4547158754883,280.0,0.0,100.0,1097.5075361664708,927.4547158754883,10.314799715492924,-4.205070029467507,3,Leles,FL,9,2023
740.4,657.7576862559146,358.9568796207124,591.0623903819713,280.0,327.7357861989884,100.0,1398.1576862559145,1198.7981765809598,23.252920069725675,1.176365095946454,0,Leles,FL,9,2024
821.4999999999998,584.6588328467619,348.3835639047631,573.4554722216495,181.44,455.40923406398,0.0,1406.1588328467617,1210.3047062856294,12.359826017436841,-30.008894761921102,37,Leles,SRI,9,2015
1826.8,228.5786821170624,207.47555410311037,436.7708720908,192.0,1222.637608509103,0.0,2055.3786821170625,1851.4084805999032,28.81919988504352,-1.6584099223609323,3,Leles,SRI,9,2016
716.3000000000001,459.635394379682,349.03305466490957,500.08298779075665,187.67999999999998,287.974719632199,0.0,1175.935394379682,975.7377074229556,14.880636014346576,-12.638090810451697,23,Leles,SRI,9,2017
430.69999999999993,595.6177609894418,346.18870617843083,550.866276595415,179.52,103.56504232255575,0.0,1026.3177609894417,833.9513189179708,4.983275076073462,-28.583728223349908,45,Leles,SRI,9,2018
367.09999999999997,688.4129511469914,354.0425713927422,622.4675475866458,172.32,65.06435672857788,0.0,1055.5129511469913,859.8519043152237,0.8265035661436366,-29.42725452261205,64,Leles,SRI,9,2019
846.3,393.75258701703194,301.0271811999736,497.300157237124,187.67999999999998,352.5001512883026,0.0,1240.0525870170318,1037.4803085254266,15.76166283202693,-19.254693179157616,22,Leles,SRI,9,2020
922.4000000000001,376.51303194885315,298.29039264223366,499.47159014740237,182.39999999999998,413.6125656114883,0.0,1298.9130319488531,1095.4841557588907,13.325213768155523,-24.468702848816665,28,Leles,SRI,9,2021
1057.4,330.5891708477752,304.9613607327352,494.3305987254412,190.07999999999998,504.3796418886834,0.0,1387.9891708477753,1188.7902406141245,23.911803360593947,-17.537384511463042,9,Leles,SRI,9,2022
218.39999999999998,710.8247439487784,345.6524735614041,624.5441695443991,165.59999999999997,0.0,0.0,929.2247439487784,790.1441695443991,-5.634651159145923,-30.805310398170644,78,Leles,SRI,9,2023
740.4,539.1877593965239,358.9568796207124,570.7351039690511,179.52,339.1333663971872,0.0,1279.5877593965238,1089.3884703662384,8.442052662743068,-29.033007370195005,39,Leles,SRI,9,2024
1113.0,581.5962402013562,336.7409511514184,572.0811496766194,280.0,642.069859327132,100.0,1694.596240201356,1494.1510090037514,31.635696719249392,4.24947852774947,0,Leles,FL,10,2015
1872.6,237.5473256735113,137.5473256735113,447.3483232156704,280.0,1170.2155443527752,100.0,2110.147325673511,1897.5638675684456,40.075278181626075,5.9117403479291735,0,Leles,FL,10,2016
915.5,438.8315156744369,293.55446866879055,505.2392235248901,280.0,386.289564320515,100.0,1354.331515674437,1171.528787845405,30.39790958591597,-2.0136583316584566,3,Leles,FL,10,2017
717.8,613.5636907495877,341.533175354043,553.7657026102358,280.0,292.98992937758993,100.0,1331.3636907495877,1126.7556319878258,27.662849002921067,4.147515796367504,0,Leles,FL,10,2018
719.6,663.1924887320876,357.23794058571616,622.3473062447617,280.0,283.34581210302485,100.0,1382.7924887320876,1185.6931183477866,26.82827901896267,1.3072399198536546,0,Leles,FL,10,2019
1384.6999999999998,480.66805219391426,315.657491348309,494.4758054985371,280.0,890.8499607211081,100.0,1865.368052193914,1665.3257662196452,37.0387368764538,4.851992710846362,0,Leles,FL,10,2020
1274.9,471.1757930234607,251.5308700585884,513.7754791187718,280.0,740.7971477319471,100.0,1746.0757930234608,1534.572626850719,33.32520895640016,4.465653478480163,0,Leles,FL,10,2021
1282.1999999999998,352.5865448039366,252.58654480393653,500.41307395221986,280.0,658.6749809662451,100.0,1634.7865448039365,1439.0880549184649,40.11285747255808,7.450553380744651,0,Leles,FL,10,2022
531.5999999999999,745.4639852826376,364.30657257977185,642.3548453975665,280.0,155.95258257302362,100.0,1277.0639852826375,1078.3074279705902,20.154849661206953,-1.548046029537045,2,Leles,FL,10,2023
1049.2,560.3557936228538,281.25972554307776,557.3058896586551,280.0,568.0695156837605,100.0,1609.5557936228538,1405.3754053424157,31.282147222692256,3.099147628655026,0,Leles,FL,10,2024
1113.0,429.63351643549527,336.7409511514184,554.2865168976998,185.76,612.1417683401904,0.0,1542.6335164354953,1352.1882852378903,20.523805426765115,-23.964201780638945,18,Leles,SRI,10,2015
1872.6,137.5473256735113,137.5473256735113,432.6645309713224,192.0,1182.0661654943626,0.0,2010.1473256735112,1806.730696465685,31.510401014861444,6.579843639406805,0,Leles,SRI,10,2016
915.5,293.5544686687905,293.55446866879055,489.1789274731085,188.15999999999997,352.2602760220036,0.0,1209.0544686687904,1029.599203495112,18.490368967765892,-13.534779453541912,14,Leles,SRI,10,2017
717.8,452.8551471644113,341.533175354043,536.4862945505491,184.8,254.76079385210005,0.0,1170.6551471644111,976.0470884026493,16.422913247406985,-16.259231454074076,26,Leles,SRI,10,2018
719.6,524.9866888365839,357.23794058571616,602.0387406771016,181.92000000000002,273.16416933970373,0.0,1244.586688836584,1057.1229100168052,10.514720594213275,-25.731159389016035,37,Leles,SRI,10,2019
1384.6999999999998,349.4823026213213,315.657491348309,479.0914646308549,192.0,869.7144507708804,0.0,1734.182302621321,1540.8059154017353,25.911732770066287,-3.860515136396106,7,Leles,SRI,10,2020
1274.9,319.13745508300906,251.5308700585884,497.2648583159144,189.59999999999997,705.6694305943529,0.0,1594.0374550830093,1392.5342889102672,22.441686989904433,-14.52022924912623,16,Leles,SRI,10,2021
1282.1999999999998,252.58654480393656,252.58654480393653,484.20451843152364,192.0,665.3376680188342,0.0,1534.7865448039363,1341.5421864503578,31.484160133770047,8.287676614598663,0,Leles,SRI,10,2022
531.5999999999999,590.5809270257357,364.30657257977185,621.0560173429722,173.28,139.08835237071594,0.0,1122.1809270257356,933.4243697136881,0.2879085709710367,-30.923794298630824,58,Leles,SRI,10,2023
1049.2,407.1776528133368,281.25972554307776,539.7680538026642,188.64,533.7892107302342,0.0,1456.377652813337,1262.1972645328983,16.46642756297526,-22.706967353034063,21,Leles,SRI,10,2024
1638.1000000000001,456.1970718682653,324.2890928395531,516.5278766377796,280.0,1100.1151149138539,100.0,2094.2970718682654,1896.6429915516335,39.74911714862714,6.358870438464392,0,Leles,FL,11,2015
1825.2999999999997,178.8285934382844,78.82859343828439,440.73104810863754,280.0,1069.947032710386,100.0,2004.128593438284,1790.6780808190238,40.565560832590826,6.434186688668563,0,Leles,FL,11,2016
1025.7,394.1102259380742,254.423357650055,472.85262160446104,280.0,465.9407453423769,100.0,1419.8102259380744,1218.793366946838,35.5549997654166,3.698332926626418,0,Leles,FL,11,2017
1131.9,438.2712039236937,321.47120392369357,523.8484260867067,280.0,565.9562413480704,100.0,1570.1712039236938,1369.804667434777,36.313499933699035,9.441912783783154,0,Leles,FL,11,2018
1289.1,526.3519289244035,353.68436170807183,573.4699057303908,280.0,766.9836113652015,100.0,1815.4519289244035,1620.4535170955924,36.21628830105223,5.11791795564393,0,Leles,FL,11,2019
1625.5,273.2137761323396,173.2137761323396,451.71104225463387,280.0,952.5008835877874,100.0,1898.7137761323397,1684.2119258424214,36.67681092577968,9.386660479750567,0,Leles,FL,11,2020
1367.6000000000004,375.89682613463464,265.5968261346346,508.1577933961406,280.0,756.6620356395988,100.0,1743.496826134635,1544.8198290357395,39.64812834154665,14.159394805414893,0,Leles,FL,11,2021
1495.1999999999998,257.9672249513509,135.3833370667653,474.66224904595555,280.0,783.3055657869733,100.0,1753.1672249513508,1537.967814832929,40.14074128660595,8.716112115414457,0,Leles,FL,11,2022
801.9000000000001,574.4142988023923,352.2133447132816,606.9632755547465,280.0,297.93042742155035,100.0,1376.3142988023924,1184.893702976297,27.902241522416116,0.46848572421921464,0,Leles,FL,11,2023
1183.5,455.0834430204455,334.1358875788042,537.047697624613,280.0,622.4885802811382,100.0,1638.5834430204454,1439.5362779057511,34.558707915297845,-0.21279618893292618,1,Leles,FL,11,2024
1638.1000000000001,350.56487595695864,324.2890928395531,500.78304770693575,192.0,1108.2277479333914,0.0,1988.664875956959,1801.0107956403272,30.533731241410887,-4.866803995736772,2,Leles,SRI,11,2015
1825.2999999999997,78.82859343828439,78.82859343828439,425.5804839490203,192.0,1074.9112327200523,0.0,1904.128593438284,1692.4917166690725,31.52847213046984,7.265531374919369,0,Leles,SRI,11,2016
1025.7,269.898401029638,254.423357650055,457.9216185165125,190.56,454.4127838771093,0.0,1295.5984010296381,1102.894402393622,24.705912015234414,-5.475043379583024,8,Leles,SRI,11,2017
1131.9,321.47120392369357,321.47120392369357,507.4354468932148,192.0,562.7403371316287,0.0,1453.3712039236937,1262.1757840248436,27.89415878513175,-4.014937837838454,4,Leles,SRI,11,2018
1289.1,386.514084610567,353.68436170807183,555.8416147961198,191.04,743.7340579856358,0.0,1675.6140846105668,1490.6156727817556,26.081181958950648,-8.63318696027524,6,Leles,SRI,11,2019
1625.5,173.2137761323396,173.2137761323396,437.43623717224864,192.0,964.7756886701727,0.0,1798.7137761323397,1594.2119258424214,31.419533377857903,16.426428620106293,0,Leles,SRI,11,2020
1367.6000000000004,265.5968261346346,265.5968261346346,491.4926377395988,192.0,753.5364254166882,0.0,1633.196826134635,1437.029063156287,30.776225832155987,5.930674774143695,0,Leles,SRI,11,2021
1495.1999999999998,146.28223596239457,135.3833370667653,458.5164028189811,192.0,785.7664230249914,0.0,1641.4822359623945,1436.2828258439724,30.525263957676206,-1.8988988956292525,1,Leles,SRI,11,2022
801.9000000000001,427.5926945698113,352.2133447132816,587.8992352404629,183.83999999999997,275.4903334584335,0.0,1229.4926945698114,1047.2295686988964,11.260039038087479,-25.591056471408606,33,Leles,SRI,11,2023
1183.5,334.13588757880416,334.1358875788042,521.172563652076,192.0,615.4161588120338,0.0,1517.6358875788042,1328.5887224641097,26.61337222216636,-2.538965023118496,4,Leles,SRI,11,2024
2093.7,220.75757094412398,120.75757094412397,465.90649499077216,280.0,1357.484912329268,100.0,2314.4575709441237,2103.3914073200403,40.52399259629842,17.402720630300376,0,Leles,FL,12,2015
1665.9,124.52210385999129,24.52210385999129,457.52050107266894,280.0,836.941314817311,100.0,1790.4221038599915,1574.4618158899798,40.73088947246227,8.659409094572482,0,Leles,FL,12,2016
1406.0,275.07652892390684,146.34750606443706,466.37683966915483,280.0,717.1641343355542,100.0,1681.0765289239068,1463.540974004709,35.92019598878916,3.947253499339201,0,Leles,FL,12,2017
1354.3999999999999,318.34239407339635,199.74239407339635,489.84468578855075,280.0,689.6146447536443,100.0,1672.742394073396,1459.459330542195,40.351324793504475,9.018411396708293,0,Leles,FL,12,2018
1690.3,370.23564267969454,259.6356426796945,518.7844619379832,280.0,1070.7193874035033,100.0,2060.5356426796943,1869.5038493414866,36.40422691211702,14.014124532243208,0,Leles,FL,12,2019
1672.6000000000001,266.93432079832667,166.93432079832664,449.5377710989768,280.0,995.1114901895633,100.0,1939.534320798327,1724.64926128854,40.67251214632253,11.231215595043315,0,Leles,FL,12,2020
1613.6,175.4518166304128,75.45181663041281,485.31164244704473,280.0,805.8815356689627,100.0,1789.0518166304128,1571.1931781160074,40.90694819321825,20.634819044330957,0,Leles,FL,12,2021
1447.1,230.17115435688828,130.17115435688828,476.0665265062361,280.0,739.5293951231799,100.0,1677.2711543568882,1495.595921629416,40.16132464004283,5.943591404413529,0,Leles,FL,12,2022
1080.9999999999998,462.2634364813448,264.03750358488395,562.0504194918144,280.0,511.69003676911035,100.0,1543.2634364813446,1353.7404562609247,31.760759922811275,4.245035860428073,0,Leles,FL,12,2023
1476.8,210.9439753653392,110.94397536533921,503.2520778036934,280.0,693.9697576054043,100.0,1687.743975365339,1477.2218354090978,42.280332773037564,7.205745505291572,0,Leles,FL,12,2024
2093.7,120.75757094412398,120.75757094412397,450.8748477812592,192.0,1369.9364501296616,0.0,2214.4575709441237,2012.8112979109208,31.817952050978242,19.07101052504988,0,Leles,SRI,12,2015
1665.9,24.52210385999129,24.52210385999129,441.9795191988271,192.0,849.6505775387695,0.0,1690.4221038599915,1483.6300967375967,30.61936562197451,9.487533757002458,0,Leles,SRI,12,2016
1406.0,170.66386247268673,146.34750606443706,450.60125840523574,192.0,726.5270491482531,0.0,1576.6638624726868,1369.1283075534889,27.22145251628148,-3.2707898562998112,2,Leles,SRI,12,2017
1354.3999999999999,211.63877009174246,199.74239407339635,473.25114501751364,192.0,697.3187634034855,0.0,1566.0387700917422,1362.5699084209991,31.307548929747217,-3.3963760183460967,1,Leles,SRI,12,2018
1690.3,259.6356426796945,259.6356426796945,502.6239535606327,192.0,1064.2689086495027,0.0,1949.9356426796944,1758.8928622101353,29.79988804924636,4.304223015249146,0,Leles,SRI,12,2019
1672.6000000000001,166.93432079832667,166.93432079832664,435.27859148015955,192.0,1007.3706698083805,0.0,1839.534320798327,1634.64926128854,32.592419819646736,12.061599599052787,0,Leles,SRI,12,2020
1613.6,75.4518166304128,75.45181663041281,468.7832141078059,192.0,820.4099640082015,0.0,1689.0518166304128,1481.1931781160074,31.605133779633963,16.26689351032413,0,Leles,SRI,12,2021
1447.1,130.17115435688828,130.17115435688828,460.9887784598943,192.0,743.3761874645502,0.0,1577.2711543568882,1396.3649659244445,30.259699182953817,1.8208474444233662,0,Leles,SRI,12,2022
1080.9999999999998,311.65518880980574,264.03750358488395,543.7383862597587,190.56,474.0449565333842,0.0,1392.6551888098056,1208.343342793143,22.855883074693764,-15.17179006112447,8,Leles,SRI,12,2023
1476.8,110.94397536533921,110.94397536533921,486.612041460878,192.0,708.6097939482196,0.0,1587.743975365339,1387.2218354090976,30.880567010496765,-1.9410673354227836,3,Leles,SRI,12,2024
2031.0000000000002,222.6743255850064,122.67432558500639,461.77167350204263,280.0,1297.6920408151118,100.0,2253.6743255850065,2039.4637143171544,43.085361098912315,31.314732793897345,0,Leuwigoong,FL,1,2016
1442.4,198.24774834495582,72.9254144806755,474.1196236741293,280.0,696.9458188877745,100.0,1640.647748344956,1451.0654425619039,33.54930978284418,1.958166123455369,0,Leuwigoong,FL,1,2017
985.9999999999999,390.2007111369594,223.16855668904094,487.894084163113,280.0,427.27932886526435,100.0,1376.2007111369594,1195.1734130283774,32.404745797052286,-5.593160306498522,8,Leuwigoong,FL,1,2018
1552.1000000000001,252.25453842754638,152.25453842754638,486.2588051323911,280.0,825.6466086134975,100.0,1804.3545384275465,1591.9054137458886,41.45901183738163,7.7009123879092645,0,Leuwigoong,FL,1,2019
1786.4,214.4555351122151,114.45553511221509,493.48240657428244,280.0,1018.1149924202715,100.0,2000.8555351122152,1791.597398994554,41.84121042937935,16.48309625999842,0,Leuwigoong,FL,1,2020
1395.0,204.12681445865258,88.82681445865256,449.904324142449,280.0,674.0556571113341,100.0,1599.1268144586525,1403.959981253783,39.34004618037747,12.960390638573884,0,Leuwigoong,FL,1,2021
1256.6,240.2885744852568,111.11817425653045,504.13519598107405,280.0,496.75251785258854,100.0,1496.8885744852566,1280.8877138336625,39.69009423309855,4.129599771273657,0,Leuwigoong,FL,1,2022
1259.1,206.71098407899404,95.31098407899401,489.1898932306715,280.0,490.3994512355053,100.0,1465.810984078994,1259.5893444661767,36.07330317751313,3.549407786774297,0,Leuwigoong,FL,1,2023
1076.1,330.797615894412,230.79761589441193,554.1140174694674,280.0,399.51669821418204,100.0,1406.897615894412,1233.6307156836494,33.70080258291044,2.4448447176328587,0,Leuwigoong,FL,1,2024
2031.0000000000002,122.67432558500639,122.67432558500639,446.51445477645495,192.0,1310.1156914976843,0.0,2153.6743255850065,1948.6301462741394,33.41406038967578,15.637639862179165,0,Leuwigoong,SRI,1,2016
1442.4,86.57227969283423,72.9254144806755,457.95738763820725,192.0,687.1120285690263,0.0,1528.9722796928343,1337.0694162072336,26.003210589265,-4.2468652121587285,2,Leuwigoong,SRI,1,2017
985.9999999999999,234.23328929527582,223.16855668904094,471.384791925901,186.71999999999997,405.03692443849656,0.0,1220.2332892952757,1063.1417163643976,24.404496176597814,-22.51184530264402,12,Leuwigoong,SRI,1,2018
1552.1000000000001,152.25453842754638,152.25453842754638,469.9171844263109,192.0,839.156377770105,0.0,1704.3545384275465,1501.0735621964159,32.509099105098706,8.527636027632935,0,Leuwigoong,SRI,1,2019
1786.4,114.45553511221507,114.45553511221509,477.3473861809399,192.0,1031.4106477485943,0.0,1900.8555351122152,1700.7580339295341,32.62466382765873,18.95554085148358,0,Leuwigoong,SRI,1,2020
1395.0,88.82681445865256,88.82681445865256,434.62668255443214,192.0,662.3210347963552,0.0,1483.8268144586525,1288.9477173507873,30.311321536117404,-0.6877320410159555,1,Leuwigoong,SRI,1,2021
1256.6,122.6521350660735,111.11817425653045,486.9917466973676,192.0,494.25952771711184,0.0,1379.2521350660734,1173.2512744144794,30.048592936763473,-1.9339608095430725,3,Leuwigoong,SRI,1,2022
1259.1,95.31098407899401,95.31098407899401,473.0428403860578,192.0,488.9709652090935,0.0,1354.4109840789938,1154.0138055951513,26.739248705090585,-1.3920151445283135,1,Leuwigoong,SRI,1,2023
1076.1,230.79761589441196,230.79761589441193,535.9450931651081,192.0,391.6788021330044,0.0,1306.897615894412,1119.6238952981125,29.381784224282132,6.070255688805143,0,Leuwigoong,SRI,1,2024
2036.1,201.54562844133665,66.05412726637279,461.53792671456597,280.0,1321.1798370641095,100.0,2237.6456284413366,2062.7177637786754,39.1609899777534,-4.971020882621394,4,Leuwigoong,FL,2,2015
1761.9,236.09188835082443,136.0918883508244,463.5145664300051,280.0,1063.0338965525254,100.0,1997.9918883508244,1806.5484629825305,42.011627275852135,7.9794024442452915,0,Leuwigoong,FL,2,2016
1040.7,283.22628739397635,140.5058862119784,476.5826676755545,280.0,389.81448158121736,100.0,1323.9262873939765,1146.3971492567719,31.214626308560987,-5.688516842451086,4,Leuwigoong,FL,2,2017
916.5000000000001,364.18069413638034,161.7921667132457,491.0401721571518,280.0,327.0916490946785,100.0,1280.6806941363805,1098.1318212518304,27.012924288845753,-5.198076236555111,11,Leuwigoong,FL,2,2018
1344.5,228.78951925235208,116.76613904375361,484.5801732183538,280.0,628.1548690355796,100.0,1573.289519252352,1392.7350422539334,37.609382326283686,-3.323380208598436,2,Leuwigoong,FL,2,2019
1639.6,215.7611024255067,115.76110242550666,477.9344325049519,280.0,889.3506694037856,100.0,1855.3611024255065,1647.2851019087375,40.1566803818885,5.282207801121567,0,Leuwigoong,FL,2,2020
1108.6999999999998,306.7760791843393,116.260209111827,466.99196460755763,280.0,451.0567985639006,100.0,1415.4760791843391,1198.0487631714582,31.621130799386524,-5.465761273102485,8,Leuwigoong,FL,2,2021
1066.6999999999998,299.3260451099617,168.51458036218847,506.4686984775372,280.0,387.48204118167183,100.0,1366.0260451099616,1173.950739659209,34.794635418597395,-5.111464747773184,6,Leuwigoong,FL,2,2022
1212.6999999999998,284.3500956388896,158.9513694980909,497.323610065578,280.0,547.6969276311265,100.0,1497.0500956388894,1325.0205376967047,37.23133998156385,-1.2776558105490992,1,Leuwigoong,FL,2,2023
1029.0,306.22681421907566,136.37211138983545,536.0076646962945,280.0,343.1927687478846,100.0,1335.2268142190755,1159.200433444179,33.60075550256726,-3.7903963172632738,7,Leuwigoong,FL,2,2024
2036.1,66.0541272663728,66.05412726637279,446.1270559850774,187.2,1320.3505636675814,0.0,2102.1541272663726,1953.6776196526587,29.212954881057556,-28.852867821495586,11,Leuwigoong,SRI,2,2015
1761.9,136.0918883508244,136.0918883508244,447.89549319867683,192.0,1069.1609147156191,0.0,1897.9918883508244,1709.056407914296,32.64573855962835,8.804358855688408,0,Leuwigoong,SRI,2,2016
1040.7,140.5058862119784,140.5058862119784,460.01761320437004,188.15999999999997,388.19586373505956,0.0,1181.2058862119784,1036.3734769394296,23.827785594320588,-33.998871593844626,9,Leuwigoong,SRI,2,2017
916.5000000000001,226.44366051243173,161.7921667132457,473.73775231374617,176.15999999999997,320.1032598048406,0.0,1142.943660512432,970.0010121185868,13.583089225242546,-33.829299051264506,39,Leuwigoong,SRI,2,2018
1344.5,116.76613904375361,116.76613904375361,468.2872048684982,192.0,627.4598910895886,0.0,1461.2661390437536,1287.747095958087,30.04407061955844,-2.3464147680584766,1,Leuwigoong,SRI,2,2019
1639.6,115.76110242550666,115.76110242550666,461.647137881025,192.0,898.5523045084522,0.0,1755.3611024255065,1552.199442389477,31.69653399804991,6.113077030813432,0,Leuwigoong,SRI,2,2020
1108.6999999999998,147.97420482436542,116.260209111827,450.35690430573027,183.36,414.28798049459203,0.0,1256.6742048243652,1048.0048848003223,20.219984349138436,-33.51399571253842,22,Leuwigoong,SRI,2,2021
1066.6999999999998,168.51458036218847,168.51458036218847,489.28560608423294,191.51999999999998,365.0987879999723,0.0,1235.2145803621884,1045.9043940842053,26.797998470240806,-5.172753830552356,5,Leuwigoong,SRI,2,2022
1212.6999999999998,170.21446468700054,158.9513694980909,479.9613925408074,192.0,540.5827746248599,0.0,1382.9144646870004,1212.5441671656672,26.31608753707531,-2.9369162314010095,3,Leuwigoong,SRI,2,2023
1029.0,168.06901350179078,136.37211138983545,517.8869332189724,185.27999999999997,326.56059284304825,0.0,1197.0690135017908,1029.7275260620206,23.377915294635155,-31.696902111955342,15,Leuwigoong,SRI,2,2024
1634.1000000000001,269.7182285916378,45.072290473528824,468.2873418237782,280.0,974.9017634027641,100.0,1903.818228591638,1723.1891052265423,31.963000254319233,-5.396151661200172,8,Leuwigoong,FL,3,2015
1628.3000000000002,169.5237532639926,48.16929530059423,448.59349276141705,280.0,882.2034059807288,100.0,1797.8237532639928,1610.796898742146,36.170807914957145,-1.3544579633983433,1,Leuwigoong,FL,3,2016
840.0,358.0915613319847,141.58948563208594,478.1504468880825,280.0,256.9269459983147,100.0,1198.0915613319846,1015.0773928863973,28.098256514829743,-4.303311611102749,9,Leuwigoong,FL,3,2017
719.3,383.8943575448241,110.89389532179747,505.5658994519672,280.0,143.69834605382144,100.0,1103.194357544824,929.2642455057886,21.265643897391755,-3.749520880068606,13,Leuwigoong,FL,3,2018
1070.1000000000001,350.6088067634902,128.84394921466574,486.6243788430145,280.0,482.41405375831704,100.0,1420.7088067634904,1249.0384326013316,31.417533171944463,-5.513085570842169,11,Leuwigoong,FL,3,2019
1446.1000000000001,134.15658183953042,34.15658183953042,461.0297318931555,280.0,637.1559102576614,100.0,1580.2565818395306,1378.1856421508169,39.671906420460815,20.93985019195634,0,Leuwigoong,FL,3,2020
1053.3999999999999,282.4106406767325,147.6356121582096,475.97377780515103,280.0,359.55812933035884,100.0,1335.8106406767324,1115.5319071355098,31.737155892314476,-2.436005167251937,1,Leuwigoong,FL,3,2021
997.8000000000001,265.73161331819716,150.73161331819716,489.07507733971227,280.0,283.9978838635489,100.0,1263.5316133181973,1053.0729612032612,38.91057034600426,4.259057882228396,0,Leuwigoong,FL,3,2022
1046.6000000000001,337.7146656947878,132.83367386363946,486.72956996559213,280.0,420.3134282176952,100.0,1384.314665694788,1187.0429981832874,29.147112442522324,-3.931986359657538,7,Leuwigoong,FL,3,2023
824.4000000000001,308.6935838254624,140.35704524240032,524.6399281246838,280.0,158.6767108250206,100.0,1133.0935838254625,963.3166389497044,26.669239533385582,-1.7323744163503356,9,Leuwigoong,FL,3,2024
1634.1000000000001,144.71386981073613,45.072290473528824,452.5033696548436,175.2,979.1658745198871,0.0,1778.8138698107364,1606.8692441747307,17.344884058017357,-33.27157292021974,39,Leuwigoong,SRI,3,2015
1628.3000000000002,48.16929530059423,48.16929530059423,433.12090070983095,192.0,860.2420747040338,0.0,1676.4692953005945,1485.3629754138647,29.142806969665916,0.2792251902519016,0,Leuwigoong,SRI,3,2016
840.0,209.52185380402273,141.58948563208594,461.81101826876335,176.64,250.12311652296088,0.0,1049.5218538040226,888.5741347917243,13.988695452690715,-33.874879406975566,35,Leuwigoong,SRI,3,2017
719.3,239.6845689765813,110.89389532179747,488.2726448824985,169.91999999999996,158.80072643297953,0.0,958.9845689765813,816.993371315478,3.5434190681222546,-34.452308371267165,54,Leuwigoong,SRI,3,2018
1070.1000000000001,222.1624757860029,128.84394921466574,470.3128087980249,178.56,479.0901715874929,0.0,1292.262475786003,1127.9629803855178,18.885345225344967,-31.69883241066165,29,Leuwigoong,SRI,3,2019
1446.1000000000001,34.15658183953042,34.15658183953042,445.2564839045169,192.0,644.2820690344843,0.0,1480.2565818395306,1281.5385529390012,30.809107275888927,10.840721796842075,0,Leuwigoong,SRI,3,2020
1053.3999999999999,188.9197906379311,147.6356121582096,459.3569653964796,187.67999999999998,384.96061384151244,0.0,1242.319790637931,1031.9975792379919,21.853391153766392,-27.493250700394256,17,Leuwigoong,SRI,3,2021
997.8000000000001,150.73161331819716,150.73161331819716,472.27025753593375,192.0,282.1462450904874,0.0,1148.5316133181973,946.4165026264211,26.625703554586206,-4.569047026118658,3,Leuwigoong,SRI,3,2022
1046.6000000000001,197.20211933976194,132.83367386363946,469.60025329902703,180.95999999999998,399.54716923743274,0.0,1243.8021193397622,1050.1074225364596,17.5030777771977,-33.583512828126516,26,Leuwigoong,SRI,3,2023
824.4000000000001,171.76750594942615,140.35704524240032,506.8174936611359,175.67999999999998,173.68827636597467,0.0,996.1675059494262,856.1857700271105,13.261287813475306,-33.03470709446441,37,Leuwigoong,SRI,3,2024
1034.9,397.53740026695107,76.37470839670955,478.7631820075609,280.0,497.15392211007884,100.0,1432.437400266951,1255.9171041176396,23.154284153637697,-4.739107311581694,10,Leuwigoong,FL,4,2015
971.3,257.43669200687395,78.35682778127335,457.76814174232027,280.0,310.8897893884845,100.0,1228.736692006874,1048.6579311308046,31.373106595412995,-5.1149623921607965,10,Leuwigoong,FL,4,2016
572.9,454.47625493106574,179.23611209656093,474.97121406308156,280.0,99.37601203713348,100.0,1027.3762549310657,854.347226100215,14.899700582265526,-4.665079040663278,11,Leuwigoong,FL,4,2017
400.9,586.8848516583226,192.95520403609095,499.71539134942964,280.0,36.76771729721229,100.0,987.7848516583226,816.4831086466419,8.069102565469018,-2.7851383292301,10,Leuwigoong,FL,4,2018
576.5,510.4581635679019,164.79504377680425,488.64936053210647,280.0,145.51093125193842,100.0,1086.958163567902,914.1602917840448,23.196519885457366,-4.792482467284568,11,Leuwigoong,FL,4,2019
1046.7,304.5332742347255,134.6873443811559,460.4938074502077,280.0,435.8077908729973,100.0,1351.2332742347255,1176.3015983232049,33.096611792936265,-5.013451376768071,8,Leuwigoong,FL,4,2020
898.9,329.2077140698225,120.40461457132501,478.37671776603275,280.0,298.39944730060324,100.0,1228.1077140698226,1056.776165066636,22.9433884728916,-4.6462848012798235,5,Leuwigoong,FL,4,2021
864.3000000000001,260.2002142424537,122.46313601995183,481.68116425701135,280.0,185.83834815980836,100.0,1124.5002142424537,947.5195124168197,30.146621464198734,-4.062711681638395,4,Leuwigoong,FL,4,2022
837.5999999999999,385.86977747924124,158.9837694203866,501.8032099384346,280.0,271.7455288546786,100.0,1223.4697774792412,1053.548738793113,23.184465197770855,-1.033860034134035,5,Leuwigoong,FL,4,2023
661.0,360.5948550909735,157.99009225028922,509.6962294582787,280.0,56.74027003832421,100.0,1021.5948550909735,846.4364994966029,17.848370948824133,-2.1168102041801813,4,Leuwigoong,FL,4,2024
1034.9,269.33024340105044,76.37470839670955,462.19031793941866,167.51999999999998,523.9376768836273,0.0,1304.2302434010505,1153.647994823046,5.431975927572632,-33.685310551742944,60,Leuwigoong,SRI,4,2015
971.3,110.57995790954372,78.35682778127335,442.66576430739667,179.04,302.1196922988619,0.0,1081.8799579095437,923.8254566062585,16.214434681258457,-32.22313012827037,29,Leuwigoong,SRI,4,2016
572.9,306.6253562514138,179.23611209656093,459.3252128352691,166.55999999999997,111.48427371356865,0.0,879.5253562514138,737.3694865488377,2.7132340248663365,-31.857199342454855,61,Leuwigoong,SRI,4,2017
400.9,417.4555189316859,192.95520403609095,483.3271351674959,159.83999999999997,36.76771729721229,0.0,818.3555189316859,679.9348524647081,-7.72261863298659,-34.31236706806952,80,Leuwigoong,SRI,4,2018
576.5,357.22134663878285,164.79504377680425,472.08045388100214,168.95999999999998,143.62834818114897,0.0,933.7213466387828,784.6688020621511,7.813706951135543,-34.38132530050702,53,Leuwigoong,SRI,4,2019
1046.7,145.9665109368262,134.6873443811559,445.65328847654143,184.79999999999998,417.302790017352,0.0,1192.6665109368262,1047.7560784938933,22.220453353835214,-29.79510748223077,19,Leuwigoong,SRI,4,2020
898.9,161.18426140361328,120.40461457132501,462.5676918637615,179.51999999999998,274.4002378261833,0.0,1060.0842614036133,916.4879296899448,8.676864341764812,-32.34884678758599,43,Leuwigoong,SRI,4,2021
864.3000000000001,122.46313601995183,122.46313601995183,466.1246262717425,187.2,170.3886497564729,0.0,986.7631360199518,823.7132760282154,21.198684819901153,-20.662900833831713,13,Leuwigoong,SRI,4,2022
837.5999999999999,236.3081144780417,158.9837694203866,485.53599417978245,171.35999999999996,267.67379780051476,0.0,1073.9081144780416,924.5697919802972,7.668332458898948,-28.995980653673996,51,Leuwigoong,SRI,4,2023
661.0,236.6017683680412,157.99009225028922,492.85579190972976,170.87999999999997,88.8147551983976,0.0,897.6017683680412,752.5505471081274,2.3026136189445188,-29.104131020846804,57,Leuwigoong,SRI,4,2024
634.6999999999999,564.8456339904359,62.14006972903022,504.0235350796552,280.0,238.95819477624457,100.0,1199.5456339904358,1022.9817298558997,9.801328625344244,-4.559471372997739,11,Leuwigoong,FL,5,2015
656.6,323.74921279911086,116.64900089275287,458.9073046248957,280.0,65.77485108961292,100.0,980.3492127991109,804.6821557145086,23.305471127721574,-5.504419243153769,11,Leuwigoong,FL,5,2016
350.5,594.2720404705151,180.2065247693387,472.5276464901052,280.0,17.311056147600432,100.0,944.7720404705151,769.8387026377056,10.480105320124073,-3.9346717247985894,8,Leuwigoong,FL,5,2017
214.1,747.3372188689934,226.87280099296834,507.52185745367717,280.0,4.060639832301961,100.0,961.4372188689935,791.5824972859791,7.183481659549581,-4.409012778017023,10,Leuwigoong,FL,5,2018
383.5,661.9015040422082,126.59402991464728,510.7095607555462,280.0,75.23620118155762,100.0,1045.4015040422082,865.9457619371037,7.086040802353138,-2.8502467033749728,10,Leuwigoong,FL,5,2019
800.3,365.01183966744543,134.04681568701125,460.55524837149324,280.0,227.92776363219454,100.0,1165.3118396674454,968.4830120036878,23.644904332752215,-3.6532644391383635,7,Leuwigoong,FL,5,2020
680.8999999999999,505.9316640567857,240.98346626802834,482.44905605926215,280.0,255.02301870385804,100.0,1186.8316640567855,1017.4720747631202,24.405233833337267,-5.275735387972541,13,Leuwigoong,FL,5,2021
603.0,410.54841448568584,161.75091518764293,482.9267024099862,280.0,81.82184455050756,100.0,1013.5484144856858,844.7485469604937,18.666589876159758,-5.349166741557341,11,Leuwigoong,FL,5,2022
586.4,513.5355673356501,177.15044806186353,501.34463271983327,280.0,149.25222228510816,100.0,1099.93556733565,930.5968550049414,16.68590199666779,-5.403377534831119,13,Leuwigoong,FL,5,2023
448.20000000000005,575.1847235809048,178.2933503695825,514.9963192190252,280.0,59.75743420556411,100.0,1023.3847235809048,854.7537534245893,12.044922667808727,-3.227705077110217,11,Leuwigoong,FL,5,2024
634.6999999999999,415.9697091758602,62.14006972903022,486.5002636301024,156.0,238.95819477624457,0.0,1050.6697091758601,881.458458406347,-9.936957686195912,-34.41351055654811,86,Leuwigoong,SRI,5,2015
656.6,179.68505368815025,116.64900089275287,443.96718460618143,173.76,65.32516071351642,0.0,836.2850536881502,683.0523453196979,9.160526780320238,-32.89273430998693,49,Leuwigoong,SRI,5,2016
350.5,434.6789305448459,180.2065247693387,457.21685735067615,161.27999999999997,17.311056147600432,0.0,785.1789305448459,635.8079134982765,-8.330022313369376,-33.28630198619763,84,Leuwigoong,SRI,5,2017
214.1,596.5154365372559,226.87280099296834,490.9880186059942,163.2,4.060639832301961,0.0,810.615436537256,658.2486584382962,-8.253780199169688,-33.66380114867711,74,Leuwigoong,SRI,5,2018
383.5,498.7379256099084,126.59402991464728,493.31011072866784,157.92,75.23620118155762,0.0,882.2379256099084,726.4663119102254,-10.646459457670643,-33.64651988950893,86,Leuwigoong,SRI,5,2019
800.3,227.66676587970238,134.04681568701125,445.4982305865023,174.71999999999997,221.17967925570707,0.0,1027.9667658797023,841.3979098422094,10.61342558508089,-31.6162336454573,44,Leuwigoong,SRI,5,2020
680.8999999999999,361.89647445737126,240.98346626802834,466.78906677025714,178.56,250.53969748192338,0.0,1042.796474457371,895.8887642521806,9.707930356033922,-33.843215070729734,44,Leuwigoong,SRI,5,2021
603.0,247.0477879527121,161.75091518764293,467.5143340732087,174.71999999999997,58.482305173043116,0.0,850.047787952712,700.7166392462517,5.046897368134809,-31.911879970030785,47,Leuwigoong,SRI,5,2022
586.4,371.77614764119653,177.15044806186353,485.1917695527019,159.83999999999997,151.1744015834592,0.0,958.1761476411965,796.2061711361612,-3.086419051597169,-34.718065719090404,75,Leuwigoong,SRI,5,2023
448.20000000000005,390.7642417916944,178.2933503695825,498.4552891793051,164.64,34.60466776710368,0.0,838.9642417916945,697.6999569464089,-4.772858315227021,-31.632453019160806,68,Leuwigoong,SRI,5,2024
116.1,904.8785443576846,294.7211893005053,554.0482648978492,280.0,10.566860000191715,100.0,1020.9785443576847,844.6151248980409,6.96687641831642,-4.269675350091339,10,Leuwigoong,FL,6,2015
563.5,468.90599335653667,193.50382079223127,469.7150810452375,280.0,88.42453516664494,100.0,1032.4059933565368,838.1396162118824,13.709878710254573,-1.764923864037188,1,Leuwigoong,FL,6,2016
180.3,774.0409707212225,295.8558581399387,500.5826325382895,280.0,0.0,100.0,954.3409707212224,780.5826325382895,9.37742450443667,-3.540871856775742,11,Leuwigoong,FL,6,2017
110.69999999999999,869.3780978842681,308.00272064799697,528.408134785294,280.0,0.0,100.0,980.0780978842681,808.408134785294,7.363517648261444,-4.846479995376371,10,Leuwigoong,FL,6,2018
98.8,904.4433531633292,273.32463042045714,552.5148620220845,280.0,0.0,100.0,1003.2433531633292,832.5148620220845,6.814894023721237,-6.739418443923442,12,Leuwigoong,FL,6,2019
483.0,510.9894420910666,192.04780598492084,484.6399352743207,280.0,46.47113987452029,100.0,993.9894420910666,811.111075148841,17.77132629245619,-5.386277365343677,10,Leuwigoong,FL,6,2020
651.2,496.28283693468177,238.71739834430667,483.46246288211756,280.0,204.71060894573367,100.0,1147.482836934682,968.1730718278511,19.594043235190743,-4.834803889854679,11,Leuwigoong,FL,6,2021
517.2,470.44233752852426,237.0203919185495,487.93835482866996,280.0,30.553649125600295,100.0,987.6423375285243,798.4920039542702,19.745401116557694,-5.693862770685751,5,Leuwigoong,FL,6,2022
325.29999999999995,727.4375426380022,237.5074105497688,522.9402667405441,280.0,70.34896968083186,100.0,1052.7375426380022,873.2892364213759,10.960065444993418,-3.806628597700345,11,Leuwigoong,FL,6,2023
319.1,705.6016019497313,281.28469434838564,538.3194936330176,280.0,39.42783798229663,100.0,1024.7016019497314,857.7473316153142,11.831824882367414,-6.0147211770451,7,Leuwigoong,FL,6,2024
116.1,729.8818134930667,294.7211893005053,535.0501440896154,157.92,10.566860000191715,0.0,845.9818134930667,703.537004089807,-10.930573847811166,-33.29804500530581,90,Leuwigoong,SRI,6,2015
563.5,310.92054995213704,193.50382079223127,453.6133840387821,170.88,61.436630102955284,0.0,874.420549952137,685.9300141417374,-0.9779564362683054,-29.631234053538325,53,Leuwigoong,SRI,6,2016
180.3,628.9511937836978,295.8558581399387,483.97147850979013,158.88,0.0,0.0,809.2511937836978,642.8514785097901,-9.060235016699986,-35.045120938665804,83,Leuwigoong,SRI,6,2017
110.69999999999999,713.4063554110144,308.00272064799697,510.6054815002742,160.31999999999996,0.0,0.0,824.1063554110144,670.9254815002741,-9.568991461867958,-34.24921744096708,82,Leuwigoong,SRI,6,2018
98.8,740.565239721275,273.32463042045714,533.5884173297989,156.95999999999998,0.0,0.0,839.365239721275,690.5484173297989,-10.67581500590506,-35.05454344342089,89,Leuwigoong,SRI,6,2019
483.0,386.1302230150003,192.04780598492084,468.11099408331734,166.55999999999997,60.25443740275219,0.0,869.1302230150003,694.9254314860694,0.5500452149010634,-35.11826986907181,59,Leuwigoong,SRI,6,2020
651.2,371.40784102163013,238.71739834430667,467.16285920206576,165.59999999999997,229.43277759993288,0.0,1022.6078410216302,862.1956368019987,2.226871334541082,-28.486737136758038,66,Leuwigoong,SRI,6,2021
517.2,362.38338793821146,237.0203919185495,471.2881835962792,173.27999999999997,49.165456556353696,0.0,879.5833879382114,693.7336401526328,5.912750815258137,-30.84940192146867,56,Leuwigoong,SRI,6,2022
325.29999999999995,566.9427325819378,237.5074105497688,505.22731070950744,162.71999999999997,58.39141563541413,0.0,892.2427325819377,726.3387263449215,-4.323065206417751,-32.76625572043142,71,Leuwigoong,SRI,6,2023
319.1,538.688897761681,281.28469434838564,520.0248761359913,162.72,11.808389865377483,0.0,857.788897761681,694.5532660013689,-4.454982114718705,-35.63214607490957,77,Leuwigoong,SRI,6,2024
96.5,948.163735848703,310.9551279891371,595.9167098874838,280.0,0.0,100.0,1044.663735848703,875.9167098874838,6.489801346668262,-7.06561295368453,11,Leuwigoong,FL,7,2015
804.6999999999999,473.6009614878386,265.1318091540493,468.19067524502645,280.0,327.2162096419193,100.0,1278.3009614878385,1075.4068848869458,25.594396274444172,3.129491659996191,0,Leuwigoong,FL,7,2016
349.3,701.693944863546,274.96111215193525,509.1240534954897,280.0,65.88652860931124,100.0,1050.993944863546,855.010582104801,14.668016364295541,-1.2179578638524173,1,Leuwigoong,FL,7,2017
100.5,914.908759511299,298.9992634996511,560.9298527413576,280.0,0.0,100.0,1015.408759511299,840.9298527413576,6.7881983507186066,-4.631077605905947,12,Leuwigoong,FL,7,2018
65.5,983.5581155786757,338.53436840719866,598.8798284323474,280.0,0.0,100.0,1049.0581155786758,878.8798284323474,6.378775907576733,-5.888756754930794,12,Leuwigoong,FL,7,2019
480.0,539.0628373159667,222.4454485325906,511.24643511869124,280.0,51.77234184033213,100.0,1019.0628373159667,843.0187769590234,13.124871472213641,-3.8438084736805487,2,Leuwigoong,FL,7,2020
533.9000000000001,515.667966007303,187.01599017577414,505.4292477439346,280.0,88.99441338951647,100.0,1049.567966007303,874.4236611334511,13.856809172739055,-6.598871629448969,9,Leuwigoong,FL,7,2021
602.8,483.6752949029345,199.5719416353899,495.5365714176666,280.0,109.62339333221797,100.0,1086.4752949029344,885.1599647498847,16.813487058984723,0.11148888853982619,0,Leuwigoong,FL,7,2022
183.2,853.0451687900414,274.8549076359097,575.1466226240561,280.0,8.154392684651251,100.0,1036.2451687900414,863.3010153087074,8.400310144461399,-5.368248434523218,13,Leuwigoong,FL,7,2023
333.5,722.3853140858722,264.0906328338675,566.9735442620688,280.0,37.005244261192324,100.0,1055.8853140858723,883.9787885232611,11.590222325120004,-4.646364168031661,10,Leuwigoong,FL,7,2024
96.5,787.1484509470464,310.9551279891371,574.7301426983661,159.35999999999996,0.0,0.0,883.6484509470464,734.090142698366,-10.216970514735495,-34.58523957111415,88,Leuwigoong,SRI,7,2015
804.6999999999999,362.3529845522967,265.1318091540493,451.6310839746204,183.35999999999999,336.64582886086555,0.0,1167.0529845522965,971.636912835486,10.53946160051737,-28.294217242360922,35,Leuwigoong,SRI,7,2016
349.3,577.3146623464406,274.96111215193525,490.49373501063184,169.92000000000002,75.22192079345473,0.0,926.6146623464406,735.6356558040866,0.42397274287395886,-30.198367253005742,60,Leuwigoong,SRI,7,2017
100.5,740.8304466970509,298.9992634996511,541.1831280468462,156.48,0.0,0.0,841.3304466970509,697.6631280468462,-10.552272408277855,-35.39908014084719,90,Leuwigoong,SRI,7,2018
65.5,814.7844785613634,338.53436840719866,577.4081340571204,156.47999999999996,0.0,0.0,880.2844785613634,733.8881340571204,-11.367337509989154,-34.94662460369236,91,Leuwigoong,SRI,7,2019
480.0,412.6799630190567,222.4454485325906,492.65762417972763,172.32,51.77234184033213,0.0,892.6799630190567,716.7499660200598,-4.005320884930157,-28.750252201276027,66,Leuwigoong,SRI,7,2020
533.9000000000001,366.44346056899593,187.01599017577414,488.0550277034268,170.88,81.8056750124463,0.0,900.3434605689961,740.7407027158731,-3.5210339385226224,-30.80769940316906,61,Leuwigoong,SRI,7,2021
602.8,329.91533511431635,199.5719416353899,477.70092602322404,175.67999999999998,83.8409559321318,0.0,932.7153351143163,737.2218819553558,2.977646804692263,-28.830049472787845,46,Leuwigoong,SRI,7,2022
183.2,701.6145684389778,274.8549076359097,554.5773826411801,156.47999999999996,8.154392684651251,0.0,884.8145684389779,719.2117753258314,-8.600112418495485,-34.1280855621496,88,Leuwigoong,SRI,7,2023
333.5,555.5076328364024,264.0906328338675,546.7425736665759,166.07999999999998,17.883305795674104,0.0,889.0076328364024,730.70587946225,-2.6633234074947856,-34.44595396850099,67,Leuwigoong,SRI,7,2024
185.5,936.7430188895498,337.50687970375367,629.1938173325689,280.0,20.870848654157015,100.0,1122.2430188895498,930.0646659867259,10.664423948635461,-4.979571627068359,4,Leuwigoong,FL,8,2015
1165.8,461.0482532767674,244.33916491346116,467.3665451320944,280.0,667.0382927652637,100.0,1626.8482532767673,1414.404837897358,33.45318438836564,4.653455196886581,0,Leuwigoong,FL,8,2016
551.3000000000001,690.2447802107611,310.22664221719367,526.8388159627225,280.0,223.47700249610773,100.0,1241.544780210761,1030.31581845883,19.4652083574735,-1.4296484879412157,1,Leuwigoong,FL,8,2017
281.50000000000006,832.1836045670238,343.35491790163917,572.6145848612566,280.0,64.43288592299687,100.0,1113.6836045670238,917.0474707842535,10.519701596866573,-4.726879868033517,6,Leuwigoong,FL,8,2018
152.39999999999998,944.8881203579461,338.6932835809218,636.4791267256344,280.0,6.8846514118943105,100.0,1097.2881203579461,923.3637781375287,7.766671484798861,-5.800168475975235,11,Leuwigoong,FL,8,2019
658.1,548.7446515365311,289.7483296938719,521.3170961654621,280.0,188.3872014227763,100.0,1206.8446515365313,989.7042975882384,24.42974066894127,3.675290796732239,0,Leuwigoong,FL,8,2020
707.9000000000001,562.5647270838034,303.9931224161281,522.1346109778599,280.0,253.66410683843603,100.0,1270.4647270838036,1055.798717816296,21.48961229375409,-0.17342636430346037,1,Leuwigoong,FL,8,2021
820.8999999999999,523.5208684172335,281.1511888995356,505.70923867286155,280.0,342.2781348251057,100.0,1344.4208684172334,1127.9873734979674,26.01830741167399,0.3087889266499575,0,Leuwigoong,FL,8,2022
206.5,895.7241301040369,298.2341514414152,623.4219887994025,280.0,26.31809777800304,100.0,1102.224130104037,929.7400865774055,6.357973406124249,-6.304104985720365,9,Leuwigoong,FL,8,2023
424.5,733.9254334144683,306.4645800484672,596.896529064408,280.0,68.64280214182494,100.0,1158.4254334144684,945.539331206233,14.471162715364956,-4.272200794311564,2,Leuwigoong,FL,8,2024
185.5,790.9316749939927,337.50687970375367,605.9912159779946,165.6,17.62469343635446,0.0,976.4316749939927,789.2159094143491,-5.142948772873138,-31.17605339347131,78,Leuwigoong,SRI,8,2015
1165.8,319.5077103481786,244.33916491346116,451.75049571294664,190.56,638.0449751866618,0.0,1485.3077103481785,1280.3554708996085,20.761770678969572,-10.107732902715387,12,Leuwigoong,SRI,8,2016
551.3000000000001,535.8723147410976,310.22664221719367,508.050223423582,177.60000000000002,198.62198283750843,0.0,1087.1723147410976,884.2722062610904,5.560472080835039,-23.54508583051409,44,Leuwigoong,SRI,8,2017
281.50000000000006,702.4327501826237,343.35491790163917,551.6914499303994,166.07999999999998,76.1625991648695,0.0,983.9327501826237,793.9340490952688,-4.608884290032783,-29.122199983536156,79,Leuwigoong,SRI,8,2018
152.39999999999998,773.5747065579706,338.6932835809218,613.1963049925639,160.32,9.867654731781037,0.0,925.9747065579705,783.3839597243449,-8.589952349291718,-31.230108658800766,88,Leuwigoong,SRI,8,2019
658.1,429.77953267896163,289.7483296938719,502.8294501575494,184.32,193.58972857311946,0.0,1087.8795326789616,880.7391787306689,12.58228174136325,-24.594392396313822,25,Leuwigoong,SRI,8,2020
707.9000000000001,434.36540835029047,303.9931224161281,503.44971277679156,177.6,256.5496863059915,0.0,1142.2654083502905,937.5993990827831,4.282393802116124,-29.292350025166293,48,Leuwigoong,SRI,8,2021
820.8999999999999,373.8017920827182,281.1511888995356,488.27588860834237,187.67999999999998,312.3124085551095,0.0,1194.701792082718,988.2682971634518,15.583728597203551,-21.724356387444903,18,Leuwigoong,SRI,8,2022
206.5,743.6926907194395,298.2341514414152,600.2415248928174,158.88,26.31809777800304,0.0,950.1926907194395,785.4396226708204,-10.455713558049343,-31.916672780204337,93,Leuwigoong,SRI,8,2023
424.5,572.4549244754359,306.4645800484672,575.2447400856272,169.92000000000002,47.52477851277946,0.0,996.9549244754359,792.6895185984067,-1.4991010043180406,-29.637767948647472,69,Leuwigoong,SRI,8,2024
581.9,795.463378537813,356.25162872557524,615.0141250960605,280.0,277.59672245045596,100.0,1377.3633785378129,1172.6108475465164,20.35167046768313,-1.4830887009812006,1,Leuwigoong,FL,9,2015
1627.2000000000003,419.9382498701845,259.958656439063,465.483980010845,280.0,1088.4948905736906,100.0,2047.1382498701848,1833.9788705845356,36.76475822657342,5.086481199121903,0,Leuwigoong,FL,9,2016
697.1999999999999,591.2703425533482,347.2617266135821,518.2073487921057,280.0,280.2091953320981,100.0,1288.470342553348,1078.4165441242037,28.293418571131088,0.9821976647798563,0,Leuwigoong,FL,9,2017
606.0999999999998,707.5658395048808,346.1998336192905,568.880219647679,280.0,263.856354980856,100.0,1313.6658395048808,1112.736574628535,17.858415004479003,-0.8775571767872758,3,Leuwigoong,FL,9,2018
493.5,793.8709136493854,354.3847579273547,641.9972519374164,280.0,159.39013659943328,100.0,1287.3709136493853,1081.3873885368498,17.803676409686947,-2.1900179010120118,2,Leuwigoong,FL,9,2019
928.5,488.3682257333234,274.67863223178205,514.7445855968874,280.0,411.9263835629664,100.0,1416.8682257333235,1206.670969159854,34.22789060857613,6.947497747851383,0,Leuwigoong,FL,9,2020
985.8999999999999,464.7283483204165,275.7564638148584,519.7715601602094,280.0,437.2881533614704,100.0,1450.6283483204163,1237.05971352168,26.679779110207512,-1.1494359061509538,1,Leuwigoong,FL,9,2021
1049.0,438.84439787318,297.47460918486706,513.0846342952858,280.0,486.8181066215,100.0,1487.84439787318,1279.902740916786,34.52358496837354,4.7270034636999725,0,Leuwigoong,FL,9,2022
302.09999999999997,823.8156123506894,342.75488388390124,646.2330519354272,280.0,29.03998185858582,100.0,1125.9156123506893,955.273033794013,11.760017411141126,-4.861080411589386,3,Leuwigoong,FL,9,2023
700.0,624.4932852610431,352.23055280419993,590.909992198363,280.0,249.11336630003137,100.0,1324.4932852610432,1120.0233584983944,24.648629764541948,-0.9139918608621951,1,Leuwigoong,FL,9,2024
581.9,656.6246714754136,356.25162872557524,593.3685899722627,176.64,273.7635505118545,0.0,1238.5246714754135,1043.7721404841172,6.32722197005978,-27.355167082556637,49,Leuwigoong,SRI,9,2015
1627.2000000000003,294.99365661914146,259.958656439063,450.4232709964937,192.0,1076.611006336999,0.0,1922.1936566191416,1719.0342773334928,27.14726204844384,-4.320785293813044,5,Leuwigoong,SRI,9,2016
697.1999999999999,451.4815587282116,347.2617266135821,501.32176798550745,189.11999999999998,258.18599231355967,0.0,1148.6815587282115,948.6277602990672,18.035894649003144,-11.932959809885542,18,Leuwigoong,SRI,9,2017
606.0999999999998,557.1327969396851,346.1998336192905,549.4064183824388,174.72,245.65783043462633,0.0,1163.232796939685,969.7842488170652,4.395842978967531,-24.045906529044352,53,Leuwigoong,SRI,9,2018
493.5,655.7869564537862,354.3847579273547,619.3664858381459,170.88,163.0569455031046,0.0,1149.2869564537862,953.3034313412504,1.159540382623924,-29.79828049633868,63,Leuwigoong,SRI,9,2019
928.5,363.22476441152594,274.67863223178205,497.6466871266516,192.0,401.0403777684069,0.0,1291.724764411526,1090.6870648950585,23.834652563590687,-5.50134026482212,8,Leuwigoong,SRI,9,2020
985.8999999999999,332.6008609643395,275.7564638148584,501.92635125465864,182.88,430.12587491094416,0.0,1318.5008609643394,1114.932226165603,14.839913698829267,-22.19579518601731,28,Leuwigoong,SRI,9,2021
1049.0,308.2075474441855,297.47460918486706,496.1381917977393,192.0,470.2930364547394,0.0,1357.2075474441854,1158.4312282524788,25.706993103352776,-3.8398441555282363,5,Leuwigoong,SRI,9,2022
302.09999999999997,678.3117757341658,342.75488388390124,623.3196741625261,164.16,43.05979774888104,0.0,980.4117757341658,830.5394719114071,-5.001056712900089,-30.063521862202283,77,Leuwigoong,SRI,9,2023
700.0,504.5470281333571,352.23055280419993,570.4642849247942,182.88,256.22979968913324,0.0,1204.5470281333571,1009.5740846139274,12.672743891192104,-28.639027847694614,30,Leuwigoong,SRI,9,2024
842.7000000000002,664.3061925771067,363.35499538807335,594.1904017851682,280.0,436.94660242680936,100.0,1507.006192577107,1311.1370042119775,28.676069397385643,3.6248816594247044,0,Leuwigoong,FL,10,2015
1749.7,285.0974520367079,185.09745203670792,461.3881489922713,280.0,1081.738083465531,100.0,2034.797452036708,1823.1262324578022,40.942942674649224,22.308050716781022,0,Leuwigoong,FL,10,2016
888.4000000000001,425.81849832208684,299.50887744443264,506.8944339490436,280.0,330.50664926528356,100.0,1314.2184983220868,1117.4010832143272,33.736659040914226,2.6204252174712224,0,Leuwigoong,FL,10,2017
882.8000000000002,580.2295951621023,332.44517883287693,554.2763467905131,280.0,423.7832607086088,100.0,1463.0295951621024,1258.059607499122,27.013388118573186,3.5782732520729237,0,Leuwigoong,FL,10,2018
817.0,640.592656981212,356.73709285417453,620.4165750679102,280.0,368.66815180045313,100.0,1457.592656981212,1269.0847268683633,27.384678841994678,0.12962785469191918,0,Leuwigoong,FL,10,2019
1274.4,421.05391997786563,293.04115440546366,494.57288479461135,280.0,720.9802947744643,100.0,1695.4539199778658,1495.5531795690756,37.74592363292879,5.38723442759807,0,Leuwigoong,FL,10,2020
1238.0,441.66765068494004,223.452691465372,516.8714641330712,280.0,674.3641169350119,100.0,1679.66765068494,1471.235581068083,32.86710168472619,4.036620884720515,0,Leuwigoong,FL,10,2021
1239.3,333.5316987214185,233.53169872141845,504.5568490545635,280.0,605.2107867251618,100.0,1572.8316987214184,1389.7676357797254,39.69992158007218,10.34215470635645,0,Leuwigoong,FL,10,2022
637.9,703.2435044842161,362.10208953460057,642.9859283275298,280.0,219.33979595145897,100.0,1341.143504484216,1142.3257242789887,21.412587929081965,-1.1142787863248733,3,Leuwigoong,FL,10,2023
906.2,531.8406369762843,278.1892650038957,560.3620158295724,280.0,393.38578425847686,100.0,1438.0406369762843,1233.7478000880492,31.268126314323272,5.3091952450890485,0,Leuwigoong,FL,10,2024
842.7000000000002,519.0380688889245,363.35499538807335,575.6789955685904,187.2,409.708148419566,0.0,1361.7380688889248,1172.5871439881564,17.819971944822072,-24.983142320493066,24,Leuwigoong,SRI,10,2015
1749.7,185.09745203670792,185.09745203670792,446.1399632549436,192.0,1094.1535817188108,0.0,1934.797452036708,1732.2935449737543,32.366496661628716,17.835974065244628,0,Leuwigoong,SRI,10,2016
888.4000000000001,299.5088774444326,299.50887744443264,490.74600524249655,190.56,313.1279487484897,0.0,1187.9088774444326,994.4339539909863,23.358757346751084,-9.49778875073352,8,Leuwigoong,SRI,10,2017
882.8000000000002,434.68227950514034,332.44517883287693,536.9545106343026,186.72,398.8377812078573,0.0,1317.4822795051405,1122.5122918421598,17.279854507655276,-11.481591528009064,24,Leuwigoong,SRI,10,2018
817.0,505.75393535037244,356.73709285417453,600.1870514115158,185.27999999999997,352.89243907830246,0.0,1322.7539353503726,1138.3594904898182,14.101986421868858,-26.25580444209811,29,Leuwigoong,SRI,10,2019
1274.4,293.04115440546366,293.04115440546366,479.06935661134384,192.0,703.1351574760885,0.0,1567.4411544054637,1374.2045140874325,27.79109160670545,-0.3415549957231967,2,Leuwigoong,SRI,10,2020
1238.0,302.0791535784057,223.452691465372,500.22981098443154,192.0,646.4404648020236,0.0,1540.0791535784056,1338.670275786455,22.7739949126346,-5.059673924500611,10,Leuwigoong,SRI,10,2021
1239.3,233.53169872141848,233.53169872141845,488.1755448646929,192.0,612.0437297878024,0.0,1472.8316987214184,1292.2192746524952,30.87335248366884,6.235086566295909,0,Leuwigoong,SRI,10,2022
637.9,558.8889886955606,362.10208953460057,621.6543811862014,176.16,210.1568273041317,0.0,1196.7889886955604,1007.9712084903331,4.941554723644856,-28.07065450153403,53,Leuwigoong,SRI,10,2023
906.2,386.26336058350705,278.1892650038957,542.6800920854837,189.12,366.3704316097882,0.0,1292.463360583507,1098.1705236952719,20.03589574708267,-21.12788639413856,18,Leuwigoong,SRI,10,2024
1424.7,475.39251389242355,343.93633372072935,538.5658926265914,280.0,887.6611519647408,100.0,1900.0925138924235,1706.2270445913323,38.544048960319245,6.238931572170631,0,Leuwigoong,FL,11,2015
1752.9,210.84363625284468,100.44363625284467,451.61898620821376,280.0,1020.0995272674397,100.0,1963.7436362528447,1751.7185134756535,40.527755101678515,14.780502726963364,0,Leuwigoong,FL,11,2016
973.9,355.1346876030795,211.46210466932146,476.45769713043893,280.0,372.3784970429069,100.0,1329.0346876030794,1128.8361941733458,36.21766431963019,-1.4477439235482352,1,Leuwigoong,FL,11,2017
1316.3,427.99902079132124,311.2990207913213,524.8448330578477,280.0,736.9409477788255,100.0,1744.2990207913213,1541.7857808366732,36.96659199722347,9.455542321734741,0,Leuwigoong,FL,11,2018
1269.6,497.4028106130126,339.31271635297395,572.5153936287356,280.0,718.5926575472938,100.0,1767.0028106130126,1571.1080511760294,37.12139568321578,3.4395756706248672,0,Leuwigoong,FL,11,2019
1490.8,240.92081330797402,140.92081330797404,452.9836984289243,280.0,784.02358611234,100.0,1731.720813307974,1517.0072845412642,38.15622619128882,4.7239138490924555,0,Leuwigoong,FL,11,2020
1290.5,362.98880036080527,262.9888003608053,512.3762441991569,280.0,661.4438519603424,100.0,1653.4888003608053,1453.8200961594994,39.709565125277386,5.276668248075504,0,Leuwigoong,FL,11,2021
1371.3,257.3277362163585,140.6277362163585,478.47439796506956,280.0,655.1006943466389,100.0,1628.6277362163585,1413.5750923117084,39.14374033478787,7.137038861671872,0,Leuwigoong,FL,11,2022
851.1999999999998,542.1239853049824,344.2295539731739,608.6120841765592,280.0,314.49737347712914,100.0,1393.3239853049822,1203.1094576536884,28.58613984454385,-1.1142787863248733,1,Leuwigoong,FL,11,2023
989.9999999999999,423.39496352318855,312.6631129070161,541.5858964970787,280.0,405.7216778972683,100.0,1413.3949635231884,1227.307574394347,35.79005649775138,-3.331850616172355,1,Leuwigoong,FL,11,2024
1424.7,369.5931513457929,343.93633372072935,522.156852318331,192.0,895.43409079716,0.0,1794.293151345793,1609.590943115491,30.066308640553057,-3.400082742141399,2,Leuwigoong,SRI,11,2015
1752.9,100.44363625284467,100.44363625284467,436.13549614481065,192.0,1018.3638257502735,0.0,1853.3436362528448,1646.499321895084,31.379129687824896,5.21237893758749,0,Leuwigoong,SRI,11,2016
973.9,226.6604278738376,211.46210466932146,461.38636080947305,191.03999999999996,355.4129665426552,0.0,1200.5604278738376,1007.8393273521282,24.989107567540515,-8.093470636361339,7,Leuwigoong,SRI,11,2017
1316.3,311.2990207913212,311.2990207913213,508.390784801418,192.0,734.6949960352551,0.0,1627.5990207913212,1435.0857808366732,28.664644935915405,-3.8994630477873873,4,Leuwigoong,SRI,11,2018
1269.6,363.199646698494,339.31271635297395,554.7433004599882,191.51999999999998,700.6415868015226,0.0,1632.799646698494,1446.9048872615108,27.46810067320902,-7.386781135528029,4,Leuwigoong,SRI,11,2019
1490.8,140.92081330797404,140.92081330797404,438.60683624021254,192.0,796.4004483010516,0.0,1631.720813307974,1427.0072845412642,31.205443010260275,10.58308301890342,0,Leuwigoong,SRI,11,2020
1290.5,262.98880036080527,262.9888003608053,495.6076007583334,192.0,669.6118736190501,0.0,1553.4888003608053,1357.2194743773834,31.05171599634754,6.104622027797529,0,Leuwigoong,SRI,11,2021
1371.3,151.43020821887868,140.6277362163585,462.17003787605455,192.0,663.507526438174,0.0,1522.7302082188787,1317.6775643142284,29.8710751835115,-2.3024720025201555,1,Leuwigoong,SRI,11,2022
851.1999999999998,377.20711175538986,344.2295539731739,589.4697590512708,188.16,269.7198853014921,0.0,1228.4071117553897,1047.3496443527629,18.255887207497054,-27.813781698470798,16,Leuwigoong,SRI,11,2023
989.9999999999999,312.66311290701617,312.6631129070161,525.4950097261328,191.51999999999998,399.0435200332321,0.0,1302.663112907016,1116.0585297593648,28.33079558670893,-5.631958931942307,3,Leuwigoong,SRI,11,2024
1910.5,298.92748707366974,198.92748707366974,483.82918916008765,280.0,1236.4357093462495,100.0,2209.42748707367,2000.2648985063372,39.789998055288294,8.230496150985822,0,Leuwigoong,FL,12,2015
1705.9,173.42161827772088,73.4216182777209,466.6474116542948,280.0,918.8309459342698,100.0,1879.321618277721,1665.4783575885644,42.2366107476883,15.883168160212966,0,Leuwigoong,FL,12,2016
1157.4,316.6043469283748,160.67967961835225,470.4014017941183,280.0,511.34092154240506,100.0,1474.0043469283748,1261.7423233365234,35.756536796768856,4.541029733708645,0,Leuwigoong,FL,12,2017
1515.8999999999999,292.6317639573818,173.73176395738176,491.30844119814907,280.0,830.221425973138,100.0,1808.5317639573816,1601.5298671712872,40.6930472182258,10.400887462159808,0,Leuwigoong,FL,12,2018
1602.8000000000002,356.678098785923,256.678098785923,519.5150593664914,280.0,955.6894670899472,100.0,1959.478098785923,1755.2045264564385,41.14871721532875,6.666979028908324,0,Leuwigoong,FL,12,2019
1470.1,237.65563204822388,137.65563204822388,451.5662036018178,280.0,762.6550802909217,100.0,1707.7556320482238,1494.2212838927394,41.2796573683121,11.832906416592273,0,Leuwigoong,FL,12,2020
1485.6,183.8679320484485,83.86793204844848,490.0857391358956,280.0,682.02384817561,100.0,1669.4679320484483,1452.1095873115057,40.831217771548765,15.98112602594506,0,Leuwigoong,FL,12,2021
1320.9,223.1309038273131,123.1309038273131,480.70132260877614,280.0,591.7715457782925,100.0,1544.030903827313,1352.4728683870685,40.65143328528942,11.426434880169758,0,Leuwigoong,FL,12,2022
1083.2,404.9792717108872,240.1559973726971,564.1680435836644,280.0,457.3043134825535,100.0,1488.1792717108872,1301.472357066218,33.434580596566576,4.874018641088166,0,Leuwigoong,FL,12,2023
1199.7999999999997,199.2902085036298,99.2902085036298,507.61151102706134,280.0,404.4660479612958,100.0,1399.0902085036296,1192.0775589883572,41.323170837959324,6.139033984436718,0,Leuwigoong,FL,12,2024
1910.5,198.9274870736697,198.92748707366974,468.2953639496045,192.0,1249.5511102318683,0.0,2109.42748707367,1909.8464741814728,31.22046300497805,9.901481337609724,0,Leuwigoong,SRI,12,2015
1705.9,73.4216182777209,73.4216182777209,450.9308114601671,192.0,930.8797346735131,0.0,1779.321618277721,1573.8105461336802,32.15757095546993,16.712047683379176,0,Leuwigoong,SRI,12,2016
1157.4,186.77484670224607,160.67967961835225,454.45422485229574,192.0,493.6972744757514,0.0,1344.1748467022462,1140.151499328047,25.734190731223308,-4.241802992125809,4,Leuwigoong,SRI,12,2017
1515.8999999999999,185.1799532221661,173.73176395738176,474.68221423974137,192.0,833.0448177634057,0.0,1701.0799532221658,1499.727032003147,31.42798931045567,-3.6481892647843455,1,Leuwigoong,SRI,12,2018
1602.8000000000002,256.678098785923,256.678098785923,503.28508789675686,192.0,969.9194385596818,0.0,1859.478098785923,1665.2045264564385,32.51934472136851,7.505919830602301,0,Leuwigoong,SRI,12,2019
1470.1,137.65563204822388,137.65563204822388,437.30214197753554,192.0,774.202815221241,0.0,1607.7556320482238,1403.5049571987765,32.787077250700385,12.66327367979433,0,Leuwigoong,SRI,12,2020
1485.6,83.86793204844847,83.86793204844848,473.3751487952776,192.0,696.7344385162279,0.0,1569.4679320484483,1362.1095873115055,31.402524496890987,18.34025147769666,0,Leuwigoong,SRI,12,2021
1320.9,123.13090382731309,123.1309038273131,465.47380346248633,192.0,595.7428389954555,0.0,1444.030903827313,1253.2166424579418,30.545599798296156,7.329040262263378,0,Leuwigoong,SRI,12,2022
1083.2,255.32830498965046,240.1559973726971,545.7750866359147,190.07999999999998,420.565471337733,0.0,1338.5283049896505,1156.4205579736476,25.466719482592207,-18.67482555729222,7,Leuwigoong,SRI,12,2023
1199.7999999999997,99.2902085036298,99.2902085036298,490.8456959543401,191.51999999999998,416.78522642169986,0.0,1299.0902085036296,1099.15092237604,29.4312466370341,-5.02010584951819,2,Leuwigoong,SRI,12,2024
2031.0000000000002,223.10829691123894,123.10829691123891,465.03377521245824,280.0,1295.3067027799634,100.0,2254.108296911239,2040.3404779924217,43.05001306019284,31.22888344088917,0,Selaawi,FL,1,2016
1816.2000000000003,173.2156041426885,73.21560414268849,467.88822377356144,280.0,1027.5924968385307,100.0,1989.4156041426888,1775.4807206120922,41.87230111058989,14.820870747955736,0,Selaawi,FL,1,2017
1626.8999999999999,283.4662738481974,153.39346621419173,478.3293481950674,280.0,976.9634391650764,100.0,1910.3662738481971,1735.2927873601438,37.484590994227666,-2.174844963289166,4,Selaawi,FL,1,2018
2133.0,207.4661319863329,107.4661319863329,474.25300546777106,280.0,1374.9988678890768,100.0,2340.466131986333,2129.2518733568477,42.7994798865578,10.01482649357518,0,Selaawi,FL,1,2019
2527.7,244.412686166757,144.412686166757,479.1724557898033,280.0,1804.0385904336194,100.0,2772.1126861667567,2563.2110462234227,43.63379436781886,29.708933557771857,0,Selaawi,FL,1,2020
2972.6,142.89741598248588,42.897415982485875,429.74825060649243,280.0,2201.8626615217545,100.0,3115.497415982486,2911.610912128247,43.482025223253856,8.971482104482979,0,Selaawi,FL,1,2021
2034.0,159.61897414150087,45.05378853126874,486.4942454640236,280.0,1209.1102308359132,100.0,2193.618974141501,1975.6044762999368,41.3341694522471,4.83481438976788,0,Selaawi,FL,1,2022
1755.7,181.34205968102748,64.3420596810275,479.60200630661956,280.0,959.9515619039414,100.0,1937.0420596810275,1719.553568210561,40.18158303396965,12.069109134289008,0,Selaawi,FL,1,2023
1615.2,330.49145741560324,230.49145741560318,548.9464445528272,280.0,920.5235802065165,100.0,1945.6914574156033,1749.4700247593437,38.52978002005682,6.857629539170027,0,Selaawi,FL,1,2024
2031.0000000000002,123.10829691123891,123.10829691123891,449.6874078063396,192.0,1307.819174555886,0.0,2154.108296911239,1949.5065823622258,33.40021930252053,15.55730377037335,0,Selaawi,SRI,1,2016
1816.2000000000003,73.21560414268849,73.21560414268849,452.1699412514488,192.0,1040.4774976719552,0.0,1889.4156041426888,1684.647438923404,32.687268909158156,11.501624359879965,0,Selaawi,SRI,1,2017
1626.8999999999999,153.39346621419173,153.39346621419173,462.249151458197,192.0,950.3647366721752,0.0,1780.2934662141915,1604.6138881303723,29.45134260318335,-5.580824343179906,5,Selaawi,SRI,1,2018
2133.0,107.4661319863329,107.4661319863329,458.4734868971195,192.0,1387.9429057198288,0.0,2240.466131986333,2038.4163926169483,33.545921873696535,10.837451973836812,0,Selaawi,SRI,1,2019
2527.7,144.412686166757,144.412686166757,463.75731887470533,192.0,1816.6188577729592,0.0,2672.1126861667567,2472.3761766476646,34.107849293319255,23.76891030176816,0,Selaawi,SRI,1,2020
2972.6,42.89741598248588,42.897415982485875,415.36391619793426,192.0,2210.892420573231,0.0,3015.497415982486,2818.2563367711655,33.794300716001615,9.797507034141564,0,Selaawi,SRI,1,2021
2034.0,45.053788531268744,45.05378853126874,469.8372199471627,192.0,1209.2020707425422,0.0,2079.0537885312688,1871.039290689705,31.738363394838704,-3.6391835108635093,1,Selaawi,SRI,1,2022
1755.7,64.3420596810275,64.3420596810275,463.8151999651767,192.0,956.7383682453843,0.0,1820.0420596810275,1612.553568210561,29.850256096012732,-3.270188975951479,2,Selaawi,SRI,1,2023
1615.2,230.49145741560318,230.49145741560318,531.4522742704919,192.0,931.8255759660542,0.0,1845.6914574156033,1655.277850236546,31.40273273654956,7.808056999957275,0,Selaawi,SRI,1,2024
2036.1,202.85284145536872,66.24335225310534,465.4176845214443,280.0,1318.9794215117436,100.0,2238.952841455369,2064.397106033188,39.11365383475009,-5.106457545588059,4,Selaawi,FL,2,2015
1761.9,236.37056872191522,136.37056872191516,466.87655179839334,280.0,1060.5087856265804,100.0,1998.2705687219154,1807.3853374249738,41.9743775491337,7.957260327409825,0,Selaawi,FL,2,2016
1439.5,219.31123727608298,81.17591878018712,474.5050052813017,280.0,721.166394513981,100.0,1658.811237276083,1475.6713997952827,38.68915249097548,-3.177914498939259,3,Selaawi,FL,2,2017
1342.9,307.4708470866885,104.74556724253021,487.4728114386319,280.0,697.8257710389862,100.0,1650.3708470866886,1465.298582477618,32.54814682514673,-4.33063228893936,10,Selaawi,FL,2,2018
1866.5,206.39760062783256,75.6862361369991,477.1136339169712,280.0,1133.9448594767014,100.0,2072.8976006278326,1891.0584933936725,37.751065410924134,-5.814532613707914,3,Selaawi,FL,2,2019
2326.6,172.1593711131793,72.15937111317929,462.85954772308,280.0,1563.3004578821926,100.0,2498.7593711131794,2306.1600056052725,40.475261344376115,10.88157520692572,0,Selaawi,FL,2,2020
2330.2999999999997,187.41455465056396,12.430908776744456,451.29726324414645,280.0,1574.7604814254805,100.0,2517.7145546505635,2306.057744669627,34.66851992422461,-3.2149441452826917,6,Selaawi,FL,2,2021
1763.4,190.2654180940176,90.26541809401758,492.31085488520387,280.0,967.4654871572313,100.0,1953.6654180940177,1739.7763420424353,41.39130642692657,7.9867088599888945,0,Selaawi,FL,2,2022
1567.5,231.5884370000216,102.48321396993218,490.4607120857456,280.0,850.273677874618,100.0,1799.0884370000217,1620.7343899603636,38.8100807102537,-3.705223030089446,1,Selaawi,FL,2,2023
1599.6,235.74914400110814,90.97666787654722,530.1123355950392,280.0,853.1598564426987,100.0,1835.349144001108,1663.272192037738,35.148338069217495,-5.806561302458178,8,Selaawi,FL,2,2024
2036.1,66.24335225310534,66.24335225310534,449.8820829692347,187.2,1318.206432625925,0.0,2102.3433522531054,1955.2885155951597,29.10079399084381,-30.000988581776127,11,Selaawi,SRI,2,2015
1761.9,136.37056872191516,136.37056872191516,451.1321209349326,192.0,1066.75777028089,0.0,1898.2705687219152,1709.8898912158227,32.61908409766015,8.7824359677325,0,Selaawi,SRI,2,2016
1439.5,81.17591878018712,81.17591878018712,458.1240513236618,189.11999999999998,724.6563656138226,0.0,1520.6759187801872,1371.9004169374844,29.14157365058018,-30.28221721104827,7,Selaawi,SRI,2,2017
1342.9,170.19838837098058,104.74556724253021,470.4089580006179,180.0,704.4903407770996,0.0,1513.0983883709807,1354.8992987777174,17.894831702223147,-34.782247188636426,31,Selaawi,SRI,2,2018
1866.5,75.6862361369991,75.6862361369991,461.04528233493755,190.07999999999998,1132.9865608677337,0.0,1942.186236136999,1784.1118432026713,29.42952290155836,-19.551619864160983,5,Selaawi,SRI,2,2019
2326.6,72.15937111317929,72.15937111317929,447.1252941101777,192.0,1565.4074347196256,0.0,2398.759371113179,2204.532728829803,32.170661243298184,9.53126099831617,0,Selaawi,SRI,2,2020
2330.2999999999997,44.54711732179335,12.430908776744456,435.11523775124715,181.92000000000002,1553.6545367059452,0.0,2374.847117321793,2170.6897744571925,24.041766181009585,-33.3162085450489,24,Selaawi,SRI,2,2021
1763.4,90.26541809401758,90.26541809401758,475.5637119526219,192.0,981.867824096942,0.0,1853.6654180940177,1649.4315360495639,31.962466864892296,8.821493920781084,0,Selaawi,SRI,2,2022
1567.5,102.48321396993217,102.48321396993218,473.49947773812846,191.51999999999998,838.9756623373105,0.0,1669.9832139699322,1503.995140075439,28.40717892786334,-8.68198803215218,4,Selaawi,SRI,2,2023
1599.6,90.97666787654722,90.97666787654722,512.1091353298455,186.23999999999998,850.221519189811,0.0,1690.5766678765472,1548.5706545196565,26.39861182156213,-32.04172316560275,15,Selaawi,SRI,2,2024
1634.1000000000001,267.5086849332897,45.21727379914803,473.8797818530986,280.0,973.1579299041837,100.0,1901.6086849332899,1727.0377117572823,31.897261572082094,-4.653590732950028,8,Selaawi,FL,3,2015
1628.3000000000002,170.54465161331237,48.293642528637875,452.34620339197784,280.0,879.9177952938696,100.0,1798.8446516133126,1612.2639986858476,36.01734977392534,-2.251009084674484,1,Selaawi,FL,3,2016
1152.5,319.05480022442094,100.52721841053645,484.27133191149017,280.0,523.4067208173881,100.0,1471.554800224421,1287.6780527288784,30.99912498489224,-5.336065888279438,6,Selaawi,FL,3,2017
1022.7,349.72447024935076,50.38933244377761,509.7030115418977,280.0,400.8852925607382,100.0,1372.4244702493509,1190.588304102636,22.883138423032246,-4.225374163604452,12,Selaawi,FL,3,2018
1430.3999999999999,314.14783611151336,69.03309324712554,495.71935079076457,280.0,796.162722368747,100.0,1744.5478361115133,1571.8820731595115,31.968924240604206,-5.121613579629692,14,Selaawi,FL,3,2019
2022.0,120.69580105038719,20.69580105038718,454.133061332435,280.0,1218.5629476249571,100.0,2142.695801050387,1952.6960089573922,40.677214862093045,8.385463534927414,0,Selaawi,FL,3,2020
1811.0000000000002,169.37260471844257,27.20626460314732,464.1792815258423,280.0,1045.2426177069217,100.0,1980.3726047184427,1789.421899232764,29.429181907881578,-4.610160052847921,4,Selaawi,FL,3,2021
1554.0,159.4411579545379,59.44115795453789,477.44284580353303,280.0,742.1014432076934,100.0,1713.4411579545379,1499.5442890112263,41.50414188050651,12.527453605431514,0,Selaawi,FL,3,2022
1302.0,269.1019415182331,69.69396675190808,493.24096203562686,280.0,618.2996508966546,100.0,1571.1019415182332,1391.5406129322814,28.52604840009989,-4.992536694680911,12,Selaawi,FL,3,2023
1297.0,221.0758093371384,75.77618494443975,528.8446188506905,280.0,541.3984385127337,100.0,1518.0758093371385,1350.2430573634242,30.161880006112934,-4.712692167916446,9,Selaawi,FL,3,2024
1634.1000000000001,142.7531799960327,45.21727379914803,457.91532570485197,174.23999999999998,977.4942112429123,0.0,1776.8531799960328,1609.6495369477643,17.407481317820015,-33.55649271123745,39,Selaawi,SRI,3,2015
1628.3000000000002,48.293642528637875,48.293642528637875,436.7266196944771,192.0,857.7391390967266,0.0,1676.5936425286382,1486.4657587912038,29.016897772527695,-0.37431098681047104,1,Selaawi,SRI,3,2016
1152.5,167.55226367145684,100.52721841053645,467.4672991357546,178.07999999999998,519.3406339509711,0.0,1320.0522636714568,1164.8879330867258,17.744260187517103,-33.524793765469205,34,Selaawi,SRI,3,2017
1022.7,211.15822011133298,50.38933244377761,492.0023711925175,171.35999999999996,419.8744078327163,0.0,1233.8582201113331,1083.2367790252338,8.191430190399553,-33.715088577436674,49,Selaawi,SRI,3,2018
1430.3999999999999,196.9142846585054,69.03309324712554,479.0094351056561,177.11999999999998,800.9355868729328,0.0,1627.3142846585054,1457.065021978589,18.007252400973663,-33.337458375050836,33,Selaawi,SRI,3,2019
2022.0,20.69580105038718,20.69580105038718,438.47869278448707,192.0,1225.5457491589518,0.0,2042.6958010503872,1856.024441943439,31.023706490622914,5.057030548880488,0,Selaawi,SRI,3,2020
1811.0000000000002,57.99919459772505,27.20626460314732,447.5727168567312,182.39999999999998,1059.0072551201997,0.0,1868.9991945977254,1688.9799719769308,20.30264494341645,-28.992929994577725,28,Selaawi,SRI,3,2021
1554.0,59.44115795453789,59.44115795453789,460.97699268289455,192.0,754.9135648794443,0.0,1613.4411579545379,1407.890557562339,31.65146960887816,12.793794516500345,0,Selaawi,SRI,3,2022
1302.0,131.29290596203407,69.69396675190808,475.95398203075956,180.95999999999998,610.3906303738634,0.0,1433.2929059620342,1267.304612404623,17.53868595419732,-33.79262006918533,27,Selaawi,SRI,3,2023
1297.0,107.02988306601941,75.77618494443975,510.45997365304925,179.99999999999997,572.9163650191247,0.0,1404.0298830660195,1263.376338672174,17.36106243486157,-31.891899747785377,30,Selaawi,SRI,3,2024
1034.9,405.18249779684106,76.67283979980363,487.79082441393774,280.0,496.1452749087493,100.0,1440.0824977968412,1263.9360993226871,22.827925383575355,-5.1679357452665275,11,Selaawi,FL,4,2015
971.3,254.9959035477215,78.57075414503535,462.9410360099296,280.0,308.2343071473756,100.0,1226.2959035477215,1051.1753431573052,31.252987137699964,-5.127675827717346,9,Selaawi,FL,4,2016
781.3000000000001,415.85493240642757,107.71967344712277,498.032013094192,280.0,245.57009220168018,100.0,1197.1549324064276,1023.6021052958722,21.846930405820565,-5.203711133958862,14,Selaawi,FL,4,2017
518.7,561.7777045259052,92.95258187115019,531.4722710726085,280.0,91.67573809249882,100.0,1080.4777045259052,903.1480091651073,7.3235356384097186,-2.711699215139231,13,Selaawi,FL,4,2018
941.9,468.9250643904656,83.07799913948273,519.7977982612015,280.0,435.2944465284738,100.0,1410.8250643904655,1235.0922447896753,22.29530473404632,-5.601351114306159,13,Selaawi,FL,4,2019
1354.3,312.8308659187387,93.2659924830025,472.95290846834956,280.0,734.0000172948412,100.0,1667.1308659187387,1486.9529257631907,32.05887254891161,-6.137478214232013,8,Selaawi,FL,4,2020
1121.3,222.30855692945747,46.348939465682925,479.4226988867059,280.0,403.9337785651898,100.0,1343.6085569294573,1163.3564774518957,25.215249406215353,-5.5752421172662725,5,Selaawi,FL,4,2021
1198.1,170.75847579583183,33.40354097056957,480.74888999934933,280.0,417.5778513906159,100.0,1368.8584757958317,1178.3267413899653,34.51830566540617,-5.194629591039913,4,Selaawi,FL,4,2022
893.0999999999999,416.34123121586447,147.631106694347,521.5696062166718,280.0,332.46250953250967,100.0,1309.4412312158643,1134.0321157491815,19.917656308951763,-6.2466183923046055,11,Selaawi,FL,4,2023
867.8,319.22822096219954,125.85998922668713,527.010944329935,280.0,210.10847051704673,100.0,1187.0282209621996,1017.1194148469817,22.441853004223937,-3.6225002289540456,8,Selaawi,FL,4,2024
1034.9,271.25909419965916,76.67283979980363,470.8306547753298,167.03999999999996,522.9527247410604,0.0,1306.1590941996592,1160.82337951639,5.085207121621843,-33.50548374361553,60,Selaawi,SRI,4,2015
971.3,111.95872416585523,78.57075414503535,447.6584223859954,178.56,300.2675272304466,0.0,1083.2587241658553,926.485949616442,15.897351754038622,-33.38797002081988,29,Selaawi,SRI,4,2016
781.3000000000001,263.5776586391157,107.71967344712277,481.379630836144,167.51999999999998,250.47021436271405,0.0,1044.877658639116,899.369845198858,5.66976313985918,-31.954546684462038,56,Selaawi,SRI,4,2017
518.7,411.2006493928838,92.95258187115019,513.7043720047349,160.79999999999995,91.67573809249882,0.0,929.9006493928839,766.1801100972336,-8.406115977867714,-33.886938930998625,77,Selaawi,SRI,4,2018
941.9,341.7718959819158,83.07799913948273,501.6765783649473,166.55999999999997,447.0657202443894,0.0,1283.671895981916,1115.3022986093367,5.8418547753501695,-33.11984307629134,59,Selaawi,SRI,4,2019
1354.3,159.72281191730127,93.2659924830025,457.3991750473673,180.95999999999998,707.7354333330542,0.0,1514.0228119173012,1346.0946083804215,18.33789471894216,-33.7347087776056,25,Selaawi,SRI,4,2020
1121.3,109.0258837444697,46.348939465682925,463.4541194906368,178.56,429.18868354911064,0.0,1230.3258837444696,1071.2028030397476,10.464133632928272,-31.589155703311157,38,Selaawi,SRI,4,2021
1198.1,33.40354097056958,33.40354097056957,465.1689464994539,187.2,402.2264813471516,0.0,1231.5035409705695,1054.5954278466054,25.162760651094466,-17.541774061871013,13,Selaawi,SRI,4,2022
893.0999999999999,276.1537679513203,147.631106694347,504.2085116086637,170.39999999999998,332.917289395601,0.0,1169.2537679513202,1007.5258010042646,6.808237443977385,-33.96222675630997,55,Selaawi,SRI,4,2023
867.8,187.58608692475738,125.85998922668713,509.25763718824277,175.19999999999996,225.9497262651542,0.0,1055.3860869247574,910.407363453397,7.7834137280892355,-29.286736862968628,45,Selaawi,SRI,4,2024
634.6999999999999,575.3113232041147,62.32571629395612,515.2511365961252,280.0,238.6795097319843,100.0,1210.0113232041147,1033.9306463281096,9.487400593020308,-4.872915445582133,11,Selaawi,FL,5,2015
656.6,325.59169692156627,117.14929468991326,467.2858037999303,280.0,63.312301595849014,100.0,982.1916969215663,810.5981053957794,23.118930669022983,-5.191055827629624,10,Selaawi,FL,5,2016
413.0,638.7740277107036,149.2332307522597,520.198596896311,280.0,71.79859823266278,100.0,1051.7740277107036,871.9971951289738,9.080961587956354,-4.019187700578651,12,Selaawi,FL,5,2017
184.29999999999998,825.4986334798168,240.15574319915564,561.2373687504085,280.0,0.0,100.0,1009.7986334798168,841.2373687504085,7.050980744900314,-5.27390009919821,11,Selaawi,FL,5,2018
576.1,693.2487625331036,99.32576500998357,559.8813349991715,280.0,250.2686754511062,100.0,1269.3487625331036,1090.1500104502777,7.157997964031794,-4.321111892101505,11,Selaawi,FL,5,2019
928.5,422.2893336702593,120.79603779399756,492.1956163266701,280.0,402.9529636492367,100.0,1350.7893336702593,1175.1485799759068,17.457196990669047,-5.770434876686125,9,Selaawi,FL,5,2020
638.0999999999999,483.3843123632771,162.07165506026834,501.110541272248,280.0,165.0186202561272,100.0,1121.484312363277,946.1291615283751,21.622043933604598,-2.5317685105369367,11,Selaawi,FL,5,2021
771.9,378.4144543306673,152.2679846302718,495.3815994699641,280.0,206.94613489603123,100.0,1150.3144543306673,982.3277343659954,24.88994604740821,-6.106764294450202,8,Selaawi,FL,5,2022
587.5999999999999,538.1182448509601,147.44751964744668,540.8175561404837,280.0,136.20141599314542,100.0,1125.71824485096,957.0189721336292,13.350046837404799,-3.781736133267189,11,Selaawi,FL,5,2023
569.8,530.3625445575767,124.67702735585127,552.3098538010069,280.0,101.12325555332006,100.0,1100.1625445575767,933.4331093543269,13.076827930938961,-5.2132467577301,12,Selaawi,FL,5,2024
634.6999999999999,414.2614352780151,62.32571629395612,497.27398993526367,159.35999999999999,238.6795097319843,0.0,1048.961435278015,895.3134996672479,-8.683763049073432,-33.030389409593184,81,Selaawi,SRI,5,2015
656.6,179.60536070706945,117.14929468991326,452.0897450410099,173.27999999999997,64.1342830698854,0.0,836.2053607070695,689.5040281108953,8.456120434581662,-31.850706936626533,50,Selaawi,SRI,5,2016
413.0,488.61815902099437,149.2332307522597,502.99432459583807,160.79999999999998,71.79859823266278,0.0,901.6181590209944,735.5929228285008,-8.191871544062217,-34.46004575266371,80,Selaawi,SRI,5,2017
184.29999999999998,680.7859135984597,240.15574319915564,542.1918854694817,156.0,0.0,0.0,865.0859135984597,698.1918854694817,-12.125053502413367,-35.27513905339631,93,Selaawi,SRI,5,2018
576.1,520.290812865763,99.32576500998357,540.1344639018247,157.44,250.2686754511062,0.0,1096.390812865763,947.8431393529308,-10.430185731722156,-35.19353725398787,88,Selaawi,SRI,5,2019
928.5,250.54148380851157,120.79603779399756,475.5113680992832,169.91999999999996,391.72044973333334,0.0,1179.0414838085117,1037.1518178326164,5.140339197694119,-33.8115305437447,50,Selaawi,SRI,5,2020
638.0999999999999,337.2575097579314,162.07165506026834,484.8244550876328,173.27999999999997,153.97587349417017,0.0,975.3575097579313,812.080328581803,4.6771756081863956,-32.31656152895183,53,Selaawi,SRI,5,2021
771.9,229.97670151386973,152.2679846302718,479.27732767011076,176.64,186.86323695910204,0.0,1001.8767015138696,842.7805646292129,12.274670339614124,-31.57004248543212,42,Selaawi,SRI,5,2022
587.5999999999999,399.49583844174725,147.44751964744668,522.7624547939706,161.27999999999997,152.83581092922822,0.0,987.0958384417472,836.8782657231989,-4.0518756936607945,-32.266655947648374,75,Selaawi,SRI,5,2023
569.8,376.8698664097151,124.67702735585127,534.3965404021376,164.15999999999997,100.11133506331149,0.0,946.669866409715,798.667875465449,-4.189324312935223,-33.1903639229381,73,Selaawi,SRI,5,2024
116.1,919.9486545413072,295.81028522950373,569.9641768730219,280.0,10.554189753537223,100.0,1036.048654541307,860.5183666265591,6.7767471587549695,-4.544560779111519,10,Selaawi,FL,6,2015
563.5,477.1540623470479,194.05568895314389,480.9046693694952,280.0,86.41453043091825,100.0,1040.6540623470478,847.3191998004135,14.23500054505223,-2.865658494651284,1,Selaawi,FL,6,2016
150.89999999999998,877.8879314383662,283.69875773857956,570.364529738409,280.0,2.6927203690711377,100.0,1028.7879314383663,853.0572501074802,6.42386283303085,-4.919904667555805,12,Selaawi,FL,6,2017
84.80000000000001,971.0677094309809,321.99680475202496,601.7010342211811,280.0,0.0,100.0,1055.867709430981,881.7010342211811,6.6110659440979695,-4.765341018196399,10,Selaawi,FL,6,2018
83.9,988.8511568867862,288.5140173960817,618.5081366278855,280.0,0.0,100.0,1072.7511568867862,898.5081366278855,6.241538559216978,-5.452151839257947,10,Selaawi,FL,6,2019
478.4,651.4948485433003,181.36569567575748,539.8813993358468,280.0,128.14663833732234,100.0,1129.8948485433002,948.0280376731691,11.125959992159396,-4.490922735964719,11,Selaawi,FL,6,2020
426.0,635.6690963953979,245.97276998471366,521.1676402623312,280.0,82.38904704746597,100.0,1061.669096395398,883.5566873097972,10.815438794897478,-6.103707296526098,9,Selaawi,FL,6,2021
573.4,464.36334120775183,192.60390553578472,519.3025609783017,280.0,59.025356514613385,100.0,1037.7633412077519,858.327917492915,16.590540823060053,-6.4090609281088975,7,Selaawi,FL,6,2022
280.3,805.473087015634,247.64327006893254,586.0621966433446,280.0,43.47656817512696,100.0,1085.773087015634,909.5387648184716,8.116146471797078,-5.01425170742622,11,Selaawi,FL,6,2023
389.9,763.4366531322521,265.1639888521205,591.8672889775858,280.0,108.11029038766736,100.0,1153.3366531322522,979.9775793652532,12.44102746532222,-4.946122122091689,6,Selaawi,FL,6,2024
116.1,769.6109756278981,295.81028522950373,550.3744191915595,157.91999999999996,10.554189753537223,0.0,885.7109756278982,718.8486089450967,-11.244880908050868,-34.35658231140496,89,Selaawi,SRI,6,2015
563.5,313.3507185650924,194.05568895314389,464.29116129974216,170.39999999999998,55.685689112386726,0.0,876.8507185650924,690.3768504121289,-1.7798963789917186,-29.037185384452386,55,Selaawi,SRI,6,2016
150.89999999999998,727.6134359120346,283.69875773857956,550.8441446629583,157.91999999999996,2.6927203690711377,0.0,878.5134359120345,711.4568650320294,-9.936773866799024,-34.21644538711265,85,Selaawi,SRI,6,2017
84.80000000000001,801.3211807144927,321.99680475202496,580.8515014650745,157.44,0.0,0.0,886.1211807144928,738.2915014650746,-10.834270544328248,-35.572991445208885,93,Selaawi,SRI,6,2018
83.9,810.8684225135737,288.5140173960817,596.9440550195745,156.47999999999996,0.0,0.0,894.7684225135737,753.4240550195746,-10.818717619768035,-35.29105815558124,93,Selaawi,SRI,6,2019
478.4,481.5027755778968,181.36569567575748,521.0103822449624,157.91999999999996,130.569225988376,0.0,959.9027755778968,809.4996082333384,-5.81429375350693,-32.99578348311279,79,Selaawi,SRI,6,2020
426.0,482.91331002887625,245.97276998471366,503.18788933064695,166.55999999999997,83.59463462540785,0.0,908.9133100288763,753.3425239560547,-1.2535398460022733,-32.37862731130852,67,Selaawi,SRI,6,2021
573.4,323.71907870478503,192.60390553578472,501.0184341367588,172.31999999999996,63.108985999024654,0.0,897.119078704785,736.4474201357834,4.307878087538328,-33.529340409936225,50,Selaawi,SRI,6,2022
280.3,640.0484005008697,247.64327006893254,565.8144799907384,157.43999999999997,43.47656817512696,0.0,920.3484005008697,766.7310481658653,-9.828600969873278,-31.78278687796565,86,Selaawi,SRI,6,2023
389.9,582.2967230827999,265.1639888521205,571.425398517817,162.72,79.90261446809521,0.0,972.1967230827998,814.0480129859122,-7.812419585920944,-34.9490415851001,81,Selaawi,SRI,6,2024
96.5,966.2998038109015,313.45017026527637,616.1397091659851,280.0,0.0,100.0,1062.7998038109015,896.1397091659851,6.511889906383955,-5.836530661591308,12,Selaawi,FL,7,2015
804.6999999999999,480.85472898504736,265.93884594752603,479.4491584198792,280.0,323.8757209882202,100.0,1285.5547289850474,1083.3248794080996,25.575603466991822,1.1363357369956697,0,Selaawi,FL,7,2016
277.1,820.0234500345587,294.74012552530917,581.7806225040731,280.0,46.44125086094002,100.0,1097.1234500345586,908.2218733650132,10.804025044477372,-0.40042981242619735,1,Selaawi,FL,7,2017
73.9,1025.3081668102966,315.03754349065986,642.2128728422588,280.0,2.4033678207712565,100.0,1099.2081668102967,924.61624066303,6.124178082785326,-5.620229693216614,12,Selaawi,FL,7,2018
54.0,1061.1156422082618,346.2142324532059,672.6666655532063,280.0,0.0,100.0,1115.1156422082618,952.6666655532063,5.771262449849891,-5.977575447119457,12,Selaawi,FL,7,2019
427.70000000000005,764.3552405485782,255.18481747973416,585.0024952479603,280.0,150.57007767323154,100.0,1192.0552405485782,1015.5725729211917,6.980704931857927,-5.9274365381258765,12,Selaawi,FL,7,2020
316.5,710.2423324422825,230.05362373120596,556.6241963006814,280.0,6.1010401363013145,100.0,1026.7423324422825,842.7252364369828,7.2780720894024356,-6.704692009980135,13,Selaawi,FL,7,2021
621.7,489.00087811156976,199.0364283809231,539.52183524988,280.0,72.27183184665674,100.0,1110.7008781115699,891.7936670965368,18.389279109401077,-3.4491597001822583,2,Selaawi,FL,7,2022
163.89999999999998,940.8004209779684,274.6508894474146,649.3806971216902,280.0,0.4186982835459645,100.0,1104.7004209779684,929.7993954052362,5.92905864778724,-5.9903312541507985,12,Selaawi,FL,7,2023
321.5,813.3681177978917,283.32580658250976,628.1737965107245,280.0,51.239920698029785,100.0,1134.8681177978917,959.4137172087543,10.873083906065592,-5.873765159986515,9,Selaawi,FL,7,2024
96.5,822.6686605526697,313.45017026527637,594.2558672444748,158.87999999999997,0.0,0.0,919.1686605526697,753.1358672444748,-10.538648223163609,-33.051233277248684,92,Selaawi,SRI,7,2015
804.6999999999999,364.2442807049148,265.93884594752603,462.3763226578469,182.39999999999998,329.41478091143176,0.0,1168.9442807049147,974.1911035692787,10.08421437346383,-26.907674979818623,37,Selaawi,SRI,7,2016
277.1,677.8628895121171,294.74012552530917,560.0756909973297,166.07999999999998,38.175042391881185,0.0,954.9628895121172,764.3307333892109,-4.541839423397689,-28.038325795828563,72,Selaawi,SRI,7,2017
73.9,851.7531326574525,315.03754349065986,619.4711867732622,156.48,2.4033678207712565,0.0,925.6531326574525,778.3545545940334,-11.210621687244487,-35.40863991811432,94,Selaawi,SRI,7,2018
54.0,894.8611186210092,346.2142324532059,648.7198552210115,155.99999999999997,0.0,0.0,948.8611186210092,804.7198552210115,-11.073621287831248,-36.45022659428325,95,Selaawi,SRI,7,2019
427.70000000000005,607.8440359310284,255.18481747973416,563.4806510090714,160.79999999999998,150.57007767323154,0.0,1035.5440359310285,874.8507286823028,-9.07925798496922,-32.9946783462988,89,Selaawi,SRI,7,2020
316.5,537.2890394541793,230.05362373120596,536.7844396619189,161.76,6.1010401363013145,0.0,853.7890394541793,704.6454797982202,-9.666371649514092,-35.590747014544256,80,Selaawi,SRI,7,2021
621.7,353.993759788489,199.0364283809231,519.6139644723714,173.27999999999997,73.89258430108464,0.0,975.693759788489,766.786548773456,3.115888603750171,-28.664708711079783,50,Selaawi,SRI,7,2022
163.89999999999998,767.5462308420649,274.6508894474146,625.889330831242,157.44,0.4186982835459645,0.0,931.4462308420649,783.748029114788,-10.329587893458122,-35.88933837267798,90,Selaawi,SRI,7,2023
321.5,648.9591071520457,283.32580658250976,605.5418064673199,164.64,39.67813823980603,0.0,970.4591071520457,809.8599447071259,-4.517314415256763,-36.00770039153973,73,Selaawi,SRI,7,2024
185.5,955.4876455838473,339.03347200789426,650.3055474301705,280.0,20.102152429859274,100.0,1140.9876455838473,950.4076998600298,10.522681563613446,-5.385148797931909,4,Selaawi,FL,8,2015
1165.8,466.4356516193126,245.67676888728508,478.61062013139156,280.0,662.2692100053491,100.0,1632.2356516193126,1420.8798301367406,33.30054294173231,4.3718915489772545,0,Selaawi,FL,8,2016
465.79999999999995,749.6471659701988,329.3912482403237,598.23109720235,280.0,132.0699818464062,100.0,1215.4471659701987,1010.3010790487563,16.24554366634926,-3.634163925608514,6,Selaawi,FL,8,2017
202.40000000000003,933.1424980503322,356.98768409568663,652.7219768315383,280.0,7.152689210271539,100.0,1135.5424980503321,939.8746660418099,9.28032361848287,-5.3772677586252,11,Selaawi,FL,8,2018
105.8,1048.2491406598986,353.6090014521072,707.1885961307574,280.0,0.0,100.0,1154.0491406598985,987.1885961307574,6.624504242013472,-6.285713838597361,9,Selaawi,FL,8,2019
482.0,687.5535446867726,321.103285052207,593.7257169579074,280.0,112.8484785022622,100.0,1169.5535446867725,986.5741954601696,16.509089989362113,-1.4328549312259122,1,Selaawi,FL,8,2020
567.3000000000001,694.5223259350225,324.2915320768004,576.9380228910934,280.0,193.66159921930836,100.0,1261.8223259350225,1050.5996221104017,14.008827270031302,-1.4080447108339031,5,Selaawi,FL,8,2021
923.1,531.4762458767295,275.61448422103797,550.7604416380387,280.0,410.64334680808065,100.0,1454.5762458767294,1241.4037884461195,24.738958023953458,1.6537556789856627,0,Selaawi,FL,8,2022
185.9,965.9047168824545,312.02161126328804,694.9905200601697,280.0,4.48469121111574,100.0,1151.8047168824546,979.4752112712855,6.227768092722341,-6.927078050923851,12,Selaawi,FL,8,2023
429.4,765.3988783030767,311.90952644347817,654.1287042334695,280.0,63.09671624359731,100.0,1194.7988783030767,997.2254204770668,12.537561557551246,-5.2281978884220255,4,Selaawi,FL,8,2024
185.5,791.6665495321104,339.03347200789426,626.2037002748425,163.67999999999998,1.6593097411637103,0.0,977.1665495321104,791.5430100160062,-6.306895222342073,-33.427066474225484,83,Selaawi,SRI,8,2015
1165.8,323.9444327972171,245.67676888728508,462.67741191411346,190.56,632.6405318984184,0.0,1489.744432797217,1285.8779438125318,20.430877753075286,-11.255273876290769,12,Selaawi,SRI,8,2016
465.79999999999995,590.9186873888287,329.3912482403237,577.1982541658982,173.76,109.77700173335717,0.0,1056.7186873888286,860.7352558992554,1.3857669762228075,-27.052132018635398,57,Selaawi,SRI,8,2017
202.40000000000003,778.2314849556194,356.98768409568663,629.2399893237199,162.71999999999997,0.0,0.0,980.6314849556195,791.9599893237198,-7.271612494384735,-30.024300524526794,84,Selaawi,SRI,8,2018
105.8,887.1643055513731,353.6090014521072,681.607914623657,159.35999999999999,0.0,0.0,992.9643055513731,840.9679146236571,-10.387215270669618,-31.482064152082877,95,Selaawi,SRI,8,2019
482.0,545.086365230322,321.103285052207,572.4319114529183,168.95999999999998,98.4484559469935,0.0,1027.086365230322,839.8403673999118,-0.7612314868907226,-29.297050932263076,65,Selaawi,SRI,8,2020
567.3000000000001,562.4322228974726,324.2915320768004,555.9725749874173,168.48,204.05694408543465,0.0,1129.7322228974726,928.509519072852,-1.130543525858378,-30.327705991876325,67,Selaawi,SRI,8,2021
923.1,389.1029239642063,275.61448422103797,531.5554175209086,183.36,394.11504901268756,0.0,1312.2029239642063,1109.0304665335962,10.953405676579546,-22.15230873241428,33,Selaawi,SRI,8,2022
185.9,805.5892209497449,312.02161126328804,669.2659197651051,160.32,4.48469121111574,0.0,991.4892209497449,834.0706109762208,-10.096116179565007,-31.228240445176432,94,Selaawi,SRI,8,2023
429.4,629.1638601556914,311.90952644347817,630.2905862555687,169.44,61.2823415901231,0.0,1058.5638601556914,861.0129278456917,-1.571530598459705,-33.70743022032167,69,Selaawi,SRI,8,2024
581.9,810.6546173712927,359.3315154784497,635.4257440183922,280.0,274.183600632602,100.0,1392.5546173712928,1189.6093446509942,19.83089527713117,0.8477979145278294,0,Selaawi,FL,9,2015
1627.2000000000003,423.96194818094847,262.9235528670457,475.56293832209224,280.0,1084.3367877674564,100.0,2051.161948180949,1839.8997260895485,36.66709477462715,4.7672526204892485,0,Selaawi,FL,9,2016
860.8999999999999,628.0967538377619,363.2745468157746,570.82368943219,280.0,437.17359912557066,100.0,1488.9967538377618,1287.9972885577606,30.370196692127532,5.330987171474895,0,Selaawi,FL,9,2017
474.29999999999995,791.6487836963676,360.08696691345864,631.2929124349992,280.0,156.93046381454266,100.0,1265.9487836963676,1068.2233762495418,16.06826199248977,-4.986381793177362,4,Selaawi,FL,9,2018
348.2,885.1405398413249,367.6476237211135,700.8556542004276,280.0,55.50979435679784,100.0,1233.340539841325,1036.3654485572254,12.875294406651859,-4.8064921917574,4,Selaawi,FL,9,2019
1119.1,587.3442860070082,313.53942249779243,570.4776837503556,280.0,650.3032989646397,100.0,1706.444286007008,1500.7809827149954,28.678009860017433,5.586389259657256,0,Selaawi,FL,9,2020
1093.9,596.2511988330651,308.5632413386662,561.445314363963,280.0,641.6386726922847,100.0,1690.1511988330653,1483.0839870562477,23.44078104633546,-1.133242670331592,1,Selaawi,FL,9,2021
1230.8000000000002,485.75921389255353,302.28110243211154,550.7165990197626,280.0,679.5790449063498,100.0,1716.5592138925538,1510.2956439261125,33.32346830133045,5.576046154866687,0,Selaawi,FL,9,2022
305.69999999999993,859.1125697218549,357.23513428629997,710.3071724208762,280.0,11.447118951865697,100.0,1164.8125697218547,1001.7542913727419,10.912373459261351,-5.666624086020216,5,Selaawi,FL,9,2023
921.6,648.2290935697879,358.68853524133806,635.510752053327,280.0,455.87442799068486,100.0,1569.8290935697878,1371.3851800440118,24.783369368149884,0.13967016005091626,0,Selaawi,FL,9,2024
581.9,666.1024604798436,359.3315154784497,613.0320563605269,176.64,265.3851313990181,0.0,1248.0024604798436,1055.057187759545,5.71582090457761,-28.246027859498472,49,Selaawi,SRI,9,2015
1627.2000000000003,298.8891830400206,262.9235528670457,460.3005599444406,192.0,1072.5264010041803,0.0,1926.089183040021,1724.826960948621,27.044208475912807,-4.425355898012692,7,Selaawi,SRI,9,2016
860.8999999999999,481.54544571938754,363.2745468157746,552.8036121654571,189.12,409.52236827392926,0.0,1342.4454457193874,1151.4459804393864,16.85176325368153,-14.587996492720254,17,Selaawi,SRI,9,2017
474.29999999999995,636.8538110731103,360.08696691345864,609.9588742031162,175.2,135.7488914427121,0.0,1111.1538110731103,920.9077656458284,2.9679711291465076,-29.907832352428265,54,Selaawi,SRI,9,2018
348.2,748.3181000334487,367.6476237211135,676.3198175315031,169.44,62.94676308981175,0.0,1096.5181000334487,908.7065806213149,-2.882943645432174,-31.923432522154787,72,Selaawi,SRI,9,2019
1119.1,455.45359794548847,313.53942249779243,551.5889229117295,185.28,641.548863833454,0.0,1574.5535979454885,1378.4177867451835,13.162373460785945,-24.644733125572664,27,Selaawi,SRI,9,2020
1093.9,471.3980216092546,308.5632413386662,542.544417682675,180.96,644.7263921497624,0.0,1565.2980216092546,1368.2308098324374,10.434552350132009,-28.97562888878257,41,Selaawi,SRI,9,2021
1230.8000000000002,328.41064777783345,302.28110243211154,532.876398049459,189.12,640.9506797619335,0.0,1559.2106477778336,1362.9470778113925,23.011256296542538,-15.358508681575099,11,Selaawi,SRI,9,2022
305.69999999999993,709.6022836097095,357.23513428629997,685.5572884525483,171.36,21.195157606599018,0.0,1015.3022836097094,878.1124460591473,-3.081087635293808,-29.642826755772536,73,Selaawi,SRI,9,2023
921.6,514.5821228042178,358.68853524133806,613.9872760499773,179.52,454.2309332284643,0.0,1436.1821228042177,1247.7382092784414,9.370998145865231,-30.73227784643806,40,Selaawi,SRI,9,2024
842.7000000000002,666.9106945876891,366.7022167905297,610.4383394250551,280.0,425.55630178028383,100.0,1509.6106945876893,1315.994641205339,28.100203325051574,4.514385209693249,0,Selaawi,FL,10,2015
1841.9,286.2367323987626,186.23673239876263,466.6902559689238,280.0,1167.0174005140093,100.0,2128.136732398763,1913.707656482933,42.22198974034744,21.962860771987803,0,Selaawi,FL,10,2016
1193.0,423.78886014901803,309.5165788280981,533.5586656115165,280.0,603.0451415769403,100.0,1616.788860149018,1416.6038071884568,33.68405556223367,5.327718679080075,0,Selaawi,FL,10,2017
868.8,637.0341940198451,362.33274130173845,594.1181801903828,280.0,434.9925533916146,100.0,1505.8341940198452,1309.1107335819975,27.087069639467146,3.6298960359308214,0,Selaawi,FL,10,2018
788.7,717.6492338871018,371.78988640216556,657.9928077916214,280.0,376.06243406516614,100.0,1506.349233887102,1314.0552418567877,24.015918561393008,-1.1842196502478526,1,Selaawi,FL,10,2019
1775.2999999999997,477.0505498470122,335.45250409629966,532.6505110053605,280.0,1242.2198852296976,100.0,2252.3505498470117,2054.8703962350583,37.324484124209974,4.509773417927473,0,Selaawi,FL,10,2020
1503.8000000000004,515.391254553242,292.613705678037,537.2312803029521,280.0,997.2444415675652,100.0,2019.1912545532423,1814.4757218705172,33.13307758932734,4.926688448486528,0,Selaawi,FL,10,2021
1542.1999999999998,360.9705357821428,260.9705357821428,526.2685816636899,280.0,892.1763861262907,100.0,1903.1705357821427,1698.4449677899806,41.64615517013532,9.423719693696668,0,Selaawi,FL,10,2022
644.7,711.6634700563217,373.2306652935623,688.9639998828088,280.0,195.85113224748588,100.0,1356.3634700563216,1164.8151321302946,19.458677260665503,0.9889430816581246,0,Selaawi,FL,10,2023
1429.1,548.7754257659584,278.9995526878465,584.1603126887856,280.0,914.6438226747923,100.0,1977.8754257659584,1778.8041353635779,32.36034523798638,4.5785687508701125,0,Selaawi,FL,10,2024
842.7000000000002,519.6316674058464,366.7022167905297,591.497248404652,186.72,396.85433672445913,0.0,1362.3316674058465,1175.071585129111,17.50039896443623,-21.840967397175028,24,Selaawi,SRI,10,2015
1841.9,186.23673239876263,186.23673239876263,451.27318972900525,192.0,1180.4344667539278,0.0,2028.1367323987627,1823.707656482933,32.98330868360353,17.51295228204363,0,Selaawi,SRI,10,2016
1193.0,309.5165788280981,309.5165788280981,517.1850651295816,192.0,603.1464607379554,0.0,1502.516578828098,1312.331525867537,24.88036248847309,1.3314826689287305,0,Selaawi,SRI,10,2017
868.8,505.90160654218215,362.33274130173845,575.9497850202667,186.24,424.88619663202786,0.0,1374.7016065421822,1187.0759816522946,16.679444957064252,-23.8933554822011,25,Selaawi,SRI,10,2018
788.7,569.8194668133087,371.78988640216556,636.6649351197922,177.12,362.4405396632023,0.0,1358.5194668133088,1176.2254747829945,7.622819067417456,-24.043611582562804,45,Selaawi,SRI,10,2019
1775.2999999999997,358.0412750992018,335.45250409629966,516.6731857280024,192.0,1237.187935759245,0.0,2133.3412750992015,1945.8611214872474,26.66760788961648,-2.7831856236341657,4,Selaawi,SRI,10,2020
1503.8000000000004,362.8431492932681,292.613705678037,520.6813021258139,188.15999999999997,963.0863144847292,0.0,1866.6431492932684,1671.927616610543,22.153414246704234,-17.791081618578414,17,Selaawi,SRI,10,2021
1542.1999999999998,260.97053578214275,260.9705357821428,509.64844518017685,192.0,906.7965226098038,0.0,1803.1705357821425,1608.4449677899806,31.959978580706974,10.266059102669967,0,Selaawi,SRI,10,2022
644.7,574.091619701773,373.2306652935623,666.4860720782376,174.24,196.51720969750846,0.0,1218.791619701773,1037.243281775746,3.571063790452771,-28.069933595487836,52,Selaawi,SRI,10,2023
1429.1,379.8643614074139,278.9995526878465,566.3524453179347,186.72,866.8206256870988,0.0,1808.964361407414,1619.8930710050336,16.884059851184055,-23.35420539915682,23,Selaawi,SRI,10,2024
1424.7,480.0816273228532,348.2592497775694,550.2090814810028,280.0,883.1794319091258,100.0,1904.7816273228532,1713.3885133901285,38.33563995832261,5.933295209410561,0,Selaawi,FL,11,2015
1950.8000000000002,211.31766459461846,100.91766459461843,451.5635812005359,280.0,1211.592950415205,100.0,2162.117664594619,1943.156531615741,41.73734568894376,14.713661873529107,0,Selaawi,FL,11,2016
1425.7,372.38796736955493,229.65719849231868,485.2209266171525,280.0,829.3036118726037,100.0,1798.087967369555,1594.5245384897562,38.28918833606239,6.93071620861475,0,Selaawi,FL,11,2017
1434.7,461.6892202402493,333.4734351698891,538.6318997826982,280.0,881.7040902639061,100.0,1896.3892202402494,1700.3359900466044,36.711376281509374,4.33791722776893,0,Selaawi,FL,11,2018
1464.2,561.0067532745148,352.92295976960406,592.3604043015721,280.0,961.9095413020451,100.0,2025.206753274515,1834.269945603617,33.55677360384454,3.854440411681214,0,Selaawi,FL,11,2019
2547.3999999999996,293.3143769664375,167.88368259251388,461.66774916349283,280.0,1889.5850879073469,100.0,2840.714376966437,2631.2528370708396,36.96345110529427,4.783919973497686,0,Selaawi,FL,11,2020
1858.6999999999998,383.8954945190126,273.6954945190126,511.2352319394246,280.0,1249.5579607579584,100.0,2242.5954945190124,2040.793192697383,42.88378557250059,14.556590718946598,0,Selaawi,FL,11,2021
1813.6999999999998,252.96136104587595,134.26136104587596,483.01755343465595,280.0,1091.3012901582804,100.0,2066.6613610458758,1854.3188435929364,41.9328798056881,8.9810404179759,0,Selaawi,FL,11,2022
1183.9,534.7849477547637,349.21381373392586,628.0584182728306,280.0,620.1654952667485,100.0,1718.684947754764,1528.2239135395791,28.993838604540166,-2.2995286505895445,1,Selaawi,FL,11,2023
1818.6,439.0966484487397,324.39664844873965,543.3552183910308,280.0,1240.5590120416518,100.0,2257.69664844874,2063.9142304326824,41.52485139614007,14.212858145996181,0,Selaawi,FL,11,2024
1424.7,374.44058192013415,348.2592497775694,533.6326487550386,192.0,891.2777413748283,0.0,1799.140581920134,1616.910390129867,29.947617652631887,-3.5383332873914264,2,Selaawi,SRI,11,2015
1950.8000000000002,100.91766459461844,100.91766459461843,436.05919969806615,192.0,1213.8629025401583,0.0,2051.717664594619,1841.9221022382244,32.50691670394975,5.146199874781294,0,Selaawi,SRI,11,2016
1425.7,256.0363755984932,229.65719849231868,470.190057033179,191.51999999999998,824.7763859410423,0.0,1681.7363755984932,1486.4864429742215,28.2606622243728,-5.331569354603122,4,Selaawi,SRI,11,2017
1434.7,343.5746857960935,333.4734351698891,522.2902214743655,192.0,876.4782800485283,0.0,1778.2746857960935,1590.7685015228938,28.60259373302133,-2.1709694599740086,2,Selaawi,SRI,11,2018
1464.2,407.748201115769,352.92295976960406,574.4813982423466,190.07999999999998,926.4499952025246,0.0,1871.948201115769,1691.0113934448711,21.252847513761605,-9.778279806469405,18,Selaawi,SRI,11,2019
2547.3999999999996,167.88368259251388,167.88368259251388,447.603108820997,192.0,1876.219033875919,0.0,2715.2836825925133,2515.8221426969158,28.523190593925523,3.018927272757778,0,Selaawi,SRI,11,2020
1858.6999999999998,273.6954945190125,273.6954945190126,495.1182977396171,192.0,1253.4748949577656,0.0,2132.3954945190126,1940.5931926973826,33.07845495951904,5.190683880145147,0,Selaawi,SRI,11,2021
1813.6999999999998,146.93681078020938,134.26136104587596,466.8938535091901,192.0,1099.4004398180796,0.0,1960.636810780209,1758.2942933272698,32.043518908145934,-4.4754497343334165,1,Selaawi,SRI,11,2022
1183.9,385.05347803571556,349.21381373392586,608.7331753529693,187.2,592.5592684675615,0.0,1568.9534780357158,1388.4924438205308,16.43213197079768,-29.262229834727993,23,Selaawi,SRI,11,2023
1818.6,324.39664844873965,324.39664844873965,527.8072029376209,192.0,1239.4070274950618,0.0,2142.9966484487395,1959.2142304326826,32.25758063459691,0.3503545999962192,0,Selaawi,SRI,11,2024
1910.5,300.7472305654005,200.74723056540049,489.44191304815485,280.0,1233.8514036347608,100.0,2211.2472305654005,2003.2933166829157,39.750981785627836,8.129703326265862,0,Selaawi,FL,12,2015
1943.3000000000002,173.9987553919412,73.99875539194122,463.72520054724123,280.0,1160.9153750533153,100.0,2117.2987553919415,1904.6405756005565,42.69664116847503,15.855400208828442,0,Selaawi,FL,12,2016
1793.1,281.7764460226856,151.90931016747578,463.38495479375445,280.0,1115.1377095788434,100.0,2074.8764460226857,1858.5226643725978,39.42117286913006,6.332312197701996,0,Selaawi,FL,12,2017
1745.5,326.33439563231974,208.73439563231977,490.07611853259425,280.0,1093.4577049513039,100.0,2071.8343956323197,1863.5338234838982,42.52500437379504,10.05505377807475,0,Selaawi,FL,12,2018
2118.3,408.49288463797944,291.4928846379794,520.2576560537461,280.0,1526.296189067826,100.0,2526.7928846379796,2326.553845121572,41.505864212737926,12.05643309736842,0,Selaawi,FL,12,2019
2823.3999999999996,266.45965769756714,166.45965769756714,439.8817045902888,280.0,2158.2411712487738,100.0,3089.859657697567,2878.1228758390625,44.19245448709626,31.811512958366755,0,Selaawi,FL,12,2020
2207.9000000000005,156.1440290352582,56.14402903525818,474.9880029820572,280.0,1391.3570394223136,100.0,2364.044029035259,2146.345042404371,43.50150384551913,26.48658984506527,0,Selaawi,FL,12,2021
1849.0,176.7600578817444,76.76005788174437,475.3954562897432,280.0,1057.5814431558279,100.0,2025.7600578817444,1812.976899445571,41.10389660670937,12.908346398451906,0,Selaawi,FL,12,2022
1550.1,401.10788405001523,237.1407320612679,564.8917402197635,280.0,915.5246273310577,100.0,1951.207884050015,1760.4163675508212,35.20927327070269,4.895913974399602,0,Selaawi,FL,12,2023
2209.7,215.36905519322943,115.3690551932294,486.90728846751756,280.0,1447.971760575664,100.0,2425.0690551932294,2214.8790490431816,44.019649857087906,17.61857030739037,0,Selaawi,FL,12,2024
1910.5,200.7472305654005,200.74723056540049,473.8321247118748,192.0,1247.0170212170315,0.0,2111.2472305654005,1912.8491459289062,31.18344331405743,9.801686461649364,0,Selaawi,SRI,12,2015
1943.3000000000002,73.99875539194122,73.99875539194122,448.27711398541356,192.0,1173.5295892412244,0.0,2017.2987553919413,1813.8067032266379,33.284599113258054,16.684554662206377,0,Selaawi,SRI,12,2016
1793.1,163.7279897659076,151.90931016747578,447.85460081083806,192.0,1110.6196073049819,0.0,1956.8279897659074,1750.47420811582,29.96144347329178,-3.1186795984318474,3,Selaawi,SRI,12,2017
1745.5,219.30858013824331,208.73439563231977,474.0705916363737,192.0,1099.6015155239725,0.0,1964.8085801382433,1765.672107160346,32.79713489768902,-2.4741845059235543,1,Selaawi,SRI,12,2018
2118.3,291.4928846379794,291.4928846379794,504.66031688367747,192.0,1522.8935282378945,0.0,2409.7928846379796,2219.553845121572,31.649358053188895,-3.2569969332985975,2,Selaawi,SRI,12,2019
2823.3999999999996,166.45965769756714,166.45965769756714,426.4427926614899,192.0,2169.6800831775727,0.0,2989.859657697567,2788.1228758390625,34.33688943887412,26.612106662794147,0,Selaawi,SRI,12,2020
2207.9000000000005,56.144029035258185,56.14402903525818,458.8515948998056,192.0,1405.4934475045652,0.0,2264.0440290352585,2056.345042404371,33.711894643919216,21.93023761019397,0,Selaawi,SRI,12,2021
1849.0,76.76005788174436,76.76005788174437,460.4800130262215,192.0,1068.5879468519138,0.0,1925.7600578817444,1721.0679598781353,31.805323565017055,7.182062000027276,0,Selaawi,SRI,12,2022
1550.1,259.6022230880579,237.1407320612679,547.0715721347752,190.56,888.7582985420418,0.0,1809.7022230880577,1626.389870676817,26.47380101827826,-9.718233490123335,7,Selaawi,SRI,12,2023
2209.7,115.3690551932294,115.3690551932294,471.15142481655187,192.0,1461.7276242266296,0.0,2325.0690551932294,2124.8790490431816,34.10062026684162,18.44907951226769,0,Selaawi,SRI,12,2024
2166.1000000000004,225.73757463411624,125.73757463411626,450.55022442510415,280.0,1446.715360746043,100.0,2391.8375746341167,2177.265585171147,42.96502149008763,28.46918161746796,0,Karangtengah,FL,1,2016
1482.7999999999997,220.3429383225141,103.94293832251411,454.38952752189766,280.0,753.0235845164295,100.0,1703.1429383225138,1487.4131120383272,38.623531034131915,5.476389100449955,0,Karangtengah,FL,1,2017
1168.2,342.1738093706024,186.357938143206,470.53692391917343,280.0,579.9237301777598,100.0,1510.3738093706024,1330.4606540969332,33.837283369511425,-4.607580503110632,5,Karangtengah,FL,1,2018
1690.1000000000004,235.0332484071268,135.0332484071268,465.31365573665505,280.0,963.5427217200526,100.0,1925.1332484071272,1708.8563774567076,42.11663169502553,11.296400068441535,0,Karangtengah,FL,1,2019
2010.4,204.27829707789311,104.27829707789309,471.94339049827806,280.0,1249.2457331949367,100.0,2214.678297077893,2001.1891236932147,42.478420937084074,20.510112531633126,0,Karangtengah,FL,1,2020
1791.3000000000002,177.40765792125458,77.40765792125458,428.61146319130876,280.0,1056.3759122703102,100.0,1968.7076579212548,1764.987375461619,41.93804936790351,7.973192736601623,0,Karangtengah,FL,1,2021
1351.9,225.05754438203866,96.02024481122953,482.2516117438961,280.0,596.6772723367285,100.0,1576.9575443820388,1358.9288840806246,39.499888928734975,6.578490700368716,0,Karangtengah,FL,1,2022
1262.9,199.03101790372142,83.1310179037214,470.274632960167,280.0,499.2203799984935,100.0,1461.9310179037216,1249.4950129586605,35.16822561653486,7.193580124146334,0,Karangtengah,FL,1,2023
1281.2,330.3019975481779,217.50199754817788,525.9248255636378,280.0,607.8275320342754,100.0,1611.501997548178,1413.752357597913,36.85723303923609,6.366322801379592,0,Karangtengah,FL,1,2024
2166.1000000000004,125.73757463411623,125.73757463411626,435.5143063929902,192.0,1458.093927483295,0.0,2291.8375746341167,2085.6082338762853,33.186779913118606,12.795013990658084,0,Karangtengah,SRI,1,2016
1482.7999999999997,114.44307630324587,103.94293832251411,438.8704085152654,192.0,759.8115899012482,0.0,1597.2430763032455,1390.6819984165136,30.38942442882039,-1.8001379807317535,1,Karangtengah,SRI,1,2017
1168.2,199.01311099727297,186.357938143206,454.5886564976292,189.11999999999995,561.2878254976351,0.0,1367.213110997273,1204.9964819952643,26.04499293575138,-16.04817495772434,10,Karangtengah,SRI,1,2018
1690.1000000000004,135.0332484071268,135.0332484071268,449.63627839850017,192.0,976.3892032435961,0.0,1825.1332484071272,1618.025481642096,33.01506245296325,12.121188186575777,0,Karangtengah,SRI,1,2019
2010.4,104.27829707789311,104.27829707789309,456.5622460765076,192.0,1262.6268776167071,0.0,2114.678297077893,1911.1891236932147,33.28421754100516,22.979319338250622,0,Karangtengah,SRI,1,2020
1791.3000000000002,77.40765792125458,77.40765792125458,414.08383566438613,192.0,1064.7231703413654,0.0,1868.7076579212548,1670.8070060057516,32.829906458484196,8.798210630298637,0,Karangtengah,SRI,1,2021
1351.9,118.8765457368884,96.02024481122953,465.7841994810787,192.0,604.9636859543957,0.0,1470.7765457368885,1262.7478854354745,30.514673319074678,-3.3932282371633353,2,Karangtengah,SRI,1,2022
1262.9,83.13101790372141,83.1310179037214,454.73162455070076,192.0,492.32558995030644,0.0,1346.0310179037215,1139.0572145010071,26.222568339093,-3.03314314547692,1,Karangtengah,SRI,1,2023
1281.2,217.50199754817788,217.50199754817788,508.6209844520944,192.0,606.1606572251053,0.0,1498.701997548178,1306.7816416771998,30.066188141178273,2.7111518202059672,0,Karangtengah,SRI,1,2024
1938.6999999999998,190.99335616300158,62.40979372062535,448.96650935828086,280.0,1224.6769866420004,100.0,2129.693356163001,1953.6434960002812,39.628497007753275,-5.1910392145612345,3,Karangtengah,FL,2,2015
1871.6,229.97976528172393,129.9797652817239,452.179954142658,280.0,1181.6303151724983,100.0,2101.5797652817237,1913.8102693151563,41.90486127050165,12.93988791469816,0,Karangtengah,FL,2,2016
1160.6999999999998,272.09054921381767,134.90917158415692,456.38199852543744,280.0,517.3276893516279,100.0,1432.7905492138175,1253.7096878770653,35.457542262490996,-4.219596547885998,4,Karangtengah,FL,2,2017
1041.5,316.6696835691754,142.64753539320515,473.0727966266747,280.0,423.1211232238258,100.0,1358.1696835691755,1176.1939198505006,29.886761381431537,-5.691265996564898,9,Karangtengah,FL,2,2018
1519.6,205.48945301419184,105.48945301419182,463.1357397590202,280.0,803.291542276595,100.0,1725.0894530141918,1546.4272820356152,39.36816407445319,1.139669411151571,0,Karangtengah,FL,2,2019
1837.1000000000001,215.12304764848108,115.12304764848103,456.88663586355483,280.0,1100.4067390557948,100.0,2052.223047648481,1837.2933749193496,41.33543232544804,13.856671154154267,0,Karangtengah,FL,2,2020
1453.7000000000003,234.6480936541142,69.36533602945808,443.1503653564132,280.0,752.5921251740588,100.0,1688.3480936541146,1475.742490530472,33.45634693439238,-3.915516669109151,7,Karangtengah,FL,2,2021
1152.9,281.1771435990514,166.5771435990514,484.6544738229264,280.0,471.1322185377609,100.0,1434.0771435990514,1235.786692360687,38.44256462647553,4.772704254903907,0,Karangtengah,FL,2,2022
1244.2999999999997,295.89033810676034,169.1838483504509,476.3484384310424,280.0,603.3509016372682,100.0,1540.19033810676,1359.6993400683104,38.59293318501072,5.266897900859253,0,Karangtengah,FL,2,2023
1243.0,260.29398467180255,117.41389422885067,509.26456976904285,280.0,535.4934475288879,100.0,1503.2939846718025,1324.7580172979308,34.447483887391165,-4.4655980789872665,6,Karangtengah,FL,2,2024
1938.6999999999998,62.40979372062535,62.40979372062535,433.9975526183947,189.11999999999998,1223.486964607282,0.0,2001.1097937206252,1846.6045172256768,30.022877567674243,-23.553792558890976,7,Karangtengah,SRI,2,2015
1871.6,129.9797652817239,129.9797652817239,436.9415122951716,192.0,1187.3891369048868,0.0,2001.579765281724,1816.3306492000584,32.825989709716055,10.419508029796287,0,Karangtengah,SRI,2,2016
1160.6999999999998,134.9091715841569,134.90917158415692,440.5675096226521,188.64,516.3563151693038,0.0,1295.6091715841567,1145.563824791956,27.35988121473101,-29.91866582916828,8,Karangtengah,SRI,2,2017
1041.5,175.40769719888073,142.64753539320515,456.4441846224002,177.12,422.6394308426016,0.0,1216.9076971988807,1056.2036154650018,14.367134759885278,-32.76016180567558,36,Karangtengah,SRI,2,2018
1519.6,105.48945301419184,105.48945301419182,447.5360741548491,192.0,804.317741361607,0.0,1625.0894530141918,1443.853815516456,31.5064003056344,3.7131359303106963,0,Karangtengah,SRI,2,2019
1837.1000000000001,115.12304764848105,115.12304764848103,441.35683246190433,192.0,1113.9365424574455,0.0,1952.2230476484813,1747.2933749193498,32.495712777084094,12.789575736363954,0,Karangtengah,SRI,2,2020
1453.7000000000003,69.36533602945806,69.36533602945808,427.3501304177779,186.24,719.710754078004,0.0,1523.0653360294584,1333.300884495782,22.520002543654385,-23.08224560684771,18,Karangtengah,SRI,2,2021
1152.9,166.5771435990514,166.5771435990514,468.21551395980026,192.0,454.99515909933126,0.0,1319.4771435990515,1115.2106730591315,30.18733151421747,0.6319624738305931,0,Karangtengah,SRI,2,2022
1244.2999999999997,181.75562038640084,169.1838483504509,459.7308941324138,192.0,595.5124605764977,0.0,1426.0556203864005,1247.2433547089115,27.82633187591293,-2.67177203594992,1,Karangtengah,SRI,2,2023
1243.0,117.41389422885067,117.41389422885067,492.0431002796464,187.2,530.8559716721468,0.0,1360.4138942288507,1210.0990719517931,26.028468689270813,-23.663033464024895,13,Karangtengah,SRI,2,2024
1598.3999999999999,252.7129594305282,54.4894083306516,447.3931229613553,280.0,942.187329601885,100.0,1851.112959430528,1669.5804525632402,33.06694441234829,-1.741990343703813,7,Karangtengah,FL,3,2015
1717.6999999999998,150.80656700107033,36.70656700107034,432.70951463673487,280.0,967.1757204499128,100.0,1868.5065670010702,1679.8852350866478,36.729369040956726,-3.2982963625309263,1,Karangtengah,FL,3,2016
976.3,291.7470178750291,116.84835223989465,454.7703718664163,280.0,356.85573047313375,100.0,1268.047017875029,1091.62610233955,31.210244908525585,-4.955764721113585,7,Karangtengah,FL,3,2017
845.1,316.14489670756893,79.98060792078235,483.6635771497527,280.0,216.0113861107209,100.0,1161.2448967075688,979.6749632604735,23.786411043171682,-5.205603957742221,13,Karangtengah,FL,3,2018
1222.2,305.91532730278664,95.00685742621995,461.79198524219197,280.0,606.7880774926214,100.0,1528.1153273027867,1348.5800627348133,32.53335414230132,-5.191725878520383,9,Karangtengah,FL,3,2019
1731.1,129.5380476071423,29.538047607142282,438.49734046055687,280.0,939.8799603735328,100.0,1860.6380476071422,1658.3773008340895,40.68945717762844,18.087204464061145,0,Karangtengah,FL,3,2020
1245.6999999999998,222.3792701005159,106.97927010051588,450.72930833732426,280.0,514.8406835047737,100.0,1468.0792701005157,1245.5699918420978,34.223098601190536,-0.09686834751930995,1,Karangtengah,FL,3,2021
1082.3000000000002,251.04995605462517,134.34995605462515,467.53045231400665,280.0,381.7890109402284,100.0,1333.3499560546254,1129.319463254235,40.26765472266879,15.023332404537115,0,Karangtengah,FL,3,2022
1129.8999999999999,274.47230033604046,113.67984242122506,464.7702693433764,280.0,466.3653784348289,100.0,1404.3723003360403,1211.1356477782053,30.383704230510652,-3.928675030440494,5,Karangtengah,FL,3,2023
1014.9000000000001,219.65557407406237,94.17223936420746,497.8430201736993,280.0,283.2932267405523,100.0,1234.5555740740624,1061.1362469142516,30.17253086153388,-3.917216334985296,4,Karangtengah,FL,3,2024
1598.3999999999999,117.25338268033701,54.4894083306516,432.3668476967392,177.11999999999998,945.6341682546022,0.0,1715.6533826803368,1555.1210159513414,19.06833639580466,-30.22718073203696,33,Karangtengah,SRI,3,2015
1717.6999999999998,36.70656700107034,36.70656700107034,417.88838975209177,192.0,945.860780796161,0.0,1754.4065670010702,1555.7491705482528,29.806616643276364,2.6133113285048193,0,Karangtengah,SRI,3,2016
976.3,150.394351418502,116.84835223989465,439.3075005294097,178.07999999999998,361.29885522211384,0.0,1126.694351418502,978.6863557515235,17.560088428271172,-31.64676307193736,34,Karangtengah,SRI,3,2017
845.1,208.90863799316253,79.98060792078235,467.1149737501262,170.39999999999998,243.60789612199298,0.0,1054.0086379931627,881.1228698721192,5.443080008290077,-33.778233907451366,51,Karangtengah,SRI,3,2018
1222.2,159.72978798255843,95.00685742621995,446.3245340015323,180.0,597.8758107741844,0.0,1381.9297879825585,1224.2003447757168,20.667922814460937,-32.751951702025984,27,Karangtengah,SRI,3,2019
1731.1,29.538047607142282,29.538047607142282,423.4443067833156,192.0,946.3021893127477,0.0,1760.6380476071422,1561.7464960960633,31.46538662602943,12.883203223959935,0,Karangtengah,SRI,3,2020
1245.6999999999998,106.97927010051588,106.97927010051588,434.9939302374172,188.15999999999997,517.0160616046808,0.0,1352.6792701005156,1140.169991842098,24.371995323868553,-13.117694771422343,10,Karangtengah,SRI,3,2021
1082.3000000000002,134.34995605462515,134.34995605462515,451.5395508470599,192.0,371.057896717453,0.0,1216.6499560546254,1014.5974475645129,29.58833035137028,-0.8471956390721624,1,Karangtengah,SRI,3,2022
1129.8999999999999,146.84406260489362,113.67984242122506,448.47707101729924,184.32,454.58620761839046,0.0,1276.7440626048935,1087.3832786356897,20.83558886147641,-33.16422018366855,20,Karangtengah,SRI,3,2023
1014.9000000000001,94.17223936420746,94.17223936420746,480.99082251620894,176.64,298.4156586715573,0.0,1109.0722393642075,956.0464811877662,14.447672740982778,-29.15388846109151,38,Karangtengah,SRI,3,2024
1026.6000000000001,338.11472678111625,63.677016124785624,444.26642275506777,280.0,456.4446307346102,100.0,1364.7147267811165,1180.7110534896779,24.508318494361646,-4.058050207255531,10,Karangtengah,FL,4,2015
1204.3,228.33999899389988,79.4879199489955,436.55780421139707,280.0,505.0901165018805,100.0,1432.6399989938998,1221.6479207132775,34.831505597947924,-3.181568581593197,3,Karangtengah,FL,4,2016
693.1,382.31806069048685,143.16010789462607,448.8175121738837,280.0,166.84124389045692,100.0,1075.418060690487,895.6587560643405,21.864389864598714,-3.405895857250243,8,Karangtengah,FL,4,2017
449.0,532.0807895855198,170.53975122446218,474.3750642138697,280.0,53.070892948305044,100.0,981.0807895855198,807.4459571621748,8.779070919694545,-4.518979016104166,10,Karangtengah,FL,4,2018
689.3,456.6857362254328,140.08996590287967,460.8342920013291,280.0,231.05069058691757,100.0,1145.9857362254327,971.8849825882467,23.920476030863025,-4.146841517384942,11,Karangtengah,FL,4,2019
1317.8000000000002,262.599105315406,102.04674226615401,438.0313577579757,280.0,690.4408031810317,100.0,1580.3991053154061,1408.4721609390074,33.160213944419446,-4.803087135243531,9,Karangtengah,FL,4,2020
1042.6,219.73707324214197,75.32582031092335,453.51524788645554,280.0,348.077761480872,100.0,1262.337073242142,1081.5930093673276,29.572838064808813,-1.1952300730660923,3,Karangtengah,FL,4,2021
940.0999999999999,210.12016721042113,86.43208730245424,458.1030390691541,280.0,234.4837792416949,100.0,1150.220167210421,972.5868183108489,33.146965719221306,-3.7860101067318594,3,Karangtengah,FL,4,2022
902.5,345.5735145761256,154.22338782031665,475.2627336427132,280.0,320.38117038202495,100.0,1248.0735145761255,1075.6439040247383,24.959016170763647,-4.860513536327471,8,Karangtengah,FL,4,2023
784.3,310.44919223861285,146.51392151437713,481.0808612429747,280.0,156.11283307350433,100.0,1094.7491922386127,917.1936943164791,26.167706375958584,-4.913122575512157,4,Karangtengah,FL,4,2024
1026.6000000000001,220.0982129761241,63.677016124785624,429.1742375753239,168.47999999999996,482.0535949939913,0.0,1246.6982129761243,1079.707832569315,7.234965272754979,-33.10700240350172,54,Karangtengah,SRI,4,2015
1204.3,79.4879199489955,79.4879199489955,422.2655584861619,183.36,486.5355868166047,0.0,1283.7879199489955,1092.1611453027667,21.01887102037964,-26.654289598383603,19,Karangtengah,SRI,4,2016
693.1,235.14717463433553,143.16010789462607,434.0975392317056,167.03999999999996,182.70913500762202,0.0,928.2471746343356,783.8466742393275,6.039644556131571,-31.33618999075749,56,Karangtengah,SRI,4,2017
449.0,382.0073873608377,170.53975122446218,458.86586556029886,160.31999999999996,53.070892948305044,0.0,831.0073873608377,672.2567585086039,-8.13473818535788,-33.426438970398465,83,Karangtengah,SRI,4,2018
689.3,303.0245293971965,140.08996590287967,445.34175154698084,169.43999999999997,225.947970727803,0.0,992.3245293971964,840.7297222747839,9.014220376372675,-33.17191186960119,52,Karangtengah,SRI,4,2019
1317.8000000000002,102.046742266154,102.04674226615401,423.9199247155741,183.35999999999999,663.5118464282832,0.0,1419.8467422661543,1270.7917711438572,21.756481859425243,-27.67506038934536,23,Karangtengah,SRI,4,2020
1042.6,75.32582031092335,75.32582031092335,438.557039818945,185.76,336.5161232826272,0.0,1117.9258203109232,960.8331631015722,18.118832809725298,-20.8714936163575,15,Karangtengah,SRI,4,2021
940.0999999999999,86.43208730245422,86.43208730245424,443.3144986314842,191.04,216.41471258593262,0.0,1026.532087302454,850.7692112174168,25.572027890344643,-6.31698789028516,4,Karangtengah,SRI,4,2022
902.5,197.20644205120624,154.22338782031665,459.90563452510474,180.47999999999996,311.43916379854045,0.0,1099.7064420512063,951.8247983236452,12.674634987300399,-26.772727254623096,32,Karangtengah,SRI,4,2023
784.3,146.5139215143771,146.51392151437713,465.2109358369046,172.79999999999995,138.62159853254167,0.0,930.8139215143771,776.6325343694461,6.598898724277573,-28.29588587112007,45,Karangtengah,SRI,4,2024
626.4,495.47937773524376,59.48751910347795,456.6482045064015,280.0,200.49871630685988,100.0,1121.8793777352437,937.1469208132614,11.217000299939707,-4.85101768925412,9,Karangtengah,FL,5,2015
862.8,250.77550087493677,109.80874639263828,429.48667022622806,280.0,219.149888126228,100.0,1113.5755008749368,928.6365583524561,27.950973858338283,-4.818180775994366,7,Karangtengah,FL,5,2016
415.5,518.4787168797274,158.67051150773506,442.19996813330516,280.0,33.87283057768125,100.0,933.9787168797274,756.0727987109865,12.531881889108172,-2.968189340097765,7,Karangtengah,FL,5,2017
226.5,705.4583575137816,233.65630309965223,475.45101632700914,280.0,4.115192182210572,100.0,931.9583575137816,759.5662085092197,8.050970078382608,-5.311757389833965,10,Karangtengah,FL,5,2018
459.70000000000005,585.8027189050817,101.71036181680913,476.5572854551066,280.0,107.189981274856,100.0,1045.5027189050818,863.7472667299626,8.09000754085853,-2.1400117226951707,11,Karangtengah,FL,5,2019
1017.5000000000001,339.22827209159124,128.90498908075153,436.789068896201,280.0,449.0857423674766,100.0,1356.7282720915914,1165.8748112636777,25.926828868965437,-4.046379321731658,7,Karangtengah,FL,5,2020
760.4000000000001,416.7956111009775,195.13023232134003,456.28215408989456,280.0,264.4684604054165,100.0,1177.1956111009777,1000.7506144953111,26.44044192042353,-5.476617759654358,7,Karangtengah,FL,5,2021
692.0,353.2139827990114,141.288697223435,457.9403961943988,280.0,135.04476725846192,100.0,1045.2139827990113,872.9851634528607,21.82733161571594,-5.166903143706496,11,Karangtengah,FL,5,2022
635.1,446.9373641568206,160.38835266928857,470.0071115292494,280.0,159.3626179989055,100.0,1082.0373641568206,909.369729528155,21.373589736110322,-3.2723215498215614,12,Karangtengah,FL,5,2023
545.3,494.9730380572663,153.27470862797492,481.57575520795706,280.0,107.06128104097559,100.0,1040.2730380572661,868.6370362489326,17.400135736595235,-4.9860292387988006,11,Karangtengah,FL,5,2024
626.4,341.67178037340955,59.48751910347795,441.119234525892,159.83999999999997,200.49871630685988,0.0,968.0717803734095,801.457950832752,-8.138840816064718,-33.317359882371875,80,Karangtengah,SRI,5,2015
862.8,109.80874639263827,109.80874639263828,415.54838911023046,183.83999999999997,196.05759172830653,0.0,972.6087463926382,795.445980838537,16.784019795097297,-18.31210246124312,25,Karangtengah,SRI,5,2016
415.5,360.4517196883999,158.67051150773506,427.94193642964177,164.64,33.87283057768125,0.0,775.9517196883999,626.454767007323,-5.837324733071197,-31.40531667366349,70,Karangtengah,SRI,5,2017
226.5,557.2590887189965,233.65630309965223,460.0797982101091,159.35999999999999,4.115192182210572,0.0,783.7590887189965,623.5549903923196,-9.023044275535892,-33.492992144225305,80,Karangtengah,SRI,5,2018
459.70000000000005,429.3891813737572,101.71036181680913,460.40686361231826,157.92,107.189981274856,0.0,889.0891813737572,725.5168448871742,-9.574481831119089,-33.924793600522875,80,Karangtengah,SRI,5,2019
1017.5000000000001,192.8691611371679,128.90498908075153,422.56416222693,174.24,440.3094394175222,0.0,1210.369161137168,1037.113601644452,10.666464645847773,-32.293831882099546,48,Karangtengah,SRI,5,2020
760.4000000000001,263.3065551784254,195.13023232134003,441.47095061019155,177.11999999999998,246.71517979038097,0.0,1023.7065551784256,865.3061304005724,11.175479701331808,-28.80700987721603,40,Karangtengah,SRI,5,2021
692.0,195.35512847196847,141.288697223435,443.32902418103686,178.56,117.11909354723585,0.0,887.3551284719684,739.0081177282726,8.784109952182497,-33.41546761939018,41,Karangtengah,SRI,5,2022
635.1,289.4006478110844,160.38835266928857,454.953926866217,169.91999999999996,156.76097222558863,0.0,924.5006478110845,781.6348990918056,2.6241662485878874,-34.24286174355122,55,Karangtengah,SRI,5,2023
545.3,327.04955732870417,153.27470862797492,466.1103745087713,166.56,75.40169241147801,0.0,872.3495573287041,708.0720669202494,-2.8508472356902206,-32.198057280996714,67,Karangtengah,SRI,5,2024
148.10000000000002,797.0430088341184,281.8383649090343,487.14100593081554,280.0,3.6710688728072327,100.0,945.1430088341184,770.8120748036227,8.299124215816098,-6.2848149785758896,10,Karangtengah,FL,6,2015
825.3999999999999,344.5195888420129,166.06682673638755,434.5565891036389,280.0,238.25449312948362,100.0,1169.9195888420127,952.8110822331225,21.467300263258267,2.5085840632821563,0,Karangtengah,FL,6,2016
215.89999999999998,714.6363191170615,284.028126363042,465.40899303342314,280.0,2.6682146846080332,100.0,930.5363191170615,748.0772077180312,9.196749467502531,-6.573112670603872,10,Karangtengah,FL,6,2017
152.0,797.6304793546245,287.499707141875,489.99566426033357,280.0,0.0,100.0,949.6304793546245,769.9956642603336,7.295987483428201,-4.487983981754672,10,Karangtengah,FL,6,2018
124.80000000000001,842.6911285959648,257.21118405706335,513.2317190649841,280.0,0.19103200514753738,100.0,967.4911285959647,793.4227510701317,7.041321459219533,-6.364526180269661,12,Karangtengah,FL,6,2019
606.7,470.83538137683837,162.57750950889505,455.77933062609566,280.0,156.77699301812507,100.0,1077.5353813768384,892.5563236442207,16.042053237530954,-5.151327625419337,10,Karangtengah,FL,6,2020
671.6,408.49448567209396,220.50614354497174,455.41609179378037,280.0,170.9675201378745,100.0,1080.094485672094,906.383611931655,23.213130083390475,-4.277495879530594,10,Karangtengah,FL,6,2021
543.8000000000001,414.0943479822115,217.37063631038225,459.98046559824996,280.0,19.367236389205377,100.0,957.8943479822116,759.3477019874554,21.753723199905966,-5.735928866734486,8,Karangtengah,FL,6,2022
357.6,633.3343953437443,221.7322574609115,484.97721534787485,280.0,49.72945042464408,100.0,990.9343953437443,814.7066657725188,12.542909780734675,-4.132272529625565,11,Karangtengah,FL,6,2023
397.49999999999994,656.8901141614758,270.1667232062164,499.89553494148174,280.0,102.10873622995611,100.0,1054.3901141614758,882.0042711714378,13.168931916447896,-4.4106292638788895,5,Karangtengah,FL,6,2024
148.10000000000002,651.1235249283377,281.8383649090343,470.6597755004109,157.91999999999996,3.6710688728072327,0.0,799.2235249283377,632.2508443732181,-9.951720225504626,-33.84609662797262,85,Karangtengah,SRI,6,2015
825.3999999999999,218.66087815199816,166.06682673638755,419.81616279362845,177.12,239.18429592273847,0.0,1044.060878151998,836.1204587163669,7.230190442527882,-22.26056829552578,43,Karangtengah,SRI,6,2016
215.89999999999998,570.9084565485123,284.028126363042,450.0434856055002,160.31999999999996,2.6682146846080332,0.0,786.8084565485123,613.0317002901082,-8.025980866042097,-32.97465308493681,79,Karangtengah,SRI,6,2017
152.0,653.4290646161046,287.499707141875,473.6742257331415,160.79999999999998,0.0,0.0,805.4290646161046,634.4742257331415,-9.389491273012032,-34.380536081015144,79,Karangtengah,SRI,6,2018
124.80000000000001,681.5234856988986,257.21118405706335,495.7421442619965,158.39999999999998,0.19103200514753738,0.0,806.3234856988986,654.333176267144,-10.153702081765122,-32.99282719100397,88,Karangtengah,SRI,6,2019
606.7,325.03988348571653,162.57750950889505,440.20830625738336,165.11999999999998,157.58359354164412,0.0,931.7398834857165,762.9118997990274,-0.6642306657511895,-33.183073137063865,64,Karangtengah,SRI,6,2020
671.6,297.5364381615086,220.50614354497174,440.075716049075,170.88,179.49381211102303,0.0,969.1364381615086,790.449528160098,2.8499598796813266,-33.50572924234994,54,Karangtengah,SRI,6,2021
543.8000000000001,282.71774363160057,217.37063631038225,444.3834342539567,172.79999999999998,15.765213294275949,0.0,826.5177436316006,632.9486475482325,9.066773816251606,-29.043532521604888,44,Karangtengah,SRI,6,2022
357.6,497.3147243518083,221.7322574609115,468.686961174982,163.2,49.72945042464408,0.0,854.9147243518083,681.616411599626,-7.146750431739066,-34.15646750995642,75,Karangtengah,SRI,6,2023
397.49999999999994,483.4175909945144,270.1667232062164,483.0194398599926,165.6,63.54417380442587,0.0,880.9175909945143,712.1636136644184,-3.118317055488505,-30.577687361206614,66,Karangtengah,SRI,6,2024
129.5,853.2754106994016,303.61452425016665,523.8654624384523,280.0,4.26047542774625,100.0,982.7754106994016,808.1259378661985,7.143323495147045,-6.26089462133434,11,Karangtengah,FL,7,2015
1211.6000000000001,392.42182903976624,256.10714445665826,430.90012592643507,280.0,681.7722488132237,100.0,1604.0218290397663,1392.6723747396586,34.81586012286812,5.219999638061088,0,Karangtengah,FL,7,2016
362.70000000000005,652.8206007201891,259.5130485693677,473.56795693607,280.0,57.16532672781898,100.0,1015.5206007201891,810.733283663889,16.15380254230902,-1.2878707173285955,1,Karangtengah,FL,7,2017
135.8,844.5494997974719,293.0815412516448,519.0177604436261,280.0,2.3514796781963447,100.0,980.3494997974719,801.3692401218225,7.602669490377713,-5.605684702308981,13,Karangtengah,FL,7,2018
94.6,921.1058556285413,326.9981442427304,555.6260627889553,280.0,0.0,100.0,1015.7058556285414,835.6260627889553,6.8963053170993796,-5.528038032966746,11,Karangtengah,FL,7,2019
577.5,523.2512433825548,229.79984856374332,479.20978803869775,280.0,144.5378090580038,100.0,1100.7512433825548,903.7475970967016,13.15417031630593,-1.7046863128171248,1,Karangtengah,FL,7,2020
587.8,426.68251203696326,155.4436188853807,476.1077655954784,280.0,71.73554937571313,100.0,1014.4825120369633,827.8433149711916,16.023115596526353,-5.416308651464863,6,Karangtengah,FL,7,2021
656.1999999999999,430.8803515874681,202.52553735916598,465.0550500537185,280.0,127.1703792552871,100.0,1087.0803515874682,872.2254293090057,18.966109375551518,-0.08749379058587081,1,Karangtengah,FL,7,2022
216.70000000000002,782.7441672420699,244.5816876545312,532.3894449209607,280.0,10.828024058347607,100.0,999.44416724207,823.2174689793084,7.884155454347531,-6.227315646250624,13,Karangtengah,FL,7,2023
406.5,655.0983818525826,252.5906941827439,527.2198880485863,280.0,78.81595595800819,100.0,1061.5983818525826,886.0358440065945,13.520385794734581,-3.8214029151929854,7,Karangtengah,FL,7,2024
129.5,693.6421498224299,303.61452425016665,505.53875270992353,156.95999999999998,4.26047542774625,0.0,823.1421498224299,666.7592281376698,-11.534306690930617,-34.86661037525382,88,Karangtengah,SRI,7,2015
1211.6000000000001,280.30011544743894,256.10714445665826,415.8348511590124,190.56,681.6443091903852,0.0,1491.900115447439,1288.0391603493977,20.163562807714136,-6.712392178430977,10,Karangtengah,SRI,7,2016
362.70000000000005,541.7976334823745,259.5130485693677,456.32971955442366,171.83999999999997,76.55604440258327,0.0,904.4976334823746,704.7257639570068,1.197490850720054,-29.074626706999045,61,Karangtengah,SRI,7,2017
135.8,700.0575789761202,293.0815412516448,500.852921116661,157.92,2.3514796781963447,0.0,835.8575789761203,661.1244007948574,-10.801342832134825,-33.96162756394679,87,Karangtengah,SRI,7,2018
94.6,758.0339052508186,326.9981442427304,535.7183905990898,157.92,0.0,0.0,852.6339052508187,693.6383905990898,-10.971355471840871,-35.61567730142944,88,Karangtengah,SRI,7,2019
577.5,389.65857254538287,229.79984856374332,461.8403427190667,164.16,144.5378090580038,0.0,967.1585725453829,770.5381517770704,-6.7786310527211215,-28.26964887942123,72,Karangtengah,SRI,7,2020
587.8,265.2277284523343,155.4436188853807,459.79749186492995,166.07999999999998,54.09129946305354,0.0,853.0277284523343,679.9687913279835,-4.44109458330968,-33.08930265401079,62,Karangtengah,SRI,7,2021
656.1999999999999,288.8836907309757,202.52553735916598,448.4126902959226,173.28,114.3708318295981,0.0,945.0836907309756,736.0635221255206,2.7639285910753735,-26.88140830266942,49,Karangtengah,SRI,7,2022
216.70000000000002,622.2152877785062,244.5816876545312,513.4748875352319,156.48,10.828024058347607,0.0,838.9152877785062,680.7829115935796,-8.944213649891779,-31.717579158730103,86,Karangtengah,SRI,7,2023
406.5,491.339163964923,252.5906941827439,508.52106780929654,166.07999999999998,66.19646271514421,0.0,897.839163964923,740.7975305244407,-3.071690790542581,-35.41981019230515,69,Karangtengah,SRI,7,2024
221.7,837.0503772548458,318.2864923331967,557.9162851840118,280.0,26.663982877510165,100.0,1058.7503772548457,864.580268061522,11.457096146192725,-4.891859098348894,3,Karangtengah,FL,8,2015
1518.2,370.04992385990016,213.12587696319898,427.94168201014634,280.0,961.7472930230693,100.0,1888.2499238599003,1669.6889750332157,34.40074045177754,5.097642720138756,0,Karangtengah,FL,8,2016
698.4000000000001,642.8162582830678,300.6436536291002,491.6330322641474,280.0,354.0959483071929,100.0,1341.2162582830679,1125.7289805713403,18.952124508398928,-1.2878707173285955,1,Karangtengah,FL,8,2017
348.3999999999999,770.2340826611842,337.13557168494435,530.0711934931949,280.0,102.88809135954082,100.0,1118.634082661184,912.9592848527357,11.65515209163714,-4.386485774705938,7,Karangtengah,FL,8,2018
229.7,861.5363809031539,331.14893364246274,590.2358870065117,280.0,43.373349450273565,100.0,1091.236380903154,913.6092364567853,9.056111237747434,-4.376203643651628,7,Karangtengah,FL,8,2019
689.0,524.4021391273054,282.4577151676634,491.04485164805476,280.0,222.78279702325855,100.0,1213.4021391273054,993.8276486713133,23.489055991122033,3.5949465145838273,0,Karangtengah,FL,8,2020
810.4,485.441821803663,282.2365469148915,492.3211323061452,280.0,306.3220274382248,100.0,1295.841821803663,1078.64315974437,23.050898743774365,0.23784959239859127,0,Karangtengah,FL,8,2021
893.8,463.92511812178185,263.7648850380732,475.2773788856987,280.0,383.94548724511117,100.0,1357.7251181217819,1139.22286613081,27.59088207338257,4.708215737720712,0,Karangtengah,FL,8,2022
247.39999999999998,809.1917874945689,284.4518852740529,577.8948802067966,280.0,8.592049010222084,100.0,1056.591787494569,866.4869292170188,7.332001971477566,-5.1888801292118085,13,Karangtengah,FL,8,2023
544.4,660.6296441865222,293.9223649122268,554.4124405319274,280.0,153.96383694903972,100.0,1205.029644186522,988.376277480967,18.46129840935687,-3.645494886117499,3,Karangtengah,FL,8,2024
221.7,680.3793463543929,318.2864923331967,537.2846357958442,163.68,11.924090954204829,0.0,902.0793463543928,712.8887267500492,-5.87291844045557,-29.240053379472826,81,Karangtengah,SRI,8,2015
1518.2,235.20449784459453,213.12587696319898,413.5635957548185,191.03999999999996,937.7383471413541,0.0,1753.4044978445945,1542.3419428961724,23.735080891184875,-5.957730534909794,7,Karangtengah,SRI,8,2016
698.4000000000001,519.1564886420106,300.6436536291002,474.06651880799444,180.48000000000002,356.68378437888964,0.0,1217.5564886420107,1011.2303031868842,7.556874794030878,-27.387498098356993,38,Karangtengah,SRI,8,2017
348.3999999999999,615.4292796251912,337.13557168494435,510.6617448941489,162.72,91.41893469127173,0.0,963.829279625191,764.8006795854207,-6.129637565304753,-29.67708217142274,78,Karangtengah,SRI,8,2018
229.7,681.6596536536348,331.14893364246274,568.5861619779537,162.71999999999997,17.273277739032707,0.0,911.3596536536347,748.5794397169864,-7.758356323511155,-35.4066442783986,81,Karangtengah,SRI,8,2019
689.0,402.10516959518304,282.4577151676634,473.7228969502246,183.35999999999999,224.4477821889664,0.0,1091.105169595183,881.5306791391911,11.083203958754579,-22.69291480960695,27,Karangtengah,SRI,8,2020
810.4,336.7813078882325,282.2365469148915,474.7395857017025,173.28,291.9630601272369,0.0,1147.1813078882324,939.9826458289393,3.1517312687126324,-29.287333448143215,55,Karangtengah,SRI,8,2021
893.8,308.0942663720092,263.7648850380732,458.97626361035054,184.8,349.61575077068653,0.0,1201.894266372009,993.392014381037,14.088915532811619,-24.41112297790969,21,Karangtengah,SRI,8,2022
247.39999999999998,662.1229363170457,284.4518852740529,556.397984601193,163.2,8.592049010222084,0.0,909.5229363170457,728.1900336114152,-8.436624730799908,-32.83668280470194,84,Karangtengah,SRI,8,2023
544.4,513.4441846654161,293.9223649122268,534.2947397541232,176.16,140.06220571925545,0.0,1057.844184665416,850.5169454733785,3.78022214543891,-29.743547079596365,54,Karangtengah,SRI,8,2024
643.0,722.1789169107115,333.7689035588951,550.8670889926625,280.0,322.34505373756673,100.0,1365.1789169107115,1153.2121427302293,20.088884059944668,0.924387397707493,0,Karangtengah,FL,9,2015
1961.3999999999999,357.85691410336176,216.9702930160067,428.1138168672454,280.0,1394.0218188101658,100.0,2319.256914103362,2102.1356356774113,38.64711232847929,5.232557013763561,0,Karangtengah,FL,9,2016
899.9999999999999,574.4517471661806,336.48734407777187,486.8094741072332,280.0,493.88686272969,100.0,1474.4517471661804,1260.6963368369231,31.358749824741523,5.25546273358215,0,Karangtengah,FL,9,2017
675.7,644.8482658658164,334.25737852485287,529.9408918949318,280.0,302.2674117056067,100.0,1320.5482658658166,1112.2083036005386,19.767917678774808,-0.48272888417891124,1,Karangtengah,FL,9,2018
590.8000000000001,723.2812928788254,343.8847409769845,598.8699145420995,280.0,225.22385562146255,100.0,1314.0812928788255,1104.093770163562,19.509962932976986,-1.1173452802074557,2,Karangtengah,FL,9,2019
1013.0999999999999,473.36381592256697,268.5983402313756,487.19517871675686,280.0,505.4972430903109,100.0,1486.463815922567,1272.6924218070676,32.6422784473239,3.7185254703232022,0,Karangtengah,FL,9,2020
1129.4,413.75213193017754,261.17394227823735,491.1034543997113,280.0,555.8047038876562,100.0,1543.1521319301776,1326.9081582873675,28.170372548177838,-0.9568922280180647,1,Karangtengah,FL,9,2021
1140.9,398.0558483045191,273.5973106759461,482.9359196947149,280.0,565.2152057464084,100.0,1538.9558483045191,1328.1511254411234,36.33977397911116,7.841462371427147,0,Karangtengah,FL,9,2022
367.50000000000006,739.0015287485857,332.0458923604164,601.5733004978557,280.0,49.67676835112264,100.0,1106.5015287485858,931.2500688489783,13.442456851195725,-2.930001135094934,4,Karangtengah,FL,9,2023
915.1000000000001,567.64574383461,342.69754022558385,553.0610459118935,280.0,440.2930574962862,100.0,1482.74574383461,1273.3541034081798,28.92925726399997,-0.6628294797991856,1,Karangtengah,FL,9,2024
643.0,592.235199680523,333.7689035588951,531.1039536845594,177.60000000000002,324.56447181548117,0.0,1235.235199680523,1033.2684255000406,6.109641930430656,-30.079297027521246,47,Karangtengah,SRI,9,2015
1961.3999999999999,243.00497883520333,216.9702930160067,414.2476841713043,192.0,1391.0360162379484,0.0,2204.404978835203,1997.2837004092526,29.123686585923757,-4.810740019349929,3,Karangtengah,SRI,9,2016
899.9999999999999,426.0037645832718,336.48734407777187,470.80618453630194,189.6,461.8421697177123,0.0,1326.0037645832717,1122.2483542540142,20.180610451363712,-13.757858735823739,15,Karangtengah,SRI,9,2017
675.7,494.71759785294273,334.25737852485287,511.6246081778452,174.72000000000003,283.2221391122562,0.0,1170.417597852943,969.5667472901014,5.459635428397266,-24.4859811454075,48,Karangtengah,SRI,9,2018
590.8000000000001,585.21851365253,343.8847409769845,577.7716310298916,173.28,224.9793599073751,0.0,1176.0185136525301,976.0309909372668,3.500531565662986,-30.4459524006926,58,Karangtengah,SRI,9,2019
1013.0999999999999,344.7408209020732,268.5983402313756,470.90103877953015,192.0,490.3290956510374,0.0,1357.8408209020731,1153.2301344305674,22.133563018795314,-4.9623460413336415,8,Karangtengah,SRI,9,2020
1129.4,316.3850418067359,261.17394227823735,474.19088831363104,188.64,576.7101798502946,0.0,1445.785041806736,1239.5410681639255,18.249582423780335,-21.556499198682474,13,Karangtengah,SRI,9,2021
1140.9,285.54932812997873,273.5973106759461,466.94287376558145,192.0,565.8659721809493,0.0,1426.4493281299788,1224.8088459465307,28.13740773168978,-1.9520174540325241,1,Karangtengah,SRI,9,2022
367.50000000000006,587.8639983295906,332.0458923604164,580.0978566177218,168.95999999999998,51.49416105716953,0.0,955.3639983295907,800.5520176748914,-2.2951672045029885,-28.826404519411092,71,Karangtengah,SRI,9,2023
915.1000000000001,454.1812692857691,342.69754022558385,533.8037450409447,184.79999999999998,451.1566272238615,0.0,1369.2812692857692,1169.7603722648062,16.283520511061415,-28.118823801557618,26,Karangtengah,SRI,9,2024
925.5999999999999,613.9031806317031,343.1152066220811,545.7199994289758,280.0,517.9795984270665,100.0,1539.503180631703,1343.6995978560424,28.51654440209395,5.823964218005195,0,Karangtengah,FL,10,2015
1994.9999999999998,244.00788325546478,144.00788325546475,430.7946857134908,280.0,1309.2398662775631,100.0,2239.0078832554645,2020.0345519910538,41.475988351673465,5.868339796583093,0,Karangtengah,FL,10,2016
1090.1999999999998,408.8316487252778,288.1773999689018,481.1173713650733,280.0,528.0852067937141,100.0,1499.0316487252776,1289.2025781587872,32.365980845114,-0.5493226432788489,1,Karangtengah,FL,10,2017
966.2,541.4093363629688,311.5594555648606,522.244588441011,280.0,496.8437905929864,100.0,1507.6093363629689,1299.0883790339974,29.32130952289358,5.354286480291669,0,Karangtengah,FL,10,2018
919.4000000000001,602.6683807954493,347.32788703429645,583.5396348632792,280.0,460.037140336461,100.0,1522.0683807954492,1323.57677519974,29.316945551585775,5.162553892098654,0,Karangtengah,FL,10,2019
1417.6,395.3491287775808,282.0491287775808,469.3464752813838,280.0,854.2347487560885,100.0,1812.9491287775807,1603.5812240374723,40.51434987026506,14.21123952163228,0,Karangtengah,FL,10,2020
1343.6,407.46229562484945,209.86747018675294,489.9600855476901,280.0,769.1048081461311,100.0,1751.0622956248494,1539.0648936938212,33.3869011642562,4.383959411152411,0,Karangtengah,FL,10,2021
1290.2,314.4850812821193,214.48508128211932,479.42087472023854,280.0,651.3188992374664,100.0,1604.6850812821194,1410.739773957705,40.721499386516115,12.01144867829195,0,Karangtengah,FL,10,2022
718.1,636.5625402332304,351.6337609733735,602.7470943010601,280.0,268.9000347024716,100.0,1354.6625402332304,1151.6471290035317,23.96339377669934,-1.9313754171894697,1,Karangtengah,FL,10,2023
1200.6000000000001,492.71303697685124,258.7804484672427,531.2077074796641,280.0,674.5064275155664,100.0,1693.3130369768514,1485.7141349952306,32.445440662929656,3.826018173319226,0,Karangtengah,FL,10,2024
925.5999999999999,481.55034380871456,343.1152066220811,528.5410588769007,186.71999999999997,502.73911401730277,0.0,1407.1503438087145,1218.0001728942034,17.357957432635473,-21.55045247713547,23,Karangtengah,SRI,10,2015
1994.9999999999998,144.00788325546475,144.00788325546475,416.457691285847,192.0,1321.5768607052069,0.0,2139.0078832554645,1930.0345519910538,32.539709919578634,2.4107399931328066,0,Karangtengah,SRI,10,2016
1090.1999999999998,288.17739996890185,288.1773999689018,465.6862685332746,191.51999999999998,521.342060869137,0.0,1378.3773999689017,1178.5483294024116,26.03733999203594,-7.1235299299853185,3,Karangtengah,SRI,10,2017
966.2,390.04425530720994,311.5594555648606,505.85512682143843,184.8,467.0681711568001,0.0,1356.24425530721,1157.7232979782384,18.150764010047617,-12.501071099926385,24,Karangtengah,SRI,10,2018
919.4000000000001,447.45193062719176,347.32788703429645,564.4444727420082,187.2,424.43621240812513,0.0,1366.851930627192,1176.0806851501334,16.413121375702893,-22.668209898070284,19,Karangtengah,SRI,10,2019
1417.6,282.0491287775808,282.0491287775808,454.4468815624624,192.0,853.8343424750096,0.0,1699.6491287775807,1500.281224037472,30.977026473143162,1.7487520016161184,0,Karangtengah,SRI,10,2020
1343.6,270.8683634031012,209.86747018675294,474.12317736627904,192.0,744.2867637180289,0.0,1614.4683634031012,1410.4099410843078,24.00103270037551,-3.901373987424871,10,Karangtengah,SRI,10,2021
1290.2,214.48508128211932,214.48508128211932,463.73631601106626,192.0,655.3599051307353,0.0,1504.6850812821194,1311.0962211418016,31.662316787274545,12.032736729836259,0,Karangtengah,SRI,10,2022
718.1,502.93711143632834,351.6337609733735,582.667587097066,180.48,264.8741131095636,0.0,1221.0371114363284,1028.0217002066297,7.240580091277895,-30.046917803577692,46,Karangtengah,SRI,10,2023
1200.6000000000001,325.64215540098724,258.7804484672427,514.3511379850522,186.24,628.0521154343144,0.0,1526.2421554009875,1328.6432534193666,19.55036623798155,-24.415358190853215,23,Karangtengah,SRI,10,2024
1525.9,455.14400619470507,328.79044044383915,509.3091786911947,280.0,995.9673720118316,100.0,1981.0440061947052,1785.2765507030263,38.16367775926166,6.946434249134203,0,Karangtengah,FL,11,2015
1881.9,196.53419554871553,81.83419554871553,426.9788810686056,280.0,1148.1886987247922,100.0,2078.4341955487157,1855.1675797933976,40.69395392844441,15.020520929235152,0,Karangtengah,FL,11,2016
1260.4,327.50379299584927,200.55517255660862,456.94810557395624,280.0,648.0541933029941,100.0,1587.9037929958495,1385.0022988769504,37.20149129977427,1.4513795607593405,0,Karangtengah,FL,11,2017
1424.3,412.1617492258311,296.86174922583115,497.3863375474201,280.0,853.0458606789773,100.0,1836.461749225831,1630.4321982263973,39.69638735683425,10.362601739278665,0,Karangtengah,FL,11,2018
1381.6,448.1399541431803,312.615335675355,541.9437543829702,280.0,807.7504983393784,100.0,1829.7399541431803,1629.6942527223487,37.51135059627394,4.429466193585284,0,Karangtengah,FL,11,2019
1767.7000000000005,229.58797240404965,118.82042972143472,432.66279980935735,280.0,1067.4302798980577,100.0,1997.2879724040502,1780.0930797074152,38.9771029290478,8.732457317385093,0,Karangtengah,FL,11,2020
1419.9,344.5615831207527,244.56158312075272,487.6125239010691,280.0,787.6329593546862,100.0,1764.4615831207527,1555.2454832557555,39.67542146058217,8.047583730296669,0,Karangtengah,FL,11,2021
1416.1,239.21707881098393,121.51707881098395,457.135380479173,280.0,700.635310998696,100.0,1655.3170788109837,1437.7706914778691,41.21363553276796,9.690293539609208,0,Karangtengah,FL,11,2022
1013.3,463.28146893792336,314.5440297806799,574.4295791952356,280.0,427.92298592305616,100.0,1476.5814689379233,1282.3525651182917,31.4632083348362,-1.9313754171894697,1,Karangtengah,FL,11,2023
1318.5,399.22355532621503,299.223555326215,515.4937227752016,280.0,719.3268303619084,100.0,1717.723555326215,1514.82055313711,38.431060832870564,-0.914611378966911,2,Karangtengah,FL,11,2024
1525.9,343.454366929845,328.79044044383915,493.49752740201495,192.0,997.2520429368608,0.0,1869.3543669298451,1682.7495703388759,29.185797728816187,-4.86392648600574,2,Karangtengah,SRI,11,2015
1881.9,81.83419554871551,81.83419554871553,412.1606953899859,192.0,1146.306884403412,0.0,1963.7341955487157,1750.4675797933978,30.87780775279068,1.150020722015002,0,Karangtengah,SRI,11,2016
1260.4,213.39220132770689,200.55517255660862,442.37166451555004,191.51999999999998,644.4799895340966,0.0,1473.792201327707,1278.3716540496466,27.62348795938275,-5.037028771098241,3,Karangtengah,SRI,11,2017
1424.3,296.8617492258311,296.86174922583115,481.6838204403903,192.0,851.4483777860071,0.0,1721.161749225831,1525.1321982263973,30.30693900104759,-1.5984141195260766,2,Karangtengah,SRI,11,2018
1381.6,312.615335675355,312.615335675355,524.870798088954,191.51999999999998,787.7788361655693,0.0,1694.215335675355,1504.1696342545233,28.199307992524076,-8.648054273795061,4,Karangtengah,SRI,11,2019
1767.7000000000005,118.82042972143472,118.82042972143472,418.84749522882686,192.0,1068.4780417959732,0.0,1886.5204297214352,1679.3255370248,30.4400995455899,2.2544255319909174,0,Karangtengah,SRI,11,2020
1419.9,244.5615831207527,244.56158312075272,471.5904816409585,192.0,801.6550016147969,0.0,1664.4615831207527,1465.2454832557555,30.97795704900138,8.876815574551157,0,Karangtengah,SRI,11,2021
1416.1,132.74050501179568,121.51707881098395,441.48452471933,192.0,707.8095929593508,0.0,1548.8405050117956,1341.2941176786808,31.127172977675006,-3.023426200811726,1,Karangtengah,SRI,11,2022
1013.3,337.5635359324775,314.5440297806799,556.3154770379123,189.6,419.87805096106024,0.0,1350.8635359324776,1165.7935279989724,20.603875024758988,-25.848745058465184,9,Karangtengah,SRI,11,2023
1318.5,299.223555326215,299.223555326215,499.95121056267266,192.0,732.8693425744372,0.0,1617.7235553262149,1424.82055313711,30.325888985657407,-3.2606376003334674,2,Karangtengah,SRI,11,2024
1960.4,302.3753215575293,190.72228347083387,465.80441958408943,280.0,1303.4588112879696,100.0,2262.7753215575294,2049.263230872059,39.23385476628549,4.812898514846259,0,Karangtengah,FL,12,2015
1740.1,186.77249013807318,86.7724901380732,444.8483723879634,280.0,985.2833974435697,100.0,1926.872490138073,1710.1317698315331,41.346296886411494,6.1499179917405,0,Karangtengah,FL,12,2016
1494.4999999999998,269.36678193483624,137.513988059556,452.671005992778,280.0,820.602242230555,100.0,1763.8667819348361,1553.273248223333,36.63777412156758,5.035156237177803,0,Karangtengah,FL,12,2017
1655.5,276.96574809828337,158.16574809828336,469.1186110156044,280.0,972.0497797425082,100.0,1932.4657480982833,1721.1683907581128,42.09212413776559,12.106695022194435,0,Karangtengah,FL,12,2018
1741.4,351.5659133771854,240.76591337718534,494.31323316775763,280.0,1111.096962020523,100.0,2092.9659133771856,1885.4101951882808,42.26097605556071,14.263299010342752,0,Karangtengah,FL,12,2019
1764.3000000000002,236.33288263258208,136.33288263258208,431.9557100100503,280.0,1073.1284459222938,100.0,2000.6328826325823,1785.0841559323442,43.07665258155775,8.883006380572343,0,Karangtengah,FL,12,2020
1561.0,176.14596666709588,76.14596666709589,469.83115142132044,280.0,768.2019613370387,100.0,1737.1459666670958,1518.033112758359,41.87616836960239,22.332228510212833,0,Karangtengah,FL,12,2021
1329.1000000000001,195.2049902395513,95.20499023955131,461.6974236429161,280.0,571.7511302599974,100.0,1524.3049902395514,1313.4485539029133,40.711598970086996,10.94426532880817,0,Karangtengah,FL,12,2022
1282.3000000000002,364.6682898288277,220.09236445420478,534.6115425420562,280.0,640.5016307673675,100.0,1646.968289828828,1455.1131733094237,35.99335108344083,3.340526586644901,0,Karangtengah,FL,12,2023
1611.2999999999997,161.0612569129314,61.06125691293141,485.9631296922997,280.0,800.3071667828827,100.0,1772.3612569129311,1566.2702964751825,42.53144852342104,12.383425493539754,0,Karangtengah,FL,12,2024
1960.4,190.72228347083387,190.72228347083387,450.49457124669715,192.0,1305.1156215386663,0.0,2151.122283470834,1947.6101927853636,30.27421581155197,6.47910744044184,0,Karangtengah,SRI,12,2015
1740.1,86.7724901380732,86.7724901380732,429.68628369605256,192.0,996.7787918471325,0.0,1826.872490138073,1618.465075543185,31.83325363756586,6.980116823505446,0,Karangtengah,SRI,12,2016
1494.4999999999998,160.8537515450862,137.513988059556,437.2541334593202,192.0,822.9983242762559,0.0,1655.353751545086,1452.2524577355762,27.720615891237777,-2.9966420145222754,2,Karangtengah,SRI,12,2017
1655.5,158.16574809828336,158.16574809828336,453.1892477868368,192.0,965.5141069850229,0.0,1813.6657480982833,1610.7033547718597,32.27761403036731,-5.022084136441152,3,Karangtengah,SRI,12,2018
1741.4,240.76591337718537,240.76591337718534,478.7654198282322,192.0,1113.8447753600485,0.0,1982.1659133771855,1784.6101951882806,32.58888480790445,4.300296049844309,0,Karangtengah,SRI,12,2019
1764.3000000000002,136.33288263258208,136.33288263258208,418.37084944924175,192.0,1084.7133064831023,0.0,1900.6328826325823,1695.084155932344,33.66484395337823,9.711887505517172,0,Karangtengah,SRI,12,2020
1561.0,76.14596666709589,76.14596666709589,453.7558195454369,192.0,782.2772932129221,0.0,1637.145966667096,1428.033112758359,32.04462133137701,16.493461541667045,0,Karangtengah,SRI,12,2021
1329.1000000000001,95.2049902395513,95.20499023955131,447.035725577948,192.0,578.3565477682444,0.0,1424.3049902395514,1217.3922733461923,30.9877796145051,11.722644131020694,0,Karangtengah,SRI,12,2022
1282.3000000000002,231.28187202365518,220.09236445420478,517.1342058552775,190.07999999999998,621.9888226933924,0.0,1513.5818720236553,1329.2030285486699,27.14405000871647,-16.405856008725188,7,Karangtengah,SRI,12,2023
1611.2999999999997,61.061256912931405,61.06125691293141,469.92917499489204,192.0,811.9187639566844,0.0,1672.3612569129311,1473.8479389515765,30.67733734432182,-2.680384763970137,2,Karangtengah,SRI,12,2024
2031.0000000000002,222.08493753170205,122.08493753170205,453.6759529671267,280.0,1304.5874694159645,100.0,2253.084937531702,2038.2634223830912,43.17836376406546,31.712616449285186,0,Wado,FL,1,2016
1816.2000000000003,172.5285354358348,72.52853543583481,459.4983343952365,280.0,1034.2792322340977,100.0,1988.728535435835,1773.7775666293342,41.9257064485399,15.35362195379543,0,Wado,FL,1,2017
1626.8999999999999,286.9712980490713,152.64471267899472,470.585315213001,280.0,981.6336322830563,100.0,1913.8712980490711,1732.2189474960574,37.798308994380456,-5.026585370076642,2,Wado,FL,1,2018
2133.0,206.7695060516117,106.76950605161173,466.5331521155025,280.0,1381.2719925728238,100.0,2339.7695060516116,2127.8051446883264,42.833691190025355,10.045086803836933,0,Wado,FL,1,2019
2527.7,243.5783380067855,143.57833800678551,471.51553660611256,280.0,1810.0369988542752,100.0,2771.2783380067854,2561.552535460388,43.65163142247784,29.912880844691376,0,Wado,FL,1,2020
2972.6,142.66245999209292,42.6624599920929,423.0459596079286,280.0,2207.477712455059,100.0,3115.2624599920928,2910.5236720629878,43.49275707793963,8.9961492851194,0,Wado,FL,1,2021
2034.0,159.12089734709852,44.676737089337294,478.5547450135402,280.0,1215.9278399533423,100.0,2193.1208973470984,1974.4825849668825,41.37867130878129,4.955839742238779,0,Wado,FL,1,2022
1755.7,180.94889525623347,63.94889525623344,471.7596418767974,280.0,966.750558583161,100.0,1936.6488952562336,1718.5102004599585,40.29060461132172,12.169942710090595,0,Wado,FL,1,2023
1615.2,329.00877877375314,229.0087787737531,539.4649761377725,280.0,927.2260194863425,100.0,1944.2087787737532,1746.690995624115,38.799631862371776,7.721186043496987,0,Wado,FL,1,2024
2031.0000000000002,122.08493753170205,122.08493753170205,438.70835397712267,192.0,1316.7221342815983,0.0,2153.084937531702,1947.430488258721,33.456437267063045,16.009971356211825,0,Wado,SRI,1,2016
1816.2000000000003,72.52853543583481,72.52853543583481,444.03275962709847,192.0,1046.9121348311496,0.0,1888.728535435835,1682.9448944582482,32.73322564576341,12.029301744711667,0,Wado,SRI,1,2017
1626.8999999999999,152.64471267899467,152.64471267899472,454.76287060589004,192.0,954.8106075517994,0.0,1779.5447126789945,1601.5734781576894,29.660163046918726,-5.493163574283238,3,Wado,SRI,1,2018
2133.0,106.76950605161171,106.76950605161173,451.0071962499012,192.0,1393.9631399476257,0.0,2239.7695060516116,2036.9703361975269,33.5683830251246,10.86741267706627,0,Wado,SRI,1,2019
2527.7,143.5783380067855,143.57833800678551,456.339690827425,192.0,1822.3786028860081,0.0,2671.2783380067854,2470.718293713433,34.12344610503418,23.959760056500194,0,Wado,SRI,1,2020
2972.6,42.66245999209289,42.6624599920929,408.88400555252326,192.0,2216.2879085654904,0.0,3015.2624599920928,2817.171914118014,33.803552700290716,9.821929985266731,0,Wado,SRI,1,2021
2034.0,44.676737089337294,44.676737089337294,462.16866513371514,192.0,1215.8697595754059,0.0,2078.676737089337,1870.038424709121,31.77937455490413,-3.3439740357380097,1,Wado,SRI,1,2022
1755.7,63.94889525623344,63.94889525623344,456.22653664014285,192.0,963.2836638198155,0.0,1819.6488952562336,1611.5102004599585,29.95225580952331,-3.170353752385549,2,Wado,SRI,1,2023
1615.2,229.00877877375314,229.0087787737531,522.2676878105242,192.0,938.2346190894986,0.0,1844.2087787737532,1652.5023069000226,31.53310026820396,8.616155747125621,0,Wado,SRI,1,2024
2036.1,200.44416313501227,65.59361583713375,453.4354218682844,280.0,1327.1649550442712,100.0,2236.5441631350122,2060.6003769125555,39.202625353089864,-4.752257915697505,4,Wado,FL,2,2015
1761.9,235.09716478621675,135.09716478621675,455.0494052197862,280.0,1069.1274047681857,100.0,1996.997164786217,1804.1768099879719,42.071526563533794,8.025946021980356,0,Wado,FL,2,2016
1439.5,217.81813880417474,80.66131679021423,466.51041952892365,280.0,726.981040933209,100.0,1657.3181388041749,1473.4914604621326,38.782422279446685,-2.5664527881401034,3,Wado,FL,2,2017
1342.9,303.8968322727297,104.22028105593085,479.19184240697984,280.0,701.8926411302549,100.0,1646.7968322727297,1461.0844835372347,32.783632217927114,-4.110955251276477,10,Wado,FL,2,2018
1866.5,204.7494974013975,75.22450680674044,469.08916325400435,280.0,1139.6057544864238,100.0,2071.2494974013975,1888.694917740428,37.876923003831344,-5.461893120366564,3,Wado,FL,2,2019
2326.6,171.60820346981768,71.6082034698177,455.2975448216494,280.0,1568.793750145809,100.0,2498.208203469818,2304.0912949674585,40.577239980728784,11.59954813478188,0,Wado,FL,2,2020
2330.2999999999997,177.8596756049664,12.326672885427477,443.82059612120827,280.0,1574.978171983893,100.0,2508.159675604966,2298.7987681051013,34.40794378100219,-5.655629746520687,9,Wado,FL,2,2021
1763.4,189.67083669995665,89.67083669995665,483.95981196446684,280.0,974.471523484704,100.0,1953.0708366999568,1738.4313354491708,41.46712475611698,8.044440704554622,0,Wado,FL,2,2022
1567.5,230.10178924991098,101.87471040342072,482.10437359802944,280.0,856.3525258609451,100.0,1797.601789249911,1618.4568994589745,38.93966666015251,-2.8270788464902634,1,Wado,FL,2,2023
1599.6,233.55519363011678,90.39423307108406,520.7689498684385,280.0,859.4292342160929,100.0,1833.1551936301166,1660.1981840845315,35.34601478635341,-5.180859203497301,8,Wado,FL,2,2024
2036.1,65.59361583713377,65.59361583713375,438.28748031198893,187.67999999999998,1326.087824063915,0.0,2101.6936158371336,1952.0553043759037,29.247751513809625,-28.4414709971274,11,Wado,SRI,2,2015
1761.9,135.09716478621675,135.09716478621675,439.7165359695843,192.0,1074.9733184362376,0.0,1896.997164786217,1706.689854405822,32.69354170350548,8.850441605921144,0,Wado,SRI,2,2016
1439.5,80.66131679021423,80.66131679021423,450.40786561755465,189.11999999999998,730.2026878504131,0.0,1520.1613167902142,1369.7305534679676,29.25140762510204,-29.234327393145154,7,Wado,SRI,2,2017
1342.9,171.97024537817202,104.22028105593085,462.4205151686043,180.48,707.5792933973455,0.0,1514.870245378172,1350.47980856595,18.503744600415565,-34.45717859975011,31,Wado,SRI,2,2018
1866.5,75.22450680674044,75.22450680674044,453.29163425143315,190.07999999999998,1138.388693683598,0.0,1941.7245068067405,1781.760327935031,29.570484138072338,-18.29733976134645,5,Wado,SRI,2,2019
2326.6,71.60820346981768,71.6082034698177,439.8226764893701,192.0,1570.6493984135425,0.0,2398.208203469818,2202.4720749029125,32.256829256832255,10.170677831030492,0,Wado,SRI,2,2020
2330.2999999999997,43.0917759652844,12.326672885427477,427.91429006223905,182.4,1558.205112569734,0.0,2373.391775965284,2168.519402631973,24.220894006664114,-31.965103079856917,24,Wado,SRI,2,2021
1763.4,89.67083669995665,89.67083669995665,467.49805791973654,192.0,988.6344600793971,0.0,1853.0708366999568,1648.1325179991336,32.03072312436009,8.878654162925368,0,Wado,SRI,2,2022
1567.5,101.8747104034207,101.87471040342072,465.4346194976546,191.51999999999998,844.7722631128231,0.0,1669.3747104034207,1501.7268826104778,28.54469429765278,-7.721752243657853,2,Wado,SRI,2,2023
1599.6,90.39423307108407,90.39423307108406,503.08471055696,186.71999999999997,856.1975716680819,0.0,1689.994233071084,1546.0022822250417,26.570206422735755,-30.7623604388394,14,Wado,SRI,2,2024
1634.1000000000001,266.9706801820073,44.560610028723346,460.50302259249725,280.0,978.995820419636,100.0,1901.0706801820074,1719.4988430121332,32.037409317585286,-5.222592960836056,7,Wado,FL,3,2015
1628.3000000000002,171.70955921127566,47.8865344525385,440.57982352746956,280.0,887.2906212790825,100.0,1800.009559211276,1607.870444806552,36.58369625558089,-4.42302475873716,1,Wado,FL,3,2016
1152.5,315.53758111279564,99.99451912699546,475.71765988104846,280.0,527.7657210174996,100.0,1468.0375811127956,1283.4833808985481,31.109584993780242,-5.492935209108825,7,Wado,FL,3,2017
1022.7,344.14568672798015,50.02000581155031,500.4898202612941,280.0,403.8014423040799,100.0,1366.8456867279801,1184.291262565374,23.15224883844985,-4.015091707891033,11,Wado,FL,3,2018
1430.3999999999999,316.6836552812607,68.52770521067391,486.7922980880035,280.0,800.6065788409338,100.0,1747.0836552812607,1567.3988769289372,32.126129721368684,-5.753272584722162,12,Wado,FL,3,2019
2022.0,120.5886991138403,20.588699113840303,446.3711233865091,280.0,1225.0877688233656,100.0,2142.5886991138404,1951.4588922098746,40.79656944973462,8.988961758117028,0,Wado,FL,3,2020
1811.0000000000002,165.7819374686371,27.013057639398163,456.10988379339676,280.0,1048.9048684799593,100.0,1976.7819374686374,1785.014752273356,30.085689884593883,-3.635116460280214,4,Wado,FL,3,2021
1554.0,159.0851753383504,59.0851753383504,469.1089365113494,280.0,749.3325319362566,100.0,1713.0851753383504,1498.441468447606,41.620962517691154,12.560933620020846,0,Wado,FL,3,2022
1302.0,266.2289443073879,69.32295743214898,484.45889072420835,280.0,623.253951251452,100.0,1568.2289443073878,1387.7128419756605,28.717723988394614,-4.748505556376757,11,Wado,FL,3,2023
1297.0,228.2608968382281,75.17759149013843,519.1686606412377,280.0,547.9367861932534,100.0,1525.260896838228,1347.105446834491,30.632327872515834,-5.540545317134516,5,Wado,FL,3,2024
1634.1000000000001,142.08712782917573,44.560610028723346,444.99539711186117,175.2,983.10536219397,0.0,1776.1871278291758,1603.3007593058312,17.503647617794282,-32.88236122143786,39,Wado,SRI,3,2015
1628.3000000000002,47.8865344525385,47.8865344525385,425.3780498156877,192.0,865.6651106921445,0.0,1676.1865344525386,1483.0431605078322,29.378235590341326,1.4562726796271486,0,Wado,SRI,3,2016
1152.5,165.02688351687897,99.99451912699546,459.2213424798123,178.56,523.5154366486177,0.0,1317.526883516879,1161.29677912843,17.926420634320028,-32.559850985068074,33,Wado,SRI,3,2017
1022.7,210.93344326937014,50.02000581155031,483.12089116824274,171.83999999999997,422.33228530901613,0.0,1233.6334432693702,1077.2931764772588,8.782142576516465,-33.09498802539064,48,Wado,SRI,3,2018
1430.3999999999999,192.935077858763,68.52770521067391,470.3899501969161,177.11999999999998,804.823189463112,0.0,1623.3350778587628,1452.333139660028,18.24957051106149,-32.64236725770428,33,Wado,SRI,3,2019
2022.0,20.588699113840303,20.588699113840303,430.99464710372956,192.0,1231.7984256943178,0.0,2042.5886991138402,1854.7930727980474,31.167449458702023,5.654781169944491,0,Wado,SRI,3,2020
1811.0000000000002,59.217401654213425,27.013057639398163,439.8051769041383,183.35999999999996,1065.0019617740677,0.0,1870.2174016542137,1688.167138678206,20.50300723381659,-28.404344014815262,27,Wado,SRI,3,2021
1554.0,59.08517533835041,59.0851753383504,452.94221510057264,192.0,761.8465462650461,0.0,1613.0851753383504,1406.7887613656187,31.73980052527858,13.303140161936621,0,Wado,SRI,3,2022
1302.0,134.85942669129005,69.32295743214898,467.4902869520173,179.51999999999998,614.952108338257,0.0,1436.85942669129,1261.9623952902743,16.974234054802444,-32.73077664386666,29,Wado,SRI,3,2023
1297.0,75.17759149013843,75.17759149013843,501.1302593720469,178.07999999999998,549.8088807184399,0.0,1372.1775914901384,1229.0191400904869,16.54823872126566,-30.121578200040815,34,Wado,SRI,3,2024
1034.9,393.7492682716113,75.90261770279938,471.88468788246485,280.0,499.36971417831745,100.0,1428.6492682716114,1251.2544020607822,23.271903539353605,-4.712747709890049,10,Wado,FL,4,2015
971.3,255.56080706129023,77.78543706443304,450.18601488671607,280.0,315.77690113498306,100.0,1226.8608070612902,1045.9629160216991,31.51812672342105,-4.913639151803456,9,Wado,FL,4,2016
781.3000000000001,409.95596119915535,107.0045830954843,488.6992837249214,280.0,248.14292201746744,100.0,1191.2559611991555,1016.8422057423887,22.126918202937336,-5.000124385881069,13,Wado,FL,4,2017
518.7,552.878277207124,92.41762942882897,521.2133666560196,280.0,92.26234450097215,100.0,1071.578277207124,893.4757111569918,7.473176337785575,-2.5100318551783465,12,Wado,FL,4,2018
941.9,462.75736236356437,82.52593715298973,509.73625409915644,280.0,438.36965746104045,100.0,1404.6573623635643,1228.105911560197,22.43721254836714,-5.3631240120618155,12,Wado,FL,4,2019
1354.3,309.47673971772747,92.69263501187702,464.2420645027381,280.0,738.6114314839208,100.0,1663.7767397177274,1482.8534959866588,32.23422896945857,-5.617682424320386,9,Wado,FL,4,2020
1121.3,219.56174320260976,45.940816400810625,470.6075289462117,280.0,409.206205946274,100.0,1340.8617432026097,1159.8137348924856,25.758893895270116,-4.60439625905598,5,Wado,FL,4,2021
1198.1,168.50312931759373,32.913877353224024,471.8358795116219,280.0,422.96442676950517,100.0,1366.6031293175936,1174.8003062811272,34.718002737204536,-4.108424404142943,4,Wado,FL,4,2022
893.0999999999999,409.77363922005725,146.7755725811118,511.6879354469496,280.0,334.9137475297004,100.0,1302.8736392200572,1126.60168297665,20.138318674516416,-5.398491667130528,13,Wado,FL,4,2023
867.8,314.20576700784727,124.94297212004913,516.857585892277,280.0,214.28944319944395,100.0,1182.0057670078472,1011.1470290917209,23.020842370580148,-3.3108190041655927,7,Wado,FL,4,2024
1034.9,266.0459212845326,75.90261770279938,455.5402649048533,167.51999999999998,526.0994712447047,0.0,1300.9459212845327,1149.1597361495578,5.639835590133908,-33.309455714328564,60,Wado,SRI,4,2015
971.3,107.84190760570145,77.78543706443304,435.3315485695956,179.04,305.60373545962204,0.0,1079.1419076057014,919.9752840292176,16.73936491194106,-30.05647054126841,28,Wado,SRI,4,2016
781.3000000000001,266.08459334923396,107.0045830954843,472.36978766213525,167.99999999999997,252.97219595182486,0.0,1047.384593349234,893.3419836139601,5.967967630247353,-33.15293515874023,56,Wado,SRI,4,2017
518.7,409.98892026238514,92.41762942882897,503.803343382981,163.2,92.26234450097215,0.0,928.6889202623852,759.2656878839532,-7.9435015514449585,-33.76463472803532,76,Wado,SRI,4,2018
941.9,339.7807444907513,82.52593715298973,491.98476668163676,166.55999999999997,449.3109403041857,0.0,1281.6807444907513,1107.8557069858225,5.9729107482963135,-34.59630900396463,59,Wado,SRI,4,2019
1354.3,156.56464637771043,92.69263501187702,448.98795937694706,180.95999999999998,712.1526720942452,0.0,1510.8646463777104,1342.1006314711922,18.710699029105925,-32.98386291902025,25,Wado,SRI,4,2020
1121.3,110.26478882074522,45.940816400810625,454.94186729604775,179.03999999999996,432.9046038648121,0.0,1231.5647888207452,1066.8864711608599,10.905895619537722,-33.956312632991796,36,Wado,SRI,4,2021
1198.1,32.913877353224024,32.913877353224024,456.5562669512128,188.16,407.5609283735304,0.0,1231.013877353224,1052.2771953247432,25.417757874118657,-16.917185674804937,12,Wado,SRI,4,2022
893.0999999999999,276.58901158787853,146.7755725811118,494.6715653691035,171.83999999999997,335.5880517349569,0.0,1169.6890115878784,1002.0996171040604,8.040339222900137,-33.79804792848329,48,Wado,SRI,4,2023
867.8,187.03205324118653,124.94297212004913,499.4578622110985,169.91999999999996,229.9678689851757,0.0,1054.8320532411865,899.3457311962741,4.456127493265718,-32.08142785428444,55,Wado,SRI,4,2024
634.6999999999999,565.4243265254353,61.60637766077781,496.7935375710268,280.0,239.45360844607055,100.0,1200.1243265254352,1016.2471460170973,9.886069511245406,-5.8070819991298706,11,Wado,FL,5,2015
656.6,319.0874974574655,115.75422991774161,453.3762074509789,280.0,69.19493724994905,100.0,975.6874974574655,802.5711447009279,23.634913025920493,-5.491931755870344,10,Wado,FL,5,2016
413.0,629.570901281739,148.3509811033651,509.9274301497647,280.0,72.0544269981151,100.0,1042.570901281739,861.9818571478797,9.211783766271054,-3.7266478525943016,15,Wado,FL,5,2017
184.29999999999998,815.077274048951,238.87978650316288,549.8005654016083,280.0,0.0,100.0,999.377274048951,829.8005654016083,6.756286395423294,-5.05640919349036,13,Wado,FL,5,2018
576.1,683.0370315132163,98.6166374565745,548.4587359082118,280.0,250.67933632954635,100.0,1259.1370315132162,1079.138072237758,7.330210576581725,-4.090002293383567,11,Wado,FL,5,2019
928.5,406.8908700179838,120.0750246152211,482.6850913488493,280.0,396.175397139369,100.0,1335.3908700179838,1158.8604884882184,16.1179101243129,-5.525026353327679,8,Wado,FL,5,2020
638.0999999999999,477.37052407758506,161.17134946594547,491.43276208821,280.0,167.72770380549002,100.0,1115.470524077585,939.1604658937,22.036634740308518,-2.291195344989424,11,Wado,FL,5,2021
771.9,377.5541021780116,151.3351597870538,485.8099395061108,280.0,211.61177611463788,100.0,1149.4541021780115,977.4217156207487,25.298155631724438,-3.2647577578020996,8,Wado,FL,5,2022
587.5999999999999,529.1401142853896,146.5227883624325,530.0921029682236,280.0,136.98560968301777,100.0,1116.7401142853896,947.0777126512413,13.699074381226849,-3.597361783820112,12,Wado,FL,5,2023
569.8,521.5813472724724,123.71369671137461,541.1852456813933,280.0,102.41628103300715,100.0,1091.3813472724723,923.6015267144005,13.479804067435333,-4.8143506620208125,12,Wado,FL,5,2024
634.6999999999999,407.04465197853824,61.60637766077781,479.52549808419406,157.91999999999996,239.45360844607055,0.0,1041.744651978538,876.8991065302646,-8.74939844760871,-33.886408671446205,81,Wado,SRI,5,2015
656.6,181.23292379119428,115.75422991774161,438.63269010512175,176.64,69.04336485155727,0.0,837.8329237911943,684.316054956679,9.57698768114809,-32.78186210848085,46,Wado,SRI,5,2016
413.0,486.7554185089132,148.3509811033651,493.07380523938053,162.71999999999997,72.0544269981151,0.0,899.7554185089132,727.8482322374956,-7.02668433338678,-34.06152304898154,76,Wado,SRI,5,2017
184.29999999999998,672.0965853163873,238.87978650316288,531.1604337633097,157.43999999999997,0.0,0.0,856.3965853163872,688.6004337633096,-11.172753731366026,-34.546940823750106,91,Wado,SRI,5,2018
576.1,516.4051614755792,98.6166374565745,529.1356133486913,157.91999999999996,250.67933632954635,0.0,1092.5051614755794,937.7349496782376,-10.164995300764797,-34.99958935385182,85,Wado,SRI,5,2019
928.5,251.4245492032078,120.0750246152211,466.3409441714527,170.39999999999998,394.3789110511375,0.0,1179.9245492032078,1031.11985522259,6.2698371505515285,-31.133323098113095,49,Wado,SRI,5,2020
638.0999999999999,333.85262508768596,161.17134946594547,475.4667554758074,173.27999999999997,158.88978766859253,0.0,971.9526250876859,807.6365431443999,5.11999372229215,-31.495467603941833,51,Wado,SRI,5,2021
771.9,226.57270406331278,151.3351597870538,470.02756684566805,178.07999999999998,189.66905147910086,0.0,998.4727040633128,837.776618324769,12.715918351160651,-30.748478880477045,42,Wado,SRI,5,2022
587.5999999999999,401.0493830222762,146.5227883624325,512.4058286683883,160.32,153.6158327335946,0.0,988.6493830222761,826.3416614019828,-4.197926531846931,-32.838550223067,76,Wado,SRI,5,2023
569.8,385.37186149956284,123.71369671137461,523.6425626021439,164.64,100.79583558641507,0.0,955.1718614995627,789.0783981885589,-4.244605666231859,-34.232084989416435,71,Wado,SRI,5,2024
116.1,899.4119764873117,293.5744101428443,547.7479273694914,280.0,10.600131948182709,100.0,1015.5119764873117,838.3480593176741,6.996790903184554,-4.127551777243913,10,Wado,FL,6,2015
563.5,468.9641329646683,192.61619392316234,466.1787108494264,280.0,91.37862366069626,100.0,1032.4641329646684,837.5573345101226,13.95353397600019,-1.4845911609231912,2,Wado,FL,6,2016
150.89999999999998,867.3536596057194,282.3267681148043,558.8365991095108,280.0,2.7201352970389117,100.0,1018.2536596057193,841.5567344065497,6.528027784602008,-4.688226157481465,12,Wado,FL,6,2017
84.80000000000001,959.6060815979231,320.5247964045308,589.2198300996721,280.0,0.0,100.0,1044.406081597923,869.2198300996721,6.770417661624467,-4.534013653766892,10,Wado,FL,6,2018
83.9,977.0131227360268,287.07873931756825,605.6557461987842,280.0,0.0,100.0,1060.913122736027,885.6557461987842,6.2755744757370655,-5.207949158399148,10,Wado,FL,6,2019
478.4,641.9653077608879,180.32900581305563,529.1568197433401,280.0,128.51397009364996,100.0,1120.3653077608878,937.67078983699,11.081660311271229,-4.276609830873728,11,Wado,FL,6,2020
426.0,626.3676756041262,244.81213695759857,510.86009950964683,280.0,82.49395953260954,100.0,1052.3676756041264,873.3540590422564,11.067152530923618,-6.00596621037869,10,Wado,FL,6,2021
573.4,447.77674681802444,191.57372048401857,509.19089645988754,280.0,51.66642226015688,100.0,1021.1767468180244,840.8573187200444,16.034420298505406,-5.459183152143116,7,Wado,FL,6,2022
280.3,794.5543264951373,246.4554361276363,574.0030881311038,280.0,43.64931662349387,100.0,1074.8543264951372,897.6524047545977,8.596428094125505,-4.7871087456857815,11,Wado,FL,6,2023
389.9,753.2506163103237,263.7708004373087,579.6702641678063,280.0,109.10617253309485,100.0,1143.1506163103236,968.7764367009012,12.632257608489025,-4.738667006904044,7,Wado,FL,6,2024
116.1,729.8009002633305,293.5744101428443,528.9598301905336,157.91999999999996,10.600131948182709,0.0,845.9009002633305,697.4799621387162,-10.799371918478075,-32.885433025215654,90,Wado,SRI,6,2015
563.5,308.14340983699685,192.61619392316234,450.1166527416108,170.39999999999998,61.717875021045714,0.0,871.6434098369969,682.2345277626565,-0.7754962280603449,-28.20719782575798,54,Wado,SRI,6,2016
150.89999999999998,690.0280218066349,282.3267681148043,539.7211607955853,157.44,2.7201352970389117,0.0,840.9280218066349,699.8812960926243,-10.614877214643347,-32.77200953362071,87,Wado,SRI,6,2017
84.80000000000001,805.7832064017534,320.5247964045308,568.8083204266167,160.79999999999998,0.0,0.0,890.5832064017534,729.6083204266166,-10.336662006058662,-35.23112717790373,88,Wado,SRI,6,2018
83.9,799.4945713265936,287.07873931756825,584.5490227976628,156.0,0.0,0.0,883.3945713265936,740.5490227976628,-10.792707643459174,-34.68191643747062,92,Wado,SRI,6,2019
478.4,484.43134528951197,180.32900581305563,510.66826904021553,157.91999999999996,131.00338565360408,0.0,962.831345289512,799.5916546938195,-5.5485107610838815,-34.546305106444386,79,Wado,SRI,6,2020
426.0,487.12984385328207,244.81213695759857,493.2428418295608,170.39999999999998,84.52936056075399,0.0,913.1298438532821,748.1722023903147,-0.42540060193990015,-32.88395940794176,60,Wado,SRI,6,2021
573.4,318.1793415260168,191.57372048401857,491.26928195894567,173.27999999999997,64.34739151774741,0.0,891.5793415260168,728.896673476693,4.988380791860748,-32.73469441277989,49,Wado,SRI,6,2022
280.3,633.9618496407725,246.4554361276363,554.1772460527784,157.91999999999996,43.64931662349387,0.0,914.2618496407724,755.7465626762722,-9.595457589795814,-35.59605188952098,85,Wado,SRI,6,2023
389.9,574.0227097333378,263.7708004373087,559.659430508523,163.68,80.80685140626647,0.0,963.9227097333378,804.1462819147895,-7.432140769653176,-34.20236412957944,78,Wado,SRI,6,2024
96.5,945.2853642145627,310.37927596939636,592.8244563778276,280.0,0.0,100.0,1041.7853642145628,872.8244563778276,6.76162031271203,-5.460571282037004,11,Wado,FL,7,2015
804.6999999999999,472.7071453485024,264.16257205923887,464.97577195467903,280.0,328.6468923208894,100.0,1277.4071453485024,1073.6226642755682,25.672535242554893,2.6989136309044293,0,Wado,FL,7,2016
277.1,813.4575666962792,293.4964102377871,570.3135618640595,280.0,49.626736811060454,100.0,1090.557566696279,899.94029867512,11.108900961158762,-0.9931178201549296,1,Wado,FL,7,2017
73.9,1013.230348729581,313.5331859287805,629.0788275198122,280.0,2.420846205561359,100.0,1087.130348729581,911.4996737253736,6.283528132952262,-5.408729882424544,12,Wado,FL,7,2018
54.0,1048.4622537457499,344.488905159556,658.7505979923139,280.0,0.0,100.0,1102.4622537457499,938.7505979923139,5.832017075455826,-6.808549573422719,13,Wado,FL,7,2019
427.70000000000005,753.9159429663698,254.0023276023898,573.414929439483,280.0,150.713593098178,100.0,1181.6159429663699,1004.128522537661,7.225403230937699,-5.5854144390018305,11,Wado,FL,7,2020
316.5,700.2361759589426,228.99238474702318,545.6902910545045,280.0,6.1561832065584134,100.0,1016.7361759589426,831.846474261063,7.523725654248424,-6.405993095830001,13,Wado,FL,7,2021
621.7,481.34215959155415,198.0223738589912,529.1667821523398,280.0,74.18650500156654,100.0,1103.042159591554,883.3532871539063,18.70111524339864,-3.2506818102057946,1,Wado,FL,7,2022
163.89999999999998,928.5183778556716,273.22575886444525,636.0288891849767,280.0,0.45465614111085273,100.0,1092.4183778556717,916.4835453260876,6.115632462542457,-5.736870268006876,12,Wado,FL,7,2023
321.5,801.9634882481149,281.86109823711223,615.2958319833197,280.0,51.686861191014344,100.0,1123.463488248115,946.982693174334,11.123371017423512,-5.613579766932934,9,Wado,FL,7,2024
96.5,802.2981458808631,310.37927596939636,571.7902324755217,158.87999999999997,0.0,0.0,898.7981458808631,730.6702324755217,-10.007463208805452,-31.58274952895304,89,Wado,SRI,7,2015
804.6999999999999,362.1071739092628,264.16257205923887,448.4351930757059,183.84,338.22799834359444,0.0,1166.8071739092627,970.5031914193004,10.808632343096077,-25.24203043513162,34,Wado,SRI,7,2016
277.1,669.7472928814188,293.4964102377871,549.043765199437,166.07999999999998,39.38436686146777,0.0,946.8472928814189,754.5081320609048,-4.07360560878609,-27.34256093807073,71,Wado,SRI,7,2017
73.9,840.519763863558,313.5331859287805,606.8012986845824,156.48,2.420846205561359,0.0,914.4197638635579,765.7021448901438,-11.027333465961409,-34.827297178241096,94,Wado,SRI,7,2018
54.0,882.9740226824215,344.488905159556,635.2922770061813,155.99999999999997,0.0,0.0,936.9740226824215,791.2922770061813,-10.746285906433023,-35.752185894208196,95,Wado,SRI,7,2019
427.70000000000005,576.5551454207219,254.0023276023898,552.3198918427804,155.04,150.713593098178,0.0,1004.255145420722,858.0734849409583,-11.023096995835104,-30.83459140967161,95,Wado,SRI,7,2020
316.5,528.3556629089644,228.99238474702318,526.2436557717184,161.76,6.1561832065584134,0.0,844.8556629089644,694.1598389782769,-9.20770625799644,-34.37263907530535,78,Wado,SRI,7,2021
621.7,348.25710096240954,198.0223738589912,509.63872489702885,173.27999999999997,77.3495036277328,0.0,969.9571009624096,760.2682285247616,3.7284299548941306,-27.369270771214307,49,Wado,SRI,7,2022
163.89999999999998,762.9505980896015,273.22575886444525,613.0277125975094,158.39999999999998,0.45465614111085273,0.0,926.8505980896015,771.8823687386202,-10.12345682292548,-36.15432960100185,89,Wado,SRI,7,2023
321.5,634.5198914504462,281.86109823711223,593.1252664574863,166.07999999999998,35.07031411396565,0.0,956.0198914504462,794.2755805714519,-4.062365753280443,-34.54372655670516,69,Wado,SRI,7,2024
185.5,935.9919551194112,336.235939905431,627.468140878947,280.0,20.99860147918625,100.0,1121.4919551194112,928.4667423581333,10.646403624680353,-5.004764941348048,4,Wado,FL,8,2015
1165.8,461.50039554109605,243.93001658987333,464.5668694928674,280.0,669.8567966693122,100.0,1627.300395541096,1414.4236661621796,33.47295821826174,4.837733934691692,0,Wado,FL,8,2016
465.79999999999995,748.4954024056542,327.81567950127345,586.7451162087541,280.0,141.36450077301072,100.0,1214.2954024056542,1008.1096169817648,16.781555108632833,-4.469522839754484,6,Wado,FL,8,2017
202.40000000000003,927.331239944524,355.10204576666456,639.8076165684279,280.0,12.65591504808259,100.0,1129.731239944524,932.4635316165104,9.630716963712224,-6.004696044702165,10,Wado,FL,8,2018
105.8,1035.22389531532,351.7666357010557,692.9528383601447,280.0,0.0,100.0,1141.02389531532,972.9528383601447,6.684583135918556,-6.015522132230874,11,Wado,FL,8,2019
482.0,680.7736917087001,319.58521385113744,582.3738956540672,280.0,115.24911625402811,100.0,1162.7736917087,977.6230119080952,16.995517032300572,0.7946144488687805,0,Wado,FL,8,2020
567.3000000000001,685.5849330422246,322.79282705879353,565.8784390582368,280.0,194.85407803183963,100.0,1252.8849330422247,1040.7325170900765,14.210927622163755,-1.2041434567561264,5,Wado,FL,8,2021
923.1,529.845095336785,274.3052637170111,540.5473638175115,280.0,418.3387172638054,100.0,1452.945095336785,1238.886081081317,25.255076975772887,-0.02707735821967372,1,Wado,FL,8,2022
185.9,949.889782174856,310.5063314363112,681.0439578836343,280.0,4.517096975200674,100.0,1135.789782174856,965.5610548588351,6.493363805567703,-6.599368907135584,11,Wado,FL,8,2023
429.4,755.4080181272425,310.3018285081971,641.062645112167,280.0,63.81098939057131,100.0,1184.8080181272426,984.8736345027384,12.869591394816046,-4.9896789154419245,3,Wado,FL,8,2024
185.5,784.8828904281578,336.235939905431,604.1872696741927,165.6,12.533614747201632,0.0,970.3828904281578,782.3208844213945,-5.306912715798389,-33.850462873288876,78,Wado,SRI,8,2015
1165.8,319.5722563335595,243.93001658987333,449.071945922918,190.56,640.3556758691445,0.0,1485.3722563335596,1279.9876217920626,20.789462494459425,-10.492955910341632,11,Wado,SRI,8,2016
465.79999999999995,585.0147552919967,327.81567950127345,566.1016356462463,175.2,112.49064635757091,0.0,1050.8147552919968,853.7922820038171,1.9050461710300675,-26.31501404612319,55,Wado,SRI,8,2017
202.40000000000003,768.857084494122,355.10204576666456,616.7803375746819,162.71999999999997,0.0,0.0,971.257084494122,779.5003375746819,-6.768269612616311,-28.991639034082706,83,Wado,SRI,8,2018
105.8,853.2423401567071,351.7666357010557,667.8772965467548,158.88,0.0,0.0,959.042340156707,826.7572965467548,-10.166243341381035,-33.629991502109675,91,Wado,SRI,8,2019
482.0,543.5666386959122,319.58521385113744,561.4818121333037,170.4,104.2792613020218,0.0,1025.5666386959122,836.1610734353255,0.4543020091403156,-27.83439942904107,62,Wado,SRI,8,2020
567.3000000000001,557.5110649705169,322.79282705879353,545.3103655496651,168.48,208.86828346870368,0.0,1124.811064970517,922.6586490183688,-1.2039650151714847,-29.37049815108465,71,Wado,SRI,8,2021
923.1,389.30404369323634,274.3052637170111,521.6877625491823,183.84,402.81726688858606,0.0,1312.4040436932364,1108.3450294377683,12.199851558292098,-24.730527865849254,27,Wado,SRI,8,2022
185.9,806.3489690993342,310.5063314363112,655.8375612142574,161.76,4.517096975200674,0.0,992.2489690993342,822.1146581894582,-9.349069022914893,-35.0715938206542,88,Wado,SRI,8,2023
429.4,596.6580815467292,310.3018285081971,617.6947521071191,168.95999999999998,54.87262412924354,0.0,1026.0580815467292,841.5273762363626,-4.377445163688252,-30.001526716598477,73,Wado,SRI,8,2024
581.9,796.1601516354131,355.61845486902234,614.4066176645576,280.0,278.52781253664307,100.0,1378.0601516354131,1172.9344302012007,20.318712298060248,-1.996168255646964,1,Wado,FL,9,2015
1627.2000000000003,420.15853037855766,260.44859030947913,462.35465940762367,280.0,1092.12193278687,100.0,2047.358530378558,1834.4765921944936,36.79697510192872,5.290843556281974,0,Wado,FL,9,2016
860.8999999999999,624.0805671929699,361.37514982934886,560.511033469358,280.0,442.37352486854184,100.0,1484.9805671929698,1282.8845583378998,30.650266667738098,5.527245359177446,0,Wado,FL,9,2017
474.29999999999995,782.8911328803568,358.16950694852636,619.4453483912947,280.0,158.6921562186074,100.0,1257.1911328803567,1058.1375046099022,16.283257436929386,-3.8072983174115613,4,Wado,FL,9,2018
348.2,872.3690685518684,365.6522237831407,687.3481829399125,280.0,55.043311241893626,100.0,1220.5690685518684,1022.3914941818061,12.963380324420354,-4.164176145357594,3,Wado,FL,9,2019
1119.1,583.0964139132409,311.89418423508084,560.1237119000775,280.0,655.3647402461804,100.0,1702.1964139132408,1495.488452146258,28.955346252134987,5.778254438764214,0,Wado,FL,9,2020
1093.9,589.9163923866411,306.9605140434624,551.1824052283971,280.0,644.5753454982172,100.0,1683.8163923866412,1475.7577507266142,23.642987840256783,-1.1112905311212335,2,Wado,FL,9,2021
1230.8000000000002,482.02334568930445,300.71133967407695,540.8685484809264,280.0,684.728746059644,100.0,1712.8233456893047,1505.5972945405704,33.46334370734544,6.489738110795684,0,Wado,FL,9,2022
305.69999999999993,847.3168653630297,355.2504376233712,696.4433378899535,280.0,12.280322111991275,100.0,1153.0168653630296,988.7236600019447,11.12542649028131,-5.415765912084169,4,Wado,FL,9,2023
921.6,640.9419856431242,356.6493071002745,623.3957857386414,280.0,459.52654924529304,100.0,1562.5419856431242,1362.9223349839344,24.409258664472326,0.41228720031661226,0,Wado,FL,9,2024
581.9,653.281702064544,355.61845486902234,592.6797805289193,177.60000000000002,269.7762001014125,0.0,1235.181702064544,1040.0559806303318,6.11157332405623,-27.16517043942363,49,Wado,SRI,9,2015
1627.2000000000003,295.21717936640187,260.44859030947913,447.4761791960583,192.0,1080.0590619862796,0.0,1922.4171793664023,1719.5352411823378,27.174556057374588,-4.307154313469084,5,Wado,SRI,9,2016
860.8999999999999,477.8390798399988,361.37514982934886,542.7976887995269,189.12,414.72538218540194,0.0,1338.7390798399988,1146.6430709849287,17.199644074390456,-14.074529117560232,16,Wado,SRI,9,2017
474.29999999999995,632.6014005421248,358.16950694852636,598.4968447806376,175.2,141.63244489660033,0.0,1106.9014005421247,915.3292896772379,3.512718539822689,-27.96985665262146,55,Wado,SRI,9,2018
348.2,739.5396895135957,365.6522237831407,663.2773047811023,170.39999999999998,65.0489968980935,0.0,1087.7396895135957,898.7263016791958,-2.3560769186889834,-28.922876280915254,72,Wado,SRI,9,2019
1119.1,452.91996147085626,311.89418423508084,541.5658190721805,185.28,648.0634468463087,0.0,1572.0199614708563,1374.9092659184892,13.626240704054837,-24.62684646993029,26,Wado,SRI,9,2020
1093.9,465.49912121553353,306.9605140434624,532.6112664801415,180.96,647.7692130753652,0.0,1559.3991212155336,1361.3404795555066,10.668791429313362,-27.824493265895548,40,Wado,SRI,9,2021
1230.8000000000002,326.4262338687808,300.71133967407695,523.3341474844906,189.6,647.0660352355558,0.0,1557.226233868781,1360.0001827200463,23.300438898115704,-13.573090310612859,11,Wado,SRI,9,2022
305.69999999999993,700.9253765614646,355.2504376233712,672.1626782564181,172.32,22.6970944183534,0.0,1006.6253765614646,867.1797726747714,-2.632531758928555,-28.787856980533466,71,Wado,SRI,9,2023
921.6,508.38744094062474,356.6493071002745,602.2704474443997,180.48000000000002,457.6173428370354,0.0,1429.9874409406248,1240.3677902814352,9.762964081694124,-29.6386193894754,39,Wado,SRI,9,2024
842.7000000000002,658.3286710291328,362.998226437436,592.502988365931,280.0,431.4928024662344,100.0,1501.028671029133,1303.9957908321653,28.4398676508512,4.88934933583088,0,Wado,FL,10,2015
1841.9,284.8368195646867,184.8368195646867,455.4480015322541,280.0,1175.7415867880045,100.0,2126.736819564687,1911.1895883202587,42.31039527176345,22.634852761464792,0,Wado,FL,10,2016
1193.0,420.8334723201278,307.78579654368156,524.4473772932238,280.0,608.1739924307919,100.0,1613.8334723201278,1412.6213697240157,34.01268380911838,6.552324223553766,0,Wado,FL,10,2017
868.8,632.5128250758597,360.32910104821366,583.4509619419604,280.0,439.9229764564518,100.0,1501.3128250758596,1303.373938398412,27.328717321072876,3.903702910701152,0,Wado,FL,10,2018
788.7,709.9648805357388,369.607398283559,645.9192771541841,280.0,379.27154390953075,100.0,1498.6648805357388,1305.1908210637148,24.058038879977747,-0.924786659882443,1,Wado,FL,10,2019
1775.2999999999997,473.9126291848657,333.52766930002485,523.4706438775806,280.0,1247.1812884618196,100.0,2249.2126291848654,2050.6519323394004,37.408976037181255,4.992919949037999,0,Wado,FL,10,2020
1503.8000000000004,511.7077531645444,290.9673652480352,527.8740322441471,280.0,1001.9525647275244,100.0,2015.5077531645447,1809.8265969716715,33.205753554290666,5.163527946798309,0,Wado,FL,10,2021
1542.1999999999998,359.514421470272,259.51442147027194,517.2246234199284,280.0,898.8306625358084,100.0,1901.7144214702719,1696.055285955737,41.7120377201251,9.502170881553155,0,Wado,FL,10,2022
644.7,704.1794509584565,370.88945139677895,676.0107345671606,280.0,200.05828002404428,100.0,1348.8794509584566,1156.069014591205,19.868987691174652,1.1703734430477546,0,Wado,FL,10,2023
1429.1,544.1534067619169,277.38178741842347,573.6848229602053,280.0,919.4404649825898,100.0,1973.2534067619167,1773.1252879427952,32.4330422297924,4.828842319426417,0,Wado,FL,10,2024
842.7000000000002,520.4285930957516,362.998226437436,574.0765226924702,187.2,412.50264664241206,0.0,1363.1285930957517,1173.7791693348822,17.823798014728688,-25.38869458168918,24,Wado,SRI,10,2015
1841.9,184.8368195646867,184.8368195646867,440.40114325229786,192.0,1188.7884450679608,0.0,2026.7368195646868,1821.1895883202587,33.05477181857885,18.141788822655137,0,Wado,SRI,10,2016
1193.0,307.7857965436815,307.78579654368156,508.3389962518563,192.0,609.2346976957131,0.0,1500.7857965436815,1309.5736939475694,25.423730604851144,2.6675925101325957,0,Wado,SRI,10,2017
868.8,501.9095614582521,360.32910104821366,565.5892188983132,185.28,431.0932841690731,0.0,1370.709561458252,1181.9625030673863,16.406780819500653,-24.362666999205082,27,Wado,SRI,10,2018
788.7,570.5009979623019,369.607398283559,624.9703775843922,180.0,370.7565609058855,0.0,1359.200997962302,1175.7269384902777,9.630155224926577,-24.25476622652921,42,Wado,SRI,10,2019
1775.2999999999997,354.8476027408667,333.52766930002485,507.75127566769936,192.0,1241.8356302277025,0.0,2130.147602740866,1941.5869058954017,26.843055909275343,-2.419973777216657,4,Wado,SRI,10,2020
1503.8000000000004,363.1521006539955,290.9673652480352,511.59393157823337,189.6,970.0770128828891,0.0,1866.9521006539958,1671.2709444611223,22.336994402427557,-14.15394534777153,19,Wado,SRI,10,2021
1542.1999999999998,259.51442147027194,259.51442147027194,500.88044131787115,192.0,913.1748446378656,0.0,1801.7144214702716,1606.0552859557367,32.03255210529895,10.343733546092235,0,Wado,SRI,10,2022
644.7,566.9122257377398,370.88945139677895,653.9386961630144,174.72,200.1430932074739,0.0,1211.61222573774,1028.8017893704882,4.059095816401614,-26.869397210025944,52,Wado,SRI,10,2023
1429.1,402.4205803950505,277.38178741842347,556.1785466092512,188.16,897.0539149666774,0.0,1831.5205803950503,1641.3924615759286,20.506350342408854,-25.59732103388671,20,Wado,SRI,10,2024
1424.7,476.6204592462738,345.129142431226,535.8967335487345,280.0,892.1985396735405,100.0,1901.320459246274,1708.095273222275,38.613637645876665,6.293988108849951,0,Wado,FL,11,2015
1950.8000000000002,210.32462219509108,99.92462219509108,441.7526758499353,280.0,1219.3687975168696,100.0,2161.1246221950914,1941.1214733668048,41.83516195473413,14.80399321918728,0,Wado,FL,11,2016
1425.7,370.67956223908874,228.43502006074942,477.36280322910795,280.0,834.4646253611506,100.0,1796.3795622390887,1591.8274285902585,38.375950421615386,7.105561627931971,0,Wado,FL,11,2017
1434.7,458.548485873289,331.60427928334013,529.5289713378121,280.0,886.5350205431515,100.0,1893.2484858732892,1696.0639918809636,36.876769241440556,4.740588009460318,0,Wado,FL,11,2018
1464.2,556.3251950382875,350.6964785318504,582.0212899170733,280.0,966.3790255171501,100.0,2020.5251950382876,1828.4003154342236,33.667481493556735,4.104613353232759,0,Wado,FL,11,2019
2547.3999999999996,291.2033540640546,166.88548524767836,454.27787455431644,280.0,1894.0407079606332,100.0,2838.603354064054,2628.3185825149494,37.03738166911035,5.513780491451055,0,Wado,FL,11,2020
1858.6999999999998,382.2698844813048,272.06988448130477,502.70684279875456,280.0,1255.4874665498505,100.0,2240.9698844813047,2038.1943093486052,42.91902825121876,14.615079402085012,0,Wado,FL,11,2021
1813.6999999999998,252.0025190255633,133.3025190255633,475.1190440679242,280.0,1097.485752374254,100.0,2065.702519025563,1852.6047964421782,41.9752238077743,9.143274011641974,0,Wado,FL,11,2022
1183.9,529.8683779066766,347.054637364321,616.8728806760032,280.0,625.2584395545233,100.0,1713.7683779066767,1522.1313202305264,29.229175619020406,-1.2695719053443915,1,Wado,FL,11,2023
1818.6,437.044165216916,322.3441652169159,533.979816445237,280.0,1246.731533963763,100.0,2255.644165216916,2060.7113504090003,41.68782563192226,14.278121666759002,0,Wado,FL,11,2024
1424.7,370.81050694935055,345.129142431226,519.7217421802311,192.0,899.7274730204551,0.0,1795.5105069493507,1611.4492152006862,30.12969480556571,-3.4006360025549527,2,Wado,SRI,11,2015
1950.8000000000002,99.92462219509109,99.92462219509108,426.56483737340045,192.0,1221.3227544474298,0.0,2050.7246221950913,1839.8875918208303,32.577859923313724,5.235636850680476,0,Wado,SRI,11,2016
1425.7,254.33278459375867,228.43502006074942,462.56633735763074,191.51999999999998,829.7094131812039,0.0,1680.0327845937586,1483.7957505388347,28.34434518824199,-5.243736314984572,4,Wado,SRI,11,2017
1434.7,343.68066835887987,331.60427928334013,513.4525829739018,192.0,884.3765977316422,0.0,1778.38066835888,1589.8291807055439,28.654943656335245,-5.490263059432283,4,Wado,SRI,11,2018
1464.2,404.0996559980462,350.6964785318504,564.4369634696895,190.07999999999998,931.6578129242926,0.0,1868.2996559980463,1686.174776393982,21.57525947277147,-8.717292517777885,17,Wado,SRI,11,2019
2547.3999999999996,166.8854852476784,166.88548524767836,440.42544086666516,192.0,1881.5752728319087,0.0,2714.285485247678,2514.000713698574,28.70502855072348,4.189328342963996,0,Wado,SRI,11,2020
1858.6999999999998,272.06988448130477,272.06988448130477,486.849402588432,192.0,1259.144906760173,0.0,2130.7698844813044,1937.994309348605,33.117511354845156,5.248593467410904,0,Wado,SRI,11,2021
1813.6999999999998,145.89274680528828,133.3025190255633,459.2585074478501,192.0,1105.2365167740531,0.0,1959.592746805288,1756.4950242219033,32.085844673470646,-4.390227779724981,1,Wado,SRI,11,2022
1183.9,382.10020730187875,347.054637364321,597.8789786554094,187.2,599.2841709703193,0.0,1566.0002073018788,1384.3631496257287,16.937316760048155,-27.76376794830467,20,Wado,SRI,11,2023
1818.6,322.34416521691594,322.3441652169159,518.6781888008647,192.0,1245.3331616081355,0.0,2140.9441652169157,1956.0113504090002,32.307646071883596,0.4149719472861415,0,Wado,SRI,11,2024
1910.5,298.7477899482014,198.7477899482014,477.18018153481626,280.0,1242.7069451098798,100.0,2209.2477899482014,1999.887126644696,39.86415486066195,8.316826558853176,0,Wado,FL,12,2015
1943.3000000000002,173.1072807573043,73.1072807573043,454.6126988769422,280.0,1168.0618029127575,100.0,2116.4072807573043,1902.6745017896997,42.750353923346026,15.937071521892387,0,Wado,FL,12,2016
1793.1,282.0365940516136,151.16388293957354,456.0507343594371,280.0,1122.0663514391922,100.0,2075.1365940516134,1858.1170857986294,39.46819001309871,4.0272888879600215,0,Wado,FL,12,2017
1745.5,325.1338489157738,207.53384891577375,482.1565674191206,280.0,1099.3435705765378,100.0,2070.633848915774,1861.5001379956584,42.556126910201996,10.193462682195138,0,Wado,FL,12,2018
2118.3,406.9128207710526,289.91282077105257,511.7432422741791,280.0,1532.266380071607,100.0,2525.212820771053,2324.0096223457863,41.60261619255205,12.214518899804371,0,Wado,FL,12,2019
2823.3999999999996,265.4398598106762,165.43985981067618,433.05321947626794,280.0,2163.297006703653,100.0,3088.839859810676,2876.3502261799213,44.197288900055334,31.861021455517953,0,Wado,FL,12,2020
2207.9000000000005,155.82622787816314,55.826227878163124,467.4083734993345,280.0,1397.987655275597,100.0,2363.7262278781636,2145.3960287749314,43.519618422316924,26.55342624420114,0,Wado,FL,12,2021
1849.0,176.20516600329142,76.20516600329145,467.69435551860124,280.0,1063.2859793246394,100.0,2025.2051660032914,1810.9803348432406,41.1752646105953,13.37157916708611,0,Wado,FL,12,2022
1550.1,393.1066040082753,235.68310202144494,555.2198891087636,280.0,916.0159377351268,100.0,1943.2066040082752,1751.2358268438904,34.92285963879962,3.5875515077060562,0,Wado,FL,12,2023
2209.7,214.53971508959904,114.53971508959906,478.96553875809565,280.0,1454.2923613657454,100.0,2424.239715089599,2213.257900123841,44.026474363975034,17.666397250690288,0,Wado,FL,12,2024
1910.5,198.7477899482014,198.7477899482014,461.9362617131968,192.0,1255.5895014128578,0.0,2109.2477899482014,1909.5257631260547,31.29290705698725,9.986956988963538,0,Wado,SRI,12,2015
1943.3000000000002,73.1072807573043,73.1072807573043,439.43295233972646,192.0,1180.4082493990998,0.0,2016.4072807573045,1811.8412017388262,33.33190449662393,16.765417348408302,0,Wado,SRI,12,2016
1793.1,162.95317302676304,151.16388293957354,440.76690427565666,192.0,1116.266760498122,0.0,1956.053173026763,1749.0336647737786,30.03287515954324,-3.0892900871894646,2,Wado,SRI,12,2017
1745.5,218.04323466331417,207.53384891577375,466.40879514417117,192.0,1105.1654542783626,0.0,1963.5432346633143,1763.5742494225337,32.82270038661642,-2.4093857475404117,1,Wado,SRI,12,2018
2118.3,289.91282077105257,289.91282077105257,496.3862368340566,192.0,1528.6233855117293,0.0,2408.212820771053,2217.009622345786,31.71099958445474,-3.1004763368273567,2,Wado,SRI,12,2019
2823.3999999999996,165.43985981067615,165.43985981067618,419.81168093856786,192.0,2174.5385452413534,0.0,2988.839859810676,2786.3502261799213,34.34043426997833,26.675601963914144,0,Wado,SRI,12,2020
2207.9000000000005,55.826227878163124,55.826227878163124,451.53038904032314,192.0,1411.8656397346085,0.0,2263.7262278781636,2055.3960287749314,33.73300045246276,22.084393467889683,0,Wado,SRI,12,2021
1849.0,76.20516600329145,76.20516600329145,453.0113046101761,192.0,1074.7988396474116,0.0,1925.2051660032914,1719.8101442575876,31.868965448213412,7.58423079406624,0,Wado,SRI,12,2022
1550.1,251.12071269950565,235.68310202144494,537.6986853672004,190.07999999999998,888.9526674170411,0.0,1801.2207126995056,1616.7313527842414,25.919136135595714,-14.830017640999516,7,Wado,SRI,12,2023
2209.7,114.53971508959906,114.53971508959906,463.4614943874377,192.0,1467.7964057364034,0.0,2324.239715089599,2123.257900123841,34.11354581909878,18.496432921475535,0,Wado,SRI,12,2024
2031.0000000000002,222.57399266317196,122.57399266317191,460.8722919052639,280.0,1298.43398684584,100.0,2253.5739926631722,2039.306278751104,43.1007234886658,31.40280176293458,0,Kersamanah,FL,1,2016
1427.8000000000002,186.0004105671981,73.0004105671981,470.9325412286184,280.0,648.5168322363322,100.0,1613.8004105671982,1399.4493734649507,37.07766067446866,9.257290229134831,0,Kersamanah,FL,1,2017
1105.2,326.55419433609603,195.2180409711074,484.57777803591506,280.0,495.41488045229727,100.0,1431.7541943360961,1259.9926584882123,33.194585353348245,-4.912673516079149,5,Kersamanah,FL,1,2018
1611.9,239.48494453288794,129.30874667796905,480.3397566114843,280.0,879.2805578904481,100.0,1851.384944532888,1639.6203145019324,41.63297302225599,7.623802145081094,0,Kersamanah,FL,1,2019
1950.8000000000002,213.1567989689022,113.15679896890217,484.37529171075914,280.0,1191.6557247684332,100.0,2163.956798968902,1956.0310164791922,42.64531262976247,23.60676349779755,0,Kersamanah,FL,1,2020
1785.7000000000003,210.4562190870903,95.1562190870903,439.9953398748264,280.0,1072.541426331073,100.0,1996.1562190870904,1792.5367662058993,41.84571546123088,14.464873567359493,0,Kersamanah,FL,1,2021
1326.0,246.97081862662424,111.933904395707,496.8659171389192,280.0,578.9860943224312,100.0,1572.9708186266244,1355.8520114613505,40.06547851304469,4.063085769082787,0,Kersamanah,FL,1,2022
1175.0,240.45364732371206,100.92476569284804,486.879315295871,280.0,435.40964755704243,100.0,1415.4536473237122,1202.2889628529135,34.28945038017153,3.9931953640996243,0,Kersamanah,FL,1,2023
1369.3,307.5741579460041,207.5741579460041,546.341971537066,280.0,656.9592200826623,100.0,1676.874157946004,1483.3011916197283,35.77435069873093,1.6309578805573084,0,Kersamanah,FL,1,2024
2031.0000000000002,122.57399266317194,122.57399266317191,445.6384377583314,192.0,1310.8342700307385,0.0,2153.5739926631722,1948.4727077890698,33.42200758667956,15.72005302586539,0,Kersamanah,SRI,1,2016
1427.8000000000002,73.00041056719809,73.0004105671981,454.9764734589414,192.0,646.4076162637623,0.0,1500.8004105671982,1293.3840897227037,28.26333529097724,0.6970780789350997,0,Kersamanah,SRI,1,2017
1105.2,206.35918513473177,195.2180409711074,468.2039747453589,190.55999999999997,481.29427926907283,0.0,1311.5591851347317,1140.0582540144317,27.071100514783353,-5.541144163624397,6,Kersamanah,SRI,1,2018
1611.9,129.30874667796905,129.30874667796905,464.25897317377087,192.0,882.3507808168754,0.0,1741.2087466779692,1538.6097539906464,32.21009455717615,6.242259881692036,0,Kersamanah,SRI,1,2019
1950.8000000000002,113.15679896890217,113.15679896890217,468.6807947173051,192.0,1204.5131773739956,0.0,2063.956798968902,1865.1939720913008,33.37569916630195,22.740942643987406,0,Kersamanah,SRI,1,2020
1785.7000000000003,95.1562190870903,95.1562190870903,425.1647497888813,192.0,1066.721946895715,0.0,1880.8562190870905,1683.8866966845962,32.18545058565583,0.817696601346035,0,Kersamanah,SRI,1,2021
1326.0,134.45263135701117,111.933904395707,479.849748735714,192.0,581.4840754560232,0.0,1460.4526313570111,1253.3338241917372,30.908170913733564,-3.5868513212224626,2,Kersamanah,SRI,1,2022
1175.0,115.2582564417286,100.92476569284804,470.85482124765144,192.0,420.90002298385576,0.0,1290.2582564417287,1083.7548442315071,24.035966414325078,-5.233490748880547,5,Kersamanah,SRI,1,2023
1369.3,207.57415794600408,207.5741579460041,528.5528606826742,192.0,668.5614083528113,0.0,1576.874157946004,1389.1142690354854,29.638865436432745,4.656831096252215,0,Kersamanah,SRI,1,2024
2036.1,201.23459511032223,66.03154580197139,460.1644513892062,280.0,1322.094446262699,100.0,2237.334595110322,2062.258897651905,39.17675166981053,-4.888353535366316,4,Kersamanah,FL,2,2015
1761.9,235.9190471253384,135.9190471253384,462.49127778501304,280.0,1063.6261136915355,100.0,1997.8190471253386,1806.1173914765486,42.02121940327844,7.966217735117058,0,Kersamanah,FL,2,2016
1041.1999999999998,292.3445068115197,153.93757589464622,475.2851045121945,280.0,401.55600128110325,100.0,1333.5445068115196,1156.8411057932976,32.39972143132956,-5.721088815489193,4,Kersamanah,FL,2,2017
997.9,378.4782316199495,183.07739287586747,489.14954179286707,280.0,422.95471118929055,100.0,1376.3782316199495,1192.1042529821575,31.801545143277163,-5.385324603235356,9,Kersamanah,FL,2,2018
1430.3000000000002,245.39050531895592,134.57830565799028,480.59598962793814,280.0,740.6319760581544,100.0,1675.6905053189562,1501.2279656860924,37.16774978823367,-2.132150895637844,2,Kersamanah,FL,2,2019
1787.7,196.25472087115108,96.25472087115105,469.07709579473874,280.0,1025.8552565418104,100.0,1983.954720871151,1774.9323523365492,42.036596477474966,13.175111885137854,0,Kersamanah,FL,2,2020
1472.1000000000001,266.7776252348131,88.84591010272949,456.9319513718614,280.0,789.3452136380608,100.0,1738.8776252348132,1526.277165009922,33.81619082853924,-5.246224989454992,8,Kersamanah,FL,2,2021
1193.4,279.99638197973456,162.79638197973455,501.4096774133106,280.0,494.0078609077468,100.0,1473.3963819797345,1275.4175383210575,39.4385643352403,12.901166506768893,0,Kersamanah,FL,2,2022
1119.9,296.35446530487746,169.48516781202153,494.67394731991817,280.0,472.45879669420185,100.0,1416.2544653048776,1247.13274401412,37.307447856755054,-4.527447517607321,1,Kersamanah,FL,2,2023
1290.3,262.89545157912323,104.39611917386746,530.0810993778209,280.0,565.6214289007755,100.0,1553.195451579123,1375.7025282785964,33.58495766311519,-4.247462806138535,8,Kersamanah,FL,2,2024
2036.1,66.03154580197139,66.03154580197139,444.7998346971708,187.2,1321.2214269426338,0.0,2102.1315458019712,1953.2212616398047,29.24350658125813,-28.494286589718445,11,Kersamanah,SRI,2,2015
1761.9,135.91904712533838,135.9190471253384,446.9029809190756,192.0,1069.7235603136623,0.0,1897.8190471253386,1708.626541232738,32.65335086066044,8.79130468823471,0,Kersamanah,SRI,2,2016
1041.1999999999998,153.93757589464622,153.93757589464622,458.94367161455745,188.64,402.5425623086342,0.0,1195.137575894646,1050.1262339231916,24.814884387955665,-33.34667449101657,8,Kersamanah,SRI,2,2017
997.9,247.5069253105562,183.07739287586747,472.02456863068323,178.56,419.71952086520474,0.0,1245.4069253105563,1070.3040894958879,16.741954063702913,-32.52844600083309,35,Kersamanah,SRI,2,2018
1430.3000000000002,134.5783056579903,134.57830565799028,464.42967157676736,191.51999999999998,738.9616812468813,0.0,1564.8783056579905,1394.9113528236485,29.561187809494463,-6.627737694159631,3,Kersamanah,SRI,2,2019
1787.7,96.25472087115108,96.25472087115105,453.1484394784461,192.0,1034.8032448822728,0.0,1883.954720871151,1679.951684360719,33.118193553183794,14.004071173403815,0,Kersamanah,SRI,2,2020
1472.1000000000001,88.84591010272948,88.84591010272949,440.6131087346152,185.28,741.9336066649753,0.0,1560.9459101027296,1367.8267153995905,22.25916575558884,-33.224485271488085,17,Kersamanah,SRI,2,2021
1193.4,162.79638197973452,162.79638197973455,484.43661446715316,192.0,477.0032664088393,0.0,1356.1963819797347,1153.4398808759925,30.72620378378755,-2.1384207271896507,1,Kersamanah,SRI,2,2022
1119.9,182.2131851316809,169.48516781202153,477.4959380827753,191.51999999999998,465.146692924647,0.0,1302.113185131681,1134.1626310074223,26.69135867875728,-5.6986146841063,3,Kersamanah,SRI,2,2023
1290.3,138.36031498330547,104.39611917386746,512.074463664079,185.27999999999997,562.496038030607,0.0,1428.6603149833054,1259.850501694686,24.770651243355562,-33.96419580943801,15,Kersamanah,SRI,2,2024
1634.1000000000001,268.4464330970781,44.98299147191942,466.22262135309063,280.0,975.5104189355116,100.0,1902.5464330970783,1721.7330402886023,32.00294290157504,-5.263944087772024,8,Kersamanah,FL,3,2015
1628.3000000000002,169.15363139058525,48.18174795737778,447.60209988514407,280.0,882.7704863909072,100.0,1797.4536313905855,1610.3725862760512,36.22598762585915,-0.9718834332074495,1,Kersamanah,FL,3,2016
887.8999999999999,346.5782722786243,145.57455870782772,478.0620698586446,280.0,297.8631187877527,100.0,1234.4782722786242,1055.9251886463971,30.37239965322048,-3.7553433293532046,7,Kersamanah,FL,3,2017
812.3000000000001,389.28147396478914,114.03376918033022,504.9484752338111,280.0,242.02981802727774,100.0,1201.5814739647892,1026.9782932610888,23.519025387298125,-5.49101402114128,11,Kersamanah,FL,3,2018
1202.8,322.6030639289902,96.76296480596403,488.50085371959466,280.0,578.644324231305,100.0,1525.4030639289902,1347.1451779508998,32.325157680750124,-5.172629820120636,10,Kersamanah,FL,3,2019
1659.1,136.75479056100076,36.75479056100075,455.4991990842899,280.0,867.7657940890027,100.0,1795.8547905610008,1603.2649931732926,40.83601900897118,12.027051232937803,0,Kersamanah,FL,3,2020
1235.5,224.85048846441288,96.54687012939618,467.0713907919901,280.0,512.2455548420784,100.0,1460.3504884644128,1259.3169456340684,31.745725873317802,-3.792636642419188,3,Kersamanah,FL,3,2021
1153.9,262.41802066719265,146.01802066719267,482.97087439954316,280.0,438.54003446461195,100.0,1416.3180206671927,1201.5109088641552,41.2469949514703,15.0921770337169,0,Kersamanah,FL,3,2022
990.6000000000001,313.2024361181699,120.72759497708202,488.55982962305507,280.0,342.79422451699946,100.0,1303.8024361181701,1111.3540541400546,28.17114236049662,-3.8311718471099776,7,Kersamanah,FL,3,2023
1052.9,240.79017749247703,93.27714516417447,523.1500127508513,280.0,320.0042585889886,100.0,1293.6901774924772,1123.1542713398399,28.061694150479696,-3.7200075039311495,7,Kersamanah,FL,3,2024
1634.1000000000001,143.4885866518905,44.98299147191942,450.5096704946254,175.2,979.7506910218733,0.0,1777.5885866518906,1605.4603615164988,17.42538385817529,-32.86010514829741,39,Kersamanah,SRI,3,2015
1628.3000000000002,48.18174795737778,48.18174795737778,432.16954304425906,192.0,860.9064273329163,0.0,1676.481747957378,1485.0759703771755,29.189149468135316,0.5416163042147302,0,Kersamanah,SRI,3,2016
887.8999999999999,210.10160133532082,145.57455870782772,461.6308339221572,176.64,300.73247809023064,0.0,1098.0016013353206,939.0033120123878,16.246329281550825,-34.04633390604023,35,Kersamanah,SRI,3,2017
812.3000000000001,243.8002189277681,114.03376918033022,487.6002417497761,172.31999999999996,254.0837419162609,0.0,1056.100218927768,914.003983666037,8.024954227615382,-34.40516607451315,47,Kersamanah,SRI,3,2018
1202.8,195.41232141895273,96.76296480596403,472.0514194503087,179.04,577.5481282237838,0.0,1398.2123214189528,1228.6395476740925,18.813464103131643,-34.428810854951124,30,Kersamanah,SRI,3,2019
1659.1,36.75479056100075,36.75479056100075,439.8365381195716,192.0,874.7706174464156,0.0,1695.8547905610008,1506.6071555659873,31.771461289500827,8.684888840243168,0,Kersamanah,SRI,3,2020
1235.5,96.54687012939618,96.54687012939618,450.6277200758419,188.15999999999997,494.1047531343628,0.0,1332.0468701293962,1132.8924732102046,22.03624054855576,-24.40863976426468,11,Kersamanah,SRI,3,2021
1153.9,146.01802066719267,146.01802066719267,466.38930512814517,192.0,435.73188880753287,0.0,1299.9180206671926,1094.121193935678,30.74678844582663,-0.4790326398842555,1,Kersamanah,SRI,3,2022
990.6000000000001,151.59197046292638,120.72759497708202,471.43067188931116,179.04,332.5246088036334,0.0,1142.1919704629265,982.9952806929446,16.108750565631556,-33.85290691884626,29,Kersamanah,SRI,3,2023
1052.9,126.72083936848958,93.27714516417447,505.19335250490553,178.55999999999997,343.94536966895157,0.0,1179.6208393684897,1027.698722173857,16.445442411548804,-28.443694204315104,32,Kersamanah,SRI,3,2024
1034.9,394.11773582662806,76.30883017309903,474.6822178975507,280.0,497.5157879700836,100.0,1429.0177358266283,1252.1980058676343,23.25535976390345,-4.57589950167673,10,Kersamanah,FL,4,2015
971.3,256.9335919217943,78.29829038408158,456.3875146757513,280.0,311.711550639074,100.0,1228.2335919217942,1048.0990653148253,31.40254656086816,-5.030352577948709,9,Kersamanah,FL,4,2016
660.9999999999999,431.29675954677987,162.21561654521167,479.649704861129,280.0,162.056618062559,100.0,1092.2967595467799,921.706322923688,19.24849109068954,-5.005449391766703,11,Kersamanah,FL,4,2017
467.29999999999995,565.3333709421928,147.74039108168063,509.8007888754698,280.0,71.6828858922923,100.0,1032.6333709421929,861.4836747677622,7.533306252215493,-5.325790999186422,13,Kersamanah,FL,4,2018
733.1999999999999,497.0654563393257,135.7466536041586,498.73474771620545,280.0,269.7004433045776,100.0,1230.2654563393257,1048.4351910207831,23.151918336204115,-5.287196605138357,10,Kersamanah,FL,4,2019
1253.7,291.43643257785277,102.05542578573292,463.4698135530628,280.0,628.8173266873507,100.0,1545.1364325778527,1372.2871402404135,32.84630175104433,-4.408512905356355,8,Kersamanah,FL,4,2020
942.2,236.9355481522116,70.902787040571,473.75865230611174,280.0,251.78624580993218,100.0,1179.1355481522116,1005.544898116044,28.399763222440917,-3.3198848663870937,6,Kersamanah,FL,4,2021
1012.4,227.80169113955384,91.88913714477893,478.66225186351863,280.0,295.2553923650522,100.0,1240.2016911395538,1053.9176442285707,34.332554761407174,-4.485107485663825,5,Kersamanah,FL,4,2022
780.8,426.92741735803156,158.6967322647074,507.4093548370866,280.0,244.8881943960273,100.0,1207.7274173580315,1032.2975492331138,22.027579870556316,-3.483275312408293,9,Kersamanah,FL,4,2023
782.5,320.8439130498734,149.93161898198827,512.7956171470646,280.0,140.70460991129391,100.0,1103.3439130498734,933.5002270583585,23.02801546289419,-2.299421408369617,3,Kersamanah,FL,4,2024
1034.9,266.335056245128,76.30883017309903,458.2589976726887,167.51999999999998,524.2904576753469,0.0,1301.2350562451281,1150.0694553480357,5.612229318913985,-32.889227995952254,60,Kersamanah,SRI,4,2015
971.3,109.96185020085733,78.29829038408158,441.33855273502985,179.04,302.63613682465336,0.0,1081.2618502008572,923.0146895596832,16.338111875876134,-31.663559816775724,28,Kersamanah,SRI,4,2016
660.9999999999999,293.9311219397325,162.21561654521167,463.74824735446623,166.07999999999998,175.88350802644345,0.0,954.9311219397324,805.7117553809096,3.6378834697226026,-33.20973461969682,58,Kersamanah,SRI,4,2017
467.29999999999995,428.44405796956624,147.74039108168063,492.96049466048373,162.71999999999997,71.6828858922923,0.0,895.7440579695663,727.363380552776,-7.555245719156623,-33.85639356859663,77,Kersamanah,SRI,4,2018
733.1999999999999,356.4324595136737,135.7466536041586,481.66908908313434,167.51999999999998,267.30171404093034,0.0,1089.6324595136737,916.4908031240648,7.298376082202819,-32.87445772300045,57,Kersamanah,SRI,4,2019
1253.7,134.61770310755696,102.05542578573292,448.3454849758162,181.92,600.5289969144811,0.0,1388.317703107557,1230.7944818902974,20.810537417116166,-33.062277321824055,23,Kersamanah,SRI,4,2020
942.2,102.22904660317808,70.902787040571,458.0770478509586,183.35999999999999,231.67527446602574,0.0,1044.4290466031782,873.1123223169843,14.077120466580345,-32.02625956260709,22,Kersamanah,SRI,4,2021
1012.4,91.88913714477894,91.88913714477893,463.19820466884926,188.16,280.7889168923723,0.0,1104.289137144779,932.1471215612215,25.005179384121018,-17.807368872169448,11,Kersamanah,SRI,4,2022
780.8,266.03037890008034,158.6967322647074,490.78776140682737,167.03999999999996,231.30406801466683,0.0,1046.8303789000802,889.1318294214941,5.176415543939282,-31.703797734161608,59,Kersamanah,SRI,4,2023
782.5,213.76293419663858,149.93161898198827,495.7606692791087,174.71999999999997,176.23467996133917,0.0,996.2629341966385,846.715349240448,7.784853454020979,-27.135666605105104,45,Kersamanah,SRI,4,2024
634.6999999999999,565.0705776383822,62.02346628079422,497.4309355835057,280.0,239.00485309703038,100.0,1199.7705776383823,1016.4357886805361,9.897729563337624,-5.630245391132127,11,Kersamanah,FL,5,2015
656.6,322.6665074859162,116.51707864931487,457.0637554903447,280.0,66.43529429472844,100.0,979.2665074859162,803.4990497850731,23.39456137626029,-5.346098977772722,11,Kersamanah,FL,5,2016
382.7,602.7806301036933,170.7510367730111,488.90326980028914,280.0,36.06597140263365,100.0,985.4806301036933,804.9692412029227,9.765896058064062,-2.531499643252128,11,Kersamanah,FL,5,2017
204.8,770.7035621325998,237.6591261901682,525.5048697713843,280.0,0.0605704837166936,100.0,975.5035621325999,805.565440255101,7.091701966191365,-4.537727483278805,11,Kersamanah,FL,5,2018
504.1,653.6471021048131,107.51489996208372,528.1705838550461,280.0,170.09680002163734,100.0,1157.7471021048132,978.2673838766834,7.40600970243592,-3.4701339511880906,11,Kersamanah,FL,5,2019
955.1999999999999,366.60263866466187,119.79848322987348,471.5181288576481,280.0,394.42096464649035,100.0,1321.8026386646618,1145.9390935041383,21.180637213081027,-3.716128943675116,7,Kersamanah,FL,5,2020
643.8,485.83192461436295,201.4751585999626,484.98404711558436,280.0,192.28632686415244,100.0,1129.631924614363,957.2703739797369,23.93110298107662,-4.916416299916366,9,Kersamanah,FL,5,2021
736.3,365.25359634698543,139.06120880047507,484.5539106097357,280.0,159.40380653657297,100.0,1101.5535963469854,923.9577171463086,20.55706391880368,-5.992057472139833,9,Kersamanah,FL,5,2022
533.8,531.4928271582581,179.13364076871,512.1823340943661,280.0,97.85514008491583,100.0,1065.2928271582582,890.0374741792818,15.723169070292027,-4.469688075401848,11,Kersamanah,FL,5,2023
545.0,544.0835217211494,149.2913979165417,524.5597039232839,280.0,109.5890877932492,100.0,1089.0835217211493,914.1487917165331,15.038896986465629,-3.129135837537399,9,Kersamanah,FL,5,2024
634.6999999999999,410.4898547467772,62.02346628079422,480.19242354374944,156.48,239.00485309703038,0.0,1045.1898547467772,875.6772766407798,-9.703938328297959,-33.69197184361106,84,Kersamanah,SRI,5,2015
656.6,182.7075660704259,116.51707864931487,442.18643530837596,176.64,67.02201895819766,0.0,839.307566070426,685.8484542665736,9.357345778947703,-32.413594356696926,46,Kersamanah,SRI,5,2016
382.7,440.9832825351067,170.7510367730111,472.9810447142611,161.76,36.06597140263365,0.0,823.6832825351066,670.8070161168947,-7.229664394700481,-34.31169134850242,76,Kersamanah,SRI,5,2017
204.8,623.8411660300801,237.6591261901682,508.07577980131794,157.92,0.0605704837166936,0.0,828.6411660300801,666.0563502850346,-10.174191409153364,-33.63451152571048,88,Kersamanah,SRI,5,2018
504.1,492.41221013482203,107.51489996208372,509.9504738900686,156.47999999999996,170.09680002163734,0.0,996.512210134822,836.527273911706,-10.930257526213676,-35.02011549104187,91,Kersamanah,SRI,5,2019
955.1999999999999,215.336218193999,119.79848322987348,455.8439178050337,171.35999999999996,391.36020813650254,0.0,1170.536218193999,1018.5641259415361,8.296730264954771,-33.137550432541374,48,Kersamanah,SRI,5,2020
643.8,341.95326415648935,201.4751585999626,469.26367599011525,177.59999999999997,173.24129284375158,0.0,985.7532641564893,820.1049688338668,8.780780001756717,-32.36957758607564,45,Kersamanah,SRI,5,2021
736.3,213.37255034322988,139.06120880047507,468.99500181842825,177.59999999999997,142.8877516511478,0.0,949.6725503432299,789.4827534695761,9.918419009228838,-31.964491226164032,39,Kersamanah,SRI,5,2022
533.8,372.2792819463049,179.13364076871,495.46195539039695,156.95999999999998,116.98108839304962,0.0,906.0792819463048,769.4030437834466,-5.592273585180102,-34.62155047360193,83,Kersamanah,SRI,5,2023
545.0,378.37464229504013,149.2913979165417,507.6875971957596,169.91999999999996,100.27796675019187,0.0,923.3746422950401,777.8855639459514,-1.7839470229559267,-33.49456632155101,65,Kersamanah,SRI,5,2024
116.1,895.174830150528,294.2633938626009,543.9697016595604,280.0,10.567968893194912,100.0,1011.274830150528,834.5376705527553,7.08425799931514,-3.9564271081225186,10,Kersamanah,FL,6,2015
563.5,469.4041804639265,193.3370255702303,467.73249764350766,280.0,90.7331232642594,100.0,1032.9041804639264,838.4656209077671,13.916371222161052,-1.5384951017813,1,Kersamanah,FL,6,2016
192.10000000000002,786.7596130518714,286.2878252221205,527.1726367098295,280.0,0.0,100.0,978.8596130518714,807.1726367098295,6.8253729440343855,-6.704312816067261,11,Kersamanah,FL,6,2017
118.69999999999999,892.5581947446818,298.28414067839003,555.149212837687,280.0,0.0,100.0,1011.2581947446818,835.149212837687,6.962960268278608,-4.019980389491685,10,Kersamanah,FL,6,2018
106.8,919.8347551627419,275.85891789536976,577.0172013283988,280.0,0.0,100.0,1026.6347551627418,857.0172013283988,6.49343832172993,-6.768092274096945,12,Kersamanah,FL,6,2019
557.0,569.8256638477187,171.8380803231101,504.98725825821623,280.0,159.3334594818179,100.0,1126.8256638477187,944.3207177400341,12.069917115763937,-6.9271078779023325,12,Kersamanah,FL,6,2020
550.0999999999999,521.0395214065852,235.96591924871132,493.6903230662691,280.0,118.00835039598158,100.0,1071.1395214065851,891.6986734622507,16.43378602991735,-4.892845197941891,6,Kersamanah,FL,6,2021
530.9,435.5413261699488,199.66801420378343,497.0744413960816,280.0,19.317921594455782,100.0,966.4413261699488,796.3923629905374,19.099986293927476,-6.259194040823541,9,Kersamanah,FL,6,2022
305.2,739.2801476362843,234.1851896436103,541.6263371895759,280.0,44.394002075072535,100.0,1044.4801476362843,866.0203392646484,8.730017574931788,-4.157587316735903,10,Kersamanah,FL,6,2023
394.5,709.2939296017278,279.17875196739624,552.867689961035,280.0,105.21472872646527,100.0,1103.7939296017278,938.0824186875003,12.57638275372468,-6.589014779078695,8,Kersamanah,FL,6,2024
116.1,726.2380385846177,294.2633938626009,525.3864250680315,157.91999999999996,10.567968893194912,0.0,842.3380385846177,693.8743939612264,-10.638378452929004,-32.23409153973804,90,Kersamanah,SRI,6,2015
563.5,309.5592928468055,193.3370255702303,451.70856385118094,170.88,61.584220898561014,0.0,873.0592928468054,684.1727847497419,-0.9401689196512277,-28.48293305662104,53,Kersamanah,SRI,6,2016
192.10000000000002,629.2099612916237,286.2878252221205,509.4106692268593,162.71999999999997,0.0,0.0,821.3099612916237,672.1306692268593,-8.294855371571723,-34.591535854283784,85,Kersamanah,SRI,6,2017
118.69999999999999,740.252297718283,298.28414067839003,536.2290059951536,159.83999999999997,0.0,0.0,858.952297718283,696.0690059951535,-9.629852959266817,-33.422177471200875,83,Kersamanah,SRI,6,2018
106.8,771.4273510652818,275.85891789536976,557.0710212086461,158.88,0.0,0.0,878.2273510652817,715.9510212086461,-10.620148599894462,-34.927131665868785,88,Kersamanah,SRI,6,2019
557.0,393.76563835038826,171.8380803231101,487.6439995353218,160.31999999999996,154.47725154619764,0.0,950.7656383503883,802.4412510815195,-4.5288190349434965,-33.37635666820978,77,Kersamanah,SRI,6,2020
550.0999999999999,393.3062566575793,235.96591924871132,476.8586634194384,172.32,132.12373436254347,0.0,943.4062566575792,781.3023977819819,2.443548826589803,-30.424215115542967,55,Kersamanah,SRI,6,2021
530.9,325.97438797706366,199.66801420378343,479.88875883190065,176.64,25.429352336659868,0.0,856.8743879770636,681.9581111685605,6.112643358933641,-33.64627805125689,49,Kersamanah,SRI,6,2022
305.2,591.5126920378918,234.1851896436103,523.1743190547206,159.35999999999999,44.394002075072535,0.0,896.7126920378919,726.9283211297932,-8.864385852212006,-33.67930120139425,84,Kersamanah,SRI,6,2023
394.5,534.1595865038357,279.17875196739624,533.9867722287199,164.16,68.40902702965914,0.0,928.6595865038357,766.555799258379,-4.1251806555897295,-30.866814136453634,75,Kersamanah,SRI,6,2024
96.5,937.9924048677052,310.13021429590106,585.128492404324,280.0,0.0,100.0,1034.4924048677053,865.128492404324,6.6137787435594575,-7.080558990385555,11,Kersamanah,FL,7,2015
804.6999999999999,472.45433544477464,264.86559938030183,466.16598369988736,280.0,327.78217351573096,100.0,1277.1543354447745,1073.9481572156183,25.656350493716527,3.166199138796099,0,Kersamanah,FL,7,2016
364.4,725.2685761606915,273.0664029635903,536.9659033941261,280.0,76.56393902883508,100.0,1089.6685761606914,893.5298424229612,12.762001260513031,0.31658209479163,0,Kersamanah,FL,7,2017
95.30000000000001,952.5299565472856,312.7081195443251,590.1753619061082,280.0,4.416278645232083,100.0,1047.8299565472855,874.5916405513402,6.479562853381173,-6.591305219257535,10,Kersamanah,FL,7,2018
82.80000000000001,990.3366066142105,334.16084327448596,625.2885642533613,280.0,0.0,100.0,1073.1366066142105,905.2885642533613,6.169252440793323,-6.268734720083853,14,Kersamanah,FL,7,2019
534.9999999999999,631.1330274607419,246.47955186306763,539.9645243443035,280.0,167.73170877613046,100.0,1166.1330274607417,987.696233120434,9.422853858721401,-5.812246698984543,10,Kersamanah,FL,7,2020
457.7,543.6799982873777,202.35072790830463,521.8731606384217,280.0,15.262975839059788,100.0,1001.3799982873777,817.1361364774815,10.478996769353719,-6.626095055670175,12,Kersamanah,FL,7,2021
625.5999999999999,465.69709853613847,191.20627800328484,511.2782777489806,280.0,80.33623944961434,100.0,1091.2970985361385,871.614517198595,17.525603130868777,-1.3821931189491599,4,Kersamanah,FL,7,2022
180.0,874.328712441825,259.48399101208514,595.889131734461,280.0,0.2270810349032466,100.0,1054.328712441825,876.1162127693642,6.694879628426319,-5.177196776678606,12,Kersamanah,FL,7,2023
362.3,746.002516235777,264.90390638350914,583.475879246314,280.0,66.4358192541165,100.0,1108.302516235777,929.9116985004305,11.680541567835757,-5.821248284232494,12,Kersamanah,FL,7,2024
96.5,777.5426619310372,310.13021429590106,564.4287055582392,159.35999999999996,0.0,0.0,874.0426619310372,723.7887055582391,-9.85033977799734,-34.032446195122134,87,Kersamanah,SRI,7,2015
804.6999999999999,366.45026314267614,264.86559938030183,449.68087668831595,183.84,341.9025628260367,0.0,1171.150263142676,975.4234395143526,10.704132194950166,-28.68333897815529,33,Kersamanah,SRI,7,2016
364.4,603.27647538679,273.0664029635903,517.0937068850628,168.95999999999998,86.4657548318162,0.0,967.67647538679,772.519461716879,-0.9029284392261401,-28.144644044167478,64,Kersamanah,SRI,7,2017
95.30000000000001,797.4857582203334,312.7081195443251,569.3350866377681,157.44,4.416278645232083,0.0,892.7857582203335,731.1913652830001,-10.916965167568982,-35.84908012602615,90,Kersamanah,SRI,7,2018
82.80000000000001,819.9947815593872,334.16084327448596,602.854639090032,156.95999999999998,0.0,0.0,902.7947815593873,759.814639090032,-10.93313259508081,-34.13837879141115,92,Kersamanah,SRI,7,2019
534.9999999999999,495.4546950745558,246.47955186306763,520.2538933087632,168.48,167.73170877613046,0.0,1030.4546950745557,856.4656020848936,-5.943858289342876,-29.884630506918434,80,Kersamanah,SRI,7,2020
457.7,393.52514647029795,202.35072790830463,503.6359473114585,169.44,15.262975839059788,0.0,851.2251464702979,688.3389231505183,-3.3308406320029977,-31.84491060985107,63,Kersamanah,SRI,7,2021
625.5999999999999,341.53057103049,191.20627800328484,492.6876442203888,177.12,87.64034547255756,0.0,967.1305710304899,757.4479896929463,4.237921822657732,-29.315277137960948,43,Kersamanah,SRI,7,2022
180.0,700.7046511392205,259.48399101208514,574.5094160635247,157.43999999999997,0.2270810349032466,0.0,880.7046511392205,732.1764970984278,-10.900803155815955,-34.74895053785369,92,Kersamanah,SRI,7,2023
362.3,572.6317530637947,264.90390638350914,562.5564650654535,159.83999999999997,60.64823742334172,0.0,934.9317530637948,783.0447024887951,-6.572077621027604,-34.10074392761617,79,Kersamanah,SRI,7,2024
185.5,927.4504393129429,335.86271923219914,618.6927560937033,280.0,20.98653427682592,100.0,1112.9504393129428,919.6792903705293,10.504441665357186,-4.87511033254396,5,Kersamanah,FL,8,2015
1165.8,460.3599753844881,244.10945992306347,465.59690715650447,280.0,667.9614411173312,100.0,1626.159975384488,1413.5583482738357,33.483347645260835,4.789405684851964,0,Kersamanah,FL,8,2016
606.2,687.7848609398671,310.4625548360768,555.9421329777524,280.0,248.61449989399452,100.0,1293.9848609398673,1084.5566328717468,18.109296521019985,-1.0303725154292076,1,Kersamanah,FL,8,2017
266.8,850.4598451876101,348.62238470799724,602.1777609572681,280.0,37.668992665157624,100.0,1117.2598451876102,919.8467536224257,10.176677829430911,-1.8596618476142508,8,Kersamanah,FL,8,2018
169.20000000000002,950.2858355253572,344.0169238688429,660.7264213347455,280.0,14.732866412274674,100.0,1119.4858355253573,955.4592877470202,8.071260556637414,-5.930271140174754,9,Kersamanah,FL,8,2019
576.4000000000001,597.014099199512,301.7253418443061,549.2275064602744,280.0,137.31270608139988,100.0,1173.414099199512,966.5402125416742,21.029992879615442,3.908309898083626,0,Kersamanah,FL,8,2020
731.6,549.1186778382094,311.48402595205795,541.0531354463325,280.0,245.87924681846994,100.0,1280.7186778382093,1066.9323822648025,20.45795446064721,-1.952425956316743,3,Kersamanah,FL,8,2021
844.9,503.88588724363075,272.5368370157679,522.770972867818,280.0,330.57974736154034,100.0,1348.7858872436307,1133.3507202293583,25.535352620515177,-0.21170342518614405,1,Kersamanah,FL,8,2022
218.40000000000003,885.7922525019294,299.5283180604563,641.3807543794762,280.0,0.0,100.0,1104.1922525019295,921.3807543794762,7.201387432876308,-6.543209491962195,10,Kersamanah,FL,8,2023
469.50000000000006,718.8953404662636,305.75001420519493,611.262685106492,280.0,87.27602074624872,100.0,1188.3953404662636,978.5387058527407,12.767308395100411,-6.1356160347010436,7,Kersamanah,FL,8,2024
185.5,790.3531037218543,335.86271923219914,595.8509309261096,162.71999999999997,28.97428156942758,0.0,975.8531037218543,787.5452124955373,-5.869063024482259,-31.456845493161442,81,Kersamanah,SRI,8,2015
1165.8,318.8233467937015,244.10945992306347,450.03779198369784,190.56,638.9151205929642,0.0,1484.6233467937013,1279.512912576662,20.813922611670357,-10.059712880465664,11,Kersamanah,SRI,8,2016
606.2,545.5915704098511,310.4625548360768,536.2066424934699,179.04000000000002,236.27549205816868,0.0,1151.7915704098511,951.5221345516385,6.134467285622604,-24.273473356124885,44,Kersamanah,SRI,8,2017
266.8,707.6009444150995,348.62238470799724,580.3099951764582,163.68,38.79758651844028,0.0,974.4009444150995,782.7875816948986,-5.928467456475812,-30.6583140122436,83,Kersamanah,SRI,8,2018
169.20000000000002,780.692653697939,344.0169238688429,636.7158973505425,161.28,17.719220065491108,0.0,949.8926536979391,815.7151174160335,-8.446092475966676,-34.67144468106474,86,Kersamanah,SRI,8,2019
576.4000000000001,479.53693919329606,301.7253418443061,529.5675387797005,181.92000000000002,139.23472640897393,0.0,1055.9369391932962,850.7222651886746,9.693581787259642,-24.41941579055819,31,Kersamanah,SRI,8,2020
731.6,424.076389029956,311.48402595205795,521.5372490516761,177.59999999999997,252.752844404873,0.0,1155.676389029956,951.890093456549,3.7171319881229787,-27.40204711448013,51,Kersamanah,SRI,8,2021
844.9,356.2147074804626,272.5368370157679,504.5999253225138,180.96,310.1196151436763,0.0,1201.1147074804626,995.67954046619,9.227479534048156,-23.728044674275225,36,Kersamanah,SRI,8,2022
218.40000000000003,720.4474639094689,299.5283180604563,617.6046006686327,158.39999999999998,0.0,0.0,938.8474639094688,776.0046006686326,-10.290118399063871,-32.49192761284243,96,Kersamanah,SRI,8,2023
469.50000000000006,562.1864721654272,305.75001420519493,589.0617465324556,169.44,70.27727703775923,0.0,1031.6864721654272,828.7790235702148,-1.9056571242326823,-29.453741591441975,71,Kersamanah,SRI,8,2024
581.9,788.9180503540722,354.25140790175885,607.1275300021639,280.0,277.7527503538877,100.0,1370.818050354072,1164.8802803560516,20.437666568424135,-1.4601880676551326,1,Kersamanah,FL,9,2015
1627.2000000000003,419.4116759122346,259.6498853857593,463.9852731141615,280.0,1089.2650542546555,100.0,2046.611675912235,1833.2503273688171,36.78515986958765,5.196541127921754,0,Kersamanah,FL,9,2016
783.7999999999998,598.0788329303681,345.6593005376832,540.3167265986058,280.0,355.54070367791286,100.0,1381.878832930368,1175.8574302765187,30.464697566280048,3.775851481687684,0,Kersamanah,FL,9,2017
547.0000000000001,711.9582427254469,348.31719190720526,592.029213434344,280.0,187.21613176247064,100.0,1258.958242725447,1059.2453451968147,16.941224988017662,-2.1819465986519813,3,Kersamanah,FL,9,2018
465.9,797.8925946844992,357.55313005662515,660.8043108457819,280.0,119.83343532879113,100.0,1263.7925946844991,1060.637746174573,17.87496955065896,-1.8885432009569598,3,Kersamanah,FL,9,2019
954.6999999999998,518.0277305123699,295.0998399548005,537.1449812393305,280.0,448.9850858092687,100.0,1472.7277305123698,1266.1300670485991,31.039249004417442,4.6263087125369236,0,Kersamanah,FL,9,2020
1054.8,470.4851933428415,275.13653199098553,533.6505815455605,280.0,500.51626830596337,100.0,1525.2851933428415,1314.166849851524,25.236707334458348,0.04864398781166024,0,Kersamanah,FL,9,2021
1061.4,457.52266693040696,291.1927165122008,528.4536567059696,280.0,504.1261431192658,100.0,1518.922666930407,1312.5797998252353,32.53044556347663,3.8812287677309474,0,Kersamanah,FL,9,2022
378.80000000000007,781.1258875264273,345.62711671403497,661.8250006764,280.0,59.35266805696734,100.0,1159.9258875264272,1001.1776687333673,14.433204597688562,-6.422996397024261,4,Kersamanah,FL,9,2023
820.0,621.0373956546847,352.27464875025134,601.2306554924955,280.0,360.78067155615224,100.0,1441.0373956546846,1242.0113270486477,24.706184617564844,-2.0014146297203492,2,Kersamanah,FL,9,2024
581.9,661.3870543132082,354.25140790175885,585.6493791838978,177.12,284.57990513128965,0.0,1243.287054313208,1047.3492843151876,6.085033533361467,-30.317007198040354,50,Kersamanah,SRI,9,2015
1627.2000000000003,294.5076009047159,259.6498853857593,448.964578856597,192.0,1077.3816735047012,0.0,1921.7076009047162,1718.3462523612982,27.16949013945538,-4.318164723651779,5,Kersamanah,SRI,9,2016
783.7999999999998,453.03870316844643,345.6593005376832,522.9658060097001,190.07999999999998,327.77149450489674,0.0,1236.8387031684463,1040.8173005145968,19.637744529604745,-11.580006514852162,15,Kersamanah,SRI,9,2017
547.0000000000001,570.0186279592951,348.31719190720526,571.8711295088259,175.2,177.71469779825418,0.0,1117.0186279592954,924.78582730708,4.813768982477755,-24.64167843022343,50,Kersamanah,SRI,9,2018
465.9,666.7078898387193,357.55313005662515,637.6708171316545,171.83999999999997,129.94222419713861,0.0,1132.6078898387193,939.453041328793,2.5198400486325383,-31.135599304330604,61,Kersamanah,SRI,9,2019
954.6999999999998,392.83438506130483,295.0998399548005,519.2887989091122,192.0,438.8095151191057,0.0,1347.5343850613046,1150.0983140282178,20.986968435343947,-5.976281882221677,9,Kersamanah,SRI,9,2020
1054.8,351.04480290260375,275.13653199098553,515.4499030853486,188.15999999999997,501.1165563259374,0.0,1405.8448029026038,1204.726459411286,16.621008540098313,-21.335953236340483,14,Kersamanah,SRI,9,2021
1061.4,313.63575070334434,291.1927165122008,511.08509524737303,192.0,474.7702752770282,0.0,1375.0357507033445,1177.8553705244012,24.181778875929,-5.013776792287225,5,Kersamanah,SRI,9,2022
378.80000000000007,651.1418950144043,345.62711671403497,638.5209261932437,171.35999999999999,71.68392551521123,0.0,1029.9418950144045,881.5648517084549,-0.5388201789229145,-27.053232260669954,63,Kersamanah,SRI,9,2023
820.0,501.31353002251296,352.27464875025134,580.6350254862185,180.48,370.3339459441304,0.0,1321.313530022513,1131.448971430349,11.773373682349511,-30.710763440742028,36,Kersamanah,SRI,9,2024
842.7000000000002,660.8236009354252,361.1117819902833,588.8640349015841,280.0,437.3236771387077,100.0,1503.5236009354253,1306.187712040292,28.72495718931986,3.7492818451572285,0,Kersamanah,FL,10,2015
1744.2000000000003,284.90384655977476,184.90384655977476,460.7575489068635,280.0,1072.8941267829223,100.0,2029.103846559775,1813.6516756897859,41.84860570958815,22.202732094006063,0,Kersamanah,FL,10,2016
982.2,416.5040350470786,295.1024107467154,517.9332304627967,280.0,409.55720302216844,100.0,1398.7040350470786,1207.4904334849653,34.25504226956709,2.0656091383574404,0,Kersamanah,FL,10,2017
815.5999999999999,593.7136549965321,340.8373220558826,568.492859301884,280.0,361.55720778818636,100.0,1409.313654996532,1210.0500670900703,27.600692574656048,3.9768761545622153,0,Kersamanah,FL,10,2018
792.4,648.8238635827568,360.6380971368374,630.3036676383585,280.0,336.87095364799103,100.0,1441.2238635827566,1247.1746212863495,27.780960642926512,0.5734842551151331,0,Kersamanah,FL,10,2019
1300.4,422.9720306313703,309.0720306313703,510.7558957219009,280.0,735.394264715031,100.0,1723.3720306313703,1526.1501604369319,37.46885694038837,7.2159968587789365,0,Kersamanah,FL,10,2020
1267.1999999999998,436.56052466662305,237.08325036096883,522.2546374764257,280.0,697.675209629247,100.0,1703.7605246666228,1499.9298471056727,33.03968059035949,4.8646312665179,0,Kersamanah,FL,10,2021
1183.8,347.44805394682754,247.44805394682749,515.7284041158196,280.0,556.7678964696491,100.0,1531.2480539468274,1352.4963005854688,39.63646210861271,8.625967158322187,0,Kersamanah,FL,10,2022
718.9,677.0930025005707,363.8212766306922,650.9857749360929,280.0,268.19208622891307,100.0,1395.9930025005706,1199.1778611650059,24.49607969055429,-0.37930326045935736,2,Kersamanah,FL,10,2023
1121.6,520.254180577964,278.41740367011175,565.9315393787804,280.0,593.2462737906643,100.0,1641.854180577964,1439.1778131694446,31.819522580441365,4.517666164472952,0,Kersamanah,FL,10,2024
842.7000000000002,515.7062362602553,361.1117819902833,570.4290299384935,187.2,410.34777051588253,0.0,1358.4062362602554,1167.976800454376,17.868523841217787,-24.73518771980398,24,Kersamanah,SRI,10,2015
1744.2000000000003,184.90384655977476,184.90384655977476,445.5214328689675,192.0,1086.1302428208182,0.0,1929.103846559775,1723.6516756897859,32.784492621773886,17.737419023748796,0,Kersamanah,SRI,10,2016
982.2,295.1024107467154,295.1024107467154,501.69708761872573,191.51999999999998,396.20839611463686,0.0,1277.3024107467154,1089.4254837333626,25.342882884146388,-5.2454702464981375,3,Kersamanah,SRI,10,2017
815.5999999999999,441.4937777213806,340.8373220558826,550.871658653572,188.16,327.9665495208672,0.0,1257.0937777213805,1066.9982081744392,17.79291279437133,-10.460152734012503,26,Kersamanah,SRI,10,2018
792.4,503.6220395374781,360.6380971368374,609.8484840097702,183.36,317.2738456211862,0.0,1296.0220395374781,1110.4823296309564,13.672536596870323,-25.85763931564534,30,Kersamanah,SRI,10,2019
1300.4,309.07203063137024,309.0720306313703,495.050600377239,192.0,731.6031652431185,0.0,1609.4720306313702,1418.6537656203575,28.435409797845786,0.679711159245528,0,Kersamanah,SRI,10,2020
1267.1999999999998,286.81442588836467,237.08325036096883,505.72267796531077,190.07999999999998,660.5023658791448,0.0,1554.0144258883645,1356.3050438444557,22.342192585000383,-12.46979966063366,16,Kersamanah,SRI,10,2021
1183.8,247.4480539468275,247.44805394682749,499.1652695151732,192.0,560.9215334627385,0.0,1431.2480539468274,1252.0868029779117,30.77628903850918,8.10440114112006,0,Kersamanah,SRI,10,2022
718.9,552.2937432000009,363.8212766306922,629.5171279430599,180.0,274.8614739213763,0.0,1271.1937432000009,1084.3786018644362,10.737956046841049,-26.37707021408044,39,Kersamanah,SRI,10,2023
1121.6,363.5669647551831,278.41740367011175,548.3079436631369,187.68,556.5026536835268,0.0,1485.166964755183,1292.490597346664,18.67816861071813,-20.020427474583638,24,Kersamanah,SRI,10,2024
1424.7,474.57237692058044,343.2416846629936,536.6888443336529,280.0,888.3669760544948,100.0,1899.2723769205804,1705.0558203881478,38.573701088541604,6.396431972187345,0,Kersamanah,FL,11,2015
1698.2,210.66137055339516,100.26137055339518,451.77348637545253,280.0,965.6286419209634,100.0,1908.8613705533953,1697.4021282964159,40.26181094592978,14.783870578731156,0,Kersamanah,FL,11,2016
1027.7,356.719595983554,219.12215330332023,481.61724670415725,280.0,426.69197098580975,100.0,1384.419595983554,1188.309217689967,36.056494843012246,-0.051297258317088534,1,Kersamanah,FL,11,2017
1192.0,427.5658953219217,310.86589532192164,528.8806940580062,280.0,609.8502868015952,100.0,1619.5658953219217,1418.7309808596015,37.16296177564895,13.559985039084125,0,Kersamanah,FL,11,2018
1285.5,487.52621776807587,328.2152955297342,575.1374888810997,280.0,723.0021968661378,100.0,1773.0262177680759,1578.1396857472373,37.186964518547704,3.3872872832774563,0,Kersamanah,FL,11,2019
1691.8000000000002,262.6155304245271,150.6693960376436,456.971634430308,280.0,1005.2022101462545,100.0,1954.4155304245273,1742.1738445765625,36.78432212839577,4.291513231969232,0,Kersamanah,FL,11,2020
1378.1,348.11903881233474,248.1190388123347,511.77748797771164,280.0,729.8748678838692,100.0,1726.2190388123347,1521.6523558615809,40.357281278449065,6.738333746056494,0,Kersamanah,FL,11,2021
1321.3,249.30946440074297,120.1858708190453,483.0629253262947,280.0,593.8990614051521,100.0,1570.609464400743,1356.9619867314468,39.58909714907262,7.276406418302327,0,Kersamanah,FL,11,2022
1086.8999999999999,488.32011175729735,331.0725402927427,607.2689732774539,280.0,497.12745068011355,100.0,1575.2201117572972,1384.3964239575675,32.02573146005774,-0.35656797052053957,1,Kersamanah,FL,11,2023
1234.9,415.71249624938514,304.5124962493851,539.864995951945,280.0,632.8242075658532,100.0,1650.6124962493852,1452.6892035177982,38.678464351526245,3.4069305047533724,0,Kersamanah,FL,11,2024
1424.7,368.7137022912916,343.2416846629936,520.3161692801035,192.0,896.0441711894102,0.0,1793.4137022912917,1608.3603404695136,30.08814153566136,-3.3147696925418635,2,Kersamanah,SRI,11,2015
1698.2,100.26137055339517,100.26137055339518,436.2315796439483,192.0,960.0604660504212,0.0,1798.4613705533952,1588.2920456943693,31.561838765781815,5.215713444288273,0,Kersamanah,SRI,11,2016
1027.7,233.88394054206003,219.12215330332023,466.50775836533876,191.51999999999998,414.92232425057864,0.0,1261.5839405420602,1072.9500826159174,25.919011596809604,-5.161787238739833,4,Kersamanah,SRI,11,2017
1192.0,310.86589532192164,310.86589532192164,512.5093871744014,192.0,607.5215936852002,0.0,1502.8658953219217,1312.0309808596016,28.902521220592938,-1.8791477950923854,1,Kersamanah,SRI,11,2018
1285.5,365.2226463974821,328.2152955297342,557.3931340233856,192.0,716.4429803532582,0.0,1650.722646397482,1465.8361143766438,27.643894169019667,-5.420824857583557,6,Kersamanah,SRI,11,2019
1691.8000000000002,150.6693960376436,150.6693960376436,442.7458628594589,192.0,1005.48184733022,0.0,1842.4693960376437,1640.2277101896789,29.467020841646715,7.640112110860627,0,Kersamanah,SRI,11,2020
1378.1,248.11903881233474,248.1190388123347,495.2825693161644,192.0,744.3697865454163,0.0,1626.2190388123347,1431.6523558615809,31.572182569486248,7.569637372333162,0,Kersamanah,SRI,11,2021
1321.3,132.28571529574467,120.1858708190453,466.7251248947275,192.0,591.2131127317211,0.0,1453.5857152957446,1249.9382376264487,29.688842029809283,-3.3998444766993723,2,Kersamanah,SRI,11,2022
1086.8999999999999,357.1791886196312,331.0725402927427,588.3530175913311,189.6,484.46044212485486,0.0,1444.0791886196312,1262.413459716186,21.66585425303348,-25.81301560488616,11,Kersamanah,SRI,11,2023
1234.9,304.5124962493851,304.5124962493851,523.9056447421203,192.0,635.5835587756781,0.0,1539.4124962493852,1351.4892035177984,30.40344864805293,3.9354144631976524,0,Kersamanah,SRI,11,2024
1910.5,298.6687757046054,198.66877570460537,482.75253111730626,280.0,1237.0958511944518,100.0,2209.1687757046057,1999.848382311758,39.80288443954468,8.230640195305893,0,Kersamanah,FL,12,2015
1650.8999999999999,173.3967175131061,73.3967175131061,465.2220879971471,280.0,867.1651785083639,100.0,1824.296717513106,1612.387266505511,42.28311288754619,15.886167041134184,0,Kersamanah,FL,12,2016
1303.1,277.1093500838343,145.3704981590983,468.1668763171035,280.0,620.0761506104393,100.0,1580.2093500838341,1368.2430269275428,35.656901622047215,4.961148075264025,0,Kersamanah,FL,12,2017
1432.0,294.0374012676386,176.63740126763858,489.7368749328612,280.0,747.8460189917585,100.0,1726.0374012676386,1517.5828939246196,41.535524900981,10.188130648695786,0,Kersamanah,FL,12,2018
1650.7000000000003,374.08592396339264,262.9859239633926,515.980732890391,280.0,1025.710816731585,100.0,2024.7859239633929,1821.691549621976,40.766736049445214,13.896537291245313,0,Kersamanah,FL,12,2019
1739.6,265.136187499732,154.136187499732,445.1025519410072,280.0,1066.167026708292,100.0,2004.7361874997318,1791.2695786492993,43.21190355326405,14.876890880666174,0,Kersamanah,FL,12,2020
1501.9,169.77668724165,69.77668724165,484.3132663996986,280.0,690.7511615102874,100.0,1671.6766872416501,1455.064427909986,41.20720216442779,18.44099240329438,0,Kersamanah,FL,12,2021
1251.7,230.27587879352643,130.2758787935264,480.311897823535,280.0,509.4407626559092,100.0,1481.9758787935266,1269.7526604794443,40.15595101900866,11.72353183509661,0,Kersamanah,FL,12,2022
1364.4000000000003,350.8908949671018,210.76070787131877,558.3889995678102,280.0,689.9657549694023,100.0,1715.290894967102,1528.3547545372126,36.91704236149195,4.092165370481423,0,Kersamanah,FL,12,2023
1509.6000000000001,186.9908825229866,86.9908825229866,499.14097583000193,280.0,711.7786276244286,100.0,1696.5908825229867,1490.9196034544307,42.81988464156895,6.956546679079822,0,Kersamanah,FL,12,2024
1910.5,198.66877570460537,198.66877570460537,467.2555037448019,192.0,1250.1888751553215,0.0,2109.168775704605,1909.4443789001234,31.233496238480743,9.901623955748407,0,Kersamanah,SRI,12,2015
1650.8999999999999,73.3967175131061,73.3967175131061,449.5223839462625,192.0,879.1969711981601,0.0,1724.296717513106,1520.7193551444225,32.291571535986414,16.715016872410082,0,Kersamanah,SRI,12,2016
1303.1,168.3640597504554,145.3704981590983,452.3097927571898,192.0,624.3479268121525,0.0,1471.4640597504554,1268.6577195693424,26.94111669616931,-2.984420249859054,2,Kersamanah,SRI,12,2017
1432.0,186.8858074094798,176.63740126763858,473.4093122379538,192.0,752.864098996909,0.0,1618.8858074094799,1418.2734112348628,32.20685846444685,-2.1484061418412588,1,Kersamanah,SRI,12,2018
1650.7000000000003,262.9859239633926,262.9859239633926,500.1072186467385,192.0,1028.4843309752375,0.0,1913.685923963393,1720.591549621976,31.61494206032048,3.6371656348963493,0,Kersamanah,SRI,12,2019
1739.6,154.136187499732,154.136187499732,431.2207058894689,192.0,1067.0488727598304,0.0,1893.7361874997318,1690.2695786492993,33.57033647056166,4.707812753134826,0,Kersamanah,SRI,12,2020
1501.9,69.77668724165,69.77668724165,467.74732617887446,192.0,704.482414194433,0.0,1571.6766872416501,1364.2297403733073,31.895585702032907,15.990653441614928,0,Kersamanah,SRI,12,2021
1251.7,130.2758787935264,130.2758787935264,465.12241959022236,192.0,520.1300354782866,0.0,1381.9758787935264,1177.2524550685089,30.235039020144967,11.969659920964135,0,Kersamanah,SRI,12,2022
1364.4000000000003,221.5111327438259,210.76070787131877,540.4752298489456,190.07999999999998,675.8944386337612,0.0,1585.9111327438263,1406.4496684827068,27.21064996079586,-16.901168132137816,6,Kersamanah,SRI,12,2023
1509.6000000000001,86.9908825229866,86.9908825229866,482.7097410761243,192.0,725.3664296143937,0.0,1596.5908825229867,1400.0761706905182,31.46448987867934,4.600118031213083,0,Kersamanah,SRI,12,2024
2166.1000000000004,226.3407502852417,126.3407502852417,457.15928842620866,280.0,1441.3595061368264,100.0,2392.440750285242,2178.518794563035,42.920515244708646,28.144423245304345,0,Wanaraja,FL,1,2016
1415.1,229.79780697388964,104.44255895775721,452.6664513419642,280.0,704.525348758794,100.0,1644.8978069738896,1437.1918001007582,35.77263735117925,6.384031932516306,0,Wanaraja,FL,1,2017
1078.5,356.76356046321087,201.3508456965717,466.08385333346644,280.0,511.5282762506676,100.0,1435.263560463211,1257.612129584134,32.924362517066584,-4.165306176333621,7,Wanaraja,FL,1,2018
1587.3999999999999,258.60439951625386,158.6043995162539,464.2708621586406,280.0,886.4453970791478,100.0,1846.0043995162537,1630.7162592377886,42.81374526799163,14.473498624429608,0,Wanaraja,FL,1,2019
1829.6000000000001,232.42713907442015,132.42713907442013,473.6219420205512,280.0,1094.9607751067563,100.0,2062.02713907442,1848.5827171273074,42.64978742592602,21.75886379700616,0,Wanaraja,FL,1,2020
1473.6,186.1521479426798,76.06983098627626,431.09578833061335,280.0,762.1131857071788,100.0,1659.7521479426796,1473.2089740377921,38.82654133250507,3.7303164639097464,0,Wanaraja,FL,1,2021
1356.0,253.3927114498565,121.73099191208154,478.8560049007484,280.0,632.9267605189796,100.0,1609.3927114498565,1391.782765419728,40.352820348729004,4.338280462225049,0,Wanaraja,FL,1,2022
1274.0,188.2715281568484,75.77152815684842,465.64126839807295,280.0,509.31575420104406,100.0,1462.2715281568485,1254.957022599117,37.98769267755415,2.7878984862044973,0,Wanaraja,FL,1,2023
1090.3,344.4193567349667,234.31935673496665,525.9588672289076,280.0,439.0100987995721,100.0,1434.7193567349666,1244.9689660284798,34.45393002262981,9.248395123658955,0,Wanaraja,FL,1,2024
2166.1000000000004,126.34075028524168,126.3407502852417,441.9020424782856,192.0,1452.9467942125177,0.0,2292.440750285242,2086.848836690803,33.15459283419355,12.49111166074351,0,Wanaraja,SRI,1,2016
1415.1,115.63587382521507,104.44255895775721,437.1991708115402,192.0,694.386373203522,0.0,1530.735873825215,1323.5855440150622,27.309696653073132,-4.284126799488804,4,Wanaraja,SRI,1,2017
1078.5,214.69580452937663,201.3508456965717,450.2802651995621,186.23999999999995,495.1293505840363,0.0,1293.1958045293766,1131.6496157835984,24.700441838589793,-19.56728705197426,16,Wanaraja,SRI,1,2018
1587.3999999999999,158.60439951625386,158.6043995162539,448.6262994087572,192.0,899.2622607976721,0.0,1746.0043995162537,1539.8885602064292,33.222991837062345,15.298513489534265,0,Wanaraja,SRI,1,2019
1829.6000000000001,132.42713907442013,132.42713907442013,458.109172254281,192.0,1108.4735448730264,0.0,1962.0271390744203,1758.5827171273074,33.43004328849532,22.57313247228333,0,Wanaraja,SRI,1,2020
1473.6,76.06983098627626,76.06983098627626,416.41027658815585,192.0,748.0652406500319,0.0,1549.669830986276,1356.4755172381879,30.612158041393634,7.081016210436836,0,Wanaraja,SRI,1,2021
1356.0,135.76742186740725,121.73099191208154,462.6427440257422,192.0,629.5147318115366,0.0,1491.7674218674072,1284.157475837279,30.769637569372886,-4.136429955325713,3,Wanaraja,SRI,1,2022
1274.0,75.7715281568484,75.77152815684842,450.2050545995505,192.0,506.39620790118664,0.0,1349.7715281568485,1148.6012625007372,27.542457666140393,-1.3319862612831743,1,Wanaraja,SRI,1,2023
1090.3,234.31935673496662,234.31935673496665,508.60539765460476,192.0,426.0092712945019,0.0,1324.6193567349665,1126.6146689491065,28.942314502240237,5.471438247806649,0,Wanaraja,SRI,1,2024
1938.6999999999998,198.50289405010022,62.888836011428424,455.76375492547504,280.0,1220.0100699417026,100.0,2137.2028940501,1955.7738248671776,39.68644012358432,-3.466231129828787,3,Wanaraja,FL,2,2015
1871.6,230.67111323936024,130.6711132393602,458.99434177352384,280.0,1176.6976532899398,100.0,2102.27111323936,1915.6919950634638,41.82710287655435,12.406968503512896,0,Wanaraja,FL,2,2016
1073.8000000000002,271.5709443381351,134.04615063273653,449.8476642581253,280.0,434.4471371555587,100.0,1345.3709443381354,1164.2948014136841,36.215681173551054,-4.742035141563879,4,Wanaraja,FL,2,2017
954.2,336.33969843576335,158.07349163331745,467.01157403577804,280.0,360.5082979566439,100.0,1290.5396984357635,1107.519871992422,26.946602806744,-1.744701886888584,6,Wanaraja,FL,2,2018
1386.8000000000002,211.12206948404588,111.12206948404585,459.7199217950792,280.0,666.4599823458423,100.0,1597.922069484046,1406.1799041409215,40.762537383228356,14.380229392772272,0,Wanaraja,FL,2,2019
1742.1999999999998,222.8827453772726,122.8827453772726,457.3531460050689,280.0,1013.0230759456006,100.0,1965.0827453772724,1750.3762219506693,41.945750445155205,5.1321414225243345,0,Wanaraja,FL,2,2020
1121.3999999999999,268.4202929366236,110.47501836924997,445.4752808333982,280.0,451.1541153998394,100.0,1389.8202929366234,1176.6293962332375,31.269170975943812,-3.8533269327827413,6,Wanaraja,FL,2,2021
1193.3,281.6877712815694,163.28777128156935,478.77124178271725,280.0,521.0715991705131,100.0,1474.9877712815694,1279.8428409532303,36.80061688838551,2.5424676520624514,0,Wanaraja,FL,2,2022
1151.8000000000002,270.2400207264951,157.54002072649516,471.039048560855,280.0,494.6040807280716,100.0,1422.0400207264952,1245.6431292889265,37.363630936213326,0.6475233799185869,0,Wanaraja,FL,2,2023
1092.2,275.4059168182554,151.90293262151053,507.60471568957365,280.0,407.02236271935345,100.0,1367.6059168182555,1194.627078408927,34.22863992371204,-4.825020937563156,3,Wanaraja,FL,2,2024
1938.6999999999998,62.88883601142841,62.888836011428424,440.5759092356678,189.11999999999998,1219.0290163202344,0.0,2001.5888360114282,1848.7249255559022,29.939506522677046,-24.58552837268028,8,Wanaraja,SRI,2,2015
1871.6,130.67111323936024,130.6711132393602,443.52603994299767,192.0,1182.6812595824042,0.0,2002.2711132393601,1818.2072995254018,32.78652076675187,9.891664041574678,0,Wanaraja,SRI,2,2016
1073.8000000000002,134.0461506327365,134.04615063273653,434.0188507718615,188.64,431.2557126406254,0.0,1207.8461506327367,1053.9145634124868,26.702634046511545,-27.45924415113128,8,Wanaraja,SRI,2,2017
954.2,221.14572858376437,158.07349163331745,450.52570973355967,175.2,369.0085888303381,0.0,1175.3457285837644,994.7342985638977,14.115709085901445,-32.641019002629214,41,Wanaraja,SRI,2,2018
1386.8000000000002,111.12206948404587,111.12206948404585,444.23675859547103,192.0,670.8210524920482,0.0,1497.922069484046,1307.0578110875192,32.15975595473634,13.502322446174443,0,Wanaraja,SRI,2,2019
1742.1999999999998,122.88274537727258,122.8827453772726,441.76960092745117,192.0,1026.1162915084178,0.0,1865.0827453772724,1659.885892435869,32.97378046286631,5.961526160915183,0,Wanaraja,SRI,2,2020
1121.3999999999999,110.47501836924997,110.47501836924997,429.63504338728603,183.84,424.6957064979259,0.0,1231.8750183692498,1038.170749885212,18.608107219248534,-26.023164862190526,23,Wanaraja,SRI,2,2021
1193.3,163.28777128156935,163.28777128156935,462.4627761153273,192.0,501.19168669123746,0.0,1356.5877712815693,1155.6544628065649,28.19287651165047,-2.828338705872014,2,Wanaraja,SRI,2,2022
1151.8000000000002,157.54002072649513,157.54002072649516,454.5342925497821,192.0,485.6150036284771,0.0,1309.3400207264954,1132.1492961782592,25.972822605347165,-0.7717557562584947,1,Wanaraja,SRI,2,2023
1092.2,151.90293262151056,151.90293262151053,490.5397130838601,190.07999999999998,401.2549987147514,0.0,1244.1029326215107,1081.8747117986113,26.67986961036555,-10.62832727215427,7,Wanaraja,SRI,2,2024
1598.3999999999999,255.88144598809998,54.857543069449235,454.7222292123567,280.0,938.7332890390176,100.0,1854.2814459881,1673.4555182513743,32.96045336341215,-2.0766587539362322,7,Wanaraja,FL,3,2015
1717.6999999999998,150.99507841309446,36.89507841309444,439.3106534800294,280.0,963.062447604909,100.0,1868.6950784130943,1682.3731010849383,36.385876321883536,-4.922187880493409,3,Wanaraja,FL,3,2016
865.5999999999999,316.59544029040944,129.94444111716376,448.32259134092817,280.0,268.4819463688949,100.0,1182.1954402904094,996.8045377098231,30.10867408240413,-3.0721398858354867,4,Wanaraja,FL,3,2017
771.1,333.4116957384147,87.08034364189021,476.018726474451,280.0,166.89121812954713,100.0,1104.5116957384148,922.9099446039982,21.291308986141523,-4.974435361293962,9,Wanaraja,FL,3,2018
1116.1,291.26016776240306,105.65291562755709,452.8203755096346,280.0,499.7968521801432,100.0,1407.3601677624029,1232.6172276897778,31.889578431954373,-5.0705206886009035,7,Wanaraja,FL,3,2019
1657.6999999999998,134.36254703671165,34.36254703671165,436.60425542728296,280.0,855.302088076547,100.0,1792.0625470367115,1571.90634350383,42.697344584337834,22.871945807478152,0,Wanaraja,FL,3,2020
1112.6,263.26045801105124,141.25625674184812,452.45639279409545,280.0,424.87291762278755,100.0,1375.8604580110512,1157.329310416883,34.4555462211912,1.2957987307969043,0,Wanaraja,FL,3,2021
1089.6999999999998,242.77713337052387,128.3771333705239,464.98389853366194,280.0,377.39861115138945,100.0,1332.4771333705237,1122.3825096850514,40.28534960461695,10.325503855164465,0,Wanaraja,FL,3,2022
1040.1000000000001,260.82198492522906,116.11645824759897,455.85013632485516,280.0,348.4178081227512,100.0,1300.9219849252293,1084.2679444476064,30.2517611969353,-4.487768298930914,3,Wanaraja,FL,3,2023
893.6000000000001,273.1087140091307,138.56774237619535,492.00313909014847,280.0,226.11782038902217,100.0,1166.7087140091307,998.1209594791707,30.55819413535785,-4.779287535959384,7,Wanaraja,FL,3,2024
1598.3999999999999,119.2318706826233,54.857543069449235,439.44326378875917,176.16,942.4352682273602,0.0,1717.6318706826232,1558.0385320161195,18.929795627542358,-31.23567496462561,35,Wanaraja,SRI,3,2015
1717.6999999999998,36.895078413094446,36.89507841309444,424.2611455677926,192.0,941.0355560152259,0.0,1754.5950784130944,1557.2967015830186,29.669363870125597,1.9279904631303024,0,Wanaraja,SRI,3,2016
865.5999999999999,160.93023826538868,129.94444111716376,433.1712346651905,178.07999999999998,261.6916183385762,0.0,1026.5302382653886,872.9428530037667,15.330004348823246,-29.09855428186645,32,Wanaraja,SRI,3,2017
771.1,214.00871508286554,87.08034364189021,459.8110702319876,173.27999999999997,183.33210898540267,0.0,985.1087150828655,816.4231792173903,4.533753248233466,-33.52633340579991,48,Wanaraja,SRI,3,2018
1116.1,139.12489721236977,105.65291562755709,437.7152108488482,180.95999999999998,484.3336927966492,0.0,1255.2248972123698,1103.0089036454974,21.83074832187225,-33.471981584812696,25,Wanaraja,SRI,3,2019
1657.6999999999998,34.36254703671165,34.36254703671165,421.6972701583767,192.0,868.2090733454532,0.0,1692.0625470367115,1481.90634350383,33.1693070779773,16.19411775216883,0,Wanaraja,SRI,3,2020
1112.6,141.25625674184812,141.25625674184812,436.7964833443389,187.2,418.2489489031543,0.0,1253.856256741848,1042.2454322474932,21.940739921089577,-15.372476482785318,14,Wanaraja,SRI,3,2021
1089.6999999999998,128.3771333705239,128.3771333705239,449.08929128597686,192.0,375.23682142017515,0.0,1218.0771333705238,1016.326112706152,29.127105408014955,1.2833184659763113,0,Wanaraja,SRI,3,2022
1040.1000000000001,149.54893208984515,116.11645824759897,439.8622274647947,185.76,354.0770307781821,0.0,1189.6489320898454,979.6992582429768,21.194543647367247,-34.03247384224618,15,Wanaraja,SRI,3,2023
893.6000000000001,138.56774237619535,138.56774237619535,475.49644299103613,178.56,230.25886960954622,0.0,1032.1677423761955,884.3153126005824,15.98364678977517,-29.496475064882933,32,Wanaraja,SRI,3,2024
1026.6000000000001,344.20008591214287,64.15300690849608,452.8657577805204,280.0,454.5412558020777,100.0,1370.800085912143,1187.4070135825982,24.26326169182045,-4.530127655983029,10,Wanaraja,FL,4,2015
1204.3,230.09459011661178,79.95161922276822,443.6988848594416,280.0,500.5973009152056,100.0,1434.3945901166117,1224.2961857746473,34.68654087612738,-3.385572080282741,3,Wanaraja,FL,4,2016
603.2,385.0296718717534,181.79097051799414,438.38945731186004,280.0,95.49673553599672,100.0,988.2296718717535,813.8861928478568,22.788422201684877,-3.6051057118244128,6,Wanaraja,FL,4,2017
458.7,494.0932867505092,172.23325542632108,458.4550966599568,280.0,34.88556108218668,100.0,952.7932867505092,773.3406577421434,10.232670311820726,-4.309231645386176,8,Wanaraja,FL,4,2018
621.5,439.2403650252949,156.58231745103765,446.09130520958774,280.0,155.63241418222572,100.0,1060.740365025295,881.7237193918135,23.674312261869908,-4.096597195296713,8,Wanaraja,FL,4,2019
1280.6,246.03170438698214,118.61538504095587,428.48692429858875,280.0,642.5212441738079,100.0,1526.6317043869822,1351.0081684723966,35.44684498256709,-5.0163193460262985,5,Wanaraja,FL,4,2020
978.5,303.24871458569254,111.64598500220006,451.8287536443661,280.0,372.72877900263205,100.0,1281.7487145856926,1104.5575326469982,25.082757259929696,-5.253421007722006,3,Wanaraja,FL,4,2021
938.3,210.49557377877227,110.49557377877227,452.7893984934984,280.0,242.45167781617886,100.0,1148.7955737787722,975.2410763096773,31.84299965581187,-3.331077886652731,5,Wanaraja,FL,4,2022
869.5000000000001,334.03259214867774,169.51256661611737,462.27795156975833,280.0,281.9304194091221,100.0,1203.5325921486778,1024.2083709788803,29.490647255553878,-3.7290775368809475,2,Wanaraja,FL,4,2023
706.6,317.7737155458063,163.28551302478806,472.0296497462291,280.0,102.99912488798338,100.0,1024.3737155458064,855.0287746342125,24.558839492160377,-5.067635793933171,4,Wanaraja,FL,4,2024
1026.6000000000001,221.30593250730013,64.15300690849608,437.46234339765476,168.47999999999996,480.3108437308215,0.0,1247.9059325073003,1086.2531871284762,6.456094047484548,-33.281755138007526,57,Wanaraja,SRI,4,2015
1204.3,79.95161922276822,79.95161922276822,429.165309349728,183.36,483.2672728608967,0.0,1284.251619222768,1095.7925822106247,20.385394288285013,-28.819239139964857,19,Wanaraja,SRI,4,2016
603.2,244.44960672385872,181.79097051799414,424.1043746160626,167.03999999999996,109.68430320537746,0.0,847.6496067238588,700.82867782144,3.9754369224643216,-31.820237022794753,56,Wanaraja,SRI,4,2017
458.7,329.2932949916846,172.23325542632108,443.577688831994,161.75999999999996,34.88556108218668,0.0,787.9932949916846,640.2232499141807,-7.482856640230967,-30.582244847773055,76,Wanaraja,SRI,4,2018
621.5,284.49516148966245,156.58231745103765,431.21594802955053,170.87999999999997,145.85122220110915,0.0,905.9951614896625,747.9471702306597,10.582994895457144,-32.11093025760856,48,Wanaraja,SRI,4,2019
1280.6,118.61538504095587,118.61538504095587,414.8152043177256,192.0,615.9879673768104,0.0,1399.2153850409559,1222.803171694536,27.889298363147866,-1.0092595669238626,3,Wanaraja,SRI,4,2020
978.5,164.2978066503423,111.64598500220006,436.9014747634476,182.39999999999998,355.1670663490674,0.0,1142.7978066503424,974.4685411125149,11.794435944163748,-22.818335175396097,29,Wanaraja,SRI,4,2021
938.3,110.49557377877225,110.49557377877227,438.14502555005595,192.0,237.07971266936573,0.0,1048.7955737787722,867.2247382194216,25.331289138390204,-1.2019706928502072,3,Wanaraja,SRI,4,2022
869.5000000000001,183.82108745064713,169.51256661611737,447.51607928192135,184.79999999999998,242.56326473563257,0.0,1053.3210874506472,874.8793440175539,15.786126608517897,-27.27812703070214,21,Wanaraja,SRI,4,2023
706.6,204.76083459504923,163.28551302478806,456.5184322839697,180.47999999999996,116.37451301869622,0.0,911.3608345950493,753.3729453026658,9.144099908369132,-26.76647651538496,34,Wanaraja,SRI,4,2024
626.4,505.05450621666245,59.900519286418586,467.3706609166784,280.0,200.04518278828002,100.0,1131.4545062166624,947.4158437049584,10.917724667662535,-5.149140086487963,9,Wanaraja,FL,5,2015
862.8,252.6437189975003,110.4874103959932,437.05398910668157,280.0,214.6685225999415,100.0,1115.4437189975001,931.7225117066231,27.54887392604499,-5.241132849600663,7,Wanaraja,FL,5,2016
420.5,480.2353542377821,165.92033213458419,421.70957896325484,280.0,25.224970313571244,100.0,900.7353542377821,726.9345492768261,13.242109247595247,-5.457371928711218,6,Wanaraja,FL,5,2017
262.0,653.5440309549156,243.87905011283155,453.27157419934764,280.0,3.4395300049372057,100.0,915.5440309549156,736.7111042042849,11.004369452376004,-4.496921562850442,9,Wanaraja,FL,5,2018
423.4,545.804344471095,135.55098057315317,455.19273545698064,280.0,51.7715266208493,100.0,969.2043444710949,786.96426207783,9.086464290706209,-4.459715715673348,12,Wanaraja,FL,5,2019
990.7,288.8587280598567,113.02284485111943,420.5351636995241,280.0,389.1018592554835,100.0,1279.5587280598568,1089.6370229550075,30.148162291097233,-4.143607430449162,7,Wanaraja,FL,5,2020
780.2,417.94118397586936,243.16219375232728,448.2297307643953,280.0,297.3689074241929,100.0,1198.1411839758694,1025.5986381885882,25.991144009531297,-4.7047665244386625,12,Wanaraja,FL,5,2021
683.2,342.80608985680374,152.07366096344865,449.70546754128634,280.0,117.33200560804315,100.0,1026.0060898568038,847.0374731493295,23.536965559601462,-5.7917789070386405,6,Wanaraja,FL,5,2022
646.7,449.4717976722067,186.17121790629886,452.68857896694703,280.0,185.09376543909454,100.0,1096.1717976722068,917.7823444060416,22.202764529253415,-5.612051849663069,11,Wanaraja,FL,5,2023
495.1,492.7429086722816,169.31732298949638,467.8196741036595,280.0,61.61871064533156,100.0,987.8429086722816,809.4383847489911,13.680331435292777,-3.5663077720619007,11,Wanaraja,FL,5,2024
626.4,343.3657519162874,59.900519286418586,451.43798690995743,161.27999999999997,200.04518278828002,0.0,969.7657519162874,812.7631696982374,-7.745493727725505,-33.28704005277758,75,Wanaraja,SRI,5,2015
862.8,110.4874103959932,110.4874103959932,422.8616819060006,183.83999999999997,191.79011193750836,0.0,973.2874103959931,798.491793843509,15.949329354107535,-20.41327270623271,29,Wanaraja,SRI,5,2016
420.5,342.8975413952037,165.92033213458419,408.19150712848557,164.15999999999997,23.320792626850565,0.0,763.3975413952037,595.6722997553361,-4.426623966104701,-32.9018520510104,70,Wanaraja,SRI,5,2017
262.0,498.5943295783576,243.87905011283155,438.84869636744156,165.6,3.4395300049372057,0.0,760.5943295783576,607.8882263723788,-4.9581593286878425,-32.2804977925038,67,Wanaraja,SRI,5,2018
423.4,384.6495380348815,135.55098057315317,439.9552755054842,159.83999999999997,51.7715266208493,0.0,808.0495380348815,651.5668021263334,-6.742720191331626,-31.714287673433716,79,Wanaraja,SRI,5,2019
990.7,144.1854533478284,113.02284485111943,407.1016874762926,180.0,373.7021942153426,0.0,1134.8854533478284,960.8038816916353,15.162810103546887,-31.16260849670901,33,Wanaraja,SRI,5,2020
780.2,280.7038310407397,243.16219375232728,433.609423043825,180.0,281.26761481422614,0.0,1060.9038310407398,894.8770378580512,12.444421844118422,-21.306140103548245,41,Wanaraja,SRI,5,2021
683.2,182.62853710602954,152.07366096344865,435.42587269930243,182.39999999999998,78.91496661176441,0.0,865.8285371060296,696.7408393110668,10.906109896087152,-31.054876142580863,27,Wanaraja,SRI,5,2022
646.7,282.97887930472604,186.17121790629886,438.38217288591795,175.2,173.49321790474548,0.0,929.678879304726,787.0753907906635,9.581536093658148,-33.80650657585856,41,Wanaraja,SRI,5,2023
495.1,297.97056277525223,169.31732298949638,452.82005972747,160.79999999999995,35.79282560133676,0.0,793.0705627752523,649.4128853288066,-7.3672765988196005,-34.09749021286444,77,Wanaraja,SRI,5,2024
148.10000000000002,815.4477355384331,283.0167124383835,500.5234784000829,280.0,3.647457743887589,100.0,963.5477355384331,784.1709361439705,7.811797761422694,-3.385764262349909,10,Wanaraja,FL,6,2015
825.3999999999999,346.61978321472964,166.80339035651392,442.5412484271681,280.0,233.0150760895333,100.0,1172.0197832147296,955.5563245167014,20.855414934857865,0.0755069377037545,0,Wanaraja,FL,6,2016
244.60000000000002,659.3861285761573,282.86134291837834,435.50672096542985,280.0,3.7605655446420414,100.0,903.9861285761573,719.2672865100719,11.232184194596512,-5.0251532016292835,11,Wanaraja,FL,6,2017
200.79999999999998,717.4128477647428,285.930685263238,459.8471837356026,280.0,1.4422303042278308,100.0,918.2128477647427,741.2894140398304,9.882412946471463,-4.8994742617733245,10,Wanaraja,FL,6,2018
182.60000000000002,758.2861482427787,236.4538208321043,484.87121559806974,280.0,0.0,100.0,940.8861482427787,764.8712155980697,7.61724666202078,-6.0563201154662085,13,Wanaraja,FL,6,2019
664.7,364.95035234016575,151.92006528679366,432.52214917101355,280.0,136.41039576218108,100.0,1029.6503523401657,848.9325449331947,22.554817007481983,-5.6354184750747285,12,Wanaraja,FL,6,2020
806.7,357.3594116284189,208.08668310609832,440.509183421031,280.0,248.61877933406888,100.0,1164.059411628419,969.1279627550999,27.463639232102796,-3.6943506543060165,4,Wanaraja,FL,6,2021
649.5,374.4327955122991,219.91832855719352,446.5695378627991,280.0,84.62757836434545,100.0,1023.9327955122991,811.1971162271445,26.817814979178294,-2.6497122863070977,5,Wanaraja,FL,6,2022
395.0,592.8742801794956,236.5307177538186,462.55734690886976,280.0,66.60097435275394,100.0,987.8742801794956,809.1583212616237,17.91468212984016,-3.1344922754204703,13,Wanaraja,FL,6,2023
358.40000000000003,613.7745708089903,261.38371468487907,482.7424656068674,280.0,36.65088634721754,100.0,972.1745708089904,799.393351954085,13.414944815216506,-6.29787253403232,9,Wanaraja,FL,6,2024
148.10000000000002,651.2262114103879,283.0167124383835,483.5418613504154,158.88,3.647457743887589,0.0,799.3262114103879,646.069319094303,-9.462867185902152,-32.8349421236853,81,Wanaraja,SRI,6,2015
825.3999999999999,219.26582206642036,166.80339035651392,427.50933710422373,176.64,233.2204997976218,0.0,1044.6658220664203,837.3698369018455,6.839437585915953,-20.88607135051498,44,Wanaraja,SRI,6,2016
244.60000000000002,500.87350689935977,282.86134291837834,421.3488561532813,162.24,11.55484115186686,0.0,745.4735068993598,595.1436973051482,-5.980645328866613,-32.31172345157156,75,Wanaraja,SRI,6,2017
200.79999999999998,576.6278709637076,285.930685263238,444.66720978479475,161.75999999999996,1.4422303042278308,0.0,777.4278709637075,607.8694400890225,-6.0554866392327344,-34.53855150840113,74,Wanaraja,SRI,6,2018
182.60000000000002,606.7980609459571,236.4538208321043,468.4810401502093,160.32,0.0,0.0,789.3980609459571,628.8010401502092,-9.17710746809721,-32.97107265067749,82,Wanaraja,SRI,6,2019
664.7,247.30878227584134,151.92006528679366,417.8600421189724,172.32,152.52164882465826,0.0,912.0087822758414,742.7016909436306,7.076807848673914,-34.525622114445675,46,Wanaraja,SRI,6,2020
806.7,219.2866635679888,208.08668310609832,425.8561753513538,176.16,236.61531402279957,0.0,1025.986663567989,838.6314893741534,8.271340489543617,-28.279773777784115,44,Wanaraja,SRI,6,2021
649.5,253.6080655168396,219.91832855719352,431.63312395530323,173.76,90.80602156039305,0.0,903.1080655168396,696.1991455156963,10.03923076063561,-33.68973695964603,39,Wanaraja,SRI,6,2022
395.0,442.4370523945592,236.5307177538186,447.1121721780223,169.91999999999996,59.13340217777976,0.0,837.4370523945593,676.165574355802,4.289929498315357,-33.20920796396988,54,Wanaraja,SRI,6,2023
358.40000000000003,448.7695457360005,261.38371468487907,466.51482586256543,164.15999999999997,14.929436220247348,0.0,807.1695457360006,645.6042620828127,-3.7432819314834958,-32.474664104314876,73,Wanaraja,SRI,6,2024
129.5,866.7928201885251,305.00227718441624,538.6233543196023,280.0,4.230675397853583,100.0,996.2928201885251,822.8540297174559,6.944440550386794,-6.869835327396662,10,Wanaraja,FL,7,2015
1211.6000000000001,393.83669736846906,257.11942309683985,438.6734504738039,280.0,676.3305543529164,100.0,1605.4366973684691,1395.0040048267201,34.373810114224284,5.02979619120586,0,Wanaraja,FL,7,2016
411.90000000000003,599.7424359349108,257.8060096105922,443.37678023592434,280.0,86.26145496164204,100.0,1011.6424359349107,809.6382351975664,18.45662818203212,0.5103998459146917,0,Wanaraja,FL,7,2017
193.10000000000002,764.7744712491703,258.2529354796765,487.5046288350078,280.0,4.493639168908892,100.0,957.8744712491704,771.9982680039167,8.050253657739573,-5.076660521319453,11,Wanaraja,FL,7,2018
126.2,863.0373690193271,316.8823779165913,527.0217334076704,280.0,0.0,100.0,989.2373690193272,807.0217334076704,6.709702860272754,-5.186688017680614,12,Wanaraja,FL,7,2019
672.3000000000001,400.9081179216762,179.68663825070942,449.0509668497941,280.0,134.6598755631251,100.0,1073.2081179216761,863.7108424129192,18.852035595079943,-1.3757448354487565,4,Wanaraja,FL,7,2020
732.0,393.18761203599206,176.36369075897815,455.76955785892966,280.0,208.50526744478486,100.0,1125.187612035992,944.2748253037145,23.53978791759662,-4.9196673825562005,6,Wanaraja,FL,7,2021
759.4,371.53960713618085,189.25540999845862,446.20860068734623,280.0,186.442474677229,100.0,1130.9396071361807,912.6510753645753,21.850051645877578,1.667314652569325,0,Wanaraja,FL,7,2022
301.4,703.3996477371697,210.84106828223466,509.6445167627398,280.0,39.54962536090847,100.0,1004.7996477371697,829.1941421236484,9.707367743434805,-6.240888761688012,11,Wanaraja,FL,7,2023
375.80000000000007,625.5088280415091,252.64735789304441,508.4284980682104,280.0,30.35416344267149,100.0,1001.3088280415092,818.7826615108819,13.986463648282427,-6.207064247654511,6,Wanaraja,FL,7,2024
129.5,696.6440635176788,305.00227718441624,519.7173009767715,158.88,4.230675397853583,0.0,826.1440635176788,682.8279763746251,-10.694098621404986,-34.83865176679067,87,Wanaraja,SRI,7,2015
1211.6000000000001,281.7714376477461,257.11942309683985,423.33133464879666,190.07999999999998,677.0136692848882,0.0,1493.3714376477462,1290.4250039336848,19.727856790630945,-8.344063359916618,11,Wanaraja,SRI,7,2016
411.90000000000003,462.3126947741779,257.8060096105922,427.41651483128743,168.95999999999998,79.63226138544506,0.0,874.2126947741779,676.0087762167325,-0.7773433077221822,-28.94026352651626,58,Wanaraja,SRI,7,2017
193.10000000000002,615.3310897926275,258.2529354796765,470.53044560356955,159.35999999999999,4.493639168908892,0.0,808.4310897926275,634.3840847724784,-9.83560109766493,-33.505499332955935,89,Wanaraja,SRI,7,2018
126.2,690.0880172906225,316.8823779165913,508.22161819613945,159.35999999999999,0.0,0.0,816.2880172906225,667.5816181961394,-10.629477632777956,-34.416378095654,88,Wanaraja,SRI,7,2019
672.3000000000001,283.1965828112284,179.68663825070942,432.8006675358215,170.88,147.32312019899538,0.0,955.4965828112284,751.0037877348169,2.1028915522840435,-28.082742497725633,53,Wanaraja,SRI,7,2020
732.0,214.1378981929571,176.36369075897815,440.46170597310044,176.64,159.9138016149475,0.0,946.1378981929571,777.015507588048,3.334979578600467,-23.36866861411137,44,Wanaraja,SRI,7,2021
759.4,246.28349110495995,189.25540999845862,430.37931099115406,180.48,182.82831458187533,0.0,1005.6834911049599,793.6876255730294,9.953981252347605,-23.656520280425617,31,Wanaraja,SRI,7,2022
301.4,547.4825665941288,210.84106828223466,491.53864142452613,158.39999999999998,38.38712775055927,0.0,848.8825665941288,688.3257691750855,-6.5708168619071,-35.37349254083936,83,Wanaraja,SRI,7,2023
375.80000000000007,461.39100961204264,252.64735789304441,490.4605964516359,165.6,12.068760757639318,0.0,837.1910096120428,668.1293572092752,-2.6448196580959302,-34.86055911927644,65,Wanaraja,SRI,7,2024
221.7,850.3338067523205,320.1421421555335,573.1974386317889,280.0,26.223267201653023,100.0,1072.0338067523205,879.420705833442,11.343686943976765,-5.273812967666673,3,Wanaraja,FL,8,2015
1518.2,372.4887939653465,214.05868110947975,435.3054562087457,280.0,957.6186050871071,100.0,1890.6887939653466,1672.9240612958529,34.276533834579226,4.865334317704297,0,Wanaraja,FL,8,2016
574.4,610.7972551470007,281.44348526742095,460.521755685694,280.0,227.59508370135586,100.0,1185.1972551470008,968.1168393870498,18.096930357047643,-2.2653285580157068,3,Wanaraja,FL,8,2017
361.49999999999994,711.6566723906415,325.16410300427253,498.9293742808849,280.0,94.15292417684688,100.0,1073.1566723906415,873.0822984577318,11.991743720110806,-3.100180791903698,5,Wanaraja,FL,8,2018
233.7,819.3356975363979,306.81141441837235,563.858313952185,280.0,28.343900726797585,100.0,1053.035697536398,872.2022146789825,8.734176547899704,-4.696321461759963,6,Wanaraja,FL,8,2019
845.0999999999999,455.585829220927,252.46957903876563,462.69963655234716,280.0,335.9566479882573,100.0,1300.685829220927,1078.6562845406045,25.037261067452242,4.177645532956751,0,Wanaraja,FL,8,2020
899.8000000000001,431.6399264639888,270.90651847054437,469.04132530641425,280.0,363.85984483797597,100.0,1331.4399264639887,1112.90117014439,29.152898908887313,5.012677945062153,0,Wanaraja,FL,8,2021
991.7000000000002,431.65564055207705,253.33535356827642,455.9476877100939,280.0,467.45446542567197,100.0,1423.3556405520771,1203.4021531357657,29.93994925539189,4.920288860848545,0,Wanaraja,FL,8,2022
288.6,793.1993734653088,272.3816763439851,558.6831487456964,280.0,45.829273806981845,100.0,1081.7993734653087,884.5124225526782,7.846030792177562,-5.466407297410873,11,Wanaraja,FL,8,2023
485.0,636.4361894775257,286.88669829177354,537.300432744606,280.0,85.17059536238132,100.0,1121.4361894775257,902.4710281069873,18.275991554018535,-3.6501407036388827,3,Wanaraja,FL,8,2024
221.7,691.19665053837,320.1421421555335,551.9973640222829,162.72,10.542201070058425,0.0,912.8966505383701,725.2595650923414,-7.025390790720904,-30.271637648157217,81,Wanaraja,SRI,8,2015
1518.2,236.442429344552,214.05868110947975,420.69313463342314,190.56,933.1217646452433,0.0,1754.642429344552,1544.3748992786664,23.498888402184082,-6.84865726058291,8,Wanaraja,SRI,8,2016
574.4,487.10451243217756,281.44348526742095,443.99976431727623,179.52,229.23858168583888,0.0,1061.5045124321775,852.7583460031151,6.206456726539485,-27.722397466663914,44,Wanaraja,SRI,8,2017
361.49999999999994,592.9321532360904,325.16410300427253,480.5757825413367,166.08,114.35191291975454,0.0,954.4321532360902,761.0076954610913,-4.532845993125713,-30.123823541689298,76,Wanaraja,SRI,8,2018
233.7,655.1342905551154,306.81141441837235,542.9937030638935,162.71999999999997,21.04885735436261,0.0,888.8342905551153,726.762560418256,-6.98942668904115,-29.865131554592843,83,Wanaraja,SRI,8,2019
845.0999999999999,349.42809572839565,252.46957903876563,446.5041352833076,182.39999999999998,353.5944157647655,0.0,1194.5280957283956,982.4985510480731,14.463291061974415,-22.526627881542705,27,Wanaraja,SRI,8,2020
899.8000000000001,270.90651847054437,270.90651847054437,452.41840812642727,179.03999999999996,330.70935402451846,0.0,1170.7065184705443,962.1677621509457,8.731467871310748,-18.878471558763664,37,Wanaraja,SRI,8,2021
991.7000000000002,285.1345679453681,253.33535356827642,440.4230590331155,189.12,437.33802149594135,0.0,1276.8345679453682,1066.8810805290568,19.52443579172557,-14.583395004664254,14,Wanaraja,SRI,8,2022
288.6,642.6343414874954,272.3816763439851,537.7672878991445,159.83999999999997,45.829273806981845,0.0,931.2343414874954,743.4365617061263,-9.106563749351462,-34.457099750670736,87,Wanaraja,SRI,8,2023
485.0,487.7942439845934,286.88669829177354,517.8179941008862,175.68,70.33108851316923,0.0,972.7942439845933,763.8290826140554,1.5367361911686266,-26.845079580091735,54,Wanaraja,SRI,8,2024
643.0,729.3480280592378,336.06799595736396,564.5567717520053,280.0,317.24826940469575,100.0,1372.3480280592378,1161.805041156701,19.804085848994724,0.6753390053930168,0,Wanaraja,FL,9,2015
1961.3999999999999,359.68754587056475,218.12591553632433,435.0265894564759,280.0,1389.7592036620545,100.0,2321.0875458705646,2104.7857931185304,38.590218190388654,5.010891739272273,0,Wanaraja,FL,9,2016
738.2999999999998,561.6796330374909,325.2912315183837,462.634613850625,280.0,339.39686056169205,100.0,1299.9796330374907,1082.031474412317,29.781956993944885,5.112477191664313,0,Wanaraja,FL,9,2017
690.1000000000001,613.3029109072695,326.44609285701057,504.7940902189029,280.0,310.6276806108506,100.0,1303.4029109072696,1095.4217708297535,18.40612696436078,-0.2519333405795283,1,Wanaraja,FL,9,2018
532.4,704.0930406294259,330.50902027286776,578.8535702912402,280.0,164.4637047408923,100.0,1236.4930406294259,1023.3172750321326,18.805173405629972,0.5310778653324721,0,Wanaraja,FL,9,2019
1135.2,434.7288841595015,257.0222325063496,464.64011546551234,280.0,612.4197999168072,100.0,1569.9288841595016,1357.0599153823196,35.39553243656096,4.301394106163057,0,Wanaraja,FL,9,2020
1116.3,370.71409118844394,238.9133369469925,472.3644611629969,280.0,524.3609434511732,100.0,1487.014091188444,1276.7254046141702,35.44203314008208,5.699245758548585,0,Wanaraja,FL,9,2021
1254.1000000000001,372.03325679563704,248.1263292650087,464.9974187843318,280.0,663.9432649154543,100.0,1626.1332567956372,1408.940683699786,39.96587444957479,9.159560665714395,0,Wanaraja,FL,9,2022
337.9,744.0111473261765,324.24121557686294,584.5516929933701,280.0,39.65439747685114,100.0,1081.9111473261764,904.2060904702213,13.133653477461687,-5.747657818468319,4,Wanaraja,FL,9,2023
792.5000000000001,551.7833858391934,330.85062127859715,540.2458564199846,280.0,312.60688187791504,100.0,1344.2833858391937,1132.8527382978996,29.639515935154904,-1.693751178146302,2,Wanaraja,FL,9,2024
643.0,590.4674797926384,336.06799595736396,544.3551036514082,176.16,312.4093892386934,0.0,1233.4674797926384,1032.9244928901016,5.926566878409408,-27.78627502294422,51,Wanaraja,SRI,9,2015
1961.3999999999999,244.90650241202047,218.12591553632433,420.96030774240353,192.0,1387.0444419175824,0.0,2206.3065024120206,2000.004749659986,29.061867149240516,-4.880265401421226,3,Wanaraja,SRI,9,2016
738.2999999999998,411.90384607215833,325.2912315183837,447.15308479470207,189.12,305.98260265228237,0.0,1150.2038460721583,942.2556874469844,19.62438940634142,-13.717486337582091,13,Wanaraja,SRI,9,2017
690.1000000000001,470.5994242571468,326.44609285701057,487.2147531834105,177.6,294.5598738915207,0.0,1160.6994242571468,959.3746270749311,5.936267787606337,-21.86295890165112,45,Wanaraja,SRI,9,2018
532.4,566.1051429242825,330.50902027286776,558.2459558521643,174.24,162.84342147482477,0.0,1098.5051429242826,895.3293773269891,2.7740288420081014,-29.83150656238189,58,Wanaraja,SRI,9,2019
1135.2,315.5436590141292,257.0222325063496,449.07639423278897,192.0,605.9564866687483,0.0,1450.7436590141292,1247.0328809015373,25.550520811473483,-4.347608820151863,7,Wanaraja,SRI,9,2020
1116.3,251.00310545425276,238.9133369469925,455.96838426730574,192.0,510.53209329089884,0.0,1367.3031054542528,1158.5004775582047,21.691511659542023,-3.2897685072602956,7,Wanaraja,SRI,9,2021
1254.1000000000001,259.5312080082051,248.1263292650087,449.5186693859448,192.0,664.7686631446898,0.0,1513.6312080082052,1306.2873325306346,30.509544668721663,-1.4048787431963863,1,Wanaraja,SRI,9,2022
337.9,570.9992188725389,324.24121557686294,563.5172149851039,164.16,26.350932789096355,0.0,908.8992188725389,754.0281477742002,-4.756538090076748,-28.425620209070964,77,Wanaraja,SRI,9,2023
792.5000000000001,419.3535339721743,330.85062127859715,521.273866779718,182.39999999999998,306.74901965116237,0.0,1211.8535339721743,1010.4228864308803,12.598066743881073,-29.339297547889327,30,Wanaraja,SRI,9,2024
925.5999999999999,619.7409851614951,345.7252005101377,557.5484041052723,280.0,513.8064613317865,100.0,1545.3409851614952,1351.3548654370588,28.338420269647354,5.578237661283819,0,Wanaraja,FL,10,2015
1980.6,244.71290825171894,144.71290825171894,434.83570917650525,280.0,1295.125424287014,100.0,2225.312908251719,2009.9611334635192,41.39047543489899,5.37845200303938,0,Wanaraja,FL,10,2016
922.7,405.2315795144914,280.3471634763844,466.6697943698406,280.0,387.9777024151017,100.0,1327.9315795144914,1134.6474967849422,28.974269813323307,-4.485096863182738,3,Wanaraja,FL,10,2017
973.2,524.7881588602029,296.4239303845603,505.0692000988162,280.0,501.0222661728467,100.0,1497.988158860203,1286.091466271663,28.594484479660956,4.983877351573659,0,Wanaraja,FL,10,2018
849.0,603.9688870783017,335.35844977317214,571.9659781674177,280.0,402.23721355681624,100.0,1452.9688870783016,1254.2031917242339,29.28467064758873,3.867775187931011,0,Wanaraja,FL,10,2019
1513.4,352.5009547383283,252.50095473832826,452.1698737088635,280.0,921.0722472936111,100.0,1865.9009547383284,1653.2421210024745,39.94595958419431,11.95723868837548,0,Wanaraja,FL,10,2020
1369.6,343.339713937415,180.2252975168566,478.3923027592207,280.0,737.8735694939128,100.0,1712.939713937415,1496.2658722531335,33.34411333374652,5.447495812817208,0,Wanaraja,FL,10,2021
1451.8,278.3730469680013,178.37304696800132,464.6113753047988,280.0,782.458605366348,100.0,1730.1730469680012,1527.0699806711468,40.76122415337805,12.2245552562913,0,Wanaraja,FL,10,2022
654.0999999999999,645.1143661453027,345.48468171664905,592.5967482798019,280.0,221.7784551743922,100.0,1299.2143661453026,1094.375203454194,22.76103294733912,-2.0667748928985157,1,Wanaraja,FL,10,2023
1020.9000000000001,496.1987722490572,250.4526244215803,520.9031395798809,280.0,506.7750910185608,100.0,1517.0987722490572,1307.6782305984416,31.981661704419054,5.605590726204672,0,Wanaraja,FL,10,2024
925.5999999999999,492.7339249465926,345.7252005101377,540.0595126294486,187.2,503.73920431959135,0.0,1418.3339249465926,1230.99871694904,17.526536762680276,-23.1908572924442,22,Wanaraja,SRI,10,2015
1980.6,144.71290825171894,144.71290825171894,420.3167383706882,192.0,1306.8148590519538,0.0,2125.312908251719,1919.131597422642,32.46537654273213,1.9523128835781325,0,Wanaraja,SRI,10,2016
922.7,280.3471634763844,280.3471634763844,451.4463132727876,192.0,369.67216279804154,0.0,1203.0471634763844,1013.1184760708292,23.234449472198822,-2.609853395906203,3,Wanaraja,SRI,10,2017
973.2,371.4531542825672,296.4239303845603,489.0209621829023,187.2,466.53549951112484,0.0,1344.6531542825674,1142.7564616940272,18.44041643870211,-9.332964846829308,23,Wanaraja,SRI,10,2018
849.0,442.1782916563469,335.35844977317214,553.0862392846395,186.24,358.61426047496434,0.0,1291.178291656347,1097.9404997596039,15.802642788059172,-23.410978407906644,25,Wanaraja,SRI,10,2019
1513.4,252.50095473832823,252.50095473832826,437.5537238129539,192.0,933.6883971895206,0.0,1765.9009547383284,1563.2421210024745,31.775411473381986,12.791325434035127,0,Wanaraja,SRI,10,2020
1369.6,214.83417545134597,180.2252975168566,462.67589274913075,192.0,723.0844410179336,0.0,1584.434175451346,1377.7603337670644,23.80448942371869,-5.063421806996815,4,Wanaraja,SRI,10,2021
1451.8,178.3730469680013,178.37304696800132,449.2331264200475,192.0,788.3092244006239,0.0,1630.1730469680012,1429.5423508206713,31.845745668378456,8.099559491945671,0,Wanaraja,SRI,10,2022
654.0999999999999,500.28031575492923,345.48468171664905,572.7888247343542,176.64000000000001,210.1123283294664,0.0,1154.3803157549291,959.5411530638206,5.116530987137485,-28.553696557110346,51,Wanaraja,SRI,10,2023
1020.9000000000001,339.5490301968204,250.4526244215803,504.17086589435195,188.15999999999997,468.6976226518529,0.0,1360.4490301968206,1161.028488546205,19.42608291456516,-24.41300194315128,20,Wanaraja,SRI,10,2024
1525.9,457.5320984824948,330.99218277977735,518.2512495369124,280.0,990.7364879129599,100.0,1983.432098482495,1788.9877374498724,38.061201957627325,6.760084297282569,0,Wanaraja,FL,11,2015
1914.9000000000003,196.99697056019988,82.29697056019987,426.79424184923926,280.0,1192.3401976261766,100.0,2111.8969705602003,1899.134439475416,40.673274295340505,14.968765221836575,0,Wanaraja,FL,11,2016
1062.5,350.49220628981203,218.10116320857117,448.05401839624767,280.0,479.9533286596871,100.0,1412.992206289812,1208.0073470559348,37.20934441589253,-0.959881669158066,1,Wanaraja,FL,11,2017
1426.0,403.9320329850447,288.5320329850447,489.31326305150685,280.0,852.7022921911387,100.0,1829.9320329850448,1622.0155552426454,38.3351826288794,12.678598483208042,0,Wanaraja,FL,11,2018
1250.8,454.5891511698422,321.1274701106999,537.1508832141199,280.0,687.3267591891862,100.0,1705.389151169842,1504.4776424033062,37.83824010484932,6.3473479272594675,0,Wanaraja,FL,11,2019
1669.8999999999999,232.3630904479631,111.60908181025559,424.38684583456944,280.0,978.0579056168202,100.0,1902.263090447963,1682.4447514513895,39.444875143475464,5.469182240660066,0,Wanaraja,FL,11,2020
1374.3,316.98554707002774,216.98554707002774,479.1009331317837,280.0,720.9109288577524,100.0,1691.2855470700276,1480.011861989536,41.0734918443826,9.26392598825696,0,Wanaraja,FL,11,2021
1481.6999999999998,230.40447358121156,114.10447358121152,447.898691923843,280.0,765.1092098641659,100.0,1712.1044735812113,1493.007901788009,41.15370838276674,8.362951153245177,0,Wanaraja,FL,11,2022
859.5000000000002,489.448161557599,324.17997011930413,570.9608612719601,280.0,302.08905076184675,100.0,1348.9481615575992,1153.0499120338068,28.700256304372036,-2.0667748928985157,1,Wanaraja,FL,11,2023
1070.6000000000001,420.48493291315253,307.5550944532136,510.5459435341388,280.0,518.3990386551073,100.0,1491.0849329131527,1308.9449821892463,35.59938289369081,-5.029838459938835,5,Wanaraja,FL,11,2024
1525.9,345.8406141686065,330.99218277977735,502.2001197058946,192.0,992.2582448439302,0.0,1871.7406141686065,1686.4583645498249,29.086467031810766,-5.04843138882914,2,Wanaraja,SRI,11,2015
1914.9000000000003,82.29697056019987,82.29697056019987,412.0766450523158,192.0,1187.854473459754,0.0,1997.1969705602003,1791.9311185120698,30.730880136020975,1.098777447362946,0,Wanaraja,SRI,11,2016
1062.5,230.84556397452005,218.10116320857117,433.6395722729999,191.51999999999998,470.68537276877527,0.0,1293.34556397452,1095.8449450417752,26.369317945632602,-5.144400765948903,6,Wanaraja,SRI,11,2017
1426.0,288.5320329850447,288.5320329850447,473.660727344415,192.0,850.9548278982306,0.0,1714.5320329850447,1516.6155552426458,29.82296510515501,0.07218826752417407,0,Wanaraja,SRI,11,2018
1250.8,331.8282649972845,321.1274701106999,520.1701673807057,192.0,679.5465888500423,0.0,1582.6282649972845,1391.7167562307482,28.106466849200014,-3.6066376132755362,2,Wanaraja,SRI,11,2019
1669.8999999999999,111.60908181025557,111.60908181025559,410.591247953539,192.0,969.0994948601432,0.0,1781.5090818102553,1571.6907428136822,30.072608644986865,-0.7044058967017444,2,Wanaraja,SRI,11,2020
1374.3,216.98554707002774,216.98554707002774,463.1872225557303,192.0,734.8246394338057,0.0,1591.2855470700276,1390.011861989536,31.878213649989274,10.090025730947485,0,Wanaraja,SRI,11,2021
1481.6999999999998,124.67492926096399,114.10447358121152,432.5011591413693,192.0,772.7771983263922,0.0,1606.3749292609639,1397.2783574677615,31.346060882554884,-1.5704556797524658,1,Wanaraja,SRI,11,2022
859.5000000000002,347.68007111341444,324.17997011930413,552.7997801932007,187.2,280.44088774593547,0.0,1207.1800711134147,1020.4406679391361,17.23838882445077,-30.131310747804484,16,Wanaraja,SRI,11,2023
1070.6000000000001,307.55509445321366,307.5550944532136,495.16106420413803,192.0,513.1774282640713,0.0,1378.1550944532137,1200.3384924682093,28.228014134930472,-3.6698623405267115,3,Wanaraja,SRI,11,2024
1960.4,303.6676571058767,191.7475618829586,472.9153645752079,280.0,1298.3723088329202,100.0,2264.0676571058766,2051.2876734081283,39.174456394773955,4.701591977820213,0,Wanaraja,FL,12,2015
1695.9,187.21018741292238,87.2101874129224,444.1229713453233,280.0,941.7362063616442,100.0,1883.1101874129224,1665.8591777069676,40.44289241862244,6.109799248764625,0,Wanaraja,FL,12,2016
1250.1,288.9572328337853,144.7893530676134,449.3650287230542,280.0,597.901012037345,100.0,1539.0572328337853,1327.2660407603992,36.70282781473732,4.447811727701744,0,Wanaraja,FL,12,2017
1609.8,287.5837188301799,168.48371883017992,465.5814369343608,280.0,941.6786940687123,100.0,1897.38371883018,1687.2601310030732,41.19082836588536,11.277557911983306,0,Wanaraja,FL,12,2018
1623.3000000000002,343.65974169494604,231.95974169494602,493.27833363030925,280.0,985.0175566739415,100.0,1966.9597416949462,1758.2958903042509,42.154941858516686,14.375497936150532,0,Wanaraja,FL,12,2019
1585.6,228.16391609059087,128.16391609059087,432.7716848725296,280.0,884.6889738154189,100.0,1813.7639160905908,1597.4606586879486,43.0610949694447,32.3656756467703,0,Wanaraja,FL,12,2020
1566.3000000000002,173.0412777777512,73.04127777775119,465.74412324986054,280.0,774.1232687905383,100.0,1739.3412777777514,1519.867392040399,41.01375208323905,21.19209833985813,0,Wanaraja,FL,12,2021
1408.5,199.80646204119057,99.80646204119054,456.40287769090764,280.0,684.177105352512,100.0,1608.3064620411906,1420.5799830434196,40.55113817801032,7.370893809368676,0,Wanaraja,FL,12,2022
1102.1,396.12031943955304,225.45652189509042,533.6653899746441,280.0,488.78111872058855,100.0,1498.220319439553,1302.4465086952328,32.19770153119926,6.7462662580037644,0,Wanaraja,FL,12,2023
1281.6,183.4641977966503,83.46419779665032,485.5027406826924,280.0,490.9418048226822,100.0,1465.0641977966502,1256.4445455053744,42.07411336898238,7.146682720924035,0,Wanaraja,FL,12,2024
1960.4,191.74756188295862,191.7475618829586,457.37936757136106,192.0,1299.9882106138489,0.0,2152.1475618829586,1949.3675781852098,30.209642696246167,6.368902948336843,0,Wanaraja,SRI,12,2015
1695.9,87.2101874129224,87.2101874129224,429.1503488927006,192.0,953.8785046019816,0.0,1783.1101874129224,1575.0288534946822,31.289076481177982,6.940395295806559,0,Wanaraja,SRI,12,2016
1250.1,168.76406643719858,144.7893530676134,434.0793318146767,192.0,588.4867744781012,0.0,1418.8640664371985,1214.566106292778,27.077652108616878,-2.865689981332761,2,Wanaraja,SRI,12,2017
1609.8,179.5191895584174,168.48371883017992,449.63193602810856,192.0,942.4010568171143,0.0,1789.3191895584173,1584.032992845223,32.07119841171272,-3.535470728237517,1,Wanaraja,SRI,12,2018
1623.3000000000002,231.959741694946,231.95974169494602,477.6193985958113,192.0,986.9764917084393,0.0,1855.2597416949461,1656.5958903042506,32.63532778701699,3.5113840951985473,0,Wanaraja,SRI,12,2019
1585.6,128.16391609059087,128.16391609059087,419.03319554334917,192.0,896.4274631445994,0.0,1713.7639160905908,1507.4606586879486,33.55993230144484,21.48488991124455,0,Wanaraja,SRI,12,2020
1566.3000000000002,73.04127777775119,73.04127777775119,449.9319034236952,192.0,787.9354886167037,0.0,1639.3412777777514,1429.867392040399,32.11597081260367,18.261017333598122,0,Wanaraja,SRI,12,2021
1408.5,99.80646204119056,99.80646204119054,441.9049787277159,192.0,687.4368925551469,0.0,1508.3064620411906,1321.3418712828627,30.99406719908822,4.292285183027,0,Wanaraja,SRI,12,2022
1102.1,246.85264569187137,225.45652189509042,515.977840288387,190.56,454.1129993352872,0.0,1348.9526456918713,1160.6508396236743,24.152885616146033,-13.683366584677099,7,Wanaraja,SRI,12,2023
1281.6,83.4641977966503,83.46419779665032,469.5134000363619,192.0,504.0888485207913,0.0,1365.0641977966502,1165.6022485571532,29.283160758679788,-3.076387608577854,3,Wanaraja,SRI,12,2024
2166.1000000000004,224.14815871385616,124.14815871385616,432.3002149650661,280.0,1461.4675255621337,100.0,2390.2481587138564,2173.7677405271997,43.077935969007406,29.213869518783916,0,Pangatikan,FL,1,2016
1305.9999999999998,222.39640739149843,102.59640739149843,430.6306507629851,280.0,600.2206499975812,100.0,1528.396407391498,1310.8513007605663,36.46766399711172,6.81922307519066,0,Pangatikan,FL,1,2017
976.9,342.81931264576065,199.95715076589522,443.78484805093683,280.0,413.8618200135521,100.0,1319.7193126457605,1137.646668064489,32.00385438087811,-4.6311998522388365,3,Pangatikan,FL,1,2018
1516.6,239.7086887979981,139.7086887979981,437.5604375593401,280.0,818.1206773845188,100.0,1756.308688797998,1535.6811149438588,41.604987597474164,10.216346525959953,0,Pangatikan,FL,1,2019
1908.2,202.15737994349655,102.15737994349655,446.6849692466252,280.0,1167.2985613327337,100.0,2110.3573799434967,1893.983530579359,42.23234818560384,20.000990100803804,0,Pangatikan,FL,1,2020
1525.6999999999998,189.2912608718591,89.29126087185905,409.8059051083503,280.0,815.5531047555518,100.0,1714.991260871859,1505.359009863902,40.482459212137265,9.590353965194677,0,Pangatikan,FL,1,2021
1267.4,251.14525484784633,118.34289456501013,453.3843068170197,280.0,565.1036309690974,100.0,1518.5452548478465,1298.487937786117,38.8466527052576,4.697639717163775,0,Pangatikan,FL,1,2022
1061.8,242.18672342562894,101.64699777873828,442.1476976797203,280.0,368.5617090195301,100.0,1303.986723425629,1090.7094066992504,35.10293739324552,4.79711271727529,0,Pangatikan,FL,1,2023
1201.9,324.5453544535581,210.8453544535581,490.3531323332294,280.0,545.1484133276881,100.0,1526.4453544535581,1315.5015456609176,38.00525840018817,13.87405369020501,0,Pangatikan,FL,1,2024
2166.1000000000004,124.14815871385616,124.14815871385616,417.86394011315895,192.0,1472.4253416155875,0.0,2290.2481587138564,2082.2892817287466,33.26236057288061,13.491877898311543,0,Pangatikan,SRI,1,2016
1305.9999999999998,115.61964422808674,102.59640739149843,415.88698282186954,192.0,605.3577989485614,0.0,1421.6196442280866,1213.244781770431,28.789406837665698,-4.823236836588315,1,Pangatikan,SRI,1,2017
976.9,199.95715076589522,199.95715076589522,428.6826421357909,189.11999999999995,385.22527298913576,0.0,1176.8571507658953,1003.0279151249266,25.70681686566122,-9.869775645251469,9,Pangatikan,SRI,1,2018
1516.6,139.7086887979981,139.7086887979981,422.70423503741176,192.0,830.7959565365682,0.0,1656.308688797998,1445.50019157398,32.680605539189386,11.039947055405893,0,Pangatikan,SRI,1,2019
1908.2,102.15737994349655,102.15737994349655,431.9956119602407,192.0,1179.9879186191185,0.0,2010.3573799434967,1803.9835305793592,33.1182201929789,22.465336733469115,0,Pangatikan,SRI,1,2020
1525.6999999999998,89.29126087185907,89.29126087185905,395.8091874928516,192.0,823.3841300599635,0.0,1614.991260871859,1411.1933175528152,31.97326724670155,11.236984123955125,0,Pangatikan,SRI,1,2021
1267.4,129.5589853896409,118.34289456501013,437.9623219771031,192.0,556.9393463508086,0.0,1396.958985389641,1186.9016683279117,29.232437957564876,-4.31095719797178,4,Pangatikan,SRI,1,2022
1061.8,112.9676938801351,101.64699777873828,427.4028230825022,192.0,347.6365369125348,0.0,1174.767693880135,967.039359995037,24.793978238352945,-3.629074138247123,5,Pangatikan,SRI,1,2023
1201.9,210.8453544535581,210.8453544535581,474.0163003696458,192.0,544.8870771307764,0.0,1412.745354453558,1210.9033775004223,29.78766964813491,2.079967441116689,0,Pangatikan,SRI,1,2024
1938.6999999999998,187.37576652618498,61.31960767508687,429.864773251408,280.0,1238.187060475232,100.0,2126.075766526185,1948.05183372664,39.78353353747709,-4.4398858509840755,3,Pangatikan,FL,2,2015
1871.6,228.24396681606675,128.24396681606677,433.19424052270097,280.0,1195.7696337103362,100.0,2099.8439668160668,1908.9638742330371,42.120709279454715,14.306044582789697,0,Pangatikan,FL,2,2016
984.9000000000001,284.2775111046536,156.26745925045194,426.8426738341508,280.0,374.66611716817397,100.0,1269.1775111046536,1081.5087910023249,34.102565594121806,-4.316745234531524,3,Pangatikan,FL,2,2017
871.5999999999999,334.520345982195,175.57161873069003,443.93071710838353,280.0,289.137436728755,100.0,1206.120345982195,1013.0681538371385,31.05674817990039,-4.283895350754654,7,Pangatikan,FL,2,2018
1335.4,239.57364608532146,139.57364608532146,432.63263036794,280.0,657.9672968330916,100.0,1574.9736460853214,1370.5999272010317,40.794014482337694,10.045856550832832,0,Pangatikan,FL,2,2019
1814.0,228.11192205527124,128.11192205527124,431.62338151114295,280.0,1113.291785009211,100.0,2042.1119220552712,1824.915166520354,41.94441152405647,9.668520403617354,0,Pangatikan,FL,2,2020
1189.8000000000002,233.74111795557653,101.44870525945154,420.4452991764535,280.0,508.97613456647287,100.0,1423.5411179555767,1209.4214337429264,32.93896460130771,-1.9134039046691989,1,Pangatikan,FL,2,2021
1134.1000000000001,302.81944901722403,187.91944901722397,453.56664279308814,280.0,486.1074615576914,100.0,1436.9194490172242,1219.6741043507795,39.941121069665705,13.864283783017317,0,Pangatikan,FL,2,2022
1056.1,328.37030991032464,201.86100847829474,445.6478864640235,280.0,463.8001288367109,100.0,1384.4703099103244,1189.4480153007344,38.321166030220766,7.390698567970084,0,Pangatikan,FL,2,2023
1178.0,262.9165201963138,151.05745985481778,473.0054162599471,280.0,506.9201220620603,100.0,1440.9165201963137,1259.9255383220075,36.17594045941995,-3.3590603414960434,2,Pangatikan,FL,2,2024
1938.6999999999998,61.31960767508687,61.31960767508687,415.53585579831673,189.59999999999997,1236.3847490135522,0.0,2000.0196076750867,1841.520604811869,30.250681421182982,-21.147807136215853,6,Pangatikan,SRI,2,2015
1871.6,128.24396681606677,128.24396681606677,418.5998128827757,192.0,1200.89745225105,0.0,1999.8439668160668,1811.4972651338257,32.93294738789225,11.772653682001236,0,Pangatikan,SRI,2,2016
984.9000000000001,156.26745925045196,156.26745925045194,411.87766614177355,190.07999999999998,373.5601928390916,0.0,1141.167459250452,975.5178589808652,27.60165129761081,-17.056930231796365,5,Pangatikan,SRI,2,2017
871.5999999999999,206.82891927465408,175.57161873069003,428.2982427295815,179.04,288.40249887984305,0.0,1078.428919274654,895.7407416094245,16.45506656885626,-31.657300543964016,31,Pangatikan,SRI,2,2018
1335.4,139.57364608532146,139.57364608532146,418.03562969944096,192.0,663.8882187569857,0.0,1474.9736460853214,1273.9238484564266,32.280280191937265,10.876095594883992,0,Pangatikan,SRI,2,2019
1814.0,128.11192205527124,128.11192205527124,416.9040390109686,192.0,1125.7525480333506,0.0,1942.1119220552712,1734.6565870443192,32.99276870057489,10.496554855066687,0,Pangatikan,SRI,2,2020
1189.8000000000002,101.44870525945154,101.44870525945154,405.4955566741998,191.51999999999998,479.7538831778718,0.0,1291.2487052594518,1076.7694398520716,24.89625069427953,-3.8365479498664397,4,Pangatikan,SRI,2,2021
1134.1000000000001,187.919449017224,187.91944901722397,438.1448262297313,192.0,484.6292781210481,0.0,1322.0194490172241,1114.7741043507795,31.23881403680901,0.6912869142024043,0,Pangatikan,SRI,2,2022
1056.1,214.2434851436709,201.86100847829474,430.04104324808804,192.0,452.5121324155664,0.0,1270.343485143671,1074.5531756636544,28.36883088175147,-2.482476665376151,1,Pangatikan,SRI,2,2023
1178.0,151.05745985481775,151.05745985481778,457.09778170352365,192.0,501.12978236197864,0.0,1329.0574598548178,1150.2275640655023,29.2606574573616,2.11700196261709,0,Pangatikan,SRI,2,2024
1598.3999999999999,245.02098620955547,53.55405208102139,427.7114383524814,280.0,952.3762628492814,100.0,1843.4209862095554,1660.0877012017627,33.268263199418215,-5.2279330487448155,6,Pangatikan,FL,3,2015
1717.6999999999998,150.3309021950077,36.230902195007694,413.9623621058612,280.0,979.0721665277713,100.0,1868.0309021950075,1673.0345286336324,37.65966293652098,1.0897435732032505,0,Pangatikan,FL,3,2016
845.7,271.7871239009637,134.71771623710788,420.7286237409718,280.0,234.43787483209567,100.0,1117.4871239009638,935.1664985730674,30.26068270086947,-3.9340664912180703,1,Pangatikan,FL,3,2017
742.8,290.90068823044953,107.16504291048324,448.3211432593881,280.0,127.07626679127827,100.0,1033.7006882304495,855.3974100506664,25.850089431635475,-4.583204986187468,7,Pangatikan,FL,3,2018
1154.6,258.39933838580737,112.20489097295057,421.55489286076727,280.0,537.914529631338,100.0,1412.9993383858073,1239.4694224921054,33.061730037198735,-3.832743450408705,5,Pangatikan,FL,3,2019
1791.1000000000001,145.38887406848204,45.38887406848202,409.86403405914837,280.0,1024.676107989514,100.0,1936.4888740684821,1714.5401420486623,42.374384837212595,26.601356191428863,0,Pangatikan,FL,3,2020
1081.7,260.5362562084864,143.0362562084864,424.83732647235774,280.0,419.5963934120046,100.0,1342.2362562084863,1124.4337198843623,37.66243108894555,7.599683065777865,0,Pangatikan,FL,3,2021
1083.3000000000002,246.93123907693052,128.4312390769305,438.6790680196659,280.0,401.5043308702949,100.0,1330.2312390769307,1120.1833988899607,40.61666364965876,14.560861217909634,0,Pangatikan,FL,3,2022
1029.7,272.4060898030489,132.66859010226202,429.1723645958675,280.0,372.3163561483256,100.0,1302.106089803049,1081.4887207441932,34.99829990150679,-3.066933961498308,3,Pangatikan,FL,3,2023
970.7,242.23643507797448,120.07053775934044,457.1442309722564,280.0,295.3061791625458,100.0,1212.9364350779745,1032.4504101348023,32.53486888640637,-4.991019924989128,5,Pangatikan,FL,3,2024
1598.3999999999999,119.86233116834754,53.55405208102139,413.36147096698033,179.04,955.0989443641354,0.0,1718.2623311683474,1547.5004153311156,19.74196653167249,-32.48748791075376,33,Pangatikan,SRI,3,2015
1717.6999999999998,36.230902195007694,36.230902195007694,399.8083495889808,192.0,959.665702240784,0.0,1753.9309021950075,1551.4740518297647,30.180795301806185,2.978358649082568,0,Pangatikan,SRI,3,2016
845.7,165.48613452126966,134.71771623710788,406.5982137190345,187.2,236.1173109042681,0.0,1011.1861345212697,829.9155246233026,20.918384986855944,-27.268418284161775,14,Pangatikan,SRI,3,2017
742.8,168.3736290422927,107.16504291048324,433.0939467851622,176.64,150.2775888137823,0.0,911.1736290422926,760.0115355989444,9.098021150978635,-31.030056415207543,40,Pangatikan,SRI,3,2018
1154.6,112.20489097295058,112.20489097295057,407.54970715026235,185.76,518.5178853236848,0.0,1266.8048909729505,1111.827592473947,24.83778046641947,-22.385360845107293,14,Pangatikan,SRI,3,2019
1791.1000000000001,45.38887406848201,45.38887406848202,395.88916851165436,192.0,1036.6509735370082,0.0,1836.4888740684821,1624.5401420486626,33.140996047164826,21.007113274334593,0,Pangatikan,SRI,3,2020
1081.7,143.0362562084864,143.0362562084864,410.22720444841724,192.0,409.1951452770385,0.0,1224.7362562084863,1011.4223497254558,27.633905362534687,-2.3975077221485233,2,Pangatikan,SRI,3,2021
1083.3000000000002,128.43123907693052,128.4312390769305,423.74671901856016,192.0,391.97544562132333,0.0,1211.7312390769307,1007.7221646398834,30.485121751169366,-2.6964283179238384,1,Pangatikan,SRI,3,2022
1029.7,132.66859010226202,132.66859010226202,414.1880504130559,189.12,347.6143754821762,0.0,1162.368590102262,950.9224258952322,25.30609047366362,-11.87258022724497,8,Pangatikan,SRI,3,2023
970.7,120.07053775934044,120.07053775934044,441.9677261309422,190.07999999999998,287.8796276318479,0.0,1090.7705377593404,919.9273537627901,23.728843566342363,-11.723594437346812,9,Pangatikan,SRI,3,2024
1026.6000000000001,320.46613425248063,62.291662156616844,424.5204347872607,280.0,461.9868431836378,100.0,1347.0661342524809,1166.5072779708985,24.914905977605766,-5.094117033895933,10,Pangatikan,FL,4,2015
1204.3,221.6914952126649,78.36255752761237,416.7872626538614,280.0,516.1067423654285,100.0,1425.9914952126649,1212.89400501929,35.170472712930525,-3.4537420025537253,2,Pangatikan,FL,4,2016
665.5,328.2834014705584,172.7785429505251,406.6608027745036,280.0,125.23671622038555,100.0,993.7834014705584,811.8975189948892,28.067114724398255,-4.07623184934959,6,Pangatikan,FL,4,2017
505.6,407.92642639699613,165.53811679594415,426.1437350145107,280.0,33.07787904597095,100.0,913.5264263969962,739.2216140604816,13.629666198897729,-4.076322058567996,5,Pangatikan,FL,4,2018
712.1999999999999,391.0640805858337,161.18876716103853,410.0594926845487,280.0,226.69878844812843,100.0,1103.2640805858337,916.7582811326771,27.81924208116103,-3.74590674060019,8,Pangatikan,FL,4,2019
1474.6,226.35325533175524,112.8532553317552,398.89446843110466,280.0,825.597509587229,100.0,1700.9532553317551,1504.4919780183336,39.324270898040815,15.098142180090491,0,Pangatikan,FL,4,2020
971.3999999999999,237.05474924564163,79.80582522079663,421.765030567591,280.0,322.4661362911727,100.0,1208.4547492456416,1024.2311668587636,29.16273925269513,-4.236193290858333,1,Pangatikan,FL,4,2021
970.4000000000001,200.89758707696967,100.8975870769697,423.9467569836155,280.0,272.06304957412885,100.0,1171.2975870769696,976.0098065577444,36.38730357207163,10.665775606378151,0,Pangatikan,FL,4,2022
973.3,275.41609614166254,150.06692543240337,428.5888822024284,280.0,345.01583616234996,100.0,1248.7160961416625,1053.6047183647784,34.46353870638229,5.553634278069113,0,Pangatikan,FL,4,2023
791.0,263.09068154357243,151.79068154357242,433.7277620479182,280.0,166.52298568762887,100.0,1054.0906815435724,880.2507477355471,31.743772378523257,-1.8508994261307232,1,Pangatikan,FL,4,2024
1026.6000000000001,188.84379074574872,62.291662156616844,410.1280360560811,167.99999999999997,487.1476518734555,0.0,1215.4437907457489,1065.2756879295366,6.418506284646217,-31.843548841623893,55,Pangatikan,SRI,4,2015
1204.3,78.36255752761238,78.36255752761237,403.1675895551147,184.32,496.1867881073887,0.0,1282.6625575276123,1083.6743776625035,22.4968843713658,-22.081806014665897,18,Pangatikan,SRI,4,2016
665.5,172.7785429505251,172.7785429505251,393.5299542634651,166.07999999999998,130.7676240532645,0.0,838.2785429505251,690.3775783167296,6.412801003675161,-28.803633505382724,59,Pangatikan,SRI,4,2017
505.6,278.5807651951052,165.53811679594415,412.40042320237103,172.31999999999996,44.494857985529464,0.0,784.1807651951052,629.2152811879005,-1.34346237284049,-28.927495977423415,65,Pangatikan,SRI,4,2018
712.1999999999999,253.80306360940375,161.18876716103853,396.5659933610702,173.76,217.0423381652652,0.0,966.0030636094036,787.3683315263354,14.698263995664176,-31.30771672830521,41,Pangatikan,SRI,4,2019
1474.6,112.85325533175521,112.8532553317552,386.24487962647333,192.0,807.6023022106381,0.0,1587.4532553317551,1385.8471818371113,31.42301547433834,2.4268734456341505,0,Pangatikan,SRI,4,2020
971.3999999999999,93.4753111180541,79.80582522079663,407.93784821839154,192.0,288.84423255165797,0.0,1064.875311118054,888.7820807700496,18.036707502313238,-4.669485897257444,6,Pangatikan,SRI,4,2021
970.4000000000001,100.8975870769697,100.8975870769697,410.2660505707753,192.0,266.2256622130965,0.0,1071.2975870769699,868.4917127838718,29.373125838092477,11.592455303321827,0,Pangatikan,SRI,4,2022
973.3,160.4096687088976,150.06692543240337,414.9849092938292,192.0,332.5328181922299,0.0,1133.7096687088977,939.5177274860591,26.466921577178034,-2.2978898615598755,4,Pangatikan,SRI,4,2023
791.0,151.79068154357245,151.79068154357242,419.56747920091703,186.23999999999998,163.2142123496193,0.0,942.7906815435724,769.0216915505363,16.711138566317494,-13.890976172643327,21,Pangatikan,SRI,4,2024
626.4,472.94868207787664,58.36609138625738,436.90186747095237,280.0,201.83935522401367,100.0,1099.3486820778767,918.7412226949659,9.931317762264987,-5.260061541808585,12,Pangatikan,FL,5,2015
862.8,251.74825600872106,107.77392673601315,409.72415318857657,280.0,231.39575422092628,100.0,1114.548256008721,921.1199074095028,29.267325555930462,-4.357072611260677,2,Pangatikan,FL,5,2016
504.7,391.00234962002503,165.5653186714788,385.2389332323701,280.0,44.44775025304277,100.0,895.702349620025,709.6866834854128,23.95309416941213,-3.477182006477571,4,Pangatikan,FL,5,2017
320.0,555.7429318693294,233.3111769591171,414.0420248311556,280.0,5.501034940865338,100.0,875.7429318693294,699.5430597720209,15.16263133445926,-5.033305641528793,9,Pangatikan,FL,5,2018
539.0,416.62813570187325,103.54897466528445,411.3210111091594,280.0,79.02908726389262,100.0,955.6281357018732,770.350098373052,12.713366116645675,-5.3037411630777775,10,Pangatikan,FL,5,2019
1223.2,261.7485164154729,113.07608640900943,387.37687891872645,280.0,612.0132193355521,100.0,1484.948516415473,1279.3900982542787,33.08471883680528,-2.9808925754428204,4,Pangatikan,FL,5,2020
804.3000000000001,359.4974630186403,216.24712162585686,414.48150325227795,280.0,256.86853879279397,100.0,1163.7974630186404,951.3500420450719,34.95044818466207,4.427572396348476,0,Pangatikan,FL,5,2021
792.7,279.13449324982287,145.24314920454694,417.3321541515679,280.0,175.35862593191285,100.0,1071.834493249823,872.6907800834808,28.03519015018178,-4.649168884491104,3,Pangatikan,FL,5,2022
774.3000000000001,361.21661839402054,167.5454173252239,412.83985146108193,280.0,263.19003882367167,100.0,1135.5166183940205,956.0298902847536,26.77306133220489,-4.21950952744144,7,Pangatikan,FL,5,2023
584.4000000000001,392.9747873489505,142.4629795104359,423.7320323909063,280.0,91.41394666203942,100.0,977.3747873489506,795.1459790529457,17.99584757157401,-5.146153430156955,9,Pangatikan,FL,5,2024
626.4,338.5156209772404,58.36609138625738,422.04884334181986,163.2,201.83935522401367,0.0,964.9156209772405,787.0881985658334,-7.085199689695725,-32.95508560823204,74,Pangatikan,SRI,5,2015
862.8,107.77392673601315,107.77392673601315,396.4434871605547,185.76,206.7726900913475,0.0,970.5739267360132,788.9761772519022,18.557160342177326,-13.587285373463114,17,Pangatikan,SRI,5,2016
504.7,230.77317065382297,165.5653186714788,373.0166004566251,168.0,34.917315588582674,0.0,735.473170653823,575.9339160452079,-1.9840208612896597,-27.757142652324074,70,Pangatikan,SRI,5,2017
320.0,418.08874706300304,233.3111769591171,401.03531887221476,169.91999999999996,2.542636659454203,0.0,738.088747063003,573.4979555316689,-1.5538189095959858,-31.914288287983588,59,Pangatikan,SRI,5,2018
539.0,262.84760526409457,103.54897466528445,397.7010183387232,163.67999999999998,79.02908726389262,0.0,801.8476052640946,640.4101056026158,-0.5715701442958193,-33.103984714124316,65,Pangatikan,SRI,5,2019
1223.2,113.07608640900943,113.07608640900943,375.0851257791767,186.24,577.1127012270134,0.0,1336.2760864090094,1138.4378270061902,23.711754167962326,-13.811868315053367,16,Pangatikan,SRI,5,2020
804.3000000000001,238.2849393952393,216.24712162585686,401.0103729558465,192.0,243.80892805080362,0.0,1042.5849393952394,836.8193010066501,22.428419360521346,-4.341271024170183,6,Pangatikan,SRI,5,2021
792.7,145.2431492045469,145.24314920454694,404.12609175870784,192.0,142.54412027512868,0.0,937.9431492045469,738.6702120338365,20.263375876197774,-2.0031300130237946,6,Pangatikan,SRI,5,2022
774.3000000000001,199.22860397656288,167.5454173252239,399.93791576256797,181.44,235.0674838241968,0.0,973.528603976563,816.4453995867648,17.365284075530745,-31.683186651338957,24,Pangatikan,SRI,5,2023
584.4000000000001,232.1857423321133,142.4629795104359,410.15280804529493,176.15999999999997,65.04412044845382,0.0,816.5857423321133,651.3569284937487,2.8214457356728526,-33.49298681348399,45,Pangatikan,SRI,5,2024
148.10000000000002,779.2158931437684,278.8706921988003,466.9916601253932,280.0,3.7281792208537325,100.0,927.3158931437684,750.7198393462469,7.614729444685982,-4.648763760219236,12,Pangatikan,FL,6,2015
825.3999999999999,338.7184919975242,163.95250612488618,414.6513296142637,280.0,250.48647216132616,100.0,1164.118491997524,945.1378017755899,22.804159038403295,4.589456075427737,0,Pangatikan,FL,6,2016
333.5,527.4426756058795,255.88724698658774,390.3868610701519,280.0,11.604391192538587,100.0,860.9426756058795,681.9912522626905,14.601828649451434,-4.996293439230921,10,Pangatikan,FL,6,2017
286.3,593.8931607927952,272.8822367839013,412.17360950858676,280.0,4.702565414627394,100.0,880.1931607927952,696.8761749232142,12.726862998257682,-5.397033432121855,10,Pangatikan,FL,6,2018
256.3,640.9978886365932,204.91285903411728,433.5831486719777,280.0,3.335221613000808,100.0,897.2978886365931,716.9183702849786,8.820147236039091,-5.4307442781706685,13,Pangatikan,FL,6,2019
841.6,286.777069237125,133.32916377959305,392.98467405426663,280.0,274.87276071617214,100.0,1128.377069237125,947.8574347704388,27.129117126435887,-5.2175544531560405,12,Pangatikan,FL,6,2020
854.8000000000001,297.7434883899535,186.8434883899535,403.61173241891595,280.0,250.0492653735968,100.0,1152.5434883899536,933.6609977925127,37.80942606870226,12.454092556498338,0,Pangatikan,FL,6,2021
728.2,319.0078888325233,208.74643522175285,410.7004075121441,280.0,136.2353614951223,100.0,1047.2078888325234,826.9357690072665,36.70753609136835,9.132335205268614,0,Pangatikan,FL,6,2022
525.4000000000001,479.9241736087338,209.72657935885417,413.70627800377156,280.0,131.09900763959791,100.0,1005.3241736087339,824.8052856433694,23.24999986664632,-5.822041418342945,12,Pangatikan,FL,6,2023
446.9,522.6384534544884,246.4078401397189,432.6014563305439,280.0,73.30742452974818,100.0,969.5384534544884,785.9088808602921,16.556060523409155,-4.695019314261462,4,Pangatikan,FL,6,2024
148.10000000000002,611.4728454799643,278.8706921988003,451.15892743802397,158.39999999999998,3.7281792208537325,0.0,759.5728454799644,613.2871066588776,-9.966774321649625,-34.279622520713204,83,Pangatikan,SRI,6,2015
825.3999999999999,187.29719878869292,163.95250612488618,400.5817276178459,176.15999999999997,226.14418285651544,0.0,1012.6971987886927,802.8859104743613,6.762555192094099,-21.860180448943293,41,Pangatikan,SRI,6,2016
333.5,394.9217488074871,255.88724698658774,377.7846414965969,165.59999999999997,12.14547427373824,0.0,728.4217488074871,555.5301157703352,-3.9725866398973797,-33.94656357264694,65,Pangatikan,SRI,6,2017
286.3,449.4517506206888,272.8822367839013,398.7534500476544,171.35999999999996,4.702565414627394,0.0,735.7517506206889,574.8160154622818,-1.4490696574115614,-28.59001541113983,67,Pangatikan,SRI,6,2018
256.3,499.3444908637428,204.91285903411728,419.0524883664514,155.51999999999998,3.335221613000808,0.0,755.6444908637428,577.9077099794522,-10.29062749891993,-33.3880730194644,89,Pangatikan,SRI,6,2019
841.6,133.32916377959305,133.32916377959305,379.6940249837119,182.87999999999997,255.80812920370767,0.0,974.9291637795931,818.3821541874195,16.857771642914127,-28.411469283855432,29,Pangatikan,SRI,6,2020
854.8000000000001,186.8434883899535,186.8434883899535,390.2366499338508,192.0,248.857102077643,0.0,1041.6434883899535,831.0937520114937,27.834417496746088,5.148813190506873,0,Pangatikan,SRI,6,2021
728.2,208.74643522175282,208.74643522175285,397.11862021695003,192.0,137.13619602201152,0.0,936.9464352217528,726.2548162389616,26.701707599030886,-1.3099830078568515,2,Pangatikan,SRI,6,2022
525.4000000000001,344.201246721007,209.72657935885417,400.0800215183793,171.83999999999997,125.29733175042067,0.0,869.6012467210071,697.2173532687999,10.187590568760688,-31.56591662945639,48,Pangatikan,SRI,6,2023
446.9,393.2585573078369,246.4078401397189,418.1600019028855,173.76,68.75306519736421,0.0,840.1585573078369,660.6730671002497,1.291084405616702,-31.493724413200372,49,Pangatikan,SRI,6,2024
129.5,841.6350346545328,300.9059429356173,502.84635520749976,280.0,4.339123203151535,100.0,971.1350346545328,787.1854784106513,7.263274874733403,-6.007076075831512,9,Pangatikan,FL,7,2015
1211.6000000000001,393.10349671999893,253.50215054109495,411.7228000811374,280.0,699.3789304764689,100.0,1604.703496719999,1391.1017305576063,35.69313461315411,5.388443747362053,0,Pangatikan,FL,7,2016
479.1,505.5137482039087,230.92944114307645,396.4476306766611,280.0,94.21526870794759,100.0,984.6137482039087,770.6628993846086,21.16524675022971,-0.4687965878563256,2,Pangatikan,FL,7,2017
293.5,610.0445260635462,237.70043338756184,433.51298546309226,280.0,7.369034343657894,100.0,903.5445260635462,720.8820198067501,12.347385999055314,-6.07907383320393,11,Pangatikan,FL,7,2018
186.3,744.5338366204046,299.77655253731365,468.9291964109619,280.0,0.0,100.0,930.8338366204046,748.9291964109618,6.473656663562759,-6.137812401082088,16,Pangatikan,FL,7,2019
887.9999999999999,299.9635135082672,160.2654668431519,405.21950547065626,280.0,277.20467601048756,100.0,1187.9635135082672,962.4241814811438,27.87378202403489,6.565483934162142,0,Pangatikan,FL,7,2020
866.4,325.47003196133784,165.77646440402773,415.860874294136,280.0,288.1829080426394,100.0,1191.8700319613379,984.0437823367754,30.913749499850404,5.8077159180972,0,Pangatikan,FL,7,2021
896.4000000000002,318.92394819510986,188.00836657860992,406.49257603693815,280.0,304.0561058223442,100.0,1215.32394819511,990.5486818592823,32.586728093188626,6.0844183835001076,0,Pangatikan,FL,7,2022
398.6,560.2812340781705,177.86613414875632,452.28250321198215,280.0,37.5246361647896,100.0,958.8812340781706,769.8071393767718,11.883478232672458,-5.5129334393239615,13,Pangatikan,FL,7,2023
463.3,512.2828409856293,233.51682104847015,456.70028084065615,280.0,56.91326543213276,100.0,975.5828409856292,793.613546272789,17.55672672326124,-3.803206788845983,4,Pangatikan,FL,7,2024
129.5,681.8255673127474,300.9059429356173,485.19139731670936,157.44,4.339123203151535,0.0,811.3255673127474,646.9705205198609,-10.986580868322601,-34.31959357750647,87,Pangatikan,SRI,7,2015
1211.6000000000001,278.0073471096049,253.50215054109495,397.31261534920156,192.0,694.1859604839219,0.0,1489.6073471096051,1283.4985758331236,20.96865259013404,-3.835338892630686,8,Pangatikan,SRI,7,2016
479.1,386.9851786448485,230.92944114307645,382.353292094338,172.79999999999998,102.02565845436769,0.0,866.0851786448485,657.1789505487056,2.744794883705939,-28.084974253556915,52,Pangatikan,SRI,7,2017
293.5,449.80979714178636,237.70043338756184,418.549772678006,152.64,7.369034343657894,0.0,743.3097971417864,578.5588070216638,-11.10362476064841,-33.42089865596586,89,Pangatikan,SRI,7,2018
186.3,576.4705021503543,299.77655253731365,452.22342099668936,158.39999999999998,0.0,0.0,762.7705021503543,610.6234209966893,-10.490118363731984,-34.73395510688658,86,Pangatikan,SRI,7,2019
887.9999999999999,190.53840087502113,160.2654668431519,390.6348586219781,180.48,290.6407905721742,0.0,1078.5384008750211,861.7556491941523,10.647722656334407,-28.07293403186922,35,Pangatikan,SRI,7,2020
866.4,199.71309947537821,165.77646440402773,401.9845401697937,192.0,259.47942422597697,0.0,1066.1130994753782,853.4639643957707,24.402480451096068,-3.3476890056757354,4,Pangatikan,SRI,7,2021
896.4000000000002,198.97599098640558,188.00836657860992,392.1705271351449,192.0,296.4301975154332,0.0,1095.3759909864057,880.6007246505781,22.990920857329606,-1.9676244077956446,2,Pangatikan,SRI,7,2022
398.6,413.09418077480063,177.86613414875632,436.3789790768534,162.23999999999995,47.18906727926739,0.0,811.6941807748007,645.8080463561207,-3.1704098079283947,-33.05357515902416,72,Pangatikan,SRI,7,2023
463.3,360.15192717772857,233.51682104847015,440.6782837448177,172.79999999999998,45.90322075672282,0.0,823.4519271777285,659.3815045015405,4.1072028036504955,-28.85331661594607,47,Pangatikan,SRI,7,2024
221.7,819.0730365430236,315.80360749614044,536.142553941308,280.0,27.828302031933625,100.0,1040.7730365430236,843.9708559732417,11.799830769176129,-4.407177986542763,4,Pangatikan,FL,8,2015
1518.2,364.74695639918923,210.78005359736116,409.74583993508224,280.0,972.4351463426019,100.0,1882.9469563991893,1662.180986277684,34.65057545990382,5.48259651211831,0,Pangatikan,FL,8,2016
788.8,531.6474585200749,263.6006714808183,412.72781699797656,280.0,404.2198784593813,100.0,1320.4474585200749,1096.947695457358,22.20294436324374,0.6628580753899946,0,Pangatikan,FL,8,2017
540.1999999999999,572.32523527173,308.03189846380616,442.1297719114642,280.0,182.57499890042808,100.0,1112.5252352717298,904.7047708118923,18.266530495688514,0.7791055705321517,0,Pangatikan,FL,8,2018
343.79999999999995,701.4851874717262,286.2524675914712,502.1017221319433,280.0,82.57340081200698,100.0,1045.2851874717262,864.6751229439502,9.24785398143107,-2.554538383644995,5,Pangatikan,FL,8,2019
1011.5,367.51902614856505,222.87222648867703,419.67327272412024,280.0,454.02161302039093,100.0,1379.019026148565,1153.694885744511,30.289217189691406,5.895502655516891,0,Pangatikan,FL,8,2020
1098.0,345.65113615971063,245.65113615971066,427.7801062029797,280.0,513.8037811463644,100.0,1443.6511361597106,1221.583887349344,37.524215828531176,5.696761172883641,0,Pangatikan,FL,8,2021
1117.8,341.7493629562952,214.1395731336562,414.9195779551517,280.0,541.6533794955194,100.0,1459.5493629562952,1236.572957450671,36.45298992866105,7.890210177360974,0,Pangatikan,FL,8,2022
360.20000000000005,668.0950720471724,243.7817041961648,496.5582256642927,280.0,38.5905302672811,100.0,1028.2950720471724,815.1487559315738,8.943179988632227,-5.401715911200466,10,Pangatikan,FL,8,2023
608.7,528.5569306476433,261.849742893507,484.1953303667733,280.0,150.15964182229527,100.0,1137.2569306476435,914.3549721890686,21.61903456792247,-2.5827711835729117,2,Pangatikan,FL,8,2024
221.7,683.5659790108397,315.80360749614044,516.3093255894678,165.12,32.02374956355616,0.0,905.2659790108396,713.453075153024,-5.044384328877771,-32.74616918002166,74,Pangatikan,SRI,8,2015
1518.2,232.33090881532974,210.78005359736116,395.95636653660915,192.0,949.3115566775609,0.0,1750.53090881533,1537.26792321417,24.246108588186676,-3.679769570486884,6,Pangatikan,SRI,8,2016
788.8,404.4558062538064,263.6006714808183,397.96155485608375,179.04,401.9197079859372,0.0,1193.2558062538064,978.921262842021,9.33024948120182,-23.523470233821865,41,Pangatikan,SRI,8,2017
540.1999999999999,461.0620533888159,308.03189846380616,425.9084837680597,176.64,197.55616892998168,0.0,1001.2620533888158,800.1046526980414,1.8749799918123222,-29.728721769400757,50,Pangatikan,SRI,8,2018
343.79999999999995,553.6908489905554,286.2524675914712,483.51030568455434,167.04,74.86966277101305,0.0,897.4908489905554,725.4199684555674,-5.740844296070702,-29.45590812250831,78,Pangatikan,SRI,8,2019
1011.5,245.07886928832966,222.87222648867703,405.0765728360028,189.6,446.57815604827306,0.0,1256.5788692883298,1041.254728884276,21.590632639643825,-11.38996319983801,9,Pangatikan,SRI,8,2020
1098.0,245.65113615971063,245.65113615971066,412.7027377098783,192.0,526.8811496394659,0.0,1343.6511361597106,1131.5838873493442,31.646385894242663,6.519565517706575,0,Pangatikan,SRI,8,2021
1117.8,227.58589969072455,214.1395731336562,400.8926808302691,192.0,539.5168133548312,0.0,1345.3858996907245,1132.4094941851004,28.88286403849867,-4.24632655706834,4,Pangatikan,SRI,8,2022
360.20000000000005,513.8445390522643,243.7817041961648,477.9987975414181,161.76,38.5905302672811,0.0,874.0445390522643,678.3493278086992,-7.798296683057396,-29.83433604166793,83,Pangatikan,SRI,8,2023
608.7,374.54415904903317,261.849742893507,466.6582771373835,177.6,126.08392345307489,0.0,983.2441590490332,770.3422005904584,5.588229447863253,-26.99283242021473,48,Pangatikan,SRI,8,2024
643.0,708.518014810943,331.04768030635375,529.4120607543475,280.0,328.43820850334055,100.0,1351.518014810943,1137.850269257688,21.313418808664228,-0.2537999668140296,1,Pangatikan,FL,9,2015
1961.3999999999999,358.10055748228905,214.5567981729213,410.57820702412994,280.0,1410.0070495121959,100.0,2319.500557482289,2100.5852565363257,38.88923324227748,5.448253311300057,0,Pangatikan,FL,9,2016
944.2000000000003,508.2952237182885,296.37507766078113,419.11944198939693,280.0,530.4280626518797,100.0,1452.4952237182888,1229.5475046412766,31.95850714414614,4.328251868412487,0,Pangatikan,FL,9,2017
898.1,487.15965804967254,298.27111067253907,450.1761888837466,280.0,437.04540207723056,100.0,1385.2596580496725,1167.2215909609772,21.363660794507112,2.6873940562908167,0,Pangatikan,FL,9,2018
648.6999999999999,621.9698904607078,305.72141643875455,519.7710043747057,280.0,252.48548261736403,100.0,1270.6698904607078,1052.2564869920698,21.29860827384209,0.1698724709953563,0,Pangatikan,FL,9,2019
1271.1999999999998,383.67441056358564,223.30823653211817,425.23508733611504,280.0,731.6435803859055,100.0,1654.8744105635856,1436.8786677220205,36.60362661643321,5.985492520537091,0,Pangatikan,FL,9,2020
1278.5,303.760574405493,185.760574405493,433.9842786122774,280.0,645.4397988106987,100.0,1582.2605744054931,1359.424077422976,38.61498327312905,6.572849339086215,0,Pangatikan,FL,9,2021
1324.5,306.4143980233979,180.71586958473364,425.05941558329476,280.0,708.0556443925109,100.0,1630.914398023398,1413.1150599758057,41.28184734138542,7.401471561335708,0,Pangatikan,FL,9,2022
440.59999999999997,630.3996449707986,293.41720105488884,522.506394853393,280.0,88.81870188007015,100.0,1070.9996449707985,891.3250967334632,16.94355444692587,-3.801653252177897,4,Pangatikan,FL,9,2023
899.5,466.9365138790119,306.76218314499295,492.54223728532827,280.0,376.7751922659557,100.0,1366.436513879012,1149.317429551284,31.611328600808474,-1.5165254124557945,1,Pangatikan,FL,9,2024
643.0,584.9151199748145,331.04768030635375,510.4458806867624,178.56,335.2414937347971,0.0,1227.9151199748144,1024.2473744215595,6.720675756627142,-26.958691078053405,47,Pangatikan,SRI,9,2015
1961.3999999999999,242.98784694618118,214.5567981729213,397.260160766652,192.0,1406.212385233566,0.0,2204.387846946181,1995.472546000218,29.32351754695789,-4.631606785365553,4,Pangatikan,SRI,9,2016
944.2000000000003,368.04675877555326,296.37507766078113,404.9297689142903,190.07999999999998,504.2892707842511,0.0,1312.2467587755536,1099.2990396985415,21.777328299084687,-8.454723332960308,13,Pangatikan,SRI,9,2017
898.1,353.6858587725105,298.27111067253907,434.4052814558352,179.51999999999998,427.1264176037022,0.0,1251.7858587725104,1041.0516990595374,8.543325437844482,-22.468755319723247,38,Pangatikan,SRI,9,2018
648.6999999999999,487.722849691702,305.72141643875455,501.27750202130926,176.16,250.57194420175472,0.0,1136.422849691702,928.009446223064,4.915692667411482,-26.581122324467792,51,Pangatikan,SRI,9,2019
1271.1999999999998,249.9989954944989,223.30823653211817,410.9330138422764,192.0,709.4312276939487,0.0,1521.1989954944988,1312.364241536225,25.889748911445647,-4.4996827703187146,11,Pangatikan,SRI,9,2020
1278.5,197.00312849264213,185.760574405493,418.8798484600746,192.0,651.7867830500506,0.0,1475.5031284926422,1262.6666315101252,30.039399000447112,-3.4425540871491562,2,Pangatikan,SRI,9,2021
1324.5,193.08470962301507,180.71586958473364,410.9042676991369,192.0,706.0495730074857,0.0,1517.584709623015,1308.9538407066225,31.59486372908049,-3.4688400382814777,1,Pangatikan,SRI,9,2022
440.59999999999997,492.3838276702875,293.41720105488884,503.55087490539984,173.76,84.24461654662514,0.0,932.9838276702874,761.555491452025,1.471245327243599,-27.752184703721376,55,Pangatikan,SRI,9,2023
899.5,318.8819606754379,306.76218314499295,475.04994116093394,182.88,353.33293518677596,0.0,1218.3819606754378,1011.2628763477098,16.963795690828057,-24.809900668274743,23,Pangatikan,SRI,9,2024
925.5999999999999,605.3954410366046,340.2517332354091,524.0906767503079,280.0,528.7304567019664,100.0,1530.9954410366045,1332.8211334522744,28.901064226891755,6.27776593594544,0,Pangatikan,FL,10,2015
1980.5,242.37554465324394,142.3755446532439,411.8806136395552,280.0,1311.2301687801507,100.0,2222.875544653244,2003.1107824197059,41.4390645240728,7.04867704351288,0,Pangatikan,FL,10,2016
1089.1999999999998,379.2402534551207,265.0831481969525,430.049922026281,280.0,555.6324153855054,100.0,1468.4402534551205,1265.6823374117864,30.38789736494591,1.7090299544550902,0,Pangatikan,FL,10,2017
1127.2,440.6876834894512,251.72435404485458,457.7397384330817,280.0,617.8137718785742,100.0,1567.8876834894513,1355.5535103116558,31.19218602048851,4.411557550918125,0,Pangatikan,FL,10,2018
924.2,546.1201196260662,317.24341846997015,519.7719764531951,280.0,461.4998423707941,100.0,1470.3201196260661,1261.2718188239892,30.69812324774376,4.204317039252465,0,Pangatikan,FL,10,2019
1621.8000000000002,311.1168850247241,211.11688502472413,417.5348588552692,280.0,1017.8845611884849,100.0,1932.9168850247243,1715.4194200437541,43.05139120241421,9.462573903289828,0,Pangatikan,FL,10,2020
1398.8000000000002,253.7193810918302,138.6193810918302,443.2715933522719,280.0,719.7815320176704,100.0,1652.5193810918304,1443.0531253699423,34.05029885726579,4.713254417796369,0,Pangatikan,FL,10,2021
1346.2,244.45470386425228,144.45470386425228,429.9481760634171,280.0,688.4832141355569,100.0,1590.6547038642523,1398.431390198974,41.355050491277126,8.083517191699958,0,Pangatikan,FL,10,2022
754.6999999999999,580.7260762252365,323.5735367225709,536.2357772008713,280.0,308.2163153856381,100.0,1335.4260762252366,1124.4520925865095,25.960227205867465,-0.4634381864227093,1,Pangatikan,FL,10,2023
1113.5,429.9729789179585,232.46942838032308,483.5921963275383,280.0,565.9239857569662,100.0,1543.4729789179585,1329.5161820845046,32.0903243384505,4.732849099973068,0,Pangatikan,FL,10,2024
925.5999999999999,453.25023549122875,340.2517332354091,507.60360303536663,187.2,492.5319111116398,0.0,1378.8502354912287,1187.3355141470065,17.19265753521308,-25.278442106991406,23,Pangatikan,SRI,10,2015
1980.5,142.3755446532439,142.3755446532439,398.12859023043234,192.0,1322.1540913401623,0.0,2122.875544653244,1912.2826815705946,32.395020233946916,3.515275765489121,0,Pangatikan,SRI,10,2016
1089.1999999999998,265.08314819695244,265.0831481969525,415.8216481258529,192.0,545.4016661032151,0.0,1354.2831481969522,1153.223314229068,25.652673651552817,1.1368904160955982,0,Pangatikan,SRI,10,2017
1127.2,312.1390389467243,251.72435404485458,443.11417443306294,192.0,598.5855854894012,0.0,1439.3390389467245,1233.6997599224642,22.29375918677745,-5.224469873272598,11,Pangatikan,SRI,10,2018
924.2,398.4673180991756,317.24341846997015,502.5069652575394,188.16,432.95205203955913,0.0,1322.6673180991756,1123.6190172970985,17.718946758143595,-23.843262649638714,17,Pangatikan,SRI,10,2019
1621.8000000000002,211.11688502472413,211.11688502472413,403.81123167426665,192.0,1029.6081883694874,0.0,1832.9168850247243,1625.4194200437541,33.239761743206984,10.294627627019631,0,Pangatikan,SRI,10,2020
1398.8000000000002,138.6193810918302,138.6193810918302,428.5782450795227,192.0,714.0479308061964,0.0,1537.4193810918305,1334.626175885719,25.688438043710153,-3.373298497504526,1,Pangatikan,SRI,10,2021
1346.2,144.45470386425228,144.45470386425228,415.5722311467025,192.0,689.0851071816649,0.0,1490.6547038642523,1296.6573383283674,32.45238818480369,8.205935088451183,0,Pangatikan,SRI,10,2022
754.6999999999999,423.2667796914066,323.5735367225709,518.1537308964245,183.83999999999997,274.99906515625497,0.0,1177.9667796914066,976.9927960526795,10.037531424016917,-27.403926060704524,35,Pangatikan,SRI,10,2023
1113.5,277.3443164061475,232.46942838032308,467.87060711347294,188.15999999999997,530.8569124592206,0.0,1390.8443164061475,1186.8875195726935,20.589683894679236,-13.18735690223397,19,Pangatikan,SRI,10,2024
1525.9,450.9054953489512,324.9637930070757,488.66418257421276,280.0,1009.9571401736633,100.0,1976.8054953489514,1778.621322747876,38.418249299738584,7.35829765812449,0,Pangatikan,FL,11,2015
1834.2000000000003,195.49016072108742,80.79016072108742,406.24523152977963,280.0,1122.9877831315193,100.0,2029.6901607210878,1809.233014661299,40.182593573472,15.140425813597403,0,Pangatikan,FL,11,2016
1129.4,309.5414094578117,189.5414094578117,420.78182882265605,280.0,530.747421953552,100.0,1438.941409457812,1231.529250776208,37.15220465975291,3.33486810320602,0,Pangatikan,FL,11,2017
1468.3,362.0424082180239,247.84240821802393,449.93850953451806,280.0,886.9735843705673,100.0,1830.3424082180238,1616.9120939050854,40.028340247433064,13.369431317143647,0,Pangatikan,FL,11,2018
1348.1,410.75835949834095,295.9114373802569,494.5191041334085,280.0,777.4847373834483,100.0,1758.8583594983409,1552.003841516857,38.50822227975956,4.253077881916052,0,Pangatikan,FL,11,2019
1774.5,189.27231724010284,77.33702230838192,398.823747139529,280.0,1061.6561416567026,100.0,1963.772317240103,1740.4798887962315,40.33696230527402,6.4647050682790645,0,Pangatikan,FL,11,2020
1375.8,277.1282113739311,166.72821137393112,448.6588629500235,280.0,708.6517570111414,100.0,1652.928211373931,1437.3106199611648,40.35156782937086,13.277456417168011,0,Pangatikan,FL,11,2021
1344.9,206.35028233721675,90.65028233721674,418.96103508231937,280.0,629.4137873754644,100.0,1551.250282337217,1328.3748224577837,40.89071912366476,11.933141726273615,0,Pangatikan,FL,11,2022
954.9,437.4582360345907,296.71083424069656,524.5040307745339,280.0,386.41760861624635,100.0,1392.3582360345906,1190.9216393907802,32.34111198457783,-1.5767001868175976,1,Pangatikan,FL,11,2023
1150.3999999999999,370.0212525679977,270.0212525679977,478.64946846302337,280.0,575.7727808408081,100.0,1520.4212525679975,1334.4222493038314,36.86244661114582,-2.4532665078215277,2,Pangatikan,FL,11,2024
1525.9,339.21993393962566,324.9637930070757,473.49258892436154,192.0,1010.6074885487052,0.0,1865.1199339396258,1676.100077473067,29.43161077904451,-4.456140932550009,2,Pangatikan,SRI,11,2015
1834.2000000000003,80.7901607210874,80.79016072108742,392.22095692309597,192.0,1119.4792038177798,0.0,1914.9901607210877,1703.7001607408756,30.43611496809565,1.26873842930436,0,Pangatikan,SRI,11,2016
1129.4,202.9391812060889,189.5414094578117,407.05461875866933,191.51999999999998,533.8407299662199,0.0,1332.339181206089,1132.415348724889,26.915746871757282,-4.797771748277205,1,Pangatikan,SRI,11,2017
1468.3,247.84240821802393,247.84240821802393,435.3169094385732,192.0,885.3951844665121,0.0,1716.1424082180238,1512.7120939050853,30.71899669237864,0.8311201159838086,0,Pangatikan,SRI,11,2018
1348.1,295.911437380257,295.9114373802569,478.63618956630586,192.0,776.5207298324669,0.0,1644.011437380257,1447.1569193987727,29.336392387998636,-2.4603194278667915,1,Pangatikan,SRI,11,2019
1774.5,77.33702230838192,77.33702230838192,385.7093329264561,192.0,1060.8352609380545,0.0,1851.8370223083818,1638.5445938645107,31.05866528940595,2.727014875546793,0,Pangatikan,SRI,11,2020
1375.8,166.72821137393106,166.72821137393112,433.58336723904927,192.0,711.3272527221155,0.0,1542.528211373931,1336.9106199611647,30.47216284317889,5.77203909472852,0,Pangatikan,SRI,11,2021
1344.9,90.65028233721675,90.65028233721674,404.4211441662866,192.0,626.2536782914972,0.0,1435.550282337217,1222.6748224577836,30.601057398794982,-2.094909181907312,2,Pangatikan,SRI,11,2022
954.9,319.9132122544531,296.71083424069656,507.72137068539655,190.56,382.5902435375382,0.0,1274.813212254453,1080.8716142229346,23.16950925691701,-16.099194887198315,9,Pangatikan,SRI,11,2023
1150.3999999999999,270.02125256799764,270.0212525679977,463.94445135322496,192.0,570.8353631025207,0.0,1420.4212525679975,1226.7798144557455,29.674396112889397,-4.800399529703432,3,Pangatikan,SRI,11,2024
1960.4,299.2365602916549,188.25417705002482,447.00825318377997,280.0,1317.3150111877821,100.0,2259.636560291655,2044.3232643715621,39.371709646480454,5.080241141777003,0,Pangatikan,FL,12,2015
1583.4999999999998,185.5378851756871,85.53788517568711,423.01208199014707,280.0,846.2308493177557,100.0,1769.0378851756868,1549.2429313079028,40.92993291392669,6.284979336309518,0,Pangatikan,FL,12,2016
1299.4,271.9325529110724,126.7623924830998,426.6727194183492,280.0,652.3521091506875,100.0,1571.3325529110725,1359.0248285690368,36.523352999825306,5.741418554381243,0,Pangatikan,FL,12,2017
1626.3,252.87893184265823,135.17893184265824,435.4135868924021,280.0,944.5816844794474,100.0,1879.1789318426581,1659.9952713718494,42.22309403079539,14.436298811353161,0,Pangatikan,FL,12,2018
1659.6,322.14948965107993,210.7494896510799,460.59071915602135,280.0,1028.0317194319196,100.0,1981.7494896510798,1768.622438587941,41.99468297247671,14.759268474420015,0,Pangatikan,FL,12,2019
1622.6000000000001,198.79785081844364,98.79785081844364,410.34793564920756,280.0,912.099573297746,100.0,1821.3978508184437,1602.4475089469536,43.112259975843415,16.349285846144255,0,Pangatikan,FL,12,2020
1449.6,179.9832610184793,79.98326101847933,441.803494319067,280.0,686.1764253128898,100.0,1629.5832610184793,1407.9799196319568,40.35253680699141,15.394147266474398,0,Pangatikan,FL,12,2021
1188.9,186.51339273218014,86.51339273218011,431.8838991083975,280.0,450.04234327705956,100.0,1375.4133927321802,1161.926242385457,41.0065765615588,10.356955337748234,0,Pangatikan,FL,12,2022
1206.3000000000002,325.1329874046777,187.3054535888778,495.8349041413927,280.0,561.5120793101671,100.0,1531.432987404678,1337.34698345156,34.555931204628024,4.030996469502326,0,Pangatikan,FL,12,2023
1403.9,174.93908949885082,74.93908949885078,460.6727340166118,280.0,628.6067800028022,100.0,1578.8390894988509,1369.279514019414,42.47402447392333,8.220490020277232,0,Pangatikan,FL,12,2024
1960.4,188.2541770500248,188.25417705002482,432.30646125817344,192.0,1319.0344198717585,0.0,2148.654177050025,1943.3408811299319,30.43240438886945,6.743803110670299,0,Pangatikan,SRI,12,2015
1583.4999999999998,85.53788517568711,85.53788517568711,408.70130477826626,192.0,857.7116919040553,0.0,1669.0378851756868,1458.4129966823216,31.12945030982375,7.113840927039127,0,Pangatikan,SRI,12,2016
1299.4,151.66196780310247,126.7623924830998,412.0539051203646,192.0,642.2011167236983,0.0,1451.0619678031026,1246.2550218440629,27.339518530512567,-3.5154506847838087,2,Pangatikan,SRI,12,2017
1626.3,135.17893184265824,135.17893184265824,420.3131137976369,192.0,939.1482152725107,0.0,1761.4789318426583,1551.4613290701477,32.48857829205287,-1.798750107633584,2,Pangatikan,SRI,12,2018
1659.6,210.74948965107993,210.7494896510799,445.77370409201876,192.0,1029.4487344959225,0.0,1870.34948965108,1667.2224385879413,32.56122607613884,4.191354925168332,0,Pangatikan,SRI,12,2019
1622.6000000000001,98.79785081844362,98.79785081844364,397.2586977863467,192.0,923.1888111606067,0.0,1721.3978508184437,1512.4475089469533,33.56129989955141,17.175530540736887,0,Pangatikan,SRI,12,2020
1449.6,79.98326101847931,79.98326101847933,426.7349132244551,192.0,699.2450064075016,0.0,1529.5832610184793,1317.9799196319568,31.032058576500784,10.467509686444076,0,Pangatikan,SRI,12,2021
1188.9,86.51339273218011,86.51339273218011,418.057951532469,192.0,455.02720513904205,0.0,1275.4133927321802,1065.085156671511,30.93786952179492,12.4133355250855,0,Pangatikan,SRI,12,2022
1206.3000000000002,187.30545358887778,187.3054535888778,479.25685620555305,190.07999999999998,531.8592860763074,0.0,1393.605453588878,1201.1961422818604,25.675219924268074,-16.742927663000565,5,Pangatikan,SRI,12,2023
1403.9,74.93908949885079,74.93908949885078,445.4810042408728,192.0,640.9588812177946,0.0,1478.8390894988509,1278.4398854586675,30.303566939138513,-4.241260983569633,3,Pangatikan,SRI,12,2024
2031.0000000000002,222.9398322704298,122.93983227042978,464.8345992367466,280.0,1295.2117999291918,100.0,2253.93983227043,2040.0463991659385,43.05509911579483,31.239336349128273,0,Cibiuk,FL,1,2016
1315.3000000000002,209.874538804314,73.24648515302627,482.3735527816323,280.0,576.2500603666288,100.0,1525.1745388043141,1338.623613148261,32.573636115845844,-4.481920840966549,3,Cibiuk,FL,1,2017
946.2,379.38688303667163,226.01858311943798,495.9631799803352,280.0,369.7676791010227,100.0,1325.5868830366717,1145.730859081358,34.007244361304394,-4.825280714714578,5,Cibiuk,FL,1,2018
1364.9,271.208525397085,157.108525397085,493.69426011200903,280.0,651.7796283796692,100.0,1636.108525397085,1425.4738884916783,40.22852748339496,6.837612039513288,0,Cibiuk,FL,1,2019
1802.8,189.93827810815864,89.93827810815863,498.05821095985294,280.0,1007.7976004352366,100.0,1992.7382781081585,1785.8558113950894,41.767748875008074,17.374916701178904,0,Cibiuk,FL,1,2020
1349.3000000000002,206.758228898144,90.05822889814404,456.1550407575535,280.0,620.9561904267592,100.0,1556.058228898144,1357.1112311843126,39.65193511343212,14.133108070216906,0,Cibiuk,FL,1,2021
1075.9,269.22533540998506,141.58875646263428,513.1850518910676,280.0,336.28639720807854,100.0,1345.1253354099852,1129.4714490991462,38.210473622291104,6.025447276917524,0,Cibiuk,FL,1,2022
1081.8,264.34408396730106,126.34344179795795,498.53334078883614,280.0,352.35807864492347,100.0,1346.144083967301,1130.8914194337594,33.918312888424715,2.921560206054057,0,Cibiuk,FL,1,2023
1077.7999999999997,329.3392940642633,219.19489546507506,561.0218917297229,280.0,374.2904785485837,100.0,1407.1392940642631,1215.3123702783066,33.867121926368846,-1.2443985991882656,1,Cibiuk,FL,1,2024
2031.0000000000002,122.93983227042978,122.93983227042978,449.4713657279468,192.0,1307.7411326592978,0.0,2153.93983227043,1949.2124983872445,33.40197375496489,15.567085390927378,0,Cibiuk,SRI,1,2016
1315.3000000000002,83.25503847170822,73.24648515302627,465.97627275618686,192.0,546.6556107403142,0.0,1398.5550384717085,1204.631883496501,25.617091976123472,-2.708217226750839,4,Cibiuk,SRI,1,2017
946.2,226.018583119438,226.01858311943798,479.2186877386638,187.67999999999995,343.8968616148135,0.0,1172.218583119438,1010.7955493534772,26.077205974114477,-16.978768320690776,11,Cibiuk,SRI,1,2018
1364.9,157.10852539708497,157.108525397085,477.14388730465805,192.0,650.1039795989826,0.0,1522.0085253970851,1319.2478669036407,31.008874248846958,-3.9182059014719943,1,Cibiuk,SRI,1,2019
1802.8,89.93827810815864,89.93827810815863,481.79842122713467,192.0,1021.2178660037202,0.0,1892.7382781081585,1695.016287230855,32.66944650997727,19.84942247641476,0,Cibiuk,SRI,1,2020
1349.3000000000002,90.05822889814404,90.05822889814404,440.70341633154146,192.0,611.2159533986469,0.0,1439.3582288981443,1243.9193697301885,30.345536233147584,-0.8411543649665547,2,Cibiuk,SRI,1,2021
1075.9,163.4625272615885,141.58875646263428,495.6726555515322,192.0,346.0359853992173,0.0,1239.3625272615886,1033.7086409507494,29.182416136490577,-1.6514312420692323,2,Cibiuk,SRI,1,2022
1081.8,138.43945932105777,126.34344179795795,482.11843246371615,192.0,339.534364904452,0.0,1220.2394593210577,1013.6527973681681,23.76002121442158,-5.0960175230998015,8,Cibiuk,SRI,1,2023
1077.7999999999997,219.19489546507504,219.19489546507506,542.673007174408,192.0,376.30506795626485,0.0,1296.9948954650747,1110.9780751306728,28.0313210671005,1.4320681843365817,0,Cibiuk,SRI,1,2024
2036.1,202.07207657677998,66.25347326386117,464.3384534341209,280.0,1319.199036771448,100.0,2238.17207657678,2063.5374902055687,39.14577228204683,-5.002099711846708,4,Cibiuk,FL,2,2015
1761.9,236.37486805262796,136.37486805262796,466.6336824531536,280.0,1060.627393837766,100.0,1998.274868052628,1807.2610762909196,41.98616339573743,7.946105262624133,0,Cibiuk,FL,2,2016
933.2,315.3020608352537,167.2147678628579,488.14913549183046,280.0,304.7860103010245,100.0,1248.5020608352538,1072.935145792855,31.221637939458688,-3.124601673551018,4,Cibiuk,FL,2,2017
873.3,378.6257030491871,165.42423082313897,500.5899496997256,280.0,293.1129751111316,100.0,1251.9257030491872,1073.7029248108572,28.557018587123597,-3.1411608553166976,11,Cibiuk,FL,2,2018
1207.6,285.38179675814035,151.1326533761415,493.7873958447832,280.0,539.4357365144457,100.0,1492.9817967581403,1313.2231323592289,36.4013935663757,-3.313400257298403,3,Cibiuk,FL,2,2019
1594.9,216.65981652592467,116.65981652592467,482.6442872700245,280.0,858.45295970186,100.0,1811.5598165259248,1621.0972469718845,38.27473236483743,6.140004098778161,0,Cibiuk,FL,2,2020
1105.1,294.9665270563421,114.18031422889257,473.54129403665735,280.0,436.9991607517103,100.0,1400.066527056342,1190.5404547883677,32.12364946662899,-5.607318467288369,8,Cibiuk,FL,2,2021
972.3,321.1015107516988,190.1930847270471,517.0972598918936,280.0,318.9509082510705,100.0,1293.4015107516989,1116.0481681429642,32.76215182779559,-3.608426024651674,2,Cibiuk,FL,2,2022
1064.1,312.9540686849108,184.5148000667347,507.34310383240324,280.0,418.38629442322315,100.0,1377.0540686849108,1205.7293982556264,37.108866531662166,-1.0977869875372388,1,Cibiuk,FL,2,2023
1019.4,306.75509942787744,135.39214203525896,543.8417282160317,280.0,326.3171636108305,100.0,1326.1550994278773,1150.1588918268621,31.698429084762267,-5.493106080059654,8,Cibiuk,FL,2,2024
2036.1,66.25347326386118,66.25347326386117,448.8350202113818,187.2,1318.4379858956252,0.0,2102.353473263861,1954.473006107007,29.180477651132936,-29.17973203149053,11,Cibiuk,SRI,2,2015
1761.9,136.37486805262793,136.37486805262796,450.9049117818953,192.0,1066.8622979329698,0.0,1898.274868052628,1709.7672097148652,32.62682727905136,8.771391349132806,0,Cibiuk,SRI,2,2016
933.2,167.2147678628579,167.2147678628579,471.32492181309794,189.11999999999998,294.17055035098764,0.0,1100.4147678628578,954.6154721640855,22.15688199399867,-31.66756103237289,7,Cibiuk,SRI,2,2017
873.3,228.17461203412347,165.42423082313897,483.0434502315737,174.71999999999997,291.36505370462015,0.0,1101.4746120341233,949.1285039361937,13.22908008815296,-32.201820025237964,39,Cibiuk,SRI,2,2018
1207.6,151.1326533761415,151.1326533761415,477.21995911307215,190.55999999999997,525.3732583377703,0.0,1358.7326533761413,1193.1532174508425,28.596926498447864,-9.781149596144001,4,Cibiuk,SRI,2,2019
1594.9,116.65981652592467,116.65981652592467,466.1766501895103,192.0,852.1586627612844,0.0,1711.5598165259248,1510.3353129507948,31.711537612006342,6.97129118690907,0,Cibiuk,SRI,2,2020
1105.1,145.39914858975945,114.18031422889257,456.6430103658544,185.28,406.5522588884494,0.0,1250.4991485897594,1048.4752692543038,21.128099581988664,-32.518834360866876,20,Cibiuk,SRI,2,2021
972.3,190.19308472704714,190.1930847270471,499.59732198621884,192.0,289.1340056980887,0.0,1162.493084727047,980.7313276843075,25.625598759635377,-3.2259937315367537,3,Cibiuk,SRI,2,2022
1064.1,198.8130858273051,184.5148000667347,489.70444000934435,192.0,411.52494884593773,0.0,1262.913085827305,1093.2293888552822,26.286178904606786,-4.398285760570364,2,Cibiuk,SRI,2,2023
1019.4,167.62457237779992,135.39214203525896,525.3983329958728,184.79999999999998,322.7684705697542,0.0,1187.0245723777998,1032.9668035656268,23.60792355753534,-32.232430342540965,16,Cibiuk,SRI,2,2024
1634.1000000000001,270.4737627345187,45.219776605040074,470.7054219935219,280.0,973.4347715251943,100.0,1904.5737627345188,1724.1401935187162,31.925247631844883,-5.470807920161462,8,Cibiuk,FL,3,2015
1628.3000000000002,170.24281932396224,48.32142197436944,451.7674560986668,280.0,880.1941987979678,100.0,1798.5428193239625,1611.9616548966346,36.07574940949225,-1.9213973495927892,1,Cibiuk,FL,3,2016
785.9999999999999,380.45278405781664,172.09379959447853,490.6746112599008,280.0,222.58163477074726,100.0,1166.4527840578166,993.2562460306481,28.703092278915296,-5.630636602338983,8,Cibiuk,FL,3,2017
703.6,394.11974954070035,108.42985030593728,516.9852659816205,280.0,127.49949866748119,100.0,1097.7197495407004,924.4847646491016,23.051967221130475,-2.0506807474770827,14,Cibiuk,FL,3,2018
1008.2,372.22323188355,137.4037858103895,501.9061945642416,280.0,422.03975343435195,100.0,1380.42323188355,1203.9459479985935,30.844450947235035,-4.650333692110976,11,Cibiuk,FL,3,2019
1404.0,147.60962278224963,47.609622782249616,469.18168196155864,280.0,612.8019478833769,100.0,1551.6096227822495,1361.9836298449354,37.01330119453028,10.316487202485899,0,Cibiuk,FL,3,2020
1016.5999999999999,261.03487970649707,133.10013567267507,483.48269409208524,280.0,321.0983476864955,100.0,1277.634879706497,1084.5810417785808,30.27031515705209,-0.9088001643385937,2,Cibiuk,FL,3,2021
927.8999999999999,290.59794377405774,172.99794377405772,497.13386043926994,280.0,238.5877473359311,100.0,1218.4979437740576,1015.721607775201,36.949502306707515,2.14494287512108,0,Cibiuk,FL,3,2022
910.3,353.00805865587006,142.67995310655016,500.95338275433517,280.0,291.320535670416,100.0,1263.30805865587,1072.2739184247512,26.85915363852654,-3.8231865893891412,8,Cibiuk,FL,3,2023
829.2,310.1744910634185,126.22459195381701,535.4370633052813,280.0,150.015913877532,100.0,1139.3744910634186,965.4529771828134,24.48688206479217,-5.584721813437708,9,Cibiuk,FL,3,2024
1634.1000000000001,144.96075985250906,45.219776605040074,454.83669433443004,174.71999999999997,977.7553753136799,0.0,1779.0607598525091,1607.3120696481099,17.32755468665917,-33.34777103657717,39,Cibiuk,SRI,3,2015
1628.3000000000002,48.32142197436944,48.32142197436944,436.1857053830274,192.0,858.1392662388712,0.0,1676.6214219743697,1486.3249716218986,29.056321640603745,-0.14505332415241412,1,Cibiuk,SRI,3,2016
785.9999999999999,235.21227644700792,172.09379959447853,473.77178439755903,176.64,222.12656039794274,0.0,1021.2122764470078,872.5383447955018,14.99271016702942,-32.01223600039921,34,Cibiuk,SRI,3,2017
703.6,272.99415006752645,108.42985030593728,499.24772213717745,169.43999999999997,146.35500233991502,0.0,976.5941500675265,815.0427244770924,4.708072689499957,-33.837578422140595,59,Cibiuk,SRI,3,2018
1008.2,234.4732049317079,137.4037858103895,485.05134009893226,179.04,421.54901448722023,0.0,1242.673204931708,1085.6403545861526,19.286695654043573,-33.621683205850395,31,Cibiuk,SRI,3,2019
1404.0,47.60962278224962,47.609622782249616,453.11971048987084,192.0,620.2029217534678,0.0,1451.6096227822495,1265.3226322433386,29.837072694373827,7.256249433923061,0,Cibiuk,SRI,3,2020
1016.5999999999999,145.7089200048031,133.10013567267507,466.53527125612504,187.67999999999998,310.9018380128026,0.0,1162.308920004803,965.1171092689276,20.192643049734993,-28.20060996624268,16,Cibiuk,SRI,3,2021
927.8999999999999,172.99794377405775,172.99794377405772,480.0112859625904,191.51999999999998,224.44817863422372,0.0,1100.8979437740577,895.9794645968141,24.87428465048868,-7.926455011439315,5,Cibiuk,SRI,3,2022
910.3,203.78368099667023,142.67995310655016,483.33251418242224,179.51999999999998,280.5254092564287,0.0,1114.0836809966702,943.377923438851,16.98761813977538,-33.070215436537914,28,Cibiuk,SRI,3,2023
829.2,190.2186023326196,126.22459195381701,517.1228086415399,176.15999999999997,159.58786757537638,0.0,1019.4186023326197,852.8706762169163,12.552350706326251,-32.90014139206668,38,Cibiuk,SRI,3,2024
1034.9,397.43050962802783,76.58161130314025,479.5797150480091,280.0,496.3630605322053,100.0,1432.3305096280278,1255.9427755802144,23.112098512408362,-4.6970768384728565,10,Cibiuk,FL,4,2015
971.3,258.31254201378147,78.56106141632075,460.8866344758969,280.0,308.996350363598,100.0,1229.6125420137814,1049.8829848394948,31.307562488355313,-5.26478786405486,10,Cibiuk,FL,4,2016
573.9,489.4027533874842,180.18251966334086,491.84951479519543,280.0,122.33602591830046,100.0,1063.3027533874842,894.1855407134959,15.877819651953825,-5.292451947606765,10,Cibiuk,FL,4,2017
424.4,593.6171746072187,173.29551536620832,519.9335304332128,280.0,47.982175841077726,100.0,1018.0171746072186,847.9157062742905,8.682106759962233,-5.4703333699300885,11,Cibiuk,FL,4,2018
595.1,541.4875856655506,173.6718295922118,511.7060660918441,280.0,163.8917016548558,100.0,1136.5875856655507,955.5977677466999,22.766122333375094,-5.625294213987651,12,Cibiuk,FL,4,2019
1013.6,308.5493427924083,119.1566032170007,474.09800558990963,280.0,391.8686442315823,100.0,1322.1493427924083,1145.966649821492,31.137575392871106,-4.4871549980341126,7,Cibiuk,FL,4,2020
813.2,354.25297075642936,153.29818937390598,487.5930556591626,280.0,228.30670877838418,100.0,1167.4529707564293,995.8997644375468,24.93720168822997,-3.676965338081555,6,Cibiuk,FL,4,2021
819.1,270.85345769989937,122.9088989129704,493.0079414469385,280.0,137.9789000811078,100.0,1089.9534576998994,910.9868415280463,31.686191016992442,-5.694004068262968,6,Cibiuk,FL,4,2022
735.3,436.60388167873157,164.97166053211475,520.4875911775645,280.0,203.26405910714715,100.0,1171.9038816787315,1003.7516502847116,20.67573921835277,-2.288581699313887,10,Cibiuk,FL,4,2023
659.6,399.74705379834063,172.29828927663232,523.690659675331,280.0,81.51263829465181,100.0,1059.3470537983408,885.2032979699827,19.662249626586476,-3.6249238894594042,6,Cibiuk,FL,4,2024
1034.9,268.8383299545527,76.58161130314025,462.9768148170635,167.03999999999996,523.1643630392618,0.0,1303.7383299545527,1153.1811778563253,5.457656525695065,-33.27225874615784,60,Cibiuk,SRI,4,2015
971.3,111.12901762810418,78.56106141632075,445.6822269396821,178.56,300.74638751377455,0.0,1082.4290176281042,924.9886144534566,16.069031751353588,-32.567956211783404,29,Cibiuk,SRI,4,2016
573.9,351.8641798454442,180.18251966334086,475.5795474462276,167.51999999999998,119.6081364475834,0.0,925.7641798454442,762.707683893811,2.52817894976551,-32.58377164952439,60,Cibiuk,SRI,4,2017
424.4,434.6365469338208,173.29551536620832,502.7795441460747,162.23999999999998,47.982175841077726,0.0,859.0365469338208,713.0017199871525,-7.157415949832091,-34.093680625138326,74,Cibiuk,SRI,4,2018
595.1,398.2247772294063,173.6718295922118,494.1796446277379,167.03999999999996,167.75990779833018,0.0,993.3247772294063,828.979552426068,6.712016612411228,-33.71030034301589,57,Cibiuk,SRI,4,2019
1013.6,151.4155704682415,119.1566032170007,458.7251493975075,182.39999999999998,363.188003268135,0.0,1165.0155704682415,1004.3131526656425,19.62494887022194,-32.75896725124081,25,Cibiuk,SRI,4,2020
813.2,227.21912377109163,153.29818937390598,471.5148449859076,183.83999999999997,216.0092789659681,0.0,1040.4191237710916,871.3641239518756,10.128089106187529,-32.82130252371443,32,Cibiuk,SRI,4,2021
819.1,122.9088989129704,122.9088989129704,477.10959610251484,184.32,124.0495562885763,0.0,942.0088989129704,785.479152391091,20.440536225274148,-27.114013897020918,18,Cibiuk,SRI,4,2022
735.3,275.20537886573504,164.97166053211475,503.43494617615903,173.27999999999997,192.1119594757214,0.0,1010.505378865735,868.8269056518803,7.0120970194184356,-27.906208878912413,49,Cibiuk,SRI,4,2023
659.6,250.27445056664024,172.29828927663232,506.34400328760205,170.39999999999998,95.37415049372731,0.0,909.8744505666402,772.1181537813293,2.998741227414219,-32.22689392134329,54,Cibiuk,SRI,4,2024
634.6999999999999,569.6966104465814,62.2617152802458,502.75305530070654,280.0,238.70568828079138,100.0,1204.3966104465812,1021.458743581498,9.77061771986164,-5.765088983459224,11,Cibiuk,FL,5,2015
656.6,324.7616338658306,117.0056542198157,461.7449396129385,280.0,64.3093986796897,100.0,981.3616338658306,806.0543382926281,23.28227057343732,-5.463274078405572,11,Cibiuk,FL,5,2016
333.3,635.5774428650541,201.77648190802552,500.2317405887079,280.0,15.831596896503966,100.0,968.877442865054,796.0633374852118,10.697808823223676,-5.1321525944627755,11,Cibiuk,FL,5,2017
209.2,782.8469689298656,245.11135220597052,537.0394154701654,280.0,6.571267509287983,100.0,992.0469689298657,823.6106829794534,7.519999711998669,-4.722307075411203,10,Cibiuk,FL,5,2018
421.19999999999993,696.804760354167,127.61894319486905,543.9043373064517,280.0,115.83463173086668,100.0,1118.004760354167,939.7389690373184,7.104082495556637,-3.7224129916189668,10,Cibiuk,FL,5,2019
761.8000000000001,385.6174384236007,132.5232420687498,479.4648535213653,280.0,205.52242117695346,100.0,1147.4174384236007,964.9872746983187,16.83044175236155,-5.472565198304155,6,Cibiuk,FL,5,2020
625.0999999999999,543.3231215018549,233.98949768542508,497.04000947871333,280.0,212.72225000033677,100.0,1168.423121501855,989.76225947905,23.597925848174757,-5.529121119622683,9,Cibiuk,FL,5,2021
594.3,431.35562439000734,152.9145831425516,498.4063281649312,280.0,80.73366014879308,100.0,1025.6556243900072,859.1399883137243,16.704598608985894,-5.376571089280843,10,Cibiuk,FL,5,2022
530.0,541.8153789704949,171.30642621314743,525.5895705495374,280.0,92.29173134654766,100.0,1071.8153789704947,897.881301896085,14.143273788976098,-6.0057728395530035,12,Cibiuk,FL,5,2023
465.7,597.8124548033094,172.30246504709737,535.0077560947853,280.0,74.43503129157675,100.0,1063.5124548033093,889.442787386362,12.931200022459441,-4.325064218633216,10,Cibiuk,FL,5,2024
634.6999999999999,410.5080643656761,62.2617152802458,485.31936887977565,157.44,238.70568828079138,0.0,1045.208064365676,881.465057160567,-8.871213790143269,-33.78087651398507,83,Cibiuk,SRI,5,2015
656.6,181.048340667494,117.0056542198157,446.7107576000035,173.76,64.41810239461148,0.0,837.648340667494,684.8888599946149,8.921597008910425,-33.070649947880554,49,Cibiuk,SRI,5,2016
333.3,496.7326106036312,201.77648190802552,483.9707152035352,159.83999999999997,15.831596896503966,0.0,830.0326106036312,659.6423121000391,-8.122523607522368,-33.59653816074386,77,Cibiuk,SRI,5,2017
209.2,621.3574169797712,245.11135220597052,519.2971260999548,164.64,6.571267509287983,0.0,830.5574169797712,690.5083936092427,-7.991544191935591,-33.445475730807786,76,Cibiuk,SRI,5,2018
421.19999999999993,542.7052660783362,127.61894319486905,525.1357044134278,158.88,115.83463173086668,0.0,963.9052660783361,799.8503361442945,-9.99280343648321,-31.43903238108167,88,Cibiuk,SRI,5,2019
761.8000000000001,227.77163439364347,132.5232420687498,463.5562452553297,171.83999999999997,188.07429923182778,0.0,989.5716343936435,823.4705444871574,3.6406044892783056,-33.860472658267874,47,Cibiuk,SRI,5,2020
625.0999999999999,383.2357969598476,233.98949768542508,480.9747523806649,176.15999999999997,192.79511414944025,0.0,1008.3357969598476,849.9298665301051,8.020754548092452,-33.732683105460964,49,Cibiuk,SRI,5,2021
594.3,271.3697765607985,152.9145831425516,482.4601339969872,171.35999999999996,44.5218772962801,0.0,865.6697765607985,698.3420112932672,-0.22146379250844517,-32.24833166300874,56,Cibiuk,SRI,5,2022
530.0,396.0568731174397,171.30642621314743,508.43470437655157,163.67999999999998,103.97971991204713,0.0,926.0568731174396,776.0944242885987,-2.411398284931605,-30.846018606369196,70,Cibiuk,SRI,5,2023
465.7,408.51756625490975,172.30246504709737,517.7952444162646,163.67999999999998,53.838896142373464,0.0,874.2175662549098,735.314140558638,-4.05674134966322,-34.24719683471562,73,Cibiuk,SRI,5,2024
116.1,900.568005523867,295.004050339256,549.9012414167371,280.0,10.556270637030158,100.0,1016.668005523867,840.4575120537672,7.039504317182535,-4.051648342064959,10,Cibiuk,FL,6,2015
563.5,470.50996448643383,193.86486800533558,472.56100173538755,280.0,87.5753252365732,100.0,1034.0099644864338,840.1363269719608,14.538876785093253,-2.008518773939077,1,Cibiuk,FL,6,2016
186.39999999999998,809.8603574814288,277.9592122487425,537.0957325714155,280.0,2.1179581895473447,100.0,996.2603574814287,819.2136907609629,6.955820651624664,-4.730223584061515,10,Cibiuk,FL,6,2017
127.20000000000002,895.2931319614133,312.4969393302506,567.5626574004725,280.0,0.0,100.0,1022.4931319614134,847.5626574004725,7.152428100010765,-6.066659182118709,10,Cibiuk,FL,6,2018
97.69999999999999,951.5650407520011,285.32160222011146,594.0201953560379,280.0,0.0,100.0,1049.2650407520011,874.0201953560379,6.795919638444059,-5.33675202102923,12,Cibiuk,FL,6,2019
443.4,583.8040902316491,204.84782940417927,513.2831858469515,280.0,58.51044956132058,100.0,1027.204090231649,851.793635408272,13.124481064833335,-4.228737677795326,11,Cibiuk,FL,6,2020
573.6,552.7395967621355,242.68215448117152,505.36618348021864,280.0,162.87462656883832,100.0,1126.3395967621354,948.240810049057,14.197866259654589,-6.25238255579642,13,Cibiuk,FL,6,2021
455.09999999999997,509.47387947046724,232.47240807617683,511.23321408039857,280.0,0.0,100.0,964.5738794704672,791.2332140803985,14.657471575469094,-5.8196874586073495,9,Cibiuk,FL,6,2022
300.19999999999993,771.4740354073132,245.05924997628802,555.1793695979643,280.0,59.259476617580674,100.0,1071.674035407313,894.438846215545,10.910521532949735,-4.389607298387957,10,Cibiuk,FL,6,2023
327.7,756.1784682963086,287.73739916288775,563.4167822478358,280.0,65.97814452687379,100.0,1083.8784682963085,909.3949267747096,12.054334373507956,-5.618000077738876,8,Cibiuk,FL,6,2024
116.1,726.214530984681,295.004050339256,531.1137366265716,157.92,10.556270637030158,0.0,842.314530984681,699.5900072636017,-10.765695036529687,-32.80426928331572,90,Cibiuk,SRI,6,2015
563.5,308.69953054601353,193.86486800533558,456.3691434976638,170.88,57.092698699677,0.0,872.1995305460135,684.3418421973408,-1.1934699022026394,-26.695824747024858,54,Cibiuk,SRI,6,2016
186.39999999999998,650.3573829858188,277.9592122487425,519.0220604794283,156.48,2.1179581895473447,0.0,836.7573829858188,677.6200186689757,-10.443479856805386,-33.337181913906655,90,Cibiuk,SRI,6,2017
127.20000000000002,717.8571119137576,312.4969393302506,548.1969871581392,158.39999999999998,0.0,0.0,845.0571119137577,706.5969871581392,-9.948716977436426,-35.046479460383075,87,Cibiuk,SRI,6,2018
97.69999999999999,783.6423860655619,285.32160222011146,573.4367166881791,157.43999999999997,0.0,0.0,881.3423860655619,730.876716688179,-10.942713152580179,-34.93087543733676,89,Cibiuk,SRI,6,2019
443.4,436.2304496931656,204.84782940417927,495.72457907029826,160.79999999999995,64.87258565783264,0.0,879.6304496931656,721.3971647281307,-3.8764188551974827,-35.03212696600699,75,Cibiuk,SRI,6,2020
573.6,406.8475806845163,242.68215448117152,488.157987496531,167.03999999999996,176.3873899804131,0.0,980.4475806845163,831.585377476944,0.22152453881941606,-34.4780207566481,62,Cibiuk,SRI,6,2021
455.09999999999997,369.2070099715919,232.47240807617683,493.5199171328505,165.11999999999995,5.9731499590389205,0.0,824.3070099715919,664.6130670918893,0.831743845389259,-29.577168101210056,66,Cibiuk,SRI,6,2022
300.19999999999993,617.5948633779982,245.05924997628802,536.2701806343282,163.68,54.65730481107591,0.0,917.7948633779981,754.6074854454042,-6.166138209302063,-34.22895786146159,75,Cibiuk,SRI,6,2023
327.7,566.4087510843194,287.73739916288775,544.1528465093335,162.72,26.91744802346868,0.0,894.1087510843195,733.7902945328021,-5.331595031988581,-32.263914548661155,80,Cibiuk,SRI,6,2024
96.5,943.6314066167535,310.9055559561206,591.3612208722548,280.0,0.0,100.0,1040.1314066167533,871.3612208722548,6.80341362458062,-5.317506073229103,10,Cibiuk,FL,7,2015
804.6999999999999,474.9815259133768,265.50889500795955,470.8299822703601,280.0,326.18481363519993,100.0,1279.6815259133768,1077.01479590556,25.5358304398328,3.019434653582752,0,Cibiuk,FL,7,2016
353.9,752.2579010253953,282.318164122747,545.5143030204065,280.0,92.11137610619308,100.0,1106.1579010253954,917.6256791265996,13.334431810317382,0.42285493506465865,0,Cibiuk,FL,7,2017
114.60000000000001,954.6489816901394,302.65006015109617,602.2678308578958,280.0,9.252601557110001,100.0,1069.2489816901393,891.5204324150058,6.758770287971584,-5.111963362894914,11,Cibiuk,FL,7,2018
76.4,1013.1422883668153,336.87905458542144,643.4682169822179,280.0,0.0,100.0,1089.5422883668152,923.4682169822179,5.952397234814594,-5.592223869403392,13,Cibiuk,FL,7,2019
461.80000000000007,625.9144635608358,250.51259607688038,547.7354938553856,280.0,82.89872245487214,100.0,1087.7144635608358,910.6342163102577,9.697092545293941,-3.8448085560152685,9,Cibiuk,FL,7,2020
418.5,592.6344017991339,213.37956555879472,532.6730884160811,280.0,14.014020073190833,100.0,1011.1344017991339,826.687108489272,10.276910616665434,-3.6137617166041807,12,Cibiuk,FL,7,2021
548.6,532.2003096216636,217.54588616965447,525.0430320006008,280.0,68.56950389396667,100.0,1080.8003096216635,873.6125358945674,16.483614538884005,-2.7708505021087415,4,Cibiuk,FL,7,2022
165.5,894.6450310182845,284.66690758464625,609.3128627490838,280.0,1.4029051965933732,100.0,1060.1450310182845,890.7157679456772,7.358607366130288,-5.527856382375987,11,Cibiuk,FL,7,2023
316.20000000000005,783.540595339388,277.066123300344,592.9290250038695,280.0,49.020205460412996,100.0,1099.7405953393882,921.9492304642824,11.292066088769921,-5.028545877705802,11,Cibiuk,FL,7,2024
96.5,782.8586525871035,310.9055559561206,570.4459872496926,159.35999999999996,0.0,0.0,879.3586525871035,729.8059872496926,-10.013841612269102,-34.526717200270525,87,Cibiuk,SRI,7,2015
804.6999999999999,363.5592651811599,265.50889500795955,454.18143150667885,183.35999999999999,335.52929204716304,0.0,1168.25926518116,973.0707235538418,10.438034706873443,-28.609908979256616,35,Cibiuk,SRI,7,2016
353.9,617.0016652887996,282.318164122747,525.3376322528572,168.0,92.35234226099094,0.0,970.9016652887996,785.6899745138481,-2.0244104612434835,-29.042437218499316,65,Cibiuk,SRI,7,2017
114.60000000000001,791.7950674656881,302.65006015109617,580.9209415753286,156.48,9.252601557110001,0.0,906.3950674656882,746.6535431324386,-11.115199108637258,-36.31503438688048,90,Cibiuk,SRI,7,2018
76.4,856.0869775176038,336.87905458542144,620.3556724301347,157.92,0.0,0.0,932.4869775176038,778.2756724301347,-10.352119119193974,-35.16090842437704,95,Cibiuk,SRI,7,2019
461.80000000000007,490.9356100367946,250.51259607688038,527.7248218824875,172.32,82.89872245487214,0.0,952.7356100367947,782.9435443373595,-4.434292188001588,-29.5030633613965,70,Cibiuk,SRI,7,2020
418.5,448.5315188509229,213.37956555879472,514.0601631191304,163.2,14.014020073190833,0.0,867.0315188509229,691.2741831923212,-7.681080719090654,-35.513049763726315,78,Cibiuk,SRI,7,2021
548.6,384.8182696981276,217.54588616965447,505.88590848735316,172.32,53.83630895734149,0.0,933.4182696981277,732.0422174446946,1.0487761119052368,-29.464609441823747,58,Cibiuk,SRI,7,2022
165.5,731.4944759779642,284.66690758464625,587.4668589492783,155.99999999999997,1.4029051965933732,0.0,896.9944759779642,744.8697641458716,-9.867816715666146,-32.6703025156213,90,Cibiuk,SRI,7,2023
316.20000000000005,637.7848429428363,277.066123300344,571.6558215331934,164.64,48.57042215755277,0.0,953.9848429428364,784.8662436907462,-4.0218103811575565,-34.81761600939332,74,Cibiuk,SRI,7,2024
185.5,932.8110294926129,336.66288623956524,625.078909632567,280.0,20.698189690981508,100.0,1118.3110294926128,925.7770993235486,10.701496163617318,-4.983140651265572,4,Cibiuk,FL,8,2015
1165.8,461.77031634555584,244.68680339258623,470.0155536010775,280.0,665.4670150764817,100.0,1627.5703163455557,1415.4825686775594,33.43152048586391,4.638179203740523,0,Cibiuk,FL,8,2016
515.6999999999999,708.5270866489234,315.50122294260865,563.6913966216814,280.0,172.17436538352132,100.0,1224.2270866489234,1015.8657620052027,16.790877323547182,-4.39378111978975,3,Cibiuk,FL,8,2017
297.2,850.0495973861833,349.50891787266124,613.599841910401,280.0,61.627082652815474,100.0,1147.2495973861833,955.2269245632165,11.059593597903433,-1.1643355164487303,4,Cibiuk,FL,8,2018
143.2,979.412040663027,346.1329936426668,680.0709710592187,280.0,0.0,100.0,1122.612040663027,960.0709710592187,6.974916930990112,-5.618316929409266,11,Cibiuk,FL,8,2019
610.3,583.7916810667002,297.8065236861326,555.5675693925004,280.0,143.97959981745575,100.0,1194.0916810667002,979.5471692099562,22.311883319989494,3.8644059235710486,0,Cibiuk,FL,8,2020
656.5,576.2350729937652,315.93705284306134,551.8107049002926,280.0,187.99044140782107,100.0,1232.7350729937652,1019.8011463081137,17.03565608562197,-0.26405665260995725,3,Cibiuk,FL,8,2021
779.7,547.0592200130473,291.5617284904515,535.286967005197,280.0,296.864958658393,100.0,1326.7592200130473,1112.15192566359,25.060893772887916,-0.9849488583316282,1,Cibiuk,FL,8,2022
209.29999999999995,912.185658188432,300.3926553820095,655.3274500456861,280.0,14.677911404860975,100.0,1121.485658188432,950.0053614505471,6.591685920766262,-4.7770169475531645,12,Cibiuk,FL,8,2023
433.5,762.5969610863422,320.9503898490876,623.2710523791302,280.0,82.51667836274594,100.0,1196.0969610863422,985.7877307418761,11.796825667354605,-5.875633179364403,5,Cibiuk,FL,8,2024
185.5,787.1274338364226,336.66288623956524,602.0043378224981,165.6,17.45014381076626,0.0,972.6274338364226,785.0544816332643,-5.069902648170968,-31.24327384364613,78,Cibiuk,SRI,8,2015
1165.8,320.092394470327,244.68680339258623,454.31657092740903,190.56,636.4182739701387,0.0,1485.892394470327,1281.2948448975476,20.699691541308084,-10.255469567936569,12,Cibiuk,SRI,8,2016
515.6999999999999,548.6953796047375,315.50122294260865,543.7146352183079,174.72000000000003,146.7562130015846,0.0,1064.3953796047374,865.1908482198925,2.7363797468338613,-27.414148281920255,55,Cibiuk,SRI,8,2017
297.2,702.1569562145263,349.50891787266124,591.3041123966108,162.23999999999998,59.58607787878893,0.0,999.3569562145262,813.1301902753997,-6.130927936898027,-30.371085401463876,83,Cibiuk,SRI,8,2018
143.2,819.2662166751086,346.1329936426668,655.4162028851986,158.39999999999998,0.0,0.0,962.4662166751086,813.8162028851985,-11.25260254603346,-34.403947163600755,94,Cibiuk,SRI,8,2019
610.3,436.72445845828844,297.8065236861326,535.6509329664142,172.32000000000002,134.50901363513006,0.0,1047.0244584582883,842.4799466015443,3.697901034874238,-27.698312046627212,54,Cibiuk,SRI,8,2020
656.5,462.50480882714123,315.93705284306134,531.9143498810837,178.07999999999998,206.07653226040586,0.0,1119.0048088271412,916.0708821414896,3.277756333501176,-28.454846853055923,52,Cibiuk,SRI,8,2021
779.7,387.1296880950901,291.5617284904515,516.6762290787813,180.96,264.58616466685163,0.0,1166.8296880950902,962.2223937456329,9.042226606532378,-28.46084539419516,36,Cibiuk,SRI,8,2022
209.29999999999995,752.7159641310882,300.3926553820095,631.0546506813866,157.92,14.677911404860975,0.0,962.0159641310881,803.6525620862476,-10.620355680438147,-33.90932013432059,97,Cibiuk,SRI,8,2023
433.5,612.8412893750497,320.9503898490876,600.704519385002,167.04,76.68509834356556,0.0,1046.3412893750497,844.4296177285675,-4.468342787440426,-30.935459613818654,75,Cibiuk,SRI,8,2024
581.9,792.9217977300285,355.13729301583936,613.1060716951888,280.0,276.30463794193497,100.0,1374.8217977300285,1169.4107096371238,20.264790489116027,-1.6228141359182944,1,Cibiuk,FL,9,2015
1627.2000000000003,420.5303496527545,260.31644111782265,468.1793377215083,280.0,1086.634434376062,100.0,2047.7303496527547,1834.8137720975703,36.74145880775629,5.0098420419759195,0,Cibiuk,FL,9,2016
665.8,606.3889203718917,350.9371485509454,548.0715299692902,280.0,241.1555304217011,100.0,1272.1889203718915,1069.2270603909913,27.309136297437632,2.8299280380612455,0,Cibiuk,FL,9,2017
569.1,721.3654952028139,351.52331146288645,602.5760305092747,280.0,215.69813700765636,100.0,1290.465495202814,1098.2741675169311,18.295115450093,-2.478316582618455,2,Cibiuk,FL,9,2018
463.4,816.1829798687843,359.9681713723194,677.749530389337,280.0,120.37918603122897,100.0,1279.5829798687842,1078.128716420566,18.04255811036924,-0.3572294071965185,1,Cibiuk,FL,9,2019
908.0,513.9094698335161,285.6944827145424,543.4432080434144,280.0,388.71926361863444,100.0,1421.9094698335161,1212.1624716620488,32.50779961756089,6.0218425156072195,0,Cibiuk,FL,9,2020
928.3,492.9893250121545,283.4839978595743,546.2981160855097,280.0,385.0110400172651,100.0,1421.2893250121544,1211.3091561027748,25.054380255106743,-0.26405665260995725,1,Cibiuk,FL,9,2021
975.0999999999998,474.68968819106584,297.37933439371517,541.5534109047553,280.0,425.7121238015469,100.0,1449.7896881910656,1247.2655347063023,33.47947454758922,5.266898934787304,0,Cibiuk,FL,9,2022
320.9,828.0380053246535,343.79518940582057,675.2316680934354,280.0,26.6870421166604,100.0,1148.9380053246534,981.9187102100958,11.507600778672037,-6.7172654332858475,4,Cibiuk,FL,9,2023
712.3000000000002,645.3207864175672,357.14604277109095,612.2192814977203,280.0,265.8705647694265,100.0,1357.6207864175674,1158.0898462671469,24.001262685025473,-0.2707844493847631,1,Cibiuk,FL,9,2024
581.9,654.6157264492438,355.13729301583936,591.4194333319325,177.12,272.5652050244064,0.0,1236.5157264492436,1041.104638356339,6.295235764360125,-27.233236976731284,49,Cibiuk,SRI,9,2015
1627.2000000000003,295.5843283222788,260.31644111782265,453.030772612143,192.0,1074.8369781549516,0.0,1922.7843283222792,1719.8677507670945,27.12586556274082,-4.360140072449025,5,Cibiuk,SRI,9,2016
665.8,453.7501558181342,350.9371485509454,530.5303472945337,188.64,205.1079031258862,0.0,1119.550155818134,924.2782504204199,16.49399429347975,-17.245392025877308,19,Cibiuk,SRI,9,2017
569.1,561.28008326581,351.52331146288645,582.2134048412017,175.2,188.25120255231113,0.0,1130.38008326581,945.6646073935129,3.6149951590215683,-24.2657031684733,52,Cibiuk,SRI,9,2018
463.4,705.8218097054569,359.9681713723194,654.0414697129328,173.28,150.44607654430587,0.0,1169.221809705457,977.7675462572386,0.7962078127685689,-29.01683971378914,63,Cibiuk,SRI,9,2019
908.0,384.0200739254153,285.6944827145424,525.4973242830081,191.51999999999998,375.2557514709399,0.0,1292.0200739254153,1092.273075753948,21.400533652600082,-5.6952145032860475,9,Cibiuk,SRI,9,2020
928.3,361.90110570818683,283.4839978595743,527.7025006390454,182.88,379.63843615976174,0.0,1290.2011057081868,1090.220936798807,14.05372917360228,-23.405868619002987,28,Cibiuk,SRI,9,2021
975.0999999999998,319.9240260828748,297.37933439371517,523.8331875126232,190.56,387.2700200383893,0.0,1295.0240260828746,1101.6632075510124,23.111958127869705,-14.13148918586299,7,Cibiuk,SRI,9,2022
320.9,652.5828379826604,343.79518940582057,651.4858437258788,162.23999999999998,17.77574017150826,0.0,973.4828379826604,831.501583897387,-6.821632293307195,-29.30721700855196,84,Cibiuk,SRI,9,2023
712.3000000000002,507.462354278554,357.14604277109095,591.219026375079,177.6,260.5729750188785,0.0,1219.762354278554,1029.3920013939576,9.00047376109575,-30.71238967184022,42,Cibiuk,SRI,9,2024
842.7000000000002,656.0594331216121,362.0486025078181,594.4366264371452,280.0,428.01201154161976,100.0,1498.7594331216123,1302.448637978765,28.288979498097568,4.964620622447283,0,Cibiuk,FL,10,2015
1726.2,285.38325750301516,185.38325750301516,465.7772438957593,280.0,1053.4865881472292,100.0,2011.5832575030151,1799.2638320429885,41.26228455482316,21.972188111664785,0,Cibiuk,FL,10,2016
850.5,418.46960850651567,286.8573761969877,526.2900568723046,280.0,268.3443140595302,100.0,1268.9696085065157,1074.6343709318348,32.51621435514058,-5.702030352341379,2,Cibiuk,FL,10,2017
792.3,589.9735741030089,335.3890248188602,577.9721566847412,280.0,323.2075227172968,100.0,1382.2735741030087,1181.179679402038,26.551807106843594,3.8929712543210364,0,Cibiuk,FL,10,2018
771.8000000000001,659.6929477310565,365.1851865453514,644.7022046651675,280.0,318.9701778594581,100.0,1431.4929477310566,1243.6723825246256,27.42785442742837,-0.8217459014236113,1,Cibiuk,FL,10,2019
1217.1,429.8962157499886,301.62003584188625,518.3153232976495,280.0,654.7811948206244,100.0,1646.9962157499886,1453.0965181182737,37.5053726266716,4.482886768923934,0,Cibiuk,FL,10,2020
1076.0,461.23246200968003,243.11498371042202,536.13549674868,280.0,523.3923609355345,100.0,1537.2324620096801,1339.5278576842145,31.877429179352575,5.033282060121317,0,Cibiuk,FL,10,2021
1098.6,346.9238684290408,246.92386842904074,526.0856014940832,280.0,467.2378782737441,100.0,1445.5238684290407,1273.3234797678274,39.20857906050155,5.185639074312546,0,Cibiuk,FL,10,2022
629.7,694.2590179203519,368.431195269199,664.0877976928192,280.0,183.9501173102238,100.0,1323.959017920352,1128.037915003043,20.37784705601264,-0.9759027975119263,1,Cibiuk,FL,10,2023
922.8,547.2683770112827,286.4216192399716,576.7126988940117,280.0,411.56682832877664,100.0,1470.0683770112828,1268.2795272227884,31.24420750587033,3.4075076286713717,0,Cibiuk,FL,10,2024
842.7000000000002,518.1931881082069,362.0486025078181,575.8326577705209,187.2,407.96639756262755,0.0,1360.8931881082071,1170.9990553331486,17.781040678365535,-25.0482920968777,24,Cibiuk,SRI,10,2015
1726.2,185.38325750301516,185.38325750301516,450.4025141638025,192.0,1066.026628613037,0.0,1911.5832575030151,1708.4291427768394,32.495906047180775,17.52168061825512,0,Cibiuk,SRI,10,2016
850.5,286.85737619698773,286.8573761969877,509.7590377453819,189.12,245.89008939973036,0.0,1137.3573761969878,944.7691271451122,21.21764559242133,-11.409480764341128,11,Cibiuk,SRI,10,2017
792.3,437.14075529794127,335.3890248188602,560.1045532487045,190.07999999999998,288.1623073482658,0.0,1229.4407552979412,1038.3468605969704,16.86536393192554,-9.959677529424134,20,Cibiuk,SRI,10,2018
771.8000000000001,522.8565291162513,365.1851865453514,623.8451367373506,183.35999999999999,303.5794048752807,0.0,1294.6565291162515,1110.7845416126313,11.534237221876959,-25.43655684845508,32,Cibiuk,SRI,10,2019
1217.1,301.6200358418862,301.62003584188625,502.4077361431181,192.0,637.0809837527612,0.0,1518.720035841886,1331.4887198958793,27.161167098193793,-3.5298947121303237,4,Cibiuk,SRI,10,2020
1076.0,312.14559189595064,243.11498371042202,519.1205656574729,188.64,487.6818798063804,0.0,1388.1455918959507,1195.4424454638533,21.290966806777952,-14.089097375191686,19,Cibiuk,SRI,10,2021
1098.6,246.92386842904077,246.92386842904074,509.24131750328894,192.0,474.52488263667476,0.0,1345.5238684290407,1175.7662001399635,30.471184028103668,2.421954458585584,0,Cibiuk,SRI,10,2022
629.7,569.591375635357,368.431195269199,642.1744630583003,180.0,191.1958096597479,0.0,1199.291375635357,1013.3702727180482,5.9344865759318015,-26.86948120519443,50,Cibiuk,SRI,10,2023
922.8,380.9488311956271,286.4216192399716,558.6612187864412,186.72,366.27283628501505,0.0,1303.7488311956272,1111.6540550714562,17.264580104070888,-22.98851753332925,24,Cibiuk,SRI,10,2024
1424.7,475.68730246665876,344.26238737826856,541.5675220197711,280.0,885.2161397354294,100.0,1900.3873024666589,1706.7836617552005,38.48353292216745,6.295996701567302,0,Cibiuk,FL,11,2015
1663.2,210.9823546627785,100.58235466277851,458.34439175365145,280.0,938.5160340411192,100.0,1874.1823546627786,1676.8604257947707,39.32523385418794,12.799488461988098,0,Cibiuk,FL,11,2016
869.6999999999999,371.2519235022206,228.73311816156297,489.96288188427263,280.0,269.9355241328228,100.0,1240.9519235022206,1039.8984060170956,36.08854973590923,3.166310234426673,0,Cibiuk,FL,11,2017
1095.7,424.32291167909233,307.3229116790923,539.6850443823857,280.0,500.1688034978719,100.0,1520.0229116790924,1319.8538478802577,35.03216323571456,4.1010293707479075,0,Cibiuk,FL,11,2018
1237.4,513.2968445456888,340.8938681800681,587.8529041106342,280.0,689.5719275010006,100.0,1750.696844545689,1557.4248316116348,36.42270036306446,5.1480951440920375,0,Cibiuk,FL,11,2019
1455.8,271.6534595031907,158.3046233317912,466.4455350233766,280.0,769.286565427311,100.0,1727.4534595031905,1515.7321004506875,37.84308547417351,5.851163828600563,0,Cibiuk,FL,11,2020
1127.3000000000002,361.980425901065,261.98042590106496,527.3687979549584,280.0,493.31482322974495,100.0,1489.2804259010652,1300.6836211847033,36.68390346829648,7.144658850030963,0,Cibiuk,FL,11,2021
1245.6999999999998,262.12282134464766,144.52282134464767,492.835181245764,280.0,521.962588997304,100.0,1507.8228213446475,1294.797770243068,37.89821035239736,7.616658940751394,0,Cibiuk,FL,11,2022
866.2,524.6565561509381,346.7371245606606,621.6506175088068,280.0,300.0469151651515,100.0,1390.856556150938,1201.6975326739584,29.001727854427845,1.0023401765882953,0,Cibiuk,FL,11,2023
999.5,425.3197471542815,314.4197471542814,553.7088212585834,280.0,404.2290775256057,100.0,1424.8197471542815,1237.9378987841892,36.831115592550375,-0.39975499942039505,1,Cibiuk,FL,11,2024
1424.7,369.8786673954078,344.26238737826856,525.0531710703957,192.0,893.0847187163218,0.0,1794.5786673954078,1610.1378897867176,30.026597264948197,-3.356146063552918,2,Cibiuk,SRI,11,2015
1663.2,100.5823546627785,100.58235466277851,442.5557156769012,192.0,929.4177183946499,0.0,1763.7823546627785,1563.973434071551,30.634087709844295,5.1878280895497015,0,Cibiuk,SRI,11,2016
869.6999999999999,243.70234198949018,228.73311816156297,474.5613948256314,191.03999999999996,255.05638860237764,0.0,1113.4023419894902,920.657783428009,25.5619198940774,-8.865968984654694,8,Cibiuk,SRI,11,2017
1095.7,307.32291167909233,307.3229116790923,522.9202195625284,192.0,497.93362831772913,0.0,1403.0229116790924,1212.8538478802575,27.335724702200658,-2.1440629664877076,1,Cibiuk,SRI,11,2018
1237.4,381.12810133309586,340.8938681800681,569.8487752153072,192.0,673.4073131837347,0.0,1618.528101333096,1435.2560883990418,26.83330613232811,-4.593596481510593,5,Cibiuk,SRI,11,2019
1455.8,158.30462333179122,158.3046233317912,451.8796314305087,192.0,768.5036328487795,0.0,1614.1046233317911,1412.3832642792881,29.86242477125587,6.242251905096002,0,Cibiuk,SRI,11,2020
1127.3000000000002,261.980425901065,261.98042590106496,510.2862608909711,192.0,493.5164424221407,0.0,1389.2804259010652,1195.8027033131118,29.729871546105674,6.50190064593638,0,Cibiuk,SRI,11,2021
1245.6999999999998,156.7890351048332,144.52282134464767,476.1263182278502,192.0,531.3376657754034,0.0,1402.489035104833,1199.4639840032537,28.81991721463006,-3.2662137601855528,1,Cibiuk,SRI,11,2022
866.2,400.5489837680744,346.7371245606606,602.2779877730233,190.07999999999998,294.3887304532159,0.0,1266.7489837680744,1086.7467182262392,18.11234288893932,-26.216890389726153,22,Cibiuk,SRI,11,2023
999.5,314.4197471542815,314.4197471542814,537.3359231076988,192.0,397.63575794443443,0.0,1313.9197471542816,1126.9716810521331,29.203023936329974,4.357916523482578,0,Cibiuk,SRI,11,2024
1910.5,299.3109848314027,199.31098483140275,486.9381466909326,280.0,1234.0077109201648,100.0,2209.8109848314025,2000.9458576110974,39.76329709995683,8.165743716145542,0,Cibiuk,FL,12,2015
1589.1,173.6961200187149,73.69612001871491,473.22947273931004,280.0,796.7753929922617,100.0,1762.7961200187149,1550.0048657315717,42.25788029825954,15.862070164646937,0,Cibiuk,FL,12,2016
1073.9,307.2879845366519,150.76508519859706,478.7502179998627,280.0,407.2874593017082,100.0,1381.187984536652,1166.037677301571,35.12177225159377,4.755941763333593,0,Cibiuk,FL,12,2017
1281.1999999999998,296.3446446681884,177.94464466818837,500.97196867729053,280.0,591.1426100801143,100.0,1577.544644668188,1372.1145787574048,40.100142216440815,9.729657297762193,0,Cibiuk,FL,12,2018
1574.6,361.4405212203722,261.4405212203722,528.9248680494331,280.0,925.0930852528267,100.0,1936.040521220372,1734.0179533022597,40.102204373777404,8.274560295543484,0,Cibiuk,FL,12,2019
1408.7,260.58406906206477,144.2840690620648,457.6295997677777,280.0,721.3194876420984,100.0,1669.2840690620649,1458.949087409876,41.40859534700453,14.728875583001374,0,Cibiuk,FL,12,2020
1277.1,199.76546358949412,99.76546358949412,498.7840137004782,280.0,481.4870892256289,100.0,1476.865463589494,1260.2711029261072,38.744269420802155,14.98549733593315,0,Cibiuk,FL,12,2021
1191.8,231.20539321902498,131.20539321902498,490.6650428955912,280.0,451.5689051701618,100.0,1423.0053932190249,1222.233948065753,40.47065321251956,19.53524526445313,0,Cibiuk,FL,12,2022
1076.9,372.34558663811475,220.60211533568076,573.2754544626196,280.0,413.96977338851514,100.0,1449.245586638115,1267.2452278511346,35.14716962967071,5.338640625589561,0,Cibiuk,FL,12,2023
1235.8,204.7999730718596,94.39997307185959,515.7184059757195,280.0,445.6137027087336,100.0,1440.5999730718595,1241.332108684453,42.503198221972355,15.04073206992097,0,Cibiuk,FL,12,2024
1910.5,199.31098483140275,199.31098483140275,471.31096879094065,192.0,1247.201559463651,0.0,2109.810984831403,1910.5125282545916,31.19522949597013,9.837370015985686,0,Cibiuk,SRI,12,2015
1589.1,73.69612001871491,73.69612001871491,457.18143798013864,192.0,809.9891008653677,0.0,1662.7961200187149,1459.1705388455064,31.42166216826114,13.476800253232023,0,Cibiuk,SRI,12,2016
1073.9,176.68738465962593,150.76508519859706,462.51225580258097,192.0,390.084769241303,0.0,1250.587384659626,1044.597025043884,25.617131802853624,-3.5258831559070427,3,Cibiuk,SRI,12,2017
1281.1999999999998,189.58988686027706,177.94464466818837,484.1234664226894,192.0,594.4683053622431,0.0,1470.789886860277,1270.5917717849325,30.587683494033005,-3.245242192088677,1,Cibiuk,SRI,12,2018
1574.6,261.4405212203722,261.4405212203722,512.621150515702,192.0,939.3968027865578,0.0,1836.040521220372,1644.0179533022597,31.924364066906676,9.11540623321137,0,Cibiuk,SRI,12,2019
1408.7,144.28406906206476,144.2840690620648,443.2182953192721,192.0,715.7566545395123,0.0,1552.984069062065,1350.9749498587844,31.977263330528466,-0.7387370465332932,1,Cibiuk,SRI,12,2020
1277.1,99.76546358949412,99.76546358949412,481.7217794779201,192.0,496.5493234481869,0.0,1376.865463589494,1170.271102926107,30.26263779321067,6.733971253227293,0,Cibiuk,SRI,12,2021
1191.8,131.20539321902498,131.20539321902498,475.12406086383567,192.0,456.6835129309038,0.0,1323.0053932190249,1123.8075737947395,30.11211039025357,11.354731141534408,0,Cibiuk,SRI,12,2022
1076.9,242.56502310098224,220.60211533568076,554.80201891877,190.56,394.8697911950703,0.0,1319.4650231009823,1140.2318101138403,26.68730038725006,-11.694233155523152,7,Cibiuk,SRI,12,2023
1235.8,94.3999730718596,94.39997307185959,498.6436396648131,192.0,447.7898825259843,0.0,1330.1999730718596,1138.4335221907975,30.641001525270255,5.4700317523969995,0,Cibiuk,SRI,12,2024
2166.1000000000004,225.8268189381124,125.8268189381124,451.40254726614245,280.0,1446.0128668676011,100.0,2391.926818938113,2177.4154141337435,42.95778925406246,28.39841082327993,0,Sucinaraja,FL,1,2016
1305.9999999999998,223.82579222560747,104.02579222560747,451.9196899551025,280.0,582.1708236511935,100.0,1529.8257922256073,1314.090513606296,35.80087207263512,6.195565731135304,0,Sucinaraja,FL,1,2017
976.9,346.63093226164534,202.43375062608087,466.5676182739632,280.0,400.7209104767259,100.0,1323.5309322616454,1147.2885287506892,31.111916480019175,-4.328071437181693,6,Sucinaraja,FL,1,2018
1516.6,241.9463460538741,141.94634605387407,459.7453038194841,280.0,800.1851212545079,100.0,1758.546346053874,1539.930425073992,41.3841435505419,10.107499992857393,0,Sucinaraja,FL,1,2019
1908.2,204.4559699538982,104.4559699538982,469.2750663481993,280.0,1149.1384523099553,100.0,2112.6559699538984,1898.4135186581545,42.13386533361408,19.71645080545065,0,Sucinaraja,FL,1,2020
1525.6999999999998,190.67289060999042,90.67289060999042,430.54597709682525,280.0,800.1196324887974,100.0,1716.3728906099902,1510.6656095856226,40.18441988041161,9.382249279813523,0,Sucinaraja,FL,1,2021
1267.4,253.7861862833936,120.36269654555556,476.7997408405605,280.0,546.2088274649353,100.0,1521.1861862833937,1303.0085683054958,38.49965307932076,4.07651026216196,0,Sucinaraja,FL,1,2022
1061.8,242.65319002463406,103.46249733717494,465.0114055360145,280.0,349.1424630358481,100.0,1304.453190024634,1094.1538685718626,34.369547403129566,5.113147641506716,0,Sucinaraja,FL,1,2023
1201.9,328.00024784379644,214.30024784379643,516.0187673689284,280.0,526.2756930045343,100.0,1529.9002478437965,1322.2944603734627,37.087254558439405,12.651737995850695,0,Sucinaraja,FL,1,2024
2166.1000000000004,125.82681893811238,125.8268189381124,436.33531807926136,192.0,1457.4190851713659,0.0,2291.926818938113,2085.754403250627,33.18029345788421,12.728788109858284,0,Sucinaraja,SRI,1,2016
1305.9999999999998,117.2393842008201,104.02579222560747,436.4260767907158,192.0,588.2465288238733,0.0,1423.2393842008198,1216.672605614589,28.287801772190505,-5.013591975212628,1,Sucinaraja,SRI,1,2017
976.9,202.43375062608084,202.43375062608087,450.69051877136826,188.64,372.2416753026736,0.0,1179.333750626081,1011.5721940740418,24.711868328868544,-13.742246717488953,11,Sucinaraja,SRI,1,2018
1516.6,141.94634605387407,141.94634605387407,444.1372187574724,192.0,813.4556184328741,0.0,1658.546346053874,1449.5928371903465,32.54868091557355,10.932178210749896,0,Sucinaraja,SRI,1,2019
1908.2,104.45596995389819,104.4559699538982,453.8557678417506,192.0,1162.5577508164042,0.0,2012.6559699538982,1808.4135186581548,33.02094873476755,22.183614658862034,0,Sucinaraja,SRI,1,2020
1525.6999999999998,90.67289060999042,90.67289060999042,415.83935130256805,192.0,807.4187859276908,0.0,1616.3728906099902,1415.2581372302589,31.764283212688582,11.030939881003487,0,Sucinaraja,SRI,1,2021
1267.4,131.73338885186928,120.36269654555556,460.5821143508789,192.0,538.3736565230924,0.0,1399.1333888518693,1190.9557708739712,28.92959678193792,-4.998819630923994,4,Sucinaraja,SRI,1,2022
1061.8,124.15323858799697,103.46249733717494,449.5099770245049,192.0,339.5067843328952,0.0,1185.953238587997,981.0167613574001,25.879703756678552,-1.8180897276773798,2,Sucinaraja,SRI,1,2023
1201.9,214.30024784379643,214.30024784379643,498.8505864594066,192.0,526.128566864521,0.0,1416.2002478437964,1216.9791533239277,29.26511481715434,1.921726262938348,0,Sucinaraja,SRI,1,2024
1938.6999999999998,191.1775999898993,62.52140152369924,449.77143555945565,280.0,1224.2181394015101,100.0,2129.877599989899,1953.989574960966,39.624994609828,-5.204612983129404,3,Sucinaraja,FL,2,2015
1871.6,230.10162814707485,130.10162814707482,453.01909321368834,280.0,1181.1212961641193,100.0,2101.7016281470746,1914.1403893778077,41.8961555849905,12.836991649879296,0,Sucinaraja,FL,2,2016
984.9000000000001,279.5406670280252,158.20646746284072,449.38737404245603,280.0,358.8935715311972,100.0,1264.4406670280252,1088.2809455736533,33.44501645106568,-4.83363800943729,3,Sucinaraja,FL,2,2017
871.5999999999999,346.49388073358864,177.79834528754822,467.6797062648727,280.0,280.6108621317099,100.0,1218.0938807335885,1028.2905683965826,29.418733420599306,-4.085634737867876,9,Sucinaraja,FL,2,2018
1335.4,241.8469183518073,141.8469183518073,455.3664177122862,280.0,641.2585975881686,100.0,1577.2469183518074,1376.6250153004548,40.55754270508015,9.907626245152173,0,Sucinaraja,FL,2,2019
1814.0,230.34036843287697,130.34036843287697,453.8272815865481,280.0,1095.4830530475363,100.0,2044.3403684328769,1829.3103346340845,41.77535662499049,9.542919101775926,0,Sucinaraja,FL,2,2020
1189.8000000000002,239.7883233137008,102.94075479123984,442.79001120566744,280.0,496.355285719775,100.0,1429.588323313701,1219.1452969254424,32.417456229882546,-4.267089928433951,2,Sucinaraja,FL,2,2021
1134.1000000000001,305.89839150053245,190.99839150053236,477.7354049840078,280.0,468.6839116212103,100.0,1439.9983915005325,1226.4193166052182,39.51127375583179,10.92405550185925,0,Sucinaraja,FL,2,2022
1056.1,331.77128753374603,204.68252897555413,469.3963526870409,280.0,447.8608174703763,100.0,1387.871287533746,1197.2571701574172,37.94582821162835,6.811241441808099,0,Sucinaraja,FL,2,2023
1178.0,263.8008634844782,153.19362789415538,498.0750887898621,280.0,490.49954964164306,100.0,1441.8008634844782,1268.5746384315053,35.56743348835067,-3.80723559032289,3,Sucinaraja,FL,2,2024
1938.6999999999998,62.52140152369925,62.52140152369924,434.7834792848988,189.11999999999998,1223.0459053461655,0.0,2001.2214015236991,1846.9493846310643,30.01801329374443,-23.67979430977323,7,Sucinaraja,SRI,2,2015
1871.6,130.10162814707485,130.10162814707482,437.7539348471064,192.0,1186.9058544511765,0.0,2001.7016281470746,1816.659789298283,32.81964492546819,10.317591729404256,0,Sucinaraja,SRI,2,2016
984.9000000000001,158.20646746284072,158.20646746284072,433.62400362641836,189.59999999999997,358.55629587509577,0.0,1143.1064674628408,981.7802995015142,27.043563672445448,-19.66719150248252,7,Sucinaraja,SRI,2,2017
871.5999999999999,211.09318542788526,177.79834528754822,451.19823258843076,176.64,279.7229591355446,0.0,1082.693185427885,907.5611917239753,14.73496425034633,-33.294840140337044,37,Sucinaraja,SRI,2,2018
1335.4,141.84691835180726,141.8469183518073,440.006231700489,192.0,647.4374930720851,0.0,1477.2469183518074,1279.4437247725741,32.12521194141407,10.739233906091261,0,Sucinaraja,SRI,2,2019
1814.0,130.34036843287697,130.34036843287697,438.3389190569528,192.0,1108.5180759678124,0.0,1944.3403684328769,1738.8569950247652,32.83372994598168,10.372197130471214,0,Sucinaraja,SRI,2,2020
1189.8000000000002,102.94075479123984,102.94075479123984,427.03632394647644,190.56,464.89146343036276,0.0,1292.74075479124,1082.4877873768392,23.743531326572985,-8.364748427156476,12,Sucinaraja,SRI,2,2021
1134.1000000000001,190.99839150053242,190.99839150053236,461.48993599437665,192.0,466.4288121718015,0.0,1325.0983915005327,1119.9187481661781,30.861081396230972,0.5349782586792591,0,Sucinaraja,SRI,2,2022
1056.1,217.63872556782334,204.68252897555413,452.945316954131,192.0,437.38854040080827,0.0,1273.7387255678232,1082.3338573549393,27.96124873363762,-3.056196592269202,1,Sucinaraja,SRI,2,2023
1178.0,153.19362789415533,153.19362789415538,481.31514951409605,192.0,485.48216777465865,0.0,1331.1936278941553,1158.7973172887546,28.593204704723576,-1.428661192594154,2,Sucinaraja,SRI,2,2024
1598.3999999999999,253.33211096720083,54.55747426594323,448.4198305895082,280.0,941.9102528054011,100.0,1851.7321109672007,1670.3300833949093,33.05407351814845,-1.7601653237910244,7,Sucinaraja,FL,3,2015
1717.6999999999998,150.84028462384902,36.74028462384899,433.3930798689792,280.0,966.7720167092568,100.0,1868.540284623849,1680.165096578236,36.686708749703115,-3.4915198074499876,1,Sucinaraja,FL,3,2016
845.7,286.1396739300906,136.97932947011344,444.0916196558705,280.0,222.29407653758273,100.0,1131.8396739300906,946.3856961934532,29.214014744930278,-4.682357102469411,6,Sucinaraja,FL,3,2017
742.8,308.0794066186426,108.89394722940823,473.495988633941,280.0,116.03797150199414,100.0,1050.8794066186426,869.5339601359351,25.036384628062695,-5.2008683030821405,7,Sucinaraja,FL,3,2018
1154.6,270.84639125547443,114.1651462910271,444.7794814708366,280.0,525.012967446615,100.0,1425.4463912554743,1249.7924489174516,32.47287975813365,-3.4855064152192186,8,Sucinaraja,FL,3,2019
1791.1000000000001,146.42183162923834,46.42183162923833,431.7253027592376,280.0,1005.6109710581732,100.0,1937.5218316292385,1717.3362738174108,42.14315811969291,25.66246249043851,0,Sucinaraja,FL,3,2020
1081.7,262.7302512882903,145.23025128829022,448.27217295683613,280.0,402.95804005789796,100.0,1344.4302512882903,1131.230213014734,36.56913309803546,5.499031850445652,0,Sucinaraja,FL,3,2021
1083.3000000000002,248.77642980988134,130.2764298098813,462.7056855840867,280.0,383.23236777998073,100.0,1332.0764298098816,1125.9380533640674,40.25052793508899,13.088581661902213,0,Sucinaraja,FL,3,2022
1029.7,271.88708172111035,134.46766036167588,453.0241189757418,280.0,349.7490298381424,100.0,1301.5870817211103,1082.7731488138843,33.928918476507526,-4.948668369582772,2,Sucinaraja,FL,3,2023
970.7,244.29372797730952,122.39089317670408,482.302469181681,280.0,279.00877687903017,100.0,1214.9937279773096,1041.3112460607113,31.72965105479643,-5.357902380137589,4,Sucinaraja,FL,3,2024
1598.3999999999999,117.8042370256382,54.55747426594323,433.3587993484516,177.11999999999998,945.3827239931891,0.0,1716.2042370256381,1555.8615233416408,19.019951236884047,-30.581640335580154,33,Sucinaraja,SRI,3,2015
1717.6999999999998,36.74028462384899,36.74028462384899,418.5513637773863,192.0,945.3677897059042,0.0,1754.4402846238488,1555.9191534832905,29.78942381294239,2.5301153450268865,0,Sucinaraja,SRI,3,2016
845.7,168.475793375149,136.97932947011344,429.1466518772629,184.79999999999998,225.31524690320614,0.0,1014.175793375149,839.261898780469,19.66456551842003,-26.796463905035566,23,Sucinaraja,SRI,3,2017
742.8,173.98887032552042,108.89394722940823,457.3809760387968,171.83999999999997,144.7209643535829,0.0,916.7888703255204,773.9419403923797,6.426073056830771,-34.246197042394606,48,Sucinaraja,SRI,3,2018
1154.6,114.1651462910271,114.1651462910271,429.977086589197,185.27999999999997,506.19321412050306,0.0,1268.7651462910271,1121.4503007097,23.813828599265047,-28.027425175855683,16,Sucinaraja,SRI,3,2019
1791.1000000000001,46.42183162923833,46.42183162923833,416.98700261955037,192.0,1018.3492711978604,0.0,1837.5218316292385,1627.3362738174108,32.95344505543134,19.626857823332827,0,Sucinaraja,SRI,3,2020
1081.7,145.23025128829022,145.23025128829022,432.83567193888223,192.0,390.60051536727065,0.0,1226.9302512882903,1015.4361873061529,26.593432833561454,-2.5971951955958925,2,Sucinaraja,SRI,3,2021
1083.3000000000002,130.2764298098813,130.2764298098813,446.93758782296334,192.0,372.9140912151013,0.0,1213.5764298098816,1011.8516790380646,30.01862429920748,-2.8512728688407556,1,Sucinaraja,SRI,3,2022
1029.7,134.46766036167588,134.46766036167588,437.1831005968853,188.64,328.700003717111,0.0,1164.1676603616759,954.5231043139963,24.09220971939635,-16.33729814606282,10,Sucinaraja,SRI,3,2023
970.7,122.39089317670408,122.39089317670408,466.2573591421064,187.2,275.86650701796094,0.0,1093.0908931767042,929.3238661600674,21.777471534710354,-16.57763046290915,16,Sucinaraja,SRI,3,2024
1026.6000000000001,339.8329457082029,63.72065637653029,446.1944349264153,280.0,456.2933181666583,100.0,1366.432945708203,1182.4877530930735,24.46186497433657,-4.259195885147462,10,Sucinaraja,FL,4,2015
1204.3,228.67794666645526,79.57740551962753,437.3664106344312,280.0,504.72027982855457,100.0,1432.9779466664552,1222.0866904629856,34.814770691160795,-3.2312656951726906,3,Sucinaraja,FL,4,2016
665.5,331.76586524570746,175.5034889495303,430.3237684000198,280.0,113.8183709312178,100.0,997.2658652457075,824.1421393312377,25.940921771489037,-4.500457455988978,7,Sucinaraja,FL,4,2017
505.6,437.88913596228315,168.2384677694903,451.38595651096716,280.0,32.41656476028011,100.0,943.4891359622832,763.8025212712473,12.472682000557912,-4.864769450974499,5,Sucinaraja,FL,4,2018
712.1999999999999,405.7211533502789,163.78619409442337,434.2577296100502,280.0,219.38653145513823,100.0,1117.921153350279,933.6442610651884,26.690708114764337,-4.306227996227031,8,Sucinaraja,FL,4,2019
1474.6,228.3581395613075,114.8581395613075,421.3367932492256,280.0,811.2709120711918,100.0,1702.9581395613075,1512.6077053204174,38.69685423253679,12.411147653983123,0,Sucinaraja,FL,4,2020
971.3999999999999,248.3731911392236,81.68777104705033,445.8151124578242,280.0,316.408201369113,100.0,1219.7731911392234,1042.223313826937,29.34634312234344,-1.681091199962351,2,Sucinaraja,FL,4,2021
970.4000000000001,202.73971504232094,102.73971504232095,448.3277061893473,280.0,255.24133192121985,100.0,1173.139715042321,983.5690381105671,35.554001309310564,8.216576507249776,0,Sucinaraja,FL,4,2022
973.3,279.58008569263677,153.10308111898985,453.72765859788973,280.0,328.2332793664411,100.0,1252.8800856926368,1061.960937964331,33.62844429358773,3.9919110865052296,0,Sucinaraja,FL,4,2023
791.0,276.3641309703368,154.3722164013302,458.96142858317967,280.0,159.00317330254518,100.0,1067.3641309703369,897.9646018857248,30.469584110580985,-4.115182057508676,2,Sucinaraja,FL,4,2024
1026.6000000000001,221.68934677887626,63.72065637653029,431.03042026218793,168.47999999999996,481.9200934982191,0.0,1248.2893467788763,1081.430513760407,7.140652634983837,-33.544094102620434,54,Sucinaraja,SRI,4,2015
1204.3,79.57740551962755,79.57740551962753,423.0491606802276,183.36,486.26931877626686,0.0,1283.8774055196275,1092.6784794564944,20.937441789762094,-26.970094527524083,19,Sucinaraja,SRI,4,2016
665.5,206.98414505499932,175.5034889495303,416.39477955130053,164.15999999999997,124.88609997565429,0.0,872.4841450549993,705.4408795269547,3.450787982799386,-32.08065610546904,63,Sucinaraja,SRI,4,2017
505.6,294.9791907715453,168.2384677694903,436.799042160992,173.76,40.995074643188815,0.0,800.5791907715453,651.5541168041808,-0.43981676535375686,-27.55400103768754,56,Sucinaraja,SRI,4,2018
712.1999999999999,259.8116073478899,163.78619409442337,419.9198084640212,172.79999999999998,208.92561741575088,0.0,972.0116073478898,801.6454258797721,13.668858955315464,-32.6799238186358,43,Sucinaraja,SRI,4,2019
1474.6,114.8581395613075,114.8581395613075,407.94446524753255,192.0,791.0937154226452,0.0,1589.4581395613075,1391.0381806701778,31.040924018034993,2.2842170091158707,0,Sucinaraja,SRI,4,2020
971.3999999999999,92.24858510534673,81.68777104705033,431.1740119531109,189.11999999999998,271.58732892464997,0.0,1063.6485851053467,891.8813408777607,14.884453357612307,-6.8083682808135295,13,Sucinaraja,SRI,4,2021
970.4000000000001,102.73971504232095,102.73971504232095,433.8313526302111,192.0,250.17193893829713,0.0,1073.139715042321,876.0032915685082,28.512387162843527,9.179417039215405,0,Sucinaraja,SRI,4,2022
973.3,164.5624915879472,153.10308111898985,439.2898771646419,190.55999999999997,317.99462556932514,0.0,1137.8624915879473,947.8445027339669,25.5671155654374,-5.28969045888703,6,Sucinaraja,SRI,4,2023
791.0,154.3722164013302,154.3722164013302,443.9457286486878,182.88,148.71633788653037,0.0,945.3722164013302,775.5420665352182,14.841439668125705,-18.193794922747916,25,Sucinaraja,SRI,4,2024
626.4,498.84501880386165,59.531219453635195,460.1576102489211,280.0,200.46571366364708,100.0,1125.2450188038615,940.6233239125683,11.083853691734074,-4.989029485771617,9,Sucinaraja,FL,5,2015
862.8,251.12759099587808,109.84585587049393,430.6073067215964,280.0,218.62466229952662,100.0,1113.927590995878,929.231969021123,27.879678833580734,-4.940911709426983,7,Sucinaraja,FL,5,2016
504.7,412.29253294146486,168.37180047112406,408.6473504242641,280.0,44.49169045557852,100.0,916.9925329414648,733.1390408798427,24.04453905783321,-4.613217118621883,5,Sucinaraja,FL,5,2017
320.0,581.8176649843595,236.748190913892,439.9786925605618,280.0,8.381939238518465,100.0,901.8176649843595,728.3606317990802,13.911937998105842,-5.7269644247928815,12,Sucinaraja,FL,5,2018
539.0,439.34382986154617,105.73910603946726,437.21169116342577,280.0,78.13158553304699,100.0,978.3438298615462,795.3432766964727,11.406733258147456,-4.953287750791298,10,Sucinaraja,FL,5,2019
1223.2,268.0795093725105,115.04017035775802,410.2868561360924,280.0,599.3770604952472,100.0,1491.2795093725106,1289.6639166313396,32.541087391170336,-3.7998269160552427,4,Sucinaraja,FL,5,2020
804.3000000000001,360.5590796451891,219.39595472874734,439.228263266156,280.0,236.39667088804683,100.0,1164.8590796451892,955.6249341542028,33.76797969229208,5.415896194206621,0,Sucinaraja,FL,5,2021
792.7,294.774039654609,147.71838054226302,442.43445562630967,280.0,171.7256612565372,100.0,1087.474039654609,894.160116882847,28.602027819021124,-4.5861425320824045,2,Sucinaraja,FL,5,2022
774.3000000000001,378.13607844105326,170.40213611823674,438.1108170475404,280.0,262.89741353445044,100.0,1152.4360784410533,981.0082305819908,26.51557198027341,-3.7048913143928575,10,Sucinaraja,FL,5,2023
584.4000000000001,410.13361664445995,145.1665129839513,449.61722558791257,280.0,90.79292028881437,100.0,994.53361664446,820.4101458767269,19.481812465915525,-5.596232507352265,9,Sucinaraja,FL,5,2024
626.4,344.7698831539137,59.531219453635195,444.48105214816,159.83999999999997,200.46571366364708,0.0,971.1698831539137,804.7867658118071,-8.310768830048785,-33.81820576683892,80,Sucinaraja,SRI,5,2015
862.8,109.84585587049392,109.84585587049393,416.6329363112552,183.83999999999997,195.55839575638865,0.0,972.6458558704938,796.0313320676438,16.64617812758821,-18.621566682683405,25,Sucinaraja,SRI,5,2016
504.7,234.47331740228495,168.37180047112406,395.65437373201416,160.8,32.35433367067694,0.0,739.173317402285,588.8087074026911,-5.396911688314129,-28.021008549400218,76,Sucinaraja,SRI,5,2017
320.0,421.00705731039596,236.748190913892,426.1274146241858,167.03999999999996,2.417120142623938,0.0,741.007057310396,595.5845347668097,-3.8372104886385263,-32.52845495325324,65,Sucinaraja,SRI,5,2018
539.0,297.41832876790005,105.73910603946726,422.6905849850584,161.27999999999997,78.13158553304699,0.0,836.4183287679,662.1021705181054,-2.8338698056852656,-31.504504201037822,70,Sucinaraja,SRI,5,2019
1223.2,115.04017035775803,115.04017035775802,397.2350999917271,186.24,565.3455688114948,0.0,1338.240170357758,1148.820668803222,22.292237752008653,-18.69975994415563,17,Sucinaraja,SRI,5,2020
804.3000000000001,243.06340514106594,219.39595472874734,424.937572105052,191.04,228.65002244889496,0.0,1047.363405141066,844.6275945539469,21.334086843140927,-5.79320735233634,6,Sucinaraja,SRI,5,2021
792.7,157.753545473217,147.71838054226302,428.40592623267526,191.04,137.8337701143644,0.0,950.453545473217,757.2796963470396,19.41585987281628,-4.425475676352768,10,Sucinaraja,SRI,5,2022
774.3000000000001,203.3366827089342,170.40213611823674,424.3819802451073,180.48,223.81011012270542,0.0,977.6366827089342,828.6720903678126,15.630855863561665,-32.93454659069747,28,Sucinaraja,SRI,5,2023
584.4000000000001,234.07010341638593,145.1665129839513,435.18431451925346,169.92,58.263553762665154,0.0,818.470103416386,663.3678682819186,-0.7618473962203115,-33.840731185969034,62,Sucinaraja,SRI,5,2024
148.10000000000002,808.2421688840501,282.04261494004004,492.59487157900753,280.0,3.6678845992265803,100.0,956.3421688840501,776.2627561782341,8.41910366408239,-3.239851803755988,10,Sucinaraja,FL,6,2015
825.3999999999999,344.72861850948897,166.13626497173064,435.9660805953729,280.0,237.11846237044207,100.0,1170.128618509489,953.084542965815,21.3162271615848,1.8242755334206917,0,Sucinaraja,FL,6,2016
333.5,547.5417496847274,259.08263430830124,414.91592776864536,280.0,10.012176768652145,100.0,881.0417496847274,704.9281045372975,13.512779683151143,-5.574911980404793,13,Sucinaraja,FL,6,2017
286.3,611.9310423308966,276.37523437290554,438.7281254970789,280.0,4.627005110392101,100.0,898.2310423308966,723.3551306074711,12.228392971865805,-5.20483059447027,8,Sucinaraja,FL,6,2018
256.3,666.5026840152958,208.15128171816232,461.9451545364287,280.0,3.245989359198523,100.0,922.8026840152959,745.1911438956272,8.021527482471189,-6.102166775922793,12,Sucinaraja,FL,6,2019
841.6,300.2039801627587,135.59598035288715,417.0761085628811,280.0,266.75659087123574,100.0,1141.8039801627588,963.8326994341168,26.92965817990894,-5.0953190475994425,11,Sucinaraja,FL,6,2020
854.8000000000001,300.69676222704527,189.79676222704524,428.06579241524355,280.0,231.13775645381924,100.0,1155.4967622270453,939.2035488690628,36.85516194719423,10.5876629429915,0,Sucinaraja,FL,6,2021
728.2,322.37580290478473,211.83262826387474,435.7811915688688,280.0,117.90648911564759,100.0,1050.5758029047847,833.6876806845163,35.68752375752829,9.027399961079682,0,Sucinaraja,FL,6,2022
525.4000000000001,502.511992026905,212.69178806313982,440.0358391115908,280.0,123.56250561994143,100.0,1027.911992026905,843.5983447315323,22.507072108732675,-5.152900418103692,13,Sucinaraja,FL,6,2023
446.9,541.3411146497162,249.66031392955654,459.9273848822403,280.0,68.74723612562423,100.0,988.2411146497162,808.6746210078645,15.6258024195296,-5.358171184889372,5,Sucinaraja,FL,6,2024
148.10000000000002,651.4427998002351,282.04261494004004,475.8854950669915,158.39999999999998,3.6678845992265803,0.0,799.5427998002351,637.953379666218,-10.096534200637846,-34.350403143397216,84,Sucinaraja,SRI,6,2015
825.3999999999999,218.9834343820513,166.13626497173064,421.16185572686766,176.64,238.7054260403798,0.0,1044.3834343820513,836.5072817672474,7.188296323393632,-22.466543653353757,42,Sucinaraja,SRI,6,2016
333.5,398.73101443786254,259.08263430830124,401.51841890168294,163.67999999999998,8.502968292372627,0.0,732.2310144378625,573.7013871940555,-5.051370247560118,-32.14906333437308,68,Sucinaraja,SRI,6,2017
286.3,465.3134860129549,276.37523437290554,424.4203338819616,166.55999999999997,10.877983403845693,0.0,751.6134860129549,601.8583172858073,-2.4293187406948453,-28.87016800309341,70,Sucinaraja,SRI,6,2018
256.3,506.82835341105414,208.15128171816232,446.4456935481654,156.0,3.245989359198523,0.0,763.1283534110541,605.691682907364,-11.07623829986881,-34.437115542572954,88,Sucinaraja,SRI,6,2019
841.6,135.59598035288718,135.59598035288715,402.95286105301,177.11999999999998,247.78275708799018,0.0,977.1959803528872,827.8556181410001,14.705441538916872,-33.72623756435438,35,Sucinaraja,SRI,6,2020
854.8000000000001,189.79676222704524,189.79676222704524,413.8639729573827,192.0,230.76825117848188,0.0,1044.5967622270452,836.6322241358646,27.015082595339006,4.995157425184742,0,Sucinaraja,SRI,6,2021
728.2,211.83262826387474,211.83262826387474,421.3427767934183,191.51999999999998,118.66429958551772,0.0,940.0326282638748,731.527076378936,25.589026423925947,-4.167192471166329,4,Sucinaraja,SRI,6,2022
525.4000000000001,354.5460358211943,212.69178806313982,425.5344257485999,170.39999999999998,119.29042992237993,0.0,879.9460358211944,715.2248556709799,8.869339585698635,-34.253785019387394,51,Sucinaraja,SRI,6,2023
446.9,399.46824907074824,249.66031392955654,444.55894228096975,171.35999999999999,55.00956963750183,0.0,846.3682490707482,670.9285119184716,-0.047873221199741835,-32.93436575757065,62,Sucinaraja,SRI,6,2024
129.5,859.1904698069618,304.0187583262211,530.1882520669238,280.0,4.254577420214444,100.0,988.6904698069618,814.4428294871383,7.090592940612567,-6.41671188794723,10,Sucinaraja,FL,7,2015
1211.6000000000001,392.6122034014447,256.2437483821812,432.32860412457984,280.0,680.6966419065844,100.0,1604.2122034014449,1393.0252460311644,34.700609782969124,5.178466553117083,0,Sucinaraja,FL,7,2016
479.1,522.2606153785362,233.85144456614603,420.7595111603887,280.0,89.63759537056526,100.0,1001.3606153785362,790.3971065309539,20.527794679145288,-0.5950837984420296,3,Sucinaraja,FL,7,2017
293.5,634.1757956728478,240.70343998260017,461.27385920110925,280.0,7.191423626251501,100.0,927.6757956728478,748.4652828273607,11.887415877181242,-3.60264688380028,9,Sucinaraja,FL,7,2018
186.3,777.5684207724923,303.28824444741304,499.56118287308874,280.0,0.0,100.0,963.8684207724923,779.5611828730887,7.246000887383787,-4.545270052677303,13,Sucinaraja,FL,7,2019
887.9999999999999,314.1938575455912,162.80220318968384,430.1904663726938,280.0,269.31530053594133,100.0,1202.193857545591,979.5057669086351,26.55926365529477,0.75207480702979,0,Sucinaraja,FL,7,2020
866.4,330.2244115732926,168.18094016168232,441.0696337017954,280.0,274.20155384829826,100.0,1196.6244115732925,995.2711875500936,30.049673354543266,5.008118008978332,0,Sucinaraja,FL,7,2021
896.4000000000002,330.878096184048,190.75309702422499,431.0406644334164,280.0,293.5819976558347,100.0,1227.278096184048,1004.6226620892511,31.57259810961025,6.1315381272530844,0,Sucinaraja,FL,7,2022
398.6,585.3411971801573,180.83069163479735,481.00863836301517,280.0,36.24621927228556,100.0,983.9411971801574,797.2548576353007,11.239686592279446,-5.531409323712024,12,Sucinaraja,FL,7,2023
463.3,535.3058276643446,236.89537444953265,485.24521751996843,280.0,54.12475721444851,100.0,998.6058276643446,819.369974734417,16.702047365759395,-3.9753574472175948,4,Sucinaraja,FL,7,2024
129.5,699.1545446041939,304.0187583262211,511.5763875323639,156.95999999999998,4.254577420214444,0.0,828.6545446041939,672.7909649525784,-11.776457456988373,-34.957873705292094,88,Sucinaraja,SRI,7,2015
1211.6000000000001,280.49814308379075,256.2437483821812,417.2041885636129,190.56,680.6348075147304,0.0,1492.098143083791,1288.3989960783433,20.04406540568768,-7.305117347298662,10,Sucinaraja,SRI,7,2016
479.1,395.5734448620053,233.85144456614603,405.7898274110546,170.39999999999998,92.55571098559801,0.0,874.6734448620053,668.7455383966526,1.5636970660359357,-28.075506325173137,55,Sucinaraja,SRI,7,2017
293.5,496.0375248909204,240.70343998260017,445.34731160345876,158.39999999999998,7.191423626251501,0.0,789.5375248909204,610.9387352297102,-9.787672001278095,-34.69920498854896,84,Sucinaraja,SRI,7,2018
186.3,608.1329082770633,303.28824444741304,481.75661419854356,158.39999999999998,0.0,0.0,794.4329082770632,640.1566141985436,-9.544724116327922,-31.17716034780598,89,Sucinaraja,SRI,7,2019
887.9999999999999,193.078990175767,162.80220318968384,414.6983290042706,174.71999999999997,277.0626269749554,0.0,1081.0789901757669,866.480955979226,7.245044325969977,-25.276786986083152,43,Sucinaraja,SRI,7,2020
866.4,201.71549682473744,168.18094016168232,426.34852194764295,192.0,241.6021482994721,0.0,1068.1154968247374,859.950670247115,23.253253414077278,-3.1109070134868873,4,Sucinaraja,SRI,7,2021
896.4000000000002,202.9110547342013,190.75309702422499,415.8553504560219,192.0,278.8002701833825,0.0,1099.3110547342014,886.6556206394043,21.422590179848186,-3.1579577099763307,2,Sucinaraja,SRI,7,2022
398.6,442.5634944918711,180.83069163479735,464.08472975369057,160.31999999999996,46.0765565105344,0.0,841.1634944918711,670.4812862642249,-4.690936512581308,-34.054753816555305,79,Sucinaraja,SRI,7,2023
463.3,366.0947329598408,236.89537444953265,468.2147717308007,171.83999999999997,35.34253075591631,0.0,829.3947329598409,675.397302486717,1.5022946513091557,-28.511861007414783,55,Sucinaraja,SRI,7,2024
221.7,842.9950061395662,319.1153660485282,564.5241535743409,280.0,26.580708210129295,100.0,1064.6950061395662,871.1048617844701,11.357642687904736,-5.077919363045854,3,Sucinaraja,FL,8,2015
1518.2,370.6599241075226,213.2690590726634,429.3333884798285,280.0,961.0502791993856,100.0,1888.8599241075226,1670.383667679214,34.36451118872579,5.01326221342843,0,Sucinaraja,FL,8,2016
788.8,544.7792728941524,266.5018862737955,437.30471663630215,280.0,395.0091602109343,100.0,1333.5792728941524,1112.3138768472363,21.955932932527787,0.19786935122002447,0,Sucinaraja,FL,8,2017
540.1999999999999,586.419807733532,311.55499279818105,469.7777546855936,280.0,172.22551696297973,100.0,1126.619807733532,922.0032716485734,15.447032454875925,-0.8702274056165376,3,Sucinaraja,FL,8,2018
343.79999999999995,730.0245039671361,289.88908080941366,534.188447455246,280.0,81.97720828738164,100.0,1073.824503967136,896.1656557426277,9.080079644318278,-5.459486311923087,6,Sucinaraja,FL,8,2019
1011.5,377.5453178453492,225.99726994357258,444.4721192187403,280.0,441.3977169871929,100.0,1389.0453178453492,1165.869836205933,30.76239090282405,6.540682180252551,0,Sucinaraja,FL,8,2020
1098.0,348.9359148709415,248.93591487094142,452.9812504345084,280.0,494.1912440746182,100.0,1446.9359148709414,1227.1724945091266,36.4215039414483,5.578727381500755,0,Sucinaraja,FL,8,2021
1117.8,346.00629978436956,217.33161118082126,438.9036220528176,280.0,524.1575431581812,100.0,1463.8062997843695,1243.0611652109988,35.513276029776605,6.825311396451733,0,Sucinaraja,FL,8,2022
360.20000000000005,694.7744200073406,246.81138875884895,527.3275902604718,280.0,38.43201024331485,100.0,1054.9744200073405,845.7596005037866,8.774944790833166,-6.688244912030553,11,Sucinaraja,FL,8,2023
608.7,552.2630816234818,265.0956203486271,513.504867018197,280.0,146.8372123706897,100.0,1160.9630816234817,940.3420793888868,21.352458777512457,-3.396210648015602,2,Sucinaraja,FL,8,2024
221.7,685.6894759324211,319.1153660485282,543.6440696134824,163.68,11.454322782752712,0.0,907.3894759324212,718.7783923962351,-6.077381013553748,-29.61581033884896,81,Sucinaraja,SRI,8,2015
1518.2,235.4546203979082,213.2690590726634,414.9112546925114,191.03999999999996,936.7256357841886,0.0,1753.6546203979083,1542.6768904767,23.663983533876575,-6.3609719783004905,8,Sucinaraja,SRI,8,2016
788.8,417.41184890198315,266.5018862737955,421.67109532575364,180.48000000000002,391.95836092074785,0.0,1206.211848901983,994.1094562465015,9.265191482605275,-21.938424536452565,39,Sucinaraja,SRI,8,2017
540.1999999999999,465.96730387185005,311.55499279818105,452.5580682505763,171.83999999999997,183.8076455209025,0.0,1006.16730387185,808.2057137714787,-1.6217013260582194,-29.14193292882836,61,Sucinaraja,SRI,8,2018
343.79999999999995,586.7110433984093,289.88908080941366,514.4176005940462,163.68,85.99553658856172,0.0,930.5110433984092,764.093137182608,-6.652415335593355,-34.37227306223932,81,Sucinaraja,SRI,8,2019
1011.5,249.24944494648733,225.99726994357258,429.0189743348035,188.64,429.91498897226785,0.0,1260.7494449464873,1047.5739633070714,19.452132154183943,-18.82432919109295,10,Sucinaraja,SRI,8,2020
1098.0,248.93591487094142,248.93591487094142,437.017628316952,192.0,508.1548661921748,0.0,1346.9359148709414,1137.1724945091269,31.18803181271712,6.40270037772352,0,Sucinaraja,SRI,8,2021
1117.8,227.79321630244266,217.33161118082126,424.09032031446816,192.0,518.7577614146035,0.0,1345.5932163024427,1134.8480817290715,27.72876987108161,-3.0836570109665775,6,Sucinaraja,SRI,8,2022
360.20000000000005,532.3396720394203,246.81138875884895,507.6156502830711,160.8,38.43201024331485,0.0,892.5396720394203,706.8476605263859,-9.1619386392205,-29.84420919599905,84,Sucinaraja,SRI,8,2023
608.7,391.951409004778,265.0956203486271,494.91225537353523,178.07999999999998,117.03815139664763,0.0,1000.6514090047781,790.0304067701829,5.746162806047369,-27.768627046144797,51,Sucinaraja,SRI,8,2024
643.0,726.6045235943202,334.87921389484836,556.369075035044,280.0,321.9584887385498,100.0,1369.6045235943202,1158.3275637735937,20.009757425733238,0.7693342254051263,0,Sucinaraja,FL,9,2015
1961.3999999999999,358.3466998175385,217.2971252935998,429.38252914707084,280.0,1393.4603983112943,100.0,2319.7466998175382,2102.842927458365,38.635263761642754,5.171930302064359,0,Sucinaraja,FL,9,2016
944.2000000000003,521.1087855124674,299.71040856525605,442.6102565114116,280.0,521.9605529319765,100.0,1465.3087855124677,1244.570809443388,31.675797641656565,4.843179904563012,0,Sucinaraja,FL,9,2017
898.1,504.09216858574047,302.0619121944842,477.0093905443805,280.0,430.40185811981576,100.0,1402.1921685857405,1187.4112486641961,21.262980004799466,0.2532425382054395,0,Sucinaraja,FL,9,2018
648.6999999999999,640.8524630210115,309.7454645277981,551.62215290618,280.0,242.10460770421784,100.0,1289.5524630210116,1073.7267606103978,20.212166291579944,-0.3165037642402453,1,Sucinaraja,FL,9,2019
1271.1999999999998,390.59309369603886,226.5747607634455,449.04506119115877,280.0,717.1897525070601,100.0,1661.7930936960388,1446.2348136982189,36.340853415746594,5.354026439928156,0,Sucinaraja,FL,9,2020
1278.5,306.7505325608607,188.7505325608607,458.35816655276153,280.0,626.2627223481503,100.0,1585.2505325608606,1364.6208889009117,38.15479358718112,5.604899153757469,0,Sucinaraja,FL,9,2021
1324.5,310.58899757379015,184.08557609662117,448.5959603962257,280.0,691.1444310405674,100.0,1635.08899757379,1419.740391436793,41.1078190520591,6.596578522830956,0,Sucinaraja,FL,9,2022
440.59999999999997,649.1332692479145,297.0565078374045,554.0810417194541,280.0,81.1861518163742,100.0,1089.7332692479144,915.2671935358283,15.870331864285088,-4.0616900775474445,4,Sucinaraja,FL,9,2023
899.5,486.340133704393,310.8465182923717,520.8331306173252,280.0,370.48474914788375,100.0,1385.8401337043929,1171.317879765209,32.259761010890095,-0.24361725012692048,1,Sucinaraja,FL,9,2024
643.0,595.019506375585,334.87921389484836,536.4537069045139,176.16,324.1288396503449,0.0,1238.019506375585,1036.7425465548588,5.7532335823032215,-30.610687500932244,49,Sucinaraja,SRI,9,2015
1961.3999999999999,243.51359279961721,217.2971252935998,415.4877615085004,192.0,1390.5220589319433,0.0,2204.913592799617,1998.0098204404437,29.11047237616839,-4.826047445873098,3,Sucinaraja,SRI,9,2016
944.2000000000003,374.98783473828433,299.71040856525605,427.66023471221297,190.07999999999998,490.709623956992,0.0,1319.1878347382847,1108.4498586692048,21.247544243147786,-9.587346263733318,14,Sucinaraja,SRI,9,2017
898.1,391.37765352345974,302.0619121944842,460.3233760122797,185.76,435.7299738688726,0.0,1289.4776535234598,1081.8133498811524,11.373109577421294,-24.975727026353553,25,Sucinaraja,SRI,9,2018
648.6999999999999,495.5568880088962,309.7454645277981,532.0135736288203,175.68,230.73761196946214,0.0,1144.256888008896,938.4311855982825,4.789998882229701,-29.89915918878166,55,Sucinaraja,SRI,9,2019
1271.1999999999998,263.0507098488612,226.5747607634455,433.97343034607286,192.0,701.8779716448331,0.0,1534.2507098488609,1327.851401990906,26.17397466464404,-3.5734596272355015,8,Sucinaraja,SRI,9,2020
1278.5,200.39956519582609,188.7505325608607,442.4355140466671,192.0,633.83440748921,0.0,1478.8995651958262,1268.269921535877,29.67101352512037,-3.8490326349653663,2,Sucinaraja,SRI,9,2021
1324.5,197.25133993540237,184.08557609662117,433.6949325014575,192.0,689.8746793670174,0.0,1521.7513399354025,1315.569611868475,31.48032774230524,-4.26576383878123,1,Sucinaraja,SRI,9,2022
440.59999999999997,501.9915323774617,297.0565078374045,534.0038421548954,172.32,69.76468106638721,0.0,942.5915323774616,776.0885232212826,-1.9184087660234463,-28.66480412384859,64,Sucinaraja,SRI,9,2023
899.5,354.14482350402807,310.8465182923717,502.37701256301534,185.28,361.46555700182864,0.0,1253.644823504028,1049.122569564844,17.40249398182737,-29.407832605311757,20,Sucinaraja,SRI,9,2024
925.5999999999999,616.3913858004981,344.4434237907501,549.7579423807508,280.0,517.2772430945743,100.0,1541.991385800498,1347.035185475325,28.47053995736403,5.740282352732322,0,Sucinaraja,FL,10,2015
1980.5,244.1680289421776,144.1680289421776,430.3808204479137,280.0,1296.4079591427787,100.0,2224.6680289421774,2006.7887795906925,41.21932662252002,5.7425812142740025,0,Sucinaraja,FL,10,2016
1089.1999999999998,392.1149217043282,268.690558557802,453.09817812609583,280.0,549.4549853665022,100.0,1481.314921704328,1282.553163492598,30.13077889499454,-0.11343654333666908,1,Sucinaraja,FL,10,2017
1127.2,449.05329227814696,255.52036413147303,483.4169493343037,280.0,603.5491134052055,100.0,1576.253292278147,1366.9660627395092,30.623150852728344,3.632592996825852,0,Sucinaraja,FL,10,2018
924.2,563.9163094459714,322.3115732968035,550.1077495436194,280.0,452.0090546871841,100.0,1488.1163094459714,1282.1168042308036,30.26113695239044,3.8219014537896534,0,Sucinaraja,FL,10,2019
1621.8000000000002,314.8539990366449,214.8539990366449,439.8013291642559,280.0,1001.8379682359276,100.0,1936.653999036645,1721.6392974001835,42.93672195041804,9.281121932158019,0,Sucinaraja,FL,10,2020
1398.8000000000002,267.06125065422117,141.22410197411085,467.0966473759757,280.0,712.1796789517991,100.0,1665.8612506542213,1459.2763263277748,34.922866600433096,8.034889993161364,0,Sucinaraja,FL,10,2021
1346.2,247.3916924088365,147.3916924088365,452.7959862129864,280.0,674.254913365425,100.0,1593.5916924088365,1407.0508995784114,40.95961256283991,4.8314372875840474,0,Sucinaraja,FL,10,2022
754.6999999999999,596.0790670341627,328.3765234822399,567.4192365405147,280.0,295.31469158373585,100.0,1350.7790670341626,1142.7339281242505,25.300789342789315,-0.9806869501760271,1,Sucinaraja,FL,10,2023
1113.5,439.95213366153445,236.26252912001752,509.79917357638413,280.0,552.3884980794453,100.0,1553.4521336615344,1342.1876716558295,31.773391080579007,4.040780564590282,0,Sucinaraja,FL,10,2024
925.5999999999999,489.14796622327896,344.4434237907501,532.5013082745886,187.2,506.74336258327094,0.0,1414.7479662232788,1226.4446708578596,17.653351939083606,-22.605486985104395,22,Sucinaraja,SRI,10,2015
1980.5,144.1680289421776,144.1680289421776,416.0290142982282,192.0,1307.9302593278476,0.0,2124.6680289421774,1915.9592736260759,32.26125860316104,2.293057650054564,0,Sucinaraja,SRI,10,2016
1089.1999999999998,268.690558557802,268.690558557802,438.14707274110833,192.0,530.664840792098,0.0,1357.8905585578018,1160.8119135332063,24.62109576499218,-0.568536948810463,1,Sucinaraja,SRI,10,2017
1127.2,316.72564042075317,255.52036413147303,468.00929211960226,192.0,581.3188562050724,0.0,1443.925640420753,1241.3281483246747,21.700622013015977,-4.252822116274177,10,Sucinaraja,SRI,10,2018
924.2,407.21019496223755,322.3115732968035,531.8723640278893,187.2,416.33832571918003,0.0,1331.4101949622377,1135.4106897470692,17.18274535116093,-24.903395529432597,18,Sucinaraja,SRI,10,2019
1621.8000000000002,214.85399903664492,214.8539990366449,425.39225514565703,192.0,1014.2470422545265,0.0,1836.653999036645,1631.6392974001835,33.13967999738573,10.114972210057445,0,Sucinaraja,SRI,10,2020
1398.8000000000002,141.22410197411085,141.22410197411085,451.6575098627254,192.0,696.4484530728819,0.0,1540.024101974111,1340.1059629356073,24.905683958541665,-3.800087480756145,5,Sucinaraja,SRI,10,2021
1346.2,147.3916924088365,147.3916924088365,437.6806485485914,192.0,674.6844900420783,0.0,1493.5916924088365,1304.3651385906696,32.20568140555471,5.8632703079739255,0,Sucinaraja,SRI,10,2022
754.6999999999999,463.85297379198835,328.3765234822399,548.3155316469326,183.36,288.8323032351435,0.0,1218.5529737919883,1020.5078348820762,10.16137704961149,-28.435808833030187,35,Sucinaraja,SRI,10,2023
1113.5,285.09243490955805,236.26252912001752,493.2771887552715,187.2,516.7789613844723,0.0,1398.592434909558,1197.2561501397438,19.978493275927246,-15.796565299720848,19,Sucinaraja,SRI,10,2024
1525.9,455.9794180208401,329.5809913091995,511.4037150009983,280.0,995.1682671417201,100.0,1981.8794180208401,1786.5719821427183,38.14413466485428,6.9015732883594865,0,Sucinaraja,FL,11,2015
1834.2000000000003,196.64712764022556,81.94712764022556,424.67398616188365,280.0,1107.3469290863484,100.0,2030.8471276402258,1812.020915248232,39.91625627123257,15.010812901585945,0,Sucinaraja,FL,11,2016
1129.4,322.9212883365206,192.46673097317742,442.2966610939451,280.0,525.3023063412476,100.0,1452.3212883365206,1247.5989674351927,36.99915802523934,1.6856332528280609,0,Sucinaraja,FL,11,2017
1468.3,366.26872893497693,252.06872893497695,474.0697643522271,280.0,869.6790043362407,100.0,1834.568728934977,1623.7487686884679,39.764275259677305,13.000529051020898,0,Sucinaraja,FL,11,2018
1348.1,425.6272380865633,300.9774882991351,521.5518854342145,280.0,768.3177655823519,100.0,1773.7272380865631,1569.8696510165664,38.271894715033866,6.499851331659775,0,Sucinaraja,FL,11,2019
1774.5,191.59669026922728,79.34063016283163,419.0013721173045,280.0,1045.6784931451734,100.0,1966.0966902692273,1744.679865262478,40.13207509606907,6.14393989360438,0,Sucinaraja,FL,11,2020
1375.8,280.5907915265892,170.1907915265892,472.06322054226234,280.0,691.0980348011085,100.0,1656.390791526589,1443.1612553433708,40.08022381705265,11.869755910602647,0,Sucinaraja,FL,11,2021
1344.9,208.24028732924404,92.54028732924401,440.34169539357094,280.0,611.8106273924043,100.0,1553.140287329244,1332.1523227859752,40.574486432271534,11.521258679347959,0,Sucinaraja,FL,11,2022
954.9,452.27379818542545,301.66742320016846,553.298278155685,280.0,375.99828572656315,100.0,1407.1737981854253,1209.2965638822482,31.69682132276161,-0.758699692054698,1,Sucinaraja,FL,11,2023
1150.3999999999999,374.61088846625796,274.6108884662579,503.61186578015486,280.0,562.0677461532655,100.0,1525.0108884662577,1345.6796119334203,36.32986859878266,-4.341642576181561,3,Sucinaraja,FL,11,2024
1525.9,344.2893345880516,329.5809913091995,495.55601477865696,192.0,996.4884694644409,0.0,1870.1893345880517,1684.044484243098,29.166550306009057,-4.908343278851993,2,Sucinaraja,SRI,11,2015
1834.2000000000003,81.94712764022555,81.94712764022556,410.0069866702445,192.0,1104.4794587705496,0.0,1916.1471276402258,1706.4864454407941,30.183519144995994,1.1404088134514314,0,Sucinaraja,SRI,11,2016
1129.4,206.0940954846838,192.46673097317742,427.89701865178654,191.51999999999998,518.8373118117502,0.0,1335.4940954846838,1138.2543304635367,26.129443313331443,-5.027364511506411,1,Sucinaraja,SRI,11,2017
1468.3,252.06872893497692,252.06872893497695,458.70008347505996,192.0,868.8486852134079,0.0,1720.3687289349768,1519.5487686884678,30.489865746810707,0.46587034754544554,0,Sucinaraja,SRI,11,2018
1348.1,300.9774882991351,300.9774882991351,504.84792141706436,191.51999999999998,758.8519798120739,0.0,1649.077488299135,1455.219901229138,28.921259185763873,-5.77777910726639,3,Sucinaraja,SRI,11,2019
1774.5,79.34063016283164,79.34063016283163,405.24877872138103,192.0,1045.175026434701,0.0,1853.8406301628315,1642.4238051560822,30.8785817100838,1.6394558733670257,0,Sucinaraja,SRI,11,2020
1375.8,170.19079152658918,170.1907915265892,456.2232096154825,192.0,694.5380457278882,0.0,1545.9907915265892,1342.7612553433707,30.172626074720736,5.657364812493337,0,Sucinaraja,SRI,11,2021
1344.9,92.54028732924402,92.54028732924401,425.05740243436594,192.0,609.3949203516092,0.0,1437.440287329244,1226.4523227859752,30.18397791176761,-2.5027141788634077,2,Sucinaraja,SRI,11,2022
954.9,323.2596825867904,301.66742320016846,535.6260844121291,190.07999999999998,362.0659807656928,0.0,1278.1596825867905,1087.7720651778218,21.818185077689307,-19.572065590481255,8,Sucinaraja,SRI,11,2023
1150.3999999999999,274.61088846625796,274.6108884662579,488.19626926216984,191.51999999999998,557.7956052703687,0.0,1425.0108884662577,1237.5118745325385,29.224589438738395,-6.182590435814117,3,Sucinaraja,SRI,11,2024
1960.4,302.65665744365356,190.94625954029357,466.9178607468916,280.0,1302.7801964302935,100.0,2263.0566574436534,2049.698057177185,39.22249022997821,4.785543373915443,0,Sucinaraja,FL,12,2015
1583.4999999999998,186.82101987529904,86.82101987529906,442.9437822580516,280.0,829.289511030624,100.0,1770.3210198752988,1552.2332932886757,40.75164577136852,6.147109107145221,0,Sucinaraja,FL,12,2016
1299.4,275.0817423092604,128.58022807341342,447.945210309116,280.0,636.6124868637203,100.0,1574.4817423092604,1364.5576971728362,36.12745847473621,5.1689828866552805,0,Sucinaraja,FL,12,2017
1626.3,255.23382066969714,137.53382066969715,457.64630705869354,280.0,926.9220653254397,100.0,1881.533820669697,1664.5683723841332,42.051451114940036,14.058410865490426,0,Sucinaraja,FL,12,2018
1659.6,325.769059146451,214.36905914645098,484.48435743582985,280.0,1010.2457967866574,100.0,1985.369059146451,1774.7301542224873,41.718562143945256,14.576095020859276,0,Sucinaraja,FL,12,2019
1622.6000000000001,200.67344480632516,100.67344480632515,430.96492743433794,280.0,895.375367103653,100.0,1823.2734448063252,1606.340294537991,43.01348562551472,16.226405785276473,0,Sucinaraja,FL,12,2020
1449.6,181.12071739394906,81.12071739394904,464.1522899832445,280.0,666.7483596155641,100.0,1630.720717393949,1410.9006495988087,40.066482137518136,14.180659664294874,0,Sucinaraja,FL,12,2021
1188.9,188.21159278625726,88.21159278625726,453.93347697536336,280.0,434.0610692245044,100.0,1377.1115927862575,1167.9945461998677,40.715650058396335,9.811069083954834,0,Sucinaraja,FL,12,2022
1206.3000000000002,327.32650879058355,190.97189563899477,521.9059097117079,280.0,541.9169460635355,100.0,1533.6265087905838,1343.8228557752434,33.66512565730368,3.6976614414482096,0,Sucinaraja,FL,12,2023
1403.9,176.55654534979124,76.55654534979122,483.5057926857675,280.0,609.763308066394,100.0,1580.4565453497912,1373.2691007521616,42.310159976387354,8.100615148409714,0,Sucinaraja,FL,12,2024
1960.4,190.9462595402935,190.94625954029357,451.57552151698445,192.0,1304.4121377568408,0.0,2151.3462595402934,1947.9876592738253,30.26116629779246,6.452023142490539,0,Sucinaraja,SRI,12,2015
1583.4999999999998,86.82101987529906,86.82101987529906,427.9390386131647,192.0,841.4627965463915,0.0,1670.3210198752988,1461.4018351595562,30.91276894370831,6.977335749648733,0,Sucinaraja,SRI,12,2016
1299.4,154.1352247937223,128.58022807341342,432.59632086295636,192.0,626.510320528768,0.0,1453.5352247937224,1251.1066413917245,26.910862547692425,-4.08717712769309,2,Sucinaraja,SRI,12,2017
1626.3,137.53382066969715,137.53382066969715,441.7866404977981,192.0,922.245971894776,0.0,1763.8338206696972,1556.032612392574,32.35754682589335,-1.9748407272372006,2,Sucinaraja,SRI,12,2018
1659.6,214.369059146451,214.36905914645098,468.9338318938026,192.0,1012.3963223286847,0.0,1873.969059146451,1673.3301542224872,32.404646486933395,4.009995070157699,0,Sucinaraja,SRI,12,2019
1622.6000000000001,100.67344480632515,100.67344480632515,417.2247735099394,192.0,907.1155210280516,0.0,1723.2734448063252,1516.340294537991,33.4600930695672,17.053867114135123,0,Sucinaraja,SRI,12,2020
1449.6,81.12071739394904,81.12071739394904,448.31705129111253,192.0,680.583598307696,0.0,1530.720717393949,1320.9006495988085,30.743889157894117,9.143288516474268,0,Sucinaraja,SRI,12,2021
1188.9,88.21159278625726,88.21159278625726,439.41474817696474,192.0,438.2653799236498,0.0,1277.1115927862575,1069.6801281006146,30.523549846084784,12.207387747102409,0,Sucinaraja,SRI,12,2022
1206.3000000000002,201.07179783766202,190.97189563899477,504.49071575658184,191.03999999999996,523.6968374854627,0.0,1407.3717978376621,1219.2275532420445,25.821107558549098,-11.623273191186438,5,Sucinaraja,SRI,12,2023
1403.9,76.55654534979122,76.55654534979122,467.56075232525507,191.51999999999998,623.3465930803383,0.0,1480.4565453497912,1282.4273454055933,29.867313672166652,-5.590338631554632,3,Sucinaraja,SRI,12,2024
2031.0000000000002,221.22936954710445,121.22936954710447,445.3535015505706,280.0,1311.1982501457296,100.0,2252.229369547105,2036.5517516963002,43.268345574764446,32.01292831945272,0,Nagreg,FL,1,2016
1275.4,211.32045996617302,71.95647130817144,456.6456575971489,280.0,534.062339521016,100.0,1486.7204599661732,1270.707997118165,34.652341362294905,7.263838538373037,0,Nagreg,FL,1,2017
872.3,351.53459752039237,208.19300585149188,467.84434147377374,280.0,295.78834464355174,100.0,1223.8345975203924,1043.6326861173254,31.848778610698186,-5.974905747775342,4,Nagreg,FL,1,2018
1361.5,284.4332189972442,157.98825319358525,466.3086518378004,280.0,686.4987613740665,100.0,1645.9332189972442,1432.8074132118668,39.20225483858759,8.55503419634108,0,Nagreg,FL,1,2019
1858.1,196.05682446162032,96.05682446162031,468.2637205265738,280.0,1096.9126663459463,100.0,2054.15682446162,1845.1763868725202,41.6829475271596,15.74118656595202,0,Nagreg,FL,1,2020
1346.0,219.9138895521217,103.31388955212168,429.12434094695294,280.0,653.027294161891,100.0,1565.9138895521216,1362.151635108844,39.66476749809214,13.49525384980238,0,Nagreg,FL,1,2021
1080.5,268.09478538355785,138.71013835894715,479.95141312772034,280.0,370.3812308991148,100.0,1348.5947853835578,1130.3326440268352,37.5189100747505,7.681873771604876,0,Nagreg,FL,1,2022
1057.3000000000002,263.7141542350797,110.87715577184075,470.6653096648256,280.0,359.5516213015377,100.0,1321.0141542350798,1110.2169309663632,32.19115865622833,-1.2833908904607387,1,Nagreg,FL,1,2023
1222.6,287.48511575248193,187.48511575248193,524.3599695914636,280.0,500.1439520272946,100.0,1510.085115752482,1304.503921618758,34.53611989731153,-0.6826472645992316,1,Nagreg,FL,1,2024
2031.0000000000002,121.22936954710447,121.22936954710447,430.6434223692545,192.0,1323.076069285673,0.0,2152.229369547105,1945.7194916549274,33.496465628941294,16.290997142974106,0,Nagreg,SRI,1,2016
1275.4,82.10303028484988,71.95647130817144,441.21519881581344,192.0,515.5243744731731,0.0,1357.50303028485,1148.7395732889865,25.926516191485167,-4.246558976678425,2,Nagreg,SRI,1,2017
872.3,208.19300585149188,208.19300585149188,452.0813809597128,189.11999999999995,269.03906743389877,0.0,1080.493005851492,910.2404483936116,24.599243012630865,-9.470816811943875,10,Nagreg,SRI,1,2018
1361.5,171.94069458334656,157.98825319358525,450.73644597257737,192.0,686.7453172543426,0.0,1533.4406945833466,1329.48176322692,30.633526002352706,-3.952441389761305,2,Nagreg,SRI,1,2019
1858.1,96.05682446162031,96.05682446162031,453.02893242354105,192.0,1109.3114896241732,0.0,1954.1568244616203,1754.3404220477141,32.013820656143345,15.87617060198971,0,Nagreg,SRI,1,2020
1346.0,103.31388955212168,103.31388955212168,414.63828703385775,192.0,644.728748099935,0.0,1449.3138895521217,1251.3670351337928,30.50208725177542,-1.4522239110867532,3,Nagreg,SRI,1,2021
1080.5,151.65301820771003,138.71013835894715,463.5996142720155,192.0,368.2912625789719,0.0,1232.15301820771,1023.8908768509874,28.867538994804125,-5.40343030272801,4,Nagreg,SRI,1,2022
1057.3000000000002,137.33694724238077,110.87715577184075,455.14238698040117,192.0,339.02889508070143,0.0,1194.636947242381,986.1712820611026,23.005558380040146,-4.735151588408471,12,Nagreg,SRI,1,2023
1222.6,187.48511575248196,187.48511575248193,507.2958136580762,192.0,514.0382581017404,0.0,1410.085115752482,1213.3340717598167,28.592385753027457,2.0613258347650696,0,Nagreg,SRI,1,2024
2036.1,204.78004055612735,65.13938077906482,444.8054874007112,280.0,1333.2233440992818,100.0,2240.8800405561274,2058.028831499993,39.050037062970304,-4.2556148702822965,7,Nagreg,FL,2,2015
1761.9,234.136621061501,134.13662106150096,446.3859035339525,280.0,1075.3468234102315,100.0,1996.0366210615011,1801.732726944184,42.14950950330152,8.067346213319892,0,Nagreg,FL,2,2016
903.5,338.8911517148217,202.28590428414844,460.64158846452204,280.0,323.84598856474656,100.0,1242.3911517148217,1064.4875770292688,33.0903647292272,-4.41548330085072,4,Nagreg,FL,2,2017
774.5,421.7645169316301,195.72269669644658,472.2310261493466,280.0,262.50431550420547,100.0,1196.2645169316302,1014.735341653552,25.458465993384408,-4.230515456282304,9,Nagreg,FL,2,2018
1236.1,313.74604794686456,165.85668999346868,465.77307729111243,280.0,621.9179116736541,100.0,1549.8460479468645,1367.6909889647666,36.55436130262033,-2.4693389941979014,3,Nagreg,FL,2,2019
1673.6,216.6740172405738,116.67401724057378,452.66669025236354,280.0,942.2301433026488,100.0,1890.2740172405738,1674.8968335550123,41.60149980833857,13.845669122612474,0,Nagreg,FL,2,2020
1096.2,274.78236696074316,116.16777704516475,445.6789475151281,280.0,432.4605308551178,100.0,1370.982366960743,1158.1394783702458,33.633356309255596,-3.091976912166237,5,Nagreg,FL,2,2021
1005.4000000000001,304.7947238155821,188.49472381558198,484.2157726258397,280.0,350.738020781434,100.0,1310.1947238155822,1114.9537934072737,36.4739814774664,7.953145224475659,0,Nagreg,FL,2,2022
999.6999999999999,326.3129890177408,198.83015438846192,477.9609582203244,280.0,395.59086858466117,100.0,1326.0129890177407,1153.5518268049855,37.16925902959788,-2.6255698331280106,1,Nagreg,FL,2,2023
1162.5,267.9894427776564,119.62728635100021,508.4948532183098,280.0,468.0703479196488,100.0,1430.4894427776564,1256.5652011379586,34.0790521120127,-4.82629308170232,6,Nagreg,FL,2,2024
2036.1,65.13938077906482,65.13938077906482,429.9494182235136,188.15999999999997,1331.9007502882457,0.0,2101.239380779065,1950.0101685117593,29.356009076113885,-27.540950776321584,11,Nagreg,SRI,2,2015
1761.9,134.136621061501,134.13662106150096,431.342237594225,192.0,1080.9103958635176,0.0,1896.0366210615011,1704.2526334577426,32.75300961858181,8.89143189437613,0,Nagreg,SRI,2,2016
903.5,202.28590428414844,202.28590428414844,444.772192080192,188.64,324.38182578777935,0.0,1105.7859042841485,957.7940178679713,25.96769159756661,-31.330152774913483,8,Nagreg,SRI,2,2017
774.5,262.2369567663752,195.72269669644658,455.7632446861325,175.67999999999998,246.38958785303686,0.0,1036.7369567663752,877.8328325391694,9.819018391046823,-33.527568507114104,42,Nagreg,SRI,2,2018
1236.1,177.74859742021664,165.85668999346868,450.1501871574212,190.55999999999997,606.6375305162194,0.0,1413.8485974202165,1247.3477176736405,28.347789265934523,-11.161788179715652,5,Nagreg,SRI,2,2019
1673.6,116.67401724057376,116.67401724057378,437.231794454225,192.0,954.9822121049726,0.0,1790.2740172405736,1584.2140065591975,32.34400558953731,14.673929824368786,0,Nagreg,SRI,2,2020
1096.2,116.16777704516477,116.16777704516475,429.71466058123053,186.24,391.0778860915772,0.0,1212.3677770451648,1007.0325466728077,23.278643374239934,-21.935990097693043,14,Nagreg,SRI,2,2021
1005.4000000000001,188.49472381558203,188.49472381558198,467.82850992146354,192.0,332.2616502476983,0.0,1193.8947238155822,992.0901601691619,28.26177949087295,-0.9515367840868292,2,Nagreg,SRI,2,2022
999.6999999999999,212.17454511052014,198.83015438846192,461.4217932758313,192.0,385.16848895685627,0.0,1211.87454511052,1038.5902822326875,26.444556341533893,-4.144390722058214,3,Nagreg,SRI,2,2023
1162.5,119.62728635100022,119.62728635100021,491.2325628414688,184.79999999999998,463.4342952049409,0.0,1282.1272863510003,1139.4668580464097,24.748085757072875,-32.4152714312852,16,Nagreg,SRI,2,2024
1634.1000000000001,263.00614962695767,44.0451996838796,451.4242161034714,280.0,983.3386630379135,100.0,1897.1061496269579,1714.762879141385,32.209106797106756,-4.933548904091646,7,Nagreg,FL,3,2015
1628.3000000000002,169.2273849849733,47.56238007811271,431.72603410501347,280.0,892.6582052745671,100.0,1797.5273849849734,1604.3842393795805,36.92181176628496,-2.2650049068605957,1,Nagreg,FL,3,2016
809.1,353.84648836902994,153.20407515594687,462.21787702738357,280.0,244.77412011736854,100.0,1162.94648836903,986.9919971447521,29.731160191996178,-5.06922343562863,6,Nagreg,FL,3,2017
616.0999999999999,435.80719189729064,170.03862991738663,484.4027284083443,280.0,111.09996117008046,100.0,1051.9071918972904,875.5026895784247,23.632538579746182,-5.0110276228862505,9,Nagreg,FL,3,2018
1075.1,357.45245730269437,132.8642648321842,472.47025336923537,280.0,500.6469918805473,100.0,1432.5524573026942,1253.1172452497826,30.84652048847857,-5.0805167877141315,9,Nagreg,FL,3,2019
1423.5,163.23907252385834,63.239072523858354,441.57282815897486,280.0,673.8102109124269,100.0,1586.7390725238583,1395.3830390714018,38.87153119299146,9.439253296145127,0,Nagreg,FL,3,2020
1026.9,254.50729807544045,120.99798265528774,454.73386627151854,280.0,357.26578984806406,100.0,1281.4072980754406,1091.9996561195826,30.498727006106602,-3.488439436085359,6,Nagreg,FL,3,2021
980.4000000000001,290.1652990714568,171.4652990714568,466.2293822032164,280.0,308.5472938882133,100.0,1270.5652990714568,1054.7766760914296,39.69581832977887,13.089245341467887,0,Nagreg,FL,3,2022
906.3,357.03530608552217,145.05123837963487,472.3795654737325,280.0,317.6888632834966,100.0,1263.335306085522,1070.0684287572292,30.1322736571474,-4.533221989440895,10,Nagreg,FL,3,2023
958.3,235.02502583267392,92.58044029652069,501.2537776343423,280.0,240.0161045892584,100.0,1193.3250258326739,1021.2698822236007,27.492506507157998,-4.299962438742393,6,Nagreg,FL,3,2024
1634.1000000000001,138.2672002395435,44.0451996838796,436.22818299861524,175.2,987.2812974317889,0.0,1772.3672002395438,1598.7094804304043,17.76557709307415,-32.10726456814119,39,Nagreg,SRI,3,2015
1628.3000000000002,47.5623800781127,47.56238007811271,416.848337344176,192.0,871.4405104375226,0.0,1675.862380078113,1480.2888477816987,29.670261679885805,2.9627801040267983,0,Nagreg,SRI,3,2016
809.1,217.1996728886861,153.20407515594687,446.27646334442676,176.15999999999997,246.81076733131897,0.0,1026.299672888686,869.2472306757458,16.379070327330854,-34.14183827977,35,Nagreg,SRI,3,2017
616.0999999999999,333.48811293826077,170.03862991738663,467.75608992483797,169.91999999999996,138.47255139300054,0.0,949.5881129382607,776.1486413178385,6.238979320030193,-34.408468540545854,49,Nagreg,SRI,3,2018
1075.1,229.1236813466441,132.8642648321842,456.5921027445352,178.07999999999998,503.1891216568606,0.0,1304.223681346644,1137.8612244013957,18.18247344608267,-34.00934758441233,31,Nagreg,SRI,3,2019
1423.5,63.23907252385834,63.239072523858354,426.4478684889816,192.0,680.286020613812,0.0,1486.7390725238583,1298.7338891027935,30.93669043993026,6.088403264753269,0,Nagreg,SRI,3,2020
1026.9,120.99798265528776,120.99798265528774,438.71398492205515,188.15999999999997,332.82109757348604,0.0,1147.897982655288,959.6950824955411,20.343339816614947,-12.602712779214269,16,Nagreg,SRI,3,2021
980.4000000000001,171.4652990714568,171.4652990714568,450.1495110536453,192.0,302.1102381343619,0.0,1151.8652990714568,944.2597491880072,29.21428727095981,-2.6909398450376694,3,Nagreg,SRI,3,2022
906.3,207.7464558856072,145.05123837963487,455.83770453241254,180.48,292.7753959246096,0.0,1114.0464558856072,929.0931004570222,17.180566000918805,-32.35603060530765,26,Nagreg,SRI,3,2023
958.3,125.25495101992776,92.58044029652069,484.0551731012123,179.51999999999998,266.30216376553426,0.0,1083.5549510199278,929.8773368667465,15.463138459032603,-27.674510723407057,31,Nagreg,SRI,3,2024
1034.9,388.5263148704456,75.3282426186886,463.5352994292519,280.0,501.75336128332185,100.0,1423.4263148704458,1245.2886607125738,23.53538135684383,-4.47743435592743,10,Nagreg,FL,4,2015
971.3,242.64866768323242,77.26782347558787,440.43850427244377,280.0,321.64695679189447,100.0,1213.9486676832323,1042.0854610643382,31.64097060321192,-5.06201307516371,10,Nagreg,FL,4,2016
584.3,438.72196724741195,169.15903583265577,464.78817823788324,280.0,106.51872347197559,100.0,1023.0219672474119,851.3069017098588,19.478061746343165,-4.390511005705585,12,Nagreg,FL,4,2017
433.8,554.2333183732374,150.34425188138673,489.62250907463266,280.0,44.99871663177514,100.0,988.0333183732373,814.6212257064078,8.173302629643795,-1.8070297797599713,10,Nagreg,FL,4,2018
682.1999999999999,527.7155259219463,176.29406105518146,482.2378769524725,280.0,264.0560893858831,100.0,1209.9155259219463,1026.2939663383556,23.173157431566086,-4.34081773887038,10,Nagreg,FL,4,2019
1054.8000000000002,320.5440123886256,126.39720869300584,448.2464481857876,280.0,469.5174411415709,100.0,1375.3440123886257,1197.7638893273584,32.302147056386644,-4.631357373191578,7,Nagreg,FL,4,2020
816.3,351.55788942545234,150.9768495788617,461.064029145325,280.0,252.6224520465123,100.0,1167.8578894254524,993.6864811918373,26.389209926482526,-5.022844433440241,7,Nagreg,FL,4,2021
889.1999999999999,254.0453867391899,128.2579701657275,462.31676934441776,280.0,222.109298861871,100.0,1143.2453867391898,964.4260682062887,33.7909187727973,-5.195617326092244,3,Nagreg,FL,4,2022
756.0999999999999,415.17738536104275,147.9032371470976,488.8923627975058,280.0,225.4504098033844,100.0,1171.2773853610427,994.3427726008902,21.252962132589513,-5.214305359114944,8,Nagreg,FL,4,2023
727.8,337.82718940708764,165.26331974288112,490.8556817508759,280.0,117.24211991385549,100.0,1065.6271894070876,888.0978016647314,23.539124114722053,-5.520095930369114,6,Nagreg,FL,4,2024
1034.9,266.0970950796949,75.3282426186886,447.48520571450473,167.99999999999997,528.431237033531,0.0,1300.997095079695,1143.9164427480357,6.187700130487757,-32.65060961350694,55,Nagreg,SRI,4,2015
971.3,108.06671711020459,77.26782347558787,425.92751893826716,179.04,309.6524532002677,0.0,1079.3667171102045,914.6199721385349,17.668673926572907,-31.39889363461674,28,Nagreg,SRI,4,2016
584.3,295.7150992187639,169.15903583265577,449.41530576097813,169.92,118.49791757322242,0.0,880.0150992187639,737.8332233342005,4.6931708818639954,-33.28340844536275,56,Nagreg,SRI,4,2017
433.8,403.4834873976049,150.34425188138673,473.51070385471235,161.27999999999997,44.99871663177514,0.0,837.2834873976049,679.7894204864874,-8.139590997006888,-33.869212417478224,76,Nagreg,SRI,4,2018
682.1999999999999,366.32975430234285,176.29406105518146,465.7318513203326,167.99999999999997,266.78786893167194,0.0,1048.5297543023428,900.5197202520045,6.337112249318976,-33.19982199117639,56,Nagreg,SRI,4,2019
1054.8000000000002,158.56070616065315,126.39720869300584,433.6574224141335,181.44,440.3869790624758,0.0,1213.3607061606533,1055.4844014766093,20.22224417205912,-32.76349746764735,24,Nagreg,SRI,4,2020
816.3,194.8005738291703,150.9768495788617,445.8682462791466,181.92,211.65352802229546,0.0,1011.1005738291702,839.4417743014421,10.153419447280209,-32.1674797922606,33,Nagreg,SRI,4,2021
889.1999999999999,128.25797016572747,128.2579701657275,447.33340087489694,188.16,210.22783861174423,0.0,1017.4579701657274,845.7212394866411,24.82641479052779,-17.72373262396036,11,Nagreg,SRI,4,2022
756.0999999999999,275.0484829610091,147.9032371470976,472.8530982747795,173.27999999999997,216.7693818765144,0.0,1031.148482961009,862.902480151294,7.6608757643195835,-30.923655714369325,48,Nagreg,SRI,4,2023
727.8,197.13646748097568,165.26331974288112,474.57421999004094,173.75999999999996,124.62470929239709,0.0,924.9364674809756,772.958929282438,7.200046200023892,-26.873147738094524,49,Nagreg,SRI,4,2024
634.6999999999999,559.1673286855666,61.16808441982145,489.05447725445157,280.0,240.14561239293755,100.0,1193.8673286855665,1009.2000896473891,10.112868675018904,-5.739906630268188,11,Nagreg,FL,5,2015
656.6,319.35861096832025,114.68393326993889,443.2446505490496,280.0,75.47780113833772,100.0,975.9586109683203,798.7224516873873,24.169648056243506,-5.328274299680877,10,Nagreg,FL,5,2016
358.0,600.1340903644996,166.14512891124647,474.6047937857177,280.0,28.208620528071805,100.0,958.1340903644996,782.8134143137895,9.72291089413414,-4.716395580240975,12,Nagreg,FL,5,2017
208.1,752.963695176583,244.32845403609912,508.339889222564,280.0,1.3575609519557599,100.0,961.063695176583,789.6974501745198,7.551191679520907,-5.82612235785891,12,Nagreg,FL,5,2018
515.9,652.2606914142985,109.3610898673302,513.4828726355479,280.0,193.80242051935292,100.0,1168.1606914142985,987.2852931549008,7.042044128888243,-3.1847542893599767,10,Nagreg,FL,5,2019
806.4,348.0255556529337,109.13759313472006,453.6799463842747,280.0,246.0520329308693,100.0,1154.4255556529338,979.7319793151439,16.483327596855315,-4.666323908380028,7,Nagreg,FL,5,2020
637.5,529.9627259314976,231.18642582865894,471.3094844275121,280.0,237.08932853403712,100.0,1167.4627259314975,988.3988129615492,23.432516526787495,-4.952255150910778,11,Nagreg,FL,5,2021
656.4000000000001,375.5909482375119,148.3110882511005,468.65282710577907,280.0,108.3389609000437,100.0,1031.990948237512,856.9917880058229,21.406692524304166,-5.299199886785077,10,Nagreg,FL,5,2022
523.0,503.9567705585223,169.90733722542936,493.42019326377726,280.0,76.25409248212017,100.0,1026.9567705585223,849.6742857458975,16.09000967006719,-4.827570827730076,10,Nagreg,FL,5,2023
516.4,510.26952700998345,141.1535423488159,502.996946695733,280.0,73.12443314233066,100.0,1026.6695270099835,856.1213798380636,15.020542948918283,-5.685597733090029,12,Nagreg,FL,5,2024
634.6999999999999,405.32919385963794,61.16808441982145,472.02971889036615,156.95999999999998,240.14561239293755,0.0,1040.0291938596379,869.1353312833037,-9.498882274291473,-33.847796232692296,83,Nagreg,SRI,5,2015
656.6,176.76141206057036,114.68393326993889,428.8458173675499,177.11999999999998,72.43528993183865,0.0,833.3614120605704,678.4011072993885,10.21068200982812,-31.43892497833285,45,Nagreg,SRI,5,2016
358.0,452.9469552687342,166.14512891124647,459.18578814583736,160.32,28.208620528071805,0.0,810.9469552687342,647.7144086739092,-8.710306317324747,-32.95594931413086,77,Nagreg,SRI,5,2017
208.1,615.044518601535,244.32845403609912,491.50297326565664,161.27999999999997,1.3575609519557599,0.0,823.144518601535,654.1405342176124,-8.874251496530105,-33.73089619507381,81,Nagreg,SRI,5,2018
515.9,504.2812172693191,109.3610898673302,495.7782890024226,158.39999999999998,193.80242051935292,0.0,1020.1812172693191,847.9807095217756,-10.529773211117172,-34.84555186986583,83,Nagreg,SRI,5,2019
806.4,205.19710466426926,109.13759313472006,438.5843635753535,171.35999999999996,245.22682149092947,0.0,1011.5971046642692,855.171185066283,7.5125854938690875,-32.201620475015,47,Nagreg,SRI,5,2020
637.5,368.8279841506972,231.18642582865894,456.0721295978252,174.71999999999997,225.59287811406,0.0,1006.3279841506971,856.3850077118851,7.034090832740402,-31.443889114216752,46,Nagreg,SRI,5,2021
656.4000000000001,222.05989749559245,148.3110882511005,453.65949241687133,174.71999999999997,91.10594541958609,0.0,878.4598974955925,719.4854378364573,8.020650158553723,-31.52764907758429,43,Nagreg,SRI,5,2022
523.0,362.8270191749886,169.90733722542936,477.30919351200123,163.2,86.42326377370316,0.0,885.8270191749887,726.9324572857045,-2.164051162746227,-33.8057954742183,68,Nagreg,SRI,5,2023
516.4,331.7759270771039,141.1535423488159,486.8535514335193,165.59999999999997,52.7781136605892,0.0,848.1759270771039,705.2316650941085,-4.6056071209585,-33.65014373900148,68,Nagreg,SRI,5,2024
116.1,893.8294026518275,292.12341911667556,541.1764937813956,280.0,10.612234895872115,100.0,1009.9294026518276,831.7887286772677,7.0807659784247265,-4.07953443685935,10,Nagreg,FL,6,2015
563.5,455.43734137832837,191.45616820809292,455.2824917152517,280.0,87.38918361459366,100.0,1018.9373413783284,822.6716753298454,14.04043809189387,-0.3814651947029031,1,Nagreg,FL,6,2016
169.79999999999998,797.0314043039073,278.8036442563799,511.53081575363314,280.0,1.8224414497369619,100.0,966.8314043039072,793.35325720337,6.662806994799952,-5.093242710666491,12,Nagreg,FL,6,2017
128.0,869.0023522984952,309.99356772745375,538.6784334219193,280.0,0.0,100.0,997.0023522984952,818.6784334219193,7.364393856287486,-6.156697424629965,11,Nagreg,FL,6,2018
100.4,919.2446815861274,288.0812940883536,561.4241245888152,280.0,0.0,100.0,1019.6446815861274,841.4241245888152,6.987249997968908,-4.709565494687234,12,Nagreg,FL,6,2019
448.9,564.0138804265564,187.12489695439118,489.8104982036891,280.0,65.58520927871885,100.0,1012.9138804265564,835.3957074824079,12.428882200824683,-6.317400648442908,11,Nagreg,FL,6,2020
576.1999999999999,552.4853259353724,221.94005888046115,480.0058183463765,280.0,187.79531895435338,100.0,1128.6853259353725,947.8011373007298,11.87427174343652,-3.2988314858059837,12,Nagreg,FL,6,2021
488.0,455.49319447409306,206.86337492984944,482.94176881550237,280.0,1.6031561744504064,100.0,943.4931944740931,764.5449249899528,14.004951050635249,-5.499801399320687,8,Nagreg,FL,6,2022
326.6,723.780648069991,237.6811146075184,522.450661161397,280.0,67.8187266136259,100.0,1050.380648069991,870.2693877750229,12.08405137123004,-3.8506031305016863,11,Nagreg,FL,6,2023
357.29999999999995,700.2040569380806,267.8577729987954,530.6896307698605,280.0,78.27510004415441,100.0,1057.5040569380806,888.964730814015,12.720398129250857,-5.450796236981532,5,Nagreg,FL,6,2024
116.1,724.5617598392,292.12341911667556,522.5657297330911,157.91999999999996,10.612234895872115,0.0,840.6617598392,691.0979646289632,-10.655185711068361,-32.75021375562095,89,Nagreg,SRI,6,2015
563.5,308.7786846694831,191.45616820809292,439.59281179868105,169.44,71.39002632557688,0.0,872.278684669483,680.4228381242579,-0.6351961930741115,-27.896894250829757,56,Nagreg,SRI,6,2016
169.79999999999998,655.6796217589099,278.8036442563799,494.2409594542644,158.39999999999998,1.8224414497369619,0.0,825.4796217589098,654.4634009040013,-9.28721904484554,-34.6059321496608,87,Nagreg,SRI,6,2017
128.0,711.6418782809673,309.99356772745375,520.1749828814001,159.83999999999997,0.0,0.0,839.6418782809673,680.0149828814001,-9.404506622912837,-34.40822050523133,83,Nagreg,SRI,6,2018
100.4,754.177882188419,288.0812940883536,541.9278439707815,157.43999999999997,0.0,0.0,854.5778821884189,699.3678439707815,-10.772152941851699,-33.814427261069014,89,Nagreg,SRI,6,2019
448.9,416.22435903444324,187.12489695439118,473.06892333552383,159.83999999999997,62.04852831197957,0.0,865.1243590344432,694.9574516475034,-5.142409197153304,-35.19571377698521,78,Nagreg,SRI,6,2020
576.1999999999999,407.9999297837982,221.94005888046115,463.6187624647798,168.95999999999998,189.43867409853914,0.0,984.1999297837981,822.017436563319,-0.9492483627159363,-30.31581927599947,67,Nagreg,SRI,6,2021
488.0,336.81556687086794,206.86337492984944,466.2547779201599,174.23999999999998,3.076698573989569,0.0,824.815566870868,643.5714764941495,3.7282618639103604,-34.46254466589431,52,Nagreg,SRI,6,2022
326.6,543.2721904963296,237.6811146075184,504.67261528850463,160.31999999999996,61.879697269480374,0.0,869.8721904963296,726.872312557985,-7.904619846119801,-33.60493369346201,79,Nagreg,SRI,6,2023
357.29999999999995,527.2000890606406,267.8577729987954,512.5391340002161,163.68,43.36114516267314,0.0,884.5000890606406,719.5802791628893,-3.666139621549294,-30.05996349497462,75,Nagreg,SRI,6,2024
96.5,937.5734557969088,309.3573614929298,584.0932850698352,280.0,0.0,100.0,1034.0734557969088,864.0932850698352,6.633258632482342,-6.880638937709503,11,Nagreg,FL,7,2015
804.6999999999999,471.0562935032609,262.7819068098558,454.57667927499006,280.0,336.3239627183776,100.0,1275.7562935032608,1070.9006419933676,25.829182049779245,3.1032195487587746,0,Nagreg,FL,7,2016
375.6,743.2930639679292,282.4542600698689,521.5530068686376,280.0,107.99905336503197,100.0,1118.8930639679293,909.5520602336695,12.853982327542095,-1.2283024687949293,1,Nagreg,FL,7,2017
121.60000000000001,919.7687377786483,294.24292629885434,574.6815794920581,280.0,10.16026724818685,100.0,1041.3687377786482,864.8418467402449,6.845450262105999,-4.877682794170992,11,Nagreg,FL,7,2018
86.30000000000001,973.1897201220124,330.70537342664966,610.1649303789322,280.0,0.0,100.0,1059.4897201220124,890.1649303789322,6.151453205509986,-5.107115283245542,16,Nagreg,FL,7,2019
481.9000000000001,600.2409672430583,248.3132308702419,523.9482734471604,280.0,91.05589105325555,100.0,1082.1409672430584,895.004164500416,10.523095887559318,-5.91281414369812,7,Nagreg,FL,7,2020
378.1,598.4737481695487,215.14398517580338,507.6313191932416,280.0,2.7034788229195037,100.0,976.5737481695487,790.334798016161,9.175690860050324,-5.823231442406419,11,Nagreg,FL,7,2021
563.1999999999999,487.47428069149345,201.85522915796946,495.30879136969423,280.0,54.601069823787704,100.0,1050.6742806914933,829.909861193482,17.3887794394067,-2.2275858907209196,4,Nagreg,FL,7,2022
182.29999999999998,849.3514996084072,273.132774279442,574.6018879782716,280.0,4.542295569497728,100.0,1031.6514996084072,859.1441835477693,8.216321744163114,-4.970739920925265,14,Nagreg,FL,7,2023
333.40000000000003,727.5633576971907,262.66046167646994,559.058414984396,280.0,40.96686659313128,100.0,1060.9633576971908,880.0252815775273,12.242442782809526,-4.22166395755119,8,Nagreg,FL,7,2024
96.5,769.9343402013842,309.3573614929298,563.2611723472426,158.39999999999998,0.0,0.0,866.4343402013842,721.6611723472425,-10.479724442454165,-35.17280811045681,88,Nagreg,SRI,7,2015
804.6999999999999,352.8006003626805,262.7819068098558,438.4124077373391,183.83999999999997,337.8746571960977,0.0,1157.5006003626804,960.1270649334368,10.500373284809669,-28.68901177886105,34,Nagreg,SRI,7,2016
375.6,616.5307504198853,282.4542600698689,502.1844322594768,167.52,115.73336600503067,0.0,992.1307504198853,785.4377982645075,-2.1834151962064463,-29.946052053815958,68,Nagreg,SRI,7,2017
121.60000000000001,769.4360078323166,294.24292629885434,554.2613376735953,157.44,10.16026724818685,0.0,891.0360078323166,721.8616049217823,-10.380502060570809,-34.78538493513004,90,Nagreg,SRI,7,2018
86.30000000000001,809.0073311334601,330.70537342664966,588.2460559418755,157.43999999999997,0.0,0.0,895.3073311334601,745.6860559418755,-11.223738543787727,-34.71543717316122,91,Nagreg,SRI,7,2019
481.9000000000001,485.9423926675229,248.3132308702419,504.7242072520659,171.84,98.40447495829324,0.0,967.842392667523,774.9686822103591,-3.1210603313710017,-29.10424862220099,69,Nagreg,SRI,7,2020
378.1,436.7345002444032,215.14398517580338,489.8331711502591,162.24,2.7034788229195037,0.0,814.8345002444032,654.7766499731786,-9.074561352273479,-34.85447177166248,87,Nagreg,SRI,7,2021
563.1999999999999,362.75846275528636,201.85522915796946,477.18303378291415,176.64,61.24904010529781,0.0,925.9584627552863,715.0720738882119,2.191626111042105,-29.42768833763826,46,Nagreg,SRI,7,2022
182.29999999999998,691.7239810691974,273.132774279442,553.9973505094586,156.0,4.542295569497728,0.0,874.0239810691974,714.5396460789563,-10.076554879989759,-35.13893987688785,91,Nagreg,SRI,7,2023
333.40000000000003,545.8345714947898,262.66046167646994,538.9501243003119,159.83999999999997,19.747514664162964,0.0,879.2345714947899,718.5376389644748,-6.26201212953088,-33.726093658410456,80,Nagreg,SRI,7,2024
185.5,927.2582115460559,335.4415713915765,616.9384750193976,280.0,21.681776212299745,100.0,1112.758211546056,918.6202512316974,10.54154069390461,-4.8066841647145075,5,Nagreg,FL,8,2015
1165.8,458.38824942549786,242.6054638344109,454.7378883829665,280.0,675.37188183936,100.0,1624.1882494254978,1410.1097702223265,33.583832286427054,5.136812335221491,0,Nagreg,FL,8,2016
516.5999999999999,690.4431379509697,313.9338178664705,539.7035612829587,280.0,176.45471969916724,100.0,1207.0431379509696,996.1582809821259,17.489932896334967,-4.705889982903771,5,Nagreg,FL,8,2017
298.6,826.1741997331865,346.79777821151674,587.549386315402,280.0,62.10444350925678,100.0,1124.7741997331864,929.6538298246587,11.135793354155693,-0.915000190007663,5,Nagreg,FL,8,2018
148.9,943.6869541312897,337.1240177982327,647.6733231612227,280.0,0.0,100.0,1092.5869541312898,927.6733231612227,7.262714163052196,-4.912126491910267,8,Nagreg,FL,8,2019
591.4000000000001,582.0410235390304,298.6955844065643,533.2038606430705,280.0,161.52387623265014,100.0,1173.4410235390305,974.7277368757207,21.53943343568056,2.124032408163541,0,Nagreg,FL,8,2020
644.5999999999999,580.4886908545978,318.22454436806197,525.7040424533084,280.0,204.37143660277957,100.0,1225.0886908545976,1010.0754790560879,16.284324640983264,0.010724444107248488,0,Nagreg,FL,8,2021
751.8000000000002,516.4237754700895,276.2185608483969,506.08382688982533,280.0,264.85000777417963,100.0,1268.2237754700895,1050.933834664005,23.926737119271895,1.4522127499257103,0,Nagreg,FL,8,2022
208.89999999999998,882.369399392315,293.5277460596383,619.8076453717284,280.0,12.532129906957344,100.0,1091.2693993923149,912.3397752786858,6.136942678955165,-6.45049633294424,18,Nagreg,FL,8,2023
435.99999999999994,730.8580334679398,311.9786912262056,589.1142077460551,280.0,83.09642954686251,100.0,1166.8580334679398,952.2106372929176,13.673229356891675,-3.439790661124125,2,Nagreg,FL,8,2024
185.5,781.5030950248271,335.4415713915765,594.1150795240837,165.12,18.59913878998918,0.0,967.0030950248271,777.8342183140729,-5.165059274348624,-30.72442326607937,77,Nagreg,SRI,8,2015
1165.8,316.87005587987164,242.6054638344109,439.55402838205976,190.56,645.9721938097207,0.0,1482.6700558798716,1276.0862221917805,21.055704325175153,-9.939273698606712,11,Nagreg,SRI,8,2016
516.5999999999999,531.7203969389473,313.9338178664705,520.5737944038896,176.64,149.38206661229378,0.0,1048.3203969389472,846.5958610161833,5.072852363119086,-26.592137673614335,45,Nagreg,SRI,8,2017
298.6,698.6895751013151,346.79777821151674,566.2395693927344,168.96,72.77711567078907,0.0,997.2895751013151,807.9766850635235,-3.078222319224992,-29.569825184448277,69,Nagreg,SRI,8,2018
148.9,787.0708947156338,337.1240177982327,624.1599890705561,160.8,0.0,0.0,935.9708947156338,784.959989070556,-9.234245503123105,-30.898709969642805,89,Nagreg,SRI,8,2019
591.4000000000001,446.85484253336836,298.6955844065643,514.0057749706533,180.0,144.66509527834938,0.0,1038.2548425333684,838.6708702490027,7.340683809796289,-23.560436247734188,40,Nagreg,SRI,8,2020
644.5999999999999,441.9555134253791,318.22454436806197,506.7309171767648,167.51999999999998,207.29138445010432,0.0,1086.555513425379,881.5423016268692,-1.4641870280729388,-27.254933563465563,66,Nagreg,SRI,8,2021
751.8000000000002,390.91282557819045,276.2185608483969,488.45129139173696,178.56,268.41159338036897,0.0,1142.7128255781906,935.4228847721058,8.365109637119549,-28.06653319310498,40,Nagreg,SRI,8,2022
208.89999999999998,727.3870076890208,293.5277460596383,596.8234981130242,156.95999999999998,12.532129906957344,0.0,936.2870076890208,766.3156280199817,-10.339998685185487,-32.915659855931864,93,Nagreg,SRI,8,2023
435.99999999999994,567.6964104788684,311.9786912262056,567.780435354543,169.92000000000002,61.34857894930302,0.0,1003.6964104788683,799.0490143038461,-2.7564931648182003,-29.855966403751836,69,Nagreg,SRI,8,2024
581.9,788.8423017140402,355.04600880579335,603.0873938818103,280.0,282.1849985312248,100.0,1370.7423017140402,1165.272392413035,20.752021292281185,-1.3887236169894681,1,Nagreg,FL,9,2015
1627.2000000000003,417.5855275426926,258.93668959350214,453.05169550718216,280.0,1097.8407274886588,100.0,2044.7855275426928,1830.892422995841,36.89837768167205,5.698048565731282,0,Nagreg,FL,9,2016
669.8,595.5886187204902,344.43746425625653,526.1391426763455,280.0,252.14429816624343,100.0,1265.3886187204903,1058.283440842589,29.327880991852783,5.872886840064932,0,Nagreg,FL,9,2017
549.6,694.6638792320892,343.8190754929877,575.4683458265216,280.0,185.15771294915908,100.0,1244.2638792320893,1040.6260587756806,18.624098146133473,-0.08161458167548741,1,Nagreg,FL,9,2018
404.3,793.9984734964152,351.3707654103241,647.3946113098682,280.0,67.47676993013545,100.0,1198.2984734964152,994.8713812400036,13.466006117530194,-2.820602502417747,6,Nagreg,FL,9,2019
893.7,508.09590207434707,294.06866365378306,521.6637661000482,280.0,392.95353362802166,100.0,1401.7959020743472,1194.6172997280698,32.580737964684474,6.213371717477163,0,Nagreg,FL,9,2020
946.6,490.8020876632432,287.6718519939416,519.219908202796,280.0,425.9822410127525,100.0,1437.4020876632433,1225.2021492155486,25.117926558383513,1.497826889919799,0,Nagreg,FL,9,2021
985.9,469.1863674901096,293.0859971588819,512.5453826531448,280.0,457.3743871197943,100.0,1455.0863674901095,1249.9197697729392,32.13674232612947,4.957333892082007,0,Nagreg,FL,9,2022
336.2,773.7507985369531,338.4389348467447,638.865431848433,280.0,20.864408054643185,100.0,1109.950798536953,939.7298399030761,12.53275176611002,-1.1568908513451932,3,Nagreg,FL,9,2023
756.7999999999998,609.3533810148245,350.6081945979468,580.9962604511252,280.0,304.8967623531558,100.0,1366.1533810148244,1165.893022804281,24.555479332295853,-0.7965124358012261,1,Nagreg,FL,9,2024
581.9,661.4793742863368,355.04600880579335,581.9085343007702,177.12,288.8809306845613,0.0,1243.3793742863368,1047.9094649853314,6.251479387356845,-30.04805798589881,50,Nagreg,SRI,9,2015
1627.2000000000003,297.55237073131445,258.93668959350214,438.44591709910446,192.0,1090.4133490853585,0.0,1924.7523707313148,1720.859266184463,27.6670085123272,-4.819138992893944,4,Nagreg,SRI,9,2016
669.8,451.65946203547685,344.43746425625653,509.2947714669749,190.07999999999998,224.97951269060067,0.0,1121.459462035477,924.3542841575755,19.970407024559446,-6.230159266461189,15,Nagreg,SRI,9,2017
549.6,564.196322190815,343.8190754929877,556.0290411541176,181.44,180.22676970079303,0.0,1113.7963221908149,917.6958108549106,7.128677217504967,-24.117675321528367,40,Nagreg,SRI,9,2018
404.3,669.9387927038108,351.3707654103241,624.6619850538522,168.95999999999998,86.42029552003433,0.0,1074.2387927038108,880.0422805738864,-3.13914899849455,-30.82455578191989,75,Nagreg,SRI,9,2019
893.7,376.5110920891211,294.06866365378306,504.38717307090934,191.51999999999998,375.06972856371846,0.0,1270.2110920891212,1070.9769016346277,20.723981862051367,-5.522291678244114,9,Nagreg,SRI,9,2020
946.6,371.01547511697987,287.6718519939416,501.5596795346513,186.23999999999998,427.6158571346338,0.0,1317.61547511698,1115.415536669285,13.61725086590594,-22.28143675151165,28,Nagreg,SRI,9,2021
985.9,319.0400027372642,293.0859971588819,495.7841196028668,190.07999999999998,422.2431356403832,0.0,1304.9400027372642,1108.10725524325,21.988661261418933,-14.411763748409811,9,Nagreg,SRI,9,2022
336.2,639.9997331511499,338.4389348467447,616.3382447965027,168.95999999999998,31.69483148083365,0.0,976.19973315115,816.9930762773364,-2.5710880263025166,-30.233052891130065,71,Nagreg,SRI,9,2023
756.7999999999998,500.9933060906251,350.6081945979468,561.0717660951393,183.83999999999997,321.78250210209325,0.0,1257.7933060906248,1066.6942681972325,12.623120233026173,-30.331123402659188,29,Nagreg,SRI,9,2024
842.7000000000002,659.6177460826708,361.93584479393576,579.9748124001035,280.0,443.596239950187,100.0,1502.317746082671,1303.5710523502905,29.02667602567866,3.9537459565374826,0,Nagreg,FL,10,2015
1704.8,283.663082167769,183.66308216776898,447.9541069350226,280.0,1044.632522289949,100.0,1988.463082167769,1772.5866292249716,40.67996195397122,13.302396100345382,0,Nagreg,FL,10,2016
845.6,399.70075919884704,292.01108629506666,503.0274915405121,280.0,272.05342784584286,100.0,1245.3007591988471,1055.080919386355,34.64641301688311,-0.2071441631135702,1,Nagreg,FL,10,2017
746.5999999999999,582.018014115446,339.89946187632967,551.558947183971,280.0,295.89136011768636,100.0,1328.618014115446,1127.4503073016574,28.325502464519275,3.5341344799131003,0,Nagreg,FL,10,2018
691.3999999999999,658.626325921528,358.2793400623814,615.0752887439271,280.0,257.81495664822364,100.0,1350.0263259215278,1152.8902453921507,23.79643976431115,-0.20471155904327354,1,Nagreg,FL,10,2019
1230.4,403.95810229503564,293.25810229503566,496.93762271943217,280.0,660.2269440717317,100.0,1634.3581022950357,1437.164566791164,40.002297986256146,13.947231085970778,0,Nagreg,FL,10,2020
1098.3999999999999,448.98000457620805,259.3532774361753,508.16205361934544,280.0,561.3330460119371,100.0,1547.380004576208,1349.4950996312825,32.430984070393144,4.695748803018588,0,Nagreg,FL,10,2021
1079.5,369.35507711078003,245.8989917123398,498.1992447701541,280.0,494.6852520778104,100.0,1448.85507711078,1272.8844968479646,37.648805463232094,-4.256085398440235,2,Nagreg,FL,10,2022
654.4000000000001,668.860838915311,359.25240958915504,627.5868095009785,280.0,219.90114770896838,100.0,1323.260838915311,1127.487957209947,22.910987427641235,-1.3378709879936945,2,Nagreg,FL,10,2023
972.1,527.1408479356061,273.21088477479503,547.7515555172954,280.0,466.7063218235097,100.0,1499.240847935606,1294.4578773408052,30.931989491865824,4.495216974271442,0,Nagreg,FL,10,2024
842.7000000000002,514.599227629014,361.93584479393576,561.9581323304985,187.2,418.1942392545232,0.0,1357.2992276290142,1167.3523715850217,18.052291133037926,-24.555924702605466,24,Nagreg,SRI,10,2015
1704.8,183.663082167769,183.66308216776898,433.1776402980248,192.0,1056.7735523172864,0.0,1888.463082167769,1681.9511926153114,32.1245954127448,14.117611375580177,0,Nagreg,SRI,10,2016
845.6,292.01108629506666,292.01108629506666,487.2455744781129,191.51999999999998,271.9715473963093,0.0,1137.6110862950668,950.7371218744222,25.934045499740897,-5.378998111003316,5,Nagreg,SRI,10,2017
746.5999999999999,429.59636202428976,339.89946187632967,534.5498122445119,189.12,259.70157649111474,0.0,1176.1963620242896,983.3713887356266,18.03907051815638,-8.600841564314695,18,Nagreg,SRI,10,2018
691.3999999999999,507.2297355489757,358.2793400623814,595.0849750202636,178.07999999999998,238.32867999933484,0.0,1198.6297355489755,1011.4936550195985,6.968382081465898,-26.242919181716264,44,Nagreg,SRI,10,2019
1230.4,293.2581022950356,293.25810229503566,481.72079946476714,192.0,657.7685395180288,0.0,1523.6581022950356,1331.489338982796,30.31123522989541,4.087357510862157,0,Nagreg,SRI,10,2020
1098.3999999999999,311.39274830030956,259.3532774361753,492.13712293158727,192.0,533.6153179706254,0.0,1409.7927483003095,1217.7524409022126,22.8130310378089,-5.608161165188363,8,Nagreg,SRI,10,2021
1079.5,245.8989917123398,245.8989917123398,482.23164832379064,192.0,481.41488207222886,0.0,1325.39899171234,1155.6465303960194,29.093584626203427,-2.1761328655538765,2,Nagreg,SRI,10,2022
654.4000000000001,522.9613917124907,359.25240958915504,606.8970419094876,180.48000000000002,200.8171727915195,0.0,1177.3613917124908,988.1942147010071,6.767849037993164,-24.464227584618115,41,Nagreg,SRI,10,2023
972.1,391.09538456361963,273.21088477479503,530.54693357018,189.59999999999997,448.2654803986386,0.0,1363.1953845636197,1168.4124139688186,20.14207863031204,-23.471151978534287,18,Nagreg,SRI,10,2024
1424.7,473.32049284411755,341.98116005855985,523.3552550871011,280.0,899.5262787485079,100.0,1898.0204928441176,1702.881533835609,38.823648242288336,6.461849137718498,0,Nagreg,FL,11,2015
1619.5,209.74429223719574,99.3442922371957,438.4325170813247,280.0,902.86376420804,100.0,1829.2442922371956,1621.2962812893647,40.10604237409812,14.872279519179795,0,Nagreg,FL,11,2016
771.5,350.6530150929821,219.2184558287742,467.96532263672776,280.0,205.70088206963527,100.0,1122.153015092982,953.666204706363,29.546287997288186,-3.064172756453877,2,Nagreg,FL,11,2017
1039.4,408.900922260163,292.7009222601629,512.731672208184,280.0,452.9326128157991,100.0,1448.3009222601631,1245.6642850239832,35.71304103738812,10.571807410471251,0,Nagreg,FL,11,2018
1222.0,517.6695694788108,339.031521087439,560.315719678935,280.0,703.8076722114802,100.0,1739.669569478811,1544.1233918904152,32.78050221499222,3.070701095651631,0,Nagreg,FL,11,2019
1465.2,249.25892624810115,137.5521324753577,442.6630625003341,280.0,778.2536798029217,100.0,1714.4589262481013,1500.916742303256,34.47882703684676,5.093206227256538,0,Nagreg,FL,11,2020
1174.8000000000002,335.2372405461687,235.23724054616872,495.57121472543656,280.0,531.6249495207535,100.0,1510.037240546169,1307.1961642461902,37.67763457971094,8.472410855534974,0,Nagreg,FL,11,2021
1176.5,250.98471299292896,132.18471299292898,467.35232592524153,280.0,464.77610769059874,100.0,1427.484712992929,1212.1284336158403,39.32291998707739,8.484846160294829,0,Nagreg,FL,11,2022
938.5999999999999,500.6552463998973,340.4864938027877,585.9007635454673,280.0,378.97066180748453,100.0,1439.2552463998973,1244.8714253529517,30.1666287931905,-1.5399215728926228,1,Nagreg,FL,11,2023
1092.6,429.6261832577831,315.226183257783,524.2591486847364,280.0,517.8255823289405,100.0,1522.226183257783,1322.084731013677,37.3655687627957,4.202347646376337,0,Nagreg,FL,11,2024
1424.7,367.4096590621462,341.98116005855985,507.503881900637,192.0,906.6315333051436,0.0,1792.1096590621462,1606.1354152057806,30.277500974158478,-3.336418846715396,2,Nagreg,SRI,11,2015
1619.5,99.3442922371957,99.3442922371957,423.33927585683625,192.0,897.705334912208,0.0,1718.8442922371958,1513.044610769044,31.23769109582198,5.303247048692866,0,Nagreg,SRI,11,2016
771.5,233.70753047773223,219.2184558287742,453.22273281205355,191.51999999999998,178.9367905101921,0.0,1005.2075304777322,823.6795233222456,22.279126858889207,-4.989074648957986,11,Nagreg,SRI,11,2017
1039.4,292.700922260163,292.7009222601629,496.83392072716236,192.0,450.6303642968207,0.0,1332.100922260163,1139.4642850239832,27.880368924328067,-1.2157620212708862,1,Nagreg,SRI,11,2018
1222.0,375.7522138120713,339.031521087439,543.2255077046473,192.0,676.9805285190283,0.0,1597.7522138120712,1412.2060362236757,22.474126814205636,-4.278528419880109,6,Nagreg,SRI,11,2019
1465.2,137.55213247535772,137.5521324753577,428.88017081884834,192.0,778.3297777116642,0.0,1602.7521324753577,1399.2099485305125,28.284570047259898,9.711278959052308,0,Nagreg,SRI,11,2020
1174.8000000000002,235.23724054616872,235.23724054616872,479.57128846483283,192.0,542.4720271527235,0.0,1410.037240546169,1214.0433156175563,30.500193726139564,7.732067039163062,0,Nagreg,SRI,11,2021
1176.5,145.53450454551663,132.18471299292898,451.5662504056844,192.0,473.11197476274356,0.0,1322.0345045455167,1116.678225168428,28.68462173912906,-4.149791552587642,3,Nagreg,SRI,11,2022
938.5999999999999,374.63179340388626,340.4864938027877,567.7339252969721,190.07999999999998,370.1936125439766,0.0,1313.231793403886,1128.0075378409485,20.84021860089918,-12.734069548581768,11,Nagreg,SRI,11,2023
1092.6,315.2261832577831,315.226183257783,508.7532520293848,192.0,516.9314789842922,0.0,1407.826183257783,1217.684731013677,28.980573679916496,0.9766577071816211,0,Nagreg,SRI,11,2024
1910.5,297.15258074512565,197.15258074512565,467.9526744154423,280.0,1249.2113155532793,100.0,2207.6525807451258,1997.1639899687216,39.95255474342532,8.481899832577664,0,Nagreg,FL,12,2015
1509.8,172.41135538930536,72.41135538930533,450.0758535600643,280.0,738.6551413775014,100.0,1682.2113553893053,1468.7309949375658,41.90413136404508,15.972197889998768,0,Nagreg,FL,12,2016
944.0,310.07503589854605,178.13631433106394,454.36154692543323,280.0,301.6701993349666,100.0,1254.075035898546,1036.0317462603998,33.816835342834494,4.451005588048137,0,Nagreg,FL,12,2017
1210.5,285.23563737925485,166.83563737925485,474.64131560976534,280.0,533.357682413694,100.0,1495.735637379255,1287.9989980234593,40.65935596709401,12.158345477567938,0,Nagreg,FL,12,2018
1536.8999999999996,357.8250197632857,247.62501976328562,501.1434366368394,280.0,913.0617568665085,100.0,1894.7250197632852,1694.2051935033478,39.860481839506214,11.762444065946063,0,Nagreg,FL,12,2019
1390.1,276.48064670403386,161.7806467040339,432.1699384121263,280.0,744.7705894033547,100.0,1666.5806467040338,1456.9405278154811,41.95735721810671,14.845085894085106,0,Nagreg,FL,12,2020
1292.8,176.6621308929423,76.66213089294229,466.9960601324557,280.0,503.43033197428815,100.0,1469.4621308929422,1250.4263921067438,39.97665067054846,11.602679554207585,0,Nagreg,FL,12,2021
1154.5,222.2827663183187,122.28276631831868,464.2443091911756,280.0,416.2867561247135,100.0,1376.7827663183186,1160.531065315889,40.27511669360315,6.939847114913265,0,Nagreg,FL,12,2022
1201.0,344.9760442959536,207.80125862774798,537.4100319700985,280.0,538.2189021721467,100.0,1545.9760442959537,1355.6289341422453,35.879182755740445,4.915357504720953,0,Nagreg,FL,12,2023
1355.9,194.0197331241348,94.0197331241348,487.5232501060685,280.0,577.3032302579884,100.0,1549.9197331241348,1344.8264803640568,42.37497830573455,8.042241155594368,0,Nagreg,FL,12,2024
1910.5,197.15258074512565,197.15258074512565,452.98027711721807,192.0,1261.8850509815752,0.0,2107.6525807451258,1906.8653280987933,31.377327712801424,10.15039587383927,0,Nagreg,SRI,12,2015
1509.8,72.41135538930533,72.41135538930533,434.9170543446827,192.0,750.2211479914465,0.0,1582.2113553893053,1377.1382023361293,32.162941961614465,16.80019593069185,0,Nagreg,SRI,12,2016
944.0,202.09575038186156,178.13631433106394,438.99887655955945,192.0,307.05358418415585,0.0,1146.0957503818615,938.0524607437153,24.422201409095706,-3.1198610954655366,2,Nagreg,SRI,12,2017
1210.5,166.83563737925485,166.83563737925485,458.73954216600373,192.0,525.8797165226161,0.0,1377.3356373792549,1176.61925868862,30.470909423813236,-4.56896487369511,3,Nagreg,SRI,12,2018
1536.8999999999996,247.62501976328565,247.62501976328562,485.8872332905795,192.0,912.5762547774541,0.0,1784.5250197632854,1590.4634880680337,30.71037974621857,3.2449941246990726,0,Nagreg,SRI,12,2019
1390.1,161.78064670403387,161.7806467040339,418.6555955763018,192.0,739.9164614066135,0.0,1551.8806467040338,1350.5720569829152,32.68094017260256,0.9763226674109964,0,Nagreg,SRI,12,2020
1292.8,76.66213089294229,76.66213089294229,451.04490130785047,192.0,517.3814907988933,0.0,1369.4621308929422,1160.4263921067438,30.804772477181668,10.122048714559071,0,Nagreg,SRI,12,2021
1154.5,122.28276631831866,122.28276631831868,449.50581554660187,192.0,429.0252497692873,0.0,1276.7827663183186,1070.5310653158892,29.469620296362258,7.776086252389371,0,Nagreg,SRI,12,2022
1201.0,207.80125862774798,207.80125862774798,520.1806168047813,190.07999999999998,515.672063095433,0.0,1408.801258627748,1225.9326799002142,27.140849924123746,-13.71977053503737,5,Nagreg,SRI,12,2023
1355.9,94.0197331241348,94.0197331241348,471.475517743707,192.0,588.8569928567066,0.0,1449.9197331241348,1252.3325106004136,30.85358004137411,7.277540424799683,0,Nagreg,SRI,12,2024
