tanggal,tmaks,tmin,hujan,rs,rh,u10,eto_om,u2,tahun,bulan,doy,tmean,periode,eto_pm,eto_hg
2015-01-01,26.3,22.3,27.7,17.49,92,1.39,3.31,1.03972,2015,1,1,24.3,1,3.4262493722270886,4.075772363730062
2015-01-02,24.5,22.5,18.5,8.94,93,1.64,1.79,1.22672,2015,1,2,23.5,1,1.976573795519236,2.042177347397331
2015-01-03,24.3,22.1,16.0,10.16,95,2.36,1.89,1.76528,2015,1,3,23.200000000000003,1,2.07085764128608,2.3033446336959877
2015-01-04,26.5,22.0,6.9,21.77,89,1.94,4.05,1.45112,2015,1,4,24.25,1,4.125283293602905,5.066892415399481
2015-01-05,26.2,21.9,0.4,22.5,86,1.87,4.19,1.39876,2015,1,5,24.049999999999997,1,4.282188331318255,5.210893464829612
2015-01-06,26.8,21.9,2.1,25.85,86,1.99,4.8,1.48852,2015,1,6,24.35,1,4.83267422747946,6.031382931674993
2015-01-07,27.2,21.7,2.0,26.72,83,1.87,5.0,1.39876,2015,1,7,24.45,1,5.045376790402206,6.249761829525688
2015-01-08,27.5,22.4,1.0,25.84,82,2.09,4.86,1.5633199999999998,2015,1,8,24.95,1,4.993613251906381,6.11838176650008
2015-01-09,27.6,22.8,0.8,26.2,81,2.08,5.0,1.5558400000000001,2015,1,9,25.200000000000003,1,5.102754814591171,6.241392972972974
2015-01-10,27.5,22.6,14.6,22.78,87,1.77,4.27,1.32396,2015,1,10,25.05,1,4.429534527481809,5.406970787824092
2015-01-11,27.7,22.5,0.9,24.56,82,1.16,4.75,0.8676799999999999,2015,1,11,25.1,1,4.799384209788162,5.836545819785283
2015-01-12,27.0,22.3,6.0,24.11,83,1.07,4.6,0.8003600000000001,2015,1,12,24.65,1,4.662323182842159,5.667065831658626
2015-01-13,26.5,21.8,27.5,20.57,91,0.96,3.93,0.7180799999999999,2015,1,13,24.15,1,3.9730554195400005,4.775754460111557
2015-01-14,25.8,21.9,41.0,8.39,94,1.17,1.76,0.8751599999999999,2015,1,14,23.85,1,1.8879536964059684,1.9334286343768916
2015-01-15,25.5,21.2,9.1,16.93,92,1.93,3.18,1.44364,2015,1,15,23.35,1,3.223214679643811,3.8527463482749305
2015-01-16,26.5,22.0,1.0,23.55,84,1.11,4.5,0.83028,2015,1,16,24.25,2,4.518819146085324,5.4811812761900685
2015-01-17,27.1,22.1,34.7,22.47,90,0.68,4.29,0.50864,2015,1,17,24.6,2,4.373944867449525,5.275109972472808
2015-01-18,26.9,22.2,33.6,18.86,92,0.53,3.68,0.39644,2015,1,18,24.549999999999997,2,3.7573331065264,4.42218521976469
2015-01-19,27.2,22.6,13.0,19.68,88,1.23,3.82,0.92004,2015,1,19,24.9,2,3.913319676881929,4.6541475393301885
2015-01-20,26.7,22.1,25.8,17.45,90,0.88,3.42,0.65824,2015,1,20,24.4,2,3.489820809489916,4.076499752267728
2015-01-21,26.9,21.8,18.4,20.82,91,0.77,4.01,0.57596,2015,1,21,24.35,2,4.056660626879184,4.857771475337461
2015-01-22,26.2,22.4,30.7,18.79,90,1.28,3.51,0.9574400000000001,2015,1,22,24.299999999999997,2,3.680621020312535,4.378717136334355
2015-01-23,27.1,21.4,30.0,18.45,92,1.35,3.51,1.0098,2015,1,23,24.25,2,3.5917804978337426,4.294173866059735
2015-01-24,26.9,22.6,19.4,22.4,91,1.32,4.18,0.98736,2015,1,24,24.75,2,4.305332472951934,5.27803741032416
2015-01-25,26.6,22.6,16.5,19.85,90,1.18,3.8,0.88264,2015,1,25,24.6,2,3.8903405606968815,4.660032619207176
2015-01-26,26.2,22.5,23.1,16.9,91,1.31,3.25,0.9798800000000001,2015,1,26,24.35,2,3.3599622418075024,3.9431478354084084
2015-01-27,27.3,22.1,3.6,22.81,87,1.41,4.41,1.0546799999999998,2015,1,27,24.700000000000003,2,4.415890265249829,5.3680719992438775
2015-01-28,26.0,22.5,5.1,20.49,90,1.71,3.78,1.27908,2015,1,28,24.25,2,3.9219200341404976,4.768976830111868
2015-01-29,25.9,22.1,11.5,19.84,91,1.28,3.74,0.9574400000000001,2015,1,29,24.0,2,3.8109053523023593,4.589141029984545
2015-01-30,25.4,22.3,27.9,16.08,92,1.19,3.02,0.8901199999999999,2015,1,30,23.85,2,3.1786734272093793,3.7055461788772837
2015-01-31,24.8,21.8,30.7,12.34,94,1.08,2.35,0.80784,2015,1,31,23.3,2,2.513107005578219,2.804657589194848
2015-02-01,25.6,21.9,37.7,14.84,94,0.8,2.91,0.5984,2015,2,32,23.75,3,2.9741978968358107,3.41125821012555
2015-02-02,25.8,21.3,26.0,17.3,92,0.93,3.32,0.69564,2015,2,33,23.55,3,3.3765173942929416,3.956837878799583
2015-02-03,26.3,21.6,1.7,23.71,85,0.64,4.58,0.47872000000000003,2015,2,34,23.950000000000003,3,4.521649482823214,5.477479108474185
2015-02-04,26.6,21.7,1.4,23.93,84,0.42,4.69,0.31416,2015,2,35,24.15,3,4.584561583407138,5.555848528462302
2015-02-05,26.6,22.1,6.4,25.85,87,0.93,4.89,0.69564,2015,2,36,24.35,3,4.900119333972751,6.031382931674993
2015-02-06,26.9,21.9,27.6,22.44,91,0.73,4.32,0.54604,2015,2,37,24.4,3,4.342609109801744,5.242215154205607
2015-02-07,26.5,22.0,14.5,23.84,90,0.94,4.5,0.70312,2015,2,38,24.25,3,4.5397897152080295,5.548677775981792
2015-02-08,27.1,21.7,17.0,21.09,93,1.0,3.97,0.748,2015,2,39,24.4,3,4.07047593700952,4.926841247869708
2015-02-09,27.6,21.8,18.5,23.43,90,1.18,4.39,0.88264,2015,2,40,24.700000000000003,3,4.503112813954819,5.51398189137589
2015-02-10,27.7,22.3,33.3,22.16,88,0.81,4.29,0.6058800000000001,2015,2,41,25.0,3,4.363369510464165,5.253421356665235
2015-02-11,26.4,22.3,32.6,18.65,92,0.9,3.65,0.6732,2015,2,42,24.35,3,3.6690413990574444,4.351461960376735
2015-02-12,25.3,22.2,36.2,13.33,94,1.1,2.59,0.8228000000000001,2015,2,43,23.75,3,2.6983925030312457,3.0641557911707267
2015-02-13,25.3,22.2,14.5,12.63,95,1.49,2.41,1.11452,2015,2,44,23.75,3,2.5385463768465013,2.9032473850327287
2015-02-14,26.1,22.4,22.1,13.8,95,0.99,2.68,0.74052,2015,2,45,24.25,3,2.8023382855781547,3.211902403882078
2015-02-15,27.7,22.2,15.9,22.6,88,0.85,4.41,0.6358,2015,2,46,24.95,3,4.429085148880502,5.351216250886293
2015-02-16,27.0,22.0,2.2,25.49,84,0.59,4.98,0.44132,2015,2,47,24.5,4,4.878524222093932,5.969408031201408
2015-02-17,26.6,22.4,9.5,22.56,88,0.48,4.43,0.35903999999999997,2015,2,48,24.5,4,4.392052073417944,5.283242259078217
2015-02-18,26.8,22.1,19.6,21.05,91,0.81,4.04,0.6058800000000001,2015,2,49,24.450000000000003,4,4.098028188779009,4.923558626927984
2015-02-19,27.3,22.1,7.1,24.2,90,1.54,4.51,1.15192,2015,2,50,24.700000000000003,4,4.585563058550707,5.695192563862421
2015-02-20,27.5,21.9,21.6,22.92,90,1.92,4.28,1.4361599999999999,2015,2,51,24.7,4,4.34392166239665,5.393959238170526
2015-02-21,27.5,22.9,14.6,20.21,88,1.75,3.86,1.309,2015,2,52,25.2,4,4.0100322638119374,4.8144485489993825
2015-02-22,26.7,23.1,8.5,18.13,87,1.84,3.5,1.37632,2015,2,53,24.9,4,3.663251344529817,4.287586122360586
2015-02-23,27.2,22.9,12.9,18.11,90,1.53,3.44,1.1444400000000001,2015,2,54,25.049999999999997,4,3.620084060952102,4.298518040715289
2015-02-24,26.3,22.4,29.0,18.86,92,1.48,3.57,1.10704,2015,2,55,24.35,4,3.645217430013934,4.400459655372934
2015-02-25,26.5,22.2,22.4,17.18,92,1.0,3.26,0.748,2015,2,56,24.35,4,3.40736799654701,4.0084780954033405
2015-02-26,27.3,22.2,9.5,21.3,89,1.13,4.08,0.8452399999999999,2015,2,57,24.75,4,4.15450779289789,5.018848073210028
2015-02-27,26.4,22.3,13.9,20.87,91,0.91,3.96,0.6806800000000001,2015,2,58,24.35,4,4.038627696228592,4.869437593193698
2015-02-28,27.0,22.3,18.5,22.72,92,0.97,4.24,0.72556,2015,2,59,24.65,4,4.368955153717174,5.340345736013438
2015-03-01,27.0,21.9,42.2,22.08,92,0.93,4.19,0.69564,2015,3,60,24.45,5,4.244415120790314,5.164473847152964
2015-03-02,27.1,22.2,13.1,22.67,87,1.06,4.34,0.79288,2015,3,61,24.65,5,4.386373933808556,5.328593214587353
2015-03-03,26.0,22.2,14.8,20.91,89,1.26,3.91,0.94248,2015,3,62,24.1,5,4.005211983293177,4.848674487612603
2015-03-04,26.6,22.1,25.6,22.67,91,1.28,4.25,0.9574400000000001,2015,3,63,24.35,5,4.292946388215075,5.289417836018262
2015-03-05,27.1,21.7,24.9,20.52,88,1.42,3.96,1.06216,2015,3,64,24.4,5,3.981098365159541,4.793683376305662
2015-03-06,25.9,21.7,10.4,13.56,88,1.4,2.75,1.0472,2015,3,65,23.799999999999997,5,2.8211229686283184,3.120925791521437
2015-03-07,24.9,21.6,20.9,8.67,93,1.27,1.77,0.94996,2015,3,66,23.25,5,1.922509134043089,1.9680420385352986
2015-03-08,26.0,21.9,18.3,18.6,94,2.04,3.44,1.52592,2015,3,67,23.95,5,3.4576448489092804,4.296968005804295
2015-03-09,26.4,21.5,3.9,23.17,89,2.09,4.24,1.5633199999999998,2015,3,68,23.95,5,4.278252528452875,5.352728424434705
2015-03-10,26.8,21.8,27.4,19.13,92,2.04,3.56,1.52592,2015,3,69,24.3,5,3.6236361013609732,4.457948846092401
2015-03-11,26.0,21.8,20.1,16.44,92,1.62,3.1,1.2117600000000002,2015,3,70,23.9,5,3.192999286774691,3.79323549546239
2015-03-12,26.8,22.0,9.6,18.09,91,1.27,3.48,0.94996,2015,3,71,24.4,5,3.5395215130620046,4.226010344901044
2015-03-13,27.0,21.7,11.2,16.66,92,0.78,3.26,0.5834400000000001,2015,3,72,24.35,5,3.3201043736857008,3.887150469698467
2015-03-14,27.1,22.7,20.8,23.23,89,1.13,4.48,0.8452399999999999,2015,3,73,24.9,5,4.463445470252744,5.493691429808957
2015-03-15,26.5,22.3,43.7,18.52,93,0.93,3.51,0.69564,2015,3,74,24.4,5,3.609922957231665,4.3264627743265525
2015-03-16,26.8,21.9,21.4,19.83,91,0.92,3.79,0.68816,2015,3,75,24.35,6,3.84052422001743,4.626782341783949
2015-03-17,27.2,21.6,28.8,22.9,91,0.68,4.4,0.50864,2015,3,76,24.4,6,4.384700608010155,5.349675892660802
2015-03-18,27.3,22.0,0.4,24.94,85,0.52,4.87,0.38896000000000003,2015,3,77,24.65,6,4.75820818690749,5.862157687331653
2015-03-19,27.2,22.2,1.3,25.71,83,0.59,5.01,0.44132,2015,3,78,24.7,6,4.879792481490373,6.05055375276458
2015-03-20,27.2,22.5,15.7,22.98,89,0.76,4.47,0.56848,2015,3,79,24.85,6,4.432465017444744,5.427945414049577
2015-03-21,27.4,22.4,15.9,23.55,89,0.72,4.54,0.5385599999999999,2015,3,80,24.9,6,4.536311000408217,5.569368625570425
2015-03-22,27.2,22.0,20.4,22.24,90,0.87,4.17,0.65076,2015,3,81,24.6,6,4.264481440077527,5.221114632300633
2015-03-23,27.4,22.7,2.1,25.58,88,1.02,4.87,0.76296,2015,3,82,25.049999999999997,6,4.864297152644314,6.071567723992109
2015-03-24,27.3,22.4,1.7,25.43,86,0.97,4.87,0.72556,2015,3,83,24.85,6,4.823030258625038,6.00664281459011
2015-03-25,27.6,22.1,1.5,24.8,86,1.26,4.7,0.94248,2015,3,84,24.85,6,4.7062940975202725,5.857834911593973
2015-03-26,27.6,22.3,1.4,24.86,87,0.94,4.73,0.70312,2015,3,85,24.950000000000003,6,4.735214661611526,5.886337875974921
2015-03-27,27.7,22.4,12.7,25.14,86,0.68,4.84,0.50864,2015,3,86,25.049999999999997,6,4.806335532105549,5.967131062594278
2015-03-28,27.3,22.9,1.6,25.37,84,0.5,4.93,0.374,2015,3,87,25.1,6,4.842770237233472,6.029037762538788
2015-03-29,27.8,22.6,1.1,25.04,83,0.87,4.81,0.65076,2015,3,88,25.200000000000003,6,4.796418330756856,5.965056490200125
2015-03-30,27.7,22.3,0.3,24.74,85,0.76,4.78,0.56848,2015,3,89,25.0,6,4.719207392163907,5.865056153605501
2015-03-31,27.4,23.0,11.3,21.05,89,0.72,4.12,0.5385599999999999,2015,3,90,25.2,6,4.113402272204034,5.0145542779038585
2015-04-01,28.3,22.9,4.4,24.08,89,1.21,4.61,0.90508,2015,4,91,25.6,7,4.635572177618674,5.791941335901758
2015-04-02,27.9,23.0,15.6,23.16,88,0.92,4.46,0.68816,2015,4,92,25.45,7,4.483544923823129,5.550604652327376
2015-04-03,27.8,22.6,9.2,21.67,90,1.13,4.12,0.8452399999999999,2015,4,93,25.200000000000003,7,4.177662600675261,5.16225136352383
2015-04-04,27.4,22.3,13.9,22.38,89,0.82,4.34,0.61336,2015,4,94,24.85,7,4.2814191870140315,5.286223601672304
2015-04-05,28.4,23.0,3.0,24.41,87,1.04,4.7,0.7779200000000001,2015,4,95,25.7,7,4.712194488317963,5.88540729806576
2015-04-06,26.9,23.0,11.9,19.71,91,1.21,3.72,0.90508,2015,4,96,24.95,7,3.798238472068925,4.666923553317205
2015-04-07,24.1,22.3,24.6,4.98,96,1.59,1.02,1.1893200000000002,2015,4,97,23.200000000000003,7,1.2488479810493711,1.1290016019494113
2015-04-08,27.6,22.6,0.1,16.35,90,0.93,3.22,0.69564,2015,4,98,25.1,7,3.2788258654803886,3.8854855111355615
2015-04-09,28.0,22.6,1.6,23.77,87,0.66,4.6,0.49368,2015,4,99,25.3,7,4.5581966939741925,5.676227199944978
2015-04-10,27.5,22.1,0.5,23.53,86,0.8,4.56,0.5984,2015,4,100,24.8,7,4.449469624186983,5.551075990994397
2015-04-11,26.9,22.6,20.9,20.3,91,0.77,3.84,0.57596,2015,4,101,24.75,7,3.894462515560862,4.78322140310627
2015-04-12,27.5,22.4,28.4,16.66,94,0.76,3.26,0.56848,2015,4,102,24.95,7,3.2881117636680535,3.9447461389276834
2015-04-13,24.2,21.9,41.7,6.85,96,0.95,1.4,0.7106,2015,4,103,23.049999999999997,7,1.545142619046072,1.5470406768784661
2015-04-14,27.1,22.1,34.7,20.38,91,0.91,3.92,0.6806800000000001,2015,4,104,24.6,7,3.8720127743422186,4.78445666395175
2015-04-15,27.4,22.2,6.9,23.04,90,1.68,4.29,1.25664,2015,4,105,24.799999999999997,7,4.262874422018958,5.435477723438627
2015-04-16,28.2,22.6,19.1,22.78,90,0.74,4.36,0.55352,2015,4,106,25.4,8,4.3705775881936155,5.452960159441473
2015-04-17,27.7,21.4,0.4,21.78,88,1.15,4.17,0.8602,2015,4,107,24.549999999999997,8,4.091484128682157,5.106850163651907
2015-04-18,27.7,23.0,10.8,20.71,89,0.6,4.11,0.4488,2015,4,108,25.35,8,4.013421042219924,4.951479519634775
2015-04-19,26.8,22.7,3.8,17.42,91,0.5,3.44,0.374,2015,4,109,24.75,8,3.4043310952006887,4.10461659320745
2015-04-20,26.6,22.6,25.0,15.82,90,1.01,3.04,0.75548,2015,4,110,24.6,8,3.112937183734761,3.713940354451261
2015-04-21,25.5,22.1,18.2,13.35,94,1.33,2.49,0.9948400000000001,2015,4,111,23.8,8,2.59429888546748,3.0725928699713263
2015-04-22,27.1,22.1,28.3,18.76,92,1.24,3.5,0.92752,2015,4,112,24.6,8,3.545431718577074,4.404141659260787
2015-04-23,26.4,21.9,30.1,17.08,94,1.21,3.19,0.90508,2015,4,113,24.15,8,3.210877230869083,3.965478180782954
2015-04-24,25.4,22.2,17.4,9.69,95,0.98,1.92,0.73304,2015,4,114,23.799999999999997,8,2.015808844476804,2.2302190943836813
2015-04-25,24.6,22.1,18.3,9.16,96,1.0,1.79,0.748,2015,4,115,23.35,8,1.8964544578340732,2.084533759610063
2015-04-26,25.4,21.8,38.8,13.21,95,0.76,2.57,0.56848,2015,4,116,23.6,8,2.574700803712005,3.025175357481289
2015-04-27,25.4,21.8,17.4,11.08,93,1.23,2.16,0.92004,2015,4,117,23.6,8,2.2396169771324934,2.537391594314359
2015-04-28,25.7,21.7,24.0,15.09,96,1.25,2.86,0.935,2015,4,118,23.7,8,2.8146876108789587,3.4643857573588117
2015-04-29,25.7,22.3,11.7,14.13,94,1.95,2.63,1.4586,2015,4,119,24.0,8,2.6670397878958347,3.2683751387944366
2015-04-30,26.8,22.3,6.8,18.36,93,1.47,3.43,1.0995599999999999,2015,4,120,24.55,8,3.414252078371267,4.304948071838797
2015-05-01,27.0,22.0,4.9,20.52,90,0.74,3.88,0.55352,2015,5,121,24.5,9,3.830941516033979,4.805502267565826
2015-05-02,26.3,22.5,27.4,17.21,92,0.79,3.27,0.59092,2015,5,122,24.4,9,3.2725590902490134,4.020433280030236
2015-05-03,25.6,21.8,13.3,14.45,93,0.9,2.78,0.6732,2015,5,123,23.700000000000003,9,2.764451322768782,3.317453558239551
2015-05-04,25.8,22.0,1.9,14.4,87,0.85,2.84,0.6358,2015,5,124,23.9,9,2.819906483727407,3.322542039821071
2015-05-05,26.5,21.8,1.0,21.51,84,1.21,4.09,0.90508,2015,5,125,24.15,9,3.9472700609970484,4.993995062566825
2015-05-06,26.7,21.1,0.0,22.83,81,0.85,4.32,0.6358,2015,5,126,23.9,9,4.113501627166082,5.2676135256329895
2015-05-07,27.0,21.0,0.0,23.84,82,0.98,4.53,0.73304,2015,5,127,24.0,9,4.276022781238449,5.514371076352397
2015-05-08,26.6,21.4,0.0,22.59,85,0.8,4.27,0.5984,2015,5,128,24.0,9,4.071161627860164,5.225236686862443
2015-05-09,27.1,21.6,0.2,22.85,84,0.99,4.34,0.74052,2015,5,129,24.35,9,4.150708091720659,5.331415860300719
2015-05-10,26.3,21.8,1.2,21.73,85,0.9,4.11,0.6732,2015,5,130,24.05,9,3.934057664454722,5.032565110699887
2015-05-11,27.3,22.5,0.1,21.62,85,1.22,4.12,0.9125599999999999,2015,5,131,24.9,9,4.01274463474126,5.11294053863408
2015-05-12,27.2,22.8,0.9,20.8,86,1.0,4.01,0.748,2015,5,132,25.0,9,3.8834844839031963,4.931009215642459
2015-05-13,27.5,22.9,1.3,20.42,87,0.96,3.95,0.7180799999999999,2015,5,133,25.2,9,3.837809820312757,4.864474981225501
2015-05-14,27.2,22.8,0.1,20.47,86,1.01,3.94,0.75548,2015,5,134,25.0,9,3.824009373836742,4.852776857894285
2015-05-15,26.9,22.2,0.0,21.42,82,0.85,4.09,0.6358,2015,5,135,24.549999999999997,9,3.924545387736719,5.022439417145263
2015-05-16,26.0,21.5,1.3,17.7,82,0.85,3.39,0.6358,2015,5,136,23.75,10,3.2917304770873446,4.068683983775083
2015-05-17,26.7,21.1,0.0,21.72,82,0.66,4.13,0.49368,2015,5,137,23.9,10,3.8821685868400753,5.011500910063448
2015-05-18,26.4,20.3,0.0,22.51,81,0.78,4.26,0.5834400000000001,2015,5,138,23.35,10,3.941579981194531,5.122582415810318
2015-05-19,26.6,20.9,0.0,22.07,81,0.63,4.16,0.47124,2015,5,139,23.75,10,3.9044815504754027,5.07321217637944
2015-05-20,27.0,20.3,0.0,22.61,81,0.93,4.3,0.69564,2015,5,140,23.65,10,3.9937950016707155,5.184337289733344
2015-05-21,27.3,20.7,0.0,22.77,83,1.12,4.35,0.8377600000000001,2015,5,141,24.0,10,4.054607404695395,5.266872038948996
2015-05-22,27.7,20.1,0.0,21.81,84,0.95,4.19,0.7106,2015,5,142,23.9,10,3.897113153362186,5.032266797812331
2015-05-23,27.5,21.6,0.4,19.88,85,0.82,3.85,0.61336,2015,5,143,24.55,10,3.658148027777651,4.6613490015335115
2015-05-24,27.2,21.4,0.0,20.9,85,0.98,4.01,0.73304,2015,5,144,24.299999999999997,10,3.7845480915577956,4.870419805715168
2015-05-25,27.0,21.1,0.8,20.57,85,1.22,3.95,0.9125599999999999,2015,5,145,24.05,10,3.710872688340913,4.763914603179782
2015-05-26,27.3,22.2,0.9,19.13,86,0.82,3.7,0.61336,2015,5,146,24.75,10,3.547647920182043,4.507538199084874
2015-05-27,27.6,22.2,0.8,20.07,84,0.82,3.88,0.61336,2015,5,147,24.9,10,3.7086554868677193,4.746379121664476
2015-05-28,27.9,21.4,0.0,20.53,84,0.9,3.98,0.6732,2015,5,148,24.65,10,3.75817720123723,4.825585297550876
2015-05-29,27.3,22.2,3.8,19.07,87,1.16,3.68,0.8676799999999999,2015,5,149,24.75,10,3.5289610101910265,4.493400598878648
2015-05-30,26.8,21.9,3.1,18.08,88,1.31,3.45,0.9798800000000001,2015,5,150,24.35,10,3.328974585055603,4.218468216815623
2015-05-31,27.6,22.2,0.0,19.38,84,1.21,3.75,0.90508,2015,5,151,24.9,10,3.6133659998449033,4.583200168303813
2015-06-01,27.6,22.1,0.2,19.97,84,0.86,3.86,0.64328,2015,6,152,24.85,11,3.6754504733008573,4.716974321956921
2015-06-02,27.2,22.2,7.5,18.46,89,1.08,3.54,0.80784,2015,6,153,24.7,11,3.405784470146069,4.344349368962822
2015-06-03,27.1,21.8,1.3,18.73,86,0.77,3.65,0.57596,2015,6,154,24.450000000000003,11,3.434632289362464,4.380914635741622
2015-06-04,27.9,22.3,0.0,20.35,83,1.46,3.97,1.09208,2015,6,155,25.1,11,3.792352742154909,4.836063006214598
2015-06-05,27.6,22.0,0.1,19.97,83,1.16,3.85,0.8676799999999999,2015,6,156,24.8,11,3.6826319838715134,4.711219189976969
2015-06-06,27.4,22.4,0.8,19.51,83,1.14,3.77,0.8527199999999999,2015,6,157,24.9,11,3.619094060636301,4.61394402908191
2015-06-07,27.1,22.2,9.7,18.19,89,1.42,3.42,1.06216,2015,6,158,24.65,11,3.3436182710054454,4.275567294810055
2015-06-08,27.0,22.3,2.4,19.02,87,1.29,3.63,0.96492,2015,6,159,24.65,11,3.4871717393941983,4.470659150483081
2015-06-09,26.9,22.1,0.5,16.46,87,1.18,3.2,0.88264,2015,6,160,24.5,11,3.0933493170464104,3.8547060099480266
2015-06-10,26.5,21.8,0.6,17.81,85,1.2,3.4,0.8976,2015,6,161,24.15,11,3.2767380983390515,4.134962903966301
2015-06-11,26.9,21.2,0.0,19.97,83,1.08,3.81,0.80784,2015,6,162,24.049999999999997,11,3.58702371602708,4.624957444117659
2015-06-12,27.0,21.0,0.2,18.45,82,1.31,3.57,0.9798800000000001,2015,6,163,24.0,11,3.3943689827578485,4.267623588871716
2015-06-13,26.9,21.1,0.0,19.72,82,1.1,3.77,0.8228000000000001,2015,6,164,24.0,11,3.551697363179932,4.5613841285935095
2015-06-14,26.9,20.9,0.1,19.74,80,1.17,3.74,0.8751599999999999,2015,6,165,23.9,11,3.5644992833957967,4.554651379588051
2015-06-15,26.7,20.0,0.0,20.97,78,0.89,3.94,0.66572,2015,6,166,23.35,11,3.6539945845083452,4.772125866705569
2015-06-16,27.0,20.9,0.0,19.2,81,1.11,3.68,0.83028,2015,6,167,23.95,12,3.4798131356975333,4.435579876959272
2015-06-17,27.6,21.1,0.0,20.37,80,0.9,3.91,0.6732,2015,6,168,24.35,12,3.669419896096187,4.752776414631319
2015-06-18,27.1,21.2,0.0,18.21,81,0.77,3.51,0.57596,2015,6,169,24.15,12,3.3199992359074035,4.2278312454366285
2015-06-19,26.9,21.1,0.0,18.66,81,0.99,3.59,0.74052,2015,6,170,24.0,12,3.393103183834231,4.3161981663060285
2015-06-20,27.9,21.5,0.0,18.71,79,1.36,3.73,1.01728,2015,6,171,24.7,12,3.5341180005577866,4.403184002887021
2015-06-21,26.8,20.7,0.0,19.66,81,1.26,3.77,0.94248,2015,6,172,23.75,12,3.5349512423959677,4.5192275209614765
2015-06-22,26.7,20.5,0.0,19.92,79,1.58,3.82,1.18184,2015,6,173,23.6,12,3.610967713106894,4.561808714687909
2015-06-23,25.9,20.2,0.3,18.31,77,1.6,3.54,1.1968,2015,6,174,23.049999999999997,12,3.375171953082347,4.135228437028426
2015-06-24,26.7,20.3,1.6,17.55,77,1.4,3.42,1.0472,2015,6,175,23.5,12,3.2917288821059576,4.008972309488049
2015-06-25,27.3,20.8,0.0,17.92,77,1.05,3.49,0.7854,2015,6,176,24.05,12,3.331857964336679,4.150187150655406
2015-06-26,27.1,21.6,0.6,19.24,79,0.98,3.71,0.73304,2015,6,177,24.35,12,3.516133105057458,4.489122151080342
2015-06-27,26.2,21.6,2.7,18.34,82,0.83,3.5,0.62084,2015,6,178,23.9,12,3.313784786537573,4.231626459049893
2015-06-28,27.3,20.6,0.0,20.66,76,1.06,3.91,0.79288,2015,6,179,23.950000000000003,12,3.7058244690514237,4.772868763436383
2015-06-29,26.3,20.7,0.6,17.8,81,1.38,3.42,1.0322399999999998,2015,6,180,23.5,12,3.270431333143878,4.066080177144574
2015-06-30,26.4,20.2,0.9,18.59,79,1.23,3.54,0.92004,2015,6,181,23.299999999999997,12,3.365834518894774,4.225168928941024
2015-07-01,26.7,20.4,0.3,19.3,76,0.91,3.63,0.6806800000000001,2015,7,182,23.549999999999997,13,3.4563229774996325,4.414275783863118
2015-07-02,27.0,20.1,0.0,20.4,76,0.87,3.86,0.65076,2015,7,183,23.55,13,3.603164672984242,4.665866631648062
2015-07-03,27.1,20.0,0.0,21.08,75,1.06,3.99,0.79288,2015,7,184,23.55,13,3.7342268882083793,4.8213955193696645
2015-07-04,26.8,20.0,0.0,20.97,77,1.09,3.95,0.81532,2015,7,185,23.4,13,3.698863740931009,4.778152655167087
2015-07-05,26.6,19.3,0.0,21.02,79,0.87,3.95,0.65076,2015,7,186,22.950000000000003,13,3.62844532954913,4.735195579654388
2015-07-06,27.4,20.3,0.0,19.48,77,0.97,3.77,0.72556,2015,7,187,23.85,13,3.5302978170480763,4.489057186848849
2015-07-07,26.8,20.2,0.1,19.18,77,1.07,3.67,0.8003600000000001,2015,7,188,23.5,13,3.4704896821556663,4.381315606608591
2015-07-08,25.5,20.0,2.1,16.57,80,0.97,3.18,0.72556,2015,7,189,22.75,13,3.014220707558313,3.7137097690430765
2015-07-09,25.2,20.0,0.5,17.02,76,1.06,3.23,0.79288,2015,7,190,22.6,13,3.106620841849551,3.7999095972696244
2015-07-10,26.8,18.9,0.0,19.31,74,1.02,3.75,0.76296,2015,7,191,22.85,13,3.4502674488945355,4.338892777705823
2015-07-11,27.4,19.2,1.0,19.85,79,1.38,3.9,1.0322399999999998,2015,7,192,23.299999999999997,13,3.5879511488964004,4.511544015033853
2015-07-12,28.7,21.3,0.0,20.86,79,2.06,4.24,1.54088,2015,7,193,25.0,13,3.9883798338471634,4.945233280687581
2015-07-13,28.8,21.1,0.0,20.87,78,2.69,4.27,2.01212,2015,7,194,24.950000000000003,13,4.0885927716389565,4.9415877502653505
2015-07-14,27.7,21.6,0.2,19.64,80,1.63,3.86,1.2192399999999999,2015,7,195,24.65,13,3.709366820492712,4.6163904161665466
2015-07-15,27.6,21.2,0.6,19.48,77,1.7,3.86,1.2716,2015,7,196,24.4,13,3.7211674522073217,4.550728663276526
2015-07-16,27.8,20.7,0.0,21.28,73,1.63,4.26,1.2192399999999999,2015,7,197,24.25,14,3.9996798244372096,4.952846605406567
2015-07-17,28.1,20.3,0.0,20.75,77,1.28,4.07,0.9574400000000001,2015,7,198,24.200000000000003,14,3.8268906810329626,4.823517791442656
2015-07-18,27.9,20.9,0.0,20.24,76,1.25,3.97,0.935,2015,7,199,24.4,14,3.7782056315599144,4.728272492028586
2015-07-19,27.8,20.7,0.0,19.98,76,1.18,3.94,0.88264,2015,7,200,24.25,14,3.718710443380686,4.650276089098835
2015-07-20,27.5,20.8,0.0,19.55,77,0.92,3.81,0.68816,2015,7,201,24.15,14,3.599502895066971,4.538940189362223
2015-07-21,28.0,20.5,0.0,20.66,77,1.03,4.04,0.77044,2015,7,202,24.25,14,3.7936349685685298,4.808543743782879
2015-07-22,27.6,20.6,0.0,20.26,78,0.83,3.9,0.62084,2015,7,203,24.1,14,3.6884381013767644,4.697950507844636
2015-07-23,28.1,20.5,0.0,21.2,77,0.82,4.1,0.61336,2015,7,204,24.3,14,3.8521830904225394,4.9403301378546205
2015-07-24,28.0,20.5,0.2,20.84,77,1.04,4.08,0.7779200000000001,2015,7,205,24.25,14,3.832846721416069,4.85043812296395
2015-07-25,28.1,20.5,0.5,21.53,75,0.94,4.18,0.70312,2015,7,206,24.3,14,3.931395259638376,5.017231503208019
2015-07-26,27.9,20.5,0.0,20.52,76,1.16,3.99,0.8676799999999999,2015,7,207,24.2,14,3.815430478535985,4.770052293031485
2015-07-27,28.4,21.0,0.0,21.58,75,0.85,4.19,0.6358,2015,7,208,24.7,14,3.972535799583217,5.07860560033682
2015-07-28,28.0,20.7,0.0,20.77,77,1.14,4.03,0.8527199999999999,2015,7,209,24.35,14,3.8644758050295387,4.846105357481222
2015-07-29,27.1,20.9,1.5,21.1,80,1.1,4.06,0.8228000000000001,2015,7,210,24.0,14,3.847102251820597,4.880588494590419
2015-07-30,28.6,20.9,0.3,22.3,75,1.32,4.37,0.98736,2015,7,211,24.75,14,4.182646474739449,5.254474743313784
2015-07-31,28.0,20.8,0.1,20.79,77,0.85,4.03,0.6358,2015,7,212,24.4,14,3.840803241037395,4.856758157572842
2015-08-01,26.8,20.3,0.0,20.51,77,1.53,3.98,1.1444400000000001,2015,8,213,23.55,15,3.8116274443324123,4.691025716426558
2015-08-02,26.5,19.2,0.3,21.39,75,1.64,4.09,1.22672,2015,8,214,22.85,15,3.90713034316486,4.806261859923748
2015-08-03,27.1,19.7,0.0,20.51,76,1.17,3.95,0.8751599999999999,2015,8,215,23.4,15,3.7692353346634806,4.673338624581639
2015-08-04,27.6,20.2,0.0,21.21,73,1.14,4.11,0.8527199999999999,2015,8,216,23.9,15,3.938741706971061,4.89382754615312
2015-08-05,27.5,20.0,0.0,20.16,75,1.18,3.99,0.88264,2015,8,217,23.75,15,3.776371305650577,4.634162096774332
2015-08-06,27.8,19.8,0.0,21.35,75,1.23,4.2,0.92004,2015,8,218,23.8,15,3.9649107767951888,4.91384702426126
2015-08-07,27.4,20.2,0.1,21.09,76,1.2,4.11,0.8976,2015,8,219,23.799999999999997,15,3.9142447709378354,4.854006264246837
2015-08-08,27.9,20.0,0.0,22.16,75,1.1,4.32,0.8228000000000001,2015,8,220,23.95,15,4.082571202822561,5.119398441323827
2015-08-09,27.7,20.4,0.0,20.49,76,1.2,4.02,0.8976,2015,8,221,24.049999999999997,15,3.8661734226907356,4.7453869819714996
2015-08-10,28.4,20.6,0.0,21.33,77,0.95,4.19,0.7106,2015,8,222,24.5,15,3.9986999577804716,4.995193146548687
2015-08-11,28.4,21.1,0.0,20.76,77,1.33,4.16,0.9948400000000001,2015,8,223,24.75,15,3.9991936448938405,4.891609671353999
2015-08-12,28.3,21.1,0.7,21.08,76,1.23,4.17,0.92004,2015,8,224,24.700000000000003,15,4.038362443679165,4.960936332488423
2015-08-13,28.6,20.7,0.0,21.42,75,1.37,4.28,1.0247600000000001,2015,8,225,24.65,15,4.125830289191041,5.034780178935204
2015-08-14,28.9,21.0,0.2,22.74,75,1.37,4.57,1.0247600000000001,2015,8,226,24.95,15,4.3564460673001975,5.384365378104172
2015-08-15,28.7,20.6,0.0,22.32,76,1.83,4.54,1.36884,2015,8,227,24.65,15,4.324750568424954,5.246325564604751
2015-08-16,28.7,20.7,0.0,23.46,70,1.69,4.78,1.26412,2015,8,228,24.7,16,4.560889957221077,5.521042047446794
2015-08-17,28.5,20.4,0.0,23.05,71,1.04,4.53,0.7779200000000001,2015,8,229,24.45,16,4.322680071629969,5.391355171054158
2015-08-18,28.0,20.1,0.0,23.45,71,1.17,4.58,0.8751599999999999,2015,8,230,24.05,16,4.367000542338863,5.430908966677973
2015-08-19,27.5,19.1,0.0,24.06,73,0.7,4.6,0.5236,2015,8,231,23.3,16,4.281152364748804,5.468400453486876
2015-08-20,27.3,18.9,0.0,23.37,73,0.9,4.44,0.6732,2015,8,232,23.1,16,4.203073979100739,5.2847186768589305
2015-08-21,26.9,19.3,0.0,23.12,73,0.92,4.39,0.68816,2015,8,233,23.1,16,4.1707402070845205,5.228185528839473
2015-08-22,27.1,19.7,0.2,21.62,75,1.03,4.15,0.77044,2015,8,234,23.4,16,4.004645536328363,4.926259437516092
2015-08-23,28.1,19.9,0.0,23.61,73,1.0,4.57,0.748,2015,8,235,24.0,16,4.371765247256585,5.461170348686245
2015-08-24,28.5,20.2,0.0,23.36,76,1.17,4.54,0.8751599999999999,2015,8,236,24.35,16,4.394676823595409,5.450410262434345
2015-08-25,28.7,20.8,0.0,23.09,78,1.12,4.53,0.8377600000000001,2015,8,237,24.75,16,4.383723409615153,5.440619812695752
2015-08-26,28.8,20.8,0.0,24.24,74,1.25,4.8,0.935,2015,8,238,24.8,16,4.611726513826164,5.7185755215343885
2015-08-27,28.5,21.0,0.2,22.13,77,0.97,4.39,0.72556,2015,8,239,24.75,16,4.230369104366137,5.214418209396146
2015-08-28,28.7,20.6,0.0,22.83,76,1.24,4.51,0.92752,2015,8,240,24.65,16,4.378753372387308,5.366201283150827
2015-08-29,28.2,20.8,0.3,20.25,80,1.26,4.0,0.94248,2015,8,241,24.5,16,3.9375383027148065,4.742271974571539
2015-08-30,28.4,20.8,0.0,23.28,78,1.0,4.55,0.748,2015,8,242,24.6,16,4.404007203768336,5.46526747481829
2015-08-31,28.0,20.3,0.0,24.13,77,1.28,4.69,0.9574400000000001,2015,8,243,24.15,16,4.520965372931301,5.602282699197465
2015-09-01,27.8,20.3,0.0,23.63,78,1.4,4.59,1.0472,2015,9,244,24.05,17,4.441049222427304,5.472596114396609
2015-09-02,28.0,20.1,0.5,23.32,78,1.56,4.53,1.1668800000000001,2015,9,245,24.05,17,4.418712647688949,5.400801582214513
2015-09-03,28.2,20.2,0.0,23.79,79,1.67,4.61,1.24916,2015,9,246,24.2,17,4.506263952646911,5.530192205225099
2015-09-04,27.9,19.7,0.0,24.58,76,1.48,4.73,1.10704,2015,9,247,23.799999999999997,17,4.599773022301206,5.657253389055819
2015-09-05,27.9,20.2,0.0,23.61,77,1.42,4.61,1.06216,2015,9,248,24.049999999999997,17,4.470933477813055,5.467964209094539
2015-09-06,28.4,20.4,0.0,24.62,76,1.49,4.77,1.11452,2015,9,249,24.4,17,4.688840267748033,5.7514856103628365
2015-09-07,27.7,20.0,0.0,23.41,77,1.24,4.53,0.92752,2015,9,250,23.85,17,4.407080793755805,5.394703734298335
2015-09-08,27.9,20.0,0.0,25.38,74,1.23,4.9,0.92004,2015,9,251,23.95,17,4.737193273396817,5.863282149855538
2015-09-09,28.7,19.2,0.0,25.96,70,1.37,5.16,1.0247600000000001,2015,9,252,23.95,17,4.896993242002941,5.99727362530535
2015-09-10,28.9,20.2,0.0,25.73,72,1.13,5.09,0.8452399999999999,2015,9,253,24.549999999999997,17,4.87596487307333,6.033023632266462
2015-09-11,29.1,21.0,0.0,25.97,73,1.18,5.16,0.88264,2015,9,254,25.05,17,4.978114209886132,6.164136582958369
2015-09-12,28.9,21.1,0.0,25.16,73,0.96,4.96,0.7180799999999999,2015,9,255,25.0,17,4.811709747438756,5.964624608921358
2015-09-13,28.1,20.0,0.0,25.71,71,1.39,4.97,1.03972,2015,9,256,24.05,17,4.872506089949128,5.954314265811969
2015-09-14,27.4,19.0,0.0,24.94,74,1.2,4.8,0.8976,2015,9,257,23.2,17,4.609094372992097,5.65407629570649
2015-09-15,28.4,19.7,0.0,25.92,72,1.14,5.06,0.8527199999999999,2015,9,258,24.049999999999997,17,4.8663175021557725,6.002949271483713
2015-09-16,29.0,20.5,0.0,25.33,73,1.25,5.03,0.935,2015,9,259,24.75,18,4.880252903748219,5.968423553728168
2015-09-17,29.6,20.5,0.0,26.18,71,1.26,5.29,0.94248,2015,9,260,25.05,18,5.072611936029724,6.21398135317097
2015-09-18,29.6,20.7,0.0,24.8,76,0.92,4.92,0.68816,2015,9,261,25.15,18,4.795122098881317,5.90073160903781
2015-09-19,29.5,20.9,0.0,25.3,74,1.19,5.07,0.8901199999999999,2015,9,262,25.2,18,4.928092447678446,6.026993977718177
2015-09-20,29.4,21.3,0.0,25.35,74,1.2,5.06,0.8976,2015,9,263,25.35,18,4.955055616388454,6.060840454985106
2015-09-21,29.5,21.0,0.0,25.86,73,1.31,5.15,0.9798800000000001,2015,9,264,25.25,18,5.053588381576225,6.167856000412646
2015-09-22,29.3,20.3,0.0,26.17,72,1.5,5.2,1.1219999999999999,2015,9,265,24.8,18,5.092440707699127,6.173891146805073
2015-09-23,29.7,20.8,0.0,26.66,70,1.37,5.35,1.0247600000000001,2015,9,266,25.25,18,5.221858258842689,6.3586636106342285
2015-09-24,29.0,20.2,0.0,26.98,68,1.32,5.34,0.98736,2015,9,267,24.6,18,5.190562773778272,6.333888164544565
2015-09-25,29.2,20.3,0.0,25.85,72,1.17,5.12,0.8751599999999999,2015,9,268,24.75,18,4.98899221229394,6.090949422182122
2015-09-26,28.7,20.9,0.1,25.18,73,1.19,4.96,0.8901199999999999,2015,9,269,24.799999999999997,18,4.882860818072375,5.940335463376069
2015-09-27,29.0,20.4,0.0,25.54,73,1.22,5.1,0.9125599999999999,2015,9,270,24.7,18,4.9410632301858985,6.010546201696125
2015-09-28,29.5,20.8,0.0,24.8,73,1.34,5.04,1.00232,2015,9,271,25.15,18,4.907488765127326,5.90073160903781
2015-09-29,29.1,20.8,0.2,24.21,74,1.15,4.88,0.8602,2015,9,272,24.950000000000003,18,4.751098101314518,5.732431213891909
2015-09-30,29.5,21.4,0.0,23.3,74,1.34,4.76,1.00232,2015,9,273,25.45,18,4.700405889965551,5.584157530191185
2015-10-01,30.1,21.5,0.0,26.51,73,1.29,5.41,0.96492,2015,10,274,25.8,19,5.256108538094035,6.4070372745006985
2015-10-02,29.9,21.7,0.1,25.75,71,1.45,5.31,1.0846,2015,10,275,25.799999999999997,19,5.1821894168578675,6.223357594054809
2015-10-03,29.8,21.4,0.0,24.92,71,1.42,5.17,1.06216,2015,10,276,25.6,19,5.0268856037078695,5.993985801107634
2015-10-04,29.8,21.1,0.0,27.5,68,1.3,5.56,0.9724,2015,10,277,25.450000000000003,19,5.407341035809068,6.590743866105477
2015-10-05,29.6,21.5,0.0,25.84,74,1.04,5.19,0.7779200000000001,2015,10,278,25.55,19,5.077125799683439,6.207815225553468
2015-10-06,29.7,21.3,0.0,26.9,72,1.11,5.39,0.83028,2015,10,279,25.5,19,5.26346373168493,6.454707634206113
2015-10-07,29.5,20.7,0.0,26.53,72,1.17,5.35,0.8751599999999999,2015,10,280,25.1,19,5.170737824195318,6.304705236111709
2015-10-08,29.5,20.9,0.0,26.72,72,1.43,5.38,1.06964,2015,10,281,25.2,19,5.258180783336896,6.365267948009079
2015-10-09,28.9,21.1,0.1,25.78,75,1.52,5.16,1.13696,2015,10,282,25.0,19,5.062202749387752,6.1116066143876235
2015-10-10,29.6,21.0,0.0,27.58,72,1.3,5.57,0.9724,2015,10,283,25.3,19,5.386953213231533,6.586047377975703
2015-10-11,30.4,21.5,0.0,27.34,72,1.03,5.56,0.77044,2015,10,284,25.95,19,5.394409237161094,6.631319063808923
2015-10-12,30.0,21.9,0.0,24.65,72,0.92,5.06,0.68816,2015,10,285,25.95,19,4.932276748088158,5.978859360749449
2015-10-13,30.5,21.3,0.0,25.26,70,0.86,5.16,0.64328,2015,10,286,25.9,19,5.026201911518474,6.119520093315327
2015-10-14,29.5,21.6,0.0,26.1,72,1.2,5.25,0.8976,2015,10,287,25.55,19,5.171145757277997,6.27027776265269
2015-10-15,29.8,21.3,0.0,26.34,73,1.47,5.33,1.0995599999999999,2015,10,288,25.55,19,5.254018621260105,6.327935489205818
2015-10-16,30.0,21.0,0.0,27.35,73,1.38,5.52,1.0322399999999998,2015,10,289,25.5,20,5.398462120004876,6.562686014703986
2015-10-17,30.5,21.5,0.0,27.36,72,1.25,5.56,0.935,2015,10,290,26.0,20,5.4551509741442565,6.644072083688919
2015-10-18,30.4,21.7,0.0,26.82,72,1.31,5.44,0.9798800000000001,2015,10,291,26.049999999999997,20,5.3844322833099545,6.520685872576558
2015-10-19,30.6,21.6,0.0,26.16,73,1.34,5.38,1.00232,2015,10,292,26.1,20,5.287352911695555,6.367778435743232
2015-10-20,30.3,21.7,0.0,26.61,73,1.23,5.45,0.92004,2015,10,293,26.0,20,5.32488723143704,6.461942914728149
2015-10-21,30.2,21.7,0.0,26.69,72,1.25,5.47,0.935,2015,10,294,25.95,20,5.341122128959669,6.473661514742508
2015-10-22,30.2,21.5,0.0,28.41,70,1.02,5.74,0.76296,2015,10,295,25.85,20,5.568943602529409,6.874439422380684
2015-10-23,30.6,21.1,0.0,28.08,72,0.94,5.68,0.70312,2015,10,296,25.85,20,5.509256226886523,6.794588489280169
2015-10-24,31.0,21.0,0.0,28.83,66,1.29,5.94,0.96492,2015,10,297,26.0,20,5.7496267018098965,7.0010452548520306
2015-10-25,30.8,20.6,0.0,28.62,66,1.34,5.91,1.00232,2015,10,298,25.700000000000003,20,5.692528429479856,6.900465254839904
2015-10-26,31.1,21.4,0.0,27.77,71,1.16,5.71,0.8676799999999999,2015,10,299,26.25,20,5.561519143167537,6.78374958249758
2015-10-27,31.5,22.1,0.1,27.31,70,1.46,5.72,1.09208,2015,10,300,26.8,20,5.628845778044756,6.7582329692816305
2015-10-28,31.4,22.6,0.0,27.74,70,1.29,5.76,0.96492,2015,10,301,27.0,20,5.682359488751183,6.8967456012399895
2015-10-29,31.0,22.2,0.2,26.31,74,1.19,5.43,0.8901199999999999,2015,10,302,26.6,20,5.3520492487987275,6.480332500628368
2015-10-30,31.1,22.8,0.0,26.44,73,1.03,5.47,0.77044,2015,10,303,26.950000000000003,20,5.391664250624938,6.56588756505978
2015-10-31,31.0,22.4,0.0,26.15,73,1.16,5.36,0.8676799999999999,2015,10,304,26.7,20,5.338040546707973,6.456047825211125
2015-11-01,30.7,22.4,0.0,27.09,69,0.98,5.52,0.73304,2015,11,305,26.549999999999997,21,5.4446797988943745,6.6646188920764855
2015-11-02,30.6,21.9,0.0,27.72,67,0.73,5.57,0.54604,2015,11,306,26.25,21,5.444865757602325,6.771535413281704
2015-11-03,30.4,21.7,0.0,26.97,68,0.99,5.47,0.74052,2015,11,307,26.049999999999997,21,5.369829618333544,6.5571550329377235
2015-11-04,30.2,21.9,0.0,26.58,69,1.25,5.45,0.935,2015,11,308,26.049999999999997,21,5.363819129878364,6.46233521599869
2015-11-05,30.8,21.7,0.0,26.84,71,1.19,5.55,0.8901199999999999,2015,11,309,26.25,21,5.415662824017776,6.556566035082285
2015-11-06,30.3,22.6,0.9,25.29,76,0.86,5.13,0.64328,2015,11,310,26.450000000000003,21,5.099640106345022,6.20716420956963
2015-11-07,30.2,23.0,0.0,24.42,72,0.94,5.0,0.70312,2015,11,311,26.6,21,4.989849960462886,6.0148126060564335
2015-11-08,29.8,22.6,2.7,24.58,76,1.0,5.0,0.748,2015,11,312,26.200000000000003,21,4.965930189481555,5.9973831177958665
2015-11-09,28.6,22.8,2.9,23.49,81,0.76,4.72,0.56848,2015,11,313,25.700000000000003,21,4.6789331589445196,5.6635894072742605
2015-11-10,28.9,22.8,10.5,23.12,84,0.81,4.57,0.6058800000000001,2015,11,314,25.85,21,4.629569337546548,5.594404767526977
2015-11-11,28.5,22.5,15.5,20.56,87,0.91,4.1,0.6806800000000001,2015,11,315,25.5,21,4.137579503290919,4.9334122289694315
2015-11-12,28.1,22.3,20.3,22.84,89,1.03,4.4,0.77044,2015,11,316,25.200000000000003,21,4.474450790893193,5.440970057355066
2015-11-13,27.7,22.5,3.9,24.19,87,1.13,4.73,0.8452399999999999,2015,11,317,25.1,21,4.695591961164635,5.748617401490473
2015-11-14,28.8,22.7,0.0,26.62,82,1.06,5.25,0.79288,2015,11,318,25.75,21,5.221614621335703,6.425937106551703
2015-11-15,28.7,22.2,0.0,25.53,78,1.03,5.08,0.77044,2015,11,319,25.45,21,5.021500110193922,6.118606941879012
2015-11-16,29.2,22.0,0.2,26.77,78,1.03,5.31,0.77044,2015,11,320,25.6,22,5.2491882709178155,6.438964682811049
2015-11-17,28.6,22.4,16.8,24.0,86,0.92,4.75,0.68816,2015,11,321,25.5,22,4.732224390646392,5.758846959886495
2015-11-18,28.3,22.5,9.7,24.24,89,0.89,4.71,0.66572,2015,11,322,25.4,22,4.749104130664802,5.802447509432016
2015-11-19,28.0,22.6,1.2,23.85,86,1.11,4.71,0.83028,2015,11,323,25.3,22,4.671995546702345,5.695331035704153
2015-11-20,28.8,23.0,0.7,26.57,82,1.28,5.25,0.9574400000000001,2015,11,324,25.9,22,5.232885607354257,6.436882378439756
2015-11-21,28.6,22.8,0.1,25.51,81,1.04,5.08,0.7779200000000001,2015,11,325,25.700000000000003,22,5.031336149317582,6.150624341403423
2015-11-22,29.2,22.4,0.2,26.58,80,1.09,5.27,0.81532,2015,11,326,25.799999999999997,22,5.235754981316021,6.423955139804924
2015-11-23,29.5,22.7,0.2,26.64,80,0.89,5.32,0.66572,2015,11,327,26.1,22,5.27605975018366,6.484618407041273
2015-11-24,28.9,22.9,2.5,25.37,81,0.77,5.06,0.57596,2015,11,328,25.9,22,5.023365212706903,6.146168834814325
2015-11-25,27.5,22.2,2.7,25.73,83,0.59,5.01,0.44132,2015,11,329,24.85,22,4.952097565153253,6.077503720778747
2015-11-26,28.7,22.3,5.9,25.22,84,0.83,4.94,0.62084,2015,11,330,25.5,22,4.9487905500286455,6.051588347014059
2015-11-27,29.5,22.7,0.9,26.38,82,0.92,5.29,0.68816,2015,11,331,26.1,22,5.229104065688676,6.421330089254834
2015-11-28,28.6,23.5,2.6,25.08,84,0.86,4.98,0.64328,2015,11,332,26.05,22,4.9848917331837574,6.097643612387026
2015-11-29,29.1,23.1,5.7,24.84,86,0.91,4.96,0.6806800000000001,2015,11,333,26.1,22,4.947709180752474,6.04646851467362
2015-11-30,28.8,23.6,4.4,21.91,87,0.97,4.43,0.72556,2015,11,334,26.200000000000003,22,4.437943318041371,5.3459179866113695
2015-12-01,29.5,23.5,0.0,24.72,79,0.76,5.01,0.56848,2015,12,335,26.5,23,4.9831628891217585,6.074410015199897
2015-12-02,28.8,23.4,12.0,23.09,84,0.87,4.56,0.65076,2015,12,336,26.1,23,4.64837321869507,5.620489452649512
2015-12-03,28.3,23.0,20.5,20.28,87,0.78,4.05,0.5834400000000001,2015,12,337,25.65,23,4.102222526264484,4.8837839798759015
2015-12-04,27.1,23.0,24.1,18.64,89,0.89,3.74,0.66572,2015,12,338,25.05,23,3.7458772215622713,4.42431674648995
2015-12-05,26.7,22.8,14.9,17.42,90,0.68,3.42,0.50864,2015,12,339,24.75,23,3.5139805791964314,4.10461659320745
2015-12-06,27.6,22.8,16.1,18.1,92,1.02,3.48,0.76296,2015,12,340,25.200000000000003,23,3.6339494228332665,4.311802015679803
2015-12-07,27.7,22.9,3.8,20.4,89,1.27,3.96,0.94996,2015,12,341,25.299999999999997,23,4.05206319386355,4.871478118589716
2015-12-08,28.0,22.8,22.2,20.31,91,0.76,3.98,0.56848,2015,12,342,25.4,23,4.065614968133404,4.861704163224597
2015-12-09,28.0,23.1,19.6,21.22,90,1.11,4.17,0.83028,2015,12,343,25.55,23,4.216144771204394,5.09790398940575
2015-12-10,27.9,23.3,6.9,19.81,89,0.85,3.96,0.6358,2015,12,344,25.6,23,4.000349727972075,4.7648819711052255
2015-12-11,27.6,23.2,11.9,20.29,92,0.61,4.01,0.45627999999999996,2015,12,345,25.4,23,4.070702532654982,4.856916665279521
2015-12-12,27.3,23.2,21.9,19.72,91,0.88,3.79,0.65824,2015,12,346,25.25,23,3.9351198524307947,4.703407591962002
2015-12-13,27.4,23.2,25.6,21.76,91,0.79,4.3,0.59092,2015,12,347,25.299999999999997,23,4.302081542758624,5.196243326495697
2015-12-14,27.0,23.1,13.8,18.49,92,0.89,3.59,0.66572,2015,12,348,25.05,23,3.696145070707254,4.388713339195235
2015-12-15,26.2,22.8,22.2,14.48,92,0.98,2.89,0.73304,2015,12,349,24.5,23,2.9650824692543587,3.3910171946565866
2015-12-16,27.7,22.8,16.8,23.46,89,0.87,4.59,0.65076,2015,12,350,25.25,24,4.593209104315348,5.595433169747899
2015-12-17,26.8,23.2,18.2,17.15,91,1.3,3.33,0.9724,2015,12,351,25.0,24,3.4476136711407053,4.065711925397507
2015-12-18,27.1,22.5,29.7,16.89,91,1.79,3.26,1.33892,2015,12,352,24.8,24,3.3659313016044954,3.9846015081978483
2015-12-19,24.9,22.0,7.8,9.18,93,2.26,1.83,1.6904799999999998,2015,12,353,23.45,24,2.0042693349418284,2.0943620655936086
2015-12-20,27.0,22.1,5.5,22.06,90,2.16,4.07,1.61568,2015,12,354,24.55,24,4.16342565626437,5.172502966490406
2015-12-21,27.6,22.5,12.8,22.19,90,1.19,4.25,0.8901199999999999,2015,12,355,25.05,24,4.321727737112192,5.266930719131545
2015-12-22,26.8,22.1,2.9,19.29,88,1.45,3.71,1.0846,2015,12,356,24.450000000000003,24,3.7938486994257947,4.5118976680969505
2015-12-23,27.1,22.5,2.3,25.17,88,1.4,4.74,1.0472,2015,12,357,24.8,24,4.787621754837881,5.937976315058606
2015-12-24,26.1,22.6,30.1,19.23,92,1.53,3.54,1.1444400000000001,2015,12,358,24.35,24,3.6993615447681703,4.486788927509095
2015-12-25,26.1,22.5,21.9,14.85,91,1.56,2.85,1.1668800000000001,2015,12,359,24.3,24,3.0065178160631536,3.460561440902883
2015-12-26,26.5,22.8,25.8,20.4,91,1.13,3.89,0.8452399999999999,2015,12,360,24.65,24,3.9712340720641697,4.795028741843051
2015-12-27,27.2,22.8,11.7,24.59,88,1.28,4.68,0.9574400000000001,2015,12,361,25.0,24,4.726954359133452,5.829495990992695
2015-12-28,27.1,23.1,13.5,22.46,88,0.91,4.3,0.6806800000000001,2015,12,362,25.1,24,4.406078845699317,5.337492634868789
2015-12-29,27.7,22.7,0.9,25.12,84,0.82,4.89,0.61336,2015,12,363,25.2,24,4.888875376212993,5.984114178667218
2015-12-30,27.5,22.6,20.1,23.94,88,0.67,4.66,0.50116,2015,12,364,25.05,24,4.673102739063394,5.682303804236557
2015-12-31,27.7,22.1,21.0,24.61,88,0.74,4.79,0.55352,2015,12,365,24.9,24,4.768042346418229,5.820049336530281
2016-01-01,27.5,22.5,4.2,24.71,86,0.64,4.82,0.47872000000000003,2016,1,1,25.0,1,4.801475980111083,5.85794412108294
2016-01-02,27.3,22.8,3.6,22.86,86,0.52,4.52,0.38896000000000003,2016,1,2,25.05,1,4.493411575123247,5.425959271714606
2016-01-03,27.6,23.0,20.9,23.45,89,0.78,4.55,0.5834400000000001,2016,1,3,25.3,1,4.607009090416978,5.599811856908276
2016-01-04,27.0,22.9,6.6,20.84,89,1.11,3.98,0.83028,2016,1,4,24.95,1,4.099914960776947,4.934484365861519
2016-01-05,28.2,22.5,0.0,27.34,85,0.97,5.34,0.72556,2016,1,5,25.35,1,5.280602401400117,6.536622407861649
2016-01-06,28.5,22.9,0.0,27.41,85,0.81,5.37,0.6058800000000001,2016,1,6,25.7,1,5.348337743329009,6.608726507168475
2016-01-07,28.7,23.1,4.2,25.84,87,0.71,5.11,0.53108,2016,1,7,25.9,1,5.1092304819989165,6.260031639400951
2016-01-08,28.3,23.5,13.8,24.44,87,0.75,4.83,0.5609999999999999,2016,1,8,25.9,1,4.8575788598959555,5.920865838504615
2016-01-09,27.6,23.3,2.2,23.11,85,0.52,4.56,0.38896000000000003,2016,1,9,25.450000000000003,1,4.5796290217030915,5.538621481661729
2016-01-10,28.0,23.2,17.2,24.16,88,0.86,4.67,0.64328,2016,1,10,25.6,1,4.764392800739571,5.811183665921365
2016-01-11,28.2,23.1,0.2,26.6,84,0.99,5.2,0.74052,2016,1,11,25.65,1,5.196861266851943,6.405752162953598
2016-01-12,28.4,23.0,1.3,26.65,84,0.76,5.22,0.56848,2016,1,12,25.7,1,5.220466003137178,6.425485640862454
2016-01-13,28.5,23.0,9.4,25.87,85,0.76,5.03,0.56848,2016,1,13,25.75,1,5.093600958940471,6.244890794383642
2016-01-14,28.0,22.9,2.4,27.22,87,0.79,5.26,0.59092,2016,1,14,25.45,1,5.284026034305672,6.523638110377857
2016-01-15,28.5,23.1,3.0,25.48,88,0.86,5.0,0.64328,2016,1,15,25.8,1,5.022853414909931,6.158102970738506
2016-01-16,27.7,23.1,13.3,24.66,89,0.64,4.8,0.47872000000000003,2016,1,16,25.4,2,4.846427532544348,5.90298496627861
2016-01-17,28.3,22.9,3.7,24.87,87,0.78,4.82,0.5834400000000001,2016,1,17,25.6,2,4.900311945714142,5.98195934484538
2016-01-18,28.2,22.5,0.2,26.88,85,1.0,5.26,0.748,2016,1,18,25.35,2,5.206552607250394,6.426642659960538
2016-01-19,28.1,23.0,0.9,26.45,85,0.99,5.16,0.74052,2016,1,19,25.55,2,5.15779485500444,6.354361947209336
2016-01-20,27.8,22.8,24.6,22.79,89,1.15,4.39,0.8602,2016,1,20,25.3,2,4.471172580824697,5.44220521189508
2016-01-21,28.0,22.7,26.1,22.56,91,1.21,4.34,0.90508,2016,1,21,25.35,2,4.414133401755832,5.393789375324023
2016-01-22,27.8,23.0,29.6,18.62,92,1.3,3.57,0.9724,2016,1,22,25.4,2,3.725108051355574,4.457160586865682
2016-01-23,27.1,22.8,9.1,18.26,91,1.57,3.51,1.17436,2016,1,23,24.950000000000003,2,3.620223959981743,4.323593307132023
2016-01-24,25.7,22.6,37.0,10.07,95,1.5,1.98,1.1219999999999999,2016,1,24,24.15,2,2.1434249579796867,2.3379604965154774
2016-01-25,25.6,22.5,30.6,9.35,95,1.26,1.86,0.94248,2016,1,25,24.05,2,2.032082546772331,2.1654157287180826
2016-01-26,24.8,22.4,31.1,6.23,94,1.39,1.34,1.03972,2016,1,26,23.6,2,1.529090327159711,1.4267102556478752
2016-01-27,25.6,22.4,17.0,10.38,92,2.05,2.09,1.5333999999999999,2016,1,27,24.0,2,2.251152093444061,2.4009719703245755
2016-01-28,27.0,22.6,5.8,18.9,89,1.86,3.62,1.39128,2016,1,28,24.8,2,3.738497647018281,4.458790320008249
2016-01-29,27.8,22.9,13.9,22.83,88,1.41,4.4,1.0546799999999998,2016,1,29,25.35,2,4.479052519158263,5.458342705613805
2016-01-30,27.8,23.1,23.1,21.04,90,1.63,4.01,1.2192399999999999,2016,1,30,25.450000000000003,2,4.146124180150852,5.042518216103972
2016-01-31,26.6,22.9,24.6,15.54,93,1.86,2.98,1.39128,2016,1,31,24.75,2,3.096673474845292,3.6616384534123863
2016-02-01,27.1,22.7,33.8,18.56,94,1.59,3.47,1.1893200000000002,2016,2,32,24.9,3,3.607792631757574,4.389277354165055
2016-02-02,24.7,22.3,54.9,11.23,96,1.15,2.2,0.8602,2016,2,33,23.5,3,2.3058898980407996,2.565285415131099
2016-02-03,23.6,22.2,27.6,7.2,98,1.72,1.39,1.28656,2016,2,34,22.9,3,1.554764857462317,1.6198833854573218
2016-02-04,26.7,22.5,22.8,13.74,94,1.19,2.67,0.8901199999999999,2016,2,35,24.6,3,2.814557274566082,3.2256346694159497
2016-02-05,25.4,22.7,28.9,12.79,95,1.06,2.47,0.79288,2016,2,36,24.049999999999997,3,2.615291331575341,2.9621034406742544
2016-02-06,27.9,23.0,23.2,21.92,90,1.02,4.34,0.76296,2016,2,37,25.45,3,4.342615714268516,5.2534220198193475
2016-02-07,27.8,22.9,45.4,20.96,94,0.93,4.03,0.69564,2016,2,38,25.35,3,4.145664782619864,5.011251121754944
2016-02-08,24.9,22.7,52.4,10.44,95,0.81,2.11,0.6058800000000001,2016,2,39,23.799999999999997,3,2.225634347041669,2.402836671348363
2016-02-09,27.2,22.8,33.7,17.24,93,1.02,3.35,0.76296,2016,2,40,25.0,3,3.4651345860164673,4.087048022965191
2016-02-10,26.4,23.0,31.9,12.78,96,1.67,2.43,1.24916,2016,2,41,24.7,3,2.5821121632997435,3.0076264862050306
2016-02-11,26.7,23.0,33.9,7.11,96,1.28,1.48,0.9574400000000001,2016,2,42,24.85,3,1.6613419398759932,1.6794034766706918
2016-02-12,24.4,22.4,23.7,6.13,97,1.29,1.25,0.96492,2016,2,43,23.4,3,1.4434847661472636,1.3967608858452192
2016-02-13,27.1,22.8,12.4,13.0,91,1.08,2.63,0.80784,2016,2,44,24.950000000000003,3,2.76040629028049,3.0781332416602565
2016-02-14,27.6,22.4,5.7,22.76,86,0.95,4.49,0.7106,2016,2,45,25.0,3,4.466526030327289,5.395662007116459
2016-02-15,27.2,23.0,36.0,20.8,91,0.97,3.96,0.72556,2016,2,46,25.1,3,4.105652677366681,4.943002974410989
2016-02-16,27.4,22.8,12.0,20.24,91,1.07,3.9,0.8003600000000001,2016,2,47,25.1,4,4.001962719058526,4.809922125099924
2016-02-17,27.8,22.5,4.7,25.15,87,0.65,4.99,0.4862,2016,2,48,25.15,4,4.901427386697239,5.984008063197617
2016-02-18,28.3,22.9,2.2,21.87,86,0.8,4.4,0.5984,2016,2,49,25.6,4,4.381913624279629,5.2603719691101105
2016-02-19,28.0,23.3,9.8,25.29,86,0.97,4.95,0.72556,2016,2,50,25.65,4,4.965316350644967,6.090280909815657
2016-02-20,27.8,22.9,24.6,23.27,91,0.99,4.48,0.74052,2016,2,51,25.35,4,4.5546900711260765,5.563540725345302
2016-02-21,26.9,22.6,41.0,15.88,93,1.25,3.04,0.935,2016,2,52,24.75,4,3.1919716101684257,3.741751521247664
2016-02-22,26.5,22.9,41.7,18.89,91,0.85,3.6,0.6358,2016,2,53,24.7,4,3.7462191093086714,4.445544939312444
2016-02-23,26.5,22.6,52.3,15.5,93,0.91,3.0,0.6806800000000001,2016,2,54,24.55,4,3.1362742344869057,3.634351585702688
2016-02-24,27.8,22.8,40.6,21.83,91,1.01,4.18,0.75548,2016,2,55,25.3,4,4.296211928008827,5.212959182784975
2016-02-25,27.2,22.7,15.8,20.52,90,0.7,4.06,0.5236,2016,2,56,24.95,4,4.064912655974182,4.858714932220652
2016-02-26,25.6,22.7,27.4,16.16,92,0.88,3.15,0.65824,2016,2,57,24.15,4,3.226585039741999,3.751880995401203
2016-02-27,26.1,22.4,28.5,11.83,96,0.68,2.34,0.50864,2016,2,58,24.25,4,2.477246057958149,2.7533916984003612
2016-02-28,27.1,22.8,40.1,19.61,93,0.8,3.78,0.5984,2016,2,59,24.950000000000003,4,3.8812797919841433,4.6432456053044335
2016-02-29,27.2,22.8,26.3,17.63,94,1.12,3.4,0.8377600000000001,2016,2,60,25.0,4,3.5002954237071826,4.179504445758487
2016-03-01,27.4,22.9,27.5,15.88,95,0.92,3.12,0.68816,2016,3,61,25.15,5,3.2198504664764935,3.778371691593566
2016-03-02,26.2,22.8,29.0,12.84,94,0.88,2.6,0.65824,2016,3,62,24.5,5,2.665904170657449,3.0069517112838793
2016-03-03,26.1,22.9,22.3,16.78,93,0.95,3.3,0.7106,2016,3,63,24.5,5,3.337398230730387,3.929645616459774
2016-03-04,27.7,23.3,32.0,22.33,91,1.1,4.26,0.8228000000000001,2016,3,64,25.5,5,4.3822584887081035,5.35812719226106
2016-03-05,27.9,22.8,7.6,18.53,92,1.37,3.55,1.0247600000000001,2016,3,65,25.35,5,3.6852386380042277,4.430271149146904
2016-03-06,27.1,23.4,14.6,16.43,93,1.11,3.15,0.83028,2016,3,66,25.25,5,3.321404175026421,3.918711294925745
2016-03-07,28.8,23.1,10.8,23.37,91,0.96,4.55,0.7180799999999999,2016,3,67,25.950000000000003,5,4.630216896487943,5.668395264126354
2016-03-08,28.4,23.3,24.4,23.22,90,0.77,4.47,0.57596,2016,3,68,25.85,5,4.611015939115386,5.618602019981678
2016-03-09,28.3,23.5,19.3,22.64,90,0.72,4.4,0.5385599999999999,2016,3,69,25.9,5,4.516067262170909,5.4847955230664684
2016-03-10,28.0,23.3,15.4,23.58,90,0.77,4.54,0.57596,2016,3,70,25.65,5,4.645395810359196,5.678482556482925
2016-03-11,27.9,23.3,37.8,18.68,92,0.73,3.67,0.54604,2016,3,71,25.6,5,3.776216616725446,4.4930840595782735
2016-03-12,26.9,23.6,24.4,15.49,89,0.96,3.08,0.7180799999999999,2016,3,72,25.25,5,3.206079631403239,3.6945123529153863
2016-03-13,28.3,23.5,8.7,15.4,90,0.84,3.11,0.62832,2016,3,73,25.9,5,3.230446665609411,3.7308238098597006
2016-03-14,27.8,23.3,3.1,22.53,85,0.9,4.47,0.6732,2016,3,74,25.55,5,4.45342857351153,5.412619080174909
2016-03-15,27.6,23.5,15.5,22.42,90,0.9,4.4,0.6732,2016,3,75,25.55,5,4.407957475161615,5.386192622171392
2016-03-16,27.7,23.3,5.6,22.87,86,0.87,4.44,0.65076,2016,3,76,25.5,6,4.496496025961727,5.487701248858507
2016-03-17,27.2,23.5,14.3,20.64,89,0.87,4.03,0.65076,2016,3,77,25.35,6,4.083535818622382,4.934743471041128
2016-03-18,27.6,23.4,10.9,21.63,89,0.75,4.22,0.5609999999999999,2016,3,78,25.5,6,4.27493022268408,5.190160822597703
2016-03-19,27.9,23.3,3.6,24.89,86,0.68,4.88,0.50864,2016,3,79,25.6,6,4.851441925532936,5.986769927350281
2016-03-20,28.4,22.9,1.6,25.5,85,0.73,5.0,0.54604,2016,3,80,25.65,6,4.9603276089166,6.140852637417923
2016-03-21,28.3,23.2,2.3,25.75,86,0.92,5.03,0.68816,2016,3,81,25.75,6,5.002065554128832,6.215923384436753
2016-03-22,28.7,23.0,0.3,25.02,83,0.62,4.95,0.46376,2016,3,82,25.85,6,4.895303462233896,6.054152564166304
2016-03-23,27.6,23.5,18.9,22.25,89,0.69,4.35,0.5161199999999999,2016,3,83,25.55,6,4.377888732037265,5.3453517325295925
2016-03-24,27.7,23.5,30.8,19.47,90,1.03,3.84,0.77044,2016,3,84,25.6,6,3.8783662630339224,4.683102068521895
2016-03-25,28.1,23.4,2.3,23.05,87,0.71,4.53,0.53108,2016,3,85,25.75,6,4.5347693661385104,5.564156660631734
2016-03-26,28.7,23.2,12.8,24.22,89,0.97,4.72,0.72556,2016,3,86,25.95,6,4.739852974392811,5.874562828290128
2016-03-27,26.9,22.6,19.2,22.46,89,0.82,4.38,0.61336,2016,3,87,24.75,6,4.304446534064244,5.292175010530386
2016-03-28,27.5,23.2,16.8,20.33,89,0.96,3.91,0.7180799999999999,2016,3,88,25.35,6,4.000196274664211,4.860626684412118
2016-03-29,27.3,23.2,7.0,17.59,90,0.96,3.39,0.7180799999999999,2016,3,89,25.25,6,3.5190579008334004,4.19538232974704
2016-03-30,27.7,23.4,14.4,19.18,91,1.41,3.62,1.0546799999999998,2016,3,90,25.549999999999997,6,3.7748982477565463,4.6078133137041615
2016-03-31,27.3,23.3,12.6,23.09,89,0.75,4.45,0.5609999999999999,2016,3,91,25.3,6,4.463265414513672,5.513844595991987
2016-04-01,28.3,22.9,3.6,23.73,87,1.28,4.54,0.9574400000000001,2016,4,92,25.6,7,4.587062181593958,5.707756142065977
2016-04-02,27.9,22.7,9.4,23.08,88,0.93,4.43,0.69564,2016,4,93,25.299999999999997,7,4.449787203678221,5.511456616522089
2016-04-03,28.7,22.6,10.6,23.28,89,1.1,4.46,0.8228000000000001,2016,4,94,25.65,7,4.509372495084069,5.606237231336833
2016-04-04,28.3,23.0,3.2,22.82,88,0.71,4.46,0.53108,2016,4,95,25.65,7,4.451882026857582,5.495461066112823
2016-04-05,28.3,23.2,12.6,23.04,89,0.86,4.49,0.64328,2016,4,96,25.75,7,4.485470570455878,5.561742709802827
2016-04-06,27.7,22.9,4.2,20.45,91,0.94,3.89,0.70312,2016,4,97,25.299999999999997,7,3.977285932148156,4.8834180159392
2016-04-07,27.7,23.5,16.5,19.69,91,0.97,3.8,0.72556,2016,4,98,25.6,7,3.871827760830172,4.736018476075815
2016-04-08,28.2,23.6,27.2,21.95,91,1.18,4.23,0.88264,2016,4,99,25.9,7,4.267421886769653,5.317635235481845
2016-04-09,27.4,23.0,32.8,17.5,92,0.63,3.45,0.47124,2016,4,100,25.2,7,3.475867606713648,4.168869352176605
2016-04-10,28.2,23.3,2.7,21.56,88,1.2,4.16,0.8976,2016,4,101,25.75,7,4.204889025509499,5.20447798712452
2016-04-11,28.0,23.2,5.8,22.68,90,1.57,4.32,1.17436,2016,4,102,25.6,7,4.321589494565292,5.455200560558633
2016-04-12,28.4,23.5,19.8,20.73,90,1.2,4.02,0.8976,2016,4,103,25.95,7,4.062386899128411,5.028063064841221
2016-04-13,26.7,23.3,29.8,16.48,93,0.79,3.2,0.59092,2016,4,104,25.0,7,3.2555434832386445,3.90687653239364
2016-04-14,26.9,23.0,33.9,19.06,92,1.02,3.57,0.76296,2016,4,105,24.95,7,3.6669481680367366,4.513016891234192
2016-04-15,27.4,23.2,11.1,18.93,90,1.73,3.53,1.29404,2016,4,106,25.299999999999997,7,3.660454826272657,4.520445136514868
2016-04-16,27.3,23.1,14.3,19.99,91,1.19,3.78,0.8901199999999999,2016,4,107,25.200000000000003,8,3.8340233379143513,4.762039905714876
2016-04-17,28.5,23.4,9.2,21.15,88,1.25,4.06,0.935,2016,4,108,25.95,8,4.131872064405878,5.129934096545673
2016-04-18,27.5,23.1,3.3,20.13,89,0.56,3.99,0.41888000000000003,2016,4,109,25.3,8,3.907456804044847,4.807002672902499
2016-04-19,27.6,23.4,5.9,21.12,85,1.05,4.1,0.7854,2016,4,110,25.5,8,4.091301093784444,5.067785324700116
2016-04-20,27.4,22.8,24.7,20.24,91,1.01,3.88,0.75548,2016,4,111,25.1,8,3.8643506493260555,4.809922125099924
2016-04-21,28.1,23.3,1.1,22.33,85,0.92,4.35,0.68816,2016,4,112,25.700000000000003,8,4.302092854226585,5.383905979754544
2016-04-22,28.0,22.7,0.7,20.67,88,0.85,4.03,0.6358,2016,4,113,25.35,8,3.9802283510038445,4.941916063295548
2016-04-23,28.1,23.5,0.1,23.19,86,1.04,4.49,0.7779200000000001,2016,4,114,25.8,8,4.439772730547839,5.604647091500233
2016-04-24,28.2,23.2,3.1,20.06,89,1.05,3.86,0.7854,2016,4,115,25.7,8,3.8952462273847437,4.836594444866822
2016-04-25,28.1,22.5,0.0,23.24,86,0.89,4.5,0.66572,2016,4,116,25.3,8,4.385547688393348,5.54966428804044
2016-04-26,28.1,23.4,5.8,22.38,88,0.91,4.32,0.6806800000000001,2016,4,117,25.75,8,4.2842137147739985,5.402421955094933
2016-04-27,27.6,23.0,15.7,20.31,90,0.78,3.94,0.5834400000000001,2016,4,118,25.3,8,3.8890595540206854,4.849986303360644
2016-04-28,27.8,23.0,0.3,20.31,85,0.87,3.97,0.65076,2016,4,119,25.4,8,3.909741346057817,4.861704163224597
2016-04-29,27.8,23.3,3.0,20.93,88,0.73,4.04,0.54604,2016,4,120,25.55,8,4.0146339955263075,5.028234236487387
2016-04-30,28.0,23.0,18.5,21.3,90,0.87,4.07,0.65076,2016,4,121,25.5,8,4.057409175830812,5.110976676899265
2016-05-01,27.9,23.0,5.3,21.29,89,0.8,4.04,0.5984,2016,5,122,25.45,9,4.0518221497019535,5.102434069432204
2016-05-02,27.8,22.9,2.1,22.2,88,0.94,4.27,0.70312,2016,5,123,25.35,9,4.180028834342947,5.30771826827098
2016-05-03,28.5,23.3,0.1,22.53,87,0.61,4.4,0.45627999999999996,2016,5,124,25.9,9,4.306754505631691,5.4581467815674705
2016-05-04,28.7,23.1,4.5,21.71,89,0.78,4.26,0.5834400000000001,2016,5,125,25.9,9,4.16375902905598,5.25949252675676
2016-05-05,28.0,23.5,9.0,20.65,90,0.68,3.98,0.50864,2016,5,126,25.75,9,3.965915475161399,4.984808461693939
2016-05-06,28.0,22.8,7.3,21.26,90,0.95,4.05,0.7106,2016,5,127,25.4,9,4.009588605361849,5.089110315615704
2016-05-07,27.3,22.5,6.3,18.69,90,0.72,3.61,0.5385599999999999,2016,5,128,24.9,9,3.548243235752132,4.420021214943152
2016-05-08,28.0,23.1,15.7,20.12,90,0.89,3.91,0.66572,2016,5,129,25.55,9,3.8343908513736413,4.83363940937058
2016-05-09,28.0,22.9,7.1,19.48,91,0.75,3.78,0.5609999999999999,2016,5,130,25.45,9,3.7212374407979047,4.6686432913358065
2016-05-10,27.5,22.6,0.8,19.94,88,1.12,3.82,0.8377600000000001,2016,5,131,25.05,9,3.747844202068818,4.732879609710816
2016-05-11,27.7,23.7,2.4,19.53,90,1.06,3.76,0.79288,2016,5,132,25.7,9,3.7308873515264938,4.708808051258677
2016-05-12,28.7,23.7,0.2,21.91,87,1.04,4.28,0.7779200000000001,2016,5,133,26.2,9,4.190821665307238,5.3459179866113695
2016-05-13,28.3,24.0,5.7,19.41,90,1.07,3.77,0.8003600000000001,2016,5,134,26.15,9,3.7521239764395027,4.730323858668859
2016-05-14,28.5,24.0,1.9,20.09,89,0.92,3.91,0.68816,2016,5,135,26.25,9,3.882858619318312,4.907653190939012
2016-05-15,27.8,23.3,11.0,17.82,91,0.85,3.46,0.6358,2016,5,136,25.55,9,3.4296627714100185,4.281086196569769
2016-05-16,27.6,23.8,5.5,19.26,89,0.78,3.74,0.5834400000000001,2016,5,137,25.700000000000003,10,3.6826934640775475,4.643709322439433
2016-05-17,27.3,23.4,0.7,19.99,86,0.7,3.89,0.5236,2016,5,138,25.35,10,3.7639620885802803,4.7793373055286885
2016-05-18,27.4,23.2,1.5,19.91,87,0.59,3.9,0.44132,2016,5,139,25.299999999999997,10,3.743242191952626,4.754467124564767
2016-05-19,27.5,23.1,2.4,18.62,89,0.58,3.62,0.43383999999999995,2016,5,140,25.3,10,3.5354474876768003,4.446417772948064
2016-05-20,27.5,22.7,1.1,20.67,89,0.68,4.01,0.50864,2016,5,141,25.1,10,3.8389748235739436,4.912109205820921
2016-05-21,27.7,22.4,1.6,20.66,88,0.47,4.01,0.35156,2016,5,142,25.049999999999997,10,3.8350278086042455,4.903775964725449
2016-05-22,27.3,23.0,2.8,19.95,88,0.83,3.83,0.62084,2016,5,143,25.15,10,3.7174371815027687,4.746757887109045
2016-05-23,27.7,23.3,0.6,20.05,86,0.71,3.9,0.53108,2016,5,144,25.5,10,3.769130700854561,4.811036731071844
2016-05-24,28.1,22.8,0.0,21.45,85,0.79,4.18,0.59092,2016,5,145,25.450000000000003,10,3.986138123799476,5.1407802155622715
2016-05-25,27.8,23.2,0.1,20.55,87,0.91,3.99,0.6806800000000001,2016,5,146,25.5,10,3.842377192493618,4.931012709402812
2016-05-26,27.9,22.4,0.3,20.87,86,1.13,4.05,0.8452399999999999,2016,5,147,25.15,10,3.859166856801298,4.965655995186254
2016-05-27,28.1,23.5,13.8,18.8,89,0.85,3.64,0.6358,2016,5,148,25.8,10,3.5846395452794746,4.543655253135162
2016-05-28,26.4,23.2,22.2,13.67,93,1.21,2.57,0.90508,2016,5,149,24.799999999999997,10,2.637754997429615,3.2249557499742205
2016-05-29,27.2,22.7,39.0,16.49,94,1.07,3.13,0.8003600000000001,2016,5,150,24.95,10,3.0877005953900207,3.904493627305971
2016-05-30,26.7,22.8,12.3,15.25,94,0.65,2.96,0.4862,2016,5,151,24.75,10,2.9036354331865994,3.5933067190822965
2016-05-31,26.4,22.4,17.6,17.94,93,0.77,3.37,0.57596,2016,5,152,24.4,10,3.2902654200319015,4.1909687997526115
2016-06-01,27.4,21.9,1.1,19.66,87,1.01,3.79,0.75548,2016,6,153,24.65,11,3.5977337543677295,4.62109142473698
2016-06-02,27.3,23.0,0.0,19.41,88,1.55,3.69,1.1594,2016,6,154,25.15,11,3.5936228702570507,4.61827421497677
2016-06-03,27.3,22.0,0.1,20.62,86,0.72,3.96,0.5385599999999999,2016,6,155,24.65,11,3.737359991577091,4.8467398361178295
2016-06-04,26.9,22.4,1.7,18.37,90,0.64,3.53,0.47872000000000003,2016,6,156,24.65,11,3.3871717624056186,4.317876371943965
2016-06-05,27.0,22.6,1.6,19.39,89,0.99,3.66,0.74052,2016,6,157,24.8,11,3.5482203330066877,4.574388587564019
2016-06-06,27.1,22.7,1.5,19.15,88,0.77,3.67,0.57596,2016,6,158,24.9,11,3.5271500717792845,4.52880718385026
2016-06-07,27.6,22.9,7.4,19.14,89,0.82,3.69,0.61336,2016,6,159,25.25,11,3.5580917008881334,4.565072074551356
2016-06-08,27.0,22.8,0.4,20.11,85,1.16,3.85,0.8676799999999999,2016,6,160,24.9,11,3.6847760746599976,4.755838771134659
2016-06-09,27.8,22.2,0.0,20.86,83,1.05,3.99,0.7854,2016,6,161,25.0,11,3.817918042705841,4.945233280687581
2016-06-10,27.7,22.7,0.0,20.09,87,0.8,3.87,0.5984,2016,6,162,25.2,11,3.7003954602321767,4.785862016298743
2016-06-11,27.8,22.9,0.2,20.33,86,0.9,3.92,0.6732,2016,6,163,25.35,11,3.754345123676163,4.860626684412118
2016-06-12,27.4,22.5,1.8,19.26,87,0.82,3.7,0.61336,2016,6,164,24.95,11,3.543533312725072,4.560372787259735
2016-06-13,27.6,22.7,1.3,19.49,86,1.05,3.73,0.7854,2016,6,165,25.15,11,3.6056479864321185,4.637308833070439
2016-06-14,26.4,22.8,14.1,12.85,92,0.66,2.47,0.49368,2016,6,166,24.6,11,2.501732261732898,3.0166961791844944
2016-06-15,27.0,22.4,4.0,16.48,90,1.26,3.12,0.94248,2016,6,167,24.7,11,3.0724621300135837,3.8783790682831696
2016-06-16,26.9,22.3,6.8,16.15,92,0.86,3.11,0.64328,2016,6,168,24.6,12,3.0081946701917683,3.791411929480901
2016-06-17,27.7,22.9,3.3,18.9,89,1.17,3.59,0.8751599999999999,2016,6,169,25.299999999999997,12,3.5077513303525087,4.513281198105178
2016-06-18,27.0,22.3,16.5,15.76,92,0.64,3.03,0.47872000000000003,2016,6,170,24.65,12,2.9614836114556793,3.704394753502279
2016-06-19,26.8,21.9,2.5,15.56,90,0.73,3.04,0.54604,2016,6,171,24.35,12,2.910750593731781,3.630495876861233
2016-06-20,26.5,22.5,0.7,18.41,87,0.52,3.53,0.38896000000000003,2016,6,172,24.5,12,3.3573949232386027,4.311369237128989
2016-06-21,27.1,22.8,0.2,19.39,84,0.81,3.74,0.6058800000000001,2016,6,173,24.950000000000003,12,3.560013238471835,4.591154119676337
2016-06-22,26.6,22.0,1.7,19.18,87,0.73,3.65,0.54604,2016,6,174,24.3,12,3.458199359752953,4.469600568115643
2016-06-23,27.2,21.7,0.0,19.35,86,0.62,3.71,0.46376,2016,6,175,24.45,12,3.501113872513488,4.525931564420737
2016-06-24,27.2,22.5,0.7,19.57,83,0.73,3.75,0.54604,2016,6,176,24.85,12,3.574423526843709,4.6224931137054055
2016-06-25,26.5,22.7,4.2,17.82,86,0.87,3.43,0.65076,2016,6,177,24.6,12,3.2880291924230023,4.1834650516005984
2016-06-26,25.7,22.1,11.2,16.3,90,1.26,3.08,0.94248,2016,6,178,23.9,12,2.9725475345796024,3.7609330034085735
2016-06-27,26.5,22.2,7.9,18.41,90,0.89,3.49,0.66572,2016,6,179,24.35,12,3.3383816342615495,4.295464594666793
2016-06-28,24.8,22.0,14.3,11.05,95,1.18,2.09,0.88264,2016,6,180,23.4,12,2.108879216104801,2.517815299933062
2016-06-29,26.0,22.2,8.6,9.44,93,2.11,1.81,1.57828,2016,6,181,24.1,12,1.935900501828161,2.188975952322476
2016-06-30,26.4,22.6,4.8,16.75,91,1.9,3.09,1.4212,2016,6,182,24.5,12,3.0605306820586855,3.9226200283492973
2016-07-01,27.1,22.2,0.8,18.19,88,0.95,3.48,0.7106,2016,7,183,24.65,13,3.3491964103609666,4.275567294810055
2016-07-02,27.2,22.9,0.2,19.89,87,1.09,3.79,0.81532,2016,7,184,25.049999999999997,13,3.6509259716154756,4.721011807279244
2016-07-03,27.1,22.9,3.1,18.95,91,1.38,3.52,1.0322399999999998,2016,7,185,25.0,13,3.461498384756898,4.492433876751182
2016-07-04,26.8,22.3,0.3,19.46,88,2.17,3.62,1.62316,2016,7,186,24.55,13,3.5180272276216096,4.562869797275762
2016-07-05,27.6,21.1,0.0,20.83,85,1.05,3.98,0.7854,2016,7,187,24.35,13,3.7410916396171325,4.8601046989087076
2016-07-06,27.7,22.3,0.0,20.28,86,1.39,3.91,1.03972,2016,7,188,25.0,13,3.7267815644432525,4.807733985251398
2016-07-07,27.1,22.3,0.0,20.84,85,1.19,3.93,0.8901199999999999,2016,7,189,24.700000000000003,13,3.779347190238233,4.904455083921193
2016-07-08,27.3,22.4,1.9,17.52,88,1.08,3.33,0.80784,2016,7,190,24.85,13,3.27849906640134,4.138276921416388
2016-07-09,25.7,22.1,26.3,15.41,93,0.7,2.87,0.5236,2016,7,191,23.9,13,2.8538791496834395,3.555581446780744
2016-07-10,26.2,22.0,6.0,17.95,91,0.76,3.39,0.56848,2016,7,192,24.1,13,3.2660913009679784,4.16230067205386
2016-07-11,26.5,21.5,1.6,18.99,90,0.79,3.55,0.59092,2016,7,193,24.0,13,3.4207153354361965,4.3925296451313764
2016-07-12,26.4,22.2,1.3,19.49,89,0.79,3.68,0.59092,2016,7,194,24.299999999999997,13,3.52825957158372,4.541841244659743
2016-07-13,26.7,22.0,3.7,18.31,90,1.41,3.44,1.0546799999999998,2016,7,195,24.35,13,3.332188759266961,4.272132358954317
2016-07-14,27.4,22.2,5.7,18.83,89,0.73,3.59,0.54604,2016,7,196,24.799999999999997,13,3.487926270397437,4.442276281785996
2016-07-15,26.9,22.3,8.2,18.26,89,1.12,3.45,0.8377600000000001,2016,7,197,24.6,13,3.3726016671428036,4.286760484973453
2016-07-16,25.1,22.3,30.0,13.11,93,0.97,2.49,0.72556,2016,7,198,23.700000000000003,14,2.488698678528343,3.009814266333599
2016-07-17,25.7,21.9,10.9,16.0,92,0.75,3.01,0.5609999999999999,2016,7,199,23.799999999999997,14,2.955011233535512,3.6825083085798664
2016-07-18,25.7,22.0,9.5,12.65,91,0.86,2.47,0.64328,2016,7,200,23.85,14,2.456330581244231,2.9151218384824404
2016-07-19,25.9,21.5,3.8,18.85,89,0.86,3.51,0.64328,2016,7,201,23.7,14,3.3913261739760534,4.327612427184466
2016-07-20,26.3,21.7,20.9,17.11,93,1.16,3.15,0.8676799999999999,2016,7,202,24.0,14,3.1163141596604533,3.9576715233384863
2016-07-21,26.1,21.6,11.8,16.96,93,1.63,3.08,1.2192399999999999,2016,7,203,23.85,14,3.0484679002640744,3.908337263293454
2016-07-22,26.7,21.7,1.1,19.97,89,0.82,3.78,0.61336,2016,7,204,24.2,14,3.6240016155137798,4.642200014222161
2016-07-23,26.7,22.4,1.7,19.01,86,0.8,3.63,0.5984,2016,7,205,24.549999999999997,14,3.521607135744765,4.457356364142458
2016-07-24,26.9,21.8,0.3,20.1,86,0.99,3.82,0.74052,2016,7,206,24.35,14,3.6760411068361156,4.689779378207635
2016-07-25,25.9,21.6,1.2,19.88,87,1.01,3.73,0.75548,2016,7,207,23.75,14,3.576349347613002,4.569798734319132
2016-07-26,25.2,21.3,6.8,19.39,89,1.17,3.56,0.8751599999999999,2016,7,208,23.25,14,3.4380470874235414,4.401422736701204
2016-07-27,26.1,21.2,0.5,20.7,85,1.38,3.85,1.0322399999999998,2016,7,209,23.65,14,3.713041072133896,4.746385753979665
2016-07-28,26.7,21.6,0.2,21.18,84,1.03,4.0,0.77044,2016,7,210,24.15,14,3.8423544141863357,4.917378680853805
2016-07-29,26.3,21.6,0.6,19.95,84,0.96,3.78,0.7180799999999999,2016,7,211,23.950000000000003,14,3.63997077951385,4.608844715902994
2016-07-30,24.8,21.5,2.7,20.07,86,0.98,3.7,0.73304,2016,7,212,23.15,14,3.565975399213571,4.544246529499328
2016-07-31,25.2,21.3,1.9,20.05,86,0.98,3.73,0.73304,2016,7,213,23.25,14,3.579194268629311,4.551239085655448
2016-08-01,25.2,21.0,2.8,20.01,86,1.39,3.69,1.03972,2016,8,214,23.1,15,3.563616653974451,4.524913167477416
2016-08-02,25.6,20.7,0.9,19.68,85,1.03,3.65,0.77044,2016,8,215,23.15,15,3.5346756772826717,4.455942785278864
2016-08-03,25.5,21.1,1.4,19.41,85,1.09,3.62,0.81532,2016,8,216,23.3,15,3.5139583680652056,4.411540016715722
2016-08-04,26.9,21.8,3.6,19.63,88,1.49,3.65,1.11452,2016,8,217,24.35,15,3.6262800713560823,4.580117870358998
2016-08-05,26.3,21.6,1.7,19.89,88,1.99,3.64,1.48852,2016,8,218,23.950000000000003,15,3.6132375872867937,4.594983528787496
2016-08-06,26.5,21.7,1.4,20.62,89,1.35,3.84,1.0098,2016,8,219,24.1,15,3.7466108819142367,4.78142840433151
2016-08-07,26.7,21.5,2.0,19.61,89,0.9,3.69,0.6732,2016,8,220,24.1,15,3.6181942917078693,4.547226528076669
2016-08-08,27.2,21.9,0.7,21.13,87,1.3,4.03,0.9724,2016,8,221,24.549999999999997,15,3.9067998304412916,4.954441871348244
2016-08-09,27.0,21.8,1.1,20.75,88,0.88,3.99,0.65824,2016,8,222,24.4,15,3.8396173660149095,4.8474137455332595
2016-08-10,26.0,21.3,0.0,21.95,84,1.25,4.12,0.935,2016,8,223,23.65,15,3.9629572224042833,5.033003251200659
2016-08-11,26.1,21.4,3.4,20.74,88,1.26,3.9,0.94248,2016,8,224,23.75,15,3.762311452592995,4.767486204717244
2016-08-12,25.9,21.7,6.7,19.07,90,1.2,3.58,0.8976,2016,8,225,23.799999999999997,15,3.500619819780615,4.389089590288628
2016-08-13,26.3,21.4,8.4,18.72,90,1.17,3.55,0.8751599999999999,2016,8,226,23.85,15,3.4600028900478264,4.313919432125793
2016-08-14,26.3,21.3,1.1,21.02,86,1.2,3.96,0.8976,2016,8,227,23.8,15,3.8443133125986795,4.8378952903967996
2016-08-15,26.2,21.4,1.1,20.74,88,0.94,3.89,0.70312,2016,8,228,23.799999999999997,15,3.7973405803912788,4.773451394996652
2016-08-16,27.0,21.9,0.1,21.78,86,1.01,4.16,0.75548,2016,8,229,24.45,16,4.042116707795052,5.094304365534038
2016-08-17,27.0,22.2,0.8,21.22,87,0.79,4.07,0.59092,2016,8,230,24.6,16,3.9737702009576954,4.981657036754472
2016-08-18,25.7,21.0,1.6,20.77,85,1.43,3.88,1.06964,2016,8,231,23.35,16,3.786933549875951,4.726612029159498
2016-08-19,25.6,20.7,0.0,22.16,80,1.7,4.13,1.2716,2016,8,232,23.15,16,4.048561118260945,5.017464030578233
2016-08-20,26.0,20.5,0.1,22.6,80,0.86,4.25,0.64328,2016,8,233,23.25,16,4.073872945045152,5.1300749793423
2016-08-21,26.0,20.1,0.0,23.03,79,1.22,4.33,0.9125599999999999,2016,8,234,23.05,16,4.152609891979855,5.2012185092716905
2016-08-22,25.6,19.6,0.0,23.52,77,1.79,4.39,1.33892,2016,8,235,22.6,16,4.245875469992024,5.251108914675768
2016-08-23,25.6,19.0,0.3,20.92,83,1.52,3.92,1.13696,2016,8,236,22.3,16,3.758480497487253,4.634617592702771
2016-08-24,25.7,20.3,0.7,22.02,83,1.42,4.15,1.06216,2016,8,237,23.0,16,3.984336754854105,4.966790322175517
2016-08-25,26.8,20.5,0.7,22.29,82,1.01,4.27,0.75548,2016,8,238,23.65,16,4.101119537113684,5.11096321044477
2016-08-26,26.9,21.2,0.2,21.25,84,1.25,4.1,0.935,2016,8,239,24.049999999999997,16,3.9810192599235648,4.921399383450189
2016-08-27,27.1,21.5,12.1,21.77,89,1.51,4.1,1.12948,2016,8,240,24.3,16,4.026112140108154,5.07315976891958
2016-08-28,27.5,21.8,2.6,22.1,88,1.48,4.13,1.10704,2016,8,241,24.65,16,4.136933569669627,5.194614470329973
2016-08-29,27.7,21.6,0.2,23.24,84,1.4,4.44,1.0472,2016,8,242,24.65,16,4.370117205685014,5.462571958844731
2016-08-30,28.3,21.4,0.0,24.36,83,1.6,4.72,1.1968,2016,8,243,24.85,16,4.590905817603386,5.753905582517306
2016-08-31,27.6,21.9,3.7,21.61,89,0.83,4.17,0.62084,2016,8,244,24.75,16,4.108199744562861,5.0918923409421915
2016-09-01,27.0,22.5,1.1,22.41,87,0.83,4.35,0.62084,2016,9,245,24.75,17,4.243083394787406,5.280393677025198
2016-09-02,26.8,22.2,1.1,21.66,84,0.65,4.2,0.4862,2016,9,246,24.5,17,4.104907657526598,5.0724746157639276
2016-09-03,27.8,21.5,0.0,24.38,80,0.67,4.73,0.50116,2016,9,247,24.65,17,4.565417803536407,5.7305294473594905
2016-09-04,27.5,21.7,1.2,23.52,83,0.86,4.57,0.64328,2016,9,248,24.6,17,4.432043534624434,5.52161043847621
2016-09-05,28.1,21.5,0.0,24.72,83,1.41,4.79,1.0546799999999998,2016,9,249,24.8,17,4.661667688299458,5.831814640772694
2016-09-06,28.2,22.3,1.4,24.13,87,0.92,4.63,0.68816,2016,9,250,25.25,17,4.606258396434251,5.755234543308474
2016-09-07,28.3,22.4,0.5,23.34,83,1.0,4.56,0.748,2016,9,251,25.35,17,4.506655032003151,5.580276773938949
2016-09-08,27.5,22.2,1.6,23.73,82,1.25,4.58,0.935,2016,9,252,24.85,17,4.523745562907241,5.605097679521169
2016-09-09,28.2,22.1,0.0,24.77,80,1.04,4.81,0.7779200000000001,2016,9,253,25.15,17,4.73587767500089,5.893593627252684
2016-09-10,28.1,21.5,0.0,25.17,79,1.28,4.87,0.9574400000000001,2016,9,254,24.8,17,4.78374823011646,5.937976315058606
2016-09-11,28.1,21.3,0.0,25.3,79,1.29,4.9,0.96492,2016,9,255,24.700000000000003,17,4.797399558876877,5.954064953128895
2016-09-12,26.2,21.2,1.4,23.56,83,1.42,4.48,1.06216,2016,9,256,23.7,17,4.367829218640199,5.408941580077773
2016-09-13,26.6,21.1,1.0,23.94,84,1.11,4.59,0.83028,2016,9,257,23.85,17,4.440803115033357,5.516839273776255
2016-09-14,27.8,21.3,0.0,23.94,82,0.9,4.67,0.6732,2016,9,258,24.55,17,4.540306862483826,5.613314642691765
2016-09-15,27.4,21.7,13.3,23.89,87,0.86,4.6,0.64328,2016,9,259,24.549999999999997,17,4.517370920225013,5.601590927899175
2016-09-16,27.3,22.1,2.9,22.85,87,1.07,4.39,0.8003600000000001,2016,9,260,24.700000000000003,18,4.355992185498341,5.377485540671749
2016-09-17,27.3,22.5,5.6,22.04,90,1.19,4.11,0.8901199999999999,2016,9,261,24.9,18,4.215299339631556,5.212266858071004
2016-09-18,27.8,22.5,0.6,23.17,86,1.03,4.49,0.77044,2016,9,262,25.15,18,4.474465643728997,5.512901265379277
2016-09-19,27.5,21.9,0.9,23.99,86,0.77,4.61,0.57596,2016,9,263,24.7,18,4.5701399955362625,5.645771471366094
2016-09-20,28.1,22.2,1.8,24.3,85,0.89,4.76,0.66572,2016,9,264,25.15,18,4.677903236390458,5.7817652459523705
2016-09-21,28.3,22.7,19.4,23.51,90,1.06,4.47,0.79288,2016,9,265,25.5,18,4.556001633869462,5.641270501122147
2016-09-22,27.3,22.6,24.5,21.24,91,0.98,4.06,0.73304,2016,9,266,24.950000000000003,18,4.110568248479059,5.029196157912604
2016-09-23,27.2,22.2,34.0,19.93,92,0.71,3.83,0.53108,2016,9,267,24.7,18,3.888443208941859,4.69029701643711
2016-09-24,26.7,21.7,16.5,18.96,93,0.99,3.57,0.74052,2016,9,268,24.2,18,3.6453525168097896,4.407416738590494
2016-09-25,26.6,21.7,15.3,16.4,93,1.0,3.11,0.748,2016,9,269,24.15,18,3.2192845406051767,3.807602000283399
2016-09-26,27.3,21.9,4.0,23.65,91,0.95,4.45,0.7106,2016,9,270,24.6,18,4.490128809923628,5.552129543790917
2016-09-27,28.6,22.0,0.0,26.13,86,0.98,5.06,0.73304,2016,9,271,25.3,18,5.019032427817787,6.23979035484065
2016-09-28,27.7,21.7,0.0,25.56,86,0.8,4.97,0.5984,2016,9,272,24.7,18,4.856022034465611,6.015252972410061
2016-09-29,27.8,22.6,7.0,25.14,88,0.76,4.81,0.56848,2016,9,273,25.200000000000003,18,4.84776923058096,5.988878600783991
2016-09-30,27.8,23.1,2.9,22.84,88,1.46,4.37,1.09208,2016,9,274,25.450000000000003,18,4.4448813283512685,5.4739123600672395
2016-10-01,27.3,22.2,12.7,22.42,91,1.07,4.3,0.8003600000000001,2016,10,275,24.75,19,4.297940410592135,5.282749943726235
2016-10-02,26.7,22.6,37.4,21.9,91,0.98,4.13,0.73304,2016,10,276,24.65,19,4.2078674457917025,5.1476043846256285
2016-10-03,26.8,22.0,25.3,23.55,92,0.94,4.58,0.70312,2016,10,277,24.4,19,4.458459928665957,5.501522588304013
2016-10-04,27.7,22.7,19.7,23.69,91,1.12,4.44,0.8377600000000001,2016,10,278,25.2,19,4.562671872690765,5.64345799731793
2016-10-05,27.9,22.6,3.7,23.88,89,1.15,4.57,0.8602,2016,10,279,25.25,19,4.616652897855274,5.695607165114231
2016-10-06,27.8,22.6,4.5,24.47,89,0.8,4.84,0.5984,2016,10,280,25.200000000000003,19,4.743157991682312,5.829270459872086
2016-10-07,27.5,22.6,26.8,21.23,91,1.14,4.07,0.8527199999999999,2016,10,281,25.05,19,4.133372403908297,5.039068912445368
2016-10-08,26.0,22.6,31.6,15.69,93,1.34,2.99,1.00232,2016,10,282,24.3,19,3.102419089446673,3.656310370893349
2016-10-09,27.2,22.2,28.6,22.12,92,1.23,4.27,0.92004,2016,10,283,24.7,19,4.2275496129893835,5.2056884096130895
2016-10-10,27.1,22.0,4.4,22.96,87,2.05,4.35,1.5333999999999999,2016,10,284,24.55,19,4.365549958100676,5.383529832757014
2016-10-11,27.4,22.2,8.8,23.93,90,1.12,4.52,0.8377600000000001,2016,10,285,24.799999999999997,19,4.574790009563976,5.645441923692984
2016-10-12,27.6,22.5,3.8,24.12,88,1.3,4.6,0.9724,2016,10,286,25.05,19,4.639732769313742,5.725027892990214
2016-10-13,27.5,21.5,0.7,25.57,84,1.66,4.88,1.24168,2016,10,287,24.5,19,4.843710082674667,5.988142932829345
2016-10-14,28.2,22.1,0.0,26.2,84,1.52,5.11,1.13696,2016,10,288,25.15,19,5.034794948450248,6.233837425677041
2016-10-15,27.9,22.3,0.5,26.07,84,0.64,5.12,0.47872000000000003,2016,10,289,25.1,19,5.027950084325703,6.195388824177619
2016-10-16,28.6,22.6,0.0,26.77,83,1.26,5.25,0.94248,2016,10,290,25.6,20,5.204878769497882,6.438964682811049
2016-10-17,28.2,22.1,0.0,27.75,81,0.96,5.44,0.7180799999999999,2016,10,291,25.15,20,5.3169450870197466,6.602633151241904
2016-10-18,27.7,21.8,0.8,26.34,84,0.82,5.18,0.61336,2016,10,292,24.75,20,5.0289951918082405,6.206406490532963
2016-10-19,28.3,22.9,1.7,25.59,85,1.04,5.02,0.7779200000000001,2016,10,293,25.6,20,5.000181145275271,6.1551403150218436
2016-10-20,28.2,23.1,3.1,25.28,88,0.79,4.97,0.59092,2016,10,294,25.65,20,4.958644346653206,6.087872732310788
2016-10-21,28.1,23.0,2.5,23.98,87,1.23,4.69,0.92004,2016,10,295,25.55,20,4.700785219836263,5.760967844766725
2016-10-22,27.7,22.8,26.1,20.81,91,1.35,4.0,1.0098,2016,10,296,25.25,20,4.079908932176526,4.963382960888907
2016-10-23,25.7,22.3,18.3,11.47,95,1.44,2.25,1.0771199999999999,2016,10,297,24.0,20,2.3616010163589114,2.6530971579598153
2016-10-24,25.4,21.9,34.7,13.07,95,0.94,2.55,0.70312,2016,10,298,23.65,20,2.64155617221752,2.996872550942716
2016-10-25,26.1,22.1,20.0,12.58,95,0.91,2.45,0.6806800000000001,2016,10,299,24.1,20,2.5884110945226904,2.9170887161246557
2016-10-26,26.4,22.0,34.9,19.18,92,0.75,3.69,0.5609999999999999,2016,10,300,24.2,20,3.7500885948782137,4.458557650114224
2016-10-27,27.3,22.5,2.7,24.24,86,0.68,4.73,0.50864,2016,10,301,24.9,20,4.701867311924529,5.732547578931086
2016-10-28,27.6,22.3,8.5,25.76,86,0.86,5.0,0.64328,2016,10,302,24.950000000000003,20,4.95768695446296,6.0994394080898635
2016-10-29,27.1,22.4,31.7,20.9,89,0.88,4.09,0.65824,2016,10,303,24.75,20,4.101459960810274,4.924597405168524
2016-10-30,27.2,22.3,17.7,22.61,89,1.09,4.38,0.81532,2016,10,304,24.75,20,4.374499652140811,5.327519011045949
2016-10-31,27.1,22.8,3.2,22.84,87,0.81,4.46,0.6058800000000001,2016,10,305,24.950000000000003,20,4.462717026529331,5.408043326116943
2016-11-01,27.9,22.3,9.5,25.19,88,0.95,4.86,0.7106,2016,11,306,25.1,21,4.87075432986267,5.986261775260232
2016-11-02,27.5,22.0,3.5,21.88,90,0.62,4.35,0.46376,2016,11,307,24.75,21,4.289045825019512,5.155511541870206
2016-11-03,27.8,22.4,2.5,24.18,88,0.96,4.78,0.7180799999999999,2016,11,308,25.1,21,4.698546067408968,5.746240957752774
2016-11-04,27.9,22.8,2.6,24.91,86,1.31,4.9,0.9798800000000001,2016,11,309,25.35,21,4.844253457019325,5.955642435253608
2016-11-05,27.8,22.9,2.8,26.24,86,1.21,5.12,0.90508,2016,11,310,25.35,21,5.069748327412938,6.273627358532906
2016-11-06,27.7,22.9,5.1,22.89,90,0.61,4.52,0.45627999999999996,2016,11,311,25.299999999999997,21,4.522750176416873,5.4660850065940485
2016-11-07,27.7,23.3,14.4,21.18,90,1.06,4.09,0.79288,2016,11,312,25.5,21,4.207355347148247,5.082182442099833
2016-11-08,28.7,23.2,23.5,25.37,89,0.77,5.01,0.57596,2016,11,313,25.95,21,5.023995019816948,6.153495415099941
2016-11-09,28.1,23.2,32.0,20.69,90,0.83,4.06,0.62084,2016,11,314,25.65,21,4.156584063191637,4.982519257575562
2016-11-10,25.9,22.9,2.3,12.95,87,1.47,2.62,1.0995599999999999,2016,11,315,24.4,21,2.79003289928897,3.025253397814733
2016-11-11,26.4,22.3,27.3,22.59,88,1.17,4.36,0.8751599999999999,2016,11,316,24.35,21,4.3297261569533045,5.270752047448281
2016-11-12,26.7,22.3,6.2,23.52,87,0.77,4.57,0.57596,2016,11,317,24.5,21,4.531538477267744,5.508061078613461
2016-11-13,27.4,22.2,22.7,21.32,90,0.69,4.14,0.5161199999999999,2016,11,318,24.799999999999997,21,4.191896923230479,5.0297042128347025
2016-11-14,27.4,22.3,7.2,23.07,90,0.9,4.37,0.6732,2016,11,319,24.85,21,4.476384899657791,5.449203685906168
2016-11-15,25.9,22.7,16.6,17.24,92,0.61,3.36,0.45627999999999996,2016,11,320,24.299999999999997,21,3.442425281277684,4.017513753613851
2016-11-16,27.0,22.4,9.3,20.15,90,0.95,3.91,0.7106,2016,11,321,24.7,22,3.960701092015564,4.742071494290404
2016-11-17,28.2,22.3,22.1,21.91,91,0.92,4.27,0.68816,2016,11,322,25.25,22,4.317565267315468,5.225743424943584
2016-11-18,28.4,22.4,1.7,25.73,87,0.55,5.05,0.41140000000000004,2016,11,323,25.4,22,5.037552221773341,6.159116106340171
2016-11-19,27.9,22.9,23.5,24.31,91,0.89,4.75,0.66572,2016,11,324,25.4,22,4.749632301885339,5.819203752239781
2016-11-20,28.7,23.2,9.5,25.92,88,0.97,5.0,0.72556,2016,11,325,25.95,22,5.103804435223382,6.286897956617677
2016-11-21,28.2,23.1,7.8,25.93,89,0.86,5.11,0.64328,2016,11,326,25.65,22,5.0721600252296835,6.244404270127323
2016-11-22,27.1,22.8,13.6,17.49,93,0.72,3.5,0.5385599999999999,2016,11,327,24.950000000000003,22,3.524923652319727,4.141273107433683
2016-11-23,27.4,22.9,12.4,19.25,90,0.92,3.8,0.68816,2016,11,328,25.15,22,3.85169378079933,4.580204978789429
2016-11-24,27.3,22.7,29.3,23.0,91,0.69,4.44,0.5161199999999999,2016,11,329,25.0,22,4.498233426968658,5.452558267296949
2016-11-25,25.5,22.2,18.1,14.61,94,0.77,2.87,0.57596,2016,11,330,23.85,22,2.9379914108582676,3.3667928901366366
2016-11-26,27.5,22.9,19.1,22.71,90,0.9,4.39,0.6732,2016,11,331,25.2,22,4.451317789088633,5.41000131359604
2016-11-27,28.3,23.1,5.6,23.54,89,0.77,4.62,0.57596,2016,11,332,25.700000000000003,22,4.669549483419126,5.675644727425973
2016-11-28,28.2,23.1,48.2,22.64,93,1.03,4.32,0.77044,2016,11,333,25.65,22,4.457636405671556,5.452113871025168
2016-11-29,28.3,22.9,22.3,21.85,90,0.77,4.29,0.57596,2016,11,334,25.6,22,4.360159607074073,5.255561386605209
2016-11-30,28.1,22.8,17.4,21.16,91,0.97,4.1,0.72556,2016,11,335,25.450000000000003,22,4.200608390542009,5.071277825701523
2016-12-01,26.5,22.7,29.2,18.76,92,0.87,3.66,0.65076,2016,12,336,24.6,23,3.704343946191489,4.404141659260787
2016-12-02,25.4,22.3,30.2,12.69,95,0.77,2.54,0.57596,2016,12,337,23.85,23,2.60515286779458,2.924339615046812
2016-12-03,25.6,22.2,32.0,14.8,94,1.06,2.81,0.79288,2016,12,338,23.9,23,2.9481213098005665,3.414834874260546
2016-12-04,25.3,22.2,23.6,13.18,95,0.72,2.58,0.5385599999999999,2016,12,339,23.75,23,2.6862291003663357,3.0296754184268697
2016-12-05,25.9,22.1,16.1,13.89,93,1.03,2.72,0.77044,2016,12,340,24.0,23,2.819868266325476,3.2128613360123657
2016-12-06,27.1,22.5,16.9,18.09,92,1.46,3.5,1.09208,2016,12,341,24.8,23,3.5621840117340757,4.2676993062936095
2016-12-07,28.1,22.7,3.2,20.08,91,1.8,3.87,1.3464,2016,12,342,25.4,23,3.9439376630364813,4.806647936856224
2016-12-08,27.1,23.0,24.6,19.98,93,1.04,3.88,0.7779200000000001,2016,12,343,25.05,23,3.928690449821934,4.7423738516560725
2016-12-09,27.2,22.5,22.0,17.23,92,1.13,3.44,0.8452399999999999,2016,12,344,24.85,23,3.447596577495442,4.069778045434039
2016-12-10,26.6,22.4,43.5,13.6,93,1.21,2.71,0.90508,2016,12,345,24.5,23,2.7935795518496898,3.1849332767492804
2016-12-11,26.0,21.9,21.0,17.91,93,0.93,3.45,0.69564,2016,12,346,23.95,23,3.4914935759956043,4.137564353976071
2016-12-12,26.7,22.0,23.6,17.31,92,0.77,3.39,0.57596,2016,12,347,24.35,23,3.4472748278364307,4.038810001829559
2016-12-13,29.2,22.0,34.4,17.98,93,0.92,3.51,0.68816,2016,12,348,25.6,23,3.654898104013786,4.324713671906712
2016-12-14,25.1,21.9,38.8,14.5,95,1.16,2.78,0.8676799999999999,2016,12,349,23.5,23,2.8487896931139427,3.312256324078445
2016-12-15,26.7,21.6,18.3,15.2,90,0.91,3.04,0.6806800000000001,2016,12,350,24.15,23,3.089490195005348,3.5289969758724187
2016-12-16,26.8,22.1,21.6,20.93,90,1.13,4.01,0.8452399999999999,2016,12,351,24.450000000000003,24,4.051346043349892,4.895490834280414
2016-12-17,25.7,22.3,31.1,12.96,95,1.29,2.5,0.96492,2016,12,352,24.0,24,2.6174942708222786,2.99774535023184
2016-12-18,27.4,22.3,16.9,20.63,91,2.4,3.81,1.7952,2016,12,353,24.85,24,3.928007914105978,4.872868315571922
2016-12-19,28.0,23.1,13.6,19.07,91,2.35,3.57,1.7578,2016,12,354,25.55,24,3.7561054049565996,4.581386855700644
2016-12-20,28.3,22.9,3.6,20.21,88,1.8,3.94,1.3464,2016,12,355,25.6,24,4.049909808443133,4.861093621203262
2016-12-21,27.5,23.0,23.5,21.32,89,2.37,4.0,1.7727600000000001,2016,12,356,25.25,24,4.138200924456522,5.0850228124051675
2016-12-22,28.5,23.2,0.5,25.4,83,2.26,4.94,1.6904799999999998,2016,12,357,25.85,24,5.021872040369954,6.1461021234941695
2016-12-23,28.2,23.6,14.5,22.59,87,1.93,4.33,1.44364,2016,12,358,25.9,24,4.487011626284972,5.472682458748742
2016-12-24,27.4,23.5,2.3,19.75,85,1.77,3.87,1.32396,2016,12,359,25.45,24,4.01732311302848,4.733352412930297
2016-12-25,27.2,23.0,0.3,24.35,85,1.52,4.66,1.13696,2016,12,360,25.1,24,4.7222637787064725,5.786640501293634
2016-12-26,26.7,23.0,0.9,22.26,87,1.66,4.17,1.24168,2016,12,361,24.85,24,4.319174253778115,5.257879239196849
2016-12-27,27.5,23.3,1.2,24.66,87,1.4,4.73,1.0472,2016,12,362,25.4,24,4.790260790865182,5.90298496627861
2016-12-28,26.5,22.6,23.3,20.25,92,1.27,3.83,0.94996,2016,12,363,24.55,24,3.9124052017485496,4.7481044909986725
2016-12-29,26.6,22.8,19.1,20.08,91,1.47,3.77,1.0995599999999999,2016,12,364,24.700000000000003,24,3.895451698519397,4.725597796791629
2016-12-30,25.4,22.2,36.8,11.18,94,1.11,2.21,0.83028,2016,12,365,23.799999999999997,24,2.343771410842377,2.573152680620182
2016-12-31,25.1,22.3,17.9,13.73,93,1.06,2.63,0.79288,2016,12,366,23.700000000000003,24,2.773439459172768,3.152154834230383
2017-01-01,26.4,22.2,2.2,18.93,88,1.54,3.57,1.15192,2017,1,1,24.299999999999997,1,3.719793383586569,4.411341957999433
2017-01-02,24.4,21.5,14.3,11.82,94,2.29,2.1,1.71292,2017,1,2,22.95,1,2.342089602600775,2.662702747455512
2017-01-03,25.1,21.4,5.7,17.07,91,2.3,3.1,1.7204,2017,1,3,23.25,1,3.2359467432128635,3.874795570680224
2017-01-04,25.5,21.1,1.0,19.02,91,2.42,3.44,1.81016,2017,1,4,23.3,1,3.5239279608079146,4.32290010911556
2017-01-05,26.3,21.1,3.8,20.88,89,1.34,3.92,1.00232,2017,1,5,23.700000000000003,1,3.9690329078533613,4.79366299626587
2017-01-06,27.6,21.3,2.8,21.76,85,2.03,4.13,1.5184399999999998,2017,1,6,24.450000000000003,1,4.242632557930646,5.089626400092777
2017-01-07,26.8,21.7,2.6,17.78,84,1.84,3.45,1.37632,2017,1,7,24.25,1,3.6235763297881363,4.13823367688575
2017-01-08,27.6,22.0,7.9,17.86,86,1.63,3.5,1.2192399999999999,2017,1,8,24.8,1,3.6384178943723438,4.2134388949919215
2017-01-09,27.5,21.4,0.3,20.41,83,0.7,3.98,0.5236,2017,1,9,24.45,1,4.03130954878903,4.773863732807608
2017-01-10,26.7,20.5,2.9,22.11,85,0.97,4.19,0.72556,2017,1,10,23.6,1,4.216820281292073,5.063332865549682
2017-01-11,26.6,20.9,8.3,22.67,83,0.97,4.28,0.72556,2017,1,11,23.75,1,4.333328047737455,5.211133667354867
2017-01-12,26.7,20.9,8.2,15.95,88,1.44,3.08,1.0771199999999999,2017,1,12,23.799999999999997,1,3.213742946718135,3.6710004701155547
2017-01-13,26.6,21.1,12.4,13.59,89,1.1,2.68,0.8228000000000001,2017,1,13,23.85,1,2.8216156525491805,3.1317395877451677
2017-01-14,26.6,21.0,0.1,15.62,85,1.36,3.08,1.01728,2017,1,14,23.8,1,3.212730486770249,3.595048736251094
2017-01-15,24.8,20.9,22.6,11.76,93,2.76,2.19,2.0644799999999996,2017,1,15,22.85,1,2.346083232678978,2.642432887924417
2017-01-16,24.8,20.3,18.3,8.84,96,0.97,1.72,0.72556,2017,1,16,22.55,2,1.8909799366229836,1.9710942841634551
2017-01-17,25.8,20.1,31.1,15.06,92,2.06,2.82,1.54088,2017,1,17,22.950000000000003,2,2.9044776185537162,3.392580657925551
2017-01-18,26.7,20.3,13.6,21.41,88,1.78,4.03,1.33144,2017,1,18,23.5,2,4.030999610623804,4.890717786104794
2017-01-19,25.8,21.0,10.2,17.86,88,1.69,3.35,1.26412,2017,1,19,23.4,2,3.4737654089703374,4.0695186657741615
2017-01-20,25.9,20.6,11.0,14.86,89,1.75,2.82,1.309,2017,1,20,23.25,2,2.981271550083168,3.373137796151619
2017-01-21,26.5,21.3,17.0,18.89,87,2.08,3.57,1.5558400000000001,2017,1,21,23.9,2,3.695297794590157,4.358529106404169
2017-01-22,25.9,21.5,3.9,16.99,90,2.51,3.12,1.8774799999999998,2017,1,22,23.7,2,3.2902170298660023,3.900590723494115
2017-01-23,24.8,20.9,21.2,12.09,93,2.32,2.28,1.7353599999999998,2017,1,23,22.85,2,2.4113869252854068,2.7165827903916835
2017-01-24,26.5,19.9,7.5,14.6,85,1.25,2.91,0.935,2017,1,24,23.2,2,3.010115215935241,3.309924375193053
2017-01-25,25.7,20.9,33.7,15.97,91,1.06,3.01,0.79288,2017,1,25,23.299999999999997,2,3.143402537949232,3.629690575319427
2017-01-26,25.1,20.5,15.5,11.04,90,2.23,2.16,1.66804,2017,1,26,22.8,2,2.352708329903375,2.4774816731165084
2017-01-27,27.8,21.1,0.6,19.78,83,2.61,3.95,1.9522799999999998,2017,1,27,24.450000000000003,2,4.017573464777679,4.626507821407864
2017-01-28,26.0,21.4,7.3,12.85,87,1.99,2.57,1.48852,2017,1,28,23.7,2,2.7601739393610862,2.9501230604414
2017-01-29,26.4,21.2,4.7,12.5,83,1.6,2.72,1.1968,2017,1,29,23.799999999999997,2,2.7879725078392945,2.876959616078021
2017-01-30,23.9,20.5,8.9,9.9,87,2.07,2.09,1.54836,2017,1,30,22.2,2,2.24112011561601,2.1875679123592042
2017-01-31,23.5,20.4,17.1,8.93,94,2.69,1.67,2.01212,2017,1,31,21.95,2,1.8638246933073495,1.9604294549365602
2017-02-01,22.9,20.7,25.7,8.55,92,3.05,1.69,2.2813999999999997,2017,2,32,21.799999999999997,3,1.8791928257710504,1.86965593425991
2017-02-02,22.1,20.5,50.7,4.82,99,4.02,0.84,3.00696,2017,2,33,21.3,3,1.0144987888621475,1.040199767517151
2017-02-03,23.1,20.0,24.3,10.31,94,3.94,1.86,2.94712,2017,2,34,21.55,3,1.9919760524305221,2.2397527218740763
2017-02-04,25.8,20.7,3.2,19.86,85,3.6,3.64,2.6928,2017,2,35,23.25,3,3.8310135006057577,4.508110136714075
2017-02-05,26.6,21.3,4.6,18.62,84,3.17,3.61,2.37116,2017,2,36,23.950000000000003,3,3.7712994627468883,4.301588401509461
2017-02-06,27.4,21.0,3.7,22.01,83,4.02,4.24,3.00696,2017,2,37,24.2,3,4.341078496063325,5.116415739260379
2017-02-07,26.3,21.6,5.4,19.5,86,3.33,3.67,2.49084,2017,2,38,23.950000000000003,3,3.812821965278856,4.50488581253676
2017-02-08,26.6,21.7,5.9,15.83,87,2.59,3.08,1.93732,2017,2,39,24.15,3,3.258138382757514,3.6752646136881837
2017-02-09,25.8,21.3,11.0,11.01,91,1.32,2.21,0.98736,2017,2,40,23.55,3,2.35718077136137,2.518195667374763
2017-02-10,25.0,20.8,9.6,12.81,91,1.39,2.5,1.03972,2017,2,41,22.9,3,2.6040968992388365,2.882042523292818
2017-02-11,25.2,20.7,8.8,14.29,93,1.51,2.71,1.12948,2017,2,42,22.95,3,2.793529577221232,3.2191220187089056
2017-02-12,23.9,20.8,19.1,7.41,94,1.13,1.48,0.8452399999999999,2017,2,43,22.35,3,1.6851974521897979,1.6437371030722343
2017-02-13,25.3,20.6,13.0,16.76,91,1.86,2.99,1.39128,2017,2,44,22.950000000000003,3,3.195209090101913,3.7755412899623
2017-02-14,25.0,20.6,9.7,18.95,92,1.57,3.37,1.17436,2017,2,45,22.8,3,3.5158135042893797,4.252561386372992
2017-02-15,24.8,20.6,10.5,17.05,89,1.71,3.12,1.27908,2017,2,46,22.700000000000003,3,3.267812083081054,3.8163943967136364
2017-02-16,24.1,20.5,4.2,14.89,91,2.47,2.69,1.84756,2017,2,47,22.3,4,2.8376354863445625,3.2987311642133963
2017-02-17,25.1,20.7,7.4,16.25,89,2.04,2.98,1.52592,2017,2,48,22.9,4,3.1553606236059375,3.6559868074557604
2017-02-18,26.6,20.6,2.0,19.22,86,1.28,3.64,0.9574400000000001,2017,2,49,23.6,4,3.7454321324613318,4.401504191581406
2017-02-19,25.9,20.7,12.1,18.3,88,0.86,3.49,0.64328,2017,2,50,23.299999999999997,4,3.5544170649642868,4.159257202776801
2017-02-20,26.0,20.6,18.6,18.37,88,0.94,3.47,0.70312,2017,2,51,23.3,4,3.5633088929559618,4.175166929781958
2017-02-21,26.3,20.5,6.9,17.6,88,1.2,3.35,0.8976,2017,2,52,23.4,4,3.443496669554986,4.010275952834561
2017-02-22,25.3,21.0,11.1,16.15,91,1.09,3.0,0.81532,2017,2,53,23.15,4,3.1537487025371416,3.6566806901551647
2017-02-23,26.2,20.8,0.8,21.34,85,2.03,3.93,1.5184399999999998,2017,2,54,23.5,4,4.067603454300493,4.874727583160966
2017-02-24,27.2,20.6,1.7,25.28,80,2.07,4.76,1.54836,2017,2,55,23.9,4,4.81858697717493,5.83290713657477
2017-02-25,26.6,20.1,2.0,22.39,86,1.27,4.19,0.94996,2017,2,56,23.35,4,4.213701704264733,5.0952741132826755
2017-02-26,26.7,19.8,2.1,19.81,82,0.86,3.84,0.64328,2017,2,57,23.25,4,3.833428271273612,4.49676041330845
2017-02-27,26.5,20.4,4.8,20.26,85,1.05,3.84,0.7854,2017,2,58,23.45,4,3.8998283947472583,4.622197761320971
2017-02-28,25.9,21.4,19.1,18.5,89,0.95,3.46,0.7106,2017,2,59,23.65,4,3.595863225751005,4.2419389588707155
2017-03-01,26.1,20.6,10.1,19.85,87,1.18,3.67,0.88264,2017,3,60,23.35,5,3.7983560418559055,4.51724837644757
2017-03-02,26.7,20.5,1.5,22.6,86,1.69,4.15,1.26412,2017,3,61,23.6,5,4.2516944132000685,5.175546031724234
2017-03-03,26.2,20.9,4.1,21.25,86,1.81,3.91,1.35388,2017,3,62,23.549999999999997,5,4.031703546405616,4.860277741300066
2017-03-04,27.1,20.7,0.7,21.03,84,1.48,4.05,1.10704,2017,3,63,23.9,5,4.076003068571552,4.852295770655357
2017-03-05,27.4,20.6,0.9,23.13,84,1.15,4.38,0.8602,2017,3,64,24.0,5,4.415631175091075,5.350142743122103
2017-03-06,26.9,21.2,2.5,20.68,86,1.27,3.96,0.94996,2017,3,65,24.049999999999997,5,4.002279921316814,4.789390082341172
2017-03-07,27.1,21.4,3.2,22.51,87,2.29,4.23,1.71292,2017,3,66,24.25,5,4.258685618943361,5.239124863143883
2017-03-08,24.9,21.4,5.2,13.86,93,2.31,2.57,1.72788,2017,3,67,23.15,5,2.679080887749858,3.1381792176811505
2017-03-09,26.5,21.6,2.7,19.87,89,2.06,3.7,1.54088,2017,3,68,24.05,5,3.78758610285711,4.601797917607306
2017-03-10,26.2,20.9,2.5,20.13,87,1.51,3.79,1.12948,2017,3,69,23.549999999999997,5,3.8387432957323337,4.604112514464486
2017-03-11,27.4,20.5,19.9,20.04,87,0.87,3.79,0.65076,2017,3,70,23.95,5,3.8845055688080126,4.62963649657624
2017-03-12,26.7,20.4,8.8,20.78,86,0.75,3.95,0.5609999999999999,2017,3,71,23.549999999999997,5,3.968822263700714,4.752779833610135
2017-03-13,26.6,20.7,2.4,18.94,88,1.38,3.62,1.0322399999999998,2017,3,72,23.65,5,3.6484972799867075,4.342828317892506
2017-03-14,25.0,20.5,19.4,12.54,92,2.03,2.3,1.5184399999999998,2017,3,73,22.75,5,2.4943871131960904,2.8104961076523947
2017-03-15,26.1,20.3,17.4,16.41,88,0.89,3.16,0.66572,2017,3,74,23.200000000000003,5,3.2174105123183274,3.720264314857398
2017-03-16,25.3,20.4,14.0,14.31,90,0.73,2.77,0.54604,2017,3,75,22.85,6,2.8405065940850553,3.2154094069896604
2017-03-17,26.0,21.4,19.6,17.45,91,1.08,3.28,0.80784,2017,3,76,23.7,6,3.378873472156198,4.0061982416110835
2017-03-18,26.2,21.4,6.3,17.53,88,0.96,3.36,0.7180799999999999,2017,3,77,23.799999999999997,6,3.4344476765149397,4.034648165587817
2017-03-19,25.9,20.7,7.0,18.45,88,1.62,3.44,1.2117600000000002,2017,3,78,23.299999999999997,6,3.5199004185354976,4.1933494749307085
2017-03-20,24.7,21.2,5.1,13.9,91,2.13,2.57,1.59324,2017,3,79,22.95,6,2.722835062834075,3.1312663443004753
2017-03-21,26.7,21.1,3.6,13.45,87,1.94,2.72,1.45112,2017,3,80,23.9,6,2.8339002994332874,3.10334655802732
2017-03-22,28.3,22.1,0.5,19.45,82,1.68,3.94,1.25664,2017,3,81,25.200000000000003,6,3.968880600195825,4.633400508561998
2017-03-23,26.2,20.9,17.6,15.26,91,1.01,2.95,0.75548,2017,3,82,23.549999999999997,6,3.0097716280648488,3.4902512156347765
2017-03-24,26.8,21.9,2.9,17.04,85,1.04,3.31,0.7779200000000001,2017,3,83,24.35,6,3.4194443133132006,3.975812965405875
2017-03-25,27.3,21.6,3.4,16.63,85,1.47,3.24,1.0995599999999999,2017,3,84,24.450000000000003,6,3.3820231110139107,3.889728264409139
2017-03-26,23.8,20.4,20.5,4.82,95,1.81,0.99,1.35388,2017,3,85,22.1,6,1.239742527088207,1.0622941725394066
2017-03-27,25.3,20.8,3.1,15.14,84,1.8,2.92,1.3464,2017,3,86,23.05,6,3.075272906595591,3.4192986639328438
2017-03-28,26.9,20.4,2.1,20.51,84,1.4,3.9,1.0472,2017,3,87,23.65,6,3.9154716362001833,4.702819894402074
2017-03-29,25.6,20.6,2.6,20.01,88,1.51,3.7,1.12948,2017,3,88,23.1,6,3.713820605967426,4.524913167477416
2017-03-30,26.1,21.3,4.7,17.95,87,1.41,3.38,1.0546799999999998,2017,3,89,23.700000000000003,6,3.471911670869747,4.120989022173006
2017-03-31,24.9,21.1,21.4,14.42,89,0.97,2.71,0.72556,2017,3,90,23.0,6,2.843054084833501,3.2525484307797887
2017-04-01,26.3,20.7,3.2,18.71,87,1.24,3.45,0.92752,2017,4,91,23.5,7,3.568884205841342,4.273952815414324
2017-04-02,24.7,21.0,5.4,12.6,90,1.21,2.31,0.90508,2017,4,92,22.85,7,2.5354380805107124,2.8311780942047324
2017-04-03,25.4,20.6,5.1,14.79,87,1.76,2.82,1.31648,2017,4,93,23.0,7,2.9351949590571214,3.336004943913528
2017-04-04,23.7,20.1,43.3,9.85,94,1.59,1.83,1.1893200000000002,2017,4,94,21.9,7,1.9881400269890395,2.1595766295601204
2017-04-05,25.9,20.1,0.3,15.15,88,1.0,2.97,0.748,2017,4,95,23.0,7,2.9590112182532975,3.4172058756112205
2017-04-06,25.7,20.9,0.5,11.71,89,0.84,2.32,0.62832,2017,4,96,23.299999999999997,7,2.4252619612265085,2.661470046148434
2017-04-07,26.0,21.3,5.7,13.28,90,1.08,2.6,0.80784,2017,4,97,23.65,7,2.6799150202637105,3.045024290475843
2017-04-08,24.3,20.9,27.5,6.47,97,0.91,1.29,0.6806800000000001,2017,4,98,22.6,7,1.4668137686343257,1.4445014744027302
2017-04-09,25.2,20.9,18.5,13.97,92,1.39,2.64,1.03972,2017,4,99,23.049999999999997,7,2.70367559233381,3.1550595994149164
2017-04-10,26.5,21.3,0.5,21.46,86,2.21,3.9,1.6530799999999999,2017,4,100,23.9,7,3.9946955560060147,4.951510567677791
2017-04-11,26.5,21.4,1.9,20.54,83,2.06,3.87,1.54088,2017,4,101,23.95,7,3.932652657185709,4.745146389205388
2017-04-12,26.4,20.1,2.6,21.19,84,2.0,3.94,1.496,2017,4,102,23.25,7,3.928054295577409,4.810012779303689
2017-04-13,25.4,21.3,3.5,17.76,84,2.17,3.3,1.62316,2017,4,103,23.35,7,3.444382369853585,4.0416287740911265
2017-04-14,25.3,20.5,3.3,18.32,86,1.36,3.4,1.01728,2017,4,104,22.9,7,3.422325046871843,4.1217032807747405
2017-04-15,26.2,20.5,1.7,22.57,82,1.03,4.18,0.77044,2017,4,105,23.35,7,4.128597974796239,5.13623656707414
2017-04-16,26.9,19.9,0.5,23.27,85,1.11,4.31,0.83028,2017,4,106,23.4,8,4.22374015939632,5.302222808094331
2017-04-17,26.6,21.0,1.0,17.57,86,0.94,3.37,0.70312,2017,4,107,23.8,8,3.3745013664953754,4.043854436359267
2017-04-18,26.9,20.6,13.5,18.98,87,1.0,3.6,0.748,2017,4,108,23.75,8,3.579590051533113,4.362916497855993
2017-04-19,26.1,21.8,21.8,17.01,89,1.2,3.18,0.8976,2017,4,109,23.950000000000003,8,3.259022183728785,3.929646547243605
2017-04-20,26.6,20.9,0.6,22.0,88,2.2,3.99,1.6456000000000002,2017,4,110,23.75,8,3.9695627712721184,5.05712133576564
2017-04-21,25.3,21.6,15.5,12.81,89,1.19,2.46,0.8901199999999999,2017,4,111,23.450000000000003,8,2.573385812132769,2.9225248431649375
2017-04-22,26.4,21.4,4.7,18.6,87,1.55,3.46,1.1594,2017,4,112,23.9,8,3.5124002865986217,4.29161680143555
2017-04-23,25.3,20.7,9.8,16.72,90,1.15,3.11,0.8602,2017,4,113,23.0,8,3.112221803829341,3.771332161070601
2017-04-24,26.3,20.0,3.9,17.32,90,1.13,3.28,0.8452399999999999,2017,4,114,23.15,8,3.2178635489727965,3.9215919228165603
2017-04-25,27.1,20.8,1.0,20.87,83,1.78,4.0,1.33144,2017,4,115,23.950000000000003,8,3.9179946788287308,4.821382918340626
2017-04-26,26.2,21.0,4.0,19.09,84,2.32,3.53,1.7353599999999998,2017,4,116,23.6,8,3.6161771434072487,4.371733351575913
2017-04-27,25.5,21.3,1.8,19.34,86,2.31,3.49,1.72788,2017,4,117,23.4,8,3.5679796388181257,4.406746416353432
2017-04-28,25.8,20.9,2.1,17.3,86,1.79,3.25,1.33892,2017,4,118,23.35,8,3.270122262676743,3.936946947735162
2017-04-29,26.9,21.5,2.5,20.39,82,2.03,3.87,1.5184399999999998,2017,4,119,24.2,8,3.885845622722865,4.739832663494735
2017-04-30,26.6,21.4,3.2,19.79,84,1.84,3.7,1.37632,2017,4,120,24.0,8,3.723463526318918,4.577575654404947
2017-05-01,26.5,20.8,9.1,17.95,90,1.84,3.29,1.37632,2017,5,121,23.65,9,3.2996134965711437,4.115827260093478
2017-05-02,25.3,21.3,2.7,14.01,92,2.05,2.55,1.5333999999999999,2017,5,122,23.3,9,2.639135777667349,3.184218219175026
2017-05-03,24.3,21.0,10.0,11.68,92,0.93,2.23,0.69564,2017,5,123,22.65,9,2.2861960620934094,2.6110456323852893
2017-05-04,25.8,21.4,1.9,16.25,87,1.63,3.04,1.2192399999999999,2017,5,124,23.6,9,3.095439470942186,3.721355000686673
2017-05-05,26.2,21.0,2.4,17.51,87,2.27,3.25,1.69796,2017,5,125,23.6,9,3.2813923014791544,4.009903142278378
2017-05-06,24.6,20.9,3.5,16.87,90,3.08,2.93,2.30384,2017,5,126,22.75,9,3.0009868020246215,3.7809465180299755
2017-05-07,24.6,20.9,3.6,14.27,89,2.55,2.65,1.9073999999999998,2017,5,127,22.75,9,2.699675521097183,3.198228026810181
2017-05-08,25.2,20.9,2.3,15.06,89,3.04,2.72,2.27392,2017,5,128,23.049999999999997,9,2.826395908028219,3.401231035589738
2017-05-09,25.4,21.1,0.1,19.45,84,3.08,3.53,2.30384,2017,5,129,23.25,9,3.5940250612897535,4.415042404787953
2017-05-10,25.8,20.7,2.0,18.3,85,2.36,3.41,1.76528,2017,5,130,23.25,9,3.391997484341872,4.153998766458589
2017-05-11,26.0,20.8,0.0,19.35,83,2.48,3.64,1.85504,2017,5,131,23.4,9,3.60345337388461,4.409024982235725
2017-05-12,25.1,20.7,4.4,17.71,87,3.1,3.17,2.3188,2017,5,132,22.9,9,3.2165858509469354,3.98446316061794
2017-05-13,24.9,20.8,3.6,14.79,88,2.6,2.7,1.9448,2017,5,133,22.85,9,2.7926770936781393,3.323263810578412
2017-05-14,26.1,20.7,1.3,17.49,91,3.11,3.2,2.3262799999999997,2017,5,134,23.4,9,3.085273401963227,3.985211728129344
2017-05-15,25.8,21.3,2.8,15.81,91,2.57,2.95,1.9223599999999998,2017,5,135,23.55,9,2.886372248186601,3.6160466395272484
2017-05-16,25.6,20.8,0.4,18.86,87,3.06,3.43,2.2888800000000002,2017,5,136,23.200000000000003,10,3.382191564548981,4.27569682987267
2017-05-17,25.6,19.8,0.0,21.89,77,2.74,4.14,2.0495200000000002,2017,5,137,22.700000000000003,10,4.0135768281594,4.899757967393636
2017-05-18,25.7,19.6,0.4,18.87,86,2.62,3.41,1.9597600000000002,2017,5,138,22.65,10,3.357608235213865,4.218358825608767
2017-05-19,25.3,20.7,2.5,14.21,92,2.57,2.6,1.9223599999999998,2017,5,139,23.0,10,2.5831846357420183,3.205181220622802
2017-05-20,24.3,20.0,5.3,14.5,93,2.25,2.55,1.683,2017,5,140,22.15,10,2.5376716183173915,3.1998557269411596
2017-05-21,25.3,20.1,2.9,15.63,92,2.22,2.8,1.66056,2017,5,141,22.700000000000003,10,2.760215777950306,3.4985480598612395
2017-05-22,24.5,20.3,0.5,16.18,90,2.85,2.88,2.1318,2017,5,142,22.4,10,2.840289213447836,3.5938001219520563
2017-05-23,24.5,19.6,0.3,19.31,87,2.9,3.4,2.1692,2017,5,143,22.05,10,3.29481275431662,4.2502523717521825
2017-05-24,26.1,19.3,2.5,19.49,88,2.48,3.53,1.85504,2017,5,144,22.700000000000003,10,3.369895259775153,4.3625528910233875
2017-05-25,25.5,20.8,5.0,13.11,93,2.68,2.39,2.00464,2017,5,145,23.15,10,2.397002154614511,2.9683643249494867
2017-05-26,24.9,21.3,22.8,12.6,93,2.95,2.31,2.2066000000000003,2017,5,146,23.1,10,2.313065308311263,2.8492706601806814
2017-05-27,24.6,21.3,15.2,13.06,95,2.33,2.36,1.74284,2017,5,147,22.950000000000003,10,2.3221672404730014,2.942038737882317
2017-05-28,25.4,21.2,11.9,11.85,94,2.32,2.15,1.7353599999999998,2017,5,148,23.299999999999997,10,2.210450669598724,2.6932895001587482
2017-05-29,25.5,21.4,1.4,8.49,93,1.6,1.69,1.1968,2017,5,149,23.45,10,1.7869178893700772,1.936942694650298
2017-05-30,25.2,20.8,24.7,12.31,93,2.03,2.27,1.5184399999999998,2017,5,150,23.0,10,2.2907436954640916,2.77662074777387
2017-05-31,25.5,21.2,7.4,14.05,92,1.68,2.62,1.25664,2017,5,151,23.35,10,2.5887595175485245,3.197347087611505
2017-06-01,25.4,20.9,0.5,18.34,92,3.22,3.19,2.40856,2017,6,152,23.15,11,3.0748995927042557,4.152540176931624
2017-06-02,24.1,20.6,1.8,15.38,91,3.22,2.67,2.40856,2017,6,153,22.35,11,2.6637316740418355,3.4116972530703054
2017-06-03,24.2,20.4,1.0,12.93,91,2.9,2.28,2.1692,2017,6,154,22.299999999999997,11,2.362895428155347,2.8645126899448763
2017-06-04,25.5,20.5,1.6,16.65,88,2.1,3.05,1.5708,2017,6,155,23.0,11,2.9932891705241693,3.7555430910182714
2017-06-05,25.8,20.4,1.7,17.11,89,1.63,3.17,1.2192399999999999,2017,6,156,23.1,11,3.045814859269166,3.8691286504517026
2017-06-06,25.5,20.8,2.0,15.64,87,1.29,2.88,0.96492,2017,6,157,23.15,11,2.8709215498373655,3.5412065630976333
2017-06-07,25.7,20.6,0.6,18.46,90,2.39,3.28,1.7877200000000002,2017,6,158,23.15,11,3.185506105746383,4.17971055976869
2017-06-08,23.5,20.5,5.8,12.3,93,2.23,2.12,1.66804,2017,6,159,22.0,11,2.2045093272003227,2.703781277339733
2017-06-09,24.3,20.5,3.2,11.8,94,3.03,2.08,2.26644,2017,6,160,22.4,11,2.1047709005275324,2.6209419925237496
2017-06-10,24.2,20.4,2.2,13.51,94,2.77,2.36,2.07196,2017,6,161,22.299999999999997,11,2.323819717732081,2.9930059119222956
2017-06-11,25.3,20.6,5.1,15.0,90,2.11,2.79,1.57828,2017,6,162,22.950000000000003,11,2.7093489263004025,3.3790644003242534
2017-06-12,25.4,20.5,13.5,11.61,91,1.04,2.2,0.7779200000000001,2017,6,163,22.95,11,2.2286357790407436,2.6153958458509723
2017-06-13,23.8,20.0,21.3,7.88,91,1.02,1.57,0.76296,2017,6,164,21.9,11,1.657759361326358,1.7276613036480963
2017-06-14,24.9,20.1,1.9,14.68,91,1.16,2.69,0.8676799999999999,2017,6,165,22.5,11,2.6273925905277524,3.269052891781351
2017-06-15,25.1,20.4,5.3,12.57,91,1.68,2.31,1.25664,2017,6,166,22.75,11,2.3462360551940122,2.8172197825510845
2017-06-16,24.1,20.4,2.1,13.15,95,2.57,2.32,1.9223599999999998,2017,6,167,22.25,12,2.2475665602429338,2.9094800181736358
2017-06-17,24.3,18.7,2.1,19.65,90,3.07,3.36,2.29636,2017,6,168,21.5,12,3.1246006988347856,4.26315411419026
2017-06-18,23.5,19.0,4.2,15.84,93,3.01,2.64,2.25148,2017,6,169,21.25,12,2.545605413265405,3.413881405005888
2017-06-19,24.1,19.6,4.5,15.19,93,2.97,2.55,2.22156,2017,6,170,21.85,12,2.518768646496712,3.3259989063253834
2017-06-20,24.8,19.9,5.5,15.36,90,1.99,2.75,1.48852,2017,6,171,22.35,12,2.7044507407473977,3.407260715680097
2017-06-21,23.7,20.1,15.7,10.15,93,1.31,1.89,0.9798800000000001,2017,6,172,21.9,12,1.9330012160818675,2.2253505370594135
2017-06-22,25.2,19.5,2.4,15.39,90,1.72,2.82,1.28656,2017,6,173,22.35,12,2.7154617012146938,3.41391552176541
2017-06-23,24.0,19.6,4.3,14.4,93,1.77,2.51,1.32396,2017,6,174,21.8,12,2.476466939758699,3.148894205069322
2017-06-24,25.5,20.0,2.2,15.18,90,1.76,2.81,1.31648,2017,6,175,22.75,12,2.718337187725559,3.4021794987371092
2017-06-25,24.1,20.1,4.5,12.43,96,2.38,2.11,1.7802399999999998,2017,6,176,22.1,12,2.1256360505463663,2.739484764453283
2017-06-26,24.1,20.1,18.7,11.49,93,1.72,2.09,1.28656,2017,6,177,22.1,12,2.1147420561552375,2.532315361509913
2017-06-27,24.1,20.1,0.3,15.13,89,2.84,2.68,2.12432,2017,6,178,22.1,12,2.674568528970483,3.3345458154608347
2017-06-28,24.0,19.2,0.6,14.95,91,3.04,2.55,2.27392,2017,6,179,21.6,12,2.541439647144788,3.2520321404338444
2017-06-29,23.5,18.5,0.9,15.17,91,2.93,2.59,2.19164,2017,6,180,21.0,12,2.5231335715451957,3.247774096891857
2017-06-30,23.5,19.5,1.5,11.29,94,2.43,1.99,1.8176400000000001,2017,6,181,21.5,12,2.0059268800142314,2.4494152645907397
2017-07-01,24.5,19.7,2.3,14.14,90,2.0,2.56,1.496,2017,7,182,22.1,13,2.5306140512774595,3.1163567634247324
2017-07-02,25.3,18.3,0.6,17.68,88,2.04,3.14,1.52592,2017,7,183,21.8,13,3.0134468868489326,3.866142329557334
2017-07-03,24.8,19.8,1.3,15.72,94,2.77,2.73,2.07196,2017,7,184,22.3,13,2.6055845143511833,3.482609395663841
2017-07-04,23.3,19.9,2.9,12.59,95,2.9,2.16,2.1692,2017,7,185,21.6,13,2.1182228335847806,2.738667869435592
2017-07-05,23.5,20.0,4.6,12.34,95,3.03,2.1,2.26644,2017,7,186,21.75,13,2.091184611930321,2.694891561827646
2017-07-06,23.3,19.6,8.0,12.27,95,3.04,2.09,2.27392,2017,7,187,21.450000000000003,13,2.0643498623562957,2.658516795764966
2017-07-07,23.6,19.8,12.8,11.11,96,2.34,1.99,1.7503199999999999,2017,7,188,21.700000000000003,13,1.9422567610704433,2.423092856219958
2017-07-08,21.5,20.2,44.3,4.67,99,2.68,0.84,2.00464,2017,7,189,20.85,13,0.982852970321565,0.9958012439033787
2017-07-09,21.5,19.9,56.4,5.81,98,2.72,1.01,2.03456,2017,7,190,20.7,13,1.154432182087192,1.2339027373719218
2017-07-10,22.7,19.8,21.3,7.84,98,2.41,1.4,1.80268,2017,7,191,21.25,13,1.4396531146060405,1.6896988772251365
2017-07-11,22.9,19.6,0.7,14.25,93,3.09,2.44,2.31132,2017,7,192,21.25,13,2.3658892713581126,3.0712001276094636
2017-07-12,22.9,19.8,8.5,10.16,96,2.97,1.73,2.22156,2017,7,193,21.35,13,1.7740671079775716,2.1955289774264144
2017-07-13,22.7,20.2,3.7,11.02,97,3.5,1.76,2.618,2017,7,194,21.45,13,1.8115214521359169,2.387681751371632
2017-07-14,24.0,20.2,2.8,15.79,94,2.98,2.62,2.22904,2017,7,195,22.1,13,2.596647347295881,3.480005183484902
2017-07-15,24.1,19.3,0.0,18.67,89,3.16,3.15,2.36368,2017,7,196,21.700000000000003,13,3.086341199340302,4.071930119318328
2017-07-16,22.6,18.5,0.0,15.72,87,3.09,2.66,2.31132,2017,7,197,20.55,14,2.710096635214403,3.325062077259831
2017-07-17,22.6,18.3,1.1,15.06,91,3.16,2.5,2.36368,2017,7,198,20.450000000000003,14,2.483219727482683,3.176850526852688
2017-07-18,23.8,18.9,6.9,14.96,90,2.07,2.63,1.54836,2017,7,199,21.35,14,2.604978536581313,3.232786762037319
2017-07-19,24.9,19.5,1.9,15.65,90,2.09,2.86,1.5633199999999998,2017,7,200,22.2,14,2.7649203217930762,3.4581250331738933
2017-07-20,25.5,19.9,0.6,18.01,89,2.26,3.24,1.6904799999999998,2017,7,201,22.7,14,3.1439729666894283,4.031276427261735
2017-07-21,23.9,19.9,2.6,12.03,93,2.0,2.17,1.496,2017,7,202,21.9,14,2.19539148055153,2.6375336907216496
2017-07-22,23.0,19.2,2.2,13.84,92,2.55,2.35,1.9073999999999998,2017,7,203,21.1,14,2.3841076934768206,2.9709523132755034
2017-07-23,23.3,18.1,0.5,18.94,88,3.13,3.18,2.34124,2017,7,204,20.700000000000003,14,3.0770918328214085,4.022395498420688
2017-07-24,22.3,18.2,4.2,11.88,92,2.78,2.06,2.07944,2017,7,205,20.25,14,2.090613130874249,2.492461844009498
2017-07-25,21.7,18.2,6.7,13.01,95,3.1,2.08,2.3188,2017,7,206,19.95,14,2.082056239161758,2.707243032603256
2017-07-26,23.1,19.1,5.5,12.25,94,2.68,2.09,2.00464,2017,7,207,21.1,14,2.1267727903199845,2.629636259943997
2017-07-27,24.5,19.6,11.4,15.93,93,2.59,2.76,1.93732,2017,7,208,22.05,14,2.7028613761256564,3.506293126981474
2017-07-28,25.8,20.5,5.4,16.71,92,1.38,3.12,1.0322399999999998,2017,7,209,23.15,14,3.0033596623754155,3.7834758100614745
2017-07-29,23.3,19.8,13.9,10.11,97,3.12,1.7,2.3337600000000003,2017,7,210,21.55,14,1.7550796713463834,2.196304560441019
2017-07-30,23.8,19.0,2.2,14.71,93,3.37,2.49,2.52076,2017,7,211,21.4,14,2.463038106645532,3.1829746623267607
2017-07-31,22.8,18.1,2.0,16.06,90,3.24,2.74,2.4235200000000003,2017,7,212,20.450000000000003,14,2.669870138448238,3.387796776975708
2017-08-01,21.4,18.8,19.4,12.76,97,2.87,2.04,2.14676,2017,8,213,20.1,15,2.021743309113645,2.666153122090188
2017-08-02,21.0,18.6,15.2,10.92,97,3.09,1.75,2.31132,2017,8,214,19.8,15,1.7718337120759986,2.2629828632421614
2017-08-03,20.8,18.5,15.3,10.43,97,3.13,1.67,2.34124,2017,8,215,19.65,15,1.7062568099095823,2.1525076490976027
2017-08-04,21.7,18.0,8.3,13.79,94,3.1,2.22,2.3188,2017,8,216,19.85,15,2.226540618462995,2.8616780031218862
2017-08-05,22.7,17.8,3.5,16.06,92,3.21,2.66,2.40108,2017,8,217,20.25,15,2.5945613420742184,3.3694391594943207
2017-08-06,22.5,18.8,8.0,15.45,96,2.71,2.49,2.0270799999999998,2017,8,218,20.65,15,2.4505354608460563,3.2767865637237485
2017-08-07,24.8,19.3,1.4,15.76,94,2.63,2.79,1.9672399999999999,2017,8,219,22.05,15,2.679623930606712,3.4688750584575034
2017-08-08,22.7,19.3,5.8,11.6,97,1.99,1.99,1.48852,2017,8,220,21.0,15,2.0214593729003614,2.4834660200359617
2017-08-09,23.4,18.7,3.5,13.72,92,1.96,2.43,1.46608,2017,8,221,21.049999999999997,15,2.436319046670194,2.9412665428716998
2017-08-10,22.9,19.6,2.9,14.16,93,2.73,2.43,2.04204,2017,8,222,21.25,15,2.4421385647390017,3.0518030741719304
2017-08-11,23.3,19.1,0.8,14.62,93,2.93,2.52,2.19164,2017,8,223,21.200000000000003,15,2.490145011894789,3.1467587778843527
2017-08-12,24.7,19.8,7.6,13.45,94,2.32,2.47,1.7353599999999998,2017,8,224,22.25,15,2.4184689524057394,2.975855988169992
2017-08-13,23.7,19.8,4.6,13.64,94,2.79,2.35,2.08692,2017,8,225,21.75,15,2.3824243050150162,2.9787942385193755
2017-08-14,24.5,19.0,0.1,21.18,87,2.76,3.69,2.0644799999999996,2017,8,226,21.75,15,3.587314582810013,4.625429763331406
2017-08-15,21.9,18.4,3.4,14.78,90,2.72,2.49,2.03456,2017,8,227,20.15,15,2.5512218466438785,3.092446219560503
2017-08-16,21.5,18.0,6.6,16.05,93,2.66,2.59,1.9896800000000001,2017,8,228,19.75,16,2.5832276989409815,3.3215058642321096
2017-08-17,23.3,18.3,0.8,16.93,92,2.58,2.9,1.92984,2017,8,229,20.8,16,2.8219192066642593,3.6052037011950833
2017-08-18,23.4,19.0,6.9,12.6,92,2.1,2.25,1.5708,2017,8,230,21.2,16,2.317275244832894,2.711980889284736
2017-08-19,21.5,19.8,13.8,7.11,96,2.87,1.3,2.14676,2017,8,231,20.65,16,1.4264228068148708,1.507958088548599
2017-08-20,22.2,19.5,8.3,15.83,96,3.12,2.51,2.3337600000000003,2017,8,232,20.85,16,2.5123389981691857,3.3754890130600606
2017-08-21,24.6,19.2,6.3,20.83,90,2.61,3.61,1.9522799999999998,2017,8,233,21.9,16,3.5044658523127388,4.566901644034244
2017-08-22,23.4,19.4,2.9,18.28,92,2.63,3.09,1.9672399999999999,2017,8,234,21.4,16,3.058631843061163,3.9554572962157164
2017-08-23,24.3,19.2,0.6,18.87,91,2.71,3.23,2.0270799999999998,2017,8,235,21.75,16,3.2015791565620546,4.120956545517641
2017-08-24,24.9,19.3,0.7,19.97,90,2.14,3.52,1.6007200000000001,2017,8,236,22.1,16,3.4538502936360693,4.401247847637333
2017-08-25,25.6,19.3,3.7,21.59,91,2.32,3.79,1.7353599999999998,2017,8,237,22.450000000000003,16,3.682528546055691,4.801629254200232
2017-08-26,24.6,19.1,0.3,22.33,89,2.77,3.86,2.07196,2017,8,238,21.85,16,3.7347170102177754,4.889371664137315
2017-08-27,24.6,18.4,0.2,22.23,87,2.48,3.81,1.85504,2017,8,239,21.5,16,3.7630607969901546,4.822896486435089
2017-08-28,24.3,18.0,2.2,20.43,89,2.17,3.51,1.62316,2017,8,240,21.15,16,3.4588919367922255,4.391436018651493
2017-08-29,24.2,18.6,0.0,21.42,88,2.93,3.7,2.19164,2017,8,241,21.4,16,3.6015060831275174,4.634895803333734
2017-08-30,25.1,18.1,0.3,19.08,87,2.5,3.45,1.87,2017,8,242,21.6,16,3.3787783885681524,4.150419614680786
2017-08-31,23.9,18.9,6.0,17.47,91,1.97,3.1,1.47356,2017,8,243,21.4,16,3.055828420273493,3.780188127182087
2017-09-01,23.3,17.2,5.4,14.57,92,2.13,2.52,1.59324,2017,9,244,20.25,17,2.5506998174246345,3.0568324130655204
2017-09-02,23.7,18.6,4.0,17.63,92,3.11,3.0,2.3262799999999997,2017,9,245,21.15,17,2.9565040348179354,3.789574988195096
2017-09-03,23.4,18.8,5.7,14.56,95,3.04,2.48,2.27392,2017,9,246,21.1,17,2.454665593918548,3.1255105261048652
2017-09-04,23.0,19.8,6.7,12.59,97,3.13,2.1,2.34124,2017,9,247,21.4,17,2.1345246288033817,2.7242454791770165
2017-09-05,25.5,19.5,2.4,19.48,92,2.52,3.47,1.88496,2017,9,248,22.5,17,3.387848847927464,4.337953019884245
2017-09-06,23.9,19.5,10.3,13.86,95,1.84,2.49,1.37632,2017,9,249,21.7,17,2.5066134498605033,3.022868315680344
2017-09-07,26.5,19.2,1.1,21.66,88,1.62,3.94,1.2117600000000002,2017,9,250,22.85,17,3.905002692740265,4.866929961942421
2017-09-08,26.0,18.9,0.6,22.25,85,2.1,4.03,1.5708,2017,9,251,22.45,17,3.9892591381562097,4.948413659377265
2017-09-09,25.0,20.5,6.5,17.66,94,2.51,3.09,1.8774799999999998,2017,9,252,22.75,17,3.1020239721682885,3.9580032903621443
2017-09-10,24.3,20.0,8.7,14.53,97,2.68,2.52,2.00464,2017,9,253,22.15,17,2.5011144401730823,3.206476118100348
2017-09-11,23.9,19.3,2.5,17.05,91,2.67,3.0,1.99716,2017,9,254,21.6,17,3.0056121265247393,3.7088393307288996
2017-09-12,22.9,18.6,17.6,13.12,95,2.53,2.27,1.89244,2017,9,255,20.75,17,2.300581316978147,2.790120904282321
2017-09-13,23.6,19.0,6.4,13.65,94,2.68,2.39,2.00464,2017,9,256,21.3,17,2.4323855489706774,2.945793947429276
2017-09-14,25.9,19.0,0.0,24.09,86,2.75,4.34,2.057,2017,9,257,22.45,17,4.214486916463592,5.357630788961722
2017-09-15,25.7,17.8,0.0,24.24,80,2.11,4.42,1.57828,2017,9,258,21.75,17,4.319815107382985,5.2936929869288605
2017-09-16,25.3,20.0,2.5,19.48,90,2.24,3.55,1.6755200000000001,2017,9,259,22.65,18,3.5078244109526486,4.354723366341219
2017-09-17,25.5,19.5,0.1,23.5,85,3.05,4.19,2.2813999999999997,2017,9,260,22.5,18,4.167337520181266,5.233156877170418
2017-09-18,25.4,17.6,0.0,24.7,74,2.49,4.66,1.8625200000000002,2017,9,261,21.5,18,4.526015988530026,5.358773873816765
2017-09-19,25.2,17.1,0.5,23.91,78,2.56,4.37,1.9148800000000001,2017,9,262,21.15,18,4.285620489752805,5.139463299361585
2017-09-20,24.6,17.7,0.3,21.47,82,1.9,3.86,1.4212,2017,9,263,21.15,18,3.8412890536027358,4.614984401392439
2017-09-21,24.5,18.6,1.7,17.53,89,2.06,3.13,1.54088,2017,9,264,21.55,18,3.180106679360856,3.808231349607426
2017-09-22,25.5,18.2,11.0,18.24,86,2.18,3.42,1.63064,2017,9,265,21.85,18,3.3886547876588184,3.9938262048304796
2017-09-23,24.4,20.0,5.3,16.19,94,2.12,2.89,1.58576,2017,9,266,22.2,18,2.911521969355918,3.5774469193025773
2017-09-24,24.6,20.5,6.3,13.71,97,2.31,2.39,1.72788,2017,9,267,22.55,18,2.473855985116185,3.05697993618563
2017-09-25,24.1,20.6,14.2,12.03,95,2.57,2.16,1.9223599999999998,2017,9,268,22.35,18,2.2648126944282794,2.668577240210388
2017-09-26,24.4,20.3,6.5,17.36,95,1.68,3.16,1.25664,2017,9,269,22.35,18,3.122540390970267,3.850914454700942
2017-09-27,24.8,20.4,12.0,18.07,94,1.9,3.17,1.4212,2017,9,270,22.6,18,3.248804852578062,4.034334102389079
2017-09-28,25.6,19.1,2.9,18.14,91,1.52,3.3,1.13696,2017,9,271,22.35,18,3.340838945764383,4.023939412919073
2017-09-29,25.1,20.4,0.1,20.69,89,3.08,3.65,2.30384,2017,9,272,22.75,18,3.6969797484472977,4.637094455129828
2017-09-30,24.8,20.4,10.6,13.89,95,2.63,2.51,1.9672399999999999,2017,9,273,22.6,18,2.5480757451756535,3.101101310580205
2017-10-01,24.4,20.4,4.6,13.36,96,2.34,2.38,1.7503199999999999,2017,10,274,22.4,19,2.450089526904368,2.967439408484516
2017-10-02,24.4,20.0,6.4,14.07,92,1.86,2.59,1.39128,2017,10,275,22.2,19,2.686539972016757,3.1089980330195965
2017-10-03,25.0,20.3,9.7,16.26,93,1.9,2.94,1.4212,2017,10,276,22.65,19,3.017547821497494,3.634897430015822
2017-10-04,24.8,21.0,6.8,16.17,97,2.2,2.84,1.6456000000000002,2017,10,277,22.9,19,2.8874291114888515,3.6379881031729018
2017-10-05,25.1,20.6,9.8,15.89,95,2.11,2.81,1.57828,2017,10,278,22.85,19,2.9100459160917866,3.5704301521359683
2017-10-06,25.7,20.9,5.1,17.97,92,2.35,3.31,1.7578,2017,10,279,23.299999999999997,19,3.3231401045219626,4.084254204038203
2017-10-07,24.3,20.6,10.5,15.03,94,2.22,2.71,1.66056,2017,10,280,22.450000000000003,19,2.772296387796981,3.3426812269860804
2017-10-08,24.6,20.6,15.4,13.12,95,2.45,2.39,1.8326000000000002,2017,10,281,22.6,19,2.4581523016417233,2.929190006825938
2017-10-09,25.9,20.9,6.2,17.97,95,2.44,3.21,1.8251199999999999,2017,10,282,23.4,19,3.237243334514907,4.094582890479377
2017-10-10,25.5,21.4,7.6,15.43,94,2.49,2.84,1.8625200000000002,2017,10,283,23.45,19,2.8886920074924407,3.520262164717797
2017-10-11,26.0,21.0,3.8,21.23,90,2.45,3.84,1.8326000000000002,2017,10,284,23.5,19,3.88250823551882,4.849600121392095
2017-10-12,27.6,21.4,0.5,23.61,89,2.82,4.35,2.1093599999999997,2017,10,285,24.5,19,4.364908564341033,5.52913784294489
2017-10-13,25.4,20.5,7.6,20.59,89,2.56,3.68,1.9148800000000001,2017,10,286,22.95,19,3.754941896646733,4.638329066845093
2017-10-14,24.9,20.0,1.9,19.76,89,1.9,3.56,1.4212,2017,10,287,22.45,19,3.6224288718154884,4.3946361307548205
2017-10-15,24.8,20.6,14.1,16.93,94,1.97,3.06,1.47356,2017,10,288,22.700000000000003,19,3.1025885294034397,3.7895341428951235
2017-10-16,24.8,20.8,9.3,15.58,95,2.12,2.79,1.58576,2017,10,289,22.8,20,2.8681774555587825,3.4963011292713047
2017-10-17,25.3,20.1,4.3,16.08,93,1.54,2.97,1.15192,2017,10,290,22.700000000000003,20,3.0383794736362626,3.5992740116806607
2017-10-18,23.4,20.7,17.3,10.94,98,2.16,1.96,1.61568,2017,10,291,22.049999999999997,20,2.0445780474520205,2.407962762660221
2017-10-19,25.8,20.2,1.1,21.39,91,2.26,3.93,1.6904799999999998,2017,10,292,23.0,20,3.8503594144693603,4.824688691704555
2017-10-20,25.7,19.6,0.1,25.08,87,1.49,4.56,1.11452,2017,10,293,22.65,20,4.508876914899121,5.6065945599506035
2017-10-21,26.3,18.8,0.0,25.59,87,1.59,4.68,1.1893200000000002,2017,10,294,22.55,20,4.574556705611722,5.70591659861344
2017-10-22,25.9,20.0,1.7,21.33,90,1.96,3.97,1.46608,2017,10,295,22.95,20,3.8903760502949014,4.805029577261088
2017-10-23,26.1,20.1,3.5,20.7,91,1.39,3.82,1.03972,2017,10,296,23.1,20,3.8427993537753378,4.680944656011119
2017-10-24,23.2,20.5,15.6,7.8,96,0.91,1.54,0.6806800000000001,2017,10,297,21.85,20,1.7015827081871562,1.7078862060130342
2017-10-25,25.8,20.6,7.6,18.67,92,1.28,3.5,0.9574400000000001,2017,10,298,23.200000000000003,20,3.527591768535149,4.232622471565364
2017-10-26,25.6,20.8,16.4,18.18,90,1.26,3.39,0.94248,2017,10,299,23.200000000000003,20,3.4791990917214677,4.121535968562309
2017-10-27,26.2,20.7,2.8,18.05,92,1.57,3.35,1.17436,2017,10,300,23.45,20,3.4287444198521193,4.117999486270657
2017-10-28,26.4,20.7,0.5,23.43,88,1.88,4.34,1.40624,2017,10,301,23.549999999999997,20,4.325882132854384,5.358885057819319
2017-10-29,27.1,19.7,0.0,26.46,81,1.94,5.01,1.45112,2017,10,302,23.4,20,4.906685088287059,6.029085324545596
2017-10-30,26.7,19.7,0.0,25.64,82,1.61,4.78,1.20428,2017,10,303,23.2,20,4.7395312819372455,5.812771299996568
2017-10-31,26.2,18.9,0.0,25.98,78,1.25,4.83,0.935,2017,10,304,22.549999999999997,20,4.750196597463582,5.792876640561828
2017-11-01,27.6,19.9,1.7,23.4,88,1.27,4.46,0.94996,2017,11,305,23.75,21,4.401355218209027,5.378938148041636
2017-11-02,25.8,20.8,2.1,18.54,90,1.11,3.48,0.83028,2017,11,306,23.3,21,3.556973844986992,4.213804838223053
2017-11-03,26.0,21.0,13.1,18.99,92,1.92,3.43,1.4361599999999999,2017,11,307,23.5,21,3.550389629545922,4.337913627189631
2017-11-04,26.2,21.6,17.3,16.63,89,1.43,3.16,1.06964,2017,11,308,23.9,21,3.30413057418515,3.8370745918211395
2017-11-05,25.7,21.3,7.5,14.1,89,0.85,2.75,0.6358,2017,11,309,23.5,21,2.8760019544581343,3.220883735828005
2017-11-06,26.1,21.0,2.2,12.83,87,1.12,2.62,0.8377600000000001,2017,11,310,23.55,21,2.7076046982889483,2.934464160982581
2017-11-07,27.2,21.9,1.6,19.41,83,1.98,3.85,1.48104,2017,11,311,24.549999999999997,21,3.930308365119939,4.551146082483172
2017-11-08,26.7,21.2,9.1,18.92,88,1.43,3.64,1.06964,2017,11,312,23.95,21,3.691985449186961,4.370894337086949
2017-11-09,26.8,21.0,3.4,18.4,88,1.88,3.51,1.40624,2017,11,313,23.9,21,3.5958958452447582,4.245470384215813
2017-11-10,25.5,20.8,3.9,16.79,88,2.28,3.1,1.7054399999999998,2017,11,314,23.15,21,3.276252440013539,3.8015893986195177
2017-11-11,26.3,21.4,12.4,16.85,90,2.0,3.14,1.496,2017,11,315,23.85,21,3.297184455753389,3.882988377741433
2017-11-12,25.6,21.1,7.1,13.65,92,1.57,2.62,1.17436,2017,11,316,23.35,21,2.732698075810297,3.106319412519362
2017-11-13,22.8,20.9,21.2,5.66,98,1.12,1.13,0.8377600000000001,2017,11,317,21.85,21,1.3245890313559456,1.2393122982094582
2017-11-14,23.2,20.7,31.7,6.06,96,1.13,1.24,0.8452399999999999,2017,11,318,21.95,21,1.425503159259438,1.3303698204832648
2017-11-15,24.5,20.7,44.3,12.83,94,1.43,2.42,1.06964,2017,11,319,22.6,21,2.5248139495236512,2.86444419112628
2017-11-16,25.2,20.7,9.5,12.91,93,0.82,2.5,0.61336,2017,11,320,22.95,22,2.610492095902795,2.9082480938790747
2017-11-17,24.3,21.2,7.8,14.21,92,0.85,2.67,0.6358,2017,11,321,22.75,22,2.814891378660594,3.1847806770128013
2017-11-18,25.5,20.4,12.5,17.25,92,1.22,3.17,0.9125599999999999,2017,11,322,22.95,22,3.2910624168783165,3.8859240603728917
2017-11-19,25.1,21.0,21.7,13.69,91,1.22,2.59,0.9125599999999999,2017,11,323,23.05,22,2.7501484494631594,3.0918229002140443
2017-11-20,25.5,20.8,16.9,14.15,92,1.13,2.71,0.8452399999999999,2017,11,324,23.15,22,2.8186898092763815,3.2038409762040607
2017-11-21,24.8,20.6,15.3,11.36,93,0.94,2.25,0.70312,2017,11,325,22.700000000000003,22,2.3416529187735566,2.5427706948191733
2017-11-22,25.8,21.2,4.7,12.4,93,0.63,2.47,0.47124,2017,11,326,23.5,22,2.5662040294116717,2.8325502357636356
2017-11-23,26.4,21.2,16.7,15.67,91,0.77,3.03,0.57596,2017,11,327,23.799999999999997,22,3.1398172426499342,3.6065565747154067
2017-11-24,25.0,21.0,13.3,8.41,96,0.82,1.72,0.61336,2017,11,328,23.0,22,1.8422797829805806,1.8969439877155359
2017-11-25,26.3,20.6,12.8,16.35,88,1.02,3.16,0.76296,2017,11,329,23.450000000000003,22,3.2483578332891843,3.7301546593088784
2017-11-26,25.6,21.0,12.0,13.94,94,0.75,2.69,0.5609999999999999,2017,11,330,23.3,22,2.7948118065456424,3.168308492169869
2017-11-27,24.2,20.8,43.6,7.98,96,1.05,1.56,0.7854,2017,11,331,22.5,22,1.7447989972341558,1.7770464629710616
2017-11-28,26.1,21.0,56.8,9.76,95,0.95,1.93,0.7106,2017,11,332,23.55,22,2.091979718302394,2.2322969767100536
2017-11-29,24.6,20.8,24.7,10.07,95,1.68,1.9,1.25664,2017,11,333,22.700000000000003,22,2.0676026987447744,2.254022966270165
2017-11-30,26.4,21.8,0.5,15.43,88,1.61,3.07,1.20428,2017,11,334,24.1,22,3.1476697090816144,3.577955396645742
2017-12-01,25.4,22.2,4.7,9.45,86,1.8,2.04,1.3464,2017,12,335,23.799999999999997,23,2.2566225165975675,2.1749814697549836
2017-12-02,27.9,20.9,1.9,15.75,84,1.48,3.23,1.10704,2017,12,336,24.4,23,3.304568322166444,3.6793622405854864
2017-12-03,26.5,21.5,4.7,20.8,86,1.15,4.0,0.8602,2017,12,337,24.0,23,4.026490627327276,4.81119624111283
2017-12-04,26.7,21.7,6.8,18.61,87,1.06,3.59,0.79288,2017,12,338,24.2,23,3.682489767298228,4.326056197530016
2017-12-05,26.8,21.4,7.7,18.1,88,1.51,3.48,1.12948,2017,12,339,24.1,23,3.5722563921803747,4.197083128923391
2017-12-06,26.1,20.3,11.8,16.54,90,1.17,3.16,0.8751599999999999,2017,12,340,23.200000000000003,23,3.230168246034091,3.749736244225555
2017-12-07,27.3,21.4,1.0,23.04,88,1.87,4.4,1.39876,2017,12,341,24.35,23,4.363703761288882,5.375747108154422
2017-12-08,26.8,21.6,0.6,23.83,88,1.9,4.46,1.4212,2017,12,342,24.200000000000003,23,4.463414564041851,5.5394905527748675
2017-12-09,26.1,21.4,0.1,21.91,87,1.76,4.12,1.31648,2017,12,343,23.75,23,4.139954819732954,5.036433112119326
2017-12-10,24.8,20.9,14.3,14.21,92,1.38,2.69,1.0322399999999998,2017,12,344,22.85,23,2.7938151890970633,3.192939739575337
2017-12-11,25.6,21.0,4.9,13.97,94,1.37,2.66,1.0247600000000001,2017,12,345,23.3,23,2.7509441976235136,3.175126946600651
2017-12-12,25.0,21.4,7.4,14.76,94,1.08,2.74,0.80784,2017,12,346,23.2,23,2.892652605303152,3.3461975190307855
2017-12-13,25.9,20.4,19.7,16.28,94,0.93,3.04,0.69564,2017,12,347,23.15,23,3.1532159482314346,3.6861152715619867
2017-12-14,25.6,21.1,12.2,18.2,90,1.15,3.43,0.8602,2017,12,348,23.35,23,3.5032567501182155,4.141759216692482
2017-12-15,26.0,21.1,13.2,18.45,90,1.27,3.48,0.94996,2017,12,349,23.55,23,3.5546954239846396,4.219864674211116
2017-12-16,27.0,20.8,16.9,16.75,90,1.16,3.23,0.8676799999999999,2017,12,350,23.9,24,3.320390334189909,3.8647624421529825
2017-12-17,23.7,21.4,5.5,9.6,96,2.02,1.76,1.51096,2017,12,351,22.549999999999997,24,1.9430505646669454,2.1405548787295436
2017-12-18,23.5,20.3,15.0,8.7,96,2.25,1.65,1.683,2017,12,352,21.9,24,1.7721286008973933,1.907443317479497
2017-12-19,24.6,21.0,10.5,11.17,93,3.07,2.09,2.29636,2017,12,353,22.8,24,2.2461066835265804,2.5066549174557426
2017-12-20,23.0,20.3,18.6,7.7,95,2.92,1.46,2.18416,2017,12,354,21.65,24,1.6324287339311663,1.6771653881775386
2017-12-21,24.8,20.9,10.0,11.14,93,2.07,2.17,1.54836,2017,12,355,22.85,24,2.2748363630441824,2.503120949955613
2017-12-22,24.9,20.0,13.8,11.91,88,2.09,2.4,1.5633199999999998,2017,12,356,22.45,24,2.5134655149406435,2.6487913116037403
2017-12-23,27.3,20.6,0.8,22.0,84,3.32,4.05,2.48336,2017,12,357,23.950000000000003,24,4.250290347790215,5.082435275682499
2017-12-24,25.0,20.2,9.6,13.65,94,3.2,2.44,2.3936,2017,12,358,22.6,24,2.5351989162504536,3.047518566552901
2017-12-25,24.1,21.0,8.5,11.44,94,2.49,2.11,1.8625200000000002,2017,12,359,22.55,24,2.253852402684333,2.5508278971527063
2017-12-26,26.1,20.2,15.0,9.02,91,1.77,1.87,1.32396,2017,12,360,23.15,24,2.0300077769034504,2.042307109919479
2017-12-27,27.6,21.2,1.6,21.32,83,2.07,4.19,1.54836,2017,12,361,24.4,24,4.215637379955169,4.980571617097306
2017-12-28,27.6,21.1,4.5,16.56,88,1.38,3.32,1.0322399999999998,2017,12,362,24.35,24,3.353711049806516,3.863818233985991
2017-12-29,25.5,21.5,9.5,13.77,91,0.88,2.69,0.65824,2017,12,363,23.5,24,2.8009788197187597,3.1455013505213922
2017-12-30,25.2,21.2,10.7,11.33,96,1.66,2.11,1.24168,2017,12,364,23.2,24,2.2646059417021362,2.5685919980094036
2017-12-31,22.1,20.4,19.9,4.45,97,1.46,0.9,1.09208,2017,12,365,21.25,24,1.1367852434963936,0.9590765310780431
2018-01-01,25.4,20.3,10.3,16.71,90,1.31,3.19,0.9798800000000001,2018,1,1,22.85,1,3.223363305697548,3.7546814249334193
2018-01-02,25.5,20.1,27.5,16.1,91,0.89,3.04,0.66572,2018,1,2,22.8,1,3.1330516298017814,3.612994106628242
2018-01-03,27.0,20.6,12.4,18.31,88,1.26,3.47,0.94248,2018,1,3,23.8,1,3.590793882410106,4.214170445631084
2018-01-04,26.2,21.3,14.3,17.75,88,1.02,3.36,0.76296,2018,1,4,23.75,1,3.496944123091399,4.080177441356369
2018-01-05,25.7,20.9,23.9,15.61,90,0.85,2.99,0.6358,2018,1,5,23.299999999999997,1,3.100734787583537,3.547869122150047
2018-01-06,25.4,20.8,31.9,14.85,93,1.05,2.82,0.7854,2018,1,6,23.1,1,2.920195928019025,3.358068992355803
2018-01-07,24.7,20.8,17.5,11.65,92,1.09,2.28,0.81532,2018,1,7,22.75,1,2.400708972765439,2.6110270856579265
2018-01-08,26.2,21.1,1.3,15.58,89,0.92,3.03,0.68816,2018,1,8,23.65,1,3.130172527857223,3.5724004853624725
2018-01-09,26.8,20.8,9.1,15.75,91,1.13,3.0,0.8452399999999999,2018,1,9,23.8,1,3.140891238701848,3.624969116258306
2018-01-10,25.7,21.3,23.1,13.88,93,2.34,2.57,1.7503199999999999,2018,1,10,23.5,1,2.717317850103823,3.1706288122902633
2018-01-11,22.8,20.3,35.0,4.31,98,3.21,0.83,2.40108,2018,1,11,21.55,1,1.0315734690738867,0.9363078788823731
2018-01-12,24.5,20.7,6.7,10.99,84,4.04,2.4,3.02192,2018,1,12,22.6,1,2.6605196363591324,2.453643153583618
2018-01-13,24.4,20.5,7.6,7.15,90,1.29,1.51,0.96492,2018,1,13,22.45,1,1.7270800317258528,1.5901643894178628
2018-01-14,25.0,21.0,2.5,14.72,86,1.86,2.92,1.39128,2018,1,14,23.0,1,3.010472839194863,3.3202158738611995
2018-01-15,26.6,20.5,2.4,13.63,86,0.88,2.7,0.65824,2018,1,15,23.55,1,2.842886564095967,3.117439323007995
2018-01-16,25.6,21.1,11.5,10.55,91,1.45,2.13,1.0846,2018,1,16,23.35,2,2.2735278123347546,2.400854930555258
2018-01-17,24.5,20.9,0.1,8.93,88,1.34,1.86,1.00232,2018,1,17,22.7,2,2.052390503894351,1.9988505549942972
2018-01-18,25.7,20.3,8.4,16.28,89,1.2,3.09,0.8976,2018,1,18,23.0,2,3.191512000976922,3.672086577884533
2018-01-19,23.6,21.1,9.8,10.72,92,2.94,1.96,2.1991199999999997,2018,1,19,22.35,2,2.2043065729837177,2.377984041151734
2018-01-20,22.1,20.8,19.3,5.4,97,2.99,1.03,2.23652,2018,1,20,21.450000000000003,2,1.2293032297995814,1.1700073917792027
2018-01-21,22.7,20.6,40.9,5.12,95,2.84,0.98,2.12432,2018,1,21,21.65,2,1.2816288826622246,1.115206076294675
2018-01-22,26.5,20.0,1.4,15.09,89,1.59,2.96,1.1893200000000002,2018,1,22,23.25,2,3.02213468068961,3.425346523817492
2018-01-23,24.7,20.7,14.0,11.47,95,0.98,2.19,0.73304,2018,1,23,22.7,2,2.334113370971078,2.56739259415281
2018-01-24,25.1,21.2,6.0,12.36,92,1.54,2.34,1.15192,2018,1,24,23.15,2,2.5238400797233527,2.798549432217823
2018-01-25,25.8,21.2,29.0,11.75,90,2.41,2.24,1.80268,2018,1,25,23.5,2,2.4986720694587143,2.684069779856671
2018-01-26,26.8,21.2,2.4,15.93,84,3.17,3.26,2.37116,2018,1,26,24.0,2,3.3959203278813543,3.6847286596599695
2018-01-27,27.0,21.5,1.1,15.68,86,2.2,3.13,1.6456000000000002,2018,1,27,24.25,2,3.2689153932896398,3.64946591977326
2018-01-28,26.2,21.5,3.9,16.2,86,2.67,3.13,1.99716,2018,1,28,23.85,2,3.322826452599754,3.733199508570398
2018-01-29,26.0,21.3,16.9,15.16,87,4.3,2.97,3.2163999999999997,2018,1,29,23.65,2,3.144543138471427,3.4760970062962184
2018-01-30,26.5,20.8,15.1,19.58,83,3.41,3.81,2.5506800000000003,2018,1,30,23.65,2,3.9237933450040123,4.4895764764696535
2018-01-31,25.9,20.9,8.1,12.74,89,1.82,2.54,1.3613600000000001,2018,1,31,23.4,2,2.6679214548629817,2.902892934040472
2018-02-01,23.5,20.8,37.8,9.31,95,2.52,1.75,1.88496,2018,2,32,22.15,3,1.895201543443892,2.0545280564015314
2018-02-02,24.3,20.8,19.8,12.48,94,2.64,2.21,1.97472,2018,2,33,22.55,3,2.4014333459477846,2.782721342348407
2018-02-03,26.2,20.3,16.5,18.69,88,1.11,3.58,0.83028,2018,2,34,23.25,3,3.6114441218117674,4.242526609022461
2018-02-04,26.6,21.1,1.7,23.51,85,2.53,4.39,1.89244,2018,2,35,23.85,3,4.429577269282877,5.417748175709264
2018-02-05,24.3,20.9,5.7,13.92,96,2.37,2.45,1.7727600000000001,2018,2,36,22.6,3,2.5664550541256714,3.107799153583618
2018-02-06,24.7,20.7,8.5,17.72,93,2.56,3.15,1.9148800000000001,2018,2,37,22.7,3,3.2091779729973875,3.96636414720033
2018-02-07,25.4,20.5,12.9,17.91,92,2.4,3.23,1.7952,2018,2,38,22.95,3,3.305777057743983,4.0346028939871585
2018-02-08,23.7,20.7,10.4,13.03,91,1.78,2.46,1.33144,2018,2,39,22.2,3,2.5844328080330743,2.879192918993983
2018-02-09,24.2,20.6,7.3,14.84,91,1.79,2.69,1.33892,2018,2,40,22.4,3,2.866875985919605,3.296167726190885
2018-02-10,25.9,20.6,1.6,19.16,88,1.67,3.59,1.24916,2018,2,41,23.25,3,3.6629019154756612,4.3492140090353315
2018-02-11,25.6,20.3,5.7,19.78,87,1.04,3.72,0.7779200000000001,2018,2,42,22.950000000000003,3,3.765821033079892,4.455859589227583
2018-02-12,25.3,20.2,10.6,14.81,90,0.87,2.78,0.65076,2018,2,43,22.75,3,2.938162014455117,3.3192541749866002
2018-02-13,25.7,21.2,10.8,19.5,89,2.6,3.47,1.9448,2018,2,44,23.45,3,3.6656959941882774,4.448808309267469
2018-02-14,25.3,20.9,10.6,16.32,89,2.56,3.05,1.9148800000000001,2018,2,45,23.1,3,3.1715397086047057,3.690483902710216
2018-02-15,24.1,20.8,7.8,10.02,96,3.31,1.7,2.47588,2018,2,46,22.450000000000003,3,1.9299565829863687,2.2284541513240534
2018-02-16,26.2,20.8,23.8,16.75,85,2.32,3.24,1.7353599999999998,2018,2,47,23.5,4,3.3968108445156138,3.8262271329871695
2018-02-17,26.4,19.7,10.9,19.01,87,1.85,3.55,1.3838000000000001,2018,2,48,23.049999999999997,4,3.6408193655119128,4.2933201850306055
2018-02-18,27.1,21.2,3.1,21.93,86,2.57,4.07,1.9223599999999998,2018,2,49,24.15,4,4.1993289587912885,5.091506821110667
2018-02-19,26.6,21.1,1.7,22.52,86,1.83,4.17,1.36884,2018,2,50,23.85,4,4.270868354060543,5.189608205741072
2018-02-20,25.6,20.4,10.9,17.45,89,0.88,3.3,0.65824,2018,2,51,23.0,4,3.3839119230012096,3.9359896059020323
2018-02-21,26.6,20.7,9.0,18.51,88,1.21,3.51,0.90508,2018,2,52,23.65,4,3.609585204883866,4.244231898848484
2018-02-22,25.9,20.6,12.5,15.16,91,0.79,2.89,0.59092,2018,2,53,23.25,4,3.018249655480727,3.441236136585366
2018-02-23,25.2,20.8,18.3,14.24,92,0.76,2.7,0.56848,2018,2,54,23.0,4,2.8425774494002005,3.2119479649309426
2018-02-24,25.1,20.4,22.0,15.55,92,0.83,2.9,0.62084,2018,2,55,22.75,4,3.0332404220400098,3.4851048224876187
2018-02-25,23.4,20.1,7.1,12.56,95,1.35,2.24,1.0098,2018,2,56,21.75,4,2.4204512063771864,2.742936630190862
2018-02-26,25.2,20.5,9.7,15.84,90,1.21,2.97,0.90508,2018,2,57,22.85,4,3.0887009026264787,3.5591953184288063
2018-02-27,26.1,20.1,2.5,20.26,88,1.17,3.78,0.8751599999999999,2018,2,58,23.1,4,3.8317782782222176,4.581446315496874
2018-02-28,26.2,20.4,12.3,19.73,88,0.88,3.72,0.65824,2018,2,59,23.299999999999997,4,3.777924573112408,4.4842701973107255
2018-03-01,25.4,20.8,16.8,15.78,89,0.98,3.01,0.73304,2018,3,60,23.1,5,3.114126383955841,3.5683723029881866
2018-03-02,25.6,21.0,13.2,17.27,89,0.95,3.23,0.7106,2018,3,61,23.3,5,3.366725828319634,3.9251569339866315
2018-03-03,26.3,20.7,6.9,20.36,88,0.95,3.88,0.7106,2018,3,62,23.5,5,3.8903607148220045,4.650864741947388
2018-03-04,25.7,20.9,17.2,16.37,90,0.93,3.11,0.69564,2018,3,63,23.299999999999997,5,3.211597673214956,3.720603301063182
2018-03-05,26.2,21.6,12.3,18.62,87,0.78,3.53,0.5834400000000001,2018,3,64,23.9,5,3.6509395313278,4.296231443157525
2018-03-06,26.7,20.8,5.8,20.82,88,1.0,3.91,0.748,2018,3,65,23.75,5,3.9833526995246085,4.785875736847301
2018-03-07,25.8,20.9,8.1,17.95,91,1.22,3.32,0.9125599999999999,2018,3,66,23.35,5,3.4368108408817255,4.084866919759893
2018-03-08,24.9,20.4,11.2,15.89,91,1.55,2.87,1.1594,2018,3,67,22.65,5,3.038902216678784,3.552184511866631
2018-03-09,26.5,21.0,0.4,22.62,88,1.83,4.17,1.36884,2018,3,68,23.75,5,4.21313066282312,5.199640209773581
2018-03-10,26.6,20.3,2.5,24.18,85,1.42,4.53,1.06216,2018,3,69,23.450000000000003,5,4.487252764557079,5.516522303491661
2018-03-11,26.2,20.6,2.6,20.3,86,1.0,3.83,0.748,2018,3,70,23.4,5,3.8727779655748535,4.625488741053499
2018-03-12,24.4,20.2,19.1,16.08,93,0.84,2.97,0.62832,2018,3,71,22.299999999999997,5,3.0573955503258476,3.562363809304997
2018-03-13,25.7,20.0,27.4,16.89,90,0.8,3.17,0.5984,2018,3,72,22.85,5,3.255953397439413,3.795126826279201
2018-03-14,23.6,20.5,13.1,9.46,97,1.2,1.76,0.8976,2018,3,73,22.05,5,1.9234826355702754,2.082205460216243
2018-03-15,24.2,20.7,5.5,13.62,94,0.91,2.46,0.6806800000000001,2018,3,74,22.45,5,2.658443326600755,3.0290963613805997
2018-03-16,25.1,20.6,15.0,18.12,91,0.95,3.36,0.7106,2018,3,75,22.85,6,3.424788871527213,4.071503735475377
2018-03-17,24.8,19.7,17.1,17.28,92,0.93,3.17,0.69564,2018,3,76,22.25,6,3.2358122410860664,3.8232558717901464
2018-03-18,25.7,19.9,4.2,20.95,83,0.91,3.93,0.6806800000000001,2018,3,77,22.799999999999997,6,3.9221182702756967,4.701380530053519
2018-03-19,26.3,20.2,0.6,24.08,83,1.32,4.47,0.98736,2018,3,78,23.25,6,4.449294640845784,5.466026792148788
2018-03-20,27.4,19.3,0.1,26.5,78,2.39,5.02,1.7877200000000002,2018,3,79,23.35,6,4.940724061020898,6.030583474854439
2018-03-21,27.3,20.9,0.0,21.27,82,1.85,4.18,1.3838000000000001,2018,3,80,24.1,6,4.145787546331153,4.932152384099477
2018-03-22,25.2,21.0,9.8,13.11,90,0.94,2.53,0.70312,2018,3,81,23.1,6,2.6516720121334423,2.9645982821403756
2018-03-23,26.0,20.7,3.3,21.14,85,1.36,3.91,1.01728,2018,3,82,23.35,6,3.9754673459394416,4.81081262861973
2018-03-24,25.5,20.2,2.5,20.4,87,1.25,3.7,0.935,2018,3,83,22.85,6,3.7868698125668048,4.583812152521947
2018-03-25,25.3,20.9,3.8,19.09,91,1.14,3.5,0.8527199999999999,2018,3,84,23.1,6,3.5637204505401376,4.31687118276581
2018-03-26,25.8,20.3,2.8,20.44,86,1.37,3.8,1.0247600000000001,2018,3,85,23.05,6,3.8178156835165087,4.616279041663629
2018-03-27,25.6,21.3,2.9,19.3,88,1.65,3.56,1.2342,2018,3,86,23.450000000000003,6,3.639405014889126,4.403179506095495
2018-03-28,25.9,21.4,3.2,20.77,90,2.03,3.78,1.5184399999999998,2018,3,87,23.65,6,3.817434336851026,4.762436333824041
2018-03-29,26.6,21.0,1.6,23.8,87,2.27,4.39,1.69796,2018,3,88,23.8,6,4.3426497558295845,5.477731109012552
2018-03-30,27.3,21.2,2.6,19.92,86,2.04,3.82,1.52592,2018,3,89,24.25,6,3.848198542640843,4.636311296038478
2018-03-31,26.2,20.6,17.5,18.06,89,0.83,3.41,0.62084,2018,3,90,23.4,6,3.4518322932551064,4.115089983420009
2018-04-01,26.8,20.9,4.9,21.05,86,1.09,3.94,0.81532,2018,4,91,23.85,7,3.9798445304657397,4.850854917000425
2018-04-02,27.1,21.1,1.7,20.91,84,0.99,3.93,0.74052,2018,4,92,24.1,7,3.9956850219694577,4.848674487612603
2018-04-03,24.9,21.2,1.3,18.78,88,1.17,3.39,0.8751599999999999,2018,4,93,23.049999999999997,7,3.5157890847037936,4.241375753544175
2018-04-04,26.0,20.3,5.4,19.76,84,1.77,3.64,1.32396,2018,4,94,23.15,7,3.7347388916669493,4.474056373836908
2018-04-05,26.7,20.7,2.9,21.41,86,1.92,3.96,1.4361599999999999,2018,4,95,23.7,7,3.9920572036129327,4.915341223661508
2018-04-06,26.3,20.5,6.8,19.29,85,1.19,3.62,0.8901199999999999,2018,4,96,23.4,7,3.656475454221078,4.395353586941971
2018-04-07,25.8,20.3,2.4,17.5,86,1.07,3.31,0.8003600000000001,2018,4,97,23.05,7,3.3368110075443473,3.952293700054476
2018-04-08,26.3,20.2,7.8,19.41,84,0.93,3.67,0.69564,2018,4,98,23.25,7,3.6578429959625156,4.405962626063454
2018-04-09,26.3,20.6,3.6,18.5,81,1.61,3.5,1.20428,2018,4,99,23.450000000000003,7,3.6118530013283308,4.220664293407598
2018-04-10,26.0,21.6,3.7,19.44,83,2.31,3.67,1.72788,2018,4,100,23.8,7,3.7697171221458867,4.474247594924538
2018-04-11,26.1,21.4,7.9,18.64,87,1.79,3.49,1.33892,2018,4,101,23.75,7,3.5416954762959403,4.284760986303252
2018-04-12,26.7,20.7,1.2,19.05,86,1.05,3.63,0.7854,2018,4,102,23.7,7,3.615648113218717,4.373528739409235
2018-04-13,26.4,21.5,0.6,20.43,88,2.5,3.69,1.87,2018,4,103,23.95,7,3.7783994229379743,4.7197342128269755
2018-04-14,27.4,21.3,2.2,21.51,88,1.55,4.04,1.1594,2018,4,104,24.35,7,4.0207558191568875,5.018763901753544
2018-04-15,25.8,21.5,3.7,17.71,89,2.04,3.27,1.52592,2018,4,105,23.65,7,3.331744069593999,4.060796700627047
2018-04-16,27.0,21.1,2.4,18.85,87,1.84,3.56,1.37632,2018,4,106,24.05,8,3.5893807361954653,4.365570747201697
2018-04-17,26.4,20.8,5.4,18.14,90,1.3,3.37,0.9724,2018,4,107,23.6,8,3.396969614734409,4.154177213074231
2018-04-18,26.8,21.5,0.9,21.35,85,2.05,4.0,1.5333999999999999,2018,4,108,24.15,8,3.999963689761228,4.956847725978694
2018-04-19,25.3,21.3,16.2,16.98,88,1.81,3.11,1.35388,2018,4,109,23.3,8,3.206952379052573,3.8592452078224087
2018-04-20,26.6,20.3,1.2,18.84,86,1.21,3.58,0.90508,2018,4,110,23.450000000000003,8,3.532094165975396,4.2982332587999545
2018-04-21,27.0,21.5,1.6,18.71,85,1.4,3.56,1.0472,2018,4,111,24.25,8,3.596988330234268,4.354687969321281
2018-04-22,26.4,21.8,1.6,17.64,86,1.92,3.34,1.4361599999999999,2018,4,112,24.1,8,3.4111563545714074,4.09041692785683
2018-04-23,26.1,21.7,3.2,19.24,85,2.31,3.61,1.72788,2018,4,113,23.9,8,3.6492245130516348,4.439285336538709
2018-04-24,26.0,21.7,0.0,20.46,85,2.26,3.78,1.6904799999999998,2018,4,114,23.85,8,3.81045127607119,4.7148927126759475
2018-04-25,26.8,21.0,0.0,22.6,83,1.89,4.28,1.4137199999999999,2018,4,115,23.9,8,4.160739933635281,5.214545145830293
2018-04-26,26.0,20.8,4.1,18.33,86,1.5,3.44,1.1219999999999999,2018,4,116,23.4,8,3.426553795178035,4.176611262241903
2018-04-27,26.3,20.1,4.3,19.16,83,1.42,3.55,1.06216,2018,4,117,23.200000000000003,8,3.5695400080885618,4.343708974568418
2018-04-28,25.5,20.1,0.4,19.31,86,2.55,3.48,1.9073999999999998,2018,4,118,22.8,8,3.503485243430219,4.333348832235487
2018-04-29,26.4,20.4,0.0,23.55,76,2.7,4.45,2.0196,2018,4,119,23.4,8,4.425420296324736,5.3660226527985175
2018-04-30,26.1,18.4,0.0,22.9,74,2.34,4.34,1.7503199999999999,2018,4,120,22.25,8,4.217799936772906,5.066699043055228
2018-05-01,25.9,19.8,0.0,20.64,76,2.39,3.94,1.7877200000000002,2018,5,121,22.85,9,3.941584676707066,4.637739354316323
2018-05-02,26.9,19.4,0.0,23.24,74,2.22,4.49,1.66056,2018,5,122,23.15,9,4.342811076674307,5.261997476111828
2018-05-03,26.2,18.9,0.0,20.66,72,2.34,4.04,1.7503199999999999,2018,5,123,22.549999999999997,9,4.005134053035442,4.606652478599206
2018-05-04,26.8,20.0,0.0,23.23,75,2.37,4.49,1.7727600000000001,2018,5,124,23.4,9,4.352590600013611,5.293108544565161
2018-05-05,27.6,20.4,2.3,20.94,81,1.64,4.0,1.22672,2018,5,125,24.0,9,3.919418217812165,4.843579292735704
2018-05-06,27.4,19.9,2.6,19.48,79,1.8,3.75,1.3464,2018,5,126,23.65,9,3.724701841985901,4.466647076691975
2018-05-07,27.3,20.8,0.0,22.62,78,2.36,4.33,1.76528,2018,5,127,24.05,9,4.262954734719232,5.238684896642036
2018-05-08,26.2,20.3,0.4,21.07,79,2.67,4.0,1.99716,2018,5,128,23.25,9,3.9546720148882364,4.782773443130189
2018-05-09,26.9,20.4,0.5,19.53,78,2.2,3.8,1.6456000000000002,2018,5,129,23.65,9,3.7784570787677185,4.478111776580815
2018-05-10,26.4,19.6,0.2,19.69,80,2.51,3.75,1.8774799999999998,2018,5,130,23.0,9,3.7055777803774452,4.441239847576563
2018-05-11,26.5,21.1,0.0,20.96,79,3.45,4.09,2.5806,2018,5,131,23.8,9,4.055875543995745,4.824085884239625
2018-05-12,26.5,20.6,0.0,19.87,83,3.09,3.79,2.31132,2018,5,132,23.55,9,3.7151428445509516,4.544645586806226
2018-05-13,26.0,21.0,0.2,18.0,85,2.9,3.43,2.1692,2018,5,133,23.5,9,3.38185214469482,4.111766471269794
2018-05-14,26.6,20.9,1.9,16.98,87,2.83,3.25,2.11684,2018,5,134,23.75,9,3.2016066646915573,3.903178194604571
2018-05-15,24.0,21.4,11.0,10.63,93,2.75,1.93,2.057,2018,5,135,22.7,9,2.0545557842537603,2.379370817423223
2018-05-16,25.9,21.1,6.7,14.05,91,3.33,2.59,2.49084,2018,5,136,23.5,10,2.6282134214541126,3.2094621622967
2018-05-17,23.9,20.8,2.4,13.53,92,3.51,2.38,2.62548,2018,5,137,22.35,10,2.420634541060777,3.0013175444760227
2018-05-18,24.6,20.6,4.1,13.8,93,2.93,2.5,2.19164,2018,5,138,22.6,10,2.4520335564687086,3.0810077815699657
2018-05-19,25.0,20.4,0.3,15.67,90,2.88,2.87,2.1542399999999997,2018,5,139,22.7,10,2.8102445941266305,3.5075014778007434
2018-05-20,26.3,20.4,2.6,17.18,87,2.31,3.23,1.72788,2018,5,140,23.35,10,3.1657520349393726,3.9096386452075196
2018-05-21,25.8,20.9,10.1,15.66,91,1.86,2.94,1.39128,2018,5,141,23.35,10,2.8553970386543885,3.5637334798573783
2018-05-22,25.9,21.1,7.2,16.18,89,1.79,3.03,1.33892,2018,5,142,23.5,10,2.981914677311571,3.6960211947302923
2018-05-23,26.1,21.2,2.7,16.15,92,2.15,2.96,1.6081999999999999,2018,5,143,23.65,10,2.908669339302749,3.7030980640952462
2018-05-24,25.5,21.2,7.7,14.87,90,2.45,2.75,1.8326000000000002,2018,5,144,23.35,10,2.7517792301373807,3.3839538215503966
2018-05-25,26.3,21.2,8.8,16.59,91,2.52,3.12,1.88496,2018,5,145,23.75,10,2.987275414467648,3.813529225470544
2018-05-26,24.9,20.9,14.8,12.57,96,2.77,2.27,2.07196,2018,5,146,22.9,10,2.1940164530178756,2.828046410444241
2018-05-27,24.3,20.5,4.3,14.62,93,3.34,2.52,2.49832,2018,5,147,22.4,10,2.5022835709797953,3.2473027059912893
2018-05-28,24.0,19.9,3.5,13.66,93,3.01,2.39,2.25148,2018,5,148,21.95,10,2.3622805069445016,2.998820420429274
2018-05-29,24.0,19.4,0.1,18.51,88,3.34,3.18,2.49832,2018,5,149,21.7,10,3.1027023987837556,4.0370340925860875
2018-05-30,25.2,19.7,0.4,17.09,88,2.2,3.11,1.6456000000000002,2018,5,150,22.45,10,3.0139453556077576,3.8008264916295484
2018-05-31,25.8,19.0,0.8,18.39,89,1.67,3.35,1.24916,2018,5,151,22.4,10,3.171533871070523,4.084671461229809
2018-06-01,25.2,19.2,0.0,16.47,86,1.95,3.03,1.4586,2018,6,152,22.2,11,2.953771205050697,3.639317526924857
2018-06-02,26.6,19.6,1.7,17.48,85,2.01,3.3,1.50348,2018,6,153,23.1,11,3.19494488972999,3.9527977095205014
2018-06-03,25.3,19.6,0.9,16.46,88,2.03,3.03,1.5184399999999998,2018,6,154,22.450000000000003,11,2.924362587439961,3.660714104869653
2018-06-04,25.8,19.6,1.4,13.93,88,0.96,2.64,0.7180799999999999,2018,6,155,22.700000000000003,11,2.586582420639182,3.1180277974323136
2018-06-05,27.6,19.7,1.2,19.45,81,1.35,3.72,1.0098,2018,6,156,23.65,11,3.5376901049435334,4.459768256758671
2018-06-06,25.3,20.4,2.9,14.41,93,1.37,2.61,1.0247600000000001,2018,6,157,22.85,11,2.589350866102839,3.237879074403984
2018-06-07,26.5,20.8,0.1,17.55,90,1.73,3.29,1.29404,2018,6,158,23.65,11,3.1353257440031532,4.02410966098276
2018-06-08,25.3,20.2,0.6,14.7,92,2.15,2.68,1.6081999999999999,2018,6,159,22.75,11,2.605906134093384,3.2946007003580697
2018-06-09,24.8,20.3,2.3,13.55,90,2.37,2.46,1.7727600000000001,2018,6,160,22.55,11,2.4895016912851555,3.0213040215401374
2018-06-10,25.4,20.2,7.2,16.25,91,2.69,2.88,2.01212,2018,6,161,22.799999999999997,11,2.8208740333671813,3.646655542404281
2018-06-11,24.5,20.7,22.4,11.93,97,2.93,1.99,2.19164,2018,6,162,22.6,11,2.0219746155233795,2.663508901023891
2018-06-12,23.2,19.4,6.6,10.7,94,2.97,1.9,2.22156,2018,6,163,21.299999999999997,11,1.9048276140754732,2.309157160255916
2018-06-13,23.6,18.9,0.0,17.18,88,2.77,3.0,2.07196,2018,6,164,21.25,11,2.883023452594599,3.7026819784091636
2018-06-14,24.1,19.0,0.8,17.77,88,2.56,3.12,1.9148800000000001,2018,6,165,21.55,11,2.9839374668652185,3.8603691433270932
2018-06-15,24.1,19.2,0.1,18.09,88,2.52,3.19,1.88496,2018,6,166,21.65,11,3.030823394618206,3.940249593783334
2018-06-16,24.6,19.2,2.3,16.55,88,1.76,3.02,1.31648,2018,6,167,21.9,12,2.86851664617018,3.6285272303776646
2018-06-17,25.6,19.4,1.0,17.5,85,1.66,3.21,1.24168,2018,6,168,22.5,12,3.100421063315275,3.897031717041801
2018-06-18,25.6,18.5,1.0,18.14,84,1.41,3.31,1.0546799999999998,2018,6,169,22.05,12,3.150694753481685,3.992728017793091
2018-06-19,23.2,19.8,27.0,8.86,96,2.39,1.48,1.7877200000000002,2018,6,170,21.5,12,1.6370905430588105,1.9222160535229365
2018-06-20,23.5,20.4,8.3,10.44,98,3.03,1.71,2.26644,2018,6,171,21.95,12,1.7457918399869694,2.2919242451889907
2018-06-21,22.7,20.4,20.6,8.78,96,2.88,1.58,2.1542399999999997,2018,6,172,21.549999999999997,12,1.6075400508433593,1.9073742869111916
2018-06-22,23.6,20.3,11.2,13.27,96,3.12,2.25,2.3337600000000003,2018,6,173,21.950000000000003,12,2.167618056992954,2.913202560695202
2018-06-23,24.2,20.0,14.6,15.13,94,2.8,2.61,2.0944,2018,6,174,22.1,12,2.5050958707788507,3.3345458154608347
2018-06-24,23.7,20.0,8.9,13.43,95,2.87,2.28,2.14676,2018,6,175,21.85,12,2.2351116026508833,2.940629711122442
2018-06-25,22.3,19.9,8.8,12.07,96,3.4,1.91,2.5432,2018,6,176,21.1,12,1.9495093149522156,2.5909967067366564
2018-06-26,22.4,19.5,6.0,12.32,96,3.0,1.95,2.2439999999999998,2018,6,177,20.95,12,1.996002055417072,2.634087401792022
2018-06-27,22.3,19.7,4.9,14.22,94,2.92,2.31,2.18416,2018,6,178,21.0,12,2.3008157141250316,3.044386793526843
2018-06-28,22.1,19.4,9.3,15.86,94,3.32,2.49,2.48336,2018,6,179,20.75,12,2.447070600273314,3.372813837036403
2018-06-29,22.6,19.6,7.7,12.91,95,3.05,2.11,2.2813999999999997,2018,6,180,21.1,12,2.110897700021309,2.771314621704245
2018-06-30,22.4,19.3,10.8,12.65,97,3.11,2.0,2.3262799999999997,2018,6,181,20.85,12,1.9851549558720911,2.697405939053049
2018-07-01,24.2,18.8,1.1,19.12,91,2.95,3.25,2.2066000000000003,2018,7,182,21.5,13,3.0369099009639724,4.14816827803144
2018-07-02,24.4,19.5,0.6,17.88,88,2.51,3.14,1.8774799999999998,2018,7,183,21.95,13,3.0372695257107005,3.9252495693466627
2018-07-03,23.8,19.7,6.6,14.37,93,2.68,2.44,2.00464,2018,7,184,21.75,13,2.4285759102047697,3.1382165108155005
2018-07-04,23.1,18.9,4.2,17.71,91,3.45,2.9,2.5806,2018,7,185,21.0,13,2.7973215845215327,3.7915675185204214
2018-07-05,22.7,17.8,7.5,17.4,88,3.46,2.93,2.58808,2018,7,186,20.25,13,2.8124524598600473,3.6505754280947187
2018-07-06,21.9,18.1,2.8,13.54,90,2.93,2.29,2.19164,2018,7,187,20.0,13,2.2991751831885945,2.821396955620188
2018-07-07,22.2,18.6,1.5,12.94,90,2.73,2.22,2.04204,2018,7,188,20.4,13,2.261932116886487,2.725946140480591
2018-07-08,23.7,18.4,1.5,14.18,89,2.72,2.43,2.03456,2018,7,189,21.049999999999997,13,2.492528472376396,3.0398804357085054
2018-07-09,23.4,19.0,0.8,17.66,89,2.71,3.0,2.0270799999999998,2018,7,190,21.2,13,2.9150651974339272,3.8010779765689238
2018-07-10,21.6,18.4,8.7,14.47,94,3.07,2.28,2.29636,2018,7,191,20.0,13,2.2611776605301497,3.0151856682292557
2018-07-11,22.7,18.3,3.1,15.41,90,2.63,2.6,1.9672399999999999,2018,7,192,20.5,13,2.564498268180558,3.2550864071890113
2018-07-12,23.2,18.4,15.6,15.31,96,2.7,2.47,2.0196,2018,7,193,20.799999999999997,13,2.3866767788921184,3.260228509468206
2018-07-13,21.9,18.3,6.5,15.34,95,3.01,2.45,2.25148,2018,7,194,20.1,13,2.3422990877657095,3.2052342392526243
2018-07-14,21.3,17.9,5.2,12.31,93,2.86,2.02,2.13928,2018,7,195,19.6,13,2.0430160289476365,2.5369826201258725
2018-07-15,20.2,17.6,13.6,10.13,96,2.35,1.67,1.7578,2018,7,196,18.9,13,1.6867703546395965,2.047260248878407
2018-07-16,22.3,17.8,1.5,13.23,92,2.8,2.18,2.0944,2018,7,197,20.05,14,2.218942957865713,2.7605790921215285
2018-07-17,23.2,18.4,2.8,13.81,93,2.59,2.33,1.93732,2018,7,198,20.799999999999997,14,2.3177423459590174,2.940807035647023
2018-07-18,22.7,19.3,9.1,12.77,95,2.38,2.19,1.7802399999999998,2018,7,199,21.0,14,2.1530209413479326,2.7339535410223474
2018-07-19,23.6,18.5,3.8,15.02,92,2.88,2.58,2.1542399999999997,2018,7,200,21.05,14,2.5073328784624924,3.21995797914963
2018-07-20,25.6,18.6,3.9,17.05,91,2.07,3.07,1.54836,2018,7,201,22.1,14,2.9258069677670946,3.7577003406217604
2018-07-21,24.1,19.6,9.5,11.39,94,2.22,2.07,1.66056,2018,7,202,21.85,14,2.0737567911758896,2.4939517803190334
2018-07-22,23.0,19.8,6.7,9.49,98,1.65,1.65,1.2342,2018,7,203,21.4,14,1.7300266908602755,2.053462239665599
2018-07-23,23.4,19.0,8.0,14.64,92,3.08,2.51,2.30384,2018,7,204,21.2,14,2.4725873629358435,3.1510635094546458
2018-07-24,23.7,17.3,0.0,21.02,81,2.84,3.73,2.12432,2018,7,205,20.5,14,3.527766567846165,4.440098395789294
2018-07-25,22.9,16.2,0.6,17.02,83,2.76,3.03,2.0644799999999996,2018,7,206,19.549999999999997,14,2.927835051647015,3.5028155008443815
2018-07-26,24.2,18.8,3.3,15.78,92,2.39,2.77,1.7877200000000002,2018,7,207,21.5,14,2.6783359786576426,3.4235405558230183
2018-07-27,21.9,19.4,7.0,10.28,96,2.44,1.79,1.8251199999999999,2018,7,208,20.65,14,1.8046053839033025,2.1802825809113355
2018-07-28,21.3,19.4,15.5,7.84,98,2.46,1.33,1.84008,2018,7,209,20.35,14,1.4243989421335366,1.649337365958849
2018-07-29,23.3,18.5,6.3,13.94,95,2.57,2.35,1.9223599999999998,2018,7,210,20.9,14,2.305684611255421,2.976464894923845
2018-07-30,23.9,19.4,9.7,16.25,94,2.42,2.82,1.81016,2018,7,211,21.65,14,2.7001454911420044,3.5394724101149353
2018-07-31,23.7,19.3,13.3,15.56,97,2.28,2.54,1.7054399999999998,2018,7,212,21.5,14,2.5296591970077396,3.3758105860967156
2018-08-01,22.7,18.6,7.8,14.37,97,2.2,2.36,1.6456000000000002,2018,8,213,20.65,15,2.3237329780667118,3.047729638880923
2018-08-02,21.6,16.9,10.2,17.71,90,2.32,2.85,1.7353599999999998,2018,8,214,19.25,15,2.799652516967089,3.61451025741457
2018-08-03,20.0,16.3,12.8,14.95,93,2.41,2.33,1.80268,2018,8,215,18.15,15,2.3112346159135444,2.957512718748799
2018-08-04,20.5,16.7,14.4,13.94,96,2.29,2.2,1.71292,2018,8,216,18.6,15,2.1575268212749057,2.7934268036290946
2018-08-05,19.6,16.9,26.9,10.49,98,2.33,1.64,1.74284,2018,8,217,18.25,15,1.6774679720176173,2.08117575738839
2018-08-06,20.8,16.9,10.8,15.57,95,2.86,2.43,2.13928,2018,8,218,18.85,15,2.3470601834570917,3.1422403516810298
2018-08-07,22.7,18.1,30.5,16.56,93,2.58,2.8,1.92984,2018,8,219,20.4,15,2.6776442101362345,3.4885369463955636
2018-08-08,23.9,18.5,3.6,17.19,92,2.48,2.93,1.85504,2018,8,220,21.2,15,2.8672582240295927,3.699916784667033
2018-08-09,24.3,18.4,1.3,18.75,88,1.64,3.31,1.22672,2018,8,221,21.35,15,3.222235932389617,4.051788221136346
2018-08-10,23.3,18.7,11.3,15.44,91,2.55,2.63,1.9073999999999998,2018,8,222,21.0,15,2.6597831617198358,3.3055789094271772
2018-08-11,20.8,19.0,36.5,8.84,99,3.1,1.43,2.3188,2018,8,223,19.9,15,1.4683675377452388,1.8369861014960103
2018-08-12,23.7,18.3,2.7,16.22,94,3.22,2.73,2.40856,2018,8,224,21.0,15,2.6221317860472744,3.4725705900847674
2018-08-13,23.7,18.8,1.9,17.34,92,2.63,2.95,1.9672399999999999,2018,8,225,21.25,15,2.8962312984562484,3.7371656289647794
2018-08-14,24.0,18.7,0.1,19.78,87,2.43,3.43,1.8176400000000001,2018,8,226,21.35,15,3.3751766973359416,4.274366454084102
2018-08-15,22.7,18.3,0.1,19.87,87,2.72,3.32,2.03456,2018,8,227,20.5,15,3.2916652702598266,4.197181499730412
2018-08-16,21.8,18.0,1.7,18.83,88,2.42,3.09,1.81016,2018,8,228,19.9,16,3.090034177983432,3.91294663927261
2018-08-17,20.8,17.7,16.3,12.78,97,1.81,2.08,1.35388,2018,8,229,19.25,16,2.11357059015237,2.6083253015109094
2018-08-18,22.3,18.1,9.2,15.3,97,2.68,2.41,2.00464,2018,8,230,20.200000000000003,16,2.404582297964774,3.2056175451325317
2018-08-19,24.3,18.2,3.1,18.8,91,1.86,3.31,1.39128,2018,8,231,21.25,16,3.1918535457727844,4.051828940284766
2018-08-20,23.8,18.7,4.2,17.82,93,1.58,3.14,1.18184,2018,8,232,21.25,16,3.043693532275354,3.8406165806316244
2018-08-21,23.8,18.6,2.0,18.14,91,2.21,3.15,1.6530799999999999,2018,8,233,21.200000000000003,16,3.079515556348353,3.9043915342559616
2018-08-22,24.3,18.0,0.0,19.92,82,2.5,3.53,1.87,2018,8,234,21.15,16,3.548575499261518,4.281811330961221
2018-08-23,24.1,18.7,0.3,22.59,85,2.92,3.91,2.18416,2018,8,235,21.4,16,3.819841576313013,4.888062380826752
2018-08-24,24.0,17.9,0.1,21.93,85,2.81,3.74,2.10188,2018,8,236,20.95,16,3.6963267301635865,4.688761097508039
2018-08-25,24.6,17.7,1.5,20.32,87,2.12,3.56,1.58576,2018,8,237,21.15,16,3.4856113674843705,4.367791478169278
2018-08-26,23.5,18.5,4.7,16.32,94,2.39,2.77,1.7877200000000002,2018,8,238,21.0,16,2.743238973368546,3.4939797799126637
2018-08-27,24.0,18.7,3.9,15.02,94,1.98,2.69,1.48104,2018,8,239,21.35,16,2.6337088232585133,3.245752484344955
2018-08-28,22.9,19.3,7.0,14.76,94,1.73,2.57,1.29404,2018,8,240,21.1,16,2.5993137263723245,3.1684433630019098
2018-08-29,22.8,19.3,12.2,13.45,97,1.33,2.31,0.9948400000000001,2018,8,241,21.05,16,2.397058179660246,2.883384475337052
2018-08-30,23.1,19.2,13.3,15.66,95,2.02,2.71,1.51096,2018,8,242,21.15,16,2.683233227884867,3.3661227631954174
2018-08-31,23.3,19.5,16.5,13.08,97,2.58,2.26,1.92984,2018,8,243,21.4,16,2.2415520100037756,2.830272507357854
2018-09-01,22.0,19.6,20.0,10.34,98,2.51,1.76,1.8774799999999998,2018,9,244,20.8,17,1.8175602401134368,2.20187869287402
2018-09-02,22.4,18.0,6.7,16.77,95,2.62,2.76,1.9597600000000002,2018,9,245,20.2,17,2.7030038433847863,3.513608250449187
2018-09-03,22.1,16.8,3.9,15.77,92,1.7,2.7,1.2716,2018,9,246,19.450000000000003,17,2.678006008577329,3.2365595341675184
2018-09-04,22.2,16.5,2.5,15.07,92,2.17,2.55,1.62316,2018,9,247,19.35,17,2.553809779524645,3.084297266564933
2018-09-05,22.5,18.7,9.3,14.86,98,2.4,2.41,1.7952,2018,9,248,20.6,17,2.425533955883655,3.147404929797833
2018-09-06,23.1,18.6,6.0,16.57,96,2.2,2.81,1.6456000000000002,2018,9,249,20.85,17,2.7580851367843264,3.5332819296528872
2018-09-07,23.7,19.4,13.9,17.76,95,2.49,3.04,1.8625200000000002,2018,9,250,21.549999999999997,17,2.9751616214188177,3.858196735255441
2018-09-08,23.3,19.2,4.3,17.64,92,3.0,2.94,2.2439999999999998,2018,9,251,21.25,17,2.9879130061505017,3.8018224737565576
2018-09-09,25.0,19.1,1.6,22.37,88,2.48,3.89,1.85504,2018,9,252,22.05,17,3.8659330422317124,4.923777605183653
2018-09-10,24.9,19.7,10.7,19.77,92,2.18,3.5,1.63064,2018,9,253,22.299999999999997,17,3.4499343236317537,4.379846549126853
2018-09-11,24.5,19.4,1.1,21.77,87,2.61,3.77,1.9522799999999998,2018,9,254,21.95,17,3.7986210946554597,4.779232836950607
2018-09-12,22.7,17.5,0.2,20.58,86,1.34,3.57,1.00232,2018,9,255,20.1,17,3.5185982573793178,4.30011216713292
2018-09-13,24.0,16.9,0.0,24.79,85,1.64,4.3,1.22672,2018,9,256,20.45,17,4.136328598665105,5.229357540549677
2018-09-14,23.1,17.8,0.2,20.76,86,2.04,3.6,1.52592,2018,9,257,20.450000000000003,17,3.5608550304502926,4.3792441525539045
2018-09-15,22.8,17.4,2.6,19.8,91,1.83,3.34,1.36884,2018,9,258,20.1,17,3.3095394905237554,4.137134154967534
2018-09-16,23.3,18.5,4.8,19.31,92,2.19,3.3,1.63812,2018,9,259,20.9,18,3.2644720564519103,4.123065790601108
2018-09-17,24.0,19.1,6.7,18.81,95,2.15,3.25,1.6081999999999999,2018,9,260,21.55,18,3.187576407638232,4.086299582778988
2018-09-18,25.1,19.2,11.2,18.33,92,1.82,3.32,1.3613600000000001,2018,9,261,22.15,18,3.284898869205019,4.0450589982642375
2018-09-19,24.7,19.6,7.9,17.29,93,1.56,3.12,1.1668800000000001,2018,9,262,22.15,18,3.135299287916989,3.8155521047457
2018-09-20,25.0,19.8,2.4,14.7,93,1.47,2.73,1.0995599999999999,2018,9,263,22.4,18,2.7778140183685833,3.2650718042456877
2018-09-21,25.7,18.9,0.0,24.52,77,2.44,4.59,1.8251199999999999,2018,9,264,22.299999999999997,18,4.525021583254834,5.432161729114337
2018-09-22,26.1,18.5,0.0,25.48,76,2.0,4.73,1.496,2018,9,265,22.3,18,4.65451265789496,5.644840165490755
2018-09-23,24.8,19.0,8.2,19.3,89,2.36,3.39,1.76528,2018,9,266,21.9,18,3.4479687859434804,4.231454715787851
2018-09-24,25.4,19.7,8.3,22.44,89,2.46,4.05,1.84008,2018,9,267,22.549999999999997,18,3.950054447347726,5.003547029030309
2018-09-25,25.7,19.2,0.7,21.4,84,2.26,3.89,1.6904799999999998,2018,9,268,22.45,18,3.9416887328066568,4.759373137558358
2018-09-26,26.2,18.3,0.0,26.94,68,2.21,5.17,1.6530799999999999,2018,9,269,22.25,18,5.04556909794774,5.960562105672833
2018-09-27,25.9,17.0,0.0,26.55,71,2.09,5.02,1.5633199999999998,2018,9,270,21.45,18,4.822127221464802,5.752536342914413
2018-09-28,24.4,17.8,1.1,21.19,85,1.91,3.77,1.42868,2018,9,271,21.1,18,3.7549133130645136,4.548734069241902
2018-09-29,25.0,19.3,5.5,20.61,89,1.42,3.78,1.06216,2018,9,272,22.15,18,3.7277495177293347,4.548208726362573
2018-09-30,26.9,19.7,3.3,22.42,82,1.8,4.19,1.3464,2018,9,273,23.299999999999997,18,4.237398635015065,5.09565827793748
2018-10-01,26.5,20.3,1.1,23.33,83,2.4,4.34,1.7952,2018,10,274,23.4,19,4.362648933775214,5.315894203388085
2018-10-02,26.2,19.9,3.0,22.09,85,2.32,4.11,1.7353599999999998,2018,10,275,23.049999999999997,19,4.093963634926238,4.988923876240193
2018-10-03,26.2,19.5,0.0,24.88,84,2.89,4.56,2.1617200000000003,2018,10,276,22.85,19,4.482031161540908,5.590453252683631
2018-10-04,25.6,17.9,1.3,22.41,78,1.59,4.23,1.1893200000000002,2018,10,277,21.75,19,4.133910332721179,4.894045372816657
2018-10-05,26.6,18.6,1.6,22.94,84,1.38,4.23,1.0322399999999998,2018,10,278,22.6,19,4.216254485333306,5.12161728327645
2018-10-06,26.8,19.6,4.0,22.68,87,2.08,4.2,1.5558400000000001,2018,10,279,23.200000000000003,19,4.167531072942178,5.141718138998525
2018-10-07,26.8,20.5,1.8,23.13,87,2.35,4.26,1.7578,2018,10,280,23.65,19,4.270151591123904,5.303570168577278
2018-10-08,25.4,20.3,1.4,22.96,89,2.52,4.09,1.88496,2018,10,281,22.85,19,4.0790962172015535,5.159035638328623
2018-10-09,27.1,19.6,0.0,25.36,79,2.21,4.77,1.6530799999999999,2018,10,282,23.35,19,4.766959014245627,5.771154600841833
2018-10-10,26.3,18.4,1.2,22.56,85,1.81,4.15,1.35388,2018,10,283,22.35,19,4.116321430744523,5.004414176155142
2018-10-11,26.8,20.4,0.8,22.67,85,2.11,4.23,1.57828,2018,10,284,23.6,19,4.261084593933725,5.191576484034885
2018-10-12,27.1,19.8,0.1,24.88,82,2.16,4.68,1.61568,2018,10,285,23.450000000000003,19,4.644089290216306,5.67622311459357
2018-10-13,25.0,18.5,2.7,18.66,87,1.79,3.37,1.33892,2018,10,286,21.75,19,3.4498196992014436,4.075095343898208
2018-10-14,25.7,19.8,4.8,21.69,89,1.68,3.94,1.25664,2018,10,287,22.75,19,3.957452463644955,4.8612169517528265
2018-10-15,25.4,20.0,5.4,20.95,90,2.32,3.79,1.7353599999999998,2018,10,288,22.7,19,3.771247432362998,4.689352645815289
2018-10-16,24.2,19.8,5.3,19.64,93,2.31,3.46,1.72788,2018,10,289,22.0,20,3.4280799157620905,4.317257259101818
2018-10-17,24.7,19.2,5.2,17.96,94,1.74,3.27,1.30152,2018,10,290,21.95,20,3.221903579787725,3.942812207240831
2018-10-18,23.5,18.9,2.7,14.95,91,1.83,2.69,1.36884,2018,10,291,21.2,20,2.784152904374369,3.2177868487941907
2018-10-19,24.2,18.5,3.6,20.03,89,2.02,3.55,1.51096,2018,10,292,21.35,20,3.553490490323282,4.328390297032587
2018-10-20,24.7,19.2,11.9,18.15,95,2.25,3.08,1.683,2018,10,293,21.95,20,3.1675971075853124,3.984523472239481
2018-10-21,24.8,19.4,6.9,19.79,94,2.07,3.51,1.54836,2018,10,294,22.1,20,3.468171952643005,4.361577110903497
2018-10-22,25.0,20.1,11.6,14.72,95,2.04,2.64,1.52592,2018,10,295,22.55,20,2.734395237396467,3.282184147385301
2018-10-23,25.6,20.2,1.6,17.26,93,1.71,3.24,1.27908,2018,10,296,22.9,20,3.224981409652382,3.8832204490268576
2018-10-24,26.5,20.1,2.5,23.64,91,1.79,4.36,1.33892,2018,10,297,23.3,20,4.279735057097782,5.372942091455934
2018-10-25,25.9,19.6,4.0,20.2,92,1.82,3.68,1.3613600000000001,2018,10,298,22.75,20,3.6729815223319378,4.527274431784559
2018-10-26,24.6,19.4,4.7,19.77,90,2.1,3.53,1.5708,2018,10,299,22.0,20,3.5538160600591757,4.345833809187522
2018-10-27,25.0,19.0,7.0,17.49,92,1.98,3.13,1.48104,2018,10,300,22.0,20,3.18730851118436,3.844645084607474
2018-10-28,24.2,19.5,9.4,18.54,94,1.69,3.26,1.26412,2018,10,301,21.85,20,3.309464901047891,4.059514135830981
2018-10-29,25.3,19.0,2.3,22.58,90,1.76,4.13,1.31648,2018,10,302,22.15,20,4.01300102881047,4.982947745815958
2018-10-30,26.6,18.7,0.7,24.03,86,2.19,4.46,1.63812,2018,10,303,22.65,20,4.347197891829109,5.371868711148844
2018-10-31,25.8,18.3,0.0,24.96,80,2.33,4.65,1.74284,2018,10,304,22.05,20,4.54564267459274,5.493852884460615
2018-11-01,26.4,20.2,2.0,21.9,87,1.61,4.11,1.20428,2018,11,305,23.299999999999997,21,4.1024055395909675,4.977471734470598
2018-11-02,26.0,19.8,5.0,20.06,89,2.0,3.68,1.496,2018,11,306,22.9,21,3.722942735711473,4.513175098926927
2018-11-03,26.2,21.2,3.4,22.45,88,2.67,4.14,1.99716,2018,11,307,23.7,21,4.1469878599043435,5.1541060472303055
2018-11-04,26.2,21.2,7.0,17.24,96,2.23,3.05,1.66804,2018,11,308,23.7,21,3.1618669431155766,3.9579861137750765
2018-11-05,26.1,20.8,6.0,18.66,93,2.07,3.4,1.54836,2018,11,309,23.450000000000003,21,3.4581620956545125,4.257167335945178
2018-11-06,26.5,21.1,7.2,17.84,95,1.9,3.26,1.4212,2018,11,310,23.8,21,3.3315077190385143,4.105996764066551
2018-11-07,24.9,21.2,21.5,11.89,97,1.78,2.22,1.33144,2018,11,311,23.049999999999997,21,2.308738297975417,2.6853012624941557
2018-11-08,25.1,20.8,33.0,13.51,96,1.32,2.5,0.98736,2018,11,312,22.950000000000003,21,2.6247627485496228,3.0434106698920447
2018-11-09,25.7,20.6,13.2,16.05,96,1.94,2.82,1.45112,2018,11,313,23.15,21,2.969418277494504,3.63403870445761
2018-11-10,26.1,20.9,4.6,17.07,92,1.55,3.24,1.1594,2018,11,314,23.5,21,3.2827309673133556,3.899325203587521
2018-11-11,26.3,20.9,9.4,19.43,94,1.48,3.61,1.10704,2018,11,315,23.6,21,3.637535719060651,4.449595548513357
2018-11-12,26.0,20.9,18.2,15.7,95,1.91,2.82,1.42868,2018,11,316,23.45,21,2.966730287182128,3.581861048999962
2018-11-13,26.2,21.0,10.8,17.25,94,2.21,3.09,1.6530799999999999,2018,11,317,23.6,21,3.215700152146311,3.9503614622673906
2018-11-14,25.6,21.1,5.1,19.04,95,2.12,3.44,1.58576,2018,11,318,23.35,21,3.44785003796777,4.332917334385982
2018-11-15,27.0,21.2,13.3,15.68,95,1.95,2.92,1.4586,2018,11,319,24.1,21,3.0106690103923155,3.6359261580949602
2018-11-16,27.1,20.9,3.7,22.11,93,1.74,3.99,1.30152,2018,11,320,24.0,22,4.093898960693434,5.114209081298301
2018-11-17,26.5,22.2,3.0,22.52,85,1.03,4.21,0.77044,2018,11,321,24.35,22,4.350080359240497,5.254419482449548
2018-11-18,26.6,21.3,2.9,19.75,91,1.25,3.73,0.935,2018,11,322,23.950000000000003,22,3.7909235003087463,4.562640758851335
2018-11-19,27.9,21.0,0.2,26.68,86,2.1,4.97,1.5708,2018,11,323,24.45,22,4.977642092176319,6.240405898643164
2018-11-20,26.4,21.2,0.3,24.61,85,2.46,4.56,1.84008,2018,11,324,23.799999999999997,22,4.575385101209775,5.664158092134407
2018-11-21,26.0,21.0,1.7,23.13,89,1.92,4.22,1.4361599999999999,2018,11,325,23.5,22,4.2510254667419405,5.283619915581685
2018-11-22,25.1,20.8,3.8,17.53,95,1.61,3.09,1.20428,2018,11,326,22.950000000000003,22,3.242524870844149,3.948999929178945
2018-11-23,25.1,19.8,8.3,20.27,92,1.49,3.63,1.11452,2018,11,327,22.450000000000003,22,3.6893916955952553,4.508060443846165
2018-11-24,24.6,20.2,31.7,18.23,96,1.61,3.19,1.20428,2018,11,328,22.4,22,3.284229657986804,4.049133264721013
2018-11-25,24.8,20.1,38.8,15.45,94,1.58,2.85,1.18184,2018,11,329,22.450000000000003,22,2.9068043612823367,3.436089484826011
2018-11-26,24.9,19.7,35.6,12.59,95,1.12,2.37,0.8377600000000001,2018,11,330,22.299999999999997,22,2.4772332156725145,2.789189077061562
2018-11-27,24.7,20.7,18.7,13.37,95,1.08,2.49,0.80784,2018,11,331,22.7,22,2.625501485664259,2.9926799462792557
2018-11-28,24.8,20.7,16.4,15.4,95,1.01,2.83,0.75548,2018,11,332,22.75,22,2.9602312144289202,3.4514864479941685
2018-11-29,24.1,20.7,14.8,11.97,97,1.29,2.22,0.96492,2018,11,333,22.4,22,2.334555524803929,2.658701326314346
2018-11-30,24.9,20.9,16.3,13.32,95,1.31,2.5,0.9798800000000001,2018,11,334,22.9,22,2.6093333949205153,2.9967842630960453
2018-12-01,24.3,20.9,4.5,14.65,96,1.19,2.66,0.8901199999999999,2018,12,335,22.6,23,2.7955086910342217,3.2707800000000002
2018-12-02,25.5,20.3,7.1,18.8,93,1.71,3.45,1.27908,2018,12,336,22.9,23,3.4643680967443156,4.229695506471895
2018-12-03,24.6,20.9,9.7,13.46,94,2.07,2.43,1.54836,2018,12,337,22.75,23,2.5865388458685317,3.0166888045455527
2018-12-04,25.3,20.9,11.4,17.22,95,2.13,3.02,1.59324,2018,12,338,23.1,23,3.146138584759368,3.8940032355802643
2018-12-05,25.3,21.1,11.9,14.86,95,1.41,2.7,1.0546799999999998,2018,12,339,23.200000000000003,23,2.8634233815410672,3.368868233929368
2018-12-06,26.0,21.1,16.0,17.76,94,1.84,3.21,1.37632,2018,12,340,23.55,23,3.325196692139587,4.062048596964196
2018-12-07,26.5,21.4,30.1,17.69,96,1.94,3.25,1.45112,2018,12,341,23.95,23,3.290032186367436,4.086740001219246
2018-12-08,25.8,21.2,10.7,17.29,97,1.66,3.12,1.24168,2018,12,342,23.5,23,3.2031965520372903,3.949580127125263
2018-12-09,26.0,21.6,12.9,16.82,94,1.43,3.17,1.06964,2018,12,343,23.8,23,3.2377855994786713,3.871236859394585
2018-12-10,27.1,21.3,4.5,18.11,91,1.34,3.45,1.00232,2018,12,344,24.200000000000003,23,3.5410934502599227,4.209826853157904
2018-12-11,26.5,21.5,4.8,17.92,93,2.17,3.34,1.62316,2018,12,345,24.0,23,3.3836927254437024,4.145030607727977
2018-12-12,26.3,22.1,4.6,16.68,93,1.79,3.12,1.33892,2018,12,346,24.200000000000003,23,3.2354718145927266,3.877410928253663
2018-12-13,26.0,21.7,17.3,16.57,92,1.43,3.11,1.06964,2018,12,347,23.85,23,3.236540087379094,3.818463941790833
2018-12-14,27.5,21.8,5.4,20.63,87,2.2,3.99,1.6456000000000002,2018,12,348,24.65,23,4.030959637328322,4.8490903404030465
2018-12-15,26.2,21.5,19.4,15.95,94,2.79,2.91,2.08692,2018,12,349,23.85,23,2.987387031963148,3.6755884050430776
2018-12-16,24.8,21.2,2.2,16.46,90,2.62,2.98,1.9597600000000002,2018,12,350,23.0,24,3.1402316494288685,3.712687043733379
2018-12-17,24.7,21.0,6.1,19.48,91,2.56,3.37,1.9148800000000001,2018,12,351,22.85,24,3.5321284795826293,4.377091212310174
2018-12-18,25.1,21.0,12.2,18.14,91,1.72,3.29,1.28656,2018,12,352,23.05,24,3.41397732691634,4.096834726799326
2018-12-19,24.2,20.8,9.1,14.83,93,1.68,2.72,1.25664,2018,12,353,22.5,24,2.826525810971031,3.3024560207845663
2018-12-20,24.5,20.5,28.6,15.49,93,1.35,2.77,1.0098,2018,12,354,22.5,24,2.952771312533436,3.449429788398714
2018-12-21,26.8,20.9,6.6,16.92,92,1.1,3.19,0.8228000000000001,2018,12,355,23.85,24,3.320974765588045,3.8991194867290826
2018-12-22,24.7,21.2,23.6,14.16,96,2.11,2.57,1.57828,2018,12,356,22.95,24,2.644998024288462,3.1898367939060956
2018-12-23,24.0,21.1,18.9,12.11,99,2.07,2.13,1.54836,2018,12,357,22.55,24,2.229415276034664,2.7002207897307056
2018-12-24,22.0,20.5,25.4,6.55,99,2.53,1.19,1.89244,2018,12,358,21.25,24,1.3260268987856494,1.4116744446204903
2018-12-25,26.2,20.2,11.3,18.75,89,1.75,3.52,1.309,2018,12,359,23.2,24,3.5674525553911796,4.25075904348423
2018-12-26,25.8,20.8,4.9,18.84,89,1.63,3.49,1.2192399999999999,2018,12,360,23.3,24,3.5924094580681274,4.28198938253087
2018-12-27,25.7,20.8,6.3,18.07,93,2.54,3.25,1.89992,2018,12,361,23.25,24,3.3071781621994023,4.101790038792716
2018-12-28,25.2,21.4,1.6,13.92,94,3.92,2.42,2.93216,2018,12,362,23.299999999999997,24,2.5789548655120558,3.1637628558826814
2018-12-29,26.0,20.9,6.3,15.61,89,2.79,2.99,2.08692,2018,12,363,23.45,24,3.0917941123771553,3.5613280875725737
2018-12-30,24.6,21.0,27.4,13.7,95,2.3,2.53,1.7204,2018,12,364,22.8,24,2.5800784656302524,3.074411134211609
2018-12-31,27.0,20.2,7.9,17.27,89,1.36,3.36,1.01728,2018,12,365,23.6,24,3.3913990708095287,3.954941591499005
2019-01-01,25.5,20.9,25.0,14.86,93,0.97,2.79,0.72556,2019,1,1,23.2,1,2.9334230061826374,3.368868233929368
2019-01-02,26.0,21.0,5.0,16.37,88,1.96,3.14,1.46608,2019,1,2,23.5,1,3.2480338493413763,3.7394231741492514
2019-01-03,25.1,20.6,19.4,8.8,92,1.72,1.83,1.28656,2019,1,3,22.85,1,1.9563978036539185,1.977330732460448
2019-01-04,25.8,20.2,3.7,17.1,87,1.4,3.36,1.0472,2019,1,4,23.0,1,3.344184540595005,3.857044255640388
2019-01-05,27.2,20.8,0.1,20.53,84,1.13,4.04,0.8452399999999999,2019,1,5,24.0,1,4.013579697733841,4.748743212983
2019-01-06,26.1,21.2,18.7,16.35,89,0.87,3.09,0.65076,2019,1,6,23.65,1,3.255650819870113,3.7489568636506054
2019-01-07,27.1,21.2,5.4,21.24,86,1.11,3.94,0.83028,2019,1,7,24.15,1,4.120911586603915,4.931308932074353
2019-01-08,25.7,21.2,2.9,20.66,89,1.18,3.8,0.88264,2019,1,8,23.45,1,3.9179402516873765,4.713455367664918
2019-01-09,27.0,21.2,11.1,20.72,88,0.97,3.93,0.72556,2019,1,9,24.1,1,4.018497915399114,4.8046167089111975
2019-01-10,27.0,21.0,5.7,21.16,91,0.98,4.04,0.73304,2019,1,10,24.0,1,4.057741465245485,4.894466945285936
2019-01-11,27.4,21.3,11.4,21.28,91,1.21,3.99,0.90508,2019,1,11,24.35,1,4.091540986759101,4.965099759614849
2019-01-12,25.7,21.1,15.4,19.08,93,1.11,3.45,0.83028,2019,1,12,23.4,1,3.622277206612705,4.34750370341383
2019-01-13,26.5,20.9,8.5,18.59,90,1.14,3.52,0.8527199999999999,2019,1,13,23.7,1,3.6055389057054,4.267921221292267
2019-01-14,27.3,20.7,5.2,19.27,89,1.36,3.66,1.01728,2019,1,14,24.0,1,3.748422756377095,4.457295748377126
2019-01-15,25.6,20.9,12.0,15.49,94,2.06,2.79,1.54088,2019,1,15,23.25,1,2.9343594274330838,3.5161443110624884
2019-01-16,24.8,20.6,84.8,9.28,95,1.93,1.77,1.44364,2019,1,16,22.700000000000003,2,1.9385582457136146,2.0771929619649585
2019-01-17,26.6,20.6,9.6,15.22,93,1.72,2.85,1.28656,2019,1,17,23.6,2,2.972747544102946,3.485478345258533
2019-01-18,25.2,20.9,13.7,13.22,92,1.15,2.53,0.8602,2019,1,18,23.049999999999997,2,2.6666615201191632,2.9856755836982956
2019-01-19,26.0,20.5,18.1,16.56,93,0.95,3.08,0.7106,2019,1,19,23.25,2,3.2207935340023415,3.759028391942853
2019-01-20,26.3,20.6,5.0,20.97,90,1.49,3.87,1.11452,2019,1,20,23.450000000000003,2,3.9382381442949623,4.784180012581477
2019-01-21,25.2,21.6,21.4,14.63,96,2.57,2.56,1.9223599999999998,2019,1,21,23.4,2,2.7068520634200826,3.3335418857937293
2019-01-22,24.5,21.3,29.3,12.28,96,3.95,2.11,2.9546,2019,1,22,22.9,2,2.2266722576266895,2.7628011074188765
2019-01-23,23.7,20.5,9.9,9.32,89,3.8,1.93,2.8424,2019,1,23,22.1,2,2.145272843180954,2.0540625908853256
2019-01-24,26.9,20.8,4.3,19.82,82,4.78,3.96,3.5754400000000004,2019,1,24,23.85,2,4.0780791834653405,4.567408287646006
2019-01-25,26.0,20.6,3.7,13.51,86,4.14,2.78,3.09672,2019,1,25,23.3,2,2.948514906735972,3.0705773119953323
2019-01-26,27.6,21.4,19.4,20.41,86,2.03,3.83,1.5184399999999998,2019,1,26,24.5,2,4.020273764149722,4.779741777827413
2019-01-27,26.4,22.0,1.1,16.53,85,2.68,3.27,2.00464,2019,1,27,24.2,2,3.436220572165781,3.8425421249420295
2019-01-28,25.0,22.0,1.5,12.68,85,2.44,2.64,1.8251199999999999,2019,1,28,23.5,2,2.803112303879091,2.8965110475389433
2019-01-29,27.0,21.2,1.3,19.24,87,1.07,3.73,0.8003600000000001,2019,1,29,24.1,2,3.787540398721809,4.4614298011318265
2019-01-30,27.7,21.7,15.4,22.55,84,1.2,4.34,0.8976,2019,1,30,24.7,2,4.417656483087217,5.306883979962711
2019-01-31,25.9,20.1,9.5,17.81,89,2.16,3.36,1.61568,2019,1,31,23.0,2,3.398537983397514,4.017190537599725
2019-02-01,26.6,21.9,6.8,18.0,86,1.84,3.42,1.37632,2019,2,32,24.25,3,3.6154966667504804,4.189437918107058
2019-02-02,26.8,21.3,13.8,20.51,86,2.22,3.8,1.66056,2019,2,33,24.05,3,3.9834345273504814,4.75001888727357
2019-02-03,26.9,21.5,5.9,20.59,88,2.33,3.82,1.74284,2019,2,34,24.2,3,3.9531782693374957,4.78632440124358
2019-02-04,26.5,21.5,10.7,15.93,89,2.36,2.99,1.76528,2019,2,35,24.0,3,3.195300737405209,3.6847286596599695
2019-02-05,27.1,21.7,2.3,18.03,85,2.82,3.5,2.1093599999999997,2019,2,36,24.4,3,3.684382404652025,4.211993726841671
2019-02-06,26.8,21.6,8.9,17.34,88,1.96,3.28,1.46608,2019,2,37,24.200000000000003,3,3.4622418933697165,4.030833662824851
2019-02-07,25.9,21.4,5.8,16.85,92,2.15,3.07,1.6081999999999999,2019,2,38,23.65,3,3.2241198219364295,3.863603862539003
2019-02-08,24.6,20.8,19.0,15.75,94,1.49,2.87,1.11452,2019,2,39,22.700000000000003,3,2.9841836923233505,3.5254083136797516
2019-02-09,25.8,20.9,9.9,18.96,92,1.92,3.47,1.4361599999999999,2019,2,40,23.35,3,3.5391351764772017,4.3147117993675534
2019-02-10,27.1,20.8,3.5,21.42,88,1.23,4.08,0.92004,2019,2,41,23.950000000000003,3,4.110725597221064,4.948443800232688
2019-02-11,25.7,20.9,4.5,18.53,92,1.5,3.41,1.1219999999999999,2019,2,42,23.299999999999997,3,3.5041593391774164,4.211532020079461
2019-02-12,26.3,20.8,3.0,17.55,89,1.17,3.38,0.8751599999999999,2019,2,43,23.55,3,3.4386714844658743,4.014017616932525
2019-02-13,27.1,20.5,7.3,15.08,91,0.7,2.96,0.5236,2019,2,44,23.8,3,3.053143572850671,3.4707640808365245
2019-02-14,26.6,21.5,7.2,19.49,88,0.83,3.72,0.62084,2019,2,45,24.05,3,3.817656334980748,4.513791716867961
2019-02-15,26.4,21.0,3.7,19.44,87,1.49,3.66,1.11452,2019,2,46,23.7,3,3.7707253651816934,4.463065548247535
2019-02-16,26.9,20.7,9.2,21.59,89,1.31,4.02,0.9798800000000001,2019,2,47,23.799999999999997,4,4.102295273735217,4.969084648889957
2019-02-17,26.6,21.5,11.4,20.26,88,0.83,3.83,0.62084,2019,2,48,24.05,4,3.943484901370391,4.692120070997686
2019-02-18,25.9,20.5,21.1,17.31,92,1.03,3.26,0.77044,2019,2,49,23.2,4,3.3406354224853314,3.92430074894464
2019-02-19,26.3,20.9,20.2,17.07,90,0.79,3.26,0.59092,2019,2,50,23.6,4,3.3668382595544855,3.909140299182862
2019-02-20,26.5,20.9,18.0,17.21,90,0.82,3.29,0.61336,2019,2,51,23.7,4,3.3963504850302675,3.951098666941362
2019-02-21,26.8,20.4,13.7,20.01,87,0.67,3.86,0.50116,2019,2,52,23.6,4,3.8727434130319045,4.5824192962301735
2019-02-22,26.4,20.7,11.0,18.28,88,0.82,3.45,0.61336,2019,2,53,23.549999999999997,4,3.5730143521210866,4.180982452280715
2019-02-23,26.1,21.0,7.8,20.6,89,1.19,3.83,0.8901199999999999,2019,2,54,23.55,4,3.9175042112838,4.711610422154417
2019-02-24,27.4,20.6,3.6,21.43,85,1.44,4.05,1.0771199999999999,2019,2,55,24.0,4,4.1454725311502525,4.956919973415767
2019-02-25,27.0,21.2,2.1,22.18,87,1.13,4.19,0.8452399999999999,2019,2,56,24.1,4,4.2531131015435575,5.143165955774632
2019-02-26,27.2,21.4,2.2,23.03,85,1.81,4.32,1.35388,2019,2,57,24.299999999999997,4,4.416689629752859,5.366783163905279
2019-02-27,26.5,21.3,4.7,17.14,89,1.24,3.24,0.92752,2019,2,58,23.9,4,3.390187955505655,3.95474795573147
2019-02-28,26.9,21.0,10.9,18.57,91,1.13,3.48,0.8452399999999999,2019,2,59,23.95,4,3.6066425080307054,4.290037412246546
2019-03-01,26.8,21.8,22.0,20.12,88,1.03,3.78,0.77044,2019,3,60,24.3,5,3.9255011404275604,4.6886529421525935
2019-03-02,25.4,20.7,26.7,17.81,92,0.97,3.29,0.72556,2019,3,61,23.049999999999997,5,3.402734744783136,4.022305759884012
2019-03-03,25.8,20.4,14.4,16.31,91,1.16,3.07,0.8676799999999999,2019,3,62,23.1,5,3.1666724587245474,3.688222576789437
2019-03-04,25.7,20.6,11.5,16.05,92,1.24,3.03,0.92752,2019,3,63,23.15,5,3.1084066771042105,3.63403870445761
2019-03-05,26.8,21.4,10.9,20.33,88,1.08,3.85,0.80784,2019,3,64,24.1,5,3.934515778437024,4.714182321050417
2019-03-06,24.7,20.8,99.9,10.58,94,1.16,2.02,0.8676799999999999,2019,3,65,22.75,5,2.1895481747708296,2.3712160142713183
2019-03-07,24.9,20.2,23.6,9.04,94,2.52,1.78,1.88496,2019,3,66,22.549999999999997,5,1.9022298660451966,2.0156891774703203
2019-03-08,25.8,20.0,5.7,16.9,85,3.52,3.36,2.63296,2019,3,67,22.9,5,3.3805393174346787,3.8022262797539907
2019-03-09,27.2,19.7,9.5,22.33,85,1.69,4.24,1.26412,2019,3,68,23.45,5,4.208048773693002,5.094455874150902
2019-03-10,26.6,21.3,5.1,21.97,87,1.82,4.14,1.3613600000000001,2019,3,69,23.950000000000003,5,4.153631630957911,5.07550468212475
2019-03-11,27.7,21.0,7.4,21.09,88,1.1,4.04,0.8228000000000001,2019,3,70,24.35,5,4.078390629585293,4.920768511761144
2019-03-12,25.3,20.8,20.8,17.86,90,0.83,3.36,0.62084,2019,3,71,23.05,5,3.4236581690770085,4.033598027598454
2019-03-13,24.5,21.1,20.3,14.1,93,1.16,2.58,0.8676799999999999,2019,3,72,22.8,5,2.7535401315488666,3.1641749629477145
2019-03-14,25.7,21.0,7.3,15.95,90,1.15,3.07,0.8602,2019,3,73,23.35,5,3.126587088103729,3.629728544299181
2019-03-15,23.2,20.8,12.3,9.7,98,1.37,1.79,1.0247600000000001,2019,3,74,22.0,5,1.9236292571789726,2.1322502756256427
2019-03-16,24.7,20.4,8.4,12.43,94,1.3,2.35,0.9724,2019,3,75,22.549999999999997,6,2.4509081156416896,2.7715726190216907
2019-03-17,25.2,20.5,11.2,13.08,93,1.62,2.47,1.2117600000000002,2019,3,76,22.85,6,2.569444475197196,2.9390324977934843
2019-03-18,25.0,20.5,13.3,12.92,92,1.43,2.43,1.06964,2019,3,77,22.75,6,2.566073502055163,2.895662656369134
2019-03-19,26.0,20.7,19.1,14.5,94,1.6,2.66,1.1968,2019,3,78,23.35,6,2.798642408804342,3.299753222090165
2019-03-20,27.8,20.8,1.1,16.78,88,1.26,3.33,0.94248,2019,3,79,24.3,6,3.3561228377335506,3.9103179110000257
2019-03-21,27.0,21.2,6.0,16.44,88,1.27,3.24,0.94996,2019,3,80,24.1,6,3.279161732422508,3.812157272900584
2019-03-22,27.8,21.3,3.2,16.61,89,1.45,3.25,1.0846,2019,3,81,24.55,6,3.3254352916588905,3.8946180540981703
2019-03-23,26.6,21.3,18.1,11.77,93,1.09,2.34,0.81532,2019,3,82,23.950000000000003,6,2.4412439289860988,2.719102872490137
2019-03-24,27.5,21.0,29.5,13.34,91,1.44,2.66,1.0771199999999999,2019,3,83,24.25,6,2.7389806865067596,3.104838990419342
2019-03-25,25.5,20.7,30.6,13.79,92,1.11,2.62,0.83028,2019,3,84,23.1,6,2.724390731146951,3.118368444753301
2019-03-26,26.2,20.5,22.6,19.08,93,1.0,3.47,0.748,2019,3,85,23.35,6,3.5798601984044467,4.342020101895195
2019-03-27,25.5,20.9,16.5,18.71,92,1.22,3.36,0.9125599999999999,2019,3,86,23.2,6,3.490240789454946,4.241690757524797
2019-03-28,27.0,20.9,4.4,21.85,83,1.21,4.12,0.90508,2019,3,87,23.95,6,4.157726041527617,5.047782307893755
2019-03-29,26.1,20.9,10.3,16.97,92,1.05,3.18,0.7854,2019,3,88,23.5,6,3.2521184668666923,3.876482056524911
2019-03-30,27.5,20.6,3.5,21.49,83,1.21,4.06,0.90508,2019,3,89,24.05,6,4.110530473688456,4.976982247075037
2019-03-31,26.5,20.6,7.8,20.23,88,1.36,3.71,1.01728,2019,3,90,23.55,6,3.7957622792935086,4.626984409717663
2019-04-01,25.8,20.2,9.6,20.74,87,1.42,3.79,1.06216,2019,4,91,23.0,7,3.824403283949885,4.678075898361499
2019-04-02,25.9,20.3,18.6,18.39,90,1.37,3.32,1.0247600000000001,2019,4,92,23.1,7,3.4351282457921486,4.1585783683113275
2019-04-03,25.7,20.6,2.6,18.12,89,1.8,3.36,1.3464,2019,4,93,23.15,7,3.3933323397480017,4.1027278083970025
2019-04-04,24.9,20.6,8.0,15.14,92,1.54,2.72,1.15192,2019,4,94,22.75,7,2.8637989309544394,3.393214598872189
2019-04-05,24.9,20.4,17.9,15.06,94,1.47,2.68,1.0995599999999999,2019,4,95,22.65,7,2.8098120894451664,3.3666393170995255
2019-04-06,25.2,21.0,13.3,16.05,90,0.85,2.94,0.6358,2019,4,96,23.1,7,3.0819172058053383,3.6294281028492015
2019-04-07,27.1,21.0,0.6,21.74,86,1.17,4.06,0.8751599999999999,2019,4,97,24.05,7,4.086629606213292,5.034881063350922
2019-04-08,28.3,20.8,1.2,22.33,87,1.12,4.34,0.8377600000000001,2019,4,98,24.55,7,4.2324441331623195,5.235811026370388
2019-04-09,26.0,20.9,16.3,17.39,93,0.95,3.2,0.7106,2019,4,99,23.45,7,3.2825379786833997,3.967424435803143
2019-04-10,25.3,21.4,22.7,16.05,94,1.24,2.88,0.92752,2019,4,100,23.35,7,3.0196332533718944,3.6524854630722174
2019-04-11,27.0,21.4,19.3,15.67,89,0.97,2.99,0.72556,2019,4,101,24.2,7,3.1005190753226355,3.642627652621996
2019-04-12,26.0,20.6,19.9,16.5,92,1.14,3.06,0.8527199999999999,2019,4,102,23.3,7,3.1178583727552143,3.750149936929903
2019-04-13,26.4,21.7,16.0,15.3,92,0.91,2.87,0.6806800000000001,2019,4,103,24.049999999999997,7,2.9944173598669863,3.5434075560841363
2019-04-14,24.8,20.8,16.0,13.35,94,1.19,2.46,0.8901199999999999,2019,4,104,22.8,7,2.558637904031,2.9958677840675167
2019-04-15,25.9,21.3,19.1,14.32,91,1.07,2.7,0.8003600000000001,2019,4,105,23.6,7,2.806043094621911,3.2793725298358862
2019-04-16,26.2,21.6,12.4,15.58,94,1.13,2.87,0.8452399999999999,2019,4,106,23.9,8,2.98205209003224,3.5948059014175198
2019-04-17,25.8,20.8,5.7,16.38,91,1.58,3.08,1.18184,2019,4,107,23.3,8,3.073998800853441,3.7228761192067754
2019-04-18,26.4,21.3,0.3,21.84,90,2.36,3.93,1.76528,2019,4,108,23.85,8,3.9037799024001307,5.032906004146759
2019-04-19,26.5,21.1,3.3,20.89,89,1.58,3.87,1.18184,2019,4,109,23.8,8,3.8256105601659725,4.807974910389588
2019-04-20,25.8,20.6,3.9,19.02,88,2.54,3.43,1.89992,2019,4,110,23.200000000000003,8,3.475415766733912,4.3119699737104025
2019-04-21,26.5,21.2,1.3,21.07,87,2.53,3.86,1.89244,2019,4,111,23.85,8,3.857718170008119,4.855463805282611
2019-04-22,26.3,20.8,4.0,19.85,88,2.11,3.65,1.57828,2019,4,112,23.55,8,3.6330145650817527,4.540071207755591
2019-04-23,25.8,21.4,2.6,20.13,89,2.94,3.62,2.1991199999999997,2019,4,113,23.6,8,3.6104864479934755,4.609900071619859
2019-04-24,26.4,21.6,2.4,20.06,87,2.19,3.78,1.63812,2019,4,114,24.0,8,3.722278263026377,4.640028682534776
2019-04-25,25.6,21.2,2.5,18.39,90,2.5,3.31,1.87,2019,4,115,23.4,8,3.327867081443961,4.190282657535658
2019-04-26,26.0,21.3,1.8,18.15,90,2.42,3.32,1.81016,2019,4,116,23.65,8,3.319344153734542,4.1616860596488365
2019-04-27,25.5,21.0,22.3,14.6,92,1.55,2.68,1.1594,2019,4,117,23.25,8,2.756095627731904,3.3141192344423707
2019-04-28,26.2,20.9,72.2,14.16,92,0.96,2.65,0.7180799999999999,2019,4,118,23.549999999999997,8,2.7341666762272383,3.238660367849832
2019-04-29,24.7,20.9,7.9,11.69,94,0.93,2.15,0.69564,2019,4,119,22.799999999999997,8,2.2832571526521437,2.62334789481268
2019-04-30,25.6,21.0,8.7,16.02,92,1.37,2.91,1.0247600000000001,2019,4,120,23.3,8,2.9704668504437337,3.6410546660373964
2019-05-01,26.5,20.7,9.1,17.67,89,1.31,3.26,0.9798800000000001,2019,5,121,23.6,9,3.288237785651614,4.0465441761312935
2019-05-02,25.9,20.7,23.7,15.84,93,1.17,2.88,0.8751599999999999,2019,5,122,23.299999999999997,9,2.937230235106617,3.600143939452706
2019-05-03,25.6,20.3,1.3,20.03,88,1.83,3.6,1.36884,2019,5,123,22.950000000000003,9,3.5580245627712332,4.512177329232987
2019-05-04,26.1,20.7,1.8,18.69,88,1.93,3.42,1.44364,2019,5,124,23.4,9,3.4091329318909644,4.258639634004428
2019-05-05,26.3,21.1,3.7,16.34,90,2.05,2.99,1.5333999999999999,2019,5,125,23.700000000000003,9,3.0493421328212107,3.751362708763617
2019-05-06,25.9,21.2,5.1,16.19,92,2.41,2.92,1.80268,2019,5,126,23.549999999999997,9,2.9421129125571097,3.702959841489321
2019-05-07,25.3,21.2,2.7,16.87,90,2.61,3.01,1.9522799999999998,2019,5,127,23.25,9,3.0581828005440514,3.8293966770577264
2019-05-08,25.8,20.6,0.5,19.26,86,2.84,3.51,2.12432,2019,5,128,23.200000000000003,9,3.4995031650005464,4.366379689467001
2019-05-09,25.3,20.2,0.0,19.9,87,2.76,3.5,2.0644799999999996,2019,5,129,22.75,9,3.497994722666363,4.460037682797659
2019-05-10,23.6,20.2,7.0,15.17,94,3.19,2.54,2.38612,2019,5,130,21.9,9,2.540705346221596,3.3259672558809164
2019-05-11,24.6,20.3,0.7,19.15,89,3.39,3.32,2.53572,2019,5,131,22.450000000000003,9,3.273802667651717,4.2589717562730165
2019-05-12,25.4,20.5,1.5,17.7,91,2.84,3.14,2.12432,2019,5,132,22.95,9,3.0858694074603394,3.9872959923826192
2019-05-13,25.7,20.5,0.0,20.14,87,2.47,3.65,1.84756,2019,5,133,23.1,9,3.556319769230479,4.554310404447533
2019-05-14,25.8,21.0,1.6,18.07,85,1.91,3.43,1.42868,2019,5,134,23.4,9,3.345790283392144,4.117368549302302
2019-05-15,25.8,20.9,0.0,20.09,91,2.63,3.55,1.9672399999999999,2019,5,135,23.35,9,3.447208271887789,4.571864981502856
2019-05-16,25.2,20.6,0.0,18.35,90,2.2,3.28,1.6456000000000002,2019,5,136,22.9,10,3.2108401623791925,4.128452794880813
2019-05-17,24.6,19.9,0.0,18.9,84,2.36,3.42,1.76528,2019,5,137,22.25,10,3.3676698359483637,4.181686109770473
2019-05-18,25.4,19.0,0.6,17.82,86,2.18,3.21,1.63064,2019,5,138,22.2,10,3.174828856723944,3.9376222422465674
2019-05-19,24.5,19.8,1.3,15.43,90,2.76,2.69,2.0644799999999996,2019,5,139,22.15,10,2.735886832407249,3.4050878528760062
2019-05-20,26.0,20.9,0.1,19.13,87,2.38,3.5,1.7802399999999998,2019,5,140,23.45,10,3.4335469203016764,4.364395023399317
2019-05-21,25.2,21.0,1.5,17.16,89,2.97,3.06,2.22156,2019,5,141,23.1,10,3.0648195598152435,3.8804352800555946
2019-05-22,25.3,20.3,3.4,18.03,90,2.98,3.16,2.22904,2019,5,142,22.8,10,3.1118702495226045,4.04610458027995
2019-05-23,25.5,20.5,4.9,17.29,90,2.61,3.06,1.9522799999999998,2019,5,143,23.0,10,3.0443572013774802,3.8999003029252806
2019-05-24,25.2,20.1,0.7,19.11,88,3.32,3.35,2.48336,2019,5,144,22.65,10,3.2907863839820433,4.2720104481920265
2019-05-25,24.9,19.9,0.7,17.68,91,2.89,3.12,2.1617200000000003,2019,5,145,22.4,10,2.98908177234383,3.9269707142220245
2019-05-26,25.6,20.5,6.3,15.9,93,2.76,2.85,2.0644799999999996,2019,5,146,23.05,10,2.754810507361375,3.5909411331923526
2019-05-27,24.8,20.7,2.9,16.16,92,2.2,2.92,1.6456000000000002,2019,5,147,22.75,10,2.8176888076679134,3.621819545427647
2019-05-28,24.7,20.0,2.7,16.89,91,2.04,2.93,1.52592,2019,5,148,22.35,10,2.9115018054325734,3.746655826031044
2019-05-29,24.9,20.7,0.1,18.12,87,2.79,3.24,2.08692,2019,5,149,22.799999999999997,10,3.2043747831502616,4.0663014417455745
2019-05-30,23.3,20.5,5.9,15.88,92,3.54,2.58,2.64792,2019,5,150,21.9,10,2.638005378425019,3.4816321702959105
2019-05-31,23.1,20.0,7.8,13.9,96,3.44,2.17,2.57312,2019,5,151,21.55,10,2.211475351611021,3.019647219597445
2019-06-01,22.8,19.7,13.4,10.96,97,3.28,1.77,2.45344,2019,6,152,21.25,11,1.8087046719334445,2.3621300630596296
2019-06-02,23.7,19.8,11.6,14.01,97,3.01,2.33,2.25148,2019,6,153,21.75,11,2.2331537826684476,3.0595973080393293
2019-06-03,24.1,20.0,1.3,15.58,92,3.01,2.7,2.25148,2019,6,154,22.05,11,2.632534252511588,3.429255927079182
2019-06-04,25.2,20.3,2.8,16.37,91,2.07,3.0,1.54836,2019,6,155,22.75,11,2.861788443154258,3.668885269718477
2019-06-05,25.5,20.4,3.0,17.21,91,1.81,3.14,1.35388,2019,6,156,22.95,11,3.0022440466415214,3.8769132219720275
2019-06-06,26.3,20.1,1.0,19.23,90,2.14,3.52,1.6007200000000001,2019,6,157,23.200000000000003,11,3.310662635419278,4.359578474997426
2019-06-07,25.4,20.6,2.6,16.15,92,1.62,2.98,1.2117600000000002,2019,6,158,23.0,11,2.846465364186029,3.6427640192159214
2019-06-08,23.7,20.9,4.4,12.45,95,2.07,2.2,1.54836,2019,6,159,22.299999999999997,11,2.1953203374334356,2.7581734717566677
2019-06-09,24.3,20.0,1.3,14.05,92,2.2,2.49,1.6456000000000002,2019,6,160,22.15,11,2.470140312981654,3.100549859553331
2019-06-10,24.9,20.3,0.0,18.48,89,2.67,3.27,1.99716,2019,6,161,22.6,11,3.1455385706593395,4.125871290102388
2019-06-11,23.7,20.0,4.8,11.57,94,2.59,2.03,1.93732,2019,6,162,21.85,11,2.057030101495588,2.533364538919334
2019-06-12,23.4,20.4,8.8,15.1,95,3.34,2.43,2.49832,2019,6,163,21.9,11,2.4142106008412068,3.3106200107977477
2019-06-13,23.6,20.4,17.4,9.36,99,2.77,1.58,2.07196,2019,6,164,22.0,11,1.5961717871661643,2.0575116061707233
2019-06-14,22.3,20.8,41.3,5.49,99,2.86,0.97,2.13928,2019,6,165,21.55,11,1.0867079231126822,1.1926520313374083
2019-06-15,24.4,19.7,1.1,16.8,92,3.13,2.85,2.34124,2019,6,166,22.049999999999997,11,2.7624605886639895,3.6977855953100294
2019-06-16,23.6,19.6,2.4,15.74,91,2.84,2.68,2.12432,2019,6,167,21.6,12,2.639167013947253,3.4238786548781746
2019-06-17,23.1,19.0,2.5,14.1,92,2.72,2.33,2.03456,2019,6,168,21.05,12,2.3704037903565274,3.022730193476017
2019-06-18,24.1,18.9,0.0,19.35,90,2.21,3.32,1.6530799999999999,2019,6,169,21.5,12,3.127450781543449,4.198067791836211
2019-06-19,23.8,19.1,1.8,15.02,92,2.14,2.62,1.6007200000000001,2019,6,170,21.450000000000003,12,2.536137089850166,3.254353893430301
2019-06-20,24.5,18.6,0.9,16.91,90,1.8,3.0,1.3464,2019,6,171,21.55,12,2.8449426970984373,3.6735420491649498
2019-06-21,24.1,18.2,3.2,15.07,92,1.6,2.64,1.1968,2019,6,172,21.15,12,2.5471243389468783,3.239302046063534
2019-06-22,24.5,18.0,2.7,15.42,91,2.1,2.73,1.5708,2019,6,173,21.25,12,2.602749995988455,3.3233618222973984
2019-06-23,24.5,17.7,0.3,16.24,90,1.95,2.86,1.4586,2019,6,174,21.1,12,2.721641173121994,3.486146356040041
2019-06-24,24.3,18.5,1.4,17.81,86,2.11,3.12,1.57828,2019,6,175,21.4,12,3.0253409744343784,3.8537579018381782
2019-06-25,25.0,18.1,3.3,17.35,89,2.29,3.03,1.71292,2019,6,176,21.55,12,2.9153399956538935,3.769128004317675
2019-06-26,24.3,17.3,0.3,17.47,89,2.08,3.03,1.5558400000000001,2019,6,177,20.8,12,2.8672980020512706,3.720195431770709
2019-06-27,22.4,18.1,5.1,12.7,94,2.35,2.14,1.7578,2019,6,178,20.25,12,2.104030566929263,2.664500456138099
2019-06-28,22.0,17.4,0.4,15.78,89,3.05,2.6,2.2813999999999997,2019,6,179,19.7,12,2.549466305935115,3.261125975934938
2019-06-29,22.1,17.3,0.0,17.5,85,3.33,2.9,2.49084,2019,6,180,19.700000000000003,12,2.876298863099302,3.616584574072333
2019-06-30,23.6,17.3,0.4,16.84,86,2.06,2.9,1.54088,2019,6,181,20.450000000000003,12,2.8289084723095477,3.5523348520716644
2019-07-01,23.2,16.9,4.5,13.53,90,1.94,2.38,1.45112,2019,7,182,20.049999999999997,13,2.314602029652324,2.823177257475758
2019-07-02,23.7,18.8,3.3,15.45,94,1.38,2.73,1.0322399999999998,2019,7,183,21.25,13,2.5874351151864254,3.3298275067765766
2019-07-03,24.0,20.3,10.6,13.87,97,2.33,2.34,1.74284,2019,7,184,22.15,13,2.2948292398488648,3.060827512598199
2019-07-04,24.8,19.8,19.2,13.55,94,1.25,2.41,0.935,2019,7,185,22.3,13,2.4170461602222533,3.00186751343798
2019-07-05,23.1,19.9,7.8,12.49,96,2.08,2.15,1.5558400000000001,2019,7,186,21.5,13,2.1227582473906357,2.709760554006939
2019-07-06,23.9,19.1,2.4,20.72,91,2.87,3.46,2.14676,2019,7,187,21.5,13,3.2375715066203297,4.495295330586371
2019-07-07,22.9,18.0,0.1,20.47,85,2.66,3.48,1.9896800000000001,2019,7,188,20.45,13,3.2801255138455025,4.318069740018228
2019-07-08,23.0,17.9,0.1,18.22,86,2.89,3.07,2.1617200000000003,2019,7,189,20.45,13,3.001041782203187,3.843440677241433
2019-07-09,22.1,17.9,3.8,12.66,93,2.51,2.16,1.8774799999999998,2019,7,190,20.0,13,2.1161796064180693,2.6380269910008556
2019-07-10,22.5,18.2,0.2,16.81,91,2.51,2.8,1.8774799999999998,2019,7,191,20.35,13,2.6879468501843675,3.5363981022663586
2019-07-11,23.5,18.6,2.6,17.1,92,2.12,2.89,1.58576,2019,7,192,21.05,13,2.782619626798894,3.665864277194319
2019-07-12,23.5,18.3,2.4,16.77,88,2.61,2.89,1.9522799999999998,2019,7,193,20.9,13,2.8235537424897825,3.580725702142961
2019-07-13,22.0,17.7,2.7,16.84,87,3.17,2.8,2.37116,2019,7,194,19.85,13,2.7661466504359584,3.4946089610277427
2019-07-14,23.2,17.5,0.0,19.07,86,2.53,3.28,1.89244,2019,7,195,20.35,13,3.1037608652202153,4.01184484296368
2019-07-15,22.0,18.5,1.1,15.81,88,3.21,2.64,2.40108,2019,7,196,20.25,13,2.6542471840332738,3.3169883631136496
2019-07-16,22.2,18.1,2.2,16.4,92,3.01,2.71,2.25148,2019,7,197,20.15,14,2.578880006516116,3.4314017591875676
2019-07-17,22.4,18.0,5.3,15.57,94,2.97,2.51,2.22156,2019,7,198,20.2,14,2.424224879437623,3.2621872665172233
2019-07-18,23.2,18.9,5.2,14.65,95,2.59,2.43,1.93732,2019,7,199,21.049999999999997,14,2.3763948676076168,3.1406381088243727
2019-07-19,23.1,18.9,4.9,10.83,96,2.08,1.87,1.5558400000000001,2019,7,200,21.0,14,1.9017619786723978,2.3186152583611612
2019-07-20,23.7,19.4,4.8,14.33,94,2.9,2.38,2.1692,2019,7,201,21.549999999999997,14,2.390562394279283,3.113060766678517
2019-07-21,22.2,19.3,5.5,10.89,96,2.76,1.8,2.0644799999999996,2019,7,202,20.75,14,1.8555988406020498,2.3158854152160426
2019-07-22,22.3,19.2,5.8,11.19,96,2.35,1.89,1.7578,2019,7,203,20.75,14,1.9202056502972769,2.3796839115029855
2019-07-23,23.8,18.7,1.2,19.34,90,2.51,3.28,1.8774799999999998,2019,7,204,21.25,14,3.1405139356770606,4.168211260909967
2019-07-24,22.8,18.3,1.4,16.91,89,2.46,2.87,1.84008,2019,7,205,20.55,14,2.810789426003465,3.576768430436625
2019-07-25,22.7,18.5,1.6,16.93,92,2.86,2.76,2.13928,2019,7,206,20.6,14,2.7110592543347347,3.585838860126333
2019-07-26,24.1,17.7,2.1,15.94,91,1.91,2.8,1.42868,2019,7,207,20.9,14,2.70166024995912,3.4035043346546687
2019-07-27,24.1,18.3,0.5,17.68,87,2.37,3.05,1.7727600000000001,2019,7,208,21.200000000000003,14,3.033825538121202,3.805382708139217
2019-07-28,24.3,17.8,0.8,21.1,81,2.31,3.73,1.72788,2019,7,209,21.05,14,3.591865074270308,4.523376388818721
2019-07-29,22.9,18.8,4.8,12.88,94,2.89,2.19,2.1617200000000003,2019,7,210,20.85,14,2.184262502701859,2.7464496833994683
2019-07-30,23.7,18.6,2.0,18.8,91,2.84,3.14,2.12432,2019,7,211,21.15,14,3.0394983591574034,4.041066918778663
2019-07-31,22.8,18.6,4.2,16.6,92,2.7,2.75,2.0196,2019,7,212,20.700000000000003,14,2.7074580647035114,3.525436392491205
2019-08-01,23.7,18.7,1.7,19.39,90,2.61,3.24,1.9522799999999998,2019,8,213,21.2,15,3.1674228806688687,4.173437257399288
2019-08-02,22.9,18.3,1.4,19.04,86,2.53,3.23,1.89244,2019,8,214,20.6,15,3.183492804369113,4.032744943697896
2019-08-03,22.5,18.1,2.5,19.35,88,3.64,3.17,2.7227200000000003,2019,8,215,20.3,15,3.102576025867622,4.065220434168756
2019-08-04,21.2,17.3,4.4,15.15,91,2.85,2.49,2.1318,2019,8,216,19.25,15,2.456256399466887,3.0920288198662194
2019-08-05,22.0,16.4,0.1,17.6,88,2.7,2.89,2.0196,2019,8,217,19.2,15,2.8381854566852414,3.5870410339522008
2019-08-06,23.2,17.4,0.2,18.18,87,2.36,3.1,1.76528,2019,8,218,20.299999999999997,15,3.046535150311952,3.8194164079166915
2019-08-07,22.1,17.9,2.0,14.98,89,2.36,2.54,1.76528,2019,8,219,20.0,15,2.5789799473244703,3.121456897724551
2019-08-08,22.4,17.9,1.1,16.26,91,2.67,2.71,1.99716,2019,8,220,20.15,15,2.6794726287945605,3.4021093051457223
2019-08-09,22.6,18.2,0.8,16.8,89,2.85,2.76,2.1318,2019,8,221,20.4,15,2.8259224302471053,3.539095452865065
2019-08-10,22.9,18.1,4.4,15.96,92,2.24,2.72,1.6755200000000001,2019,8,222,20.5,15,2.6723478289077867,3.371264053130216
2019-08-11,24.0,17.9,4.1,15.8,92,1.51,2.72,1.12948,2019,8,223,20.95,15,2.7381461634719275,3.378131570480028
2019-08-12,25.3,19.0,2.4,19.02,91,1.6,3.44,1.1968,2019,8,224,22.15,15,3.2998385877262244,4.197327994925576
2019-08-13,24.4,18.5,5.1,16.96,91,1.16,3.01,0.8676799999999999,2019,8,225,21.45,15,2.9795363282078284,3.6746898823287553
2019-08-14,24.8,18.8,3.0,18.41,89,1.39,3.34,1.03972,2019,8,226,21.8,15,3.2309193663198412,4.025773771897653
2019-08-15,25.4,19.1,1.3,19.3,87,2.2,3.49,1.6456000000000002,2019,8,227,22.25,15,3.4179420335470545,4.270187403098948
2019-08-16,23.4,19.0,4.0,15.31,93,3.04,2.6,2.27392,2019,8,228,21.2,16,2.5846411660713704,3.295272017059469
2019-08-17,22.6,18.6,9.4,15.28,95,3.2,2.51,2.3936,2019,8,229,20.6,16,2.44953839762874,3.2363625388499924
2019-08-18,22.2,18.2,5.5,15.26,94,3.24,2.49,2.4235200000000003,2019,8,230,20.2,16,2.454569991055413,3.197236845668133
2019-08-19,22.2,18.1,6.1,14.21,94,3.09,2.32,2.31132,2019,8,231,20.15,16,2.3383026109387357,2.9731840852472766
2019-08-20,24.2,18.2,1.7,19.54,91,2.81,3.31,2.10188,2019,8,232,21.2,16,3.219327097810768,4.205722744176487
2019-08-21,25.2,18.1,3.0,19.65,90,1.97,3.49,1.47356,2019,8,233,21.65,16,3.3715700998793925,4.2800389451543674
2019-08-22,24.4,18.9,2.9,21.23,89,2.76,3.69,2.0644799999999996,2019,8,234,21.65,16,3.5542074608846415,4.624184570260928
2019-08-23,22.7,18.5,13.3,13.73,95,3.15,2.26,2.3562,2019,8,235,20.6,16,2.2796221899471862,2.908066600681309
2019-08-24,21.6,19.0,23.2,11.06,98,2.94,1.79,2.1991199999999997,2019,8,236,20.3,16,1.8334112114212282,2.323583359271651
2019-08-25,21.9,18.9,17.6,9.12,97,2.77,1.53,2.07196,2019,8,237,20.4,16,1.64614187021944,1.9212232458410348
2019-08-26,21.0,19.0,12.8,7.78,97,2.46,1.38,1.84008,2019,8,238,20.0,16,1.4800411231211603,1.6211571872027373
2019-08-27,23.6,18.5,0.6,19.31,91,2.42,3.28,1.81016,2019,8,239,21.05,16,3.2247465113303635,4.139639718866801
2019-08-28,23.4,17.9,0.8,19.68,87,2.48,3.37,1.85504,2019,8,240,20.65,16,3.3460518482050916,4.173926186024813
2019-08-29,25.1,16.8,0.0,22.98,85,1.84,4.1,1.37632,2019,8,241,20.950000000000003,16,3.8902750094397955,4.9132571828880405
2019-08-30,23.9,18.8,3.7,21.01,91,2.95,3.59,2.2066000000000003,2019,8,242,21.35,16,3.444145306947221,4.540163761390646
2019-08-31,22.7,17.9,2.1,17.05,92,3.14,2.78,2.34872,2019,8,243,20.299999999999997,16,2.80025432509754,3.5820159381176895
2019-09-01,24.8,18.0,1.2,19.44,90,2.92,3.37,2.18416,2019,9,244,21.4,17,3.2991538248870635,4.206460056807086
2019-09-02,25.4,18.6,0.0,22.92,89,2.71,4.03,2.0270799999999998,2019,9,245,22.0,17,3.869548153727097,5.038265599725746
2019-09-03,25.3,18.6,0.2,21.26,88,1.93,3.81,1.44364,2019,9,246,21.950000000000003,17,3.716060301901384,4.667271020375282
2019-09-04,24.1,18.2,0.0,21.49,83,2.44,3.8,1.8251199999999999,2019,9,247,21.15,17,3.7671573367838653,4.6192834087528425
2019-09-05,23.3,18.0,2.6,15.71,92,2.37,2.67,1.7727600000000001,2019,9,248,20.65,17,2.7236760105288034,3.331929897482207
2019-09-06,22.8,18.2,4.4,14.93,92,2.34,2.53,1.7503199999999999,2019,9,249,20.5,17,2.61301252120625,3.1536950070948695
2019-09-07,22.7,18.5,4.6,14.29,95,2.71,2.35,2.0270799999999998,2019,9,250,20.6,17,2.4191132220775313,3.026676746084188
2019-09-08,24.0,19.2,14.8,13.52,96,2.75,2.31,2.057,2019,9,251,21.6,17,2.3506488058753905,2.940968196566259
2019-09-09,23.6,19.3,7.2,18.06,93,2.25,3.08,1.683,2019,9,252,21.450000000000003,17,3.093757111781815,3.9130247213948888
2019-09-10,25.0,18.5,0.7,23.04,88,2.67,4.01,1.99716,2019,9,253,21.75,17,3.9157299610157996,5.0316289776749565
2019-09-11,23.8,16.9,0.0,24.27,82,2.64,4.15,1.97472,2019,9,254,20.35,17,4.082511991702726,5.10579309589557
2019-09-12,23.3,17.5,0.3,21.51,82,2.52,3.78,1.88496,2019,9,255,20.4,17,3.7428727165683595,4.53130614232902
2019-09-13,23.5,17.5,5.7,22.21,88,2.0,3.92,1.496,2019,9,256,20.5,17,3.7154906118355884,4.691464575189354
2019-09-14,24.4,18.3,1.2,19.55,88,2.23,3.46,1.66804,2019,9,257,21.35,17,3.4396111614735805,4.224664518571497
2019-09-15,23.4,18.5,6.8,19.54,92,1.77,3.43,1.32396,2019,9,258,20.95,17,3.3390923187325283,4.177765246024034
2019-09-16,25.6,17.3,1.7,17.38,88,1.3,3.27,0.9724,2019,9,259,21.450000000000003,18,3.192710310599126,3.765690457244915
2019-09-17,26.1,18.9,2.3,21.31,90,2.44,3.9,1.8251199999999999,2019,9,260,22.5,18,3.749241173654503,4.745471193723473
2019-09-18,24.5,19.3,1.0,20.71,89,2.69,3.58,2.01212,2019,9,261,21.9,18,3.6073830425777067,4.540592081034528
2019-09-19,23.2,18.6,4.0,18.09,93,1.95,3.2,1.4586,2019,9,262,20.9,18,3.103908766291256,3.8625717323653053
2019-09-20,23.4,18.6,3.8,21.12,94,2.54,3.51,1.89992,2019,9,263,21.0,18,3.4345070131750783,4.521620891651683
2019-09-21,22.9,19.0,4.4,15.36,94,2.54,2.58,1.89992,2019,9,264,20.95,18,2.6592045258683394,3.2840570204160273
2019-09-22,24.9,18.6,1.2,21.56,90,2.57,3.77,1.9223599999999998,2019,9,265,21.75,18,3.6993036391491456,4.7084166995951415
2019-09-23,25.1,19.2,3.3,18.98,93,2.32,3.32,1.7353599999999998,2019,9,266,22.15,18,3.318542864047943,4.188500806713326
2019-09-24,25.8,20.0,8.6,21.11,92,2.33,3.84,1.74284,2019,9,267,22.9,18,3.7282372958316627,4.749408092639452
2019-09-25,25.1,19.6,0.2,22.33,89,3.04,3.81,2.27392,2019,9,268,22.35,18,3.8721865015267367,4.953393996167744
2019-09-26,24.6,20.3,14.2,19.52,94,2.34,3.31,1.7503199999999999,2019,9,269,22.450000000000003,18,3.395104263399383,4.341259983417717
2019-09-27,24.6,19.6,5.3,19.43,93,2.76,3.37,2.0644799999999996,2019,9,270,22.1,18,3.3380304096949303,4.282235637435823
2019-09-28,25.1,19.6,3.9,20.57,92,3.25,3.54,2.431,2019,9,271,22.35,18,3.513292928201238,4.5629787058294005
2019-09-29,25.1,20.0,7.9,21.18,93,2.42,3.72,1.81016,2019,9,272,22.55,18,3.6707289675700783,4.722599201197056
2019-09-30,25.0,18.8,0.5,22.32,88,2.74,3.91,2.0495200000000002,2019,9,273,21.9,18,3.885722657066819,4.8935787179474
2019-10-01,25.7,19.3,0.9,25.63,83,2.88,4.62,2.1542399999999997,2019,10,274,22.5,19,4.562227150048202,5.707481309016077
2019-10-02,25.5,19.7,14.4,20.53,92,2.06,3.71,1.54088,2019,10,275,22.6,19,3.655174024587074,4.583557228668942
2019-10-03,26.4,20.0,5.0,23.1,89,2.08,4.26,1.5558400000000001,2019,10,276,23.2,19,4.173226844902124,5.236935141572571
2019-10-04,26.4,18.8,0.2,26.97,80,2.73,4.95,2.04204,2019,10,277,22.6,19,4.865410537271016,6.021360860068259
2019-10-05,25.4,17.4,0.0,24.72,77,2.06,4.53,1.54088,2019,10,278,21.4,19,4.461958376011742,5.348955380878146
2019-10-06,25.6,18.9,2.9,22.36,87,2.0,4.05,1.496,2019,10,279,22.25,19,4.013525579049756,4.947222297061786
2019-10-07,25.8,19.9,0.2,22.73,86,2.68,4.1,2.00464,2019,10,280,22.85,19,4.129768393557699,5.10735540327568
2019-10-08,26.5,19.1,0.0,24.7,81,2.25,4.54,1.683,2019,10,281,22.8,19,4.553646101717559,5.542916424454507
2019-10-09,26.3,19.3,1.5,24.13,83,2.09,4.45,1.5633199999999998,2019,10,282,22.8,19,4.424492240877228,5.415002968505557
2019-10-10,26.0,19.6,3.9,21.05,88,1.88,3.9,1.40624,2019,10,283,22.8,19,3.8719259520334854,4.723821487237546
2019-10-11,26.7,19.7,0.5,23.99,83,2.02,4.54,1.51096,2019,10,284,23.2,19,4.457002406433625,5.438704504169955
2019-10-12,26.2,19.5,2.6,22.67,87,1.55,4.19,1.1594,2019,10,285,22.85,19,4.159168991884743,5.093873602827086
2019-10-13,25.6,18.3,0.0,23.56,80,2.02,4.36,1.51096,2019,10,286,21.950000000000003,19,4.314582077468437,5.172196859832627
2019-10-14,26.3,20.1,2.4,21.05,84,2.06,3.92,1.54088,2019,10,287,23.200000000000003,19,4.0045148556007995,4.772185486151629
2019-10-15,24.0,19.2,4.6,14.45,91,2.31,2.59,1.72788,2019,10,288,21.6,19,2.7205195437451026,3.143268523696926
2019-10-16,25.8,18.4,0.3,22.72,84,2.44,4.17,1.8251199999999999,2019,10,289,22.1,20,4.1263095303742565,5.007328547737617
2019-10-17,26.2,18.4,0.6,21.86,85,2.23,4.08,1.66804,2019,10,290,22.299999999999997,20,4.009777737216842,4.842865228321346
2019-10-18,25.9,19.4,6.0,18.72,92,2.07,3.41,1.54836,2019,10,291,22.65,20,3.4148907720662445,4.184826561494231
2019-10-19,27.5,20.2,1.5,25.31,83,2.16,4.77,1.61568,2019,10,292,23.85,20,4.745398676852348,5.832548121105973
2019-10-20,27.8,20.8,6.9,21.29,91,2.65,3.99,1.9822,2019,10,293,24.3,20,3.9523146998059895,4.961303237496456
2019-10-21,27.4,20.8,4.5,23.65,89,2.47,4.37,1.84756,2019,10,294,24.1,20,4.358563269241559,5.484034033096033
2019-10-22,27.3,20.3,2.0,24.09,81,2.14,4.63,1.6007200000000001,2019,10,295,23.8,20,4.60504769795013,5.5444765721055616
2019-10-23,28.5,20.6,0.1,26.96,80,2.25,5.24,1.683,2019,10,296,24.55,20,5.165770956351465,6.321427016164159
2019-10-24,27.8,19.7,0.0,25.73,80,1.98,4.97,1.48104,2019,10,297,23.75,20,4.868435298022955,5.9145332713295415
2019-10-25,26.6,20.4,2.5,21.57,86,1.48,4.1,1.10704,2019,10,298,23.5,20,4.090445850895352,4.927266821404969
2019-10-26,27.1,20.3,0.7,24.03,82,1.89,4.61,1.4137199999999999,2019,10,299,23.700000000000003,20,4.558676611982553,5.51684491380598
2019-10-27,26.5,19.9,0.4,23.14,80,2.1,4.4,1.5708,2019,10,300,23.2,20,4.41593423435859,5.2460034275320035
2019-10-28,26.5,20.8,1.8,22.35,84,2.07,4.23,1.54836,2019,10,301,23.65,20,4.254901514911939,5.124720850311378
2019-10-29,27.0,19.0,0.7,24.66,83,1.63,4.68,1.2192399999999999,2019,10,302,23.0,20,4.559870957826279,5.5622638212919275
2019-10-30,26.5,19.7,6.2,21.01,84,2.05,3.92,1.5333999999999999,2019,10,303,23.1,20,4.003469541878813,4.7510457595552475
2019-10-31,26.0,20.3,9.9,16.86,90,1.95,3.12,1.4586,2019,10,304,23.15,20,3.242811362192435,3.8174387886078067
2019-11-01,25.8,20.3,8.9,16.66,92,1.65,3.08,1.2342,2019,11,305,23.05,21,3.174657365514694,3.762583602451861
2019-11-02,23.9,19.6,10.7,12.68,95,1.92,2.26,1.4361599999999999,2019,11,306,21.75,21,2.3940326175683926,2.769143031116252
2019-11-03,24.9,20.2,11.8,14.46,96,2.0,2.62,1.496,2019,11,307,22.549999999999997,21,2.675880029862904,3.2242107860863753
2019-11-04,24.3,19.9,5.7,20.62,93,2.19,3.62,1.63812,2019,11,308,22.1,21,3.6024340833235895,4.544503285842856
2019-11-05,26.8,19.3,1.9,26.3,88,1.86,4.86,1.39128,2019,11,309,23.05,21,4.71327166792002,5.9397328177961555
2019-11-06,26.4,18.2,0.0,24.82,83,1.16,4.64,0.8676799999999999,2019,11,310,22.299999999999997,21,4.5113787847232265,5.498623740481968
2019-11-07,27.0,18.8,1.0,24.44,85,1.51,4.63,1.12948,2019,11,311,22.9,21,4.4925752198184155,5.498604158413464
2019-11-08,26.7,20.7,3.8,21.01,90,1.44,3.97,1.0771199999999999,2019,11,312,23.7,21,3.969028142171605,4.82350859921197
2019-11-09,26.5,20.1,2.3,22.86,89,1.56,4.22,1.1668800000000001,2019,11,313,23.3,21,4.223233509050153,5.19566227625561
2019-11-10,27.6,20.1,5.2,24.43,85,1.6,4.64,1.1968,2019,11,314,23.85,21,4.598244231059666,5.629757036689805
2019-11-11,26.9,20.8,5.2,23.22,91,1.58,4.32,1.18184,2019,11,315,23.85,21,4.307403359953291,5.350919295617571
2019-11-12,27.2,20.9,3.6,21.9,89,1.88,4.1,1.40624,2019,11,316,24.049999999999997,21,4.133768471917755,5.071936305767488
2019-11-13,27.5,21.3,4.4,21.85,88,1.87,4.11,1.39876,2019,11,317,24.4,21,4.1860949745874105,5.10438507662177
2019-11-14,29.3,21.7,0.5,25.51,82,2.36,5.04,1.76528,2019,11,318,25.5,21,5.03622718815752,6.121174414446021
2019-11-15,27.8,19.5,0.0,27.01,70,1.89,5.26,1.4137199999999999,2019,11,319,23.65,21,5.226870141877763,6.193230879951244
2019-11-16,27.3,19.6,1.7,21.42,84,1.62,4.07,1.2117600000000002,2019,11,320,23.450000000000003,22,4.107500751618308,4.88684481971842
2019-11-17,28.2,20.7,2.6,23.83,84,1.9,4.61,1.4212,2019,11,321,24.45,22,4.590603280609294,5.5737958232633655
2019-11-18,28.5,21.0,1.3,21.78,83,1.64,4.26,1.22672,2019,11,322,24.75,22,4.320915156667948,5.131948874859831
2019-11-19,27.4,21.2,2.8,22.28,88,1.43,4.29,1.06964,2019,11,323,24.299999999999997,22,4.2669485778148895,5.192007333556649
2019-11-20,26.4,21.0,21.2,18.18,94,1.67,3.36,1.24916,2019,11,324,23.7,22,3.4251980350700166,4.17379278123149
2019-11-21,26.6,19.9,2.9,22.76,88,1.52,4.23,1.13696,2019,11,325,23.25,22,4.2222911603723485,5.1663940942402995
2019-11-22,26.3,20.1,2.7,20.72,92,1.71,3.84,1.27908,2019,11,326,23.200000000000003,22,3.8132135121255026,4.6973721269863065
2019-11-23,26.7,20.6,4.9,21.92,93,1.7,4.0,1.2716,2019,11,327,23.65,22,4.029629420807677,5.026124431267355
2019-11-24,26.6,21.1,3.4,17.93,94,1.3,3.39,0.9724,2019,11,328,23.85,22,3.439320771259824,4.131868344979459
2019-11-25,28.1,20.9,0.0,25.13,87,1.4,4.78,1.0472,2019,11,329,24.5,22,4.769961539678517,5.8851009738756925
2019-11-26,27.4,19.5,1.6,24.17,84,1.26,4.62,0.94248,2019,11,330,23.45,22,4.533724183243933,5.514240863333063
2019-11-27,26.4,20.2,12.7,20.4,89,1.12,3.85,0.8377600000000001,2019,11,331,23.299999999999997,22,3.8683597410714166,4.636549012931516
2019-11-28,26.4,20.2,11.1,19.04,89,1.74,3.58,1.30152,2019,11,332,23.299999999999997,22,3.622091316955668,4.3274457454027475
2019-11-29,27.0,21.5,4.2,20.09,88,2.34,3.75,1.7503199999999999,2019,11,333,24.25,22,3.8739383888313195,4.675878209709489
2019-11-30,26.3,21.2,14.3,17.92,94,1.54,3.32,1.15192,2019,11,334,23.75,22,3.4008706900575625,4.11925519713274
2019-12-01,27.8,20.8,1.3,22.45,87,1.86,4.33,1.39128,2019,12,335,24.3,23,4.293364717073926,5.231623188435672
2019-12-02,28.2,21.0,0.7,25.39,85,1.28,4.87,0.9574400000000001,2019,12,336,24.6,23,4.851573982833243,5.960616030310841
2019-12-03,28.0,20.7,1.9,24.41,83,1.78,4.7,1.33144,2019,12,337,24.35,23,4.684353980263455,5.69539873741534
2019-12-04,26.7,21.0,3.4,20.27,87,1.3,3.87,0.9724,2019,12,338,23.85,23,3.9146277338285325,4.671108273995183
2019-12-05,26.8,21.4,8.4,18.58,88,1.63,3.51,1.2192399999999999,2019,12,339,24.1,23,3.645479293663127,4.308386990905889
2019-12-06,27.0,21.2,7.5,18.83,90,0.91,3.63,0.6806800000000001,2019,12,340,24.1,23,3.689567117145125,4.366357752355109
2019-12-07,27.4,21.0,5.2,19.47,87,1.4,3.76,1.0472,2019,12,341,24.2,23,3.8220018902762507,4.525970669850048
2019-12-08,29.3,21.3,1.1,26.02,83,1.98,5.09,1.48104,2019,12,342,25.3,23,5.065287372819909,6.213522580671784
2019-12-09,29.2,21.6,0.6,24.96,82,1.64,4.9,1.22672,2019,12,343,25.4,23,4.920834791936693,5.974797435454748
2019-12-10,28.4,20.6,3.1,21.59,86,1.0,4.24,0.748,2019,12,344,24.5,23,4.221875765435363,5.056081576839483
2019-12-11,27.1,20.9,8.8,21.53,88,1.43,4.08,1.06964,2019,12,345,24.0,23,4.112902175422389,4.980050724574962
2019-12-12,28.4,20.9,44.3,20.39,88,1.02,4.02,0.76296,2019,12,346,24.65,23,4.01931893111341,4.792678237557835
2019-12-13,27.5,22.0,34.0,15.99,90,0.94,3.12,0.70312,2019,12,347,24.75,23,3.265078393136018,3.767670454959077
2019-12-14,27.5,21.4,14.9,19.16,89,0.97,3.74,0.72556,2019,12,348,24.45,23,3.7822346440484966,4.48149089272875
2019-12-15,26.3,21.5,53.6,15.4,93,0.93,2.89,0.69564,2019,12,349,23.9,23,3.0718941380692946,3.553274125919757
2019-12-16,26.9,21.1,1.8,17.92,87,1.05,3.39,0.7854,2019,12,350,24.0,24,3.5557373656680937,4.145030607727977
2019-12-17,26.5,21.1,10.9,17.78,88,1.32,3.33,0.98736,2019,12,351,23.8,24,3.498902403227223,4.092187357909377
2019-12-18,27.3,21.4,8.5,20.92,89,1.38,3.9,1.0322399999999998,2019,12,352,24.35,24,4.039045826373806,4.881103711049936
2019-12-19,27.7,22.0,6.2,19.58,90,1.15,3.75,0.8602,2019,12,353,24.85,24,3.868676435732299,4.624855143911693
2019-12-20,27.7,21.1,1.7,22.95,88,1.35,4.35,1.0098,2019,12,354,24.4,24,4.391990141527588,5.3613564077102795
2019-12-21,27.6,21.3,2.6,21.82,89,1.13,4.13,0.8452399999999999,2019,12,355,24.450000000000003,24,4.215108510722391,5.103660296416561
2019-12-22,27.0,21.3,10.6,20.06,87,0.99,3.83,0.74052,2019,12,356,24.15,24,3.918203689301798,4.6573473247368895
2019-12-23,27.0,20.8,38.2,19.61,91,1.0,3.72,0.748,2019,12,357,23.9,24,3.7869748421987124,4.524656208395223
2019-12-24,27.1,22.1,8.0,20.07,87,1.12,3.81,0.8377600000000001,2019,12,358,24.6,24,3.9579639159324684,4.711680335893603
2019-12-25,27.1,21.8,12.8,20.3,90,1.26,3.76,0.94248,2019,12,359,24.450000000000003,24,3.9409606947111944,4.748134922880669
2019-12-26,26.5,21.7,22.9,15.1,92,0.93,2.85,0.69564,2019,12,360,24.1,24,3.0475594876158523,3.501433991532774
2019-12-27,26.3,21.1,14.5,17.12,90,1.0,3.28,0.748,2019,12,361,23.700000000000003,24,3.3694421619064556,3.930436326440216
2019-12-28,26.7,21.2,17.5,15.65,91,0.82,3.02,0.61336,2019,12,362,23.95,24,3.1458368833122097,3.6154596392923235
2019-12-29,27.3,21.0,5.6,16.76,87,1.06,3.25,0.79288,2019,12,363,24.15,24,3.3829856474125517,3.891183507606694
2019-12-30,27.2,21.9,10.7,19.8,86,0.96,3.86,0.7180799999999999,2019,12,364,24.549999999999997,24,3.922096174190802,4.642591057865369
2019-12-31,26.2,21.3,32.5,17.01,91,1.01,3.17,0.75548,2019,12,365,23.75,24,3.344115355893328,3.9100742691533426
2020-01-01,25.8,21.1,18.1,12.97,92,1.21,2.54,0.90508,2020,1,1,23.450000000000003,1,2.645746359919457,2.9590278857025165
2020-01-02,26.1,20.4,6.8,14.54,89,1.53,2.88,1.1444400000000001,2020,1,2,23.25,1,2.931131473496975,3.3004995663556214
2020-01-03,26.9,21.1,4.6,19.24,88,2.34,3.63,1.7503199999999999,2020,1,3,24.0,1,3.7232972236463877,4.450356523029368
2020-01-04,27.0,21.4,27.2,13.61,90,2.99,2.65,2.23652,2020,1,4,24.2,1,2.819493824740442,3.163762753808894
2020-01-05,24.9,21.5,11.8,11.44,97,3.74,1.95,2.79752,2020,1,5,23.2,1,2.0899846302281615,2.5935297843978447
2020-01-06,25.2,21.7,6.5,16.26,95,2.68,2.88,2.00464,2020,1,6,23.45,1,2.974970531424688,3.70962169788149
2020-01-07,26.4,21.3,7.7,14.19,91,2.48,2.72,1.85504,2020,1,7,23.85,1,2.850001511322711,3.2700062362107376
2020-01-08,27.3,21.0,3.6,22.38,87,2.19,4.26,1.63812,2020,1,8,24.15,1,4.251649421174001,5.195983705264784
2020-01-09,26.2,21.1,4.3,22.05,91,1.99,3.99,1.48852,2020,1,9,23.65,1,4.057071659516102,5.055932650978339
2020-01-10,27.1,20.9,0.0,26.68,85,1.85,4.96,1.3838000000000001,2020,1,10,24.0,1,4.94910384443038,6.171284409273572
2020-01-11,25.1,21.2,5.4,15.79,92,2.36,2.9,1.76528,2020,1,11,23.15,1,3.0065425734465294,3.575169541643966
2020-01-12,25.3,21.1,12.2,19.1,93,3.61,3.3,2.70028,2020,1,12,23.200000000000003,1,3.358616358095075,4.330106545629269
2020-01-13,26.6,21.2,5.3,19.74,89,3.17,3.61,2.37116,2020,1,13,23.9,1,3.7232508734722765,4.554651379588051
2020-01-14,27.3,20.3,5.0,21.37,87,1.6,4.11,1.1968,2020,1,14,23.8,1,4.085536878555988,4.9184501596469845
2020-01-15,26.9,21.4,2.2,22.73,85,1.25,4.3,0.935,2020,1,15,24.15,1,4.368770298394298,5.277243504051321
2020-01-16,27.0,21.0,0.6,25.2,86,1.25,4.71,0.935,2020,1,16,24.0,2,4.738379918879346,5.828949292117467
2020-01-17,26.3,20.9,0.3,23.18,86,1.6,4.32,1.1968,2020,1,17,23.6,2,4.3535805720631195,5.30836977944105
2020-01-18,27.1,20.3,1.2,23.86,86,1.76,4.48,1.31648,2020,1,18,23.700000000000003,2,4.471217654667497,5.477816048414926
2020-01-19,26.8,20.7,1.2,22.66,84,1.9,4.19,1.4212,2020,1,19,23.75,2,4.325943790362313,5.208834975838609
2020-01-20,27.2,21.0,1.5,24.43,81,1.78,4.64,1.33144,2020,1,20,24.1,2,4.6935817137425095,5.664902808817595
2020-01-21,27.9,21.3,1.3,22.06,86,1.05,4.36,0.7854,2020,1,21,24.6,2,4.310990957270685,5.178857409557193
2020-01-22,27.9,21.3,1.7,22.24,83,1.12,4.36,0.8377600000000001,2020,1,22,24.6,2,4.3664803708208835,5.221114632300633
2020-01-23,26.8,21.3,5.9,21.33,88,0.88,4.09,0.65824,2020,1,23,24.05,2,4.121340226004576,4.939927004658472
2020-01-24,26.2,20.7,8.0,21.23,90,0.96,3.96,0.7180799999999999,2020,1,24,23.45,2,4.0251550373614275,4.843497456705045
2020-01-25,27.3,21.2,1.7,21.44,87,0.99,4.1,0.74052,2020,1,25,24.25,2,4.164622418377753,4.990086053567519
2020-01-26,26.7,21.4,18.9,19.72,91,0.78,3.79,0.5834400000000001,2020,1,26,24.049999999999997,2,3.8432063017120988,4.567058627841775
2020-01-27,27.6,21.3,18.2,20.11,88,0.99,3.87,0.74052,2020,1,27,24.450000000000003,2,3.957875328578853,4.703694251188682
2020-01-28,27.9,21.9,7.2,20.56,90,1.08,3.99,0.80784,2020,1,28,24.9,2,4.052922764199126,4.8622598276742215
2020-01-29,27.8,21.0,8.4,19.09,89,1.1,3.7,0.8228000000000001,2020,1,29,24.4,2,3.7720448017420884,4.459620645890599
2020-01-30,26.1,21.5,17.9,17.73,93,2.49,3.18,1.8625200000000002,2020,1,30,23.8,2,3.3159746280519,4.080679519445065
2020-01-31,27.9,21.9,4.7,20.48,86,2.07,4.01,1.54836,2020,1,31,24.9,2,4.07273897596008,4.8433405287338545
2020-02-01,27.3,20.6,13.3,19.49,90,1.15,3.66,0.8602,2020,2,32,23.950000000000003,3,3.7817238394307604,4.5025756146841776
2020-02-02,26.7,20.6,11.5,21.18,91,1.06,3.9,0.79288,2020,2,33,23.65,3,4.02275905856973,4.856446872912527
2020-02-03,27.2,20.7,3.2,22.18,88,1.14,4.19,0.8527199999999999,2020,2,34,23.95,3,4.240575113343006,5.124018837028992
2020-02-04,27.2,20.5,0.6,23.94,85,1.02,4.55,0.76296,2020,2,35,23.85,3,4.544936503350794,5.516839273776255
2020-02-05,27.8,20.1,0.3,25.68,84,1.44,4.9,1.0771199999999999,2020,2,36,23.950000000000003,3,4.836492747635498,5.932588085433026
2020-02-06,28.2,20.7,7.5,22.19,86,1.43,4.31,1.06964,2020,2,37,24.45,3,4.313735987020313,5.190202657079904
2020-02-07,28.1,21.1,19.1,17.75,90,1.87,3.4,1.39876,2020,2,38,24.6,3,3.5226241061466017,4.167031687200372
2020-02-08,27.6,20.6,6.8,13.77,90,1.0,2.78,0.748,2020,2,39,24.1,3,2.8591109448773926,3.1930295406229336
2020-02-09,23.8,21.7,28.0,6.89,96,2.51,1.28,1.8774799999999998,2020,2,40,22.75,3,1.5298428811144782,1.5442040017324559
2020-02-10,27.4,21.0,4.7,21.56,90,2.2,3.92,1.6456000000000002,2020,2,41,24.2,3,4.0589184352939345,5.0118093293254775
2020-02-11,25.8,21.0,16.3,14.14,93,0.92,2.7,0.68816,2020,2,42,23.4,3,2.8373521877429155,3.221892157561403
2020-02-12,26.6,20.8,28.7,19.04,90,0.97,3.6,0.72556,2020,2,43,23.700000000000003,3,3.6924135175214947,4.371232923797996
2020-02-13,27.3,20.7,2.9,21.69,87,0.95,4.19,0.7106,2020,2,44,24.0,3,4.182869987492582,5.017059926429677
2020-02-14,27.0,21.0,16.3,18.28,90,0.88,3.49,0.65824,2020,2,45,24.0,3,3.5990184437577417,4.228301311901083
2020-02-15,26.8,21.2,35.6,18.91,92,1.06,3.52,0.79288,2020,2,46,24.0,3,3.669429256173022,4.37402504420402
2020-02-16,26.3,21.2,20.8,16.66,94,1.22,3.1,0.9125599999999999,2020,2,47,23.75,4,3.2359550296716626,3.829620066084344
2020-02-17,25.3,21.2,12.3,14.73,92,1.57,2.75,1.17436,2020,2,48,23.25,4,2.8970608241021263,3.343628515296995
2020-02-18,27.5,21.0,7.0,12.39,88,1.51,2.58,1.12948,2020,2,49,24.25,4,2.6820774237528875,2.883729766963692
2020-02-19,26.9,20.7,20.8,17.45,91,1.39,3.3,1.03972,2020,2,50,23.799999999999997,4,3.402789245406283,4.016235624044917
2020-02-20,26.1,21.0,4.7,15.01,88,1.59,2.93,1.1893200000000002,2020,2,51,23.55,4,3.045519223828257,3.4330714775018345
2020-02-21,26.4,20.9,10.6,14.93,92,1.07,2.93,0.8003600000000001,2020,2,52,23.65,4,2.9842853942830607,3.423359386807556
2020-02-22,25.8,21.6,14.2,17.23,93,2.71,3.05,2.0270799999999998,2020,2,53,23.700000000000003,4,3.2084641031154018,3.9556902981638387
2020-02-23,28.1,21.4,1.4,26.36,85,2.1,5.0,1.5708,2020,2,54,24.75,4,4.990546657093359,6.211119023935038
2020-02-24,27.6,20.8,7.5,21.49,88,0.92,4.18,0.68816,2020,2,55,24.200000000000003,4,4.159039858146619,4.995537221113382
2020-02-25,27.6,21.0,11.2,18.27,91,1.19,3.52,0.8901199999999999,2020,2,56,24.3,4,3.589457095908038,4.257539227292638
2020-02-26,26.2,21.5,13.0,16.59,92,1.96,3.05,1.46608,2020,2,57,23.85,4,3.205742083960563,3.8230728300730186
2020-02-27,27.8,21.6,6.7,20.85,86,1.39,4.1,1.03972,2020,2,58,24.700000000000003,4,4.105978398571206,4.906808469278161
2020-02-28,28.0,21.3,2.6,21.46,88,1.52,4.08,1.13696,2020,2,59,24.65,4,4.166778857372694,5.044182196076073
2020-02-29,26.7,21.8,9.1,14.76,91,1.39,2.83,1.03972,2020,2,60,24.25,4,2.9933499409385016,3.435339092847788
2020-03-01,26.7,21.8,16.3,12.5,92,0.94,2.47,0.70312,2020,3,61,24.25,5,2.618667779466999,2.909331887574346
2020-03-02,27.3,21.5,10.9,20.01,88,1.21,3.86,0.90508,2020,3,62,24.4,5,3.911022482748812,4.67454212280099
2020-03-03,27.2,21.6,5.8,17.85,89,1.55,3.4,1.1594,2020,3,63,24.4,5,3.5338427181718797,4.169943872663551
2020-03-04,26.0,22.1,5.5,14.97,95,1.89,2.76,1.4137199999999999,2020,3,64,24.05,5,2.8889403008867114,3.4669811185999686
2020-03-05,26.5,21.6,5.9,16.58,91,1.98,3.1,1.48104,2020,3,65,24.05,5,3.2381596468777323,3.839849495416664
2020-03-06,26.5,21.6,10.2,16.44,89,1.46,3.15,1.09208,2020,3,66,24.05,5,3.27619534347035,3.8074261583021696
2020-03-07,26.8,21.0,37.5,16.78,92,0.98,3.23,0.73304,2020,3,67,23.9,5,3.2991846021056017,3.8716844047359427
2020-03-08,24.6,20.9,7.2,7.3,93,0.92,1.5,0.68816,2020,3,68,22.75,5,1.6886154187782463,1.636094225347885
2020-03-09,26.5,21.2,34.2,14.12,92,1.96,2.67,1.46608,2020,3,69,23.85,5,2.813222852302483,3.2538751272230875
2020-03-10,27.2,21.8,3.1,16.65,88,2.12,3.28,1.58576,2020,3,70,24.5,5,3.358715799117494,3.8992014013143756
2020-03-11,27.5,21.5,2.0,17.49,89,1.05,3.5,0.7854,2020,3,71,24.5,5,3.4886424872398987,4.095917868407714
2020-03-12,27.6,21.3,8.0,19.93,89,1.05,3.87,0.7854,2020,3,72,24.450000000000003,5,3.885668512878302,4.661592562217326
2020-03-13,27.3,21.6,14.4,18.67,90,1.08,3.48,0.80784,2020,3,73,24.450000000000003,5,3.6623440433264536,4.366880739417837
2020-03-14,26.6,21.0,8.3,17.82,86,1.26,3.4,0.94248,2020,3,74,23.8,5,3.511732219128413,4.101393628680826
2020-03-15,26.8,21.4,3.4,20.97,84,1.27,3.94,0.94996,2020,3,75,24.1,5,4.05704739628527,4.862587470360415
2020-03-16,26.8,21.5,11.9,17.09,89,1.32,3.18,0.98736,2020,3,76,24.15,6,3.376961440222316,3.9677998893197133
2020-03-17,26.9,21.0,6.2,18.46,88,1.27,3.47,0.94996,2020,3,77,23.95,6,3.5935209554408702,4.264625235868134
2020-03-18,26.7,20.0,27.1,17.14,91,0.9,3.22,0.6732,2020,3,78,23.35,6,3.314139152182719,3.9005358776983052
2020-03-19,26.2,21.3,32.7,13.51,92,1.06,2.52,0.79288,2020,3,79,23.75,6,2.7313156855063143,3.1055322384633546
2020-03-20,26.6,20.5,12.0,20.88,90,0.91,3.91,0.6806800000000001,2020,3,80,23.55,6,3.9345232919357476,4.775651728863311
2020-03-21,26.6,20.3,16.0,20.94,90,0.96,3.87,0.7180799999999999,2020,3,81,23.450000000000003,6,3.9282262806407564,4.777335692105682
2020-03-22,27.0,20.2,14.7,18.4,88,0.9,3.51,0.6732,2020,3,82,23.6,6,3.553990884022625,4.213718893085217
2020-03-23,26.1,20.6,88.8,14.58,96,1.08,2.7,0.80784,2020,3,83,23.35,6,2.8176685597530704,3.317958757108593
2020-03-24,26.6,20.8,13.0,18.04,91,1.04,3.38,0.7779200000000001,2020,3,84,23.700000000000003,6,3.462889699804999,4.141651362674152
2020-03-25,26.5,20.9,2.7,20.92,87,1.84,3.83,1.37632,2020,3,85,23.7,6,3.930220153522553,4.802846258710825
2020-03-26,26.8,21.4,2.8,22.09,85,2.12,4.1,1.58576,2020,3,86,24.1,6,4.184295183244059,5.122296481652913
2020-03-27,25.6,21.6,28.9,12.51,94,1.06,2.32,0.79288,2020,3,87,23.6,6,2.518969500451675,2.8648708343747864
2020-03-28,27.1,20.8,13.3,16.68,89,0.87,3.23,0.65076,2020,3,88,23.950000000000003,6,3.2823491252048607,3.8534100181083675
2020-03-29,26.7,21.2,9.1,16.63,90,1.37,3.18,1.0247600000000001,2020,3,89,23.95,6,3.2434538391713947,3.841859028845453
2020-03-30,26.3,20.9,2.6,17.75,90,1.46,3.28,1.09208,2020,3,90,23.6,6,3.3818406847391187,4.06486469305775
2020-03-31,26.3,20.7,8.5,17.52,90,1.0,3.27,0.748,2020,3,91,23.5,6,3.356561393498912,4.002119365369266
2020-04-01,26.4,20.2,14.0,19.63,87,1.01,3.69,0.75548,2020,4,92,23.299999999999997,7,3.695195485381588,4.461542015874787
2020-04-02,26.9,21.3,3.8,20.02,85,0.85,3.83,0.6358,2020,4,93,24.1,7,3.8411600272297948,4.642298576853387
2020-04-03,26.3,21.2,21.1,15.09,94,0.98,2.84,0.73304,2020,4,94,23.75,7,2.938056418908896,3.468725498031978
2020-04-04,26.0,21.1,6.2,14.62,91,0.94,2.77,0.70312,2020,4,95,23.55,7,2.880618569651225,3.343871086014445
2020-04-05,25.6,21.2,12.2,13.98,93,1.04,2.6,0.7779200000000001,2020,4,96,23.4,7,2.7380851890162514,3.1854351034447252
2020-04-06,25.2,21.0,23.4,13.24,95,0.9,2.45,0.6732,2020,4,97,23.1,7,2.585981099744608,2.993995519110494
2020-04-07,26.1,21.2,41.4,14.18,93,0.83,2.68,0.62084,2020,4,98,23.65,7,2.794999023737866,3.251388888474959
2020-04-08,25.9,20.9,14.9,16.87,91,1.21,3.12,0.90508,2020,4,99,23.4,7,3.1996663611204186,3.8439406434272185
2020-04-09,26.9,20.4,2.1,19.94,86,1.5,3.7,1.1219999999999999,2020,4,100,23.65,7,3.756724322075161,4.572122315669301
2020-04-10,27.1,21.0,2.3,22.37,88,2.01,4.17,1.50348,2020,4,101,24.05,7,4.1071664164982495,5.180786080366152
2020-04-11,25.2,20.6,3.7,17.29,89,1.71,3.15,1.27908,2020,4,102,22.9,7,3.22307758722259,3.8899699631329296
2020-04-12,26.1,20.3,1.7,17.82,82,1.55,3.38,1.1594,2020,4,103,23.200000000000003,7,3.454697495211719,4.039921394927412
2020-04-13,26.6,20.2,22.4,20.17,85,0.87,3.77,0.65076,2020,4,104,23.4,7,3.758848023793149,4.595867384583698
2020-04-14,24.8,20.0,31.4,16.84,93,1.02,3.08,0.76296,2020,4,105,22.4,7,3.084770139889788,3.740395182550843
2020-04-15,26.9,19.7,15.9,20.06,89,1.0,3.8,0.748,2020,4,106,23.299999999999997,7,3.6998378903431304,4.559273196049324
2020-04-16,27.5,21.1,1.2,19.25,88,1.53,3.71,1.1444400000000001,2020,4,107,24.3,8,3.6587103288863156,4.485912978948181
2020-04-17,27.6,21.2,6.7,17.7,90,1.02,3.35,0.76296,2020,4,108,24.4,8,3.4114853447630606,4.1349023275151175
2020-04-18,27.0,21.0,23.1,18.02,92,1.03,3.45,0.77044,2020,4,109,24.0,8,3.402762600121161,4.168161358887173
2020-04-19,26.0,21.3,19.2,15.2,91,0.89,2.92,0.66572,2020,4,110,23.65,8,2.938670254807047,3.48526876620729
2020-04-20,27.3,20.7,6.0,20.06,89,1.09,3.77,0.81532,2020,4,111,24.0,8,3.742035633908585,4.640028682534776
2020-04-21,26.8,21.4,1.2,20.44,85,1.71,3.87,1.27908,2020,4,112,24.1,8,3.8420485492086764,4.739689456088073
2020-04-22,27.4,21.1,4.3,20.61,82,1.16,3.87,0.8676799999999999,2020,4,113,24.25,8,3.9029612527118185,4.796906416232582
2020-04-23,27.1,21.6,0.0,23.51,84,2.64,4.32,1.97472,2020,4,114,24.35,8,4.334596324505211,5.485408616003059
2020-04-24,26.7,21.0,0.0,23.55,80,1.94,4.44,1.45112,2020,4,115,23.85,8,4.345411497119493,5.426965952273635
2020-04-25,26.4,20.8,1.4,18.24,85,2.17,3.36,1.62316,2020,4,116,23.6,8,3.4691436967065066,4.177077859232302
2020-04-26,26.8,21.6,1.3,20.83,85,1.95,3.89,1.4586,2020,4,117,24.200000000000003,8,3.890261969020128,4.842114486542194
2020-04-27,26.4,19.9,3.6,19.29,86,1.33,3.6,0.9948400000000001,2020,4,118,23.15,8,3.538671880521541,4.367639041058398
2020-04-28,26.5,20.1,1.4,19.52,85,1.77,3.66,1.32396,2020,4,119,23.3,8,3.6024162027614195,4.436541016295254
2020-04-29,26.5,20.8,0.1,21.96,80,2.17,4.11,1.62316,2020,4,120,23.65,8,4.091252555968586,5.0352961911784275
2020-04-30,25.7,21.6,0.3,15.06,84,2.42,2.9,1.81016,2020,4,121,23.65,8,3.0505226640339465,3.4531676065185395
2020-05-01,26.4,21.0,1.3,19.11,84,2.11,3.62,1.57828,2020,5,122,23.7,9,3.5985518150353615,4.387303633076666
2020-05-02,26.1,21.1,1.9,20.17,82,2.32,3.77,1.7353599999999998,2020,5,123,23.6,9,3.785919068948179,4.619060330083089
2020-05-03,26.6,20.7,4.4,18.13,85,1.42,3.46,1.06216,2020,5,124,23.65,9,3.4052182353217137,4.157100179693301
2020-05-04,26.8,21.6,1.9,18.85,86,1.95,3.55,1.4586,2020,5,125,24.200000000000003,9,3.5502521566420913,4.38184628282863
2020-05-05,27.1,20.9,1.5,19.56,87,1.84,3.7,1.37632,2020,5,126,24.0,9,3.6121139783561906,4.524374926738795
2020-05-06,26.6,21.3,2.0,18.1,88,1.74,3.45,1.30152,2020,5,127,23.950000000000003,9,3.368594166109539,4.181458113175148
2020-05-07,27.6,21.7,2.4,20.36,85,2.12,3.9,1.58576,2020,5,128,24.65,9,3.832490626198566,4.785626724702182
2020-05-08,27.4,21.4,4.9,14.76,88,1.46,2.88,1.09208,2020,5,129,24.4,9,2.9081726308741547,3.448088042605827
2020-05-09,26.7,21.5,1.8,16.36,88,1.79,3.16,1.33892,2020,5,130,24.1,9,3.1186615346820203,3.7936066292368333
2020-05-10,27.5,21.4,1.1,18.36,86,1.88,3.59,1.40624,2020,5,131,24.45,9,3.4851507571330993,4.294372275078279
2020-05-11,27.5,21.0,0.0,18.78,85,1.64,3.65,1.22672,2020,5,132,24.25,9,3.536644553470904,4.370980227891698
2020-05-12,27.3,21.0,0.5,20.4,83,2.59,3.92,1.93732,2020,5,133,24.15,9,3.8309864023418787,4.736285414986667
2020-05-13,25.8,21.1,1.2,19.34,85,2.78,3.51,2.07944,2020,5,134,23.450000000000003,9,3.5432257630882407,4.41230526672989
2020-05-14,25.4,20.9,7.3,15.97,93,3.03,2.74,2.26644,2020,5,135,23.15,9,2.7838592583431216,3.615925115899566
2020-05-15,25.8,21.3,4.6,15.82,91,3.16,2.86,2.36368,2020,5,136,23.55,9,2.8674815855000864,3.6183338290525664
2020-05-16,25.6,21.4,5.0,16.91,93,3.34,2.97,2.49832,2020,5,137,23.5,10,2.9146330015581605,3.8627761682873447
2020-05-17,26.0,21.6,3.3,16.64,91,3.23,3.01,2.41604,2020,5,138,23.8,10,2.9905875685292536,3.8298086409230616
2020-05-18,25.2,21.8,9.5,12.4,97,2.0,2.2,1.496,2020,5,139,23.5,10,2.249492484525499,2.8325502357636356
2020-05-19,26.3,21.0,17.1,14.45,93,1.09,2.7,0.81532,2020,5,140,23.65,10,2.705113684045068,3.3132982678746936
2020-05-20,25.2,21.3,17.6,14.63,94,1.5,2.63,1.1219999999999999,2020,5,141,23.25,10,2.65640850633578,3.3209290684857464
2020-05-21,24.5,21.0,31.4,9.24,97,1.07,1.73,0.8003600000000001,2020,5,142,22.75,10,1.817281202295606,2.070891868796501
2020-05-22,28.0,21.3,0.3,20.11,83,1.75,3.93,1.309,2020,5,143,24.65,10,3.7689180871639367,4.726864117571753
2020-05-23,27.0,21.7,0.2,18.75,83,1.55,3.56,1.1594,2020,5,144,24.35,10,3.519321807417796,4.374794196089211
2020-05-24,26.0,21.3,0.9,18.66,87,1.15,3.44,0.8602,2020,5,145,23.65,10,3.36994390469538,4.278625998515002
2020-05-25,28.1,21.0,0.0,20.74,79,1.32,3.98,0.98736,2020,5,146,24.55,10,3.8539412418891543,4.862996895966048
2020-05-26,27.8,21.3,25.9,18.25,85,1.18,3.45,0.88264,2020,5,147,24.55,10,3.418342530003119,4.2791558992951
2020-05-27,25.8,21.3,65.6,13.05,93,1.19,2.44,0.8901199999999999,2020,5,148,23.55,10,2.464713935897125,2.98478233053957
2020-05-28,24.5,20.9,19.8,10.47,96,1.0,1.89,0.748,2020,5,149,22.7,10,2.003667433192567,2.3435571456652067
2020-05-29,25.6,20.9,10.3,12.97,92,1.09,2.48,0.81532,2020,5,150,23.25,10,2.4466546133666878,2.944118251419011
2020-05-30,26.0,20.7,11.2,17.23,92,2.21,3.12,1.6530799999999999,2020,5,151,23.35,10,3.010171188010603,3.921017104594037
2020-05-31,25.2,21.0,37.3,14.17,94,1.16,2.61,0.8676799999999999,2020,5,152,23.1,10,2.578104931698255,3.204298829742877
2020-06-01,25.2,21.0,41.3,17.23,92,2.79,2.99,2.08692,2020,6,153,23.1,11,2.9473330521676866,3.896264561501043
2020-06-02,26.1,21.2,1.6,18.07,90,2.01,3.3,1.50348,2020,6,154,23.65,11,3.2029038453894056,4.143342539826693
2020-06-03,26.6,21.1,3.2,18.28,87,1.8,3.44,1.3464,2020,6,155,23.85,11,3.3165186472783112,4.212523889917709
2020-06-04,24.0,20.6,0.8,17.09,86,3.35,2.97,2.5058000000000002,2020,6,156,22.3,11,3.053111058641313,3.7861192475760204
2020-06-05,23.7,19.8,7.6,14.69,92,3.06,2.45,2.2888800000000002,2020,6,157,21.75,11,2.492540343736299,3.2081002466165414
2020-06-06,23.2,19.8,9.9,12.99,97,2.71,2.09,2.0270799999999998,2020,6,158,21.5,11,2.107836947741878,2.8182377579303552
2020-06-07,24.8,19.9,1.4,15.79,93,2.54,2.76,1.89992,2020,6,159,22.35,11,2.6684940223239635,3.5026462695695786
2020-06-08,24.3,19.5,0.0,17.89,91,2.62,3.07,1.9597600000000002,2020,6,160,21.9,11,2.947100003243414,3.9223173505411735
2020-06-09,25.3,17.9,0.0,20.16,85,2.39,3.57,1.7877200000000002,2020,6,161,21.6,11,3.3772594523368276,4.385349026832529
2020-06-10,25.1,19.7,0.0,19.28,85,2.16,3.49,1.61568,2020,6,162,22.4,11,3.335304197079283,4.282352679309991
2020-06-11,25.6,19.0,0.0,19.93,84,1.81,3.64,1.35388,2020,6,163,22.3,11,3.4239093655220825,4.41529295518959
2020-06-12,25.9,18.7,0.3,18.83,84,1.5,3.47,1.1219999999999999,2020,6,164,22.299999999999997,11,3.273266515280875,4.1715989135082765
2020-06-13,25.2,20.7,2.0,14.17,89,2.05,2.6,1.5333999999999999,2020,6,165,22.95,11,2.6214512441658955,3.1920895035063115
2020-06-14,25.2,20.9,8.5,13.92,95,1.46,2.54,1.09208,2020,6,166,23.049999999999997,11,2.4850303673400242,3.1437673317004746
2020-06-15,24.5,21.1,6.3,14.16,97,2.8,2.36,2.0944,2020,6,167,22.8,11,2.3316714107963317,3.1776395372581305
2020-06-16,25.6,20.4,3.0,17.13,91,2.4,3.04,1.7952,2020,6,168,23.0,12,2.9572850965902364,3.8638109999485284
2020-06-17,24.9,20.8,4.2,16.91,92,3.12,2.93,2.3337600000000003,2020,6,169,22.85,12,2.8464405007695652,3.7996207597620657
2020-06-18,24.5,20.9,1.1,17.5,89,3.35,3.02,2.5058000000000002,2020,6,170,22.7,12,3.0094984551424306,3.9171203485330572
2020-06-19,22.8,20.2,16.3,13.22,97,3.44,2.05,2.57312,2020,6,171,21.5,12,2.0657205916863006,2.8681372717351272
2020-06-20,23.7,20.1,3.8,14.69,94,3.28,2.43,2.45344,2020,6,172,21.9,12,2.4051886359698234,3.2207290038820475
2020-06-21,23.8,20.5,10.0,13.6,94,2.94,2.31,2.1991199999999997,2020,6,173,22.15,12,2.3086061569347507,3.0012439921655014
2020-06-22,25.3,20.5,0.0,17.82,88,2.81,3.17,2.10188,2020,6,174,22.9,12,3.114501951769461,4.009211379006871
2020-06-23,24.3,20.1,0.9,17.1,90,3.13,2.96,2.34124,2020,6,175,22.200000000000003,12,2.8816098023110737,3.77852639407499
2020-06-24,23.6,19.8,2.2,16.11,89,3.44,2.7,2.57312,2020,6,176,21.700000000000003,12,2.7506732553717663,3.5135936916024777
2020-06-25,23.4,19.2,3.2,15.52,91,3.01,2.66,2.25148,2020,6,177,21.299999999999997,12,2.58203905633776,3.349356927773067
2020-06-26,23.9,19.4,1.4,16.2,93,2.36,2.74,1.76528,2020,6,178,21.65,12,2.6622300132596433,3.5285817257761196
2020-06-27,24.6,19.5,0.0,17.78,87,2.4,3.12,1.7952,2020,6,179,22.05,12,3.059674752933382,3.913489755036448
2020-06-28,23.8,20.1,2.6,12.64,93,2.6,2.19,1.9448,2020,6,180,21.950000000000003,12,2.2271584625257015,2.7748967872786254
2020-06-29,23.9,20.1,1.8,16.05,93,2.83,2.7,2.11684,2020,6,181,22.0,12,2.64496069536315,3.5281048375042863
2020-06-30,23.8,19.9,4.4,14.4,93,2.78,2.43,2.07944,2020,6,182,21.85,12,2.4329271110824737,3.153020688024063
2020-07-01,22.9,19.6,7.9,13.16,95,2.71,2.21,2.0270799999999998,2020,7,183,21.25,13,2.1741751296134164,2.8362802581993365
2020-07-02,24.2,19.7,1.4,16.97,92,2.95,2.82,2.2066000000000003,2020,7,184,21.95,13,2.7859899417352656,3.7254745633004958
2020-07-03,22.9,19.4,2.2,15.4,91,3.06,2.57,2.2888800000000002,2020,7,185,21.15,13,2.5583446805208485,3.310235667510181
2020-07-04,25.0,19.3,2.3,18.46,88,2.24,3.28,1.6755200000000001,2020,7,186,22.15,13,3.140168812736309,4.073747359954057
2020-07-05,24.3,19.2,14.0,17.61,87,2.24,3.07,1.6755200000000001,2020,7,187,21.75,13,3.019126587065727,3.845789335801041
2020-07-06,23.6,20.2,14.6,13.82,92,2.95,2.38,2.2066000000000003,2020,7,188,21.9,13,2.3993651143779444,3.029984672134098
2020-07-07,24.0,20.0,2.5,15.45,93,3.18,2.63,2.3786400000000003,2020,7,189,22.0,13,2.56187482819923,3.3962130678779574
2020-07-08,23.8,20.0,5.9,15.43,95,2.82,2.58,2.1093599999999997,2020,7,190,21.9,13,2.503434121422617,3.3829713090469706
2020-07-09,22.7,20.0,11.6,12.65,96,3.26,2.03,2.4384799999999998,2020,7,191,21.35,13,2.0542868796698146,2.733606453193321
2020-07-10,23.4,19.8,4.7,13.89,94,2.96,2.35,2.21408,2020,7,192,21.6,13,2.3187837815323116,3.021453272951579
2020-07-11,24.2,19.5,3.6,14.84,94,3.07,2.54,2.29636,2020,7,193,21.85,13,2.4517870839912326,3.2493629868247984
2020-07-12,24.3,20.0,1.5,16.3,93,3.08,2.78,2.30384,2020,7,194,22.15,13,2.6937122432903005,3.5970791964924764
2020-07-13,24.7,19.7,3.4,16.06,92,2.01,2.78,1.50348,2020,7,195,22.2,13,2.760529419458928,3.5487212800493757
2020-07-14,24.3,20.1,2.9,16.65,90,2.19,2.92,1.63812,2020,7,196,22.200000000000003,13,2.8786808226091383,3.6790914889677526
2020-07-15,24.5,20.1,0.9,17.78,90,2.8,3.03,2.0944,2020,7,197,22.3,13,3.015368877668387,3.938981873721571
2020-07-16,25.5,18.5,3.0,20.12,91,2.47,3.5,1.84756,2020,7,198,22.0,14,3.2826108908353975,4.422770674802881
2020-07-17,25.2,18.1,3.0,15.96,88,1.55,2.84,1.1594,2020,7,199,21.65,14,2.8125609040796373,3.4763064409498075
2020-07-18,24.0,19.6,2.3,15.55,93,2.32,2.71,1.7353599999999998,2020,7,200,21.8,14,2.627910495518371,3.400368395057497
2020-07-19,24.9,19.8,10.5,14.65,94,2.6,2.55,1.9448,2020,7,201,22.35,14,2.5119245112855477,3.249763638327696
2020-07-20,24.5,20.1,3.0,16.28,93,2.99,2.8,2.23652,2020,7,202,22.3,14,2.72748421098607,3.6066718168834178
2020-07-21,23.7,19.9,8.9,13.43,96,2.48,2.31,1.85504,2020,7,203,21.799999999999997,14,2.2602705395085345,2.936781192644513
2020-07-22,24.5,19.6,0.6,18.66,89,2.93,3.21,2.19164,2020,7,204,22.05,14,3.150129208631579,4.107183286219354
2020-07-23,23.1,19.2,2.6,16.15,92,3.14,2.67,2.34872,2020,7,205,21.15,14,2.647159365430861,3.4714484435252864
2020-07-24,22.9,17.9,0.1,18.77,88,3.63,3.09,2.71524,2020,7,206,20.4,14,3.0208810076962878,3.954096526802218
2020-07-25,21.8,17.5,0.1,13.06,88,3.11,2.28,2.3262799999999997,2020,7,207,19.65,14,2.330967390954006,2.6952780342487723
2020-07-26,22.3,18.1,0.2,16.79,88,3.18,2.84,2.3786400000000003,2020,7,208,20.200000000000003,14,2.7926870833468374,3.517798600181386
2020-07-27,23.6,19.0,2.2,15.7,93,3.45,2.61,2.5806,2020,7,209,21.3,14,2.5634810442340967,3.3882025622446617
2020-07-28,21.7,18.2,12.7,14.64,96,3.0,2.26,2.2439999999999998,2020,7,210,19.95,14,2.251759377229862,3.0464287469109665
2020-07-29,22.2,17.1,0.0,18.21,84,2.55,3.08,1.9073999999999998,2020,7,211,19.65,14,3.0420577948207153,3.75811738159802
2020-07-30,22.6,17.6,3.1,15.33,91,2.53,2.55,1.89244,2020,7,212,20.1,14,2.5471579870720014,3.2031447775581965
2020-07-31,22.6,18.7,1.5,14.29,92,3.04,2.36,2.27392,2020,7,213,20.65,14,2.412012828265211,3.0307624592629363
2020-08-01,22.4,17.9,2.1,11.93,91,2.8,2.06,2.0944,2020,8,214,20.15,15,2.1448807074080607,2.4961355479943705
2020-08-02,24.1,17.7,0.4,14.93,87,2.06,2.62,1.54088,2020,8,215,20.9,15,2.690206470113334,3.187849417590603
2020-08-03,24.8,17.8,5.0,16.61,89,1.72,2.96,1.28656,2020,8,216,21.3,15,2.9006656081339415,3.5845888254066134
2020-08-04,22.2,19.5,6.1,6.48,96,2.05,1.22,1.5333999999999999,2020,8,217,20.85,15,1.3607012664935094,1.3817541885425897
2020-08-05,22.1,19.3,9.3,9.36,96,2.74,1.63,2.0495200000000002,2020,8,218,20.700000000000003,15,1.694554756942934,1.9878364237179322
2020-08-06,23.1,18.4,0.6,17.45,90,2.87,2.91,2.14676,2020,8,219,20.75,15,2.8953432936465595,3.710945867357203
2020-08-07,22.1,18.5,9.7,13.9,95,2.9,2.26,2.1692,2020,8,220,20.3,15,2.2582404406921697,2.9202358674390543
2020-08-08,24.8,18.4,0.9,17.37,93,2.32,3.07,1.7353599999999998,2020,8,221,21.6,15,2.9162454790791044,3.778448045440527
2020-08-09,26.1,18.9,2.6,18.9,90,1.15,3.43,0.8602,2020,8,222,22.5,15,3.354580165398401,4.208794254405145
2020-08-10,25.4,19.0,13.5,17.22,90,1.2,3.15,0.8976,2020,8,223,22.2,15,3.083301791521971,3.805042368770252
2020-08-11,24.7,19.9,25.3,16.14,93,1.4,2.83,1.0472,2020,8,224,22.299999999999997,15,2.8816525235453603,3.575656211578524
2020-08-12,25.0,19.5,17.2,15.15,93,1.21,2.77,0.90508,2020,8,225,22.25,15,2.7536148903281803,3.351986484816014
2020-08-13,24.1,20.2,6.6,13.69,95,2.46,2.34,1.84008,2020,8,226,22.15,15,2.4073381590739986,3.0211051656430676
2020-08-14,24.8,20.2,12.3,14.52,94,2.08,2.57,1.5558400000000001,2020,8,227,22.5,15,2.6061047900563032,3.2334228875112543
2020-08-15,25.6,19.9,8.0,19.43,91,2.03,3.5,1.5184399999999998,2020,8,228,22.75,15,3.3988942194514316,4.35470010938485
2020-08-16,23.3,20.6,6.4,10.99,96,2.04,1.92,1.52592,2020,8,229,21.950000000000003,16,2.0316818418419254,2.4126673807113996
2020-08-17,23.3,20.1,6.2,16.33,96,2.83,2.68,2.11684,2020,8,230,21.700000000000003,16,2.6684805649158823,3.561575728359308
2020-08-18,22.2,19.3,6.9,14.85,95,2.71,2.43,2.0270799999999998,2020,8,231,20.75,16,2.4516674076083986,3.158025566203694
2020-08-19,23.2,19.1,4.0,16.8,93,2.87,2.81,2.14676,2020,8,232,21.15,16,2.790276063363711,3.6111661827383785
2020-08-20,22.9,19.2,10.2,17.63,97,2.43,2.87,1.8176400000000001,2020,8,233,21.049999999999997,16,2.8105610254182882,3.779484631984552
2020-08-21,25.0,17.8,1.0,20.7,89,2.14,3.56,1.6007200000000001,2020,8,234,21.4,16,3.503592912155518,4.479100986414952
2020-08-22,25.2,19.4,1.2,21.18,84,2.42,3.72,1.81016,2020,8,235,22.299999999999997,16,3.779090155791605,4.692218002554717
2020-08-23,26.4,19.3,0.5,23.03,84,2.34,4.18,1.7503199999999999,2020,8,236,22.85,16,4.103577613752786,5.1747644055186495
2020-08-24,25.2,20.1,3.4,19.95,92,1.98,3.56,1.48104,2020,8,237,22.65,16,3.475183481066799,4.459791127233435
2020-08-25,25.4,19.9,4.0,22.68,92,2.8,3.88,2.0944,2020,8,238,22.65,16,3.779922657118464,5.07007833411801
2020-08-26,23.9,19.2,1.8,20.25,89,3.88,3.39,2.90224,2020,8,239,21.549999999999997,16,3.378273816073979,4.399126345096997
2020-08-27,24.5,18.9,3.3,18.36,91,2.91,3.17,2.17668,2020,8,240,21.7,16,3.136688081649173,4.004319067524611
2020-08-28,24.3,19.1,9.2,20.68,90,2.31,3.59,1.72788,2020,8,241,21.700000000000003,16,3.5140802871364385,4.510311455142101
2020-08-29,24.3,19.6,1.3,20.7,89,3.53,3.54,2.64044,2020,8,242,21.950000000000003,16,3.5050231222927195,4.544332555116103
2020-08-30,23.9,19.1,0.4,19.85,86,3.17,3.42,2.37116,2020,8,243,21.5,16,3.4809930224293564,4.306544995759627
2020-08-31,25.0,18.9,1.5,18.48,87,3.02,3.24,2.25896,2020,8,244,21.95,16,3.3293883615423505,4.056969353552927
2020-09-01,24.7,19.6,10.5,16.53,94,2.79,2.85,2.08692,2020,9,245,22.15,17,2.852079805760908,3.6478355287129225
2020-09-02,25.1,19.9,17.4,14.62,96,2.67,2.47,1.99716,2020,9,246,22.5,17,2.561135359110991,3.2556916401800646
2020-09-03,26.1,20.4,5.3,19.81,91,3.14,3.56,2.34872,2020,9,247,23.25,17,3.4942693927024653,4.49676041330845
2020-09-04,26.2,20.3,0.2,21.81,88,3.16,3.84,2.36368,2020,9,248,23.25,17,3.8822820278080465,4.950749349533432
2020-09-05,26.3,19.8,1.2,22.68,88,2.9,4.08,2.1692,2020,9,249,23.05,17,3.996335488899905,5.122172635270601
2020-09-06,24.7,19.7,5.6,18.85,92,2.45,3.31,1.8326000000000002,2020,9,250,22.2,17,3.278960898682002,4.1652176917142425
2020-09-07,24.1,19.6,4.2,19.83,95,2.63,3.35,1.9672399999999999,2020,9,251,21.85,17,3.2717506693564973,4.341972239133137
2020-09-08,24.7,19.9,1.9,20.61,91,2.64,3.6,1.97472,2020,9,252,22.299999999999997,17,3.5506763810307613,4.565940180956218
2020-09-09,25.2,19.7,2.5,18.78,90,2.27,3.35,1.69796,2020,9,253,22.45,17,3.3722350094312024,4.176683529128316
2020-09-10,23.7,19.7,3.6,15.98,93,2.72,2.74,2.03456,2020,9,254,21.7,17,2.799838062118193,3.485240669882532
2020-09-11,24.3,19.3,0.2,20.84,88,2.87,3.58,2.14676,2020,9,255,21.8,17,3.6189228414610897,4.557149669003103
2020-09-12,23.9,19.2,4.3,18.81,90,2.73,3.26,2.04204,2020,9,256,21.549999999999997,17,3.2691410596962305,4.086299582778988
2020-09-13,24.7,19.0,0.7,19.79,89,2.34,3.47,1.7503199999999999,2020,9,257,21.85,17,3.488490089003179,4.333213848333069
2020-09-14,25.3,18.5,0.0,23.71,80,2.52,4.24,1.88496,2020,9,258,21.9,17,4.271922106586258,5.198331156027458
2020-09-15,25.0,19.0,0.0,22.91,82,2.49,4.09,1.8625200000000002,2020,9,259,22.0,17,4.121182831009946,5.0360674035653075
2020-09-16,24.1,18.5,5.1,20.16,87,2.27,3.51,1.69796,2020,9,260,21.3,18,3.546952246768176,4.3507110608186235
2020-09-17,24.9,18.9,15.3,21.28,89,1.52,3.76,1.13696,2020,9,261,21.9,18,3.767456444786255,4.665562505283184
2020-09-18,26.1,18.3,3.9,21.61,84,1.61,3.98,1.20428,2020,9,262,22.200000000000003,18,3.93611665667354,4.775085109705293
2020-09-19,26.1,20.0,2.6,21.02,89,1.62,3.84,1.2117600000000002,2020,9,263,23.05,18,3.8483722324368332,4.747269347151148
2020-09-20,25.3,20.2,8.5,18.67,89,1.89,3.22,1.4137199999999999,2020,9,264,22.75,18,3.4547726359645896,4.184367011951372
2020-09-21,24.5,20.2,8.5,18.56,92,2.39,3.27,1.7877200000000002,2020,9,265,22.35,18,3.2928745237060104,4.11710669811345
2020-09-22,24.5,21.0,9.4,14.65,96,2.12,2.61,1.58576,2020,9,266,22.75,18,2.671952152799331,3.2833945755269203
2020-09-23,26.4,20.4,0.4,24.86,83,2.54,4.52,1.89992,2020,9,267,23.4,18,4.560493215400554,5.6645147833788165
2020-09-24,25.2,19.7,2.0,19.76,89,2.0,3.62,1.496,2020,9,268,22.45,18,3.588858653101613,4.3946361307548205
2020-09-25,25.7,20.9,15.6,19.8,90,2.4,3.62,1.7952,2020,9,269,23.299999999999997,18,3.630475120744627,4.5001799243158835
2020-09-26,25.7,20.4,4.6,18.34,90,2.24,3.32,1.6755200000000001,2020,9,270,23.049999999999997,18,3.4062498153092786,4.142003797657091
2020-09-27,25.4,19.9,1.0,22.66,88,2.46,4.05,1.84008,2020,9,271,22.65,18,4.0287704787276875,5.065607365569406
2020-09-28,24.9,20.5,5.8,17.59,95,2.42,3.05,1.81016,2020,9,272,22.7,18,3.106855496437548,3.9372655388969418
2020-09-29,24.2,19.9,8.3,17.38,95,2.51,2.92,1.8774799999999998,2020,9,273,22.049999999999997,18,3.0120318402430044,3.8254472408623994
2020-09-30,25.4,20.1,6.1,20.55,93,2.28,3.59,1.7054399999999998,2020,9,274,22.75,18,3.620983248196248,4.605717305602608
2020-10-01,26.2,20.5,2.8,22.69,91,2.57,4.06,1.9223599999999998,2020,10,275,23.35,19,4.028967991716997,5.1635448696017825
2020-10-02,26.2,21.1,3.4,20.95,91,2.73,3.79,2.04204,2020,10,276,23.65,19,3.7943694600014592,4.803709253423864
2020-10-03,25.5,20.9,5.1,18.44,94,2.2,3.25,1.6456000000000002,2020,10,277,23.2,19,3.3374310821984565,4.180479827298624
2020-10-04,23.4,20.0,9.0,13.14,97,2.32,2.21,1.7353599999999998,2020,10,278,21.7,19,2.348971645910808,2.8658361953852616
2020-10-05,24.5,19.6,4.3,20.2,89,2.83,3.59,2.11684,2020,10,279,22.05,19,3.5815460203111322,4.44614696578944
2020-10-06,23.0,19.4,15.8,16.42,95,2.81,2.71,2.10188,2020,10,280,21.2,19,2.7855569268002105,3.534184619210744
2020-10-07,24.6,19.4,2.6,17.86,91,2.63,3.17,1.9672399999999999,2020,10,281,22.0,19,3.2051262219683028,3.92597834254371
2020-10-08,22.9,19.9,9.5,13.4,95,2.75,2.28,2.057,2020,10,282,21.4,19,2.3977133940446764,2.8995146482106455
2020-10-09,25.7,19.5,8.1,19.0,91,2.32,3.46,1.7353599999999998,2020,10,283,22.6,19,3.4493327005125924,4.24196723549488
2020-10-10,23.4,20.9,17.4,8.98,98,2.15,1.61,1.6081999999999999,2020,10,284,22.15,19,1.759036555354199,1.9817037536504565
2020-10-11,26.3,20.5,13.8,19.27,93,2.48,3.35,1.85504,2020,10,285,23.4,19,3.4942485639636653,4.3907964551773855
2020-10-12,25.4,20.6,7.2,21.49,91,3.06,3.7,2.2888800000000002,2020,10,286,23.0,19,3.784568545906973,4.847244506065024
2020-10-13,27.5,20.1,2.3,24.28,87,2.61,4.5,1.9522799999999998,2020,10,287,23.8,19,4.461865186363758,5.588206358269948
2020-10-14,25.4,20.7,4.3,22.48,91,2.25,4.04,1.683,2020,10,288,23.049999999999997,19,4.010000195509129,5.077003564412836
2020-10-15,25.4,20.7,5.5,20.03,91,2.26,3.55,1.6904799999999998,2020,10,289,23.049999999999997,19,3.649114926006443,4.523682446405209
2020-10-16,26.0,19.9,4.5,19.99,91,1.91,3.63,1.42868,2020,10,290,22.95,20,3.668137715211898,4.503166490832122
2020-10-17,26.0,20.1,3.0,22.09,89,1.31,4.07,0.9798800000000001,2020,10,291,23.05,20,4.083484163528633,4.988923876240193
2020-10-18,24.6,20.8,8.6,17.81,94,1.69,3.24,1.26412,2020,10,292,22.700000000000003,20,3.2668307806687684,3.986509337564214
2020-10-19,24.8,20.6,38.7,15.3,96,2.17,2.66,1.62316,2020,10,293,22.700000000000003,20,2.7886236759116687,3.4246823618603304
2020-10-20,25.8,20.8,13.8,17.72,93,1.36,3.32,1.01728,2020,10,294,23.3,20,3.360523621235659,4.027433750448355
2020-10-21,26.2,20.3,14.4,21.25,90,1.51,3.88,1.12948,2020,10,295,23.25,20,3.947137564967813,4.8236324473904375
2020-10-22,25.3,20.6,4.0,18.62,93,2.1,3.37,1.5708,2020,10,296,22.950000000000003,20,3.3965906448774237,4.194545275602507
2020-10-23,25.3,20.8,17.1,16.07,95,2.2,2.83,1.6456000000000002,2020,10,297,23.05,20,2.958377450341403,3.629334843421453
2020-10-24,25.7,20.4,10.7,19.57,94,2.12,3.48,1.58576,2020,10,298,23.049999999999997,20,3.52362756399627,4.419793583432349
2020-10-25,25.6,21.2,8.3,15.48,97,1.69,2.79,1.26412,2020,10,299,23.4,20,2.9019470058479047,3.5272199857885798
2020-10-26,26.8,21.1,3.8,18.76,93,1.66,3.53,1.24168,2020,10,300,23.950000000000003,20,3.5591130958917305,4.333931171445623
2020-10-27,25.5,20.6,5.5,16.28,93,1.96,2.94,1.46608,2020,10,301,23.05,20,3.067909689451166,3.676762367822107
2020-10-28,26.5,19.8,10.3,21.33,89,2.16,3.9,1.61568,2020,10,302,23.15,20,3.929008079477471,4.829535549288524
2020-10-29,26.6,20.7,25.9,17.6,93,1.91,3.23,1.42868,2020,10,303,23.65,20,3.328021582044554,4.0355743608716
2020-10-30,26.5,19.8,25.3,17.17,92,1.12,3.19,0.8377600000000001,2020,10,304,23.15,20,3.3055559849675924,3.8876289442702285
2020-10-31,25.3,20.2,6.8,14.07,91,1.57,2.66,1.17436,2020,10,305,22.75,20,2.7794193540527607,3.1534035274855814
2020-11-01,26.5,20.6,9.5,17.72,90,0.99,3.39,0.74052,2020,11,306,23.55,21,3.45613427309892,4.052899838862925
2020-11-02,25.8,19.8,12.3,19.3,91,1.19,3.67,0.8901199999999999,2020,11,307,22.8,21,3.6179120540234107,4.3311047365170845
2020-11-03,26.7,20.1,2.5,22.73,88,1.14,4.24,0.8527199999999999,2020,11,308,23.4,21,4.259210095526898,5.1791802504505435
2020-11-04,26.2,20.9,24.7,19.32,88,2.12,3.56,1.58576,2020,11,309,23.549999999999997,21,3.6933534332965032,4.4188501629137535
2020-11-05,26.5,21.4,17.1,21.11,91,2.16,3.94,1.61568,2020,11,310,23.95,21,3.9260429515928865,4.876827666802616
2020-11-06,27.6,20.3,1.2,24.58,86,1.71,4.63,1.27908,2020,11,311,23.950000000000003,21,4.611345466591221,5.678466321648901
2020-11-07,26.5,20.4,1.7,23.28,84,1.69,4.34,1.26412,2020,11,312,23.45,21,4.379465932372745,5.311192689217778
2020-11-08,27.3,19.7,2.1,23.23,85,1.32,4.39,0.98736,2020,11,313,23.5,21,4.379136364504696,5.306463062644295
2020-11-09,26.4,20.6,1.3,24.51,88,1.86,4.52,1.39128,2020,11,314,23.5,21,4.490002137166391,5.598855345045703
2020-11-10,26.1,20.1,1.0,23.45,86,2.0,4.32,1.496,2020,11,315,23.1,21,4.315903302946868,5.302809284225157
2020-11-11,25.1,21.0,29.0,14.33,96,1.86,2.55,1.39128,2020,11,316,23.05,21,2.7042388347105373,3.2363639269588935
2020-11-12,27.3,19.7,4.8,22.26,88,1.31,4.19,0.9798800000000001,2020,11,317,23.5,21,4.191099992296699,5.084884536136978
2020-11-13,26.5,21.8,13.1,19.97,91,1.75,3.67,1.309,2020,11,318,24.15,21,3.802653128738627,4.636451947906066
2020-11-14,26.8,21.8,6.5,17.45,92,2.06,3.24,1.54088,2020,11,319,24.3,21,3.3739768688038967,4.066450986111469
2020-11-15,26.2,21.3,16.0,16.27,92,1.68,3.04,1.25664,2020,11,320,23.75,21,3.167440356628746,3.739971096950317
2020-11-16,27.4,21.4,0.4,25.15,88,2.45,4.62,1.8326000000000002,2020,11,321,24.4,22,4.657763081753793,5.8752990698872996
2020-11-17,26.1,21.4,7.3,18.88,92,2.22,3.39,1.66056,2020,11,322,23.75,22,3.531912668158748,4.339929582693422
2020-11-18,27.1,20.8,7.2,22.74,89,1.97,4.21,1.47356,2020,11,323,23.950000000000003,22,4.246104331388041,5.253389916773638
2020-11-19,27.9,21.3,2.3,21.49,86,1.74,4.15,1.30152,2020,11,324,24.6,22,4.1981369391685766,5.045042870869632
2020-11-20,26.1,21.4,4.8,18.64,92,1.43,3.44,1.06964,2020,11,325,23.75,22,3.561401868372772,4.284760986303252
2020-11-21,26.4,21.3,10.2,19.19,92,1.75,3.6,1.309,2020,11,326,23.85,22,3.630700432276998,4.422228306757157
2020-11-22,26.0,21.3,15.4,17.24,90,1.33,3.24,0.9948400000000001,2020,11,327,23.65,22,3.3682079023476685,3.9530285216719525
2020-11-23,26.2,21.3,3.5,16.1,92,1.1,3.06,0.8228000000000001,2020,11,328,23.75,22,3.1770892712562078,3.700893341173946
2020-11-24,25.6,20.8,11.1,15.62,94,1.4,2.83,1.0472,2020,11,329,23.200000000000003,22,3.004537879866123,3.5411656671585954
2020-11-25,25.1,21.0,12.9,13.77,96,1.34,2.53,1.00232,2020,11,330,23.05,22,2.6697257754803903,3.10989052855715
2020-11-26,25.6,21.0,38.1,13.68,96,1.14,2.55,0.8527199999999999,2020,11,331,23.3,22,2.6922331631655627,3.1092152204364285
2020-11-27,24.7,21.0,5.7,12.51,95,1.18,2.34,0.88264,2020,11,332,22.85,22,2.4884767888169455,2.810955393531841
2020-11-28,26.5,20.9,34.9,14.09,94,0.82,2.67,0.61336,2020,11,333,23.7,22,2.840580579869627,3.234804196234967
2020-11-29,25.8,21.1,22.7,14.45,94,0.85,2.75,0.6358,2020,11,334,23.450000000000003,22,2.880285963876583,3.296681029175124
2020-11-30,23.4,20.8,36.5,5.93,97,0.86,1.24,0.64328,2020,11,335,22.1,22,1.4015537319484828,1.3069303823980665
2020-12-01,22.7,20.9,19.6,5.04,97,0.77,1.05,0.57596,2020,12,336,21.799999999999997,23,1.2586118530834787,1.1021129717742626
2020-12-02,24.7,20.6,0.4,9.63,87,1.14,1.95,0.8527199999999999,2020,12,337,22.65,23,2.161000025629728,2.1527713561532824
2020-12-03,26.8,20.6,8.7,16.59,90,0.98,3.19,0.73304,2020,12,338,23.700000000000003,23,3.285941325195078,3.808758099044578
2020-12-04,24.9,21.4,5.7,14.18,97,1.57,2.55,1.17436,2020,12,339,23.15,23,2.6948363995199167,3.210633571913327
2020-12-05,25.8,20.8,9.5,14.72,93,1.76,2.78,1.31648,2020,12,340,23.3,23,2.863383324998764,3.3455883073701917
2020-12-06,26.6,21.1,9.4,13.48,91,1.08,2.76,0.80784,2020,12,341,23.85,23,2.771359835032264,3.106390702193146
2020-12-07,26.8,21.4,3.3,18.18,85,3.05,3.51,2.2813999999999997,2020,12,342,24.1,23,3.673499208510929,4.215633772587141
2020-12-08,26.8,21.6,2.7,16.15,86,2.07,3.22,1.54836,2020,12,343,24.200000000000003,23,3.324450054962759,3.754207823219224
2020-12-09,25.8,21.8,4.0,17.75,87,3.03,3.33,2.26644,2020,12,344,23.8,23,3.498885993794507,4.08528265483079
2020-12-10,27.1,22.2,2.5,17.38,84,2.55,3.39,1.9073999999999998,2020,12,345,24.65,23,3.62689156457818,4.085176447707462
2020-12-11,26.7,21.6,16.9,12.74,90,1.1,2.53,0.8228000000000001,2020,12,346,24.15,23,2.68166111891725,2.957856675829909
2020-12-12,23.3,21.0,76.7,5.26,96,1.53,1.13,1.1444400000000001,2020,12,347,22.15,23,1.2955469970836533,1.1607752499110688
2020-12-13,24.8,20.7,13.6,12.56,93,1.34,2.39,1.00232,2020,12,348,22.75,23,2.5150227785803922,2.8149785575848547
2020-12-14,24.0,20.9,21.1,10.66,94,1.2,2.01,0.8976,2020,12,349,22.45,23,2.1911996170929813,2.370790544222995
2020-12-15,23.2,20.4,13.1,6.78,98,1.06,1.33,0.79288,2020,12,350,21.799999999999997,23,1.501496687847311,1.4826043548868058
2020-12-16,24.0,20.7,16.2,13.98,94,1.81,2.53,1.35388,2020,12,351,22.35,24,2.655900577618186,3.1011396357557133
2020-12-17,25.1,20.5,6.6,17.28,92,2.73,3.11,2.04204,2020,12,352,22.8,24,3.169097677097925,3.8777974013997527
2020-12-18,24.7,20.7,4.9,17.06,91,2.5,3.06,1.87,2020,12,353,22.7,24,3.1747404026195376,3.818632751198512
2020-12-19,25.4,20.6,6.2,18.77,93,2.43,3.3,1.8176400000000001,2020,12,354,23.0,24,3.396086743156327,4.233726355460238
2020-12-20,24.8,20.8,14.6,16.96,94,2.94,2.95,2.1991199999999997,2020,12,355,22.8,24,3.033654368214251,3.8059863384108685
2020-12-21,25.5,20.5,0.8,23.26,86,3.36,4.19,2.51328,2020,12,356,23.0,24,4.215507317303165,5.246482420245346
2020-12-22,25.6,21.2,3.1,17.22,90,2.73,3.21,2.04204,2020,12,357,23.4,24,3.2831922822921347,3.923690449307451
2020-12-23,25.8,20.9,2.4,20.92,90,2.37,3.79,1.7727600000000001,2020,12,358,23.35,24,3.8422555083513505,4.7607474073190525
2020-12-24,25.3,20.6,2.7,21.0,89,1.44,3.86,1.0771199999999999,2020,12,359,22.950000000000003,24,3.900306263315066,4.730690160453956
2020-12-25,25.8,20.1,29.6,19.26,89,1.06,3.55,0.79288,2020,12,360,22.950000000000003,24,3.6569396132891807,4.338718690016343
2020-12-26,25.6,19.9,13.8,19.3,89,1.02,3.56,0.76296,2020,12,361,22.75,24,3.6475357557614987,4.325564184823861
2020-12-27,26.7,21.0,16.0,19.5,88,1.05,3.63,0.7854,2020,12,362,23.85,24,3.7888772768030994,4.493666075131035
2020-12-28,25.0,20.5,4.0,17.36,92,1.77,3.18,1.32396,2020,12,363,22.75,24,3.246931149877186,3.890766541375245
2020-12-29,25.9,21.3,4.7,20.72,91,1.79,3.82,1.33892,2020,12,364,23.6,24,3.8609609307795436,4.745013883952483
2020-12-30,24.8,20.8,11.6,15.59,95,1.57,2.8,1.17436,2020,12,365,22.8,24,2.934307133005771,3.4985452249897073
2020-12-31,26.5,19.5,7.0,19.67,84,1.5,3.73,1.1219999999999999,2020,12,366,23.0,24,3.791639309776134,4.43672868470447
2021-01-01,26.9,20.5,31.8,16.37,91,1.13,3.08,0.8452399999999999,2021,1,1,23.7,1,3.2336810775926765,3.7582501555973327
2021-01-02,25.0,20.5,13.9,16.5,92,1.67,2.97,1.24916,2021,1,2,22.75,1,3.124522004015823,3.6980211942794665
2021-01-03,24.8,20.9,12.7,14.68,95,2.32,2.66,1.7353599999999998,2021,1,3,22.85,1,2.7281985065949095,3.298547176422656
2021-01-04,26.5,20.9,44.9,12.23,93,2.06,2.35,1.54088,2021,1,4,23.7,1,2.492123973115514,2.8077824925446166
2021-01-05,24.9,20.8,35.0,10.5,95,1.29,1.96,0.96492,2021,1,5,22.85,1,2.1641325227147994,2.359315078503944
2021-01-06,25.4,20.6,6.1,13.19,91,1.35,2.56,1.0098,2021,1,6,23.0,1,2.6678401272175543,2.9751119141460065
2021-01-07,23.8,21.1,11.3,8.68,93,1.94,1.66,1.45112,2021,1,7,22.450000000000003,1,1.8933718360687877,1.9304373286918948
2021-01-08,22.2,20.7,33.1,4.93,98,2.17,0.93,1.62316,2021,1,8,21.45,1,1.1562030215774868,1.068173415087309
2021-01-09,24.7,21.2,15.1,14.03,96,1.43,2.58,1.06964,2021,1,9,22.95,1,2.696813171967465,3.1605515691032853
2021-01-10,25.9,20.8,31.2,17.33,92,1.03,3.24,0.77044,2021,1,10,23.35,1,3.3544623104342848,3.9437740233670726
2021-01-11,26.6,20.7,25.6,14.83,93,0.84,2.84,0.62832,2021,1,11,23.65,1,2.972703203971845,3.400429987029876
2021-01-12,25.6,21.0,32.5,15.36,95,1.12,2.86,0.8377600000000001,2021,1,12,23.3,1,2.9848840975987243,3.4910486685602
2021-01-13,24.2,21.3,171.4,8.13,96,2.0,1.54,1.496,2021,1,13,22.75,1,1.733125859169953,1.8221158975449736
2021-01-14,24.9,21.0,18.4,15.99,96,1.98,2.83,1.48104,2021,1,14,22.95,1,2.9412702740471235,3.6020826507456545
2021-01-15,25.7,21.3,17.3,15.45,96,2.01,2.87,1.50348,2021,1,15,23.5,1,2.897090466514976,3.5292662211732395
2021-01-16,22.6,20.7,33.0,4.29,98,2.74,0.86,2.0495200000000002,2021,1,16,21.65,2,1.046832862586659,0.934420716270343
2021-01-17,25.0,20.8,6.0,14.79,91,2.17,2.81,1.62316,2021,1,17,22.9,2,2.8801409731282415,3.327510454293581
2021-01-18,25.3,20.6,8.0,10.86,91,1.09,2.2,0.81532,2021,1,18,22.950000000000003,2,2.303733581511912,2.44644262583476
2021-01-19,25.6,20.5,5.5,12.95,90,1.45,2.55,1.0846,2021,1,19,23.05,2,2.6540719174077068,2.9246973380403123
2021-01-20,26.0,21.0,0.6,15.47,83,1.23,3.0,0.92004,2021,1,20,23.5,2,3.190668755052246,3.5338348505857615
2021-01-21,25.9,21.0,1.4,17.04,88,2.06,3.2,1.54088,2021,1,21,23.45,2,3.347833683825162,3.887574030252188
2021-01-22,24.0,21.0,9.7,14.09,92,2.46,2.55,1.84008,2021,1,22,22.5,2,2.7055658476698894,3.1376672510353703
2021-01-23,25.7,21.2,2.6,17.84,89,2.43,3.28,1.8176400000000001,2021,1,23,23.45,2,3.4288908340008755,4.070089242940084
2021-01-24,25.2,21.0,6.1,15.9,90,2.45,2.97,1.8326000000000002,2021,1,24,23.1,2,3.080951244048181,3.595508214037527
2021-01-25,24.7,20.9,10.2,13.21,87,2.44,2.63,1.8251199999999999,2021,1,25,22.799999999999997,2,2.7663396173246015,2.9644504440098807
2021-01-26,25.8,19.9,10.7,22.3,89,3.11,4.06,2.3262799999999997,2021,1,26,22.85,2,3.9775649563137416,5.01073583339409
2021-01-27,25.7,21.1,5.6,15.03,91,2.95,2.78,2.2066000000000003,2021,1,27,23.4,2,2.928073341565855,3.424684521085423
2021-01-28,27.1,21.0,5.7,18.03,86,2.82,3.48,2.1093599999999997,2021,1,28,24.05,2,3.6169938896693874,4.175662629816796
2021-01-29,26.8,21.3,7.0,13.56,87,2.02,2.72,1.51096,2021,1,29,24.05,2,2.8953100094422597,3.140431794803979
2021-01-30,25.8,20.8,14.5,11.03,92,1.99,2.21,1.48852,2021,1,30,23.3,2,2.319073701996202,2.5069184123840498
2021-01-31,26.5,20.9,6.8,19.9,86,2.98,3.75,2.22904,2021,1,31,23.7,2,3.8493543776025456,4.568673066364502
2021-02-01,27.5,21.0,7.4,20.85,84,2.44,3.98,1.8251199999999999,2021,2,32,24.25,3,4.118411126613353,4.852765588474009
2021-02-02,27.3,21.1,24.5,16.2,87,1.82,3.19,1.3613600000000001,2021,2,33,24.200000000000003,3,3.312824046305248,3.765830757656435
2021-02-03,25.5,20.8,7.1,13.27,89,2.52,2.61,1.88496,2021,2,34,23.15,3,2.7354938491889547,3.004591502065575
2021-02-04,26.6,20.7,10.8,13.34,89,2.36,2.72,1.76528,2021,2,35,23.65,3,2.7822816706694242,3.058781930342451
2021-02-05,25.7,21.1,13.6,11.84,93,1.42,2.27,1.06216,2021,2,36,23.4,3,2.440535655597987,2.697822004634159
2021-02-06,24.2,20.9,37.1,10.76,97,0.75,2.11,0.5609999999999999,2021,2,37,22.549999999999997,3,2.207284408798172,2.3992052599093636
2021-02-07,28.0,20.9,8.6,20.17,86,1.67,3.93,1.24916,2021,2,38,24.45,3,3.9851667403207185,4.717728147512468
2021-02-08,24.9,20.6,15.7,12.1,95,0.84,2.36,0.62832,2021,2,39,22.75,3,2.449740144304043,2.7118822091382753
2021-02-09,26.0,21.0,35.9,14.97,94,1.08,2.84,0.80784,2021,2,40,23.5,3,2.956070991046433,3.4196191152727122
2021-02-10,24.5,20.8,5.4,11.61,92,2.19,2.21,1.63812,2021,2,41,22.65,3,2.3646920629065304,2.5953972424651717
2021-02-11,25.0,21.0,17.2,13.91,91,1.6,2.56,1.1968,2021,2,42,23.0,3,2.7744555120894194,3.137513777541391
2021-02-12,25.0,20.8,6.9,16.29,92,2.05,2.98,1.5333999999999999,2021,2,43,22.9,3,3.083008493180678,3.6649861595971895
2021-02-13,26.4,20.9,4.3,22.03,87,1.76,4.05,1.31648,2021,2,44,23.65,3,4.159594789070654,5.0513467710228035
2021-02-14,26.2,20.8,2.9,21.36,87,1.94,3.95,1.45112,2021,2,45,23.5,3,4.032963542564491,4.879296212573489
2021-02-15,26.3,21.0,2.0,24.6,83,1.96,4.51,1.46608,2021,2,46,23.65,3,4.6208563218946,5.640632345309168
2021-02-16,26.7,20.1,3.3,21.36,84,1.4,4.05,1.0472,2021,2,47,23.4,4,4.090871697888515,4.867016724576489
2021-02-17,26.8,21.0,4.0,22.82,86,2.81,4.21,2.10188,2021,2,48,23.9,4,4.294044681409044,5.265306204772004
2021-02-18,26.8,20.6,8.7,22.46,84,2.98,4.17,2.22904,2021,2,49,23.700000000000003,4,4.286131169971976,5.156401862841545
2021-02-19,27.1,20.4,2.7,16.31,87,1.15,3.24,0.8602,2021,2,50,23.75,4,3.2843702648440973,3.749165863015345
2021-02-20,24.1,20.6,8.6,9.76,94,1.78,1.89,1.33144,2021,2,51,22.35,4,2.0276366769102765,2.165030246421728
2021-02-21,26.0,20.5,2.5,22.15,87,2.25,4.09,1.683,2021,2,52,23.25,4,4.106702789494847,5.027927468691679
2021-02-22,24.4,21.0,7.8,12.81,95,2.12,2.33,1.58576,2021,2,53,22.7,4,2.45554620315351,2.8673320951261982
2021-02-23,23.4,20.9,16.8,7.29,97,2.63,1.32,1.9672399999999999,2021,2,54,22.15,4,1.5251190156104097,1.6087550516828313
2021-02-24,26.1,21.1,4.0,15.38,88,2.59,2.97,1.93732,2021,2,55,23.6,4,3.106640388793432,3.522119379111448
2021-02-25,26.4,20.9,2.1,19.93,87,1.76,3.76,1.31648,2021,2,56,23.65,4,3.829510575003764,4.5698293756915325
2021-02-26,26.6,21.0,26.3,18.49,88,1.37,3.5,1.0247600000000001,2021,2,57,23.8,4,3.6105326369050825,4.255598664102608
2021-02-27,23.5,20.7,20.3,9.89,98,1.78,1.77,1.33144,2021,2,58,22.1,4,1.9299570747516899,2.1796865905424756
2021-02-28,24.6,20.4,9.8,17.59,95,1.69,3.17,1.26412,2021,2,59,22.5,4,3.20075713095874,3.91707359444373
2021-03-01,26.4,20.9,0.2,23.14,83,1.89,4.34,1.4137199999999999,2021,3,60,23.65,5,4.39055641881905,5.305863108555046
2021-03-02,28.0,19.5,1.4,22.2,82,1.26,4.39,0.94248,2021,3,61,23.75,5,4.279568839930175,5.103095166090782
2021-03-03,27.3,20.2,1.6,19.14,87,1.0,3.73,0.748,2021,3,62,23.75,5,3.7307221876710166,4.399695562116107
2021-03-04,26.0,21.0,8.3,18.9,86,1.91,3.49,1.42868,2021,3,63,23.5,5,3.6688921403626082,4.317354794833283
2021-03-05,23.9,21.2,3.4,10.79,90,2.07,2.07,1.54836,2021,3,64,22.549999999999997,5,2.289191282552268,2.4058944939053934
2021-03-06,26.1,20.2,8.9,17.43,88,0.92,3.33,0.68816,2021,3,65,23.15,5,3.389201051474496,3.9464981070838716
2021-03-07,26.5,20.2,10.9,16.82,91,0.73,3.19,0.54604,2021,3,66,23.35,5,3.2907756991497643,3.8277137376245913
2021-03-08,25.0,20.5,16.1,13.2,94,0.78,2.49,0.5834400000000001,2021,3,67,22.75,5,2.628912061107931,2.9584169554235733
2021-03-09,25.1,20.2,21.1,15.48,93,1.71,2.81,1.27908,2021,3,68,22.65,5,2.9251729481764905,3.460529656620229
2021-03-10,26.2,21.1,1.2,15.16,87,1.24,2.96,0.92752,2021,3,69,23.65,5,3.0735590331247273,3.4760970062962184
2021-03-11,26.4,20.5,1.4,21.02,83,1.12,4.0,0.8377600000000001,2021,3,70,23.45,5,4.0191959058337385,4.795587213374471
2021-03-12,25.5,20.5,2.1,18.62,86,1.12,3.47,0.8377600000000001,2021,3,71,23.0,5,3.5688848220643266,4.199892633919534
2021-03-13,25.7,20.4,5.5,19.16,86,1.96,3.53,1.46608,2021,3,72,23.049999999999997,5,3.6513715917360035,4.327196988173929
2021-03-14,26.3,20.8,28.7,14.92,91,1.28,2.83,0.9574400000000001,2021,3,73,23.55,5,2.960685714492776,3.4124867717739753
2021-03-15,25.8,19.5,26.5,17.15,92,1.1,3.23,0.8228000000000001,2021,3,74,22.65,5,3.2407475689429495,3.8338555304287425
2021-03-16,26.8,20.6,13.9,17.71,89,1.09,3.33,0.81532,2021,3,75,23.700000000000003,6,3.4497471994931987,4.065889447503284
2021-03-17,25.8,20.4,14.9,16.88,93,1.04,3.12,0.7779200000000001,2021,3,76,23.1,6,3.2214306339235383,3.8171181542738015
2021-03-18,26.9,20.7,13.3,19.67,89,1.01,3.71,0.75548,2021,3,77,23.799999999999997,6,3.7725726091105467,4.527183651860374
2021-03-19,27.4,20.9,13.8,18.62,90,2.34,3.48,1.7503199999999999,2021,3,78,24.15,6,3.55650365567303,4.323021295443713
2021-03-20,26.1,20.8,9.1,19.02,91,2.85,3.41,2.1318,2021,3,79,23.450000000000003,6,3.4783908181726515,4.339299181654731
2021-03-21,26.7,20.6,3.8,20.61,85,2.38,3.86,1.7802399999999998,2021,3,80,23.65,6,3.9363575755661864,4.725749294179754
2021-03-22,26.6,21.1,11.4,16.08,88,1.37,3.08,1.0247600000000001,2021,3,81,23.85,6,3.1996236849328814,3.7055461788772837
2021-03-23,26.3,21.3,12.8,17.95,89,1.57,3.35,1.17436,2021,3,82,23.8,6,3.46190539590417,4.1313140086880376
2021-03-24,25.4,21.0,21.1,15.47,91,1.38,2.89,1.0322399999999998,2021,3,83,23.2,6,2.997743096719194,3.507159594810722
2021-03-25,26.3,20.8,21.4,17.86,90,0.85,3.34,0.6358,2021,3,84,23.55,6,3.4402556959518864,4.084920492217373
2021-03-26,26.5,20.8,17.6,19.27,89,1.21,3.55,0.90508,2021,3,85,23.65,6,3.6634547343315593,4.418495337158848
2021-03-27,27.1,20.7,1.6,23.45,83,1.82,4.41,1.3613600000000001,2021,3,86,23.9,6,4.410353849127701,5.410667419014175
2021-03-28,25.7,20.5,9.0,18.48,89,1.82,3.35,1.3613600000000001,2021,3,87,23.1,6,3.458069755758412,4.178930301598332
2021-03-29,26.1,20.5,19.0,16.1,92,1.77,2.99,1.32396,2021,3,88,23.3,6,3.054525087760524,3.6592372111861478
2021-03-30,26.4,21.2,8.7,15.99,92,1.98,2.98,1.48104,2021,3,89,23.799999999999997,6,3.062367730791464,3.680206740887004
2021-03-31,26.4,20.9,5.9,17.14,91,2.19,3.14,1.63812,2021,3,90,23.65,6,3.236803710091769,3.9300991218942736
2021-04-01,26.1,20.8,8.7,17.93,90,1.28,3.31,0.9574400000000001,2021,4,91,23.450000000000003,7,3.402049492792828,4.090622204367473
2021-04-02,25.5,20.7,0.2,12.75,90,1.16,2.44,0.8676799999999999,2021,4,92,23.1,7,2.5750299497847515,2.8831905489923564
2021-04-03,27.8,20.6,0.0,23.99,82,1.43,4.58,1.06964,2021,4,93,24.200000000000003,7,4.515968742370559,5.5766839429739425
2021-04-04,26.0,20.9,4.6,19.26,88,1.11,3.62,0.83028,2021,4,94,23.45,7,3.6292507194187724,4.3940537454611
2021-04-05,27.1,21.0,0.2,19.06,79,1.15,3.77,0.8602,2021,4,95,24.05,7,3.7495334659385313,4.41420575287344
2021-04-06,25.9,21.5,2.6,9.74,78,1.49,2.19,1.11452,2021,4,96,23.7,7,2.404949704477064,2.2361244053462443
2021-04-07,27.3,21.4,3.7,15.33,85,1.87,3.1,1.39876,2021,4,97,24.35,7,3.1636234126496996,3.5768317347225387
2021-04-08,27.1,20.4,10.0,13.1,92,1.11,2.59,0.83028,2021,4,98,23.75,7,2.631601611781501,3.011285886296813
2021-04-09,27.2,19.6,0.5,18.32,85,1.31,3.6,0.9798800000000001,2021,4,99,23.4,7,3.5110824922587476,4.174332696359611
2021-04-10,27.1,21.8,5.1,21.91,81,1.34,4.17,1.00232,2021,4,100,24.450000000000003,7,4.194643736187706,5.124711140902239
2021-04-11,26.4,20.5,2.5,20.94,83,1.5,3.9,1.1219999999999999,2021,4,101,23.45,7,3.9224180455349518,4.777335692105682
2021-04-12,25.7,21.0,3.4,20.94,83,1.19,3.78,0.8901199999999999,2021,4,102,23.35,7,3.8924293534913663,4.765298791073659
2021-04-13,26.0,20.7,3.7,19.59,86,1.13,3.6,0.8452399999999999,2021,4,103,23.35,7,3.658367551149714,4.458080387637678
2021-04-14,26.2,19.8,2.7,20.52,87,1.47,3.78,1.0995599999999999,2021,4,104,23.0,7,3.746220488983634,4.6284531067684656
2021-04-15,26.0,20.0,1.9,19.58,87,2.01,3.63,1.50348,2021,4,105,23.0,7,3.5928934081706405,4.416428451780045
2021-04-16,25.9,20.7,0.4,20.59,82,2.29,3.8,1.71292,2021,4,106,23.299999999999997,8,3.8829973225086465,4.6797325576598
2021-04-17,26.3,20.1,2.2,21.25,84,2.15,3.93,1.6081999999999999,2021,4,107,23.200000000000003,8,3.9116141363700727,4.817526915948793
2021-04-18,24.8,20.0,6.1,14.0,94,1.52,2.45,1.13696,2021,4,108,22.4,8,2.597891955924595,3.1095921945197027
2021-04-19,25.7,20.6,0.0,22.68,84,2.58,4.1,1.92984,2021,4,109,23.15,8,4.0895111069224965,5.135202356205519
2021-04-20,25.2,18.8,0.0,24.54,75,2.17,4.55,1.62316,2021,4,110,22.0,8,4.393781513414589,5.394373377716833
2021-04-21,25.5,18.0,0.0,23.21,77,2.37,4.3,1.7727600000000001,2021,4,111,21.75,8,4.171614678185809,5.068754712319261
2021-04-22,25.5,18.7,0.0,22.6,79,2.21,4.16,1.6530799999999999,2021,4,112,22.1,8,4.06577301584891,4.98088138991506
2021-04-23,25.6,17.9,0.2,22.77,80,1.69,4.2,1.26412,2021,4,113,21.75,8,4.0003064610980745,4.9726645755928285
2021-04-24,26.4,18.6,1.5,21.12,80,1.35,3.94,1.0098,2021,4,114,22.5,8,3.8327573264709747,4.703160563652734
2021-04-25,26.2,20.0,1.8,18.95,86,1.24,3.55,0.92752,2021,4,115,23.1,8,3.494860469571675,4.285212619874914
2021-04-26,26.3,20.0,3.4,20.52,83,2.28,3.8,1.7054399999999998,2021,4,116,23.15,8,3.794929207751078,4.646135465138327
2021-04-27,26.0,20.4,0.2,21.96,85,3.02,3.96,2.25896,2021,4,117,23.2,8,3.9349696549775466,4.97848899172873
2021-04-28,25.1,19.8,2.4,19.14,88,1.91,3.48,1.42868,2021,4,118,22.450000000000003,8,3.402268504222871,4.256747750133971
2021-04-29,26.2,19.7,4.1,18.53,85,1.24,3.47,0.92752,2021,4,119,22.95,8,3.416118238081918,4.174270889200562
2021-04-30,26.2,20.0,2.5,19.1,87,2.12,3.5,1.58576,2021,4,120,23.1,8,3.4766930607065856,4.319132508686589
2021-05-01,26.7,19.7,1.8,18.76,85,1.75,3.54,1.309,2021,5,121,23.2,9,3.480026692447557,4.253026114974088
2021-05-02,26.5,20.7,7.0,17.88,85,1.41,3.35,1.0546799999999998,2021,5,122,23.6,9,3.3714236326952984,4.094635533063244
2021-05-03,26.4,19.9,3.2,18.24,87,1.41,3.41,1.0546799999999998,2021,5,123,23.15,9,3.3527393161433854,4.129898191234068
2021-05-04,26.5,20.2,4.0,17.95,87,0.95,3.41,0.7106,2021,5,124,23.35,9,3.3225539318105195,4.084866919759893
2021-05-05,26.7,20.5,1.4,19.84,83,1.73,3.71,1.29404,2021,5,125,23.6,9,3.6866107466326326,4.543488197761452
2021-05-06,26.6,20.7,3.1,19.02,85,1.92,3.59,1.4361599999999999,2021,5,126,23.65,9,3.5389767125359066,4.361171837714649
2021-05-07,26.7,19.9,0.0,21.53,83,2.46,4.03,1.84008,2021,5,127,23.299999999999997,9,3.9076430036043046,4.893377463157625
2021-05-08,25.5,18.7,0.2,19.78,84,2.51,3.63,1.8774799999999998,2021,5,128,22.1,9,3.515318910500841,4.359373181084951
2021-05-09,24.6,20.5,1.7,16.07,91,2.6,2.88,1.9448,2021,5,129,22.55,9,2.851652174182259,3.583199677206643
2021-05-10,25.8,20.7,2.6,17.19,90,2.52,3.12,1.88496,2021,5,130,23.25,9,3.097867491177214,3.9020349068537232
2021-05-11,26.1,20.9,1.5,16.9,90,2.85,3.11,2.1318,2021,5,131,23.5,9,3.069840886366513,3.8604918535810833
2021-05-12,25.7,20.3,0.0,20.33,85,2.69,3.71,2.01212,2021,5,132,23.0,9,3.6325367624611613,4.585597059483571
2021-05-13,26.9,20.5,1.3,19.65,81,2.48,3.75,1.85504,2021,5,133,23.7,9,3.731333800771796,4.511277676083542
2021-05-14,25.6,20.9,0.4,19.26,86,3.15,3.49,2.3562,2021,5,134,23.25,9,3.4817182698794626,4.37191345584658
2021-05-15,26.1,20.7,0.1,19.57,88,3.01,3.56,2.25148,2021,5,135,23.4,9,3.4674168629780584,4.459153431646157
2021-05-16,25.8,20.6,0.4,19.64,88,2.81,3.54,2.10188,2021,5,136,23.200000000000003,10,3.454182836708517,4.452528406081615
2021-05-17,25.7,20.7,3.4,18.09,89,2.56,3.34,1.9148800000000001,2021,5,137,23.2,10,3.219595112022362,4.101132325153585
2021-05-18,26.5,21.0,0.1,18.46,85,1.98,3.53,1.48104,2021,5,138,23.75,10,3.4249337713493375,4.2433845390106235
2021-05-19,26.4,20.8,7.3,14.05,87,1.76,2.72,1.31648,2021,5,139,23.6,10,2.7445508890638326,3.2175407852090925
2021-05-20,26.1,20.7,1.2,18.72,87,2.25,3.46,1.683,2021,5,140,23.4,10,3.374914699186058,4.265475331651305
2021-05-21,26.6,21.1,2.4,17.07,86,2.44,3.23,1.8251199999999999,2021,5,141,23.85,10,3.224141337819588,3.9336861488454753
2021-05-22,26.7,20.4,0.0,20.74,83,2.25,3.91,1.683,2021,5,142,23.549999999999997,10,3.757630389268521,4.743631075508864
2021-05-23,26.8,20.9,1.9,17.63,86,1.13,3.38,0.8452399999999999,2021,5,143,23.85,10,3.2597462935219785,4.062735020746674
2021-05-24,25.9,20.3,3.2,16.11,90,1.79,2.97,1.33892,2021,5,144,23.1,10,2.91495011343591,3.642996058373871
2021-05-25,26.9,20.3,1.6,14.02,85,1.85,2.77,1.3838000000000001,2021,5,145,23.6,10,2.7796500992134185,3.2106705913616707
2021-05-26,26.7,20.8,2.2,18.38,89,1.83,3.45,1.36884,2021,5,146,23.75,10,3.3066496892432444,4.224995006880566
2021-05-27,27.0,20.2,3.7,18.68,86,1.51,3.51,1.12948,2021,5,147,23.6,10,3.3878917674811153,4.2778407023278175
2021-05-28,25.8,21.2,10.7,14.01,90,1.56,2.62,1.1668800000000001,2021,5,148,23.5,10,2.6420323831822983,3.200324903471656
2021-05-29,26.2,20.5,3.9,16.67,89,1.63,3.15,1.2192399999999999,2021,5,149,23.35,10,3.0237796221902977,3.793578359465038
2021-05-30,25.5,20.3,2.6,17.95,90,1.61,3.26,1.20428,2021,5,150,22.9,10,3.139183645504472,4.038459273466517
2021-05-31,26.1,19.2,1.0,17.78,84,1.6,3.32,1.1968,2021,5,151,22.65,10,3.1973177715612784,3.974691039709799
2021-06-01,26.9,18.9,0.0,20.06,83,1.67,3.72,1.24916,2021,6,152,22.9,11,3.5491776299614783,4.513175098926927
2021-06-02,27.5,18.7,1.1,18.89,81,1.46,3.64,1.09208,2021,6,153,23.1,11,3.431492517668476,4.2716446643502435
2021-06-03,26.8,19.5,1.6,16.97,85,1.48,3.21,1.10704,2021,6,154,23.15,11,3.1073453868081082,3.842344972875117
2021-06-04,26.1,19.7,4.3,16.24,87,1.22,3.06,0.9125599999999999,2021,6,155,22.9,11,2.9423229635317862,3.6537369694204025
2021-06-05,26.0,21.0,3.0,16.41,89,1.35,3.12,1.0098,2021,6,156,23.5,11,2.9847278846807166,3.7485604329742954
2021-06-06,27.3,20.3,1.3,18.83,84,1.52,3.57,1.13696,2021,6,157,23.8,11,3.433463241296744,4.33385196565993
2021-06-07,27.0,19.4,0.0,19.14,81,2.1,3.65,1.5708,2021,6,158,23.2,11,3.51019384067564,4.339174831588702
2021-06-08,26.0,18.9,1.0,16.59,84,2.25,3.14,1.683,2021,6,159,22.45,11,3.0449844076441344,3.6896261846772505
2021-06-09,25.8,20.7,8.5,12.83,90,1.94,2.47,1.45112,2021,6,160,23.25,11,2.4440637910850564,2.9123390258832615
2021-06-10,25.9,20.1,1.4,17.19,88,2.44,3.18,1.8251199999999999,2021,6,161,23.0,11,3.0581891194712076,3.877344488564811
2021-06-11,26.1,19.1,2.6,15.51,89,1.57,2.91,1.17436,2021,6,162,22.6,11,2.783778599522833,3.4627848327645054
2021-06-12,26.1,20.4,2.0,16.49,88,1.64,3.08,1.22672,2021,6,163,23.25,11,2.9823188962863605,3.743138779174979
2021-06-13,27.1,19.6,1.8,17.5,82,1.43,3.31,1.06964,2021,6,164,23.35,11,3.2215655395906655,3.9824607852812335
2021-06-14,25.8,20.5,6.3,14.68,89,1.96,2.67,1.46608,2021,6,165,23.15,11,2.706771223114226,3.3238435004011038
2021-06-15,26.4,20.4,4.1,14.88,90,1.31,2.78,0.9798800000000001,2021,6,166,23.4,11,2.7370276794930795,3.3905060328510377
2021-06-16,27.0,19.9,8.0,15.99,89,1.38,3.03,1.0322399999999998,2021,6,167,23.45,12,2.9163047750503144,3.6480228135993245
2021-06-17,26.1,20.6,37.3,15.73,91,2.49,2.91,1.8625200000000002,2021,6,168,23.35,12,2.8025130429147995,3.5796633229985027
2021-06-18,25.2,20.5,15.1,14.72,93,2.19,2.62,1.63812,2021,6,169,22.85,12,2.5783996338457085,3.3075350433883863
2021-06-19,25.7,19.6,8.8,16.43,88,1.21,3.04,0.90508,2021,6,170,22.65,12,2.9164190081597954,3.672900662678964
2021-06-20,26.4,19.8,2.7,17.25,87,0.92,3.25,0.68816,2021,6,171,23.1,12,3.0767249517563138,3.9007872133425994
2021-06-21,25.3,19.5,22.8,13.79,91,0.9,2.55,0.6732,2021,6,172,22.4,12,2.5016712593034303,3.062948311601907
2021-06-22,25.8,20.0,5.1,16.46,90,1.27,3.02,0.94996,2021,6,173,22.9,12,2.9156702712839766,3.703233406198266
2021-06-23,25.3,20.5,11.2,15.37,90,2.16,2.75,1.61568,2021,6,174,22.9,12,2.747760197727943,3.4580010603443103
2021-06-24,25.2,20.6,20.5,13.62,97,1.88,2.39,1.40624,2021,6,175,22.9,12,2.353955531297232,3.0642794041567667
2021-06-25,23.5,19.8,30.1,11.38,95,1.43,2.02,1.06964,2021,6,176,21.65,12,2.0458457343970173,2.4787197555143363
2021-06-26,25.6,20.4,9.0,16.16,92,1.74,2.91,1.30152,2021,6,177,23.0,12,2.832063651551504,3.645019600651969
2021-06-27,26.0,20.5,1.4,16.48,88,1.56,3.06,1.1668800000000001,2021,6,178,23.25,12,2.9751209431644474,3.7408688344938543
2021-06-28,25.6,20.0,7.4,13.65,91,1.04,2.51,0.7779200000000001,2021,6,179,22.8,12,2.507728879662791,3.063190655619596
2021-06-29,25.4,19.9,0.6,17.32,86,2.0,3.13,1.496,2021,6,180,22.65,12,3.0799877886747486,3.8718587630918844
2021-06-30,25.7,19.8,1.9,18.7,87,2.28,3.38,1.7054399999999998,2021,6,181,22.75,12,3.2501114831037956,4.191090686850061
2021-07-01,24.8,19.4,0.4,16.78,87,2.89,2.92,2.1617200000000003,2021,7,182,22.1,13,2.950477454663865,3.698194235521005
2021-07-02,24.5,19.9,0.9,16.62,92,2.71,2.89,2.0270799999999998,2021,7,183,22.2,13,2.7767273803459425,3.6724624952939373
2021-07-03,23.8,20.1,3.4,14.81,94,2.84,2.46,2.12432,2021,7,184,21.950000000000003,13,2.4552275257676675,3.251283340157946
2021-07-04,23.4,19.7,2.6,15.78,88,2.88,2.67,2.1542399999999997,2021,7,185,21.549999999999997,13,2.7447207632715322,3.4280599370681784
2021-07-05,23.2,18.3,1.9,18.64,85,3.02,3.15,2.25896,2021,7,186,20.75,13,3.105511713017377,3.964013235962078
2021-07-06,23.3,17.8,0.4,16.22,83,2.05,2.88,1.5333999999999999,2021,7,187,20.55,13,2.836929012648343,3.4308210491828532
2021-07-07,24.6,18.0,4.2,14.58,85,1.81,2.62,1.35388,2021,7,188,21.3,13,2.64938513946827,3.146496392199183
2021-07-08,24.0,20.0,18.0,13.51,92,2.28,2.35,1.7054399999999998,2021,7,189,22.0,13,2.390357704974503,2.9697630127528285
2021-07-09,25.0,19.2,17.5,14.41,93,1.24,2.58,0.92752,2021,7,190,22.1,13,2.545764317804475,3.175862868525487
2021-07-10,25.3,19.8,7.3,15.72,91,1.35,2.83,1.0098,2021,7,191,22.55,13,2.7846420715115294,3.5051586139196282
2021-07-11,25.5,20.0,0.1,19.46,88,2.03,3.48,1.5184399999999998,2021,7,192,22.75,13,3.3442629736108853,4.361423784283541
2021-07-12,25.6,19.9,0.1,18.49,89,1.9,3.3,1.4212,2021,7,193,22.75,13,3.2013071635528183,4.144024962559232
2021-07-13,25.0,19.3,0.9,18.9,87,2.44,3.33,1.8251199999999999,2021,7,194,22.15,13,3.23546756956033,4.1708464302888215
2021-07-14,24.2,19.3,1.1,18.47,87,3.23,3.16,2.41604,2021,7,195,21.75,13,3.1373467066846463,4.0336018757663386
2021-07-15,23.2,18.9,3.7,16.18,88,3.28,2.79,2.45344,2021,7,196,21.049999999999997,13,2.7679241087442312,3.4686364915207064
2021-07-16,22.3,18.9,6.6,13.14,91,2.85,2.2,2.1318,2021,7,197,20.6,14,2.277002422681545,2.7831023403461326
2021-07-17,24.3,19.6,0.9,16.32,90,2.7,2.88,2.0196,2021,7,198,21.950000000000003,14,2.80766186856847,3.582778130410377
2021-07-18,23.8,19.5,1.2,15.15,89,2.76,2.66,2.0644799999999996,2021,7,199,21.65,14,2.671116517696133,3.299877354661001
2021-07-19,25.2,19.1,1.4,15.99,88,1.87,2.93,1.39876,2021,7,200,22.15,14,2.856510524189175,3.5286684878475274
2021-07-20,26.4,19.6,2.5,17.8,90,1.8,3.25,1.3464,2021,7,201,23.0,14,3.141167762500017,4.014934956163678
2021-07-21,25.3,19.9,0.0,18.03,85,2.51,3.26,1.8774799999999998,2021,7,202,22.6,14,3.2483519715923266,4.0254036450511945
2021-07-22,25.5,19.9,7.0,16.5,87,2.24,3.03,1.6755200000000001,2021,7,203,22.7,14,3.00389280501774,3.693284900045454
2021-07-23,23.7,19.4,6.8,12.7,95,3.09,2.16,2.31132,2021,7,204,21.549999999999997,14,2.1474714881026227,2.7589582509991044
2021-07-24,25.4,18.5,0.0,21.55,86,2.72,3.78,2.03456,2021,7,205,21.95,14,3.609492032153845,4.730935582741644
2021-07-25,25.1,18.6,0.0,20.82,82,2.39,3.72,1.7877200000000002,2021,7,206,21.85,14,3.613791872795298,4.558742411434792
2021-07-26,26.0,16.3,1.6,20.62,78,1.65,3.8,1.2342,2021,7,207,21.15,14,3.5734488374892037,4.43227658857532
2021-07-27,25.7,18.3,1.2,18.56,85,2.29,3.33,1.71292,2021,7,208,22.0,14,3.281990305950425,4.0798520737744255
2021-07-28,24.4,19.5,2.2,14.7,92,2.61,2.59,1.9522799999999998,2021,7,209,21.95,14,2.5702619891977827,3.227134713053464
2021-07-29,23.9,19.8,5.1,15.35,93,2.89,2.63,2.1617200000000003,2021,7,210,21.85,14,2.59815427717235,3.3610324695256506
2021-07-30,24.4,20.4,19.0,15.62,95,2.6,2.72,1.9448,2021,7,211,22.4,14,2.632870425634998,3.469416434171268
2021-07-31,24.3,19.8,6.6,15.26,94,2.8,2.62,2.0944,2021,7,212,22.05,14,2.5798419881491106,3.3588219157399433
2021-08-01,23.5,19.6,12.9,15.26,96,2.98,2.5,2.22904,2021,8,213,21.55,15,2.45696880606888,3.315094717342231
2021-08-02,22.5,19.8,22.5,8.74,99,2.58,1.47,1.92984,2021,8,214,21.15,15,1.5329344267426168,1.8786662164960377
2021-08-03,23.0,20.3,10.4,9.85,99,2.35,1.68,1.7578,2021,8,215,21.65,15,1.720907975727612,2.145464814746591
2021-08-04,24.3,20.4,4.2,16.26,95,2.58,2.78,1.92984,2021,8,216,22.35,15,2.7295131579745435,3.606904898239478
2021-08-05,24.9,20.0,3.7,16.81,92,2.39,3.01,1.7877200000000002,2021,8,217,22.45,15,2.921487890388537,3.7385543197362616
2021-08-06,25.6,20.2,2.0,19.4,85,2.05,3.56,1.5333999999999999,2021,8,218,22.9,15,3.503859932194947,4.364685788593338
2021-08-07,26.0,19.8,2.7,17.88,87,1.15,3.35,0.8602,2021,8,219,22.9,15,3.257743719495437,4.022710407219015
2021-08-08,25.3,19.7,3.0,17.54,91,2.16,3.09,1.61568,2021,8,220,22.5,15,3.0765572092429676,3.905939218109325
2021-08-09,25.0,19.9,2.9,17.43,91,2.13,3.13,1.59324,2021,8,221,22.45,15,3.060119999542453,3.8764427003571114
2021-08-10,24.3,19.3,3.9,19.25,89,2.71,3.34,2.0270799999999998,2021,8,222,21.8,15,3.2699569670736066,4.209459267193364
2021-08-11,23.8,19.0,1.6,19.3,89,3.23,3.3,2.41604,2021,8,223,21.4,15,3.21740383862193,4.176166620183989
2021-08-12,23.2,19.6,22.8,12.39,97,3.32,1.97,2.48336,2021,8,224,21.4,15,2.045173761759716,2.6809691411440224
2021-08-13,24.9,19.9,13.3,14.84,94,2.64,2.59,1.97472,2021,8,225,22.4,15,2.5999357108154113,3.296167726190885
2021-08-14,24.6,20.1,1.8,16.39,92,2.39,2.87,1.7877200000000002,2021,8,226,22.35,15,2.8839775797357357,3.6357423912758327
2021-08-15,26.0,19.1,0.2,21.66,87,2.38,3.85,1.7802399999999998,2021,8,227,22.55,15,3.765139272201312,4.829626945133533
2021-08-16,24.7,19.9,0.0,21.08,89,2.65,3.66,1.9822,2021,8,228,22.299999999999997,16,3.585316981847285,4.670063998765506
2021-08-17,25.0,20.1,3.9,16.44,91,2.74,2.91,2.0495200000000002,2021,8,229,22.55,16,2.932945646529788,3.6657002298243446
2021-08-18,24.7,20.1,3.3,17.5,90,2.68,3.09,2.00464,2021,8,230,22.4,16,3.0978963947766793,3.886990243149628
2021-08-19,23.9,19.9,4.9,15.88,93,2.5,2.77,1.87,2021,8,231,21.9,16,2.755816937949771,3.4816321702959105
2021-08-20,23.5,20.1,9.0,10.9,96,2.36,1.94,1.76528,2021,8,232,21.8,16,1.9971571425746177,2.3835379746705283
2021-08-21,24.5,19.9,2.6,19.15,91,2.55,3.33,1.9073999999999998,2021,8,233,22.2,16,3.284463623584069,4.2315076284524
2021-08-22,24.3,19.4,2.3,18.65,91,2.74,3.21,2.0495200000000002,2021,8,234,21.85,16,3.1764616672498467,4.083599710531165
2021-08-23,24.0,19.0,2.1,17.68,92,2.8,3.01,2.0944,2021,8,235,21.5,16,2.9846499675437927,3.835753930732
2021-08-24,23.9,19.4,6.3,14.92,94,2.66,2.56,1.9896800000000001,2021,8,236,21.65,16,2.581332562130459,3.249780206702451
2021-08-25,23.7,17.4,2.3,18.73,90,2.43,3.2,1.8176400000000001,2021,8,237,20.549999999999997,16,3.127223299997603,3.961731088236427
2021-08-26,24.3,16.8,0.2,19.97,85,2.23,3.52,1.66804,2021,8,238,20.55,16,3.4330339800130063,4.224013338605523
2021-08-27,22.7,18.5,6.7,14.62,92,2.46,2.49,1.84008,2021,8,239,20.6,16,2.5474956572163046,3.0965720103394565
2021-08-28,23.6,19.7,3.7,17.01,93,2.83,2.88,2.11684,2021,8,240,21.65,16,2.887318944156625,3.705010812064926
2021-08-29,23.7,19.9,13.3,11.73,96,2.42,2.03,1.81016,2021,8,241,21.799999999999997,16,2.1246125949746872,2.5650367378793852
2021-08-30,24.4,19.7,4.6,18.32,93,3.14,3.13,2.34872,2021,8,242,22.049999999999997,16,3.0791537348784987,4.032347149171413
2021-08-31,24.9,19.4,1.2,20.97,89,2.75,3.69,2.057,2021,8,243,22.15,16,3.6105999991673765,4.627653420272836
2021-09-01,25.7,19.0,0.2,21.33,86,2.77,3.75,2.07196,2021,9,244,22.35,17,3.7853732202692423,4.731567126657322
2021-09-02,22.1,18.7,8.2,15.51,95,2.48,2.55,1.85504,2021,9,245,20.4,17,2.5692345334742055,3.267343480591497
2021-09-03,22.4,18.8,9.8,17.56,95,2.52,2.92,1.88496,2021,9,246,20.6,17,2.849989696234082,3.7192752737045724
2021-09-04,23.4,19.4,15.5,14.45,96,2.6,2.46,1.9448,2021,9,247,21.4,17,2.4656719021698534,3.1267154228838674
2021-09-05,24.0,19.2,1.2,15.52,88,2.62,2.8,1.9597600000000002,2021,9,248,21.6,17,2.8883753981641695,3.3760226635139303
2021-09-06,25.4,19.9,8.3,19.09,88,2.41,3.41,1.80268,2021,9,249,22.65,17,3.473087226325863,4.267539479643422
2021-09-07,23.9,20.2,10.2,17.08,96,2.8,2.84,2.0944,2021,9,250,22.049999999999997,17,2.8577323259914507,3.759415355231863
2021-09-08,24.2,19.5,3.4,20.74,89,3.63,3.53,2.71524,2021,9,251,21.85,17,3.5232265367302658,4.541225629834657
2021-09-09,24.3,19.2,9.5,18.8,92,2.75,3.21,2.057,2021,9,252,21.75,17,3.2109891062550546,4.105669478311163
2021-09-10,24.7,20.0,10.3,18.32,93,2.74,3.15,2.0495200000000002,2021,9,253,22.35,17,3.1719979122978414,4.063868249430949
2021-09-11,24.4,20.2,13.8,12.82,94,2.59,2.23,1.93732,2021,9,254,22.299999999999997,17,2.386092459799536,2.8401432857767457
2021-09-12,23.7,19.8,44.7,12.71,98,1.53,2.23,1.1444400000000001,2021,9,255,21.75,17,2.320018155750938,2.7756946313476
2021-09-13,25.7,20.9,18.2,11.74,94,1.14,2.27,0.8527199999999999,2021,9,256,23.299999999999997,17,2.3667816401797546,2.6682885005792154
2021-09-14,25.1,19.7,18.5,16.28,92,1.24,2.9,0.92752,2021,9,257,22.4,17,3.0360427836015194,3.616011494770055
2021-09-15,26.1,20.2,5.2,18.73,94,1.62,3.31,1.2117600000000002,2021,9,258,23.15,17,3.4084060766011786,4.24084392115209
2021-09-16,24.9,20.1,9.0,19.58,92,2.44,3.45,1.8251199999999999,2021,9,259,22.5,18,3.4347622443832826,4.3602217725530545
2021-09-17,24.4,20.5,13.6,18.11,95,3.08,3.06,2.30384,2021,9,260,22.45,18,3.0630544859841042,4.027675117812236
2021-09-18,24.5,20.2,8.4,18.25,94,3.0,3.11,2.2439999999999998,2021,9,261,22.35,18,3.121445387779747,4.048340368565219
2021-09-19,24.4,19.7,6.9,21.42,91,3.07,3.61,2.29636,2021,9,262,22.049999999999997,18,3.6247706608991326,4.714676634020288
2021-09-20,24.9,19.5,5.7,17.55,91,2.46,3.09,1.84008,2021,9,263,22.2,18,3.161656432535016,3.877961299182226
2021-09-21,25.3,20.3,3.0,12.67,89,1.79,2.48,1.33892,2021,9,264,22.8,18,2.5810224555722403,2.843269275216138
2021-09-22,25.7,20.1,4.7,21.07,87,1.45,3.92,1.0846,2021,9,265,22.9,18,3.8833844821102477,4.740408740498023
2021-09-23,25.7,20.4,1.2,20.29,89,2.98,3.61,2.22904,2021,9,266,23.049999999999997,18,3.6701053068193237,4.582402238520304
2021-09-24,25.1,20.7,1.3,10.35,92,1.48,2.05,1.10704,2021,9,267,22.9,18,2.1729258445329753,2.3285823665949
2021-09-25,24.9,19.3,12.9,16.64,89,2.19,3.0,1.63812,2021,9,268,22.1,18,3.105640332955687,3.6673392180613535
2021-09-26,25.5,20.1,1.0,19.85,89,2.77,3.57,2.07196,2021,9,269,22.8,18,3.5994578509515023,4.45453000102923
2021-09-27,25.3,19.5,1.3,20.94,89,2.95,3.68,2.2066000000000003,2021,9,270,22.4,18,3.7011025672763718,4.651061468088756
2021-09-28,22.6,19.8,10.0,11.15,95,2.54,1.96,1.89992,2021,9,271,21.200000000000003,18,2.0831552977753436,2.399887850438477
2021-09-29,24.6,19.7,6.0,17.02,93,2.46,3.02,1.84008,2021,9,272,22.15,18,3.0365736941112225,3.755968584313003
2021-09-30,23.9,20.1,6.2,14.67,96,2.4,2.49,1.7952,2021,9,273,22.0,18,2.6040099336081672,3.22475376736373
2021-10-01,24.1,19.7,5.4,18.14,93,1.99,3.16,1.48852,2021,10,274,21.9,19,3.21797717073379,3.9771289401239174
2021-10-02,24.4,19.8,12.3,18.57,93,1.76,3.29,1.31648,2021,10,275,22.1,19,3.3235846789338046,4.092697673040826
2021-10-03,24.1,20.0,20.4,17.92,95,2.07,3.1,1.54836,2021,10,276,22.05,19,3.143784350945299,3.944304634997365
2021-10-04,24.0,19.9,11.8,16.93,96,1.82,2.96,1.3613600000000001,2021,10,277,21.95,19,2.9993911706864975,3.716693244353412
2021-10-05,23.7,19.2,22.0,15.06,98,2.05,2.51,1.5333999999999999,2021,10,278,21.45,19,2.6118284514967085,3.263020614850888
2021-10-06,22.1,19.0,14.3,12.29,96,1.97,2.13,1.47356,2021,10,279,20.55,19,2.2238888428832997,2.599555529867896
2021-10-07,24.4,18.3,1.6,19.22,90,1.96,3.39,1.46608,2021,10,280,21.35,19,3.4086916927682998,4.153353045879497
2021-10-08,23.9,18.8,4.0,18.3,90,1.98,3.23,1.48104,2021,10,281,21.35,19,3.2759757630959254,3.954545303829073
2021-10-09,24.2,19.8,15.1,19.73,96,2.51,3.36,1.8774799999999998,2021,10,282,22.0,19,3.3217336131534063,4.3370410245457665
2021-10-10,25.3,20.1,3.0,19.98,92,2.24,3.52,1.6755200000000001,2021,10,283,22.700000000000003,19,3.576634628317481,4.472232260782314
2021-10-11,25.6,19.1,0.6,24.73,88,1.73,4.42,1.29404,2021,10,284,22.35,19,4.375364958995406,5.48577848299276
2021-10-12,25.8,18.3,0.0,24.8,87,1.54,4.5,1.15192,2021,10,285,22.05,19,4.388520902498068,5.458635878790996
2021-10-13,25.9,17.8,0.1,24.3,82,2.13,4.4,1.59324,2021,10,286,21.85,19,4.368666838091703,5.320722411040607
2021-10-14,25.5,18.8,0.9,19.7,89,1.83,3.59,1.36884,2021,10,287,22.15,19,3.5957289704237425,4.347390194533851
2021-10-15,26.8,19.7,3.4,17.96,91,1.61,3.42,1.20428,2021,10,288,23.25,19,3.411545643006564,4.076820647300342
2021-10-16,25.7,21.1,8.6,19.74,94,1.77,3.63,1.32396,2021,10,289,23.4,20,3.6178341880595677,4.497889051645126
2021-10-17,25.9,21.0,20.6,14.39,96,1.69,2.63,1.26412,2021,10,290,23.45,20,2.7523219971747244,3.282992388223532
2021-10-18,27.0,20.2,16.5,19.37,89,0.82,3.69,0.61336,2021,10,291,23.6,20,3.74146463448632,4.435855160818514
2021-10-19,26.3,20.1,4.9,20.15,93,1.08,3.76,0.80784,2021,10,292,23.200000000000003,20,3.772631044607842,4.568149052064385
2021-10-20,25.7,21.1,3.8,19.65,92,2.35,3.48,1.7578,2021,10,293,23.4,20,3.595322505538263,4.477381958704495
2021-10-21,26.9,21.2,1.6,21.87,90,2.19,4.08,1.63812,2021,10,294,24.049999999999997,20,4.072420041692574,5.0649884478143825
2021-10-22,25.6,21.2,10.8,18.8,94,2.27,3.42,1.69796,2021,10,295,23.4,20,3.4194958000240248,4.283703858709645
2021-10-23,26.8,20.0,0.5,22.96,91,1.58,4.26,1.18184,2021,10,296,23.4,20,4.211744275096877,5.2315872657432685
2021-10-24,26.7,19.0,0.1,24.1,88,1.49,4.4,1.11452,2021,10,297,22.85,20,4.384054707167125,5.415189846851908
2021-10-25,26.6,19.3,3.9,21.23,90,1.28,4.01,0.9574400000000001,2021,10,298,22.950000000000003,20,3.94128717250169,4.782502481258927
2021-10-26,25.8,20.0,10.9,18.93,93,1.37,3.5,1.0247600000000001,2021,10,299,22.9,20,3.5200802212663653,4.258943400931542
2021-10-27,25.9,20.8,17.7,14.14,94,1.55,2.65,1.1594,2021,10,300,23.35,20,2.767228623018136,3.2178283145072366
2021-10-28,25.1,20.9,10.1,16.44,95,1.63,2.93,1.2192399999999999,2021,10,301,23.0,20,3.072295350413288,3.7081758808612855
2021-10-29,24.1,20.5,3.6,12.86,96,1.68,2.34,1.25664,2021,10,302,22.3,20,2.4474262059925724,2.8490048872924296
2021-10-30,24.7,20.5,7.3,13.41,96,1.42,2.43,1.06216,2021,10,303,22.6,20,2.576033154842956,2.993935822525597
2021-10-31,25.6,20.6,14.6,15.15,95,1.27,2.81,0.94996,2021,10,304,23.1,20,2.9176704261091535,3.4259087699791526
2021-11-01,25.3,20.0,29.4,15.94,92,0.91,3.0,0.6806800000000001,2021,11,305,22.65,21,3.0829179789004275,3.563361933238143
2021-11-02,24.6,20.9,33.6,12.81,94,1.16,2.35,0.8676799999999999,2021,11,306,22.75,21,2.54733602929195,2.8710091817406043
2021-11-03,26.3,20.1,3.9,20.35,91,1.75,3.79,1.309,2021,11,307,23.200000000000003,21,3.771262032256304,4.613490481861551
2021-11-04,25.7,21.3,13.6,14.6,94,1.52,2.75,1.13696,2021,11,308,23.5,21,2.8529444317162085,3.335099471141055
2021-11-05,26.5,20.9,23.2,19.49,90,1.05,3.64,0.7854,2021,11,309,23.7,21,3.7523681145179153,4.474544626303726
2021-11-06,27.0,20.9,11.3,17.76,90,1.13,3.37,0.8452399999999999,2021,11,310,23.95,21,3.490516194382609,4.102911386187327
2021-11-07,27.5,20.4,10.8,22.56,88,1.02,4.3,0.76296,2021,11,311,23.95,21,4.303501592684662,5.211806355427145
2021-11-08,25.5,20.7,24.4,15.05,91,0.98,2.8,0.73304,2021,11,312,23.1,21,2.9793829061861237,3.4032955107713696
2021-11-09,26.8,21.2,13.4,18.15,94,1.07,3.43,0.8003600000000001,2021,11,313,24.0,21,3.5153635452156675,4.198231335394127
2021-11-10,24.6,21.0,10.0,13.19,95,1.18,2.38,0.88264,2021,11,314,22.8,21,2.594035766341409,2.959962252573075
2021-11-11,23.7,20.6,8.3,10.7,98,1.35,1.94,1.0098,2021,11,315,22.15,21,2.0997032132734725,2.3612728467772692
2021-11-12,24.2,20.7,6.2,11.8,96,1.06,2.26,0.79288,2021,11,316,22.45,21,2.3493984870973037,2.6243272440742347
2021-11-13,25.9,20.1,1.8,19.47,90,1.39,3.67,1.03972,2021,11,317,23.0,21,3.661720076789538,4.391617055983529
2021-11-14,24.0,20.5,27.6,11.41,94,0.76,2.18,0.56848,2021,11,318,22.25,21,2.324438033113712,2.5244993921947665
2021-11-15,26.4,20.5,33.8,12.63,94,0.99,2.44,0.74052,2021,11,319,23.45,21,2.5730797599912774,2.881458920310161
2021-11-16,25.7,20.6,13.5,12.53,92,0.93,2.39,0.69564,2021,11,320,23.15,22,2.567472446224524,2.8370408079036666
2021-11-17,26.5,20.7,15.3,18.84,90,1.51,3.48,1.12948,2021,11,321,23.6,22,3.6112473054608762,4.314481736180733
2021-11-18,25.7,21.1,14.8,20.05,89,1.55,3.73,1.1594,2021,11,322,23.4,22,3.7919167748479277,4.56852459399619
2021-11-19,25.9,20.9,30.4,16.95,91,1.63,3.07,1.2192399999999999,2021,11,323,23.4,22,3.269721509139733,3.8621691704855565
2021-11-20,25.4,20.3,29.6,10.14,95,0.88,2.01,0.65824,2021,11,324,22.85,22,2.1296669179300216,2.27842427581238
2021-11-21,24.8,21.0,18.1,11.4,91,0.79,2.23,0.59092,2021,11,325,22.9,22,2.3848487660256232,2.564815360307426
2021-11-22,27.1,21.1,18.1,16.54,88,0.91,3.22,0.6806800000000001,2021,11,326,24.1,22,3.3306143008573565,3.83534557748027
2021-11-23,26.9,21.0,16.7,15.53,88,0.95,2.99,0.7106,2021,11,327,23.95,22,3.1534883202492265,3.5877372650613277
2021-11-24,25.7,20.3,8.0,16.83,94,1.06,3.1,0.79288,2021,11,328,23.0,22,3.2176908880963304,3.7961435568671176
2021-11-25,26.2,20.3,6.0,16.97,92,1.46,3.13,1.09208,2021,11,329,23.25,22,3.254781557543661,3.8520961238689755
2021-11-26,26.0,20.5,12.9,16.08,92,0.92,3.03,0.68816,2021,11,330,23.25,22,3.1500418201647027,3.650071047248858
2021-11-27,25.3,20.7,21.7,17.26,92,0.89,3.24,0.66572,2021,11,331,23.0,22,3.3218833007171193,3.89313355861714
2021-11-28,24.8,20.4,12.9,12.95,95,1.23,2.38,0.92004,2021,11,332,22.6,22,2.540603142390047,2.8912355631399316
2021-11-29,24.1,19.5,24.3,12.24,94,1.28,2.32,0.9574400000000001,2021,11,333,21.8,22,2.399100531333413,2.6765600743089237
2021-11-30,24.0,19.7,31.7,9.58,95,1.0,1.87,0.748,2021,11,334,21.85,22,1.9920701762503759,2.097634596616009
2021-12-01,23.7,19.9,23.8,8.27,96,1.1,1.6,0.8228000000000001,2021,12,335,21.799999999999997,23,1.7651698177530715,1.8084274358280064
2021-12-02,25.8,20.5,10.3,18.28,92,1.74,3.37,1.30152,2021,12,336,23.15,23,3.425389912860601,4.138954985513091
2021-12-03,26.4,20.5,14.3,20.17,91,1.02,3.85,0.76296,2021,12,337,23.45,23,3.832363258328184,4.601664799893582
2021-12-04,27.3,21.0,19.3,18.11,91,0.95,3.45,0.7106,2021,12,338,24.15,23,3.564911196445362,4.204614160069046
2021-12-05,26.4,20.6,44.3,13.49,94,0.85,2.54,0.6358,2021,12,339,23.5,23,2.7262438355425904,3.0815405387460846
2021-12-06,23.8,20.9,22.3,6.08,93,3.13,1.28,2.34124,2021,12,340,22.35,23,1.5169335223351645,1.3487073666233715
2021-12-07,26.5,21.0,5.2,10.63,90,1.98,2.2,1.48104,2021,12,341,23.75,23,2.3351459634359912,2.443509081781307
2021-12-08,28.0,20.6,1.0,25.53,84,1.46,4.85,1.09208,2021,12,342,24.3,23,4.84208117344523,5.949369265067381
2021-12-09,26.1,20.5,4.3,23.7,89,1.83,4.29,1.36884,2021,12,343,23.3,23,4.323058511309807,5.3865790003174965
2021-12-10,25.9,21.1,4.2,22.2,90,1.61,4.07,1.20428,2021,12,344,23.5,23,4.113642537732268,5.071178647899412
2021-12-11,25.8,20.9,5.3,17.47,92,2.04,3.17,1.52592,2021,12,345,23.35,23,3.2941769769459435,3.975633709649322
2021-12-12,26.5,20.8,6.8,20.29,90,1.84,3.78,1.37632,2021,12,346,23.65,23,3.8186363627258744,4.652375214891179
2021-12-13,26.5,21.0,2.7,21.37,91,1.6,3.97,1.1968,2021,12,347,23.75,23,3.9972511561676463,4.912303770241443
2021-12-14,26.7,20.6,3.5,18.89,92,1.27,3.52,0.94996,2021,12,348,23.65,23,3.6101055676444296,4.331363618003666
2021-12-15,26.7,21.1,27.9,14.45,93,1.04,2.72,0.7779200000000001,2021,12,349,23.9,23,2.908508571571036,3.3340786441260057
2021-12-16,26.6,20.6,16.1,17.32,92,1.01,3.25,0.75548,2021,12,350,23.6,24,3.3731201497541417,3.9663919145780415
2021-12-17,26.1,20.7,13.2,18.13,91,1.09,3.42,0.81532,2021,12,351,23.4,24,3.4910213378834025,4.131039944596056
2021-12-18,27.5,21.1,2.4,22.23,88,1.37,4.22,1.0247600000000001,2021,12,352,24.3,24,4.261971157610815,5.1803556115334075
2021-12-19,26.8,21.3,11.1,17.61,92,1.89,3.28,1.4137199999999999,2021,12,353,24.05,24,3.3896413881408054,4.078392618473309
2021-12-20,25.1,21.2,41.6,13.33,93,0.99,2.54,0.74052,2021,12,354,23.15,24,2.678941871475144,3.018176693484108
2021-12-21,27.8,21.1,1.5,14.42,90,0.96,2.9,0.7180799999999999,2021,12,355,24.450000000000003,24,2.9833089716175696,3.3728130831497167
2021-12-22,28.9,21.3,3.1,22.82,87,1.37,4.43,1.0247600000000001,2021,12,356,25.1,24,4.468803947823089,5.423044609425903
2021-12-23,27.7,21.7,12.6,17.05,91,1.36,3.26,1.01728,2021,12,357,24.7,24,3.4100295511654233,4.012522033630343
2021-12-24,27.0,20.8,7.2,23.17,87,2.09,4.32,1.5633199999999998,2021,12,358,23.9,24,4.34261426594017,5.3460624349065435
2021-12-25,27.6,21.5,0.5,24.52,87,2.42,4.58,1.81016,2021,12,359,24.55,24,4.610795826055181,5.7493097342858
2021-12-26,25.8,21.1,4.9,20.21,92,3.02,3.55,2.25896,2021,12,360,23.450000000000003,24,3.6310358181971716,4.610790560527977
2021-12-27,26.1,21.5,3.9,19.67,92,2.79,3.46,2.08692,2021,12,361,23.8,24,3.6077858703900296,4.527183651860374
2021-12-28,26.8,20.9,7.6,20.91,91,2.66,3.76,1.9896800000000001,2021,12,362,23.85,24,3.846751603597413,4.818592699025125
2021-12-29,26.2,21.1,1.3,18.66,90,2.3,3.45,1.7204,2021,12,363,23.65,24,3.5416970302520356,4.278625998515002
2021-12-30,25.6,21.6,7.8,16.9,91,1.91,3.12,1.42868,2021,12,364,23.6,24,3.260933939659532,3.870209200714139
2021-12-31,26.7,20.7,14.5,18.59,87,1.47,3.52,1.0995599999999999,2021,12,365,23.7,24,3.6356575338220223,4.267921221292267
2022-01-01,26.2,20.9,22.7,17.2,90,1.17,3.28,0.8751599999999999,2022,1,1,23.549999999999997,1,3.363671893548543,3.9339659835464063
2022-01-02,24.1,20.3,10.7,13.07,95,1.3,2.38,0.9724,2022,1,2,22.200000000000003,1,2.530508190567238,2.8880315772257377
2022-01-03,24.5,20.4,3.4,15.09,92,1.39,2.79,1.03972,2022,1,3,22.45,1,2.9042522339332586,3.3560252638203565
2022-01-04,25.1,20.5,2.0,14.15,89,1.35,2.69,1.0098,2022,1,4,22.8,1,2.839126398408349,3.175395441539728
2022-01-05,24.1,20.8,4.4,12.66,87,1.3,2.39,0.9724,2022,1,5,22.450000000000003,1,2.622275538116175,2.8155917720321875
2022-01-06,26.1,20.7,0.3,21.18,78,2.21,4.08,1.6530799999999999,2022,1,6,23.4,1,4.213181960106847,4.826002538695227
2022-01-07,25.2,20.8,8.3,19.03,86,2.25,3.46,1.683,2022,1,7,23.0,1,3.6472113100485437,4.292371472797461
2022-01-08,25.8,20.4,0.6,19.79,84,2.56,3.74,1.9148800000000001,2022,1,8,23.1,1,3.830874549318484,4.475163997220292
2022-01-09,27.2,20.5,20.3,19.13,88,1.49,3.6,1.11452,2022,1,9,23.85,1,3.7221995601318736,4.4084016419106
2022-01-10,26.9,20.3,13.8,19.19,89,0.83,3.68,0.62084,2022,1,10,23.6,1,3.7236725965200765,4.394633997733985
2022-01-11,23.9,20.1,42.6,12.1,94,1.01,2.29,0.75548,2022,1,11,22.0,1,2.4076531316468195,2.659817354130957
2022-01-12,25.5,20.5,24.1,15.35,91,1.19,2.92,0.8901199999999999,2022,1,12,23.0,1,3.014248944136895,3.4623175043321606
2022-01-13,27.9,20.1,5.2,22.41,87,1.58,4.26,1.18184,2022,1,13,24.0,1,4.275898550049591,5.18360133477589
2022-01-14,27.3,20.9,2.5,22.41,84,3.15,4.17,2.3562,2022,1,14,24.1,1,4.329604278215103,5.196499056307911
2022-01-15,26.7,20.8,13.0,17.53,87,2.92,3.24,2.18416,2022,1,15,23.75,1,3.4756069246922157,4.029606227998713
2022-01-16,27.9,21.2,1.1,21.14,82,2.09,4.28,1.5633199999999998,2022,1,16,24.549999999999997,2,4.237318772504287,4.956786614306763
2022-01-17,25.8,20.9,6.2,13.13,88,1.51,2.61,1.12948,2022,1,17,23.35,2,2.740815396636672,2.987983434899577
2022-01-18,24.7,20.6,8.8,10.18,93,1.54,1.95,1.15192,2022,1,18,22.65,2,2.138251025609866,2.275722991239918
2022-01-19,24.8,20.6,6.6,14.58,93,1.81,2.62,1.35388,2022,1,19,22.700000000000003,2,2.8002858288182346,3.263520838949256
2022-01-20,23.9,20.4,8.8,10.67,94,2.07,2.0,1.54836,2022,1,20,22.15,2,2.1434389199333577,2.3546524556180812
2022-01-21,25.3,20.5,1.7,14.58,89,2.87,2.77,2.14676,2022,1,21,22.9,2,2.90363903626551,3.2802638555510764
2022-01-22,25.8,20.8,8.0,18.31,91,2.79,3.22,2.08692,2022,1,22,23.3,2,3.4018304226910985,4.161530020920394
2022-01-23,26.6,21.0,4.9,24.01,90,3.5,4.18,2.618,2022,1,23,23.8,2,4.262760647782271,5.5260640305626625
2022-01-24,27.3,21.3,0.8,27.55,85,3.78,5.0,2.8274399999999997,2022,1,24,24.3,2,5.026146490756248,6.420098834806359
2022-01-25,28.4,20.4,1.9,23.95,81,2.38,4.72,1.7802399999999998,2022,1,25,24.4,2,4.692878140247507,5.594966708699834
2022-01-26,28.2,21.3,2.1,21.24,84,1.83,4.22,1.36884,2022,1,26,24.75,2,4.224972221906239,5.004710473003802
2022-01-27,25.6,21.1,5.4,17.67,90,2.8,3.18,2.0944,2022,1,27,23.35,2,3.3479925150138605,4.021147547195394
2022-01-28,24.9,21.4,9.2,13.88,92,2.5,2.5,1.87,2022,1,28,23.15,2,2.7200385963563547,3.142707614820662
2022-01-29,26.7,21.1,9.8,18.64,87,1.59,3.57,1.1893200000000002,2022,1,29,23.9,2,3.6655579505492906,4.300846084879498
2022-01-30,25.8,20.8,1.9,16.46,87,2.34,3.17,1.7503199999999999,2022,1,30,23.3,2,3.2777184389771485,3.741058664355527
2022-01-31,27.0,21.5,2.3,23.05,82,2.92,4.32,2.18416,2022,1,31,24.25,2,4.507709269796861,5.364808000687094
2022-02-01,27.6,21.3,14.5,22.6,83,2.07,4.37,1.54836,2022,2,32,24.450000000000003,3,4.424953238019801,5.286100948625769
2022-02-02,28.0,21.0,1.7,24.7,81,1.1,4.83,0.8228000000000001,2022,2,33,24.5,3,4.772378574483217,5.784400877625531
2022-02-03,27.9,21.0,0.5,26.6,80,2.33,5.09,1.74284,2022,2,34,24.45,3,5.109761180902557,6.221694036878118
2022-02-04,26.6,21.1,3.9,21.74,86,2.88,3.98,2.1542399999999997,2022,2,35,23.85,3,4.131671852272553,5.00986156273583
2022-02-05,26.6,20.8,15.9,16.01,90,1.7,2.92,1.2716,2022,2,36,23.700000000000003,3,3.174128082861606,3.6756007935927486
2022-02-06,26.2,21.4,11.2,17.01,89,1.29,3.29,0.96492,2022,2,37,23.799999999999997,3,3.368094655476262,3.914966645558971
2022-02-07,26.4,20.9,0.7,17.51,87,1.66,3.43,1.24168,2022,2,38,23.65,3,3.4666317925713748,4.014937901071688
2022-02-08,28.4,21.6,3.0,21.8,83,1.51,4.35,1.12948,2022,2,39,25.0,3,4.3517401567383684,5.1680769663945
2022-02-09,26.4,21.2,10.7,19.53,88,1.36,3.71,1.01728,2022,2,40,23.799999999999997,3,3.7834060926081783,4.4949617041603
2022-02-10,24.8,21.5,1.8,11.41,88,1.61,2.25,1.20428,2022,2,41,23.15,3,2.466139584638951,2.5834505680910484
2022-02-11,25.7,21.2,12.3,13.48,89,0.93,2.63,0.69564,2022,2,42,23.45,3,2.778365290187949,3.0753813337910505
2022-02-12,26.2,20.9,10.3,12.31,88,1.1,2.48,0.8228000000000001,2022,2,43,23.549999999999997,3,2.6139424672388607,2.8155303056660617
2022-02-13,26.1,20.9,23.0,13.24,90,1.33,2.6,0.9948400000000001,2022,2,44,23.5,3,2.7283972884485266,3.024432671089559
2022-02-14,24.1,20.4,12.0,10.81,93,1.22,2.05,0.9125599999999999,2022,2,45,22.25,3,2.226257943691999,2.391747452202053
2022-02-15,25.7,20.6,8.2,17.47,92,1.65,3.2,1.2342,2022,2,46,23.15,3,3.3129466819627558,3.9555549013628934
2022-02-16,26.5,19.7,18.3,18.29,89,1.36,3.39,1.01728,2022,2,47,23.1,4,3.5130585501456326,4.1359651091035445
2022-02-17,26.6,20.2,41.0,18.97,88,1.02,3.57,0.76296,2022,2,48,23.4,4,3.6709075747238256,4.322439478708614
2022-02-18,26.8,19.8,16.7,19.34,89,0.95,3.7,0.7106,2022,2,49,23.3,4,3.7170812886739157,4.395630289710565
2022-02-19,27.4,20.8,9.4,21.12,87,1.5,4.0,1.1219999999999999,2022,2,50,24.1,4,4.0781582890212205,4.8973699272299465
2022-02-20,26.4,20.4,6.8,22.64,89,1.92,4.09,1.4361599999999999,2022,2,51,23.4,4,4.17310973471727,5.158673157509913
2022-02-21,22.7,20.2,17.9,9.14,95,2.63,1.65,1.9672399999999999,2022,2,52,21.45,4,1.8338543577777147,1.9803458446040583
2022-02-22,24.8,20.0,12.8,13.87,92,2.66,2.56,1.9896800000000001,2022,2,53,22.4,4,2.6585280396737003,3.0807174098563053
2022-02-23,25.7,20.7,1.8,19.26,88,2.37,3.51,1.7727600000000001,2022,2,54,23.2,4,3.641941066756863,4.366379689467001
2022-02-24,26.6,20.5,3.0,23.84,86,2.42,4.34,1.81016,2022,2,55,23.55,4,4.410283092132222,5.452659828357344
2022-02-25,26.8,20.4,1.4,19.95,88,1.16,3.82,0.8676799999999999,2022,2,56,23.6,4,3.8350885090082554,4.568678908535331
2022-02-26,24.7,20.1,21.5,15.03,93,1.16,2.85,0.8676799999999999,2022,2,57,22.4,4,2.8895256009195047,3.3383693345450807
2022-02-27,26.9,20.5,4.5,18.06,88,1.37,3.53,1.0247600000000001,2022,2,58,23.7,4,3.5358317375584614,4.146242993896629
2022-02-28,27.3,21.3,1.3,19.15,82,2.12,3.84,1.58576,2022,2,59,24.3,4,3.8979401338970017,4.462609534901698
2022-03-01,26.5,22.0,1.9,16.65,85,1.53,3.29,1.1444400000000001,2022,3,60,24.25,5,3.405577103145808,3.8752300742490284
2022-03-02,27.5,20.6,3.2,19.02,87,1.11,3.77,0.83028,2022,3,61,24.05,5,3.7374155766061747,4.404941942269298
2022-03-03,26.3,22.2,0.8,16.85,85,1.64,3.32,1.22672,2022,3,62,24.25,5,3.4378753561594175,3.9217793844502187
2022-03-04,25.3,21.3,9.0,16.06,92,1.55,2.94,1.1594,2022,3,63,23.3,5,3.0987622148033602,3.6501459386117716
2022-03-05,26.3,20.7,5.2,22.7,89,2.04,4.18,1.52592,2022,3,64,23.5,5,4.168013356004521,5.185394383212461
2022-03-06,24.8,20.5,5.1,14.95,94,1.76,2.66,1.31648,2022,3,65,22.65,5,2.8207721306117772,3.342048990082198
2022-03-07,25.6,20.8,15.5,16.78,92,1.15,3.09,0.8602,2022,3,66,23.200000000000003,5,3.230188269368944,3.8041459599821534
2022-03-08,25.8,20.2,3.7,13.92,93,1.22,2.59,0.9125599999999999,2022,3,67,23.0,5,2.7440205711517125,3.1397693589774383
2022-03-09,25.8,21.1,17.9,14.61,91,1.01,2.76,0.75548,2022,3,68,23.450000000000003,5,2.919012644764021,3.333184071712703
2022-03-10,25.9,20.6,31.0,14.84,93,0.92,2.75,0.68816,2022,3,69,23.25,5,2.924616804709253,3.3685979067893688
2022-03-11,26.0,20.3,15.2,15.69,91,0.93,3.03,0.69564,2022,3,70,23.15,5,3.0746414572813463,3.552527555946411
2022-03-12,27.4,20.0,1.8,19.3,89,0.64,3.83,0.47872000000000003,2022,3,71,23.7,5,3.7393386051758166,4.4309241296901964
2022-03-13,26.2,21.1,6.3,18.95,90,1.45,3.53,1.0846,2022,3,72,23.65,5,3.6126088983233813,4.345121257870273
2022-03-14,27.3,21.1,9.9,19.82,92,1.41,3.67,1.0546799999999998,2022,3,73,24.200000000000003,5,3.7775682307284955,4.6073312109105276
2022-03-15,26.0,21.1,21.5,18.31,92,1.31,3.37,0.9798800000000001,2022,3,74,23.55,5,3.4778171831000257,4.187844020856668
2022-03-16,27.2,20.7,14.3,18.61,89,1.47,3.44,1.0995599999999999,2022,3,75,23.95,6,3.6023305991139885,4.299278203656877
2022-03-17,27.3,20.6,4.4,23.05,86,1.84,4.25,1.37632,2022,3,76,23.950000000000003,6,4.330286706161219,5.32500605020371
2022-03-18,26.6,21.6,8.5,20.97,89,1.85,3.82,1.3838000000000001,2022,3,77,24.1,6,3.956507399540847,4.862587470360415
2022-03-19,24.5,20.9,9.8,17.01,92,1.45,3.07,1.0846,2022,3,78,22.7,6,3.181746517550719,3.807440978774132
2022-03-20,27.3,21.0,5.7,17.78,89,1.37,3.47,1.0247600000000001,2022,3,79,24.15,6,3.4834761592834984,4.127997778356027
2022-03-21,26.7,20.8,4.1,16.65,90,0.79,3.29,0.59092,2022,3,80,23.75,6,3.2732196281569514,3.8273213745680863
2022-03-22,26.7,20.9,4.1,18.3,90,0.75,3.55,0.5609999999999999,2022,3,81,23.799999999999997,6,3.546465445905072,4.2118688779382225
2022-03-23,27.5,20.5,1.5,19.25,85,1.01,3.75,0.75548,2022,3,82,24.0,6,3.7511867380390607,4.452669598145287
2022-03-24,28.0,20.9,6.1,20.2,88,1.09,3.93,0.81532,2022,3,83,24.45,6,3.9169226580032954,4.7247450956743595
2022-03-25,27.8,20.2,18.3,19.74,90,0.97,3.81,0.72556,2022,3,84,24.0,6,3.7865704415512087,4.566010278825348
2022-03-26,26.6,21.1,6.3,22.18,85,1.16,4.19,0.8676799999999999,2022,3,85,23.85,6,4.182258383492992,5.111257104943916
2022-03-27,25.9,20.8,15.7,18.09,91,1.62,3.31,1.2117600000000002,2022,3,86,23.35,6,3.3943688901733826,4.1167266060421435
2022-03-28,27.8,21.5,2.0,21.83,80,1.56,4.23,1.1668800000000001,2022,3,87,24.65,6,4.288026219412567,5.131150854629109
2022-03-29,27.4,20.6,1.8,21.33,86,1.12,4.1,0.8377600000000001,2022,3,88,24.0,6,4.053528429565649,4.93378922225657
2022-03-30,27.3,21.4,2.3,18.03,84,1.51,3.52,1.12948,2022,3,89,24.35,6,3.5983466662625467,4.206802098959385
2022-03-31,26.6,20.8,3.2,20.74,84,1.88,3.9,1.40624,2022,3,90,23.700000000000003,6,3.9507637061290786,4.761521577708532
2022-04-01,25.9,20.5,16.9,17.58,90,1.37,3.21,1.0247600000000001,2022,4,91,23.2,7,3.3224757834940877,3.9855116791708136
2022-04-02,25.5,20.3,1.3,18.38,92,1.18,3.34,0.88264,2022,4,92,22.9,7,3.400971250939169,4.135202308986885
2022-04-03,25.6,20.0,3.6,19.45,90,1.26,3.55,0.94248,2022,4,93,22.8,7,3.5720469764270697,4.364766172293124
2022-04-04,25.6,20.1,3.5,20.13,88,1.26,3.66,0.94248,2022,4,94,22.85,7,3.7003023866683824,4.523144050503275
2022-04-05,26.2,20.5,5.8,21.35,86,1.76,3.87,1.31648,2022,4,95,23.35,7,3.9460041840140807,4.858602158043105
2022-04-06,25.2,20.3,5.3,17.42,91,1.53,3.09,1.1444400000000001,2022,4,96,22.75,7,3.218850465735103,3.9042138911726245
2022-04-07,26.0,20.0,2.5,19.52,91,1.4,3.51,1.0472,2022,4,97,23.0,7,3.5665492014230957,4.402894963163764
2022-04-08,26.6,20.3,3.4,20.99,87,1.28,3.89,0.9574400000000001,2022,4,98,23.450000000000003,7,3.8914791204537327,4.788742892898675
2022-04-09,26.6,20.0,5.3,20.17,89,1.16,3.74,0.8676799999999999,2022,4,99,23.3,7,3.7318738897899797,4.584274195628857
2022-04-10,26.4,20.0,5.6,20.15,85,1.11,3.77,0.83028,2022,4,100,23.2,7,3.754400299290566,4.568149052064385
2022-04-11,25.9,19.5,0.4,22.51,82,2.22,4.1,1.66056,2022,4,101,22.7,7,4.103438393058408,5.0385359454559495
2022-04-12,26.2,18.8,1.4,21.84,80,1.97,4.07,1.47356,2022,4,102,22.5,7,4.0260948022176235,4.863495582868168
2022-04-13,26.6,20.8,1.7,21.25,81,1.48,3.97,1.10704,2022,4,103,23.700000000000003,7,4.012922149786898,4.878608173881693
2022-04-14,26.5,19.9,10.3,21.6,84,1.65,4.02,1.2342,2022,4,104,23.2,7,3.9707868221663385,4.896874418093833
2022-04-15,27.6,21.1,4.2,20.69,85,1.63,3.91,1.2192399999999999,2022,4,105,24.35,7,3.9400905821019703,4.827439568911242
2022-04-16,26.4,20.8,44.5,17.1,90,1.03,3.21,0.77044,2022,4,106,23.6,8,3.251540123733428,3.9160104930302837
2022-04-17,26.6,20.6,4.9,18.1,89,1.13,3.41,0.8452399999999999,2022,4,107,23.6,8,3.411242112839088,4.145016954611002
2022-04-18,26.3,21.6,30.7,13.37,93,0.92,2.57,0.68816,2022,4,108,23.950000000000003,8,2.65344065766371,3.0887345289034096
2022-04-19,25.8,20.5,17.2,14.35,92,1.35,2.67,1.0098,2022,4,109,23.15,8,2.7454865517051403,3.2491249475991713
2022-04-20,24.0,20.2,11.8,6.16,95,0.84,1.24,0.62832,2022,4,110,22.1,8,1.424341769659298,1.3576207682246357
2022-04-21,26.3,20.2,22.8,16.28,90,0.96,3.12,0.7180799999999999,2022,4,111,23.25,8,3.0836795111567197,3.6954699408713565
2022-04-22,26.7,20.5,2.3,20.28,84,1.77,3.79,1.32396,2022,4,112,23.6,8,3.789207456675415,4.644251040856968
2022-04-23,26.5,21.4,6.6,19.59,87,1.97,3.64,1.47356,2022,4,113,23.95,8,3.6570038154820876,4.525677593210007
2022-04-24,25.6,21.0,7.6,17.69,88,0.91,3.29,0.6806800000000001,2022,4,114,23.3,8,3.3051390935320515,4.020615296017575
2022-04-25,25.8,21.0,1.6,20.96,88,2.25,3.74,1.683,2022,4,115,23.4,8,3.753989559938521,4.7758740892847955
2022-04-26,26.0,20.7,3.2,16.65,88,1.2,3.18,0.8976,2022,4,116,23.35,8,3.1452942256470102,3.78902697571043
2022-04-27,27.7,20.3,1.7,21.5,80,1.07,4.16,0.8003600000000001,2022,4,117,24.0,8,4.005966345366477,4.973111499227203
2022-04-28,27.1,19.6,2.4,19.06,83,1.35,3.71,1.0098,2022,4,118,23.35,8,3.569263600831847,4.337468718140589
2022-04-29,27.3,19.9,12.9,19.52,88,1.05,3.75,0.7854,2022,4,119,23.6,8,3.5999063535242177,4.4702061300556215
2022-04-30,26.8,20.7,6.7,17.43,88,1.15,3.28,0.8602,2022,4,120,23.75,8,3.285020026832065,4.006619312836142
2022-05-01,26.2,20.4,10.4,17.56,86,1.25,3.27,0.935,2022,5,121,23.299999999999997,9,3.283851925541535,3.991068660150854
2022-05-02,27.0,21.6,3.0,20.94,88,2.77,3.79,2.07196,2022,5,122,24.3,9,3.810541818137128,4.8797411833337625
2022-05-03,26.8,21.6,0.8,21.33,85,2.56,3.93,1.9148800000000001,2022,5,123,24.200000000000003,9,3.9405912958782228,4.9583438309143055
2022-05-04,25.3,21.8,1.6,16.68,90,2.6,2.95,1.9448,2022,5,124,23.55,9,3.0677937971136138,3.8150321282298867
2022-05-05,25.5,21.5,6.9,15.77,91,2.05,2.89,1.5333999999999999,2022,5,125,23.5,9,2.9222460264693155,3.602364291773591
2022-05-06,26.6,21.4,7.8,18.56,90,2.12,3.36,1.58576,2022,5,126,24.0,9,3.3901657545864308,4.293067415146832
2022-05-07,26.9,21.2,4.3,18.41,87,1.53,3.5,1.1444400000000001,2022,5,127,24.049999999999997,9,3.4433023437633783,4.26366883055614
2022-05-08,27.3,21.2,5.8,16.49,88,1.03,3.12,0.77044,2022,5,128,24.25,9,3.155422580880189,3.837990626088077
2022-05-09,26.1,21.1,6.7,15.73,89,1.71,2.94,1.27908,2022,5,129,23.6,9,2.9672764788574875,3.602271640664699
2022-05-10,26.7,21.3,4.4,15.27,90,1.72,2.9,1.28656,2022,5,130,24.0,9,2.9103564455462596,3.532065702009274
2022-05-11,27.3,21.3,1.7,18.1,88,1.85,3.45,1.3838000000000001,2022,5,131,24.3,9,3.3902719702257333,4.217923372413615
2022-05-12,26.5,20.8,3.6,16.19,89,0.76,3.09,0.56848,2022,5,132,23.65,9,3.0381328955020077,3.7122698240063183
2022-05-13,27.4,21.5,2.5,17.93,89,1.17,3.38,0.8751599999999999,2022,5,133,24.45,9,3.3644510057010106,4.1937960180911515
2022-05-14,27.3,20.7,2.0,20.51,85,1.52,3.83,1.13696,2022,5,134,24.0,9,3.7500014643304924,4.744117062751161
2022-05-15,26.7,20.6,0.2,19.98,86,2.09,3.69,1.5633199999999998,2022,5,135,23.65,9,3.6185574457575562,4.581294075580372
2022-05-16,27.0,20.5,0.7,20.53,85,1.91,3.85,1.42868,2022,5,136,23.75,10,3.723288835805234,4.7192136828758455
2022-05-17,26.7,20.9,13.2,15.69,90,1.04,2.97,0.7779200000000001,2022,5,137,23.799999999999997,10,2.9473624636664364,3.611159710101131
2022-05-18,25.6,20.9,8.9,11.59,92,1.24,2.2,0.92752,2022,5,138,23.25,10,2.2669385710888403,2.6308658854237725
2022-05-19,26.4,20.7,8.0,14.04,91,1.06,2.64,0.79288,2022,5,139,23.549999999999997,10,2.6645705493320992,3.2112140935460194
2022-05-20,26.3,20.8,8.1,16.15,91,1.26,2.93,0.94248,2022,5,140,23.55,10,2.96790445417719,3.6938110833880495
2022-05-21,25.6,20.2,3.7,15.72,89,0.95,2.94,0.7106,2022,5,141,22.9,10,2.877893849425328,3.536745391581819
2022-05-22,27.3,19.3,1.8,20.63,79,1.26,3.91,0.94248,2022,5,142,23.3,10,3.7198268840696045,4.688823830234175
2022-05-23,27.3,19.7,0.9,19.97,76,1.37,3.84,1.0247600000000001,2022,5,143,23.5,10,3.6889472670000707,4.56177646840321
2022-05-24,26.3,20.1,2.4,17.57,81,0.96,3.31,0.7180799999999999,2022,5,144,23.200000000000003,10,3.2199773631680877,3.983244607680956
2022-05-25,26.1,20.8,3.9,13.22,89,1.37,2.54,1.0247600000000001,2022,5,145,23.450000000000003,10,2.5505869526237874,3.016063889667484
2022-05-26,24.1,20.7,23.8,9.46,91,1.31,1.84,0.9798800000000001,2022,5,146,22.4,10,1.9207727799297312,2.1011958685825993
2022-05-27,26.2,20.3,5.5,13.57,91,1.09,2.56,0.81532,2022,5,147,23.25,10,2.5555843776773113,3.0803149322865053
2022-05-28,27.2,20.3,10.1,18.13,87,1.11,3.44,0.83028,2022,5,148,23.75,10,3.3037649268737677,4.167527718974139
2022-05-29,27.9,20.6,0.4,18.9,87,0.96,3.66,0.7180799999999999,2022,5,149,24.25,10,3.4638493490746,4.398909814012411
2022-05-30,28.0,20.1,0.0,20.49,79,1.35,4.04,1.0098,2022,5,150,24.05,10,3.760757035377176,4.7453869819714996
2022-05-31,28.1,20.7,0.8,20.08,79,1.01,3.9,0.75548,2022,5,151,24.4,10,3.6904692579664937,4.690894843870257
2022-06-01,24.7,20.8,21.2,12.44,88,0.95,2.32,0.7106,2022,6,152,22.75,11,2.379142542058834,2.7880838579900944
2022-06-02,25.7,20.6,2.8,19.08,83,1.25,3.45,0.935,2022,6,153,23.15,11,3.3987414113542216,4.320090871093532
2022-06-03,25.0,19.9,2.6,13.22,93,1.46,2.37,1.09208,2022,6,154,22.45,11,2.396260653911996,2.9401361158187616
2022-06-04,25.8,20.4,3.2,16.29,88,1.11,3.02,0.83028,2022,6,155,23.1,11,2.9491675596342612,3.683699924947881
2022-06-05,24.5,20.2,19.3,14.4,93,1.67,2.54,1.24916,2022,6,156,22.35,11,2.535618315571185,3.194306920950091
2022-06-06,25.0,19.9,26.3,15.43,92,1.51,2.78,1.12948,2022,6,157,22.45,11,2.710278901943216,3.4316414725479185
2022-06-07,25.9,20.8,9.2,16.73,89,1.92,3.01,1.4361599999999999,2022,6,158,23.35,11,3.008186005109703,3.807232510728859
2022-06-08,26.7,20.9,2.9,17.06,86,1.02,3.18,0.76296,2022,6,159,23.799999999999997,11,3.1288386410932687,3.9264744840232826
2022-06-09,25.8,20.6,4.0,17.02,87,1.84,3.1,1.37632,2022,6,160,23.200000000000003,11,3.0726965511931987,3.8585556757387516
2022-06-10,26.2,20.2,5.0,15.65,87,0.94,2.94,0.70312,2022,6,161,23.2,11,2.8645219471892593,3.5479668816281706
2022-06-11,26.7,20.2,4.3,16.69,88,1.22,3.13,0.9125599999999999,2022,6,162,23.45,11,3.029571233889067,3.8077236247012336
2022-06-12,24.9,19.9,10.5,13.15,91,1.1,2.42,0.8228000000000001,2022,6,163,22.4,11,2.411659632070253,2.920795525566721
2022-06-13,25.5,19.8,1.8,14.23,90,1.19,2.65,0.8901199999999999,2022,6,164,22.65,11,2.5913892669687435,3.18109412233242
2022-06-14,25.5,19.9,19.7,14.56,90,1.69,2.67,1.26412,2022,6,165,22.7,11,2.6353505465781883,3.259044129979504
2022-06-15,26.4,20.8,3.9,16.99,86,1.57,3.19,1.17436,2022,6,166,23.6,11,3.111214908355183,3.890819782256404
2022-06-16,24.9,20.5,16.8,15.08,91,1.48,2.72,1.10704,2022,6,167,22.7,12,2.6863163650752164,3.375438563193058
2022-06-17,25.0,20.2,6.4,14.51,91,2.09,2.55,1.5633199999999998,2022,6,168,22.6,12,2.5877113162726335,3.239523399317406
2022-06-18,26.3,20.9,2.0,17.58,87,2.08,3.24,1.5558400000000001,2022,6,169,23.6,12,3.1809584489916634,4.025933594589028
2022-06-19,25.8,20.8,3.2,16.96,87,2.65,3.11,1.9822,2022,6,170,23.3,12,3.077143885298974,3.8546995715352215
2022-06-20,23.9,20.6,4.3,16.57,90,3.13,2.78,2.34124,2022,6,171,22.25,12,2.819584522629287,3.666166076132102
2022-06-21,25.1,20.0,0.0,19.53,84,2.83,3.47,2.11684,2022,6,172,22.55,12,3.417139803178548,4.354691331415416
2022-06-22,25.1,20.0,0.4,19.97,84,3.18,3.52,2.3786400000000003,2022,6,173,22.55,12,3.4798384355496657,4.4528000966905195
2022-06-23,24.5,20.6,4.3,17.38,86,3.18,3.07,2.3786400000000003,2022,6,174,22.55,12,3.094483652763534,3.875296228366611
2022-06-24,24.4,20.4,6.2,16.62,90,3.19,2.79,2.38612,2022,6,175,22.4,12,2.8401400223704614,3.6915301623512473
2022-06-25,23.4,20.3,4.2,14.48,90,3.31,2.48,2.47588,2022,6,176,21.85,12,2.5334833147703995,3.170537469624197
2022-06-26,23.6,20.3,7.8,13.05,92,2.81,2.2,2.10188,2022,6,177,21.950000000000003,12,2.3037159017452544,2.864905306486239
2022-06-27,22.9,19.6,9.4,15.61,95,3.23,2.49,2.41604,2022,6,178,21.25,12,2.4278356289276957,3.3643111573321915
2022-06-28,23.9,19.1,0.6,19.01,85,3.1,3.31,2.3188,2022,6,179,21.5,12,3.217316456334218,4.124303293168288
2022-06-29,24.1,18.8,1.9,18.71,87,2.44,3.23,1.8251199999999999,2022,6,180,21.450000000000003,12,3.1156821609632503,4.0538589444794235
2022-06-30,24.3,19.9,5.0,17.88,91,3.15,3.0,2.3562,2022,6,181,22.1,12,2.9329150275446754,3.940626515561118
2022-07-01,23.2,20.0,5.0,16.37,95,3.81,2.53,2.84988,2022,7,182,21.6,13,2.5041760697239552,3.5609208119666915
2022-07-02,25.0,20.5,4.3,16.29,91,2.29,2.9,1.71292,2022,7,183,22.75,13,2.8300999182697093,3.650955469988637
2022-07-03,25.7,20.1,12.2,16.34,90,1.0,3.02,0.748,2022,7,184,22.9,13,2.911418407927005,3.676235349773977
2022-07-04,26.5,20.6,5.2,14.85,89,0.9,2.8,0.6732,2022,7,185,23.55,13,2.759400855640228,3.3964764450967517
2022-07-05,25.6,20.0,2.1,17.95,88,1.96,3.19,1.46608,2022,7,186,22.8,13,3.1402501980456043,4.0281518145327295
2022-07-06,23.4,19.6,4.2,17.47,92,2.94,2.83,2.1991199999999997,2022,7,187,21.5,13,2.807382064014933,3.790193505084165
2022-07-07,22.7,18.1,3.6,17.74,88,2.75,2.97,2.057,2022,7,188,20.4,13,2.8763823486970805,3.7371162698706097
2022-07-08,24.0,16.8,0.0,21.23,78,2.32,3.8,1.7353599999999998,2022,7,189,20.4,13,3.5418481104386266,4.472321218114603
2022-07-09,23.9,18.4,0.0,17.2,86,2.56,3.04,1.9148800000000001,2022,7,190,21.15,13,2.951149051732308,3.6971463299464356
2022-07-10,24.9,19.4,0.5,18.99,89,2.55,3.28,1.9073999999999998,2022,7,191,22.15,13,3.181405839859156,4.190707603766388
2022-07-11,23.2,20.4,10.6,11.07,96,2.82,1.84,2.1093599999999997,2022,7,192,21.799999999999997,13,1.9171646665004396,2.420712420147041
2022-07-12,23.5,20.3,8.1,15.23,95,2.99,2.5,2.23652,2022,7,193,21.9,13,2.4690741187067977,3.339122037380775
2022-07-13,24.2,20.3,4.1,15.28,95,2.4,2.67,1.7952,2022,7,194,22.25,13,2.55263047208473,3.380749405147768
2022-07-14,24.0,19.7,4.1,17.53,94,2.58,2.96,1.92984,2022,7,195,21.85,13,2.825341905157526,3.838364768129294
2022-07-15,23.7,19.3,6.7,14.81,94,2.52,2.49,1.88496,2022,7,196,21.5,13,2.460218916304831,3.213094780211591
2022-07-16,23.9,18.3,6.3,15.89,92,2.43,2.66,1.8176400000000001,2022,7,197,21.1,14,2.6328476478601415,3.4110138914702137
2022-07-17,23.9,20.3,5.1,15.25,93,2.64,2.62,1.97472,2022,7,198,22.1,14,2.5889504858543515,3.3609929732833925
2022-07-18,23.9,20.2,5.1,12.31,96,2.77,2.05,2.07196,2022,7,199,22.049999999999997,14,2.103259688911152,2.709508373706337
2022-07-19,24.4,19.3,6.1,15.79,92,2.47,2.71,1.84756,2022,7,200,21.85,14,2.6853982061848316,3.457374768326386
2022-07-20,24.5,18.2,0.5,19.04,89,2.25,3.29,1.683,2022,7,201,21.35,14,3.147451404698496,4.114455878956587
2022-07-21,24.1,19.3,3.1,14.22,93,2.68,2.45,2.00464,2022,7,202,21.700000000000003,14,2.4376221773719013,3.1013843758278856
2022-07-22,22.2,19.5,5.3,10.23,95,2.43,1.75,1.8176400000000001,2022,7,203,20.85,14,1.8322134490721995,2.181380455060292
2022-07-23,23.4,19.2,5.9,14.15,93,2.79,2.37,2.08692,2022,7,204,21.299999999999997,14,2.39708636248488,3.053698487628151
2022-07-24,23.1,17.3,0.0,20.31,86,3.19,3.42,2.38612,2022,7,205,20.200000000000003,14,3.2541850085596096,4.255300153048478
2022-07-25,22.4,17.0,0.1,16.9,82,3.03,2.91,2.26644,2022,7,206,19.7,14,2.966363980031058,3.4925873886755676
2022-07-26,22.5,18.3,2.0,12.35,89,2.72,2.11,2.03456,2022,7,207,20.4,14,2.2625604474247916,2.6016564787430685
2022-07-27,24.2,19.4,3.0,14.6,93,2.52,2.5,1.88496,2022,7,208,21.799999999999997,14,2.5155682917168196,3.1926288468063957
2022-07-28,24.6,18.0,0.5,17.69,89,2.36,3.03,1.76528,2022,7,209,21.3,14,2.997671682745056,3.8176626322361833
2022-07-29,25.1,18.4,0.2,19.68,88,2.33,3.44,1.74284,2022,7,210,21.75,14,3.3240997494593003,4.2978497517640255
2022-07-30,23.6,18.5,1.3,15.0,91,2.31,2.61,1.72788,2022,7,211,21.05,14,2.586081875263282,3.215670418591508
2022-07-31,23.9,18.8,2.7,15.95,92,2.33,2.74,1.74284,2022,7,212,21.35,14,2.7042588982403197,3.4467211801133177
2022-08-01,26.7,17.6,3.5,18.71,86,1.28,3.43,0.9574400000000001,2022,8,213,22.15,15,3.3115707395846696,4.128917286280628
2022-08-02,25.0,19.9,4.3,16.78,91,1.62,3.01,1.2117600000000002,2022,8,214,22.45,15,2.972289281401278,3.731882301319124
2022-08-03,26.1,19.1,0.6,20.04,86,1.86,3.59,1.39128,2022,8,215,22.6,15,3.5338241440545715,4.474159126279863
2022-08-04,24.5,18.7,0.2,21.15,87,2.8,3.65,2.0944,2022,8,216,21.6,15,3.524958016641079,4.600700987971626
2022-08-05,24.2,18.2,0.6,18.57,86,2.41,3.27,1.80268,2022,8,217,21.2,15,3.2038460874132824,3.996943263017266
2022-08-06,24.3,17.5,2.5,20.01,87,1.85,3.48,1.3838000000000001,2022,8,218,20.9,15,3.3472594759230296,4.2725295945068975
2022-08-07,23.2,19.5,5.7,13.68,94,1.88,2.33,1.40624,2022,8,219,21.35,15,2.400223420243762,2.9561846861410777
2022-08-08,24.3,19.3,0.1,19.62,89,2.48,3.38,1.85504,2022,8,220,21.8,15,3.319079149342869,4.290368354406951
2022-08-09,23.4,19.6,6.1,16.35,94,2.26,2.79,1.6904799999999998,2022,8,221,21.5,15,2.743018115745983,3.547204568295713
2022-08-10,24.3,19.8,4.7,15.5,94,2.36,2.7,1.76528,2022,8,222,22.05,15,2.6712385899084454,3.4116474242443724
2022-08-11,25.3,20.3,9.9,15.37,94,1.44,2.84,1.0771199999999999,2022,8,223,22.8,15,2.7870819024367335,3.4491751191848485
2022-08-12,25.9,20.4,10.8,16.62,92,1.5,3.08,1.1219999999999999,2022,8,224,23.15,15,3.0325368548041762,3.7630980229336743
2022-08-13,25.3,20.0,2.7,17.4,89,1.3,3.18,0.9724,2022,8,225,22.65,15,3.16001312378606,3.8897426372863038
2022-08-14,25.7,19.4,7.3,18.71,90,1.24,3.36,0.92752,2022,8,226,22.549999999999997,15,3.3381873131668116,4.1718522688572675
2022-08-15,25.7,19.5,0.1,21.95,87,2.16,3.9,1.61568,2022,8,227,22.6,15,3.81262450793486,4.900588464163823
2022-08-16,26.2,19.2,0.0,20.7,85,1.67,3.8,1.24916,2022,8,228,22.7,16,3.708380869302848,4.633393783693387
2022-08-17,24.0,18.8,4.2,19.04,88,2.55,3.28,1.9073999999999998,2022,8,229,21.4,16,3.2663874342115653,4.119907380741096
2022-08-18,23.0,19.5,10.3,14.78,94,3.58,2.41,2.67784,2022,8,230,21.25,16,2.453502464880071,3.1854272200749385
2022-08-19,24.2,19.1,2.6,16.66,92,3.36,2.77,2.51328,2022,8,231,21.65,16,2.822179918893033,3.62877602169322
2022-08-20,23.3,18.4,0.9,19.65,87,3.31,3.28,2.47588,2022,8,232,20.85,16,3.30843818470561,4.19004163655276
2022-08-21,25.8,18.4,0.8,21.54,82,2.17,3.9,1.62316,2022,8,233,22.1,16,3.850909259523355,4.747264829149132
2022-08-22,23.0,19.3,4.4,17.06,94,3.4,2.75,2.5432,2022,8,234,21.15,16,2.7497169259601186,3.667053278423616
2022-08-23,23.8,19.0,0.3,21.73,86,3.11,3.75,2.3262799999999997,2022,8,235,21.4,16,3.6729432878456514,4.701974127284875
2022-08-24,24.6,18.8,0.7,20.58,87,2.99,3.6,2.23652,2022,8,236,21.700000000000003,16,3.541717073856437,4.48850143843445
2022-08-25,24.1,19.0,3.1,20.63,92,2.87,3.5,2.14676,2022,8,237,21.55,16,3.3722120577772747,4.481677851819804
2022-08-26,23.7,19.5,2.9,17.16,93,3.07,2.9,2.29636,2022,8,238,21.6,16,2.8793638108688544,3.7327673264110217
2022-08-27,23.1,19.2,6.5,14.01,93,2.89,2.38,2.1617200000000003,2022,8,239,21.15,16,2.4535677769202158,3.0114546559621838
2022-08-28,21.7,19.3,12.8,13.44,96,2.35,2.24,1.7578,2022,8,240,20.5,16,2.2762116661920064,2.838959202635971
2022-08-29,24.0,19.4,13.3,16.83,95,2.33,2.91,1.74284,2022,8,241,21.7,16,2.853973780286956,3.67062581189756
2022-08-30,24.0,19.9,6.1,14.55,95,2.32,2.47,1.7353599999999998,2022,8,242,21.95,16,2.5629940942744875,3.194204767001899
2022-08-31,23.7,19.6,4.9,14.26,95,1.8,2.52,1.3464,2022,8,243,21.65,16,2.548690896274558,3.1060231734300907
2022-09-01,24.9,19.5,4.3,18.19,93,2.31,3.17,1.72788,2022,9,244,22.2,17,3.1544554545654986,4.019379830890296
2022-09-02,25.5,19.8,0.0,21.87,90,2.52,3.87,1.88496,2022,9,245,22.65,17,3.7817949910019126,4.889004107899511
2022-09-03,25.4,20.4,3.4,19.44,93,2.4,3.46,1.7952,2022,9,246,22.9,17,3.3937136667628662,4.373685140734769
2022-09-04,24.1,20.3,6.8,12.07,94,2.26,2.13,1.6904799999999998,2022,9,247,22.200000000000003,17,2.279132089533364,2.6670651214318783
2022-09-05,24.7,19.6,1.7,19.8,91,1.6,3.56,1.1968,2022,9,248,22.15,17,3.4954558937564935,4.36945816506448
2022-09-06,25.5,20.0,10.6,17.11,93,1.79,3.08,1.33892,2022,9,249,22.75,17,3.1082393880695203,3.8347359172194952
2022-09-07,23.7,19.7,21.8,14.77,95,2.27,2.5,1.69796,2022,9,250,21.7,17,2.5985717117284715,3.2213394677199623
2022-09-08,25.0,20.1,33.8,18.59,92,2.21,3.28,1.6530799999999999,2022,9,251,22.55,17,3.297652598272331,4.145095332873148
2022-09-09,26.3,20.1,24.2,16.36,93,1.64,3.01,1.22672,2022,9,252,23.200000000000003,17,3.0555358111675783,3.7089289574081064
2022-09-10,25.1,19.9,8.6,17.01,94,2.08,3.0,1.5558400000000001,2022,9,253,22.5,17,3.032437923696034,3.787914828964631
2022-09-11,25.3,19.3,5.7,18.07,93,2.1,3.24,1.5708,2022,9,254,22.3,17,3.196029577723158,4.00322848471028
2022-09-12,25.9,18.4,2.7,21.64,87,1.4,4.0,1.0472,2022,9,255,22.15,17,3.8708938826204404,4.775508822828049
2022-09-13,25.6,20.0,3.2,20.93,92,2.92,3.64,2.18416,2022,9,256,22.8,17,3.6067547719845408,4.696892338616714
2022-09-14,23.8,20.0,10.5,17.5,94,2.73,2.9,2.04204,2022,9,257,21.9,17,2.994044637307256,3.8368112707920927
2022-09-15,23.0,20.0,8.7,15.38,96,2.94,2.51,2.1991199999999997,2022,9,258,21.5,17,2.5861648993338675,3.3367587926842854
2022-09-16,24.1,19.6,4.5,19.55,86,2.76,3.48,2.0644799999999996,2022,9,259,21.85,18,3.5328080737055076,4.2806635035326694
2022-09-17,25.7,18.1,0.7,23.7,81,2.24,4.36,1.6755200000000001,2022,9,260,21.9,18,4.250951815141232,5.196138692444148
2022-09-18,26.2,18.7,3.0,21.61,88,1.9,3.95,1.4212,2022,9,261,22.45,18,3.875517902278331,4.806077266478323
2022-09-19,24.7,18.1,4.8,17.61,89,2.08,3.09,1.5558400000000001,2022,9,262,21.4,18,3.175640444930412,3.8104815638051837
2022-09-20,23.9,18.9,7.0,17.24,95,2.48,2.87,1.85504,2022,9,263,21.4,18,2.924704005353151,3.730420338444143
2022-09-21,25.5,19.9,9.9,17.64,94,2.3,3.12,1.7204,2022,9,264,22.7,18,3.14538115975045,3.948457311321322
2022-09-22,24.9,20.0,5.2,18.26,94,2.57,3.18,1.9223599999999998,2022,9,265,22.45,18,3.1844897232171907,4.061035209897926
2022-09-23,25.2,20.3,6.7,19.9,92,2.24,3.56,1.6755200000000001,2022,9,266,22.75,18,3.540250130047075,4.460037682797659
2022-09-24,24.5,19.6,1.2,17.05,93,1.59,3.05,1.1893200000000002,2022,9,267,22.05,18,3.0985048828112904,3.75281216666881
2022-09-25,24.9,19.2,3.2,19.03,93,1.79,3.32,1.33892,2022,9,268,22.049999999999997,18,3.3739660219328265,4.188622611830349
2022-09-26,24.0,19.4,6.0,20.73,93,2.04,3.55,1.52592,2022,9,269,21.7,18,3.5547556911838605,4.521216463495926
2022-09-27,25.4,19.0,0.3,23.93,88,2.01,4.3,1.50348,2022,9,270,22.2,18,4.189151466019089,5.287727287147046
2022-09-28,25.4,18.5,3.2,21.11,90,1.42,3.85,1.06216,2022,9,271,21.95,18,3.7703131661788527,4.634341074323717
2022-09-29,24.8,20.0,6.1,18.89,93,1.31,3.46,0.9798800000000001,2022,9,272,22.4,18,3.4422435579715587,4.195728325319799
2022-09-30,24.6,20.5,25.4,13.89,95,1.14,2.55,0.8527199999999999,2022,9,273,22.55,18,2.6704162480303704,3.097115340161809
2022-10-01,25.1,20.8,25.1,12.72,96,1.2,2.35,0.8976,2022,10,274,22.950000000000003,19,2.490967852095555,2.8654466114749675
2022-10-02,25.4,20.0,5.2,16.49,94,0.92,3.03,0.68816,2022,10,275,22.7,19,3.1301311896176998,3.6910465455605777
2022-10-03,24.3,20.4,22.5,13.08,96,1.07,2.41,0.8003600000000001,2022,10,276,22.35,19,2.5274488708997507,2.9014954531963326
2022-10-04,24.3,20.3,15.1,16.83,96,1.52,2.95,1.13696,2022,10,277,22.3,19,3.0515425788283475,3.728518837724073
2022-10-05,25.5,20.2,13.8,16.12,93,2.13,2.9,1.59324,2022,10,278,22.85,19,2.9991457820107343,3.6221103871889118
2022-10-06,24.4,20.2,8.5,13.96,95,2.2,2.42,1.6456000000000002,2022,10,279,22.299999999999997,19,2.5784869089739515,3.0926989289737414
2022-10-07,24.1,20.9,7.0,11.32,97,2.57,1.99,1.9223599999999998,2022,10,280,22.5,19,2.1127602013086886,2.520822802109325
2022-10-08,25.1,20.2,11.5,14.93,95,2.47,2.66,1.84756,2022,10,281,22.65,19,2.7240566251755354,3.337578021533593
2022-10-09,25.2,20.6,4.1,17.49,95,2.45,3.03,1.8326000000000002,2022,10,282,22.9,19,3.1198644957181596,3.934966723840077
2022-10-10,26.2,20.6,27.6,18.28,92,2.07,3.31,1.54836,2022,10,283,23.4,19,3.407287285497956,4.165218432830442
2022-10-11,26.0,19.5,5.9,21.45,88,1.36,3.91,1.01728,2022,10,284,22.75,19,3.9572972167531977,4.807427552563307
2022-10-12,24.4,20.3,8.4,16.95,89,2.09,3.04,1.5633199999999998,2022,10,285,22.35,19,3.1929095311566895,3.7599654382016694
2022-10-13,24.6,19.7,3.4,20.52,92,2.1,3.59,1.5708,2022,10,286,22.15,19,3.6159599634156305,4.528347552885006
2022-10-14,25.2,19.4,7.6,13.84,94,1.62,2.53,1.2117600000000002,2022,10,287,22.299999999999997,19,2.6417081287781676,3.066114124426689
2022-10-15,25.4,19.8,4.7,17.42,92,2.07,3.15,1.54836,2022,10,288,22.6,19,3.212764265581648,3.889214170648464
2022-10-16,25.6,20.6,9.0,14.09,93,2.37,2.58,1.7727600000000001,2022,10,289,23.1,20,2.711224855185801,3.186208222376651
2022-10-17,24.7,20.7,8.1,13.76,97,2.27,2.43,1.69796,2022,10,290,22.7,20,2.517243911390366,3.0799757711894213
2022-10-18,23.7,20.9,19.2,9.1,98,1.44,1.73,1.0771199999999999,2022,10,291,22.299999999999997,20,1.844739424628712,2.0160143448181262
2022-10-19,23.7,20.4,39.9,10.99,95,0.73,2.12,0.54604,2022,10,292,22.049999999999997,20,2.234589892322448,2.4189680769319777
2022-10-20,24.9,20.4,24.9,13.73,93,0.84,2.61,0.62832,2022,10,293,22.65,20,2.7183227626540414,3.069319908617296
2022-10-21,26.2,20.4,27.1,16.69,91,0.97,3.23,0.72556,2022,10,294,23.299999999999997,20,3.2548552066373504,3.7933334816581863
2022-10-22,26.3,20.7,23.1,16.05,90,0.97,3.05,0.72556,2022,10,295,23.5,20,3.1773530480224985,3.6663251035488997
2022-10-23,26.2,20.4,21.7,18.75,93,1.1,3.49,0.8228000000000001,2022,10,296,23.299999999999997,20,3.555517853222861,4.261534019238526
2022-10-24,24.6,21.1,2.9,16.7,94,1.52,3.04,1.13696,2022,10,297,22.85,20,3.1291857355483703,3.7524344581919866
2022-10-25,24.7,20.7,16.2,16.36,95,2.04,2.9,1.52592,2022,10,298,22.7,20,2.990369335966079,3.6619479372571893
2022-10-26,24.6,20.3,3.6,18.5,93,1.46,3.31,1.09208,2022,10,299,22.450000000000003,20,3.399221330150047,4.114411357235029
2022-10-27,24.3,20.3,8.1,14.29,95,1.75,2.55,1.309,2022,10,300,22.3,20,2.679907814751277,3.165807141478135
2022-10-28,23.5,18.8,3.1,18.4,89,2.52,3.24,1.88496,2022,10,301,21.15,20,3.2840954916110583,3.9550867715706053
2022-10-29,24.5,17.8,0.3,23.21,84,1.97,4.12,1.47356,2022,10,302,21.15,20,4.098946478298427,4.988998041747487
2022-10-30,25.1,18.6,0.0,26.03,85,1.6,4.68,1.1968,2022,10,303,21.85,20,4.579381951468641,5.699522813143497
2022-10-31,26.3,18.8,2.3,24.04,87,1.73,4.37,1.29404,2022,10,304,22.55,20,4.339982690220628,5.360306175485232
2022-11-01,25.8,19.0,2.3,23.54,88,1.68,4.31,1.25664,2022,11,305,22.4,21,4.230479736857241,5.2285571613567
2022-11-02,25.7,20.2,12.5,19.48,90,1.79,3.59,1.33892,2022,11,306,22.95,21,3.6286210669747616,4.3882783012210975
2022-11-03,27.4,20.2,15.1,20.48,88,1.2,3.94,0.8976,2022,11,307,23.799999999999997,21,3.941349602513423,4.7136106349822295
2022-11-04,26.6,20.2,7.6,18.86,91,1.74,3.48,1.30152,2022,11,308,23.4,21,3.5628480193519763,4.2973752540033985
2022-11-05,25.9,20.7,2.7,17.23,92,1.88,3.17,1.40624,2022,11,309,23.299999999999997,21,3.266472191220774,3.9160656614122558
2022-11-06,25.6,21.1,6.3,17.29,92,1.59,3.15,1.1893200000000002,2022,11,310,23.35,21,3.2995859109837586,3.9346712558578583
2022-11-07,24.3,20.1,17.0,16.7,92,1.29,3.08,0.96492,2022,11,311,22.200000000000003,21,3.1379495130997985,3.6901398117574455
2022-11-08,24.6,20.2,30.3,14.35,94,0.96,2.69,0.7180799999999999,2022,11,312,22.4,21,2.786913740450739,3.187331999382695
2022-11-09,25.1,19.9,7.1,14.94,93,1.17,2.78,0.8751599999999999,2022,11,313,22.5,21,2.8841658009194506,3.3269516487202573
2022-11-10,26.0,20.3,12.1,15.98,92,0.95,3.03,0.7106,2022,11,314,23.15,21,3.125367023263736,3.6181893144693213
2022-11-11,25.5,20.0,38.3,16.75,93,1.02,3.05,0.76296,2022,11,315,22.75,21,3.2016737211475403,3.7540518184352156
2022-11-12,26.1,20.3,27.6,17.39,90,0.9,3.29,0.6732,2022,11,316,23.200000000000003,21,3.3798265026651135,3.9424373208635073
2022-11-13,25.4,20.6,29.6,11.88,94,0.96,2.27,0.7180799999999999,2022,11,317,23.0,21,2.4269994136699227,2.6796307460238484
2022-11-14,25.0,20.7,52.8,13.85,93,0.86,2.6,0.64328,2022,11,318,22.85,21,2.7540384230616386,3.1120489368837734
2022-11-15,26.7,20.1,57.6,14.76,93,1.01,2.78,0.75548,2022,11,319,23.4,21,2.931568239525652,3.36316324226353
2022-11-16,24.4,20.5,69.2,11.92,93,1.12,2.21,0.8377600000000001,2022,11,320,22.45,22,2.409724439520847,2.651015317742786
2022-11-17,26.7,21.0,11.3,18.38,89,0.89,3.51,0.66572,2022,11,321,23.85,22,3.603633960418874,4.235568331328636
2022-11-18,23.2,20.4,15.3,6.76,95,1.09,1.34,0.81532,2022,11,322,21.799999999999997,22,1.5494917319560695,1.4782308907130983
2022-11-19,25.8,20.1,2.0,13.2,87,0.9,2.64,0.6732,2022,11,323,22.950000000000003,22,2.7235598663808034,2.973576672285343
2022-11-20,26.8,20.8,3.2,23.3,85,0.86,4.46,0.64328,2022,11,324,23.8,22,4.4267830025057275,5.362652724369431
2022-11-21,27.0,21.0,4.2,19.53,85,0.79,3.81,0.59092,2022,11,325,24.0,22,3.834728443547257,4.517435701391037
2022-11-22,24.7,20.7,25.7,14.01,92,1.29,2.62,0.96492,2022,11,326,22.7,22,2.758450795893352,3.135934633311322
2022-11-23,26.9,20.8,24.4,17.09,90,1.36,3.32,1.01728,2022,11,327,23.85,22,3.3636743291459696,3.9382950371276606
2022-11-24,24.2,20.7,29.0,12.05,94,1.09,2.23,0.81532,2022,11,328,22.45,22,2.415857090265877,2.679927397550384
2022-11-25,25.0,20.8,9.2,12.87,89,0.82,2.51,0.61336,2022,11,329,22.9,22,2.6417891499310873,2.8955415515049623
2022-11-26,25.9,20.2,26.5,14.52,91,0.82,2.76,0.61336,2022,11,330,23.049999999999997,22,2.898897371106743,3.2792745442737705
2022-11-27,25.7,19.7,13.9,15.77,93,0.79,2.96,0.59092,2022,11,331,22.7,22,3.06198806079227,3.5298850226495038
2022-11-28,23.9,20.7,21.8,12.96,95,0.97,2.43,0.72556,2022,11,332,22.299999999999997,22,2.5458944224705737,2.87115889108164
2022-11-29,24.6,20.5,3.0,12.75,94,1.2,2.36,0.8976,2022,11,333,22.55,22,2.524530190860037,2.8429244483126754
2022-11-30,25.4,19.6,2.9,23.35,89,1.66,4.2,1.24168,2022,11,334,22.5,22,4.1939602138255045,5.199753748167203
2022-12-01,25.2,19.4,2.3,24.56,87,1.62,4.38,1.2117600000000002,2022,12,335,22.299999999999997,23,4.3861868792278145,5.441023330630021
2022-12-02,25.4,18.7,14.1,18.8,89,1.17,3.44,0.8751599999999999,2022,12,336,22.049999999999997,23,3.501863261591378,4.137998166180272
2022-12-03,24.8,19.9,15.7,17.45,92,1.07,3.2,0.8003600000000001,2022,12,337,22.35,23,3.2846971268624894,3.870878872956881
2022-12-04,25.2,20.3,28.3,15.05,90,1.37,2.82,1.0247600000000001,2022,12,338,22.75,23,2.9548152556615936,3.3730435741761196
2022-12-05,26.2,19.9,31.6,14.12,92,1.17,2.67,0.8751599999999999,2022,12,339,23.049999999999997,23,2.8079732989298924,3.1889364025582396
2022-12-06,25.4,20.1,14.5,17.82,90,1.05,3.37,0.7854,2022,12,340,22.75,23,3.400425150017785,3.993862889821824
2022-12-07,26.9,20.4,4.0,22.87,87,1.41,4.32,1.0546799999999998,2022,12,341,23.65,23,4.302803017370774,5.2439537291553115
2022-12-08,27.4,19.7,6.7,22.38,85,1.58,4.25,1.18184,2022,12,342,23.549999999999997,23,4.246751831242972,5.118730157660963
2022-12-09,25.2,19.6,3.5,23.29,86,2.32,4.17,1.7353599999999998,2022,12,343,22.4,23,4.191526140386064,5.173028729311706
2022-12-10,26.8,19.0,3.3,21.79,86,1.37,4.07,1.0247600000000001,2022,12,344,22.9,23,4.0761908134804195,4.902397079043755
2022-12-11,26.7,20.4,1.8,21.27,88,1.68,3.9,1.25664,2022,12,345,23.549999999999997,23,4.0119144077752,4.864852120350701
2022-12-12,26.9,20.0,3.1,22.65,86,0.95,4.3,0.7106,2022,12,346,23.45,23,4.278755376484266,5.16746195922606
2022-12-13,26.7,20.5,10.1,22.5,88,0.97,4.23,0.72556,2022,12,347,23.6,23,4.2531458319332565,5.152645385566162
2022-12-14,26.9,20.5,8.9,19.22,85,1.0,3.68,0.748,2022,12,348,23.7,23,3.760478211165148,4.412557604800289
2022-12-15,26.9,20.3,9.0,19.35,89,1.14,3.66,0.8527199999999999,2022,12,349,23.6,23,3.7289283930715156,4.4312750315869
2022-12-16,23.6,20.9,2.1,13.13,93,1.22,2.41,0.9125599999999999,2022,12,350,22.25,24,2.579179883100022,2.9050549535072117
2022-12-17,25.6,20.3,10.0,18.88,92,1.17,3.44,0.8751599999999999,2022,12,351,22.950000000000003,24,3.552232227291193,4.2531157252081275
2022-12-18,26.1,19.7,0.8,24.57,88,1.4,4.46,1.0472,2022,12,352,22.9,24,4.466707530845205,5.52785205287311
2022-12-19,26.5,19.3,0.9,25.96,83,1.3,4.77,0.9724,2022,12,353,22.9,24,4.745344600433819,5.840579539787788
2022-12-20,27.1,18.7,0.7,27.03,82,1.29,5.02,0.96492,2022,12,354,22.9,24,4.926737577533005,6.081312209571029
2022-12-21,26.2,20.6,17.5,19.02,91,2.2,3.47,1.6456000000000002,2022,12,355,23.4,24,3.5507672922774742,4.333832308120076
2022-12-22,24.9,21.0,23.0,12.47,96,3.69,2.16,2.76012,2022,12,356,22.95,24,2.270350652564458,2.809128871469563
2022-12-23,25.4,20.2,26.7,17.48,91,4.24,3.13,3.17152,2022,12,357,22.799999999999997,24,3.155956903061205,3.9226793157678053
2022-12-24,23.0,20.3,15.7,7.84,92,3.42,1.53,2.55816,2022,12,358,21.65,24,1.7759937368153078,1.7076593043262212
2022-12-25,24.1,20.3,46.5,12.15,96,2.65,2.2,1.9822,2022,12,359,22.200000000000003,24,2.2566158979385023,2.6847424378953875
2022-12-26,25.9,20.3,8.1,16.83,91,2.83,3.06,2.11684,2022,12,360,23.1,24,3.164543284850157,3.80581152466991
2022-12-27,24.3,20.2,5.0,14.84,89,2.88,2.72,2.1542399999999997,2022,12,361,22.25,24,2.883116785918771,3.283397982486445
2022-12-28,25.0,20.5,24.3,17.77,91,3.01,3.11,2.25148,2022,12,362,22.75,24,3.2535002100107753,3.982656764990674
2022-12-29,24.3,20.1,13.4,12.56,93,1.41,2.43,1.0546799999999998,2022,12,363,22.200000000000003,24,2.4813258490944126,2.7753386847708694
2022-12-30,25.3,19.9,1.0,11.83,87,1.79,2.48,1.33892,2022,12,364,22.6,24,2.529288675786481,2.641182757679181
2022-12-31,26.4,21.3,6.6,18.25,84,3.94,3.62,2.94712,2022,12,365,23.85,24,3.7240661472782466,4.20561055749443
2023-01-01,26.0,21.1,2.5,15.61,88,3.41,2.98,2.5506800000000003,2023,1,1,23.55,1,3.1368061333806825,3.570302849020895
2023-01-02,27.3,20.6,12.1,17.61,88,3.37,3.3,2.52076,2023,1,2,23.950000000000003,1,3.463652622594813,4.068258418398583
2023-01-03,25.3,20.5,2.7,21.46,89,4.57,3.69,3.4183600000000003,2023,1,3,22.9,1,3.772449893221084,4.828152423876961
2023-01-04,25.0,20.8,7.2,21.7,91,4.55,3.52,3.4034,2023,1,4,22.9,1,3.695444721258021,4.882148536725539
2023-01-05,24.8,20.8,14.2,18.94,95,4.16,3.04,3.1116800000000002,2023,1,5,22.8,1,3.1483548797970466,4.25031729065459
2023-01-06,23.7,20.5,20.3,13.68,96,3.37,2.3,2.52076,2023,1,6,22.1,1,2.406800673024678,3.014975991771594
2023-01-07,24.7,20.7,9.7,21.8,93,2.86,3.69,2.13928,2023,1,7,22.7,1,3.7587037084214407,4.8796127770297515
2023-01-08,26.1,20.3,1.2,24.92,88,2.02,4.47,1.51096,2023,1,8,23.200000000000003,1,4.504592493819789,5.649542152726774
2023-01-09,26.1,19.9,0.0,25.36,86,1.84,4.61,1.37632,2023,1,9,23.0,1,4.600492315472962,5.720154521815218
2023-01-10,25.4,20.0,0.1,24.02,87,1.77,4.32,1.32396,2023,1,10,22.7,1,4.346673909741868,5.3765274726722305
2023-01-11,25.7,19.4,1.8,21.52,87,1.86,3.95,1.39128,2023,1,11,22.549999999999997,1,3.9598096360153643,4.798410519818727
2023-01-12,24.5,20.0,3.8,23.24,88,2.21,4.01,1.6530799999999999,2023,1,12,22.25,1,4.124252718852325,5.141925142384433
2023-01-13,25.8,19.5,8.1,19.57,91,1.6,3.56,1.1968,2023,1,13,22.65,1,3.616774533080055,4.374842724809941
2023-01-14,27.3,20.3,3.3,22.9,85,2.5,4.33,1.87,2023,1,14,23.8,1,4.339968148377818,5.270590016654933
2023-01-15,26.0,21.1,18.0,17.45,89,1.95,3.23,1.4586,2023,1,15,23.55,1,3.3941197274042025,3.9911457216793482
2023-01-16,25.9,20.5,15.3,15.15,91,1.74,2.84,1.30152,2023,1,16,23.2,2,2.9756030748801505,3.434613307135258
2023-01-17,25.3,20.7,2.3,15.08,90,1.72,2.87,1.28656,2023,1,17,23.0,2,2.9719670218578664,3.4014168055588914
2023-01-18,25.1,20.9,2.2,16.44,92,2.19,3.01,1.63812,2023,1,18,23.0,2,3.103522613453427,3.7081758808612855
2023-01-19,26.1,20.9,3.6,20.69,86,2.49,3.82,1.8625200000000002,2023,1,19,23.5,2,3.943750502972455,4.726247127254002
2023-01-20,24.8,20.7,3.7,18.5,91,1.94,3.3,1.45112,2023,1,20,22.75,2,3.432485150334842,4.1462661875254625
2023-01-21,25.9,20.1,2.2,22.78,87,1.89,4.19,1.4137199999999999,2023,1,21,23.0,2,4.195300582633222,5.138214511315089
2023-01-22,25.6,20.5,3.3,21.19,88,1.81,3.85,1.35388,2023,1,22,23.05,2,3.9434000844410004,4.7856630573802486
2023-01-23,27.1,20.0,0.8,26.96,82,2.04,5.07,1.52592,2023,1,23,23.55,2,4.99175044364694,6.16626296025646
2023-01-24,26.2,19.9,2.6,23.89,88,1.16,4.43,0.8676799999999999,2023,1,24,23.049999999999997,2,4.409537807656564,5.395445513960082
2023-01-25,25.9,20.3,6.7,19.96,89,1.04,3.67,0.7779200000000001,2023,1,25,23.1,2,3.790199805179237,4.513606537873525
2023-01-26,23.8,20.9,5.6,12.83,96,1.41,2.29,1.0546799999999998,2023,1,26,22.35,2,2.4769293262747065,2.8460387358187265
2023-01-27,22.8,20.8,47.4,8.83,97,2.28,1.56,1.7054399999999998,2023,1,27,21.8,2,1.7560845582940048,1.9308844326918133
2023-01-28,23.3,20.7,22.6,9.04,97,2.57,1.62,1.9223599999999998,2023,1,28,22.0,2,1.7757143462255147,1.9871693290366816
2023-01-29,26.6,20.9,2.2,18.42,86,1.92,3.57,1.4361599999999999,2023,1,29,23.75,2,3.6383797106887217,4.234189772945595
2023-01-30,26.5,20.5,3.3,14.19,88,1.52,2.79,1.13696,2023,1,30,23.5,2,2.9200404631788675,3.241442568184354
2023-01-31,25.7,21.9,3.1,14.98,87,3.23,2.89,2.41604,2023,1,31,23.799999999999997,2,3.1127055470143246,3.4477484039079
2023-02-01,27.3,21.3,5.4,19.76,86,2.56,3.81,1.9148800000000001,2023,2,32,24.3,3,3.897010635227331,4.604760543585251
2023-02-02,25.7,21.4,0.9,10.74,86,2.03,2.28,1.5184399999999998,2023,2,33,23.549999999999997,3,2.463541474700983,2.456441550191186
2023-02-03,24.8,21.3,3.8,11.47,91,1.47,2.28,1.0995599999999999,2023,2,34,23.05,3,2.402692124742857,2.590446213692848
2023-02-04,26.5,19.8,7.6,15.62,91,1.93,2.89,1.44364,2023,2,35,23.15,3,3.041997508171648,3.536678165958122
2023-02-05,23.8,19.1,24.5,12.56,94,3.26,2.16,2.4384799999999998,2023,2,36,21.450000000000003,3,2.3124937388063285,2.72135052606422
2023-02-06,24.2,19.1,24.3,12.06,92,3.37,2.25,2.52076,2023,2,37,21.65,3,2.3411323654433556,2.626833062522223
2023-02-07,25.8,20.7,8.6,12.74,90,2.99,2.45,2.23652,2023,2,38,23.25,3,2.6294600374299506,2.891909523753138
2023-02-08,26.7,20.8,11.1,13.76,89,1.9,2.72,1.4212,2023,2,39,23.75,3,2.8499328683579024,3.162999526369782
2023-02-09,26.0,20.6,16.1,14.58,92,1.07,2.85,0.8003600000000001,2023,2,40,23.3,3,2.907477485101908,3.313768853359878
2023-02-10,25.6,20.9,14.2,14.1,91,1.22,2.81,0.9125599999999999,2023,2,41,23.25,3,2.8339825119797792,3.2006220003861254
2023-02-11,27.6,20.7,24.2,17.9,89,1.42,3.49,1.06216,2023,2,42,24.15,3,3.5429364757833084,4.1558582807971245
2023-02-12,26.5,20.6,5.2,24.04,87,1.63,4.44,1.2192399999999999,2023,2,43,23.55,3,4.467026949178551,5.498403618863697
2023-02-13,24.8,20.4,4.6,12.0,94,3.09,2.1,2.31132,2023,2,44,22.6,3,2.313697950452266,2.679137201365188
2023-02-14,24.9,20.4,7.5,18.39,93,3.39,3.07,2.53572,2023,2,45,22.65,3,3.228287271664127,4.111055580442249
2023-02-15,24.0,20.5,9.9,13.49,94,2.82,2.3,2.1093599999999997,2023,2,46,22.25,3,2.5139480382554398,2.98470611750284
2023-02-16,25.5,20.7,11.0,17.94,92,2.46,3.24,1.84008,2023,2,47,23.1,4,3.31668730950485,4.0568187018763044
2023-02-17,26.0,20.7,10.4,17.76,93,2.51,3.21,1.8774799999999998,2023,2,48,23.35,4,3.278018339688392,4.0416287740911265
2023-02-18,25.0,20.7,6.0,14.54,93,2.62,2.65,1.9597600000000002,2023,2,49,22.85,4,2.754090410626007,3.267089642042604
2023-02-19,25.8,20.7,3.2,20.61,90,3.03,3.65,2.26644,2023,2,50,23.25,4,3.745592785305795,4.678355987798443
2023-02-20,26.1,21.0,3.8,21.73,88,3.26,3.86,2.4384799999999998,2023,2,51,23.55,4,4.000530485327074,4.970062838515314
2023-02-21,27.5,21.1,0.9,25.63,83,2.54,4.82,1.89992,2023,2,52,24.3,4,4.856168333500279,5.972672709113865
2023-02-22,27.1,20.8,6.6,21.63,86,2.11,4.08,1.57828,2023,2,53,23.950000000000003,4,4.141095812490367,4.99695795513693
2023-02-23,26.6,20.9,22.9,13.06,90,1.66,2.52,1.24168,2023,2,54,23.75,4,2.7111680237104228,3.0020911202317846
2023-02-24,25.7,20.4,30.5,15.9,93,2.42,2.82,1.81016,2023,2,55,23.049999999999997,4,2.9803958221225315,3.5909411331923526
2023-02-25,27.5,21.2,10.2,19.18,90,2.51,3.6,1.8774799999999998,2023,2,56,24.35,4,3.6815176507264935,4.4751228096528575
2023-02-26,26.0,20.8,10.6,17.77,90,3.4,3.19,2.5432,2023,2,57,23.4,4,3.3364845725116474,4.049011572833531
2023-02-27,26.8,20.4,15.8,20.83,86,1.99,4.12,1.48852,2023,2,58,23.6,4,3.980472621788836,4.770204594726362
2023-02-28,25.9,20.7,3.4,18.98,89,2.45,3.54,1.8326000000000002,2023,2,59,23.299999999999997,4,3.5744569377925366,4.313808836541185
2023-03-01,24.8,20.4,4.5,17.36,92,3.56,2.9,2.66288,2023,3,60,22.6,5,3.104709899300379,3.8758184846416377
2023-03-02,26.9,19.4,4.4,18.33,84,1.81,3.63,1.35388,2023,3,61,23.15,5,3.6085624761180903,4.150275978361868
2023-03-03,26.0,20.4,7.1,21.25,83,2.31,3.98,1.72788,2023,3,62,23.2,5,4.065297250529324,4.817526915948793
2023-03-04,26.5,20.4,3.5,24.89,81,2.74,4.58,2.0495200000000002,2023,3,63,23.45,5,4.678393713576867,5.67850455475217
2023-03-05,26.5,20.7,3.0,22.0,86,2.97,3.98,2.22156,2023,3,64,23.6,5,4.120280495530929,5.0381421547758025
2023-03-06,24.2,20.3,3.9,14.81,93,2.55,2.62,1.9073999999999998,2023,3,65,22.25,5,2.7417911139920785,3.2767603854868095
2023-03-07,26.1,20.5,8.9,20.97,91,1.92,3.77,1.4361599999999999,2023,3,66,23.3,5,3.846552798293845,4.766099647116367
2023-03-08,26.1,19.8,10.7,20.97,89,1.38,3.89,1.0322399999999998,2023,3,67,22.950000000000003,5,3.891137905405462,4.723932031653306
2023-03-09,26.5,19.8,2.8,21.19,86,1.06,3.96,0.79288,2023,3,68,23.15,5,3.9952328171526155,4.797836769311947
2023-03-10,27.2,20.1,2.1,23.53,86,1.62,4.4,1.2117600000000002,2023,3,69,23.65,5,4.394457809176795,5.3952877676879964
2023-03-11,27.3,20.0,0.3,26.72,86,1.5,4.97,1.1219999999999999,2023,3,70,23.65,5,4.891694527491371,6.126735620595973
2023-03-12,26.9,19.8,2.2,25.06,85,1.37,4.67,1.0247600000000001,2023,3,71,23.35,5,4.612649087431676,5.7028838445227255
2023-03-13,25.9,19.1,3.3,23.24,86,1.31,4.33,0.9798800000000001,2023,3,72,22.5,5,4.223157038900531,5.175258120231511
2023-03-14,24.8,19.2,19.7,19.63,89,1.41,3.6,1.0546799999999998,2023,3,73,22.0,5,3.579747544204755,4.315059062941378
2023-03-15,26.6,19.5,9.8,21.67,86,1.07,4.02,0.8003600000000001,2023,3,74,23.05,5,4.04913037896519,4.894068827438886
2023-03-16,27.1,20.5,3.0,21.85,85,1.87,4.09,1.39876,2023,3,75,23.8,6,4.152387301145877,5.028925408904381
2023-03-17,26.3,20.8,58.8,14.74,90,1.51,2.77,1.12948,2023,3,76,23.55,6,2.93943420661471,3.3713173603182574
2023-03-18,27.1,20.8,6.0,21.15,87,1.15,3.96,0.8602,2023,3,77,23.950000000000003,6,4.037721465252886,4.886068458212947
2023-03-19,26.4,21.2,8.4,18.51,85,1.02,3.5,0.76296,2023,3,78,23.799999999999997,6,3.61811958890369,4.260201799488334
2023-03-20,26.7,21.1,19.3,19.91,90,1.99,3.59,1.48852,2023,3,79,23.9,6,3.7405399423904275,4.5938758342248285
2023-03-21,27.4,20.2,2.1,23.22,85,1.72,4.37,1.28656,2023,3,80,23.799999999999997,6,4.352686274527036,5.344240182826531
2023-03-22,27.0,20.9,19.2,16.22,87,1.26,3.13,0.94248,2023,3,81,23.95,6,3.246353480632244,3.7471409168895518
2023-03-23,27.8,21.2,12.8,20.0,85,1.0,3.83,0.748,2023,3,82,24.5,6,3.916729995092921,4.683725406984236
2023-03-24,27.5,20.8,28.6,18.19,89,0.98,3.45,0.73304,2023,3,83,24.15,6,3.5546178932041417,4.223187828363112
2023-03-25,26.7,20.5,21.0,17.0,89,0.81,3.24,0.6058800000000001,2023,3,84,23.6,6,3.3169696243594573,3.893109846872212
2023-03-26,26.6,20.4,9.4,18.16,92,0.97,3.42,0.72556,2023,3,85,23.5,6,3.4594550618882245,4.148315506569969
2023-03-27,27.1,19.7,9.6,19.25,89,0.99,3.66,0.74052,2023,3,86,23.4,6,3.6521904831348455,4.386239323412801
2023-03-28,27.2,20.8,20.7,16.82,89,0.87,3.24,0.65076,2023,3,87,24.0,6,3.311801538184859,3.890592344976817
2023-03-29,26.9,21.2,2.0,17.0,88,0.87,3.27,0.65076,2023,3,88,24.049999999999997,6,3.3481451462167104,3.9371195067601508
2023-03-30,26.2,20.5,1.4,21.8,88,1.41,3.99,1.0546799999999998,2023,3,89,23.35,6,4.015190984591723,4.961008292521766
2023-03-31,25.2,20.8,8.0,14.05,89,1.3,2.66,0.9724,2023,3,90,23.0,6,2.786746066468006,3.1690919176460493
2023-04-01,24.2,20.6,4.7,11.96,94,1.06,2.21,0.79288,2023,4,91,22.4,7,2.3586711446562414,2.6564801890325462
2023-04-02,23.3,20.8,14.0,11.26,94,0.95,2.09,0.7106,2023,4,92,22.05,7,2.2367483545615174,2.47839677399946
2023-04-03,24.1,20.2,14.2,12.64,92,1.03,2.39,0.77044,2023,4,93,22.15,7,2.473482525599029,2.7893914750714663
2023-04-04,24.7,19.9,7.2,13.35,92,1.18,2.44,0.88264,2023,4,94,22.299999999999997,7,2.5830642401634623,2.9575595058595594
2023-04-05,25.4,20.7,19.3,13.31,91,0.81,2.53,0.6058800000000001,2023,4,95,23.049999999999997,7,2.6445532233732507,3.0060016655842903
2023-04-06,26.0,20.0,9.3,18.17,90,1.25,3.31,0.935,2023,4,96,23.0,7,3.388566949284708,4.098391469297418
2023-04-07,25.5,20.1,6.2,18.86,92,1.47,3.39,1.0995599999999999,2023,4,97,22.8,7,3.4246775547305828,4.232364524907369
2023-04-08,25.7,21.0,7.1,19.21,89,1.92,3.51,1.4361599999999999,2023,4,98,23.35,7,3.551233831948042,4.371604096300143
2023-04-09,25.6,20.9,2.7,20.78,87,2.51,3.76,1.8774799999999998,2023,4,99,23.25,7,3.7933671631050445,4.716945047377567
2023-04-10,25.9,21.0,5.3,17.39,92,2.68,3.1,2.00464,2023,4,100,23.45,7,3.1686430729413573,3.967424435803143
2023-04-11,24.7,21.2,7.3,15.1,94,2.65,2.62,1.9822,2023,4,101,22.95,7,2.7306213323416544,3.4015914963264158
2023-04-12,26.1,21.3,11.7,14.43,94,1.9,2.7,1.4212,2023,4,102,23.700000000000003,7,2.741084655415675,3.312861927017074
2023-04-13,24.2,21.1,15.9,10.77,91,1.41,2.08,1.0546799999999998,2023,4,103,22.65,7,2.2088558441510613,2.407616563423764
2023-04-14,24.9,21.0,25.7,13.64,91,2.04,2.51,1.52592,2023,4,104,22.95,7,2.636708383384721,3.072695894694855
2023-04-15,25.9,20.8,1.8,19.76,87,2.2,3.6,1.6456000000000002,2023,4,105,23.35,7,3.646889650120149,4.496767149551839
2023-04-16,27.2,20.2,2.8,23.14,87,1.52,4.28,1.13696,2023,4,106,23.7,8,4.2061081721094356,5.312517324405759
2023-04-17,26.1,20.7,11.1,16.46,90,1.09,3.09,0.81532,2023,4,107,23.4,8,3.1300260397724107,3.7505194422532315
2023-04-18,27.1,19.7,2.4,21.54,83,1.78,4.03,1.33144,2023,4,108,23.4,8,3.9920484342590585,4.908030910457752
2023-04-19,26.8,20.9,3.0,21.39,85,2.07,3.96,1.54836,2023,4,109,23.85,8,3.9708920029047774,4.929206017797582
2023-04-20,25.1,20.7,3.6,16.5,92,1.92,2.92,1.4361599999999999,2023,4,110,22.9,8,3.0080975364133025,3.7122327583396952
2023-04-21,25.8,20.2,21.8,14.89,92,1.4,2.73,1.0472,2023,4,111,23.0,8,2.8085548708132864,3.358560758273998
2023-04-22,25.9,21.1,1.9,19.38,87,2.28,3.52,1.7054399999999998,2023,4,112,23.5,8,3.579737622901296,4.427001900733811
2023-04-23,26.9,20.6,2.3,20.92,86,1.67,3.94,1.24916,2023,4,113,23.75,8,3.858249199299935,4.808862652009873
2023-04-24,27.2,20.7,1.0,21.27,89,1.63,3.96,1.2192399999999999,2023,4,114,23.95,8,3.8811624198616075,4.913790832443944
2023-04-25,26.9,20.3,7.6,18.1,87,1.17,3.43,0.8751599999999999,2023,4,115,23.6,8,3.4051451370397188,4.145016954611002
2023-04-26,26.6,21.0,4.3,17.43,91,1.99,3.24,1.48852,2023,4,116,23.8,8,3.2257002947749935,4.011632488659193
2023-04-27,25.5,21.3,17.8,15.04,93,2.53,2.62,1.89244,2023,4,117,23.4,8,2.7562555163471005,3.4269630869677155
2023-04-28,25.1,20.6,15.1,10.18,93,1.31,1.96,0.9798800000000001,2023,4,118,22.85,8,2.0641052606441077,2.287412142778109
2023-04-29,25.5,20.7,36.9,12.96,91,1.06,2.46,0.79288,2023,4,119,23.1,8,2.526662309590608,2.930678393328701
2023-04-30,26.6,21.1,2.9,18.29,89,1.28,3.37,0.9574400000000001,2023,4,120,23.85,8,3.4075859326771645,4.214828334058801
2023-05-01,26.3,20.6,27.7,14.66,92,1.0,2.73,0.748,2023,5,121,23.450000000000003,9,2.794630393054193,3.344591272505697
2023-05-02,27.0,21.0,13.8,16.57,90,1.42,3.12,1.06216,2023,5,122,24.0,9,3.1378390019645286,3.8327654670788265
2023-05-03,26.4,21.5,3.1,18.86,89,1.47,3.51,1.0995599999999999,2023,5,123,23.95,9,3.4827711459981914,4.357033149971452
2023-05-04,26.9,21.0,2.1,19.79,87,1.44,3.7,1.0771199999999999,2023,5,124,23.95,9,3.650255655883315,4.571881550261666
2023-05-05,26.4,21.5,6.0,17.54,91,2.25,3.17,1.683,2023,5,125,23.95,9,3.2097000068890593,4.052087033430501
2023-05-06,25.5,21.1,1.0,16.52,93,2.61,2.92,1.9522799999999998,2023,5,126,23.3,9,2.922952785352926,3.75469557321709
2023-05-07,26.3,20.7,0.0,21.53,86,2.38,3.92,1.7802399999999998,2023,5,127,23.5,9,3.843605636022429,4.918129562579925
2023-05-08,25.8,21.0,3.2,18.64,91,2.65,3.27,1.9822,2023,5,128,23.4,9,3.2791730614326338,4.247246804592967
2023-05-09,24.5,21.2,10.2,12.36,95,2.71,2.12,2.0270799999999998,2023,5,129,22.85,9,2.2365897894179247,2.7772508924103563
2023-05-10,27.3,21.2,7.1,14.73,93,1.89,2.73,1.4137199999999999,2023,5,130,24.25,9,2.7798890862128056,3.4283566963176093
2023-05-11,25.7,21.7,8.7,15.59,95,2.34,2.77,1.7503199999999999,2023,5,131,23.7,9,2.7688396697438242,3.5791765379207336
2023-05-12,26.1,21.0,2.3,19.29,94,3.58,3.28,2.67784,2023,5,132,23.55,9,3.191943880715653,4.4119885943378
2023-05-13,24.5,20.1,1.6,18.62,90,3.26,3.16,2.4384799999999998,2023,5,133,22.3,9,3.151931301797476,4.125075505550936
2023-05-14,23.7,19.5,1.8,18.5,86,2.85,3.2,2.1318,2023,5,134,21.6,9,3.210949527653826,4.024253819265961
2023-05-15,24.3,18.9,0.7,18.95,85,2.44,3.36,1.8251199999999999,2023,5,135,21.6,9,3.2941250499521284,4.122141074329187
2023-05-16,24.7,19.0,2.1,18.4,86,2.24,3.3,1.6755200000000001,2023,5,136,21.85,10,3.2194752921005976,4.028859768030747
2023-05-17,24.3,18.7,5.3,16.14,88,1.98,2.86,1.48104,2023,5,137,21.5,10,2.84683378494752,3.5016441426478786
2023-05-18,25.1,19.3,3.8,18.54,88,1.75,3.33,1.309,2023,5,138,22.200000000000003,10,3.2238410122419925,4.096718090418146
2023-05-19,25.7,20.0,0.1,20.55,82,2.13,3.76,1.59324,2023,5,139,22.85,10,3.678905601731254,4.617516653643432
2023-05-20,25.2,20.2,0.1,20.88,83,3.06,3.76,2.2888800000000002,2023,5,140,22.7,10,3.7050516691039266,4.673684164421156
2023-05-21,25.2,19.6,0.0,21.41,84,2.85,3.83,2.1318,2023,5,141,22.4,10,3.6975896562884327,4.755454920333345
2023-05-22,24.6,19.4,1.3,19.65,88,2.39,3.43,1.7877200000000002,2023,5,142,22.0,10,3.316513042937466,4.319455455262256
2023-05-23,25.0,18.9,6.6,19.17,88,1.54,3.45,1.15192,2023,5,143,21.95,10,3.272154107643937,4.208447105390131
2023-05-24,26.4,18.8,1.2,20.35,82,1.24,3.76,0.92752,2023,5,144,22.6,10,3.568792713460033,4.543370170648465
2023-05-25,25.2,20.0,0.0,19.85,85,2.71,3.56,2.0270799999999998,2023,5,145,22.6,10,3.478131035466463,4.431739453924915
2023-05-26,24.8,20.0,0.1,17.95,86,3.15,3.18,2.3562,2023,5,146,22.4,10,3.1911804754292916,3.9869414208306186
2023-05-27,24.8,19.1,0.6,19.39,87,3.04,3.37,2.27392,2023,5,147,21.950000000000003,10,3.284358962143602,4.256744359599094
2023-05-28,24.7,18.8,0.0,20.39,83,2.87,3.6,2.14676,2023,5,148,21.75,10,3.5089860280686214,4.452904290572586
2023-05-29,25.4,19.1,0.7,20.24,86,2.35,3.68,1.7578,2023,5,149,22.25,10,3.452952426286799,4.478165442420866
2023-05-30,26.3,18.8,1.7,18.91,84,1.31,3.51,0.9798800000000001,2023,5,150,22.55,10,3.3317118160524637,4.216447162164132
2023-05-31,25.0,19.6,2.3,17.94,90,2.3,3.11,1.7204,2023,5,151,22.3,10,3.053412382768257,3.974428279784307
2023-06-01,25.8,20.4,3.7,14.91,89,2.65,2.74,1.9822,2023,6,152,23.1,11,2.754574061024609,3.3716369478804733
2023-06-02,24.7,20.6,7.6,13.37,96,2.7,2.3,2.0196,2023,6,153,22.65,11,2.276455005110206,2.988842474742407
2023-06-03,25.9,19.8,0.1,17.83,88,2.73,3.2,2.04204,2023,6,154,22.85,11,3.138328207086396,4.006341699973839
2023-06-04,25.2,19.8,4.0,17.16,90,2.22,3.11,1.66056,2023,6,155,22.5,11,2.965141964324035,3.8213179579678465
2023-06-05,25.2,20.2,5.5,16.42,93,1.98,2.94,1.48104,2023,6,156,22.7,11,2.820462009813614,3.6753780641664466
2023-06-06,25.1,19.8,6.8,14.2,94,2.3,2.48,1.7204,2023,6,157,22.450000000000003,11,2.4581799976907006,3.158088717445265
2023-06-07,23.8,20.4,4.7,12.32,95,2.55,2.13,1.9073999999999998,2023,6,158,22.1,11,2.1396180849462225,2.7152415364492715
2023-06-08,25.2,20.0,0.0,20.05,89,2.61,3.53,1.9522799999999998,2023,6,159,22.6,11,3.351378555635568,4.476391740614334
2023-06-09,25.0,19.9,0.0,18.67,88,2.84,3.31,2.12432,2023,6,160,22.45,11,3.1856080227614183,4.152219461598811
2023-06-10,25.9,19.7,0.1,16.6,89,2.13,3.02,1.59324,2023,6,161,22.799999999999997,11,2.9399114119925485,3.7251988925483737
2023-06-11,24.9,20.7,12.1,15.34,93,1.85,2.73,1.3838000000000001,2023,6,162,22.799999999999997,11,2.6795797363318647,3.4424428320296414
2023-06-12,25.6,20.8,0.0,19.7,87,2.66,3.54,1.9896800000000001,2023,6,163,23.200000000000003,11,3.421416166092208,4.466130835020764
2023-06-13,24.8,19.6,0.4,18.91,89,3.23,3.28,2.41604,2023,6,164,22.200000000000003,11,3.1414651034797196,4.178475679061874
2023-06-14,24.7,19.6,0.8,16.7,90,2.78,2.9,2.07944,2023,6,165,22.15,11,2.844222013128622,3.6853510786149912
2023-06-15,24.5,19.5,1.2,16.39,90,2.46,2.89,1.84008,2023,6,166,22.0,11,2.799165360713446,3.6028435069592057
2023-06-16,25.3,19.9,0.8,15.95,90,2.42,2.9,1.81016,2023,6,167,22.6,12,2.7976159146123765,3.5610198634812287
2023-06-17,26.1,18.9,0.0,19.91,89,1.95,3.57,1.4586,2023,6,168,22.5,12,3.34754650823725,4.433708656360129
2023-06-18,27.0,19.4,0.5,18.06,86,1.42,3.39,1.06216,2023,6,169,23.2,12,3.2255952769068057,4.09433111068401
2023-06-19,26.8,18.5,0.2,20.8,76,1.18,3.92,0.88264,2023,6,170,22.65,12,3.6182548874760414,4.649807290549145
2023-06-20,26.5,19.5,0.1,20.41,77,1.38,3.78,1.0322399999999998,2023,6,171,23.0,12,3.615222666493454,4.603641710971948
2023-06-21,25.1,19.2,1.3,16.44,85,2.37,2.99,1.7727600000000001,2023,6,172,22.15,12,2.959947319239274,3.627974355235357
2023-06-22,25.6,19.9,0.0,19.95,80,2.7,3.65,2.0196,2023,6,173,22.75,12,3.6071131935820344,4.4712438076288095
2023-06-23,26.4,16.9,0.8,19.21,75,1.92,3.73,1.4361599999999999,2023,6,174,21.65,12,3.46250999873805,4.184200922972794
2023-06-24,26.7,18.5,1.4,19.04,87,1.54,3.53,1.15192,2023,6,175,22.6,12,3.2905593723420057,4.250897692832765
2023-06-25,26.8,19.4,0.7,19.31,85,1.28,3.62,0.9574400000000001,2023,6,176,23.1,12,3.392939877659206,4.366620353022933
2023-06-26,26.5,17.8,3.9,18.34,84,1.19,3.35,0.8901199999999999,2023,6,177,22.15,12,3.186161675283778,4.047265795317301
2023-06-27,25.2,18.5,0.2,19.35,89,1.37,3.48,1.0247600000000001,2023,6,178,21.85,12,3.2258343923513966,4.236871549532335
2023-06-28,25.2,18.2,2.1,16.38,89,1.99,2.97,1.48852,2023,6,179,21.7,12,2.8145869592815727,3.5724807367131333
2023-06-29,25.6,18.9,3.1,16.71,89,1.78,3.0,1.33144,2023,6,180,22.25,12,2.906692082443402,3.697141528797069
2023-06-30,23.7,19.2,9.5,11.95,96,1.41,2.1,1.0546799999999998,2023,6,181,21.45,12,2.0977955339769063,2.5891830244002727
2023-07-01,21.5,20.2,26.0,5.8,100,2.52,1.0,1.88496,2023,7,182,20.85,13,1.0920340886443136,1.2367552922140461
2023-07-02,22.1,20.2,23.9,7.25,99,2.57,1.27,1.9223599999999998,2023,7,183,21.15,13,1.3124997382454442,1.5583901681460266
2023-07-03,22.9,19.8,6.3,11.66,95,2.17,1.98,1.62316,2023,7,184,21.35,13,2.0269818483993847,2.519672035117322
2023-07-04,24.3,18.3,3.9,13.61,94,1.36,2.46,1.01728,2023,7,185,21.3,13,2.353756339215456,2.937161584213366
2023-07-05,23.9,20.2,4.2,12.53,96,1.84,2.15,1.37632,2023,7,186,22.049999999999997,13,2.18122994658466,2.7579317565020633
2023-07-06,23.1,20.5,12.8,11.2,98,2.66,1.86,1.9896800000000001,2023,7,187,21.8,13,1.8685059713856567,2.449139937276139
2023-07-07,22.1,20.2,18.7,8.18,98,3.24,1.35,2.4235200000000003,2023,7,188,21.15,13,1.4256124348610424,1.758294010404758
2023-07-08,23.9,19.9,7.9,8.57,96,1.74,1.64,1.30152,2023,7,189,21.9,13,1.6520564958426953,1.8789412908964707
2023-07-09,24.3,20.1,3.2,16.55,93,2.6,2.83,1.9448,2023,7,190,22.200000000000003,13,2.7511176330800096,3.6569948433883672
2023-07-10,24.2,18.7,0.4,18.31,88,2.63,3.14,1.9672399999999999,2023,7,191,21.45,13,3.055058573004725,3.967191730273556
2023-07-11,23.3,18.8,0.7,17.94,88,3.6,2.99,2.6928,2023,7,192,21.05,13,2.955777676985121,3.845941820635444
2023-07-12,23.2,18.4,0.7,15.69,87,2.98,2.75,2.22904,2023,7,193,20.799999999999997,13,2.72129846294046,3.3411486161695723
2023-07-13,22.2,19.8,10.8,12.24,97,3.33,1.89,2.49084,2023,7,194,21.0,13,1.941834765868205,2.620484834934498
2023-07-14,23.4,19.5,7.3,14.6,95,2.95,2.45,2.2066000000000003,2023,7,195,21.45,13,2.364571866256202,3.1633533185141407
2023-07-15,23.6,19.3,4.0,15.79,95,2.66,2.66,1.9896800000000001,2023,7,196,21.450000000000003,13,2.5369290853681625,3.4211882807765943
2023-07-16,22.0,18.6,5.4,15.14,93,2.38,2.47,1.7802399999999998,2023,7,197,20.3,14,2.44689440666707,3.1807461174839773
2023-07-17,23.3,18.5,1.3,14.89,91,3.16,2.48,2.36368,2023,7,198,20.9,14,2.5010572154288107,3.1793086287959866
2023-07-18,24.4,18.9,0.0,20.82,88,3.11,3.54,2.3262799999999997,2023,7,199,21.65,14,3.3845372293004563,4.534880958682643
2023-07-19,22.4,17.9,3.5,17.87,90,3.68,2.88,2.75264,2023,7,200,20.15,14,2.7956149980135088,3.7389725266269416
2023-07-20,22.6,17.6,0.0,19.33,83,3.26,3.3,2.4384799999999998,2023,7,201,20.1,14,3.223985835112134,4.038929455329415
2023-07-21,22.7,17.5,1.3,17.47,84,2.85,2.94,2.1318,2023,7,202,20.1,14,2.9797167254955017,3.6502895801657984
2023-07-22,23.3,17.9,1.2,17.63,89,3.7,2.89,2.7676000000000003,2023,7,203,20.6,14,2.864925839943784,3.7341015418799324
2023-07-23,23.1,18.4,0.3,16.39,89,3.16,2.8,2.36368,2023,7,204,20.75,14,2.7502859451941912,3.4855245138100037
2023-07-24,24.3,18.7,2.5,18.49,89,1.96,3.3,1.46608,2023,7,205,21.5,14,3.1122183181977476,4.011487001087934
2023-07-25,24.8,18.2,0.1,19.45,86,2.36,3.46,1.76528,2023,7,206,21.5,14,3.3053973538213492,4.219763232620894
2023-07-26,22.7,18.0,0.9,16.37,91,2.61,2.77,1.9522799999999998,2023,7,207,20.35,14,2.672223008656429,3.4438332500951994
2023-07-27,23.5,17.5,0.2,19.75,86,2.69,3.35,2.01212,2023,7,208,20.5,14,3.239970718227882,4.171833649706877
2023-07-28,22.6,17.5,1.5,15.93,88,3.07,2.73,2.29636,2023,7,209,20.05,14,2.6900973636002727,3.323962580309596
2023-07-29,22.7,17.8,0.1,18.75,86,3.08,3.13,2.30384,2023,7,210,20.25,14,3.0987814102071547,3.9338097285503437
2023-07-30,22.5,18.2,2.0,18.3,89,3.14,3.02,2.34872,2023,7,211,20.35,14,2.953067576932541,3.8498563516641497
2023-07-31,23.6,18.7,5.4,18.37,91,2.18,3.17,1.63064,2023,7,212,21.15,14,3.0288879477498747,3.948638260530001
2023-08-01,25.3,18.2,3.4,17.94,90,1.63,3.21,1.2192399999999999,2023,8,213,21.75,15,3.0918101922096484,3.917856938345865
2023-08-02,26.1,18.5,1.6,19.54,87,1.49,3.58,1.11452,2023,8,214,22.3,15,3.420749213686798,4.328892340411669
2023-08-03,25.1,19.2,2.9,13.77,93,2.0,2.48,1.496,2023,8,215,22.15,15,2.4789558891342236,3.0387595420675706
2023-08-04,24.2,18.8,0.7,18.55,90,2.89,3.15,2.1617200000000003,2023,8,216,21.5,15,3.0920276364398496,4.024504265558744
2023-08-05,23.9,18.7,4.6,13.85,93,3.26,2.37,2.4384799999999998,2023,8,217,21.299999999999997,15,2.372986898942176,2.9889557635088257
2023-08-06,24.2,19.3,3.5,18.83,93,2.29,3.27,1.71292,2023,8,218,21.75,15,3.1085290133712116,4.11222107854251
2023-08-07,24.7,17.4,0.0,22.2,84,2.82,3.88,2.1093599999999997,2023,8,219,21.049999999999997,15,3.7035225453889673,4.759192219515431
2023-08-08,24.2,16.3,0.0,23.09,80,2.25,4.03,1.683,2023,8,220,20.25,15,3.8200685500671434,4.844355553718796
2023-08-09,23.9,17.3,0.0,21.36,83,2.92,3.72,2.18416,2023,8,221,20.6,15,3.5874285305798024,4.524129831795539
2023-08-10,23.8,17.0,0.0,20.32,83,2.35,3.54,1.7578,2023,8,222,20.4,15,3.4393943411133843,4.280620214417745
2023-08-11,24.7,16.5,0.3,22.21,81,2.26,3.95,1.6904799999999998,2023,8,223,20.6,15,3.750697920521678,4.704163088210624
2023-08-12,24.3,16.1,0.0,19.69,84,1.9,3.5,1.4212,2023,8,224,20.200000000000003,15,3.330443451531292,4.125399311350298
2023-08-13,24.1,16.8,0.3,16.97,85,2.03,3.08,1.5184399999999998,2023,8,225,20.450000000000003,15,2.9942779056342372,3.579757864587657
2023-08-14,24.9,18.5,0.4,19.26,83,2.53,3.5,1.89244,2023,8,226,21.7,15,3.464066886330468,4.200609217893465
2023-08-15,24.1,17.7,0.0,20.34,87,2.45,3.52,1.8326000000000002,2023,8,227,20.9,15,3.408132937279576,4.3429911020624825
2023-08-16,23.6,18.4,1.0,19.03,87,3.04,3.29,2.27392,2023,8,228,21.0,16,3.2415784902637066,4.074168824248652
2023-08-17,21.3,17.8,11.6,13.15,94,2.61,2.14,1.9522799999999998,2023,8,229,19.55,16,2.1940809137403425,2.706346876386817
2023-08-18,23.0,17.3,2.1,17.9,91,2.33,3.04,1.74284,2023,8,230,20.15,16,2.937199423939701,3.7452494810644787
2023-08-19,25.0,17.8,1.6,18.08,87,2.27,3.23,1.69796,2023,8,231,21.4,16,3.1941248571168805,3.912180958182721
2023-08-20,24.8,17.4,0.9,19.77,87,2.36,3.52,1.76528,2023,8,232,21.1,16,3.385742702319611,4.243910927272883
2023-08-21,23.8,18.7,0.4,21.14,84,2.79,3.69,2.08692,2023,8,233,21.25,16,3.6456660702314276,4.556152329660636
2023-08-22,24.4,18.4,0.0,19.94,83,2.9,3.57,2.1692,2023,8,234,21.4,16,3.557276362591839,4.314650901889573
2023-08-23,23.6,18.3,1.7,14.76,90,2.95,2.59,2.2066000000000003,2023,8,235,20.950000000000003,16,2.632662522310931,3.1557735430560263
2023-08-24,24.6,18.0,0.3,18.91,87,3.09,3.33,2.31132,2023,8,236,21.3,16,3.293206707353501,4.080949710321437
2023-08-25,24.7,18.8,0.1,21.75,85,3.1,3.85,2.3188,2023,8,237,21.75,16,3.765483729098371,4.74991016772701
2023-08-26,24.8,18.9,1.3,16.02,90,2.53,2.85,1.89244,2023,8,238,21.85,16,2.8886635599090105,3.50773551542677
2023-08-27,25.3,18.4,0.0,22.21,85,2.45,3.98,1.8326000000000002,2023,8,239,21.85,16,3.8600615133952325,4.863096491737115
2023-08-28,25.0,18.2,0.2,21.8,82,2.66,3.87,1.9896800000000001,2023,8,240,21.6,16,3.86701761034591,4.74209368972962
2023-08-29,25.2,17.3,0.1,23.46,77,2.53,4.24,1.89244,2023,8,241,21.25,16,4.180175534223157,5.056165262717054
2023-08-30,26.4,19.0,0.0,22.53,83,2.62,4.12,1.9597600000000002,2023,8,242,22.7,16,4.075076243414631,5.043012654425702
2023-08-31,25.2,18.6,0.8,19.55,87,2.39,3.5,1.7877200000000002,2023,8,243,21.9,16,3.47447182428586,4.286266305370595
2023-09-01,25.2,18.3,0.0,23.11,82,2.71,4.17,2.0270799999999998,2023,9,244,21.75,17,4.069697283006822,5.046916044881434
2023-09-02,24.2,18.2,0.6,19.39,83,2.5,3.53,1.87,2023,9,245,21.2,17,3.4993344748692063,4.173437257399288
2023-09-03,24.7,17.4,0.2,20.91,82,2.81,3.73,2.10188,2023,9,246,21.049999999999997,17,3.7242330378519335,4.482644563516562
2023-09-04,24.2,17.3,2.4,17.38,86,2.81,3.07,2.10188,2023,9,247,20.75,17,3.1245746815001807,3.696059551556916
2023-09-05,23.6,18.1,5.5,13.44,91,2.39,2.43,1.7877200000000002,2023,9,248,20.85,17,2.470938457264345,2.8658605391994447
2023-09-06,22.3,18.4,11.5,16.2,94,2.78,2.66,2.07944,2023,9,249,20.35,17,2.66953827142196,3.4080695572108866
2023-09-07,23.3,18.6,1.7,17.75,90,2.86,3.06,2.13928,2023,9,250,20.950000000000003,17,3.05204910394433,3.7950528719000314
2023-09-08,26.2,18.1,0.0,23.61,80,2.58,4.31,1.92984,2023,9,251,22.15,17,4.277431132475672,5.210247842281433
2023-09-09,25.9,17.4,0.0,23.87,81,2.27,4.38,1.69796,2023,9,252,21.65,17,4.222046253501107,5.199212703350369
2023-09-10,23.1,18.9,6.0,12.53,93,2.22,2.23,1.66056,2023,9,253,21.0,17,2.3139775494470736,2.682571485435397
2023-09-11,25.6,18.8,2.8,19.47,90,2.79,3.47,2.08692,2023,9,254,22.200000000000003,17,3.4220655448177775,4.302216894306435
2023-09-12,25.8,19.7,0.0,22.51,87,2.65,4.07,1.9822,2023,9,255,22.75,17,3.9983504937888257,5.044997398983685
2023-09-13,25.3,19.0,0.3,21.38,85,2.64,3.9,1.97472,2023,9,256,22.15,17,3.841006907710897,4.718132099448414
2023-09-14,24.8,19.2,0.1,23.13,79,2.86,4.28,2.13928,2023,9,257,22.0,17,4.240145490382488,5.084427719094961
2023-09-15,25.5,18.8,0.0,23.4,81,3.31,4.29,2.47588,2023,9,258,22.15,17,4.251818016966332,5.163905104167113
2023-09-16,25.9,19.5,4.2,21.01,86,1.96,3.91,1.46608,2023,9,259,22.7,18,3.8445364490455716,4.702782772724545
2023-09-17,25.4,18.4,0.7,22.11,87,2.68,3.93,2.00464,2023,9,260,21.9,18,3.8645218139706174,4.847536982697895
2023-09-18,23.1,17.8,4.6,17.47,89,2.4,2.91,1.7952,2023,9,261,20.450000000000003,18,3.0533222804948323,3.6852309896491673
2023-09-19,24.6,18.7,0.7,19.86,85,2.71,3.54,2.0270799999999998,2023,9,262,21.65,18,3.599690582611491,4.3257798193773915
2023-09-20,25.2,18.0,0.6,23.52,83,2.19,4.2,1.63812,2023,9,263,21.6,18,4.149671923435983,5.116240531304617
2023-09-21,25.8,18.5,0.1,25.21,76,2.39,4.64,1.7877200000000002,2023,9,264,22.15,18,4.622729951385287,5.563335370771492
2023-09-22,24.6,17.9,2.5,20.05,85,3.02,3.61,2.25896,2023,9,265,21.25,18,3.592211250668503,4.321232460250509
2023-09-23,24.7,17.4,5.3,21.44,91,1.81,3.75,1.35388,2023,9,266,21.049999999999997,18,3.660414003555362,4.596264918306796
2023-09-24,25.4,19.2,4.8,21.49,89,2.0,3.89,1.496,2023,9,267,22.299999999999997,18,3.822635032585111,4.7608954143012685
2023-09-25,25.8,17.6,0.0,23.64,80,2.21,4.33,1.6530799999999999,2023,9,268,21.700000000000003,18,4.271257442464706,5.155887949688552
2023-09-26,26.0,18.8,0.0,25.39,75,2.55,4.8,1.9073999999999998,2023,9,269,22.4,18,4.7333263759029105,5.6394675584896605
2023-09-27,26.5,18.0,0.0,23.74,81,2.17,4.41,1.62316,2023,9,270,22.25,18,4.33514423837892,5.252551759045027
2023-09-28,27.2,19.9,2.6,24.24,86,2.54,4.55,1.89992,2023,9,271,23.549999999999997,18,4.427570135018596,5.544147409370051
2023-09-29,27.6,18.5,0.0,25.92,80,2.37,4.9,1.7727600000000001,2023,9,272,23.05,18,4.781326982278845,5.8539115831664015
2023-09-30,27.3,18.9,0.6,24.55,79,2.35,4.69,1.7578,2023,9,273,23.1,18,4.616090424683002,5.551555135510772
2023-10-01,26.9,18.8,0.0,25.63,76,2.35,4.86,1.7578,2023,10,274,22.85,19,4.806497557149039,5.758975758291054
2023-10-02,25.3,17.8,0.5,22.69,83,2.18,4.1,1.63064,2023,10,275,21.55,19,4.064763463361559,4.929193914580289
2023-10-03,25.7,18.0,4.1,21.05,86,2.08,3.85,1.5558400000000001,2023,10,276,21.85,19,3.8050163891763757,4.609103158535176
2023-10-04,26.4,18.8,4.4,20.73,87,1.68,3.91,1.25664,2023,10,277,22.6,19,3.8296901071350855,4.628209515358361
2023-10-05,27.5,20.2,6.3,22.62,87,2.15,4.3,1.6081999999999999,2023,10,278,23.85,19,4.230295435736952,5.212652647152001
2023-10-06,27.0,19.7,7.3,20.21,90,1.88,3.82,1.40624,2023,10,279,23.35,19,3.7589139025585223,4.599173284030498
2023-10-07,27.1,20.4,1.7,23.36,83,2.47,4.39,1.84756,2023,10,280,23.75,19,4.42548989887641,5.3697433819766065
2023-10-08,27.2,20.0,5.8,22.69,83,2.16,4.29,1.61568,2023,10,281,23.6,19,4.312491805468204,5.196156613266499
2023-10-09,27.1,20.2,2.0,21.56,83,2.62,4.12,1.9597600000000002,2023,10,282,23.65,19,4.16160410127647,4.943578592067709
2023-10-10,28.1,19.8,0.1,26.31,79,2.47,5.07,1.84756,2023,10,283,23.950000000000003,19,5.0049829983591785,6.078130550145753
2023-10-11,27.0,19.2,1.0,24.36,78,2.01,4.64,1.50348,2023,10,284,23.1,19,4.609661549448007,5.508589943015984
2023-10-12,26.5,19.8,5.1,22.53,84,2.13,4.31,1.59324,2023,10,285,23.15,19,4.214962189633832,5.101239377659187
2023-10-13,26.7,20.1,4.6,20.78,84,2.21,3.92,1.6530799999999999,2023,10,286,23.4,19,3.9892617054741346,4.734859903403533
2023-10-14,27.5,18.9,7.5,24.11,82,1.86,4.57,1.39128,2023,10,287,23.2,19,4.511377632014876,5.465909362048254
2023-10-15,27.5,19.8,3.6,23.78,84,2.14,4.5,1.6007200000000001,2023,10,288,23.65,19,4.468901008322731,5.452611267132196
2023-10-16,27.4,20.3,5.5,23.12,86,2.45,4.35,1.8326000000000002,2023,10,289,23.85,20,4.333792603505908,5.327874854206643
2023-10-17,28.0,19.6,4.0,22.64,84,2.02,4.36,1.51096,2023,10,290,23.8,20,4.32554023959192,5.210749256640511
2023-10-18,27.2,19.8,2.3,23.47,82,2.43,4.52,1.8176400000000001,2023,10,291,23.5,20,4.4581405713128825,5.361286615594558
2023-10-19,27.2,19.7,4.1,23.69,84,1.55,4.54,1.1594,2023,10,292,23.45,20,4.441779326876428,5.4047317357203255
2023-10-20,27.8,20.6,0.1,23.91,78,2.1,4.69,1.5708,2023,10,293,24.200000000000003,20,4.694665658290348,5.558087247874405
2023-10-21,28.3,18.5,0.0,25.62,69,2.09,5.24,1.5633199999999998,2023,10,294,23.4,20,5.060019377968218,5.837685790433038
2023-10-22,27.8,20.9,2.9,24.13,76,1.26,4.73,0.94248,2023,10,295,24.35,20,4.69698375908306,5.630068477420409
2023-10-23,25.7,20.2,2.7,20.16,81,1.47,3.8,1.0995599999999999,2023,10,296,22.95,20,3.8927317582025416,4.541462554035797
2023-10-24,26.4,19.3,5.6,20.82,84,1.71,3.98,1.27908,2023,10,297,22.85,20,3.945340008788275,4.678184755662105
2023-10-25,27.2,19.5,2.7,23.03,84,1.52,4.33,1.13696,2023,10,298,23.35,20,4.336375311927232,5.240918393430103
2023-10-26,27.6,20.8,3.9,23.23,85,1.65,4.47,1.2342,2023,10,299,24.200000000000003,20,4.4424568002487606,5.400015339528332
2023-10-27,28.1,19.8,13.9,24.47,85,1.18,4.71,0.88264,2023,10,300,23.950000000000003,20,4.632031684906813,5.653054145270488
2023-10-28,26.6,19.9,5.3,22.2,85,1.26,4.22,0.94248,2023,10,301,23.25,20,4.183681806004085,5.039277192097304
2023-10-29,25.6,20.0,1.6,21.1,87,2.01,3.86,1.50348,2023,10,302,22.8,20,3.908257690414292,4.735041965829559
2023-10-30,26.5,19.6,2.3,23.45,86,1.96,4.34,1.46608,2023,10,303,23.05,20,4.314261928829827,5.296073558072997
2023-10-31,27.0,20.6,3.3,22.68,83,2.21,4.35,1.6530799999999999,2023,10,304,23.8,20,4.3515821202695735,5.219955527411961
2023-11-01,27.4,19.7,1.7,20.76,85,2.25,3.96,1.683,2023,11,305,23.549999999999997,21,3.9968360683314765,4.7482054545595
2023-11-02,27.4,20.9,7.4,22.88,85,2.34,4.35,1.7503199999999999,2023,11,306,24.15,21,4.371950813018364,5.312069132102693
2023-11-03,28.2,20.4,0.6,22.92,84,2.38,4.44,1.7802399999999998,2023,11,307,24.299999999999997,21,4.432868060731725,5.341149375454147
2023-11-04,27.1,20.6,2.5,20.7,87,1.84,3.88,1.37632,2023,11,308,23.85,21,3.9708945788619365,4.770199372062176
2023-11-05,28.0,19.3,2.5,23.54,84,1.87,4.52,1.39876,2023,11,309,23.65,21,4.4582221700063975,5.397580707665765
2023-11-06,28.0,20.6,3.9,24.96,86,1.6,4.74,1.1968,2023,11,310,24.3,21,4.720633979282739,5.816539634002422
2023-11-07,27.2,20.7,5.4,24.08,89,1.29,4.55,0.96492,2023,11,311,23.95,21,4.515368212169154,5.562956429019754
2023-11-08,28.4,20.7,3.5,23.66,89,1.32,4.53,0.98736,2023,11,312,24.549999999999997,21,4.523144888949732,5.547661839853264
2023-11-09,28.1,19.5,5.8,21.97,87,0.99,4.21,0.74052,2023,11,313,23.8,21,4.209872424924009,5.056544221218728
2023-11-10,27.8,21.2,3.6,20.94,89,1.05,4.07,0.7854,2023,11,314,24.5,21,4.082472038392578,4.903860501112495
2023-11-11,27.1,19.8,6.1,22.38,89,0.89,4.26,0.66572,2023,11,315,23.450000000000003,21,4.224918718239059,5.105863074943895
2023-11-12,24.9,20.6,7.2,19.02,92,1.15,3.49,0.8602,2023,11,316,22.75,21,3.5570193446673506,4.262809885769421
2023-11-13,26.3,20.4,1.6,18.49,91,1.7,3.43,1.2716,2023,11,317,23.35,21,3.5028309550075125,4.207754281134286
2023-11-14,26.2,20.9,5.0,17.98,93,1.84,3.26,1.37632,2023,11,318,23.549999999999997,21,3.384794158921203,4.112366766521185
2023-11-15,26.0,21.3,5.7,16.82,93,2.07,3.07,1.54836,2023,11,319,23.65,21,3.1924862268282395,3.8567250426056994
2023-11-16,25.5,19.8,4.8,21.58,91,1.71,3.9,1.27908,2023,11,320,22.65,22,3.904670134963133,4.824175063944738
2023-11-17,25.4,20.1,6.5,22.33,91,1.45,4.05,1.0846,2023,11,321,22.75,22,4.056194757955764,5.004655349591545
2023-11-18,25.4,19.4,6.7,22.42,92,1.62,4.01,1.2117600000000002,2023,11,322,22.4,22,3.9983212361893945,4.979789785795124
2023-11-19,25.2,19.0,5.3,20.47,92,1.93,3.65,1.44364,2023,11,323,22.1,22,3.640939419794411,4.511444338564658
2023-11-20,26.3,20.1,3.2,19.6,92,2.17,3.58,1.62316,2023,11,324,23.200000000000003,22,3.5973251676667175,4.4434601201221815
2023-11-21,27.0,20.8,5.4,19.67,89,2.02,3.65,1.51096,2023,11,325,23.9,22,3.7642900333558775,4.538500133561144
2023-11-22,28.2,21.5,2.0,23.9,86,2.67,4.53,1.99716,2023,11,326,24.85,22,4.577947044572864,5.645252193028063
2023-11-23,29.2,21.5,3.7,23.22,82,2.12,4.57,1.58576,2023,11,327,25.35,22,4.654439671034627,5.551586404921268
2023-11-24,28.0,20.4,7.8,22.35,85,1.36,4.28,1.01728,2023,11,328,24.2,22,4.317797220206328,5.195451693433416
2023-11-25,26.9,20.6,3.1,19.03,88,0.85,3.67,0.6358,2023,11,329,23.75,22,3.7119553456052157,4.374409955437279
2023-11-26,26.2,20.7,2.1,22.47,89,1.2,4.11,0.8976,2023,11,330,23.45,22,4.203982606799207,5.1263960363712835
2023-11-27,26.1,19.1,6.3,21.49,89,0.91,4.04,0.6806800000000001,2023,11,331,22.6,22,3.9902140410667015,4.797888204778157
2023-11-28,25.4,20.2,25.9,17.77,92,0.96,3.29,0.7180799999999999,2023,11,332,22.799999999999997,22,3.382815075381591,3.9877580916014814
2023-11-29,24.8,20.0,12.7,14.95,94,1.36,2.76,1.01728,2023,11,333,22.4,22,2.8460319029908545,3.320600236290682
2023-11-30,26.0,20.2,20.3,14.01,95,1.46,2.62,1.09208,2023,11,334,23.1,22,2.7206811775272732,3.1681176150104244
2023-12-01,24.6,21.0,15.2,13.39,97,1.23,2.47,0.92004,2023,12,335,22.8,23,2.5880507408334563,3.0048441669411274
2023-12-02,25.1,20.8,18.0,13.32,96,1.44,2.43,1.0771199999999999,2023,12,336,22.950000000000003,23,2.5821175099549043,3.0006091874879375
2023-12-03,25.7,20.0,5.5,18.34,94,1.67,3.35,1.24916,2023,12,337,22.85,23,3.374813164855434,4.120937003786889
2023-12-04,25.4,20.4,2.5,19.84,93,2.28,3.55,1.7054399999999998,2023,12,338,22.9,23,3.560002083938033,4.463678662149064
2023-12-05,26.3,20.6,3.7,19.62,92,2.08,3.56,1.5558400000000001,2023,12,339,23.450000000000003,23,3.6299867336220144,4.476185591170653
2023-12-06,26.5,20.0,5.5,20.23,89,1.18,3.84,0.88264,2023,12,340,23.25,23,3.8333089127977424,4.592098089915697
2023-12-07,26.3,21.2,6.7,19.4,91,1.08,3.67,0.80784,2023,12,341,23.75,23,3.7274094663637958,4.459461541538792
2023-12-08,26.9,21.0,8.9,20.22,88,1.12,3.84,0.8377600000000001,2023,12,342,23.95,23,3.911308831025379,4.671220057922733
2023-12-09,27.2,20.7,2.9,19.82,89,1.29,3.81,0.96492,2023,12,343,23.95,23,3.8292589612350008,4.578812143819415
2023-12-10,27.0,20.9,3.2,21.57,90,1.35,4.04,1.0098,2023,12,344,23.95,23,4.091023977667032,4.983096768021432
2023-12-11,25.4,20.0,1.3,20.62,89,1.96,3.73,1.46608,2023,12,345,22.7,23,3.784329401976044,4.6154869478143805
2023-12-12,27.5,19.4,2.0,23.95,83,1.33,4.58,0.9948400000000001,2023,12,346,23.45,23,4.509996274044305,5.464049179843891
2023-12-13,27.0,20.2,29.6,19.02,91,0.98,3.64,0.73304,2023,12,347,23.6,23,3.6659988366313563,4.355702899265263
2023-12-14,25.4,20.4,23.4,14.58,93,0.7,2.78,0.5236,2023,12,348,22.9,23,2.8866760976036274,3.2802638555510764
2023-12-15,25.4,20.9,9.5,16.6,94,1.44,3.07,1.0771199999999999,2023,12,349,23.15,23,3.15028042691561,3.758569625794163
2023-12-16,25.8,21.5,31.1,16.98,95,1.78,3.12,1.33144,2023,12,350,23.65,24,3.193645402203044,3.8934120822499865
2023-12-17,24.9,20.1,8.2,20.7,93,2.04,3.69,1.52592,2023,12,351,22.5,24,3.673350151158126,4.60963180244373
2023-12-18,26.1,18.5,0.1,26.76,85,1.33,4.89,0.9948400000000001,2023,12,352,22.3,24,4.77107391552051,5.928411413992645
2023-12-19,25.3,18.4,0.2,26.32,85,1.68,4.71,1.25664,2023,12,353,21.85,24,4.620216081096258,5.7630211464439824
2023-12-20,25.4,19.4,1.0,24.75,82,2.08,4.45,1.5558400000000001,2023,12,354,22.4,24,4.502089651027653,5.497314772454475
2023-12-21,26.3,18.6,0.8,23.71,84,1.45,4.37,1.0846,2023,12,355,22.450000000000003,24,4.341304643375659,5.273118555677975
2023-12-22,26.8,19.3,0.0,24.65,85,1.34,4.57,1.00232,2023,12,356,23.05,24,4.543858661237566,5.56708798321959
2023-12-23,27.9,19.1,4.6,26.36,83,1.39,4.96,1.03972,2023,12,357,23.5,24,4.894397247263049,6.021453565703987
2023-12-24,27.5,20.2,16.3,18.27,90,0.79,3.5,0.59092,2023,12,358,23.85,24,3.5882450728178203,4.210219445776616
2023-12-25,27.9,20.7,22.3,15.63,90,0.87,2.99,0.65076,2023,12,359,24.299999999999997,24,3.179383637915229,3.642328304465459
2023-12-26,26.5,21.1,2.6,19.9,88,1.03,3.76,0.77044,2023,12,360,23.8,24,3.848180171297931,4.580119708796208
2023-12-27,25.7,20.6,10.3,17.07,92,1.06,3.2,0.79288,2023,12,361,23.15,24,3.2911106632829137,3.864986958572673
2023-12-28,26.4,21.4,13.8,18.73,90,1.53,3.43,1.1444400000000001,2023,12,362,23.9,24,3.6174750762438515,4.32161197262838
2023-12-29,27.1,21.7,8.5,19.95,90,1.89,3.66,1.4137199999999999,2023,12,363,24.4,24,3.8386407011499526,4.660525504741616
2023-12-30,27.6,21.1,7.1,21.89,90,1.57,4.17,1.17436,2023,12,364,24.35,24,4.171150237352152,5.1074263974609515
2023-12-31,27.4,21.1,13.5,18.05,91,1.74,3.27,1.30152,2023,12,365,24.25,24,3.5142375969714785,4.201075245657355
2024-01-01,26.0,21.2,10.7,15.92,92,1.14,3.02,0.8527199999999999,2024,1,1,23.6,1,3.1348486062022816,3.6457828683650355
2024-01-02,28.4,21.4,8.4,19.58,91,1.24,3.76,0.92752,2024,1,2,24.9,1,3.8627402915917535,4.6304984156547295
2024-01-03,27.4,20.9,5.1,17.93,91,0.79,3.51,0.59092,2024,1,3,24.15,1,3.5488384528791976,4.162823406407399
2024-01-04,27.2,21.0,9.0,19.23,90,0.96,3.69,0.7180799999999999,2024,1,4,24.1,1,3.757078789099571,4.459110970673858
2024-01-05,24.4,20.7,18.7,12.68,94,1.02,2.32,0.76296,2024,1,5,22.549999999999997,1,2.527027565751691,2.8273162356552723
2024-01-06,25.4,21.1,28.2,12.75,93,1.03,2.37,0.77044,2024,1,6,23.25,1,2.5915834307845538,2.8941794684342623
2024-01-07,26.9,21.2,17.4,15.81,88,0.9,3.02,0.6732,2024,1,7,24.049999999999997,1,3.2081412290344327,3.661521141286941
2024-01-08,27.4,20.9,21.1,16.53,90,0.81,3.18,0.6058800000000001,2024,1,8,24.15,1,3.3213456603706675,3.8377842112612557
2024-01-09,27.9,20.7,10.5,22.17,88,1.14,4.21,0.8527199999999999,2024,1,9,24.299999999999997,1,4.2747499197545835,5.166373545105516
2024-01-10,28.6,21.4,3.6,24.42,87,1.47,4.73,1.0995599999999999,2024,1,10,25.0,1,4.7172443639873345,5.789194473364848
2024-01-11,28.6,21.4,0.8,25.66,87,2.27,4.86,1.69796,2024,1,11,25.0,1,4.867906132193352,6.083158484297379
2024-01-12,27.1,21.2,0.4,23.82,85,2.94,4.45,2.1991199999999997,2024,1,12,24.15,1,4.500549328818639,5.530309734557962
2024-01-13,26.7,21.3,0.6,23.68,85,2.78,4.34,2.07944,2024,1,13,24.0,1,4.46211292702656,5.477361874497683
2024-01-14,27.3,21.5,0.0,24.22,84,2.6,4.62,1.9448,2024,1,14,24.4,1,4.629630289709058,5.658041489967014
2024-01-15,25.8,21.6,2.0,13.62,89,2.05,2.64,1.5333999999999999,2024,1,15,23.700000000000003,1,2.819538412664658,3.12690086250676
2024-01-16,26.7,21.5,1.5,18.21,88,1.88,3.48,1.40624,2024,1,16,24.1,2,3.5871732167785804,4.222590263961048
2024-01-17,28.0,20.5,6.6,23.31,86,1.05,4.5,0.7854,2024,1,17,24.25,2,4.481692404566945,5.42532210394864
2024-01-18,24.6,20.8,38.9,13.09,93,1.31,2.38,0.9798800000000001,2024,1,18,22.700000000000003,2,2.6004891054186214,2.9300060207027268
2024-01-19,23.0,20.8,20.5,6.98,95,2.57,1.29,1.9223599999999998,2024,1,19,21.9,2,1.5518252973898077,1.5303395811502174
2024-01-20,25.4,20.8,1.2,20.77,88,3.98,3.7,2.97704,2024,1,20,23.1,2,3.786804656821949,4.696773937456568
2024-01-21,25.9,21.6,4.0,21.9,87,3.98,3.88,2.97704,2024,1,21,23.75,2,4.062362389454155,5.034134420603069
2024-01-22,27.1,22.2,4.8,21.73,83,2.95,4.12,2.2066000000000003,2024,1,22,24.65,2,4.325723956314896,5.107645811776937
2024-01-23,25.5,21.4,3.6,15.05,89,3.96,2.82,2.96208,2024,1,23,23.45,2,3.002788177723997,3.433567438691046
2024-01-24,26.5,21.6,4.1,18.46,86,2.45,3.51,1.8326000000000002,2024,1,24,24.05,2,3.6715804301048887,4.275248593811317
2024-01-25,27.9,21.1,20.2,21.23,87,1.66,3.97,1.24168,2024,1,25,24.5,2,4.137853793354495,4.971774519513766
2024-01-26,27.9,20.8,1.5,18.95,89,1.19,3.66,0.8901199999999999,2024,1,26,24.35,2,3.741414817138788,4.4214586675141625
2024-01-27,27.1,21.0,5.0,18.66,88,1.17,3.59,0.8751599999999999,2024,1,27,24.05,2,3.6761348457716685,4.321567646832024
2024-01-28,27.3,20.1,26.5,18.15,91,1.26,3.37,0.94248,2024,1,28,23.700000000000003,2,3.522747736371006,4.166905334397775
2024-01-29,24.8,20.3,17.4,16.64,91,0.96,3.1,0.7180799999999999,2024,1,29,22.55,2,3.1996012786274144,3.710295123131209
2024-01-30,26.6,20.5,23.0,19.52,90,1.05,3.65,0.7854,2024,1,30,23.55,2,3.753645287873587,4.464593953420107
2024-01-31,27.4,20.4,10.5,19.74,92,1.33,3.58,0.9948400000000001,2024,1,31,23.9,2,3.7778206975929147,4.554651379588051
2024-02-01,27.1,20.6,3.1,22.26,87,1.66,4.16,1.24168,2024,2,32,23.85,3,4.228596341461627,5.129692658072659
2024-02-02,25.8,21.2,17.7,20.59,89,1.46,3.8,1.09208,2024,2,33,23.5,3,3.899717879963202,4.703403980191392
2024-02-03,25.6,20.7,24.8,13.21,94,0.66,2.56,0.49368,2024,2,34,23.15,3,2.67824117777835,2.9910063106470424
2024-02-04,24.5,21.2,19.5,12.29,96,2.12,2.23,1.58576,2024,2,35,22.85,3,2.3607050690853093,2.76152212522033
2024-02-05,26.7,21.3,10.8,19.57,90,2.38,3.59,1.7802399999999998,2024,2,36,24.0,3,3.716979340306525,4.5266880018547155
2024-02-06,27.9,21.4,2.2,23.72,87,2.18,4.45,1.63064,2024,2,37,24.65,3,4.525137643757443,5.575396164535156
2024-02-07,27.3,21.1,4.0,21.7,88,1.49,4.07,1.11452,2024,2,38,24.200000000000003,3,4.16833404420083,5.0443535457496695
2024-02-08,27.3,21.0,27.3,18.88,91,1.01,3.58,0.75548,2024,2,39,24.15,3,3.6968137891645356,4.383385717399426
2024-02-09,25.6,20.0,24.4,18.6,91,0.99,3.42,0.74052,2024,2,40,22.8,3,3.531172557838344,4.1740180362289
2024-02-10,26.5,20.1,15.7,16.42,91,0.87,3.15,0.65076,2024,2,41,23.3,3,3.230887126277011,3.731967391781152
2024-02-11,26.7,20.9,12.6,17.72,92,1.68,3.29,1.25664,2024,2,42,23.799999999999997,3,3.4086887229258127,4.078377951752202
2024-02-12,25.5,20.9,2.7,17.5,92,1.77,3.23,1.32396,2024,2,43,23.2,3,3.312173379217681,3.967375107251948
2024-02-13,26.9,21.1,14.9,19.45,89,1.18,3.68,0.88264,2024,2,44,24.0,3,3.7848412777562097,4.49893110046368
2024-02-14,27.7,20.8,17.4,17.4,91,0.7,3.37,0.5236,2024,2,45,24.25,3,3.4787672409631893,4.049789987503489
2024-02-15,26.8,20.9,11.4,20.52,91,0.85,3.86,0.6358,2024,2,46,23.85,3,3.951632222066148,4.728719377522505
2024-02-16,27.3,20.6,2.4,23.27,87,0.99,4.39,0.74052,2024,2,47,23.950000000000003,4,4.4324123932829975,5.375830402960535
2024-02-17,27.4,20.8,7.3,20.78,90,1.12,3.88,0.8377600000000001,2024,2,48,24.1,4,4.005858606295217,4.81852969165901
2024-02-18,27.2,21.0,22.2,18.1,91,0.89,3.43,0.66572,2024,2,49,24.1,4,3.567652817432507,4.197083128923391
2024-02-19,28.4,21.1,4.0,23.43,85,0.81,4.6,0.6058800000000001,2024,2,50,24.75,4,4.566824917363219,5.520732880531029
2024-02-20,29.4,21.4,1.2,23.68,89,1.17,4.62,0.8751599999999999,2024,2,51,25.4,4,4.645562792062865,5.66839756696989
2024-02-21,28.6,21.3,2.7,22.96,90,1.55,4.39,1.1594,2024,2,52,24.950000000000003,4,4.421352107220112,5.436456863732269
2024-02-22,27.5,21.3,7.4,19.22,88,1.3,3.77,0.9724,2024,2,53,24.4,4,3.7901420628679485,4.489989985019241
2024-02-23,27.8,21.2,1.3,15.87,91,0.76,3.15,0.56848,2024,2,54,24.5,4,3.22872923562643,3.716536110441991
2024-02-24,27.6,21.8,15.4,18.85,92,0.99,3.7,0.74052,2024,2,55,24.700000000000003,4,3.7243722349430586,4.436131397884573
2024-02-25,27.2,21.2,28.6,15.57,91,1.14,3.01,0.8527199999999999,2024,2,56,24.2,4,3.1371626126316854,3.6193817837475737
2024-02-26,26.0,21.2,7.8,15.97,90,1.25,2.97,0.935,2024,2,57,23.6,4,3.1640644895722727,3.657233191444072
2024-02-27,27.1,21.2,6.1,19.93,90,1.1,3.75,0.8228000000000001,2024,2,58,24.15,4,3.862058127780335,4.627165113759033
2024-02-28,27.2,20.8,13.1,18.94,89,0.73,3.66,0.54604,2024,2,59,24.0,4,3.7149101522179775,4.380964269551779
2024-02-29,27.6,21.3,32.8,18.84,89,0.77,3.67,0.57596,2024,2,60,24.450000000000003,4,3.7347347084066613,4.4066434456685615
2024-03-01,26.6,21.3,29.9,17.55,90,1.02,3.3,0.76296,2024,3,61,23.950000000000003,5,3.4538865334575437,4.054397231283085
2024-03-02,27.2,20.8,21.2,17.41,91,0.82,3.39,0.61336,2024,3,62,24.0,5,3.4392141465684056,4.0270637768160755
2024-03-03,26.5,21.5,36.0,19.1,92,0.98,3.6,0.73304,2024,3,63,24.0,5,3.6930215957737156,4.417973471406493
2024-03-04,26.8,21.6,16.3,19.35,90,0.96,3.63,0.7180799999999999,2024,3,64,24.200000000000003,5,3.771140872533792,4.498075627200742
2024-03-05,27.8,21.6,44.0,15.3,92,0.93,2.95,0.69564,2024,3,65,24.700000000000003,5,3.1182394865764955,3.600679596160952
2024-03-06,28.3,21.3,23.3,18.12,89,0.95,3.53,0.7106,2024,3,66,24.8,5,3.633149315680609,4.274776751246004
2024-03-07,25.9,21.5,27.5,12.11,95,0.92,2.35,0.68816,2024,3,67,23.7,5,2.481854374460437,2.7802327052097553
2024-03-08,26.9,21.9,26.1,16.15,93,1.14,3.11,0.8527199999999999,2024,3,68,24.4,5,3.2065145678680578,3.7728063609813076
2024-03-09,27.2,21.7,49.0,13.23,95,1.3,2.61,0.9724,2024,3,69,24.45,5,2.681167986209786,3.094474139394643
2024-03-10,25.9,20.4,22.3,12.39,91,2.98,2.46,2.22904,2024,3,70,23.15,5,2.5179033707469247,2.8053420279270895
2024-03-11,25.1,20.9,10.3,10.67,93,1.58,2.06,1.18184,2024,3,71,23.0,5,2.215378993799342,2.4067053922621597
2024-03-12,26.7,21.9,5.6,13.29,87,2.61,2.73,1.9522799999999998,2024,3,72,24.299999999999997,5,2.871647951477309,3.0970277137777313
2024-03-13,26.4,23.3,2.8,16.95,83,6.21,3.65,4.64508,2024,3,73,24.85,5,3.7847109792677656,4.003641199657977
2024-03-14,25.3,22.8,6.6,11.33,86,5.22,2.49,3.9045599999999996,2024,3,74,24.05,5,2.743059444468581,2.6239743536230886
2024-03-15,27.1,22.0,6.6,17.11,87,2.95,3.41,2.2066000000000003,2024,3,75,24.55,5,3.4592089674430753,4.011855202024064
2024-03-16,28.2,21.2,1.1,21.74,83,2.62,4.24,1.9597600000000002,2024,3,76,24.7,6,4.299307794978768,5.116259766048307
2024-03-17,26.8,20.4,17.3,18.77,90,1.35,3.59,1.0098,2024,3,77,23.6,6,3.5809702054752783,4.298451283870083
2024-03-18,26.9,21.2,3.2,21.43,86,1.96,4.04,1.46608,2024,3,78,24.049999999999997,6,4.082290405510912,4.963086531168825
2024-03-19,27.5,20.8,0.7,23.65,84,1.54,4.51,1.15192,2024,3,79,24.15,6,4.477709284722803,5.490840689433072
2024-03-20,27.4,20.3,10.6,22.15,88,1.24,4.19,0.92752,2024,3,80,23.85,6,4.167967268398653,5.104343772520637
2024-03-21,26.7,20.6,7.6,19.98,88,0.93,3.77,0.69564,2024,3,81,23.65,6,3.809839100652949,4.581294075580372
2024-03-22,27.5,20.8,1.6,22.83,86,1.33,4.27,0.9948400000000001,2024,3,82,24.15,6,4.319294891828976,5.300460589418902
2024-03-23,26.7,20.8,3.9,21.77,88,1.19,4.01,0.8901199999999999,2024,3,83,23.75,6,4.085320706311191,5.004251430891727
2024-03-24,27.0,21.0,5.5,21.72,85,1.02,4.08,0.76296,2024,3,84,24.0,6,4.13270925002179,5.023999151777435
2024-03-25,26.6,20.2,8.0,19.09,88,0.9,3.58,0.6732,2024,3,85,23.4,6,3.636662320214427,4.349782269296123
2024-03-26,26.6,21.1,7.6,21.16,89,1.89,3.91,1.4137199999999999,2024,3,86,23.85,6,3.9357300325738156,4.876203802552446
2024-03-27,26.3,20.3,9.6,20.83,87,1.75,3.8,1.309,2024,3,87,23.3,6,3.8731581674486066,4.734280193106052
2024-03-28,26.4,20.2,15.6,18.64,88,1.27,3.49,0.94996,2024,3,88,23.299999999999997,6,3.537470447909621,4.236533019658993
2024-03-29,27.0,20.9,7.0,18.67,90,1.82,3.42,1.3613600000000001,2024,3,89,23.95,6,3.543317295007726,4.313139390772376
2024-03-30,28.2,21.1,0.9,23.22,86,2.15,4.41,1.6081999999999999,2024,3,90,24.65,6,4.3936396774505715,5.457870950274297
2024-03-31,26.5,21.6,4.7,19.03,90,2.03,3.54,1.5184399999999998,2024,3,91,24.05,6,3.586805973794056,4.407257894920334
2024-04-01,24.6,21.1,28.5,15.11,95,1.98,2.69,1.48104,2024,4,92,22.85,7,2.7703476329134515,3.395166746304246
2024-04-02,26.4,21.1,15.9,16.8,93,1.86,3.04,1.39128,2024,4,93,23.75,7,3.156175535377913,3.8618017473119437
2024-04-03,27.6,20.6,1.7,22.02,86,1.64,4.15,1.22672,2024,4,94,24.1,7,4.142960467528633,5.106064668447131
2024-04-04,25.3,21.3,1.9,11.16,90,0.95,2.18,0.7106,2024,4,95,23.3,7,2.3303408577561266,2.5364650482507702
2024-04-05,28.0,21.7,3.6,19.44,87,1.5,3.71,1.1219999999999999,2024,4,96,24.85,7,3.7970848061568288,4.591786721023663
2024-04-06,27.6,20.6,0.2,24.38,86,2.04,4.59,1.52592,2024,4,97,24.1,7,4.474995578475198,5.65330865652775
2024-04-07,27.2,21.3,17.2,17.54,91,1.27,3.33,0.94996,2024,4,98,24.25,7,3.3793951665648874,4.0823745046443225
2024-04-08,26.3,21.0,2.9,16.98,92,0.78,3.27,0.5834400000000001,2024,4,99,23.65,7,3.255651877722488,3.8934120822499865
2024-04-09,26.4,20.9,2.5,16.42,91,0.65,3.18,0.4862,2024,4,100,23.65,7,3.176348504001481,3.765007443494981
2024-04-10,26.1,21.3,20.3,13.68,92,0.81,2.62,0.6058800000000001,2024,4,101,23.700000000000003,7,2.7201149569788856,3.1406757561741907
2024-04-11,26.6,20.6,6.9,16.07,91,1.01,3.03,0.75548,2024,4,102,23.6,7,3.0947999148492475,3.6801338376021433
2024-04-12,26.6,20.7,2.0,16.35,90,1.38,3.12,1.0322399999999998,2024,4,103,23.65,7,3.138296543908032,3.7489568636506054
2024-04-13,26.6,21.3,3.9,19.21,87,2.07,3.63,1.54836,2024,4,104,23.950000000000003,7,3.635318674769188,4.437890074811855
2024-04-14,27.6,21.0,2.7,21.28,88,2.02,3.95,1.51096,2024,4,105,24.3,7,3.960341330528261,4.958972893091809
2024-04-15,27.3,20.9,3.4,20.34,88,1.78,3.83,1.33144,2024,4,106,24.1,7,3.8008296902686425,4.716501151508386
2024-04-16,25.7,21.7,7.6,15.3,93,2.94,2.68,2.1991199999999997,2024,4,107,23.7,8,2.821382018137358,3.512597885194819
2024-04-17,25.8,21.4,33.2,17.9,95,2.97,3.12,2.22156,2024,4,108,23.6,8,3.1006172254188202,4.099215662294857
2024-04-18,25.6,21.3,20.8,14.99,94,2.3,2.7,1.7204,2024,4,109,23.450000000000003,8,2.7586698788330826,3.4198787977394542
2024-04-19,27.1,21.1,4.4,16.67,93,1.86,3.07,1.39128,2024,4,110,24.1,8,3.1207060020924793,3.865490373433864
2024-04-20,26.2,21.7,3.2,17.64,91,2.16,3.18,1.61568,2024,4,111,23.95,8,3.2747342781194795,4.075189011956331
2024-04-21,25.7,21.2,11.5,15.72,93,1.54,2.88,1.15192,2024,4,112,23.45,8,2.935182455980233,3.58642392931716
2024-04-22,24.1,21.2,16.0,9.91,96,2.12,1.78,1.58576,2024,4,113,22.65,8,1.9198312005355815,2.215364915833751
2024-04-23,25.3,21.6,17.6,10.43,96,1.02,2.04,0.76296,2024,4,114,23.450000000000003,8,2.101209744806176,2.379542085418446
2024-04-24,25.5,21.4,21.8,11.34,94,1.14,2.21,0.8527199999999999,2024,4,115,23.45,8,2.264006495786227,2.587153139850928
2024-04-25,26.0,21.4,16.1,12.94,92,0.87,2.46,0.65076,2024,4,116,23.7,8,2.5607757857464253,2.970785400942546
2024-04-26,26.6,21.0,6.2,17.6,90,1.2,3.33,0.8976,2024,4,117,23.8,8,3.3004437379260367,4.0507591394378535
2024-04-27,27.1,21.2,5.3,19.17,90,1.34,3.59,1.00232,2024,4,118,24.15,8,3.5649130395347854,4.450715264965413
2024-04-28,27.1,21.6,0.3,22.45,89,2.78,4.01,2.07944,2024,4,119,24.35,8,4.010028504668103,5.238086917450815
2024-04-29,25.9,21.5,1.3,18.68,91,2.85,3.28,2.1318,2024,4,120,23.7,8,3.331244947470863,4.288583561793413
2024-04-30,25.7,21.6,9.3,17.18,93,2.45,3.09,1.8326000000000002,2024,4,121,23.65,8,3.0725725698736412,3.9392708818053452
2024-05-01,26.7,21.3,5.1,19.28,92,2.84,3.55,2.12432,2024,5,122,24.0,9,3.4092720237471426,4.459608823493046
2024-05-02,24.8,21.5,5.8,14.01,95,2.85,2.45,2.1318,2024,5,123,23.15,9,2.4871160029879547,3.1721421962274836
2024-05-03,26.1,21.1,0.6,19.91,91,3.29,3.51,2.46092,2024,5,124,23.6,9,3.4507305256522995,4.559518650072102
2024-05-04,24.6,20.5,3.4,19.93,90,2.89,3.43,2.1617200000000003,2024,5,125,22.55,9,3.3905568046851493,4.443881118029147
2024-05-05,25.1,19.4,0.0,20.36,87,2.13,3.63,1.59324,2024,5,126,22.25,9,3.5314354657580047,4.504715830419408
2024-05-06,25.2,19.6,0.9,18.48,90,2.41,3.26,1.80268,2024,5,127,22.4,9,3.2070084770566325,4.104661696766008
2024-05-07,25.6,19.3,2.3,18.03,90,2.07,3.25,1.54836,2024,5,128,22.450000000000003,9,3.1657733349263406,4.009883068699869
2024-05-08,25.9,20.4,2.1,18.24,91,2.52,3.31,1.88496,2024,5,129,23.15,9,3.2061056960714835,4.129898191234068
2024-05-09,25.3,21.0,17.0,17.11,93,2.25,3.1,1.683,2024,5,130,23.15,9,3.0028215473965445,3.8740437528516942
2024-05-10,26.9,21.1,2.4,19.05,91,2.12,3.48,1.58576,2024,5,131,24.0,9,3.4210745113001937,4.406408095826895
2024-05-11,26.0,21.5,7.3,18.25,92,2.1,3.3,1.5708,2024,5,132,23.75,9,3.249576864079243,4.195112017169224
2024-05-12,26.5,21.1,2.3,18.69,89,1.95,3.5,1.4586,2024,5,133,23.8,9,3.3928933894745437,4.301630017959857
2024-05-13,26.0,20.5,2.6,18.98,89,2.05,3.5,1.5333999999999999,2024,5,134,23.25,9,3.3720076392948664,4.308355004775082
2024-05-14,26.9,19.9,0.0,22.23,85,2.02,4.14,1.51096,2024,5,135,23.4,9,3.9260127883712594,5.065251956335925
2024-05-15,26.2,20.4,2.2,18.93,92,2.22,3.4,1.66056,2024,5,136,23.299999999999997,9,3.2839332374799213,4.302444745823215
2024-05-16,26.6,21.0,1.0,19.44,89,2.65,3.54,1.9822,2024,5,137,23.8,10,3.463760793964608,4.474247594924538
2024-05-17,25.1,20.8,3.5,16.54,91,2.29,2.96,1.71292,2024,5,138,22.950000000000003,10,2.933779858083378,3.725981678757544
2024-05-18,25.2,20.9,1.2,18.87,90,3.08,3.33,2.30384,2024,5,139,23.049999999999997,10,3.24755652958393,4.26170183543017
2024-05-19,24.6,20.4,2.0,18.86,91,3.37,3.21,2.52076,2024,5,140,22.5,10,3.1347657391873978,4.199886753337621
2024-05-20,25.5,20.6,1.8,17.34,90,2.97,3.09,2.22156,2024,5,141,23.05,10,3.050408790029207,3.9161584433682632
2024-05-21,25.2,20.4,2.4,18.06,89,2.51,3.25,1.8774799999999998,2024,5,142,22.799999999999997,10,3.160704409286658,4.052836867435158
2024-05-22,25.8,20.1,2.8,17.33,90,1.28,3.24,0.9574400000000001,2024,5,143,22.950000000000003,10,3.0907916214207556,3.903945737174621
2024-05-23,25.9,20.5,1.5,17.38,90,1.51,3.24,1.12948,2024,5,144,23.2,10,3.108253628793298,3.9401702493736486
2024-05-24,26.9,20.2,2.1,17.48,88,1.59,3.24,1.1893200000000002,2024,5,145,23.549999999999997,10,3.188720589057955,3.9980072902553014
2024-05-25,25.9,21.2,1.4,16.61,89,2.94,2.99,2.1991199999999997,2024,5,146,23.549999999999997,10,3.024919102248398,3.799021801552663
2024-05-26,25.0,20.8,2.6,15.51,93,3.04,2.72,2.27392,2024,5,147,22.9,10,2.6710383243792397,3.4894987928393135
2024-05-27,25.0,20.7,5.1,15.58,91,2.02,2.83,1.51096,2024,5,148,22.85,10,2.778724257083202,3.5007741831515657
2024-05-28,26.8,20.7,1.5,18.56,87,1.1,3.5,0.8228000000000001,2024,5,149,23.75,10,3.3590430677763274,4.266371454173194
2024-05-29,26.0,20.9,3.7,17.55,82,0.86,3.29,0.64328,2024,5,150,23.45,10,3.199635312215689,4.003927478340723
2024-05-30,25.0,21.1,8.6,13.15,94,1.64,2.42,1.22672,2024,5,151,23.05,10,2.400965246891621,2.9698664088980777
2024-05-31,25.8,21.2,5.9,15.42,94,2.29,2.77,1.71292,2024,5,152,23.5,10,2.711500691316481,3.5224132770544565
2024-06-01,26.0,21.4,1.6,15.81,91,2.61,2.84,1.9522799999999998,2024,6,153,23.7,11,2.854984275194661,3.62968448136798
2024-06-02,26.2,21.9,2.2,15.24,92,1.72,2.78,1.28656,2024,6,154,24.049999999999997,11,2.805406394839946,3.5295118401779235
2024-06-03,24.3,20.7,4.7,13.88,92,2.65,2.36,1.9822,2024,6,155,22.5,11,2.465183214084274,3.0909028704308685
2024-06-04,25.1,20.3,1.8,17.76,90,2.66,3.12,1.9896800000000001,2024,6,156,22.700000000000003,11,3.0431697022976008,3.975317565139835
2024-06-05,25.4,20.4,0.7,19.25,89,2.85,3.39,2.1318,2024,6,157,22.9,11,3.277501495383234,4.330938218062978
2024-06-06,25.2,20.5,1.5,17.85,91,2.97,3.15,2.22156,2024,6,158,22.85,11,3.0208734057427176,4.010835633456704
2024-06-07,23.2,20.1,3.8,7.43,95,2.16,1.37,1.61568,2024,6,159,21.65,11,1.504842809672878,1.6183556927479366
2024-06-08,24.9,20.6,11.3,14.3,94,2.24,2.58,1.6755200000000001,2024,6,160,22.75,11,2.490816375052046,3.204951701708871
2024-06-09,25.6,20.7,6.2,12.72,95,1.73,2.35,1.29404,2024,6,161,23.15,11,2.309087166599132,2.8800605807290216
2024-06-10,25.2,20.9,4.9,16.13,94,2.44,2.85,1.8251199999999999,2024,6,162,23.049999999999997,11,2.743562350602046,3.6428855646787826
2024-06-11,23.7,20.6,3.2,15.1,97,2.32,2.55,1.7353599999999998,2024,6,163,22.15,11,2.455056202997426,3.332263550124932
2024-06-12,25.7,19.5,0.3,18.9,90,2.23,3.41,1.66804,2024,6,164,22.6,11,3.1904718994603747,4.21964109215017
2024-06-13,25.5,19.2,5.4,15.24,90,1.76,2.82,1.31648,2024,6,165,22.35,11,2.700824426579457,3.380641491338846
2024-06-14,25.8,20.4,6.3,15.9,93,1.83,2.9,1.36884,2024,6,166,23.1,11,2.7821223983977417,3.595508214037527
2024-06-15,26.2,19.6,1.3,19.98,87,2.06,3.59,1.54088,2024,6,167,22.9,11,3.4349241930177605,4.4951763946440675
2024-06-16,25.4,18.8,6.1,14.55,88,1.5,2.7,1.1219999999999999,2024,6,168,22.1,12,2.6267949703663755,3.2067178859851384
2024-06-17,25.4,18.7,1.8,17.27,91,2.02,3.03,1.51096,2024,6,169,22.049999999999997,12,2.91056656067366,3.801235549464536
2024-06-18,24.8,18.5,1.6,17.04,88,1.75,3.05,1.309,2024,6,170,21.65,12,2.9117166720600443,3.711545222668215
2024-06-19,24.4,18.7,3.4,16.86,90,2.67,2.9,1.99716,2024,6,171,21.549999999999997,12,2.8115552895887057,3.662680008806685
2024-06-20,24.5,18.4,1.3,19.57,90,2.74,3.34,2.0495200000000002,2024,6,172,21.45,12,3.126662026153114,4.240193455022037
2024-06-21,24.4,18.8,0.1,17.94,86,2.91,3.11,2.17668,2024,6,173,21.6,12,3.0697460942480475,3.9024385685206133
2024-06-22,24.5,19.5,0.0,18.32,88,2.94,3.17,2.1991199999999997,2024,6,174,22.0,12,3.085237874184825,4.027095365923896
2024-06-23,23.7,19.9,6.6,12.73,94,3.28,2.18,2.45344,2024,6,175,21.799999999999997,12,2.16328717131661,2.7837099465647546
2024-06-24,22.3,19.8,17.8,8.16,99,3.08,1.35,2.30384,2024,6,176,21.05,12,1.383318310525781,1.7493247077137803
2024-06-25,23.9,19.9,6.2,13.02,95,2.53,2.27,1.89244,2024,6,177,21.9,12,2.209515970227254,2.8545875854693166
2024-06-26,25.4,19.7,1.8,15.9,91,2.29,2.85,1.71292,2024,6,178,22.549999999999997,12,2.7627177227358932,3.5452940178958072
2024-06-27,26.4,19.6,3.5,16.99,89,1.11,3.16,0.83028,2024,6,179,23.0,12,3.0189910847328827,3.83223285984387
2024-06-28,25.6,19.4,1.5,17.43,87,1.12,3.25,0.8377600000000001,2024,6,180,22.5,12,3.0524728685640405,3.881443590173634
2024-06-29,24.8,19.8,1.5,18.53,88,2.39,3.25,1.7877200000000002,2024,6,181,22.3,12,3.152026253967019,4.1051369021406465
2024-06-30,25.0,20.3,0.6,17.94,88,3.28,3.17,2.45344,2024,6,182,22.65,12,3.105284514674544,4.010458788098639
2024-07-01,23.9,19.8,4.5,13.43,93,2.95,2.34,2.2066000000000003,2024,7,183,21.85,13,2.308067045632139,2.940629711122442
2024-07-02,24.1,20.3,3.6,14.12,95,2.62,2.43,1.9597600000000002,2024,7,184,22.200000000000003,13,2.3684247908787777,3.120046355809289
2024-07-03,23.5,20.2,6.8,7.88,93,2.3,1.46,1.7204,2024,7,185,21.85,13,1.6298909266823818,1.7254029876131678
2024-07-04,23.4,20.0,3.8,16.21,93,3.3,2.61,2.4684,2024,7,186,21.7,13,2.6157401572194763,3.535403708310128
2024-07-05,23.8,19.6,3.7,15.4,93,2.95,2.6,2.2066000000000003,2024,7,187,21.700000000000003,13,2.540990391972354,3.3587425729781604
2024-07-06,24.6,19.7,1.4,15.89,90,2.59,2.81,1.93732,2024,7,188,22.15,13,2.755460242583124,3.5066005173168984
2024-07-07,25.0,19.3,0.0,18.64,89,2.25,3.28,1.683,2024,7,189,22.15,13,3.143308930770888,4.1134697069091875
2024-07-08,24.5,19.1,0.5,18.52,88,2.82,3.22,2.1093599999999997,2024,7,190,21.8,13,3.1095687858007226,4.049827824853044
2024-07-09,25.5,19.4,6.7,17.68,92,2.3,3.13,1.7204,2024,7,191,22.45,13,2.975588781014945,3.93204285383326
2024-07-10,24.6,19.0,0.0,19.13,89,3.06,3.3,2.2888800000000002,2024,7,192,21.8,13,3.149055066614588,4.18321848215112
2024-07-11,23.0,19.1,2.0,17.02,87,3.43,2.84,2.56564,2024,7,193,21.05,13,2.893630803639531,3.6487140349618308
2024-07-12,23.8,18.7,0.0,20.35,82,3.15,3.54,2.3562,2024,7,194,21.25,13,3.472998935281041,4.385889305042287
2024-07-13,22.1,17.4,1.5,16.78,88,2.81,2.78,2.10188,2024,7,195,19.75,13,2.723279896092967,3.4725774705180563
2024-07-14,22.3,17.6,0.8,17.1,85,3.52,2.86,2.63296,2024,7,196,19.950000000000003,13,2.8871783215636944,3.558328659301744
2024-07-15,22.8,16.5,2.2,14.33,89,2.51,2.48,1.8774799999999998,2024,7,197,19.65,13,2.42290514528914,2.9573762810708195
2024-07-16,23.0,17.2,0.1,18.52,88,3.5,3.07,2.618,2024,7,198,20.1,14,2.94709288153692,3.8696830580807435
2024-07-17,24.7,18.3,0.1,19.02,86,2.44,3.41,1.8251199999999999,2024,7,199,21.5,14,3.2286754548891676,4.126472837246756
2024-07-18,25.1,18.2,2.3,17.75,89,1.89,3.21,1.4137199999999999,2024,7,200,21.65,14,3.024144271991153,3.8661929402793906
2024-07-19,23.9,18.2,2.0,17.24,89,2.98,2.92,2.22904,2024,7,201,21.049999999999997,14,2.8760312507840315,3.695877201101173
2024-07-20,23.3,18.0,0.5,16.59,89,2.71,2.88,2.0270799999999998,2024,7,202,20.65,14,2.7703841795730146,3.518568873280064
2024-07-21,23.6,18.3,1.8,16.02,89,2.89,2.81,2.1617200000000003,2024,7,203,20.950000000000003,14,2.7286715772981047,3.4251688455120286
2024-07-22,23.7,18.7,5.2,14.31,93,2.35,2.51,1.7578,2024,7,204,21.2,14,2.433694314071095,3.0800354385448077
2024-07-23,24.6,19.4,7.8,15.39,93,2.58,2.71,1.92984,2024,7,205,22.0,14,2.622878949099745,3.3830238909153243
2024-07-24,24.8,19.1,3.7,18.6,91,1.79,3.3,1.33892,2024,7,206,21.950000000000003,14,3.1413256870263453,4.08331331039418
2024-07-25,24.9,17.6,7.1,16.36,91,1.95,2.91,1.4586,2024,7,207,21.25,14,2.7864061237189808,3.525953269311637
2024-07-26,23.8,18.9,0.0,19.11,89,2.68,3.27,2.00464,2024,7,208,21.35,14,3.1561695256799482,4.129582554982163
2024-07-27,24.3,19.6,8.7,15.83,91,3.15,2.76,2.3562,2024,7,209,21.950000000000003,14,2.726936473280133,3.4752069733085946
2024-07-28,22.9,19.7,13.9,14.68,97,2.29,2.46,1.71292,2024,7,210,21.299999999999997,14,2.3909630412790714,3.1680773002389575
2024-07-29,23.3,19.7,8.0,12.59,97,2.27,2.17,1.69796,2024,7,211,21.5,14,2.1362979478048367,2.7314559947916224
2024-07-30,23.7,20.1,23.5,12.41,95,1.41,2.19,1.0546799999999998,2024,7,212,21.9,14,2.2544388679589087,2.720847306887421
2024-07-31,23.8,18.9,9.9,13.97,94,1.16,2.5,0.8676799999999999,2024,7,213,21.35,14,2.475374626763725,3.0188523439613197
2024-08-01,25.6,19.0,3.7,16.41,90,1.2,3.0,0.8976,2024,8,214,22.3,15,2.9453951002228314,3.6354720218093908
2024-08-02,25.2,19.4,2.9,16.14,91,1.3,2.96,0.9724,2024,8,215,22.299999999999997,15,2.890558694948614,3.575656211578524
2024-08-03,25.2,18.2,1.8,20.12,87,1.67,3.54,1.24916,2024,8,216,21.7,15,3.4398754016472446,4.3881753615792585
2024-08-04,24.4,18.2,0.2,20.42,86,2.3,3.56,1.7204,2024,8,217,21.299999999999997,15,3.4461019394056547,4.4068214217220385
2024-08-05,24.6,18.4,0.0,20.84,84,2.49,3.68,1.8625200000000002,2024,8,218,21.5,15,3.5757903354663374,4.521329859527992
2024-08-06,23.9,18.7,2.8,15.16,91,2.79,2.63,2.08692,2024,8,219,21.299999999999997,15,2.6327397928786365,3.271665658829878
2024-08-07,24.7,19.6,2.8,18.85,92,3.21,3.22,2.40108,2024,8,220,22.15,15,3.117764968330047,4.159812445023508
2024-08-08,23.8,19.8,4.1,17.83,93,3.15,2.95,2.3562,2024,8,221,21.8,15,2.921785933678506,3.898943310860139
2024-08-09,23.4,19.8,3.2,15.55,93,3.42,2.61,2.55816,2024,8,222,21.6,15,2.6053867383535865,3.382548480518146
2024-08-10,24.8,18.5,0.3,23.52,85,3.12,4.11,2.3337600000000003,2024,8,223,21.65,15,3.9113069407041663,5.122977912978663
2024-08-11,22.8,17.5,0.0,21.23,83,3.4,3.63,2.5432,2024,8,224,20.15,15,3.5306142623143875,4.441991423631223
2024-08-12,23.6,16.9,1.6,17.83,86,2.42,3.15,1.81016,2024,8,225,20.25,15,3.0572167302650004,3.7407907978694728
2024-08-13,24.0,18.9,7.1,18.55,90,2.68,3.19,2.00464,2024,8,226,21.45,15,3.132004346891662,4.019192058797076
2024-08-14,24.6,18.1,0.2,19.45,88,3.28,3.37,2.45344,2024,8,227,21.35,15,3.289647616139673,4.203054981392102
2024-08-15,23.5,17.3,0.1,20.99,85,3.21,3.55,2.40108,2024,8,228,20.4,15,3.4824798442149754,4.421762711645101
2024-08-16,22.3,16.8,3.6,12.15,89,2.21,2.15,1.6530799999999999,2024,8,229,19.55,16,2.2383983854389293,2.5005410302737507
2024-08-17,24.8,17.8,0.5,18.07,87,2.35,3.21,1.7578,2024,8,230,21.3,16,3.1778802334515297,3.8996700827873276
2024-08-18,25.1,17.8,2.5,20.81,86,2.4,3.73,1.7952,2024,8,231,21.450000000000003,16,3.5767573284685596,4.508861819060224
2024-08-19,24.4,17.5,0.0,20.83,87,2.86,3.54,2.13928,2024,8,232,20.95,16,3.485308833898504,4.453574722348036
2024-08-20,25.1,18.1,1.8,16.06,89,2.34,2.91,1.7503199999999999,2024,8,233,21.6,16,2.897369305911242,3.493487369589802
2024-08-21,25.1,19.2,3.5,16.09,92,2.88,2.87,2.1542399999999997,2024,8,234,22.15,16,2.829630228516203,3.550736458378156
2024-08-22,26.3,18.7,0.1,20.97,89,2.25,3.83,1.683,2024,8,235,22.5,16,3.658498116895377,4.669757434649518
2024-08-23,24.2,19.3,5.5,19.75,94,2.28,3.45,1.7054399999999998,2024,8,236,21.75,16,3.2733378562453472,4.313136818970503
2024-08-24,22.8,19.1,4.7,17.3,90,2.77,2.91,2.07196,2024,8,237,20.950000000000003,16,2.9570283323658453,3.6988402638800304
2024-08-25,23.2,19.0,13.2,16.02,95,3.4,2.6,2.5432,2024,8,238,21.1,16,2.5886663747834984,3.438920235453292
2024-08-26,26.0,18.8,0.3,23.35,85,3.19,4.16,2.38612,2024,8,239,22.4,16,4.06339434725329,5.186355553002504
2024-08-27,25.4,17.3,0.3,22.62,83,2.4,3.97,1.7952,2024,8,240,21.35,16,3.9212204156901254,4.888077309978887
2024-08-28,25.9,18.9,0.1,22.08,80,2.65,4.12,1.9822,2024,8,241,22.4,16,4.061299000964395,4.904271118213931
2024-08-29,24.8,19.1,0.0,21.03,84,2.41,3.76,1.80268,2024,8,242,21.950000000000003,16,3.748516814459024,4.6167784364295485
2024-08-30,25.3,17.4,0.0,22.33,82,2.11,4.02,1.57828,2024,8,243,21.35,16,3.9158012523304633,4.825409652158644
2024-08-31,24.2,18.9,5.6,15.25,90,1.8,2.68,1.3464,2024,8,244,21.549999999999997,16,2.7976840148409545,3.312922309270578
2024-09-01,23.2,19.8,8.7,14.27,96,1.93,2.46,1.44364,2024,9,245,21.5,17,2.507763331259741,3.095939399974301
2024-09-02,26.0,19.2,0.4,23.03,88,2.8,4.11,2.0944,2024,9,246,22.6,17,3.9855469626510858,5.141710812286689
2024-09-03,25.0,19.6,6.0,16.7,92,2.25,2.95,1.683,2024,9,247,22.3,17,2.996641079050768,3.6997186327981
2024-09-04,25.2,19.5,3.9,20.1,92,1.74,3.58,1.30152,2024,9,248,22.35,17,3.530164429572718,4.4587200771595015
2024-09-05,25.3,19.5,0.5,22.18,88,2.43,3.97,1.8176400000000001,2024,9,249,22.4,17,3.872146429608317,4.926482491031929
2024-09-06,25.3,19.3,0.5,21.95,88,3.28,3.82,2.45344,2024,9,250,22.3,17,3.7903461158427785,4.862803831731635
2024-09-07,24.5,20.0,6.6,18.89,92,3.1,3.23,2.3188,2024,9,251,22.25,17,3.2397609819725846,4.1794735774372604
2024-09-08,25.7,20.5,7.9,20.03,91,2.3,3.62,1.7204,2024,9,252,23.1,17,3.58143105529241,4.529435819318973
2024-09-09,26.4,19.1,11.8,18.11,92,1.61,3.3,1.20428,2024,9,253,22.75,17,3.3091658372519333,4.0588584138424935
2024-09-10,25.9,20.4,4.4,18.53,92,1.86,3.4,1.39128,2024,9,254,23.15,17,3.3836201790488687,4.195559949756978
2024-09-11,25.8,18.9,0.7,22.69,86,2.64,4.07,1.97472,2024,9,255,22.35,17,4.010730290036065,5.033251669191498
2024-09-12,24.9,19.3,0.0,22.93,82,2.9,4.05,2.1692,2024,9,256,22.1,17,4.12865170721049,5.053611073927094
2024-09-13,24.5,18.8,0.9,22.67,81,2.59,4.02,1.93732,2024,9,257,21.65,17,4.069191993624293,4.937836279218805
2024-09-14,24.8,19.0,0.7,23.01,78,2.69,4.21,2.01212,2024,9,258,21.9,17,4.238560962126312,5.044858705195774
2024-09-15,25.0,18.8,0.2,22.86,80,2.53,4.17,1.89244,2024,9,259,21.9,17,4.160081320340752,5.0119717514461275
2024-09-16,24.6,18.3,1.9,21.91,84,2.09,3.88,1.5633199999999998,2024,9,260,21.450000000000003,18,3.8784200554747246,4.747196658126358
2024-09-17,25.2,17.2,0.0,24.49,77,2.09,4.43,1.5633199999999998,2024,9,261,21.2,18,4.359723665463107,5.271143807824062
2024-09-18,25.2,18.4,0.6,24.25,82,1.51,4.34,1.12948,2024,9,262,21.799999999999997,18,4.288709881754033,5.302825310620212
2024-09-19,26.0,17.0,4.2,23.65,86,1.27,4.3,0.94996,2024,9,263,21.5,18,4.145808086021295,5.1309717455775905
2024-09-20,26.4,18.4,2.4,23.24,86,0.88,4.36,0.65824,2024,9,264,22.4,18,4.2016456112209575,5.161923042902706
2024-09-21,26.8,18.8,3.9,22.1,81,1.18,4.15,0.88264,2024,9,265,22.8,18,4.111582361178487,4.959451537669823
2024-09-22,28.5,20.0,1.7,23.5,80,1.23,4.56,0.92004,2024,9,266,24.25,18,4.504464008148976,5.469543948639771
2024-09-23,26.9,19.9,11.9,19.68,87,0.88,3.74,0.65824,2024,9,267,23.4,18,3.7468767104857106,4.4842176563513725
2024-09-24,26.1,19.8,11.0,19.35,91,1.02,3.57,0.76296,2024,9,268,22.950000000000003,18,3.612793174035834,4.3589930764182885
2024-09-25,26.7,20.1,2.5,21.64,88,1.41,4.02,1.0546799999999998,2024,9,269,23.4,18,4.025089419423908,4.930816569280676
2024-09-26,26.6,20.2,6.3,19.35,89,1.47,3.67,1.0995599999999999,2024,9,270,23.4,18,3.6553509972064187,4.409024982235725
2024-09-27,26.4,19.6,3.5,20.56,88,1.62,3.86,1.2117600000000002,2024,9,271,23.0,18,3.813802256432942,4.637475432512653
2024-09-28,26.9,20.1,3.9,23.09,87,2.25,4.27,1.683,2024,9,272,23.5,18,4.23897762536704,5.274482656756641
2024-09-29,26.1,20.6,2.3,22.82,88,2.97,4.08,2.22156,2024,9,273,23.35,18,4.108899018596482,5.193128864006728
2024-09-30,26.4,20.9,8.6,19.63,91,2.71,3.47,2.0270799999999998,2024,9,274,23.65,18,3.6018323626993394,4.501041176358494
2024-10-01,25.8,20.1,5.7,18.71,93,1.59,3.36,1.1893200000000002,2024,10,275,22.950000000000003,19,3.4426514844860363,4.2148196620044525
2024-10-02,26.9,19.3,3.1,21.8,85,1.44,4.08,1.0771199999999999,2024,10,276,23.1,19,4.0791217259717065,4.929690507296735
2024-10-03,26.4,19.5,3.4,21.55,86,1.98,3.96,1.48104,2024,10,277,22.95,19,3.994546637087522,4.854589188465845
2024-10-04,26.5,20.3,1.2,23.73,86,2.66,4.31,1.9896800000000001,2024,10,278,23.4,19,4.337296898039286,5.40703683867978
2024-10-05,26.0,19.8,2.0,22.22,86,2.34,4.04,1.7503199999999999,2024,10,279,22.9,19,4.074855115814161,4.999140114564123
2024-10-06,26.5,20.7,0.8,24.15,87,2.81,4.4,2.10188,2024,10,280,23.6,19,4.385374539731287,5.530506047174347
2024-10-07,25.9,20.5,2.4,22.61,88,2.96,4.04,2.21408,2024,10,281,23.2,19,4.075248561283426,5.125848638569517
2024-10-08,26.0,20.4,0.0,23.46,84,3.03,4.32,2.26644,2024,10,282,23.2,19,4.333085849243038,5.318549715207468
2024-10-09,26.5,20.0,3.0,22.52,87,2.16,4.15,1.61568,2024,10,283,23.25,19,4.147934687308121,5.1119154218933005
2024-10-10,27.5,20.3,4.1,23.58,86,2.2,4.46,1.6456000000000002,2024,10,284,23.9,19,4.411351112468344,5.440662590207004
2024-10-11,26.4,20.3,8.9,22.02,88,2.48,4.02,1.85504,2024,10,285,23.35,19,4.044051849015995,5.011073513822444
2024-10-12,28.4,21.1,4.9,23.88,84,2.27,4.64,1.69796,2024,10,286,24.75,19,4.61458781862026,5.62676488207772
2024-10-13,28.3,21.0,0.0,26.07,78,2.75,5.05,2.057,2024,10,287,24.65,19,5.107680220982781,6.127764671561194
2024-10-14,27.7,20.5,0.4,24.32,80,2.56,4.64,1.9148800000000001,2024,10,288,24.1,19,4.711897765775525,5.639395673779938
2024-10-15,26.2,20.5,0.2,24.76,83,1.9,4.56,1.4212,2024,10,289,23.35,19,4.587804407085613,5.634613088203619
2024-10-16,25.8,19.7,6.5,23.03,81,1.8,4.13,1.3464,2024,10,290,22.75,20,4.303581478689062,5.161541097227643
2024-10-17,26.4,17.4,0.0,25.64,82,1.82,4.72,1.3613600000000001,2024,10,291,21.9,20,4.578952399746393,5.621476627606243
2024-10-18,25.9,18.8,2.4,21.64,87,2.21,3.98,1.6530799999999999,2024,10,292,22.35,20,3.9308709953724916,4.8003334562055535
2024-10-19,26.7,19.9,6.1,18.96,89,1.83,3.57,1.36884,2024,10,293,23.299999999999997,20,3.60167503970095,4.309263200253997
2024-10-20,26.5,20.6,4.3,21.45,89,2.41,3.95,1.80268,2024,10,294,23.55,20,3.9659812864776605,4.906021531806418
2024-10-21,25.6,20.0,3.6,22.45,90,2.13,4.03,1.59324,2024,10,295,22.8,20,4.023850666827275,5.037994887813914
2024-10-22,26.1,19.0,3.5,24.04,89,1.76,4.35,1.31648,2024,10,296,22.55,20,4.294476544060389,5.360306175485232
2024-10-23,24.8,19.7,5.0,21.72,91,1.66,3.91,1.24168,2024,10,297,22.25,20,3.8804476507613894,4.805620227736225
2024-10-24,26.8,18.7,4.3,21.23,91,1.48,3.96,1.10704,2024,10,298,22.75,20,3.8919029098482496,4.758120603306247
2024-10-25,25.7,18.8,4.1,22.62,90,1.8,4.13,1.3464,2024,10,299,22.25,20,4.02752934868979,5.004748137725295
2024-10-26,25.7,19.2,0.9,23.71,88,1.45,4.34,1.0846,2024,10,300,22.45,20,4.276277521064437,5.273118555677975
2024-10-27,27.2,18.5,1.6,24.32,86,1.34,4.58,1.00232,2024,10,301,22.85,20,4.46363014146515,5.46462311516342
2024-10-28,27.6,19.5,3.8,24.25,88,1.32,4.63,0.98736,2024,10,302,23.55,20,4.5104756440498495,5.5464345988953685
2024-10-29,26.5,19.4,3.6,22.69,89,1.81,4.14,1.35388,2024,10,303,22.95,20,4.1384090733441,5.111398082890489
2024-10-30,26.8,20.7,12.0,20.63,89,2.28,3.86,1.7054399999999998,2024,10,304,23.75,20,3.8792214500578455,4.7422005980384165
2024-10-31,26.7,20.2,16.0,15.62,91,1.39,3.03,1.03972,2024,10,305,23.45,20,3.0802831930787202,3.563609527731172
2024-11-01,26.8,20.8,11.3,17.58,90,0.96,3.44,0.7180799999999999,2024,11,306,23.8,21,3.4558574114681067,4.046156004052128
2024-11-02,26.5,21.3,9.1,19.81,89,1.0,3.78,0.748,2024,11,307,23.9,21,3.833867401606592,4.570802625614959
2024-11-03,26.5,20.0,24.3,18.91,90,1.03,3.59,0.77044,2024,11,308,23.25,21,3.6223237471669427,4.292465392007208
2024-11-04,26.7,20.0,1.9,21.65,86,1.67,4.07,1.24916,2024,11,309,23.35,21,4.088829099325032,4.926872914362211
2024-11-05,26.6,20.1,2.7,24.67,83,2.34,4.58,1.7503199999999999,2024,11,310,23.35,21,4.589602272198592,5.614131861307888
2024-11-06,27.4,20.9,1.7,24.3,81,2.24,4.67,1.6755200000000001,2024,11,311,24.15,21,4.687029933430359,5.641751744322353
2024-11-07,26.9,19.9,5.0,22.63,83,1.19,4.33,0.8901199999999999,2024,11,312,23.4,21,4.293662515918539,5.1563945916276195
2024-11-08,26.1,20.5,17.2,18.53,88,1.11,3.47,0.83028,2024,11,313,23.3,21,3.5814654175236025,4.211532020079461
2024-11-09,26.7,20.5,19.5,18.06,89,1.41,3.39,1.0546799999999998,2024,11,314,23.6,21,3.5116535868091163,4.135856696147773
2024-11-10,26.7,20.8,23.0,17.71,89,0.87,3.35,0.65076,2024,11,315,23.75,21,3.486770732474657,4.07098267529134
2024-11-11,27.4,20.4,3.8,24.25,82,1.27,4.65,0.94996,2024,11,316,23.9,21,4.614375609084532,5.5952530878931235
2024-11-12,27.3,20.9,8.8,19.19,85,1.04,3.66,0.7779200000000001,2024,11,317,24.1,21,3.7943749026324505,4.449835648841982
2024-11-13,26.9,20.6,1.9,24.41,85,2.03,4.54,1.5184399999999998,2024,11,318,23.75,21,4.560553496486957,5.611105991183603
2024-11-14,27.4,20.7,4.2,22.94,85,2.53,4.25,1.89244,2024,11,319,24.049999999999997,21,4.3686683233181665,5.312795381475168
2024-11-15,28.3,19.7,2.8,21.57,85,1.01,4.21,0.75548,2024,11,320,24.0,21,4.1811580278408815,4.989303025038641
2024-11-16,28.0,21.2,9.5,20.66,87,0.9,3.94,0.6732,2024,11,321,24.6,22,4.069140453104675,4.850190121552657
2024-11-17,26.9,20.4,12.0,18.48,91,1.08,3.54,0.80784,2024,11,322,23.65,22,3.57503741955854,4.237353078915179
2024-11-18,28.4,21.1,12.8,17.34,90,0.85,3.34,0.6358,2024,11,323,24.75,22,3.5043762633882456,4.0857664595991485
2024-11-19,26.9,21.5,26.2,18.14,90,0.86,3.43,0.64328,2024,11,324,24.2,22,3.5862878020909514,4.21680061382023
2024-11-20,26.5,21.6,11.6,15.04,91,0.74,2.87,0.55352,2024,11,325,24.05,22,3.0527437852701627,3.4831927871572157
2024-11-21,27.5,20.3,19.3,18.94,91,1.05,3.58,0.7854,2024,11,326,23.9,22,3.6773557467645177,4.370065710709104
2024-11-22,26.9,20.7,7.1,21.03,88,1.22,3.96,0.9125599999999999,2024,11,327,23.799999999999997,22,4.024493276877204,4.840196858089662
2024-11-23,26.5,22.0,17.6,18.76,89,1.36,3.46,1.01728,2024,11,328,24.25,22,3.6772178598670684,4.366325296871579
2024-11-24,27.7,21.0,31.1,15.25,92,0.72,2.91,0.5385599999999999,2024,11,329,24.35,22,3.106186917995699,3.5581659461525583
2024-11-25,26.9,21.2,16.4,17.36,92,0.76,3.26,0.56848,2024,11,330,24.049999999999997,22,3.435867152943245,4.020493802197424
2024-11-26,26.4,20.9,24.0,18.95,92,0.89,3.48,0.66572,2024,11,331,23.65,22,3.654617384651746,4.345121257870273
2024-11-27,27.3,21.8,10.2,19.34,91,1.04,3.59,0.7779200000000001,2024,11,332,24.55,22,3.7970069049300594,4.534732881773547
2024-11-28,26.2,21.2,3.8,19.03,92,1.44,3.52,1.0771199999999999,2024,11,333,23.7,22,3.6184280172840526,4.368937108186758
2024-11-29,24.3,21.3,6.2,14.43,97,1.8,2.57,1.3464,2024,11,334,22.8,22,2.682968189490312,3.2382301216550013
2024-11-30,23.9,21.6,17.2,11.74,97,1.44,2.14,1.0771199999999999,2024,11,335,22.75,22,2.3008946423833443,2.631198110353996
2024-12-01,25.1,21.5,7.5,13.19,93,1.38,2.52,1.0322399999999998,2024,12,336,23.3,23,2.643884361328334,2.997847131400328
2024-12-02,26.3,21.4,4.8,15.9,87,1.14,3.02,0.8527199999999999,2024,12,337,23.85,23,3.2166228985823966,3.664066184337613
2024-12-03,27.1,21.0,3.8,17.58,90,1.57,3.41,1.17436,2024,12,338,24.05,23,3.4488499180670034,4.071444760520203
2024-12-04,26.5,20.9,29.2,15.3,94,1.36,2.89,1.01728,2024,12,339,23.7,23,2.9943596653902382,3.512597885194819
2024-12-05,26.6,21.4,13.9,16.63,95,1.14,3.11,0.8527199999999999,2024,12,340,24.0,23,3.240408685948938,3.846643917774344
2024-12-06,23.1,21.2,13.1,5.89,96,0.74,1.24,0.55352,2024,12,341,22.15,23,1.4144844829177643,1.2998034642540297
2024-12-07,26.0,20.5,27.3,18.78,92,1.38,3.38,1.0322399999999998,2024,12,342,23.25,23,3.5441504854512647,4.262956111152585
2024-12-08,26.8,21.4,25.8,21.18,91,2.76,3.73,2.0644799999999996,2024,12,343,24.1,23,3.9025479866012938,4.911282909977759
2024-12-09,23.3,21.2,35.8,11.4,99,3.43,1.85,2.56564,2024,12,344,22.25,23,1.9623460246861555,2.5222868598615547
2024-12-10,25.9,21.1,15.9,19.0,94,3.41,3.34,2.5506800000000003,2024,12,345,23.5,23,3.346192002268092,4.340197941895893
2024-12-11,27.6,21.0,10.3,15.78,90,2.48,3.04,1.85504,2024,12,346,24.3,23,3.1610693410091475,3.6772834705351842
2024-12-12,25.3,21.1,13.6,11.27,93,1.76,2.23,1.31648,2024,12,347,23.200000000000003,23,2.322867250030609,2.554989569070254
2024-12-13,26.1,20.3,1.9,11.96,88,2.13,2.44,1.59324,2024,12,348,23.200000000000003,23,2.5688445968722267,2.711417501870474
2024-12-14,27.8,21.0,21.7,13.5,92,0.94,2.67,0.70312,2024,12,349,24.4,23,2.8019861891775473,3.153739063358988
2024-12-15,26.3,21.0,8.6,18.13,91,1.7,3.31,1.2716,2024,12,350,23.65,23,3.4703866730962663,4.157100179693301
2024-12-16,24.0,21.1,25.1,9.42,97,1.26,1.86,0.94248,2024,12,351,22.55,24,1.9429657340608644,2.1004194747533647
2024-12-17,27.2,21.1,12.7,18.35,91,1.76,3.44,1.31648,2024,12,352,24.15,24,3.549103929876372,4.260335164951242
2024-12-18,23.6,21.2,8.5,9.22,97,2.97,1.61,2.22156,2024,12,353,22.4,24,1.7889700755358584,2.0478885738194044
2024-12-19,26.7,21.1,1.9,23.91,87,3.6,4.35,2.6928,2024,12,354,23.9,24,4.372576905923636,5.51680417861957
2024-12-20,26.5,21.6,11.0,19.43,92,3.18,3.49,2.3786400000000003,2024,12,355,24.05,24,3.567068111554806,4.499896000961749
2024-12-21,25.3,21.1,8.9,17.99,94,2.56,3.15,1.9148800000000001,2024,12,356,23.200000000000003,24,3.2541478403381965,4.078461610255002
2024-12-22,22.8,21.1,24.8,5.93,97,2.04,1.12,1.52592,2024,12,357,21.950000000000003,24,1.3481389933374945,1.3018305339052412
2024-12-23,27.1,21.1,2.6,23.89,90,2.61,4.36,1.9522799999999998,2024,12,358,24.1,24,4.357028186885603,5.539685964087283
2024-12-24,27.0,21.2,3.2,21.98,89,2.44,4.09,1.8251199999999999,2024,12,359,24.1,24,4.111649058103037,5.096789346615257
2024-12-25,26.0,21.3,3.4,11.76,93,2.35,2.25,1.7578,2024,12,360,23.65,24,2.404485686585856,2.696497413855114
2024-12-26,24.6,21.3,7.0,15.34,92,3.3,2.71,2.4684,2024,12,361,22.950000000000003,24,2.873039751422397,3.4556565267316035
2024-12-27,26.7,21.1,6.3,17.83,92,3.74,3.19,2.79752,2024,12,362,23.9,24,3.287616772246605,4.1139530951395615
2024-12-28,23.5,21.3,20.8,10.54,97,3.4,1.77,2.5432,2024,12,363,22.4,24,1.9456043901908946,2.341078695016976
2024-12-29,24.7,21.1,8.9,10.87,94,3.55,1.93,2.6553999999999998,2024,12,364,22.9,24,2.150521045416597,2.445573944433484
2024-12-30,27.4,20.8,29.2,15.68,93,1.53,3.03,1.1444400000000001,2024,12,365,24.1,24,3.0947493389560154,3.6359261580949602
2024-12-31,26.0,21.0,27.8,12.76,94,0.56,2.49,0.41888000000000003,2024,12,366,23.5,24,2.6249821971721423,2.9147855651890318
