tanggal,tmaks,tmin,rh,u2,rs,hujan,tahun,bulan,doy,tmean,periode,eto_pm,eto_hg
2015-01-01,27.81,23.65,86.9,1.28,14.24,17.11,2015,1,1,25.729999999999997,1,3.1022080982339597,3.435821613231994
2015-01-02,26.96,23.61,86.64,1.7,14.46,8.6,2015,1,2,25.285,1,3.1334173352196806,3.451767044442142
2015-01-03,26.95,23.21,88.43,1.84,15.23,8.34,2015,1,3,25.08,1,3.1847426622032042,3.617567285948572
2015-01-04,28.84,23.4,83.81,1.66,20.05,4.21,2015,1,4,26.119999999999997,1,4.185342429640555,4.8828198677069325
2015-01-05,28.53,23.68,82.3,1.6,22.08,5.72,2015,1,5,26.105,1,4.54183126436089,5.3752765403651175
2015-01-06,29.04,23.16,81.43,1.81,21.62,1.21,2015,1,6,26.1,1,4.512487809529014,5.262667040549261
2015-01-07,29.38,22.6,82.31,1.79,20.96,0.6,2015,1,7,25.990000000000002,1,4.375114467805445,5.088692410791021
2015-01-08,28.64,23.53,84.09,2.03,21.62,1.51,2015,1,8,26.085,1,4.434812675496666,5.260793360339981
2015-01-09,28.42,23.5,83.67,2.02,20.16,1.75,2015,1,9,25.96,1,4.206090634619597,4.890973985705979
2015-01-10,29.08,24.17,83.48,1.53,13.75,1.84,2015,1,10,26.625,1,3.2039068212766746,3.3887068207495403
2015-01-11,28.53,24.37,85.94,1.38,16.66,1.7,2015,1,11,26.450000000000003,1,3.5896266906766,4.08902157894148
2015-01-12,26.47,23.99,89.42,1.17,18.65,20.42,2015,1,12,25.229999999999997,1,3.733256395585994,4.446050836494742
2015-01-13,29.74,23.56,82.77,1.03,21.28,5.19,2015,1,13,26.65,1,4.43554581632938,5.247562765327951
2015-01-14,28.15,23.76,85.21,1.27,19.61,16.79,2015,1,14,25.955,1,4.046082675342447,4.75697332525843
2015-01-15,26.94,23.53,86.73,1.51,17.19,13.09,2015,1,15,25.235,1,3.55404883465958,4.098491160829458
2015-01-16,28.51,22.79,80.92,1.24,23.36,0.55,2015,1,16,25.65,2,4.706861245770985,5.6255026513757915
2015-01-17,29.29,23.13,82.91,0.98,22.18,8.42,2015,1,17,26.21,2,4.536083995470644,5.4130782307220375
2015-01-18,26.63,23.7,88.45,0.97,15.48,14.82,2015,1,18,25.165,2,3.2268726348141152,3.6845377919804423
2015-01-19,27.24,23.34,87.89,1.07,21.11,12.03,2015,1,19,25.29,2,4.181570901975793,5.039806845641392
2015-01-20,25.71,23.41,92.65,1.01,16.69,9.54,2015,1,20,24.560000000000002,2,3.3098717721385165,3.91433748140868
2015-01-21,28.07,22.97,87.3,1.01,21.06,2.94,2015,1,21,25.52,2,4.213397467251528,5.055819057413701
2015-01-22,26.56,23.81,91.77,1.22,20.39,5.82,2015,1,22,25.185,2,3.9714411649712433,4.855564271241254
2015-01-23,26.55,23.26,86.73,1.45,17.98,13.26,2015,1,23,24.905,2,3.6503540837131645,4.252630676385319
2015-01-24,28.28,23.11,87.46,1.45,24.04,7.73,2015,1,24,25.695,2,4.699843999084207,5.795503978677869
2015-01-25,28.04,24.1,88.92,1.26,19.9,10.71,2015,1,25,26.07,2,4.034069531272183,4.840541290157727
2015-01-26,27.21,24.15,90.21,1.12,21.64,7.46,2015,1,26,25.68,2,4.2722246885913595,5.2150439142998675
2015-01-27,27.58,23.69,88.94,1.38,18.82,7.44,2015,1,27,25.634999999999998,2,3.805580753208371,4.530560432094386
2015-01-28,27.86,23.9,88.56,1.38,15.71,7.2,2015,1,28,25.88,2,3.323149642724352,3.8041101779219844
2015-01-29,28.58,23.9,87.23,1.32,22.58,12.28,2015,1,29,26.24,2,4.535684893028901,5.514613856003083
2015-01-30,26.51,23.55,91.06,1.21,14.56,22.1,2015,1,30,25.03,2,3.0126897921524343,3.4542249736004544
2015-01-31,25.36,23.74,89.97,1.08,13.86,24.43,2015,1,31,24.549999999999997,2,2.890134398396273,3.249813740505758
2015-02-01,29.63,22.86,82.01,1.03,21.0,11.1,2015,2,32,26.244999999999997,3,4.362737016336389,5.1293442431809515
2015-02-02,28.87,23.46,82.31,1.24,23.53,3.41,2015,2,33,26.165,3,4.77568487423017,5.736430000434515
2015-02-03,29.0,22.81,81.61,1.03,25.82,0.3,2015,2,34,25.905,3,5.127683320697633,6.255932035463089
2015-02-04,29.79,22.96,77.7,0.91,26.13,0.21,2015,2,35,26.375,3,5.269921667240385,6.402003824602245
2015-02-05,30.07,23.49,75.47,0.61,23.98,0.15,2015,2,36,26.78,3,4.913511082395504,5.931404325353712
2015-02-06,27.71,23.61,82.45,0.92,24.77,0.42,2015,2,37,25.66,3,4.9003213574419835,5.966485610170162
2015-02-07,29.45,23.14,79.29,0.76,22.15,2.01,2015,2,38,26.295,3,4.556999200238002,5.416637761918224
2015-02-08,28.41,23.84,82.95,0.64,22.01,1.91,2015,2,39,26.125,3,4.475119118095244,5.360778769666921
2015-02-09,29.02,23.89,83.05,0.94,25.83,6.34,2015,2,40,26.455,3,5.179383626932027,6.340448211209317
2015-02-10,29.73,23.5,80.84,0.98,24.25,1.93,2015,2,41,26.615000000000002,3,4.959109167866011,5.975044103437695
2015-02-11,27.62,24.13,87.36,1.09,17.08,7.13,2015,2,42,25.875,3,3.5726471365324075,4.1353566867649425
2015-02-12,25.64,23.41,91.94,1.12,13.38,18.29,2015,2,43,24.525,3,2.7692279032906,3.135339142361939
2015-02-13,28.4,23.16,84.52,0.47,20.63,4.54,2015,2,44,25.78,3,4.190270851964479,4.983554109760356
2015-02-14,26.32,23.93,89.6,0.9,12.98,17.61,2015,2,45,25.125,3,2.786413053015641,3.0864953343777204
2015-02-15,30.04,22.99,77.88,0.78,22.74,3.19,2015,2,46,26.515,3,4.6954014837729074,5.589839758519616
2015-02-16,30.0,23.78,77.31,0.71,23.6,3.21,2015,2,47,26.89,4,4.869693861672439,5.852431884045494
2015-02-17,29.21,24.66,78.01,0.74,21.73,5.39,2015,2,48,26.935000000000002,4,4.546531989870853,5.39435947138362
2015-02-18,29.46,24.45,80.98,0.78,21.21,9.34,2015,2,49,26.955,4,4.445703808982705,5.267726999546649
2015-02-19,28.24,24.23,85.83,1.1,21.51,5.31,2015,2,50,26.235,4,4.377699203682321,5.252670920141824
2015-02-20,26.68,23.79,88.81,1.37,17.06,8.37,2015,2,51,25.235,4,3.4792115150911114,4.0674961724113174
2015-02-21,25.98,23.24,92.02,1.59,15.73,8.4,2015,2,52,24.61,4,3.1211323270450437,3.6937180083321235
2015-02-22,28.79,23.39,83.6,1.25,21.1,1.87,2015,2,53,26.09,4,4.337294713227089,5.1348713226608265
2015-02-23,26.92,24.67,90.74,1.02,11.31,22.73,2015,2,54,25.795,4,2.5183794159790307,2.733117123871789
2015-02-24,26.88,23.65,87.92,1.15,17.83,18.08,2015,2,55,25.265,4,3.6278740535002187,4.2541673963524165
2015-02-25,28.61,23.17,81.83,1.04,21.66,3.3,2015,2,56,25.89,4,4.420575378399906,5.246128498943245
2015-02-26,27.25,23.41,87.5,1.07,18.13,3.35,2015,2,57,25.33,4,3.691067106622328,4.332544603670935
2015-02-27,28.08,23.46,81.02,1.08,16.71,1.85,2015,2,58,25.77,4,3.6090920785600273,4.035641499054318
2015-02-28,28.69,23.56,82.78,0.78,21.63,9.37,2015,2,59,26.125,4,4.408197258864458,5.268225569645411
2015-03-01,26.1,23.76,90.44,1.22,19.82,10.97,2015,3,60,24.93,5,3.8651035200284283,4.6906840378591195
2015-03-02,27.04,23.77,85.58,1.04,23.98,17.34,2015,3,61,25.405,5,4.684826950320574,5.74090186820996
2015-03-03,28.32,23.41,80.54,0.84,20.12,14.26,2015,3,62,25.865000000000002,5,4.1483851514104035,4.870230102434436
2015-03-04,27.59,23.56,86.12,0.81,21.18,24.05,2015,3,63,25.575,5,4.238102380626359,5.091350548226689
2015-03-05,26.84,22.99,89.27,1.52,18.29,33.32,2015,3,64,24.915,5,3.622550705999957,4.327006259299317
2015-03-06,26.26,22.73,89.31,1.55,10.48,42.58,2015,3,65,24.495,5,2.364784533741571,2.4539702782212713
2015-03-07,26.08,22.62,87.82,1.08,10.39,13.28,2015,3,66,24.35,5,2.3534857937166174,2.424219290526235
2015-03-08,26.73,23.24,85.72,0.98,12.09,3.52,2015,3,67,24.985,5,2.6927527709678025,2.8651035144409214
2015-03-09,27.77,23.6,84.29,1.0,22.8,4.71,2015,3,68,25.685000000000002,5,4.530891730902875,5.495251540383051
2015-03-10,26.05,23.85,91.23,0.75,17.01,16.61,2015,3,69,24.950000000000003,5,3.4177249478413296,4.027618956972383
2015-03-11,26.35,24.0,91.2,0.91,14.21,21.98,2015,3,70,25.175,5,2.953407417618296,3.383072927991954
2015-03-12,25.93,23.96,90.99,0.59,16.58,7.58,2015,3,71,24.945,5,3.3547902047495195,3.9253258526737542
2015-03-13,26.06,24.05,90.96,0.62,16.12,4.35,2015,3,72,25.055,5,3.28159686966532,3.8266442642870557
2015-03-14,27.62,23.99,88.43,0.84,16.93,2.08,2015,3,73,25.805,5,3.4985885151657103,4.0921953723955795
2015-03-15,28.98,23.32,84.54,1.11,20.97,3.04,2015,3,74,26.15,5,4.273391683619092,5.110504447000822
2015-03-16,28.3,23.86,85.4,0.97,21.66,4.3,2015,3,75,26.08,6,4.359567372605774,5.2699008542972985
2015-03-17,28.04,23.54,81.8,0.53,21.37,4.48,2015,3,76,25.79,6,4.282161835714068,5.1635486124488335
2015-03-18,29.69,23.86,77.0,0.78,24.55,1.53,2015,3,77,26.775,6,4.978272921869636,6.071682545827873
2015-03-19,29.05,23.14,82.5,1.3,23.34,2.11,2015,3,78,26.095,6,4.688298357093723,5.680669350436271
2015-03-20,28.88,24.26,85.48,1.53,20.82,4.04,2015,3,79,26.57,6,4.270815289353665,5.124495980884391
2015-03-21,29.17,24.74,84.54,1.35,23.12,6.46,2015,3,80,26.955,6,4.710422097426146,5.742095626097054
2015-03-22,27.18,24.17,87.87,0.7,20.27,7.72,2015,3,81,25.675,6,4.0462657522974155,4.884301226747624
2015-03-23,29.52,23.73,79.3,0.8,24.2,1.11,2015,3,82,26.625,6,4.878195620832244,5.96412400451919
2015-03-24,30.42,23.81,78.68,0.75,23.65,0.59,2015,3,83,27.115000000000002,6,4.8427366591639,5.895628256500859
2015-03-25,29.55,24.07,81.66,0.95,22.83,0.27,2015,3,84,26.810000000000002,6,4.6600191025817,5.650916514396359
2015-03-26,29.94,24.69,76.01,0.62,24.54,2.43,2015,3,85,27.315,6,4.985166639010575,6.145910210770715
2015-03-27,30.54,24.55,77.77,0.84,22.34,2.02,2015,3,86,27.545,6,4.676077112922011,5.62469394973122
2015-03-28,29.44,24.72,80.11,0.79,23.99,0.23,2015,3,87,27.08,6,4.870889303081244,5.975525287923308
2015-03-29,30.3,23.6,79.18,0.9,22.45,0.26,2015,3,88,26.950000000000003,6,4.623886071783253,5.575044471845388
2015-03-30,29.22,24.39,82.71,1.03,22.68,0.27,2015,3,89,26.805,6,4.609866139792616,5.613132215981806
2015-03-31,28.49,24.63,86.46,1.21,21.76,0.49,2015,3,90,26.56,6,4.372939749227889,5.354602979417861
2015-04-01,28.61,24.63,86.35,1.25,23.6,1.04,2015,4,91,26.619999999999997,7,4.684397091713818,5.815570718539266
2015-04-02,29.28,24.69,85.97,1.34,22.41,1.7,2015,4,92,26.985,7,4.535781458697938,5.5696503939623705
2015-04-03,26.73,23.86,87.93,0.94,22.34,3.36,2015,4,93,25.295,7,4.301626964125827,5.334101746297097
2015-04-04,29.28,23.71,80.37,0.94,21.35,0.79,2015,4,94,26.495,7,4.356776160651061,5.24568753300217
2015-04-05,27.83,24.09,87.31,1.35,22.5,0.91,2015,4,95,25.96,7,4.3879439901613555,5.458676323332566
2015-04-06,26.96,23.68,89.8,1.03,13.93,5.35,2015,4,96,25.32,7,2.895269000010276,3.328062663392793
2015-04-07,26.43,23.4,87.99,0.79,13.41,7.25,2015,4,97,24.915,7,2.803665591952454,3.1725070496010854
2015-04-08,30.03,23.16,77.89,0.92,22.55,0.18,2015,4,98,26.595,7,4.576988092241632,5.553566798838472
2015-04-09,30.3,23.16,78.43,1.0,23.76,0.17,2015,4,99,26.73,7,4.796539193528821,5.870115351330972
2015-04-10,28.84,23.96,85.52,1.22,22.17,1.58,2015,4,100,26.4,7,4.407103183423807,5.43498454383972
2015-04-11,27.49,24.46,88.36,1.15,19.52,1.99,2015,4,101,25.975,7,3.872541473481561,4.737396255473999
2015-04-12,27.78,24.31,89.3,1.13,19.84,3.52,2015,4,102,26.045,7,3.916221817083326,4.823081186612817
2015-04-13,28.19,23.62,82.45,0.84,14.91,3.88,2015,4,103,25.905,7,3.1796004626046463,3.612546345807694
2015-04-14,28.48,23.89,82.83,0.82,18.42,5.53,2015,4,104,26.185000000000002,7,3.765656389553396,4.492780764939493
2015-04-15,29.11,23.6,85.37,1.11,22.28,4.8,2015,4,105,26.355,7,4.405304773307374,5.456155326854042
2015-04-16,29.56,24.38,82.59,1.18,21.68,0.71,2015,4,106,26.97,8,4.414984217818258,5.386338430062695
2015-04-17,28.15,24.06,85.04,0.91,18.99,0.47,2015,4,107,26.104999999999997,8,3.823646731813887,4.623029959308585
2015-04-18,29.08,24.41,81.81,0.74,15.92,0.76,2015,4,108,26.744999999999997,8,3.3858804424017293,3.9345563125414036
2015-04-19,28.8,23.84,82.6,0.76,18.04,0.85,2015,4,109,26.32,8,3.694243144253818,4.414170883130473
2015-04-20,28.82,23.81,85.68,0.77,18.5,3.22,2015,4,110,26.314999999999998,8,3.7425225896427863,4.526192689923484
2015-04-21,26.67,24.08,91.01,1.12,13.77,4.5,2015,4,111,25.375,8,2.81262835615827,3.2942060430191185
2015-04-22,27.74,24.19,87.0,0.95,15.81,2.96,2015,4,112,25.965,8,3.250833811763052,3.8360865045505643
2015-04-23,26.83,24.48,91.2,1.0,14.52,6.89,2015,4,113,25.655,8,2.9477127085119017,3.497092842727276
2015-04-24,26.36,24.22,86.85,0.68,14.72,7.88,2015,4,114,25.29,8,3.0009400838089664,3.5142565972449686
2015-04-25,27.23,23.83,82.82,0.77,10.21,17.14,2015,4,115,25.53,8,2.3518084415718215,2.4516772278331134
2015-04-26,26.7,23.69,86.18,0.84,7.33,6.48,2015,4,116,25.195,8,1.8375858259271993,1.7459493145061984
2015-04-27,26.85,23.08,87.96,1.05,14.45,7.1,2015,4,117,24.965,8,2.9315990600035096,3.4227130996524826
2015-04-28,26.55,23.71,90.38,0.78,11.5,7.28,2015,4,118,25.130000000000003,8,2.4244550530534075,2.734899892294455
2015-04-29,26.35,23.96,92.35,0.93,14.66,5.46,2015,4,119,25.155,8,2.9021845278061043,3.4885165122693107
2015-04-30,27.88,24.28,89.48,0.79,18.87,7.37,2015,4,120,26.08,8,3.7092954782445378,4.59109091046122
2015-05-01,28.76,24.63,85.22,0.58,17.88,3.87,2015,5,121,26.695,9,3.62167363429951,4.4137901594777365
2015-05-02,27.31,24.36,86.19,0.51,11.16,6.18,2015,5,122,25.835,9,2.4216091760262417,2.6994466588707975
2015-05-03,26.68,23.57,85.79,0.72,16.41,4.93,2015,5,123,25.125,9,3.241350801171199,3.9021100490861627
2015-05-04,28.25,23.49,85.24,0.96,20.3,4.92,2015,5,124,25.869999999999997,9,3.9456050335948425,4.914386927623323
2015-05-05,27.29,23.51,83.49,1.81,18.18,1.46,2015,5,125,25.4,9,3.6515518103081734,4.351835632074011
2015-05-06,27.24,22.22,81.53,1.68,22.2,0.01,2015,5,126,24.729999999999997,9,4.191595137946132,5.228353370218345
2015-05-07,27.92,22.61,79.3,1.59,22.89,0.01,2015,5,127,25.265,9,4.393814002497192,5.461463359647046
2015-05-08,27.65,22.17,83.91,1.56,20.86,0.1,2015,5,128,24.91,9,3.955126521148624,4.934409704580358
2015-05-09,28.26,22.73,82.6,1.82,21.4,0.13,2015,5,129,25.495,9,4.145202446919136,5.134354363516058
2015-05-10,28.15,23.38,81.01,1.8,20.69,0.09,2015,5,130,25.765,9,4.106951845511309,4.9962562110714375
2015-05-11,28.63,23.66,85.2,1.63,20.44,1.04,2015,5,131,26.145,9,3.9950743503371084,4.980749995547394
2015-05-12,28.74,24.22,86.3,1.85,20.81,1.0,2015,5,132,26.479999999999997,9,4.061777960474563,5.111204890521503
2015-05-13,28.66,24.44,85.24,1.86,20.48,0.36,2015,5,133,26.55,9,4.044849354538981,5.0384420417027105
2015-05-14,28.57,23.87,83.39,1.86,20.54,0.31,2015,5,134,26.22,9,4.064290979634055,5.0140195876980584
2015-05-15,27.25,23.01,82.25,2.01,20.81,0.24,2015,5,135,25.130000000000003,9,4.00865197677563,4.948979718143271
2015-05-16,27.41,22.6,80.48,1.81,21.33,0.03,2015,5,136,25.005000000000003,10,4.095433033031892,5.057270036755654
2015-05-17,27.18,21.72,78.28,1.55,21.88,0.03,2015,5,137,24.45,10,4.121193250482862,5.1176941927403465
2015-05-18,26.87,21.47,78.38,1.53,21.65,0.01,2015,5,138,24.17,10,4.04691657545929,5.028991563130951
2015-05-19,27.27,21.32,77.81,1.37,21.03,0.0,2015,5,139,24.295,10,3.9631074287449186,4.900108825703196
2015-05-20,27.21,20.78,82.02,1.4,21.15,0.02,2015,5,140,23.995,10,3.8743358461154798,4.89154530310908
2015-05-21,27.73,21.57,83.74,1.36,21.2,0.05,2015,5,141,24.65,10,3.918641829121577,4.983069084660427
2015-05-22,28.25,21.21,86.84,1.21,20.97,0.43,2015,5,142,24.73,10,3.8451408089768737,4.938674332138681
2015-05-23,27.63,22.92,86.2,1.31,18.49,0.76,2015,5,143,25.275,10,3.5324407447035573,4.412707402500435
2015-05-24,28.61,22.35,83.95,0.9,19.81,1.99,2015,5,144,25.48,10,3.765703268143747,4.7511617790970035
2015-05-25,27.85,22.86,87.81,1.2,19.05,7.91,2015,5,145,25.355,10,3.590962231483101,4.555145629280821
2015-05-26,28.2,23.06,87.02,1.27,18.58,4.1,2015,5,146,25.63,10,3.560079348217004,4.472248680374301
2015-05-27,28.12,23.11,86.01,1.34,19.86,0.43,2015,5,147,25.615000000000002,10,3.7661785478476713,4.778627999623332
2015-05-28,27.44,22.65,86.79,1.49,19.41,0.32,2015,5,148,25.045,10,3.620707698217067,4.606521293944178
2015-05-29,27.46,23.43,88.13,1.63,16.85,7.27,2015,5,149,25.445,10,3.2541876009959494,4.0378423440717
2015-05-30,26.99,23.82,89.96,1.79,15.07,8.38,2015,5,150,25.405,10,2.9358660519350313,3.607814476810847
2015-05-31,27.73,23.24,85.45,1.66,19.01,0.67,2015,5,151,25.485,10,3.636790618895989,4.559841078947675
2015-06-01,27.84,23.12,86.2,1.43,18.61,0.7,2015,6,152,25.48,11,3.5509844199281315,4.463357935840244
2015-06-02,27.54,23.39,87.86,1.41,17.29,5.0,2015,6,153,25.465,11,3.315603648308901,4.145277040985358
2015-06-03,27.89,23.74,88.51,1.62,18.17,2.39,2015,6,154,25.814999999999998,11,3.4658014894514966,4.392968304963817
2015-06-04,27.27,23.56,86.65,1.84,19.93,0.42,2015,6,155,25.415,11,3.7214771771424195,4.7724666826821185
2015-06-05,27.39,23.2,86.32,1.96,18.82,0.35,2015,6,156,25.295,11,3.563453559176342,4.49363450605691
2015-06-06,27.12,23.37,87.06,1.78,17.82,1.63,2015,6,157,25.245,11,3.387978123989027,4.249725554651466
2015-06-07,27.4,23.34,88.68,1.71,14.82,2.97,2015,6,158,25.369999999999997,11,2.923011792895553,3.544970686608895
2015-06-08,27.59,23.61,88.94,1.72,15.62,3.26,2015,6,159,25.6,11,3.0502444424974313,3.7570649363283
2015-06-09,25.95,23.18,88.88,1.46,17.66,0.84,2015,6,160,24.564999999999998,11,3.2430622542595517,4.14234211759066
2015-06-10,26.8,22.7,86.32,1.66,17.21,0.12,2015,6,161,24.75,11,3.2636709373632717,4.055134992485661
2015-06-11,26.68,22.05,84.61,1.59,19.22,0.06,2015,6,162,24.365000000000002,11,3.5394101750522413,4.486115933356726
2015-06-12,27.2,21.97,84.27,1.69,17.69,0.08,2015,6,163,24.585,11,3.370329029216779,4.151417199921132
2015-06-13,26.86,21.89,85.07,1.61,19.81,0.11,2015,6,164,24.375,11,3.610635999256759,4.624967911251409
2015-06-14,26.22,21.64,82.23,1.77,19.25,0.08,2015,6,165,23.93,11,3.56221786755524,4.444915519925267
2015-06-15,26.34,20.92,80.39,1.4,20.06,0.04,2015,6,166,23.630000000000003,11,3.6396362302612397,4.597330339611693
2015-06-16,26.56,21.65,85.57,1.57,17.9,0.21,2015,6,167,24.104999999999997,12,3.306176122672444,4.15122167396818
2015-06-17,27.12,22.54,85.33,1.5,19.51,0.14,2015,6,168,24.83,12,3.604200397475633,4.606071842651848
2015-06-18,26.78,22.45,84.71,1.63,18.62,0.12,2015,6,169,24.615000000000002,12,3.4759429068422527,4.372884091815313
2015-06-19,26.74,22.41,84.75,1.78,17.68,0.14,2015,6,170,24.575,12,3.351711408405279,4.148051876568719
2015-06-20,26.86,22.24,84.22,1.67,15.88,0.1,2015,6,171,24.549999999999997,12,3.11206619146056,3.7234518181263665
2015-06-21,26.48,21.69,84.71,1.59,18.69,0.45,2015,6,172,24.085,12,3.428667572589915,4.332280486248896
2015-06-22,25.94,21.61,82.3,1.92,19.25,0.23,2015,6,173,23.775,12,3.550937735086795,4.427749423422379
2015-06-23,25.82,21.2,81.26,1.86,19.13,0.24,2015,6,174,23.509999999999998,12,3.5314151216897076,4.370993897311823
2015-06-24,25.78,21.09,81.66,1.82,17.86,0.09,2015,6,175,23.435000000000002,12,3.3489477202030087,4.073112035128085
2015-06-25,27.06,21.44,83.47,1.51,17.57,0.04,2015,6,176,24.25,12,3.321353056499055,4.089356901174501
2015-06-26,27.03,22.33,85.29,1.73,17.42,0.1,2015,6,177,24.68,12,3.3113451618832235,4.097589704120456
2015-06-27,26.25,22.46,84.11,1.96,18.18,0.16,2015,6,178,24.355,12,3.4244113852356723,4.242323912216831
2015-06-28,26.13,21.62,81.53,1.8,19.92,0.06,2015,6,179,23.875,12,3.660959202815695,4.593317874422349
2015-06-29,25.81,21.01,84.56,1.71,18.62,1.62,2015,6,180,23.41,12,3.362033409683693,4.243760012907112
2015-06-30,25.78,21.17,82.62,1.79,17.74,0.32,2015,6,181,23.475,12,3.311838427270232,4.049824504953108
2015-07-01,25.81,21.07,79.68,1.61,19.96,0.02,2015,7,182,23.439999999999998,13,3.644384729700471,4.552607102133854
2015-07-02,25.88,20.61,80.82,1.59,20.57,0.05,2015,7,183,23.244999999999997,13,3.6778672410267435,4.668685168527854
2015-07-03,25.75,21.21,78.4,1.72,19.84,0.02,2015,7,184,23.48,13,3.680098578819538,4.529799071587715
2015-07-04,26.19,20.82,81.59,1.31,20.38,0.01,2015,7,185,23.505000000000003,13,3.644400223467578,4.656019234592791
2015-07-05,26.4,21.17,85.8,1.27,19.59,0.02,2015,7,186,23.785,13,3.499108233923949,4.507080725458037
2015-07-06,26.13,21.64,83.48,1.63,18.76,0.08,2015,7,187,23.884999999999998,13,3.458812423645167,4.326914863738398
2015-07-07,25.59,20.98,83.67,1.77,20.13,0.14,2015,7,188,23.285,13,3.578689201234798,4.573447581742194
2015-07-08,25.42,20.4,82.57,1.54,16.61,0.03,2015,7,189,22.91,13,3.10335592927349,3.7379348745710024
2015-07-09,25.44,20.27,78.07,1.3,15.87,0.03,2015,7,190,22.855,13,3.0660639859589063,3.5663918736520137
2015-07-10,25.9,19.96,79.83,1.28,15.78,0.0,2015,7,191,22.93,13,3.029278925383346,3.5529631660943726
2015-07-11,26.95,20.4,86.64,1.28,17.87,0.18,2015,7,192,23.674999999999997,13,3.255308474248948,4.1000530581244385
2015-07-12,27.54,22.25,85.68,1.17,19.65,0.17,2015,7,193,24.895,13,3.640632300259828,4.646486433448161
2015-07-13,27.59,21.66,87.03,1.31,19.49,0.1,2015,7,194,24.625,13,3.575656699108955,4.578325446474714
2015-07-14,27.18,22.21,83.98,1.74,18.95,0.26,2015,7,195,24.695,13,3.585544638262657,4.459119265136697
2015-07-15,26.76,21.75,83.82,1.81,17.94,0.14,2015,7,196,24.255000000000003,13,3.414239177393122,4.17598957677854
2015-07-16,26.76,21.19,82.88,1.55,20.69,0.04,2015,7,197,23.975,14,3.7642586293033915,4.7827758156320375
2015-07-17,26.77,21.0,84.26,1.61,19.04,0.03,2015,7,198,23.884999999999998,14,3.509100490323155,4.391495682600164
2015-07-18,26.63,21.72,83.57,1.84,19.0,0.01,2015,7,199,24.174999999999997,14,3.564270175130919,4.413980588410844
2015-07-19,26.53,21.38,84.14,1.74,17.79,0.03,2015,7,200,23.955,14,3.361383787739324,4.110353823137347
2015-07-20,26.46,20.78,85.34,1.44,17.06,0.03,2015,7,201,23.62,14,3.1885079170933888,3.9088123259898135
2015-07-21,26.95,21.05,84.72,1.21,19.82,0.03,2015,7,202,24.0,14,3.6141262571869293,4.584514879752707
2015-07-22,26.53,20.91,86.82,1.35,19.11,0.02,2015,7,203,23.72,14,3.4545216560587955,4.389501912597391
2015-07-23,26.62,21.6,86.12,1.5,19.45,0.01,2015,7,204,24.11,14,3.5583215029093185,4.511244771095056
2015-07-24,27.21,21.76,84.41,1.5,19.56,0.02,2015,7,205,24.485,14,3.655926277985808,4.5789934181938925
2015-07-25,26.45,21.08,84.2,1.5,20.82,0.02,2015,7,206,23.765,14,3.758285345056413,4.787672137379777
2015-07-26,26.11,21.2,85.27,1.77,18.49,0.02,2015,7,207,23.655,14,3.416345587877548,4.240177700929502
2015-07-27,26.85,21.75,84.43,1.7,21.16,0.03,2015,7,208,24.3,14,3.874105498525566,4.931008760236027
2015-07-28,26.71,21.55,85.32,1.44,20.38,0.04,2015,7,209,24.130000000000003,14,3.7246057924784606,4.729295721593843
2015-07-29,26.88,22.16,84.58,1.81,18.64,0.06,2015,7,210,24.52,14,3.5564290680952437,4.367379536574721
2015-07-30,27.27,21.82,82.52,1.79,20.83,0.02,2015,7,211,24.545,14,3.923278880895107,4.883499599957217
2015-07-31,26.64,21.56,82.97,1.63,20.84,0.08,2015,7,212,24.1,14,3.8536479835764506,4.832442674406822
2015-08-01,25.93,21.2,81.13,1.93,20.4,0.11,2015,8,213,23.564999999999998,15,3.804713817731836,4.667626128883161
2015-08-02,25.36,20.2,76.75,1.81,20.02,0.04,2015,8,214,22.78,15,3.779664502957758,4.490380664835816
2015-08-03,26.25,20.75,81.24,1.86,18.14,0.69,2015,8,215,23.5,15,3.5048485392714093,4.143746877157448
2015-08-04,25.63,20.92,80.79,1.79,20.51,0.36,2015,8,216,23.275,15,3.7954810668272208,4.658603207214705
2015-08-05,26.64,21.05,82.17,1.51,20.57,0.97,2015,8,217,23.845,15,3.82138650025374,4.739649887681737
2015-08-06,26.82,21.17,83.58,1.52,18.39,0.52,2015,8,218,23.995,15,3.509187243994748,4.253215986958676
2015-08-07,26.33,20.62,84.97,1.59,17.75,0.64,2015,8,219,23.475,15,3.344715622296952,4.0521073823516165
2015-08-08,26.56,20.84,82.92,1.46,19.15,0.36,2015,8,220,23.7,15,3.60349928965963,4.396486895521619
2015-08-09,26.75,21.13,84.74,1.57,16.42,0.53,2015,8,221,23.939999999999998,15,3.214296214356278,3.7924000342072324
2015-08-10,27.57,22.05,83.94,1.69,19.58,0.06,2015,8,222,24.810000000000002,15,3.779209246919424,4.620340910588472
2015-08-11,27.24,22.21,83.68,1.92,18.81,0.28,2015,8,223,24.725,15,3.6831555590648035,4.429427696520672
2015-08-12,26.69,21.94,83.03,1.96,20.34,0.53,2015,8,224,24.315,15,3.8746310530123136,4.741677328416879
2015-08-13,27.62,21.74,83.33,1.65,20.63,0.16,2015,8,225,24.68,15,3.942410245663416,4.852656463605338
2015-08-14,27.91,21.79,83.32,1.54,21.43,0.13,2015,8,226,24.85,15,4.078003300340299,5.061830732074954
2015-08-15,27.94,21.39,83.24,1.47,22.33,0.1,2015,8,227,24.665,15,4.193029676447348,5.250606035011687
2015-08-16,27.97,21.1,79.55,1.59,22.5,0.0,2015,8,228,24.535,16,4.293486250777551,5.273727420218786
2015-08-17,27.43,21.18,79.57,1.6,22.44,0.01,2015,8,229,24.305,16,4.257249359569365,5.229938901546857
2015-08-18,26.96,20.56,78.96,1.83,23.3,0.01,2015,8,230,23.759999999999998,16,4.350602379815749,5.357291480550519
2015-08-19,26.8,20.27,79.07,1.61,23.41,0.0,2015,8,231,23.535,16,4.319572600886782,5.352291626629727
2015-08-20,26.63,20.14,78.53,1.48,21.84,0.0,2015,8,232,23.384999999999998,16,4.08952128339704,4.97450477664314
2015-08-21,26.78,20.22,77.86,1.49,21.74,0.02,2015,8,233,23.5,16,4.109165314024798,4.966100171411406
2015-08-22,26.63,20.39,80.8,1.54,20.87,0.03,2015,8,234,23.509999999999998,16,3.9361125676629465,4.768564696126386
2015-08-23,27.24,20.6,80.17,1.46,22.06,0.02,2015,8,235,23.92,16,4.162511632939645,5.09248840479167
2015-08-24,27.25,21.15,81.93,1.62,22.67,0.02,2015,8,236,24.2,16,4.257295986559657,5.269838473831568
2015-08-25,27.86,21.49,83.07,1.53,21.1,0.01,2015,8,237,24.674999999999997,16,4.062531942274326,4.962603500686296
2015-08-26,27.79,21.61,82.44,1.6,22.67,0.02,2015,8,238,24.7,16,4.3155867472660585,5.335124604246326
2015-08-27,27.58,21.63,82.89,1.72,21.2,0.03,2015,8,239,24.604999999999997,16,4.088426073122091,4.977572493297518
2015-08-28,27.7,21.66,82.18,1.7,22.64,0.04,2015,8,240,24.68,16,4.327196169653969,5.325455275619237
2015-08-29,27.64,22.14,82.27,1.77,20.64,0.03,2015,8,241,24.89,16,4.064367752430474,4.879989325459063
2015-08-30,27.35,22.13,81.4,1.81,22.76,0.01,2015,8,242,24.740000000000002,16,4.380738732701518,5.361551374152982
2015-08-31,27.36,21.38,80.5,1.65,22.87,0.05,2015,8,243,24.369999999999997,16,4.371117553507367,5.338716343252366
2015-09-01,26.92,21.42,82.53,1.82,22.65,0.04,2015,9,244,24.17,17,4.274777116770277,5.26127754757118
2015-09-02,27.22,21.11,82.31,1.8,22.06,0.01,2015,9,245,24.165,17,4.2035472315859685,5.123593861588423
2015-09-03,27.1,21.13,82.05,1.86,21.75,0.04,2015,9,246,24.115000000000002,17,4.1667033312369,5.045334130403139
2015-09-04,27.24,20.46,79.06,1.66,24.17,0.01,2015,9,247,23.85,17,4.54694067090475,5.569841489021391
2015-09-05,27.9,21.34,80.96,1.44,23.34,0.07,2015,9,248,24.619999999999997,17,4.470763494499542,5.482042653863933
2015-09-06,27.52,21.37,79.53,1.46,23.96,0.03,2015,9,249,24.445,17,4.569878845256809,5.603512590600291
2015-09-07,27.74,21.35,80.64,1.34,23.21,0.07,2015,9,250,24.545,17,4.44789555009793,5.4414798710997125
2015-09-08,27.8,21.47,77.88,1.49,25.18,0.0,2015,9,251,24.634999999999998,17,4.816386186990951,5.916393562273097
2015-09-09,28.08,20.57,76.61,1.3,25.22,0.0,2015,9,252,24.325,17,4.7949844212790245,5.880759131847531
2015-09-10,28.4,21.12,79.26,1.66,24.12,0.03,2015,9,253,24.759999999999998,17,4.682079173652531,5.6847053221099815
2015-09-11,28.9,21.91,76.73,1.74,23.89,0.04,2015,9,254,25.405,17,4.803858597921537,5.719355530923101
2015-09-12,27.84,21.81,77.54,1.78,24.43,0.02,2015,9,255,24.825,17,4.786192304663971,5.766919483574913
2015-09-13,27.2,20.85,73.91,1.62,24.84,0.02,2015,9,256,24.025,17,4.806168474272152,5.7492524021647435
2015-09-14,27.33,21.03,71.93,1.69,25.29,0.0,2015,9,257,24.18,17,4.94947744250323,5.875968416268607
2015-09-15,27.78,20.86,74.35,1.48,24.4,0.02,2015,9,258,24.32,17,4.761495045038849,5.688850334293037
2015-09-16,28.83,21.55,77.35,1.56,24.46,0.03,2015,9,259,25.189999999999998,18,4.841848712204077,5.825477442118955
2015-09-17,29.24,21.87,77.1,1.35,25.24,0.0,2015,9,260,25.555,18,4.9894255236614855,6.064399299365933
2015-09-18,28.89,21.32,81.04,1.21,24.07,0.01,2015,9,261,25.105,18,4.681587318563932,5.720794111336366
2015-09-19,29.79,22.23,78.44,1.17,23.14,0.01,2015,9,262,26.009999999999998,18,4.682673217858067,5.620628678144752
2015-09-20,29.11,22.15,79.28,1.27,23.3,0.01,2015,9,263,25.63,18,4.6597463951705915,5.608363522751412
2015-09-21,30.03,22.24,75.24,1.14,24.89,0.01,2015,9,264,26.134999999999998,18,5.020659780002399,6.063672751603246
2015-09-22,29.31,21.54,78.43,1.21,24.93,0.0,2015,9,265,25.424999999999997,18,4.907823318171325,5.9712124561781375
2015-09-23,29.16,22.07,76.23,1.47,25.88,0.0,2015,9,266,25.615000000000002,18,5.144390432453585,6.227134573527282
2015-09-24,28.8,21.4,73.62,1.42,26.17,0.01,2015,9,267,25.1,18,5.16147523795809,6.219153261554596
2015-09-25,28.96,21.6,74.43,1.49,24.43,0.02,2015,9,268,25.28,18,4.927243444258117,5.8310151858678525
2015-09-26,28.34,22.07,75.55,1.76,23.47,0.04,2015,9,269,25.205,18,4.79097528740249,5.591726216314378
2015-09-27,29.73,21.63,74.7,1.46,23.9,0.0,2015,9,270,25.68,18,4.900424032535021,5.7596834358487445
2015-09-28,29.35,22.12,77.64,1.42,23.02,0.07,2015,9,271,25.735,18,4.7015199818459825,5.554921119041467
2015-09-29,29.72,22.12,76.49,1.4,23.98,0.0,2015,9,272,25.92,18,4.898345642092969,5.812195633503315
2015-09-30,29.29,22.1,78.16,1.58,23.43,0.0,2015,9,273,25.695,18,4.77500431150202,5.648446681381966
2015-10-01,29.47,22.29,77.16,1.5,24.06,0.0,2015,10,274,25.88,19,4.908744610938546,5.826027427167596
2015-10-02,30.56,22.48,76.13,1.37,24.75,0.02,2015,10,275,26.52,19,5.110467179140007,6.084644052303784
2015-10-03,29.89,22.46,74.95,1.6,24.59,0.04,2015,10,276,26.175,19,5.099695696753182,5.996270635166268
2015-10-04,30.08,22.12,74.65,1.35,25.03,0.01,2015,10,277,26.1,19,5.124073158064746,6.092717669979094
2015-10-05,29.72,22.14,76.03,1.26,24.71,0.0,2015,10,278,25.93,19,5.012000019127996,5.990557892465829
2015-10-06,29.75,22.13,76.79,1.3,23.97,0.01,2015,10,279,25.939999999999998,19,4.893377741173701,5.812540801915928
2015-10-07,30.17,21.91,75.52,1.21,24.98,0.0,2015,10,280,26.04,19,5.078265191755466,6.071887720595068
2015-10-08,29.71,22.21,74.16,1.29,25.92,0.01,2015,10,281,25.96,19,5.244382000853944,6.288395124479116
2015-10-09,29.9,21.95,75.06,1.1,23.66,0.0,2015,10,282,25.924999999999997,19,4.8399195937914286,5.735318329764104
2015-10-10,30.54,22.56,76.12,1.29,25.67,0.01,2015,10,283,26.549999999999997,19,5.263526471822747,6.315273789575613
2015-10-11,31.33,22.8,75.44,1.25,25.72,0.01,2015,10,284,27.064999999999998,19,5.351893797917336,6.404207473240624
2015-10-12,31.03,22.51,76.11,1.12,25.61,0.0,2015,10,285,26.770000000000003,19,5.263928820080983,6.333099956523725
2015-10-13,30.63,22.5,76.11,1.2,25.9,0.01,2015,10,286,26.564999999999998,19,5.294725245945226,6.37410443539797
2015-10-14,30.18,22.5,73.8,1.35,23.92,0.01,2015,10,287,26.34,19,5.010292849714912,5.855701369022724
2015-10-15,29.98,22.48,74.14,1.33,25.15,0.01,2015,10,288,26.23,19,5.179494998963745,6.140820164230515
2015-10-16,30.48,21.99,72.95,1.16,26.76,0.01,2015,10,289,26.235,20,5.427312242580241,6.534703571501405
2015-10-17,30.44,22.5,74.15,1.28,26.4,0.0,2015,10,290,26.47,20,5.406987092867748,6.482654725131532
2015-10-18,30.46,22.77,74.49,1.11,25.01,0.01,2015,10,291,26.615000000000002,20,5.1624164070906,6.162303217607289
2015-10-19,30.95,22.73,74.15,1.07,25.01,0.01,2015,10,292,26.84,20,5.1926207056532245,6.194854408631776
2015-10-20,30.29,22.93,73.99,1.22,25.75,0.01,2015,10,293,26.61,20,5.309761218316567,6.343889859855441
2015-10-21,30.42,22.98,74.57,1.43,25.01,0.02,2015,10,294,26.700000000000003,20,5.238520404484834,6.174598703959092
2015-10-22,30.76,22.39,75.25,1.25,23.53,0.04,2015,10,295,26.575000000000003,20,4.94678414393617,5.792197666004602
2015-10-23,30.97,22.46,72.74,1.22,25.36,0.0,2015,10,296,26.715,20,5.292673528430869,6.263208886880189
2015-10-24,31.52,21.83,73.34,1.2,26.26,0.01,2015,10,297,26.674999999999997,20,5.434733425883517,6.479407917634932
2015-10-25,31.86,22.32,72.69,1.13,25.2,0.01,2015,10,298,27.09,20,5.3072210781354485,6.278375632125705
2015-10-26,31.73,22.99,74.77,1.05,24.9,0.01,2015,10,299,27.36,20,5.241573489264295,6.24255936201443
2015-10-27,31.77,23.27,72.53,1.18,25.91,0.02,2015,10,300,27.52,20,5.485345441741093,6.51978449283553
2015-10-28,31.57,23.12,72.8,1.25,25.28,0.01,2015,10,301,27.345,20,5.372513691819815,6.3356312305623
2015-10-29,31.7,23.21,75.33,1.05,23.98,0.03,2015,10,302,27.455,20,5.091709398440414,6.025105386658074
2015-10-30,31.92,23.77,75.06,1.23,25.51,0.06,2015,10,303,27.845,20,5.439189429129471,6.467176942623069
2015-10-31,32.08,23.86,73.52,1.25,26.52,0.04,2015,10,304,27.97,20,5.652685368929608,6.742446218992219
2015-11-01,31.55,23.84,73.9,1.26,26.67,0.01,2015,11,305,27.695,21,5.631042917594127,6.738067856347351
2015-11-02,31.7,23.2,71.42,1.11,26.33,0.01,2015,11,306,27.45,21,5.542111199641558,6.614793079664543
2015-11-03,31.17,22.87,71.44,1.05,25.17,0.01,2015,11,307,27.020000000000003,21,5.276118749143414,6.260703226617572
2015-11-04,31.65,23.57,71.76,1.09,25.12,0.03,2015,11,308,27.61,21,5.34979307420706,6.334093743720001
2015-11-05,31.89,23.56,73.39,1.03,25.29,0.05,2015,11,309,27.725,21,5.363584794340047,6.393813353284462
2015-11-06,31.3,23.85,76.29,1.24,23.85,0.08,2015,11,310,27.575000000000003,21,5.104047761732465,6.009022323189028
2015-11-07,31.18,23.87,75.6,1.22,24.51,0.21,2015,11,311,27.525,21,5.213629979856202,6.168209693686475
2015-11-08,30.42,23.9,78.1,1.06,22.39,0.33,2015,11,312,27.16,21,4.743142238357776,5.587359897960941
2015-11-09,30.91,24.12,78.71,1.15,22.94,1.06,2015,11,313,27.515,21,4.886152497729269,5.7717730413398085
2015-11-10,30.44,24.1,80.36,1.41,21.13,6.5,2015,11,314,27.270000000000003,21,4.555149459341126,5.2863880191524055
2015-11-11,28.53,24.3,84.82,1.33,19.29,6.27,2015,11,315,26.415,21,4.044615256492949,4.730624118797514
2015-11-12,29.45,24.38,83.81,1.22,22.99,4.12,2015,11,316,26.915,21,4.740046838265844,5.704487179564895
2015-11-13,30.53,24.3,80.34,1.29,22.88,1.46,2015,11,317,27.415,21,4.852202943819743,5.743423271233374
2015-11-14,30.29,24.14,78.0,1.07,25.0,0.08,2015,11,318,27.215,21,5.191547989116363,6.246638577476599
2015-11-15,31.18,24.01,73.7,1.12,25.53,0.05,2015,11,319,27.595,21,5.395332368927706,6.435257768629612
2015-11-16,30.88,23.86,74.03,0.95,25.02,0.02,2015,11,320,27.369999999999997,22,5.236396894539044,6.274093032518931
2015-11-17,31.54,23.79,75.55,0.97,24.22,0.93,2015,11,321,27.665,22,5.135475560330261,6.114874587790379
2015-11-18,31.18,23.93,76.44,0.97,23.39,0.78,2015,11,322,27.555,22,4.967392226958264,5.890414720681114
2015-11-19,30.27,23.96,80.1,1.18,24.2,1.19,2015,11,323,27.115000000000002,22,5.031069902059225,6.032735890372972
2015-11-20,31.09,24.71,76.82,1.35,25.92,0.11,2015,11,324,27.9,22,5.497289920710201,6.57938262926287
2015-11-21,32.17,24.3,74.45,1.17,26.07,0.08,2015,11,325,28.235,22,5.582340566654345,6.668105422540706
2015-11-22,33.24,24.29,72.76,0.94,26.11,0.14,2015,11,326,28.765,22,5.630985641109262,6.7586544469376815
2015-11-23,32.87,24.34,74.11,0.89,25.55,0.37,2015,11,327,28.604999999999997,22,5.4854174805742195,6.5899614968765485
2015-11-24,32.78,25.02,73.39,1.05,24.65,0.48,2015,11,328,28.9,22,5.405679277057634,6.400055478472407
2015-11-25,32.59,24.61,72.07,0.98,24.19,0.8,2015,11,329,28.6,22,5.281152598514528,6.238482547148008
2015-11-26,32.92,24.32,71.87,0.9,23.62,1.0,2015,11,330,28.62,22,5.166614704631638,6.094224735450421
2015-11-27,31.35,25.06,76.23,1.14,23.66,0.88,2015,11,331,28.205,22,5.121687223561199,6.047565427308963
2015-11-28,30.91,25.24,78.8,1.05,22.72,0.74,2015,11,332,28.075,22,4.88989694149929,5.790167580921761
2015-11-29,29.99,25.35,82.72,1.05,23.1,0.61,2015,11,333,27.67,22,4.854875590470634,5.832775128967579
2015-11-30,31.14,25.34,77.28,1.08,23.8,0.31,2015,11,334,28.240000000000002,22,5.121804965819759,6.088182052802914
2015-12-01,32.99,25.15,72.38,1.09,25.06,0.13,2015,12,335,29.07,23,5.521120370298781,6.531255810799269
2015-12-02,31.51,25.22,75.93,1.18,24.2,0.84,2015,12,336,28.365000000000002,23,5.246606115411225,6.208055061633551
2015-12-03,30.21,25.18,78.9,1.09,21.99,1.64,2015,12,337,27.695,23,4.720324115141359,5.555684745447253
2015-12-04,30.38,24.99,77.88,1.21,20.6,0.81,2015,12,338,27.685,23,4.520816319761488,5.203313060183286
2015-12-05,30.51,24.86,76.62,0.86,22.51,3.13,2015,12,339,27.685000000000002,23,4.7943420553548615,5.685756164307076
2015-12-06,28.8,25.23,81.48,0.61,19.7,13.46,2015,12,340,27.015,23,4.15314137733596,4.899543278966764
2015-12-07,29.73,24.96,80.44,0.62,24.16,2.33,2015,12,341,27.345,23,4.984024901604752,6.054938707689286
2015-12-08,31.14,24.8,79.47,1.0,22.05,1.52,2015,12,342,27.97,23,4.748310564744656,5.605993179818192
2015-12-09,29.64,25.42,84.77,1.28,19.55,2.02,2015,12,343,27.53,23,4.198636012029128,4.920537719185641
2015-12-10,29.85,25.27,83.55,1.25,20.89,1.68,2015,12,344,27.560000000000002,23,4.456536143328723,5.261433003091281
2015-12-11,30.05,25.49,81.3,0.98,22.8,0.98,2015,12,345,27.77,23,4.823778718324451,5.770238436196899
2015-12-12,30.25,25.53,80.43,0.89,21.41,1.77,2015,12,346,27.89,23,4.591830452979967,5.433349140212063
2015-12-13,30.43,24.81,81.83,0.79,22.16,5.48,2015,12,347,27.619999999999997,23,4.676116760728939,5.58900365701721
2015-12-14,28.74,24.92,83.74,0.57,17.15,16.15,2015,12,348,26.83,23,3.6701689468102026,4.246978681121699
2015-12-15,28.22,24.47,85.13,1.06,14.44,12.38,2015,12,349,26.345,23,3.1970488647925284,3.535380876671281
2015-12-16,27.74,25.01,86.05,0.61,17.65,21.52,2015,12,350,26.375,24,3.7071707021604414,4.324353903720995
2015-12-17,29.42,24.35,84.29,1.14,19.31,3.33,2015,12,351,26.885,24,4.096782386965583,4.788020131054354
2015-12-18,29.01,23.89,83.31,1.43,14.29,13.07,2015,12,352,26.450000000000003,24,3.2687451184864704,3.507330033797944
2015-12-19,28.83,23.71,83.8,2.0,8.69,10.05,2015,12,353,26.27,24,2.429601206163446,2.123827077462152
2015-12-20,29.55,24.67,83.66,1.69,16.43,13.17,2015,12,354,27.11,24,3.6949863776989242,4.09530340500474
2015-12-21,26.96,24.65,88.92,1.14,18.8,25.1,2015,12,355,25.805,24,3.817752955265173,4.544198050858647
2015-12-22,29.63,24.64,82.94,0.64,22.69,3.76,2015,12,356,27.134999999999998,24,4.696549634843408,5.658940126469286
2015-12-23,29.06,24.63,83.88,0.6,24.06,5.33,2015,12,357,26.845,24,4.900213058992571,5.960240099942271
2015-12-24,28.52,24.75,85.45,0.66,20.59,6.9,2015,12,358,26.634999999999998,24,4.257025665994128,5.075625253871154
2015-12-25,28.14,24.87,85.27,1.42,13.41,6.54,2015,12,359,26.505000000000003,24,3.068714718887137,3.295607685933876
2015-12-26,29.33,24.26,83.91,1.25,20.63,7.18,2015,12,360,26.795,24,4.325842808112214,5.104578862108495
2015-12-27,29.52,24.24,84.73,1.38,20.49,7.51,2015,12,361,26.88,24,4.301895293196304,5.0800147833364315
2015-12-28,30.43,23.87,78.91,1.25,24.1,2.13,2015,12,362,27.15,24,5.046196685554038,6.012690254621556
2015-12-29,30.42,23.82,77.28,1.07,25.76,1.28,2015,12,363,27.12,24,5.318428532595232,6.422368599892525
2015-12-30,30.34,23.98,77.55,0.85,24.3,2.24,2015,12,364,27.16,24,5.038685252340796,6.063994887023264
2015-12-31,30.32,24.34,77.87,0.77,23.55,5.51,2015,12,365,27.33,24,4.912749918231157,5.900015769847978
2016-01-01,31.17,23.79,77.3,1.06,23.43,0.53,2016,1,1,27.48,1,4.975068435833565,5.890307958565508
2016-01-02,30.53,23.99,79.54,1.03,20.3,0.91,2016,1,2,27.259999999999998,1,4.375922489930823,5.077559832353444
2016-01-03,30.83,24.2,80.43,1.09,24.55,1.32,2016,1,3,27.515,1,5.132978715313725,6.176853886874119
2016-01-04,30.36,24.27,80.53,1.03,25.18,1.71,2016,1,4,27.314999999999998,1,5.205836529174084,6.306194747644932
2016-01-05,30.96,24.51,80.94,1.24,25.84,0.51,2016,1,5,27.735,1,5.389259420140878,6.534361830103882
2016-01-06,32.56,24.91,76.81,0.99,26.31,1.37,2016,1,6,28.735,1,5.635891688909684,6.805841770739221
2016-01-07,32.1,24.93,76.95,1.08,25.13,1.71,2016,1,7,28.515,1,5.4079869519810755,6.468504888363436
2016-01-08,32.51,24.81,75.03,0.93,24.92,0.22,2016,1,8,28.659999999999997,1,5.38106915662189,6.435426302340545
2016-01-09,32.02,24.83,74.48,0.8,23.12,4.29,2016,1,9,28.425,1,5.001245796331342,5.939051114770001
2016-01-10,32.03,25.01,74.68,0.74,24.2,2.67,2016,1,10,28.520000000000003,1,5.186246456838043,6.229823612399841
2016-01-11,32.48,25.36,71.41,0.89,25.93,0.71,2016,1,11,28.919999999999998,1,5.598816850950191,6.735403330262219
2016-01-12,32.05,24.48,75.04,1.13,25.65,1.93,2016,1,12,28.265,1,5.501183140504024,6.565143183535598
2016-01-13,31.65,25.18,75.32,1.33,24.79,0.41,2016,1,13,28.415,1,5.4026576576360466,6.366601067201499
2016-01-14,31.92,25.11,76.11,1.41,25.13,0.38,2016,1,14,28.515,1,5.480024625841596,6.468504888363436
2016-01-15,32.25,25.26,76.22,1.29,25.4,0.25,2016,1,15,28.755000000000003,1,5.536909486834634,6.573393794126893
2016-01-16,31.23,25.39,77.87,1.24,21.28,0.7,2016,1,16,28.310000000000002,2,4.721347133345815,5.452193009253713
2016-01-17,32.44,25.34,73.21,0.85,25.32,0.39,2016,1,17,28.89,2,5.46949873485575,6.572541678799815
2016-01-18,31.57,25.55,75.17,0.45,25.5,0.21,2016,1,18,28.560000000000002,2,5.350592938141401,6.570404120788146
2016-01-19,32.44,24.6,72.75,0.56,24.06,5.35,2016,1,19,28.52,2,5.12193829597378,6.193783310509923
2016-01-20,31.99,24.56,75.67,0.59,24.07,1.46,2016,1,20,28.275,2,5.102158156984978,6.162137022676572
2016-01-21,28.46,24.81,88.28,0.87,18.45,19.53,2016,1,21,26.634999999999998,2,3.861086534622539,4.548095480035103
2016-01-22,30.07,24.13,80.97,0.63,18.13,8.31,2016,1,22,27.1,2,3.9057890277311467,4.517991940543752
2016-01-23,27.36,24.84,90.07,0.7,16.07,13.78,2016,1,23,26.1,2,3.3797635748994383,3.9117048724156627
2016-01-24,27.06,24.14,89.43,1.08,19.7,26.66,2016,1,24,25.6,2,3.952235746168498,4.738423767328266
2016-01-25,27.66,23.78,86.77,1.52,11.93,8.04,2016,1,25,25.72,2,2.7484191287150463,2.8777769293752167
2016-01-26,25.84,23.11,89.21,1.83,10.24,28.13,2016,1,26,24.475,2,2.350721444852805,2.396592822316384
2016-01-27,27.26,23.19,85.93,1.93,11.61,10.49,2016,1,27,25.225,2,2.7334367739796437,2.7674212014846304
2016-01-28,30.03,23.27,78.04,1.36,18.32,1.03,2016,1,28,26.65,2,4.079674534826295,4.517638621278575
2016-01-29,29.85,24.9,83.52,1.15,18.21,4.75,2016,1,29,27.375,2,3.9765577721145187,4.566923576470589
2016-01-30,28.84,25.0,85.53,1.31,20.05,3.97,2016,1,30,26.92,2,4.214344675049009,4.975567842960321
2016-01-31,27.44,24.41,88.47,1.18,13.97,14.05,2016,1,31,25.925,2,3.0331516058671784,3.3864073147423728
2016-02-01,28.47,24.24,86.79,0.79,20.03,16.77,2016,2,32,26.354999999999997,3,4.131645844565075,4.905152208118779
2016-02-02,26.98,24.88,91.37,1.11,10.73,29.95,2016,2,33,25.93,3,2.4172778007077134,2.6013227918315804
2016-02-03,27.62,24.42,90.93,1.55,7.11,52.89,2016,2,34,26.020000000000003,3,1.841254898750346,1.7274059701749347
2016-02-04,27.59,24.68,87.36,0.84,16.51,12.45,2016,2,35,26.134999999999998,3,3.4917246279524274,4.02214693165808
2016-02-05,26.55,24.58,90.84,0.54,7.26,6.92,2016,2,36,25.564999999999998,3,1.7892312636518328,1.7447747737360348
2016-02-06,26.98,24.42,90.17,1.02,21.68,11.29,2016,2,37,25.700000000000003,3,4.2918459971090535,5.227186817782289
2016-02-07,29.31,24.75,82.72,0.78,17.18,10.51,2016,2,38,27.03,3,3.735306491132272,4.2742911871946765
2016-02-08,29.61,24.18,84.53,0.76,19.7,9.49,2016,2,39,26.895,3,4.149996780137808,4.885862674469213
2016-02-09,29.37,24.77,85.2,0.77,18.6,6.6,2016,2,40,27.07,3,3.9627827265392925,4.631885861716484
2016-02-10,29.21,24.97,85.0,0.49,14.1,18.95,2016,2,41,27.09,3,3.132413076555357,3.5129006513084304
2016-02-11,27.84,24.51,86.83,0.9,10.26,10.43,2016,2,42,26.175,3,2.4293499716221234,2.501900639154368
2016-02-12,27.97,24.45,86.14,1.37,8.78,18.89,2016,2,43,26.21,3,2.2584223837177846,2.1427784880856398
2016-02-13,26.43,24.36,90.95,2.01,12.51,36.09,2016,2,44,25.395,3,2.6926408086118063,2.9942190498299537
2016-02-14,28.15,24.38,87.54,1.15,20.36,5.71,2016,2,45,26.265,3,4.159813538645669,4.975374739208948
2016-02-15,30.48,23.92,79.66,0.66,24.03,1.61,2016,2,46,27.200000000000003,3,4.9683950869529365,6.002182057601545
2016-02-16,29.88,24.61,81.88,0.62,23.57,2.51,2016,2,47,27.244999999999997,4,4.875510832926422,5.893425011918291
2016-02-17,29.17,25.23,83.78,0.95,23.72,7.47,2016,2,48,27.200000000000003,4,4.894014754344507,5.92475066193544
2016-02-18,29.77,24.44,82.23,1.08,26.15,0.83,2016,2,49,27.105,4,5.3277041917305485,6.517331014063657
2016-02-19,31.26,23.88,77.64,0.85,24.79,1.25,2016,2,50,27.57,4,5.184989996497611,6.245137761798542
2016-02-20,31.03,24.55,80.24,0.74,23.25,3.4,2016,2,51,27.79,4,4.903510793868298,5.886819913463187
2016-02-21,28.51,25.02,82.55,0.51,22.14,6.54,2016,2,52,26.765,4,4.549306331599129,5.474362842577451
2016-02-22,29.91,25.11,81.88,0.63,22.62,9.45,2016,2,53,27.509999999999998,4,4.730500143229237,5.690604870242147
2016-02-23,29.45,24.56,84.37,0.83,21.62,11.04,2016,2,54,27.005,4,4.494628657111337,5.375810925583475
2016-02-24,30.17,24.89,81.37,0.41,22.5,6.82,2016,2,55,27.53,4,4.690450930482074,5.663022950469408
2016-02-25,28.25,25.31,86.06,0.57,23.94,4.72,2016,2,56,26.78,4,4.863616275523556,5.921510406545782
2016-02-26,28.3,24.42,85.85,0.61,16.9,15.46,2016,2,57,26.36,4,3.5774059462851597,4.139134100743199
2016-02-27,28.27,24.0,86.76,0.82,17.19,33.97,2016,2,58,26.134999999999998,4,3.6100127221516223,4.187807738049811
2016-02-28,28.16,24.6,88.47,1.04,19.81,21.5,2016,2,59,26.380000000000003,4,4.056571093765864,4.8541392009170545
2016-02-29,27.99,24.97,87.96,0.75,17.13,6.66,2016,2,60,26.479999999999997,4,3.608915462263797,4.207349340443698
2016-03-01,26.4,24.56,90.27,0.89,15.23,38.42,2016,3,61,25.479999999999997,5,3.1702810587097168,3.652710444000371
2016-03-02,28.13,24.11,86.7,1.16,9.78,7.21,2016,3,62,26.119999999999997,5,2.3730591365888323,2.3817445539238795
2016-03-03,28.33,23.76,84.54,0.84,17.95,6.68,2016,3,63,26.045,5,3.7553021843548557,4.363624359863914
2016-03-04,29.53,24.0,83.92,0.59,23.31,3.36,2016,3,64,26.765,5,4.7520181611369035,5.763658439949429
2016-03-05,29.51,25.04,83.18,0.79,20.3,1.63,2016,3,65,27.275,5,4.2846375520638,5.079323035062522
2016-03-06,29.81,24.85,80.69,0.57,20.96,6.4,2016,3,66,27.33,5,4.396889302602845,5.251139300892298
2016-03-07,30.45,24.79,81.76,0.59,25.14,4.83,2016,3,67,27.619999999999997,5,5.17829849766492,6.340593498980716
2016-03-08,30.08,25.75,81.39,0.6,24.11,7.84,2016,3,68,27.915,5,5.0215010452396225,6.1220393866034755
2016-03-09,31.27,26.13,77.56,0.54,24.43,1.08,2016,3,69,28.7,5,5.165572614396409,6.314560658806482
2016-03-10,30.21,25.7,80.61,0.76,20.97,2.31,2016,3,70,27.955,5,4.481829807866794,5.329590123865601
2016-03-11,30.88,25.98,78.31,0.63,20.79,1.85,2016,3,71,28.43,5,4.487813141606609,5.341125420758506
2016-03-12,29.83,25.61,83.02,0.63,18.79,5.01,2016,3,72,27.72,5,4.0327061743599435,4.749940010753911
2016-03-13,30.15,25.38,78.11,0.57,21.61,0.62,2016,3,73,27.765,5,4.548351005357422,5.468446227607451
2016-03-14,30.65,25.29,78.54,0.7,20.79,2.3,2016,3,74,27.97,5,4.449664839443438,5.28565071240001
2016-03-15,29.11,25.17,84.28,1.14,18.97,13.36,2016,3,75,27.14,5,4.034939164603225,4.731712344735288
2016-03-16,29.59,25.46,83.33,1.02,20.79,6.09,2016,3,76,27.525,6,4.3924701643439565,5.232030988647157
2016-03-17,27.79,25.1,86.44,0.98,17.78,3.19,2016,3,77,26.445,6,3.717823018766681,4.363399810742739
2016-03-18,29.3,24.65,83.84,0.9,22.65,2.45,2016,3,78,26.975,6,4.638001200586144,5.627987760300173
2016-03-19,30.87,24.92,80.39,0.91,25.05,1.57,2016,3,79,27.895000000000003,6,5.20075789816601,6.357820744874994
2016-03-20,31.21,24.82,81.29,1.03,24.82,0.55,2016,3,80,28.015,6,5.180272115017822,6.316714414952462
2016-03-21,31.35,25.03,79.13,0.99,24.78,0.33,2016,3,81,28.19,6,5.207859451737308,6.331684592518391
2016-03-22,31.44,24.58,76.69,0.91,25.34,0.14,2016,3,82,28.009999999999998,6,5.2866148275967735,6.448320235203057
2016-03-23,28.2,25.74,85.32,0.75,23.38,2.51,2016,3,83,26.97,6,4.730994522253269,5.808698915814843
2016-03-24,29.75,25.57,81.19,0.85,20.0,3.67,2016,3,84,27.66,6,4.256606753997098,5.048862786862363
2016-03-25,28.9,25.11,85.75,0.89,24.64,1.98,2016,3,85,27.005,6,4.947341625004907,6.126733635817615
2016-03-26,29.6,25.03,83.31,0.71,22.58,4.59,2016,3,86,27.315,6,4.637908114060184,5.655038816593429
2016-03-27,29.08,24.99,81.53,1.02,20.74,1.19,2016,3,87,27.034999999999997,6,4.326340270321411,5.160600160738989
2016-03-28,30.15,25.77,78.95,0.44,19.97,0.91,2016,3,88,27.96,6,4.2101709221258075,5.076015978776878
2016-03-29,28.9,25.3,82.83,0.9,18.64,1.07,2016,3,89,27.1,6,3.9411276507748894,4.645083826350554
2016-03-30,29.26,24.75,83.69,1.02,20.64,2.14,2016,3,90,27.005000000000003,6,4.272105242831115,5.132134019613458
2016-03-31,29.46,24.66,82.81,0.72,20.72,1.94,2016,3,91,27.060000000000002,6,4.274810545541181,5.158621911242696
2016-04-01,29.18,24.67,84.05,0.81,22.46,1.36,2016,4,92,26.925,7,4.552880958768568,5.574278462677024
2016-04-02,29.0,24.17,82.93,0.92,23.2,1.66,2016,4,93,26.585,7,4.648557964045269,5.71230576872176
2016-04-03,29.36,25.12,83.24,0.96,22.43,2.82,2016,4,94,27.240000000000002,7,4.590029870129008,5.607730900127128
2016-04-04,28.76,25.28,85.85,1.47,22.95,4.9,2016,4,95,27.020000000000003,7,4.616211178417227,5.708507709609585
2016-04-05,29.73,25.12,84.1,1.21,21.47,2.16,2016,4,96,27.425,7,4.446386804415083,5.390723368151736
2016-04-06,29.47,25.02,83.93,0.94,18.8,1.62,2016,4,97,27.244999999999997,7,3.95338602542341,4.700737811797365
2016-04-07,29.35,25.16,83.47,1.07,20.8,1.06,2016,4,98,27.255000000000003,7,4.305812355086304,5.2020206833735365
2016-04-08,29.23,24.69,85.2,0.87,21.58,5.01,2016,4,99,26.96,7,4.375237593898399,5.360244824892538
2016-04-09,28.2,25.09,87.03,1.05,18.57,11.25,2016,4,100,26.645,7,3.806765460561489,4.578750604485446
2016-04-10,30.24,24.76,82.94,1.24,22.3,1.89,2016,4,101,27.5,7,4.601931386423748,5.60880931673487
2016-04-11,29.91,24.67,83.98,1.18,20.43,1.5,2016,4,102,27.29,7,4.238886329551786,5.1136252641171565
2016-04-12,29.25,25.04,84.48,1.02,18.07,2.02,2016,4,103,27.145,7,3.799915003473567,4.507747193470558
2016-04-13,28.64,25.32,87.47,1.18,15.57,7.98,2016,4,104,26.98,7,3.318784816398562,3.869226233826622
2016-04-14,29.17,25.42,85.53,1.62,19.88,6.94,2016,4,105,27.295,7,4.122131197283215,4.976535966176719
2016-04-15,29.52,25.11,86.11,1.31,19.77,5.07,2016,4,106,27.314999999999998,7,4.08272505833011,4.951289521880075
2016-04-16,30.05,24.41,83.61,1.0,22.42,1.41,2016,4,107,27.23,8,4.543371288382291,5.603932650375051
2016-04-17,27.96,24.98,87.08,1.39,22.46,0.9,2016,4,108,26.47,8,4.394870161291639,5.515167618426297
2016-04-18,29.55,24.65,83.33,1.48,22.15,0.97,2016,4,109,27.1,8,4.501115397862499,5.519775040432659
2016-04-19,30.03,24.65,81.17,1.29,22.29,0.79,2016,4,110,27.34,8,4.575758191126993,5.585637000532334
2016-04-20,29.59,24.42,83.04,1.43,17.47,0.81,2016,4,111,27.005000000000003,8,3.7337797556690204,4.343913823771662
2016-04-21,29.58,24.54,82.41,1.57,19.17,0.71,2016,4,112,27.06,8,4.037319271948842,4.7727211408553325
2016-04-22,29.81,24.36,82.79,1.55,18.86,0.7,2016,4,113,27.085,8,3.9780598589120624,4.698270191942605
2016-04-23,28.22,24.89,84.82,1.68,22.37,0.47,2016,4,114,26.555,8,4.413661877022253,5.504062241929368
2016-04-24,29.72,24.23,82.55,1.39,21.8,0.26,2016,4,115,26.975,8,4.41695835451763,5.416782921613412
2016-04-25,30.02,24.5,82.2,1.51,22.48,0.31,2016,4,116,27.259999999999998,8,4.573624264334134,5.622834730606178
2016-04-26,30.21,24.85,82.64,1.43,21.7,0.94,2016,4,117,27.53,8,4.461706901911057,5.461671023341607
2016-04-27,29.6,24.49,81.5,1.47,20.75,0.84,2016,4,118,27.045,8,4.271871113415013,5.164289403965811
2016-04-28,29.39,24.45,81.33,1.42,22.49,0.27,2016,4,119,26.92,8,4.523035250204216,5.581073356018833
2016-04-29,30.07,24.23,81.7,1.24,20.93,0.41,2016,4,120,27.15,8,4.279392220471478,5.221809420299965
2016-04-30,29.37,24.59,84.75,1.38,19.47,1.28,2016,4,121,26.98,8,3.97391575368633,4.838396581413252
2016-05-01,29.29,24.7,86.59,1.27,19.38,6.14,2016,5,122,26.994999999999997,9,3.9173642762600656,4.817713513110891
2016-05-02,30.13,24.26,83.74,1.2,20.86,2.76,2016,5,123,27.195,9,4.226836407648158,5.2097797247489535
2016-05-03,30.14,24.67,84.46,1.19,20.81,0.7,2016,5,124,27.405,9,4.225789566242715,5.222598794991103
2016-05-04,29.94,24.75,83.54,1.26,20.84,0.57,2016,5,125,27.345,9,4.236461069979283,5.222885872029996
2016-05-05,28.52,24.8,86.93,0.99,18.81,0.46,2016,5,126,26.66,9,3.759401042991796,4.639558585833891
2016-05-06,28.89,24.87,85.28,0.64,18.0,0.56,2016,5,127,26.880000000000003,9,3.6410200028335593,4.462677701320438
2016-05-07,29.2,24.57,83.81,0.89,18.18,0.76,2016,5,128,26.884999999999998,9,3.702583493806744,4.507830449641023
2016-05-08,29.67,24.47,86.33,1.07,19.61,2.15,2016,5,129,27.07,9,3.93893159907701,4.88340224453012
2016-05-09,28.69,24.49,86.93,0.79,15.82,4.3,2016,5,130,26.59,9,3.2411586480879087,3.8956590438398595
2016-05-10,27.94,24.53,87.04,0.9,18.56,2.21,2016,5,131,26.235,9,3.653414556712851,4.532290668425488
2016-05-11,29.21,24.81,86.06,1.22,19.3,1.81,2016,5,132,27.009999999999998,9,3.8761980978417894,4.799501654799107
2016-05-12,28.91,25.08,85.5,1.38,18.63,1.84,2016,5,133,26.994999999999997,9,3.7791982457555937,4.631269491705671
2016-05-13,29.24,25.11,87.99,1.48,19.29,1.46,2016,5,134,27.174999999999997,9,3.8535746139444655,4.815439001832302
2016-05-14,28.91,25.21,89.02,1.46,18.59,5.82,2016,5,135,27.060000000000002,9,3.701401303864929,4.6283195622587705
2016-05-15,29.35,25.44,87.99,1.78,16.68,6.81,2016,5,136,27.395000000000003,9,3.4573712210989425,4.185143846896993
2016-05-16,29.12,25.05,85.74,2.02,19.39,3.73,2016,5,137,27.085,10,3.9202875071892196,4.830300054176411
2016-05-17,29.03,24.28,83.14,1.73,19.48,0.52,2016,5,138,26.655,10,3.9401546041333377,4.804253311588955
2016-05-18,29.39,24.72,84.9,1.68,20.16,1.94,2016,5,139,27.055,10,4.03885975259548,5.018616248723886
2016-05-19,29.31,24.79,84.42,1.5,20.63,1.89,2016,5,140,27.049999999999997,10,4.107523787626647,5.135020673535732
2016-05-20,29.81,24.29,84.74,1.46,19.2,0.9,2016,5,141,27.049999999999997,10,3.8776576456447645,4.779078862427825
2016-05-21,29.75,24.23,84.92,1.28,20.22,2.68,2016,5,142,26.990000000000002,10,4.013476967083943,5.025945703984549
2016-05-22,28.99,24.13,84.48,1.46,19.2,1.21,2016,5,143,26.56,10,3.8183034629941432,4.724649687721642
2016-05-23,29.06,24.02,83.73,1.41,20.2,1.22,2016,5,144,26.54,10,3.977418513846544,4.968389013656324
2016-05-24,29.03,23.16,84.31,1.24,20.88,0.87,2016,5,145,26.095,10,4.009811511860823,5.081935562858154
2016-05-25,29.31,23.84,83.87,1.31,20.1,0.35,2016,5,146,26.575,10,3.952411984379359,4.9478611596554405
2016-05-26,29.44,23.99,85.41,1.42,19.62,6.02,2016,5,147,26.715,10,3.8709439399251515,4.845589840717245
2016-05-27,28.11,24.65,89.42,1.47,16.63,20.02,2016,5,148,26.38,10,3.2782529644723764,4.074928566948541
2016-05-28,27.92,24.41,89.3,1.27,15.91,8.5,2016,5,149,26.165,10,3.1470342917497702,3.8787335872041275
2016-05-29,28.92,24.2,87.26,1.19,17.98,2.48,2016,5,150,26.560000000000002,10,3.545363895825203,4.424437572147663
2016-05-30,27.39,24.57,88.42,1.29,15.02,5.91,2016,5,151,25.98,10,3.006107455545759,3.6457048984964158
2016-05-31,26.61,24.29,91.19,1.2,16.21,13.26,2016,5,152,25.45,10,3.0869926003943005,3.884943929802538
2016-06-01,27.9,24.19,86.74,1.34,18.2,2.46,2016,6,153,26.045,11,3.52895531274996,4.424399072396837
2016-06-02,29.39,23.54,79.75,0.96,20.02,0.1,2016,6,154,26.465,11,3.9150208561968625,4.915434416675955
2016-06-03,29.26,23.5,82.35,0.95,19.57,0.06,2016,6,155,26.380000000000003,11,3.81022450071776,4.795330851183581
2016-06-04,28.58,23.7,84.44,1.19,19.09,0.34,2016,6,156,26.14,11,3.70269788338248,4.651235040843333
2016-06-05,27.75,24.67,82.19,0.6,17.99,0.29,2016,6,157,26.21,11,3.486299131803256,4.390499430599164
2016-06-06,29.45,24.26,83.08,0.98,18.7,1.44,2016,6,158,26.855,11,3.7135737828551996,4.633521277496116
2016-06-07,28.66,24.39,87.99,1.51,19.02,4.36,2016,6,159,26.525,11,3.6744591572385406,4.676506661181032
2016-06-08,28.13,24.19,82.74,1.81,20.05,0.33,2016,6,160,26.16,11,3.9200648448630457,4.887453930739686
2016-06-09,28.7,23.92,82.28,1.45,19.76,0.66,2016,6,161,26.310000000000002,11,3.872576421187211,4.833892044930595
2016-06-10,29.26,23.6,84.94,1.5,19.46,3.06,2016,6,162,26.43,11,3.797268047494841,4.774001969280343
2016-06-11,29.01,24.32,84.71,1.38,18.59,4.87,2016,6,163,26.665,11,3.681576183403089,4.585832351811209
2016-06-12,29.08,24.49,85.03,1.59,18.99,1.7,2016,6,164,26.784999999999997,11,3.762165338745817,4.697687255682451
2016-06-13,28.48,24.6,84.53,1.5,18.62,1.65,2016,6,165,26.54,11,3.6794231287921364,4.579772447241622
2016-06-14,26.19,24.29,90.53,1.5,13.9,13.62,2016,6,166,25.240000000000002,11,2.713600582358457,3.3144804259840654
2016-06-15,27.9,23.96,86.44,1.21,17.31,17.02,2016,6,167,25.93,11,3.363558618725454,4.196542173961291
2016-06-16,27.31,24.45,90.43,1.6,16.5,15.58,2016,6,168,25.88,12,3.154974637979722,3.9954053428206713
2016-06-17,27.84,24.81,87.68,1.44,17.04,4.44,2016,6,169,26.325,12,3.3431368549000107,4.169975385513008
2016-06-18,27.76,24.59,88.54,1.43,16.51,3.79,2016,6,170,26.175,12,3.2295526735879143,4.025962919340996
2016-06-19,27.54,24.47,88.26,1.49,15.94,1.81,2016,6,171,26.005,12,3.135107912909284,3.87131233504632
2016-06-20,27.44,23.82,84.72,1.7,18.51,0.77,2016,6,172,25.630000000000003,12,3.5693144288103973,4.455399519576337
2016-06-21,28.23,23.49,82.11,1.37,17.36,0.54,2016,6,173,25.86,12,3.4584103573770797,4.201645569186463
2016-06-22,28.37,23.51,82.76,1.31,17.21,0.6,2016,6,174,25.94,12,3.424804903617684,4.1732927493105185
2016-06-23,27.6,23.81,84.23,1.42,18.37,0.5,2016,6,175,25.705,12,3.5485996099730377,4.429654906059002
2016-06-24,28.1,23.6,83.74,1.75,18.66,0.49,2016,6,176,25.85,12,3.647967102072358,4.515207308047292
2016-06-25,28.1,22.93,82.29,1.45,17.22,1.72,2016,6,177,25.515,12,3.414384413817837,4.133463400306208
2016-06-26,27.71,23.63,85.72,1.92,13.25,12.25,2016,6,178,25.67,12,2.8207927011427785,3.1923650090345155
2016-06-27,27.97,23.96,86.43,1.65,15.93,18.04,2016,6,179,25.965,12,3.1874746708170822,3.8652029106572092
2016-06-28,26.97,23.87,88.68,1.35,13.03,38.27,2016,6,180,25.42,12,2.6421990041880257,3.1205586142499215
2016-06-29,27.4,23.4,84.93,1.08,11.82,13.53,2016,6,181,25.4,12,2.517812781651657,2.829411285539869
2016-06-30,28.54,23.51,83.66,1.09,17.12,10.38,2016,6,182,26.025,12,3.3836752857266332,4.159874274520432
2016-07-01,29.09,23.98,85.06,1.03,17.72,2.38,2016,7,183,26.535,13,3.5025851694189707,4.357896252257788
2016-07-02,29.24,23.87,84.56,1.18,19.27,0.69,2016,7,184,26.555,13,3.765455791883254,4.741317809654847
2016-07-03,29.41,23.97,84.34,1.25,18.74,0.65,2016,7,185,26.689999999999998,13,3.7095038215292964,4.625544576405275
2016-07-04,28.87,23.74,82.77,0.83,19.25,0.31,2016,7,186,26.305,13,3.721532817773056,4.708574339462225
2016-07-05,28.7,23.74,82.11,1.41,19.96,0.18,2016,7,187,26.22,13,3.8943384721156127,4.872435782397918
2016-07-06,28.47,23.79,81.82,1.55,20.38,0.09,2016,7,188,26.13,13,3.9664164947311593,4.964363031653067
2016-07-07,28.56,23.56,83.44,1.54,19.46,3.57,2016,7,189,26.06,13,3.793310949942213,4.732389981399495
2016-07-08,28.29,23.56,84.07,1.72,15.74,3.08,2016,7,190,25.924999999999997,13,3.2422234852548986,3.8154653639259086
2016-07-09,26.81,23.98,88.46,1.43,12.67,2.66,2016,7,191,25.395,13,2.6069102043638472,3.032514417373742
2016-07-10,27.96,23.45,87.41,1.4,18.15,2.65,2016,7,192,25.705,13,3.475424157066492,4.376605146705001
2016-07-11,28.63,23.67,86.82,1.25,17.88,5.64,2016,7,193,26.15,13,3.4911579935600385,4.357454435497124
2016-07-12,28.79,23.72,86.43,1.18,17.51,0.93,2016,7,194,26.255,13,3.450778899263923,4.277908042727104
2016-07-13,28.85,23.83,85.3,1.46,17.91,0.9,2016,7,195,26.34,13,3.560195866561396,4.384431919698871
2016-07-14,29.23,23.6,85.24,1.58,18.68,1.42,2016,7,196,26.415,13,3.698997284041408,4.581029473257521
2016-07-15,29.18,23.92,84.63,1.46,18.16,5.62,2016,7,197,26.55,13,3.64030634582579,4.467681029166075
2016-07-16,28.18,24.41,87.13,2.02,14.37,10.88,2016,7,198,26.295,14,3.0144501970849724,3.514089599944238
2016-07-17,28.21,24.05,87.31,1.95,15.53,7.26,2016,7,199,26.130000000000003,14,3.1632295842482594,3.7829518096944135
2016-07-18,28.01,23.6,85.91,1.71,13.08,4.28,2016,7,200,25.805,14,2.8078822879061076,3.161601622618676
2016-07-19,26.72,23.25,88.12,1.74,15.45,10.97,2016,7,201,24.985,14,3.019068157713815,3.6613605705634598
2016-07-20,27.14,23.54,88.32,1.25,15.68,10.97,2016,7,202,25.34,14,3.069653394199323,3.747970235520486
2016-07-21,27.02,23.71,87.97,0.82,13.43,5.46,2016,7,203,25.365000000000002,14,2.7171334266944336,3.212092748688095
2016-07-22,26.01,23.69,89.75,1.25,18.66,2.78,2016,7,204,24.85,14,3.446437840901619,4.4075483649332075
2016-07-23,28.01,23.04,84.06,1.77,20.31,0.43,2016,7,205,25.525,14,3.899324536362084,4.87635460538428
2016-07-24,27.41,22.35,82.35,1.62,20.05,0.19,2016,7,206,24.880000000000003,14,3.823289057840888,4.739337738047768
2016-07-25,26.97,22.95,83.66,1.88,19.6,0.42,2016,7,207,24.96,14,3.7535597395442863,4.642007788618222
2016-07-26,27.28,22.98,83.35,2.17,15.07,0.87,2016,7,208,25.130000000000003,14,3.18683987503429,3.58390794581543
2016-07-27,27.55,22.49,81.81,2.0,18.99,2.95,2016,7,209,25.02,14,3.7535561093984033,4.504106435360186
2016-07-28,27.64,22.74,81.67,2.0,20.61,2.14,2016,7,210,25.189999999999998,14,4.002767763111106,4.908548245383142
2016-07-29,27.46,22.82,81.45,2.09,20.07,0.29,2016,7,211,25.14,14,3.940166008996037,4.774152323934583
2016-07-30,27.24,22.42,82.13,2.07,19.88,0.45,2016,7,212,24.83,14,3.859400792994721,4.693424307120385
2016-07-31,27.14,22.41,82.68,1.93,20.72,0.94,2016,7,213,24.775,14,3.9440039279559787,4.885169888622746
2016-08-01,26.87,22.06,81.54,1.91,20.31,0.49,2016,8,214,24.465,15,3.8871837074844167,4.752228621122879
2016-08-02,27.23,22.07,81.91,1.77,20.18,0.58,2016,8,215,24.65,15,3.8741956823840957,4.743317647568273
2016-08-03,27.27,22.17,82.49,1.71,18.56,0.85,2016,8,216,24.72,15,3.63899142599741,4.370022271714922
2016-08-04,28.36,22.87,82.63,1.32,16.16,1.56,2016,8,217,25.615000000000002,15,3.3355145917113433,3.8883498728052897
2016-08-05,29.02,23.1,83.01,1.12,19.28,1.1,2016,8,218,26.060000000000002,15,3.830469968223557,4.688616589999089
2016-08-06,29.23,22.95,83.76,1.0,19.81,1.24,2016,8,219,26.09,15,3.902743142740395,4.8209384313701875
2016-08-07,28.42,23.22,85.19,1.18,18.89,0.84,2016,8,220,25.82,15,3.7204516065313653,4.567588410095322
2016-08-08,28.98,23.46,84.12,1.48,19.45,0.37,2016,8,221,26.22,15,3.892898509443731,4.74793967773745
2016-08-09,28.72,22.38,81.82,1.54,21.22,0.23,2016,8,222,25.549999999999997,15,4.146434295504879,5.09790398940575
2016-08-10,27.47,22.74,80.82,1.88,21.01,0.77,2016,8,223,25.104999999999997,15,4.113492598729598,4.993514095520441
2016-08-11,28.16,22.99,85.5,2.03,14.01,4.21,2016,8,224,25.575,15,3.028550321878157,3.3677913683029237
2016-08-12,28.12,23.37,85.73,2.24,16.89,5.21,2016,8,225,25.745,15,3.468503511202372,4.076675348988824
2016-08-13,27.72,23.1,84.93,2.07,19.78,8.66,2016,8,226,25.41,15,3.873455604845527,4.735976794030174
2016-08-14,27.44,22.73,82.92,2.11,19.83,15.96,2016,8,227,25.085,15,3.9163958539343957,4.7107726288446905
2016-08-15,28.09,22.96,83.52,1.7,20.74,13.26,2016,8,228,25.525,15,4.061528396290727,4.979595987969963
2016-08-16,28.51,23.08,83.36,1.71,22.06,0.78,2016,8,229,25.795,16,4.300795865863474,5.330907493599615
2016-08-17,28.87,23.27,82.36,1.76,21.17,0.74,2016,8,230,26.07,16,4.235019953941923,5.149460256916537
2016-08-18,26.98,22.6,80.05,2.23,21.07,0.83,2016,8,231,24.79,16,4.174822528618067,4.969511145823219
2016-08-19,26.56,21.94,73.02,2.23,21.88,0.08,2016,8,232,24.25,16,4.45856644698913,5.092494536010135
2016-08-20,27.15,21.01,75.89,1.72,22.47,0.05,2016,8,233,24.08,16,4.352746829330032,5.207825392885605
2016-08-21,26.72,21.16,76.65,1.58,21.63,0.02,2016,8,234,23.939999999999998,16,4.181537153448124,4.995713321553132
2016-08-22,27.09,20.54,78.8,1.49,23.08,0.33,2016,8,235,23.814999999999998,16,4.322227311223761,5.31400982205153
2016-08-23,26.84,21.4,80.33,1.7,22.17,1.76,2016,8,236,24.119999999999997,16,4.215571102052533,5.143399333257762
2016-08-24,26.81,21.41,81.71,1.91,20.68,1.21,2016,8,237,24.11,16,3.9906582838092466,4.796531715488214
2016-08-25,27.63,21.4,80.14,1.65,21.85,1.06,2016,8,238,24.515,16,4.231863648407773,5.11885795185448
2016-08-26,28.92,21.73,81.79,1.37,22.44,0.88,2016,8,239,25.325000000000003,16,4.3692731991569875,5.361862391856546
2016-08-27,29.79,22.3,83.88,1.15,21.63,0.56,2016,8,240,26.045,16,4.287986298492613,5.258228128348549
2016-08-28,29.92,23.08,84.5,1.11,22.4,0.9,2016,8,241,26.5,16,4.456069224593462,5.504319754873693
2016-08-29,29.64,23.43,84.22,0.96,22.21,3.96,2016,8,242,26.535,16,4.42689868849986,5.462126171706855
2016-08-30,29.72,23.49,82.8,1.03,23.32,2.2,2016,8,243,26.604999999999997,16,4.639537840893068,5.744549421851549
2016-08-31,29.54,23.76,83.14,1.41,22.78,0.46,2016,8,244,26.65,16,4.573199614213334,5.617456757244865
2016-09-01,28.97,23.74,83.18,1.52,21.98,0.41,2016,9,245,26.354999999999997,17,4.414773275138346,5.382688244356005
2016-09-02,29.34,23.07,80.32,1.37,23.57,0.29,2016,9,246,26.205,17,4.700893417199955,5.751629775924355
2016-09-03,29.38,23.18,80.13,1.33,23.57,0.12,2016,9,247,26.28,17,4.713263891721599,5.761846053427784
2016-09-04,29.64,23.34,81.1,1.5,23.86,0.52,2016,9,248,26.490000000000002,17,4.788420883999264,5.86170386364634
2016-09-05,30.16,23.09,80.58,1.16,23.81,0.84,2016,9,249,26.625,17,4.78730176156921,5.868007956512476
2016-09-06,29.68,23.71,82.44,1.56,23.56,0.15,2016,9,250,26.695,17,4.749063137051523,5.815933789557912
2016-09-07,28.98,23.48,81.83,1.88,23.87,0.51,2016,9,251,26.23,17,4.768095765156135,5.828285380524152
2016-09-08,28.87,23.64,80.7,2.22,23.11,0.44,2016,9,252,26.255000000000003,17,4.716492487172269,5.646056817100136
2016-09-09,28.88,23.35,79.7,1.85,24.59,0.06,2016,9,253,26.115000000000002,17,4.924672427130829,5.987745496374132
2016-09-10,28.87,22.99,78.25,1.65,25.57,0.05,2016,9,254,25.93,17,5.0694002920758825,6.199051611102843
2016-09-11,28.94,22.6,78.26,1.55,24.89,0.07,2016,9,255,25.770000000000003,17,4.94077048567675,6.011197900147336
2016-09-12,28.16,22.75,80.49,1.79,22.85,1.15,2016,9,256,25.455,17,4.560058313367533,5.476968287690581
2016-09-13,27.88,22.76,82.17,1.65,19.01,11.68,2016,9,257,25.32,17,3.911775847318013,4.541742371220173
2016-09-14,28.15,22.85,84.05,1.6,21.02,10.3,2016,9,258,25.5,17,4.190942882602437,5.043790129033923
2016-09-15,29.36,22.93,82.99,1.35,21.05,27.12,2016,9,259,26.145,17,4.288947270147,5.129392730248171
2016-09-16,29.21,23.5,85.28,1.49,22.87,22.8,2016,9,260,26.355,18,4.562941709964811,5.600640589100177
2016-09-17,29.6,24.26,84.6,1.56,21.6,2.12,2016,9,261,26.93,18,4.442808389255484,5.361462671983345
2016-09-18,30.42,24.15,81.74,1.48,23.14,0.89,2016,9,262,27.285,18,4.807131468119613,5.791267784044001
2016-09-19,30.24,23.67,83.12,1.37,21.37,7.25,2016,9,263,26.955,18,4.443623057217441,5.3074646855404
2016-09-20,30.39,23.73,82.47,1.37,22.64,6.4,2016,9,264,27.060000000000002,18,4.682219524738806,5.636640930045108
2016-09-21,29.25,24.11,84.7,1.32,23.87,1.05,2016,9,265,26.68,18,4.789270661732206,5.890388227730853
2016-09-22,28.66,24.28,85.47,1.0,20.51,3.55,2016,9,266,26.47,18,4.187306577296003,5.036335167138172
2016-09-23,28.38,23.6,87.16,1.25,21.78,7.61,2016,9,267,25.990000000000002,18,4.322872538102454,5.2877729344956315
2016-09-24,26.24,23.92,91.45,1.3,20.06,38.08,2016,9,268,25.08,18,3.855630885018597,4.764832551288795
2016-09-25,26.6,23.3,88.01,1.32,17.47,18.26,2016,9,269,24.950000000000003,18,3.5028160375547297,4.13653751783113
2016-09-26,29.87,23.44,83.03,0.9,22.6,20.84,2016,9,270,26.655,18,4.604102224210012,5.57372304116583
2016-09-27,30.7,23.66,81.93,1.15,24.62,5.76,2016,9,271,27.18,18,5.044354499789612,6.146700671878957
2016-09-28,30.37,23.64,82.64,1.23,23.18,1.21,2016,9,272,27.005000000000003,18,4.773323200127083,5.763704775903098
2016-09-29,28.68,24.04,85.87,1.19,22.96,3.88,2016,9,273,26.36,18,4.596707036595617,5.623344316749341
2016-09-30,28.83,24.07,84.9,0.81,21.69,6.23,2016,9,274,26.45,18,4.406359429119728,5.323582115680715
2016-10-01,29.82,24.06,82.73,0.94,22.46,12.61,2016,10,275,26.939999999999998,19,4.624802753348354,5.576228039326104
2016-10-02,29.58,24.04,84.88,0.96,20.09,4.46,2016,10,276,26.81,19,4.18145363300707,4.972707524057069
2016-10-03,27.29,23.92,88.43,1.01,21.47,4.82,2016,10,277,25.605,19,4.236113008914704,5.164779971027692
2016-10-04,28.42,23.53,85.75,1.12,21.21,4.03,2016,10,278,25.975,19,4.2740212508546485,5.147549927182556
2016-10-05,29.45,24.28,82.0,0.69,22.24,1.77,2016,10,279,26.865000000000002,19,4.5696112884562945,5.5119559657445
2016-10-06,28.85,24.19,85.84,1.23,23.22,3.95,2016,10,280,26.520000000000003,19,4.671926929918115,5.708502419979551
2016-10-07,29.57,24.52,83.84,1.38,17.8,3.61,2016,10,281,27.045,19,3.867014383146022,4.430089223642961
2016-10-08,26.93,24.53,88.64,1.27,12.85,9.31,2016,10,282,25.73,19,2.815234775515348,3.100442958569602
2016-10-09,28.02,24.55,88.01,1.48,19.19,8.69,2016,10,283,26.285,19,3.925549528848299,4.691679965183315
2016-10-10,28.79,24.33,86.2,1.36,24.57,12.64,2016,10,284,26.56,19,4.897464365187019,6.046075147256289
2016-10-11,29.89,23.67,81.5,1.25,22.56,1.36,2016,10,285,26.78,19,4.680894242934865,5.580170207672215
2016-10-12,30.2,23.61,81.05,1.03,24.72,1.0,2016,10,286,26.905,19,5.052420099031025,6.132320021422339
2016-10-13,30.15,24.13,80.88,1.28,26.0,1.22,2016,10,287,27.14,19,5.315093830366841,6.485214600058909
2016-10-14,30.99,23.02,79.2,0.84,25.28,0.51,2016,10,288,27.005,19,5.172040454138221,6.285869574410281
2016-10-15,30.88,23.7,79.4,1.21,24.33,0.61,2016,10,289,27.29,19,5.081669289308303,6.08979455095303
2016-10-16,30.34,24.29,79.45,1.57,26.9,0.39,2016,10,290,27.314999999999998,20,5.538366423430968,6.736959440494387
2016-10-17,30.21,23.77,78.05,1.43,26.92,0.02,2016,10,291,26.990000000000002,20,5.512076353637931,6.691318414998224
2016-10-18,30.73,23.01,78.57,1.29,26.41,0.12,2016,10,292,26.87,20,5.401494321684951,6.546211763642297
2016-10-19,30.89,24.05,79.85,1.25,24.43,1.47,2016,10,293,27.47,20,5.120871648024566,6.140293040990435
2016-10-20,28.8,24.02,86.27,1.25,24.42,3.28,2016,10,294,26.41,20,4.869452130320667,5.987984689930453
2016-10-21,29.48,24.5,83.78,1.34,21.07,1.23,2016,10,295,26.990000000000002,20,4.4220075348013665,5.23722433150121
2016-10-22,28.31,24.22,85.42,1.17,16.46,2.39,2016,10,296,26.265,20,3.5320793084223423,4.022331444370298
2016-10-23,28.14,23.59,83.94,0.59,17.15,6.24,2016,10,297,25.865000000000002,20,3.59211078321741,4.151314426279849
2016-10-24,28.4,23.81,82.22,0.54,19.13,5.19,2016,10,298,26.104999999999997,20,3.95812097468544,4.657112328676843
2016-10-25,28.69,23.38,85.59,1.06,19.73,5.55,2016,10,299,26.035,20,4.057693606595749,4.795200503130911
2016-10-26,26.82,24.04,90.04,1.23,20.18,4.03,2016,10,300,25.43,20,3.9832839360215577,4.8340787129447556
2016-10-27,30.25,23.39,80.75,1.46,24.83,1.32,2016,10,301,26.82,20,5.110591159236491,6.147396118460815
2016-10-28,29.78,24.09,78.2,1.31,22.89,1.04,2016,10,302,26.935000000000002,20,4.829512713188261,5.682323437642478
2016-10-29,28.13,23.9,83.64,1.26,20.68,1.15,2016,10,303,26.015,20,4.250826220199577,5.023700213019198
2016-10-30,28.26,24.08,85.62,1.4,22.32,1.05,2016,10,304,26.17,20,4.501425819485222,5.442086335637272
2016-10-31,29.69,24.21,80.7,1.29,22.64,0.25,2016,10,305,26.950000000000003,20,4.742882918983908,5.622227476284168
2016-11-01,30.8,24.17,79.65,1.12,23.34,0.34,2016,11,306,27.485,21,4.93107919292213,5.868357960675124
2016-11-02,29.09,24.16,82.47,1.0,22.13,0.54,2016,11,307,26.625,21,4.5670695210158145,5.453969595868169
2016-11-03,29.83,24.31,82.18,1.48,22.0,0.86,2016,11,308,27.07,21,4.638212349272129,5.478574675148529
2016-11-04,29.76,24.49,82.78,1.67,22.34,7.99,2016,11,309,27.125,21,4.6976882123822055,5.570356034164038
2016-11-05,29.27,24.75,85.62,1.47,23.27,6.69,2016,11,310,27.009999999999998,21,4.763253103725587,5.786756658402862
2016-11-06,28.51,24.76,86.0,0.89,23.08,3.62,2016,11,311,26.635,21,4.688192333857721,5.68943326174581
2016-11-07,30.78,24.12,80.85,0.48,24.04,0.63,2016,11,312,27.450000000000003,21,4.973425061936595,6.039484452530788
2016-11-08,31.28,24.58,80.67,0.9,22.47,3.3,2016,11,313,27.93,21,4.795520385065107,5.707562776923097
2016-11-09,29.13,24.47,83.33,0.82,21.2,5.24,2016,11,314,26.799999999999997,21,4.406128139450117,5.246229913905917
2016-11-10,29.28,24.18,81.5,1.11,23.35,4.09,2016,11,315,26.73,21,4.807555594355197,5.768821273298745
2016-11-11,29.23,23.81,82.42,1.33,15.93,4.17,2016,11,316,26.52,21,3.5556039425773798,3.9162981718464356
2016-11-12,29.99,23.93,80.71,1.22,22.64,13.4,2016,11,317,26.96,21,4.742491635103779,5.623537666152321
2016-11-13,29.53,24.37,83.8,1.39,20.71,15.69,2016,11,318,26.950000000000003,21,4.366640410726243,5.142947483827083
2016-11-14,29.27,24.88,81.61,0.91,22.88,0.92,2016,11,319,27.075,21,4.748368215833729,5.698379848943029
2016-11-15,27.28,24.38,90.76,1.3,19.55,22.85,2016,11,320,25.83,21,3.902480919493621,4.728304887118126
2016-11-16,28.42,24.5,85.79,1.4,20.01,1.27,2016,11,321,26.46,22,4.148885253485443,4.912400699409757
2016-11-17,27.82,24.5,87.19,1.46,22.98,4.68,2016,11,322,26.16,22,4.573110571829046,5.601680365506134
2016-11-18,27.92,24.88,87.7,1.33,23.57,1.7,2016,11,323,26.4,22,4.697370704748269,5.778195114943717
2016-11-19,29.1,24.83,84.12,1.37,22.97,0.94,2016,11,324,26.965,22,4.73667435420984,5.706170845227296
2016-11-20,29.18,24.82,84.49,1.19,25.05,2.9,2016,11,325,27.0,22,5.087448817872196,6.227955202273315
2016-11-21,29.88,24.6,83.21,1.11,23.83,5.81,2016,11,326,27.240000000000002,22,4.9297933090125685,5.957745312083346
2016-11-22,27.79,24.88,83.01,0.72,14.41,14.96,2016,11,327,26.335,22,3.180649085506728,3.5272029582158493
2016-11-23,29.03,24.19,82.54,1.07,16.65,11.66,2016,11,328,26.61,22,3.6435742454278066,4.101971501615265
2016-11-24,28.01,24.35,85.74,0.91,21.35,10.71,2016,11,329,26.18,22,4.341188971069022,5.206813608649788
2016-11-25,27.02,24.07,87.45,0.99,15.33,10.17,2016,11,330,25.545,22,3.242233304964392,3.68244488595542
2016-11-26,28.04,24.04,86.58,1.09,22.84,7.66,2016,11,331,26.04,22,4.564884030538892,5.551717995932401
2016-11-27,30.44,24.48,81.71,0.92,22.32,9.17,2016,11,332,27.46,22,4.702109949706849,5.60866781158414
2016-11-28,29.6,24.91,84.62,0.92,21.3,3.57,2016,11,333,27.255000000000003,22,4.463738827850421,5.3270692574930925
2016-11-29,30.62,24.86,78.33,0.76,20.14,10.54,2016,11,334,27.740000000000002,22,4.354066385491695,5.09354210673804
2016-11-30,27.2,24.51,88.39,0.66,19.71,12.22,2016,11,335,25.855,22,4.005590044553685,4.76984758411075
2016-12-01,27.08,24.01,90.55,1.28,14.21,18.95,2016,12,336,25.545,23,2.994557739576309,3.4134078166618735
2016-12-02,27.56,23.35,85.5,1.02,13.79,3.45,2016,12,337,25.455,23,3.018202013833438,3.3053563539279254
2016-12-03,28.72,23.7,81.47,0.82,11.48,28.43,2016,12,338,26.21,23,2.7169066951570997,2.801719481004914
2016-12-04,28.57,24.32,82.65,0.72,11.17,8.59,2016,12,339,26.445,23,2.6353624681463685,2.7412359890886604
2016-12-05,27.65,23.61,83.26,0.54,13.35,19.55,2016,12,340,25.63,23,2.9256408753935674,3.213375666469156
2016-12-06,27.63,23.36,82.75,0.74,14.63,4.15,2016,12,341,25.494999999999997,23,3.16919984506314,3.510074969076633
2016-12-07,28.25,23.96,84.31,0.71,21.56,17.52,2016,12,342,26.105,23,4.379974192442186,5.248684882711591
2016-12-08,27.68,24.59,89.14,0.73,18.13,9.59,2016,12,343,26.134999999999998,23,3.7469274243273025,4.416809441003087
2016-12-09,27.74,24.43,89.86,1.16,10.06,12.64,2016,12,344,26.085,23,2.3437837437273283,2.4478992231739225
2016-12-10,26.88,24.6,90.86,1.89,11.48,3.08,2016,12,345,25.740000000000002,23,2.549923953090726,2.7705527175522886
2016-12-11,28.31,24.78,87.75,1.23,20.1,10.4,2016,12,346,26.545,23,4.130949304947543,4.944374173534958
2016-12-12,27.65,24.41,86.19,0.76,12.01,31.05,2016,12,347,26.03,23,2.7131769091205187,2.9185764612725587
2016-12-13,27.63,23.63,86.23,1.16,11.84,18.59,2016,12,348,25.63,23,2.7048170592933274,2.8499151978273267
2016-12-14,27.32,23.35,87.47,1.55,15.63,22.48,2016,12,349,25.335,23,3.2915470322048455,3.7355679238503994
2016-12-15,25.73,23.49,90.13,1.86,14.07,24.7,2016,12,350,24.61,23,2.9078657127381287,3.303916870771327
2016-12-16,27.79,23.22,84.63,1.41,16.61,9.31,2016,12,351,25.505,24,3.532002794164374,3.9860812955906315
2016-12-17,27.49,23.59,82.75,1.2,11.41,5.64,2016,12,352,25.54,24,2.716180139226008,2.740485873423992
2016-12-18,25.79,23.42,90.65,0.62,18.34,8.42,2016,12,353,24.605,24,3.643843263098885,4.3060697890130415
2016-12-19,27.78,24.43,87.22,1.41,15.13,17.11,2016,12,354,26.105,24,3.271707559684933,3.683330346726641
2016-12-20,28.73,24.74,84.75,1.8,20.89,4.7,2016,12,355,26.735,24,4.358309268067387,5.16166100859037
2016-12-21,28.26,24.55,85.55,2.13,19.17,12.24,2016,12,356,26.405,24,4.02830336916556,4.700087429430327
2016-12-22,28.79,24.89,85.61,2.05,22.98,6.08,2016,12,357,26.84,24,4.683672108864283,5.6920333590707
2016-12-23,29.39,24.85,84.54,2.08,18.96,4.34,2016,12,358,27.12,24,4.10947722161899,4.7270228514736905
2016-12-24,27.89,24.35,86.54,2.07,19.51,5.12,2016,12,359,26.12,24,4.0144801214832375,4.751312499698866
2016-12-25,29.21,23.83,83.85,1.83,21.05,1.12,2016,12,360,26.52,24,4.394838127077559,5.175020497009885
2016-12-26,28.33,23.65,85.4,1.66,20.94,0.85,2016,12,361,25.99,24,4.26545936556262,5.083836788261639
2016-12-27,29.42,23.62,85.41,1.52,22.44,10.97,2016,12,362,26.520000000000003,24,4.576449623322414,5.516743940755432
2016-12-28,27.11,24.06,87.87,1.7,16.68,19.33,2016,12,363,25.585,24,3.469307837346877,4.010581617181483
2016-12-29,28.73,23.48,85.04,1.47,21.69,4.16,2016,12,364,26.105,24,4.410460380154983,5.280332797124973
2016-12-30,26.48,23.96,89.3,1.4,19.67,13.93,2016,12,365,25.22,24,3.8849329868290567,4.688078273263541
2016-12-31,27.8,23.61,87.18,1.37,15.19,4.41,2016,12,366,25.705,24,3.253788609445426,3.6628447481239106
2017-01-01,27.26,23.39,87.98,1.22,21.21,10.81,2017,1,1,25.325000000000003,1,4.187057505678364,5.067963517436602
2017-01-02,27.37,23.99,88.49,1.39,10.94,12.91,2017,1,2,25.68,1,2.5213731566569555,2.636440869798547
2017-01-03,28.85,23.62,84.24,1.2,19.29,5.78,2017,1,3,26.235,1,4.037001502974645,4.710554256138344
2017-01-04,28.26,23.66,85.5,1.27,20.37,6.14,2017,1,4,25.96,1,4.1644536472250575,4.941921631390416
2017-01-05,26.57,24.11,89.05,0.55,21.8,8.55,2017,1,5,25.34,1,4.3238949564315945,5.2108259652006765
2017-01-06,26.85,23.36,86.22,1.16,21.64,3.29,2017,1,6,25.105,1,4.265659971927873,5.1432482164237205
2017-01-07,27.84,23.95,86.18,1.23,20.15,0.39,2017,1,7,25.895,1,4.106434689198397,4.88098304022613
2017-01-08,27.5,23.9,86.77,1.2,21.68,2.17,2017,1,8,25.7,1,4.328136689499179,5.227186817782289
2017-01-09,26.97,24.23,87.3,0.55,21.97,6.64,2017,1,9,25.6,1,4.387235901321268,5.284424881634619
2017-01-10,28.57,24.56,83.63,0.83,22.76,4.09,2017,1,10,26.564999999999998,1,4.649537389318528,5.601336561762849
2017-01-11,29.03,24.09,82.76,0.74,21.33,5.38,2017,1,11,26.560000000000002,1,4.407605394839065,5.248790512453261
2017-01-12,27.45,24.57,82.7,0.78,18.49,8.68,2017,1,12,26.009999999999998,1,3.8658878875107816,4.491159216028368
2017-01-13,26.58,23.94,88.63,0.74,21.97,6.43,2017,1,13,25.259999999999998,1,4.33243946990443,5.241321327700664
2017-01-14,27.0,24.41,87.91,1.28,15.0,9.06,2017,1,14,25.705,1,3.201443053941301,3.6170290468636375
2017-01-15,25.86,23.58,89.21,1.25,13.1,14.75,2017,1,15,24.72,1,2.7933128631025594,3.0844445991091316
2017-01-16,26.48,23.76,91.56,1.5,12.18,15.38,2017,1,16,25.12,2,2.608100225194143,2.8959132855639838
2017-01-17,25.82,23.11,88.06,0.87,15.35,12.3,2017,1,17,24.465,2,3.159159017968614,3.5916646644134023
2017-01-18,26.01,23.71,89.76,0.94,20.87,7.69,2017,1,18,24.86,2,4.077526729383772,4.930760009143612
2017-01-19,28.3,23.46,85.76,1.1,22.26,9.44,2017,1,19,25.880000000000003,2,4.470949727789922,5.390165026132615
2017-01-20,26.98,23.95,88.86,1.29,14.29,3.92,2017,1,20,25.465,2,3.0469346511926796,3.42602712062931
2017-01-21,28.67,23.87,85.92,1.3,20.8,3.47,2017,1,21,26.270000000000003,2,4.266133833064472,5.083498643407685
2017-01-22,27.06,24.03,89.94,1.39,18.07,29.16,2017,1,22,25.545,2,3.647444368192197,4.34062485904856
2017-01-23,27.6,23.35,88.99,1.52,19.12,19.62,2017,1,23,25.475,2,3.832062148110481,4.585122871732257
2017-01-24,28.22,23.76,85.51,0.97,21.35,3.8,2017,1,24,25.990000000000002,2,4.334062063978945,5.183377050113945
2017-01-25,25.96,24.22,90.22,0.72,20.37,16.55,2017,1,25,25.09,2,4.034329200851495,4.839641212651529
2017-01-26,26.89,23.86,89.23,1.25,14.47,15.81,2017,1,26,25.375,2,3.0621320775907233,3.4616674976388278
2017-01-27,27.28,24.05,87.98,1.61,20.71,7.92,2017,1,27,25.665,2,4.1278984974421356,4.989128951480884
2017-01-28,26.9,24.04,88.48,1.9,13.94,4.24,2017,1,28,25.47,2,3.014527026250229,3.342516853642745
2017-01-29,27.57,23.65,86.73,1.28,10.74,8.72,2017,1,29,25.61,2,2.527684342158147,2.5839027486930584
2017-01-30,26.45,23.51,86.75,1.19,12.46,17.05,2017,1,30,24.98,2,2.7629706211611507,2.9524273928297022
2017-01-31,26.69,22.98,88.15,1.31,13.44,42.26,2017,1,31,24.835,2,2.8863287581101664,3.173406581233783
2017-02-01,25.95,23.01,91.25,1.61,6.84,29.04,2017,2,32,24.48,3,1.7434172002442325,1.6010461035399874
2017-02-02,25.86,22.74,91.36,2.14,12.71,53.2,2017,2,33,24.299999999999997,3,2.6369693961685927,2.9618677383081247
2017-02-03,26.05,23.25,88.47,2.2,11.65,20.98,2017,2,34,24.65,3,2.61882663756182,2.7383374922780175
2017-02-04,27.64,22.81,83.32,1.99,22.01,1.77,2017,2,35,25.225,3,4.420312354073083,5.246420382831759
2017-02-05,28.11,23.69,86.29,2.13,18.69,3.47,2017,2,36,25.9,3,3.883266387946233,4.527863441966091
2017-02-06,27.83,24.14,87.58,2.36,16.47,1.23,2017,2,37,25.985,3,3.496562847323295,3.9981294609806377
2017-02-07,28.14,24.38,86.88,1.95,21.15,6.6,2017,2,38,26.259999999999998,3,4.2878370063798785,5.167815919608575
2017-02-08,27.01,24.48,88.73,1.41,17.04,11.14,2017,2,39,25.745,3,3.524117549037889,4.112880281040235
2017-02-09,27.24,24.16,88.91,1.14,12.06,25.77,2017,2,40,25.7,3,2.6871769763177573,2.9077432205929155
2017-02-10,26.29,23.47,90.97,1.14,15.61,32.71,2017,2,41,24.88,3,3.178762810763951,3.6898285332132486
2017-02-11,25.94,24.36,92.5,1.24,17.56,12.76,2017,2,42,25.15,3,3.4819250316522705,4.178098671560643
2017-02-12,25.41,23.99,92.81,1.0,13.94,30.44,2017,2,43,24.7,3,2.8619388328216564,3.280619187613312
2017-02-13,28.14,23.46,86.77,1.19,21.7,4.9,2017,2,44,25.8,3,4.350558620787647,5.244538244310266
2017-02-14,28.23,23.32,85.67,1.14,22.4,2.39,2017,2,45,25.775,3,4.483558914655391,5.410483300570466
2017-02-15,25.76,23.39,88.09,1.19,20.85,7.25,2017,2,46,24.575000000000003,3,4.050299466946921,4.89179194719784
2017-02-16,26.85,23.04,87.05,1.2,17.39,6.95,2017,2,47,24.945,4,3.550745559728077,4.117093882870723
2017-02-17,27.13,22.89,85.49,1.21,19.21,2.81,2017,2,48,25.009999999999998,4,3.880991374071792,4.555179090511384
2017-02-18,28.51,23.97,81.43,0.77,24.24,1.57,2017,2,49,26.240000000000002,4,4.880130263835782,5.920028337888165
2017-02-19,29.02,24.15,84.19,0.7,23.54,3.15,2017,2,50,26.585,4,4.785191744330304,5.796020594642682
2017-02-20,27.93,24.45,88.0,1.17,23.5,4.36,2017,2,51,26.189999999999998,4,4.67106156864339,5.7325111294098825
2017-02-21,27.66,24.12,85.5,1.27,22.66,1.53,2017,2,52,25.89,4,4.530828202156263,5.488332030750413
2017-02-22,28.13,23.48,85.67,1.12,24.03,0.91,2017,2,53,25.805,4,4.752180966331736,5.808355274581558
2017-02-23,28.23,23.95,84.2,1.31,24.7,0.87,2017,2,54,26.09,4,4.913945283197647,6.010963112309119
2017-02-24,28.7,23.64,83.3,1.42,25.94,4.4,2017,2,55,26.17,4,5.145451807137611,6.324718617671633
2017-02-25,29.7,23.48,82.36,1.15,22.69,4.06,2017,2,56,26.59,4,4.6756795151520745,5.587389614710898
2017-02-26,28.82,23.63,81.73,0.67,22.74,0.78,2017,2,57,26.225,4,4.609904000115716,5.551718684183015
2017-02-27,29.62,23.97,81.9,0.69,23.75,3.41,2017,2,58,26.795,4,4.8514612529472725,5.876575277512203
2017-02-28,29.6,23.77,81.7,0.72,21.61,3.37,2017,2,59,26.685000000000002,4,4.470325944524054,5.333314101785699
2017-03-01,28.56,24.4,84.77,0.93,23.32,1.95,2017,3,60,26.479999999999997,5,4.718432963734259,5.727693322775659
2017-03-02,27.96,24.08,85.2,1.17,23.26,7.61,2017,3,61,26.02,5,4.643625134917402,5.651119953061741
2017-03-03,29.13,23.9,81.99,1.11,21.73,4.28,2017,3,62,26.515,5,4.496168423574942,5.3415663127806186
2017-03-04,29.38,24.8,81.63,0.94,25.15,2.72,2017,3,63,27.09,5,5.1335956038421315,6.2659185376175195
2017-03-05,29.6,24.88,78.91,0.74,24.43,0.76,2017,3,64,27.240000000000002,5,5.024961499868194,6.107751488636012
2017-03-06,29.56,24.86,80.38,0.77,20.21,1.11,2017,3,65,27.21,5,4.283739689463719,5.049197558491357
2017-03-07,29.18,24.44,83.9,1.1,22.36,1.54,2017,3,66,26.810000000000002,5,4.599936790017449,5.5345813956155325
2017-03-08,27.52,23.97,87.61,1.44,17.38,2.32,2017,3,67,25.744999999999997,5,3.5914317794811086,4.194944793690098
2017-03-09,28.66,23.78,84.91,1.13,19.26,0.46,2017,3,68,26.22,5,3.997430248353021,4.701558776001199
2017-03-10,29.18,23.46,82.72,1.15,20.26,3.69,2017,3,69,26.32,5,4.2140466314465455,4.957378164757395
2017-03-11,29.3,24.45,78.89,0.73,23.47,1.91,2017,3,70,26.875,5,4.804059855202718,5.818156857910995
2017-03-12,29.25,24.12,82.52,0.65,21.97,7.34,2017,3,71,26.685000000000002,5,4.5005143242906405,5.422161537076899
2017-03-13,27.81,23.98,87.03,0.72,21.3,27.94,2017,3,72,25.895,5,4.271532261485694,5.159550310511989
2017-03-14,26.53,23.71,88.08,0.94,16.59,11.08,2017,3,73,25.12,5,3.3887651586000045,3.944433613095771
2017-03-15,27.83,23.46,85.1,0.69,22.51,12.23,2017,3,74,25.645,5,4.459518703694008,5.420157840384833
2017-03-16,28.06,24.16,85.21,0.92,19.8,4.06,2017,3,75,26.11,6,4.049357593287791,4.8207928106762665
2017-03-17,28.48,24.39,81.14,0.68,16.19,2.61,2017,3,76,26.435000000000002,6,3.483041281281202,3.9722610042588946
2017-03-18,30.08,24.57,79.72,0.87,22.11,1.11,2017,3,77,27.325,6,4.624467828217691,5.538610263454047
2017-03-19,26.27,24.39,89.24,1.01,19.96,5.24,2017,3,78,25.33,6,3.9344495199423926,4.76986157138841
2017-03-20,27.39,23.7,88.49,1.24,13.4,13.2,2017,3,79,25.545,6,2.8867689326270876,3.218836364762076
2017-03-21,27.13,23.83,88.43,1.48,13.19,9.22,2017,3,80,25.479999999999997,6,2.856621610211525,3.16344391046388
2017-03-22,26.94,24.01,85.17,0.87,13.18,4.57,2017,3,81,25.475,6,2.8790358518526227,3.160665243171085
2017-03-23,26.97,24.28,87.84,0.53,14.91,6.69,2017,3,82,25.625,6,3.1235724394678033,3.5884409076957806
2017-03-24,28.2,24.01,82.75,0.61,19.62,12.32,2017,3,83,26.105,6,4.002137154025717,4.7764006214657435
2017-03-25,28.19,24.37,84.19,0.86,16.5,15.26,2017,3,84,26.28,6,3.4983392264949136,4.0335366941687925
2017-03-26,26.47,23.68,87.69,1.34,8.87,24.89,2017,3,85,25.075,6,2.15193050609765,2.106626843123814
2017-03-27,27.67,23.8,83.16,1.01,12.13,4.92,2017,3,86,25.735,6,2.770201259893999,2.9270718146817116
2017-03-28,29.26,23.54,82.32,1.12,23.08,1.34,2017,3,87,26.4,6,4.6491235926119705,5.658071415057317
2017-03-29,28.89,23.64,84.25,1.32,21.15,2.81,2017,3,88,26.265,6,4.291025997022177,5.168427098932673
2017-03-30,28.91,24.08,84.58,1.03,21.06,7.57,2017,3,89,26.494999999999997,6,4.2809490452820205,5.174434634427431
2017-03-31,25.72,24.23,91.44,0.75,18.56,3.88,2017,3,90,24.975,6,3.6346707788268944,4.397302239336844
2017-04-01,28.28,23.69,86.5,1.04,20.54,5.29,2017,4,91,25.985,7,4.1075082639423,4.986131094629163
2017-04-02,27.54,23.72,87.27,1.14,16.88,15.05,2017,4,92,25.63,7,3.4569490319380813,4.06305477528085
2017-04-03,27.56,22.65,84.75,0.97,16.45,8.95,2017,4,93,25.104999999999997,7,3.3776704248791716,3.9097242680300446
2017-04-04,24.93,23.32,93.31,1.59,14.89,17.92,2017,4,94,24.125,7,2.859186731078771,3.454881230971371
2017-04-05,26.96,23.63,89.38,0.73,16.06,24.83,2017,4,95,25.295,7,3.254963311106528,3.834631783595854
2017-04-06,26.96,24.89,90.53,0.77,9.85,3.32,2017,4,96,25.925,7,2.2290669980914863,2.3876959234225033
2017-04-07,26.66,24.17,88.73,1.06,13.7,7.34,2017,4,97,25.415,7,2.8809191005934727,3.2806218541266943
2017-04-08,26.15,23.9,93.74,1.25,12.99,5.85,2017,4,98,25.025,7,2.6302587864600566,3.081382532737129
2017-04-09,27.08,24.16,92.53,1.53,19.38,2.74,2017,4,99,25.619999999999997,7,3.7078104630658175,4.66369180662838
2017-04-10,28.73,24.14,85.94,1.18,21.55,1.26,2017,4,100,26.435000000000002,7,4.3017044193044915,5.287351738219837
2017-04-11,28.81,23.57,83.97,1.17,22.99,2.0,2017,4,101,26.189999999999998,7,4.534774975560501,5.608103441069497
2017-04-12,27.98,23.97,84.96,1.57,22.48,8.75,2017,4,102,25.975,7,4.405493486942807,5.455771917164728
2017-04-13,28.31,23.62,80.94,1.52,20.52,0.76,2017,4,103,25.965,7,4.187609166199208,4.978905444236405
2017-04-14,28.77,22.8,78.25,1.12,21.06,0.31,2017,4,104,25.785,7,4.247390187206823,5.088036506371509
2017-04-15,29.36,22.85,76.34,0.89,22.77,0.29,2017,4,105,26.105,7,4.527357389136092,5.543253932251527
2017-04-16,29.62,22.41,75.61,0.85,23.58,0.01,2017,4,106,26.015,8,4.640855111197189,5.72818428544452
2017-04-17,29.73,23.44,80.3,0.67,22.38,0.09,2017,4,107,26.585,8,4.454437968757218,5.510405306206594
2017-04-18,30.03,24.01,82.37,0.78,21.46,1.02,2017,4,108,27.020000000000003,8,4.348387144926359,5.337889997743865
2017-04-19,27.41,24.54,88.01,0.82,19.96,1.55,2017,4,109,25.975,8,3.9298735045103896,4.844181826806404
2017-04-20,28.82,24.51,85.38,1.2,22.38,1.23,2017,4,110,26.665,8,4.432906474082412,5.520759980286975
2017-04-21,28.59,24.59,87.3,0.99,17.99,2.66,2017,4,111,26.59,8,3.6666109651168024,4.430019355163026
2017-04-22,28.36,24.78,87.67,1.37,22.29,1.43,2017,4,112,26.57,8,4.355743711954705,5.4863119795347295
2017-04-23,27.48,25.01,88.51,1.32,21.37,1.21,2017,4,113,26.245,8,4.147829294182321,5.219718403656045
2017-04-24,28.61,24.48,86.14,0.81,21.53,1.25,2017,4,114,26.545,8,4.2509191714207075,5.296138107274012
2017-04-25,28.92,24.12,85.28,1.4,22.21,1.55,2017,4,115,26.520000000000003,8,4.372701947605968,5.46019977380473
2017-04-26,28.65,24.3,84.07,1.68,21.03,0.57,2017,4,116,26.475,8,4.21057828189687,5.164631774124209
2017-04-27,28.06,24.12,84.49,1.52,20.97,0.43,2017,4,117,26.09,8,4.133082802863226,5.103234674701304
2017-04-28,28.89,23.95,83.64,1.46,20.82,0.56,2017,4,118,26.42,8,4.163954212613897,5.106438738039379
2017-04-29,29.09,23.85,82.71,1.38,21.63,0.9,2017,4,119,26.47,8,4.306186226043498,5.311356882749812
2017-04-30,28.87,24.07,83.4,1.38,21.09,0.6,2017,4,120,26.47,8,4.2024088397387205,5.178757127008485
2017-05-01,28.78,23.53,85.63,1.35,20.49,3.67,2017,5,121,26.155,9,4.0278834004150985,4.994117788216528
2017-05-02,28.37,24.17,87.72,1.5,15.7,4.67,2017,5,122,26.270000000000003,9,3.2387171840189914,3.837063879879839
2017-05-03,28.0,24.55,87.32,1.01,14.9,3.23,2017,5,123,26.275,9,3.0922929341716685,3.6419752802153003
2017-05-04,27.67,24.37,88.1,1.28,18.6,2.87,2017,5,124,26.020000000000003,9,3.6505708681888427,4.518952327039914
2017-05-05,28.26,24.44,86.83,1.89,20.1,2.87,2017,5,125,26.35,9,3.9467558163813257,4.921713591304759
2017-05-06,28.14,24.17,83.39,1.98,17.68,1.07,2017,5,126,26.155,9,3.6720800579560002,4.309224133512358
2017-05-07,27.65,23.92,84.96,1.88,18.82,3.51,2017,5,127,25.785,9,3.739463800820016,4.546858834278813
2017-05-08,28.2,23.67,84.02,1.78,18.98,4.78,2017,5,128,25.935000000000002,9,3.8002392918425736,4.601956012960318
2017-05-09,27.98,23.8,82.67,2.01,21.08,4.58,2017,5,129,25.89,9,4.150870968331189,5.105650450495088
2017-05-10,27.95,23.14,81.3,1.7,21.56,0.32,2017,5,130,25.545,9,4.188349194321557,5.178963583900773
2017-05-11,27.9,23.34,83.38,1.76,20.45,0.69,2017,5,131,25.619999999999997,9,3.9843773360120447,4.9211814987384095
2017-05-12,27.81,23.55,85.39,1.99,17.49,0.54,2017,5,132,25.68,9,3.5121808890871415,4.214931518535336
2017-05-13,27.6,23.06,83.99,1.7,17.98,0.1,2017,5,133,25.33,9,3.567372788705479,4.296698950579339
2017-05-14,27.93,23.39,84.23,1.7,18.58,0.49,2017,5,134,25.66,9,3.6789760518962855,4.47546639632465
2017-05-15,27.99,23.72,85.78,1.73,17.81,0.48,2017,5,135,25.854999999999997,9,3.541693989748844,4.310044925064051
2017-05-16,27.58,23.22,85.37,1.91,18.31,0.05,2017,5,136,25.4,10,3.5847768074155035,4.382954368717005
2017-05-17,27.26,22.54,81.54,1.66,21.57,0.04,2017,5,137,24.9,10,4.0713029388008,5.10111597679635
2017-05-18,27.82,22.24,81.11,1.57,21.07,0.03,2017,5,138,25.03,10,4.019103029023125,4.998662101219888
2017-05-19,27.81,23.01,82.51,1.48,19.24,0.04,2017,5,139,25.41,10,3.753804911593638,4.60668319095756
2017-05-20,27.39,23.0,84.21,1.54,18.69,0.07,2017,5,140,25.195,10,3.613961050249339,4.451813463590839
2017-05-21,27.42,22.72,84.91,1.41,19.8,0.07,2017,5,141,25.07,10,3.737222881260665,4.701933233226436
2017-05-22,26.73,23.2,85.86,1.92,20.57,0.2,2017,5,142,24.965,10,3.817301887775156,4.872332765387652
2017-05-23,26.62,22.13,81.23,1.83,21.25,0.04,2017,5,143,24.375,10,3.961252936687602,4.961159420196489
2017-05-24,27.09,21.83,80.98,1.51,20.53,0.12,2017,5,144,24.46,10,3.849221438179839,4.803114001721511
2017-05-25,28.0,23.41,88.32,1.75,17.04,2.87,2017,5,145,25.705,10,3.3153283623193683,4.108944997237092
2017-05-26,27.43,23.89,88.63,1.95,16.36,5.06,2017,5,146,25.66,10,3.1978829405276272,3.9407228333622872
2017-05-27,27.53,23.56,87.55,1.58,17.75,1.4,2017,5,147,25.545,10,3.4143853994508517,4.26375712496469
2017-05-28,26.7,24.13,91.78,1.58,14.12,18.42,2017,5,148,25.415,10,2.750106345599973,3.381195662793352
2017-05-29,26.6,23.78,91.55,1.45,13.36,6.93,2017,5,149,25.19,10,2.6272480187075655,3.1818633943871313
2017-05-30,27.42,23.72,89.5,1.68,17.15,2.77,2017,5,150,25.57,10,3.271077863944911,4.122104768964452
2017-05-31,27.43,23.98,89.39,1.68,15.92,2.17,2017,5,151,25.705,10,3.1023373403344334,3.838873495071274
2017-06-01,27.31,23.75,86.58,1.93,16.2,0.2,2017,6,152,25.53,11,3.2150077421063874,3.8900265515079755
2017-06-02,26.45,23.43,86.96,1.95,18.22,0.29,2017,6,153,24.939999999999998,11,3.4238989133410356,4.313071729356134
2017-06-03,26.8,22.92,86.43,1.69,18.67,1.17,2017,6,154,24.86,11,3.488194475318058,4.41098655346005
2017-06-04,27.44,22.61,86.53,1.36,18.61,0.55,2017,6,155,25.025,11,3.4885817156059358,4.4145133898566575
2017-06-05,27.89,23.37,86.44,1.5,19.25,0.33,2017,6,156,25.630000000000003,11,3.6485142940047415,4.633519219440545
2017-06-06,27.92,23.33,86.18,1.46,18.27,0.5,2017,6,157,25.625,11,3.506853201988368,4.39710364745821
2017-06-07,27.47,23.48,87.13,1.87,19.35,2.08,2017,6,158,25.475,11,3.6284923398125093,4.640278638494727
2017-06-08,26.92,23.25,87.55,2.1,13.66,3.95,2017,6,159,25.085,11,2.7863611699988535,3.245040550177432
2017-06-09,26.8,23.21,88.14,1.93,16.01,0.87,2017,6,160,25.005000000000003,11,3.076694983350929,3.7959162348081588
2017-06-10,27.2,23.39,87.25,1.98,17.5,0.73,2017,6,161,25.295,11,3.3414180570935237,4.17845929096684
2017-06-11,27.64,23.19,87.62,1.71,17.6,1.34,2017,6,162,25.415,11,3.352946827104013,4.2145215060313745
2017-06-12,26.56,23.44,90.57,1.65,10.74,18.34,2017,6,163,25.0,11,2.2438700513194254,2.5461076430769234
2017-06-13,24.97,23.23,93.7,1.38,3.93,22.25,2017,6,164,24.1,11,1.126279220423387,0.9113003699817088
2017-06-14,27.74,23.3,88.98,1.39,17.63,4.24,2017,6,165,25.52,11,3.331555101415474,4.232387938376236
2017-06-15,27.46,23.03,88.02,1.82,16.28,1.36,2017,6,166,25.245,11,3.1353339989140165,3.8824653215334384
2017-06-16,27.25,22.5,84.21,1.72,19.46,0.24,2017,6,167,24.875,12,3.640161677685773,4.5993150580657645
2017-06-17,26.01,21.69,84.11,1.97,19.99,0.8,2017,6,168,23.85,12,3.6076024902122446,4.606583838044584
2017-06-18,26.36,21.55,85.51,1.89,18.01,7.49,2017,6,169,23.955,12,3.3195621049130364,4.161184505604476
2017-06-19,26.07,22.22,87.39,1.96,17.29,34.77,2017,6,170,24.145,12,3.1849613541110964,4.013736419078519
2017-06-20,26.69,22.42,88.02,1.67,16.76,10.81,2017,6,171,24.555,12,3.131701735920309,3.9302719543088678
2017-06-21,25.0,23.07,92.31,1.49,12.08,8.54,2017,6,172,24.035,12,2.320036241002781,2.796627949249568
2017-06-22,26.93,22.92,87.69,1.53,18.39,1.68,2017,6,173,24.925,12,3.40272659526312,4.351724179093447
2017-06-23,27.18,23.09,86.6,1.64,18.48,0.49,2017,6,174,25.134999999999998,12,3.464858320929874,4.395398101021058
2017-06-24,27.1,22.56,86.37,1.45,16.81,0.56,2017,6,175,24.83,12,3.1985568524995323,3.9686349397733234
2017-06-25,26.13,23.04,90.17,1.71,15.05,2.37,2017,6,176,24.585,12,2.834408809320423,3.5318727449866043
2017-06-26,27.09,23.04,88.96,1.66,16.14,2.82,2017,6,177,25.064999999999998,12,3.0669612202855308,3.832322649032579
2017-06-27,26.72,22.63,85.48,1.86,18.46,1.28,2017,6,178,24.674999999999997,12,3.4515777602904665,4.3416900769037445
2017-06-28,26.19,21.83,83.29,1.81,19.31,0.12,2017,6,179,24.009999999999998,12,3.5513801931689803,4.467659310915697
2017-06-29,26.18,21.33,83.51,1.85,19.95,0.17,2017,6,180,23.755,12,3.6062987327305054,4.5864633477827335
2017-06-30,26.79,22.11,85.12,1.65,16.0,0.25,2017,6,181,24.45,12,3.097208183709771,3.742372353009394
2017-07-01,26.79,22.53,85.79,1.62,15.9,0.35,2017,7,182,24.66,13,3.0820792988888126,3.738217959676047
2017-07-02,26.93,22.24,87.04,1.43,19.31,0.28,2017,7,183,24.585,13,3.5188190719242853,4.531592206358227
2017-07-03,26.43,22.62,87.06,1.76,18.45,0.13,2017,7,184,24.525,13,3.3929209044786965,4.323393660431821
2017-07-04,26.29,22.49,87.34,1.77,17.05,0.4,2017,7,185,24.39,13,3.181577073158417,3.982073706182339
2017-07-05,26.61,22.72,85.28,1.85,17.6,0.22,2017,7,186,24.665,13,3.3465288522845524,4.138408697546158
2017-07-06,26.19,22.28,84.0,1.78,16.42,1.7,2017,7,187,24.235,13,3.178931121537632,3.8202803111286516
2017-07-07,26.39,22.31,88.35,1.73,12.72,6.12,2017,7,188,24.35,13,2.558064900682088,2.9678603826269208
2017-07-08,26.39,22.63,87.89,2.07,11.14,7.17,2017,7,189,24.509999999999998,13,2.3891875407034098,2.60947674825328
2017-07-09,26.05,22.41,88.26,2.03,10.64,9.16,2017,7,190,24.23,13,2.2885991750293724,2.4751981261943397
2017-07-10,26.17,22.19,87.29,1.84,13.27,9.2,2017,7,191,24.18,13,2.663236356346239,3.0831989277929783
2017-07-11,26.08,22.03,87.33,1.78,18.09,2.2,2017,7,192,24.055,13,3.3028282312470094,4.190078918868789
2017-07-12,25.84,22.41,90.32,1.86,14.34,3.37,2017,7,193,24.125,13,2.710671407657631,3.327266410485524
2017-07-13,26.41,23.1,89.61,2.07,15.32,2.72,2017,7,194,24.755000000000003,13,2.922059985663783,3.6102420308488936
2017-07-14,26.77,22.95,87.6,2.01,18.15,0.6,2017,7,195,24.86,13,3.3933577316852577,4.288131009389389
2017-07-15,26.41,22.1,84.31,1.95,20.32,0.12,2017,7,196,24.255000000000003,13,3.7225636026904096,4.729994882950943
2017-07-16,25.67,21.38,82.17,1.95,19.38,0.21,2017,7,197,23.525,14,3.582026310349755,4.4297875346497895
2017-07-17,25.59,21.1,83.28,1.94,19.57,0.25,2017,7,198,23.345,14,3.5576879132210038,4.45296659030713
2017-07-18,26.63,21.33,84.48,1.56,18.39,0.33,2017,7,199,23.979999999999997,14,3.423126065888273,4.251628563293497
2017-07-19,26.91,22.19,86.22,1.46,19.64,0.3,2017,7,200,24.55,14,3.6155982368817967,4.6050751705290836
2017-07-20,26.6,22.36,86.21,1.46,20.19,0.67,2017,7,201,24.48,14,3.6868769746093566,4.725894858256192
2017-07-21,26.43,22.35,87.13,1.55,18.51,1.1,2017,7,202,24.39,14,3.423687823064922,4.323060662840769
2017-07-22,26.33,22.14,85.69,1.8,17.51,0.19,2017,7,203,24.235,14,3.3160683663134236,4.073879917653027
2017-07-23,26.16,21.76,81.78,1.95,20.15,0.04,2017,7,204,23.96,14,3.7642739388819635,4.656208166272268
2017-07-24,25.78,21.15,80.94,2.02,19.82,0.08,2017,7,205,23.465,14,3.701353213752454,4.523523543907274
2017-07-25,25.97,21.17,83.41,1.99,19.29,0.25,2017,7,206,23.57,14,3.5725896793891936,4.41420695132408
2017-07-26,26.57,21.71,85.88,1.72,16.74,1.26,2017,7,207,24.14,14,3.2070835025256605,3.885576473344406
2017-07-27,27.01,22.48,88.84,1.61,15.61,3.19,2017,7,208,24.745,14,3.0200871957333875,3.6776825233796235
2017-07-28,28.04,22.87,85.83,1.41,19.91,0.54,2017,7,209,25.455,14,3.793371395973306,4.772273024416606
2017-07-29,26.74,22.61,88.09,1.97,14.1,1.13,2017,7,210,24.674999999999997,14,2.833881980562089,3.316242149747714
2017-07-30,26.73,22.02,86.46,1.88,19.23,0.27,2017,7,211,24.375,14,3.5748617181395828,4.489557442370752
2017-07-31,25.98,21.31,81.51,1.98,21.04,0.18,2017,7,212,23.645,14,3.885920047665284,4.823740711362023
2017-08-01,26.23,21.47,85.01,2.12,17.3,1.92,2017,8,213,23.85,15,3.319447079575642,3.9866883640906106
2017-08-02,26.05,21.78,85.11,2.27,14.94,5.52,2017,8,214,23.915,15,3.0203144795406844,3.4484267913232105
2017-08-03,25.34,21.47,83.75,2.26,14.98,2.49,2017,8,215,23.405,15,3.033606354609058,3.4137222399741862
2017-08-04,25.87,21.26,83.93,2.02,14.96,1.19,2017,8,216,23.565,15,3.022834307542955,3.4229258278476515
2017-08-05,26.2,21.33,84.54,2.09,19.82,0.45,2017,8,217,23.765,15,3.673854194000508,4.557716703307741
2017-08-06,26.29,21.49,84.8,1.88,18.95,0.12,2017,8,218,23.89,15,3.5587721077463126,4.3712827135425565
2017-08-07,27.49,21.6,84.03,1.58,20.39,0.02,2017,8,219,24.545,15,3.8481718321292298,4.780343583443479
2017-08-08,26.98,22.24,86.0,1.4,20.44,0.13,2017,8,220,24.61,15,3.8145036219900876,4.7997200311702874
2017-08-09,26.9,22.31,86.78,1.55,20.22,0.29,2017,8,221,24.604999999999997,15,3.7687989278061567,4.747477161060179
2017-08-10,26.58,22.03,83.37,1.82,21.08,0.13,2017,8,222,24.305,15,3.949427846606129,4.912972907513714
2017-08-11,26.78,21.82,84.12,1.74,19.82,0.14,2017,8,223,24.3,15,3.7562234835712305,4.618742610013141
2017-08-12,27.11,22.19,86.5,1.54,19.57,0.14,2017,8,224,24.65,15,3.6985726757697064,4.599936886170026
2017-08-13,27.16,22.19,85.0,1.78,20.62,0.17,2017,8,225,24.675,15,3.89753492692846,4.84971015090765
2017-08-14,26.74,21.75,83.07,1.78,22.07,0.08,2017,8,226,24.244999999999997,15,4.105886628709281,5.136081041680176
2017-08-15,25.84,21.52,83.7,1.95,21.11,0.15,2017,8,227,23.68,15,3.8963940049869237,4.844038501637836
2017-08-16,25.84,21.04,82.15,1.74,20.96,0.5,2017,8,228,23.439999999999998,16,3.888261528552564,4.780693630296873
2017-08-17,25.89,20.66,83.52,1.6,19.35,0.32,2017,8,229,23.275,16,3.616145189254834,4.3951229673137275
2017-08-18,26.2,21.45,86.23,1.48,13.4,0.29,2017,8,230,23.825,16,2.7562362748381264,3.086027883249592
2017-08-19,26.58,22.14,86.86,1.75,17.05,0.2,2017,8,231,24.36,16,3.3206313368321263,3.97912804044652
2017-08-20,26.85,21.99,84.31,2.04,21.54,0.04,2017,8,232,24.42,16,4.050741549627087,5.034446971750772
2017-08-21,26.67,21.42,82.07,1.81,22.98,0.02,2017,8,233,24.045,16,4.267875034402993,5.321397906402513
2017-08-22,26.63,21.48,82.05,1.85,22.73,0.01,2017,8,234,24.055,16,4.240694065598501,5.2648144735150675
2017-08-23,27.03,21.33,83.25,1.7,22.63,0.03,2017,8,235,24.18,16,4.2143100734388925,5.2579345694012884
2017-08-24,27.6,21.68,83.3,1.68,23.51,0.04,2017,8,236,24.64,16,4.4025294557188355,5.524680971427001
2017-08-25,27.51,21.87,83.02,1.55,23.92,0.03,2017,8,237,24.69,16,4.474741308601675,5.627919417033771
2017-08-26,27.06,21.75,83.46,1.92,23.32,0.02,2017,8,238,24.405,16,4.349962865365297,5.448463739065563
2017-08-27,26.97,21.88,81.74,1.95,23.59,0.01,2017,8,239,24.424999999999997,16,4.442540330851597,5.514263538918465
2017-08-28,27.67,21.43,82.83,1.69,23.19,0.01,2017,8,240,24.55,16,4.3759653320008285,5.437458920802925
2017-08-29,26.73,21.46,80.63,1.96,23.71,0.01,2017,8,241,24.095,16,4.457994472292199,5.497264658815771
2017-08-30,27.51,21.1,78.62,1.66,23.61,0.0,2017,8,242,24.305,16,4.511181842880261,5.5026228817077225
2017-08-31,27.72,21.08,80.64,1.36,22.98,0.06,2017,8,243,24.4,16,4.370568090502488,5.368364716739967
2017-09-01,27.03,21.02,82.92,1.54,21.6,0.07,2017,9,244,24.025,17,4.09041552608303,4.999349914925864
2017-09-02,26.72,21.38,82.72,1.88,21.46,0.13,2017,9,245,24.049999999999997,17,4.092375426812445,4.970034389121932
2017-09-03,27.2,21.55,84.36,1.97,19.61,0.13,2017,9,246,24.375,17,3.826164011523995,4.578274646120149
2017-09-04,27.33,22.26,84.36,2.05,19.08,0.06,2017,9,247,24.795,17,3.798390331306526,4.500705153921608
2017-09-05,28.03,21.96,82.33,1.47,22.78,0.33,2017,9,248,24.995,17,4.4044505332354404,5.399746653711565
2017-09-06,27.84,21.49,83.62,1.39,21.14,0.76,2017,9,249,24.665,17,4.094909374638947,4.970793174211692
2017-09-07,28.98,22.07,81.65,1.26,24.75,0.04,2017,9,250,25.525,17,4.7894911713574935,5.94238190464111
2017-09-08,28.88,21.81,83.57,1.51,23.5,0.02,2017,9,251,25.345,17,4.552096503547363,5.617852685942686
2017-09-09,28.84,22.92,82.4,1.71,22.6,0.05,2017,9,252,25.880000000000003,17,4.510479594815944,5.472494590772556
2017-09-10,28.17,22.66,83.72,1.68,21.03,0.13,2017,9,253,25.415,17,4.180437799309139,5.035874276809079
2017-09-11,27.48,21.92,80.43,1.81,24.1,0.04,2017,9,254,24.700000000000003,17,4.643840020950268,5.671658710292742
2017-09-12,27.15,21.45,78.79,1.77,20.31,0.1,2017,9,255,24.299999999999997,17,4.09608780328671,4.732929485840913
2017-09-13,28.12,21.56,80.7,1.54,22.19,0.05,2017,9,256,24.84,17,4.368684026704586,5.2400659971332235
2017-09-14,28.3,21.91,80.7,1.49,25.7,0.02,2017,9,257,25.105,17,4.928840648491425,6.108201440022625
2017-09-15,28.5,21.68,79.97,1.17,25.08,0.0,2017,9,258,25.09,17,4.831791552969395,5.958674600554753
2017-09-16,29.08,22.09,84.16,1.25,23.22,0.15,2017,9,259,25.585,18,4.549821402876503,5.58307584837854
2017-09-17,28.34,22.81,81.54,1.71,25.47,0.1,2017,9,260,25.575,18,4.953982169095395,6.122601438306599
2017-09-18,27.65,21.21,78.52,1.65,26.43,0.02,2017,9,261,24.43,18,5.01205135558043,6.178886814136258
2017-09-19,27.96,20.73,78.5,1.49,25.12,0.01,2017,9,262,24.345,18,4.8075195953858785,5.86033433357341
2017-09-20,28.3,20.89,76.9,1.21,24.41,0.01,2017,9,263,24.595,18,4.734574865540937,5.729845762108278
2017-09-21,28.21,21.21,79.78,1.25,24.05,0.03,2017,9,264,24.71,18,4.656013746748223,5.661277657608271
2017-09-22,28.64,21.48,82.61,1.38,23.23,1.4,2017,9,265,25.060000000000002,18,4.536207332398483,5.515120517640022
2017-09-23,28.6,22.54,81.7,1.49,20.93,1.17,2017,9,266,25.57,18,4.259080696324523,5.030650309879066
2017-09-24,27.84,22.96,84.33,1.45,19.87,0.83,2017,9,267,25.4,18,4.00925306449652,4.756379208432928
2017-09-25,27.75,22.72,84.46,1.62,19.18,0.59,2017,9,268,25.235,18,3.891586990405727,4.572952906614835
2017-09-26,28.49,23.24,85.04,1.43,22.52,0.8,2017,9,269,25.865,18,4.472190356416966,5.451172062963393
2017-09-27,29.44,23.41,83.98,1.62,24.55,0.52,2017,9,270,26.425,18,4.8996630981738045,6.021990674070999
2017-09-28,29.37,22.96,83.32,1.5,23.34,0.21,2017,9,271,26.165,18,4.6892083723893165,5.690109486193862
2017-09-29,28.92,23.05,82.04,1.77,24.81,0.33,2017,9,272,25.985,18,4.934773618617544,6.022683177105624
2017-09-30,28.76,22.9,83.25,1.8,20.84,2.07,2017,9,273,25.83,18,4.268934276459836,5.04030045255968
2017-10-01,29.04,22.89,80.79,1.48,22.08,0.37,2017,10,274,25.965,19,4.522150782691294,5.357418723622799
2017-10-02,28.61,22.52,81.17,1.43,21.07,2.92,2017,10,275,25.564999999999998,19,4.306156521574932,5.063692077495628
2017-10-03,28.36,22.73,81.71,1.47,22.95,1.76,2017,10,276,25.545,19,4.588914638256396,5.512857803827585
2017-10-04,29.44,23.19,82.8,1.55,22.73,0.82,2017,10,277,26.315,19,4.634024713376178,5.561100531997881
2017-10-05,29.24,23.77,84.91,1.65,21.51,4.44,2017,10,278,26.505,19,4.408188612512669,5.286243200927491
2017-10-06,29.05,23.94,86.48,1.55,23.24,8.37,2017,10,279,26.495,19,4.651503069076484,5.710059871989246
2017-10-07,28.21,23.28,85.09,1.81,17.1,12.01,2017,10,280,25.745,19,3.6277475080974098,4.1273622538608
2017-10-08,28.33,23.38,85.64,1.75,18.51,9.78,2017,10,281,25.854999999999997,19,3.8414496062029024,4.4794459047128345
2017-10-09,29.45,23.52,84.89,1.63,23.1,3.51,2017,10,282,26.485,19,4.672981293877179,5.674326287400489
2017-10-10,29.15,24.07,86.76,1.53,22.1,1.0,2017,10,283,26.61,19,4.47709404377165,5.444658870011854
2017-10-11,29.5,23.97,84.36,1.74,24.8,0.46,2017,10,284,26.735,19,4.995062999378885,6.127773720107284
2017-10-12,30.29,23.81,82.86,1.54,24.98,0.22,2017,10,285,27.049999999999997,19,5.108881618644686,6.217780728304536
2017-10-13,29.14,23.37,81.25,1.63,24.91,0.26,2017,10,286,26.255000000000003,19,5.025121409585761,6.085818923148611
2017-10-14,29.17,23.17,81.86,1.62,24.04,0.36,2017,10,287,26.17,19,4.8637939637404,5.861458580139785
2017-10-15,29.07,23.61,84.78,1.55,21.03,4.7,2017,10,288,26.34,19,4.325015989226213,5.148219054788792
2017-10-16,28.83,23.79,83.02,1.58,19.62,3.93,2017,10,289,26.31,20,4.138006738554212,4.799643821940196
2017-10-17,27.13,23.36,84.86,1.28,19.07,0.84,2017,10,290,25.244999999999997,20,3.879361305987142,4.5478263932212935
2017-10-18,28.8,23.05,83.43,1.8,19.29,0.94,2017,10,291,25.925,20,4.05445190883454,4.6760055190680285
2017-10-19,29.96,23.44,78.79,1.47,24.6,0.15,2017,10,292,26.700000000000003,20,5.0874227182249,6.073375774385992
2017-10-20,29.55,22.94,78.95,1.53,24.47,0.01,2017,10,293,26.245,20,5.011726809775043,5.976907315744661
2017-10-21,29.8,22.87,77.27,1.45,25.77,0.02,2017,10,294,26.335,20,5.258571200689583,6.307843180653881
2017-10-22,30.66,22.93,76.88,1.3,25.12,0.06,2017,10,295,26.795,20,5.209830642666313,6.21556088299396
2017-10-23,30.54,23.24,78.87,1.13,24.47,0.51,2017,10,296,26.89,20,5.059654655635581,6.068178313669205
2017-10-24,29.51,23.47,83.31,1.24,18.52,7.92,2017,10,297,26.490000000000002,20,3.9518554399504326,4.549822110424568
2017-10-25,28.14,23.63,84.58,0.96,23.56,5.7,2017,10,298,25.884999999999998,20,4.692199914378195,5.705634870465318
2017-10-26,29.49,23.46,85.15,0.98,21.63,3.29,2017,10,299,26.475,20,4.434311480173699,5.311982181374542
2017-10-27,28.87,24.2,84.75,1.41,24.11,1.53,2017,10,300,26.535,20,4.85947090503769,5.929394957219824
2017-10-28,30.07,23.87,80.28,1.39,26.79,0.2,2017,10,301,26.97,20,5.453370597709116,6.655904360764741
2017-10-29,29.87,23.56,77.5,1.48,27.41,0.03,2017,10,302,26.715,20,5.574856787967212,6.769501403366955
2017-10-30,30.4,23.16,75.12,1.35,27.46,0.02,2017,10,303,26.78,20,5.623591175192563,6.7921752616435755
2017-10-31,30.32,22.46,75.71,1.24,26.19,0.01,2017,10,304,26.39,20,5.344518756761511,6.418975159861994
2017-11-01,32.0,22.98,73.29,0.99,25.87,0.06,2017,11,305,27.490000000000002,21,5.42763653195282,6.505223195162484
2017-11-02,31.11,23.52,77.62,1.09,23.44,1.25,2017,11,306,27.314999999999998,21,4.9570999915200895,5.8704211630181575
2017-11-03,30.44,24.24,80.44,1.42,21.73,2.48,2017,11,307,27.34,21,4.661024989617576,5.44530695475853
2017-11-04,29.56,24.46,82.94,1.29,20.99,4.35,2017,11,308,27.009999999999998,21,4.430340973813294,5.219768898146801
2017-11-05,28.66,24.24,84.48,1.26,13.12,4.22,2017,11,309,26.45,21,3.021070697140105,3.2201658532840467
2017-11-06,30.12,23.79,79.58,1.23,16.76,2.34,2017,11,310,26.955,21,3.7808910303677874,4.1625226078454425
2017-11-07,30.24,24.19,81.13,1.13,19.69,0.73,2017,11,311,27.215,21,4.253078989825268,4.9198525436205705
2017-11-08,30.35,24.47,81.6,1.08,23.27,1.11,2017,11,312,27.41,21,4.876596167515195,5.84064862344715
2017-11-09,29.47,24.72,82.97,1.23,23.35,0.8,2017,11,313,27.095,21,4.835105598272353,5.818138950331791
2017-11-10,28.86,24.4,82.97,1.37,24.04,0.86,2017,11,314,26.63,21,4.896438003538406,5.92538695268256
2017-11-11,30.11,24.5,82.18,1.49,22.06,6.19,2017,11,315,27.305,21,4.678272783459021,5.523530146494573
2017-11-12,29.78,24.66,83.12,1.37,16.2,4.66,2017,11,316,27.22,21,3.6460886291931214,4.048290783061656
2017-11-13,26.74,24.17,89.78,1.19,14.0,10.21,2017,11,317,25.455,21,2.9721270948601246,3.3556917298760665
2017-11-14,27.51,23.81,85.83,1.1,12.93,8.47,2017,11,318,25.66,21,2.8899526947987586,3.1145199410375537
2017-11-15,29.31,24.09,83.53,0.71,16.36,10.01,2017,11,319,26.7,21,3.5437068263337506,4.039041775160765
2017-11-16,28.51,24.43,80.48,0.67,15.56,4.1,2017,11,320,26.47,22,3.4081423418211254,3.820837406176009
2017-11-17,29.58,24.12,79.66,0.95,18.58,3.4,2017,11,321,26.85,22,4.02078525554988,4.603249937828519
2017-11-18,28.11,23.96,86.11,1.04,20.93,4.35,2017,11,322,26.035,22,4.251515792770852,5.086849798810438
2017-11-19,27.91,24.05,89.7,1.54,18.0,13.14,2017,11,323,25.98,22,3.67140572157918,4.3690205175056915
2017-11-20,26.34,24.11,92.96,1.61,19.18,17.03,2017,11,324,25.225,22,3.6953348348870056,4.5718465671382615
2017-11-21,26.9,23.97,89.79,0.71,9.59,7.2,2017,11,325,25.435,22,2.2129547755321513,2.2975420454909905
2017-11-22,27.1,24.02,87.61,1.03,15.23,12.14,2017,11,326,25.560000000000002,22,3.2255462962389325,3.659742266915703
2017-11-23,26.39,23.78,92.15,1.09,17.38,31.13,2017,11,327,25.085,22,3.4634491704641177,4.128755839098372
2017-11-24,26.31,24.48,92.96,1.29,11.71,46.39,2017,11,328,25.395,22,2.510171904998869,2.802742212111012
2017-11-25,29.05,24.16,85.23,1.01,21.54,5.82,2017,11,329,26.605,22,4.430710729952396,5.306071807319142
2017-11-26,30.6,24.24,82.97,0.88,15.2,12.82,2017,11,330,27.42,22,3.4280796790588703,3.816001116434852
2017-11-27,27.56,24.64,90.84,1.11,18.21,24.38,2017,11,331,26.1,22,3.7143883965199644,4.432616411119429
2017-11-28,26.88,24.53,91.15,1.13,12.38,17.56,2017,11,332,25.705,22,2.686187376260794,2.985254640011456
2017-11-29,26.05,24.01,92.43,1.63,17.0,59.48,2017,11,333,25.03,22,3.339114694324186,4.033092345549981
2017-11-30,27.54,23.98,87.92,1.61,11.91,7.01,2017,11,334,25.759999999999998,22,2.7135686347821286,2.875703111681449
2017-12-01,27.34,24.05,87.17,1.02,9.8,3.17,2017,12,335,25.695,23,2.3328028718161296,2.362559858196469
2017-12-02,29.37,24.44,83.86,0.97,14.91,4.07,2017,12,336,26.905,23,3.3332081519090853,3.698741566319056
2017-12-03,29.69,24.76,83.71,0.66,19.52,12.23,2017,12,337,27.225,23,4.138641053762123,4.878505602253128
2017-12-04,30.15,24.75,83.07,0.73,21.52,9.73,2017,12,338,27.45,23,4.529594421125132,5.4063937362089245
2017-12-05,30.15,24.21,81.29,1.13,22.73,2.06,2017,12,339,27.18,23,4.763934609865994,5.674837785207501
2017-12-06,29.97,24.37,84.44,1.24,20.16,18.51,2017,12,340,27.17,23,4.2768136071929534,5.0320369672891445
2017-12-07,28.88,23.12,81.54,1.06,23.66,14.48,2017,12,341,26.0,23,4.769654549217599,5.74556818348245
2017-12-08,29.13,23.8,84.92,1.3,22.62,1.94,2017,12,342,26.465,23,4.605761068649736,5.553802522737769
2017-12-09,29.28,23.91,83.58,1.23,24.42,4.41,2017,12,343,26.595,23,4.945345959120284,6.014106484595809
2017-12-10,28.2,23.92,86.13,1.2,20.25,9.83,2017,12,344,26.060000000000002,23,4.138403649847555,4.924506532545723
2017-12-11,27.94,24.1,87.83,1.02,16.52,9.1,2017,12,345,26.020000000000003,23,3.4748488200891128,4.0136071205752355
2017-12-12,27.69,24.07,89.19,1.13,18.86,13.48,2017,12,346,25.880000000000003,23,3.832940481206824,4.566869379733204
2017-12-13,27.43,24.4,89.6,1.21,21.14,8.14,2017,12,347,25.915,23,4.206373270477145,5.1232350335550265
2017-12-14,27.11,24.29,90.85,1.43,21.67,6.91,2017,12,348,25.7,23,4.224153821647936,5.224775753751947
2017-12-15,30.51,23.67,82.03,1.09,23.5,1.33,2017,12,349,27.090000000000003,23,4.877462940325202,5.854834418847384
2017-12-16,27.64,24.39,86.72,0.78,20.36,17.77,2017,12,350,26.015,24,4.143801920970499,4.945964039510197
2017-12-17,27.24,23.76,88.53,1.16,12.72,44.88,2017,12,351,25.5,24,2.790131616860736,3.0521888887398427
2017-12-18,26.73,23.55,87.72,1.52,12.43,19.28,2017,12,352,25.14,24,2.758880111316463,2.956786915122415
2017-12-19,27.1,23.35,89.43,1.71,17.89,46.91,2017,12,353,25.225,24,3.5827336322097634,4.264355322528857
2017-12-20,26.69,23.44,88.3,1.44,8.77,8.33,2017,12,354,25.065,24,2.1496169425398075,2.0823711048336873
2017-12-21,28.56,23.06,84.13,1.01,13.33,13.06,2017,12,355,25.81,24,2.992695209108006,3.22241465851374
2017-12-22,26.59,23.92,88.83,1.11,17.54,6.27,2017,12,356,25.255000000000003,24,3.5617870772666755,4.183962746188488
2017-12-23,28.31,23.75,85.89,1.54,21.24,4.35,2017,12,357,26.03,24,4.304522577728765,5.161579020601927
2017-12-24,27.04,23.78,89.73,1.57,12.45,20.68,2017,12,358,25.41,24,2.721149689681162,2.9809358486185875
2017-12-25,28.08,23.9,87.45,1.26,10.9,10.49,2017,12,359,25.99,24,2.54932492108514,2.6463142785125053
2017-12-26,28.1,24.61,88.61,1.35,14.18,18.49,2017,12,360,26.355,24,3.0950704810771645,3.4725440994071053
2017-12-27,27.94,24.49,85.98,1.03,16.76,1.99,2017,12,361,26.215,24,3.5630039102038777,4.090799474531768
2017-12-28,27.04,24.33,87.73,1.01,14.05,2.56,2017,12,362,25.685,24,3.0334155325602103,3.386328251858854
2017-12-29,26.44,23.51,90.7,0.85,18.76,19.97,2017,12,363,24.975,24,3.7290982531170145,4.444686961743492
2017-12-30,28.15,23.08,86.5,1.06,15.64,29.96,2017,12,364,25.615,24,3.3243417099539383,3.7632297036308615
2017-12-31,27.66,23.37,85.58,1.16,13.0,17.61,2017,12,365,25.515,24,2.905157860614441,3.1205008248536994
2018-01-01,29.58,23.17,81.94,0.7,22.27,3.62,2018,1,1,26.375,1,4.556492669345297,5.456281101182243
2018-01-02,29.67,24.47,82.73,0.65,22.15,2.4,2018,1,2,27.07,1,4.598192372784115,5.515928593388177
2018-01-03,28.87,24.47,86.01,0.84,21.53,1.62,2018,1,3,26.67,1,4.42693454382401,5.311702279060279
2018-01-04,28.91,24.85,84.21,0.86,24.17,3.1,2018,1,4,26.880000000000003,1,4.925671000681918,5.992384446717502
2018-01-05,27.49,24.62,88.21,0.88,21.5,7.08,2018,1,5,26.055,1,4.328874013317882,5.2278673649136085
2018-01-06,25.75,24.23,93.24,1.34,17.13,19.79,2018,1,6,24.990000000000002,1,3.3668076277209362,4.059982917875293
2018-01-07,25.89,24.04,91.78,0.82,16.7,30.21,2018,1,7,24.965,1,3.370614279874167,3.955661506172765
2018-01-08,27.72,24.1,80.24,0.55,22.83,8.86,2018,1,8,25.91,1,4.584026247270659,5.532143728742993
2018-01-09,27.53,23.86,86.17,0.8,23.03,7.86,2018,1,9,25.695,1,4.5761123770295,5.552015666761703
2018-01-10,26.0,23.84,92.2,1.65,14.29,20.17,2018,1,10,24.92,1,2.9072589876140604,3.3811073256169717
2018-01-11,26.48,23.61,92.33,1.88,11.53,37.14,2018,1,11,25.045,1,2.467220175614997,2.7363828191229453
2018-01-12,26.07,23.36,90.07,1.8,10.48,24.36,2018,1,12,24.715,1,2.3665730187517102,2.467253718710086
2018-01-13,27.38,23.38,86.09,0.89,17.5,8.21,2018,1,13,25.38,1,3.615392113234717,4.187041223232755
2018-01-14,26.96,23.44,86.07,0.84,17.52,14.18,2018,1,14,25.200000000000003,1,3.6014110719136085,4.1736337742933785
2018-01-15,26.17,23.0,88.5,0.89,14.0,8.91,2018,1,15,24.585,1,2.93984039672142,3.2854630185921896
2018-01-16,27.21,22.27,84.24,1.23,15.99,24.66,2018,1,16,24.740000000000002,2,3.371949117153984,3.7667489662876172
2018-01-17,26.51,23.8,87.45,0.9,19.06,17.49,2018,1,17,25.155,2,3.836546244364645,4.535547389075925
2018-01-18,27.53,23.59,86.2,1.09,18.05,16.98,2018,1,18,25.560000000000002,2,3.727431184963336,4.337383316994645
2018-01-19,26.7,23.43,90.5,1.31,17.29,19.06,2018,1,19,25.064999999999998,2,3.4688984236761113,4.105381573839733
2018-01-20,27.06,22.58,86.14,1.2,10.3,22.1,2018,1,20,24.82,2,2.423178835781641,2.4311100715134
2018-01-21,26.42,23.09,88.2,1.54,9.08,44.49,2018,1,21,24.755000000000003,2,2.2003562999879875,2.139751804184592
2018-01-22,28.35,23.34,84.62,1.17,15.56,12.4,2018,1,22,25.845,2,3.3773359327480645,3.7646431919612615
2018-01-23,26.43,24.14,91.36,1.0,11.84,27.7,2018,1,23,25.285,2,2.5725526608931646,2.8263431401241332
2018-01-24,26.71,24.13,90.39,1.32,14.03,8.64,2018,1,24,25.42,2,2.9640252830456024,3.360048914652832
2018-01-25,26.11,23.56,92.29,1.66,10.73,19.07,2018,1,25,24.835,2,2.3364028195845314,2.533530700642745
2018-01-26,26.47,23.87,92.76,1.61,16.68,23.78,2018,1,26,25.17,2,3.2989268892137553,3.970641887093155
2018-01-27,26.81,24.19,91.08,1.48,17.53,15.67,2018,1,27,25.5,2,3.521482561245506,4.206357800283762
2018-01-28,26.55,24.65,91.69,1.26,19.31,3.3,2018,1,28,25.6,2,3.829656940999153,4.644617408482681
2018-01-29,26.11,24.56,92.37,1.88,12.93,6.24,2018,1,29,25.335,2,2.705421862151085,3.090268282494284
2018-01-30,26.68,23.82,88.76,1.97,21.43,5.37,2018,1,30,25.25,2,4.152160792140865,5.1112588588106345
2018-01-31,27.44,24.06,88.25,1.81,17.1,9.59,2018,1,31,25.75,2,3.5456325037901437,4.127855917431786
2018-02-01,25.94,24.43,92.3,1.72,5.25,35.35,2018,2,32,25.185000000000002,3,1.477452833828197,1.2502065926442658
2018-02-02,26.71,24.17,90.66,1.53,18.06,10.73,2018,2,33,25.44,3,3.6102334156037226,4.327279084999689
2018-02-03,27.02,23.77,88.2,0.95,16.44,12.26,2018,2,34,25.395,3,3.4113817124235295,3.934849015124256
2018-02-04,28.12,23.28,85.43,1.07,24.17,8.05,2018,2,35,25.700000000000003,3,4.776167812174548,5.827541761337543
2018-02-05,27.93,23.52,87.12,1.53,23.49,3.46,2018,2,36,25.725,3,4.613711629090873,5.666979871996491
2018-02-06,27.65,23.16,86.25,1.52,22.72,0.72,2018,2,37,25.405,3,4.471600519885162,5.439253146193924
2018-02-07,28.02,22.91,85.37,1.32,21.77,9.87,2018,2,38,25.465,3,4.351098532952726,5.219356922050391
2018-02-08,27.01,23.45,86.74,1.05,17.6,8.41,2018,2,39,25.23,3,3.6151172745686524,4.195736982429356
2018-02-09,26.42,23.95,90.46,1.23,22.22,24.41,2018,2,40,25.185000000000002,3,4.2961475848255954,5.291350569248683
2018-02-10,28.04,23.27,83.3,0.95,22.37,7.6,2018,2,41,25.655,3,4.495657562717409,5.3877387666535235
2018-02-11,28.27,23.27,84.89,0.9,23.32,3.19,2018,2,42,25.77,3,4.651756704405561,5.632026317052466
2018-02-12,27.08,24.33,88.35,0.98,21.75,7.37,2018,2,43,25.705,3,4.330351985037193,5.244692117952274
2018-02-13,26.86,24.16,88.89,1.66,20.92,2.18,2018,2,44,25.509999999999998,3,4.11566213887408,5.021002267255635
2018-02-14,26.77,23.94,90.82,1.87,16.62,13.94,2018,2,45,25.355,3,3.3460305589856882,3.97409555688437
2018-02-15,25.21,23.44,91.89,1.96,11.26,25.36,2018,2,46,24.325000000000003,3,2.399828313228985,2.625588732141285
2018-02-16,26.93,23.06,86.4,1.65,22.66,12.17,2018,2,47,24.994999999999997,4,4.399447676503573,5.3713019830159805
2018-02-17,26.94,24.06,88.5,1.68,20.51,9.16,2018,2,48,25.5,4,4.057201397101948,4.921414631136335
2018-02-18,28.06,23.53,87.05,1.66,24.9,2.03,2018,2,49,25.795,4,4.839492278210053,6.01720746104399
2018-02-19,28.54,23.39,85.44,1.15,23.61,2.95,2018,2,50,25.965,4,4.708845060663777,5.728652901482531
2018-02-20,25.99,24.35,91.76,1.19,22.54,12.24,2018,2,51,25.17,4,4.324620355811727,5.365603605220607
2018-02-21,28.86,23.81,85.74,0.98,23.51,9.52,2018,2,52,26.335,4,4.735223629109461,5.754652432175893
2018-02-22,27.47,24.58,86.89,0.74,16.82,9.81,2018,2,53,26.025,4,3.5340578043481172,4.0869792813921535
2018-02-23,26.83,23.95,86.48,0.68,20.32,17.0,2018,2,54,25.39,4,4.079812920521006,4.862925449469552
2018-02-24,26.9,24.04,88.55,0.81,19.58,31.87,2018,2,55,25.47,4,3.939473156213589,4.694869440052004
2018-02-25,26.85,22.98,84.48,0.83,19.06,11.02,2018,2,56,24.915,4,3.8447180031661254,4.509171093616456
2018-02-26,28.89,23.44,83.57,1.25,24.62,0.88,2018,2,57,26.165,4,4.923869136312185,6.002163476867733
2018-02-27,28.51,23.24,84.2,1.06,24.76,1.38,2018,2,58,25.875,4,4.900119936904085,5.994814494396956
2018-02-28,29.44,24.01,81.87,0.93,22.89,0.74,2018,2,59,26.725,4,4.7088952353261995,5.6545122155126215
2018-03-01,26.96,23.94,85.99,0.65,20.8,1.95,2018,3,60,25.450000000000003,5,4.164844635876363,4.984998996908869
2018-03-02,29.13,24.48,81.67,0.57,22.26,2.18,2018,3,61,26.805,5,4.574916754474776,5.509185323093255
2018-03-03,28.11,24.74,85.11,0.45,19.2,3.81,2018,3,62,26.424999999999997,5,3.9779810800092994,4.709662767501555
2018-03-04,28.81,24.13,84.71,0.62,22.21,0.67,2018,3,63,26.47,5,4.521622995428058,5.453778842620126
2018-03-05,27.78,24.84,87.08,0.46,19.85,7.42,2018,3,64,26.310000000000002,5,4.076163768727098,4.855908759710137
2018-03-06,28.14,24.83,87.18,0.62,21.87,12.87,2018,3,65,26.485,5,4.447122964408949,5.37218683573371
2018-03-07,27.75,24.83,87.21,0.49,20.78,16.45,2018,3,66,26.29,5,4.235649095346188,5.081012692712471
2018-03-08,26.0,24.49,91.84,1.14,18.04,8.92,2018,3,67,25.244999999999997,5,3.5748872890427017,4.302191302239754
2018-03-09,27.97,24.34,84.33,1.18,24.87,4.02,2018,3,68,26.155,5,4.9270592073520865,6.0616744457269425
2018-03-10,29.64,23.75,80.04,1.11,24.44,3.97,2018,3,69,26.695,5,4.987874967039958,6.033167309711179
2018-03-11,29.81,23.71,79.65,0.87,23.05,5.2,2018,3,70,26.759999999999998,5,4.73981513789571,5.698703814167794
2018-03-12,29.0,24.07,82.4,0.76,21.58,3.43,2018,3,71,26.535,5,4.425011176544434,5.307189679668345
2018-03-13,27.28,24.04,87.77,0.73,19.01,11.9,2018,3,72,25.66,5,3.8494014666928886,4.5790428522137585
2018-03-14,26.36,23.54,89.49,0.93,18.91,11.81,2018,3,73,24.95,5,3.737506496509826,4.477499969215035
2018-03-15,28.99,23.11,81.33,0.72,18.96,1.86,2018,3,74,26.049999999999997,5,3.933785834823987,4.6097018696514365
2018-03-16,27.28,23.77,84.54,0.75,19.03,3.96,2018,3,75,25.525,6,3.8631141159019804,4.5690314200129425
2018-03-17,28.73,23.18,80.08,0.87,23.41,7.53,2018,3,76,25.955,6,4.68532489208227,5.6787733576899475
2018-03-18,28.45,23.19,81.12,1.03,23.27,0.39,2018,3,77,25.82,6,4.646167075337208,5.626669259021606
2018-03-19,29.22,23.96,79.41,0.88,24.07,0.33,2018,3,78,26.59,6,4.869649797449565,5.9272132228334655
2018-03-20,28.55,23.05,80.98,1.36,23.83,0.06,2018,3,79,25.8,6,4.754763903852365,5.759324717138877
2018-03-21,28.55,23.51,84.97,0.95,21.93,3.05,2018,3,80,26.03,6,4.394640359638074,5.329257435113007
2018-03-22,26.37,24.16,91.2,0.72,16.64,18.41,2018,3,81,25.265,6,3.3628098060775518,3.97023810854202
2018-03-23,26.78,23.03,87.97,1.03,23.36,2.41,2018,3,82,24.905,6,4.4526126653753355,5.525108598462794
2018-03-24,28.94,23.8,84.95,1.08,20.43,1.61,2018,3,83,26.37,6,4.176801925260153,5.004879773113952
2018-03-25,28.7,24.32,83.95,1.16,21.47,0.79,2018,3,84,26.509999999999998,6,4.377086959569838,5.277033616430503
2018-03-26,29.43,23.44,82.08,1.08,22.04,0.65,2018,3,85,26.435000000000002,6,4.490142790704237,5.407574585167759
2018-03-27,28.37,23.99,84.73,1.19,21.26,0.92,2018,3,86,26.18,6,4.288708696339486,5.184864511470468
2018-03-28,29.22,24.01,83.79,1.3,24.12,0.36,2018,3,87,26.615000000000002,6,4.829111874818133,5.943012939171844
2018-03-29,29.06,23.98,85.09,1.45,23.9,3.97,2018,3,88,26.52,6,4.753970259981837,5.87567647879032
2018-03-30,28.18,23.99,85.15,1.17,21.55,4.17,2018,3,89,26.085,6,4.308924211852081,5.24376026435368
2018-03-31,27.7,24.92,86.77,0.79,19.7,9.72,2018,3,90,26.310000000000002,6,3.9947354801747497,4.819214235077566
2018-04-01,28.36,24.85,83.97,0.68,20.55,7.52,2018,4,91,26.605,7,4.1843784940577455,5.062199426202803
2018-04-02,28.75,24.34,83.12,0.8,23.23,3.65,2018,4,92,26.545,7,4.643686251121676,5.714319007523237
2018-04-03,28.87,24.03,84.04,1.09,23.76,0.95,2018,4,93,26.450000000000003,7,4.719274045317249,5.831641819666841
2018-04-04,27.83,24.24,87.59,0.96,20.93,3.88,2018,4,94,26.034999999999997,7,4.152748996605811,5.086849798810438
2018-04-05,29.93,24.02,81.97,1.06,24.49,0.33,2018,4,95,26.975,7,4.928153659401684,6.08518411698681
2018-04-06,28.91,24.54,82.05,1.02,24.06,0.3,2018,4,96,26.725,7,4.808193941847313,5.9435370862924275
2018-04-07,27.97,24.82,82.07,0.92,19.21,1.0,2018,4,97,26.395,7,3.9539390561337417,4.708784076033238
2018-04-08,28.62,24.18,80.06,0.95,24.13,0.55,2018,4,98,26.4,7,4.782032967981177,5.915479343385314
2018-04-09,29.19,24.11,80.3,1.37,23.41,0.47,2018,4,99,26.65,7,4.736239058862061,5.772812233849969
2018-04-10,28.96,24.77,84.28,1.54,22.62,0.19,2018,4,100,26.865000000000002,7,4.561483145663439,5.606135069475746
2018-04-11,28.95,24.8,84.24,1.44,23.28,0.48,2018,4,101,26.875,7,4.66394794707872,5.771056312405964
2018-04-12,28.8,24.63,86.02,1.18,22.72,0.3,2018,4,102,26.715,7,4.517638062162766,5.611202914428939
2018-04-13,28.5,25.39,86.31,1.46,22.67,0.5,2018,4,103,26.945,7,4.521423279094551,5.629021470680294
2018-04-14,29.82,24.95,83.63,1.44,24.53,0.03,2018,4,104,27.384999999999998,7,4.939185404595257,6.153350161382369
2018-04-15,29.48,24.7,83.76,1.44,22.83,0.04,2018,4,105,27.09,7,4.615005555218124,5.687909352437692
2018-04-16,29.76,25.18,84.05,1.41,20.71,1.95,2018,4,106,27.47,8,4.301803878930039,5.20529958571068
2018-04-17,27.98,23.49,88.86,1.35,21.68,3.91,2018,4,107,25.735,8,4.160100428184483,5.231567761112902
2018-04-18,29.37,24.53,83.28,1.54,23.37,0.15,2018,4,108,26.950000000000003,8,4.685389359934124,5.803509545970011
2018-04-19,28.99,24.7,83.23,1.57,20.52,0.63,2018,4,109,26.845,8,4.21498797590701,5.083297042843533
2018-04-20,28.89,24.21,85.62,1.31,22.46,1.04,2018,4,110,26.55,8,4.430376764911838,5.525557043781389
2018-04-21,28.5,24.61,86.33,1.11,20.49,2.03,2018,4,111,26.555,8,4.090899326153635,5.041494650743529
2018-04-22,27.74,24.62,88.16,1.37,20.91,1.72,2018,4,112,26.18,8,4.076454104755252,5.0995069113286675
2018-04-23,28.85,24.57,84.34,1.78,21.97,0.74,2018,4,113,26.71,8,4.394164401819614,5.425338528622552
2018-04-24,27.98,24.31,85.64,1.64,21.88,0.32,2018,4,114,26.145,8,4.267995377883296,5.331644320086936
2018-04-25,28.7,23.95,83.19,1.49,22.74,0.51,2018,4,115,26.325,8,4.473557204743188,5.564861517990951
2018-04-26,28.84,23.47,84.18,1.4,20.54,0.46,2018,4,116,26.155,8,4.086149119227215,5.006304508051122
2018-04-27,29.16,23.68,82.64,1.4,22.32,0.04,2018,4,117,26.42,8,4.420813013527144,5.474337782566711
2018-04-28,28.34,23.52,82.99,1.84,22.07,0.02,2018,4,118,25.93,8,4.331380374239797,5.350530663161507
2018-04-29,28.02,22.92,82.49,1.6,23.64,0.01,2018,4,119,25.47,8,4.501921436128719,5.66837147920477
2018-04-30,27.95,23.03,81.87,1.54,22.83,0.02,2018,4,120,25.490000000000002,8,4.388183305682679,5.476785631813965
2018-05-01,27.95,22.8,80.4,1.65,22.7,0.01,2018,5,121,25.375,9,4.391465487650211,5.430535742667683
2018-05-02,27.73,22.12,81.49,1.36,21.92,0.01,2018,5,122,24.925,9,4.1736451099740925,5.187046982366958
2018-05-03,27.72,21.93,82.4,1.46,21.23,0.03,2018,5,123,24.825,9,4.0486207692468525,5.011530930671118
2018-05-04,27.75,22.12,80.58,1.45,22.72,0.02,2018,5,124,24.935000000000002,9,4.305420419111955,5.377665056663901
2018-05-05,28.6,22.98,82.0,1.35,22.28,0.04,2018,5,125,25.79,9,4.308243022199594,5.3834283147103426
2018-05-06,28.76,23.6,84.98,1.58,21.6,0.25,2018,5,126,26.18,9,4.2003169577702995,5.267783323036787
2018-05-07,28.26,23.9,84.13,1.76,22.26,0.24,2018,5,127,26.08,9,4.303726647292643,5.415881487380326
2018-05-08,27.98,23.27,81.91,1.72,22.05,0.21,2018,5,128,25.625,9,4.2644993440078744,5.306849229690943
2018-05-09,27.98,22.78,82.29,1.64,21.82,0.12,2018,5,129,25.380000000000003,9,4.184588145924199,5.220642256625071
2018-05-10,28.37,23.2,82.84,1.8,22.12,0.06,2018,5,130,25.785,9,4.271435857307724,5.344129511915375
2018-05-11,27.95,23.7,82.74,2.03,21.5,0.03,2018,5,131,25.825,9,4.194368875120768,5.199305308609853
2018-05-12,27.69,23.45,83.82,1.95,20.48,0.05,2018,5,132,25.57,9,3.976276762940317,4.922490126436851
2018-05-13,28.34,23.66,83.34,1.83,20.18,0.22,2018,5,133,26.0,9,3.9882910585340627,4.900488839504474
2018-05-14,27.69,23.95,86.44,1.92,18.04,0.55,2018,5,134,25.82,9,3.56149928601497,4.362059021605061
2018-05-15,26.8,24.41,89.09,1.92,14.05,0.82,2018,5,135,25.605,9,2.8643958043391877,3.3798397108960914
2018-05-16,26.87,24.11,88.83,2.0,17.6,0.59,2018,5,136,25.490000000000002,10,3.379113468030089,4.2221387262341565
2018-05-17,26.68,23.59,85.93,1.97,17.68,0.15,2018,5,137,25.134999999999998,10,3.4451015389319584,4.205121126950883
2018-05-18,27.63,23.02,83.13,1.87,18.16,0.09,2018,5,138,25.325,10,3.614327919496548,4.339189885744869
2018-05-19,27.6,22.85,84.15,1.85,19.35,0.13,2018,5,139,25.225,10,3.737710426861615,4.612368669141051
2018-05-20,27.88,22.91,84.45,1.6,19.3,0.12,2018,5,140,25.395,10,3.724638804279848,4.619378709969473
2018-05-21,27.25,23.44,87.86,1.54,16.1,0.71,2018,5,141,25.345,10,3.159124879782755,3.8488267337735
2018-05-22,28.77,23.56,86.16,1.57,19.58,0.55,2018,5,142,26.165,10,3.805862962251795,4.773450888589366
2018-05-23,28.31,23.74,86.4,1.74,19.62,0.43,2018,5,143,26.025,10,3.787751762867836,4.76733255058942
2018-05-24,28.24,23.92,87.11,1.73,17.06,0.77,2018,5,144,26.08,10,3.3900881456336127,4.150716000660752
2018-05-25,28.89,23.74,85.74,1.43,18.56,0.14,2018,5,145,26.314999999999998,10,3.6618742772834745,4.540872233782695
2018-05-26,27.5,23.75,88.06,1.75,17.39,0.93,2018,5,146,25.625,10,3.3603234218619025,4.185311025139479
2018-05-27,27.54,23.3,85.24,1.94,18.51,0.31,2018,5,147,25.42,10,3.5866923671237707,4.432965460457871
2018-05-28,27.5,23.34,83.83,1.98,17.38,0.2,2018,5,148,25.42,10,3.472082399934281,4.162341421002581
2018-05-29,26.76,22.5,81.32,1.95,20.36,0.03,2018,5,149,24.630000000000003,10,3.8603873561716258,4.783280535094299
2018-05-30,26.78,22.04,83.12,1.52,19.82,0.03,2018,5,150,24.41,10,3.6807675158478865,4.631297639803841
2018-05-31,27.08,21.91,83.51,1.21,20.31,0.23,2018,5,151,24.494999999999997,10,3.729626132733362,4.755738201400191
2018-06-01,27.29,22.12,84.61,1.35,19.01,0.43,2018,6,152,24.705,11,3.5561179552286935,4.474333283806966
2018-06-02,27.54,22.7,84.85,1.54,19.28,0.6,2018,6,153,25.119999999999997,11,3.6404054038374185,4.584007236919016
2018-06-03,27.07,22.87,86.32,1.65,19.07,1.38,2018,6,154,24.97,11,3.5593503773730797,4.51758355199208
2018-06-04,28.3,22.92,85.5,1.1,18.19,0.68,2018,6,155,25.61,11,3.495108574335313,4.376274767106772
2018-06-05,28.7,22.62,84.92,1.09,19.53,0.16,2018,6,156,25.66,11,3.7107319573853252,4.704298101195934
2018-06-06,27.96,22.43,87.06,1.16,17.39,0.02,2018,6,157,25.195,11,3.311366884697,4.142163516952632
2018-06-07,28.07,22.68,86.49,1.18,19.52,0.03,2018,6,158,25.375,11,3.6527708754100865,4.669782277395294
2018-06-08,27.42,23.06,86.59,1.5,18.22,0.07,2018,6,159,25.240000000000002,11,3.4477563014455432,4.344592328160407
2018-06-09,26.87,22.75,85.23,1.59,17.63,0.05,2018,6,160,24.810000000000002,11,3.3529452630355117,4.160194599268374
2018-06-10,27.59,22.95,86.08,1.8,17.12,0.1,2018,6,161,25.27,11,3.317607791345102,4.085258000194291
2018-06-11,27.52,23.54,86.51,2.03,14.52,1.09,2018,6,162,25.53,11,2.97341039601475,3.4866163906108523
2018-06-12,26.82,22.4,83.9,1.78,18.53,0.26,2018,6,163,24.61,11,3.49897002863653,4.351213903012986
2018-06-13,26.44,22.29,83.58,1.65,18.87,0.04,2018,6,164,24.365000000000002,11,3.514750984076929,4.404422875257098
2018-06-14,26.53,21.82,82.33,1.69,20.01,0.09,2018,6,165,24.175,11,3.6802426957507555,4.648618503900052
2018-06-15,26.68,22.0,83.09,1.73,19.35,0.15,2018,6,166,24.34,11,3.594786181304955,4.513673330779419
2018-06-16,27.43,22.16,84.63,1.46,19.47,0.04,2018,6,167,24.795,12,3.611360302656339,4.592700699520635
2018-06-17,27.48,22.35,83.25,1.7,19.87,0.03,2018,6,168,24.915,12,3.7243464763948277,4.700799036209811
2018-06-18,27.21,21.68,83.38,1.51,19.49,0.04,2018,6,169,24.445,12,3.604384146655498,4.5581160430216885
2018-06-19,26.63,23.4,88.31,2.04,10.1,1.86,2018,6,170,25.015,12,2.2511741496315314,2.3952577962644077
2018-06-20,26.07,23.17,89.43,1.9,12.86,11.45,2018,6,171,24.62,12,2.557087030975449,3.0205256439027495
2018-06-21,26.74,22.99,87.92,1.85,11.02,1.49,2018,6,172,24.865,12,2.369736920165046,2.603910098315771
2018-06-22,26.66,22.85,88.14,1.96,16.67,2.01,2018,6,173,24.755000000000003,12,3.136813003487564,3.9283769356560745
2018-06-23,27.11,22.56,85.27,1.91,16.47,0.67,2018,6,174,24.835,12,3.2076331747896343,3.8888397613780064
2018-06-24,26.7,22.83,85.25,2.19,15.73,1.16,2018,6,175,24.765,12,3.1194072958888674,3.707767310537367
2018-06-25,26.38,22.44,84.13,2.16,15.92,1.18,2018,6,176,24.41,12,3.1491284841186182,3.719992856996828
2018-06-26,26.09,21.95,84.64,1.98,15.68,0.66,2018,6,177,24.02,12,3.0506357772802724,3.6287065206452462
2018-06-27,26.17,22.21,83.92,2.0,14.42,0.2,2018,6,178,24.19,12,2.9270629522155516,3.3512241439859976
2018-06-28,26.04,22.25,83.66,2.03,17.26,0.28,2018,6,179,24.145,12,3.3025940878829863,4.0067721569285855
2018-06-29,26.34,22.14,83.95,2.07,17.33,0.32,2018,6,180,24.240000000000002,12,3.3175757206380525,4.032499960629922
2018-06-30,26.66,22.0,84.38,1.93,19.04,0.36,2018,6,181,24.33,12,3.5317877594777056,4.440264844219862
2018-07-01,26.46,21.6,83.07,1.79,18.99,0.05,2018,7,182,24.03,13,3.521488802239424,4.395808246704569
2018-07-02,26.59,21.75,84.12,1.6,19.51,0.05,2018,7,183,24.17,13,3.5684762589256454,4.531899556428863
2018-07-03,26.58,22.25,86.74,1.82,15.55,0.49,2018,7,184,24.415,13,2.9993904100814612,3.6339835210178135
2018-07-04,26.13,22.15,83.14,2.29,18.84,0.84,2018,7,185,24.14,13,3.5492280062412385,4.373014382186894
2018-07-05,25.21,21.28,73.94,2.21,19.93,0.12,2018,7,186,23.245,13,3.878597916439149,4.5234270981409885
2018-07-06,25.86,20.07,80.48,1.87,17.29,0.14,2018,7,187,22.965,13,3.2880496975359867,3.896424470822574
2018-07-07,25.99,21.23,82.0,1.81,17.35,0.11,2018,7,188,23.61,13,3.3046764935665904,3.9742598213435034
2018-07-08,26.54,21.51,83.84,1.79,19.37,0.28,2018,7,189,24.025,13,3.5626962511483233,4.483213326486759
2018-07-09,26.15,21.98,84.14,2.14,18.35,0.22,2018,7,190,24.064999999999998,13,3.4434519000838253,4.251357294991064
2018-07-10,25.82,21.7,81.69,2.19,18.95,0.32,2018,7,191,23.759999999999998,13,3.5737585874281437,4.357110453065766
2018-07-11,26.0,21.22,81.18,1.75,18.22,0.78,2018,7,192,23.61,13,3.4397901164212055,4.173545472327298
2018-07-12,26.15,21.64,84.0,1.97,19.42,0.87,2018,7,193,23.895,13,3.5665501865149083,4.480258429290243
2018-07-13,25.9,21.32,81.69,1.97,17.21,0.45,2018,7,194,23.61,13,3.3248199514652574,3.9421908660127776
2018-07-14,25.42,20.98,81.84,1.97,15.89,4.94,2018,7,195,23.200000000000003,13,3.116243016813953,3.6023765973847683
2018-07-15,25.12,20.35,79.52,1.76,16.99,1.45,2018,7,196,22.735,13,3.2535160446124025,3.8063780849688866
2018-07-16,25.87,20.76,81.96,1.66,17.65,1.14,2018,7,197,23.315,14,3.320888869036774,4.013045615171705
2018-07-17,25.97,20.88,84.04,1.66,18.16,0.73,2018,7,198,23.424999999999997,14,3.349043745417693,4.1404854235356465
2018-07-18,26.31,21.36,85.97,1.57,19.29,0.31,2018,7,199,23.835,14,3.495452668251162,4.443608092556415
2018-07-19,26.65,21.87,85.45,1.72,19.47,0.25,2018,7,200,24.259999999999998,14,3.583820802378846,4.532696347274016
2018-07-20,27.02,22.11,84.78,1.43,19.41,0.44,2018,7,201,24.564999999999998,14,3.6164636822711898,4.5528233580087605
2018-07-21,27.42,22.4,85.95,1.33,16.21,1.04,2018,7,202,24.91,14,3.166034017338784,3.8344573974711222
2018-07-22,26.73,22.74,88.58,1.49,17.08,7.65,2018,7,203,24.735,14,3.2225932603058007,4.0230270758293045
2018-07-23,26.61,21.96,85.4,1.84,20.24,1.63,2018,7,204,24.285,14,3.7081005050699924,4.714868952409908
2018-07-24,26.1,20.55,79.79,1.92,21.92,0.04,2018,7,205,23.325000000000003,14,3.980102242906124,4.98516690857838
2018-07-25,26.52,19.99,80.03,1.68,20.45,0.01,2018,7,206,23.255,14,3.7640664436549924,4.64262447101666
2018-07-26,26.51,21.08,82.93,1.57,18.98,0.02,2018,7,207,23.795,14,3.546643132207494,4.367829559534884
2018-07-27,26.66,21.56,83.11,1.7,19.54,0.05,2018,7,208,24.11,14,3.663038702170715,4.532119425562848
2018-07-28,26.39,21.51,82.44,1.68,17.86,0.02,2018,7,209,23.950000000000003,14,3.4367300986910294,4.126013364713156
2018-07-29,26.94,21.29,82.2,1.51,19.64,0.01,2018,7,210,24.115000000000002,14,3.6941322781227037,4.555878727407709
2018-07-30,27.3,21.65,83.52,1.49,20.21,0.03,2018,7,211,24.475,14,3.7876149313237373,4.7299942323255975
2018-07-31,26.73,22.04,85.72,1.72,19.39,5.81,2018,7,212,24.384999999999998,14,3.6193055467715265,4.528028711333719
2018-08-01,26.42,21.94,85.25,1.85,17.47,3.51,2018,8,213,24.18,15,3.3525828037523753,4.059041843899271
2018-08-02,24.72,20.51,78.66,2.11,21.04,0.45,2018,8,214,22.615000000000002,15,3.8673101249623327,4.699232005941052
2018-08-03,24.91,19.74,78.75,1.94,19.34,1.15,2018,8,215,22.325,15,3.6138102197491877,4.28735792919068
2018-08-04,25.43,19.97,79.24,1.69,18.67,0.99,2018,8,216,22.7,15,3.5293641185002627,4.179007823263554
2018-08-05,24.58,20.09,81.43,2.05,14.92,3.12,2018,8,217,22.335,15,3.003380784615197,3.3083729923960385
2018-08-06,25.34,20.13,81.04,1.88,18.72,2.18,2018,8,218,22.735,15,3.5190145057850972,4.193961021225283
2018-08-07,26.35,21.06,84.2,1.8,19.74,3.92,2018,8,219,23.705,15,3.666465342287207,4.532507696112495
2018-08-08,27.12,21.57,84.07,1.7,20.87,0.36,2018,8,220,24.345,15,3.899226824371525,4.868836685576316
2018-08-09,27.32,21.44,85.9,1.51,21.39,0.88,2018,8,221,24.380000000000003,15,3.9388322377686067,4.9944606206246105
2018-08-10,26.38,21.92,85.37,1.94,16.67,6.54,2018,8,222,24.15,15,3.270325842335496,3.87028813077587
2018-08-11,26.09,21.82,84.2,2.22,18.05,6.62,2018,8,223,23.955,15,3.4952810572671495,4.170426447871226
2018-08-12,26.54,21.25,82.12,2.0,19.68,0.73,2018,8,224,23.895,15,3.771198301472301,4.540241291886302
2018-08-13,27.02,21.48,82.83,1.68,21.19,0.07,2018,8,225,24.25,15,3.9838274127413897,4.931899415816032
2018-08-14,27.01,21.69,82.9,1.79,21.46,0.22,2018,8,226,24.35,15,4.040214792831183,5.007097783897305
2018-08-15,26.24,21.37,79.98,1.86,23.29,0.14,2018,8,227,23.805,15,4.305511277052922,5.361021053000285
2018-08-16,26.24,20.64,79.85,1.76,19.9,1.51,2018,8,228,23.439999999999998,16,3.811665618137812,4.538921910444073
2018-08-17,26.19,20.88,84.34,1.74,15.07,4.71,2018,8,229,23.535,16,3.040305758366353,3.445494866010678
2018-08-18,26.39,20.94,84.38,1.72,18.32,5.01,2018,8,230,23.665,16,3.5025169579309816,4.202246435195459
2018-08-19,27.05,21.5,82.67,1.68,21.77,2.17,2018,8,231,24.275,16,4.0986036802685595,5.07002601814399
2018-08-20,27.45,21.28,82.61,1.5,22.3,0.03,2018,8,232,24.365000000000002,16,4.186313204115989,5.205014844633455
2018-08-21,27.21,21.72,83.02,1.52,21.12,0.35,2018,8,233,24.465,16,4.019984405737708,4.941756202762935
2018-08-22,27.25,21.6,82.56,1.61,21.94,0.11,2018,8,234,24.425,16,4.153529059804501,5.128568971762236
2018-08-23,26.67,21.28,80.28,1.86,22.32,0.29,2018,8,235,23.975,16,4.228454032830163,5.159572557027891
2018-08-24,26.76,20.58,75.52,1.79,22.72,0.08,2018,8,236,23.67,16,4.371133231722191,5.212172931157471
2018-08-25,27.61,20.34,77.12,1.5,22.05,0.09,2018,8,237,23.975,16,4.2481904088680045,5.097158372870296
2018-08-26,27.16,20.93,81.75,1.56,21.35,0.54,2018,8,238,24.045,16,4.061154267174308,4.943944530099811
2018-08-27,27.8,21.46,82.67,1.48,17.97,0.4,2018,8,239,24.630000000000003,16,3.610339779211636,4.221785423165253
2018-08-28,28.06,21.63,82.29,1.4,20.97,0.31,2018,8,240,24.845,16,4.083253732052136,4.952572984792518
2018-08-29,27.56,21.58,81.64,1.39,18.93,0.42,2018,8,241,24.57,16,3.7648250012862885,4.440779493854239
2018-08-30,27.73,21.22,80.82,1.41,19.94,0.47,2018,8,242,24.475,16,3.9296050588345013,4.666802820018427
2018-08-31,27.68,21.62,83.33,1.65,18.38,0.74,2018,8,243,24.65,16,3.682083206337119,4.320226876229181
2018-09-01,27.03,21.93,83.81,1.81,18.18,2.22,2018,9,244,24.48,17,3.6316214906916517,4.255412012040494
2018-09-02,27.24,21.27,81.69,1.7,20.98,0.47,2018,9,245,24.255,17,4.069508798455944,4.883626606511357
2018-09-03,26.47,20.69,78.34,1.71,23.57,0.33,2018,9,246,23.58,17,4.438346254184218,5.394971587366166
2018-09-04,27.3,20.32,79.69,1.5,18.89,1.14,2018,9,247,23.810000000000002,17,3.7663278927861294,4.348748052908245
2018-09-05,27.34,21.73,81.12,1.73,19.53,1.4,2018,9,248,24.535,17,3.91798251343791,4.577595400749907
2018-09-06,27.77,21.7,80.3,1.48,21.1,0.06,2018,9,249,24.735,17,4.1701496780415654,4.969898788056109
2018-09-07,27.85,21.83,82.07,1.62,20.89,0.22,2018,9,250,24.84,17,4.125564429972218,4.933077002258362
2018-09-08,27.65,22.15,80.72,1.79,23.57,0.21,2018,9,251,24.9,17,4.572424798667799,5.574098450305516
2018-09-09,28.49,21.65,79.71,1.46,24.71,0.21,2018,9,252,25.07,17,4.775930716743549,5.867917686516426
2018-09-10,29.29,22.14,79.83,1.38,23.54,0.04,2018,9,253,25.715,17,4.677886253800246,5.67768331706822
2018-09-11,28.17,22.27,80.49,1.67,23.49,0.06,2018,9,254,25.22,17,4.612813983209863,5.598523570867339
2018-09-12,27.43,21.86,77.06,1.6,25.38,0.03,2018,9,255,24.645,17,4.885802185836628,5.964848697880084
2018-09-13,27.65,20.77,73.41,1.36,25.06,0.02,2018,9,256,24.21,17,4.827814771828897,5.826857451065771
2018-09-14,27.27,20.79,77.47,1.54,23.83,0.26,2018,9,257,24.03,17,4.5821024400841575,5.5161722232211625
2018-09-15,27.63,20.95,78.61,1.48,22.15,0.37,2018,9,258,24.29,17,4.344869981416619,5.160437457795841
2018-09-16,28.9,21.92,79.87,1.43,23.17,0.09,2018,9,259,25.41,18,4.6064072795140065,5.547653302208248
2018-09-17,29.24,22.25,78.05,1.26,21.9,0.02,2018,9,260,25.744999999999997,18,4.464707004139768,5.285920079505935
2018-09-18,29.46,22.39,79.55,1.3,23.11,0.08,2018,9,261,25.925,18,4.659628979565304,5.601995207136452
2018-09-19,29.09,22.86,79.06,1.31,22.41,0.07,2018,9,262,25.975,18,4.561683986561601,5.438783303543663
2018-09-20,29.35,22.76,78.95,1.31,19.73,0.08,2018,9,263,26.055,18,4.15525087073853,4.797480144639325
2018-09-21,29.39,22.92,77.26,1.45,24.72,0.02,2018,9,264,26.155,18,5.005099763591752,6.025114286223161
2018-09-22,29.78,22.35,74.82,1.26,25.5,0.01,2018,9,265,26.065,18,5.135114115577832,6.201967052343636
2018-09-23,29.37,22.37,77.88,1.63,22.01,0.06,2018,9,266,25.87,18,4.573730506429407,5.328357452068441
2018-09-24,30.01,22.83,77.15,1.44,25.28,0.02,2018,9,267,26.42,18,5.14438671881828,6.2003252304339815
2018-09-25,29.72,22.65,77.84,1.36,25.24,0.01,2018,9,268,26.185,18,5.085651987124752,6.156231623619585
2018-09-26,29.85,21.52,73.31,1.15,26.83,0.0,2018,9,269,25.685000000000002,18,5.309608475154827,6.466561352126194
2018-09-27,29.29,21.1,73.84,1.16,26.63,0.0,2018,9,270,25.195,18,5.209898589982022,6.343060060750349
2018-09-28,29.24,21.85,76.5,1.38,24.65,0.01,2018,9,271,25.545,18,4.94612203336336,5.9212176411481465
2018-09-29,29.9,22.56,77.19,1.26,24.85,0.02,2018,9,272,26.229999999999997,18,5.039614925505662,6.067569824299336
2018-09-30,30.82,22.38,77.37,1.22,25.56,0.01,2018,9,273,26.6,18,5.207894795365306,6.295602383734743
2018-10-01,30.41,23.26,76.98,1.48,24.71,0.02,2018,10,274,26.835,19,5.136666982715933,6.119831047278843
2018-10-02,30.52,23.0,77.05,1.55,25.18,0.05,2018,10,275,26.759999999999998,19,5.2164111938324425,6.225308548405425
2018-10-03,29.83,22.85,76.02,1.76,25.34,0.08,2018,10,276,26.34,19,5.234981684312803,6.203322436916213
2018-10-04,30.34,22.59,73.77,1.39,23.99,0.08,2018,10,277,26.465,19,5.030019145346292,5.890173409393415
2018-10-05,31.13,22.65,74.27,1.3,24.45,0.06,2018,10,278,26.89,19,5.13859746264224,6.063218625631878
2018-10-06,30.56,23.08,77.58,1.49,23.99,0.16,2018,10,279,26.82,19,5.02195390874157,5.939429435435962
2018-10-07,30.64,23.16,76.66,1.48,25.48,0.06,2018,10,280,26.9,19,5.290827013795938,6.320116934278161
2018-10-08,29.96,23.29,76.62,1.6,26.03,0.02,2018,10,281,26.625,19,5.3523903454953645,6.415130075935312
2018-10-09,29.86,22.57,76.12,1.45,26.66,0.01,2018,10,282,26.215,19,5.390102280661269,6.507202505430605
2018-10-10,30.61,22.29,73.6,1.22,26.25,0.0,2018,10,283,26.45,19,5.368740987590997,6.442786101273341
2018-10-11,30.28,23.03,76.5,1.39,25.42,0.02,2018,10,284,26.655,19,5.241645085660629,6.269205296744929
2018-10-12,30.85,23.08,75.85,1.16,25.49,0.01,2018,10,285,26.965,19,5.272560365479529,6.33218523486477
2018-10-13,29.73,22.75,76.41,1.36,25.06,0.04,2018,10,286,26.240000000000002,19,5.126369648356618,6.120293322915735
2018-10-14,30.11,22.61,76.4,1.28,23.57,0.05,2018,10,287,26.36,19,4.896890821036104,5.77274501506019
2018-10-15,29.77,23.0,78.81,1.62,25.17,0.16,2018,10,288,26.384999999999998,19,5.149451010754963,6.168253190301182
2018-10-16,29.97,22.93,75.94,1.47,24.71,0.07,2018,10,289,26.45,20,5.129593668108742,6.064809316665305
2018-10-17,29.97,23.0,76.76,1.48,23.92,0.02,2018,10,290,26.485,20,4.994508150733959,5.875752588511675
2018-10-18,29.47,22.83,75.3,1.57,24.6,0.02,2018,10,291,26.15,20,5.102060833812609,5.995155431388662
2018-10-19,29.1,22.5,76.25,1.58,23.66,0.05,2018,10,292,25.8,20,4.892861814947985,5.718238472828612
2018-10-20,29.58,22.67,76.8,1.65,22.19,0.07,2018,10,293,26.125,20,4.7075052339721895,5.404619759150795
2018-10-21,30.68,22.91,75.44,1.38,24.07,0.1,2018,10,294,26.795,20,5.077572492289964,5.955754397040789
2018-10-22,30.89,23.0,76.05,1.32,23.42,0.09,2018,10,295,26.945,20,4.970394195617248,5.81524847125419
2018-10-23,30.79,23.34,76.52,1.34,24.78,0.23,2018,10,296,27.064999999999998,20,5.200349035614936,6.17015012390757
2018-10-24,30.94,23.28,73.49,1.42,25.99,0.04,2018,10,297,27.11,20,5.473460054494177,6.478206664398855
2018-10-25,30.31,22.96,72.83,1.4,24.16,0.02,2018,10,298,26.634999999999998,20,5.123216473610415,5.955663241064938
2018-10-26,30.37,22.94,73.19,1.45,25.58,0.0,2018,10,299,26.655,20,5.35677570857446,6.308665282877077
2018-10-27,30.33,23.14,76.02,1.58,23.52,0.78,2018,10,300,26.735,20,5.006390223374288,5.811501528101747
2018-10-28,30.34,23.05,73.93,1.53,25.57,1.24,2018,10,301,26.695,20,5.363142416203055,6.3121148980898045
2018-10-29,30.69,22.84,70.74,1.36,25.81,0.11,2018,10,302,26.765,20,5.434567031812457,6.381811425786991
2018-10-30,30.66,22.57,72.71,1.37,27.58,0.05,2018,10,303,26.615000000000002,20,5.6683598751551525,6.795534695786046
2018-10-31,30.01,23.1,73.76,1.49,25.62,0.09,2018,10,304,26.555,20,5.34500341345925,6.303713662862334
2018-11-01,30.73,23.15,74.46,1.38,24.85,0.83,2018,11,305,26.939999999999998,21,5.245174227705166,6.169602260786005
2018-11-02,30.51,23.61,78.88,1.51,21.51,0.99,2018,11,306,27.060000000000002,21,4.6437002668916305,5.355306820020772
2018-11-03,30.79,24.33,79.99,1.67,25.4,4.69,2018,11,307,27.56,21,5.337741463789601,6.397338357037747
2018-11-04,28.59,24.64,86.1,1.58,21.21,13.59,2018,11,308,26.615000000000002,21,4.3576071086514885,5.22600764675932
2018-11-05,29.54,24.38,83.49,1.49,21.34,5.96,2018,11,309,26.96,21,4.484631910269586,5.300631351399758
2018-11-06,28.24,24.53,86.2,1.6,22.17,6.32,2018,11,310,26.384999999999998,21,4.485663629361799,5.433062106832626
2018-11-07,27.74,24.26,87.85,1.39,18.98,21.61,2018,11,311,26.0,21,3.883727050699483,4.60908216916724
2018-11-08,28.25,24.05,86.46,1.07,20.74,17.53,2018,11,312,26.15,21,4.226194006981652,5.054452180772391
2018-11-09,28.81,23.96,85.34,1.18,19.61,3.11,2018,11,313,26.384999999999998,21,4.081584580626144,4.805699048939458
2018-11-10,28.76,24.03,85.63,1.27,20.73,0.56,2018,11,314,26.395000000000003,21,4.266808379837927,5.081368760862522
2018-11-11,30.1,24.51,83.21,1.39,22.02,4.03,2018,11,315,27.305,21,4.642655236621065,5.513514679320513
2018-11-12,29.89,24.46,83.63,1.47,21.12,4.01,2018,11,316,27.175,21,4.470080451091,5.272269140419814
2018-11-13,30.12,24.41,81.71,1.51,23.4,1.19,2018,11,317,27.265,21,4.910129110308583,5.853628223049186
2018-11-14,29.89,24.53,83.49,1.54,23.92,14.84,2018,11,318,27.21,21,4.949903653174451,5.976091321084278
2018-11-15,27.84,24.69,87.95,1.44,21.72,17.13,2018,11,319,26.265,21,4.361162631958533,5.307718042024476
2018-11-16,29.72,24.6,83.52,1.24,24.65,1.44,2018,11,320,27.16,22,5.058671300047449,6.151336377165574
2018-11-17,30.88,24.22,80.48,0.97,25.47,0.32,2018,11,321,27.549999999999997,22,5.284711658184421,6.413493176726012
2018-11-18,31.23,23.92,81.82,1.09,23.87,1.26,2018,11,322,27.575000000000003,22,5.009340162472592,6.014061335619375
2018-11-19,31.34,23.86,79.74,1.36,24.85,0.43,2018,11,323,27.6,22,5.2374430431850785,6.264572465880893
2018-11-20,31.0,23.72,78.29,1.62,26.14,0.33,2018,11,324,27.36,22,5.474035158224695,6.553433804138844
2018-11-21,30.83,23.62,77.15,1.32,25.93,0.14,2018,11,325,27.225,22,5.403152425808596,6.480514870206128
2018-11-22,28.96,24.13,79.31,1.54,25.25,3.64,2018,11,326,26.545,22,5.166542045367435,6.2112163125252575
2018-11-23,29.65,23.56,78.84,1.43,23.56,6.73,2018,11,327,26.604999999999997,22,4.90808628670367,5.803669999091874
2018-11-24,29.37,23.46,80.33,1.44,18.78,6.86,2018,11,328,26.415,22,4.07952702888224,4.605553185641126
2018-11-25,28.49,23.58,85.04,1.5,21.57,22.17,2018,11,329,26.034999999999997,22,4.380571006812549,5.24239608983952
2018-11-26,26.88,23.68,87.24,1.14,14.59,25.84,2018,11,330,25.28,22,3.110438299281049,3.482378696758574
2018-11-27,27.55,23.5,88.2,1.09,22.47,20.14,2018,11,331,25.525,22,4.421162853768024,5.394962480698413
2018-11-28,26.2,24.17,91.66,1.39,20.17,11.03,2018,11,332,25.185000000000002,22,3.9091171597022867,4.803174661644732
2018-11-29,26.1,24.02,91.15,1.58,10.84,10.59,2018,11,333,25.060000000000002,22,2.398048037524438,2.573564632424358
2018-11-30,29.46,23.76,83.55,1.38,16.97,4.89,2018,11,334,26.61,22,3.7149417405554277,4.1808081911357995
2018-12-01,28.13,23.9,85.21,1.49,20.37,3.4,2018,12,335,26.015,23,4.175958574173692,4.9483932949323535
2018-12-02,29.61,23.53,81.44,1.29,22.97,3.81,2018,12,336,26.57,23,4.743463319435793,5.653682645577064
2018-12-03,27.74,23.88,86.34,1.37,15.57,10.2,2018,12,337,25.81,23,3.3424260954827547,3.7639156964035205
2018-12-04,29.9,23.89,84.51,1.34,21.31,2.59,2018,12,338,26.895,23,4.4478469287252445,5.28516414177355
2018-12-05,28.35,24.66,88.11,1.23,21.48,8.28,2018,12,339,26.505000000000003,23,4.355600146035285,5.278870476797886
2018-12-06,27.16,24.93,91.51,1.53,22.86,14.41,2018,12,340,26.045,23,4.432684120130441,5.557239714010533
2018-12-07,29.06,25.06,86.86,1.34,22.38,7.93,2018,12,341,27.06,23,4.592617012496727,5.571909187915614
2018-12-08,29.19,24.95,86.13,1.15,22.17,3.82,2018,12,342,27.07,23,4.575175527011798,5.520909115820133
2018-12-09,29.96,24.43,82.33,1.17,20.25,3.24,2018,12,343,27.195,23,4.327089166966069,5.057432379010849
2018-12-10,30.49,24.57,82.41,0.97,22.38,0.13,2018,12,344,27.53,23,4.716482934955759,5.632820161400238
2018-12-11,29.13,24.53,85.96,1.37,21.33,0.32,2018,12,345,26.83,23,4.407445107590204,5.282102348007338
2018-12-12,28.56,24.55,86.27,1.21,20.51,0.98,2018,12,346,26.555,23,4.230408973589512,5.046415582564656
2018-12-13,27.72,24.49,85.64,1.05,16.97,1.63,2018,12,347,26.104999999999997,23,3.594474250065045,4.131270058423733
2018-12-14,29.97,24.11,84.34,1.21,21.58,1.27,2018,12,348,27.04,23,4.507697753232262,5.3702364530818345
2018-12-15,28.34,24.57,86.39,1.42,21.84,1.34,2018,12,349,26.455,23,4.437597806644431,5.36102938183552
2018-12-16,28.53,24.34,85.1,1.5,20.18,0.97,2018,12,350,26.435000000000002,24,4.192024857796022,4.951218472263402
2018-12-17,29.67,24.18,79.8,1.57,22.92,0.14,2018,12,351,26.925,24,4.833993565204728,5.688444450781719
2018-12-18,29.75,23.51,81.04,1.51,22.33,0.76,2018,12,352,26.630000000000003,24,4.672572866263727,5.503905601223029
2018-12-19,27.9,23.57,83.21,1.31,17.21,2.37,2018,12,353,25.735,24,3.6725955399361023,4.152918873097465
2018-12-20,30.16,23.19,78.84,1.0,18.4,0.81,2018,12,354,26.675,24,4.00172162615573,4.5400268729810636
2018-12-21,29.09,23.72,84.26,1.19,22.33,4.41,2018,12,355,26.405,24,4.560907087226014,5.474854058381804
2018-12-22,29.02,24.08,84.35,1.56,19.66,7.25,2018,12,356,26.549999999999997,24,4.143372294554704,4.836707545892348
2018-12-23,27.85,24.31,86.05,1.57,15.63,11.1,2018,12,357,26.08,24,3.3919320103605974,3.8027954918128706
2018-12-24,27.11,23.31,86.66,1.55,10.56,14.94,2018,12,358,25.21,24,2.502335225696005,2.5162239700705515
2018-12-25,28.89,23.1,79.02,1.23,20.1,0.58,2018,12,359,25.995,24,4.246094544558094,4.880481182341275
2018-12-26,29.35,23.75,82.87,1.56,21.99,1.48,2018,12,360,26.55,24,4.565388308575805,5.409928735207157
2018-12-27,28.29,24.08,85.36,1.64,21.75,0.67,2018,12,361,26.185,24,4.417046347356494,5.304993574236371
2018-12-28,28.8,23.89,82.67,1.66,13.13,3.61,2018,12,362,26.345,24,3.1251918495079587,3.2146503400757562
2018-12-29,29.68,23.77,83.15,1.86,16.43,7.29,2018,12,363,26.725,24,3.7011721795541566,4.0586996811215545
2018-12-30,28.9,24.57,84.99,1.51,18.43,3.75,2018,12,364,26.735,24,3.938753677155805,4.553825389579727
2018-12-31,27.84,24.55,86.35,0.7,22.45,3.95,2018,12,365,26.195,24,4.531138176229444,5.477026313355312
2019-01-01,26.98,24.56,90.61,0.85,17.18,17.95,2019,1,1,25.77,1,3.529678756610666,4.1491514634202975
2019-01-02,27.48,24.37,86.12,1.71,12.46,4.18,2019,1,2,25.925,1,2.8786095508092,3.02037474171009
2019-01-03,26.14,23.74,89.75,1.63,8.42,14.35,2019,1,3,24.939999999999998,1,2.0571659336222643,1.9931978024796186
2019-01-04,29.07,23.36,80.74,0.84,17.02,5.5,2019,1,4,26.215,1,3.6712587198037467,4.154260564232141
2019-01-05,29.51,23.94,81.07,0.74,23.89,6.32,2019,1,5,26.725,1,4.879971487598969,5.901542019597926
2019-01-06,29.7,24.51,82.92,0.82,15.13,15.99,2019,1,6,27.105,1,3.382292580185583,3.7708305255366406
2019-01-07,29.63,24.24,82.79,0.85,25.01,6.78,2019,1,7,26.935,1,5.095850780068475,6.208602410460393
2019-01-08,30.33,23.76,80.88,0.95,24.08,1.25,2019,1,8,27.045,1,4.976973627658692,5.9930645227709265
2019-01-09,31.05,24.06,80.17,0.43,25.2,3.04,2019,1,9,27.555,1,5.1949639492215045,6.346235611849681
2019-01-10,29.32,24.66,84.25,0.59,24.65,5.73,2019,1,10,26.990000000000002,1,5.0282125263373345,6.127080197983142
2019-01-11,28.89,24.97,85.79,0.48,24.01,2.46,2019,1,11,26.93,1,4.90560254612222,5.959662905292598
2019-01-12,28.85,24.88,85.27,0.69,21.85,10.73,2019,1,12,26.865000000000002,1,4.510526338342085,5.415298464546643
2019-01-13,28.07,24.96,83.39,0.53,23.55,10.79,2019,1,13,26.515,1,4.772151350971547,5.788950145696437
2019-01-14,29.71,23.89,81.9,0.92,22.42,17.36,2019,1,14,26.8,1,4.6475877910737005,5.548135597630692
2019-01-15,28.85,24.64,86.39,0.98,20.52,38.5,2019,1,15,26.745,1,4.256851347716761,5.071425598828494
2019-01-16,26.87,24.52,87.91,1.02,5.95,12.41,2019,1,16,25.695,2,1.6712974088031978,1.4344113424764278
2019-01-17,27.68,24.09,83.56,0.78,13.75,4.97,2019,1,17,25.884999999999998,2,3.04578804474781,3.329901505471058
2019-01-18,27.56,23.8,83.72,0.84,16.78,9.08,2019,1,18,25.68,2,3.54760039172111,4.043827952031044
2019-01-19,30.36,24.63,78.67,0.67,17.79,17.85,2019,1,19,27.494999999999997,2,3.9022910531726347,4.4739563595434175
2019-01-20,29.36,24.79,84.42,1.04,23.23,19.38,2019,1,20,27.075,2,4.792360318767892,5.785549121107804
2019-01-21,28.09,24.54,89.67,1.7,20.29,18.48,2019,1,21,26.314999999999998,2,4.078636785926754,4.964132415056621
2019-01-22,26.46,24.52,91.16,1.85,17.01,37.42,2019,1,22,25.490000000000002,2,3.408505507493815,4.080601121206989
2019-01-23,26.6,24.03,88.99,2.29,10.63,7.45,2019,1,23,25.315,2,2.485509733466646,2.5393420497466592
2019-01-24,26.96,23.97,87.23,2.44,16.4,9.57,2019,1,24,25.465,2,3.4523131258329447,3.9318995646130643
2019-01-25,28.66,23.75,83.8,2.3,20.82,2.84,2019,1,25,26.205,2,4.347454313920455,5.080565631512307
2019-01-26,28.96,24.37,85.46,1.97,23.58,2.83,2019,1,26,26.665,2,4.7753454416535215,5.816779282179039
2019-01-27,28.13,25.24,88.01,1.45,16.51,8.08,2019,1,27,26.685,2,3.5347448338446084,4.07464210182702
2019-01-28,27.2,24.87,86.16,0.95,9.07,3.78,2019,1,28,26.035,2,2.239165961180075,2.2043825931777676
2019-01-29,28.08,24.56,84.45,0.68,21.04,0.84,2019,1,29,26.32,2,4.318179453868124,5.148234777220907
2019-01-30,29.62,24.2,82.65,0.63,25.18,2.41,2019,1,30,26.91,2,5.124083618710946,6.247161297641895
2019-01-31,27.56,24.28,85.44,1.03,16.11,25.31,2019,1,31,25.92,2,3.444892548097157,3.904690227512026
2019-02-01,28.54,24.07,83.79,1.15,17.15,4.89,2019,2,32,26.305,3,3.6936228292666375,4.194911684248163
2019-02-02,28.53,24.21,87.2,1.36,21.38,12.26,2019,2,33,26.37,3,4.34721289893763,5.237607907448668
2019-02-03,27.96,24.07,86.94,1.33,21.64,5.37,2019,2,34,26.015,3,4.355607621261711,5.256908733546202
2019-02-04,28.26,24.2,86.9,1.45,18.64,5.45,2019,2,35,26.23,3,3.8807798853266067,4.551287787723929
2019-02-05,27.65,24.63,88.7,1.56,16.62,3.37,2019,2,36,26.14,3,3.489212562331194,4.049425163898176
2019-02-06,27.87,24.69,87.89,1.12,18.41,7.54,2019,2,37,26.28,3,3.8242566619166114,4.500449123614999
2019-02-07,27.46,24.35,89.2,1.24,21.32,4.78,2019,2,38,25.905,3,4.249571290308276,5.165626297291753
2019-02-08,27.81,24.21,86.82,1.26,18.35,29.02,2019,2,39,26.009999999999998,3,3.8103259664858005,4.457153683835618
2019-02-09,28.54,23.61,85.0,1.24,20.67,6.95,2019,2,40,26.075,3,4.2422941245268175,5.028435710259891
2019-02-10,28.97,23.96,83.03,1.04,22.87,4.94,2019,2,41,26.465,3,4.679214449779454,5.615184071397558
2019-02-11,28.11,23.72,83.55,1.04,21.63,3.32,2019,2,42,25.915,3,4.399392384046288,5.2419855144652425
2019-02-12,29.21,23.71,81.19,0.84,19.47,1.69,2019,2,43,26.46,3,4.107194360492187,4.779832164793002
2019-02-13,26.87,24.23,87.05,0.53,14.77,8.88,2019,2,44,25.55,3,3.138169223344212,3.548352588290431
2019-02-14,29.72,23.99,80.6,0.55,24.01,0.94,2019,2,45,26.854999999999997,3,4.90704783200145,5.949243094795815
2019-02-15,30.52,24.06,81.23,1.22,24.9,1.3,2019,2,46,27.29,3,5.167221760898324,6.23246544672135
2019-02-16,31.28,23.99,77.75,0.89,25.71,1.1,2019,2,47,27.634999999999998,4,5.360138152596897,6.4865885968095
2019-02-17,28.87,24.9,80.41,0.34,25.39,0.61,2019,2,48,26.884999999999998,4,5.126667957832237,6.295589390340241
2019-02-18,28.01,24.56,84.46,0.4,19.47,3.24,2019,2,49,26.285,4,4.02308924593691,4.760135952168793
2019-02-19,26.98,24.22,86.26,0.59,17.35,2.92,2019,2,50,25.6,4,3.5936224506914245,4.173180323002305
2019-02-20,29.51,24.78,79.43,0.51,20.78,6.18,2019,2,51,27.145000000000003,4,4.356207179221532,5.1837845423529725
2019-02-21,29.42,24.71,79.45,0.49,21.15,6.34,2019,2,52,27.065,4,4.409479251542746,5.266290359993748
2019-02-22,29.44,24.81,81.05,0.55,24.17,3.18,2019,2,53,27.125,4,4.955971369640657,6.0266564613135545
2019-02-23,29.29,24.74,81.51,0.86,25.06,0.76,2019,2,54,27.015,4,5.116720835082522,6.232616983294777
2019-02-24,29.78,24.13,83.11,0.95,25.65,0.74,2019,2,55,26.955,4,5.20736222948073,6.370447785873245
2019-02-25,30.59,24.63,80.46,0.75,25.62,0.09,2019,2,56,27.61,4,5.29456054367089,6.460170450402326
2019-02-26,30.06,24.2,83.34,1.15,26.7,1.38,2019,2,57,27.13,4,5.409647539282185,6.6582708601851435
2019-02-27,29.98,24.51,82.93,1.01,22.14,4.97,2019,2,58,27.245,4,4.634720748229138,5.535868891127322
2019-02-28,30.07,24.9,84.3,0.88,21.97,8.12,2019,2,59,27.485,4,4.608253618351123,5.523899931278169
2019-03-01,29.5,24.94,84.52,1.06,22.9,5.94,2019,3,60,27.22,5,4.739267178621929,5.722583884698266
2019-03-02,29.26,24.33,82.14,0.71,21.89,1.1,2019,3,61,26.795,5,4.520560983966827,5.4163466452523
2019-03-03,28.9,24.42,83.33,0.69,21.65,5.2,2019,3,62,26.66,5,4.453341158412585,5.34005546960679
2019-03-04,27.49,24.1,88.15,0.92,20.42,9.83,2019,3,63,25.795,5,4.106176125354163,4.934593427892301
2019-03-05,30.41,24.45,80.07,0.69,20.78,6.97,2019,3,64,27.43,5,4.402927374717156,5.218078832487528
2019-03-06,26.89,24.8,91.08,0.62,8.54,6.78,2019,3,65,25.845,5,2.016602261528853,2.0661987698810518
2019-03-07,27.18,24.55,89.05,1.42,6.24,15.32,2019,3,66,25.865000000000002,5,1.737269607072059,1.5104490973752922
2019-03-08,26.28,23.87,88.11,1.78,14.35,8.43,2019,3,67,25.075000000000003,5,3.044106338317178,3.408127981829395
2019-03-09,28.35,23.54,84.64,1.83,21.44,0.99,2019,3,68,25.945,5,4.348184509294613,5.199654428171969
2019-03-10,29.79,23.37,83.61,1.4,24.59,0.38,2019,3,69,26.58,5,4.961137024408662,6.0538406577595065
2019-03-11,29.16,24.19,83.62,0.61,24.59,2.77,2019,3,70,26.675,5,4.953284341601958,6.067351130793715
2019-03-12,29.31,24.16,82.32,0.41,21.36,5.44,2019,3,71,26.735,5,4.37986021452426,5.277792204092402
2019-03-13,27.32,24.25,90.37,0.91,19.48,37.48,2019,3,72,25.785,5,3.9051438674808465,4.706312969806125
2019-03-14,28.75,23.33,84.58,1.21,19.26,7.56,2019,3,73,26.04,5,3.9833123036564055,4.6815275219640125
2019-03-15,27.15,23.36,84.85,1.6,14.77,7.92,2019,3,74,25.255,5,3.208434041466495,3.5232115029192688
2019-03-16,28.08,23.1,84.06,1.29,18.09,14.74,2019,3,75,25.59,6,3.759465343111681,4.350127688826857
2019-03-17,27.91,23.32,86.22,1.34,19.7,7.94,2019,3,76,25.615000000000002,6,3.9743350017248513,4.740129486031201
2019-03-18,26.05,23.67,90.49,1.07,18.82,9.61,2019,3,77,24.86,6,3.681806784531121,4.446425652711201
2019-03-19,28.4,23.56,85.24,0.93,21.14,2.6,2019,3,78,25.979999999999997,6,4.257850956520142,5.13117187444835
2019-03-20,27.44,24.8,88.27,0.92,19.82,9.06,2019,3,79,26.12,6,4.006176577188091,4.826807470222015
2019-03-21,27.05,24.73,91.97,1.14,18.59,25.88,2019,3,80,25.89,6,3.7036595855233587,4.502563656295241
2019-03-22,27.83,24.79,90.45,1.18,19.75,11.47,2019,3,81,26.31,6,3.9633317092306433,4.831445743288422
2019-03-23,27.0,24.6,91.33,1.21,13.91,12.4,2019,3,82,25.8,6,2.9171479860054226,3.3618215197398986
2019-03-24,25.63,23.8,89.94,0.61,17.41,21.27,2019,3,83,24.715,6,3.4603407688995476,4.098748782704447
2019-03-25,28.46,24.32,86.21,0.54,15.88,8.61,2019,3,84,26.39,6,3.355973410364627,3.8920704673008197
2019-03-26,29.33,24.55,84.83,0.73,20.08,4.12,2019,3,85,26.939999999999998,6,4.156691199292617,4.985336555194485
2019-03-27,27.49,24.38,87.74,1.11,20.96,1.35,2019,3,86,25.935,6,4.162110948993171,5.082033615998329
2019-03-28,28.54,23.9,84.4,1.01,23.12,0.56,2019,3,87,26.22,6,4.599613023203958,5.643823411274544
2019-03-29,28.95,24.22,82.18,0.92,20.38,0.71,2019,3,88,26.585,6,4.200007649459215,5.01796515373058
2019-03-30,30.06,24.23,78.23,0.69,24.12,5.81,2019,3,89,27.145,6,4.892787972900604,6.016981865329821
2019-03-31,29.49,23.9,82.74,1.07,23.68,7.0,2019,3,90,26.695,6,4.766081725470717,5.845556542306085
2019-04-01,29.41,24.18,80.83,1.07,22.29,1.3,2019,4,91,26.795,7,4.564500476204922,5.515320544663032
2019-04-02,29.11,24.23,81.28,0.96,21.6,0.7,2019,4,92,26.67,7,4.413989322441243,5.328972096038181
2019-04-03,28.52,23.81,83.57,1.24,20.51,0.87,2019,4,93,26.165,7,4.166865458437266,5.000177616188351
2019-04-04,26.79,24.48,89.88,1.42,18.75,12.4,2019,4,94,25.634999999999998,7,3.692477800313418,4.5137092508910595
2019-04-05,27.54,24.01,85.49,1.05,14.6,11.84,2019,4,95,25.775,7,3.1171860477423516,3.52647572269325
2019-04-06,27.63,23.69,88.0,0.98,16.75,7.64,2019,4,96,25.66,7,3.413706771609043,4.0346642700989195
2019-04-07,28.95,24.01,81.77,1.0,24.3,0.61,2019,4,97,26.48,7,4.8167660729566135,5.9683939855681185
2019-04-08,29.84,23.55,82.6,0.95,21.13,0.86,2019,4,98,26.695,7,4.310679344507666,5.2160730464074145
2019-04-09,27.82,24.77,85.16,0.67,17.38,13.86,2019,4,99,26.295,7,3.581417652268943,4.250165431247798
2019-04-10,29.8,24.33,82.48,0.85,18.29,7.61,2019,4,100,27.064999999999998,7,3.850631510450995,4.55415842478892
2019-04-11,28.97,24.36,84.93,0.8,18.53,9.47,2019,4,101,26.665,7,3.8183534816765996,4.571031386716607
2019-04-12,27.22,24.08,88.28,1.11,18.65,25.76,2019,4,102,25.65,7,3.6978723091819563,4.491251046582128
2019-04-13,28.1,23.54,86.95,0.96,18.19,2.82,2019,4,103,25.82,7,3.659643015352695,4.398328913691578
2019-04-14,27.32,24.86,92.72,1.13,18.03,14.9,2019,4,104,26.09,7,3.5565246449574555,4.387759713155199
2019-04-15,28.28,24.63,88.47,0.54,20.82,1.75,2019,4,105,26.455,7,4.151910791248486,5.110651635980565
2019-04-16,27.62,24.96,89.5,1.04,19.08,1.06,2019,4,106,26.29,8,3.8015163864276373,4.665337929593548
2019-04-17,27.78,24.7,88.67,1.8,21.06,1.38,2019,4,107,26.240000000000002,8,4.095671380478878,5.143390956927589
2019-04-18,29.27,24.44,84.0,1.77,23.34,0.21,2019,4,108,26.855,8,4.659342277803276,5.783229230842747
2019-04-19,28.62,24.14,84.4,1.7,23.22,1.69,2019,4,109,26.380000000000003,8,4.560222535307518,5.6897078367134775
2019-04-20,28.94,24.64,84.77,1.91,20.17,1.71,2019,4,110,26.79,8,4.128521541677907,4.990175432631588
2019-04-21,28.97,24.18,83.88,1.81,22.57,0.12,2019,4,111,26.575,8,4.494143736777018,5.555881909125536
2019-04-22,29.52,24.47,83.94,1.78,22.23,0.43,2019,4,112,26.994999999999997,8,4.489976424648885,5.5262007944507285
2019-04-23,28.67,24.63,83.17,1.98,23.06,0.19,2019,4,113,26.65,8,4.592821496437298,5.686503635736021
2019-04-24,29.0,24.34,83.43,1.71,22.08,0.23,2019,4,114,26.67,8,4.424294558495971,5.447393698172362
2019-04-25,28.37,24.06,85.64,1.71,21.02,0.77,2019,4,115,26.215,8,4.143293215563234,5.1305850211609645
2019-04-26,29.01,24.24,86.2,1.57,21.78,2.61,2019,4,116,26.625,8,4.295530270810735,5.367711604067272
2019-04-27,28.89,24.35,86.18,1.55,19.93,2.5,2019,4,117,26.62,8,3.9972608669996426,4.911200187308796
2019-04-28,28.66,24.48,87.25,1.46,18.89,4.05,2019,4,118,26.57,8,3.7956437888822543,4.649458649323062
2019-04-29,26.19,24.51,92.78,1.13,11.84,8.5,2019,4,119,25.35,8,2.4457280914522257,2.830783076411189
2019-04-30,28.46,24.09,87.88,1.16,18.63,1.72,2019,4,120,26.275,8,3.703549892842613,4.553691239624902
2019-05-01,28.68,24.2,86.48,1.2,19.68,4.76,2019,5,121,26.439999999999998,9,3.9094408436331998,4.829110986474065
2019-05-02,27.06,23.82,87.6,1.04,17.91,4.63,2019,5,122,25.439999999999998,9,3.500190456090533,4.291338228811985
2019-05-03,28.38,23.77,86.08,1.29,21.55,0.24,2019,5,123,26.075,9,4.164494199071011,5.242515218001966
2019-05-04,28.69,23.77,84.69,1.16,21.37,0.26,2019,5,124,26.23,9,4.169956200671732,5.2178658810976595
2019-05-05,28.78,23.94,86.62,1.41,20.95,1.19,2019,5,125,26.36,9,4.087709800047193,5.131056769856214
2019-05-06,28.65,24.37,86.7,1.55,19.84,0.52,2019,5,126,26.509999999999998,9,3.923744695937644,4.876401814158416
2019-05-07,28.3,24.17,85.2,1.69,20.34,0.1,2019,5,127,26.235,9,4.003805272511647,4.966960786410261
2019-05-08,27.69,23.43,84.3,1.6,21.18,0.26,2019,5,128,25.560000000000002,9,4.064525522308609,5.089516822933328
2019-05-09,27.34,22.79,82.9,1.74,19.78,0.23,2019,5,129,25.064999999999998,9,3.843693242712607,4.696613506683049
2019-05-10,27.32,23.34,82.15,2.15,19.4,0.12,2019,5,130,25.33,9,3.8701153210143735,4.6360377998464495
2019-05-11,27.54,22.63,82.16,1.91,20.74,0.04,2019,5,131,25.085,9,4.008431874994149,4.926950293607609
2019-05-12,27.73,22.77,83.46,1.67,20.59,0.94,2019,5,132,25.25,9,3.952000262507236,4.910910868077973
2019-05-13,27.76,23.26,86.07,1.64,21.33,1.62,2019,5,133,25.51,9,4.02196342712507,5.119406231384449
2019-05-14,28.11,23.1,84.52,1.61,21.29,0.11,2019,5,134,25.605,9,4.060770018558971,5.121479533450375
2019-05-15,27.73,23.53,84.83,1.83,20.31,0.1,2019,5,135,25.630000000000003,9,3.913021909307286,4.888663654381166
2019-05-16,27.46,22.86,84.49,1.57,18.82,0.11,2019,5,136,25.16,10,3.639302730798028,4.47897932655047
2019-05-17,27.28,22.94,83.74,1.56,20.81,0.06,2019,5,137,25.11,10,3.931444981706899,4.946579495452471
2019-05-18,26.8,22.46,83.41,1.37,20.31,0.03,2019,5,138,24.630000000000003,10,3.796997804891474,4.771533775430512
2019-05-19,27.44,22.29,84.6,1.58,21.37,0.01,2019,5,139,24.865000000000002,10,3.961510486392722,5.049506243285666
2019-05-20,27.72,23.0,86.49,1.65,20.02,0.14,2019,5,140,25.36,10,3.7775016927719354,4.787664963133133
2019-05-21,27.71,23.27,85.69,1.73,20.91,0.1,2019,5,141,25.490000000000002,10,3.937520911422439,5.0161886798611475
2019-05-22,27.88,23.33,86.28,1.82,19.42,0.13,2019,5,142,25.604999999999997,10,3.7187844404202566,4.6716360986193655
2019-05-23,28.15,23.56,85.62,1.73,19.11,0.07,2019,5,143,25.854999999999997,10,3.7135261107726865,4.624646744411792
2019-05-24,27.19,22.88,83.24,1.94,21.33,0.02,2019,5,144,25.035,10,4.002045604968659,5.060959638131558
2019-05-25,26.58,22.6,85.65,1.75,19.85,0.09,2019,5,145,24.59,10,3.6687073457023582,4.658889006667807
2019-05-26,27.34,23.29,85.25,1.86,17.54,0.75,2019,5,146,25.314999999999998,10,3.436134445290488,4.190033824323273
2019-05-27,27.7,22.94,84.94,1.66,18.75,0.21,2019,5,147,25.32,10,3.606074065137372,4.479624905858929
2019-05-28,27.98,23.5,85.89,1.73,18.54,0.2,2019,5,148,25.740000000000002,10,3.595993868365736,4.474394371377999
2019-05-29,27.58,23.23,85.6,2.03,18.44,1.57,2019,5,149,25.405,10,3.5635647793570087,4.414605106329928
2019-05-30,26.97,23.06,83.42,2.18,19.17,0.75,2019,5,150,25.015,10,3.6958010214807655,4.546246728157296
2019-05-31,26.56,22.81,81.7,2.27,17.11,0.05,2019,5,151,24.685,10,3.4538618708948583,4.025163442722042
2019-06-01,26.88,22.65,82.8,2.2,16.87,0.16,2019,6,152,24.765,11,3.38306912401495,3.9764802624771383
2019-06-02,26.66,22.42,83.91,1.94,17.22,0.22,2019,6,153,24.54,11,3.3440346701780506,4.036655377240324
2019-06-03,27.07,22.87,86.3,1.84,15.42,0.32,2019,6,154,24.97,11,3.0564044980064757,3.6529175863512258
2019-06-04,27.66,23.14,84.85,1.71,16.05,0.23,2019,6,155,25.4,11,3.21624982842973,3.841967100923427
2019-06-05,27.81,22.95,86.24,1.61,18.32,0.28,2019,6,156,25.38,11,3.496038074355012,4.3832340119785185
2019-06-06,27.54,22.53,84.99,1.61,19.34,0.05,2019,6,157,25.035,11,3.6320801699018315,4.588793220884404
2019-06-07,27.88,22.59,85.54,1.48,18.8,0.01,2019,6,158,25.235,11,3.558573880350501,4.482352171238733
2019-06-08,26.96,22.73,87.06,1.36,17.92,0.12,2019,6,159,24.845,11,3.3506654386091634,4.2322416732227905
2019-06-09,26.88,23.01,86.79,1.51,17.17,0.27,2019,6,160,24.945,11,3.260391312623762,4.0650087388666085
2019-06-10,27.58,22.78,85.43,1.47,19.81,0.08,2019,6,161,25.18,11,3.691444092185515,4.716874921353183
2019-06-11,27.03,22.95,86.88,1.62,18.34,0.08,2019,6,162,24.990000000000002,11,3.4297712726473195,4.346765132156034
2019-06-12,27.28,22.91,86.53,1.86,18.24,0.66,2019,6,163,25.095,11,3.4420622980390485,4.334107450131962
2019-06-13,26.57,23.01,89.1,1.82,11.94,2.58,2019,6,164,24.79,11,2.4539885654265996,2.816134935032237
2019-06-14,27.1,23.13,89.29,1.86,11.43,3.39,2019,6,165,25.115000000000002,11,2.3995627335497662,2.7172639198503323
2019-06-15,26.5,22.42,85.26,1.92,19.09,0.38,2019,6,166,24.46,11,3.523293782983035,4.466217549579329
2019-06-16,25.72,21.82,84.09,1.69,19.19,0.06,2019,6,167,23.77,12,3.47988192259178,4.413396710314521
2019-06-17,26.14,21.54,84.87,1.74,20.08,0.05,2019,6,168,23.84,12,3.5902440707286756,4.6261686100675155
2019-06-18,26.45,21.21,83.66,1.47,20.53,0.07,2019,6,169,23.83,12,3.6663396841482476,4.728661615454156
2019-06-19,26.31,21.44,84.61,1.44,19.69,0.27,2019,6,170,23.875,12,3.5365349161244604,4.54028257767952
2019-06-20,26.73,21.51,83.35,1.36,19.14,0.01,2019,6,171,24.12,12,3.508243003777413,4.4404448912293
2019-06-21,26.97,21.61,82.51,1.42,18.92,0.0,2019,6,172,24.29,12,3.5177433338203246,4.407922198713198
2019-06-22,26.79,21.22,83.5,1.35,18.68,0.01,2019,6,173,24.005,12,3.4319733308177667,4.321361817250553
2019-06-23,26.55,21.49,84.29,1.48,18.83,0.0,2019,6,174,24.02,12,3.4449049545760513,4.357687741310587
2019-06-24,26.56,21.55,83.95,1.49,19.73,0.01,2019,6,175,24.055,12,3.5773713330956554,4.5699423476661805
2019-06-25,26.85,21.29,85.99,1.61,19.39,0.02,2019,6,176,24.07,12,3.497662401619304,4.49286415416441
2019-06-26,26.48,21.5,83.22,1.7,19.3,0.0,2019,6,177,23.990000000000002,12,3.543687769712328,4.463124308116616
2019-06-27,25.86,20.95,82.95,1.73,19.36,0.03,2019,6,178,23.405,12,3.497054004204261,4.411859984372512
2019-06-28,25.25,20.83,78.3,1.98,20.16,0.02,2019,6,179,23.04,12,3.7033720505417254,4.551884265272087
2019-06-29,25.32,20.59,75.38,2.14,19.89,0.01,2019,6,180,22.955,12,3.7770950308067253,4.481210578722101
2019-06-30,25.78,19.99,78.59,1.6,19.48,0.02,2019,6,181,22.884999999999998,12,3.551796508704844,4.381006453293008
2019-07-01,26.34,20.36,85.83,1.35,16.7,0.23,2019,7,182,23.35,13,3.064303944967738,3.8004054350969483
2019-07-02,27.33,22.18,87.13,1.38,16.63,0.61,2019,7,183,24.755,13,3.154748179984467,3.9189507162543773
2019-07-03,27.14,22.7,87.72,1.52,13.5,0.47,2019,7,184,24.92,13,2.7127632923388836,3.19418816625816
2019-07-04,27.87,22.83,86.63,1.47,15.7,0.32,2019,7,185,25.35,13,3.0917670642676804,3.753656613146594
2019-07-05,26.89,22.03,85.66,1.72,17.58,0.07,2019,7,186,24.46,13,3.3102616114333316,4.112944186569125
2019-07-06,26.13,21.08,81.67,1.89,20.54,0.0,2019,7,187,23.604999999999997,13,3.7277706916264486,4.7043832951213025
2019-07-07,25.57,20.87,80.36,2.02,21.12,0.0,2019,7,188,23.22,13,3.8025518671507834,4.790482189834383
2019-07-08,25.67,20.8,79.84,2.0,20.83,0.0,2019,7,189,23.235,13,3.7846950257139653,4.726499254248283
2019-07-09,25.94,20.56,83.59,1.74,18.6,0.17,2019,7,190,23.25,13,3.3871555330043446,4.222097106892336
2019-07-10,26.15,21.19,83.67,1.77,17.83,0.17,2019,7,191,23.67,13,3.3299907127020827,4.090362824055356
2019-07-11,26.3,21.14,82.07,1.63,19.38,0.01,2019,7,192,23.72,13,3.569717075083549,4.451519992995156
2019-07-12,26.48,21.66,82.28,1.78,19.43,0.03,2019,7,193,24.07,13,3.623168208004695,4.502132569129163
2019-07-13,25.29,20.91,77.46,1.94,19.76,0.01,2019,7,194,23.1,13,3.7071549572398084,4.468380019457958
2019-07-14,25.51,20.27,78.11,1.77,20.08,0.01,2019,7,195,22.89,13,3.6878991102537793,4.5165216198370075
2019-07-15,25.47,21.62,80.14,2.19,18.17,0.04,2019,7,196,23.545,13,3.5160197444652552,4.15530099068707
2019-07-16,25.55,21.12,82.45,2.02,19.71,0.31,2019,7,197,23.335,14,3.6006410375863886,4.483689395283661
2019-07-17,25.94,20.65,83.22,1.77,18.53,0.17,2019,7,198,23.295,14,3.413612165826593,4.210999544867728
2019-07-18,26.85,21.83,84.02,1.72,16.85,0.02,2019,7,199,24.34,14,3.2703826329537056,3.930511401738151
2019-07-19,27.24,21.86,85.83,1.53,11.81,0.13,2019,7,200,24.549999999999997,14,2.5251456458212562,2.7691414340095966
2019-07-20,26.99,22.51,86.28,1.75,17.31,0.1,2019,7,201,24.75,14,3.3161690710904757,4.078697659496036
2019-07-21,26.68,21.71,83.73,1.7,19.97,0.06,2019,7,202,24.195,14,3.6939210160717124,4.641625183154547
2019-07-22,26.61,21.43,82.59,1.77,19.19,0.04,2019,7,203,24.02,14,3.6079525434852835,4.4409998808151965
2019-07-23,26.51,21.37,81.16,1.68,20.72,0.03,2019,7,204,23.94,14,3.8336474245631695,4.785537680193292
2019-07-24,26.19,21.17,82.78,1.54,18.21,0.35,2019,7,205,23.68,14,3.423031765265285,4.178585557310516
2019-07-25,25.93,21.28,82.8,1.94,18.57,0.3,2019,7,206,23.605,14,3.4968900028332306,4.2531839235833795
2019-07-26,25.5,21.28,85.2,1.54,20.37,0.01,2019,7,207,23.39,14,3.6335985634589245,4.640267788385707
2019-07-27,27.11,21.19,82.76,1.58,20.67,0.01,2019,7,208,24.15,14,3.8268999466225484,4.798971545479138
2019-07-28,26.66,21.19,82.19,1.64,21.09,0.05,2019,7,209,23.925,14,3.8759766760101293,4.869173411826829
2019-07-29,26.48,21.47,83.22,1.85,20.25,0.08,2019,7,210,23.975,14,3.7573149001440775,4.681063811819659
2019-07-30,26.47,21.3,82.34,1.82,21.54,0.04,2019,7,211,23.884999999999998,14,3.945865963884616,4.968110136723085
2019-07-31,26.55,21.23,81.72,1.75,20.87,0.05,2019,7,212,23.89,14,3.8729285218327054,4.814177848634995
2019-08-01,26.82,21.53,82.53,1.78,21.15,0.03,2019,8,213,24.175,15,3.929643893056202,4.913457339204703
2019-08-02,26.35,21.57,82.44,1.93,21.14,0.09,2019,8,214,23.96,15,3.915457488976013,4.88497472133974
2019-08-03,25.61,21.27,77.45,2.49,20.47,0.01,2019,8,215,23.439999999999998,15,3.989900587617691,4.668931231496994
2019-08-04,25.43,20.57,76.1,1.9,20.94,0.02,2019,8,216,23.0,15,3.9582608477700743,4.72318752708244
2019-08-05,25.45,19.68,76.7,1.73,21.13,0.03,2019,8,217,22.564999999999998,15,3.9002802405355,4.713269501075522
2019-08-06,26.34,20.51,78.72,1.53,21.13,0.08,2019,8,218,23.425,15,3.9298809802212724,4.817646310534593
2019-08-07,25.89,20.38,81.96,1.62,20.84,0.35,2019,8,219,23.134999999999998,15,3.799140137074357,4.716793779905908
2019-08-08,26.15,20.7,81.58,1.72,20.54,0.46,2019,8,220,23.424999999999997,15,3.8118611680441785,4.683126134329415
2019-08-09,26.22,21.12,81.54,1.77,20.03,0.09,2019,8,221,23.67,15,3.778098503989057,4.59506266774138
2019-08-10,26.82,20.99,81.48,1.45,20.54,0.06,2019,8,222,23.905,15,3.856421932098202,4.739827957426112
2019-08-11,27.42,20.98,82.48,1.33,19.52,0.06,2019,8,223,24.200000000000003,15,3.7225377847389813,4.53759360428726
2019-08-12,28.23,21.45,83.63,1.26,21.68,2.55,2019,8,224,24.84,15,4.0909050612973115,5.1196318529900084
2019-08-13,28.37,21.64,84.4,1.18,18.97,3.99,2019,8,225,25.005000000000003,15,3.689727939789862,4.497722109575938
2019-08-14,28.55,21.69,83.72,1.23,21.33,3.35,2019,8,226,25.12,15,4.077499946926748,5.071414645408848
2019-08-15,28.09,21.14,81.47,1.53,21.97,0.02,2019,8,227,24.615000000000002,15,4.177390405485233,5.159627470310548
2019-08-16,26.86,20.82,81.32,1.83,20.44,0.01,2019,8,228,23.84,16,3.8988811286033025,4.709107887937252
2019-08-17,26.31,20.89,79.41,1.95,22.05,0.01,2019,8,229,23.6,16,4.1511090091725364,5.049592477854839
2019-08-18,26.57,20.72,78.48,2.01,21.93,0.01,2019,8,230,23.645,16,4.1817722005224205,5.0277867775745815
2019-08-19,26.18,20.85,78.82,1.9,21.34,0.47,2019,8,231,23.515,16,4.066868522740331,4.876567981505983
2019-08-20,26.91,20.88,81.02,1.67,22.69,0.32,2019,8,232,23.895,16,4.22769244897229,5.234658278094522
2019-08-21,28.42,21.45,81.33,1.47,21.88,0.07,2019,8,233,24.935000000000002,16,4.227621099751989,5.178842933090059
2019-08-22,27.24,21.68,80.69,1.91,21.35,0.18,2019,8,234,24.46,16,4.142840706910889,4.994957814746919
2019-08-23,26.51,20.97,80.95,1.93,19.81,0.08,2019,8,235,23.740000000000002,16,3.8470212498072236,4.552568417098326
2019-08-24,27.55,21.37,81.91,1.63,19.2,0.07,2019,8,236,24.46,16,3.7928555601835443,4.491952695229079
2019-08-25,27.65,21.68,83.35,1.5,19.98,0.1,2019,8,237,24.665,16,3.8863322979818293,4.69803441914615
2019-08-26,27.26,21.27,80.7,1.46,18.51,0.04,2019,8,238,24.265,16,3.6907637628792296,4.30973725642302
2019-08-27,27.1,20.84,80.3,1.59,21.88,0.01,2019,8,239,23.97,16,4.166959715419302,5.057231010970838
2019-08-28,27.19,21.0,80.39,1.74,23.38,0.02,2019,8,240,24.095,16,4.406538881738491,5.420752750869368
2019-08-29,27.95,20.75,79.49,1.69,23.89,0.1,2019,8,241,24.35,16,4.541668277625057,5.574071111710467
2019-08-30,27.3,21.19,79.14,1.91,23.84,0.76,2019,8,242,24.245,16,4.543999182601121,5.547991483174237
2019-08-31,27.06,20.81,76.94,2.12,23.23,0.22,2019,8,243,23.935,16,4.513000228823352,5.364584569829348
2019-09-01,28.03,20.8,76.54,1.72,22.41,0.08,2019,9,244,24.415,17,4.429309809657906,5.237142810675833
2019-09-02,28.45,21.01,75.26,1.51,24.97,0.07,2019,9,245,24.73,17,4.833372305563195,5.880719984430275
2019-09-03,28.61,20.97,76.49,1.3,24.54,0.12,2019,9,246,24.79,17,4.731451442447442,5.787935620242135
2019-09-04,26.77,20.82,77.04,1.57,24.52,0.0,2019,9,247,23.795,17,4.616693384546533,5.642738714425466
2019-09-05,27.28,20.7,79.58,1.56,22.01,0.0,2019,9,248,23.990000000000002,17,4.24046994823364,5.089811710966151
2019-09-06,27.27,21.34,80.38,1.66,22.4,0.01,2019,9,249,24.305,17,4.3233228992065795,5.220616372310588
2019-09-07,27.73,21.66,80.73,1.82,21.1,0.01,2019,9,250,24.695,17,4.191429480645873,4.9650351712076155
2019-09-08,28.11,21.7,80.44,1.61,21.83,0.09,2019,9,251,24.905,17,4.316799855513668,5.16323290686827
2019-09-09,28.97,21.7,77.2,1.55,24.57,0.05,2019,9,252,25.335,17,4.852564847595269,5.872226736340647
2019-09-10,28.35,21.52,78.86,1.66,24.59,0.07,2019,9,253,24.935000000000002,17,4.77906510520757,5.820280974619953
2019-09-11,27.37,20.89,76.08,1.76,25.7,0.05,2019,9,254,24.130000000000003,17,4.905042890847294,5.96383219062619
2019-09-12,26.93,20.49,73.66,2.0,21.9,3.7,2019,9,255,23.71,17,4.4383034314051475,5.029095787432431
2019-09-13,27.82,20.46,77.52,1.68,22.98,5.89,2019,9,256,24.14,17,4.494433330119347,5.333963402476371
2019-09-14,27.37,21.15,80.64,1.67,22.14,4.34,2019,9,257,24.259999999999998,17,4.305240004319101,5.154283365621301
2019-09-15,27.82,20.96,80.76,1.59,22.12,0.71,2019,9,258,24.39,17,4.316523114482066,5.16618594608524
2019-09-16,28.85,21.05,79.59,1.39,23.57,0.39,2019,9,259,24.950000000000003,18,4.618949415493424,5.580892346610174
2019-09-17,29.22,21.72,79.18,1.57,24.07,0.42,2019,9,260,25.47,18,4.78718402926408,5.771476374977107
2019-09-18,28.48,21.56,81.21,1.54,23.24,0.15,2019,9,261,25.02,18,4.555718199665245,5.512134468550329
2019-09-19,27.73,21.33,78.86,1.55,23.35,0.01,2019,9,262,24.53,18,4.5625801866210836,5.472284573678908
2019-09-20,28.87,21.61,78.42,1.5,24.85,0.0,2019,9,263,25.240000000000002,18,4.8914607723094266,5.925527955806045
2019-09-21,28.51,21.39,77.84,1.46,22.07,0.0,2019,9,264,24.950000000000003,18,4.4454097828502315,5.225723126418605
2019-09-22,28.77,21.26,77.0,1.48,24.28,0.0,2019,9,265,25.015,18,4.810667578443935,5.758104880524734
2019-09-23,29.03,21.69,77.44,1.53,24.23,0.0,2019,9,266,25.36,18,4.846748972498819,5.794461641194596
2019-09-24,30.46,22.13,77.44,1.4,24.81,0.02,2019,9,267,26.295,18,5.054109869593465,6.06712338027951
2019-09-25,29.22,22.7,80.38,1.74,24.24,0.07,2019,9,268,25.96,18,4.879028193946706,5.880813959003617
2019-09-26,29.58,22.83,78.85,1.49,23.44,0.1,2019,9,269,26.205,18,4.801453828009235,5.719906743643059
2019-09-27,29.09,22.57,80.11,1.63,21.71,0.17,2019,9,270,25.83,18,4.473461324472116,5.2507160664621235
2019-09-28,29.06,22.75,79.99,1.76,21.88,0.22,2019,9,271,25.905,18,4.526277898328255,5.301308789153075
2019-09-29,29.95,22.53,77.11,1.54,24.64,0.25,2019,9,272,26.240000000000002,18,5.050372654884285,6.01771857448698
2019-09-30,29.03,22.09,78.49,1.57,24.59,0.21,2019,9,273,25.560000000000002,18,4.924948489982752,5.908933837390488
2019-10-01,29.29,21.99,77.4,1.36,24.97,0.12,2019,10,274,25.64,19,4.99626961725119,6.0117777806597195
2019-10-02,30.25,22.35,76.75,1.26,24.13,0.33,2019,10,275,26.3,19,4.952641140687997,5.9015311633894685
2019-10-03,30.33,22.82,78.46,1.34,25.67,0.39,2019,10,276,26.575,19,5.218844706008193,6.318984874047519
2019-10-04,28.9,22.3,78.52,1.32,26.84,0.01,2019,10,277,25.6,19,5.261402674238012,6.455801721578206
2019-10-05,29.01,20.68,76.46,1.12,26.83,0.01,2019,10,278,24.845,19,5.180905871583035,6.336553799808452
2019-10-06,30.61,21.88,76.59,1.13,25.71,0.02,2019,10,279,26.244999999999997,19,5.197928008610944,6.2797828805801075
2019-10-07,30.05,22.81,76.98,1.33,24.04,0.02,2019,10,280,26.43,19,4.966281410661625,5.897585166572427
2019-10-08,30.17,22.69,77.0,1.21,25.57,0.02,2019,10,281,26.43,19,5.1980442970256995,6.272930645143801
2019-10-09,30.55,22.79,73.75,1.13,25.62,0.01,2019,10,282,26.67,19,5.268195092050785,6.320753013911953
2019-10-10,31.47,22.33,74.68,1.13,25.92,0.01,2019,10,283,26.9,19,5.353860513081102,6.429255531259417
2019-10-11,31.01,22.7,73.54,1.16,26.32,0.01,2019,10,284,26.855,19,5.424641058215785,6.52161925260416
2019-10-12,30.66,22.12,75.15,1.2,26.08,0.0,2019,10,285,26.39,19,5.315367847357126,6.3920149740053755
2019-10-13,30.71,22.17,76.19,1.12,24.87,0.01,2019,10,286,26.44,19,5.100559008226463,6.10264178016311
2019-10-14,30.73,22.62,75.96,1.34,25.48,0.03,2019,10,287,26.675,19,5.2681903564290735,6.286950256715082
2019-10-15,29.81,23.2,74.83,1.56,24.63,0.06,2019,10,288,26.505,19,5.158035850436257,6.0530065104065125
2019-10-16,29.68,22.46,74.49,1.55,25.32,0.05,2019,10,289,26.07,20,5.219394118899284,6.1589198727031995
2019-10-17,29.63,22.05,74.56,1.33,24.81,0.04,2019,10,290,25.84,20,5.071927416533958,6.0019055792653555
2019-10-18,30.88,22.4,75.46,1.39,25.09,0.03,2019,10,291,26.64,20,5.227190950821323,6.185642384307084
2019-10-19,31.74,23.02,72.82,1.26,25.93,0.01,2019,10,292,27.38,20,5.481331168884625,6.503789242041827
2019-10-20,31.42,23.35,75.35,1.41,25.97,0.03,2019,10,293,27.385,20,5.474804964673334,6.514574141504286
2019-10-21,31.63,23.58,74.74,1.28,26.53,0.02,2019,10,294,27.604999999999997,20,5.5837159708127135,6.688861453610072
2019-10-22,32.07,23.27,72.45,1.11,26.29,0.01,2019,10,295,27.67,20,5.551016747647291,6.638253599158339
2019-10-23,32.47,22.91,71.98,0.93,26.59,0.01,2019,10,296,27.689999999999998,20,5.569496596629637,6.717085713886886
2019-10-24,31.67,22.44,73.23,0.86,26.16,0.02,2019,10,297,27.055,20,5.384857054554003,6.512252037034566
2019-10-25,31.62,23.12,73.04,1.08,24.3,0.02,2019,10,298,27.37,20,5.165405123643489,6.093543592734216
2019-10-26,31.16,23.1,74.42,1.32,25.88,0.01,2019,10,299,27.130000000000003,20,5.427816128284941,6.453784639010919
2019-10-27,30.71,23.06,74.92,1.32,25.99,0.09,2019,10,300,26.884999999999998,20,5.400812207039532,6.444362672506611
2019-10-28,31.08,22.97,73.1,1.22,25.7,0.2,2019,10,301,27.025,20,5.383301665155359,6.393277419899292
2019-10-29,31.36,23.27,73.08,1.1,25.85,0.04,2019,10,302,27.314999999999998,20,5.418474514439211,6.473992622185127
2019-10-30,31.14,23.52,74.04,1.3,25.8,0.05,2019,10,303,27.33,20,5.441460260993298,6.463711544037275
2019-10-31,30.53,23.71,76.69,1.42,24.29,0.06,2019,10,304,27.12,20,5.136828561051156,6.05587473957257
2019-11-01,30.21,23.8,77.57,1.49,24.72,0.09,2019,11,305,27.005000000000003,21,5.182196878658164,6.146625628141699
2019-11-02,30.28,23.62,79.02,1.68,22.15,1.66,2019,11,306,26.950000000000003,21,4.753510319163105,5.500544991152577
2019-11-03,30.27,22.99,78.52,1.69,21.42,0.94,2019,11,307,26.63,21,4.618401284203021,5.279608507756258
2019-11-04,30.31,23.36,75.72,1.56,25.74,0.15,2019,11,308,26.835,21,5.377892737715673,6.374927201819401
2019-11-05,31.42,22.59,73.86,1.26,27.05,0.02,2019,11,309,27.005000000000003,21,5.610812120462945,6.725979904580622
2019-11-06,32.06,22.3,72.05,1.14,26.98,0.01,2019,11,310,27.18,21,5.63025296679533,6.735905122960773
2019-11-07,32.21,22.42,71.25,0.95,26.58,0.02,2019,11,311,27.315,21,5.538374646722801,6.656817172057279
2019-11-08,32.81,23.13,71.76,0.95,25.3,0.09,2019,11,312,27.97,21,5.404085037112064,6.432273353714297
2019-11-09,31.38,23.5,75.18,1.12,26.53,0.11,2019,11,313,27.439999999999998,21,5.532468320333487,6.663501642086256
2019-11-10,32.54,23.99,71.42,1.09,25.13,0.04,2019,11,314,28.265,21,5.446289935589645,6.432048662855734
2019-11-11,32.1,23.63,71.63,1.09,26.14,0.05,2019,11,315,27.865000000000002,21,5.560588787202179,6.629922260665654
2019-11-12,32.05,24.08,73.85,1.05,23.66,0.15,2019,11,316,28.064999999999998,21,5.127233351822482,6.028353456121455
2019-11-13,32.64,24.32,72.16,0.93,24.62,0.29,2019,11,317,28.48,21,5.32862972622917,6.332228707013708
2019-11-14,32.54,23.92,72.77,1.09,26.4,0.16,2019,11,318,28.23,21,5.64524181380407,6.751746076674194
2019-11-15,31.88,22.7,71.45,1.07,26.4,0.06,2019,11,319,27.29,21,5.530715879188093,6.607915172427456
2019-11-16,32.3,23.42,70.4,1.11,25.16,0.02,2019,11,320,27.86,22,5.419746567583177,6.380634318699293
2019-11-17,33.4,24.03,69.25,1.03,26.6,0.04,2019,11,321,28.715,22,5.766464318095762,6.8777695871231455
2019-11-18,33.69,23.86,68.4,0.99,26.11,0.02,2019,11,322,28.775,22,5.687878009590714,6.760170656321768
2019-11-19,32.66,24.12,70.69,0.9,24.14,0.03,2019,11,323,28.39,22,5.23708616710042,6.196165109215528
2019-11-20,31.39,24.05,73.66,1.16,23.41,0.1,2019,11,324,27.72,22,5.0681059328555795,5.917833722817938
2019-11-21,31.88,23.04,70.04,1.09,25.22,0.0,2019,11,325,27.46,22,5.3744816168799545,6.337392572049821
2019-11-22,31.77,23.7,73.71,1.34,24.51,0.1,2019,11,326,27.735,22,5.304727687290078,6.198034382966182
2019-11-23,33.05,23.93,71.45,1.18,25.02,0.18,2019,11,327,28.49,22,5.490836429898207,6.436560261179774
2019-11-24,32.97,23.93,70.79,1.11,25.43,0.08,2019,11,328,28.45,22,5.539658227853658,6.536131943589103
2019-11-25,32.76,23.89,70.9,1.11,24.55,0.04,2019,11,329,28.325,22,5.370735402814726,6.292143097791296
2019-11-26,33.08,23.53,69.31,1.06,25.89,0.04,2019,11,330,28.305,22,5.601841711424719,6.63257962886182
2019-11-27,32.95,23.96,69.11,0.88,24.1,0.22,2019,11,331,28.455000000000002,22,5.244780351308252,6.19498873854822
2019-11-28,32.87,23.86,70.4,1.11,23.82,0.04,2019,11,332,28.365,22,5.259299230735078,6.110573205293849
2019-11-29,32.53,24.76,72.62,1.42,23.53,0.06,2019,11,333,28.645000000000003,22,5.2958297011365,6.074418807139862
2019-11-30,32.73,25.14,72.93,1.28,24.88,1.07,2019,11,334,28.935,22,5.516991988862565,6.464830177346494
2019-12-01,33.95,24.89,71.59,1.08,24.92,1.6,2019,12,335,29.42,23,5.561276527214946,6.545462743669724
2019-12-02,34.49,24.95,69.09,0.97,24.59,0.02,2019,12,336,29.72,23,5.52905716798026,6.501688661392307
2019-12-03,33.44,24.42,74.48,1.07,24.0,1.0,2019,12,337,28.93,23,5.3015538415830346,6.23547353337756
2019-12-04,26.37,22.66,75.1,0.56,21.37,3.58,2019,12,338,24.515,23,4.208328665538979,5.00640706778628
2019-12-05,32.05,24.14,67.71,0.72,21.77,0.48,2019,12,339,28.095,23,4.736769191574759,5.550586189240455
2019-12-06,31.64,25.62,74.71,0.53,25.42,1.06,2019,12,340,28.630000000000003,23,5.35268449568421,6.560120644998263
2019-12-07,30.79,24.79,77.82,0.97,23.91,6.02,2019,12,341,27.79,23,5.061270047160365,6.053929640038916
2019-12-08,31.99,25.43,76.97,0.99,27.3,4.31,2019,12,342,28.71,23,5.792347747725159,7.057970953727686
2019-12-09,31.64,25.3,74.54,1.06,26.21,0.24,2019,12,343,28.47,23,5.597331001937017,6.7396532630037695
2019-12-10,33.22,24.89,72.63,1.1,25.66,1.27,2019,12,344,29.055,23,5.628919502951628,6.685394292739808
2019-12-11,32.16,25.11,73.81,1.09,23.5,1.01,2019,12,345,28.634999999999998,23,5.1705616613707,6.0653098068437155
2019-12-12,32.01,24.8,74.37,0.73,23.34,1.98,2019,12,346,28.405,23,5.0139511338392895,5.992855691476085
2019-12-13,29.66,25.43,79.77,0.43,20.71,5.76,2019,12,347,27.545,23,4.362971702188985,5.214297748385566
2019-12-14,29.93,25.21,78.45,0.37,22.66,2.91,2019,12,348,27.57,23,4.704961351769617,5.70854464228943
2019-12-15,30.6,24.88,78.6,0.49,21.17,3.94,2019,12,349,27.740000000000002,23,4.4817255097666076,5.3540360675096474
2019-12-16,30.82,25.18,76.59,0.64,21.09,2.92,2019,12,350,28.0,24,4.530229488970259,5.3655913545250815
2019-12-17,30.29,25.09,78.15,0.82,21.68,2.76,2019,12,351,27.689999999999998,24,4.6284427893268045,5.476736302259033
2019-12-18,31.62,25.07,77.79,1.05,24.53,1.31,2019,12,352,28.345,24,5.256726450474733,6.289863682785397
2019-12-19,31.86,25.4,76.84,0.66,23.59,1.03,2019,12,353,28.63,24,5.056354801311629,6.087853895181314
2019-12-20,32.22,24.94,75.21,0.83,23.75,0.56,2019,12,354,28.58,24,5.130325315975909,6.122251315582954
2019-12-21,33.16,25.49,72.96,0.69,24.89,0.59,2019,12,355,29.324999999999996,24,5.398644079021229,6.523836303768955
2019-12-22,32.69,24.8,73.45,0.64,22.4,1.34,2019,12,356,28.744999999999997,24,4.867296896814055,5.795707980253248
2019-12-23,28.7,24.74,80.16,0.54,24.15,3.9,2019,12,357,26.72,24,4.898091987615092,5.96507128910958
2019-12-24,32.0,24.64,75.44,0.7,21.83,1.1,2019,12,358,28.32,24,4.726472125409597,5.594376227574648
2019-12-25,29.84,25.91,81.78,0.82,24.29,1.86,2019,12,359,27.875,24,5.0812459746854755,6.162112466088529
2019-12-26,28.69,25.55,81.9,0.81,24.13,5.99,2019,12,360,27.12,24,4.956140239543155,6.01598425137448
2019-12-27,30.87,24.05,75.35,0.66,16.31,9.91,2019,12,361,27.46,24,3.6641577530525193,4.098448566619056
2019-12-28,30.05,24.97,79.75,0.67,22.63,7.84,2019,12,362,27.509999999999998,24,4.743275269737266,5.6931206106799195
2019-12-29,29.4,25.0,82.2,0.59,18.37,2.58,2019,12,363,27.2,24,3.9323218200947,4.588434639955905
2019-12-30,31.9,24.64,77.24,0.77,23.31,1.82,2019,12,364,28.27,24,4.992645227430492,5.966894002170871
2019-12-31,29.3,25.11,83.33,0.52,18.77,16.73,2019,12,365,27.205,24,3.9908902857433493,4.688889488331713
2020-01-01,28.11,24.84,86.58,0.81,8.75,11.45,2020,1,1,26.475,1,2.1699680853980485,2.148860105734038
2020-01-02,29.34,24.41,82.72,1.0,19.57,8.99,2020,1,2,26.875,1,4.155637587113452,4.851356187018244
2020-01-03,28.15,24.47,86.7,1.35,16.56,14.37,2020,1,3,26.31,1,3.5385281310293752,4.051075519435761
2020-01-04,27.31,24.37,88.23,2.17,10.66,9.15,2020,1,4,25.84,1,2.544589768432697,2.578811506447751
2020-01-05,29.89,24.31,83.34,2.0,17.72,6.27,2020,1,5,27.1,1,3.9518996916336806,4.415820032346127
2020-01-06,28.77,24.78,86.69,1.66,18.38,9.03,2020,1,6,26.775,1,3.893750251146986,4.5457240404202155
2020-01-07,28.66,24.31,85.69,1.65,16.84,5.85,2020,1,7,26.485,1,3.6432509963888426,4.136608427698018
2020-01-08,30.27,24.24,82.37,1.53,20.96,2.91,2020,1,8,27.255,1,4.492261379691522,5.242036227091792
2020-01-09,28.39,24.39,83.41,1.55,20.63,3.44,2020,1,9,26.39,1,4.30757885142599,5.056260311109313
2020-01-10,30.34,23.68,80.94,1.26,26.4,0.56,2020,1,10,27.009999999999998,1,5.388629191118012,6.565121434543856
2020-01-11,28.33,24.73,84.58,1.51,21.71,7.76,2020,1,11,26.53,1,4.469557712456242,5.338533019193213
2020-01-12,29.48,24.16,84.87,1.86,21.22,15.25,2020,1,12,26.82,1,4.430660897822103,5.2536345402230555
2020-01-13,28.74,24.75,84.53,1.92,20.41,4.15,2020,1,13,26.744999999999997,1,4.297277614324778,5.04423959415641
2020-01-14,31.61,24.15,78.09,1.22,23.45,0.43,2020,1,14,27.88,1,5.048678189047325,5.949693195740529
2020-01-15,31.48,24.83,78.24,0.89,24.85,2.43,2020,1,15,28.155,1,5.267758209103805,6.344525784990813
2020-01-16,31.18,24.37,79.38,1.13,26.4,3.43,2020,1,16,27.775,2,5.509213336229627,6.682093791576094
2020-01-17,30.86,23.78,78.0,1.25,26.05,1.54,2020,1,17,27.32,2,5.42013785339612,6.524835822104005
2020-01-18,31.47,23.58,76.0,1.28,26.71,0.46,2020,1,18,27.525,2,5.600420079754279,6.72186376655919
2020-01-19,31.35,24.22,76.37,1.29,24.52,1.93,2020,1,19,27.785,2,5.256705833980671,6.207668925339732
2020-01-20,31.1,24.38,79.2,1.08,22.7,4.13,2020,1,20,27.740000000000002,2,4.8609988065404455,5.740983407296598
2020-01-21,28.48,25.16,83.68,0.68,21.33,7.38,2020,1,21,26.82,2,4.422798094339097,5.2808682725239295
2020-01-22,30.15,24.8,81.39,0.78,24.66,6.1,2020,1,22,27.475,2,5.1117503237128465,6.198816020365662
2020-01-23,31.67,25.42,75.91,0.58,25.33,1.5,2020,1,23,28.545,2,5.352533405032674,6.524395964903429
2020-01-24,31.98,25.19,73.15,0.66,23.97,0.46,2020,1,24,28.585,2,5.1374396864958705,6.179658418352189
2020-01-25,32.0,24.92,73.11,0.89,26.13,1.06,2020,1,25,28.46,2,5.5692127937857245,6.717565527734041
2020-01-26,32.41,24.46,75.12,0.9,25.38,2.67,2020,1,26,28.435,2,5.4338811688478454,6.521071366634144
2020-01-27,31.99,24.98,73.67,0.66,23.84,1.26,2020,1,27,28.485,2,5.104111863914712,6.132305642837833
2020-01-28,31.91,25.38,78.1,0.83,22.56,0.95,2020,1,28,28.645,2,4.9112446248541675,5.824007152106896
2020-01-29,31.52,25.64,81.78,0.81,23.47,2.25,2020,1,29,28.58,2,5.038008917930695,6.050073194809765
2020-01-30,27.75,25.34,89.36,1.23,11.22,21.97,2020,1,30,26.545,2,2.5836136077778304,2.759993941644887
2020-01-31,28.76,24.98,85.93,1.23,21.57,5.87,2020,1,31,26.87,2,4.459678090015783,5.346527366215993
2020-02-01,28.86,25.02,83.54,0.85,19.78,11.59,2020,2,32,26.939999999999998,3,4.1783710893189285,4.910854435345963
2020-02-02,29.96,25.14,80.23,0.51,22.29,8.81,2020,2,33,27.55,3,4.672593694910607,5.612750801304391
2020-02-03,31.76,25.27,76.34,0.84,24.72,3.25,2020,2,34,28.515,3,5.295911743838863,6.362970188632875
2020-02-04,32.08,24.97,71.23,0.72,24.44,0.42,2020,2,35,28.525,3,5.239470485148198,6.292316270096519
2020-02-05,31.81,23.97,75.32,1.05,24.1,2.11,2020,2,36,27.89,3,5.1733644376884795,6.116007205936979
2020-02-06,28.37,25.26,87.69,1.24,23.44,8.06,2020,2,37,26.815,3,4.741225109414147,5.80258270739606
2020-02-07,28.98,25.15,86.68,1.2,20.6,11.57,2020,2,38,27.064999999999998,3,4.30088876822531,5.1293419109158975
2020-02-08,28.3,25.24,86.68,0.99,18.66,7.24,2020,2,39,26.77,3,3.931403664260811,4.614433627049304
2020-02-09,26.63,24.0,87.84,1.22,6.79,31.42,2020,2,40,25.314999999999998,3,1.8306095815885681,1.6220256366679033
2020-02-10,30.02,23.79,80.76,1.11,21.7,3.96,2020,2,41,26.905,3,4.574137012029958,5.383145002623979
2020-02-11,27.16,24.68,85.74,0.76,20.78,2.79,2020,2,42,25.92,3,4.221653619826138,5.036589877572931
2020-02-12,29.72,24.15,81.1,0.68,23.53,2.28,2020,2,43,26.935,3,4.842738990180862,5.841200108681848
2020-02-13,29.77,24.84,80.92,0.72,23.86,2.7,2020,2,44,27.305,3,4.944704776086814,5.974226169327314
2020-02-14,30.57,25.23,80.24,0.73,21.12,1.8,2020,2,45,27.9,3,4.530851615166544,5.360978438658635
2020-02-15,29.35,24.62,84.3,0.85,23.65,17.17,2020,2,46,26.985,3,4.8542618197735985,5.877832745078539
2020-02-16,29.63,24.37,80.77,0.93,21.17,8.21,2020,2,47,27.0,4,4.46556768054335,5.263305853577887
2020-02-17,27.47,24.72,89.39,1.18,14.69,8.99,2020,2,48,26.095,4,3.1439511725976486,3.575365585171757
2020-02-18,27.51,24.27,85.44,0.92,20.65,4.17,2020,2,49,25.89,4,4.199004425530574,5.001502931818006
2020-02-19,27.61,24.37,88.48,0.73,18.4,6.84,2020,2,50,25.990000000000002,4,3.7921158230605796,4.467172727030285
2020-02-20,26.66,24.31,90.36,1.47,13.91,25.04,2020,2,51,25.485,4,2.944805397579807,3.336527585910687
2020-02-21,29.16,23.85,84.11,1.43,16.45,21.81,2020,2,52,26.505000000000003,4,3.611515221499163,4.0427103977339485
2020-02-22,28.58,23.86,86.19,1.4,18.84,9.5,2020,2,53,26.22,4,3.9257109580192155,4.599032572163165
2020-02-23,30.4,23.79,80.75,1.0,25.24,2.78,2020,2,54,27.095,4,5.185612309386827,6.289071824684129
2020-02-24,29.64,24.21,81.47,0.48,23.36,3.12,2020,2,55,26.925,4,4.785390985387302,5.797646700273165
2020-02-25,28.48,25.14,86.46,0.83,21.6,13.62,2020,2,56,26.810000000000002,4,4.444503713336367,5.346465033331642
2020-02-26,28.63,24.88,87.06,1.35,12.97,16.05,2020,2,57,26.755,4,2.9572926189621387,3.20622738632514
2020-02-27,28.88,25.25,85.4,1.12,22.6,2.73,2020,2,58,27.064999999999998,4,4.656117537920792,5.6273362711989945
2020-02-28,28.65,25.14,87.07,1.17,22.81,10.08,2020,2,59,26.895,4,4.644912230375726,5.657184142367653
2020-02-29,27.56,25.01,90.26,1.33,18.17,12.04,2020,2,60,26.285,4,3.7177726817520704,4.4423045840219295
2020-03-01,27.02,24.82,88.79,1.21,13.48,16.73,2020,3,61,25.92,5,2.934244066092418,3.267239246856742
2020-03-02,30.72,24.88,80.52,0.71,23.61,2.34,2020,3,62,27.799999999999997,5,4.948294124300487,5.979339174505782
2020-03-03,29.27,25.02,86.41,0.73,19.86,20.27,2020,3,63,27.145,5,4.166666528669615,4.954281088119826
2020-03-04,29.0,24.76,87.38,1.14,14.72,16.51,2020,3,64,26.880000000000003,5,3.239832122636982,3.6494786535242705
2020-03-05,28.94,24.59,84.92,1.23,20.4,6.21,2020,3,65,26.765,5,4.250472458572117,5.044128364434507
2020-03-06,26.56,24.18,86.49,1.37,14.53,22.7,2020,3,66,25.369999999999997,5,3.125605566306732,3.4756021644012987
2020-03-07,28.79,22.91,82.64,0.68,20.72,12.08,2020,3,67,25.85,5,4.211363906444544,5.013670708614142
2020-03-08,27.15,24.1,89.55,0.9,17.04,33.55,2020,3,68,25.625,5,3.492701358354457,4.101075323080892
2020-03-09,26.98,24.55,93.17,1.5,16.71,20.87,2020,3,69,25.765,5,3.3345214548407633,4.035159076220576
2020-03-10,28.08,24.07,86.5,1.15,19.89,7.33,2020,3,70,26.075,5,4.055418649543855,4.838683419306688
2020-03-11,28.78,25.0,86.83,0.86,23.89,8.12,2020,3,71,26.89,5,4.831510890078934,5.92434736058673
2020-03-12,29.2,25.26,84.76,0.58,19.65,22.25,2020,3,72,27.23,5,4.127481979939601,4.911564521849676
2020-03-13,27.32,24.33,88.35,1.11,17.77,27.06,2020,3,73,25.825,5,3.6389153766958904,4.297286294604516
2020-03-14,28.75,23.91,82.98,0.45,17.34,4.09,2020,3,74,26.33,5,3.6333738503512234,4.243891587135349
2020-03-15,28.95,25.09,83.68,0.67,24.29,1.92,2020,3,75,27.02,5,4.927490518673867,6.04181491356936
2020-03-16,30.23,24.6,81.9,0.93,24.33,1.5,2020,3,76,27.415,6,5.009913744750611,6.107407700572902
2020-03-17,28.53,25.01,86.55,1.33,23.08,2.08,2020,3,77,26.770000000000003,6,4.6480148320175525,5.7074559545711665
2020-03-18,29.66,24.29,82.47,0.83,22.49,1.76,2020,3,78,26.975,6,4.621287165375548,5.588231555370901
2020-03-19,28.86,24.58,84.46,0.92,22.02,3.79,2020,3,79,26.72,6,4.491363512668457,5.438959411436561
2020-03-20,29.73,24.51,80.22,0.82,24.47,1.87,2020,3,80,27.12,6,4.9855352594963644,6.100751538795421
2020-03-21,30.55,24.13,78.7,0.75,22.46,1.05,2020,3,81,27.34,6,4.669588035083879,5.628237192999383
2020-03-22,30.14,23.74,80.83,0.93,21.3,0.73,2020,3,82,26.939999999999998,6,4.433614936145336,5.288230509245147
2020-03-23,29.37,24.74,81.89,0.67,21.26,6.02,2020,3,83,27.055,6,4.390482892519315,5.292449476580844
2020-03-24,29.39,24.45,84.21,1.11,21.69,2.0,2020,3,84,26.92,6,4.457125696075455,5.382546958294731
2020-03-25,30.19,24.42,81.98,1.33,24.64,0.65,2020,3,85,27.305,6,5.046675186684006,6.169527779221501
2020-03-26,30.42,24.57,80.5,1.29,24.97,0.96,2020,3,86,27.495,6,5.145019724075809,6.279634080820638
2020-03-27,26.99,24.48,87.85,0.93,15.39,15.6,2020,3,87,25.735,6,3.2146454219412184,3.7137374466571753
2020-03-28,30.53,24.33,80.5,0.7,20.32,0.65,2020,3,88,27.43,6,4.2702327180547055,5.102567943991654
2020-03-29,28.55,25.21,86.19,0.63,20.49,1.74,2020,3,89,26.880000000000003,6,4.19614605589003,5.080014783336433
2020-03-30,30.09,24.69,82.54,0.94,23.52,0.57,2020,3,90,27.39,6,4.819559400194996,5.900672791240369
2020-03-31,29.8,24.78,83.08,0.98,22.7,0.8,2020,3,91,27.29,6,4.658795854541608,5.681805849019062
2020-04-01,30.09,24.15,80.19,0.84,20.29,0.3,2020,4,92,27.119999999999997,7,4.243125140473848,5.0586125346203135
2020-04-02,29.35,24.48,84.33,1.17,20.77,1.0,2020,4,93,26.915,7,4.276088417325867,5.1536406576582365
2020-04-03,29.74,24.91,85.38,1.3,21.12,3.06,2020,4,94,27.325,7,4.364862508273663,5.29061278897103
2020-04-04,27.52,25.15,90.58,1.42,19.82,7.3,2020,4,95,26.335,7,3.919870599071405,4.851433909218469
2020-04-05,27.48,25.09,92.46,0.99,16.13,4.69,2020,4,96,26.285,7,3.2902471767305688,3.943553821699159
2020-04-06,26.87,24.47,91.71,1.21,15.69,13.58,2020,4,97,25.67,7,3.163911480218521,3.7802420371133247
2020-04-07,28.97,23.97,82.42,0.48,19.82,0.85,2020,4,98,26.47,7,4.015371655416565,4.8669021459131425
2020-04-08,28.83,25.0,82.46,0.73,19.73,1.08,2020,4,99,26.915,7,4.063175445772259,4.895586431179442
2020-04-09,29.39,24.79,81.42,0.92,23.41,0.76,2020,4,100,27.09,7,4.728632545633766,5.832411648732649
2020-04-10,29.21,24.5,85.95,1.45,24.14,3.89,2020,4,101,26.855,7,4.77216192431397,5.981454740040442
2020-04-11,29.6,24.59,83.28,1.43,18.57,2.33,2020,4,102,27.095,7,3.943609972932423,4.627102368636461
2020-04-12,29.05,24.06,81.07,1.16,15.84,1.96,2020,4,103,26.555,7,3.4574184926659957,3.8973780023317475
2020-04-13,30.36,23.61,78.26,0.64,21.77,1.92,2020,4,104,26.985,7,4.413496241332985,5.410588535321767
2020-04-14,29.5,24.41,80.07,0.8,19.25,5.91,2020,4,105,26.955,7,3.996396740306071,4.780940346123196
2020-04-15,29.85,24.44,82.56,0.96,20.36,3.87,2020,4,106,27.145000000000003,7,4.19791735701999,5.079011226290015
2020-04-16,28.08,24.6,88.48,1.18,21.11,5.13,2020,4,107,26.34,8,4.149853986300201,5.167803340303918
2020-04-17,29.69,24.75,81.5,1.18,17.99,2.56,2020,4,108,27.22,8,3.8458101993202574,4.49560192514069
2020-04-18,28.8,24.71,84.43,0.65,21.22,1.64,2020,4,109,26.755000000000003,8,4.246933182283507,5.2456549836406685
2020-04-19,28.67,25.19,83.71,0.45,20.11,6.24,2020,4,110,26.93,8,4.057233939520691,4.9916210339622715
2020-04-20,30.04,24.47,82.88,1.0,21.61,20.27,2020,4,111,27.255,8,4.4007923245041685,5.404599373447215
2020-04-21,29.81,24.33,82.69,1.32,22.02,0.59,2020,4,112,27.07,8,4.468755359791655,5.483555197580482
2020-04-22,30.12,24.62,83.5,1.44,22.9,0.82,2020,4,113,27.37,8,4.638675206685091,5.742475237597264
2020-04-23,29.02,24.8,84.6,1.87,23.45,1.1,2020,4,114,26.91,8,4.64142462446054,5.817948071076349
2020-04-24,29.45,24.34,82.51,1.64,23.33,0.08,2020,4,115,26.895,8,4.66429067932265,5.786151075906941
2020-04-25,28.9,24.51,85.79,1.57,17.42,1.73,2020,4,116,26.705,8,3.6219214287712784,4.301243892600407
2020-04-26,29.1,24.56,83.24,1.7,21.79,1.08,2020,4,117,26.83,8,4.390222853800668,5.396015478812934
2020-04-27,29.46,23.86,84.45,1.42,21.47,2.19,2020,4,118,26.66,8,4.280444409600961,5.295657779790198
2020-04-28,28.99,23.55,82.55,1.32,20.17,0.22,2020,4,119,26.27,8,4.054394863420734,4.929527290266009
2020-04-29,29.26,24.09,82.05,1.49,21.73,1.08,2020,4,120,26.675,8,4.363442365480552,5.361673040754267
2020-04-30,28.49,24.04,81.37,1.68,17.41,0.23,2020,4,121,26.265,8,3.688363538494956,4.25448301618997
2020-05-01,29.25,23.82,81.47,1.48,19.89,0.6,2020,5,122,26.535,9,4.066610726298935,4.891566391501548
2020-05-02,29.16,24.08,82.43,1.45,20.33,0.64,2020,5,123,26.619999999999997,9,4.114921417537804,5.009769182538274
2020-05-03,29.47,24.01,83.62,1.4,20.91,1.71,2020,5,124,26.740000000000002,9,4.190413261799508,5.16720754926454
2020-05-04,29.58,24.38,84.23,1.7,20.62,1.7,2020,5,125,26.979999999999997,9,4.173384288133836,5.124177581342643
2020-05-05,29.21,24.17,83.74,1.59,20.54,0.34,2020,5,126,26.69,9,4.126421325664158,5.069833809998097
2020-05-06,29.4,24.21,83.65,1.41,21.39,0.25,2020,5,127,26.805,9,4.259697428340337,5.2938667592526825
2020-05-07,29.63,24.55,84.84,1.38,20.89,0.36,2020,5,128,27.09,9,4.186901726892282,5.204574085520078
2020-05-08,27.78,25.4,91.01,1.49,19.98,10.43,2020,5,129,26.59,9,3.844389259885715,4.920054848035423
2020-05-09,29.07,24.16,84.98,1.51,20.35,3.56,2020,5,130,26.615000000000002,9,4.039962483446941,5.014109175462148
2020-05-10,29.16,24.0,83.18,1.55,19.33,0.25,2020,5,131,26.58,9,3.9187775324334067,4.7588751490236385
2020-05-11,28.83,23.77,82.67,1.48,20.15,0.39,2020,5,132,26.299999999999997,9,4.012139464242881,4.928133151359212
2020-05-12,28.47,23.75,84.01,1.69,20.62,0.34,2020,5,133,26.11,9,4.040097683554097,5.0204418058658895
2020-05-13,28.28,23.97,84.15,1.95,20.43,1.87,2020,5,134,26.125,9,4.018355709796412,4.9759523064195905
2020-05-14,27.82,23.7,83.85,2.0,18.6,2.51,2020,5,135,25.759999999999998,9,3.7198488630051982,4.491022491794706
2020-05-15,28.46,24.02,84.57,1.89,17.59,0.43,2020,5,136,26.240000000000002,9,3.591623152245177,4.295928154432873
2020-05-16,27.62,24.33,87.17,2.04,17.32,0.97,2020,5,137,25.975,10,3.441326917105809,4.203468398811969
2020-05-17,28.54,24.37,86.65,1.91,17.43,1.0,2020,5,138,26.455,10,3.5194333063125183,4.278513833580271
2020-05-18,27.82,24.47,90.5,1.53,14.21,4.17,2020,5,139,26.145,10,2.8764504368975854,3.4626446886853457
2020-05-19,29.08,24.25,87.45,1.25,12.74,3.24,2020,5,140,26.665,10,2.7491055171904204,3.1427382550874023
2020-05-20,27.95,24.08,88.52,1.91,13.39,11.64,2020,5,141,26.015,10,2.8079124623718412,3.2527730102672665
2020-05-21,28.02,23.94,88.48,1.5,7.6,12.19,2020,5,142,25.98,10,1.9046348250918472,1.844697551835736
2020-05-22,28.94,24.18,89.16,0.79,17.85,13.67,2020,5,143,26.560000000000002,10,3.5168419745688784,4.392447756553714
2020-05-23,28.13,24.06,88.83,1.09,16.29,4.29,2020,5,144,26.095,10,3.220328424580283,3.9647859348160597
2020-05-24,28.78,24.26,87.64,1.13,16.6,1.47,2020,5,145,26.520000000000003,10,3.326816049391619,4.081013788615873
2020-05-25,29.77,24.14,81.76,0.68,17.83,0.24,2020,5,146,26.955,10,3.5833257096621103,4.428268382928653
2020-05-26,29.31,24.81,83.46,0.74,18.1,2.43,2020,5,147,27.06,10,3.629419318244953,4.506325125168571
2020-05-27,28.6,24.27,87.73,1.09,12.55,3.91,2020,5,148,26.435000000000002,10,2.6674510331458174,3.0791769983600443
2020-05-28,27.11,24.55,92.21,1.27,14.61,27.37,2020,5,149,25.83,10,2.855942993322057,3.533531171396205
2020-05-29,27.07,23.95,90.18,1.13,14.12,21.51,2020,5,150,25.509999999999998,10,2.7963241876570692,3.3889365207289464
2020-05-30,28.08,24.18,89.28,1.48,17.88,13.48,2020,5,151,26.13,10,3.443657645097447,4.355388174973348
2020-05-31,27.78,24.6,89.55,1.4,18.11,9.88,2020,5,152,26.19,10,3.4764398378426145,4.417692619302679
2020-06-01,27.29,24.55,88.4,1.82,18.61,3.18,2020,6,153,25.92,11,3.5408651528024064,4.510632224332639
2020-06-02,27.37,24.24,86.86,1.51,19.48,0.49,2020,6,154,25.805,11,3.6918054924764507,4.708562661208854
2020-06-03,28.59,24.25,84.13,1.79,19.47,0.84,2020,6,155,26.42,11,3.8403102773601683,4.775329597964779
2020-06-04,27.41,23.39,83.11,2.21,18.11,1.34,2020,6,156,25.4,11,3.5962716799688255,4.335079389266246
2020-06-05,27.55,23.41,84.18,2.11,16.72,4.11,2020,6,157,25.48,11,3.367944647295497,4.010066882710848
2020-06-06,27.6,23.38,84.67,2.07,15.03,2.99,2020,6,158,25.490000000000002,11,3.114225326470062,3.6056105145056456
2020-06-07,27.82,23.12,84.41,1.71,16.54,4.58,2020,6,159,25.47,11,3.2986123203044206,3.9659418048243187
2020-06-08,27.42,22.65,82.47,1.71,19.54,2.18,2020,6,160,25.035,11,3.7199337811053983,4.636247132165525
2020-06-09,27.54,22.18,81.8,1.55,19.58,0.07,2020,6,161,24.86,11,3.706912701298525,4.625983755583705
2020-06-10,27.72,22.66,82.74,1.32,20.64,0.08,2020,6,162,25.189999999999998,11,3.849673647418426,4.915693148214849
2020-06-11,28.42,22.58,83.57,1.09,20.62,0.15,2020,6,163,25.5,11,3.8567749034440664,4.947809346369148
2020-06-12,28.24,22.96,83.06,1.39,20.24,0.53,2020,6,164,25.6,11,3.8390729989385592,4.868309494960614
2020-06-13,28.23,23.57,85.98,1.52,15.82,1.31,2020,6,165,25.9,11,3.172068866332748,3.8325735501286013
2020-06-14,27.2,24.6,90.12,1.81,17.29,6.62,2020,6,166,25.9,11,3.2779058525421645,4.188697641069754
2020-06-15,28.15,24.18,86.2,1.95,18.19,2.16,2020,6,167,26.165,11,3.557740516961849,4.43457975809196
2020-06-16,28.08,23.58,83.96,1.76,18.93,0.11,2020,6,168,25.83,12,3.6802315740571814,4.578353530084201
2020-06-17,28.05,23.86,85.76,1.99,16.85,1.69,2020,6,169,25.955,12,3.3598486565979235,4.0874554069660665
2020-06-18,28.05,23.88,83.87,2.22,18.45,0.53,2020,6,170,25.965,12,3.664607220691184,4.4766474388967685
2020-06-19,27.2,23.51,83.04,2.19,17.63,0.47,2020,6,171,25.355,12,3.509711905373378,4.215601965575898
2020-06-20,27.59,23.21,83.77,2.07,17.01,0.37,2020,6,172,25.4,12,3.3973068610320385,4.0717670022870704
2020-06-21,26.96,23.47,85.45,2.1,15.0,4.03,2020,6,173,25.215,12,3.047137522443702,3.574614375848636
2020-06-22,26.91,23.04,83.88,1.76,18.9,0.5,2020,6,174,24.975,12,3.5789188915258188,4.477856267428144
2020-06-23,27.38,23.24,83.97,1.95,19.03,1.16,2020,6,175,25.31,12,3.6463685048377803,4.545422774117727
2020-06-24,26.77,22.68,81.66,2.14,19.3,1.06,2020,6,176,24.725,12,3.703628694234919,4.544814170273736
2020-06-25,26.82,21.89,80.8,1.78,17.34,0.19,2020,6,177,24.355,12,3.3953858619795163,4.046308945975789
2020-06-26,27.02,22.28,83.15,1.5,19.46,0.07,2020,6,178,24.65,12,3.6226941499253704,4.574081339032637
2020-06-27,27.09,22.23,83.06,1.45,18.8,0.14,2020,6,179,24.66,12,3.5318595417288416,4.420031298233314
2020-06-28,27.55,23.05,84.25,1.66,16.88,0.23,2020,6,180,25.3,12,3.3207467892429032,4.030909345186
2020-06-29,27.36,22.72,83.46,1.7,17.43,0.27,2020,6,181,25.04,12,3.3971189611455874,4.136110883230651
2020-06-30,26.87,22.51,83.2,1.76,17.72,0.17,2020,6,182,24.69,12,3.4134076988418314,4.16917776211699
2020-07-01,26.87,22.46,84.96,1.92,17.69,0.17,2020,7,183,24.665,13,3.3704993645110397,4.159571014749519
2020-07-02,27.23,22.15,83.0,1.71,19.87,0.06,2020,7,184,24.689999999999998,13,3.7113265024193893,4.675031723096197
2020-07-03,26.68,22.02,82.79,1.93,18.79,0.07,2020,7,185,24.35,13,3.5520594592011614,4.384127090374202
2020-07-04,27.67,22.1,81.12,1.66,20.16,0.05,2020,7,186,24.885,13,3.8189509290069292,4.765920144169972
2020-07-05,27.73,22.61,84.99,1.78,13.87,0.42,2020,7,187,25.17,13,2.8886640978177027,3.301726797001323
2020-07-06,26.26,23.05,86.27,2.04,15.33,3.01,2020,7,188,24.655,13,3.018771591660565,3.6037647187531014
2020-07-07,27.11,22.98,85.29,1.9,19.1,1.88,2020,7,189,25.045,13,3.6001918744087775,4.532949856482937
2020-07-08,26.63,22.71,87.12,1.99,17.15,1.98,2020,7,190,24.67,13,3.2421800694485823,4.033091208329503
2020-07-09,27.32,22.82,84.77,2.09,15.73,1.25,2020,7,191,25.07,13,3.1753273885244195,3.7354247352854464
2020-07-10,27.37,22.85,84.43,1.86,17.22,1.28,2020,7,192,25.11,13,3.377771042317866,4.093229164425351
2020-07-11,27.42,22.5,84.56,1.8,16.59,0.29,2020,7,193,24.96,13,3.2712557861406886,3.929128021080423
2020-07-12,27.17,22.59,83.14,1.76,17.14,0.07,2020,7,194,24.880000000000003,13,3.376164459669263,4.051483732176496
2020-07-13,27.94,22.39,83.64,1.4,18.15,0.06,2020,7,195,25.165,13,3.507225825022661,4.320049155325906
2020-07-14,28.16,22.95,83.1,1.76,18.43,0.2,2020,7,196,25.555,13,3.6345200936630757,4.428164781589308
2020-07-15,27.11,22.71,83.01,2.01,18.8,0.23,2020,7,197,24.91,13,3.63857749759484,4.447119005086805
2020-07-16,27.77,21.6,82.04,1.66,20.29,0.24,2020,7,198,24.685000000000002,14,3.8256206156337433,4.773265122900657
2020-07-17,28.25,21.06,83.07,1.38,19.63,0.27,2020,7,199,24.655,14,3.6951556051574452,4.614605442212875
2020-07-18,27.38,22.29,85.04,1.56,18.16,0.87,2020,7,200,24.835,14,3.4670123932557817,4.287876749643266
2020-07-19,27.72,22.72,86.11,1.73,15.66,6.88,2020,7,201,25.22,14,3.132813719691803,3.7323490472448935
2020-07-20,27.51,22.72,85.5,1.83,18.4,4.18,2020,7,202,25.115000000000002,14,3.535818318286831,4.374248129942792
2020-07-21,27.88,22.82,85.75,1.74,16.27,3.8,2020,7,203,25.35,14,3.248244648248844,3.8899358659805787
2020-07-22,27.7,22.53,83.14,1.76,20.61,1.03,2020,7,204,25.115000000000002,14,3.914160818000924,4.899633367289183
2020-07-23,27.04,22.48,81.16,2.11,20.09,0.38,2020,7,205,24.759999999999998,14,3.88715635124158,4.734897592089118
2020-07-24,26.45,21.79,78.35,2.24,21.51,0.05,2020,7,206,24.119999999999997,14,4.103529916276609,4.990280543905028
2020-07-25,26.21,21.19,76.2,2.07,20.49,0.02,2020,7,207,23.700000000000003,14,3.9727486137962127,4.70412618742757
2020-07-26,26.46,21.33,76.26,2.08,19.72,0.01,2020,7,208,23.895,14,3.903709950360765,4.549469424593387
2020-07-27,26.72,21.66,80.13,2.01,20.33,0.06,2020,7,209,24.189999999999998,14,3.8909521405002097,4.724714760557234
2020-07-28,26.65,21.48,80.73,2.15,19.74,0.12,2020,7,210,24.064999999999998,14,3.8002766642093255,4.573394714066681
2020-07-29,25.74,20.73,72.85,1.87,21.32,0.02,2020,7,211,23.235,14,4.09164707088402,4.837684306316534
2020-07-30,26.43,20.21,79.18,1.58,19.03,0.13,2020,7,212,23.32,14,3.614764104657759,4.327360351414343
2020-07-31,26.7,21.48,80.99,1.9,19.87,0.13,2020,7,213,24.09,14,3.798547710460003,4.60637243629675
2020-08-01,26.49,21.42,78.58,1.92,19.52,0.09,2020,8,214,23.955,15,3.8120731210433685,4.510067826174312
2020-08-02,27.07,20.82,78.67,1.49,19.93,0.03,2020,8,215,23.945,15,3.811572438063778,4.603650911402938
2020-08-03,28.01,21.24,80.62,1.31,16.74,0.19,2020,8,216,24.625,15,3.3749535955264833,3.9323328873261523
2020-08-04,27.37,21.91,82.73,1.63,17.76,0.21,2020,8,217,24.64,15,3.510056557750192,4.17347231189041
2020-08-05,27.24,22.08,82.28,1.84,13.97,0.32,2020,8,218,24.659999999999997,15,3.0218557240563464,3.2844594274637977
2020-08-06,27.06,21.65,79.62,1.79,21.36,0.18,2020,8,219,24.354999999999997,15,4.081466240562397,4.984380570129345
2020-08-07,27.07,21.11,81.61,1.65,18.71,1.8,2020,8,220,24.09,15,3.6314174483527153,4.337454870815913
2020-08-08,27.3,20.91,81.96,1.46,20.51,0.48,2020,8,221,24.105,15,3.8647860706109403,4.756511538161308
2020-08-09,29.1,21.24,81.35,1.15,21.6,0.09,2020,8,222,25.17,15,4.142162799538818,5.141838414940777
2020-08-10,29.4,21.86,82.25,1.08,20.35,0.25,2020,8,223,25.63,15,3.9871901313442337,4.898291746265717
2020-08-11,28.7,22.89,84.59,1.31,18.11,1.89,2020,8,224,25.795,15,3.6336144567826434,4.37637056704846
2020-08-12,28.6,23.12,85.87,1.37,20.14,1.84,2020,8,225,25.86,15,3.933954628345919,4.874489732915633
2020-08-13,28.36,23.33,85.04,1.71,17.57,0.91,2020,8,226,25.845,15,3.5754971330190575,4.250949928197902
2020-08-14,28.55,23.09,84.41,1.6,21.01,0.89,2020,8,227,25.82,15,4.108123583179234,5.08020288491809
2020-08-15,29.13,22.96,82.66,1.58,21.86,0.77,2020,8,228,26.045,15,4.311387146411835,5.314140863878839
2020-08-16,28.12,22.82,83.31,1.71,20.94,0.65,2020,8,229,25.47,16,4.0955803811642655,5.020968645285444
2020-08-17,27.96,22.52,82.93,1.8,20.8,0.47,2020,8,230,25.240000000000002,16,4.068406783751587,4.959798047515723
2020-08-18,27.65,22.38,81.97,2.03,20.96,0.91,2020,8,231,25.015,16,4.111466232536443,4.970752812841781
2020-08-19,27.39,21.9,79.25,1.96,21.35,1.02,2020,8,232,24.645,16,4.203052498490288,5.017711572093766
2020-08-20,27.58,21.63,80.12,1.86,21.54,0.67,2020,8,233,24.604999999999997,16,4.19652314949022,5.0574014861145535
2020-08-21,29.1,21.8,77.65,1.58,23.53,0.03,2020,8,234,25.450000000000003,16,4.6288156085376855,5.639280115253159
2020-08-22,28.89,22.31,80.05,1.68,22.94,0.05,2020,8,235,25.6,16,4.518749308346066,5.517738133122356
2020-08-23,28.98,22.49,77.56,1.59,23.88,0.04,2020,8,236,25.735,16,4.722930318442571,5.762446408458307
2020-08-24,29.2,22.03,77.14,1.39,23.34,0.07,2020,8,237,25.615000000000002,16,4.615743895679085,5.615970670252194
2020-08-25,29.44,22.7,77.7,1.84,23.73,0.09,2020,8,238,26.07,16,4.789403084531099,5.772163056052406
2020-08-26,27.42,22.46,77.16,2.36,23.9,0.06,2020,8,239,24.94,16,4.7326783276345425,5.65765171962742
2020-08-27,28.36,22.11,75.06,1.88,23.63,0.04,2020,8,240,25.235,16,4.74359902471583,5.633935202466556
2020-08-28,29.2,22.62,80.16,1.67,21.48,1.03,2020,8,241,25.91,16,4.360947628325458,5.205013022049912
2020-08-29,28.12,22.81,77.33,2.25,23.6,1.18,2020,8,242,25.465,16,4.760113195545769,5.65809937346758
2020-08-30,28.34,22.1,74.4,2.09,23.37,0.3,2020,8,243,25.22,16,4.776400343028505,5.569923195026383
2020-08-31,28.82,22.35,76.84,1.97,22.72,0.29,2020,8,244,25.585,16,4.644984225392792,5.462854576880294
2020-09-01,28.68,22.67,80.3,1.67,19.69,0.51,2020,9,245,25.675,17,4.071994200384737,4.744543224206251
2020-09-02,28.88,22.94,81.98,1.67,19.4,3.81,2020,9,246,25.91,17,4.012088271401935,4.7009894147005715
2020-09-03,29.63,23.43,80.64,1.88,21.97,1.9,2020,9,247,26.53,17,4.540966317802939,5.40246754636918
2020-09-04,29.74,23.36,78.11,1.73,24.04,0.09,2020,9,248,26.549999999999997,17,4.915009551216698,5.914264974733063
2020-09-05,29.34,22.88,77.26,1.61,23.29,0.08,2020,9,249,26.11,17,4.749832327953385,5.670518412154053
2020-09-06,29.85,22.81,77.66,1.48,23.77,0.63,2020,9,250,26.33,17,4.8326837857201514,5.817606864256473
2020-09-07,29.16,22.9,78.96,1.74,22.6,0.84,2020,9,251,26.03,17,4.618581778590212,5.492075605725216
2020-09-08,29.47,22.9,77.74,1.78,23.24,0.12,2020,9,252,26.185,17,4.77816756825746,5.668416122540379
2020-09-09,29.75,23.15,77.3,1.58,23.01,0.03,2020,9,253,26.45,17,4.761120079288827,5.647562216773317
2020-09-10,28.89,22.91,79.75,1.82,23.48,0.08,2020,9,254,25.9,17,4.73129315555038,5.68829500360427
2020-09-11,28.89,22.69,76.74,1.85,24.07,0.05,2020,9,255,25.79,17,4.893990402397936,5.815938937840122
2020-09-12,28.91,22.72,76.72,1.77,23.64,0.07,2020,9,256,25.814999999999998,17,4.825655796366088,5.715452434196182
2020-09-13,28.66,22.48,76.4,1.78,24.41,0.17,2020,9,257,25.57,17,4.920198331218866,5.867089061832203
2020-09-14,29.46,22.32,75.09,1.57,23.2,0.59,2020,9,258,25.89,17,4.788501344566645,5.619121937926283
2020-09-15,29.04,22.31,74.76,1.65,25.25,2.06,2020,9,259,25.674999999999997,17,5.088561045562204,6.084292352016649
2020-09-16,29.48,22.09,77.72,1.63,18.37,6.38,2020,9,260,25.785,18,4.001422967086995,4.4381401055101914
2020-09-17,29.64,22.46,78.66,1.47,22.2,4.14,2020,9,261,26.05,18,4.571310272296259,5.397435733452631
2020-09-18,30.54,22.88,77.18,1.32,24.63,0.31,2020,9,262,26.71,18,5.050999004893892,6.082207007736617
2020-09-19,31.22,23.3,75.95,1.38,23.91,0.2,2020,9,263,27.259999999999998,18,5.0441236233620605,5.9805150537719625
2020-09-20,29.81,23.56,80.38,1.53,22.93,0.72,2020,9,264,26.685,18,4.735802174548273,5.659088031186768
2020-09-21,28.98,23.34,83.53,1.69,20.25,12.4,2020,9,265,26.16,18,4.182002108407399,4.936206588402924
2020-09-22,29.29,23.42,83.59,1.53,19.98,6.93,2020,9,266,26.355,18,4.152509904694104,4.892907694369109
2020-09-23,29.55,23.41,80.66,1.49,25.11,0.23,2020,9,267,26.48,18,5.05587084713579,6.167340451753723
2020-09-24,30.37,23.04,78.54,1.24,23.53,0.21,2020,9,268,26.705,18,4.854056942987075,5.80988913851249
2020-09-25,30.04,23.42,79.15,1.37,25.02,0.92,2020,9,269,26.73,18,5.101656784605054,6.181409347234886
2020-09-26,29.79,23.41,78.96,1.67,23.81,0.4,2020,9,270,26.6,18,4.9287605992635175,5.864565444316284
2020-09-27,29.7,23.51,76.82,1.67,24.88,0.07,2020,9,271,26.605,18,5.148639911671037,6.128833173913661
2020-09-28,28.88,23.78,77.68,1.9,23.36,0.23,2020,9,272,26.33,18,4.881598523675723,5.7172611000854525
2020-09-29,29.39,23.42,77.66,1.84,22.5,1.46,2020,9,273,26.405,18,4.759986344629816,5.51653454158489
2020-09-30,30.27,23.45,78.27,1.71,24.06,1.74,2020,9,274,26.86,18,5.037313524501101,5.96232824359811
2020-10-01,31.15,23.89,76.43,1.65,24.47,0.74,2020,10,275,27.52,19,5.233406527558136,6.157434447691448
2020-10-02,31.19,24.13,76.83,1.57,23.26,0.38,2020,10,276,27.66,19,5.031983998493154,5.871827421120928
2020-10-03,30.67,24.0,79.27,1.65,24.1,1.54,2020,10,277,27.335,19,5.080129051739768,6.038505909607933
2020-10-04,29.23,23.75,78.36,2.09,17.98,5.16,2020,10,278,26.490000000000002,19,4.100668345756483,4.41715991066057
2020-10-05,29.29,23.5,75.78,2.1,19.82,2.05,2020,10,279,26.395,19,4.467104075125739,4.858308192971306
2020-10-06,28.57,22.79,74.72,2.15,20.39,2.0,2020,10,280,25.68,19,4.517261413718002,4.913805240876816
2020-10-07,28.98,22.27,73.8,1.86,23.03,0.69,2020,10,281,25.625,19,4.875827585448595,5.542709195454986
2020-10-08,28.61,22.64,77.6,1.94,18.15,0.55,2020,10,282,25.625,19,4.044837794530998,4.368222835323837
2020-10-09,29.55,22.94,80.71,1.62,18.56,4.19,2020,10,283,26.245,19,4.030341154391226,4.533363293020879
2020-10-10,26.55,23.83,89.49,1.62,12.29,19.49,2020,10,284,25.189999999999998,19,2.6805240435648914,2.9270285267228924
2020-10-11,30.26,23.73,83.33,1.63,22.04,5.66,2020,10,285,26.995,19,4.609050638912644,5.478968309028073
2020-10-12,29.73,23.94,81.76,1.99,22.69,4.76,2020,10,286,26.835,19,4.756477819798007,5.619545384976
2020-10-13,30.83,23.35,78.0,1.63,25.98,0.94,2020,10,287,27.09,19,5.401934881776145,6.472706306453405
2020-10-14,30.48,23.97,80.92,1.64,23.58,1.64,2020,10,288,27.225,19,4.95497644650412,5.8931947797709405
2020-10-15,29.7,23.92,80.96,1.5,23.24,1.55,2020,10,289,26.810000000000002,19,4.829645907472919,5.752400341417933
2020-10-16,29.6,23.68,79.16,1.45,25.62,0.14,2020,10,290,26.64,20,5.228315398195664,6.316307608048923
2020-10-17,29.64,23.19,76.75,1.32,24.76,0.05,2020,10,291,26.415,20,5.091626081502273,6.0720711861807395
2020-10-18,29.6,23.18,78.07,1.48,21.82,0.36,2020,10,292,26.39,20,4.618133127457774,5.347920503558179
2020-10-19,29.05,23.44,81.88,1.51,19.44,3.4,2020,10,293,26.245,20,4.131112647468087,4.748307242258939
2020-10-20,30.35,23.35,78.83,1.15,22.35,1.57,2020,10,294,26.85,20,4.700077045025775,5.537278585062832
2020-10-21,31.05,23.54,79.47,1.39,23.2,0.62,2020,10,295,27.295,20,4.921733593750478,5.8076274856790695
2020-10-22,30.32,23.86,78.83,1.46,24.11,0.34,2020,10,296,27.09,20,5.059622493595499,6.006810971847252
2020-10-23,30.29,23.58,79.59,1.46,21.71,0.36,2020,10,297,26.935,20,4.633268565649109,5.38939457541364
2020-10-24,30.57,23.69,78.24,1.36,23.43,0.62,2020,10,298,27.130000000000003,20,4.955525875643085,5.842819709892806
2020-10-25,30.62,24.27,79.56,1.42,22.32,1.76,2020,10,299,27.445,20,4.788484095008088,5.606728477387137
2020-10-26,29.91,24.54,81.29,1.49,22.84,2.52,2020,10,300,27.225,20,4.813267549917407,5.708251432144541
2020-10-27,30.1,24.4,79.46,1.49,21.2,1.53,2020,10,301,27.25,20,4.587951548707881,5.301445768695765
2020-10-28,29.68,24.02,78.16,1.52,21.78,1.94,2020,10,302,26.85,20,4.671079635804704,5.396059399671968
2020-10-29,29.19,24.47,84.09,1.53,20.64,9.2,2020,10,303,26.83,20,4.337729914970516,5.111232651798943
2020-10-30,28.38,24.26,86.28,1.19,21.18,17.35,2020,10,304,26.32,20,4.318239356750913,5.182491092278461
2020-10-31,26.17,22.62,85.4,1.22,16.91,19.24,2020,10,305,24.395000000000003,20,3.4545924250638262,3.949863255954588
2020-11-01,30.44,22.21,77.24,0.93,20.4,4.63,2020,11,306,26.325000000000003,21,4.316957971787239,4.992224053078953
2020-11-02,29.95,23.37,81.88,1.27,22.43,17.7,2020,11,307,26.66,21,4.658554613357793,5.532445458812024
2020-11-03,30.56,23.38,79.38,1.1,23.34,2.2,2020,11,308,26.97,21,4.874464081338939,5.79876102203244
2020-11-04,29.17,24.15,85.46,1.4,19.48,1.9,2020,11,309,26.66,21,4.092129449183838,4.80481665348454
2020-11-05,30.29,24.76,83.87,1.39,25.04,0.67,2020,11,310,27.525,21,5.171557252948655,6.3015899930603565
2020-11-06,31.14,24.2,78.32,1.19,25.9,0.29,2020,11,311,27.67,21,5.42248012822002,6.5397781749030415
2020-11-07,31.71,24.18,75.74,1.16,26.26,0.45,2020,11,312,27.945,21,5.554172821479168,6.672537376390905
2020-11-08,31.54,23.69,76.01,1.09,26.66,0.12,2020,11,313,27.615000000000002,21,5.5644889641533855,6.723182376817289
2020-11-09,31.1,24.1,76.71,1.37,24.68,0.35,2020,11,314,27.6,21,5.2593131234939845,6.22171623573201
2020-11-10,31.35,24.64,76.2,1.56,24.2,4.35,2020,11,315,27.995,21,5.273219072531754,6.156117289566375
2020-11-11,29.42,24.66,83.52,1.58,17.91,12.14,2020,11,316,27.04,21,3.927287777132992,4.456947862590161
2020-11-12,30.43,25.12,83.5,1.31,24.69,4.11,2020,11,317,27.775,21,5.1492759556943914,6.249276352803553
2020-11-13,30.29,24.94,83.34,1.32,25.07,0.49,2020,11,318,27.615000000000002,21,5.196691666427185,6.322212385101629
2020-11-14,30.31,25.32,82.15,1.31,21.14,1.5,2020,11,319,27.814999999999998,21,4.562710548868629,5.355638557691355
2020-11-15,30.29,24.81,78.82,1.4,20.07,0.91,2020,11,320,27.549999999999997,21,4.435356981175007,5.053741973179862
2020-11-16,30.52,24.73,77.72,1.61,26.4,0.71,2020,11,321,27.625,22,5.552799150257081,6.6591446664584435
2020-11-17,31.16,24.52,77.63,1.63,23.33,1.84,2020,11,322,27.84,22,5.086961393057876,5.913837251856295
2020-11-18,31.89,24.74,76.8,1.55,26.22,3.07,2020,11,323,28.314999999999998,22,5.645823686847555,6.718641310165465
2020-11-19,30.48,25.52,82.54,1.41,23.94,5.81,2020,11,324,28.0,22,5.067839945544091,6.090671267298742
2020-11-20,29.91,25.26,84.69,1.59,19.93,5.41,2020,11,325,27.585,22,4.290327420541157,5.022530614199809
2020-11-21,29.71,25.3,83.18,1.41,24.04,1.53,2020,11,326,27.505000000000003,22,5.005324898716014,6.047143679457452
2020-11-22,30.13,24.99,82.89,1.12,21.36,4.79,2020,11,327,27.56,22,4.543782151323627,5.3798089490679635
2020-11-23,30.58,24.68,80.09,0.86,15.84,4.08,2020,11,328,27.63,22,3.5921152433012518,3.995945719300332
2020-11-24,29.65,24.22,83.09,1.03,19.33,6.67,2020,11,329,26.935,22,4.118393057594281,4.79857195498598
2020-11-25,28.64,24.19,83.32,0.98,19.05,5.57,2020,11,330,26.415,22,4.0088761926706455,4.671767209076862
2020-11-26,28.65,23.99,84.56,0.91,16.56,74.43,2020,11,331,26.32,22,3.5540752704294887,4.052032695379192
2020-11-27,27.4,23.85,86.81,0.93,15.37,52.34,2020,11,332,25.625,22,3.26381103755173,3.6991506875442086
2020-11-28,26.96,24.07,87.64,0.79,17.45,5.15,2020,11,333,25.515,22,3.591064585098419,4.188672261053619
2020-11-29,28.28,23.81,84.71,0.75,19.22,5.99,2020,11,334,26.045,22,3.971953280934409,4.672359899531165
2020-11-30,27.82,23.9,86.8,1.01,13.19,18.3,2020,11,335,25.86,22,2.9184880719017445,3.1923793235927103
2020-12-01,26.86,23.7,88.1,0.96,5.81,8.84,2020,12,336,25.28,23,1.624506707968036,1.3867457318826126
2020-12-02,29.07,23.79,81.48,0.64,15.45,2.54,2020,12,337,26.43,23,3.373605528722557,3.7902533620442593
2020-12-03,29.58,24.65,81.48,0.93,21.44,2.78,2020,12,338,27.115,23,4.508241767704013,5.344704854942004
2020-12-04,26.96,24.43,89.8,1.27,17.05,27.44,2020,12,339,25.695,23,3.4935281496334443,4.1103719981887545
2020-12-05,27.86,23.65,86.22,1.07,16.81,27.17,2020,12,340,25.755,23,3.5319762817952425,4.058336639483533
2020-12-06,29.63,24.1,79.92,0.77,16.54,8.17,2020,12,341,26.865000000000002,23,3.63521787793326,4.09926940977581
2020-12-07,28.29,24.72,87.71,1.41,17.58,8.33,2020,12,342,26.505,23,3.7007370132837547,4.320416339949107
2020-12-08,28.72,24.8,83.84,0.82,18.4,4.27,2020,12,343,26.759999999999998,23,3.906929568785051,4.54907376055043
2020-12-09,28.71,25.44,85.58,1.13,10.08,4.66,2020,12,344,27.075000000000003,23,2.492430601572705,2.5104750383455303
2020-12-10,28.15,24.99,85.84,1.28,16.23,4.58,2020,12,345,26.57,23,3.517788898060341,3.994743985098639
2020-12-11,28.0,24.66,87.42,1.35,16.3,9.25,2020,12,346,26.33,23,3.4766891677424074,3.9893559902137365
2020-12-12,24.76,22.48,88.84,1.59,10.21,10.14,2020,12,347,23.62,23,2.298896863322411,2.339330237301055
2020-12-13,25.81,22.22,86.04,0.76,14.46,9.3,2020,12,348,24.015,23,3.0025882325846585,3.3459548510862476
2020-12-14,26.67,23.63,91.46,1.19,8.22,20.14,2020,12,349,25.15,23,1.9595509716173016,1.9558070091246291
2020-12-15,27.9,23.45,85.97,1.16,16.1,11.04,2020,12,350,25.674999999999997,23,3.417259425042608,3.879489380889825
2020-12-16,28.59,23.11,84.39,1.26,15.82,16.01,2020,12,351,25.85,24,3.429166142305989,3.828005338333771
2020-12-17,27.49,23.64,87.69,1.51,22.26,19.26,2020,12,352,25.564999999999998,24,4.371795495645781,5.349681331041893
2020-12-18,28.02,23.8,85.64,1.52,19.07,4.51,2020,12,353,25.91,24,3.944383305114186,4.6210241308422635
2020-12-19,28.75,23.47,84.58,1.48,19.82,3.05,2020,12,354,26.11,24,4.115681881646012,4.825662298363818
2020-12-20,27.61,23.5,86.53,1.84,16.11,6.76,2020,12,355,25.555,24,3.4239142358580605,3.8707398063702527
2020-12-21,28.9,23.65,82.75,1.84,23.87,0.3,2020,12,356,26.275,24,4.845306044304966,5.834493284479143
2020-12-22,28.51,23.82,84.5,1.47,18.03,0.69,2020,12,357,26.165,24,3.8287885887149695,4.395573009257727
2020-12-23,29.41,23.8,82.41,1.48,22.36,2.4,2020,12,358,26.605,24,4.638233411544344,5.508067112890252
2020-12-24,29.19,23.08,81.67,1.18,23.73,1.64,2020,12,359,26.134999999999998,24,4.80607062398864,5.781074905405585
2020-12-25,29.02,23.52,79.54,0.98,22.87,2.28,2020,12,360,26.27,24,4.686503191330232,5.589404518016045
2020-12-26,27.5,24.09,83.56,0.71,22.9,2.8,2020,12,361,25.795,24,4.578007570492753,5.533897624815557
2020-12-27,29.77,23.91,77.15,0.8,21.69,12.5,2020,12,362,26.84,24,4.547682621496973,5.372506682256026
2020-12-28,29.17,23.98,83.43,1.29,18.54,19.32,2020,12,363,26.575000000000003,24,3.966111580394752,4.563848054726957
2020-12-29,27.26,23.8,88.14,1.19,19.3,14.04,2020,12,364,25.53,24,3.890643133188594,4.634414348401478
2020-12-30,26.36,23.73,90.28,1.41,13.51,25.25,2020,12,365,25.045,24,2.852012762367958,3.206290710004423
2020-12-31,29.0,23.07,76.03,0.98,19.23,3.52,2020,12,366,26.035,24,4.110578879980013,4.67367996326444
2021-01-01,29.11,24.3,78.75,0.4,22.58,3.55,2021,1,1,26.705,1,4.607854495348476,5.575320728755291
2021-01-02,27.94,24.59,87.34,0.84,17.88,7.56,2021,1,2,26.265,1,3.7350020753909154,4.369336951721807
2021-01-03,26.7,24.13,84.66,1.13,19.33,21.22,2021,1,3,25.415,1,3.9445068104160237,4.628789813158321
2021-01-04,29.17,23.77,84.89,1.0,15.3,30.91,2021,1,4,26.47,1,3.3575691115796835,3.756993079337593
2021-01-05,26.78,24.73,90.95,0.97,12.15,14.24,2021,1,5,25.755000000000003,1,2.6557523227610598,2.933301021399461
2021-01-06,26.51,23.96,91.83,1.17,15.71,35.41,2021,1,6,25.235,1,3.1990279754349067,3.7456251388383244
2021-01-07,28.48,23.72,86.3,1.18,15.3,17.14,2021,1,7,26.1,1,3.3155043254735035,3.7242740851250553
2021-01-08,26.5,23.21,90.3,1.25,14.64,25.62,2021,1,8,24.855,1,3.02609898645908,3.4584341524647035
2021-01-09,28.29,23.5,87.68,0.94,20.69,3.39,2021,1,9,25.895,1,4.183179636873224,5.011788541056013
2021-01-10,28.4,24.0,86.43,0.68,19.35,8.28,2021,1,10,26.2,1,3.996942071236839,4.721292242853948
2021-01-11,29.14,24.55,84.24,0.72,22.29,11.04,2021,1,11,26.845,1,4.5942879618793295,5.521768571392902
2021-01-12,29.27,24.85,84.21,0.63,20.64,6.78,2021,1,12,27.060000000000002,1,4.320734169269083,5.138704452125929
2021-01-13,28.63,24.49,87.43,1.03,21.15,15.93,2021,1,13,26.56,1,4.33098502505466,5.204496921630871
2021-01-14,28.9,24.21,86.44,1.32,22.2,6.49,2021,1,14,26.555,1,4.520246364817659,5.462234321449797
2021-01-15,27.23,24.13,89.28,1.23,12.06,45.0,2021,1,15,25.68,1,2.6794229456414436,2.9063507211856012
2021-01-16,27.86,23.51,84.76,1.31,11.95,12.98,2021,1,16,25.685000000000002,2,2.7833563568436834,2.8801866626130463
2021-01-17,29.0,22.8,79.45,1.26,19.46,7.29,2021,1,17,25.9,2,4.137930878430945,4.714404632459075
2021-01-18,27.07,23.79,88.83,1.34,14.7,44.05,2021,1,18,25.43,2,3.1130208862478357,3.5213556531361694
2021-01-19,26.16,23.34,88.9,1.22,14.17,8.31,2021,1,19,24.75,2,2.975734660933497,3.338829915370239
2021-01-20,27.66,23.11,86.28,1.33,14.17,23.87,2021,1,20,25.384999999999998,2,3.0890338794913554,3.3907158877167585
2021-01-21,28.76,22.85,83.46,1.45,20.42,3.82,2021,1,21,25.805,2,4.216070650650814,4.935772563751786
2021-01-22,28.37,23.66,85.46,1.51,15.29,8.95,2021,1,22,26.015,2,3.352807221639255,3.71433154047696
2021-01-23,27.66,23.24,86.8,1.43,12.01,12.85,2021,1,23,25.45,2,2.7377965285165264,2.8783575938882464
2021-01-24,26.6,23.24,87.06,1.1,19.68,6.9,2021,1,24,24.92,2,3.9206899805467894,4.6564165268118956
2021-01-25,27.37,23.2,85.47,1.2,11.28,18.55,2021,1,25,25.285,2,2.6215118687086534,2.692664748361505
2021-01-26,27.72,22.99,87.81,1.6,19.18,10.67,2021,1,26,25.354999999999997,2,3.859912951717437,4.586230612577749
2021-01-27,28.56,23.3,87.68,1.5,18.97,13.73,2021,1,27,25.93,2,3.890406086308645,4.598983537842038
2021-01-28,26.85,24.06,88.86,1.36,15.88,5.13,2021,1,28,25.455,2,3.3078126275283535,3.8063131907451386
2021-01-29,26.01,24.41,90.61,1.19,16.24,20.48,2021,1,29,25.21,2,3.311809249255329,3.869647469123651
2021-01-30,26.1,23.98,90.21,1.2,10.8,23.38,2021,1,30,25.04,2,2.4145284568052037,2.562822578249629
2021-01-31,26.07,24.02,91.89,1.69,17.61,5.45,2021,1,31,25.045,2,3.454825636764124,4.179332302233744
2021-02-01,27.42,24.13,89.89,1.64,21.63,7.75,2021,2,32,25.775,3,4.23802119588276,5.224497937113356
2021-02-02,26.74,24.77,91.31,1.38,18.04,9.39,2021,2,33,25.755,3,3.629845608326117,4.355288100909157
2021-02-03,27.16,24.31,89.66,1.68,12.27,29.33,2021,2,34,25.735,3,2.72083694485506,2.9608550013309642
2021-02-04,26.53,24.14,89.62,1.25,20.2,11.85,2021,2,35,25.335,3,3.993444422435814,4.827797316812416
2021-02-05,27.2,24.44,88.2,1.15,16.95,14.04,2021,2,36,25.82,3,3.5302485341992664,4.098497805776374
2021-02-06,28.17,24.84,86.14,1.02,11.64,5.24,2021,2,37,26.505000000000003,3,2.710563798977155,2.8606169622871227
2021-02-07,28.6,24.68,85.53,0.68,24.43,10.59,2021,2,38,26.64,3,4.944418848649801,6.022927200024792
2021-02-08,27.7,24.45,87.58,1.11,17.98,18.03,2021,2,39,26.075,3,3.738073633808506,4.374033578639228
2021-02-09,27.65,24.37,86.11,0.59,21.36,11.01,2021,2,40,26.009999999999998,3,4.332368562871209,5.188272625979771
2021-02-10,26.97,24.61,88.6,0.49,15.07,6.3,2021,2,41,25.79,3,3.195372899398754,3.6413045198691587
2021-02-11,27.07,24.21,89.91,1.19,14.98,13.88,2021,2,42,25.64,3,3.1505548400944106,3.6065851483493234
2021-02-12,28.34,22.3,85.8,1.24,15.94,11.8,2021,2,43,25.32,3,3.3824377355038124,3.80827845330087
2021-02-13,27.84,23.14,87.56,1.38,20.06,20.07,2021,2,44,25.490000000000002,3,4.026503677859176,4.812278570923702
2021-02-14,28.13,23.52,85.35,1.12,20.92,4.65,2021,2,45,25.825,3,4.24687820904216,5.059044979354331
2021-02-15,27.06,24.0,86.88,0.94,20.23,6.66,2021,2,46,25.53,3,4.075558984110154,4.857730687469528
2021-02-16,29.29,23.93,84.4,0.89,23.69,1.82,2021,2,47,26.61,4,4.818247631011973,5.836378671067005
2021-02-17,27.93,24.33,88.04,1.46,22.89,2.89,2021,2,48,26.13,4,4.542227519848172,5.5757737877595055
2021-02-18,26.72,23.75,89.85,1.38,20.42,11.26,2021,2,49,25.235,4,4.001592345641902,4.868597411526326
2021-02-19,26.7,24.2,89.94,1.05,18.14,20.98,2021,2,50,25.45,4,3.665916121205092,4.347494317496485
2021-02-20,25.55,23.61,92.02,1.4,17.14,18.49,2021,2,51,24.58,4,3.357167524937244,4.021851709110779
2021-02-21,27.22,23.15,88.1,1.43,23.18,8.43,2021,2,52,25.185,4,4.47614742864308,5.519959774760777
2021-02-22,26.89,23.42,90.45,1.69,7.92,22.11,2021,2,53,25.155,4,1.9665895085242484,1.8846555782519057
2021-02-23,25.84,23.24,88.68,1.51,20.02,32.31,2021,2,54,24.54,4,3.8797001934527477,4.693022105246881
2021-02-24,26.52,22.92,87.5,1.61,15.36,3.31,2021,2,55,24.72,4,3.200855562240536,3.6165701559020045
2021-02-25,27.66,24.35,87.31,1.03,19.73,6.02,2021,2,56,26.005000000000003,4,4.025124624242925,4.791781202663985
2021-02-26,25.63,24.05,90.6,0.58,19.09,12.32,2021,2,57,24.84,4,3.79443469579182,4.508015317047014
2021-02-27,25.3,23.52,92.47,1.61,9.5,22.55,2021,2,58,24.41,4,2.111953044370856,2.2198449837606704
2021-02-28,27.78,23.33,87.06,1.3,17.97,13.69,2021,2,59,25.555,4,3.693543850221201,4.317640864088978
2021-03-01,28.47,23.26,83.14,0.92,23.76,5.82,2021,3,60,25.865000000000002,5,4.739764111270312,5.75132540923669
2021-03-02,27.75,24.1,84.7,1.05,22.5,2.2,2021,3,61,25.925,5,4.513076738951241,5.45412774385851
2021-03-03,27.63,23.78,85.05,1.06,22.09,3.41,2021,3,62,25.705,5,4.414933766412683,5.3266781096811835
2021-03-04,27.49,23.54,85.74,1.13,16.06,22.49,2021,3,63,25.515,5,3.3936546709789583,3.8550187113192624
2021-03-05,27.81,22.86,85.22,1.15,16.56,23.49,2021,3,64,25.335,5,3.473704049287427,3.9578378003175048
2021-03-06,27.5,23.14,84.66,0.84,20.18,7.84,2021,3,65,25.32,5,4.05725438205935,4.82127096534577
2021-03-07,27.48,23.68,85.2,0.65,21.05,15.16,2021,3,66,25.58,5,4.218280919761559,5.060708022792043
2021-03-08,25.58,23.96,91.55,0.82,16.56,56.86,2021,3,67,24.77,5,3.3207660490014383,3.9038863855130765
2021-03-09,26.24,23.8,87.94,0.67,18.38,15.03,2021,3,68,25.02,5,3.690105357915034,4.359424764714072
2021-03-10,26.16,23.46,87.08,0.81,16.86,6.07,2021,3,69,24.810000000000002,5,3.4264103939187365,3.9784957994137713
2021-03-11,27.57,23.79,84.78,0.68,21.53,4.96,2021,3,70,25.68,5,4.305462157220494,5.18853491103864
2021-03-12,27.79,23.19,82.93,0.97,16.95,10.39,2021,3,71,25.490000000000002,5,3.563507576651905,4.066207466458462
2021-03-13,28.04,23.48,83.66,0.99,20.74,6.86,2021,3,72,25.759999999999998,5,4.200395219143995,5.007731531173237
2021-03-14,27.34,23.63,87.07,0.76,21.99,3.93,2021,3,73,25.485,5,4.340709872388295,5.274639943506542
2021-03-15,28.3,23.69,85.47,0.82,20.34,5.17,2021,3,74,25.995,5,4.1283792962526356,4.938755584518484
2021-03-16,27.3,24.14,87.67,0.6,21.75,4.65,2021,3,75,25.72,6,4.32420835347533,5.246575709464457
2021-03-17,27.75,24.05,86.71,0.98,21.63,2.8,2021,3,76,25.9,6,4.314466962521819,5.240111623848397
2021-03-18,29.53,23.33,83.17,0.73,22.83,8.22,2021,3,77,26.43,6,4.6142859073757965,5.600743317506177
2021-03-19,27.0,24.06,89.66,1.53,22.44,17.52,2021,3,78,25.53,6,4.312411992216221,5.388407149125863
2021-03-20,28.03,23.6,85.31,1.55,19.79,11.71,2021,3,79,25.815,6,4.026463698162112,4.7846363651752295
2021-03-21,27.94,24.13,86.8,1.53,21.05,2.25,2021,3,80,26.035,6,4.211366676785918,5.116014728378392
2021-03-22,26.38,24.38,91.23,1.33,18.47,1.67,2021,3,81,25.38,6,3.630199314734253,4.419122936749085
2021-03-23,29.5,23.82,83.08,1.06,20.56,1.42,2021,3,82,26.66,6,4.260052651449244,5.071202792384093
2021-03-24,27.28,24.72,86.73,0.69,18.24,4.18,2021,3,83,26.0,6,3.7334889966137403,4.429381389125946
2021-03-25,29.18,24.48,80.4,0.74,21.75,0.61,2021,3,84,26.83,6,4.4631128264619555,5.386109989177665
2021-03-26,29.22,24.01,80.77,0.78,21.77,1.07,2021,3,85,26.615000000000002,6,4.445017895253906,5.363988046673757
2021-03-27,28.94,23.84,83.63,1.05,22.97,1.91,2021,3,86,26.39,6,4.61001729478581,5.629776992059183
2021-03-28,28.82,24.17,86.17,1.12,16.15,5.05,2021,3,87,26.495,6,3.442779220589438,3.9680493516620623
2021-03-29,28.11,24.29,87.41,1.23,19.75,8.52,2021,3,88,26.2,6,3.989161873751552,4.818890015316045
2021-03-30,28.07,24.9,87.64,1.1,20.29,7.56,2021,3,89,26.485,6,4.1029464705900045,4.98407274334874
2021-03-31,28.14,24.42,87.88,1.44,20.53,5.7,2021,3,90,26.28,6,4.105982268939581,5.018697474623353
2021-04-01,28.93,24.39,85.3,1.3,20.96,12.08,2021,4,91,26.66,7,4.2718033035941225,5.169864325309854
2021-04-02,26.77,24.34,86.88,0.77,10.86,24.4,2021,4,92,25.555,7,2.443934363936965,2.609325530551269
2021-04-03,28.57,24.19,84.65,1.02,23.41,5.31,2021,4,93,26.380000000000003,7,4.642933401643792,5.736264446919144
2021-04-04,27.46,24.22,87.19,1.18,19.69,6.04,2021,4,94,25.84,7,3.92784226925677,4.763301928888951
2021-04-05,28.06,24.12,86.57,1.25,16.92,4.82,2021,4,95,26.09,7,3.5128269302888873,4.117631411346975
2021-04-06,26.27,23.59,88.69,0.75,7.21,11.23,2021,4,96,24.93,7,1.7815284204108335,1.7063487342565211
2021-04-07,26.48,23.75,91.51,1.28,14.1,16.84,2021,4,97,25.115000000000002,7,2.866559014501059,3.3520053604452924
2021-04-08,27.87,24.5,85.92,0.95,14.76,3.72,2021,4,98,26.185000000000002,7,3.1500968087411265,3.600078397964544
2021-04-09,29.06,24.4,83.78,1.02,17.23,1.04,2021,4,99,26.729999999999997,7,3.6449307166343807,4.256821864622585
2021-04-10,30.35,24.04,81.02,1.06,20.58,1.84,2021,4,100,27.195,7,4.297314151678231,5.1398497955576925
2021-04-11,28.51,24.03,84.67,0.76,21.0,1.45,2021,4,101,26.270000000000003,7,4.193737735629006,5.132378438055836
2021-04-12,28.67,23.46,83.76,0.86,22.4,0.49,2021,4,102,26.065,7,4.412099245729385,5.448002430294017
2021-04-13,29.02,23.2,82.23,0.84,21.9,0.06,2021,4,103,26.11,7,4.344344632500344,5.332089017869204
2021-04-14,29.27,22.9,81.06,1.06,22.65,1.24,2021,4,104,26.085,7,4.491678573101929,5.511423201281246
2021-04-15,28.41,23.47,85.67,1.42,21.04,3.09,2021,4,105,25.939999999999998,7,4.152042157744067,5.102038317576601
2021-04-16,28.55,23.8,83.93,1.3,22.98,1.68,2021,4,106,26.175,8,4.511688608886288,5.603672191790193
2021-04-17,28.43,23.66,83.6,1.43,23.75,4.03,2021,4,107,26.045,8,4.620956164820384,5.773597690627741
2021-04-18,28.54,24.4,85.74,1.61,21.73,4.91,2021,4,108,26.47,8,4.308021142814731,5.33591239307228
2021-04-19,27.96,23.79,83.85,1.53,23.55,0.14,2021,4,109,25.875,8,4.552955970933012,5.7018530429341
2021-04-20,27.7,22.68,80.88,1.37,23.95,0.02,2021,4,110,25.189999999999998,8,4.572512863620384,5.704014093979925
2021-04-21,27.65,22.22,78.73,1.55,24.06,0.11,2021,4,111,24.935,8,4.608307588442438,5.694833682365029
2021-04-22,27.79,22.63,75.69,1.44,24.14,0.04,2021,4,112,25.21,8,4.689523636956085,5.752049870975674
2021-04-23,28.03,22.11,77.05,1.16,23.81,0.08,2021,4,113,25.07,8,4.5578831236122745,5.654193448642497
2021-04-24,28.88,22.37,81.07,1.09,23.18,0.21,2021,4,114,25.625,8,4.4762750453818185,5.578810210622951
2021-04-25,29.07,23.02,84.01,1.32,22.68,0.51,2021,4,115,26.045,8,4.415729880070739,5.513481920986829
2021-04-26,28.76,23.98,84.04,1.77,22.54,0.47,2021,4,116,26.37,8,4.436262427243677,5.521781208320532
2021-04-27,28.1,23.23,81.96,1.77,22.32,0.84,2021,4,117,25.665,8,4.3622834315950065,5.376984944328988
2021-04-28,28.2,22.61,81.07,1.35,21.55,0.61,2021,4,118,25.405,8,4.200510952973327,5.159150761464748
2021-04-29,29.2,22.42,81.74,1.11,21.91,0.13,2021,4,119,25.810000000000002,8,4.273877009135461,5.296557026859418
2021-04-30,28.34,23.02,84.57,1.45,21.34,0.23,2021,4,120,25.68,8,4.131769677951429,5.142746632678335
2021-05-01,28.81,22.7,84.27,1.09,21.19,0.57,2021,5,121,25.755,9,4.109186670955595,5.1157735509016105
2021-05-02,28.8,23.61,86.22,1.22,20.79,2.03,2021,5,122,26.205,9,4.0643611310700445,5.0732449317550845
2021-05-03,28.84,24.23,84.42,1.61,21.42,0.21,2021,5,123,26.535,9,4.239156948761339,5.267840729309359
2021-05-04,29.07,23.73,84.15,1.25,19.86,1.27,2021,5,124,26.4,9,3.9661498709580094,4.868687101518125
2021-05-05,29.38,24.26,85.17,1.35,19.8,0.54,2021,5,125,26.82,9,3.9858839253314047,4.902071814157235
2021-05-06,28.1,24.37,86.65,1.47,20.32,2.3,2021,5,126,26.235,9,3.9653113657418846,4.962076852500319
2021-05-07,28.54,24.02,84.45,1.55,20.93,1.61,2021,5,127,26.28,9,4.112802378192281,5.116480182360777
2021-05-08,27.59,23.41,82.58,1.4,20.97,0.09,2021,5,128,25.5,9,4.049661173656221,5.031792531200825
2021-05-09,27.48,23.01,83.41,1.52,17.89,0.27,2021,5,129,25.245,9,3.559131359759951,4.2664192016113756
2021-05-10,27.88,22.76,86.38,1.75,20.33,0.59,2021,5,130,25.32,9,3.8606787549596477,4.8571079645926405
2021-05-11,28.17,23.27,83.81,1.7,20.65,0.2,2021,5,131,25.72,9,4.012698398424297,4.98123165059499
2021-05-12,27.76,23.04,83.08,1.8,20.91,0.26,2021,5,132,25.4,9,4.031849219090549,5.005329101576875
2021-05-13,27.88,23.06,83.72,1.78,21.29,0.28,2021,5,133,25.47,9,4.0736455357481915,5.104891234867577
2021-05-14,27.91,23.64,85.24,1.91,17.69,0.37,2021,5,134,25.775,9,3.5446257408089474,4.272832570852301
2021-05-15,27.71,23.52,85.18,1.81,20.78,3.3,2021,5,135,25.615000000000002,9,3.969292436110748,4.999994452778089
2021-05-16,27.62,23.23,85.14,1.75,19.86,3.68,2021,5,136,25.425,10,3.810226115056796,4.756850356185231
2021-05-17,28.21,23.17,84.01,1.6,19.49,0.43,2021,5,137,25.69,10,3.8060405321883217,4.69803858492992
2021-05-18,27.71,23.31,86.79,1.49,16.85,1.72,2021,5,138,25.509999999999998,10,3.3202447200803986,4.04416291602569
2021-05-19,28.13,23.68,87.77,1.41,15.37,4.19,2021,5,139,25.905,10,3.1039069262929293,3.7239998212652083
2021-05-20,27.74,23.36,86.78,1.38,18.79,2.36,2021,5,140,25.549999999999997,10,3.6046823784721016,4.514119508055328
2021-05-21,28.23,23.82,86.56,1.41,20.04,0.59,2021,5,141,26.025,10,3.847056814528655,4.869385540969009
2021-05-22,27.98,23.32,84.51,1.32,20.49,0.08,2021,5,142,25.65,10,3.903314006629568,4.934355707478166
2021-05-23,28.61,23.38,84.26,1.19,19.53,0.15,2021,5,143,25.994999999999997,10,3.7932552035410545,4.742079477170402
2021-05-24,28.32,22.51,87.11,1.34,18.54,0.14,2021,5,144,25.415,10,3.5406733026084587,4.439615268285322
2021-05-25,28.6,23.53,85.24,1.21,18.93,0.14,2021,5,145,26.065,10,3.688576249562482,4.6040484823868635
2021-05-26,28.48,23.69,85.69,1.41,19.89,0.09,2021,5,146,26.085,10,3.833622618861055,4.839832559535718
2021-05-27,28.7,23.73,85.71,1.46,19.37,0.28,2021,5,147,26.215,10,3.7693117953619937,4.727851182677825
2021-05-28,28.63,24.29,86.63,1.62,15.86,1.05,2021,5,148,26.46,10,3.244468725893236,3.8935869611513616
2021-05-29,29.18,24.01,86.27,1.35,18.42,0.9,2021,5,149,26.595,10,3.645401774307781,4.536439043663178
2021-05-30,28.69,23.52,85.2,1.17,18.39,0.34,2021,5,150,26.105,10,3.5951087210148587,4.476962662016056
2021-05-31,27.97,22.98,85.09,1.04,19.12,0.08,2021,5,151,25.475,10,3.630199788544277,4.585122871732257
2021-06-01,27.6,22.5,84.49,1.0,19.15,0.06,2021,6,152,25.05,11,3.5925157069602327,4.545368331291981
2021-06-02,28.49,22.73,84.29,1.16,19.97,0.12,2021,6,153,25.61,11,3.7883233229759026,4.8045193567411895
2021-06-03,28.78,22.95,86.32,1.15,19.41,0.2,2021,6,154,25.865000000000002,11,3.702274294579952,4.698368105777952
2021-06-04,29.17,23.8,87.15,1.27,19.15,0.28,2021,6,155,26.485,11,3.7161887166706853,4.704041056438067
2021-06-05,29.31,23.87,86.58,1.26,19.75,0.4,2021,6,156,26.59,11,3.828572426171191,4.863417580014995
2021-06-06,28.77,23.31,85.96,1.22,19.9,0.74,2021,6,157,26.04,11,3.795072843528346,4.837092299433221
2021-06-07,28.15,23.35,85.18,1.15,19.76,1.08,2021,6,158,25.75,11,3.743727492538356,4.769966837921174
2021-06-08,27.53,23.51,88.33,1.46,18.33,19.13,2021,6,159,25.520000000000003,11,3.45382512461774,4.40043510552674
2021-06-09,28.44,23.39,85.2,1.52,18.68,8.08,2021,6,160,25.915,11,3.619068612929996,4.527059149801698
2021-06-10,27.78,23.28,85.04,1.57,19.42,0.73,2021,6,161,25.53,11,3.6858639874109254,4.663229359894129
2021-06-11,28.08,22.96,84.2,1.37,17.38,0.08,2021,6,162,25.52,11,3.3956408593721665,4.172371092965342
2021-06-12,28.2,23.14,83.48,1.29,19.2,0.04,2021,6,163,25.67,11,3.6802168389275267,4.6259175979971845
2021-06-13,28.41,23.11,84.12,1.34,18.83,0.59,2021,6,164,25.759999999999998,11,3.6292520753714586,4.546556640886791
2021-06-14,27.04,23.8,90.77,1.43,16.12,6.43,2021,6,165,25.42,11,3.0549285475503623,3.8605836424949147
2021-06-15,27.93,23.85,87.46,1.41,16.63,3.08,2021,6,166,25.89,11,3.2483064026199524,4.027844733953193
2021-06-16,26.96,24.14,90.65,1.82,16.18,9.94,2021,6,167,25.55,12,3.065958782192824,3.8870917317900586
2021-06-17,27.21,23.5,86.52,1.61,17.21,2.95,2021,6,168,25.355,12,3.3078988753582843,4.115173558001203
2021-06-18,26.62,23.58,86.51,1.53,17.05,0.19,2021,6,169,25.1,12,3.254315854108761,4.051836572774393
2021-06-19,28.51,23.54,85.1,1.31,18.43,0.48,2021,6,170,26.025,12,3.572647475458543,4.4781824111805815
2021-06-20,27.73,23.13,86.03,1.04,18.05,1.3,2021,6,171,25.43,12,3.423229190456079,4.323841465245433
2021-06-21,27.88,23.72,84.65,0.75,17.46,5.82,2021,6,172,25.799999999999997,12,3.360480142757092,4.2197989744542515
2021-06-22,26.26,23.39,89.39,1.22,17.77,8.47,2021,6,173,24.825000000000003,12,3.269689832316348,4.194767057843889
2021-06-23,26.31,23.43,90.36,1.62,17.21,8.22,2021,6,174,24.869999999999997,12,3.1615999773410257,4.067038008564483
2021-06-24,28.4,23.84,88.81,1.65,16.26,11.04,2021,6,175,26.119999999999997,12,3.1880434054944384,3.959832970020684
2021-06-25,27.08,24.11,91.83,1.71,10.71,16.52,2021,6,176,25.595,12,2.2324557965014833,2.575757829823481
2021-06-26,28.46,24.16,87.88,1.61,18.42,8.74,2021,6,177,26.310000000000002,12,3.552873050191455,4.506087624879633
2021-06-27,27.63,24.05,87.97,1.13,18.16,3.11,2021,6,178,25.84,12,3.455540652367547,4.393172322428813
2021-06-28,27.76,23.88,88.27,1.04,14.32,13.47,2021,6,179,25.82,12,2.8611386421591884,3.4625656978594503
2021-06-29,28.0,23.0,86.25,1.46,19.37,0.66,2021,6,180,25.5,12,3.642129761250151,4.647869400541726
2021-06-30,27.89,23.0,83.41,1.65,20.24,0.09,2021,6,181,25.445,12,3.830782274816705,4.850203504095621
2021-07-01,27.46,22.97,83.72,1.81,19.05,0.13,2021,7,182,25.215,13,3.6417865869404826,4.539760257327768
2021-07-02,27.15,22.33,83.1,1.74,19.48,0.1,2021,7,183,24.74,13,3.6611421842771703,4.588884919529879
2021-07-03,26.96,22.5,83.98,1.95,18.53,0.91,2021,7,184,24.73,13,3.522903974921816,4.364026484240809
2021-07-04,26.57,22.38,83.14,1.98,19.31,0.39,2021,7,185,24.475,13,3.625587072395661,4.5193561913016955
2021-07-05,26.25,21.74,81.17,1.87,19.95,0.8,2021,7,186,23.994999999999997,13,3.703787152475618,4.614010817826294
2021-07-06,26.36,21.16,81.93,1.38,20.16,0.74,2021,7,187,23.759999999999998,13,3.646620836801829,4.635321727377616
2021-07-07,26.74,20.94,86.03,1.39,16.45,0.89,2021,7,188,23.84,13,3.0793888755641556,3.7898642248810073
2021-07-08,27.14,22.58,87.93,1.64,16.22,9.34,2021,7,189,24.86,13,3.1001983740683166,3.8321479323579
2021-07-09,27.71,23.3,87.67,1.46,16.44,4.81,2021,7,190,25.505000000000003,13,3.194177644961241,3.9452845574659845
2021-07-10,27.63,23.78,88.5,1.5,17.73,2.39,2021,7,191,25.705,13,3.3860917053665416,4.27532833339282
2021-07-11,28.32,22.87,86.5,1.45,19.88,0.41,2021,7,192,25.595,13,3.743648455830762,4.781145252744238
2021-07-12,27.79,22.39,85.36,1.52,20.46,0.02,2021,7,193,25.09,13,3.7961526637560907,4.861024016242036
2021-07-13,26.82,22.56,84.65,1.73,20.71,0.05,2021,7,194,24.689999999999998,13,3.80324360283242,4.872667689246213
2021-07-14,26.45,22.4,81.88,1.93,20.18,0.02,2021,7,195,24.424999999999997,13,3.7872697386755454,4.717161433462256
2021-07-15,25.88,21.9,82.17,1.99,18.07,0.18,2021,7,196,23.89,13,3.4525806803308363,4.168289109958522
2021-07-16,25.49,21.97,86.8,1.64,18.86,0.27,2021,7,197,23.729999999999997,14,3.3960747706767807,4.333162555453401
2021-07-17,26.63,22.17,84.52,1.72,14.99,0.28,2021,7,198,24.4,14,3.00353858222291,3.5018184118334243
2021-07-18,26.88,22.12,83.6,1.69,18.05,0.3,2021,7,199,24.5,14,3.4572817134295635,4.227062179803273
2021-07-19,27.67,22.37,84.16,1.44,20.36,0.31,2021,7,200,25.020000000000003,14,3.813436093348761,4.829047236647363
2021-07-20,27.86,21.97,86.58,1.36,20.52,0.33,2021,7,201,24.915,14,3.78473545577105,4.854574545698305
2021-07-21,27.19,22.51,86.06,1.6,19.37,0.14,2021,7,202,24.85,14,3.621945417908994,4.575252509579649
2021-07-22,27.3,22.32,83.7,1.6,18.35,0.17,2021,7,203,24.810000000000002,14,3.5337766683816074,4.330094775755795
2021-07-23,27.3,22.22,84.18,1.7,19.17,0.09,2021,7,204,24.759999999999998,14,3.6420019623366056,4.518068035856069
2021-07-24,26.61,21.42,82.2,1.6,21.18,0.03,2021,7,205,24.015,14,3.8781244872627885,4.900921420885664
2021-07-25,26.52,21.45,82.82,1.71,21.84,0.09,2021,7,206,23.985,14,3.959380457125593,5.049870807909729
2021-07-26,27.48,20.63,80.84,1.35,22.11,0.0,2021,7,207,24.055,14,4.035083902315653,5.121207567506298
2021-07-27,26.68,21.22,82.59,1.44,21.5,0.0,2021,7,208,23.95,14,3.9094799932081434,4.9669253830533515
2021-07-28,26.71,21.65,84.27,1.57,20.23,0.04,2021,7,209,24.18,14,3.7344760165598556,4.700310045911978
2021-07-29,27.52,22.35,86.17,1.81,16.05,0.29,2021,7,210,24.935000000000002,14,3.190042905594422,3.7989227182858984
2021-07-30,27.49,22.44,83.37,1.7,18.59,0.25,2021,7,211,24.965,14,3.6266806403972884,4.403338167649803
2021-07-31,27.16,22.63,83.5,1.89,20.0,0.28,2021,7,212,24.895,14,3.8274424901973374,4.72924827831874
2021-08-01,27.03,22.5,84.49,1.88,17.79,1.97,2021,8,213,24.765,15,3.4795941973501945,4.193336328954848
2021-08-02,27.36,22.71,86.82,1.92,13.24,13.39,2021,8,214,25.035,15,2.792754490959884,3.141448926810213
2021-08-03,27.45,23.01,87.43,1.89,16.65,13.21,2021,8,215,25.23,15,3.2792636922194736,3.9692625430368613
2021-08-04,27.7,23.19,85.29,1.89,18.63,0.81,2021,8,216,25.445,15,3.656243360411028,4.464391861724378
2021-08-05,27.7,22.85,84.11,1.67,21.01,0.06,2021,8,217,25.275,15,4.009194104380572,5.014114793214395
2021-08-06,28.22,22.91,83.7,1.65,21.02,0.04,2021,8,218,25.564999999999998,15,4.0606063666672885,5.0516757223046085
2021-08-07,28.99,23.08,83.0,1.54,19.9,0.05,2021,8,219,26.034999999999997,15,3.964786078076136,4.83651748668551
2021-08-08,28.16,23.06,84.42,1.75,19.96,0.26,2021,8,220,25.61,15,3.90384029322199,4.8021134882600975
2021-08-09,27.7,22.77,84.7,1.71,21.06,0.13,2021,8,221,25.235,15,4.0156083115491805,5.021188123738708
2021-08-10,27.29,22.05,82.01,1.74,21.57,0.09,2021,8,222,24.67,15,4.095551181628273,5.0725234614383305
2021-08-11,26.72,21.88,82.88,2.02,21.76,0.99,2021,8,223,24.299999999999997,15,4.070918137378243,5.070829424514932
2021-08-12,27.3,22.73,84.87,2.2,15.57,3.13,2021,8,224,25.015,15,3.2378855769873707,3.69249147404325
2021-08-13,28.13,23.0,85.65,1.69,19.67,1.57,2021,8,225,25.564999999999998,15,3.8405397338650245,4.727234132147082
2021-08-14,28.32,23.01,85.78,1.61,21.8,1.26,2021,8,226,25.665,15,4.172781562224499,5.251714685769352
2021-08-15,28.51,22.93,83.5,1.66,22.3,0.63,2021,8,227,25.72,15,4.314118341223702,5.37924773889919
2021-08-16,27.67,22.63,82.72,1.85,21.99,0.17,2021,8,228,25.15,16,4.227144164789549,5.232140648497639
2021-08-17,27.74,23.11,85.0,1.87,20.13,0.8,2021,8,229,25.424999999999997,16,3.9285579690950034,4.82152052719077
2021-08-18,27.79,22.87,82.75,1.92,20.31,0.92,2021,8,230,25.33,16,4.017923895978853,4.853501428602134
2021-08-19,27.61,22.4,82.61,1.58,19.78,0.44,2021,8,231,25.005,16,3.8885083606541966,4.689770338819823
2021-08-20,27.6,22.7,83.73,1.66,18.17,0.1,2021,8,232,25.15,16,3.6476888384725266,4.32323763452488
2021-08-21,27.62,22.92,85.42,1.71,21.57,0.16,2021,8,233,25.270000000000003,16,4.124943588281332,5.147138730384981
2021-08-22,27.65,22.6,82.64,1.78,20.93,0.07,2021,8,234,25.125,16,4.094285080289746,4.976914279547433
2021-08-23,27.38,21.88,82.14,1.76,21.91,0.03,2021,8,235,24.63,16,4.195484326992249,5.147430084671713
2021-08-24,26.8,21.83,82.4,1.76,21.17,0.11,2021,8,236,24.314999999999998,16,4.047387610634833,4.935167602880301
2021-08-25,26.75,21.32,81.55,1.6,22.92,0.05,2021,8,237,24.035,16,4.279945974428685,5.306184817615902
2021-08-26,27.26,21.3,80.37,1.55,23.56,0.07,2021,8,238,24.28,16,4.431430481683637,5.4875782701933895
2021-08-27,27.02,21.91,82.04,1.81,19.39,0.15,2021,8,239,24.465,16,3.8377148005954234,4.536962725926767
2021-08-28,27.68,22.13,83.26,1.74,18.53,0.73,2021,8,240,24.905,16,3.7255818209531224,4.382716709311455
2021-08-29,27.78,22.86,84.93,1.92,21.04,1.97,2021,8,241,25.32,16,4.100253074841617,5.026736427694498
2021-08-30,28.13,22.73,80.9,1.79,21.42,0.06,2021,8,242,25.43,16,4.283352032021304,5.131118237426991
2021-08-31,28.25,22.41,79.61,1.56,24.07,0.0,2021,8,243,25.33,16,4.6789980762503305,5.7520324660981474
2021-09-01,27.92,21.77,80.02,1.67,23.94,0.0,2021,9,244,24.845,17,4.603783205751763,5.654010360321072
2021-09-02,26.93,21.77,81.6,1.9,21.53,0.11,2021,9,245,24.35,17,4.169793483279804,5.023430348896039
2021-09-03,26.84,22.1,81.51,1.9,21.68,0.12,2021,9,246,24.47,17,4.2092611713278,5.073411988664039
2021-09-04,26.67,21.97,82.39,1.82,18.11,1.23,2021,9,247,24.32,17,3.656162908621896,4.222339325985529
2021-09-05,28.25,22.71,80.96,1.54,19.35,0.32,2021,9,248,25.48,17,3.9745324497229078,4.640836972515246
2021-09-06,29.39,22.82,81.36,1.41,22.21,0.21,2021,9,249,26.105,17,4.473771936484113,5.406924454778499
2021-09-07,28.37,23.29,83.6,2.01,21.25,0.94,2021,9,250,25.83,17,4.267771671990536,5.1394618338240505
2021-09-08,27.82,22.76,79.45,2.29,24.2,0.81,2021,9,251,25.29,17,4.78696590315071,5.777514242753277
2021-09-09,27.9,22.62,81.84,2.02,20.96,1.62,2021,9,252,25.259999999999998,17,4.221553345577567,5.000368458288845
2021-09-10,28.32,23.08,83.36,1.86,19.76,1.19,2021,9,253,25.7,17,4.037637044967263,4.7642625239565515
2021-09-11,26.88,23.39,86.27,1.85,13.73,14.12,2021,9,254,25.134999999999998,17,2.977447134535768,3.26562856747939
2021-09-12,27.81,22.93,87.2,1.45,18.33,50.32,2021,9,255,25.369999999999997,17,3.669828745110479,4.384569007121527
2021-09-13,26.96,22.55,88.45,1.3,15.27,8.52,2021,9,256,24.755000000000003,17,3.107765035522832,3.5984592565967755
2021-09-14,26.09,23.3,92.53,1.58,21.4,5.73,2021,9,257,24.695,17,3.942643102356467,5.035628088333789
2021-09-15,28.53,23.05,85.71,1.19,21.52,0.53,2021,9,258,25.79,17,4.263031067340953,5.199792519415016
2021-09-16,28.26,23.35,85.62,1.53,21.28,0.89,2021,9,259,25.805,18,4.228406792540097,5.143645453312341
2021-09-17,28.45,23.26,84.58,1.88,22.19,1.49,2021,9,260,25.855,18,4.410618482385301,5.37001105486644
2021-09-18,28.52,23.13,83.79,1.94,22.27,0.84,2021,9,261,25.825,18,4.447854304250613,5.385512987104252
2021-09-19,28.2,22.95,81.84,1.81,23.84,0.21,2021,9,262,25.575,18,4.707472619003612,5.730774177040806
2021-09-20,28.04,22.82,83.69,1.69,20.94,2.43,2021,9,263,25.43,18,4.19617118771181,5.016135195691932
2021-09-21,27.75,23.37,86.16,1.38,19.07,1.43,2021,9,264,25.560000000000002,18,3.8480511696855655,4.582487526597666
2021-09-22,28.73,22.93,84.96,1.12,24.14,1.26,2021,9,265,25.83,18,4.7275123883947225,5.8384286432241215
2021-09-23,28.44,23.48,83.61,1.7,18.24,1.61,2021,9,266,25.96,18,3.8424927480189464,4.425166939448267
2021-09-24,28.6,23.17,83.97,1.36,20.59,1.87,2021,9,267,25.885,18,4.181645260904487,4.986376145283571
2021-09-25,28.8,22.93,83.52,1.66,19.27,2.66,2021,9,268,25.865000000000002,18,4.002358559582183,4.664479824747096
2021-09-26,28.61,22.11,80.59,1.74,23.33,0.32,2021,9,269,25.36,18,4.659134416116958,5.579231947547252
2021-09-27,28.26,22.47,79.16,1.8,23.22,0.09,2021,9,270,25.365000000000002,18,4.683331123306107,5.5535959511941595
2021-09-28,28.21,22.11,79.6,1.78,21.2,0.04,2021,9,271,25.16,18,4.346958548105768,5.04539647836716
2021-09-29,28.69,22.68,83.26,1.61,22.63,0.1,2021,9,272,25.685000000000002,18,4.521512803496657,5.454278173634581
2021-09-30,28.93,22.69,82.1,1.46,24.5,0.09,2021,9,273,25.810000000000002,18,4.855617618250158,5.922667601919477
2021-10-01,28.7,22.83,80.42,1.52,24.29,0.09,2021,10,274,25.765,19,4.853682288687294,5.8655903028963365
2021-10-02,29.38,22.38,77.25,1.38,24.55,0.04,2021,10,275,25.88,19,4.9669797780135285,5.9446788585604535
2021-10-03,28.81,22.73,80.31,1.6,22.85,5.92,2021,10,276,25.77,19,4.644524948590866,5.518516352686485
2021-10-04,28.5,22.53,81.35,1.45,20.71,6.26,2021,10,277,25.515,19,4.244983051743898,4.971197852516932
2021-10-05,28.05,22.47,82.8,1.75,16.87,2.86,2021,10,278,25.259999999999998,19,3.6151616472545136,4.024628620769695
2021-10-06,27.61,22.07,81.3,1.75,16.92,1.33,2021,10,279,24.84,19,3.631225897194903,3.9955798409866676
2021-10-07,28.59,21.66,79.65,1.51,24.02,0.35,2021,10,280,25.125,19,4.765441514821206,5.711680888424718
2021-10-08,28.77,22.33,80.74,1.54,24.12,0.29,2021,10,281,25.549999999999997,19,4.811791123830691,5.794601518589383
2021-10-09,28.84,22.86,81.9,1.56,22.69,0.59,2021,10,282,25.85,19,4.598614949022982,5.490356581971761
2021-10-10,28.85,22.85,80.94,1.51,24.61,0.03,2021,10,283,25.85,19,4.921434427180085,5.954943829102029
2021-10-11,28.59,22.46,81.26,1.46,25.45,0.02,2021,10,284,25.525,19,5.004318692266313,6.11044927164106
2021-10-12,29.0,22.43,78.44,1.32,26.86,0.01,2021,10,285,25.715,19,5.297331152694088,6.478444090758385
2021-10-13,29.03,22.4,80.06,1.52,25.17,0.03,2021,10,286,25.715,19,5.019766991557501,6.070827913789596
2021-10-14,28.51,22.67,79.42,1.4,21.74,0.06,2021,10,287,25.590000000000003,19,4.464475045269124,5.227848311503367
2021-10-15,29.5,23.0,79.75,1.09,24.64,0.15,2021,10,288,26.25,19,4.977050798255282,6.019142589583737
2021-10-16,30.14,23.7,81.02,1.22,22.02,0.8,2021,10,289,26.92,20,4.618511428424883,5.464439097355923
2021-10-17,29.2,23.79,83.55,1.16,18.24,5.14,2021,10,290,26.494999999999997,20,3.886200035974219,4.481561620700681
2021-10-18,29.45,24.04,84.12,0.91,23.81,4.53,2021,10,291,26.744999999999997,20,4.8410448996312665,5.88453428402078
2021-10-19,30.35,24.08,81.37,0.94,22.67,2.79,2021,10,292,27.215,20,4.733133983928532,5.66445186205578
2021-10-20,29.42,24.62,84.3,1.6,23.23,1.04,2021,10,293,27.020000000000003,20,4.781182220503806,5.778153991034016
2021-10-21,29.99,24.58,82.16,1.58,23.25,1.78,2021,10,294,27.284999999999997,20,4.8721452746260585,5.818797579041617
2021-10-22,29.75,24.19,81.19,1.57,23.22,0.45,2021,10,295,26.97,20,4.851019725870961,5.76894734068523
2021-10-23,30.16,23.81,78.93,1.36,24.97,0.05,2021,10,296,26.985,20,5.172991474808781,6.205897828524783
2021-10-24,30.81,23.08,77.51,1.2,24.23,0.03,2021,10,297,26.945,20,5.059425606230768,6.016373631873997
2021-10-25,30.96,23.21,77.54,1.23,23.09,0.12,2021,10,298,27.085,20,4.8927181037151435,5.752017960336943
2021-10-26,29.65,23.61,81.92,1.15,21.21,1.73,2021,10,299,26.63,20,4.434159381579865,5.227847640033157
2021-10-27,28.04,24.22,86.41,1.23,18.1,9.45,2021,10,300,26.13,20,3.7784542726229287,4.408977962361164
2021-10-28,27.94,24.61,88.99,1.44,22.2,10.3,2021,10,301,26.275,20,4.41694344772105,5.426298739649641
2021-10-29,28.3,24.96,88.97,1.43,22.01,22.47,2021,10,302,26.630000000000003,20,4.428022014662548,5.425031898025924
2021-10-30,27.7,24.48,88.95,1.22,16.88,15.12,2021,10,303,26.09,20,3.5183521216923475,4.1078970581286605
2021-10-31,29.65,23.97,85.18,1.18,21.75,6.11,2021,10,304,26.81,20,4.494572504802036,5.383593262729778
2021-11-01,29.19,24.16,83.83,0.89,18.4,6.47,2021,11,305,26.675,21,3.908786062941791,4.5400268729810636
2021-11-02,27.76,24.28,89.1,1.28,20.84,17.83,2021,11,306,26.020000000000003,21,4.1726772987057705,5.063170241694183
2021-11-03,30.82,23.74,82.01,1.31,23.86,3.39,2021,11,307,27.28,21,4.979084316794125,5.970771981340096
2021-11-04,28.83,24.75,84.92,1.04,17.83,9.49,2021,11,308,26.79,21,3.8141384272579333,4.4112458088161235
2021-11-05,29.48,24.39,83.07,0.59,21.37,4.18,2021,11,309,26.935000000000002,21,4.437787088119753,5.304991343923974
2021-11-06,29.42,23.58,82.05,0.74,22.42,2.11,2021,11,310,26.5,21,4.593779093623527,5.509234326083401
2021-11-07,31.7,23.92,79.9,0.91,24.43,0.59,2021,11,311,27.810000000000002,21,5.1433665303969915,6.188423936836064
2021-11-08,29.32,24.62,82.86,0.64,21.03,2.65,2021,11,312,26.97,21,4.384644135986436,5.224847656098639
2021-11-09,30.06,24.65,83.36,1.08,19.39,1.86,2021,11,313,27.354999999999997,21,4.17071662550974,4.860612252841415
2021-11-10,28.68,24.66,86.04,1.26,19.23,12.97,2021,11,314,26.67,21,4.031725416128316,4.744265435500658
2021-11-11,28.41,24.17,88.11,1.45,16.54,17.86,2021,11,315,26.29,21,3.5014834202296554,4.044270930580571
2021-11-12,26.45,24.19,88.56,1.55,10.51,39.33,2021,11,316,25.32,21,2.4392819994566923,2.5109790805641246
2021-11-13,28.49,23.7,81.92,0.99,18.66,0.4,2021,11,317,26.095,21,3.9360235351161164,4.541614827726685
2021-11-14,27.57,24.16,85.71,0.67,10.74,10.79,2021,11,318,25.865000000000002,21,2.4831387155346634,2.5997152733670896
2021-11-15,28.33,23.34,80.45,0.62,18.53,7.15,2021,11,319,25.835,21,3.8574385198324896,4.482145751691387
2021-11-16,28.73,23.66,80.88,0.68,17.17,9.77,2021,11,320,26.195,22,3.6633927392071235,4.188888276183105
2021-11-17,29.29,23.87,81.18,0.77,21.09,1.54,2021,11,321,26.58,22,4.380741724337403,5.192171593011305
2021-11-18,29.85,24.28,81.6,0.99,22.78,2.63,2021,11,322,27.065,22,4.74232013218407,5.672155763624473
2021-11-19,27.25,24.82,90.08,1.61,18.65,17.71,2021,11,323,26.035,22,3.7664419478258426,4.532716137019334
2021-11-20,28.18,24.62,87.04,1.39,12.52,21.42,2021,11,324,26.4,22,2.863622811063044,3.0692831073014566
2021-11-21,28.91,24.3,84.72,1.08,16.48,8.37,2021,11,325,26.605,22,3.575922828503704,4.059612970502297
2021-11-22,30.8,24.42,80.68,0.59,21.04,12.07,2021,11,326,27.61,22,4.46281796264189,5.305307817192229
2021-11-23,30.28,24.55,81.96,0.77,21.56,22.27,2021,11,327,27.415,22,4.546281079780069,5.412071928662218
2021-11-24,28.83,24.72,85.71,0.82,22.13,9.81,2021,11,328,26.775,22,4.543202124820742,5.473170457807365
2021-11-25,28.74,24.31,87.24,0.98,22.54,16.19,2021,11,329,26.525,22,4.568168158760918,5.541980028549973
2021-11-26,27.65,24.4,86.61,0.84,20.28,5.76,2021,11,330,26.025,22,4.132273052325741,4.927701535471633
2021-11-27,28.07,23.95,86.19,0.91,16.53,9.89,2021,11,331,26.009999999999998,22,3.4992511791286938,4.015081765329851
2021-11-28,26.76,23.42,88.7,1.23,12.06,12.95,2021,11,332,25.090000000000003,22,2.6567883259828884,2.865295681128003
2021-11-29,27.34,22.95,85.0,0.95,11.94,11.41,2021,11,333,25.145,22,2.6969042651404673,2.840572443063746
2021-11-30,27.87,23.41,84.42,1.0,11.77,15.55,2021,11,334,25.64,22,2.7139449595197984,2.83374547370304
2021-12-01,26.71,23.64,88.73,0.86,4.47,31.31,2021,12,335,25.175,23,1.370527339480943,1.0642037993049989
2021-12-02,29.62,24.13,83.96,0.69,20.64,7.3,2021,12,336,26.875,23,4.305854578501681,5.116606627493947
2021-12-03,28.96,24.35,83.8,0.65,17.06,8.8,2021,12,337,26.655,23,3.650621471089289,4.207421021340224
2021-12-04,28.12,23.8,85.45,0.46,20.96,8.78,2021,12,338,25.96,23,4.252878564323072,5.085060254980026
2021-12-05,27.92,24.28,86.31,1.2,15.47,19.14,2021,12,339,26.1,23,3.339251596686616,3.7656549082931114
2021-12-06,26.76,23.97,88.7,1.51,8.86,66.18,2021,12,340,25.365000000000002,23,2.1695532147758056,2.1190723569156007
2021-12-07,28.71,23.65,83.97,0.96,14.01,10.73,2021,12,341,26.18,23,3.1258273928772744,3.416742794247471
2021-12-08,30.01,24.53,83.4,0.92,23.39,9.04,2021,12,342,27.270000000000003,23,4.847777487905939,5.851803869757443
2021-12-09,29.59,23.8,82.74,1.34,22.98,1.45,2021,12,343,26.695,23,4.737347460154507,5.672757151275077
2021-12-10,27.87,24.36,87.02,1.52,24.46,2.46,2021,12,344,26.115000000000002,23,4.809610353035619,5.956090070813798
2021-12-11,28.16,24.23,87.66,1.58,16.6,13.82,2021,12,345,26.195,23,3.5149188876237245,4.049827919897469
2021-12-12,29.05,24.21,86.06,1.27,21.51,9.15,2021,12,346,26.630000000000003,23,4.414788579417601,5.301791736780446
2021-12-13,28.54,24.84,86.91,1.2,21.9,9.44,2021,12,347,26.689999999999998,23,4.469643572946755,5.405519008712674
2021-12-14,28.11,24.73,87.76,1.14,19.12,23.76,2021,12,348,26.42,23,3.9528180535638913,4.689486487575069
2021-12-15,29.28,24.15,85.74,0.59,20.83,12.39,2021,12,349,26.715,23,4.309051085722334,5.144425911424067
2021-12-16,29.2,24.44,84.64,0.54,23.05,9.02,2021,12,350,26.82,24,4.716847686163014,5.706704813955771
2021-12-17,28.66,24.81,84.53,0.74,22.41,3.02,2021,12,351,26.735,24,4.593670966321255,5.537234236596945
2021-12-18,30.92,25.14,81.22,0.88,24.36,8.16,2021,12,352,28.03,24,5.129968878455701,6.201762836005508
2021-12-19,28.8,25.3,86.5,0.94,21.75,18.95,2021,12,353,27.05,24,4.495314123087633,5.413800273844021
2021-12-20,28.28,24.87,87.43,0.49,16.52,40.05,2021,12,354,26.575000000000003,24,3.51153342034967,4.066600316293924
2021-12-21,28.96,24.25,84.51,0.87,15.51,5.72,2021,12,355,26.605,24,3.3924652338602757,3.820667304155984
2021-12-22,27.55,24.53,84.63,0.78,20.26,2.6,2021,12,356,26.04,24,4.1472715276691705,4.924597486759652
2021-12-23,28.79,23.88,85.66,0.98,21.48,4.5,2021,12,357,26.335,24,4.385185575769799,5.257759857215575
2021-12-24,27.38,24.41,88.73,1.26,21.23,6.12,2021,12,358,25.895,24,4.231954430548989,5.142594041885893
2021-12-25,29.07,24.04,85.52,1.3,20.36,2.96,2021,12,359,26.555,24,4.2251931707448405,5.009508593906211
2021-12-26,28.01,24.43,88.37,1.71,21.91,1.93,2021,12,360,26.22,24,4.362837043520528,5.348450300217355
2021-12-27,27.11,23.98,89.58,1.75,22.27,9.09,2021,12,361,25.545,24,4.3043043845699795,5.34951386889936
2021-12-28,28.77,22.91,82.39,1.71,19.5,6.04,2021,12,362,25.84,24,4.112219613590183,4.717338121550764
2021-12-29,28.71,23.42,82.55,1.32,15.53,11.19,2021,12,363,26.065,24,3.4483939975703115,3.777119542074379
2021-12-30,28.97,23.83,82.69,1.02,10.55,12.46,2021,12,364,26.4,24,2.590395377138246,2.586336803676547
2021-12-31,26.84,24.36,88.57,0.75,18.49,37.81,2021,12,365,25.6,24,3.7676524848668604,4.447383525781707
2022-01-01,26.73,23.76,87.04,0.76,16.64,20.59,2022,1,1,25.245,1,3.4401489437205943,3.9683183630415484
2022-01-02,26.35,24.08,91.52,1.07,13.5,17.41,2022,1,2,25.215,1,2.839303570898527,3.217152938263773
2022-01-03,26.48,23.58,89.57,1.23,14.56,8.42,2022,1,3,25.03,1,3.040615681072013,3.4542249736004544
2022-01-04,26.7,23.34,86.21,1.26,15.14,4.88,2022,1,4,25.02,1,3.2103295379883914,3.5909516288232353
2022-01-05,26.63,23.46,87.56,1.3,12.55,8.74,2022,1,5,25.045,1,2.766054030912057,2.9784565810921917
2022-01-06,28.94,22.97,81.12,1.34,18.24,0.49,2022,1,6,25.955,1,3.918605323605706,4.424640155671278
2022-01-07,28.25,22.53,83.4,1.6,20.13,6.16,2022,1,7,25.39,1,4.130251473433985,4.817455181979432
2022-01-08,28.1,23.26,85.51,1.17,19.2,9.43,2022,1,8,25.68,1,3.9431120767742827,4.627026023778071
2022-01-09,26.82,24.17,89.35,1.39,21.96,30.69,2022,1,9,25.495,1,4.288671300744678,5.268711300131433
2022-01-10,28.66,23.53,83.19,0.86,23.63,8.47,2022,1,10,26.095,1,4.753024481290586,5.7512517888093
2022-01-11,26.81,24.5,89.94,1.01,16.99,40.85,2022,1,11,25.655,1,3.491332433221392,4.091983980574133
2022-01-12,26.06,24.01,91.33,0.95,18.48,4.83,2022,1,12,25.035,1,3.6720928353023905,4.384741402375584
2022-01-13,28.03,23.64,86.18,1.3,21.99,3.35,2022,1,13,25.835,1,4.406489471693432,5.319070970301866
2022-01-14,26.7,24.01,90.53,1.83,21.64,7.63,2022,1,14,25.355,1,4.1506388181166125,5.174454142658108
2022-01-15,27.09,23.84,88.89,1.58,10.51,20.32,2022,1,15,25.465,1,2.441488705682542,2.519772220980689
2022-01-16,27.08,24.21,88.21,1.47,19.59,4.19,2022,1,16,25.645,2,3.9411329966670836,4.717054291121229
2022-01-17,26.51,24.63,90.27,1.01,16.72,45.33,2022,1,17,25.57,2,3.434080089613545,4.018751704786334
2022-01-18,26.1,23.58,88.71,1.24,11.58,26.88,2022,1,18,24.84,2,2.567821870528312,2.7345635081930024
2022-01-19,27.71,23.48,84.99,0.86,17.55,16.98,2022,1,19,25.595,2,3.65688017535992,4.220779637105704
2022-01-20,27.47,23.38,83.73,1.04,16.58,17.26,2022,1,20,25.424999999999997,2,3.5137925640280057,3.971227538043863
2022-01-21,27.57,22.61,85.25,1.18,17.15,2.5,2022,1,21,25.09,2,3.5636729760634784,4.0746120175244815
2022-01-22,27.79,23.65,88.34,1.7,20.71,6.73,2022,1,22,25.72,2,4.121997911684258,4.99570496289696
2022-01-23,28.18,24.09,86.88,1.83,26.14,2.09,2022,1,23,26.134999999999998,2,5.077629805142852,6.368196292764518
2022-01-24,28.48,23.97,86.87,1.89,26.53,0.17,2022,1,24,26.225,2,5.150922977479191,6.477005131546852
2022-01-25,28.56,23.82,85.03,1.77,23.92,1.79,2022,1,25,26.189999999999998,2,4.78503031889496,5.834964519807846
2022-01-26,27.65,24.48,89.38,1.74,21.84,17.05,2022,1,26,26.064999999999998,2,4.309638849517294,5.311802369536666
2022-01-27,26.82,24.67,90.93,1.75,13.54,13.87,2022,1,27,25.745,2,2.883972710186217,3.2680985331739896
2022-01-28,27.64,24.24,88.17,1.61,17.64,16.29,2022,1,28,25.939999999999998,2,3.653622790552327,4.277564444964413
2022-01-29,28.26,23.95,86.27,1.24,20.49,8.97,2022,1,29,26.105,2,4.189690026833984,4.988198202539912
2022-01-30,27.23,24.01,87.86,1.17,20.31,7.14,2022,1,30,25.62,2,4.079116319892416,4.887491258649248
2022-01-31,28.06,24.05,85.76,1.54,20.0,3.27,2022,1,31,26.055,2,4.115150284239528,4.863132432477775
2022-02-01,27.22,24.31,86.96,1.34,20.69,12.19,2022,2,32,25.765,3,4.167968310136852,4.9962562110714375
2022-02-02,28.95,24.62,82.8,1.15,24.55,3.92,2022,2,33,26.785,3,5.007078796792772,6.073102797630552
2022-02-03,28.63,24.32,85.6,1.27,22.8,5.5,2022,2,34,26.475,3,4.630454042919288,5.599315475512694
2022-02-04,28.43,24.14,85.83,1.55,15.18,8.48,2022,2,35,26.285,3,3.3482761763538123,3.711292437284144
2022-02-05,28.8,23.91,86.41,1.47,18.57,4.77,2022,2,36,26.355,3,3.8964598630132916,4.547612406628346
2022-02-06,26.85,24.51,89.46,1.13,15.86,11.67,2022,2,37,25.68,3,3.311138849716195,3.8221162883916775
2022-02-07,27.76,24.49,86.08,1.04,21.44,1.56,2022,2,38,26.125,3,4.352930044260452,5.221948969634656
2022-02-08,27.78,24.33,86.49,0.89,22.44,3.23,2022,2,39,26.055,3,4.514586391367075,5.456434589240064
2022-02-09,28.71,23.84,85.4,0.78,18.22,11.57,2022,2,40,26.275,3,3.824395560553589,4.453475812451192
2022-02-10,27.93,23.55,86.95,1.08,12.97,7.32,2022,2,41,25.740000000000002,3,2.8825243496549886,3.130145361206724
2022-02-11,27.16,24.3,89.6,1.2,14.5,8.67,2022,2,42,25.73,3,3.08327444584555,3.4985543112263993
2022-02-12,27.19,23.74,88.92,0.73,12.5,20.45,2022,2,43,25.465,3,2.731900009027192,2.9968746681502014
2022-02-13,28.6,23.28,85.11,1.11,18.91,1.66,2022,2,44,25.94,3,3.930268379298735,4.585529685616613
2022-02-14,27.16,23.62,88.06,0.85,17.25,6.96,2022,2,45,25.39,3,3.5487358834973826,4.128221653708158
2022-02-15,28.81,23.63,85.1,0.94,23.35,5.02,2022,2,46,26.22,3,4.706226883666801,5.699968713376323
2022-02-16,28.02,24.12,85.91,1.2,24.6,1.92,2022,2,47,26.07,4,4.874512258726489,5.983784710446237
2022-02-17,27.89,23.95,85.63,1.14,23.79,2.25,2022,2,48,25.92,4,4.726855909091324,5.766144041744948
2022-02-18,28.52,23.78,85.21,0.92,23.49,3.17,2022,2,49,26.15,4,4.717301996229466,5.724642320460148
2022-02-19,29.98,24.35,81.15,0.62,23.23,1.0,2022,2,50,27.165,4,4.8074217547086,5.797651905348161
2022-02-20,28.56,24.31,84.92,1.02,22.1,14.64,2022,2,51,26.435,4,4.512622747269989,5.422295750100158
2022-02-21,26.21,23.71,88.87,1.28,6.22,23.91,2022,2,52,24.96,4,1.704834780907767,1.4731269614900682
2022-02-22,27.6,22.91,86.4,1.43,19.16,46.72,2022,2,53,25.255000000000003,4,3.87853015316006,4.570394881241246
2022-02-23,27.5,23.42,81.89,0.84,16.66,43.8,2022,2,54,25.46,4,3.5296645618035845,3.993753855858242
2022-02-24,28.64,22.95,79.79,0.96,23.8,6.06,2022,2,55,25.795,4,4.781167189443599,5.7513870511183525
2022-02-25,28.26,23.29,85.33,1.11,19.23,11.31,2022,2,56,25.775,4,3.9557329883752077,4.64480329776652
2022-02-26,26.74,23.82,86.32,0.8,15.69,6.25,2022,2,57,25.28,4,3.2907037793376506,3.744929523793149
2022-02-27,27.7,23.79,84.9,0.91,20.1,3.55,2022,2,58,25.744999999999997,4,4.092643731129027,4.851460894889009
2022-02-28,28.16,24.42,85.89,0.97,22.72,1.23,2022,2,59,26.29,4,4.581284922312106,5.555370951801122
2022-03-01,27.71,24.63,89.85,1.32,16.23,7.39,2022,3,60,26.17,5,3.391565865364717,3.9572160048115106
2022-03-02,27.86,25.14,88.04,0.81,21.3,4.59,2022,3,61,26.5,5,4.338619390873715,5.234018338339717
2022-03-03,27.2,24.89,89.96,1.16,19.3,16.08,2022,3,62,26.045,5,3.899899865784782,4.691807807541702
2022-03-04,26.92,24.55,91.39,1.23,17.08,8.58,2022,3,63,25.735,5,3.4645128596265278,4.1215487712088725
2022-03-05,27.23,24.18,89.91,1.31,23.25,27.26,2022,3,64,25.705,5,4.509992736980061,5.6063950226386385
2022-03-06,27.22,24.12,88.53,1.31,20.06,12.46,2022,3,65,25.67,5,4.005483829626983,4.833120157074141
2022-03-07,28.82,23.94,83.82,0.53,20.54,10.56,2022,3,66,26.380000000000003,5,4.215542287678671,5.033014598023033
2022-03-08,29.0,24.37,85.4,0.72,19.93,7.09,2022,3,67,26.685000000000002,5,4.136963249122963,4.918692737093427
2022-03-09,30.35,24.8,76.93,0.5,22.69,4.38,2022,3,68,27.575000000000003,5,4.718502612309617,5.7167596022288905
2022-03-10,28.83,24.04,85.23,0.84,18.65,3.3,2022,3,69,26.435,5,3.894782951308347,4.575828766487237
2022-03-11,26.9,24.45,90.06,0.61,21.48,6.05,2022,3,70,25.674999999999997,5,4.271443741117416,5.175865335497728
2022-03-12,28.83,24.52,85.48,0.79,22.95,5.57,2022,3,71,26.674999999999997,5,4.655198873430769,5.662696561680185
2022-03-13,28.17,24.84,88.35,0.88,20.47,1.85,2022,3,72,26.505000000000003,5,4.1732628649108925,5.030655431101151
2022-03-14,29.09,24.74,84.94,0.95,19.68,0.82,2022,3,73,26.915,5,4.118821281825664,4.883179977983346
2022-03-15,28.2,25.15,87.27,1.01,22.81,1.29,2022,3,74,26.674999999999997,5,4.597880998438143,5.628152878950981
2022-03-16,28.61,24.72,85.68,1.01,21.44,6.13,2022,3,75,26.665,6,4.3815544451568975,5.28887819380486
2022-03-17,29.74,24.76,83.8,0.98,24.74,1.77,2022,3,76,27.25,6,5.0418343383272965,6.186687184789302
2022-03-18,29.12,24.88,82.75,0.82,13.07,11.34,2022,3,77,27.0,6,2.9923135368259732,3.249476027693103
2022-03-19,27.29,24.53,88.03,1.0,12.72,12.32,2022,3,78,25.91,6,2.7956912235221676,3.0822982141748083
2022-03-20,27.65,24.28,86.87,0.9,17.55,13.81,2022,3,79,25.965,6,3.626205874761778,4.258274393096926
2022-03-21,28.09,24.43,87.37,1.03,19.85,7.28,2022,3,80,26.259999999999998,6,4.034499340648735,4.850172387906866
2022-03-22,27.59,24.22,87.61,0.76,21.16,8.08,2022,3,81,25.905,6,4.221765099598623,5.126859871045661
2022-03-23,27.52,24.44,88.61,0.65,21.65,3.48,2022,3,82,25.98,6,4.310968693987552,5.254960789111012
2022-03-24,28.78,24.03,85.12,0.89,22.65,18.73,2022,3,83,26.405,6,4.547460478969594,5.553311438528789
2022-03-25,27.61,24.26,84.69,0.73,20.57,9.83,2022,3,84,25.935000000000002,6,4.137331558582573,4.9874728760059925
2022-03-26,29.42,24.97,82.0,0.5,22.05,5.62,2022,3,85,27.195,6,4.520487419608554,5.506981923811814
2022-03-27,27.39,24.27,87.61,1.0,18.53,16.01,2022,3,86,25.83,6,3.7527773333919683,4.481610719094572
2022-03-28,27.07,23.86,88.78,1.26,17.65,5.05,2022,3,87,25.465,6,3.5487292322249973,4.2315870314280835
2022-03-29,26.1,23.39,90.29,1.0,17.82,8.49,2022,3,88,24.745,6,3.492988832980645,4.198353783896534
2022-03-30,27.63,22.55,82.54,0.94,19.17,1.09,2022,3,89,25.09,6,3.849502550863473,4.554537164778095
2022-03-31,28.33,23.52,84.19,0.97,23.17,1.51,2022,3,90,25.924999999999997,6,4.56500323018491,5.616539547786741
2022-04-01,28.71,23.99,85.11,0.84,15.16,15.34,2022,4,91,26.35,7,3.2508745924296694,3.7120984101582164
2022-04-02,28.85,23.42,82.46,0.85,17.75,10.57,2022,4,92,26.135,7,3.699533627029081,4.324234284490061
2022-04-03,28.76,23.29,83.74,1.03,22.51,2.42,2022,4,93,26.025,7,4.4676359337594755,5.46955431772517
2022-04-04,28.99,23.82,82.15,0.86,23.76,3.09,2022,4,94,26.405,7,4.72049971610387,5.825460475913644
2022-04-05,29.06,23.28,82.43,1.1,20.42,0.24,2022,4,95,26.17,7,4.159462220686649,4.978826298105425
2022-04-06,28.2,23.67,85.78,1.15,18.78,2.96,2022,4,96,25.935000000000002,7,3.810986350812215,4.553463325784762
2022-04-07,29.33,24.22,82.68,1.32,22.17,2.56,2022,4,97,26.775,7,4.514555353693344,5.483063219592828
2022-04-08,29.01,24.04,84.94,1.18,21.28,2.68,2022,4,98,26.525,7,4.291758044947838,5.232179902730409
2022-04-09,29.51,23.96,83.63,0.91,21.67,3.38,2022,4,99,26.735,7,4.384837730190773,5.354389375593745
2022-04-10,29.12,24.0,82.79,0.93,21.26,0.67,2022,4,100,26.560000000000002,7,4.29991900423115,5.231565227133443
2022-04-11,28.63,23.69,84.09,1.21,23.7,0.04,2022,4,101,26.16,7,4.642889759417235,5.777189933093793
2022-04-12,28.59,23.34,83.34,1.21,21.96,0.04,2022,4,102,25.965,7,4.349271898923732,5.328302317516154
2022-04-13,29.46,23.2,81.01,1.1,23.43,0.01,2022,4,103,26.33,7,4.654339456480683,5.734393303724407
2022-04-14,29.14,23.35,84.59,1.29,23.1,0.09,2022,4,104,26.245,7,4.543392274637702,5.642278667499048
2022-04-15,29.94,24.5,84.24,1.15,21.01,1.68,2022,4,105,27.22,7,4.312695806991379,5.250283293341074
2022-04-16,28.72,24.57,85.23,1.06,19.59,1.66,2022,4,106,26.645,8,3.985687560628592,4.830249022179315
2022-04-17,27.85,24.85,86.03,0.95,17.51,2.24,2022,4,107,26.35,8,3.590539383003541,4.287522636007281
2022-04-18,27.93,24.62,87.01,0.73,13.95,2.82,2022,4,108,26.275,8,2.963471240642712,3.4097688026176804
2022-04-19,26.39,24.65,93.43,1.4,11.56,8.08,2022,4,109,25.52,8,2.4076521091601313,2.7751789317997333
2022-04-20,26.22,23.73,87.63,0.87,9.08,5.78,2022,4,110,24.975,8,2.094969574060398,2.151266397261775
2022-04-21,28.93,23.67,82.19,0.77,21.06,2.83,2022,4,111,26.3,8,4.185075283198758,5.1506940033560795
2022-04-22,28.44,23.7,84.98,1.04,21.75,1.67,2022,4,112,26.07,8,4.256091941663319,5.290541359845758
2022-04-23,28.6,24.68,86.92,1.4,20.72,0.63,2022,4,113,26.64,8,4.121141124562645,5.108270633831915
2022-04-24,29.16,24.9,86.46,1.54,21.07,2.09,2022,4,114,27.03,8,4.23069250424143,5.2421021719552865
2022-04-25,28.9,24.59,84.27,1.61,20.35,0.52,2022,4,115,26.744999999999997,8,4.131633502132471,5.029410864335274
2022-04-26,29.48,23.76,81.91,1.0,20.48,0.09,2022,4,116,26.62,8,4.133065375478151,5.0467325557493306
2022-04-27,29.42,24.27,78.19,0.74,20.66,1.8,2022,4,117,26.845,8,4.16719459911314,5.117978406683597
2022-04-28,27.92,23.98,83.87,0.74,17.93,3.13,2022,4,118,25.950000000000003,8,3.593036234825403,4.3489228534782
2022-04-29,27.6,24.38,88.77,0.87,17.44,10.98,2022,4,119,25.990000000000002,8,3.471932908426533,4.23410284562001
2022-04-30,27.65,24.79,88.71,1.02,16.86,5.77,2022,4,120,26.22,8,3.3937684489155586,4.115694754069585
2022-05-01,28.34,24.36,85.91,1.05,19.59,1.1,2022,5,121,26.35,9,3.8878116321121325,4.796834291226877
2022-05-02,29.11,24.9,85.98,1.48,21.18,0.34,2022,5,122,27.005,9,4.223442306288779,5.2664049678010185
2022-05-03,28.34,25.24,87.46,1.65,18.82,1.47,2022,5,123,26.79,9,3.783423079530578,4.65617757273805
2022-05-04,28.99,24.73,85.33,1.7,20.11,0.61,2022,5,124,26.86,9,4.050492704348158,4.983475518651621
2022-05-05,28.65,24.81,85.92,1.65,15.85,0.68,2022,5,125,26.729999999999997,9,3.348943333739664,3.915880821489725
2022-05-06,28.97,24.41,85.79,1.6,20.0,0.62,2022,5,126,26.689999999999998,9,3.9927594345473847,4.93654703992025
2022-05-07,29.73,24.85,86.1,1.34,20.36,0.49,2022,5,127,27.29,9,4.103638504913672,5.096104276917537
2022-05-08,29.51,24.65,87.53,1.01,16.51,1.65,2022,5,128,27.08,9,3.4102635518714752,4.112376928037258
2022-05-09,26.93,24.92,93.1,1.3,19.19,8.13,2022,5,129,25.925,9,3.620908648433707,4.6517649513175465
2022-05-10,28.81,24.65,86.54,1.71,17.4,7.61,2022,5,130,26.729999999999997,9,3.5618599776873876,4.298821848196923
2022-05-11,29.53,24.33,84.09,1.42,18.1,0.38,2022,5,131,26.93,9,3.7336654815866,4.492707146430488
2022-05-12,29.41,24.51,87.59,1.0,17.35,3.05,2022,5,132,26.96,9,3.5249859492453552,4.309557354582278
2022-05-13,26.63,25.12,91.86,1.09,17.7,8.86,2022,5,133,25.875,9,3.4040657476324356,4.285469166026902
2022-05-14,29.19,24.53,83.81,0.95,19.37,0.49,2022,5,134,26.86,9,3.8769469167280253,4.800095514484431
2022-05-15,29.11,23.95,84.38,1.2,20.41,0.05,2022,5,135,26.53,9,4.01628185519535,5.01886038331338
2022-05-16,29.22,23.44,84.01,1.07,20.12,0.08,2022,5,136,26.33,10,3.9442900183597733,4.924284817368122
2022-05-17,28.58,24.12,86.17,0.85,15.77,1.11,2022,5,137,26.35,10,3.2048252645236,3.8614638475062715
2022-05-18,27.8,24.5,88.81,0.99,14.82,7.45,2022,5,138,26.15,10,3.003363745130646,3.6117155891536568
2022-05-19,27.49,24.55,89.15,1.13,16.55,8.31,2022,5,139,26.02,10,3.2599583703775776,4.020895753360783
2022-05-20,28.55,24.7,87.84,1.43,17.56,7.87,2022,5,140,26.625,10,3.5036742218145664,4.327686674353594
2022-05-21,28.99,24.3,84.75,1.3,19.92,0.51,2022,5,141,26.645,10,3.9290456769598503,4.911616157315568
2022-05-22,28.76,23.55,83.41,1.26,20.95,0.2,2022,5,142,26.155,10,4.04820522901622,5.106235610694791
2022-05-23,29.07,23.58,82.4,1.36,20.96,0.09,2022,5,143,26.325,10,4.092508613931069,5.129265497673278
2022-05-24,28.42,22.69,85.77,1.33,17.15,0.35,2022,5,144,25.555,10,3.3719529884039128,4.1206199676753466
2022-05-25,28.18,24.58,87.82,1.35,15.51,2.73,2022,5,145,26.38,10,3.1452247232855948,3.8004896015256686
2022-05-26,26.34,24.19,91.25,0.89,7.37,30.67,2022,5,146,25.265,10,1.7146845176740486,1.758452816103046
2022-05-27,26.18,23.64,86.93,0.91,12.4,20.66,2022,5,147,24.91,10,2.541471539267698,2.933206152291296
2022-05-28,28.56,24.0,82.04,0.6,16.64,0.93,2022,5,148,26.28,10,3.307158146472647,4.067760641876892
2022-05-29,28.42,23.87,85.79,0.76,17.53,1.69,2022,5,149,26.145000000000003,10,3.431567078668702,4.271651048040401
2022-05-30,27.63,23.78,87.52,1.18,19.5,0.49,2022,5,150,25.705,10,3.6821235993718195,4.70213776092273
2022-05-31,28.32,23.55,84.11,0.79,19.11,6.9,2022,5,151,25.935000000000002,10,3.6670894707981123,4.633476259624429
2022-06-01,28.25,24.41,84.0,0.67,12.24,12.99,2022,6,152,26.33,11,2.6035383692297467,2.995688179154364
2022-06-02,27.38,23.93,87.66,1.07,18.42,2.76,2022,6,153,25.655,11,3.501161898934714,4.4363946393275775
2022-06-03,27.95,23.66,85.99,0.84,16.9,4.39,2022,6,154,25.805,11,3.2925065784411545,4.0849439925271875
2022-06-04,26.84,23.92,89.29,0.9,17.12,3.16,2022,6,155,25.380000000000003,11,3.2505935311174623,4.096122613813988
2022-06-05,27.48,23.9,88.48,1.05,17.37,2.36,2022,6,156,25.689999999999998,11,3.3272731747750193,4.1870154038087595
2022-06-06,27.66,23.28,87.24,1.0,18.68,5.25,2022,6,157,25.47,11,3.5210415677055553,4.479068495412229
2022-06-07,27.11,24.1,89.19,1.47,18.54,3.0,2022,6,158,25.605,11,3.47388817294647,4.459945070463596
2022-06-08,28.65,23.93,84.54,1.18,18.45,1.9,2022,6,159,26.29,11,3.6129945333364737,4.511293752673007
2022-06-09,27.28,23.81,88.0,1.26,16.62,1.59,2022,6,160,25.545,11,3.203688866142228,3.9923179389810226
2022-06-10,27.79,23.92,87.66,1.17,16.38,2.36,2022,6,161,25.855,11,3.1993979383924653,3.9639829237815363
2022-06-11,28.07,24.16,86.84,1.24,18.03,2.88,2022,6,162,26.115000000000002,11,3.490502664603699,4.390364021944921
2022-06-12,26.5,24.3,92.5,1.34,16.4,11.37,2022,6,163,25.4,11,3.0622921421933884,3.9257483149622545
2022-06-13,27.08,24.27,89.08,1.43,14.87,8.46,2022,6,164,25.674999999999997,11,2.9292306239187575,3.5831060306727758
2022-06-14,27.75,23.81,86.91,1.54,16.92,5.03,2022,6,165,25.78,11,3.2982716960926246,4.087335702236802
2022-06-15,28.21,23.99,85.8,1.33,18.67,4.21,2022,6,166,26.1,11,3.6042094301076473,4.544588050280051
2022-06-16,27.73,24.12,89.01,1.3,16.79,10.69,2022,6,167,25.925,12,3.240144024750384,4.069991325305971
2022-06-17,27.17,23.76,89.05,1.64,17.38,3.31,2022,6,168,25.465000000000003,12,3.279862909535462,4.16685453859604
2022-06-18,27.44,23.76,87.83,1.39,18.14,0.78,2022,6,169,25.6,12,3.43240616882417,4.3631983319459255
2022-06-19,26.62,23.9,87.79,1.51,16.33,1.54,2022,6,170,25.259999999999998,12,3.134781417377898,3.895802334153475
2022-06-20,26.72,23.65,86.72,1.97,15.14,2.77,2022,6,171,25.185,12,3.0102509898986396,3.605357678596987
2022-06-21,27.28,23.11,81.83,1.77,19.37,0.08,2022,6,172,25.195,12,3.7225668979378717,4.613784204909286
2022-06-22,27.4,22.8,84.48,1.91,19.25,0.26,2022,6,173,25.1,12,3.6375694468594704,4.574654195067863
2022-06-23,27.26,23.42,84.35,2.08,17.69,0.32,2022,6,174,25.340000000000003,12,3.4627643100873557,4.228417950660549
2022-06-24,27.0,23.4,85.68,2.04,14.31,0.81,2022,6,175,25.2,12,2.9392865778201878,3.4089440245512694
2022-06-25,26.55,23.21,85.22,2.02,14.55,0.91,2022,6,176,24.880000000000003,12,2.958137337344547,3.4392700293563605
2022-06-26,27.29,22.79,86.69,1.85,15.31,2.27,2022,6,177,25.04,12,3.0205195489464134,3.6330383030557236
2022-06-27,26.62,22.79,83.6,2.11,16.87,0.73,2022,6,178,24.705,12,3.316375226785306,3.9706471592753037
2022-06-28,26.36,22.46,80.77,1.82,19.39,4.68,2022,6,179,24.41,12,3.6711200996127222,4.530820445802042
2022-06-29,26.91,22.06,85.04,1.63,16.92,2.72,2022,6,180,24.485,12,3.2265813724083428,3.9609697666585206
2022-06-30,26.94,23.22,85.57,2.07,17.48,1.4,2022,6,181,25.08,12,3.369182605218732,4.15200762694557
2022-07-01,26.51,23.01,84.72,2.14,14.68,1.59,2022,7,182,24.76,13,2.9972301017812213,3.459845527718679
2022-07-02,27.72,23.19,88.91,1.55,15.43,2.82,2022,7,183,25.455,13,3.0051404116511082,3.6984516708562643
2022-07-03,28.19,23.91,90.0,1.2,17.55,1.46,2022,7,184,26.05,13,3.359280692430706,4.266891762256472
2022-07-04,27.41,23.76,90.6,0.9,16.27,4.27,2022,7,185,25.585,13,3.115468537370005,3.912000174552922
2022-07-05,27.44,23.59,89.26,1.64,17.75,3.22,2022,7,186,25.515,13,3.342562686063132,4.260683818550244
2022-07-06,26.88,22.47,85.06,1.91,16.09,0.47,2022,7,187,24.674999999999997,13,3.1569030597583296,3.7842791623716825
2022-07-07,25.9,21.35,83.07,1.83,17.66,0.95,2022,7,188,23.625,13,3.317068555911925,4.04679299619532
2022-07-08,25.2,20.38,80.52,1.54,21.51,0.23,2022,7,189,22.79,13,3.7548314057571903,4.8258148460929515
2022-07-09,26.06,21.2,82.01,1.57,19.7,0.29,2022,7,190,23.63,13,3.591540906172809,4.5148259067971255
2022-07-10,26.74,21.99,86.31,1.78,17.37,0.43,2022,7,191,24.365,13,3.2650440317205867,4.054309769115834
2022-07-11,27.05,23.2,87.48,1.93,12.94,0.83,2022,7,192,25.125,13,2.688727739935711,3.076983792515231
2022-07-12,27.01,23.26,87.0,2.05,16.89,0.44,2022,7,193,25.135,13,3.262929106026554,4.0172226150565855
2022-07-13,27.19,22.6,85.33,1.83,15.14,0.2,2022,7,194,24.895000000000003,13,3.044691005884134,3.5800409466872876
2022-07-14,27.09,22.23,83.99,1.65,17.53,0.06,2022,7,195,24.66,13,3.3790829589319618,4.121444077554787
2022-07-15,26.8,22.38,85.6,1.7,17.38,0.08,2022,7,196,24.59,13,3.313500980486232,4.079168309112669
2022-07-16,27.15,22.44,87.45,1.77,13.63,0.48,2022,7,197,24.795,14,2.7627239390351814,3.2151263756788016
2022-07-17,27.41,22.79,86.07,1.62,16.17,0.46,2022,7,198,25.1,14,3.1805718103044787,3.8427095238570055
2022-07-18,27.15,22.82,87.05,1.68,16.89,0.27,2022,7,199,24.985,14,3.250563779739836,4.002613594615977
2022-07-19,26.56,22.26,84.73,1.76,20.26,0.07,2022,7,200,24.41,14,3.725649714616072,4.734111512735914
2022-07-20,26.84,21.66,83.39,1.63,20.87,0.05,2022,7,201,24.25,14,3.824636117966436,4.857420519494129
2022-07-21,26.43,21.61,83.81,1.76,17.53,0.09,2022,7,202,24.02,14,3.347386537470782,4.05683834865505
2022-07-22,26.42,21.61,83.47,1.69,15.75,0.63,2022,7,203,24.015,14,3.1134052206588567,3.644452897967385
2022-07-23,26.19,21.94,85.63,1.79,19.59,1.18,2022,7,204,24.065,14,3.5860106049431466,4.538642474598089
2022-07-24,25.42,21.11,77.76,2.1,21.13,0.02,2022,7,205,23.265,14,3.9449600494789716,4.798214538902025
2022-07-25,25.53,20.31,76.59,1.84,19.26,0.02,2022,7,206,22.92,14,3.6781437614696912,4.335400247043202
2022-07-26,26.37,20.79,81.83,1.71,16.45,0.06,2022,7,207,23.58,14,3.2298973400745816,3.7652644298758347
2022-07-27,27.09,22.09,84.17,1.69,19.64,0.1,2022,7,208,24.59,14,3.701816102787045,4.609601012138827
2022-07-28,27.14,21.67,83.77,1.71,20.93,0.04,2022,7,209,24.405,14,3.8770351229495814,4.890066297540404
2022-07-29,27.11,22.33,83.19,1.79,20.59,0.17,2022,7,210,24.72,14,3.885322915928588,4.847993457683742
2022-07-30,26.76,21.72,83.63,1.68,19.81,0.92,2022,7,211,24.240000000000002,14,3.710870609090472,4.609568622047244
2022-07-31,27.26,21.55,82.72,1.49,19.86,0.11,2022,7,212,24.405,14,3.7515793079873325,4.640072463886881
2022-08-01,28.18,21.01,85.28,1.12,16.69,0.33,2022,8,213,24.595,15,3.2505792595301712,3.917702817271084
2022-08-02,27.91,22.76,88.04,1.36,17.95,1.19,2022,8,214,25.335,15,3.459139868090146,4.29004761568232
2022-08-03,27.53,22.92,87.17,1.51,20.39,0.2,2022,8,215,25.225,15,3.8317279740186456,4.860268587275764
2022-08-04,26.65,22.07,85.41,1.67,22.13,0.21,2022,8,216,24.36,15,4.02308543085602,5.1646981545502335
2022-08-05,27.12,21.63,83.33,1.39,22.35,0.2,2022,8,217,24.375,15,4.102865748973303,5.217972378418426
2022-08-06,26.61,21.55,83.06,1.19,20.92,3.28,2022,8,218,24.08,15,3.8613757126972508,4.848585100986509
2022-08-07,27.22,21.73,86.4,1.33,19.92,6.66,2022,8,219,24.475,15,3.715535728713012,4.662121974662341
2022-08-08,26.81,21.71,83.71,1.54,20.9,2.86,2022,8,220,24.259999999999998,15,3.893174629016031,4.865606248486232
2022-08-09,26.95,22.0,86.33,1.67,19.05,5.84,2022,8,221,24.475,15,3.598887232308633,4.45850520167257
2022-08-10,27.43,22.83,86.97,1.61,16.79,4.99,2022,8,222,25.13,15,3.3186740981235414,3.9929538427499036
2022-08-11,28.27,23.31,86.24,1.37,20.0,0.52,2022,8,223,25.79,15,3.8870263534569647,4.832520928824364
2022-08-12,28.93,23.43,85.12,1.23,19.5,0.48,2022,8,224,26.18,15,3.8738115381246865,4.7556377221859885
2022-08-13,28.75,23.15,87.33,1.19,14.49,1.09,2022,8,225,25.95,15,3.021420364683638,3.514550593803632
2022-08-14,26.57,23.46,89.87,1.14,16.1,2.21,2022,8,226,25.015,15,3.146176519074399,3.818183219787818
2022-08-15,28.51,23.4,86.4,1.62,20.46,2.29,2022,8,227,25.955,15,3.991612575205196,4.963165437776007
2022-08-16,28.33,22.88,83.4,1.54,22.67,0.66,2022,8,228,25.604999999999997,16,4.355921534172669,5.453449554876468
2022-08-17,27.11,22.09,84.3,2.01,18.55,0.9,2022,8,229,24.6,16,3.6412001073253633,4.354841566060107
2022-08-18,26.78,22.25,84.12,2.22,15.91,0.78,2022,8,230,24.515,16,3.2872645258026654,3.727278261510515
2022-08-19,27.18,22.14,81.19,2.1,20.81,0.11,2022,8,231,24.66,16,4.077196095362799,4.8925984742678335
2022-08-20,26.18,21.47,78.22,2.22,22.62,0.02,2022,8,232,23.825,16,4.327369765584668,5.2093993073959535
2022-08-21,27.49,21.57,80.02,1.7,22.17,0.71,2022,8,233,24.53,16,4.2625261485736985,5.1957408564651555
2022-08-22,27.14,22.21,83.58,2.18,21.13,1.03,2022,8,234,24.675,16,4.060388199938644,4.96965933504746
2022-08-23,26.76,21.89,79.22,2.15,22.27,0.03,2022,8,235,24.325000000000003,16,4.319503895292433,5.192882865433963
2022-08-24,27.2,21.67,78.95,1.91,23.06,0.03,2022,8,236,24.435000000000002,16,4.434256849988941,5.391701904002289
2022-08-25,27.43,21.95,83.5,1.88,19.89,0.04,2022,8,237,24.689999999999998,16,3.8905730348527285,4.679737341337864
2022-08-26,27.53,22.52,82.71,1.92,18.51,0.07,2022,8,238,25.025,16,3.756140715909934,4.390792200228196
2022-08-27,27.08,21.89,81.4,1.84,20.47,0.02,2022,8,239,24.485,16,4.014056982466261,4.792024298079191
2022-08-28,27.03,21.63,83.29,1.68,18.15,0.08,2022,8,240,24.33,16,3.606700829199539,4.232710447615047
2022-08-29,27.42,21.77,85.08,1.7,21.3,0.6,2022,8,241,24.595,16,4.051026736338918,4.999824446247699
2022-08-30,27.39,22.42,86.68,1.58,18.69,1.97,2022,8,242,24.905,16,3.655330480097194,4.420559918889968
2022-08-31,27.51,22.63,85.01,1.51,17.32,1.59,2022,8,243,25.07,16,3.5064806981180765,4.113004222196054
2022-09-01,28.27,22.57,84.54,1.6,22.32,0.51,2022,9,244,25.42,17,4.325155268963926,5.345423504992959
2022-09-02,28.56,22.67,83.82,1.46,24.05,0.05,2022,9,245,25.615000000000002,17,4.633905046901866,5.786807824317277
2022-09-03,28.1,22.74,84.08,1.54,22.0,0.17,2022,9,246,25.42,17,4.29095820036837,5.268786608864027
2022-09-04,28.01,22.91,84.21,1.54,18.78,0.2,2022,9,247,25.46,17,3.8014177489602203,4.501962629833001
2022-09-05,27.74,22.82,84.29,1.29,21.2,0.12,2022,9,248,25.28,17,4.145319320955737,5.060070484666332
2022-09-06,28.08,22.91,84.33,1.34,18.83,0.28,2022,9,249,25.494999999999997,17,3.8047026963875803,4.517751993691934
2022-09-07,27.75,22.77,86.1,1.67,16.68,1.11,2022,9,250,25.259999999999998,17,3.425435327057685,3.979300853256581
2022-09-08,28.53,23.2,85.73,1.52,19.11,8.84,2022,9,251,25.865000000000002,17,3.8692631433891997,4.625750360711833
2022-09-09,28.73,23.14,85.93,1.3,20.86,6.59,2022,9,252,25.935000000000002,17,4.151751488857767,5.0577872724105495
2022-09-10,27.24,23.02,87.99,1.57,20.25,16.51,2022,9,253,25.13,17,3.915632186427112,4.815801984257627
2022-09-11,28.15,22.83,86.41,1.6,21.65,7.98,2022,9,254,25.49,17,4.218491555738605,5.193710421759628
2022-09-12,29.7,22.33,83.76,1.3,23.91,0.13,2022,9,255,26.015,17,4.711358535176061,5.808349714375678
2022-09-13,28.25,22.84,82.98,1.79,24.46,0.13,2022,9,256,25.545,17,4.748944652454178,5.87557742403585
2022-09-14,27.63,22.69,84.64,1.85,20.86,2.54,2022,9,257,25.16,17,4.114277795556044,4.9644797423933475
2022-09-15,27.24,22.98,86.01,2.07,17.57,5.18,2022,9,258,25.11,17,3.579030365582862,4.176424879149443
2022-09-16,27.8,22.74,83.03,1.66,23.46,0.97,2022,9,259,25.27,18,4.565046137351857,5.598139759612038
2022-09-17,28.64,22.42,81.39,1.34,21.27,0.06,2022,9,260,25.53,18,4.286351034426997,5.107460787072509
2022-09-18,28.73,21.64,81.49,1.21,22.93,0.04,2022,9,261,25.185000000000002,18,4.502987392167341,5.460426127492003
2022-09-19,28.44,22.45,83.18,1.5,22.04,0.11,2022,9,262,25.445,18,4.374219185696313,5.28154571295788
2022-09-20,27.53,22.82,83.95,1.78,19.78,2.75,2022,9,263,25.175,18,3.985577232981865,4.709161331152769
2022-09-21,27.82,23.16,84.86,1.56,19.78,1.59,2022,9,264,25.490000000000002,18,3.988347913757918,4.74510818209725
2022-09-22,28.46,23.07,83.69,1.53,21.75,0.58,2022,9,265,25.765,18,4.360340199975149,5.252226804775435
2022-09-23,29.28,23.2,82.85,1.4,21.6,0.51,2022,9,266,26.240000000000002,18,4.410048231901628,5.2752727763359895
2022-09-24,29.35,23.64,82.68,1.47,23.91,0.54,2022,9,267,26.495,18,4.820934421878833,5.874678637661915
2022-09-25,29.01,23.32,81.77,1.59,23.51,0.24,2022,9,268,26.165,18,4.742353929133868,5.731554156830236
2022-09-26,28.59,23.28,80.7,1.79,24.61,0.07,2022,9,269,25.935000000000002,18,4.921291656063233,5.967025156952236
2022-09-27,28.71,22.48,77.64,1.46,26.21,0.08,2022,9,270,25.595,18,5.1696577836550475,6.303511925272963
2022-09-28,29.24,22.42,79.61,1.33,24.19,0.21,2022,9,271,25.83,18,4.846158757827287,5.850521494597825
2022-09-29,30.06,22.3,79.72,0.97,20.18,0.48,2022,9,272,26.18,18,4.202901779908543,4.921475345318628
2022-09-30,28.89,23.36,84.78,1.15,14.32,7.05,2022,9,273,26.125,18,3.1600111840730354,3.4877942744947896
2022-10-01,29.04,23.6,86.15,1.19,19.61,21.81,2022,10,274,26.32,19,4.033704249240673,4.7983309877044675
2022-10-02,29.15,23.86,85.91,1.44,22.14,18.23,2022,10,275,26.505,19,4.480664560412637,5.4410704076492165
2022-10-03,27.51,23.79,87.8,1.42,15.72,24.39,2022,10,276,25.65,19,3.299060839644763,3.785655037655284
2022-10-04,27.84,23.58,84.42,1.41,19.25,6.34,2022,10,277,25.71,19,3.9549688484041052,4.64240963379802
2022-10-05,28.46,23.26,84.23,1.54,17.08,5.85,2022,10,278,25.86,19,3.6409707086413987,4.133877092264101
2022-10-06,27.69,23.61,86.39,1.39,12.03,18.67,2022,10,279,25.65,19,2.7425952401412044,2.8970375383583375
2022-10-07,27.14,23.55,90.92,1.69,19.79,17.83,2022,10,280,25.345,19,3.836085766604424,4.730949134247053
2022-10-08,27.11,24.61,90.21,1.61,23.1,7.55,2022,10,281,25.86,19,4.45113478032331,5.590899346094892
2022-10-09,27.95,24.37,89.56,1.31,20.93,15.82,2022,10,282,26.16,19,4.174917264326907,5.101965624457936
2022-10-10,27.44,24.15,90.14,1.16,20.11,12.16,2022,10,283,25.795,19,4.000554273234479,4.859680403276894
2022-10-11,28.08,23.78,87.24,1.2,22.48,2.63,2022,10,284,25.93,19,4.460759846205019,5.449928831348921
2022-10-12,27.06,23.61,87.66,1.48,19.16,4.58,2022,10,285,25.335,19,3.836362515330218,4.579237454956727
2022-10-13,28.37,23.5,85.27,1.66,22.74,8.27,2022,10,286,25.935000000000002,19,4.536546651279339,5.513618531860781
2022-10-14,28.72,23.34,83.95,1.52,21.45,11.6,2022,10,287,26.03,19,4.375452491426468,5.212611581540082
2022-10-15,29.0,23.18,82.5,1.55,23.02,4.25,2022,10,288,26.09,19,4.672844584278939,5.602120277139916
2022-10-16,28.39,23.3,85.15,1.52,20.12,9.58,2022,10,289,25.845,20,4.1131742483450635,4.867906235363791
2022-10-17,26.44,24.08,90.94,1.74,15.36,36.17,2022,10,290,25.259999999999998,20,3.128350312440577,3.6643921526391536
2022-10-18,26.61,23.87,91.85,1.52,14.15,36.22,2022,10,291,25.240000000000002,20,2.916400545326835,3.374093383285937
2022-10-19,27.86,23.84,89.5,0.75,14.99,26.36,2022,10,292,25.85,20,3.1692280688778727,3.6271681429597487
2022-10-20,28.43,23.87,86.67,0.76,17.37,5.71,2022,10,293,26.15,20,3.638130554733765,4.233164627773213
2022-10-21,28.53,24.27,87.1,0.6,21.54,12.76,2022,10,294,26.4,20,4.388102472428551,5.280539786842921
2022-10-22,27.99,24.64,86.11,0.68,21.46,1.59,2022,10,295,26.314999999999998,20,4.365767852107969,5.2503835203112414
2022-10-23,29.81,24.55,83.61,0.75,24.87,3.18,2022,10,296,27.18,20,5.085256127378842,6.209116397629149
2022-10-24,28.24,24.15,87.57,1.22,20.77,3.99,2022,10,297,26.195,20,4.209314831425089,5.067164210618701
2022-10-25,27.39,23.72,89.83,1.45,20.1,18.41,2022,10,298,25.555,20,3.9712932031199393,4.8294146559926805
2022-10-26,27.42,23.79,87.97,1.45,18.78,9.22,2022,10,299,25.605,20,3.8057127899896885,4.517678987233352
2022-10-27,25.91,23.74,90.14,1.24,17.59,19.57,2022,10,300,24.825,20,3.4989769473716694,4.152276451743051
2022-10-28,27.13,22.69,83.87,1.65,21.36,0.86,2022,10,301,24.91,20,4.246475769340811,5.052684146205007
2022-10-29,28.14,22.2,81.23,1.58,25.32,0.12,2022,10,302,25.17,20,4.9583750926775805,6.027377253069466
2022-10-30,27.72,22.55,81.62,1.56,26.24,0.16,2022,10,303,25.134999999999998,20,5.082268331617026,6.241084749501762
2022-10-31,28.06,21.79,82.74,1.47,24.64,0.85,2022,10,304,24.924999999999997,20,4.7899661201621075,5.830695148062128
2022-11-01,29.12,22.42,83.28,1.37,24.97,2.48,2022,11,305,25.770000000000003,21,4.944047070904079,6.030518745145801
2022-11-02,29.24,23.7,83.4,1.46,22.41,2.24,2022,11,306,26.47,21,4.606556545096187,5.502889863265063
2022-11-03,28.43,24.25,88.2,1.19,24.11,8.25,2022,11,307,26.34,21,4.786544509964653,5.902214047121149
2022-11-04,27.78,24.79,91.13,1.34,23.11,10.86,2022,11,308,26.285,21,4.539695578709095,5.650063782980011
2022-11-05,28.15,24.56,87.55,1.21,22.18,2.25,2022,11,309,26.354999999999997,21,4.468406197700346,5.431666299354694
2022-11-06,27.86,24.36,87.91,1.26,21.49,1.15,2022,11,310,26.11,21,4.315745693798669,5.232264520274392
2022-11-07,27.54,24.02,87.21,0.99,15.51,2.56,2022,11,311,25.78,21,3.295156251085058,3.7467243937170687
2022-11-08,28.95,23.03,84.06,1.08,21.87,7.49,2022,11,312,25.990000000000002,21,4.441192087307068,5.309623235877845
2022-11-09,28.84,23.55,82.61,1.23,18.46,4.35,2022,11,313,26.195,21,3.9279795604216003,4.5036038193558605
2022-11-10,29.56,24.2,82.81,1.06,22.07,1.24,2022,11,314,26.88,21,4.58837759687175,5.471738714896782
2022-11-11,29.33,24.36,84.87,1.21,22.08,6.05,2022,11,315,26.845,21,4.5588560457100895,5.469746525632807
2022-11-12,29.48,24.17,85.12,1.14,20.1,2.68,2022,11,316,26.825000000000003,21,4.21421809533522,4.97692708286967
2022-11-13,28.28,24.68,86.76,1.14,19.2,3.66,2022,11,317,26.48,21,3.9917305716241707,4.715768087362464
2022-11-14,28.5,24.46,86.02,1.02,19.48,1.36,2022,11,318,26.48,21,4.051260769009846,4.784539705303167
2022-11-15,28.26,24.77,86.08,0.63,18.08,10.19,2022,11,319,26.515,21,3.7982418711660015,4.4443404940208735
2022-11-16,27.84,24.42,87.3,0.76,15.25,6.39,2022,11,320,26.130000000000003,22,3.266026886890363,3.7147466257462853
2022-11-17,29.17,23.89,85.07,0.95,23.44,5.75,2022,11,321,26.53,22,4.752826079208068,5.763943526940991
2022-11-18,25.91,24.18,87.38,0.8,12.8,18.92,2022,11,322,25.045,22,2.7778573997449048,3.0377883854964187
2022-11-19,28.49,23.62,82.51,0.75,10.9,3.04,2022,11,323,26.055,22,2.5801525794618514,2.6504071757003875
2022-11-20,29.81,24.15,81.61,0.69,22.92,2.19,2022,11,324,26.979999999999997,22,4.7323142123429305,5.695739581201424
2022-11-21,29.03,24.38,86.3,0.68,21.14,5.21,2022,11,325,26.705,22,4.36014589851166,5.219764402386486
2022-11-22,28.93,24.65,84.97,1.03,12.93,26.52,2022,11,326,26.79,22,2.9703342408356055,3.1989572803136554
2022-11-23,26.89,24.32,88.0,0.6,14.17,21.57,2022,11,327,25.605,22,3.0280199248049704,3.4087066692809693
2022-11-24,28.61,24.15,85.55,1.0,12.24,19.4,2022,11,328,26.38,22,2.812908389160377,2.999225836407104
2022-11-25,27.69,24.03,86.68,0.91,14.16,8.35,2022,11,329,25.86,22,3.0772820448383524,3.427148690073752
2022-11-26,26.68,24.19,90.29,1.11,20.26,10.33,2022,11,330,25.435000000000002,22,4.005523422629846,4.853827095062302
2022-11-27,27.37,23.52,86.51,0.66,15.49,20.94,2022,11,331,25.445,22,3.262368032512821,3.7119393418202162
2022-11-28,28.03,24.28,83.31,0.27,16.85,31.02,2022,11,332,26.155,22,3.5323285548085916,4.106924584258102
2022-11-29,26.86,23.77,89.86,1.06,17.31,12.18,2022,11,333,25.314999999999998,22,3.5134673930235705,4.135090393331577
2022-11-30,28.2,23.42,85.18,1.41,23.07,3.57,2022,11,334,25.810000000000002,22,4.593809251590178,5.576977207195197
2022-12-01,28.5,23.03,82.13,1.25,22.94,0.57,2022,12,335,25.765,23,4.624587184186632,5.5395900184619995
2022-12-02,28.57,23.01,82.49,1.22,20.99,0.08,2022,12,336,25.79,23,4.3032091101305205,5.07173071480117
2022-12-03,29.65,22.98,82.14,1.0,21.31,2.25,2022,12,337,26.314999999999998,23,4.407698573881704,5.213684660663213
2022-12-04,29.09,23.52,84.75,1.19,21.29,5.66,2022,12,338,26.305,23,4.3680395427706245,5.2075609188130265
2022-12-05,26.25,24.4,90.44,0.84,22.32,4.23,2022,12,339,25.325,23,4.366596313350489,5.333189330937526
2022-12-06,29.2,24.12,82.66,1.07,24.21,0.28,2022,12,340,26.66,23,4.925545443713394,5.971489280331658
2022-12-07,30.15,24.23,78.82,0.77,25.79,1.5,2022,12,341,27.189999999999998,23,5.276294212493826,6.440299401063311
2022-12-08,30.14,23.96,81.61,1.21,25.59,4.62,2022,12,342,27.05,23,5.235800947271728,6.369616046329587
2022-12-09,28.88,24.14,83.17,1.51,25.95,1.03,2022,12,343,26.509999999999998,23,5.192624780246682,6.37815660672434
2022-12-10,29.47,23.53,83.98,1.25,24.39,1.09,2022,12,344,26.5,23,4.925522273199568,5.993319590239704
2022-12-11,28.6,24.16,86.94,1.31,22.09,2.64,2022,12,345,26.380000000000003,23,4.465088315653855,5.412818523385044
2022-12-12,30.47,23.82,81.39,0.91,24.18,0.2,2022,12,346,27.145,23,4.994400755979344,6.031949481910242
2022-12-13,30.39,24.92,79.7,0.51,24.05,2.2,2022,12,347,27.655,23,4.99217833518004,6.070560680504868
2022-12-14,28.77,24.39,82.37,0.61,21.1,1.18,2022,12,348,26.58,23,4.354097584684206,5.194633504624872
2022-12-15,29.03,24.71,82.04,0.47,21.77,0.53,2022,12,349,26.87,23,4.490323136496215,5.396101101646831
2022-12-16,28.26,24.28,82.96,0.65,12.54,7.07,2022,12,350,26.270000000000003,24,2.844583044931077,3.064763124439056
2022-12-17,29.15,23.93,79.58,0.68,12.01,3.81,2022,12,351,26.54,24,2.8179264059633575,2.9539778244560626
2022-12-18,28.8,23.96,81.75,1.08,24.41,3.34,2022,12,352,26.380000000000003,24,4.934336016401143,5.981299237475279
2022-12-19,29.61,23.25,79.88,1.07,26.37,0.14,2022,12,353,26.43,24,5.297320537780147,6.469189718906611
2022-12-20,30.06,23.15,78.89,0.99,25.54,0.49,2022,12,354,26.604999999999997,24,5.188938657489746,6.291414761324553
2022-12-21,28.71,23.61,84.99,1.29,20.3,4.85,2022,12,355,26.16,24,4.18365008749849,4.948394752818734
2022-12-22,27.31,23.99,88.94,2.02,15.66,8.22,2022,12,356,25.65,24,3.278045706140293,3.7712059726260656
2022-12-23,26.91,23.41,89.55,1.93,15.75,30.39,2022,12,357,25.16,24,3.2310699400966407,3.7483487987869237
2022-12-24,25.65,23.55,91.77,2.01,8.29,51.91,2022,12,358,24.6,24,1.9632825193482706,1.9461798696840042
2022-12-25,26.53,23.86,89.99,1.8,8.33,24.53,2022,12,359,25.195,24,2.054409038873915,1.984141581150973
2022-12-26,26.94,23.8,88.63,1.92,14.56,8.99,2022,12,360,25.37,24,3.094492807703319,3.4827782184227747
2022-12-27,27.84,23.73,86.7,1.66,13.07,4.59,2022,12,361,25.785,24,2.945345948665632,3.1576750777908655
2022-12-28,27.36,23.73,87.26,1.17,17.81,8.83,2022,12,362,25.545,24,3.66274129170525,4.278169825105415
2022-12-29,26.19,24.17,90.28,1.28,12.45,41.84,2022,12,363,25.18,24,2.6876354236430835,2.9644165962063163
2022-12-30,26.65,23.79,89.07,1.42,8.8,6.4,2022,12,364,25.22,24,2.136422846828864,2.0973608950035163
2022-12-31,28.08,24.5,88.63,1.44,19.95,4.21,2022,12,365,26.29,24,4.055712204203786,4.87806560248382
2023-01-01,26.59,23.81,88.72,1.23,17.93,13.14,2023,1,1,25.2,1,3.621292793890824,4.271304427687229
2023-01-02,27.81,23.79,87.14,1.77,17.1,8.04,2023,1,2,25.799999999999997,1,3.581693416606997,4.132792810032514
2023-01-03,27.65,23.71,88.08,2.51,19.93,2.35,2023,1,3,25.68,1,3.9673421582237776,4.802949409057133
2023-01-04,27.7,23.79,86.86,2.41,22.16,1.21,2023,1,4,25.744999999999997,1,4.366611968290554,5.348675295061713
2023-01-05,27.82,23.79,87.83,2.29,23.17,6.28,2023,1,5,25.805,1,4.497801559837162,5.600482385021003
2023-01-06,26.96,23.63,87.93,2.02,17.04,3.55,2023,1,6,25.295,1,3.500489678166685,4.068625503889997
2023-01-07,27.93,23.48,86.91,1.69,23.89,0.73,2023,1,7,25.705,1,4.6652723599849555,5.760721595304821
2023-01-08,28.72,23.11,84.14,1.39,25.25,0.89,2023,1,8,25.915,1,4.990581624924618,6.1192849856794895
2023-01-09,28.87,22.86,82.97,1.26,22.22,0.27,2023,1,9,25.865000000000002,1,4.512699335094406,5.378554317897274
2023-01-10,28.0,22.88,85.19,1.45,25.09,0.25,2023,1,10,25.439999999999998,1,4.878172081782791,6.0117072116634676
2023-01-11,28.28,23.11,84.48,1.44,21.54,0.45,2023,1,11,25.695,1,4.354619961313823,5.192810137301218
2023-01-12,28.26,23.18,84.1,1.53,22.6,0.73,2023,1,12,25.72,1,4.537368263722164,5.4516143004090445
2023-01-13,28.57,23.45,84.51,1.32,21.28,2.34,2023,1,13,26.009999999999998,1,4.344661139270555,5.168840893298199
2023-01-14,28.81,23.52,86.1,1.42,23.73,10.37,2023,1,14,26.165,1,4.73512597175059,5.7851884364773065
2023-01-15,27.37,24.53,90.45,1.41,15.69,15.88,2023,1,15,25.950000000000003,1,3.2730990372451347,3.8056106843877835
2023-01-16,26.57,24.65,92.32,1.19,15.88,15.36,2023,1,16,25.61,2,3.246038598897565,3.8205191479744665
2023-01-17,26.58,23.95,90.48,1.12,18.28,15.17,2023,1,17,25.265,2,3.660704934293072,4.361535614431979
2023-01-18,27.08,23.61,89.66,1.21,18.52,5.33,2023,1,18,25.345,2,3.7191862121229597,4.427346031645045
2023-01-19,28.39,23.44,86.38,1.33,20.04,7.16,2023,1,19,25.915,2,4.09341821135473,4.856652321307603
2023-01-20,25.94,23.61,91.3,1.29,18.71,11.87,2023,1,20,24.775,2,3.6566094190286185,4.411270686106737
2023-01-21,26.62,23.9,88.22,1.18,23.06,9.79,2023,1,21,25.259999999999998,2,4.484345275214384,5.501359572907479
2023-01-22,29.17,23.57,81.64,1.23,21.0,3.72,2023,1,22,26.37,2,4.391560882729143,5.144516653714782
2023-01-23,29.4,23.62,78.39,0.89,25.19,1.58,2023,1,23,26.509999999999998,2,5.113439887208722,6.191358956585208
2023-01-24,29.37,24.0,81.79,0.76,23.89,3.02,2023,1,24,26.685000000000002,2,4.878126867271117,5.8960145252966365
2023-01-25,29.26,24.13,83.96,0.85,19.86,8.77,2023,1,25,26.695,2,4.167620585292666,4.9025655798225865
2023-01-26,27.19,24.04,87.89,1.13,13.3,9.57,2023,1,26,25.615000000000002,2,2.9111011375645144,3.2001889423459375
2023-01-27,27.2,23.67,89.06,1.47,17.08,33.52,2023,1,27,25.435000000000002,2,3.496317570681556,4.091972694159137
2023-01-28,25.52,23.32,91.26,1.51,8.74,25.65,2023,1,28,24.42,2,2.0349921446802357,2.042760748983368
2023-01-29,26.04,23.57,91.64,1.48,19.02,26.98,2023,1,29,24.805,2,3.684639124877689,4.4876482117564045
2023-01-30,26.58,23.96,89.37,1.4,17.33,4.59,2023,1,30,25.27,2,3.5154198783626636,4.135369225663964
2023-01-31,28.39,23.61,87.35,1.65,12.09,7.68,2023,1,31,26.0,2,2.785790180444215,2.935922203647626
2023-02-01,27.23,23.83,90.19,1.55,19.05,5.67,2023,2,32,25.53,3,3.792314404594641,4.574383074458453
2023-02-02,26.53,24.07,88.7,1.17,9.38,9.82,2023,2,33,25.3,3,2.2283896984864806,2.2399247427633107
2023-02-03,26.94,24.15,88.32,1.25,12.76,1.99,2023,2,34,25.545,3,2.8129103420302974,3.065100896594335
2023-02-04,26.49,24.42,90.64,1.13,7.74,31.91,2023,2,35,25.455,3,1.9106921300350896,1.8552181420886256
2023-02-05,26.29,23.77,91.21,1.93,10.88,21.83,2023,2,36,25.03,3,2.407714200589703,2.5811791011519882
2023-02-06,26.1,23.3,90.66,1.88,12.03,19.17,2023,2,37,24.700000000000003,3,2.587580211380676,2.8311225844324346
2023-02-07,26.05,23.6,91.26,1.96,15.13,13.1,2023,2,38,24.825000000000003,3,3.051009736030499,3.5715715016982585
2023-02-08,26.76,23.79,89.48,1.58,18.64,7.04,2023,2,39,25.275,3,3.7169896503842605,4.4485054614715045
2023-02-09,26.6,23.61,90.03,1.09,15.06,7.59,2023,2,40,25.105,3,3.1250988667144934,3.5793585092117017
2023-02-10,27.39,24.44,86.42,0.74,15.35,43.99,2023,2,41,25.915,3,3.281893889101721,3.7200405754526797
2023-02-11,25.9,24.17,92.83,0.87,19.19,26.15,2023,2,42,25.035,3,3.7842945841222484,4.553202787423563
2023-02-12,26.32,23.64,88.58,1.43,20.72,34.45,2023,2,43,24.98,3,4.049233887689851,4.909654540885348
2023-02-13,27.22,23.1,90.25,1.73,18.56,15.85,2023,2,44,25.16,3,3.664708359111751,4.417101822570495
2023-02-14,27.52,23.41,88.55,1.98,19.0,22.51,2023,2,45,25.465,3,3.8054957519134787,4.555249495588306
2023-02-15,27.09,23.33,88.78,1.58,14.13,11.22,2023,2,46,25.21,3,3.01036163833349,3.3668792326796306
2023-02-16,26.27,23.72,89.36,1.26,21.56,12.94,2023,2,47,24.994999999999997,4,4.181479722086108,5.110559168306467
2023-02-17,26.29,23.26,91.75,1.57,17.7,18.9,2023,2,48,24.775,4,3.458292807103729,4.17314223111113
2023-02-18,27.21,23.63,88.29,1.72,16.97,25.81,2023,2,49,25.42,4,3.492446151184044,4.0641503978373885
2023-02-19,27.75,23.48,87.38,1.68,20.25,3.55,2023,2,50,25.615000000000002,4,4.061998081039786,4.8724681265041525
2023-02-20,28.05,23.63,87.03,1.49,19.78,2.24,2023,2,51,25.84,4,4.022508298881301,4.785074258680724
2023-02-21,27.67,23.81,86.4,1.41,24.07,1.75,2023,2,52,25.740000000000002,4,4.722928598390178,5.808989887759894
2023-02-22,27.51,24.08,89.03,1.55,21.88,3.37,2023,2,53,25.795,4,4.3041409221513,5.287409608339056
2023-02-23,25.99,24.65,93.78,1.48,16.69,12.11,2023,2,54,25.32,4,3.2923003258576227,3.9874634495352277
2023-02-24,26.84,24.54,92.16,1.65,14.27,10.65,2023,2,55,25.689999999999998,4,2.9579086063401827,3.4397645257542306
2023-02-25,26.93,24.08,91.21,1.66,15.92,21.89,2023,2,56,25.505,4,3.2400081359213475,3.820494534967059
2023-02-26,25.85,23.64,92.31,1.82,14.69,23.32,2023,2,57,24.745,4,2.941051733109287,3.4609324963771093
2023-02-27,26.44,23.59,90.03,1.38,19.91,14.5,2023,2,58,25.015,4,3.885691616800368,4.721740863725184
2023-02-28,26.5,23.79,89.18,1.49,16.96,10.25,2023,2,59,25.145,4,3.437567829135715,4.034849969376979
2023-03-01,26.9,23.76,89.21,1.39,17.98,2.97,2023,3,60,25.33,5,3.6206608178105997,4.296698950579339
2023-03-02,25.97,23.57,90.14,1.1,17.75,14.57,2023,3,61,24.77,5,3.5265752295517006,4.184419283988956
2023-03-03,27.22,23.63,85.24,1.2,21.92,1.18,2023,3,62,25.424999999999997,5,4.351594101314239,5.25025980904231
2023-03-04,28.04,22.9,84.7,1.56,22.83,2.57,2023,3,63,25.47,5,4.516707612689138,5.474150629028972
2023-03-05,27.08,23.32,87.71,1.6,19.9,16.71,2023,3,64,25.2,5,3.941786356368134,4.740600006189395
2023-03-06,27.65,23.51,87.39,1.48,16.09,16.7,2023,3,65,25.58,5,3.3787015814897585,3.8682561561389055
2023-03-07,28.5,23.43,85.75,1.3,20.91,2.9,2023,3,66,25.965,5,4.236932686787362,5.073533764083004
2023-03-08,28.27,23.87,85.35,1.12,23.14,7.19,2023,3,67,26.07,5,4.621142799252806,5.628649520314061
2023-03-09,29.36,23.7,81.7,0.82,24.33,2.59,2023,3,68,26.53,5,4.912431528485898,5.982796331504876
2023-03-10,29.5,23.59,83.57,1.01,24.6,1.81,2023,3,69,26.545,5,4.95099419072397,6.0513236153711425
2023-03-11,29.57,23.67,83.67,1.05,26.67,0.22,2023,3,70,26.62,5,5.308518668451835,6.57208775692552
2023-03-12,29.87,23.48,80.93,0.93,25.83,0.56,2023,3,71,26.675,5,5.195295288913932,6.3733094635380905
2023-03-13,29.44,22.9,81.36,1.05,22.83,0.22,2023,3,72,26.17,5,4.633615285130383,5.566435082553714
2023-03-14,27.85,23.03,84.37,1.18,19.92,11.17,2023,3,73,25.44,5,4.0304803397870845,4.772945701727233
2023-03-15,29.46,23.8,83.21,1.13,23.91,2.89,2023,3,74,26.630000000000003,5,4.839693641714107,5.893344510758738
2023-03-16,28.75,24.13,85.29,1.27,23.96,2.08,2023,3,75,26.439999999999998,6,4.7861558945779725,5.879344473369848
2023-03-17,28.96,24.27,83.95,1.0,21.13,1.86,2023,3,76,26.615000000000002,6,4.345553730773001,5.2062961610572565
2023-03-18,28.84,24.31,85.57,0.86,23.55,0.72,2023,3,77,26.575,6,4.732995879890861,5.797120910939582
2023-03-19,28.55,24.65,86.69,1.0,23.14,1.35,2023,3,78,26.6,6,4.646214916924279,5.699539873224647
2023-03-20,28.55,24.81,87.43,1.23,21.52,2.16,2023,3,79,26.68,6,4.358602010299255,5.310479876865016
2023-03-21,28.62,24.68,86.77,1.12,21.9,0.7,2023,3,80,26.65,6,4.431416750675731,5.400452281986942
2023-03-22,26.66,25.13,88.98,0.61,22.43,5.54,2023,3,81,25.895,6,4.438122766863709,5.433272932618963
2023-03-23,30.02,24.07,81.7,0.52,21.76,0.97,2023,3,82,27.045,6,4.4707130286247665,5.415659635194991
2023-03-24,30.27,24.51,81.27,0.6,21.16,0.36,2023,3,83,27.39,6,4.4079081854658355,5.308598480554687
2023-03-25,27.14,24.87,86.8,0.4,22.85,0.31,2023,3,84,26.005000000000003,6,4.531119111254949,5.5495286609666525
2023-03-26,27.44,24.18,87.3,0.56,17.82,6.5,2023,3,85,25.810000000000002,6,3.6362237738218615,4.307834149641024
2023-03-27,28.39,24.4,86.92,0.53,20.89,7.48,2023,3,86,26.395,6,4.224840594049121,5.120588201370866
2023-03-28,26.9,24.56,89.87,0.75,17.01,16.77,2023,3,87,25.729999999999997,6,3.462570692705018,4.104166126480072
2023-03-29,27.06,23.9,87.23,0.63,17.49,8.28,2023,3,88,25.479999999999997,6,3.545634816827481,4.194741015467267
2023-03-30,27.58,23.63,87.17,0.92,19.86,1.73,2023,3,89,25.604999999999997,6,3.9522628095141843,4.777481612697249
2023-03-31,27.55,23.72,88.27,1.17,16.58,9.44,2023,3,90,25.634999999999998,6,3.395183746712233,3.991322633587934
2023-04-01,26.24,23.14,89.67,1.14,16.93,5.27,2023,4,91,24.689999999999998,7,3.342024070598794,3.983305841571143
2023-04-02,26.67,23.22,87.72,0.94,17.28,3.48,2023,4,92,24.945,7,3.4526780254032405,4.091051310868666
2023-04-03,27.1,23.44,88.11,0.98,16.19,8.41,2023,4,93,25.270000000000003,7,3.295451070897857,3.863336858828597
2023-04-04,26.5,23.37,86.82,0.92,15.43,11.16,2023,4,94,24.935000000000002,7,3.1605002384809358,3.6521730556480634
2023-04-05,27.95,23.21,84.59,0.73,17.45,2.93,2023,4,95,25.58,7,3.5573067661696403,4.195218764737347
2023-04-06,27.8,23.49,86.96,1.04,20.55,7.56,2023,4,96,25.645,7,4.049868317174775,4.948211622385975
2023-04-07,27.11,23.5,88.87,1.17,20.3,8.16,2023,4,97,25.305,7,3.9348794471119035,4.848183875797448
2023-04-08,27.28,23.54,88.57,1.11,21.8,4.75,2023,4,98,25.41,7,4.193086280312108,5.219630642561062
2023-04-09,27.73,23.42,88.43,1.29,19.54,9.6,2023,4,99,25.575000000000003,7,3.839410105546227,4.697119438732272
2023-04-10,26.87,23.82,87.13,1.37,17.99,10.33,2023,4,100,25.345,7,3.589932458871353,4.300645524259954
2023-04-11,27.84,23.84,88.98,1.44,16.51,7.59,2023,4,101,25.84,7,3.358010621420261,3.9940129429129807
2023-04-12,27.93,23.84,89.28,1.16,16.43,4.71,2023,4,102,25.884999999999998,7,3.3424811797848837,3.9789295807192353
2023-04-13,27.32,24.46,90.88,1.31,7.04,16.46,2023,4,103,25.89,7,1.7742013375436005,1.7051128639224584
2023-04-14,27.92,23.53,87.36,1.22,17.77,4.03,2023,4,104,25.725,7,3.5760683744688095,4.287025641778529
2023-04-15,28.07,23.75,86.9,1.29,19.83,1.37,2023,4,105,25.91,7,3.9294195511129293,4.805186602758368
2023-04-16,28.65,24.02,84.19,0.97,21.42,0.78,2023,4,106,26.335,8,4.263724021311398,5.243073377167487
2023-04-17,28.3,23.98,85.78,0.86,21.55,0.67,2023,4,107,26.14,8,4.240802739574842,5.250608440553893
2023-04-18,28.79,24.0,85.58,1.17,22.42,0.37,2023,4,108,26.395,8,4.414208807815378,5.495624101231922
2023-04-19,28.83,24.19,85.4,1.32,22.43,0.06,2023,4,109,26.509999999999998,8,4.428240397282929,5.51298854292204
2023-04-20,28.86,24.33,85.81,1.65,21.59,1.62,2023,4,110,26.595,8,4.293794549743914,5.317140008289251
2023-04-21,27.84,24.25,87.66,1.83,17.74,2.05,2023,4,111,26.045,8,3.5759683112312315,4.312573601336258
2023-04-22,28.57,23.89,84.52,1.75,22.75,0.24,2023,4,112,26.23,8,4.4543863672339254,5.554817444781083
2023-04-23,29.22,23.93,85.53,1.57,22.5,0.15,2023,4,113,26.575,8,4.43329157431279,5.538650551853104
2023-04-24,29.38,24.28,84.55,1.42,22.85,0.15,2023,4,114,26.83,8,4.533782687191699,5.658510954147571
2023-04-25,29.24,23.76,86.47,1.13,20.08,1.81,2023,4,115,26.5,8,4.007718009093543,4.9342294945474885
2023-04-26,27.94,24.58,90.42,1.53,20.3,1.58,2023,4,116,26.259999999999998,8,3.917871710757343,4.960125918111304
2023-04-27,27.71,24.87,89.53,1.63,19.2,0.73,2023,4,117,26.29,8,3.757225274635016,4.694679677578414
2023-04-28,27.49,24.64,88.97,1.07,13.02,4.06,2023,4,118,26.064999999999998,8,2.7591511628099314,3.1666514126083976
2023-04-29,27.74,24.06,89.22,0.87,14.66,8.64,2023,4,119,25.9,8,3.0042564447572713,3.551550457957351
2023-04-30,27.24,24.42,89.69,1.25,19.55,1.61,2023,4,120,25.83,8,3.767203414897668,4.728304887118126
2023-05-01,28.06,24.39,87.74,1.38,17.06,1.05,2023,5,121,26.225,9,3.4466292576905353,4.165009707658849
2023-05-02,28.21,24.49,88.0,1.43,18.02,0.9,2023,5,122,26.35,9,3.6023517959454883,4.412401936085162
2023-05-03,28.77,24.36,87.87,1.29,19.51,0.71,2023,5,123,26.564999999999998,9,3.8647299605667436,4.801497202108664
2023-05-04,29.59,24.37,87.2,1.51,20.95,2.12,2023,5,124,26.98,9,4.155719851377975,5.206184303061511
2023-05-05,28.51,24.58,88.7,1.63,17.54,2.49,2023,5,125,26.545,9,3.519989576901665,4.314642935512595
2023-05-06,28.71,24.2,86.76,1.69,19.38,0.8,2023,5,126,26.455,9,3.8476742261867773,4.757177171244157
2023-05-07,28.62,23.72,86.2,1.44,20.94,0.2,2023,5,127,26.17,9,4.064233574934201,5.105613255745721
2023-05-08,28.66,24.2,88.72,1.54,18.97,0.99,2023,5,128,26.43,9,3.725580952519282,4.653793286600622
2023-05-09,27.64,24.78,90.06,1.85,10.99,1.86,2023,5,129,26.21,9,2.4257125065537575,2.682133893401046
2023-05-10,28.04,24.82,90.46,1.54,16.63,2.49,2023,5,130,26.43,9,3.303862944257388,4.079735495844403
2023-05-11,27.28,24.73,92.04,1.59,17.2,1.15,2023,5,131,26.005000000000003,9,3.306229722102059,4.177325731668552
2023-05-12,28.46,23.97,87.62,1.91,19.85,0.22,2023,5,132,26.215,9,3.8476189918749992,4.845010117509284
2023-05-13,26.97,23.13,83.6,1.98,21.36,0.03,2023,5,133,25.049999999999997,9,4.039612004420459,5.069925198767453
2023-05-14,26.96,22.66,79.84,1.81,21.35,0.03,2023,5,134,24.810000000000002,9,4.096423285105243,5.038012177786716
2023-05-15,26.83,21.98,78.59,1.66,21.98,0.01,2023,5,135,24.405,9,4.142838014391269,5.135387349256478
2023-05-16,27.43,22.0,80.54,1.49,20.66,0.03,2023,5,136,24.715,10,3.9352163137771887,4.863879945472364
2023-05-17,27.34,22.08,82.18,1.39,17.76,0.07,2023,5,137,24.71,10,3.476377594867606,4.180635808695339
2023-05-18,27.37,22.43,84.5,1.35,18.99,0.08,2023,5,138,24.9,10,3.6180017447401256,4.490968585969526
2023-05-19,27.38,23.14,85.92,1.52,18.81,0.11,2023,5,139,25.259999999999998,10,3.601502472146344,4.487448983798338
2023-05-20,27.21,23.03,84.04,1.9,20.08,0.11,2023,5,140,25.12,10,3.8277720092733616,4.774215006085779
2023-05-21,27.17,22.22,82.34,1.8,20.68,0.05,2023,5,141,24.695,10,3.9012886220356258,4.866205087230971
2023-05-22,27.25,22.28,82.08,1.62,19.25,0.08,2023,5,142,24.765,10,3.699233428821382,4.537477477930344
2023-05-23,27.88,22.64,84.15,1.48,19.57,0.07,2023,5,143,25.259999999999998,10,3.739668258417062,4.6687600538507965
2023-05-24,28.6,22.52,85.16,1.26,20.16,0.03,2023,5,144,25.560000000000002,10,3.8320039102458026,4.844412613330307
2023-05-25,27.19,22.91,84.9,1.73,20.38,0.04,2023,5,145,25.05,10,3.814955623422423,4.837316271108647
2023-05-26,26.62,23.0,84.67,1.88,19.93,0.05,2023,5,146,24.810000000000002,10,3.7302798132008252,4.702931274158746
2023-05-27,26.53,22.15,81.76,1.89,19.63,0.14,2023,5,147,24.34,10,3.7187382049947795,4.578987466832041
2023-05-28,26.48,21.43,80.87,1.77,20.57,0.7,2023,5,148,23.955,10,3.811091965583646,4.752668810676516
2023-05-29,27.14,22.18,83.23,1.8,20.31,1.37,2023,5,149,24.66,10,3.7969971864716445,4.775044450378649
2023-05-30,27.85,22.63,83.92,1.53,20.03,0.79,2023,5,150,25.240000000000002,10,3.7898315720115563,4.776190139025959
2023-05-31,27.53,22.68,86.67,1.7,18.14,2.16,2023,5,151,25.105,10,3.4443128382638255,4.311391989183285
2023-06-01,27.51,23.44,86.04,1.78,17.94,0.16,2023,6,152,25.475,11,3.468112972260138,4.30214980747263
2023-06-02,27.47,23.3,86.2,1.86,14.74,0.35,2023,6,153,25.384999999999998,11,3.0032994987717965,3.527110245938251
2023-06-03,27.24,23.02,84.4,1.71,19.15,0.01,2023,6,154,25.13,11,3.6378002538947003,4.554202864125113
2023-06-04,27.48,22.8,84.14,1.47,18.64,0.37,2023,6,155,25.14,11,3.5569338056373523,4.433990997416075
2023-06-05,27.85,22.86,84.34,1.37,17.97,0.41,2023,6,156,25.355,11,3.4708637445923207,4.296901152660175
2023-06-06,26.96,23.41,88.84,1.68,17.01,8.85,2023,6,157,25.185000000000002,11,3.216722234291011,4.050669360167421
2023-06-07,27.65,23.46,87.63,1.81,17.75,3.11,2023,6,158,25.555,11,3.3947337039566916,4.264781599197516
2023-06-08,27.64,23.34,86.53,1.75,19.25,3.21,2023,6,159,25.490000000000002,11,3.6300241869864944,4.6179642318186085
2023-06-09,27.07,22.9,86.53,1.71,20.19,5.13,2023,6,160,24.985,11,3.702552500347737,4.784651774736328
2023-06-10,27.45,22.93,87.88,1.45,17.91,0.61,2023,6,161,25.189999999999998,11,3.3669280210228925,4.265506990529455
2023-06-11,27.87,23.7,88.98,1.52,17.04,1.04,2023,6,162,25.785,11,3.271423372916832,4.1168158627051525
2023-06-12,27.62,23.77,86.85,1.88,17.88,0.38,2023,6,163,25.695,11,3.4439017184830885,4.310466353525802
2023-06-13,27.03,23.12,83.42,2.02,18.29,0.1,2023,6,164,25.075000000000003,11,3.5456933008353766,4.343878800533773
2023-06-14,27.14,22.81,84.5,1.64,19.08,0.06,2023,6,165,24.975,11,3.586675302226676,4.520502517594127
2023-06-15,26.68,22.7,85.51,1.6,19.46,0.16,2023,6,166,24.689999999999998,11,3.58038197822042,4.578566549142023
2023-06-16,27.24,22.14,84.8,1.45,17.89,0.23,2023,6,167,24.689999999999998,12,3.374593747053705,4.209175517171161
2023-06-17,27.56,22.7,85.12,1.52,19.94,0.12,2023,6,168,25.13,12,3.7049591148914383,4.742078595856646
2023-06-18,28.12,22.16,81.68,1.22,19.36,0.08,2023,6,169,25.14,12,3.6662287521791592,4.605261035942876
2023-06-19,28.42,22.52,78.55,0.7,19.77,0.0,2023,6,170,25.47,12,3.7032595436592985,4.740427417253734
2023-06-20,28.16,21.73,86.5,0.87,18.74,0.03,2023,6,171,24.945,12,3.475178720259834,4.436707266532338
2023-06-21,27.45,22.93,86.67,1.29,18.91,0.07,2023,6,172,25.189999999999998,12,3.5242071783305007,4.503670418253043
2023-06-22,26.95,22.44,85.44,1.5,19.77,0.07,2023,6,173,24.695,12,3.6212483973131206,4.652073238614908
2023-06-23,27.45,21.59,84.09,1.32,20.4,0.04,2023,6,174,24.52,12,3.713801333897514,4.779750136594651
2023-06-24,27.67,22.24,85.05,1.26,19.38,0.05,2023,6,175,24.955,12,3.5969602386829993,4.589344969578002
2023-06-25,28.39,21.85,84.15,1.06,19.22,0.07,2023,6,176,25.12,12,3.5986536235105944,4.569741654231508
2023-06-26,28.14,22.11,85.36,0.95,18.86,0.09,2023,6,177,25.125,12,3.523420610016445,4.484691988163621
2023-06-27,27.14,22.34,85.79,1.2,18.84,0.12,2023,6,178,24.740000000000002,12,3.480790456608725,4.438120733261957
2023-06-28,27.41,22.63,85.37,1.4,18.65,0.11,2023,6,179,25.02,12,3.499569982836979,4.423464192704976
2023-06-29,27.74,23.25,86.51,1.45,18.73,1.39,2023,6,180,25.494999999999997,12,3.5404173171713835,4.493759683582046
2023-06-30,27.82,23.26,88.03,1.4,17.11,2.35,2023,6,181,25.54,12,3.2762591044284113,4.109527896081024
2023-07-01,27.03,23.54,89.52,2.06,9.04,25.28,2023,7,182,25.285,13,2.075259442357425,2.157951181310993
2023-07-02,26.88,23.16,89.23,1.92,10.31,20.87,2023,7,183,25.02,13,2.2420449070608695,2.445357416985968
2023-07-03,26.98,23.07,88.61,1.68,14.97,7.15,2023,7,184,25.025,13,2.9112065751138547,3.5510620873806644
2023-07-04,27.58,23.13,88.7,1.5,17.22,2.68,2023,7,185,25.354999999999997,13,3.2644703930423846,4.117564710562505
2023-07-05,27.29,23.32,89.3,1.66,16.01,8.52,2023,7,186,25.305,13,3.0683232139557846,3.8236169384983816
2023-07-06,27.35,23.38,89.21,1.92,14.35,12.48,2023,7,187,25.365000000000002,13,2.841766255565756,3.4321318647560806
2023-07-07,25.79,23.8,92.35,2.37,11.59,48.23,2023,7,188,24.795,13,2.293582089441722,2.733918906391585
2023-07-08,26.02,23.41,90.72,1.81,11.96,10.97,2023,7,189,24.715,13,2.402849303255104,2.815682678985938
2023-07-09,27.3,23.24,87.86,1.75,18.31,1.15,2023,7,190,25.27,13,3.4407787329288984,4.369221611189104
2023-07-10,27.12,22.74,85.92,1.89,19.92,0.18,2023,7,191,24.93,13,3.687321804835891,4.7143504558099725
2023-07-11,26.46,22.12,83.76,2.07,19.7,0.07,2023,7,192,24.29,13,3.6570338987326125,4.589644149822938
2023-07-12,26.78,22.06,84.37,1.77,18.47,0.45,2023,7,193,24.42,13,3.4763952349894054,4.316909729258903
2023-07-13,26.73,23.17,87.58,2.01,14.53,2.4,2023,7,194,24.950000000000003,13,2.8993015726220452,3.4404058462556564
2023-07-14,26.66,22.43,85.82,1.88,16.17,0.94,2023,7,195,24.545,13,3.143557134909714,3.7909836068798946
2023-07-15,26.5,22.43,86.95,1.64,18.97,0.19,2023,7,196,24.465,13,3.4841774384175532,4.438689165076367
2023-07-16,26.28,22.06,84.73,1.74,18.45,0.09,2023,7,197,24.17,14,3.443843706030209,4.28567641292222
2023-07-17,26.34,21.76,84.71,1.96,19.08,0.11,2023,7,198,24.05,14,3.530747507133949,4.41883765817551
2023-07-18,26.51,21.88,82.72,1.92,20.81,0.02,2023,7,199,24.195,14,3.834183253908042,4.836866302526095
2023-07-19,25.8,21.73,80.59,2.11,20.47,0.03,2023,7,200,23.765,14,3.817526130542658,4.707187735454564
2023-07-20,25.5,21.15,80.51,1.84,20.89,0.01,2023,7,201,23.325,14,3.800319702315585,4.750918645994633
2023-07-21,25.95,21.47,82.1,1.69,20.68,0.04,2023,7,202,23.71,14,3.769826209081379,4.7489361134293455
2023-07-22,26.1,22.09,82.72,2.12,20.1,0.63,2023,7,203,24.095,14,3.7521714824304846,4.660270756735428
2023-07-23,26.04,21.04,80.38,1.83,19.04,0.18,2023,7,204,23.54,14,3.6042572776055124,4.353714083765769
2023-07-24,27.43,20.97,82.69,1.41,19.25,0.06,2023,7,205,24.2,14,3.6173442312379147,4.47482975832632
2023-07-25,26.91,21.92,84.45,1.85,19.64,0.23,2023,7,206,24.415,14,3.6757926258371354,4.589802980886808
2023-07-26,26.44,21.76,83.98,1.73,19.99,0.15,2023,7,207,24.1,14,3.697164023687436,4.63534208547948
2023-07-27,25.97,21.28,83.97,1.79,21.47,0.03,2023,7,208,23.625,14,3.8477850339583295,4.91985535834165
2023-07-28,25.99,20.94,82.46,1.84,19.71,0.03,2023,7,209,23.465,14,3.6455031034635623,4.498418216468838
2023-07-29,25.64,20.99,81.19,1.88,20.4,0.04,2023,7,210,23.314999999999998,14,3.75774294032265,4.6383076798585146
2023-07-30,25.91,21.21,85.49,1.92,20.17,0.54,2023,7,211,23.560000000000002,14,3.6409828158324333,4.6144210402683425
2023-07-31,27.02,21.84,85.69,1.59,19.16,0.21,2023,7,212,24.43,14,3.59176258147621,4.479283819858143
2023-08-01,27.96,22.59,85.75,1.39,21.04,0.03,2023,8,213,25.275,15,3.9583130408067255,5.021274405008608
2023-08-02,28.8,22.14,84.81,1.17,21.29,0.02,2023,8,214,25.47,15,4.041265523044323,5.104891234867577
2023-08-03,28.18,21.61,86.2,1.36,20.06,0.05,2023,8,215,24.895,15,3.776368380933599,4.743436023153696
2023-08-04,26.88,22.1,85.15,1.74,19.68,0.05,2023,8,216,24.490000000000002,15,3.7020430112870852,4.607652196371153
2023-08-05,27.05,22.75,86.03,2.06,18.54,0.04,2023,8,217,24.9,15,3.5706176615676704,4.384547529429964
2023-08-06,27.59,22.59,85.49,1.68,21.35,0.08,2023,8,218,25.09,15,4.008757576512692,5.072476185081499
2023-08-07,26.85,21.78,83.71,1.79,22.55,0.02,2023,8,219,24.315,15,4.134250275661693,5.256874324277316
2023-08-08,26.67,21.51,82.79,1.83,22.76,0.01,2023,8,220,24.090000000000003,15,4.164465792648187,5.276348095124008
2023-08-09,26.37,21.48,81.24,1.87,22.69,0.01,2023,8,221,23.925,15,4.179314674723077,5.238574903477987
2023-08-10,26.47,21.07,81.7,1.59,22.81,0.02,2023,8,222,23.77,15,4.156888323216561,5.245939497773539
2023-08-11,26.76,20.87,81.35,1.48,22.91,0.02,2023,8,223,23.815,15,4.184917646415835,5.274868501871775
2023-08-12,27.1,21.78,82.96,1.59,21.81,0.06,2023,8,224,24.44,15,4.080325629247075,5.100065136395342
2023-08-13,27.34,21.51,83.12,1.63,19.75,0.08,2023,8,225,24.425,15,3.792211084156578,4.616647091718511
2023-08-14,27.14,21.73,83.5,1.62,21.38,0.18,2023,8,226,24.435000000000002,15,4.0171503365967025,4.998897949157369
2023-08-15,26.96,22.16,84.0,1.8,19.14,0.27,2023,8,227,24.560000000000002,15,3.7094948833271975,4.488940646744286
2023-08-16,26.63,21.98,83.94,1.82,21.13,5.4,2023,8,228,24.305,16,3.967132357499807,4.92462606905905
2023-08-17,25.72,21.2,85.04,1.79,17.76,7.02,2023,8,229,23.46,16,3.382057101602536,4.052858722444503
2023-08-18,26.82,21.09,84.54,1.58,20.74,2.83,2023,8,230,23.955,16,3.8651553782465156,4.7919470653102065
2023-08-19,27.13,21.68,83.32,1.57,21.36,0.07,2023,8,231,24.405,16,4.03470548447924,4.990531109195557
2023-08-20,27.29,21.85,84.91,1.6,21.67,0.26,2023,8,232,24.57,16,4.06790972481375,5.083554761321784
2023-08-21,26.59,22.01,83.88,2.03,22.0,0.22,2023,8,233,24.3,16,4.115834223363385,5.126757690226493
2023-08-22,26.63,21.84,80.8,2.14,22.62,0.03,2023,8,234,24.235,16,4.299048934282489,5.262773485854452
2023-08-23,26.72,21.36,82.4,1.8,21.62,0.03,2023,8,235,24.04,16,4.078635317384989,5.005845338343541
2023-08-24,27.24,21.69,84.48,1.79,21.55,0.09,2023,8,236,24.465,16,4.068547100496015,5.042369610300248
2023-08-25,27.11,22.21,82.54,1.93,22.66,0.04,2023,8,237,24.66,16,4.308322441879751,5.327548362657813
2023-08-26,27.17,21.77,82.49,1.69,22.16,0.03,2023,8,238,24.47,16,4.2116437679529595,5.1857384533577076
2023-08-27,27.19,21.83,82.46,1.6,22.34,0.36,2023,8,239,24.509999999999998,16,4.242903201937929,5.233008128902897
2023-08-28,27.38,21.58,83.02,1.72,23.68,0.5,2023,8,240,24.479999999999997,16,4.430884611562633,5.542802884770014
2023-08-29,27.53,21.75,82.55,1.82,24.06,0.03,2023,8,241,24.64,16,4.524660999362434,5.653927017121805
2023-08-30,27.76,22.04,82.31,1.74,23.7,0.02,2023,8,242,24.9,16,4.51398827704301,5.604842311083611
2023-08-31,27.16,21.87,83.43,1.84,22.78,0.04,2023,8,243,24.515,16,4.307123895600535,5.336731539736615
2023-09-01,26.88,21.1,78.78,1.72,24.4,0.01,2023,9,244,23.990000000000002,17,4.587478702188527,5.642499125287327
2023-09-02,27.25,20.98,79.39,1.55,24.56,0.02,2023,9,245,24.115000000000002,17,4.607502522318239,5.697168103112694
2023-09-03,27.04,20.75,80.22,1.65,22.56,0.02,2023,9,246,23.895,17,4.2903881451597465,5.204666846796492
2023-09-04,26.8,20.79,78.48,1.78,23.74,0.01,2023,9,247,23.795,17,4.498400293837636,5.463238869513074
2023-09-05,27.52,20.85,82.01,1.56,22.2,0.01,2023,9,248,24.185000000000002,17,4.237057190118995,5.158665845182462
2023-09-06,26.76,21.81,83.64,1.88,19.38,0.01,2023,9,249,24.285,17,3.808061470242622,4.514533611546642
2023-09-07,27.04,21.69,81.59,1.61,22.48,0.01,2023,9,250,24.365000000000002,17,4.310239141044443,5.247028417370406
2023-09-08,27.48,21.22,80.92,1.57,24.1,0.0,2023,9,251,24.35,17,4.566685854132028,5.623068806706667
2023-09-09,27.74,21.05,81.15,1.45,24.66,0.01,2023,9,252,24.395,17,4.651528603837161,5.760119922639865
2023-09-10,27.56,21.76,83.62,1.52,21.0,0.02,2023,9,253,24.66,17,4.0883742996754995,4.9372690033457225
2023-09-11,28.5,22.56,84.02,1.58,22.38,0.04,2023,9,254,25.53,17,4.396240096766223,5.373999643379537
2023-09-12,27.93,22.86,83.61,1.58,23.3,0.08,2023,9,255,25.395,17,4.5283926456401025,5.576762898564183
2023-09-13,28.34,22.61,82.09,1.59,21.38,0.5,2023,9,256,25.475,17,4.2868743875234765,5.127088232093914
2023-09-14,27.49,22.11,81.76,1.88,17.54,0.9,2023,9,257,24.799999999999997,17,3.6775405244776103,4.137946148833052
2023-09-15,27.62,22.22,82.73,1.94,22.72,0.11,2023,9,258,24.92,17,4.425769810826102,5.375700380547067
2023-09-16,28.4,22.3,81.75,1.64,22.98,0.06,2023,9,259,25.35,18,4.538618293656161,5.4942056668859065
2023-09-17,28.34,22.34,82.78,1.61,21.91,0.14,2023,9,260,25.34,18,4.350352016276619,5.23711912374068
2023-09-18,27.83,22.3,84.26,1.61,21.79,0.57,2023,9,261,25.064999999999998,18,4.263938170395669,5.173873018737292
2023-09-19,27.77,21.78,82.53,1.58,21.82,0.23,2023,9,262,24.775,18,4.280668448834244,5.14451771089519
2023-09-20,27.82,21.8,82.22,1.48,22.96,0.01,2023,9,263,24.810000000000002,18,4.462353454451775,5.417927850209976
2023-09-21,27.95,21.68,80.73,1.52,25.5,0.01,2023,9,264,24.814999999999998,18,4.883337285393734,6.018032781546157
2023-09-22,27.27,21.48,79.89,1.8,22.21,0.02,2023,9,265,24.375,18,4.3800801726759415,5.185287092826543
2023-09-23,28.09,21.99,82.01,1.43,23.62,0.03,2023,9,266,25.04,18,4.602453428743961,5.604987897986689
2023-09-24,28.57,22.37,81.95,1.34,24.79,0.02,2023,9,267,25.47,18,4.840141265581973,5.944117130688927
2023-09-25,28.44,22.37,80.76,1.42,24.46,0.01,2023,9,268,25.405,18,4.806922094356982,5.855815667073212
2023-09-26,28.48,21.99,79.13,1.35,25.54,0.01,2023,9,269,25.235,18,4.981061728264834,6.089323109225385
2023-09-27,29.22,22.19,79.47,1.24,25.2,0.01,2023,9,270,25.705,18,4.982976641099009,6.076608798730912
2023-09-28,29.89,22.62,80.07,1.36,25.24,0.01,2023,9,271,26.255000000000003,18,5.067530480797894,6.1664419759241635
2023-09-29,30.11,22.4,79.54,1.18,24.65,0.0,2023,9,272,26.255,18,4.970879968113907,6.022297730052719
2023-09-30,29.33,22.4,79.2,1.31,24.89,0.01,2023,9,273,25.865,18,4.972068521866949,6.02485224898574
2023-10-01,29.22,22.33,79.46,1.22,25.66,0.02,2023,10,274,25.775,19,5.072754824815747,6.197901852349918
2023-10-02,28.73,22.36,81.45,1.29,24.2,0.02,2023,10,275,25.545,19,4.783770170292261,5.813122390092704
2023-10-03,28.95,22.49,81.92,1.19,23.77,0.01,2023,10,276,25.72,19,4.727217311701992,5.733843890297477
2023-10-04,29.9,22.75,82.97,1.14,24.15,0.0,2023,10,277,26.325,19,4.855067184591125,5.909912298130232
2023-10-05,30.9,23.42,81.85,1.16,24.6,0.0,2023,10,278,27.16,19,5.05824584792411,6.138859021430958
2023-10-06,30.46,23.38,81.17,1.01,24.52,0.0,2023,10,279,26.92,19,5.010265403026823,6.084834090243744
2023-10-07,30.28,23.28,82.09,0.95,23.58,0.01,2023,10,280,26.78,19,4.821072954444685,5.832465137274417
2023-10-08,30.45,23.3,80.42,1.18,25.14,0.0,2023,10,281,26.875,19,5.134588871052459,6.232145863139429
2023-10-09,30.24,23.32,80.48,1.19,24.83,0.01,2023,10,282,26.78,19,5.070187622286785,6.141650100022212
2023-10-10,29.92,22.95,82.0,1.18,25.87,0.01,2023,10,283,26.435000000000002,19,5.178251473746183,6.347275613352538
2023-10-11,30.28,22.53,78.85,1.14,25.71,0.01,2023,10,284,26.405,19,5.1930658071254125,6.303560136184334
2023-10-12,30.76,23.07,78.24,1.21,24.42,0.01,2023,10,285,26.915,19,5.064597551883824,6.059311740973238
2023-10-13,30.85,23.65,79.49,1.14,23.74,0.02,2023,10,286,27.25,19,4.9638547298741535,5.936618988152709
2023-10-14,31.52,23.47,77.95,1.1,26.23,0.01,2023,10,287,27.494999999999997,19,5.440779858051694,6.596507887061486
2023-10-15,31.25,23.71,79.03,1.13,25.77,0.01,2023,10,288,27.48,19,5.3486240346206,6.478584553659118
2023-10-16,30.49,23.92,80.63,1.2,25.34,0.01,2023,10,289,27.205,20,5.217818579524091,6.330125713070092
2023-10-17,30.91,23.45,78.03,1.07,26.05,0.0,2023,10,290,27.18,20,5.360751192620506,6.503718623170058
2023-10-18,30.71,23.27,78.04,1.3,25.84,0.01,2023,10,291,26.990000000000002,20,5.32933520876041,6.422870276506467
2023-10-19,31.27,23.2,77.37,1.13,25.89,0.01,2023,10,292,27.235,20,5.3646354304922514,6.472016982562639
2023-10-20,31.1,23.32,79.74,1.14,25.2,0.01,2023,10,293,27.21,20,5.215827722935783,6.295882161008519
2023-10-21,31.85,23.21,75.12,0.92,25.86,0.0,2023,10,294,27.53,20,5.39027221451794,6.508701044406172
2023-10-22,32.14,22.5,77.04,0.76,25.43,0.01,2023,10,295,27.32,20,5.260735094508029,6.369542224802489
2023-10-23,30.97,22.68,79.51,0.85,24.32,0.02,2023,10,296,26.825,20,4.995218635072557,6.02183416195972
2023-10-24,30.93,23.06,79.41,1.03,25.44,0.03,2023,10,297,26.994999999999997,20,5.225144377034226,6.324181206065072
2023-10-25,31.34,23.31,78.54,1.01,25.08,0.02,2023,10,298,27.325,20,5.215270898879445,6.282602686903098
2023-10-26,31.09,23.77,78.66,0.95,25.46,0.02,2023,10,299,27.43,20,5.279907078838053,6.3932765676194645
2023-10-27,32.08,23.32,74.59,0.74,25.62,0.01,2023,10,300,27.7,20,5.34006647819578,6.473531960190604
2023-10-28,31.6,22.95,76.57,0.81,25.37,0.01,2023,10,301,27.275,20,5.249566531266526,6.347902729041192
2023-10-29,31.25,23.65,76.57,0.86,25.42,0.01,2023,10,302,27.45,20,5.280325870955819,6.386176987659427
2023-10-30,31.34,23.93,78.91,1.04,24.59,0.01,2023,10,303,27.634999999999998,20,5.168542881923117,6.204014531137519
2023-10-31,31.61,23.8,79.21,1.06,25.18,0.0,2023,10,304,27.705,20,5.282996900756475,6.3630846100017715
2023-11-01,31.5,24.18,79.65,1.27,22.59,0.01,2023,11,305,27.84,21,4.870001291912304,5.726257330451509
2023-11-02,31.59,24.39,77.75,1.24,25.21,0.42,2023,11,306,27.990000000000002,21,5.363614212388912,6.412315257242003
2023-11-03,28.6,24.75,85.88,1.39,23.5,2.21,2023,11,307,26.675,21,4.752914002669925,5.798403886687772
2023-11-04,30.26,24.48,81.3,1.19,22.68,1.31,2023,11,308,27.37,21,4.782752406436674,5.687307353218602
2023-11-05,31.55,23.73,78.94,1.09,26.05,0.09,2023,11,309,27.64,21,5.4326517125219835,6.573124749352918
2023-11-06,31.92,23.92,77.15,0.97,26.33,0.1,2023,11,310,27.92,21,5.521371071766337,6.686507639137869
2023-11-07,31.54,23.72,78.7,0.98,24.72,0.11,2023,11,311,27.63,21,5.190499565140695,6.236097107392942
2023-11-08,33.2,23.39,74.87,0.7,26.06,0.04,2023,11,312,28.295,21,5.500754850237299,6.674618793310144
2023-11-09,31.53,24.2,78.57,0.91,23.84,0.25,2023,11,313,27.865000000000002,21,5.053575761945533,6.046570263744039
2023-11-10,31.07,24.55,78.44,0.96,23.61,0.22,2023,11,314,27.810000000000002,21,5.009517599398256,5.980707701543163
2023-11-11,31.49,24.26,77.59,1.18,25.27,0.8,2023,11,315,27.875,21,5.353615018103248,6.410727954633888
2023-11-12,30.66,24.4,79.04,1.38,22.48,3.58,2023,11,316,27.53,21,4.834447819597599,5.657989152291213
2023-11-13,29.59,24.54,83.58,1.31,22.69,8.38,2023,11,317,27.064999999999998,21,4.713955422058041,5.649746017411734
2023-11-14,30.42,24.78,83.71,1.41,21.31,5.91,2023,11,318,27.6,21,4.5466937630378,5.372154496898263
2023-11-15,30.46,25.02,82.76,1.38,21.75,2.76,2023,11,319,27.740000000000002,21,4.655260268124726,5.500721987167446
2023-11-16,30.57,24.54,80.79,1.27,23.91,7.93,2023,11,320,27.555,22,5.033693360278874,6.021368788862138
2023-11-17,30.44,24.01,80.49,1.35,24.98,2.75,2023,11,321,27.225,22,5.186507796992963,6.24308759960467
2023-11-18,30.18,23.85,80.61,1.42,24.89,1.49,2023,11,322,27.015,22,5.145878110113067,6.190336660582881
2023-11-19,30.74,23.68,78.78,1.44,20.68,0.69,2023,11,323,27.21,22,4.517899792641031,5.166620757526039
2023-11-20,30.67,24.19,78.73,1.46,24.86,0.57,2023,11,324,27.43,22,5.237475431864921,6.242610191320497
2023-11-21,31.13,24.2,78.92,1.45,24.6,0.08,2023,11,325,27.665,22,5.224265629428585,6.2108139909018725
2023-11-22,31.05,25.01,80.58,1.41,25.46,0.32,2023,11,326,28.03,22,5.377168894188863,6.481809597894099
2023-11-23,29.89,25.49,85.12,1.23,24.25,2.31,2023,11,327,27.689999999999998,22,5.029548989961709,6.125961961705791
2023-11-24,30.68,24.7,81.13,0.83,21.84,2.2,2023,11,328,27.689999999999998,22,4.639763307826864,5.517155020356886
2023-11-25,32.28,24.28,78.56,0.87,21.11,0.52,2023,11,329,28.28,22,4.616293203182398,5.404962691491966
2023-11-26,30.85,24.21,77.27,1.18,24.19,0.24,2023,11,330,27.53,22,5.123505718990926,6.088378896526888
2023-11-27,32.01,24.04,75.25,1.0,21.25,0.85,2023,11,331,28.025,22,4.6783544583227625,5.409378137733829
2023-11-28,27.62,24.01,85.03,1.12,21.74,17.12,2023,11,332,25.815,22,4.376075673915416,5.256088659874154
2023-11-29,29.94,24.08,83.35,1.41,19.79,13.65,2023,11,333,27.009999999999998,22,4.232539977331381,4.921354287485717
2023-11-30,28.18,24.65,88.84,1.42,20.98,12.99,2023,11,334,26.415,22,4.236053275260107,5.145074858080449
2023-12-01,27.67,24.88,91.69,1.52,19.53,20.93,2023,12,335,26.275,23,3.9009238020857504,4.773676323664753
2023-12-02,27.91,24.47,87.62,1.36,18.33,6.28,2023,12,336,26.189999999999998,23,3.79894194778784,4.471358680939708
2023-12-03,28.48,24.4,86.17,1.37,22.25,10.85,2023,12,337,26.439999999999998,23,4.51111610961668,5.459741841923169
2023-12-04,28.77,24.43,85.73,1.32,19.79,19.68,2023,12,338,26.6,23,4.126714967430774,4.874412017766454
2023-12-05,28.39,24.75,86.52,1.33,21.69,5.15,2023,12,339,26.57,23,4.424393077628902,5.338631980085613
2023-12-06,30.16,24.73,84.44,1.04,24.0,1.43,2023,12,340,27.445,23,4.9680416269536,6.028740298265739
2023-12-07,30.14,24.54,84.91,1.05,23.06,3.05,2023,12,341,27.34,23,4.785669892998247,5.778590813471316
2023-12-08,29.36,24.44,84.83,1.05,20.72,3.4,2023,12,342,26.9,23,4.326856075520523,5.1394357487536695
2023-12-09,30.2,24.36,81.81,1.07,20.88,2.75,2023,12,343,27.28,23,4.444041774919173,5.2250510884485
2023-12-10,30.75,24.09,79.53,1.09,24.24,0.88,2023,12,344,27.42,23,5.075097371744814,6.085517569893475
2023-12-11,30.76,24.25,79.08,1.33,24.43,0.92,2023,12,345,27.505000000000003,23,5.151952955759289,6.145246259947819
2023-12-12,31.36,23.86,79.13,1.05,24.27,0.5,2023,12,346,27.61,23,5.110714886838013,6.119763342360049
2023-12-13,31.5,24.49,80.72,0.8,22.54,5.38,2023,12,347,27.994999999999997,23,4.803451350568018,5.7338381697035565
2023-12-14,30.32,24.9,84.44,1.13,20.66,22.62,2023,12,348,27.61,23,4.403722426886237,5.209489520113664
2023-12-15,29.76,24.47,82.35,1.53,20.79,13.13,2023,12,349,27.115000000000002,23,4.440256183596236,5.1826685603658715
2023-12-16,30.28,23.79,79.57,1.39,20.39,0.38,2023,12,350,27.035,24,4.419938952684622,5.073511922732305
2023-12-17,29.43,23.87,80.2,1.44,22.46,1.13,2023,12,351,26.65,24,4.703214332834425,5.5385460389692565
2023-12-18,30.25,23.41,76.48,1.37,26.53,0.43,2023,12,352,26.83,24,5.459535566275303,6.569816000592343
2023-12-19,29.42,23.14,76.4,1.5,26.7,0.02,2023,12,353,26.28,24,5.423521080044385,6.5269957414731365
2023-12-20,29.9,23.06,75.03,1.47,26.92,0.03,2023,12,354,26.479999999999997,24,5.512861069001296,6.611899839156121
2023-12-21,30.84,22.76,75.23,1.23,25.93,0.05,2023,12,355,26.8,24,5.36630641427266,6.416733097527378
2023-12-22,31.44,23.47,77.37,1.16,25.33,0.07,2023,12,356,27.455,24,5.313353527152555,6.364300227024563
2023-12-23,31.79,23.69,74.66,1.09,26.42,0.03,2023,12,357,27.740000000000002,24,5.555928067495698,6.681796547170755
2023-12-24,32.5,24.96,75.99,0.74,24.42,2.08,2023,12,358,28.73,24,5.246658774759335,6.316229671044519
2023-12-25,30.72,25.23,80.66,0.58,19.02,4.99,2023,12,359,27.975,24,4.127823332212453,4.836197229215822
2023-12-26,30.54,25.41,82.28,0.9,24.69,1.65,2023,12,360,27.975,24,5.172964058343356,6.27790271237322
2023-12-27,30.46,25.34,82.53,0.99,23.38,2.94,2023,12,361,27.9,24,4.933752256180261,5.934643745068128
2023-12-28,29.4,25.28,85.78,1.28,20.65,5.14,2023,12,362,27.34,24,4.349991333019738,5.174670437909049
2023-12-29,29.87,25.53,82.87,1.4,23.82,2.16,2023,12,363,27.700000000000003,24,4.998652666409492,6.018717068373934
2023-12-30,31.26,25.09,80.09,1.31,24.7,0.84,2023,12,364,28.175,24,5.2669703475772405,6.309094219304617
2023-12-31,29.2,25.24,85.37,1.39,22.79,1.55,2023,12,365,27.22,24,4.71228062166388,5.695095490492292
2024-01-01,29.97,24.98,84.36,0.8,19.52,0.93,2024,1,1,27.475,1,4.170141285408907,4.906767587896907
2024-01-02,31.18,25.45,81.18,0.72,23.94,1.64,2024,1,2,28.314999999999998,1,5.077900883434885,6.134411631020642
2024-01-03,29.56,25.57,83.87,0.54,17.94,6.96,2024,1,3,27.564999999999998,1,3.8720093924042556,4.518954741282794
2024-01-04,29.78,25.3,81.01,0.5,20.82,8.0,2024,1,4,27.54,1,4.396672668783755,5.2413900938222096
2024-01-05,28.58,24.84,85.5,1.16,12.58,10.74,2024,1,5,26.71,1,2.9102825885751153,3.106543408742454
2024-01-06,30.49,24.77,78.57,0.86,8.09,2.76,2024,1,6,27.63,1,2.262983676355617,2.040858640728515
2024-01-07,30.89,25.05,78.82,0.65,20.57,2.71,2024,1,7,27.97,1,4.4324136573609865,5.2297179006285806
2024-01-08,27.35,25.09,87.84,0.52,20.01,8.48,2024,1,8,26.22,1,4.104229805271064,4.884641282854827
2024-01-09,29.98,24.79,84.69,0.85,22.2,4.98,2024,1,9,27.384999999999998,1,4.640805681943188,5.568869693546212
2024-01-10,31.3,25.2,82.33,0.94,23.94,3.51,2024,1,10,28.25,1,5.0853042598350795,6.125383701808307
2024-01-11,31.25,25.21,81.16,1.42,22.49,1.56,2024,1,11,28.23,1,4.885157933260902,5.751771563045554
2024-01-12,30.68,24.56,81.41,1.58,22.29,1.73,2024,1,12,27.619999999999997,1,4.787600854709255,5.621791133344478
2024-01-13,30.49,24.35,78.2,1.63,25.46,0.61,2024,1,13,27.42,1,5.369113147414079,6.391801870028378
2024-01-14,31.08,24.49,78.23,1.48,21.43,0.64,2024,1,14,27.784999999999997,1,4.728369557305878,5.425381120311192
2024-01-15,30.55,24.63,79.8,1.34,16.04,1.93,2024,1,15,27.59,1,3.732851019848963,4.042681991813215
2024-01-16,29.5,24.79,82.22,1.09,20.93,2.76,2024,1,16,27.145,2,4.435109364654279,5.2212035838040265
2024-01-17,29.89,25.33,79.63,0.53,22.0,5.08,2024,1,17,27.61,2,4.625873161819921,5.547375094022295
2024-01-18,29.53,24.03,81.8,0.99,14.28,21.68,2024,1,18,26.78,2,3.2615227711668746,3.5321290144308177
2024-01-19,28.4,24.64,85.78,1.47,7.61,7.61,2024,1,19,26.52,2,2.1025264854282604,1.87087439345583
2024-01-20,28.94,24.05,82.27,2.0,19.3,1.98,2024,1,20,26.495,2,4.179290816523368,4.742003249973858
2024-01-21,30.29,24.27,78.81,2.06,24.51,0.24,2024,1,21,27.28,2,5.230191643664898,6.133429223078196
2024-01-22,30.3,24.28,83.91,1.94,18.36,4.52,2024,1,22,27.29,2,4.056164349633492,4.59550464264273
2024-01-23,29.09,24.94,83.11,2.05,12.73,1.09,2024,1,23,27.015,2,3.1530670615309533,3.1660500477790308
2024-01-24,29.1,24.66,84.32,1.74,13.45,1.04,2024,1,24,26.880000000000003,2,3.1743563773791674,3.3346119490422166
2024-01-25,28.17,25.43,90.31,1.32,22.33,13.08,2024,1,25,26.8,2,4.492912243726919,5.525863866864109
2024-01-26,28.84,25.09,86.69,1.24,14.62,12.63,2024,1,26,26.965,2,3.2602913072064874,3.6318771335316966
2024-01-27,29.09,24.68,84.28,0.92,19.93,10.74,2024,1,27,26.884999999999998,2,4.1966644228741945,4.9417525226262695
2024-01-28,28.13,24.81,87.36,0.63,21.79,12.57,2024,1,28,26.47,2,4.450406842179181,5.35064569926576
2024-01-29,29.87,24.67,77.44,0.54,20.4,4.44,2024,1,29,27.270000000000003,2,4.318349168064478,5.103753695726884
2024-01-30,30.73,24.49,78.97,0.75,21.12,6.19,2024,1,30,27.61,2,4.5187346841004175,5.325480090261403
2024-01-31,29.7,24.44,83.15,0.91,23.89,19.03,2024,1,31,27.07,2,4.922477804109007,5.949234044968108
2024-02-01,29.59,24.37,83.17,0.89,22.14,8.18,2024,2,32,26.98,3,4.605708502976632,5.5019055116840985
2024-02-02,29.68,25.02,83.37,1.0,21.84,4.15,2024,2,33,27.35,3,4.595978817989789,5.474136612861407
2024-02-03,28.48,25.32,86.5,0.68,12.32,23.73,2024,2,34,26.9,3,2.807283800739598,3.055880715475155
2024-02-04,27.55,24.34,88.51,1.54,15.55,12.56,2024,2,35,25.945,3,3.303022230323863,3.7712045875967406
2024-02-05,28.81,24.16,85.78,1.16,20.89,6.16,2024,2,36,26.485,3,4.307411606346887,5.13145784172278
2024-02-06,28.97,24.76,86.64,1.15,24.07,8.42,2024,2,37,26.865000000000002,3,4.881192002746149,5.965502702134448
2024-02-07,28.15,25.19,88.36,0.99,20.95,10.44,2024,2,38,26.67,3,4.297310718238418,5.168609509814809
2024-02-08,29.56,24.81,83.4,0.87,20.94,7.33,2024,2,39,27.185,3,4.412033398135879,5.228547354987291
2024-02-09,29.08,24.68,86.32,0.98,20.56,12.54,2024,2,40,26.88,3,4.2820588851767525,5.09736964106379
2024-02-10,30.03,24.59,82.59,0.57,21.33,12.17,2024,2,41,27.310000000000002,3,4.479429073526384,5.341365472613589
2024-02-11,29.69,24.08,84.3,0.86,20.04,8.15,2024,2,42,26.884999999999998,3,4.216671841903277,4.969027624356771
2024-02-12,28.22,24.55,85.51,1.29,18.74,6.81,2024,2,43,26.384999999999998,3,3.9380311173119624,4.592493634733577
2024-02-13,27.49,24.76,85.42,0.92,20.84,2.61,2024,2,44,26.125,3,4.256727273962389,5.075812338021747
2024-02-14,31.04,25.38,80.54,0.53,18.79,1.37,2024,2,45,28.21,3,4.105607277875187,4.803324123282605
2024-02-15,30.5,25.24,80.53,0.85,21.19,1.97,2024,2,46,27.869999999999997,3,4.554299976697928,5.3750615107774165
2024-02-16,30.93,24.88,80.9,1.15,23.4,2.08,2024,2,47,27.905,4,4.982349353547033,5.9403987318846045
2024-02-17,31.58,24.92,80.14,0.95,22.19,3.24,2024,2,48,28.25,4,4.799018451719523,5.677621735301852
2024-02-18,30.58,25.11,81.7,0.65,22.65,2.3,2024,2,49,27.845,4,4.782031342881829,5.742123000800175
2024-02-19,28.85,25.75,84.95,0.6,23.89,3.93,2024,2,50,27.3,4,4.922918346794558,5.981046050388899
2024-02-20,31.42,25.72,81.65,0.66,23.92,8.23,2024,2,51,28.57,4,5.100308502698424,6.16468522395744
2024-02-21,30.68,25.7,85.08,1.19,22.92,5.09,2024,2,52,28.189999999999998,4,4.863514300379232,5.856424974193766
2024-02-22,28.46,26.09,86.0,1.33,16.81,8.38,2024,2,53,27.275,4,3.675909297832657,4.206079813763596
2024-02-23,28.87,25.92,84.15,0.83,17.79,2.74,2024,2,54,27.395000000000003,4,3.8532013829528413,4.463651620881146
2024-02-24,28.9,25.64,85.42,0.26,21.92,6.53,2024,2,55,27.27,4,4.556162419043951,5.484033382859476
2024-02-25,29.07,25.64,87.33,0.58,20.96,8.74,2024,2,56,27.355,4,4.387337502658662,5.2541739463412105
2024-02-26,27.85,24.83,85.43,1.07,16.84,16.52,2024,2,57,26.34,4,3.596207245811069,4.122492100934059
2024-02-27,30.76,24.13,78.73,0.63,22.97,1.59,2024,2,58,27.445,4,4.798222031244243,5.770006860465167
2024-02-28,29.63,25.38,83.79,0.69,19.01,4.11,2024,2,59,27.505,4,4.070789898454985,4.781871936209907
2024-02-29,30.77,25.13,79.95,0.68,23.08,3.2,2024,2,60,27.95,4,4.871051800958582,5.865184036129989
2024-03-01,29.96,25.74,81.42,0.29,20.05,6.26,2024,3,61,27.85,5,4.2488020235314,5.083564188337291
2024-03-02,28.38,25.03,87.55,0.71,21.9,15.85,2024,3,62,26.705,5,4.475122455753543,5.407419130192244
2024-03-03,28.61,25.71,86.05,0.37,18.67,4.94,2024,3,63,27.16,5,3.9417428238910066,4.6590446313055285
2024-03-04,29.17,25.54,87.9,0.91,20.39,4.99,2024,3,64,27.355,5,4.2641123257186475,5.111288490739374
2024-03-05,29.39,25.53,85.46,0.66,19.57,13.83,2024,3,65,27.46,5,4.146206781994784,4.917635711142546
2024-03-06,29.15,26.41,85.82,0.45,20.0,7.01,2024,3,66,27.78,5,4.242854732883541,5.062771874854582
2024-03-07,28.1,26.01,89.66,0.72,17.06,20.92,2024,3,67,27.055,5,3.6184647637448135,4.246904424763367
2024-03-08,28.41,25.66,91.05,0.7,16.41,24.0,2024,3,68,27.035,5,3.486379776813441,4.083194244827715
2024-03-09,27.27,25.49,92.44,1.03,14.68,63.28,2024,3,69,26.38,5,3.090323768194728,3.5971107253640757
2024-03-10,26.19,25.07,90.35,1.83,15.28,29.33,2024,3,70,25.630000000000003,5,3.1538434998804927,3.6779310998987804
2024-03-11,27.85,24.34,85.57,1.67,7.38,17.6,2024,3,71,26.095,5,2.079537010954706,1.7962013627343476
2024-03-12,28.48,24.57,86.63,0.58,11.82,3.91,2024,3,72,26.525,5,2.66918508118991,2.906220227926383
2024-03-13,28.63,25.38,86.95,1.03,16.62,5.65,2024,3,73,27.005,5,3.568442257441475,4.1325614053282775
2024-03-14,27.88,25.54,87.96,1.53,13.3,11.36,2024,3,74,26.71,5,2.979374205251482,3.284342395570321
2024-03-15,29.33,24.8,84.72,1.56,15.02,12.54,2024,3,75,27.064999999999998,5,3.391645010753772,3.739937645726057
2024-03-16,29.36,25.11,85.49,2.02,20.28,13.0,2024,3,76,27.235,6,4.272580986986119,5.069621645668997
2024-03-17,29.32,24.96,84.7,1.73,17.54,4.96,2024,3,77,27.14,6,3.8256901175332447,4.3750255417320485
2024-03-18,29.56,25.29,83.11,1.6,18.94,3.87,2024,3,78,27.424999999999997,6,4.117504116166426,4.755486753274052
2024-03-19,30.31,24.83,83.13,1.16,23.68,0.9,2024,3,79,27.57,6,4.908001911878999,5.9655047276881605
2024-03-20,30.69,24.9,80.54,0.67,20.38,0.51,2024,3,80,27.795,6,4.332452516386616,5.16073643728098
2024-03-21,30.64,24.78,80.42,0.63,21.89,6.99,2024,3,81,27.71,6,4.583369851385185,5.532323023026767
2024-03-22,31.13,24.68,81.54,0.83,23.31,3.65,2024,3,82,27.905,6,4.876449596710399,5.917551044454279
2024-03-23,30.3,24.43,83.71,0.97,23.23,2.37,2024,3,83,27.365000000000002,6,4.781953986078621,5.824554371859383
2024-03-24,30.41,24.75,82.66,1.08,22.29,1.76,2024,3,84,27.58,6,4.65925082127351,5.616625082444329
2024-03-25,30.13,24.08,81.81,1.06,19.27,5.03,2024,3,85,27.104999999999997,6,4.101464374759113,4.802637424130273
2024-03-26,29.59,24.63,83.2,1.61,21.56,2.36,2024,3,86,27.11,6,4.496748120926256,5.373995216792586
2024-03-27,29.77,24.41,81.34,1.33,22.79,0.08,2024,3,87,27.09,6,4.713986708346426,5.677943676831143
2024-03-28,29.88,24.73,83.35,1.3,20.66,1.97,2024,3,88,27.305,6,4.3418551123931755,5.172988795402444
2024-03-29,30.28,24.77,83.33,1.35,22.24,1.82,2024,3,89,27.525,6,4.636002866717484,5.596939354858719
2024-03-30,30.55,24.82,82.27,1.37,23.46,0.16,2024,3,90,27.685000000000002,6,4.880296805939388,5.92571477630582
2024-03-31,28.52,24.95,85.94,1.53,20.82,4.44,2024,3,91,26.735,6,4.243618153996366,5.144364873090066
2024-04-01,27.91,25.09,89.55,1.36,17.15,14.22,2024,4,92,26.5,7,3.528644391985169,4.214244812325171
2024-04-02,28.92,24.98,89.44,1.26,20.71,9.91,2024,4,93,26.950000000000003,7,4.179550370785091,5.142947483827083
2024-04-03,30.8,25.23,83.87,0.91,21.84,18.3,2024,4,94,28.015,7,4.5770931975985425,5.558301483584278
2024-04-04,28.33,25.12,87.37,0.83,10.28,36.26,2024,4,95,26.725,7,2.396274887567593,2.539466385996931
2024-04-05,29.94,24.97,84.05,0.72,20.26,2.69,2024,4,96,27.455,7,4.213982152750292,5.090435159870417
2024-04-06,28.82,24.76,87.53,1.08,19.29,6.38,2024,4,97,26.79,7,3.9472986032099375,4.77245830914543
2024-04-07,29.23,24.91,87.3,0.76,20.13,8.23,2024,4,98,27.07,7,4.12253006312505,5.012895827760904
2024-04-08,27.87,25.53,89.34,0.51,19.52,7.23,2024,4,99,26.700000000000003,7,3.967195327468235,4.8191989884558755
2024-04-09,29.49,24.95,85.36,0.62,19.28,10.39,2024,4,100,27.22,7,3.990830915291094,4.817965820828935
2024-04-10,29.14,25.08,83.89,0.6,10.36,20.88,2024,4,101,27.11,7,2.431249080220065,2.582309389887347
2024-04-11,30.28,24.79,84.21,0.88,20.21,16.72,2024,4,102,27.535,7,4.206208455921847,5.087238481517587
2024-04-12,29.47,25.39,86.57,1.25,20.51,14.13,2024,4,103,27.43,7,4.219319271757302,5.150278963152993
2024-04-13,30.36,25.06,84.18,1.66,22.99,1.29,2024,4,104,27.71,7,4.72795255586138,5.810329205088412
2024-04-14,29.87,24.93,83.56,1.54,22.61,0.25,2024,4,105,27.4,7,4.628205586144352,5.673682496149407
2024-04-15,30.07,24.49,84.58,1.43,23.37,1.06,2024,4,106,27.28,7,4.713190782196501,5.848153445260605
2024-04-16,27.91,24.99,90.09,1.83,12.81,3.14,2024,4,107,26.45,8,2.769217906840021,3.1440796174213905
2024-04-17,28.52,25.15,89.06,1.96,20.13,4.94,2024,4,108,26.835,8,3.997316848271049,4.985519991166455
2024-04-18,28.48,24.83,87.5,1.72,20.56,6.49,2024,4,109,26.655,8,4.094387832632337,5.07060821798095
2024-04-19,29.47,25.26,87.81,1.53,21.25,4.63,2024,4,110,27.365000000000002,8,4.28517821475794,5.3281007491180326
2024-04-20,29.27,25.69,88.55,1.69,21.17,1.03,2024,4,111,27.48,8,4.257212839039403,5.322143383816979
2024-04-21,28.66,25.25,88.98,1.58,18.72,8.0,2024,4,112,26.955,8,3.784711857832693,4.649309261268895
2024-04-22,27.28,25.45,92.83,1.78,15.98,12.2,2024,4,113,26.365000000000002,8,3.1622461668900064,3.9142703247551536
2024-04-23,27.79,25.01,90.39,1.37,8.84,3.54,2024,4,114,26.4,8,2.087935202080919,2.167129606113808
2024-04-24,28.59,24.82,90.1,1.2,14.23,6.75,2024,4,115,26.705,8,2.9928792964902375,3.5135878640472895
2024-04-25,27.94,25.1,91.55,1.0,16.53,6.14,2024,4,116,26.520000000000003,8,3.337106467400078,4.063804694326528
2024-04-26,29.39,24.6,87.77,1.04,19.76,2.25,2024,4,117,26.995,8,3.9798007735660446,4.912178483956205
2024-04-27,28.56,25.08,89.34,1.23,20.9,0.29,2024,4,118,26.82,8,4.112776070595748,5.174409137165969
2024-04-28,29.22,25.63,89.41,1.72,21.59,0.53,2024,4,119,27.424999999999997,8,4.267084791827281,5.420853168066883
2024-04-29,28.87,24.79,85.48,1.8,19.26,0.04,2024,4,120,26.83,8,3.9286617495961527,4.769493259382154
2024-04-30,27.91,24.51,88.64,1.72,19.66,0.42,2024,4,121,26.21,8,3.8278424788232424,4.798066637330715
2024-05-01,28.73,24.57,87.12,1.52,19.32,0.17,2024,5,122,26.65,9,3.8617413028387486,4.76423461588985
2024-05-02,28.92,24.8,88.17,1.74,20.1,0.86,2024,5,123,26.86,9,3.978162800382155,4.9809974104872
2024-05-03,28.61,24.62,86.92,1.76,20.18,0.54,2024,5,124,26.615000000000002,9,3.9912234741355856,4.972222268345265
2024-05-04,28.26,23.7,84.97,1.64,21.19,0.4,2024,5,125,25.98,9,4.116383687453153,5.143308042552533
2024-05-05,28.12,23.14,82.95,1.34,21.05,0.08,2024,5,126,25.630000000000003,9,4.078502448267455,5.066783354245374
2024-05-06,28.15,23.5,84.67,1.47,17.33,0.15,2024,5,127,25.825,9,3.507106215308937,4.19088190689343
2024-05-07,28.76,24.12,86.55,1.54,20.58,0.35,2024,5,128,26.44,9,4.028415501174097,5.04995447670916
2024-05-08,28.64,24.23,85.74,1.67,19.31,0.26,2024,5,129,26.435000000000002,9,3.8490498496117183,4.737761580743622
2024-05-09,28.58,24.02,86.14,1.57,17.69,0.22,2024,5,130,26.299999999999997,9,3.5692039037593504,4.326485133873175
2024-05-10,29.23,23.92,86.99,1.41,20.7,0.18,2024,5,131,26.575000000000003,9,4.0458070666354455,5.0955585077048555
2024-05-11,29.08,24.44,87.68,1.5,20.7,0.29,2024,5,132,26.759999999999998,9,4.046111940456339,5.117707980619233
2024-05-12,28.63,24.05,87.33,1.37,20.61,0.05,2024,5,133,26.34,9,3.986428873439115,5.0454015558343785
2024-05-13,28.79,23.95,86.29,1.34,20.3,0.04,2024,5,134,26.369999999999997,9,3.957474832355578,4.9730327652576225
2024-05-14,28.39,23.58,85.67,1.28,21.41,0.02,2024,5,135,25.985,9,4.089311893274958,5.197325547030689
2024-05-15,28.27,23.51,86.86,1.41,20.12,0.03,2024,5,136,25.89,9,3.8573084650088827,4.873135059960208
2024-05-16,28.5,23.86,87.11,1.53,20.2,0.27,2024,5,137,26.18,10,3.8938717972719705,4.9263529224695874
2024-05-17,28.83,24.24,87.01,1.69,19.81,0.43,2024,5,138,26.534999999999997,10,3.874871875091322,4.871891916322053
2024-05-18,28.21,24.18,86.63,1.89,19.94,0.36,2024,5,139,26.195,10,3.8613542700581087,4.864672814623828
2024-05-19,27.83,23.75,84.66,2.04,18.77,0.18,2024,5,140,25.79,10,3.707502759397923,4.535320891701666
2024-05-20,28.08,23.81,83.61,1.9,18.63,0.06,2024,5,141,25.945,10,3.7249171952720284,4.518169869255773
2024-05-21,28.14,23.56,84.27,1.68,18.75,0.09,2024,5,142,25.85,10,3.695252809432554,4.536984835256524
2024-05-22,28.58,23.58,86.45,1.39,18.34,0.19,2024,5,143,26.08,10,3.5924514668859886,4.462141351237879
2024-05-23,28.58,23.84,87.14,1.36,16.46,0.29,2024,5,144,26.21,10,3.298086983540807,4.017099534611575
2024-05-24,28.82,24.35,88.13,1.44,17.44,0.82,2024,5,145,26.585,10,3.4636252583570784,4.29407812959084
2024-05-25,28.27,24.51,88.62,1.71,16.56,1.05,2024,5,146,26.39,10,3.2955126664057977,4.0587334344144566
2024-05-26,28.24,24.25,86.9,1.98,17.09,0.36,2024,5,147,26.244999999999997,10,3.4178451833205052,4.1743091959982115
2024-05-27,28.44,24.07,86.94,1.49,17.47,0.71,2024,5,148,26.255000000000003,10,3.4549854961949285,4.268135551481582
2024-05-28,29.35,23.75,86.28,0.93,19.51,0.46,2024,5,149,26.55,10,3.797594730993626,4.7998048942197205
2024-05-29,29.47,23.33,87.93,0.79,18.55,0.48,2024,5,150,26.4,10,3.611877582187869,4.547540067127957
2024-05-30,28.27,23.85,88.23,1.25,17.34,0.59,2024,5,151,26.060000000000002,10,3.3770752231130685,4.216836704905819
2024-05-31,28.35,24.2,88.19,1.36,17.7,0.19,2024,5,152,26.275,10,3.452686131847942,4.32637331945039
2024-06-01,28.73,24.76,88.97,1.42,17.66,0.57,2024,6,153,26.745,11,3.4761033472202882,4.364589477354347
2024-06-02,28.76,24.83,89.51,1.2,18.14,0.92,2024,6,154,26.795,11,3.5476538755607203,4.488466338276689
2024-06-03,27.74,24.42,89.04,1.76,15.9,2.55,2024,6,155,26.08,11,3.1365448007574366,3.868486776700233
2024-06-04,27.47,23.84,86.78,1.57,16.34,0.78,2024,6,156,25.655,11,3.2164855227185227,3.9354336811407498
2024-06-05,27.64,23.76,86.55,1.77,18.83,0.89,2024,6,157,25.700000000000003,11,3.5946987446704024,4.540033569134709
2024-06-06,27.76,23.47,87.27,1.89,18.56,5.05,2024,6,158,25.615000000000002,11,3.529103890940188,4.465827576687262
2024-06-07,26.57,23.48,88.68,1.85,10.86,12.51,2024,6,159,25.025,11,2.3365817260432133,2.5761211936509025
2024-06-08,27.69,23.4,89.35,1.54,16.22,7.15,2024,6,160,25.545,11,3.1210647141305383,3.896233271376184
2024-06-09,27.78,23.82,89.77,1.61,14.5,7.86,2024,6,161,25.8,11,2.875677533703279,3.504414955875523
2024-06-10,28.23,23.54,88.06,1.58,18.6,2.25,2024,6,162,25.884999999999998,11,3.5370516943368147,4.5044485819463045
2024-06-11,27.76,23.56,87.07,1.7,17.57,0.29,2024,6,163,25.66,11,3.3856407695510766,4.232182162724657
2024-06-12,27.85,23.09,84.74,1.42,19.1,0.08,2024,6,164,25.47,11,3.6283674900433187,4.579775602910791
2024-06-13,28.05,23.27,85.73,1.29,17.43,0.26,2024,6,165,25.66,11,3.3767628622307075,4.198459595690995
2024-06-14,28.46,23.47,86.46,1.52,16.64,0.62,2024,6,166,25.965,11,3.2882221303843235,4.037474980121529
2024-06-15,28.11,23.14,86.01,1.38,18.13,0.13,2024,6,167,25.625,11,3.4752668222328302,4.363409366634776
2024-06-16,28.25,22.85,85.51,1.26,18.32,0.09,2024,6,168,25.55,12,3.499765387645537,4.401206460222119
2024-06-17,28.25,23.5,87.39,1.46,18.25,0.16,2024,6,169,25.875,12,3.491786043790827,4.418633462146382
2024-06-18,27.43,22.97,84.45,1.74,19.63,0.15,2024,6,170,25.2,12,3.6922779849357474,4.676280307612957
2024-06-19,27.17,22.55,81.65,1.83,18.55,0.04,2024,6,171,24.86,12,3.588875477615831,4.382635274059129
2024-06-20,26.83,21.92,81.39,1.76,19.58,0.07,2024,6,172,24.375,12,3.6724256096012358,4.5712706563504595
2024-06-21,27.07,22.39,81.91,1.85,19.35,0.16,2024,6,173,24.73,12,3.6763695952032807,4.557145842960587
2024-06-22,27.25,22.63,84.13,2.03,17.4,0.22,2024,6,174,24.939999999999998,12,3.3887325231376346,4.118959829352181
2024-06-23,27.11,23.28,84.49,2.3,13.78,1.31,2024,6,175,25.195,12,2.9372956102880665,3.2822894343649947
2024-06-24,27.1,22.81,85.15,2.11,8.88,2.03,2024,6,176,24.955,12,2.2165262164512267,2.102857756958342
2024-06-25,27.17,22.5,84.07,1.61,16.79,1.13,2024,6,177,24.835,12,3.2622338264379422,3.964397060931192
2024-06-26,27.88,22.6,83.8,1.57,17.28,0.7,2024,6,178,25.240000000000002,12,3.3763242890968654,4.12044760870537
2024-06-27,29.33,23.07,84.66,1.15,18.22,0.22,2024,6,179,26.2,12,3.563354458021534,4.445578535648523
2024-06-28,29.29,23.33,86.39,1.1,18.07,0.56,2024,6,180,26.31,12,3.5231961420844775,4.420467067403635
2024-06-29,28.12,23.71,87.53,1.64,18.89,0.61,2024,6,181,25.915,12,3.591189308747984,4.577952213048933
2024-06-30,27.34,23.52,86.95,1.79,17.7,1.95,2024,6,182,25.43,12,3.383805267540405,4.239999663980286
2024-07-01,27.2,23.27,88.51,1.78,12.37,5.14,2024,7,183,25.235,13,2.5637455066462334,2.949292359479953
2024-07-02,27.6,23.79,89.78,1.69,15.2,4.94,2024,7,184,25.695,13,2.9689598473272225,3.6643785555700332
2024-07-03,26.57,23.94,91.9,1.83,7.1,7.52,2024,7,185,25.255000000000003,13,1.6935153120523248,1.6936223202929457
2024-07-04,27.13,23.58,86.16,2.28,17.24,2.28,2024,7,186,25.354999999999997,13,3.3594220984843166,4.122347015685109
2024-07-05,27.14,22.94,82.8,2.1,18.97,0.11,2024,7,187,25.04,13,3.6675465751172154,4.501550399018098
2024-07-06,27.54,22.7,83.76,1.73,19.01,0.25,2024,7,188,25.119999999999997,13,3.629284617582065,4.519812114825232
2024-07-07,27.62,22.53,84.66,1.61,19.66,0.61,2024,7,189,25.075000000000003,13,3.689114940975937,4.669254085210168
2024-07-08,26.75,22.27,85.19,1.77,19.37,0.14,2024,7,190,24.509999999999998,13,3.5790378449930014,4.537303825284205
2024-07-09,27.74,22.7,85.06,1.61,18.13,0.17,2024,7,191,25.22,13,3.4829166741965736,4.321040116637925
2024-07-10,27.41,23.17,85.09,1.84,17.28,0.25,2024,7,192,25.29,13,3.3821543573962813,4.1254316576353975
2024-07-11,26.46,22.64,83.18,2.18,17.39,0.33,2024,7,193,24.55,13,3.4096376675945437,4.0775080048625645
2024-07-12,26.51,22.09,79.77,1.92,20.47,0.1,2024,7,194,24.3,13,3.8674515282698145,4.770214996315287
2024-07-13,25.99,21.19,77.69,1.77,20.71,0.03,2024,7,195,23.59,13,3.8534039393708666,4.741532911881111
2024-07-14,26.28,21.31,77.22,2.08,20.61,0.05,2024,7,196,23.795,13,3.9305513635584632,4.742938209800524
2024-07-15,26.06,20.57,79.61,1.76,19.81,0.04,2024,7,197,23.314999999999998,13,3.6700523217615513,4.504160545980254
2024-07-16,26.5,21.43,80.91,2.06,21.39,0.01,2024,7,198,23.965,14,3.943795201763563,4.943359485522762
2024-07-17,26.95,21.39,81.18,1.87,21.32,0.01,2024,7,199,24.17,14,3.942099567821148,4.952337188265677
2024-07-18,27.3,22.24,81.5,1.74,20.52,0.01,2024,7,200,24.77,14,3.8862167031351738,4.837424434222726
2024-07-19,26.41,22.16,83.19,2.23,20.48,0.02,2024,7,201,24.285,14,3.810043354716982,4.770776489395007
2024-07-20,26.76,21.62,80.5,1.93,20.05,0.02,2024,7,202,24.19,14,3.8096480580472103,4.6596424470817785
2024-07-21,26.55,21.51,81.73,1.81,19.63,0.02,2024,7,203,24.03,14,3.692953986707656,4.5439555493844495
2024-07-22,27.13,21.97,84.2,1.67,18.75,0.05,2024,7,204,24.549999999999997,14,3.559221271413595,4.396393047220993
2024-07-23,27.44,22.7,84.18,1.66,18.88,0.75,2024,7,205,25.07,14,3.6335728917948145,4.483459567844197
2024-07-24,27.27,22.06,82.01,1.32,18.68,0.16,2024,7,206,24.665,14,3.5855299781795362,4.392356503986489
2024-07-25,27.46,22.01,82.3,1.45,19.69,0.09,2024,7,207,24.735,14,3.7483377176600916,4.637787068095961
2024-07-26,27.09,22.39,84.04,1.8,19.78,0.07,2024,7,208,24.740000000000002,14,3.7455345731561875,4.659555631842969
2024-07-27,27.28,22.5,84.03,1.97,18.25,0.24,2024,7,209,24.89,14,3.564369920703732,4.314913042133135
2024-07-28,27.14,22.26,84.49,1.74,17.97,2.6,2024,7,210,24.700000000000003,14,3.4809440212132547,4.229033486471392
2024-07-29,27.68,22.37,87.1,1.6,17.59,2.93,2024,7,211,25.025,14,3.390162990243025,4.1725572556463515
2024-07-30,27.32,22.82,89.21,1.27,14.11,11.23,2024,7,212,25.07,14,2.8213092788183465,3.350721107112374
2024-07-31,28.64,23.13,87.4,1.09,17.35,6.23,2024,7,213,25.884999999999998,14,3.425819979698495,4.201730263267118
2024-08-01,28.71,22.93,86.92,1.14,17.95,0.52,2024,8,214,25.82,15,3.526898136865302,4.340297086353151
2024-08-02,28.85,23.09,86.49,1.2,18.14,0.55,2024,8,215,25.97,15,3.5835745680261297,4.4019539620778145
2024-08-03,28.51,22.91,85.85,1.21,20.92,0.36,2024,8,216,25.71,15,3.999966379780637,5.045153742288551
2024-08-04,27.25,22.47,83.02,1.61,21.4,0.11,2024,8,217,24.86,15,4.037804577458084,5.055978159831015
2024-08-05,26.98,22.15,80.82,1.69,21.98,0.02,2024,8,218,24.564999999999998,15,4.144274521976348,5.155644379651343
2024-08-06,26.95,21.79,83.82,1.79,19.02,0.03,2024,8,219,24.369999999999997,15,3.648222674695885,4.439981847339745
2024-08-07,27.81,22.85,83.3,1.94,18.58,0.05,2024,8,220,25.33,15,3.716975590645601,4.440081562945723
2024-08-08,27.42,22.97,84.16,1.97,18.59,0.14,2024,8,221,25.195,15,3.6802375026118046,4.427994236926361
2024-08-09,27.17,22.76,83.34,2.04,18.99,0.08,2024,8,222,24.965000000000003,15,3.7461285646305296,4.498084551031186
2024-08-10,27.17,22.09,79.96,1.96,22.81,0.01,2024,8,223,24.630000000000003,15,4.337623731348308,5.358871758619889
2024-08-11,26.22,20.94,75.18,1.93,23.24,0.0,2024,8,224,23.58,15,4.391916031634006,5.319437407313945
2024-08-12,27.2,20.75,78.45,1.53,21.88,0.1,2024,8,225,23.975,15,4.138045439326085,5.057860553215513
2024-08-13,27.49,22.18,82.73,1.83,19.6,0.24,2024,8,226,24.835,15,3.8410783963582675,4.6278845976326
2024-08-14,27.18,21.77,79.62,1.99,22.55,0.0,2024,8,227,24.475,15,4.315841780542158,5.2776531389877395
2024-08-15,26.35,21.49,76.89,2.01,22.6,0.0,2024,8,228,23.92,15,4.334062713446935,5.217145872542691
2024-08-16,27.26,21.16,77.7,1.54,21.26,0.0,2024,8,229,24.21,16,4.113313330274954,4.943295666786047
2024-08-17,27.86,21.09,80.57,1.48,21.35,0.0,2024,8,230,24.475,16,4.098366312122141,4.996802417622538
2024-08-18,28.09,22.08,81.77,1.59,21.76,0.02,2024,8,231,25.085,16,4.212185794193546,5.1692593244407705
2024-08-19,27.41,21.87,79.26,1.78,22.54,0.01,2024,8,232,24.64,16,4.347742071329961,5.296737945383437
2024-08-20,28.11,21.68,77.84,1.62,22.04,0.01,2024,8,233,24.895,16,4.333634278237687,5.211631602707252
2024-08-21,28.18,22.05,80.73,1.67,21.89,0.02,2024,8,234,25.115000000000002,16,4.279510837413637,5.203928889372159
2024-08-22,28.3,22.04,81.06,1.42,22.47,0.01,2024,8,235,25.17,16,4.347649737788121,5.3489402399870025
2024-08-23,27.73,22.3,82.7,1.34,20.26,0.04,2024,8,236,25.015,16,3.9615132054108892,4.8047448467640494
2024-08-24,26.9,22.64,83.71,1.95,18.93,1.24,2024,8,237,24.77,16,3.7532804141307925,4.462594763149912
2024-08-25,27.74,22.55,84.74,1.94,18.23,1.98,2024,8,238,25.145,16,3.66579727068969,4.336987909300846
2024-08-26,28.28,22.57,82.22,1.62,23.79,0.19,2024,8,239,25.425,16,4.579843517541723,5.698160623043638
2024-08-27,28.22,22.34,83.11,1.41,21.44,0.08,2024,8,240,25.28,16,4.184440008311667,5.117354301473876
2024-08-28,28.93,22.48,80.59,1.18,20.8,0.03,2024,8,241,25.705,16,4.165824752672864,5.015613611650911
2024-08-29,28.38,22.78,81.2,1.44,23.67,0.06,2024,8,242,25.58,16,4.604608058720685,5.690591871709627
2024-08-30,28.59,22.11,78.13,1.3,22.45,0.02,2024,8,243,25.35,16,4.440724347914229,5.367489870391148
2024-08-31,28.24,22.07,80.81,1.4,19.96,0.03,2024,8,244,25.155,16,4.009206003723837,4.7497127956954595
2024-09-01,28.55,22.66,81.16,1.47,21.89,0.1,2024,9,245,25.605,17,4.354038001855803,5.265814325374764
2024-09-02,28.86,22.96,79.65,1.62,24.1,0.04,2024,9,246,25.91,17,4.778182821086809,5.839888912076484
2024-09-03,28.71,23.05,81.09,1.56,20.88,0.15,2024,9,247,25.880000000000003,17,4.247770341184134,5.056003852005794
2024-09-04,29.71,23.11,81.32,1.33,23.36,0.34,2024,9,248,26.41,17,4.683882600333889,5.72806397857393
2024-09-05,28.85,23.18,82.51,1.66,23.48,0.35,2024,9,249,26.015,17,4.64540778511629,5.703891731222958
2024-09-06,28.53,22.95,80.97,1.96,23.08,0.12,2024,9,250,25.740000000000002,17,4.610880766118581,5.5700659164727195
2024-09-07,28.89,23.5,83.46,1.97,19.77,1.04,2024,9,251,26.195,17,4.093088552824501,4.8231986732754795
2024-09-08,29.23,23.58,82.46,1.7,22.74,0.56,2024,9,252,26.405,17,4.594258939540077,5.575377576695129
2024-09-09,30.23,23.37,81.92,1.14,22.2,0.08,2024,9,253,26.8,17,4.5385689416068375,5.493693589090158
2024-09-10,29.7,23.48,81.52,1.23,22.65,0.06,2024,9,254,26.59,17,4.599364658288552,5.577539655055172
2024-09-11,29.34,23.22,81.44,1.54,23.75,0.03,2024,9,255,26.28,17,4.763755097760528,5.805848271909626
2024-09-12,28.85,22.98,78.55,1.76,23.85,0.41,2024,9,256,25.915,17,4.819963929568568,5.779997897364588
2024-09-13,28.85,22.62,78.26,1.59,24.46,0.25,2024,9,257,25.735,17,4.881844804389942,5.902405324576641
2024-09-14,29.38,23.06,76.21,1.53,23.87,0.13,2024,9,258,26.22,17,4.894206173343469,5.826905918128173
2024-09-15,29.36,22.84,77.03,1.59,23.74,2.03,2024,9,259,26.1,17,4.856110209170877,5.778710247115609
2024-09-16,29.2,22.34,76.3,1.39,17.1,2.32,2024,9,260,25.77,18,3.7855438379282154,4.129830618421834
2024-09-17,29.01,21.85,75.31,1.38,24.98,1.72,2024,9,261,25.43,18,4.969025925745016,5.983909130295341
2024-09-18,29.79,21.65,75.52,1.17,23.01,0.13,2024,9,262,25.72,18,4.673664160749056,5.550515267805846
2024-09-19,31.19,21.99,73.1,0.92,23.25,0.05,2024,9,263,26.59,18,4.7955558147431345,5.72528904989107
2024-09-20,31.34,22.18,72.32,0.73,24.18,0.01,2024,9,264,26.759999999999998,18,4.919746646353028,5.978076278810294
2024-09-21,31.21,22.48,75.35,0.83,22.14,0.06,2024,9,265,26.845,18,4.604091434900131,5.484609967278549
2024-09-22,31.68,22.69,78.36,0.87,21.96,0.13,2024,9,266,27.185000000000002,18,4.60251205815108,5.483233042766041
2024-09-23,31.56,23.64,79.9,0.79,21.69,1.65,2024,9,267,27.6,18,4.571139772197797,5.4679507760545905
2024-09-24,30.28,23.78,82.81,1.18,21.8,3.16,2024,9,268,27.03,18,4.527974952577985,5.423722228221417
2024-09-25,29.97,23.63,79.94,1.25,23.09,0.49,2024,9,269,26.799999999999997,18,4.7679590565767604,5.713936260004133
2024-09-26,29.0,24.08,82.32,1.22,22.04,0.23,2024,9,270,26.54,18,4.517033756023463,5.42095514163294
2024-09-27,30.76,24.07,80.48,1.29,24.2,0.37,2024,9,271,27.415,18,5.032944899472689,6.07477461380453
2024-09-28,30.98,24.24,79.06,1.63,24.51,0.19,2024,9,272,27.61,18,5.177166630036319,6.180280161567565
2024-09-29,30.48,24.42,79.6,1.91,22.99,0.94,2024,9,273,27.450000000000003,18,4.924520452723345,5.775696654063345
2024-09-30,30.31,24.41,81.57,1.7,21.54,1.7,2024,9,274,27.36,18,4.601051419534507,5.400189905935374
2024-10-01,30.31,24.41,81.05,1.5,20.22,0.41,2024,10,275,27.36,19,4.376724796139699,5.069259048190031
2024-10-02,31.6,24.12,77.04,1.08,24.17,0.12,2024,10,276,27.86,19,5.120476824835314,6.129568023965101
2024-10-03,30.5,24.2,78.07,1.4,21.28,0.18,2024,10,277,27.35,19,4.607775011767942,5.333774135608551
2024-10-04,30.02,24.3,81.07,1.7,23.52,1.75,2024,10,278,27.16,19,4.917771394082031,5.869348137563257
2024-10-05,29.63,24.08,81.2,1.57,23.88,2.01,2024,10,279,26.854999999999997,19,4.924194086106687,5.917031449551189
2024-10-06,30.49,24.46,79.1,1.81,25.0,0.21,2024,10,280,27.475,19,5.2672084400784875,6.2842822590892755
2024-10-07,30.3,24.39,79.04,1.82,24.05,0.47,2024,10,281,27.345,19,5.0995012264178605,6.027370692049973
2024-10-08,30.54,24.2,78.5,1.8,25.21,0.51,2024,10,282,27.369999999999997,19,5.306884749333103,6.321738023573232
2024-10-09,31.28,24.18,75.94,1.52,25.45,0.11,2024,10,283,27.73,19,5.423090083523019,6.435002007071109
2024-10-10,31.79,24.23,75.83,1.44,25.66,0.03,2024,10,284,28.009999999999998,19,5.490908196919827,6.529751272111699
2024-10-11,31.01,24.61,77.45,1.53,25.21,0.12,2024,10,285,27.810000000000002,19,5.362488717601616,6.386007672846385
2024-10-12,31.68,24.82,76.12,1.51,25.29,0.06,2024,10,286,28.25,19,5.4659435139216335,6.470800075970429
2024-10-13,31.55,24.75,76.09,1.47,25.88,0.15,2024,10,287,28.15,19,5.5448674554889195,6.606747534203709
2024-10-14,31.59,24.73,74.86,1.38,25.47,0.2,2024,10,288,28.16,19,5.483688719395633,6.5035584519630625
2024-10-15,30.95,24.47,73.58,1.37,22.09,0.22,2024,10,289,27.71,19,4.88419981049342,5.58286960158343
2024-10-16,30.34,24.13,73.01,1.69,23.96,0.01,2024,10,290,27.235,20,5.218100113640132,5.9895529896562705
2024-10-17,29.87,23.82,69.86,1.74,23.02,0.07,2024,10,291,26.845,20,5.1143599175575485,5.702607111416088
2024-10-18,30.73,23.49,71.03,1.51,24.34,0.26,2024,10,292,27.11,20,5.270610583269295,6.066931520256566
2024-10-19,30.68,23.92,77.87,1.63,23.21,1.63,2024,10,293,27.3,20,4.984186913987366,5.810802797384945
2024-10-20,30.46,24.2,77.66,1.71,23.25,3.98,2024,10,294,27.33,20,5.00872616126664,5.8248563332894046
2024-10-21,29.87,23.74,80.28,1.66,23.65,11.06,2024,10,295,26.805,20,4.933232405303506,5.853200040033938
2024-10-22,30.53,23.48,78.02,1.52,24.9,5.81,2024,10,296,27.005000000000003,20,5.206574726589511,6.191382610870886
2024-10-23,29.86,23.78,79.71,1.56,25.06,3.7,2024,10,297,26.82,20,5.168750537803918,6.204339376908095
2024-10-24,31.27,23.92,74.87,1.44,24.43,0.02,2024,10,298,27.595,20,5.262007649834975,6.157984617611493
2024-10-25,30.89,23.99,76.34,1.47,25.41,0.01,2024,10,299,27.439999999999998,20,5.376063011952024,6.382192865639343
2024-10-26,30.91,24.08,76.26,1.49,25.82,0.01,2024,10,300,27.494999999999997,20,5.455822397174006,6.493398156459305
2024-10-27,31.46,24.23,76.32,1.34,26.07,0.01,2024,10,301,27.845,20,5.524998327425788,6.609145546616362
2024-10-28,32.58,24.51,72.61,1.15,26.57,0.07,2024,10,302,28.545,20,5.725255180703353,6.843790003453775
2024-10-29,31.81,24.55,76.37,1.36,24.88,0.6,2024,10,303,28.18,20,5.374009184673508,6.355793004218959
2024-10-30,29.84,25.01,84.66,1.7,25.09,26.64,2024,10,304,27.425,20,5.142848320633237,6.2996389989253405
2024-10-31,29.81,25.27,84.97,1.06,23.64,21.42,2024,10,305,27.54,20,4.905564222244285,5.951319011429252
2024-11-01,28.74,24.63,84.12,0.86,19.44,4.65,2024,11,306,26.685,21,4.080842627084034,4.797761505724848
2024-11-02,29.2,24.36,81.32,0.8,21.84,8.18,2024,11,307,26.78,21,4.529087532121449,5.402079669129486
2024-11-03,30.64,23.92,80.34,0.85,24.32,5.2,2024,11,308,27.28,21,5.039428147537217,6.085883260108598
2024-11-04,29.99,24.05,80.71,1.17,25.21,1.9,2024,11,309,27.02,21,5.176749680147794,6.27065269539249
2024-11-05,31.14,24.32,78.87,1.63,26.2,0.66,2024,11,310,27.73,21,5.520515885238981,6.624638608458273
2024-11-06,31.68,24.24,76.87,1.43,26.03,0.59,2024,11,311,27.96,21,5.545474299273119,6.616359335381179
2024-11-07,32.14,24.01,77.67,1.06,23.03,0.56,2024,11,312,28.075000000000003,21,4.978629386353323,5.869170747738916
2024-11-08,30.37,25.39,80.55,0.81,19.98,6.72,2024,11,313,27.880000000000003,21,4.327385856853811,5.0692908337269
2024-11-09,30.23,25.25,83.24,1.13,22.89,3.14,2024,11,314,27.740000000000002,21,4.826654095774965,5.78903569132243
2024-11-10,29.36,25.34,84.79,1.23,21.41,1.02,2024,11,315,27.35,21,4.4990729533058875,5.366358282113678
2024-11-11,31.48,25.18,80.5,1.14,24.0,0.8,2024,11,316,28.33,21,5.141468400013378,6.151874844482458
2024-11-12,28.83,25.04,85.04,0.84,21.89,0.94,2024,11,317,26.935,21,4.523973402202966,5.434078639143462
2024-11-13,31.56,24.65,79.45,1.28,24.49,0.33,2024,11,318,28.104999999999997,21,5.233902245444197,6.245511086252768
2024-11-14,31.51,25.02,80.77,1.54,23.86,5.29,2024,11,319,28.265,21,5.145942563149181,6.106990891195297
2024-11-15,31.75,25.24,80.08,0.95,25.17,6.68,2024,11,320,28.494999999999997,21,5.35681536498266,6.47587917903205
2024-11-16,29.46,25.44,84.63,0.87,21.24,3.59,2024,11,321,27.450000000000003,22,4.470630333562566,5.336050323284273
2024-11-17,31.51,25.16,79.46,0.68,21.95,2.64,2024,11,322,28.335,22,4.722309105708078,5.627038991698364
2024-11-18,31.38,24.75,79.01,0.89,23.06,4.08,2024,11,323,28.064999999999998,22,4.928443005674825,5.875478896794621
2024-11-19,31.4,24.91,78.04,0.66,21.24,8.16,2024,11,324,28.155,22,4.577833198005836,5.422846184032388
2024-11-20,31.11,25.29,77.88,0.59,21.75,2.59,2024,11,325,28.2,22,4.656558439180753,5.5587329902239695
2024-11-21,31.85,24.67,75.33,0.89,21.86,0.28,2024,11,326,28.26,22,4.774879908777813,5.594454793579525
2024-11-22,30.1,25.68,82.62,0.91,20.81,1.48,2024,11,327,27.89,22,4.465426691395825,5.281083400645167
2024-11-23,29.88,25.34,83.02,1.12,22.39,1.47,2024,11,328,27.61,22,4.723920989505367,5.645714925234508
2024-11-24,28.23,25.73,87.92,1.15,17.85,2.44,2024,11,329,26.98,22,3.7827855649682567,4.435818129338806
2024-11-25,29.36,24.71,73.76,0.84,20.28,1.44,2024,11,330,27.035,22,4.3617366678081835,5.046141333644489
2024-11-26,29.53,24.75,80.51,0.85,19.12,2.99,2024,11,331,27.14,22,4.109982002117346,4.769127044351014
2024-11-27,31.37,24.36,76.89,0.85,17.56,8.95,2024,11,332,27.865000000000002,22,3.9558877902723117,4.453765680845022
2024-11-28,30.74,25.55,80.16,0.8,19.59,3.54,2024,11,333,28.145,22,4.286058669283,5.00044362908019
2024-11-29,31.49,25.13,81.94,1.26,20.24,6.88,2024,11,334,28.31,22,4.4657942519856935,5.185732448651087
2024-11-30,29.17,25.11,86.24,1.5,17.84,23.99,2024,11,335,27.14,22,3.84372076454278,4.4498549409634975
2024-12-01,29.12,25.0,82.66,1.03,9.9,9.87,2024,12,336,27.060000000000002,23,2.510894156046589,2.4647855656999367
2024-12-02,29.63,24.73,79.98,0.95,15.92,18.19,2024,12,337,27.18,23,3.587181995506475,3.974633415772258
2024-12-03,29.94,24.31,84.77,1.1,22.09,2.62,2024,12,338,27.125,23,4.594348771020345,5.508019910236509
2024-12-04,28.76,25.28,85.69,0.68,11.47,13.82,2024,12,339,27.020000000000003,23,2.6672090453713304,2.8530101712079277
2024-12-05,28.79,25.31,85.21,0.59,17.58,14.9,2024,12,340,27.049999999999997,23,3.7569428055958576,4.375844083410478
2024-12-06,28.35,25.14,85.91,0.98,5.14,11.89,2024,12,341,26.745,23,1.5935855042942133,1.2703278546773127
2024-12-07,29.24,24.75,82.9,0.98,15.63,11.46,2024,12,342,26.994999999999997,23,3.479946210544447,3.88549340608479
2024-12-08,29.01,24.33,87.0,1.44,15.98,17.03,2024,12,343,26.67,23,3.4682599601792323,3.942452504383802
2024-12-09,27.55,24.86,91.65,1.99,11.83,30.12,2024,12,344,26.205,23,2.6039281338472966,2.8867959375980115
2024-12-10,28.03,24.26,87.37,1.78,11.63,30.7,2024,12,345,26.145000000000003,23,2.7218792406393715,2.8339590238853325
2024-12-11,29.4,24.48,84.77,1.11,11.23,21.72,2024,12,346,26.939999999999998,23,2.702584946904656,2.788114019663052
2024-12-12,28.76,24.38,85.0,1.23,14.26,25.28,2024,12,347,26.57,23,3.2040556508665863,3.509861320240702
2024-12-13,30.11,23.88,80.73,1.03,13.47,4.88,2024,12,348,26.994999999999997,23,3.1633420010453253,3.348534624437756
2024-12-14,29.02,24.42,86.24,1.16,16.68,50.12,2024,12,349,26.72,23,3.5953060441804308,4.119974704030964
2024-12-15,26.45,23.45,85.85,1.16,13.09,10.52,2024,12,350,24.95,23,2.874436403839142,3.099443394871751
2024-12-16,26.79,24.31,90.02,1.16,10.88,11.32,2024,12,351,25.549999999999997,24,2.4519022276047537,2.613816937075145
2024-12-17,29.36,24.25,85.76,1.46,18.5,16.94,2024,12,352,26.805,24,3.9372033266712196,4.578613139138599
2024-12-18,28.52,24.43,86.64,1.63,8.12,21.27,2024,12,353,26.475,24,2.1778427386396233,1.994142178121187
2024-12-19,30.0,24.6,84.7,1.85,22.22,6.72,2024,12,354,27.3,24,4.652738582386112,5.562948649629189
2024-12-20,29.38,24.65,87.28,1.74,20.9,9.19,2024,12,355,27.015,24,4.321017038558318,5.197992615756617
2024-12-21,27.69,25.03,89.84,1.66,8.11,25.97,2024,12,356,26.36,24,2.0602533489740327,1.986294530001618
2024-12-22,26.65,24.0,89.64,1.58,6.73,38.5,2024,12,357,25.325,24,1.8014804525375245,1.6080808332083134
2024-12-23,29.73,23.92,85.75,1.48,23.45,3.55,2024,12,358,26.825000000000003,24,4.774261738781955,5.806414930014615
2024-12-24,29.77,24.41,86.31,1.45,24.09,7.9,2024,12,359,27.09,24,4.902693103702303,6.001828134043978
2024-12-25,26.27,24.58,89.64,1.27,8.05,41.51,2024,12,360,25.424999999999997,24,1.9935433922739083,1.9281291725725638
2024-12-26,28.97,23.93,87.85,1.59,14.35,20.78,2024,12,361,26.45,24,3.163585859006909,3.522056402029426
2024-12-27,28.35,24.68,89.05,1.63,18.1,16.19,2024,12,362,26.515,24,3.752374059748951,4.449256799877092
2024-12-28,27.42,24.51,92.71,1.76,10.76,36.58,2024,12,363,25.965000000000003,24,2.3803934245291254,2.610771080895893
2024-12-29,27.6,24.13,88.88,2.07,12.64,7.72,2024,12,364,25.865000000000002,24,2.82442998700845,3.0596276587858484
2024-12-30,27.78,24.35,89.26,1.28,18.45,6.99,2024,12,365,26.065,24,3.7749163183546126,4.487305573166278
2024-12-31,27.62,24.79,87.45,0.94,16.99,8.45,2024,12,366,26.205,24,3.574927843944839,4.1459562958402545
