<?xml version="1.0" encoding="UTF-8"?>
<kml xmlns="http://www.opengis.net/kml/2.2" xmlns:gx="http://www.google.com/kml/ext/2.2" xmlns:kml="http://www.opengis.net/kml/2.2" xmlns:atom="http://www.w3.org/2005/Atom">
<Document id="document">
	<name>SWH-JB-GRT</name>
	<gx:CascadingStyle kml:id="__managed_style_0EC17C784F41292591D6_highlight">
		<styleUrl>https://earth.google.com/balloon_components/base/1.1.0.0/card_template.kml#main</styleUrl>
		<Style>
			<IconStyle>
				<scale>1.2</scale>
				<Icon>
					<href>https://earth.google.com/earth/document/icon?color=1976d2&amp;id=2000&amp;scale=4</href>
				</Icon>
				<hotSpot x="64" y="128" xunits="pixels" yunits="insetPixels"/>
			</IconStyle>
			<LabelStyle>
			</LabelStyle>
			<LineStyle>
				<color>ff2dc0fb</color>
				<width>6</width>
			</LineStyle>
			<PolyStyle>
				<color>40ffffff</color>
			</PolyStyle>
			<BalloonStyle>
			</BalloonStyle>
		</Style>
	</gx:CascadingStyle>
	<gx:CascadingStyle kml:id="__managed_style_0EC17C784F41292591D6_normal">
		<styleUrl>https://earth.google.com/balloon_components/base/1.1.0.0/card_template.kml#main</styleUrl>
		<Style>
			<IconStyle>
				<Icon>
					<href>https://earth.google.com/earth/document/icon?color=1976d2&amp;id=2000&amp;scale=4</href>
				</Icon>
				<hotSpot x="64" y="128" xunits="pixels" yunits="insetPixels"/>
			</IconStyle>
			<LabelStyle>
			</LabelStyle>
			<LineStyle>
				<color>ff2dc0fb</color>
				<width>4</width>
			</LineStyle>
			<PolyStyle>
				<color>40ffffff</color>
			</PolyStyle>
			<BalloonStyle>
			</BalloonStyle>
		</Style>
	</gx:CascadingStyle>
	<StyleMap id="__managed_style_0EC17C784F41292591D6">
		<Pair>
			<key>normal</key>
			<styleUrl>#__managed_style_0EC17C784F41292591D6_normal</styleUrl>
		</Pair>
		<Pair>
			<key>highlight</key>
			<styleUrl>#__managed_style_0EC17C784F41292591D6_highlight</styleUrl>
		</Pair>
	</StyleMap>
	<Placemark id="06F43021B341292591B6">
		<name>SWH-01</name>
		<LookAt>
			<longitude>107.9093133103344</longitude>
			<latitude>-7.181618117851188</latitude>
			<altitude>698.4629719048121</altitude>
			<heading>-10.08086672457219</heading>
			<tilt>19.56713031626661</tilt>
			<gx:fovy>35</gx:fovy>
			<range>110.2913366478424</range>
			<altitudeMode>absolute</altitudeMode>
		</LookAt>
		<styleUrl>#__managed_style_0EC17C784F41292591D6</styleUrl>
		<Polygon>
			<outerBoundaryIs>
				<LinearRing>
					<coordinates>
						107.9092541547809,-7.181797661083814,0 107.9092668446089,-7.181799538095824,0 107.9093232063878,-7.181818966112861,0 107.9093603673615,-7.181833429466763,0 107.9093600182521,-7.181843880524071,0 107.9093897175484,-7.181854050102877,0 107.9094236864603,-7.181862807102283,0 107.9094647924588,-7.181875452661612,0 107.9095009648176,-7.181887183552593,0 107.9095604641085,-7.181906158348208,0 107.909619060964,-7.181924089223147,0 107.9097062210377,-7.181951977491499,0 107.909720397031,-7.181959714790738,0 107.9097392365276,-7.181973325713588,0 107.9097864852179,-7.18198386775585,0 107.9098290774794,-7.181992094163954,0 107.9099447867636,-7.182019756363658,0 107.909999832424,-7.182038696724652,0 107.9101601061787,-7.182074379881461,0 107.9101754080801,-7.182021579329085,0 107.9101923059353,-7.181973978146033,0 107.9102104622518,-7.181926444049047,0 107.910274867889,-7.181759451925115,0 107.9103195699775,-7.181684546762307,0 107.9103707583047,-7.181546171042499,0 107.9104180002992,-7.181400420883613,0 107.910450898239,-7.181291319404346,0 107.9105017979756,-7.181108055628426,0 107.9105459153724,-7.181004895732615,0 107.9105303280047,-7.181002077202928,0 107.9105386151875,-7.180963676532183,0 107.9105493760002,-7.180933741416217,0 107.9105545322991,-7.180892375085824,0 107.9105608624813,-7.180838459637283,0 107.910570609202,-7.180784975180925,0 107.9105823535079,-7.180711206828489,0 107.9105987440565,-7.18065978545189,0 107.9106080255991,-7.1805725227288,0 107.9105681013545,-7.180559939333553,0 107.9105102554018,-7.180544520992577,0 107.9104623984725,-7.180534346035006,0 107.9104341225859,-7.180476719846013,0 107.9103995646685,-7.180453884172374,0 107.9103215536777,-7.180434418088319,0 107.9101599417358,-7.180420310744843,0 107.9100896705676,-7.18040744544394,0 107.9100567234094,-7.180405843583233,0 107.9100220125237,-7.180406495986306,0 107.9099557701224,-7.180410697556885,0 107.9099180248093,-7.180406585677413,0 107.9098881817783,-7.180407684089002,0 107.9098793028376,-7.180430681513933,0 107.9098801486503,-7.180461667453101,0 107.9098799929876,-7.18048629274192,0 107.9098706844104,-7.180522867958814,0 107.9098464801544,-7.180541212004642,0 107.9098077693332,-7.180572385983427,0 107.9097795352895,-7.180603231531641,0 107.909753166304,-7.180720187216575,0 107.9097398698813,-7.180786343349919,0 107.9097150626117,-7.180913521564553,0 107.9096986220944,-7.180999249192211,0 107.909672931317,-7.181124400332512,0 107.909652463708,-7.181204128657699,0 107.9096460084193,-7.18123994051484,0 107.9096355048654,-7.181264453737974,0 107.9094115910981,-7.181194652026389,0 107.9093994650821,-7.181193670815821,0 107.9093936910367,-7.181204885960615,0 107.9093909890954,-7.181215949548985,0 107.9093788771537,-7.181268696298311,0 107.9093704121772,-7.181289134806167,0 107.9093594919751,-7.181347005999116,0 107.9093449057937,-7.181414279200554,0 107.909323578633,-7.181507387258804,0 107.9093019105074,-7.181576406539516,0 107.9092858598071,-7.181643181817718,0 107.9092756109518,-7.181701251275278,0 107.9092541547809,-7.181797661083814,0 
					</coordinates>
				</LinearRing>
			</outerBoundaryIs>
		</Polygon>
	</Placemark>
	<Placemark id="0D1FF035F9412935B708">
		<name>SWH-00</name>
		<LookAt>
			<longitude>107.9096153030176</longitude>
			<latitude>-7.18692968958988</latitude>
			<altitude>700.6731852574416</altitude>
			<heading>60.52580727380018</heading>
			<tilt>11.72561958791395</tilt>
			<gx:fovy>35</gx:fovy>
			<range>577.8745225782768</range>
			<altitudeMode>absolute</altitudeMode>
		</LookAt>
		<styleUrl>#__managed_style_0EC17C784F41292591D6</styleUrl>
		<Polygon>
			<outerBoundaryIs>
				<LinearRing>
					<coordinates>
						107.9107600275567,-7.187070291702288,0 107.9107211937069,-7.187065126271645,0 107.9106689592761,-7.18705779145126,0 107.9106203716531,-7.187052080102066,0 107.9105724461653,-7.187046397403994,0 107.9105303418305,-7.187046325720677,0 107.910503799855,-7.187042108771316,0 107.9104145103961,-7.187030487795152,0 107.9103817222917,-7.187026263078074,0 107.9103422221369,-7.187013964356942,0 107.9103009434047,-7.187011653290386,0 107.9102292328369,-7.186995615599639,0 107.9101861533976,-7.186989821561217,0 107.9100944047028,-7.186969955612558,0 107.910027637772,-7.186957469363334,0 107.9099759187513,-7.1869546664885,0 107.9099410768734,-7.186950445484445,0 107.9099058094559,-7.186972632394229,0 107.9098722815339,-7.186995855985944,0 107.9098488756517,-7.187015560649851,0 107.9098239774856,-7.187038075027743,0 107.9098027198256,-7.187057093396264,0 107.9097731501811,-7.187082048853404,0 107.9097004355089,-7.187135554720446,0 107.9096878475458,-7.187148442795426,0 107.9096681568422,-7.187169994999971,0 107.9096566691322,-7.187185770036971,0 107.9096382615138,-7.18721812791008,0 107.9096333888064,-7.187227241585627,0 107.9096221406186,-7.187272622349044,0 107.9096106056317,-7.187313790466859,0 107.9096043135226,-7.187376022214348,0 107.9095973706014,-7.187427947724516,0 107.9095936347133,-7.18747703043906,0 107.9095882719239,-7.187518400063476,0 107.9095856773531,-7.187555523833928,0 107.9095866183145,-7.187570327946298,0 107.9095840851318,-7.187599746107709,0 107.9095822076055,-7.187632260612753,0 107.9095809504026,-7.187673153326394,0 107.9095855453044,-7.187705887331585,0 107.909584464787,-7.187758540263427,0 107.9095884630668,-7.187780974502598,0 107.9095922959203,-7.187795643686029,0 107.9095938700367,-7.187819310558144,0 107.9095963822216,-7.187862568374994,0 107.9096010726826,-7.187888773795426,0 107.9096107067849,-7.187933616535264,0 107.9096120486702,-7.187953297639996,0 107.909618844825,-7.187956519889702,0 107.9096292862075,-7.187968028486321,0 107.9096366796894,-7.18798249682809,0 107.9096481540696,-7.188006930021578,0 107.9096546696303,-7.188029978195125,0 107.9096677349465,-7.188071858747227,0 107.9096762673538,-7.18809846214613,0 107.9096814982532,-7.188112377064587,0 107.9097148428601,-7.18822556185899,0 107.9097179765759,-7.188230940762134,0 107.9097298102104,-7.188243415669802,0 107.909753572168,-7.188239807492509,0 107.9097876335314,-7.188235772889261,0 107.9098213244208,-7.18823168973678,0 107.9098496249865,-7.188225634284196,0 107.9099042526353,-7.18820801917829,0 107.9099293778244,-7.188200401454204,0 107.9099836654807,-7.188191571638966,0 107.9099971523347,-7.188185764950314,0 107.910023662633,-7.188171595791919,0 107.9100570447173,-7.188161849720199,0 107.910087583953,-7.188154236000443,0 107.9101110283892,-7.188146965453703,0 107.9101669130721,-7.188135390997393,0 107.9101897705936,-7.188132131607524,0 107.9102076198833,-7.188124984494007,0 107.9102192196129,-7.188122317093969,0 107.9102349355658,-7.188114401521175,0 107.9102574176173,-7.188102651874851,0 107.9102740240292,-7.18809471326168,0 107.9102788660097,-7.188094794399259,0 107.9102969221911,-7.188091683890685,0 107.9103128111415,-7.188090623937405,0 107.9103240110648,-7.188089791715868,0 107.910339307269,-7.188087571287077,0 107.9103656395679,-7.188086222864857,0 107.9103850422579,-7.188083739817739,0 107.9104203442739,-7.188083147762086,0 107.9104704323978,-7.188085702930699,0 107.9104830549902,-7.188091900835298,0 107.9105184917052,-7.18810364244391,0 107.9105563648092,-7.188102416153575,0 107.9105926996848,-7.188109477814074,0 107.91062769601,-7.188115592300763,0 107.910669676878,-7.188124336003654,0 107.9107043709216,-7.188138223050969,0 107.9107382790319,-7.188147990444062,0 107.9107635271944,-7.188158389806953,0 107.9107900906977,-7.188168076793565,0 107.9108043334228,-7.188167704628985,0 107.9108255764315,-7.18817752427988,0 107.9108443896329,-7.188182939072965,0 107.910854905757,-7.188191756097578,0 107.9108671586274,-7.188204944272002,0 107.9108865396557,-7.188215611472657,0 107.91090819877,-7.188216140100966,0 107.9109326962386,-7.188214777917556,0 107.9109520050879,-7.188206829748101,0 107.9109586318133,-7.188192488915877,0 107.9109599795164,-7.188169396933276,0 107.9109678509304,-7.18811304144405,0 107.9109842112129,-7.188036600466419,0 107.9110029773682,-7.187969430357937,0 107.9110155965887,-7.187930972093664,0 107.9110400475827,-7.187874238034727,0 107.9110400055246,-7.187847341919428,0 107.9110328791064,-7.187800867068217,0 107.9110018234579,-7.187762825060058,0 107.9110260989608,-7.187728807638551,0 107.9110227565888,-7.187687521568883,0 107.9110115972062,-7.187628185124052,0 107.9110051310056,-7.187584100048745,0 107.9109456477785,-7.187582357692231,0 107.9108352114264,-7.187575924580003,0 107.9107869709147,-7.187572301487298,0 107.9107602161242,-7.187576184193275,0 107.9107527997555,-7.187558029828907,0 107.9107583030746,-7.187512454483633,0 107.9107577526827,-7.187457872525677,0 107.9107595125623,-7.187388140498165,0 107.9107699544859,-7.187319527249334,0 107.9107691578274,-7.187277360857086,0 107.9107835159235,-7.187209103014225,0 107.9107951538213,-7.187158952791752,0 107.9108034015486,-7.187127273626393,0 107.9108163876133,-7.187083462164712,0 107.9107600275567,-7.187070291702288,0 
					</coordinates>
				</LinearRing>
			</outerBoundaryIs>
		</Polygon>
	</Placemark>
	<Placemark id="02072781D641293B7304">
		<name>SWH-02</name>
		<LookAt>
			<longitude>107.9090064396889</longitude>
			<latitude>-7.187908166365816</latitude>
			<altitude>702.4430104294136</altitude>
			<heading>58.42497830912853</heading>
			<tilt>24.02334212684156</tilt>
			<gx:fovy>35</gx:fovy>
			<range>196.7155635325616</range>
			<altitudeMode>absolute</altitudeMode>
		</LookAt>
		<styleUrl>#__managed_style_0EC17C784F41292591D6</styleUrl>
		<Polygon>
			<outerBoundaryIs>
				<LinearRing>
					<coordinates>
						107.9092448523497,-7.188146364443542,0 107.9093785178676,-7.188084451404447,0 107.9094805546085,-7.188036650137735,0 107.9095915255637,-7.187973055454801,0 107.9096086903252,-7.187952714832937,0 107.9096076165528,-7.187935612838458,0 107.9096019999247,-7.1879080609732,0 107.9095927658528,-7.187833072405455,0 107.9095859046812,-7.187787679805824,0 107.9095796744929,-7.187746075155573,0 107.9095771247707,-7.187695734116375,0 107.909579652256,-7.18764601265459,0 107.909577862242,-7.18757355941012,0 107.9095830529603,-7.187515425019875,0 107.9095554354514,-7.187498644303283,0 107.9095265073985,-7.187487861473869,0 107.9094802232823,-7.187471425582628,0 107.9094265556344,-7.187466614214709,0 107.9093789229667,-7.187480739466089,0 107.9093439476878,-7.187490963861963,0 107.9092970862463,-7.187515795439225,0 107.9092652040508,-7.187546347008743,0 107.9092406717642,-7.187575787396582,0 107.909220540189,-7.18760331645299,0 107.9091966092684,-7.187648862800869,0 107.909182996076,-7.187697195734284,0 107.9091727629557,-7.187746952179123,0 107.9091654168028,-7.187784917367996,0 107.90915328086,-7.187837544429806,0 107.9091473631451,-7.187886718215268,0 107.9091442255293,-7.187962414601441,0 107.9091408265008,-7.188020400768941,0 107.9091393167891,-7.188086627454534,0 107.9091416515898,-7.188145344998813,0 107.909143387699,-7.188179481346999,0 107.9092448523497,-7.188146364443542,0 
					</coordinates>
				</LinearRing>
			</outerBoundaryIs>
		</Polygon>
	</Placemark>
	<Placemark id="0B74D715D541293C4879">
		<name>SWH-03</name>
		<LookAt>
			<longitude>107.9089968586882</longitude>
			<latitude>-7.188072312834939</latitude>
			<altitude>702.2770966301347</altitude>
			<heading>58.60407238178963</heading>
			<tilt>25.40889902938948</tilt>
			<gx:fovy>35</gx:fovy>
			<range>86.51204101429357</range>
			<altitudeMode>absolute</altitudeMode>
		</LookAt>
		<styleUrl>#__managed_style_0EC17C784F41292591D6</styleUrl>
		<Polygon>
			<outerBoundaryIs>
				<LinearRing>
					<coordinates>
						107.9091374222165,-7.188183953293978,0 107.9091386409535,-7.188109109120275,0 107.9091391553841,-7.188007410778372,0 107.9091460489623,-7.187929954662398,0 107.9091462228375,-7.187894784299016,0 107.9091481585256,-7.187856729109091,0 107.9091470417468,-7.187841979733785,0 107.9091459623982,-7.187830377968544,0 107.9091101551832,-7.187820091555944,0 107.9090652315427,-7.187816233612906,0 107.9090347001841,-7.187815254968575,0 107.9090099990705,-7.187819576399055,0 107.9090036922472,-7.187862847490945,0 107.9089965436365,-7.18792464370995,0 107.908990148335,-7.187999871592917,0 107.9089881579581,-7.188045850154454,0 107.9089854205718,-7.188091872839517,0 107.9089802122519,-7.188153597253089,0 107.9089770150791,-7.188189014037959,0 107.9089727057214,-7.188214801141013,0 107.9089674824796,-7.188247117123931,0 107.9089702580074,-7.188259245401229,0 107.9089840583913,-7.188264337094325,0 107.9090077247468,-7.188250645193358,0 107.9090367594272,-7.188235452137596,0 107.9091374222165,-7.188183953293978,0 
					</coordinates>
				</LinearRing>
			</outerBoundaryIs>
		</Polygon>
	</Placemark>
	<Placemark id="09702B866341293F90BB">
		<name>SWH-04</name>
		<LookAt>
			<longitude>107.9089748256498</longitude>
			<latitude>-7.188174779422238</latitude>
			<altitude>702.3376479245578</altitude>
			<heading>57.48570378847671</heading>
			<tilt>28.31915080919656</tilt>
			<gx:fovy>35</gx:fovy>
			<range>138.7307262030663</range>
			<altitudeMode>absolute</altitudeMode>
		</LookAt>
		<styleUrl>#__managed_style_0EC17C784F41292591D6</styleUrl>
		<Polygon>
			<outerBoundaryIs>
				<LinearRing>
					<coordinates>
						107.9090038367729,-7.187857991548844,0 107.9090044553108,-7.187837100609512,0 107.9089979361714,-7.187816118635233,0 107.9089657036156,-7.187812853052228,0 107.9089466164653,-7.187815139925832,0 107.9089308887656,-7.187818244595863,0 107.9089224021535,-7.187845654119976,0 107.9089187811304,-7.187869343943181,0 107.9089122007256,-7.187899509626068,0 107.9089098318631,-7.187924484508264,0 107.9089054716477,-7.187951548507042,0 107.9089056410681,-7.187980976690996,0 107.908903969831,-7.188006963494183,0 107.9089023144866,-7.188031128314634,0 107.9088995056603,-7.188051613234487,0 107.9088978065677,-7.188070237124528,0 107.9088954542466,-7.188089930550549,0 107.9088943607347,-7.188116938879255,0 107.9088925484953,-7.188134111346149,0 107.9088912403125,-7.188146205312621,0 107.9088880217992,-7.188167440153197,0 107.9088851745195,-7.188188174188126,0 107.9088807597963,-7.18821460985738,0 107.908877534538,-7.188229114351828,0 107.908873072829,-7.188243097724629,0 107.9088692958784,-7.188252598054909,0 107.9088640025719,-7.188265543093764,0 107.9088618606404,-7.18827321161553,0 107.9088705846698,-7.188276318884935,0 107.9088832557629,-7.188276896832508,0 107.9089001730087,-7.188275747850379,0 107.9089227679393,-7.188275711461309,0 107.9089398753454,-7.188275009277971,0 107.9089560298802,-7.188268148620362,0 107.9089696797065,-7.188261732162905,0 107.9089670762946,-7.18824625735736,0 107.9089681251379,-7.188222255636131,0 107.9089716841007,-7.1882040173834,0 107.9089731447109,-7.188184308557006,0 107.9089741574644,-7.188159656300133,0 107.9089751352901,-7.188138468812307,0 107.9089787615971,-7.188118684473837,0 107.9089795743698,-7.188100580753712,0 107.9089808162726,-7.188085702621961,0 107.908981717883,-7.188062925964137,0 107.908983675946,-7.18804466413762,0 107.9089845073381,-7.188024703730346,0 107.9089851024891,-7.188010369738808,0 107.9089862088971,-7.187995135216311,0 107.9089863995252,-7.187985439125483,0 107.9089903398127,-7.187970874199722,0 107.9089901777281,-7.187959440983028,0 107.9089909447816,-7.187947774867573,0 107.9089932031256,-7.187933760068655,0 107.9089939935289,-7.187923411424054,0 107.9089947676974,-7.187909604926656,0 107.9089965642928,-7.187893081094918,0 107.9089982788251,-7.187878486471406,0 107.9089994188928,-7.187870497077983,0 107.9090038367729,-7.187857991548844,0 
					</coordinates>
				</LinearRing>
			</outerBoundaryIs>
		</Polygon>
	</Placemark>
	<Placemark id="0875CF0EC14129410093">
		<name>SWH-06</name>
		<LookAt>
			<longitude>107.9120219204983</longitude>
			<latitude>-7.185229493454714</latitude>
			<altitude>689.3447549312226</altitude>
			<heading>49.60668800990658</heading>
			<tilt>86.18055271828808</tilt>
			<gx:fovy>35</gx:fovy>
			<range>585.5027340795641</range>
			<altitudeMode>absolute</altitudeMode>
		</LookAt>
		<styleUrl>#__managed_style_0EC17C784F41292591D6</styleUrl>
		<Polygon>
			<outerBoundaryIs>
				<LinearRing>
					<coordinates>
						107.9087251100776,-7.188296467411349,0 107.9087254522835,-7.188289915941533,0 107.9087328420959,-7.188282583103297,0 107.908740223047,-7.188278470759969,0 107.9087533008629,-7.188273530456637,0 107.9087586619281,-7.188271466130981,0 107.9087669260221,-7.188269387837652,0 107.9087843007402,-7.188268914331472,0 107.9087988670392,-7.188269063381125,0 107.9088164542567,-7.188269784080195,0 107.9088308372337,-7.188271249754111,0 107.9088394289961,-7.188272768468715,0 107.908858092053,-7.18827169495176,0 107.9088639157571,-7.188267708792622,0 107.9088662302843,-7.188259869606687,0 107.9088700430154,-7.188249683512913,0 107.9088729492441,-7.188239289435361,0 107.9088775526046,-7.188223102177925,0 107.9088821555489,-7.188210004881713,0 107.9088849184641,-7.188196678194828,0 107.9088883034714,-7.188175794839454,0 107.9088889575205,-7.188159582434522,0 107.9088915488182,-7.188145396696064,0 107.9088940681321,-7.188130305914911,0 107.9088963841725,-7.188107799844053,0 107.90890211102,-7.18806854230579,0 107.9089048773981,-7.188033385844109,0 107.9089054999485,-7.188020544003204,0 107.9089067508864,-7.188002096541081,0 107.9089083956954,-7.187984472339342,0 107.9089103317538,-7.187957662053257,0 107.908913130939,-7.187932177586002,0 107.908917366652,-7.187878833494892,0 107.9089184109282,-7.187862489395695,0 107.9089217614739,-7.187847519127217,0 107.9089251520712,-7.187835901895176,0 107.9089270089188,-7.187822906395771,0 107.9089189561649,-7.187816687909351,0 107.9088964653158,-7.187809848894211,0 107.9088745244762,-7.187807942466309,0 107.9088413692196,-7.187809832764514,0 107.9088130968091,-7.187810589230754,0 107.9087659447145,-7.187819566162809,0 107.9087449604794,-7.187826086664752,0 107.9087216032531,-7.187821987055194,0 107.9087191462915,-7.187827807453322,0 107.9087186919663,-7.187842212180151,0 107.9087189475556,-7.187849472276948,0 107.9087175966876,-7.187863268184046,0 107.9087152483394,-7.187880208890802,0 107.9087129542319,-7.187898395028654,0 107.9087109265094,-7.18791572776207,0 107.9087082410823,-7.187927141113769,0 107.9087077618084,-7.187942591151825,0 107.9087069352775,-7.187961654682386,0 107.9087063284992,-7.187977974229499,0 107.9087061557267,-7.18799667063969,0 107.9087049232843,-7.188011000699322,0 107.908704673369,-7.188028743451583,0 107.9087040109621,-7.188043605483834,0 107.9087044330869,-7.188060938829507,0 107.9087035312017,-7.188081911554248,0 107.9087009264325,-7.188104116639266,0 107.9086993373173,-7.188124077930691,0 107.9086941592509,-7.188162765163887,0 107.9086920104572,-7.188184145422905,0 107.9086899493946,-7.188207954921178,0 107.9086896172904,-7.188228454746327,0 107.9086914157972,-7.188262565910057,0 107.9086958948947,-7.188280745939427,0 107.9086990238396,-7.18829053977479,0 107.9087055756166,-7.1883002594562,0 107.9087182137123,-7.188305118100086,0 107.9087251100776,-7.188296467411349,0 
					</coordinates>
				</LinearRing>
			</outerBoundaryIs>
		</Polygon>
	</Placemark>
	<Placemark id="03AD9740D341294590A8">
		<name>SWH-07</name>
		<LookAt>
			<longitude>107.9088025665449</longitude>
			<latitude>-7.187782599507302</latitude>
			<altitude>703.8099907816471</altitude>
			<heading>65.44015832535335</heading>
			<tilt>49.7950426432956</tilt>
			<gx:fovy>35</gx:fovy>
			<range>185.435709663343</range>
			<altitudeMode>absolute</altitudeMode>
		</LookAt>
		<styleUrl>#__managed_style_0EC17C784F41292591D6</styleUrl>
		<Polygon>
			<outerBoundaryIs>
				<LinearRing>
					<coordinates>
						107.908714069775,-7.188300417755501,0 107.9087084325014,-7.188294762126972,0 107.9087050141791,-7.188277582625735,0 107.9087005995925,-7.188266933462121,0 107.9086989236979,-7.188256167774332,0 107.9086986424782,-7.188240880604142,0 107.9086965180652,-7.188223389761389,0 107.9086963378705,-7.188209947016236,0 107.9086973507473,-7.188185966980749,0 107.9087012652047,-7.188157683738147,0 107.9087035826022,-7.188143734279169,0 107.908704956078,-7.188129029284182,0 107.9087085500234,-7.188118126750356,0 107.908708869879,-7.188098036692232,0 107.9087098634154,-7.188080544590393,0 107.9087112188015,-7.188057943285678,0 107.9087116060646,-7.188042491134716,0 107.9087109314011,-7.188027420347635,0 107.9087098658478,-7.188007089071734,0 107.9087086085575,-7.187988085832098,0 107.9087114575998,-7.187975185042452,0 107.9087126677556,-7.187957590732936,0 107.9087136417767,-7.187943533247856,0 107.9087140562619,-7.18792094506578,0 107.9087171064984,-7.187903419795671,0 107.9087189459101,-7.187882909107865,0 107.9087194421799,-7.187861577538432,0 107.9087195162275,-7.187850106582975,0 107.9087225023769,-7.187829227139195,0 107.9087236644636,-7.187805662039334,0 107.9087133762095,-7.187802594762095,0 107.9087002805418,-7.187800538786068,0 107.9086783502533,-7.187804079662156,0 107.908657822196,-7.187808086605699,0 107.9086380670544,-7.187805529267263,0 107.9086248928956,-7.187804056086482,0 107.9086076231467,-7.187803583326295,0 107.9085917601329,-7.187800111515212,0 107.9085776956381,-7.187799931858732,0 107.9085675552098,-7.187799096340862,0 107.9085507280985,-7.18780051126131,0 107.9085264041494,-7.187802527942601,0 107.9085252047966,-7.187815563169747,0 107.9085239327652,-7.187832110747034,0 107.9085207254017,-7.187853151302789,0 107.9085204885196,-7.187861703321369,0 107.9085196108494,-7.187883141883431,0 107.9085188085962,-7.187901965200638,0 107.9085199407386,-7.187919916051544,0 107.9085204996705,-7.187945613529063,0 107.9085191308535,-7.187970984893905,0 107.9085174292023,-7.187994670389919,0 107.9085183547791,-7.188021851143309,0 107.9085172046715,-7.188043656078553,0 107.9085169200031,-7.188061070593801,0 107.9085165856313,-7.188082157053533,0 107.9085168681433,-7.188098529949401,0 107.9085173751796,-7.188117488114982,0 107.9085170531852,-7.188140810782458,0 107.908514460044,-7.188173648286998,0 107.9085125798635,-7.188205454725093,0 107.9085104794407,-7.188237121077537,0 107.9085085053823,-7.188276273453104,0 107.90850726799,-7.188310023552849,0 107.9085086936397,-7.188329012781162,0 107.9085074886745,-7.188344429048923,0 107.9085079775157,-7.188371801006086,0 107.9085068052513,-7.18839248700788,0 107.9085089672782,-7.188420900395747,0 107.9085093843901,-7.188440560308603,0 107.9085133625571,-7.18845147400785,0 107.9085124674175,-7.18847644036275,0 107.9085136831599,-7.188484530311572,0 107.9085253154661,-7.18848313829971,0 107.9085713864292,-7.188482878164595,0 107.908590873144,-7.188480561718571,0 107.9086256563655,-7.188481292703052,0 107.9086527636969,-7.188480199889011,0 107.908687526295,-7.188475051698682,0 107.9087028968216,-7.188471759006687,0 107.9087168843447,-7.18846593783516,0 107.9087263078356,-7.188460042523345,0 107.9087314940127,-7.188451552977441,0 107.9087342756087,-7.188439130734233,0 107.9087352202317,-7.188428087313806,0 107.9087350963621,-7.188407783244484,0 107.9087338237279,-7.188383204966847,0 107.9087334841314,-7.188363215873872,0 107.9087303625096,-7.188345266955126,0 107.9087288849537,-7.188329505311376,0 107.9087253326277,-7.188312913476539,0 107.908714069775,-7.188300417755501,0 
					</coordinates>
				</LinearRing>
			</outerBoundaryIs>
		</Polygon>
	</Placemark>
	<Placemark id="0AC06153C6412947C26C">
		<name>SWH-08</name>
		<LookAt>
			<longitude>107.9084741483419</longitude>
			<latitude>-7.188190477577498</latitude>
			<altitude>702.8012600569444</altitude>
			<heading>66.32321657711135</heading>
			<tilt>51.23640681523608</tilt>
			<gx:fovy>35</gx:fovy>
			<range>92.31818610271148</range>
			<altitudeMode>absolute</altitudeMode>
		</LookAt>
		<styleUrl>#__managed_style_0EC17C784F41292591D6</styleUrl>
		<Polygon>
			<outerBoundaryIs>
				<LinearRing>
					<coordinates>
						107.9084192647144,-7.188484287046285,0 107.9084543864141,-7.188484410228812,0 107.9084944935005,-7.188484156388711,0 107.9085107423334,-7.188485689357862,0 107.9085135799204,-7.188479619237745,0 107.908512727841,-7.188463263057566,0 107.9085135059982,-7.188449492646072,0 107.9085121267047,-7.18843463436046,0 107.9085094738916,-7.188416523870547,0 107.9085082377631,-7.188397898592595,0 107.9085085633998,-7.18838241648657,0 107.9085064259392,-7.188336563172951,0 107.9085057658559,-7.188307215728653,0 107.9085078809783,-7.188280387040197,0 107.9085104337518,-7.188254090800355,0 107.9085144202746,-7.188213613008598,0 107.9085170861758,-7.188161248989211,0 107.9085186007091,-7.188142706024233,0 107.9085185715035,-7.188122556971277,0 107.9085180420126,-7.188102817423925,0 107.9085179893955,-7.188074363454763,0 107.9085181925781,-7.188036833777583,0 107.9085183712161,-7.188015410174154,0 107.9085206993714,-7.187973346911712,0 107.9085214402693,-7.187950169583793,0 107.9085210378602,-7.187917059348861,0 107.908521445371,-7.187882680946585,0 107.9085219802364,-7.187859306013393,0 107.908524669699,-7.187822836409461,0 107.9085314678286,-7.187800905766622,0 107.9085159543112,-7.187799157744376,0 107.9084887308573,-7.187798180792658,0 107.9084707319542,-7.18779849466607,0 107.9084448927133,-7.187803895244829,0 107.9084229002819,-7.187803796739793,0 107.9084159474369,-7.187811536731258,0 107.9084136322633,-7.187826002822042,0 107.9084141942178,-7.187836035006475,0 107.9084114429866,-7.187859653590868,0 107.9084083062642,-7.187871088535779,0 107.9084076087971,-7.187892716548272,0 107.9084058248343,-7.187923388328794,0 107.9084052152688,-7.187948579837443,0 107.9084028381829,-7.187977536620704,0 107.9084010306047,-7.188010290727428,0 107.908399649633,-7.188026987285442,0 107.9083975621769,-7.188055661722731,0 107.9083955939821,-7.188086211226716,0 107.9083945406971,-7.188124953808376,0 107.9083944969044,-7.188160259018782,0 107.9083899135032,-7.188198898387847,0 107.9083882573023,-7.18825865278613,0 107.908386799809,-7.188279384075962,0 107.908384645586,-7.188317338445649,0 107.9083810311279,-7.18834652344874,0 107.9083803053101,-7.188406918851266,0 107.9083796805103,-7.188442255919475,0 107.9083811928595,-7.188479781928394,0 107.9084192647144,-7.188484287046285,0 
					</coordinates>
				</LinearRing>
			</outerBoundaryIs>
		</Polygon>
	</Placemark>
	<Placemark id="06F818CD45412948F46B">
		<name>SWH-09</name>
		<LookAt>
			<longitude>107.9088266689317</longitude>
			<latitude>-7.187817333829407</latitude>
			<altitude>703.635653288722</altitude>
			<heading>67.78255917222074</heading>
			<tilt>50.19503344437563</tilt>
			<gx:fovy>35</gx:fovy>
			<range>287.2658087113087</range>
			<altitudeMode>absolute</altitudeMode>
		</LookAt>
		<styleUrl>#__managed_style_0EC17C784F41292591D6</styleUrl>
		<Polygon>
			<outerBoundaryIs>
				<LinearRing>
					<coordinates>
						107.9083930768297,-7.188201259728054,0 107.9083944696377,-7.188166496568257,0 107.9083954171583,-7.188147392395429,0 107.9083967985064,-7.188109248174162,0 107.9084020088842,-7.188057985278167,0 107.9084027640046,-7.188016154120062,0 107.9084058333342,-7.187977320047686,0 107.9084080810029,-7.187933414811387,0 107.9084097963424,-7.187906206503708,0 107.9084116647664,-7.187892447028719,0 107.9084131342165,-7.187859371306597,0 107.9084207298428,-7.187793607578728,0 107.908404884874,-7.18779608660034,0 107.9083709577778,-7.187794767743363,0 107.9083472633392,-7.187799548632132,0 107.9083138696243,-7.187796748570114,0 107.9082795119416,-7.187801450422672,0 107.9082727714182,-7.187817416728524,0 107.9082697951685,-7.187832588256221,0 107.9082659274268,-7.187863777369706,0 107.9082688678703,-7.187885381312605,0 107.908270651627,-7.187909257609619,0 107.908261961966,-7.187950476869657,0 107.9082597970824,-7.187982585626925,0 107.9082613173502,-7.188027274278729,0 107.9082610665177,-7.188062959039643,0 107.9082588584707,-7.18808152541203,0 107.9082562871037,-7.188119565576906,0 107.9082548067939,-7.188151634994547,0 107.9082539633213,-7.188176476847836,0 107.9082516106633,-7.188212454162252,0 107.908250649719,-7.188228990799801,0 107.9082492416011,-7.188257688236207,0 107.9082540899586,-7.188274037577588,0 107.9082696073085,-7.188277597898615,0 107.9083037210129,-7.188275725806034,0 107.908326102776,-7.188275879136803,0 107.9083670622329,-7.188276457262042,0 107.9083900695478,-7.188276113284828,0 107.9083930768297,-7.188201259728054,0 
					</coordinates>
				</LinearRing>
			</outerBoundaryIs>
		</Polygon>
	</Placemark>
	<Placemark id="0135911AEA4129589419">
		<name>SWH-10</name>
		<LookAt>
			<longitude>107.9089262738398</longitude>
			<latitude>-7.188436184178792</latitude>
			<altitude>702.081035021176</altitude>
			<heading>76.98067760623844</heading>
			<tilt>17.19742433547888</tilt>
			<gx:fovy>35</gx:fovy>
			<range>109.169668315626</range>
			<altitudeMode>absolute</altitudeMode>
		</LookAt>
		<styleUrl>#__managed_style_0EC17C784F41292591D6</styleUrl>
		<Polygon>
			<outerBoundaryIs>
				<LinearRing>
					<coordinates>
						107.9090116174229,-7.18826309366642,0 107.9089802747541,-7.18827646600644,0 107.9089558482421,-7.188281209866803,0 107.908928568933,-7.188283835214949,0 107.9088910449233,-7.188285633316828,0 107.9088639165641,-7.188281024978114,0 107.9088389075532,-7.188278661012602,0 107.9088092625585,-7.18827578570794,0 107.908773246771,-7.188278569580127,0 107.9087554756377,-7.188281321652049,0 107.9087634006449,-7.188318205377406,0 107.9087767794926,-7.188364374258311,0 107.9087883630768,-7.18839141973977,0 107.9088067798942,-7.188442060305442,0 107.9088222508148,-7.188482877982576,0 107.9088453193893,-7.188519339823224,0 107.9088616213225,-7.18854944258409,0 107.9088757725192,-7.188567456076503,0 107.9088929675365,-7.188581038234306,0 107.9089121656888,-7.188579753095878,0 107.9089325134025,-7.188578104504009,0 107.9089542569103,-7.188574342536246,0 107.9089837824615,-7.18857471983082,0 107.9090112843083,-7.188572897845638,0 107.9090404812817,-7.188568270358961,0 107.9090437550019,-7.188552880081949,0 107.9090466422596,-7.188515748645884,0 107.9090424247881,-7.188463427287171,0 107.9090385879375,-7.18840940577709,0 107.9090319840387,-7.188345317811061,0 107.9090116174229,-7.18826309366642,0 
					</coordinates>
				</LinearRing>
			</outerBoundaryIs>
		</Polygon>
	</Placemark>
	<Placemark id="0897BDFAD241295CC576">
		<name>SWH-11</name>
		<LookAt>
			<longitude>107.9087450103282</longitude>
			<latitude>-7.188335514267809</latitude>
			<altitude>702.4354877932354</altitude>
			<heading>75.50141240663486</heading>
			<tilt>22.01347412046946</tilt>
			<gx:fovy>35</gx:fovy>
			<range>29.38840215540949</range>
			<altitudeMode>absolute</altitudeMode>
		</LookAt>
		<styleUrl>#__managed_style_0EC17C784F41292591D6</styleUrl>
		<Polygon>
			<outerBoundaryIs>
				<LinearRing>
					<coordinates>
						107.908743021206,-7.188293626783276,0 107.9087390931512,-7.188306164013519,0 107.9087357659356,-7.188314948701117,0 107.908736795167,-7.188329821426434,0 107.9087387657465,-7.188347776103901,0 107.9087393312532,-7.188367876067354,0 107.9087404048402,-7.188385120912137,0 107.9087410809784,-7.188406738870063,0 107.9087420110377,-7.188419513699907,0 107.9087408906368,-7.188438247879058,0 107.9087364686413,-7.188450012813965,0 107.9087299746232,-7.188459407030239,0 107.9087248986524,-7.188467520786073,0 107.9087183992218,-7.188471123541907,0 107.9087122126857,-7.188474608831656,0 107.9086952730864,-7.188478703325117,0 107.9086798484041,-7.188481088607515,0 107.9086549177402,-7.188483746063935,0 107.9086310421863,-7.188485740531153,0 107.9086138735233,-7.188488071959537,0 107.9085973780081,-7.18848960984367,0 107.9085968678273,-7.188503408766099,0 107.90859326634,-7.188511153955986,0 107.9085969467602,-7.18852274965715,0 107.9086016939642,-7.188531482653597,0 107.9086036410366,-7.188544386801818,0 107.908604188469,-7.188558752289134,0 107.9086035192851,-7.188570460414214,0 107.908603599262,-7.1885878092292,0 107.9086014689332,-7.188606983745997,0 107.9086018163411,-7.188624137615736,0 107.9086037506951,-7.188634643145207,0 107.9086066195133,-7.188645342774537,0 107.9086083949602,-7.188661041137664,0 107.9086102672773,-7.188679151918859,0 107.9086122457953,-7.188691831695015,0 107.9086136074523,-7.188713482438265,0 107.9086154519672,-7.188724562902671,0 107.9086168227847,-7.188740334287967,0 107.9086239817066,-7.188742261983762,0 107.9086356069813,-7.188740306729303,0 107.9086523958726,-7.188737987734435,0 107.908663916757,-7.188735519493709,0 107.9086797466209,-7.18873338465573,0 107.9086942987034,-7.188729194365679,0 107.9087100923699,-7.188727584440826,0 107.9087235318601,-7.188720942171278,0 107.9087386012045,-7.188717046293647,0 107.9087454386564,-7.188710244352256,0 107.9087568256043,-7.188702978626131,0 107.9087656731578,-7.188694518576877,0 107.9087717247774,-7.188685494538007,0 107.9087790392587,-7.188677002789796,0 107.9087851080505,-7.188667373945243,0 107.9087957386858,-7.188646025417634,0 107.9087977220459,-7.188638124927524,0 107.9088050725144,-7.188623508961161,0 107.9088103674033,-7.188607004592607,0 107.9088150249519,-7.188589286026315,0 107.9088183819234,-7.18857839383939,0 107.9088252988882,-7.188563769418177,0 107.9088303366343,-7.188552689491823,0 107.9088440633999,-7.188548876681363,0 107.908854888615,-7.188541402914585,0 107.9088445814779,-7.188516482020747,0 107.9088230643251,-7.188481445861792,0 107.9088035964613,-7.188442178190852,0 107.9087932267101,-7.188412641934487,0 107.9087864177134,-7.188394267482341,0 107.9087782371788,-7.188373219521496,0 107.9087658871762,-7.188330524533098,0 107.9087588309092,-7.188306927651398,0 107.9087524658336,-7.188284776376393,0 107.908743021206,-7.188293626783276,0 
					</coordinates>
				</LinearRing>
			</outerBoundaryIs>
		</Polygon>
	</Placemark>
	<Placemark id="0EC35F3C9841295E7616">
		<name>SWH-12</name>
		<LookAt>
			<longitude>107.9086586621639</longitude>
			<latitude>-7.188393857858704</latitude>
			<altitude>702.66696986675</altitude>
			<heading>77.69762114050546</heading>
			<tilt>22.01404667730309</tilt>
			<gx:fovy>35</gx:fovy>
			<range>199.2620631966201</range>
			<altitudeMode>absolute</altitudeMode>
		</LookAt>
		<styleUrl>#__managed_style_0EC17C784F41292591D6</styleUrl>
		<Polygon>
			<outerBoundaryIs>
				<LinearRing>
					<coordinates>
						107.9084580321293,-7.18876847039034,0 107.9084944853563,-7.188765793425415,0 107.9085199852633,-7.188758322790838,0 107.9085776666989,-7.188753093647644,0 107.9086110751568,-7.188740665325541,0 107.9086101141686,-7.188736360670979,0 107.9086091062252,-7.188723172378491,0 107.9086080079095,-7.188707040804011,0 107.9086075043422,-7.188693887369018,0 107.9086030293388,-7.188670749642792,0 107.9086005195805,-7.188656255946102,0 107.9086017567975,-7.188648169744811,0 107.9085992976158,-7.188638733466159,0 107.9085939359341,-7.188612838611951,0 107.9085949780048,-7.188600755219944,0 107.9085987376757,-7.188587181960213,0 107.9086008922917,-7.188574637461908,0 107.9085982182994,-7.188543246927294,0 107.9085917284155,-7.188526756082942,0 107.9085869825321,-7.188509175004345,0 107.9085862102137,-7.18849526337543,0 107.9085732103424,-7.18849133841856,0 107.9085474143495,-7.188492256340986,0 107.9085305221211,-7.188492852651207,0 107.9085027236488,-7.188490604020165,0 107.9084528456364,-7.188494030108511,0 107.9084331190617,-7.188494187327092,0 107.9084174178336,-7.188491092775305,0 107.9084016779762,-7.188492758204156,0 107.9083959767147,-7.188502359402091,0 107.9083941834699,-7.188538202591966,0 107.9083918666573,-7.188575999331374,0 107.9083929700526,-7.188606112797983,0 107.908389671844,-7.188648289687217,0 107.9083877515473,-7.188700648410943,0 107.9083876098857,-7.188735981051831,0 107.9083870300819,-7.188775098079175,0 107.9084580321293,-7.18876847039034,0 
					</coordinates>
				</LinearRing>
			</outerBoundaryIs>
		</Polygon>
	</Placemark>
	<Placemark id="01B1E67ED94129612260">
		<name>SWH-13</name>
		<LookAt>
			<longitude>107.9082990954191</longitude>
			<latitude>-7.188341395541657</latitude>
			<altitude>702.9227546505205</altitude>
			<heading>76.62120967884678</heading>
			<tilt>14.13195303478412</tilt>
			<gx:fovy>35</gx:fovy>
			<range>64.41204937035764</range>
			<altitudeMode>absolute</altitudeMode>
		</LookAt>
		<styleUrl>#__managed_style_0EC17C784F41292591D6</styleUrl>
		<Polygon>
			<outerBoundaryIs>
				<LinearRing>
					<coordinates>
						107.9083387048337,-7.188342169577842,0 107.9082965297381,-7.188341206608889,0 107.9082560867145,-7.188338305510523,0 107.9082133004393,-7.18833949358825,0 107.9081685680085,-7.188339829693351,0 107.9081414606497,-7.188336945133869,0 107.9081103141494,-7.188341573390344,0 107.9080921008967,-7.188341601100275,0 107.9080812706179,-7.18834099663999,0 107.9080787921412,-7.188346615837126,0 107.9080728371341,-7.188393503856231,0 107.9080690015043,-7.188431064482064,0 107.9080645597702,-7.188483638350703,0 107.9080581838351,-7.188536158974795,0 107.908054075627,-7.188580232378762,0 107.9080508039278,-7.188640195116776,0 107.9080457396583,-7.18870488318019,0 107.9080413441839,-7.188775313344478,0 107.9080998581858,-7.188776226933229,0 107.9080791566036,-7.188779013111106,0 107.9081477555325,-7.188777720272494,0 107.9081910342714,-7.188778014455312,0 107.9082313378421,-7.188781931388759,0 107.9083735863084,-7.188781088903681,0 107.9083754326076,-7.188766051157635,0 107.9083781338743,-7.188709863130825,0 107.9083804836673,-7.188669465748728,0 107.9083836684925,-7.188614351830397,0 107.9083836945207,-7.188598402881784,0 107.9083856253204,-7.188549465504405,0 107.9083895554281,-7.188489278178313,0 107.9083814518964,-7.188478226850767,0 107.9083787851648,-7.188461166962038,0 107.9083773801716,-7.188440874381969,0 107.908378876018,-7.18842390390478,0 107.9083780506267,-7.188406677024734,0 107.9083790947183,-7.18839030015781,0 107.9083810187756,-7.188363254059896,0 107.9083797379216,-7.18834151131758,0 107.9083387048337,-7.188342169577842,0 
					</coordinates>
				</LinearRing>
			</outerBoundaryIs>
		</Polygon>
	</Placemark>
	<Placemark id="0342A190F84129653041">
		<name>SWH-15</name>
		<LookAt>
			<longitude>107.9080475561778</longitude>
			<latitude>-7.188393565011055</latitude>
			<altitude>703.2905493507512</altitude>
			<heading>76.62117101577739</heading>
			<tilt>14.8352498693862</tilt>
			<gx:fovy>35</gx:fovy>
			<range>231.5791230687319</range>
			<altitudeMode>absolute</altitudeMode>
		</LookAt>
		<styleUrl>#__managed_style_0EC17C784F41292591D6</styleUrl>
		<Polygon>
			<outerBoundaryIs>
				<LinearRing>
					<coordinates>
						107.9081333977984,-7.187790499119394,0 107.9081078606408,-7.187801694608996,0 107.9080749684414,-7.1878033456591,0 107.9080293107986,-7.187813647153267,0 107.9080044949755,-7.187824137069192,0 107.9079991863025,-7.18785161813361,0 107.9079956990893,-7.187949242693657,0 107.9079910816259,-7.188022331317922,0 107.9079878212906,-7.188063940233248,0 107.907980541484,-7.188137057471576,0 107.9079746258193,-7.188274432599975,0 107.9079743085888,-7.18831480202088,0 107.908046759932,-7.188324250387948,0 107.9080892949944,-7.188328255594155,0 107.9081009564178,-7.188336203402793,0 107.9081816891101,-7.188337746898148,0 107.9082464618806,-7.188344097591944,0 107.9082463061042,-7.188333317174632,0 107.9082469222828,-7.188278905228262,0 107.9082502517135,-7.188197462716745,0 107.9082525546146,-7.188119728078692,0 107.9082533706032,-7.188056885698218,0 107.9082547278866,-7.187978654855273,0 107.9082563574819,-7.187939470717062,0 107.9082610207647,-7.187891738999388,0 107.9082641684511,-7.187793527636193,0 107.9082471464283,-7.187781471968154,0 107.9082072194787,-7.187780402380796,0 107.9081653262904,-7.187790267135719,0 107.9081333977984,-7.187790499119394,0 
					</coordinates>
				</LinearRing>
			</outerBoundaryIs>
		</Polygon>
	</Placemark>
	<Placemark id="03F64D6CA84129694C68">
		<name>SWH-17</name>
		<LookAt>
			<longitude>107.906289986064</longitude>
			<latitude>-7.187911743070547</latitude>
			<altitude>703.6347747948959</altitude>
			<heading>130.2191776693317</heading>
			<tilt>4.993631844421278</tilt>
			<gx:fovy>35</gx:fovy>
			<range>28.92672465656233</range>
			<altitudeMode>absolute</altitudeMode>
		</LookAt>
		<styleUrl>#__managed_style_0EC17C784F41292591D6</styleUrl>
		<Polygon>
			<outerBoundaryIs>
				<LinearRing>
					<coordinates>
						107.9062783445378,-7.187904225204018,0 107.9062980843534,-7.187869566267572,0 107.9063160674195,-7.187836446000237,0 107.9063376675672,-7.187808352358704,0 107.9063169872151,-7.187794699989293,0 107.9062835400036,-7.187774976567733,0 107.9062614637399,-7.187765244741511,0 107.9062449528313,-7.187787969396924,0 107.9062221589653,-7.18782944694384,0 107.9061967784461,-7.18787407686285,0 107.9062783445378,-7.187904225204018,0 
					</coordinates>
				</LinearRing>
			</outerBoundaryIs>
		</Polygon>
	</Placemark>
	<Placemark id="05FF2E2500412971AA70">
		<name>SWH-18</name>
		<LookAt>
			<longitude>107.9125758064369</longitude>
			<latitude>-7.185547652399396</latitude>
			<altitude>687.01514887951</altitude>
			<heading>97.76524715449493</heading>
			<tilt>26.78869380836257</tilt>
			<gx:fovy>35</gx:fovy>
			<range>356.2236864384977</range>
			<altitudeMode>absolute</altitudeMode>
		</LookAt>
		<styleUrl>#__managed_style_0EC17C784F41292591D6</styleUrl>
		<Polygon>
			<outerBoundaryIs>
				<LinearRing>
					<coordinates>
						107.9118478131908,-7.185892455633801,0 107.911849246803,-7.185929190297327,0 107.9118602260355,-7.185969277076573,0 107.9118656060819,-7.185989588333692,0 107.9118739758469,-7.186023426863724,0 107.911879481758,-7.18604716806507,0 107.9118868635574,-7.186075588110166,0 107.9118989229593,-7.186098066908555,0 107.9119074734051,-7.186104680648381,0 107.9119175275971,-7.18611274199495,0 107.9119251129964,-7.186117500845645,0 107.9119271043083,-7.186130105599822,0 107.9119287572244,-7.186149231303792,0 107.9119306791389,-7.186160354767225,0 107.9119379105385,-7.186164166742727,0 107.9119567424882,-7.186162559713866,0 107.9120344202975,-7.186151474284134,0 107.9120437163205,-7.186150742977861,0 107.912034162645,-7.186165479161984,0 107.9120397826293,-7.186179725221842,0 107.9120540036945,-7.186196269441481,0 107.9120696144761,-7.186211626488534,0 107.91208195926,-7.186225352881103,0 107.9120969854764,-7.186237011580375,0 107.9121010815934,-7.186247365001348,0 107.9121171858669,-7.186259598160393,0 107.9121409236255,-7.186254101785289,0 107.9121723144704,-7.186241266848073,0 107.9121957908692,-7.186220112531521,0 107.9122207203888,-7.186194914442249,0 107.9122455543353,-7.186170048318012,0 107.9122714863199,-7.186152709104139,0 107.9122809544404,-7.186130131879636,0 107.9122703845329,-7.186117755221105,0 107.9123015231341,-7.186103663541644,0 107.9124266916622,-7.186081014986833,0 107.9127154255937,-7.186011777947775,0 107.9127266518837,-7.185950431098326,0 107.9127326744107,-7.185890822789208,0 107.9127448180579,-7.185819518907576,0 107.9127563329354,-7.185728043952992,0 107.9127821912116,-7.185644311249188,0 107.9127930210169,-7.185539607961984,0 107.9127919471814,-7.185466399037927,0 107.9127864073832,-7.185396233073688,0 107.9127934605863,-7.185308835522515,0 107.9127982962699,-7.185207028339445,0 107.9127585326338,-7.185095520161271,0 107.9126663273392,-7.185037465631462,0 107.9125758429042,-7.184999431751919,0 107.912399444151,-7.185000879382494,0 107.9123480993184,-7.185005853857313,0 107.9123060127792,-7.185022239800043,0 107.912252986886,-7.185063430385733,0 107.9122149778307,-7.185131691806842,0 107.9121987473789,-7.185173944159974,0 107.9121679825817,-7.185183959377128,0 107.9121335511066,-7.185169770095969,0 107.9119705250889,-7.185132013915548,0 107.9119246041165,-7.185111749118463,0 107.9118300099144,-7.185088337805317,0 107.9118146784989,-7.185127978440184,0 107.9118142100738,-7.185151760494634,0 107.9116953521969,-7.185165046637676,0 107.9116256751175,-7.185176003493882,0 107.9116266838615,-7.185275511073976,0 107.9116587439642,-7.18540223209426,0 107.9116940470572,-7.185549632160495,0 107.9117106599558,-7.18563799399874,0 107.9117426718425,-7.185726822059747,0 107.9117510806167,-7.185812176021845,0 107.9117689378661,-7.185863995933571,0 107.9117770956319,-7.185888121094553,0 107.9118478131908,-7.185892455633801,0 
					</coordinates>
				</LinearRing>
			</outerBoundaryIs>
		</Polygon>
	</Placemark>
	<Placemark id="08A36B7A264129727BE3">
		<name>SWH-19</name>
		<LookAt>
			<longitude>107.9121441606474</longitude>
			<latitude>-7.18575767194687</latitude>
			<altitude>687.1930679424694</altitude>
			<heading>98.25934068845761</heading>
			<tilt>27.12848378660689</tilt>
			<gx:fovy>35</gx:fovy>
			<range>178.5622766852066</range>
			<altitudeMode>absolute</altitudeMode>
		</LookAt>
		<styleUrl>#__managed_style_0EC17C784F41292591D6</styleUrl>
		<Polygon>
			<outerBoundaryIs>
				<LinearRing>
					<coordinates>
						107.9118455638679,-7.185887049414437,0 107.9118518456386,-7.185925763269807,0 107.9118627996077,-7.185975401583238,0 107.911872128072,-7.186009062180194,0 107.9118781084761,-7.18603425409378,0 107.9118846624528,-7.18606100044846,0 107.9118929796364,-7.186088972044667,0 107.9119052177173,-7.18610584983649,0 107.9119178355279,-7.186112599541944,0 107.9119246415644,-7.186135676862376,0 107.9119295488767,-7.186164365217317,0 107.9119637299024,-7.186159688845027,0 107.9119944905105,-7.186156763201479,0 107.9120291869212,-7.186152389018458,0 107.9120446497638,-7.18614867475705,0 107.9121144650923,-7.186137532343543,0 107.9121830536365,-7.186123683698835,0 107.9122257026833,-7.186115758625707,0 107.9122786241028,-7.186113528906725,0 107.9122851470233,-7.186098390935197,0 107.9122717410097,-7.186043376924635,0 107.9122546731498,-7.18598139224368,0 107.9122300638367,-7.185858159291996,0 107.9122196882724,-7.185817868162664,0 107.9121578856452,-7.185826378080375,0 107.9121288983159,-7.185831440803391,0 107.9121141980319,-7.185831476520973,0 107.9120713617997,-7.185845788545807,0 107.9120186039005,-7.185856681989222,0 107.9118914634656,-7.185878326827184,0 107.9118455638679,-7.185887049414437,0 
					</coordinates>
				</LinearRing>
			</outerBoundaryIs>
		</Polygon>
	</Placemark>
	<Placemark id="0CCB27875E4129735E11">
		<name>SWH-20</name>
		<LookAt>
			<longitude>107.9127350216655</longitude>
			<latitude>-7.186090647772523</latitude>
			<altitude>691.8397779746723</altitude>
			<heading>95.19807090374728</heading>
			<tilt>32.17820050788715</tilt>
			<gx:fovy>35</gx:fovy>
			<range>299.3381162914375</range>
			<altitudeMode>absolute</altitudeMode>
		</LookAt>
		<styleUrl>#__managed_style_0EC17C784F41292591D6</styleUrl>
		<Polygon>
			<outerBoundaryIs>
				<LinearRing>
					<coordinates>
						107.9122239411879,-7.18581872639017,0 107.9122346285977,-7.185880052572829,0 107.9122554578302,-7.185962903667254,0 107.9122770407295,-7.186059553463758,0 107.9122879155886,-7.186109772660144,0 107.9123198687747,-7.186105549798081,0 107.9123558615735,-7.186096532831056,0 107.912462630681,-7.186078203160863,0 107.9125124217029,-7.186045437814919,0 107.9125787073337,-7.186005940273104,0 107.9126122053793,-7.185991924975377,0 107.9126894115472,-7.185999360899253,0 107.9127186423574,-7.185987813337318,0 107.9127388844144,-7.185879970834574,0 107.9127485294182,-7.185798359110945,0 107.9127612476453,-7.185711941245579,0 107.9127123738232,-7.185709451440402,0 107.912633413275,-7.185728825138022,0 107.9125313774396,-7.185749896637787,0 107.9124053704106,-7.185776854039472,0 107.9122933298321,-7.185795928578504,0 107.9122239411879,-7.18581872639017,0 
					</coordinates>
				</LinearRing>
			</outerBoundaryIs>
		</Polygon>
	</Placemark>
	<Placemark id="018508B843412974082E">
		<name>SWH-21</name>
		<LookAt>
			<longitude>107.9125094284326</longitude>
			<latitude>-7.185855074880985</latitude>
			<altitude>688.5817900641338</altitude>
			<heading>95.19821848649737</heading>
			<tilt>32.1774280921415</tilt>
			<gx:fovy>35</gx:fovy>
			<range>138.0369742990297</range>
			<altitudeMode>absolute</altitudeMode>
		</LookAt>
		<styleUrl>#__managed_style_0EC17C784F41292591D6</styleUrl>
		<Polygon>
			<outerBoundaryIs>
				<LinearRing>
					<coordinates>
						107.9123665853701,-7.185773182193078,0 107.9124412765689,-7.185765564280945,0 107.9125094195915,-7.185748118139715,0 107.9125720439539,-7.185738581691901,0 107.9126291085459,-7.185727827530911,0 107.9126994119147,-7.185715713555047,0 107.9127294550929,-7.185709956100292,0 107.912747504085,-7.185708259701344,0 107.9127723858911,-7.185701987423942,0 107.912776265792,-7.185693890510921,0 107.9127791521689,-7.185669072838076,0 107.912782268716,-7.185641982224086,0 107.9127813656484,-7.185622475979144,0 107.9127846796625,-7.185592433705614,0 107.9127878838109,-7.185566064430217,0 107.9127869377072,-7.185537995376627,0 107.9127856261523,-7.185519892032268,0 107.9127725440497,-7.18551997206277,0 107.9127433253329,-7.185520090513445,0 107.9127140821586,-7.185520753013988,0 107.912643487265,-7.185522996502842,0 107.9125799201136,-7.185530023222027,0 107.9125093864773,-7.185534525365045,0 107.9124283970446,-7.185540208058757,0 107.9123655584528,-7.185546905914608,0 107.9122883813659,-7.185549686566855,0 107.9122441611646,-7.185546941005241,0 107.9122513592774,-7.185643799680057,0 107.9122592221326,-7.185750565411888,0 107.9122641822104,-7.185803620951,0 107.9123665853701,-7.185773182193078,0 
					</coordinates>
				</LinearRing>
			</outerBoundaryIs>
		</Polygon>
	</Placemark>
	<Placemark id="0E0EAA50F7412974ADC1">
		<name>SWH-22</name>
		<LookAt>
			<longitude>107.9124768256046</longitude>
			<latitude>-7.185564917824425</latitude>
			<altitude>686.8839773510276</altitude>
			<heading>90.99147254565256</heading>
			<tilt>30.88969255629293</tilt>
			<gx:fovy>35</gx:fovy>
			<range>161.3242848253685</range>
			<altitudeMode>absolute</altitudeMode>
		</LookAt>
		<styleUrl>#__managed_style_0EC17C784F41292591D6</styleUrl>
		<Polygon>
			<outerBoundaryIs>
				<LinearRing>
					<coordinates>
						107.9122674393358,-7.185531901028531,0 107.9123065079881,-7.185529162622132,0 107.9123403619677,-7.185530378577375,0 107.9123978534555,-7.185526734430529,0 107.9124244523114,-7.185525042762562,0 107.9124481624231,-7.185523361934852,0 107.9124648599568,-7.185522984761233,0 107.9124754697921,-7.185522083908539,0 107.9124777122703,-7.185515149715556,0 107.9124766567295,-7.185508172371341,0 107.9124791439858,-7.185482728079045,0 107.9124793004099,-7.185449743775225,0 107.912480439273,-7.185405597802665,0 107.9124815974405,-7.185370963469358,0 107.9124842834192,-7.185336147179904,0 107.9124829290164,-7.185313494358208,0 107.9124823035638,-7.185304054707577,0 107.9124720813351,-7.185302465358886,0 107.9124319814671,-7.185307343531555,0 107.9123755443386,-7.185311947478957,0 107.9123147662005,-7.185308695022693,0 107.9122618898367,-7.185309040286046,0 107.9122400479092,-7.185317651627876,0 107.9122305636288,-7.185346975772139,0 107.9122319471165,-7.185373214114265,0 107.9122409359788,-7.185426900468506,0 107.9122304923142,-7.185444882065025,0 107.9122255031761,-7.185483813951382,0 107.9122245895661,-7.18554583668839,0 107.9122674393358,-7.185531901028531,0 
					</coordinates>
				</LinearRing>
			</outerBoundaryIs>
		</Polygon>
	</Placemark>
	<Placemark id="05FAD80F8E41297567B7">
		<name>SWH-23</name>
		<LookAt>
			<longitude>107.9125756266045</longitude>
			<latitude>-7.185367268084389</latitude>
			<altitude>687.7013409477742</altitude>
			<heading>79.07108660953949</heading>
			<tilt>44.59344345334073</tilt>
			<gx:fovy>35</gx:fovy>
			<range>46.96918491537872</range>
			<altitudeMode>absolute</altitudeMode>
		</LookAt>
		<styleUrl>#__managed_style_0EC17C784F41292591D6</styleUrl>
		<Polygon>
			<outerBoundaryIs>
				<LinearRing>
					<coordinates>
						107.9126791457162,-7.185307401864674,0 107.9126572141619,-7.185309119467105,0 107.9126328922752,-7.185309464006012,0 107.9126103458814,-7.185309717622132,0 107.9125886790535,-7.18530858777809,0 107.9125632346479,-7.185308576275868,0 107.9125465332141,-7.185305582243304,0 107.9125178184065,-7.185308596676975,0 107.9124986266587,-7.185308289747153,0 107.9124901138612,-7.185313673589875,0 107.9124893411606,-7.185321147723529,0 107.9124896257495,-7.185338882683854,0 107.9124884658502,-7.185359604731062,0 107.9124881917673,-7.185401127840568,0 107.9124849753191,-7.18545582884737,0 107.9124831102986,-7.185489602866979,0 107.9124828031658,-7.185514937587831,0 107.9124990141536,-7.185514364791179,0 107.9125525669251,-7.185509608098124,0 107.91259717184,-7.185504775675345,0 107.9126550843605,-7.18550214790083,0 107.9127196721464,-7.185502005090944,0 107.9127597298442,-7.185499483472429,0 107.9127617777692,-7.185468505534101,0 107.9127657152443,-7.185416307764187,0 107.9127657823175,-7.185356732026415,0 107.9127410919916,-7.185346675737769,0 107.9126961624535,-7.185343350242013,0 107.9126858312322,-7.185331191832359,0 107.9126917559333,-7.185307749100646,0 107.9126791457162,-7.185307401864674,0 
					</coordinates>
				</LinearRing>
			</outerBoundaryIs>
		</Polygon>
	</Placemark>
	<Placemark id="0895BD271C41297659FC">
		<name>SWH-24</name>
		<LookAt>
			<longitude>107.9118758447173</longitude>
			<latitude>-7.185882269671508</latitude>
			<altitude>688.2257997687307</altitude>
			<heading>79.12071663601159</heading>
			<tilt>41.95675369596713</tilt>
			<gx:fovy>35</gx:fovy>
			<range>185.7694091501253</range>
			<altitudeMode>absolute</altitudeMode>
		</LookAt>
		<styleUrl>#__managed_style_0EC17C784F41292591D6</styleUrl>
		<Polygon>
			<outerBoundaryIs>
				<LinearRing>
					<coordinates>
						107.9121936038538,-7.185549373342526,0 107.912149495094,-7.185559008968323,0 107.9121088649908,-7.185561489829619,0 107.9120597146952,-7.185563386020451,0 107.9120024608337,-7.185570447664793,0 107.9119616533926,-7.185577583362009,0 107.9119234611703,-7.185579267338915,0 107.911873719765,-7.185589096975414,0 107.9118405805609,-7.185591112407142,0 107.9117946828523,-7.185593757677211,0 107.9117568512653,-7.185595251434331,0 107.9117257412842,-7.185598886577702,0 107.9117340870861,-7.185634598088091,0 107.9117477972923,-7.185695115710417,0 107.9117625179769,-7.18573992364577,0 107.9117734229476,-7.185788751591177,0 107.9117837508885,-7.185837592993931,0 107.9117978548323,-7.185890989504413,0 107.9118338757703,-7.185886322882319,0 107.9119007190976,-7.185867035109273,0 107.9119302263956,-7.185867074060321,0 107.9119769261246,-7.185858475870182,0 107.9120285385192,-7.185851759361465,0 107.9120822443908,-7.185838357572718,0 107.9120985306446,-7.185836326879676,0 107.9121071773383,-7.185831873218732,0 107.9121254234081,-7.185829075484156,0 107.9121421804859,-7.185832021938408,0 107.9121613073986,-7.185826512375107,0 107.9122061563655,-7.185813110045717,0 107.9122277678628,-7.185804751477999,0 107.9122402526914,-7.185800010042791,0 107.9122614593746,-7.185797904064573,0 107.9122663954418,-7.185793153391958,0 107.9122612059568,-7.185760033032971,0 107.9122580341954,-7.185702945203459,0 107.9122500086932,-7.185661358946651,0 107.9122500133467,-7.18561907988789,0 107.912248491597,-7.185583685914617,0 107.9122460550863,-7.185550285449692,0 107.9121936038538,-7.185549373342526,0 
					</coordinates>
				</LinearRing>
			</outerBoundaryIs>
		</Polygon>
	</Placemark>
	<Placemark id="00B52583BE412978E0B0">
		<name>SWH-25</name>
		<LookAt>
			<longitude>107.9119627342373</longitude>
			<latitude>-7.185371512920742</latitude>
			<altitude>688.1717109489269</altitude>
			<heading>78.20412251715574</heading>
			<tilt>42.47612685250583</tilt>
			<gx:fovy>35</gx:fovy>
			<range>226.0517059958148</range>
			<altitudeMode>absolute</altitudeMode>
		</LookAt>
		<styleUrl>#__managed_style_0EC17C784F41292591D6</styleUrl>
		<Polygon>
			<outerBoundaryIs>
				<LinearRing>
					<coordinates>
						107.9122215553566,-7.185547407051761,0 107.912223914769,-7.185505315223351,0 107.9122231346296,-7.185451928361405,0 107.9122198541389,-7.185408018226514,0 107.9122190589821,-7.185382053359629,0 107.9122123853993,-7.185370718084686,0 107.9122152436665,-7.185344270190507,0 107.9122200285571,-7.185323243223591,0 107.9122183313707,-7.185314378372429,0 107.9122073610037,-7.185314830389046,0 107.9121897922449,-7.185314965840678,0 107.9121723743565,-7.185311050651606,0 107.9121324014144,-7.185302102074547,0 107.9121112634851,-7.185296092638918,0 107.9120839848778,-7.185298773427247,0 107.9120681376565,-7.185287733143749,0 107.9120500568188,-7.185284464185709,0 107.9120334283759,-7.185281931034599,0 107.9120167568989,-7.185279974373052,0 107.9119365776764,-7.185261682528509,0 107.9118765140562,-7.18525280016831,0 107.9118424651698,-7.185246256460707,0 107.9118297183037,-7.185209728189207,0 107.9118294725101,-7.185158635486862,0 107.9117887239697,-7.18514910926283,0 107.9117116698058,-7.185162360866232,0 107.9116750677251,-7.185162797864919,0 107.9116437688137,-7.18516998894034,0 107.9116259483865,-7.185173678283899,0 107.9116190662958,-7.185215591443851,0 107.9116290406628,-7.185238944007651,0 107.911641207298,-7.185268248384254,0 107.9116565487088,-7.185290140339034,0 107.9116643423833,-7.185310765272709,0 107.9116742930037,-7.185345573185748,0 107.9116829411085,-7.185390628569964,0 107.9116861080412,-7.185414127386506,0 107.9116900001909,-7.185437507193916,0 107.9116876661037,-7.185449990268467,0 107.9116944841304,-7.18547907155254,0 107.9117010622717,-7.185496439423991,0 107.911707663786,-7.185537150607143,0 107.9117094353177,-7.185559864111136,0 107.9117127644214,-7.185581075254879,0 107.9117211122195,-7.185588493290434,0 107.9117322923693,-7.185591124622578,0 107.9117505297296,-7.185587169980821,0 107.9117799108105,-7.185588894837343,0 107.9117933864051,-7.185591408914845,0 107.9118133735882,-7.185590770586198,0 107.91183410041,-7.185586347837414,0 107.9118512539484,-7.185586148660303,0 107.9118696320849,-7.185587500078362,0 107.9118819689037,-7.185586305429302,0 107.9119164484428,-7.185581288612799,0 107.9119355984326,-7.185579026284492,0 107.9119611099224,-7.18557610029539,0 107.911978270525,-7.185573022827956,0 107.9120148125012,-7.185567765845893,0 107.9120429009895,-7.185565791916227,0 107.9120751737092,-7.185562211230115,0 107.9121071782508,-7.18555873043436,0 107.9121396084923,-7.185555177173557,0 107.9121803570669,-7.185553334085008,0 107.9122215553566,-7.185547407051761,0 
					</coordinates>
				</LinearRing>
			</outerBoundaryIs>
		</Polygon>
	</Placemark>
	<Placemark id="06818DB860412979D6D0">
		<name>SWH-26</name>
		<LookAt>
			<longitude>107.9123871195507</longitude>
			<latitude>-7.185273404656376</latitude>
			<altitude>688.139237031471</altitude>
			<heading>76.72072343084376</heading>
			<tilt>6.580207984246558</tilt>
			<gx:fovy>35</gx:fovy>
			<range>105.4444023033284</range>
			<altitudeMode>absolute</altitudeMode>
		</LookAt>
		<styleUrl>#__managed_style_0EC17C784F41292591D6</styleUrl>
		<Polygon>
			<outerBoundaryIs>
				<LinearRing>
					<coordinates>
						107.9122058002864,-7.185307577236749,0 107.9122332241741,-7.185307641012403,0 107.912265710129,-7.185306487069146,0 107.9123082323278,-7.185306138264723,0 107.9123291817253,-7.185307531034073,0 107.9123525109095,-7.185310793823822,0 107.9123844877385,-7.185306134525603,0 107.9124156676622,-7.18530668609671,0 107.9124555405131,-7.185303278407883,0 107.9124920424194,-7.185301028238853,0 107.9125446516701,-7.185303028327374,0 107.9125833980821,-7.185304739062932,0 107.9126601599597,-7.185299534172782,0 107.9126843935393,-7.185312268945423,0 107.912748390511,-7.185313840151344,0 107.9128009489963,-7.185315741183707,0 107.9128091972404,-7.18525206655481,0 107.9128051702888,-7.185158211685401,0 107.9127858589442,-7.185084804533341,0 107.9127273991858,-7.18503752615741,0 107.912684671623,-7.185031077626427,0 107.9125999051985,-7.185032741925768,0 107.9125356343486,-7.185035904407508,0 107.9124696523303,-7.185018702441151,0 107.9124132092654,-7.185000253004142,0 107.9123436025447,-7.184999723703359,0 107.9122790052786,-7.185034165650506,0 107.9122284234278,-7.185074465972213,0 107.9121931679424,-7.185166148214034,0 107.912187052719,-7.185213209041581,0 107.9121698308002,-7.185300976451959,0 107.9122058002864,-7.185307577236749,0 
					</coordinates>
				</LinearRing>
			</outerBoundaryIs>
		</Polygon>
	</Placemark>
	<Placemark id="09C66676D241297AF499">
		<name>SWH-27</name>
		<LookAt>
			<longitude>107.913033055464</longitude>
			<latitude>-7.185688524732174</latitude>
			<altitude>687.7487822258258</altitude>
			<heading>76.45097177375077</heading>
			<tilt>2.129932400650134</tilt>
			<gx:fovy>35</gx:fovy>
			<range>137.4029510685432</range>
			<altitudeMode>absolute</altitudeMode>
		</LookAt>
		<styleUrl>#__managed_style_0EC17C784F41292591D6</styleUrl>
		<Polygon>
			<outerBoundaryIs>
				<LinearRing>
					<coordinates>
						107.9127996911153,-7.185859797909806,0 107.912812874644,-7.185848811781881,0 107.9128386448218,-7.185854771491198,0 107.9128747956199,-7.185851743857884,0 107.9129029008781,-7.185838825339841,0 107.9129269352161,-7.185821872424403,0 107.9129619201266,-7.185780465011129,0 107.9129864978865,-7.185759692380557,0 107.9129917253326,-7.185723401478486,0 107.9129867508214,-7.185710054704049,0 107.9129616544053,-7.185710196081605,0 107.912919272088,-7.185706102318716,0 107.9128793852382,-7.185707461806365,0 107.9128299037285,-7.185706203875485,0 107.9127923391606,-7.185707180703713,0 107.9127699147116,-7.185727919935816,0 107.9127574012359,-7.18573773761743,0 107.9127572256187,-7.185767836023502,0 107.9127532874985,-7.185806163890359,0 107.9127564559247,-7.18583603466265,0 107.9127532678804,-7.185869637465772,0 107.9127996911153,-7.185859797909806,0 
					</coordinates>
				</LinearRing>
			</outerBoundaryIs>
		</Polygon>
	</Placemark>
	<Placemark id="0ED4B98FF941297C53C4">
		<name>SWH-28</name>
		<LookAt>
			<longitude>107.9128635492846</longitude>
			<latitude>-7.18572960740445</latitude>
			<altitude>687.9092529744142</altitude>
			<heading>76.45100127458305</heading>
			<tilt>2.129913976660223</tilt>
			<gx:fovy>35</gx:fovy>
			<range>82.2764042640938</range>
			<altitudeMode>absolute</altitudeMode>
		</LookAt>
		<styleUrl>#__managed_style_0EC17C784F41292591D6</styleUrl>
		<Polygon>
			<outerBoundaryIs>
				<LinearRing>
					<coordinates>
						107.9127972726422,-7.18558630696636,0 107.912795569694,-7.18560675252277,0 107.9127921029937,-7.185634675689257,0 107.9127886359951,-7.185676969715725,0 107.9127912796805,-7.185704347176681,0 107.9128232457141,-7.185703707700822,0 107.9128578693193,-7.185705036917848,0 107.9128892740695,-7.185705108332098,0 107.9129118996006,-7.185704776656916,0 107.9129344737196,-7.185703960559082,0 107.912947653155,-7.185704895471789,0 107.9129649958545,-7.185705864354814,0 107.9129810002822,-7.18570562326846,0 107.9129983776173,-7.185704545711425,0 107.9129999885582,-7.185683141594293,0 107.9130046398028,-7.185644029149605,0 107.9130082091337,-7.185604576484562,0 107.9130094076454,-7.185587795062746,0 107.9129880653246,-7.185587827456939,0 107.9129595501967,-7.185586006723775,0 107.9129207632285,-7.185586751313222,0 107.9128903642385,-7.185587555093726,0 107.9128601717163,-7.185588839519416,0 107.9128258449926,-7.185587532549201,0 107.9127972726422,-7.18558630696636,0 
					</coordinates>
				</LinearRing>
			</outerBoundaryIs>
		</Polygon>
	</Placemark>
	<Placemark id="0955B336B741297D2FF3">
		<name>SWH-29</name>
		<LookAt>
			<longitude>107.9129116846629</longitude>
			<latitude>-7.18548077226925</latitude>
			<altitude>687.5815507494668</altitude>
			<heading>76.74095854575606</heading>
			<tilt>4.081484521015459</tilt>
			<gx:fovy>35</gx:fovy>
			<range>92.71324248939891</range>
			<altitudeMode>absolute</altitudeMode>
		</LookAt>
		<styleUrl>#__managed_style_0EC17C784F41292591D6</styleUrl>
		<Polygon>
			<outerBoundaryIs>
				<LinearRing>
					<coordinates>
						107.9128248791028,-7.185588936486052,0 107.9128614997357,-7.18558971259037,0 107.9129118534194,-7.185589515471838,0 107.9129429984563,-7.185590362547229,0 107.9129761832968,-7.185588482758409,0 107.9130066330385,-7.1855904272521,0 107.9130105692468,-7.185580869355572,0 107.913018156454,-7.185546809891468,0 107.9130209422999,-7.185503496212226,0 107.91302369245,-7.185471756054062,0 107.9130216713752,-7.185441373756635,0 107.9130090970945,-7.185422816342677,0 107.9129874624943,-7.185398532711107,0 107.9129540833124,-7.185389917872295,0 107.9129222912759,-7.185374998926079,0 107.9128945950041,-7.185369803326063,0 107.9128620266775,-7.185371138946204,0 107.9128331616653,-7.185371694536625,0 107.912797211678,-7.185364917827108,0 107.9127951097223,-7.185374691068874,0 107.9127948577025,-7.185405548110116,0 107.9127953220993,-7.18543471244893,0 107.912798127593,-7.185462267794099,0 107.9128013174153,-7.185491207011163,0 107.9128006661501,-7.185506358697916,0 107.9128013768447,-7.185535072730632,0 107.91279908916,-7.185550556977824,0 107.9127997125038,-7.185571652427321,0 107.9127996205363,-7.185586954206664,0 107.9128248791028,-7.185588936486052,0 
					</coordinates>
				</LinearRing>
			</outerBoundaryIs>
		</Polygon>
	</Placemark>
	<Placemark id="02A3DC742B41297E0026">
		<name>SWH-30</name>
		<LookAt>
			<longitude>107.9137016291068</longitude>
			<latitude>-7.185504943980591</latitude>
			<altitude>686.8532364287871</altitude>
			<heading>74.31991434515602</heading>
			<tilt>0</tilt>
			<gx:fovy>35</gx:fovy>
			<range>137.0601891404112</range>
			<altitudeMode>absolute</altitudeMode>
		</LookAt>
		<styleUrl>#__managed_style_0EC17C784F41292591D6</styleUrl>
		<Polygon>
			<outerBoundaryIs>
				<LinearRing>
					<coordinates>
						107.9134660984106,-7.185419625656988,0 107.9134597992781,-7.185448185801044,0 107.9134555752992,-7.185467981928339,0 107.9134336799687,-7.185477539385006,0 107.91340927628,-7.185490440144344,0 107.9133936060567,-7.185492403318336,0 107.9133778887834,-7.185498032464092,0 107.9134036599838,-7.185541909595923,0 107.9134271346069,-7.18557269174605,0 107.9134601032427,-7.185620908382362,0 107.9134955848446,-7.185673714320771,0 107.9135417220172,-7.185739286500535,0 107.9135667482746,-7.185777557113386,0 107.9135949382802,-7.185813829161959,0 107.9136117733778,-7.18583073342424,0 107.913614917251,-7.185777972777053,0 107.9136222590445,-7.185707419754163,0 107.9136345887608,-7.185645574328012,0 107.9136400266031,-7.185616997398864,0 107.9136416969098,-7.185600481048153,0 107.9136306371722,-7.185588043762884,0 107.9136187395389,-7.185581883084679,0 107.9136071331036,-7.18557302559355,0 107.9135818543032,-7.185554004261774,0 107.9135685873989,-7.185535463323466,0 107.913556272645,-7.185523279031656,0 107.9135476453832,-7.185512070486186,0 107.9135458635148,-7.18549984587945,0 107.9135454259372,-7.185479575456654,0 107.9135431096119,-7.185469481052285,0 107.9135388696892,-7.185463040871474,0 107.9135298876183,-7.185453147629178,0 107.9135205685402,-7.185450726544443,0 107.9135083755677,-7.18544796971012,0 107.9134969638852,-7.185446516570533,0 107.9134825804124,-7.185436955149632,0 107.9134765970173,-7.18542760504981,0 107.9134683753178,-7.185417930337162,0 107.9134660984106,-7.185419625656988,0 
					</coordinates>
				</LinearRing>
			</outerBoundaryIs>
		</Polygon>
	</Placemark>
	<Placemark id="0AE2684E5241297EC27E">
		<name>SWH-31</name>
		<LookAt>
			<longitude>107.9139465709813</longitude>
			<latitude>-7.185742996368861</latitude>
			<altitude>688.1491309819295</altitude>
			<heading>74.74388641115924</heading>
			<tilt>0</tilt>
			<gx:fovy>35</gx:fovy>
			<range>239.1858257578133</range>
			<altitudeMode>absolute</altitudeMode>
		</LookAt>
		<styleUrl>#__managed_style_0EC17C784F41292591D6</styleUrl>
		<Polygon>
			<outerBoundaryIs>
				<LinearRing>
					<coordinates>
						107.9136785434919,-7.185866059422249,0 107.9137529421922,-7.185872431183223,0 107.9138234458306,-7.185866742251584,0 107.9138973774959,-7.185853738123861,0 107.9139472448503,-7.185884162151384,0 107.9140183084206,-7.185927873319208,0 107.9140347397066,-7.185918964445113,0 107.9140707477142,-7.185888276734069,0 107.9141294047667,-7.185865350574292,0 107.9141592707132,-7.18584070724158,0 107.9142212073148,-7.185818920560783,0 107.9142567287216,-7.185756985544528,0 107.9142697301286,-7.185665064227062,0 107.9142423550954,-7.18562712457986,0 107.9142035657639,-7.185617386077873,0 107.914154967333,-7.18561787643513,0 107.9141243013536,-7.18561908298032,0 107.9140833935446,-7.185620432948513,0 107.9140584911613,-7.185620070381476,0 107.9140169624393,-7.185618756879306,0 107.9139809313961,-7.185621487614378,0 107.9139502727463,-7.185623603989365,0 107.9139179179977,-7.18561979764681,0 107.9138811473104,-7.185620001940993,0 107.913831261053,-7.185619286171631,0 107.9138085472504,-7.18561816917455,0 107.9137814769713,-7.185617721849828,0 107.9137556037329,-7.185615857495339,0 107.9137177081558,-7.185614134472428,0 107.9136878627368,-7.185610776438556,0 107.913662095689,-7.185610489902699,0 107.9136432710764,-7.185608282078816,0 107.9136409572992,-7.185615268299144,0 107.9136350604804,-7.185638073767473,0 107.9136277772643,-7.185675089828735,0 107.9136251288886,-7.185701874647763,0 107.9136222234558,-7.185731431010535,0 107.9136202695839,-7.185756466659667,0 107.9136163758415,-7.185789419293996,0 107.9136116566466,-7.185825113767052,0 107.9136785434919,-7.185866059422249,0 
					</coordinates>
				</LinearRing>
			</outerBoundaryIs>
		</Polygon>
	</Placemark>
	<Placemark id="07B0DB349C41297FE2FB">
		<name>SWH-32</name>
		<LookAt>
			<longitude>107.9139635410639</longitude>
			<latitude>-7.185501016310153</latitude>
			<altitude>686.4205318048071</altitude>
			<heading>68.30346881280573</heading>
			<tilt>12.22491813406001</tilt>
			<gx:fovy>35</gx:fovy>
			<range>64.24218653904973</range>
			<altitudeMode>absolute</altitudeMode>
		</LookAt>
		<styleUrl>#__managed_style_0EC17C784F41292591D6</styleUrl>
		<Polygon>
			<outerBoundaryIs>
				<LinearRing>
					<coordinates>
						107.9136654714687,-7.1856121377175,0 107.9137126080025,-7.185612985613346,0 107.9138110847944,-7.185616482032493,0 107.9138996397818,-7.185618941358794,0 107.9139492270042,-7.185614092519335,0 107.9139427194673,-7.185590100131457,0 107.9139399269779,-7.185573601626287,0 107.9139414073154,-7.18555334783317,0 107.9139386680358,-7.185532892985633,0 107.9139413989088,-7.185508934926741,0 107.9139411956307,-7.185479679731727,0 107.9139416556151,-7.18545613895071,0 107.9139400906695,-7.185421859733008,0 107.9139392293845,-7.185395976883606,0 107.9139393650771,-7.185374609869806,0 107.9139434049932,-7.185344391327672,0 107.9139427905504,-7.185334206918629,0 107.9139460136588,-7.18531781108528,0 107.9139412516267,-7.185306549507444,0 107.9139129252253,-7.185302083223666,0 107.9138819623985,-7.185299784150489,0 107.9138608123392,-7.185292949105777,0 107.9138220431022,-7.185295048104325,0 107.9137916728173,-7.185292804331652,0 107.9137604727551,-7.185287909326783,0 107.9137279347684,-7.185280387212823,0 107.9136832877891,-7.185274170967318,0 107.9136399794201,-7.185271355141212,0 107.9136010955296,-7.185264350969788,0 107.9135656010972,-7.185255059580419,0 107.9135509582826,-7.185254131264113,0 107.9135430424959,-7.185266354002491,0 107.9135328570044,-7.185286996768264,0 107.9135210572493,-7.18530567693343,0 107.913507395076,-7.185316903717037,0 107.9134991309236,-7.185336033582509,0 107.9134911616433,-7.185358882626725,0 107.9134801757467,-7.185374017717241,0 107.9134810002046,-7.185394523978303,0 107.9134810450519,-7.185410403296117,0 107.9134804661806,-7.18542960302528,0 107.9134865932741,-7.185442116781637,0 107.9134985710962,-7.18544788875517,0 107.9135168170182,-7.185449277185333,0 107.9135265745574,-7.185450454548231,0 107.9135369151343,-7.185461086998285,0 107.9135439044494,-7.185467449601547,0 107.9135475896122,-7.185477104939122,0 107.9135477722772,-7.18548300290794,0 107.9135458761469,-7.185497662064911,0 107.9135448863159,-7.185506313470461,0 107.9135493012407,-7.185515043697444,0 107.9135566123834,-7.18552254276034,0 107.9135682160404,-7.18553424457972,0 107.9135787609642,-7.185545584697548,0 107.9135889573935,-7.18555950585418,0 107.9136016881951,-7.185570813322697,0 107.9136212818182,-7.185582096849295,0 107.9136252025857,-7.185586151404147,0 107.9136356428416,-7.185587400833888,0 107.9136367101389,-7.18559225548968,0 107.9136415127989,-7.185600259465108,0 107.9136448802159,-7.185605452724583,0 107.9136654714687,-7.1856121377175,0 
					</coordinates>
				</LinearRing>
			</outerBoundaryIs>
		</Polygon>
	</Placemark>
	<Placemark id="095153598C4129815F68">
		<name>SWH-33</name>
		<LookAt>
			<longitude>107.9141398485934</longitude>
			<latitude>-7.185461165713189</latitude>
			<altitude>686.576122245594</altitude>
			<heading>68.3034597263631</heading>
			<tilt>13.46545630798912</tilt>
			<gx:fovy>35</gx:fovy>
			<range>98.42147380932147</range>
			<altitudeMode>absolute</altitudeMode>
		</LookAt>
		<styleUrl>#__managed_style_0EC17C784F41292591D6</styleUrl>
		<Polygon>
			<outerBoundaryIs>
				<LinearRing>
					<coordinates>
						107.9139729945877,-7.185619606698448,0 107.9140065723867,-7.185618047128005,0 107.9140465111226,-7.185618983820833,0 107.9140801688969,-7.185617697855216,0 107.9141152091221,-7.185616765853765,0 107.9141476978901,-7.185616198223752,0 107.9142037331719,-7.185610738345515,0 107.9142226339853,-7.185605207756379,0 107.9142131552079,-7.185572750452742,0 107.9142110805875,-7.18549275098582,0 107.9142111612155,-7.18545807767403,0 107.9142124526023,-7.185417402208472,0 107.9142151857615,-7.185354538450315,0 107.9142182917838,-7.185329238278698,0 107.9142111279156,-7.185299438761224,0 107.9141902929262,-7.185300448807782,0 107.9141613147414,-7.185297782527338,0 107.9141301641031,-7.185302153458728,0 107.9140950601695,-7.185307103646442,0 107.9140520966848,-7.185302015267703,0 107.9140261636295,-7.185303934271459,0 107.9139922143423,-7.185302557981549,0 107.9139436229563,-7.185306242856895,0 107.9139427561456,-7.185328861855306,0 107.9139408177764,-7.185347852453685,0 107.9139413363374,-7.185365593698935,0 107.9139396086666,-7.185384714947983,0 107.9139408231634,-7.185412178484341,0 107.91394137742,-7.185430538337505,0 107.9139407235991,-7.185454756536884,0 107.9139412150829,-7.185473265076541,0 107.9139429028196,-7.185489870523289,0 107.9139418339391,-7.185516252037972,0 107.9139384304824,-7.185536215431344,0 107.9139409695527,-7.185546690410102,0 107.9139421238368,-7.185569317089737,0 107.9139439950445,-7.185599598869656,0 107.9139496884097,-7.185620314922308,0 107.9139729945877,-7.185619606698448,0 
					</coordinates>
				</LinearRing>
			</outerBoundaryIs>
		</Polygon>
	</Placemark>
	<Placemark id="05353151964129821C90">
		<name>SWH-34</name>
		<LookAt>
			<longitude>107.9139056823985</longitude>
			<latitude>-7.184999493878438</latitude>
			<altitude>686.1890841793955</altitude>
			<heading>67.84674544840455</heading>
			<tilt>15.78996234369044</tilt>
			<gx:fovy>35</gx:fovy>
			<range>195.8397747631534</range>
			<altitudeMode>absolute</altitudeMode>
		</LookAt>
		<styleUrl>#__managed_style_0EC17C784F41292591D6</styleUrl>
		<Polygon>
			<outerBoundaryIs>
				<LinearRing>
					<coordinates>
						107.9137631080832,-7.185238400192516,0 107.9137647373618,-7.185201471913434,0 107.9137719109103,-7.185166009901442,0 107.9137789796417,-7.185134578458571,0 107.9137829726865,-7.185114900223905,0 107.9137956305467,-7.185046945007586,0 107.913799827769,-7.185007638601773,0 107.9138081427985,-7.184978111106149,0 107.9138125680382,-7.184941377022464,0 107.9138190272747,-7.184903303931057,0 107.9138278542377,-7.184866927966586,0 107.9138350312518,-7.184828867672747,0 107.9138453263508,-7.184794726896146,0 107.9138308363777,-7.184790342578244,0 107.9138059114142,-7.184787637480616,0 107.9137821436121,-7.184782854185936,0 107.9137515486246,-7.184771206141098,0 107.9137221366742,-7.184762118107104,0 107.9136879829369,-7.184748521327742,0 107.9136636393643,-7.184780470777227,0 107.9136422234224,-7.184819551959713,0 107.9136144289026,-7.184875984630398,0 107.9135862390221,-7.184932215407373,0 107.9135686291591,-7.184976008177379,0 107.9135617624225,-7.185031286364491,0 107.9135577804981,-7.185094373147547,0 107.9135611752796,-7.185150776173275,0 107.9135729195998,-7.185217309559309,0 107.9135856994646,-7.185243082261088,0 107.9136179288226,-7.185250219291152,0 107.9136278391713,-7.185256954208231,0 107.9136425750313,-7.185256296583858,0 107.9136615038102,-7.185256414516044,0 107.9136850450037,-7.185263828637538,0 107.9137214075308,-7.18526903902607,0 107.913759136192,-7.18527181747194,0 107.9137631080832,-7.185238400192516,0 
					</coordinates>
				</LinearRing>
			</outerBoundaryIs>
		</Polygon>
	</Placemark>
	<Placemark id="08F44E2ACD412985E69B">
		<name>SWH-35</name>
		<LookAt>
			<longitude>107.914061359613</longitude>
			<latitude>-7.1850080522576</latitude>
			<altitude>686.1232250124243</altitude>
			<heading>72.68126950234662</heading>
			<tilt>7.856288397712966</tilt>
			<gx:fovy>35</gx:fovy>
			<range>181.4352212474478</range>
			<altitudeMode>absolute</altitudeMode>
		</LookAt>
		<styleUrl>#__managed_style_0EC17C784F41292591D6</styleUrl>
		<Polygon>
			<outerBoundaryIs>
				<LinearRing>
					<coordinates>
						107.9137865590588,-7.185273559005601,0 107.9138038395231,-7.185274715311263,0 107.9138368414527,-7.185276692783359,0 107.9138550745577,-7.185281273770869,0 107.9138782567385,-7.185283619589983,0 107.9138960938248,-7.185287509571742,0 107.9139075504108,-7.185288034344244,0 107.9139290166374,-7.185289737785611,0 107.9139434873429,-7.185291540926678,0 107.9139606292609,-7.185292445606142,0 107.9139670492855,-7.185292343580766,0 107.9139751117592,-7.185288543334699,0 107.913975830197,-7.185282213864233,0 107.9139780702246,-7.185274822209258,0 107.9139795376938,-7.185255614486544,0 107.9139833725603,-7.185243225268469,0 107.9139854562113,-7.185223005454779,0 107.9139882112204,-7.18521289948941,0 107.9139895807861,-7.185194853347046,0 107.913991220733,-7.185182481002679,0 107.9139963536642,-7.185171928955445,0 107.9140004689257,-7.185157188247954,0 107.9140019146206,-7.185142462670708,0 107.914004785226,-7.185127186194933,0 107.9140064990555,-7.185111828296134,0 107.9140082337519,-7.185100008562046,0 107.9140138745542,-7.18507527209369,0 107.914015159103,-7.185063327129269,0 107.9140172750475,-7.185057663662298,0 107.9140188289568,-7.185051021546333,0 107.9140197877971,-7.18504053887493,0 107.9140210471973,-7.185029883613296,0 107.9140237406481,-7.185016910297427,0 107.9140256683827,-7.185003365140723,0 107.9140287325269,-7.184985477084555,0 107.9140303113195,-7.184972324819998,0 107.9140341362152,-7.184957595132969,0 107.9140373610033,-7.184939914400613,0 107.9140386891937,-7.184930893886563,0 107.9140397674331,-7.184911087590396,0 107.9140443062317,-7.184906588074123,0 107.9140430903475,-7.184899569615603,0 107.9140425178081,-7.184888347746772,0 107.9140445800135,-7.184881448865746,0 107.9140470540613,-7.184872121563266,0 107.914047317094,-7.18486537466589,0 107.9140507583207,-7.184854259821872,0 107.9140553907295,-7.184842170312448,0 107.9140528719332,-7.184835020252522,0 107.9140437003227,-7.184832723084026,0 107.914036078849,-7.184829876432222,0 107.9140268191459,-7.184826811462326,0 107.914016888531,-7.184823171397038,0 107.9140050839344,-7.184820794600893,0 107.913997088743,-7.184819153019726,0 107.9139869829023,-7.184812209506036,0 107.9139773541909,-7.184805139747721,0 107.9139659240608,-7.184801152224497,0 107.9139577117055,-7.184799342534657,0 107.9139392271978,-7.184798482486999,0 107.913921900936,-7.184795051648507,0 107.9138943554246,-7.184795367927787,0 107.9138839169601,-7.184794360067652,0 107.913872926461,-7.18479350615647,0 107.9138487886244,-7.184792451831084,0 107.9138466224353,-7.184795997540174,0 107.9138442524531,-7.184809231490949,0 107.9138395145319,-7.184831552364225,0 107.9138346625476,-7.184851747895939,0 107.9138303941684,-7.184867142247741,0 107.9138280318338,-7.184881371658491,0 107.9138248035679,-7.184892504317214,0 107.913822575238,-7.184912945259043,0 107.9138193835956,-7.184935853632967,0 107.9138164014572,-7.184953769441618,0 107.9138143115827,-7.184975983565773,0 107.9138074450888,-7.184994365913594,0 107.9138042317351,-7.185013049047909,0 107.9138019563194,-7.185026525683585,0 107.9137992141709,-7.185039845454023,0 107.9137971003256,-7.185052310431475,0 107.91379232446,-7.185076357750026,0 107.9137892356945,-7.185099174748399,0 107.9137857667334,-7.18511770993543,0 107.9137813064017,-7.185133881978915,0 107.9137786576736,-7.185152456788059,0 107.9137768853781,-7.185161748376723,0 107.913774592046,-7.185175230083424,0 107.9137704733906,-7.185188937356989,0 107.9137689413426,-7.185201291802159,0 107.9137671582883,-7.185214771522858,0 107.9137666712542,-7.185228214029492,0 107.9137632150947,-7.185246315295482,0 107.9137608417433,-7.185272205873437,0 107.9137865590588,-7.185273559005601,0 
					</coordinates>
				</LinearRing>
			</outerBoundaryIs>
		</Polygon>
	</Placemark>
	<Placemark id="0C155E9E7F412986D376">
		<name>SWH-36</name>
		<LookAt>
			<longitude>107.914392644337</longitude>
			<latitude>-7.185124138973366</latitude>
			<altitude>685.7678172649878</altitude>
			<heading>70.28997826822824</heading>
			<tilt>18.08231436204811</tilt>
			<gx:fovy>35</gx:fovy>
			<range>193.0749073467268</range>
			<altitudeMode>absolute</altitudeMode>
		</LookAt>
		<styleUrl>#__managed_style_0EC17C784F41292591D6</styleUrl>
		<Polygon>
			<outerBoundaryIs>
				<LinearRing>
					<coordinates>
						107.9140618082709,-7.184836918674929,0 107.9140557121991,-7.18485210238013,0 107.9140498255791,-7.184874974533341,0 107.9140468297058,-7.184888263841064,0 107.9140452410181,-7.184903046169085,0 107.9140431942685,-7.184916764854147,0 107.9140417169486,-7.184927013885577,0 107.9140404685,-7.184935865742541,0 107.9140375549452,-7.184955636018487,0 107.9140360482038,-7.184968519247443,0 107.9140335530533,-7.184981140298044,0 107.9140309168154,-7.184994636607377,0 107.9140282325257,-7.185009268858571,0 107.9140253342668,-7.185023985496362,0 107.9140236409209,-7.185038053826816,0 107.9140206495371,-7.18506227784616,0 107.9140177606533,-7.185080584275511,0 107.914013679757,-7.185094032297665,0 107.9140108422272,-7.185106770442699,0 107.9140083245057,-7.185116824253641,0 107.9140084946073,-7.185130870785985,0 107.9140075276507,-7.185141263073594,0 107.9140034436531,-7.185159722627425,0 107.9139999795555,-7.185170138857544,0 107.9139972592292,-7.185186460263435,0 107.9139932895707,-7.185202204503025,0 107.9139902786441,-7.185217357417987,0 107.9139871396254,-7.185234965022073,0 107.9139844103397,-7.185256302450409,0 107.91397935262,-7.185280381861093,0 107.9139776053093,-7.185296365720344,0 107.9139776603685,-7.185303853622984,0 107.9139919472833,-7.18530296526488,0 107.9140054577025,-7.185299205043837,0 107.914019923221,-7.185298307376085,0 107.9140394620079,-7.185297377439203,0 107.9140643981855,-7.18529481655071,0 107.9140826231309,-7.185291820250566,0 107.9140870443301,-7.185282982372136,0 107.9140944670351,-7.185244529330185,0 107.9140980621625,-7.185232529590383,0 107.9141024717063,-7.185207203803533,0 107.9141083347511,-7.185189621726082,0 107.9141150668786,-7.185164734413439,0 107.914123101075,-7.185134572872824,0 107.9141256858687,-7.185111667794526,0 107.9141294170412,-7.185088179675153,0 107.9141327065573,-7.185073575143178,0 107.9141416595377,-7.185046365711919,0 107.9141455511764,-7.18502796829697,0 107.914151116516,-7.185005184024117,0 107.9141574881984,-7.184981398128917,0 107.9141592582563,-7.184965337431747,0 107.914166027538,-7.18493903827841,0 107.9141670700366,-7.184929871813309,0 107.9141705207843,-7.18491788864057,0 107.9141777626559,-7.184890245882079,0 107.9141641269575,-7.184881966512986,0 107.9141427949835,-7.184870030638967,0 107.9141070866091,-7.184855898736715,0 107.9140618082709,-7.184836918674929,0 
					</coordinates>
				</LinearRing>
			</outerBoundaryIs>
		</Polygon>
	</Placemark>
	<Placemark id="0D3D717593412987A1C4">
		<name>SWH-37</name>
		<LookAt>
			<longitude>107.9144106186367</longitude>
			<latitude>-7.185032582195739</latitude>
			<altitude>685.8659402387616</altitude>
			<heading>71.68660647941489</heading>
			<tilt>21.60984794774094</tilt>
			<gx:fovy>35</gx:fovy>
			<range>184.2351911381047</range>
			<altitudeMode>absolute</altitudeMode>
		</LookAt>
		<styleUrl>#__managed_style_0EC17C784F41292591D6</styleUrl>
		<Polygon>
			<outerBoundaryIs>
				<LinearRing>
					<coordinates>
						107.9141781922335,-7.184888143563828,0 107.9141713461295,-7.184911494039694,0 107.9141677725642,-7.184929032204582,0 107.9141588848969,-7.184949078534709,0 107.9141596684703,-7.184972465619872,0 107.9141568971145,-7.184990342086095,0 107.9141537219383,-7.185014380248175,0 107.9141521598093,-7.185029358750842,0 107.914148417854,-7.185046086392274,0 107.9141366503483,-7.185070000566675,0 107.9141326586253,-7.185089342565451,0 107.9141290156332,-7.185127670968622,0 107.9141242973722,-7.185149115401932,0 107.914118066895,-7.185168039086768,0 107.9141151131964,-7.185188216150757,0 107.9141073098286,-7.185207624421003,0 107.9141016177071,-7.18522472791452,0 107.9140966382539,-7.185246062427708,0 107.9140904468038,-7.185267987515566,0 107.9140846017169,-7.185285853611244,0 107.9140849479107,-7.185295673815112,0 107.9140975848034,-7.185294241634359,0 107.9141151567747,-7.185291743453614,0 107.9141309812464,-7.185290289927951,0 107.9141475444631,-7.185289080395481,0 107.914165845528,-7.185284426070576,0 107.9141782146688,-7.185280857599387,0 107.9142180394866,-7.185271956873247,0 107.9142433214826,-7.18526731654596,0 107.9142661803725,-7.185262131567447,0 107.9143048831633,-7.1852521594322,0 107.9143124868086,-7.185238846742473,0 107.9143046391577,-7.1851933361233,0 107.9142928460947,-7.185151763755457,0 107.9142880612229,-7.185107237616799,0 107.9142875558325,-7.185068394574905,0 107.914292468739,-7.185031902630543,0 107.9142959029452,-7.184997820271981,0 107.9143027510228,-7.184966541994947,0 107.9143066375551,-7.184948325948485,0 107.9143001403569,-7.184940810762247,0 107.9142808759787,-7.184935486150003,0 107.9142598700147,-7.184924856169746,0 107.9142249866255,-7.184908500841612,0 107.9142055618235,-7.184899419989637,0 107.9141781922335,-7.184888143563828,0 
					</coordinates>
				</LinearRing>
			</outerBoundaryIs>
		</Polygon>
	</Placemark>
	<Placemark id="0A67D93360412989994E">
		<name>SWH-38</name>
		<LookAt>
			<longitude>107.914397916104</longitude>
			<latitude>-7.184980659521911</latitude>
			<altitude>685.9070950555769</altitude>
			<heading>68.69786083792974</heading>
			<tilt>17.75458170617592</tilt>
			<gx:fovy>35</gx:fovy>
			<range>42.38301304966171</range>
			<altitudeMode>absolute</altitudeMode>
		</LookAt>
		<styleUrl>#__managed_style_0EC17C784F41292591D6</styleUrl>
		<Polygon>
			<outerBoundaryIs>
				<LinearRing>
					<coordinates>
						107.9143125630361,-7.18494384420514,0 107.9143038324272,-7.184956280632369,0 107.9143012020447,-7.184974424401228,0 107.9142988420066,-7.18499458846313,0 107.9142972973355,-7.185008942354876,0 107.9142953261488,-7.185022374784349,0 107.9142947355638,-7.18504054858913,0 107.9142949554184,-7.185057266899783,0 107.9142932737158,-7.185092843690369,0 107.9142961847179,-7.185113137892538,0 107.9142957245417,-7.185136062899618,0 107.9143014919664,-7.185170239584686,0 107.9143040475504,-7.185193328853646,0 107.9143115871735,-7.185196061941762,0 107.9143294182871,-7.185187138607353,0 107.9143455458511,-7.185183504778745,0 107.9143620184153,-7.185179793161474,0 107.9143888647232,-7.185175689539025,0 107.9144013374432,-7.185174371515551,0 107.9144189375432,-7.18517436876813,0 107.9144415629338,-7.185176707249667,0 107.9144564326334,-7.185178412627472,0 107.9144684427962,-7.185173984282562,0 107.9144741848973,-7.185160261304715,0 107.9144776350255,-7.185135848389573,0 107.9144855913981,-7.185113918945761,0 107.9144910062412,-7.185090176898223,0 107.9145023269712,-7.185064899036505,0 107.9145105456984,-7.185047671681701,0 107.9145158300567,-7.185030749041846,0 107.9145214693852,-7.185013059810843,0 107.9145275117477,-7.184999299513459,0 107.9145320443018,-7.184986624182147,0 107.9145394540311,-7.184967804921016,0 107.9145458149536,-7.184950170919605,0 107.9145455787078,-7.184939196499061,0 107.9145347691183,-7.184936841821417,0 107.9145204000218,-7.184939968627623,0 107.9145008979506,-7.184939488483531,0 107.9144677456308,-7.184942748170643,0 107.914450937202,-7.184940283931335,0 107.9144281671942,-7.184941530676609,0 107.9144046913991,-7.184941043979609,0 107.9143896010808,-7.18494024296903,0 107.9143753065066,-7.184940786248871,0 107.9143636696122,-7.184937365346488,0 107.9143469721995,-7.184937778671968,0 107.9143366384944,-7.184936375188024,0 107.9143205925849,-7.184940324014831,0 107.9143125630361,-7.18494384420514,0 
					</coordinates>
				</LinearRing>
			</outerBoundaryIs>
		</Polygon>
	</Placemark>
	<Placemark id="07CF520A8141298ADE6C">
		<name>SWH-39</name>
		<LookAt>
			<longitude>107.9146014582993</longitude>
			<latitude>-7.185080506786477</latitude>
			<altitude>685.4570597282644</altitude>
			<heading>68.76753700055428</heading>
			<tilt>16.29600765425267</tilt>
			<gx:fovy>35</gx:fovy>
			<range>127.8957663535584</range>
			<altitudeMode>absolute</altitudeMode>
		</LookAt>
		<styleUrl>#__managed_style_0EC17C784F41292591D6</styleUrl>
		<Polygon>
			<outerBoundaryIs>
				<LinearRing>
					<coordinates>
						107.9144896002421,-7.185177393283513,0 107.9145092609615,-7.185184077795287,0 107.9145258916246,-7.185188348614723,0 107.9145389765864,-7.185191488896646,0 107.9145603724935,-7.185193785889382,0 107.914575541243,-7.185194470212045,0 107.9145985937756,-7.185183164016838,0 107.9146163785019,-7.185170227907605,0 107.914628686032,-7.185158432688465,0 107.9146438132636,-7.185128245303974,0 107.9146539793607,-7.185101761295802,0 107.9146646608471,-7.18507895338317,0 107.9146761121997,-7.185054972538524,0 107.914680958019,-7.185036320809122,0 107.9146885380647,-7.185005125242196,0 107.9146952645224,-7.184985682949372,0 107.9146992333085,-7.184965754273859,0 107.9147061003411,-7.184949839864319,0 107.9147139661155,-7.184928188966555,0 107.9147185886636,-7.184906881954123,0 107.9147217759888,-7.184890688289916,0 107.9147213100037,-7.184875079621802,0 107.91470844996,-7.184874586180801,0 107.9146903929243,-7.184875263343308,0 107.9146775563802,-7.184876078669175,0 107.9146474531345,-7.184879692440113,0 107.9146264006093,-7.184883117203809,0 107.9146060305871,-7.184883219753023,0 107.914574820197,-7.184890002031104,0 107.9145582150576,-7.184904187060527,0 107.9145489839518,-7.18493747746759,0 107.9145405607834,-7.184961799165314,0 107.9145292429711,-7.184999107393815,0 107.9145195055839,-7.185014248922212,0 107.9145153168611,-7.18503708841645,0 107.9145017685676,-7.185068901943632,0 107.9144884671441,-7.185100916285482,0 107.9144800959592,-7.185131576763172,0 107.9144722168568,-7.185157450070865,0 107.9144680023744,-7.185175516799307,0 107.9144896002421,-7.185177393283513,0 
					</coordinates>
				</LinearRing>
			</outerBoundaryIs>
		</Polygon>
	</Placemark>
	<Placemark id="0A4C996C2F41298C3F34">
		<name>SWH-40</name>
		<LookAt>
			<longitude>107.9146186472779</longitude>
			<latitude>-7.184632143773197</latitude>
			<altitude>688.3071217174839</altitude>
			<heading>71.66465526629706</heading>
			<tilt>43.5829390472041</tilt>
			<gx:fovy>35</gx:fovy>
			<range>69.70551175533728</range>
			<altitudeMode>absolute</altitudeMode>
		</LookAt>
		<styleUrl>#__managed_style_0EC17C784F41292591D6</styleUrl>
		<Polygon>
			<outerBoundaryIs>
				<LinearRing>
					<coordinates>
						107.9145562735384,-7.18489745480791,0 107.9145763878465,-7.184890345885258,0 107.9145966904786,-7.18488559933492,0 107.9146431751214,-7.18487854803891,0 107.9146797486153,-7.184876711561689,0 107.9147224069365,-7.184872525230113,0 107.9147410266063,-7.184868430799094,0 107.9147653676081,-7.184855511251109,0 107.9148083633454,-7.184850047610225,0 107.9148370018276,-7.184846616816014,0 107.9148625326169,-7.184840213040763,0 107.914886219138,-7.184832709137997,0 107.9149088452607,-7.184823134583462,0 107.9149402754571,-7.184816061027574,0 107.9149674447972,-7.184814821055075,0 107.9150120958617,-7.1848014031201,0 107.9150349980998,-7.184781811287482,0 107.9150279826359,-7.184750021054207,0 107.9150265946728,-7.18471235448107,0 107.9150149145302,-7.184678011204321,0 107.9149867212731,-7.184671248347891,0 107.9149521545613,-7.184673210263644,0 107.9148990024586,-7.184669862880017,0 107.9148411385155,-7.184675734703343,0 107.9147606603224,-7.184676783201466,0 107.9147246802407,-7.184680304455579,0 107.9146854735889,-7.184682225979792,0 107.9146676258537,-7.184686678289387,0 107.9146200916665,-7.18469488379627,0 107.9145897820627,-7.184696844454932,0 107.9145616490982,-7.18469512733869,0 107.914542184164,-7.18469160192914,0 107.9145362837596,-7.184708528069539,0 107.9145316285005,-7.184740711995912,0 107.9145315427778,-7.184763359450623,0 107.9145309777327,-7.184783264497929,0 107.9145362023862,-7.184814582819401,0 107.9145393220126,-7.184841081090017,0 107.9145445311772,-7.184864711618634,0 107.9145489542167,-7.184887607873374,0 107.9145562735384,-7.18489745480791,0 
					</coordinates>
				</LinearRing>
			</outerBoundaryIs>
		</Polygon>
	</Placemark>
	<Placemark id="084BF6305441298D70D6">
		<name>SWH-41</name>
		<LookAt>
			<longitude>107.9143220090727</longitude>
			<latitude>-7.184588664109163</latitude>
			<altitude>686.8084190660485</altitude>
			<heading>78.66098244849198</heading>
			<tilt>8.287452243026081</tilt>
			<gx:fovy>35</gx:fovy>
			<range>135.8048092374884</range>
			<altitudeMode>absolute</altitudeMode>
		</LookAt>
		<styleUrl>#__managed_style_0EC17C784F41292591D6</styleUrl>
		<Polygon>
			<outerBoundaryIs>
				<LinearRing>
					<coordinates>
						107.9142283784895,-7.184904123383915,0 107.9142624511281,-7.184921193684128,0 107.914289207216,-7.184934809230779,0 107.9143048528033,-7.1849323181342,0 107.914331366171,-7.184929838661754,0 107.9143622887376,-7.184930441232885,0 107.9144102566564,-7.184935577087116,0 107.9144520129582,-7.184939636436704,0 107.9144856696331,-7.18493732271783,0 107.9145215951878,-7.184937710320932,0 107.9145423213344,-7.184934830930334,0 107.9145489539716,-7.184921249053099,0 107.9145463796951,-7.18491173227801,0 107.9145385683275,-7.184888606685397,0 107.9145352824428,-7.184861921012617,0 107.9145309420662,-7.184842053876657,0 107.9145312003309,-7.184821418304876,0 107.9145303078921,-7.184802952136222,0 107.9145255068532,-7.184775986588476,0 107.9145273028343,-7.184754321048217,0 107.9145306027223,-7.184726872030073,0 107.9145349029203,-7.184698841739357,0 107.9145379739801,-7.184686358272682,0 107.9145092151657,-7.184684389786503,0 107.9144820207169,-7.18468429631795,0 107.9144527550691,-7.184679964139554,0 107.9144248297535,-7.18467882375027,0 107.9143893427613,-7.184674599761341,0 107.9143599512698,-7.18467218991545,0 107.9143164404112,-7.184667146356647,0 107.9142783424104,-7.184664283016163,0 107.9142355518516,-7.184662830390175,0 107.9142137006051,-7.184659237051396,0 107.9141407621458,-7.184653896305083,0 107.9141003559897,-7.184652846322115,0 107.9140959706252,-7.184685921280092,0 107.9140912967533,-7.184723396404434,0 107.9140836331204,-7.184759125810984,0 107.9140759347611,-7.184805887918674,0 107.9140740044511,-7.184832927262885,0 107.9140978198521,-7.184843695958381,0 107.9141434581411,-7.184870192618162,0 107.914186746046,-7.184889995377191,0 107.9142283784895,-7.184904123383915,0 
					</coordinates>
				</LinearRing>
			</outerBoundaryIs>
		</Polygon>
	</Placemark>
	<Placemark id="00C2DB915341298E0644">
		<name>SWH-42</name>
		<LookAt>
			<longitude>107.9142004077249</longitude>
			<latitude>-7.184556873828489</latitude>
			<altitude>686.8183686192624</altitude>
			<heading>79.1981380404911</heading>
			<tilt>10.10631856501665</tilt>
			<gx:fovy>35</gx:fovy>
			<range>142.8436027982571</range>
			<altitudeMode>absolute</altitudeMode>
		</LookAt>
		<styleUrl>#__managed_style_0EC17C784F41292591D6</styleUrl>
		<Polygon>
			<outerBoundaryIs>
				<LinearRing>
					<coordinates>
						107.9139905211439,-7.184641263820273,0 107.9139863548966,-7.184676680245265,0 107.9139828273699,-7.184712401245811,0 107.9139788590346,-7.184737934186588,0 107.9139745398552,-7.18478692002422,0 107.9139751689186,-7.18479822539747,0 107.9139919357041,-7.184810735590085,0 107.9140205280781,-7.184820132927622,0 107.9140441549545,-7.184830290266918,0 107.9140714046559,-7.184831195806698,0 107.9140786906523,-7.184813475354725,0 107.9140860920519,-7.184760207617031,0 107.9140972884755,-7.184716962453599,0 107.9140989655504,-7.184676067019926,0 107.9141029068715,-7.184653090923443,0 107.9140827143074,-7.18464857363457,0 107.9140703282695,-7.184646828024342,0 107.9140469268012,-7.184645310764362,0 107.9140244474446,-7.184641645896724,0 107.9139905211439,-7.184641263820273,0 
					</coordinates>
				</LinearRing>
			</outerBoundaryIs>
		</Polygon>
	</Placemark>
	<Placemark id="0E4BD1FE6241298F2C7E">
		<name>SWH-43</name>
		<LookAt>
			<longitude>107.9140758373904</longitude>
			<latitude>-7.184617077949372</latitude>
			<altitude>685.7783086950267</altitude>
			<heading>81.89494111828708</heading>
			<tilt>6.963851578656227</tilt>
			<gx:fovy>35</gx:fovy>
			<range>49.25366181867503</range>
			<altitudeMode>absolute</altitudeMode>
		</LookAt>
		<styleUrl>#__managed_style_0EC17C784F41292591D6</styleUrl>
		<Polygon>
			<outerBoundaryIs>
				<LinearRing>
					<coordinates>
						107.9140336388926,-7.184643615685305,0 107.9140657638623,-7.184644068079399,0 107.9140904675514,-7.184648940993593,0 107.9141248215194,-7.184651212357805,0 107.9141500923078,-7.184655046172624,0 107.9141892019915,-7.18465788264658,0 107.9142317565054,-7.18466261513783,0 107.9142567051555,-7.18466509978061,0 107.9142946571144,-7.184669263050328,0 107.9143182688662,-7.184668906094306,0 107.9143506631525,-7.184673142664996,0 107.914384101444,-7.184675861165576,0 107.914411921399,-7.184678214547097,0 107.9144486148502,-7.184683562252847,0 107.9144897886185,-7.184686172708062,0 107.9145171370126,-7.184690394303463,0 107.914536610876,-7.184692686232371,0 107.9145424937846,-7.184665868133643,0 107.9145446614698,-7.184637031965095,0 107.9145473555301,-7.184581838180486,0 107.9145485208671,-7.184538924165857,0 107.9145477886486,-7.184505113126193,0 107.9144421735808,-7.184498869363477,0 107.9144134247074,-7.184495334898184,0 107.914384439506,-7.184495289736968,0 107.9143443759903,-7.184492271128094,0 107.9143032446356,-7.18448761890307,0 107.9142484901832,-7.184481046650556,0 107.9142302504654,-7.18448053414811,0 107.9142076820078,-7.184478254652978,0 107.9141828613974,-7.184477575783095,0 107.9141593953289,-7.184476695520598,0 107.9141315384656,-7.184476538424674,0 107.9141079616352,-7.184476129536616,0 107.9140775422975,-7.184473591480598,0 107.914051642061,-7.184467606933175,0 107.9140224275399,-7.184471378629295,0 107.9140049675206,-7.184472215935043,0 107.9140022692295,-7.184498746131829,0 107.9140016961082,-7.184531606985972,0 107.9139972426987,-7.184577652301592,0 107.9139958374994,-7.184606224320857,0 107.91399509028,-7.184640088298835,0 107.9140336388926,-7.184643615685305,0 
					</coordinates>
				</LinearRing>
			</outerBoundaryIs>
		</Polygon>
	</Placemark>
	<Placemark id="05CEA24D32412990583C">
		<name>SWH-44</name>
		<LookAt>
			<longitude>107.9146047589284</longitude>
			<latitude>-7.184134436893479</latitude>
			<altitude>691.2032897943279</altitude>
			<heading>85.46969774536358</heading>
			<tilt>36.90506539740384</tilt>
			<gx:fovy>35</gx:fovy>
			<range>299.9080534596942</range>
			<altitudeMode>absolute</altitudeMode>
		</LookAt>
		<styleUrl>#__managed_style_0EC17C784F41292591D6</styleUrl>
		<Polygon>
			<outerBoundaryIs>
				<LinearRing>
					<coordinates>
						107.9140065739338,-7.184465375571012,0 107.9140232296434,-7.184470298175856,0 107.9140646061919,-7.184472730338385,0 107.914119039353,-7.18447645784795,0 107.9141550618628,-7.18447769636907,0 107.914223669279,-7.184481372765079,0 107.9142465072089,-7.184481882052935,0 107.9142928312373,-7.18448571902019,0 107.9143540856375,-7.184490150690651,0 107.9144036187017,-7.184493060954126,0 107.9144425203702,-7.184494635375536,0 107.914490786257,-7.184500787730532,0 107.9145329295653,-7.184500330546795,0 107.9145351352627,-7.184472076167664,0 107.9145291453134,-7.184427567256527,0 107.9145324809085,-7.18438023216041,0 107.9145252164599,-7.184360785911079,0 107.9145005565684,-7.18436108428133,0 107.9144664306406,-7.184362073777289,0 107.9144376090281,-7.184357629460239,0 107.9144121597225,-7.184349592973767,0 107.9143723897053,-7.184353189430103,0 107.9143518630749,-7.184364529052005,0 107.9143196230528,-7.184373218024076,0 107.9142881028272,-7.184371569186146,0 107.9142584000146,-7.184358071112376,0 107.9142301454791,-7.184352825421032,0 107.9142067782309,-7.184355043039294,0 107.9141938999521,-7.184373688340694,0 107.9141258459984,-7.1843781462211,0 107.9140840184696,-7.184379521537138,0 107.9140570259888,-7.184391895034372,0 107.9140418934665,-7.184406899653712,0 107.9140163124368,-7.184418007496073,0 107.9140043918296,-7.184428499629307,0 107.9140065739338,-7.184465375571012,0 
					</coordinates>
				</LinearRing>
			</outerBoundaryIs>
		</Polygon>
	</Placemark>
</Document>
</kml>
