id_petak,rezim,hari,fase,tma,irigasi,etc,perkolasi,limpasan,hujan_mm
PTK-01,FL,1,awal,14.090412298474934,0.0,3.936,1.9735877015250662,0.0,0.0
PTK-01,FL,2,awal,9.58097907739055,0.0,3.119,1.3904332210843837,0.0,0.0
PTK-01,FL,3,awal,8.173099613899318,0.0,2.896,1.2118794634912324,0.0,2.7
PTK-01,FL,4,awal,10.792223658776122,0.0,3.154,1.5268759551231974,0.0,7.3
PTK-01,FL,5,awal,6.850253664522701,0.0,2.877,1.0649699942534203,0.0,0.0
PTK-01,FL,6,awal,8.805858842295603,0.0,3.227,1.3173948222270975,0.0,6.5
PTK-01,FL,7,awal,6.76148684457808,0.0,2.257,0.9873719977175219,0.0,1.2
PTK-01,FL,8,awal,33.15964014199183,0.0,3.219,3.982846702586253,0.0,33.6
PTK-01,FL,9,awal,50.0,0.0,2.34,7.495650579825241,16.123989562166585,42.8
PTK-01,FL,10,awal,40.692030746187335,0.0,4.374,4.933969253812666,0.0,0.0
PTK-01,FL,11,awal,36.82926389643606,0.0,2.371,4.291766849751268,0.0,2.8
PTK-01,FL,12,awal,30.693238905309443,0.0,2.682,3.6540249911266187,0.0,0.2
PTK-01,FL,13,awal,24.43844896413497,0.0,3.226,3.0287899411744705,0.0,0.0
PTK-01,FL,14,awal,18.227877848136732,0.0,3.799,2.411571115998239,0.0,0.0
PTK-01,FL,15,awal,12.15016207083754,0.0,4.279,1.7987157772991922,0.0,0.0
PTK-01,FL,16,awal,7.899191549110475,0.0,3.052,1.198970521727065,0.0,0.0
PTK-01,FL,17,awal,13.858412298474933,12.100808450889524,4.168,1.9735877015250662,0.0,0.0
PTK-01,FL,18,awal,9.521872694728241,0.0,2.969,1.3675396037466927,0.0,0.0
PTK-01,FL,19,awal,13.437412298474934,10.478127305271759,4.589,1.9735877015250662,0.0,0.0
PTK-01,FL,20,awal,9.440605269276716,0.0,3.482,1.4148070291982182,0.0,0.9
PTK-01,FL,21,pertumbuhan,13.785412298474935,10.559394730723284,4.241,1.9735877015250662,0.0,0.0
PTK-01,FL,22,pertumbuhan,8.520076289838808,0.0,3.905,1.3603360086361265,0.0,0.0
PTK-01,FL,23,pertumbuhan,12.654412298474934,11.479923710161192,5.372,1.9735877015250662,0.0,0.0
PTK-01,FL,24,pertumbuhan,7.6726826743600505,0.0,3.733,1.248729624114884,0.0,0.0
PTK-01,FL,25,pertumbuhan,15.011412298474934,12.32731732563995,3.015,1.9735877015250662,0.0,0.0
PTK-01,FL,26,pertumbuhan,9.35709536373532,0.0,4.173,1.481316934739613,0.0,0.0
PTK-01,FL,27,pertumbuhan,14.127412298474933,10.64290463626468,3.899,1.9735877015250662,0.0,0.0
PTK-01,FL,28,pertumbuhan,9.18732794014273,0.0,3.546,1.394084358332205,0.0,0.0
PTK-01,FL,29,pertumbuhan,14.025412298474933,10.81267205985727,4.001,1.9735877015250662,0.0,0.0
PTK-01,FL,30,pertumbuhan,8.473393237420506,0.0,4.168,1.384019061054427,0.0,0.0
PTK-01,FL,31,pertumbuhan,14.619412298474934,11.526606762579494,3.407,1.9735877015250662,0.0,0.0
PTK-01,FL,32,pertumbuhan,8.844777682685212,0.0,4.332,1.4426346157897216,0.0,0.0
PTK-01,FL,33,pertumbuhan,13.157412298474934,11.155222317314788,4.869,1.9735877015250662,0.0,0.0
PTK-01,FL,34,pertumbuhan,9.122179005159069,0.0,2.827,1.3082332933158647,0.0,0.1
PTK-01,FL,35,pertumbuhan,13.633412298474934,10.877820994840931,4.393,1.9735877015250662,0.0,0.0
PTK-01,FL,36,pertumbuhan,26.613619916337704,0.0,3.791,3.328792382137227,0.0,20.1
PTK-01,FL,37,pertumbuhan,20.099404268340372,0.0,3.888,2.626215647997333,0.0,0.0
PTK-01,FL,38,pertumbuhan,13.990007414741523,0.0,4.126,1.983396853598849,0.0,0.0
PTK-01,FL,39,pertumbuhan,7.564482085842606,0.0,5.045,1.3805253288989179,0.0,0.0
PTK-01,FL,40,pertumbuhan,13.202412298474934,12.435517914157394,4.824,1.9735877015250662,0.0,0.0
PTK-01,FL,41,pertumbuhan,7.493606371338264,0.0,4.406,1.3028059271366708,0.0,0.0
PTK-01,FL,42,pertumbuhan,13.951412298474933,12.506393628661737,4.075,1.9735877015250662,0.0,0.0
PTK-01,FL,43,pertumbuhan,9.996487880870397,0.0,3.119,1.4359244176045363,0.0,0.6
PTK-01,FL,44,pertumbuhan,10.04370017042162,0.0,4.194,1.5587877104487788,0.0,5.8
PTK-01,FL,45,pertumbuhan,50.0,0.0,3.204,6.704642552622533,8.03505761779909,57.9
PTK-01,FL,46,pertumbuhan,40.134030746187335,0.0,4.932,4.933969253812666,0.0,0.0
PTK-01,FL,47,pertumbuhan,31.187629271522127,0.0,4.986,3.9604014746652103,0.0,0.0
PTK-01,FL,48,pertumbuhan,23.400053193022167,0.0,4.71,3.0775760784999617,0.0,0.0
PTK-01,FL,49,pertumbuhan,16.24795033318312,0.0,4.843,2.3091028598390455,0.0,0.0
PTK-01,FL,50,pertumbuhan,9.941612585555104,0.0,4.703,1.6033377476280155,0.0,0.0
PTK-01,FL,51,reproduktif,7.247221598793679,0.0,3.516,1.178390986761425,0.0,2.0
PTK-01,FL,52,reproduktif,1.989070227913377,0.0,4.543,0.7151513708803017,0.0,0.0
PTK-01,FL,53,reproduktif,5.710206149237467,8.010929772086623,3.303,0.9867938507625331,0.0,0.0
PTK-01,FL,54,reproduktif,0.6827265177720729,0.0,4.464,0.5634796314653936,0.0,0.0
PTK-01,FL,55,reproduktif,7.293278433461412,0.0,3.507,1.1824480843106624,0.0,11.3
PTK-01,FL,56,reproduktif,1.9845822024575392,0.0,4.589,0.7196962310038721,0.0,0.0
PTK-01,FL,57,reproduktif,3.4582061492374674,8.015417797542462,5.555,0.9867938507625331,0.0,0.0
PTK-01,FL,58,reproduktif,4.188206149237467,6.541793850762533,4.825,0.9867938507625331,0.0,0.0
PTK-01,FL,59,reproduktif,4.603206149237467,5.811793850762533,4.41,0.9867938507625331,0.0,0.0
PTK-01,FL,60,reproduktif,10.972340222105945,0.0,4.353,1.6778659271315224,0.0,12.4
PTK-01,FL,61,reproduktif,5.78359643614109,0.0,4.106,1.0827437859648554,0.0,0.0
PTK-01,FL,62,reproduktif,1.1668746962934762,0.0,4.046,0.5707217398476129,0.0,0.0
PTK-01,FL,63,reproduktif,3.869206149237467,8.833125303706524,5.144,0.9867938507625331,0.0,0.0
PTK-01,FL,64,reproduktif,3.845206149237467,6.130793850762533,5.168,0.9867938507625331,0.0,0.0
PTK-01,FL,65,reproduktif,3.255206149237467,6.154793850762533,5.758,0.9867938507625331,0.0,0.0
PTK-01,FL,66,reproduktif,3.943206149237467,6.744793850762533,5.07,0.9867938507625331,0.0,0.0
PTK-01,FL,67,reproduktif,4.685206149237467,6.056793850762533,4.328,0.9867938507625331,0.0,0.0
PTK-01,FL,68,reproduktif,3.5722061492374673,5.314793850762533,5.441,0.9867938507625331,0.0,0.0
PTK-01,FL,69,reproduktif,3.3122061492374675,6.427793850762533,5.701,0.9867938507625331,0.0,0.0
PTK-01,FL,70,reproduktif,4.151206149237467,6.6877938507625325,4.862,0.9867938507625331,0.0,0.0
PTK-01,FL,71,reproduktif,2.4162061492374667,5.848793850762533,6.597,0.9867938507625331,0.0,0.0
PTK-01,FL,72,reproduktif,3.5722061492374673,7.583793850762533,5.441,0.9867938507625331,0.0,0.0
PTK-01,FL,73,reproduktif,3.0572061492374667,6.427793850762533,5.956,0.9867938507625331,0.0,0.0
PTK-01,FL,74,reproduktif,2.9232061492374672,6.942793850762533,6.09,0.9867938507625331,0.0,0.0
PTK-01,FL,75,reproduktif,3.1792061492374675,7.076793850762533,5.834,0.9867938507625331,0.0,0.0
PTK-01,FL,76,reproduktif,3.696206149237467,6.8207938507625325,5.317,0.9867938507625331,0.0,0.0
PTK-01,FL,77,reproduktif,3.329206149237467,6.303793850762533,5.684,0.9867938507625331,0.0,0.0
PTK-01,FL,78,reproduktif,3.483206149237467,6.670793850762533,5.53,0.9867938507625331,0.0,0.0
PTK-01,FL,79,reproduktif,3.633206149237467,6.516793850762533,5.38,0.9867938507625331,0.0,0.0
PTK-01,FL,80,reproduktif,3.9952061492374673,6.366793850762533,5.018,0.9867938507625331,0.0,0.0
PTK-01,FL,81,reproduktif,3.042206149237467,6.004793850762533,5.971,0.9867938507625331,0.0,0.0
PTK-01,FL,82,reproduktif,3.701206149237467,6.957793850762533,5.312,0.9867938507625331,0.0,0.0
PTK-01,FL,83,reproduktif,3.6392061492374674,6.298793850762533,5.374,0.9867938507625331,0.0,0.0
PTK-01,FL,84,reproduktif,3.207206149237467,6.360793850762533,5.806,0.9867938507625331,0.0,0.0
PTK-01,FL,85,reproduktif,2.755206149237467,6.792793850762533,6.258,0.9867938507625331,0.0,0.0
PTK-01,FL,86,reproduktif,4.443206149237467,7.244793850762533,4.57,0.9867938507625331,0.0,0.0
PTK-01,FL,87,reproduktif,3.4642061492374667,5.556793850762533,5.549,0.9867938507625331,0.0,0.0
PTK-01,FL,88,reproduktif,3.1762061492374674,6.535793850762533,5.837,0.9867938507625331,0.0,0.0
PTK-01,FL,89,reproduktif,3.0562061492374673,6.823793850762533,5.957,0.9867938507625331,0.0,0.0
PTK-01,FL,90,reproduktif,3.318206149237467,6.943793850762533,5.695,0.9867938507625331,0.0,0.0
PTK-01,FL,91,pemasakan,-2.375232393125528,0.0,5.366,0.3274385423629957,0.0,0.0
PTK-01,FL,92,pemasakan,3.194206149237467,12.375232393125529,5.819,0.9867938507625331,0.0,0.0
PTK-01,FL,93,pemasakan,-3.4229961493760728,0.0,6.302,0.31520229861354027,0.0,0.0
PTK-01,FL,94,pemasakan,3.093206149237467,13.422996149376072,5.92,0.9867938507625331,0.0,0.0
PTK-01,FL,95,pemasakan,-3.6490295314833716,0.0,6.437,0.30523568072083873,0.0,0.0
PTK-01,FL,96,pemasakan,-4.821927204481267,0.0,4.958,0.014897672997894733,0.0,3.8
PTK-01,FL,97,pemasakan,4.571206149237467,11.021927204481267,4.442,0.9867938507625331,0.0,3.8
PTK-01,FL,98,pemasakan,-0.6758776626260747,0.0,4.796,0.4510838118635411,0.0,0.0
PTK-01,FL,99,pemasakan,3.2642061492374674,10.675877662626075,5.749,0.9867938507625331,0.0,0.0
PTK-01,FL,100,pemasakan,-2.704903706331411,0.0,5.647,0.32210985556887806,0.0,0.0
PTK-01,FL,101,pemasakan,2.9102061492374673,12.704903706331411,6.103,0.9867938507625331,0.0,0.0
PTK-01,FL,102,pemasakan,-2.8699712040144174,0.0,5.493,0.28717735325188437,0.0,0.0
PTK-01,FL,103,pemasakan,2.560206149237467,12.869971204014417,6.453,0.9867938507625331,0.0,0.0
PTK-01,FL,104,pemasakan,-3.000433419237729,0.0,5.308,0.25263956847519564,0.0,0.0
PTK-01,FL,105,pemasakan,3.1212061492374668,13.00043341923773,5.892,0.9867938507625331,0.0,0.0
PTK-01,FL,106,pemasakan,-2.9067925542655066,0.0,5.72,0.30799870350297376,0.0,0.0
PTK-01,FL,107,pemasakan,3.023206149237467,12.906792554265508,5.99,0.9867938507625331,0.0,0.0
PTK-01,FL,108,pemasakan,-3.3171219745280336,0.0,6.042,0.29832812376550094,0.0,0.0
PTK-01,FL,109,pemasakan,1.9842061492374672,13.317121974528034,7.029,0.9867938507625331,0.0,0.0
PTK-01,FL,110,pemasakan,-2.8895940934338062,0.0,4.678,0.19580024267127377,0.0,0.0
PTK-01,SRI,1,awal,14.129412298474934,0.0,3.897,1.9735877015250662,0.0,0.0
PTK-01,SRI,2,awal,9.647130581372576,0.0,3.088,1.3942817171023574,0.0,0.0
PTK-01,SRI,3,awal,8.261723328146527,0.0,2.867,1.218407253226048,0.0,2.7
PTK-01,SRI,4,awal,10.903102039398242,0.0,3.123,1.5356212887482856,0.0,7.3
PTK-01,SRI,5,awal,6.978190634726779,0.0,2.849,1.075911404671462,0.0,0.0
PTK-01,SRI,6,awal,8.953171070951424,0.0,3.195,1.330019563775355,0.0,6.5
PTK-01,SRI,7,awal,6.916262393095932,0.0,2.235,1.0019086778554906,0.0,1.2
PTK-01,SRI,8,awal,33.3311425345571,0.0,3.187,3.9981198585388347,0.0,33.6
PTK-01,SRI,9,awal,40.0,0.0,2.317,7.512574330462688,26.30156820409441,42.8
PTK-01,SRI,10,awal,31.721824596949865,0.0,4.331,3.9471754030501325,0.0,0.0
PTK-01,SRI,11,awal,28.767232174012573,0.0,2.348,3.406592422937289,0.0,2.8
PTK-01,SRI,12,awal,23.453763515719952,0.0,2.655,2.858468658292621,0.0,0.2
PTK-01,SRI,13,awal,17.945360554264845,0.0,3.194,2.31440296145511,0.0,0.0
PTK-01,SRI,14,awal,12.413523409798337,0.0,3.761,1.7708371444665072,0.0,0.0
PTK-01,SRI,15,awal,6.951564553089762,0.0,4.237,1.2249588567085752,0.0,0.0
PTK-01,SRI,16,awal,3.243588437672985,0.0,3.022,0.6859761154167774,0.0,0.0
PTK-01,SRI,17,awal,-1.2034868747970302,0.0,4.127,0.32007531247001536,0.0,0.0
PTK-01,SRI,18,awal,6.073206149237467,11.20348687479703,2.94,0.9867938507625331,0.0,0.0
PTK-01,SRI,19,awal,0.929905900989394,0.0,4.544,0.5993002482480736,0.0,0.0
PTK-01,SRI,20,awal,-1.7986680880676467,0.0,3.448,0.18057398905704067,0.0,0.9
PTK-01,SRI,21,pertumbuhan,-8.158973329897727,0.0,3.992,2.3683052418300794,0.0,0.0
PTK-01,SRI,22,pertumbuhan,-14.202278571727806,0.0,3.675,2.3683052418300794,0.0,0.0
PTK-01,SRI,23,pertumbuhan,-21.626583813557886,0.0,5.056,2.3683052418300794,0.0,0.0
PTK-01,SRI,24,pertumbuhan,5.499206149237467,31.626583813557886,3.514,0.9867938507625331,0.0,0.0
PTK-01,SRI,25,pertumbuhan,2.1185478680231626,0.0,2.838,0.5426582812143042,0.0,0.0
PTK-01,SRI,26,pertumbuhan,-2.017509132847971,0.0,3.927,0.20905700087113316,0.0,0.0
PTK-01,SRI,27,pertumbuhan,-8.05581437467805,0.0,3.67,2.3683052418300794,0.0,0.0
PTK-01,SRI,28,pertumbuhan,-13.761119616508129,0.0,3.337,2.3683052418300794,0.0,0.0
PTK-01,SRI,29,pertumbuhan,-19.89542485833821,0.0,3.766,2.3683052418300794,0.0,0.0
PTK-01,SRI,30,pertumbuhan,-26.18673010016829,0.0,3.923,2.3683052418300794,0.0,0.0
PTK-01,SRI,31,pertumbuhan,5.807206149237467,36.18673010016829,3.206,0.9867938507625331,0.0,0.0
PTK-01,SRI,32,pertumbuhan,1.1571546174196765,0.0,4.077,0.5730515318177901,0.0,0.0
PTK-01,SRI,33,pertumbuhan,-3.5400326886654447,0.0,4.583,0.11418730608512084,0.0,0.0
PTK-01,SRI,34,pertumbuhan,-8.469337930495524,0.0,2.661,2.3683052418300794,0.0,0.1
PTK-01,SRI,35,pertumbuhan,-14.972643172325602,0.0,4.135,2.3683052418300794,0.0,0.0
PTK-01,SRI,36,pertumbuhan,1.05339240885296,0.0,3.568,0.5059644188214386,0.0,20.1
PTK-01,SRI,37,pertumbuhan,-2.710555706296643,0.0,3.66,0.10394811514960332,0.0,0.0
PTK-01,SRI,38,pertumbuhan,-8.961860948126724,0.0,3.883,2.3683052418300794,0.0,0.0
PTK-01,SRI,39,pertumbuhan,-16.078166189956804,0.0,4.748,2.3683052418300794,0.0,0.0
PTK-01,SRI,40,pertumbuhan,-22.98647143178688,0.0,4.54,2.3683052418300794,0.0,0.0
PTK-01,SRI,41,pertumbuhan,4.866206149237467,32.98647143178688,4.147,0.9867938507625331,0.0,0.0
PTK-01,SRI,42,pertumbuhan,0.5510119187764309,0.0,3.835,0.4801942304610358,0.0,0.0
PTK-01,SRI,43,pertumbuhan,-1.8985692295838654,0.0,2.936,0.11358114836029663,0.0,0.6
PTK-01,SRI,44,pertumbuhan,-0.4315600189261031,0.0,3.948,0.38499078934223735,0.0,5.8
PTK-01,SRI,45,pertumbuhan,40.0,0.0,3.015,5.670950318623943,8.782489662449947,57.9
PTK-01,SRI,46,pertumbuhan,31.410824596949865,0.0,4.642,3.9471754030501325,0.0,0.0
PTK-01,SRI,47,pertumbuhan,23.6192237409848,0.0,4.692,3.099600855965065,0.0,0.0
PTK-01,SRI,48,pertumbuhan,16.85549326624598,0.0,4.433,2.3307304747388238,0.0,0.0
PTK-01,SRI,49,pertumbuhan,10.634203555575898,0.0,4.558,1.6632897106700817,0.0,0.0
PTK-01,SRI,50,pertumbuhan,5.157826887935962,0.0,4.427,1.049376667639936,0.0,0.0
PTK-01,SRI,51,reproduktif,3.1604969321521694,0.0,3.291,0.7063299557837928,0.0,2.0
PTK-01,SRI,52,reproduktif,-1.4023789616479925,0.0,4.251,0.3118758938001612,0.0,0.0
PTK-01,SRI,53,reproduktif,-6.269607893020552,0.0,3.091,1.7762289313725597,0.0,0.0
PTK-01,SRI,54,reproduktif,-12.222836824393111,0.0,4.177,1.7762289313725597,0.0,0.0
PTK-01,SRI,55,reproduktif,-5.98006575576567,0.0,3.281,1.7762289313725597,0.0,11.3
PTK-01,SRI,56,reproduktif,-12.05029468713823,0.0,4.294,1.7762289313725597,0.0,0.0
PTK-01,SRI,57,reproduktif,-19.02452361851079,0.0,5.198,1.7762289313725597,0.0,0.0
PTK-01,SRI,58,reproduktif,-25.31675254988335,0.0,4.516,1.7762289313725597,0.0,0.0
PTK-01,SRI,59,reproduktif,0.37960307461873377,30.31675254988335,4.127,0.49339692538126656,0.0,0.0
PTK-01,SRI,60,reproduktif,7.444519701696761,0.0,4.074,1.261083372921973,0.0,12.4
PTK-01,SRI,61,reproduktif,2.8678990753452718,0.0,3.842,0.7346206263514892,0.0,0.0
PTK-01,SRI,62,reproduktif,-1.201103441870555,0.0,3.786,0.2830025172158269,0.0,0.0
PTK-01,SRI,63,reproduktif,-7.790332373243115,0.0,4.813,1.7762289313725597,0.0,0.0
PTK-01,SRI,64,reproduktif,-14.402561304615674,0.0,4.836,1.7762289313725597,0.0,0.0
PTK-01,SRI,65,reproduktif,-21.567790235988234,0.0,5.389,1.7762289313725597,0.0,0.0
PTK-01,SRI,66,reproduktif,-28.08801916736079,0.0,4.744,1.7762289313725597,0.0,0.0
PTK-01,SRI,67,reproduktif,0.45660307461873373,33.08801916736079,4.05,0.49339692538126656,0.0,0.0
PTK-01,SRI,68,reproduktif,-4.680454236008569,0.0,5.092,0.045057310627303254,0.0,0.0
PTK-01,SRI,69,reproduktif,-11.79168316738113,0.0,5.335,1.7762289313725597,0.0,0.0
PTK-01,SRI,70,reproduktif,-18.117912098753692,0.0,4.55,1.7762289313725597,0.0,0.0
PTK-01,SRI,71,reproduktif,-26.06714103012625,0.0,6.173,1.7762289313725597,0.0,0.0
PTK-01,SRI,72,reproduktif,-0.5853969253812661,31.06714103012625,5.092,0.49339692538126656,0.0,0.0
PTK-01,SRI,73,reproduktif,-7.934625856753826,0.0,5.573,1.7762289313725597,0.0,0.0
PTK-01,SRI,74,reproduktif,-15.409854788126385,0.0,5.699,1.7762289313725597,0.0,0.0
PTK-01,SRI,75,reproduktif,-22.645083719498942,0.0,5.459,1.7762289313725597,0.0,0.0
PTK-01,SRI,76,reproduktif,-29.397312650871502,0.0,4.976,1.7762289313725597,0.0,0.0
PTK-01,SRI,77,reproduktif,-0.8123969253812664,34.3973126508715,5.319,0.49339692538126656,0.0,0.0
PTK-01,SRI,78,reproduktif,-7.762625856753827,0.0,5.174,1.7762289313725597,0.0,0.0
PTK-01,SRI,79,reproduktif,-14.573854788126386,0.0,5.035,1.7762289313725597,0.0,0.0
PTK-01,SRI,80,reproduktif,-21.046083719498945,0.0,4.696,1.7762289313725597,0.0,0.0
PTK-01,SRI,81,reproduktif,-28.410312650871504,0.0,5.588,1.7762289313725597,0.0,0.0
PTK-01,SRI,82,reproduktif,-0.4633969253812662,33.410312650871504,4.97,0.49339692538126656,0.0,0.0
PTK-01,SRI,83,reproduktif,-7.268625856753825,0.0,5.029,1.7762289313725597,0.0,0.0
PTK-01,SRI,84,reproduktif,-14.478854788126386,0.0,5.434,1.7762289313725597,0.0,0.0
PTK-01,SRI,85,reproduktif,-22.111083719498943,0.0,5.856,1.7762289313725597,0.0,0.0
PTK-01,SRI,86,reproduktif,-28.1643126508715,0.0,4.277,1.7762289313725597,0.0,0.0
PTK-01,SRI,87,reproduktif,-0.6863969253812661,33.1643126508715,5.193,0.49339692538126656,0.0,0.0
PTK-01,SRI,88,reproduktif,-7.924625856753825,0.0,5.462,1.7762289313725597,0.0,0.0
PTK-01,SRI,89,reproduktif,-15.274854788126383,0.0,5.574,1.7762289313725597,0.0,0.0
PTK-01,SRI,90,reproduktif,-22.38008371949894,0.0,5.329,1.7762289313725597,0.0,0.0
PTK-01,SRI,91,pemasakan,-29.4703126508715,0.0,5.314,1.7762289313725597,0.0,0.0
PTK-01,SRI,92,pemasakan,-37.01054158224406,0.0,5.764,1.7762289313725597,0.0,0.0
PTK-01,SRI,93,pemasakan,-8.01822893137256,37.01054158224406,6.242,1.7762289313725597,0.0,0.0
PTK-01,SRI,94,pemasakan,-15.65845786274512,0.0,5.864,1.7762289313725597,0.0,0.0
PTK-01,SRI,95,pemasakan,-23.80968679411768,0.0,6.375,1.7762289313725597,0.0,0.0
PTK-01,SRI,96,pemasakan,-26.69691572549024,0.0,4.911,1.7762289313725597,0.0,3.8
PTK-01,SRI,97,pemasakan,-29.072144656862797,0.0,4.399,1.7762289313725597,0.0,3.8
PTK-01,SRI,98,pemasakan,-35.59937358823536,0.0,4.751,1.7762289313725597,0.0,0.0
PTK-01,SRI,99,pemasakan,-7.47022893137256,35.59937358823536,5.694,1.7762289313725597,0.0,0.0
PTK-01,SRI,100,pemasakan,-14.83945786274512,0.0,5.593,1.7762289313725597,0.0,0.0
PTK-01,SRI,101,pemasakan,-22.65968679411768,0.0,6.044,1.7762289313725597,0.0,0.0
PTK-01,SRI,102,pemasakan,-29.875915725490238,0.0,5.44,1.7762289313725597,0.0,0.0
PTK-01,SRI,103,pemasakan,-38.0441446568628,0.0,6.392,1.7762289313725597,0.0,0.0
PTK-01,SRI,104,pemasakan,-7.033228931372559,38.0441446568628,5.257,1.7762289313725597,0.0,0.0
PTK-01,SRI,105,pemasakan,-14.644457862745119,0.0,5.835,1.7762289313725597,0.0,0.0
PTK-01,SRI,106,pemasakan,-22.08668679411768,0.0,5.666,1.7762289313725597,0.0,0.0
PTK-01,SRI,107,pemasakan,-29.79591572549024,0.0,5.933,1.7762289313725597,0.0,0.0
PTK-01,SRI,108,pemasakan,-37.5561446568628,0.0,5.984,1.7762289313725597,0.0,0.0
PTK-01,SRI,109,pemasakan,-8.738228931372559,37.5561446568628,6.962,1.7762289313725597,0.0,0.0
PTK-01,SRI,110,pemasakan,-15.147457862745119,0.0,4.633,1.7762289313725597,0.0,0.0
PTK-02,FL,1,awal,15.067996527304825,0.0,3.936,0.996003472695175,0.0,0.0
PTK-02,FL,2,awal,11.198607683917103,0.0,3.119,0.7503888433877222,0.0,0.0
PTK-02,FL,3,awal,10.310454607976638,0.0,2.896,0.6921530759404638,0.0,2.7
PTK-02,FL,4,awal,13.579450910712364,0.0,3.154,0.877003697264274,0.0,7.3
PTK-02,FL,5,awal,10.026191897494206,0.0,2.877,0.6762590132181585,0.0,0.0
PTK-02,FL,6,awal,12.476184671477654,0.0,3.227,0.8230072260165547,0.0,6.5
PTK-02,FL,7,awal,10.73810830017704,0.0,2.257,0.6810763713006132,0.0,1.2
PTK-02,FL,8,awal,38.91106280819149,0.0,3.219,2.2080454919855548,0.0,33.6
PTK-02,FL,9,awal,50.0,0.0,2.34,4.069225115728614,25.30183769246287,42.8
PTK-02,FL,10,awal,43.135991318262064,0.0,4.374,2.4900086817379377,0.0,0.0
PTK-02,FL,11,awal,41.27737097452784,0.0,2.371,2.287620343734221,0.0,2.8
PTK-02,FL,12,awal,36.72979069808305,0.0,2.682,2.0655802764447895,0.0,0.2
PTK-02,FL,13,awal,31.674640743750167,0.0,3.226,1.8291499543328826,0.0,0.0
PTK-02,FL,14,awal,26.298238134892806,0.0,3.799,1.5774026088573623,0.0,0.0
PTK-02,FL,15,awal,20.70958130948691,0.0,4.279,1.3096568254058958,0.0,0.0
PTK-02,FL,16,awal,16.626240564371308,0.0,3.052,1.0313407451156027,0.0,0.0
PTK-02,FL,17,awal,11.630250897372347,0.0,4.168,0.8279896669989605,0.0,0.0
PTK-02,FL,18,awal,8.082062383267395,0.0,2.969,0.5791885141049516,0.0,0.0
PTK-02,FL,19,awal,14.414996527304824,11.917937616732605,4.589,0.996003472695175,0.0,0.0
PTK-02,FL,20,awal,11.070307041029317,0.0,3.482,0.7626894862755075,0.0,0.9
PTK-02,FL,21,pertumbuhan,6.278003828195964,0.0,4.241,0.5513032128333523,0.0,0.0
PTK-02,FL,22,pertumbuhan,15.098996527304825,13.721996171804037,3.905,0.996003472695175,0.0,0.0
PTK-02,FL,23,pertumbuhan,8.975063878534426,0.0,5.372,0.7519326487703997,0.0,0.0
PTK-02,FL,24,pertumbuhan,15.270996527304824,11.024936121465574,3.733,0.996003472695175,0.0,0.0
PTK-02,FL,25,pertumbuhan,11.495498248669247,0.0,3.015,0.7604982786355781,0.0,0.0
PTK-02,FL,26,pertumbuhan,6.750020439867453,0.0,4.173,0.5724778088017936,0.0,0.0
PTK-02,FL,27,pertumbuhan,15.104996527304825,13.249979560132548,3.899,0.996003472695175,0.0,0.0
PTK-02,FL,28,pertumbuhan,10.806765077492617,0.0,3.546,0.7522314498122082,0.0,0.0
PTK-02,FL,29,pertumbuhan,6.267586300203438,0.0,4.001,0.5381787772891794,0.0,0.0
PTK-02,FL,30,pertumbuhan,14.835996527304825,13.732413699796563,4.168,0.996003472695175,0.0,0.0
PTK-02,FL,31,pertumbuhan,10.690161324200368,0.0,3.407,0.7388352031044582,0.0,0.0
PTK-02,FL,32,pertumbuhan,5.825789434071607,0.0,4.332,0.5323718901287608,0.0,0.0
PTK-02,FL,33,pertumbuhan,14.134996527304825,14.174210565928393,4.869,0.996003472695175,0.0,0.0
PTK-02,FL,34,pertumbuhan,10.699091228554856,0.0,2.827,0.7089052987499681,0.0,0.1
PTK-02,FL,35,pertumbuhan,5.7732746276387,0.0,4.393,0.5328166009161561,0.0,0.0
PTK-02,FL,36,pertumbuhan,20.793781058682494,0.0,3.791,1.2884935689562054,0.0,20.1
PTK-02,FL,37,pertumbuhan,15.87024715143695,0.0,3.888,1.0355339072455458,0.0,0.0
PTK-02,FL,38,pertumbuhan,10.953906087668853,0.0,4.126,0.7903410637680955,0.0,0.0
PTK-02,FL,39,pertumbuhan,5.363399662524103,0.0,5.045,0.5455064251447498,0.0,0.0
PTK-02,FL,40,pertumbuhan,14.179996527304825,14.636600337475898,4.824,0.996003472695175,0.0,0.0
PTK-02,FL,41,pertumbuhan,9.067830238104769,0.0,4.406,0.7061662892000563,0.0,0.0
PTK-02,FL,42,pertumbuhan,14.928996527304825,10.932169761895231,4.075,0.996003472695175,0.0,0.0
PTK-02,FL,43,pertumbuhan,11.636649803871478,0.0,3.119,0.7733467234333459,0.0,0.6
PTK-02,FL,44,pertumbuhan,12.374301616030197,0.0,4.194,0.8683481878412818,0.0,5.8
PTK-02,FL,45,pertumbuhan,50.0,0.0,3.204,3.499672422539711,13.57062919349049,57.9
PTK-02,FL,46,pertumbuhan,42.577991318262065,0.0,4.932,2.4900086817379377,0.0,0.0
PTK-02,FL,47,pertumbuhan,35.47159995759336,0.0,4.986,2.1203913606687013,0.0,0.0
PTK-02,FL,48,pertumbuhan,28.995108120602513,0.0,4.71,1.7664918369908504,0.0,0.0
PTK-02,FL,49,pertumbuhan,22.708146701637904,0.0,4.843,1.4439614189646086,0.0,0.0
PTK-02,FL,50,pertumbuhan,16.87427705297276,0.0,4.703,1.1308696486651417,0.0,0.0
PTK-02,FL,51,reproduktif,14.418334778504175,0.0,3.516,0.9399422744685861,0.0,2.0
PTK-02,FL,52,reproduktif,9.157299203010586,0.0,4.543,0.7180355754935888,0.0,0.0
PTK-02,FL,53,reproduktif,5.398264112675221,0.0,3.303,0.4560350903353651,0.0,0.0
PTK-02,FL,54,reproduktif,0.6654296225377081,0.0,4.464,0.26883449013751287,0.0,0.0
PTK-02,FL,55,reproduktif,7.862549149720845,0.0,3.507,0.5958804728168637,0.0,11.3
PTK-02,FL,56,reproduktif,2.8819928368529215,0.0,4.589,0.39155631286792286,0.0,0.0
PTK-02,FL,57,reproduktif,3.9469982636524126,7.1180071631470785,5.555,0.4980017363475875,0.0,0.0
PTK-02,FL,58,reproduktif,4.676998263652412,6.053001736347587,4.825,0.4980017363475875,0.0,0.0
PTK-02,FL,59,reproduktif,5.091998263652412,5.323001736347588,4.41,0.4980017363475875,0.0,0.0
PTK-02,FL,60,reproduktif,12.267893712903625,0.0,4.353,0.8711045507487887,0.0,12.4
PTK-02,FL,61,reproduktif,7.55095047586826,0.0,4.106,0.6109432370353657,0.0,0.0
PTK-02,FL,62,reproduktif,3.128911831062556,0.0,4.046,0.37603864480570354,0.0,0.0
PTK-02,FL,63,reproduktif,4.357998263652412,6.871088168937444,5.144,0.4980017363475875,0.0,0.0
PTK-02,FL,64,reproduktif,4.333998263652412,5.642001736347588,5.168,0.4980017363475875,0.0,0.0
PTK-02,FL,65,reproduktif,3.7439982636524123,5.666001736347588,5.758,0.4980017363475875,0.0,0.0
PTK-02,FL,66,reproduktif,4.431998263652412,6.256001736347588,5.07,0.4980017363475875,0.0,0.0
PTK-02,FL,67,reproduktif,5.173998263652412,5.568001736347588,4.328,0.4980017363475875,0.0,0.0
PTK-02,FL,68,reproduktif,-0.5246677482634183,0.0,5.441,0.2576660119158304,0.0,0.0
PTK-02,FL,69,reproduktif,3.8009982636524127,10.524667748263418,5.701,0.4980017363475875,0.0,0.0
PTK-02,FL,70,reproduktif,4.639998263652412,6.199001736347587,4.862,0.4980017363475875,0.0,0.0
PTK-02,FL,71,reproduktif,2.904998263652412,5.360001736347588,6.597,0.4980017363475875,0.0,0.0
PTK-02,FL,72,reproduktif,4.0609982636524125,7.095001736347588,5.441,0.4980017363475875,0.0,0.0
PTK-02,FL,73,reproduktif,3.545998263652412,5.9390017363475875,5.956,0.4980017363475875,0.0,0.0
PTK-02,FL,74,reproduktif,3.4119982636524124,6.454001736347588,6.09,0.4980017363475875,0.0,0.0
PTK-02,FL,75,reproduktif,3.6679982636524127,6.588001736347588,5.834,0.4980017363475875,0.0,0.0
PTK-02,FL,76,reproduktif,4.184998263652412,6.332001736347587,5.317,0.4980017363475875,0.0,0.0
PTK-02,FL,77,reproduktif,3.817998263652412,5.815001736347588,5.684,0.4980017363475875,0.0,0.0
PTK-02,FL,78,reproduktif,3.971998263652412,6.182001736347588,5.53,0.4980017363475875,0.0,0.0
PTK-02,FL,79,reproduktif,4.121998263652412,6.028001736347588,5.38,0.4980017363475875,0.0,0.0
PTK-02,FL,80,reproduktif,4.4839982636524125,5.878001736347588,5.018,0.4980017363475875,0.0,0.0
PTK-02,FL,81,reproduktif,3.530998263652412,5.5160017363475875,5.971,0.4980017363475875,0.0,0.0
PTK-02,FL,82,reproduktif,4.189998263652412,6.469001736347588,5.312,0.4980017363475875,0.0,0.0
PTK-02,FL,83,reproduktif,4.127998263652413,5.810001736347588,5.374,0.4980017363475875,0.0,0.0
PTK-02,FL,84,reproduktif,3.6959982636524122,5.872001736347587,5.806,0.4980017363475875,0.0,0.0
PTK-02,FL,85,reproduktif,3.2439982636524123,6.304001736347588,6.258,0.4980017363475875,0.0,0.0
PTK-02,FL,86,reproduktif,4.931998263652412,6.756001736347588,4.57,0.4980017363475875,0.0,0.0
PTK-02,FL,87,reproduktif,3.952998263652412,5.068001736347588,5.549,0.4980017363475875,0.0,0.0
PTK-02,FL,88,reproduktif,3.6649982636524125,6.047001736347588,5.837,0.4980017363475875,0.0,0.0
PTK-02,FL,89,reproduktif,3.5449982636524124,6.3350017363475875,5.957,0.4980017363475875,0.0,0.0
PTK-02,FL,90,reproduktif,3.806998263652412,6.455001736347588,5.695,0.4980017363475875,0.0,0.0
PTK-02,FL,91,pemasakan,-1.7485909109047029,0.0,5.366,0.1895891745571152,0.0,0.0
PTK-02,FL,92,pemasakan,3.6829982636524123,11.748590910904703,5.819,0.4980017363475875,0.0,0.0
PTK-02,FL,93,pemasakan,-2.8024156893739924,0.0,6.302,0.18341395302640512,0.0,0.0
PTK-02,FL,94,pemasakan,3.5819982636524124,12.802415689373992,5.92,0.4980017363475875,0.0,0.0
PTK-02,FL,95,pemasakan,-3.0333858718368827,0.0,6.437,0.1783841354892945,0.0,0.0
PTK-02,FL,96,pemasakan,-4.2295633885302655,0.0,4.958,0.03817751669338243,0.0,3.8
PTK-02,FL,97,pemasakan,5.059998263652412,10.429563388530266,4.442,0.4980017363475875,0.0,3.8
PTK-02,FL,98,pemasakan,0.012009471530944005,0.0,4.796,0.2519887921214679,0.0,0.0
PTK-02,FL,99,pemasakan,-5.737588602236558,0.0,5.749,0.0005980737675027034,0.0,0.0
PTK-02,FL,100,pemasakan,3.854998263652412,15.737588602236558,5.647,0.4980017363475875,0.0,0.0
PTK-02,FL,101,pemasakan,-2.4399813192391715,0.0,6.103,0.1919795828915836,0.0,0.0
PTK-02,FL,102,pemasakan,4.008998263652412,12.439981319239171,5.493,0.4980017363475875,0.0,0.0
PTK-02,FL,103,pemasakan,-2.6436505459789243,0.0,6.453,0.19964880963133644,0.0,0.0
PTK-02,FL,104,pemasakan,4.1939982636524125,12.643650545978925,5.308,0.4980017363475875,0.0,0.0
PTK-02,FL,105,pemasakan,-1.9068635781013548,0.0,5.892,0.20886184175376685,0.0,0.0
PTK-02,FL,106,pemasakan,3.7819982636524125,11.906863578101355,5.72,0.4980017363475875,0.0,0.0
PTK-02,FL,107,pemasakan,-2.396345906563834,0.0,5.99,0.18834417021624625,0.0,0.0
PTK-02,FL,108,pemasakan,3.4599982636524125,12.396345906563834,6.042,0.4980017363475875,0.0,0.0
PTK-02,FL,109,pemasakan,-3.7413102506534415,0.0,7.029,0.17230851430585392,0.0,0.0
PTK-02,FL,110,pemasakan,4.823998263652412,13.741310250653441,4.678,0.4980017363475875,0.0,0.0
PTK-02,SRI,1,awal,15.106996527304826,0.0,3.897,0.996003472695175,0.0,0.0
PTK-02,SRI,2,awal,11.266665477145349,0.0,3.088,0.7523310501594778,0.0,0.0
PTK-02,SRI,3,awal,10.40412311128492,0.0,2.867,0.695542365860429,0.0,2.7
PTK-02,SRI,4,awal,13.699454706291784,0.0,3.123,0.8816684049931343,0.0,7.3
PTK-02,SRI,5,awal,10.168219483216939,0.0,2.849,0.6822352230748437,0.0,0.0
PTK-02,SRI,6,awal,12.643139258770464,0.0,3.195,0.8300802244464722,0.0,6.5
PTK-02,SRI,7,awal,10.91874852003355,0.0,2.235,0.6893907387369146,0.0,1.2
PTK-02,SRI,8,awal,39.11470711373372,0.0,3.187,2.2170414062998303,0.0,33.6
PTK-02,SRI,9,awal,40.0,0.0,2.317,4.079366637504347,35.51834047622938,42.8
PTK-02,SRI,10,awal,33.67699305460965,0.0,4.331,1.99200694539035,0.0,0.0
PTK-02,SRI,11,awal,32.312432466816205,0.0,2.348,1.8165605877934494,0.0,2.8
PTK-02,SRI,12,awal,28.238307684680393,0.0,2.655,1.6191247821358148,0.0,0.2
PTK-02,SRI,13,awal,23.63803505883157,0.0,3.194,1.4062726258488258,0.0,0.0
PTK-02,SRI,14,awal,18.699856808517243,0.0,3.761,1.1771782503143269,0.0,0.0
PTK-02,SRI,15,awal,13.531600692507958,0.0,4.237,0.9312561160092843,0.0,0.0
PTK-02,SRI,16,awal,9.83572462846484,0.0,3.022,0.6738760640431181,0.0,0.0
PTK-02,SRI,17,awal,5.218903834143618,0.0,4.127,0.489820794321222,0.0,0.0
PTK-02,SRI,18,awal,2.019001517020158,0.0,2.94,0.25990231712346035,0.0,0.0
PTK-02,SRI,19,awal,-2.625545109096287,0.0,4.544,0.10054662611644519,0.0,0.0
PTK-02,SRI,20,awal,6.053998263652413,11.725545109096288,3.448,0.4980017363475875,0.0,0.9
PTK-02,SRI,21,pertumbuhan,1.7605080989379944,0.0,3.992,0.30149016471441814,0.0,0.0
PTK-02,SRI,22,pertumbuhan,-2.0021655100745166,0.0,3.675,0.08767360901251116,0.0,0.0
PTK-02,SRI,23,pertumbuhan,-8.253369677308726,0.0,5.056,1.19520416723421,0.0,0.0
PTK-02,SRI,24,pertumbuhan,-12.962573844542936,0.0,3.514,1.19520416723421,0.0,0.0
PTK-02,SRI,25,pertumbuhan,-16.995778011777148,0.0,2.838,1.19520416723421,0.0,0.0
PTK-02,SRI,26,pertumbuhan,-22.117982179011356,0.0,3.927,1.19520416723421,0.0,0.0
PTK-02,SRI,27,pertumbuhan,5.831998263652412,32.117982179011356,3.67,0.4980017363475875,0.0,0.0
PTK-02,SRI,28,pertumbuhan,2.2045637374849107,0.0,3.337,0.29043452616750165,0.0,0.0
PTK-02,SRI,29,pertumbuhan,-1.6712239194307306,0.0,3.766,0.10978765691564125,0.0,0.0
PTK-02,SRI,30,pertumbuhan,-6.789428086664941,0.0,3.923,1.19520416723421,0.0,0.0
PTK-02,SRI,31,pertumbuhan,-11.190632253899151,0.0,3.206,1.19520416723421,0.0,0.0
PTK-02,SRI,32,pertumbuhan,-16.46283642113336,0.0,4.077,1.19520416723421,0.0,0.0
PTK-02,SRI,33,pertumbuhan,-22.24104058836757,0.0,4.583,1.19520416723421,0.0,0.0
PTK-02,SRI,34,pertumbuhan,6.840998263652413,32.141040588367574,2.661,0.4980017363475875,0.0,0.1
PTK-02,SRI,35,pertumbuhan,2.36531536228744,0.0,4.135,0.34068290136497326,0.0,0.0
PTK-02,SRI,36,pertumbuhan,17.778538756485915,0.0,3.568,1.1187766058015278,0.0,20.1
PTK-02,SRI,37,pertumbuhan,13.233164439440628,0.0,3.66,0.8853743170452865,0.0,0.0
PTK-02,SRI,38,pertumbuhan,8.69115055261917,0.0,3.883,0.6590138868214582,0.0,0.0
PTK-02,SRI,39,pertumbuhan,3.510329746012906,0.0,4.748,0.43282080660626415,0.0,0.0
PTK-02,SRI,40,pertumbuhan,-1.2044852848537948,0.0,4.54,0.1748150308667013,0.0,0.0
PTK-02,SRI,41,pertumbuhan,-6.546689452088005,0.0,4.147,1.19520416723421,0.0,0.0
PTK-02,SRI,42,pertumbuhan,-11.576893619322215,0.0,3.835,1.19520416723421,0.0,0.0
PTK-02,SRI,43,pertumbuhan,-15.108097786556424,0.0,2.936,1.19520416723421,0.0,0.6
PTK-02,SRI,44,pertumbuhan,-14.451301953790633,0.0,3.948,1.19520416723421,0.0,5.8
PTK-02,SRI,45,pertumbuhan,38.26994533930394,0.0,3.015,2.1637527069054294,0.0,57.9
PTK-02,SRI,46,pertumbuhan,31.722095416413875,0.0,4.642,1.9058499228900625,0.0,0.0
PTK-02,SRI,47,pertumbuhan,25.45032955661808,0.0,4.692,1.5797658597957955,0.0,0.0
PTK-02,SRI,48,pertumbuhan,19.74989872563667,0.0,4.433,1.267430830981413,0.0,0.0
PTK-02,SRI,49,pertumbuhan,14.208350339831062,0.0,4.558,0.9835483858056067,0.0,0.0
PTK-02,SRI,50,pertumbuhan,9.073772025843992,0.0,4.427,0.7075783139870704,0.0,0.0
PTK-02,SRI,51,reproduktif,7.231296256165227,0.0,3.291,0.5514757696787649,0.0,2.0
PTK-02,SRI,52,reproduktif,2.620176447003818,0.0,4.251,0.3601198091614092,0.0,0.0
PTK-02,SRI,53,reproduktif,-0.6013087950106777,0.0,3.091,0.13048524201449538,0.0,0.0
PTK-02,SRI,54,reproduktif,-5.674711920436335,0.0,4.177,0.8964031254256575,0.0,0.0
PTK-02,SRI,55,reproduktif,2.064147756455856,0.0,3.281,0.2801403231078091,0.0,11.3
PTK-02,SRI,56,reproduktif,-2.3326471602234427,0.0,4.294,0.10279491667929934,0.0,0.0
PTK-02,SRI,57,reproduktif,-8.4270502856491,0.0,5.198,0.8964031254256575,0.0,0.0
PTK-02,SRI,58,reproduktif,-13.839453411074757,0.0,4.516,0.8964031254256575,0.0,0.0
PTK-02,SRI,59,reproduktif,-18.862856536500416,0.0,4.127,0.8964031254256575,0.0,0.0
PTK-02,SRI,60,reproduktif,-11.433259661926073,0.0,4.074,0.8964031254256575,0.0,12.4
PTK-02,SRI,61,reproduktif,-16.17166278735173,0.0,3.842,0.8964031254256575,0.0,0.0
PTK-02,SRI,62,reproduktif,-20.854065912777386,0.0,3.786,0.8964031254256575,0.0,0.0
PTK-02,SRI,63,reproduktif,-26.563469038203046,0.0,4.813,0.8964031254256575,0.0,0.0
PTK-02,SRI,64,reproduktif,-0.08500086817379415,31.563469038203046,4.836,0.24900086817379374,0.0,0.0
PTK-02,SRI,65,reproduktif,-6.370403993599452,0.0,5.389,0.8964031254256575,0.0,0.0
PTK-02,SRI,66,reproduktif,-12.01080711902511,0.0,4.744,0.8964031254256575,0.0,0.0
PTK-02,SRI,67,reproduktif,-16.957210244450767,0.0,4.05,0.8964031254256575,0.0,0.0
PTK-02,SRI,68,reproduktif,-22.945613369876426,0.0,5.092,0.8964031254256575,0.0,0.0
PTK-02,SRI,69,reproduktif,-29.177016495302084,0.0,5.335,0.8964031254256575,0.0,0.0
PTK-02,SRI,70,reproduktif,0.20099913182620632,34.177016495302084,4.55,0.24900086817379374,0.0,0.0
PTK-02,SRI,71,reproduktif,-5.982010659839174,0.0,6.173,0.010009791665380838,0.0,0.0
PTK-02,SRI,72,reproduktif,-11.970413785264832,0.0,5.092,0.8964031254256575,0.0,0.0
PTK-02,SRI,73,reproduktif,-18.43981691069049,0.0,5.573,0.8964031254256575,0.0,0.0
PTK-02,SRI,74,reproduktif,-25.035220036116147,0.0,5.699,0.8964031254256575,0.0,0.0
PTK-02,SRI,75,reproduktif,-0.7080008681737935,30.035220036116147,5.459,0.24900086817379374,0.0,0.0
PTK-02,SRI,76,reproduktif,-6.580403993599451,0.0,4.976,0.8964031254256575,0.0,0.0
PTK-02,SRI,77,reproduktif,-12.79580711902511,0.0,5.319,0.8964031254256575,0.0,0.0
PTK-02,SRI,78,reproduktif,-18.86621024445077,0.0,5.174,0.8964031254256575,0.0,0.0
PTK-02,SRI,79,reproduktif,-24.797613369876427,0.0,5.035,0.8964031254256575,0.0,0.0
PTK-02,SRI,80,reproduktif,-30.390016495302085,0.0,4.696,0.8964031254256575,0.0,0.0
PTK-02,SRI,81,reproduktif,-0.8370008681737939,35.390016495302085,5.588,0.24900086817379374,0.0,0.0
PTK-02,SRI,82,reproduktif,-6.703403993599451,0.0,4.97,0.8964031254256575,0.0,0.0
PTK-02,SRI,83,reproduktif,-12.628807119025108,0.0,5.029,0.8964031254256575,0.0,0.0
PTK-02,SRI,84,reproduktif,-18.959210244450766,0.0,5.434,0.8964031254256575,0.0,0.0
PTK-02,SRI,85,reproduktif,-25.711613369876424,0.0,5.856,0.8964031254256575,0.0,0.0
PTK-02,SRI,86,reproduktif,0.473999131826206,30.711613369876424,4.277,0.24900086817379374,0.0,0.0
PTK-02,SRI,87,reproduktif,-4.742606107241463,0.0,5.193,0.02360523906766996,0.0,0.0
PTK-02,SRI,88,reproduktif,-11.10100923266712,0.0,5.462,0.8964031254256575,0.0,0.0
PTK-02,SRI,89,reproduktif,-17.57141235809278,0.0,5.574,0.8964031254256575,0.0,0.0
PTK-02,SRI,90,reproduktif,-23.796815483518436,0.0,5.329,0.8964031254256575,0.0,0.0
PTK-02,SRI,91,pemasakan,-30.007218608944093,0.0,5.314,0.8964031254256575,0.0,0.0
PTK-02,SRI,92,pemasakan,-6.660403125425658,30.007218608944093,5.764,0.8964031254256575,0.0,0.0
PTK-02,SRI,93,pemasakan,-13.798806250851316,0.0,6.242,0.8964031254256575,0.0,0.0
PTK-02,SRI,94,pemasakan,-20.559209376276975,0.0,5.864,0.8964031254256575,0.0,0.0
PTK-02,SRI,95,pemasakan,-27.830612501702632,0.0,6.375,0.8964031254256575,0.0,0.0
PTK-02,SRI,96,pemasakan,-29.83801562712829,0.0,4.911,0.8964031254256575,0.0,3.8
PTK-02,SRI,97,pemasakan,-31.333418752553946,0.0,4.399,0.8964031254256575,0.0,3.8
PTK-02,SRI,98,pemasakan,-5.647403125425658,31.333418752553946,4.751,0.8964031254256575,0.0,0.0
PTK-02,SRI,99,pemasakan,-12.237806250851316,0.0,5.694,0.8964031254256575,0.0,0.0
PTK-02,SRI,100,pemasakan,-18.727209376276974,0.0,5.593,0.8964031254256575,0.0,0.0
PTK-02,SRI,101,pemasakan,-25.66761250170263,0.0,6.044,0.8964031254256575,0.0,0.0
PTK-02,SRI,102,pemasakan,-32.00401562712829,0.0,5.44,0.8964031254256575,0.0,0.0
PTK-02,SRI,103,pemasakan,-7.288403125425658,32.00401562712829,6.392,0.8964031254256575,0.0,0.0
PTK-02,SRI,104,pemasakan,-13.441806250851315,0.0,5.257,0.8964031254256575,0.0,0.0
PTK-02,SRI,105,pemasakan,-20.173209376276972,0.0,5.835,0.8964031254256575,0.0,0.0
PTK-02,SRI,106,pemasakan,-26.73561250170263,0.0,5.666,0.8964031254256575,0.0,0.0
PTK-02,SRI,107,pemasakan,-33.56501562712829,0.0,5.933,0.8964031254256575,0.0,0.0
PTK-02,SRI,108,pemasakan,-6.880403125425658,33.56501562712829,5.984,0.8964031254256575,0.0,0.0
PTK-02,SRI,109,pemasakan,-14.738806250851315,0.0,6.962,0.8964031254256575,0.0,0.0
PTK-02,SRI,110,pemasakan,-20.26820937627697,0.0,4.633,0.8964031254256575,0.0,0.0
PTK-03,FL,1,awal,14.950613442849612,0.0,3.936,1.1133865571503883,0.0,0.0
PTK-03,FL,2,awal,10.99932284142858,0.0,3.119,0.8322906014210322,0.0,0.0
PTK-03,FL,3,awal,10.040690746743087,0.0,2.896,0.762632094685492,0.0,2.7
PTK-03,FL,4,awal,13.221346148286791,0.0,3.154,0.965344598456294,0.0,7.3
PTK-03,FL,5,awal,9.608322694840062,0.0,2.877,0.7360234534467289,0.0,0.0
PTK-03,FL,6,awal,11.98458319750629,0.0,3.227,0.8967394973337721,0.0,6.5
PTK-03,FL,7,awal,10.193606312819568,0.0,2.257,0.7339768846867192,0.0,1.2
PTK-03,FL,8,awal,38.136645684928084,0.0,3.219,2.4379606278914845,0.0,33.6
PTK-03,FL,9,awal,50.0,0.0,2.34,4.505688664322145,24.09095702060594,42.8
PTK-03,FL,10,awal,42.84253360712403,0.0,4.374,2.7834663928759706,0.0,0.0
PTK-03,FL,11,awal,40.73064443950119,0.0,2.371,2.540889167622836,0.0,2.8
PTK-03,FL,12,awal,35.97006297477905,0.0,2.682,2.278581464722146,0.0,0.2
PTK-03,FL,13,awal,30.74163374598045,0.0,3.226,2.002429228798595,0.0,0.0
PTK-03,FL,14,awal,25.231267658099682,0.0,3.799,1.7113660878807684,0.0,0.0
PTK-03,FL,15,awal,19.547659946580104,0.0,4.279,1.4046077115195772,0.0,0.0
PTK-03,FL,16,awal,15.407454856166636,0.0,3.052,1.0882050904134684,0.0,0.0
PTK-03,FL,17,awal,10.381732200328766,0.0,4.168,0.8577226558378701,0.0,0.0
PTK-03,FL,18,awal,6.834788146739698,0.0,2.969,0.5779440535890685,0.0,0.0
PTK-03,FL,19,awal,14.297613442849611,13.165211853260303,4.589,1.1133865571503883,0.0,0.0
PTK-03,FL,20,awal,10.869572517447772,0.0,3.482,0.8460409254018394,0.0,0.9
PTK-03,FL,21,pertumbuhan,6.023470721302889,0.0,4.241,0.6051017961448827,0.0,0.0
PTK-03,FL,22,pertumbuhan,14.981613442849612,13.976529278697111,3.905,1.1133865571503883,0.0,0.0
PTK-03,FL,23,pertumbuhan,8.775597092264997,0.0,5.372,0.8340163505846153,0.0,0.0
PTK-03,FL,24,pertumbuhan,15.153613442849611,11.224402907735003,3.733,1.1133865571503883,0.0,0.0
PTK-03,FL,25,pertumbuhan,11.295021967873502,0.0,3.015,0.8435914749761085,0.0,0.0
PTK-03,FL,26,pertumbuhan,6.493235686786068,0.0,4.173,0.6287862810874342,0.0,0.0
PTK-03,FL,27,pertumbuhan,14.98761344284961,13.506764313213932,3.899,1.1133865571503883,0.0,0.0
PTK-03,FL,28,pertumbuhan,10.607263076297851,0.0,3.546,0.8343503665517603,0.0,0.0
PTK-03,FL,29,pertumbuhan,6.015763870432465,0.0,4.001,0.5904992058653851,0.0,0.0
PTK-03,FL,30,pertumbuhan,14.718613442849612,13.984236129567535,4.168,1.1133865571503883,0.0,0.0
PTK-03,FL,31,pertumbuhan,10.492238125491525,0.0,3.407,0.8193753173580877,0.0,0.0
PTK-03,FL,32,pertumbuhan,5.576142281324373,0.0,4.332,0.5840958441671527,0.0,0.0
PTK-03,FL,33,pertumbuhan,14.017613442849612,14.423857718675627,4.869,1.1133865571503883,0.0,0.0
PTK-03,FL,34,pertumbuhan,10.504695391533893,0.0,2.827,0.7859180513157185,0.0,0.1
PTK-03,FL,35,pertumbuhan,5.52690605973922,0.0,4.393,0.5847893317946735,0.0,0.0
PTK-03,FL,36,pertumbuhan,20.409273424325747,0.0,3.791,1.4266326354134737,0.0,20.1
PTK-03,FL,37,pertumbuhan,15.385102890733199,0.0,3.888,1.136170533592548,0.0,0.0
PTK-03,FL,38,pertumbuhan,10.402624553787302,0.0,4.126,0.8564783369458961,0.0,0.0
PTK-03,FL,39,pertumbuhan,4.778517436923835,0.0,5.045,0.5791071168634669,0.0,0.0
PTK-03,FL,40,pertumbuhan,14.062613442849612,15.221482563076165,4.824,1.1133865571503883,0.0,0.0
PTK-03,FL,41,pertumbuhan,8.873757204566058,0.0,4.406,0.7828562382835549,0.0,0.0
PTK-03,FL,42,pertumbuhan,14.811613442849612,11.126242795433942,4.075,1.1133865571503883,0.0,0.0
PTK-03,FL,43,pertumbuhan,11.434659281286264,0.0,3.119,0.8579541615633486,0.0,0.6
PTK-03,FL,44,pertumbuhan,12.081217383243697,0.0,4.194,0.9594418980425649,0.0,5.8
PTK-03,FL,45,pertumbuhan,50.0,0.0,3.204,3.89580733437613,12.881410048867558,57.9
PTK-03,FL,46,pertumbuhan,42.28453360712403,0.0,4.932,2.7834663928759706,0.0,0.0
PTK-03,FL,47,pertumbuhan,34.94458204244675,0.0,4.986,2.3539515646772857,0.0,0.0
PTK-03,FL,48,pertumbuhan,28.289240647881794,0.0,4.71,1.9453413945649534,0.0,0.0
PTK-03,FL,49,pertumbuhan,21.871397635414596,0.0,4.843,1.5748430124671966,0.0,0.0
PTK-03,FL,50,pertumbuhan,15.950831629746524,0.0,4.703,1.21756600566807,0.0,0.0
PTK-03,FL,51,reproduktif,13.435520898435035,0.0,3.516,0.9993107313114888,0.0,2.0
PTK-03,FL,52,reproduktif,8.144574480603502,0.0,4.543,0.7479464178315338,0.0,0.0
PTK-03,FL,53,reproduktif,4.3881714935828,0.0,3.303,0.45340298702070225,0.0,0.0
PTK-03,FL,54,reproduktif,4.9793067214248055,5.6118285064172,4.464,0.5566932785751941,0.0,0.0
PTK-03,FL,55,reproduktif,11.86604865825669,0.0,3.507,0.906258063168117,0.0,11.3
PTK-03,FL,56,reproduktif,6.616473705126919,0.0,4.589,0.66057495312977,0.0,0.0
PTK-03,FL,57,reproduktif,0.6931390611755521,0.0,5.555,0.36833464395136667,0.0,0.0
PTK-03,FL,58,reproduktif,4.618306721424806,9.306860938824448,4.825,0.5566932785751941,0.0,0.0
PTK-03,FL,59,reproduktif,5.033306721424806,5.381693278575194,4.41,0.5566932785751941,0.0,0.0
PTK-03,FL,60,reproduktif,12.109806253909113,0.0,4.353,0.9705004675156944,0.0,12.4
PTK-03,FL,61,reproduktif,7.329661479269208,0.0,4.106,0.6741447746399054,0.0,0.0
PTK-03,FL,62,reproduktif,2.8756241512951393,0.0,4.046,0.4080373279740683,0.0,0.0
PTK-03,FL,63,reproduktif,4.299306721424806,7.124375848704861,5.144,0.5566932785751941,0.0,0.0
PTK-03,FL,64,reproduktif,4.275306721424806,5.700693278575194,5.168,0.5566932785751941,0.0,0.0
PTK-03,FL,65,reproduktif,3.685306721424806,5.724693278575194,5.758,0.5566932785751941,0.0,0.0
PTK-03,FL,66,reproduktif,4.373306721424806,6.314693278575194,5.07,0.5566932785751941,0.0,0.0
PTK-03,FL,67,reproduktif,5.115306721424806,5.626693278575194,4.328,0.5566932785751941,0.0,0.0
PTK-03,FL,68,reproduktif,-0.6104589655419641,0.0,5.441,0.28476568696677024,0.0,0.0
PTK-03,FL,69,reproduktif,3.7423067214248062,10.610458965541964,5.701,0.5566932785751941,0.0,0.0
PTK-03,FL,70,reproduktif,4.581306721424806,6.257693278575194,4.862,0.5566932785751941,0.0,0.0
PTK-03,FL,71,reproduktif,2.8463067214248055,5.418693278575194,6.597,0.5566932785751941,0.0,0.0
PTK-03,FL,72,reproduktif,4.002306721424806,7.1536932785751945,5.441,0.5566932785751941,0.0,0.0
PTK-03,FL,73,reproduktif,3.4873067214248055,5.997693278575194,5.956,0.5566932785751941,0.0,0.0
PTK-03,FL,74,reproduktif,3.353306721424806,6.5126932785751945,6.09,0.5566932785751941,0.0,0.0
PTK-03,FL,75,reproduktif,3.6093067214248062,6.646693278575194,5.834,0.5566932785751941,0.0,0.0
PTK-03,FL,76,reproduktif,4.126306721424806,6.390693278575194,5.317,0.5566932785751941,0.0,0.0
PTK-03,FL,77,reproduktif,3.7593067214248057,5.873693278575194,5.684,0.5566932785751941,0.0,0.0
PTK-03,FL,78,reproduktif,3.9133067214248056,6.240693278575194,5.53,0.5566932785751941,0.0,0.0
PTK-03,FL,79,reproduktif,4.063306721424806,6.086693278575194,5.38,0.5566932785751941,0.0,0.0
PTK-03,FL,80,reproduktif,4.425306721424806,5.936693278575194,5.018,0.5566932785751941,0.0,0.0
PTK-03,FL,81,reproduktif,3.472306721424806,5.574693278575194,5.971,0.5566932785751941,0.0,0.0
PTK-03,FL,82,reproduktif,4.131306721424806,6.527693278575194,5.312,0.5566932785751941,0.0,0.0
PTK-03,FL,83,reproduktif,4.069306721424806,5.868693278575194,5.374,0.5566932785751941,0.0,0.0
PTK-03,FL,84,reproduktif,3.637306721424806,5.930693278575194,5.806,0.5566932785751941,0.0,0.0
PTK-03,FL,85,reproduktif,3.185306721424806,6.362693278575194,6.258,0.5566932785751941,0.0,0.0
PTK-03,FL,86,reproduktif,4.873306721424806,6.814693278575194,4.57,0.5566932785751941,0.0,0.0
PTK-03,FL,87,reproduktif,3.8943067214248055,5.126693278575194,5.549,0.5566932785751941,0.0,0.0
PTK-03,FL,88,reproduktif,3.606306721424806,6.1056932785751945,5.837,0.5566932785751941,0.0,0.0
PTK-03,FL,89,reproduktif,3.486306721424806,6.393693278575194,5.957,0.5566932785751941,0.0,0.0
PTK-03,FL,90,reproduktif,3.7483067214248056,6.513693278575194,5.695,0.5566932785751941,0.0,0.0
PTK-03,FL,91,pemasakan,-1.826358994360735,0.0,5.366,0.2086657157855412,0.0,0.0
PTK-03,FL,92,pemasakan,3.624306721424806,11.826358994360735,5.819,0.5566932785751941,0.0,0.0
PTK-03,FL,93,pemasakan,-2.879455997706402,0.0,6.302,0.2017627191312088,0.0,0.0
PTK-03,FL,94,pemasakan,3.523306721424806,12.879455997706401,5.92,0.5566932785751941,0.0,0.0
PTK-03,FL,95,pemasakan,-3.1098333955927933,0.0,6.437,0.19614011701759934,0.0,0.0
PTK-03,FL,96,pemasakan,-4.306254506569849,0.0,4.958,0.03842111097705569,0.0,3.8
PTK-03,FL,97,pemasakan,5.001306721424806,10.50625450656985,4.442,0.5566932785751941,0.0,3.8
PTK-03,FL,98,pemasakan,-0.07311266216620727,0.0,4.796,0.27841938359101304,0.0,0.0
PTK-03,FL,99,pemasakan,3.694306721424806,10.073112662166206,5.749,0.5566932785751941,0.0,0.0
PTK-03,FL,100,pemasakan,-2.1583528506564296,0.0,5.647,0.20565957208123517,0.0,0.0
PTK-03,FL,101,pemasakan,3.340306721424806,12.15835285065643,6.103,0.5566932785751941,0.0,0.0
PTK-03,FL,102,pemasakan,-2.3386459085948674,0.0,5.493,0.1859526300196733,0.0,0.0
PTK-03,FL,103,pemasakan,2.9903067214248056,12.338645908594867,6.453,0.5566932785751941,0.0,0.0
PTK-03,FL,104,pemasakan,-2.484161643844736,0.0,5.308,0.16646836526954148,0.0,0.0
PTK-03,FL,105,pemasakan,3.5513067214248055,12.484161643844736,5.892,0.5566932785751941,0.0,0.0
PTK-03,FL,106,pemasakan,-2.366392136772804,0.0,5.72,0.19769885819760985,0.0,0.0
PTK-03,FL,107,pemasakan,3.4533067214248057,12.366392136772804,5.99,0.5566932785751941,0.0,0.0
PTK-03,FL,108,pemasakan,-2.780936542642767,0.0,6.042,0.19224326406757297,0.0,0.0
PTK-03,FL,109,pemasakan,2.414306721424806,12.780936542642767,7.029,0.5566932785751941,0.0,0.0
PTK-03,FL,110,pemasakan,-2.3980961109988046,0.0,4.678,0.1344028324236103,0.0,0.0
PTK-03,SRI,1,awal,14.989613442849612,0.0,3.897,1.1133865571503883,0.0,0.0
PTK-03,SRI,2,awal,11.067151737642135,0.0,3.088,0.8344617052074754,0.0,0.0
PTK-03,SRI,3,awal,10.133743653895117,0.0,2.867,0.7664080837470181,0.0,2.7
PTK-03,SRI,4,awal,13.34021886264248,0.0,3.123,0.9705247912526358,0.0,7.3
PTK-03,SRI,5,awal,9.74857784508697,0.0,2.849,0.7426410175555089,0.0,0.0
PTK-03,SRI,6,awal,12.149030437810397,0.0,3.195,0.9045474072765728,0.0,6.5
PTK-03,SRI,7,awal,10.370898885787923,0.0,2.235,0.7431315520224729,0.0,1.2
PTK-03,SRI,8,awal,38.33606849952516,0.0,3.187,2.4478303862627633,0.0,33.6
PTK-03,SRI,9,awal,40.0,0.0,2.317,4.516790398370219,34.30227810115494,42.8
PTK-03,SRI,10,awal,33.44222688569922,0.0,4.331,2.2267731143007765,0.0,0.0
PTK-03,SRI,11,awal,31.876646474912622,0.0,2.348,2.0175804107865947,0.0,2.8
PTK-03,SRI,12,awal,27.635961125730965,0.0,2.655,1.7856853491816551,0.0,0.2
PTK-03,SRI,13,awal,22.903485745164986,0.0,3.194,1.5384753805659783,0.0,0.0
PTK-03,SRI,14,awal,17.867464088137375,0.0,3.761,1.2750216570276118,0.0,0.0
PTK-03,SRI,15,awal,12.6357943718324,0.0,4.237,0.9946697163049737,0.0,0.0
PTK-03,SRI,16,awal,8.910368192206665,0.0,3.022,0.7034261796257365,0.0,0.0
PTK-03,SRI,17,awal,4.287333983983499,0.0,4.127,0.4960342082231654,0.0,0.0
PTK-03,SRI,18,awal,1.1086609827944374,0.0,2.94,0.23867300118906232,0.0,0.0
PTK-03,SRI,19,awal,-3.497057428939585,0.0,4.544,0.061718411734023225,0.0,0.0
PTK-03,SRI,20,awal,5.9953067214248055,12.597057428939586,3.448,0.5566932785751941,0.0,0.9
PTK-03,SRI,21,pertumbuhan,1.6695520259434184,0.0,3.992,0.3337546954813873,0.0,0.0
PTK-03,SRI,22,pertumbuhan,-2.0983908131640114,0.0,3.675,0.09294283910742993,0.0,0.0
PTK-03,SRI,23,pertumbuhan,-8.490454681744477,0.0,5.056,1.3360638685804658,0.0,0.0
PTK-03,SRI,24,pertumbuhan,-13.340518550324944,0.0,3.514,1.3360638685804658,0.0,0.0
PTK-03,SRI,25,pertumbuhan,-17.51458241890541,0.0,2.838,1.3360638685804658,0.0,0.0
PTK-03,SRI,26,pertumbuhan,-22.777646287485876,0.0,3.927,1.3360638685804658,0.0,0.0
PTK-03,SRI,27,pertumbuhan,5.773306721424806,32.77764628748588,3.67,0.5566932785751941,0.0,0.0
PTK-03,SRI,28,pertumbuhan,2.1149106167277876,0.0,3.337,0.321396104697018,0.0,0.0
PTK-03,SRI,29,pertumbuhan,-1.7688250357841802,0.0,3.766,0.11773565251196778,0.0,0.0
PTK-03,SRI,30,pertumbuhan,-7.027888904364646,0.0,3.923,1.3360638685804658,0.0,0.0
PTK-03,SRI,31,pertumbuhan,-11.569952772945111,0.0,3.206,1.3360638685804658,0.0,0.0
PTK-03,SRI,32,pertumbuhan,-16.983016641525577,0.0,4.077,1.3360638685804658,0.0,0.0
PTK-03,SRI,33,pertumbuhan,-22.902080510106043,0.0,4.583,1.3360638685804658,0.0,0.0
PTK-03,SRI,34,pertumbuhan,6.782306721424806,32.80208051010604,2.661,0.5566932785751941,0.0,0.1
PTK-03,SRI,35,pertumbuhan,2.2697402649195517,0.0,4.135,0.3775664565052551,0.0,0.0
PTK-03,SRI,36,pertumbuhan,17.556431860024194,0.0,3.568,1.2453084048953598,0.0,20.1
PTK-03,SRI,37,pertumbuhan,12.919077098800308,0.0,3.66,0.9773547612238862,0.0,0.0
PTK-03,SRI,38,pertumbuhan,8.316880760170623,0.0,3.883,0.7191963386296851,0.0,0.0
PTK-03,SRI,39,pertumbuhan,3.105885598380789,0.0,4.748,0.4629951617898337,0.0,0.0
PTK-03,SRI,40,pertumbuhan,-1.6070169652834192,0.0,4.54,0.17290256366420803,0.0,0.0
PTK-03,SRI,41,pertumbuhan,-7.090080833863885,0.0,4.147,1.3360638685804658,0.0,0.0
PTK-03,SRI,42,pertumbuhan,-12.261144702444351,0.0,3.835,1.3360638685804658,0.0,0.0
PTK-03,SRI,43,pertumbuhan,-15.933208571024817,0.0,2.936,1.3360638685804658,0.0,0.6
PTK-03,SRI,44,pertumbuhan,-15.417272439605282,0.0,3.948,1.3360638685804658,0.0,5.8
PTK-03,SRI,45,pertumbuhan,37.10274267155343,0.0,3.015,2.364984888841289,0.0,57.9
PTK-03,SRI,46,pertumbuhan,30.395257925357544,0.0,4.642,2.0654847461958834,0.0,0.0
PTK-03,SRI,47,pertumbuhan,24.01117434659695,0.0,4.692,1.6920835787605946,0.0,0.0
PTK-03,SRI,48,pertumbuhan,18.241488409652185,0.0,4.433,1.336685936944765,0.0,0.0
PTK-03,SRI,49,pertumbuhan,12.667997010766117,0.0,4.558,1.0154913988860679,0.0,0.0
PTK-03,SRI,50,pertumbuhan,7.535778131875702,0.0,4.427,0.7052188788904148,0.0,0.0
PTK-03,SRI,51,reproduktif,5.713927772675749,0.0,3.291,0.5308503591999525,0.0,2.0
PTK-03,SRI,52,reproduktif,1.144837254144477,0.0,4.251,0.31809051853127196,0.0,0.0
PTK-03,SRI,53,reproduktif,-2.0098950662999946,0.0,3.091,0.06373232044447116,0.0,0.0
PTK-03,SRI,54,reproduktif,-7.188942967735343,0.0,4.177,1.0020479014353494,0.0,0.0
PTK-03,SRI,55,reproduktif,0.6011972504945553,0.0,3.281,0.22885978177010197,0.0,11.3
PTK-03,SRI,56,reproduktif,-3.7262709963502645,0.0,4.294,0.03346824684482062,0.0,0.0
PTK-03,SRI,57,reproduktif,-9.926318897785615,0.0,5.198,1.0020479014353494,0.0,0.0
PTK-03,SRI,58,reproduktif,-15.444366799220965,0.0,4.516,1.0020479014353494,0.0,0.0
PTK-03,SRI,59,reproduktif,-20.573414700656315,0.0,4.127,1.0020479014353494,0.0,0.0
PTK-03,SRI,60,reproduktif,-13.249462602091665,0.0,4.074,1.0020479014353494,0.0,12.4
PTK-03,SRI,61,reproduktif,-18.093510503527014,0.0,3.842,1.0020479014353494,0.0,0.0
PTK-03,SRI,62,reproduktif,-22.881558404962362,0.0,3.786,1.0020479014353494,0.0,0.0
PTK-03,SRI,63,reproduktif,-28.69660630639771,0.0,4.813,1.0020479014353494,0.0,0.0
PTK-03,SRI,64,reproduktif,-0.11434663928759736,33.69660630639771,4.836,0.27834663928759706,0.0,0.0
PTK-03,SRI,65,reproduktif,-6.505394540722947,0.0,5.389,1.0020479014353494,0.0,0.0
PTK-03,SRI,66,reproduktif,-12.251442442158297,0.0,4.744,1.0020479014353494,0.0,0.0
PTK-03,SRI,67,reproduktif,-17.303490343593644,0.0,4.05,1.0020479014353494,0.0,0.0
PTK-03,SRI,68,reproduktif,-23.397538245028993,0.0,5.092,1.0020479014353494,0.0,0.0
PTK-03,SRI,69,reproduktif,-29.734586146464345,0.0,5.335,1.0020479014353494,0.0,0.0
PTK-03,SRI,70,reproduktif,0.1716533607124031,34.734586146464345,4.55,0.27834663928759706,0.0,0.0
PTK-03,SRI,71,reproduktif,-6.010902466502941,0.0,6.173,0.009555827215343812,0.0,0.0
PTK-03,SRI,72,reproduktif,-12.10495036793829,0.0,5.092,1.0020479014353494,0.0,0.0
PTK-03,SRI,73,reproduktif,-18.67999826937364,0.0,5.573,1.0020479014353494,0.0,0.0
PTK-03,SRI,74,reproduktif,-25.38104617080899,0.0,5.699,1.0020479014353494,0.0,0.0
PTK-03,SRI,75,reproduktif,-0.7373466392875967,30.38104617080899,5.459,0.27834663928759706,0.0,0.0
PTK-03,SRI,76,reproduktif,-6.715394540722946,0.0,4.976,1.0020479014353494,0.0,0.0
PTK-03,SRI,77,reproduktif,-13.036442442158297,0.0,5.319,1.0020479014353494,0.0,0.0
PTK-03,SRI,78,reproduktif,-19.212490343593647,0.0,5.174,1.0020479014353494,0.0,0.0
PTK-03,SRI,79,reproduktif,-25.249538245028997,0.0,5.035,1.0020479014353494,0.0,0.0
PTK-03,SRI,80,reproduktif,0.025653360712403206,30.249538245028997,4.696,0.27834663928759706,0.0,0.0
PTK-03,SRI,81,reproduktif,-5.563774744635743,0.0,5.588,0.001428105348145982,0.0,0.0
PTK-03,SRI,82,reproduktif,-11.535822646071093,0.0,4.97,1.0020479014353494,0.0,0.0
PTK-03,SRI,83,reproduktif,-17.566870547506444,0.0,5.029,1.0020479014353494,0.0,0.0
PTK-03,SRI,84,reproduktif,-24.00291844894179,0.0,5.434,1.0020479014353494,0.0,0.0
PTK-03,SRI,85,reproduktif,-30.86096635037714,0.0,5.856,1.0020479014353494,0.0,0.0
PTK-03,SRI,86,reproduktif,0.4446533607124028,35.86096635037714,4.277,0.27834663928759706,0.0,0.0
PTK-03,SRI,87,reproduktif,-4.773100193008044,0.0,5.193,0.024753553720446592,0.0,0.0
PTK-03,SRI,88,reproduktif,-11.237148094443393,0.0,5.462,1.0020479014353494,0.0,0.0
PTK-03,SRI,89,reproduktif,-17.813195995878743,0.0,5.574,1.0020479014353494,0.0,0.0
PTK-03,SRI,90,reproduktif,-24.14424389731409,0.0,5.329,1.0020479014353494,0.0,0.0
PTK-03,SRI,91,pemasakan,-30.46029179874944,0.0,5.314,1.0020479014353494,0.0,0.0
PTK-03,SRI,92,pemasakan,-6.76604790143535,30.46029179874944,5.764,1.0020479014353494,0.0,0.0
PTK-03,SRI,93,pemasakan,-14.0100958028707,0.0,6.242,1.0020479014353494,0.0,0.0
PTK-03,SRI,94,pemasakan,-20.87614370430605,0.0,5.864,1.0020479014353494,0.0,0.0
PTK-03,SRI,95,pemasakan,-28.2531916057414,0.0,6.375,1.0020479014353494,0.0,0.0
PTK-03,SRI,96,pemasakan,-30.366239507176747,0.0,4.911,1.0020479014353494,0.0,3.8
PTK-03,SRI,97,pemasakan,-31.967287408612094,0.0,4.399,1.0020479014353494,0.0,3.8
PTK-03,SRI,98,pemasakan,-5.75304790143535,31.967287408612094,4.751,1.0020479014353494,0.0,0.0
PTK-03,SRI,99,pemasakan,-12.4490958028707,0.0,5.694,1.0020479014353494,0.0,0.0
PTK-03,SRI,100,pemasakan,-19.044143704306048,0.0,5.593,1.0020479014353494,0.0,0.0
PTK-03,SRI,101,pemasakan,-26.090191605741396,0.0,6.044,1.0020479014353494,0.0,0.0
PTK-03,SRI,102,pemasakan,-32.53223950717675,0.0,5.44,1.0020479014353494,0.0,0.0
PTK-03,SRI,103,pemasakan,-7.39404790143535,32.53223950717675,6.392,1.0020479014353494,0.0,0.0
PTK-03,SRI,104,pemasakan,-13.653095802870698,0.0,5.257,1.0020479014353494,0.0,0.0
PTK-03,SRI,105,pemasakan,-20.49014370430605,0.0,5.835,1.0020479014353494,0.0,0.0
PTK-03,SRI,106,pemasakan,-27.1581916057414,0.0,5.666,1.0020479014353494,0.0,0.0
PTK-03,SRI,107,pemasakan,-34.09323950717675,0.0,5.933,1.0020479014353494,0.0,0.0
PTK-03,SRI,108,pemasakan,-6.98604790143535,34.09323950717675,5.984,1.0020479014353494,0.0,0.0
PTK-03,SRI,109,pemasakan,-14.950095802870699,0.0,6.962,1.0020479014353494,0.0,0.0
PTK-03,SRI,110,pemasakan,-20.58514370430605,0.0,4.633,1.0020479014353494,0.0,0.0
PTK-04,FL,1,awal,14.70722715529865,0.0,3.936,1.35677284470135,0.0,0.0
PTK-04,FL,2,awal,10.590508834040476,0.0,3.119,0.9977183212581746,0.0,0.0
PTK-04,FL,3,awal,9.492898760126,0.0,2.896,0.901610073914476,0.0,2.7
PTK-04,FL,4,awal,12.499691309048105,0.0,3.154,1.1392074510778962,0.0,7.3
PTK-04,FL,5,awal,8.774729222284808,0.0,2.877,0.8479620867632969,0.0,0.0
PTK-04,FL,6,awal,11.011512331336698,0.0,3.227,1.03621689094811,0.0,6.5
PTK-04,FL,7,awal,9.126099915142031,0.0,2.257,0.8284124161946652,0.0,1.2
PTK-04,FL,8,awal,36.60861930889896,0.0,3.219,2.898480606243068,0.0,33.6
PTK-04,FL,9,awal,50.0,0.0,2.34,5.3869729156770685,21.681646393221882,42.8
PTK-04,FL,10,awal,42.23406788824663,0.0,4.374,3.3919321117533747,0.0,0.0
PTK-04,FL,11,awal,39.60801786838612,0.0,2.371,3.0550500198605044,0.0,2.8
PTK-04,FL,12,awal,34.425495986125505,0.0,2.682,2.7005218822606203,0.0,0.2
PTK-04,FL,13,awal,28.864117080157985,0.0,3.226,2.33537890596752,0.0,0.0
PTK-04,FL,14,awal,23.107014568126047,0.0,3.799,1.9581025120319386,0.0,0.0
PTK-04,FL,15,awal,17.26046607371845,0.0,4.279,1.5675484944075957,0.0,0.0
PTK-04,FL,16,awal,13.037539490932945,0.0,3.052,1.1709265827855062,0.0,0.0
PTK-04,FL,17,awal,7.98509051378198,0.0,4.168,0.884448977150964,0.0,0.0
PTK-04,FL,18,awal,15.67422715529865,12.01490948621802,2.969,1.35677284470135,0.0,0.0
PTK-04,FL,19,awal,10.021908866999166,0.0,4.589,1.063318288299485,0.0,0.0
PTK-04,FL,20,awal,6.698981398846798,0.0,3.482,0.7409274681523679,0.0,0.9
PTK-04,FL,21,pertumbuhan,14.40222715529865,13.301018601153203,4.241,1.35677284470135,0.0,0.0
PTK-04,FL,22,pertumbuhan,9.52019961992217,0.0,3.905,0.977027535376479,0.0,0.0
PTK-04,FL,23,pertumbuhan,13.27122715529865,10.47980038007783,5.372,1.35677284470135,0.0,0.0
PTK-04,FL,24,pertumbuhan,8.637925124290032,0.0,3.733,0.9003020310086177,0.0,0.0
PTK-04,FL,25,pertumbuhan,15.62822715529865,11.362074875709968,3.015,1.35677284470135,0.0,0.0
PTK-04,FL,26,pertumbuhan,10.395029444541978,0.0,4.173,1.0601977107566718,0.0,0.0
PTK-04,FL,27,pertumbuhan,5.7908447610307014,0.0,3.899,0.7051846835112756,0.0,0.0
PTK-04,FL,28,pertumbuhan,15.09722715529865,14.209155238969299,3.546,1.35677284470135,0.0,0.0
PTK-04,FL,29,pertumbuhan,10.0720517635688,0.0,4.001,1.024175391729851,0.0,0.0
PTK-04,FL,30,pertumbuhan,5.220777447406975,0.0,4.168,0.6832743161618244,0.0,0.0
PTK-04,FL,31,pertumbuhan,15.23622715529865,14.779222552593026,3.407,1.35677284470135,0.0,0.0
PTK-04,FL,32,pertumbuhan,9.870622192298125,0.0,4.332,1.0336049630005253,0.0,0.0
PTK-04,FL,33,pertumbuhan,13.77422715529865,10.129377807701875,4.869,1.35677284470135,0.0,0.0
PTK-04,FL,34,pertumbuhan,10.106018423022286,0.0,2.827,0.9412087322763634,0.0,0.1
PTK-04,FL,35,pertumbuhan,5.027439854801877,0.0,4.393,0.6855785682204099,0.0,0.0
PTK-04,FL,36,pertumbuhan,19.631828452208797,0.0,3.791,1.704611402593081,0.0,20.1
PTK-04,FL,37,pertumbuhan,14.412031865419186,0.0,3.888,1.3317965867896115,0.0,0.0
PTK-04,FL,38,pertumbuhan,9.308339191820622,0.0,4.126,0.9776926735985646,0.0,0.0
PTK-04,FL,39,pertumbuhan,13.59822715529865,10.691660808179378,5.045,1.35677284470135,0.0,0.0
PTK-04,FL,40,pertumbuhan,7.851741888279165,0.0,4.824,0.9224852670194847,0.0,0.0
PTK-04,FL,41,pertumbuhan,14.237227155298651,12.148258111720835,4.406,1.35677284470135,0.0,0.0
PTK-04,FL,42,pertumbuhan,9.196392995890958,0.0,4.075,0.9658341594076929,0.0,0.0
PTK-04,FL,43,pertumbuhan,15.52422715529865,10.203607004109042,3.119,1.35677284470135,0.0,0.6
PTK-04,FL,44,pertumbuhan,15.683620538371034,0.0,4.194,1.4466066169276164,0.0,5.8
PTK-04,FL,45,pertumbuhan,50.0,0.0,3.204,4.991812908063517,15.38780763030752,57.9
PTK-04,FL,46,pertumbuhan,41.67606788824662,0.0,4.932,3.3919321117533747,0.0,0.0
PTK-04,FL,47,pertumbuhan,33.86282002901147,0.0,4.986,2.8272478592351473,0.0,0.0
PTK-04,FL,48,pertumbuhan,26.855612295992884,0.0,4.71,2.2972077330185874,0.0,0.0
PTK-04,FL,49,pertumbuhan,20.190764021441343,0.0,4.843,1.821848274551541,0.0,0.0
PTK-04,FL,50,pertumbuhan,14.11805000453811,0.0,4.703,1.369714016903232,0.0,0.0
PTK-04,FL,51,reproduktif,11.508623376753324,0.0,3.516,1.093426627784789,0.0,2.0
PTK-04,FL,52,reproduktif,6.18489399287962,0.0,4.543,0.7807293838737032,0.0,0.0
PTK-04,FL,53,reproduktif,2.4623191820348413,0.0,3.303,0.41957481084477866,0.0,0.0
PTK-04,FL,54,reproduktif,4.8576135776493246,7.537680817965159,4.464,0.678386422350675,0.0,0.0
PTK-04,FL,55,reproduktif,11.554503010782703,0.0,3.507,1.0961105668666216,0.0,11.3
PTK-04,FL,56,reproduktif,6.181661214830204,0.0,4.589,0.783841795952498,0.0,0.0
PTK-04,FL,57,reproduktif,0.2073057112589458,0.0,5.555,0.41935550357125895,0.0,0.0
PTK-04,FL,58,reproduktif,4.496613577649325,9.792694288741053,4.825,0.678386422350675,0.0,0.0
PTK-04,FL,59,reproduktif,4.911613577649325,5.503386422350675,4.41,0.678386422350675,0.0,0.0
PTK-04,FL,60,reproduktif,11.784217217643436,0.0,4.353,1.1743963600058895,0.0,12.4
PTK-04,FL,61,reproduktif,6.8787919217954006,0.0,4.106,0.7994252958480356,0.0,0.0
PTK-04,FL,62,reproduktif,2.3661440176032498,0.0,4.046,0.4666479041921506,0.0,0.0
PTK-04,FL,63,reproduktif,4.177613577649325,7.63385598239675,5.144,0.678386422350675,0.0,0.0
PTK-04,FL,64,reproduktif,4.153613577649325,5.822386422350675,5.168,0.678386422350675,0.0,0.0
PTK-04,FL,65,reproduktif,3.563613577649325,5.846386422350675,5.758,0.678386422350675,0.0,0.0
PTK-04,FL,66,reproduktif,4.251613577649325,6.436386422350675,5.07,0.678386422350675,0.0,0.0
PTK-04,FL,67,reproduktif,4.993613577649325,5.748386422350675,4.328,0.678386422350675,0.0,0.0
PTK-04,FL,68,reproduktif,3.880613577649325,5.006386422350675,5.441,0.678386422350675,0.0,0.0
PTK-04,FL,69,reproduktif,3.6206135776493253,6.119386422350675,5.701,0.678386422350675,0.0,0.0
PTK-04,FL,70,reproduktif,4.459613577649325,6.379386422350675,4.862,0.678386422350675,0.0,0.0
PTK-04,FL,71,reproduktif,2.7246135776493245,5.540386422350675,6.597,0.678386422350675,0.0,0.0
PTK-04,FL,72,reproduktif,3.880613577649325,7.2753864223506755,5.441,0.678386422350675,0.0,0.0
PTK-04,FL,73,reproduktif,3.3656135776493246,6.119386422350675,5.956,0.678386422350675,0.0,0.0
PTK-04,FL,74,reproduktif,3.231613577649325,6.634386422350675,6.09,0.678386422350675,0.0,0.0
PTK-04,FL,75,reproduktif,3.4876135776493253,6.768386422350675,5.834,0.678386422350675,0.0,0.0
PTK-04,FL,76,reproduktif,4.004613577649325,6.512386422350675,5.317,0.678386422350675,0.0,0.0
PTK-04,FL,77,reproduktif,3.637613577649325,5.995386422350675,5.684,0.678386422350675,0.0,0.0
PTK-04,FL,78,reproduktif,3.7916135776493247,6.362386422350675,5.53,0.678386422350675,0.0,0.0
PTK-04,FL,79,reproduktif,3.941613577649325,6.208386422350675,5.38,0.678386422350675,0.0,0.0
PTK-04,FL,80,reproduktif,4.303613577649325,6.058386422350675,5.018,0.678386422350675,0.0,0.0
PTK-04,FL,81,reproduktif,3.350613577649325,5.696386422350675,5.971,0.678386422350675,0.0,0.0
PTK-04,FL,82,reproduktif,4.009613577649325,6.649386422350675,5.312,0.678386422350675,0.0,0.0
PTK-04,FL,83,reproduktif,3.9476135776493253,5.990386422350675,5.374,0.678386422350675,0.0,0.0
PTK-04,FL,84,reproduktif,3.515613577649325,6.052386422350675,5.806,0.678386422350675,0.0,0.0
PTK-04,FL,85,reproduktif,3.063613577649325,6.484386422350675,6.258,0.678386422350675,0.0,0.0
PTK-04,FL,86,reproduktif,4.751613577649325,6.936386422350675,4.57,0.678386422350675,0.0,0.0
PTK-04,FL,87,reproduktif,3.7726135776493246,5.248386422350675,5.549,0.678386422350675,0.0,0.0
PTK-04,FL,88,reproduktif,3.4846135776493252,6.227386422350675,5.837,0.678386422350675,0.0,0.0
PTK-04,FL,89,reproduktif,3.364613577649325,6.515386422350675,5.957,0.678386422350675,0.0,0.0
PTK-04,FL,90,reproduktif,3.6266135776493247,6.635386422350675,5.695,0.678386422350675,0.0,0.0
PTK-04,FL,91,pemasakan,-1.9854109633696657,0.0,5.366,0.2460245410189907,0.0,0.0
PTK-04,FL,92,pemasakan,3.502613577649325,11.985410963369667,5.819,0.678386422350675,0.0,0.0
PTK-04,FL,93,pemasakan,-3.036998971732517,0.0,6.302,0.23761254938184237,0.0,0.0
PTK-04,FL,94,pemasakan,3.401613577649325,13.036998971732517,5.92,0.678386422350675,0.0,0.0
PTK-04,FL,95,pemasakan,-3.266147268866776,0.0,6.437,0.23076084651610054,0.0,0.0
PTK-04,FL,96,pemasakan,-4.460363113300337,0.0,4.958,0.03621584443356044,0.0,3.8
PTK-04,FL,97,pemasakan,4.879613577649325,10.660363113300338,4.442,0.678386422350675,0.0,3.8
PTK-04,FL,98,pemasakan,-0.24741278209020567,0.0,4.796,0.3310263597395303,0.0,0.0
PTK-04,FL,99,pemasakan,3.5726135776493253,10.247412782090205,5.749,0.678386422350675,0.0,0.0
PTK-04,FL,100,pemasakan,-2.316747676688972,0.0,5.647,0.2423612543382971,0.0,0.0
PTK-04,FL,101,pemasakan,3.218613577649325,12.316747676688973,6.103,0.678386422350675,0.0,0.0
PTK-04,FL,102,pemasakan,-2.4927327973377587,0.0,5.493,0.2183463749870832,0.0,0.0
PTK-04,FL,103,pemasakan,2.8686135776493247,12.492732797337759,6.453,0.678386422350675,0.0,0.0
PTK-04,FL,104,pemasakan,-2.6339892725554845,0.0,5.308,0.19460285020480955,0.0,0.0
PTK-04,FL,105,pemasakan,3.4296135776493246,12.633989272555485,5.892,0.678386422350675,0.0,0.0
PTK-04,FL,106,pemasakan,-2.5230467508493577,0.0,5.72,0.23266032849868243,0.0,0.0
PTK-04,FL,107,pemasakan,3.3316135776493248,12.523046750849357,5.99,0.678386422350675,0.0,0.0
PTK-04,FL,108,pemasakan,-2.9363985639103207,0.0,6.042,0.2260121415596458,0.0,0.0
PTK-04,FL,109,pemasakan,2.292613577649325,12.93639856391032,7.029,0.678386422350675,0.0,0.0
PTK-04,FL,110,pemasakan,-2.540914214628086,0.0,4.678,0.1555277922774107,0.0,0.0
PTK-04,SRI,1,awal,14.74622715529865,0.0,3.897,1.35677284470135,0.0,0.0
PTK-04,SRI,2,awal,10.657863126993307,0.0,3.088,1.0003640283053423,0.0,0.0
PTK-04,SRI,3,awal,9.58468382929621,0.0,2.867,0.906179297697099,0.0,2.7
PTK-04,SRI,4,awal,12.616249803748357,0.0,3.123,1.1454340255478552,0.0,7.3
PTK-04,SRI,5,awal,8.911380546963631,0.0,2.849,0.8558692567847253,0.0,0.0
PTK-04,SRI,6,awal,11.170893415689687,0.0,3.195,1.0454871312739447,0.0,6.5
PTK-04,SRI,7,awal,9.296668803134562,0.0,2.235,0.8392246125551247,0.0,1.2
PTK-04,SRI,8,awal,36.79961703512254,0.0,3.187,2.9100517680120266,0.0,33.6
PTK-04,SRI,9,awal,40.0,0.0,2.317,5.399929942094062,31.882687093028466,42.8
PTK-04,SRI,10,awal,32.9554543105973,0.0,4.331,2.7135456894027,0.0,0.0
PTK-04,SRI,11,awal,30.981852837668384,0.0,2.348,2.425601472928912,0.0,2.8
PTK-04,SRI,12,awal,26.411518278787273,0.0,2.655,2.1153345588811097,0.0,0.2
PTK-04,SRI,13,awal,21.42579673938768,0.0,3.194,1.7917215393995956,0.0,0.0
PTK-04,SRI,14,awal,16.211299779783083,0.0,3.761,1.4534969596045964,0.0,0.0
PTK-04,SRI,15,awal,10.87454721385695,0.0,4.237,1.0997525659261331,0.0,0.0
PTK-04,SRI,16,awal,7.114832695947758,0.0,3.022,0.7377145179091916,0.0,0.0
PTK-04,SRI,17,awal,2.5051721061249976,0.0,4.127,0.4826605898227607,0.0,0.0
PTK-04,SRI,18,awal,-0.6047753681196868,0.0,2.94,0.16994747424468426,0.0,0.0
PTK-04,SRI,19,awal,4.777613577649325,10.604775368119686,4.544,0.678386422350675,0.0,0.0
PTK-04,SRI,20,awal,1.8444519814062117,0.0,3.448,0.38516159624311425,0.0,0.9
PTK-04,SRI,21,pertumbuhan,-2.272673136680166,0.0,3.992,0.12512511808637736,0.0,0.0
PTK-04,SRI,22,pertumbuhan,-7.575800550321786,0.0,3.675,1.62812741364162,0.0,0.0
PTK-04,SRI,23,pertumbuhan,-14.259927963963406,0.0,5.056,1.62812741364162,0.0,0.0
PTK-04,SRI,24,pertumbuhan,-19.402055377605027,0.0,3.514,1.62812741364162,0.0,0.0
PTK-04,SRI,25,pertumbuhan,-23.868182791246646,0.0,2.838,1.62812741364162,0.0,0.0
PTK-04,SRI,26,pertumbuhan,5.394613577649325,33.868182791246646,3.927,0.678386422350675,0.0,0.0
PTK-04,SRI,27,pertumbuhan,1.3586503171587356,0.0,3.67,0.3659632604905901,0.0,0.0
PTK-04,SRI,28,pertumbuhan,-2.070518675629557,0.0,3.337,0.09216899278829245,0.0,0.0
PTK-04,SRI,29,pertumbuhan,-7.464646089271177,0.0,3.766,1.62812741364162,0.0,0.0
PTK-04,SRI,30,pertumbuhan,-13.015773502912797,0.0,3.923,1.62812741364162,0.0,0.0
PTK-04,SRI,31,pertumbuhan,-17.849900916554418,0.0,3.206,1.62812741364162,0.0,0.0
PTK-04,SRI,32,pertumbuhan,-23.555028330196038,0.0,4.077,1.62812741364162,0.0,0.0
PTK-04,SRI,33,pertumbuhan,4.738613577649325,33.55502833019604,4.583,0.678386422350675,0.0,0.0
PTK-04,SRI,34,pertumbuhan,1.849368602241432,0.0,2.661,0.3282449754078925,0.0,0.1
PTK-04,SRI,35,pertumbuhan,-2.4110900527267916,0.0,4.135,0.12545865496822334,0.0,0.0
PTK-04,SRI,36,pertumbuhan,12.920918313831816,0.0,3.568,1.199991633441394,0.0,20.1
PTK-04,SRI,37,pertumbuhan,8.384380758991249,0.0,3.66,0.8765375548405682,0.0,0.0
PTK-04,SRI,38,pertumbuhan,3.9325957523194575,0.0,3.883,0.568785006671791,0.0,0.0
PTK-04,SRI,39,pertumbuhan,-1.0821862039772885,0.0,4.748,0.2667819562967458,0.0,0.0
PTK-04,SRI,40,pertumbuhan,-7.250313617618908,0.0,4.54,1.62812741364162,0.0,0.0
PTK-04,SRI,41,pertumbuhan,-13.025441031260527,0.0,4.147,1.62812741364162,0.0,0.0
PTK-04,SRI,42,pertumbuhan,-18.488568444902146,0.0,3.835,1.62812741364162,0.0,0.0
PTK-04,SRI,43,pertumbuhan,-22.452695858543763,0.0,2.936,1.62812741364162,0.0,0.6
PTK-04,SRI,44,pertumbuhan,-22.22882327218538,0.0,3.948,1.62812741364162,0.0,5.8
PTK-04,SRI,45,pertumbuhan,30.236292531672536,0.0,3.015,2.4198841961420814,0.0,57.9
PTK-04,SRI,46,pertumbuhan,23.54310350010156,0.0,4.642,2.0511890315709764,0.0,0.0
PTK-04,SRI,47,pertumbuhan,17.253971324655005,0.0,4.692,1.597132175446555,0.0,0.0
PTK-04,SRI,48,pertumbuhan,11.650485336827622,0.0,4.433,1.1704859878273846,0.0,0.0
PTK-04,SRI,49,pertumbuhan,6.302132230197673,0.0,4.558,0.7903531066299488,0.0,0.0
PTK-04,SRI,50,pertumbuhan,1.4476041365152055,0.0,4.427,0.42752809368246797,0.0,0.0
PTK-04,SRI,51,reproduktif,-0.07727664706998816,0.0,3.291,0.23388078358519382,0.0,2.0
PTK-04,SRI,52,reproduktif,-5.549372207301204,0.0,4.251,1.221095560231215,0.0,0.0
PTK-04,SRI,53,reproduktif,-9.86146776753242,0.0,3.091,1.221095560231215,0.0,0.0
PTK-04,SRI,54,reproduktif,-15.259563327763633,0.0,4.177,1.221095560231215,0.0,0.0
PTK-04,SRI,55,reproduktif,-8.461658887994847,0.0,3.281,1.221095560231215,0.0,11.3
PTK-04,SRI,56,reproduktif,-13.976754448226062,0.0,4.294,1.221095560231215,0.0,0.0
PTK-04,SRI,57,reproduktif,-20.395850008457277,0.0,5.198,1.221095560231215,0.0,0.0
PTK-04,SRI,58,reproduktif,-26.13294556868849,0.0,4.516,1.221095560231215,0.0,0.0
PTK-04,SRI,59,reproduktif,0.5338067888246627,31.13294556868849,4.127,0.3391932111753375,0.0,0.0
PTK-04,SRI,60,reproduktif,7.982394897340099,0.0,4.074,0.8774118914845636,0.0,12.4
PTK-04,SRI,61,reproduktif,3.598880065720416,0.0,3.842,0.5415148316196834,0.0,0.0
PTK-04,SRI,62,reproduktif,-0.4312630715049073,0.0,3.786,0.24414313722532352,0.0,0.0
PTK-04,SRI,63,reproduktif,-6.465358631736122,0.0,4.813,1.221095560231215,0.0,0.0
PTK-04,SRI,64,reproduktif,-12.522454191967338,0.0,4.836,1.221095560231215,0.0,0.0
PTK-04,SRI,65,reproduktif,-19.132549752198553,0.0,5.389,1.221095560231215,0.0,0.0
PTK-04,SRI,66,reproduktif,-25.09764531242977,0.0,4.744,1.221095560231215,0.0,0.0
PTK-04,SRI,67,reproduktif,0.6108067888246627,30.09764531242977,4.05,0.3391932111753375,0.0,0.0
PTK-04,SRI,68,reproduktif,-4.522629514397163,0.0,5.092,0.04143630322182672,0.0,0.0
PTK-04,SRI,69,reproduktif,-11.078725074628379,0.0,5.335,1.221095560231215,0.0,0.0
PTK-04,SRI,70,reproduktif,-16.849820634859594,0.0,4.55,1.221095560231215,0.0,0.0
PTK-04,SRI,71,reproduktif,-24.243916195090808,0.0,6.173,1.221095560231215,0.0,0.0
PTK-04,SRI,72,reproduktif,-30.557011755322023,0.0,5.092,1.221095560231215,0.0,0.0
PTK-04,SRI,73,reproduktif,-0.9121932111753379,35.55701175532202,5.573,0.3391932111753375,0.0,0.0
PTK-04,SRI,74,reproduktif,-7.832288771406553,0.0,5.699,1.221095560231215,0.0,0.0
PTK-04,SRI,75,reproduktif,-14.512384331637769,0.0,5.459,1.221095560231215,0.0,0.0
PTK-04,SRI,76,reproduktif,-20.709479891868984,0.0,4.976,1.221095560231215,0.0,0.0
PTK-04,SRI,77,reproduktif,-27.2495754521002,0.0,5.319,1.221095560231215,0.0,0.0
PTK-04,SRI,78,reproduktif,-0.5131932111753379,32.2495754521002,5.174,0.3391932111753375,0.0,0.0
PTK-04,SRI,79,reproduktif,-6.769288771406553,0.0,5.035,1.221095560231215,0.0,0.0
PTK-04,SRI,80,reproduktif,-12.686384331637768,0.0,4.696,1.221095560231215,0.0,0.0
PTK-04,SRI,81,reproduktif,-19.495479891868982,0.0,5.588,1.221095560231215,0.0,0.0
PTK-04,SRI,82,reproduktif,-25.686575452100197,0.0,4.97,1.221095560231215,0.0,0.0
PTK-04,SRI,83,reproduktif,-0.36819321117533743,30.686575452100197,5.029,0.3391932111753375,0.0,0.0
PTK-04,SRI,84,reproduktif,-7.023288771406553,0.0,5.434,1.221095560231215,0.0,0.0
PTK-04,SRI,85,reproduktif,-14.100384331637768,0.0,5.856,1.221095560231215,0.0,0.0
PTK-04,SRI,86,reproduktif,-19.598479891868983,0.0,4.277,1.221095560231215,0.0,0.0
PTK-04,SRI,87,reproduktif,-26.012575452100197,0.0,5.193,1.221095560231215,0.0,0.0
PTK-04,SRI,88,reproduktif,-0.8011932111753373,31.012575452100197,5.462,0.3391932111753375,0.0,0.0
PTK-04,SRI,89,reproduktif,-7.596288771406552,0.0,5.574,1.221095560231215,0.0,0.0
PTK-04,SRI,90,reproduktif,-14.146384331637767,0.0,5.329,1.221095560231215,0.0,0.0
PTK-04,SRI,91,pemasakan,-20.68147989186898,0.0,5.314,1.221095560231215,0.0,0.0
PTK-04,SRI,92,pemasakan,-27.666575452100197,0.0,5.764,1.221095560231215,0.0,0.0
PTK-04,SRI,93,pemasakan,-35.129671012331414,0.0,6.242,1.221095560231215,0.0,0.0
PTK-04,SRI,94,pemasakan,-7.085095560231215,35.129671012331414,5.864,1.221095560231215,0.0,0.0
PTK-04,SRI,95,pemasakan,-14.68119112046243,0.0,6.375,1.221095560231215,0.0,0.0
PTK-04,SRI,96,pemasakan,-17.013286680693643,0.0,4.911,1.221095560231215,0.0,3.8
PTK-04,SRI,97,pemasakan,-18.833382240924855,0.0,4.399,1.221095560231215,0.0,3.8
PTK-04,SRI,98,pemasakan,-24.805477801156073,0.0,4.751,1.221095560231215,0.0,0.0
PTK-04,SRI,99,pemasakan,-31.720573361387288,0.0,5.694,1.221095560231215,0.0,0.0
PTK-04,SRI,100,pemasakan,-6.814095560231215,31.720573361387288,5.593,1.221095560231215,0.0,0.0
PTK-04,SRI,101,pemasakan,-14.07919112046243,0.0,6.044,1.221095560231215,0.0,0.0
PTK-04,SRI,102,pemasakan,-20.740286680693643,0.0,5.44,1.221095560231215,0.0,0.0
PTK-04,SRI,103,pemasakan,-28.35338224092486,0.0,6.392,1.221095560231215,0.0,0.0
PTK-04,SRI,104,pemasakan,-34.831477801156076,0.0,5.257,1.221095560231215,0.0,0.0
PTK-04,SRI,105,pemasakan,-7.056095560231215,34.831477801156076,5.835,1.221095560231215,0.0,0.0
PTK-04,SRI,106,pemasakan,-13.94319112046243,0.0,5.666,1.221095560231215,0.0,0.0
PTK-04,SRI,107,pemasakan,-21.097286680693646,0.0,5.933,1.221095560231215,0.0,0.0
PTK-04,SRI,108,pemasakan,-28.30238224092486,0.0,5.984,1.221095560231215,0.0,0.0
PTK-04,SRI,109,pemasakan,-36.48547780115607,0.0,6.962,1.221095560231215,0.0,0.0
PTK-04,SRI,110,pemasakan,-5.854095560231215,36.48547780115607,4.633,1.221095560231215,0.0,0.0
PTK-05,FL,1,awal,15.237967575127712,0.0,3.936,0.8260324248722873,0.0,0.0
PTK-05,FL,2,awal,11.48961480981731,0.0,3.119,0.6293527653104016,0.0,0.0
PTK-05,FL,3,awal,10.707560713349455,0.0,2.896,0.5860540964678557,0.0,2.7
PTK-05,FL,4,awal,14.109819261245306,0.0,3.154,0.7437414521041494,0.0,7.3
PTK-05,FL,5,awal,10.650060850301498,0.0,2.877,0.5827584109438083,0.0,0.0
PTK-05,FL,6,awal,13.214735532757409,0.0,3.227,0.7083253175440916,0.0,6.5
PTK-05,FL,7,awal,11.562383585456592,0.0,2.257,0.5953519473008163,0.0,1.2
PTK-05,FL,8,awal,40.07810392415124,0.0,3.219,1.865279661305355,0.0,33.6
PTK-05,FL,9,awal,50.0,0.0,2.34,3.4230000576642046,27.115103866487047,42.8
PTK-05,FL,10,awal,43.56091893781928,0.0,4.374,2.0650810621807185,0.0,0.0
PTK-05,FL,11,awal,42.07513782334356,0.0,2.371,1.9147811144757203,0.0,2.8
PTK-05,FL,12,awal,37.847106092942234,0.0,2.682,1.7460317304013317,0.0,0.2
PTK-05,FL,13,awal,33.05795925192464,0.0,3.226,1.5631468410175897,0.0,0.0
PTK-05,FL,14,awal,27.893611939814814,0.0,3.799,1.365347312109829,0.0,0.0
PTK-05,FL,15,awal,22.462560544360223,0.0,4.279,1.152051395454591,0.0,0.0
PTK-05,FL,16,awal,18.4828203765953,0.0,3.052,0.9277401677649221,0.0,0.0
PTK-05,FL,17,awal,13.551449929887402,0.0,4.168,0.7633704467078969,0.0,0.0
PTK-05,FL,18,awal,10.022753077581388,0.0,2.969,0.559696852306014,0.0,0.0
PTK-05,FL,19,awal,5.019797126152851,0.0,4.589,0.41395595142853675,0.0,0.0
PTK-05,FL,20,awal,15.691967575127713,14.08020287384715,3.482,0.8260324248722873,0.0,0.9
PTK-05,FL,21,pertumbuhan,10.802863873772711,0.0,4.241,0.6481037013550026,0.0,0.0
PTK-05,FL,22,pertumbuhan,6.4516880817118265,0.0,3.905,0.4461757920608852,0.0,0.0
PTK-05,FL,23,pertumbuhan,13.801967575127712,13.548311918288174,5.372,0.8260324248722873,0.0,0.0
PTK-05,FL,24,pertumbuhan,9.498923937923141,0.0,3.733,0.5700436372045714,0.0,0.0
PTK-05,FL,25,pertumbuhan,16.15896757512771,10.501076062076859,3.015,0.8260324248722873,0.0,0.0
PTK-05,FL,26,pertumbuhan,11.31857601665194,0.0,4.173,0.6673915584757705,0.0,0.0
PTK-05,FL,27,pertumbuhan,6.952100476995125,0.0,3.899,0.4674755396568159,0.0,0.0
PTK-05,FL,28,pertumbuhan,15.627967575127713,13.047899523004876,3.546,0.8260324248722873,0.0,0.0
PTK-05,FL,29,pertumbuhan,10.9815071775323,0.0,4.001,0.6454603975954113,0.0,0.0
PTK-05,FL,30,pertumbuhan,6.359953127401829,0.0,4.168,0.45355405013047173,0.0,0.0
PTK-05,FL,31,pertumbuhan,15.766967575127712,13.640046872598171,3.407,0.8260324248722873,0.0,0.0
PTK-05,FL,32,pertumbuhan,10.783766252179438,0.0,4.332,0.6512013229482736,0.0,0.0
PTK-05,FL,33,pertumbuhan,5.469379222852252,0.0,4.869,0.445387029327186,0.0,0.0
PTK-05,FL,34,pertumbuhan,16.346967575127714,14.430620777147748,2.827,0.8260324248722873,0.0,0.1
PTK-05,FL,35,pertumbuhan,11.278811311858144,0.0,4.393,0.67515626326957,0.0,0.0
PTK-05,FL,36,pertumbuhan,26.291815531980937,0.0,3.791,1.295995779877207,0.0,20.1
PTK-05,FL,37,pertumbuhan,21.317920925072084,0.0,3.888,1.085894606908854,0.0,0.0
PTK-05,FL,38,pertumbuhan,16.311456229323433,0.0,4.126,0.8804646957486485,0.0,0.0
PTK-05,FL,39,pertumbuhan,10.592766642208122,0.0,5.045,0.6736895871153106,0.0,0.0
PTK-05,FL,40,pertumbuhan,5.33126820642965,0.0,4.824,0.43749843577847264,0.0,0.0
PTK-05,FL,41,pertumbuhan,14.767967575127713,14.66873179357035,4.406,0.8260324248722873,0.0,0.0
PTK-05,FL,42,pertumbuhan,10.08302657180181,0.0,4.075,0.609941003325903,0.0,0.0
PTK-05,FL,43,pertumbuhan,7.122800254597783,0.0,3.119,0.4412263172040264,0.0,0.6
PTK-05,FL,44,pertumbuhan,8.195067653075501,0.0,4.194,0.5337326015222809,0.0,5.8
PTK-05,FL,45,pertumbuhan,50.0,0.0,3.204,2.729833450278392,10.161234202797111,57.9
PTK-05,FL,46,pertumbuhan,43.00291893781928,0.0,4.932,2.0650810621807185,0.0,0.0
PTK-05,FL,47,pertumbuhan,36.24082866747962,0.0,4.986,1.7760902703396635,0.0,0.0
PTK-05,FL,48,pertumbuhan,30.034023688300653,0.0,4.71,1.4968049791789648,0.0,0.0
PTK-05,FL,49,pertumbuhan,23.950569817504718,0.0,4.843,1.2404538707959354,0.0,0.0
PTK-05,FL,50,pertumbuhan,18.258372454333397,0.0,4.703,0.989197363171322,0.0,0.0
PTK-05,FL,51,reproduktif,15.905668828212448,0.0,3.516,0.8367036261209484,0.0,2.0
PTK-05,FL,52,reproduktif,10.705738918643254,0.0,4.543,0.6569299095691941,0.0,0.0
PTK-05,FL,53,reproduktif,6.960574544692429,0.0,3.303,0.44216437395082536,0.0,0.0
PTK-05,FL,54,reproduktif,2.209091531209599,0.0,4.464,0.28748301348283023,0.0,0.0
PTK-05,FL,55,reproduktif,9.44414414944226,0.0,3.507,0.5579473817673373,0.0,11.3
PTK-05,FL,56,reproduktif,4.4650856848119,0.0,4.589,0.3900584646303608,0.0,0.0
PTK-05,FL,57,reproduktif,4.031983787563856,5.5349143151881,5.555,0.41301621243614367,0.0,0.0
PTK-05,FL,58,reproduktif,4.761983787563856,5.968016212436144,4.825,0.41301621243614367,0.0,0.0
PTK-05,FL,59,reproduktif,5.176983787563856,5.238016212436144,4.41,0.41301621243614367,0.0,0.0
PTK-05,FL,60,reproduktif,12.498025860564741,0.0,4.353,0.7259579269991127,0.0,12.4
PTK-05,FL,61,reproduktif,7.875837130178799,0.0,4.106,0.5161887303859425,0.0,0.0
PTK-05,FL,62,reproduktif,3.5045522880517597,0.0,4.046,0.3252848421270395,0.0,0.0
PTK-05,FL,63,reproduktif,4.442983787563856,6.49544771194824,5.144,0.41301621243614367,0.0,0.0
PTK-05,FL,64,reproduktif,4.418983787563856,5.557016212436144,5.168,0.41301621243614367,0.0,0.0
PTK-05,FL,65,reproduktif,3.828983787563856,5.581016212436144,5.758,0.41301621243614367,0.0,0.0
PTK-05,FL,66,reproduktif,4.516983787563856,6.171016212436144,5.07,0.41301621243614367,0.0,0.0
PTK-05,FL,67,reproduktif,5.258983787563856,5.483016212436144,4.328,0.41301621243614367,0.0,0.0
PTK-05,FL,68,reproduktif,-0.3992207689564147,0.0,5.441,0.2172045565202709,0.0,0.0
PTK-05,FL,69,reproduktif,3.8859837875638563,10.399220768956415,5.701,0.41301621243614367,0.0,0.0
PTK-05,FL,70,reproduktif,4.724983787563856,6.114016212436144,4.862,0.41301621243614367,0.0,0.0
PTK-05,FL,71,reproduktif,2.9899837875638555,5.275016212436144,6.597,0.41301621243614367,0.0,0.0
PTK-05,FL,72,reproduktif,4.145983787563856,7.0100162124361445,5.441,0.41301621243614367,0.0,0.0
PTK-05,FL,73,reproduktif,3.6309837875638555,5.854016212436144,5.956,0.41301621243614367,0.0,0.0
PTK-05,FL,74,reproduktif,3.496983787563856,6.3690162124361445,6.09,0.41301621243614367,0.0,0.0
PTK-05,FL,75,reproduktif,3.7529837875638563,6.503016212436144,5.834,0.41301621243614367,0.0,0.0
PTK-05,FL,76,reproduktif,4.269983787563856,6.247016212436144,5.317,0.41301621243614367,0.0,0.0
PTK-05,FL,77,reproduktif,3.9029837875638558,5.730016212436144,5.684,0.41301621243614367,0.0,0.0
PTK-05,FL,78,reproduktif,4.056983787563856,6.097016212436144,5.53,0.41301621243614367,0.0,0.0
PTK-05,FL,79,reproduktif,4.206983787563856,5.943016212436144,5.38,0.41301621243614367,0.0,0.0
PTK-05,FL,80,reproduktif,4.568983787563856,5.793016212436144,5.018,0.41301621243614367,0.0,0.0
PTK-05,FL,81,reproduktif,3.615983787563856,5.431016212436144,5.971,0.41301621243614367,0.0,0.0
PTK-05,FL,82,reproduktif,4.274983787563856,6.384016212436144,5.312,0.41301621243614367,0.0,0.0
PTK-05,FL,83,reproduktif,4.212983787563856,5.725016212436144,5.374,0.41301621243614367,0.0,0.0
PTK-05,FL,84,reproduktif,3.780983787563856,5.787016212436144,5.806,0.41301621243614367,0.0,0.0
PTK-05,FL,85,reproduktif,3.328983787563856,6.219016212436144,6.258,0.41301621243614367,0.0,0.0
PTK-05,FL,86,reproduktif,5.016983787563856,6.671016212436144,4.57,0.41301621243614367,0.0,0.0
PTK-05,FL,87,reproduktif,-0.7392257766154611,0.0,5.549,0.2072095641793162,0.0,0.0
PTK-05,FL,88,reproduktif,3.749983787563856,10.739225776615461,5.837,0.41301621243614367,0.0,0.0
PTK-05,FL,89,reproduktif,3.629983787563856,6.250016212436144,5.957,0.41301621243614367,0.0,0.0
PTK-05,FL,90,reproduktif,3.8919837875638557,6.370016212436144,5.695,0.41301621243614367,0.0,0.0
PTK-05,FL,91,pemasakan,-1.6347614527163943,0.0,5.366,0.16074524028025006,0.0,0.0
PTK-05,FL,92,pemasakan,3.767983787563856,11.634761452716393,5.819,0.41301621243614367,0.0,0.0
PTK-05,FL,93,pemasakan,-2.6896400516821855,0.0,6.302,0.1556238392460419,0.0,0.0
PTK-05,FL,94,pemasakan,3.666983787563856,12.689640051682186,5.92,0.41301621243614367,0.0,0.0
PTK-05,FL,95,pemasakan,-2.921468587936581,0.0,6.437,0.15145237550043683,0.0,0.0
PTK-05,FL,96,pemasakan,-4.1157533595682425,0.0,4.958,0.03628477163166102,0.0,3.8
PTK-05,FL,97,pemasakan,5.144983787563856,10.315753359568243,4.442,0.41301621243614367,0.0,3.8
PTK-05,FL,98,pemasakan,0.13648761586535674,0.0,4.796,0.21249617169849885,0.0,0.0
PTK-05,FL,99,pemasakan,-5.618149543949558,0.0,5.749,0.005637159814914895,0.0,0.0
PTK-05,FL,100,pemasakan,3.9399837875638557,15.618149543949558,5.647,0.41301621243614367,0.0,0.0
PTK-05,FL,101,pemasakan,-2.3257439305360874,0.0,6.103,0.16272771809994355,0.0,0.0
PTK-05,FL,102,pemasakan,4.093983787563856,12.325743930536088,5.493,0.41301621243614367,0.0,0.0
PTK-05,FL,103,pemasakan,-2.528104380207605,0.0,6.453,0.16908816777146016,0.0,0.0
PTK-05,FL,104,pemasakan,4.278983787563856,12.528104380207605,5.308,0.41301621243614367,0.0,0.0
PTK-05,FL,105,pemasakan,-1.7897451801376727,0.0,5.892,0.17672896770152882,0.0,0.0
PTK-05,FL,106,pemasakan,3.866983787563856,11.789745180137672,5.72,0.41301621243614367,0.0,0.0
PTK-05,FL,107,pemasakan,-2.282728912185304,0.0,5.99,0.15971269974915972,0.0,0.0
PTK-05,FL,108,pemasakan,3.544983787563856,12.282728912185304,6.042,0.41301621243614367,0.0,0.0
PTK-05,FL,109,pemasakan,-3.6304297901448592,0.0,7.029,0.14641357770871588,0.0,0.0
PTK-05,FL,110,pemasakan,4.908983787563856,13.63042979014486,4.678,0.41301621243614367,0.0,0.0
PTK-05,SRI,1,awal,15.276967575127713,0.0,3.897,0.8260324248722873,0.0,0.0
PTK-05,SRI,2,awal,11.55800404658881,0.0,3.088,0.6309635285389027,0.0,0.0
PTK-05,SRI,3,awal,10.802125363766677,0.0,2.867,0.588878682822132,0.0,2.7
PTK-05,SRI,4,awal,14.231478238287963,0.0,3.123,0.7476471254787163,0.0,7.3
PTK-05,SRI,5,awal,10.794695114353452,0.0,2.849,0.5877831239345097,0.0,0.0
PTK-05,SRI,6,awal,13.385396167216637,0.0,3.195,0.7142989471368142,0.0,6.5
PTK-05,SRI,7,awal,11.74799565903019,0.0,2.235,0.6024005081864462,0.0,1.2
PTK-05,SRI,8,awal,40.0,0.0,3.187,1.8729457408663335,0.28804991816385694,33.6
PTK-05,SRI,9,awal,40.0,0.0,2.317,3.4197742389712698,37.06322576102873,42.8
PTK-05,SRI,10,awal,34.01693515025543,0.0,4.331,1.6520648497445747,0.0,0.0
PTK-05,SRI,11,awal,32.948336039328865,0.0,2.348,1.520599110926562,0.0,2.8
PTK-05,SRI,12,awal,29.124256019376453,0.0,2.655,1.369080019952413,0.0,0.2
PTK-05,SRI,13,awal,24.72737702826211,0.0,3.194,1.2028789911143423,0.0,0.0
PTK-05,SRI,14,awal,19.94509626789278,0.0,3.761,1.0212807603693324,0.0,0.0
PTK-05,SRI,15,awal,14.884331456168844,0.0,4.237,0.8237648117239341,0.0,0.0
PTK-05,SRI,16,awal,11.247584435901743,0.0,3.022,0.6147470202671007,0.0,0.0
PTK-05,SRI,17,awal,6.656040963624557,0.0,4.127,0.46454347227718573,0.0,0.0
PTK-05,SRI,18,awal,3.4411356807629536,0.0,2.94,0.27490528286160343,0.0,0.0
PTK-05,SRI,19,awal,-1.2449888017718047,0.0,4.544,0.1421244825347586,0.0,0.0
PTK-05,SRI,20,awal,6.138983787563856,10.344988801771805,3.448,0.41301621243614367,0.0,0.9
PTK-05,SRI,21,pertumbuhan,1.893433804349205,0.0,3.992,0.25354998321465155,0.0,0.0
PTK-05,SRI,22,pertumbuhan,-1.8597680814878816,0.0,3.675,0.07820188583708669,0.0,0.0
PTK-05,SRI,23,pertumbuhan,-7.907006991334626,0.0,5.056,0.9912389098467448,0.0,0.0
PTK-05,SRI,24,pertumbuhan,-12.412245901181372,0.0,3.514,0.9912389098467448,0.0,0.0
PTK-05,SRI,25,pertumbuhan,-16.241484811028116,0.0,2.838,0.9912389098467448,0.0,0.0
PTK-05,SRI,26,pertumbuhan,-21.15972372087486,0.0,3.927,0.9912389098467448,0.0,0.0
PTK-05,SRI,27,pertumbuhan,5.916983787563856,31.15972372087486,3.67,0.41301621243614367,0.0,0.0
PTK-05,SRI,28,pertumbuhan,2.335602764265287,0.0,3.337,0.24438102329856917,0.0,0.0
PTK-05,SRI,29,pertumbuhan,-1.526861416479937,0.0,3.766,0.09646418074522362,0.0,0.0
PTK-05,SRI,30,pertumbuhan,-6.441100326326682,0.0,3.923,0.9912389098467448,0.0,0.0
PTK-05,SRI,31,pertumbuhan,-10.638339236173426,0.0,3.206,0.9912389098467448,0.0,0.0
PTK-05,SRI,32,pertumbuhan,-15.70657814602017,0.0,4.077,0.9912389098467448,0.0,0.0
PTK-05,SRI,33,pertumbuhan,-21.280817055866915,0.0,4.583,0.9912389098467448,0.0,0.0
PTK-05,SRI,34,pertumbuhan,6.925983787563856,31.180817055866914,2.661,0.41301621243614367,0.0,0.1
PTK-05,SRI,35,pertumbuhan,2.50492942843048,0.0,4.135,0.28605435913337607,0.0,0.0
PTK-05,SRI,36,pertumbuhan,18.103309194938813,0.0,3.568,0.9336202334916679,0.0,20.1
PTK-05,SRI,37,pertumbuhan,13.695613175313408,0.0,3.66,0.7476960196254042,0.0,0.0
PTK-05,SRI,38,pertumbuhan,9.246962147247558,0.0,3.883,0.5656510280658491,0.0,0.0
PTK-05,SRI,39,pertumbuhan,4.1170476189879,0.0,4.748,0.38191452825965766,0.0,0.0
PTK-05,SRI,40,pertumbuhan,-0.5929931224134624,0.0,4.54,0.17004074140136263,0.0,0.0
PTK-05,SRI,41,pertumbuhan,-5.731232032260207,0.0,4.147,0.9912389098467448,0.0,0.0
PTK-05,SRI,42,pertumbuhan,-10.557470942106953,0.0,3.835,0.9912389098467448,0.0,0.0
PTK-05,SRI,43,pertumbuhan,-13.884709851953698,0.0,2.936,0.9912389098467448,0.0,0.6
PTK-05,SRI,44,pertumbuhan,-13.023948761800442,0.0,3.948,0.9912389098467448,0.0,5.8
PTK-05,SRI,45,pertumbuhan,40.0,0.0,3.015,1.8534536711491498,0.007597567050410703,57.9
PTK-05,SRI,46,pertumbuhan,33.70593515025543,0.0,4.642,1.6520648497445747,0.0,0.0
PTK-05,SRI,47,pertumbuhan,27.62182538301775,0.0,4.692,1.3921097672376779,0.0,0.0
PTK-05,SRI,48,pertumbuhan,22.047999212991098,0.0,4.433,1.1408261700266524,0.0,0.0
PTK-05,SRI,49,pertumbuhan,16.57938110031663,0.0,4.558,0.910618112674466,0.0,0.0
PTK-05,SRI,50,pertumbuhan,11.467625781657816,0.0,4.427,0.6847553186588159,0.0,0.0
PTK-05,SRI,51,reproduktif,9.620391002573049,0.0,3.291,0.556234779084767,0.0,2.0
PTK-05,SRI,52,reproduktif,4.972053257169301,0.0,4.251,0.39733774540374756,0.0,0.0
PTK-05,SRI,53,reproduktif,1.6756993967386151,0.0,3.091,0.2053538604306856,0.0,0.0
PTK-05,SRI,54,reproduktif,-2.5705097050636354,0.0,4.177,0.06920910180225137,0.0,0.0
PTK-05,SRI,55,reproduktif,5.087948193125095,0.0,3.281,0.3605421018112692,0.0,11.3
PTK-05,SRI,56,reproduktif,0.5838076839455111,0.0,4.294,0.2101405091795848,0.0,0.0
PTK-05,SRI,57,reproduktif,-4.638304519895919,0.0,5.198,0.024112203841429224,0.0,0.0
PTK-05,SRI,58,reproduktif,-9.897733702280977,0.0,4.516,0.7434291823850586,0.0,0.0
PTK-05,SRI,59,reproduktif,-14.768162884666037,0.0,4.127,0.7434291823850586,0.0,0.0
PTK-05,SRI,60,reproduktif,-7.185592067051095,0.0,4.074,0.7434291823850586,0.0,12.4
PTK-05,SRI,61,reproduktif,-11.771021249436153,0.0,3.842,0.7434291823850586,0.0,0.0
PTK-05,SRI,62,reproduktif,-16.30045043182121,0.0,3.786,0.7434291823850586,0.0,0.0
PTK-05,SRI,63,reproduktif,-21.85687961420627,0.0,4.813,0.7434291823850586,0.0,0.0
PTK-05,SRI,64,reproduktif,-27.43630879659133,0.0,4.836,0.7434291823850586,0.0,0.0
PTK-05,SRI,65,reproduktif,-0.5955081062180723,32.436308796591334,5.389,0.20650810621807184,0.0,0.0
PTK-05,SRI,66,reproduktif,-6.082937288603131,0.0,4.744,0.7434291823850586,0.0,0.0
PTK-05,SRI,67,reproduktif,-10.87636647098819,0.0,4.05,0.7434291823850586,0.0,0.0
PTK-05,SRI,68,reproduktif,-16.711795653373247,0.0,5.092,0.7434291823850586,0.0,0.0
PTK-05,SRI,69,reproduktif,-22.790224835758305,0.0,5.335,0.7434291823850586,0.0,0.0
PTK-05,SRI,70,reproduktif,-28.083654018143363,0.0,4.55,0.7434291823850586,0.0,0.0
PTK-05,SRI,71,reproduktif,-1.379508106218072,33.08365401814336,6.173,0.20650810621807184,0.0,0.0
PTK-05,SRI,72,reproduktif,-7.214937288603131,0.0,5.092,0.7434291823850586,0.0,0.0
PTK-05,SRI,73,reproduktif,-13.53136647098819,0.0,5.573,0.7434291823850586,0.0,0.0
PTK-05,SRI,74,reproduktif,-19.973795653373248,0.0,5.699,0.7434291823850586,0.0,0.0
PTK-05,SRI,75,reproduktif,-26.176224835758305,0.0,5.459,0.7434291823850586,0.0,0.0
PTK-05,SRI,76,reproduktif,-0.182508106218072,31.176224835758305,4.976,0.20650810621807184,0.0,0.0
PTK-05,SRI,77,reproduktif,-6.244937288603131,0.0,5.319,0.7434291823850586,0.0,0.0
PTK-05,SRI,78,reproduktif,-12.16236647098819,0.0,5.174,0.7434291823850586,0.0,0.0
PTK-05,SRI,79,reproduktif,-17.94079565337325,0.0,5.035,0.7434291823850586,0.0,0.0
PTK-05,SRI,80,reproduktif,-23.38022483575831,0.0,4.696,0.7434291823850586,0.0,0.0
PTK-05,SRI,81,reproduktif,-29.711654018143367,0.0,5.588,0.7434291823850586,0.0,0.0
PTK-05,SRI,82,reproduktif,-0.17650810621807178,34.71165401814336,4.97,0.20650810621807184,0.0,0.0
PTK-05,SRI,83,reproduktif,-5.948937288603131,0.0,5.029,0.7434291823850586,0.0,0.0
PTK-05,SRI,84,reproduktif,-12.12636647098819,0.0,5.434,0.7434291823850586,0.0,0.0
PTK-05,SRI,85,reproduktif,-18.725795653373247,0.0,5.856,0.7434291823850586,0.0,0.0
PTK-05,SRI,86,reproduktif,-23.746224835758305,0.0,4.277,0.7434291823850586,0.0,0.0
PTK-05,SRI,87,reproduktif,-29.682654018143364,0.0,5.193,0.7434291823850586,0.0,0.0
PTK-05,SRI,88,reproduktif,-0.6685081062180718,34.68265401814337,5.462,0.20650810621807184,0.0,0.0
PTK-05,SRI,89,reproduktif,-6.985937288603131,0.0,5.574,0.7434291823850586,0.0,0.0
PTK-05,SRI,90,reproduktif,-13.05836647098819,0.0,5.329,0.7434291823850586,0.0,0.0
PTK-05,SRI,91,pemasakan,-19.115795653373247,0.0,5.314,0.7434291823850586,0.0,0.0
PTK-05,SRI,92,pemasakan,-25.623224835758307,0.0,5.764,0.7434291823850586,0.0,0.0
PTK-05,SRI,93,pemasakan,-32.60865401814337,0.0,6.242,0.7434291823850586,0.0,0.0
PTK-05,SRI,94,pemasakan,-6.607429182385059,32.60865401814337,5.864,0.7434291823850586,0.0,0.0
PTK-05,SRI,95,pemasakan,-13.725858364770119,0.0,6.375,0.7434291823850586,0.0,0.0
PTK-05,SRI,96,pemasakan,-15.580287547155176,0.0,4.911,0.7434291823850586,0.0,3.8
PTK-05,SRI,97,pemasakan,-16.922716729540234,0.0,4.399,0.7434291823850586,0.0,3.8
PTK-05,SRI,98,pemasakan,-22.417145911925292,0.0,4.751,0.7434291823850586,0.0,0.0
PTK-05,SRI,99,pemasakan,-28.854575094310352,0.0,5.694,0.7434291823850586,0.0,0.0
PTK-05,SRI,100,pemasakan,-35.19100427669541,0.0,5.593,0.7434291823850586,0.0,0.0
PTK-05,SRI,101,pemasakan,-6.7874291823850585,35.19100427669541,6.044,0.7434291823850586,0.0,0.0
PTK-05,SRI,102,pemasakan,-12.970858364770118,0.0,5.44,0.7434291823850586,0.0,0.0
PTK-05,SRI,103,pemasakan,-20.106287547155176,0.0,6.392,0.7434291823850586,0.0,0.0
PTK-05,SRI,104,pemasakan,-26.106716729540235,0.0,5.257,0.7434291823850586,0.0,0.0
PTK-05,SRI,105,pemasakan,-32.6851459119253,0.0,5.835,0.7434291823850586,0.0,0.0
PTK-05,SRI,106,pemasakan,-6.409429182385059,32.6851459119253,5.666,0.7434291823850586,0.0,0.0
PTK-05,SRI,107,pemasakan,-13.085858364770118,0.0,5.933,0.7434291823850586,0.0,0.0
PTK-05,SRI,108,pemasakan,-19.813287547155177,0.0,5.984,0.7434291823850586,0.0,0.0
PTK-05,SRI,109,pemasakan,-27.518716729540238,0.0,6.962,0.7434291823850586,0.0,0.0
PTK-05,SRI,110,pemasakan,-32.8951459119253,0.0,4.633,0.7434291823850586,0.0,0.0
PTK-06,FL,1,awal,14.776368780593836,0.0,3.936,1.2876312194061637,0.0,0.0
PTK-06,FL,2,awal,10.706043093026276,0.0,3.119,0.9513256875675605,0.0,0.0
PTK-06,FL,3,awal,9.646941112262027,0.0,2.896,0.8631019807642502,0.0,2.7
PTK-06,FL,4,awal,12.701870589782708,0.0,3.154,1.0910705224793202,0.0,7.3
PTK-06,FL,5,awal,9.007104333969648,0.0,2.877,0.8177662558130597,0.0,0.0
PTK-06,FL,6,awal,11.281732750819252,0.0,3.227,0.9983715831503972,0.0,6.5
PTK-06,FL,7,awal,9.42113931270729,0.0,2.257,0.8035934381119622,0.0,1.2
PTK-06,FL,8,awal,37.0323712090341,0.0,3.219,2.769768103673187,0.0,33.6
PTK-06,FL,9,awal,50.0,0.0,2.34,5.139732674398705,22.352638534635403,42.8
PTK-06,FL,10,awal,42.40692195148459,0.0,4.374,3.219078048515409,0.0,0.0
PTK-06,FL,11,awal,39.92542974958512,0.0,2.371,2.9104922018994683,0.0,2.8
PTK-06,FL,12,awal,34.860091947702394,0.0,2.682,2.5833378018827324,0.0,0.2
PTK-06,FL,13,awal,29.38974481254084,0.0,3.226,2.244347135161551,0.0,0.0
PTK-06,FL,14,awal,23.698587164990442,0.0,3.799,1.8921576475503967,0.0,0.0
PTK-06,FL,15,awal,17.89383513051745,0.0,4.279,1.5257520344729951,0.0,0.0
PTK-06,FL,16,awal,13.689802093069396,0.0,3.052,1.1520330374480516,0.0,0.0
PTK-06,FL,17,awal,8.640431264942997,0.0,4.168,0.8813708281263999,0.0,0.0
PTK-06,FL,18,awal,15.743368780593837,11.359568735057003,2.969,1.2876312194061637,0.0,0.0
PTK-06,FL,19,awal,10.140786123567988,0.0,4.589,1.0135826570258486,0.0,0.0
PTK-06,FL,20,awal,6.847963078593363,0.0,3.482,0.710823044974625,0.0,0.9
PTK-06,FL,21,pertumbuhan,14.471368780593837,13.152036921406637,4.241,1.2876312194061637,0.0,0.0
PTK-06,FL,22,pertumbuhan,9.63467946912222,0.0,3.905,0.9316893114716165,0.0,0.0
PTK-06,FL,23,pertumbuhan,13.340368780593836,10.36532053087778,5.372,1.2876312194061637,0.0,0.0
PTK-06,FL,24,pertumbuhan,8.748495014579639,0.0,3.733,0.858873766014198,0.0,0.0
PTK-06,FL,25,pertumbuhan,15.697368780593836,11.251504985420361,3.015,1.2876312194061637,0.0,0.0
PTK-06,FL,26,pertumbuhan,10.51374767537262,0.0,4.173,1.0106211052212144,0.0,0.0
PTK-06,FL,27,pertumbuhan,5.937856188384182,0.0,3.899,0.6768914869884383,0.0,0.0
PTK-06,FL,28,pertumbuhan,15.166368780593837,14.062143811615819,3.546,1.2876312194061637,0.0,0.0
PTK-06,FL,29,pertumbuhan,10.188934284247857,0.0,4.001,0.9764344963459807,0.0,0.0
PTK-06,FL,30,pertumbuhan,5.36495479040409,0.0,4.168,0.6559794938437667,0.0,0.0
PTK-06,FL,31,pertumbuhan,15.305368780593836,14.63504520959591,3.407,1.2876312194061637,0.0,0.0
PTK-06,FL,32,pertumbuhan,9.987985247272983,0.0,4.332,0.9853835333208535,0.0,0.0
PTK-06,FL,33,pertumbuhan,13.843368780593837,10.012014752727017,4.869,1.2876312194061637,0.0,0.0
PTK-06,FL,34,pertumbuhan,10.218672933314544,0.0,2.827,0.8976958472792937,0.0,0.1
PTK-06,FL,35,pertumbuhan,5.167778818822716,0.0,4.393,0.6578941144918283,0.0,0.0
PTK-06,FL,36,pertumbuhan,19.849999776214418,0.0,3.791,1.6267790426082964,0.0,20.1
PTK-06,FL,37,pertumbuhan,14.684025805361465,0.0,3.888,1.2779739708529523,0.0,0.0
PTK-06,FL,38,pertumbuhan,9.612645302684006,0.0,4.126,0.9453805026774579,0.0,0.0
PTK-06,FL,39,pertumbuhan,13.667368780593836,10.387354697315994,5.045,1.2876312194061637,0.0,0.0
PTK-06,FL,40,pertumbuhan,7.963442244142348,0.0,4.824,0.8799265364514887,0.0,0.0
PTK-06,FL,41,pertumbuhan,14.306368780593836,12.036557755857652,4.406,1.2876312194061637,0.0,0.0
PTK-06,FL,42,pertumbuhan,9.31030242668232,0.0,4.075,0.9210663539115156,0.0,0.0
PTK-06,FL,43,pertumbuhan,15.593368780593837,10.08969757331768,3.119,1.2876312194061637,0.0,0.6
PTK-06,FL,44,pertumbuhan,15.822030304085747,0.0,4.194,1.3773384765080896,0.0,5.8
PTK-06,FL,45,pertumbuhan,50.0,0.0,3.204,4.746339388877404,15.771690915208339,57.9
PTK-06,FL,46,pertumbuhan,41.84892195148459,0.0,4.932,3.219078048515409,0.0,0.0
PTK-06,FL,47,pertumbuhan,34.16862303132342,0.0,4.986,2.694298920161174,0.0,0.0
PTK-06,FL,48,pertumbuhan,27.258793744360794,0.0,4.71,2.1998292869626255,0.0,0.0
PTK-06,FL,49,pertumbuhan,20.660830052931175,0.0,4.843,1.7549636914296198,0.0,0.0
PTK-06,FL,50,pertumbuhan,14.62765356318121,0.0,4.703,1.3301764897499642,0.0,0.0
PTK-06,FL,51,reproduktif,12.041139271510099,0.0,3.516,1.0705142916711134,0.0,2.0
PTK-06,FL,52,reproduktif,6.722911929349399,0.0,4.543,0.7752273421606998,0.0,0.0
PTK-06,FL,53,reproduktif,2.9870803650719786,0.0,3.303,0.4328315642774206,0.0,0.0
PTK-06,FL,54,reproduktif,4.892184390296918,7.012919634928021,4.464,0.6438156097030818,0.0,0.0
PTK-06,FL,55,reproduktif,11.642706283730545,0.0,3.507,1.0424781065663735,0.0,11.3
PTK-06,FL,56,reproduktif,6.304130679265157,0.0,4.589,0.7495756044653883,0.0,0.0
PTK-06,FL,57,reproduktif,0.34326090557325717,0.0,5.555,0.4058697736919,0.0,0.0
PTK-06,FL,58,reproduktif,4.531184390296918,9.656739094426744,4.825,0.6438156097030818,0.0,0.0
PTK-06,FL,59,reproduktif,4.946184390296918,5.468815609703082,4.41,0.6438156097030818,0.0,0.0
PTK-06,FL,60,reproduktif,11.876409962370811,0.0,4.353,1.1167744279261091,0.0,12.4
PTK-06,FL,61,reproduktif,7.005788150270059,0.0,4.106,0.764621812100752,0.0,0.0
PTK-06,FL,62,reproduktif,2.508744573328385,0.0,4.046,0.4510435769416744,0.0,0.0
PTK-06,FL,63,reproduktif,4.212184390296918,7.491255426671615,5.144,0.6438156097030818,0.0,0.0
PTK-06,FL,64,reproduktif,4.188184390296918,5.787815609703082,5.168,0.6438156097030818,0.0,0.0
PTK-06,FL,65,reproduktif,3.598184390296918,5.811815609703082,5.758,0.6438156097030818,0.0,0.0
PTK-06,FL,66,reproduktif,4.286184390296918,6.401815609703082,5.07,0.6438156097030818,0.0,0.0
PTK-06,FL,67,reproduktif,5.028184390296918,5.713815609703082,4.328,0.6438156097030818,0.0,0.0
PTK-06,FL,68,reproduktif,-0.7365379695969345,0.0,5.441,0.3237223598938529,0.0,0.0
PTK-06,FL,69,reproduktif,3.6551843902969186,10.736537969596935,5.701,0.6438156097030818,0.0,0.0
PTK-06,FL,70,reproduktif,4.494184390296918,6.3448156097030814,4.862,0.6438156097030818,0.0,0.0
PTK-06,FL,71,reproduktif,2.7591843902969178,5.505815609703082,6.597,0.6438156097030818,0.0,0.0
PTK-06,FL,72,reproduktif,3.9151843902969183,7.240815609703082,5.441,0.6438156097030818,0.0,0.0
PTK-06,FL,73,reproduktif,3.4001843902969178,6.084815609703082,5.956,0.6438156097030818,0.0,0.0
PTK-06,FL,74,reproduktif,3.2661843902969183,6.599815609703082,6.09,0.6438156097030818,0.0,0.0
PTK-06,FL,75,reproduktif,3.5221843902969185,6.733815609703082,5.834,0.6438156097030818,0.0,0.0
PTK-06,FL,76,reproduktif,4.039184390296918,6.4778156097030815,5.317,0.6438156097030818,0.0,0.0
PTK-06,FL,77,reproduktif,3.672184390296918,5.960815609703082,5.684,0.6438156097030818,0.0,0.0
PTK-06,FL,78,reproduktif,3.826184390296918,6.327815609703082,5.53,0.6438156097030818,0.0,0.0
PTK-06,FL,79,reproduktif,3.9761843902969183,6.173815609703082,5.38,0.6438156097030818,0.0,0.0
PTK-06,FL,80,reproduktif,4.338184390296918,6.023815609703082,5.018,0.6438156097030818,0.0,0.0
PTK-06,FL,81,reproduktif,3.385184390296918,5.661815609703082,5.971,0.6438156097030818,0.0,0.0
PTK-06,FL,82,reproduktif,4.044184390296918,6.614815609703082,5.312,0.6438156097030818,0.0,0.0
PTK-06,FL,83,reproduktif,3.9821843902969185,5.955815609703082,5.374,0.6438156097030818,0.0,0.0
PTK-06,FL,84,reproduktif,3.550184390296918,6.0178156097030815,5.806,0.6438156097030818,0.0,0.0
PTK-06,FL,85,reproduktif,3.098184390296918,6.449815609703082,6.258,0.6438156097030818,0.0,0.0
PTK-06,FL,86,reproduktif,4.786184390296918,6.901815609703082,4.57,0.6438156097030818,0.0,0.0
PTK-06,FL,87,reproduktif,3.807184390296918,5.213815609703082,5.549,0.6438156097030818,0.0,0.0
PTK-06,FL,88,reproduktif,3.5191843902969184,6.192815609703082,5.837,0.6438156097030818,0.0,0.0
PTK-06,FL,89,reproduktif,3.3991843902969183,6.480815609703082,5.957,0.6438156097030818,0.0,0.0
PTK-06,FL,90,reproduktif,3.661184390296918,6.600815609703082,5.695,0.6438156097030818,0.0,0.0
PTK-06,FL,91,pemasakan,-1.9405283757505236,0.0,5.366,0.23571276604744162,0.0,0.0
PTK-06,FL,92,pemasakan,3.5371843902969182,11.940528375750525,5.819,0.6438156097030818,0.0,0.0
PTK-06,FL,93,pemasakan,-2.9925450621902048,0.0,6.302,0.22772945248712342,0.0,0.0
PTK-06,FL,94,pemasakan,3.4361843902969182,12.992545062190205,5.92,0.6438156097030818,0.0,0.0
PTK-06,FL,95,pemasakan,-3.2220425245322044,0.0,6.437,0.2212269148291223,0.0,0.0
PTK-06,FL,96,pemasakan,-4.41725232897728,0.0,4.958,0.03720980444507527,0.0,3.8
PTK-06,FL,97,pemasakan,4.914184390296918,10.61725232897728,4.442,0.6438156097030818,0.0,3.8
PTK-06,FL,98,pemasakan,-0.19819847164631987,0.0,4.796,0.3163828619432378,0.0,0.0
PTK-06,FL,99,pemasakan,3.6071843902969185,10.19819847164632,5.749,0.6438156097030818,0.0,0.0
PTK-06,FL,100,pemasakan,-2.272051771458127,0.0,5.647,0.23223616175504502,0.0,0.0
PTK-06,FL,101,pemasakan,3.2531843902969184,12.272051771458127,6.103,0.6438156097030818,0.0,0.0
PTK-06,FL,102,pemasakan,-2.449260698874638,0.0,5.493,0.2094450891715559,0.0,0.0
PTK-06,FL,103,pemasakan,2.903184390296918,12.449260698874639,6.453,0.6438156097030818,0.0,0.0
PTK-06,FL,104,pemasakan,-2.5917271525350296,0.0,5.308,0.18691154283194802,0.0,0.0
PTK-06,FL,105,pemasakan,3.464184390296918,12.591727152535029,5.892,0.6438156097030818,0.0,0.0
PTK-06,FL,106,pemasakan,-2.478845208239373,0.0,5.72,0.2230295985362909,0.0,0.0
PTK-06,FL,107,pemasakan,3.366184390296918,12.478845208239374,5.99,0.6438156097030818,0.0,0.0
PTK-06,FL,108,pemasakan,-2.8925358152642824,0.0,6.042,0.2167202055612007,0.0,0.0
PTK-06,FL,109,pemasakan,2.3271843902969183,12.892535815264281,7.029,0.6438156097030818,0.0,0.0
PTK-06,FL,110,pemasakan,-2.500643373416132,0.0,4.678,0.1498277637130505,0.0,0.0
PTK-06,SRI,1,awal,14.815368780593836,0.0,3.897,1.2876312194061637,0.0,0.0
PTK-06,SRI,2,awal,10.773532212148433,0.0,3.088,0.9538365684454025,0.0,0.0
PTK-06,SRI,3,awal,9.739085176546588,0.0,2.867,0.8674470356018458,0.0,2.7
PTK-06,SRI,4,awal,12.81908227537448,0.0,3.123,1.0970029011721085,0.0,7.3
PTK-06,SRI,5,awal,9.14476974827906,0.0,2.849,0.8253125270954191,0.0,0.0
PTK-06,SRI,6,awal,11.4425350508638,0.0,3.195,1.0072346974152613,0.0,6.5
PTK-06,SRI,7,awal,9.593588909667353,0.0,2.235,0.8139461411964459,0.0,1.2
PTK-06,SRI,8,awal,37.22571823175318,0.0,3.187,2.780870677914176,0.0,33.6
PTK-06,SRI,9,awal,40.0,0.0,2.317,5.15218065753032,32.55653757422286,42.8
PTK-06,SRI,10,awal,33.09373756118767,0.0,4.331,2.5752624388123273,0.0,0.0
PTK-06,SRI,11,awal,31.234842707939826,0.0,2.348,2.310894853247845,0.0,2.8
PTK-06,SRI,12,awal,26.75601846554655,0.0,2.655,2.0238242423932755,0.0,0.2
PTK-06,SRI,13,awal,21.83942423138427,0.0,3.194,1.7225942341622769,0.0,0.0
PTK-06,SRI,14,awal,16.67236800867498,0.0,3.761,1.4060562227092923,0.0,0.0
PTK-06,SRI,15,awal,11.361974931205054,0.0,4.237,1.0733930774699239,0.0,0.0
PTK-06,SRI,16,awal,7.608473249428563,0.0,3.022,0.7315016817764913,0.0,0.0
PTK-06,SRI,17,awal,2.9916278650295194,0.0,4.127,0.4898453843990439,0.0,0.0
PTK-06,SRI,18,awal,-0.1409778067633516,0.0,2.94,0.19260567179287091,0.0,0.0
PTK-06,SRI,19,awal,4.812184390296919,10.140977806763352,4.544,0.6438156097030818,0.0,0.0
PTK-06,SRI,20,awal,1.8964250426993754,0.0,3.448,0.36775934759754375,0.0,0.9
PTK-06,SRI,21,pertumbuhan,-2.217669761812794,0.0,3.992,0.12209480451216914,0.0,0.0
PTK-06,SRI,22,pertumbuhan,-7.4378272251001905,0.0,3.675,1.5451574632873963,0.0,0.0
PTK-06,SRI,23,pertumbuhan,-14.038984688387586,0.0,5.056,1.5451574632873963,0.0,0.0
PTK-06,SRI,24,pertumbuhan,-19.09814215167498,0.0,3.514,1.5451574632873963,0.0,0.0
PTK-06,SRI,25,pertumbuhan,-23.481299614962378,0.0,2.838,1.5451574632873963,0.0,0.0
PTK-06,SRI,26,pertumbuhan,5.429184390296918,33.48129961496238,3.927,0.6438156097030818,0.0,0.0
PTK-06,SRI,27,pertumbuhan,1.4096450244539716,0.0,3.67,0.3495393658429465,0.0,0.0
PTK-06,SRI,28,pertumbuhan,-2.0181101226344036,0.0,3.337,0.09075514708837494,0.0,0.0
PTK-06,SRI,29,pertumbuhan,-7.3292675859218,0.0,3.766,1.5451574632873963,0.0,0.0
PTK-06,SRI,30,pertumbuhan,-12.797425049209195,0.0,3.923,1.5451574632873963,0.0,0.0
PTK-06,SRI,31,pertumbuhan,-17.54858251249659,0.0,3.206,1.5451574632873963,0.0,0.0
PTK-06,SRI,32,pertumbuhan,-23.170739975783988,0.0,4.077,1.5451574632873963,0.0,0.0
PTK-06,SRI,33,pertumbuhan,4.773184390296918,33.17073997578399,4.583,0.6438156097030818,0.0,0.0
PTK-06,SRI,34,pertumbuhan,1.8984411723534627,0.0,2.661,0.3137432179434551,0.0,0.1
PTK-06,SRI,35,pertumbuhan,-2.3587834337329547,0.0,4.135,0.1222246060864178,0.0,0.0
PTK-06,SRI,36,pertumbuhan,13.031009350218483,0.0,3.568,1.1422072160485635,0.0,20.1
PTK-06,SRI,37,pertumbuhan,8.532052627232735,0.0,3.66,0.8389567229857473,0.0,0.0
PTK-06,SRI,38,pertumbuhan,4.099745760810673,0.0,3.883,0.5493068664220625,0.0,0.0
PTK-06,SRI,39,pertumbuhan,-0.9122022708517221,0.0,4.748,0.26394803166239483,0.0,0.0
PTK-06,SRI,40,pertumbuhan,-6.997359734139119,0.0,4.54,1.5451574632873963,0.0,0.0
PTK-06,SRI,41,pertumbuhan,-12.689517197426515,0.0,4.147,1.5451574632873963,0.0,0.0
PTK-06,SRI,42,pertumbuhan,-18.06967466071391,0.0,3.835,1.5451574632873963,0.0,0.0
PTK-06,SRI,43,pertumbuhan,-21.950832124001305,0.0,2.936,1.5451574632873963,0.0,0.6
PTK-06,SRI,44,pertumbuhan,-21.6439895872887,0.0,3.948,1.5451574632873963,0.0,5.8
PTK-06,SRI,45,pertumbuhan,30.906791867785195,0.0,3.015,2.334218544926101,0.0,57.9
PTK-06,SRI,46,pertumbuhan,24.274964362752755,0.0,4.642,1.9898275050324377,0.0,0.0
PTK-06,SRI,47,pertumbuhan,18.02010426458013,0.0,4.692,1.5628600981726248,0.0,0.0
PTK-06,SRI,48,pertumbuhan,12.426941823178755,0.0,4.433,1.1601624414013763,0.0,0.0
PTK-06,SRI,49,pertumbuhan,7.068875910515299,0.0,4.558,0.8000659126634557,0.0,0.0
PTK-06,SRI,50,pertumbuhan,2.186770645090916,0.0,4.427,0.4551052654243835,0.0,0.0
PTK-06,SRI,51,reproduktif,0.6262198155352987,0.0,3.291,0.2695508295556173,0.0,2.0
PTK-06,SRI,52,reproduktif,-3.6650971936994026,0.0,4.251,0.04031700923470098,0.0,0.0
PTK-06,SRI,53,reproduktif,-7.91496529116495,0.0,3.091,1.1588680974655472,0.0,0.0
PTK-06,SRI,54,reproduktif,-13.250833388630497,0.0,4.177,1.1588680974655472,0.0,0.0
PTK-06,SRI,55,reproduktif,-6.390701486096043,0.0,3.281,1.1588680974655472,0.0,11.3
PTK-06,SRI,56,reproduktif,-11.84356958356159,0.0,4.294,1.1588680974655472,0.0,0.0
PTK-06,SRI,57,reproduktif,-18.20043768102714,0.0,5.198,1.1588680974655472,0.0,0.0
PTK-06,SRI,58,reproduktif,-23.875305778492688,0.0,4.516,1.1588680974655472,0.0,0.0
PTK-06,SRI,59,reproduktif,-29.161173875958234,0.0,4.127,1.1588680974655472,0.0,0.0
PTK-06,SRI,60,reproduktif,-21.994041973423784,0.0,4.074,1.1588680974655472,0.0,12.4
PTK-06,SRI,61,reproduktif,-26.994910070889333,0.0,3.842,1.1588680974655472,0.0,0.0
PTK-06,SRI,62,reproduktif,0.892092195148459,31.994910070889333,3.786,0.3219078048515409,0.0,0.0
PTK-06,SRI,63,reproduktif,-3.9783420929046276,0.0,4.813,0.057434288053086584,0.0,0.0
PTK-06,SRI,64,reproduktif,-9.973210190370175,0.0,4.836,1.1588680974655472,0.0,0.0
PTK-06,SRI,65,reproduktif,-16.52107828783572,0.0,5.389,1.1588680974655472,0.0,0.0
PTK-06,SRI,66,reproduktif,-22.423946385301267,0.0,4.744,1.1588680974655472,0.0,0.0
PTK-06,SRI,67,reproduktif,-27.632814482766815,0.0,4.05,1.1588680974655472,0.0,0.0
PTK-06,SRI,68,reproduktif,-0.4139078048515401,32.63281448276682,5.092,0.3219078048515409,0.0,0.0
PTK-06,SRI,69,reproduktif,-6.907775902317088,0.0,5.335,1.1588680974655472,0.0,0.0
PTK-06,SRI,70,reproduktif,-12.616643999782635,0.0,4.55,1.1588680974655472,0.0,0.0
PTK-06,SRI,71,reproduktif,-19.948512097248184,0.0,6.173,1.1588680974655472,0.0,0.0
PTK-06,SRI,72,reproduktif,-26.199380194713733,0.0,5.092,1.1588680974655472,0.0,0.0
PTK-06,SRI,73,reproduktif,-0.8949078048515418,31.199380194713733,5.573,0.3219078048515409,0.0,0.0
PTK-06,SRI,74,reproduktif,-7.752775902317088,0.0,5.699,1.1588680974655472,0.0,0.0
PTK-06,SRI,75,reproduktif,-14.370643999782635,0.0,5.459,1.1588680974655472,0.0,0.0
PTK-06,SRI,76,reproduktif,-20.505512097248182,0.0,4.976,1.1588680974655472,0.0,0.0
PTK-06,SRI,77,reproduktif,-26.98338019471373,0.0,5.319,1.1588680974655472,0.0,0.0
PTK-06,SRI,78,reproduktif,-0.49590780485154085,31.98338019471373,5.174,0.3219078048515409,0.0,0.0
PTK-06,SRI,79,reproduktif,-6.689775902317088,0.0,5.035,1.1588680974655472,0.0,0.0
PTK-06,SRI,80,reproduktif,-12.544643999782634,0.0,4.696,1.1588680974655472,0.0,0.0
PTK-06,SRI,81,reproduktif,-19.29151209724818,0.0,5.588,1.1588680974655472,0.0,0.0
PTK-06,SRI,82,reproduktif,-25.42038019471373,0.0,4.97,1.1588680974655472,0.0,0.0
PTK-06,SRI,83,reproduktif,-0.35090780485154127,30.42038019471373,5.029,0.3219078048515409,0.0,0.0
PTK-06,SRI,84,reproduktif,-6.943775902317089,0.0,5.434,1.1588680974655472,0.0,0.0
PTK-06,SRI,85,reproduktif,-13.958643999782636,0.0,5.856,1.1588680974655472,0.0,0.0
PTK-06,SRI,86,reproduktif,-19.39451209724818,0.0,4.277,1.1588680974655472,0.0,0.0
PTK-06,SRI,87,reproduktif,-25.74638019471373,0.0,5.193,1.1588680974655472,0.0,0.0
PTK-06,SRI,88,reproduktif,-0.7839078048515411,30.74638019471373,5.462,0.3219078048515409,0.0,0.0
PTK-06,SRI,89,reproduktif,-7.516775902317088,0.0,5.574,1.1588680974655472,0.0,0.0
PTK-06,SRI,90,reproduktif,-14.004643999782635,0.0,5.329,1.1588680974655472,0.0,0.0
PTK-06,SRI,91,pemasakan,-20.47751209724818,0.0,5.314,1.1588680974655472,0.0,0.0
PTK-06,SRI,92,pemasakan,-27.400380194713726,0.0,5.764,1.1588680974655472,0.0,0.0
PTK-06,SRI,93,pemasakan,-34.801248292179274,0.0,6.242,1.1588680974655472,0.0,0.0
PTK-06,SRI,94,pemasakan,-7.0228680974655475,34.801248292179274,5.864,1.1588680974655472,0.0,0.0
PTK-06,SRI,95,pemasakan,-14.556736194931094,0.0,6.375,1.1588680974655472,0.0,0.0
PTK-06,SRI,96,pemasakan,-16.826604292396638,0.0,4.911,1.1588680974655472,0.0,3.8
PTK-06,SRI,97,pemasakan,-18.584472389862185,0.0,4.399,1.1588680974655472,0.0,3.8
PTK-06,SRI,98,pemasakan,-24.494340487327733,0.0,4.751,1.1588680974655472,0.0,0.0
PTK-06,SRI,99,pemasakan,-31.34720858479328,0.0,5.694,1.1588680974655472,0.0,0.0
PTK-06,SRI,100,pemasakan,-6.751868097465547,31.34720858479328,5.593,1.1588680974655472,0.0,0.0
PTK-06,SRI,101,pemasakan,-13.954736194931094,0.0,6.044,1.1588680974655472,0.0,0.0
PTK-06,SRI,102,pemasakan,-20.553604292396642,0.0,5.44,1.1588680974655472,0.0,0.0
PTK-06,SRI,103,pemasakan,-28.104472389862188,0.0,6.392,1.1588680974655472,0.0,0.0
PTK-06,SRI,104,pemasakan,-34.520340487327736,0.0,5.257,1.1588680974655472,0.0,0.0
PTK-06,SRI,105,pemasakan,-6.993868097465548,34.520340487327736,5.835,1.1588680974655472,0.0,0.0
PTK-06,SRI,106,pemasakan,-13.818736194931095,0.0,5.666,1.1588680974655472,0.0,0.0
PTK-06,SRI,107,pemasakan,-20.91060429239664,0.0,5.933,1.1588680974655472,0.0,0.0
PTK-06,SRI,108,pemasakan,-28.053472389862186,0.0,5.984,1.1588680974655472,0.0,0.0
PTK-06,SRI,109,pemasakan,-36.17434048732773,0.0,6.962,1.1588680974655472,0.0,0.0
PTK-06,SRI,110,pemasakan,-5.791868097465548,36.17434048732773,4.633,1.1588680974655472,0.0,0.0
PTK-07,FL,1,awal,14.227807244777853,0.0,3.936,1.8361927552221458,0.0,0.0
PTK-07,FL,2,awal,9.80255741549994,0.0,3.119,1.3062498292779126,0.0,0.0
PTK-07,FL,3,awal,8.458702148095444,0.0,2.896,1.1478552674044953,0.0,2.7
PTK-07,FL,4,awal,11.157901412293619,0.0,3.154,1.446800735801826,0.0,7.3
PTK-07,FL,5,awal,7.256498525456794,0.0,2.877,1.0244028868368245,0.0,0.0
PTK-07,FL,6,awal,9.2665193789734,0.0,3.227,1.2629791464833948,0.0,6.5
PTK-07,FL,7,awal,7.248592026170242,0.0,2.257,0.9609273528031574,0.0,1.2
PTK-07,FL,8,awal,33.8792975891963,0.0,3.219,3.7502944369739457,0.0,33.6
PTK-07,FL,9,awal,50.0,0.0,2.34,7.039898535440259,17.299399053756034,42.8
PTK-07,FL,10,awal,41.03551811194464,0.0,4.374,4.590481888055365,0.0,0.0
PTK-07,FL,11,awal,37.43999507301654,0.0,2.371,4.024523038928095,0.0,2.8
PTK-07,FL,12,awal,31.50228076003303,0.0,2.682,3.455714312983512,0.0,0.2
PTK-07,FL,13,awal,25.3840677748057,0.0,3.226,2.892212985227332,0.0,0.0
PTK-07,FL,14,awal,19.25456570749739,0.0,3.799,2.330502067308308,0.0,0.0
PTK-07,FL,15,awal,13.207811004644618,0.0,4.279,1.767754702852774,0.0,0.0
PTK-07,FL,16,awal,8.943206660691029,0.0,3.052,1.212604343953589,0.0,0.0
PTK-07,FL,17,awal,13.995807244777854,11.056793339308971,4.168,1.8361927552221458,0.0,0.0
PTK-07,FL,18,awal,9.74185725146052,0.0,2.969,1.2849499933173358,0.0,0.0
PTK-07,FL,19,awal,13.574807244777855,10.25814274853948,4.589,1.8361927552221458,0.0,0.0
PTK-07,FL,20,awal,9.663880434972949,0.0,3.482,1.3289268098049063,0.0,0.9
PTK-07,FL,21,pertumbuhan,13.922807244777854,10.336119565027051,4.241,1.8361927552221458,0.0,0.0
PTK-07,FL,22,pertumbuhan,8.739559355017079,0.0,3.905,1.278247889760775,0.0,0.0
PTK-07,FL,23,pertumbuhan,12.791807244777853,11.260440644982921,5.372,1.8361927552221458,0.0,0.0
PTK-07,FL,24,pertumbuhan,7.884396055324891,0.0,3.733,1.1744111894529625,0.0,0.0
PTK-07,FL,25,pertumbuhan,15.148807244777855,12.115603944675108,3.015,1.8361927552221458,0.0,0.0
PTK-07,FL,26,pertumbuhan,9.585000739121963,0.0,4.173,1.3908065056558925,0.0,0.0
PTK-07,FL,27,pertumbuhan,14.264807244777854,10.414999260878037,3.899,1.8361927552221458,0.0,0.0
PTK-07,FL,28,pertumbuhan,9.40916045890278,0.0,3.546,1.3096467858750738,0.0,0.0
PTK-07,FL,29,pertumbuhan,14.162807244777854,10.59083954109722,4.001,1.8361927552221458,0.0,0.0
PTK-07,FL,30,pertumbuhan,8.694525041954414,0.0,4.168,1.3002822028234406,0.0,0.0
PTK-07,FL,31,pertumbuhan,14.756807244777853,11.305474958045586,3.407,1.8361927552221458,0.0,0.0
PTK-07,FL,32,pertumbuhan,9.069990117124316,0.0,4.332,1.3548171276535383,0.0,0.0
PTK-07,FL,33,pertumbuhan,13.294807244777854,10.930009882875684,4.869,1.8361927552221458,0.0,0.0
PTK-07,FL,34,pertumbuhan,9.338034843754944,0.0,2.827,1.2297724010229103,0.0,0.1
PTK-07,FL,35,pertumbuhan,13.770807244777854,10.661965156245056,4.393,1.8361927552221458,0.0,0.0
PTK-07,FL,36,pertumbuhan,26.970140700958513,0.0,3.791,3.1096665438193436,0.0,20.1
PTK-07,FL,37,pertumbuhan,20.606021852837415,0.0,3.888,2.4761188481210974,0.0,0.0
PTK-07,FL,38,pertumbuhan,14.58819045083095,0.0,4.126,1.891831402006464,0.0,0.0
PTK-07,FL,39,pertumbuhan,8.203853969950117,0.0,5.045,1.339336480880834,0.0,0.0
PTK-07,FL,40,pertumbuhan,13.339807244777855,11.796146030049883,4.824,1.8361927552221458,0.0,0.0
PTK-07,FL,41,pertumbuhan,7.709084373831806,0.0,4.406,1.2247228709460496,0.0,0.0
PTK-07,FL,42,pertumbuhan,14.088807244777854,12.290915626168193,4.075,1.8361927552221458,0.0,0.0
PTK-07,FL,43,pertumbuhan,10.22123317249207,0.0,3.119,1.348574072285783,0.0,0.6
PTK-07,FL,44,pertumbuhan,10.356329558439338,0.0,4.194,1.4709036140527327,0.0,5.8
PTK-07,FL,45,pertumbuhan,50.0,0.0,3.204,6.266588891663075,8.785740666776256,57.9
PTK-07,FL,46,pertumbuhan,40.47751811194463,0.0,4.932,4.590481888055365,0.0,0.0
PTK-07,FL,47,pertumbuhan,31.775291836618337,0.0,4.986,3.7162262753262962,0.0,0.0
PTK-07,FL,48,pertumbuhan,24.148013803344938,0.0,4.71,2.917278033273399,0.0,0.0
PTK-07,FL,49,pertumbuhan,17.08799340340962,0.0,4.843,2.2170203999353175,0.0,0.0
PTK-07,FL,50,pertumbuhan,10.81615091897839,0.0,4.703,1.568842484431228,0.0,0.0
PTK-07,FL,51,reproduktif,8.123504745615303,0.0,3.516,1.1766461733630884,0.0,2.0
PTK-07,FL,52,reproduktif,2.834688717569726,0.0,4.543,0.745816028045577,0.0,0.0
PTK-07,FL,53,reproduktif,5.778903622388928,7.165311282430274,3.303,0.9180963776110729,0.0,0.0
PTK-07,FL,54,reproduktif,0.7843445741610493,0.0,4.464,0.5305590482278781,0.0,0.0
PTK-07,FL,55,reproduktif,7.467885276226922,0.0,3.507,1.1094592979341285,0.0,11.3
PTK-07,FL,56,reproduktif,2.193261434175021,0.0,4.589,0.6856238420519004,0.0,0.0
PTK-07,FL,57,reproduktif,3.526903622388927,7.806738565824979,5.555,0.9180963776110729,0.0,0.0
PTK-07,FL,58,reproduktif,4.256903622388927,6.473096377611073,4.825,0.9180963776110729,0.0,0.0
PTK-07,FL,59,reproduktif,4.6719036223889265,5.743096377611073,4.41,0.9180963776110729,0.0,0.0
PTK-07,FL,60,reproduktif,11.151538334924865,0.0,4.353,1.5673652874640627,0.0,12.4
PTK-07,FL,61,reproduktif,6.021719639916312,0.0,4.106,1.0238186950085535,0.0,0.0
PTK-07,FL,62,reproduktif,1.42286774107665,0.0,4.046,0.552851898839662,0.0,0.0
PTK-07,FL,63,reproduktif,3.9379036223889266,8.57713225892335,5.144,0.9180963776110729,0.0,0.0
PTK-07,FL,64,reproduktif,3.9139036223889274,6.0620963776110734,5.168,0.9180963776110729,0.0,0.0
PTK-07,FL,65,reproduktif,3.3239036223889276,6.086096377611073,5.758,0.9180963776110729,0.0,0.0
PTK-07,FL,66,reproduktif,4.011903622388926,6.676096377611072,5.07,0.9180963776110729,0.0,0.0
PTK-07,FL,67,reproduktif,4.753903622388927,5.988096377611074,4.328,0.9180963776110729,0.0,0.0
PTK-07,FL,68,reproduktif,3.6409036223889277,5.246096377611073,5.441,0.9180963776110729,0.0,0.0
PTK-07,FL,69,reproduktif,3.380903622388928,6.359096377611072,5.701,0.9180963776110729,0.0,0.0
PTK-07,FL,70,reproduktif,4.219903622388927,6.619096377611072,4.862,0.9180963776110729,0.0,0.0
PTK-07,FL,71,reproduktif,2.484903622388927,5.780096377611073,6.597,0.9180963776110729,0.0,0.0
PTK-07,FL,72,reproduktif,3.6409036223889277,7.515096377611073,5.441,0.9180963776110729,0.0,0.0
PTK-07,FL,73,reproduktif,3.125903622388927,6.359096377611072,5.956,0.9180963776110729,0.0,0.0
PTK-07,FL,74,reproduktif,2.991903622388927,6.874096377611073,6.09,0.9180963776110729,0.0,0.0
PTK-07,FL,75,reproduktif,3.247903622388927,7.008096377611073,5.834,0.9180963776110729,0.0,0.0
PTK-07,FL,76,reproduktif,3.7649036223889265,6.752096377611073,5.317,0.9180963776110729,0.0,0.0
PTK-07,FL,77,reproduktif,3.3979036223889274,6.2350963776110735,5.684,0.9180963776110729,0.0,0.0
PTK-07,FL,78,reproduktif,3.5519036223889273,6.602096377611073,5.53,0.9180963776110729,0.0,0.0
PTK-07,FL,79,reproduktif,3.7019036223889277,6.448096377611073,5.38,0.9180963776110729,0.0,0.0
PTK-07,FL,80,reproduktif,4.063903622388928,6.298096377611072,5.018,0.9180963776110729,0.0,0.0
PTK-07,FL,81,reproduktif,3.1109036223889266,5.936096377611072,5.971,0.9180963776110729,0.0,0.0
PTK-07,FL,82,reproduktif,3.7699036223889273,6.889096377611073,5.312,0.9180963776110729,0.0,0.0
PTK-07,FL,83,reproduktif,3.707903622388928,6.230096377611073,5.374,0.9180963776110729,0.0,0.0
PTK-07,FL,84,reproduktif,3.2759036223889275,6.292096377611072,5.806,0.9180963776110729,0.0,0.0
PTK-07,FL,85,reproduktif,2.8239036223889276,6.7240963776110725,6.258,0.9180963776110729,0.0,0.0
PTK-07,FL,86,reproduktif,4.511903622388926,7.176096377611072,4.57,0.9180963776110729,0.0,0.0
PTK-07,FL,87,reproduktif,3.532903622388927,5.488096377611074,5.549,0.9180963776110729,0.0,0.0
PTK-07,FL,88,reproduktif,3.244903622388927,6.467096377611073,5.837,0.9180963776110729,0.0,0.0
PTK-07,FL,89,reproduktif,3.1249036223889277,6.755096377611073,5.957,0.9180963776110729,0.0,0.0
PTK-07,FL,90,reproduktif,3.3869036223889264,6.875096377611072,5.695,0.9180963776110729,0.0,0.0
PTK-07,FL,91,pemasakan,-2.2900467723143825,0.0,5.366,0.31095039470330943,0.0,0.0
PTK-07,FL,92,pemasakan,3.2629036223889276,12.290046772314383,5.819,0.9180963776110729,0.0,0.0
PTK-07,FL,93,pemasakan,-3.338662377232004,0.0,6.302,0.2995659996209322,0.0,0.0
PTK-07,FL,94,pemasakan,3.1619036223889267,13.338662377232005,5.92,0.9180963776110729,0.0,0.0
PTK-07,FL,95,pemasakan,-3.565389603818134,0.0,6.437,0.29029322620706033,0.0,0.0
PTK-07,FL,96,pemasakan,-4.744929099306582,0.0,4.958,0.021539495488446983,0.0,3.8
PTK-07,FL,97,pemasakan,4.6399036223889265,10.94492909930658,4.442,0.9180963776110729,0.0,3.8
PTK-07,FL,98,pemasakan,-0.5820842484290507,0.0,4.796,0.4259878708179769,0.0,0.0
PTK-07,FL,99,pemasakan,3.332903622388928,10.582084248429052,5.749,0.9180963776110729,0.0,0.0
PTK-07,FL,100,pemasakan,-2.620089051875282,0.0,5.647,0.3059926742642098,0.0,0.0
PTK-07,FL,101,pemasakan,2.978903622388927,12.620089051875283,6.103,0.9180963776110729,0.0,0.0
PTK-07,FL,102,pemasakan,-2.787588440107851,0.0,5.493,0.2734920624967777,0.0,0.0
PTK-07,FL,103,pemasakan,2.6289036223889273,12.78758844010785,6.453,0.9180963776110729,0.0,0.0
PTK-07,FL,104,pemasakan,-2.9204550668914626,0.0,5.308,0.2413586892803902,0.0,0.0
PTK-07,FL,105,pemasakan,3.189903622388927,12.920455066891464,5.892,0.9180963776110729,0.0,0.0
PTK-07,FL,106,pemasakan,-2.822960273675444,0.0,5.72,0.29286389606437135,0.0,0.0
PTK-07,FL,107,pemasakan,3.0919036223889265,12.822960273675445,5.99,0.9180963776110729,0.0,0.0
PTK-07,FL,108,pemasakan,-3.233962929174856,0.0,6.042,0.28386655156378277,0.0,0.0
PTK-07,FL,109,pemasakan,2.0529036223889268,13.233962929174856,7.029,0.9180963776110729,0.0,0.0
PTK-07,FL,110,pemasakan,-2.8135727155410653,0.0,4.678,0.18847633792999235,0.0,0.0
PTK-07,SRI,1,awal,14.266807244777855,0.0,3.897,1.8361927552221458,0.0,0.0
PTK-07,SRI,2,awal,9.868976839627258,0.0,3.088,1.309830405150596,0.0,0.0
PTK-07,SRI,3,awal,8.548023628953331,0.0,2.867,1.1539532106739256,0.0,2.7
PTK-07,SRI,4,awal,11.270022320349657,0.0,3.123,1.4550013086036744,0.0,7.3
PTK-07,SRI,5,awal,7.386325653558761,0.0,2.849,1.034696666790896,0.0,0.0
PTK-07,SRI,6,awal,9.416427125472758,0.0,3.195,1.2748985280860012,0.0,6.5
PTK-07,SRI,7,awal,7.406736796765911,0.0,2.235,0.9746903287068474,0.0,1.2
PTK-07,SRI,8,awal,34.05492314568977,0.0,3.187,3.7648136510761474,0.0,33.6
PTK-07,SRI,9,awal,40.0,0.0,2.317,7.056022654163518,27.481900491526247,42.8
PTK-07,SRI,10,awal,31.996614489555707,0.0,4.331,3.6723855104442915,0.0,0.0
PTK-07,SRI,11,awal,29.253949917956703,0.0,2.348,3.1946645715990067,0.0,2.8
PTK-07,SRI,12,awal,24.0947934453553,0.0,2.655,2.7041564726014005,0.0,0.2
PTK-07,SRI,13,awal,18.68865918720853,0.0,3.194,2.2121342581467722,0.0,0.0
PTK-07,SRI,14,awal,13.211860156990124,0.0,3.761,1.7157990302184047,0.0,0.0
PTK-07,SRI,15,awal,7.761884061826454,0.0,4.237,1.2129760951636692,0.0,0.0
PTK-07,SRI,16,awal,4.027268297766456,0.0,3.022,0.7126157640599988,0.0,0.0
PTK-07,SRI,17,awal,-0.4694737458182727,0.0,4.127,0.3697420435847295,0.0,0.0
PTK-07,SRI,18,awal,6.141903622388927,10.469473745818274,2.94,0.9180963776110729,0.0,0.0
PTK-07,SRI,19,awal,1.0340176756537671,0.0,4.544,0.5638859467351601,0.0,0.0
PTK-07,SRI,20,awal,-1.691543786571584,0.0,3.448,0.17756146222535105,0.0,0.9
PTK-07,SRI,21,pertumbuhan,-7.886975092838159,0.0,3.992,2.203431306266575,0.0,0.0
PTK-07,SRI,22,pertumbuhan,-13.765406399104734,0.0,3.675,2.203431306266575,0.0,0.0
PTK-07,SRI,23,pertumbuhan,-21.024837705371308,0.0,5.056,2.203431306266575,0.0,0.0
PTK-07,SRI,24,pertumbuhan,5.567903622388927,31.024837705371308,3.514,0.9180963776110729,0.0,0.0
PTK-07,SRI,25,pertumbuhan,2.2187164077286425,0.0,2.838,0.5111872146602845,0.0,0.0
PTK-07,SRI,26,pertumbuhan,-1.9119831419595492,0.0,3.927,0.2036995496881919,0.0,0.0
PTK-07,SRI,27,pertumbuhan,-7.785414448226124,0.0,3.67,2.203431306266575,0.0,0.0
PTK-07,SRI,28,pertumbuhan,-13.325845754492699,0.0,3.337,2.203431306266575,0.0,0.0
PTK-07,SRI,29,pertumbuhan,-19.295277060759275,0.0,3.766,2.203431306266575,0.0,0.0
PTK-07,SRI,30,pertumbuhan,-25.42170836702585,0.0,3.923,2.203431306266575,0.0,0.0
PTK-07,SRI,31,pertumbuhan,5.875903622388927,35.42170836702585,3.206,0.9180963776110729,0.0,0.0
PTK-07,SRI,32,pertumbuhan,1.259439039298222,0.0,4.077,0.5394645830907056,0.0,0.0
PTK-07,SRI,33,pertumbuhan,-3.439189602681945,0.0,4.583,0.11562864198016673,0.0,0.0
PTK-07,SRI,34,pertumbuhan,-8.203620908948519,0.0,2.661,2.203431306266575,0.0,0.1
PTK-07,SRI,35,pertumbuhan,-14.542052215215094,0.0,4.135,2.203431306266575,0.0,0.0
PTK-07,SRI,36,pertumbuhan,1.4796746119686564,0.0,3.568,0.5102731728162511,0.0,20.1
PTK-07,SRI,37,pertumbuhan,-2.316173778160493,0.0,3.66,0.13584839012914932,0.0,0.0
PTK-07,SRI,38,pertumbuhan,-8.402605084427067,0.0,3.883,2.203431306266575,0.0,0.0
PTK-07,SRI,39,pertumbuhan,-15.354036390693643,0.0,4.748,2.203431306266575,0.0,0.0
PTK-07,SRI,40,pertumbuhan,-22.09746769696022,0.0,4.54,2.203431306266575,0.0,0.0
PTK-07,SRI,41,pertumbuhan,4.934903622388926,32.09746769696022,4.147,0.9180963776110729,0.0,0.0
PTK-07,SRI,42,pertumbuhan,0.6468319084314231,0.0,3.835,0.4530717139575035,0.0,0.0
PTK-07,SRI,43,pertumbuhan,-1.8036392774306558,0.0,2.936,0.11447118586207906,0.0,0.6
PTK-07,SRI,44,pertumbuhan,-0.31854370773246465,0.0,3.948,0.36690443030180847,0.0,5.8
PTK-07,SRI,45,pertumbuhan,40.0,0.0,3.015,5.286532643950114,9.279923648317421,57.9
PTK-07,SRI,46,pertumbuhan,31.685614489555707,0.0,4.642,3.6723855104442915,0.0,0.0
PTK-07,SRI,47,pertumbuhan,24.084569701031505,0.0,4.692,2.9090447885242017,0.0,0.0
PTK-07,SRI,48,pertumbuhan,17.440374081147663,0.0,4.433,2.2111956198838425,0.0,0.0
PTK-07,SRI,49,pertumbuhan,11.281179654339292,0.0,4.558,1.6011944268083713,0.0,0.0
PTK-07,SRI,50,pertumbuhan,5.818458636756429,0.0,4.427,1.035721017582864,0.0,0.0
PTK-07,SRI,51,reproduktif,3.8096487814656204,0.0,3.291,0.7178098552908084,0.0,2.0
PTK-07,SRI,52,reproduktif,-0.791113693157782,0.0,4.251,0.3497624746234024,0.0,0.0
PTK-07,SRI,53,reproduktif,-5.534687172857713,0.0,3.091,1.6525734796999312,0.0,0.0
PTK-07,SRI,54,reproduktif,-11.364260652557643,0.0,4.177,1.6525734796999312,0.0,0.0
PTK-07,SRI,55,reproduktif,-4.997834132257574,0.0,3.281,1.6525734796999312,0.0,11.3
PTK-07,SRI,56,reproduktif,-10.944407611957505,0.0,4.294,1.6525734796999312,0.0,0.0
PTK-07,SRI,57,reproduktif,-17.794981091657437,0.0,5.198,1.6525734796999312,0.0,0.0
PTK-07,SRI,58,reproduktif,-23.96355457135737,0.0,4.516,1.6525734796999312,0.0,0.0
PTK-07,SRI,59,reproduktif,-29.7431280510573,0.0,4.127,1.6525734796999312,0.0,0.0
PTK-07,SRI,60,reproduktif,-23.06970153075723,0.0,4.074,1.6525734796999312,0.0,12.4
PTK-07,SRI,61,reproduktif,-28.56427501045716,0.0,3.842,1.6525734796999312,0.0,0.0
PTK-07,SRI,62,reproduktif,0.7549518111944638,33.56427501045716,3.786,0.45904818880553644,0.0,0.0
PTK-07,SRI,63,reproduktif,-4.127360041118392,0.0,4.813,0.06931185231285558,0.0,0.0
PTK-07,SRI,64,reproduktif,-10.615933520818324,0.0,4.836,1.6525734796999312,0.0,0.0
PTK-07,SRI,65,reproduktif,-17.657507000518255,0.0,5.389,1.6525734796999312,0.0,0.0
PTK-07,SRI,66,reproduktif,-24.054080480218186,0.0,4.744,1.6525734796999312,0.0,0.0
PTK-07,SRI,67,reproduktif,-29.75665395991812,0.0,4.05,1.6525734796999312,0.0,0.0
PTK-07,SRI,68,reproduktif,-0.5510481888055363,34.75665395991812,5.092,0.45904818880553644,0.0,0.0
PTK-07,SRI,69,reproduktif,-7.538621668505467,0.0,5.335,1.6525734796999312,0.0,0.0
PTK-07,SRI,70,reproduktif,-13.741195148205398,0.0,4.55,1.6525734796999312,0.0,0.0
PTK-07,SRI,71,reproduktif,-21.56676862790533,0.0,6.173,1.6525734796999312,0.0,0.0
PTK-07,SRI,72,reproduktif,-28.31134210760526,0.0,5.092,1.6525734796999312,0.0,0.0
PTK-07,SRI,73,reproduktif,-1.032048188805537,33.311342107605256,5.573,0.45904818880553644,0.0,0.0
PTK-07,SRI,74,reproduktif,-8.38362166850547,0.0,5.699,1.6525734796999312,0.0,0.0
PTK-07,SRI,75,reproduktif,-15.4951951482054,0.0,5.459,1.6525734796999312,0.0,0.0
PTK-07,SRI,76,reproduktif,-22.12376862790533,0.0,4.976,1.6525734796999312,0.0,0.0
PTK-07,SRI,77,reproduktif,-29.095342107605262,0.0,5.319,1.6525734796999312,0.0,0.0
PTK-07,SRI,78,reproduktif,-0.633048188805537,34.09534210760526,5.174,0.45904818880553644,0.0,0.0
PTK-07,SRI,79,reproduktif,-7.320621668505469,0.0,5.035,1.6525734796999312,0.0,0.0
PTK-07,SRI,80,reproduktif,-13.6691951482054,0.0,4.696,1.6525734796999312,0.0,0.0
PTK-07,SRI,81,reproduktif,-20.90976862790533,0.0,5.588,1.6525734796999312,0.0,0.0
PTK-07,SRI,82,reproduktif,-27.53234210760526,0.0,4.97,1.6525734796999312,0.0,0.0
PTK-07,SRI,83,reproduktif,-0.4880481888055366,32.53234210760526,5.029,0.45904818880553644,0.0,0.0
PTK-07,SRI,84,reproduktif,-7.5746216685054675,0.0,5.434,1.6525734796999312,0.0,0.0
PTK-07,SRI,85,reproduktif,-15.083195148205398,0.0,5.856,1.6525734796999312,0.0,0.0
PTK-07,SRI,86,reproduktif,-21.01276862790533,0.0,4.277,1.6525734796999312,0.0,0.0
PTK-07,SRI,87,reproduktif,-27.85834210760526,0.0,5.193,1.6525734796999312,0.0,0.0
PTK-07,SRI,88,reproduktif,-0.9210481888055364,32.85834210760526,5.462,0.45904818880553644,0.0,0.0
PTK-07,SRI,89,reproduktif,-8.147621668505469,0.0,5.574,1.6525734796999312,0.0,0.0
PTK-07,SRI,90,reproduktif,-15.1291951482054,0.0,5.329,1.6525734796999312,0.0,0.0
PTK-07,SRI,91,pemasakan,-22.09576862790533,0.0,5.314,1.6525734796999312,0.0,0.0
PTK-07,SRI,92,pemasakan,-29.51234210760526,0.0,5.764,1.6525734796999312,0.0,0.0
PTK-07,SRI,93,pemasakan,-37.40691558730519,0.0,6.242,1.6525734796999312,0.0,0.0
PTK-07,SRI,94,pemasakan,-7.516573479699931,37.40691558730519,5.864,1.6525734796999312,0.0,0.0
PTK-07,SRI,95,pemasakan,-15.544146959399862,0.0,6.375,1.6525734796999312,0.0,0.0
PTK-07,SRI,96,pemasakan,-18.307720439099796,0.0,4.911,1.6525734796999312,0.0,3.8
PTK-07,SRI,97,pemasakan,-20.559293918799725,0.0,4.399,1.6525734796999312,0.0,3.8
PTK-07,SRI,98,pemasakan,-26.962867398499654,0.0,4.751,1.6525734796999312,0.0,0.0
PTK-07,SRI,99,pemasakan,-34.30944087819958,0.0,5.694,1.6525734796999312,0.0,0.0
PTK-07,SRI,100,pemasakan,-7.245573479699932,34.30944087819958,5.593,1.6525734796999312,0.0,0.0
PTK-07,SRI,101,pemasakan,-14.942146959399862,0.0,6.044,1.6525734796999312,0.0,0.0
PTK-07,SRI,102,pemasakan,-22.034720439099793,0.0,5.44,1.6525734796999312,0.0,0.0
PTK-07,SRI,103,pemasakan,-30.079293918799724,0.0,6.392,1.6525734796999312,0.0,0.0
PTK-07,SRI,104,pemasakan,-6.909573479699931,30.079293918799724,5.257,1.6525734796999312,0.0,0.0
PTK-07,SRI,105,pemasakan,-14.397146959399862,0.0,5.835,1.6525734796999312,0.0,0.0
PTK-07,SRI,106,pemasakan,-21.715720439099794,0.0,5.666,1.6525734796999312,0.0,0.0
PTK-07,SRI,107,pemasakan,-29.301293918799725,0.0,5.933,1.6525734796999312,0.0,0.0
PTK-07,SRI,108,pemasakan,-36.937867398499655,0.0,5.984,1.6525734796999312,0.0,0.0
PTK-07,SRI,109,pemasakan,-8.614573479699931,36.937867398499655,6.962,1.6525734796999312,0.0,0.0
PTK-07,SRI,110,pemasakan,-14.900146959399862,0.0,4.633,1.6525734796999312,0.0,0.0
PTK-08,FL,1,awal,14.825193127426672,0.0,3.936,1.2388068725733277,0.0,0.0
PTK-08,FL,2,awal,10.78791557075252,0.0,3.119,0.9182775566741513,0.0,0.0
PTK-08,FL,3,awal,9.756469445465669,0.0,2.896,0.835446125286851,0.0,2.7
PTK-08,FL,4,awal,12.845985866921676,0.0,3.154,1.0564835785439923,0.0,7.3
PTK-08,FL,5,awal,9.173301088075556,0.0,2.877,0.7956847788461204,0.0,0.0
PTK-08,FL,6,awal,11.475491432884606,0.0,3.227,0.9708096551909506,0.0,6.5
PTK-08,FL,7,awal,9.633367137869516,0.0,2.257,0.7851242950150893,0.0,1.2
PTK-08,FL,8,awal,37.33647752112559,0.0,3.219,2.677889616743931,0.0,33.6
PTK-08,FL,9,awal,50.0,0.0,2.34,4.963680954849418,22.832796566276173,42.8
PTK-08,FL,10,awal,42.52898281856668,0.0,4.374,3.097017181433319,0.0,0.0
PTK-08,FL,11,awal,40.15029004644674,0.0,2.371,2.8076927721199345,0.0,2.8
PTK-08,FL,12,awal,35.168979215453476,0.0,2.682,2.4993108309932683,0.0,0.2
PTK-08,FL,13,awal,29.764600557778863,0.0,3.226,2.1783786576746142,0.0,0.0
PTK-08,FL,14,awal,24.121970971260044,0.0,3.799,1.843629586518818,0.0,0.0
PTK-08,FL,15,awal,18.34884780029948,0.0,4.279,1.4941231709605625,0.0,0.0
PTK-08,FL,16,awal,14.160313862358832,0.0,3.052,1.1365339379406492,0.0,0.0
PTK-08,FL,17,awal,9.115219155834557,0.0,4.168,0.8770947065242741,0.0,0.0
PTK-08,FL,18,awal,15.792193127426673,10.884780844165443,2.969,1.2388068725733277,0.0,0.0
PTK-08,FL,19,awal,10.2250192584636,0.0,4.589,0.9781738689630718,0.0,0.0
PTK-08,FL,20,awal,6.953931742718834,0.0,3.482,0.6890875157447667,0.0,0.9
PTK-08,FL,21,pertumbuhan,14.520193127426673,13.046068257281167,4.241,1.2388068725733277,0.0,0.0
PTK-08,FL,22,pertumbuhan,9.715807375559265,0.0,3.905,0.8993857518674081,0.0,0.0
PTK-08,FL,23,pertumbuhan,13.389193127426672,10.284192624440735,5.372,1.2388068725733277,0.0,0.0
PTK-08,FL,24,pertumbuhan,8.826861904203286,0.0,3.733,0.8293312232233865,0.0,0.0
PTK-08,FL,25,pertumbuhan,15.746193127426672,11.173138095796714,3.015,1.2388068725733277,0.0,0.0
PTK-08,FL,26,pertumbuhan,10.59786851427052,0.0,4.173,0.975324613156153,0.0,0.0
PTK-08,FL,27,pertumbuhan,6.042432896765179,0.0,3.899,0.6564356175053401,0.0,0.0
PTK-08,FL,28,pertumbuhan,15.215193127426673,13.95756710323482,3.546,1.2388068725733277,0.0,0.0
PTK-08,FL,29,pertumbuhan,10.271758836737341,0.0,4.001,0.9424342906893313,0.0,0.0
PTK-08,FL,30,pertumbuhan,5.467522564719039,0.0,4.168,0.6362362720183014,0.0,0.0
PTK-08,FL,31,pertumbuhan,15.354193127426672,14.53247743528096,3.407,1.2388068725733277,0.0,0.0
PTK-08,FL,32,pertumbuhan,10.071149128972957,0.0,4.332,0.9510439984537159,0.0,0.0
PTK-08,FL,33,pertumbuhan,4.5783386911888275,0.0,4.869,0.6238104377841291,0.0,0.0
PTK-08,FL,34,pertumbuhan,15.934193127426672,15.321661308811173,2.827,1.2388068725733277,0.0,0.1
PTK-08,FL,35,pertumbuhan,10.55422372966833,0.0,4.393,0.9869693977583424,0.0,0.0
PTK-08,FL,36,pertumbuhan,24.964490578182655,0.0,3.791,1.8987331514856758,0.0,20.1
PTK-08,FL,37,pertumbuhan,19.530181453255416,0.0,3.888,1.546309124927238,0.0,0.0
PTK-08,FL,38,pertumbuhan,14.194475302910568,0.0,4.126,1.2097061503448474,0.0,0.0
PTK-08,FL,39,pertumbuhan,8.270264625019669,0.0,5.045,0.879210677890899,0.0,0.0
PTK-08,FL,40,pertumbuhan,13.937193127426672,11.729735374980331,4.824,1.2388068725733277,0.0,0.0
PTK-08,FL,41,pertumbuhan,8.667918595894777,0.0,4.406,0.8632745315318956,0.0,0.0
PTK-08,FL,42,pertumbuhan,14.686193127426673,11.332081404105223,4.075,1.2388068725733277,0.0,0.0
PTK-08,FL,43,pertumbuhan,11.220361072339706,0.0,3.119,0.9468320550869666,0.0,0.6
PTK-08,FL,44,pertumbuhan,11.772114058835008,0.0,4.194,1.0542470135046982,0.0,5.8
PTK-08,FL,45,pertumbuhan,50.0,0.0,3.204,4.3155146861398785,12.152599372695128,57.9
PTK-08,FL,46,pertumbuhan,41.97098281856668,0.0,4.932,3.097017181433319,0.0,0.0
PTK-08,FL,47,pertumbuhan,34.38528572035181,0.0,4.986,2.599697098214873,0.0,0.0
PTK-08,FL,48,pertumbuhan,27.545449307063343,0.0,4.71,2.1298364132884666,0.0,0.0
PTK-08,FL,49,pertumbuhan,20.99627471157783,0.0,4.843,1.7061745954855139,0.0,0.0
PTK-08,FL,50,pertumbuhan,14.99275824102082,0.0,4.703,1.300516470557009,0.0,0.0
PTK-08,FL,51,reproduktif,12.424220956373137,0.0,3.516,1.0525372846476821,0.0,2.0
PTK-08,FL,52,reproduktif,7.111660441016907,0.0,4.543,0.7695605153562303,0.0,0.0
PTK-08,FL,53,reproduktif,3.3681617495299268,0.0,3.303,0.44049869148698034,0.0,0.0
PTK-08,FL,54,reproduktif,4.916596563713336,6.631838250470073,4.464,0.6194034362866638,0.0,0.0
PTK-08,FL,55,reproduktif,11.705135000069482,0.0,3.507,1.0044615636438547,0.0,11.3
PTK-08,FL,56,reproduktif,6.3911149159452485,0.0,4.589,0.7250200841242337,0.0,0.0
PTK-08,FL,57,reproduktif,0.4402470618813048,0.0,5.555,0.395867854063944,0.0,0.0
PTK-08,FL,58,reproduktif,4.555596563713336,9.559752938118695,4.825,0.6194034362866638,0.0,0.0
PTK-08,FL,59,reproduktif,4.970596563713336,5.444403436286664,4.41,0.6194034362866638,0.0,0.0
PTK-08,FL,60,reproduktif,11.941655843522,0.0,4.353,1.0759407201913354,0.0,12.4
PTK-08,FL,61,reproduktif,7.0959855770789755,0.0,4.106,0.7396702664430246,0.0,0.0
PTK-08,FL,62,reproduktif,2.610457792050643,0.0,4.046,0.4395277850283323,0.0,0.0
PTK-08,FL,63,reproduktif,4.236596563713336,7.389542207949357,5.144,0.6194034362866638,0.0,0.0
PTK-08,FL,64,reproduktif,4.212596563713336,5.763403436286664,5.168,0.6194034362866638,0.0,0.0
PTK-08,FL,65,reproduktif,3.622596563713336,5.787403436286664,5.758,0.6194034362866638,0.0,0.0
PTK-08,FL,66,reproduktif,4.310596563713336,6.377403436286664,5.07,0.6194034362866638,0.0,0.0
PTK-08,FL,67,reproduktif,5.052596563713336,5.689403436286664,4.328,0.6194034362866638,0.0,0.0
PTK-08,FL,68,reproduktif,-0.7013630036600871,0.0,5.441,0.312959567373423,0.0,0.0
PTK-08,FL,69,reproduktif,3.6795965637133365,10.701363003660088,5.701,0.6194034362866638,0.0,0.0
PTK-08,FL,70,reproduktif,4.518596563713336,6.3204034362866635,4.862,0.6194034362866638,0.0,0.0
PTK-08,FL,71,reproduktif,2.7835965637133357,5.481403436286664,6.597,0.6194034362866638,0.0,0.0
PTK-08,FL,72,reproduktif,3.9395965637133363,7.216403436286664,5.441,0.6194034362866638,0.0,0.0
PTK-08,FL,73,reproduktif,3.4245965637133358,6.060403436286664,5.956,0.6194034362866638,0.0,0.0
PTK-08,FL,74,reproduktif,3.2905965637133363,6.575403436286664,6.09,0.6194034362866638,0.0,0.0
PTK-08,FL,75,reproduktif,3.5465965637133365,6.709403436286664,5.834,0.6194034362866638,0.0,0.0
PTK-08,FL,76,reproduktif,4.063596563713336,6.4534034362866635,5.317,0.6194034362866638,0.0,0.0
PTK-08,FL,77,reproduktif,3.696596563713336,5.936403436286664,5.684,0.6194034362866638,0.0,0.0
PTK-08,FL,78,reproduktif,3.850596563713336,6.303403436286664,5.53,0.6194034362866638,0.0,0.0
PTK-08,FL,79,reproduktif,4.000596563713336,6.149403436286664,5.38,0.6194034362866638,0.0,0.0
PTK-08,FL,80,reproduktif,4.362596563713336,5.999403436286664,5.018,0.6194034362866638,0.0,0.0
PTK-08,FL,81,reproduktif,3.409596563713336,5.637403436286664,5.971,0.6194034362866638,0.0,0.0
PTK-08,FL,82,reproduktif,4.068596563713336,6.590403436286664,5.312,0.6194034362866638,0.0,0.0
PTK-08,FL,83,reproduktif,4.0065965637133365,5.931403436286664,5.374,0.6194034362866638,0.0,0.0
PTK-08,FL,84,reproduktif,3.574596563713336,5.9934034362866635,5.806,0.6194034362866638,0.0,0.0
PTK-08,FL,85,reproduktif,3.122596563713336,6.425403436286664,6.258,0.6194034362866638,0.0,0.0
PTK-08,FL,86,reproduktif,4.810596563713336,6.877403436286664,4.57,0.6194034362866638,0.0,0.0
PTK-08,FL,87,reproduktif,3.831596563713336,5.189403436286664,5.549,0.6194034362866638,0.0,0.0
PTK-08,FL,88,reproduktif,3.5435965637133364,6.168403436286664,5.837,0.6194034362866638,0.0,0.0
PTK-08,FL,89,reproduktif,3.4235965637133363,6.456403436286664,5.957,0.6194034362866638,0.0,0.0
PTK-08,FL,90,reproduktif,3.685596563713336,6.576403436286664,5.695,0.6194034362866638,0.0,0.0
PTK-08,FL,91,pemasakan,-1.9086905539196994,0.0,5.366,0.22828711763303605,0.0,0.0
PTK-08,FL,92,pemasakan,3.561596563713336,11.9086905539197,5.819,0.6194034362866638,0.0,0.0
PTK-08,FL,93,pemasakan,-2.9610099513097445,0.0,6.302,0.22060651502308143,0.0,0.0
PTK-08,FL,94,pemasakan,3.4605965637133362,12.961009951309745,5.92,0.6194034362866638,0.0,0.0
PTK-08,FL,95,pemasakan,-3.1907539766032498,0.0,6.437,0.21435054031658612,0.0,0.0
PTK-08,FL,96,pemasakan,-4.386490884646843,0.0,4.958,0.03773690804359322,0.0,3.8
PTK-08,FL,97,pemasakan,4.938596563713336,10.586490884646842,4.442,0.6194034362866638,0.0,3.8
PTK-08,FL,98,pemasakan,-0.1633018044864194,0.0,4.796,0.305898368199755,0.0,0.0
PTK-08,FL,99,pemasakan,3.6315965637133365,10.16330180448642,5.749,0.6194034362866638,0.0,0.0
PTK-08,FL,100,pemasakan,-2.2403457753637515,0.0,5.647,0.2249423390770881,0.0,0.0
PTK-08,FL,101,pemasakan,3.2775965637133364,12.240345775363751,6.103,0.6194034362866638,0.0,0.0
PTK-08,FL,102,pemasakan,-2.4184188937192044,0.0,5.493,0.20301545743254018,0.0,0.0
PTK-08,FL,103,pemasakan,2.927596563713336,12.418418893719204,6.453,0.6194034362866638,0.0,0.0
PTK-08,FL,104,pemasakan,-2.5617397734491707,0.0,5.308,0.18133633716250694,0.0,0.0
PTK-08,FL,105,pemasakan,3.488596563713336,12.56173977344917,5.892,0.6194034362866638,0.0,0.0
PTK-08,FL,106,pemasakan,-2.4474883062248525,0.0,5.72,0.21608486993818876,0.0,0.0
PTK-08,FL,107,pemasakan,3.390596563713336,12.447488306224852,5.99,0.6194034362866638,0.0,0.0
PTK-08,FL,108,pemasakan,-2.861418152549243,0.0,6.042,0.21001471626257948,0.0,0.0
PTK-08,FL,109,pemasakan,2.3515965637133363,12.861418152549243,7.029,0.6194034362866638,0.0,0.0
PTK-08,FL,110,pemasakan,-2.4720621355190584,0.0,4.678,0.1456586992323951,0.0,0.0
PTK-08,SRI,1,awal,14.864193127426672,0.0,3.897,1.2388068725733277,0.0,0.0
PTK-08,SRI,2,awal,10.855499897351002,0.0,3.088,0.9206932300756693,0.0,0.0
PTK-08,SRI,3,awal,9.84886757565073,0.0,2.867,0.8396323217002729,0.0,2.7
PTK-08,SRI,4,awal,12.963660825172429,0.0,3.123,1.0622067504783013,0.0,7.3
PTK-08,SRI,5,awal,9.311687218975768,0.0,2.849,0.802973606196661,0.0,0.0
PTK-08,SRI,6,awal,11.637305879283417,0.0,3.195,0.9793813396923514,0.0,6.5
PTK-08,SRI,7,awal,9.807158741854302,0.0,2.235,0.7951471374291141,0.0,1.2
PTK-08,SRI,8,awal,37.53150441343978,0.0,3.187,2.6886543284145255,0.0,33.6
PTK-08,SRI,9,awal,40.0,0.0,2.317,4.97576098757619,33.038743425863586,42.8
PTK-08,SRI,10,awal,33.19138625485334,0.0,4.331,2.4776137451466553,0.0,0.0
PTK-08,SRI,11,awal,31.41406742255566,0.0,2.348,2.229318832297676,0.0,2.8
PTK-08,SRI,12,awal,27.000881222902734,0.0,2.655,1.958186199652925,0.0,0.2
PTK-08,SRI,13,awal,22.134437361679332,0.0,3.194,1.6724438612234012,0.0,0.0
PTK-08,SRI,14,awal,17.002422705469723,0.0,3.761,1.3710146562096095,0.0,0.0
PTK-08,SRI,15,awal,11.71228680057309,0.0,4.237,1.0531359048966342,0.0,0.0
PTK-08,SRI,16,awal,7.964823731468099,0.0,3.022,0.7254630691049907,0.0,0.0
PTK-08,SRI,17,awal,3.344479812599209,0.0,4.127,0.4933439188688909,0.0,0.0
PTK-08,SRI,18,awal,0.1973215837476765,0.0,2.94,0.20715822885153276,0.0,0.0
PTK-08,SRI,19,awal,-4.358900582955007,0.0,4.544,0.012222166702683755,0.0,0.0
PTK-08,SRI,20,awal,5.932596563713336,13.458900582955007,3.448,0.6194034362866638,0.0,0.9
PTK-08,SRI,21,pertumbuhan,1.573129493946686,0.0,3.992,0.3674670697666494,0.0,0.0
PTK-08,SRI,22,pertumbuhan,-2.1993106874807618,0.0,3.675,0.09744018142744779,0.0,0.0
PTK-08,SRI,23,pertumbuhan,-8.741878934568755,0.0,5.056,1.486568247087993,0.0,0.0
PTK-08,SRI,24,pertumbuhan,-13.742447181656747,0.0,3.514,1.486568247087993,0.0,0.0
PTK-08,SRI,25,pertumbuhan,-18.06701542874474,0.0,2.838,1.486568247087993,0.0,0.0
PTK-08,SRI,26,pertumbuhan,-23.480583675832733,0.0,3.927,1.486568247087993,0.0,0.0
PTK-08,SRI,27,pertumbuhan,5.710596563713336,33.48058367583273,3.67,0.6194034362866638,0.0,0.0
PTK-08,SRI,28,pertumbuhan,2.0198802502322506,0.0,3.337,0.3537163134810855,0.0,0.0
PTK-08,SRI,29,pertumbuhan,-1.8712318265558916,0.0,3.766,0.12511207678814223,0.0,0.0
PTK-08,SRI,30,pertumbuhan,-7.280800073643885,0.0,3.923,1.486568247087993,0.0,0.0
PTK-08,SRI,31,pertumbuhan,-11.973368320731879,0.0,3.206,1.486568247087993,0.0,0.0
PTK-08,SRI,32,pertumbuhan,-17.536936567819872,0.0,4.077,1.486568247087993,0.0,0.0
PTK-08,SRI,33,pertumbuhan,-23.606504814907865,0.0,4.583,1.486568247087993,0.0,0.0
PTK-08,SRI,34,pertumbuhan,6.719596563713337,33.50650481490786,2.661,0.6194034362866638,0.0,0.1
PTK-08,SRI,35,pertumbuhan,2.168382443510927,0.0,4.135,0.4162141202024099,0.0,0.0
PTK-08,SRI,36,pertumbuhan,17.3210711829053,0.0,3.568,1.3793112606056286,0.0,20.1
PTK-08,SRI,37,pertumbuhan,12.588198081819554,0.0,3.66,1.0728731010857453,0.0,0.0
PTK-08,SRI,38,pertumbuhan,7.925480766965932,0.0,3.883,0.7797173148536222,0.0,0.0
PTK-08,SRI,39,pertumbuhan,2.686573764837676,0.0,4.748,0.4909070021282562,0.0,0.0
PTK-08,SRI,40,pertumbuhan,-2.01983353734013,0.0,4.54,0.1664073021778056,0.0,0.0
PTK-08,SRI,41,pertumbuhan,-7.653401784428123,0.0,4.147,1.486568247087993,0.0,0.0
PTK-08,SRI,42,pertumbuhan,-12.974970031516115,0.0,3.835,1.486568247087993,0.0,0.0
PTK-08,SRI,43,pertumbuhan,-16.797538278604108,0.0,2.936,1.486568247087993,0.0,0.6
PTK-08,SRI,44,pertumbuhan,-16.4321065256921,0.0,3.948,1.486568247087993,0.0,5.8
PTK-08,SRI,45,pertumbuhan,35.88435790295234,0.0,3.015,2.5685355713555635,0.0,57.9
PTK-08,SRI,46,pertumbuhan,29.01966844354942,0.0,4.642,2.2226894594029183,0.0,0.0
PTK-08,SRI,47,pertumbuhan,22.530180208166,0.0,4.692,1.7974882353834174,0.0,0.0
PTK-08,SRI,48,pertumbuhan,16.70165310405642,0.0,4.433,1.3955271041095805,0.0,0.0
PTK-08,SRI,49,pertumbuhan,11.109146971624382,0.0,4.558,1.0345061324320373,0.0,0.0
PTK-08,SRI,50,pertumbuhan,5.99404259078061,0.0,4.427,0.6881043808437728,0.0,0.0
PTK-08,SRI,51,reproduktif,4.207888845725464,0.0,3.291,0.4951537450551455,0.0,2.0
PTK-08,SRI,52,reproduktif,-0.3037492353300033,0.0,4.251,0.2606380810554676,0.0,0.0
PTK-08,SRI,53,reproduktif,-4.509675420645999,0.0,3.091,1.1149261853159949,0.0,0.0
PTK-08,SRI,54,reproduktif,-9.801601605961993,0.0,4.177,1.1149261853159949,0.0,0.0
PTK-08,SRI,55,reproduktif,-1.8754129173813485,0.0,3.281,0.09281131141935604,0.0,11.3
PTK-08,SRI,56,reproduktif,-7.284339102697343,0.0,4.294,1.1149261853159949,0.0,0.0
PTK-08,SRI,57,reproduktif,-13.59726528801334,0.0,5.198,1.1149261853159949,0.0,0.0
PTK-08,SRI,58,reproduktif,-19.228191473329336,0.0,4.516,1.1149261853159949,0.0,0.0
PTK-08,SRI,59,reproduktif,-24.47011765864533,0.0,4.127,1.1149261853159949,0.0,0.0
PTK-08,SRI,60,reproduktif,-17.259043843961322,0.0,4.074,1.1149261853159949,0.0,12.4
PTK-08,SRI,61,reproduktif,-22.215970029277315,0.0,3.842,1.1149261853159949,0.0,0.0
PTK-08,SRI,62,reproduktif,-27.11689621459331,0.0,3.786,1.1149261853159949,0.0,0.0
PTK-08,SRI,63,reproduktif,-0.12270171814333164,32.11689621459331,4.813,0.3097017181433319,0.0,0.0
PTK-08,SRI,64,reproduktif,-6.073627903459327,0.0,4.836,1.1149261853159949,0.0,0.0
PTK-08,SRI,65,reproduktif,-12.577554088775322,0.0,5.389,1.1149261853159949,0.0,0.0
PTK-08,SRI,66,reproduktif,-18.436480274091316,0.0,4.744,1.1149261853159949,0.0,0.0
PTK-08,SRI,67,reproduktif,-23.60140645940731,0.0,4.05,1.1149261853159949,0.0,0.0
PTK-08,SRI,68,reproduktif,-29.808332644723308,0.0,5.092,1.1149261853159949,0.0,0.0
PTK-08,SRI,69,reproduktif,-0.6447017181433319,34.80833264472331,5.335,0.3097017181433319,0.0,0.0
PTK-08,SRI,70,reproduktif,-6.309627903459327,0.0,4.55,1.1149261853159949,0.0,0.0
PTK-08,SRI,71,reproduktif,-13.597554088775322,0.0,6.173,1.1149261853159949,0.0,0.0
PTK-08,SRI,72,reproduktif,-19.80448027409132,0.0,5.092,1.1149261853159949,0.0,0.0
PTK-08,SRI,73,reproduktif,-26.492406459407313,0.0,5.573,1.1149261853159949,0.0,0.0
PTK-08,SRI,74,reproduktif,-1.0087017181433318,31.492406459407313,5.699,0.3097017181433319,0.0,0.0
PTK-08,SRI,75,reproduktif,-7.5826279034593265,0.0,5.459,1.1149261853159949,0.0,0.0
PTK-08,SRI,76,reproduktif,-13.673554088775322,0.0,4.976,1.1149261853159949,0.0,0.0
PTK-08,SRI,77,reproduktif,-20.107480274091316,0.0,5.319,1.1149261853159949,0.0,0.0
PTK-08,SRI,78,reproduktif,-26.39640645940731,0.0,5.174,1.1149261853159949,0.0,0.0
PTK-08,SRI,79,reproduktif,-0.34470171814333206,31.39640645940731,5.035,0.3097017181433319,0.0,0.0
PTK-08,SRI,80,reproduktif,-6.155627903459327,0.0,4.696,1.1149261853159949,0.0,0.0
PTK-08,SRI,81,reproduktif,-12.858554088775321,0.0,5.588,1.1149261853159949,0.0,0.0
PTK-08,SRI,82,reproduktif,-18.943480274091314,0.0,4.97,1.1149261853159949,0.0,0.0
PTK-08,SRI,83,reproduktif,-25.08740645940731,0.0,5.029,1.1149261853159949,0.0,0.0
PTK-08,SRI,84,reproduktif,-0.7437017181433321,30.08740645940731,5.434,0.3097017181433319,0.0,0.0
PTK-08,SRI,85,reproduktif,-7.714627903459327,0.0,5.856,1.1149261853159949,0.0,0.0
PTK-08,SRI,86,reproduktif,-13.106554088775322,0.0,4.277,1.1149261853159949,0.0,0.0
PTK-08,SRI,87,reproduktif,-19.414480274091318,0.0,5.193,1.1149261853159949,0.0,0.0
PTK-08,SRI,88,reproduktif,-25.99140645940731,0.0,5.462,1.1149261853159949,0.0,0.0
PTK-08,SRI,89,reproduktif,-0.8837017181433318,30.99140645940731,5.574,0.3097017181433319,0.0,0.0
PTK-08,SRI,90,reproduktif,-7.327627903459327,0.0,5.329,1.1149261853159949,0.0,0.0
PTK-08,SRI,91,pemasakan,-13.75655408877532,0.0,5.314,1.1149261853159949,0.0,0.0
PTK-08,SRI,92,pemasakan,-20.635480274091314,0.0,5.764,1.1149261853159949,0.0,0.0
PTK-08,SRI,93,pemasakan,-27.99240645940731,0.0,6.242,1.1149261853159949,0.0,0.0
PTK-08,SRI,94,pemasakan,-34.971332644723304,0.0,5.864,1.1149261853159949,0.0,0.0
PTK-08,SRI,95,pemasakan,-7.489926185315995,34.971332644723304,6.375,1.1149261853159949,0.0,0.0
PTK-08,SRI,96,pemasakan,-9.715852370631989,0.0,4.911,1.1149261853159949,0.0,3.8
PTK-08,SRI,97,pemasakan,-11.429778555947983,0.0,4.399,1.1149261853159949,0.0,3.8
PTK-08,SRI,98,pemasakan,-17.29570474126398,0.0,4.751,1.1149261853159949,0.0,0.0
PTK-08,SRI,99,pemasakan,-24.104630926579972,0.0,5.694,1.1149261853159949,0.0,0.0
PTK-08,SRI,100,pemasakan,-30.812557111895966,0.0,5.593,1.1149261853159949,0.0,0.0
PTK-08,SRI,101,pemasakan,-7.158926185315995,30.812557111895966,6.044,1.1149261853159949,0.0,0.0
PTK-08,SRI,102,pemasakan,-13.71385237063199,0.0,5.44,1.1149261853159949,0.0,0.0
PTK-08,SRI,103,pemasakan,-21.220778555947987,0.0,6.392,1.1149261853159949,0.0,0.0
PTK-08,SRI,104,pemasakan,-27.592704741263983,0.0,5.257,1.1149261853159949,0.0,0.0
PTK-08,SRI,105,pemasakan,-34.542630926579974,0.0,5.835,1.1149261853159949,0.0,0.0
PTK-08,SRI,106,pemasakan,-6.7809261853159954,34.542630926579974,5.666,1.1149261853159949,0.0,0.0
PTK-08,SRI,107,pemasakan,-13.82885237063199,0.0,5.933,1.1149261853159949,0.0,0.0
PTK-08,SRI,108,pemasakan,-20.927778555947985,0.0,5.984,1.1149261853159949,0.0,0.0
PTK-08,SRI,109,pemasakan,-29.00470474126398,0.0,6.962,1.1149261853159949,0.0,0.0
PTK-08,SRI,110,pemasakan,-34.752630926579975,0.0,4.633,1.1149261853159949,0.0,0.0
PTK-09,FL,1,awal,14.727480731344052,0.0,3.936,1.3365192686559493,0.0,0.0
PTK-09,FL,2,awal,10.624302642534024,0.0,3.119,0.9841780888100269,0.0,0.0
PTK-09,FL,3,awal,9.537893281376519,0.0,2.896,0.8904093611575055,0.0,2.7
PTK-09,FL,4,awal,12.558684840669907,0.0,3.154,1.1252084407066134,0.0,7.3
PTK-09,FL,5,awal,8.842438626743272,0.0,2.877,0.839246213926635,0.0,0.0
PTK-09,FL,6,awal,11.090165384102587,0.0,3.227,1.0252732426406852,0.0,6.5
PTK-09,FL,7,awal,9.211863241561513,0.0,2.257,0.8213021425410727,0.0,1.2
PTK-09,FL,8,awal,36.731919234090995,0.0,3.219,2.8609440074705157,0.0,33.6
PTK-09,FL,9,awal,50.0,0.0,2.34,5.314797126477566,21.87712210761343,42.8
PTK-09,FL,10,awal,42.28470182836013,0.0,4.374,3.3412981716398735,0.0,0.0
PTK-09,FL,11,awal,39.70087319259955,0.0,2.371,3.0128286357605707,0.0,2.8
PTK-09,FL,12,awal,34.55245889969421,0.0,2.682,2.6664142929053467,0.0,0.2
PTK-09,FL,13,awal,29.017457544750005,0.0,3.226,2.3090013549442028,0.0,0.0
PTK-09,FL,14,awal,23.279337987951788,0.0,3.799,1.939119556798217,0.0,0.0
PTK-09,FL,15,awal,17.44467379882919,0.0,4.279,1.555664189122599,0.0,0.0
PTK-09,FL,16,awal,13.22691666545155,0.0,3.052,1.1657571333776395,0.0,0.0
PTK-09,FL,17,awal,8.175015216037426,0.0,4.168,0.8839014494141247,0.0,0.0
PTK-09,FL,18,awal,15.69448073134405,11.824984783962574,2.969,1.3365192686559493,0.0,0.0
PTK-09,FL,19,awal,10.056681935894508,0.0,4.589,1.048798795449542,0.0,0.0
PTK-09,FL,20,awal,6.742491109501629,0.0,3.482,0.7321908263928789,0.0,0.9
PTK-09,FL,21,pertumbuhan,14.422480731344052,13.257508890498372,4.241,1.3365192686559493,0.0,0.0
PTK-09,FL,22,pertumbuhan,9.55368456138103,0.0,3.905,0.9637961699630236,0.0,0.0
PTK-09,FL,23,pertumbuhan,13.291480731344052,10.44631543861897,5.372,1.3365192686559493,0.0,0.0
PTK-09,FL,24,pertumbuhan,8.670264726023522,0.0,3.733,0.8882160053205297,0.0,0.0
PTK-09,FL,25,pertumbuhan,15.648480731344051,11.329735273976478,3.015,1.3365192686559493,0.0,0.0
PTK-09,FL,26,pertumbuhan,10.429755930212417,0.0,4.173,1.0457248011316334,0.0,0.0
PTK-09,FL,27,pertumbuhan,5.83377744180704,0.0,3.899,0.6969784884053776,0.0,0.0
PTK-09,FL,28,pertumbuhan,15.11748073134405,14.16622255819296,3.546,1.3365192686559493,0.0,0.0
PTK-09,FL,29,pertumbuhan,10.106240516795232,0.0,4.001,1.0102402145488178,0.0,0.0
PTK-09,FL,30,pertumbuhan,5.262881257576818,0.0,4.168,0.6753592592184143,0.0,0.0
PTK-09,FL,31,pertumbuhan,15.256480731344052,14.737118742423181,3.407,1.3365192686559493,0.0,0.0
PTK-09,FL,32,pertumbuhan,9.904951707878075,0.0,4.332,1.0195290234659768,0.0,0.0
PTK-09,FL,33,pertumbuhan,13.794480731344052,10.095048292121925,4.869,1.3365192686559493,0.0,0.0
PTK-09,FL,34,pertumbuhan,10.138968670073545,0.0,2.827,0.9285120612705066,0.0,0.1
PTK-09,FL,35,pertumbuhan,5.0684223204809316,0.0,4.393,0.677546349592614,0.0,0.0
PTK-09,FL,36,pertumbuhan,19.69551825083127,0.0,3.791,1.6819040696496623,0.0,20.1
PTK-09,FL,37,pertumbuhan,14.491346268411224,0.0,3.888,1.3161719824200455,0.0,0.0
PTK-09,FL,38,pertumbuhan,9.396948092586369,0.0,4.126,0.9683981758248544,0.0,0.0
PTK-09,FL,39,pertumbuhan,13.61848073134405,10.603051907413631,5.045,1.3365192686559493,0.0,0.0
PTK-09,FL,40,pertumbuhan,7.884412635980996,0.0,4.824,0.9100680953630544,0.0,0.0
PTK-09,FL,41,pertumbuhan,14.257480731344051,12.115587364019003,4.406,1.3365192686559493,0.0,0.0
PTK-09,FL,42,pertumbuhan,9.229710845347439,0.0,4.075,0.952769885996612,0.0,0.0
PTK-09,FL,43,pertumbuhan,15.54448073134405,10.170289154652561,3.119,1.3365192686559493,0.0,0.6
PTK-09,FL,44,pertumbuhan,15.724115242499202,0.0,4.194,1.4263654888448476,0.0,5.8
PTK-09,FL,45,pertumbuhan,50.0,0.0,3.204,4.920002432967318,15.500112809531885,57.9
PTK-09,FL,46,pertumbuhan,41.72670182836013,0.0,4.932,3.3412981716398735,0.0,0.0
PTK-09,FL,47,pertumbuhan,33.95227477780689,0.0,4.986,2.788427050553237,0.0,0.0
PTK-09,FL,48,pertumbuhan,26.973381305044875,0.0,4.71,2.268893472762015,0.0,0.0
PTK-09,FL,49,pertumbuhan,20.327859112295044,0.0,4.843,1.8025221927498316,0.0,0.0
PTK-09,FL,50,pertumbuhan,14.266430342589757,0.0,4.703,1.3584287697052875,0.0,0.0
PTK-09,FL,51,reproduktif,11.663410463333706,0.0,3.516,1.0870198792560504,0.0,2.0
PTK-09,FL,52,reproduktif,6.3409918222092605,0.0,4.543,0.7794186411244456,0.0,0.0
PTK-09,FL,53,reproduktif,2.614248934570637,0.0,3.303,0.42374288763862383,0.0,0.0
PTK-09,FL,54,reproduktif,4.867740365672025,7.385751065429363,4.464,0.6682596343279746,0.0,0.0
PTK-09,FL,55,reproduktif,11.580315539204662,0.0,3.507,1.0804248264673622,0.0,11.3
PTK-09,FL,56,reproduktif,6.217449796441515,0.0,4.589,0.773865742763147,0.0,0.0
PTK-09,FL,57,reproduktif,0.24696272369926042,0.0,5.555,0.4154870727422547,0.0,0.0
PTK-09,FL,58,reproduktif,4.506740365672025,9.75303727630074,4.825,0.6682596343279746,0.0,0.0
PTK-09,FL,59,reproduktif,4.921740365672025,5.493259634327975,4.41,0.6682596343279746,0.0,0.0
PTK-09,FL,60,reproduktif,11.811198377403214,0.0,4.353,1.1575419882688105,0.0,12.4
PTK-09,FL,61,reproduktif,6.91590366653735,0.0,4.106,0.7892947108658639,0.0,0.0
PTK-09,FL,62,reproduktif,2.4077417410125745,0.0,4.046,0.46216192552477486,0.0,0.0
PTK-09,FL,63,reproduktif,4.187740365672025,7.5922582589874255,5.144,0.6682596343279746,0.0,0.0
PTK-09,FL,64,reproduktif,4.163740365672025,5.812259634327975,5.168,0.6682596343279746,0.0,0.0
PTK-09,FL,65,reproduktif,3.573740365672025,5.836259634327975,5.758,0.6682596343279746,0.0,0.0
PTK-09,FL,66,reproduktif,4.261740365672025,6.426259634327975,5.07,0.6682596343279746,0.0,0.0
PTK-09,FL,67,reproduktif,5.003740365672025,5.738259634327975,4.328,0.6682596343279746,0.0,0.0
PTK-09,FL,68,reproduktif,-0.7716394050315865,0.0,5.441,0.33437977070361136,0.0,0.0
PTK-09,FL,69,reproduktif,3.6307403656720254,10.771639405031586,5.701,0.6682596343279746,0.0,0.0
PTK-09,FL,70,reproduktif,4.469740365672025,6.369259634327975,4.862,0.6682596343279746,0.0,0.0
PTK-09,FL,71,reproduktif,2.7347403656720246,5.530259634327975,6.597,0.6682596343279746,0.0,0.0
PTK-09,FL,72,reproduktif,3.890740365672025,7.265259634327975,5.441,0.6682596343279746,0.0,0.0
PTK-09,FL,73,reproduktif,3.3757403656720246,6.109259634327975,5.956,0.6682596343279746,0.0,0.0
PTK-09,FL,74,reproduktif,3.241740365672025,6.624259634327975,6.09,0.6682596343279746,0.0,0.0
PTK-09,FL,75,reproduktif,3.4977403656720254,6.758259634327975,5.834,0.6682596343279746,0.0,0.0
PTK-09,FL,76,reproduktif,4.014740365672025,6.502259634327975,5.317,0.6682596343279746,0.0,0.0
PTK-09,FL,77,reproduktif,3.647740365672025,5.985259634327975,5.684,0.6682596343279746,0.0,0.0
PTK-09,FL,78,reproduktif,3.801740365672025,6.352259634327975,5.53,0.6682596343279746,0.0,0.0
PTK-09,FL,79,reproduktif,3.951740365672025,6.198259634327975,5.38,0.6682596343279746,0.0,0.0
PTK-09,FL,80,reproduktif,4.313740365672025,6.048259634327975,5.018,0.6682596343279746,0.0,0.0
PTK-09,FL,81,reproduktif,3.360740365672025,5.686259634327975,5.971,0.6682596343279746,0.0,0.0
PTK-09,FL,82,reproduktif,4.019740365672025,6.639259634327975,5.312,0.6682596343279746,0.0,0.0
PTK-09,FL,83,reproduktif,3.9577403656720254,5.980259634327975,5.374,0.6682596343279746,0.0,0.0
PTK-09,FL,84,reproduktif,3.525740365672025,6.042259634327975,5.806,0.6682596343279746,0.0,0.0
PTK-09,FL,85,reproduktif,3.073740365672025,6.474259634327975,6.258,0.6682596343279746,0.0,0.0
PTK-09,FL,86,reproduktif,4.761740365672025,6.926259634327975,4.57,0.6682596343279746,0.0,0.0
PTK-09,FL,87,reproduktif,3.7827403656720247,5.238259634327975,5.549,0.6682596343279746,0.0,0.0
PTK-09,FL,88,reproduktif,3.4947403656720253,6.217259634327975,5.837,0.6682596343279746,0.0,0.0
PTK-09,FL,89,reproduktif,3.374740365672025,6.505259634327975,5.957,0.6682596343279746,0.0,0.0
PTK-09,FL,90,reproduktif,3.6367403656720247,6.625259634327975,5.695,0.6682596343279746,0.0,0.0
PTK-09,FL,91,pemasakan,-1.972288313018952,0.0,5.366,0.24302867869097722,0.0,0.0
PTK-09,FL,92,pemasakan,3.512740365672025,11.972288313018952,5.819,0.6682596343279746,0.0,0.0
PTK-09,FL,93,pemasakan,-3.024001893553285,0.0,6.302,0.23474225922531036,0.0,0.0
PTK-09,FL,94,pemasakan,3.411740365672025,13.024001893553285,5.92,0.6682596343279746,0.0,0.0
PTK-09,FL,95,pemasakan,-3.253252471246573,0.0,6.437,0.2279928369185978,0.0,0.0
PTK-09,FL,96,pemasakan,-4.447789401610023,0.0,4.958,0.03653693036344887,0.0,3.8
PTK-09,FL,97,pemasakan,4.889740365672025,10.647789401610023,4.442,0.6682596343279746,0.0,3.8
PTK-09,FL,98,pemasakan,-0.23302124520024758,0.0,4.796,0.32676161087227246,0.0,0.0
PTK-09,FL,99,pemasakan,3.5827403656720254,10.233021245200248,5.749,0.6682596343279746,0.0,0.0
PTK-09,FL,100,pemasakan,-2.303679710993581,0.0,5.647,0.2394200766656062,0.0,0.0
PTK-09,FL,101,pemasakan,3.2287403656720253,12.303679710993581,6.103,0.6682596343279746,0.0,0.0
PTK-09,FL,102,pemasakan,-2.480023319938371,0.0,5.493,0.21576368561039588,0.0,0.0
PTK-09,FL,103,pemasakan,2.8787403656720247,12.480023319938372,6.453,0.6682596343279746,0.0,0.0
PTK-09,FL,104,pemasakan,-2.6216342327368922,0.0,5.308,0.19237459840891674,0.0,0.0
PTK-09,FL,105,pemasakan,3.4397403656720247,12.621634232736891,5.892,0.6682596343279746,0.0,0.0
PTK-09,FL,106,pemasakan,-2.510123598222691,0.0,5.72,0.2298639638947161,0.0,0.0
PTK-09,FL,107,pemasakan,3.341740365672025,12.510123598222691,5.99,0.6682596343279746,0.0,0.0
PTK-09,FL,108,pemasakan,-2.923574653806277,0.0,6.042,0.22331501947830196,0.0,0.0
PTK-09,FL,109,pemasakan,2.302740365672025,12.923574653806277,7.029,0.6682596343279746,0.0,0.0
PTK-09,FL,110,pemasakan,-2.5291424777996,0.0,4.678,0.15388284347162542,0.0,0.0
PTK-09,SRI,1,awal,14.76648073134405,0.0,3.897,1.3365192686559493,0.0,0.0
PTK-09,SRI,2,awal,10.691696429960144,0.0,3.088,0.9867843013839058,0.0,0.0
PTK-09,SRI,3,awal,9.629783414028504,0.0,2.867,0.8949130159316411,0.0,2.7
PTK-09,SRI,4,awal,12.675434326677452,0.0,3.123,1.1313490873510497,0.0,7.3
PTK-09,SRI,5,awal,8.979386215868079,0.0,2.849,0.8470481108093733,0.0,0.0
PTK-09,SRI,6,awal,11.24996131864433,0.0,3.195,1.0344248972237493,0.0,6.5
PTK-09,SRI,7,awal,9.38298065882486,0.0,2.235,0.8319806598194689,0.0,1.2
PTK-09,SRI,8,awal,36.92360156508559,0.0,3.187,2.8723790937392706,0.0,33.6
PTK-09,SRI,9,awal,40.0,0.0,2.317,5.327606482919324,32.07899508216626,42.8
PTK-09,SRI,10,awal,32.9959614626881,0.0,4.331,2.6730385373118986,0.0,0.0
PTK-09,SRI,11,awal,31.055861850940676,0.0,2.348,2.392099611747422,0.0,2.8
PTK-09,SRI,12,awal,26.512158769829146,0.0,2.655,2.088703081111531,0.0,0.2
PTK-09,SRI,13,awal,21.546458217352022,0.0,3.194,1.7717005524771232,0.0,0.0
PTK-09,SRI,14,awal,16.345595388412956,0.0,3.761,1.4398628289390647,0.0,0.0
PTK-09,SRI,15,awal,11.01628522869957,0.0,4.237,1.092310159713387,0.0,0.0
PTK-09,SRI,16,awal,7.258111354841225,0.0,3.022,0.7361738738583443,0.0,0.0
PTK-09,SRI,17,awal,2.6460810708514337,0.0,4.127,0.4850302839897918,0.0,0.0
PTK-09,SRI,18,awal,-0.47074584602950154,0.0,2.94,0.17682691688093546,0.0,0.0
PTK-09,SRI,19,awal,4.787740365672025,10.470745846029502,4.544,0.6682596343279746,0.0,0.0
PTK-09,SRI,20,awal,1.8596516359803807,0.0,3.448,0.38008872969164487,0.0,0.9
PTK-09,SRI,21,pertumbuhan,-2.2566213762433858,0.0,3.992,0.12427301222376691,0.0,0.0
PTK-09,SRI,22,pertumbuhan,-7.5354444986305245,0.0,3.675,1.603823122387139,0.0,0.0
PTK-09,SRI,23,pertumbuhan,-14.195267621017663,0.0,5.056,1.603823122387139,0.0,0.0
PTK-09,SRI,24,pertumbuhan,-19.313090743404803,0.0,3.514,1.603823122387139,0.0,0.0
PTK-09,SRI,25,pertumbuhan,-23.75491386579194,0.0,2.838,1.603823122387139,0.0,0.0
PTK-09,SRI,26,pertumbuhan,5.404740365672025,33.75491386579194,3.927,0.6682596343279746,0.0,0.0
PTK-09,SRI,27,pertumbuhan,1.3735633836318621,0.0,3.67,0.3611769820401632,0.0,0.0
PTK-09,SRI,28,pertumbuhan,-2.0552263128153503,0.0,3.337,0.09178969644721238,0.0,0.0
PTK-09,SRI,29,pertumbuhan,-7.425049435202489,0.0,3.766,1.603823122387139,0.0,0.0
PTK-09,SRI,30,pertumbuhan,-12.951872557589628,0.0,3.923,1.603823122387139,0.0,0.0
PTK-09,SRI,31,pertumbuhan,-17.761695679976768,0.0,3.206,1.603823122387139,0.0,0.0
PTK-09,SRI,32,pertumbuhan,-23.442518802363907,0.0,4.077,1.603823122387139,0.0,0.0
PTK-09,SRI,33,pertumbuhan,4.748740365672025,33.44251880236391,4.583,0.6682596343279746,0.0,0.0
PTK-09,SRI,34,pertumbuhan,1.8637186193004966,0.0,2.661,0.32402174637152775,0.0,0.1
PTK-09,SRI,35,pertumbuhan,-2.395826173001902,0.0,4.135,0.12454479230239877,0.0,0.0
PTK-09,SRI,36,pertumbuhan,12.953075354227236,0.0,3.568,1.183098472770865,0.0,20.1
PTK-09,SRI,37,pertumbuhan,8.427473614263377,0.0,3.66,0.8656017399638594,0.0,0.0
PTK-09,SRI,38,pertumbuhan,3.9812995706857475,0.0,3.883,0.5631740435776299,0.0,0.0
PTK-09,SRI,39,pertumbuhan,-1.0327546088399107,0.0,4.748,0.266054179525658,0.0,0.0
PTK-09,SRI,40,pertumbuhan,-7.17657773122705,0.0,4.54,1.603823122387139,0.0,0.0
PTK-09,SRI,41,pertumbuhan,-12.927400853614188,0.0,4.147,1.603823122387139,0.0,0.0
PTK-09,SRI,42,pertumbuhan,-18.366223976001326,0.0,3.835,1.603823122387139,0.0,0.0
PTK-09,SRI,43,pertumbuhan,-22.30604709838846,0.0,2.936,1.603823122387139,0.0,0.6
PTK-09,SRI,44,pertumbuhan,-22.057870220775598,0.0,3.948,1.603823122387139,0.0,5.8
PTK-09,SRI,45,pertumbuhan,30.43194492524437,0.0,3.015,2.395184853980031,0.0,57.9
PTK-09,SRI,46,pertumbuhan,23.756300886481082,0.0,4.642,2.0336440387632866,0.0,0.0
PTK-09,SRI,47,pertumbuhan,17.476763192142563,0.0,4.692,1.5875376943385189,0.0,0.0
PTK-09,SRI,48,pertumbuhan,11.875861654140785,0.0,4.433,1.1679015380017796,0.0,0.0
PTK-09,SRI,49,pertumbuhan,6.524245757508211,0.0,4.558,0.7936158966325737,0.0,0.0
PTK-09,SRI,50,pertumbuhan,1.6612567490903842,0.0,4.427,0.43598900841782773,0.0,0.0
PTK-09,SRI,51,reproduktif,0.12558973945758733,0.0,3.291,0.24466700963279694,0.0,2.0
PTK-09,SRI,52,reproduktif,-4.13380291587894,0.0,4.251,0.008392655336527293,0.0,0.0
PTK-09,SRI,53,reproduktif,-8.427670257669295,0.0,3.091,1.2028673417903544,0.0,0.0
PTK-09,SRI,54,reproduktif,-13.80753759945965,0.0,4.177,1.2028673417903544,0.0,0.0
PTK-09,SRI,55,reproduktif,-6.9914049412500034,0.0,3.281,1.2028673417903544,0.0,11.3
PTK-09,SRI,56,reproduktif,-12.488272283040358,0.0,4.294,1.2028673417903544,0.0,0.0
PTK-09,SRI,57,reproduktif,-18.88913962483071,0.0,5.198,1.2028673417903544,0.0,0.0
PTK-09,SRI,58,reproduktif,-24.608006966621065,0.0,4.516,1.2028673417903544,0.0,0.0
PTK-09,SRI,59,reproduktif,-29.93787430841142,0.0,4.127,1.2028673417903544,0.0,0.0
PTK-09,SRI,60,reproduktif,-22.81474165020177,0.0,4.074,1.2028673417903544,0.0,12.4
PTK-09,SRI,61,reproduktif,-27.859608991992125,0.0,3.842,1.2028673417903544,0.0,0.0
PTK-09,SRI,62,reproduktif,0.8798701828360125,32.859608991992125,3.786,0.3341298171639873,0.0,0.0
PTK-09,SRI,63,reproduktif,-3.9919279898277953,0.0,4.813,0.05879817266380819,0.0,0.0
PTK-09,SRI,64,reproduktif,-10.030795331618151,0.0,4.836,1.2028673417903544,0.0,0.0
PTK-09,SRI,65,reproduktif,-16.622662673408506,0.0,5.389,1.2028673417903544,0.0,0.0
PTK-09,SRI,66,reproduktif,-22.56953001519886,0.0,4.744,1.2028673417903544,0.0,0.0
PTK-09,SRI,67,reproduktif,-27.822397356989214,0.0,4.05,1.2028673417903544,0.0,0.0
PTK-09,SRI,68,reproduktif,-0.4261298171639867,32.822397356989214,5.092,0.3341298171639873,0.0,0.0
PTK-09,SRI,69,reproduktif,-6.963997158954341,0.0,5.335,1.2028673417903544,0.0,0.0
PTK-09,SRI,70,reproduktif,-12.716864500744695,0.0,4.55,1.2028673417903544,0.0,0.0
PTK-09,SRI,71,reproduktif,-20.09273184253505,0.0,6.173,1.2028673417903544,0.0,0.0
PTK-09,SRI,72,reproduktif,-26.387599184325403,0.0,5.092,1.2028673417903544,0.0,0.0
PTK-09,SRI,73,reproduktif,-0.9071298171639874,31.387599184325403,5.573,0.3341298171639873,0.0,0.0
PTK-09,SRI,74,reproduktif,-7.808997158954342,0.0,5.699,1.2028673417903544,0.0,0.0
PTK-09,SRI,75,reproduktif,-14.470864500744696,0.0,5.459,1.2028673417903544,0.0,0.0
PTK-09,SRI,76,reproduktif,-20.64973184253505,0.0,4.976,1.2028673417903544,0.0,0.0
PTK-09,SRI,77,reproduktif,-27.171599184325405,0.0,5.319,1.2028673417903544,0.0,0.0
PTK-09,SRI,78,reproduktif,-0.5081298171639874,32.1715991843254,5.174,0.3341298171639873,0.0,0.0
PTK-09,SRI,79,reproduktif,-6.745997158954342,0.0,5.035,1.2028673417903544,0.0,0.0
PTK-09,SRI,80,reproduktif,-12.644864500744696,0.0,4.696,1.2028673417903544,0.0,0.0
PTK-09,SRI,81,reproduktif,-19.43573184253505,0.0,5.588,1.2028673417903544,0.0,0.0
PTK-09,SRI,82,reproduktif,-25.608599184325403,0.0,4.97,1.2028673417903544,0.0,0.0
PTK-09,SRI,83,reproduktif,-0.36312981716398696,30.608599184325403,5.029,0.3341298171639873,0.0,0.0
PTK-09,SRI,84,reproduktif,-6.999997158954342,0.0,5.434,1.2028673417903544,0.0,0.0
PTK-09,SRI,85,reproduktif,-14.058864500744697,0.0,5.856,1.2028673417903544,0.0,0.0
PTK-09,SRI,86,reproduktif,-19.53873184253505,0.0,4.277,1.2028673417903544,0.0,0.0
PTK-09,SRI,87,reproduktif,-25.934599184325403,0.0,5.193,1.2028673417903544,0.0,0.0
PTK-09,SRI,88,reproduktif,-0.7961298171639868,30.934599184325403,5.462,0.3341298171639873,0.0,0.0
PTK-09,SRI,89,reproduktif,-7.572997158954341,0.0,5.574,1.2028673417903544,0.0,0.0
PTK-09,SRI,90,reproduktif,-14.104864500744696,0.0,5.329,1.2028673417903544,0.0,0.0
PTK-09,SRI,91,pemasakan,-20.621731842535052,0.0,5.314,1.2028673417903544,0.0,0.0
PTK-09,SRI,92,pemasakan,-27.588599184325407,0.0,5.764,1.2028673417903544,0.0,0.0
PTK-09,SRI,93,pemasakan,-35.03346652611576,0.0,6.242,1.2028673417903544,0.0,0.0
PTK-09,SRI,94,pemasakan,-7.0668673417903545,35.03346652611576,5.864,1.2028673417903544,0.0,0.0
PTK-09,SRI,95,pemasakan,-14.644734683580708,0.0,6.375,1.2028673417903544,0.0,0.0
PTK-09,SRI,96,pemasakan,-16.95860202537106,0.0,4.911,1.2028673417903544,0.0,3.8
PTK-09,SRI,97,pemasakan,-18.760469367161413,0.0,4.399,1.2028673417903544,0.0,3.8
PTK-09,SRI,98,pemasakan,-24.71433670895177,0.0,4.751,1.2028673417903544,0.0,0.0
PTK-09,SRI,99,pemasakan,-31.611204050742124,0.0,5.694,1.2028673417903544,0.0,0.0
PTK-09,SRI,100,pemasakan,-6.795867341790355,31.611204050742124,5.593,1.2028673417903544,0.0,0.0
PTK-09,SRI,101,pemasakan,-14.042734683580708,0.0,6.044,1.2028673417903544,0.0,0.0
PTK-09,SRI,102,pemasakan,-20.68560202537106,0.0,5.44,1.2028673417903544,0.0,0.0
PTK-09,SRI,103,pemasakan,-28.280469367161416,0.0,6.392,1.2028673417903544,0.0,0.0
PTK-09,SRI,104,pemasakan,-34.74033670895177,0.0,5.257,1.2028673417903544,0.0,0.0
PTK-09,SRI,105,pemasakan,-7.037867341790355,34.74033670895177,5.835,1.2028673417903544,0.0,0.0
PTK-09,SRI,106,pemasakan,-13.906734683580709,0.0,5.666,1.2028673417903544,0.0,0.0
PTK-09,SRI,107,pemasakan,-21.042602025371064,0.0,5.933,1.2028673417903544,0.0,0.0
PTK-09,SRI,108,pemasakan,-28.229469367161418,0.0,5.984,1.2028673417903544,0.0,0.0
PTK-09,SRI,109,pemasakan,-36.39433670895177,0.0,6.962,1.2028673417903544,0.0,0.0
PTK-09,SRI,110,pemasakan,-5.835867341790355,36.39433670895177,4.633,1.2028673417903544,0.0,0.0
PTK-10,FL,1,awal,14.89026805633732,0.0,3.936,1.1737319436626807,0.0,0.0
PTK-10,FL,2,awal,10.897408892966162,0.0,3.119,0.8738591633711564,0.0,0.0
PTK-10,FL,3,awal,9.903423234530292,0.0,2.896,0.7979856584358695,0.0,2.7
PTK-10,FL,4,awal,13.039812864994444,0.0,3.154,1.009610369535848,0.0,7.3
PTK-10,FL,5,awal,9.397550620043067,0.0,2.877,0.7652622449513778,0.0,0.0
PTK-10,FL,6,awal,11.737577470606116,0.0,3.227,0.9329731494369502,0.0,6.5
PTK-10,FL,7,awal,9.921315073063063,0.0,2.257,0.7592623975430512,0.0,1.2
PTK-10,FL,8,awal,37.74819718648995,0.0,3.219,2.5541178865731116,0.0,33.6
PTK-10,FL,9,awal,50.0,0.0,2.34,4.727099602111186,23.48109758437876,42.8
PTK-10,FL,10,awal,42.6916701408433,0.0,4.374,2.9343298591567017,0.0,0.0
PTK-10,FL,11,awal,40.450918820099616,0.0,2.371,2.669751320743677,0.0,2.8
PTK-10,FL,12,awal,35.58325472218015,0.0,2.682,2.3856640979194688,0.0,0.2
PTK-10,FL,13,awal,30.26899458583471,0.0,3.226,2.0882601363454385,0.0,0.0
PTK-10,FL,14,awal,24.693610293437366,0.0,3.799,1.7763842923973467,0.0,0.0
PTK-10,FL,15,awal,18.965426333149114,0.0,4.279,1.449183960288251,0.0,0.0
PTK-10,FL,16,awal,14.80040999752919,0.0,3.052,1.113016335619925,0.0,0.0
PTK-10,FL,17,awal,9.763824297858964,0.0,4.168,0.8685856996702254,0.0,0.0
PTK-10,FL,18,awal,15.857268056337318,10.236175702141036,2.969,1.1737319436626807,0.0,0.0
PTK-10,FL,19,awal,10.33765895349007,0.0,4.589,0.930609102847247,0.0,0.0
PTK-10,FL,20,awal,7.0961589892051595,0.0,3.482,0.6594999642849113,0.0,0.9
PTK-10,FL,21,pertumbuhan,14.58526805633732,12.90384101079484,4.241,1.1737319436626807,0.0,0.0
PTK-10,FL,22,pertumbuhan,9.824308305107019,0.0,3.905,0.8559597512303005,0.0,0.0
PTK-10,FL,23,pertumbuhan,13.45426805633732,10.175691694892981,5.372,1.1737319436626807,0.0,0.0
PTK-10,FL,24,pertumbuhan,8.931682846521143,0.0,3.733,0.789585209816176,0.0,0.0
PTK-10,FL,25,pertumbuhan,15.811268056337319,11.068317153478857,3.015,1.1737319436626807,0.0,0.0
PTK-10,FL,26,pertumbuhan,10.710358536960495,0.0,4.173,0.9279095193768229,0.0,0.0
PTK-10,FL,27,pertumbuhan,6.182804039814954,0.0,3.899,0.6285544971455413,0.0,0.0
PTK-10,FL,28,pertumbuhan,15.28026805633732,13.817195960185046,3.546,1.1737319436626807,0.0,0.0
PTK-10,FL,29,pertumbuhan,10.382521120064741,0.0,4.001,0.8967469362725787,0.0,0.0
PTK-10,FL,30,pertumbuhan,5.60520628534612,0.0,4.168,0.609314834718621,0.0,0.0
PTK-10,FL,31,pertumbuhan,15.41926805633732,14.39479371465388,3.407,1.1737319436626807,0.0,0.0
PTK-10,FL,32,pertumbuhan,10.182363683056284,0.0,4.332,0.9049043732810343,0.0,0.0
PTK-10,FL,33,pertumbuhan,4.7157954072165875,0.0,4.869,0.5975682758396972,0.0,0.0
PTK-10,FL,34,pertumbuhan,15.99926805633732,15.184204592783413,2.827,1.1737319436626807,0.0,0.1
PTK-10,FL,35,pertumbuhan,10.667325456690069,0.0,4.393,0.9389425996472521,0.0,0.0
PTK-10,FL,36,pertumbuhan,25.170695821210913,0.0,3.791,1.8056296354791557,0.0,20.1
PTK-10,FL,37,pertumbuhan,19.80551333473231,0.0,3.888,1.4771824864786,0.0,0.0
PTK-10,FL,38,pertumbuhan,14.517195151651686,0.0,4.126,1.1623181830806248,0.0,0.0
PTK-10,FL,39,pertumbuhan,8.620230367557756,0.0,5.045,0.851964784093929,0.0,0.0
PTK-10,FL,40,pertumbuhan,14.00226805633732,11.379769632442244,4.824,1.1737319436626807,0.0,0.0
PTK-10,FL,41,pertumbuhan,8.774522591264788,0.0,4.406,0.8217454650725334,0.0,0.0
PTK-10,FL,42,pertumbuhan,14.75126805633732,11.225477408735212,4.075,1.1737319436626807,0.0,0.0
PTK-10,FL,43,pertumbuhan,11.331354371664737,0.0,3.119,0.9009136846725813,0.0,0.6
PTK-10,FL,44,pertumbuhan,11.931973478453328,0.0,4.194,1.0053808932114108,0.0,5.8
PTK-10,FL,45,pertumbuhan,50.0,0.0,3.204,4.09820089803329,12.52977258042003,57.9
PTK-10,FL,46,pertumbuhan,42.1336701408433,0.0,4.932,2.9343298591567017,0.0,0.0
PTK-10,FL,47,pertumbuhan,34.67498841344059,0.0,4.986,2.472681727402713,0.0,0.0
PTK-10,FL,48,pertumbuhan,27.93003133609116,0.0,4.71,2.0349570773494277,0.0,0.0
PTK-10,FL,49,pertumbuhan,21.44791283775767,0.0,4.843,1.639118498333493,0.0,0.0
PTK-10,FL,50,pertumbuhan,15.486207816629216,0.0,4.703,1.2587050211284536,0.0,0.0
PTK-10,FL,51,reproduktif,12.944001782234128,0.0,3.516,1.0262060343950885,0.0,2.0
PTK-10,FL,52,reproduktif,7.641362363702385,0.0,4.543,0.7596394185317433,0.0,0.0
PTK-10,FL,53,reproduktif,3.889916808733422,0.0,3.303,0.4484455549689628,0.0,0.0
PTK-10,FL,54,reproduktif,4.949134028168659,6.110083191266578,4.464,0.5868659718313404,0.0,0.0
PTK-10,FL,55,reproduktif,11.788527644882771,0.0,3.507,0.9536063832858904,0.0,11.3
PTK-10,FL,56,reproduktif,6.5076990716052965,0.0,4.589,0.6918285732774749,0.0,0.0
PTK-10,FL,57,reproduktif,0.5707843576009415,0.0,5.555,0.3819147140043554,0.0,0.0
PTK-10,FL,58,reproduktif,4.58813402816866,9.429215642399058,4.825,0.5868659718313404,0.0,0.0
PTK-10,FL,59,reproduktif,5.00313402816866,5.41186597183134,4.41,0.5868659718313404,0.0,0.0
PTK-10,FL,60,reproduktif,12.028803311733432,0.0,4.353,1.0213307164352268,0.0,12.4
PTK-10,FL,61,reproduktif,7.216873777182584,0.0,4.106,0.7059295345508486,0.0,0.0
PTK-10,FL,62,reproduktif,2.7473400128995458,0.0,4.046,0.4235337642830373,0.0,0.0
PTK-10,FL,63,reproduktif,4.26913402816866,7.252659987100454,5.144,0.5868659718313404,0.0,0.0
PTK-10,FL,64,reproduktif,4.24513402816866,5.73086597183134,5.168,0.5868659718313404,0.0,0.0
PTK-10,FL,65,reproduktif,3.6551340281686597,5.75486597183134,5.758,0.5868659718313404,0.0,0.0
PTK-10,FL,66,reproduktif,4.3431340281686595,6.34486597183134,5.07,0.5868659718313404,0.0,0.0
PTK-10,FL,67,reproduktif,5.0851340281686594,5.6568659718313405,4.328,0.5868659718313404,0.0,0.0
PTK-10,FL,68,reproduktif,-0.654295184164722,0.0,5.441,0.2984292123333819,0.0,0.0
PTK-10,FL,69,reproduktif,3.71213402816866,10.654295184164722,5.701,0.5868659718313404,0.0,0.0
PTK-10,FL,70,reproduktif,4.55113402816866,6.28786597183134,4.862,0.5868659718313404,0.0,0.0
PTK-10,FL,71,reproduktif,2.8161340281686593,5.44886597183134,6.597,0.5868659718313404,0.0,0.0
PTK-10,FL,72,reproduktif,3.97213402816866,7.183865971831341,5.441,0.5868659718313404,0.0,0.0
PTK-10,FL,73,reproduktif,3.4571340281686593,6.02786597183134,5.956,0.5868659718313404,0.0,0.0
PTK-10,FL,74,reproduktif,3.32313402816866,6.542865971831341,6.09,0.5868659718313404,0.0,0.0
PTK-10,FL,75,reproduktif,3.57913402816866,6.67686597183134,5.834,0.5868659718313404,0.0,0.0
PTK-10,FL,76,reproduktif,4.09613402816866,6.42086597183134,5.317,0.5868659718313404,0.0,0.0
PTK-10,FL,77,reproduktif,3.7291340281686596,5.90386597183134,5.684,0.5868659718313404,0.0,0.0
PTK-10,FL,78,reproduktif,3.8831340281686595,6.27086597183134,5.53,0.5868659718313404,0.0,0.0
PTK-10,FL,79,reproduktif,4.03313402816866,6.1168659718313405,5.38,0.5868659718313404,0.0,0.0
PTK-10,FL,80,reproduktif,4.39513402816866,5.96686597183134,5.018,0.5868659718313404,0.0,0.0
PTK-10,FL,81,reproduktif,3.4421340281686597,5.60486597183134,5.971,0.5868659718313404,0.0,0.0
PTK-10,FL,82,reproduktif,4.1011340281686595,6.55786597183134,5.312,0.5868659718313404,0.0,0.0
PTK-10,FL,83,reproduktif,4.03913402816866,5.8988659718313405,5.374,0.5868659718313404,0.0,0.0
PTK-10,FL,84,reproduktif,3.6071340281686597,5.96086597183134,5.806,0.5868659718313404,0.0,0.0
PTK-10,FL,85,reproduktif,3.1551340281686597,6.39286597183134,6.258,0.5868659718313404,0.0,0.0
PTK-10,FL,86,reproduktif,4.8431340281686595,6.84486597183134,4.57,0.5868659718313404,0.0,0.0
PTK-10,FL,87,reproduktif,3.8641340281686594,5.1568659718313405,5.549,0.5868659718313404,0.0,0.0
PTK-10,FL,88,reproduktif,3.57613402816866,6.135865971831341,5.837,0.5868659718313404,0.0,0.0
PTK-10,FL,89,reproduktif,3.45613402816866,6.42386597183134,5.957,0.5868659718313404,0.0,0.0
PTK-10,FL,90,reproduktif,3.7181340281686595,6.54386597183134,5.695,0.5868659718313404,0.0,0.0
PTK-10,FL,91,pemasakan,-1.866070605815378,0.0,5.366,0.21820463398403767,0.0,0.0
PTK-10,FL,92,pemasakan,3.59413402816866,11.866070605815377,5.819,0.5868659718313404,0.0,0.0
PTK-10,FL,93,pemasakan,-2.9187934677646687,0.0,6.302,0.21092749593332905,0.0,0.0
PTK-10,FL,94,pemasakan,3.49313402816866,12.918793467764669,5.92,0.5868659718313404,0.0,0.0
PTK-10,FL,95,pemasakan,-3.1488661214491733,0.0,6.437,0.20500014961783253,0.0,0.0
PTK-10,FL,96,pemasakan,-4.345078953091978,0.0,4.958,0.038212831642804077,0.0,3.8
PTK-10,FL,97,pemasakan,4.97113402816866,10.545078953091977,4.442,0.5868659718313404,0.0,3.8
PTK-10,FL,98,pemasakan,-0.11660491208584567,0.0,4.796,0.2917389402545046,0.0,0.0
PTK-10,FL,99,pemasakan,3.66413402816866,10.116604912085846,5.749,0.5868659718313404,0.0,0.0
PTK-10,FL,100,pemasakan,-2.1979015295674884,0.0,5.647,0.21503555773614846,0.0,0.0
PTK-10,FL,101,pemasakan,3.31013402816866,12.197901529567488,6.103,0.5868659718313404,0.0,0.0
PTK-10,FL,102,pemasakan,-2.377126474164659,0.0,5.493,0.194260502333319,0.0,0.0
PTK-10,FL,103,pemasakan,2.9601340281686594,12.377126474164658,6.453,0.5868659718313404,0.0,0.0
PTK-10,FL,104,pemasakan,-2.5215861651505627,0.0,5.308,0.17372019331922206,0.0,0.0
PTK-10,FL,105,pemasakan,3.5211340281686594,12.521586165150563,5.892,0.5868659718313404,0.0,0.0
PTK-10,FL,106,pemasakan,-2.4055093461703008,0.0,5.72,0.20664337433896024,0.0,0.0
PTK-10,FL,107,pemasakan,3.4231340281686595,12.405509346170302,5.99,0.5868659718313404,0.0,0.0
PTK-10,FL,108,pemasakan,-2.819758059646354,0.0,6.042,0.2008920878150131,0.0,0.0
PTK-10,FL,109,pemasakan,2.38413402816866,12.819758059646354,7.029,0.5868659718313404,0.0,0.0
PTK-10,FL,110,pemasakan,-2.4337826851730773,0.0,4.678,0.1399167133417369,0.0,0.0
PTK-10,SRI,1,awal,14.92926805633732,0.0,3.897,1.1737319436626807,0.0,0.0
PTK-10,SRI,2,awal,10.96512011567602,0.0,3.088,0.8761479406612986,0.0,0.0
PTK-10,SRI,3,awal,9.9961607159882,0.0,2.867,0.8019593996878207,0.0,2.7
PTK-10,SRI,4,awal,13.158107899234253,0.0,3.123,1.0150528167539468,0.0,7.3
PTK-10,SRI,5,awal,9.536903321259677,0.0,2.849,0.7722045779745746,0.0,0.0
PTK-10,SRI,6,awal,11.900752035980048,0.0,3.195,0.9411512852796311,0.0,6.5
PTK-10,SRI,7,awal,10.096913478448364,0.0,2.235,0.7688385575316842,0.0,1.2
PTK-10,SRI,8,awal,37.945490318992405,0.0,3.187,2.5644231594559597,0.0,33.6
PTK-10,SRI,9,awal,40.0,0.0,2.317,4.738678064705357,33.68981225428705,42.8
PTK-10,SRI,10,awal,33.321536112674636,0.0,4.331,2.3474638873253615,0.0,0.0
PTK-10,SRI,11,awal,31.653686073194066,0.0,2.348,2.1198500394805655,0.0,2.8
PTK-10,SRI,12,awal,27.32930162981852,0.0,2.655,1.8693844433755467,0.0,0.2
PTK-10,SRI,13,awal,22.53143791377299,0.0,3.194,1.603863716045528,0.0,0.0
PTK-10,SRI,14,awal,17.4481444929706,0.0,3.761,1.3222934208023893,0.0,0.0
PTK-10,SRI,15,awal,12.187172265518514,0.0,4.237,1.023972227452084,0.0,0.0
PTK-10,SRI,16,awal,8.449948595970566,0.0,3.022,0.715223669547948,0.0,0.0
PTK-10,SRI,17,awal,3.827049866500653,0.0,4.127,0.49589872946991365,0.0,0.0
PTK-10,SRI,18,awal,0.6624533325855624,0.0,2.94,0.2245965339150907,0.0,0.0
PTK-10,SRI,19,awal,-3.9204237992965107,0.0,4.544,0.03887713188207362,0.0,0.0
PTK-10,SRI,20,awal,5.965134028168659,13.02042379929651,3.448,0.5868659718313404,0.0,0.9
PTK-10,SRI,21,pertumbuhan,1.6230606103141199,0.0,3.992,0.3500734178545398,0.0,0.0
PTK-10,SRI,22,pertumbuhan,-2.147191293927196,0.0,3.675,0.09525190424131644,0.0,0.0
PTK-10,SRI,23,pertumbuhan,-8.611669626322414,0.0,5.056,1.4084783323952168,0.0,0.0
PTK-10,SRI,24,pertumbuhan,-13.53414795871763,0.0,3.514,1.4084783323952168,0.0,0.0
PTK-10,SRI,25,pertumbuhan,-17.780626291112846,0.0,2.838,1.4084783323952168,0.0,0.0
PTK-10,SRI,26,pertumbuhan,-23.116104623508065,0.0,3.927,1.4084783323952168,0.0,0.0
PTK-10,SRI,27,pertumbuhan,5.74313402816866,33.116104623508065,3.67,0.5868659718313404,0.0,0.0
PTK-10,SRI,28,pertumbuhan,2.0690890348887754,0.0,3.337,0.3370449932798841,0.0,0.0
PTK-10,SRI,29,pertumbuhan,-1.8183387598377818,0.0,3.766,0.12142779472655713,0.0,0.0
PTK-10,SRI,30,pertumbuhan,-7.149817092232999,0.0,3.923,1.4084783323952168,0.0,0.0
PTK-10,SRI,31,pertumbuhan,-11.764295424628216,0.0,3.206,1.4084783323952168,0.0,0.0
PTK-10,SRI,32,pertumbuhan,-17.249773757023434,0.0,4.077,1.4084783323952168,0.0,0.0
PTK-10,SRI,33,pertumbuhan,-23.24125208941865,0.0,4.583,1.4084783323952168,0.0,0.0
PTK-10,SRI,34,pertumbuhan,6.75213402816866,33.14125208941865,2.661,0.5868659718313404,0.0,0.1
PTK-10,SRI,35,pertumbuhan,2.220874258330994,0.0,4.135,0.39625976983766636,0.0,0.0
PTK-10,SRI,36,pertumbuhan,17.44293810195694,0.0,3.568,1.3099361563740568,0.0,20.1
PTK-10,SRI,37,pertumbuhan,12.759271419877052,0.0,3.66,1.0236666820798874,0.0,0.0
PTK-10,SRI,38,pertumbuhan,8.127473197708454,0.0,3.883,0.7487982221685993,0.0,0.0
PTK-10,SRI,39,pertumbuhan,2.9024994520378193,0.0,4.748,0.47697374567063433,0.0,0.0
PTK-10,SRI,40,pertumbuhan,-1.8078383641281919,0.0,4.54,0.17033781616601076,0.0,0.0
PTK-10,SRI,41,pertumbuhan,-7.363316696523409,0.0,4.147,1.4084783323952168,0.0,0.0
PTK-10,SRI,42,pertumbuhan,-12.606795028918626,0.0,3.835,1.4084783323952168,0.0,0.0
PTK-10,SRI,43,pertumbuhan,-16.351273361313844,0.0,2.936,1.4084783323952168,0.0,0.6
PTK-10,SRI,44,pertumbuhan,-15.90775169370906,0.0,3.948,1.4084783323952168,0.0,5.8
PTK-10,SRI,45,pertumbuhan,36.5128661451255,0.0,3.015,2.464382161165439,0.0,57.9
PTK-10,SRI,46,pertumbuhan,29.728050277664828,0.0,4.642,2.1428158674606723,0.0,0.0
PTK-10,SRI,47,pertumbuhan,23.291412165979555,0.0,4.692,1.7446381116852716,0.0,0.0
PTK-10,SRI,48,pertumbuhan,17.491518442368367,0.0,4.433,1.3668937236111895,0.0,0.0
PTK-10,SRI,49,pertumbuhan,11.907000745419735,0.0,4.558,1.0265176969486325,0.0,0.0
PTK-10,SRI,50,pertumbuhan,6.7812193890140104,0.0,4.427,0.6987813564057247,0.0,0.0
PTK-10,SRI,51,reproduktif,4.974879503954218,0.0,3.291,0.5153398850597916,0.0,2.0
PTK-10,SRI,52,reproduktif,0.43192075447102685,0.0,4.251,0.2919587494831909,0.0,0.0
PTK-10,SRI,53,reproduktif,-2.6844272048616498,0.0,3.091,0.02534795933267649,0.0,0.0
PTK-10,SRI,54,reproduktif,-7.917785954158062,0.0,4.177,1.0563587492964126,0.0,0.0
PTK-10,SRI,55,reproduktif,-0.0972765874535253,0.0,3.281,0.19849063329546388,0.0,11.3
PTK-10,SRI,56,reproduktif,-5.447635336749938,0.0,4.294,1.0563587492964126,0.0,0.0
PTK-10,SRI,57,reproduktif,-11.701994086046351,0.0,5.198,1.0563587492964126,0.0,0.0
PTK-10,SRI,58,reproduktif,-17.274352835342764,0.0,4.516,1.0563587492964126,0.0,0.0
PTK-10,SRI,59,reproduktif,-22.457711584639178,0.0,4.127,1.0563587492964126,0.0,0.0
PTK-10,SRI,60,reproduktif,-15.18807033393559,0.0,4.074,1.0563587492964126,0.0,12.4
PTK-10,SRI,61,reproduktif,-20.086429083232,0.0,3.842,1.0563587492964126,0.0,0.0
PTK-10,SRI,62,reproduktif,-24.928787832528414,0.0,3.786,1.0563587492964126,0.0,0.0
PTK-10,SRI,63,reproduktif,-30.798146581824827,0.0,4.813,1.0563587492964126,0.0,0.0
PTK-10,SRI,64,reproduktif,-0.12943298591567043,35.798146581824824,4.836,0.2934329859156702,0.0,0.0
PTK-10,SRI,65,reproduktif,-6.5747917352120835,0.0,5.389,1.0563587492964126,0.0,0.0
PTK-10,SRI,66,reproduktif,-12.375150484508495,0.0,4.744,1.0563587492964126,0.0,0.0
PTK-10,SRI,67,reproduktif,-17.481509233804907,0.0,4.05,1.0563587492964126,0.0,0.0
PTK-10,SRI,68,reproduktif,-23.62986798310132,0.0,5.092,1.0563587492964126,0.0,0.0
PTK-10,SRI,69,reproduktif,-30.021226732397732,0.0,5.335,1.0563587492964126,0.0,0.0
PTK-10,SRI,70,reproduktif,0.15656701408433005,35.021226732397736,4.55,0.2934329859156702,0.0,0.0
PTK-10,SRI,71,reproduktif,-6.025621371203403,0.0,6.173,0.00918838528773315,0.0,0.0
PTK-10,SRI,72,reproduktif,-12.173980120499817,0.0,5.092,1.0563587492964126,0.0,0.0
PTK-10,SRI,73,reproduktif,-18.803338869796228,0.0,5.573,1.0563587492964126,0.0,0.0
PTK-10,SRI,74,reproduktif,-25.55869761909264,0.0,5.699,1.0563587492964126,0.0,0.0
PTK-10,SRI,75,reproduktif,-0.7524329859156698,30.55869761909264,5.459,0.2934329859156702,0.0,0.0
PTK-10,SRI,76,reproduktif,-6.784791735212083,0.0,4.976,1.0563587492964126,0.0,0.0
PTK-10,SRI,77,reproduktif,-13.160150484508495,0.0,5.319,1.0563587492964126,0.0,0.0
PTK-10,SRI,78,reproduktif,-19.39050923380491,0.0,5.174,1.0563587492964126,0.0,0.0
PTK-10,SRI,79,reproduktif,-25.481867983101324,0.0,5.035,1.0563587492964126,0.0,0.0
PTK-10,SRI,80,reproduktif,0.01056701408433014,30.481867983101324,4.696,0.2934329859156702,0.0,0.0
PTK-10,SRI,81,reproduktif,-5.578053128014665,0.0,5.588,0.0006201420989955869,0.0,0.0
PTK-10,SRI,82,reproduktif,-11.604411877311078,0.0,4.97,1.0563587492964126,0.0,0.0
PTK-10,SRI,83,reproduktif,-17.68977062660749,0.0,5.029,1.0563587492964126,0.0,0.0
PTK-10,SRI,84,reproduktif,-24.180129375903903,0.0,5.434,1.0563587492964126,0.0,0.0
PTK-10,SRI,85,reproduktif,-31.092488125200315,0.0,5.856,1.0563587492964126,0.0,0.0
PTK-10,SRI,86,reproduktif,0.42956701408432973,36.09248812520032,4.277,0.2934329859156702,0.0,0.0
PTK-10,SRI,87,reproduktif,-4.788642812234398,0.0,5.193,0.025209826318728725,0.0,0.0
PTK-10,SRI,88,reproduktif,-11.30700156153081,0.0,5.462,1.0563587492964126,0.0,0.0
PTK-10,SRI,89,reproduktif,-17.937360310827223,0.0,5.574,1.0563587492964126,0.0,0.0
PTK-10,SRI,90,reproduktif,-24.322719060123635,0.0,5.329,1.0563587492964126,0.0,0.0
PTK-10,SRI,91,pemasakan,-30.693077809420046,0.0,5.314,1.0563587492964126,0.0,0.0
PTK-10,SRI,92,pemasakan,-6.820358749296413,30.693077809420046,5.764,1.0563587492964126,0.0,0.0
PTK-10,SRI,93,pemasakan,-14.118717498592826,0.0,6.242,1.0563587492964126,0.0,0.0
PTK-10,SRI,94,pemasakan,-21.039076247889238,0.0,5.864,1.0563587492964126,0.0,0.0
PTK-10,SRI,95,pemasakan,-28.47043499718565,0.0,6.375,1.0563587492964126,0.0,0.0
PTK-10,SRI,96,pemasakan,-30.63779374648206,0.0,4.911,1.0563587492964126,0.0,3.8
PTK-10,SRI,97,pemasakan,-32.29315249577847,0.0,4.399,1.0563587492964126,0.0,3.8
PTK-10,SRI,98,pemasakan,-5.807358749296413,32.29315249577847,4.751,1.0563587492964126,0.0,0.0
PTK-10,SRI,99,pemasakan,-12.557717498592826,0.0,5.694,1.0563587492964126,0.0,0.0
PTK-10,SRI,100,pemasakan,-19.20707624788924,0.0,5.593,1.0563587492964126,0.0,0.0
PTK-10,SRI,101,pemasakan,-26.307434997185652,0.0,6.044,1.0563587492964126,0.0,0.0
PTK-10,SRI,102,pemasakan,-32.803793746482064,0.0,5.44,1.0563587492964126,0.0,0.0
PTK-10,SRI,103,pemasakan,-7.448358749296413,32.803793746482064,6.392,1.0563587492964126,0.0,0.0
PTK-10,SRI,104,pemasakan,-13.761717498592827,0.0,5.257,1.0563587492964126,0.0,0.0
PTK-10,SRI,105,pemasakan,-20.65307624788924,0.0,5.835,1.0563587492964126,0.0,0.0
PTK-10,SRI,106,pemasakan,-27.37543499718565,0.0,5.666,1.0563587492964126,0.0,0.0
PTK-10,SRI,107,pemasakan,-34.364793746482064,0.0,5.933,1.0563587492964126,0.0,0.0
PTK-10,SRI,108,pemasakan,-7.040358749296413,34.364793746482064,5.984,1.0563587492964126,0.0,0.0
PTK-10,SRI,109,pemasakan,-15.058717498592825,0.0,6.962,1.0563587492964126,0.0,0.0
PTK-10,SRI,110,pemasakan,-20.748076247889237,0.0,4.633,1.0563587492964126,0.0,0.0
PTK-11,FL,1,awal,14.854668187912514,0.0,3.936,1.2093318120874856,0.0,0.0
PTK-11,FL,2,awal,10.837457048030185,0.0,3.119,0.8982111398823284,0.0,0.0
PTK-11,FL,3,awal,9.822893174882642,0.0,2.896,0.8185638731475423,0.0,2.7
PTK-11,FL,4,awal,12.933530203314579,0.0,3.154,1.0353629715680632,0.0,7.3
PTK-11,FL,5,awal,9.274483727441446,0.0,2.877,0.7820464758731323,0.0,0.0
PTK-11,FL,6,awal,11.59365447789888,0.0,3.227,0.9538292495425659,0.0,6.5
PTK-11,FL,7,awal,9.763065810249948,0.0,2.257,0.7735886676489313,0.0,1.2
PTK-11,FL,8,awal,37.52204906255103,0.0,3.219,2.622016747698923,0.0,33.6
PTK-11,FL,9,awal,50.0,0.0,2.34,4.856800457169738,23.125248605381287,42.8
PTK-11,FL,10,awal,42.60267046978129,0.0,4.374,3.023329530218714,0.0,0.0
PTK-11,FL,11,awal,40.286325782139706,0.0,2.371,2.7453446876415786,0.0,2.8
PTK-11,FL,12,awal,35.35625569599574,0.0,2.682,2.4480700861439653,0.0,0.2
PTK-11,FL,13,awal,29.992383457522394,0.0,3.226,2.1378722384733506,0.0,0.0
PTK-11,FL,14,awal,24.37984628574698,0.0,3.799,1.813537171775414,0.0,0.0
PTK-11,FL,15,awal,18.62668010138914,0.0,4.279,1.4741661843578375,0.0,0.0
PTK-11,FL,16,awal,14.4483882613798,0.0,3.052,1.126291840009342,0.0,0.0
PTK-11,FL,17,awal,9.4067434834859,0.0,4.168,0.8736447778938994,0.0,0.0
PTK-11,FL,18,awal,15.821668187912515,10.5932565165141,2.969,1.2093318120874856,0.0,0.0
PTK-11,FL,19,awal,10.275985854915756,0.0,4.589,0.9566823329967583,0.0,0.0
PTK-11,FL,20,awal,7.018212093626287,0.0,3.482,0.675773761289469,0.0,0.9
PTK-11,FL,21,pertumbuhan,14.549668187912514,12.981787906373713,4.241,1.2093318120874856,0.0,0.0
PTK-11,FL,22,pertumbuhan,9.76489935816452,0.0,3.905,0.8797688297479942,0.0,0.0
PTK-11,FL,23,pertumbuhan,13.418668187912514,10.23510064183548,5.372,1.2093318120874856,0.0,0.0
PTK-11,FL,24,pertumbuhan,8.874287072138067,0.0,3.733,0.8113811157744469,0.0,0.0
PTK-11,FL,25,pertumbuhan,15.775668187912515,11.125712927861933,3.015,1.2093318120874856,0.0,0.0
PTK-11,FL,26,pertumbuhan,10.648767318083557,0.0,4.173,0.9539008698289572,0.0,0.0
PTK-11,FL,27,pertumbuhan,6.105872664219758,0.0,3.899,0.6438946538637991,0.0,0.0
PTK-11,FL,28,pertumbuhan,15.244668187912515,13.894127335780242,3.546,1.2093318120874856,0.0,0.0
PTK-11,FL,29,pertumbuhan,10.32187507769448,0.0,4.001,0.9217931102180343,0.0,0.0
PTK-11,FL,30,pertumbuhan,5.529746483102034,0.0,4.168,0.6241285945924461,0.0,0.0
PTK-11,FL,31,pertumbuhan,15.383668187912514,14.470253516897966,3.407,1.2093318120874856,0.0,0.0
PTK-11,FL,32,pertumbuhan,10.121470221600472,0.0,4.332,0.9301979663120423,0.0,0.0
PTK-11,FL,33,pertumbuhan,4.640459425396591,0.0,4.869,0.6120107962038811,0.0,0.0
PTK-11,FL,34,pertumbuhan,15.963668187912514,15.25954057460341,2.827,1.2093318120874856,0.0,0.1
PTK-11,FL,35,pertumbuhan,10.605399599049935,0.0,4.393,0.9652685888625794,0.0,0.0
PTK-11,FL,36,pertumbuhan,25.057748772150468,0.0,3.791,1.8566508268994706,0.0,20.1
PTK-11,FL,37,pertumbuhan,19.654592135677582,0.0,3.888,1.5151566364728846,0.0,0.0
PTK-11,FL,38,pertumbuhan,14.340145959513611,0.0,4.126,1.1884461761639706,0.0,0.0
PTK-11,FL,39,pertumbuhan,8.42804622457273,0.0,5.045,0.8670997349408816,0.0,0.0
PTK-11,FL,40,pertumbuhan,13.966668187912514,11.57195377542727,4.824,1.2093318120874856,0.0,0.0
PTK-11,FL,41,pertumbuhan,8.71615138048687,0.0,4.406,0.844516807425644,0.0,0.0
PTK-11,FL,42,pertumbuhan,14.715668187912513,11.28384861951313,4.075,1.2093318120874856,0.0,0.0
PTK-11,FL,43,pertumbuhan,11.270581949761567,0.0,3.119,0.9260862381509448,0.0,0.6
PTK-11,FL,44,pertumbuhan,11.844382059626913,0.0,4.194,1.032199890134654,0.0,5.8
PTK-11,FL,45,pertumbuhan,50.0,0.0,3.204,4.217204996954527,12.323177062672386,57.9
PTK-11,FL,46,pertumbuhan,42.04467046978129,0.0,4.932,3.023329530218714,0.0,0.0
PTK-11,FL,47,pertumbuhan,34.5163725933892,0.0,4.986,2.54229787639209,0.0,0.0
PTK-11,FL,48,pertumbuhan,27.719285222636692,0.0,4.71,2.0870873707525095,0.0,0.0
PTK-11,FL,49,pertumbuhan,21.200194551233636,0.0,4.843,1.6760906714030546,0.0,0.0
PTK-11,FL,50,pertumbuhan,15.215291066571105,0.0,4.703,1.2819034846625306,0.0,0.0
PTK-11,FL,51,reproduktif,12.658341109513607,0.0,3.516,1.040949957057497,0.0,2.0
PTK-11,FL,52,reproduktif,7.349934379914127,0.0,4.543,0.7654067295994802,0.0,0.0
PTK-11,FL,53,reproduktif,3.602508906794844,0.0,3.303,0.44442547311928304,0.0,0.0
PTK-11,FL,54,reproduktif,4.931334093956257,6.397491093205156,4.464,0.6046659060437428,0.0,0.0
PTK-11,FL,55,reproduktif,11.742880660334182,0.0,3.507,0.9814534336220753,0.0,11.3
PTK-11,FL,56,reproduktif,6.44382870292973,0.0,4.589,0.7100519574044513,0.0,0.0
PTK-11,FL,57,reproduktif,0.4991923508249627,0.0,5.555,0.38963635210476816,0.0,0.0
PTK-11,FL,58,reproduktif,4.570334093956257,9.500807649175037,4.825,0.6046659060437428,0.0,0.0
PTK-11,FL,59,reproduktif,4.985334093956257,5.429665906043743,4.41,0.6046659060437428,0.0,0.0
PTK-11,FL,60,reproduktif,11.981102214776733,0.0,4.353,1.0512318791795232,0.0,12.4
PTK-11,FL,61,reproduktif,7.150645812166666,0.0,4.106,0.7244564026100667,0.0,0.0
PTK-11,FL,62,reproduktif,2.672270639285501,0.0,4.046,0.4323751728811652,0.0,0.0
PTK-11,FL,63,reproduktif,4.251334093956257,7.327729360714499,5.144,0.6046659060437428,0.0,0.0
PTK-11,FL,64,reproduktif,4.227334093956257,5.748665906043743,5.168,0.6046659060437428,0.0,0.0
PTK-11,FL,65,reproduktif,3.637334093956257,5.772665906043743,5.758,0.6046659060437428,0.0,0.0
PTK-11,FL,66,reproduktif,4.325334093956257,6.362665906043743,5.07,0.6046659060437428,0.0,0.0
PTK-11,FL,67,reproduktif,5.067334093956257,5.674665906043743,4.328,0.6046659060437428,0.0,0.0
PTK-11,FL,68,reproduktif,-0.680070322158584,0.0,5.441,0.30640441611484087,0.0,0.0
PTK-11,FL,69,reproduktif,3.6943340939562574,10.680070322158585,5.701,0.6046659060437428,0.0,0.0
PTK-11,FL,70,reproduktif,4.533334093956257,6.3056659060437426,4.862,0.6046659060437428,0.0,0.0
PTK-11,FL,71,reproduktif,2.7983340939562567,5.466665906043743,6.597,0.6046659060437428,0.0,0.0
PTK-11,FL,72,reproduktif,3.9543340939562572,7.201665906043743,5.441,0.6046659060437428,0.0,0.0
PTK-11,FL,73,reproduktif,3.4393340939562567,6.045665906043743,5.956,0.6046659060437428,0.0,0.0
PTK-11,FL,74,reproduktif,3.305334093956257,6.560665906043743,6.09,0.6046659060437428,0.0,0.0
PTK-11,FL,75,reproduktif,3.5613340939562574,6.694665906043743,5.834,0.6046659060437428,0.0,0.0
PTK-11,FL,76,reproduktif,4.078334093956257,6.438665906043743,5.317,0.6046659060437428,0.0,0.0
PTK-11,FL,77,reproduktif,3.711334093956257,5.921665906043743,5.684,0.6046659060437428,0.0,0.0
PTK-11,FL,78,reproduktif,3.865334093956257,6.288665906043743,5.53,0.6046659060437428,0.0,0.0
PTK-11,FL,79,reproduktif,4.015334093956257,6.134665906043743,5.38,0.6046659060437428,0.0,0.0
PTK-11,FL,80,reproduktif,4.377334093956257,5.984665906043743,5.018,0.6046659060437428,0.0,0.0
PTK-11,FL,81,reproduktif,3.424334093956257,5.622665906043743,5.971,0.6046659060437428,0.0,0.0
PTK-11,FL,82,reproduktif,4.083334093956257,6.575665906043743,5.312,0.6046659060437428,0.0,0.0
PTK-11,FL,83,reproduktif,4.021334093956257,5.916665906043743,5.374,0.6046659060437428,0.0,0.0
PTK-11,FL,84,reproduktif,3.589334093956257,5.978665906043743,5.806,0.6046659060437428,0.0,0.0
PTK-11,FL,85,reproduktif,3.137334093956257,6.410665906043743,6.258,0.6046659060437428,0.0,0.0
PTK-11,FL,86,reproduktif,4.825334093956257,6.862665906043743,4.57,0.6046659060437428,0.0,0.0
PTK-11,FL,87,reproduktif,3.8463340939562567,5.174665906043743,5.549,0.6046659060437428,0.0,0.0
PTK-11,FL,88,reproduktif,3.5583340939562573,6.153665906043743,5.837,0.6046659060437428,0.0,0.0
PTK-11,FL,89,reproduktif,3.438334093956257,6.441665906043743,5.957,0.6046659060437428,0.0,0.0
PTK-11,FL,90,reproduktif,3.700334093956257,6.561665906043743,5.695,0.6046659060437428,0.0,0.0
PTK-11,FL,91,pemasakan,-1.8894124928024043,0.0,5.366,0.22374658675866121,0.0,0.0
PTK-11,FL,92,pemasakan,3.576334093956257,11.889412492802403,5.819,0.6046659060437428,0.0,0.0
PTK-11,FL,93,pemasakan,-2.9419146355674615,0.0,6.302,0.21624872952371882,0.0,0.0
PTK-11,FL,94,pemasakan,3.475334093956257,12.94191463556746,5.92,0.6046659060437428,0.0,0.0
PTK-11,FL,95,pemasakan,-3.1718075099164205,0.0,6.437,0.21014160387267702,0.0,0.0
PTK-11,FL,96,pemasakan,-4.367792168035047,0.0,4.958,0.037984658118626245,0.0,3.8
PTK-11,FL,97,pemasakan,4.953334093956257,10.567792168035048,4.442,0.6046659060437428,0.0,3.8
PTK-11,FL,98,pemasakan,-0.14217713082968597,0.0,4.796,0.29951122478594217,0.0,0.0
PTK-11,FL,99,pemasakan,3.6463340939562574,10.142177130829687,5.749,0.6046659060437428,0.0,0.0
PTK-11,FL,100,pemasakan,-2.221147296909768,0.0,5.647,0.22048139086602503,0.0,0.0
PTK-11,FL,101,pemasakan,3.2923340939562573,12.221147296909768,6.103,0.6046659060437428,0.0,0.0
PTK-11,FL,102,pemasakan,-2.3997421238358196,0.0,5.493,0.19907621779207654,0.0,0.0
PTK-11,FL,103,pemasakan,2.942334093956257,12.39974212383582,6.453,0.6046659060437428,0.0,0.0
PTK-11,FL,104,pemasakan,-2.5435788171242883,0.0,5.308,0.1779129110805455,0.0,0.0
PTK-11,FL,105,pemasakan,3.5033340939562567,12.543578817124288,5.892,0.6046659060437428,0.0,0.0
PTK-11,FL,106,pemasakan,-2.4285005744533423,0.0,5.72,0.21183466840959947,0.0,0.0
PTK-11,FL,107,pemasakan,3.405334093956257,12.428500574453341,5.99,0.6046659060437428,0.0,0.0
PTK-11,FL,108,pemasakan,-2.842574848574114,0.0,6.042,0.20590894253037081,0.0,0.0
PTK-11,FL,109,pemasakan,2.366334093956257,12.842574848574113,7.029,0.6046659060437428,0.0,0.0
PTK-11,FL,110,pemasakan,-2.4547500609361688,0.0,4.678,0.14308415489242596,0.0,0.0
PTK-11,SRI,1,awal,14.893668187912514,0.0,3.897,1.2093318120874856,0.0,0.0
PTK-11,SRI,2,awal,10.905098850996616,0.0,3.088,0.9005693369158989,0.0,0.0
PTK-11,SRI,3,awal,9.91544490864136,0.0,2.867,0.8226539423552552,0.0,2.7
PTK-11,SRI,4,awal,13.051485649278384,0.0,3.123,1.0409592593629766,0.0,7.3
PTK-11,SRI,5,awal,9.4133068097446,0.0,2.849,0.7891788395337821,0.0,0.0
PTK-11,SRI,6,awal,11.756083401717973,0.0,3.195,0.9622234080266281,0.0,6.5
PTK-11,SRI,7,awal,9.937673210830162,0.0,2.235,0.7834101908878095,0.0,1.2
PTK-11,SRI,8,awal,37.71809854892386,0.0,3.187,2.632574661906301,0.0,33.6
PTK-11,SRI,9,awal,40.0,0.0,2.317,4.868654901200442,33.33244364772342,42.8
PTK-11,SRI,10,awal,33.25033637582503,0.0,4.331,2.4186636241749713,0.0,0.0
PTK-11,SRI,11,awal,31.522495445038032,0.0,2.348,2.1798409307869937,0.0,2.8
PTK-11,SRI,12,awal,27.149344300013787,0.0,2.655,1.9181511450242426,0.0,0.2
PTK-11,SRI,13,awal,22.313716013047653,0.0,3.194,1.641628286966136,0.0,0.0
PTK-11,SRI,14,awal,17.20348168202443,0.0,3.761,1.349234331023223,0.0,0.0
PTK-11,SRI,15,awal,11.926245798187608,0.0,4.237,1.0402358838368235,0.0,0.0
PTK-11,SRI,16,awal,8.18310637606146,0.0,3.022,0.7211394221261491,0.0,0.0
PTK-11,SRI,17,awal,3.561301832948107,0.0,4.127,0.49480454311335315,0.0,0.0
PTK-11,SRI,18,awal,0.40596205299662635,0.0,2.94,0.21533977995148093,0.0,0.0
PTK-11,SRI,19,awal,-4.162585088262832,0.0,4.544,0.0245471412594583,0.0,0.0
PTK-11,SRI,20,awal,5.947334093956258,13.262585088262831,3.448,0.6046659060437428,0.0,0.9
PTK-11,SRI,21,pertumbuhan,1.5957190781095676,0.0,3.992,0.35961501584669026,0.0,0.0
PTK-11,SRI,22,pertumbuhan,-2.175768614106073,0.0,3.675,0.09648769221564077,0.0,0.0
PTK-11,SRI,23,pertumbuhan,-8.682966788611056,0.0,5.056,1.4511981745049827,0.0,0.0
PTK-11,SRI,24,pertumbuhan,-13.648164963116038,0.0,3.514,1.4511981745049827,0.0,0.0
PTK-11,SRI,25,pertumbuhan,-17.93736313762102,0.0,2.838,1.4511981745049827,0.0,0.0
PTK-11,SRI,26,pertumbuhan,-23.315561312126,0.0,3.927,1.4511981745049827,0.0,0.0
PTK-11,SRI,27,pertumbuhan,5.725334093956257,33.315561312126,3.67,0.6046659060437428,0.0,0.0
PTK-11,SRI,28,pertumbuhan,2.0421426612237377,0.0,3.337,0.3461914327325192,0.0,0.0
PTK-11,SRI,29,pertumbuhan,-1.8473387430282053,0.0,3.766,0.12348140425194315,0.0,0.0
PTK-11,SRI,30,pertumbuhan,-7.221536917533188,0.0,3.923,1.4511981745049827,0.0,0.0
PTK-11,SRI,31,pertumbuhan,-11.87873509203817,0.0,3.206,1.4511981745049827,0.0,0.0
PTK-11,SRI,32,pertumbuhan,-17.406933266543152,0.0,4.077,1.4511981745049827,0.0,0.0
PTK-11,SRI,33,pertumbuhan,-23.441131441048135,0.0,4.583,1.4511981745049827,0.0,0.0
PTK-11,SRI,34,pertumbuhan,6.734334093956257,33.341131441048134,2.661,0.6046659060437428,0.0,0.1
PTK-11,SRI,35,pertumbuhan,2.192131871303924,0.0,4.135,0.40720222265233275,0.0,0.0
PTK-11,SRI,36,pertumbuhan,17.37620265974307,0.0,3.568,1.3479292115608585,0.0,20.1
PTK-11,SRI,37,pertumbuhan,12.665522927257744,0.0,3.66,1.0506797324853236,0.0,0.0
PTK-11,SRI,38,pertumbuhan,8.016681937624934,0.0,3.883,0.7658409896328101,0.0,0.0
PTK-11,SRI,39,pertumbuhan,2.783940512897085,0.0,4.748,0.48474142472784887,0.0,0.0
PTK-11,SRI,40,pertumbuhan,-1.924394878363195,0.0,4.54,0.1683353912602798,0.0,0.0
PTK-11,SRI,41,pertumbuhan,-7.522593052868178,0.0,4.147,1.4511981745049827,0.0,0.0
PTK-11,SRI,42,pertumbuhan,-12.80879122737316,0.0,3.835,1.4511981745049827,0.0,0.0
PTK-11,SRI,43,pertumbuhan,-16.595989401878143,0.0,2.936,1.4511981745049827,0.0,0.6
PTK-11,SRI,44,pertumbuhan,-16.195187576383127,0.0,3.948,1.4511981745049827,0.0,5.8
PTK-11,SRI,45,pertumbuhan,36.16806460456581,0.0,3.015,2.521747819051064,0.0,57.9
PTK-11,SRI,46,pertumbuhan,29.339105049168964,0.0,4.642,2.186959555396841,0.0,0.0
PTK-11,SRI,47,pertumbuhan,22.87306939546213,0.0,4.692,1.77403565370683,0.0,0.0
PTK-11,SRI,48,pertumbuhan,17.05701287246128,0.0,4.433,1.3830565230008514,0.0,0.0
PTK-11,SRI,49,pertumbuhan,11.46763345816862,0.0,4.558,1.0313794142926582,0.0,0.0
PTK-11,SRI,50,pertumbuhan,6.347224760652514,0.0,4.427,0.6934086975161069,0.0,0.0
PTK-11,SRI,51,reproduktif,4.551496538367442,0.0,3.291,0.5047282222850716,0.0,2.0
PTK-11,SRI,52,reproduktif,0.02528306054475138,0.0,4.251,0.27521347782269084,0.0,0.0
PTK-11,SRI,53,reproduktif,-3.067245719926434,0.0,3.091,0.0015287804711850898,0.0,0.0
PTK-11,SRI,54,reproduktif,-8.332644350805172,0.0,4.177,1.088398630878737,0.0,0.0
PTK-11,SRI,55,reproduktif,-0.49307023002261197,0.0,3.281,0.179425879217441,0.0,11.3
PTK-11,SRI,56,reproduktif,-5.875468860901348,0.0,4.294,1.088398630878737,0.0,0.0
PTK-11,SRI,57,reproduktif,-12.161867491780086,0.0,5.198,1.088398630878737,0.0,0.0
PTK-11,SRI,58,reproduktif,-17.766266122658823,0.0,4.516,1.088398630878737,0.0,0.0
PTK-11,SRI,59,reproduktif,-22.981664753537558,0.0,4.127,1.088398630878737,0.0,0.0
PTK-11,SRI,60,reproduktif,-15.744063384416295,0.0,4.074,1.088398630878737,0.0,12.4
PTK-11,SRI,61,reproduktif,-20.67446201529503,0.0,3.842,1.088398630878737,0.0,0.0
PTK-11,SRI,62,reproduktif,-25.548860646173768,0.0,3.786,1.088398630878737,0.0,0.0
PTK-11,SRI,63,reproduktif,-0.11533295302187074,30.548860646173768,4.813,0.3023329530218714,0.0,0.0
PTK-11,SRI,64,reproduktif,-6.0397315839006085,0.0,4.836,1.088398630878737,0.0,0.0
PTK-11,SRI,65,reproduktif,-12.517130214779346,0.0,5.389,1.088398630878737,0.0,0.0
PTK-11,SRI,66,reproduktif,-18.349528845658085,0.0,4.744,1.088398630878737,0.0,0.0
PTK-11,SRI,67,reproduktif,-23.48792747653682,0.0,4.05,1.088398630878737,0.0,0.0
PTK-11,SRI,68,reproduktif,-29.66832610741556,0.0,5.092,1.088398630878737,0.0,0.0
PTK-11,SRI,69,reproduktif,-0.637332953021871,34.66832610741556,5.335,0.3023329530218714,0.0,0.0
PTK-11,SRI,70,reproduktif,-6.275731583900607,0.0,4.55,1.088398630878737,0.0,0.0
PTK-11,SRI,71,reproduktif,-13.537130214779346,0.0,6.173,1.088398630878737,0.0,0.0
PTK-11,SRI,72,reproduktif,-19.71752884565808,0.0,5.092,1.088398630878737,0.0,0.0
PTK-11,SRI,73,reproduktif,-26.378927476536816,0.0,5.573,1.088398630878737,0.0,0.0
PTK-11,SRI,74,reproduktif,-1.0013329530218709,31.378927476536816,5.699,0.3023329530218714,0.0,0.0
PTK-11,SRI,75,reproduktif,-7.548731583900608,0.0,5.459,1.088398630878737,0.0,0.0
PTK-11,SRI,76,reproduktif,-13.613130214779344,0.0,4.976,1.088398630878737,0.0,0.0
PTK-11,SRI,77,reproduktif,-20.02052884565808,0.0,5.319,1.088398630878737,0.0,0.0
PTK-11,SRI,78,reproduktif,-26.28292747653682,0.0,5.174,1.088398630878737,0.0,0.0
PTK-11,SRI,79,reproduktif,-0.33733295302187116,31.28292747653682,5.035,0.3023329530218714,0.0,0.0
PTK-11,SRI,80,reproduktif,-6.121731583900608,0.0,4.696,1.088398630878737,0.0,0.0
PTK-11,SRI,81,reproduktif,-12.798130214779345,0.0,5.588,1.088398630878737,0.0,0.0
PTK-11,SRI,82,reproduktif,-18.856528845658083,0.0,4.97,1.088398630878737,0.0,0.0
PTK-11,SRI,83,reproduktif,-24.973927476536822,0.0,5.029,1.088398630878737,0.0,0.0
PTK-11,SRI,84,reproduktif,-31.49632610741556,0.0,5.434,1.088398630878737,0.0,0.0
PTK-11,SRI,85,reproduktif,-1.158332953021871,36.496326107415555,5.856,0.3023329530218714,0.0,0.0
PTK-11,SRI,86,reproduktif,-6.523731583900608,0.0,4.277,1.088398630878737,0.0,0.0
PTK-11,SRI,87,reproduktif,-12.805130214779345,0.0,5.193,1.088398630878737,0.0,0.0
PTK-11,SRI,88,reproduktif,-19.355528845658082,0.0,5.462,1.088398630878737,0.0,0.0
PTK-11,SRI,89,reproduktif,-26.01792747653682,0.0,5.574,1.088398630878737,0.0,0.0
PTK-11,SRI,90,reproduktif,-0.6313329530218708,31.01792747653682,5.329,0.3023329530218714,0.0,0.0
PTK-11,SRI,91,pemasakan,-7.033731583900608,0.0,5.314,1.088398630878737,0.0,0.0
PTK-11,SRI,92,pemasakan,-13.886130214779346,0.0,5.764,1.088398630878737,0.0,0.0
PTK-11,SRI,93,pemasakan,-21.216528845658083,0.0,6.242,1.088398630878737,0.0,0.0
PTK-11,SRI,94,pemasakan,-28.16892747653682,0.0,5.864,1.088398630878737,0.0,0.0
PTK-11,SRI,95,pemasakan,-35.63232610741556,0.0,6.375,1.088398630878737,0.0,0.0
PTK-11,SRI,96,pemasakan,-5.999398630878737,31.832326107415557,4.911,1.088398630878737,0.0,3.8
PTK-11,SRI,97,pemasakan,-7.686797261757474,0.0,4.399,1.088398630878737,0.0,3.8
PTK-11,SRI,98,pemasakan,-13.52619589263621,0.0,4.751,1.088398630878737,0.0,0.0
PTK-11,SRI,99,pemasakan,-20.308594523514948,0.0,5.694,1.088398630878737,0.0,0.0
PTK-11,SRI,100,pemasakan,-26.989993154393687,0.0,5.593,1.088398630878737,0.0,0.0
PTK-11,SRI,101,pemasakan,-34.12239178527243,0.0,6.044,1.088398630878737,0.0,0.0
PTK-11,SRI,102,pemasakan,-6.528398630878737,34.12239178527243,5.44,1.088398630878737,0.0,0.0
PTK-11,SRI,103,pemasakan,-14.008797261757474,0.0,6.392,1.088398630878737,0.0,0.0
PTK-11,SRI,104,pemasakan,-20.354195892636213,0.0,5.257,1.088398630878737,0.0,0.0
PTK-11,SRI,105,pemasakan,-27.27759452351495,0.0,5.835,1.088398630878737,0.0,0.0
PTK-11,SRI,106,pemasakan,-34.03199315439369,0.0,5.666,1.088398630878737,0.0,0.0
PTK-11,SRI,107,pemasakan,-7.021398630878737,34.03199315439369,5.933,1.088398630878737,0.0,0.0
PTK-11,SRI,108,pemasakan,-14.093797261757475,0.0,5.984,1.088398630878737,0.0,0.0
PTK-11,SRI,109,pemasakan,-22.144195892636212,0.0,6.962,1.088398630878737,0.0,0.0
PTK-11,SRI,110,pemasakan,-27.86559452351495,0.0,4.633,1.088398630878737,0.0,0.0
PTK-12,FL,1,awal,14.540888911428313,0.0,3.936,1.5231110885716872,0.0,0.0
PTK-12,FL,2,awal,10.314519454494036,0.0,3.119,1.1073694569342778,0.0,0.0
PTK-12,FL,3,awal,9.127391509815444,0.0,2.896,0.9911279446785906,0.0,2.7
PTK-12,FL,4,awal,12.022354401570029,0.0,3.154,1.2510371082454146,0.0,7.3
PTK-12,FL,5,awal,8.229785336581532,0.0,2.877,0.9155690649884971,0.0,0.0
PTK-12,FL,6,awal,10.381030367660134,0.0,3.227,1.1217549689213988,0.0,6.5
PTK-12,FL,7,awal,8.442070579156704,0.0,2.257,0.8819597885034297,0.0,1.2
PTK-12,FL,8,awal,35.621333384875356,0.0,3.219,3.2017371942813537,0.0,33.6
PTK-12,FL,9,awal,50.0,0.0,2.34,5.972220122954035,20.109113261921323,42.8
PTK-12,FL,10,awal,41.818222278570786,0.0,4.374,3.8077777214292183,0.0,0.0
PTK-12,FL,11,awal,38.84929682332841,0.0,2.371,3.3979254552423725,0.0,2.8
PTK-12,FL,12,awal,33.39347597370148,0.0,2.682,2.973820849626933,0.0,0.2
PTK-12,FL,13,awal,27.62437729662663,0.0,3.226,2.543098677074847,0.0,0.0
PTK-12,FL,14,awal,21.72162752785763,0.0,3.799,2.1037497687689997,0.0,0.0
PTK-12,FL,15,awal,15.788404940382433,0.0,4.279,1.6542225874751981,0.0,0.0
PTK-12,FL,16,awal,11.534030208604609,0.0,3.052,1.2023747317778246,0.0,0.0
PTK-12,FL,17,awal,6.487649743272284,0.0,4.168,0.8783804653323245,0.0,0.0
PTK-12,FL,18,awal,15.507888911428314,13.512350256727716,2.969,1.5231110885716872,0.0,0.0
PTK-12,FL,19,awal,9.737877033361595,0.0,4.589,1.181011878066719,0.0,0.0
PTK-12,FL,20,awal,6.345743609942839,0.0,3.482,0.8101334234187566,0.0,0.9
PTK-12,FL,21,pertumbuhan,14.235888911428313,13.65425639005716,4.241,1.5231110885716872,0.0,0.0
PTK-12,FL,22,pertumbuhan,9.246746898594754,0.0,3.905,1.0841420128335595,0.0,0.0
PTK-12,FL,23,pertumbuhan,13.104888911428313,10.753253101405246,5.372,1.5231110885716872,0.0,0.0
PTK-12,FL,24,pertumbuhan,8.373878830653481,0.0,3.733,0.9980100807748306,0.0,0.0
PTK-12,FL,25,pertumbuhan,15.461888911428312,11.626121169346519,3.015,1.5231110885716872,0.0,0.0
PTK-12,FL,26,pertumbuhan,10.111380188865308,0.0,4.173,1.1775087225630039,0.0,0.0
PTK-12,FL,27,pertumbuhan,5.442342424544067,0.0,3.899,0.7700377643212416,0.0,0.0
PTK-12,FL,28,pertumbuhan,14.930888911428312,14.557657575455934,3.546,1.5231110885716872,0.0,0.0
PTK-12,FL,29,pertumbuhan,9.792818788266885,0.0,4.001,1.1370701231614255,0.0,0.0
PTK-12,FL,30,pertumbuhan,14.308888911428312,10.207181211733115,4.168,1.5231110885716872,0.0,0.0
PTK-12,FL,31,pertumbuhan,9.812187543121466,0.0,3.407,1.0897013683068462,0.0,0.0
PTK-12,FL,32,pertumbuhan,14.144888911428314,10.187812456878534,4.332,1.5231110885716872,0.0,0.0
PTK-12,FL,33,pertumbuhan,8.198677054047756,0.0,4.869,1.0772118573805585,0.0,0.0
PTK-12,FL,34,pertumbuhan,15.649888911428313,11.701322945952244,2.827,1.5231110885716872,0.0,0.1
PTK-12,FL,35,pertumbuhan,10.065062944632736,0.0,4.393,1.1918259667955777,0.0,0.0
PTK-12,FL,36,pertumbuhan,24.076825851711085,0.0,3.791,2.2972370929216517,0.0,20.1
PTK-12,FL,37,pertumbuhan,18.355241830093554,0.0,3.888,1.8335840216175305,0.0,0.0
PTK-12,FL,38,pertumbuhan,12.831388211852037,0.0,4.126,1.3978536182415182,0.0,0.0
PTK-12,FL,39,pertumbuhan,6.809206728490043,0.0,5.045,0.9771814833619936,0.0,0.0
PTK-12,FL,40,pertumbuhan,13.652888911428313,13.190793271509957,4.824,1.5231110885716872,0.0,0.0
PTK-12,FL,41,pertumbuhan,8.20714558682662,0.0,4.406,1.0397433246016947,0.0,0.0
PTK-12,FL,42,pertumbuhan,14.401888911428312,11.79285441317338,4.075,1.5231110885716872,0.0,0.0
PTK-12,FL,43,pertumbuhan,10.740411743902456,0.0,3.119,1.142477167525855,0.0,0.6
PTK-12,FL,44,pertumbuhan,11.086767517068498,0.0,4.194,1.2596442268339596,0.0,5.8
PTK-12,FL,45,pertumbuhan,50.0,0.0,3.204,5.253725528498206,10.529041988570292,57.9
PTK-12,FL,46,pertumbuhan,41.26022227857078,0.0,4.932,3.8077777214292183,0.0,0.0
PTK-12,FL,47,pertumbuhan,33.132027175099594,0.0,4.986,3.142195103471186,0.0,0.0
PTK-12,FL,48,pertumbuhan,25.898839276236963,0.0,4.71,2.5231878988626333,0.0,0.0
PTK-12,FL,49,pertumbuhan,19.08349881209834,0.0,4.843,1.9723404641386224,0.0,0.0
PTK-12,FL,50,pertumbuhan,12.92718437962576,0.0,4.703,1.4533144324725802,0.0,0.0
PTK-12,FL,51,reproduktif,10.274396377137656,0.0,3.516,1.1367880024881039,0.0,2.0
PTK-12,FL,52,reproduktif,4.948944024617699,0.0,4.543,0.7824523525199567,0.0,0.0
PTK-12,FL,53,reproduktif,5.935444455714157,5.051055975382301,3.303,0.7615555442858436,0.0,0.0
PTK-12,FL,54,reproduktif,1.0194273924091775,0.0,4.464,0.45201706330497876,0.0,0.0
PTK-12,FL,55,reproduktif,7.874234569097568,0.0,3.507,0.9381928233116102,0.0,11.3
PTK-12,FL,56,reproduktif,2.685567869787217,0.0,4.589,0.5996666993103503,0.0,0.0
PTK-12,FL,57,reproduktif,3.683444455714157,7.314432130212783,5.555,0.7615555442858436,0.0,0.0
PTK-12,FL,58,reproduktif,4.413444455714156,6.316555544285843,4.825,0.7615555442858436,0.0,0.0
PTK-12,FL,59,reproduktif,4.828444455714156,5.586555544285844,4.41,0.7615555442858436,0.0,0.0
PTK-12,FL,60,reproduktif,11.563402716247175,0.0,4.353,1.312041739466982,0.0,12.4
PTK-12,FL,61,reproduktif,6.576785371310374,0.0,4.106,0.880617344936802,0.0,0.0
PTK-12,FL,62,reproduktif,2.029926635000429,0.0,4.046,0.5008587363099446,0.0,0.0
PTK-12,FL,63,reproduktif,4.094444455714156,7.970073364999571,5.144,0.7615555442858436,0.0,0.0
PTK-12,FL,64,reproduktif,4.070444455714156,5.905555544285844,5.168,0.7615555442858436,0.0,0.0
PTK-12,FL,65,reproduktif,3.4804444557141565,5.929555544285844,5.758,0.7615555442858436,0.0,0.0
PTK-12,FL,66,reproduktif,4.168444455714156,6.5195555442858435,5.07,0.7615555442858436,0.0,0.0
PTK-12,FL,67,reproduktif,4.910444455714156,5.831555544285844,4.328,0.7615555442858436,0.0,0.0
PTK-12,FL,68,reproduktif,3.7974444557141567,5.089555544285844,5.441,0.7615555442858436,0.0,0.0
PTK-12,FL,69,reproduktif,3.537444455714157,6.202555544285843,5.701,0.7615555442858436,0.0,0.0
PTK-12,FL,70,reproduktif,4.376444455714156,6.462555544285843,4.862,0.7615555442858436,0.0,0.0
PTK-12,FL,71,reproduktif,2.641444455714156,5.623555544285844,6.597,0.7615555442858436,0.0,0.0
PTK-12,FL,72,reproduktif,3.7974444557141567,7.358555544285844,5.441,0.7615555442858436,0.0,0.0
PTK-12,FL,73,reproduktif,3.282444455714156,6.202555544285843,5.956,0.7615555442858436,0.0,0.0
PTK-12,FL,74,reproduktif,3.1484444557141567,6.717555544285844,6.09,0.7615555442858436,0.0,0.0
PTK-12,FL,75,reproduktif,3.404444455714157,6.851555544285843,5.834,0.7615555442858436,0.0,0.0
PTK-12,FL,76,reproduktif,3.9214444557141563,6.595555544285843,5.317,0.7615555442858436,0.0,0.0
PTK-12,FL,77,reproduktif,3.5544444557141563,6.078555544285844,5.684,0.7615555442858436,0.0,0.0
PTK-12,FL,78,reproduktif,3.7084444557141563,6.445555544285844,5.53,0.7615555442858436,0.0,0.0
PTK-12,FL,79,reproduktif,3.8584444557141566,6.291555544285844,5.38,0.7615555442858436,0.0,0.0
PTK-12,FL,80,reproduktif,4.220444455714157,6.141555544285843,5.018,0.7615555442858436,0.0,0.0
PTK-12,FL,81,reproduktif,3.2674444557141564,5.779555544285843,5.971,0.7615555442858436,0.0,0.0
PTK-12,FL,82,reproduktif,3.9264444557141562,6.732555544285844,5.312,0.7615555442858436,0.0,0.0
PTK-12,FL,83,reproduktif,3.864444455714157,6.073555544285844,5.374,0.7615555442858436,0.0,0.0
PTK-12,FL,84,reproduktif,3.4324444557141565,6.135555544285843,5.806,0.7615555442858436,0.0,0.0
PTK-12,FL,85,reproduktif,2.9804444557141565,6.5675555442858435,6.258,0.7615555442858436,0.0,0.0
PTK-12,FL,86,reproduktif,4.668444455714156,7.0195555442858435,4.57,0.7615555442858436,0.0,0.0
PTK-12,FL,87,reproduktif,3.689444455714156,5.331555544285844,5.549,0.7615555442858436,0.0,0.0
PTK-12,FL,88,reproduktif,3.4014444557141568,6.310555544285844,5.837,0.7615555442858436,0.0,0.0
PTK-12,FL,89,reproduktif,3.2814444557141567,6.598555544285843,5.957,0.7615555442858436,0.0,0.0
PTK-12,FL,90,reproduktif,3.5434444557141562,6.718555544285843,5.695,0.7615555442858436,0.0,0.0
PTK-12,FL,91,pemasakan,-2.0924085213976484,0.0,5.366,0.2698529771118049,0.0,0.0
PTK-12,FL,92,pemasakan,3.4194444557141566,12.092408521397648,5.819,0.7615555442858436,0.0,0.0
PTK-12,FL,93,pemasakan,-3.1429652326485034,0.0,6.302,0.2604096883626605,0.0,0.0
PTK-12,FL,94,pemasakan,3.3184444557141566,13.142965232648503,5.92,0.7615555442858436,0.0,0.0
PTK-12,FL,95,pemasakan,-3.371273521651217,0.0,6.437,0.25271797736537344,0.0,0.0
PTK-12,FL,96,pemasakan,-4.561923424308083,0.0,4.958,0.032649902656866035,0.0,3.8
PTK-12,FL,97,pemasakan,4.796444455714156,10.761923424308083,4.442,0.7615555442858436,0.0,3.8
PTK-12,FL,98,pemasakan,-0.3648314310966647,0.0,4.796,0.3652758868108211,0.0,0.0
PTK-12,FL,99,pemasakan,3.489444455714157,10.364831431096665,5.749,0.7615555442858436,0.0,0.0
PTK-12,FL,100,pemasakan,-2.423296121458505,0.0,5.647,0.2657405771726614,0.0,0.0
PTK-12,FL,101,pemasakan,3.1354444557141568,12.423296121458506,6.103,0.7615555442858436,0.0,0.0
PTK-12,FL,102,pemasakan,-2.5963370551907863,0.0,5.493,0.23878151090494254,0.0,0.0
PTK-12,FL,103,pemasakan,2.785444455714156,12.596337055190787,6.453,0.7615555442858436,0.0,0.0
PTK-12,FL,104,pemasakan,-2.734682611140782,0.0,5.308,0.21212706685493796,0.0,0.0
PTK-12,FL,105,pemasakan,3.346444455714156,12.734682611140782,5.892,0.7615555442858436,0.0,0.0
PTK-12,FL,106,pemasakan,-2.6284058771752177,0.0,5.72,0.2548503328893738,0.0,0.0
PTK-12,FL,107,pemasakan,3.2484444557141563,12.628405877175219,5.99,0.7615555442858436,0.0,0.0
PTK-12,FL,108,pemasakan,-3.040942632841216,0.0,6.042,0.24738708855537253,0.0,0.0
PTK-12,FL,109,pemasakan,2.2094444557141566,13.040942632841215,7.029,0.7615555442858436,0.0,0.0
PTK-12,FL,110,pemasakan,-2.6368170117899163,0.0,4.678,0.1682614675040734,0.0,0.0
PTK-12,SRI,1,awal,14.579888911428313,0.0,3.897,1.5231110885716872,0.0,0.0
PTK-12,SRI,2,awal,10.38154938787132,0.0,3.088,1.1103395235569924,0.0,0.0
PTK-12,SRI,3,awal,9.218316741453071,0.0,2.867,0.9962326464182487,0.0,2.7
PTK-12,SRI,4,awal,12.137355171780744,0.0,3.123,1.2579615696723256,0.0,7.3
PTK-12,SRI,5,awal,8.364028159377135,0.0,2.849,0.9243270124036084,0.0,0.0
PTK-12,SRI,6,awal,10.53704985385768,0.0,3.195,1.131978305519456,0.0,6.5
PTK-12,SRI,7,awal,8.608208314881212,0.0,2.235,0.8938415389764666,0.0,1.2
PTK-12,SRI,8,awal,35.80681880922425,0.0,3.187,3.214389505656963,0.0,33.6
PTK-12,SRI,9,awal,40.0,0.0,2.317,5.986345868283746,30.30347294094051,42.8
PTK-12,SRI,10,awal,32.62277782285663,0.0,4.331,3.0462221771433744,0.0,0.0
PTK-12,SRI,11,awal,30.377136538356417,0.0,2.348,2.6976412845002087,0.0,2.8
PTK-12,SRI,12,awal,25.59351775243936,0.0,2.655,2.3286187859170577,0.0,0.2
PTK-12,SRI,13,awal,20.450429218224524,0.0,3.194,1.9490885342148359,0.0,0.0
PTK-12,SRI,14,awal,15.132015442808115,0.0,3.761,1.5574137754164097,0.0,0.0
PTK-12,SRI,15,awal,9.742628417139162,0.0,4.237,1.1523870256689526,0.0,0.0
PTK-12,SRI,16,awal,5.978673148440248,0.0,3.022,0.7419552686989141,0.0,0.0
PTK-12,SRI,17,awal,1.3963639800734908,0.0,4.127,0.45530916836675717,0.0,0.0
PTK-12,SRI,18,awal,-1.6499768930131107,0.0,2.94,0.10634087308660142,0.0,0.0
PTK-12,SRI,19,awal,4.694444455714157,11.649976893013111,4.544,0.7615555442858436,0.0,0.0
PTK-12,SRI,20,awal,1.7203964364693256,0.0,3.448,0.42604801924483154,0.0,0.9
PTK-12,SRI,21,pertumbuhan,-2.4026213079869567,0.0,3.992,0.1310177444562823,0.0,0.0
PTK-12,SRI,22,pertumbuhan,-7.905354614272981,0.0,3.675,1.8277333062860246,0.0,0.0
PTK-12,SRI,23,pertumbuhan,-14.789087920559005,0.0,5.056,1.8277333062860246,0.0,0.0
PTK-12,SRI,24,pertumbuhan,-20.13082122684503,0.0,3.514,1.8277333062860246,0.0,0.0
PTK-12,SRI,25,pertumbuhan,6.400444455714156,30.13082122684503,2.838,0.7615555442858436,0.0,0.0
PTK-12,SRI,26,pertumbuhan,1.986015059599886,0.0,3.927,0.48742939611427044,0.0,0.0
PTK-12,SRI,27,pertumbuhan,-1.8352310183674612,0.0,3.67,0.15124607796734735,0.0,0.0
PTK-12,SRI,28,pertumbuhan,-6.999964324653487,0.0,3.337,1.8277333062860246,0.0,0.0
PTK-12,SRI,29,pertumbuhan,-12.593697630939511,0.0,3.766,1.8277333062860246,0.0,0.0
PTK-12,SRI,30,pertumbuhan,-18.344430937225535,0.0,3.923,1.8277333062860246,0.0,0.0
PTK-12,SRI,31,pertumbuhan,-23.37816424351156,0.0,3.206,1.8277333062860246,0.0,0.0
PTK-12,SRI,32,pertumbuhan,5.1614444557141566,33.37816424351156,4.077,0.7615555442858436,0.0,0.0
PTK-12,SRI,33,pertumbuhan,0.18537179153690175,0.0,4.583,0.39307266417725445,0.0,0.0
PTK-12,SRI,34,pertumbuhan,-2.397360855465869,0.0,2.661,0.02173264700277115,0.0,0.1
PTK-12,SRI,35,pertumbuhan,-8.360094161751894,0.0,4.135,1.8277333062860246,0.0,0.0
PTK-12,SRI,36,pertumbuhan,7.277846800196949,0.0,3.568,0.894059038051159,0.0,20.1
PTK-12,SRI,37,pertumbuhan,3.0635983420816517,0.0,3.66,0.5542484581152973,0.0,0.0
PTK-12,SRI,38,pertumbuhan,-1.0527116882060685,0.0,3.883,0.23331003028772004,0.0,0.0
PTK-12,SRI,39,pertumbuhan,-7.628444994492093,0.0,4.748,1.8277333062860246,0.0,0.0
PTK-12,SRI,40,pertumbuhan,-13.996178300778118,0.0,4.54,1.8277333062860246,0.0,0.0
PTK-12,SRI,41,pertumbuhan,-19.970911607064142,0.0,4.147,1.8277333062860246,0.0,0.0
PTK-12,SRI,42,pertumbuhan,-25.633644913350167,0.0,3.835,1.8277333062860246,0.0,0.0
PTK-12,SRI,43,pertumbuhan,6.302444455714157,35.033644913350166,2.936,0.7615555442858436,0.0,0.6
PTK-12,SRI,44,pertumbuhan,7.232776088248098,0.0,3.948,0.9216683674660585,0.0,5.8
PTK-12,SRI,45,pertumbuhan,40.0,0.0,3.015,4.960222674473376,17.15755341377472,57.9
PTK-12,SRI,46,pertumbuhan,32.31177782285663,0.0,4.642,3.0462221771433744,0.0,0.0
PTK-12,SRI,47,pertumbuhan,25.159056468183742,0.0,4.692,2.460721354672883,0.0,0.0
PTK-12,SRI,48,pertumbuhan,18.81005457394915,0.0,4.433,1.9160018942345944,0.0,0.0
PTK-12,SRI,49,pertumbuhan,12.819564439038121,0.0,4.558,1.4324901349110266,0.0,0.0
PTK-12,SRI,50,pertumbuhan,7.416283401650209,0.0,4.427,0.9762810373879122,0.0,0.0
PTK-12,SRI,51,reproduktif,5.408181118540861,0.0,3.291,0.717102283109348,0.0,2.0
PTK-12,SRI,52,reproduktif,0.7453180870081795,0.0,4.251,0.4118630315326808,0.0,0.0
PTK-12,SRI,53,reproduktif,-2.4024420251335803,0.0,3.091,0.056760112141759786,0.0,0.0
PTK-12,SRI,54,reproduktif,-7.950242004848098,0.0,4.177,1.3707999797145185,0.0,0.0
PTK-12,SRI,55,reproduktif,-0.18634468217047395,0.0,3.281,0.25510267732237635,0.0,11.3
PTK-12,SRI,56,reproduktif,-5.851144661884992,0.0,4.294,1.3707999797145185,0.0,0.0
PTK-12,SRI,57,reproduktif,-12.41994464159951,0.0,5.198,1.3707999797145185,0.0,0.0
PTK-12,SRI,58,reproduktif,-18.306744621314028,0.0,4.516,1.3707999797145185,0.0,0.0
PTK-12,SRI,59,reproduktif,-23.804544601028546,0.0,4.127,1.3707999797145185,0.0,0.0
PTK-12,SRI,60,reproduktif,-16.849344580743065,0.0,4.074,1.3707999797145185,0.0,12.4
PTK-12,SRI,61,reproduktif,-22.062144560457583,0.0,3.842,1.3707999797145185,0.0,0.0
PTK-12,SRI,62,reproduktif,-27.218944540172103,0.0,3.786,1.3707999797145185,0.0,0.0
PTK-12,SRI,63,reproduktif,-0.1937777721429219,32.2189445401721,4.813,0.3807777721429218,0.0,0.0
PTK-12,SRI,64,reproduktif,-6.4005777518574405,0.0,4.836,1.3707999797145185,0.0,0.0
PTK-12,SRI,65,reproduktif,-13.160377731571959,0.0,5.389,1.3707999797145185,0.0,0.0
PTK-12,SRI,66,reproduktif,-19.275177711286478,0.0,4.744,1.3707999797145185,0.0,0.0
PTK-12,SRI,67,reproduktif,-24.695977691000998,0.0,4.05,1.3707999797145185,0.0,0.0
PTK-12,SRI,68,reproduktif,-31.158777670715516,0.0,5.092,1.3707999797145185,0.0,0.0
PTK-12,SRI,69,reproduktif,-0.7157777721429222,36.158777670715516,5.335,0.3807777721429218,0.0,0.0
PTK-12,SRI,70,reproduktif,-6.63657775185744,0.0,4.55,1.3707999797145185,0.0,0.0
PTK-12,SRI,71,reproduktif,-14.180377731571959,0.0,6.173,1.3707999797145185,0.0,0.0
PTK-12,SRI,72,reproduktif,-20.643177711286476,0.0,5.092,1.3707999797145185,0.0,0.0
PTK-12,SRI,73,reproduktif,-27.586977691000996,0.0,5.573,1.3707999797145185,0.0,0.0
PTK-12,SRI,74,reproduktif,-1.079777772142922,32.586977691000996,5.699,0.3807777721429218,0.0,0.0
PTK-12,SRI,75,reproduktif,-7.90957775185744,0.0,5.459,1.3707999797145185,0.0,0.0
PTK-12,SRI,76,reproduktif,-14.256377731571959,0.0,4.976,1.3707999797145185,0.0,0.0
PTK-12,SRI,77,reproduktif,-20.946177711286477,0.0,5.319,1.3707999797145185,0.0,0.0
PTK-12,SRI,78,reproduktif,-27.490977691000996,0.0,5.174,1.3707999797145185,0.0,0.0
PTK-12,SRI,79,reproduktif,-0.41577777214292233,32.49097769100099,5.035,0.3807777721429218,0.0,0.0
PTK-12,SRI,80,reproduktif,-6.48257775185744,0.0,4.696,1.3707999797145185,0.0,0.0
PTK-12,SRI,81,reproduktif,-13.441377731571958,0.0,5.588,1.3707999797145185,0.0,0.0
PTK-12,SRI,82,reproduktif,-19.782177711286476,0.0,4.97,1.3707999797145185,0.0,0.0
PTK-12,SRI,83,reproduktif,-26.181977691000995,0.0,5.029,1.3707999797145185,0.0,0.0
PTK-12,SRI,84,reproduktif,-0.8147777721429224,31.181977691000995,5.434,0.3807777721429218,0.0,0.0
PTK-12,SRI,85,reproduktif,-8.04157775185744,0.0,5.856,1.3707999797145185,0.0,0.0
PTK-12,SRI,86,reproduktif,-13.689377731571959,0.0,4.277,1.3707999797145185,0.0,0.0
PTK-12,SRI,87,reproduktif,-20.253177711286476,0.0,5.193,1.3707999797145185,0.0,0.0
PTK-12,SRI,88,reproduktif,-27.085977691000995,0.0,5.462,1.3707999797145185,0.0,0.0
PTK-12,SRI,89,reproduktif,-0.954777772142922,32.08597769100099,5.574,0.3807777721429218,0.0,0.0
PTK-12,SRI,90,reproduktif,-7.65457775185744,0.0,5.329,1.3707999797145185,0.0,0.0
PTK-12,SRI,91,pemasakan,-14.339377731571957,0.0,5.314,1.3707999797145185,0.0,0.0
PTK-12,SRI,92,pemasakan,-21.474177711286476,0.0,5.764,1.3707999797145185,0.0,0.0
PTK-12,SRI,93,pemasakan,-29.086977691000996,0.0,6.242,1.3707999797145185,0.0,0.0
PTK-12,SRI,94,pemasakan,-36.32177767071551,0.0,5.864,1.3707999797145185,0.0,0.0
PTK-12,SRI,95,pemasakan,-7.745799979714518,36.32177767071551,6.375,1.3707999797145185,0.0,0.0
PTK-12,SRI,96,pemasakan,-10.227599959429035,0.0,4.911,1.3707999797145185,0.0,3.8
PTK-12,SRI,97,pemasakan,-12.197399939143555,0.0,4.399,1.3707999797145185,0.0,3.8
PTK-12,SRI,98,pemasakan,-18.319199918858075,0.0,4.751,1.3707999797145185,0.0,0.0
PTK-12,SRI,99,pemasakan,-25.383999898572593,0.0,5.694,1.3707999797145185,0.0,0.0
PTK-12,SRI,100,pemasakan,-32.34779987828711,0.0,5.593,1.3707999797145185,0.0,0.0
PTK-12,SRI,101,pemasakan,-7.414799979714518,32.34779987828711,6.044,1.3707999797145185,0.0,0.0
PTK-12,SRI,102,pemasakan,-14.225599959429037,0.0,5.44,1.3707999797145185,0.0,0.0
PTK-12,SRI,103,pemasakan,-21.988399939143555,0.0,6.392,1.3707999797145185,0.0,0.0
PTK-12,SRI,104,pemasakan,-28.616199918858072,0.0,5.257,1.3707999797145185,0.0,0.0
PTK-12,SRI,105,pemasakan,-35.82199989857259,0.0,5.835,1.3707999797145185,0.0,0.0
PTK-12,SRI,106,pemasakan,-7.036799979714519,35.82199989857259,5.666,1.3707999797145185,0.0,0.0
PTK-12,SRI,107,pemasakan,-14.340599959429037,0.0,5.933,1.3707999797145185,0.0,0.0
PTK-12,SRI,108,pemasakan,-21.695399939143556,0.0,5.984,1.3707999797145185,0.0,0.0
PTK-12,SRI,109,pemasakan,-30.028199918858075,0.0,6.962,1.3707999797145185,0.0,0.0
PTK-12,SRI,110,pemasakan,-6.003799979714518,30.028199918858075,4.633,1.3707999797145185,0.0,0.0
PTK-13,FL,1,awal,14.508869371447432,0.0,3.936,1.555130628552569,0.0,0.0
PTK-13,FL,2,awal,10.261710014187123,0.0,3.119,1.1281593572603081,0.0,0.0
PTK-13,FL,3,awal,9.057852402113175,0.0,2.896,1.0078576120739473,0.0,2.7
PTK-13,FL,4,awal,11.931922537719753,0.0,3.154,1.2719298643934205,0.0,7.3
PTK-13,FL,5,awal,8.127137627923519,0.0,2.877,0.9277849097962342,0.0,0.0
PTK-13,FL,6,awal,10.262782141261637,0.0,3.227,1.1373554866618818,0.0,6.5
PTK-13,FL,7,awal,8.314475961446568,0.0,2.257,0.8913061798150685,0.0,1.2
PTK-13,FL,8,awal,35.43635169407777,0.0,3.219,3.2591242673687972,0.0,33.6
PTK-13,FL,9,awal,50.0,0.0,2.34,6.083387339283551,19.812964354794218,42.8
PTK-13,FL,10,awal,41.73817342861858,0.0,4.374,3.8878265713814226,0.0,0.0
PTK-13,FL,11,awal,38.70403954668703,0.0,2.371,3.463133881931547,0.0,2.8
PTK-13,FL,12,awal,33.19699637301336,0.0,2.682,3.0250431736736703,0.0,0.2
PTK-13,FL,13,awal,27.38971308123228,0.0,3.226,2.581283291781081,0.0,0.0
PTK-13,FL,14,awal,21.46098399523772,0.0,3.799,2.1297290859945637,0.0,0.0
PTK-13,FL,15,awal,15.513252318744186,0.0,4.279,1.668731676493533,0.0,0.0
PTK-13,FL,16,awal,11.254995627277024,0.0,3.052,1.2062566914671622,0.0,0.0
PTK-13,FL,17,awal,6.211846206066838,0.0,4.168,0.8751494212101867,0.0,0.0
PTK-13,FL,18,awal,15.47586937144743,13.788153793933162,2.969,1.555130628552569,0.0,0.0
PTK-13,FL,19,awal,9.683519448296606,0.0,4.589,1.2033499231508247,0.0,0.0
PTK-13,FL,20,awal,6.278581685700214,0.0,3.482,0.822937762596392,0.0,0.9
PTK-13,FL,21,pertumbuhan,14.203869371447432,13.721418314299786,4.241,1.555130628552569,0.0,0.0
PTK-13,FL,22,pertumbuhan,9.194425756272551,0.0,3.905,1.1044436151748813,0.0,0.0
PTK-13,FL,23,pertumbuhan,13.072869371447432,10.805574243727449,5.372,1.555130628552569,0.0,0.0
PTK-13,FL,24,pertumbuhan,8.323368393317198,0.0,3.733,1.0165009781302337,0.0,0.0
PTK-13,FL,25,pertumbuhan,15.429869371447431,11.676631606682802,3.015,1.555130628552569,0.0,0.0
PTK-13,FL,26,pertumbuhan,10.057096248742276,0.0,4.173,1.1997731227051538,0.0,0.0
PTK-13,FL,27,pertumbuhan,5.376091328206263,0.0,3.899,0.782004920536013,0.0,0.0
PTK-13,FL,28,pertumbuhan,14.898869371447432,14.623908671793737,3.546,1.555130628552569,0.0,0.0
PTK-13,FL,29,pertumbuhan,9.739384966930348,0.0,4.001,1.1584844045170832,0.0,0.0
PTK-13,FL,30,pertumbuhan,14.27686937144743,10.260615033069652,4.168,1.555130628552569,0.0,0.0
PTK-13,FL,31,pertumbuhan,9.759749529478333,0.0,3.407,1.110119841969098,0.0,0.0
PTK-13,FL,32,pertumbuhan,14.112869371447431,10.240250470521667,4.332,1.555130628552569,0.0,0.0
PTK-13,FL,33,pertumbuhan,8.146501600632464,0.0,4.869,1.0973677708149672,0.0,0.0
PTK-13,FL,34,pertumbuhan,15.61786937144743,11.753498399367537,2.827,1.555130628552569,0.0,0.1
PTK-13,FL,35,pertumbuhan,10.010478020833883,0.0,4.393,1.214391350613548,0.0,0.0
PTK-13,FL,36,pertumbuhan,23.978191690305998,0.0,3.791,2.3412863305278857,0.0,20.1
PTK-13,FL,37,pertumbuhan,18.22573067456102,0.0,3.888,1.8644610157449777,0.0,0.0
PTK-13,FL,38,pertumbuhan,12.682561074573025,0.0,4.126,1.4171695999879959,0.0,0.0
PTK-13,FL,39,pertumbuhan,6.65140911579517,0.0,5.045,0.9861519587778547,0.0,0.0
PTK-13,FL,40,pertumbuhan,13.62086937144743,13.34859088420483,4.824,1.555130628552569,0.0,0.0
PTK-13,FL,41,pertumbuhan,8.155757814094857,0.0,4.406,1.0591115573525738,0.0,0.0
PTK-13,FL,42,pertumbuhan,14.36986937144743,11.844242185905143,4.075,1.555130628552569,0.0,0.0
PTK-13,FL,43,pertumbuhan,10.686864253198985,0.0,3.119,1.1640051182484448,0.0,0.6
PTK-13,FL,44,pertumbuhan,11.010902874752073,0.0,4.194,1.2819613784469108,0.0,5.8
PTK-13,FL,45,pertumbuhan,50.0,0.0,3.204,5.3582727850869105,10.348630089665157,57.9
PTK-13,FL,46,pertumbuhan,41.18017342861857,0.0,4.932,3.8878265713814226,0.0,0.0
PTK-13,FL,47,pertumbuhan,32.99214597922101,0.0,4.986,3.20202744939757,0.0,0.0
PTK-13,FL,48,pertumbuhan,25.716791143522805,0.0,4.71,2.5653548356982037,0.0,0.0
PTK-13,FL,49,pertumbuhan,18.874142664753716,0.0,4.843,1.999648478769088,0.0,0.0
PTK-13,FL,50,pertumbuhan,12.70355479747225,0.0,4.703,1.4675878672814653,0.0,0.0
PTK-13,FL,51,reproduktif,10.044257376764742,0.0,3.516,1.1432974207075082,0.0,2.0
PTK-13,FL,52,reproduktif,4.720250762381145,0.0,4.543,0.7810066143835965,0.0,0.0
PTK-13,FL,53,reproduktif,5.919434685723716,5.279749237618855,3.303,0.7775653142762845,0.0,0.0
PTK-13,FL,54,reproduktif,0.9951599765494459,0.0,4.464,0.46027470917427005,0.0,0.0
PTK-13,FL,55,reproduktif,7.832130983425159,0.0,3.507,0.9560289931242865,0.0,11.3
PTK-13,FL,56,reproduktif,2.634131644467158,0.0,4.589,0.608999338958001,0.0,0.0
PTK-13,FL,57,reproduktif,3.667434685723716,7.365868355532842,5.555,0.7775653142762845,0.0,0.0
PTK-13,FL,58,reproduktif,4.397434685723716,6.332565314276284,4.825,0.7775653142762845,0.0,0.0
PTK-13,FL,59,reproduktif,4.812434685723716,5.602565314276284,4.41,0.7775653142762845,0.0,0.0
PTK-13,FL,60,reproduktif,11.521055467137236,0.0,4.353,1.338379218586478,0.0,12.4
PTK-13,FL,61,reproduktif,6.519218155627329,0.0,4.106,0.8958373115099071,0.0,0.0
PTK-13,FL,62,reproduktif,1.9663063642257264,0.0,4.046,0.5069117914016024,0.0,0.0
PTK-13,FL,63,reproduktif,4.078434685723716,8.033693635774274,5.144,0.7775653142762845,0.0,0.0
PTK-13,FL,64,reproduktif,4.054434685723716,5.921565314276284,5.168,0.7775653142762845,0.0,0.0
PTK-13,FL,65,reproduktif,3.464434685723716,5.945565314276284,5.758,0.7775653142762845,0.0,0.0
PTK-13,FL,66,reproduktif,4.1524346857237155,6.535565314276284,5.07,0.7775653142762845,0.0,0.0
PTK-13,FL,67,reproduktif,4.8944346857237155,5.8475653142762845,4.328,0.7775653142762845,0.0,0.0
PTK-13,FL,68,reproduktif,3.781434685723716,5.1055653142762845,5.441,0.7775653142762845,0.0,0.0
PTK-13,FL,69,reproduktif,3.521434685723716,6.218565314276284,5.701,0.7775653142762845,0.0,0.0
PTK-13,FL,70,reproduktif,4.360434685723716,6.478565314276284,4.862,0.7775653142762845,0.0,0.0
PTK-13,FL,71,reproduktif,2.6254346857237154,5.639565314276284,6.597,0.7775653142762845,0.0,0.0
PTK-13,FL,72,reproduktif,3.781434685723716,7.374565314276285,5.441,0.7775653142762845,0.0,0.0
PTK-13,FL,73,reproduktif,3.2664346857237154,6.218565314276284,5.956,0.7775653142762845,0.0,0.0
PTK-13,FL,74,reproduktif,3.132434685723716,6.733565314276285,6.09,0.7775653142762845,0.0,0.0
PTK-13,FL,75,reproduktif,3.388434685723716,6.867565314276284,5.834,0.7775653142762845,0.0,0.0
PTK-13,FL,76,reproduktif,3.9054346857237157,6.611565314276284,5.317,0.7775653142762845,0.0,0.0
PTK-13,FL,77,reproduktif,3.5384346857237157,6.094565314276284,5.684,0.7775653142762845,0.0,0.0
PTK-13,FL,78,reproduktif,3.6924346857237156,6.461565314276284,5.53,0.7775653142762845,0.0,0.0
PTK-13,FL,79,reproduktif,3.842434685723716,6.307565314276284,5.38,0.7775653142762845,0.0,0.0
PTK-13,FL,80,reproduktif,4.204434685723716,6.157565314276284,5.018,0.7775653142762845,0.0,0.0
PTK-13,FL,81,reproduktif,3.2514346857237157,5.795565314276284,5.971,0.7775653142762845,0.0,0.0
PTK-13,FL,82,reproduktif,3.9104346857237156,6.748565314276284,5.312,0.7775653142762845,0.0,0.0
PTK-13,FL,83,reproduktif,3.848434685723716,6.0895653142762844,5.374,0.7775653142762845,0.0,0.0
PTK-13,FL,84,reproduktif,3.416434685723716,6.151565314276284,5.806,0.7775653142762845,0.0,0.0
PTK-13,FL,85,reproduktif,2.964434685723716,6.583565314276284,6.258,0.7775653142762845,0.0,0.0
PTK-13,FL,86,reproduktif,4.6524346857237155,7.035565314276284,4.57,0.7775653142762845,0.0,0.0
PTK-13,FL,87,reproduktif,3.6734346857237155,5.3475653142762845,5.549,0.7775653142762845,0.0,0.0
PTK-13,FL,88,reproduktif,3.385434685723716,6.3265653142762845,5.837,0.7775653142762845,0.0,0.0
PTK-13,FL,89,reproduktif,3.265434685723716,6.614565314276284,5.957,0.7775653142762845,0.0,0.0
PTK-13,FL,90,reproduktif,3.5274346857237155,6.734565314276284,5.695,0.7775653142762845,0.0,0.0
PTK-13,FL,91,pemasakan,-2.112846400275667,0.0,5.366,0.2742810859993828,0.0,0.0
PTK-13,FL,92,pemasakan,3.403434685723716,12.112846400275668,5.819,0.7775653142762845,0.0,0.0
PTK-13,FL,93,pemasakan,-3.1632045903786405,0.0,6.302,0.2646392761023569,0.0,0.0
PTK-13,FL,94,pemasakan,3.302434685723716,13.16320459037864,5.92,0.7775653142762845,0.0,0.0
PTK-13,FL,95,pemasakan,-3.3913511807044507,0.0,6.437,0.2567858664281664,0.0,0.0
PTK-13,FL,96,pemasakan,-4.581126295464869,0.0,4.958,0.031775114760417625,0.0,3.8
PTK-13,FL,97,pemasakan,4.780434685723716,10.781126295464869,4.442,0.7775653142762845,0.0,3.8
PTK-13,FL,98,pemasakan,-0.3872753341544861,0.0,4.796,0.37171001987820124,0.0,0.0
PTK-13,FL,99,pemasakan,3.473434685723716,10.387275334154486,5.749,0.7775653142762845,0.0,0.0
PTK-13,FL,100,pemasakan,-2.443647547578575,0.0,5.647,0.27008223330229086,0.0,0.0
PTK-13,FL,101,pemasakan,3.119434685723716,12.443647547578575,6.103,0.7775653142762845,0.0,0.0
PTK-13,FL,102,pemasakan,-2.616121735453195,0.0,5.493,0.2425564211769104,0.0,0.0
PTK-13,FL,103,pemasakan,2.7694346857237155,12.616121735453195,6.453,0.7775653142762845,0.0,0.0
PTK-13,FL,104,pemasakan,-2.7539069494535244,0.0,5.308,0.21534163517724042,0.0,0.0
PTK-13,FL,105,pemasakan,3.3304346857237155,12.753906949453524,5.892,0.7775653142762845,0.0,0.0
PTK-13,FL,106,pemasakan,-2.6485283635844246,0.0,5.72,0.25896304930813996,0.0,0.0
PTK-13,FL,107,pemasakan,3.2324346857237156,12.648528363584425,5.99,0.7775653142762845,0.0,0.0
PTK-13,FL,108,pemasakan,-3.0609082235045166,0.0,6.042,0.2513429092282324,0.0,0.0
PTK-13,FL,109,pemasakan,2.193434685723716,13.060908223504516,7.029,0.7775653142762845,0.0,0.0
PTK-13,FL,110,pemasakan,-2.65511918735121,0.0,4.678,0.17055387307492645,0.0,0.0
PTK-13,SRI,1,awal,14.547869371447431,0.0,3.897,1.555130628552569,0.0,0.0
PTK-13,SRI,2,awal,10.328677509461446,0.0,3.088,1.1311918619859855,0.0,0.0
PTK-13,SRI,3,awal,9.14861273723657,0.0,2.867,1.013064772224875,0.0,2.7
PTK-13,SRI,4,awal,12.046625663992744,0.0,3.123,1.2789870732438249,0.0,7.3
PTK-13,SRI,5,awal,8.260921836953617,0.0,2.849,0.9367038270391272,0.0,0.0
PTK-13,SRI,6,awal,10.418163754237767,0.0,3.195,1.1477580827158511,0.0,6.5
PTK-13,SRI,7,awal,8.479775639150045,0.0,2.235,0.9033881150877227,0.0,1.2
PTK-13,SRI,8,awal,35.62079824219692,0.0,3.187,3.2719773969531243,0.0,33.6
PTK-13,SRI,9,awal,40.0,0.0,2.317,6.097729263099095,30.006068979097833,42.8
PTK-13,SRI,10,awal,32.55873874289486,0.0,4.331,3.110261257105138,0.0,0.0
PTK-13,SRI,11,awal,30.26136586259165,0.0,2.348,2.749372880303208,0.0,2.8
PTK-13,SRI,12,awal,25.43779571056855,0.0,2.655,2.368570152023096,0.0,0.2
PTK-13,SRI,13,awal,20.265840948950135,0.0,3.194,1.9779547616184157,0.0,0.0
PTK-13,SRI,14,awal,14.929039450295775,0.0,3.761,1.5758014986543607,0.0,0.0
PTK-13,SRI,15,awal,9.531209125094547,0.0,4.237,1.1608303252012284,0.0,0.0
PTK-13,SRI,16,awal,5.768095363215834,0.0,3.022,0.7411137618787131,0.0,0.0
PTK-13,SRI,17,awal,1.1925882748283847,0.0,4.127,0.44850708838744996,0.0,0.0
PTK-13,SRI,18,awal,-1.8401432528435295,0.0,2.94,0.09273152767191449,0.0,0.0
PTK-13,SRI,19,awal,4.678434685723716,11.840143252843529,4.544,0.7775653142762845,0.0,0.0
PTK-13,SRI,20,awal,1.696674953766268,0.0,3.448,0.4337597319574488,0.0,0.9
PTK-13,SRI,21,pertumbuhan,-2.427252605598729,0.0,3.992,0.13192755936499687,0.0,0.0
PTK-13,SRI,22,pertumbuhan,-7.968409359861813,0.0,3.675,1.8661567542630828,0.0,0.0
PTK-13,SRI,23,pertumbuhan,-14.890566114124896,0.0,5.056,1.8661567542630828,0.0,0.0
PTK-13,SRI,24,pertumbuhan,-20.270722868387978,0.0,3.514,1.8661567542630828,0.0,0.0
PTK-13,SRI,25,pertumbuhan,6.384434685723715,30.270722868387978,2.838,0.7775653142762845,0.0,0.0
PTK-13,SRI,26,pertumbuhan,1.9610031894355977,0.0,3.927,0.4964314962881172,0.0,0.0
PTK-13,SRI,27,pertumbuhan,-1.8614776166934308,0.0,3.67,0.15248080612902867,0.0,0.0
PTK-13,SRI,28,pertumbuhan,-7.064634370956513,0.0,3.337,1.8661567542630828,0.0,0.0
PTK-13,SRI,29,pertumbuhan,-12.696791125219596,0.0,3.766,1.8661567542630828,0.0,0.0
PTK-13,SRI,30,pertumbuhan,-18.48594787948268,0.0,3.923,1.8661567542630828,0.0,0.0
PTK-13,SRI,31,pertumbuhan,-23.558104633745764,0.0,3.206,1.8661567542630828,0.0,0.0
PTK-13,SRI,32,pertumbuhan,5.145434685723716,33.558104633745764,4.077,0.7775653142762845,0.0,0.0
PTK-13,SRI,33,pertumbuhan,0.16234353187442974,0.0,4.583,0.4000911538492856,0.0,0.0
PTK-13,SRI,34,pertumbuhan,-2.4190553912065993,0.0,2.661,0.02039892308102914,0.0,0.1
PTK-13,SRI,35,pertumbuhan,-8.420212145469682,0.0,4.135,1.8661567542630828,0.0,0.0
PTK-13,SRI,36,pertumbuhan,7.203608063151499,0.0,3.568,0.9081797913788199,0.0,20.1
PTK-13,SRI,37,pertumbuhan,2.9834804863967417,0.0,3.66,0.5601275767547572,0.0,0.0
PTK-13,SRI,38,pertumbuhan,-1.131504607807483,0.0,3.883,0.23198509420422447,0.0,0.0
PTK-13,SRI,39,pertumbuhan,-7.7456613620705665,0.0,4.748,1.8661567542630828,0.0,0.0
PTK-13,SRI,40,pertumbuhan,-14.15181811633365,0.0,4.54,1.8661567542630828,0.0,0.0
PTK-13,SRI,41,pertumbuhan,-20.164974870596733,0.0,4.147,1.8661567542630828,0.0,0.0
PTK-13,SRI,42,pertumbuhan,5.387434685723716,30.164974870596733,3.835,0.7775653142762845,0.0,0.0
PTK-13,SRI,43,pertumbuhan,2.585872532412367,0.0,2.936,0.46556215331134876,0.0,0.6
PTK-13,SRI,44,pertumbuhan,3.7858161712977587,0.0,3.948,0.6520563611146084,0.0,5.8
PTK-13,SRI,45,pertumbuhan,40.0,0.0,3.015,4.796475103762425,13.874341067535333,57.9
PTK-13,SRI,46,pertumbuhan,32.24773874289486,0.0,4.642,3.110261257105138,0.0,0.0
PTK-13,SRI,47,pertumbuhan,25.048266431863006,0.0,4.692,2.5074723110318557,0.0,0.0
PTK-13,SRI,48,pertumbuhan,18.66760011584624,0.0,4.433,1.9476663160167667,0.0,0.0
PTK-13,SRI,49,pertumbuhan,12.658072280760042,0.0,4.558,1.4515278350861986,0.0,0.0
PTK-13,SRI,50,pertumbuhan,7.246824485647931,0.0,4.427,0.9842477951121107,0.0,0.0
PTK-13,SRI,51,reproduktif,5.236823486923884,0.0,3.291,0.7190009987240477,0.0,2.0
PTK-13,SRI,52,reproduktif,0.5786262568819431,0.0,4.251,0.40719723004193975,0.0,0.0
PTK-13,SRI,53,reproduktif,-2.5573657138461487,0.0,3.091,0.04499197072809182,0.0,0.0
PTK-13,SRI,54,reproduktif,-8.133983279543461,0.0,4.177,1.399617565697312,0.0,0.0
PTK-13,SRI,55,reproduktif,-0.3611617581680364,0.0,3.281,0.2461784786245761,0.0,11.3
PTK-13,SRI,56,reproduktif,-6.054779323865349,0.0,4.294,1.399617565697312,0.0,0.0
PTK-13,SRI,57,reproduktif,-12.652396889562661,0.0,5.198,1.399617565697312,0.0,0.0
PTK-13,SRI,58,reproduktif,-18.568014455259974,0.0,4.516,1.399617565697312,0.0,0.0
PTK-13,SRI,59,reproduktif,-24.094632020957285,0.0,4.127,1.399617565697312,0.0,0.0
PTK-13,SRI,60,reproduktif,-17.168249586654596,0.0,4.074,1.399617565697312,0.0,12.4
PTK-13,SRI,61,reproduktif,-22.409867152351907,0.0,3.842,1.399617565697312,0.0,0.0
PTK-13,SRI,62,reproduktif,-27.59548471804922,0.0,3.786,1.399617565697312,0.0,0.0
PTK-13,SRI,63,reproduktif,-0.2017826571381418,32.59548471804922,4.813,0.38878265713814225,0.0,0.0
PTK-13,SRI,64,reproduktif,-6.437400222835454,0.0,4.836,1.399617565697312,0.0,0.0
PTK-13,SRI,65,reproduktif,-13.226017788532767,0.0,5.389,1.399617565697312,0.0,0.0
PTK-13,SRI,66,reproduktif,-19.369635354230077,0.0,4.744,1.399617565697312,0.0,0.0
PTK-13,SRI,67,reproduktif,-24.81925291992739,0.0,4.05,1.399617565697312,0.0,0.0
PTK-13,SRI,68,reproduktif,-31.3108704856247,0.0,5.092,1.399617565697312,0.0,0.0
PTK-13,SRI,69,reproduktif,-0.723782657138142,36.310870485624704,5.335,0.38878265713814225,0.0,0.0
PTK-13,SRI,70,reproduktif,-6.673400222835454,0.0,4.55,1.399617565697312,0.0,0.0
PTK-13,SRI,71,reproduktif,-14.246017788532766,0.0,6.173,1.399617565697312,0.0,0.0
PTK-13,SRI,72,reproduktif,-20.73763535423008,0.0,5.092,1.399617565697312,0.0,0.0
PTK-13,SRI,73,reproduktif,-27.71025291992739,0.0,5.573,1.399617565697312,0.0,0.0
PTK-13,SRI,74,reproduktif,-1.087782657138142,32.71025291992739,5.699,0.38878265713814225,0.0,0.0
PTK-13,SRI,75,reproduktif,-7.946400222835454,0.0,5.459,1.399617565697312,0.0,0.0
PTK-13,SRI,76,reproduktif,-14.322017788532765,0.0,4.976,1.399617565697312,0.0,0.0
PTK-13,SRI,77,reproduktif,-21.040635354230076,0.0,5.319,1.399617565697312,0.0,0.0
PTK-13,SRI,78,reproduktif,-27.614252919927388,0.0,5.174,1.399617565697312,0.0,0.0
PTK-13,SRI,79,reproduktif,-0.4237826571381422,32.61425291992739,5.035,0.38878265713814225,0.0,0.0
PTK-13,SRI,80,reproduktif,-6.519400222835454,0.0,4.696,1.399617565697312,0.0,0.0
PTK-13,SRI,81,reproduktif,-13.507017788532767,0.0,5.588,1.399617565697312,0.0,0.0
PTK-13,SRI,82,reproduktif,-19.87663535423008,0.0,4.97,1.399617565697312,0.0,0.0
PTK-13,SRI,83,reproduktif,-26.30525291992739,0.0,5.029,1.399617565697312,0.0,0.0
PTK-13,SRI,84,reproduktif,-0.8227826571381422,31.30525291992739,5.434,0.38878265713814225,0.0,0.0
PTK-13,SRI,85,reproduktif,-8.078400222835455,0.0,5.856,1.399617565697312,0.0,0.0
PTK-13,SRI,86,reproduktif,-13.755017788532768,0.0,4.277,1.399617565697312,0.0,0.0
PTK-13,SRI,87,reproduktif,-20.34763535423008,0.0,5.193,1.399617565697312,0.0,0.0
PTK-13,SRI,88,reproduktif,-27.20925291992739,0.0,5.462,1.399617565697312,0.0,0.0
PTK-13,SRI,89,reproduktif,-0.9627826571381419,32.209252919927394,5.574,0.38878265713814225,0.0,0.0
PTK-13,SRI,90,reproduktif,-7.691400222835454,0.0,5.329,1.399617565697312,0.0,0.0
PTK-13,SRI,91,pemasakan,-14.405017788532767,0.0,5.314,1.399617565697312,0.0,0.0
PTK-13,SRI,92,pemasakan,-21.56863535423008,0.0,5.764,1.399617565697312,0.0,0.0
PTK-13,SRI,93,pemasakan,-29.21025291992739,0.0,6.242,1.399617565697312,0.0,0.0
PTK-13,SRI,94,pemasakan,-36.4738704856247,0.0,5.864,1.399617565697312,0.0,0.0
PTK-13,SRI,95,pemasakan,-7.774617565697312,36.4738704856247,6.375,1.399617565697312,0.0,0.0
PTK-13,SRI,96,pemasakan,-10.285235131394625,0.0,4.911,1.399617565697312,0.0,3.8
PTK-13,SRI,97,pemasakan,-12.283852697091938,0.0,4.399,1.399617565697312,0.0,3.8
PTK-13,SRI,98,pemasakan,-18.43447026278925,0.0,4.751,1.399617565697312,0.0,0.0
PTK-13,SRI,99,pemasakan,-25.528087828486562,0.0,5.694,1.399617565697312,0.0,0.0
PTK-13,SRI,100,pemasakan,-32.52070539418388,0.0,5.593,1.399617565697312,0.0,0.0
PTK-13,SRI,101,pemasakan,-7.443617565697312,32.52070539418388,6.044,1.399617565697312,0.0,0.0
PTK-13,SRI,102,pemasakan,-14.283235131394624,0.0,5.44,1.399617565697312,0.0,0.0
PTK-13,SRI,103,pemasakan,-22.074852697091938,0.0,6.392,1.399617565697312,0.0,0.0
PTK-13,SRI,104,pemasakan,-28.73147026278925,0.0,5.257,1.399617565697312,0.0,0.0
PTK-13,SRI,105,pemasakan,-35.966087828486565,0.0,5.835,1.399617565697312,0.0,0.0
PTK-13,SRI,106,pemasakan,-7.065617565697313,35.966087828486565,5.666,1.399617565697312,0.0,0.0
PTK-13,SRI,107,pemasakan,-14.398235131394625,0.0,5.933,1.399617565697312,0.0,0.0
PTK-13,SRI,108,pemasakan,-21.781852697091935,0.0,5.984,1.399617565697312,0.0,0.0
PTK-13,SRI,109,pemasakan,-30.143470262789247,0.0,6.962,1.399617565697312,0.0,0.0
PTK-13,SRI,110,pemasakan,-6.032617565697312,30.143470262789247,4.633,1.399617565697312,0.0,0.0
PTK-14,FL,1,awal,14.692849359803304,0.0,3.936,1.3711506401966964,0.0,0.0
PTK-14,FL,2,awal,10.566543869502908,0.0,3.119,1.007305490300396,0.0,0.0
PTK-14,FL,3,awal,9.461022363509585,0.0,2.896,0.9095215059933235,0.0,2.7
PTK-14,FL,4,awal,12.45792803630572,0.0,3.154,1.1490943272038656,0.0,7.3
PTK-14,FL,5,awal,8.726843236180471,0.0,2.877,0.854084800125248,0.0,0.0
PTK-14,FL,6,awal,10.955928443607291,0.0,3.227,1.0439147925731795,0.0,6.5
PTK-14,FL,7,awal,9.065547990225422,0.0,2.257,0.8333804533818684,0.0,1.2
PTK-14,FL,8,awal,36.5215033181684,0.0,3.219,2.9250446720570227,0.0,33.6
PTK-14,FL,9,awal,50.0,0.0,2.34,5.438086502803548,21.54341681536485,42.8
PTK-14,FL,10,awal,42.19812339950826,0.0,4.374,3.4278766004917407,0.0,0.0
PTK-14,FL,11,awal,39.542163114163976,0.0,2.371,3.084960285344285,0.0,2.8
PTK-14,FL,12,awal,34.33553849432461,0.0,2.682,2.7246246198393735,0.0,0.2
PTK-14,FL,13,awal,28.755578714925036,0.0,3.226,2.353959779399575,0.0,0.0
PTK-14,FL,14,awal,22.98516720671524,0.0,3.799,1.971411508209798,0.0,0.0
PTK-14,FL,15,awal,17.130360870189456,0.0,4.279,1.5758063365257855,0.0,0.0
PTK-14,FL,16,awal,12.90394560649142,0.0,3.052,1.1744152636980354,0.0,0.0
PTK-14,FL,17,awal,7.851282942521218,0.0,4.168,0.884662663970203,0.0,0.0
PTK-14,FL,18,awal,15.659849359803303,12.148717057478782,2.969,1.3711506401966964,0.0,0.0
PTK-14,FL,19,awal,9.997248736049396,0.0,4.589,1.0736006237539062,0.0,0.0
PTK-14,FL,20,awal,6.668160257008558,0.0,3.482,0.7470884790408385,0.0,0.9
PTK-14,FL,21,pertumbuhan,14.387849359803305,13.331839742991441,4.241,1.3711506401966964,0.0,0.0
PTK-14,FL,22,pertumbuhan,9.496453916765908,0.0,3.905,0.9863954430373965,0.0,0.0
PTK-14,FL,23,pertumbuhan,13.256849359803304,10.503546083234092,5.372,1.3711506401966964,0.0,0.0
PTK-14,FL,24,pertumbuhan,8.614992485469031,0.0,3.733,0.9088568743342732,0.0,0.0
PTK-14,FL,25,pertumbuhan,15.613849359803304,11.385007514530969,3.015,1.3711506401966964,0.0,0.0
PTK-14,FL,26,pertumbuhan,10.37040238252185,0.0,4.173,1.0704469772814538,0.0,0.0
PTK-14,FL,27,pertumbuhan,5.76043318922724,0.0,3.899,0.710969193294609,0.0,0.0
PTK-14,FL,28,pertumbuhan,15.082849359803305,14.23956681077276,3.546,1.3711506401966964,0.0,0.0
PTK-14,FL,29,pertumbuhan,10.047806432019073,0.0,4.001,1.0340429277842316,0.0,0.0
PTK-14,FL,30,pertumbuhan,5.190953620927301,0.0,4.168,0.6888528110917718,0.0,0.0
PTK-14,FL,31,pertumbuhan,15.221849359803304,14.809046379072699,3.407,1.3711506401966964,0.0,0.0
PTK-14,FL,32,pertumbuhan,9.846276935069707,0.0,4.332,1.0435724247335987,0.0,0.0
PTK-14,FL,33,pertumbuhan,13.759849359803304,10.153723064930293,4.869,1.3711506401966964,0.0,0.0
PTK-14,FL,34,pertumbuhan,10.0826522936671,0.0,2.827,0.9501970661362036,0.0,0.1
PTK-14,FL,35,pertumbuhan,4.998410536299985,0.0,4.393,0.6912417573671167,0.0,0.0
PTK-14,FL,36,pertumbuhan,19.586725452561623,0.0,3.791,1.7206850837383618,0.0,20.1
PTK-14,FL,37,pertumbuhan,14.355907895379783,0.0,3.888,1.34281755718184,0.0,0.0
PTK-14,FL,38,pertumbuhan,9.245702280312042,0.0,4.126,0.9842056150677398,0.0,0.0
PTK-14,FL,39,pertumbuhan,13.583849359803303,10.754297719687958,5.045,1.3711506401966964,0.0,0.0
PTK-14,FL,40,pertumbuhan,7.828574172501813,0.0,4.824,0.9312751873014891,0.0,0.0
PTK-14,FL,41,pertumbuhan,14.222849359803304,12.171425827498187,4.406,1.3711506401966964,0.0,0.0
PTK-14,FL,42,pertumbuhan,9.172765909547529,0.0,4.075,0.9750834502557736,0.0,0.0
PTK-14,FL,43,pertumbuhan,15.509849359803304,10.227234090452471,3.119,1.3711506401966964,0.0,0.6
PTK-14,FL,44,pertumbuhan,15.654898680193831,0.0,4.194,1.4609506796094731,0.0,5.8
PTK-14,FL,45,pertumbuhan,50.0,0.0,3.204,5.0427423207475455,15.308156359446286,57.9
PTK-14,FL,46,pertumbuhan,41.640123399508255,0.0,4.932,3.4278766004917407,0.0,0.0
PTK-14,FL,47,pertumbuhan,33.799379306652995,0.0,4.986,2.854744092855259,0.0,0.0
PTK-14,FL,48,pertumbuhan,26.772177277924584,0.0,4.71,2.317202028728411,0.0,0.0
PTK-14,FL,49,pertumbuhan,20.093742877220297,0.0,4.843,1.835434400704287,0.0,0.0
PTK-14,FL,50,pertumbuhan,14.013165456717875,0.0,4.703,1.377577420502421,0.0,0.0
PTK-14,FL,51,reproduktif,11.399342353340158,0.0,3.516,1.0978231033777168,0.0,2.0
PTK-14,FL,52,reproduktif,6.074831575059974,0.0,4.543,0.7815107782801837,0.0,0.0
PTK-14,FL,53,reproduktif,2.355356114898445,0.0,3.303,0.4164754601615295,0.0,0.0
PTK-14,FL,54,reproduktif,4.850424679901652,7.644643885101555,4.464,0.6855753200983482,0.0,0.0
PTK-14,FL,55,reproduktif,11.53619142293687,0.0,3.507,1.1072332569647838,0.0,11.3
PTK-14,FL,56,reproduktif,6.156298610187293,0.0,4.589,0.7908928127495763,0.0,0.0
PTK-14,FL,57,reproduktif,0.1792379711572769,0.0,5.555,0.42206063903001695,0.0,0.0
PTK-14,FL,58,reproduktif,4.489424679901652,9.820762028842722,4.825,0.6855753200983482,0.0,0.0
PTK-14,FL,59,reproduktif,4.904424679901652,5.510575320098348,4.41,0.6855753200983482,0.0,0.0
PTK-14,FL,60,reproduktif,11.765076030997518,0.0,4.353,1.186348648904133,0.0,12.4
PTK-14,FL,61,reproduktif,6.852491454404266,0.0,4.106,0.8065845765932527,0.0,0.0
PTK-14,FL,62,reproduktif,2.3367015521718253,0.0,4.046,0.46978990223244,0.0,0.0
PTK-14,FL,63,reproduktif,4.170424679901652,7.663298447828175,5.144,0.6855753200983482,0.0,0.0
PTK-14,FL,64,reproduktif,4.146424679901652,5.829575320098348,5.168,0.6855753200983482,0.0,0.0
PTK-14,FL,65,reproduktif,3.556424679901652,5.853575320098348,5.758,0.6855753200983482,0.0,0.0
PTK-14,FL,66,reproduktif,4.244424679901652,6.443575320098348,5.07,0.6855753200983482,0.0,0.0
PTK-14,FL,67,reproduktif,4.986424679901652,5.755575320098348,4.328,0.6855753200983482,0.0,0.0
PTK-14,FL,68,reproduktif,3.8734246799016523,5.013575320098348,5.441,0.6855753200983482,0.0,0.0
PTK-14,FL,69,reproduktif,3.6134246799016525,6.126575320098348,5.701,0.6855753200983482,0.0,0.0
PTK-14,FL,70,reproduktif,4.452424679901652,6.3865753200983475,4.862,0.6855753200983482,0.0,0.0
PTK-14,FL,71,reproduktif,2.7174246799016517,5.547575320098348,6.597,0.6855753200983482,0.0,0.0
PTK-14,FL,72,reproduktif,3.8734246799016523,7.282575320098348,5.441,0.6855753200983482,0.0,0.0
PTK-14,FL,73,reproduktif,3.3584246799016517,6.126575320098348,5.956,0.6855753200983482,0.0,0.0
PTK-14,FL,74,reproduktif,3.2244246799016523,6.641575320098348,6.09,0.6855753200983482,0.0,0.0
PTK-14,FL,75,reproduktif,3.4804246799016525,6.775575320098348,5.834,0.6855753200983482,0.0,0.0
PTK-14,FL,76,reproduktif,3.997424679901652,6.5195753200983475,5.317,0.6855753200983482,0.0,0.0
PTK-14,FL,77,reproduktif,3.630424679901652,6.002575320098348,5.684,0.6855753200983482,0.0,0.0
PTK-14,FL,78,reproduktif,3.784424679901652,6.369575320098348,5.53,0.6855753200983482,0.0,0.0
PTK-14,FL,79,reproduktif,3.9344246799016522,6.215575320098348,5.38,0.6855753200983482,0.0,0.0
PTK-14,FL,80,reproduktif,4.296424679901652,6.065575320098348,5.018,0.6855753200983482,0.0,0.0
PTK-14,FL,81,reproduktif,3.343424679901652,5.703575320098348,5.971,0.6855753200983482,0.0,0.0
PTK-14,FL,82,reproduktif,4.002424679901652,6.656575320098348,5.312,0.6855753200983482,0.0,0.0
PTK-14,FL,83,reproduktif,3.9404246799016525,5.997575320098348,5.374,0.6855753200983482,0.0,0.0
PTK-14,FL,84,reproduktif,3.508424679901652,6.0595753200983475,5.806,0.6855753200983482,0.0,0.0
PTK-14,FL,85,reproduktif,3.056424679901652,6.491575320098348,6.258,0.6855753200983482,0.0,0.0
PTK-14,FL,86,reproduktif,4.744424679901652,6.943575320098348,4.57,0.6855753200983482,0.0,0.0
PTK-14,FL,87,reproduktif,3.7654246799016517,5.255575320098348,5.549,0.6855753200983482,0.0,0.0
PTK-14,FL,88,reproduktif,3.4774246799016524,6.234575320098348,5.837,0.6855753200983482,0.0,0.0
PTK-14,FL,89,reproduktif,3.3574246799016523,6.522575320098348,5.957,0.6855753200983482,0.0,0.0
PTK-14,FL,90,reproduktif,3.619424679901652,6.642575320098348,5.695,0.6855753200983482,0.0,0.0
PTK-14,FL,91,pemasakan,-1.9947141434478919,0.0,5.366,0.24813882334954362,0.0,0.0
PTK-14,FL,92,pemasakan,3.495424679901652,11.994714143447892,5.819,0.6855753200983482,0.0,0.0
PTK-14,FL,93,pemasakan,-3.046213009478672,0.0,6.302,0.23963768938032415,0.0,0.0
PTK-14,FL,94,pemasakan,3.394424679901652,13.046213009478672,5.92,0.6855753200983482,0.0,0.0
PTK-14,FL,95,pemasakan,-3.275288698745679,0.0,6.437,0.23271337864733083,0.0,0.0
PTK-14,FL,96,pemasakan,-4.469261610577345,0.0,4.958,0.03597291183166519,0.0,3.8
PTK-14,FL,97,pemasakan,4.872424679901652,10.669261610577344,4.442,0.6855753200983482,0.0,3.8
PTK-14,FL,98,pemasakan,-0.2576167310562152,0.0,4.796,0.33404141095786666,0.0,0.0
PTK-14,FL,99,pemasakan,3.5654246799016525,10.257616731056215,5.749,0.6855753200983482,0.0,0.0
PTK-14,FL,100,pemasakan,-2.3260120367193604,0.0,5.647,0.2444367166210126,0.0,0.0
PTK-14,FL,101,pemasakan,3.2114246799016524,12.32601203671936,6.103,0.6855753200983482,0.0,0.0
PTK-14,FL,102,pemasakan,-2.5017426703878787,0.0,5.493,0.22016735028953108,0.0,0.0
PTK-14,FL,103,pemasakan,2.861424679901652,12.501742670387879,6.453,0.6855753200983482,0.0,0.0
PTK-14,FL,104,pemasakan,-2.642747534184437,0.0,5.308,0.19617221408608884,0.0,0.0
PTK-14,FL,105,pemasakan,3.422424679901652,12.642747534184437,5.892,0.6855753200983482,0.0,0.0
PTK-14,FL,106,pemasakan,-2.5322083096419545,0.0,5.72,0.23463298954360617,0.0,0.0
PTK-14,FL,107,pemasakan,3.324424679901652,12.532208309641955,5.99,0.6855753200983482,0.0,0.0
PTK-14,FL,108,pemasakan,-2.9454896715049905,0.0,6.042,0.22791435140664237,0.0,0.0
PTK-14,FL,109,pemasakan,2.285424679901652,12.94548967150499,7.029,0.6855753200983482,0.0,0.0
PTK-14,FL,110,pemasakan,-2.5492583957467714,0.0,4.678,0.15668307564842401,0.0,0.0
PTK-14,SRI,1,awal,14.731849359803304,0.0,3.897,1.3711506401966964,0.0,0.0
PTK-14,SRI,2,awal,10.633870125754523,0.0,3.088,1.0099792340487797,0.0,0.0
PTK-14,SRI,3,awal,9.552732897793128,0.0,2.867,0.9141372279613958,0.0,2.7
PTK-14,SRI,4,awal,12.574351122699479,0.0,3.123,1.1553817750936486,0.0,7.3
PTK-14,SRI,5,awal,8.863284643102107,0.0,2.849,0.8620664795973719,0.0,0.0
PTK-14,SRI,6,awal,11.115015764406431,0.0,3.195,1.0532688786956763,0.0,6.5
PTK-14,SRI,7,awal,9.235728676936517,0.0,2.235,0.8442870874699142,0.0,1.2
PTK-14,SRI,8,awal,36.71201683700284,0.0,3.187,2.9367118399336745,0.0,33.6
PTK-14,SRI,9,awal,40.0,0.0,2.317,5.451147639469347,31.7438691975335,42.8
PTK-14,SRI,10,awal,32.926698719606605,0.0,4.331,2.742301280393393,0.0,0.0
PTK-14,SRI,11,awal,30.92936442853145,0.0,2.348,2.449334291075154,0.0,2.8
PTK-14,SRI,12,awal,26.34021203027659,0.0,2.655,2.1341523982548583,0.0,0.2
PTK-14,SRI,13,awal,21.340392100865067,0.0,3.194,1.8058199294115234,0.0,0.0
PTK-14,SRI,14,awal,16.116347486307582,0.0,3.761,1.463044614557483,0.0,0.0
PTK-14,SRI,15,awal,10.77445047763343,0.0,4.237,1.104897008674153,0.0,0.0
PTK-14,SRI,16,awal,7.013780744124696,0.0,3.022,0.7386697335087339,0.0,0.0
PTK-14,SRI,17,awal,2.405933246249404,0.0,4.127,0.4808474978752919,0.0,0.0
PTK-14,SRI,18,awal,-0.6990115992938652,0.0,2.94,0.16494484554326933,0.0,0.0
PTK-14,SRI,19,awal,4.7704246799016525,10.699011599293865,4.544,0.6855753200983482,0.0,0.0
PTK-14,SRI,20,awal,1.833674358399938,0.0,3.448,0.3887503215017149,0.0,0.9
PTK-14,SRI,21,pertumbuhan,-2.284037830121679,0.0,3.992,0.12571218852161706,0.0,0.0
PTK-14,SRI,22,pertumbuhan,-7.604418598357714,0.0,3.675,1.6453807682360357,0.0,0.0
PTK-14,SRI,23,pertumbuhan,-14.30579936659375,0.0,5.056,1.6453807682360357,0.0,0.0
PTK-14,SRI,24,pertumbuhan,-19.465180134829787,0.0,3.514,1.6453807682360357,0.0,0.0
PTK-14,SRI,25,pertumbuhan,-23.94856090306582,0.0,2.838,1.6453807682360357,0.0,0.0
PTK-14,SRI,26,pertumbuhan,5.387424679901652,33.948560903065825,3.927,0.6855753200983482,0.0,0.0
PTK-14,SRI,27,pertumbuhan,1.34807613995872,0.0,3.67,0.3693485399429316,0.0,0.0
PTK-14,SRI,28,pertumbuhan,-2.081344633158195,0.0,3.337,0.0924207731169145,0.0,0.0
PTK-14,SRI,29,pertumbuhan,-7.492725401394231,0.0,3.766,1.6453807682360357,0.0,0.0
PTK-14,SRI,30,pertumbuhan,-13.061106169630268,0.0,3.923,1.6453807682360357,0.0,0.0
PTK-14,SRI,31,pertumbuhan,-17.912486937866305,0.0,3.206,1.6453807682360357,0.0,0.0
PTK-14,SRI,32,pertumbuhan,-23.63486770610234,0.0,4.077,1.6453807682360357,0.0,0.0
PTK-14,SRI,33,pertumbuhan,4.731424679901652,33.63486770610234,4.583,0.6855753200983482,0.0,0.0
PTK-14,SRI,34,pertumbuhan,1.8391941277561883,0.0,2.661,0.33123055214546343,0.0,0.1
PTK-14,SRI,35,pertumbuhan,-2.4218964825297564,0.0,4.135,0.1260906102859451,0.0,0.0
PTK-14,SRI,36,pertumbuhan,12.898136369698104,0.0,3.568,1.2119671477721399,0.0,20.1
PTK-14,SRI,37,pertumbuhan,8.353871972665312,0.0,3.66,0.8842643970327925,0.0,0.0
PTK-14,SRI,38,pertumbuhan,3.8981511274932474,0.0,3.883,0.572720845172064,0.0,0.0
PTK-14,SRI,39,pertumbuhan,-1.1170964932090444,0.0,4.748,0.267247620702292,0.0,0.0
PTK-14,SRI,40,pertumbuhan,-7.30247726144508,0.0,4.54,1.6453807682360357,0.0,0.0
PTK-14,SRI,41,pertumbuhan,-13.094858029681117,0.0,4.147,1.6453807682360357,0.0,0.0
PTK-14,SRI,42,pertumbuhan,-18.57523879791715,0.0,3.835,1.6453807682360357,0.0,0.0
PTK-14,SRI,43,pertumbuhan,-22.556619566153188,0.0,2.936,1.6453807682360357,0.0,0.6
PTK-14,SRI,44,pertumbuhan,-22.35000033438922,0.0,3.948,1.6453807682360357,0.0,5.8
PTK-14,SRI,45,pertumbuhan,30.097779425586047,0.0,3.015,2.437220240024728,0.0,57.9
PTK-14,SRI,46,pertumbuhan,23.392349949191484,0.0,4.642,2.063429476394563,0.0,0.0
PTK-14,SRI,47,pertumbuhan,17.096628168764532,0.0,4.692,1.603721780426953,0.0,0.0
PTK-14,SRI,48,pertumbuhan,11.491525535824215,0.0,4.433,1.1721026329403181,0.0,0.0
PTK-14,SRI,49,pertumbuhan,6.145694906060112,0.0,4.558,0.7878306297641028,0.0,0.0
PTK-14,SRI,50,pertumbuhan,1.2973612308152171,0.0,4.427,0.4213336752448949,0.0,0.0
PTK-14,SRI,51,reproduktif,-0.21969771731438525,0.0,3.291,0.2260589481296026,0.0,2.0
PTK-14,SRI,52,reproduktif,-5.704733293491412,0.0,4.251,1.2340355761770267,0.0,0.0
PTK-14,SRI,53,reproduktif,-10.029768869668438,0.0,3.091,1.2340355761770267,0.0,0.0
PTK-14,SRI,54,reproduktif,-15.440804445845464,0.0,4.177,1.2340355761770267,0.0,0.0
PTK-14,SRI,55,reproduktif,-8.65584002202249,0.0,3.281,1.2340355761770267,0.0,11.3
PTK-14,SRI,56,reproduktif,-14.183875598199517,0.0,4.294,1.2340355761770267,0.0,0.0
PTK-14,SRI,57,reproduktif,-20.615911174376542,0.0,5.198,1.2340355761770267,0.0,0.0
PTK-14,SRI,58,reproduktif,-26.36594675055357,0.0,4.516,1.2340355761770267,0.0,0.0
PTK-14,SRI,59,reproduktif,0.5302123399508263,31.36594675055357,4.127,0.3427876600491741,0.0,0.0
PTK-14,SRI,60,reproduktif,7.969748893560688,0.0,4.074,0.8864634463901401,0.0,12.4
PTK-14,SRI,61,reproduktif,3.5813625786800554,0.0,3.842,0.5463863148806325,0.0,0.0
PTK-14,SRI,62,reproduktif,-0.45016680094662753,0.0,3.786,0.24552937962668248,0.0,0.0
PTK-14,SRI,63,reproduktif,-6.497202377123654,0.0,4.813,1.2340355761770267,0.0,0.0
PTK-14,SRI,64,reproduktif,-12.56723795330068,0.0,4.836,1.2340355761770267,0.0,0.0
PTK-14,SRI,65,reproduktif,-19.190273529477707,0.0,5.389,1.2340355761770267,0.0,0.0
PTK-14,SRI,66,reproduktif,-25.168309105654735,0.0,4.744,1.2340355761770267,0.0,0.0
PTK-14,SRI,67,reproduktif,0.6072123399508262,30.168309105654735,4.05,0.3427876600491741,0.0,0.0
PTK-14,SRI,68,reproduktif,-4.526416639482119,0.0,5.092,0.041628979432945475,0.0,0.0
PTK-14,SRI,69,reproduktif,-11.095452215659146,0.0,5.335,1.2340355761770267,0.0,0.0
PTK-14,SRI,70,reproduktif,-16.879487791836173,0.0,4.55,1.2340355761770267,0.0,0.0
PTK-14,SRI,71,reproduktif,-24.2865233680132,0.0,6.173,1.2340355761770267,0.0,0.0
PTK-14,SRI,72,reproduktif,-30.612558944190226,0.0,5.092,1.2340355761770267,0.0,0.0
PTK-14,SRI,73,reproduktif,-0.9157876600491743,35.612558944190226,5.573,0.3427876600491741,0.0,0.0
PTK-14,SRI,74,reproduktif,-7.848823236226201,0.0,5.699,1.2340355761770267,0.0,0.0
PTK-14,SRI,75,reproduktif,-14.541858812403227,0.0,5.459,1.2340355761770267,0.0,0.0
PTK-14,SRI,76,reproduktif,-20.751894388580254,0.0,4.976,1.2340355761770267,0.0,0.0
PTK-14,SRI,77,reproduktif,-27.30492996475728,0.0,5.319,1.2340355761770267,0.0,0.0
PTK-14,SRI,78,reproduktif,-0.5167876600491743,32.30492996475728,5.174,0.3427876600491741,0.0,0.0
PTK-14,SRI,79,reproduktif,-6.785823236226201,0.0,5.035,1.2340355761770267,0.0,0.0
PTK-14,SRI,80,reproduktif,-12.715858812403226,0.0,4.696,1.2340355761770267,0.0,0.0
PTK-14,SRI,81,reproduktif,-19.537894388580252,0.0,5.588,1.2340355761770267,0.0,0.0
PTK-14,SRI,82,reproduktif,-25.74192996475728,0.0,4.97,1.2340355761770267,0.0,0.0
PTK-14,SRI,83,reproduktif,-0.37178766004917385,30.74192996475728,5.029,0.3427876600491741,0.0,0.0
PTK-14,SRI,84,reproduktif,-7.0398232362262005,0.0,5.434,1.2340355761770267,0.0,0.0
PTK-14,SRI,85,reproduktif,-14.129858812403228,0.0,5.856,1.2340355761770267,0.0,0.0
PTK-14,SRI,86,reproduktif,-19.640894388580254,0.0,4.277,1.2340355761770267,0.0,0.0
PTK-14,SRI,87,reproduktif,-26.06792996475728,0.0,5.193,1.2340355761770267,0.0,0.0
PTK-14,SRI,88,reproduktif,-0.8047876600491737,31.06792996475728,5.462,0.3427876600491741,0.0,0.0
PTK-14,SRI,89,reproduktif,-7.6128232362262,0.0,5.574,1.2340355761770267,0.0,0.0
PTK-14,SRI,90,reproduktif,-14.175858812403227,0.0,5.329,1.2340355761770267,0.0,0.0
PTK-14,SRI,91,pemasakan,-20.723894388580256,0.0,5.314,1.2340355761770267,0.0,0.0
PTK-14,SRI,92,pemasakan,-27.721929964757283,0.0,5.764,1.2340355761770267,0.0,0.0
PTK-14,SRI,93,pemasakan,-35.19796554093431,0.0,6.242,1.2340355761770267,0.0,0.0
PTK-14,SRI,94,pemasakan,-7.098035576177026,35.19796554093431,5.864,1.2340355761770267,0.0,0.0
PTK-14,SRI,95,pemasakan,-14.707071152354054,0.0,6.375,1.2340355761770267,0.0,0.0
PTK-14,SRI,96,pemasakan,-17.05210672853108,0.0,4.911,1.2340355761770267,0.0,3.8
PTK-14,SRI,97,pemasakan,-18.885142304708104,0.0,4.399,1.2340355761770267,0.0,3.8
PTK-14,SRI,98,pemasakan,-24.87017788088513,0.0,4.751,1.2340355761770267,0.0,0.0
PTK-14,SRI,99,pemasakan,-31.798213457062158,0.0,5.694,1.2340355761770267,0.0,0.0
PTK-14,SRI,100,pemasakan,-6.8270355761770265,31.798213457062158,5.593,1.2340355761770267,0.0,0.0
PTK-14,SRI,101,pemasakan,-14.105071152354054,0.0,6.044,1.2340355761770267,0.0,0.0
PTK-14,SRI,102,pemasakan,-20.77910672853108,0.0,5.44,1.2340355761770267,0.0,0.0
PTK-14,SRI,103,pemasakan,-28.405142304708107,0.0,6.392,1.2340355761770267,0.0,0.0
PTK-14,SRI,104,pemasakan,-34.89617788088513,0.0,5.257,1.2340355761770267,0.0,0.0
PTK-14,SRI,105,pemasakan,-7.0690355761770265,34.89617788088513,5.835,1.2340355761770267,0.0,0.0
PTK-14,SRI,106,pemasakan,-13.969071152354054,0.0,5.666,1.2340355761770267,0.0,0.0
PTK-14,SRI,107,pemasakan,-21.136106728531082,0.0,5.933,1.2340355761770267,0.0,0.0
PTK-14,SRI,108,pemasakan,-28.35414230470811,0.0,5.984,1.2340355761770267,0.0,0.0
PTK-14,SRI,109,pemasakan,-36.55017788088514,0.0,6.962,1.2340355761770267,0.0,0.0
PTK-14,SRI,110,pemasakan,-5.8670355761770265,36.55017788088514,4.633,1.2340355761770267,0.0,0.0
PTK-15,FL,1,awal,14.869906807319044,0.0,3.936,1.1940931926809568,0.0,0.0
PTK-15,FL,2,awal,10.86310408259805,0.0,3.119,0.8878027247209945,0.0,0.0
PTK-15,FL,3,awal,9.857323569765366,0.0,2.896,0.8097805128326812,0.0,2.7
PTK-15,FL,4,awal,12.9789514058013,0.0,3.154,1.024372163964068,0.0,7.3
PTK-15,FL,5,awal,9.327047529711088,0.0,2.877,0.7749038760902134,0.0,0.0
PTK-15,FL,6,awal,11.65509904393779,0.0,3.227,0.9449484857732982,0.0,6.5
PTK-15,FL,7,awal,9.83058973095751,0.0,2.257,0.7675093129802796,0.0,1.2
PTK-15,FL,8,awal,37.618581153364715,0.0,3.219,2.5930085775927916,0.0,33.6
PTK-15,FL,9,awal,50.0,0.0,2.34,4.801364016014695,23.27721713735002,42.8
PTK-15,FL,10,awal,42.64076701829761,0.0,4.374,2.985232981702392,0.0,0.0
PTK-15,FL,11,awal,40.35674148996008,0.0,2.371,2.7130255283375257,0.0,2.8
PTK-15,FL,12,awal,35.45331504343595,0.0,2.682,2.421426446524133,0.0,0.2
PTK-15,FL,13,awal,30.110586935868938,0.0,3.226,2.1167281075670115,0.0,0.0
PTK-15,FL,14,awal,24.513844591481476,0.0,3.799,1.7977423443874625,0.0,0.0
PTK-15,FL,15,awal,18.77125384382513,0.0,4.279,1.4635907476563461,0.0,0.0
PTK-15,FL,16,awal,14.598522522175237,0.0,3.052,1.1207313216498915,0.0,0.0
PTK-15,FL,17,awal,9.558922703828783,0.0,4.168,0.8715998183464542,0.0,0.0
PTK-15,FL,18,awal,15.836906807319043,10.441077296171217,2.969,1.1940931926809568,0.0,0.0
PTK-15,FL,19,awal,10.302369676731924,0.0,4.589,0.9455371305871187,0.0,0.0
PTK-15,FL,20,awal,7.051536008087867,0.0,3.482,0.6688336686440581,0.0,0.9
PTK-15,FL,21,pertumbuhan,14.564906807319044,12.948463991912133,4.241,1.1940931926809568,0.0,0.0
PTK-15,FL,22,pertumbuhan,9.790314003786435,0.0,3.905,0.8695928035326099,0.0,0.0
PTK-15,FL,23,pertumbuhan,13.433906807319044,10.209685996213565,5.372,1.1940931926809568,0.0,0.0
PTK-15,FL,24,pertumbuhan,8.898839973832542,0.0,3.733,0.8020668334865019,0.0,0.0
PTK-15,FL,25,pertumbuhan,15.790906807319043,11.101160026167458,3.015,1.1940931926809568,0.0,0.0
PTK-15,FL,26,pertumbuhan,10.67511609107509,0.0,4.173,0.9427907162439526,0.0,0.0
PTK-15,FL,27,pertumbuhan,6.138761918303504,0.0,3.899,0.6373541727715855,0.0,0.0
PTK-15,FL,28,pertumbuhan,15.259906807319044,13.861238081696495,3.546,1.1940931926809568,0.0,0.0
PTK-15,FL,29,pertumbuhan,10.347819265340771,0.0,4.001,0.9110875419782732,0.0,0.0
PTK-15,FL,30,pertumbuhan,5.562006238148957,0.0,4.168,0.6178130271918137,0.0,0.0
PTK-15,FL,31,pertumbuhan,15.398906807319044,14.437993761851043,3.407,1.1940931926809568,0.0,0.0
PTK-15,FL,32,pertumbuhan,10.147520317651638,0.0,4.332,0.9193864896674059,0.0,0.0
PTK-15,FL,33,pertumbuhan,4.672666070956662,0.0,4.869,0.6058542466949761,0.0,0.0
PTK-15,FL,34,pertumbuhan,15.978906807319042,15.227333929043338,2.827,1.1940931926809568,0.0,0.1
PTK-15,FL,35,pertumbuhan,10.63189161506389,0.0,4.393,0.9540151922551535,0.0,0.0
PTK-15,FL,36,pertumbuhan,25.10605448627605,0.0,3.791,1.8348371287878384,0.0,20.1
PTK-15,FL,37,pertumbuhan,19.71910604841908,0.0,3.888,1.4989484378569715,0.0,0.0
PTK-15,FL,38,pertumbuhan,14.415783533510524,0.0,4.126,1.177322514908555,0.0,0.0
PTK-15,FL,39,pertumbuhan,8.510094084284166,0.0,5.045,0.8606894492263574,0.0,0.0
PTK-15,FL,40,pertumbuhan,13.981906807319042,11.489905915715834,4.824,1.1940931926809568,0.0,0.0
PTK-15,FL,41,pertumbuhan,8.741121820353083,0.0,4.406,0.8347849869659599,0.0,0.0
PTK-15,FL,42,pertumbuhan,14.730906807319043,11.258878179646917,4.075,1.1940931926809568,0.0,0.0
PTK-15,FL,43,pertumbuhan,11.296580234506752,0.0,3.119,0.9153265728122905,0.0,0.6
PTK-15,FL,44,pertumbuhan,11.881834730699337,0.0,4.194,1.0207455038074156,0.0,5.8
PTK-15,FL,45,pertumbuhan,50.0,0.0,3.204,4.166300691235782,12.411534039463547,57.9
PTK-15,FL,46,pertumbuhan,42.08276701829761,0.0,4.932,2.985232981702392,0.0,0.0
PTK-15,FL,47,pertumbuhan,34.58422973701121,0.0,4.986,2.5125372812863933,0.0,0.0
PTK-15,FL,48,pertumbuhan,27.809390071857244,0.0,4.71,2.06483966515397,0.0,0.0
PTK-15,FL,49,pertumbuhan,21.306039902986537,0.0,4.843,1.660350168870706,0.0,0.0
PTK-15,FL,50,pertumbuhan,15.330970042429284,0.0,4.703,1.272069860557253,0.0,0.0
PTK-15,FL,51,reproduktif,12.780230374918165,0.0,3.516,1.0347396675111202,0.0,2.0
PTK-15,FL,52,reproduktif,7.474191070338956,0.0,4.543,0.7630393045792087,0.0,0.0
PTK-15,FL,53,reproduktif,3.7249470364445294,0.0,3.303,0.44624403389442713,0.0,0.0
PTK-15,FL,54,reproduktif,4.9389534036595215,6.275052963555471,4.464,0.5970465963404784,0.0,0.0
PTK-15,FL,55,reproduktif,11.762412217880868,0.0,3.507,0.9695411857786544,0.0,11.3
PTK-15,FL,56,reproduktif,6.471141399936925,0.0,4.589,0.7022708179439431,0.0,0.0
PTK-15,FL,57,reproduktif,0.5297841052098953,0.0,5.555,0.38635729472702995,0.0,0.0
PTK-15,FL,58,reproduktif,4.577953403659522,9.470215894790105,4.825,0.5970465963404784,0.0,0.0
PTK-15,FL,59,reproduktif,4.992953403659522,5.422046596340478,4.41,0.5970465963404784,0.0,0.0
PTK-15,FL,60,reproduktif,12.001513040663177,0.0,4.353,1.0384403629963457,0.0,12.4
PTK-15,FL,61,reproduktif,7.178966789476796,0.0,4.106,0.7165462511863816,0.0,0.0
PTK-15,FL,62,reproduktif,2.7043490207869505,0.0,4.046,0.4286177686898453,0.0,0.0
PTK-15,FL,63,reproduktif,4.258953403659522,7.2956509792130495,5.144,0.5970465963404784,0.0,0.0
PTK-15,FL,64,reproduktif,4.234953403659522,5.741046596340478,5.168,0.5970465963404784,0.0,0.0
PTK-15,FL,65,reproduktif,3.644953403659522,5.765046596340478,5.758,0.5970465963404784,0.0,0.0
PTK-15,FL,66,reproduktif,4.332953403659522,6.355046596340478,5.07,0.5970465963404784,0.0,0.0
PTK-15,FL,67,reproduktif,5.074953403659522,5.667046596340478,4.328,0.5970465963404784,0.0,0.0
PTK-15,FL,68,reproduktif,-0.6690449619646222,0.0,5.441,0.30299836562414434,0.0,0.0
PTK-15,FL,69,reproduktif,3.7019534036595223,10.669044961964623,5.701,0.5970465963404784,0.0,0.0
PTK-15,FL,70,reproduktif,4.540953403659522,6.298046596340478,4.862,0.5970465963404784,0.0,0.0
PTK-15,FL,71,reproduktif,2.8059534036595215,5.459046596340478,6.597,0.5970465963404784,0.0,0.0
PTK-15,FL,72,reproduktif,3.961953403659522,7.1940465963404785,5.441,0.5970465963404784,0.0,0.0
PTK-15,FL,73,reproduktif,3.4469534036595215,6.038046596340478,5.956,0.5970465963404784,0.0,0.0
PTK-15,FL,74,reproduktif,3.312953403659522,6.5530465963404785,6.09,0.5970465963404784,0.0,0.0
PTK-15,FL,75,reproduktif,3.5689534036595223,6.687046596340478,5.834,0.5970465963404784,0.0,0.0
PTK-15,FL,76,reproduktif,4.085953403659522,6.431046596340478,5.317,0.5970465963404784,0.0,0.0
PTK-15,FL,77,reproduktif,3.7189534036595218,5.914046596340478,5.684,0.5970465963404784,0.0,0.0
PTK-15,FL,78,reproduktif,3.8729534036595217,6.281046596340478,5.53,0.5970465963404784,0.0,0.0
PTK-15,FL,79,reproduktif,4.022953403659522,6.127046596340478,5.38,0.5970465963404784,0.0,0.0
PTK-15,FL,80,reproduktif,4.384953403659522,5.977046596340478,5.018,0.5970465963404784,0.0,0.0
PTK-15,FL,81,reproduktif,3.431953403659522,5.615046596340478,5.971,0.5970465963404784,0.0,0.0
PTK-15,FL,82,reproduktif,4.090953403659522,6.568046596340478,5.312,0.5970465963404784,0.0,0.0
PTK-15,FL,83,reproduktif,4.028953403659522,5.909046596340478,5.374,0.5970465963404784,0.0,0.0
PTK-15,FL,84,reproduktif,3.596953403659522,5.971046596340478,5.806,0.5970465963404784,0.0,0.0
PTK-15,FL,85,reproduktif,3.144953403659522,6.403046596340478,6.258,0.5970465963404784,0.0,0.0
PTK-15,FL,86,reproduktif,4.832953403659522,6.855046596340478,4.57,0.5970465963404784,0.0,0.0
PTK-15,FL,87,reproduktif,3.8539534036595215,5.167046596340478,5.549,0.5970465963404784,0.0,0.0
PTK-15,FL,88,reproduktif,3.565953403659522,6.1460465963404785,5.837,0.5970465963404784,0.0,0.0
PTK-15,FL,89,reproduktif,3.445953403659522,6.434046596340478,5.957,0.5970465963404784,0.0,0.0
PTK-15,FL,90,reproduktif,3.7079534036595216,6.554046596340478,5.695,0.5970465963404784,0.0,0.0
PTK-15,FL,91,pemasakan,-1.879428692244879,0.0,5.366,0.22138209590440094,0.0,0.0
PTK-15,FL,92,pemasakan,3.583953403659522,11.879428692244879,5.819,0.5970465963404784,0.0,0.0
PTK-15,FL,93,pemasakan,-2.9320253144502564,0.0,6.302,0.21397871810977903,0.0,0.0
PTK-15,FL,94,pemasakan,3.482953403659522,12.932025314450257,5.92,0.5970465963404784,0.0,0.0
PTK-15,FL,95,pemasakan,-3.1619951438272187,0.0,6.437,0.20794854748674022,0.0,0.0
PTK-15,FL,96,pemasakan,-4.3580870066098845,0.0,4.958,0.03809186278266555,0.0,3.8
PTK-15,FL,97,pemasakan,4.960953403659522,10.558087006609885,4.442,0.5970465963404784,0.0,3.8
PTK-15,FL,98,pemasakan,-0.13123863076634112,0.0,4.796,0.2961920344258629,0.0,0.0
PTK-15,FL,99,pemasakan,3.6539534036595223,10.13123863076634,5.749,0.5970465963404784,0.0,0.0
PTK-15,FL,100,pemasakan,-2.211204640624641,0.0,5.647,0.2181580442841624,0.0,0.0
PTK-15,FL,101,pemasakan,3.299953403659522,12.21120464062464,6.103,0.5970465963404784,0.0,0.0
PTK-15,FL,102,pemasakan,-2.390069191114188,0.0,5.493,0.19702259477370945,0.0,0.0
PTK-15,FL,103,pemasakan,2.9499534036595216,12.390069191114188,6.453,0.5970465963404784,0.0,0.0
PTK-15,FL,104,pemasakan,-2.534172560242271,0.0,5.308,0.1761259639017927,0.0,0.0
PTK-15,FL,105,pemasakan,3.5109534036595216,12.534172560242272,5.892,0.5970465963404784,0.0,0.0
PTK-15,FL,106,pemasakan,-2.4186668742969717,0.0,5.72,0.20962027795649352,0.0,0.0
PTK-15,FL,107,pemasakan,3.4129534036595217,12.41866687429697,5.99,0.5970465963404784,0.0,0.0
PTK-15,FL,108,pemasakan,-2.8328158176528353,0.0,6.042,0.20376922131235684,0.0,0.0
PTK-15,FL,109,pemasakan,2.373953403659522,12.832815817652836,7.029,0.5970465963404784,0.0,0.0
PTK-15,FL,110,pemasakan,-2.4457826762930592,0.0,4.678,0.14173607995258114,0.0,0.0
PTK-15,SRI,1,awal,14.908906807319044,0.0,3.897,1.1940931926809568,0.0,0.0
PTK-15,SRI,2,awal,10.930775600872321,0.0,3.088,0.8901312064467224,0.0,0.0
PTK-15,SRI,3,awal,9.949954783074157,0.0,2.867,0.813820817798166,0.0,2.7
PTK-15,SRI,4,awal,13.097052104047997,0.0,3.123,1.029902679026158,0.0,7.3
PTK-15,SRI,5,awal,9.466097065966421,0.0,2.849,0.7819550380815757,0.0,0.0
PTK-15,SRI,6,awal,11.817846674958727,0.0,3.195,0.953250391007695,0.0,6.5
PTK-15,SRI,7,awal,10.005620570062094,0.0,2.235,0.7772261048966321,0.0,1.2
PTK-15,SRI,8,awal,37.8151618357951,0.0,3.187,2.6034587342669924,0.0,33.6
PTK-15,SRI,9,awal,40.0,0.0,2.317,4.81310079874983,33.48506103704527,42.8
PTK-15,SRI,10,awal,33.280813614638085,0.0,4.331,2.3881863853619136,0.0,0.0
PTK-15,SRI,11,awal,31.578620918456597,0.0,2.348,2.154192696181486,0.0,2.8
PTK-15,SRI,12,awal,27.226289172880712,0.0,2.655,1.8973317455758838,0.0,0.2
PTK-15,SRI,13,awal,22.406752844715708,0.0,3.194,1.6255363281650048,0.0,0.0
PTK-15,SRI,14,awal,17.307965292617723,0.0,3.761,1.3377875520979845,0.0,0.0
PTK-15,SRI,15,awal,12.037599115864069,0.0,4.237,1.0333661767536544,0.0,0.0
PTK-15,SRI,16,awal,8.29689835784029,0.0,3.022,0.7187007580237794,0.0,0.0
PTK-15,SRI,17,awal,3.6745348653671446,0.0,4.127,0.495363492473145,0.0,0.0
PTK-15,SRI,18,awal,0.5151480119169576,0.0,2.94,0.21938685345018719,0.0,0.0
PTK-15,SRI,19,awal,-4.0596087247957,0.0,4.544,0.030756736712658373,0.0,0.0
PTK-15,SRI,20,awal,5.9549534036595215,13.1596087247957,3.448,0.5970465963404784,0.0,0.9
PTK-15,SRI,21,pertumbuhan,1.6074149375574152,0.0,3.992,0.35553846610210643,0.0,0.0
PTK-15,SRI,22,pertumbuhan,-2.1635552241801346,0.0,3.675,0.09597016173754974,0.0,0.0
PTK-15,SRI,23,pertumbuhan,-8.652467055397283,0.0,5.056,1.432911831217148,0.0,0.0
PTK-15,SRI,24,pertumbuhan,-13.599378886614431,0.0,3.514,1.432911831217148,0.0,0.0
PTK-15,SRI,25,pertumbuhan,-17.87029071783158,0.0,2.838,1.432911831217148,0.0,0.0
PTK-15,SRI,26,pertumbuhan,-23.230202549048727,0.0,3.927,1.432911831217148,0.0,0.0
PTK-15,SRI,27,pertumbuhan,5.732953403659522,33.23020254904873,3.67,0.5970465963404784,0.0,0.0
PTK-15,SRI,28,pertumbuhan,2.053669371996174,0.0,3.337,0.34228403166334787,0.0,0.0
PTK-15,SRI,29,pertumbuhan,-1.8349442588597262,0.0,3.766,0.12261363085590035,0.0,0.0
PTK-15,SRI,30,pertumbuhan,-7.190856090076874,0.0,3.923,1.432911831217148,0.0,0.0
PTK-15,SRI,31,pertumbuhan,-11.829767921294021,0.0,3.206,1.432911831217148,0.0,0.0
PTK-15,SRI,32,pertumbuhan,-17.33967975251117,0.0,4.077,1.432911831217148,0.0,0.0
PTK-15,SRI,33,pertumbuhan,-23.35559158372832,0.0,4.583,1.432911831217148,0.0,0.0
PTK-15,SRI,34,pertumbuhan,6.7419534036595214,33.25559158372832,2.661,0.5970465963404784,0.0,0.1
PTK-15,SRI,35,pertumbuhan,2.20442737042542,0.0,4.135,0.4025260332341021,0.0,0.0
PTK-15,SRI,36,pertumbuhan,17.404749125941834,0.0,3.568,1.3316782444835906,0.0,20.1
PTK-15,SRI,37,pertumbuhan,12.705604503361485,0.0,3.66,1.039144622580349,0.0,0.0
PTK-15,SRI,38,pertumbuhan,8.064020711043462,0.0,3.883,0.758583792318023,0.0,0.0
PTK-15,SRI,39,pertumbuhan,2.834561099208699,0.0,4.748,0.4814596118347623,0.0,0.0
PTK-15,SRI,40,pertumbuhan,-1.8746754064314688,0.0,4.54,0.1692365056401679,0.0,0.0
PTK-15,SRI,41,pertumbuhan,-7.454587237648617,0.0,4.147,1.432911831217148,0.0,0.0
PTK-15,SRI,42,pertumbuhan,-12.722499068865766,0.0,3.835,1.432911831217148,0.0,0.0
PTK-15,SRI,43,pertumbuhan,-16.491410900082915,0.0,2.936,1.432911831217148,0.0,0.6
PTK-15,SRI,44,pertumbuhan,-16.072322731300062,0.0,3.948,1.432911831217148,0.0,5.8
PTK-15,SRI,45,pertumbuhan,36.315370034089405,0.0,3.015,2.4973072346105294,0.0,57.9
PTK-15,SRI,46,pertumbuhan,29.505173226719595,0.0,4.642,2.1681968073698084,0.0,0.0
PTK-15,SRI,47,pertumbuhan,23.05157690177468,0.0,4.692,1.7615963249449145,0.0,0.0
PTK-15,SRI,48,pertumbuhan,17.242290348826145,0.0,4.433,1.3762865529485364,0.0,0.0
PTK-15,SRI,49,pertumbuhan,11.654845272238052,0.0,4.558,1.0294450765880931,0.0,0.0
PTK-15,SRI,50,pertumbuhan,6.531996702171588,0.0,4.427,0.6958485700664646,0.0,0.0
PTK-15,SRI,51,reproduktif,4.731596743069614,0.0,3.291,0.5093999591019733,0.0,2.0
PTK-15,SRI,52,reproduktif,0.19809836999907304,0.0,4.251,0.28249837307054065,0.0,0.0
PTK-15,SRI,53,reproduktif,-2.9047290257557816,0.0,3.091,0.011827395754854331,0.0,0.0
PTK-15,SRI,54,reproduktif,-8.156412899168643,0.0,4.177,1.0746838734128612,0.0,0.0
PTK-15,SRI,55,reproduktif,-0.32509969705376207,0.0,3.281,0.18768679788511944,0.0,11.3
PTK-15,SRI,56,reproduktif,-5.693783570466623,0.0,4.294,1.0746838734128612,0.0,0.0
PTK-15,SRI,57,reproduktif,-11.966467443879484,0.0,5.198,1.0746838734128612,0.0,0.0
PTK-15,SRI,58,reproduktif,-17.557151317292345,0.0,4.516,1.0746838734128612,0.0,0.0
PTK-15,SRI,59,reproduktif,-22.758835190705206,0.0,4.127,1.0746838734128612,0.0,0.0
PTK-15,SRI,60,reproduktif,-15.507519064118068,0.0,4.074,1.0746838734128612,0.0,12.4
PTK-15,SRI,61,reproduktif,-20.42420293753093,0.0,3.842,1.0746838734128612,0.0,0.0
PTK-15,SRI,62,reproduktif,-25.28488681094379,0.0,3.786,1.0746838734128612,0.0,0.0
PTK-15,SRI,63,reproduktif,-0.11152329817023876,30.28488681094379,4.813,0.2985232981702392,0.0,0.0
PTK-15,SRI,64,reproduktif,-6.0222071715831005,0.0,4.836,1.0746838734128612,0.0,0.0
PTK-15,SRI,65,reproduktif,-12.485891044995963,0.0,5.389,1.0746838734128612,0.0,0.0
PTK-15,SRI,66,reproduktif,-18.304574918408825,0.0,4.744,1.0746838734128612,0.0,0.0
PTK-15,SRI,67,reproduktif,-23.429258791821688,0.0,4.05,1.0746838734128612,0.0,0.0
PTK-15,SRI,68,reproduktif,-29.59594266523455,0.0,5.092,1.0746838734128612,0.0,0.0
PTK-15,SRI,69,reproduktif,-0.633523298170239,34.595942665234546,5.335,0.2985232981702392,0.0,0.0
PTK-15,SRI,70,reproduktif,-6.2582071715831,0.0,4.55,1.0746838734128612,0.0,0.0
PTK-15,SRI,71,reproduktif,-13.505891044995963,0.0,6.173,1.0746838734128612,0.0,0.0
PTK-15,SRI,72,reproduktif,-19.672574918408824,0.0,5.092,1.0746838734128612,0.0,0.0
PTK-15,SRI,73,reproduktif,-26.320258791821686,0.0,5.573,1.0746838734128612,0.0,0.0
PTK-15,SRI,74,reproduktif,-0.9975232981702389,31.320258791821686,5.699,0.2985232981702392,0.0,0.0
PTK-15,SRI,75,reproduktif,-7.5312071715831,0.0,5.459,1.0746838734128612,0.0,0.0
PTK-15,SRI,76,reproduktif,-13.581891044995961,0.0,4.976,1.0746838734128612,0.0,0.0
PTK-15,SRI,77,reproduktif,-19.975574918408824,0.0,5.319,1.0746838734128612,0.0,0.0
PTK-15,SRI,78,reproduktif,-26.224258791821686,0.0,5.174,1.0746838734128612,0.0,0.0
PTK-15,SRI,79,reproduktif,-0.3335232981702392,31.224258791821686,5.035,0.2985232981702392,0.0,0.0
PTK-15,SRI,80,reproduktif,-6.1042071715831,0.0,4.696,1.0746838734128612,0.0,0.0
PTK-15,SRI,81,reproduktif,-12.766891044995962,0.0,5.588,1.0746838734128612,0.0,0.0
PTK-15,SRI,82,reproduktif,-18.811574918408823,0.0,4.97,1.0746838734128612,0.0,0.0
PTK-15,SRI,83,reproduktif,-24.915258791821685,0.0,5.029,1.0746838734128612,0.0,0.0
PTK-15,SRI,84,reproduktif,-31.42394266523455,0.0,5.434,1.0746838734128612,0.0,0.0
PTK-15,SRI,85,reproduktif,-1.154523298170239,36.42394266523455,5.856,0.2985232981702392,0.0,0.0
PTK-15,SRI,86,reproduktif,-6.5062071715831005,0.0,4.277,1.0746838734128612,0.0,0.0
PTK-15,SRI,87,reproduktif,-12.773891044995962,0.0,5.193,1.0746838734128612,0.0,0.0
PTK-15,SRI,88,reproduktif,-19.310574918408822,0.0,5.462,1.0746838734128612,0.0,0.0
PTK-15,SRI,89,reproduktif,-25.959258791821682,0.0,5.574,1.0746838734128612,0.0,0.0
PTK-15,SRI,90,reproduktif,-0.6275232981702388,30.959258791821682,5.329,0.2985232981702392,0.0,0.0
PTK-15,SRI,91,pemasakan,-7.0162071715831,0.0,5.314,1.0746838734128612,0.0,0.0
PTK-15,SRI,92,pemasakan,-13.854891044995963,0.0,5.764,1.0746838734128612,0.0,0.0
PTK-15,SRI,93,pemasakan,-21.171574918408822,0.0,6.242,1.0746838734128612,0.0,0.0
PTK-15,SRI,94,pemasakan,-28.110258791821686,0.0,5.864,1.0746838734128612,0.0,0.0
PTK-15,SRI,95,pemasakan,-35.559942665234544,0.0,6.375,1.0746838734128612,0.0,0.0
PTK-15,SRI,96,pemasakan,-5.985683873412861,31.759942665234544,4.911,1.0746838734128612,0.0,3.8
PTK-15,SRI,97,pemasakan,-7.659367746825723,0.0,4.399,1.0746838734128612,0.0,3.8
PTK-15,SRI,98,pemasakan,-13.485051620238584,0.0,4.751,1.0746838734128612,0.0,0.0
PTK-15,SRI,99,pemasakan,-20.253735493651448,0.0,5.694,1.0746838734128612,0.0,0.0
PTK-15,SRI,100,pemasakan,-26.92141936706431,0.0,5.593,1.0746838734128612,0.0,0.0
PTK-15,SRI,101,pemasakan,-34.04010324047717,0.0,6.044,1.0746838734128612,0.0,0.0
PTK-15,SRI,102,pemasakan,-6.514683873412862,34.04010324047717,5.44,1.0746838734128612,0.0,0.0
PTK-15,SRI,103,pemasakan,-13.981367746825724,0.0,6.392,1.0746838734128612,0.0,0.0
PTK-15,SRI,104,pemasakan,-20.313051620238586,0.0,5.257,1.0746838734128612,0.0,0.0
PTK-15,SRI,105,pemasakan,-27.22273549365145,0.0,5.835,1.0746838734128612,0.0,0.0
PTK-15,SRI,106,pemasakan,-33.96341936706431,0.0,5.666,1.0746838734128612,0.0,0.0
PTK-15,SRI,107,pemasakan,-7.007683873412861,33.96341936706431,5.933,1.0746838734128612,0.0,0.0
PTK-15,SRI,108,pemasakan,-14.066367746825723,0.0,5.984,1.0746838734128612,0.0,0.0
PTK-15,SRI,109,pemasakan,-22.10305162023858,0.0,6.962,1.0746838734128612,0.0,0.0
PTK-15,SRI,110,pemasakan,-27.810735493651443,0.0,4.633,1.0746838734128612,0.0,0.0
PTK-16,FL,1,awal,14.226592102751066,0.0,3.936,1.8374078972489325,0.0,0.0
PTK-16,FL,2,awal,9.800589468724361,0.0,3.119,1.3070026340267054,0.0,0.0
PTK-16,FL,3,awal,8.45615537821931,0.0,2.896,1.1484340905050487,0.0,2.7
PTK-16,FL,4,awal,11.154631162108242,0.0,3.154,1.4475242161110702,0.0,7.3
PTK-16,FL,5,awal,7.252850792700406,0.0,2.877,1.024780369407836,0.0,0.0
PTK-16,FL,6,awal,9.26237095989071,0.0,3.227,1.2634798328096983,0.0,6.5
PTK-16,FL,7,awal,7.244188808608155,0.0,2.257,0.9611821512825541,0.0,1.2
PTK-16,FL,8,awal,33.87281705492501,0.0,3.219,3.7523717536831547,0.0,33.6
PTK-16,FL,9,awal,50.0,0.0,2.34,7.043961978052092,17.28885507687292,42.8
PTK-16,FL,10,awal,41.03248025687767,0.0,4.374,4.593519743122331,0.0,0.0
PTK-16,FL,11,awal,37.43457298787792,0.0,2.371,4.0269072689997465,0.0,2.8
PTK-16,FL,12,awal,31.495069907002012,0.0,2.682,3.4575030808759126,0.0,0.2
PTK-16,FL,13,awal,25.375605398425378,0.0,3.226,2.893464508576635,0.0,0.0
PTK-16,FL,14,awal,19.24533851059841,0.0,3.799,2.331266887826972,0.0,0.0
PTK-16,FL,15,awal,13.198261662368282,0.0,4.279,1.7680768482301261,0.0,0.0
PTK-16,FL,16,awal,8.933732151948616,0.0,3.052,1.2125295104196652,0.0,0.0
PTK-16,FL,17,awal,13.994592102751067,11.066267848051384,4.168,1.8374078972489325,0.0,0.0
PTK-16,FL,18,awal,9.73990340033245,0.0,2.969,1.2856887024186177,0.0,0.0
PTK-16,FL,19,awal,13.573592102751068,10.26009659966755,4.589,1.8374078972489325,0.0,0.0
PTK-16,FL,20,awal,9.66189748119334,0.0,3.482,1.3296946215577297,0.0,0.9
PTK-16,FL,21,pertumbuhan,13.921592102751067,10.33810251880666,4.241,1.8374078972489325,0.0,0.0
PTK-16,FL,22,pertumbuhan,8.737609939157409,0.0,3.905,1.2789821635936591,0.0,0.0
PTK-16,FL,23,pertumbuhan,12.790592102751067,11.262390060842591,5.372,1.8374078972489325,0.0,0.0
PTK-16,FL,24,pertumbuhan,7.882515355746834,0.0,3.733,1.1750767470042318,0.0,0.0
PTK-16,FL,25,pertumbuhan,15.147592102751068,12.117484644253166,3.015,1.8374078972489325,0.0,0.0
PTK-16,FL,26,pertumbuhan,9.582976835056048,0.0,4.173,1.3916152676950186,0.0,0.0
PTK-16,FL,27,pertumbuhan,14.263592102751067,10.417023164943952,3.899,1.8374078972489325,0.0,0.0
PTK-16,FL,28,pertumbuhan,9.407190264114451,0.0,3.546,1.3104018386366159,0.0,0.0
PTK-16,FL,29,pertumbuhan,14.161592102751067,10.592809735885549,4.001,1.8374078972489325,0.0,0.0
PTK-16,FL,30,pertumbuhan,8.69256104439042,0.0,4.168,1.3010310583606464,0.0,0.0
PTK-16,FL,31,pertumbuhan,14.755592102751066,11.30743895560958,3.407,1.8374078972489325,0.0,0.0
PTK-16,FL,32,pertumbuhan,9.067990029842127,0.0,4.332,1.3556020729089395,0.0,0.0
PTK-16,FL,33,pertumbuhan,13.293592102751067,10.932009970157873,4.869,1.8374078972489325,0.0,0.0
PTK-16,FL,34,pertumbuhan,9.33611750764478,0.0,2.827,1.2304745951062872,0.0,0.1
PTK-16,FL,35,pertumbuhan,13.769592102751067,10.66388249235522,4.393,1.8374078972489325,0.0,0.0
PTK-16,FL,36,pertumbuhan,26.966979302441324,0.0,3.791,3.1116128003097447,0.0,20.1
PTK-16,FL,37,pertumbuhan,20.601512265678615,0.0,3.888,2.4774670367627096,0.0,0.0
PTK-16,FL,38,pertumbuhan,14.582843199067183,0.0,4.126,1.8926690666114316,0.0,0.0
PTK-16,FL,39,pertumbuhan,8.198111636151737,0.0,5.045,1.3397315629154463,0.0,0.0
PTK-16,FL,40,pertumbuhan,13.338592102751068,11.801888363848263,4.824,1.8374078972489325,0.0,0.0
PTK-16,FL,41,pertumbuhan,7.707170379362216,0.0,4.406,1.225421723388853,0.0,0.0
PTK-16,FL,42,pertumbuhan,14.087592102751067,12.292829620637784,4.075,1.8374078972489325,0.0,0.0
PTK-16,FL,43,pertumbuhan,10.219237216692774,0.0,3.119,1.3493548860582931,0.0,0.6
PTK-16,FL,44,pertumbuhan,10.353543568200006,0.0,4.194,1.4716936484927654,0.0,5.8
PTK-16,FL,45,pertumbuhan,50.0,0.0,3.204,6.270479998371738,8.779063569828267,57.9
PTK-16,FL,46,pertumbuhan,40.47448025687767,0.0,4.932,4.593519743122331,0.0,0.0
PTK-16,FL,47,pertumbuhan,31.77007377382602,0.0,4.986,3.7184064830516514,0.0,0.0
PTK-16,FL,48,pertumbuhan,24.141344551415564,0.0,4.71,2.918729222410456,0.0,0.0
PTK-16,FL,49,pertumbuhan,17.08046969496664,0.0,4.843,2.217874856448922,0.0,0.0
PTK-16,FL,50,pertumbuhan,10.808280199654003,0.0,4.703,1.5691894953126386,0.0,0.0
PTK-16,FL,51,reproduktif,8.115578440202933,0.0,3.516,1.17670175945107,0.0,2.0
PTK-16,FL,52,reproduktif,2.8269970443643304,0.0,4.543,0.7455813958386021,0.0,0.0
PTK-16,FL,53,reproduktif,5.778296051375534,7.17300295563567,3.303,0.9187039486244662,0.0,0.0
PTK-16,FL,54,reproduktif,0.7834417115035475,0.0,4.464,0.5308543398719865,0.0,0.0
PTK-16,FL,55,reproduktif,7.466331150170359,0.0,3.507,1.1101105613331888,0.0,11.3
PTK-16,FL,56,reproduktif,2.1913963592304224,0.0,4.589,0.6859347909399361,0.0,0.0
PTK-16,FL,57,reproduktif,3.5262960513755344,7.808603640769578,5.555,0.9187039486244662,0.0,0.0
PTK-16,FL,58,reproduktif,4.256296051375534,6.473703948624466,4.825,0.9187039486244662,0.0,0.0
PTK-16,FL,59,reproduktif,4.671296051375534,5.743703948624466,4.41,0.9187039486244662,0.0,0.0
PTK-16,FL,60,reproduktif,11.149949342321937,0.0,4.353,1.568346709053596,0.0,12.4
PTK-16,FL,61,reproduktif,6.019599093546544,0.0,4.106,1.0243502487753935,0.0,0.0
PTK-16,FL,62,reproduktif,1.4205761479087968,0.0,4.046,0.5530229456377468,0.0,0.0
PTK-16,FL,63,reproduktif,3.937296051375534,8.579423852091203,5.144,0.9187039486244662,0.0,0.0
PTK-16,FL,64,reproduktif,3.913296051375534,6.062703948624466,5.168,0.9187039486244662,0.0,0.0
PTK-16,FL,65,reproduktif,3.323296051375534,6.086703948624466,5.758,0.9187039486244662,0.0,0.0
PTK-16,FL,66,reproduktif,4.011296051375534,6.676703948624466,5.07,0.9187039486244662,0.0,0.0
PTK-16,FL,67,reproduktif,4.753296051375534,5.988703948624466,4.328,0.9187039486244662,0.0,0.0
PTK-16,FL,68,reproduktif,3.6402960513755342,5.246703948624466,5.441,0.9187039486244662,0.0,0.0
PTK-16,FL,69,reproduktif,3.3802960513755345,6.359703948624466,5.701,0.9187039486244662,0.0,0.0
PTK-16,FL,70,reproduktif,4.219296051375534,6.6197039486244655,4.862,0.9187039486244662,0.0,0.0
PTK-16,FL,71,reproduktif,2.4842960513755337,5.780703948624466,6.597,0.9187039486244662,0.0,0.0
PTK-16,FL,72,reproduktif,3.6402960513755342,7.515703948624466,5.441,0.9187039486244662,0.0,0.0
PTK-16,FL,73,reproduktif,3.1252960513755337,6.359703948624466,5.956,0.9187039486244662,0.0,0.0
PTK-16,FL,74,reproduktif,2.9912960513755342,6.874703948624466,6.09,0.9187039486244662,0.0,0.0
PTK-16,FL,75,reproduktif,3.2472960513755345,7.008703948624466,5.834,0.9187039486244662,0.0,0.0
PTK-16,FL,76,reproduktif,3.764296051375534,6.7527039486244655,5.317,0.9187039486244662,0.0,0.0
PTK-16,FL,77,reproduktif,3.397296051375534,6.235703948624466,5.684,0.9187039486244662,0.0,0.0
PTK-16,FL,78,reproduktif,3.551296051375534,6.602703948624466,5.53,0.9187039486244662,0.0,0.0
PTK-16,FL,79,reproduktif,3.701296051375534,6.448703948624466,5.38,0.9187039486244662,0.0,0.0
PTK-16,FL,80,reproduktif,4.063296051375534,6.298703948624466,5.018,0.9187039486244662,0.0,0.0
PTK-16,FL,81,reproduktif,3.110296051375534,5.936703948624466,5.971,0.9187039486244662,0.0,0.0
PTK-16,FL,82,reproduktif,3.769296051375534,6.889703948624466,5.312,0.9187039486244662,0.0,0.0
PTK-16,FL,83,reproduktif,3.7072960513755344,6.230703948624466,5.374,0.9187039486244662,0.0,0.0
PTK-16,FL,84,reproduktif,3.275296051375534,6.292703948624466,5.806,0.9187039486244662,0.0,0.0
PTK-16,FL,85,reproduktif,2.823296051375534,6.724703948624466,6.258,0.9187039486244662,0.0,0.0
PTK-16,FL,86,reproduktif,4.511296051375534,7.176703948624466,4.57,0.9187039486244662,0.0,0.0
PTK-16,FL,87,reproduktif,3.5322960513755337,5.488703948624466,5.549,0.9187039486244662,0.0,0.0
PTK-16,FL,88,reproduktif,3.2442960513755343,6.467703948624466,5.837,0.9187039486244662,0.0,0.0
PTK-16,FL,89,reproduktif,3.1242960513755342,6.755703948624466,5.957,0.9187039486244662,0.0,0.0
PTK-16,FL,90,reproduktif,3.386296051375534,6.875703948624466,5.695,0.9187039486244662,0.0,0.0
PTK-16,FL,91,pemasakan,-2.29080430398548,0.0,5.366,0.3111003553610141,0.0,0.0
PTK-16,FL,92,pemasakan,3.262296051375534,12.29080430398548,5.819,0.9187039486244662,0.0,0.0
PTK-16,FL,93,pemasakan,-3.339412375022536,0.0,6.302,0.29970842639807077,0.0,0.0
PTK-16,FL,94,pemasakan,3.161296051375534,13.339412375022537,5.92,0.9187039486244662,0.0,0.0
PTK-16,FL,95,pemasakan,-3.56613346514143,0.0,6.437,0.2904295165169637,0.0,0.0
PTK-16,FL,96,pemasakan,-4.7456188760439995,0.0,4.958,0.021485410902568943,0.0,3.8
PTK-16,FL,97,pemasakan,4.639296051375534,10.945618876044,4.442,0.9187039486244662,0.0,3.8
PTK-16,FL,98,pemasakan,-0.5829179087481258,0.0,4.796,0.42621396012365975,0.0,0.0
PTK-16,FL,99,pemasakan,3.3322960513755344,10.582917908748126,5.749,0.9187039486244662,0.0,0.0
PTK-16,FL,100,pemasakan,-2.620843302662908,0.0,5.647,0.30613935403844206,0.0,0.0
PTK-16,FL,101,pemasakan,2.9782960513755343,12.620843302662909,6.103,0.9187039486244662,0.0,0.0
PTK-16,FL,102,pemasakan,-2.788321182881602,0.0,5.493,0.27361723425713597,0.0,0.0
PTK-16,FL,103,pemasakan,2.628296051375534,12.788321182881603,6.453,0.9187039486244662,0.0,0.0
PTK-16,FL,104,pemasakan,-2.9211665446797452,0.0,5.308,0.2414625960552796,0.0,0.0
PTK-16,FL,105,pemasakan,3.1892960513755337,12.921166544679746,5.892,0.9187039486244662,0.0,0.0
PTK-16,FL,106,pemasakan,-2.823705836197578,0.0,5.72,0.29300188757311213,0.0,0.0
PTK-16,FL,107,pemasakan,3.091296051375534,12.823705836197579,5.99,0.9187039486244662,0.0,0.0
PTK-16,FL,108,pemasakan,-3.2347025375010583,0.0,6.042,0.28399858887659235,0.0,0.0
PTK-16,FL,109,pemasakan,2.052296051375534,13.234702537501057,7.029,0.9187039486244662,0.0,0.0
PTK-16,FL,110,pemasakan,-2.8142491972389765,0.0,4.678,0.18854524861451036,0.0,0.0
PTK-16,SRI,1,awal,14.265592102751068,0.0,3.897,1.8374078972489325,0.0,0.0
PTK-16,SRI,2,awal,9.867006523324727,0.0,3.088,1.3105855794263408,0.0,0.0
PTK-16,SRI,3,awal,8.545470671787943,0.0,2.867,1.1545358515367854,0.0,2.7
PTK-16,SRI,4,awal,11.266741024389468,0.0,3.123,1.4557296473984758,0.0,7.3
PTK-16,SRI,5,awal,7.382661077665881,0.0,2.849,1.0350799467235867,0.0,0.0
PTK-16,SRI,6,awal,9.4122555227192,0.0,3.195,1.2754055549466832,0.0,6.5
PTK-16,SRI,7,awal,7.402303417465806,0.0,2.235,0.9749521052533927,0.0,1.2
PTK-16,SRI,8,awal,34.04840561223338,0.0,3.187,3.7668978052324285,0.0,33.6
PTK-16,SRI,9,awal,40.0,0.0,2.317,7.060093368145339,27.47131224408804,42.8
PTK-16,SRI,10,awal,31.994184205502137,0.0,4.331,3.674815794497865,0.0,0.0
PTK-16,SRI,11,awal,29.24962876362595,0.0,2.348,3.1965554418761846,0.0,2.8
PTK-16,SRI,12,awal,24.089079740559168,0.0,2.655,2.705549023066782,0.0,0.2
PTK-16,SRI,13,awal,18.68200647292103,0.0,3.194,2.213073267638134,0.0,0.0
PTK-16,SRI,14,awal,13.204683161430992,0.0,3.761,1.716323311490039,0.0,0.0
PTK-16,SRI,15,awal,7.754563705356827,0.0,4.237,1.2131194560741652,0.0,0.0
PTK-16,SRI,16,awal,4.020148875759698,0.0,3.022,0.7124148295971289,0.0,0.0
PTK-16,SRI,17,awal,-0.4761837888621656,0.0,4.127,0.36933266462186437,0.0,0.0
PTK-16,SRI,18,awal,6.141296051375534,10.476183788862166,2.94,0.9187039486244662,0.0,0.0
PTK-16,SRI,19,awal,1.03309275816848,0.0,4.544,0.5642032932070545,0.0,0.0
PTK-16,SRI,20,awal,-1.6925012368301946,0.0,3.448,0.1775939949986743,0.0,0.9
PTK-16,SRI,21,pertumbuhan,-7.889390713528913,0.0,3.992,2.204889476698719,0.0,0.0
PTK-16,SRI,22,pertumbuhan,-13.769280190227631,0.0,3.675,2.204889476698719,0.0,0.0
PTK-16,SRI,23,pertumbuhan,-21.030169666926348,0.0,5.056,2.204889476698719,0.0,0.0
PTK-16,SRI,24,pertumbuhan,5.567296051375534,31.030169666926348,3.514,0.9187039486244662,0.0,0.0
PTK-16,SRI,25,pertumbuhan,2.2178263648195236,0.0,2.838,0.5114696865560102,0.0,0.0
PTK-16,SRI,26,pertumbuhan,-1.9129262190527907,0.0,3.927,0.20375258387231424,0.0,0.0
PTK-16,SRI,27,pertumbuhan,-7.78781569575151,0.0,3.67,2.204889476698719,0.0,0.0
PTK-16,SRI,28,pertumbuhan,-13.329705172450229,0.0,3.337,2.204889476698719,0.0,0.0
PTK-16,SRI,29,pertumbuhan,-19.300594649148948,0.0,3.766,2.204889476698719,0.0,0.0
PTK-16,SRI,30,pertumbuhan,-25.428484125847667,0.0,3.923,2.204889476698719,0.0,0.0
PTK-16,SRI,31,pertumbuhan,5.875296051375534,35.42848412584767,3.206,0.9187039486244662,0.0,0.0
PTK-16,SRI,32,pertumbuhan,1.2585302832018899,0.0,4.077,0.5397657681736437,0.0,0.0
PTK-16,SRI,33,pertumbuhan,-3.4400913908622144,0.0,4.583,0.1156216740641044,0.0,0.0
PTK-16,SRI,34,pertumbuhan,-8.205980867560934,0.0,2.661,2.204889476698719,0.0,0.1
PTK-16,SRI,35,pertumbuhan,-14.545870344259653,0.0,4.135,2.204889476698719,0.0,0.0
PTK-16,SRI,36,pertumbuhan,1.475869571150258,0.0,3.568,0.5102600845900905,0.0,20.1
PTK-16,SRI,37,pertumbuhan,-2.319719149116786,0.0,3.66,0.13558872026704397,0.0,0.0
PTK-16,SRI,38,pertumbuhan,-8.407608625815504,0.0,3.883,2.204889476698719,0.0,0.0
PTK-16,SRI,39,pertumbuhan,-15.360498102514223,0.0,4.748,2.204889476698719,0.0,0.0
PTK-16,SRI,40,pertumbuhan,-22.10538757921294,0.0,4.54,2.204889476698719,0.0,0.0
PTK-16,SRI,41,pertumbuhan,4.934296051375534,32.105387579212945,4.147,0.9187039486244662,0.0,0.0
PTK-16,SRI,42,pertumbuhan,0.6459803247674527,0.0,3.835,0.4533157266080815,0.0,0.0
PTK-16,SRI,43,pertumbuhan,-1.8044883796597726,0.0,2.936,0.11446870442722537,0.0,0.6
PTK-16,SRI,44,pertumbuhan,-0.31955760989792337,0.0,3.948,0.3670692302381506,0.0,5.8
PTK-16,SRI,45,pertumbuhan,40.0,0.0,3.015,5.289937978733038,9.275504411369042,57.9
PTK-16,SRI,46,pertumbuhan,31.683184205502137,0.0,4.642,3.674815794497865,0.0,0.0
PTK-16,SRI,47,pertumbuhan,24.080437562043024,0.0,4.692,2.9107466434591136,0.0,0.0
PTK-16,SRI,48,pertumbuhan,17.43515825475764,0.0,4.433,2.212279307285384,0.0,0.0
PTK-16,SRI,49,pertumbuhan,11.27538338140381,0.0,4.558,1.60177487335383,0.0,0.0
PTK-16,SRI,50,pertumbuhan,5.8125094579287735,0.0,4.427,1.0358739234750365,0.0,0.0
PTK-16,SRI,51,reproduktif,3.803771129162258,0.0,3.291,0.7177383287665152,0.0,2.0
PTK-16,SRI,52,reproduktif,-0.7966828264402537,0.0,4.251,0.3494539556025111,0.0,0.0
PTK-16,SRI,53,reproduktif,-5.541349933964293,0.0,3.091,1.6536671075240392,0.0,0.0
PTK-16,SRI,54,reproduktif,-11.37201704148833,0.0,4.177,1.6536671075240392,0.0,0.0
PTK-16,SRI,55,reproduktif,-5.0066841490123695,0.0,3.281,1.6536671075240392,0.0,11.3
PTK-16,SRI,56,reproduktif,-10.954351256536409,0.0,4.294,1.6536671075240392,0.0,0.0
PTK-16,SRI,57,reproduktif,-17.80601836406045,0.0,5.198,1.6536671075240392,0.0,0.0
PTK-16,SRI,58,reproduktif,-23.975685471584487,0.0,4.516,1.6536671075240392,0.0,0.0
PTK-16,SRI,59,reproduktif,-29.756352579108526,0.0,4.127,1.6536671075240392,0.0,0.0
PTK-16,SRI,60,reproduktif,-23.084019686632562,0.0,4.074,1.6536671075240392,0.0,12.4
PTK-16,SRI,61,reproduktif,-28.5796867941566,0.0,3.842,1.6536671075240392,0.0,0.0
PTK-16,SRI,62,reproduktif,0.754648025687767,33.5796867941566,3.786,0.4593519743122331,0.0,0.0
PTK-16,SRI,63,reproduktif,-4.127681786414334,0.0,4.813,0.06932981210210092,0.0,0.0
PTK-16,SRI,64,reproduktif,-10.617348893938374,0.0,4.836,1.6536671075240392,0.0,0.0
PTK-16,SRI,65,reproduktif,-17.660016001462413,0.0,5.389,1.6536671075240392,0.0,0.0
PTK-16,SRI,66,reproduktif,-24.057683108986453,0.0,4.744,1.6536671075240392,0.0,0.0
PTK-16,SRI,67,reproduktif,-29.761350216510493,0.0,4.05,1.6536671075240392,0.0,0.0
PTK-16,SRI,68,reproduktif,-0.551351974312233,34.76135021651049,5.092,0.4593519743122331,0.0,0.0
PTK-16,SRI,69,reproduktif,-7.540019081836272,0.0,5.335,1.6536671075240392,0.0,0.0
PTK-16,SRI,70,reproduktif,-13.74368618936031,0.0,4.55,1.6536671075240392,0.0,0.0
PTK-16,SRI,71,reproduktif,-21.57035329688435,0.0,6.173,1.6536671075240392,0.0,0.0
PTK-16,SRI,72,reproduktif,-28.316020404408388,0.0,5.092,1.6536671075240392,0.0,0.0
PTK-16,SRI,73,reproduktif,-1.0323519743122338,33.31602040440839,5.573,0.4593519743122331,0.0,0.0
PTK-16,SRI,74,reproduktif,-8.385019081836273,0.0,5.699,1.6536671075240392,0.0,0.0
PTK-16,SRI,75,reproduktif,-15.497686189360312,0.0,5.459,1.6536671075240392,0.0,0.0
PTK-16,SRI,76,reproduktif,-22.12735329688435,0.0,4.976,1.6536671075240392,0.0,0.0
PTK-16,SRI,77,reproduktif,-29.10002040440839,0.0,5.319,1.6536671075240392,0.0,0.0
PTK-16,SRI,78,reproduktif,-0.6333519743122338,34.10002040440839,5.174,0.4593519743122331,0.0,0.0
PTK-16,SRI,79,reproduktif,-7.322019081836273,0.0,5.035,1.6536671075240392,0.0,0.0
PTK-16,SRI,80,reproduktif,-13.671686189360312,0.0,4.696,1.6536671075240392,0.0,0.0
PTK-16,SRI,81,reproduktif,-20.913353296884353,0.0,5.588,1.6536671075240392,0.0,0.0
PTK-16,SRI,82,reproduktif,-27.53702040440839,0.0,4.97,1.6536671075240392,0.0,0.0
PTK-16,SRI,83,reproduktif,-0.4883519743122333,32.537020404408395,5.029,0.4593519743122331,0.0,0.0
PTK-16,SRI,84,reproduktif,-7.5760190818362725,0.0,5.434,1.6536671075240392,0.0,0.0
PTK-16,SRI,85,reproduktif,-15.085686189360311,0.0,5.856,1.6536671075240392,0.0,0.0
PTK-16,SRI,86,reproduktif,-21.01635329688435,0.0,4.277,1.6536671075240392,0.0,0.0
PTK-16,SRI,87,reproduktif,-27.86302040440839,0.0,5.193,1.6536671075240392,0.0,0.0
PTK-16,SRI,88,reproduktif,-0.9213519743122331,32.86302040440839,5.462,0.4593519743122331,0.0,0.0
PTK-16,SRI,89,reproduktif,-8.149019081836272,0.0,5.574,1.6536671075240392,0.0,0.0
PTK-16,SRI,90,reproduktif,-15.13168618936031,0.0,5.329,1.6536671075240392,0.0,0.0
PTK-16,SRI,91,pemasakan,-22.09935329688435,0.0,5.314,1.6536671075240392,0.0,0.0
PTK-16,SRI,92,pemasakan,-29.517020404408388,0.0,5.764,1.6536671075240392,0.0,0.0
PTK-16,SRI,93,pemasakan,-37.412687511932425,0.0,6.242,1.6536671075240392,0.0,0.0
PTK-16,SRI,94,pemasakan,-7.517667107524039,37.412687511932425,5.864,1.6536671075240392,0.0,0.0
PTK-16,SRI,95,pemasakan,-15.546334215048079,0.0,6.375,1.6536671075240392,0.0,0.0
PTK-16,SRI,96,pemasakan,-18.311001322572118,0.0,4.911,1.6536671075240392,0.0,3.8
PTK-16,SRI,97,pemasakan,-20.563668430096158,0.0,4.399,1.6536671075240392,0.0,3.8
PTK-16,SRI,98,pemasakan,-26.9683355376202,0.0,4.751,1.6536671075240392,0.0,0.0
PTK-16,SRI,99,pemasakan,-34.31600264514424,0.0,5.694,1.6536671075240392,0.0,0.0
PTK-16,SRI,100,pemasakan,-7.246667107524039,34.31600264514424,5.593,1.6536671075240392,0.0,0.0
PTK-16,SRI,101,pemasakan,-14.944334215048077,0.0,6.044,1.6536671075240392,0.0,0.0
PTK-16,SRI,102,pemasakan,-22.038001322572114,0.0,5.44,1.6536671075240392,0.0,0.0
PTK-16,SRI,103,pemasakan,-30.083668430096154,0.0,6.392,1.6536671075240392,0.0,0.0
PTK-16,SRI,104,pemasakan,-6.910667107524039,30.083668430096154,5.257,1.6536671075240392,0.0,0.0
PTK-16,SRI,105,pemasakan,-14.399334215048079,0.0,5.835,1.6536671075240392,0.0,0.0
PTK-16,SRI,106,pemasakan,-21.71900132257212,0.0,5.666,1.6536671075240392,0.0,0.0
PTK-16,SRI,107,pemasakan,-29.30566843009616,0.0,5.933,1.6536671075240392,0.0,0.0
PTK-16,SRI,108,pemasakan,-36.9433355376202,0.0,5.984,1.6536671075240392,0.0,0.0
PTK-16,SRI,109,pemasakan,-8.61566710752404,36.9433355376202,6.962,1.6536671075240392,0.0,0.0
PTK-16,SRI,110,pemasakan,-14.902334215048079,0.0,4.633,1.6536671075240392,0.0,0.0
PTK-17,FL,1,awal,13.564982864428103,0.0,3.936,2.4990171355718966,0.0,0.0
PTK-17,FL,2,awal,8.751026633330854,0.0,3.119,1.6949562310972488,0.0,0.0
PTK-17,FL,3,awal,7.124211044501656,0.0,2.896,1.4308155888291985,0.0,2.7
PTK-17,FL,4,awal,9.467893516135906,0.0,3.154,1.8023175283657522,0.0,7.3
PTK-17,FL,5,awal,14.623982864428104,10.532106483864094,2.877,2.4990171355718966,0.0,0.0
PTK-17,FL,6,awal,15.257523106941457,0.0,3.227,2.639459757486647,0.0,6.5
PTK-17,FL,7,awal,12.144141494275601,0.0,2.257,2.056381612665857,0.0,1.2
PTK-17,FL,8,awal,36.8093718219646,0.0,3.219,5.715769672311008,0.0,33.6
PTK-17,FL,9,awal,50.0,0.0,2.34,9.947259216760202,17.322112605204396,42.8
PTK-17,FL,10,awal,39.37845716107026,0.0,4.374,6.247542838929741,0.0,0.0
PTK-17,FL,11,awal,34.53722280119527,0.0,2.371,5.270234359874987,0.0,2.8
PTK-17,FL,12,awal,27.714777050076982,0.0,2.682,4.340445751118289,0.0,0.2
PTK-17,FL,13,awal,21.025791912242127,0.0,3.226,3.4629851378348557,0.0,0.0
PTK-17,FL,14,awal,14.599601198359023,0.0,3.799,2.6271907138831034,0.0,0.0
PTK-17,FL,15,awal,8.496368519998263,0.0,4.279,1.8242326783607596,0.0,0.0
PTK-17,FL,16,awal,14.448982864428103,11.503631480001737,3.052,2.4990171355718966,0.0,0.0
PTK-17,FL,17,awal,8.475570075938577,0.0,4.168,1.8054127884895268,0.0,0.0
PTK-17,FL,18,awal,14.531982864428103,11.524429924061423,2.969,2.4990171355718966,0.0,0.0
PTK-17,FL,19,awal,8.127199154825952,0.0,4.589,1.81578370960215,0.0,0.0
PTK-17,FL,20,awal,14.018982864428104,10.972800845174048,3.482,2.4990171355718966,0.0,0.9
PTK-17,FL,21,pertumbuhan,8.026298944353373,0.0,4.241,1.751683920074731,0.0,0.0
PTK-17,FL,22,pertumbuhan,13.595982864428104,11.973701055646627,3.905,2.4990171355718966,0.0,0.0
PTK-17,FL,23,pertumbuhan,6.525153156770719,0.0,5.372,1.6988297076573855,0.0,0.0
PTK-17,FL,24,pertumbuhan,13.767982864428102,13.474846843229281,3.733,2.4990171355718966,0.0,0.0
PTK-17,FL,25,pertumbuhan,9.032661609404798,0.0,3.015,1.7203212550233036,0.0,0.0
PTK-17,FL,26,pertumbuhan,13.327982864428103,10.967338390595202,4.173,2.4990171355718966,0.0,0.0
PTK-17,FL,27,pertumbuhan,7.763639986387381,0.0,3.899,1.665342878040722,0.0,0.0
PTK-17,FL,28,pertumbuhan,13.954982864428104,12.236360013612618,3.546,2.4990171355718966,0.0,0.0
PTK-17,FL,29,pertumbuhan,8.210295799187202,0.0,4.001,1.743687065240901,0.0,0.0
PTK-17,FL,30,pertumbuhan,13.332982864428104,11.789704200812798,4.168,2.4990171355718966,0.0,0.0
PTK-17,FL,31,pertumbuhan,8.260015232103488,0.0,3.407,1.665967632324615,0.0,0.0
PTK-17,FL,32,pertumbuhan,13.168982864428104,11.739984767896512,4.332,2.4990171355718966,0.0,0.0
PTK-17,FL,33,pertumbuhan,6.654507172615179,0.0,4.869,1.6454756918129254,0.0,0.0
PTK-17,FL,34,pertumbuhan,14.673982864428103,13.245492827384822,2.827,2.4990171355718966,0.0,0.1
PTK-17,FL,35,pertumbuhan,8.447456133163392,0.0,4.393,1.8335267312647106,0.0,0.0
PTK-17,FL,36,pertumbuhan,21.189427030475276,0.0,3.791,3.567029102688118,0.0,20.1
PTK-17,FL,37,pertumbuhan,14.653789968369875,0.0,3.888,2.647637062105402,0.0,0.0
PTK-17,FL,38,pertumbuhan,8.69678635676848,0.0,4.126,1.831003611601394,0.0,0.0
PTK-17,FL,39,pertumbuhan,12.455982864428103,11.30321364323152,5.045,2.4990171355718966,0.0,0.0
PTK-17,FL,40,pertumbuhan,6.075597133498316,0.0,4.824,1.5563857309297873,0.0,0.0
PTK-17,FL,41,pertumbuhan,13.094982864428104,13.924402866501683,4.406,2.4990171355718966,0.0,0.0
PTK-17,FL,42,pertumbuhan,7.383753536016794,0.0,4.075,1.6362293284113094,0.0,0.0
PTK-17,FL,43,pertumbuhan,14.381982864428103,12.016246463983206,3.119,2.4990171355718966,0.0,0.6
PTK-17,FL,44,pertumbuhan,13.466226814026893,0.0,4.194,2.521756050401211,0.0,5.8
PTK-17,FL,45,pertumbuhan,50.0,0.0,3.204,8.917271185468188,9.2449556285587,57.9
PTK-17,FL,46,pertumbuhan,38.82045716107026,0.0,4.932,6.247542838929741,0.0,0.0
PTK-17,FL,47,pertumbuhan,28.98380777825779,0.0,4.986,4.850649382812466,0.0,0.0
PTK-17,FL,48,pertumbuhan,20.65225616365838,0.0,4.71,3.621551614599412,0.0,0.0
PTK-17,FL,49,pertumbuhan,13.228739061598247,0.0,4.843,2.5805171020601305,0.0,0.0
PTK-17,FL,50,pertumbuhan,6.872796781751082,0.0,4.703,1.6529422798471656,0.0,0.0
PTK-17,FL,51,reproduktif,4.248133221848924,0.0,3.516,1.1086635599021564,0.0,2.0
PTK-17,FL,52,reproduktif,4.207491432214051,5.751866778151076,4.543,1.2495085677859483,0.0,0.0
PTK-17,FL,53,reproduktif,5.4474914322140515,5.792508567785949,3.303,1.2495085677859483,0.0,0.0
PTK-17,FL,54,reproduktif,0.30282271046485043,0.0,4.464,0.6806687217492003,0.0,0.0
PTK-17,FL,55,reproduktif,6.64604007174213,0.0,3.507,1.449782638722721,0.0,11.3
PTK-17,FL,56,reproduktif,1.2266116705930763,0.0,4.589,0.8304284011490529,0.0,0.0
PTK-17,FL,57,reproduktif,3.1954914322140517,8.773388329406924,5.555,1.2495085677859483,0.0,0.0
PTK-17,FL,58,reproduktif,3.9254914322140513,6.804508567785948,4.825,1.2495085677859483,0.0,0.0
PTK-17,FL,59,reproduktif,4.340491432214051,6.074508567785949,4.41,1.2495085677859483,0.0,0.0
PTK-17,FL,60,reproduktif,10.295752684864178,0.0,4.353,2.0917387473498716,0.0,12.4
PTK-17,FL,61,reproduktif,4.903289565709882,0.0,4.106,1.286463119154297,0.0,0.0
PTK-17,FL,62,reproduktif,4.704491432214051,5.096710434290118,4.046,1.2495085677859483,0.0,0.0
PTK-17,FL,63,reproduktif,3.6064914322140513,5.295508567785949,5.144,1.2495085677859483,0.0,0.0
PTK-17,FL,64,reproduktif,3.5824914322140513,6.393508567785949,5.168,1.2495085677859483,0.0,0.0
PTK-17,FL,65,reproduktif,2.9924914322140514,6.417508567785949,5.758,1.2495085677859483,0.0,0.0
PTK-17,FL,66,reproduktif,3.680491432214051,7.0075085677859486,5.07,1.2495085677859483,0.0,0.0
PTK-17,FL,67,reproduktif,4.422491432214051,6.319508567785949,4.328,1.2495085677859483,0.0,0.0
PTK-17,FL,68,reproduktif,3.3094914322140516,5.577508567785949,5.441,1.2495085677859483,0.0,0.0
PTK-17,FL,69,reproduktif,3.049491432214052,6.690508567785948,5.701,1.2495085677859483,0.0,0.0
PTK-17,FL,70,reproduktif,3.8884914322140514,6.950508567785948,4.862,1.2495085677859483,0.0,0.0
PTK-17,FL,71,reproduktif,2.153491432214051,6.111508567785949,6.597,1.2495085677859483,0.0,0.0
PTK-17,FL,72,reproduktif,3.3094914322140516,7.846508567785949,5.441,1.2495085677859483,0.0,0.0
PTK-17,FL,73,reproduktif,2.794491432214051,6.690508567785948,5.956,1.2495085677859483,0.0,0.0
PTK-17,FL,74,reproduktif,2.6604914322140516,7.205508567785949,6.09,1.2495085677859483,0.0,0.0
PTK-17,FL,75,reproduktif,2.916491432214052,7.339508567785948,5.834,1.2495085677859483,0.0,0.0
PTK-17,FL,76,reproduktif,3.4334914322140513,7.083508567785948,5.317,1.2495085677859483,0.0,0.0
PTK-17,FL,77,reproduktif,3.0664914322140513,6.566508567785949,5.684,1.2495085677859483,0.0,0.0
PTK-17,FL,78,reproduktif,3.220491432214051,6.933508567785949,5.53,1.2495085677859483,0.0,0.0
PTK-17,FL,79,reproduktif,3.3704914322140516,6.779508567785949,5.38,1.2495085677859483,0.0,0.0
PTK-17,FL,80,reproduktif,3.7324914322140517,6.629508567785948,5.018,1.2495085677859483,0.0,0.0
PTK-17,FL,81,reproduktif,2.7794914322140514,6.267508567785948,5.971,1.2495085677859483,0.0,0.0
PTK-17,FL,82,reproduktif,3.438491432214051,7.220508567785949,5.312,1.2495085677859483,0.0,0.0
PTK-17,FL,83,reproduktif,3.376491432214052,6.561508567785949,5.374,1.2495085677859483,0.0,0.0
PTK-17,FL,84,reproduktif,2.9444914322140514,6.623508567785948,5.806,1.2495085677859483,0.0,0.0
PTK-17,FL,85,reproduktif,2.4924914322140514,7.055508567785949,6.258,1.2495085677859483,0.0,0.0
PTK-17,FL,86,reproduktif,4.180491432214051,7.5075085677859486,4.57,1.2495085677859483,0.0,0.0
PTK-17,FL,87,reproduktif,3.201491432214051,5.819508567785949,5.549,1.2495085677859483,0.0,0.0
PTK-17,FL,88,reproduktif,2.9134914322140517,6.798508567785949,5.837,1.2495085677859483,0.0,0.0
PTK-17,FL,89,reproduktif,2.7934914322140516,7.086508567785948,5.957,1.2495085677859483,0.0,0.0
PTK-17,FL,90,reproduktif,3.055491432214051,7.206508567785948,5.695,1.2495085677859483,0.0,0.0
PTK-17,FL,91,pemasakan,-2.6922948401207503,0.0,5.366,0.3817862723348015,0.0,0.0
PTK-17,FL,92,pemasakan,2.9314914322140515,12.69229484012075,5.819,1.2495085677859483,0.0,0.0
PTK-17,FL,93,pemasakan,-3.736800933880204,0.0,6.302,0.36629236609425575,0.0,0.0
PTK-17,FL,94,pemasakan,2.8304914322140515,13.736800933880204,5.92,1.2495085677859483,0.0,0.0
PTK-17,FL,95,pemasakan,-3.960180897345566,0.0,6.437,0.3536723295596177,0.0,0.0
PTK-17,FL,96,pemasakan,3.7924914322140513,10.160180897345565,4.958,1.2495085677859483,0.0,3.8
PTK-17,FL,97,pemasakan,2.2018031226747645,0.0,4.442,0.9486883095392862,0.0,3.8
PTK-17,FL,98,pemasakan,-2.869314063961233,0.0,4.796,0.2751171866359974,0.0,0.0
PTK-17,FL,99,pemasakan,3.001491432214052,12.869314063961234,5.749,1.2495085677859483,0.0,0.0
PTK-17,FL,100,pemasakan,-3.020547493854706,0.0,5.647,0.37503892606875744,0.0,0.0
PTK-17,FL,101,pemasakan,2.6474914322140517,13.020547493854707,6.103,1.2495085677859483,0.0,0.0
PTK-17,FL,102,pemasakan,-3.1763148905550835,0.0,5.493,0.33080632276913485,0.0,0.0
PTK-17,FL,103,pemasakan,2.297491432214051,13.176314890555084,6.453,1.2495085677859483,0.0,0.0
PTK-17,FL,104,pemasakan,-3.2975820906825755,0.0,5.308,0.28707352289662663,0.0,0.0
PTK-17,FL,105,pemasakan,2.858491432214051,13.297582090682575,5.892,1.2495085677859483,0.0,0.0
PTK-17,FL,106,pemasakan,-3.2186795213353667,0.0,5.72,0.3571709535494183,0.0,0.0
PTK-17,FL,107,pemasakan,2.7604914322140512,13.218679521335368,5.99,1.2495085677859483,0.0,0.0
PTK-17,FL,108,pemasakan,-3.626434337371064,0.0,6.042,0.344925769585116,0.0,0.0
PTK-17,FL,109,pemasakan,1.7214914322140515,13.626434337371064,7.029,1.2495085677859483,0.0,0.0
PTK-17,FL,110,pemasakan,-3.171610397178105,0.0,4.678,0.21510182939215605,0.0,0.0
PTK-17,SRI,1,awal,13.603982864428104,0.0,3.897,2.4990171355718966,0.0,0.0
PTK-17,SRI,2,awal,8.81615354991649,0.0,3.088,1.6998293145116143,0.0,0.0
PTK-17,SRI,3,awal,7.210200297060567,0.0,2.867,1.4389532528559215,0.0,2.7
PTK-17,SRI,4,awal,9.574138337913828,0.0,3.123,1.8130619591467392,0.0,7.3
PTK-17,SRI,5,awal,5.528841549674703,0.0,2.849,1.1962967882391247,0.0,0.0
PTK-17,SRI,6,awal,7.330827491988888,0.0,3.195,1.5030140576858144,0.0,6.5
PTK-17,SRI,7,awal,5.229893287834485,0.0,2.235,1.0659342041544029,0.0,1.2
PTK-17,SRI,8,awal,30.79106485289816,0.0,3.187,4.851828434936327,0.0,33.6
PTK-17,SRI,9,awal,40.0,0.0,2.317,9.19526660461876,22.078798248279398,42.8
PTK-17,SRI,10,awal,30.670965728856206,0.0,4.331,4.998034271143793,0.0,0.0
PTK-17,SRI,11,awal,26.94073988382864,0.0,2.348,4.182225845027568,0.0,2.8
PTK-17,SRI,12,awal,21.094481181739273,0.0,2.655,3.391258702089369,0.0,0.2
PTK-17,SRI,13,awal,15.264707684781005,0.0,3.194,2.635773496958268,0.0,0.0
PTK-17,SRI,14,awal,9.596369381092817,0.0,3.761,1.9073383036881872,0.0,0.0
PTK-17,SRI,15,awal,4.160294804961396,0.0,4.237,1.1990745761314212,0.0,0.0
PTK-17,SRI,16,awal,0.6184624046299323,0.0,3.022,0.5198324003314635,0.0,0.0
PTK-17,SRI,17,awal,-3.585815002713928,0.0,4.127,0.07727740734386003,0.0,0.0
PTK-17,SRI,18,awal,5.810491432214052,13.585815002713929,2.94,1.2495085677859483,0.0,0.0
PTK-17,SRI,19,awal,0.5404655494542219,0.0,4.544,0.7260258827598304,0.0,0.0
PTK-17,SRI,20,awal,-2.1875218551101328,0.0,3.448,0.17998740456435436,0.0,0.9
PTK-17,SRI,21,pertumbuhan,-9.178342417796408,0.0,3.992,2.998820562686276,0.0,0.0
PTK-17,SRI,22,pertumbuhan,-15.852162980482683,0.0,3.675,2.998820562686276,0.0,0.0
PTK-17,SRI,23,pertumbuhan,-23.90698354316896,0.0,5.056,2.998820562686276,0.0,0.0
PTK-17,SRI,24,pertumbuhan,5.236491432214052,33.90698354316896,3.514,1.2495085677859483,0.0,0.0
PTK-17,SRI,25,pertumbuhan,1.744187341245135,0.0,2.838,0.654304090968917,0.0,0.0
PTK-17,SRI,26,pertumbuhan,-2.4007503614258243,0.0,3.927,0.21793770267095897,0.0,0.0
PTK-17,SRI,27,pertumbuhan,-9.069570924112101,0.0,3.67,2.998820562686276,0.0,0.0
PTK-17,SRI,28,pertumbuhan,-15.405391486798377,0.0,3.337,2.998820562686276,0.0,0.0
PTK-17,SRI,29,pertumbuhan,-22.170212049484654,0.0,3.766,2.998820562686276,0.0,0.0
PTK-17,SRI,30,pertumbuhan,4.827491432214051,32.170212049484654,3.923,1.2495085677859483,0.0,0.0
PTK-17,SRI,31,pertumbuhan,1.01829224166758,0.0,3.206,0.6031991905464715,0.0,0.0
PTK-17,SRI,32,pertumbuhan,-3.18594424637978,0.0,4.077,0.12723648804736004,0.0,0.0
PTK-17,SRI,33,pertumbuhan,-10.767764809066056,0.0,4.583,2.998820562686276,0.0,0.0
PTK-17,SRI,34,pertumbuhan,-16.327585371752335,0.0,2.661,2.998820562686276,0.0,0.1
PTK-17,SRI,35,pertumbuhan,-23.46140593443861,0.0,4.135,2.998820562686276,0.0,0.0
PTK-17,SRI,36,pertumbuhan,-9.928226497124884,0.0,3.568,2.998820562686276,0.0,20.1
PTK-17,SRI,37,pertumbuhan,-16.587047059811162,0.0,3.66,2.998820562686276,0.0,0.0
PTK-17,SRI,38,pertumbuhan,-23.468867622497438,0.0,3.883,2.998820562686276,0.0,0.0
PTK-17,SRI,39,pertumbuhan,4.002491432214051,33.46886762249744,4.748,1.2495085677859483,0.0,0.0
PTK-17,SRI,40,pertumbuhan,-1.03762330149008,0.0,4.54,0.5001147337041308,0.0,0.0
PTK-17,SRI,41,pertumbuhan,-8.183443864176358,0.0,4.147,2.998820562686276,0.0,0.0
PTK-17,SRI,42,pertumbuhan,-15.017264426862633,0.0,3.835,2.998820562686276,0.0,0.0
PTK-17,SRI,43,pertumbuhan,-20.35208498954891,0.0,2.936,2.998820562686276,0.0,0.6
PTK-17,SRI,44,pertumbuhan,-21.498905552235186,0.0,3.948,2.998820562686276,0.0,5.8
PTK-17,SRI,45,pertumbuhan,28.83774650883805,0.0,3.015,4.5483479389267645,0.0,57.9
PTK-17,SRI,46,pertumbuhan,20.592445374994803,0.0,4.642,3.603301133843246,0.0,0.0
PTK-17,SRI,47,pertumbuhan,13.32740168222279,0.0,4.692,2.573043692772013,0.0,0.0
PTK-17,SRI,48,pertumbuhan,7.2291314233965664,0.0,4.433,1.6652702588262236,0.0,0.0
PTK-17,SRI,49,pertumbuhan,1.7678452582781032,0.0,4.558,0.9032861651184637,0.0,0.0
PTK-17,SRI,50,pertumbuhan,-2.8800485213957217,0.0,4.427,0.22089377967382526,0.0,0.0
PTK-17,SRI,51,reproduktif,-6.4201639434104285,0.0,3.291,2.249115422014707,0.0,2.0
PTK-17,SRI,52,reproduktif,-12.920279365425134,0.0,4.251,2.249115422014707,0.0,0.0
PTK-17,SRI,53,reproduktif,-18.260394787439843,0.0,3.091,2.249115422014707,0.0,0.0
PTK-17,SRI,54,reproduktif,-24.68651020945455,0.0,4.177,2.249115422014707,0.0,0.0
PTK-17,SRI,55,reproduktif,-18.916625631469255,0.0,3.281,2.249115422014707,0.0,11.3
PTK-17,SRI,56,reproduktif,-25.45974105348396,0.0,4.294,2.249115422014707,0.0,0.0
PTK-17,SRI,57,reproduktif,-0.8227542838929747,30.45974105348396,5.198,0.6247542838929742,0.0,0.0
PTK-17,SRI,58,reproduktif,-7.587869705907682,0.0,4.516,2.249115422014707,0.0,0.0
PTK-17,SRI,59,reproduktif,-13.963985127922388,0.0,4.127,2.249115422014707,0.0,0.0
PTK-17,SRI,60,reproduktif,-7.887100549937095,0.0,4.074,2.249115422014707,0.0,12.4
PTK-17,SRI,61,reproduktif,-13.978215971951801,0.0,3.842,2.249115422014707,0.0,0.0
PTK-17,SRI,62,reproduktif,-20.01333139396651,0.0,3.786,2.249115422014707,0.0,0.0
PTK-17,SRI,63,reproduktif,-27.075446815981216,0.0,4.813,2.249115422014707,0.0,0.0
PTK-17,SRI,64,reproduktif,-0.46075428389297457,32.075446815981216,4.836,0.6247542838929742,0.0,0.0
PTK-17,SRI,65,reproduktif,-8.098869705907681,0.0,5.389,2.249115422014707,0.0,0.0
PTK-17,SRI,66,reproduktif,-15.091985127922388,0.0,4.744,2.249115422014707,0.0,0.0
PTK-17,SRI,67,reproduktif,-21.391100549937093,0.0,4.05,2.249115422014707,0.0,0.0
PTK-17,SRI,68,reproduktif,-28.7322159719518,0.0,5.092,2.249115422014707,0.0,0.0
PTK-17,SRI,69,reproduktif,-0.9597542838929742,33.7322159719518,5.335,0.6247542838929742,0.0,0.0
PTK-17,SRI,70,reproduktif,-7.7588697059076805,0.0,4.55,2.249115422014707,0.0,0.0
PTK-17,SRI,71,reproduktif,-16.180985127922387,0.0,6.173,2.249115422014707,0.0,0.0
PTK-17,SRI,72,reproduktif,-23.522100549937093,0.0,5.092,2.249115422014707,0.0,0.0
PTK-17,SRI,73,reproduktif,-31.3442159719518,0.0,5.573,2.249115422014707,0.0,0.0
PTK-17,SRI,74,reproduktif,-1.3237542838929741,36.3442159719518,5.699,0.6247542838929742,0.0,0.0
PTK-17,SRI,75,reproduktif,-9.031869705907681,0.0,5.459,2.249115422014707,0.0,0.0
PTK-17,SRI,76,reproduktif,-16.256985127922388,0.0,4.976,2.249115422014707,0.0,0.0
PTK-17,SRI,77,reproduktif,-23.825100549937094,0.0,5.319,2.249115422014707,0.0,0.0
PTK-17,SRI,78,reproduktif,-31.2482159719518,0.0,5.174,2.249115422014707,0.0,0.0
PTK-17,SRI,79,reproduktif,-0.6597542838929744,36.2482159719518,5.035,0.6247542838929742,0.0,0.0
PTK-17,SRI,80,reproduktif,-7.6048697059076815,0.0,4.696,2.249115422014707,0.0,0.0
PTK-17,SRI,81,reproduktif,-15.441985127922388,0.0,5.588,2.249115422014707,0.0,0.0
PTK-17,SRI,82,reproduktif,-22.661100549937096,0.0,4.97,2.249115422014707,0.0,0.0
PTK-17,SRI,83,reproduktif,-29.939215971951803,0.0,5.029,2.249115422014707,0.0,0.0
PTK-17,SRI,84,reproduktif,-1.0587542838929744,34.9392159719518,5.434,0.6247542838929742,0.0,0.0
PTK-17,SRI,85,reproduktif,-9.163869705907683,0.0,5.856,2.249115422014707,0.0,0.0
PTK-17,SRI,86,reproduktif,-15.68998512792239,0.0,4.277,2.249115422014707,0.0,0.0
PTK-17,SRI,87,reproduktif,-23.132100549937096,0.0,5.193,2.249115422014707,0.0,0.0
PTK-17,SRI,88,reproduktif,-30.843215971951803,0.0,5.462,2.249115422014707,0.0,0.0
PTK-17,SRI,89,reproduktif,-1.1987542838929741,35.84321597195181,5.574,0.6247542838929742,0.0,0.0
PTK-17,SRI,90,reproduktif,-8.77686970590768,0.0,5.329,2.249115422014707,0.0,0.0
PTK-17,SRI,91,pemasakan,-16.33998512792239,0.0,5.314,2.249115422014707,0.0,0.0
PTK-17,SRI,92,pemasakan,-24.353100549937096,0.0,5.764,2.249115422014707,0.0,0.0
PTK-17,SRI,93,pemasakan,-32.844215971951805,0.0,6.242,2.249115422014707,0.0,0.0
PTK-17,SRI,94,pemasakan,-8.113115422014706,32.844215971951805,5.864,2.249115422014707,0.0,0.0
PTK-17,SRI,95,pemasakan,-16.737230844029412,0.0,6.375,2.249115422014707,0.0,0.0
PTK-17,SRI,96,pemasakan,-20.09734626604412,0.0,4.911,2.249115422014707,0.0,3.8
PTK-17,SRI,97,pemasakan,-22.945461688058828,0.0,4.399,2.249115422014707,0.0,3.8
PTK-17,SRI,98,pemasakan,-29.945577110073536,0.0,4.751,2.249115422014707,0.0,0.0
PTK-17,SRI,99,pemasakan,-37.88869253208824,0.0,5.694,2.249115422014707,0.0,0.0
PTK-17,SRI,100,pemasakan,-7.842115422014707,37.88869253208824,5.593,2.249115422014707,0.0,0.0
PTK-17,SRI,101,pemasakan,-16.135230844029415,0.0,6.044,2.249115422014707,0.0,0.0
PTK-17,SRI,102,pemasakan,-23.824346266044124,0.0,5.44,2.249115422014707,0.0,0.0
PTK-17,SRI,103,pemasakan,-32.46546168805883,0.0,6.392,2.249115422014707,0.0,0.0
PTK-17,SRI,104,pemasakan,-7.506115422014707,32.46546168805883,5.257,2.249115422014707,0.0,0.0
PTK-17,SRI,105,pemasakan,-15.590230844029414,0.0,5.835,2.249115422014707,0.0,0.0
PTK-17,SRI,106,pemasakan,-23.50534626604412,0.0,5.666,2.249115422014707,0.0,0.0
PTK-17,SRI,107,pemasakan,-31.68746168805883,0.0,5.933,2.249115422014707,0.0,0.0
PTK-17,SRI,108,pemasakan,-8.233115422014707,31.68746168805883,5.984,2.249115422014707,0.0,0.0
PTK-17,SRI,109,pemasakan,-17.444230844029413,0.0,6.962,2.249115422014707,0.0,0.0
PTK-17,SRI,110,pemasakan,-24.32634626604412,0.0,4.633,2.249115422014707,0.0,0.0
PTK-18,FL,1,awal,14.22978208445262,0.0,3.936,1.8342179155473815,0.0,0.0
PTK-18,FL,2,awal,9.805756022770712,0.0,3.119,1.3050260616819078,0.0,0.0
PTK-18,FL,3,awal,8.462841935549182,0.0,2.896,1.1469140872215302,0.0,2.7
PTK-18,FL,4,awal,11.16321758164289,0.0,3.154,1.4456243539062936,0.0,7.3
PTK-18,FL,5,awal,7.262428897472745,0.0,2.877,1.0237886841701451,0.0,0.0
PTK-18,FL,6,awal,9.27326421521317,0.0,3.227,1.2621646822595753,0.0,6.5
PTK-18,FL,7,awal,7.255751772322904,0.0,2.257,0.9605124428902639,0.0,1.2
PTK-18,FL,8,awal,33.88983417962534,0.0,3.219,3.7469175926975677,0.0,33.6
PTK-18,FL,9,awal,50.0,0.0,2.34,7.033293389631336,17.316540789994008,42.8
PTK-18,FL,10,awal,41.040455211131544,0.0,4.374,4.585544788868454,0.0,0.0
PTK-18,FL,11,awal,37.44880779243104,0.0,2.371,4.020647418700501,0.0,2.8
PTK-18,FL,12,awal,31.5140019048372,0.0,2.682,3.452805887593844,0.0,0.2
PTK-18,FL,13,awal,25.397824560614865,0.0,3.226,2.890177344222335,0.0,0.0
PTK-18,FL,14,awal,19.269567319364413,0.0,3.799,2.3292572412504544,0.0,0.0
PTK-18,FL,15,awal,13.223338039263187,0.0,4.279,1.7672292801012268,0.0,0.0
PTK-18,FL,16,awal,8.9586138625154,0.0,3.052,1.212724176747786,0.0,0.0
PTK-18,FL,17,awal,13.997782084452618,11.0413861374846,4.168,1.8342179155473815,0.0,0.0
PTK-18,FL,18,awal,9.74503295059106,0.0,2.969,1.283749133861558,0.0,0.0
PTK-18,FL,19,awal,13.576782084452617,10.25496704940894,4.589,1.8342179155473815,0.0,0.0
PTK-18,FL,20,awal,9.667103431513699,0.0,3.482,1.3276786529389177,0.0,0.9
PTK-18,FL,21,pertumbuhan,13.92478208445262,10.332896568486301,4.241,1.8342179155473815,0.0,0.0
PTK-18,FL,22,pertumbuhan,8.74272784598281,0.0,3.905,1.2770542384698103,0.0,0.0
PTK-18,FL,23,pertumbuhan,12.79378208445262,11.25727215401719,5.372,1.8342179155473815,0.0,0.0
PTK-18,FL,24,pertumbuhan,7.887452869107014,0.0,3.733,1.1733292153456059,0.0,0.0
PTK-18,FL,25,pertumbuhan,15.150782084452619,12.112547130892986,3.015,1.8342179155473815,0.0,0.0
PTK-18,FL,26,pertumbuhan,9.588290287759754,0.0,4.173,1.3894917966928646,0.0,0.0
PTK-18,FL,27,pertumbuhan,14.266782084452618,10.411709712240246,3.899,1.8342179155473815,0.0,0.0
PTK-18,FL,28,pertumbuhan,9.412362719626948,0.0,3.546,1.3084193648256703,0.0,0.0
PTK-18,FL,29,pertumbuhan,14.164782084452618,10.587637280373052,4.001,1.8342179155473815,0.0,0.0
PTK-18,FL,30,pertumbuhan,8.69771723099624,0.0,4.168,1.2990648534563787,0.0,0.0
PTK-18,FL,31,pertumbuhan,14.75878208445262,11.30228276900376,3.407,1.8342179155473815,0.0,0.0
PTK-18,FL,32,pertumbuhan,9.073240958904483,0.0,4.332,1.353541125548136,0.0,0.0
PTK-18,FL,33,pertumbuhan,13.29678208445262,10.926759041095517,4.869,1.8342179155473815,0.0,0.0
PTK-18,FL,34,pertumbuhan,9.34115119895326,0.0,2.827,1.2286308854993593,0.0,0.1
PTK-18,FL,35,pertumbuhan,13.772782084452619,10.65884880104674,4.393,1.8342179155473815,0.0,0.0
PTK-18,FL,36,pertumbuhan,26.975278897015855,0.0,3.791,3.106503187436769,0.0,20.1
PTK-18,FL,37,pertumbuhan,20.613351905526173,0.0,3.888,2.473926991489684,0.0,0.0
PTK-18,FL,38,pertumbuhan,14.596882937296229,0.0,4.126,1.890468968229943,0.0,0.0
PTK-18,FL,39,pertumbuhan,8.213189727559397,0.0,5.045,1.3386932097368314,0.0,0.0
PTK-18,FL,40,pertumbuhan,13.341782084452618,11.786810272440603,4.824,1.8342179155473815,0.0,0.0
PTK-18,FL,41,pertumbuhan,7.712195298221014,0.0,4.406,1.2235867862316039,0.0,0.0
PTK-18,FL,42,pertumbuhan,14.090782084452618,12.287804701778986,4.075,1.8342179155473815,0.0,0.0
PTK-18,FL,43,pertumbuhan,10.224477299817343,0.0,3.119,1.3473047846352748,0.0,0.6
PTK-18,FL,44,pertumbuhan,10.360858132286978,0.0,4.194,1.4696191675303647,0.0,5.8
PTK-18,FL,45,pertumbuhan,50.0,0.0,3.204,6.260264445843948,8.796593686443032,57.9
PTK-18,FL,46,pertumbuhan,40.482455211131544,0.0,4.932,4.585544788868454,0.0,0.0
PTK-18,FL,47,pertumbuhan,31.78377298045145,0.0,4.986,3.7126822306800964,0.0,0.0
PTK-18,FL,48,pertumbuhan,24.158854689229706,0.0,4.71,2.914918291221742,0.0,0.0
PTK-18,FL,49,pertumbuhan,17.100224484725157,0.0,4.843,2.2156302045045497,0.0,0.0
PTK-18,FL,50,pertumbuhan,10.828947579236914,0.0,4.703,1.5682769054882435,0.0,0.0
PTK-18,FL,51,reproduktif,8.136393304864185,0.0,3.516,1.176554274372728,0.0,2.0
PTK-18,FL,52,reproduktif,2.8471973864781024,0.0,4.543,0.7461959183860828,0.0,0.0
PTK-18,FL,53,reproduktif,5.77989104222631,7.152802613521898,3.303,0.9171089577736907,0.0,0.0
PTK-18,FL,54,reproduktif,0.7858120572481431,0.0,4.464,0.5300789849781662,0.0,0.0
PTK-18,FL,55,reproduktif,7.47041140728099,0.0,3.507,1.108400649967155,0.0,11.3
PTK-18,FL,56,reproduktif,2.1962932852937733,0.0,4.589,0.6851181219872159,0.0,0.0
PTK-18,FL,57,reproduktif,3.52789104222631,7.803706714706227,5.555,0.9171089577736907,0.0,0.0
PTK-18,FL,58,reproduktif,4.257891042226309,6.47210895777369,4.825,0.9171089577736907,0.0,0.0
PTK-18,FL,59,reproduktif,4.6728910422263095,5.742108957773691,4.41,0.9171089577736907,0.0,0.0
PTK-18,FL,60,reproduktif,11.154120911234315,0.0,4.353,1.5657701309919951,0.0,12.4
PTK-18,FL,61,reproduktif,6.025166490855932,0.0,4.106,1.0229544203783834,0.0,0.0
PTK-18,FL,62,reproduktif,1.4265930747717475,0.0,4.046,0.552573416084185,0.0,0.0
PTK-18,FL,63,reproduktif,3.9388910422263095,8.573406925228252,5.144,0.9171089577736907,0.0,0.0
PTK-18,FL,64,reproduktif,3.9148910422263095,6.0611089577736905,5.168,0.9171089577736907,0.0,0.0
PTK-18,FL,65,reproduktif,3.3248910422263096,6.0851089577736905,5.758,0.9171089577736907,0.0,0.0
PTK-18,FL,66,reproduktif,4.012891042226309,6.67510895777369,5.07,0.9171089577736907,0.0,0.0
PTK-18,FL,67,reproduktif,4.754891042226309,5.987108957773691,4.328,0.9171089577736907,0.0,0.0
PTK-18,FL,68,reproduktif,3.6418910422263098,5.245108957773691,5.441,0.9171089577736907,0.0,0.0
PTK-18,FL,69,reproduktif,3.38189104222631,6.35810895777369,5.701,0.9171089577736907,0.0,0.0
PTK-18,FL,70,reproduktif,4.2208910422263095,6.61810895777369,4.862,0.9171089577736907,0.0,0.0
PTK-18,FL,71,reproduktif,2.485891042226309,5.7791089577736905,6.597,0.9171089577736907,0.0,0.0
PTK-18,FL,72,reproduktif,3.6418910422263098,7.514108957773691,5.441,0.9171089577736907,0.0,0.0
PTK-18,FL,73,reproduktif,3.126891042226309,6.35810895777369,5.956,0.9171089577736907,0.0,0.0
PTK-18,FL,74,reproduktif,2.9928910422263098,6.873108957773691,6.09,0.9171089577736907,0.0,0.0
PTK-18,FL,75,reproduktif,3.24889104222631,7.00710895777369,5.834,0.9171089577736907,0.0,0.0
PTK-18,FL,76,reproduktif,3.7658910422263094,6.75110895777369,5.317,0.9171089577736907,0.0,0.0
PTK-18,FL,77,reproduktif,3.3988910422263094,6.234108957773691,5.684,0.9171089577736907,0.0,0.0
PTK-18,FL,78,reproduktif,3.5528910422263094,6.6011089577736906,5.53,0.9171089577736907,0.0,0.0
PTK-18,FL,79,reproduktif,3.7028910422263097,6.447108957773691,5.38,0.9171089577736907,0.0,0.0
PTK-18,FL,80,reproduktif,4.06489104222631,6.29710895777369,5.018,0.9171089577736907,0.0,0.0
PTK-18,FL,81,reproduktif,3.1118910422263095,5.93510895777369,5.971,0.9171089577736907,0.0,0.0
PTK-18,FL,82,reproduktif,3.7708910422263093,6.8881089577736905,5.312,0.9171089577736907,0.0,0.0
PTK-18,FL,83,reproduktif,3.70889104222631,6.229108957773691,5.374,0.9171089577736907,0.0,0.0
PTK-18,FL,84,reproduktif,3.2768910422263096,6.29110895777369,5.806,0.9171089577736907,0.0,0.0
PTK-18,FL,85,reproduktif,2.8248910422263096,6.72310895777369,6.258,0.9171089577736907,0.0,0.0
PTK-18,FL,86,reproduktif,4.512891042226309,7.17510895777369,4.57,0.9171089577736907,0.0,0.0
PTK-18,FL,87,reproduktif,3.5338910422263092,5.487108957773691,5.549,0.9171089577736907,0.0,0.0
PTK-18,FL,88,reproduktif,3.24589104222631,6.466108957773691,5.837,0.9171089577736907,0.0,0.0
PTK-18,FL,89,reproduktif,3.1258910422263098,6.75410895777369,5.957,0.9171089577736907,0.0,0.0
PTK-18,FL,90,reproduktif,3.3878910422263093,6.87410895777369,5.695,0.9171089577736907,0.0,0.0
PTK-18,FL,91,pemasakan,-2.2888154800523894,0.0,5.366,0.3107065222786993,0.0,0.0
PTK-18,FL,92,pemasakan,3.2638910422263097,12.288815480052389,5.819,0.9171089577736907,0.0,0.0
PTK-18,FL,93,pemasakan,-3.3374433289759953,0.0,6.302,0.2993343712023056,0.0,0.0
PTK-18,FL,94,pemasakan,3.1628910422263097,13.337443328975995,5.92,0.9171089577736907,0.0,0.0
PTK-18,FL,95,pemasakan,-3.564180528502482,0.0,6.437,0.2900715707287913,0.0,0.0
PTK-18,FL,96,pemasakan,-4.743807743475266,0.0,4.958,0.021627214972783103,0.0,3.8
PTK-18,FL,97,pemasakan,4.640891042226309,10.943807743475265,4.442,0.9171089577736907,0.0,3.8
PTK-18,FL,98,pemasakan,-0.5807292324614339,0.0,4.796,0.4256202746877428,0.0,0.0
PTK-18,FL,99,pemasakan,3.33389104222631,10.580729232461433,5.749,0.9171089577736907,0.0,0.0
PTK-18,FL,100,pemasakan,-2.618863091680412,0.0,5.647,0.30575413390672146,0.0,0.0
PTK-18,FL,101,pemasakan,2.97989104222631,12.618863091680412,6.103,0.9171089577736907,0.0,0.0
PTK-18,FL,102,pemasakan,-2.786397434575223,0.0,5.493,0.2732884768015328,0.0,0.0
PTK-18,FL,103,pemasakan,2.6298910422263093,12.786397434575223,6.453,0.9171089577736907,0.0,0.0
PTK-18,FL,104,pemasakan,-2.9192986210531444,0.0,5.308,0.24118966327945357,0.0,0.0
PTK-18,FL,105,pemasakan,3.1908910422263093,12.919298621053144,5.892,0.9171089577736907,0.0,0.0
PTK-18,FL,106,pemasakan,-2.821748433584248,0.0,5.72,0.2926394758105576,0.0,0.0
PTK-18,FL,107,pemasakan,3.0928910422263094,12.821748433584247,5.99,0.9171089577736907,0.0,0.0
PTK-18,FL,108,pemasakan,-3.2327607657980657,0.0,6.042,0.28365180802437545,0.0,0.0
PTK-18,FL,109,pemasakan,2.0538910422263097,13.232760765798066,7.029,0.9171089577736907,0.0,0.0
PTK-18,FL,110,pemasakan,-2.812473145085379,0.0,4.678,0.18836418731168902,0.0,0.0
PTK-18,SRI,1,awal,14.268782084452619,0.0,3.897,1.8342179155473815,0.0,0.0
PTK-18,SRI,2,awal,9.872179297835395,0.0,3.088,1.3086027866172252,0.0,0.0
PTK-18,SRI,3,awal,8.552173472557214,0.0,2.867,1.153005825278179,0.0,2.7
PTK-18,SRI,4,awal,11.275356443370745,0.0,3.123,1.4538170291864696,0.0,7.3
PTK-18,SRI,5,awal,7.392283403740084,0.0,2.849,1.0340730396306612,0.0,0.0
PTK-18,SRI,6,awal,9.423209648390003,0.0,3.195,1.274073755350081,0.0,6.5
PTK-18,SRI,7,awal,7.413945575505365,0.0,2.235,0.974264072884637,0.0,1.2
PTK-18,SRI,8,awal,34.06551988741151,0.0,3.187,3.76142568809386,0.0,33.6
PTK-18,SRI,9,awal,40.0,0.0,2.317,7.049405683267687,27.499114204143822,42.8
PTK-18,SRI,10,awal,32.000564168905235,0.0,4.331,3.668435831094763,0.0,0.0
PTK-18,SRI,11,awal,29.26097325541712,0.0,2.348,3.1915909134881124,0.0,2.8
PTK-18,SRI,12,awal,24.1040810076897,0.0,2.655,2.701892247727417,0.0,0.2
PTK-18,SRI,13,awal,18.69947414658421,0.0,3.194,2.210606861105491,0.0,0.0
PTK-18,SRI,14,awal,13.223528622035216,0.0,3.761,1.7149455245489917,0.0,0.0
PTK-18,SRI,15,awal,7.773786966770688,0.0,4.237,1.2127416552645285,0.0,0.0
PTK-18,SRI,16,awal,4.038846000465711,0.0,3.022,0.7129409663049766,0.0,0.0
PTK-18,SRI,17,awal,-0.4585601841438427,0.0,4.127,0.37040618460955477,0.0,0.0
PTK-18,SRI,18,awal,6.142891042226309,10.458560184143842,2.94,0.9171089577736907,0.0,0.0
PTK-18,SRI,19,awal,1.0355210020809587,0.0,4.544,0.5633700401453511,0.0,0.0
PTK-18,SRI,20,awal,-1.6899873628157973,0.0,3.448,0.17750836489675573,0.0,0.9
PTK-18,SRI,21,pertumbuhan,-7.8830488614726555,0.0,3.992,2.2010614986568577,0.0,0.0
PTK-18,SRI,22,pertumbuhan,-13.759110360129513,0.0,3.675,2.2010614986568577,0.0,0.0
PTK-18,SRI,23,pertumbuhan,-21.01617185878637,0.0,5.056,2.2010614986568577,0.0,0.0
PTK-18,SRI,24,pertumbuhan,5.568891042226309,31.01617185878637,3.514,0.9171089577736907,0.0,0.0
PTK-18,SRI,25,pertumbuhan,2.220163056257168,0.0,2.838,0.5107279859691413,0.0,0.0
PTK-18,SRI,26,pertumbuhan,-1.9104500864039986,0.0,3.927,0.20361314266116634,0.0,0.0
PTK-18,SRI,27,pertumbuhan,-7.781511585060856,0.0,3.67,2.2010614986568577,0.0,0.0
PTK-18,SRI,28,pertumbuhan,-13.319573083717714,0.0,3.337,2.2010614986568577,0.0,0.0
PTK-18,SRI,29,pertumbuhan,-19.28663458237457,0.0,3.766,2.2010614986568577,0.0,0.0
PTK-18,SRI,30,pertumbuhan,-25.41069608103143,0.0,3.923,2.2010614986568577,0.0,0.0
PTK-18,SRI,31,pertumbuhan,5.876891042226309,35.41069608103143,3.206,0.9171089577736907,0.0,0.0
PTK-18,SRI,32,pertumbuhan,1.260916100357738,0.0,4.077,0.538974941868571,0.0,0.0
PTK-18,SRI,33,pertumbuhan,-3.4377236447061774,0.0,4.583,0.11563974506391515,0.0,0.0
PTK-18,SRI,34,pertumbuhan,-8.199785143363036,0.0,2.661,2.2010614986568577,0.0,0.1
PTK-18,SRI,35,pertumbuhan,-14.535846642019893,0.0,4.135,2.2010614986568577,0.0,0.0
PTK-18,SRI,36,pertumbuhan,1.485859869277097,0.0,3.568,0.5102934887030119,0.0,20.1
PTK-18,SRI,37,pertumbuhan,-2.31040967033395,0.0,3.66,0.13626953961104707,0.0,0.0
PTK-18,SRI,38,pertumbuhan,-8.394471168990808,0.0,3.883,2.2010614986568577,0.0,0.0
PTK-18,SRI,39,pertumbuhan,-15.343532667647667,0.0,4.748,2.2010614986568577,0.0,0.0
PTK-18,SRI,40,pertumbuhan,-22.084594166304527,0.0,4.54,2.2010614986568577,0.0,0.0
PTK-18,SRI,41,pertumbuhan,4.935891042226309,32.08459416630453,4.147,0.9171089577736907,0.0,0.0
PTK-18,SRI,42,pertumbuhan,0.6482160532842425,0.0,3.835,0.45267498894206665,0.0,0.0
PTK-18,SRI,43,pertumbuhan,-1.8022589590861475,0.0,2.936,0.11447501237039014,0.0,0.6
PTK-18,SRI,44,pertumbuhan,-0.31689537103430876,0.0,3.948,0.36663641194816127,0.0,5.8
PTK-18,SRI,45,pertumbuhan,40.0,0.0,3.015,5.280998107164411,9.287106521801277,57.9
PTK-18,SRI,46,pertumbuhan,31.689564168905235,0.0,4.642,3.668435831094763,0.0,0.0
PTK-18,SRI,47,pertumbuhan,24.09128585218052,0.0,4.692,2.9062783167247175,0.0,0.0
PTK-18,SRI,48,pertumbuhan,17.448852446248388,0.0,4.433,2.2094334059321334,0.0,0.0
PTK-18,SRI,49,pertumbuhan,11.290602558115811,0.0,4.558,1.6002498881325773,0.0,0.0
PTK-18,SRI,50,pertumbuhan,5.828131283644756,0.0,4.427,1.0354712744710557,0.0,0.0
PTK-18,SRI,51,reproduktif,3.819206351358849,0.0,3.291,0.7179249322859066,0.0,2.0
PTK-18,SRI,52,reproduktif,-0.7820564842828883,0.0,4.251,0.3502628356417374,0.0,0.0
PTK-18,SRI,53,reproduktif,-5.523852608275532,0.0,3.091,1.6507961239926432,0.0,0.0
PTK-18,SRI,54,reproduktif,-11.351648732268174,0.0,4.177,1.6507961239926432,0.0,0.0
PTK-18,SRI,55,reproduktif,-4.9834448562608165,0.0,3.281,1.6507961239926432,0.0,11.3
PTK-18,SRI,56,reproduktif,-10.92824098025346,0.0,4.294,1.6507961239926432,0.0,0.0
PTK-18,SRI,57,reproduktif,-17.777037104246105,0.0,5.198,1.6507961239926432,0.0,0.0
PTK-18,SRI,58,reproduktif,-23.94383322823875,0.0,4.516,1.6507961239926432,0.0,0.0
PTK-18,SRI,59,reproduktif,-29.721629352231393,0.0,4.127,1.6507961239926432,0.0,0.0
PTK-18,SRI,60,reproduktif,-23.046425476224034,0.0,4.074,1.6507961239926432,0.0,12.4
PTK-18,SRI,61,reproduktif,-28.539221600216678,0.0,3.842,1.6507961239926432,0.0,0.0
PTK-18,SRI,62,reproduktif,0.7554455211131543,33.53922160021668,3.786,0.45855447888684536,0.0,0.0
PTK-18,SRI,63,reproduktif,-4.126837064339134,0.0,4.813,0.06928258545228877,0.0,0.0
PTK-18,SRI,64,reproduktif,-10.613633188331779,0.0,4.836,1.6507961239926432,0.0,0.0
PTK-18,SRI,65,reproduktif,-17.653429312324423,0.0,5.389,1.6507961239926432,0.0,0.0
PTK-18,SRI,66,reproduktif,-24.048225436317068,0.0,4.744,1.6507961239926432,0.0,0.0
PTK-18,SRI,67,reproduktif,-29.74902156030971,0.0,4.05,1.6507961239926432,0.0,0.0
PTK-18,SRI,68,reproduktif,-0.5505544788868448,34.749021560309714,5.092,0.45855447888684536,0.0,0.0
PTK-18,SRI,69,reproduktif,-7.536350602879488,0.0,5.335,1.6507961239926432,0.0,0.0
PTK-18,SRI,70,reproduktif,-13.737146726872131,0.0,4.55,1.6507961239926432,0.0,0.0
PTK-18,SRI,71,reproduktif,-21.560942850864777,0.0,6.173,1.6507961239926432,0.0,0.0
PTK-18,SRI,72,reproduktif,-28.30373897485742,0.0,5.092,1.6507961239926432,0.0,0.0
PTK-18,SRI,73,reproduktif,-1.0315544788868456,33.303738974857424,5.573,0.45855447888684536,0.0,0.0
PTK-18,SRI,74,reproduktif,-8.38135060287949,0.0,5.699,1.6507961239926432,0.0,0.0
PTK-18,SRI,75,reproduktif,-15.491146726872133,0.0,5.459,1.6507961239926432,0.0,0.0
PTK-18,SRI,76,reproduktif,-22.117942850864775,0.0,4.976,1.6507961239926432,0.0,0.0
PTK-18,SRI,77,reproduktif,-29.08773897485742,0.0,5.319,1.6507961239926432,0.0,0.0
PTK-18,SRI,78,reproduktif,-0.6325544788868456,34.087738974857416,5.174,0.45855447888684536,0.0,0.0
PTK-18,SRI,79,reproduktif,-7.318350602879489,0.0,5.035,1.6507961239926432,0.0,0.0
PTK-18,SRI,80,reproduktif,-13.665146726872132,0.0,4.696,1.6507961239926432,0.0,0.0
PTK-18,SRI,81,reproduktif,-20.903942850864777,0.0,5.588,1.6507961239926432,0.0,0.0
PTK-18,SRI,82,reproduktif,-27.52473897485742,0.0,4.97,1.6507961239926432,0.0,0.0
PTK-18,SRI,83,reproduktif,-0.4875544788868451,32.52473897485742,5.029,0.45855447888684536,0.0,0.0
PTK-18,SRI,84,reproduktif,-7.572350602879489,0.0,5.434,1.6507961239926432,0.0,0.0
PTK-18,SRI,85,reproduktif,-15.079146726872132,0.0,5.856,1.6507961239926432,0.0,0.0
PTK-18,SRI,86,reproduktif,-21.006942850864775,0.0,4.277,1.6507961239926432,0.0,0.0
PTK-18,SRI,87,reproduktif,-27.850738974857418,0.0,5.193,1.6507961239926432,0.0,0.0
PTK-18,SRI,88,reproduktif,-0.9205544788868449,32.85073897485742,5.462,0.45855447888684536,0.0,0.0
PTK-18,SRI,89,reproduktif,-8.145350602879489,0.0,5.574,1.6507961239926432,0.0,0.0
PTK-18,SRI,90,reproduktif,-15.125146726872131,0.0,5.329,1.6507961239926432,0.0,0.0
PTK-18,SRI,91,pemasakan,-22.089942850864773,0.0,5.314,1.6507961239926432,0.0,0.0
PTK-18,SRI,92,pemasakan,-29.504738974857418,0.0,5.764,1.6507961239926432,0.0,0.0
PTK-18,SRI,93,pemasakan,-37.397535098850064,0.0,6.242,1.6507961239926432,0.0,0.0
PTK-18,SRI,94,pemasakan,-7.514796123992643,37.397535098850064,5.864,1.6507961239926432,0.0,0.0
PTK-18,SRI,95,pemasakan,-15.540592247985288,0.0,6.375,1.6507961239926432,0.0,0.0
PTK-18,SRI,96,pemasakan,-18.30238837197793,0.0,4.911,1.6507961239926432,0.0,3.8
PTK-18,SRI,97,pemasakan,-20.55218449597057,0.0,4.399,1.6507961239926432,0.0,3.8
PTK-18,SRI,98,pemasakan,-26.953980619963215,0.0,4.751,1.6507961239926432,0.0,0.0
PTK-18,SRI,99,pemasakan,-34.298776743955855,0.0,5.694,1.6507961239926432,0.0,0.0
PTK-18,SRI,100,pemasakan,-7.243796123992643,34.298776743955855,5.593,1.6507961239926432,0.0,0.0
PTK-18,SRI,101,pemasakan,-14.938592247985287,0.0,6.044,1.6507961239926432,0.0,0.0
PTK-18,SRI,102,pemasakan,-22.02938837197793,0.0,5.44,1.6507961239926432,0.0,0.0
PTK-18,SRI,103,pemasakan,-30.072184495970575,0.0,6.392,1.6507961239926432,0.0,0.0
PTK-18,SRI,104,pemasakan,-6.907796123992643,30.072184495970575,5.257,1.6507961239926432,0.0,0.0
PTK-18,SRI,105,pemasakan,-14.393592247985286,0.0,5.835,1.6507961239926432,0.0,0.0
PTK-18,SRI,106,pemasakan,-21.710388371977928,0.0,5.666,1.6507961239926432,0.0,0.0
PTK-18,SRI,107,pemasakan,-29.29418449597057,0.0,5.933,1.6507961239926432,0.0,0.0
PTK-18,SRI,108,pemasakan,-36.92898061996321,0.0,5.984,1.6507961239926432,0.0,0.0
PTK-18,SRI,109,pemasakan,-8.612796123992643,36.92898061996321,6.962,1.6507961239926432,0.0,0.0
PTK-18,SRI,110,pemasakan,-14.896592247985286,0.0,4.633,1.6507961239926432,0.0,0.0
PTK-19,FL,1,awal,14.060953626052537,0.0,3.936,2.0030463739474627,0.0,0.0
PTK-19,FL,2,awal,9.53371651730714,0.0,3.119,1.4082371087453982,0.0,0.0
PTK-19,FL,3,awal,8.112481441812477,0.0,2.896,1.2252350754946626,0.0,2.7
PTK-19,FL,4,awal,10.714885688534725,0.0,3.154,1.5435957532777522,0.0,7.3
PTK-19,FL,5,awal,6.764765042250673,0.0,2.877,1.0731206462840521,0.0,0.0
PTK-19,FL,6,awal,8.70926806629341,0.0,3.227,1.3284969759572636,0.0,6.5
PTK-19,FL,7,awal,15.739953626052538,10.090731933706591,2.257,2.0030463739474627,0.0,1.2
PTK-19,FL,8,awal,41.179442865982516,0.0,3.219,4.941510760070026,0.0,33.6
PTK-19,FL,9,awal,50.0,0.0,2.34,8.41073592594172,23.228706940040794,42.8
PTK-19,FL,10,awal,40.618384065131345,0.0,4.374,5.007615934868657,0.0,0.0
PTK-19,FL,11,awal,36.69893222691536,0.0,2.371,4.348451838215982,0.0,2.8
PTK-19,FL,12,awal,30.521418606932563,0.0,2.682,3.6955136199828,0.0,0.2
PTK-19,FL,13,awal,24.23862776351512,0.0,3.226,3.0567908434174447,0.0,0.0
PTK-19,FL,14,awal,18.012072990956554,0.0,3.799,2.4275547725585627,0.0,0.0
PTK-19,FL,15,awal,11.929122116365926,0.0,4.279,1.8039508745906276,0.0,0.0
PTK-19,FL,16,awal,7.682392876387763,0.0,3.052,1.1947292399781626,0.0,0.0
PTK-19,FL,17,awal,13.828953626052538,12.317607123612238,4.168,2.0030463739474627,0.0,0.0
PTK-19,FL,18,awal,9.474951855244932,0.0,2.969,1.3850017708076077,0.0,0.0
PTK-19,FL,19,awal,13.407953626052537,10.525048144755068,4.589,2.0030463739474627,0.0,0.0
PTK-19,FL,20,awal,9.392978894588888,0.0,3.482,1.4329747314636492,0.0,0.9
PTK-19,FL,21,pertumbuhan,13.755953626052538,10.607021105411112,4.241,2.0030463739474627,0.0,0.0
PTK-19,FL,22,pertumbuhan,8.473262974509838,0.0,3.905,1.3776906515426994,0.0,0.0
PTK-19,FL,23,pertumbuhan,12.624953626052537,11.526737025490162,5.372,2.0030463739474627,0.0,0.0
PTK-19,FL,24,pertumbuhan,7.627535246956567,0.0,3.733,1.2644183790959702,0.0,0.0
PTK-19,FL,25,pertumbuhan,14.981953626052537,12.372464753043433,3.015,2.0030463739474627,0.0,0.0
PTK-19,FL,26,pertumbuhan,9.308476231786859,0.0,4.173,1.5004773942656788,0.0,0.0
PTK-19,FL,27,pertumbuhan,14.097953626052536,10.691523768213141,3.899,2.0030463739474627,0.0,0.0
PTK-19,FL,28,pertumbuhan,9.140010881515336,0.0,3.546,1.4119427445372008,0.0,0.0
PTK-19,FL,29,pertumbuhan,13.995953626052536,10.859989118484664,4.001,2.0030463739474627,0.0,0.0
PTK-19,FL,30,pertumbuhan,8.426226418022466,0.0,4.168,1.4017272080300687,0.0,0.0
PTK-19,FL,31,pertumbuhan,14.589953626052537,11.573773581977534,3.407,2.0030463739474627,0.0,0.0
PTK-19,FL,32,pertumbuhan,8.796735940716228,0.0,4.332,1.4612176853363086,0.0,0.0
PTK-19,FL,33,pertumbuhan,13.127953626052538,11.203264059283772,4.869,2.0030463739474627,0.0,0.0
PTK-19,FL,34,pertumbuhan,9.076143398782051,0.0,2.827,1.3248102272704863,0.0,0.1
PTK-19,FL,35,pertumbuhan,13.603953626052537,10.923856601217949,4.393,2.0030463739474627,0.0,0.0
PTK-19,FL,36,pertumbuhan,26.53742452113464,0.0,3.791,3.3755291049178986,0.0,20.1
PTK-19,FL,37,pertumbuhan,19.991639923086478,0.0,3.888,2.657784598048161,0.0,0.0
PTK-19,FL,38,pertumbuhan,13.863430830226392,0.0,4.126,2.002209092860085,0.0,0.0
PTK-19,FL,39,pertumbuhan,7.42997608747857,0.0,5.045,1.3884547427478218,0.0,0.0
PTK-19,FL,40,pertumbuhan,13.172953626052538,12.57002391252143,4.824,2.0030463739474627,0.0,0.0
PTK-19,FL,41,pertumbuhan,7.447651776310407,0.0,4.406,1.3193018497421307,0.0,0.0
PTK-19,FL,42,pertumbuhan,13.921953626052538,12.552348223689593,4.075,2.0030463739474627,0.0,0.0
PTK-19,FL,43,pertumbuhan,9.948546298387651,0.0,3.119,1.4544073276648872,0.0,0.6
PTK-19,FL,44,pertumbuhan,9.977292870491196,0.0,4.194,1.577253427896456,0.0,5.8
PTK-19,FL,45,pertumbuhan,50.0,0.0,3.204,6.7980682678803666,7.875224602610821,57.9
PTK-19,FL,46,pertumbuhan,40.060384065131345,0.0,4.932,5.007615934868657,0.0,0.0
PTK-19,FL,47,pertumbuhan,31.062243713101143,0.0,4.986,4.012140352030203,0.0,0.0
PTK-19,FL,48,pertumbuhan,23.241287981291162,0.0,4.71,3.1109557318099808,0.0,0.0
PTK-19,FL,49,pertumbuhan,16.07061910045146,0.0,4.843,2.3276688808397004,0.0,0.0
PTK-19,FL,50,pertumbuhan,9.758109334638952,0.0,4.703,1.6095097658125066,0.0,0.0
PTK-19,FL,51,reproduktif,7.064507421277634,0.0,3.516,1.1776019133613183,0.0,2.0
PTK-19,FL,52,reproduktif,1.8139806225818784,0.0,4.543,0.7075267986957553,0.0,0.0
PTK-19,FL,53,reproduktif,5.695476813026269,8.186019377418122,3.303,1.0015231869737313,0.0,0.0
PTK-19,FL,54,reproduktif,0.661061604114562,0.0,4.464,0.5704152089117059,0.0,0.0
PTK-19,FL,55,reproduktif,7.256133550380367,0.0,3.507,1.1979280537341948,0.0,11.3
PTK-19,FL,56,reproduktif,1.940414950531971,0.0,4.589,0.7267185998483962,0.0,0.0
PTK-19,FL,57,reproduktif,3.443476813026269,8.05958504946803,5.555,1.0015231869737313,0.0,0.0
PTK-19,FL,58,reproduktif,4.1734768130262685,6.556523186973731,4.825,1.0015231869737313,0.0,0.0
PTK-19,FL,59,reproduktif,4.5884768130262685,5.8265231869737315,4.41,1.0015231869737313,0.0,0.0
PTK-19,FL,60,reproduktif,10.934041469065127,0.0,4.353,1.7014353439611405,0.0,12.4
PTK-19,FL,61,reproduktif,5.732971863205022,0.0,4.106,1.0950696058601046,0.0,0.0
PTK-19,FL,62,reproduktif,1.1128014380782396,0.0,4.046,0.5741704251267824,0.0,0.0
PTK-19,FL,63,reproduktif,3.8544768130262685,8.88719856192176,5.144,1.0015231869737313,0.0,0.0
PTK-19,FL,64,reproduktif,3.8304768130262685,6.1455231869737315,5.168,1.0015231869737313,0.0,0.0
PTK-19,FL,65,reproduktif,3.2404768130262687,6.1695231869737315,5.758,1.0015231869737313,0.0,0.0
PTK-19,FL,66,reproduktif,3.9284768130262684,6.759523186973731,5.07,1.0015231869737313,0.0,0.0
PTK-19,FL,67,reproduktif,4.670476813026268,6.071523186973732,4.328,1.0015231869737313,0.0,0.0
PTK-19,FL,68,reproduktif,3.557476813026269,5.329523186973732,5.441,1.0015231869737313,0.0,0.0
PTK-19,FL,69,reproduktif,3.297476813026269,6.442523186973731,5.701,1.0015231869737313,0.0,0.0
PTK-19,FL,70,reproduktif,4.136476813026269,6.702523186973731,4.862,1.0015231869737313,0.0,0.0
PTK-19,FL,71,reproduktif,2.4014768130262683,5.863523186973731,6.597,1.0015231869737313,0.0,0.0
PTK-19,FL,72,reproduktif,3.557476813026269,7.598523186973732,5.441,1.0015231869737313,0.0,0.0
PTK-19,FL,73,reproduktif,3.0424768130262683,6.442523186973731,5.956,1.0015231869737313,0.0,0.0
PTK-19,FL,74,reproduktif,2.908476813026269,6.957523186973732,6.09,1.0015231869737313,0.0,0.0
PTK-19,FL,75,reproduktif,3.164476813026269,7.091523186973731,5.834,1.0015231869737313,0.0,0.0
PTK-19,FL,76,reproduktif,3.6814768130262685,6.835523186973731,5.317,1.0015231869737313,0.0,0.0
PTK-19,FL,77,reproduktif,3.3144768130262685,6.3185231869737315,5.684,1.0015231869737313,0.0,0.0
PTK-19,FL,78,reproduktif,3.4684768130262684,6.6855231869737315,5.53,1.0015231869737313,0.0,0.0
PTK-19,FL,79,reproduktif,3.618476813026269,6.531523186973732,5.38,1.0015231869737313,0.0,0.0
PTK-19,FL,80,reproduktif,3.980476813026269,6.381523186973731,5.018,1.0015231869737313,0.0,0.0
PTK-19,FL,81,reproduktif,3.0274768130262686,6.019523186973731,5.971,1.0015231869737313,0.0,0.0
PTK-19,FL,82,reproduktif,3.6864768130262684,6.972523186973731,5.312,1.0015231869737313,0.0,0.0
PTK-19,FL,83,reproduktif,3.624476813026269,6.313523186973732,5.374,1.0015231869737313,0.0,0.0
PTK-19,FL,84,reproduktif,3.1924768130262686,6.375523186973731,5.806,1.0015231869737313,0.0,0.0
PTK-19,FL,85,reproduktif,2.7404768130262687,6.807523186973731,6.258,1.0015231869737313,0.0,0.0
PTK-19,FL,86,reproduktif,4.428476813026268,7.259523186973731,4.57,1.0015231869737313,0.0,0.0
PTK-19,FL,87,reproduktif,3.4494768130262683,5.571523186973732,5.549,1.0015231869737313,0.0,0.0
PTK-19,FL,88,reproduktif,3.161476813026269,6.550523186973732,5.837,1.0015231869737313,0.0,0.0
PTK-19,FL,89,reproduktif,3.041476813026269,6.838523186973731,5.957,1.0015231869737313,0.0,0.0
PTK-19,FL,90,reproduktif,3.3034768130262684,6.958523186973731,5.695,1.0015231869737313,0.0,0.0
PTK-19,FL,91,pemasakan,-2.393374049561321,0.0,5.366,0.33085086258758933,0.0,0.0
PTK-19,FL,92,pemasakan,3.1794768130262687,12.39337404956132,5.819,1.0015231869737313,0.0,0.0
PTK-19,FL,93,pemasakan,-3.4409551620428465,0.0,6.302,0.31843197506911514,0.0,0.0
PTK-19,FL,94,pemasakan,3.0784768130262687,13.440955162042847,5.92,1.0015231869737313,0.0,0.0
PTK-19,FL,95,pemasakan,-3.6668397778544115,0.0,6.437,0.3083165908806804,0.0,0.0
PTK-19,FL,96,pemasakan,-4.83817608286055,0.0,4.958,0.013336305006137965,0.0,3.8
PTK-19,FL,97,pemasakan,4.5564768130262685,11.03817608286055,4.442,1.0015231869737313,0.0,3.8
PTK-19,FL,98,pemasakan,-0.6958649048891292,0.0,4.796,0.4563417179153979,0.0,0.0
PTK-19,FL,99,pemasakan,3.249476813026269,10.69586490488913,5.749,1.0015231869737313,0.0,0.0
PTK-19,FL,100,pemasakan,-2.722965824351663,0.0,5.647,0.3254426373779313,0.0,0.0
PTK-19,FL,101,pemasakan,2.895476813026269,12.722965824351663,6.103,1.0015231869737313,0.0,0.0
PTK-19,FL,102,pemasakan,-2.8875119035327925,0.0,5.493,0.28998871655906117,0.0,0.0
PTK-19,FL,103,pemasakan,2.5454768130262684,12.887511903532793,6.453,1.0015231869737313,0.0,0.0
PTK-19,FL,104,pemasakan,-3.017458591988712,0.0,5.308,0.2549354050149805,0.0,0.0
PTK-19,FL,105,pemasakan,3.1064768130262683,13.017458591988712,5.892,1.0015231869737313,0.0,0.0
PTK-19,FL,106,pemasakan,-2.9246440427779383,0.0,5.72,0.31112085580420684,0.0,0.0
PTK-19,FL,107,pemasakan,3.0084768130262685,12.924644042777938,5.99,1.0015231869737313,0.0,0.0
PTK-19,FL,108,pemasakan,-3.3348291155455954,0.0,6.042,0.3013059285718643,0.0,0.0
PTK-19,FL,109,pemasakan,1.9694768130262688,13.334829115545595,7.029,1.0015231869737313,0.0,0.0
PTK-19,FL,110,pemasakan,-2.905770856419025,0.0,4.678,0.19724766944529362,0.0,0.0
PTK-19,SRI,1,awal,14.099953626052537,0.0,3.897,2.0030463739474627,0.0,0.0
PTK-19,SRI,2,awal,9.599810576877942,0.0,3.088,1.4121430491745957,0.0,0.0
PTK-19,SRI,3,awal,8.200956028065141,0.0,2.867,1.2318545488128005,0.0,2.7
PTK-19,SRI,4,awal,10.825499339828394,0.0,3.123,1.5524566882367472,0.0,7.3
PTK-19,SRI,5,awal,6.892300479887698,0.0,2.849,1.0841988599406958,0.0,0.0
PTK-19,SRI,6,awal,8.856030534135002,0.0,3.195,1.341269945752696,0.0,6.5
PTK-19,SRI,7,awal,6.813895759249797,0.0,2.235,1.007134774885204,0.0,1.2
PTK-19,SRI,8,awal,33.179350391366995,0.0,3.187,4.047545367882802,0.0,33.6
PTK-19,SRI,9,awal,40.0,0.0,2.317,7.609508114815569,26.052842276551416,42.8
PTK-19,SRI,10,awal,31.662907252105075,0.0,4.331,4.006092747894925,0.0,0.0
PTK-19,SRI,11,awal,28.663367181754236,0.0,2.348,3.4515400703508394,0.0,2.8
PTK-19,SRI,12,awal,23.317634033087884,0.0,2.655,2.890733148666351,0.0,0.2
PTK-19,SRI,13,awal,17.788318918137353,0.0,3.194,2.335315114950532,0.0,0.0
PTK-19,SRI,14,awal,12.245777532757549,0.0,3.761,1.7815413853798039,0.0,0.0
PTK-19,SRI,15,awal,6.782334518599683,0.0,4.237,1.2264430141578657,0.0,0.0
PTK-19,SRI,16,awal,3.081067990380693,0.0,3.022,0.6792665282189903,0.0,0.0
PTK-19,SRI,17,awal,-1.3545081129201888,0.0,4.127,0.30857610330088214,0.0,0.0
PTK-19,SRI,18,awal,6.058476813026269,11.35450811292019,2.94,1.0015231869737313,0.0,0.0
PTK-19,SRI,19,awal,0.9077063124274174,0.0,4.544,0.6067705005988524,0.0,0.0
PTK-19,SRI,20,awal,-1.8213396662860664,0.0,3.448,0.18104597871348388,0.0,0.9
PTK-19,SRI,21,pertumbuhan,-8.216995315023022,0.0,3.992,2.403655648736955,0.0,0.0
PTK-19,SRI,22,pertumbuhan,-14.295650963759977,0.0,3.675,2.403655648736955,0.0,0.0
PTK-19,SRI,23,pertumbuhan,-21.75530661249693,0.0,5.056,2.403655648736955,0.0,0.0
PTK-19,SRI,24,pertumbuhan,5.484476813026269,31.75530661249693,3.514,1.0015231869737313,0.0,0.0
PTK-19,SRI,25,pertumbuhan,2.0971937433597088,0.0,2.838,0.5492830696665603,0.0,0.0
PTK-19,SRI,26,pertumbuhan,-2.03984507279539,0.0,3.927,0.2100388161550985,0.0,0.0
PTK-19,SRI,27,pertumbuhan,-8.113500721532343,0.0,3.67,2.403655648736955,0.0,0.0
PTK-19,SRI,28,pertumbuhan,-13.854156370269298,0.0,3.337,2.403655648736955,0.0,0.0
PTK-19,SRI,29,pertumbuhan,-20.02381201900625,0.0,3.766,2.403655648736955,0.0,0.0
PTK-19,SRI,30,pertumbuhan,5.075476813026269,30.02381201900625,3.923,1.0015231869737313,0.0,0.0
PTK-19,SRI,31,pertumbuhan,1.3611560417069342,0.0,3.206,0.5083207713193346,0.0,0.0
PTK-19,SRI,32,pertumbuhan,-2.8521668919789533,0.0,4.077,0.1363229336858878,0.0,0.0
PTK-19,SRI,33,pertumbuhan,-9.838822540715908,0.0,4.583,2.403655648736955,0.0,0.0
PTK-19,SRI,34,pertumbuhan,-14.803478189452864,0.0,2.661,2.403655648736955,0.0,0.1
PTK-19,SRI,35,pertumbuhan,-21.342133838189817,0.0,4.135,2.403655648736955,0.0,0.0
PTK-19,SRI,36,pertumbuhan,-7.21378948692677,0.0,3.568,2.403655648736955,0.0,20.1
PTK-19,SRI,37,pertumbuhan,-13.277445135663726,0.0,3.66,2.403655648736955,0.0,0.0
PTK-19,SRI,38,pertumbuhan,-19.56410078440068,0.0,3.883,2.403655648736955,0.0,0.0
PTK-19,SRI,39,pertumbuhan,-26.715756433137635,0.0,4.748,2.403655648736955,0.0,0.0
PTK-19,SRI,40,pertumbuhan,4.458476813026269,36.715756433137635,4.54,1.0015231869737313,0.0,0.0
PTK-19,SRI,41,pertumbuhan,-0.13504997765678706,0.0,4.147,0.44652679068305534,0.0,0.0
PTK-19,SRI,42,pertumbuhan,-6.373705626393742,0.0,3.835,2.403655648736955,0.0,0.0
PTK-19,SRI,43,pertumbuhan,-11.113361275130696,0.0,2.936,2.403655648736955,0.0,0.6
PTK-19,SRI,44,pertumbuhan,-11.66501692386765,0.0,3.948,2.403655648736955,0.0,5.8
PTK-19,SRI,45,pertumbuhan,38.58944231612389,0.0,3.015,4.6305407600084605,0.0,57.9
PTK-19,SRI,46,pertumbuhan,30.082620190925557,0.0,4.642,3.8648221251983372,0.0,0.0
PTK-19,SRI,47,pertumbuhan,22.37777602631195,0.0,4.692,3.0128441646136084,0.0,0.0
PTK-19,SRI,48,pertumbuhan,15.703589869986319,0.0,4.433,2.2411861563256306,0.0,0.0
PTK-19,SRI,49,pertumbuhan,9.572838932634609,0.0,4.558,1.5727509373517101,0.0,0.0
PTK-19,SRI,50,pertumbuhan,4.187096917014767,0.0,4.427,0.9587420156198426,0.0,0.0
PTK-19,SRI,51,reproduktif,2.276444814770369,0.0,3.291,0.6196521022443977,0.0,2.0
PTK-19,SRI,52,reproduktif,-2.2025464118154963,0.0,4.251,0.22799122658586457,0.0,0.0
PTK-19,SRI,53,reproduktif,-7.096288148368212,0.0,3.091,1.8027417365527163,0.0,0.0
PTK-19,SRI,54,reproduktif,-13.076029884920928,0.0,4.177,1.8027417365527163,0.0,0.0
PTK-19,SRI,55,reproduktif,-6.8597716214736435,0.0,3.281,1.8027417365527163,0.0,11.3
PTK-19,SRI,56,reproduktif,-12.95651335802636,0.0,4.294,1.8027417365527163,0.0,0.0
PTK-19,SRI,57,reproduktif,-19.957255094579075,0.0,5.198,1.8027417365527163,0.0,0.0
PTK-19,SRI,58,reproduktif,-26.275996831131792,0.0,4.516,1.8027417365527163,0.0,0.0
PTK-19,SRI,59,reproduktif,0.37223840651313456,31.275996831131792,4.127,0.5007615934868657,0.0,0.0
PTK-19,SRI,60,reproduktif,7.419069115145203,0.0,4.074,1.279169291367933,0.0,12.4
PTK-19,SRI,61,reproduktif,2.8340321406873423,0.0,3.842,0.7430369744578604,0.0,0.0
PTK-19,SRI,62,reproduktif,-1.2358027494653747,0.0,3.786,0.28383489015271735,0.0,0.0
PTK-19,SRI,63,reproduktif,-7.85154448601809,0.0,4.813,1.8027417365527163,0.0,0.0
PTK-19,SRI,64,reproduktif,-14.490286222570807,0.0,4.836,1.8027417365527163,0.0,0.0
PTK-19,SRI,65,reproduktif,-21.682027959123523,0.0,5.389,1.8027417365527163,0.0,0.0
PTK-19,SRI,66,reproduktif,-28.22876969567624,0.0,4.744,1.8027417365527163,0.0,0.0
PTK-19,SRI,67,reproduktif,0.4492384065131345,33.22876969567624,4.05,0.5007615934868657,0.0,0.0
PTK-19,SRI,68,reproduktif,-4.687753861547069,0.0,5.092,0.04499226806020352,0.0,0.0
PTK-19,SRI,69,reproduktif,-11.825495598099785,0.0,5.335,1.8027417365527163,0.0,0.0
PTK-19,SRI,70,reproduktif,-18.1782373346525,0.0,4.55,1.8027417365527163,0.0,0.0
PTK-19,SRI,71,reproduktif,-26.153979071205217,0.0,6.173,1.8027417365527163,0.0,0.0
PTK-19,SRI,72,reproduktif,-0.5927615934868653,31.153979071205217,5.092,0.5007615934868657,0.0,0.0
PTK-19,SRI,73,reproduktif,-7.968503330039582,0.0,5.573,1.8027417365527163,0.0,0.0
PTK-19,SRI,74,reproduktif,-15.470245066592298,0.0,5.699,1.8027417365527163,0.0,0.0
PTK-19,SRI,75,reproduktif,-22.731986803145013,0.0,5.459,1.8027417365527163,0.0,0.0
PTK-19,SRI,76,reproduktif,-29.51072853969773,0.0,4.976,1.8027417365527163,0.0,0.0
PTK-19,SRI,77,reproduktif,-0.8197615934868656,34.51072853969773,5.319,0.5007615934868657,0.0,0.0
PTK-19,SRI,78,reproduktif,-7.796503330039582,0.0,5.174,1.8027417365527163,0.0,0.0
PTK-19,SRI,79,reproduktif,-14.6342450665923,0.0,5.035,1.8027417365527163,0.0,0.0
PTK-19,SRI,80,reproduktif,-21.132986803145016,0.0,4.696,1.8027417365527163,0.0,0.0
PTK-19,SRI,81,reproduktif,-28.523728539697732,0.0,5.588,1.8027417365527163,0.0,0.0
PTK-19,SRI,82,reproduktif,-0.4707615934868654,33.52372853969773,4.97,0.5007615934868657,0.0,0.0
PTK-19,SRI,83,reproduktif,-7.302503330039582,0.0,5.029,1.8027417365527163,0.0,0.0
PTK-19,SRI,84,reproduktif,-14.539245066592297,0.0,5.434,1.8027417365527163,0.0,0.0
PTK-19,SRI,85,reproduktif,-22.197986803145014,0.0,5.856,1.8027417365527163,0.0,0.0
PTK-19,SRI,86,reproduktif,-28.27772853969773,0.0,4.277,1.8027417365527163,0.0,0.0
PTK-19,SRI,87,reproduktif,-0.6937615934868653,33.27772853969773,5.193,0.5007615934868657,0.0,0.0
PTK-19,SRI,88,reproduktif,-7.958503330039582,0.0,5.462,1.8027417365527163,0.0,0.0
PTK-19,SRI,89,reproduktif,-15.335245066592298,0.0,5.574,1.8027417365527163,0.0,0.0
PTK-19,SRI,90,reproduktif,-22.466986803145012,0.0,5.329,1.8027417365527163,0.0,0.0
PTK-19,SRI,91,pemasakan,-29.58372853969773,0.0,5.314,1.8027417365527163,0.0,0.0
PTK-19,SRI,92,pemasakan,-37.150470276250445,0.0,5.764,1.8027417365527163,0.0,0.0
PTK-19,SRI,93,pemasakan,-8.044741736552716,37.150470276250445,6.242,1.8027417365527163,0.0,0.0
PTK-19,SRI,94,pemasakan,-15.711483473105432,0.0,5.864,1.8027417365527163,0.0,0.0
PTK-19,SRI,95,pemasakan,-23.88922520965815,0.0,6.375,1.8027417365527163,0.0,0.0
PTK-19,SRI,96,pemasakan,-26.802966946210866,0.0,4.911,1.8027417365527163,0.0,3.8
PTK-19,SRI,97,pemasakan,-29.20470868276358,0.0,4.399,1.8027417365527163,0.0,3.8
PTK-19,SRI,98,pemasakan,-35.7584504193163,0.0,4.751,1.8027417365527163,0.0,0.0
PTK-19,SRI,99,pemasakan,-7.496741736552716,35.7584504193163,5.694,1.8027417365527163,0.0,0.0
PTK-19,SRI,100,pemasakan,-14.892483473105433,0.0,5.593,1.8027417365527163,0.0,0.0
PTK-19,SRI,101,pemasakan,-22.739225209658148,0.0,6.044,1.8027417365527163,0.0,0.0
PTK-19,SRI,102,pemasakan,-29.981966946210864,0.0,5.44,1.8027417365527163,0.0,0.0
PTK-19,SRI,103,pemasakan,-38.17670868276358,0.0,6.392,1.8027417365527163,0.0,0.0
PTK-19,SRI,104,pemasakan,-7.059741736552716,38.17670868276358,5.257,1.8027417365527163,0.0,0.0
PTK-19,SRI,105,pemasakan,-14.697483473105432,0.0,5.835,1.8027417365527163,0.0,0.0
PTK-19,SRI,106,pemasakan,-22.16622520965815,0.0,5.666,1.8027417365527163,0.0,0.0
PTK-19,SRI,107,pemasakan,-29.90196694621087,0.0,5.933,1.8027417365527163,0.0,0.0
PTK-19,SRI,108,pemasakan,-37.68870868276359,0.0,5.984,1.8027417365527163,0.0,0.0
PTK-19,SRI,109,pemasakan,-8.764741736552716,37.68870868276359,6.962,1.8027417365527163,0.0,0.0
PTK-19,SRI,110,pemasakan,-15.200483473105432,0.0,4.633,1.8027417365527163,0.0,0.0
PTK-20,FL,1,awal,14.869845592678713,0.0,3.936,1.1941544073212866,0.0,0.0
PTK-20,FL,2,awal,10.863001010144497,0.0,3.119,0.8878445825342148,0.0,0.0
PTK-20,FL,3,awal,9.857185138506141,0.0,2.896,0.8098158716383558,0.0,2.7
PTK-20,FL,4,awal,12.978768725987422,0.0,3.154,1.0244164125187194,0.0,7.3
PTK-20,FL,5,awal,9.326836032200344,0.0,2.877,0.7749326937870781,0.0,0.0
PTK-20,FL,6,awal,11.654851732110174,0.0,3.227,0.9449843000901693,0.0,6.5
PTK-20,FL,7,awal,9.830317839542122,0.0,2.257,0.767533892568052,0.0,1.2
PTK-20,FL,8,awal,37.61819256656945,0.0,3.219,2.5931252729726766,0.0,33.6
PTK-20,FL,9,awal,50.0,0.0,2.34,4.801586954109042,23.2766056124604,42.8
PTK-20,FL,10,awal,42.64061398169678,0.0,4.374,2.985386018303217,0.0,0.0
PTK-20,FL,11,awal,40.35645850881535,0.0,2.371,2.7131554728814247,0.0,2.8
PTK-20,FL,12,awal,35.45292482513312,0.0,2.682,2.4215336836822376,0.0,0.2
PTK-20,FL,13,awal,30.11011150351497,0.0,3.226,2.1168133216181486,0.0,0.0
PTK-20,FL,14,awal,24.51330538567208,0.0,3.799,1.7978061178428888,0.0,0.0
PTK-20,FL,15,awal,18.770671802456434,0.0,4.279,1.4636335832156475,0.0,0.0
PTK-20,FL,16,awal,14.597917779392196,0.0,3.052,1.1207540230642377,0.0,0.0
PTK-20,FL,17,awal,9.558309386693448,0.0,4.168,0.8716083926987481,0.0,0.0
PTK-20,FL,18,awal,15.836845592678714,10.441690613306552,2.969,1.1941544073212866,0.0,0.0
PTK-20,FL,19,awal,10.302263644550514,0.0,4.589,0.9455819481281991,0.0,0.0
PTK-20,FL,20,awal,7.0514020193947635,0.0,3.482,0.6688616251557509,0.0,0.9
PTK-20,FL,21,pertumbuhan,14.564845592678713,12.948597980605236,4.241,1.1941544073212866,0.0,0.0
PTK-20,FL,22,pertumbuhan,9.790211864856149,0.0,3.905,0.8696337278225652,0.0,0.0
PTK-20,FL,23,pertumbuhan,13.433845592678713,10.209788135143851,5.372,1.1941544073212866,0.0,0.0
PTK-20,FL,24,pertumbuhan,8.898741296590167,0.0,3.733,0.8021042960885464,0.0,0.0
PTK-20,FL,25,pertumbuhan,15.790845592678714,11.101258703409833,3.015,1.1941544073212866,0.0,0.0
PTK-20,FL,26,pertumbuhan,10.675010199687353,0.0,4.173,0.9428353929913601,0.0,0.0
PTK-20,FL,27,pertumbuhan,6.138629675779536,0.0,3.899,0.6373805239078171,0.0,0.0
PTK-20,FL,28,pertumbuhan,15.259845592678714,13.861370324220463,3.546,1.1941544073212866,0.0,0.0
PTK-20,FL,29,pertumbuhan,10.347714999201735,0.0,4.001,0.9111305934769799,0.0,0.0
PTK-20,FL,30,pertumbuhan,5.561876525601668,0.0,4.168,0.6178384736000668,0.0,0.0
PTK-20,FL,31,pertumbuhan,15.398845592678713,14.438123474398331,3.407,1.1941544073212866,0.0,0.0
PTK-20,FL,32,pertumbuhan,10.147415626070849,0.0,4.332,0.9194299666078628,0.0,0.0
PTK-20,FL,33,pertumbuhan,4.672536571431179,0.0,4.869,0.60587905463967,0.0,0.0
PTK-20,FL,34,pertumbuhan,15.978845592678713,15.227463428568822,2.827,1.1941544073212866,0.0,0.1
PTK-20,FL,35,pertumbuhan,10.631785148258533,0.0,4.393,0.9540604444201801,0.0,0.0
PTK-20,FL,36,pertumbuhan,25.105860314276345,0.0,3.791,1.8349248339821898,0.0,20.1
PTK-20,FL,37,pertumbuhan,19.718846627082062,0.0,3.888,1.499013687194284,0.0,0.0
PTK-20,FL,38,pertumbuhan,14.415479246730936,0.0,4.126,1.1773673803511266,0.0,0.0
PTK-20,FL,39,pertumbuhan,8.509763842924322,0.0,5.045,0.8607154038066145,0.0,0.0
PTK-20,FL,40,pertumbuhan,13.981845592678713,11.490236157075678,4.824,1.1941544073212866,0.0,0.0
PTK-20,FL,41,pertumbuhan,8.741021465829563,0.0,4.406,0.8348241268491496,0.0,0.0
PTK-20,FL,42,pertumbuhan,14.730845592678714,11.258978534170437,4.075,1.1941544073212866,0.0,0.0
PTK-20,FL,43,pertumbuhan,11.296475751055743,0.0,3.119,0.9153698416229705,0.0,0.6
PTK-20,FL,44,pertumbuhan,11.881684157666506,0.0,4.194,1.020791593389236,0.0,5.8
PTK-20,FL,45,pertumbuhan,50.0,0.0,3.204,4.166505284358974,12.411178873307534,57.9
PTK-20,FL,46,pertumbuhan,42.08261398169678,0.0,4.932,2.985386018303217,0.0,0.0
PTK-20,FL,47,pertumbuhan,34.5839570338046,0.0,4.986,2.5126569478921805,0.0,0.0
PTK-20,FL,48,pertumbuhan,27.809027798078212,0.0,4.71,2.064929235726389,0.0,0.0
PTK-20,FL,49,pertumbuhan,21.30561414265845,0.0,4.843,1.6604136554197637,0.0,0.0
PTK-20,FL,50,pertumbuhan,15.330504491201332,0.0,4.703,1.2721096514571162,0.0,0.0
PTK-20,FL,51,reproduktif,12.77973957523786,0.0,3.516,1.0347649159634713,0.0,2.0
PTK-20,FL,52,reproduktif,7.4736904583284325,0.0,4.543,0.763049116909428,0.0,0.0
PTK-20,FL,53,reproduktif,3.7244534383400354,0.0,3.303,0.44623701998839727,0.0,0.0
PTK-20,FL,54,reproduktif,4.938922796339356,6.275546561659965,4.464,0.5970772036606433,0.0,0.0
PTK-20,FL,55,reproduktif,11.762333734969417,0.0,3.507,0.9695890613699378,0.0,11.3
PTK-20,FL,56,reproduktif,6.471031601469537,0.0,4.589,0.702302133499879,0.0,0.0
PTK-20,FL,57,reproduktif,0.5296610561290294,0.0,5.555,0.38637054534050863,0.0,0.0
PTK-20,FL,58,reproduktif,4.577922796339356,9.47033894387097,4.825,0.5970772036606433,0.0,0.0
PTK-20,FL,59,reproduktif,4.992922796339356,5.422077203660644,4.41,0.5970772036606433,0.0,0.0
PTK-20,FL,60,reproduktif,12.00143102566698,0.0,4.353,1.038491770672376,0.0,12.4
PTK-20,FL,61,reproduktif,7.178852937993847,0.0,4.106,0.7165780876731327,0.0,0.0
PTK-20,FL,62,reproduktif,2.7042199942230107,0.0,4.046,0.42863294377083605,0.0,0.0
PTK-20,FL,63,reproduktif,4.258922796339356,7.295780005776989,5.144,0.5970772036606433,0.0,0.0
PTK-20,FL,64,reproduktif,4.234922796339356,5.741077203660644,5.168,0.5970772036606433,0.0,0.0
PTK-20,FL,65,reproduktif,3.6449227963393565,5.765077203660644,5.758,0.5970772036606433,0.0,0.0
PTK-20,FL,66,reproduktif,4.332922796339356,6.3550772036606435,5.07,0.5970772036606433,0.0,0.0
PTK-20,FL,67,reproduktif,5.074922796339356,5.667077203660644,4.328,0.5970772036606433,0.0,0.0
PTK-20,FL,68,reproduktif,-0.6690892748638388,0.0,5.441,0.30301207120319557,0.0,0.0
PTK-20,FL,69,reproduktif,3.701922796339357,10.66908927486384,5.701,0.5970772036606433,0.0,0.0
PTK-20,FL,70,reproduktif,4.540922796339356,6.298077203660643,4.862,0.5970772036606433,0.0,0.0
PTK-20,FL,71,reproduktif,2.805922796339356,5.459077203660644,6.597,0.5970772036606433,0.0,0.0
PTK-20,FL,72,reproduktif,3.9619227963393566,7.194077203660644,5.441,0.5970772036606433,0.0,0.0
PTK-20,FL,73,reproduktif,3.446922796339356,6.038077203660643,5.956,0.5970772036606433,0.0,0.0
PTK-20,FL,74,reproduktif,3.3129227963393566,6.553077203660644,6.09,0.5970772036606433,0.0,0.0
PTK-20,FL,75,reproduktif,3.568922796339357,6.687077203660643,5.834,0.5970772036606433,0.0,0.0
PTK-20,FL,76,reproduktif,4.085922796339356,6.431077203660643,5.317,0.5970772036606433,0.0,0.0
PTK-20,FL,77,reproduktif,3.7189227963393563,5.914077203660644,5.684,0.5970772036606433,0.0,0.0
PTK-20,FL,78,reproduktif,3.872922796339356,6.281077203660644,5.53,0.5970772036606433,0.0,0.0
PTK-20,FL,79,reproduktif,4.022922796339357,6.127077203660644,5.38,0.5970772036606433,0.0,0.0
PTK-20,FL,80,reproduktif,4.384922796339357,5.977077203660643,5.018,0.5970772036606433,0.0,0.0
PTK-20,FL,81,reproduktif,3.4319227963393564,5.615077203660643,5.971,0.5970772036606433,0.0,0.0
PTK-20,FL,82,reproduktif,4.090922796339356,6.568077203660644,5.312,0.5970772036606433,0.0,0.0
PTK-20,FL,83,reproduktif,4.028922796339357,5.909077203660644,5.374,0.5970772036606433,0.0,0.0
PTK-20,FL,84,reproduktif,3.5969227963393564,5.971077203660643,5.806,0.5970772036606433,0.0,0.0
PTK-20,FL,85,reproduktif,3.1449227963393565,6.403077203660644,6.258,0.5970772036606433,0.0,0.0
PTK-20,FL,86,reproduktif,4.832922796339356,6.8550772036606435,4.57,0.5970772036606433,0.0,0.0
PTK-20,FL,87,reproduktif,3.853922796339356,5.167077203660644,5.549,0.5970772036606433,0.0,0.0
PTK-20,FL,88,reproduktif,3.5659227963393567,6.146077203660644,5.837,0.5970772036606433,0.0,0.0
PTK-20,FL,89,reproduktif,3.4459227963393566,6.434077203660643,5.957,0.5970772036606433,0.0,0.0
PTK-20,FL,90,reproduktif,3.707922796339356,6.554077203660643,5.695,0.5970772036606433,0.0,0.0
PTK-20,FL,91,pemasakan,-1.879468821123429,0.0,5.366,0.2213916174627856,0.0,0.0
PTK-20,FL,92,pemasakan,3.5839227963393565,11.879468821123428,5.819,0.5970772036606433,0.0,0.0
PTK-20,FL,93,pemasakan,-2.9320650637980368,0.0,6.302,0.21398786013739365,0.0,0.0
PTK-20,FL,94,pemasakan,3.4829227963393565,12.932065063798037,5.92,0.5970772036606433,0.0,0.0
PTK-20,FL,95,pemasakan,-3.1620345840410646,0.0,6.437,0.20795738038042116,0.0,0.0
PTK-20,FL,96,pemasakan,-4.358126044700361,0.0,4.958,0.03809146065929602,0.0,3.8
PTK-20,FL,97,pemasakan,4.960922796339356,10.558126044700362,4.442,0.5970772036606433,0.0,3.8
PTK-20,FL,98,pemasakan,-0.13128259474210857,0.0,4.796,0.2962053910814642,0.0,0.0
PTK-20,FL,99,pemasakan,3.653922796339357,10.131282594742109,5.749,0.5970772036606433,0.0,0.0
PTK-20,FL,100,pemasakan,-2.211244604223662,0.0,5.647,0.21816740056301817,0.0,0.0
PTK-20,FL,101,pemasakan,3.2999227963393567,12.211244604223662,6.103,0.5970772036606433,0.0,0.0
PTK-20,FL,102,pemasakan,-2.390108071214075,0.0,5.493,0.19703086755343138,0.0,0.0
PTK-20,FL,103,pemasakan,2.949922796339356,12.390108071214076,6.453,0.5970772036606433,0.0,0.0
PTK-20,FL,104,pemasakan,-2.5342103690859528,0.0,5.308,0.17613316542530882,0.0,0.0
PTK-20,FL,105,pemasakan,3.510922796339356,12.534210369085953,5.892,0.5970772036606433,0.0,0.0
PTK-20,FL,106,pemasakan,-2.418706400211315,0.0,5.72,0.20962919655067092,0.0,0.0
PTK-20,FL,107,pemasakan,3.4129227963393562,12.418706400211315,5.99,0.5970772036606433,0.0,0.0
PTK-20,FL,108,pemasakan,-2.8328550436154405,0.0,6.042,0.20377783995479662,0.0,0.0
PTK-20,FL,109,pemasakan,2.3739227963393565,12.83285504361544,7.029,0.5970772036606433,0.0,0.0
PTK-20,FL,110,pemasakan,-2.4458187221550993,0.0,4.678,0.1417415184944558,0.0,0.0
PTK-20,SRI,1,awal,14.908845592678713,0.0,3.897,1.1941544073212866,0.0,0.0
PTK-20,SRI,2,awal,10.93067240905022,0.0,3.088,0.8901731836284913,0.0,0.0
PTK-20,SRI,3,awal,9.94981603244922,0.0,2.867,0.8138563766009991,0.0,2.7
PTK-20,SRI,4,awal,13.09686884041769,0.0,3.123,1.0299471920315315,0.0,7.3
PTK-20,SRI,5,awal,9.46588465802301,0.0,2.849,0.7819841823946807,0.0,0.0
PTK-20,SRI,6,awal,11.817598081464935,0.0,3.195,0.9532865765580746,0.0,6.5
PTK-20,SRI,7,awal,10.00534697537901,0.0,2.235,0.7772511060859238,0.0,1.2
PTK-20,SRI,8,awal,37.81477111170788,0.0,3.187,2.6035758636711397,0.0,33.6
PTK-20,SRI,9,awal,40.0,0.0,2.317,4.8133242109121355,33.484446900795746,42.8
PTK-20,SRI,10,awal,33.280691185357426,0.0,4.331,2.3883088146425733,0.0,0.0
PTK-20,SRI,11,awal,31.57839536544778,0.0,2.348,2.1542958199096436,0.0,2.8
PTK-20,SRI,12,awal,27.22597982128539,0.0,2.655,1.8974155441623908,0.0,0.2
PTK-20,SRI,13,awal,22.40637863142397,0.0,3.194,1.6256011898614182,0.0,0.0
PTK-20,SRI,14,awal,17.30754484168275,0.0,3.761,1.3378337897412218,0.0,0.0
PTK-20,SRI,15,awal,12.037150794052437,0.0,4.237,1.0333940476303127,0.0,0.0
PTK-20,SRI,16,awal,8.296439960437006,0.0,3.022,0.7187108336154322,0.0,0.0
PTK-20,SRI,17,awal,3.6740784432453912,0.0,4.127,0.49536151719161464,0.0,0.0
PTK-20,SRI,18,awal,0.5147075949531104,0.0,2.94,0.2193708482922808,0.0,0.0
PTK-20,SRI,19,awal,-4.060024422196639,0.0,4.544,0.03073201714974982,0.0,0.0
PTK-20,SRI,20,awal,5.954922796339357,13.160024422196638,3.448,0.5970772036606433,0.0,0.9
PTK-20,SRI,21,pertumbuhan,1.607367931214025,0.0,3.992,0.35555486512533224,0.0,0.0
PTK-20,SRI,22,pertumbuhan,-2.1636043437482813,0.0,3.675,0.09597227496230634,0.0,0.0
PTK-20,SRI,23,pertumbuhan,-8.652589632533825,0.0,5.056,1.4329852887855439,0.0,0.0
PTK-20,SRI,24,pertumbuhan,-13.59957492131937,0.0,3.514,1.4329852887855439,0.0,0.0
PTK-20,SRI,25,pertumbuhan,-17.870560210104912,0.0,2.838,1.4329852887855439,0.0,0.0
PTK-20,SRI,26,pertumbuhan,-23.230545498890457,0.0,3.927,1.4329852887855439,0.0,0.0
PTK-20,SRI,27,pertumbuhan,5.7329227963393565,33.23054549889046,3.67,0.5970772036606433,0.0,0.0
PTK-20,SRI,28,pertumbuhan,2.0536230451352906,0.0,3.337,0.3422997512040659,0.0,0.0
PTK-20,SRI,29,pertumbuhan,-1.8349941053809529,0.0,3.766,0.12261715051624346,0.0,0.0
PTK-20,SRI,30,pertumbuhan,-7.190979394166496,0.0,3.923,1.4329852887855439,0.0,0.0
PTK-20,SRI,31,pertumbuhan,-11.82996468295204,0.0,3.206,1.4329852887855439,0.0,0.0
PTK-20,SRI,32,pertumbuhan,-17.339949971737582,0.0,4.077,1.4329852887855439,0.0,0.0
PTK-20,SRI,33,pertumbuhan,-23.355935260523125,0.0,4.583,1.4329852887855439,0.0,0.0
PTK-20,SRI,34,pertumbuhan,6.741922796339357,33.255935260523124,2.661,0.5970772036606433,0.0,0.1
PTK-20,SRI,35,pertumbuhan,2.204377955285932,0.0,4.135,0.40254484105342486,0.0,0.0
PTK-20,SRI,36,pertumbuhan,17.404634393392712,0.0,3.568,1.3317435618932223,0.0,20.1
PTK-20,SRI,37,pertumbuhan,12.705443349958433,0.0,3.66,1.039191043434278,0.0,0.0
PTK-20,SRI,38,pertumbuhan,8.063830291292243,0.0,3.883,0.7586130586661898,0.0,0.0
PTK-20,SRI,39,pertumbuhan,2.834357367180367,0.0,4.748,0.48147292411187637,0.0,0.0
PTK-20,SRI,40,pertumbuhan,-1.8748756499167332,0.0,4.54,0.16923301709709967,0.0,0.0
PTK-20,SRI,41,pertumbuhan,-7.454860938702277,0.0,4.147,1.4329852887855439,0.0,0.0
PTK-20,SRI,42,pertumbuhan,-12.722846227487821,0.0,3.835,1.4329852887855439,0.0,0.0
PTK-20,SRI,43,pertumbuhan,-16.491831516273365,0.0,2.936,1.4329852887855439,0.0,0.6
PTK-20,SRI,44,pertumbuhan,-16.072816805058906,0.0,3.948,1.4329852887855439,0.0,5.8
PTK-20,SRI,45,pertumbuhan,36.31477743703741,0.0,3.015,2.4974057579036884,0.0,57.9
PTK-20,SRI,46,pertumbuhan,29.504504860670913,0.0,4.642,2.168272576366492,0.0,0.0
PTK-20,SRI,47,pertumbuhan,23.05085813491079,0.0,4.692,1.761646725760125,0.0,0.0
PTK-20,SRI,48,pertumbuhan,17.24154394319372,0.0,4.433,1.3763141917170727,0.0,0.0
PTK-20,SRI,49,pertumbuhan,11.6540906587543,0.0,4.558,1.0294532844394209,0.0,0.0
PTK-20,SRI,50,pertumbuhan,6.531251472580635,0.0,4.427,0.6958391861736642,0.0,0.0
PTK-20,SRI,51,reproduktif,4.730869895283217,0.0,3.291,0.5093815772974192,0.0,2.0
PTK-20,SRI,52,reproduktif,0.1974004384874135,0.0,4.251,0.2824694567958024,0.0,0.0
PTK-20,SRI,53,reproduktif,-2.9053858916939315,0.0,3.091,0.01178633018134497,0.0,0.0
PTK-20,SRI,54,reproduktif,-8.157124858283089,0.0,4.177,1.074738966589158,0.0,0.0
PTK-20,SRI,55,reproduktif,-0.32577876839017605,0.0,3.281,0.1876539101070882,0.0,11.3
PTK-20,SRI,56,reproduktif,-5.694517734979334,0.0,4.294,1.074738966589158,0.0,0.0
PTK-20,SRI,57,reproduktif,-11.967256701568491,0.0,5.198,1.074738966589158,0.0,0.0
PTK-20,SRI,58,reproduktif,-17.55799566815765,0.0,4.516,1.074738966589158,0.0,0.0
PTK-20,SRI,59,reproduktif,-22.759734634746806,0.0,4.127,1.074738966589158,0.0,0.0
PTK-20,SRI,60,reproduktif,-15.508473601335965,0.0,4.074,1.074738966589158,0.0,12.4
PTK-20,SRI,61,reproduktif,-20.425212567925122,0.0,3.842,1.074738966589158,0.0,0.0
PTK-20,SRI,62,reproduktif,-25.285951534514282,0.0,3.786,1.074738966589158,0.0,0.0
PTK-20,SRI,63,reproduktif,-0.11153860183032105,30.285951534514282,4.813,0.29853860183032166,0.0,0.0
PTK-20,SRI,64,reproduktif,-6.022277568419479,0.0,4.836,1.074738966589158,0.0,0.0
PTK-20,SRI,65,reproduktif,-12.486016535008638,0.0,5.389,1.074738966589158,0.0,0.0
PTK-20,SRI,66,reproduktif,-18.304755501597796,0.0,4.744,1.074738966589158,0.0,0.0
PTK-20,SRI,67,reproduktif,-23.429494468186952,0.0,4.05,1.074738966589158,0.0,0.0
PTK-20,SRI,68,reproduktif,-29.59623343477611,0.0,5.092,1.074738966589158,0.0,0.0
PTK-20,SRI,69,reproduktif,-0.6335386018303213,34.59623343477611,5.335,0.29853860183032166,0.0,0.0
PTK-20,SRI,70,reproduktif,-6.258277568419479,0.0,4.55,1.074738966589158,0.0,0.0
PTK-20,SRI,71,reproduktif,-13.506016535008637,0.0,6.173,1.074738966589158,0.0,0.0
PTK-20,SRI,72,reproduktif,-19.672755501597795,0.0,5.092,1.074738966589158,0.0,0.0
PTK-20,SRI,73,reproduktif,-26.320494468186954,0.0,5.573,1.074738966589158,0.0,0.0
PTK-20,SRI,74,reproduktif,-0.9975386018303212,31.320494468186954,5.699,0.29853860183032166,0.0,0.0
PTK-20,SRI,75,reproduktif,-7.531277568419479,0.0,5.459,1.074738966589158,0.0,0.0
PTK-20,SRI,76,reproduktif,-13.582016535008638,0.0,4.976,1.074738966589158,0.0,0.0
PTK-20,SRI,77,reproduktif,-19.975755501597796,0.0,5.319,1.074738966589158,0.0,0.0
PTK-20,SRI,78,reproduktif,-26.224494468186954,0.0,5.174,1.074738966589158,0.0,0.0
PTK-20,SRI,79,reproduktif,-0.33353860183032147,31.224494468186954,5.035,0.29853860183032166,0.0,0.0
PTK-20,SRI,80,reproduktif,-6.104277568419479,0.0,4.696,1.074738966589158,0.0,0.0
PTK-20,SRI,81,reproduktif,-12.767016535008636,0.0,5.588,1.074738966589158,0.0,0.0
PTK-20,SRI,82,reproduktif,-18.811755501597794,0.0,4.97,1.074738966589158,0.0,0.0
PTK-20,SRI,83,reproduktif,-24.915494468186953,0.0,5.029,1.074738966589158,0.0,0.0
PTK-20,SRI,84,reproduktif,-31.424233434776113,0.0,5.434,1.074738966589158,0.0,0.0
PTK-20,SRI,85,reproduktif,-1.1545386018303212,36.42423343477611,5.856,0.29853860183032166,0.0,0.0
PTK-20,SRI,86,reproduktif,-6.506277568419479,0.0,4.277,1.074738966589158,0.0,0.0
PTK-20,SRI,87,reproduktif,-12.774016535008638,0.0,5.193,1.074738966589158,0.0,0.0
PTK-20,SRI,88,reproduktif,-19.310755501597797,0.0,5.462,1.074738966589158,0.0,0.0
PTK-20,SRI,89,reproduktif,-25.959494468186953,0.0,5.574,1.074738966589158,0.0,0.0
PTK-20,SRI,90,reproduktif,-0.6275386018303211,30.959494468186953,5.329,0.29853860183032166,0.0,0.0
PTK-20,SRI,91,pemasakan,-7.016277568419479,0.0,5.314,1.074738966589158,0.0,0.0
PTK-20,SRI,92,pemasakan,-13.855016535008637,0.0,5.764,1.074738966589158,0.0,0.0
PTK-20,SRI,93,pemasakan,-21.171755501597794,0.0,6.242,1.074738966589158,0.0,0.0
PTK-20,SRI,94,pemasakan,-28.11049446818695,0.0,5.864,1.074738966589158,0.0,0.0
PTK-20,SRI,95,pemasakan,-35.56023343477611,0.0,6.375,1.074738966589158,0.0,0.0
PTK-20,SRI,96,pemasakan,-5.985738966589158,31.760233434776108,4.911,1.074738966589158,0.0,3.8
PTK-20,SRI,97,pemasakan,-7.659477933178316,0.0,4.399,1.074738966589158,0.0,3.8
PTK-20,SRI,98,pemasakan,-13.485216899767474,0.0,4.751,1.074738966589158,0.0,0.0
PTK-20,SRI,99,pemasakan,-20.253955866356634,0.0,5.694,1.074738966589158,0.0,0.0
PTK-20,SRI,100,pemasakan,-26.921694832945793,0.0,5.593,1.074738966589158,0.0,0.0
PTK-20,SRI,101,pemasakan,-34.04043379953495,0.0,6.044,1.074738966589158,0.0,0.0
PTK-20,SRI,102,pemasakan,-6.514738966589158,34.04043379953495,5.44,1.074738966589158,0.0,0.0
PTK-20,SRI,103,pemasakan,-13.981477933178317,0.0,6.392,1.074738966589158,0.0,0.0
PTK-20,SRI,104,pemasakan,-20.313216899767475,0.0,5.257,1.074738966589158,0.0,0.0
PTK-20,SRI,105,pemasakan,-27.222955866356635,0.0,5.835,1.074738966589158,0.0,0.0
PTK-20,SRI,106,pemasakan,-33.96369483294579,0.0,5.666,1.074738966589158,0.0,0.0
PTK-20,SRI,107,pemasakan,-7.007738966589158,33.96369483294579,5.933,1.074738966589158,0.0,0.0
PTK-20,SRI,108,pemasakan,-14.066477933178316,0.0,5.984,1.074738966589158,0.0,0.0
PTK-20,SRI,109,pemasakan,-22.103216899767475,0.0,6.962,1.074738966589158,0.0,0.0
PTK-20,SRI,110,pemasakan,-27.810955866356633,0.0,4.633,1.074738966589158,0.0,0.0
PTK-21,FL,1,awal,15.174651004441461,0.0,3.936,0.8893489955585375,0.0,0.0
PTK-21,FL,2,awal,11.380872973003893,0.0,3.119,0.6747780314375683,0.0,0.0
PTK-21,FL,3,awal,10.558732461247473,0.0,2.896,0.6261405117564185,0.0,2.7
PTK-21,FL,4,awal,13.910600172429518,0.0,3.154,0.7941322888179545,0.0,7.3
PTK-21,FL,5,awal,10.415031257881187,0.0,2.877,0.6185689145483305,0.0,0.0
PTK-21,FL,6,awal,12.935862954929295,0.0,3.227,0.7521683029518951,0.0,6.5
PTK-21,FL,7,awal,11.250277178913318,0.0,2.257,0.6285857760159754,0.0,1.2
PTK-21,FL,8,awal,39.63689973093389,0.0,3.219,1.9943774479794278,0.0,33.6
PTK-21,FL,9,awal,50.0,0.0,2.34,3.665758698633296,26.431141032300587,42.8
PTK-21,FL,10,awal,43.40262751110366,0.0,4.374,2.2233724888963438,0.0,0.0
PTK-21,FL,11,awal,41.777114492645396,0.0,2.371,2.0545130184582643,0.0,2.8
PTK-21,FL,12,awal,37.428499262121406,0.0,2.682,1.8666152305239956,0.0,0.2
PTK-21,FL,13,awal,32.53814935091985,0.0,3.226,1.6643499112015567,0.0,0.0
PTK-21,FL,14,awal,27.29226082879114,0.0,3.799,1.4468885221287124,0.0,0.0
PTK-21,FL,15,awal,21.79964359106079,0.0,4.279,1.213617237730351,0.0,0.0
PTK-21,FL,16,awal,17.77826903449859,0.0,3.052,0.9693745565622011,0.0,0.0
PTK-21,FL,17,awal,12.81971474906855,0.0,4.168,0.7905542854300385,0.0,0.0
PTK-21,FL,18,awal,9.280654727296996,0.0,2.969,0.5700600217715542,0.0,0.0
PTK-21,FL,19,awal,14.521651004441463,10.719345272703004,4.589,0.8893489955585375,0.0,0.0
PTK-21,FL,20,awal,11.253889512908746,0.0,3.482,0.6857614915327163,0.0,0.9
PTK-21,FL,21,pertumbuhan,6.512457746187138,0.0,4.241,0.5004317667216076,0.0,0.0
PTK-21,FL,22,pertumbuhan,15.205651004441464,13.487542253812862,3.905,0.8893489955585375,0.0,0.0
PTK-21,FL,23,pertumbuhan,9.15749448206078,0.0,5.372,0.6761565223806841,0.0,0.0
PTK-21,FL,24,pertumbuhan,15.377651004441462,10.84250551793922,3.733,0.8893489955585375,0.0,0.0
PTK-21,FL,25,pertumbuhan,11.678846080698975,0.0,3.015,0.6838049237424875,0.0,0.0
PTK-21,FL,26,pertumbuhan,6.9865175791413545,0.0,4.173,0.5193285015576198,0.0,0.0
PTK-21,FL,27,pertumbuhan,15.211651004441462,13.013482420858645,3.899,0.8893489955585375,0.0,0.0
PTK-21,FL,28,pertumbuhan,10.989227677362111,0.0,3.546,0.6764233270793516,0.0,0.0
PTK-21,FL,29,pertumbuhan,6.499564747520807,0.0,4.001,0.48866292984130366,0.0,0.0
PTK-21,FL,30,pertumbuhan,14.942651004441462,13.500435252479193,4.168,0.8893489955585375,0.0,0.0
PTK-21,FL,31,pertumbuhan,10.871189421352373,0.0,3.407,0.6644615830890893,0.0,0.0
PTK-21,FL,32,pertumbuhan,6.0557753517320565,0.0,4.332,0.4834140696203166,0.0,0.0
PTK-21,FL,33,pertumbuhan,14.241651004441461,13.944224648267944,4.869,0.8893489955585375,0.0,0.0
PTK-21,FL,34,pertumbuhan,10.876914358668905,0.0,2.827,0.6377366457725552,0.0,0.1
PTK-21,FL,35,pertumbuhan,6.000245715685985,0.0,4.393,0.4836686429829213,0.0,0.0
PTK-21,FL,36,pertumbuhan,21.14863435013217,0.0,3.791,1.1606113655538177,0.0,20.1
PTK-21,FL,37,pertumbuhan,16.320208514295928,0.0,3.888,0.9404258358362414,0.0,0.0
PTK-21,FL,38,pertumbuhan,11.46849046182118,0.0,4.126,0.7257180524747487,0.0,0.0
PTK-21,FL,39,pertumbuhan,5.913515938181513,0.0,5.045,0.5099745236396667,0.0,0.0
PTK-21,FL,40,pertumbuhan,14.286651004441463,14.086484061818487,4.824,0.8893489955585375,0.0,0.0
PTK-21,FL,41,pertumbuhan,9.245360068406693,0.0,4.406,0.6352909360347693,0.0,0.0
PTK-21,FL,42,pertumbuhan,15.035651004441462,10.754639931593307,4.075,0.8893489955585375,0.0,0.0
PTK-21,FL,43,pertumbuhan,11.82137347865627,0.0,3.119,0.6952775257851926,0.0,0.6
PTK-21,FL,44,pertumbuhan,12.64379593847603,0.0,4.194,0.7835775401802403,0.0,5.8
PTK-21,FL,45,pertumbuhan,50.0,0.0,3.204,3.1369027030385044,14.202893235437514,57.9
PTK-21,FL,46,pertumbuhan,42.84462751110365,0.0,4.932,2.2233724888963438,0.0,0.0
PTK-21,FL,47,pertumbuhan,35.95343618899967,0.0,4.986,1.9051913221039858,0.0,0.0
PTK-21,FL,48,pertumbuhan,29.644678570921428,0.0,4.71,1.5987576180782412,0.0,0.0
PTK-21,FL,49,pertumbuhan,23.483455315386195,0.0,4.843,1.3182232555352336,0.0,0.0
PTK-21,FL,50,pertumbuhan,17.73620594553707,0.0,4.703,1.0442493698491255,0.0,0.0
PTK-21,FL,51,reproduktif,15.342587198847077,0.0,3.516,0.8776187466899914,0.0,2.0
PTK-21,FL,52,reproduktif,10.11734147311888,0.0,4.543,0.6822457257281962,0.0,0.0
PTK-21,FL,53,reproduktif,6.364449099276831,0.0,3.303,0.44989237384205055,0.0,0.0
PTK-21,FL,54,reproduktif,1.6174382785905657,0.0,4.464,0.28301082068626443,0.0,0.0
PTK-21,FL,55,reproduktif,8.83603274067787,0.0,3.507,0.5744055379126962,0.0,11.3
PTK-21,FL,56,reproduktif,3.8541168985456595,0.0,4.589,0.39291584213221076,0.0,0.0
PTK-21,FL,57,reproduktif,4.000325502220732,6.1458831014543405,5.555,0.44467449777926876,0.0,0.0
PTK-21,FL,58,reproduktif,4.730325502220731,5.999674497779268,4.825,0.44467449777926876,0.0,0.0
PTK-21,FL,59,reproduktif,5.145325502220731,5.269674497779269,4.41,0.44467449777926876,0.0,0.0
PTK-21,FL,60,reproduktif,12.412129621613351,0.0,4.353,0.78019588060738,0.0,12.4
PTK-21,FL,61,reproduktif,7.754193871027141,0.0,4.106,0.5519357505862102,0.0,0.0
PTK-21,FL,62,reproduktif,3.3633846444989333,0.0,4.046,0.3448092265282078,0.0,0.0
PTK-21,FL,63,reproduktif,4.411325502220731,6.636615355501067,5.144,0.44467449777926876,0.0,0.0
PTK-21,FL,64,reproduktif,4.387325502220731,5.588674497779269,5.168,0.44467449777926876,0.0,0.0
PTK-21,FL,65,reproduktif,3.7973255022207315,5.612674497779269,5.758,0.44467449777926876,0.0,0.0
PTK-21,FL,66,reproduktif,4.485325502220731,6.2026744977792685,5.07,0.44467449777926876,0.0,0.0
PTK-21,FL,67,reproduktif,5.227325502220731,5.514674497779269,4.328,0.44467449777926876,0.0,0.0
PTK-21,FL,68,reproduktif,-0.4461203320221454,0.0,5.441,0.23244583424287674,0.0,0.0
PTK-21,FL,69,reproduktif,3.854325502220732,10.446120332022145,5.701,0.44467449777926876,0.0,0.0
PTK-21,FL,70,reproduktif,4.693325502220731,6.145674497779268,4.862,0.44467449777926876,0.0,0.0
PTK-21,FL,71,reproduktif,2.958325502220731,5.306674497779269,6.597,0.44467449777926876,0.0,0.0
PTK-21,FL,72,reproduktif,4.114325502220732,7.041674497779269,5.441,0.44467449777926876,0.0,0.0
PTK-21,FL,73,reproduktif,3.599325502220731,5.885674497779268,5.956,0.44467449777926876,0.0,0.0
PTK-21,FL,74,reproduktif,3.4653255022207317,6.400674497779269,6.09,0.44467449777926876,0.0,0.0
PTK-21,FL,75,reproduktif,3.721325502220732,6.534674497779268,5.834,0.44467449777926876,0.0,0.0
PTK-21,FL,76,reproduktif,4.238325502220731,6.278674497779268,5.317,0.44467449777926876,0.0,0.0
PTK-21,FL,77,reproduktif,3.8713255022207314,5.761674497779269,5.684,0.44467449777926876,0.0,0.0
PTK-21,FL,78,reproduktif,4.025325502220731,6.128674497779269,5.53,0.44467449777926876,0.0,0.0
PTK-21,FL,79,reproduktif,4.175325502220732,5.974674497779269,5.38,0.44467449777926876,0.0,0.0
PTK-21,FL,80,reproduktif,4.537325502220732,5.824674497779268,5.018,0.44467449777926876,0.0,0.0
PTK-21,FL,81,reproduktif,3.5843255022207314,5.462674497779268,5.971,0.44467449777926876,0.0,0.0
PTK-21,FL,82,reproduktif,4.243325502220731,6.415674497779269,5.312,0.44467449777926876,0.0,0.0
PTK-21,FL,83,reproduktif,4.181325502220732,5.756674497779269,5.374,0.44467449777926876,0.0,0.0
PTK-21,FL,84,reproduktif,3.7493255022207315,5.818674497779268,5.806,0.44467449777926876,0.0,0.0
PTK-21,FL,85,reproduktif,3.2973255022207315,6.2506744977792685,6.258,0.44467449777926876,0.0,0.0
PTK-21,FL,86,reproduktif,4.985325502220731,6.7026744977792685,4.57,0.44467449777926876,0.0,0.0
PTK-21,FL,87,reproduktif,4.006325502220731,5.014674497779269,5.549,0.44467449777926876,0.0,0.0
PTK-21,FL,88,reproduktif,3.7183255022207318,5.993674497779269,5.837,0.44467449777926876,0.0,0.0
PTK-21,FL,89,reproduktif,3.5983255022207317,6.281674497779268,5.957,0.44467449777926876,0.0,0.0
PTK-21,FL,90,reproduktif,3.8603255022207312,6.401674497779268,5.695,0.44467449777926876,0.0,0.0
PTK-21,FL,91,pemasakan,-1.6773333281757195,0.0,5.366,0.17165883039645072,0.0,0.0
PTK-21,FL,92,pemasakan,3.7363255022207316,11.67733332817572,5.819,0.44467449777926876,0.0,0.0
PTK-21,FL,93,pemasakan,-2.731819364403256,0.0,6.302,0.16614486662398778,0.0,0.0
PTK-21,FL,94,pemasakan,3.6353255022207316,12.731819364403256,5.92,0.44467449777926876,0.0,0.0
PTK-21,FL,95,pemasakan,-2.963328151975686,0.0,6.437,0.16165365419641717,0.0,0.0
PTK-21,FL,96,pemasakan,-4.1585328153583125,0.0,4.958,0.03720466338262644,0.0,3.8
PTK-21,FL,97,pemasakan,5.113325502220731,10.358532815358313,4.442,0.44467449777926876,0.0,3.8
PTK-21,FL,98,pemasakan,0.08994895725253826,0.0,4.796,0.2273765449681931,0.0,0.0
PTK-21,FL,99,pemasakan,-5.6630508434866655,0.0,5.749,0.003999800739204137,0.0,0.0
PTK-21,FL,100,pemasakan,3.9083255022207313,15.663050843486666,5.647,0.44467449777926876,0.0,0.0
PTK-21,FL,101,pemasakan,-2.36846776576506,0.0,6.103,0.1737932679857912,0.0,0.0
PTK-21,FL,102,pemasakan,4.062325502220731,12.368467765765061,5.493,0.44467449777926876,0.0,0.0
PTK-21,FL,103,pemasakan,-2.571315753030861,0.0,6.453,0.18064125525159194,0.0,0.0
PTK-21,FL,104,pemasakan,4.247325502220732,12.571315753030861,5.308,0.44467449777926876,0.0,0.0
PTK-21,FL,105,pemasakan,-1.833542231239777,0.0,5.892,0.18886773346050842,0.0,0.0
PTK-21,FL,106,pemasakan,3.8353255022207318,11.833542231239777,5.72,0.44467449777926876,0.0,0.0
PTK-21,FL,107,pemasakan,-2.325221641931271,0.0,5.99,0.17054714415200256,0.0,0.0
PTK-21,FL,108,pemasakan,3.5133255022207317,12.325221641931272,6.042,0.44467449777926876,0.0,0.0
PTK-21,FL,109,pemasakan,-3.671903123102778,0.0,7.029,0.1562286253235101,0.0,0.0
PTK-21,FL,110,pemasakan,4.877325502220732,13.671903123102778,4.678,0.44467449777926876,0.0,0.0
PTK-21,SRI,1,awal,15.213651004441463,0.0,3.897,0.8893489955585375,0.0,0.0
PTK-21,SRI,2,awal,11.449138742462555,0.0,3.088,0.6765122619789075,0.0,0.0
PTK-21,SRI,3,awal,10.652962626031181,0.0,2.867,0.6291761164313731,0.0,2.7
PTK-21,SRI,4,awal,14.03164016209314,0.0,3.123,0.7983224639380396,0.0,7.3
PTK-21,SRI,5,awal,10.558688907883322,0.0,2.849,0.6239512542098185,0.0,0.0
PTK-21,SRI,6,awal,13.105132515594743,0.0,3.195,0.7585563922885799,0.0,6.5
PTK-21,SRI,7,awal,11.434019753890944,0.0,2.235,0.6361127617037979,0.0,1.2
PTK-21,SRI,8,awal,39.844471742186634,0.0,3.187,2.002548011704312,0.0,33.6
PTK-21,SRI,9,awal,40.0,0.0,2.317,3.6749888966189803,36.65248284556765,42.8
PTK-21,SRI,10,awal,33.89030200888293,0.0,4.331,1.778697991117075,0.0,0.0
PTK-21,SRI,11,awal,32.710777846965954,0.0,2.348,1.631524161916971,0.0,2.8
PTK-21,SRI,12,awal,28.79231948590349,0.0,2.655,1.463458361062467,0.0,0.2
PTK-21,SRI,13,awal,24.31799846517405,0.0,3.194,1.2803210207294389,0.0,0.0
PTK-21,SRI,14,awal,19.47563908972422,0.0,3.761,1.0813593754498299,0.0,0.0
PTK-21,SRI,15,awal,14.372607086608877,0.0,4.237,0.8660320031153411,0.0,0.0
PTK-21,SRI,16,awal,10.71149390280722,0.0,3.022,0.6391131838016562,0.0,0.0
PTK-21,SRI,17,awal,6.10818108563757,0.0,4.127,0.47631281716965,0.0,0.0
PTK-21,SRI,18,awal,2.8965658499774984,0.0,2.94,0.2716152356600715,0.0,0.0
PTK-21,SRI,19,awal,-1.7762370464848334,0.0,4.544,0.12880289646233248,0.0,0.0
PTK-21,SRI,20,awal,6.107325502220731,10.876237046484833,3.448,0.44467449777926876,0.0,0.9
PTK-21,SRI,21,pertumbuhan,1.843748312173279,0.0,3.992,0.2715771900474524,0.0,0.0
PTK-21,SRI,22,pertumbuhan,-1.9132384733014236,0.0,3.675,0.08198678547470273,0.0,0.0
PTK-21,SRI,23,pertumbuhan,-8.036457267971668,0.0,5.056,1.067218794670245,0.0,0.0
PTK-21,SRI,24,pertumbuhan,-12.617676062641912,0.0,3.514,1.067218794670245,0.0,0.0
PTK-21,SRI,25,pertumbuhan,-16.522894857312156,0.0,2.838,1.067218794670245,0.0,0.0
PTK-21,SRI,26,pertumbuhan,-21.517113651982402,0.0,3.927,1.067218794670245,0.0,0.0
PTK-21,SRI,27,pertumbuhan,5.885325502220732,31.517113651982402,3.67,0.44467449777926876,0.0,0.0
PTK-21,SRI,28,pertumbuhan,2.2866200860239787,0.0,3.337,0.26170541619675264,0.0,0.0
PTK-21,SRI,29,pertumbuhan,-1.5810600778124915,0.0,3.766,0.1016801638364701,0.0,0.0
PTK-21,SRI,30,pertumbuhan,-6.571278872482736,0.0,3.923,1.067218794670245,0.0,0.0
PTK-21,SRI,31,pertumbuhan,-10.844497667152982,0.0,3.206,1.067218794670245,0.0,0.0
PTK-21,SRI,32,pertumbuhan,-15.988716461823227,0.0,4.077,1.067218794670245,0.0,0.0
PTK-21,SRI,33,pertumbuhan,-21.638935256493472,0.0,4.583,1.067218794670245,0.0,0.0
PTK-21,SRI,34,pertumbuhan,6.894325502220731,31.53893525649347,2.661,0.44467449777926876,0.0,0.1
PTK-21,SRI,35,pertumbuhan,2.4527524291980507,0.0,4.135,0.30657307302268083,0.0,0.0
PTK-21,SRI,36,pertumbuhan,17.98188904319867,0.0,3.568,1.0028633859993827,0.0,20.1
PTK-21,SRI,37,pertumbuhan,13.52228029525798,0.0,3.66,0.7996087479406904,0.0,0.0
PTK-21,SRI,38,pertumbuhan,9.037978975345546,0.0,3.883,0.6013013199124344,0.0,0.0
PTK-21,SRI,39,pertumbuhan,3.8880830991654083,0.0,4.748,0.40189587618013706,0.0,0.0
PTK-21,SRI,40,pertumbuhan,-0.8248100407791359,0.0,4.54,0.17289313994454408,0.0,0.0
PTK-21,SRI,41,pertumbuhan,-6.039028835449381,0.0,4.147,1.067218794670245,0.0,0.0
PTK-21,SRI,42,pertumbuhan,-10.941247630119626,0.0,3.835,1.067218794670245,0.0,0.0
PTK-21,SRI,43,pertumbuhan,-14.344466424789871,0.0,2.936,1.067218794670245,0.0,0.6
PTK-21,SRI,44,pertumbuhan,-13.559685219460116,0.0,3.948,1.067218794670245,0.0,5.8
PTK-21,SRI,45,pertumbuhan,39.35361405989876,0.0,3.015,1.9717007206411261,0.0,57.9
PTK-21,SRI,46,pertumbuhan,32.961659203110294,0.0,4.642,1.749954856788465,0.0,0.0
PTK-21,SRI,47,pertumbuhan,26.803938277898844,0.0,4.692,1.4657209252114483,0.0,0.0
PTK-21,SRI,48,pertumbuhan,21.179035498675724,0.0,4.433,1.1919027792231187,0.0,0.0
PTK-21,SRI,49,pertumbuhan,15.679257801293431,0.0,4.558,0.9417776973822932,0.0,0.0
PTK-21,SRI,50,pertumbuhan,10.555041192459248,0.0,4.427,0.6972166088341838,0.0,0.0
PTK-21,SRI,51,reproduktif,8.705750528773763,0.0,3.291,0.5582906636854847,0.0,2.0
PTK-21,SRI,52,reproduktif,4.067628004356354,0.0,4.251,0.38712252441740763,0.0,0.0
PTK-21,SRI,53,reproduktif,0.7957509603573492,0.0,3.091,0.18087704399900512,0.0,0.0
PTK-21,SRI,54,reproduktif,-3.4166340555080783,0.0,4.177,0.035385015865427506,0.0,0.0
PTK-21,SRI,55,reproduktif,4.251812765274209,0.0,3.281,0.3505531792177136,0.0,11.3
PTK-21,SRI,56,reproduktif,-0.23125450533076997,0.0,4.294,0.18906727060497927,0.0,0.0
PTK-21,SRI,57,reproduktif,-6.229668601333454,0.0,5.198,0.8004140960026838,0.0,0.0
PTK-21,SRI,58,reproduktif,-11.54608269733614,0.0,4.516,0.8004140960026838,0.0,0.0
PTK-21,SRI,59,reproduktif,-16.473496793338825,0.0,4.127,0.8004140960026838,0.0,0.0
PTK-21,SRI,60,reproduktif,-8.947910889341507,0.0,4.074,0.8004140960026838,0.0,12.4
PTK-21,SRI,61,reproduktif,-13.590324985344191,0.0,3.842,0.8004140960026838,0.0,0.0
PTK-21,SRI,62,reproduktif,-18.176739081346874,0.0,3.786,0.8004140960026838,0.0,0.0
PTK-21,SRI,63,reproduktif,-23.79015317734956,0.0,4.813,0.8004140960026838,0.0,0.0
PTK-21,SRI,64,reproduktif,-29.426567273352244,0.0,4.836,0.8004140960026838,0.0,0.0
PTK-21,SRI,65,reproduktif,-0.6113372488896349,34.42656727335225,5.389,0.22233724888963438,0.0,0.0
PTK-21,SRI,66,reproduktif,-6.155751344892319,0.0,4.744,0.8004140960026838,0.0,0.0
PTK-21,SRI,67,reproduktif,-11.006165440895003,0.0,4.05,0.8004140960026838,0.0,0.0
PTK-21,SRI,68,reproduktif,-16.898579536897685,0.0,5.092,0.8004140960026838,0.0,0.0
PTK-21,SRI,69,reproduktif,-23.03399363290037,0.0,5.335,0.8004140960026838,0.0,0.0
PTK-21,SRI,70,reproduktif,-28.384407728903053,0.0,4.55,0.8004140960026838,0.0,0.0
PTK-21,SRI,71,reproduktif,-1.3953372488896347,33.38440772890306,6.173,0.22233724888963438,0.0,0.0
PTK-21,SRI,72,reproduktif,-7.287751344892318,0.0,5.092,0.8004140960026838,0.0,0.0
PTK-21,SRI,73,reproduktif,-13.661165440895003,0.0,5.573,0.8004140960026838,0.0,0.0
PTK-21,SRI,74,reproduktif,-20.160579536897686,0.0,5.699,0.8004140960026838,0.0,0.0
PTK-21,SRI,75,reproduktif,-26.41999363290037,0.0,5.459,0.8004140960026838,0.0,0.0
PTK-21,SRI,76,reproduktif,-0.19833724888963467,31.41999363290037,4.976,0.22233724888963438,0.0,0.0
PTK-21,SRI,77,reproduktif,-6.317751344892319,0.0,5.319,0.8004140960026838,0.0,0.0
PTK-21,SRI,78,reproduktif,-12.292165440895003,0.0,5.174,0.8004140960026838,0.0,0.0
PTK-21,SRI,79,reproduktif,-18.127579536897688,0.0,5.035,0.8004140960026838,0.0,0.0
PTK-21,SRI,80,reproduktif,-23.623993632900373,0.0,4.696,0.8004140960026838,0.0,0.0
PTK-21,SRI,81,reproduktif,-30.012407728903057,0.0,5.588,0.8004140960026838,0.0,0.0
PTK-21,SRI,82,reproduktif,-0.19233724888963444,35.01240772890306,4.97,0.22233724888963438,0.0,0.0
PTK-21,SRI,83,reproduktif,-6.021751344892318,0.0,5.029,0.8004140960026838,0.0,0.0
PTK-21,SRI,84,reproduktif,-12.256165440895003,0.0,5.434,0.8004140960026838,0.0,0.0
PTK-21,SRI,85,reproduktif,-18.912579536897688,0.0,5.856,0.8004140960026838,0.0,0.0
PTK-21,SRI,86,reproduktif,-23.989993632900372,0.0,4.277,0.8004140960026838,0.0,0.0
PTK-21,SRI,87,reproduktif,-29.983407728903057,0.0,5.193,0.8004140960026838,0.0,0.0
PTK-21,SRI,88,reproduktif,-0.6843372488896344,34.98340772890306,5.462,0.22233724888963438,0.0,0.0
PTK-21,SRI,89,reproduktif,-7.058751344892318,0.0,5.574,0.8004140960026838,0.0,0.0
PTK-21,SRI,90,reproduktif,-13.188165440895002,0.0,5.329,0.8004140960026838,0.0,0.0
PTK-21,SRI,91,pemasakan,-19.302579536897685,0.0,5.314,0.8004140960026838,0.0,0.0
PTK-21,SRI,92,pemasakan,-25.866993632900368,0.0,5.764,0.8004140960026838,0.0,0.0
PTK-21,SRI,93,pemasakan,-32.90940772890305,0.0,6.242,0.8004140960026838,0.0,0.0
PTK-21,SRI,94,pemasakan,-6.664414096002684,32.90940772890305,5.864,0.8004140960026838,0.0,0.0
PTK-21,SRI,95,pemasakan,-13.839828192005367,0.0,6.375,0.8004140960026838,0.0,0.0
PTK-21,SRI,96,pemasakan,-15.75124228800805,0.0,4.911,0.8004140960026838,0.0,3.8
PTK-21,SRI,97,pemasakan,-17.150656384010734,0.0,4.399,0.8004140960026838,0.0,3.8
PTK-21,SRI,98,pemasakan,-22.70207048001342,0.0,4.751,0.8004140960026838,0.0,0.0
PTK-21,SRI,99,pemasakan,-29.196484576016104,0.0,5.694,0.8004140960026838,0.0,0.0
PTK-21,SRI,100,pemasakan,-35.58989867201879,0.0,5.593,0.8004140960026838,0.0,0.0
PTK-21,SRI,101,pemasakan,-6.844414096002684,35.58989867201879,6.044,0.8004140960026838,0.0,0.0
PTK-21,SRI,102,pemasakan,-13.084828192005368,0.0,5.44,0.8004140960026838,0.0,0.0
PTK-21,SRI,103,pemasakan,-20.277242288008054,0.0,6.392,0.8004140960026838,0.0,0.0
PTK-21,SRI,104,pemasakan,-26.33465638401074,0.0,5.257,0.8004140960026838,0.0,0.0
PTK-21,SRI,105,pemasakan,-32.97007048001342,0.0,5.835,0.8004140960026838,0.0,0.0
PTK-21,SRI,106,pemasakan,-6.466414096002684,32.97007048001342,5.666,0.8004140960026838,0.0,0.0
PTK-21,SRI,107,pemasakan,-13.199828192005368,0.0,5.933,0.8004140960026838,0.0,0.0
PTK-21,SRI,108,pemasakan,-19.98424228800805,0.0,5.984,0.8004140960026838,0.0,0.0
PTK-21,SRI,109,pemasakan,-27.746656384010734,0.0,6.962,0.8004140960026838,0.0,0.0
PTK-21,SRI,110,pemasakan,-33.18007048001342,0.0,4.633,0.8004140960026838,0.0,0.0
PTK-22,FL,1,awal,14.442336053770966,0.0,3.936,1.621663946229034,0.0,0.0
PTK-22,FL,2,awal,10.152305269884762,0.0,3.119,1.171030783886204,0.0,0.0
PTK-22,FL,3,awal,8.914199265779686,0.0,2.896,1.042106004105077,0.0,2.7
PTK-22,FL,4,awal,11.745500147465277,0.0,3.154,1.3146991183144097,0.0,7.3
PTK-22,FL,5,awal,7.916137441486665,0.0,2.877,0.9523627059786122,0.0,0.0
PTK-22,FL,6,awal,10.020230924849596,0.0,3.227,1.1689065166370698,0.0,6.5
PTK-22,FL,7,awal,8.053458726889962,0.0,2.257,0.909772197959632,0.0,1.2
PTK-22,FL,8,awal,35.05706311423314,0.0,3.219,3.377395612656829,0.0,33.6
PTK-22,FL,9,awal,50.0,0.0,2.34,6.312899610581515,19.20416350365163,42.8
PTK-22,FL,10,awal,41.57184013442742,0.0,4.374,4.0541598655725855,0.0,0.0
PTK-22,FL,11,awal,38.40302946573544,0.0,2.371,3.59781066869197,0.0,2.8
PTK-22,FL,12,awal,32.79097241074543,0.0,2.682,3.1300570549900115,0.0,0.2
PTK-22,FL,13,awal,26.906175524730592,0.0,3.226,2.658796886014841,0.0,0.0
PTK-22,FL,14,awal,20.92553678576231,0.0,3.799,2.1816387389682834,0.0,0.0
PTK-22,FL,15,awal,14.949827357714305,0.0,4.279,1.6967094280480064,0.0,0.0
PTK-22,FL,16,awal,10.685647556296617,0.0,3.052,1.2121798014176877,0.0,0.0
PTK-22,FL,17,awal,5.6512210870887865,0.0,4.168,0.8664264692078304,0.0,0.0
PTK-22,FL,18,awal,15.409336053770966,14.348778912911214,2.969,1.621663946229034,0.0,0.0
PTK-22,FL,19,awal,9.570897818084589,0.0,4.589,1.2494382356863778,0.0,0.0
PTK-22,FL,20,awal,6.139883944272787,0.0,3.482,0.8490138738118019,0.0,0.9
PTK-22,FL,21,pertumbuhan,14.137336053770966,13.860116055727213,4.241,1.621663946229034,0.0,0.0
PTK-22,FL,22,pertumbuhan,9.086035645064754,0.0,3.905,1.1463004087062112,0.0,0.0
PTK-22,FL,23,pertumbuhan,13.006336053770966,10.913964354935246,5.372,1.621663946229034,0.0,0.0
PTK-22,FL,24,pertumbuhan,8.218740741224007,0.0,3.733,1.0545953125469594,0.0,0.0
PTK-22,FL,25,pertumbuhan,15.363336053770965,11.781259258775993,3.015,1.621663946229034,0.0,0.0
PTK-22,FL,26,pertumbuhan,9.944627645160914,0.0,4.173,1.245708408610051,0.0,0.0
PTK-22,FL,27,pertumbuhan,14.479336053770966,10.055372354839086,3.899,1.621663946229034,0.0,0.0
PTK-22,FL,28,pertumbuhan,9.75930519158424,0.0,3.546,1.1740308621867277,0.0,0.0
PTK-22,FL,29,pertumbuhan,14.377336053770966,10.24069480841576,4.001,1.621663946229034,0.0,0.0
PTK-22,FL,30,pertumbuhan,9.043575677710006,0.0,4.168,1.1657603760609596,0.0,0.0
PTK-22,FL,31,pertumbuhan,14.971336053770965,10.956424322289994,3.407,1.621663946229034,0.0,0.0
PTK-22,FL,32,pertumbuhan,9.425412258507004,0.0,4.332,1.2139237952639619,0.0,0.0
PTK-22,FL,33,pertumbuhan,13.509336053770966,10.574587741492996,4.869,1.621663946229034,0.0,0.0
PTK-22,FL,34,pertumbuhan,9.6788475732452,0.0,2.827,1.1034884805257648,0.0,0.1
PTK-22,FL,35,pertumbuhan,13.985336053770967,10.3211524267548,4.393,1.621663946229034,0.0,0.0
PTK-22,FL,36,pertumbuhan,27.530588025095916,0.0,3.791,2.76374802867505,0.0,20.1
PTK-22,FL,37,pertumbuhan,21.410319924156774,0.0,3.888,2.232268100939142,0.0,0.0
PTK-22,FL,38,pertumbuhan,15.548302729245064,0.0,4.126,1.7360171949117094,0.0,0.0
PTK-22,FL,39,pertumbuhan,9.242596631191503,0.0,5.045,1.2607060980535607,0.0,0.0
PTK-22,FL,40,pertumbuhan,13.554336053770966,10.757403368808497,4.824,1.621663946229034,0.0,0.0
PTK-22,FL,41,pertumbuhan,8.04930714909733,0.0,4.406,1.099028904673635,0.0,0.0
PTK-22,FL,42,pertumbuhan,14.303336053770966,11.95069285090267,4.075,1.621663946229034,0.0,0.0
PTK-22,FL,43,pertumbuhan,10.575925915924183,0.0,3.119,1.2084101378467833,0.0,0.6
PTK-22,FL,44,pertumbuhan,10.854113483725586,0.0,4.194,1.327812432198596,0.0,5.8
PTK-22,FL,45,pertumbuhan,50.0,0.0,3.204,5.574803349574864,9.975310134150725,57.9
PTK-22,FL,46,pertumbuhan,41.01384013442741,0.0,4.932,4.0541598655725855,0.0,0.0
PTK-22,FL,47,pertumbuhan,32.702306842307294,0.0,4.986,3.325533292120115,0.0,0.0
PTK-22,FL,48,pertumbuhan,25.340699244072855,0.0,4.71,2.6516075982344396,0.0,0.0
PTK-22,FL,49,pertumbuhan,18.44299432725554,0.0,4.843,2.0547049168173146,0.0,0.0
PTK-22,FL,50,pertumbuhan,12.244577379204696,0.0,4.703,1.4954169480508455,0.0,0.0
PTK-22,FL,51,reproduktif,9.5735815009484,0.0,3.516,1.154995878256296,0.0,2.0
PTK-22,FL,52,reproduktif,4.254324903129737,0.0,4.543,0.7762565978186631,0.0,0.0
PTK-22,FL,53,reproduktif,5.886168026885483,5.745675096870263,3.303,0.810831973114517,0.0,0.0
PTK-22,FL,54,reproduktif,0.9448987033531688,0.0,4.464,0.477269323532314,0.0,0.0
PTK-22,FL,55,reproduktif,7.745043165730444,0.0,3.507,0.9928555376227242,0.0,11.3
PTK-22,FL,56,reproduktif,2.528050302537812,0.0,4.589,0.6279928631926321,0.0,0.0
PTK-22,FL,57,reproduktif,3.634168026885483,7.471949697462188,5.555,0.810831973114517,0.0,0.0
PTK-22,FL,58,reproduktif,4.3641680268854826,6.365831973114517,4.825,0.810831973114517,0.0,0.0
PTK-22,FL,59,reproduktif,4.779168026885483,5.6358319731145174,4.41,0.810831973114517,0.0,0.0
PTK-22,FL,60,reproduktif,11.433226156114946,0.0,4.353,1.3929418707705383,0.0,12.4
PTK-22,FL,61,reproduktif,6.400183623792228,0.0,4.106,0.9270425323227187,0.0,0.0
PTK-22,FL,62,reproduktif,1.8352362721947602,0.0,4.046,0.5189473515974672,0.0,0.0
PTK-22,FL,63,reproduktif,4.045168026885483,8.16476372780524,5.144,0.810831973114517,0.0,0.0
PTK-22,FL,64,reproduktif,4.021168026885483,5.954831973114517,5.168,0.810831973114517,0.0,0.0
PTK-22,FL,65,reproduktif,3.4311680268854827,5.978831973114517,5.758,0.810831973114517,0.0,0.0
PTK-22,FL,66,reproduktif,4.1191680268854824,6.568831973114517,5.07,0.810831973114517,0.0,0.0
PTK-22,FL,67,reproduktif,4.861168026885482,5.8808319731145176,4.328,0.810831973114517,0.0,0.0
PTK-22,FL,68,reproduktif,3.748168026885483,5.138831973114518,5.441,0.810831973114517,0.0,0.0
PTK-22,FL,69,reproduktif,3.488168026885483,6.251831973114517,5.701,0.810831973114517,0.0,0.0
PTK-22,FL,70,reproduktif,4.327168026885483,6.511831973114517,4.862,0.810831973114517,0.0,0.0
PTK-22,FL,71,reproduktif,2.5921680268854823,5.672831973114517,6.597,0.810831973114517,0.0,0.0
PTK-22,FL,72,reproduktif,3.748168026885483,7.407831973114518,5.441,0.810831973114517,0.0,0.0
PTK-22,FL,73,reproduktif,3.2331680268854823,6.251831973114517,5.956,0.810831973114517,0.0,0.0
PTK-22,FL,74,reproduktif,3.099168026885483,6.766831973114518,6.09,0.810831973114517,0.0,0.0
PTK-22,FL,75,reproduktif,3.355168026885483,6.900831973114517,5.834,0.810831973114517,0.0,0.0
PTK-22,FL,76,reproduktif,3.8721680268854826,6.644831973114517,5.317,0.810831973114517,0.0,0.0
PTK-22,FL,77,reproduktif,3.5051680268854826,6.127831973114517,5.684,0.810831973114517,0.0,0.0
PTK-22,FL,78,reproduktif,3.6591680268854825,6.494831973114517,5.53,0.810831973114517,0.0,0.0
PTK-22,FL,79,reproduktif,3.809168026885483,6.3408319731145175,5.38,0.810831973114517,0.0,0.0
PTK-22,FL,80,reproduktif,4.171168026885483,6.190831973114517,5.018,0.810831973114517,0.0,0.0
PTK-22,FL,81,reproduktif,3.2181680268854826,5.828831973114517,5.971,0.810831973114517,0.0,0.0
PTK-22,FL,82,reproduktif,3.8771680268854825,6.781831973114517,5.312,0.810831973114517,0.0,0.0
PTK-22,FL,83,reproduktif,3.815168026885483,6.1228319731145175,5.374,0.810831973114517,0.0,0.0
PTK-22,FL,84,reproduktif,3.3831680268854827,6.184831973114517,5.806,0.810831973114517,0.0,0.0
PTK-22,FL,85,reproduktif,2.9311680268854827,6.616831973114517,6.258,0.810831973114517,0.0,0.0
PTK-22,FL,86,reproduktif,4.6191680268854824,7.068831973114517,4.57,0.810831973114517,0.0,0.0
PTK-22,FL,87,reproduktif,3.6401680268854824,5.3808319731145176,5.549,0.810831973114517,0.0,0.0
PTK-22,FL,88,reproduktif,3.352168026885483,6.359831973114518,5.837,0.810831973114517,0.0,0.0
PTK-22,FL,89,reproduktif,3.232168026885483,6.647831973114517,5.957,0.810831973114517,0.0,0.0
PTK-22,FL,90,reproduktif,3.4941680268854824,6.767831973114517,5.695,0.810831973114517,0.0,0.0
PTK-22,FL,91,pemasakan,-2.155150288677839,0.0,5.366,0.2833183155633215,0.0,0.0
PTK-22,FL,92,pemasakan,3.370168026885483,12.155150288677838,5.819,0.810831973114517,0.0,0.0
PTK-22,FL,93,pemasakan,-3.2050959722112182,0.0,6.302,0.27326399909670146,0.0,0.0
PTK-22,FL,94,pemasakan,3.269168026885483,13.205095972211218,5.92,0.810831973114517,0.0,0.0
PTK-22,FL,95,pemasakan,-3.4329065692827623,0.0,6.437,0.26507459616824486,0.0,0.0
PTK-22,FL,96,pemasakan,-4.620671678357346,0.0,4.958,0.0297651090745835,0.0,3.8
PTK-22,FL,97,pemasakan,4.747168026885483,10.820671678357346,4.442,0.810831973114517,0.0,3.8
PTK-22,FL,98,pemasakan,-0.433747534909088,0.0,4.796,0.3849155617945705,0.0,0.0
PTK-22,FL,99,pemasakan,3.440168026885483,10.433747534909088,5.749,0.810831973114517,0.0,0.0
PTK-22,FL,100,pemasakan,-2.4857717960230206,0.0,5.647,0.2789398229085031,0.0,0.0
PTK-22,FL,101,pemasakan,3.086168026885483,12.48577179602302,6.103,0.810831973114517,0.0,0.0
PTK-22,FL,102,pemasakan,-2.6570683441747667,0.0,5.493,0.2502363710602492,0.0,0.0
PTK-22,FL,103,pemasakan,2.7361680268854824,12.657068344174768,6.453,0.810831973114517,0.0,0.0
PTK-22,FL,104,pemasakan,-2.7936892251157586,0.0,5.308,0.22185725200124107,0.0,0.0
PTK-22,FL,105,pemasakan,3.2971680268854824,12.79368922511576,5.892,0.810831973114517,0.0,0.0
PTK-22,FL,106,pemasakan,-2.690176898807483,0.0,5.72,0.2673449256929655,0.0,0.0
PTK-22,FL,107,pemasakan,3.1991680268854825,12.690176898807483,5.99,0.810831973114517,0.0,0.0
PTK-22,FL,108,pemasakan,-3.10223074547096,0.0,6.042,0.2593987723564432,0.0,0.0
PTK-22,FL,109,pemasakan,2.160168026885483,13.10223074547096,7.029,0.810831973114517,0.0,0.0
PTK-22,FL,110,pemasakan,-2.6929853034643623,0.0,4.678,0.17515333034984493,0.0,0.0
PTK-22,SRI,1,awal,14.481336053770967,0.0,3.897,1.621663946229034,0.0,0.0
PTK-22,SRI,2,awal,10.219143025189616,0.0,3.088,1.1741930285813507,0.0,0.0
PTK-22,SRI,3,awal,9.004617602183302,0.0,2.867,1.0475254230063147,0.0,2.7
PTK-22,SRI,4,awal,11.859587076057705,0.0,3.123,1.3220305261255973,0.0,7.3
PTK-22,SRI,5,awal,8.048973837137375,0.0,2.849,0.9616132389203296,0.0,0.0
PTK-22,SRI,6,awal,10.174296520821617,0.0,3.195,1.1796773163157583,0.0,6.5
PTK-22,SRI,7,awal,8.217032191744877,0.0,2.235,0.9222643290767378,0.0,1.2
PTK-22,SRI,8,awal,35.2393735195623,0.0,3.187,3.3906586721825778,0.0,33.6
PTK-22,SRI,9,awal,40.0,0.0,2.317,6.327681921148749,29.39469159841356,42.8
PTK-22,SRI,10,awal,32.42567210754193,0.0,4.331,3.243327892458068,0.0,0.0
PTK-22,SRI,11,awal,30.021461985617602,0.0,2.348,2.856210121924323,0.0,2.8
PTK-22,SRI,12,awal,25.11600922039723,0.0,2.655,2.450452765220369,0.0,0.2
PTK-22,SRI,13,awal,19.885522889103523,0.0,3.194,2.036486331293709,0.0,0.0
PTK-22,SRI,14,awal,14.512141113044953,0.0,3.761,1.6123817760585701,0.0,0.0
PTK-22,SRI,15,awal,9.0984503117643,0.0,4.237,1.1766908012806543,0.0,0.0
PTK-22,SRI,16,awal,5.338718869907076,0.0,3.022,0.737731441857224,0.0,0.0
PTK-22,SRI,17,awal,0.7788384743880306,0.0,4.127,0.43288039551904595,0.0,0.0
PTK-22,SRI,18,awal,-2.224312239304524,0.0,2.94,0.0631507136925547,0.0,0.0
PTK-22,SRI,19,awal,4.645168026885483,12.224312239304524,4.544,0.810831973114517,0.0,0.0
PTK-22,SRI,20,awal,1.6475480736363743,0.0,3.448,0.44961995324910903,0.0,0.9
PTK-22,SRI,21,pertumbuhan,-2.478040391898386,0.0,3.992,0.1335884655347603,0.0,0.0
PTK-22,SRI,22,pertumbuhan,-8.099037127373228,0.0,3.675,1.9459967354748409,0.0,0.0
PTK-22,SRI,23,pertumbuhan,-15.10103386284807,0.0,5.056,1.9459967354748409,0.0,0.0
PTK-22,SRI,24,pertumbuhan,-20.56103059832291,0.0,3.514,1.9459967354748409,0.0,0.0
PTK-22,SRI,25,pertumbuhan,6.351168026885483,30.56103059832291,2.838,0.810831973114517,0.0,0.0
PTK-22,SRI,26,pertumbuhan,1.909195016603344,0.0,3.927,0.514973010282139,0.0,0.0
PTK-22,SRI,27,pertumbuhan,-1.9156086196339452,0.0,3.67,0.15480363623728927,0.0,0.0
PTK-22,SRI,28,pertumbuhan,-7.198605355108786,0.0,3.337,1.9459967354748409,0.0,0.0
PTK-22,SRI,29,pertumbuhan,-12.910602090583627,0.0,3.766,1.9459967354748409,0.0,0.0
PTK-22,SRI,30,pertumbuhan,-18.779598826058468,0.0,3.923,1.9459967354748409,0.0,0.0
PTK-22,SRI,31,pertumbuhan,-23.931595561533307,0.0,3.206,1.9459967354748409,0.0,0.0
PTK-22,SRI,32,pertumbuhan,5.112168026885483,33.93159556153331,4.077,0.810831973114517,0.0,0.0
PTK-22,SRI,33,pertumbuhan,0.11465709807223234,0.0,4.583,0.41451092881325036,0.0,0.0
PTK-22,SRI,34,pertumbuhan,-2.463747985765062,0.0,2.661,0.017405083837294454,0.0,0.1
PTK-22,SRI,35,pertumbuhan,-8.544744721239903,0.0,4.135,1.9459967354748409,0.0,0.0
PTK-22,SRI,36,pertumbuhan,7.050318235008199,0.0,3.568,0.936937043751899,0.0,20.1
PTK-22,SRI,37,pertumbuhan,2.8186558904505032,0.0,3.66,0.5716623445576958,0.0,0.0
PTK-22,SRI,38,pertumbuhan,-1.292889741267981,0.0,3.883,0.22854563171848377,0.0,0.0
PTK-22,SRI,39,pertumbuhan,-7.986886476742822,0.0,4.748,1.9459967354748409,0.0,0.0
PTK-22,SRI,40,pertumbuhan,-14.472883212217663,0.0,4.54,1.9459967354748409,0.0,0.0
PTK-22,SRI,41,pertumbuhan,-20.565879947692505,0.0,4.147,1.9459967354748409,0.0,0.0
PTK-22,SRI,42,pertumbuhan,5.354168026885483,30.565879947692505,3.835,0.810831973114517,0.0,0.0
PTK-22,SRI,43,pertumbuhan,2.53538504593599,0.0,2.936,0.4827829809494927,0.0,0.6
PTK-22,SRI,44,pertumbuhan,3.7115253755894377,0.0,3.948,0.6758596703465518,0.0,5.8
PTK-22,SRI,45,pertumbuhan,40.0,0.0,3.015,4.995659468688432,13.600865906901006,57.9
PTK-22,SRI,46,pertumbuhan,32.114672107541935,0.0,4.642,3.243327892458068,0.0,0.0
PTK-22,SRI,47,pertumbuhan,24.818711812453536,0.0,4.692,2.6039602950883975,0.0,0.0
PTK-22,SRI,48,pertumbuhan,18.37333130554831,0.0,4.433,2.0123805069052274,0.0,0.0
PTK-22,SRI,49,pertumbuhan,12.325562858031862,0.0,4.558,1.489768447516446,0.0,0.0
PTK-22,SRI,50,pertumbuhan,6.899166812839365,0.0,4.427,0.9993960451924981,0.0,0.0
PTK-22,SRI,51,reproduktif,4.886593914246388,0.0,3.291,0.721572898592977,0.0,2.0
PTK-22,SRI,52,reproduktif,0.23937325571660928,0.0,4.251,0.39622065852977906,0.0,0.0
PTK-22,SRI,53,reproduktif,-2.8710358932077455,0.0,3.091,0.019409148924354417,0.0,0.0
PTK-22,SRI,54,reproduktif,-8.507533444813875,0.0,4.177,1.4594975516061308,0.0,0.0
PTK-22,SRI,55,reproduktif,-0.7149555614936611,0.0,3.281,0.22642211667978648,0.0,11.3
PTK-22,SRI,56,reproduktif,-6.468453113099792,0.0,4.294,1.4594975516061308,0.0,0.0
PTK-22,SRI,57,reproduktif,-13.125950664705922,0.0,5.198,1.4594975516061308,0.0,0.0
PTK-22,SRI,58,reproduktif,-19.10144821631205,0.0,4.516,1.4594975516061308,0.0,0.0
PTK-22,SRI,59,reproduktif,-24.68794576791818,0.0,4.127,1.4594975516061308,0.0,0.0
PTK-22,SRI,60,reproduktif,-17.82144331952431,0.0,4.074,1.4594975516061308,0.0,12.4
PTK-22,SRI,61,reproduktif,-23.12294087113044,0.0,3.842,1.4594975516061308,0.0,0.0
PTK-22,SRI,62,reproduktif,-28.36843842273657,0.0,3.786,1.4594975516061308,0.0,0.0
PTK-22,SRI,63,reproduktif,-0.21841598655725836,33.368438422736574,4.813,0.4054159865572585,0.0,0.0
PTK-22,SRI,64,reproduktif,-6.513913538163389,0.0,4.836,1.4594975516061308,0.0,0.0
PTK-22,SRI,65,reproduktif,-13.36241108976952,0.0,5.389,1.4594975516061308,0.0,0.0
PTK-22,SRI,66,reproduktif,-19.56590864137565,0.0,4.744,1.4594975516061308,0.0,0.0
PTK-22,SRI,67,reproduktif,-25.07540619298178,0.0,4.05,1.4594975516061308,0.0,0.0
PTK-22,SRI,68,reproduktif,-0.49741598655725827,30.07540619298178,5.092,0.4054159865572585,0.0,0.0
PTK-22,SRI,69,reproduktif,-7.2919135381633895,0.0,5.335,1.4594975516061308,0.0,0.0
PTK-22,SRI,70,reproduktif,-13.30141108976952,0.0,4.55,1.4594975516061308,0.0,0.0
PTK-22,SRI,71,reproduktif,-20.933908641375652,0.0,6.173,1.4594975516061308,0.0,0.0
PTK-22,SRI,72,reproduktif,-27.485406192981785,0.0,5.092,1.4594975516061308,0.0,0.0
PTK-22,SRI,73,reproduktif,-0.978415986557259,32.485406192981785,5.573,0.4054159865572585,0.0,0.0
PTK-22,SRI,74,reproduktif,-8.13691353816339,0.0,5.699,1.4594975516061308,0.0,0.0
PTK-22,SRI,75,reproduktif,-15.05541108976952,0.0,5.459,1.4594975516061308,0.0,0.0
PTK-22,SRI,76,reproduktif,-21.49090864137565,0.0,4.976,1.4594975516061308,0.0,0.0
PTK-22,SRI,77,reproduktif,-28.269406192981783,0.0,5.319,1.4594975516061308,0.0,0.0
PTK-22,SRI,78,reproduktif,-0.579415986557259,33.26940619298178,5.174,0.4054159865572585,0.0,0.0
PTK-22,SRI,79,reproduktif,-7.0739135381633895,0.0,5.035,1.4594975516061308,0.0,0.0
PTK-22,SRI,80,reproduktif,-13.22941108976952,0.0,4.696,1.4594975516061308,0.0,0.0
PTK-22,SRI,81,reproduktif,-20.276908641375652,0.0,5.588,1.4594975516061308,0.0,0.0
PTK-22,SRI,82,reproduktif,-26.70640619298178,0.0,4.97,1.4594975516061308,0.0,0.0
PTK-22,SRI,83,reproduktif,-0.43441598655725855,31.70640619298178,5.029,0.4054159865572585,0.0,0.0
PTK-22,SRI,84,reproduktif,-7.32791353816339,0.0,5.434,1.4594975516061308,0.0,0.0
PTK-22,SRI,85,reproduktif,-14.64341108976952,0.0,5.856,1.4594975516061308,0.0,0.0
PTK-22,SRI,86,reproduktif,-20.37990864137565,0.0,4.277,1.4594975516061308,0.0,0.0
PTK-22,SRI,87,reproduktif,-27.03240619298178,0.0,5.193,1.4594975516061308,0.0,0.0
PTK-22,SRI,88,reproduktif,-0.8674159865572584,32.03240619298178,5.462,0.4054159865572585,0.0,0.0
PTK-22,SRI,89,reproduktif,-7.900913538163389,0.0,5.574,1.4594975516061308,0.0,0.0
PTK-22,SRI,90,reproduktif,-14.68941108976952,0.0,5.329,1.4594975516061308,0.0,0.0
PTK-22,SRI,91,pemasakan,-21.46290864137565,0.0,5.314,1.4594975516061308,0.0,0.0
PTK-22,SRI,92,pemasakan,-28.686406192981778,0.0,5.764,1.4594975516061308,0.0,0.0
PTK-22,SRI,93,pemasakan,-36.38790374458791,0.0,6.242,1.4594975516061308,0.0,0.0
PTK-22,SRI,94,pemasakan,-7.323497551606131,36.38790374458791,5.864,1.4594975516061308,0.0,0.0
PTK-22,SRI,95,pemasakan,-15.157995103212262,0.0,6.375,1.4594975516061308,0.0,0.0
PTK-22,SRI,96,pemasakan,-17.72849265481839,0.0,4.911,1.4594975516061308,0.0,3.8
PTK-22,SRI,97,pemasakan,-19.78699020642452,0.0,4.399,1.4594975516061308,0.0,3.8
PTK-22,SRI,98,pemasakan,-25.99748775803065,0.0,4.751,1.4594975516061308,0.0,0.0
PTK-22,SRI,99,pemasakan,-33.15098530963678,0.0,5.694,1.4594975516061308,0.0,0.0
PTK-22,SRI,100,pemasakan,-7.05249755160613,33.15098530963678,5.593,1.4594975516061308,0.0,0.0
PTK-22,SRI,101,pemasakan,-14.555995103212261,0.0,6.044,1.4594975516061308,0.0,0.0
PTK-22,SRI,102,pemasakan,-21.455492654818393,0.0,5.44,1.4594975516061308,0.0,0.0
PTK-22,SRI,103,pemasakan,-29.306990206424523,0.0,6.392,1.4594975516061308,0.0,0.0
PTK-22,SRI,104,pemasakan,-36.023487758030655,0.0,5.257,1.4594975516061308,0.0,0.0
PTK-22,SRI,105,pemasakan,-7.294497551606131,36.023487758030655,5.835,1.4594975516061308,0.0,0.0
PTK-22,SRI,106,pemasakan,-14.419995103212262,0.0,5.666,1.4594975516061308,0.0,0.0
PTK-22,SRI,107,pemasakan,-21.812492654818392,0.0,5.933,1.4594975516061308,0.0,0.0
PTK-22,SRI,108,pemasakan,-29.25599020642452,0.0,5.984,1.4594975516061308,0.0,0.0
PTK-22,SRI,109,pemasakan,-37.67748775803065,0.0,6.962,1.4594975516061308,0.0,0.0
PTK-22,SRI,110,pemasakan,-6.092497551606131,37.67748775803065,4.633,1.4594975516061308,0.0,0.0
PTK-23,FL,1,awal,14.573599833341062,0.0,3.936,1.4904001666589384,0.0,0.0
PTK-23,FL,2,awal,10.368575052319452,0.0,3.119,1.0860247810216097,0.0,0.0
PTK-23,FL,3,awal,9.198704730520866,0.0,2.896,0.9738703217985878,0.0,2.7
PTK-23,FL,4,awal,12.11522111651962,0.0,3.154,1.2294836140012457,0.0,7.3
PTK-23,FL,5,awal,8.335394737961085,0.0,2.877,0.9028263785585366,0.0,0.0
PTK-23,FL,6,awal,10.502860998465668,0.0,3.227,1.105533739495417,0.0,6.5
PTK-23,FL,7,awal,8.573763699340686,0.0,2.257,0.872097299124981,0.0,1.2
PTK-23,FL,8,awal,35.811974477034084,0.0,3.219,3.1427892223066025,0.0,33.6
PTK-23,FL,9,awal,50.0,0.0,2.34,5.85816499309799,20.41380948393609,42.8
PTK-23,FL,10,awal,41.89999958335265,0.0,4.374,3.726000416647346,0.0,0.0
PTK-23,FL,11,awal,38.99795524191849,0.0,2.371,3.331044341434163,0.0,2.8
PTK-23,FL,12,awal,33.59492329065625,0.0,2.682,2.9210319512622465,0.0,0.2
PTK-23,FL,13,awal,27.86542932709183,0.0,3.226,2.503493963564416,0.0,0.0
PTK-23,FL,14,awal,21.989897301435803,0.0,3.799,2.076532025656027,0.0,0.0
PTK-23,FL,15,awal,16.07220997129216,0.0,4.279,1.638687330143643,0.0,0.0
PTK-23,FL,16,awal,11.822508750302596,0.0,3.052,1.1977012209895643,0.0,0.0
PTK-23,FL,17,awal,6.773495299713709,0.0,4.168,0.8810134505888874,0.0,0.0
PTK-23,FL,18,awal,15.540599833341062,13.226504700286291,2.969,1.4904001666589384,0.0,0.0
PTK-23,FL,19,awal,9.793514204261491,0.0,4.589,1.1580856290795694,0.0,0.0
PTK-23,FL,20,awal,6.414633436651439,0.0,3.482,0.7968807676100526,0.0,0.9
PTK-23,FL,21,pertumbuhan,14.268599833341062,13.585366563348561,4.241,1.4904001666589384,0.0,0.0
PTK-23,FL,22,pertumbuhan,9.300303654861,0.0,3.905,1.063296178480061,0.0,0.0
PTK-23,FL,23,pertumbuhan,13.137599833341062,10.699696345139,5.372,1.4904001666589384,0.0,0.0
PTK-23,FL,24,pertumbuhan,8.425585784285563,0.0,3.733,0.9790140490554979,0.0,0.0
PTK-23,FL,25,pertumbuhan,15.494599833341061,11.574414215714437,3.015,1.4904001666589384,0.0,0.0
PTK-23,FL,26,pertumbuhan,10.166942124644807,0.0,4.173,1.1546577086962537,0.0,0.0
PTK-23,FL,27,pertumbuhan,5.510301512795687,0.0,3.899,0.7576406118491201,0.0,0.0
PTK-23,FL,28,pertumbuhan,14.963599833341062,14.489698487204313,3.546,1.4904001666589384,0.0,0.0
PTK-23,FL,29,pertumbuhan,9.847512249069602,0.0,4.001,1.1150875842714592,0.0,0.0
PTK-23,FL,30,pertumbuhan,14.34159983334106,10.152487750930398,4.168,1.4904001666589384,0.0,0.0
PTK-23,FL,31,pertumbuhan,9.865863694252695,0.0,3.407,1.068736139088366,0.0,0.0
PTK-23,FL,32,pertumbuhan,14.177599833341063,10.134136305747305,4.332,1.4904001666589384,0.0,0.0
PTK-23,FL,33,pertumbuhan,8.2520849756193,0.0,4.869,1.056514857721763,0.0,0.0
PTK-23,FL,34,pertumbuhan,15.682599833341062,11.6479150243807,2.827,1.4904001666589384,0.0,0.1
PTK-23,FL,35,pertumbuhan,10.120932363078214,0.0,4.393,1.168667470262848,0.0,0.0
PTK-23,FL,36,pertumbuhan,24.177868231552203,0.0,3.791,2.252064131526014,0.0,20.1
PTK-23,FL,37,pertumbuhan,18.48813328946404,0.0,3.888,1.8017349420881628,0.0,0.0
PTK-23,FL,38,pertumbuhan,12.984397442672547,0.0,4.126,1.3777358467914937,0.0,0.0
PTK-23,FL,39,pertumbuhan,6.971800037046294,0.0,5.045,0.9675974056262528,0.0,0.0
PTK-23,FL,40,pertumbuhan,13.685599833341062,13.028199962953707,4.824,1.4904001666589384,0.0,0.0
PTK-23,FL,41,pertumbuhan,8.259748819719109,0.0,4.406,1.019851013621953,0.0,0.0
PTK-23,FL,42,pertumbuhan,14.43459983334106,11.740251180280891,4.075,1.4904001666589384,0.0,0.0
PTK-23,FL,43,pertumbuhan,10.795221328477961,0.0,3.119,1.120378504863098,0.0,0.6
PTK-23,FL,44,pertumbuhan,11.164545296792685,0.0,4.194,1.236676031685276,0.0,5.8
PTK-23,FL,45,pertumbuhan,50.0,0.0,3.204,5.146690491028181,10.713854805764505,57.9
PTK-23,FL,46,pertumbuhan,41.34199958335265,0.0,4.932,3.726000416647346,0.0,0.0
PTK-23,FL,47,pertumbuhan,33.275193429900526,0.0,4.986,3.080806153452128,0.0,0.0
PTK-23,FL,48,pertumbuhan,26.085525738223918,0.0,4.71,2.4796676916766076,0.0,0.0
PTK-23,FL,49,pertumbuhan,19.29863214284217,0.0,4.843,1.9438935953817478,0.0,0.0
PTK-23,FL,50,pertumbuhan,13.157497914743093,0.0,4.703,1.4381342280990757,0.0,0.0
PTK-23,FL,51,reproduktif,10.511961043829812,0.0,3.516,1.129536870913281,0.0,2.0
PTK-23,FL,52,reproduktif,5.185609619248001,0.0,4.543,0.783351424581811,0.0,0.0
PTK-23,FL,53,reproduktif,1.4961779472102301,0.0,3.303,0.38643167203777073,0.0,0.0
PTK-23,FL,54,reproduktif,4.79079991667053,8.50382205278977,4.464,0.7452000833294692,0.0,0.0
PTK-23,FL,55,reproduktif,11.384713372796462,0.0,3.507,1.1990865438740694,0.0,11.3
PTK-23,FL,56,reproduktif,5.947324437387457,0.0,4.589,0.8483889354090045,0.0,0.0
PTK-23,FL,57,reproduktif,-0.05087022924539486,0.0,5.555,0.4431946666328521,0.0,0.0
PTK-23,FL,58,reproduktif,4.429799916670531,10.050870229245394,4.825,0.7452000833294692,0.0,0.0
PTK-23,FL,59,reproduktif,4.844799916670531,5.570200083329469,4.41,0.7452000833294692,0.0,0.0
PTK-23,FL,60,reproduktif,11.60671728318024,0.0,4.353,1.2850826334902903,0.0,12.4
PTK-23,FL,61,reproduktif,6.63578461451949,0.0,4.106,0.8649326686607505,0.0,0.0
PTK-23,FL,62,reproduktif,2.0952858897498556,0.0,4.046,0.4944987247696333,0.0,0.0
PTK-23,FL,63,reproduktif,4.110799916670531,7.904714110250144,5.144,0.7452000833294692,0.0,0.0
PTK-23,FL,64,reproduktif,4.086799916670531,5.889200083329469,5.168,0.7452000833294692,0.0,0.0
PTK-23,FL,65,reproduktif,3.496799916670531,5.913200083329469,5.758,0.7452000833294692,0.0,0.0
PTK-23,FL,66,reproduktif,4.1847999166705305,6.503200083329469,5.07,0.7452000833294692,0.0,0.0
PTK-23,FL,67,reproduktif,4.9267999166705305,5.8152000833294695,4.328,0.7452000833294692,0.0,0.0
PTK-23,FL,68,reproduktif,3.813799916670531,5.0732000833294695,5.441,0.7452000833294692,0.0,0.0
PTK-23,FL,69,reproduktif,3.553799916670531,6.186200083329469,5.701,0.7452000833294692,0.0,0.0
PTK-23,FL,70,reproduktif,4.392799916670531,6.446200083329469,4.862,0.7452000833294692,0.0,0.0
PTK-23,FL,71,reproduktif,2.6577999166705304,5.607200083329469,6.597,0.7452000833294692,0.0,0.0
PTK-23,FL,72,reproduktif,3.813799916670531,7.34220008332947,5.441,0.7452000833294692,0.0,0.0
PTK-23,FL,73,reproduktif,3.2987999166705304,6.186200083329469,5.956,0.7452000833294692,0.0,0.0
PTK-23,FL,74,reproduktif,3.164799916670531,6.70120008332947,6.09,0.7452000833294692,0.0,0.0
PTK-23,FL,75,reproduktif,3.420799916670531,6.835200083329469,5.834,0.7452000833294692,0.0,0.0
PTK-23,FL,76,reproduktif,3.9377999166705306,6.579200083329469,5.317,0.7452000833294692,0.0,0.0
PTK-23,FL,77,reproduktif,3.5707999166705306,6.062200083329469,5.684,0.7452000833294692,0.0,0.0
PTK-23,FL,78,reproduktif,3.7247999166705306,6.429200083329469,5.53,0.7452000833294692,0.0,0.0
PTK-23,FL,79,reproduktif,3.874799916670531,6.275200083329469,5.38,0.7452000833294692,0.0,0.0
PTK-23,FL,80,reproduktif,4.236799916670531,6.125200083329469,5.018,0.7452000833294692,0.0,0.0
PTK-23,FL,81,reproduktif,3.2837999166705307,5.763200083329469,5.971,0.7452000833294692,0.0,0.0
PTK-23,FL,82,reproduktif,3.9427999166705305,6.716200083329469,5.312,0.7452000833294692,0.0,0.0
PTK-23,FL,83,reproduktif,3.880799916670531,6.0572000833294695,5.374,0.7452000833294692,0.0,0.0
PTK-23,FL,84,reproduktif,3.4487999166705308,6.119200083329469,5.806,0.7452000833294692,0.0,0.0
PTK-23,FL,85,reproduktif,2.996799916670531,6.551200083329469,6.258,0.7452000833294692,0.0,0.0
PTK-23,FL,86,reproduktif,4.6847999166705305,7.003200083329469,4.57,0.7452000833294692,0.0,0.0
PTK-23,FL,87,reproduktif,3.7057999166705304,5.3152000833294695,5.549,0.7452000833294692,0.0,0.0
PTK-23,FL,88,reproduktif,3.417799916670531,6.29420008332947,5.837,0.7452000833294692,0.0,0.0
PTK-23,FL,89,reproduktif,3.297799916670531,6.582200083329469,5.957,0.7452000833294692,0.0,0.0
PTK-23,FL,90,reproduktif,3.5597999166705305,6.702200083329469,5.695,0.7452000833294692,0.0,0.0
PTK-23,FL,91,pemasakan,-2.0714764027833805,0.0,5.366,0.26527631945391167,0.0,0.0
PTK-23,FL,92,pemasakan,3.435799916670531,12.07147640278338,5.819,0.7452000833294692,0.0,0.0
PTK-23,FL,93,pemasakan,-3.122235921750095,0.0,6.302,0.25603583842062627,0.0,0.0
PTK-23,FL,94,pemasakan,3.334799916670531,13.122235921750095,5.92,0.7452000833294692,0.0,0.0
PTK-23,FL,95,pemasakan,-3.3507094009084684,0.0,6.437,0.24850931757899866,0.0,0.0
PTK-23,FL,96,pemasakan,-4.542190540096684,0.0,4.958,0.03348113918821564,0.0,3.8
PTK-23,FL,97,pemasakan,4.812799916670531,10.742190540096685,4.442,0.7452000833294692,0.0,3.8
PTK-23,FL,98,pemasakan,-0.3418499732245639,0.0,4.796,0.35864988989509416,0.0,0.0
PTK-23,FL,99,pemasakan,3.505799916670531,10.341849973224564,5.749,0.7452000833294692,0.0,0.0
PTK-23,FL,100,pemasakan,-2.402452322333402,0.0,5.647,0.2612522390039326,0.0,0.0
PTK-23,FL,101,pemasakan,3.151799916670531,12.402452322333403,6.103,0.7452000833294692,0.0,0.0
PTK-23,FL,102,pemasakan,-2.5760722393835387,0.0,5.493,0.2348721560540694,0.0,0.0
PTK-23,FL,103,pemasakan,2.8017999166705305,12.576072239383539,6.453,0.7452000833294692,0.0,0.0
PTK-23,FL,104,pemasakan,-2.714990236467007,0.0,5.308,0.2087901531375379,0.0,0.0
PTK-23,FL,105,pemasakan,3.3627999166705305,12.714990236467006,5.892,0.7452000833294692,0.0,0.0
PTK-23,FL,106,pemasakan,-2.6077959611417905,0.0,5.72,0.2505958778123211,0.0,0.0
PTK-23,FL,107,pemasakan,3.2647999166705306,12.60779596114179,5.99,0.7452000833294692,0.0,0.0
PTK-23,FL,108,pemasakan,-3.0204930003251613,0.0,6.042,0.24329291699569236,0.0,0.0
PTK-23,FL,109,pemasakan,2.225799916670531,13.02049300032516,7.029,0.7452000833294692,0.0,0.0
PTK-23,FL,110,pemasakan,-2.61806671166723,0.0,4.678,0.16586662833776053,0.0,0.0
PTK-23,SRI,1,awal,14.612599833341061,0.0,3.897,1.4904001666589384,0.0,0.0
PTK-23,SRI,2,awal,10.435668771994466,0.0,3.088,1.0889310613465946,0.0,0.0
PTK-23,SRI,3,awal,9.28979862564661,0.0,2.867,0.9788701463478583,0.0,2.7
PTK-23,SRI,4,awal,12.230526693821512,0.0,3.123,1.2362719318250965,0.0,7.3
PTK-23,SRI,5,awal,8.470107742681602,0.0,2.849,0.9114189511399088,0.0,0.0
PTK-23,SRI,6,awal,10.659535188951857,0.0,3.195,1.115572553729746,0.0,6.5
PTK-23,SRI,7,awal,8.740762527846286,0.0,2.235,0.8837726611055695,0.0,1.2
PTK-23,SRI,8,awal,35.998528551447855,0.0,3.187,3.155233976398432,0.0,33.6
PTK-23,SRI,9,awal,40.0,0.0,2.317,5.872067004277849,30.60946154717,42.8
PTK-23,SRI,10,awal,32.688199666682124,0.0,4.331,2.9808003333178767,0.0,0.0
PTK-23,SRI,11,awal,30.495618731799684,0.0,2.348,2.644580934882436,0.0,2.8
PTK-23,SRI,12,awal,25.753180968121008,0.0,2.655,2.287437763678674,0.0,0.2
PTK-23,SRI,13,awal,20.64005370777674,0.0,3.194,1.9191272603442675,0.0,0.0
PTK-23,SRI,14,awal,15.340956733480745,0.0,3.761,1.5380969742959947,0.0,0.0
PTK-23,SRI,15,awal,9.96074850986638,0.0,4.237,1.1432082236143633,0.0,0.0
PTK-23,SRI,16,awal,6.196473447908749,0.0,3.022,0.7422750619576313,0.0,0.0
PTK-23,SRI,17,awal,1.6077121949357052,0.0,4.127,0.4617612529730443,0.0,0.0
PTK-23,SRI,18,awal,-1.4520945312278841,0.0,2.94,0.11980672616358913,0.0,0.0
PTK-23,SRI,19,awal,4.710799916670531,11.452094531227884,4.544,0.7452000833294692,0.0,0.0
PTK-23,SRI,20,awal,1.744683060125746,0.0,3.448,0.41811685654478586,0.0,0.9
PTK-23,SRI,21,pertumbuhan,-2.377330736053176,0.0,3.992,0.13001379617892192,0.0,0.0
PTK-23,SRI,22,pertumbuhan,-7.840810936043901,0.0,3.675,1.788480199990726,0.0,0.0
PTK-23,SRI,23,pertumbuhan,-14.685291136034628,0.0,5.056,1.788480199990726,0.0,0.0
PTK-23,SRI,24,pertumbuhan,-19.987771336025354,0.0,3.514,1.788480199990726,0.0,0.0
PTK-23,SRI,25,pertumbuhan,-24.61425153601608,0.0,2.838,1.788480199990726,0.0,0.0
PTK-23,SRI,26,pertumbuhan,5.32779991667053,34.614251536016084,3.927,0.7452000833294692,0.0,0.0
PTK-23,SRI,27,pertumbuhan,1.2607722224839684,0.0,3.67,0.3970276941865618,0.0,0.0
PTK-23,SRI,28,pertumbuhan,-2.170180534041485,0.0,3.337,0.09395275652545333,0.0,0.0
PTK-23,SRI,29,pertumbuhan,-7.724660734032211,0.0,3.766,1.788480199990726,0.0,0.0
PTK-23,SRI,30,pertumbuhan,-13.436140934022937,0.0,3.923,1.788480199990726,0.0,0.0
PTK-23,SRI,31,pertumbuhan,-18.430621134013663,0.0,3.206,1.788480199990726,0.0,0.0
PTK-23,SRI,32,pertumbuhan,-24.29610133400439,0.0,4.077,1.788480199990726,0.0,0.0
PTK-23,SRI,33,pertumbuhan,4.671799916670531,34.29610133400439,4.583,0.7452000833294692,0.0,0.0
PTK-23,SRI,34,pertumbuhan,1.7552053471170868,0.0,2.661,0.3555945695534433,0.0,0.1
PTK-23,SRI,35,pertumbuhan,-2.510592569976111,0.0,4.135,0.1307979170931983,0.0,0.0
PTK-23,SRI,36,pertumbuhan,12.710644641766912,0.0,3.568,1.3107627882569788,0.0,20.1
PTK-23,SRI,37,pertumbuhan,8.103447297145316,0.0,3.66,0.9471973446215973,0.0,0.0
PTK-23,SRI,38,pertumbuhan,3.616578337036451,0.0,3.883,0.6038689601088651,0.0,0.0
PTK-23,SRI,39,pertumbuhan,-1.4009291107762607,0.0,4.748,0.26950744781271163,0.0,0.0
PTK-23,SRI,40,pertumbuhan,-7.729409310766987,0.0,4.54,1.788480199990726,0.0,0.0
PTK-23,SRI,41,pertumbuhan,-13.664889510757714,0.0,4.147,1.788480199990726,0.0,0.0
PTK-23,SRI,42,pertumbuhan,-19.28836971074844,0.0,3.835,1.788480199990726,0.0,0.0
PTK-23,SRI,43,pertumbuhan,-23.412849910739165,0.0,2.936,1.788480199990726,0.0,0.6
PTK-23,SRI,44,pertumbuhan,-23.34933011072989,0.0,3.948,1.788480199990726,0.0,5.8
PTK-23,SRI,45,pertumbuhan,28.960953681212803,0.0,3.015,2.574716208057307,0.0,57.9
PTK-23,SRI,46,pertumbuhan,22.160783171558734,0.0,4.642,2.158170509654068,0.0,0.0
PTK-23,SRI,47,pertumbuhan,15.817361424949546,0.0,4.692,1.6514217466091867,0.0,0.0
PTK-23,SRI,48,pertumbuhan,10.205651519757073,0.0,4.433,1.1787099051924732,0.0,0.0
PTK-23,SRI,49,pertumbuhan,4.887126283461623,0.0,4.558,0.7605252362954494,0.0,0.0
PTK-23,SRI,50,pertumbuhan,0.0959375920938994,0.0,4.427,0.3641886913677241,0.0,0.0
PTK-23,SRI,51,reproduktif,-1.3512516947342745,0.0,3.291,0.1561892868281741,0.0,2.0
PTK-23,SRI,52,reproduktif,-6.94361184472732,0.0,4.251,1.3413601499930445,0.0,0.0
PTK-23,SRI,53,reproduktif,-11.375971994720365,0.0,3.091,1.3413601499930445,0.0,0.0
PTK-23,SRI,54,reproduktif,-16.89433214471341,0.0,4.177,1.3413601499930445,0.0,0.0
PTK-23,SRI,55,reproduktif,-10.216692294706453,0.0,3.281,1.3413601499930445,0.0,11.3
PTK-23,SRI,56,reproduktif,-15.852052444699497,0.0,4.294,1.3413601499930445,0.0,0.0
PTK-23,SRI,57,reproduktif,-22.391412594692543,0.0,5.198,1.3413601499930445,0.0,0.0
PTK-23,SRI,58,reproduktif,-28.24877274468559,0.0,4.516,1.3413601499930445,0.0,0.0
PTK-23,SRI,59,reproduktif,0.5003999583352652,33.24877274468559,4.127,0.3726000416647346,0.0,0.0
PTK-23,SRI,60,reproduktif,7.865062045941774,0.0,4.074,0.9613379123934921,0.0,12.4
PTK-23,SRI,61,reproduktif,3.4369575567390482,0.0,3.842,0.5861044892027255,0.0,0.0
PTK-23,SRI,62,reproduktif,-0.6051645490291309,0.0,3.786,0.25612210576817873,0.0,0.0
PTK-23,SRI,63,reproduktif,-6.759524699022175,0.0,4.813,1.3413601499930445,0.0,0.0
PTK-23,SRI,64,reproduktif,-12.93688484901522,0.0,4.836,1.3413601499930445,0.0,0.0
PTK-23,SRI,65,reproduktif,-19.667244999008265,0.0,5.389,1.3413601499930445,0.0,0.0
PTK-23,SRI,66,reproduktif,-25.752605149001308,0.0,4.744,1.3413601499930445,0.0,0.0
PTK-23,SRI,67,reproduktif,0.5773999583352651,30.752605149001308,4.05,0.3726000416647346,0.0,0.0
PTK-23,SRI,68,reproduktif,-4.557627891371322,0.0,5.092,0.043027849706587164,0.0,0.0
PTK-23,SRI,69,reproduktif,-11.233988041364366,0.0,5.335,1.3413601499930445,0.0,0.0
PTK-23,SRI,70,reproduktif,-17.12534819135741,0.0,4.55,1.3413601499930445,0.0,0.0
PTK-23,SRI,71,reproduktif,-24.639708341350456,0.0,6.173,1.3413601499930445,0.0,0.0
PTK-23,SRI,72,reproduktif,-31.0730684913435,0.0,5.092,1.3413601499930445,0.0,0.0
PTK-23,SRI,73,reproduktif,-0.9456000416647345,36.0730684913435,5.573,0.3726000416647346,0.0,0.0
PTK-23,SRI,74,reproduktif,-7.985960191657779,0.0,5.699,1.3413601499930445,0.0,0.0
PTK-23,SRI,75,reproduktif,-14.786320341650823,0.0,5.459,1.3413601499930445,0.0,0.0
PTK-23,SRI,76,reproduktif,-21.103680491643868,0.0,4.976,1.3413601499930445,0.0,0.0
PTK-23,SRI,77,reproduktif,-27.76404064163691,0.0,5.319,1.3413601499930445,0.0,0.0
PTK-23,SRI,78,reproduktif,-0.5466000416647354,32.76404064163691,5.174,0.3726000416647346,0.0,0.0
PTK-23,SRI,79,reproduktif,-6.92296019165778,0.0,5.035,1.3413601499930445,0.0,0.0
PTK-23,SRI,80,reproduktif,-12.960320341650824,0.0,4.696,1.3413601499930445,0.0,0.0
PTK-23,SRI,81,reproduktif,-19.88968049164387,0.0,5.588,1.3413601499930445,0.0,0.0
PTK-23,SRI,82,reproduktif,-26.201040641636915,0.0,4.97,1.3413601499930445,0.0,0.0
PTK-23,SRI,83,reproduktif,-0.40160004166473406,31.201040641636915,5.029,0.3726000416647346,0.0,0.0
PTK-23,SRI,84,reproduktif,-7.176960191657779,0.0,5.434,1.3413601499930445,0.0,0.0
PTK-23,SRI,85,reproduktif,-14.374320341650822,0.0,5.856,1.3413601499930445,0.0,0.0
PTK-23,SRI,86,reproduktif,-19.992680491643867,0.0,4.277,1.3413601499930445,0.0,0.0
PTK-23,SRI,87,reproduktif,-26.527040641636912,0.0,5.193,1.3413601499930445,0.0,0.0
PTK-23,SRI,88,reproduktif,-0.8346000416647339,31.527040641636912,5.462,0.3726000416647346,0.0,0.0
PTK-23,SRI,89,reproduktif,-7.749960191657778,0.0,5.574,1.3413601499930445,0.0,0.0
PTK-23,SRI,90,reproduktif,-14.420320341650822,0.0,5.329,1.3413601499930445,0.0,0.0
PTK-23,SRI,91,pemasakan,-21.075680491643865,0.0,5.314,1.3413601499930445,0.0,0.0
PTK-23,SRI,92,pemasakan,-28.181040641636912,0.0,5.764,1.3413601499930445,0.0,0.0
PTK-23,SRI,93,pemasakan,-35.76440079162995,0.0,6.242,1.3413601499930445,0.0,0.0
PTK-23,SRI,94,pemasakan,-7.205360149993044,35.76440079162995,5.864,1.3413601499930445,0.0,0.0
PTK-23,SRI,95,pemasakan,-14.921720299986088,0.0,6.375,1.3413601499930445,0.0,0.0
PTK-23,SRI,96,pemasakan,-17.374080449979132,0.0,4.911,1.3413601499930445,0.0,3.8
PTK-23,SRI,97,pemasakan,-19.314440599972176,0.0,4.399,1.3413601499930445,0.0,3.8
PTK-23,SRI,98,pemasakan,-25.40680074996522,0.0,4.751,1.3413601499930445,0.0,0.0
PTK-23,SRI,99,pemasakan,-32.44216089995827,0.0,5.694,1.3413601499930445,0.0,0.0
PTK-23,SRI,100,pemasakan,-6.9343601499930445,32.44216089995827,5.593,1.3413601499930445,0.0,0.0
PTK-23,SRI,101,pemasakan,-14.319720299986088,0.0,6.044,1.3413601499930445,0.0,0.0
PTK-23,SRI,102,pemasakan,-21.101080449979133,0.0,5.44,1.3413601499930445,0.0,0.0
PTK-23,SRI,103,pemasakan,-28.834440599972176,0.0,6.392,1.3413601499930445,0.0,0.0
PTK-23,SRI,104,pemasakan,-35.43280074996522,0.0,5.257,1.3413601499930445,0.0,0.0
PTK-23,SRI,105,pemasakan,-7.1763601499930445,35.43280074996522,5.835,1.3413601499930445,0.0,0.0
PTK-23,SRI,106,pemasakan,-14.183720299986089,0.0,5.666,1.3413601499930445,0.0,0.0
PTK-23,SRI,107,pemasakan,-21.458080449979132,0.0,5.933,1.3413601499930445,0.0,0.0
PTK-23,SRI,108,pemasakan,-28.783440599972177,0.0,5.984,1.3413601499930445,0.0,0.0
PTK-23,SRI,109,pemasakan,-37.08680074996522,0.0,6.962,1.3413601499930445,0.0,0.0
PTK-23,SRI,110,pemasakan,-5.9743601499930445,37.08680074996522,4.633,1.3413601499930445,0.0,0.0
