<?xml version="1.0" encoding="UTF-8"?>
<kml xmlns="http://www.opengis.net/kml/2.2"><Document><name>Jaringan D.I. Leuwigoong</name><description><![CDATA[176 ruas saluran dari Bendung Copong — kebutuhan air &amp; debit yang lewat tiap ruas. Keluaran notebook note/hitung-jaringan-air.py. 176 objek, luas dilayani 5.491,41 ha. Warna mengikuti Debit yang lewat (l/detik) (skala logaritmik).]]></description><Style id='w0'><LineStyle><color>ffa57f41</color><width>1.2</width></LineStyle><PolyStyle><color>b4fbf7ee</color></PolyStyle></Style><Style id='g0'><LineStyle><color>fffbf7ee</color><width>3</width></LineStyle></Style><Style id='w1'><LineStyle><color>ffa57f41</color><width>1.2</width></LineStyle><PolyStyle><color>b4f4e9d5</color></PolyStyle></Style><Style id='g1'><LineStyle><color>fff4e9d5</color><width>3</width></LineStyle></Style><Style id='w2'><LineStyle><color>ffa57f41</color><width>1.2</width></LineStyle><PolyStyle><color>b4e9d5b3</color></PolyStyle></Style><Style id='g2'><LineStyle><color>ffe9d5b3</color><width>3</width></LineStyle></Style><Style id='w3'><LineStyle><color>ffa57f41</color><width>1.2</width></LineStyle><PolyStyle><color>b4dbbc8d</color></PolyStyle></Style><Style id='g3'><LineStyle><color>ffdbbc8d</color><width>3</width></LineStyle></Style><Style id='w4'><LineStyle><color>ffa57f41</color><width>1.2</width></LineStyle><PolyStyle><color>b4c9a368</color></PolyStyle></Style><Style id='g4'><LineStyle><color>ffc9a368</color><width>3</width></LineStyle></Style><Style id='w5'><LineStyle><color>ffa57f41</color><width>1.2</width></LineStyle><PolyStyle><color>b4a57f41</color></PolyStyle></Style><Style id='g5'><LineStyle><color>ffa57f41</color><width>3</width></LineStyle></Style><Placemark><name>CP.Ka.8,Ki</name><styleUrl>#g3</styleUrl><description><![CDATA[<table><tr><td>Luas dilayani</td><td align='right'><b>105,8108</b> ha</td></tr><tr><td>Luas dilayani</td><td align='right'><b>1.058.108</b> m²</td></tr><tr><td>Jenis saluran</td><td align='right'><b>Tersier</b> </td></tr><tr><td>Panjang</td><td align='right'><b>0,48</b> km</td></tr><tr><td>Ruas di hulunya</td><td align='right'><b>SI Copong Kanan</b> </td></tr><tr><td>Ruas di hilirnya</td><td align='right'><b>0</b> ruas</td></tr><tr><td>Layanan menempel ruas</td><td align='right'><b>105,8</b> ha</td></tr><tr><td>Tinggi rata-rata</td><td align='right'><b>682,0</b> m dpl</td></tr><tr><td>Rezim</td><td align='right'><b>FL</b> </td></tr><tr><td>Kebutuhan air lewat ruas</td><td align='right'><b>243.850</b> m³</td></tr><tr><td>Kebutuhan air lahan layanannya</td><td align='right'><b>230</b> mm</td></tr><tr><td>Debit di hulu ruas</td><td align='right'><b>22,40</b> l/detik</td></tr><tr><td>NFR</td><td align='right'><b>1,65</b> mm/hari</td></tr><tr><td>Water loss di hilirnya</td><td align='right'><b>1.519.478</b> m³</td></tr><tr><td>Water loss</td><td align='right'><b>1.436</b> mm</td></tr><tr><td>Air sampai dari bendung</td><td align='right'><b>13,2</b> jam</td></tr><tr><td>Respons hidraulik dari bendung</td><td align='right'><b>9,6</b> jam</td></tr><tr><td>Waktu tempuh ruas ini</td><td align='right'><b>0,47</b> jam</td></tr><tr><td>Kecepatan aliran</td><td align='right'><b>0,284</b> m/detik</td></tr><tr><td>Kedalaman air (rancangan)</td><td align='right'><b>0,19</b> m</td></tr></table>]]></description><LineString><tessellate>1</tessellate><coordinates>107.971900,-7.168200,0 107.971800,-7.168200,0 107.971600,-7.167800,0 107.971600,-7.167600,0 107.972100,-7.166300,0 107.972700,-7.165700,0 107.972700,-7.165600,0 107.972400,-7.165500,0 107.972400,-7.164800,0 107.972200,-7.164700,0</coordinates></LineString></Placemark><Placemark><name>SI Copong Kanan</name><styleUrl>#g5</styleUrl><description><![CDATA[<table><tr><td>Luas dilayani</td><td align='right'><b>2.473,2021</b> ha</td></tr><tr><td>Luas dilayani</td><td align='right'><b>24.732.021</b> m²</td></tr><tr><td>Jenis saluran</td><td align='right'><b>Primer</b> </td></tr><tr><td>Panjang</td><td align='right'><b>13,59</b> km</td></tr><tr><td>Ruas di hulunya</td><td align='right'><b>SI Copong</b> </td></tr><tr><td>Ruas di hilirnya</td><td align='right'><b>704</b> ruas</td></tr><tr><td>Layanan menempel ruas</td><td align='right'><b>0,0</b> ha</td></tr><tr><td>Tinggi rata-rata</td><td align='right'><b>682,0</b> m dpl</td></tr><tr><td>Rezim</td><td align='right'><b>FL</b> </td></tr><tr><td>Kebutuhan air lewat ruas</td><td align='right'><b>5.743.376</b> m³</td></tr><tr><td>Kebutuhan air lahan layanannya</td><td align='right'><b>230</b> mm</td></tr><tr><td>Debit di hulu ruas</td><td align='right'><b>732,74</b> l/detik</td></tr><tr><td>NFR</td><td align='right'><b>1,65</b> mm/hari</td></tr><tr><td>Water loss di hilirnya</td><td align='right'><b>36.984.543</b> m³</td></tr><tr><td>Water loss</td><td align='right'><b>1.436</b> mm</td></tr><tr><td>Air sampai dari bendung</td><td align='right'><b>12,7</b> jam</td></tr><tr><td>Respons hidraulik dari bendung</td><td align='right'><b>9,2</b> jam</td></tr><tr><td>Waktu tempuh ruas ini</td><td align='right'><b>10,05</b> jam</td></tr><tr><td>Kecepatan aliran</td><td align='right'><b>0,376</b> m/detik</td></tr><tr><td>Kedalaman air (rancangan)</td><td align='right'><b>0,70</b> m</td></tr></table>]]></description><MultiGeometry><LineString><tessellate>1</tessellate><coordinates>107.982700,-7.158900,0 107.982700,-7.158900,0</coordinates></LineString><LineString><tessellate>1</tessellate><coordinates>107.982700,-7.158900,0 107.982600,-7.159100,0 107.982400,-7.159200,0 107.982200,-7.159600,0 107.981800,-7.159800,0 107.981600,-7.160000,0 107.981600,-7.160100,0 107.981200,-7.160600,0 107.980600,-7.161600,0 107.979400,-7.162800,0 107.979300,-7.162800,0 107.979300,-7.162900,0 107.979100,-7.162900,0 107.979100,-7.163000,0 107.978900,-7.163000,0 107.978800,-7.163100,0 107.978400,-7.163100,0 107.978400,-7.163200,0 107.978000,-7.163200,0 107.977400,-7.163500,0 107.976800,-7.163500,0 107.976800,-7.163400,0 107.976000,-7.163400,0 107.976000,-7.163500,0 107.975400,-7.163600,0 107.975400,-7.163700,0 107.975200,-7.163700,0 107.975200,-7.163800,0 107.974900,-7.163900,0 107.974900,-7.164000,0 107.974700,-7.164000,0 107.973200,-7.165500,0 107.972300,-7.166200,0 107.971800,-7.167700,0 107.971900,-7.168300,0 107.972000,-7.168400,0 107.972000,-7.168800,0 107.971900,-7.168800,0 107.971900,-7.169100,0 107.971800,-7.169100,0 107.971800,-7.169200,0 107.971600,-7.169200,0 107.971600,-7.169300,0 107.970600,-7.169300,0 107.970500,-7.169200,0 107.970100,-7.169200,0 107.970100,-7.169100,0 107.969500,-7.169100,0 107.969400,-7.169000,0 107.966400,-7.169000,0 107.966400,-7.168900,0 107.964800,-7.168900,0 107.964800,-7.169000,0 107.964500,-7.169000,0 107.964400,-7.169100,0 107.964200,-7.169100,0 107.964200,-7.169200,0 107.963700,-7.169200,0 107.963700,-7.169300,0 107.963000,-7.169300,0 107.963000,-7.169200,0 107.962800,-7.169200,0 107.962800,-7.169100,0 107.962700,-7.169100,0 107.962700,-7.169000,0 107.962500,-7.168900,0 107.962500,-7.168800,0 107.962300,-7.168700,0 107.962000,-7.168100,0 107.961900,-7.168100,0 107.961900,-7.167900,0 107.961500,-7.167500,0 107.961300,-7.167500,0 107.961200,-7.167700,0 107.961100,-7.167700,0 107.960700,-7.168500,0 107.960700,-7.168900,0 107.960600,-7.169000,0 107.960600,-7.169400,0 107.960700,-7.169400,0 107.960700,-7.170100,0 107.960800,-7.170200,0 107.960800,-7.170900,0 107.960700,-7.170900,0 107.960700,-7.171200,0 107.960600,-7.171200,0 107.960600,-7.171400,0 107.960300,-7.172000,0 107.960200,-7.172000,0 107.960200,-7.172100,0 107.960000,-7.172200,0 107.958700,-7.172200,0 107.958600,-7.172100,0 107.958300,-7.172100,0 107.957700,-7.171800,0 107.957200,-7.171800,0 107.957100,-7.171900,0 107.955900,-7.171900,0 107.955900,-7.171800,0 107.955600,-7.171800,0 107.955600,-7.171700,0 107.955400,-7.171700,0 107.955400,-7.171600,0 107.955000,-7.171500,0 107.955000,-7.171400,0 107.954500,-7.171200,0 107.954500,-7.171100,0 107.954300,-7.171100,0 107.954300,-7.171000,0 107.952700,-7.171000,0 107.952600,-7.170900,0 107.952400,-7.170900,0 107.952400,-7.170800,0 107.952000,-7.170700,0 107.952000,-7.170600,0 107.951800,-7.170600,0 107.951800,-7.170500,0 107.951700,-7.170500,0 107.951700,-7.170400,0 107.951500,-7.170300,0 107.951500,-7.169800,0 107.951600,-7.169700,0 107.951600,-7.169300,0 107.951700,-7.169200,0 107.951500,-7.168800,0 107.950700,-7.168600,0 107.950400,-7.168600,0 107.950200,-7.168500,0 107.949900,-7.168500,0 107.949700,-7.168400,0 107.949500,-7.168500,0 107.948700,-7.169400,0 107.948200,-7.169800,0 107.945900,-7.171100,0 107.945600,-7.171100,0 107.945600,-7.171200,0 107.943200,-7.170600,0 107.941200,-7.171300,0 107.941200,-7.171400,0 107.940900,-7.171400,0 107.940900,-7.171500,0 107.940500,-7.171500,0 107.940400,-7.171400,0 107.939500,-7.171400,0 107.939400,-7.171500,0 107.938300,-7.171500,0 107.938200,-7.171600,0 107.937400,-7.171600,0 107.937300,-7.171700,0 107.937000,-7.171700,0 107.936900,-7.171800,0 107.936400,-7.171800,0 107.936400,-7.171700,0 107.936000,-7.171700,0 107.936000,-7.171600,0 107.935800,-7.171500,0 107.935800,-7.171200,0 107.935700,-7.171200,0 107.935700,-7.170000,0 107.935800,-7.170000,0 107.935800,-7.169800,0 107.935900,-7.169800,0 107.935900,-7.169500,0 107.936000,-7.169500,0 107.936000,-7.169200,0 107.936100,-7.169200,0 107.936100,-7.168600,0 107.936000,-7.168500,0 107.936000,-7.167600,0 107.935900,-7.167600,0 107.935900,-7.167400,0 107.935800,-7.167400,0 107.935700,-7.167200,0 107.935400,-7.167200,0 107.935400,-7.167100,0 107.934800,-7.167100,0 107.934700,-7.167200,0 107.932400,-7.167300,0 107.932300,-7.167400,0 107.931600,-7.167400,0 107.931600,-7.167500,0 107.931500,-7.167500,0</coordinates></LineString><LineString><tessellate>1</tessellate><coordinates>107.982700,-7.158900,0 107.982700,-7.158900,0</coordinates></LineString><LineString><tessellate>1</tessellate><coordinates>107.982700,-7.158900,0 107.982700,-7.158900,0</coordinates></LineString><LineString><tessellate>1</tessellate><coordinates>107.982700,-7.158900,0 107.982700,-7.158900,0</coordinates></LineString><LineString><tessellate>1</tessellate><coordinates>107.982700,-7.158900,0 107.982700,-7.158900,0</coordinates></LineString><LineString><tessellate>1</tessellate><coordinates>107.982800,-7.158900,0 107.982700,-7.158900,0</coordinates></LineString><LineString><tessellate>1</tessellate><coordinates>107.982800,-7.158900,0 107.982700,-7.158900,0</coordinates></LineString><LineString><tessellate>1</tessellate><coordinates>107.982800,-7.158900,0 107.982800,-7.158900,0</coordinates></LineString><LineString><tessellate>1</tessellate><coordinates>107.982800,-7.158900,0 107.982800,-7.158900,0</coordinates></LineString><LineString><tessellate>1</tessellate><coordinates>107.982800,-7.158800,0 107.982800,-7.158900,0</coordinates></LineString><LineString><tessellate>1</tessellate><coordinates>107.982800,-7.158800,0 107.982800,-7.158900,0</coordinates></LineString><LineString><tessellate>1</tessellate><coordinates>107.982800,-7.158800,0 107.982800,-7.158800,0</coordinates></LineString><LineString><tessellate>1</tessellate><coordinates>107.982800,-7.158800,0 107.982800,-7.158800,0</coordinates></LineString><LineString><tessellate>1</tessellate><coordinates>107.982900,-7.158800,0 107.982800,-7.158800,0</coordinates></LineString><LineString><tessellate>1</tessellate><coordinates>107.982900,-7.158800,0 107.982800,-7.158800,0</coordinates></LineString><LineString><tessellate>1</tessellate><coordinates>107.982900,-7.158800,0 107.982900,-7.158800,0</coordinates></LineString><LineString><tessellate>1</tessellate><coordinates>107.982900,-7.158800,0 107.982900,-7.158800,0</coordinates></LineString><LineString><tessellate>1</tessellate><coordinates>107.982900,-7.158800,0 107.982900,-7.158800,0</coordinates></LineString><LineString><tessellate>1</tessellate><coordinates>107.982900,-7.158800,0 107.982900,-7.158800,0</coordinates></LineString><LineString><tessellate>1</tessellate><coordinates>107.982900,-7.158700,0 107.982900,-7.158800,0</coordinates></LineString><LineString><tessellate>1</tessellate><coordinates>107.982900,-7.158700,0 107.982900,-7.158800,0</coordinates></LineString><LineString><tessellate>1</tessellate><coordinates>107.983000,-7.158700,0 107.982900,-7.158700,0</coordinates></LineString><LineString><tessellate>1</tessellate><coordinates>107.983000,-7.158700,0 107.982900,-7.158700,0</coordinates></LineString><LineString><tessellate>1</tessellate><coordinates>107.983000,-7.158700,0 107.983000,-7.158700,0</coordinates></LineString><LineString><tessellate>1</tessellate><coordinates>107.983000,-7.158700,0 107.983000,-7.158700,0</coordinates></LineString><LineString><tessellate>1</tessellate><coordinates>107.983000,-7.158700,0 107.983000,-7.158700,0</coordinates></LineString><LineString><tessellate>1</tessellate><coordinates>107.983000,-7.158700,0 107.983000,-7.158700,0</coordinates></LineString><LineString><tessellate>1</tessellate><coordinates>107.983100,-7.158700,0 107.983000,-7.158700,0</coordinates></LineString><LineString><tessellate>1</tessellate><coordinates>107.983100,-7.158700,0 107.983000,-7.158700,0</coordinates></LineString><LineString><tessellate>1</tessellate><coordinates>107.983100,-7.158600,0 107.983100,-7.158700,0</coordinates></LineString><LineString><tessellate>1</tessellate><coordinates>107.983100,-7.158600,0 107.983100,-7.158700,0</coordinates></LineString><LineString><tessellate>1</tessellate><coordinates>107.983100,-7.158600,0 107.983100,-7.158600,0</coordinates></LineString><LineString><tessellate>1</tessellate><coordinates>107.983100,-7.158600,0 107.983100,-7.158600,0</coordinates></LineString><LineString><tessellate>1</tessellate><coordinates>107.983100,-7.158600,0 107.983100,-7.158600,0</coordinates></LineString><LineString><tessellate>1</tessellate><coordinates>107.983100,-7.158600,0 107.983100,-7.158600,0</coordinates></LineString><LineString><tessellate>1</tessellate><coordinates>107.983200,-7.158600,0 107.983100,-7.158600,0</coordinates></LineString><LineString><tessellate>1</tessellate><coordinates>107.983200,-7.158600,0 107.983100,-7.158600,0</coordinates></LineString><LineString><tessellate>1</tessellate><coordinates>107.983200,-7.158600,0 107.983200,-7.158600,0</coordinates></LineString><LineString><tessellate>1</tessellate><coordinates>107.983200,-7.158600,0 107.983200,-7.158600,0</coordinates></LineString><LineString><tessellate>1</tessellate><coordinates>107.983200,-7.158600,0 107.983200,-7.158600,0</coordinates></LineString><LineString><tessellate>1</tessellate><coordinates>107.983200,-7.158600,0 107.983200,-7.158600,0</coordinates></LineString><LineString><tessellate>1</tessellate><coordinates>107.983300,-7.158500,0 107.983200,-7.158600,0</coordinates></LineString><LineString><tessellate>1</tessellate><coordinates>107.983300,-7.158500,0 107.983200,-7.158600,0</coordinates></LineString><LineString><tessellate>1</tessellate><coordinates>107.983300,-7.158500,0 107.983300,-7.158500,0</coordinates></LineString><LineString><tessellate>1</tessellate><coordinates>107.983300,-7.158500,0 107.983300,-7.158500,0</coordinates></LineString><LineString><tessellate>1</tessellate><coordinates>107.983300,-7.158500,0 107.983300,-7.158500,0</coordinates></LineString><LineString><tessellate>1</tessellate><coordinates>107.983300,-7.158500,0 107.983300,-7.158500,0</coordinates></LineString><LineString><tessellate>1</tessellate><coordinates>107.983400,-7.158500,0 107.983300,-7.158500,0</coordinates></LineString><LineString><tessellate>1</tessellate><coordinates>107.983400,-7.158500,0 107.983300,-7.158500,0</coordinates></LineString><LineString><tessellate>1</tessellate><coordinates>107.983400,-7.158500,0 107.983400,-7.158500,0</coordinates></LineString><LineString><tessellate>1</tessellate><coordinates>107.983400,-7.158500,0 107.983400,-7.158500,0</coordinates></LineString><LineString><tessellate>1</tessellate><coordinates>107.983400,-7.158500,0 107.983400,-7.158500,0</coordinates></LineString><LineString><tessellate>1</tessellate><coordinates>107.983500,-7.158400,0 107.983400,-7.158500,0</coordinates></LineString><LineString><tessellate>1</tessellate><coordinates>107.983500,-7.158400,0 107.983400,-7.158500,0</coordinates></LineString><LineString><tessellate>1</tessellate><coordinates>107.983500,-7.158400,0 107.983500,-7.158400,0</coordinates></LineString><LineString><tessellate>1</tessellate><coordinates>107.983500,-7.158400,0 107.983500,-7.158400,0</coordinates></LineString><LineString><tessellate>1</tessellate><coordinates>107.983500,-7.158400,0 107.983500,-7.158400,0</coordinates></LineString><LineString><tessellate>1</tessellate><coordinates>107.983500,-7.158400,0 107.983500,-7.158400,0</coordinates></LineString><LineString><tessellate>1</tessellate><coordinates>107.983600,-7.158400,0 107.983500,-7.158400,0</coordinates></LineString><LineString><tessellate>1</tessellate><coordinates>107.983600,-7.158400,0 107.983500,-7.158400,0</coordinates></LineString><LineString><tessellate>1</tessellate><coordinates>107.983600,-7.158400,0 107.983600,-7.158400,0</coordinates></LineString><LineString><tessellate>1</tessellate><coordinates>107.983600,-7.158400,0 107.983600,-7.158400,0</coordinates></LineString><LineString><tessellate>1</tessellate><coordinates>107.983600,-7.158400,0 107.983600,-7.158400,0</coordinates></LineString><LineString><tessellate>1</tessellate><coordinates>107.983600,-7.158400,0 107.983600,-7.158400,0</coordinates></LineString><LineString><tessellate>1</tessellate><coordinates>107.983600,-7.158300,0 107.983600,-7.158400,0</coordinates></LineString><LineString><tessellate>1</tessellate><coordinates>107.983600,-7.158300,0 107.983600,-7.158400,0</coordinates></LineString><LineString><tessellate>1</tessellate><coordinates>107.983700,-7.158300,0 107.983600,-7.158300,0</coordinates></LineString><LineString><tessellate>1</tessellate><coordinates>107.983700,-7.158300,0 107.983600,-7.158300,0</coordinates></LineString><LineString><tessellate>1</tessellate><coordinates>107.986900,-7.158300,0 107.986900,-7.158300,0</coordinates></LineString><LineString><tessellate>1</tessellate><coordinates>107.986900,-7.158300,0 107.986900,-7.158300,0</coordinates></LineString><LineString><tessellate>1</tessellate><coordinates>107.987000,-7.158300,0 107.986900,-7.158300,0</coordinates></LineString><LineString><tessellate>1</tessellate><coordinates>107.987000,-7.158300,0 107.986900,-7.158300,0</coordinates></LineString><LineString><tessellate>1</tessellate><coordinates>107.983700,-7.158300,0 107.983700,-7.158300,0</coordinates></LineString><LineString><tessellate>1</tessellate><coordinates>107.983700,-7.158300,0 107.983700,-7.158300,0</coordinates></LineString><LineString><tessellate>1</tessellate><coordinates>107.987000,-7.158300,0 107.987000,-7.158300,0</coordinates></LineString><LineString><tessellate>1</tessellate><coordinates>107.987000,-7.158300,0 107.987000,-7.158300,0</coordinates></LineString><LineString><tessellate>1</tessellate><coordinates>107.986900,-7.158300,0 107.986900,-7.158300,0</coordinates></LineString><LineString><tessellate>1</tessellate><coordinates>107.986900,-7.158300,0 107.986900,-7.158300,0</coordinates></LineString><LineString><tessellate>1</tessellate><coordinates>107.987100,-7.158300,0 107.987000,-7.158300,0</coordinates></LineString><LineString><tessellate>1</tessellate><coordinates>107.987100,-7.158300,0 107.987000,-7.158300,0</coordinates></LineString><LineString><tessellate>1</tessellate><coordinates>107.986900,-7.158300,0 107.986900,-7.158300,0</coordinates></LineString><LineString><tessellate>1</tessellate><coordinates>107.986900,-7.158300,0 107.986900,-7.158300,0</coordinates></LineString><LineString><tessellate>1</tessellate><coordinates>107.983700,-7.158300,0 107.983700,-7.158300,0</coordinates></LineString><LineString><tessellate>1</tessellate><coordinates>107.983700,-7.158300,0 107.983700,-7.158300,0</coordinates></LineString><LineString><tessellate>1</tessellate><coordinates>107.987100,-7.158300,0 107.987100,-7.158300,0</coordinates></LineString><LineString><tessellate>1</tessellate><coordinates>107.987100,-7.158300,0 107.987100,-7.158300,0</coordinates></LineString><LineString><tessellate>1</tessellate><coordinates>107.986900,-7.158300,0 107.986800,-7.158200,0</coordinates></LineString><LineString><tessellate>1</tessellate><coordinates>107.986900,-7.158300,0 107.986800,-7.158200,0</coordinates></LineString><LineString><tessellate>1</tessellate><coordinates>107.987100,-7.158300,0 107.987100,-7.158300,0</coordinates></LineString><LineString><tessellate>1</tessellate><coordinates>107.987100,-7.158300,0 107.987100,-7.158300,0</coordinates></LineString><LineString><tessellate>1</tessellate><coordinates>107.983800,-7.158300,0 107.983700,-7.158300,0</coordinates></LineString><LineString><tessellate>1</tessellate><coordinates>107.983800,-7.158300,0 107.983700,-7.158300,0</coordinates></LineString><LineString><tessellate>1</tessellate><coordinates>107.987100,-7.158200,0 107.987100,-7.158300,0</coordinates></LineString><LineString><tessellate>1</tessellate><coordinates>107.987100,-7.158200,0 107.987100,-7.158300,0</coordinates></LineString><LineString><tessellate>1</tessellate><coordinates>107.986800,-7.158200,0 107.986800,-7.158200,0</coordinates></LineString><LineString><tessellate>1</tessellate><coordinates>107.986800,-7.158200,0 107.986800,-7.158200,0</coordinates></LineString><LineString><tessellate>1</tessellate><coordinates>107.983800,-7.158300,0 107.983800,-7.158300,0</coordinates></LineString><LineString><tessellate>1</tessellate><coordinates>107.983800,-7.158300,0 107.983800,-7.158300,0</coordinates></LineString><LineString><tessellate>1</tessellate><coordinates>107.987200,-7.158200,0 107.987100,-7.158200,0</coordinates></LineString><LineString><tessellate>1</tessellate><coordinates>107.987200,-7.158200,0 107.987100,-7.158200,0</coordinates></LineString><LineString><tessellate>1</tessellate><coordinates>107.986800,-7.158200,0 107.986800,-7.158200,0</coordinates></LineString><LineString><tessellate>1</tessellate><coordinates>107.986800,-7.158200,0 107.986800,-7.158200,0</coordinates></LineString><LineString><tessellate>1</tessellate><coordinates>107.983800,-7.158200,0 107.983800,-7.158300,0</coordinates></LineString><LineString><tessellate>1</tessellate><coordinates>107.983800,-7.158200,0 107.983800,-7.158300,0</coordinates></LineString><LineString><tessellate>1</tessellate><coordinates>107.987200,-7.158200,0 107.987200,-7.158200,0</coordinates></LineString><LineString><tessellate>1</tessellate><coordinates>107.987200,-7.158200,0 107.987200,-7.158200,0</coordinates></LineString><LineString><tessellate>1</tessellate><coordinates>107.983800,-7.158200,0 107.983800,-7.158200,0</coordinates></LineString><LineString><tessellate>1</tessellate><coordinates>107.983800,-7.158200,0 107.983800,-7.158200,0</coordinates></LineString><LineString><tessellate>1</tessellate><coordinates>107.986800,-7.158200,0 107.986800,-7.158200,0</coordinates></LineString><LineString><tessellate>1</tessellate><coordinates>107.986800,-7.158200,0 107.986800,-7.158200,0</coordinates></LineString><LineString><tessellate>1</tessellate><coordinates>107.987200,-7.158200,0 107.987200,-7.158200,0</coordinates></LineString><LineString><tessellate>1</tessellate><coordinates>107.987200,-7.158200,0 107.987200,-7.158200,0</coordinates></LineString><LineString><tessellate>1</tessellate><coordinates>107.983900,-7.158200,0 107.983800,-7.158200,0</coordinates></LineString><LineString><tessellate>1</tessellate><coordinates>107.983900,-7.158200,0 107.983800,-7.158200,0</coordinates></LineString><LineString><tessellate>1</tessellate><coordinates>107.987300,-7.158200,0 107.987200,-7.158200,0</coordinates></LineString><LineString><tessellate>1</tessellate><coordinates>107.987300,-7.158200,0 107.987200,-7.158200,0</coordinates></LineString><LineString><tessellate>1</tessellate><coordinates>107.986800,-7.158200,0 107.986700,-7.158100,0</coordinates></LineString><LineString><tessellate>1</tessellate><coordinates>107.986800,-7.158200,0 107.986700,-7.158100,0</coordinates></LineString><LineString><tessellate>1</tessellate><coordinates>107.983900,-7.158200,0 107.983900,-7.158200,0</coordinates></LineString><LineString><tessellate>1</tessellate><coordinates>107.983900,-7.158200,0 107.983900,-7.158200,0</coordinates></LineString><LineString><tessellate>1</tessellate><coordinates>107.987300,-7.158100,0 107.987300,-7.158200,0</coordinates></LineString><LineString><tessellate>1</tessellate><coordinates>107.987300,-7.158100,0 107.987300,-7.158200,0</coordinates></LineString><LineString><tessellate>1</tessellate><coordinates>107.983900,-7.158200,0 107.983900,-7.158200,0</coordinates></LineString><LineString><tessellate>1</tessellate><coordinates>107.983900,-7.158200,0 107.983900,-7.158200,0</coordinates></LineString><LineString><tessellate>1</tessellate><coordinates>107.986700,-7.158100,0 107.986700,-7.158100,0</coordinates></LineString><LineString><tessellate>1</tessellate><coordinates>107.986700,-7.158100,0 107.986700,-7.158100,0</coordinates></LineString><LineString><tessellate>1</tessellate><coordinates>107.984000,-7.158100,0 107.983900,-7.158200,0</coordinates></LineString><LineString><tessellate>1</tessellate><coordinates>107.984000,-7.158100,0 107.983900,-7.158200,0</coordinates></LineString><LineString><tessellate>1</tessellate><coordinates>107.987400,-7.158100,0 107.987300,-7.158100,0</coordinates></LineString><LineString><tessellate>1</tessellate><coordinates>107.984000,-7.158100,0 107.984000,-7.158100,0</coordinates></LineString><LineString><tessellate>1</tessellate><coordinates>107.984000,-7.158100,0 107.984000,-7.158100,0</coordinates></LineString><LineString><tessellate>1</tessellate><coordinates>107.986700,-7.158100,0 107.986700,-7.158100,0</coordinates></LineString><LineString><tessellate>1</tessellate><coordinates>107.986700,-7.158100,0 107.986700,-7.158100,0</coordinates></LineString><LineString><tessellate>1</tessellate><coordinates>107.987400,-7.158100,0 107.987400,-7.158100,0</coordinates></LineString><LineString><tessellate>1</tessellate><coordinates>107.987400,-7.158100,0 107.987400,-7.158100,0</coordinates></LineString><LineString><tessellate>1</tessellate><coordinates>107.984000,-7.158100,0 107.984000,-7.158100,0</coordinates></LineString><LineString><tessellate>1</tessellate><coordinates>107.984000,-7.158100,0 107.984000,-7.158100,0</coordinates></LineString><LineString><tessellate>1</tessellate><coordinates>107.987400,-7.158100,0 107.987400,-7.158100,0</coordinates></LineString><LineString><tessellate>1</tessellate><coordinates>107.987400,-7.158100,0 107.987400,-7.158100,0</coordinates></LineString><LineString><tessellate>1</tessellate><coordinates>107.984000,-7.158100,0 107.984000,-7.158100,0</coordinates></LineString><LineString><tessellate>1</tessellate><coordinates>107.984000,-7.158100,0 107.984000,-7.158100,0</coordinates></LineString><LineString><tessellate>1</tessellate><coordinates>107.987500,-7.158100,0 107.987400,-7.158100,0</coordinates></LineString><LineString><tessellate>1</tessellate><coordinates>107.987500,-7.158100,0 107.987400,-7.158100,0</coordinates></LineString><LineString><tessellate>1</tessellate><coordinates>107.986700,-7.158100,0 107.986700,-7.158000,0</coordinates></LineString><LineString><tessellate>1</tessellate><coordinates>107.986700,-7.158100,0 107.986700,-7.158000,0</coordinates></LineString><LineString><tessellate>1</tessellate><coordinates>107.984100,-7.158100,0 107.984000,-7.158100,0</coordinates></LineString><LineString><tessellate>1</tessellate><coordinates>107.984100,-7.158100,0 107.984000,-7.158100,0</coordinates></LineString><LineString><tessellate>1</tessellate><coordinates>107.987500,-7.158000,0 107.987500,-7.158100,0</coordinates></LineString><LineString><tessellate>1</tessellate><coordinates>107.987500,-7.158000,0 107.987500,-7.158100,0</coordinates></LineString><LineString><tessellate>1</tessellate><coordinates>107.984100,-7.158100,0 107.984100,-7.158100,0</coordinates></LineString><LineString><tessellate>1</tessellate><coordinates>107.984100,-7.158100,0 107.984100,-7.158100,0</coordinates></LineString><LineString><tessellate>1</tessellate><coordinates>107.987500,-7.158000,0 107.987500,-7.158000,0</coordinates></LineString><LineString><tessellate>1</tessellate><coordinates>107.987500,-7.158000,0 107.987500,-7.158000,0</coordinates></LineString><LineString><tessellate>1</tessellate><coordinates>107.986700,-7.158000,0 107.986600,-7.158000,0</coordinates></LineString><LineString><tessellate>1</tessellate><coordinates>107.986700,-7.158000,0 107.986600,-7.158000,0</coordinates></LineString><LineString><tessellate>1</tessellate><coordinates>107.984100,-7.158000,0 107.984100,-7.158100,0</coordinates></LineString><LineString><tessellate>1</tessellate><coordinates>107.984100,-7.158000,0 107.984100,-7.158100,0</coordinates></LineString><LineString><tessellate>1</tessellate><coordinates>107.987500,-7.158000,0 107.987500,-7.158000,0</coordinates></LineString><LineString><tessellate>1</tessellate><coordinates>107.987500,-7.158000,0 107.987500,-7.158000,0</coordinates></LineString><LineString><tessellate>1</tessellate><coordinates>107.984100,-7.158000,0 107.984100,-7.158000,0</coordinates></LineString><LineString><tessellate>1</tessellate><coordinates>107.984100,-7.158000,0 107.984100,-7.158000,0</coordinates></LineString><LineString><tessellate>1</tessellate><coordinates>107.987600,-7.158000,0 107.987500,-7.158000,0</coordinates></LineString><LineString><tessellate>1</tessellate><coordinates>107.987600,-7.158000,0 107.987500,-7.158000,0</coordinates></LineString><LineString><tessellate>1</tessellate><coordinates>107.986600,-7.158000,0 107.986600,-7.158000,0</coordinates></LineString><LineString><tessellate>1</tessellate><coordinates>107.986600,-7.158000,0 107.986600,-7.158000,0</coordinates></LineString><LineString><tessellate>1</tessellate><coordinates>107.987600,-7.158000,0 107.987600,-7.158000,0</coordinates></LineString><LineString><tessellate>1</tessellate><coordinates>107.987600,-7.158000,0 107.987600,-7.158000,0</coordinates></LineString><LineString><tessellate>1</tessellate><coordinates>107.984200,-7.158000,0 107.984100,-7.158000,0</coordinates></LineString><LineString><tessellate>1</tessellate><coordinates>107.984200,-7.158000,0 107.984100,-7.158000,0</coordinates></LineString><LineString><tessellate>1</tessellate><coordinates>107.987600,-7.158000,0 107.987600,-7.158000,0</coordinates></LineString><LineString><tessellate>1</tessellate><coordinates>107.987600,-7.158000,0 107.987600,-7.158000,0</coordinates></LineString><LineString><tessellate>1</tessellate><coordinates>107.986600,-7.158000,0 107.986600,-7.157900,0</coordinates></LineString><LineString><tessellate>1</tessellate><coordinates>107.986600,-7.158000,0 107.986600,-7.157900,0</coordinates></LineString><LineString><tessellate>1</tessellate><coordinates>107.984200,-7.158000,0 107.984200,-7.158000,0</coordinates></LineString><LineString><tessellate>1</tessellate><coordinates>107.984200,-7.158000,0 107.984200,-7.158000,0</coordinates></LineString><LineString><tessellate>1</tessellate><coordinates>107.987700,-7.157900,0 107.987600,-7.158000,0</coordinates></LineString><LineString><tessellate>1</tessellate><coordinates>107.987700,-7.157900,0 107.987600,-7.158000,0</coordinates></LineString><LineString><tessellate>1</tessellate><coordinates>107.984200,-7.158000,0 107.984200,-7.158000,0</coordinates></LineString><LineString><tessellate>1</tessellate><coordinates>107.984200,-7.158000,0 107.984200,-7.158000,0</coordinates></LineString><LineString><tessellate>1</tessellate><coordinates>107.987700,-7.157900,0 107.987700,-7.157900,0</coordinates></LineString><LineString><tessellate>1</tessellate><coordinates>107.987700,-7.157900,0 107.987700,-7.157900,0</coordinates></LineString><LineString><tessellate>1</tessellate><coordinates>107.986600,-7.157900,0 107.986600,-7.157900,0</coordinates></LineString><LineString><tessellate>1</tessellate><coordinates>107.986600,-7.157900,0 107.986600,-7.157900,0</coordinates></LineString><LineString><tessellate>1</tessellate><coordinates>107.987700,-7.157900,0 107.987700,-7.157900,0</coordinates></LineString><LineString><tessellate>1</tessellate><coordinates>107.987700,-7.157900,0 107.987700,-7.157900,0</coordinates></LineString><LineString><tessellate>1</tessellate><coordinates>107.984200,-7.157900,0 107.984200,-7.158000,0</coordinates></LineString><LineString><tessellate>1</tessellate><coordinates>107.984200,-7.157900,0 107.984200,-7.158000,0</coordinates></LineString><LineString><tessellate>1</tessellate><coordinates>107.987700,-7.157900,0 107.987700,-7.157900,0</coordinates></LineString><LineString><tessellate>1</tessellate><coordinates>107.987700,-7.157900,0 107.987700,-7.157900,0</coordinates></LineString><LineString><tessellate>1</tessellate><coordinates>107.986600,-7.157900,0 107.986600,-7.157900,0</coordinates></LineString><LineString><tessellate>1</tessellate><coordinates>107.986600,-7.157900,0 107.986600,-7.157900,0</coordinates></LineString><LineString><tessellate>1</tessellate><coordinates>107.984300,-7.157900,0 107.984200,-7.157900,0</coordinates></LineString><LineString><tessellate>1</tessellate><coordinates>107.984300,-7.157900,0 107.984200,-7.157900,0</coordinates></LineString><LineString><tessellate>1</tessellate><coordinates>107.987800,-7.157900,0 107.987700,-7.157900,0</coordinates></LineString><LineString><tessellate>1</tessellate><coordinates>107.987800,-7.157900,0 107.987700,-7.157900,0</coordinates></LineString><LineString><tessellate>1</tessellate><coordinates>107.984300,-7.157900,0 107.984300,-7.157900,0</coordinates></LineString><LineString><tessellate>1</tessellate><coordinates>107.984300,-7.157900,0 107.984300,-7.157900,0</coordinates></LineString><LineString><tessellate>1</tessellate><coordinates>107.986600,-7.157900,0 107.986600,-7.157900,0</coordinates></LineString><LineString><tessellate>1</tessellate><coordinates>107.986600,-7.157900,0 107.986600,-7.157900,0</coordinates></LineString><LineString><tessellate>1</tessellate><coordinates>107.987800,-7.157900,0 107.987800,-7.157900,0</coordinates></LineString><LineString><tessellate>1</tessellate><coordinates>107.987800,-7.157900,0 107.987800,-7.157900,0</coordinates></LineString><LineString><tessellate>1</tessellate><coordinates>107.987800,-7.157900,0 107.987800,-7.157900,0</coordinates></LineString><LineString><tessellate>1</tessellate><coordinates>107.987800,-7.157900,0 107.987800,-7.157900,0</coordinates></LineString><LineString><tessellate>1</tessellate><coordinates>107.984300,-7.157900,0 107.984300,-7.157900,0</coordinates></LineString><LineString><tessellate>1</tessellate><coordinates>107.984300,-7.157900,0 107.984300,-7.157900,0</coordinates></LineString><LineString><tessellate>1</tessellate><coordinates>107.986600,-7.157900,0 107.986500,-7.157800,0</coordinates></LineString><LineString><tessellate>1</tessellate><coordinates>107.986600,-7.157900,0 107.986500,-7.157800,0</coordinates></LineString><LineString><tessellate>1</tessellate><coordinates>107.987900,-7.157800,0 107.987800,-7.157900,0</coordinates></LineString><LineString><tessellate>1</tessellate><coordinates>107.987900,-7.157800,0 107.987800,-7.157900,0</coordinates></LineString><LineString><tessellate>1</tessellate><coordinates>107.984300,-7.157900,0 107.984300,-7.157900,0</coordinates></LineString><LineString><tessellate>1</tessellate><coordinates>107.984300,-7.157900,0 107.984300,-7.157900,0</coordinates></LineString><LineString><tessellate>1</tessellate><coordinates>107.987900,-7.157800,0 107.987900,-7.157800,0</coordinates></LineString><LineString><tessellate>1</tessellate><coordinates>107.987900,-7.157800,0 107.987900,-7.157800,0</coordinates></LineString><LineString><tessellate>1</tessellate><coordinates>107.986500,-7.157800,0 107.986500,-7.157800,0</coordinates></LineString><LineString><tessellate>1</tessellate><coordinates>107.986500,-7.157800,0 107.986500,-7.157800,0</coordinates></LineString><LineString><tessellate>1</tessellate><coordinates>107.987900,-7.157800,0 107.987900,-7.157800,0</coordinates></LineString><LineString><tessellate>1</tessellate><coordinates>107.987900,-7.157800,0 107.987900,-7.157800,0</coordinates></LineString><LineString><tessellate>1</tessellate><coordinates>107.984400,-7.157800,0 107.984300,-7.157900,0</coordinates></LineString><LineString><tessellate>1</tessellate><coordinates>107.984400,-7.157800,0 107.984300,-7.157800,0 107.984300,-7.157900,0</coordinates></LineString><LineString><tessellate>1</tessellate><coordinates>107.988000,-7.157800,0 107.987900,-7.157800,0</coordinates></LineString><LineString><tessellate>1</tessellate><coordinates>107.988000,-7.157800,0 107.987900,-7.157800,0</coordinates></LineString><LineString><tessellate>1</tessellate><coordinates>107.988000,-7.157800,0 107.988000,-7.157800,0</coordinates></LineString><LineString><tessellate>1</tessellate><coordinates>107.988000,-7.157800,0 107.988000,-7.157800,0</coordinates></LineString><LineString><tessellate>1</tessellate><coordinates>107.986500,-7.157800,0 107.986500,-7.157800,0</coordinates></LineString><LineString><tessellate>1</tessellate><coordinates>107.986500,-7.157800,0 107.986500,-7.157800,0</coordinates></LineString><LineString><tessellate>1</tessellate><coordinates>107.984400,-7.157800,0 107.984400,-7.157800,0</coordinates></LineString><LineString><tessellate>1</tessellate><coordinates>107.984400,-7.157800,0 107.984400,-7.157800,0</coordinates></LineString><LineString><tessellate>1</tessellate><coordinates>107.988000,-7.157800,0 107.988000,-7.157800,0</coordinates></LineString><LineString><tessellate>1</tessellate><coordinates>107.988000,-7.157800,0 107.988000,-7.157800,0</coordinates></LineString><LineString><tessellate>1</tessellate><coordinates>107.984400,-7.157800,0 107.984400,-7.157800,0</coordinates></LineString><LineString><tessellate>1</tessellate><coordinates>107.984400,-7.157800,0 107.984400,-7.157800,0</coordinates></LineString><LineString><tessellate>1</tessellate><coordinates>107.986500,-7.157800,0 107.986500,-7.157700,0</coordinates></LineString><LineString><tessellate>1</tessellate><coordinates>107.986500,-7.157800,0 107.986500,-7.157700,0</coordinates></LineString><LineString><tessellate>1</tessellate><coordinates>107.988100,-7.157800,0 107.988000,-7.157800,0</coordinates></LineString><LineString><tessellate>1</tessellate><coordinates>107.988100,-7.157800,0 107.988000,-7.157800,0</coordinates></LineString><LineString><tessellate>1</tessellate><coordinates>107.988100,-7.157800,0 107.988100,-7.157800,0</coordinates></LineString><LineString><tessellate>1</tessellate><coordinates>107.988100,-7.157700,0 107.988100,-7.157800,0</coordinates></LineString><LineString><tessellate>1</tessellate><coordinates>107.988100,-7.157700,0 107.988100,-7.157800,0</coordinates></LineString><LineString><tessellate>1</tessellate><coordinates>107.984400,-7.157800,0 107.984400,-7.157800,0</coordinates></LineString><LineString><tessellate>1</tessellate><coordinates>107.984400,-7.157800,0 107.984400,-7.157800,0</coordinates></LineString><LineString><tessellate>1</tessellate><coordinates>107.986500,-7.157700,0 107.986500,-7.157700,0</coordinates></LineString><LineString><tessellate>1</tessellate><coordinates>107.986500,-7.157700,0 107.986500,-7.157700,0</coordinates></LineString><LineString><tessellate>1</tessellate><coordinates>107.988100,-7.157700,0 107.988100,-7.157700,0</coordinates></LineString><LineString><tessellate>1</tessellate><coordinates>107.988100,-7.157700,0 107.988100,-7.157700,0</coordinates></LineString><LineString><tessellate>1</tessellate><coordinates>107.984500,-7.157700,0 107.984400,-7.157800,0</coordinates></LineString><LineString><tessellate>1</tessellate><coordinates>107.984500,-7.157700,0 107.984400,-7.157800,0</coordinates></LineString><LineString><tessellate>1</tessellate><coordinates>107.988200,-7.157700,0 107.988100,-7.157700,0</coordinates></LineString><LineString><tessellate>1</tessellate><coordinates>107.988200,-7.157700,0 107.988100,-7.157700,0</coordinates></LineString><LineString><tessellate>1</tessellate><coordinates>107.986500,-7.157700,0 107.986400,-7.157700,0</coordinates></LineString><LineString><tessellate>1</tessellate><coordinates>107.986500,-7.157700,0 107.986400,-7.157700,0</coordinates></LineString><LineString><tessellate>1</tessellate><coordinates>107.988200,-7.157700,0 107.988200,-7.157700,0</coordinates></LineString><LineString><tessellate>1</tessellate><coordinates>107.988200,-7.157700,0 107.988200,-7.157700,0</coordinates></LineString><LineString><tessellate>1</tessellate><coordinates>107.984500,-7.157700,0 107.984500,-7.157700,0</coordinates></LineString><LineString><tessellate>1</tessellate><coordinates>107.984500,-7.157700,0 107.984500,-7.157700,0</coordinates></LineString><LineString><tessellate>1</tessellate><coordinates>107.988200,-7.157700,0 107.988200,-7.157700,0</coordinates></LineString><LineString><tessellate>1</tessellate><coordinates>107.988200,-7.157700,0 107.988200,-7.157700,0</coordinates></LineString><LineString><tessellate>1</tessellate><coordinates>107.986400,-7.157700,0 107.986400,-7.157700,0</coordinates></LineString><LineString><tessellate>1</tessellate><coordinates>107.986400,-7.157700,0 107.986400,-7.157700,0</coordinates></LineString><LineString><tessellate>1</tessellate><coordinates>107.984500,-7.157700,0 107.984500,-7.157700,0</coordinates></LineString><LineString><tessellate>1</tessellate><coordinates>107.984500,-7.157700,0 107.984500,-7.157700,0</coordinates></LineString><LineString><tessellate>1</tessellate><coordinates>107.988300,-7.157700,0 107.988200,-7.157700,0</coordinates></LineString><LineString><tessellate>1</tessellate><coordinates>107.988300,-7.157700,0 107.988200,-7.157700,0</coordinates></LineString><LineString><tessellate>1</tessellate><coordinates>107.986400,-7.157700,0 107.986400,-7.157600,0</coordinates></LineString><LineString><tessellate>1</tessellate><coordinates>107.986400,-7.157700,0 107.986400,-7.157600,0</coordinates></LineString><LineString><tessellate>1</tessellate><coordinates>107.988300,-7.157700,0 107.988300,-7.157700,0</coordinates></LineString><LineString><tessellate>1</tessellate><coordinates>107.988300,-7.157700,0 107.988300,-7.157700,0</coordinates></LineString><LineString><tessellate>1</tessellate><coordinates>107.984500,-7.157700,0 107.984500,-7.157700,0</coordinates></LineString><LineString><tessellate>1</tessellate><coordinates>107.984500,-7.157700,0 107.984500,-7.157700,0</coordinates></LineString><LineString><tessellate>1</tessellate><coordinates>107.988300,-7.157600,0 107.988300,-7.157700,0</coordinates></LineString><LineString><tessellate>1</tessellate><coordinates>107.988300,-7.157600,0 107.988300,-7.157700,0</coordinates></LineString><LineString><tessellate>1</tessellate><coordinates>107.986400,-7.157600,0 107.986400,-7.157600,0</coordinates></LineString><LineString><tessellate>1</tessellate><coordinates>107.986400,-7.157600,0 107.986400,-7.157600,0</coordinates></LineString><LineString><tessellate>1</tessellate><coordinates>107.984500,-7.157700,0 107.984500,-7.157700,0</coordinates></LineString><LineString><tessellate>1</tessellate><coordinates>107.984500,-7.157700,0 107.984500,-7.157700,0</coordinates></LineString><LineString><tessellate>1</tessellate><coordinates>107.988400,-7.157600,0 107.988300,-7.157600,0</coordinates></LineString><LineString><tessellate>1</tessellate><coordinates>107.988400,-7.157600,0 107.988300,-7.157600,0</coordinates></LineString><LineString><tessellate>1</tessellate><coordinates>107.984600,-7.157600,0 107.984500,-7.157700,0</coordinates></LineString><LineString><tessellate>1</tessellate><coordinates>107.984600,-7.157600,0 107.984500,-7.157700,0</coordinates></LineString><LineString><tessellate>1</tessellate><coordinates>107.986400,-7.157600,0 107.986400,-7.157600,0</coordinates></LineString><LineString><tessellate>1</tessellate><coordinates>107.986400,-7.157600,0 107.986400,-7.157600,0</coordinates></LineString><LineString><tessellate>1</tessellate><coordinates>107.988400,-7.157600,0 107.988400,-7.157600,0</coordinates></LineString><LineString><tessellate>1</tessellate><coordinates>107.988400,-7.157600,0 107.988400,-7.157600,0</coordinates></LineString><LineString><tessellate>1</tessellate><coordinates>107.984600,-7.157600,0 107.984600,-7.157600,0</coordinates></LineString><LineString><tessellate>1</tessellate><coordinates>107.984600,-7.157600,0 107.984600,-7.157600,0</coordinates></LineString><LineString><tessellate>1</tessellate><coordinates>107.986400,-7.157600,0 107.986300,-7.157600,0</coordinates></LineString><LineString><tessellate>1</tessellate><coordinates>107.986400,-7.157600,0 107.986300,-7.157600,0</coordinates></LineString><LineString><tessellate>1</tessellate><coordinates>107.988400,-7.157600,0 107.988400,-7.157600,0</coordinates></LineString><LineString><tessellate>1</tessellate><coordinates>107.988400,-7.157600,0 107.988400,-7.157600,0</coordinates></LineString><LineString><tessellate>1</tessellate><coordinates>107.984600,-7.157600,0 107.984600,-7.157600,0</coordinates></LineString><LineString><tessellate>1</tessellate><coordinates>107.984600,-7.157600,0 107.984600,-7.157600,0</coordinates></LineString><LineString><tessellate>1</tessellate><coordinates>107.986300,-7.157600,0 107.986300,-7.157600,0</coordinates></LineString><LineString><tessellate>1</tessellate><coordinates>107.986300,-7.157600,0 107.986300,-7.157600,0</coordinates></LineString><LineString><tessellate>1</tessellate><coordinates>107.988400,-7.157600,0 107.988400,-7.157600,0</coordinates></LineString><LineString><tessellate>1</tessellate><coordinates>107.988400,-7.157600,0 107.988400,-7.157600,0</coordinates></LineString><LineString><tessellate>1</tessellate><coordinates>107.984600,-7.157600,0 107.984600,-7.157600,0</coordinates></LineString><LineString><tessellate>1</tessellate><coordinates>107.984600,-7.157600,0 107.984600,-7.157600,0</coordinates></LineString><LineString><tessellate>1</tessellate><coordinates>107.986300,-7.157600,0 107.986300,-7.157500,0</coordinates></LineString><LineString><tessellate>1</tessellate><coordinates>107.986300,-7.157600,0 107.986300,-7.157500,0</coordinates></LineString><LineString><tessellate>1</tessellate><coordinates>107.988400,-7.157500,0 107.988400,-7.157600,0</coordinates></LineString><LineString><tessellate>1</tessellate><coordinates>107.988400,-7.157500,0 107.988400,-7.157600,0</coordinates></LineString><LineString><tessellate>1</tessellate><coordinates>107.984700,-7.157500,0 107.984600,-7.157600,0</coordinates></LineString><LineString><tessellate>1</tessellate><coordinates>107.984700,-7.157500,0 107.984700,-7.157600,0 107.984600,-7.157600,0</coordinates></LineString><LineString><tessellate>1</tessellate><coordinates>107.986300,-7.157500,0 107.986300,-7.157500,0</coordinates></LineString><LineString><tessellate>1</tessellate><coordinates>107.986300,-7.157500,0 107.986300,-7.157500,0</coordinates></LineString><LineString><tessellate>1</tessellate><coordinates>107.984700,-7.157500,0 107.984700,-7.157500,0</coordinates></LineString><LineString><tessellate>1</tessellate><coordinates>107.984700,-7.157500,0 107.984700,-7.157500,0</coordinates></LineString><LineString><tessellate>1</tessellate><coordinates>107.988500,-7.157500,0 107.988400,-7.157500,0</coordinates></LineString><LineString><tessellate>1</tessellate><coordinates>107.988500,-7.157500,0 107.988400,-7.157500,0</coordinates></LineString><LineString><tessellate>1</tessellate><coordinates>107.986300,-7.157500,0 107.986300,-7.157500,0</coordinates></LineString><LineString><tessellate>1</tessellate><coordinates>107.986300,-7.157500,0 107.986300,-7.157500,0</coordinates></LineString><LineString><tessellate>1</tessellate><coordinates>107.984700,-7.157500,0 107.984700,-7.157500,0</coordinates></LineString><LineString><tessellate>1</tessellate><coordinates>107.984700,-7.157500,0 107.984700,-7.157500,0</coordinates></LineString><LineString><tessellate>1</tessellate><coordinates>107.986300,-7.157500,0 107.986200,-7.157500,0</coordinates></LineString><LineString><tessellate>1</tessellate><coordinates>107.986300,-7.157500,0 107.986200,-7.157500,0</coordinates></LineString><LineString><tessellate>1</tessellate><coordinates>107.988500,-7.157500,0 107.988500,-7.157500,0</coordinates></LineString><LineString><tessellate>1</tessellate><coordinates>107.988500,-7.157500,0 107.988500,-7.157500,0</coordinates></LineString><LineString><tessellate>1</tessellate><coordinates>107.986200,-7.157500,0 107.986200,-7.157400,0</coordinates></LineString><LineString><tessellate>1</tessellate><coordinates>107.986200,-7.157500,0 107.986200,-7.157400,0</coordinates></LineString><LineString><tessellate>1</tessellate><coordinates>107.988500,-7.157400,0 107.988500,-7.157500,0</coordinates></LineString><LineString><tessellate>1</tessellate><coordinates>107.988500,-7.157400,0 107.988500,-7.157500,0</coordinates></LineString><LineString><tessellate>1</tessellate><coordinates>107.986200,-7.157400,0 107.986200,-7.157400,0</coordinates></LineString><LineString><tessellate>1</tessellate><coordinates>107.986200,-7.157400,0 107.986200,-7.157400,0</coordinates></LineString><LineString><tessellate>1</tessellate><coordinates>107.988500,-7.157400,0 107.988500,-7.157400,0</coordinates></LineString><LineString><tessellate>1</tessellate><coordinates>107.988500,-7.157400,0 107.988500,-7.157400,0</coordinates></LineString><LineString><tessellate>1</tessellate><coordinates>107.986200,-7.157400,0 107.986200,-7.157400,0</coordinates></LineString><LineString><tessellate>1</tessellate><coordinates>107.986200,-7.157400,0 107.986200,-7.157400,0</coordinates></LineString><LineString><tessellate>1</tessellate><coordinates>107.988500,-7.157400,0 107.988500,-7.157400,0</coordinates></LineString><LineString><tessellate>1</tessellate><coordinates>107.988500,-7.157400,0 107.988500,-7.157400,0</coordinates></LineString><LineString><tessellate>1</tessellate><coordinates>107.986200,-7.157400,0 107.986200,-7.157400,0</coordinates></LineString><LineString><tessellate>1</tessellate><coordinates>107.986200,-7.157400,0 107.986200,-7.157400,0</coordinates></LineString><LineString><tessellate>1</tessellate><coordinates>107.986200,-7.157400,0 107.986100,-7.157300,0</coordinates></LineString><LineString><tessellate>1</tessellate><coordinates>107.986200,-7.157400,0 107.986100,-7.157300,0</coordinates></LineString><LineString><tessellate>1</tessellate><coordinates>107.988500,-7.157300,0 107.988500,-7.157400,0</coordinates></LineString><LineString><tessellate>1</tessellate><coordinates>107.988500,-7.157300,0 107.988500,-7.157400,0</coordinates></LineString><LineString><tessellate>1</tessellate><coordinates>107.986100,-7.157300,0 107.986100,-7.157300,0</coordinates></LineString><LineString><tessellate>1</tessellate><coordinates>107.986100,-7.157300,0 107.986100,-7.157300,0</coordinates></LineString><LineString><tessellate>1</tessellate><coordinates>107.988500,-7.157300,0 107.988500,-7.157300,0</coordinates></LineString><LineString><tessellate>1</tessellate><coordinates>107.988500,-7.157300,0 107.988500,-7.157300,0</coordinates></LineString><LineString><tessellate>1</tessellate><coordinates>107.986100,-7.157300,0 107.986100,-7.157300,0</coordinates></LineString><LineString><tessellate>1</tessellate><coordinates>107.986100,-7.157300,0 107.986100,-7.157300,0</coordinates></LineString><LineString><tessellate>1</tessellate><coordinates>107.988600,-7.157300,0 107.988500,-7.157300,0</coordinates></LineString><LineString><tessellate>1</tessellate><coordinates>107.988600,-7.157300,0 107.988500,-7.157300,0</coordinates></LineString><LineString><tessellate>1</tessellate><coordinates>107.986100,-7.157300,0 107.986100,-7.157300,0</coordinates></LineString><LineString><tessellate>1</tessellate><coordinates>107.986100,-7.157300,0 107.986100,-7.157300,0</coordinates></LineString><LineString><tessellate>1</tessellate><coordinates>107.985000,-7.157300,0 107.984900,-7.157300,0 107.984800,-7.157500,0 107.984700,-7.157500,0</coordinates></LineString><LineString><tessellate>1</tessellate><coordinates>107.986100,-7.157300,0 107.986000,-7.157200,0</coordinates></LineString><LineString><tessellate>1</tessellate><coordinates>107.986100,-7.157300,0 107.986000,-7.157200,0</coordinates></LineString><LineString><tessellate>1</tessellate><coordinates>107.988600,-7.157300,0 107.988600,-7.157300,0</coordinates></LineString><LineString><tessellate>1</tessellate><coordinates>107.988600,-7.157300,0 107.988600,-7.157300,0</coordinates></LineString><LineString><tessellate>1</tessellate><coordinates>107.986000,-7.157200,0 107.986000,-7.157200,0</coordinates></LineString><LineString><tessellate>1</tessellate><coordinates>107.986000,-7.157200,0 107.986000,-7.157200,0</coordinates></LineString><LineString><tessellate>1</tessellate><coordinates>107.985000,-7.157300,0 107.985000,-7.157300,0</coordinates></LineString><LineString><tessellate>1</tessellate><coordinates>107.985000,-7.157300,0 107.985000,-7.157300,0</coordinates></LineString><LineString><tessellate>1</tessellate><coordinates>107.988600,-7.157200,0 107.988600,-7.157300,0</coordinates></LineString><LineString><tessellate>1</tessellate><coordinates>107.988600,-7.157200,0 107.988600,-7.157300,0</coordinates></LineString><LineString><tessellate>1</tessellate><coordinates>107.986000,-7.157200,0 107.986000,-7.157200,0</coordinates></LineString><LineString><tessellate>1</tessellate><coordinates>107.986000,-7.157200,0 107.986000,-7.157200,0</coordinates></LineString><LineString><tessellate>1</tessellate><coordinates>107.985000,-7.157200,0 107.985000,-7.157300,0</coordinates></LineString><LineString><tessellate>1</tessellate><coordinates>107.985000,-7.157200,0 107.985000,-7.157300,0</coordinates></LineString><LineString><tessellate>1</tessellate><coordinates>107.988600,-7.157200,0 107.988600,-7.157200,0</coordinates></LineString><LineString><tessellate>1</tessellate><coordinates>107.988600,-7.157200,0 107.988600,-7.157200,0</coordinates></LineString><LineString><tessellate>1</tessellate><coordinates>107.986000,-7.157200,0 107.986000,-7.157200,0</coordinates></LineString><LineString><tessellate>1</tessellate><coordinates>107.986000,-7.157200,0 107.986000,-7.157200,0</coordinates></LineString><LineString><tessellate>1</tessellate><coordinates>107.985000,-7.157200,0 107.985000,-7.157200,0</coordinates></LineString><LineString><tessellate>1</tessellate><coordinates>107.985000,-7.157200,0 107.985000,-7.157200,0</coordinates></LineString><LineString><tessellate>1</tessellate><coordinates>107.986000,-7.157200,0 107.985900,-7.157200,0</coordinates></LineString><LineString><tessellate>1</tessellate><coordinates>107.986000,-7.157200,0 107.985900,-7.157200,0</coordinates></LineString><LineString><tessellate>1</tessellate><coordinates>107.985100,-7.157200,0 107.985000,-7.157200,0</coordinates></LineString><LineString><tessellate>1</tessellate><coordinates>107.985100,-7.157200,0 107.985000,-7.157200,0</coordinates></LineString><LineString><tessellate>1</tessellate><coordinates>107.988600,-7.157100,0 107.988600,-7.157200,0</coordinates></LineString><LineString><tessellate>1</tessellate><coordinates>107.988600,-7.157100,0 107.988600,-7.157200,0</coordinates></LineString><LineString><tessellate>1</tessellate><coordinates>107.988600,-7.157100,0 107.988600,-7.156800,0 107.988700,-7.156800,0 107.988700,-7.156600,0 107.988900,-7.156500,0 107.989000,-7.156300,0 107.989300,-7.156300,0 107.989300,-7.156200,0 107.989500,-7.156200,0 107.989500,-7.156100,0 107.989600,-7.156100,0 107.989600,-7.155900,0 107.989700,-7.155800,0 107.989700,-7.154400,0 107.989800,-7.154400,0 107.989800,-7.154200,0 107.989900,-7.154200,0 107.989900,-7.154000,0 107.990100,-7.153800,0 107.990500,-7.153600,0 107.990700,-7.153600,0 107.991300,-7.153300,0 107.991500,-7.153300,0</coordinates></LineString><LineString><tessellate>1</tessellate><coordinates>107.985900,-7.157200,0 107.985900,-7.157100,0</coordinates></LineString><LineString><tessellate>1</tessellate><coordinates>107.985900,-7.157200,0 107.985900,-7.157100,0</coordinates></LineString><LineString><tessellate>1</tessellate><coordinates>107.985100,-7.157200,0 107.985100,-7.157200,0</coordinates></LineString><LineString><tessellate>1</tessellate><coordinates>107.985100,-7.157200,0 107.985100,-7.157200,0</coordinates></LineString><LineString><tessellate>1</tessellate><coordinates>107.985900,-7.157100,0 107.985900,-7.157100,0</coordinates></LineString><LineString><tessellate>1</tessellate><coordinates>107.985900,-7.157100,0 107.985900,-7.157100,0</coordinates></LineString><LineString><tessellate>1</tessellate><coordinates>107.985100,-7.157100,0 107.985100,-7.157200,0</coordinates></LineString><LineString><tessellate>1</tessellate><coordinates>107.985100,-7.157100,0 107.985100,-7.157200,0</coordinates></LineString><LineString><tessellate>1</tessellate><coordinates>107.985100,-7.157100,0 107.985100,-7.157100,0</coordinates></LineString><LineString><tessellate>1</tessellate><coordinates>107.985100,-7.157100,0 107.985100,-7.157100,0</coordinates></LineString><LineString><tessellate>1</tessellate><coordinates>107.985900,-7.157100,0 107.985900,-7.157100,0</coordinates></LineString><LineString><tessellate>1</tessellate><coordinates>107.985900,-7.157100,0 107.985900,-7.157100,0</coordinates></LineString><LineString><tessellate>1</tessellate><coordinates>107.985200,-7.157100,0 107.985100,-7.157100,0</coordinates></LineString><LineString><tessellate>1</tessellate><coordinates>107.985200,-7.157100,0 107.985100,-7.157100,0</coordinates></LineString><LineString><tessellate>1</tessellate><coordinates>107.985900,-7.157100,0 107.985800,-7.157100,0</coordinates></LineString><LineString><tessellate>1</tessellate><coordinates>107.985900,-7.157100,0 107.985800,-7.157100,0</coordinates></LineString><LineString><tessellate>1</tessellate><coordinates>107.985200,-7.157100,0 107.985200,-7.157100,0</coordinates></LineString><LineString><tessellate>1</tessellate><coordinates>107.985200,-7.157100,0 107.985200,-7.157100,0</coordinates></LineString><LineString><tessellate>1</tessellate><coordinates>107.985800,-7.157100,0 107.985800,-7.157000,0</coordinates></LineString><LineString><tessellate>1</tessellate><coordinates>107.985800,-7.157100,0 107.985800,-7.157000,0</coordinates></LineString><LineString><tessellate>1</tessellate><coordinates>107.985200,-7.157000,0 107.985200,-7.157100,0</coordinates></LineString><LineString><tessellate>1</tessellate><coordinates>107.985200,-7.157000,0 107.985200,-7.157100,0</coordinates></LineString><LineString><tessellate>1</tessellate><coordinates>107.985800,-7.157000,0 107.985800,-7.157000,0</coordinates></LineString><LineString><tessellate>1</tessellate><coordinates>107.985800,-7.157000,0 107.985800,-7.157000,0</coordinates></LineString><LineString><tessellate>1</tessellate><coordinates>107.985200,-7.157000,0 107.985200,-7.157000,0</coordinates></LineString><LineString><tessellate>1</tessellate><coordinates>107.985200,-7.157000,0 107.985200,-7.157000,0</coordinates></LineString><LineString><tessellate>1</tessellate><coordinates>107.985800,-7.157000,0 107.985800,-7.157000,0</coordinates></LineString><LineString><tessellate>1</tessellate><coordinates>107.985800,-7.157000,0 107.985800,-7.157000,0</coordinates></LineString><LineString><tessellate>1</tessellate><coordinates>107.985300,-7.157000,0 107.985200,-7.157000,0</coordinates></LineString><LineString><tessellate>1</tessellate><coordinates>107.985300,-7.157000,0 107.985200,-7.157000,0</coordinates></LineString><LineString><tessellate>1</tessellate><coordinates>107.985800,-7.157000,0 107.985700,-7.157000,0</coordinates></LineString><LineString><tessellate>1</tessellate><coordinates>107.985800,-7.157000,0 107.985700,-7.157000,0</coordinates></LineString><LineString><tessellate>1</tessellate><coordinates>107.985300,-7.157000,0 107.985300,-7.157000,0</coordinates></LineString><LineString><tessellate>1</tessellate><coordinates>107.985300,-7.157000,0 107.985300,-7.157000,0</coordinates></LineString><LineString><tessellate>1</tessellate><coordinates>107.985700,-7.157000,0 107.985700,-7.156900,0</coordinates></LineString><LineString><tessellate>1</tessellate><coordinates>107.985700,-7.157000,0 107.985700,-7.156900,0</coordinates></LineString><LineString><tessellate>1</tessellate><coordinates>107.985300,-7.156900,0 107.985300,-7.157000,0</coordinates></LineString><LineString><tessellate>1</tessellate><coordinates>107.985300,-7.156900,0 107.985300,-7.157000,0</coordinates></LineString><LineString><tessellate>1</tessellate><coordinates>107.985700,-7.156900,0 107.985700,-7.156900,0</coordinates></LineString><LineString><tessellate>1</tessellate><coordinates>107.985700,-7.156900,0 107.985700,-7.156900,0</coordinates></LineString><LineString><tessellate>1</tessellate><coordinates>107.985300,-7.156900,0 107.985300,-7.156900,0</coordinates></LineString><LineString><tessellate>1</tessellate><coordinates>107.985300,-7.156900,0 107.985300,-7.156900,0</coordinates></LineString><LineString><tessellate>1</tessellate><coordinates>107.985700,-7.156900,0 107.985700,-7.156900,0</coordinates></LineString><LineString><tessellate>1</tessellate><coordinates>107.985700,-7.156900,0 107.985700,-7.156900,0</coordinates></LineString><LineString><tessellate>1</tessellate><coordinates>107.985400,-7.156900,0 107.985300,-7.156900,0</coordinates></LineString><LineString><tessellate>1</tessellate><coordinates>107.985400,-7.156900,0 107.985300,-7.156900,0</coordinates></LineString><LineString><tessellate>1</tessellate><coordinates>107.985400,-7.156900,0 107.985400,-7.156900,0</coordinates></LineString><LineString><tessellate>1</tessellate><coordinates>107.985400,-7.156900,0 107.985400,-7.156900,0</coordinates></LineString><LineString><tessellate>1</tessellate><coordinates>107.985700,-7.156900,0 107.985600,-7.156900,0</coordinates></LineString><LineString><tessellate>1</tessellate><coordinates>107.985700,-7.156900,0 107.985600,-7.156900,0</coordinates></LineString><LineString><tessellate>1</tessellate><coordinates>107.985600,-7.156900,0 107.985600,-7.156800,0</coordinates></LineString><LineString><tessellate>1</tessellate><coordinates>107.985600,-7.156900,0 107.985600,-7.156800,0</coordinates></LineString><LineString><tessellate>1</tessellate><coordinates>107.985400,-7.156900,0 107.985400,-7.156900,0</coordinates></LineString><LineString><tessellate>1</tessellate><coordinates>107.985400,-7.156900,0 107.985400,-7.156900,0</coordinates></LineString><LineString><tessellate>1</tessellate><coordinates>107.985600,-7.156800,0 107.985600,-7.156800,0</coordinates></LineString><LineString><tessellate>1</tessellate><coordinates>107.985600,-7.156800,0 107.985600,-7.156800,0</coordinates></LineString><LineString><tessellate>1</tessellate><coordinates>107.985400,-7.156800,0 107.985400,-7.156900,0</coordinates></LineString><LineString><tessellate>1</tessellate><coordinates>107.985400,-7.156800,0 107.985400,-7.156900,0</coordinates></LineString><LineString><tessellate>1</tessellate><coordinates>107.985600,-7.156800,0 107.985500,-7.156800,0</coordinates></LineString><LineString><tessellate>1</tessellate><coordinates>107.985600,-7.156800,0 107.985500,-7.156800,0</coordinates></LineString><LineString><tessellate>1</tessellate><coordinates>107.985500,-7.156800,0 107.985400,-7.156800,0</coordinates></LineString><LineString><tessellate>1</tessellate><coordinates>107.985500,-7.156800,0 107.985400,-7.156800,0</coordinates></LineString><LineString><tessellate>1</tessellate><coordinates>107.985500,-7.156800,0 107.985500,-7.156800,0</coordinates></LineString><LineString><tessellate>1</tessellate><coordinates>107.985500,-7.156800,0 107.985500,-7.156800,0</coordinates></LineString><LineString><tessellate>1</tessellate><coordinates>107.985500,-7.156800,0 107.985500,-7.156800,0</coordinates></LineString><LineString><tessellate>1</tessellate><coordinates>107.985500,-7.156800,0 107.985500,-7.156800,0</coordinates></LineString><LineString><tessellate>1</tessellate><coordinates>107.991500,-7.153300,0 107.991500,-7.153300,0</coordinates></LineString><LineString><tessellate>1</tessellate><coordinates>107.991500,-7.153300,0 107.991600,-7.153300,0</coordinates></LineString><LineString><tessellate>1</tessellate><coordinates>107.991500,-7.153300,0 107.991600,-7.153300,0</coordinates></LineString><LineString><tessellate>1</tessellate><coordinates>107.991600,-7.153300,0 107.991600,-7.153200,0</coordinates></LineString><LineString><tessellate>1</tessellate><coordinates>107.991600,-7.153300,0 107.991600,-7.153200,0</coordinates></LineString><LineString><tessellate>1</tessellate><coordinates>107.991600,-7.153200,0 107.991700,-7.153200,0</coordinates></LineString><LineString><tessellate>1</tessellate><coordinates>107.991600,-7.153200,0 107.991700,-7.153200,0</coordinates></LineString><LineString><tessellate>1</tessellate><coordinates>107.991700,-7.153200,0 107.991700,-7.153200,0</coordinates></LineString><LineString><tessellate>1</tessellate><coordinates>107.991700,-7.153200,0 107.991700,-7.153200,0</coordinates></LineString><LineString><tessellate>1</tessellate><coordinates>107.991700,-7.153200,0 107.991700,-7.153200,0</coordinates></LineString><LineString><tessellate>1</tessellate><coordinates>107.991700,-7.153200,0 107.991700,-7.153200,0</coordinates></LineString><LineString><tessellate>1</tessellate><coordinates>107.991700,-7.153200,0 107.991800,-7.153200,0</coordinates></LineString><LineString><tessellate>1</tessellate><coordinates>107.991700,-7.153200,0 107.991800,-7.153200,0</coordinates></LineString><LineString><tessellate>1</tessellate><coordinates>107.991800,-7.153200,0 107.991800,-7.153200,0</coordinates></LineString><LineString><tessellate>1</tessellate><coordinates>107.991800,-7.153200,0 107.991800,-7.153200,0</coordinates></LineString><LineString><tessellate>1</tessellate><coordinates>107.991800,-7.153200,0 107.991900,-7.153200,0</coordinates></LineString><LineString><tessellate>1</tessellate><coordinates>107.991800,-7.153200,0 107.991900,-7.153200,0</coordinates></LineString><LineString><tessellate>1</tessellate><coordinates>107.991900,-7.153200,0 107.991900,-7.153200,0</coordinates></LineString><LineString><tessellate>1</tessellate><coordinates>107.991900,-7.153200,0 107.991900,-7.153200,0</coordinates></LineString><LineString><tessellate>1</tessellate><coordinates>107.991900,-7.153200,0 107.991900,-7.153200,0</coordinates></LineString><LineString><tessellate>1</tessellate><coordinates>107.991900,-7.153200,0 107.991900,-7.153200,0</coordinates></LineString><LineString><tessellate>1</tessellate><coordinates>107.991900,-7.153200,0 107.992000,-7.153200,0</coordinates></LineString><LineString><tessellate>1</tessellate><coordinates>107.991900,-7.153200,0 107.992000,-7.153200,0</coordinates></LineString><LineString><tessellate>1</tessellate><coordinates>107.992000,-7.153200,0 107.992000,-7.153200,0</coordinates></LineString><LineString><tessellate>1</tessellate><coordinates>107.992000,-7.153200,0 107.992000,-7.153200,0</coordinates></LineString><LineString><tessellate>1</tessellate><coordinates>107.992000,-7.153200,0 107.992000,-7.153200,0</coordinates></LineString><LineString><tessellate>1</tessellate><coordinates>107.992000,-7.153200,0 107.992100,-7.153200,0</coordinates></LineString><LineString><tessellate>1</tessellate><coordinates>107.992000,-7.153200,0 107.992100,-7.153200,0</coordinates></LineString><LineString><tessellate>1</tessellate><coordinates>107.992100,-7.153200,0 107.992100,-7.153200,0</coordinates></LineString><LineString><tessellate>1</tessellate><coordinates>107.992100,-7.153200,0 107.992100,-7.153200,0</coordinates></LineString><LineString><tessellate>1</tessellate><coordinates>107.992100,-7.153200,0 107.992200,-7.153200,0</coordinates></LineString><LineString><tessellate>1</tessellate><coordinates>107.992100,-7.153200,0 107.992200,-7.153200,0</coordinates></LineString><LineString><tessellate>1</tessellate><coordinates>107.992200,-7.153200,0 107.992200,-7.153200,0</coordinates></LineString><LineString><tessellate>1</tessellate><coordinates>107.992200,-7.153200,0 107.992200,-7.153200,0</coordinates></LineString><LineString><tessellate>1</tessellate><coordinates>107.992200,-7.153200,0 107.992200,-7.153200,0</coordinates></LineString><LineString><tessellate>1</tessellate><coordinates>107.992200,-7.153200,0 107.992200,-7.153200,0</coordinates></LineString><LineString><tessellate>1</tessellate><coordinates>107.992200,-7.153200,0 107.992300,-7.153200,0</coordinates></LineString><LineString><tessellate>1</tessellate><coordinates>107.992200,-7.153200,0 107.992300,-7.153200,0</coordinates></LineString><LineString><tessellate>1</tessellate><coordinates>107.992300,-7.153200,0 107.992300,-7.153200,0</coordinates></LineString><LineString><tessellate>1</tessellate><coordinates>107.992300,-7.153200,0 107.992300,-7.153200,0</coordinates></LineString><LineString><tessellate>1</tessellate><coordinates>107.992300,-7.153200,0 107.992400,-7.153200,0</coordinates></LineString><LineString><tessellate>1</tessellate><coordinates>107.992300,-7.153200,0 107.992400,-7.153200,0</coordinates></LineString><LineString><tessellate>1</tessellate><coordinates>107.992400,-7.153200,0 107.992400,-7.153200,0</coordinates></LineString><LineString><tessellate>1</tessellate><coordinates>107.992400,-7.153200,0 107.992400,-7.153200,0</coordinates></LineString><LineString><tessellate>1</tessellate><coordinates>107.992400,-7.153200,0 107.992400,-7.153100,0</coordinates></LineString><LineString><tessellate>1</tessellate><coordinates>107.992400,-7.153200,0 107.992400,-7.153100,0</coordinates></LineString><LineString><tessellate>1</tessellate><coordinates>107.992400,-7.153100,0 107.992500,-7.153100,0</coordinates></LineString><LineString><tessellate>1</tessellate><coordinates>107.992400,-7.153100,0 107.992500,-7.153100,0</coordinates></LineString><LineString><tessellate>1</tessellate><coordinates>107.992500,-7.153100,0 107.992500,-7.153100,0</coordinates></LineString><LineString><tessellate>1</tessellate><coordinates>107.992500,-7.153100,0 107.992500,-7.153100,0</coordinates></LineString><LineString><tessellate>1</tessellate><coordinates>107.992500,-7.153100,0 107.992600,-7.153100,0</coordinates></LineString><LineString><tessellate>1</tessellate><coordinates>107.992500,-7.153100,0 107.992600,-7.153100,0</coordinates></LineString><LineString><tessellate>1</tessellate><coordinates>107.992600,-7.153100,0 107.992600,-7.153100,0</coordinates></LineString><LineString><tessellate>1</tessellate><coordinates>107.992600,-7.153100,0 107.992600,-7.153100,0</coordinates></LineString><LineString><tessellate>1</tessellate><coordinates>107.992600,-7.153100,0 107.992600,-7.153100,0</coordinates></LineString><LineString><tessellate>1</tessellate><coordinates>107.992600,-7.153100,0 107.992600,-7.153100,0</coordinates></LineString><LineString><tessellate>1</tessellate><coordinates>107.992600,-7.153100,0 107.992700,-7.153100,0</coordinates></LineString><LineString><tessellate>1</tessellate><coordinates>107.992600,-7.153100,0 107.992700,-7.153100,0</coordinates></LineString><LineString><tessellate>1</tessellate><coordinates>107.992700,-7.153100,0 107.992700,-7.153100,0</coordinates></LineString><LineString><tessellate>1</tessellate><coordinates>107.992700,-7.153100,0 107.992700,-7.153100,0</coordinates></LineString><LineString><tessellate>1</tessellate><coordinates>107.992700,-7.153100,0 107.992800,-7.153000,0</coordinates></LineString><LineString><tessellate>1</tessellate><coordinates>107.992700,-7.153100,0 107.992800,-7.153000,0</coordinates></LineString><LineString><tessellate>1</tessellate><coordinates>107.992800,-7.153000,0 107.992800,-7.153000,0</coordinates></LineString><LineString><tessellate>1</tessellate><coordinates>107.992800,-7.153000,0 107.992800,-7.153000,0</coordinates></LineString><LineString><tessellate>1</tessellate><coordinates>107.992800,-7.153000,0 107.992800,-7.153000,0</coordinates></LineString><LineString><tessellate>1</tessellate><coordinates>107.992800,-7.153000,0 107.992800,-7.153000,0</coordinates></LineString><LineString><tessellate>1</tessellate><coordinates>107.992800,-7.153000,0 107.992900,-7.153000,0</coordinates></LineString><LineString><tessellate>1</tessellate><coordinates>107.992800,-7.153000,0 107.992900,-7.153000,0</coordinates></LineString><LineString><tessellate>1</tessellate><coordinates>107.992900,-7.153000,0 107.992900,-7.153000,0</coordinates></LineString><LineString><tessellate>1</tessellate><coordinates>107.992900,-7.153000,0 107.992900,-7.153000,0</coordinates></LineString><LineString><tessellate>1</tessellate><coordinates>107.992900,-7.153000,0 107.992900,-7.153000,0</coordinates></LineString><LineString><tessellate>1</tessellate><coordinates>107.992900,-7.153000,0 107.992900,-7.153000,0</coordinates></LineString><LineString><tessellate>1</tessellate><coordinates>107.992900,-7.153000,0 107.993000,-7.152900,0</coordinates></LineString><LineString><tessellate>1</tessellate><coordinates>107.992900,-7.153000,0 107.993000,-7.152900,0</coordinates></LineString><LineString><tessellate>1</tessellate><coordinates>107.993000,-7.152900,0 107.993000,-7.152900,0</coordinates></LineString><LineString><tessellate>1</tessellate><coordinates>107.993000,-7.152900,0 107.993000,-7.152900,0</coordinates></LineString><LineString><tessellate>1</tessellate><coordinates>107.993000,-7.152900,0 107.993100,-7.152900,0</coordinates></LineString><LineString><tessellate>1</tessellate><coordinates>107.993000,-7.152900,0 107.993100,-7.152900,0</coordinates></LineString><LineString><tessellate>1</tessellate><coordinates>107.993100,-7.152900,0 107.993100,-7.152900,0</coordinates></LineString><LineString><tessellate>1</tessellate><coordinates>107.993100,-7.152900,0 107.993100,-7.152900,0</coordinates></LineString><LineString><tessellate>1</tessellate><coordinates>107.993100,-7.152900,0 107.993100,-7.152900,0</coordinates></LineString><LineString><tessellate>1</tessellate><coordinates>107.993100,-7.152900,0 107.993100,-7.152900,0</coordinates></LineString><LineString><tessellate>1</tessellate><coordinates>107.993100,-7.152900,0 107.993200,-7.152800,0</coordinates></LineString><LineString><tessellate>1</tessellate><coordinates>107.993100,-7.152900,0 107.993200,-7.152800,0</coordinates></LineString><LineString><tessellate>1</tessellate><coordinates>107.993200,-7.152800,0 107.993200,-7.152800,0</coordinates></LineString><LineString><tessellate>1</tessellate><coordinates>107.993200,-7.152800,0 107.993200,-7.152800,0</coordinates></LineString><LineString><tessellate>1</tessellate><coordinates>107.993200,-7.152800,0 107.993200,-7.152800,0</coordinates></LineString><LineString><tessellate>1</tessellate><coordinates>107.993200,-7.152800,0 107.993200,-7.152800,0</coordinates></LineString><LineString><tessellate>1</tessellate><coordinates>107.993200,-7.152800,0 107.993300,-7.152800,0</coordinates></LineString><LineString><tessellate>1</tessellate><coordinates>107.993200,-7.152800,0 107.993300,-7.152800,0</coordinates></LineString><LineString><tessellate>1</tessellate><coordinates>107.993300,-7.152800,0 107.993300,-7.152800,0</coordinates></LineString><LineString><tessellate>1</tessellate><coordinates>107.993300,-7.152800,0 107.993300,-7.152800,0</coordinates></LineString><LineString><tessellate>1</tessellate><coordinates>107.993300,-7.152800,0 107.993300,-7.152700,0</coordinates></LineString><LineString><tessellate>1</tessellate><coordinates>107.993300,-7.152800,0 107.993300,-7.152700,0</coordinates></LineString><LineString><tessellate>1</tessellate><coordinates>107.993300,-7.152700,0 107.993300,-7.152700,0</coordinates></LineString><LineString><tessellate>1</tessellate><coordinates>107.993300,-7.152700,0 107.993300,-7.152700,0</coordinates></LineString><LineString><tessellate>1</tessellate><coordinates>107.993300,-7.152700,0 107.993400,-7.152700,0</coordinates></LineString><LineString><tessellate>1</tessellate><coordinates>107.993300,-7.152700,0 107.993400,-7.152700,0</coordinates></LineString><LineString><tessellate>1</tessellate><coordinates>107.993400,-7.152700,0 107.993400,-7.152700,0</coordinates></LineString><LineString><tessellate>1</tessellate><coordinates>107.993400,-7.152700,0 107.993400,-7.152700,0</coordinates></LineString><LineString><tessellate>1</tessellate><coordinates>107.993400,-7.152700,0 107.993400,-7.152600,0</coordinates></LineString><LineString><tessellate>1</tessellate><coordinates>107.993400,-7.152700,0 107.993400,-7.152600,0</coordinates></LineString><LineString><tessellate>1</tessellate><coordinates>107.993400,-7.152600,0 107.993500,-7.152600,0</coordinates></LineString><LineString><tessellate>1</tessellate><coordinates>107.993400,-7.152600,0 107.993500,-7.152600,0</coordinates></LineString><LineString><tessellate>1</tessellate><coordinates>107.993500,-7.152600,0 107.993500,-7.152600,0</coordinates></LineString><LineString><tessellate>1</tessellate><coordinates>107.993500,-7.152600,0 107.993500,-7.152600,0</coordinates></LineString><LineString><tessellate>1</tessellate><coordinates>107.993500,-7.152600,0 107.993500,-7.152600,0</coordinates></LineString><LineString><tessellate>1</tessellate><coordinates>107.993500,-7.152600,0 107.993500,-7.152600,0</coordinates></LineString><LineString><tessellate>1</tessellate><coordinates>107.993500,-7.152600,0 107.993600,-7.152500,0</coordinates></LineString><LineString><tessellate>1</tessellate><coordinates>107.993500,-7.152600,0 107.993600,-7.152500,0</coordinates></LineString><LineString><tessellate>1</tessellate><coordinates>107.993600,-7.152500,0 107.993600,-7.152500,0</coordinates></LineString><LineString><tessellate>1</tessellate><coordinates>107.993600,-7.152500,0 107.993600,-7.152500,0</coordinates></LineString><LineString><tessellate>1</tessellate><coordinates>107.993600,-7.152500,0 107.993600,-7.152500,0</coordinates></LineString><LineString><tessellate>1</tessellate><coordinates>107.993600,-7.152500,0 107.993600,-7.152500,0</coordinates></LineString><LineString><tessellate>1</tessellate><coordinates>107.993600,-7.152500,0 107.993700,-7.152500,0</coordinates></LineString><LineString><tessellate>1</tessellate><coordinates>107.993600,-7.152500,0 107.993700,-7.152500,0</coordinates></LineString><LineString><tessellate>1</tessellate><coordinates>107.993700,-7.152500,0 107.993700,-7.152400,0</coordinates></LineString><LineString><tessellate>1</tessellate><coordinates>107.993700,-7.152500,0 107.993700,-7.152400,0</coordinates></LineString><LineString><tessellate>1</tessellate><coordinates>107.993700,-7.152400,0 107.993900,-7.152300,0</coordinates></LineString><LineString><tessellate>1</tessellate><coordinates>107.993900,-7.152300,0 107.994000,-7.152200,0</coordinates></LineString><LineString><tessellate>1</tessellate><coordinates>107.993900,-7.152300,0 107.994000,-7.152200,0</coordinates></LineString><LineString><tessellate>1</tessellate><coordinates>107.994000,-7.152200,0 107.994000,-7.152200,0</coordinates></LineString><LineString><tessellate>1</tessellate><coordinates>107.994000,-7.152200,0 107.994000,-7.152200,0</coordinates></LineString><LineString><tessellate>1</tessellate><coordinates>107.994000,-7.152200,0 107.994000,-7.152200,0</coordinates></LineString><LineString><tessellate>1</tessellate><coordinates>107.994000,-7.152200,0 107.994000,-7.152200,0</coordinates></LineString><LineString><tessellate>1</tessellate><coordinates>107.994000,-7.152200,0 107.994100,-7.152200,0 107.994100,-7.152100,0</coordinates></LineString><LineString><tessellate>1</tessellate><coordinates>107.994000,-7.152200,0 107.994100,-7.152100,0</coordinates></LineString><LineString><tessellate>1</tessellate><coordinates>107.994100,-7.152100,0 107.994100,-7.152100,0</coordinates></LineString><LineString><tessellate>1</tessellate><coordinates>107.994100,-7.152100,0 107.994100,-7.152100,0</coordinates></LineString><LineString><tessellate>1</tessellate><coordinates>107.994100,-7.152100,0 107.994100,-7.152100,0</coordinates></LineString><LineString><tessellate>1</tessellate><coordinates>107.994100,-7.152100,0 107.994100,-7.152100,0</coordinates></LineString><LineString><tessellate>1</tessellate><coordinates>107.994100,-7.152100,0 107.994200,-7.152100,0</coordinates></LineString><LineString><tessellate>1</tessellate><coordinates>107.994100,-7.152100,0 107.994200,-7.152100,0</coordinates></LineString><LineString><tessellate>1</tessellate><coordinates>107.994200,-7.152100,0 107.994200,-7.152000,0</coordinates></LineString><LineString><tessellate>1</tessellate><coordinates>107.994200,-7.152100,0 107.994200,-7.152000,0</coordinates></LineString><LineString><tessellate>1</tessellate><coordinates>107.994200,-7.152000,0 107.994200,-7.152000,0</coordinates></LineString><LineString><tessellate>1</tessellate><coordinates>107.994200,-7.152000,0 107.994200,-7.152000,0</coordinates></LineString><LineString><tessellate>1</tessellate><coordinates>107.994200,-7.152000,0 107.994300,-7.152000,0</coordinates></LineString><LineString><tessellate>1</tessellate><coordinates>107.994200,-7.152000,0 107.994300,-7.152000,0</coordinates></LineString><LineString><tessellate>1</tessellate><coordinates>107.994300,-7.152000,0 107.994300,-7.152000,0</coordinates></LineString><LineString><tessellate>1</tessellate><coordinates>107.994300,-7.152000,0 107.994300,-7.152000,0</coordinates></LineString><LineString><tessellate>1</tessellate><coordinates>107.994300,-7.152000,0 107.994300,-7.152000,0</coordinates></LineString><LineString><tessellate>1</tessellate><coordinates>107.994300,-7.152000,0 107.994300,-7.152000,0</coordinates></LineString><LineString><tessellate>1</tessellate><coordinates>107.994300,-7.152000,0 107.994300,-7.151900,0 107.994400,-7.151900,0</coordinates></LineString><LineString><tessellate>1</tessellate><coordinates>107.994300,-7.152000,0 107.994400,-7.151900,0</coordinates></LineString><LineString><tessellate>1</tessellate><coordinates>107.994400,-7.151900,0 107.994400,-7.151900,0</coordinates></LineString><LineString><tessellate>1</tessellate><coordinates>107.994400,-7.151900,0 107.994400,-7.151900,0</coordinates></LineString><LineString><tessellate>1</tessellate><coordinates>107.994400,-7.151900,0 107.994400,-7.151900,0</coordinates></LineString><LineString><tessellate>1</tessellate><coordinates>107.994400,-7.151900,0 107.994400,-7.151900,0</coordinates></LineString><LineString><tessellate>1</tessellate><coordinates>107.994400,-7.151900,0 107.994500,-7.151900,0</coordinates></LineString><LineString><tessellate>1</tessellate><coordinates>107.994400,-7.151900,0 107.994500,-7.151900,0</coordinates></LineString><LineString><tessellate>1</tessellate><coordinates>107.994500,-7.151900,0 107.994500,-7.151800,0</coordinates></LineString><LineString><tessellate>1</tessellate><coordinates>107.994500,-7.151900,0 107.994500,-7.151800,0</coordinates></LineString><LineString><tessellate>1</tessellate><coordinates>107.994500,-7.151800,0 107.994500,-7.151800,0</coordinates></LineString><LineString><tessellate>1</tessellate><coordinates>107.994500,-7.151800,0 107.994500,-7.151800,0</coordinates></LineString><LineString><tessellate>1</tessellate><coordinates>107.994500,-7.151800,0 107.994600,-7.151800,0</coordinates></LineString><LineString><tessellate>1</tessellate><coordinates>107.994500,-7.151800,0 107.994600,-7.151800,0</coordinates></LineString><LineString><tessellate>1</tessellate><coordinates>107.994600,-7.151800,0 107.994600,-7.151800,0</coordinates></LineString><LineString><tessellate>1</tessellate><coordinates>107.994600,-7.151800,0 107.994600,-7.151800,0</coordinates></LineString><LineString><tessellate>1</tessellate><coordinates>107.994600,-7.151800,0 107.994600,-7.151700,0</coordinates></LineString><LineString><tessellate>1</tessellate><coordinates>107.994600,-7.151800,0 107.994600,-7.151700,0</coordinates></LineString><LineString><tessellate>1</tessellate><coordinates>107.994600,-7.151700,0 107.994700,-7.151700,0</coordinates></LineString><LineString><tessellate>1</tessellate><coordinates>107.994600,-7.151700,0 107.994700,-7.151700,0</coordinates></LineString><LineString><tessellate>1</tessellate><coordinates>107.994700,-7.151700,0 107.994700,-7.151700,0</coordinates></LineString><LineString><tessellate>1</tessellate><coordinates>107.994700,-7.151700,0 107.994700,-7.151700,0</coordinates></LineString><LineString><tessellate>1</tessellate><coordinates>107.994700,-7.151700,0 107.994700,-7.151700,0</coordinates></LineString><LineString><tessellate>1</tessellate><coordinates>107.994700,-7.151700,0 107.994700,-7.151700,0</coordinates></LineString><LineString><tessellate>1</tessellate><coordinates>107.994700,-7.151700,0 107.994800,-7.151700,0</coordinates></LineString><LineString><tessellate>1</tessellate><coordinates>107.994700,-7.151700,0 107.994800,-7.151700,0</coordinates></LineString><LineString><tessellate>1</tessellate><coordinates>107.994800,-7.151700,0 107.994800,-7.151600,0 107.994900,-7.151600,0 107.997600,-7.149800,0 107.998100,-7.149300,0 107.999400,-7.148400,0 107.999600,-7.148200,0 107.999900,-7.147100,0 108.001300,-7.145900,0 108.001400,-7.145900,0 108.001400,-7.145800,0 108.001600,-7.145800,0 108.003200,-7.146600,0 108.004000,-7.146500,0 108.004000,-7.146400,0 108.004200,-7.146300,0 108.004200,-7.146200,0 108.004800,-7.146200,0 108.004800,-7.145900,0</coordinates></LineString></MultiGeometry></Placemark><Placemark><name>CP.Ka.12 dan Suplesi Situ Sunarsa</name><styleUrl>#g2</styleUrl><description><![CDATA[<table><tr><td>Luas dilayani</td><td align='right'><b>21,3717</b> ha</td></tr><tr><td>Luas dilayani</td><td align='right'><b>213.717</b> m²</td></tr><tr><td>Jenis saluran</td><td align='right'><b>Tersier</b> </td></tr><tr><td>Panjang</td><td align='right'><b>2,10</b> km</td></tr><tr><td>Ruas di hilirnya</td><td align='right'><b>0</b> ruas</td></tr><tr><td>Layanan menempel ruas</td><td align='right'><b>43,0</b> ha</td></tr><tr><td>Tinggi rata-rata</td><td align='right'><b>666,0</b> m dpl</td></tr><tr><td>Rezim</td><td align='right'><b>FL</b> </td></tr><tr><td>Kebutuhan air lewat ruas</td><td align='right'><b>49.252</b> m³</td></tr><tr><td>Kebutuhan air lahan layanannya</td><td align='right'><b>230</b> mm</td></tr><tr><td>Debit di hulu ruas</td><td align='right'><b>4,52</b> l/detik</td></tr><tr><td>NFR</td><td align='right'><b>1,65</b> mm/hari</td></tr><tr><td>Water loss di hilirnya</td><td align='right'><b>307.070</b> m³</td></tr><tr><td>Water loss</td><td align='right'><b>1.437</b> mm</td></tr><tr><td>Waktu tempuh ruas ini</td><td align='right'><b>3,06</b> jam</td></tr><tr><td>Kecepatan aliran</td><td align='right'><b>0,191</b> m/detik</td></tr><tr><td>Kedalaman air (rancangan)</td><td align='right'><b>0,10</b> m</td></tr></table>]]></description><MultiGeometry><LineString><tessellate>1</tessellate><coordinates>107.986900,-7.155500,0 107.986500,-7.155400,0 107.986500,-7.155300,0 107.986000,-7.154700,0 107.985700,-7.153900,0 107.985500,-7.153700,0 107.984400,-7.153200,0 107.984200,-7.152200,0 107.984000,-7.151800,0 107.983800,-7.151800,0 107.983600,-7.152000,0 107.983500,-7.152000,0 107.983500,-7.152100,0 107.983300,-7.152300,0 107.982700,-7.152200,0 107.982300,-7.152800,0 107.982100,-7.152800,0 107.982300,-7.152300,0 107.982300,-7.152100,0 107.983200,-7.150100,0 107.982500,-7.149500,0</coordinates></LineString><LineString><tessellate>1</tessellate><coordinates>107.982500,-7.149500,0 107.981300,-7.148600,0</coordinates></LineString><LineString><tessellate>1</tessellate><coordinates>107.982500,-7.149500,0 107.980000,-7.147500,0 107.979200,-7.146200,0 107.979400,-7.145100,0</coordinates></LineString></MultiGeometry></Placemark><Placemark><name>CP.Ka.9.Ki</name><styleUrl>#g2</styleUrl><description><![CDATA[<table><tr><td>Luas dilayani</td><td align='right'><b>39,4225</b> ha</td></tr><tr><td>Luas dilayani</td><td align='right'><b>394.225</b> m²</td></tr><tr><td>Jenis saluran</td><td align='right'><b>Tersier</b> </td></tr><tr><td>Panjang</td><td align='right'><b>0,25</b> km</td></tr><tr><td>Ruas di hulunya</td><td align='right'><b>SI Copong Kanan</b> </td></tr><tr><td>Ruas di hilirnya</td><td align='right'><b>0</b> ruas</td></tr><tr><td>Layanan menempel ruas</td><td align='right'><b>39,4</b> ha</td></tr><tr><td>Tinggi rata-rata</td><td align='right'><b>682,0</b> m dpl</td></tr><tr><td>Rezim</td><td align='right'><b>FL</b> </td></tr><tr><td>Kebutuhan air lewat ruas</td><td align='right'><b>90.852</b> m³</td></tr><tr><td>Kebutuhan air lahan layanannya</td><td align='right'><b>230</b> mm</td></tr><tr><td>Debit di hulu ruas</td><td align='right'><b>8,35</b> l/detik</td></tr><tr><td>NFR</td><td align='right'><b>1,65</b> mm/hari</td></tr><tr><td>Water loss di hilirnya</td><td align='right'><b>566.120</b> m³</td></tr><tr><td>Water loss</td><td align='right'><b>1.436</b> mm</td></tr><tr><td>Air sampai dari bendung</td><td align='right'><b>13,0</b> jam</td></tr><tr><td>Respons hidraulik dari bendung</td><td align='right'><b>9,5</b> jam</td></tr><tr><td>Waktu tempuh ruas ini</td><td align='right'><b>0,31</b> jam</td></tr><tr><td>Kecepatan aliran</td><td align='right'><b>0,222</b> m/detik</td></tr><tr><td>Kedalaman air (rancangan)</td><td align='right'><b>0,13</b> m</td></tr></table>]]></description><LineString><tessellate>1</tessellate><coordinates>107.974700,-7.164100,0 107.974600,-7.164000,0 107.974600,-7.163000,0 107.974700,-7.162900,0 107.975200,-7.162800,0 107.975600,-7.162600,0</coordinates></LineString></Placemark><Placemark><name>CP.Ka.10.Ki</name><styleUrl>#g3</styleUrl><description><![CDATA[<table><tr><td>Luas dilayani</td><td align='right'><b>80,1413</b> ha</td></tr><tr><td>Luas dilayani</td><td align='right'><b>801.413</b> m²</td></tr><tr><td>Jenis saluran</td><td align='right'><b>Tersier</b> </td></tr><tr><td>Panjang</td><td align='right'><b>0,55</b> km</td></tr><tr><td>Ruas di hulunya</td><td align='right'><b>SI Copong Kanan</b> </td></tr><tr><td>Ruas di hilirnya</td><td align='right'><b>0</b> ruas</td></tr><tr><td>Layanan menempel ruas</td><td align='right'><b>80,1</b> ha</td></tr><tr><td>Tinggi rata-rata</td><td align='right'><b>682,0</b> m dpl</td></tr><tr><td>Rezim</td><td align='right'><b>FL</b> </td></tr><tr><td>Kebutuhan air lewat ruas</td><td align='right'><b>184.692</b> m³</td></tr><tr><td>Kebutuhan air lahan layanannya</td><td align='right'><b>230</b> mm</td></tr><tr><td>Debit di hulu ruas</td><td align='right'><b>16,97</b> l/detik</td></tr><tr><td>NFR</td><td align='right'><b>1,65</b> mm/hari</td></tr><tr><td>Water loss di hilirnya</td><td align='right'><b>1.150.855</b> m³</td></tr><tr><td>Water loss</td><td align='right'><b>1.436</b> mm</td></tr><tr><td>Air sampai dari bendung</td><td align='right'><b>13,3</b> jam</td></tr><tr><td>Respons hidraulik dari bendung</td><td align='right'><b>9,7</b> jam</td></tr><tr><td>Waktu tempuh ruas ini</td><td align='right'><b>0,57</b> jam</td></tr><tr><td>Kecepatan aliran</td><td align='right'><b>0,265</b> m/detik</td></tr><tr><td>Kedalaman air (rancangan)</td><td align='right'><b>0,17</b> m</td></tr></table>]]></description><LineString><tessellate>1</tessellate><coordinates>107.979500,-7.162700,0 107.979400,-7.162700,0 107.979400,-7.162200,0 107.978600,-7.161800,0 107.978600,-7.161400,0 107.978500,-7.161200,0 107.978400,-7.161200,0 107.978300,-7.160800,0 107.978200,-7.159900,0 107.977700,-7.159200,0 107.977600,-7.158700,0</coordinates></LineString></Placemark><Placemark><name>CP.Ka.12.Ki</name><styleUrl>#g2</styleUrl><description><![CDATA[<table><tr><td>Luas dilayani</td><td align='right'><b>14,8119</b> ha</td></tr><tr><td>Luas dilayani</td><td align='right'><b>148.119</b> m²</td></tr><tr><td>Jenis saluran</td><td align='right'><b>Tersier</b> </td></tr><tr><td>Panjang</td><td align='right'><b>0,54</b> km</td></tr><tr><td>Ruas di hulunya</td><td align='right'><b>SI Copong Kanan</b> </td></tr><tr><td>Ruas di hilirnya</td><td align='right'><b>0</b> ruas</td></tr><tr><td>Layanan menempel ruas</td><td align='right'><b>14,8</b> ha</td></tr><tr><td>Tinggi rata-rata</td><td align='right'><b>682,0</b> m dpl</td></tr><tr><td>Rezim</td><td align='right'><b>FL</b> </td></tr><tr><td>Kebutuhan air lewat ruas</td><td align='right'><b>34.135</b> m³</td></tr><tr><td>Kebutuhan air lahan layanannya</td><td align='right'><b>230</b> mm</td></tr><tr><td>Debit di hulu ruas</td><td align='right'><b>3,14</b> l/detik</td></tr><tr><td>NFR</td><td align='right'><b>1,65</b> mm/hari</td></tr><tr><td>Water loss di hilirnya</td><td align='right'><b>212.704</b> m³</td></tr><tr><td>Water loss</td><td align='right'><b>1.436</b> mm</td></tr><tr><td>Air sampai dari bendung</td><td align='right'><b>13,6</b> jam</td></tr><tr><td>Respons hidraulik dari bendung</td><td align='right'><b>9,9</b> jam</td></tr><tr><td>Waktu tempuh ruas ini</td><td align='right'><b>0,86</b> jam</td></tr><tr><td>Kecepatan aliran</td><td align='right'><b>0,174</b> m/detik</td></tr><tr><td>Kedalaman air (rancangan)</td><td align='right'><b>0,09</b> m</td></tr></table>]]></description><LineString><tessellate>1</tessellate><coordinates>107.982600,-7.159000,0 107.982600,-7.158700,0 107.982800,-7.158500,0 107.982800,-7.157500,0 107.982300,-7.156300,0 107.982100,-7.156100,0 107.981800,-7.155500,0 107.981800,-7.155200,0 107.981200,-7.154800,0</coordinates></LineString></Placemark><Placemark><name>CP.Ka.11.Ki</name><styleUrl>#g2</styleUrl><description><![CDATA[<table><tr><td>Luas dilayani</td><td align='right'><b>23,4142</b> ha</td></tr><tr><td>Luas dilayani</td><td align='right'><b>234.142</b> m²</td></tr><tr><td>Jenis saluran</td><td align='right'><b>Tersier</b> </td></tr><tr><td>Panjang</td><td align='right'><b>0,49</b> km</td></tr><tr><td>Ruas di hulunya</td><td align='right'><b>SI Copong Kanan</b> </td></tr><tr><td>Ruas di hilirnya</td><td align='right'><b>0</b> ruas</td></tr><tr><td>Layanan menempel ruas</td><td align='right'><b>23,4</b> ha</td></tr><tr><td>Tinggi rata-rata</td><td align='right'><b>682,0</b> m dpl</td></tr><tr><td>Rezim</td><td align='right'><b>FL</b> </td></tr><tr><td>Kebutuhan air lewat ruas</td><td align='right'><b>53.960</b> m³</td></tr><tr><td>Kebutuhan air lahan layanannya</td><td align='right'><b>230</b> mm</td></tr><tr><td>Debit di hulu ruas</td><td align='right'><b>4,96</b> l/detik</td></tr><tr><td>NFR</td><td align='right'><b>1,65</b> mm/hari</td></tr><tr><td>Water loss di hilirnya</td><td align='right'><b>336.236</b> m³</td></tr><tr><td>Water loss</td><td align='right'><b>1.436</b> mm</td></tr><tr><td>Air sampai dari bendung</td><td align='right'><b>13,4</b> jam</td></tr><tr><td>Respons hidraulik dari bendung</td><td align='right'><b>9,7</b> jam</td></tr><tr><td>Waktu tempuh ruas ini</td><td align='right'><b>0,70</b> jam</td></tr><tr><td>Kecepatan aliran</td><td align='right'><b>0,195</b> m/detik</td></tr><tr><td>Kedalaman air (rancangan)</td><td align='right'><b>0,11</b> m</td></tr></table>]]></description><LineString><tessellate>1</tessellate><coordinates>107.982300,-7.159400,0 107.981900,-7.158900,0 107.982000,-7.158400,0 107.981500,-7.156800,0 107.981300,-7.156400,0 107.981500,-7.155600,0 107.981800,-7.155500,0</coordinates></LineString></Placemark><Placemark><name>CP.Ka.12.Ki (2)</name><styleUrl>#g1</styleUrl><description><![CDATA[<table><tr><td>Luas dilayani</td><td align='right'><b>6,5546</b> ha</td></tr><tr><td>Luas dilayani</td><td align='right'><b>65.546</b> m²</td></tr><tr><td>Jenis saluran</td><td align='right'><b>Tersier</b> </td></tr><tr><td>Panjang</td><td align='right'><b>0,63</b> km</td></tr><tr><td>Ruas di hulunya</td><td align='right'><b>SI Copong Kanan</b> </td></tr><tr><td>Ruas di hilirnya</td><td align='right'><b>0</b> ruas</td></tr><tr><td>Layanan menempel ruas</td><td align='right'><b>6,6</b> ha</td></tr><tr><td>Tinggi rata-rata</td><td align='right'><b>682,0</b> m dpl</td></tr><tr><td>Rezim</td><td align='right'><b>FL</b> </td></tr><tr><td>Kebutuhan air lewat ruas</td><td align='right'><b>15.106</b> m³</td></tr><tr><td>Kebutuhan air lahan layanannya</td><td align='right'><b>230</b> mm</td></tr><tr><td>Debit di hulu ruas</td><td align='right'><b>1,39</b> l/detik</td></tr><tr><td>NFR</td><td align='right'><b>1,65</b> mm/hari</td></tr><tr><td>Water loss di hilirnya</td><td align='right'><b>94.126</b> m³</td></tr><tr><td>Water loss</td><td align='right'><b>1.436</b> mm</td></tr><tr><td>Air sampai dari bendung</td><td align='right'><b>14,0</b> jam</td></tr><tr><td>Respons hidraulik dari bendung</td><td align='right'><b>10,1</b> jam</td></tr><tr><td>Waktu tempuh ruas ini</td><td align='right'><b>1,23</b> jam</td></tr><tr><td>Kecepatan aliran</td><td align='right'><b>0,142</b> m/detik</td></tr><tr><td>Kedalaman air (rancangan)</td><td align='right'><b>0,07</b> m</td></tr></table>]]></description><LineString><tessellate>1</tessellate><coordinates>107.988600,-7.156900,0 107.988100,-7.156500,0 107.987700,-7.154300,0 107.986600,-7.152400,0 107.986100,-7.152100,0</coordinates></LineString></Placemark><Placemark><name>CP.Ka.15b.Ki</name><styleUrl>#g2</styleUrl><description><![CDATA[<table><tr><td>Luas dilayani</td><td align='right'><b>73,2328</b> ha</td></tr><tr><td>Luas dilayani</td><td align='right'><b>732.328</b> m²</td></tr><tr><td>Jenis saluran</td><td align='right'><b>Tersier</b> </td></tr><tr><td>Panjang</td><td align='right'><b>1,69</b> km</td></tr><tr><td>Ruas di hilirnya</td><td align='right'><b>0</b> ruas</td></tr><tr><td>Layanan menempel ruas</td><td align='right'><b>73,2</b> ha</td></tr><tr><td>Tinggi rata-rata</td><td align='right'><b>669,0</b> m dpl</td></tr><tr><td>Rezim</td><td align='right'><b>FL</b> </td></tr><tr><td>Kebutuhan air lewat ruas</td><td align='right'><b>168.766</b> m³</td></tr><tr><td>Kebutuhan air lahan layanannya</td><td align='right'><b>230</b> mm</td></tr><tr><td>Debit di hulu ruas</td><td align='right'><b>15,50</b> l/detik</td></tr><tr><td>NFR</td><td align='right'><b>1,65</b> mm/hari</td></tr><tr><td>Water loss di hilirnya</td><td align='right'><b>1.052.040</b> m³</td></tr><tr><td>Water loss</td><td align='right'><b>1.437</b> mm</td></tr><tr><td>Waktu tempuh ruas ini</td><td align='right'><b>1,81</b> jam</td></tr><tr><td>Kecepatan aliran</td><td align='right'><b>0,259</b> m/detik</td></tr><tr><td>Kedalaman air (rancangan)</td><td align='right'><b>0,16</b> m</td></tr></table>]]></description><LineString><tessellate>1</tessellate><coordinates>107.997400,-7.149900,0 107.997400,-7.149800,0 107.997100,-7.149700,0 107.996500,-7.148900,0 107.996400,-7.148400,0 107.995900,-7.148200,0 107.995900,-7.148100,0 107.995700,-7.148100,0 107.995600,-7.148000,0 107.994100,-7.147400,0 107.993300,-7.146600,0 107.993300,-7.146500,0 107.992200,-7.146000,0 107.991300,-7.145200,0 107.991000,-7.144800,0 107.990800,-7.144900,0 107.990700,-7.145100,0 107.990300,-7.144900,0 107.989900,-7.145100,0 107.989200,-7.144700,0 107.988100,-7.143500,0 107.986900,-7.142600,0 107.986500,-7.142400,0 107.986100,-7.141700,0</coordinates></LineString></Placemark><Placemark><name>CP.Ka.15a.Ki</name><styleUrl>#g2</styleUrl><description><![CDATA[<table><tr><td>Luas dilayani</td><td align='right'><b>57,7723</b> ha</td></tr><tr><td>Luas dilayani</td><td align='right'><b>577.723</b> m²</td></tr><tr><td>Jenis saluran</td><td align='right'><b>Tersier</b> </td></tr><tr><td>Panjang</td><td align='right'><b>0,81</b> km</td></tr><tr><td>Ruas di hilirnya</td><td align='right'><b>0</b> ruas</td></tr><tr><td>Layanan menempel ruas</td><td align='right'><b>57,8</b> ha</td></tr><tr><td>Tinggi rata-rata</td><td align='right'><b>685,0</b> m dpl</td></tr><tr><td>Rezim</td><td align='right'><b>FL</b> </td></tr><tr><td>Kebutuhan air lewat ruas</td><td align='right'><b>133.115</b> m³</td></tr><tr><td>Kebutuhan air lahan layanannya</td><td align='right'><b>230</b> mm</td></tr><tr><td>Debit di hulu ruas</td><td align='right'><b>12,23</b> l/detik</td></tr><tr><td>NFR</td><td align='right'><b>1,65</b> mm/hari</td></tr><tr><td>Water loss di hilirnya</td><td align='right'><b>829.662</b> m³</td></tr><tr><td>Water loss</td><td align='right'><b>1.436</b> mm</td></tr><tr><td>Waktu tempuh ruas ini</td><td align='right'><b>0,92</b> jam</td></tr><tr><td>Kecepatan aliran</td><td align='right'><b>0,244</b> m/detik</td></tr><tr><td>Kedalaman air (rancangan)</td><td align='right'><b>0,15</b> m</td></tr></table>]]></description><LineString><tessellate>1</tessellate><coordinates>107.995700,-7.151100,0 107.995200,-7.150800,0 107.994900,-7.150500,0 107.993700,-7.149800,0 107.993500,-7.149100,0 107.992600,-7.148400,0 107.991800,-7.147400,0 107.991400,-7.147300,0 107.990700,-7.146500,0 107.990400,-7.146600,0</coordinates></LineString></Placemark><Placemark><name>CP.Ka.17a.Ki</name><styleUrl>#g2</styleUrl><description><![CDATA[<table><tr><td>Luas dilayani</td><td align='right'><b>49,5948</b> ha</td></tr><tr><td>Luas dilayani</td><td align='right'><b>495.948</b> m²</td></tr><tr><td>Jenis saluran</td><td align='right'><b>Tersier</b> </td></tr><tr><td>Panjang</td><td align='right'><b>0,25</b> km</td></tr><tr><td>Ruas di hilirnya</td><td align='right'><b>0</b> ruas</td></tr><tr><td>Layanan menempel ruas</td><td align='right'><b>49,6</b> ha</td></tr><tr><td>Tinggi rata-rata</td><td align='right'><b>684,0</b> m dpl</td></tr><tr><td>Rezim</td><td align='right'><b>FL</b> </td></tr><tr><td>Kebutuhan air lewat ruas</td><td align='right'><b>114.255</b> m³</td></tr><tr><td>Kebutuhan air lahan layanannya</td><td align='right'><b>230</b> mm</td></tr><tr><td>Debit di hulu ruas</td><td align='right'><b>10,50</b> l/detik</td></tr><tr><td>NFR</td><td align='right'><b>1,65</b> mm/hari</td></tr><tr><td>Water loss di hilirnya</td><td align='right'><b>712.251</b> m³</td></tr><tr><td>Water loss</td><td align='right'><b>1.436</b> mm</td></tr><tr><td>Waktu tempuh ruas ini</td><td align='right'><b>0,29</b> jam</td></tr><tr><td>Kecepatan aliran</td><td align='right'><b>0,235</b> m/detik</td></tr><tr><td>Kedalaman air (rancangan)</td><td align='right'><b>0,14</b> m</td></tr></table>]]></description><LineString><tessellate>1</tessellate><coordinates>108.000700,-7.146400,0 108.000200,-7.146000,0 107.999600,-7.145100,0 107.999200,-7.144800,0</coordinates></LineString></Placemark><Placemark><name>CP.Ka.16a.Ki</name><styleUrl>#g2</styleUrl><description><![CDATA[<table><tr><td>Luas dilayani</td><td align='right'><b>47,6110</b> ha</td></tr><tr><td>Luas dilayani</td><td align='right'><b>476.110</b> m²</td></tr><tr><td>Jenis saluran</td><td align='right'><b>Tersier</b> </td></tr><tr><td>Panjang</td><td align='right'><b>1,17</b> km</td></tr><tr><td>Ruas di hulunya</td><td align='right'><b>SI Copong Kanan</b> </td></tr><tr><td>Ruas di hilirnya</td><td align='right'><b>0</b> ruas</td></tr><tr><td>Layanan menempel ruas</td><td align='right'><b>47,6</b> ha</td></tr><tr><td>Tinggi rata-rata</td><td align='right'><b>682,0</b> m dpl</td></tr><tr><td>Rezim</td><td align='right'><b>FL</b> </td></tr><tr><td>Kebutuhan air lewat ruas</td><td align='right'><b>109.723</b> m³</td></tr><tr><td>Kebutuhan air lahan layanannya</td><td align='right'><b>230</b> mm</td></tr><tr><td>Debit di hulu ruas</td><td align='right'><b>10,08</b> l/detik</td></tr><tr><td>NFR</td><td align='right'><b>1,65</b> mm/hari</td></tr><tr><td>Water loss di hilirnya</td><td align='right'><b>683.709</b> m³</td></tr><tr><td>Water loss</td><td align='right'><b>1.436</b> mm</td></tr><tr><td>Air sampai dari bendung</td><td align='right'><b>14,1</b> jam</td></tr><tr><td>Respons hidraulik dari bendung</td><td align='right'><b>10,3</b> jam</td></tr><tr><td>Waktu tempuh ruas ini</td><td align='right'><b>1,40</b> jam</td></tr><tr><td>Kecepatan aliran</td><td align='right'><b>0,233</b> m/detik</td></tr><tr><td>Kedalaman air (rancangan)</td><td align='right'><b>0,14</b> m</td></tr></table>]]></description><LineString><tessellate>1</tessellate><coordinates>107.997800,-7.149600,0 107.997800,-7.149500,0 107.997400,-7.149000,0 107.996800,-7.147900,0 107.996600,-7.147300,0 107.996300,-7.146800,0 107.995900,-7.146600,0 107.995700,-7.146400,0 107.995500,-7.146400,0 107.994700,-7.145300,0 107.994200,-7.145000,0 107.993200,-7.144000,0 107.993000,-7.143700,0 107.993000,-7.143300,0 107.993100,-7.143300,0 107.993100,-7.143200,0 107.993000,-7.143200,0 107.993000,-7.143000,0 107.992600,-7.142600,0 107.991900,-7.142200,0 107.991600,-7.141900,0</coordinates></LineString></Placemark><Placemark><name>CP.Ka.16.Ki</name><styleUrl>#g3</styleUrl><description><![CDATA[<table><tr><td>Luas dilayani</td><td align='right'><b>79,3645</b> ha</td></tr><tr><td>Luas dilayani</td><td align='right'><b>793.645</b> m²</td></tr><tr><td>Jenis saluran</td><td align='right'><b>Tersier</b> </td></tr><tr><td>Panjang</td><td align='right'><b>1,18</b> km</td></tr><tr><td>Ruas di hulunya</td><td align='right'><b>SI Copong Kanan</b> </td></tr><tr><td>Ruas di hilirnya</td><td align='right'><b>0</b> ruas</td></tr><tr><td>Layanan menempel ruas</td><td align='right'><b>79,4</b> ha</td></tr><tr><td>Tinggi rata-rata</td><td align='right'><b>682,0</b> m dpl</td></tr><tr><td>Rezim</td><td align='right'><b>FL</b> </td></tr><tr><td>Kebutuhan air lewat ruas</td><td align='right'><b>182.902</b> m³</td></tr><tr><td>Kebutuhan air lahan layanannya</td><td align='right'><b>230</b> mm</td></tr><tr><td>Debit di hulu ruas</td><td align='right'><b>16,80</b> l/detik</td></tr><tr><td>NFR</td><td align='right'><b>1,65</b> mm/hari</td></tr><tr><td>Water loss di hilirnya</td><td align='right'><b>1.139.701</b> m³</td></tr><tr><td>Water loss</td><td align='right'><b>1.436</b> mm</td></tr><tr><td>Air sampai dari bendung</td><td align='right'><b>14,0</b> jam</td></tr><tr><td>Respons hidraulik dari bendung</td><td align='right'><b>10,1</b> jam</td></tr><tr><td>Waktu tempuh ruas ini</td><td align='right'><b>1,23</b> jam</td></tr><tr><td>Kecepatan aliran</td><td align='right'><b>0,265</b> m/detik</td></tr><tr><td>Kedalaman air (rancangan)</td><td align='right'><b>0,17</b> m</td></tr></table>]]></description><LineString><tessellate>1</tessellate><coordinates>107.999500,-7.148200,0 107.999400,-7.147700,0 107.999100,-7.147500,0 107.999100,-7.147200,0 107.998500,-7.146400,0 107.998100,-7.146100,0 107.997300,-7.145700,0 107.996500,-7.145000,0 107.996100,-7.143900,0 107.995700,-7.143100,0 107.993500,-7.139900,0</coordinates></LineString></Placemark><Placemark><name>CP.Ka.19.Ki</name><styleUrl>#g2</styleUrl><description><![CDATA[<table><tr><td>Luas dilayani</td><td align='right'><b>74,4069</b> ha</td></tr><tr><td>Luas dilayani</td><td align='right'><b>744.069</b> m²</td></tr><tr><td>Jenis saluran</td><td align='right'><b>Tersier</b> </td></tr><tr><td>Panjang</td><td align='right'><b>0,31</b> km</td></tr><tr><td>Ruas di hulunya</td><td align='right'><b>SS Copong Kanan</b> </td></tr><tr><td>Ruas di hilirnya</td><td align='right'><b>0</b> ruas</td></tr><tr><td>Layanan menempel ruas</td><td align='right'><b>74,4</b> ha</td></tr><tr><td>Tinggi rata-rata</td><td align='right'><b>682,0</b> m dpl</td></tr><tr><td>Rezim</td><td align='right'><b>FL</b> </td></tr><tr><td>Kebutuhan air lewat ruas</td><td align='right'><b>171.413</b> m³</td></tr><tr><td>Kebutuhan air lahan layanannya</td><td align='right'><b>230</b> mm</td></tr><tr><td>Debit di hulu ruas</td><td align='right'><b>15,75</b> l/detik</td></tr><tr><td>NFR</td><td align='right'><b>1,65</b> mm/hari</td></tr><tr><td>Water loss di hilirnya</td><td align='right'><b>1.068.577</b> m³</td></tr><tr><td>Water loss</td><td align='right'><b>1.436</b> mm</td></tr><tr><td>Air sampai dari bendung</td><td align='right'><b>15,4</b> jam</td></tr><tr><td>Respons hidraulik dari bendung</td><td align='right'><b>11,2</b> jam</td></tr><tr><td>Waktu tempuh ruas ini</td><td align='right'><b>0,34</b> jam</td></tr><tr><td>Kecepatan aliran</td><td align='right'><b>0,260</b> m/detik</td></tr><tr><td>Kedalaman air (rancangan)</td><td align='right'><b>0,17</b> m</td></tr></table>]]></description><LineString><tessellate>1</tessellate><coordinates>108.001400,-7.141100,0 108.001500,-7.140900,0 108.001700,-7.140800,0 108.001700,-7.140700,0 108.001300,-7.140800,0 108.000700,-7.140400,0 108.000100,-7.140300,0 107.999900,-7.140100,0 107.999900,-7.139900,0</coordinates></LineString></Placemark><Placemark><name>CP.Ka.20.Ki</name><styleUrl>#g3</styleUrl><description><![CDATA[<table><tr><td>Luas dilayani</td><td align='right'><b>97,3442</b> ha</td></tr><tr><td>Luas dilayani</td><td align='right'><b>973.442</b> m²</td></tr><tr><td>Jenis saluran</td><td align='right'><b>Tersier</b> </td></tr><tr><td>Panjang</td><td align='right'><b>0,48</b> km</td></tr><tr><td>Ruas di hulunya</td><td align='right'><b>SS Copong Kanan</b> </td></tr><tr><td>Ruas di hilirnya</td><td align='right'><b>0</b> ruas</td></tr><tr><td>Layanan menempel ruas</td><td align='right'><b>97,3</b> ha</td></tr><tr><td>Tinggi rata-rata</td><td align='right'><b>682,0</b> m dpl</td></tr><tr><td>Rezim</td><td align='right'><b>FL</b> </td></tr><tr><td>Kebutuhan air lewat ruas</td><td align='right'><b>224.254</b> m³</td></tr><tr><td>Kebutuhan air lahan layanannya</td><td align='right'><b>230</b> mm</td></tr><tr><td>Debit di hulu ruas</td><td align='right'><b>20,60</b> l/detik</td></tr><tr><td>NFR</td><td align='right'><b>1,65</b> mm/hari</td></tr><tr><td>Water loss di hilirnya</td><td align='right'><b>1.397.986</b> m³</td></tr><tr><td>Water loss</td><td align='right'><b>1.436</b> mm</td></tr><tr><td>Air sampai dari bendung</td><td align='right'><b>15,6</b> jam</td></tr><tr><td>Respons hidraulik dari bendung</td><td align='right'><b>11,3</b> jam</td></tr><tr><td>Waktu tempuh ruas ini</td><td align='right'><b>0,48</b> jam</td></tr><tr><td>Kecepatan aliran</td><td align='right'><b>0,278</b> m/detik</td></tr><tr><td>Kedalaman air (rancangan)</td><td align='right'><b>0,18</b> m</td></tr></table>]]></description><LineString><tessellate>1</tessellate><coordinates>107.999900,-7.138500,0 107.999800,-7.138600,0 107.999300,-7.138600,0 107.999100,-7.138500,0 107.999100,-7.138400,0 107.999000,-7.138400,0 107.998800,-7.137700,0 107.998300,-7.137500,0 107.997900,-7.137500,0 107.997900,-7.137400,0 107.997700,-7.137400,0 107.997700,-7.137200,0 107.997600,-7.137200,0 107.997700,-7.136200,0</coordinates></LineString></Placemark><Placemark><name>SS Cipanas Kiara</name><styleUrl>#g4</styleUrl><description><![CDATA[<table><tr><td>Luas dilayani</td><td align='right'><b>424,4486</b> ha</td></tr><tr><td>Luas dilayani</td><td align='right'><b>4.244.486</b> m²</td></tr><tr><td>Jenis saluran</td><td align='right'><b>Sekunder</b> </td></tr><tr><td>Panjang</td><td align='right'><b>3,22</b> km</td></tr><tr><td>Ruas di hulunya</td><td align='right'><b>SS Copong Kanan</b> </td></tr><tr><td>Ruas di hilirnya</td><td align='right'><b>26</b> ruas</td></tr><tr><td>Layanan menempel ruas</td><td align='right'><b>0,0</b> ha</td></tr><tr><td>Tinggi rata-rata</td><td align='right'><b>672,0</b> m dpl</td></tr><tr><td>Rezim</td><td align='right'><b>FL</b> </td></tr><tr><td>Kebutuhan air lewat ruas</td><td align='right'><b>984.333</b> m³</td></tr><tr><td>Kebutuhan air lahan layanannya</td><td align='right'><b>223</b> mm</td></tr><tr><td>Debit di hulu ruas</td><td align='right'><b>100,47</b> l/detik</td></tr><tr><td>NFR</td><td align='right'><b>1,59</b> mm/hari</td></tr><tr><td>Water loss di hilirnya</td><td align='right'><b>6.048.256</b> m³</td></tr><tr><td>Water loss</td><td align='right'><b>1.443</b> mm</td></tr><tr><td>Air sampai dari bendung</td><td align='right'><b>18,2</b> jam</td></tr><tr><td>Respons hidraulik dari bendung</td><td align='right'><b>13,3</b> jam</td></tr><tr><td>Waktu tempuh ruas ini</td><td align='right'><b>3,17</b> jam</td></tr><tr><td>Kecepatan aliran</td><td align='right'><b>0,282</b> m/detik</td></tr><tr><td>Kedalaman air (rancangan)</td><td align='right'><b>0,32</b> m</td></tr></table>]]></description><MultiGeometry><LineString><tessellate>1</tessellate><coordinates>107.993000,-7.132400,0 107.992800,-7.132400,0 107.992500,-7.131900,0 107.992500,-7.131700,0 107.992400,-7.131700,0 107.992500,-7.130800,0 107.991700,-7.130700,0 107.991600,-7.131300,0 107.991400,-7.131700,0 107.991200,-7.131700,0 107.990800,-7.131500,0 107.990700,-7.131300,0 107.990500,-7.131300,0 107.990500,-7.131200,0 107.989900,-7.131200,0 107.989600,-7.131300,0 107.989000,-7.131800,0 107.988800,-7.131800,0 107.988800,-7.131700,0 107.988600,-7.131600,0 107.988600,-7.131500,0 107.988400,-7.131300,0 107.988300,-7.129900,0 107.989000,-7.129000,0 107.989000,-7.128500,0 107.988800,-7.128100,0 107.988100,-7.127500,0 107.987800,-7.127100,0 107.987900,-7.126000,0 107.987700,-7.125700,0 107.987300,-7.125600,0 107.987300,-7.125500,0 107.986900,-7.125100,0</coordinates></LineString><LineString><tessellate>1</tessellate><coordinates>107.986900,-7.125100,0 107.986700,-7.124300,0 107.986400,-7.123700,0 107.986300,-7.123700,0 107.986400,-7.123100,0 107.986300,-7.122900,0 107.986200,-7.122900,0 107.986100,-7.122700,0 107.985900,-7.122600,0 107.985900,-7.122300,0 107.985800,-7.122200,0 107.985800,-7.122100,0 107.985900,-7.122100,0 107.985900,-7.121500,0 107.985800,-7.121500,0 107.985700,-7.120700,0 107.984600,-7.120700,0 107.984300,-7.120600,0 107.983100,-7.120000,0 107.982300,-7.119700,0 107.982000,-7.119200,0 107.982300,-7.117800,0 107.982200,-7.117800,0 107.982100,-7.117600,0 107.981400,-7.117100,0 107.981400,-7.117000,0 107.981300,-7.117000,0 107.981300,-7.116600,0 107.981400,-7.116600,0 107.981400,-7.116500,0 107.981600,-7.116400,0 107.981900,-7.116000,0 107.981800,-7.115800,0</coordinates></LineString></MultiGeometry></Placemark><Placemark><name>TB.1.Ki</name><styleUrl>#g3</styleUrl><description><![CDATA[<table><tr><td>Luas dilayani</td><td align='right'><b>88,4407</b> ha</td></tr><tr><td>Luas dilayani</td><td align='right'><b>884.407</b> m²</td></tr><tr><td>Jenis saluran</td><td align='right'><b>Tersier</b> </td></tr><tr><td>Panjang</td><td align='right'><b>1,22</b> km</td></tr><tr><td>Ruas di hulunya</td><td align='right'><b>SS Tegal Buah</b> </td></tr><tr><td>Ruas di hilirnya</td><td align='right'><b>0</b> ruas</td></tr><tr><td>Layanan menempel ruas</td><td align='right'><b>88,4</b> ha</td></tr><tr><td>Tinggi rata-rata</td><td align='right'><b>645,0</b> m dpl</td></tr><tr><td>Rezim</td><td align='right'><b>FL</b> </td></tr><tr><td>Kebutuhan air lewat ruas</td><td align='right'><b>212.030</b> m³</td></tr><tr><td>Kebutuhan air lahan layanannya</td><td align='right'><b>240</b> mm</td></tr><tr><td>Debit di hulu ruas</td><td align='right'><b>19,48</b> l/detik</td></tr><tr><td>NFR</td><td align='right'><b>1,71</b> mm/hari</td></tr><tr><td>Water loss di hilirnya</td><td align='right'><b>1.257.262</b> m³</td></tr><tr><td>Water loss</td><td align='right'><b>1.422</b> mm</td></tr><tr><td>Air sampai dari bendung</td><td align='right'><b>23,2</b> jam</td></tr><tr><td>Respons hidraulik dari bendung</td><td align='right'><b>16,9</b> jam</td></tr><tr><td>Waktu tempuh ruas ini</td><td align='right'><b>1,23</b> jam</td></tr><tr><td>Kecepatan aliran</td><td align='right'><b>0,275</b> m/detik</td></tr><tr><td>Kedalaman air (rancangan)</td><td align='right'><b>0,18</b> m</td></tr></table>]]></description><LineString><tessellate>1</tessellate><coordinates>107.995000,-7.123800,0 107.994700,-7.123800,0 107.994000,-7.124500,0 107.993700,-7.124300,0 107.993500,-7.124500,0 107.993600,-7.124600,0 107.993100,-7.124900,0 107.992200,-7.124800,0 107.992000,-7.125100,0 107.991600,-7.125100,0 107.990100,-7.123800,0 107.990000,-7.123300,0 107.989500,-7.123000,0 107.988600,-7.123200,0 107.988100,-7.123400,0 107.987700,-7.123200,0 107.987600,-7.122800,0 107.987500,-7.122700,0 107.987500,-7.122500,0 107.986900,-7.122400,0 107.986800,-7.122100,0</coordinates></LineString></Placemark><Placemark><name>TB.2.Ki</name><styleUrl>#g3</styleUrl><description><![CDATA[<table><tr><td>Luas dilayani</td><td align='right'><b>103,3491</b> ha</td></tr><tr><td>Luas dilayani</td><td align='right'><b>1.033.491</b> m²</td></tr><tr><td>Jenis saluran</td><td align='right'><b>Tersier</b> </td></tr><tr><td>Panjang</td><td align='right'><b>0,61</b> km</td></tr><tr><td>Ruas di hulunya</td><td align='right'><b>SS Tegal Buah</b> </td></tr><tr><td>Ruas di hilirnya</td><td align='right'><b>0</b> ruas</td></tr><tr><td>Layanan menempel ruas</td><td align='right'><b>103,3</b> ha</td></tr><tr><td>Tinggi rata-rata</td><td align='right'><b>645,0</b> m dpl</td></tr><tr><td>Rezim</td><td align='right'><b>FL</b> </td></tr><tr><td>Kebutuhan air lewat ruas</td><td align='right'><b>247.772</b> m³</td></tr><tr><td>Kebutuhan air lahan layanannya</td><td align='right'><b>240</b> mm</td></tr><tr><td>Debit di hulu ruas</td><td align='right'><b>22,76</b> l/detik</td></tr><tr><td>NFR</td><td align='right'><b>1,71</b> mm/hari</td></tr><tr><td>Water loss di hilirnya</td><td align='right'><b>1.469.198</b> m³</td></tr><tr><td>Water loss</td><td align='right'><b>1.422</b> mm</td></tr><tr><td>Air sampai dari bendung</td><td align='right'><b>22,6</b> jam</td></tr><tr><td>Respons hidraulik dari bendung</td><td align='right'><b>16,4</b> jam</td></tr><tr><td>Waktu tempuh ruas ini</td><td align='right'><b>0,60</b> jam</td></tr><tr><td>Kecepatan aliran</td><td align='right'><b>0,285</b> m/detik</td></tr><tr><td>Kedalaman air (rancangan)</td><td align='right'><b>0,19</b> m</td></tr></table>]]></description><LineString><tessellate>1</tessellate><coordinates>107.995000,-7.117800,0 107.994600,-7.117700,0 107.994300,-7.117500,0 107.993700,-7.117300,0 107.993500,-7.117300,0 107.992400,-7.115300,0 107.991900,-7.114600,0 107.991200,-7.114300,0</coordinates></LineString></Placemark><Placemark><name>SS Cikondang</name><styleUrl>#g3</styleUrl><description><![CDATA[<table><tr><td>Luas dilayani</td><td align='right'><b>90,4305</b> ha</td></tr><tr><td>Luas dilayani</td><td align='right'><b>904.305</b> m²</td></tr><tr><td>Jenis saluran</td><td align='right'><b>Sekunder</b> </td></tr><tr><td>Panjang</td><td align='right'><b>0,86</b> km</td></tr><tr><td>Ruas di hulunya</td><td align='right'><b>SS Cipanas Kiara</b> </td></tr><tr><td>Ruas di hilirnya</td><td align='right'><b>2</b> ruas</td></tr><tr><td>Layanan menempel ruas</td><td align='right'><b>0,0</b> ha</td></tr><tr><td>Tinggi rata-rata</td><td align='right'><b>633,0</b> m dpl</td></tr><tr><td>Rezim</td><td align='right'><b>FL</b> </td></tr><tr><td>Kebutuhan air lewat ruas</td><td align='right'><b>201.583</b> m³</td></tr><tr><td>Kebutuhan air lahan layanannya</td><td align='right'><b>223</b> mm</td></tr><tr><td>Debit di hulu ruas</td><td align='right'><b>20,57</b> l/detik</td></tr><tr><td>NFR</td><td align='right'><b>1,59</b> mm/hari</td></tr><tr><td>Water loss di hilirnya</td><td align='right'><b>1.305.207</b> m³</td></tr><tr><td>Water loss</td><td align='right'><b>1.443</b> mm</td></tr><tr><td>Air sampai dari bendung</td><td align='right'><b>19,5</b> jam</td></tr><tr><td>Respons hidraulik dari bendung</td><td align='right'><b>14,2</b> jam</td></tr><tr><td>Waktu tempuh ruas ini</td><td align='right'><b>1,26</b> jam</td></tr><tr><td>Kecepatan aliran</td><td align='right'><b>0,190</b> m/detik</td></tr><tr><td>Kedalaman air (rancangan)</td><td align='right'><b>0,18</b> m</td></tr></table>]]></description><LineString><tessellate>1</tessellate><coordinates>107.981800,-7.115800,0 107.981400,-7.115500,0 107.981300,-7.115500,0 107.981300,-7.114500,0 107.980400,-7.114500,0 107.980300,-7.114600,0 107.979900,-7.114600,0 107.979400,-7.114300,0 107.979200,-7.114300,0 107.976600,-7.115400,0 107.976200,-7.115400,0 107.976000,-7.114700,0</coordinates></LineString></Placemark><Placemark><name>SS Wanakerta</name><styleUrl>#g0</styleUrl><description><![CDATA[<table><tr><td>Luas dilayani</td><td align='right'><b>0,0000</b> ha</td></tr><tr><td>Luas dilayani</td><td align='right'><b>0</b> m²</td></tr><tr><td>Jenis saluran</td><td align='right'><b>Sekunder</b> </td></tr><tr><td>Panjang</td><td align='right'><b>1,45</b> km</td></tr><tr><td>Ruas di hulunya</td><td align='right'><b>SS Cipanas Kiara</b> </td></tr><tr><td>Ruas di hilirnya</td><td align='right'><b>0</b> ruas</td></tr><tr><td>Layanan menempel ruas</td><td align='right'><b>0,0</b> ha</td></tr><tr><td>Rezim</td><td align='right'><b>FL</b> </td></tr><tr><td>Kebutuhan air lewat ruas</td><td align='right'><b>0</b> m³</td></tr><tr><td>Debit di hulu ruas</td><td align='right'><b>0,00</b> l/detik</td></tr><tr><td>Water loss di hilirnya</td><td align='right'><b>0</b> m³</td></tr></table>]]></description><LineString><tessellate>1</tessellate><coordinates>107.981800,-7.115800,0 107.982000,-7.115400,0 107.982000,-7.114500,0 107.982700,-7.113600,0 107.982800,-7.113200,0 107.982700,-7.112600,0 107.983000,-7.112200,0 107.983200,-7.112200,0 107.983300,-7.112000,0 107.983900,-7.111700,0 107.984200,-7.111300,0 107.984200,-7.111200,0 107.984400,-7.111200,0 107.984700,-7.111400,0 107.984700,-7.111500,0 107.985100,-7.111500,0 107.985100,-7.111400,0 107.985200,-7.111400,0 107.985400,-7.110500,0 107.985500,-7.110500,0 107.985500,-7.110400,0 107.985800,-7.110300,0 107.986300,-7.109900,0 107.986500,-7.109600,0 107.987400,-7.109100,0 107.989900,-7.109100,0</coordinates></LineString></Placemark><Placemark><name>SS Cibatu</name><styleUrl>#g3</styleUrl><description><![CDATA[<table><tr><td>Luas dilayani</td><td align='right'><b>193,2613</b> ha</td></tr><tr><td>Luas dilayani</td><td align='right'><b>1.932.613</b> m²</td></tr><tr><td>Jenis saluran</td><td align='right'><b>Sekunder</b> </td></tr><tr><td>Panjang</td><td align='right'><b>3,15</b> km</td></tr><tr><td>Ruas di hulunya</td><td align='right'><b>SS Cipanas Kiara</b> </td></tr><tr><td>Ruas di hilirnya</td><td align='right'><b>14</b> ruas</td></tr><tr><td>Layanan menempel ruas</td><td align='right'><b>0,0</b> ha</td></tr><tr><td>Rezim</td><td align='right'><b>FL</b> </td></tr><tr><td>Kebutuhan air lewat ruas</td><td align='right'><b>469.233</b> m³</td></tr><tr><td>Debit di hulu ruas</td><td align='right'><b>47,89</b> l/detik</td></tr><tr><td>Water loss di hilirnya</td><td align='right'><b>2.712.623</b> m³</td></tr><tr><td>Air sampai dari bendung</td><td align='right'><b>22,0</b> jam</td></tr><tr><td>Respons hidraulik dari bendung</td><td align='right'><b>16,0</b> jam</td></tr><tr><td>Waktu tempuh ruas ini</td><td align='right'><b>3,73</b> jam</td></tr><tr><td>Kecepatan aliran</td><td align='right'><b>0,235</b> m/detik</td></tr><tr><td>Kedalaman air (rancangan)</td><td align='right'><b>0,24</b> m</td></tr></table>]]></description><MultiGeometry><LineString><tessellate>1</tessellate><coordinates>107.981800,-7.115800,0 107.981800,-7.115700,0 107.981500,-7.115400,0 107.981400,-7.114300,0 107.981000,-7.114100,0 107.980100,-7.113000,0 107.980100,-7.112900,0 107.980800,-7.112400,0 107.980900,-7.112400,0 107.980900,-7.112200,0 107.979800,-7.112000,0</coordinates></LineString><LineString><tessellate>1</tessellate><coordinates>107.979800,-7.112000,0 107.980200,-7.111800,0 107.980200,-7.111700,0 107.980400,-7.111700,0 107.980400,-7.111600,0 107.980600,-7.111500,0 107.980600,-7.111400,0 107.980800,-7.111300,0 107.980900,-7.110700,0 107.981000,-7.110700,0 107.981000,-7.109900,0 107.981100,-7.109800,0 107.981100,-7.108700,0 107.981000,-7.108700,0 107.980900,-7.108300,0 107.980800,-7.108300,0 107.980700,-7.108100,0 107.980700,-7.107600,0 107.980800,-7.107600,0 107.981200,-7.106800,0 107.981500,-7.106700,0 107.981600,-7.106500,0 107.982200,-7.106200,0 107.982200,-7.106100,0 107.982400,-7.106100,0 107.982400,-7.106000,0 107.982500,-7.106000,0 107.982500,-7.105900,0 107.982700,-7.105800,0 107.982700,-7.105700,0 107.982800,-7.105700,0 107.982800,-7.105500,0 107.983000,-7.105400,0 107.983000,-7.105200,0 107.983100,-7.105200,0 107.983200,-7.104900,0 107.983300,-7.104900,0 107.983300,-7.104600,0 107.983400,-7.104600,0 107.983400,-7.104300,0 107.983500,-7.104300,0 107.983500,-7.104000,0 107.983600,-7.104000,0 107.983600,-7.103800,0 107.983700,-7.103800,0 107.983700,-7.103600,0 107.983800,-7.103600,0 107.983900,-7.103100,0 107.984000,-7.103100,0 107.984000,-7.102900,0 107.984100,-7.102900,0 107.984200,-7.102700,0 107.984600,-7.102500,0 107.984700,-7.102300,0 107.985300,-7.102000,0 107.986000,-7.102000,0 107.986000,-7.102100,0 107.986400,-7.102100,0 107.986400,-7.102000,0 107.986600,-7.102000,0 107.986600,-7.101800,0 107.986700,-7.101800,0 107.986800,-7.101600,0 107.987000,-7.101600,0 107.987000,-7.101500,0 107.987800,-7.101500,0 107.987800,-7.101400,0 107.988100,-7.101400,0 107.988100,-7.101300,0 107.988300,-7.101300,0 107.988300,-7.101200,0 107.988400,-7.101200,0 107.988400,-7.101100,0 107.988500,-7.101100,0 107.988500,-7.101000,0 107.988700,-7.100900,0 107.988700,-7.100800,0 107.988800,-7.100800,0 107.988800,-7.100600,0 107.989000,-7.100500,0 107.989200,-7.100100,0 107.989200,-7.099600,0 107.989100,-7.099600,0 107.989100,-7.099300,0 107.989000,-7.099300,0 107.988900,-7.098900,0</coordinates></LineString></MultiGeometry></Placemark><Placemark><name>SS Munjul</name><styleUrl>#g0</styleUrl><description><![CDATA[<table><tr><td>Luas dilayani</td><td align='right'><b>0,0000</b> ha</td></tr><tr><td>Luas dilayani</td><td align='right'><b>0</b> m²</td></tr><tr><td>Jenis saluran</td><td align='right'><b>Sekunder</b> </td></tr><tr><td>Panjang</td><td align='right'><b>4,37</b> km</td></tr><tr><td>Ruas di hulunya</td><td align='right'><b>SS Munjul</b> </td></tr><tr><td>Ruas di hilirnya</td><td align='right'><b>0</b> ruas</td></tr><tr><td>Layanan menempel ruas</td><td align='right'><b>0,0</b> ha</td></tr><tr><td>Rezim</td><td align='right'><b>FL</b> </td></tr><tr><td>Kebutuhan air lewat ruas</td><td align='right'><b>0</b> m³</td></tr><tr><td>Debit di hulu ruas</td><td align='right'><b>0,00</b> l/detik</td></tr><tr><td>Water loss di hilirnya</td><td align='right'><b>0</b> m³</td></tr></table>]]></description><MultiGeometry><LineString><tessellate>1</tessellate><coordinates>107.993600,-7.137400,0 107.993600,-7.137300,0 107.993000,-7.137200,0 107.991100,-7.137200,0 107.990800,-7.136200,0 107.990600,-7.136100,0 107.990600,-7.136000,0 107.990000,-7.136000,0 107.990000,-7.136100,0 107.989900,-7.136100,0 107.989100,-7.137300,0 107.988900,-7.137300,0 107.988500,-7.136400,0 107.987600,-7.136400,0 107.987400,-7.136200,0 107.987300,-7.135800,0 107.986600,-7.134400,0 107.986600,-7.133200,0 107.986700,-7.133100,0 107.986800,-7.132100,0 107.987200,-7.132100,0 107.987100,-7.131600,0 107.987100,-7.131000,0 107.987000,-7.131000,0 107.987000,-7.130900,0 107.986800,-7.130800,0 107.986600,-7.130800,0 107.986600,-7.130900,0 107.986500,-7.130900,0 107.986500,-7.131200,0 107.986300,-7.131800,0 107.986200,-7.131800,0 107.986200,-7.131900,0 107.986000,-7.132000,0 107.986000,-7.131900,0 107.985800,-7.131900,0 107.985800,-7.131800,0 107.985300,-7.131300,0 107.985200,-7.131100,0 107.985200,-7.130800,0 107.984800,-7.130800,0 107.984800,-7.130700,0 107.984700,-7.130700,0 107.984700,-7.130400,0 107.984600,-7.130200,0 107.984500,-7.130200,0 107.984500,-7.130100,0 107.983100,-7.130000,0 107.983100,-7.129900,0 107.983000,-7.129900,0 107.983000,-7.129300,0 107.982900,-7.129300,0 107.982900,-7.129000,0 107.982800,-7.129000,0 107.983200,-7.128000,0</coordinates></LineString><LineString><tessellate>1</tessellate><coordinates>107.983200,-7.128000,0 107.983100,-7.127900,0 107.982800,-7.127900,0 107.982600,-7.127700,0 107.982600,-7.127200,0 107.982100,-7.126500,0 107.982000,-7.125600,0 107.982400,-7.125100,0 107.982400,-7.124700,0</coordinates></LineString><LineString><tessellate>1</tessellate><coordinates>107.982400,-7.124700,0 107.983400,-7.124400,0 107.985000,-7.125600,0 107.985200,-7.125600,0 107.984800,-7.126500,0 107.984800,-7.126400,0 107.984200,-7.127100,0 107.983600,-7.127600,0 107.983400,-7.128000,0 107.983200,-7.128000,0</coordinates></LineString><LineString><tessellate>1</tessellate><coordinates>107.982400,-7.124700,0 107.982500,-7.124300,0 107.983800,-7.123300,0 107.984200,-7.122800,0 107.984400,-7.122500,0 107.984500,-7.121700,0 107.984900,-7.121700,0 107.985400,-7.122100,0 107.985800,-7.122100,0</coordinates></LineString></MultiGeometry></Placemark><Placemark><name>CK.6.Ka</name><styleUrl>#g2</styleUrl><description><![CDATA[<table><tr><td>Luas dilayani</td><td align='right'><b>72,5431</b> ha</td></tr><tr><td>Luas dilayani</td><td align='right'><b>725.431</b> m²</td></tr><tr><td>Jenis saluran</td><td align='right'><b>Tersier</b> </td></tr><tr><td>Panjang</td><td align='right'><b>0,70</b> km</td></tr><tr><td>Ruas di hulunya</td><td align='right'><b>SS Cipanas Kiara</b> </td></tr><tr><td>Ruas di hilirnya</td><td align='right'><b>0</b> ruas</td></tr><tr><td>Layanan menempel ruas</td><td align='right'><b>72,5</b> ha</td></tr><tr><td>Tinggi rata-rata</td><td align='right'><b>672,0</b> m dpl</td></tr><tr><td>Rezim</td><td align='right'><b>FL</b> </td></tr><tr><td>Kebutuhan air lewat ruas</td><td align='right'><b>161.580</b> m³</td></tr><tr><td>Kebutuhan air lahan layanannya</td><td align='right'><b>223</b> mm</td></tr><tr><td>Debit di hulu ruas</td><td align='right'><b>14,84</b> l/detik</td></tr><tr><td>NFR</td><td align='right'><b>1,59</b> mm/hari</td></tr><tr><td>Water loss di hilirnya</td><td align='right'><b>1.046.440</b> m³</td></tr><tr><td>Water loss</td><td align='right'><b>1.443</b> mm</td></tr><tr><td>Air sampai dari bendung</td><td align='right'><b>19,0</b> jam</td></tr><tr><td>Respons hidraulik dari bendung</td><td align='right'><b>13,8</b> jam</td></tr><tr><td>Waktu tempuh ruas ini</td><td align='right'><b>0,76</b> jam</td></tr><tr><td>Kecepatan aliran</td><td align='right'><b>0,257</b> m/detik</td></tr><tr><td>Kedalaman air (rancangan)</td><td align='right'><b>0,16</b> m</td></tr></table>]]></description><LineString><tessellate>1</tessellate><coordinates>107.983200,-7.120100,0 107.983200,-7.120000,0 107.982300,-7.119600,0 107.982200,-7.119200,0 107.982400,-7.118200,0 107.982600,-7.117800,0 107.983800,-7.116700,0 107.983800,-7.116600,0 107.984400,-7.116800,0 107.984800,-7.116600,0 107.985100,-7.116200,0</coordinates></LineString></Placemark><Placemark><name>CO.2.Ki</name><styleUrl>#g2</styleUrl><description><![CDATA[<table><tr><td>Luas dilayani</td><td align='right'><b>66,5807</b> ha</td></tr><tr><td>Luas dilayani</td><td align='right'><b>665.807</b> m²</td></tr><tr><td>Jenis saluran</td><td align='right'><b>Tersier</b> </td></tr><tr><td>Panjang</td><td align='right'><b>1,13</b> km</td></tr><tr><td>Ruas di hulunya</td><td align='right'><b>SS Cikondang</b> </td></tr><tr><td>Ruas di hilirnya</td><td align='right'><b>0</b> ruas</td></tr><tr><td>Layanan menempel ruas</td><td align='right'><b>66,6</b> ha</td></tr><tr><td>Tinggi rata-rata</td><td align='right'><b>633,0</b> m dpl</td></tr><tr><td>Rezim</td><td align='right'><b>FL</b> </td></tr><tr><td>Kebutuhan air lewat ruas</td><td align='right'><b>148.418</b> m³</td></tr><tr><td>Kebutuhan air lahan layanannya</td><td align='right'><b>223</b> mm</td></tr><tr><td>Debit di hulu ruas</td><td align='right'><b>13,63</b> l/detik</td></tr><tr><td>NFR</td><td align='right'><b>1,59</b> mm/hari</td></tr><tr><td>Water loss di hilirnya</td><td align='right'><b>960.976</b> m³</td></tr><tr><td>Water loss</td><td align='right'><b>1.443</b> mm</td></tr><tr><td>Air sampai dari bendung</td><td align='right'><b>20,7</b> jam</td></tr><tr><td>Respons hidraulik dari bendung</td><td align='right'><b>15,1</b> jam</td></tr><tr><td>Waktu tempuh ruas ini</td><td align='right'><b>1,25</b> jam</td></tr><tr><td>Kecepatan aliran</td><td align='right'><b>0,251</b> m/detik</td></tr><tr><td>Kedalaman air (rancangan)</td><td align='right'><b>0,16</b> m</td></tr></table>]]></description><LineString><tessellate>1</tessellate><coordinates>107.971500,-7.114800,0 107.972800,-7.116400,0 107.973100,-7.116500,0 107.973300,-7.116700,0 107.973600,-7.116500,0 107.973900,-7.116500,0 107.974700,-7.116300,0 107.976000,-7.116300,0 107.976400,-7.116600,0 107.976700,-7.116600,0 107.976900,-7.116700,0 107.977400,-7.115800,0 107.978000,-7.115600,0 107.978200,-7.115400,0 107.978600,-7.115200,0 107.979000,-7.115100,0 107.979400,-7.114300,0</coordinates></LineString></Placemark><Placemark><name>KL.7M.a</name><styleUrl>#g2</styleUrl><description><![CDATA[<table><tr><td>Luas dilayani</td><td align='right'><b>13,1166</b> ha</td></tr><tr><td>Luas dilayani</td><td align='right'><b>131.166</b> m²</td></tr><tr><td>Jenis saluran</td><td align='right'><b>Tersier</b> </td></tr><tr><td>Panjang</td><td align='right'><b>0,36</b> km</td></tr><tr><td>Ruas di hulunya</td><td align='right'><b>SS Kawung Luwuk</b> </td></tr><tr><td>Ruas di hilirnya</td><td align='right'><b>0</b> ruas</td></tr><tr><td>Layanan menempel ruas</td><td align='right'><b>13,1</b> ha</td></tr><tr><td>Tinggi rata-rata</td><td align='right'><b>597,0</b> m dpl</td></tr><tr><td>Rezim</td><td align='right'><b>FL</b> </td></tr><tr><td>Kebutuhan air lewat ruas</td><td align='right'><b>34.715</b> m³</td></tr><tr><td>Kebutuhan air lahan layanannya</td><td align='right'><b>265</b> mm</td></tr><tr><td>Debit di hulu ruas</td><td align='right'><b>3,19</b> l/detik</td></tr><tr><td>NFR</td><td align='right'><b>1,89</b> mm/hari</td></tr><tr><td>Water loss di hilirnya</td><td align='right'><b>177.441</b> m³</td></tr><tr><td>Water loss</td><td align='right'><b>1.353</b> mm</td></tr><tr><td>Air sampai dari bendung</td><td align='right'><b>20,2</b> jam</td></tr><tr><td>Respons hidraulik dari bendung</td><td align='right'><b>14,7</b> jam</td></tr><tr><td>Waktu tempuh ruas ini</td><td align='right'><b>0,56</b> jam</td></tr><tr><td>Kecepatan aliran</td><td align='right'><b>0,175</b> m/detik</td></tr><tr><td>Kedalaman air (rancangan)</td><td align='right'><b>0,09</b> m</td></tr></table>]]></description><LineString><tessellate>1</tessellate><coordinates>107.967300,-7.090400,0 107.968100,-7.090800,0 107.968400,-7.090300,0 107.968500,-7.089600,0 107.969300,-7.089600,0 107.969500,-7.089700,0</coordinates></LineString></Placemark><Placemark><name>KL.7M.b</name><styleUrl>#g2</styleUrl><description><![CDATA[<table><tr><td>Luas dilayani</td><td align='right'><b>37,3317</b> ha</td></tr><tr><td>Luas dilayani</td><td align='right'><b>373.317</b> m²</td></tr><tr><td>Jenis saluran</td><td align='right'><b>Tersier</b> </td></tr><tr><td>Panjang</td><td align='right'><b>0,96</b> km</td></tr><tr><td>Ruas di hulunya</td><td align='right'><b>SS Kawung Luwuk</b> </td></tr><tr><td>Ruas di hilirnya</td><td align='right'><b>0</b> ruas</td></tr><tr><td>Layanan menempel ruas</td><td align='right'><b>37,3</b> ha</td></tr><tr><td>Tinggi rata-rata</td><td align='right'><b>597,0</b> m dpl</td></tr><tr><td>Rezim</td><td align='right'><b>FL</b> </td></tr><tr><td>Kebutuhan air lewat ruas</td><td align='right'><b>98.803</b> m³</td></tr><tr><td>Kebutuhan air lahan layanannya</td><td align='right'><b>265</b> mm</td></tr><tr><td>Debit di hulu ruas</td><td align='right'><b>9,08</b> l/detik</td></tr><tr><td>NFR</td><td align='right'><b>1,89</b> mm/hari</td></tr><tr><td>Water loss di hilirnya</td><td align='right'><b>505.025</b> m³</td></tr><tr><td>Water loss</td><td align='right'><b>1.353</b> mm</td></tr><tr><td>Air sampai dari bendung</td><td align='right'><b>20,8</b> jam</td></tr><tr><td>Respons hidraulik dari bendung</td><td align='right'><b>15,2</b> jam</td></tr><tr><td>Waktu tempuh ruas ini</td><td align='right'><b>1,18</b> jam</td></tr><tr><td>Kecepatan aliran</td><td align='right'><b>0,227</b> m/detik</td></tr><tr><td>Kedalaman air (rancangan)</td><td align='right'><b>0,13</b> m</td></tr></table>]]></description><LineString><tessellate>1</tessellate><coordinates>107.967300,-7.090400,0 107.966800,-7.090000,0 107.966500,-7.090000,0 107.966500,-7.089700,0 107.965500,-7.089500,0 107.965500,-7.089200,0 107.966200,-7.088800,0 107.966400,-7.088400,0 107.965900,-7.087900,0 107.965900,-7.087300,0 107.966200,-7.086300,0 107.966100,-7.086100,0 107.966300,-7.085600,0 107.966400,-7.085600,0 107.966800,-7.085200,0 107.967000,-7.085200,0 107.967500,-7.085500,0 107.967800,-7.085400,0</coordinates></LineString></Placemark><Placemark><name>LG.4.Ka</name><styleUrl>#g0</styleUrl><description><![CDATA[<table><tr><td>Luas dilayani</td><td align='right'><b>2,0179</b> ha</td></tr><tr><td>Luas dilayani</td><td align='right'><b>20.179</b> m²</td></tr><tr><td>Jenis saluran</td><td align='right'><b>Tersier</b> </td></tr><tr><td>Panjang</td><td align='right'><b>0,25</b> km</td></tr><tr><td>Ruas di hulunya</td><td align='right'><b>SS Leuwigoong</b> </td></tr><tr><td>Ruas di hilirnya</td><td align='right'><b>0</b> ruas</td></tr><tr><td>Layanan menempel ruas</td><td align='right'><b>2,0</b> ha</td></tr><tr><td>Tinggi rata-rata</td><td align='right'><b>617,0</b> m dpl</td></tr><tr><td>Rezim</td><td align='right'><b>FL</b> </td></tr><tr><td>Kebutuhan air lewat ruas</td><td align='right'><b>5.334</b> m³</td></tr><tr><td>Kebutuhan air lahan layanannya</td><td align='right'><b>264</b> mm</td></tr><tr><td>Debit di hulu ruas</td><td align='right'><b>0,49</b> l/detik</td></tr><tr><td>NFR</td><td align='right'><b>1,89</b> mm/hari</td></tr><tr><td>Water loss di hilirnya</td><td align='right'><b>27.285</b> m³</td></tr><tr><td>Water loss</td><td align='right'><b>1.352</b> mm</td></tr><tr><td>Air sampai dari bendung</td><td align='right'><b>15,7</b> jam</td></tr><tr><td>Respons hidraulik dari bendung</td><td align='right'><b>11,5</b> jam</td></tr><tr><td>Waktu tempuh ruas ini</td><td align='right'><b>0,63</b> jam</td></tr><tr><td>Kecepatan aliran</td><td align='right'><b>0,109</b> m/detik</td></tr><tr><td>Kedalaman air (rancangan)</td><td align='right'><b>0,05</b> m</td></tr></table>]]></description><LineString><tessellate>1</tessellate><coordinates>107.957600,-7.108900,0 107.956600,-7.108700,0 107.956000,-7.108700,0 107.955600,-7.108200,0</coordinates></LineString></Placemark><Placemark><name>CTR.3.Ki.b</name><styleUrl>#g2</styleUrl><description><![CDATA[<table><tr><td>Luas dilayani</td><td align='right'><b>56,5021</b> ha</td></tr><tr><td>Luas dilayani</td><td align='right'><b>565.021</b> m²</td></tr><tr><td>Jenis saluran</td><td align='right'><b>Tersier</b> </td></tr><tr><td>Panjang</td><td align='right'><b>0,70</b> km</td></tr><tr><td>Ruas di hilirnya</td><td align='right'><b>0</b> ruas</td></tr><tr><td>Layanan menempel ruas</td><td align='right'><b>56,5</b> ha</td></tr><tr><td>Tinggi rata-rata</td><td align='right'><b>601,0</b> m dpl</td></tr><tr><td>Rezim</td><td align='right'><b>FL</b> </td></tr><tr><td>Kebutuhan air lewat ruas</td><td align='right'><b>149.548</b> m³</td></tr><tr><td>Kebutuhan air lahan layanannya</td><td align='right'><b>265</b> mm</td></tr><tr><td>Debit di hulu ruas</td><td align='right'><b>13,74</b> l/detik</td></tr><tr><td>NFR</td><td align='right'><b>1,89</b> mm/hari</td></tr><tr><td>Water loss di hilirnya</td><td align='right'><b>764.380</b> m³</td></tr><tr><td>Water loss</td><td align='right'><b>1.353</b> mm</td></tr><tr><td>Waktu tempuh ruas ini</td><td align='right'><b>0,77</b> jam</td></tr><tr><td>Kecepatan aliran</td><td align='right'><b>0,252</b> m/detik</td></tr><tr><td>Kedalaman air (rancangan)</td><td align='right'><b>0,16</b> m</td></tr></table>]]></description><LineString><tessellate>1</tessellate><coordinates>107.964600,-7.083700,0 107.964400,-7.083600,0 107.964400,-7.083800,0 107.963600,-7.083500,0 107.963400,-7.083200,0 107.963400,-7.082900,0 107.963500,-7.082700,0 107.963700,-7.082700,0 107.963700,-7.082500,0 107.963500,-7.082100,0 107.962900,-7.082100,0 107.963100,-7.081300,0 107.963300,-7.081200,0 107.963400,-7.081000,0 107.963600,-7.081100,0 107.963700,-7.081000,0 107.963700,-7.080700,0 107.963900,-7.080700,0 107.963800,-7.080200,0</coordinates></LineString></Placemark><Placemark><name>SS Sumur Kondang</name><styleUrl>#g3</styleUrl><description><![CDATA[<table><tr><td>Luas dilayani</td><td align='right'><b>76,3006</b> ha</td></tr><tr><td>Luas dilayani</td><td align='right'><b>763.006</b> m²</td></tr><tr><td>Jenis saluran</td><td align='right'><b>Sekunder</b> </td></tr><tr><td>Panjang</td><td align='right'><b>0,83</b> km</td></tr><tr><td>Ruas di hulunya</td><td align='right'><b>SS Cibatu</b> </td></tr><tr><td>Ruas di hilirnya</td><td align='right'><b>1</b> ruas</td></tr><tr><td>Layanan menempel ruas</td><td align='right'><b>0,0</b> ha</td></tr><tr><td>Tinggi rata-rata</td><td align='right'><b>643,0</b> m dpl</td></tr><tr><td>Rezim</td><td align='right'><b>FL</b> </td></tr><tr><td>Kebutuhan air lewat ruas</td><td align='right'><b>170.022</b> m³</td></tr><tr><td>Kebutuhan air lahan layanannya</td><td align='right'><b>223</b> mm</td></tr><tr><td>Debit di hulu ruas</td><td align='right'><b>17,35</b> l/detik</td></tr><tr><td>NFR</td><td align='right'><b>1,59</b> mm/hari</td></tr><tr><td>Water loss di hilirnya</td><td align='right'><b>1.101.153</b> m³</td></tr><tr><td>Water loss</td><td align='right'><b>1.443</b> mm</td></tr><tr><td>Air sampai dari bendung</td><td align='right'><b>23,2</b> jam</td></tr><tr><td>Respons hidraulik dari bendung</td><td align='right'><b>16,9</b> jam</td></tr><tr><td>Waktu tempuh ruas ini</td><td align='right'><b>1,26</b> jam</td></tr><tr><td>Kecepatan aliran</td><td align='right'><b>0,182</b> m/detik</td></tr><tr><td>Kedalaman air (rancangan)</td><td align='right'><b>0,17</b> m</td></tr></table>]]></description><LineString><tessellate>1</tessellate><coordinates>107.979800,-7.112000,0 107.980100,-7.109100,0 107.980000,-7.109100,0 107.980000,-7.108900,0 107.979900,-7.108900,0 107.978900,-7.108200,0 107.978600,-7.108100,0 107.978200,-7.107200,0 107.978100,-7.107200,0 107.977600,-7.106800,0 107.977500,-7.106200,0 107.977700,-7.106000,0</coordinates></LineString></Placemark><Placemark><name>SK.3</name><styleUrl>#g2</styleUrl><description><![CDATA[<table><tr><td>Luas dilayani</td><td align='right'><b>76,3006</b> ha</td></tr><tr><td>Luas dilayani</td><td align='right'><b>763.006</b> m²</td></tr><tr><td>Jenis saluran</td><td align='right'><b>Tersier</b> </td></tr><tr><td>Panjang</td><td align='right'><b>0,45</b> km</td></tr><tr><td>Ruas di hulunya</td><td align='right'><b>SS Sumur Kondang</b> </td></tr><tr><td>Ruas di hilirnya</td><td align='right'><b>0</b> ruas</td></tr><tr><td>Layanan menempel ruas</td><td align='right'><b>76,3</b> ha</td></tr><tr><td>Tinggi rata-rata</td><td align='right'><b>643,0</b> m dpl</td></tr><tr><td>Rezim</td><td align='right'><b>FL</b> </td></tr><tr><td>Kebutuhan air lewat ruas</td><td align='right'><b>170.022</b> m³</td></tr><tr><td>Kebutuhan air lahan layanannya</td><td align='right'><b>223</b> mm</td></tr><tr><td>Debit di hulu ruas</td><td align='right'><b>15,62</b> l/detik</td></tr><tr><td>NFR</td><td align='right'><b>1,59</b> mm/hari</td></tr><tr><td>Water loss di hilirnya</td><td align='right'><b>1.101.153</b> m³</td></tr><tr><td>Water loss</td><td align='right'><b>1.443</b> mm</td></tr><tr><td>Air sampai dari bendung</td><td align='right'><b>23,7</b> jam</td></tr><tr><td>Respons hidraulik dari bendung</td><td align='right'><b>17,3</b> jam</td></tr><tr><td>Waktu tempuh ruas ini</td><td align='right'><b>0,49</b> jam</td></tr><tr><td>Kecepatan aliran</td><td align='right'><b>0,260</b> m/detik</td></tr><tr><td>Kedalaman air (rancangan)</td><td align='right'><b>0,17</b> m</td></tr></table>]]></description><LineString><tessellate>1</tessellate><coordinates>107.977500,-7.106200,0 107.977500,-7.106100,0 107.977300,-7.106000,0 107.977200,-7.105800,0 107.977100,-7.105800,0 107.976700,-7.106300,0 107.976700,-7.106200,0 107.976300,-7.106000,0 107.976000,-7.105700,0 107.975500,-7.105500,0 107.975300,-7.105300,0 107.975300,-7.105000,0 107.975100,-7.105000,0 107.974800,-7.104600,0</coordinates></LineString></Placemark><Placemark><name>Suplesi Situ Cilimus</name><styleUrl>#g1</styleUrl><description><![CDATA[<table><tr><td>Luas dilayani</td><td align='right'><b>8,6097</b> ha</td></tr><tr><td>Luas dilayani</td><td align='right'><b>86.097</b> m²</td></tr><tr><td>Jenis saluran</td><td align='right'><b>Tersier</b> </td></tr><tr><td>Panjang</td><td align='right'><b>1,60</b> km</td></tr><tr><td>Ruas di hulunya</td><td align='right'><b>TB.8.Ki</b> </td></tr><tr><td>Ruas di hilirnya</td><td align='right'><b>0</b> ruas</td></tr><tr><td>Layanan menempel ruas</td><td align='right'><b>8,6</b> ha</td></tr><tr><td>Tinggi rata-rata</td><td align='right'><b>645,0</b> m dpl</td></tr><tr><td>Rezim</td><td align='right'><b>FL</b> </td></tr><tr><td>Kebutuhan air lewat ruas</td><td align='right'><b>20.641</b> m³</td></tr><tr><td>Kebutuhan air lahan layanannya</td><td align='right'><b>240</b> mm</td></tr><tr><td>Debit di hulu ruas</td><td align='right'><b>1,90</b> l/detik</td></tr><tr><td>NFR</td><td align='right'><b>1,71</b> mm/hari</td></tr><tr><td>Water loss di hilirnya</td><td align='right'><b>122.395</b> m³</td></tr><tr><td>Water loss</td><td align='right'><b>1.422</b> mm</td></tr><tr><td>Air sampai dari bendung</td><td align='right'><b>25,4</b> jam</td></tr><tr><td>Respons hidraulik dari bendung</td><td align='right'><b>18,5</b> jam</td></tr><tr><td>Waktu tempuh ruas ini</td><td align='right'><b>2,90</b> jam</td></tr><tr><td>Kecepatan aliran</td><td align='right'><b>0,153</b> m/detik</td></tr><tr><td>Kedalaman air (rancangan)</td><td align='right'><b>0,07</b> m</td></tr></table>]]></description><LineString><tessellate>1</tessellate><coordinates>108.000300,-7.092300,0 108.002600,-7.095400,0 108.003700,-7.096500,0 108.004100,-7.096800,0 108.007800,-7.096800,0 108.008800,-7.096900,0 108.009500,-7.097400,0 108.011800,-7.098400,0 108.012200,-7.098700,0</coordinates></LineString></Placemark><Placemark><name>TB.8.Ki</name><styleUrl>#g2</styleUrl><description><![CDATA[<table><tr><td>Luas dilayani</td><td align='right'><b>41,9168</b> ha</td></tr><tr><td>Luas dilayani</td><td align='right'><b>419.168</b> m²</td></tr><tr><td>Jenis saluran</td><td align='right'><b>Tersier</b> </td></tr><tr><td>Panjang</td><td align='right'><b>0,41</b> km</td></tr><tr><td>Ruas di hulunya</td><td align='right'><b>SS Tegal Buah</b> </td></tr><tr><td>Ruas di hilirnya</td><td align='right'><b>1</b> ruas</td></tr><tr><td>Layanan menempel ruas</td><td align='right'><b>33,3</b> ha</td></tr><tr><td>Tinggi rata-rata</td><td align='right'><b>645,0</b> m dpl</td></tr><tr><td>Rezim</td><td align='right'><b>FL</b> </td></tr><tr><td>Kebutuhan air lewat ruas</td><td align='right'><b>100.492</b> m³</td></tr><tr><td>Kebutuhan air lahan layanannya</td><td align='right'><b>240</b> mm</td></tr><tr><td>Debit di hulu ruas</td><td align='right'><b>9,23</b> l/detik</td></tr><tr><td>NFR</td><td align='right'><b>1,71</b> mm/hari</td></tr><tr><td>Water loss di hilirnya</td><td align='right'><b>595.884</b> m³</td></tr><tr><td>Water loss</td><td align='right'><b>1.422</b> mm</td></tr><tr><td>Air sampai dari bendung</td><td align='right'><b>22,5</b> jam</td></tr><tr><td>Respons hidraulik dari bendung</td><td align='right'><b>16,3</b> jam</td></tr><tr><td>Waktu tempuh ruas ini</td><td align='right'><b>0,50</b> jam</td></tr><tr><td>Kecepatan aliran</td><td align='right'><b>0,228</b> m/detik</td></tr><tr><td>Kedalaman air (rancangan)</td><td align='right'><b>0,14</b> m</td></tr></table>]]></description><LineString><tessellate>1</tessellate><coordinates>108.001100,-7.091700,0 108.000600,-7.091600,0 108.000300,-7.092300,0 107.999400,-7.092200,0 107.998900,-7.091900,0 107.998400,-7.091200,0 107.998400,-7.091100,0</coordinates></LineString></Placemark><Placemark><name>CT.2</name><styleUrl>#g2</styleUrl><description><![CDATA[<table><tr><td>Luas dilayani</td><td align='right'><b>59,7585</b> ha</td></tr><tr><td>Luas dilayani</td><td align='right'><b>597.585</b> m²</td></tr><tr><td>Jenis saluran</td><td align='right'><b>Tersier</b> </td></tr><tr><td>Panjang</td><td align='right'><b>0,70</b> km</td></tr><tr><td>Ruas di hulunya</td><td align='right'><b>SS Citambal</b> </td></tr><tr><td>Ruas di hilirnya</td><td align='right'><b>1</b> ruas</td></tr><tr><td>Layanan menempel ruas</td><td align='right'><b>39,2</b> ha</td></tr><tr><td>Tinggi rata-rata</td><td align='right'><b>598,0</b> m dpl</td></tr><tr><td>Rezim</td><td align='right'><b>FL</b> </td></tr><tr><td>Kebutuhan air lewat ruas</td><td align='right'><b>143.429</b> m³</td></tr><tr><td>Kebutuhan air lahan layanannya</td><td align='right'><b>240</b> mm</td></tr><tr><td>Debit di hulu ruas</td><td align='right'><b>13,18</b> l/detik</td></tr><tr><td>NFR</td><td align='right'><b>1,71</b> mm/hari</td></tr><tr><td>Water loss di hilirnya</td><td align='right'><b>849.761</b> m³</td></tr><tr><td>Water loss</td><td align='right'><b>1.422</b> mm</td></tr><tr><td>Air sampai dari bendung</td><td align='right'><b>25,0</b> jam</td></tr><tr><td>Respons hidraulik dari bendung</td><td align='right'><b>18,2</b> jam</td></tr><tr><td>Waktu tempuh ruas ini</td><td align='right'><b>0,78</b> jam</td></tr><tr><td>Kecepatan aliran</td><td align='right'><b>0,249</b> m/detik</td></tr><tr><td>Kedalaman air (rancangan)</td><td align='right'><b>0,16</b> m</td></tr></table>]]></description><LineString><tessellate>1</tessellate><coordinates>107.992200,-7.093200,0 107.992000,-7.092900,0 107.992000,-7.092500,0 107.992500,-7.091600,0 107.992500,-7.091500,0 107.992300,-7.091300,0 107.992200,-7.091300,0 107.992600,-7.091100,0 107.992700,-7.090700,0 107.992800,-7.090700,0 107.992800,-7.090500,0 107.992900,-7.090500,0 107.993200,-7.089900,0 107.993200,-7.089700,0 107.993300,-7.089700,0 107.993300,-7.089500,0 107.993400,-7.089500,0 107.993400,-7.089300,0 107.993500,-7.089300,0 107.993500,-7.089100,0 107.993700,-7.088700,0 107.993800,-7.088700,0 107.993800,-7.088400,0</coordinates></LineString></Placemark><Placemark><name>CA.2.Ki</name><styleUrl>#g3</styleUrl><description><![CDATA[<table><tr><td>Luas dilayani</td><td align='right'><b>76,3405</b> ha</td></tr><tr><td>Luas dilayani</td><td align='right'><b>763.405</b> m²</td></tr><tr><td>Jenis saluran</td><td align='right'><b>Tersier</b> </td></tr><tr><td>Panjang</td><td align='right'><b>0,74</b> km</td></tr><tr><td>Ruas di hulunya</td><td align='right'><b>SS Cikarag</b> </td></tr><tr><td>Ruas di hilirnya</td><td align='right'><b>0</b> ruas</td></tr><tr><td>Layanan menempel ruas</td><td align='right'><b>76,3</b> ha</td></tr><tr><td>Tinggi rata-rata</td><td align='right'><b>527,0</b> m dpl</td></tr><tr><td>Rezim</td><td align='right'><b>FL</b> </td></tr><tr><td>Kebutuhan air lewat ruas</td><td align='right'><b>183.587</b> m³</td></tr><tr><td>Kebutuhan air lahan layanannya</td><td align='right'><b>240</b> mm</td></tr><tr><td>Debit di hulu ruas</td><td align='right'><b>16,86</b> l/detik</td></tr><tr><td>NFR</td><td align='right'><b>1,72</b> mm/hari</td></tr><tr><td>Water loss di hilirnya</td><td align='right'><b>1.086.004</b> m³</td></tr><tr><td>Water loss</td><td align='right'><b>1.423</b> mm</td></tr><tr><td>Air sampai dari bendung</td><td align='right'><b>26,1</b> jam</td></tr><tr><td>Respons hidraulik dari bendung</td><td align='right'><b>19,0</b> jam</td></tr><tr><td>Waktu tempuh ruas ini</td><td align='right'><b>0,78</b> jam</td></tr><tr><td>Kecepatan aliran</td><td align='right'><b>0,265</b> m/detik</td></tr><tr><td>Kedalaman air (rancangan)</td><td align='right'><b>0,17</b> m</td></tr></table>]]></description><LineString><tessellate>1</tessellate><coordinates>107.995400,-7.061100,0 107.995200,-7.061400,0 107.995000,-7.061500,0 107.994800,-7.061400,0 107.994800,-7.061300,0 107.994600,-7.061200,0 107.994600,-7.061100,0 107.994500,-7.061100,0 107.994500,-7.061000,0 107.994300,-7.061000,0 107.994200,-7.060800,0 107.994100,-7.060800,0 107.994100,-7.060700,0 107.994000,-7.060700,0 107.994000,-7.060600,0 107.993900,-7.060600,0 107.993800,-7.060400,0 107.993700,-7.060400,0 107.993700,-7.060100,0 107.993600,-7.060100,0 107.993600,-7.060000,0 107.993200,-7.059900,0 107.993100,-7.059500,0 107.991400,-7.059000,0 107.991100,-7.058400,0</coordinates></LineString></Placemark><Placemark><name>SS Cikarag</name><styleUrl>#g3</styleUrl><description><![CDATA[<table><tr><td>Luas dilayani</td><td align='right'><b>76,3405</b> ha</td></tr><tr><td>Luas dilayani</td><td align='right'><b>763.405</b> m²</td></tr><tr><td>Jenis saluran</td><td align='right'><b>Sekunder</b> </td></tr><tr><td>Panjang</td><td align='right'><b>2,22</b> km</td></tr><tr><td>Ruas di hulunya</td><td align='right'><b>SS Tegal Buah</b> </td></tr><tr><td>Ruas di hilirnya</td><td align='right'><b>1</b> ruas</td></tr><tr><td>Layanan menempel ruas</td><td align='right'><b>0,0</b> ha</td></tr><tr><td>Tinggi rata-rata</td><td align='right'><b>527,0</b> m dpl</td></tr><tr><td>Rezim</td><td align='right'><b>FL</b> </td></tr><tr><td>Kebutuhan air lewat ruas</td><td align='right'><b>183.587</b> m³</td></tr><tr><td>Kebutuhan air lahan layanannya</td><td align='right'><b>240</b> mm</td></tr><tr><td>Debit di hulu ruas</td><td align='right'><b>18,74</b> l/detik</td></tr><tr><td>NFR</td><td align='right'><b>1,72</b> mm/hari</td></tr><tr><td>Water loss di hilirnya</td><td align='right'><b>1.086.004</b> m³</td></tr><tr><td>Water loss</td><td align='right'><b>1.423</b> mm</td></tr><tr><td>Air sampai dari bendung</td><td align='right'><b>25,3</b> jam</td></tr><tr><td>Respons hidraulik dari bendung</td><td align='right'><b>18,4</b> jam</td></tr><tr><td>Waktu tempuh ruas ini</td><td align='right'><b>3,32</b> jam</td></tr><tr><td>Kecepatan aliran</td><td align='right'><b>0,186</b> m/detik</td></tr><tr><td>Kedalaman air (rancangan)</td><td align='right'><b>0,17</b> m</td></tr></table>]]></description><LineString><tessellate>1</tessellate><coordinates>108.005000,-7.066300,0 108.004400,-7.066600,0 108.004200,-7.066600,0 108.004200,-7.067600,0 108.004100,-7.067600,0 108.004100,-7.067700,0 108.003900,-7.067800,0 108.003500,-7.067900,0 108.003300,-7.068100,0 108.003300,-7.068200,0 108.003200,-7.068200,0 108.003200,-7.068300,0 108.003100,-7.068300,0 108.003100,-7.068400,0 108.002900,-7.068400,0 108.002900,-7.068300,0 108.002800,-7.068300,0 108.002800,-7.068200,0 108.002700,-7.068200,0 108.002400,-7.067900,0 108.002400,-7.067700,0 108.002300,-7.067700,0 108.002300,-7.067400,0 108.001900,-7.067200,0 108.001900,-7.067100,0 108.001800,-7.067100,0 108.001800,-7.066900,0 108.001700,-7.066700,0 108.001500,-7.066600,0 108.001200,-7.066000,0 108.001200,-7.065800,0 108.001000,-7.065700,0 108.000900,-7.065400,0 108.000700,-7.065300,0 108.000700,-7.065100,0 108.000500,-7.065000,0 108.000500,-7.064800,0 108.000400,-7.064800,0 108.000100,-7.064200,0 108.000000,-7.064200,0 108.000000,-7.064000,0 107.999900,-7.064000,0 107.999900,-7.063800,0 107.999800,-7.063700,0 107.999800,-7.063100,0 107.999900,-7.063100,0 107.999900,-7.063000,0 107.999800,-7.062800,0 107.999700,-7.062800,0 107.999600,-7.062500,0 107.999400,-7.062400,0 107.999400,-7.062200,0 107.999200,-7.062100,0 107.999200,-7.062000,0 107.998800,-7.061900,0 107.998800,-7.061800,0 107.998300,-7.061800,0 107.998100,-7.061700,0 107.998100,-7.061600,0 107.998000,-7.061600,0 107.997900,-7.061400,0 107.997700,-7.061400,0 107.997700,-7.061300,0 107.997300,-7.061300,0 107.997300,-7.061200,0 107.996700,-7.061200,0 107.996700,-7.061300,0 107.996400,-7.061300,0 107.996400,-7.061200,0 107.995900,-7.061200,0 107.995900,-7.061100,0 107.995100,-7.061000,0 107.994300,-7.060700,0 107.993800,-7.059900,0</coordinates></LineString></Placemark><Placemark><name>LW.3.Ki</name><styleUrl>#g2</styleUrl><description><![CDATA[<table><tr><td>Luas dilayani</td><td align='right'><b>33,3209</b> ha</td></tr><tr><td>Luas dilayani</td><td align='right'><b>333.209</b> m²</td></tr><tr><td>Jenis saluran</td><td align='right'><b>Tersier</b> </td></tr><tr><td>Panjang</td><td align='right'><b>1,18</b> km</td></tr><tr><td>Ruas di hulunya</td><td align='right'><b>SS Lewo</b> </td></tr><tr><td>Ruas di hilirnya</td><td align='right'><b>0</b> ruas</td></tr><tr><td>Layanan menempel ruas</td><td align='right'><b>33,3</b> ha</td></tr><tr><td>Tinggi rata-rata</td><td align='right'><b>531,0</b> m dpl</td></tr><tr><td>Rezim</td><td align='right'><b>FL</b> </td></tr><tr><td>Kebutuhan air lewat ruas</td><td align='right'><b>80.117</b> m³</td></tr><tr><td>Kebutuhan air lahan layanannya</td><td align='right'><b>240</b> mm</td></tr><tr><td>Debit di hulu ruas</td><td align='right'><b>7,36</b> l/detik</td></tr><tr><td>NFR</td><td align='right'><b>1,72</b> mm/hari</td></tr><tr><td>Water loss di hilirnya</td><td align='right'><b>473.999</b> m³</td></tr><tr><td>Water loss</td><td align='right'><b>1.423</b> mm</td></tr><tr><td>Air sampai dari bendung</td><td align='right'><b>31,3</b> jam</td></tr><tr><td>Respons hidraulik dari bendung</td><td align='right'><b>22,8</b> jam</td></tr><tr><td>Waktu tempuh ruas ini</td><td align='right'><b>1,52</b> jam</td></tr><tr><td>Kecepatan aliran</td><td align='right'><b>0,215</b> m/detik</td></tr><tr><td>Kedalaman air (rancangan)</td><td align='right'><b>0,12</b> m</td></tr></table>]]></description><LineString><tessellate>1</tessellate><coordinates>108.010500,-7.061500,0 108.010400,-7.061400,0 108.010300,-7.060800,0 108.010200,-7.060700,0 108.009900,-7.059800,0 108.009500,-7.059100,0 108.009100,-7.057700,0 108.008700,-7.056700,0 108.008400,-7.056400,0 108.008200,-7.055400,0 108.007700,-7.055000,0 108.007800,-7.054800,0 108.007800,-7.054400,0 108.007000,-7.052500,0 108.006400,-7.052100,0</coordinates></LineString></Placemark><Placemark><name>CTR.3.Ki.a</name><styleUrl>#g1</styleUrl><description><![CDATA[<table><tr><td>Luas dilayani</td><td align='right'><b>9,0807</b> ha</td></tr><tr><td>Luas dilayani</td><td align='right'><b>90.807</b> m²</td></tr><tr><td>Jenis saluran</td><td align='right'><b>Tersier</b> </td></tr><tr><td>Panjang</td><td align='right'><b>0,50</b> km</td></tr><tr><td>Ruas di hilirnya</td><td align='right'><b>0</b> ruas</td></tr><tr><td>Layanan menempel ruas</td><td align='right'><b>9,1</b> ha</td></tr><tr><td>Tinggi rata-rata</td><td align='right'><b>593,0</b> m dpl</td></tr><tr><td>Rezim</td><td align='right'><b>FL</b> </td></tr><tr><td>Kebutuhan air lewat ruas</td><td align='right'><b>24.043</b> m³</td></tr><tr><td>Kebutuhan air lahan layanannya</td><td align='right'><b>265</b> mm</td></tr><tr><td>Debit di hulu ruas</td><td align='right'><b>2,21</b> l/detik</td></tr><tr><td>NFR</td><td align='right'><b>1,89</b> mm/hari</td></tr><tr><td>Water loss di hilirnya</td><td align='right'><b>122.869</b> m³</td></tr><tr><td>Water loss</td><td align='right'><b>1.353</b> mm</td></tr><tr><td>Waktu tempuh ruas ini</td><td align='right'><b>0,88</b> jam</td></tr><tr><td>Kecepatan aliran</td><td align='right'><b>0,159</b> m/detik</td></tr><tr><td>Kedalaman air (rancangan)</td><td align='right'><b>0,08</b> m</td></tr></table>]]></description><LineString><tessellate>1</tessellate><coordinates>107.964600,-7.083700,0 107.964800,-7.083600,0 107.964900,-7.082800,0 107.965100,-7.082700,0 107.965500,-7.082800,0 107.965600,-7.082700,0 107.965500,-7.082700,0 107.965900,-7.082200,0 107.966000,-7.082300,0 107.966500,-7.081900,0 107.966200,-7.081400,0 107.965800,-7.081200,0 107.965800,-7.081000,0</coordinates></LineString></Placemark><Placemark><name>Ruas tanpa nama R037</name><styleUrl>#g2</styleUrl><description><![CDATA[<table><tr><td>Luas dilayani</td><td align='right'><b>14,0627</b> ha</td></tr><tr><td>Luas dilayani</td><td align='right'><b>140.627</b> m²</td></tr><tr><td>Jenis saluran</td><td align='right'><b>Tersier</b> </td></tr><tr><td>Panjang</td><td align='right'><b>0,67</b> km</td></tr><tr><td>Ruas di hilirnya</td><td align='right'><b>0</b> ruas</td></tr><tr><td>Layanan menempel ruas</td><td align='right'><b>15,1</b> ha</td></tr><tr><td>Tinggi rata-rata</td><td align='right'><b>576,0</b> m dpl</td></tr><tr><td>Rezim</td><td align='right'><b>FL</b> </td></tr><tr><td>Kebutuhan air lewat ruas</td><td align='right'><b>33.774</b> m³</td></tr><tr><td>Kebutuhan air lahan layanannya</td><td align='right'><b>240</b> mm</td></tr><tr><td>Debit di hulu ruas</td><td align='right'><b>3,10</b> l/detik</td></tr><tr><td>NFR</td><td align='right'><b>1,72</b> mm/hari</td></tr><tr><td>Water loss di hilirnya</td><td align='right'><b>199.998</b> m³</td></tr><tr><td>Water loss</td><td align='right'><b>1.422</b> mm</td></tr><tr><td>Waktu tempuh ruas ini</td><td align='right'><b>1,08</b> jam</td></tr><tr><td>Kecepatan aliran</td><td align='right'><b>0,173</b> m/detik</td></tr><tr><td>Kedalaman air (rancangan)</td><td align='right'><b>0,09</b> m</td></tr></table>]]></description><MultiGeometry><LineString><tessellate>1</tessellate><coordinates>108.004700,-7.082800,0 108.004500,-7.082300,0 108.004200,-7.082000,0 108.004000,-7.081100,0 108.003400,-7.080100,0 108.003200,-7.080100,0 108.003200,-7.079900,0 108.003100,-7.079900,0 108.003000,-7.079700,0 108.002600,-7.079700,0 108.002500,-7.079600,0 108.002300,-7.079600,0 108.002300,-7.079700,0</coordinates></LineString><LineString><tessellate>1</tessellate><coordinates>108.002200,-7.079900,0 108.002200,-7.080200,0 108.002100,-7.080200,0 108.002100,-7.080300,0 108.001400,-7.080200,0 108.001300,-7.080400,0</coordinates></LineString></MultiGeometry></Placemark><Placemark><name>Ruas tanpa nama R038</name><styleUrl>#g1</styleUrl><description><![CDATA[<table><tr><td>Luas dilayani</td><td align='right'><b>3,0601</b> ha</td></tr><tr><td>Luas dilayani</td><td align='right'><b>30.601</b> m²</td></tr><tr><td>Jenis saluran</td><td align='right'><b>Tersier</b> </td></tr><tr><td>Panjang</td><td align='right'><b>0,38</b> km</td></tr><tr><td>Ruas di hilirnya</td><td align='right'><b>0</b> ruas</td></tr><tr><td>Layanan menempel ruas</td><td align='right'><b>3,1</b> ha</td></tr><tr><td>Tinggi rata-rata</td><td align='right'><b>535,0</b> m dpl</td></tr><tr><td>Rezim</td><td align='right'><b>FL</b> </td></tr><tr><td>Kebutuhan air lewat ruas</td><td align='right'><b>7.358</b> m³</td></tr><tr><td>Kebutuhan air lahan layanannya</td><td align='right'><b>240</b> mm</td></tr><tr><td>Debit di hulu ruas</td><td align='right'><b>0,68</b> l/detik</td></tr><tr><td>NFR</td><td align='right'><b>1,72</b> mm/hari</td></tr><tr><td>Water loss di hilirnya</td><td align='right'><b>43.530</b> m³</td></tr><tr><td>Water loss</td><td align='right'><b>1.423</b> mm</td></tr><tr><td>Waktu tempuh ruas ini</td><td align='right'><b>0,90</b> jam</td></tr><tr><td>Kecepatan aliran</td><td align='right'><b>0,118</b> m/detik</td></tr><tr><td>Kedalaman air (rancangan)</td><td align='right'><b>0,05</b> m</td></tr></table>]]></description><LineString><tessellate>1</tessellate><coordinates>108.012200,-7.054000,0 108.012200,-7.053400,0 108.012400,-7.053300,0 108.012400,-7.053200,0 108.012600,-7.053200,0 108.012600,-7.053100,0 108.012800,-7.053100,0 108.012800,-7.053000,0 108.013100,-7.052900,0 108.013100,-7.052800,0 108.013400,-7.052800,0 108.013400,-7.052700,0 108.013600,-7.052600,0 108.013600,-7.052400,0 108.013700,-7.052400,0 108.013700,-7.051900,0</coordinates></LineString></Placemark><Placemark><name>CK.2.Ki</name><styleUrl>#g2</styleUrl><description><![CDATA[<table><tr><td>Luas dilayani</td><td align='right'><b>68,2136</b> ha</td></tr><tr><td>Luas dilayani</td><td align='right'><b>682.136</b> m²</td></tr><tr><td>Jenis saluran</td><td align='right'><b>Tersier</b> </td></tr><tr><td>Panjang</td><td align='right'><b>0,26</b> km</td></tr><tr><td>Ruas di hulunya</td><td align='right'><b>SS Cipanas Kiara</b> </td></tr><tr><td>Ruas di hilirnya</td><td align='right'><b>0</b> ruas</td></tr><tr><td>Layanan menempel ruas</td><td align='right'><b>68,2</b> ha</td></tr><tr><td>Tinggi rata-rata</td><td align='right'><b>672,0</b> m dpl</td></tr><tr><td>Rezim</td><td align='right'><b>FL</b> </td></tr><tr><td>Kebutuhan air lewat ruas</td><td align='right'><b>151.937</b> m³</td></tr><tr><td>Kebutuhan air lahan layanannya</td><td align='right'><b>223</b> mm</td></tr><tr><td>Debit di hulu ruas</td><td align='right'><b>13,96</b> l/detik</td></tr><tr><td>NFR</td><td align='right'><b>1,59</b> mm/hari</td></tr><tr><td>Water loss di hilirnya</td><td align='right'><b>983.986</b> m³</td></tr><tr><td>Water loss</td><td align='right'><b>1.443</b> mm</td></tr><tr><td>Air sampai dari bendung</td><td align='right'><b>18,5</b> jam</td></tr><tr><td>Respons hidraulik dari bendung</td><td align='right'><b>13,5</b> jam</td></tr><tr><td>Waktu tempuh ruas ini</td><td align='right'><b>0,29</b> jam</td></tr><tr><td>Kecepatan aliran</td><td align='right'><b>0,253</b> m/detik</td></tr><tr><td>Kedalaman air (rancangan)</td><td align='right'><b>0,16</b> m</td></tr></table>]]></description><LineString><tessellate>1</tessellate><coordinates>107.989800,-7.131200,0 107.989800,-7.131400,0 107.989700,-7.131400,0 107.989200,-7.131800,0 107.989000,-7.131800,0 107.989000,-7.131900,0 107.988800,-7.131900,0 107.988800,-7.131800,0 107.988600,-7.131800,0 107.988600,-7.131700,0 107.988500,-7.131700,0 107.988400,-7.131300,0</coordinates></LineString></Placemark><Placemark><name>SS Citambal</name><styleUrl>#g2</styleUrl><description><![CDATA[<table><tr><td>Luas dilayani</td><td align='right'><b>59,7585</b> ha</td></tr><tr><td>Luas dilayani</td><td align='right'><b>597.585</b> m²</td></tr><tr><td>Jenis saluran</td><td align='right'><b>Sekunder</b> </td></tr><tr><td>Panjang</td><td align='right'><b>1,41</b> km</td></tr><tr><td>Ruas di hulunya</td><td align='right'><b>SS Tegal Buah</b> </td></tr><tr><td>Ruas di hilirnya</td><td align='right'><b>2</b> ruas</td></tr><tr><td>Layanan menempel ruas</td><td align='right'><b>0,0</b> ha</td></tr><tr><td>Tinggi rata-rata</td><td align='right'><b>598,0</b> m dpl</td></tr><tr><td>Rezim</td><td align='right'><b>FL</b> </td></tr><tr><td>Kebutuhan air lewat ruas</td><td align='right'><b>143.429</b> m³</td></tr><tr><td>Kebutuhan air lahan layanannya</td><td align='right'><b>240</b> mm</td></tr><tr><td>Debit di hulu ruas</td><td align='right'><b>14,64</b> l/detik</td></tr><tr><td>NFR</td><td align='right'><b>1,71</b> mm/hari</td></tr><tr><td>Water loss di hilirnya</td><td align='right'><b>849.761</b> m³</td></tr><tr><td>Water loss</td><td align='right'><b>1.422</b> mm</td></tr><tr><td>Air sampai dari bendung</td><td align='right'><b>24,2</b> jam</td></tr><tr><td>Respons hidraulik dari bendung</td><td align='right'><b>17,6</b> jam</td></tr><tr><td>Waktu tempuh ruas ini</td><td align='right'><b>2,25</b> jam</td></tr><tr><td>Kecepatan aliran</td><td align='right'><b>0,174</b> m/detik</td></tr><tr><td>Kedalaman air (rancangan)</td><td align='right'><b>0,15</b> m</td></tr></table>]]></description><LineString><tessellate>1</tessellate><coordinates>107.997700,-7.098200,0 107.997400,-7.098500,0 107.997400,-7.098600,0 107.997200,-7.098700,0 107.997200,-7.098800,0 107.997100,-7.098800,0 107.997100,-7.098900,0 107.996900,-7.099000,0 107.996900,-7.099100,0 107.996700,-7.099100,0 107.996700,-7.099200,0 107.996500,-7.099300,0 107.996200,-7.099300,0 107.996200,-7.099400,0 107.996100,-7.099400,0 107.996100,-7.099300,0 107.995800,-7.099300,0 107.995800,-7.099200,0 107.995600,-7.099100,0 107.995400,-7.098700,0 107.995300,-7.098700,0 107.995200,-7.098400,0 107.994600,-7.098400,0 107.994600,-7.098300,0 107.994500,-7.098300,0 107.994500,-7.098200,0 107.994400,-7.098200,0 107.994400,-7.098100,0 107.994200,-7.098000,0 107.994200,-7.097900,0 107.994000,-7.097800,0 107.994000,-7.097600,0 107.993900,-7.097600,0 107.993900,-7.097300,0 107.993800,-7.097300,0 107.993800,-7.096900,0 107.993700,-7.096900,0 107.993700,-7.096700,0 107.993600,-7.096600,0 107.991700,-7.095600,0 107.991600,-7.093500,0 107.991700,-7.093500,0 107.991700,-7.093400,0 107.992100,-7.093400,0 107.992200,-7.093200,0</coordinates></LineString></Placemark><Placemark><name>SS Cibunar</name><styleUrl>#g2</styleUrl><description><![CDATA[<table><tr><td>Luas dilayani</td><td align='right'><b>42,1882</b> ha</td></tr><tr><td>Luas dilayani</td><td align='right'><b>421.882</b> m²</td></tr><tr><td>Jenis saluran</td><td align='right'><b>Sekunder</b> </td></tr><tr><td>Panjang</td><td align='right'><b>2,67</b> km</td></tr><tr><td>Ruas di hulunya</td><td align='right'><b>SS Cibatu</b> </td></tr><tr><td>Ruas di hilirnya</td><td align='right'><b>1</b> ruas</td></tr><tr><td>Layanan menempel ruas</td><td align='right'><b>0,0</b> ha</td></tr><tr><td>Tinggi rata-rata</td><td align='right'><b>578,0</b> m dpl</td></tr><tr><td>Rezim</td><td align='right'><b>FL</b> </td></tr><tr><td>Kebutuhan air lewat ruas</td><td align='right'><b>101.322</b> m³</td></tr><tr><td>Kebutuhan air lahan layanannya</td><td align='right'><b>240</b> mm</td></tr><tr><td>Debit di hulu ruas</td><td align='right'><b>10,34</b> l/detik</td></tr><tr><td>NFR</td><td align='right'><b>1,72</b> mm/hari</td></tr><tr><td>Water loss di hilirnya</td><td align='right'><b>599.997</b> m³</td></tr><tr><td>Water loss</td><td align='right'><b>1.422</b> mm</td></tr><tr><td>Air sampai dari bendung</td><td align='right'><b>26,6</b> jam</td></tr><tr><td>Respons hidraulik dari bendung</td><td align='right'><b>19,4</b> jam</td></tr><tr><td>Waktu tempuh ruas ini</td><td align='right'><b>4,64</b> jam</td></tr><tr><td>Kecepatan aliran</td><td align='right'><b>0,160</b> m/detik</td></tr><tr><td>Kedalaman air (rancangan)</td><td align='right'><b>0,14</b> m</td></tr></table>]]></description><LineString><tessellate>1</tessellate><coordinates>107.988900,-7.098900,0 107.988900,-7.098700,0 107.988600,-7.097800,0 107.988500,-7.097000,0 107.988500,-7.096000,0 107.988400,-7.096000,0 107.988400,-7.095900,0 107.987600,-7.095700,0 107.987200,-7.095500,0 107.986700,-7.095100,0 107.986500,-7.094900,0 107.986500,-7.094300,0 107.986300,-7.093800,0 107.985900,-7.093500,0 107.985800,-7.093300,0 107.985600,-7.093300,0 107.985500,-7.093200,0 107.985500,-7.093000,0 107.985600,-7.093000,0 107.985600,-7.092700,0 107.985700,-7.092700,0 107.985800,-7.092400,0 107.985900,-7.092400,0 107.985900,-7.092300,0 107.986100,-7.092200,0 107.986400,-7.092200,0 107.986400,-7.092300,0 107.986700,-7.092400,0 107.986700,-7.092500,0 107.987300,-7.092600,0 107.987300,-7.092700,0 107.987600,-7.092700,0 107.987600,-7.092600,0 107.988000,-7.092600,0 107.988000,-7.092500,0 107.988300,-7.092500,0 107.988300,-7.092400,0 107.988600,-7.092400,0 107.988600,-7.092300,0 107.988800,-7.092300,0 107.988800,-7.092200,0 107.989000,-7.092200,0 107.989100,-7.092000,0 107.989500,-7.091800,0 107.989600,-7.091600,0 107.989900,-7.091600,0 107.989900,-7.091500,0 107.990000,-7.091500,0 107.990000,-7.091300,0 107.990100,-7.091300,0 107.990100,-7.091200,0 107.990000,-7.091200,0 107.990000,-7.091000,0 107.989900,-7.091000,0 107.989900,-7.090900,0 107.989700,-7.090900,0 107.989700,-7.090600,0 107.989600,-7.090600,0 107.989600,-7.090400,0 107.989500,-7.090300,0 107.989500,-7.090100,0 107.989600,-7.090100,0 107.989600,-7.089800,0 107.989500,-7.089800,0 107.989500,-7.089700,0 107.989400,-7.089700,0 107.989400,-7.089600,0 107.989300,-7.089600,0 107.989300,-7.089500,0 107.989200,-7.089500,0 107.989200,-7.089400,0 107.989000,-7.089300,0 107.988900,-7.089000,0 107.989500,-7.088000,0 107.989500,-7.087100,0 107.989400,-7.087100,0 107.989100,-7.086700,0 107.988900,-7.086600,0 107.988900,-7.086400,0 107.989100,-7.086200,0 107.989100,-7.086000,0 107.988100,-7.084800,0 107.988100,-7.084700,0 107.988000,-7.084800,0 107.987500,-7.084900,0</coordinates></LineString></Placemark><Placemark><name>SS Pasir Laja</name><styleUrl>#g0</styleUrl><description><![CDATA[<table><tr><td>Luas dilayani</td><td align='right'><b>0,0000</b> ha</td></tr><tr><td>Luas dilayani</td><td align='right'><b>0</b> m²</td></tr><tr><td>Jenis saluran</td><td align='right'><b>Sekunder</b> </td></tr><tr><td>Panjang</td><td align='right'><b>4,28</b> km</td></tr><tr><td>Ruas di hilirnya</td><td align='right'><b>0</b> ruas</td></tr><tr><td>Layanan menempel ruas</td><td align='right'><b>0,0</b> ha</td></tr><tr><td>Rezim</td><td align='right'><b>FL</b> </td></tr><tr><td>Kebutuhan air lewat ruas</td><td align='right'><b>0</b> m³</td></tr><tr><td>Debit di hulu ruas</td><td align='right'><b>0,00</b> l/detik</td></tr><tr><td>Water loss di hilirnya</td><td align='right'><b>0</b> m³</td></tr></table>]]></description><LineString><tessellate>1</tessellate><coordinates>107.985100,-7.070700,0 107.985500,-7.069900,0 107.986300,-7.069600,0 107.986600,-7.069600,0 107.986600,-7.069500,0 107.986700,-7.069500,0 107.986600,-7.068500,0 107.987000,-7.067600,0 107.987000,-7.065300,0 107.984900,-7.065200,0 107.984900,-7.065100,0 107.984800,-7.065100,0 107.984800,-7.064300,0 107.984700,-7.064300,0 107.984700,-7.064200,0 107.984500,-7.064100,0 107.984000,-7.064100,0 107.983800,-7.064000,0 107.983700,-7.063900,0 107.983700,-7.063300,0 107.983600,-7.063200,0 107.982300,-7.062800,0 107.981700,-7.062100,0 107.981500,-7.061900,0 107.981400,-7.061900,0 107.981000,-7.061100,0 107.980600,-7.060700,0 107.980500,-7.060700,0 107.979700,-7.060200,0 107.979700,-7.060100,0 107.979600,-7.060100,0 107.979400,-7.059600,0 107.979300,-7.058800,0 107.979600,-7.058200,0 107.980400,-7.058200,0 107.980400,-7.057200,0 107.980300,-7.057100,0 107.980300,-7.056900,0 107.980100,-7.056500,0 107.980100,-7.056200,0 107.980600,-7.055200,0 107.982300,-7.053500,0 107.982500,-7.052900,0 107.982700,-7.052700,0 107.982900,-7.052700,0 107.982900,-7.052600,0 107.983000,-7.052600,0 107.983000,-7.052400,0 107.983100,-7.052400,0 107.983200,-7.052200,0 107.983500,-7.052000,0 107.984100,-7.051900,0 107.984800,-7.052200,0 107.985100,-7.052500,0 107.985500,-7.053200,0 107.985900,-7.053400,0 107.985900,-7.054600,0 107.985800,-7.055100,0 107.986900,-7.055400,0 107.988900,-7.055300,0 107.989000,-7.054800,0 107.988900,-7.054800,0 107.988900,-7.054700,0 107.988400,-7.054600,0 107.988400,-7.054500,0 107.988300,-7.054500,0 107.988100,-7.053900,0 107.988100,-7.053800,0 107.988300,-7.053700,0 107.988300,-7.053300,0 107.988200,-7.053300,0</coordinates></LineString></Placemark><Placemark><name>PL.5.Ka</name><styleUrl>#g2</styleUrl><description><![CDATA[<table><tr><td>Luas dilayani</td><td align='right'><b>69,3091</b> ha</td></tr><tr><td>Luas dilayani</td><td align='right'><b>693.091</b> m²</td></tr><tr><td>Jenis saluran</td><td align='right'><b>Tersier</b> </td></tr><tr><td>Panjang</td><td align='right'><b>0,63</b> km</td></tr><tr><td>Ruas di hilirnya</td><td align='right'><b>0</b> ruas</td></tr><tr><td>Layanan menempel ruas</td><td align='right'><b>69,3</b> ha</td></tr><tr><td>Tinggi rata-rata</td><td align='right'><b>527,0</b> m dpl</td></tr><tr><td>Rezim</td><td align='right'><b>FL</b> </td></tr><tr><td>Kebutuhan air lewat ruas</td><td align='right'><b>166.677</b> m³</td></tr><tr><td>Kebutuhan air lahan layanannya</td><td align='right'><b>240</b> mm</td></tr><tr><td>Debit di hulu ruas</td><td align='right'><b>15,31</b> l/detik</td></tr><tr><td>NFR</td><td align='right'><b>1,72</b> mm/hari</td></tr><tr><td>Water loss di hilirnya</td><td align='right'><b>985.977</b> m³</td></tr><tr><td>Water loss</td><td align='right'><b>1.423</b> mm</td></tr><tr><td>Waktu tempuh ruas ini</td><td align='right'><b>0,68</b> jam</td></tr><tr><td>Kecepatan aliran</td><td align='right'><b>0,259</b> m/detik</td></tr><tr><td>Kedalaman air (rancangan)</td><td align='right'><b>0,16</b> m</td></tr></table>]]></description><LineString><tessellate>1</tessellate><coordinates>107.980400,-7.058200,0 107.980600,-7.058200,0 107.980700,-7.058300,0 107.980900,-7.059200,0 107.983400,-7.059500,0 107.983600,-7.059500,0 107.983600,-7.059400,0 107.984300,-7.059000,0 107.984300,-7.058700,0 107.984500,-7.058600,0 107.984500,-7.058500,0 107.984600,-7.058500,0</coordinates></LineString></Placemark><Placemark><name>PL.2.Ka</name><styleUrl>#g2</styleUrl><description><![CDATA[<table><tr><td>Luas dilayani</td><td align='right'><b>50,2240</b> ha</td></tr><tr><td>Luas dilayani</td><td align='right'><b>502.240</b> m²</td></tr><tr><td>Jenis saluran</td><td align='right'><b>Tersier</b> </td></tr><tr><td>Panjang</td><td align='right'><b>0,52</b> km</td></tr><tr><td>Ruas di hilirnya</td><td align='right'><b>0</b> ruas</td></tr><tr><td>Layanan menempel ruas</td><td align='right'><b>50,2</b> ha</td></tr><tr><td>Tinggi rata-rata</td><td align='right'><b>536,0</b> m dpl</td></tr><tr><td>Rezim</td><td align='right'><b>FL</b> </td></tr><tr><td>Kebutuhan air lewat ruas</td><td align='right'><b>120.728</b> m³</td></tr><tr><td>Kebutuhan air lahan layanannya</td><td align='right'><b>240</b> mm</td></tr><tr><td>Debit di hulu ruas</td><td align='right'><b>11,09</b> l/detik</td></tr><tr><td>NFR</td><td align='right'><b>1,72</b> mm/hari</td></tr><tr><td>Water loss di hilirnya</td><td align='right'><b>714.401</b> m³</td></tr><tr><td>Water loss</td><td align='right'><b>1.422</b> mm</td></tr><tr><td>Waktu tempuh ruas ini</td><td align='right'><b>0,61</b> jam</td></tr><tr><td>Kecepatan aliran</td><td align='right'><b>0,238</b> m/detik</td></tr><tr><td>Kedalaman air (rancangan)</td><td align='right'><b>0,15</b> m</td></tr></table>]]></description><LineString><tessellate>1</tessellate><coordinates>107.986900,-7.067800,0 107.987100,-7.067500,0 107.987200,-7.064000,0 107.987700,-7.063800,0 107.987800,-7.063500,0</coordinates></LineString></Placemark><Placemark><name>Ruas tanpa nama R045</name><styleUrl>#g2</styleUrl><description><![CDATA[<table><tr><td>Luas dilayani</td><td align='right'><b>39,4927</b> ha</td></tr><tr><td>Luas dilayani</td><td align='right'><b>394.927</b> m²</td></tr><tr><td>Jenis saluran</td><td align='right'><b>Tersier</b> </td></tr><tr><td>Panjang</td><td align='right'><b>2,09</b> km</td></tr><tr><td>Ruas di hilirnya</td><td align='right'><b>0</b> ruas</td></tr><tr><td>Layanan menempel ruas</td><td align='right'><b>39,5</b> ha</td></tr><tr><td>Tinggi rata-rata</td><td align='right'><b>558,0</b> m dpl</td></tr><tr><td>Rezim</td><td align='right'><b>FL</b> </td></tr><tr><td>Kebutuhan air lewat ruas</td><td align='right'><b>94.901</b> m³</td></tr><tr><td>Kebutuhan air lahan layanannya</td><td align='right'><b>240</b> mm</td></tr><tr><td>Debit di hulu ruas</td><td align='right'><b>8,72</b> l/detik</td></tr><tr><td>NFR</td><td align='right'><b>1,72</b> mm/hari</td></tr><tr><td>Water loss di hilirnya</td><td align='right'><b>561.726</b> m³</td></tr><tr><td>Water loss</td><td align='right'><b>1.422</b> mm</td></tr><tr><td>Waktu tempuh ruas ini</td><td align='right'><b>2,59</b> jam</td></tr><tr><td>Kecepatan aliran</td><td align='right'><b>0,225</b> m/detik</td></tr><tr><td>Kedalaman air (rancangan)</td><td align='right'><b>0,13</b> m</td></tr></table>]]></description><LineString><tessellate>1</tessellate><coordinates>107.983000,-7.083200,0 107.982900,-7.083200,0 107.982600,-7.082600,0 107.982600,-7.082400,0 107.982300,-7.082400,0 107.982300,-7.082300,0 107.982200,-7.082300,0 107.981800,-7.080900,0 107.982100,-7.080000,0 107.982700,-7.079700,0 107.982900,-7.078000,0 107.982600,-7.073700,0 107.983200,-7.073400,0 107.983500,-7.072700,0 107.983500,-7.072500,0 107.983100,-7.071300,0 107.982800,-7.069600,0 107.983000,-7.067400,0 107.982700,-7.066800,0 107.982900,-7.066100,0</coordinates></LineString></Placemark><Placemark><name>Ruas tanpa nama R046</name><styleUrl>#g0</styleUrl><description><![CDATA[<table><tr><td>Luas dilayani</td><td align='right'><b>1,0798</b> ha</td></tr><tr><td>Luas dilayani</td><td align='right'><b>10.798</b> m²</td></tr><tr><td>Jenis saluran</td><td align='right'><b>Tersier</b> </td></tr><tr><td>Panjang</td><td align='right'><b>0,23</b> km</td></tr><tr><td>Ruas di hilirnya</td><td align='right'><b>0</b> ruas</td></tr><tr><td>Layanan menempel ruas</td><td align='right'><b>1,1</b> ha</td></tr><tr><td>Tinggi rata-rata</td><td align='right'><b>535,0</b> m dpl</td></tr><tr><td>Rezim</td><td align='right'><b>FL</b> </td></tr><tr><td>Kebutuhan air lewat ruas</td><td align='right'><b>2.596</b> m³</td></tr><tr><td>Kebutuhan air lahan layanannya</td><td align='right'><b>240</b> mm</td></tr><tr><td>Debit di hulu ruas</td><td align='right'><b>0,24</b> l/detik</td></tr><tr><td>NFR</td><td align='right'><b>1,72</b> mm/hari</td></tr><tr><td>Water loss di hilirnya</td><td align='right'><b>15.361</b> m³</td></tr><tr><td>Water loss</td><td align='right'><b>1.423</b> mm</td></tr><tr><td>Waktu tempuh ruas ini</td><td align='right'><b>0,70</b> jam</td></tr><tr><td>Kecepatan aliran</td><td align='right'><b>0,091</b> m/detik</td></tr><tr><td>Kedalaman air (rancangan)</td><td align='right'><b>0,03</b> m</td></tr></table>]]></description><LineString><tessellate>1</tessellate><coordinates>108.013700,-7.051600,0 108.013800,-7.051400,0 108.013800,-7.050700,0 108.013900,-7.050700,0 108.013900,-7.050500,0 108.014000,-7.050300,0 108.014100,-7.050300,0 108.014100,-7.050100,0 108.014200,-7.050100,0 108.014200,-7.049900,0</coordinates></LineString></Placemark><Placemark><name>Ruas tanpa nama R047</name><styleUrl>#g3</styleUrl><description><![CDATA[<table><tr><td>Luas dilayani</td><td align='right'><b>115,5152</b> ha</td></tr><tr><td>Luas dilayani</td><td align='right'><b>1.155.152</b> m²</td></tr><tr><td>Jenis saluran</td><td align='right'><b>Tersier</b> </td></tr><tr><td>Panjang</td><td align='right'><b>0,64</b> km</td></tr><tr><td>Ruas di hilirnya</td><td align='right'><b>0</b> ruas</td></tr><tr><td>Layanan menempel ruas</td><td align='right'><b>115,5</b> ha</td></tr><tr><td>Tinggi rata-rata</td><td align='right'><b>498,0</b> m dpl</td></tr><tr><td>Rezim</td><td align='right'><b>FL</b> </td></tr><tr><td>Kebutuhan air lewat ruas</td><td align='right'><b>277.925</b> m³</td></tr><tr><td>Kebutuhan air lahan layanannya</td><td align='right'><b>241</b> mm</td></tr><tr><td>Debit di hulu ruas</td><td align='right'><b>25,53</b> l/detik</td></tr><tr><td>NFR</td><td align='right'><b>1,72</b> mm/hari</td></tr><tr><td>Water loss di hilirnya</td><td align='right'><b>1.643.438</b> m³</td></tr><tr><td>Water loss</td><td align='right'><b>1.423</b> mm</td></tr><tr><td>Waktu tempuh ruas ini</td><td align='right'><b>0,60</b> jam</td></tr><tr><td>Kecepatan aliran</td><td align='right'><b>0,294</b> m/detik</td></tr><tr><td>Kedalaman air (rancangan)</td><td align='right'><b>0,20</b> m</td></tr></table>]]></description><LineString><tessellate>1</tessellate><coordinates>107.988200,-7.053300,0 107.987300,-7.053200,0 107.986800,-7.052100,0 107.985200,-7.050800,0 107.985100,-7.050800,0 107.985100,-7.050600,0 107.985000,-7.050600,0 107.985000,-7.050200,0 107.985100,-7.050200,0 107.985100,-7.050100,0 107.985500,-7.049700,0</coordinates></LineString></Placemark><Placemark><name>TB.2a.Ki</name><styleUrl>#g2</styleUrl><description><![CDATA[<table><tr><td>Luas dilayani</td><td align='right'><b>42,7309</b> ha</td></tr><tr><td>Luas dilayani</td><td align='right'><b>427.309</b> m²</td></tr><tr><td>Jenis saluran</td><td align='right'><b>Tersier</b> </td></tr><tr><td>Panjang</td><td align='right'><b>0,38</b> km</td></tr><tr><td>Ruas di hulunya</td><td align='right'><b>SS Tegal Buah</b> </td></tr><tr><td>Ruas di hilirnya</td><td align='right'><b>0</b> ruas</td></tr><tr><td>Layanan menempel ruas</td><td align='right'><b>42,7</b> ha</td></tr><tr><td>Tinggi rata-rata</td><td align='right'><b>645,0</b> m dpl</td></tr><tr><td>Rezim</td><td align='right'><b>FL</b> </td></tr><tr><td>Kebutuhan air lewat ruas</td><td align='right'><b>102.444</b> m³</td></tr><tr><td>Kebutuhan air lahan layanannya</td><td align='right'><b>240</b> mm</td></tr><tr><td>Debit di hulu ruas</td><td align='right'><b>9,41</b> l/detik</td></tr><tr><td>NFR</td><td align='right'><b>1,71</b> mm/hari</td></tr><tr><td>Water loss di hilirnya</td><td align='right'><b>607.457</b> m³</td></tr><tr><td>Water loss</td><td align='right'><b>1.422</b> mm</td></tr><tr><td>Air sampai dari bendung</td><td align='right'><b>22,4</b> jam</td></tr><tr><td>Respons hidraulik dari bendung</td><td align='right'><b>16,3</b> jam</td></tr><tr><td>Waktu tempuh ruas ini</td><td align='right'><b>0,46</b> jam</td></tr><tr><td>Kecepatan aliran</td><td align='right'><b>0,229</b> m/detik</td></tr><tr><td>Kedalaman air (rancangan)</td><td align='right'><b>0,14</b> m</td></tr></table>]]></description><LineString><tessellate>1</tessellate><coordinates>107.992500,-7.124000,0 107.993600,-7.124000,0 107.993900,-7.123900,0 107.994100,-7.123600,0 107.994500,-7.123400,0 107.995400,-7.123100,0 107.995600,-7.123200,0</coordinates></LineString></Placemark><Placemark><name>Ruas tanpa nama R049</name><styleUrl>#g3</styleUrl><description><![CDATA[<table><tr><td>Luas dilayani</td><td align='right'><b>90,6989</b> ha</td></tr><tr><td>Luas dilayani</td><td align='right'><b>906.989</b> m²</td></tr><tr><td>Jenis saluran</td><td align='right'><b>Tersier</b> </td></tr><tr><td>Panjang</td><td align='right'><b>0,36</b> km</td></tr><tr><td>Ruas di hilirnya</td><td align='right'><b>0</b> ruas</td></tr><tr><td>Layanan menempel ruas</td><td align='right'><b>90,7</b> ha</td></tr><tr><td>Tinggi rata-rata</td><td align='right'><b>626,0</b> m dpl</td></tr><tr><td>Rezim</td><td align='right'><b>FL</b> </td></tr><tr><td>Kebutuhan air lewat ruas</td><td align='right'><b>217.584</b> m³</td></tr><tr><td>Kebutuhan air lahan layanannya</td><td align='right'><b>240</b> mm</td></tr><tr><td>Debit di hulu ruas</td><td align='right'><b>19,99</b> l/detik</td></tr><tr><td>NFR</td><td align='right'><b>1,71</b> mm/hari</td></tr><tr><td>Water loss di hilirnya</td><td align='right'><b>1.289.563</b> m³</td></tr><tr><td>Water loss</td><td align='right'><b>1.422</b> mm</td></tr><tr><td>Waktu tempuh ruas ini</td><td align='right'><b>0,36</b> jam</td></tr><tr><td>Kecepatan aliran</td><td align='right'><b>0,276</b> m/detik</td></tr><tr><td>Kedalaman air (rancangan)</td><td align='right'><b>0,18</b> m</td></tr></table>]]></description><LineString><tessellate>1</tessellate><coordinates>107.992600,-7.099900,0 107.992700,-7.100100,0 107.992700,-7.101300,0 107.992500,-7.102200,0 107.992100,-7.103000,0</coordinates></LineString></Placemark><Placemark><name>SS Bandrek</name><styleUrl>#g3</styleUrl><description><![CDATA[<table><tr><td>Luas dilayani</td><td align='right'><b>131,0766</b> ha</td></tr><tr><td>Luas dilayani</td><td align='right'><b>1.310.766</b> m²</td></tr><tr><td>Jenis saluran</td><td align='right'><b>Sekunder</b> </td></tr><tr><td>Panjang</td><td align='right'><b>3,03</b> km</td></tr><tr><td>Ruas di hulunya</td><td align='right'><b>SS Tegal Buah</b> </td></tr><tr><td>Ruas di hilirnya</td><td align='right'><b>5</b> ruas</td></tr><tr><td>Layanan menempel ruas</td><td align='right'><b>0,0</b> ha</td></tr><tr><td>Tinggi rata-rata</td><td align='right'><b>569,0</b> m dpl</td></tr><tr><td>Rezim</td><td align='right'><b>FL</b> </td></tr><tr><td>Kebutuhan air lewat ruas</td><td align='right'><b>314.846</b> m³</td></tr><tr><td>Kebutuhan air lahan layanannya</td><td align='right'><b>240</b> mm</td></tr><tr><td>Debit di hulu ruas</td><td align='right'><b>32,13</b> l/detik</td></tr><tr><td>NFR</td><td align='right'><b>1,72</b> mm/hari</td></tr><tr><td>Water loss di hilirnya</td><td align='right'><b>1.864.202</b> m³</td></tr><tr><td>Water loss</td><td align='right'><b>1.422</b> mm</td></tr><tr><td>Air sampai dari bendung</td><td align='right'><b>25,9</b> jam</td></tr><tr><td>Respons hidraulik dari bendung</td><td align='right'><b>18,9</b> jam</td></tr><tr><td>Waktu tempuh ruas ini</td><td align='right'><b>3,96</b> jam</td></tr><tr><td>Kecepatan aliran</td><td align='right'><b>0,212</b> m/detik</td></tr><tr><td>Kedalaman air (rancangan)</td><td align='right'><b>0,21</b> m</td></tr></table>]]></description><LineString><tessellate>1</tessellate><coordinates>107.998700,-7.096400,0 107.998000,-7.095000,0 107.997900,-7.095000,0 107.997700,-7.094600,0 107.997600,-7.094600,0 107.997600,-7.094500,0 107.997300,-7.094200,0 107.997300,-7.094100,0 107.997200,-7.094100,0 107.996900,-7.093500,0 107.996800,-7.093500,0 107.996800,-7.093300,0 107.996700,-7.093300,0 107.996700,-7.093200,0 107.996500,-7.093000,0 107.996400,-7.093000,0 107.996400,-7.092900,0 107.996100,-7.092900,0 107.995600,-7.092600,0 107.994800,-7.092400,0 107.994800,-7.092300,0 107.994500,-7.092300,0 107.994500,-7.092200,0 107.994400,-7.092200,0 107.994100,-7.091900,0 107.994100,-7.091800,0 107.994000,-7.091800,0 107.993800,-7.091400,0 107.994000,-7.091200,0 107.994100,-7.091200,0 107.994100,-7.091100,0 107.994200,-7.091100,0 107.994200,-7.091000,0 107.994400,-7.091000,0 107.994400,-7.090900,0 107.994500,-7.090900,0 107.994500,-7.090800,0 107.994700,-7.090700,0 107.994700,-7.090300,0 107.994800,-7.090300,0 107.994800,-7.090000,0 107.994900,-7.089900,0 107.994900,-7.089200,0 107.995000,-7.089200,0 107.995100,-7.088800,0 107.995200,-7.088800,0 107.995300,-7.088600,0 107.995300,-7.088200,0 107.995200,-7.088200,0 107.995100,-7.087900,0 107.995000,-7.087900,0 107.995000,-7.087400,0 107.995200,-7.087400,0 107.995300,-7.087200,0 107.995400,-7.087200,0 107.995400,-7.087000,0 107.995300,-7.087000,0 107.995300,-7.086900,0 107.995000,-7.086900,0 107.995000,-7.087100,0 107.994500,-7.087100,0 107.994500,-7.086800,0 107.994600,-7.086600,0 107.994700,-7.086600,0 107.994700,-7.085900,0 107.994800,-7.085900,0 107.994800,-7.085800,0 107.995000,-7.085800,0 107.995000,-7.085700,0 107.995300,-7.085700,0 107.995300,-7.085800,0 107.995400,-7.085800,0 107.995500,-7.086000,0 107.995700,-7.086000,0 107.995700,-7.085900,0 107.995900,-7.085800,0 107.995900,-7.085400,0 107.996100,-7.085400,0 107.996200,-7.085200,0 107.996400,-7.085200,0 107.996400,-7.085100,0 107.996600,-7.085100,0 107.996600,-7.085000,0 107.996700,-7.085000,0 107.996800,-7.084800,0 107.997000,-7.084700,0 107.997000,-7.084300,0 107.996900,-7.084300,0 107.996900,-7.084200,0 107.996500,-7.084200,0 107.996500,-7.084100,0 107.995600,-7.084000,0 107.995600,-7.083900,0 107.995200,-7.083900,0 107.995200,-7.083800,0 107.995100,-7.083900,0 107.994800,-7.083900,0 107.994800,-7.084000,0 107.993500,-7.083900,0 107.991900,-7.083400,0</coordinates></LineString></Placemark><Placemark><name>BK.4.Ka</name><styleUrl>#g2</styleUrl><description><![CDATA[<table><tr><td>Luas dilayani</td><td align='right'><b>31,6330</b> ha</td></tr><tr><td>Luas dilayani</td><td align='right'><b>316.330</b> m²</td></tr><tr><td>Jenis saluran</td><td align='right'><b>Tersier</b> </td></tr><tr><td>Panjang</td><td align='right'><b>0,31</b> km</td></tr><tr><td>Ruas di hulunya</td><td align='right'><b>SS Bandrek</b> </td></tr><tr><td>Ruas di hilirnya</td><td align='right'><b>0</b> ruas</td></tr><tr><td>Layanan menempel ruas</td><td align='right'><b>31,6</b> ha</td></tr><tr><td>Tinggi rata-rata</td><td align='right'><b>569,0</b> m dpl</td></tr><tr><td>Rezim</td><td align='right'><b>FL</b> </td></tr><tr><td>Kebutuhan air lewat ruas</td><td align='right'><b>75.983</b> m³</td></tr><tr><td>Kebutuhan air lahan layanannya</td><td align='right'><b>240</b> mm</td></tr><tr><td>Debit di hulu ruas</td><td align='right'><b>6,98</b> l/detik</td></tr><tr><td>NFR</td><td align='right'><b>1,72</b> mm/hari</td></tr><tr><td>Water loss di hilirnya</td><td align='right'><b>449.892</b> m³</td></tr><tr><td>Water loss</td><td align='right'><b>1.422</b> mm</td></tr><tr><td>Air sampai dari bendung</td><td align='right'><b>26,3</b> jam</td></tr><tr><td>Respons hidraulik dari bendung</td><td align='right'><b>19,2</b> jam</td></tr><tr><td>Waktu tempuh ruas ini</td><td align='right'><b>0,41</b> jam</td></tr><tr><td>Kecepatan aliran</td><td align='right'><b>0,212</b> m/detik</td></tr><tr><td>Kedalaman air (rancangan)</td><td align='right'><b>0,12</b> m</td></tr></table>]]></description><LineString><tessellate>1</tessellate><coordinates>107.994000,-7.083900,0 107.994000,-7.082800,0 107.993900,-7.082000,0 107.994200,-7.081700,0 107.994200,-7.081200,0</coordinates></LineString></Placemark><Placemark><name>TB.11a.Ki</name><styleUrl>#g2</styleUrl><description><![CDATA[<table><tr><td>Luas dilayani</td><td align='right'><b>72,4740</b> ha</td></tr><tr><td>Luas dilayani</td><td align='right'><b>724.740</b> m²</td></tr><tr><td>Jenis saluran</td><td align='right'><b>Tersier</b> </td></tr><tr><td>Panjang</td><td align='right'><b>0,61</b> km</td></tr><tr><td>Ruas di hulunya</td><td align='right'><b>SS Tegal Buah</b> </td></tr><tr><td>Ruas di hilirnya</td><td align='right'><b>0</b> ruas</td></tr><tr><td>Layanan menempel ruas</td><td align='right'><b>72,5</b> ha</td></tr><tr><td>Tinggi rata-rata</td><td align='right'><b>645,0</b> m dpl</td></tr><tr><td>Rezim</td><td align='right'><b>FL</b> </td></tr><tr><td>Kebutuhan air lewat ruas</td><td align='right'><b>173.751</b> m³</td></tr><tr><td>Kebutuhan air lahan layanannya</td><td align='right'><b>240</b> mm</td></tr><tr><td>Debit di hulu ruas</td><td align='right'><b>15,96</b> l/detik</td></tr><tr><td>NFR</td><td align='right'><b>1,71</b> mm/hari</td></tr><tr><td>Water loss di hilirnya</td><td align='right'><b>1.030.281</b> m³</td></tr><tr><td>Water loss</td><td align='right'><b>1.422</b> mm</td></tr><tr><td>Air sampai dari bendung</td><td align='right'><b>22,6</b> jam</td></tr><tr><td>Respons hidraulik dari bendung</td><td align='right'><b>16,5</b> jam</td></tr><tr><td>Waktu tempuh ruas ini</td><td align='right'><b>0,65</b> jam</td></tr><tr><td>Kecepatan aliran</td><td align='right'><b>0,261</b> m/detik</td></tr><tr><td>Kedalaman air (rancangan)</td><td align='right'><b>0,17</b> m</td></tr></table>]]></description><LineString><tessellate>1</tessellate><coordinates>108.006100,-7.077800,0 108.004700,-7.077700,0 108.004200,-7.078400,0 108.003900,-7.078400,0 108.003600,-7.078200,0 108.003200,-7.077700,0 108.002800,-7.077400,0 108.001400,-7.077100,0</coordinates></LineString></Placemark><Placemark><name>LW.1.Ki</name><styleUrl>#g3</styleUrl><description><![CDATA[<table><tr><td>Luas dilayani</td><td align='right'><b>100,1921</b> ha</td></tr><tr><td>Luas dilayani</td><td align='right'><b>1.001.921</b> m²</td></tr><tr><td>Jenis saluran</td><td align='right'><b>Tersier</b> </td></tr><tr><td>Panjang</td><td align='right'><b>2,25</b> km</td></tr><tr><td>Ruas di hulunya</td><td align='right'><b>SS Lewo</b> </td></tr><tr><td>Ruas di hilirnya</td><td align='right'><b>2</b> ruas</td></tr><tr><td>Layanan menempel ruas</td><td align='right'><b>100,2</b> ha</td></tr><tr><td>Tinggi rata-rata</td><td align='right'><b>531,0</b> m dpl</td></tr><tr><td>Rezim</td><td align='right'><b>FL</b> </td></tr><tr><td>Kebutuhan air lewat ruas</td><td align='right'><b>240.902</b> m³</td></tr><tr><td>Kebutuhan air lahan layanannya</td><td align='right'><b>240</b> mm</td></tr><tr><td>Debit di hulu ruas</td><td align='right'><b>22,13</b> l/detik</td></tr><tr><td>NFR</td><td align='right'><b>1,72</b> mm/hari</td></tr><tr><td>Water loss di hilirnya</td><td align='right'><b>1.425.258</b> m³</td></tr><tr><td>Water loss</td><td align='right'><b>1.423</b> mm</td></tr><tr><td>Air sampai dari bendung</td><td align='right'><b>31,9</b> jam</td></tr><tr><td>Respons hidraulik dari bendung</td><td align='right'><b>23,3</b> jam</td></tr><tr><td>Waktu tempuh ruas ini</td><td align='right'><b>2,20</b> jam</td></tr><tr><td>Kecepatan aliran</td><td align='right'><b>0,283</b> m/detik</td></tr><tr><td>Kedalaman air (rancangan)</td><td align='right'><b>0,19</b> m</td></tr></table>]]></description><MultiGeometry><LineString><tessellate>1</tessellate><coordinates>108.008200,-7.064300,0 108.008100,-7.063300,0 108.007900,-7.063300,0 108.007900,-7.063200,0 108.007200,-7.063200,0 108.007100,-7.063000,0 108.006800,-7.063000,0 108.006600,-7.063200,0 108.005900,-7.063500,0 108.005900,-7.063600,0 108.005800,-7.063600,0 108.005800,-7.063500,0 108.005700,-7.063500,0 108.005500,-7.063200,0 108.004900,-7.063300,0 108.004000,-7.062900,0 108.003800,-7.063200,0</coordinates></LineString><LineString><tessellate>1</tessellate><coordinates>108.003800,-7.063200,0 108.003700,-7.063200,0 108.003500,-7.063500,0 108.002800,-7.063400,0 108.002600,-7.063100,0 108.002200,-7.063100,0 108.002000,-7.062900,0 108.001000,-7.063200,0 107.999200,-7.061100,0 107.998900,-7.060300,0 107.998500,-7.059800,0 107.998200,-7.058900,0 107.998200,-7.058700,0 107.998700,-7.058500,0 107.998700,-7.058100,0 107.998400,-7.057800,0 107.998300,-7.057800,0 107.998200,-7.057000,0 107.998200,-7.056000,0</coordinates></LineString><LineString><tessellate>1</tessellate><coordinates>108.003800,-7.063200,0 108.003100,-7.062500,0 108.002900,-7.062400,0 108.002200,-7.062400,0 108.002100,-7.062300,0</coordinates></LineString></MultiGeometry></Placemark><Placemark><name>SS Lewo</name><styleUrl>#g4</styleUrl><description><![CDATA[<table><tr><td>Luas dilayani</td><td align='right'><b>821,8110</b> ha</td></tr><tr><td>Luas dilayani</td><td align='right'><b>8.218.110</b> m²</td></tr><tr><td>Jenis saluran</td><td align='right'><b>Sekunder</b> </td></tr><tr><td>Panjang</td><td align='right'><b>9,27</b> km</td></tr><tr><td>Ruas di hulunya</td><td align='right'><b>SS Tegal Buah</b> </td></tr><tr><td>Ruas di hilirnya</td><td align='right'><b>33</b> ruas</td></tr><tr><td>Layanan menempel ruas</td><td align='right'><b>0,0</b> ha</td></tr><tr><td>Tinggi rata-rata</td><td align='right'><b>531,0</b> m dpl</td></tr><tr><td>Rezim</td><td align='right'><b>FL</b> </td></tr><tr><td>Kebutuhan air lewat ruas</td><td align='right'><b>1.872.980</b> m³</td></tr><tr><td>Kebutuhan air lahan layanannya</td><td align='right'><b>240</b> mm</td></tr><tr><td>Debit di hulu ruas</td><td align='right'><b>191,16</b> l/detik</td></tr><tr><td>NFR</td><td align='right'><b>1,72</b> mm/hari</td></tr><tr><td>Water loss di hilirnya</td><td align='right'><b>13.404.138</b> m³</td></tr><tr><td>Water loss</td><td align='right'><b>1.423</b> mm</td></tr><tr><td>Air sampai dari bendung</td><td align='right'><b>29,7</b> jam</td></tr><tr><td>Respons hidraulik dari bendung</td><td align='right'><b>21,7</b> jam</td></tr><tr><td>Waktu tempuh ruas ini</td><td align='right'><b>7,77</b> jam</td></tr><tr><td>Kecepatan aliran</td><td align='right'><b>0,332</b> m/detik</td></tr><tr><td>Kedalaman air (rancangan)</td><td align='right'><b>0,41</b> m</td></tr></table>]]></description><MultiGeometry><LineString><tessellate>1</tessellate><coordinates>108.005000,-7.066300,0 108.005100,-7.066200,0 108.005100,-7.066000,0 108.005200,-7.066000,0 108.005300,-7.065800,0 108.005300,-7.065600,0 108.005400,-7.065600,0 108.005500,-7.065300,0 108.005600,-7.065300,0 108.005600,-7.065200,0 108.005800,-7.065000,0 108.006000,-7.065000,0 108.006000,-7.064900,0 108.006500,-7.064800,0 108.006500,-7.064700,0 108.006700,-7.064700,0 108.006800,-7.064600,0 108.007100,-7.064600,0 108.007100,-7.064500,0 108.007500,-7.064500,0 108.007500,-7.064400,0 108.007900,-7.064400,0 108.007900,-7.064300,0 108.008200,-7.064300,0 108.009300,-7.063700,0 108.009500,-7.063500,0 108.009500,-7.062900,0 108.009800,-7.062100,0 108.010600,-7.061500,0 108.011000,-7.061100,0 108.011000,-7.061200,0 108.011100,-7.061200,0 108.011700,-7.063100,0 108.011800,-7.063100,0 108.011800,-7.063000,0 108.012300,-7.062600,0 108.012500,-7.062100,0 108.012900,-7.061600,0 108.013000,-7.061300,0 108.013100,-7.061300,0 108.013200,-7.061100,0 108.013300,-7.061100,0 108.013300,-7.061000,0 108.013400,-7.061000,0 108.013500,-7.060800,0 108.013800,-7.060700,0 108.013800,-7.060600,0 108.014300,-7.060400,0 108.014300,-7.060300,0 108.014800,-7.060100,0 108.016200,-7.059200,0 108.016700,-7.058200,0 108.016900,-7.058000,0 108.017100,-7.057600,0 108.017300,-7.057500,0 108.017400,-7.057300,0 108.017600,-7.057200,0 108.017600,-7.057100,0 108.018000,-7.056900,0 108.018200,-7.056900,0 108.018300,-7.056800,0 108.018600,-7.056800,0 108.018600,-7.056700,0 108.020000,-7.056700,0 108.020400,-7.056900,0 108.020600,-7.056900,0 108.020600,-7.057000,0 108.020900,-7.057100,0 108.020900,-7.057200,0 108.021100,-7.057300,0 108.021400,-7.057600,0 108.021400,-7.057700,0 108.021600,-7.057800,0 108.021600,-7.057900,0 108.022000,-7.058300,0 108.022000,-7.058400,0 108.022300,-7.058500,0 108.022300,-7.058600,0 108.022800,-7.058700,0 108.022800,-7.058800,0 108.023200,-7.058800,0 108.023200,-7.058900,0 108.023700,-7.058900,0 108.023700,-7.059000,0 108.024700,-7.059000,0 108.024800,-7.058900,0 108.025100,-7.058900,0 108.025200,-7.058800,0 108.025600,-7.058800,0 108.025700,-7.058700,0 108.026000,-7.058700,0 108.026100,-7.058800,0 108.026500,-7.058800,0 108.026500,-7.058900,0 108.026800,-7.058900,0 108.027200,-7.059100,0 108.027200,-7.059200,0 108.027300,-7.059200,0 108.027500,-7.059400,0 108.027600,-7.059400,0 108.027700,-7.059700,0 108.027800,-7.059700,0 108.027800,-7.060000,0 108.027900,-7.060100,0 108.028000,-7.060500,0 108.028400,-7.060900,0 108.028800,-7.061100,0 108.029000,-7.061100,0 108.029000,-7.061200,0 108.029700,-7.061300,0 108.030000,-7.061500,0 108.030200,-7.061500,0 108.030200,-7.061600,0 108.030400,-7.061600,0 108.030900,-7.062000,0 108.030900,-7.062100,0 108.031300,-7.062300,0 108.032500,-7.062400,0 108.032600,-7.062500,0 108.032900,-7.062500,0 108.033300,-7.062700,0 108.033500,-7.062700,0 108.033500,-7.062800,0 108.033800,-7.062900,0 108.033800,-7.063000,0 108.034000,-7.063000,0 108.034000,-7.063100,0 108.034200,-7.063200,0 108.034200,-7.063300,0 108.034300,-7.063300,0 108.034300,-7.063400,0 108.034600,-7.063800,0 108.034600,-7.064100,0 108.034700,-7.064200,0 108.034700,-7.065000,0 108.034800,-7.065100,0 108.034800,-7.065800,0 108.035000,-7.066200,0 108.035000,-7.066400,0 108.035100,-7.066400,0 108.035100,-7.066500,0 108.035200,-7.066500,0 108.035400,-7.066700,0 108.035600,-7.066700,0 108.035700,-7.066800,0 108.036600,-7.066800,0 108.036700,-7.066700,0 108.037000,-7.066700,0 108.037100,-7.066600,0 108.037600,-7.066500,0 108.037900,-7.066300,0 108.038100,-7.066300,0 108.038100,-7.066200,0 108.038600,-7.066000,0 108.038600,-7.065900,0 108.038800,-7.065900,0 108.038800,-7.065800,0 108.039200,-7.065600,0 108.039500,-7.065000,0 108.039500,-7.064800,0 108.039600,-7.064800,0 108.039700,-7.064500,0 108.039800,-7.064500,0 108.040000,-7.064100,0 108.040500,-7.063900,0 108.040500,-7.063800,0 108.040700,-7.063800,0 108.040700,-7.063700,0 108.040900,-7.063700,0 108.041000,-7.063600,0 108.041300,-7.063600,0 108.041400,-7.063500,0 108.042200,-7.063500,0 108.042300,-7.063400,0 108.042800,-7.063400,0 108.043100,-7.063100,0 108.043200,-7.063100,0 108.043200,-7.063000,0 108.043800,-7.062700,0 108.043900,-7.062300,0 108.044000,-7.062300,0 108.044000,-7.061400,0 108.044200,-7.061200,0 108.044300,-7.061200,0 108.044300,-7.061100,0 108.044700,-7.060900,0 108.045700,-7.060900,0 108.045700,-7.060800,0 108.046300,-7.060800,0 108.046900,-7.060500,0 108.047000,-7.060300,0 108.047000,-7.060000,0 108.047100,-7.060000,0 108.047200,-7.059100,0 108.047400,-7.058300,0 108.048100,-7.056800,0 108.048000,-7.056200,0 108.047400,-7.055700,0 108.043800,-7.053600,0 108.043700,-7.053400,0</coordinates></LineString><LineString><tessellate>1</tessellate><coordinates>108.043700,-7.053400,0 108.043700,-7.053400,0</coordinates></LineString><LineString><tessellate>1</tessellate><coordinates>108.043700,-7.053400,0 108.043700,-7.053100,0 108.043600,-7.053100,0 108.043600,-7.052800,0 108.043500,-7.052800,0 108.043500,-7.052500,0 108.043400,-7.052500,0 108.043400,-7.052300,0 108.043300,-7.052300,0 108.043300,-7.052000,0 108.043200,-7.052000,0 108.043200,-7.051800,0 108.043100,-7.051800,0 108.043000,-7.051300,0 108.042900,-7.051300,0 108.042900,-7.050700,0 108.043000,-7.050700,0 108.043000,-7.050600,0 108.043300,-7.050600,0 108.043300,-7.050500,0 108.043400,-7.050500,0 108.043500,-7.050300,0 108.043600,-7.050300,0 108.043600,-7.050200,0 108.043500,-7.050100,0 108.043500,-7.049900,0 108.043300,-7.049800,0 108.043300,-7.049700,0 108.043200,-7.049700,0 108.043200,-7.049600,0 108.043100,-7.049600,0 108.043000,-7.049400,0 108.043000,-7.049200,0 108.042900,-7.049100,0 108.042900,-7.048600,0 108.042800,-7.048500,0 108.042800,-7.048100,0 108.043100,-7.048100,0 108.043100,-7.048000,0 108.043500,-7.047600,0 108.043500,-7.047400,0 108.043900,-7.047400,0 108.044100,-7.047800,0 108.044200,-7.047800,0 108.044300,-7.048100,0 108.044400,-7.048100,0 108.044400,-7.048200,0 108.044600,-7.048200,0 108.044600,-7.048300,0 108.044700,-7.048300,0 108.044700,-7.048200,0 108.044900,-7.048200,0 108.044900,-7.048100,0 108.045100,-7.048100,0 108.045200,-7.047900,0</coordinates></LineString></MultiGeometry></Placemark><Placemark><name>Ruas tanpa nama R055</name><styleUrl>#g2</styleUrl><description><![CDATA[<table><tr><td>Luas dilayani</td><td align='right'><b>64,9416</b> ha</td></tr><tr><td>Luas dilayani</td><td align='right'><b>649.416</b> m²</td></tr><tr><td>Jenis saluran</td><td align='right'><b>Tersier</b> </td></tr><tr><td>Panjang</td><td align='right'><b>0,54</b> km</td></tr><tr><td>Ruas di hilirnya</td><td align='right'><b>0</b> ruas</td></tr><tr><td>Layanan menempel ruas</td><td align='right'><b>64,9</b> ha</td></tr><tr><td>Tinggi rata-rata</td><td align='right'><b>502,0</b> m dpl</td></tr><tr><td>Rezim</td><td align='right'><b>FL</b> </td></tr><tr><td>Kebutuhan air lewat ruas</td><td align='right'><b>135.062</b> m³</td></tr><tr><td>Kebutuhan air lahan layanannya</td><td align='right'><b>208</b> mm</td></tr><tr><td>Debit di hulu ruas</td><td align='right'><b>12,41</b> l/detik</td></tr><tr><td>NFR</td><td align='right'><b>1,49</b> mm/hari</td></tr><tr><td>Water loss di hilirnya</td><td align='right'><b>1.278.127</b> m³</td></tr><tr><td>Water loss</td><td align='right'><b>1.968</b> mm</td></tr><tr><td>Waktu tempuh ruas ini</td><td align='right'><b>0,61</b> jam</td></tr><tr><td>Kecepatan aliran</td><td align='right'><b>0,245</b> m/detik</td></tr><tr><td>Kedalaman air (rancangan)</td><td align='right'><b>0,15</b> m</td></tr></table>]]></description><LineString><tessellate>1</tessellate><coordinates>108.012900,-7.048600,0 108.012600,-7.048000,0 108.012600,-7.047100,0 108.012700,-7.047000,0 108.012700,-7.046700,0 108.012900,-7.046300,0 108.012900,-7.046100,0 108.013000,-7.046000,0 108.013000,-7.045300,0 108.012900,-7.045200,0 108.012800,-7.044500,0 108.012700,-7.044400,0 108.012700,-7.044100,0</coordinates></LineString></Placemark><Placemark><name>SS Binuang</name><styleUrl>#g3</styleUrl><description><![CDATA[<table><tr><td>Luas dilayani</td><td align='right'><b>113,2576</b> ha</td></tr><tr><td>Luas dilayani</td><td align='right'><b>1.132.576</b> m²</td></tr><tr><td>Jenis saluran</td><td align='right'><b>Sekunder</b> </td></tr><tr><td>Panjang</td><td align='right'><b>1,40</b> km</td></tr><tr><td>Ruas di hulunya</td><td align='right'><b>SS Lewo</b> </td></tr><tr><td>Ruas di hilirnya</td><td align='right'><b>8</b> ruas</td></tr><tr><td>Layanan menempel ruas</td><td align='right'><b>0,0</b> ha</td></tr><tr><td>Tinggi rata-rata</td><td align='right'><b>560,0</b> m dpl</td></tr><tr><td>Rezim</td><td align='right'><b>FL</b> </td></tr><tr><td>Kebutuhan air lewat ruas</td><td align='right'><b>235.184</b> m³</td></tr><tr><td>Kebutuhan air lahan layanannya</td><td align='right'><b>208</b> mm</td></tr><tr><td>Debit di hulu ruas</td><td align='right'><b>24,00</b> l/detik</td></tr><tr><td>NFR</td><td align='right'><b>1,48</b> mm/hari</td></tr><tr><td>Water loss di hilirnya</td><td align='right'><b>2.228.534</b> m³</td></tr><tr><td>Water loss</td><td align='right'><b>1.968</b> mm</td></tr><tr><td>Air sampai dari bendung</td><td align='right'><b>31,7</b> jam</td></tr><tr><td>Respons hidraulik dari bendung</td><td align='right'><b>23,1</b> jam</td></tr><tr><td>Waktu tempuh ruas ini</td><td align='right'><b>1,97</b> jam</td></tr><tr><td>Kecepatan aliran</td><td align='right'><b>0,197</b> m/detik</td></tr><tr><td>Kedalaman air (rancangan)</td><td align='right'><b>0,19</b> m</td></tr></table>]]></description><MultiGeometry><LineString><tessellate>1</tessellate><coordinates>108.042800,-7.063400,0 108.042800,-7.062900,0 108.042600,-7.062800,0 108.042600,-7.061500,0 108.042500,-7.061400,0 108.042500,-7.060900,0 108.042600,-7.060900,0 108.042600,-7.060700,0 108.042700,-7.060700,0 108.042900,-7.060300,0 108.042900,-7.059900,0 108.042800,-7.059900,0 108.042800,-7.059600,0 108.042700,-7.059600,0 108.042700,-7.059100,0 108.042600,-7.059100,0 108.042500,-7.058300,0 108.042600,-7.058200,0 108.042600,-7.057300,0 108.042800,-7.056600,0 108.042800,-7.056200,0 108.043100,-7.055700,0</coordinates></LineString><LineString><tessellate>1</tessellate><coordinates>108.043100,-7.055700,0 108.043100,-7.055700,0</coordinates></LineString><LineString><tessellate>1</tessellate><coordinates>108.043100,-7.055700,0 108.042600,-7.055100,0 108.042300,-7.054100,0</coordinates></LineString><LineString><tessellate>1</tessellate><coordinates>108.042300,-7.054100,0 108.042300,-7.054100,0</coordinates></LineString><LineString><tessellate>1</tessellate><coordinates>108.042300,-7.054100,0 108.042200,-7.053700,0 108.042300,-7.053700,0 108.042600,-7.053400,0 108.042900,-7.052900,0 108.042900,-7.052600,0 108.042700,-7.052500,0</coordinates></LineString></MultiGeometry></Placemark><Placemark><name>Ruas tanpa nama R057</name><styleUrl>#g1</styleUrl><description><![CDATA[<table><tr><td>Luas dilayani</td><td align='right'><b>3,0033</b> ha</td></tr><tr><td>Luas dilayani</td><td align='right'><b>30.033</b> m²</td></tr><tr><td>Jenis saluran</td><td align='right'><b>Tersier</b> </td></tr><tr><td>Panjang</td><td align='right'><b>0,14</b> km</td></tr><tr><td>Ruas di hilirnya</td><td align='right'><b>0</b> ruas</td></tr><tr><td>Layanan menempel ruas</td><td align='right'><b>3,0</b> ha</td></tr><tr><td>Tinggi rata-rata</td><td align='right'><b>580,0</b> m dpl</td></tr><tr><td>Rezim</td><td align='right'><b>FL</b> </td></tr><tr><td>Kebutuhan air lewat ruas</td><td align='right'><b>7.213</b> m³</td></tr><tr><td>Kebutuhan air lahan layanannya</td><td align='right'><b>240</b> mm</td></tr><tr><td>Debit di hulu ruas</td><td align='right'><b>0,66</b> l/detik</td></tr><tr><td>NFR</td><td align='right'><b>1,72</b> mm/hari</td></tr><tr><td>Water loss di hilirnya</td><td align='right'><b>42.712</b> m³</td></tr><tr><td>Water loss</td><td align='right'><b>1.422</b> mm</td></tr><tr><td>Waktu tempuh ruas ini</td><td align='right'><b>0,33</b> jam</td></tr><tr><td>Kecepatan aliran</td><td align='right'><b>0,118</b> m/detik</td></tr><tr><td>Kedalaman air (rancangan)</td><td align='right'><b>0,05</b> m</td></tr></table>]]></description><LineString><tessellate>1</tessellate><coordinates>108.012800,-7.057200,0 108.012700,-7.057200,0 108.012300,-7.056400,0 108.012100,-7.056200,0</coordinates></LineString></Placemark><Placemark><name>LW.4.Ki</name><styleUrl>#g2</styleUrl><description><![CDATA[<table><tr><td>Luas dilayani</td><td align='right'><b>40,6333</b> ha</td></tr><tr><td>Luas dilayani</td><td align='right'><b>406.333</b> m²</td></tr><tr><td>Jenis saluran</td><td align='right'><b>Tersier</b> </td></tr><tr><td>Panjang</td><td align='right'><b>1,53</b> km</td></tr><tr><td>Ruas di hulunya</td><td align='right'><b>SS Lewo</b> </td></tr><tr><td>Ruas di hilirnya</td><td align='right'><b>0</b> ruas</td></tr><tr><td>Layanan menempel ruas</td><td align='right'><b>40,6</b> ha</td></tr><tr><td>Tinggi rata-rata</td><td align='right'><b>531,0</b> m dpl</td></tr><tr><td>Rezim</td><td align='right'><b>FL</b> </td></tr><tr><td>Kebutuhan air lewat ruas</td><td align='right'><b>97.699</b> m³</td></tr><tr><td>Kebutuhan air lahan layanannya</td><td align='right'><b>240</b> mm</td></tr><tr><td>Debit di hulu ruas</td><td align='right'><b>8,97</b> l/detik</td></tr><tr><td>NFR</td><td align='right'><b>1,72</b> mm/hari</td></tr><tr><td>Water loss di hilirnya</td><td align='right'><b>578.018</b> m³</td></tr><tr><td>Water loss</td><td align='right'><b>1.423</b> mm</td></tr><tr><td>Air sampai dari bendung</td><td align='right'><b>31,6</b> jam</td></tr><tr><td>Respons hidraulik dari bendung</td><td align='right'><b>23,1</b> jam</td></tr><tr><td>Waktu tempuh ruas ini</td><td align='right'><b>1,88</b> jam</td></tr><tr><td>Kecepatan aliran</td><td align='right'><b>0,226</b> m/detik</td></tr><tr><td>Kedalaman air (rancangan)</td><td align='right'><b>0,13</b> m</td></tr></table>]]></description><LineString><tessellate>1</tessellate><coordinates>108.011000,-7.061200,0 108.011300,-7.061200,0 108.011200,-7.060400,0 108.011300,-7.060400,0 108.011600,-7.059900,0 108.011600,-7.059500,0 108.011400,-7.059500,0 108.011100,-7.059300,0 108.011200,-7.058600,0 108.011200,-7.057200,0 108.011100,-7.057000,0 108.010900,-7.057000,0 108.010600,-7.056400,0 108.010600,-7.056300,0 108.011100,-7.056100,0 108.011100,-7.056000,0 108.010900,-7.056000,0 108.010800,-7.055900,0 108.010300,-7.055900,0 108.010300,-7.055300,0 108.009600,-7.055100,0 108.009600,-7.055000,0 108.009500,-7.055000,0 108.009600,-7.055000,0 108.010600,-7.053500,0 108.010300,-7.053100,0 108.010100,-7.050800,0</coordinates></LineString></Placemark><Placemark><name>Ruas tanpa nama R059</name><styleUrl>#g1</styleUrl><description><![CDATA[<table><tr><td>Luas dilayani</td><td align='right'><b>6,0910</b> ha</td></tr><tr><td>Luas dilayani</td><td align='right'><b>60.910</b> m²</td></tr><tr><td>Jenis saluran</td><td align='right'><b>Tersier</b> </td></tr><tr><td>Panjang</td><td align='right'><b>0,26</b> km</td></tr><tr><td>Ruas di hilirnya</td><td align='right'><b>0</b> ruas</td></tr><tr><td>Layanan menempel ruas</td><td align='right'><b>6,1</b> ha</td></tr><tr><td>Tinggi rata-rata</td><td align='right'><b>510,0</b> m dpl</td></tr><tr><td>Rezim</td><td align='right'><b>FL</b> </td></tr><tr><td>Kebutuhan air lewat ruas</td><td align='right'><b>14.652</b> m³</td></tr><tr><td>Kebutuhan air lahan layanannya</td><td align='right'><b>241</b> mm</td></tr><tr><td>Debit di hulu ruas</td><td align='right'><b>1,35</b> l/detik</td></tr><tr><td>NFR</td><td align='right'><b>1,72</b> mm/hari</td></tr><tr><td>Water loss di hilirnya</td><td align='right'><b>86.654</b> m³</td></tr><tr><td>Water loss</td><td align='right'><b>1.423</b> mm</td></tr><tr><td>Waktu tempuh ruas ini</td><td align='right'><b>0,51</b> jam</td></tr><tr><td>Kecepatan aliran</td><td align='right'><b>0,141</b> m/detik</td></tr><tr><td>Kedalaman air (rancangan)</td><td align='right'><b>0,07</b> m</td></tr></table>]]></description><LineString><tessellate>1</tessellate><coordinates>108.014200,-7.049800,0 108.014200,-7.049700,0 108.014300,-7.049700,0 108.014300,-7.049100,0 108.014100,-7.049100,0 108.013600,-7.048800,0 108.012900,-7.048600,0</coordinates></LineString></Placemark><Placemark><name>CTR.5.Ki</name><styleUrl>#g2</styleUrl><description><![CDATA[<table><tr><td>Luas dilayani</td><td align='right'><b>27,9650</b> ha</td></tr><tr><td>Luas dilayani</td><td align='right'><b>279.650</b> m²</td></tr><tr><td>Jenis saluran</td><td align='right'><b>Tersier</b> </td></tr><tr><td>Panjang</td><td align='right'><b>1,26</b> km</td></tr><tr><td>Ruas di hulunya</td><td align='right'><b>SS Citikey Kanan</b> </td></tr><tr><td>Ruas di hilirnya</td><td align='right'><b>2</b> ruas</td></tr><tr><td>Layanan menempel ruas</td><td align='right'><b>28,0</b> ha</td></tr><tr><td>Tinggi rata-rata</td><td align='right'><b>587,0</b> m dpl</td></tr><tr><td>Rezim</td><td align='right'><b>FL</b> </td></tr><tr><td>Kebutuhan air lewat ruas</td><td align='right'><b>74.036</b> m³</td></tr><tr><td>Kebutuhan air lahan layanannya</td><td align='right'><b>265</b> mm</td></tr><tr><td>Debit di hulu ruas</td><td align='right'><b>6,80</b> l/detik</td></tr><tr><td>NFR</td><td align='right'><b>1,89</b> mm/hari</td></tr><tr><td>Water loss di hilirnya</td><td align='right'><b>378.365</b> m³</td></tr><tr><td>Water loss</td><td align='right'><b>1.353</b> mm</td></tr><tr><td>Air sampai dari bendung</td><td align='right'><b>27,5</b> jam</td></tr><tr><td>Respons hidraulik dari bendung</td><td align='right'><b>20,1</b> jam</td></tr><tr><td>Waktu tempuh ruas ini</td><td align='right'><b>1,65</b> jam</td></tr><tr><td>Kecepatan aliran</td><td align='right'><b>0,211</b> m/detik</td></tr><tr><td>Kedalaman air (rancangan)</td><td align='right'><b>0,12</b> m</td></tr></table>]]></description><MultiGeometry><LineString><tessellate>1</tessellate><coordinates>107.967900,-7.081600,0 107.968300,-7.081100,0</coordinates></LineString><LineString><tessellate>1</tessellate><coordinates>107.968300,-7.081100,0 107.969000,-7.081100,0 107.969400,-7.080700,0 107.970000,-7.080900,0 107.970300,-7.080900,0</coordinates></LineString><LineString><tessellate>1</tessellate><coordinates>107.968300,-7.081100,0 107.967900,-7.080800,0 107.968200,-7.080600,0 107.968500,-7.080200,0 107.968600,-7.079100,0 107.968800,-7.078800,0 107.969200,-7.078400,0 107.969300,-7.078500,0 107.969800,-7.078200,0 107.969500,-7.078000,0 107.969700,-7.077300,0 107.970000,-7.077300,0 107.970000,-7.077200,0 107.970200,-7.077100,0 107.970700,-7.077200,0 107.970700,-7.077600,0 107.970800,-7.077600,0 107.971200,-7.078000,0 107.971200,-7.078200,0 107.971300,-7.078300,0 107.971500,-7.077800,0 107.971700,-7.077900,0</coordinates></LineString></MultiGeometry></Placemark><Placemark><name>CTR.6.Ki</name><styleUrl>#g2</styleUrl><description><![CDATA[<table><tr><td>Luas dilayani</td><td align='right'><b>13,0065</b> ha</td></tr><tr><td>Luas dilayani</td><td align='right'><b>130.065</b> m²</td></tr><tr><td>Jenis saluran</td><td align='right'><b>Tersier</b> </td></tr><tr><td>Panjang</td><td align='right'><b>0,90</b> km</td></tr><tr><td>Ruas di hulunya</td><td align='right'><b>SS Citikey Kanan</b> </td></tr><tr><td>Ruas di hilirnya</td><td align='right'><b>0</b> ruas</td></tr><tr><td>Layanan menempel ruas</td><td align='right'><b>13,0</b> ha</td></tr><tr><td>Tinggi rata-rata</td><td align='right'><b>587,0</b> m dpl</td></tr><tr><td>Rezim</td><td align='right'><b>FL</b> </td></tr><tr><td>Kebutuhan air lewat ruas</td><td align='right'><b>34.434</b> m³</td></tr><tr><td>Kebutuhan air lahan layanannya</td><td align='right'><b>265</b> mm</td></tr><tr><td>Debit di hulu ruas</td><td align='right'><b>3,16</b> l/detik</td></tr><tr><td>NFR</td><td align='right'><b>1,89</b> mm/hari</td></tr><tr><td>Water loss di hilirnya</td><td align='right'><b>175.978</b> m³</td></tr><tr><td>Water loss</td><td align='right'><b>1.353</b> mm</td></tr><tr><td>Air sampai dari bendung</td><td align='right'><b>27,3</b> jam</td></tr><tr><td>Respons hidraulik dari bendung</td><td align='right'><b>19,9</b> jam</td></tr><tr><td>Waktu tempuh ruas ini</td><td align='right'><b>1,43</b> jam</td></tr><tr><td>Kecepatan aliran</td><td align='right'><b>0,174</b> m/detik</td></tr><tr><td>Kedalaman air (rancangan)</td><td align='right'><b>0,09</b> m</td></tr></table>]]></description><LineString><tessellate>1</tessellate><coordinates>107.971400,-7.082600,0 107.972400,-7.082500,0 107.972700,-7.082300,0 107.972600,-7.081500,0 107.972800,-7.079600,0 107.973200,-7.078700,0 107.973800,-7.078100,0 107.975400,-7.078300,0 107.975900,-7.078000,0</coordinates></LineString></Placemark><Placemark><name>CTR.6.Te.b</name><styleUrl>#g2</styleUrl><description><![CDATA[<table><tr><td>Luas dilayani</td><td align='right'><b>23,6023</b> ha</td></tr><tr><td>Luas dilayani</td><td align='right'><b>236.023</b> m²</td></tr><tr><td>Jenis saluran</td><td align='right'><b>Tersier</b> </td></tr><tr><td>Panjang</td><td align='right'><b>1,59</b> km</td></tr><tr><td>Ruas di hulunya</td><td align='right'><b>SS Citikey Kanan</b> </td></tr><tr><td>Ruas di hilirnya</td><td align='right'><b>2</b> ruas</td></tr><tr><td>Layanan menempel ruas</td><td align='right'><b>23,6</b> ha</td></tr><tr><td>Tinggi rata-rata</td><td align='right'><b>587,0</b> m dpl</td></tr><tr><td>Rezim</td><td align='right'><b>FL</b> </td></tr><tr><td>Kebutuhan air lewat ruas</td><td align='right'><b>62.486</b> m³</td></tr><tr><td>Kebutuhan air lahan layanannya</td><td align='right'><b>265</b> mm</td></tr><tr><td>Debit di hulu ruas</td><td align='right'><b>5,74</b> l/detik</td></tr><tr><td>NFR</td><td align='right'><b>1,89</b> mm/hari</td></tr><tr><td>Water loss di hilirnya</td><td align='right'><b>319.337</b> m³</td></tr><tr><td>Water loss</td><td align='right'><b>1.353</b> mm</td></tr><tr><td>Air sampai dari bendung</td><td align='right'><b>28,0</b> jam</td></tr><tr><td>Respons hidraulik dari bendung</td><td align='right'><b>20,5</b> jam</td></tr><tr><td>Waktu tempuh ruas ini</td><td align='right'><b>2,19</b> jam</td></tr><tr><td>Kecepatan aliran</td><td align='right'><b>0,202</b> m/detik</td></tr><tr><td>Kedalaman air (rancangan)</td><td align='right'><b>0,11</b> m</td></tr></table>]]></description><MultiGeometry><LineString><tessellate>1</tessellate><coordinates>107.972700,-7.087700,0 107.972900,-7.088400,0 107.972300,-7.088800,0 107.972700,-7.089800,0 107.972700,-7.090900,0</coordinates></LineString><LineString><tessellate>1</tessellate><coordinates>107.971800,-7.084500,0 107.971400,-7.085000,0 107.971600,-7.085800,0 107.971300,-7.086000,0 107.971500,-7.086200,0 107.971800,-7.086100,0 107.972100,-7.086300,0 107.972000,-7.087000,0 107.972400,-7.087500,0 107.972700,-7.087700,0</coordinates></LineString><LineString><tessellate>1</tessellate><coordinates>107.971400,-7.082600,0 107.971100,-7.082600,0 107.970400,-7.083200,0 107.969700,-7.083100,0 107.969700,-7.083500,0 107.970000,-7.083600,0 107.970400,-7.084000,0 107.970900,-7.084200,0 107.970700,-7.083600,0 107.970800,-7.083400,0 107.971100,-7.083500,0 107.971300,-7.083600,0 107.971500,-7.084000,0 107.971500,-7.084300,0 107.971800,-7.084500,0</coordinates></LineString></MultiGeometry></Placemark><Placemark><name>Ruas tanpa nama R063</name><styleUrl>#g1</styleUrl><description><![CDATA[<table><tr><td>Luas dilayani</td><td align='right'><b>7,2380</b> ha</td></tr><tr><td>Luas dilayani</td><td align='right'><b>72.380</b> m²</td></tr><tr><td>Jenis saluran</td><td align='right'><b>Tersier</b> </td></tr><tr><td>Panjang</td><td align='right'><b>0,37</b> km</td></tr><tr><td>Ruas di hulunya</td><td align='right'><b>SS Cioray</b> </td></tr><tr><td>Ruas di hilirnya</td><td align='right'><b>0</b> ruas</td></tr><tr><td>Layanan menempel ruas</td><td align='right'><b>7,2</b> ha</td></tr><tr><td>Tinggi rata-rata</td><td align='right'><b>529,0</b> m dpl</td></tr><tr><td>Rezim</td><td align='right'><b>FL</b> </td></tr><tr><td>Kebutuhan air lewat ruas</td><td align='right'><b>15.042</b> m³</td></tr><tr><td>Kebutuhan air lahan layanannya</td><td align='right'><b>208</b> mm</td></tr><tr><td>Debit di hulu ruas</td><td align='right'><b>1,38</b> l/detik</td></tr><tr><td>NFR</td><td align='right'><b>1,48</b> mm/hari</td></tr><tr><td>Water loss di hilirnya</td><td align='right'><b>142.437</b> m³</td></tr><tr><td>Water loss</td><td align='right'><b>1.968</b> mm</td></tr><tr><td>Air sampai dari bendung</td><td align='right'><b>31,8</b> jam</td></tr><tr><td>Respons hidraulik dari bendung</td><td align='right'><b>23,2</b> jam</td></tr><tr><td>Waktu tempuh ruas ini</td><td align='right'><b>0,72</b> jam</td></tr><tr><td>Kecepatan aliran</td><td align='right'><b>0,142</b> m/detik</td></tr><tr><td>Kedalaman air (rancangan)</td><td align='right'><b>0,07</b> m</td></tr></table>]]></description><LineString><tessellate>1</tessellate><coordinates>108.030300,-7.055500,0 108.030300,-7.055000,0 108.030100,-7.054200,0 108.030000,-7.054200,0 108.030000,-7.054100,0 108.029600,-7.054100,0 108.029600,-7.054000,0 108.029500,-7.054000,0 108.029400,-7.052800,0</coordinates></LineString></Placemark><Placemark><name>Ruas tanpa nama R064</name><styleUrl>#g2</styleUrl><description><![CDATA[<table><tr><td>Luas dilayani</td><td align='right'><b>80,0869</b> ha</td></tr><tr><td>Luas dilayani</td><td align='right'><b>800.869</b> m²</td></tr><tr><td>Jenis saluran</td><td align='right'><b>Tersier</b> </td></tr><tr><td>Panjang</td><td align='right'><b>1,38</b> km</td></tr><tr><td>Ruas di hulunya</td><td align='right'><b>SS Cioray</b> </td></tr><tr><td>Ruas di hilirnya</td><td align='right'><b>0</b> ruas</td></tr><tr><td>Layanan menempel ruas</td><td align='right'><b>80,1</b> ha</td></tr><tr><td>Tinggi rata-rata</td><td align='right'><b>529,0</b> m dpl</td></tr><tr><td>Rezim</td><td align='right'><b>FL</b> </td></tr><tr><td>Kebutuhan air lewat ruas</td><td align='right'><b>166.430</b> m³</td></tr><tr><td>Kebutuhan air lahan layanannya</td><td align='right'><b>208</b> mm</td></tr><tr><td>Debit di hulu ruas</td><td align='right'><b>15,29</b> l/detik</td></tr><tr><td>NFR</td><td align='right'><b>1,48</b> mm/hari</td></tr><tr><td>Water loss di hilirnya</td><td align='right'><b>1.576.028</b> m³</td></tr><tr><td>Water loss</td><td align='right'><b>1.968</b> mm</td></tr><tr><td>Air sampai dari bendung</td><td align='right'><b>32,6</b> jam</td></tr><tr><td>Respons hidraulik dari bendung</td><td align='right'><b>23,8</b> jam</td></tr><tr><td>Waktu tempuh ruas ini</td><td align='right'><b>1,49</b> jam</td></tr><tr><td>Kecepatan aliran</td><td align='right'><b>0,258</b> m/detik</td></tr><tr><td>Kedalaman air (rancangan)</td><td align='right'><b>0,16</b> m</td></tr></table>]]></description><LineString><tessellate>1</tessellate><coordinates>108.030300,-7.055500,0 108.030500,-7.055100,0 108.030900,-7.054900,0 108.031100,-7.054000,0 108.031100,-7.053100,0 108.031300,-7.052700,0 108.031400,-7.052700,0 108.031400,-7.052500,0 108.031300,-7.052500,0 108.031200,-7.052200,0 108.030900,-7.052200,0 108.030700,-7.051600,0 108.030700,-7.051200,0 108.030000,-7.050200,0 108.029800,-7.050200,0 108.029800,-7.050300,0 108.029700,-7.050300,0 108.029600,-7.051000,0 108.029400,-7.051000,0 108.027600,-7.048700,0 108.027000,-7.047400,0 108.027100,-7.047100,0</coordinates></LineString></Placemark><Placemark><name>CTR.6.Te.a</name><styleUrl>#g1</styleUrl><description><![CDATA[<table><tr><td>Luas dilayani</td><td align='right'><b>12,1076</b> ha</td></tr><tr><td>Luas dilayani</td><td align='right'><b>121.076</b> m²</td></tr><tr><td>Jenis saluran</td><td align='right'><b>Tersier</b> </td></tr><tr><td>Panjang</td><td align='right'><b>0,49</b> km</td></tr><tr><td>Ruas di hulunya</td><td align='right'><b>SS Citikey Kanan</b> </td></tr><tr><td>Ruas di hilirnya</td><td align='right'><b>0</b> ruas</td></tr><tr><td>Layanan menempel ruas</td><td align='right'><b>12,1</b> ha</td></tr><tr><td>Tinggi rata-rata</td><td align='right'><b>587,0</b> m dpl</td></tr><tr><td>Rezim</td><td align='right'><b>FL</b> </td></tr><tr><td>Kebutuhan air lewat ruas</td><td align='right'><b>32.054</b> m³</td></tr><tr><td>Kebutuhan air lahan layanannya</td><td align='right'><b>265</b> mm</td></tr><tr><td>Debit di hulu ruas</td><td align='right'><b>2,94</b> l/detik</td></tr><tr><td>NFR</td><td align='right'><b>1,89</b> mm/hari</td></tr><tr><td>Water loss di hilirnya</td><td align='right'><b>163.815</b> m³</td></tr><tr><td>Water loss</td><td align='right'><b>1.353</b> mm</td></tr><tr><td>Air sampai dari bendung</td><td align='right'><b>26,7</b> jam</td></tr><tr><td>Respons hidraulik dari bendung</td><td align='right'><b>19,5</b> jam</td></tr><tr><td>Waktu tempuh ruas ini</td><td align='right'><b>0,80</b> jam</td></tr><tr><td>Kecepatan aliran</td><td align='right'><b>0,171</b> m/detik</td></tr><tr><td>Kedalaman air (rancangan)</td><td align='right'><b>0,09</b> m</td></tr></table>]]></description><LineString><tessellate>1</tessellate><coordinates>107.971400,-7.082600,0 107.972500,-7.082600,0 107.972700,-7.082300,0 107.972600,-7.081600,0 107.974900,-7.081600,0</coordinates></LineString></Placemark><Placemark><name>CTL.5.Ka</name><styleUrl>#g2</styleUrl><description><![CDATA[<table><tr><td>Luas dilayani</td><td align='right'><b>28,6200</b> ha</td></tr><tr><td>Luas dilayani</td><td align='right'><b>286.200</b> m²</td></tr><tr><td>Jenis saluran</td><td align='right'><b>Tersier</b> </td></tr><tr><td>Panjang</td><td align='right'><b>0,70</b> km</td></tr><tr><td>Ruas di hulunya</td><td align='right'><b>SS Citikey Kiri</b> </td></tr><tr><td>Ruas di hilirnya</td><td align='right'><b>0</b> ruas</td></tr><tr><td>Layanan menempel ruas</td><td align='right'><b>28,6</b> ha</td></tr><tr><td>Tinggi rata-rata</td><td align='right'><b>578,0</b> m dpl</td></tr><tr><td>Rezim</td><td align='right'><b>FL</b> </td></tr><tr><td>Kebutuhan air lewat ruas</td><td align='right'><b>75.835</b> m³</td></tr><tr><td>Kebutuhan air lahan layanannya</td><td align='right'><b>265</b> mm</td></tr><tr><td>Debit di hulu ruas</td><td align='right'><b>6,97</b> l/detik</td></tr><tr><td>NFR</td><td align='right'><b>1,89</b> mm/hari</td></tr><tr><td>Water loss di hilirnya</td><td align='right'><b>387.370</b> m³</td></tr><tr><td>Water loss</td><td align='right'><b>1.353</b> mm</td></tr><tr><td>Air sampai dari bendung</td><td align='right'><b>30,8</b> jam</td></tr><tr><td>Respons hidraulik dari bendung</td><td align='right'><b>22,5</b> jam</td></tr><tr><td>Waktu tempuh ruas ini</td><td align='right'><b>0,91</b> jam</td></tr><tr><td>Kecepatan aliran</td><td align='right'><b>0,212</b> m/detik</td></tr><tr><td>Kedalaman air (rancangan)</td><td align='right'><b>0,12</b> m</td></tr></table>]]></description><LineString><tessellate>1</tessellate><coordinates>107.960400,-7.076100,0 107.960500,-7.076200,0 107.961500,-7.076100,0 107.961300,-7.076100,0 107.961600,-7.075000,0 107.961800,-7.075000,0 107.961800,-7.074700,0 107.961600,-7.074700,0 107.961900,-7.073700,0 107.962100,-7.073700,0 107.962100,-7.072900,0 107.962300,-7.072800,0 107.962400,-7.072600,0 107.962200,-7.072600,0 107.962300,-7.072200,0</coordinates></LineString></Placemark><Placemark><name>CTL.6.Ka</name><styleUrl>#g1</styleUrl><description><![CDATA[<table><tr><td>Luas dilayani</td><td align='right'><b>5,3997</b> ha</td></tr><tr><td>Luas dilayani</td><td align='right'><b>53.997</b> m²</td></tr><tr><td>Jenis saluran</td><td align='right'><b>Tersier</b> </td></tr><tr><td>Panjang</td><td align='right'><b>0,33</b> km</td></tr><tr><td>Ruas di hilirnya</td><td align='right'><b>0</b> ruas</td></tr><tr><td>Layanan menempel ruas</td><td align='right'><b>5,4</b> ha</td></tr><tr><td>Tinggi rata-rata</td><td align='right'><b>578,0</b> m dpl</td></tr><tr><td>Rezim</td><td align='right'><b>FL</b> </td></tr><tr><td>Kebutuhan air lewat ruas</td><td align='right'><b>14.308</b> m³</td></tr><tr><td>Kebutuhan air lahan layanannya</td><td align='right'><b>265</b> mm</td></tr><tr><td>Debit di hulu ruas</td><td align='right'><b>1,31</b> l/detik</td></tr><tr><td>NFR</td><td align='right'><b>1,89</b> mm/hari</td></tr><tr><td>Water loss di hilirnya</td><td align='right'><b>73.084</b> m³</td></tr><tr><td>Water loss</td><td align='right'><b>1.353</b> mm</td></tr><tr><td>Waktu tempuh ruas ini</td><td align='right'><b>0,65</b> jam</td></tr><tr><td>Kecepatan aliran</td><td align='right'><b>0,140</b> m/detik</td></tr><tr><td>Kedalaman air (rancangan)</td><td align='right'><b>0,07</b> m</td></tr></table>]]></description><LineString><tessellate>1</tessellate><coordinates>107.964300,-7.069100,0 107.964600,-7.069200,0 107.964800,-7.068800,0 107.965200,-7.068700,0 107.965900,-7.068800,0 107.966200,-7.069100,0 107.966300,-7.069100,0 107.966300,-7.069200,0 107.966600,-7.069200,0 107.966700,-7.069300,0</coordinates></LineString></Placemark><Placemark><name>CTL.7.Ka</name><styleUrl>#g2</styleUrl><description><![CDATA[<table><tr><td>Luas dilayani</td><td align='right'><b>24,3964</b> ha</td></tr><tr><td>Luas dilayani</td><td align='right'><b>243.964</b> m²</td></tr><tr><td>Jenis saluran</td><td align='right'><b>Tersier</b> </td></tr><tr><td>Panjang</td><td align='right'><b>1,31</b> km</td></tr><tr><td>Ruas di hulunya</td><td align='right'><b>SS Citikey Kiri</b> </td></tr><tr><td>Ruas di hilirnya</td><td align='right'><b>0</b> ruas</td></tr><tr><td>Layanan menempel ruas</td><td align='right'><b>24,4</b> ha</td></tr><tr><td>Tinggi rata-rata</td><td align='right'><b>578,0</b> m dpl</td></tr><tr><td>Rezim</td><td align='right'><b>FL</b> </td></tr><tr><td>Kebutuhan air lewat ruas</td><td align='right'><b>64.643</b> m³</td></tr><tr><td>Kebutuhan air lahan layanannya</td><td align='right'><b>265</b> mm</td></tr><tr><td>Debit di hulu ruas</td><td align='right'><b>5,94</b> l/detik</td></tr><tr><td>NFR</td><td align='right'><b>1,89</b> mm/hari</td></tr><tr><td>Water loss di hilirnya</td><td align='right'><b>330.204</b> m³</td></tr><tr><td>Water loss</td><td align='right'><b>1.353</b> mm</td></tr><tr><td>Air sampai dari bendung</td><td align='right'><b>31,7</b> jam</td></tr><tr><td>Respons hidraulik dari bendung</td><td align='right'><b>23,1</b> jam</td></tr><tr><td>Waktu tempuh ruas ini</td><td align='right'><b>1,79</b> jam</td></tr><tr><td>Kecepatan aliran</td><td align='right'><b>0,204</b> m/detik</td></tr><tr><td>Kedalaman air (rancangan)</td><td align='right'><b>0,12</b> m</td></tr></table>]]></description><LineString><tessellate>1</tessellate><coordinates>107.963800,-7.067500,0 107.963900,-7.067500,0 107.963900,-7.067600,0 107.964100,-7.067600,0 107.964100,-7.067500,0 107.964600,-7.067500,0 107.964700,-7.067700,0 107.965100,-7.067700,0 107.965100,-7.067400,0 107.965400,-7.067500,0 107.965400,-7.067600,0 107.966100,-7.067700,0 107.966500,-7.067900,0 107.966800,-7.067800,0 107.967600,-7.068300,0 107.967500,-7.068800,0 107.968200,-7.069200,0 107.968800,-7.069200,0 107.969000,-7.070100,0 107.969700,-7.070300,0 107.969600,-7.070600,0 107.969400,-7.070600,0 107.969500,-7.070700,0 107.969400,-7.071000,0 107.969200,-7.071000,0 107.969100,-7.071100,0 107.969100,-7.071300,0 107.969200,-7.071300,0 107.969600,-7.072000,0 107.969600,-7.072600,0 107.969900,-7.072700,0 107.969900,-7.072900,0</coordinates></LineString></Placemark><Placemark><name>SS.1.Ka</name><styleUrl>#g2</styleUrl><description><![CDATA[<table><tr><td>Luas dilayani</td><td align='right'><b>75,4760</b> ha</td></tr><tr><td>Luas dilayani</td><td align='right'><b>754.760</b> m²</td></tr><tr><td>Jenis saluran</td><td align='right'><b>Tersier</b> </td></tr><tr><td>Panjang</td><td align='right'><b>1,45</b> km</td></tr><tr><td>Ruas di hulunya</td><td align='right'><b>SS Sindangsari</b> </td></tr><tr><td>Ruas di hilirnya</td><td align='right'><b>0</b> ruas</td></tr><tr><td>Layanan menempel ruas</td><td align='right'><b>75,5</b> ha</td></tr><tr><td>Tinggi rata-rata</td><td align='right'><b>588,0</b> m dpl</td></tr><tr><td>Rezim</td><td align='right'><b>FL</b> </td></tr><tr><td>Kebutuhan air lewat ruas</td><td align='right'><b>156.656</b> m³</td></tr><tr><td>Kebutuhan air lahan layanannya</td><td align='right'><b>208</b> mm</td></tr><tr><td>Debit di hulu ruas</td><td align='right'><b>14,39</b> l/detik</td></tr><tr><td>NFR</td><td align='right'><b>1,48</b> mm/hari</td></tr><tr><td>Water loss di hilirnya</td><td align='right'><b>1.485.030</b> m³</td></tr><tr><td>Water loss</td><td align='right'><b>1.968</b> mm</td></tr><tr><td>Air sampai dari bendung</td><td align='right'><b>32,2</b> jam</td></tr><tr><td>Respons hidraulik dari bendung</td><td align='right'><b>23,5</b> jam</td></tr><tr><td>Waktu tempuh ruas ini</td><td align='right'><b>1,59</b> jam</td></tr><tr><td>Kecepatan aliran</td><td align='right'><b>0,255</b> m/detik</td></tr><tr><td>Kedalaman air (rancangan)</td><td align='right'><b>0,16</b> m</td></tr></table>]]></description><LineString><tessellate>1</tessellate><coordinates>108.036200,-7.053300,0 108.036200,-7.053400,0 108.036600,-7.053600,0 108.036600,-7.053700,0 108.036300,-7.054100,0 108.036200,-7.055000,0 108.036300,-7.055100,0 108.036300,-7.055500,0 108.036400,-7.055600,0 108.036400,-7.056000,0 108.036500,-7.056000,0 108.036700,-7.056800,0 108.036800,-7.056900,0 108.036800,-7.057300,0 108.036900,-7.057400,0 108.036900,-7.058500,0 108.036800,-7.058600,0 108.036800,-7.059100,0 108.036700,-7.059200,0 108.036700,-7.059600,0 108.036600,-7.059700,0 108.036600,-7.060400,0 108.037000,-7.061200,0 108.037100,-7.061200,0 108.037300,-7.061600,0 108.037400,-7.061600,0 108.037600,-7.062000,0 108.037600,-7.062200,0 108.037700,-7.062300,0 108.037700,-7.062700,0 108.037800,-7.062800,0 108.037800,-7.063100,0 108.037900,-7.063100,0 108.038000,-7.063500,0 108.038200,-7.063700,0 108.038300,-7.063700,0 108.038300,-7.063800,0 108.038700,-7.064000,0 108.038800,-7.064200,0</coordinates></LineString></Placemark><Placemark><name>SS.2</name><styleUrl>#g2</styleUrl><description><![CDATA[<table><tr><td>Luas dilayani</td><td align='right'><b>21,7262</b> ha</td></tr><tr><td>Luas dilayani</td><td align='right'><b>217.262</b> m²</td></tr><tr><td>Jenis saluran</td><td align='right'><b>Tersier</b> </td></tr><tr><td>Panjang</td><td align='right'><b>0,72</b> km</td></tr><tr><td>Ruas di hulunya</td><td align='right'><b>SS Sindangsari</b> </td></tr><tr><td>Ruas di hilirnya</td><td align='right'><b>0</b> ruas</td></tr><tr><td>Layanan menempel ruas</td><td align='right'><b>21,7</b> ha</td></tr><tr><td>Tinggi rata-rata</td><td align='right'><b>588,0</b> m dpl</td></tr><tr><td>Rezim</td><td align='right'><b>FL</b> </td></tr><tr><td>Kebutuhan air lewat ruas</td><td align='right'><b>45.094</b> m³</td></tr><tr><td>Kebutuhan air lahan layanannya</td><td align='right'><b>208</b> mm</td></tr><tr><td>Debit di hulu ruas</td><td align='right'><b>4,14</b> l/detik</td></tr><tr><td>NFR</td><td align='right'><b>1,48</b> mm/hari</td></tr><tr><td>Water loss di hilirnya</td><td align='right'><b>427.475</b> m³</td></tr><tr><td>Water loss</td><td align='right'><b>1.968</b> mm</td></tr><tr><td>Air sampai dari bendung</td><td align='right'><b>31,7</b> jam</td></tr><tr><td>Respons hidraulik dari bendung</td><td align='right'><b>23,1</b> jam</td></tr><tr><td>Waktu tempuh ruas ini</td><td align='right'><b>1,08</b> jam</td></tr><tr><td>Kecepatan aliran</td><td align='right'><b>0,186</b> m/detik</td></tr><tr><td>Kedalaman air (rancangan)</td><td align='right'><b>0,10</b> m</td></tr></table>]]></description><LineString><tessellate>1</tessellate><coordinates>108.037300,-7.062200,0 108.037300,-7.062000,0 108.037100,-7.061900,0 108.036300,-7.060800,0 108.036200,-7.060000,0 108.036100,-7.059900,0 108.036100,-7.059200,0 108.036000,-7.059100,0 108.036000,-7.058600,0 108.035900,-7.058500,0 108.035900,-7.058200,0 108.035800,-7.058100,0 108.035700,-7.057700,0 108.035600,-7.057700,0 108.035600,-7.057500,0 108.035400,-7.057100,0 108.035200,-7.057000,0 108.035100,-7.056700,0</coordinates></LineString></Placemark><Placemark><name>LW.16.Ka</name><styleUrl>#g3</styleUrl><description><![CDATA[<table><tr><td>Luas dilayani</td><td align='right'><b>108,9447</b> ha</td></tr><tr><td>Luas dilayani</td><td align='right'><b>1.089.447</b> m²</td></tr><tr><td>Jenis saluran</td><td align='right'><b>Tersier</b> </td></tr><tr><td>Panjang</td><td align='right'><b>1,59</b> km</td></tr><tr><td>Ruas di hulunya</td><td align='right'><b>SS Lewo</b> </td></tr><tr><td>Ruas di hilirnya</td><td align='right'><b>2</b> ruas</td></tr><tr><td>Layanan menempel ruas</td><td align='right'><b>108,9</b> ha</td></tr><tr><td>Tinggi rata-rata</td><td align='right'><b>531,0</b> m dpl</td></tr><tr><td>Rezim</td><td align='right'><b>FL</b> </td></tr><tr><td>Kebutuhan air lewat ruas</td><td align='right'><b>261.947</b> m³</td></tr><tr><td>Kebutuhan air lahan layanannya</td><td align='right'><b>240</b> mm</td></tr><tr><td>Debit di hulu ruas</td><td align='right'><b>24,06</b> l/detik</td></tr><tr><td>NFR</td><td align='right'><b>1,72</b> mm/hari</td></tr><tr><td>Water loss di hilirnya</td><td align='right'><b>1.549.767</b> m³</td></tr><tr><td>Water loss</td><td align='right'><b>1.423</b> mm</td></tr><tr><td>Air sampai dari bendung</td><td align='right'><b>31,3</b> jam</td></tr><tr><td>Respons hidraulik dari bendung</td><td align='right'><b>22,8</b> jam</td></tr><tr><td>Waktu tempuh ruas ini</td><td align='right'><b>1,53</b> jam</td></tr><tr><td>Kecepatan aliran</td><td align='right'><b>0,289</b> m/detik</td></tr><tr><td>Kedalaman air (rancangan)</td><td align='right'><b>0,19</b> m</td></tr></table>]]></description><MultiGeometry><LineString><tessellate>1</tessellate><coordinates>108.045200,-7.047900,0 108.045200,-7.047400,0 108.045100,-7.047400,0 108.045000,-7.046600,0 108.044900,-7.046500,0 108.044900,-7.046100,0 108.044800,-7.046100,0 108.044900,-7.045900,0 108.045100,-7.045900,0 108.045100,-7.045800,0 108.045200,-7.045800,0 108.045300,-7.046000,0 108.045400,-7.046000,0 108.045400,-7.046100,0 108.046000,-7.046100,0 108.046100,-7.045900,0 108.046200,-7.045900,0 108.046200,-7.045600,0 108.046300,-7.045600,0 108.046300,-7.045500,0 108.046800,-7.045500,0 108.046800,-7.045600,0 108.047000,-7.045600,0 108.047100,-7.045700,0 108.047300,-7.045700,0 108.047300,-7.045600,0 108.047600,-7.045600,0 108.047600,-7.045500,0 108.048000,-7.045500,0 108.047800,-7.044300,0 108.047700,-7.044100,0 108.047600,-7.044100,0 108.047500,-7.043800,0 108.047300,-7.043600,0 108.047200,-7.043600,0 108.047200,-7.043400,0 108.047100,-7.043400,0 108.047100,-7.043300,0</coordinates></LineString><LineString><tessellate>1</tessellate><coordinates>108.047100,-7.043300,0 108.048100,-7.043200,0</coordinates></LineString><LineString><tessellate>1</tessellate><coordinates>108.044800,-7.042300,0 108.046400,-7.041700,0 108.046500,-7.042200,0 108.046600,-7.042200,0 108.046600,-7.042400,0 108.046700,-7.042600,0 108.046800,-7.042600,0 108.046800,-7.042800,0 108.046900,-7.042800,0 108.046900,-7.043000,0 108.047000,-7.043000,0 108.047000,-7.043200,0 108.047100,-7.043200,0 108.047100,-7.043300,0</coordinates></LineString></MultiGeometry></Placemark><Placemark><name>BN.5.Ki</name><styleUrl>#g1</styleUrl><description><![CDATA[<table><tr><td>Luas dilayani</td><td align='right'><b>6,0525</b> ha</td></tr><tr><td>Luas dilayani</td><td align='right'><b>60.525</b> m²</td></tr><tr><td>Jenis saluran</td><td align='right'><b>Tersier</b> </td></tr><tr><td>Panjang</td><td align='right'><b>0,07</b> km</td></tr><tr><td>Ruas di hulunya</td><td align='right'><b>SS Binuang</b> </td></tr><tr><td>Ruas di hilirnya</td><td align='right'><b>0</b> ruas</td></tr><tr><td>Layanan menempel ruas</td><td align='right'><b>6,1</b> ha</td></tr><tr><td>Tinggi rata-rata</td><td align='right'><b>560,0</b> m dpl</td></tr><tr><td>Rezim</td><td align='right'><b>FL</b> </td></tr><tr><td>Kebutuhan air lewat ruas</td><td align='right'><b>12.568</b> m³</td></tr><tr><td>Kebutuhan air lahan layanannya</td><td align='right'><b>208</b> mm</td></tr><tr><td>Debit di hulu ruas</td><td align='right'><b>1,15</b> l/detik</td></tr><tr><td>NFR</td><td align='right'><b>1,48</b> mm/hari</td></tr><tr><td>Water loss di hilirnya</td><td align='right'><b>119.093</b> m³</td></tr><tr><td>Water loss</td><td align='right'><b>1.968</b> mm</td></tr><tr><td>Air sampai dari bendung</td><td align='right'><b>31,8</b> jam</td></tr><tr><td>Respons hidraulik dari bendung</td><td align='right'><b>23,2</b> jam</td></tr><tr><td>Waktu tempuh ruas ini</td><td align='right'><b>0,15</b> jam</td></tr><tr><td>Kecepatan aliran</td><td align='right'><b>0,135</b> m/detik</td></tr><tr><td>Kedalaman air (rancangan)</td><td align='right'><b>0,06</b> m</td></tr></table>]]></description><LineString><tessellate>1</tessellate><coordinates>108.042700,-7.052500,0 108.042600,-7.052500,0 108.042200,-7.052100,0</coordinates></LineString></Placemark><Placemark><name>Suplesi Citameng III</name><styleUrl>#g0</styleUrl><description><![CDATA[<table><tr><td>Luas dilayani</td><td align='right'><b>0,0000</b> ha</td></tr><tr><td>Luas dilayani</td><td align='right'><b>0</b> m²</td></tr><tr><td>Jenis saluran</td><td align='right'><b>Sekunder</b> </td></tr><tr><td>Panjang</td><td align='right'><b>0,54</b> km</td></tr><tr><td>Ruas di hulunya</td><td align='right'><b>SI Copong Kanan</b> </td></tr><tr><td>Ruas di hilirnya</td><td align='right'><b>0</b> ruas</td></tr><tr><td>Layanan menempel ruas</td><td align='right'><b>0,0</b> ha</td></tr><tr><td>Rezim</td><td align='right'><b>FL</b> </td></tr><tr><td>Kebutuhan air lewat ruas</td><td align='right'><b>0</b> m³</td></tr><tr><td>Debit di hulu ruas</td><td align='right'><b>0,00</b> l/detik</td></tr><tr><td>Water loss di hilirnya</td><td align='right'><b>0</b> m³</td></tr></table>]]></description><LineString><tessellate>1</tessellate><coordinates>108.005600,-7.148700,0 108.005800,-7.148600,0 108.005800,-7.148500,0 108.005900,-7.148500,0 108.005900,-7.148300,0 108.006100,-7.148200,0 108.006100,-7.148000,0 108.006200,-7.148000,0 108.006200,-7.147900,0 108.006400,-7.147700,0 108.006400,-7.147300,0 108.006300,-7.147300,0 108.006300,-7.147200,0 108.006100,-7.147100,0 108.006100,-7.147000,0 108.006000,-7.147000,0 108.006000,-7.146900,0 108.005900,-7.146900,0 108.005900,-7.146800,0 108.005800,-7.146800,0 108.005700,-7.146300,0 108.005600,-7.146300,0 108.005600,-7.146100,0 108.005500,-7.146100,0 108.005500,-7.146000,0 108.005000,-7.146000,0 108.005000,-7.145900,0 108.004800,-7.145900,0</coordinates></LineString></Placemark><Placemark><name>SS Sindangsari</name><styleUrl>#g3</styleUrl><description><![CDATA[<table><tr><td>Luas dilayani</td><td align='right'><b>97,2022</b> ha</td></tr><tr><td>Luas dilayani</td><td align='right'><b>972.022</b> m²</td></tr><tr><td>Jenis saluran</td><td align='right'><b>Sekunder</b> </td></tr><tr><td>Panjang</td><td align='right'><b>0,58</b> km</td></tr><tr><td>Ruas di hulunya</td><td align='right'><b>SS Lewo</b> </td></tr><tr><td>Ruas di hilirnya</td><td align='right'><b>2</b> ruas</td></tr><tr><td>Layanan menempel ruas</td><td align='right'><b>0,0</b> ha</td></tr><tr><td>Tinggi rata-rata</td><td align='right'><b>588,0</b> m dpl</td></tr><tr><td>Rezim</td><td align='right'><b>FL</b> </td></tr><tr><td>Kebutuhan air lewat ruas</td><td align='right'><b>201.751</b> m³</td></tr><tr><td>Kebutuhan air lahan layanannya</td><td align='right'><b>208</b> mm</td></tr><tr><td>Debit di hulu ruas</td><td align='right'><b>20,59</b> l/detik</td></tr><tr><td>NFR</td><td align='right'><b>1,48</b> mm/hari</td></tr><tr><td>Water loss di hilirnya</td><td align='right'><b>1.912.505</b> m³</td></tr><tr><td>Water loss</td><td align='right'><b>1.968</b> mm</td></tr><tr><td>Air sampai dari bendung</td><td align='right'><b>30,6</b> jam</td></tr><tr><td>Respons hidraulik dari bendung</td><td align='right'><b>22,3</b> jam</td></tr><tr><td>Waktu tempuh ruas ini</td><td align='right'><b>0,85</b> jam</td></tr><tr><td>Kecepatan aliran</td><td align='right'><b>0,190</b> m/detik</td></tr><tr><td>Kedalaman air (rancangan)</td><td align='right'><b>0,18</b> m</td></tr></table>]]></description><LineString><tessellate>1</tessellate><coordinates>108.039000,-7.065700,0 108.039000,-7.065500,0 108.039100,-7.065400,0 108.039100,-7.064900,0 108.039200,-7.064900,0 108.039200,-7.064800,0 108.039100,-7.064800,0 108.039100,-7.064500,0 108.039000,-7.064300,0 108.038900,-7.064300,0 108.038900,-7.064200,0 108.038600,-7.064100,0 108.038600,-7.064000,0 108.038400,-7.064000,0 108.038400,-7.063900,0 108.038200,-7.063800,0 108.038000,-7.063800,0 108.038000,-7.063700,0 108.037800,-7.063600,0 108.037700,-7.063400,0 108.037700,-7.063100,0 108.037600,-7.063100,0 108.037500,-7.062500,0 108.037400,-7.062500,0 108.037400,-7.062200,0 108.037300,-7.062200,0</coordinates></LineString></Placemark><Placemark><name>LW.15.Ki</name><styleUrl>#g3</styleUrl><description><![CDATA[<table><tr><td>Luas dilayani</td><td align='right'><b>82,7173</b> ha</td></tr><tr><td>Luas dilayani</td><td align='right'><b>827.173</b> m²</td></tr><tr><td>Jenis saluran</td><td align='right'><b>Tersier</b> </td></tr><tr><td>Panjang</td><td align='right'><b>2,43</b> km</td></tr><tr><td>Ruas di hulunya</td><td align='right'><b>SS Lewo</b> </td></tr><tr><td>Ruas di hilirnya</td><td align='right'><b>0</b> ruas</td></tr><tr><td>Layanan menempel ruas</td><td align='right'><b>82,7</b> ha</td></tr><tr><td>Tinggi rata-rata</td><td align='right'><b>531,0</b> m dpl</td></tr><tr><td>Rezim</td><td align='right'><b>FL</b> </td></tr><tr><td>Kebutuhan air lewat ruas</td><td align='right'><b>198.886</b> m³</td></tr><tr><td>Kebutuhan air lahan layanannya</td><td align='right'><b>240</b> mm</td></tr><tr><td>Debit di hulu ruas</td><td align='right'><b>18,27</b> l/detik</td></tr><tr><td>NFR</td><td align='right'><b>1,72</b> mm/hari</td></tr><tr><td>Water loss di hilirnya</td><td align='right'><b>1.176.675</b> m³</td></tr><tr><td>Water loss</td><td align='right'><b>1.423</b> mm</td></tr><tr><td>Air sampai dari bendung</td><td align='right'><b>32,2</b> jam</td></tr><tr><td>Respons hidraulik dari bendung</td><td align='right'><b>23,5</b> jam</td></tr><tr><td>Waktu tempuh ruas ini</td><td align='right'><b>2,50</b> jam</td></tr><tr><td>Kecepatan aliran</td><td align='right'><b>0,270</b> m/detik</td></tr><tr><td>Kedalaman air (rancangan)</td><td align='right'><b>0,18</b> m</td></tr></table>]]></description><LineString><tessellate>1</tessellate><coordinates>108.043900,-7.053600,0 108.043800,-7.053800,0 108.043600,-7.053900,0 108.043600,-7.054000,0 108.043400,-7.054000,0 108.043300,-7.054200,0 108.043100,-7.054200,0 108.043000,-7.053900,0 108.042900,-7.053900,0 108.042800,-7.054100,0 108.042600,-7.054100,0 108.042600,-7.054200,0 108.042300,-7.054200,0 108.042300,-7.054300,0 108.042100,-7.054200,0 108.042100,-7.053500,0 108.042200,-7.053500,0 108.042200,-7.053300,0 108.042300,-7.053300,0 108.042400,-7.053000,0 108.042500,-7.053000,0 108.042500,-7.052700,0 108.042400,-7.052700,0 108.042400,-7.052600,0 108.042200,-7.052600,0 108.042200,-7.052500,0 108.042000,-7.052400,0 108.041900,-7.052200,0 108.041900,-7.051900,0 108.041800,-7.051900,0 108.041700,-7.051400,0 108.041600,-7.051400,0 108.041600,-7.050800,0 108.041500,-7.050800,0 108.041500,-7.050400,0 108.041300,-7.050000,0 108.041200,-7.050000,0 108.041200,-7.049900,0 108.041000,-7.049800,0 108.041000,-7.049700,0 108.040800,-7.049700,0 108.040800,-7.049600,0 108.040600,-7.049600,0 108.040400,-7.049400,0 108.040300,-7.049400,0 108.040300,-7.049200,0 108.040200,-7.049100,0 108.040300,-7.048200,0 108.040400,-7.048100,0 108.040400,-7.047600,0 108.040500,-7.047600,0 108.040500,-7.045800,0 108.040400,-7.045800,0 108.040400,-7.045500,0 108.040300,-7.045500,0 108.040300,-7.044900,0 108.040200,-7.044900,0 108.040200,-7.044700,0 108.040300,-7.044600,0 108.040300,-7.044000,0 108.040400,-7.043900,0 108.040500,-7.042800,0 108.040600,-7.042700,0 108.040600,-7.041700,0 108.040700,-7.041600,0 108.040700,-7.040800,0 108.040600,-7.040600,0 108.040700,-7.040500,0 108.040700,-7.039700,0 108.040800,-7.039600,0 108.040700,-7.039400,0 108.040700,-7.039100,0 108.040500,-7.038800,0 108.040400,-7.038400,0</coordinates></LineString></Placemark><Placemark><name>BN.4.Ki</name><styleUrl>#g1</styleUrl><description><![CDATA[<table><tr><td>Luas dilayani</td><td align='right'><b>15,1312</b> ha</td></tr><tr><td>Luas dilayani</td><td align='right'><b>151.312</b> m²</td></tr><tr><td>Jenis saluran</td><td align='right'><b>Tersier</b> </td></tr><tr><td>Panjang</td><td align='right'><b>1,41</b> km</td></tr><tr><td>Ruas di hulunya</td><td align='right'><b>SS Binuang</b> </td></tr><tr><td>Ruas di hilirnya</td><td align='right'><b>0</b> ruas</td></tr><tr><td>Layanan menempel ruas</td><td align='right'><b>15,1</b> ha</td></tr><tr><td>Tinggi rata-rata</td><td align='right'><b>560,0</b> m dpl</td></tr><tr><td>Rezim</td><td align='right'><b>FL</b> </td></tr><tr><td>Kebutuhan air lewat ruas</td><td align='right'><b>31.421</b> m³</td></tr><tr><td>Kebutuhan air lahan layanannya</td><td align='right'><b>208</b> mm</td></tr><tr><td>Debit di hulu ruas</td><td align='right'><b>2,89</b> l/detik</td></tr><tr><td>NFR</td><td align='right'><b>1,48</b> mm/hari</td></tr><tr><td>Water loss di hilirnya</td><td align='right'><b>297.732</b> m³</td></tr><tr><td>Water loss</td><td align='right'><b>1.968</b> mm</td></tr><tr><td>Air sampai dari bendung</td><td align='right'><b>34,0</b> jam</td></tr><tr><td>Respons hidraulik dari bendung</td><td align='right'><b>24,8</b> jam</td></tr><tr><td>Waktu tempuh ruas ini</td><td align='right'><b>2,30</b> jam</td></tr><tr><td>Kecepatan aliran</td><td align='right'><b>0,170</b> m/detik</td></tr><tr><td>Kedalaman air (rancangan)</td><td align='right'><b>0,09</b> m</td></tr></table>]]></description><LineString><tessellate>1</tessellate><coordinates>108.043000,-7.055700,0 108.042900,-7.055800,0 108.042500,-7.055200,0 108.042100,-7.054300,0 108.041900,-7.054200,0 108.041800,-7.053200,0 108.041300,-7.052600,0 108.041200,-7.052600,0 108.041000,-7.052400,0 108.041000,-7.051800,0 108.040900,-7.051700,0 108.040900,-7.051300,0 108.040800,-7.051300,0 108.040800,-7.050600,0 108.040600,-7.050500,0 108.040600,-7.050400,0 108.039900,-7.050400,0 108.039900,-7.050300,0 108.039800,-7.050300,0 108.039700,-7.050100,0 108.039600,-7.050100,0 108.039500,-7.049900,0 108.039300,-7.049800,0 108.039300,-7.049700,0 108.039200,-7.049700,0 108.039000,-7.049300,0 108.039000,-7.048700,0 108.039100,-7.048500,0 108.039700,-7.048000,0 108.039900,-7.047600,0 108.040000,-7.046800,0 108.039700,-7.046700,0 108.039800,-7.046300,0</coordinates></LineString></Placemark><Placemark><name>BN.3.Ki</name><styleUrl>#g3</styleUrl><description><![CDATA[<table><tr><td>Luas dilayani</td><td align='right'><b>92,0739</b> ha</td></tr><tr><td>Luas dilayani</td><td align='right'><b>920.739</b> m²</td></tr><tr><td>Jenis saluran</td><td align='right'><b>Tersier</b> </td></tr><tr><td>Panjang</td><td align='right'><b>2,19</b> km</td></tr><tr><td>Ruas di hulunya</td><td align='right'><b>SS Binuang</b> </td></tr><tr><td>Ruas di hilirnya</td><td align='right'><b>1</b> ruas</td></tr><tr><td>Layanan menempel ruas</td><td align='right'><b>92,1</b> ha</td></tr><tr><td>Tinggi rata-rata</td><td align='right'><b>560,0</b> m dpl</td></tr><tr><td>Rezim</td><td align='right'><b>FL</b> </td></tr><tr><td>Kebutuhan air lewat ruas</td><td align='right'><b>191.196</b> m³</td></tr><tr><td>Kebutuhan air lahan layanannya</td><td align='right'><b>208</b> mm</td></tr><tr><td>Debit di hulu ruas</td><td align='right'><b>17,56</b> l/detik</td></tr><tr><td>NFR</td><td align='right'><b>1,48</b> mm/hari</td></tr><tr><td>Water loss di hilirnya</td><td align='right'><b>1.811.709</b> m³</td></tr><tr><td>Water loss</td><td align='right'><b>1.968</b> mm</td></tr><tr><td>Air sampai dari bendung</td><td align='right'><b>34,0</b> jam</td></tr><tr><td>Respons hidraulik dari bendung</td><td align='right'><b>24,8</b> jam</td></tr><tr><td>Waktu tempuh ruas ini</td><td align='right'><b>2,27</b> jam</td></tr><tr><td>Kecepatan aliran</td><td align='right'><b>0,268</b> m/detik</td></tr><tr><td>Kedalaman air (rancangan)</td><td align='right'><b>0,17</b> m</td></tr></table>]]></description><MultiGeometry><LineString><tessellate>1</tessellate><coordinates>108.042800,-7.056400,0 108.042700,-7.056200,0 108.042700,-7.055700,0 108.042600,-7.055700,0 108.042300,-7.055300,0 108.042200,-7.054800,0 108.042100,-7.054800,0 108.042100,-7.054600,0 108.041900,-7.054500,0 108.041800,-7.054200,0 108.041700,-7.054200,0 108.041700,-7.053400,0 108.041600,-7.053400,0 108.041100,-7.052800,0 108.041100,-7.052700,0 108.040900,-7.052600,0 108.040600,-7.052600,0 108.039000,-7.053200,0</coordinates></LineString><LineString><tessellate>1</tessellate><coordinates>108.039000,-7.053200,0 108.039000,-7.052600,0 108.038900,-7.052600,0 108.038900,-7.052300,0 108.038700,-7.051900,0 108.038600,-7.051900,0 108.038600,-7.051800,0 108.038400,-7.051700,0 108.038400,-7.051600,0 108.038000,-7.051600,0 108.037800,-7.051500,0 108.037500,-7.050900,0 108.037800,-7.050200,0 108.037900,-7.050200,0 108.037900,-7.049600,0 108.037700,-7.049500,0 108.037700,-7.049400,0 108.037600,-7.049400,0 108.037600,-7.049200,0 108.037500,-7.049200,0 108.037500,-7.048500,0 108.037400,-7.048500,0 108.037300,-7.048200,0 108.037200,-7.048200,0 108.037200,-7.048100,0 108.037100,-7.048100,0 108.037100,-7.048000,0 108.036900,-7.047900,0 108.036900,-7.047500,0 108.037000,-7.047500,0 108.037000,-7.047000,0 108.037100,-7.047000,0 108.037100,-7.046400,0 108.037200,-7.046300,0 108.037200,-7.045800,0 108.037100,-7.045800,0 108.037100,-7.045200,0 108.037000,-7.045200,0 108.037000,-7.044800,0 108.036900,-7.044800,0 108.036900,-7.044600,0 108.036800,-7.044600,0 108.036800,-7.044500,0 108.036500,-7.044500,0 108.036500,-7.044400,0 108.036200,-7.044400,0 108.036200,-7.044300,0 108.035900,-7.044300,0 108.035900,-7.044200,0 108.035700,-7.044200,0</coordinates></LineString></MultiGeometry></Placemark><Placemark><name>Ruas tanpa nama R078</name><styleUrl>#g2</styleUrl><description><![CDATA[<table><tr><td>Luas dilayani</td><td align='right'><b>16,5441</b> ha</td></tr><tr><td>Luas dilayani</td><td align='right'><b>165.441</b> m²</td></tr><tr><td>Jenis saluran</td><td align='right'><b>Tersier</b> </td></tr><tr><td>Panjang</td><td align='right'><b>0,70</b> km</td></tr><tr><td>Ruas di hulunya</td><td align='right'><b>SS Cioray</b> </td></tr><tr><td>Ruas di hilirnya</td><td align='right'><b>0</b> ruas</td></tr><tr><td>Layanan menempel ruas</td><td align='right'><b>16,5</b> ha</td></tr><tr><td>Tinggi rata-rata</td><td align='right'><b>529,0</b> m dpl</td></tr><tr><td>Rezim</td><td align='right'><b>FL</b> </td></tr><tr><td>Kebutuhan air lewat ruas</td><td align='right'><b>34.381</b> m³</td></tr><tr><td>Kebutuhan air lahan layanannya</td><td align='right'><b>208</b> mm</td></tr><tr><td>Debit di hulu ruas</td><td align='right'><b>3,16</b> l/detik</td></tr><tr><td>NFR</td><td align='right'><b>1,48</b> mm/hari</td></tr><tr><td>Water loss di hilirnya</td><td align='right'><b>325.571</b> m³</td></tr><tr><td>Water loss</td><td align='right'><b>1.968</b> mm</td></tr><tr><td>Air sampai dari bendung</td><td align='right'><b>32,2</b> jam</td></tr><tr><td>Respons hidraulik dari bendung</td><td align='right'><b>23,5</b> jam</td></tr><tr><td>Waktu tempuh ruas ini</td><td align='right'><b>1,12</b> jam</td></tr><tr><td>Kecepatan aliran</td><td align='right'><b>0,174</b> m/detik</td></tr><tr><td>Kedalaman air (rancangan)</td><td align='right'><b>0,09</b> m</td></tr></table>]]></description><LineString><tessellate>1</tessellate><coordinates>108.029500,-7.057000,0 108.029300,-7.056800,0 108.029600,-7.055600,0 108.029300,-7.054700,0 108.028700,-7.053800,0 108.027900,-7.052800,0 108.027900,-7.052400,0 108.026800,-7.052100,0</coordinates></LineString></Placemark><Placemark><name>LW.7.Ki</name><styleUrl>#g2</styleUrl><description><![CDATA[<table><tr><td>Luas dilayani</td><td align='right'><b>29,5911</b> ha</td></tr><tr><td>Luas dilayani</td><td align='right'><b>295.911</b> m²</td></tr><tr><td>Jenis saluran</td><td align='right'><b>Tersier</b> </td></tr><tr><td>Panjang</td><td align='right'><b>0,93</b> km</td></tr><tr><td>Ruas di hulunya</td><td align='right'><b>SS Lewo</b> </td></tr><tr><td>Ruas di hilirnya</td><td align='right'><b>1</b> ruas</td></tr><tr><td>Layanan menempel ruas</td><td align='right'><b>29,6</b> ha</td></tr><tr><td>Tinggi rata-rata</td><td align='right'><b>531,0</b> m dpl</td></tr><tr><td>Rezim</td><td align='right'><b>FL</b> </td></tr><tr><td>Kebutuhan air lewat ruas</td><td align='right'><b>71.149</b> m³</td></tr><tr><td>Kebutuhan air lahan layanannya</td><td align='right'><b>240</b> mm</td></tr><tr><td>Debit di hulu ruas</td><td align='right'><b>6,54</b> l/detik</td></tr><tr><td>NFR</td><td align='right'><b>1,72</b> mm/hari</td></tr><tr><td>Water loss di hilirnya</td><td align='right'><b>420.941</b> m³</td></tr><tr><td>Water loss</td><td align='right'><b>1.423</b> mm</td></tr><tr><td>Air sampai dari bendung</td><td align='right'><b>31,0</b> jam</td></tr><tr><td>Respons hidraulik dari bendung</td><td align='right'><b>22,6</b> jam</td></tr><tr><td>Waktu tempuh ruas ini</td><td align='right'><b>1,24</b> jam</td></tr><tr><td>Kecepatan aliran</td><td align='right'><b>0,209</b> m/detik</td></tr><tr><td>Kedalaman air (rancangan)</td><td align='right'><b>0,12</b> m</td></tr></table>]]></description><MultiGeometry><LineString><tessellate>1</tessellate><coordinates>108.016800,-7.058000,0 108.016800,-7.057800,0 108.016700,-7.057800,0 108.016700,-7.057500,0 108.016600,-7.057400,0 108.016600,-7.057100,0 108.016500,-7.057000,0 108.016500,-7.056500,0 108.016400,-7.056500,0 108.016500,-7.055600,0 108.016600,-7.055600,0 108.016600,-7.055500,0 108.017000,-7.055100,0 108.017200,-7.055000,0 108.017200,-7.054900,0 108.017500,-7.054800,0 108.017600,-7.054500,0 108.017700,-7.054500,0 108.017700,-7.054300,0 108.017900,-7.054200,0 108.017900,-7.054100,0 108.018000,-7.054100,0 108.018000,-7.054000,0</coordinates></LineString><LineString><tessellate>1</tessellate><coordinates>108.018000,-7.054000,0 108.018000,-7.053900,0 108.017800,-7.053800,0 108.017800,-7.053600,0 108.017900,-7.053600,0 108.018100,-7.053200,0 108.018100,-7.052600,0 108.018200,-7.052500,0 108.018200,-7.052300,0 108.018500,-7.052200,0 108.018500,-7.052100,0 108.019000,-7.052100,0</coordinates></LineString></MultiGeometry></Placemark><Placemark><name>LW.9.Ki</name><styleUrl>#g1</styleUrl><description><![CDATA[<table><tr><td>Luas dilayani</td><td align='right'><b>4,4340</b> ha</td></tr><tr><td>Luas dilayani</td><td align='right'><b>44.340</b> m²</td></tr><tr><td>Jenis saluran</td><td align='right'><b>Tersier</b> </td></tr><tr><td>Panjang</td><td align='right'><b>0,04</b> km</td></tr><tr><td>Ruas di hulunya</td><td align='right'><b>SS Lewo</b> </td></tr><tr><td>Ruas di hilirnya</td><td align='right'><b>0</b> ruas</td></tr><tr><td>Layanan menempel ruas</td><td align='right'><b>4,4</b> ha</td></tr><tr><td>Tinggi rata-rata</td><td align='right'><b>531,0</b> m dpl</td></tr><tr><td>Rezim</td><td align='right'><b>FL</b> </td></tr><tr><td>Kebutuhan air lewat ruas</td><td align='right'><b>10.661</b> m³</td></tr><tr><td>Kebutuhan air lahan layanannya</td><td align='right'><b>240</b> mm</td></tr><tr><td>Debit di hulu ruas</td><td align='right'><b>0,98</b> l/detik</td></tr><tr><td>NFR</td><td align='right'><b>1,72</b> mm/hari</td></tr><tr><td>Water loss di hilirnya</td><td align='right'><b>63.074</b> m³</td></tr><tr><td>Water loss</td><td align='right'><b>1.423</b> mm</td></tr><tr><td>Air sampai dari bendung</td><td align='right'><b>29,8</b> jam</td></tr><tr><td>Respons hidraulik dari bendung</td><td align='right'><b>21,7</b> jam</td></tr><tr><td>Waktu tempuh ruas ini</td><td align='right'><b>0,09</b> jam</td></tr><tr><td>Kecepatan aliran</td><td align='right'><b>0,130</b> m/detik</td></tr><tr><td>Kedalaman air (rancangan)</td><td align='right'><b>0,06</b> m</td></tr></table>]]></description><LineString><tessellate>1</tessellate><coordinates>108.024800,-7.058900,0 108.024800,-7.058600,0 108.024700,-7.058600,0</coordinates></LineString></Placemark><Placemark><name>LW.8.Ki</name><styleUrl>#g2</styleUrl><description><![CDATA[<table><tr><td>Luas dilayani</td><td align='right'><b>49,5272</b> ha</td></tr><tr><td>Luas dilayani</td><td align='right'><b>495.272</b> m²</td></tr><tr><td>Jenis saluran</td><td align='right'><b>Tersier</b> </td></tr><tr><td>Panjang</td><td align='right'><b>1,09</b> km</td></tr><tr><td>Ruas di hulunya</td><td align='right'><b>SS Lewo</b> </td></tr><tr><td>Ruas di hilirnya</td><td align='right'><b>0</b> ruas</td></tr><tr><td>Layanan menempel ruas</td><td align='right'><b>49,5</b> ha</td></tr><tr><td>Tinggi rata-rata</td><td align='right'><b>531,0</b> m dpl</td></tr><tr><td>Rezim</td><td align='right'><b>FL</b> </td></tr><tr><td>Kebutuhan air lewat ruas</td><td align='right'><b>119.083</b> m³</td></tr><tr><td>Kebutuhan air lahan layanannya</td><td align='right'><b>240</b> mm</td></tr><tr><td>Debit di hulu ruas</td><td align='right'><b>10,94</b> l/detik</td></tr><tr><td>NFR</td><td align='right'><b>1,72</b> mm/hari</td></tr><tr><td>Water loss di hilirnya</td><td align='right'><b>704.537</b> m³</td></tr><tr><td>Water loss</td><td align='right'><b>1.423</b> mm</td></tr><tr><td>Air sampai dari bendung</td><td align='right'><b>31,0</b> jam</td></tr><tr><td>Respons hidraulik dari bendung</td><td align='right'><b>22,6</b> jam</td></tr><tr><td>Waktu tempuh ruas ini</td><td align='right'><b>1,28</b> jam</td></tr><tr><td>Kecepatan aliran</td><td align='right'><b>0,238</b> m/detik</td></tr><tr><td>Kedalaman air (rancangan)</td><td align='right'><b>0,14</b> m</td></tr></table>]]></description><LineString><tessellate>1</tessellate><coordinates>108.021600,-7.057900,0 108.022100,-7.057600,0 108.022200,-7.057400,0 108.022600,-7.055600,0 108.023200,-7.054100,0 108.023300,-7.054000,0 108.023400,-7.054100,0 108.023800,-7.054200,0 108.023900,-7.053800,0 108.024000,-7.053800,0 108.024000,-7.053300,0 108.024100,-7.053100,0 108.024000,-7.052000,0 108.023900,-7.051700,0 108.023200,-7.050700,0 108.022700,-7.050400,0 108.022500,-7.050000,0</coordinates></LineString></Placemark><Placemark><name>BK.5</name><styleUrl>#g3</styleUrl><description><![CDATA[<table><tr><td>Luas dilayani</td><td align='right'><b>85,3808</b> ha</td></tr><tr><td>Luas dilayani</td><td align='right'><b>853.808</b> m²</td></tr><tr><td>Jenis saluran</td><td align='right'><b>Tersier</b> </td></tr><tr><td>Panjang</td><td align='right'><b>2,20</b> km</td></tr><tr><td>Ruas di hulunya</td><td align='right'><b>SS Bandrek</b> </td></tr><tr><td>Ruas di hilirnya</td><td align='right'><b>2</b> ruas</td></tr><tr><td>Layanan menempel ruas</td><td align='right'><b>85,4</b> ha</td></tr><tr><td>Tinggi rata-rata</td><td align='right'><b>569,0</b> m dpl</td></tr><tr><td>Rezim</td><td align='right'><b>FL</b> </td></tr><tr><td>Kebutuhan air lewat ruas</td><td align='right'><b>205.085</b> m³</td></tr><tr><td>Kebutuhan air lahan layanannya</td><td align='right'><b>240</b> mm</td></tr><tr><td>Debit di hulu ruas</td><td align='right'><b>18,84</b> l/detik</td></tr><tr><td>NFR</td><td align='right'><b>1,72</b> mm/hari</td></tr><tr><td>Water loss di hilirnya</td><td align='right'><b>1.214.306</b> m³</td></tr><tr><td>Water loss</td><td align='right'><b>1.422</b> mm</td></tr><tr><td>Air sampai dari bendung</td><td align='right'><b>28,2</b> jam</td></tr><tr><td>Respons hidraulik dari bendung</td><td align='right'><b>20,5</b> jam</td></tr><tr><td>Waktu tempuh ruas ini</td><td align='right'><b>2,24</b> jam</td></tr><tr><td>Kecepatan aliran</td><td align='right'><b>0,272</b> m/detik</td></tr><tr><td>Kedalaman air (rancangan)</td><td align='right'><b>0,18</b> m</td></tr></table>]]></description><MultiGeometry><LineString><tessellate>1</tessellate><coordinates>107.991900,-7.083400,0 107.991800,-7.083300,0 107.991600,-7.083300,0 107.991500,-7.083200,0 107.990800,-7.083000,0 107.990300,-7.082700,0 107.990000,-7.082200,0 107.990100,-7.080600,0</coordinates></LineString><LineString><tessellate>1</tessellate><coordinates>107.990100,-7.080600,0 107.990300,-7.080200,0 107.990300,-7.079800,0 107.990400,-7.079500,0 107.990600,-7.079200,0 107.990600,-7.079000,0 107.990900,-7.078400,0 107.990900,-7.078300,0 107.990700,-7.078300,0 107.990800,-7.078200,0 107.991000,-7.077400,0 107.991100,-7.076600,0 107.991700,-7.075200,0 107.991700,-7.075000,0</coordinates></LineString><LineString><tessellate>1</tessellate><coordinates>107.990100,-7.080600,0 107.989900,-7.080400,0 107.989900,-7.080300,0 107.989700,-7.080200,0 107.989700,-7.079700,0 107.989800,-7.079700,0 107.989800,-7.079400,0 107.989600,-7.079300,0 107.989500,-7.079100,0 107.989300,-7.079100,0 107.989300,-7.079000,0 107.989100,-7.079000,0 107.989100,-7.078900,0 107.988900,-7.078900,0 107.988900,-7.078800,0 107.988700,-7.078800,0 107.988600,-7.078700,0 107.988000,-7.078600,0 107.988000,-7.078500,0 107.987800,-7.078500,0 107.987800,-7.078300,0 107.987700,-7.078300,0 107.987700,-7.078200,0 107.987800,-7.078200,0 107.987800,-7.078000,0 107.987900,-7.078000,0 107.987900,-7.077800,0 107.988000,-7.077800,0 107.988000,-7.077600,0 107.988100,-7.077600,0 107.988100,-7.077200,0 107.988200,-7.077100,0 107.988100,-7.076100,0 107.988800,-7.076100,0 107.988800,-7.075900,0 107.988900,-7.075900,0 107.988900,-7.075700,0 107.988800,-7.075700,0 107.988800,-7.075600,0 107.988900,-7.075600,0 107.988900,-7.075400,0 107.989000,-7.075400,0 107.989100,-7.074900,0</coordinates></LineString></MultiGeometry></Placemark><Placemark><name>BK.1.Ki</name><styleUrl>#g2</styleUrl><description><![CDATA[<table><tr><td>Luas dilayani</td><td align='right'><b>20,5837</b> ha</td></tr><tr><td>Luas dilayani</td><td align='right'><b>205.837</b> m²</td></tr><tr><td>Jenis saluran</td><td align='right'><b>Tersier</b> </td></tr><tr><td>Panjang</td><td align='right'><b>0,99</b> km</td></tr><tr><td>Ruas di hulunya</td><td align='right'><b>CT.2</b> </td></tr><tr><td>Ruas di hilirnya</td><td align='right'><b>0</b> ruas</td></tr><tr><td>Layanan menempel ruas</td><td align='right'><b>34,6</b> ha</td></tr><tr><td>Tinggi rata-rata</td><td align='right'><b>598,0</b> m dpl</td></tr><tr><td>Rezim</td><td align='right'><b>FL</b> </td></tr><tr><td>Kebutuhan air lewat ruas</td><td align='right'><b>49.404</b> m³</td></tr><tr><td>Kebutuhan air lahan layanannya</td><td align='right'><b>240</b> mm</td></tr><tr><td>Debit di hulu ruas</td><td align='right'><b>4,54</b> l/detik</td></tr><tr><td>NFR</td><td align='right'><b>1,71</b> mm/hari</td></tr><tr><td>Water loss di hilirnya</td><td align='right'><b>292.699</b> m³</td></tr><tr><td>Water loss</td><td align='right'><b>1.422</b> mm</td></tr><tr><td>Air sampai dari bendung</td><td align='right'><b>26,4</b> jam</td></tr><tr><td>Respons hidraulik dari bendung</td><td align='right'><b>19,3</b> jam</td></tr><tr><td>Waktu tempuh ruas ini</td><td align='right'><b>1,45</b> jam</td></tr><tr><td>Kecepatan aliran</td><td align='right'><b>0,191</b> m/detik</td></tr><tr><td>Kedalaman air (rancangan)</td><td align='right'><b>0,10</b> m</td></tr></table>]]></description><MultiGeometry><LineString><tessellate>1</tessellate><coordinates>107.993800,-7.091400,0 107.993600,-7.091000,0 107.993500,-7.091000,0 107.993500,-7.090500,0 107.994300,-7.089600,0 107.994300,-7.089200,0 107.994200,-7.089200,0 107.994100,-7.088800,0 107.993800,-7.088400,0</coordinates></LineString><LineString><tessellate>1</tessellate><coordinates>107.993800,-7.088400,0 107.993800,-7.088200,0 107.993600,-7.088000,0 107.993600,-7.087900,0 107.993500,-7.087900,0 107.993500,-7.087700,0 107.993400,-7.087700,0 107.993400,-7.087600,0 107.993600,-7.087500,0 107.993600,-7.087400,0 107.993700,-7.087400,0 107.993700,-7.087000,0 107.993600,-7.087000,0 107.993600,-7.086400,0 107.993500,-7.086300,0 107.993300,-7.086300,0 107.993300,-7.086200,0 107.993000,-7.086200,0 107.993000,-7.086100,0 107.992900,-7.086100,0 107.992900,-7.085700,0 107.992800,-7.085700,0 107.992700,-7.085300,0 107.992600,-7.085300,0 107.992600,-7.085100,0 107.992400,-7.085000,0</coordinates></LineString></MultiGeometry></Placemark><Placemark><name>SS Tegal Buah</name><styleUrl>#g4</styleUrl><description><![CDATA[<table><tr><td>Luas dilayani</td><td align='right'><b>1.438,9025</b> ha</td></tr><tr><td>Luas dilayani</td><td align='right'><b>14.389.025</b> m²</td></tr><tr><td>Jenis saluran</td><td align='right'><b>Sekunder</b> </td></tr><tr><td>Panjang</td><td align='right'><b>9,51</b> km</td></tr><tr><td>Ruas di hulunya</td><td align='right'><b>SS Copong Kanan</b> </td></tr><tr><td>Ruas di hilirnya</td><td align='right'><b>55</b> ruas</td></tr><tr><td>Layanan menempel ruas</td><td align='right'><b>0,0</b> ha</td></tr><tr><td>Tinggi rata-rata</td><td align='right'><b>645,0</b> m dpl</td></tr><tr><td>Rezim</td><td align='right'><b>FL</b> </td></tr><tr><td>Kebutuhan air lewat ruas</td><td align='right'><b>3.353.739</b> m³</td></tr><tr><td>Kebutuhan air lahan layanannya</td><td align='right'><b>240</b> mm</td></tr><tr><td>Debit di hulu ruas</td><td align='right'><b>342,30</b> l/detik</td></tr><tr><td>NFR</td><td align='right'><b>1,71</b> mm/hari</td></tr><tr><td>Water loss di hilirnya</td><td align='right'><b>22.178.465</b> m³</td></tr><tr><td>Water loss</td><td align='right'><b>1.422</b> mm</td></tr><tr><td>Air sampai dari bendung</td><td align='right'><b>22,0</b> jam</td></tr><tr><td>Respons hidraulik dari bendung</td><td align='right'><b>16,0</b> jam</td></tr><tr><td>Waktu tempuh ruas ini</td><td align='right'><b>6,88</b> jam</td></tr><tr><td>Kecepatan aliran</td><td align='right'><b>0,384</b> m/detik</td></tr><tr><td>Kedalaman air (rancangan)</td><td align='right'><b>0,50</b> m</td></tr></table>]]></description><MultiGeometry><LineString><tessellate>1</tessellate><coordinates>107.993000,-7.132400,0 107.992700,-7.128700,0 107.992800,-7.127500,0 107.993100,-7.125700,0 107.993500,-7.125200,0</coordinates></LineString><LineString><tessellate>1</tessellate><coordinates>107.993500,-7.125200,0 107.995700,-7.123100,0 107.995800,-7.119900,0 107.994800,-7.118300,0 107.994800,-7.118100,0 107.995100,-7.117500,0 107.995500,-7.117000,0 107.995900,-7.116200,0 107.995900,-7.116000,0 107.996000,-7.116000,0 107.996000,-7.115700,0 107.996200,-7.115400,0 107.996200,-7.115000,0 107.996300,-7.115000,0 107.996300,-7.114700,0 107.996500,-7.114300,0 107.996500,-7.114000,0 107.996600,-7.113900,0 107.996700,-7.113400,0 107.996800,-7.113200,0 107.996900,-7.113200,0 107.996900,-7.113000,0 107.997100,-7.112700,0 107.997100,-7.112500,0 107.996700,-7.112000,0 107.996500,-7.111900,0 107.996400,-7.111700,0 107.996300,-7.111700,0 107.996300,-7.111600,0 107.996200,-7.111600,0 107.996100,-7.111400,0 107.996000,-7.111400,0 107.995900,-7.111200,0 107.995800,-7.111200,0 107.995800,-7.111000,0 107.995700,-7.110800,0 107.995600,-7.110800,0 107.995600,-7.110200,0 107.995700,-7.110200,0 107.995900,-7.109800,0 107.996000,-7.109100,0 107.995900,-7.109000,0 107.995700,-7.109000,0 107.995700,-7.108900,0 107.995300,-7.108800,0 107.995300,-7.108700,0 107.995200,-7.108700,0 107.995000,-7.108500,0 107.995000,-7.108400,0 107.994900,-7.108400,0 107.994900,-7.108300,0 107.994600,-7.108000,0 107.994600,-7.107900,0 107.994400,-7.107800,0 107.994300,-7.107600,0 107.994300,-7.106900,0 107.994200,-7.106900,0 107.994200,-7.106800,0 107.993900,-7.106800,0 107.993900,-7.106700,0 107.993700,-7.106600,0 107.993700,-7.106500,0 107.993600,-7.106500,0 107.993600,-7.106200,0 107.993500,-7.106000,0 107.993400,-7.106000,0 107.993300,-7.105800,0 107.993100,-7.105700,0 107.993100,-7.105600,0 107.992900,-7.105600,0 107.992900,-7.105300,0 107.993100,-7.104900,0 107.993200,-7.104900,0 107.993300,-7.104700,0 107.993300,-7.104500,0 107.993400,-7.104500,0 107.993300,-7.103700,0 107.993400,-7.103600,0 107.993400,-7.103200,0 107.993500,-7.103200,0 107.993500,-7.102600,0 107.993400,-7.102400,0 107.993300,-7.102400,0 107.993300,-7.102300,0 107.993100,-7.102200,0 107.993100,-7.102100,0 107.993000,-7.102100,0 107.992900,-7.101900,0 107.992900,-7.101600,0 107.993000,-7.101400,0 107.993100,-7.101400,0 107.993100,-7.101300,0 107.993300,-7.101300,0 107.993300,-7.101200,0 107.993500,-7.101200,0 107.993500,-7.101100,0 107.993900,-7.101100,0 107.993900,-7.101000,0 107.994600,-7.100900,0 107.994600,-7.100800,0 107.994800,-7.100800,0 107.995300,-7.100600,0 107.995600,-7.100100,0 107.997000,-7.099300,0 107.997800,-7.098100,0</coordinates></LineString><LineString><tessellate>1</tessellate><coordinates>107.997800,-7.098100,0 107.997800,-7.098100,0</coordinates></LineString><LineString><tessellate>1</tessellate><coordinates>107.997800,-7.098100,0 107.998000,-7.097700,0 107.998200,-7.097600,0 107.998200,-7.097400,0 107.998800,-7.097100,0 107.998800,-7.096500,0 107.998700,-7.096300,0 107.998700,-7.096000,0 107.998600,-7.095900,0 107.998600,-7.095500,0 107.998500,-7.095400,0 107.998500,-7.094800,0 107.998400,-7.094800,0 107.998400,-7.094100,0 107.998500,-7.093900,0 107.999100,-7.093600,0 107.999500,-7.093600,0 107.999600,-7.093500,0 108.000100,-7.093500,0 108.000100,-7.093400,0 108.000400,-7.093400,0 108.000400,-7.093300,0 108.000500,-7.093300,0 108.000700,-7.093100,0 108.000700,-7.093000,0 108.000800,-7.093000,0 108.000900,-7.092400,0 108.001200,-7.091800,0 108.001200,-7.090300,0 108.001100,-7.090200,0 108.001100,-7.089800,0 108.000900,-7.089400,0 108.000800,-7.089400,0 108.000700,-7.089200,0 108.000700,-7.088900,0 108.000900,-7.088800,0 108.000900,-7.088700,0 108.001200,-7.088600,0 108.001200,-7.088500,0 108.001400,-7.088500,0 108.001400,-7.088400,0 108.001600,-7.088300,0 108.001800,-7.088300,0 108.001800,-7.088200,0 108.002000,-7.088200,0 108.002000,-7.088100,0 108.002400,-7.088000,0 108.002800,-7.087600,0 108.002800,-7.087500,0 108.003000,-7.087400,0 108.003100,-7.087000,0 108.003200,-7.087000,0 108.003200,-7.086400,0 108.003300,-7.086300,0 108.003200,-7.085600,0 108.003100,-7.085600,0 108.003100,-7.085300,0 108.003000,-7.085200,0 108.003000,-7.084500,0 108.003100,-7.084500,0 108.003100,-7.084400,0 108.003200,-7.084400,0 108.003300,-7.084200,0 108.003500,-7.084000,0 108.003600,-7.084000,0 108.003600,-7.083900,0 108.003700,-7.083900,0 108.003700,-7.083800,0 108.004000,-7.083500,0 108.004000,-7.083400,0 108.004400,-7.083200,0 108.004400,-7.083100,0 108.004600,-7.083000,0 108.004700,-7.082800,0 108.005000,-7.082800,0 108.005300,-7.082500,0 108.005300,-7.082200,0 108.005400,-7.082100,0 108.005400,-7.081600,0 108.005500,-7.081500,0 108.005500,-7.081000,0 108.005600,-7.080900,0 108.005600,-7.080300,0 108.005700,-7.080200,0 108.005700,-7.079700,0 108.005800,-7.079600,0 108.005800,-7.079100,0 108.005900,-7.079000,0 108.005900,-7.078400,0 108.006000,-7.078300,0 108.006000,-7.077800,0 108.006100,-7.077700,0 108.006300,-7.076100,0 108.006400,-7.075900,0 108.006400,-7.075500,0 108.006500,-7.075400,0 108.006500,-7.074900,0 108.006600,-7.074800,0 108.006700,-7.073900,0 108.006800,-7.073700,0 108.006800,-7.073300,0 108.006900,-7.073200,0 108.007000,-7.072400,0 108.007100,-7.072300,0 108.007100,-7.071800,0 108.007200,-7.071700,0 108.007300,-7.070900,0 108.007400,-7.070800,0 108.007400,-7.070500,0 108.007500,-7.070400,0 108.007600,-7.069600,0 108.007100,-7.068500,0 108.006400,-7.067900,0 108.006000,-7.067700,0 108.005400,-7.067100,0 108.005000,-7.066300,0</coordinates></LineString></MultiGeometry></Placemark><Placemark><name>C.1.M</name><styleUrl>#g2</styleUrl><description><![CDATA[<table><tr><td>Luas dilayani</td><td align='right'><b>23,1313</b> ha</td></tr><tr><td>Luas dilayani</td><td align='right'><b>231.313</b> m²</td></tr><tr><td>Jenis saluran</td><td align='right'><b>Tersier</b> </td></tr><tr><td>Panjang</td><td align='right'><b>1,01</b> km</td></tr><tr><td>Ruas di hulunya</td><td align='right'><b>SS Cikukuk</b> </td></tr><tr><td>Ruas di hilirnya</td><td align='right'><b>0</b> ruas</td></tr><tr><td>Layanan menempel ruas</td><td align='right'><b>23,1</b> ha</td></tr><tr><td>Tinggi rata-rata</td><td align='right'><b>637,0</b> m dpl</td></tr><tr><td>Rezim</td><td align='right'><b>FL</b> </td></tr><tr><td>Kebutuhan air lewat ruas</td><td align='right'><b>51.566</b> m³</td></tr><tr><td>Kebutuhan air lahan layanannya</td><td align='right'><b>223</b> mm</td></tr><tr><td>Debit di hulu ruas</td><td align='right'><b>4,74</b> l/detik</td></tr><tr><td>NFR</td><td align='right'><b>1,59</b> mm/hari</td></tr><tr><td>Water loss di hilirnya</td><td align='right'><b>333.817</b> m³</td></tr><tr><td>Water loss</td><td align='right'><b>1.443</b> mm</td></tr><tr><td>Air sampai dari bendung</td><td align='right'><b>14,9</b> jam</td></tr><tr><td>Respons hidraulik dari bendung</td><td align='right'><b>10,9</b> jam</td></tr><tr><td>Waktu tempuh ruas ini</td><td align='right'><b>1,45</b> jam</td></tr><tr><td>Kecepatan aliran</td><td align='right'><b>0,193</b> m/detik</td></tr><tr><td>Kedalaman air (rancangan)</td><td align='right'><b>0,11</b> m</td></tr></table>]]></description><LineString><tessellate>1</tessellate><coordinates>107.941400,-7.125700,0 107.941400,-7.125800,0 107.941200,-7.125900,0 107.941200,-7.126200,0 107.941400,-7.126900,0 107.941500,-7.127000,0 107.940900,-7.128700,0 107.939700,-7.128600,0 107.939500,-7.128800,0 107.939500,-7.129600,0 107.940000,-7.130000,0 107.940100,-7.129800,0 107.940500,-7.130000,0 107.940800,-7.130400,0 107.941200,-7.131400,0 107.941200,-7.132000,0</coordinates></LineString></Placemark><Placemark><name>CD.17.Ka</name><styleUrl>#g2</styleUrl><description><![CDATA[<table><tr><td>Luas dilayani</td><td align='right'><b>69,6187</b> ha</td></tr><tr><td>Luas dilayani</td><td align='right'><b>696.187</b> m²</td></tr><tr><td>Jenis saluran</td><td align='right'><b>Tersier</b> </td></tr><tr><td>Panjang</td><td align='right'><b>0,49</b> km</td></tr><tr><td>Ruas di hulunya</td><td align='right'><b>SS Ciduga</b> </td></tr><tr><td>Ruas di hilirnya</td><td align='right'><b>0</b> ruas</td></tr><tr><td>Layanan menempel ruas</td><td align='right'><b>69,6</b> ha</td></tr><tr><td>Tinggi rata-rata</td><td align='right'><b>634,0</b> m dpl</td></tr><tr><td>Rezim</td><td align='right'><b>FL</b> </td></tr><tr><td>Kebutuhan air lewat ruas</td><td align='right'><b>160.428</b> m³</td></tr><tr><td>Kebutuhan air lahan layanannya</td><td align='right'><b>230</b> mm</td></tr><tr><td>Debit di hulu ruas</td><td align='right'><b>14,74</b> l/detik</td></tr><tr><td>NFR</td><td align='right'><b>1,65</b> mm/hari</td></tr><tr><td>Water loss di hilirnya</td><td align='right'><b>1.000.814</b> m³</td></tr><tr><td>Water loss</td><td align='right'><b>1.438</b> mm</td></tr><tr><td>Air sampai dari bendung</td><td align='right'><b>11,9</b> jam</td></tr><tr><td>Respons hidraulik dari bendung</td><td align='right'><b>8,7</b> jam</td></tr><tr><td>Waktu tempuh ruas ini</td><td align='right'><b>0,53</b> jam</td></tr><tr><td>Kecepatan aliran</td><td align='right'><b>0,256</b> m/detik</td></tr><tr><td>Kedalaman air (rancangan)</td><td align='right'><b>0,16</b> m</td></tr></table>]]></description><LineString><tessellate>1</tessellate><coordinates>107.950300,-7.112600,0 107.950300,-7.112800,0 107.948900,-7.112700,0 107.948700,-7.112800,0 107.948200,-7.112700,0 107.948200,-7.113000,0 107.948500,-7.113100,0 107.948400,-7.113300,0 107.948600,-7.114100,0 107.948500,-7.114200,0 107.948300,-7.114100,0</coordinates></LineString></Placemark><Placemark><name>CD.18.Ka</name><styleUrl>#g2</styleUrl><description><![CDATA[<table><tr><td>Luas dilayani</td><td align='right'><b>27,2421</b> ha</td></tr><tr><td>Luas dilayani</td><td align='right'><b>272.421</b> m²</td></tr><tr><td>Jenis saluran</td><td align='right'><b>Tersier</b> </td></tr><tr><td>Panjang</td><td align='right'><b>0,24</b> km</td></tr><tr><td>Ruas di hulunya</td><td align='right'><b>SS Ciduga</b> </td></tr><tr><td>Ruas di hilirnya</td><td align='right'><b>0</b> ruas</td></tr><tr><td>Layanan menempel ruas</td><td align='right'><b>27,2</b> ha</td></tr><tr><td>Tinggi rata-rata</td><td align='right'><b>634,0</b> m dpl</td></tr><tr><td>Rezim</td><td align='right'><b>FL</b> </td></tr><tr><td>Kebutuhan air lewat ruas</td><td align='right'><b>62.776</b> m³</td></tr><tr><td>Kebutuhan air lahan layanannya</td><td align='right'><b>230</b> mm</td></tr><tr><td>Debit di hulu ruas</td><td align='right'><b>5,77</b> l/detik</td></tr><tr><td>NFR</td><td align='right'><b>1,65</b> mm/hari</td></tr><tr><td>Water loss di hilirnya</td><td align='right'><b>391.623</b> m³</td></tr><tr><td>Water loss</td><td align='right'><b>1.438</b> mm</td></tr><tr><td>Air sampai dari bendung</td><td align='right'><b>11,7</b> jam</td></tr><tr><td>Respons hidraulik dari bendung</td><td align='right'><b>8,5</b> jam</td></tr><tr><td>Waktu tempuh ruas ini</td><td align='right'><b>0,33</b> jam</td></tr><tr><td>Kecepatan aliran</td><td align='right'><b>0,203</b> m/detik</td></tr><tr><td>Kedalaman air (rancangan)</td><td align='right'><b>0,11</b> m</td></tr></table>]]></description><LineString><tessellate>1</tessellate><coordinates>107.952300,-7.111400,0 107.952500,-7.111500,0 107.952500,-7.111400,0 107.953300,-7.111700,0 107.953500,-7.112300,0 107.953700,-7.112600,0</coordinates></LineString></Placemark><Placemark><name>CD.19.Ka</name><styleUrl>#g1</styleUrl><description><![CDATA[<table><tr><td>Luas dilayani</td><td align='right'><b>6,0538</b> ha</td></tr><tr><td>Luas dilayani</td><td align='right'><b>60.538</b> m²</td></tr><tr><td>Jenis saluran</td><td align='right'><b>Tersier</b> </td></tr><tr><td>Panjang</td><td align='right'><b>0,18</b> km</td></tr><tr><td>Ruas di hulunya</td><td align='right'><b>SS Ciduga</b> </td></tr><tr><td>Ruas di hilirnya</td><td align='right'><b>0</b> ruas</td></tr><tr><td>Layanan menempel ruas</td><td align='right'><b>6,1</b> ha</td></tr><tr><td>Tinggi rata-rata</td><td align='right'><b>634,0</b> m dpl</td></tr><tr><td>Rezim</td><td align='right'><b>FL</b> </td></tr><tr><td>Kebutuhan air lewat ruas</td><td align='right'><b>13.950</b> m³</td></tr><tr><td>Kebutuhan air lahan layanannya</td><td align='right'><b>230</b> mm</td></tr><tr><td>Debit di hulu ruas</td><td align='right'><b>1,28</b> l/detik</td></tr><tr><td>NFR</td><td align='right'><b>1,65</b> mm/hari</td></tr><tr><td>Water loss di hilirnya</td><td align='right'><b>87.027</b> m³</td></tr><tr><td>Water loss</td><td align='right'><b>1.438</b> mm</td></tr><tr><td>Air sampai dari bendung</td><td align='right'><b>11,7</b> jam</td></tr><tr><td>Respons hidraulik dari bendung</td><td align='right'><b>8,6</b> jam</td></tr><tr><td>Waktu tempuh ruas ini</td><td align='right'><b>0,36</b> jam</td></tr><tr><td>Kecepatan aliran</td><td align='right'><b>0,139</b> m/detik</td></tr><tr><td>Kedalaman air (rancangan)</td><td align='right'><b>0,06</b> m</td></tr></table>]]></description><LineString><tessellate>1</tessellate><coordinates>107.953700,-7.110200,0 107.953600,-7.110200,0 107.953400,-7.110000,0 107.953300,-7.110100,0 107.953300,-7.110300,0 107.953400,-7.110300,0 107.953400,-7.110500,0 107.953300,-7.110600,0 107.952900,-7.110400,0</coordinates></LineString></Placemark><Placemark><name>SS Cioray</name><styleUrl>#g3</styleUrl><description><![CDATA[<table><tr><td>Luas dilayani</td><td align='right'><b>103,8691</b> ha</td></tr><tr><td>Luas dilayani</td><td align='right'><b>1.038.691</b> m²</td></tr><tr><td>Jenis saluran</td><td align='right'><b>Sekunder</b> </td></tr><tr><td>Panjang</td><td align='right'><b>0,97</b> km</td></tr><tr><td>Ruas di hulunya</td><td align='right'><b>SS Lewo</b> </td></tr><tr><td>Ruas di hilirnya</td><td align='right'><b>3</b> ruas</td></tr><tr><td>Layanan menempel ruas</td><td align='right'><b>0,0</b> ha</td></tr><tr><td>Tinggi rata-rata</td><td align='right'><b>529,0</b> m dpl</td></tr><tr><td>Rezim</td><td align='right'><b>FL</b> </td></tr><tr><td>Kebutuhan air lewat ruas</td><td align='right'><b>215.852</b> m³</td></tr><tr><td>Kebutuhan air lahan layanannya</td><td align='right'><b>208</b> mm</td></tr><tr><td>Debit di hulu ruas</td><td align='right'><b>22,03</b> l/detik</td></tr><tr><td>NFR</td><td align='right'><b>1,48</b> mm/hari</td></tr><tr><td>Water loss di hilirnya</td><td align='right'><b>2.044.037</b> m³</td></tr><tr><td>Water loss</td><td align='right'><b>1.968</b> mm</td></tr><tr><td>Air sampai dari bendung</td><td align='right'><b>31,1</b> jam</td></tr><tr><td>Respons hidraulik dari bendung</td><td align='right'><b>22,7</b> jam</td></tr><tr><td>Waktu tempuh ruas ini</td><td align='right'><b>1,39</b> jam</td></tr><tr><td>Kecepatan aliran</td><td align='right'><b>0,193</b> m/detik</td></tr><tr><td>Kedalaman air (rancangan)</td><td align='right'><b>0,18</b> m</td></tr></table>]]></description><LineString><tessellate>1</tessellate><coordinates>108.031200,-7.062200,0 108.031100,-7.061200,0 108.031000,-7.061200,0 108.030900,-7.060600,0 108.030600,-7.060000,0 108.030500,-7.060000,0 108.030500,-7.059800,0 108.030400,-7.059800,0 108.030400,-7.059600,0 108.030300,-7.059600,0 108.030100,-7.059100,0 108.030000,-7.059100,0 108.029900,-7.058700,0 108.029700,-7.058600,0 108.029700,-7.058400,0 108.029600,-7.058400,0 108.029500,-7.058100,0 108.029400,-7.058100,0 108.029400,-7.057900,0 108.029300,-7.057900,0 108.029300,-7.057200,0 108.029400,-7.057200,0 108.029500,-7.056800,0 108.029600,-7.056800,0 108.029900,-7.056100,0 108.030000,-7.056100,0 108.030300,-7.055500,0</coordinates></LineString></Placemark><Placemark><name>SS Kresek</name><styleUrl>#g3</styleUrl><description><![CDATA[<table><tr><td>Luas dilayani</td><td align='right'><b>74,7726</b> ha</td></tr><tr><td>Luas dilayani</td><td align='right'><b>747.726</b> m²</td></tr><tr><td>Jenis saluran</td><td align='right'><b>Sekunder</b> </td></tr><tr><td>Panjang</td><td align='right'><b>0,93</b> km</td></tr><tr><td>Ruas di hulunya</td><td align='right'><b>SS Cibatu</b> </td></tr><tr><td>Ruas di hilirnya</td><td align='right'><b>8</b> ruas</td></tr><tr><td>Layanan menempel ruas</td><td align='right'><b>0,0</b> ha</td></tr><tr><td>Tinggi rata-rata</td><td align='right'><b>595,0</b> m dpl</td></tr><tr><td>Rezim</td><td align='right'><b>FL</b> </td></tr><tr><td>Kebutuhan air lewat ruas</td><td align='right'><b>197.889</b> m³</td></tr><tr><td>Kebutuhan air lahan layanannya</td><td align='right'><b>265</b> mm</td></tr><tr><td>Debit di hulu ruas</td><td align='right'><b>20,20</b> l/detik</td></tr><tr><td>NFR</td><td align='right'><b>1,89</b> mm/hari</td></tr><tr><td>Water loss di hilirnya</td><td align='right'><b>1.011.473</b> m³</td></tr><tr><td>Water loss</td><td align='right'><b>1.353</b> mm</td></tr><tr><td>Air sampai dari bendung</td><td align='right'><b>23,3</b> jam</td></tr><tr><td>Respons hidraulik dari bendung</td><td align='right'><b>17,0</b> jam</td></tr><tr><td>Waktu tempuh ruas ini</td><td align='right'><b>1,37</b> jam</td></tr><tr><td>Kecepatan aliran</td><td align='right'><b>0,189</b> m/detik</td></tr><tr><td>Kedalaman air (rancangan)</td><td align='right'><b>0,17</b> m</td></tr></table>]]></description><LineString><tessellate>1</tessellate><coordinates>107.989000,-7.099200,0 107.988600,-7.098700,0 107.988400,-7.097900,0 107.988200,-7.097500,0 107.988300,-7.097200,0 107.988100,-7.096900,0 107.987200,-7.096300,0 107.986200,-7.096300,0 107.985400,-7.096600,0 107.985000,-7.096000,0 107.984900,-7.095600,0 107.984500,-7.094700,0 107.984500,-7.094500,0 107.984300,-7.094200,0 107.984100,-7.094100,0</coordinates></LineString></Placemark><Placemark><name>KR.2.Ki</name><styleUrl>#g2</styleUrl><description><![CDATA[<table><tr><td>Luas dilayani</td><td align='right'><b>56,7134</b> ha</td></tr><tr><td>Luas dilayani</td><td align='right'><b>567.134</b> m²</td></tr><tr><td>Jenis saluran</td><td align='right'><b>Tersier</b> </td></tr><tr><td>Panjang</td><td align='right'><b>2,90</b> km</td></tr><tr><td>Ruas di hulunya</td><td align='right'><b>SS Kresek</b> </td></tr><tr><td>Ruas di hilirnya</td><td align='right'><b>4</b> ruas</td></tr><tr><td>Layanan menempel ruas</td><td align='right'><b>56,7</b> ha</td></tr><tr><td>Tinggi rata-rata</td><td align='right'><b>595,0</b> m dpl</td></tr><tr><td>Rezim</td><td align='right'><b>FL</b> </td></tr><tr><td>Kebutuhan air lewat ruas</td><td align='right'><b>150.095</b> m³</td></tr><tr><td>Kebutuhan air lahan layanannya</td><td align='right'><b>265</b> mm</td></tr><tr><td>Debit di hulu ruas</td><td align='right'><b>13,79</b> l/detik</td></tr><tr><td>NFR</td><td align='right'><b>1,89</b> mm/hari</td></tr><tr><td>Water loss di hilirnya</td><td align='right'><b>767.181</b> m³</td></tr><tr><td>Water loss</td><td align='right'><b>1.353</b> mm</td></tr><tr><td>Air sampai dari bendung</td><td align='right'><b>26,5</b> jam</td></tr><tr><td>Respons hidraulik dari bendung</td><td align='right'><b>19,4</b> jam</td></tr><tr><td>Waktu tempuh ruas ini</td><td align='right'><b>3,20</b> jam</td></tr><tr><td>Kecepatan aliran</td><td align='right'><b>0,252</b> m/detik</td></tr><tr><td>Kedalaman air (rancangan)</td><td align='right'><b>0,16</b> m</td></tr></table>]]></description><MultiGeometry><LineString><tessellate>1</tessellate><coordinates>107.984100,-7.094100,0 107.984100,-7.093900,0 107.984200,-7.093900,0 107.984200,-7.093500,0 107.984300,-7.093500,0 107.984300,-7.093300,0 107.984400,-7.093300,0 107.984400,-7.093000,0 107.984500,-7.093000,0 107.984500,-7.092700,0 107.984100,-7.092500,0 107.984100,-7.092400,0 107.984200,-7.092400,0 107.984300,-7.092200,0 107.984300,-7.091900,0 107.984200,-7.091900,0 107.984100,-7.091700,0 107.984300,-7.091400,0 107.984300,-7.090800,0 107.984400,-7.090800,0 107.984400,-7.090500,0 107.984200,-7.090300,0 107.983500,-7.090000,0 107.983400,-7.089800,0 107.983000,-7.089700,0 107.982800,-7.089300,0 107.982700,-7.089300,0 107.982700,-7.089100,0 107.982500,-7.089000,0 107.982500,-7.088900,0 107.982100,-7.088800,0 107.982100,-7.088700,0 107.982000,-7.088700,0 107.982000,-7.088500,0</coordinates></LineString><LineString><tessellate>1</tessellate><coordinates>107.982000,-7.088500,0 107.982000,-7.088100,0 107.982100,-7.088100,0 107.982100,-7.087400,0 107.982000,-7.087300,0 107.982000,-7.087100,0 107.982600,-7.086600,0 107.982700,-7.086000,0</coordinates></LineString><LineString><tessellate>1</tessellate><coordinates>107.982000,-7.088500,0 107.981200,-7.088400,0 107.981200,-7.088300,0 107.981100,-7.088300,0 107.981200,-7.088200,0 107.981200,-7.088000,0 107.981300,-7.088000,0 107.981400,-7.087800,0 107.981400,-7.087600,0 107.981500,-7.087600,0 107.981600,-7.087200,0 107.981500,-7.087200,0 107.981500,-7.087100,0 107.981300,-7.087000,0 107.981300,-7.086800,0 107.981100,-7.086700,0 107.981100,-7.086500,0 107.980900,-7.086400,0 107.980900,-7.086200,0 107.980700,-7.086100,0 107.980700,-7.085900,0 107.980600,-7.085900,0 107.980600,-7.085700,0 107.980300,-7.085200,0 107.980400,-7.085000,0 107.980600,-7.084900,0 107.980600,-7.084700,0 107.980800,-7.084600,0</coordinates></LineString><LineString><tessellate>1</tessellate><coordinates>107.980800,-7.084600,0 107.980800,-7.084600,0</coordinates></LineString><LineString><tessellate>1</tessellate><coordinates>107.980800,-7.084600,0 107.980700,-7.084600,0 107.980400,-7.084200,0 107.980400,-7.083800,0 107.980800,-7.083000,0 107.980800,-7.082700,0 107.980900,-7.082500,0 107.981100,-7.081300,0 107.981000,-7.080700,0 107.981000,-7.080400,0 107.981200,-7.079900,0 107.981100,-7.079800,0 107.981200,-7.079600,0 107.981400,-7.079500,0 107.981400,-7.079400,0 107.981700,-7.079300,0 107.981700,-7.079200,0 107.981900,-7.079100,0 107.981900,-7.079000,0 107.982000,-7.079000,0 107.982200,-7.078600,0 107.982200,-7.077900,0</coordinates></LineString></MultiGeometry></Placemark><Placemark><name>KR.2.Ki (2)</name><styleUrl>#g2</styleUrl><description><![CDATA[<table><tr><td>Luas dilayani</td><td align='right'><b>18,0592</b> ha</td></tr><tr><td>Luas dilayani</td><td align='right'><b>180.592</b> m²</td></tr><tr><td>Jenis saluran</td><td align='right'><b>Tersier</b> </td></tr><tr><td>Panjang</td><td align='right'><b>1,25</b> km</td></tr><tr><td>Ruas di hulunya</td><td align='right'><b>SS Kresek</b> </td></tr><tr><td>Ruas di hilirnya</td><td align='right'><b>2</b> ruas</td></tr><tr><td>Layanan menempel ruas</td><td align='right'><b>18,1</b> ha</td></tr><tr><td>Tinggi rata-rata</td><td align='right'><b>595,0</b> m dpl</td></tr><tr><td>Rezim</td><td align='right'><b>FL</b> </td></tr><tr><td>Kebutuhan air lewat ruas</td><td align='right'><b>47.794</b> m³</td></tr><tr><td>Kebutuhan air lahan layanannya</td><td align='right'><b>265</b> mm</td></tr><tr><td>Debit di hulu ruas</td><td align='right'><b>4,39</b> l/detik</td></tr><tr><td>NFR</td><td align='right'><b>1,89</b> mm/hari</td></tr><tr><td>Water loss di hilirnya</td><td align='right'><b>244.292</b> m³</td></tr><tr><td>Water loss</td><td align='right'><b>1.353</b> mm</td></tr><tr><td>Air sampai dari bendung</td><td align='right'><b>25,2</b> jam</td></tr><tr><td>Respons hidraulik dari bendung</td><td align='right'><b>18,4</b> jam</td></tr><tr><td>Waktu tempuh ruas ini</td><td align='right'><b>1,84</b> jam</td></tr><tr><td>Kecepatan aliran</td><td align='right'><b>0,189</b> m/detik</td></tr><tr><td>Kedalaman air (rancangan)</td><td align='right'><b>0,10</b> m</td></tr></table>]]></description><MultiGeometry><LineString><tessellate>1</tessellate><coordinates>107.984100,-7.094100,0 107.983200,-7.093900,0 107.983400,-7.093500,0</coordinates></LineString><LineString><tessellate>1</tessellate><coordinates>107.983400,-7.093500,0 107.983400,-7.093500,0</coordinates></LineString><LineString><tessellate>1</tessellate><coordinates>107.983400,-7.093500,0 107.984000,-7.092100,0 107.983400,-7.091700,0 107.982300,-7.092300,0 107.982100,-7.092300,0 107.981600,-7.092700,0 107.981500,-7.093000,0 107.981600,-7.093000,0 107.981600,-7.093400,0 107.981700,-7.093400,0 107.981700,-7.093800,0 107.980400,-7.093800,0 107.980400,-7.093700,0 107.980100,-7.093700,0 107.980000,-7.093500,0 107.979900,-7.093500,0 107.979900,-7.093400,0 107.979700,-7.093300,0 107.979700,-7.093100,0 107.979500,-7.093000,0 107.979400,-7.092600,0 107.979300,-7.092600,0 107.979300,-7.092400,0 107.979100,-7.092300,0 107.979100,-7.092200,0 107.979000,-7.092200,0</coordinates></LineString></MultiGeometry></Placemark><Placemark><name>Ruas tanpa nama R093</name><styleUrl>#g0</styleUrl><description><![CDATA[<table><tr><td>Luas dilayani</td><td align='right'><b>2,0261</b> ha</td></tr><tr><td>Luas dilayani</td><td align='right'><b>20.261</b> m²</td></tr><tr><td>Jenis saluran</td><td align='right'><b>Tersier</b> </td></tr><tr><td>Panjang</td><td align='right'><b>0,14</b> km</td></tr><tr><td>Ruas di hilirnya</td><td align='right'><b>0</b> ruas</td></tr><tr><td>Layanan menempel ruas</td><td align='right'><b>2,0</b> ha</td></tr><tr><td>Tinggi rata-rata</td><td align='right'><b>555,0</b> m dpl</td></tr><tr><td>Rezim</td><td align='right'><b>FL</b> </td></tr><tr><td>Kebutuhan air lewat ruas</td><td align='right'><b>4.868</b> m³</td></tr><tr><td>Kebutuhan air lahan layanannya</td><td align='right'><b>240</b> mm</td></tr><tr><td>Debit di hulu ruas</td><td align='right'><b>0,45</b> l/detik</td></tr><tr><td>NFR</td><td align='right'><b>1,72</b> mm/hari</td></tr><tr><td>Water loss di hilirnya</td><td align='right'><b>28.817</b> m³</td></tr><tr><td>Water loss</td><td align='right'><b>1.422</b> mm</td></tr><tr><td>Waktu tempuh ruas ini</td><td align='right'><b>0,38</b> jam</td></tr><tr><td>Kecepatan aliran</td><td align='right'><b>0,107</b> m/detik</td></tr><tr><td>Kedalaman air (rancangan)</td><td align='right'><b>0,04</b> m</td></tr></table>]]></description><LineString><tessellate>1</tessellate><coordinates>108.011900,-7.056000,0 108.011400,-7.055600,0 108.011200,-7.055200,0 108.011000,-7.055100,0</coordinates></LineString></Placemark><Placemark><name>CS.4.Ka</name><styleUrl>#g2</styleUrl><description><![CDATA[<table><tr><td>Luas dilayani</td><td align='right'><b>28,2510</b> ha</td></tr><tr><td>Luas dilayani</td><td align='right'><b>282.510</b> m²</td></tr><tr><td>Jenis saluran</td><td align='right'><b>Tersier</b> </td></tr><tr><td>Panjang</td><td align='right'><b>0,56</b> km</td></tr><tr><td>Ruas di hulunya</td><td align='right'><b>SS Ciseureuh</b> </td></tr><tr><td>Ruas di hilirnya</td><td align='right'><b>0</b> ruas</td></tr><tr><td>Layanan menempel ruas</td><td align='right'><b>28,3</b> ha</td></tr><tr><td>Tinggi rata-rata</td><td align='right'><b>641,0</b> m dpl</td></tr><tr><td>Rezim</td><td align='right'><b>FL</b> </td></tr><tr><td>Kebutuhan air lewat ruas</td><td align='right'><b>75.536</b> m³</td></tr><tr><td>Kebutuhan air lahan layanannya</td><td align='right'><b>267</b> mm</td></tr><tr><td>Debit di hulu ruas</td><td align='right'><b>6,94</b> l/detik</td></tr><tr><td>NFR</td><td align='right'><b>1,91</b> mm/hari</td></tr><tr><td>Water loss di hilirnya</td><td align='right'><b>381.795</b> m³</td></tr><tr><td>Water loss</td><td align='right'><b>1.351</b> mm</td></tr><tr><td>Air sampai dari bendung</td><td align='right'><b>16,1</b> jam</td></tr><tr><td>Respons hidraulik dari bendung</td><td align='right'><b>11,7</b> jam</td></tr><tr><td>Waktu tempuh ruas ini</td><td align='right'><b>0,73</b> jam</td></tr><tr><td>Kecepatan aliran</td><td align='right'><b>0,212</b> m/detik</td></tr><tr><td>Kedalaman air (rancangan)</td><td align='right'><b>0,12</b> m</td></tr></table>]]></description><LineString><tessellate>1</tessellate><coordinates>107.950700,-7.105400,0 107.951200,-7.105200,0 107.951700,-7.105400,0 107.951700,-7.105500,0 107.953100,-7.105600,0 107.954300,-7.105500,0 107.954900,-7.105400,0 107.954800,-7.105200,0 107.954900,-7.104800,0</coordinates></LineString></Placemark><Placemark><name>CS.5.Ka</name><styleUrl>#g2</styleUrl><description><![CDATA[<table><tr><td>Luas dilayani</td><td align='right'><b>25,2241</b> ha</td></tr><tr><td>Luas dilayani</td><td align='right'><b>252.241</b> m²</td></tr><tr><td>Jenis saluran</td><td align='right'><b>Tersier</b> </td></tr><tr><td>Panjang</td><td align='right'><b>0,72</b> km</td></tr><tr><td>Ruas di hulunya</td><td align='right'><b>SS Ciseureuh</b> </td></tr><tr><td>Ruas di hilirnya</td><td align='right'><b>0</b> ruas</td></tr><tr><td>Layanan menempel ruas</td><td align='right'><b>25,2</b> ha</td></tr><tr><td>Tinggi rata-rata</td><td align='right'><b>641,0</b> m dpl</td></tr><tr><td>Rezim</td><td align='right'><b>FL</b> </td></tr><tr><td>Kebutuhan air lewat ruas</td><td align='right'><b>67.443</b> m³</td></tr><tr><td>Kebutuhan air lahan layanannya</td><td align='right'><b>267</b> mm</td></tr><tr><td>Debit di hulu ruas</td><td align='right'><b>6,20</b> l/detik</td></tr><tr><td>NFR</td><td align='right'><b>1,91</b> mm/hari</td></tr><tr><td>Water loss di hilirnya</td><td align='right'><b>340.889</b> m³</td></tr><tr><td>Water loss</td><td align='right'><b>1.351</b> mm</td></tr><tr><td>Air sampai dari bendung</td><td align='right'><b>16,3</b> jam</td></tr><tr><td>Respons hidraulik dari bendung</td><td align='right'><b>11,9</b> jam</td></tr><tr><td>Waktu tempuh ruas ini</td><td align='right'><b>0,97</b> jam</td></tr><tr><td>Kecepatan aliran</td><td align='right'><b>0,206</b> m/detik</td></tr><tr><td>Kedalaman air (rancangan)</td><td align='right'><b>0,12</b> m</td></tr></table>]]></description><LineString><tessellate>1</tessellate><coordinates>107.951000,-7.104800,0 107.951100,-7.104900,0 107.951200,-7.104100,0 107.951300,-7.104000,0 107.951000,-7.103800,0 107.951200,-7.103300,0 107.951600,-7.103400,0 107.952200,-7.101400,0 107.952200,-7.101000,0 107.951800,-7.100700,0 107.951700,-7.100700,0 107.951700,-7.100500,0 107.952400,-7.100200,0</coordinates></LineString></Placemark><Placemark><name>CS.6.Ki.b</name><styleUrl>#g3</styleUrl><description><![CDATA[<table><tr><td>Luas dilayani</td><td align='right'><b>115,0221</b> ha</td></tr><tr><td>Luas dilayani</td><td align='right'><b>1.150.221</b> m²</td></tr><tr><td>Jenis saluran</td><td align='right'><b>Tersier</b> </td></tr><tr><td>Panjang</td><td align='right'><b>0,96</b> km</td></tr><tr><td>Ruas di hilirnya</td><td align='right'><b>0</b> ruas</td></tr><tr><td>Layanan menempel ruas</td><td align='right'><b>141,3</b> ha</td></tr><tr><td>Tinggi rata-rata</td><td align='right'><b>616,0</b> m dpl</td></tr><tr><td>Rezim</td><td align='right'><b>FL</b> </td></tr><tr><td>Kebutuhan air lewat ruas</td><td align='right'><b>304.203</b> m³</td></tr><tr><td>Kebutuhan air lahan layanannya</td><td align='right'><b>264</b> mm</td></tr><tr><td>Debit di hulu ruas</td><td align='right'><b>27,94</b> l/detik</td></tr><tr><td>NFR</td><td align='right'><b>1,89</b> mm/hari</td></tr><tr><td>Water loss di hilirnya</td><td align='right'><b>1.555.571</b> m³</td></tr><tr><td>Water loss</td><td align='right'><b>1.352</b> mm</td></tr><tr><td>Waktu tempuh ruas ini</td><td align='right'><b>0,89</b> jam</td></tr><tr><td>Kecepatan aliran</td><td align='right'><b>0,300</b> m/detik</td></tr><tr><td>Kedalaman air (rancangan)</td><td align='right'><b>0,21</b> m</td></tr></table>]]></description><MultiGeometry><LineString><tessellate>1</tessellate><coordinates>107.946300,-7.098600,0 107.945600,-7.096100,0</coordinates></LineString><LineString><tessellate>1</tessellate><coordinates>107.945600,-7.096100,0 107.943100,-7.096700,0 107.943000,-7.097000,0 107.942900,-7.096800,0 107.942800,-7.096900,0 107.942600,-7.096900,0 107.942600,-7.096700,0 107.942400,-7.096700,0 107.942200,-7.096900,0 107.940400,-7.097600,0</coordinates></LineString></MultiGeometry></Placemark><Placemark><name>CS.6.Ki.a</name><styleUrl>#g2</styleUrl><description><![CDATA[<table><tr><td>Luas dilayani</td><td align='right'><b>44,3945</b> ha</td></tr><tr><td>Luas dilayani</td><td align='right'><b>443.945</b> m²</td></tr><tr><td>Jenis saluran</td><td align='right'><b>Tersier</b> </td></tr><tr><td>Panjang</td><td align='right'><b>0,56</b> km</td></tr><tr><td>Ruas di hilirnya</td><td align='right'><b>0</b> ruas</td></tr><tr><td>Layanan menempel ruas</td><td align='right'><b>44,4</b> ha</td></tr><tr><td>Tinggi rata-rata</td><td align='right'><b>647,0</b> m dpl</td></tr><tr><td>Rezim</td><td align='right'><b>FL</b> </td></tr><tr><td>Kebutuhan air lewat ruas</td><td align='right'><b>118.711</b> m³</td></tr><tr><td>Kebutuhan air lahan layanannya</td><td align='right'><b>267</b> mm</td></tr><tr><td>Debit di hulu ruas</td><td align='right'><b>10,90</b> l/detik</td></tr><tr><td>NFR</td><td align='right'><b>1,91</b> mm/hari</td></tr><tr><td>Water loss di hilirnya</td><td align='right'><b>600.008</b> m³</td></tr><tr><td>Water loss</td><td align='right'><b>1.352</b> mm</td></tr><tr><td>Waktu tempuh ruas ini</td><td align='right'><b>0,65</b> jam</td></tr><tr><td>Kecepatan aliran</td><td align='right'><b>0,237</b> m/detik</td></tr><tr><td>Kedalaman air (rancangan)</td><td align='right'><b>0,14</b> m</td></tr></table>]]></description><LineString><tessellate>1</tessellate><coordinates>107.946300,-7.098600,0 107.946000,-7.098800,0 107.946300,-7.099400,0 107.946100,-7.099600,0 107.946000,-7.099900,0 107.945800,-7.099700,0 107.945500,-7.099900,0 107.945800,-7.100300,0 107.945700,-7.100600,0 107.945400,-7.100800,0 107.945600,-7.101000,0 107.945100,-7.101400,0 107.944700,-7.101000,0 107.944600,-7.101000,0</coordinates></LineString></Placemark><Placemark><name>CS.6.Ka</name><styleUrl>#g3</styleUrl><description><![CDATA[<table><tr><td>Luas dilayani</td><td align='right'><b>85,7621</b> ha</td></tr><tr><td>Luas dilayani</td><td align='right'><b>857.621</b> m²</td></tr><tr><td>Jenis saluran</td><td align='right'><b>Tersier</b> </td></tr><tr><td>Panjang</td><td align='right'><b>0,70</b> km</td></tr><tr><td>Ruas di hilirnya</td><td align='right'><b>0</b> ruas</td></tr><tr><td>Layanan menempel ruas</td><td align='right'><b>88,8</b> ha</td></tr><tr><td>Tinggi rata-rata</td><td align='right'><b>603,0</b> m dpl</td></tr><tr><td>Rezim</td><td align='right'><b>FL</b> </td></tr><tr><td>Kebutuhan air lewat ruas</td><td align='right'><b>226.879</b> m³</td></tr><tr><td>Kebutuhan air lahan layanannya</td><td align='right'><b>265</b> mm</td></tr><tr><td>Debit di hulu ruas</td><td align='right'><b>20,84</b> l/detik</td></tr><tr><td>NFR</td><td align='right'><b>1,89</b> mm/hari</td></tr><tr><td>Water loss di hilirnya</td><td align='right'><b>1.159.996</b> m³</td></tr><tr><td>Water loss</td><td align='right'><b>1.353</b> mm</td></tr><tr><td>Waktu tempuh ruas ini</td><td align='right'><b>0,70</b> jam</td></tr><tr><td>Kecepatan aliran</td><td align='right'><b>0,279</b> m/detik</td></tr><tr><td>Kedalaman air (rancangan)</td><td align='right'><b>0,18</b> m</td></tr></table>]]></description><MultiGeometry><LineString><tessellate>1</tessellate><coordinates>107.946600,-7.098500,0 107.948900,-7.097000,0</coordinates></LineString><LineString><tessellate>1</tessellate><coordinates>107.949000,-7.097000,0 107.950500,-7.096100,0 107.950700,-7.095900,0 107.950500,-7.095500,0 107.950600,-7.095100,0 107.951200,-7.094800,0</coordinates></LineString></MultiGeometry></Placemark><Placemark><name>CP.Ka.13.Ki</name><styleUrl>#g2</styleUrl><description><![CDATA[<table><tr><td>Luas dilayani</td><td align='right'><b>40,9691</b> ha</td></tr><tr><td>Luas dilayani</td><td align='right'><b>409.691</b> m²</td></tr><tr><td>Jenis saluran</td><td align='right'><b>Tersier</b> </td></tr><tr><td>Panjang</td><td align='right'><b>1,01</b> km</td></tr><tr><td>Ruas di hulunya</td><td align='right'><b>SI Copong Kanan</b> </td></tr><tr><td>Ruas di hilirnya</td><td align='right'><b>0</b> ruas</td></tr><tr><td>Layanan menempel ruas</td><td align='right'><b>41,0</b> ha</td></tr><tr><td>Tinggi rata-rata</td><td align='right'><b>682,0</b> m dpl</td></tr><tr><td>Rezim</td><td align='right'><b>FL</b> </td></tr><tr><td>Kebutuhan air lewat ruas</td><td align='right'><b>94.417</b> m³</td></tr><tr><td>Kebutuhan air lahan layanannya</td><td align='right'><b>230</b> mm</td></tr><tr><td>Debit di hulu ruas</td><td align='right'><b>8,67</b> l/detik</td></tr><tr><td>NFR</td><td align='right'><b>1,65</b> mm/hari</td></tr><tr><td>Water loss di hilirnya</td><td align='right'><b>588.329</b> m³</td></tr><tr><td>Water loss</td><td align='right'><b>1.436</b> mm</td></tr><tr><td>Air sampai dari bendung</td><td align='right'><b>14,0</b> jam</td></tr><tr><td>Respons hidraulik dari bendung</td><td align='right'><b>10,2</b> jam</td></tr><tr><td>Waktu tempuh ruas ini</td><td align='right'><b>1,25</b> jam</td></tr><tr><td>Kecepatan aliran</td><td align='right'><b>0,224</b> m/detik</td></tr><tr><td>Kedalaman air (rancangan)</td><td align='right'><b>0,13</b> m</td></tr></table>]]></description><LineString><tessellate>1</tessellate><coordinates>107.990000,-7.153900,0 107.989800,-7.153900,0 107.989800,-7.153800,0 107.989500,-7.153800,0 107.989400,-7.153700,0 107.989100,-7.153700,0 107.989100,-7.153600,0 107.988700,-7.153500,0 107.988600,-7.153300,0 107.988500,-7.153300,0 107.988500,-7.153100,0 107.988400,-7.153100,0 107.988400,-7.152900,0 107.988300,-7.152900,0 107.988300,-7.152700,0 107.988200,-7.152700,0 107.987800,-7.151900,0 107.987700,-7.151500,0 107.987600,-7.151500,0 107.987700,-7.150000,0 107.987600,-7.150000,0 107.987500,-7.149800,0 107.987400,-7.149800,0 107.987100,-7.149500,0 107.987000,-7.149500,0 107.987000,-7.149400,0 107.986600,-7.149100,0 107.986500,-7.148900,0 107.986100,-7.148700,0 107.986100,-7.148600,0 107.985700,-7.148300,0 107.985600,-7.148100,0</coordinates></LineString></Placemark><Placemark><name>Suplesi Cipari</name><styleUrl>#g2</styleUrl><description><![CDATA[<table><tr><td>Luas dilayani</td><td align='right'><b>72,0924</b> ha</td></tr><tr><td>Luas dilayani</td><td align='right'><b>720.924</b> m²</td></tr><tr><td>Jenis saluran</td><td align='right'><b>Tersier</b> </td></tr><tr><td>Panjang</td><td align='right'><b>1,50</b> km</td></tr><tr><td>Ruas di hilirnya</td><td align='right'><b>0</b> ruas</td></tr><tr><td>Layanan menempel ruas</td><td align='right'><b>72,1</b> ha</td></tr><tr><td>Tinggi rata-rata</td><td align='right'><b>672,0</b> m dpl</td></tr><tr><td>Rezim</td><td align='right'><b>FL</b> </td></tr><tr><td>Kebutuhan air lewat ruas</td><td align='right'><b>166.141</b> m³</td></tr><tr><td>Kebutuhan air lahan layanannya</td><td align='right'><b>230</b> mm</td></tr><tr><td>Debit di hulu ruas</td><td align='right'><b>15,26</b> l/detik</td></tr><tr><td>NFR</td><td align='right'><b>1,65</b> mm/hari</td></tr><tr><td>Water loss di hilirnya</td><td align='right'><b>1.035.675</b> m³</td></tr><tr><td>Water loss</td><td align='right'><b>1.437</b> mm</td></tr><tr><td>Waktu tempuh ruas ini</td><td align='right'><b>1,61</b> jam</td></tr><tr><td>Kecepatan aliran</td><td align='right'><b>0,258</b> m/detik</td></tr><tr><td>Kedalaman air (rancangan)</td><td align='right'><b>0,16</b> m</td></tr></table>]]></description><LineString><tessellate>1</tessellate><coordinates>107.987700,-7.147600,0 107.987600,-7.147500,0 107.987200,-7.147500,0 107.987200,-7.147400,0 107.986900,-7.147400,0 107.986900,-7.147300,0 107.986700,-7.147300,0 107.986700,-7.147200,0 107.986300,-7.147000,0 107.986200,-7.146700,0 107.986000,-7.146600,0 107.985900,-7.146300,0 107.985700,-7.146200,0 107.985700,-7.146100,0 107.985500,-7.146000,0 107.985500,-7.145900,0 107.985200,-7.145800,0 107.985200,-7.145700,0 107.985100,-7.145700,0 107.985100,-7.145600,0 107.985000,-7.145600,0 107.984900,-7.145400,0 107.984800,-7.145400,0 107.984800,-7.145300,0 107.984600,-7.145200,0 107.984300,-7.144600,0 107.984200,-7.144000,0 107.984100,-7.144000,0 107.984100,-7.143900,0 107.983900,-7.143800,0 107.983700,-7.143800,0 107.983500,-7.143900,0 107.983500,-7.144000,0 107.982500,-7.144000,0 107.982100,-7.144200,0 107.981800,-7.144200,0 107.981700,-7.144300,0 107.980300,-7.144300,0 107.980200,-7.144200,0 107.979800,-7.144200,0 107.979800,-7.144100,0 107.979400,-7.144100,0 107.979400,-7.144200,0 107.978900,-7.144200,0 107.978800,-7.144000,0 107.978800,-7.143700,0 107.978600,-7.143400,0 107.978500,-7.143400,0 107.978500,-7.143300,0</coordinates></LineString></Placemark><Placemark><name>LW.2.Ki</name><styleUrl>#g2</styleUrl><description><![CDATA[<table><tr><td>Luas dilayani</td><td align='right'><b>58,1216</b> ha</td></tr><tr><td>Luas dilayani</td><td align='right'><b>581.216</b> m²</td></tr><tr><td>Jenis saluran</td><td align='right'><b>Tersier</b> </td></tr><tr><td>Panjang</td><td align='right'><b>1,70</b> km</td></tr><tr><td>Ruas di hulunya</td><td align='right'><b>SS Lewo</b> </td></tr><tr><td>Ruas di hilirnya</td><td align='right'><b>1</b> ruas</td></tr><tr><td>Layanan menempel ruas</td><td align='right'><b>58,1</b> ha</td></tr><tr><td>Tinggi rata-rata</td><td align='right'><b>531,0</b> m dpl</td></tr><tr><td>Rezim</td><td align='right'><b>FL</b> </td></tr><tr><td>Kebutuhan air lewat ruas</td><td align='right'><b>139.748</b> m³</td></tr><tr><td>Kebutuhan air lahan layanannya</td><td align='right'><b>240</b> mm</td></tr><tr><td>Debit di hulu ruas</td><td align='right'><b>12,84</b> l/detik</td></tr><tr><td>NFR</td><td align='right'><b>1,72</b> mm/hari</td></tr><tr><td>Water loss di hilirnya</td><td align='right'><b>826.794</b> m³</td></tr><tr><td>Water loss</td><td align='right'><b>1.423</b> mm</td></tr><tr><td>Air sampai dari bendung</td><td align='right'><b>31,6</b> jam</td></tr><tr><td>Respons hidraulik dari bendung</td><td align='right'><b>23,1</b> jam</td></tr><tr><td>Waktu tempuh ruas ini</td><td align='right'><b>1,91</b> jam</td></tr><tr><td>Kecepatan aliran</td><td align='right'><b>0,247</b> m/detik</td></tr><tr><td>Kedalaman air (rancangan)</td><td align='right'><b>0,15</b> m</td></tr></table>]]></description><MultiGeometry><LineString><tessellate>1</tessellate><coordinates>108.009600,-7.062500,0 108.009500,-7.062300,0 108.008500,-7.062800,0 108.008100,-7.062100,0 108.007300,-7.061700,0 108.007200,-7.061400,0 108.006300,-7.061000,0 108.006300,-7.060900,0 108.007300,-7.059300,0 108.006900,-7.059200,0 108.006900,-7.058600,0 108.006800,-7.058200,0 108.005900,-7.057600,0 108.005200,-7.057700,0 108.005200,-7.057600,0 108.005100,-7.057600,0 108.004400,-7.056900,0 108.003800,-7.055900,0</coordinates></LineString><LineString><tessellate>1</tessellate><coordinates>108.003800,-7.055900,0 108.003000,-7.054500,0 108.001600,-7.053400,0</coordinates></LineString></MultiGeometry></Placemark><Placemark><name>CP.3.Ka.2</name><styleUrl>#g3</styleUrl><description><![CDATA[<table><tr><td>Luas dilayani</td><td align='right'><b>140,6239</b> ha</td></tr><tr><td>Luas dilayani</td><td align='right'><b>1.406.239</b> m²</td></tr><tr><td>Jenis saluran</td><td align='right'><b>Tersier</b> </td></tr><tr><td>Panjang</td><td align='right'><b>3,43</b> km</td></tr><tr><td>Ruas di hulunya</td><td align='right'><b>SI Copong</b> </td></tr><tr><td>Ruas di hilirnya</td><td align='right'><b>1</b> ruas</td></tr><tr><td>Layanan menempel ruas</td><td align='right'><b>140,6</b> ha</td></tr><tr><td>Tinggi rata-rata</td><td align='right'><b>688,0</b> m dpl</td></tr><tr><td>Rezim</td><td align='right'><b>FL</b> </td></tr><tr><td>Kebutuhan air lewat ruas</td><td align='right'><b>324.018</b> m³</td></tr><tr><td>Kebutuhan air lahan layanannya</td><td align='right'><b>230</b> mm</td></tr><tr><td>Debit di hulu ruas</td><td align='right'><b>29,76</b> l/detik</td></tr><tr><td>NFR</td><td align='right'><b>1,65</b> mm/hari</td></tr><tr><td>Water loss di hilirnya</td><td align='right'><b>2.019.365</b> m³</td></tr><tr><td>Water loss</td><td align='right'><b>1.436</b> mm</td></tr><tr><td>Air sampai dari bendung</td><td align='right'><b>5,8</b> jam</td></tr><tr><td>Respons hidraulik dari bendung</td><td align='right'><b>4,3</b> jam</td></tr><tr><td>Waktu tempuh ruas ini</td><td align='right'><b>3,13</b> jam</td></tr><tr><td>Kecepatan aliran</td><td align='right'><b>0,305</b> m/detik</td></tr><tr><td>Kedalaman air (rancangan)</td><td align='right'><b>0,21</b> m</td></tr></table>]]></description><MultiGeometry><LineString><tessellate>1</tessellate><coordinates>107.931600,-7.167400,0 107.931400,-7.166000,0 107.931900,-7.165400,0 107.931800,-7.164700,0 107.932100,-7.164100,0 107.932400,-7.163700,0 107.932600,-7.163200,0 107.932800,-7.162300,0 107.933200,-7.162400,0 107.933800,-7.162400,0 107.934600,-7.161900,0 107.934900,-7.161400,0 107.936200,-7.160900,0 107.936800,-7.160800,0 107.937100,-7.160400,0 107.937200,-7.159900,0 107.937300,-7.159900,0 107.937500,-7.159500,0 107.937600,-7.159700,0 107.937900,-7.159500,0 107.938000,-7.159300,0 107.938200,-7.159200,0 107.938400,-7.159300,0 107.938300,-7.159500,0 107.938800,-7.159700,0 107.939100,-7.159600,0 107.940000,-7.159600,0 107.940000,-7.159500,0 107.940200,-7.159400,0 107.940300,-7.159000,0 107.941600,-7.157600,0 107.942100,-7.157700,0 107.942100,-7.157400,0 107.942500,-7.157300,0 107.942700,-7.156900,0 107.943000,-7.156900,0 107.943100,-7.157100,0 107.942800,-7.157300,0 107.943000,-7.157500,0 107.943100,-7.157500,0 107.943200,-7.157700,0 107.943500,-7.157700,0 107.944000,-7.157300,0 107.944400,-7.157400,0 107.944500,-7.157200,0 107.944800,-7.157200,0 107.944800,-7.157300,0 107.945000,-7.157300,0 107.945100,-7.157000,0 107.945700,-7.157000,0 107.945700,-7.156500,0 107.946000,-7.156600,0 107.946000,-7.156800,0 107.946300,-7.156800,0 107.946400,-7.156600,0 107.946600,-7.156700,0 107.946700,-7.156900,0 107.947100,-7.156700,0</coordinates></LineString><LineString><tessellate>1</tessellate><coordinates>107.947100,-7.156700,0 107.947600,-7.156800,0 107.947600,-7.156900,0 107.947200,-7.157000,0 107.947000,-7.157400,0 107.946900,-7.158400,0 107.946500,-7.158700,0 107.946000,-7.158800,0 107.946000,-7.159300,0 107.945900,-7.159400,0 107.945900,-7.159700,0 107.946000,-7.159800,0</coordinates></LineString></MultiGeometry></Placemark><Placemark><name>CD.4.Ki.2</name><styleUrl>#g1</styleUrl><description><![CDATA[<table><tr><td>Luas dilayani</td><td align='right'><b>9,9713</b> ha</td></tr><tr><td>Luas dilayani</td><td align='right'><b>99.713</b> m²</td></tr><tr><td>Jenis saluran</td><td align='right'><b>Tersier</b> </td></tr><tr><td>Panjang</td><td align='right'><b>0,12</b> km</td></tr><tr><td>Ruas di hulunya</td><td align='right'><b>Suplesi Cibuyutan Selatan</b> </td></tr><tr><td>Ruas di hilirnya</td><td align='right'><b>0</b> ruas</td></tr><tr><td>Layanan menempel ruas</td><td align='right'><b>10,0</b> ha</td></tr><tr><td>Tinggi rata-rata</td><td align='right'><b>648,0</b> m dpl</td></tr><tr><td>Rezim</td><td align='right'><b>FL</b> </td></tr><tr><td>Kebutuhan air lewat ruas</td><td align='right'><b>22.974</b> m³</td></tr><tr><td>Kebutuhan air lahan layanannya</td><td align='right'><b>230</b> mm</td></tr><tr><td>Debit di hulu ruas</td><td align='right'><b>2,11</b> l/detik</td></tr><tr><td>NFR</td><td align='right'><b>1,65</b> mm/hari</td></tr><tr><td>Water loss di hilirnya</td><td align='right'><b>143.300</b> m³</td></tr><tr><td>Water loss</td><td align='right'><b>1.437</b> mm</td></tr><tr><td>Air sampai dari bendung</td><td align='right'><b>19,9</b> jam</td></tr><tr><td>Respons hidraulik dari bendung</td><td align='right'><b>14,4</b> jam</td></tr><tr><td>Waktu tempuh ruas ini</td><td align='right'><b>0,21</b> jam</td></tr><tr><td>Kecepatan aliran</td><td align='right'><b>0,158</b> m/detik</td></tr><tr><td>Kedalaman air (rancangan)</td><td align='right'><b>0,08</b> m</td></tr></table>]]></description><LineString><tessellate>1</tessellate><coordinates>107.932400,-7.134700,0 107.932200,-7.134900,0 107.931700,-7.134600,0 107.931800,-7.134400,0</coordinates></LineString></Placemark><Placemark><name>CTL.9.Ka</name><styleUrl>#g2</styleUrl><description><![CDATA[<table><tr><td>Luas dilayani</td><td align='right'><b>20,7262</b> ha</td></tr><tr><td>Luas dilayani</td><td align='right'><b>207.262</b> m²</td></tr><tr><td>Jenis saluran</td><td align='right'><b>Tersier</b> </td></tr><tr><td>Panjang</td><td align='right'><b>1,44</b> km</td></tr><tr><td>Ruas di hulunya</td><td align='right'><b>SS Citikey Kiri</b> </td></tr><tr><td>Ruas di hilirnya</td><td align='right'><b>0</b> ruas</td></tr><tr><td>Layanan menempel ruas</td><td align='right'><b>20,7</b> ha</td></tr><tr><td>Tinggi rata-rata</td><td align='right'><b>578,0</b> m dpl</td></tr><tr><td>Rezim</td><td align='right'><b>FL</b> </td></tr><tr><td>Kebutuhan air lewat ruas</td><td align='right'><b>54.918</b> m³</td></tr><tr><td>Kebutuhan air lahan layanannya</td><td align='right'><b>265</b> mm</td></tr><tr><td>Debit di hulu ruas</td><td align='right'><b>5,04</b> l/detik</td></tr><tr><td>NFR</td><td align='right'><b>1,89</b> mm/hari</td></tr><tr><td>Water loss di hilirnya</td><td align='right'><b>280.528</b> m³</td></tr><tr><td>Water loss</td><td align='right'><b>1.353</b> mm</td></tr><tr><td>Air sampai dari bendung</td><td align='right'><b>31,9</b> jam</td></tr><tr><td>Respons hidraulik dari bendung</td><td align='right'><b>23,3</b> jam</td></tr><tr><td>Waktu tempuh ruas ini</td><td align='right'><b>2,04</b> jam</td></tr><tr><td>Kecepatan aliran</td><td align='right'><b>0,196</b> m/detik</td></tr><tr><td>Kedalaman air (rancangan)</td><td align='right'><b>0,11</b> m</td></tr></table>]]></description><LineString><tessellate>1</tessellate><coordinates>107.965700,-7.066200,0 107.966200,-7.066200,0 107.966100,-7.066400,0 107.966500,-7.066500,0 107.966500,-7.066800,0 107.967000,-7.066800,0 107.967200,-7.066400,0 107.967700,-7.066400,0 107.967700,-7.066200,0 107.967900,-7.066300,0 107.967900,-7.066500,0 107.968000,-7.066600,0 107.967900,-7.066900,0 107.968200,-7.066900,0 107.968300,-7.067100,0 107.968500,-7.067200,0 107.968500,-7.067500,0 107.968100,-7.068000,0 107.968100,-7.068500,0 107.968200,-7.068600,0 107.970300,-7.068600,0 107.970800,-7.068800,0 107.970800,-7.069000,0 107.971100,-7.069000,0 107.971200,-7.068800,0 107.972000,-7.068900,0 107.972000,-7.069000,0 107.972200,-7.069100,0 107.972200,-7.069400,0 107.972400,-7.069500,0 107.972400,-7.069700,0 107.972700,-7.069800,0 107.972900,-7.070000,0 107.973500,-7.070100,0 107.973500,-7.070400,0</coordinates></LineString></Placemark><Placemark><name>CTL.11.Ki.a1</name><styleUrl>#g2</styleUrl><description><![CDATA[<table><tr><td>Luas dilayani</td><td align='right'><b>23,6871</b> ha</td></tr><tr><td>Luas dilayani</td><td align='right'><b>236.871</b> m²</td></tr><tr><td>Jenis saluran</td><td align='right'><b>Tersier</b> </td></tr><tr><td>Panjang</td><td align='right'><b>0,32</b> km</td></tr><tr><td>Ruas di hulunya</td><td align='right'><b>CTL.11.Ki.a2</b> </td></tr><tr><td>Ruas di hilirnya</td><td align='right'><b>0</b> ruas</td></tr><tr><td>Layanan menempel ruas</td><td align='right'><b>23,7</b> ha</td></tr><tr><td>Tinggi rata-rata</td><td align='right'><b>578,0</b> m dpl</td></tr><tr><td>Rezim</td><td align='right'><b>FL</b> </td></tr><tr><td>Kebutuhan air lewat ruas</td><td align='right'><b>62.764</b> m³</td></tr><tr><td>Kebutuhan air lahan layanannya</td><td align='right'><b>265</b> mm</td></tr><tr><td>Debit di hulu ruas</td><td align='right'><b>5,77</b> l/detik</td></tr><tr><td>NFR</td><td align='right'><b>1,89</b> mm/hari</td></tr><tr><td>Water loss di hilirnya</td><td align='right'><b>320.603</b> m³</td></tr><tr><td>Water loss</td><td align='right'><b>1.353</b> mm</td></tr><tr><td>Air sampai dari bendung</td><td align='right'><b>31,2</b> jam</td></tr><tr><td>Respons hidraulik dari bendung</td><td align='right'><b>22,8</b> jam</td></tr><tr><td>Waktu tempuh ruas ini</td><td align='right'><b>0,44</b> jam</td></tr><tr><td>Kecepatan aliran</td><td align='right'><b>0,203</b> m/detik</td></tr><tr><td>Kedalaman air (rancangan)</td><td align='right'><b>0,11</b> m</td></tr></table>]]></description><LineString><tessellate>1</tessellate><coordinates>107.972900,-7.067200,0 107.974900,-7.065100,0</coordinates></LineString></Placemark><Placemark><name>CTL.11.Ki.a2</name><styleUrl>#g2</styleUrl><description><![CDATA[<table><tr><td>Luas dilayani</td><td align='right'><b>40,4655</b> ha</td></tr><tr><td>Luas dilayani</td><td align='right'><b>404.655</b> m²</td></tr><tr><td>Jenis saluran</td><td align='right'><b>Tersier</b> </td></tr><tr><td>Panjang</td><td align='right'><b>0,73</b> km</td></tr><tr><td>Ruas di hulunya</td><td align='right'><b>SS Citikey Kiri</b> </td></tr><tr><td>Ruas di hilirnya</td><td align='right'><b>1</b> ruas</td></tr><tr><td>Layanan menempel ruas</td><td align='right'><b>16,8</b> ha</td></tr><tr><td>Tinggi rata-rata</td><td align='right'><b>578,0</b> m dpl</td></tr><tr><td>Rezim</td><td align='right'><b>FL</b> </td></tr><tr><td>Kebutuhan air lewat ruas</td><td align='right'><b>107.222</b> m³</td></tr><tr><td>Kebutuhan air lahan layanannya</td><td align='right'><b>265</b> mm</td></tr><tr><td>Debit di hulu ruas</td><td align='right'><b>9,85</b> l/detik</td></tr><tr><td>NFR</td><td align='right'><b>1,89</b> mm/hari</td></tr><tr><td>Water loss di hilirnya</td><td align='right'><b>547.698</b> m³</td></tr><tr><td>Water loss</td><td align='right'><b>1.353</b> mm</td></tr><tr><td>Air sampai dari bendung</td><td align='right'><b>30,8</b> jam</td></tr><tr><td>Respons hidraulik dari bendung</td><td align='right'><b>22,5</b> jam</td></tr><tr><td>Waktu tempuh ruas ini</td><td align='right'><b>0,88</b> jam</td></tr><tr><td>Kecepatan aliran</td><td align='right'><b>0,232</b> m/detik</td></tr><tr><td>Kedalaman air (rancangan)</td><td align='right'><b>0,14</b> m</td></tr></table>]]></description><LineString><tessellate>1</tessellate><coordinates>107.972900,-7.067200,0 107.972900,-7.067500,0 107.972800,-7.067600,0 107.973000,-7.067800,0 107.973200,-7.068500,0 107.973600,-7.068800,0 107.973500,-7.069500,0 107.974400,-7.069800,0 107.974800,-7.070600,0 107.975200,-7.070900,0 107.975500,-7.070900,0 107.975500,-7.071200,0 107.975900,-7.071300,0 107.975900,-7.070700,0</coordinates></LineString></Placemark><Placemark><name>CTL.11M</name><styleUrl>#g2</styleUrl><description><![CDATA[<table><tr><td>Luas dilayani</td><td align='right'><b>18,7523</b> ha</td></tr><tr><td>Luas dilayani</td><td align='right'><b>187.523</b> m²</td></tr><tr><td>Jenis saluran</td><td align='right'><b>Tersier</b> </td></tr><tr><td>Panjang</td><td align='right'><b>0,82</b> km</td></tr><tr><td>Ruas di hulunya</td><td align='right'><b>SS Citikey Kiri</b> </td></tr><tr><td>Ruas di hilirnya</td><td align='right'><b>0</b> ruas</td></tr><tr><td>Layanan menempel ruas</td><td align='right'><b>18,8</b> ha</td></tr><tr><td>Tinggi rata-rata</td><td align='right'><b>578,0</b> m dpl</td></tr><tr><td>Rezim</td><td align='right'><b>FL</b> </td></tr><tr><td>Kebutuhan air lewat ruas</td><td align='right'><b>49.688</b> m³</td></tr><tr><td>Kebutuhan air lahan layanannya</td><td align='right'><b>265</b> mm</td></tr><tr><td>Debit di hulu ruas</td><td align='right'><b>4,56</b> l/detik</td></tr><tr><td>NFR</td><td align='right'><b>1,89</b> mm/hari</td></tr><tr><td>Water loss di hilirnya</td><td align='right'><b>253.811</b> m³</td></tr><tr><td>Water loss</td><td align='right'><b>1.353</b> mm</td></tr><tr><td>Air sampai dari bendung</td><td align='right'><b>31,1</b> jam</td></tr><tr><td>Respons hidraulik dari bendung</td><td align='right'><b>22,7</b> jam</td></tr><tr><td>Waktu tempuh ruas ini</td><td align='right'><b>1,19</b> jam</td></tr><tr><td>Kecepatan aliran</td><td align='right'><b>0,191</b> m/detik</td></tr><tr><td>Kedalaman air (rancangan)</td><td align='right'><b>0,10</b> m</td></tr></table>]]></description><LineString><tessellate>1</tessellate><coordinates>107.977100,-7.071900,0 107.976500,-7.072800,0 107.976100,-7.073200,0 107.975600,-7.073500,0 107.975800,-7.074200,0 107.976000,-7.074200,0 107.976700,-7.073900,0 107.976800,-7.074400,0 107.977000,-7.074500,0 107.977300,-7.074300,0 107.977300,-7.074200,0 107.977100,-7.074100,0 107.977400,-7.073900,0 107.977500,-7.074000,0 107.977700,-7.074600,0 107.977300,-7.075400,0</coordinates></LineString></Placemark><Placemark><name>CTL.9.Ki</name><styleUrl>#g2</styleUrl><description><![CDATA[<table><tr><td>Luas dilayani</td><td align='right'><b>13,2285</b> ha</td></tr><tr><td>Luas dilayani</td><td align='right'><b>132.285</b> m²</td></tr><tr><td>Jenis saluran</td><td align='right'><b>Tersier</b> </td></tr><tr><td>Panjang</td><td align='right'><b>0,91</b> km</td></tr><tr><td>Ruas di hulunya</td><td align='right'><b>SS Citikey Kiri</b> </td></tr><tr><td>Ruas di hilirnya</td><td align='right'><b>0</b> ruas</td></tr><tr><td>Layanan menempel ruas</td><td align='right'><b>13,2</b> ha</td></tr><tr><td>Tinggi rata-rata</td><td align='right'><b>578,0</b> m dpl</td></tr><tr><td>Rezim</td><td align='right'><b>FL</b> </td></tr><tr><td>Kebutuhan air lewat ruas</td><td align='right'><b>35.052</b> m³</td></tr><tr><td>Kebutuhan air lahan layanannya</td><td align='right'><b>265</b> mm</td></tr><tr><td>Debit di hulu ruas</td><td align='right'><b>3,22</b> l/detik</td></tr><tr><td>NFR</td><td align='right'><b>1,89</b> mm/hari</td></tr><tr><td>Water loss di hilirnya</td><td align='right'><b>179.048</b> m³</td></tr><tr><td>Water loss</td><td align='right'><b>1.353</b> mm</td></tr><tr><td>Air sampai dari bendung</td><td align='right'><b>31,3</b> jam</td></tr><tr><td>Respons hidraulik dari bendung</td><td align='right'><b>22,9</b> jam</td></tr><tr><td>Waktu tempuh ruas ini</td><td align='right'><b>1,44</b> jam</td></tr><tr><td>Kecepatan aliran</td><td align='right'><b>0,175</b> m/detik</td></tr><tr><td>Kedalaman air (rancangan)</td><td align='right'><b>0,09</b> m</td></tr></table>]]></description><LineString><tessellate>1</tessellate><coordinates>107.965700,-7.066100,0 107.965800,-7.066100,0 107.965800,-7.065600,0 107.968400,-7.062400,0 107.969400,-7.062500,0 107.969500,-7.061700,0 107.969400,-7.060800,0 107.968900,-7.060200,0</coordinates></LineString></Placemark><Placemark><name>PG.1.Ka</name><styleUrl>#g0</styleUrl><description><![CDATA[<table><tr><td>Luas dilayani</td><td align='right'><b>1,0452</b> ha</td></tr><tr><td>Luas dilayani</td><td align='right'><b>10.452</b> m²</td></tr><tr><td>Jenis saluran</td><td align='right'><b>Tersier</b> </td></tr><tr><td>Panjang</td><td align='right'><b>0,51</b> km</td></tr><tr><td>Ruas di hulunya</td><td align='right'><b>SS Parigi</b> </td></tr><tr><td>Ruas di hilirnya</td><td align='right'><b>0</b> ruas</td></tr><tr><td>Layanan menempel ruas</td><td align='right'><b>1,0</b> ha</td></tr><tr><td>Tinggi rata-rata</td><td align='right'><b>645,0</b> m dpl</td></tr><tr><td>Rezim</td><td align='right'><b>FL</b> </td></tr><tr><td>Kebutuhan air lewat ruas</td><td align='right'><b>2.410</b> m³</td></tr><tr><td>Kebutuhan air lahan layanannya</td><td align='right'><b>231</b> mm</td></tr><tr><td>Debit di hulu ruas</td><td align='right'><b>0,22</b> l/detik</td></tr><tr><td>NFR</td><td align='right'><b>1,65</b> mm/hari</td></tr><tr><td>Water loss di hilirnya</td><td align='right'><b>15.021</b> m³</td></tr><tr><td>Water loss</td><td align='right'><b>1.437</b> mm</td></tr><tr><td>Air sampai dari bendung</td><td align='right'><b>23,3</b> jam</td></tr><tr><td>Respons hidraulik dari bendung</td><td align='right'><b>17,0</b> jam</td></tr><tr><td>Waktu tempuh ruas ini</td><td align='right'><b>1,57</b> jam</td></tr><tr><td>Kecepatan aliran</td><td align='right'><b>0,090</b> m/detik</td></tr><tr><td>Kedalaman air (rancangan)</td><td align='right'><b>0,03</b> m</td></tr></table>]]></description><LineString><tessellate>1</tessellate><coordinates>107.957600,-7.160300,0 107.957300,-7.159300,0 107.956400,-7.159200,0 107.956300,-7.159300,0 107.955500,-7.159300,0 107.955200,-7.159200,0 107.954500,-7.158700,0 107.954900,-7.158600,0 107.954900,-7.158500,0</coordinates></LineString></Placemark><Placemark><name>PG.2.Ka</name><styleUrl>#g1</styleUrl><description><![CDATA[<table><tr><td>Luas dilayani</td><td align='right'><b>9,5276</b> ha</td></tr><tr><td>Luas dilayani</td><td align='right'><b>95.276</b> m²</td></tr><tr><td>Jenis saluran</td><td align='right'><b>Tersier</b> </td></tr><tr><td>Panjang</td><td align='right'><b>0,50</b> km</td></tr><tr><td>Ruas di hulunya</td><td align='right'><b>SS Parigi</b> </td></tr><tr><td>Ruas di hilirnya</td><td align='right'><b>0</b> ruas</td></tr><tr><td>Layanan menempel ruas</td><td align='right'><b>9,5</b> ha</td></tr><tr><td>Tinggi rata-rata</td><td align='right'><b>645,0</b> m dpl</td></tr><tr><td>Rezim</td><td align='right'><b>FL</b> </td></tr><tr><td>Kebutuhan air lewat ruas</td><td align='right'><b>21.966</b> m³</td></tr><tr><td>Kebutuhan air lahan layanannya</td><td align='right'><b>231</b> mm</td></tr><tr><td>Debit di hulu ruas</td><td align='right'><b>2,02</b> l/detik</td></tr><tr><td>NFR</td><td align='right'><b>1,65</b> mm/hari</td></tr><tr><td>Water loss di hilirnya</td><td align='right'><b>136.925</b> m³</td></tr><tr><td>Water loss</td><td align='right'><b>1.437</b> mm</td></tr><tr><td>Air sampai dari bendung</td><td align='right'><b>22,6</b> jam</td></tr><tr><td>Respons hidraulik dari bendung</td><td align='right'><b>16,5</b> jam</td></tr><tr><td>Waktu tempuh ruas ini</td><td align='right'><b>0,89</b> jam</td></tr><tr><td>Kecepatan aliran</td><td align='right'><b>0,156</b> m/detik</td></tr><tr><td>Kedalaman air (rancangan)</td><td align='right'><b>0,08</b> m</td></tr></table>]]></description><LineString><tessellate>1</tessellate><coordinates>107.957000,-7.157700,0 107.957000,-7.157600,0 107.956400,-7.157100,0 107.955600,-7.156500,0 107.955400,-7.156500,0 107.954900,-7.156100,0 107.954700,-7.155700,0 107.954900,-7.155300,0 107.954700,-7.154400,0</coordinates></LineString></Placemark><Placemark><name>PG.5.Ki</name><styleUrl>#g2</styleUrl><description><![CDATA[<table><tr><td>Luas dilayani</td><td align='right'><b>28,6973</b> ha</td></tr><tr><td>Luas dilayani</td><td align='right'><b>286.973</b> m²</td></tr><tr><td>Jenis saluran</td><td align='right'><b>Tersier</b> </td></tr><tr><td>Panjang</td><td align='right'><b>1,51</b> km</td></tr><tr><td>Ruas di hulunya</td><td align='right'><b>SS Cinanti</b> </td></tr><tr><td>Ruas di hilirnya</td><td align='right'><b>0</b> ruas</td></tr><tr><td>Layanan menempel ruas</td><td align='right'><b>60,0</b> ha</td></tr><tr><td>Tinggi rata-rata</td><td align='right'><b>639,0</b> m dpl</td></tr><tr><td>Rezim</td><td align='right'><b>FL</b> </td></tr><tr><td>Kebutuhan air lewat ruas</td><td align='right'><b>66.130</b> m³</td></tr><tr><td>Kebutuhan air lahan layanannya</td><td align='right'><b>230</b> mm</td></tr><tr><td>Debit di hulu ruas</td><td align='right'><b>6,07</b> l/detik</td></tr><tr><td>NFR</td><td align='right'><b>1,65</b> mm/hari</td></tr><tr><td>Water loss di hilirnya</td><td align='right'><b>412.480</b> m³</td></tr><tr><td>Water loss</td><td align='right'><b>1.437</b> mm</td></tr><tr><td>Air sampai dari bendung</td><td align='right'><b>20,3</b> jam</td></tr><tr><td>Respons hidraulik dari bendung</td><td align='right'><b>14,9</b> jam</td></tr><tr><td>Waktu tempuh ruas ini</td><td align='right'><b>2,05</b> jam</td></tr><tr><td>Kecepatan aliran</td><td align='right'><b>0,205</b> m/detik</td></tr><tr><td>Kedalaman air (rancangan)</td><td align='right'><b>0,12</b> m</td></tr></table>]]></description><MultiGeometry><LineString><tessellate>1</tessellate><coordinates>107.958400,-7.149000,0 107.958500,-7.149300,0 107.958800,-7.149300,0 107.958900,-7.149700,0 107.959100,-7.149700,0 107.959200,-7.149500,0 107.959100,-7.149000,0 107.959200,-7.148800,0 107.959500,-7.148700,0 107.959700,-7.149400,0 107.960300,-7.149200,0 107.960400,-7.148900,0 107.960600,-7.148800,0 107.960600,-7.148900,0</coordinates></LineString><LineString><tessellate>1</tessellate><coordinates>107.958400,-7.149000,0 107.957100,-7.148600,0 107.956100,-7.148600,0 107.955800,-7.148000,0 107.954800,-7.148100,0</coordinates></LineString><LineString><tessellate>1</tessellate><coordinates>107.958400,-7.149000,0 107.958400,-7.147000,0 107.958300,-7.146700,0 107.958100,-7.146600,0 107.957800,-7.146600,0 107.957700,-7.146700,0 107.957300,-7.146400,0 107.957100,-7.145800,0 107.956500,-7.145000,0</coordinates></LineString></MultiGeometry></Placemark><Placemark><name>PG.5.Ka</name><styleUrl>#g1</styleUrl><description><![CDATA[<table><tr><td>Luas dilayani</td><td align='right'><b>12,5002</b> ha</td></tr><tr><td>Luas dilayani</td><td align='right'><b>125.002</b> m²</td></tr><tr><td>Jenis saluran</td><td align='right'><b>Tersier</b> </td></tr><tr><td>Panjang</td><td align='right'><b>0,33</b> km</td></tr><tr><td>Ruas di hulunya</td><td align='right'><b>SS Parigi</b> </td></tr><tr><td>Ruas di hilirnya</td><td align='right'><b>0</b> ruas</td></tr><tr><td>Layanan menempel ruas</td><td align='right'><b>12,5</b> ha</td></tr><tr><td>Tinggi rata-rata</td><td align='right'><b>645,0</b> m dpl</td></tr><tr><td>Rezim</td><td align='right'><b>FL</b> </td></tr><tr><td>Kebutuhan air lewat ruas</td><td align='right'><b>28.819</b> m³</td></tr><tr><td>Kebutuhan air lahan layanannya</td><td align='right'><b>231</b> mm</td></tr><tr><td>Debit di hulu ruas</td><td align='right'><b>2,65</b> l/detik</td></tr><tr><td>NFR</td><td align='right'><b>1,65</b> mm/hari</td></tr><tr><td>Water loss di hilirnya</td><td align='right'><b>179.645</b> m³</td></tr><tr><td>Water loss</td><td align='right'><b>1.437</b> mm</td></tr><tr><td>Air sampai dari bendung</td><td align='right'><b>22,3</b> jam</td></tr><tr><td>Respons hidraulik dari bendung</td><td align='right'><b>16,3</b> jam</td></tr><tr><td>Waktu tempuh ruas ini</td><td align='right'><b>0,55</b> jam</td></tr><tr><td>Kecepatan aliran</td><td align='right'><b>0,167</b> m/detik</td></tr><tr><td>Kedalaman air (rancangan)</td><td align='right'><b>0,08</b> m</td></tr></table>]]></description><LineString><tessellate>1</tessellate><coordinates>107.960700,-7.148900,0 107.960800,-7.148900,0 107.961400,-7.148000,0 107.961600,-7.148000,0 107.961600,-7.147700,0 107.961900,-7.147700,0 107.961900,-7.147000,0 107.962000,-7.146700,0</coordinates></LineString></Placemark><Placemark><name>PG.6M</name><styleUrl>#g2</styleUrl><description><![CDATA[<table><tr><td>Luas dilayani</td><td align='right'><b>27,3437</b> ha</td></tr><tr><td>Luas dilayani</td><td align='right'><b>273.437</b> m²</td></tr><tr><td>Jenis saluran</td><td align='right'><b>Tersier</b> </td></tr><tr><td>Panjang</td><td align='right'><b>0,57</b> km</td></tr><tr><td>Ruas di hulunya</td><td align='right'><b>SS Parigi</b> </td></tr><tr><td>Ruas di hilirnya</td><td align='right'><b>0</b> ruas</td></tr><tr><td>Layanan menempel ruas</td><td align='right'><b>27,3</b> ha</td></tr><tr><td>Tinggi rata-rata</td><td align='right'><b>645,0</b> m dpl</td></tr><tr><td>Rezim</td><td align='right'><b>FL</b> </td></tr><tr><td>Kebutuhan air lewat ruas</td><td align='right'><b>63.040</b> m³</td></tr><tr><td>Kebutuhan air lahan layanannya</td><td align='right'><b>231</b> mm</td></tr><tr><td>Debit di hulu ruas</td><td align='right'><b>5,79</b> l/detik</td></tr><tr><td>NFR</td><td align='right'><b>1,65</b> mm/hari</td></tr><tr><td>Water loss di hilirnya</td><td align='right'><b>392.966</b> m³</td></tr><tr><td>Water loss</td><td align='right'><b>1.437</b> mm</td></tr><tr><td>Air sampai dari bendung</td><td align='right'><b>22,5</b> jam</td></tr><tr><td>Respons hidraulik dari bendung</td><td align='right'><b>16,5</b> jam</td></tr><tr><td>Waktu tempuh ruas ini</td><td align='right'><b>0,78</b> jam</td></tr><tr><td>Kecepatan aliran</td><td align='right'><b>0,203</b> m/detik</td></tr><tr><td>Kedalaman air (rancangan)</td><td align='right'><b>0,11</b> m</td></tr></table>]]></description><LineString><tessellate>1</tessellate><coordinates>107.962600,-7.144900,0 107.963100,-7.144900,0 107.963300,-7.144800,0 107.964900,-7.144900,0 107.966000,-7.144400,0 107.967200,-7.144200,0 107.967500,-7.144000,0</coordinates></LineString></Placemark><Placemark><name>BG.1B.Ka</name><styleUrl>#g2</styleUrl><description><![CDATA[<table><tr><td>Luas dilayani</td><td align='right'><b>20,6556</b> ha</td></tr><tr><td>Luas dilayani</td><td align='right'><b>206.556</b> m²</td></tr><tr><td>Jenis saluran</td><td align='right'><b>Tersier</b> </td></tr><tr><td>Panjang</td><td align='right'><b>0,45</b> km</td></tr><tr><td>Ruas di hulunya</td><td align='right'><b>SS Situ Bagendit</b> </td></tr><tr><td>Ruas di hilirnya</td><td align='right'><b>0</b> ruas</td></tr><tr><td>Layanan menempel ruas</td><td align='right'><b>20,7</b> ha</td></tr><tr><td>Tinggi rata-rata</td><td align='right'><b>678,0</b> m dpl</td></tr><tr><td>Rezim</td><td align='right'><b>FL</b> </td></tr><tr><td>Kebutuhan air lewat ruas</td><td align='right'><b>47.603</b> m³</td></tr><tr><td>Kebutuhan air lahan layanannya</td><td align='right'><b>230</b> mm</td></tr><tr><td>Debit di hulu ruas</td><td align='right'><b>4,37</b> l/detik</td></tr><tr><td>NFR</td><td align='right'><b>1,65</b> mm/hari</td></tr><tr><td>Water loss di hilirnya</td><td align='right'><b>296.668</b> m³</td></tr><tr><td>Water loss</td><td align='right'><b>1.436</b> mm</td></tr><tr><td>Air sampai dari bendung</td><td align='right'><b>28,1</b> jam</td></tr><tr><td>Respons hidraulik dari bendung</td><td align='right'><b>20,6</b> jam</td></tr><tr><td>Waktu tempuh ruas ini</td><td align='right'><b>0,66</b> jam</td></tr><tr><td>Kecepatan aliran</td><td align='right'><b>0,189</b> m/detik</td></tr><tr><td>Kedalaman air (rancangan)</td><td align='right'><b>0,10</b> m</td></tr></table>]]></description><LineString><tessellate>1</tessellate><coordinates>107.958400,-7.163300,0 107.958900,-7.163100,0 107.958900,-7.163000,0 107.959300,-7.162500,0 107.959700,-7.162400,0 107.960100,-7.162400,0 107.960100,-7.162600,0 107.960900,-7.162500,0 107.961400,-7.162300,0 107.961400,-7.162600,0 107.961500,-7.162600,0</coordinates></LineString></Placemark><Placemark><name>BG.2.Ka</name><styleUrl>#g1</styleUrl><description><![CDATA[<table><tr><td>Luas dilayani</td><td align='right'><b>10,8239</b> ha</td></tr><tr><td>Luas dilayani</td><td align='right'><b>108.239</b> m²</td></tr><tr><td>Jenis saluran</td><td align='right'><b>Tersier</b> </td></tr><tr><td>Panjang</td><td align='right'><b>0,84</b> km</td></tr><tr><td>Ruas di hulunya</td><td align='right'><b>SS Situ Bagendit</b> </td></tr><tr><td>Ruas di hilirnya</td><td align='right'><b>0</b> ruas</td></tr><tr><td>Layanan menempel ruas</td><td align='right'><b>10,8</b> ha</td></tr><tr><td>Tinggi rata-rata</td><td align='right'><b>678,0</b> m dpl</td></tr><tr><td>Rezim</td><td align='right'><b>FL</b> </td></tr><tr><td>Kebutuhan air lewat ruas</td><td align='right'><b>24.945</b> m³</td></tr><tr><td>Kebutuhan air lahan layanannya</td><td align='right'><b>230</b> mm</td></tr><tr><td>Debit di hulu ruas</td><td align='right'><b>2,29</b> l/detik</td></tr><tr><td>NFR</td><td align='right'><b>1,65</b> mm/hari</td></tr><tr><td>Water loss di hilirnya</td><td align='right'><b>155.459</b> m³</td></tr><tr><td>Water loss</td><td align='right'><b>1.436</b> mm</td></tr><tr><td>Air sampai dari bendung</td><td align='right'><b>28,9</b> jam</td></tr><tr><td>Respons hidraulik dari bendung</td><td align='right'><b>21,1</b> jam</td></tr><tr><td>Waktu tempuh ruas ini</td><td align='right'><b>1,45</b> jam</td></tr><tr><td>Kecepatan aliran</td><td align='right'><b>0,161</b> m/detik</td></tr><tr><td>Kedalaman air (rancangan)</td><td align='right'><b>0,08</b> m</td></tr></table>]]></description><LineString><tessellate>1</tessellate><coordinates>107.966400,-7.162200,0 107.966700,-7.161300,0 107.965000,-7.160700,0 107.965000,-7.160900,0 107.964400,-7.161000,0 107.964100,-7.160900,0 107.963900,-7.161100,0 107.963900,-7.161400,0 107.963600,-7.161600,0 107.963700,-7.161300,0 107.963400,-7.161200,0 107.963200,-7.161300,0 107.963200,-7.160700,0 107.963100,-7.160500,0 107.963300,-7.160400,0 107.963500,-7.160500,0 107.963600,-7.160300,0 107.963800,-7.160300,0 107.963900,-7.160200,0</coordinates></LineString></Placemark><Placemark><name>BG.3.Ka</name><styleUrl>#g0</styleUrl><description><![CDATA[<table><tr><td>Luas dilayani</td><td align='right'><b>0,0000</b> ha</td></tr><tr><td>Luas dilayani</td><td align='right'><b>0</b> m²</td></tr><tr><td>Jenis saluran</td><td align='right'><b>Tersier</b> </td></tr><tr><td>Panjang</td><td align='right'><b>0,38</b> km</td></tr><tr><td>Ruas di hulunya</td><td align='right'><b>SS Situ Bagendit</b> </td></tr><tr><td>Ruas di hilirnya</td><td align='right'><b>0</b> ruas</td></tr><tr><td>Layanan menempel ruas</td><td align='right'><b>0,0</b> ha</td></tr><tr><td>Tinggi rata-rata</td><td align='right'><b>678,0</b> m dpl</td></tr><tr><td>Rezim</td><td align='right'><b>FL</b> </td></tr><tr><td>Kebutuhan air lewat ruas</td><td align='right'><b>0</b> m³</td></tr><tr><td>Kebutuhan air lahan layanannya</td><td align='right'><b>230</b> mm</td></tr><tr><td>Debit di hulu ruas</td><td align='right'><b>0,00</b> l/detik</td></tr><tr><td>NFR</td><td align='right'><b>1,65</b> mm/hari</td></tr><tr><td>Water loss di hilirnya</td><td align='right'><b>0</b> m³</td></tr><tr><td>Water loss</td><td align='right'><b>1.436</b> mm</td></tr></table>]]></description><LineString><tessellate>1</tessellate><coordinates>107.967100,-7.160400,0 107.966900,-7.160200,0 107.965000,-7.159400,0 107.964900,-7.159100,0 107.964700,-7.158900,0 107.964400,-7.158800,0 107.964300,-7.158800,0 107.964300,-7.158900,0</coordinates></LineString></Placemark><Placemark><name>BG.3M</name><styleUrl>#g2</styleUrl><description><![CDATA[<table><tr><td>Luas dilayani</td><td align='right'><b>45,3269</b> ha</td></tr><tr><td>Luas dilayani</td><td align='right'><b>453.269</b> m²</td></tr><tr><td>Jenis saluran</td><td align='right'><b>Tersier</b> </td></tr><tr><td>Panjang</td><td align='right'><b>0,57</b> km</td></tr><tr><td>Ruas di hulunya</td><td align='right'><b>SS Situ Bagendit</b> </td></tr><tr><td>Ruas di hilirnya</td><td align='right'><b>0</b> ruas</td></tr><tr><td>Layanan menempel ruas</td><td align='right'><b>45,3</b> ha</td></tr><tr><td>Tinggi rata-rata</td><td align='right'><b>678,0</b> m dpl</td></tr><tr><td>Rezim</td><td align='right'><b>FL</b> </td></tr><tr><td>Kebutuhan air lewat ruas</td><td align='right'><b>104.460</b> m³</td></tr><tr><td>Kebutuhan air lahan layanannya</td><td align='right'><b>230</b> mm</td></tr><tr><td>Debit di hulu ruas</td><td align='right'><b>9,60</b> l/detik</td></tr><tr><td>NFR</td><td align='right'><b>1,65</b> mm/hari</td></tr><tr><td>Water loss di hilirnya</td><td align='right'><b>651.012</b> m³</td></tr><tr><td>Water loss</td><td align='right'><b>1.436</b> mm</td></tr><tr><td>Air sampai dari bendung</td><td align='right'><b>28,1</b> jam</td></tr><tr><td>Respons hidraulik dari bendung</td><td align='right'><b>20,6</b> jam</td></tr><tr><td>Waktu tempuh ruas ini</td><td align='right'><b>0,69</b> jam</td></tr><tr><td>Kecepatan aliran</td><td align='right'><b>0,230</b> m/detik</td></tr><tr><td>Kedalaman air (rancangan)</td><td align='right'><b>0,14</b> m</td></tr></table>]]></description><LineString><tessellate>1</tessellate><coordinates>107.972200,-7.153000,0 107.972100,-7.152900,0 107.971700,-7.152900,0 107.971400,-7.152800,0 107.971500,-7.152500,0 107.971300,-7.151500,0 107.970300,-7.151900,0 107.968800,-7.150900,0 107.968700,-7.150900,0</coordinates></LineString></Placemark><Placemark><name>RU.2.Ki</name><styleUrl>#g1</styleUrl><description><![CDATA[<table><tr><td>Luas dilayani</td><td align='right'><b>8,3228</b> ha</td></tr><tr><td>Luas dilayani</td><td align='right'><b>83.228</b> m²</td></tr><tr><td>Jenis saluran</td><td align='right'><b>Tersier</b> </td></tr><tr><td>Panjang</td><td align='right'><b>0,49</b> km</td></tr><tr><td>Ruas di hulunya</td><td align='right'><b>SS Ranca Ucing</b> </td></tr><tr><td>Ruas di hilirnya</td><td align='right'><b>0</b> ruas</td></tr><tr><td>Layanan menempel ruas</td><td align='right'><b>8,3</b> ha</td></tr><tr><td>Tinggi rata-rata</td><td align='right'><b>673,0</b> m dpl</td></tr><tr><td>Rezim</td><td align='right'><b>FL</b> </td></tr><tr><td>Kebutuhan air lewat ruas</td><td align='right'><b>19.181</b> m³</td></tr><tr><td>Kebutuhan air lahan layanannya</td><td align='right'><b>230</b> mm</td></tr><tr><td>Debit di hulu ruas</td><td align='right'><b>1,76</b> l/detik</td></tr><tr><td>NFR</td><td align='right'><b>1,65</b> mm/hari</td></tr><tr><td>Water loss di hilirnya</td><td align='right'><b>119.565</b> m³</td></tr><tr><td>Water loss</td><td align='right'><b>1.437</b> mm</td></tr><tr><td>Air sampai dari bendung</td><td align='right'><b>24,9</b> jam</td></tr><tr><td>Respons hidraulik dari bendung</td><td align='right'><b>18,2</b> jam</td></tr><tr><td>Waktu tempuh ruas ini</td><td align='right'><b>0,90</b> jam</td></tr><tr><td>Kecepatan aliran</td><td align='right'><b>0,151</b> m/detik</td></tr><tr><td>Kedalaman air (rancangan)</td><td align='right'><b>0,07</b> m</td></tr></table>]]></description><LineString><tessellate>1</tessellate><coordinates>107.961700,-7.156000,0 107.961800,-7.155900,0 107.961600,-7.154100,0 107.962000,-7.154100,0 107.962700,-7.153100,0 107.963300,-7.152700,0 107.963200,-7.152700,0</coordinates></LineString></Placemark><Placemark><name>RU.4M.b</name><styleUrl>#g2</styleUrl><description><![CDATA[<table><tr><td>Luas dilayani</td><td align='right'><b>27,5804</b> ha</td></tr><tr><td>Luas dilayani</td><td align='right'><b>275.804</b> m²</td></tr><tr><td>Jenis saluran</td><td align='right'><b>Tersier</b> </td></tr><tr><td>Panjang</td><td align='right'><b>0,61</b> km</td></tr><tr><td>Ruas di hulunya</td><td align='right'><b>SS Ranca Ucing</b> </td></tr><tr><td>Ruas di hilirnya</td><td align='right'><b>0</b> ruas</td></tr><tr><td>Layanan menempel ruas</td><td align='right'><b>27,6</b> ha</td></tr><tr><td>Tinggi rata-rata</td><td align='right'><b>673,0</b> m dpl</td></tr><tr><td>Rezim</td><td align='right'><b>FL</b> </td></tr><tr><td>Kebutuhan air lewat ruas</td><td align='right'><b>63.561</b> m³</td></tr><tr><td>Kebutuhan air lahan layanannya</td><td align='right'><b>230</b> mm</td></tr><tr><td>Debit di hulu ruas</td><td align='right'><b>5,84</b> l/detik</td></tr><tr><td>NFR</td><td align='right'><b>1,65</b> mm/hari</td></tr><tr><td>Water loss di hilirnya</td><td align='right'><b>396.216</b> m³</td></tr><tr><td>Water loss</td><td align='right'><b>1.437</b> mm</td></tr><tr><td>Air sampai dari bendung</td><td align='right'><b>24,8</b> jam</td></tr><tr><td>Respons hidraulik dari bendung</td><td align='right'><b>18,1</b> jam</td></tr><tr><td>Waktu tempuh ruas ini</td><td align='right'><b>0,84</b> jam</td></tr><tr><td>Kecepatan aliran</td><td align='right'><b>0,203</b> m/detik</td></tr><tr><td>Kedalaman air (rancangan)</td><td align='right'><b>0,11</b> m</td></tr></table>]]></description><LineString><tessellate>1</tessellate><coordinates>107.966100,-7.148900,0 107.968400,-7.148700,0 107.968700,-7.148400,0 107.968900,-7.148400,0 107.969300,-7.148600,0 107.969300,-7.147900,0 107.969100,-7.147500,0 107.969000,-7.146700,0 107.968900,-7.146500,0</coordinates></LineString></Placemark><Placemark><name>RU.4M.a</name><styleUrl>#g1</styleUrl><description><![CDATA[<table><tr><td>Luas dilayani</td><td align='right'><b>13,7690</b> ha</td></tr><tr><td>Luas dilayani</td><td align='right'><b>137.690</b> m²</td></tr><tr><td>Jenis saluran</td><td align='right'><b>Tersier</b> </td></tr><tr><td>Panjang</td><td align='right'><b>0,37</b> km</td></tr><tr><td>Ruas di hulunya</td><td align='right'><b>SS Ranca Ucing</b> </td></tr><tr><td>Ruas di hilirnya</td><td align='right'><b>0</b> ruas</td></tr><tr><td>Layanan menempel ruas</td><td align='right'><b>13,8</b> ha</td></tr><tr><td>Tinggi rata-rata</td><td align='right'><b>673,0</b> m dpl</td></tr><tr><td>Rezim</td><td align='right'><b>FL</b> </td></tr><tr><td>Kebutuhan air lewat ruas</td><td align='right'><b>31.732</b> m³</td></tr><tr><td>Kebutuhan air lahan layanannya</td><td align='right'><b>230</b> mm</td></tr><tr><td>Debit di hulu ruas</td><td align='right'><b>2,91</b> l/detik</td></tr><tr><td>NFR</td><td align='right'><b>1,65</b> mm/hari</td></tr><tr><td>Water loss di hilirnya</td><td align='right'><b>197.803</b> m³</td></tr><tr><td>Water loss</td><td align='right'><b>1.437</b> mm</td></tr><tr><td>Air sampai dari bendung</td><td align='right'><b>24,6</b> jam</td></tr><tr><td>Respons hidraulik dari bendung</td><td align='right'><b>18,0</b> jam</td></tr><tr><td>Waktu tempuh ruas ini</td><td align='right'><b>0,60</b> jam</td></tr><tr><td>Kecepatan aliran</td><td align='right'><b>0,171</b> m/detik</td></tr><tr><td>Kedalaman air (rancangan)</td><td align='right'><b>0,09</b> m</td></tr></table>]]></description><LineString><tessellate>1</tessellate><coordinates>107.966000,-7.148900,0 107.965300,-7.148800,0 107.965200,-7.148700,0 107.965000,-7.148900,0 107.964900,-7.148900,0 107.965000,-7.146800,0</coordinates></LineString></Placemark><Placemark><name>CN.3.Ki</name><styleUrl>#g2</styleUrl><description><![CDATA[<table><tr><td>Luas dilayani</td><td align='right'><b>73,9140</b> ha</td></tr><tr><td>Luas dilayani</td><td align='right'><b>739.140</b> m²</td></tr><tr><td>Jenis saluran</td><td align='right'><b>Tersier</b> </td></tr><tr><td>Panjang</td><td align='right'><b>2,14</b> km</td></tr><tr><td>Ruas di hulunya</td><td align='right'><b>SS Cinanti</b> </td></tr><tr><td>Ruas di hilirnya</td><td align='right'><b>2</b> ruas</td></tr><tr><td>Layanan menempel ruas</td><td align='right'><b>81,7</b> ha</td></tr><tr><td>Tinggi rata-rata</td><td align='right'><b>639,0</b> m dpl</td></tr><tr><td>Rezim</td><td align='right'><b>FL</b> </td></tr><tr><td>Kebutuhan air lewat ruas</td><td align='right'><b>170.328</b> m³</td></tr><tr><td>Kebutuhan air lahan layanannya</td><td align='right'><b>230</b> mm</td></tr><tr><td>Debit di hulu ruas</td><td align='right'><b>15,65</b> l/detik</td></tr><tr><td>NFR</td><td align='right'><b>1,65</b> mm/hari</td></tr><tr><td>Water loss di hilirnya</td><td align='right'><b>1.062.400</b> m³</td></tr><tr><td>Water loss</td><td align='right'><b>1.437</b> mm</td></tr><tr><td>Air sampai dari bendung</td><td align='right'><b>20,6</b> jam</td></tr><tr><td>Respons hidraulik dari bendung</td><td align='right'><b>15,0</b> jam</td></tr><tr><td>Waktu tempuh ruas ini</td><td align='right'><b>2,28</b> jam</td></tr><tr><td>Kecepatan aliran</td><td align='right'><b>0,260</b> m/detik</td></tr><tr><td>Kedalaman air (rancangan)</td><td align='right'><b>0,17</b> m</td></tr></table>]]></description><MultiGeometry><LineString><tessellate>1</tessellate><coordinates>107.938400,-7.146900,0 107.938500,-7.147000,0 107.938400,-7.147500,0 107.938800,-7.147600,0 107.938800,-7.147700,0 107.942100,-7.146900,0 107.943000,-7.147400,0 107.944600,-7.147600,0 107.945500,-7.148000,0 107.945100,-7.146600,0 107.945300,-7.145700,0 107.945900,-7.145300,0</coordinates></LineString><LineString><tessellate>1</tessellate><coordinates>107.945900,-7.145300,0 107.944700,-7.144800,0 107.943800,-7.144700,0 107.943400,-7.143700,0 107.942200,-7.144100,0 107.940400,-7.144200,0 107.939900,-7.144000,0</coordinates></LineString><LineString><tessellate>1</tessellate><coordinates>107.946200,-7.145200,0 107.945900,-7.145300,0</coordinates></LineString><LineString><tessellate>1</tessellate><coordinates>107.946000,-7.144500,0 107.946000,-7.145100,0 107.945900,-7.145300,0</coordinates></LineString></MultiGeometry></Placemark><Placemark><name>CN.4.Ki</name><styleUrl>#g2</styleUrl><description><![CDATA[<table><tr><td>Luas dilayani</td><td align='right'><b>14,8888</b> ha</td></tr><tr><td>Luas dilayani</td><td align='right'><b>148.888</b> m²</td></tr><tr><td>Jenis saluran</td><td align='right'><b>Tersier</b> </td></tr><tr><td>Panjang</td><td align='right'><b>0,13</b> km</td></tr><tr><td>Ruas di hulunya</td><td align='right'><b>SS Cinanti</b> </td></tr><tr><td>Ruas di hilirnya</td><td align='right'><b>0</b> ruas</td></tr><tr><td>Layanan menempel ruas</td><td align='right'><b>14,9</b> ha</td></tr><tr><td>Tinggi rata-rata</td><td align='right'><b>639,0</b> m dpl</td></tr><tr><td>Rezim</td><td align='right'><b>FL</b> </td></tr><tr><td>Kebutuhan air lewat ruas</td><td align='right'><b>34.310</b> m³</td></tr><tr><td>Kebutuhan air lahan layanannya</td><td align='right'><b>230</b> mm</td></tr><tr><td>Debit di hulu ruas</td><td align='right'><b>3,15</b> l/detik</td></tr><tr><td>NFR</td><td align='right'><b>1,65</b> mm/hari</td></tr><tr><td>Water loss di hilirnya</td><td align='right'><b>214.003</b> m³</td></tr><tr><td>Water loss</td><td align='right'><b>1.437</b> mm</td></tr><tr><td>Air sampai dari bendung</td><td align='right'><b>18,5</b> jam</td></tr><tr><td>Respons hidraulik dari bendung</td><td align='right'><b>13,5</b> jam</td></tr><tr><td>Waktu tempuh ruas ini</td><td align='right'><b>0,21</b> jam</td></tr><tr><td>Kecepatan aliran</td><td align='right'><b>0,174</b> m/detik</td></tr><tr><td>Kedalaman air (rancangan)</td><td align='right'><b>0,09</b> m</td></tr></table>]]></description><LineString><tessellate>1</tessellate><coordinates>107.945700,-7.139800,0 107.945300,-7.139400,0 107.945000,-7.139000,0 107.945000,-7.138900,0</coordinates></LineString></Placemark><Placemark><name>CN.6.Ki</name><styleUrl>#g2</styleUrl><description><![CDATA[<table><tr><td>Luas dilayani</td><td align='right'><b>30,1712</b> ha</td></tr><tr><td>Luas dilayani</td><td align='right'><b>301.712</b> m²</td></tr><tr><td>Jenis saluran</td><td align='right'><b>Tersier</b> </td></tr><tr><td>Panjang</td><td align='right'><b>0,60</b> km</td></tr><tr><td>Ruas di hulunya</td><td align='right'><b>SS Cinanti</b> </td></tr><tr><td>Ruas di hilirnya</td><td align='right'><b>0</b> ruas</td></tr><tr><td>Layanan menempel ruas</td><td align='right'><b>30,2</b> ha</td></tr><tr><td>Tinggi rata-rata</td><td align='right'><b>639,0</b> m dpl</td></tr><tr><td>Rezim</td><td align='right'><b>FL</b> </td></tr><tr><td>Kebutuhan air lewat ruas</td><td align='right'><b>69.527</b> m³</td></tr><tr><td>Kebutuhan air lahan layanannya</td><td align='right'><b>230</b> mm</td></tr><tr><td>Debit di hulu ruas</td><td align='right'><b>6,39</b> l/detik</td></tr><tr><td>NFR</td><td align='right'><b>1,65</b> mm/hari</td></tr><tr><td>Water loss di hilirnya</td><td align='right'><b>433.665</b> m³</td></tr><tr><td>Water loss</td><td align='right'><b>1.437</b> mm</td></tr><tr><td>Air sampai dari bendung</td><td align='right'><b>19,1</b> jam</td></tr><tr><td>Respons hidraulik dari bendung</td><td align='right'><b>13,9</b> jam</td></tr><tr><td>Waktu tempuh ruas ini</td><td align='right'><b>0,80</b> jam</td></tr><tr><td>Kecepatan aliran</td><td align='right'><b>0,208</b> m/detik</td></tr><tr><td>Kedalaman air (rancangan)</td><td align='right'><b>0,12</b> m</td></tr></table>]]></description><LineString><tessellate>1</tessellate><coordinates>107.945300,-7.135800,0 107.946100,-7.135400,0 107.946700,-7.134800,0 107.946900,-7.134300,0 107.946200,-7.134300,0 107.945400,-7.134000,0 107.945100,-7.132900,0 107.944900,-7.132500,0</coordinates></LineString></Placemark><Placemark><name>CN.6M</name><styleUrl>#g4</styleUrl><description><![CDATA[<table><tr><td>Luas dilayani</td><td align='right'><b>608,6236</b> ha</td></tr><tr><td>Luas dilayani</td><td align='right'><b>6.086.236</b> m²</td></tr><tr><td>Jenis saluran</td><td align='right'><b>Tersier</b> </td></tr><tr><td>Panjang</td><td align='right'><b>0,77</b> km</td></tr><tr><td>Ruas di hulunya</td><td align='right'><b>SS Cikukuk</b> </td></tr><tr><td>Ruas di hilirnya</td><td align='right'><b>31</b> ruas</td></tr><tr><td>Layanan menempel ruas</td><td align='right'><b>29,1</b> ha</td></tr><tr><td>Tinggi rata-rata</td><td align='right'><b>637,0</b> m dpl</td></tr><tr><td>Rezim</td><td align='right'><b>FL</b> </td></tr><tr><td>Kebutuhan air lewat ruas</td><td align='right'><b>1.400.601</b> m³</td></tr><tr><td>Kebutuhan air lahan layanannya</td><td align='right'><b>223</b> mm</td></tr><tr><td>Debit di hulu ruas</td><td align='right'><b>128,66</b> l/detik</td></tr><tr><td>NFR</td><td align='right'><b>1,59</b> mm/hari</td></tr><tr><td>Water loss di hilirnya</td><td align='right'><b>8.747.739</b> m³</td></tr><tr><td>Water loss</td><td align='right'><b>1.443</b> mm</td></tr><tr><td>Air sampai dari bendung</td><td align='right'><b>13,9</b> jam</td></tr><tr><td>Respons hidraulik dari bendung</td><td align='right'><b>10,2</b> jam</td></tr><tr><td>Waktu tempuh ruas ini</td><td align='right'><b>0,48</b> jam</td></tr><tr><td>Kecepatan aliran</td><td align='right'><b>0,440</b> m/detik</td></tr><tr><td>Kedalaman air (rancangan)</td><td align='right'><b>0,36</b> m</td></tr></table>]]></description><LineString><tessellate>1</tessellate><coordinates>107.942700,-7.128700,0 107.942800,-7.128700,0 107.942900,-7.128200,0 107.942700,-7.127900,0 107.942700,-7.126200,0 107.942500,-7.125600,0 107.942700,-7.125200,0 107.943200,-7.125000,0 107.943300,-7.124700,0 107.943400,-7.124700,0 107.943300,-7.124100,0 107.943100,-7.124100,0 107.943100,-7.123100,0 107.943200,-7.122700,0</coordinates></LineString></Placemark><Placemark><name>SB.4.Ki</name><styleUrl>#g2</styleUrl><description><![CDATA[<table><tr><td>Luas dilayani</td><td align='right'><b>34,3048</b> ha</td></tr><tr><td>Luas dilayani</td><td align='right'><b>343.048</b> m²</td></tr><tr><td>Jenis saluran</td><td align='right'><b>Tersier</b> </td></tr><tr><td>Panjang</td><td align='right'><b>0,41</b> km</td></tr><tr><td>Ruas di hulunya</td><td align='right'><b>SS Sawah Bera</b> </td></tr><tr><td>Ruas di hilirnya</td><td align='right'><b>0</b> ruas</td></tr><tr><td>Layanan menempel ruas</td><td align='right'><b>34,3</b> ha</td></tr><tr><td>Tinggi rata-rata</td><td align='right'><b>645,0</b> m dpl</td></tr><tr><td>Rezim</td><td align='right'><b>FL</b> </td></tr><tr><td>Kebutuhan air lewat ruas</td><td align='right'><b>79.088</b> m³</td></tr><tr><td>Kebutuhan air lahan layanannya</td><td align='right'><b>231</b> mm</td></tr><tr><td>Debit di hulu ruas</td><td align='right'><b>7,26</b> l/detik</td></tr><tr><td>NFR</td><td align='right'><b>1,65</b> mm/hari</td></tr><tr><td>Water loss di hilirnya</td><td align='right'><b>493.007</b> m³</td></tr><tr><td>Water loss</td><td align='right'><b>1.437</b> mm</td></tr><tr><td>Air sampai dari bendung</td><td align='right'><b>27,4</b> jam</td></tr><tr><td>Respons hidraulik dari bendung</td><td align='right'><b>20,1</b> jam</td></tr><tr><td>Waktu tempuh ruas ini</td><td align='right'><b>0,53</b> jam</td></tr><tr><td>Kecepatan aliran</td><td align='right'><b>0,215</b> m/detik</td></tr><tr><td>Kedalaman air (rancangan)</td><td align='right'><b>0,12</b> m</td></tr></table>]]></description><LineString><tessellate>1</tessellate><coordinates>107.961700,-7.120200,0 107.961400,-7.120200,0 107.961100,-7.120000,0 107.960700,-7.119900,0 107.960100,-7.119600,0 107.960200,-7.119100,0 107.960100,-7.119000,0 107.959800,-7.119100,0 107.959700,-7.118100,0</coordinates></LineString></Placemark><Placemark><name>Saluran Cikananga</name><styleUrl>#g2</styleUrl><description><![CDATA[<table><tr><td>Luas dilayani</td><td align='right'><b>48,8985</b> ha</td></tr><tr><td>Luas dilayani</td><td align='right'><b>488.985</b> m²</td></tr><tr><td>Jenis saluran</td><td align='right'><b>Tersier</b> </td></tr><tr><td>Panjang</td><td align='right'><b>3,81</b> km</td></tr><tr><td>Ruas di hulunya</td><td align='right'><b>SS Parigi</b> </td></tr><tr><td>Ruas di hilirnya</td><td align='right'><b>0</b> ruas</td></tr><tr><td>Layanan menempel ruas</td><td align='right'><b>48,9</b> ha</td></tr><tr><td>Tinggi rata-rata</td><td align='right'><b>645,0</b> m dpl</td></tr><tr><td>Rezim</td><td align='right'><b>FL</b> </td></tr><tr><td>Kebutuhan air lewat ruas</td><td align='right'><b>112.733</b> m³</td></tr><tr><td>Kebutuhan air lahan layanannya</td><td align='right'><b>231</b> mm</td></tr><tr><td>Debit di hulu ruas</td><td align='right'><b>10,36</b> l/detik</td></tr><tr><td>NFR</td><td align='right'><b>1,65</b> mm/hari</td></tr><tr><td>Water loss di hilirnya</td><td align='right'><b>702.739</b> m³</td></tr><tr><td>Water loss</td><td align='right'><b>1.437</b> mm</td></tr><tr><td>Air sampai dari bendung</td><td align='right'><b>26,2</b> jam</td></tr><tr><td>Respons hidraulik dari bendung</td><td align='right'><b>19,2</b> jam</td></tr><tr><td>Waktu tempuh ruas ini</td><td align='right'><b>4,52</b> jam</td></tr><tr><td>Kecepatan aliran</td><td align='right'><b>0,234</b> m/detik</td></tr><tr><td>Kedalaman air (rancangan)</td><td align='right'><b>0,14</b> m</td></tr></table>]]></description><LineString><tessellate>1</tessellate><coordinates>107.960000,-7.140100,0 107.959300,-7.139900,0 107.959200,-7.139800,0 107.959000,-7.139900,0 107.958300,-7.139900,0 107.957600,-7.140300,0 107.957500,-7.140300,0 107.957500,-7.140100,0 107.957200,-7.140100,0 107.957200,-7.139600,0 107.956700,-7.137700,0 107.956700,-7.136500,0 107.956500,-7.136200,0 107.956200,-7.136100,0 107.956100,-7.135800,0 107.956300,-7.135700,0 107.957000,-7.135800,0 107.957400,-7.136200,0 107.958200,-7.136200,0 107.958200,-7.136000,0 107.957900,-7.135100,0 107.957300,-7.134800,0 107.956100,-7.134400,0 107.955700,-7.133300,0 107.955400,-7.133300,0 107.955500,-7.132600,0 107.955900,-7.132200,0 107.956600,-7.132100,0 107.957900,-7.132400,0 107.957700,-7.130500,0 107.957500,-7.129700,0 107.957200,-7.129000,0 107.956700,-7.128700,0 107.955800,-7.128900,0 107.955600,-7.129100,0 107.955600,-7.129500,0 107.955900,-7.130200,0 107.955000,-7.130600,0 107.954500,-7.131200,0 107.953900,-7.131000,0 107.953900,-7.130200,0 107.954600,-7.129700,0 107.954200,-7.128800,0 107.954100,-7.127600,0 107.953300,-7.126700,0 107.953000,-7.126500,0 107.950900,-7.126900,0</coordinates></LineString></Placemark><Placemark><name>CTL.10.Ki</name><styleUrl>#g2</styleUrl><description><![CDATA[<table><tr><td>Luas dilayani</td><td align='right'><b>24,2268</b> ha</td></tr><tr><td>Luas dilayani</td><td align='right'><b>242.268</b> m²</td></tr><tr><td>Jenis saluran</td><td align='right'><b>Tersier</b> </td></tr><tr><td>Panjang</td><td align='right'><b>0,56</b> km</td></tr><tr><td>Ruas di hulunya</td><td align='right'><b>SS Citikey Kiri</b> </td></tr><tr><td>Ruas di hilirnya</td><td align='right'><b>0</b> ruas</td></tr><tr><td>Layanan menempel ruas</td><td align='right'><b>24,2</b> ha</td></tr><tr><td>Tinggi rata-rata</td><td align='right'><b>578,0</b> m dpl</td></tr><tr><td>Rezim</td><td align='right'><b>FL</b> </td></tr><tr><td>Kebutuhan air lewat ruas</td><td align='right'><b>64.194</b> m³</td></tr><tr><td>Kebutuhan air lahan layanannya</td><td align='right'><b>265</b> mm</td></tr><tr><td>Debit di hulu ruas</td><td align='right'><b>5,90</b> l/detik</td></tr><tr><td>NFR</td><td align='right'><b>1,89</b> mm/hari</td></tr><tr><td>Water loss di hilirnya</td><td align='right'><b>327.908</b> m³</td></tr><tr><td>Water loss</td><td align='right'><b>1.353</b> mm</td></tr><tr><td>Air sampai dari bendung</td><td align='right'><b>30,6</b> jam</td></tr><tr><td>Respons hidraulik dari bendung</td><td align='right'><b>22,4</b> jam</td></tr><tr><td>Waktu tempuh ruas ini</td><td align='right'><b>0,77</b> jam</td></tr><tr><td>Kecepatan aliran</td><td align='right'><b>0,204</b> m/detik</td></tr><tr><td>Kedalaman air (rancangan)</td><td align='right'><b>0,11</b> m</td></tr></table>]]></description><LineString><tessellate>1</tessellate><coordinates>107.968600,-7.065600,0 107.971900,-7.061700,0</coordinates></LineString></Placemark><Placemark><name>SI Copong</name><styleUrl>#g5</styleUrl><description><![CDATA[<table><tr><td>Luas dilayani</td><td align='right'><b>4.243,7913</b> ha</td></tr><tr><td>Luas dilayani</td><td align='right'><b>42.437.913</b> m²</td></tr><tr><td>Jenis saluran</td><td align='right'><b>Primer</b> </td></tr><tr><td>Panjang</td><td align='right'><b>4,16</b> km</td></tr><tr><td>Ruas di hilirnya</td><td align='right'><b>808</b> ruas</td></tr><tr><td>Layanan menempel ruas</td><td align='right'><b>0,0</b> ha</td></tr><tr><td>Tinggi rata-rata</td><td align='right'><b>688,0</b> m dpl</td></tr><tr><td>Rezim</td><td align='right'><b>FL</b> </td></tr><tr><td>Kebutuhan air lewat ruas</td><td align='right'><b>9.973.465</b> m³</td></tr><tr><td>Kebutuhan air lahan layanannya</td><td align='right'><b>230</b> mm</td></tr><tr><td>Debit di hulu ruas</td><td align='right'><b>1.272,42</b> l/detik</td></tr><tr><td>NFR</td><td align='right'><b>1,65</b> mm/hari</td></tr><tr><td>Water loss di hilirnya</td><td align='right'><b>62.045.725</b> m³</td></tr><tr><td>Water loss</td><td align='right'><b>1.436</b> mm</td></tr><tr><td>Air sampai dari bendung</td><td align='right'><b>2,7</b> jam</td></tr><tr><td>Respons hidraulik dari bendung</td><td align='right'><b>1,9</b> jam</td></tr><tr><td>Waktu tempuh ruas ini</td><td align='right'><b>2,68</b> jam</td></tr><tr><td>Kecepatan aliran</td><td align='right'><b>0,431</b> m/detik</td></tr><tr><td>Kedalaman air (rancangan)</td><td align='right'><b>0,86</b> m</td></tr></table>]]></description><LineString><tessellate>1</tessellate><coordinates>107.911600,-7.188800,0 107.911700,-7.186900,0 107.911800,-7.186300,0 107.911500,-7.185100,0 107.911500,-7.184800,0 107.911700,-7.184400,0 107.912700,-7.184000,0 107.913800,-7.184100,0 107.914700,-7.184100,0 107.915200,-7.184000,0 107.916500,-7.184400,0 107.917900,-7.184600,0 107.918800,-7.184100,0 107.919200,-7.184000,0 107.921000,-7.184000,0 107.921600,-7.183700,0 107.921900,-7.183300,0 107.921900,-7.182400,0 107.922100,-7.179800,0 107.922400,-7.178700,0 107.922500,-7.178600,0 107.923300,-7.178600,0 107.923700,-7.178700,0 107.923700,-7.179300,0 107.924700,-7.179300,0 107.924800,-7.179200,0 107.924800,-7.178400,0 107.925000,-7.177800,0 107.925000,-7.175400,0 107.925100,-7.174300,0 107.927900,-7.171400,0 107.928400,-7.170000,0 107.929700,-7.169400,0 107.929800,-7.169200,0 107.930000,-7.169100,0 107.931500,-7.167500,0</coordinates></LineString></Placemark><Placemark><name>SI Copong Kiri</name><styleUrl>#g4</styleUrl><description><![CDATA[<table><tr><td>Luas dilayani</td><td align='right'><b>1.404,8244</b> ha</td></tr><tr><td>Luas dilayani</td><td align='right'><b>14.048.244</b> m²</td></tr><tr><td>Jenis saluran</td><td align='right'><b>Primer</b> </td></tr><tr><td>Panjang</td><td align='right'><b>1,91</b> km</td></tr><tr><td>Ruas di hulunya</td><td align='right'><b>SI Copong</b> </td></tr><tr><td>Ruas di hilirnya</td><td align='right'><b>94</b> ruas</td></tr><tr><td>Layanan menempel ruas</td><td align='right'><b>0,0</b> ha</td></tr><tr><td>Tinggi rata-rata</td><td align='right'><b>674,0</b> m dpl</td></tr><tr><td>Rezim</td><td align='right'><b>FL</b> </td></tr><tr><td>Kebutuhan air lewat ruas</td><td align='right'><b>3.387.314</b> m³</td></tr><tr><td>Kebutuhan air lahan layanannya</td><td align='right'><b>230</b> mm</td></tr><tr><td>Debit di hulu ruas</td><td align='right'><b>432,15</b> l/detik</td></tr><tr><td>NFR</td><td align='right'><b>1,65</b> mm/hari</td></tr><tr><td>Water loss di hilirnya</td><td align='right'><b>19.808.787</b> m³</td></tr><tr><td>Water loss</td><td align='right'><b>1.436</b> mm</td></tr><tr><td>Air sampai dari bendung</td><td align='right'><b>4,3</b> jam</td></tr><tr><td>Respons hidraulik dari bendung</td><td align='right'><b>3,1</b> jam</td></tr><tr><td>Waktu tempuh ruas ini</td><td align='right'><b>1,61</b> jam</td></tr><tr><td>Kecepatan aliran</td><td align='right'><b>0,329</b> m/detik</td></tr><tr><td>Kedalaman air (rancangan)</td><td align='right'><b>0,57</b> m</td></tr></table>]]></description><LineString><tessellate>1</tessellate><coordinates>107.931500,-7.167500,0 107.931300,-7.165900,0 107.931800,-7.165400,0 107.931700,-7.164500,0 107.931900,-7.164300,0 107.932500,-7.163200,0 107.932700,-7.162200,0 107.932700,-7.161600,0 107.933800,-7.160700,0 107.934600,-7.159700,0 107.935000,-7.158900,0 107.935200,-7.158300,0 107.935200,-7.158000,0 107.935300,-7.157900,0 107.935300,-7.157700,0 107.935400,-7.157600,0 107.935400,-7.157400,0 107.935600,-7.157000,0 107.935400,-7.156600,0 107.934200,-7.156200,0 107.934000,-7.156200,0 107.933300,-7.155800,0 107.932200,-7.155000,0 107.931800,-7.154300,0 107.931800,-7.154100,0</coordinates></LineString></Placemark><Placemark><name>SS Cikukuk</name><styleUrl>#g4</styleUrl><description><![CDATA[<table><tr><td>Luas dilayani</td><td align='right'><b>702,3825</b> ha</td></tr><tr><td>Luas dilayani</td><td align='right'><b>7.023.825</b> m²</td></tr><tr><td>Jenis saluran</td><td align='right'><b>Sekunder</b> </td></tr><tr><td>Panjang</td><td align='right'><b>2,34</b> km</td></tr><tr><td>Ruas di hulunya</td><td align='right'><b>SS Ciduga</b> </td></tr><tr><td>Ruas di hilirnya</td><td align='right'><b>34</b> ruas</td></tr><tr><td>Layanan menempel ruas</td><td align='right'><b>0,0</b> ha</td></tr><tr><td>Tinggi rata-rata</td><td align='right'><b>637,0</b> m dpl</td></tr><tr><td>Rezim</td><td align='right'><b>FL</b> </td></tr><tr><td>Kebutuhan air lewat ruas</td><td align='right'><b>1.609.615</b> m³</td></tr><tr><td>Kebutuhan air lahan layanannya</td><td align='right'><b>223</b> mm</td></tr><tr><td>Debit di hulu ruas</td><td align='right'><b>164,28</b> l/detik</td></tr><tr><td>NFR</td><td align='right'><b>1,59</b> mm/hari</td></tr><tr><td>Water loss di hilirnya</td><td align='right'><b>10.100.813</b> m³</td></tr><tr><td>Water loss</td><td align='right'><b>1.443</b> mm</td></tr><tr><td>Air sampai dari bendung</td><td align='right'><b>13,4</b> jam</td></tr><tr><td>Respons hidraulik dari bendung</td><td align='right'><b>9,8</b> jam</td></tr><tr><td>Waktu tempuh ruas ini</td><td align='right'><b>2,04</b> jam</td></tr><tr><td>Kecepatan aliran</td><td align='right'><b>0,319</b> m/detik</td></tr><tr><td>Kedalaman air (rancangan)</td><td align='right'><b>0,38</b> m</td></tr></table>]]></description><LineString><tessellate>1</tessellate><coordinates>107.931700,-7.126500,0 107.931900,-7.126400,0 107.931900,-7.126200,0 107.932100,-7.126000,0 107.932100,-7.125900,0 107.932200,-7.125900,0 107.932200,-7.125800,0 107.932400,-7.125800,0 107.932500,-7.125700,0 107.932500,-7.125500,0 107.932800,-7.125200,0 107.932800,-7.125100,0 107.933400,-7.125000,0 107.933500,-7.124900,0 107.933400,-7.124700,0 107.933800,-7.124500,0 107.933800,-7.124400,0 107.934200,-7.124400,0 107.934200,-7.124500,0 107.934400,-7.124400,0 107.934600,-7.124100,0 107.934600,-7.123900,0 107.935300,-7.123400,0 107.935400,-7.123200,0 107.935300,-7.123100,0 107.935300,-7.122800,0 107.935100,-7.122600,0 107.935200,-7.122200,0 107.935100,-7.122000,0 107.935200,-7.121800,0 107.935400,-7.121800,0 107.935600,-7.122000,0 107.936000,-7.122200,0 107.936300,-7.122200,0 107.937200,-7.122800,0 107.937400,-7.122700,0 107.937600,-7.122700,0 107.937700,-7.122800,0 107.938500,-7.122800,0 107.938700,-7.122700,0 107.938700,-7.122800,0 107.938900,-7.122800,0 107.939000,-7.123000,0 107.939100,-7.123000,0 107.939100,-7.123100,0 107.939600,-7.123500,0 107.939600,-7.123600,0 107.939300,-7.123800,0 107.939200,-7.124000,0 107.939100,-7.124000,0 107.939100,-7.124200,0 107.938900,-7.124400,0 107.938400,-7.124800,0 107.938200,-7.124800,0 107.938200,-7.125000,0 107.938100,-7.125000,0 107.938200,-7.125100,0 107.938800,-7.125300,0 107.939100,-7.125600,0 107.939200,-7.125000,0 107.939300,-7.124900,0 107.939400,-7.125000,0 107.939600,-7.125000,0 107.940000,-7.125200,0 107.940000,-7.125100,0 107.940100,-7.125100,0 107.940200,-7.125200,0 107.940600,-7.125300,0 107.940800,-7.125400,0 107.940800,-7.125600,0 107.940900,-7.125700,0 107.942400,-7.125700,0</coordinates></LineString></Placemark><Placemark><name>C.1.Ki</name><styleUrl>#g2</styleUrl><description><![CDATA[<table><tr><td>Luas dilayani</td><td align='right'><b>70,6276</b> ha</td></tr><tr><td>Luas dilayani</td><td align='right'><b>706.276</b> m²</td></tr><tr><td>Jenis saluran</td><td align='right'><b>Tersier</b> </td></tr><tr><td>Panjang</td><td align='right'><b>0,49</b> km</td></tr><tr><td>Ruas di hulunya</td><td align='right'><b>SS Cikukuk</b> </td></tr><tr><td>Ruas di hilirnya</td><td align='right'><b>0</b> ruas</td></tr><tr><td>Layanan menempel ruas</td><td align='right'><b>70,6</b> ha</td></tr><tr><td>Tinggi rata-rata</td><td align='right'><b>637,0</b> m dpl</td></tr><tr><td>Rezim</td><td align='right'><b>FL</b> </td></tr><tr><td>Kebutuhan air lewat ruas</td><td align='right'><b>157.448</b> m³</td></tr><tr><td>Kebutuhan air lahan layanannya</td><td align='right'><b>223</b> mm</td></tr><tr><td>Debit di hulu ruas</td><td align='right'><b>14,46</b> l/detik</td></tr><tr><td>NFR</td><td align='right'><b>1,59</b> mm/hari</td></tr><tr><td>Water loss di hilirnya</td><td align='right'><b>1.019.257</b> m³</td></tr><tr><td>Water loss</td><td align='right'><b>1.443</b> mm</td></tr><tr><td>Air sampai dari bendung</td><td align='right'><b>14,0</b> jam</td></tr><tr><td>Respons hidraulik dari bendung</td><td align='right'><b>10,2</b> jam</td></tr><tr><td>Waktu tempuh ruas ini</td><td align='right'><b>0,53</b> jam</td></tr><tr><td>Kecepatan aliran</td><td align='right'><b>0,255</b> m/detik</td></tr><tr><td>Kedalaman air (rancangan)</td><td align='right'><b>0,16</b> m</td></tr></table>]]></description><LineString><tessellate>1</tessellate><coordinates>107.935200,-7.121800,0 107.935300,-7.121500,0 107.935400,-7.121500,0 107.936100,-7.121900,0 107.936800,-7.122000,0 107.937600,-7.122300,0 107.937800,-7.122600,0 107.938300,-7.122700,0 107.939000,-7.122500,0</coordinates></LineString></Placemark><Placemark><name>Suplesi Cibuyutan Selatan</name><styleUrl>#g1</styleUrl><description><![CDATA[<table><tr><td>Luas dilayani</td><td align='right'><b>9,9713</b> ha</td></tr><tr><td>Luas dilayani</td><td align='right'><b>99.713</b> m²</td></tr><tr><td>Jenis saluran</td><td align='right'><b>Suplesi</b> </td></tr><tr><td>Panjang</td><td align='right'><b>5,23</b> km</td></tr><tr><td>Ruas di hulunya</td><td align='right'><b>SI Copong Kiri</b> </td></tr><tr><td>Ruas di hilirnya</td><td align='right'><b>1</b> ruas</td></tr><tr><td>Layanan menempel ruas</td><td align='right'><b>0,0</b> ha</td></tr><tr><td>Tinggi rata-rata</td><td align='right'><b>648,0</b> m dpl</td></tr><tr><td>Rezim</td><td align='right'><b>FL</b> </td></tr><tr><td>Kebutuhan air lewat ruas</td><td align='right'><b>22.974</b> m³</td></tr><tr><td>Kebutuhan air lahan layanannya</td><td align='right'><b>230</b> mm</td></tr><tr><td>Debit di hulu ruas</td><td align='right'><b>2,93</b> l/detik</td></tr><tr><td>NFR</td><td align='right'><b>1,65</b> mm/hari</td></tr><tr><td>Water loss di hilirnya</td><td align='right'><b>143.300</b> m³</td></tr><tr><td>Water loss</td><td align='right'><b>1.437</b> mm</td></tr><tr><td>Air sampai dari bendung</td><td align='right'><b>19,7</b> jam</td></tr><tr><td>Respons hidraulik dari bendung</td><td align='right'><b>14,2</b> jam</td></tr><tr><td>Waktu tempuh ruas ini</td><td align='right'><b>15,37</b> jam</td></tr><tr><td>Kecepatan aliran</td><td align='right'><b>0,094</b> m/detik</td></tr><tr><td>Kedalaman air (rancangan)</td><td align='right'><b>0,09</b> m</td></tr></table>]]></description><MultiGeometry><LineString><tessellate>1</tessellate><coordinates>107.924300,-7.155000,0 107.924600,-7.155000,0 107.925300,-7.155200,0 107.925900,-7.155200,0 107.926100,-7.155000,0 107.926400,-7.154900,0 107.927400,-7.154700,0 107.927800,-7.154700,0 107.929200,-7.154800,0 107.930000,-7.155200,0 107.930100,-7.155100,0 107.930500,-7.155000,0 107.930900,-7.154600,0 107.931100,-7.154500,0 107.931400,-7.154500,0</coordinates></LineString><LineString><tessellate>1</tessellate><coordinates>107.931400,-7.154500,0 107.931500,-7.154500,0 107.931500,-7.154400,0 107.931900,-7.154300,0 107.932000,-7.154100,0 107.932000,-7.153300,0 107.931400,-7.152800,0 107.930900,-7.152500,0 107.930800,-7.152200,0 107.930800,-7.151600,0 107.930500,-7.151000,0 107.930300,-7.150900,0 107.930300,-7.150700,0 107.929800,-7.149800,0</coordinates></LineString><LineString><tessellate>1</tessellate><coordinates>107.931400,-7.154500,0 107.931400,-7.154400,0 107.931700,-7.154300,0 107.931900,-7.154100,0 107.931900,-7.153700,0 107.931500,-7.153100,0 107.930600,-7.152300,0 107.930500,-7.151500,0 107.930200,-7.150900,0 107.930000,-7.150700,0 107.930000,-7.150500,0 107.929700,-7.150000,0 107.929700,-7.149800,0 107.929500,-7.149400,0 107.929500,-7.149100,0 107.929200,-7.148800,0 107.928900,-7.148700,0 107.928900,-7.148600,0 107.928600,-7.148600,0 107.928300,-7.148200,0 107.928100,-7.148200,0 107.928000,-7.148300,0 107.927700,-7.148000,0 107.927500,-7.147500,0 107.927200,-7.147100,0 107.927000,-7.147000,0 107.926900,-7.146400,0 107.927300,-7.146100,0 107.927300,-7.145800,0 107.927100,-7.145600,0 107.927200,-7.145400,0 107.927000,-7.145200,0 107.927000,-7.145000,0 107.926800,-7.144900,0 107.926700,-7.144200,0 107.926500,-7.144000,0 107.926500,-7.143900,0 107.926600,-7.143900,0 107.926700,-7.143100,0 107.927100,-7.143100,0 107.927600,-7.142600,0 107.927700,-7.142300,0 107.928000,-7.142000,0 107.928100,-7.140800,0 107.927900,-7.140400,0 107.928000,-7.139800,0 107.927800,-7.139500,0 107.928000,-7.138500,0 107.928700,-7.138400,0 107.928900,-7.138200,0 107.929200,-7.138100,0 107.929200,-7.137900,0 107.929400,-7.137400,0 107.929400,-7.137100,0 107.929600,-7.137000,0 107.929800,-7.136600,0 107.930000,-7.136600,0 107.930000,-7.136500,0 107.930200,-7.136400,0 107.930500,-7.136000,0 107.930800,-7.135800,0 107.931500,-7.135100,0 107.931500,-7.134900,0 107.931900,-7.134200,0 107.931800,-7.133800,0 107.932100,-7.133200,0 107.932600,-7.132600,0 107.932500,-7.132400,0 107.931800,-7.131900,0 107.931600,-7.131300,0 107.931600,-7.131000,0 107.931800,-7.130800,0 107.931900,-7.130500,0 107.931700,-7.129000,0 107.931500,-7.128900,0 107.931500,-7.128800,0</coordinates></LineString></MultiGeometry></Placemark><Placemark><name>SS Ciduga</name><styleUrl>#g4</styleUrl><description><![CDATA[<table><tr><td>Luas dilayani</td><td align='right'><b>1.348,3191</b> ha</td></tr><tr><td>Luas dilayani</td><td align='right'><b>13.483.191</b> m²</td></tr><tr><td>Jenis saluran</td><td align='right'><b>Sekunder</b> </td></tr><tr><td>Panjang</td><td align='right'><b>9,73</b> km</td></tr><tr><td>Ruas di hulunya</td><td align='right'><b>SI Copong Kiri</b> </td></tr><tr><td>Ruas di hilirnya</td><td align='right'><b>87</b> ruas</td></tr><tr><td>Layanan menempel ruas</td><td align='right'><b>0,0</b> ha</td></tr><tr><td>Tinggi rata-rata</td><td align='right'><b>634,0</b> m dpl</td></tr><tr><td>Rezim</td><td align='right'><b>FL</b> </td></tr><tr><td>Kebutuhan air lewat ruas</td><td align='right'><b>3.257.085</b> m³</td></tr><tr><td>Kebutuhan air lahan layanannya</td><td align='right'><b>230</b> mm</td></tr><tr><td>Debit di hulu ruas</td><td align='right'><b>332,43</b> l/detik</td></tr><tr><td>NFR</td><td align='right'><b>1,65</b> mm/hari</td></tr><tr><td>Water loss di hilirnya</td><td align='right'><b>18.997.082</b> m³</td></tr><tr><td>Water loss</td><td align='right'><b>1.438</b> mm</td></tr><tr><td>Air sampai dari bendung</td><td align='right'><b>11,4</b> jam</td></tr><tr><td>Respons hidraulik dari bendung</td><td align='right'><b>8,3</b> jam</td></tr><tr><td>Waktu tempuh ruas ini</td><td align='right'><b>7,09</b> jam</td></tr><tr><td>Kecepatan aliran</td><td align='right'><b>0,381</b> m/detik</td></tr><tr><td>Kedalaman air (rancangan)</td><td align='right'><b>0,50</b> m</td></tr></table>]]></description><LineString><tessellate>1</tessellate><coordinates>107.931800,-7.154100,0 107.931900,-7.153800,0 107.931600,-7.153200,0 107.930600,-7.152500,0 107.930400,-7.151300,0 107.929700,-7.150200,0 107.929300,-7.149000,0 107.929000,-7.148700,0 107.928400,-7.148500,0 107.927600,-7.147500,0 107.927400,-7.147100,0 107.927400,-7.147000,0 107.927800,-7.146600,0 107.928300,-7.146600,0 107.928300,-7.146300,0 107.928100,-7.146200,0 107.928100,-7.146100,0 107.927800,-7.145800,0 107.927600,-7.145300,0 107.927600,-7.145000,0 107.927800,-7.144500,0 107.927900,-7.142900,0 107.928500,-7.142000,0 107.928700,-7.141900,0 107.928700,-7.141800,0 107.929000,-7.141500,0 107.929400,-7.141500,0 107.929800,-7.141100,0 107.929800,-7.141000,0 107.930000,-7.140800,0 107.930100,-7.140800,0 107.930100,-7.140700,0 107.930500,-7.140300,0 107.930600,-7.140300,0 107.930500,-7.140200,0 107.930500,-7.140000,0 107.930300,-7.139700,0 107.930200,-7.139300,0 107.930300,-7.138500,0 107.930400,-7.138300,0 107.930400,-7.137800,0 107.930500,-7.137600,0 107.931800,-7.136200,0 107.931700,-7.136100,0 107.931700,-7.135600,0 107.931800,-7.135200,0 107.932400,-7.134800,0 107.933100,-7.135100,0 107.933100,-7.135000,0 107.933200,-7.135000,0 107.933400,-7.134800,0 107.934200,-7.133800,0 107.934400,-7.133700,0 107.934600,-7.133300,0 107.934600,-7.132700,0 107.934800,-7.132300,0 107.935000,-7.132300,0 107.935200,-7.132100,0 107.935400,-7.131700,0 107.935400,-7.130900,0 107.935300,-7.130500,0 107.935100,-7.129900,0 107.934700,-7.129100,0 107.934500,-7.129000,0 107.933500,-7.129000,0 107.932900,-7.128900,0 107.932800,-7.128800,0 107.931500,-7.128800,0 107.931400,-7.128700,0 107.931500,-7.128500,0 107.931500,-7.126700,0 107.932100,-7.125500,0 107.932200,-7.124800,0 107.933300,-7.124400,0 107.933500,-7.124200,0 107.933600,-7.123700,0 107.933900,-7.123200,0 107.933900,-7.122700,0 107.933800,-7.122500,0 107.932800,-7.121800,0 107.932500,-7.121800,0 107.931800,-7.121600,0 107.931600,-7.121700,0 107.930900,-7.121400,0 107.930700,-7.121200,0 107.930300,-7.121000,0 107.930400,-7.120700,0 107.931000,-7.120700,0 107.931100,-7.120800,0 107.931400,-7.120600,0 107.931400,-7.120400,0 107.931300,-7.120200,0 107.931200,-7.120200,0 107.931200,-7.119900,0 107.931600,-7.119800,0 107.931700,-7.119700,0 107.931600,-7.119600,0 107.931600,-7.119400,0 107.931500,-7.119400,0 107.931500,-7.119300,0 107.931300,-7.119200,0 107.931300,-7.118800,0 107.931500,-7.118800,0 107.931900,-7.119000,0 107.932400,-7.119400,0 107.932800,-7.119500,0 107.933400,-7.119300,0 107.933700,-7.119400,0 107.933800,-7.119200,0 107.934200,-7.119200,0 107.934400,-7.119600,0 107.934700,-7.119500,0 107.935500,-7.119600,0 107.935500,-7.119000,0 107.935600,-7.119000,0 107.935600,-7.118900,0 107.936500,-7.119100,0 107.936900,-7.118900,0 107.936800,-7.118300,0 107.937000,-7.118100,0 107.937800,-7.117900,0 107.938100,-7.117600,0 107.939200,-7.117500,0 107.939500,-7.117100,0 107.939500,-7.117200,0 107.940100,-7.117300,0 107.940300,-7.117100,0 107.941200,-7.116600,0 107.941500,-7.116600,0 107.941600,-7.116700,0 107.941600,-7.117100,0 107.941700,-7.117400,0 107.942000,-7.117400,0 107.942400,-7.116800,0 107.942400,-7.116400,0 107.942500,-7.116200,0 107.943200,-7.115600,0 107.943200,-7.115400,0 107.943500,-7.115300,0 107.943700,-7.114900,0 107.943700,-7.114700,0 107.943900,-7.114600,0 107.944000,-7.114300,0 107.944300,-7.114100,0 107.944700,-7.114000,0 107.944900,-7.113800,0 107.945000,-7.113500,0 107.945300,-7.113100,0 107.945300,-7.112900,0 107.945400,-7.112900,0 107.945400,-7.112500,0 107.945200,-7.112100,0 107.945200,-7.111900,0 107.945900,-7.111900,0 107.946000,-7.111000,0 107.946400,-7.110800,0 107.946400,-7.110500,0 107.946800,-7.110600,0 107.946900,-7.110800,0 107.947300,-7.111100,0 107.947400,-7.111100,0 107.947400,-7.111000,0 107.947700,-7.110800,0 107.947800,-7.110600,0 107.947900,-7.110600,0 107.948000,-7.110900,0 107.947900,-7.111900,0 107.948200,-7.112300,0 107.948400,-7.112200,0 107.948600,-7.112200,0 107.948700,-7.112300,0 107.949100,-7.112300,0 107.949200,-7.112200,0 107.949300,-7.112300,0 107.949600,-7.112300,0 107.949600,-7.112400,0 107.949700,-7.112400,0 107.949800,-7.112600,0 107.950100,-7.112600,0 107.950200,-7.112500,0 107.950600,-7.112600,0 107.950600,-7.112500,0 107.950700,-7.112500,0 107.950800,-7.112300,0 107.950800,-7.112000,0 107.950900,-7.111800,0 107.951400,-7.111400,0 107.951600,-7.111500,0 107.951700,-7.111900,0 107.951800,-7.112000,0 107.952100,-7.111700,0 107.952600,-7.110900,0 107.952700,-7.110400,0 107.952800,-7.110400,0 107.953000,-7.110200,0 107.953200,-7.109900,0</coordinates></LineString></Placemark><Placemark><name>CD.1.Ki</name><styleUrl>#g2</styleUrl><description><![CDATA[<table><tr><td>Luas dilayani</td><td align='right'><b>25,1228</b> ha</td></tr><tr><td>Luas dilayani</td><td align='right'><b>251.228</b> m²</td></tr><tr><td>Jenis saluran</td><td align='right'><b>Tersier</b> </td></tr><tr><td>Panjang</td><td align='right'><b>0,82</b> km</td></tr><tr><td>Ruas di hulunya</td><td align='right'><b>SI Copong Kiri</b> </td></tr><tr><td>Ruas di hilirnya</td><td align='right'><b>0</b> ruas</td></tr><tr><td>Layanan menempel ruas</td><td align='right'><b>25,1</b> ha</td></tr><tr><td>Tinggi rata-rata</td><td align='right'><b>674,0</b> m dpl</td></tr><tr><td>Rezim</td><td align='right'><b>FL</b> </td></tr><tr><td>Kebutuhan air lewat ruas</td><td align='right'><b>57.904</b> m³</td></tr><tr><td>Kebutuhan air lahan layanannya</td><td align='right'><b>230</b> mm</td></tr><tr><td>Debit di hulu ruas</td><td align='right'><b>5,32</b> l/detik</td></tr><tr><td>NFR</td><td align='right'><b>1,65</b> mm/hari</td></tr><tr><td>Water loss di hilirnya</td><td align='right'><b>360.858</b> m³</td></tr><tr><td>Water loss</td><td align='right'><b>1.436</b> mm</td></tr><tr><td>Air sampai dari bendung</td><td align='right'><b>5,4</b> jam</td></tr><tr><td>Respons hidraulik dari bendung</td><td align='right'><b>4,0</b> jam</td></tr><tr><td>Waktu tempuh ruas ini</td><td align='right'><b>1,15</b> jam</td></tr><tr><td>Kecepatan aliran</td><td align='right'><b>0,198</b> m/detik</td></tr><tr><td>Kedalaman air (rancangan)</td><td align='right'><b>0,11</b> m</td></tr></table>]]></description><LineString><tessellate>1</tessellate><coordinates>107.931800,-7.154100,0 107.931700,-7.154100,0 107.931800,-7.153700,0 107.931700,-7.153500,0 107.931600,-7.153500,0 107.931400,-7.153100,0 107.930600,-7.152600,0 107.930500,-7.152400,0 107.930300,-7.151300,0 107.929600,-7.150200,0 107.929600,-7.150000,0 107.929300,-7.149300,0 107.929000,-7.149000,0 107.928700,-7.149000,0 107.928500,-7.148900,0 107.928200,-7.148700,0 107.928100,-7.148500,0</coordinates></LineString></Placemark><Placemark><name>CD.2.Ka.1</name><styleUrl>#g2</styleUrl><description><![CDATA[<table><tr><td>Luas dilayani</td><td align='right'><b>26,8649</b> ha</td></tr><tr><td>Luas dilayani</td><td align='right'><b>268.649</b> m²</td></tr><tr><td>Jenis saluran</td><td align='right'><b>Tersier</b> </td></tr><tr><td>Panjang</td><td align='right'><b>0,34</b> km</td></tr><tr><td>Ruas di hulunya</td><td align='right'><b>SS Ciduga</b> </td></tr><tr><td>Ruas di hilirnya</td><td align='right'><b>1</b> ruas</td></tr><tr><td>Layanan menempel ruas</td><td align='right'><b>12,6</b> ha</td></tr><tr><td>Tinggi rata-rata</td><td align='right'><b>634,0</b> m dpl</td></tr><tr><td>Rezim</td><td align='right'><b>FL</b> </td></tr><tr><td>Kebutuhan air lewat ruas</td><td align='right'><b>61.907</b> m³</td></tr><tr><td>Kebutuhan air lahan layanannya</td><td align='right'><b>230</b> mm</td></tr><tr><td>Debit di hulu ruas</td><td align='right'><b>5,69</b> l/detik</td></tr><tr><td>NFR</td><td align='right'><b>1,65</b> mm/hari</td></tr><tr><td>Water loss di hilirnya</td><td align='right'><b>386.201</b> m³</td></tr><tr><td>Water loss</td><td align='right'><b>1.438</b> mm</td></tr><tr><td>Air sampai dari bendung</td><td align='right'><b>11,9</b> jam</td></tr><tr><td>Respons hidraulik dari bendung</td><td align='right'><b>8,7</b> jam</td></tr><tr><td>Waktu tempuh ruas ini</td><td align='right'><b>0,47</b> jam</td></tr><tr><td>Kecepatan aliran</td><td align='right'><b>0,202</b> m/detik</td></tr><tr><td>Kedalaman air (rancangan)</td><td align='right'><b>0,11</b> m</td></tr></table>]]></description><LineString><tessellate>1</tessellate><coordinates>107.928300,-7.146500,0 107.928400,-7.146600,0 107.928600,-7.146600,0 107.928600,-7.146700,0 107.929100,-7.146700,0 107.929100,-7.146800,0 107.929400,-7.146800,0 107.929500,-7.146900,0 107.930400,-7.146900,0 107.930400,-7.146800,0 107.930800,-7.146800,0 107.930800,-7.147000,0</coordinates></LineString></Placemark><Placemark><name>CD.2.Ka.2</name><styleUrl>#g2</styleUrl><description><![CDATA[<table><tr><td>Luas dilayani</td><td align='right'><b>14,2467</b> ha</td></tr><tr><td>Luas dilayani</td><td align='right'><b>142.467</b> m²</td></tr><tr><td>Jenis saluran</td><td align='right'><b>Tersier</b> </td></tr><tr><td>Panjang</td><td align='right'><b>0,34</b> km</td></tr><tr><td>Ruas di hulunya</td><td align='right'><b>CD.2.Ka.1</b> </td></tr><tr><td>Ruas di hilirnya</td><td align='right'><b>0</b> ruas</td></tr><tr><td>Layanan menempel ruas</td><td align='right'><b>14,2</b> ha</td></tr><tr><td>Tinggi rata-rata</td><td align='right'><b>634,0</b> m dpl</td></tr><tr><td>Rezim</td><td align='right'><b>FL</b> </td></tr><tr><td>Kebutuhan air lewat ruas</td><td align='right'><b>32.830</b> m³</td></tr><tr><td>Kebutuhan air lahan layanannya</td><td align='right'><b>230</b> mm</td></tr><tr><td>Debit di hulu ruas</td><td align='right'><b>3,02</b> l/detik</td></tr><tr><td>NFR</td><td align='right'><b>1,65</b> mm/hari</td></tr><tr><td>Water loss di hilirnya</td><td align='right'><b>204.806</b> m³</td></tr><tr><td>Water loss</td><td align='right'><b>1.438</b> mm</td></tr><tr><td>Air sampai dari bendung</td><td align='right'><b>12,4</b> jam</td></tr><tr><td>Respons hidraulik dari bendung</td><td align='right'><b>9,1</b> jam</td></tr><tr><td>Waktu tempuh ruas ini</td><td align='right'><b>0,55</b> jam</td></tr><tr><td>Kecepatan aliran</td><td align='right'><b>0,172</b> m/detik</td></tr><tr><td>Kedalaman air (rancangan)</td><td align='right'><b>0,09</b> m</td></tr></table>]]></description><LineString><tessellate>1</tessellate><coordinates>107.929300,-7.146800,0 107.929300,-7.146600,0 107.929400,-7.146600,0 107.929400,-7.146100,0 107.929000,-7.145600,0 107.929000,-7.144800,0 107.929800,-7.144800,0</coordinates></LineString></Placemark><Placemark><name>CD.3.Ki</name><styleUrl>#g2</styleUrl><description><![CDATA[<table><tr><td>Luas dilayani</td><td align='right'><b>42,7402</b> ha</td></tr><tr><td>Luas dilayani</td><td align='right'><b>427.402</b> m²</td></tr><tr><td>Jenis saluran</td><td align='right'><b>Tersier</b> </td></tr><tr><td>Panjang</td><td align='right'><b>0,36</b> km</td></tr><tr><td>Ruas di hulunya</td><td align='right'><b>SS Ciduga</b> </td></tr><tr><td>Ruas di hilirnya</td><td align='right'><b>0</b> ruas</td></tr><tr><td>Layanan menempel ruas</td><td align='right'><b>42,7</b> ha</td></tr><tr><td>Tinggi rata-rata</td><td align='right'><b>634,0</b> m dpl</td></tr><tr><td>Rezim</td><td align='right'><b>FL</b> </td></tr><tr><td>Kebutuhan air lewat ruas</td><td align='right'><b>98.489</b> m³</td></tr><tr><td>Kebutuhan air lahan layanannya</td><td align='right'><b>230</b> mm</td></tr><tr><td>Debit di hulu ruas</td><td align='right'><b>9,05</b> l/detik</td></tr><tr><td>NFR</td><td align='right'><b>1,65</b> mm/hari</td></tr><tr><td>Water loss di hilirnya</td><td align='right'><b>614.418</b> m³</td></tr><tr><td>Water loss</td><td align='right'><b>1.438</b> mm</td></tr><tr><td>Air sampai dari bendung</td><td align='right'><b>11,8</b> jam</td></tr><tr><td>Respons hidraulik dari bendung</td><td align='right'><b>8,6</b> jam</td></tr><tr><td>Waktu tempuh ruas ini</td><td align='right'><b>0,44</b> jam</td></tr><tr><td>Kecepatan aliran</td><td align='right'><b>0,227</b> m/detik</td></tr><tr><td>Kedalaman air (rancangan)</td><td align='right'><b>0,13</b> m</td></tr></table>]]></description><LineString><tessellate>1</tessellate><coordinates>107.929700,-7.141200,0 107.929600,-7.141100,0 107.930000,-7.140700,0 107.930200,-7.140600,0 107.930300,-7.140400,0 107.930500,-7.140300,0 107.930200,-7.139500,0 107.930200,-7.138700,0 107.930300,-7.138500,0</coordinates></LineString></Placemark><Placemark><name>CD.4.Ki.1</name><styleUrl>#g2</styleUrl><description><![CDATA[<table><tr><td>Luas dilayani</td><td align='right'><b>14,0663</b> ha</td></tr><tr><td>Luas dilayani</td><td align='right'><b>140.663</b> m²</td></tr><tr><td>Jenis saluran</td><td align='right'><b>Tersier</b> </td></tr><tr><td>Panjang</td><td align='right'><b>0,39</b> km</td></tr><tr><td>Ruas di hulunya</td><td align='right'><b>SS Ciduga</b> </td></tr><tr><td>Ruas di hilirnya</td><td align='right'><b>0</b> ruas</td></tr><tr><td>Layanan menempel ruas</td><td align='right'><b>14,1</b> ha</td></tr><tr><td>Tinggi rata-rata</td><td align='right'><b>634,0</b> m dpl</td></tr><tr><td>Rezim</td><td align='right'><b>FL</b> </td></tr><tr><td>Kebutuhan air lewat ruas</td><td align='right'><b>32.414</b> m³</td></tr><tr><td>Kebutuhan air lahan layanannya</td><td align='right'><b>230</b> mm</td></tr><tr><td>Debit di hulu ruas</td><td align='right'><b>2,98</b> l/detik</td></tr><tr><td>NFR</td><td align='right'><b>1,65</b> mm/hari</td></tr><tr><td>Water loss di hilirnya</td><td align='right'><b>202.213</b> m³</td></tr><tr><td>Water loss</td><td align='right'><b>1.438</b> mm</td></tr><tr><td>Air sampai dari bendung</td><td align='right'><b>12,0</b> jam</td></tr><tr><td>Respons hidraulik dari bendung</td><td align='right'><b>8,8</b> jam</td></tr><tr><td>Waktu tempuh ruas ini</td><td align='right'><b>0,62</b> jam</td></tr><tr><td>Kecepatan aliran</td><td align='right'><b>0,172</b> m/detik</td></tr><tr><td>Kedalaman air (rancangan)</td><td align='right'><b>0,09</b> m</td></tr></table>]]></description><LineString><tessellate>1</tessellate><coordinates>107.932500,-7.134800,0 107.932500,-7.134700,0 107.932700,-7.134900,0 107.932900,-7.134900,0 107.933000,-7.135000,0 107.933200,-7.134900,0 107.934600,-7.133200,0 107.934500,-7.133100,0 107.934500,-7.132900,0</coordinates></LineString></Placemark><Placemark><name>SS Ciseureuh</name><styleUrl>#g2</styleUrl><description><![CDATA[<table><tr><td>Luas dilayani</td><td align='right'><b>56,5021</b> ha</td></tr><tr><td>Luas dilayani</td><td align='right'><b>565.021</b> m²</td></tr><tr><td>Jenis saluran</td><td align='right'><b>Sekunder</b> </td></tr><tr><td>Panjang</td><td align='right'><b>2,50</b> km</td></tr><tr><td>Ruas di hulunya</td><td align='right'><b>SS Ciduga</b> </td></tr><tr><td>Ruas di hilirnya</td><td align='right'><b>3</b> ruas</td></tr><tr><td>Layanan menempel ruas</td><td align='right'><b>0,0</b> ha</td></tr><tr><td>Tinggi rata-rata</td><td align='right'><b>641,0</b> m dpl</td></tr><tr><td>Rezim</td><td align='right'><b>FL</b> </td></tr><tr><td>Kebutuhan air lewat ruas</td><td align='right'><b>151.072</b> m³</td></tr><tr><td>Kebutuhan air lahan layanannya</td><td align='right'><b>267</b> mm</td></tr><tr><td>Debit di hulu ruas</td><td align='right'><b>15,42</b> l/detik</td></tr><tr><td>NFR</td><td align='right'><b>1,91</b> mm/hari</td></tr><tr><td>Water loss di hilirnya</td><td align='right'><b>763.590</b> m³</td></tr><tr><td>Water loss</td><td align='right'><b>1.351</b> mm</td></tr><tr><td>Air sampai dari bendung</td><td align='right'><b>15,3</b> jam</td></tr><tr><td>Respons hidraulik dari bendung</td><td align='right'><b>11,2</b> jam</td></tr><tr><td>Waktu tempuh ruas ini</td><td align='right'><b>3,93</b> jam</td></tr><tr><td>Kecepatan aliran</td><td align='right'><b>0,177</b> m/detik</td></tr><tr><td>Kedalaman air (rancangan)</td><td align='right'><b>0,16</b> m</td></tr></table>]]></description><LineString><tessellate>1</tessellate><coordinates>107.953200,-7.109900,0 107.953200,-7.109800,0 107.953000,-7.109700,0 107.952400,-7.109500,0 107.952200,-7.109300,0 107.952100,-7.109000,0 107.951800,-7.109000,0 107.951700,-7.108900,0 107.951200,-7.108900,0 107.950800,-7.108700,0 107.950900,-7.108300,0 107.950700,-7.108200,0 107.951000,-7.107600,0 107.951000,-7.107300,0 107.950700,-7.107200,0 107.950300,-7.107300,0 107.949900,-7.107200,0 107.949600,-7.107000,0 107.949600,-7.106600,0 107.950000,-7.106300,0 107.950100,-7.106100,0 107.950400,-7.106100,0 107.950600,-7.106000,0 107.950600,-7.105500,0 107.950800,-7.105200,0 107.950900,-7.104600,0 107.950800,-7.104400,0 107.950600,-7.104400,0 107.950200,-7.104200,0 107.950000,-7.103900,0 107.950000,-7.103700,0 107.949800,-7.103300,0 107.949700,-7.103300,0 107.949700,-7.103200,0 107.949500,-7.103200,0 107.949500,-7.102800,0 107.949400,-7.102700,0 107.949400,-7.102500,0 107.949500,-7.102300,0 107.949600,-7.102300,0 107.949600,-7.101900,0 107.949500,-7.101800,0 107.949600,-7.101800,0 107.949500,-7.101600,0 107.949100,-7.101400,0 107.949000,-7.101000,0 107.949100,-7.101000,0 107.949100,-7.100900,0 107.949500,-7.100700,0 107.949900,-7.100600,0 107.949900,-7.100200,0 107.950100,-7.099800,0 107.950300,-7.099700,0 107.950300,-7.099400,0 107.950000,-7.099400,0 107.949300,-7.098900,0 107.949300,-7.098800,0 107.949200,-7.098800,0 107.949300,-7.098300,0 107.949100,-7.098200,0 107.948700,-7.098200,0 107.948600,-7.098300,0 107.948000,-7.098300,0 107.947900,-7.098900,0 107.947800,-7.098900,0 107.947600,-7.098700,0 107.946800,-7.098700,0 107.946600,-7.098600,0 107.946600,-7.098500,0</coordinates></LineString></Placemark><Placemark><name>SS Leuwigoong</name><styleUrl>#g4</styleUrl><description><![CDATA[<table><tr><td>Luas dilayani</td><td align='right'><b>402,8486</b> ha</td></tr><tr><td>Luas dilayani</td><td align='right'><b>4.028.486</b> m²</td></tr><tr><td>Jenis saluran</td><td align='right'><b>Sekunder</b> </td></tr><tr><td>Panjang</td><td align='right'><b>3,84</b> km</td></tr><tr><td>Ruas di hulunya</td><td align='right'><b>SS Ciduga</b> </td></tr><tr><td>Ruas di hilirnya</td><td align='right'><b>40</b> ruas</td></tr><tr><td>Layanan menempel ruas</td><td align='right'><b>0,0</b> ha</td></tr><tr><td>Tinggi rata-rata</td><td align='right'><b>617,0</b> m dpl</td></tr><tr><td>Rezim</td><td align='right'><b>FL</b> </td></tr><tr><td>Kebutuhan air lewat ruas</td><td align='right'><b>1.066.434</b> m³</td></tr><tr><td>Kebutuhan air lahan layanannya</td><td align='right'><b>264</b> mm</td></tr><tr><td>Debit di hulu ruas</td><td align='right'><b>108,84</b> l/detik</td></tr><tr><td>NFR</td><td align='right'><b>1,89</b> mm/hari</td></tr><tr><td>Water loss di hilirnya</td><td align='right'><b>5.450.382</b> m³</td></tr><tr><td>Water loss</td><td align='right'><b>1.352</b> mm</td></tr><tr><td>Air sampai dari bendung</td><td align='right'><b>15,1</b> jam</td></tr><tr><td>Respons hidraulik dari bendung</td><td align='right'><b>11,0</b> jam</td></tr><tr><td>Waktu tempuh ruas ini</td><td align='right'><b>3,70</b> jam</td></tr><tr><td>Kecepatan aliran</td><td align='right'><b>0,288</b> m/detik</td></tr><tr><td>Kedalaman air (rancangan)</td><td align='right'><b>0,33</b> m</td></tr></table>]]></description><LineString><tessellate>1</tessellate><coordinates>107.953200,-7.109900,0 107.953500,-7.109300,0 107.953500,-7.108800,0 107.953600,-7.108500,0 107.954200,-7.107800,0 107.954600,-7.107500,0 107.954700,-7.107100,0 107.954900,-7.107100,0 107.954900,-7.107500,0 107.955000,-7.107800,0 107.956000,-7.108500,0 107.956300,-7.108400,0 107.956300,-7.108300,0 107.956400,-7.108300,0 107.956600,-7.108100,0 107.957300,-7.108100,0 107.957500,-7.108000,0 107.957600,-7.107800,0 107.958000,-7.107400,0 107.958000,-7.107100,0 107.957800,-7.106700,0 107.957600,-7.105900,0 107.957500,-7.105800,0 107.957600,-7.105500,0 107.958000,-7.105000,0 107.958100,-7.104400,0 107.958200,-7.104300,0 107.958600,-7.104200,0 107.958800,-7.103900,0 107.959700,-7.103900,0 107.959900,-7.103700,0 107.960000,-7.103700,0 107.960000,-7.103500,0 107.959600,-7.103100,0 107.959600,-7.102300,0 107.959800,-7.102100,0 107.959800,-7.102000,0 107.959600,-7.101900,0 107.960000,-7.101700,0 107.960000,-7.101600,0 107.960200,-7.101500,0 107.960600,-7.101400,0 107.960700,-7.101300,0 107.961200,-7.101300,0 107.961400,-7.101100,0 107.961700,-7.101000,0 107.961700,-7.100600,0 107.961800,-7.100200,0 107.961900,-7.100100,0 107.961900,-7.099800,0 107.961500,-7.099300,0 107.961700,-7.098900,0 107.962000,-7.098900,0 107.962300,-7.099200,0 107.962700,-7.099200,0 107.962800,-7.099100,0 107.963400,-7.099000,0 107.963600,-7.098600,0 107.963600,-7.098400,0 107.963900,-7.098000,0 107.963900,-7.097900,0 107.964300,-7.097700,0 107.965200,-7.097700,0 107.966200,-7.098000,0 107.966600,-7.098200,0 107.967200,-7.098200,0 107.967600,-7.098500,0 107.968200,-7.098200,0 107.968200,-7.098100,0 107.969800,-7.098100,0 107.970500,-7.097900,0 107.970600,-7.097800,0 107.970800,-7.097500,0 107.970800,-7.097300,0 107.971300,-7.096900,0 107.971400,-7.096900,0 107.971800,-7.096400,0 107.971800,-7.096000,0 107.971900,-7.096000,0 107.972000,-7.095800,0 107.972700,-7.095900,0</coordinates></LineString></Placemark><Placemark><name>LG.6.Ki</name><styleUrl>#g1</styleUrl><description><![CDATA[<table><tr><td>Luas dilayani</td><td align='right'><b>7,0628</b> ha</td></tr><tr><td>Luas dilayani</td><td align='right'><b>70.628</b> m²</td></tr><tr><td>Jenis saluran</td><td align='right'><b>Tersier</b> </td></tr><tr><td>Panjang</td><td align='right'><b>0,39</b> km</td></tr><tr><td>Ruas di hulunya</td><td align='right'><b>SS Leuwigoong</b> </td></tr><tr><td>Ruas di hilirnya</td><td align='right'><b>0</b> ruas</td></tr><tr><td>Layanan menempel ruas</td><td align='right'><b>7,1</b> ha</td></tr><tr><td>Tinggi rata-rata</td><td align='right'><b>617,0</b> m dpl</td></tr><tr><td>Rezim</td><td align='right'><b>FL</b> </td></tr><tr><td>Kebutuhan air lewat ruas</td><td align='right'><b>18.669</b> m³</td></tr><tr><td>Kebutuhan air lahan layanannya</td><td align='right'><b>264</b> mm</td></tr><tr><td>Debit di hulu ruas</td><td align='right'><b>1,71</b> l/detik</td></tr><tr><td>NFR</td><td align='right'><b>1,89</b> mm/hari</td></tr><tr><td>Water loss di hilirnya</td><td align='right'><b>95.499</b> m³</td></tr><tr><td>Water loss</td><td align='right'><b>1.352</b> mm</td></tr><tr><td>Air sampai dari bendung</td><td align='right'><b>15,8</b> jam</td></tr><tr><td>Respons hidraulik dari bendung</td><td align='right'><b>11,5</b> jam</td></tr><tr><td>Waktu tempuh ruas ini</td><td align='right'><b>0,72</b> jam</td></tr><tr><td>Kecepatan aliran</td><td align='right'><b>0,150</b> m/detik</td></tr><tr><td>Kedalaman air (rancangan)</td><td align='right'><b>0,07</b> m</td></tr></table>]]></description><LineString><tessellate>1</tessellate><coordinates>107.957900,-7.107500,0 107.957900,-7.106900,0 107.957800,-7.106900,0 107.957600,-7.106500,0 107.957600,-7.106300,0 107.957400,-7.105900,0 107.957500,-7.105800,0 107.957500,-7.105500,0 107.957800,-7.104900,0 107.957900,-7.104900,0 107.957900,-7.104700,0 107.958000,-7.104700,0</coordinates></LineString></Placemark><Placemark><name>LG.7.Ka</name><styleUrl>#g0</styleUrl><description><![CDATA[<table><tr><td>Luas dilayani</td><td align='right'><b>1,4101</b> ha</td></tr><tr><td>Luas dilayani</td><td align='right'><b>14.101</b> m²</td></tr><tr><td>Jenis saluran</td><td align='right'><b>Tersier</b> </td></tr><tr><td>Panjang</td><td align='right'><b>0,16</b> km</td></tr><tr><td>Ruas di hulunya</td><td align='right'><b>SS Leuwigoong</b> </td></tr><tr><td>Ruas di hilirnya</td><td align='right'><b>0</b> ruas</td></tr><tr><td>Layanan menempel ruas</td><td align='right'><b>1,4</b> ha</td></tr><tr><td>Tinggi rata-rata</td><td align='right'><b>617,0</b> m dpl</td></tr><tr><td>Rezim</td><td align='right'><b>FL</b> </td></tr><tr><td>Kebutuhan air lewat ruas</td><td align='right'><b>3.727</b> m³</td></tr><tr><td>Kebutuhan air lahan layanannya</td><td align='right'><b>264</b> mm</td></tr><tr><td>Debit di hulu ruas</td><td align='right'><b>0,34</b> l/detik</td></tr><tr><td>NFR</td><td align='right'><b>1,89</b> mm/hari</td></tr><tr><td>Water loss di hilirnya</td><td align='right'><b>19.067</b> m³</td></tr><tr><td>Water loss</td><td align='right'><b>1.352</b> mm</td></tr><tr><td>Air sampai dari bendung</td><td align='right'><b>15,5</b> jam</td></tr><tr><td>Respons hidraulik dari bendung</td><td align='right'><b>11,3</b> jam</td></tr><tr><td>Waktu tempuh ruas ini</td><td align='right'><b>0,44</b> jam</td></tr><tr><td>Kecepatan aliran</td><td align='right'><b>0,100</b> m/detik</td></tr><tr><td>Kedalaman air (rancangan)</td><td align='right'><b>0,04</b> m</td></tr></table>]]></description><LineString><tessellate>1</tessellate><coordinates>107.958100,-7.104400,0 107.958600,-7.104400,0 107.958700,-7.104500,0 107.959000,-7.104500,0 107.959000,-7.104600,0 107.959400,-7.104600,0</coordinates></LineString></Placemark><Placemark><name>LG.7.Ki</name><styleUrl>#g0</styleUrl><description><![CDATA[<table><tr><td>Luas dilayani</td><td align='right'><b>1,0090</b> ha</td></tr><tr><td>Luas dilayani</td><td align='right'><b>10.090</b> m²</td></tr><tr><td>Jenis saluran</td><td align='right'><b>Tersier</b> </td></tr><tr><td>Panjang</td><td align='right'><b>0,03</b> km</td></tr><tr><td>Ruas di hulunya</td><td align='right'><b>SS Leuwigoong</b> </td></tr><tr><td>Ruas di hilirnya</td><td align='right'><b>0</b> ruas</td></tr><tr><td>Layanan menempel ruas</td><td align='right'><b>1,0</b> ha</td></tr><tr><td>Tinggi rata-rata</td><td align='right'><b>617,0</b> m dpl</td></tr><tr><td>Rezim</td><td align='right'><b>FL</b> </td></tr><tr><td>Kebutuhan air lewat ruas</td><td align='right'><b>2.667</b> m³</td></tr><tr><td>Kebutuhan air lahan layanannya</td><td align='right'><b>264</b> mm</td></tr><tr><td>Debit di hulu ruas</td><td align='right'><b>0,24</b> l/detik</td></tr><tr><td>NFR</td><td align='right'><b>1,89</b> mm/hari</td></tr><tr><td>Water loss di hilirnya</td><td align='right'><b>13.643</b> m³</td></tr><tr><td>Water loss</td><td align='right'><b>1.352</b> mm</td></tr><tr><td>Air sampai dari bendung</td><td align='right'><b>15,2</b> jam</td></tr><tr><td>Respons hidraulik dari bendung</td><td align='right'><b>11,1</b> jam</td></tr><tr><td>Waktu tempuh ruas ini</td><td align='right'><b>0,09</b> jam</td></tr><tr><td>Kecepatan aliran</td><td align='right'><b>0,092</b> m/detik</td></tr><tr><td>Kedalaman air (rancangan)</td><td align='right'><b>0,03</b> m</td></tr></table>]]></description><LineString><tessellate>1</tessellate><coordinates>107.958100,-7.104400,0 107.958300,-7.104200,0</coordinates></LineString></Placemark><Placemark><name>LG.8.Ki</name><styleUrl>#g2</styleUrl><description><![CDATA[<table><tr><td>Luas dilayani</td><td align='right'><b>15,1345</b> ha</td></tr><tr><td>Luas dilayani</td><td align='right'><b>151.345</b> m²</td></tr><tr><td>Jenis saluran</td><td align='right'><b>Tersier</b> </td></tr><tr><td>Panjang</td><td align='right'><b>0,17</b> km</td></tr><tr><td>Ruas di hulunya</td><td align='right'><b>SS Leuwigoong</b> </td></tr><tr><td>Ruas di hilirnya</td><td align='right'><b>0</b> ruas</td></tr><tr><td>Layanan menempel ruas</td><td align='right'><b>15,1</b> ha</td></tr><tr><td>Tinggi rata-rata</td><td align='right'><b>617,0</b> m dpl</td></tr><tr><td>Rezim</td><td align='right'><b>FL</b> </td></tr><tr><td>Kebutuhan air lewat ruas</td><td align='right'><b>40.006</b> m³</td></tr><tr><td>Kebutuhan air lahan layanannya</td><td align='right'><b>264</b> mm</td></tr><tr><td>Debit di hulu ruas</td><td align='right'><b>3,67</b> l/detik</td></tr><tr><td>NFR</td><td align='right'><b>1,89</b> mm/hari</td></tr><tr><td>Water loss di hilirnya</td><td align='right'><b>204.641</b> m³</td></tr><tr><td>Water loss</td><td align='right'><b>1.352</b> mm</td></tr><tr><td>Air sampai dari bendung</td><td align='right'><b>15,3</b> jam</td></tr><tr><td>Respons hidraulik dari bendung</td><td align='right'><b>11,2</b> jam</td></tr><tr><td>Waktu tempuh ruas ini</td><td align='right'><b>0,26</b> jam</td></tr><tr><td>Kecepatan aliran</td><td align='right'><b>0,181</b> m/detik</td></tr><tr><td>Kedalaman air (rancangan)</td><td align='right'><b>0,10</b> m</td></tr></table>]]></description><LineString><tessellate>1</tessellate><coordinates>107.959600,-7.101800,0 107.959600,-7.101900,0 107.959300,-7.101900,0 107.959200,-7.101500,0 107.959100,-7.101400,0 107.958600,-7.101200,0</coordinates></LineString></Placemark><Placemark><name>LG.9.Ka</name><styleUrl>#g2</styleUrl><description><![CDATA[<table><tr><td>Luas dilayani</td><td align='right'><b>19,1399</b> ha</td></tr><tr><td>Luas dilayani</td><td align='right'><b>191.399</b> m²</td></tr><tr><td>Jenis saluran</td><td align='right'><b>Tersier</b> </td></tr><tr><td>Panjang</td><td align='right'><b>1,16</b> km</td></tr><tr><td>Ruas di hulunya</td><td align='right'><b>SS Leuwigoong</b> </td></tr><tr><td>Ruas di hilirnya</td><td align='right'><b>0</b> ruas</td></tr><tr><td>Layanan menempel ruas</td><td align='right'><b>19,1</b> ha</td></tr><tr><td>Tinggi rata-rata</td><td align='right'><b>617,0</b> m dpl</td></tr><tr><td>Rezim</td><td align='right'><b>FL</b> </td></tr><tr><td>Kebutuhan air lewat ruas</td><td align='right'><b>50.594</b> m³</td></tr><tr><td>Kebutuhan air lahan layanannya</td><td align='right'><b>264</b> mm</td></tr><tr><td>Debit di hulu ruas</td><td align='right'><b>4,65</b> l/detik</td></tr><tr><td>NFR</td><td align='right'><b>1,89</b> mm/hari</td></tr><tr><td>Water loss di hilirnya</td><td align='right'><b>258.800</b> m³</td></tr><tr><td>Water loss</td><td align='right'><b>1.352</b> mm</td></tr><tr><td>Air sampai dari bendung</td><td align='right'><b>16,8</b> jam</td></tr><tr><td>Respons hidraulik dari bendung</td><td align='right'><b>12,3</b> jam</td></tr><tr><td>Waktu tempuh ruas ini</td><td align='right'><b>1,67</b> jam</td></tr><tr><td>Kecepatan aliran</td><td align='right'><b>0,192</b> m/detik</td></tr><tr><td>Kedalaman air (rancangan)</td><td align='right'><b>0,10</b> m</td></tr></table>]]></description><LineString><tessellate>1</tessellate><coordinates>107.961200,-7.101300,0 107.961300,-7.101300,0 107.961400,-7.101100,0 107.961700,-7.101000,0 107.961800,-7.100400,0 107.962000,-7.099900,0 107.961700,-7.099400,0 107.961600,-7.099400,0 107.961700,-7.099000,0 107.962000,-7.099000,0 107.962400,-7.099300,0 107.963400,-7.099100,0 107.963900,-7.098100,0 107.964200,-7.097900,0 107.964700,-7.097800,0 107.965200,-7.098000,0 107.966100,-7.098100,0 107.966900,-7.098500,0 107.966900,-7.098800,0 107.967400,-7.098900,0 107.967400,-7.098600,0 107.967600,-7.098700,0</coordinates></LineString></Placemark><Placemark><name>LG.10.Ki</name><styleUrl>#g0</styleUrl><description><![CDATA[<table><tr><td>Luas dilayani</td><td align='right'><b>1,0090</b> ha</td></tr><tr><td>Luas dilayani</td><td align='right'><b>10.090</b> m²</td></tr><tr><td>Jenis saluran</td><td align='right'><b>Tersier</b> </td></tr><tr><td>Panjang</td><td align='right'><b>0,04</b> km</td></tr><tr><td>Ruas di hulunya</td><td align='right'><b>SS Leuwigoong</b> </td></tr><tr><td>Ruas di hilirnya</td><td align='right'><b>0</b> ruas</td></tr><tr><td>Layanan menempel ruas</td><td align='right'><b>1,0</b> ha</td></tr><tr><td>Tinggi rata-rata</td><td align='right'><b>617,0</b> m dpl</td></tr><tr><td>Rezim</td><td align='right'><b>FL</b> </td></tr><tr><td>Kebutuhan air lewat ruas</td><td align='right'><b>2.667</b> m³</td></tr><tr><td>Kebutuhan air lahan layanannya</td><td align='right'><b>264</b> mm</td></tr><tr><td>Debit di hulu ruas</td><td align='right'><b>0,24</b> l/detik</td></tr><tr><td>NFR</td><td align='right'><b>1,89</b> mm/hari</td></tr><tr><td>Water loss di hilirnya</td><td align='right'><b>13.643</b> m³</td></tr><tr><td>Water loss</td><td align='right'><b>1.352</b> mm</td></tr><tr><td>Air sampai dari bendung</td><td align='right'><b>15,2</b> jam</td></tr><tr><td>Respons hidraulik dari bendung</td><td align='right'><b>11,1</b> jam</td></tr><tr><td>Waktu tempuh ruas ini</td><td align='right'><b>0,11</b> jam</td></tr><tr><td>Kecepatan aliran</td><td align='right'><b>0,092</b> m/detik</td></tr><tr><td>Kedalaman air (rancangan)</td><td align='right'><b>0,03</b> m</td></tr></table>]]></description><MultiGeometry><LineString><tessellate>1</tessellate><coordinates>107.961700,-7.100500,0 107.961600,-7.100500,0</coordinates></LineString><LineString><tessellate>1</tessellate><coordinates>107.961600,-7.100500,0 107.961600,-7.100600,0</coordinates></LineString><LineString><tessellate>1</tessellate><coordinates>107.961600,-7.100500,0 107.961700,-7.100400,0</coordinates></LineString></MultiGeometry></Placemark><Placemark><name>LG.11.Ki</name><styleUrl>#g0</styleUrl><description><![CDATA[<table><tr><td>Luas dilayani</td><td align='right'><b>1,0090</b> ha</td></tr><tr><td>Luas dilayani</td><td align='right'><b>10.090</b> m²</td></tr><tr><td>Jenis saluran</td><td align='right'><b>Tersier</b> </td></tr><tr><td>Panjang</td><td align='right'><b>0,08</b> km</td></tr><tr><td>Ruas di hulunya</td><td align='right'><b>SS Leuwigoong</b> </td></tr><tr><td>Ruas di hilirnya</td><td align='right'><b>0</b> ruas</td></tr><tr><td>Layanan menempel ruas</td><td align='right'><b>1,0</b> ha</td></tr><tr><td>Tinggi rata-rata</td><td align='right'><b>617,0</b> m dpl</td></tr><tr><td>Rezim</td><td align='right'><b>FL</b> </td></tr><tr><td>Kebutuhan air lewat ruas</td><td align='right'><b>2.667</b> m³</td></tr><tr><td>Kebutuhan air lahan layanannya</td><td align='right'><b>264</b> mm</td></tr><tr><td>Debit di hulu ruas</td><td align='right'><b>0,24</b> l/detik</td></tr><tr><td>NFR</td><td align='right'><b>1,89</b> mm/hari</td></tr><tr><td>Water loss di hilirnya</td><td align='right'><b>13.643</b> m³</td></tr><tr><td>Water loss</td><td align='right'><b>1.352</b> mm</td></tr><tr><td>Air sampai dari bendung</td><td align='right'><b>15,3</b> jam</td></tr><tr><td>Respons hidraulik dari bendung</td><td align='right'><b>11,2</b> jam</td></tr><tr><td>Waktu tempuh ruas ini</td><td align='right'><b>0,23</b> jam</td></tr><tr><td>Kecepatan aliran</td><td align='right'><b>0,092</b> m/detik</td></tr><tr><td>Kedalaman air (rancangan)</td><td align='right'><b>0,03</b> m</td></tr></table>]]></description><LineString><tessellate>1</tessellate><coordinates>107.962200,-7.099100,0 107.962200,-7.098400,0</coordinates></LineString></Placemark><Placemark><name>LG.12.Ki</name><styleUrl>#g2</styleUrl><description><![CDATA[<table><tr><td>Luas dilayani</td><td align='right'><b>33,2959</b> ha</td></tr><tr><td>Luas dilayani</td><td align='right'><b>332.959</b> m²</td></tr><tr><td>Jenis saluran</td><td align='right'><b>Tersier</b> </td></tr><tr><td>Panjang</td><td align='right'><b>0,68</b> km</td></tr><tr><td>Ruas di hulunya</td><td align='right'><b>SS Leuwigoong</b> </td></tr><tr><td>Ruas di hilirnya</td><td align='right'><b>0</b> ruas</td></tr><tr><td>Layanan menempel ruas</td><td align='right'><b>33,3</b> ha</td></tr><tr><td>Tinggi rata-rata</td><td align='right'><b>617,0</b> m dpl</td></tr><tr><td>Rezim</td><td align='right'><b>FL</b> </td></tr><tr><td>Kebutuhan air lewat ruas</td><td align='right'><b>88.013</b> m³</td></tr><tr><td>Kebutuhan air lahan layanannya</td><td align='right'><b>264</b> mm</td></tr><tr><td>Debit di hulu ruas</td><td align='right'><b>8,08</b> l/detik</td></tr><tr><td>NFR</td><td align='right'><b>1,89</b> mm/hari</td></tr><tr><td>Water loss di hilirnya</td><td align='right'><b>450.210</b> m³</td></tr><tr><td>Water loss</td><td align='right'><b>1.352</b> mm</td></tr><tr><td>Air sampai dari bendung</td><td align='right'><b>15,9</b> jam</td></tr><tr><td>Respons hidraulik dari bendung</td><td align='right'><b>11,6</b> jam</td></tr><tr><td>Waktu tempuh ruas ini</td><td align='right'><b>0,86</b> jam</td></tr><tr><td>Kecepatan aliran</td><td align='right'><b>0,220</b> m/detik</td></tr><tr><td>Kedalaman air (rancangan)</td><td align='right'><b>0,13</b> m</td></tr></table>]]></description><LineString><tessellate>1</tessellate><coordinates>107.964000,-7.097800,0 107.963500,-7.097800,0 107.963000,-7.097600,0 107.963000,-7.097200,0 107.962800,-7.097100,0 107.962900,-7.096900,0 107.962200,-7.096500,0 107.962300,-7.096400,0 107.962200,-7.096100,0 107.962100,-7.096100,0 107.962700,-7.095300,0 107.963700,-7.093700,0</coordinates></LineString></Placemark><Placemark><name>LG.13.Ki</name><styleUrl>#g1</styleUrl><description><![CDATA[<table><tr><td>Luas dilayani</td><td align='right'><b>11,0986</b> ha</td></tr><tr><td>Luas dilayani</td><td align='right'><b>110.986</b> m²</td></tr><tr><td>Jenis saluran</td><td align='right'><b>Tersier</b> </td></tr><tr><td>Panjang</td><td align='right'><b>0,60</b> km</td></tr><tr><td>Ruas di hulunya</td><td align='right'><b>SS Leuwigoong</b> </td></tr><tr><td>Ruas di hilirnya</td><td align='right'><b>0</b> ruas</td></tr><tr><td>Layanan menempel ruas</td><td align='right'><b>11,1</b> ha</td></tr><tr><td>Tinggi rata-rata</td><td align='right'><b>617,0</b> m dpl</td></tr><tr><td>Rezim</td><td align='right'><b>FL</b> </td></tr><tr><td>Kebutuhan air lewat ruas</td><td align='right'><b>29.338</b> m³</td></tr><tr><td>Kebutuhan air lahan layanannya</td><td align='right'><b>264</b> mm</td></tr><tr><td>Debit di hulu ruas</td><td align='right'><b>2,69</b> l/detik</td></tr><tr><td>NFR</td><td align='right'><b>1,89</b> mm/hari</td></tr><tr><td>Water loss di hilirnya</td><td align='right'><b>150.070</b> m³</td></tr><tr><td>Water loss</td><td align='right'><b>1.352</b> mm</td></tr><tr><td>Air sampai dari bendung</td><td align='right'><b>16,1</b> jam</td></tr><tr><td>Respons hidraulik dari bendung</td><td align='right'><b>11,7</b> jam</td></tr><tr><td>Waktu tempuh ruas ini</td><td align='right'><b>0,99</b> jam</td></tr><tr><td>Kecepatan aliran</td><td align='right'><b>0,167</b> m/detik</td></tr><tr><td>Kedalaman air (rancangan)</td><td align='right'><b>0,09</b> m</td></tr></table>]]></description><LineString><tessellate>1</tessellate><coordinates>107.965800,-7.097900,0 107.965900,-7.097900,0 107.965600,-7.097800,0 107.965700,-7.097500,0 107.966100,-7.097000,0 107.966300,-7.097100,0 107.966400,-7.097000,0 107.966400,-7.096700,0 107.966200,-7.096200,0 107.965900,-7.096100,0 107.964400,-7.094700,0 107.964200,-7.094300,0</coordinates></LineString></Placemark><Placemark><name>LG.14.Ki</name><styleUrl>#g1</styleUrl><description><![CDATA[<table><tr><td>Luas dilayani</td><td align='right'><b>4,0359</b> ha</td></tr><tr><td>Luas dilayani</td><td align='right'><b>40.359</b> m²</td></tr><tr><td>Jenis saluran</td><td align='right'><b>Tersier</b> </td></tr><tr><td>Panjang</td><td align='right'><b>0,06</b> km</td></tr><tr><td>Ruas di hulunya</td><td align='right'><b>SS Leuwigoong</b> </td></tr><tr><td>Ruas di hilirnya</td><td align='right'><b>0</b> ruas</td></tr><tr><td>Layanan menempel ruas</td><td align='right'><b>4,0</b> ha</td></tr><tr><td>Tinggi rata-rata</td><td align='right'><b>617,0</b> m dpl</td></tr><tr><td>Rezim</td><td align='right'><b>FL</b> </td></tr><tr><td>Kebutuhan air lewat ruas</td><td align='right'><b>10.668</b> m³</td></tr><tr><td>Kebutuhan air lahan layanannya</td><td align='right'><b>264</b> mm</td></tr><tr><td>Debit di hulu ruas</td><td align='right'><b>0,98</b> l/detik</td></tr><tr><td>NFR</td><td align='right'><b>1,89</b> mm/hari</td></tr><tr><td>Water loss di hilirnya</td><td align='right'><b>54.571</b> m³</td></tr><tr><td>Water loss</td><td align='right'><b>1.352</b> mm</td></tr><tr><td>Air sampai dari bendung</td><td align='right'><b>15,2</b> jam</td></tr><tr><td>Respons hidraulik dari bendung</td><td align='right'><b>11,1</b> jam</td></tr><tr><td>Waktu tempuh ruas ini</td><td align='right'><b>0,12</b> jam</td></tr><tr><td>Kecepatan aliran</td><td align='right'><b>0,130</b> m/detik</td></tr><tr><td>Kedalaman air (rancangan)</td><td align='right'><b>0,06</b> m</td></tr></table>]]></description><LineString><tessellate>1</tessellate><coordinates>107.969500,-7.098100,0 107.969500,-7.098000,0 107.969900,-7.098000,0</coordinates></LineString></Placemark><Placemark><name>LG.15.Ki</name><styleUrl>#g1</styleUrl><description><![CDATA[<table><tr><td>Luas dilayani</td><td align='right'><b>4,0359</b> ha</td></tr><tr><td>Luas dilayani</td><td align='right'><b>40.359</b> m²</td></tr><tr><td>Jenis saluran</td><td align='right'><b>Tersier</b> </td></tr><tr><td>Panjang</td><td align='right'><b>0,02</b> km</td></tr><tr><td>Ruas di hulunya</td><td align='right'><b>SS Leuwigoong</b> </td></tr><tr><td>Ruas di hilirnya</td><td align='right'><b>0</b> ruas</td></tr><tr><td>Layanan menempel ruas</td><td align='right'><b>4,0</b> ha</td></tr><tr><td>Tinggi rata-rata</td><td align='right'><b>617,0</b> m dpl</td></tr><tr><td>Rezim</td><td align='right'><b>FL</b> </td></tr><tr><td>Kebutuhan air lewat ruas</td><td align='right'><b>10.668</b> m³</td></tr><tr><td>Kebutuhan air lahan layanannya</td><td align='right'><b>264</b> mm</td></tr><tr><td>Debit di hulu ruas</td><td align='right'><b>0,98</b> l/detik</td></tr><tr><td>NFR</td><td align='right'><b>1,89</b> mm/hari</td></tr><tr><td>Water loss di hilirnya</td><td align='right'><b>54.571</b> m³</td></tr><tr><td>Water loss</td><td align='right'><b>1.352</b> mm</td></tr><tr><td>Air sampai dari bendung</td><td align='right'><b>15,1</b> jam</td></tr><tr><td>Respons hidraulik dari bendung</td><td align='right'><b>11,0</b> jam</td></tr><tr><td>Waktu tempuh ruas ini</td><td align='right'><b>0,05</b> jam</td></tr><tr><td>Kecepatan aliran</td><td align='right'><b>0,130</b> m/detik</td></tr><tr><td>Kedalaman air (rancangan)</td><td align='right'><b>0,06</b> m</td></tr></table>]]></description><LineString><tessellate>1</tessellate><coordinates>107.970900,-7.097200,0 107.970900,-7.097000,0</coordinates></LineString></Placemark><Placemark><name>LG.15.M</name><styleUrl>#g0</styleUrl><description><![CDATA[<table><tr><td>Luas dilayani</td><td align='right'><b>0,0000</b> ha</td></tr><tr><td>Luas dilayani</td><td align='right'><b>0</b> m²</td></tr><tr><td>Jenis saluran</td><td align='right'><b>Tersier</b> </td></tr><tr><td>Panjang</td><td align='right'><b>0,29</b> km</td></tr><tr><td>Ruas di hulunya</td><td align='right'><b>SS Leuwigoong</b> </td></tr><tr><td>Ruas di hilirnya</td><td align='right'><b>0</b> ruas</td></tr><tr><td>Layanan menempel ruas</td><td align='right'><b>0,0</b> ha</td></tr><tr><td>Tinggi rata-rata</td><td align='right'><b>617,0</b> m dpl</td></tr><tr><td>Rezim</td><td align='right'><b>FL</b> </td></tr><tr><td>Kebutuhan air lewat ruas</td><td align='right'><b>0</b> m³</td></tr><tr><td>Kebutuhan air lahan layanannya</td><td align='right'><b>264</b> mm</td></tr><tr><td>Debit di hulu ruas</td><td align='right'><b>0,00</b> l/detik</td></tr><tr><td>NFR</td><td align='right'><b>1,89</b> mm/hari</td></tr><tr><td>Water loss di hilirnya</td><td align='right'><b>0</b> m³</td></tr><tr><td>Water loss</td><td align='right'><b>1.352</b> mm</td></tr></table>]]></description><LineString><tessellate>1</tessellate><coordinates>107.972700,-7.095900,0 107.975100,-7.097000,0</coordinates></LineString></Placemark><Placemark><name>LG.15.M.Ki</name><styleUrl>#g1</styleUrl><description><![CDATA[<table><tr><td>Luas dilayani</td><td align='right'><b>5,0448</b> ha</td></tr><tr><td>Luas dilayani</td><td align='right'><b>50.448</b> m²</td></tr><tr><td>Jenis saluran</td><td align='right'><b>Tersier</b> </td></tr><tr><td>Panjang</td><td align='right'><b>0,39</b> km</td></tr><tr><td>Ruas di hulunya</td><td align='right'><b>SS Leuwigoong</b> </td></tr><tr><td>Ruas di hilirnya</td><td align='right'><b>0</b> ruas</td></tr><tr><td>Layanan menempel ruas</td><td align='right'><b>5,0</b> ha</td></tr><tr><td>Tinggi rata-rata</td><td align='right'><b>617,0</b> m dpl</td></tr><tr><td>Rezim</td><td align='right'><b>FL</b> </td></tr><tr><td>Kebutuhan air lewat ruas</td><td align='right'><b>13.335</b> m³</td></tr><tr><td>Kebutuhan air lahan layanannya</td><td align='right'><b>264</b> mm</td></tr><tr><td>Debit di hulu ruas</td><td align='right'><b>1,22</b> l/detik</td></tr><tr><td>NFR</td><td align='right'><b>1,89</b> mm/hari</td></tr><tr><td>Water loss di hilirnya</td><td align='right'><b>68.214</b> m³</td></tr><tr><td>Water loss</td><td align='right'><b>1.352</b> mm</td></tr><tr><td>Air sampai dari bendung</td><td align='right'><b>15,9</b> jam</td></tr><tr><td>Respons hidraulik dari bendung</td><td align='right'><b>11,6</b> jam</td></tr><tr><td>Waktu tempuh ruas ini</td><td align='right'><b>0,78</b> jam</td></tr><tr><td>Kecepatan aliran</td><td align='right'><b>0,137</b> m/detik</td></tr><tr><td>Kedalaman air (rancangan)</td><td align='right'><b>0,06</b> m</td></tr></table>]]></description><LineString><tessellate>1</tessellate><coordinates>107.972700,-7.095900,0 107.972800,-7.095700,0 107.973100,-7.096000,0 107.973600,-7.095300,0 107.973700,-7.095300,0 107.974800,-7.095900,0 107.975400,-7.096000,0</coordinates></LineString></Placemark><Placemark><name>Suplesi Cicukanggantung</name><styleUrl>#g3</styleUrl><description><![CDATA[<table><tr><td>Luas dilayani</td><td align='right'><b>247,0971</b> ha</td></tr><tr><td>Luas dilayani</td><td align='right'><b>2.470.971</b> m²</td></tr><tr><td>Jenis saluran</td><td align='right'><b>Suplesi</b> </td></tr><tr><td>Panjang</td><td align='right'><b>2,15</b> km</td></tr><tr><td>Ruas di hulunya</td><td align='right'><b>SS Kawung Luwuk</b> </td></tr><tr><td>Ruas di hilirnya</td><td align='right'><b>18</b> ruas</td></tr><tr><td>Layanan menempel ruas</td><td align='right'><b>0,0</b> ha</td></tr><tr><td>Rezim</td><td align='right'><b>FL</b> </td></tr><tr><td>Kebutuhan air lewat ruas</td><td align='right'><b>654.562</b> m³</td></tr><tr><td>Debit di hulu ruas</td><td align='right'><b>83,51</b> l/detik</td></tr><tr><td>Water loss di hilirnya</td><td align='right'><b>3.344.061</b> m³</td></tr><tr><td>Air sampai dari bendung</td><td align='right'><b>22,3</b> jam</td></tr><tr><td>Respons hidraulik dari bendung</td><td align='right'><b>16,3</b> jam</td></tr><tr><td>Waktu tempuh ruas ini</td><td align='right'><b>2,73</b> jam</td></tr><tr><td>Kecepatan aliran</td><td align='right'><b>0,218</b> m/detik</td></tr><tr><td>Kedalaman air (rancangan)</td><td align='right'><b>0,31</b> m</td></tr></table>]]></description><MultiGeometry><LineString><tessellate>1</tessellate><coordinates>107.953500,-7.092100,0 107.953600,-7.092100,0</coordinates></LineString><LineString><tessellate>1</tessellate><coordinates>107.953500,-7.092100,0 107.954100,-7.091800,0 107.954600,-7.091700,0 107.954600,-7.091600,0 107.954900,-7.091200,0 107.954900,-7.090500,0 107.955100,-7.090200,0 107.955000,-7.089500,0 107.955100,-7.089500,0 107.955300,-7.089100,0 107.955500,-7.088900,0 107.955500,-7.088600,0 107.955600,-7.088600,0 107.955600,-7.088500,0 107.955800,-7.088300,0 107.955900,-7.087800,0 107.956000,-7.087700,0 107.956000,-7.086600,0 107.955800,-7.086400,0 107.955800,-7.086300,0 107.957100,-7.086000,0 107.957900,-7.085700,0 107.958300,-7.085700,0 107.958300,-7.085300,0</coordinates></LineString><LineString><tessellate>1</tessellate><coordinates>107.947000,-7.091100,0 107.947200,-7.091000,0 107.947600,-7.091000,0 107.947700,-7.091100,0 107.948100,-7.091100,0 107.948300,-7.091200,0 107.948500,-7.091100,0 107.949000,-7.091100,0 107.949200,-7.091200,0 107.949400,-7.090900,0 107.949800,-7.090800,0 107.950100,-7.091000,0 107.950100,-7.091100,0 107.950300,-7.091300,0 107.950500,-7.091300,0 107.950600,-7.091400,0 107.950700,-7.091400,0 107.950700,-7.091300,0 107.951000,-7.091300,0 107.951100,-7.091400,0 107.951000,-7.091600,0 107.951000,-7.092000,0 107.951600,-7.092000,0 107.951600,-7.091800,0 107.951700,-7.091700,0 107.951900,-7.091700,0 107.951900,-7.091800,0 107.952300,-7.091800,0 107.952600,-7.092100,0 107.952700,-7.092100,0 107.953100,-7.091800,0 107.953200,-7.091800,0 107.953500,-7.092100,0</coordinates></LineString></MultiGeometry></Placemark><Placemark><name>SS Kawung Luwuk</name><styleUrl>#g3</styleUrl><description><![CDATA[<table><tr><td>Luas dilayani</td><td align='right'><b>297,5454</b> ha</td></tr><tr><td>Luas dilayani</td><td align='right'><b>2.975.454</b> m²</td></tr><tr><td>Jenis saluran</td><td align='right'><b>Sekunder</b> </td></tr><tr><td>Panjang</td><td align='right'><b>4,34</b> km</td></tr><tr><td>Ruas di hulunya</td><td align='right'><b>SS Leuwigoong</b> </td></tr><tr><td>Ruas di hilirnya</td><td align='right'><b>23</b> ruas</td></tr><tr><td>Layanan menempel ruas</td><td align='right'><b>0,0</b> ha</td></tr><tr><td>Tinggi rata-rata</td><td align='right'><b>597,0</b> m dpl</td></tr><tr><td>Rezim</td><td align='right'><b>FL</b> </td></tr><tr><td>Kebutuhan air lewat ruas</td><td align='right'><b>788.079</b> m³</td></tr><tr><td>Kebutuhan air lahan layanannya</td><td align='right'><b>265</b> mm</td></tr><tr><td>Debit di hulu ruas</td><td align='right'><b>80,43</b> l/detik</td></tr><tr><td>NFR</td><td align='right'><b>1,89</b> mm/hari</td></tr><tr><td>Water loss di hilirnya</td><td align='right'><b>4.026.527</b> m³</td></tr><tr><td>Water loss</td><td align='right'><b>1.353</b> mm</td></tr><tr><td>Air sampai dari bendung</td><td align='right'><b>19,6</b> jam</td></tr><tr><td>Respons hidraulik dari bendung</td><td align='right'><b>14,3</b> jam</td></tr><tr><td>Waktu tempuh ruas ini</td><td align='right'><b>4,52</b> jam</td></tr><tr><td>Kecepatan aliran</td><td align='right'><b>0,267</b> m/detik</td></tr><tr><td>Kedalaman air (rancangan)</td><td align='right'><b>0,29</b> m</td></tr></table>]]></description><LineString><tessellate>1</tessellate><coordinates>107.954800,-7.107100,0 107.954800,-7.106500,0 107.954900,-7.106400,0 107.954900,-7.105900,0 107.955000,-7.105800,0 107.955000,-7.105500,0 107.954800,-7.105200,0 107.954900,-7.105100,0 107.954900,-7.104800,0 107.955300,-7.104500,0 107.955600,-7.104500,0 107.955700,-7.104400,0 107.956400,-7.104300,0 107.956400,-7.102700,0 107.956700,-7.102600,0 107.956700,-7.102000,0 107.956500,-7.101700,0 107.956300,-7.101600,0 107.956300,-7.101400,0 107.956100,-7.101000,0 107.955800,-7.100700,0 107.955500,-7.100700,0 107.955200,-7.100500,0 107.955200,-7.100100,0 107.955500,-7.099500,0 107.954900,-7.099200,0 107.954700,-7.099200,0 107.954200,-7.098500,0 107.954000,-7.098400,0 107.954000,-7.098300,0 107.953700,-7.098300,0 107.953400,-7.098100,0 107.953500,-7.097500,0 107.953700,-7.097500,0 107.953900,-7.097300,0 107.954000,-7.097300,0 107.954000,-7.097200,0 107.954200,-7.097200,0 107.954200,-7.097100,0 107.954400,-7.097100,0 107.954700,-7.096900,0 107.955300,-7.096900,0 107.955400,-7.096700,0 107.955500,-7.096700,0 107.955500,-7.096400,0 107.955600,-7.096400,0 107.955600,-7.095700,0 107.955400,-7.095300,0 107.955500,-7.095100,0 107.955500,-7.094700,0 107.955400,-7.094700,0 107.955400,-7.094600,0 107.955200,-7.094600,0 107.955100,-7.094700,0 107.954700,-7.094600,0 107.954400,-7.094300,0 107.954100,-7.094300,0 107.954000,-7.094100,0 107.953600,-7.093900,0 107.953600,-7.092800,0 107.953500,-7.092700,0 107.953500,-7.092100,0 107.954000,-7.092300,0 107.954200,-7.092300,0 107.954200,-7.092400,0 107.954300,-7.092300,0 107.954800,-7.092200,0 107.955200,-7.091900,0 107.955300,-7.091900,0 107.955300,-7.091800,0 107.955700,-7.091800,0 107.956300,-7.091600,0 107.956800,-7.091600,0 107.956900,-7.091500,0 107.957200,-7.091500,0 107.958300,-7.090900,0 107.959300,-7.090900,0 107.959500,-7.090800,0 107.959600,-7.090900,0 107.960000,-7.091000,0 107.960700,-7.091000,0 107.960900,-7.090900,0 107.961000,-7.091000,0 107.961400,-7.091000,0 107.961900,-7.090600,0 107.962100,-7.090600,0 107.962100,-7.090500,0 107.962400,-7.090500,0 107.962500,-7.090600,0 107.963100,-7.090600,0 107.963400,-7.090900,0 107.964000,-7.091100,0 107.964400,-7.091000,0 107.964600,-7.090800,0 107.964800,-7.090800,0 107.965000,-7.091000,0 107.965700,-7.091400,0 107.965900,-7.091500,0 107.966200,-7.091500,0 107.966600,-7.091200,0 107.966600,-7.091100,0 107.966700,-7.091100,0 107.966700,-7.090900,0 107.966600,-7.090700,0 107.966500,-7.090700,0 107.966500,-7.090600,0 107.967000,-7.090600,0 107.967400,-7.090300,0</coordinates></LineString></Placemark><Placemark><name>SS Ranca Ucing</name><styleUrl>#g2</styleUrl><description><![CDATA[<table><tr><td>Luas dilayani</td><td align='right'><b>69,2554</b> ha</td></tr><tr><td>Luas dilayani</td><td align='right'><b>692.554</b> m²</td></tr><tr><td>Jenis saluran</td><td align='right'><b>Sekunder</b> </td></tr><tr><td>Panjang</td><td align='right'><b>1,45</b> km</td></tr><tr><td>Ruas di hulunya</td><td align='right'><b>SS Parigi</b> </td></tr><tr><td>Ruas di hilirnya</td><td align='right'><b>5</b> ruas</td></tr><tr><td>Layanan menempel ruas</td><td align='right'><b>0,0</b> ha</td></tr><tr><td>Tinggi rata-rata</td><td align='right'><b>673,0</b> m dpl</td></tr><tr><td>Rezim</td><td align='right'><b>FL</b> </td></tr><tr><td>Kebutuhan air lewat ruas</td><td align='right'><b>159.604</b> m³</td></tr><tr><td>Kebutuhan air lahan layanannya</td><td align='right'><b>230</b> mm</td></tr><tr><td>Debit di hulu ruas</td><td align='right'><b>16,29</b> l/detik</td></tr><tr><td>NFR</td><td align='right'><b>1,65</b> mm/hari</td></tr><tr><td>Water loss di hilirnya</td><td align='right'><b>994.913</b> m³</td></tr><tr><td>Water loss</td><td align='right'><b>1.437</b> mm</td></tr><tr><td>Air sampai dari bendung</td><td align='right'><b>24,0</b> jam</td></tr><tr><td>Respons hidraulik dari bendung</td><td align='right'><b>17,5</b> jam</td></tr><tr><td>Waktu tempuh ruas ini</td><td align='right'><b>2,26</b> jam</td></tr><tr><td>Kecepatan aliran</td><td align='right'><b>0,179</b> m/detik</td></tr><tr><td>Kedalaman air (rancangan)</td><td align='right'><b>0,16</b> m</td></tr></table>]]></description><LineString><tessellate>1</tessellate><coordinates>107.959400,-7.156500,0 107.960000,-7.156500,0 107.960400,-7.156700,0 107.961100,-7.156800,0 107.961100,-7.156500,0 107.961500,-7.156100,0 107.962200,-7.155800,0 107.963100,-7.155800,0 107.963200,-7.155600,0 107.963300,-7.155600,0 107.963800,-7.155200,0 107.963800,-7.154700,0 107.964100,-7.154300,0 107.964400,-7.153600,0 107.964900,-7.153300,0 107.964700,-7.152600,0 107.964400,-7.152000,0 107.964400,-7.151700,0 107.964500,-7.151700,0 107.964700,-7.151500,0 107.964900,-7.151500,0 107.965400,-7.150400,0 107.965400,-7.150200,0 107.965700,-7.150100,0 107.965700,-7.149800,0 107.966000,-7.149600,0 107.966000,-7.148900,0</coordinates></LineString></Placemark><Placemark><name>RU.1.Ka</name><styleUrl>#g1</styleUrl><description><![CDATA[<table><tr><td>Luas dilayani</td><td align='right'><b>7,2707</b> ha</td></tr><tr><td>Luas dilayani</td><td align='right'><b>72.707</b> m²</td></tr><tr><td>Jenis saluran</td><td align='right'><b>Tersier</b> </td></tr><tr><td>Panjang</td><td align='right'><b>0,58</b> km</td></tr><tr><td>Ruas di hulunya</td><td align='right'><b>SS Ranca Ucing</b> </td></tr><tr><td>Ruas di hilirnya</td><td align='right'><b>0</b> ruas</td></tr><tr><td>Layanan menempel ruas</td><td align='right'><b>7,3</b> ha</td></tr><tr><td>Tinggi rata-rata</td><td align='right'><b>673,0</b> m dpl</td></tr><tr><td>Rezim</td><td align='right'><b>FL</b> </td></tr><tr><td>Kebutuhan air lewat ruas</td><td align='right'><b>16.756</b> m³</td></tr><tr><td>Kebutuhan air lahan layanannya</td><td align='right'><b>230</b> mm</td></tr><tr><td>Debit di hulu ruas</td><td align='right'><b>1,54</b> l/detik</td></tr><tr><td>NFR</td><td align='right'><b>1,65</b> mm/hari</td></tr><tr><td>Water loss di hilirnya</td><td align='right'><b>104.450</b> m³</td></tr><tr><td>Water loss</td><td align='right'><b>1.437</b> mm</td></tr><tr><td>Air sampai dari bendung</td><td align='right'><b>25,1</b> jam</td></tr><tr><td>Respons hidraulik dari bendung</td><td align='right'><b>18,3</b> jam</td></tr><tr><td>Waktu tempuh ruas ini</td><td align='right'><b>1,11</b> jam</td></tr><tr><td>Kecepatan aliran</td><td align='right'><b>0,146</b> m/detik</td></tr><tr><td>Kedalaman air (rancangan)</td><td align='right'><b>0,07</b> m</td></tr></table>]]></description><LineString><tessellate>1</tessellate><coordinates>107.960000,-7.156500,0 107.960000,-7.156600,0 107.961000,-7.156900,0 107.961200,-7.156500,0 107.961600,-7.156100,0 107.961800,-7.156100,0 107.962200,-7.155900,0 107.963200,-7.155800,0 107.963300,-7.155600,0 107.963600,-7.155500,0 107.963700,-7.155300,0 107.964000,-7.155300,0 107.964300,-7.155100,0</coordinates></LineString></Placemark><Placemark><name>SS Citikey Kanan</name><styleUrl>#g3</styleUrl><description><![CDATA[<table><tr><td>Luas dilayani</td><td align='right'><b>76,6814</b> ha</td></tr><tr><td>Luas dilayani</td><td align='right'><b>766.814</b> m²</td></tr><tr><td>Jenis saluran</td><td align='right'><b>Sekunder</b> </td></tr><tr><td>Panjang</td><td align='right'><b>2,41</b> km</td></tr><tr><td>Ruas di hulunya</td><td align='right'><b>Suplesi Cicukanggantung</b> </td></tr><tr><td>Ruas di hilirnya</td><td align='right'><b>8</b> ruas</td></tr><tr><td>Layanan menempel ruas</td><td align='right'><b>0,0</b> ha</td></tr><tr><td>Tinggi rata-rata</td><td align='right'><b>587,0</b> m dpl</td></tr><tr><td>Rezim</td><td align='right'><b>FL</b> </td></tr><tr><td>Kebutuhan air lewat ruas</td><td align='right'><b>203.010</b> m³</td></tr><tr><td>Kebutuhan air lahan layanannya</td><td align='right'><b>265</b> mm</td></tr><tr><td>Debit di hulu ruas</td><td align='right'><b>20,72</b> l/detik</td></tr><tr><td>NFR</td><td align='right'><b>1,89</b> mm/hari</td></tr><tr><td>Water loss di hilirnya</td><td align='right'><b>1.037.495</b> m³</td></tr><tr><td>Water loss</td><td align='right'><b>1.353</b> mm</td></tr><tr><td>Air sampai dari bendung</td><td align='right'><b>25,9</b> jam</td></tr><tr><td>Respons hidraulik dari bendung</td><td align='right'><b>18,9</b> jam</td></tr><tr><td>Waktu tempuh ruas ini</td><td align='right'><b>3,52</b> jam</td></tr><tr><td>Kecepatan aliran</td><td align='right'><b>0,190</b> m/detik</td></tr><tr><td>Kedalaman air (rancangan)</td><td align='right'><b>0,18</b> m</td></tr></table>]]></description><LineString><tessellate>1</tessellate><coordinates>107.958400,-7.085300,0 107.958600,-7.085400,0 107.958600,-7.085500,0 107.959000,-7.085500,0 107.959200,-7.085800,0 107.959100,-7.086800,0 107.959500,-7.086900,0 107.959600,-7.087100,0 107.959600,-7.087600,0 107.959800,-7.087900,0 107.959700,-7.088300,0 107.959800,-7.088400,0 107.960200,-7.088200,0 107.960200,-7.088100,0 107.960800,-7.088000,0 107.961000,-7.087600,0 107.961000,-7.087400,0 107.961800,-7.087100,0 107.962200,-7.087100,0 107.962200,-7.087000,0 107.962300,-7.087000,0 107.962300,-7.086300,0 107.962500,-7.085600,0 107.962600,-7.085500,0 107.962800,-7.085600,0 107.963500,-7.085600,0 107.963500,-7.085500,0 107.963800,-7.085200,0 107.964300,-7.085000,0 107.964500,-7.084800,0 107.964600,-7.083900,0 107.964800,-7.083700,0 107.965700,-7.083700,0 107.965800,-7.083600,0 107.965900,-7.083100,0 107.966200,-7.082500,0 107.966700,-7.082100,0 107.966700,-7.082000,0 107.966800,-7.082000,0 107.966900,-7.081600,0 107.967600,-7.081600,0 107.967600,-7.081700,0 107.968100,-7.081700,0 107.968200,-7.081600,0 107.968500,-7.081600,0 107.968500,-7.081800,0 107.968700,-7.082000,0 107.968700,-7.082100,0 107.969500,-7.082800,0 107.970300,-7.082800,0 107.970600,-7.082600,0 107.970600,-7.082500,0 107.971400,-7.082500,0</coordinates></LineString></Placemark><Placemark><name>SS Parigi</name><styleUrl>#g3</styleUrl><description><![CDATA[<table><tr><td>Luas dilayani</td><td align='right'><b>392,6539</b> ha</td></tr><tr><td>Luas dilayani</td><td align='right'><b>3.926.539</b> m²</td></tr><tr><td>Jenis saluran</td><td align='right'><b>Sekunder</b> </td></tr><tr><td>Panjang</td><td align='right'><b>3,43</b> km</td></tr><tr><td>Ruas di hulunya</td><td align='right'><b>SS Cinanti</b> </td></tr><tr><td>Ruas di hilirnya</td><td align='right'><b>19</b> ruas</td></tr><tr><td>Layanan menempel ruas</td><td align='right'><b>0,0</b> ha</td></tr><tr><td>Tinggi rata-rata</td><td align='right'><b>645,0</b> m dpl</td></tr><tr><td>Rezim</td><td align='right'><b>FL</b> </td></tr><tr><td>Kebutuhan air lewat ruas</td><td align='right'><b>905.108</b> m³</td></tr><tr><td>Kebutuhan air lahan layanannya</td><td align='right'><b>231</b> mm</td></tr><tr><td>Debit di hulu ruas</td><td align='right'><b>92,38</b> l/detik</td></tr><tr><td>NFR</td><td align='right'><b>1,65</b> mm/hari</td></tr><tr><td>Water loss di hilirnya</td><td align='right'><b>5.641.817</b> m³</td></tr><tr><td>Water loss</td><td align='right'><b>1.437</b> mm</td></tr><tr><td>Air sampai dari bendung</td><td align='right'><b>21,7</b> jam</td></tr><tr><td>Respons hidraulik dari bendung</td><td align='right'><b>15,9</b> jam</td></tr><tr><td>Waktu tempuh ruas ini</td><td align='right'><b>3,45</b> jam</td></tr><tr><td>Kecepatan aliran</td><td align='right'><b>0,276</b> m/detik</td></tr><tr><td>Kedalaman air (rancangan)</td><td align='right'><b>0,31</b> m</td></tr></table>]]></description><LineString><tessellate>1</tessellate><coordinates>107.951200,-7.159600,0 107.952600,-7.159200,0 107.952700,-7.159100,0 107.953800,-7.158700,0 107.954400,-7.158700,0 107.954700,-7.158500,0 107.954900,-7.158500,0 107.955400,-7.157800,0 107.955800,-7.157900,0 107.955900,-7.158000,0 107.956200,-7.157800,0 107.957000,-7.157800,0 107.957300,-7.157300,0 107.957700,-7.157300,0 107.958000,-7.157400,0 107.958500,-7.157400,0 107.958900,-7.157300,0 107.959400,-7.156500,0 107.959400,-7.155100,0 107.959200,-7.154700,0 107.958800,-7.153100,0 107.958700,-7.153100,0 107.958500,-7.152800,0 107.958100,-7.152500,0 107.958100,-7.152000,0 107.958000,-7.151800,0 107.958100,-7.151400,0 107.958800,-7.150900,0 107.959000,-7.150600,0 107.959900,-7.149700,0 107.960100,-7.149700,0 107.960300,-7.149600,0 107.960300,-7.149500,0 107.960400,-7.149500,0 107.960400,-7.149000,0 107.960800,-7.148800,0 107.960900,-7.148500,0 107.961500,-7.147700,0 107.962000,-7.146800,0 107.962000,-7.146600,0 107.962300,-7.146000,0 107.962300,-7.145800,0 107.962600,-7.145000,0 107.962600,-7.144000,0 107.963000,-7.143300,0 107.962700,-7.142000,0 107.962000,-7.140500,0 107.961300,-7.140500,0 107.961100,-7.140300,0 107.960000,-7.140300,0 107.960000,-7.140100,0</coordinates></LineString></Placemark><Placemark><name>RU.4.Ka</name><styleUrl>#g1</styleUrl><description><![CDATA[<table><tr><td>Luas dilayani</td><td align='right'><b>12,3125</b> ha</td></tr><tr><td>Luas dilayani</td><td align='right'><b>123.125</b> m²</td></tr><tr><td>Jenis saluran</td><td align='right'><b>Tersier</b> </td></tr><tr><td>Panjang</td><td align='right'><b>0,90</b> km</td></tr><tr><td>Ruas di hulunya</td><td align='right'><b>SS Ranca Ucing</b> </td></tr><tr><td>Ruas di hilirnya</td><td align='right'><b>0</b> ruas</td></tr><tr><td>Layanan menempel ruas</td><td align='right'><b>12,3</b> ha</td></tr><tr><td>Tinggi rata-rata</td><td align='right'><b>673,0</b> m dpl</td></tr><tr><td>Rezim</td><td align='right'><b>FL</b> </td></tr><tr><td>Kebutuhan air lewat ruas</td><td align='right'><b>28.375</b> m³</td></tr><tr><td>Kebutuhan air lahan layanannya</td><td align='right'><b>230</b> mm</td></tr><tr><td>Debit di hulu ruas</td><td align='right'><b>2,61</b> l/detik</td></tr><tr><td>NFR</td><td align='right'><b>1,65</b> mm/hari</td></tr><tr><td>Water loss di hilirnya</td><td align='right'><b>176.879</b> m³</td></tr><tr><td>Water loss</td><td align='right'><b>1.437</b> mm</td></tr><tr><td>Air sampai dari bendung</td><td align='right'><b>25,5</b> jam</td></tr><tr><td>Respons hidraulik dari bendung</td><td align='right'><b>18,6</b> jam</td></tr><tr><td>Waktu tempuh ruas ini</td><td align='right'><b>1,51</b> jam</td></tr><tr><td>Kecepatan aliran</td><td align='right'><b>0,166</b> m/detik</td></tr><tr><td>Kedalaman air (rancangan)</td><td align='right'><b>0,08</b> m</td></tr></table>]]></description><LineString><tessellate>1</tessellate><coordinates>107.963800,-7.155200,0 107.964000,-7.155200,0 107.964300,-7.155000,0 107.964500,-7.154700,0 107.964700,-7.154600,0 107.965300,-7.154500,0 107.965300,-7.154400,0 107.965100,-7.154200,0 107.965500,-7.153800,0 107.965600,-7.153800,0 107.966200,-7.152900,0 107.966000,-7.152600,0 107.965700,-7.152700,0 107.965600,-7.152400,0 107.965000,-7.152400,0 107.964700,-7.152500,0 107.964400,-7.151900,0 107.964700,-7.151500,0 107.965000,-7.151600,0 107.965300,-7.150800,0</coordinates></LineString></Placemark><Placemark><name>SS Citikey Kiri</name><styleUrl>#g3</styleUrl><description><![CDATA[<table><tr><td>Luas dilayani</td><td align='right'><b>170,4157</b> ha</td></tr><tr><td>Luas dilayani</td><td align='right'><b>1.704.157</b> m²</td></tr><tr><td>Jenis saluran</td><td align='right'><b>Sekunder</b> </td></tr><tr><td>Panjang</td><td align='right'><b>6,30</b> km</td></tr><tr><td>Ruas di hulunya</td><td align='right'><b>Suplesi Cicukanggantung</b> </td></tr><tr><td>Ruas di hilirnya</td><td align='right'><b>8</b> ruas</td></tr><tr><td>Layanan menempel ruas</td><td align='right'><b>0,0</b> ha</td></tr><tr><td>Tinggi rata-rata</td><td align='right'><b>578,0</b> m dpl</td></tr><tr><td>Rezim</td><td align='right'><b>FL</b> </td></tr><tr><td>Kebutuhan air lewat ruas</td><td align='right'><b>451.552</b> m³</td></tr><tr><td>Kebutuhan air lahan layanannya</td><td align='right'><b>265</b> mm</td></tr><tr><td>Debit di hulu ruas</td><td align='right'><b>46,09</b> l/detik</td></tr><tr><td>NFR</td><td align='right'><b>1,89</b> mm/hari</td></tr><tr><td>Water loss di hilirnya</td><td align='right'><b>2.306.566</b> m³</td></tr><tr><td>Water loss</td><td align='right'><b>1.353</b> mm</td></tr><tr><td>Air sampai dari bendung</td><td align='right'><b>29,9</b> jam</td></tr><tr><td>Respons hidraulik dari bendung</td><td align='right'><b>21,8</b> jam</td></tr><tr><td>Waktu tempuh ruas ini</td><td align='right'><b>7,54</b> jam</td></tr><tr><td>Kecepatan aliran</td><td align='right'><b>0,232</b> m/detik</td></tr><tr><td>Kedalaman air (rancangan)</td><td align='right'><b>0,24</b> m</td></tr></table>]]></description><LineString><tessellate>1</tessellate><coordinates>107.958300,-7.085300,0 107.958200,-7.085100,0 107.958600,-7.084800,0 107.958600,-7.084300,0 107.958700,-7.084000,0 107.959300,-7.083600,0 107.959300,-7.083400,0 107.959400,-7.083300,0 107.959400,-7.082900,0 107.959300,-7.082800,0 107.959300,-7.082500,0 107.959200,-7.082400,0 107.958900,-7.082300,0 107.958500,-7.082300,0 107.958300,-7.082100,0 107.958300,-7.082000,0 107.958400,-7.082000,0 107.958400,-7.081600,0 107.958300,-7.081500,0 107.958300,-7.081300,0 107.958100,-7.081100,0 107.957600,-7.081000,0 107.957200,-7.080300,0 107.957100,-7.079900,0 107.957500,-7.079400,0 107.957500,-7.078700,0 107.957400,-7.078600,0 107.957500,-7.078000,0 107.957800,-7.077600,0 107.958000,-7.077500,0 107.958300,-7.077500,0 107.958300,-7.077300,0 107.958500,-7.077200,0 107.958600,-7.077000,0 107.958500,-7.076900,0 107.958600,-7.076800,0 107.959400,-7.076800,0 107.959600,-7.076900,0 107.960000,-7.076900,0 107.960100,-7.077000,0 107.960500,-7.076800,0 107.960500,-7.076600,0 107.960400,-7.076400,0 107.960300,-7.076400,0 107.960300,-7.076200,0 107.960400,-7.076200,0 107.960400,-7.076000,0 107.960700,-7.075400,0 107.960900,-7.075200,0 107.960900,-7.075000,0 107.961000,-7.075000,0 107.960900,-7.074600,0 107.961000,-7.073900,0 107.961200,-7.073600,0 107.961200,-7.073400,0 107.961400,-7.073000,0 107.961700,-7.072700,0 107.961500,-7.072200,0 107.960800,-7.071700,0 107.960800,-7.070300,0 107.960900,-7.070000,0 107.961000,-7.069800,0 107.961100,-7.069800,0 107.961500,-7.070100,0 107.962300,-7.070100,0 107.962500,-7.070200,0 107.962800,-7.070200,0 107.963000,-7.070000,0 107.963400,-7.069800,0 107.963900,-7.069800,0 107.964200,-7.069300,0 107.964200,-7.068600,0 107.964100,-7.068200,0 107.963800,-7.067700,0 107.963800,-7.067200,0 107.963700,-7.067200,0 107.963700,-7.067100,0 107.964000,-7.066700,0 107.964200,-7.066700,0 107.964400,-7.066500,0 107.964800,-7.066300,0 107.965000,-7.066300,0 107.965100,-7.066200,0 107.965700,-7.066200,0 107.965700,-7.066100,0 107.965800,-7.066100,0 107.965800,-7.065600,0 107.966400,-7.065600,0 107.967000,-7.065900,0 107.967100,-7.066100,0 107.967800,-7.066100,0 107.968000,-7.066200,0 107.968000,-7.065900,0 107.968600,-7.065700,0 107.968600,-7.066000,0 107.968800,-7.066100,0 107.968800,-7.066200,0 107.969300,-7.066300,0 107.969200,-7.066400,0 107.969500,-7.066500,0 107.969500,-7.066600,0 107.969200,-7.066900,0 107.969000,-7.066900,0 107.969000,-7.067200,0 107.968600,-7.067200,0 107.968600,-7.067600,0 107.968200,-7.068100,0 107.968200,-7.068500,0 107.970400,-7.068500,0 107.970500,-7.068300,0 107.970900,-7.068300,0 107.970800,-7.068400,0 107.971000,-7.068500,0 107.971300,-7.068500,0 107.971400,-7.068400,0 107.971700,-7.068500,0 107.972500,-7.068300,0 107.972600,-7.068000,0 107.972500,-7.067800,0 107.972200,-7.067800,0 107.972200,-7.067900,0 107.971900,-7.067700,0 107.971600,-7.067200,0 107.971700,-7.067100,0 107.972100,-7.067500,0 107.972300,-7.067400,0 107.972300,-7.066900,0 107.972500,-7.066900,0 107.972500,-7.067200,0 107.972800,-7.067200,0 107.972900,-7.067500,0 107.972700,-7.067600,0 107.973000,-7.067800,0 107.973100,-7.068300,0 107.973500,-7.068800,0 107.973500,-7.069600,0 107.974400,-7.069800,0 107.974400,-7.070000,0 107.974600,-7.070500,0 107.975100,-7.070900,0 107.975500,-7.070900,0 107.975500,-7.071300,0 107.975900,-7.071300,0 107.976000,-7.070800,0 107.976400,-7.070800,0 107.976500,-7.070900,0 107.976400,-7.071300,0 107.976800,-7.071500,0 107.977000,-7.071700,0 107.977000,-7.071800,0 107.977100,-7.071800,0</coordinates></LineString></Placemark><Placemark><name>Inlet Situ Bagendit</name><styleUrl>#g0</styleUrl><description><![CDATA[<table><tr><td>Luas dilayani</td><td align='right'><b>0,0000</b> ha</td></tr><tr><td>Luas dilayani</td><td align='right'><b>0</b> m²</td></tr><tr><td>Jenis saluran</td><td align='right'><b>Sekunder</b> </td></tr><tr><td>Panjang</td><td align='right'><b>0,79</b> km</td></tr><tr><td>Ruas di hulunya</td><td align='right'><b>SI Copong</b> </td></tr><tr><td>Ruas di hilirnya</td><td align='right'><b>0</b> ruas</td></tr><tr><td>Layanan menempel ruas</td><td align='right'><b>0,0</b> ha</td></tr><tr><td>Rezim</td><td align='right'><b>FL</b> </td></tr><tr><td>Kebutuhan air lewat ruas</td><td align='right'><b>0</b> m³</td></tr><tr><td>Debit di hulu ruas</td><td align='right'><b>0,00</b> l/detik</td></tr><tr><td>Water loss di hilirnya</td><td align='right'><b>0</b> m³</td></tr></table>]]></description><LineString><tessellate>1</tessellate><coordinates>107.931500,-7.167500,0 107.931700,-7.167400,0 107.931800,-7.167200,0 107.932900,-7.166000,0 107.933300,-7.165700,0 107.933600,-7.165300,0 107.933900,-7.165100,0 107.934100,-7.164700,0 107.934100,-7.163800,0 107.934200,-7.163400,0 107.935400,-7.163200,0 107.935900,-7.163200,0 107.936100,-7.163100,0</coordinates></LineString></Placemark><Placemark><name>CP.Ki.1</name><styleUrl>#g2</styleUrl><description><![CDATA[<table><tr><td>Luas dilayani</td><td align='right'><b>21,4113</b> ha</td></tr><tr><td>Luas dilayani</td><td align='right'><b>214.113</b> m²</td></tr><tr><td>Jenis saluran</td><td align='right'><b>Tersier</b> </td></tr><tr><td>Panjang</td><td align='right'><b>0,44</b> km</td></tr><tr><td>Ruas di hulunya</td><td align='right'><b>SI Copong Kiri</b> </td></tr><tr><td>Ruas di hilirnya</td><td align='right'><b>0</b> ruas</td></tr><tr><td>Layanan menempel ruas</td><td align='right'><b>21,4</b> ha</td></tr><tr><td>Tinggi rata-rata</td><td align='right'><b>674,0</b> m dpl</td></tr><tr><td>Rezim</td><td align='right'><b>FL</b> </td></tr><tr><td>Kebutuhan air lewat ruas</td><td align='right'><b>49.350</b> m³</td></tr><tr><td>Kebutuhan air lahan layanannya</td><td align='right'><b>230</b> mm</td></tr><tr><td>Debit di hulu ruas</td><td align='right'><b>4,53</b> l/detik</td></tr><tr><td>NFR</td><td align='right'><b>1,65</b> mm/hari</td></tr><tr><td>Water loss di hilirnya</td><td align='right'><b>307.547</b> m³</td></tr><tr><td>Water loss</td><td align='right'><b>1.436</b> mm</td></tr><tr><td>Air sampai dari bendung</td><td align='right'><b>4,9</b> jam</td></tr><tr><td>Respons hidraulik dari bendung</td><td align='right'><b>3,6</b> jam</td></tr><tr><td>Waktu tempuh ruas ini</td><td align='right'><b>0,65</b> jam</td></tr><tr><td>Kecepatan aliran</td><td align='right'><b>0,191</b> m/detik</td></tr><tr><td>Kedalaman air (rancangan)</td><td align='right'><b>0,10</b> m</td></tr></table>]]></description><LineString><tessellate>1</tessellate><coordinates>107.933000,-7.161300,0 107.933000,-7.161200,0 107.933400,-7.161000,0 107.933600,-7.160800,0 107.933700,-7.160600,0 107.934600,-7.159600,0 107.935100,-7.158500,0 107.935100,-7.158100,0</coordinates></LineString></Placemark><Placemark><name>SS Copong Kanan</name><styleUrl>#g4</styleUrl><description><![CDATA[<table><tr><td>Luas dilayani</td><td align='right'><b>2.035,1022</b> ha</td></tr><tr><td>Luas dilayani</td><td align='right'><b>20.351.022</b> m²</td></tr><tr><td>Jenis saluran</td><td align='right'><b>Sekunder</b> </td></tr><tr><td>Panjang</td><td align='right'><b>3,53</b> km</td></tr><tr><td>Ruas di hulunya</td><td align='right'><b>SI Copong Kanan</b> </td></tr><tr><td>Ruas di hilirnya</td><td align='right'><b>85</b> ruas</td></tr><tr><td>Layanan menempel ruas</td><td align='right'><b>0,0</b> ha</td></tr><tr><td>Tinggi rata-rata</td><td align='right'><b>682,0</b> m dpl</td></tr><tr><td>Rezim</td><td align='right'><b>FL</b> </td></tr><tr><td>Kebutuhan air lewat ruas</td><td align='right'><b>4.733.738</b> m³</td></tr><tr><td>Kebutuhan air lahan layanannya</td><td align='right'><b>230</b> mm</td></tr><tr><td>Debit di hulu ruas</td><td align='right'><b>483,14</b> l/detik</td></tr><tr><td>NFR</td><td align='right'><b>1,65</b> mm/hari</td></tr><tr><td>Water loss di hilirnya</td><td align='right'><b>30.693.284</b> m³</td></tr><tr><td>Water loss</td><td align='right'><b>1.436</b> mm</td></tr><tr><td>Air sampai dari bendung</td><td align='right'><b>15,1</b> jam</td></tr><tr><td>Respons hidraulik dari bendung</td><td align='right'><b>10,9</b> jam</td></tr><tr><td>Waktu tempuh ruas ini</td><td align='right'><b>2,34</b> jam</td></tr><tr><td>Kecepatan aliran</td><td align='right'><b>0,418</b> m/detik</td></tr><tr><td>Kedalaman air (rancangan)</td><td align='right'><b>0,57</b> m</td></tr></table>]]></description><LineString><tessellate>1</tessellate><coordinates>108.004800,-7.145900,0 108.004400,-7.145700,0 108.004200,-7.145700,0 108.004200,-7.145600,0 108.004000,-7.145600,0 108.004000,-7.145500,0 108.003900,-7.145500,0 108.003900,-7.145400,0 108.003700,-7.145300,0 108.003700,-7.145400,0 108.003500,-7.145400,0 108.003500,-7.145500,0 108.003400,-7.145500,0 108.003400,-7.145400,0 108.003100,-7.145400,0 108.003100,-7.145300,0 108.002500,-7.145200,0 108.002500,-7.145100,0 108.002300,-7.145000,0 108.002200,-7.144700,0 108.002000,-7.144600,0 108.002100,-7.144200,0 108.002000,-7.144200,0 108.002000,-7.144000,0 108.001900,-7.144000,0 108.001900,-7.143500,0 108.002100,-7.143400,0 108.002100,-7.143100,0 108.002000,-7.143000,0 108.002000,-7.142800,0 108.001900,-7.142800,0 108.001900,-7.142600,0 108.002000,-7.142600,0 108.002000,-7.142500,0 108.002600,-7.142500,0 108.002700,-7.142300,0 108.002600,-7.142300,0 108.002600,-7.142200,0 108.002400,-7.142100,0 108.001900,-7.142100,0 108.001800,-7.142000,0 108.001400,-7.142000,0 108.001400,-7.141900,0 108.001300,-7.141900,0 108.001300,-7.141300,0 108.001400,-7.141300,0 108.001400,-7.141100,0 108.001500,-7.141100,0 108.001500,-7.141000,0 108.001600,-7.141000,0 108.001700,-7.140800,0 108.001800,-7.140800,0 108.001800,-7.140600,0 108.001200,-7.140700,0 108.001200,-7.140600,0 108.000800,-7.140400,0 108.000800,-7.140300,0 108.000500,-7.140300,0 108.000500,-7.140200,0 108.000100,-7.140200,0 108.000100,-7.140100,0 108.000000,-7.140100,0 108.000100,-7.139800,0 108.000200,-7.139800,0 108.000200,-7.138700,0 108.000400,-7.138600,0 108.000400,-7.138500,0 108.000500,-7.138500,0 108.000500,-7.138400,0 108.000700,-7.138400,0 108.000700,-7.138200,0 108.000600,-7.138100,0 108.000400,-7.138100,0 108.000300,-7.138200,0 108.000100,-7.138200,0 108.000100,-7.138300,0 108.000000,-7.138300,0 108.000000,-7.138400,0 107.999800,-7.138500,0 107.999300,-7.138500,0 107.999300,-7.138400,0 107.999100,-7.138300,0 107.999100,-7.138100,0 107.999000,-7.138100,0 107.999000,-7.137800,0 107.998900,-7.137600,0 107.998500,-7.137500,0 107.998500,-7.137400,0 107.998000,-7.137400,0 107.997800,-7.137300,0 107.997700,-7.137100,0 107.997700,-7.136600,0 107.997800,-7.136600,0 107.997800,-7.135900,0 107.997700,-7.135800,0 107.997700,-7.135500,0 107.997600,-7.135500,0 107.997600,-7.134700,0 107.997700,-7.134700,0 107.997700,-7.134200,0 107.997800,-7.134200,0 107.997800,-7.134000,0 107.997900,-7.133900,0 107.997900,-7.133500,0 107.997800,-7.133500,0 107.997800,-7.133300,0 107.997700,-7.133300,0 107.997700,-7.133100,0 107.997600,-7.133100,0 107.997600,-7.132900,0 107.997500,-7.132900,0 107.997500,-7.132700,0 107.997400,-7.132700,0 107.997400,-7.132600,0 107.997200,-7.132400,0 107.996800,-7.132400,0 107.996700,-7.132500,0 107.995900,-7.132500,0 107.995900,-7.132400,0 107.995600,-7.132300,0 107.995600,-7.132200,0 107.995400,-7.132100,0 107.995200,-7.132100,0 107.995200,-7.132000,0 107.994700,-7.132000,0 107.994700,-7.132100,0 107.994400,-7.132100,0 107.994400,-7.132200,0 107.994200,-7.132200,0 107.993900,-7.132400,0 107.993600,-7.132400,0 107.993600,-7.132300,0 107.993200,-7.132300,0 107.993200,-7.132400,0 107.993000,-7.132400,0</coordinates></LineString></Placemark><Placemark><name>CO.3</name><styleUrl>#g2</styleUrl><description><![CDATA[<table><tr><td>Luas dilayani</td><td align='right'><b>23,8498</b> ha</td></tr><tr><td>Luas dilayani</td><td align='right'><b>238.498</b> m²</td></tr><tr><td>Jenis saluran</td><td align='right'><b>Tersier</b> </td></tr><tr><td>Panjang</td><td align='right'><b>0,32</b> km</td></tr><tr><td>Ruas di hulunya</td><td align='right'><b>SS Cikondang</b> </td></tr><tr><td>Ruas di hilirnya</td><td align='right'><b>0</b> ruas</td></tr><tr><td>Layanan menempel ruas</td><td align='right'><b>23,8</b> ha</td></tr><tr><td>Tinggi rata-rata</td><td align='right'><b>633,0</b> m dpl</td></tr><tr><td>Rezim</td><td align='right'><b>FL</b> </td></tr><tr><td>Kebutuhan air lewat ruas</td><td align='right'><b>53.165</b> m³</td></tr><tr><td>Kebutuhan air lahan layanannya</td><td align='right'><b>223</b> mm</td></tr><tr><td>Debit di hulu ruas</td><td align='right'><b>4,88</b> l/detik</td></tr><tr><td>NFR</td><td align='right'><b>1,59</b> mm/hari</td></tr><tr><td>Water loss di hilirnya</td><td align='right'><b>344.230</b> m³</td></tr><tr><td>Water loss</td><td align='right'><b>1.443</b> mm</td></tr><tr><td>Air sampai dari bendung</td><td align='right'><b>20,0</b> jam</td></tr><tr><td>Respons hidraulik dari bendung</td><td align='right'><b>14,5</b> jam</td></tr><tr><td>Waktu tempuh ruas ini</td><td align='right'><b>0,45</b> jam</td></tr><tr><td>Kecepatan aliran</td><td align='right'><b>0,194</b> m/detik</td></tr><tr><td>Kedalaman air (rancangan)</td><td align='right'><b>0,11</b> m</td></tr></table>]]></description><LineString><tessellate>1</tessellate><coordinates>107.976000,-7.114700,0 107.976000,-7.114200,0 107.975900,-7.114200,0 107.975900,-7.114100,0 107.975300,-7.114100,0 107.975300,-7.114000,0 107.975200,-7.114000,0 107.975400,-7.113500,0 107.975400,-7.113400,0 107.975300,-7.113400,0 107.975300,-7.113000,0 107.975400,-7.112800,0</coordinates></LineString></Placemark><Placemark><name>SS Sawah Bera</name><styleUrl>#g3</styleUrl><description><![CDATA[<table><tr><td>Luas dilayani</td><td align='right'><b>135,8791</b> ha</td></tr><tr><td>Luas dilayani</td><td align='right'><b>1.358.791</b> m²</td></tr><tr><td>Jenis saluran</td><td align='right'><b>Tersier</b> </td></tr><tr><td>Panjang</td><td align='right'><b>5,58</b> km</td></tr><tr><td>Ruas di hulunya</td><td align='right'><b>SS Parigi</b> </td></tr><tr><td>Ruas di hilirnya</td><td align='right'><b>1</b> ruas</td></tr><tr><td>Layanan menempel ruas</td><td align='right'><b>101,6</b> ha</td></tr><tr><td>Tinggi rata-rata</td><td align='right'><b>645,0</b> m dpl</td></tr><tr><td>Rezim</td><td align='right'><b>FL</b> </td></tr><tr><td>Kebutuhan air lewat ruas</td><td align='right'><b>313.263</b> m³</td></tr><tr><td>Kebutuhan air lahan layanannya</td><td align='right'><b>231</b> mm</td></tr><tr><td>Debit di hulu ruas</td><td align='right'><b>28,78</b> l/detik</td></tr><tr><td>NFR</td><td align='right'><b>1,65</b> mm/hari</td></tr><tr><td>Water loss di hilirnya</td><td align='right'><b>1.952.769</b> m³</td></tr><tr><td>Water loss</td><td align='right'><b>1.437</b> mm</td></tr><tr><td>Air sampai dari bendung</td><td align='right'><b>26,8</b> jam</td></tr><tr><td>Respons hidraulik dari bendung</td><td align='right'><b>19,7</b> jam</td></tr><tr><td>Waktu tempuh ruas ini</td><td align='right'><b>5,12</b> jam</td></tr><tr><td>Kecepatan aliran</td><td align='right'><b>0,303</b> m/detik</td></tr><tr><td>Kedalaman air (rancangan)</td><td align='right'><b>0,21</b> m</td></tr></table>]]></description><LineString><tessellate>1</tessellate><coordinates>107.960000,-7.140100,0 107.960700,-7.139700,0 107.960900,-7.139200,0 107.960900,-7.138700,0 107.960200,-7.138700,0 107.959600,-7.138500,0 107.959600,-7.138400,0 107.959900,-7.138400,0 107.960300,-7.138300,0 107.960400,-7.138200,0 107.961000,-7.138300,0 107.961600,-7.138200,0 107.961600,-7.138000,0 107.961900,-7.138000,0 107.962700,-7.137600,0 107.963400,-7.137600,0 107.963400,-7.137300,0 107.963300,-7.137200,0 107.962900,-7.137200,0 107.962900,-7.136600,0 107.963000,-7.136400,0 107.963200,-7.136300,0 107.963400,-7.135900,0 107.963600,-7.135700,0 107.964100,-7.134400,0 107.964200,-7.134300,0 107.964400,-7.134300,0 107.964500,-7.133600,0 107.964700,-7.133500,0 107.964600,-7.132600,0 107.964300,-7.132200,0 107.964300,-7.132100,0 107.963800,-7.132200,0 107.963700,-7.132300,0 107.963500,-7.132200,0 107.963100,-7.132200,0 107.963100,-7.132300,0 107.963000,-7.132300,0 107.962900,-7.132500,0 107.962700,-7.132500,0 107.962700,-7.132600,0 107.962100,-7.132300,0 107.961900,-7.132300,0 107.961800,-7.131700,0 107.961600,-7.131500,0 107.961300,-7.131500,0 107.961200,-7.131400,0 107.961000,-7.131400,0 107.960600,-7.131600,0 107.960300,-7.132000,0 107.959500,-7.132500,0 107.959200,-7.132600,0 107.959000,-7.132500,0 107.959000,-7.132100,0 107.958700,-7.131600,0 107.958700,-7.131300,0 107.958500,-7.130900,0 107.958600,-7.129800,0 107.958700,-7.129800,0 107.958500,-7.129300,0 107.958500,-7.128400,0 107.959000,-7.127700,0 107.959100,-7.127400,0 107.959300,-7.127200,0 107.959800,-7.127300,0 107.960100,-7.127600,0 107.960100,-7.127700,0 107.960500,-7.128000,0 107.960600,-7.128000,0 107.960600,-7.128100,0 107.960900,-7.128100,0 107.961300,-7.128300,0 107.961500,-7.128300,0 107.961700,-7.128100,0 107.961400,-7.127500,0 107.961500,-7.127300,0 107.962300,-7.126900,0 107.962600,-7.126900,0 107.962600,-7.127000,0 107.962800,-7.127200,0 107.963100,-7.127200,0 107.963300,-7.127100,0 107.963300,-7.126600,0 107.963100,-7.126500,0 107.963100,-7.125500,0 107.962900,-7.125300,0 107.962900,-7.125100,0 107.963000,-7.125000,0 107.963000,-7.124600,0 107.963400,-7.124300,0 107.963500,-7.124100,0 107.963400,-7.123900,0 107.963400,-7.123600,0 107.963500,-7.123600,0 107.963500,-7.123400,0 107.963600,-7.123400,0 107.963600,-7.123100,0 107.963500,-7.123100,0 107.963500,-7.123000,0 107.963300,-7.123000,0 107.963400,-7.122800,0 107.963400,-7.122100,0 107.963200,-7.122000,0 107.963200,-7.121800,0 107.963000,-7.121700,0 107.963000,-7.121400,0 107.963100,-7.121300,0 107.963000,-7.121000,0 107.962600,-7.120700,0 107.962600,-7.120600,0 107.962400,-7.120400,0 107.962100,-7.120500,0 107.961900,-7.120200,0 107.961500,-7.120200,0 107.961100,-7.119900,0 107.960200,-7.119600,0 107.960100,-7.119500,0 107.960200,-7.119500,0 107.960200,-7.119300,0 107.960300,-7.119200,0 107.960200,-7.118900,0 107.960000,-7.118700,0 107.960000,-7.118100,0 107.960200,-7.117900,0 107.960100,-7.117400,0 107.960400,-7.116800,0 107.960600,-7.116800,0 107.960600,-7.116500,0 107.960400,-7.116200,0 107.959900,-7.116200,0 107.960000,-7.115100,0 107.960100,-7.115000,0</coordinates></LineString></Placemark><Placemark><name>SS Situ Bagendit</name><styleUrl>#g3</styleUrl><description><![CDATA[<table><tr><td>Luas dilayani</td><td align='right'><b>88,2041</b> ha</td></tr><tr><td>Luas dilayani</td><td align='right'><b>882.041</b> m²</td></tr><tr><td>Jenis saluran</td><td align='right'><b>Sekunder</b> </td></tr><tr><td>Panjang</td><td align='right'><b>3,93</b> km</td></tr><tr><td>Ruas di hulunya</td><td align='right'><b>SS Parigi</b> </td></tr><tr><td>Ruas di hilirnya</td><td align='right'><b>5</b> ruas</td></tr><tr><td>Layanan menempel ruas</td><td align='right'><b>0,0</b> ha</td></tr><tr><td>Tinggi rata-rata</td><td align='right'><b>678,0</b> m dpl</td></tr><tr><td>Rezim</td><td align='right'><b>FL</b> </td></tr><tr><td>Kebutuhan air lewat ruas</td><td align='right'><b>203.274</b> m³</td></tr><tr><td>Kebutuhan air lahan layanannya</td><td align='right'><b>230</b> mm</td></tr><tr><td>Debit di hulu ruas</td><td align='right'><b>20,75</b> l/detik</td></tr><tr><td>NFR</td><td align='right'><b>1,65</b> mm/hari</td></tr><tr><td>Water loss di hilirnya</td><td align='right'><b>1.266.840</b> m³</td></tr><tr><td>Water loss</td><td align='right'><b>1.436</b> mm</td></tr><tr><td>Air sampai dari bendung</td><td align='right'><b>27,5</b> jam</td></tr><tr><td>Respons hidraulik dari bendung</td><td align='right'><b>20,1</b> jam</td></tr><tr><td>Waktu tempuh ruas ini</td><td align='right'><b>5,73</b> jam</td></tr><tr><td>Kecepatan aliran</td><td align='right'><b>0,190</b> m/detik</td></tr><tr><td>Kedalaman air (rancangan)</td><td align='right'><b>0,18</b> m</td></tr></table>]]></description><LineString><tessellate>1</tessellate><coordinates>107.952200,-7.159300,0 107.952300,-7.159600,0 107.952400,-7.159600,0 107.952500,-7.159800,0 107.952500,-7.160000,0 107.952600,-7.160000,0 107.952700,-7.160200,0 107.952800,-7.160600,0 107.952900,-7.160600,0 107.953000,-7.160800,0 107.953000,-7.161000,0 107.953100,-7.161000,0 107.953100,-7.161800,0 107.953200,-7.162100,0 107.953400,-7.162100,0 107.953500,-7.162200,0 107.953900,-7.162200,0 107.954200,-7.162400,0 107.954300,-7.162300,0 107.954800,-7.162400,0 107.955200,-7.162600,0 107.955500,-7.162900,0 107.956100,-7.163100,0 107.956100,-7.163200,0 107.956300,-7.163300,0 107.956300,-7.163400,0 107.956700,-7.163800,0 107.957900,-7.163800,0 107.958100,-7.163700,0 107.958300,-7.163400,0 107.958400,-7.163400,0 107.958400,-7.162700,0 107.958300,-7.162600,0 107.958100,-7.162600,0 107.958100,-7.162400,0 107.958200,-7.162300,0 107.958200,-7.161800,0 107.958300,-7.161800,0 107.958300,-7.161500,0 107.958400,-7.161500,0 107.958400,-7.161200,0 107.958600,-7.161200,0 107.958600,-7.161100,0 107.959000,-7.161000,0 107.959200,-7.160800,0 107.959500,-7.160700,0 107.959900,-7.160700,0 107.960000,-7.160500,0 107.960200,-7.160400,0 107.960600,-7.160400,0 107.960800,-7.160200,0 107.961000,-7.160200,0 107.961100,-7.160100,0 107.961300,-7.160100,0 107.961400,-7.160300,0 107.961600,-7.160400,0 107.962100,-7.160200,0 107.962500,-7.160200,0 107.962600,-7.160100,0 107.962800,-7.160100,0 107.962800,-7.160200,0 107.963100,-7.160400,0 107.963600,-7.160400,0 107.963600,-7.160200,0 107.963900,-7.160200,0 107.963900,-7.160000,0 107.964200,-7.159400,0 107.964200,-7.159000,0 107.964300,-7.158900,0 107.964300,-7.158400,0 107.964200,-7.158200,0 107.964700,-7.158200,0 107.965200,-7.158500,0 107.965700,-7.158500,0 107.965700,-7.158400,0 107.965900,-7.158200,0 107.966500,-7.157800,0 107.966800,-7.157800,0 107.967300,-7.157500,0 107.967600,-7.157500,0 107.967700,-7.157400,0 107.968500,-7.157200,0 107.968600,-7.157100,0 107.968800,-7.157100,0 107.969000,-7.156800,0 107.969700,-7.156800,0 107.969900,-7.156700,0 107.969900,-7.156500,0 107.970000,-7.156500,0 107.970000,-7.156400,0 107.970300,-7.156300,0 107.970300,-7.155700,0 107.970200,-7.155500,0 107.970200,-7.154800,0 107.970300,-7.154500,0 107.969900,-7.154300,0 107.969400,-7.154300,0 107.969300,-7.153700,0 107.969200,-7.153700,0 107.969000,-7.153500,0 107.968900,-7.153300,0 107.968900,-7.152900,0 107.968800,-7.152600,0 107.968400,-7.152100,0 107.968500,-7.152100,0 107.968500,-7.151900,0 107.968400,-7.151900,0 107.968400,-7.151300,0 107.968500,-7.151200,0 107.968500,-7.150900,0 107.968700,-7.150900,0</coordinates></LineString></Placemark><Placemark><name>BG.1.Ki</name><styleUrl>#g1</styleUrl><description><![CDATA[<table><tr><td>Luas dilayani</td><td align='right'><b>11,3978</b> ha</td></tr><tr><td>Luas dilayani</td><td align='right'><b>113.978</b> m²</td></tr><tr><td>Jenis saluran</td><td align='right'><b>Tersier</b> </td></tr><tr><td>Panjang</td><td align='right'><b>0,27</b> km</td></tr><tr><td>Ruas di hulunya</td><td align='right'><b>SS Situ Bagendit</b> </td></tr><tr><td>Ruas di hilirnya</td><td align='right'><b>0</b> ruas</td></tr><tr><td>Layanan menempel ruas</td><td align='right'><b>11,4</b> ha</td></tr><tr><td>Tinggi rata-rata</td><td align='right'><b>678,0</b> m dpl</td></tr><tr><td>Rezim</td><td align='right'><b>FL</b> </td></tr><tr><td>Kebutuhan air lewat ruas</td><td align='right'><b>26.267</b> m³</td></tr><tr><td>Kebutuhan air lahan layanannya</td><td align='right'><b>230</b> mm</td></tr><tr><td>Debit di hulu ruas</td><td align='right'><b>2,41</b> l/detik</td></tr><tr><td>NFR</td><td align='right'><b>1,65</b> mm/hari</td></tr><tr><td>Water loss di hilirnya</td><td align='right'><b>163.701</b> m³</td></tr><tr><td>Water loss</td><td align='right'><b>1.436</b> mm</td></tr><tr><td>Air sampai dari bendung</td><td align='right'><b>27,9</b> jam</td></tr><tr><td>Respons hidraulik dari bendung</td><td align='right'><b>20,4</b> jam</td></tr><tr><td>Waktu tempuh ruas ini</td><td align='right'><b>0,46</b> jam</td></tr><tr><td>Kecepatan aliran</td><td align='right'><b>0,163</b> m/detik</td></tr><tr><td>Kedalaman air (rancangan)</td><td align='right'><b>0,08</b> m</td></tr></table>]]></description><LineString><tessellate>1</tessellate><coordinates>107.958400,-7.161200,0 107.957800,-7.161000,0 107.957600,-7.161100,0 107.957500,-7.161000,0 107.956700,-7.161200,0 107.956400,-7.161200,0 107.956300,-7.161500,0</coordinates></LineString></Placemark><Placemark><name>SS Cinanti</name><styleUrl>#g4</styleUrl><description><![CDATA[<table><tr><td>Luas dilayani</td><td align='right'><b>579,4958</b> ha</td></tr><tr><td>Luas dilayani</td><td align='right'><b>5.794.958</b> m²</td></tr><tr><td>Jenis saluran</td><td align='right'><b>Sekunder</b> </td></tr><tr><td>Panjang</td><td align='right'><b>4,79</b> km</td></tr><tr><td>Ruas di hulunya</td><td align='right'><b>CN.6M</b> </td></tr><tr><td>Ruas di hilirnya</td><td align='right'><b>30</b> ruas</td></tr><tr><td>Layanan menempel ruas</td><td align='right'><b>0,0</b> ha</td></tr><tr><td>Tinggi rata-rata</td><td align='right'><b>639,0</b> m dpl</td></tr><tr><td>Rezim</td><td align='right'><b>FL</b> </td></tr><tr><td>Kebutuhan air lewat ruas</td><td align='right'><b>1.335.668</b> m³</td></tr><tr><td>Kebutuhan air lahan layanannya</td><td align='right'><b>230</b> mm</td></tr><tr><td>Debit di hulu ruas</td><td align='right'><b>136,32</b> l/detik</td></tr><tr><td>NFR</td><td align='right'><b>1,65</b> mm/hari</td></tr><tr><td>Water loss di hilirnya</td><td align='right'><b>8.327.384</b> m³</td></tr><tr><td>Water loss</td><td align='right'><b>1.437</b> mm</td></tr><tr><td>Air sampai dari bendung</td><td align='right'><b>18,3</b> jam</td></tr><tr><td>Respons hidraulik dari bendung</td><td align='right'><b>13,3</b> jam</td></tr><tr><td>Waktu tempuh ruas ini</td><td align='right'><b>4,36</b> jam</td></tr><tr><td>Kecepatan aliran</td><td align='right'><b>0,305</b> m/detik</td></tr><tr><td>Kedalaman air (rancangan)</td><td align='right'><b>0,36</b> m</td></tr></table>]]></description><LineString><tessellate>1</tessellate><coordinates>107.958100,-7.152300,0 107.957900,-7.151500,0 107.957900,-7.150700,0 107.958100,-7.150400,0 107.958400,-7.150400,0 107.958700,-7.150000,0 107.958700,-7.149800,0 107.958300,-7.149000,0 107.958000,-7.148900,0 107.957600,-7.149000,0 107.957100,-7.149000,0 107.956700,-7.149100,0 107.956200,-7.149400,0 107.955700,-7.149300,0 107.955100,-7.148900,0 107.954600,-7.148900,0 107.954400,-7.148800,0 107.954000,-7.149100,0 107.953900,-7.149100,0 107.953700,-7.148900,0 107.953700,-7.148600,0 107.953600,-7.148500,0 107.953400,-7.148500,0 107.953200,-7.148200,0 107.952900,-7.148100,0 107.951900,-7.148000,0 107.951000,-7.147800,0 107.950500,-7.147800,0 107.950200,-7.147600,0 107.950000,-7.147400,0 107.950000,-7.147300,0 107.949900,-7.147300,0 107.949400,-7.147700,0 107.949200,-7.147300,0 107.948600,-7.147200,0 107.948400,-7.147000,0 107.948200,-7.146200,0 107.947800,-7.145800,0 107.947800,-7.145700,0 107.946900,-7.145200,0 107.946300,-7.145300,0 107.946100,-7.145100,0 107.946100,-7.144200,0 107.946200,-7.144100,0 107.946500,-7.144100,0 107.946700,-7.143900,0 107.946800,-7.143900,0 107.946800,-7.143800,0 107.946900,-7.143800,0 107.946900,-7.143700,0 107.947500,-7.143400,0 107.947800,-7.143400,0 107.948100,-7.143200,0 107.948100,-7.141500,0 107.948000,-7.141200,0 107.947900,-7.141100,0 107.947500,-7.141100,0 107.946800,-7.140500,0 107.946200,-7.140300,0 107.946000,-7.140000,0 107.945900,-7.140000,0 107.945800,-7.139800,0 107.945500,-7.139600,0 107.945000,-7.139000,0 107.945000,-7.138700,0 107.944900,-7.138500,0 107.944900,-7.137900,0 107.945200,-7.137200,0 107.945200,-7.136900,0 107.945100,-7.136700,0 107.945200,-7.135900,0 107.945300,-7.135800,0 107.946100,-7.135500,0 107.946700,-7.134900,0 107.947000,-7.134300,0 107.946900,-7.134200,0 107.945800,-7.134200,0 107.945400,-7.134000,0 107.945200,-7.133200,0 107.945200,-7.132900,0 107.945000,-7.132600,0 107.945000,-7.132400,0 107.944600,-7.132000,0 107.944500,-7.132000,0 107.944400,-7.131800,0 107.944400,-7.131500,0 107.943300,-7.130600,0 107.942800,-7.129900,0 107.942700,-7.129900,0 107.942500,-7.129400,0 107.942500,-7.129100,0 107.942700,-7.128700,0 107.942200,-7.128500,0</coordinates></LineString></Placemark><Placemark><name>Suplesi Situ Rancakukuk</name><styleUrl>#g0</styleUrl><description><![CDATA[<table><tr><td>Luas dilayani</td><td align='right'><b>0,0000</b> ha</td></tr><tr><td>Luas dilayani</td><td align='right'><b>0</b> m²</td></tr><tr><td>Jenis saluran</td><td align='right'><b>Suplesi</b> </td></tr><tr><td>Panjang</td><td align='right'><b>0,96</b> km</td></tr><tr><td>Ruas di hulunya</td><td align='right'><b>SS Cinanti</b> </td></tr><tr><td>Ruas di hilirnya</td><td align='right'><b>0</b> ruas</td></tr><tr><td>Layanan menempel ruas</td><td align='right'><b>0,0</b> ha</td></tr><tr><td>Rezim</td><td align='right'><b>FL</b> </td></tr><tr><td>Kebutuhan air lewat ruas</td><td align='right'><b>0</b> m³</td></tr><tr><td>Debit di hulu ruas</td><td align='right'><b>0,00</b> l/detik</td></tr><tr><td>Water loss di hilirnya</td><td align='right'><b>0</b> m³</td></tr></table>]]></description><LineString><tessellate>1</tessellate><coordinates>107.954300,-7.141600,0 107.954500,-7.142000,0 107.954500,-7.143400,0 107.953600,-7.145400,0 107.953300,-7.145600,0 107.952600,-7.145800,0 107.952300,-7.146000,0 107.952000,-7.146000,0 107.952000,-7.145900,0 107.951700,-7.145800,0 107.951500,-7.146100,0 107.951000,-7.146500,0 107.950900,-7.146700,0 107.950600,-7.146800,0 107.950300,-7.147100,0 107.949900,-7.147300,0</coordinates></LineString></Placemark><Placemark><name>CP.1-1.Ka</name><styleUrl>#g3</styleUrl><description><![CDATA[<table><tr><td>Luas dilayani</td><td align='right'><b>149,9850</b> ha</td></tr><tr><td>Luas dilayani</td><td align='right'><b>1.499.850</b> m²</td></tr><tr><td>Jenis saluran</td><td align='right'><b>Tersier</b> </td></tr><tr><td>Panjang</td><td align='right'><b>1,46</b> km</td></tr><tr><td>Ruas di hilirnya</td><td align='right'><b>0</b> ruas</td></tr><tr><td>Layanan menempel ruas</td><td align='right'><b>150,0</b> ha</td></tr><tr><td>Tinggi rata-rata</td><td align='right'><b>690,0</b> m dpl</td></tr><tr><td>Rezim</td><td align='right'><b>FL</b> </td></tr><tr><td>Kebutuhan air lewat ruas</td><td align='right'><b>345.582</b> m³</td></tr><tr><td>Kebutuhan air lahan layanannya</td><td align='right'><b>230</b> mm</td></tr><tr><td>Debit di hulu ruas</td><td align='right'><b>31,74</b> l/detik</td></tr><tr><td>NFR</td><td align='right'><b>1,65</b> mm/hari</td></tr><tr><td>Water loss di hilirnya</td><td align='right'><b>2.153.316</b> m³</td></tr><tr><td>Water loss</td><td align='right'><b>1.436</b> mm</td></tr><tr><td>Waktu tempuh ruas ini</td><td align='right'><b>1,30</b> jam</td></tr><tr><td>Kecepatan aliran</td><td align='right'><b>0,310</b> m/detik</td></tr><tr><td>Kedalaman air (rancangan)</td><td align='right'><b>0,22</b> m</td></tr></table>]]></description><LineString><tessellate>1</tessellate><coordinates>107.922300,-7.180300,0 107.922300,-7.179700,0 107.922400,-7.179300,0 107.922500,-7.179200,0 107.922500,-7.178800,0 107.923600,-7.178800,0 107.923600,-7.179400,0 107.923900,-7.179500,0 107.924600,-7.179500,0 107.924600,-7.179400,0 107.924900,-7.179400,0 107.924900,-7.179200,0 107.925700,-7.179200,0 107.926100,-7.179100,0 107.927400,-7.179100,0 107.927800,-7.179000,0 107.927900,-7.178900,0 107.928300,-7.178900,0 107.929200,-7.178500,0 107.929400,-7.178500,0 107.929500,-7.178300,0 107.930000,-7.178200,0 107.930300,-7.177900,0 107.930500,-7.178000,0 107.930800,-7.177900,0 107.932700,-7.177900,0</coordinates></LineString></Placemark><Placemark><name>CP.2.Ka</name><styleUrl>#g2</styleUrl><description><![CDATA[<table><tr><td>Luas dilayani</td><td align='right'><b>75,3271</b> ha</td></tr><tr><td>Luas dilayani</td><td align='right'><b>753.271</b> m²</td></tr><tr><td>Jenis saluran</td><td align='right'><b>Tersier</b> </td></tr><tr><td>Panjang</td><td align='right'><b>1,24</b> km</td></tr><tr><td>Ruas di hulunya</td><td align='right'><b>SI Copong</b> </td></tr><tr><td>Ruas di hilirnya</td><td align='right'><b>2</b> ruas</td></tr><tr><td>Layanan menempel ruas</td><td align='right'><b>75,3</b> ha</td></tr><tr><td>Tinggi rata-rata</td><td align='right'><b>688,0</b> m dpl</td></tr><tr><td>Rezim</td><td align='right'><b>FL</b> </td></tr><tr><td>Kebutuhan air lewat ruas</td><td align='right'><b>173.565</b> m³</td></tr><tr><td>Kebutuhan air lahan layanannya</td><td align='right'><b>230</b> mm</td></tr><tr><td>Debit di hulu ruas</td><td align='right'><b>15,94</b> l/detik</td></tr><tr><td>NFR</td><td align='right'><b>1,65</b> mm/hari</td></tr><tr><td>Water loss di hilirnya</td><td align='right'><b>1.081.700</b> m³</td></tr><tr><td>Water loss</td><td align='right'><b>1.436</b> mm</td></tr><tr><td>Air sampai dari bendung</td><td align='right'><b>4,0</b> jam</td></tr><tr><td>Respons hidraulik dari bendung</td><td align='right'><b>2,9</b> jam</td></tr><tr><td>Waktu tempuh ruas ini</td><td align='right'><b>1,32</b> jam</td></tr><tr><td>Kecepatan aliran</td><td align='right'><b>0,261</b> m/detik</td></tr><tr><td>Kedalaman air (rancangan)</td><td align='right'><b>0,17</b> m</td></tr></table>]]></description><MultiGeometry><LineString><tessellate>1</tessellate><coordinates>107.925000,-7.176100,0 107.925100,-7.176100,0</coordinates></LineString><LineString><tessellate>1</tessellate><coordinates>107.925100,-7.176100,0 107.925700,-7.176100,0 107.925700,-7.175600,0 107.926000,-7.175400,0 107.926100,-7.174700,0 107.926200,-7.174700,0 107.926300,-7.174300,0 107.928300,-7.174300,0 107.928200,-7.174600,0 107.928400,-7.174800,0</coordinates></LineString><LineString><tessellate>1</tessellate><coordinates>107.925100,-7.176100,0 107.925200,-7.174400,0 107.927200,-7.172300,0 107.928000,-7.171600,0 107.928000,-7.171500,0</coordinates></LineString></MultiGeometry></Placemark><Placemark><name>CP.1.Ka</name><styleUrl>#g3</styleUrl><description><![CDATA[<table><tr><td>Luas dilayani</td><td align='right'><b>120,7589</b> ha</td></tr><tr><td>Luas dilayani</td><td align='right'><b>1.207.589</b> m²</td></tr><tr><td>Jenis saluran</td><td align='right'><b>Tersier</b> </td></tr><tr><td>Panjang</td><td align='right'><b>1,01</b> km</td></tr><tr><td>Ruas di hulunya</td><td align='right'><b>SI Copong</b> </td></tr><tr><td>Ruas di hilirnya</td><td align='right'><b>0</b> ruas</td></tr><tr><td>Layanan menempel ruas</td><td align='right'><b>120,8</b> ha</td></tr><tr><td>Tinggi rata-rata</td><td align='right'><b>688,0</b> m dpl</td></tr><tr><td>Rezim</td><td align='right'><b>FL</b> </td></tr><tr><td>Kebutuhan air lewat ruas</td><td align='right'><b>278.246</b> m³</td></tr><tr><td>Kebutuhan air lahan layanannya</td><td align='right'><b>230</b> mm</td></tr><tr><td>Debit di hulu ruas</td><td align='right'><b>25,56</b> l/detik</td></tr><tr><td>NFR</td><td align='right'><b>1,65</b> mm/hari</td></tr><tr><td>Water loss di hilirnya</td><td align='right'><b>1.734.102</b> m³</td></tr><tr><td>Water loss</td><td align='right'><b>1.436</b> mm</td></tr><tr><td>Air sampai dari bendung</td><td align='right'><b>3,6</b> jam</td></tr><tr><td>Respons hidraulik dari bendung</td><td align='right'><b>2,7</b> jam</td></tr><tr><td>Waktu tempuh ruas ini</td><td align='right'><b>0,95</b> jam</td></tr><tr><td>Kecepatan aliran</td><td align='right'><b>0,294</b> m/detik</td></tr><tr><td>Kedalaman air (rancangan)</td><td align='right'><b>0,20</b> m</td></tr></table>]]></description><LineString><tessellate>1</tessellate><coordinates>107.920100,-7.184000,0 107.920100,-7.184100,0 107.921300,-7.184100,0 107.921700,-7.183900,0 107.921900,-7.183700,0 107.922100,-7.182600,0 107.922200,-7.181000,0 107.922500,-7.181000,0 107.922500,-7.180400,0 107.922700,-7.180400,0 107.922600,-7.180700,0 107.922800,-7.180700,0 107.922700,-7.181100,0 107.923000,-7.181100,0 107.923100,-7.180600,0 107.923300,-7.180600,0 107.923300,-7.180500,0 107.924500,-7.180600,0</coordinates></LineString></Placemark><Placemark><name>CP.3.Ka.1</name><styleUrl>#g2</styleUrl><description><![CDATA[<table><tr><td>Luas dilayani</td><td align='right'><b>29,0548</b> ha</td></tr><tr><td>Luas dilayani</td><td align='right'><b>290.548</b> m²</td></tr><tr><td>Jenis saluran</td><td align='right'><b>Tersier</b> </td></tr><tr><td>Panjang</td><td align='right'><b>0,04</b> km</td></tr><tr><td>Ruas di hulunya</td><td align='right'><b>SI Copong</b> </td></tr><tr><td>Ruas di hilirnya</td><td align='right'><b>0</b> ruas</td></tr><tr><td>Layanan menempel ruas</td><td align='right'><b>29,1</b> ha</td></tr><tr><td>Tinggi rata-rata</td><td align='right'><b>688,0</b> m dpl</td></tr><tr><td>Rezim</td><td align='right'><b>FL</b> </td></tr><tr><td>Kebutuhan air lewat ruas</td><td align='right'><b>66.947</b> m³</td></tr><tr><td>Kebutuhan air lahan layanannya</td><td align='right'><b>230</b> mm</td></tr><tr><td>Debit di hulu ruas</td><td align='right'><b>6,15</b> l/detik</td></tr><tr><td>NFR</td><td align='right'><b>1,65</b> mm/hari</td></tr><tr><td>Water loss di hilirnya</td><td align='right'><b>417.228</b> m³</td></tr><tr><td>Water loss</td><td align='right'><b>1.436</b> mm</td></tr><tr><td>Air sampai dari bendung</td><td align='right'><b>2,7</b> jam</td></tr><tr><td>Respons hidraulik dari bendung</td><td align='right'><b>2,0</b> jam</td></tr><tr><td>Waktu tempuh ruas ini</td><td align='right'><b>0,05</b> jam</td></tr><tr><td>Kecepatan aliran</td><td align='right'><b>0,206</b> m/detik</td></tr><tr><td>Kedalaman air (rancangan)</td><td align='right'><b>0,12</b> m</td></tr></table>]]></description><LineString><tessellate>1</tessellate><coordinates>107.931900,-7.167800,0 107.931600,-7.167600,0</coordinates></LineString></Placemark><Placemark><name>CR.4.Ka</name><styleUrl>#g2</styleUrl><description><![CDATA[<table><tr><td>Luas dilayani</td><td align='right'><b>42,1882</b> ha</td></tr><tr><td>Luas dilayani</td><td align='right'><b>421.882</b> m²</td></tr><tr><td>Jenis saluran</td><td align='right'><b>Tersier</b> </td></tr><tr><td>Panjang</td><td align='right'><b>0,97</b> km</td></tr><tr><td>Ruas di hulunya</td><td align='right'><b>SS Cibunar</b> </td></tr><tr><td>Ruas di hilirnya</td><td align='right'><b>0</b> ruas</td></tr><tr><td>Layanan menempel ruas</td><td align='right'><b>42,2</b> ha</td></tr><tr><td>Tinggi rata-rata</td><td align='right'><b>578,0</b> m dpl</td></tr><tr><td>Rezim</td><td align='right'><b>FL</b> </td></tr><tr><td>Kebutuhan air lewat ruas</td><td align='right'><b>101.322</b> m³</td></tr><tr><td>Kebutuhan air lahan layanannya</td><td align='right'><b>240</b> mm</td></tr><tr><td>Debit di hulu ruas</td><td align='right'><b>9,31</b> l/detik</td></tr><tr><td>NFR</td><td align='right'><b>1,72</b> mm/hari</td></tr><tr><td>Water loss di hilirnya</td><td align='right'><b>599.997</b> m³</td></tr><tr><td>Water loss</td><td align='right'><b>1.422</b> mm</td></tr><tr><td>Air sampai dari bendung</td><td align='right'><b>27,8</b> jam</td></tr><tr><td>Respons hidraulik dari bendung</td><td align='right'><b>20,3</b> jam</td></tr><tr><td>Waktu tempuh ruas ini</td><td align='right'><b>1,18</b> jam</td></tr><tr><td>Kecepatan aliran</td><td align='right'><b>0,228</b> m/detik</td></tr><tr><td>Kedalaman air (rancangan)</td><td align='right'><b>0,14</b> m</td></tr></table>]]></description><LineString><tessellate>1</tessellate><coordinates>107.988100,-7.084700,0 107.988100,-7.084300,0 107.988000,-7.084300,0 107.987900,-7.084100,0 107.987900,-7.083500,0 107.988000,-7.083500,0 107.988000,-7.083100,0 107.987900,-7.083100,0 107.987800,-7.082900,0 107.987800,-7.082300,0 107.987600,-7.082200,0 107.987600,-7.082000,0 107.987500,-7.082000,0 107.987500,-7.081700,0 107.987400,-7.081600,0 107.987400,-7.081200,0 107.987500,-7.081200,0 107.987500,-7.081000,0 107.987400,-7.081000,0 107.987400,-7.080500,0 107.987300,-7.080500,0 107.987200,-7.080200,0 107.987100,-7.080200,0 107.987000,-7.080000,0 107.987000,-7.079600,0 107.986900,-7.079600,0 107.986900,-7.079500,0 107.986600,-7.079500,0 107.986600,-7.079400,0 107.986500,-7.079400,0 107.986500,-7.078900,0 107.986400,-7.078900,0 107.986400,-7.078700,0 107.986300,-7.078700,0 107.986200,-7.078500,0 107.986200,-7.078200,0 107.986300,-7.078200,0 107.986300,-7.078000,0</coordinates></LineString></Placemark></Document></kml>