<?xml version="1.0" encoding="UTF-8"?>
<kml xmlns="http://www.opengis.net/kml/2.2"><Document><name>DI Kab. Garut</name><description><![CDATA[32 Daerah Irigasi kewenangan Kab. Garut — kebutuhan air &amp; water loss per DI. Lapisan None SISDA, wilayah DI utuh. 11 objek, 3.958,00 ha. Warna mengikuti Kebutuhan air (m³).]]></description><Style id='w0'><LineStyle><color>ffa57f41</color><width>1.2</width></LineStyle><PolyStyle><color>b4fbf7ee</color></PolyStyle></Style><Style id='g0'><LineStyle><color>fffbf7ee</color><width>3</width></LineStyle></Style><Style id='w1'><LineStyle><color>ffa57f41</color><width>1.2</width></LineStyle><PolyStyle><color>b4f4e9d5</color></PolyStyle></Style><Style id='g1'><LineStyle><color>fff4e9d5</color><width>3</width></LineStyle></Style><Style id='w2'><LineStyle><color>ffa57f41</color><width>1.2</width></LineStyle><PolyStyle><color>b4e9d5b3</color></PolyStyle></Style><Style id='g2'><LineStyle><color>ffe9d5b3</color><width>3</width></LineStyle></Style><Style id='w3'><LineStyle><color>ffa57f41</color><width>1.2</width></LineStyle><PolyStyle><color>b4dbbc8d</color></PolyStyle></Style><Style id='g3'><LineStyle><color>ffdbbc8d</color><width>3</width></LineStyle></Style><Style id='w4'><LineStyle><color>ffa57f41</color><width>1.2</width></LineStyle><PolyStyle><color>b4c9a368</color></PolyStyle></Style><Style id='g4'><LineStyle><color>ffc9a368</color><width>3</width></LineStyle></Style><Style id='w5'><LineStyle><color>ffa57f41</color><width>1.2</width></LineStyle><PolyStyle><color>b4a57f41</color></PolyStyle></Style><Style id='g5'><LineStyle><color>ffa57f41</color><width>3</width></LineStyle></Style><Placemark><name>DI Cibuyutan Selatan</name><styleUrl>#w1</styleUrl><description><![CDATA[<table><tr><td>Luas</td><td align='right'><b>266,0000</b> ha</td></tr><tr><td>Luas</td><td align='right'><b>2.660.000</b> m²</td></tr><tr><td>Keliling</td><td align='right'><b>54.663</b> m</td></tr><tr><td>Tinggi rata-rata</td><td align='right'><b>699,0</b> m dpl</td></tr><tr><td>Rezim</td><td align='right'><b>FL</b> </td></tr><tr><td>Kebutuhan air</td><td align='right'><b>612.683</b> m³</td></tr><tr><td>Kebutuhan air</td><td align='right'><b>230</b> mm</td></tr><tr><td>Debit</td><td align='right'><b>77,93</b> l/detik</td></tr><tr><td>NFR</td><td align='right'><b>1,65</b> mm/hari</td></tr><tr><td>Water loss</td><td align='right'><b>3.818.682</b> m³</td></tr><tr><td>Water loss</td><td align='right'><b>1.436</b> mm</td></tr></table>]]></description><MultiGeometry><Polygon><tessellate>1</tessellate><outerBoundaryIs><LinearRing><coordinates>107.922800,-7.164600,0 107.922900,-7.164700,0 107.922700,-7.165200,0 107.922800,-7.165300,0 107.922800,-7.165600,0 107.922500,-7.165600,0 107.922300,-7.165700,0 107.922000,-7.165900,0 107.922000,-7.166000,0 107.921700,-7.166300,0 107.921500,-7.166300,0 107.920900,-7.166600,0 107.920600,-7.166600,0 107.920500,-7.166700,0 107.920300,-7.166700,0 107.919900,-7.166900,0 107.919100,-7.166900,0 107.919000,-7.167000,0 107.918300,-7.167000,0 107.918300,-7.166900,0 107.918200,-7.166900,0 107.918300,-7.166900,0 107.918400,-7.166700,0 107.918900,-7.166500,0 107.919100,-7.166300,0 107.919500,-7.166100,0 107.920700,-7.166100,0 107.921200,-7.165800,0 107.921400,-7.165800,0 107.921400,-7.165500,0 107.922000,-7.164800,0 107.922200,-7.164800,0 107.922300,-7.164700,0 107.922700,-7.164700,0 107.922700,-7.164600,0 107.922800,-7.164600,0</coordinates></LinearRing></outerBoundaryIs></Polygon><Polygon><tessellate>1</tessellate><outerBoundaryIs><LinearRing><coordinates>107.929300,-7.163700,0 107.929300,-7.163900,0 107.929400,-7.163900,0 107.929500,-7.164300,0 107.929300,-7.164300,0 107.929200,-7.164200,0 107.928700,-7.164200,0 107.928600,-7.164100,0 107.928000,-7.164200,0 107.927900,-7.164300,0 107.927200,-7.164300,0 107.927100,-7.164200,0 107.926500,-7.164200,0 107.926400,-7.164300,0 107.926100,-7.164300,0 107.926100,-7.164200,0 107.925500,-7.164200,0 107.925400,-7.164300,0 107.925200,-7.164300,0 107.924900,-7.164600,0 107.924200,-7.165000,0 107.923600,-7.165100,0 107.922900,-7.165500,0 107.922800,-7.165300,0 107.922800,-7.165000,0 107.922900,-7.164800,0 107.923600,-7.164800,0 107.923700,-7.164700,0 107.924100,-7.164700,0 107.924300,-7.164500,0 107.925100,-7.164100,0 107.925300,-7.163700,0 107.925600,-7.163700,0 107.925700,-7.163600,0 107.926800,-7.163600,0 107.927100,-7.163400,0 107.927700,-7.163400,0 107.927700,-7.163300,0 107.928000,-7.163300,0 107.928300,-7.163600,0 107.928700,-7.163700,0 107.929100,-7.163500,0 107.929100,-7.163200,0 107.929300,-7.163200,0 107.929200,-7.163200,0 107.929200,-7.163600,0 107.929300,-7.163600,0 107.929300,-7.163700,0</coordinates></LinearRing></outerBoundaryIs></Polygon><Polygon><tessellate>1</tessellate><outerBoundaryIs><LinearRing><coordinates>107.929700,-7.164100,0 107.929500,-7.164100,0 107.929500,-7.164000,0 107.929400,-7.164000,0 107.929400,-7.163800,0 107.929300,-7.163700,0 107.929300,-7.163200,0 107.929400,-7.163100,0 107.929400,-7.163200,0 107.929500,-7.163200,0 107.929500,-7.163400,0 107.929600,-7.163400,0 107.929600,-7.164000,0 107.929700,-7.164100,0</coordinates></LinearRing></outerBoundaryIs></Polygon><Polygon><tessellate>1</tessellate><outerBoundaryIs><LinearRing><coordinates>107.935400,-7.162300,0 107.935500,-7.162300,0 107.935600,-7.161900,0 107.935700,-7.161900,0 107.935800,-7.162200,0 107.935600,-7.162600,0 107.936100,-7.163000,0 107.936100,-7.163500,0 107.935600,-7.163900,0 107.935500,-7.163900,0 107.935400,-7.164100,0 107.935500,-7.164200,0 107.935500,-7.164400,0 107.935900,-7.164800,0 107.935900,-7.165200,0 107.936300,-7.165800,0 107.936300,-7.166200,0 107.936100,-7.167000,0 107.935800,-7.166900,0 107.933100,-7.167200,0 107.932000,-7.167200,0 107.931900,-7.167100,0 107.931900,-7.166900,0 107.931600,-7.167000,0 107.931600,-7.166700,0 107.931400,-7.166100,0 107.931900,-7.165400,0 107.931700,-7.164600,0 107.931900,-7.164400,0 107.932000,-7.164100,0 107.932200,-7.164000,0 107.932300,-7.163600,0 107.932600,-7.163200,0 107.932800,-7.162500,0 107.933500,-7.162600,0 107.933600,-7.162900,0 107.934200,-7.162600,0 107.934200,-7.162400,0 107.935100,-7.161400,0 107.936200,-7.161000,0 107.936500,-7.161000,0 107.936900,-7.160800,0 107.937200,-7.160100,0 107.937300,-7.160100,0 107.937400,-7.159700,0 107.937600,-7.159600,0 107.937800,-7.159700,0 107.937800,-7.160300,0 107.937500,-7.160600,0 107.937300,-7.161000,0 107.937100,-7.161200,0 107.935800,-7.161600,0 107.935400,-7.161800,0 107.935300,-7.161900,0 107.935300,-7.162100,0 107.935500,-7.162300,0 107.935400,-7.162300,0</coordinates></LinearRing></outerBoundaryIs></Polygon><Polygon><tessellate>1</tessellate><outerBoundaryIs><LinearRing><coordinates>107.942500,-7.157600,0 107.942400,-7.157800,0 107.942300,-7.157800,0 107.942300,-7.158100,0 107.942200,-7.158100,0 107.942200,-7.158700,0 107.943400,-7.159000,0 107.944000,-7.159000,0 107.944100,-7.158900,0 107.944600,-7.158800,0 107.944700,-7.158700,0 107.945100,-7.158700,0 107.945100,-7.158500,0 107.945600,-7.158500,0 107.946000,-7.158800,0 107.946000,-7.159400,0 107.945900,-7.159700,0 107.946100,-7.159800,0 107.946400,-7.159800,0 107.946800,-7.159400,0 107.946800,-7.159300,0 107.947100,-7.159300,0 107.947100,-7.159200,0 107.947200,-7.159200,0 107.947600,-7.158800,0 107.947800,-7.158800,0 107.947800,-7.158700,0 107.948000,-7.158600,0 107.948200,-7.158600,0 107.948200,-7.158500,0 107.948300,-7.158500,0 107.948500,-7.158300,0 107.948600,-7.158300,0 107.948600,-7.158200,0 107.948700,-7.158200,0 107.948700,-7.158100,0 107.948800,-7.158100,0 107.948900,-7.157900,0 107.949400,-7.157800,0 107.949500,-7.157900,0 107.949500,-7.158300,0 107.949200,-7.158700,0 107.948700,-7.158700,0 107.948200,-7.159000,0 107.947600,-7.159100,0 107.947400,-7.159300,0 107.947400,-7.159400,0 107.947300,-7.159400,0 107.947300,-7.159500,0 107.947100,-7.159600,0 107.947100,-7.159700,0 107.946800,-7.159800,0 107.946700,-7.160000,0 107.946300,-7.160100,0 107.946300,-7.160200,0 107.945800,-7.160200,0 107.945800,-7.160100,0 107.945500,-7.160000,0 107.945400,-7.159800,0 107.945200,-7.159700,0 107.945200,-7.159600,0 107.945000,-7.159600,0 107.944700,-7.159400,0 107.944700,-7.159100,0 107.944400,-7.159100,0 107.944100,-7.159300,0 107.943900,-7.159300,0 107.943900,-7.159500,0 107.943400,-7.159500,0 107.943400,-7.159400,0 107.943100,-7.159400,0 107.943000,-7.159300,0 107.942800,-7.159300,0 107.942800,-7.159200,0 107.941500,-7.159000,0 107.941400,-7.158700,0 107.941000,-7.158800,0 107.941000,-7.158900,0 107.940800,-7.159000,0 107.940700,-7.159400,0 107.940500,-7.159400,0 107.940500,-7.159500,0 107.940300,-7.159600,0 107.940300,-7.159700,0 107.940100,-7.159800,0 107.939800,-7.159800,0 107.939800,-7.159900,0 107.939000,-7.160000,0 107.938900,-7.159900,0 107.938000,-7.159900,0 107.937800,-7.159800,0 107.937800,-7.159400,0 107.938000,-7.159400,0 107.938600,-7.159700,0 107.938800,-7.159600,0 107.940000,-7.159700,0 107.940300,-7.159300,0 107.940300,-7.159000,0 107.940400,-7.158800,0 107.940500,-7.158800,0 107.940500,-7.158700,0 107.940700,-7.158600,0 107.940800,-7.158400,0 107.940900,-7.158400,0 107.940900,-7.158300,0 107.941000,-7.158300,0 107.941000,-7.158200,0 107.941500,-7.157700,0 107.941500,-7.157600,0 107.942000,-7.157600,0 107.942100,-7.157400,0 107.942500,-7.157300,0 107.942700,-7.156900,0 107.942900,-7.156900,0 107.943000,-7.157000,0 107.943000,-7.157100,0 107.942900,-7.157100,0 107.942900,-7.157300,0 107.942800,-7.157300,0 107.942800,-7.157400,0 107.942700,-7.157400,0 107.942700,-7.157500,0 107.942500,-7.157600,0</coordinates></LinearRing></outerBoundaryIs></Polygon><Polygon><tessellate>1</tessellate><outerBoundaryIs><LinearRing><coordinates>107.947400,-7.157000,0 107.947200,-7.157000,0 107.947200,-7.157100,0 107.947100,-7.157100,0 107.947100,-7.157600,0 107.946900,-7.158000,0 107.947000,-7.158100,0 107.947000,-7.158200,0 107.946900,-7.158200,0 107.946900,-7.158400,0 107.946800,-7.158400,0 107.946700,-7.158600,0 107.946500,-7.158700,0 107.946200,-7.158700,0 107.946200,-7.158800,0 107.946000,-7.158800,0 107.945800,-7.158500,0 107.945900,-7.158300,0 107.946300,-7.158200,0 107.946600,-7.157800,0 107.946600,-7.157600,0 107.946700,-7.157600,0 107.946700,-7.157400,0 107.946800,-7.157300,0 107.946900,-7.156900,0 107.947000,-7.156900,0 107.947000,-7.156600,0 107.947600,-7.156800,0 107.947500,-7.157000,0 107.947400,-7.157000,0</coordinates></LinearRing></outerBoundaryIs></Polygon><Polygon><tessellate>1</tessellate><outerBoundaryIs><LinearRing><coordinates>107.949700,-7.157000,0 107.949600,-7.157000,0 107.949600,-7.157600,0 107.948600,-7.157400,0 107.948600,-7.156900,0 107.948700,-7.156800,0 107.948700,-7.156600,0 107.949000,-7.156500,0 107.949600,-7.156600,0 107.949800,-7.156800,0 107.949700,-7.157000,0</coordinates></LinearRing></outerBoundaryIs></Polygon><Polygon><tessellate>1</tessellate><outerBoundaryIs><LinearRing><coordinates>107.926100,-7.157400,0 107.925900,-7.157300,0 107.926000,-7.157200,0 107.925900,-7.156300,0 107.925800,-7.156300,0 107.925900,-7.156100,0 107.926200,-7.156000,0 107.926900,-7.156000,0 107.927300,-7.156200,0 107.927200,-7.156400,0 107.927200,-7.156500,0 107.927300,-7.156500,0 107.927300,-7.156700,0 107.927200,-7.156700,0 107.927200,-7.156800,0 107.927000,-7.156900,0 107.926600,-7.156900,0 107.926500,-7.157000,0 107.926300,-7.157000,0 107.926100,-7.157400,0</coordinates></LinearRing></outerBoundaryIs></Polygon><Polygon><tessellate>1</tessellate><outerBoundaryIs><LinearRing><coordinates>107.924200,-7.154800,0 107.924100,-7.155000,0 107.923800,-7.155000,0 107.923700,-7.155100,0 107.923700,-7.155400,0 107.923600,-7.155400,0 107.923200,-7.155800,0 107.923000,-7.155800,0 107.922900,-7.155900,0 107.922100,-7.156100,0 107.922000,-7.155600,0 107.921700,-7.155600,0 107.921700,-7.156100,0 107.921600,-7.156100,0 107.921600,-7.156300,0 107.921000,-7.156300,0 107.920900,-7.156100,0 107.920400,-7.156100,0 107.920400,-7.156500,0 107.919300,-7.156500,0 107.919200,-7.156600,0 107.918300,-7.156800,0 107.918300,-7.156900,0 107.917900,-7.156900,0 107.917900,-7.156800,0 107.917400,-7.156800,0 107.917500,-7.157200,0 107.917300,-7.157300,0 107.916700,-7.157400,0 107.916300,-7.157300,0 107.916300,-7.157000,0 107.916200,-7.156900,0 107.916300,-7.156800,0 107.916600,-7.156700,0 107.917400,-7.156100,0 107.917700,-7.156000,0 107.917900,-7.156100,0 107.918500,-7.156100,0 107.918700,-7.155900,0 107.918900,-7.155900,0 107.918900,-7.155800,0 107.920100,-7.155600,0 107.920500,-7.155400,0 107.920900,-7.155400,0 107.921400,-7.155200,0 107.922800,-7.155000,0 107.923100,-7.154900,0 107.923100,-7.154800,0 107.924200,-7.154800,0</coordinates></LinearRing></outerBoundaryIs></Polygon><Polygon><tessellate>1</tessellate><outerBoundaryIs><LinearRing><coordinates>107.915500,-7.155000,0 107.916400,-7.155100,0 107.916500,-7.155200,0 107.917600,-7.155200,0 107.917900,-7.155000,0 107.918100,-7.155000,0 107.918300,-7.154800,0 107.918500,-7.154800,0 107.918600,-7.154900,0 107.918600,-7.155300,0 107.918900,-7.155300,0 107.918900,-7.155200,0 107.919200,-7.155400,0 107.919600,-7.155500,0 107.919500,-7.155500,0 107.919500,-7.155600,0 107.918900,-7.155700,0 107.918300,-7.156000,0 107.917300,-7.156000,0 107.916300,-7.156600,0 107.916000,-7.156600,0 107.915900,-7.156700,0 107.915700,-7.156500,0 107.915400,-7.156400,0 107.915400,-7.156300,0 107.914700,-7.156200,0 107.914800,-7.155800,0 107.914500,-7.155800,0 107.914500,-7.155600,0 107.914600,-7.155600,0 107.914600,-7.155300,0 107.914700,-7.155100,0 107.914700,-7.154800,0 107.914800,-7.154800,0 107.914900,-7.154600,0 107.915000,-7.154800,0 107.915500,-7.155000,0</coordinates></LinearRing></outerBoundaryIs></Polygon><Polygon><tessellate>1</tessellate><outerBoundaryIs><LinearRing><coordinates>107.925600,-7.154500,0 107.925700,-7.155300,0 107.925300,-7.155300,0 107.924200,-7.155000,0 107.924300,-7.154700,0 107.925200,-7.154700,0 107.925600,-7.154500,0</coordinates></LinearRing></outerBoundaryIs></Polygon><Polygon><tessellate>1</tessellate><outerBoundaryIs><LinearRing><coordinates>107.928700,-7.154500,0 107.929200,-7.154500,0 107.929200,-7.155000,0 107.927800,-7.154800,0 107.927000,-7.154800,0 107.926300,-7.155000,0 107.925800,-7.155300,0 107.925600,-7.154500,0 107.928700,-7.154500,0</coordinates></LinearRing></outerBoundaryIs></Polygon><Polygon><tessellate>1</tessellate><outerBoundaryIs><LinearRing><coordinates>107.933800,-7.156000,0 107.933900,-7.156300,0 107.934100,-7.156200,0 107.934700,-7.156200,0 107.934700,-7.156300,0 107.934900,-7.156300,0 107.935100,-7.156100,0 107.935200,-7.156100,0 107.935400,-7.156500,0 107.935400,-7.156900,0 107.935600,-7.157300,0 107.935500,-7.157600,0 107.935400,-7.157600,0 107.935200,-7.158700,0 107.934800,-7.159600,0 107.934000,-7.160600,0 107.933300,-7.161200,0 107.932900,-7.161300,0 107.932300,-7.161000,0 107.931800,-7.161000,0 107.931700,-7.161200,0 107.931500,-7.161300,0 107.931500,-7.161500,0 107.931100,-7.161900,0 107.931100,-7.162100,0 107.930600,-7.162900,0 107.930500,-7.163500,0 107.929800,-7.164000,0 107.929700,-7.163800,0 107.929700,-7.163500,0 107.929900,-7.163500,0 107.930100,-7.163300,0 107.930100,-7.162900,0 107.930000,-7.162800,0 107.929900,-7.162400,0 107.930000,-7.162400,0 107.930300,-7.162100,0 107.930400,-7.162100,0 107.930400,-7.162000,0 107.930500,-7.162000,0 107.930700,-7.161700,0 107.930700,-7.161500,0 107.930900,-7.161100,0 107.930900,-7.160800,0 107.931200,-7.160300,0 107.931400,-7.159400,0 107.931600,-7.159000,0 107.931600,-7.158800,0 107.931900,-7.158600,0 107.932200,-7.157800,0 107.932400,-7.157600,0 107.932600,-7.157200,0 107.932500,-7.157100,0 107.932500,-7.156800,0 107.932400,-7.156600,0 107.932200,-7.156500,0 107.932000,-7.156200,0 107.932100,-7.156100,0 107.932100,-7.155800,0 107.931600,-7.155400,0 107.931100,-7.155400,0 107.930500,-7.155100,0 107.931100,-7.154600,0 107.931900,-7.154400,0 107.932000,-7.154100,0 107.932200,-7.154900,0 107.932600,-7.155300,0 107.932700,-7.155300,0 107.933700,-7.156000,0 107.933800,-7.156000,0</coordinates></LinearRing></outerBoundaryIs></Polygon><Polygon><tessellate>1</tessellate><outerBoundaryIs><LinearRing><coordinates>107.947900,-7.156800,0 107.947300,-7.156700,0 107.947000,-7.156500,0 107.947100,-7.155600,0 107.946900,-7.155500,0 107.947200,-7.155100,0 107.947300,-7.154400,0 107.947200,-7.154200,0 107.947200,-7.153700,0 107.947300,-7.153500,0 107.947400,-7.153500,0 107.947400,-7.153400,0 107.947800,-7.153400,0 107.947900,-7.153300,0 107.948100,-7.153300,0 107.948400,-7.153500,0 107.948400,-7.153600,0 107.948300,-7.153700,0 107.948300,-7.154400,0 107.948200,-7.154400,0 107.948200,-7.154600,0 107.948100,-7.154700,0 107.948100,-7.155400,0 107.948200,-7.155600,0 107.948200,-7.155900,0 107.948000,-7.156300,0 107.947900,-7.156800,0</coordinates></LinearRing></outerBoundaryIs></Polygon><Polygon><tessellate>1</tessellate><outerBoundaryIs><LinearRing><coordinates>107.917100,-7.153900,0 107.917200,-7.154200,0 107.917400,-7.154100,0 107.918000,-7.154400,0 107.917900,-7.154600,0 107.918200,-7.154800,0 107.917600,-7.155100,0 107.917300,-7.155100,0 107.917100,-7.155200,0 107.916500,-7.155200,0 107.916500,-7.155000,0 107.916000,-7.155000,0 107.915600,-7.154900,0 107.915600,-7.154700,0 107.915000,-7.154500,0 107.915100,-7.154500,0 107.915300,-7.154100,0 107.915600,-7.153800,0 107.915900,-7.153900,0 107.916100,-7.153300,0 107.916300,-7.153300,0 107.916700,-7.153500,0 107.917100,-7.153900,0</coordinates></LinearRing></outerBoundaryIs></Polygon><Polygon><tessellate>1</tessellate><outerBoundaryIs><LinearRing><coordinates>107.921000,-7.153300,0 107.920800,-7.153900,0 107.920900,-7.153900,0 107.921300,-7.153000,0 107.921500,-7.153000,0 107.921800,-7.152700,0 107.921800,-7.152600,0 107.922100,-7.152600,0 107.922400,-7.152900,0 107.922400,-7.153100,0 107.922600,-7.153400,0 107.923100,-7.153900,0 107.923200,-7.154100,0 107.923700,-7.154400,0 107.924100,-7.154500,0 107.924200,-7.154700,0 107.923100,-7.154700,0 107.922700,-7.154900,0 107.921700,-7.155000,0 107.919700,-7.155500,0 107.918700,-7.154900,0 107.918400,-7.154600,0 107.918300,-7.154600,0 107.918000,-7.154200,0 107.917800,-7.154200,0 107.917500,-7.153900,0 107.917700,-7.153800,0 107.917700,-7.153600,0 107.917400,-7.153700,0 107.917400,-7.153100,0 107.917300,-7.153000,0 107.917300,-7.152800,0 107.917200,-7.152800,0 107.917300,-7.152600,0 107.917900,-7.152600,0 107.918100,-7.152700,0 107.918200,-7.152800,0 107.918200,-7.153000,0 107.918400,-7.153400,0 107.918600,-7.153600,0 107.918700,-7.153600,0 107.919200,-7.153100,0 107.919900,-7.152700,0 107.920300,-7.152600,0 107.920400,-7.152500,0 107.920800,-7.152500,0 107.921200,-7.152700,0 107.921000,-7.153300,0</coordinates></LinearRing></outerBoundaryIs></Polygon><Polygon><tessellate>1</tessellate><outerBoundaryIs><LinearRing><coordinates>107.929300,-7.154200,0 107.929200,-7.154300,0 107.929100,-7.154100,0 107.928900,-7.154000,0 107.928800,-7.153500,0 107.928500,-7.153100,0 107.928400,-7.152500,0 107.928300,-7.152400,0 107.928300,-7.152100,0 107.928100,-7.151700,0 107.928300,-7.151700,0 107.928300,-7.150800,0 107.927800,-7.149700,0 107.927800,-7.149500,0 107.928100,-7.149400,0 107.928100,-7.149500,0 107.928400,-7.149900,0 107.928700,-7.150900,0 107.929100,-7.151500,0 107.929100,-7.151900,0 107.929200,-7.152100,0 107.929100,-7.152100,0 107.929100,-7.152300,0 107.929000,-7.152300,0 107.929100,-7.152400,0 107.929000,-7.152500,0 107.929000,-7.152800,0 107.929500,-7.153800,0 107.929500,-7.154000,0 107.929300,-7.154100,0 107.929300,-7.154200,0</coordinates></LinearRing></outerBoundaryIs></Polygon><Polygon><tessellate>1</tessellate><outerBoundaryIs><LinearRing><coordinates>107.928500,-7.148900,0 107.928600,-7.149000,0 107.928700,-7.148800,0 107.929000,-7.148900,0 107.929300,-7.149200,0 107.929300,-7.149400,0 107.929400,-7.149400,0 107.929400,-7.149800,0 107.929700,-7.150500,0 107.930200,-7.151200,0 107.930500,-7.152700,0 107.930900,-7.152800,0 107.931100,-7.153000,0 107.931200,-7.153000,0 107.931700,-7.153500,0 107.931800,-7.153900,0 107.931500,-7.154400,0 107.931300,-7.154500,0 107.930600,-7.154400,0 107.930400,-7.154800,0 107.930300,-7.154900,0 107.930100,-7.154900,0 107.930000,-7.154700,0 107.930200,-7.154500,0 107.930200,-7.154300,0 107.929300,-7.154300,0 107.929300,-7.154200,0 107.929400,-7.154200,0 107.929400,-7.154100,0 107.929600,-7.154000,0 107.929600,-7.153800,0 107.929100,-7.152800,0 107.929200,-7.151600,0 107.928700,-7.150900,0 107.928600,-7.150200,0 107.928000,-7.149200,0 107.927800,-7.148700,0 107.928100,-7.148600,0 107.928300,-7.148700,0 107.928400,-7.148900,0 107.928500,-7.148900,0</coordinates></LinearRing></outerBoundaryIs></Polygon><Polygon><tessellate>1</tessellate><outerBoundaryIs><LinearRing><coordinates>107.931600,-7.146700,0 107.931700,-7.146700,0 107.931700,-7.148400,0 107.931900,-7.148600,0 107.932100,-7.148600,0 107.932500,-7.148800,0 107.932700,-7.149000,0 107.932900,-7.149000,0 107.933200,-7.149200,0 107.933400,-7.149200,0 107.933600,-7.149400,0 107.934700,-7.149900,0 107.935000,-7.149900,0 107.935400,-7.150100,0 107.935600,-7.150100,0 107.936400,-7.150500,0 107.936000,-7.150600,0 107.935400,-7.150500,0 107.935400,-7.150400,0 107.934900,-7.150400,0 107.934700,-7.150500,0 107.934600,-7.150400,0 107.933600,-7.150100,0 107.933500,-7.150000,0 107.933100,-7.149900,0 107.932600,-7.149900,0 107.932400,-7.150000,0 107.932000,-7.150000,0 107.931900,-7.150200,0 107.932400,-7.150600,0 107.932800,-7.150400,0 107.933000,-7.150600,0 107.933000,-7.150700,0 107.933100,-7.150700,0 107.933100,-7.151000,0 107.932900,-7.151300,0 107.932600,-7.151400,0 107.932000,-7.151200,0 107.931900,-7.150700,0 107.931800,-7.150700,0 107.931600,-7.150200,0 107.931600,-7.150000,0 107.931400,-7.150000,0 107.931400,-7.149900,0 107.930900,-7.149600,0 107.930900,-7.149400,0 107.930800,-7.149400,0 107.930600,-7.149200,0 107.930400,-7.149200,0 107.930300,-7.149000,0 107.930300,-7.148900,0 107.930600,-7.148800,0 107.930600,-7.148700,0 107.930800,-7.148500,0 107.930900,-7.148100,0 107.930900,-7.147000,0 107.931100,-7.147000,0 107.931100,-7.146900,0 107.931300,-7.146700,0 107.931600,-7.146700,0</coordinates></LinearRing></outerBoundaryIs></Polygon><Polygon><tessellate>1</tessellate><outerBoundaryIs><LinearRing><coordinates>107.945700,-7.146300,0 107.946000,-7.146600,0 107.946600,-7.146600,0 107.946600,-7.146700,0 107.946700,-7.146700,0 107.946800,-7.146900,0 107.946800,-7.147200,0 107.947000,-7.147300,0 107.947000,-7.147700,0 107.946900,-7.147700,0 107.946900,-7.147800,0 107.946500,-7.147700,0 107.946500,-7.147800,0 107.946100,-7.147900,0 107.946100,-7.148100,0 107.946000,-7.148100,0 107.946000,-7.148200,0 107.945700,-7.148200,0 107.945500,-7.147800,0 107.945300,-7.146800,0 107.945300,-7.146200,0 107.945400,-7.145900,0 107.945600,-7.145900,0 107.945700,-7.146300,0</coordinates></LinearRing></outerBoundaryIs></Polygon><Polygon><tessellate>1</tessellate><outerBoundaryIs><LinearRing><coordinates>107.938000,-7.145300,0 107.938500,-7.145300,0 107.938500,-7.146100,0 107.938200,-7.147100,0 107.938100,-7.147200,0 107.937900,-7.147100,0 107.937900,-7.146700,0 107.937700,-7.146600,0 107.937700,-7.146300,0 107.937500,-7.146200,0 107.937700,-7.146000,0 107.937700,-7.145600,0 107.937500,-7.145600,0 107.937500,-7.145500,0 107.937700,-7.145500,0 107.937700,-7.145300,0 107.938000,-7.145300,0</coordinates></LinearRing></outerBoundaryIs></Polygon><Polygon><tessellate>1</tessellate><outerBoundaryIs><LinearRing><coordinates>107.946000,-7.145300,0 107.946000,-7.145400,0 107.946100,-7.145400,0 107.946100,-7.145300,0 107.946600,-7.145300,0 107.947000,-7.145200,0 107.947800,-7.145800,0 107.948300,-7.146500,0 107.948300,-7.146800,0 107.948500,-7.147300,0 107.948800,-7.147300,0 107.948800,-7.147600,0 107.948300,-7.147600,0 107.947900,-7.147400,0 107.947200,-7.147400,0 107.947000,-7.147000,0 107.947000,-7.145900,0 107.946000,-7.145800,0 107.945900,-7.145600,0 107.945700,-7.145600,0 107.945700,-7.145300,0 107.945600,-7.145300,0 107.945600,-7.145200,0 107.946000,-7.145300,0</coordinates></LinearRing></outerBoundaryIs></Polygon><Polygon><tessellate>1</tessellate><outerBoundaryIs><LinearRing><coordinates>107.930700,-7.145100,0 107.929900,-7.145400,0 107.929900,-7.144900,0 107.929800,-7.144900,0 107.929800,-7.144600,0 107.930500,-7.144500,0 107.930700,-7.145100,0</coordinates></LinearRing></outerBoundaryIs></Polygon><Polygon><tessellate>1</tessellate><outerBoundaryIs><LinearRing><coordinates>107.942900,-7.143600,0 107.943200,-7.144200,0 107.943300,-7.145000,0 107.943600,-7.145100,0 107.943800,-7.145000,0 107.944700,-7.145000,0 107.945000,-7.145200,0 107.945500,-7.145300,0 107.945300,-7.146000,0 107.945200,-7.146100,0 107.945200,-7.146300,0 107.945100,-7.146400,0 107.944500,-7.146400,0 107.944300,-7.146300,0 107.944100,-7.146400,0 107.943600,-7.146400,0 107.943600,-7.146100,0 107.943300,-7.145900,0 107.942500,-7.145900,0 107.942400,-7.145400,0 107.942300,-7.145300,0 107.942100,-7.145300,0 107.941600,-7.144900,0 107.939800,-7.144800,0 107.939900,-7.143600,0 107.941200,-7.143800,0 107.942200,-7.143700,0 107.942500,-7.143500,0 107.942900,-7.143600,0</coordinates></LinearRing></outerBoundaryIs></Polygon><Polygon><tessellate>1</tessellate><outerBoundaryIs><LinearRing><coordinates>107.926600,-7.143300,0 107.926600,-7.143700,0 107.926400,-7.143900,0 107.926400,-7.144000,0 107.926800,-7.144500,0 107.926800,-7.144900,0 107.927000,-7.145000,0 107.927000,-7.145200,0 107.927100,-7.145200,0 107.927100,-7.145400,0 107.927000,-7.145400,0 107.927000,-7.145500,0 107.927200,-7.145600,0 107.927200,-7.145800,0 107.927300,-7.145800,0 107.927200,-7.146100,0 107.926900,-7.146300,0 107.926900,-7.146800,0 107.927000,-7.146800,0 107.927100,-7.147200,0 107.927300,-7.147300,0 107.927500,-7.147700,0 107.927500,-7.147900,0 107.927600,-7.147900,0 107.927600,-7.148000,0 107.927900,-7.148300,0 107.928000,-7.148300,0 107.928100,-7.148500,0 107.927900,-7.148700,0 107.927800,-7.148700,0 107.927700,-7.148500,0 107.925600,-7.147400,0 107.925400,-7.147000,0 107.925200,-7.146800,0 107.925200,-7.146400,0 107.925500,-7.146300,0 107.925600,-7.145800,0 107.925800,-7.145500,0 107.926100,-7.144500,0 107.926200,-7.143300,0 107.926300,-7.143300,0 107.926600,-7.143000,0 107.926700,-7.143000,0 107.926600,-7.143300,0</coordinates></LinearRing></outerBoundaryIs></Polygon><Polygon><tessellate>1</tessellate><outerBoundaryIs><LinearRing><coordinates>107.927500,-7.146800,0 107.927100,-7.146800,0 107.926900,-7.146500,0 107.926900,-7.146400,0 107.927400,-7.146000,0 107.927400,-7.145900,0 107.927100,-7.145500,0 107.927200,-7.145200,0 107.927000,-7.145100,0 107.927000,-7.144900,0 107.926800,-7.144800,0 107.926800,-7.144400,0 107.926700,-7.144200,0 107.926500,-7.144100,0 107.926500,-7.143900,0 107.926700,-7.143800,0 107.926600,-7.143600,0 107.926600,-7.143300,0 107.926700,-7.143100,0 107.927000,-7.143000,0 107.927000,-7.142900,0 107.927400,-7.142700,0 107.927500,-7.142500,0 107.927600,-7.142500,0 107.927600,-7.142400,0 107.927700,-7.142400,0 107.927700,-7.142300,0 107.927900,-7.142200,0 107.927900,-7.142500,0 107.927800,-7.142500,0 107.927800,-7.142700,0 107.927900,-7.142800,0 107.927900,-7.143200,0 107.927700,-7.143600,0 107.927700,-7.144300,0 107.927400,-7.144300,0 107.927400,-7.144500,0 107.927600,-7.144500,0 107.927500,-7.144900,0 107.927500,-7.145300,0 107.927600,-7.145400,0 107.927600,-7.145600,0 107.927900,-7.146200,0 107.928100,-7.146400,0 107.928000,-7.146600,0 107.927600,-7.146700,0 107.927500,-7.146800,0</coordinates></LinearRing></outerBoundaryIs></Polygon><Polygon><tessellate>1</tessellate><outerBoundaryIs><LinearRing><coordinates>107.941400,-7.140500,0 107.941300,-7.140900,0 107.941000,-7.141400,0 107.940500,-7.141800,0 107.939400,-7.142300,0 107.939400,-7.142400,0 107.939200,-7.142500,0 107.939200,-7.142900,0 107.939300,-7.142900,0 107.939400,-7.143100,0 107.939800,-7.143400,0 107.939800,-7.144800,0 107.940200,-7.144900,0 107.941500,-7.144900,0 107.941700,-7.145100,0 107.941600,-7.145300,0 107.941000,-7.145300,0 107.940500,-7.145600,0 107.940600,-7.146000,0 107.941100,-7.146200,0 107.941700,-7.146100,0 107.942200,-7.145500,0 107.942400,-7.145500,0 107.942400,-7.146000,0 107.943400,-7.146000,0 107.943500,-7.146100,0 107.943500,-7.146400,0 107.943600,-7.146500,0 107.944700,-7.146400,0 107.945000,-7.146600,0 107.945200,-7.146500,0 107.945500,-7.148100,0 107.945000,-7.148000,0 107.944700,-7.147800,0 107.944400,-7.147800,0 107.944300,-7.147700,0 107.943900,-7.147600,0 107.943900,-7.147300,0 107.943600,-7.147400,0 107.943600,-7.147700,0 107.942800,-7.147500,0 107.942700,-7.147400,0 107.942700,-7.146800,0 107.942500,-7.146800,0 107.942500,-7.146700,0 107.942200,-7.146700,0 107.942200,-7.146500,0 107.942100,-7.146400,0 107.941500,-7.146400,0 107.941400,-7.146500,0 107.941200,-7.146500,0 107.941800,-7.146500,0 107.942000,-7.146400,0 107.942100,-7.146800,0 107.942200,-7.146900,0 107.942500,-7.146900,0 107.942400,-7.147300,0 107.942000,-7.147200,0 107.942000,-7.147000,0 107.941800,-7.147000,0 107.941800,-7.147200,0 107.941600,-7.147200,0 107.940700,-7.147600,0 107.940100,-7.147600,0 107.940100,-7.147500,0 107.939800,-7.147400,0 107.939800,-7.147600,0 107.939600,-7.147700,0 107.939200,-7.147600,0 107.939000,-7.147700,0 107.939000,-7.147900,0 107.938700,-7.147900,0 107.938600,-7.148000,0 107.938600,-7.147800,0 107.938300,-7.147800,0 107.938300,-7.147000,0 107.938600,-7.146000,0 107.938600,-7.145200,0 107.937600,-7.145200,0 107.937100,-7.144500,0 107.937100,-7.144300,0 107.937300,-7.144200,0 107.937000,-7.144000,0 107.936900,-7.144100,0 107.936700,-7.143900,0 107.936600,-7.144100,0 107.936400,-7.143800,0 107.936200,-7.143700,0 107.936300,-7.143600,0 107.936100,-7.143400,0 107.936200,-7.143400,0 107.936000,-7.143100,0 107.935900,-7.143200,0 107.935700,-7.143000,0 107.935700,-7.142900,0 107.935300,-7.142900,0 107.935100,-7.142600,0 107.935100,-7.142500,0 107.935200,-7.142500,0 107.935500,-7.142100,0 107.937700,-7.140700,0 107.938600,-7.140300,0 107.939300,-7.140300,0 107.939300,-7.140700,0 107.939600,-7.140800,0 107.939600,-7.140600,0 107.940000,-7.140600,0 107.940000,-7.140400,0 107.941000,-7.140200,0 107.941500,-7.140300,0 107.941400,-7.140500,0</coordinates></LinearRing></outerBoundaryIs></Polygon><Polygon><tessellate>1</tessellate><outerBoundaryIs><LinearRing><coordinates>107.932100,-7.136400,0 107.931600,-7.136700,0 107.931600,-7.136800,0 107.931500,-7.136700,0 107.931400,-7.136800,0 107.931600,-7.136900,0 107.931500,-7.136900,0 107.931400,-7.137100,0 107.930900,-7.137500,0 107.930800,-7.137400,0 107.931500,-7.136600,0 107.931700,-7.136500,0 107.931800,-7.136300,0 107.931800,-7.135300,0 107.932200,-7.135000,0 107.931900,-7.135300,0 107.931900,-7.135400,0 107.932300,-7.135600,0 107.932300,-7.135700,0 107.932100,-7.135900,0 107.932300,-7.136100,0 107.932400,-7.136100,0 107.932100,-7.136400,0</coordinates></LinearRing></outerBoundaryIs></Polygon><Polygon><tessellate>1</tessellate><outerBoundaryIs><LinearRing><coordinates>107.926600,-7.137700,0 107.927300,-7.137800,0 107.927600,-7.137700,0 107.929500,-7.136700,0 107.929300,-7.137100,0 107.929200,-7.137600,0 107.928700,-7.138100,0 107.928000,-7.138400,0 107.927700,-7.138900,0 107.927700,-7.139300,0 107.927900,-7.139800,0 107.927900,-7.138700,0 107.928800,-7.138300,0 107.929300,-7.137700,0 107.929400,-7.137000,0 107.929900,-7.136500,0 107.931700,-7.135100,0 107.932200,-7.134900,0 107.931800,-7.135300,0 107.931700,-7.135300,0 107.931700,-7.136300,0 107.931600,-7.136300,0 107.931500,-7.136600,0 107.930400,-7.137700,0 107.930300,-7.137900,0 107.930300,-7.138400,0 107.930200,-7.138400,0 107.930100,-7.138600,0 107.930200,-7.138600,0 107.930200,-7.139500,0 107.930800,-7.140700,0 107.931400,-7.141200,0 107.931800,-7.141300,0 107.931800,-7.141400,0 107.932000,-7.141500,0 107.931900,-7.141800,0 107.932100,-7.141800,0 107.932200,-7.142000,0 107.932400,-7.141900,0 107.932500,-7.142000,0 107.932600,-7.142400,0 107.932600,-7.142900,0 107.933200,-7.144000,0 107.933200,-7.144300,0 107.932900,-7.144700,0 107.932700,-7.144600,0 107.932600,-7.144800,0 107.932800,-7.145200,0 107.932000,-7.145600,0 107.931600,-7.145600,0 107.931300,-7.145700,0 107.930900,-7.145100,0 107.930800,-7.145100,0 107.931100,-7.144700,0 107.931100,-7.144300,0 107.930800,-7.143900,0 107.930600,-7.142500,0 107.930300,-7.142500,0 107.930300,-7.142400,0 107.930500,-7.142100,0 107.930900,-7.142000,0 107.930900,-7.141500,0 107.930800,-7.141500,0 107.930100,-7.140800,0 107.930000,-7.140800,0 107.929800,-7.140500,0 107.928600,-7.140800,0 107.928700,-7.141400,0 107.928400,-7.141500,0 107.928400,-7.141600,0 107.928300,-7.141600,0 107.928200,-7.141800,0 107.928200,-7.142000,0 107.928000,-7.142200,0 107.927900,-7.142100,0 107.927600,-7.142500,0 107.927400,-7.142600,0 107.927500,-7.142000,0 107.927700,-7.141900,0 107.927900,-7.141500,0 107.927800,-7.141300,0 107.927900,-7.140900,0 107.927700,-7.140200,0 107.927700,-7.139800,0 107.927600,-7.139700,0 107.927500,-7.139700,0 107.927300,-7.139500,0 107.927300,-7.139600,0 107.926900,-7.139800,0 107.926700,-7.139800,0 107.926600,-7.139700,0 107.926200,-7.139700,0 107.924900,-7.140300,0 107.924900,-7.140100,0 107.924700,-7.140100,0 107.924700,-7.140400,0 107.923900,-7.140500,0 107.923300,-7.140400,0 107.922600,-7.140000,0 107.923500,-7.140000,0 107.923700,-7.139000,0 107.923500,-7.138600,0 107.923300,-7.138400,0 107.922800,-7.138400,0 107.922400,-7.138300,0 107.921600,-7.137400,0 107.921600,-7.137000,0 107.922300,-7.136400,0 107.922900,-7.136400,0 107.923200,-7.136100,0 107.923300,-7.135600,0 107.923100,-7.135400,0 107.923100,-7.134900,0 107.923700,-7.134400,0 107.924200,-7.134200,0 107.924700,-7.133700,0 107.924900,-7.133700,0 107.925200,-7.134100,0 107.925200,-7.134200,0 107.925100,-7.134300,0 107.924700,-7.135900,0 107.924800,-7.136500,0 107.925400,-7.137100,0 107.926600,-7.137700,0</coordinates></LinearRing></outerBoundaryIs></Polygon><Polygon><tessellate>1</tessellate><outerBoundaryIs><LinearRing><coordinates>107.934400,-7.129600,0 107.934400,-7.129700,0 107.934800,-7.129500,0 107.935200,-7.130500,0 107.935200,-7.130700,0 107.935300,-7.130800,0 107.935300,-7.131800,0 107.934900,-7.132400,0 107.934700,-7.132500,0 107.934400,-7.133000,0 107.934500,-7.133400,0 107.933300,-7.134800,0 107.933000,-7.135000,0 107.932600,-7.134800,0 107.932100,-7.134900,0 107.932100,-7.134800,0 107.931700,-7.134600,0 107.931700,-7.134400,0 107.931800,-7.134400,0 107.931800,-7.134200,0 107.931900,-7.134100,0 107.931800,-7.133900,0 107.931900,-7.133900,0 107.931900,-7.133700,0 107.932000,-7.133500,0 107.932100,-7.133500,0 107.932200,-7.133200,0 107.932400,-7.133100,0 107.932400,-7.133000,0 107.932600,-7.132800,0 107.932600,-7.132600,0 107.932700,-7.132600,0 107.932700,-7.132500,0 107.933000,-7.132500,0 107.933000,-7.132300,0 107.933100,-7.132300,0 107.933100,-7.132200,0 107.932900,-7.132100,0 107.932700,-7.131700,0 107.932600,-7.131700,0 107.932200,-7.131200,0 107.932000,-7.131400,0 107.931800,-7.131400,0 107.931800,-7.131500,0 107.931700,-7.131500,0 107.931600,-7.131100,0 107.931700,-7.131100,0 107.931700,-7.130900,0 107.931900,-7.130700,0 107.931900,-7.129600,0 107.931800,-7.129500,0 107.931800,-7.129100,0 107.931700,-7.129100,0 107.931600,-7.128900,0 107.933800,-7.129000,0 107.934300,-7.129100,0 107.934700,-7.129300,0 107.934400,-7.129600,0</coordinates></LinearRing></outerBoundaryIs></Polygon></MultiGeometry></Placemark><Placemark><name>DI Cibuyutan Utara</name><styleUrl>#w3</styleUrl><description><![CDATA[<table><tr><td>Luas</td><td align='right'><b>453,0000</b> ha</td></tr><tr><td>Luas</td><td align='right'><b>4.530.000</b> m²</td></tr><tr><td>Keliling</td><td align='right'><b>124.494</b> m</td></tr><tr><td>Tinggi rata-rata</td><td align='right'><b>639,0</b> m dpl</td></tr><tr><td>Rezim</td><td align='right'><b>FL</b> </td></tr><tr><td>Kebutuhan air</td><td align='right'><b>1.009.870</b> m³</td></tr><tr><td>Kebutuhan air</td><td align='right'><b>223</b> mm</td></tr><tr><td>Debit</td><td align='right'><b>128,44</b> l/detik</td></tr><tr><td>NFR</td><td align='right'><b>1,59</b> mm/hari</td></tr><tr><td>Water loss</td><td align='right'><b>6.537.490</b> m³</td></tr><tr><td>Water loss</td><td align='right'><b>1.443</b> mm</td></tr></table>]]></description><MultiGeometry><Polygon><tessellate>1</tessellate><outerBoundaryIs><LinearRing><coordinates>107.957400,-7.136300,0 107.957600,-7.136400,0 107.957700,-7.136300,0 107.958200,-7.136200,0 107.958900,-7.136200,0 107.958800,-7.136600,0 107.958700,-7.136700,0 107.958700,-7.137200,0 107.959100,-7.137700,0 107.960200,-7.137700,0 107.961000,-7.137600,0 107.961300,-7.137300,0 107.961900,-7.137600,0 107.961800,-7.137800,0 107.961500,-7.137900,0 107.961300,-7.138100,0 107.960900,-7.138200,0 107.960400,-7.138200,0 107.960100,-7.138100,0 107.959500,-7.138200,0 107.958300,-7.138600,0 107.958100,-7.138800,0 107.958000,-7.139200,0 107.957600,-7.139600,0 107.957500,-7.139800,0 107.957100,-7.139900,0 107.957100,-7.139400,0 107.956800,-7.138600,0 107.956600,-7.136600,0 107.956500,-7.136500,0 107.956500,-7.136300,0 107.956400,-7.136300,0 107.956000,-7.136000,0 107.956100,-7.135800,0 107.956300,-7.135700,0 107.956700,-7.135700,0 107.956900,-7.135800,0 107.957400,-7.136300,0</coordinates></LinearRing></outerBoundaryIs></Polygon><Polygon><tessellate>1</tessellate><outerBoundaryIs><LinearRing><coordinates>107.962700,-7.131300,0 107.962800,-7.131700,0 107.962600,-7.131700,0 107.961900,-7.132100,0 107.961900,-7.132300,0 107.962000,-7.132400,0 107.962000,-7.132600,0 107.961800,-7.132800,0 107.961800,-7.132900,0 107.961900,-7.132900,0 107.961100,-7.132300,0 107.960900,-7.132700,0 107.960700,-7.132500,0 107.960100,-7.132900,0 107.959100,-7.133000,0 107.959100,-7.132600,0 107.959400,-7.132600,0 107.959800,-7.132400,0 107.959900,-7.132200,0 107.960200,-7.132100,0 107.960500,-7.131700,0 107.960900,-7.131400,0 107.961400,-7.131400,0 107.961700,-7.131300,0 107.962400,-7.131400,0 107.962500,-7.131300,0 107.962700,-7.131300,0</coordinates></LinearRing></outerBoundaryIs></Polygon><Polygon><tessellate>1</tessellate><outerBoundaryIs><LinearRing><coordinates>107.958800,-7.128100,0 107.958400,-7.128600,0 107.958400,-7.129200,0 107.958600,-7.129400,0 107.958600,-7.130000,0 107.958400,-7.130800,0 107.958900,-7.132100,0 107.959000,-7.132800,0 107.958700,-7.132800,0 107.958600,-7.132700,0 107.958500,-7.132800,0 107.958500,-7.133200,0 107.958700,-7.133500,0 107.959000,-7.133600,0 107.959400,-7.133600,0 107.959500,-7.133800,0 107.959600,-7.134700,0 107.959300,-7.134700,0 107.958700,-7.134900,0 107.958700,-7.136000,0 107.958400,-7.136000,0 107.958200,-7.134900,0 107.958100,-7.134700,0 107.957800,-7.134500,0 107.957600,-7.134400,0 107.957200,-7.134400,0 107.956000,-7.134600,0 107.956000,-7.134500,0 107.955500,-7.134400,0 107.955600,-7.134100,0 107.956100,-7.134100,0 107.956300,-7.134000,0 107.956300,-7.133900,0 107.956400,-7.133900,0 107.956500,-7.133000,0 107.955600,-7.132700,0 107.955600,-7.132600,0 107.956400,-7.132500,0 107.956400,-7.132300,0 107.956500,-7.132200,0 107.956900,-7.132200,0 107.957600,-7.132600,0 107.957800,-7.132600,0 107.957900,-7.132500,0 107.957800,-7.131900,0 107.957900,-7.131800,0 107.957800,-7.131600,0 107.957600,-7.131600,0 107.957500,-7.131300,0 107.957500,-7.131100,0 107.957600,-7.131000,0 107.957800,-7.131000,0 107.957900,-7.130800,0 107.957900,-7.130300,0 107.957700,-7.129300,0 107.957100,-7.128800,0 107.956000,-7.128800,0 107.955600,-7.129100,0 107.955500,-7.129100,0 107.955500,-7.129200,0 107.955400,-7.129200,0 107.955400,-7.129300,0 107.955100,-7.129700,0 107.954900,-7.129800,0 107.954900,-7.130200,0 107.954800,-7.130300,0 107.953800,-7.130300,0 107.953700,-7.130400,0 107.953600,-7.130200,0 107.953700,-7.130000,0 107.953900,-7.129900,0 107.954500,-7.129800,0 107.955600,-7.128600,0 107.955600,-7.128500,0 107.956300,-7.128500,0 107.956400,-7.128400,0 107.956800,-7.128400,0 107.957000,-7.128200,0 107.957000,-7.128100,0 107.956900,-7.128100,0 107.956800,-7.127800,0 107.956500,-7.127500,0 107.956700,-7.127400,0 107.957100,-7.128000,0 107.957500,-7.128200,0 107.957700,-7.128200,0 107.958200,-7.128000,0 107.958700,-7.127500,0 107.958800,-7.127200,0 107.959200,-7.127500,0 107.958800,-7.128100,0</coordinates></LinearRing></outerBoundaryIs></Polygon><Polygon><tessellate>1</tessellate><outerBoundaryIs><LinearRing><coordinates>107.962200,-7.127300,0 107.962100,-7.127400,0 107.961600,-7.127300,0 107.961300,-7.127500,0 107.961200,-7.127700,0 107.961200,-7.128000,0 107.961100,-7.128000,0 107.961100,-7.128100,0 107.960900,-7.128100,0 107.960300,-7.127600,0 107.959400,-7.127100,0 107.958900,-7.127200,0 107.958800,-7.126900,0 107.958900,-7.126800,0 107.959100,-7.126900,0 107.960300,-7.126900,0 107.960600,-7.127100,0 107.960700,-7.127300,0 107.961100,-7.127500,0 107.961100,-7.126800,0 107.961300,-7.126700,0 107.961900,-7.126700,0 107.962300,-7.127100,0 107.962300,-7.127300,0 107.962200,-7.127300,0</coordinates></LinearRing></outerBoundaryIs></Polygon><Polygon><tessellate>1</tessellate><outerBoundaryIs><LinearRing><coordinates>107.963100,-7.126700,0 107.963100,-7.126800,0 107.963300,-7.126800,0 107.963200,-7.127200,0 107.962800,-7.127200,0 107.962300,-7.126800,0 107.962200,-7.126600,0 107.962300,-7.126300,0 107.962800,-7.125600,0 107.963000,-7.125600,0 107.963100,-7.125900,0 107.963100,-7.126700,0</coordinates></LinearRing></outerBoundaryIs></Polygon><Polygon><tessellate>1</tessellate><outerBoundaryIs><LinearRing><coordinates>107.954200,-7.125900,0 107.954400,-7.125800,0 107.954700,-7.126000,0 107.954700,-7.126100,0 107.955500,-7.126400,0 107.955800,-7.126400,0 107.955900,-7.126500,0 107.955900,-7.126700,0 107.956100,-7.126800,0 107.956700,-7.126900,0 107.956600,-7.127100,0 107.956700,-7.127300,0 107.956500,-7.127400,0 107.956500,-7.127500,0 107.956200,-7.127500,0 107.956200,-7.127400,0 107.956000,-7.127400,0 107.956000,-7.127300,0 107.955800,-7.127300,0 107.955300,-7.127700,0 107.955100,-7.127700,0 107.955100,-7.127600,0 107.954700,-7.127500,0 107.954400,-7.127300,0 107.953800,-7.127200,0 107.953700,-7.126800,0 107.953600,-7.126800,0 107.953400,-7.126400,0 107.953300,-7.126400,0 107.953200,-7.126200,0 107.953000,-7.126200,0 107.953000,-7.126300,0 107.952600,-7.126300,0 107.952300,-7.126400,0 107.952100,-7.126800,0 107.952100,-7.127100,0 107.951500,-7.126900,0 107.951500,-7.126800,0 107.951600,-7.126800,0 107.951500,-7.126700,0 107.951500,-7.126200,0 107.951700,-7.125800,0 107.952400,-7.125700,0 107.952400,-7.125800,0 107.952500,-7.125800,0 107.952500,-7.125900,0 107.952700,-7.126000,0 107.952900,-7.126100,0 107.953200,-7.126100,0 107.953400,-7.126000,0 107.953400,-7.125800,0 107.953500,-7.125800,0 107.953500,-7.125600,0 107.953600,-7.125500,0 107.954000,-7.125500,0 107.953900,-7.125700,0 107.954200,-7.125900,0</coordinates></LinearRing></outerBoundaryIs></Polygon><Polygon><tessellate>1</tessellate><outerBoundaryIs><LinearRing><coordinates>107.949400,-7.125100,0 107.949600,-7.125200,0 107.949900,-7.125600,0 107.949900,-7.125700,0 107.950300,-7.126100,0 107.950300,-7.126200,0 107.950400,-7.126200,0 107.950400,-7.126300,0 107.950600,-7.126400,0 107.950700,-7.126700,0 107.951000,-7.127000,0 107.951000,-7.127200,0 107.950600,-7.127700,0 107.950000,-7.127900,0 107.949400,-7.127900,0 107.949100,-7.127800,0 107.946800,-7.127800,0 107.946600,-7.127500,0 107.946500,-7.127500,0 107.946300,-7.127300,0 107.946300,-7.127000,0 107.946400,-7.126900,0 107.946600,-7.126200,0 107.946700,-7.126100,0 107.946700,-7.125300,0 107.946800,-7.125200,0 107.947000,-7.125300,0 107.948100,-7.125400,0 107.948300,-7.125300,0 107.948300,-7.125200,0 107.948800,-7.125000,0 107.949300,-7.125000,0 107.949400,-7.125100,0</coordinates></LinearRing></outerBoundaryIs></Polygon><Polygon><tessellate>1</tessellate><outerBoundaryIs><LinearRing><coordinates>107.963500,-7.124500,0 107.963700,-7.124500,0 107.963700,-7.124700,0 107.963800,-7.124700,0 107.963900,-7.124900,0 107.964500,-7.124900,0 107.964500,-7.124800,0 107.965000,-7.124800,0 107.964900,-7.124900,0 107.964900,-7.125000,0 107.965000,-7.125000,0 107.965000,-7.125400,0 107.965800,-7.125800,0 107.965700,-7.126400,0 107.965600,-7.126500,0 107.965300,-7.126500,0 107.965300,-7.126800,0 107.965000,-7.127000,0 107.965000,-7.127100,0 107.964800,-7.127100,0 107.964400,-7.126900,0 107.964200,-7.126700,0 107.964100,-7.126300,0 107.963800,-7.125700,0 107.963800,-7.125600,0 107.963900,-7.125600,0 107.963900,-7.125200,0 107.963800,-7.125100,0 107.963800,-7.124900,0 107.963700,-7.124900,0 107.963700,-7.124700,0 107.963500,-7.124500,0 107.963300,-7.124500,0 107.963200,-7.124400,0 107.963400,-7.124300,0 107.963500,-7.124500,0</coordinates></LinearRing></outerBoundaryIs></Polygon><Polygon><tessellate>1</tessellate><outerBoundaryIs><LinearRing><coordinates>107.942400,-7.124800,0 107.942300,-7.124600,0 107.942200,-7.124600,0 107.942200,-7.124400,0 107.942400,-7.124100,0 107.942400,-7.124800,0</coordinates></LinearRing></outerBoundaryIs></Polygon><Polygon><tessellate>1</tessellate><outerBoundaryIs><LinearRing><coordinates>107.943100,-7.124000,0 107.943300,-7.124100,0 107.943300,-7.124300,0 107.943600,-7.124200,0 107.943700,-7.124300,0 107.943700,-7.124600,0 107.943400,-7.124500,0 107.943500,-7.124600,0 107.943500,-7.124700,0 107.943400,-7.124700,0 107.943500,-7.124800,0 107.943400,-7.124900,0 107.943200,-7.124900,0 107.943300,-7.125000,0 107.942800,-7.125200,0 107.942600,-7.125500,0 107.942600,-7.126000,0 107.942700,-7.126100,0 107.942700,-7.128000,0 107.942800,-7.128200,0 107.942800,-7.128700,0 107.942200,-7.128600,0 107.942200,-7.127600,0 107.942000,-7.127300,0 107.941600,-7.127200,0 107.941600,-7.127300,0 107.941300,-7.127400,0 107.941200,-7.127100,0 107.941100,-7.127100,0 107.941100,-7.126800,0 107.941200,-7.126700,0 107.941100,-7.126100,0 107.941400,-7.125800,0 107.942400,-7.125700,0 107.942500,-7.125500,0 107.942400,-7.125400,0 107.942400,-7.125300,0 107.942500,-7.125300,0 107.942400,-7.125100,0 107.942500,-7.125000,0 107.942500,-7.124300,0 107.942400,-7.124100,0 107.942900,-7.123800,0 107.942900,-7.123700,0 107.943100,-7.123800,0 107.943100,-7.124000,0</coordinates></LinearRing></outerBoundaryIs></Polygon><Polygon><tessellate>1</tessellate><outerBoundaryIs><LinearRing><coordinates>107.956700,-7.124000,0 107.956500,-7.124000,0 107.956300,-7.123500,0 107.956400,-7.122700,0 107.956600,-7.122700,0 107.956700,-7.122800,0 107.956700,-7.123100,0 107.957000,-7.123700,0 107.957100,-7.123700,0 107.957100,-7.123900,0 107.956700,-7.124000,0</coordinates></LinearRing></outerBoundaryIs></Polygon><Polygon><tessellate>1</tessellate><outerBoundaryIs><LinearRing><coordinates>107.942800,-7.122500,0 107.943000,-7.122700,0 107.943100,-7.122700,0 107.943100,-7.123100,0 107.943200,-7.123100,0 107.943100,-7.123200,0 107.943100,-7.123500,0 107.943200,-7.123500,0 107.943200,-7.123600,0 107.943000,-7.123600,0 107.943000,-7.123700,0 107.942800,-7.123700,0 107.942400,-7.124000,0 107.942200,-7.123600,0 107.942300,-7.123600,0 107.942300,-7.123000,0 107.942400,-7.123000,0 107.942500,-7.122400,0 107.942600,-7.122400,0 107.942600,-7.122500,0 107.942800,-7.122500,0</coordinates></LinearRing></outerBoundaryIs></Polygon><Polygon><tessellate>1</tessellate><outerBoundaryIs><LinearRing><coordinates>107.934700,-7.121900,0 107.934800,-7.121900,0 107.934800,-7.122200,0 107.934900,-7.122200,0 107.934900,-7.122300,0 107.935000,-7.122300,0 107.935100,-7.122500,0 107.935100,-7.122900,0 107.935200,-7.122900,0 107.935200,-7.123100,0 107.935400,-7.123100,0 107.935400,-7.123200,0 107.935300,-7.123200,0 107.935300,-7.123300,0 107.935200,-7.123300,0 107.935100,-7.123500,0 107.935000,-7.123500,0 107.935000,-7.123600,0 107.934700,-7.123900,0 107.934500,-7.124000,0 107.934500,-7.124200,0 107.934300,-7.124200,0 107.934300,-7.124300,0 107.934200,-7.124200,0 107.933900,-7.124300,0 107.933500,-7.124600,0 107.933500,-7.124700,0 107.933400,-7.124700,0 107.933300,-7.124900,0 107.932900,-7.125000,0 107.932700,-7.125400,0 107.932200,-7.125800,0 107.932000,-7.126200,0 107.931900,-7.126200,0 107.931900,-7.126000,0 107.932100,-7.125700,0 107.932200,-7.125000,0 107.932400,-7.124800,0 107.932500,-7.124800,0 107.932500,-7.124700,0 107.933000,-7.124600,0 107.933400,-7.124300,0 107.933900,-7.123300,0 107.933900,-7.123100,0 107.934500,-7.122800,0 107.934400,-7.122500,0 107.934400,-7.122100,0 107.934300,-7.122000,0 107.934400,-7.121900,0 107.934600,-7.121900,0 107.934600,-7.121800,0 107.934700,-7.121800,0 107.934700,-7.121900,0</coordinates></LinearRing></outerBoundaryIs></Polygon><Polygon><tessellate>1</tessellate><outerBoundaryIs><LinearRing><coordinates>107.958900,-7.124300,0 107.958800,-7.124400,0 107.958700,-7.124300,0 107.958500,-7.124500,0 107.958600,-7.124500,0 107.958500,-7.124600,0 107.958100,-7.124800,0 107.958000,-7.124800,0 107.958000,-7.124700,0 107.957700,-7.124700,0 107.957700,-7.124600,0 107.957000,-7.124600,0 107.956800,-7.124500,0 107.956700,-7.124000,0 107.957100,-7.123900,0 107.957100,-7.123700,0 107.956900,-7.123500,0 107.956900,-7.123200,0 107.956700,-7.122800,0 107.956700,-7.122300,0 107.957600,-7.122100,0 107.958200,-7.121800,0 107.959000,-7.121600,0 107.959500,-7.121300,0 107.959900,-7.121300,0 107.959900,-7.121600,0 107.959700,-7.121800,0 107.959700,-7.122100,0 107.959300,-7.122300,0 107.959400,-7.122700,0 107.959500,-7.122700,0 107.959500,-7.122800,0 107.959100,-7.122900,0 107.959200,-7.123000,0 107.959300,-7.123700,0 107.958900,-7.123900,0 107.958900,-7.124300,0</coordinates></LinearRing></outerBoundaryIs></Polygon><Polygon><tessellate>1</tessellate><outerBoundaryIs><LinearRing><coordinates>107.956700,-7.122000,0 107.956500,-7.122100,0 107.956700,-7.121500,0 107.956600,-7.121500,0 107.956500,-7.121000,0 107.956300,-7.120600,0 107.956600,-7.120600,0 107.956700,-7.121100,0 107.956800,-7.121200,0 107.956800,-7.121700,0 107.956700,-7.121800,0 107.956700,-7.122000,0</coordinates></LinearRing></outerBoundaryIs></Polygon><Polygon><tessellate>1</tessellate><outerBoundaryIs><LinearRing><coordinates>107.933600,-7.120100,0 107.933800,-7.120000,0 107.933900,-7.120200,0 107.934300,-7.120200,0 107.934300,-7.120700,0 107.934500,-7.120700,0 107.934500,-7.120900,0 107.934400,-7.121000,0 107.934200,-7.120800,0 107.934100,-7.120800,0 107.934100,-7.120700,0 107.932900,-7.120600,0 107.932600,-7.120400,0 107.932600,-7.120200,0 107.932700,-7.120200,0 107.932700,-7.120100,0 107.932900,-7.120000,0 107.933400,-7.120000,0 107.933600,-7.120100,0</coordinates></LinearRing></outerBoundaryIs></Polygon><Polygon><tessellate>1</tessellate><outerBoundaryIs><LinearRing><coordinates>107.942900,-7.120500,0 107.942900,-7.120600,0 107.943100,-7.120500,0 107.943500,-7.120500,0 107.943600,-7.120700,0 107.943600,-7.121100,0 107.943700,-7.121300,0 107.943700,-7.121800,0 107.943600,-7.121900,0 107.943600,-7.122600,0 107.943200,-7.122700,0 107.942900,-7.122500,0 107.943000,-7.122200,0 107.943100,-7.122200,0 107.943200,-7.122000,0 107.943200,-7.121700,0 107.943300,-7.121700,0 107.943300,-7.121500,0 107.943400,-7.121500,0 107.943400,-7.121200,0 107.942900,-7.121100,0 107.942800,-7.121300,0 107.942000,-7.121600,0 107.942000,-7.121900,0 107.942400,-7.122300,0 107.942500,-7.122300,0 107.942500,-7.122700,0 107.942300,-7.123000,0 107.942300,-7.123500,0 107.942200,-7.123600,0 107.942000,-7.123400,0 107.942000,-7.122800,0 107.940600,-7.122800,0 107.940500,-7.122700,0 107.940600,-7.122300,0 107.940400,-7.121300,0 107.940400,-7.120800,0 107.940300,-7.120700,0 107.940600,-7.120600,0 107.941000,-7.120200,0 107.941100,-7.120200,0 107.941100,-7.120100,0 107.941400,-7.120100,0 107.941700,-7.119900,0 107.941600,-7.120100,0 107.941700,-7.120200,0 107.942200,-7.120200,0 107.942300,-7.120300,0 107.942600,-7.120300,0 107.942900,-7.120500,0</coordinates></LinearRing></outerBoundaryIs></Polygon><Polygon><tessellate>1</tessellate><outerBoundaryIs><LinearRing><coordinates>107.932300,-7.119800,0 107.932500,-7.119800,0 107.932500,-7.119900,0 107.932700,-7.120000,0 107.932700,-7.120100,0 107.932600,-7.120200,0 107.932400,-7.120200,0 107.932200,-7.120000,0 107.932100,-7.120000,0 107.932100,-7.120100,0 107.931900,-7.120300,0 107.931900,-7.120600,0 107.931700,-7.120800,0 107.931600,-7.120800,0 107.931600,-7.120900,0 107.932000,-7.120700,0 107.932000,-7.120400,0 107.932400,-7.120400,0 107.932400,-7.120300,0 107.932600,-7.120200,0 107.932600,-7.120500,0 107.933000,-7.120600,0 107.933100,-7.120800,0 107.933200,-7.120800,0 107.933200,-7.121100,0 107.933100,-7.121100,0 107.933000,-7.121400,0 107.933300,-7.121500,0 107.933300,-7.121400,0 107.933400,-7.121400,0 107.933400,-7.121200,0 107.933300,-7.121200,0 107.933300,-7.120700,0 107.933900,-7.120700,0 107.934400,-7.121000,0 107.934300,-7.121100,0 107.934300,-7.121900,0 107.933800,-7.121800,0 107.933600,-7.122000,0 107.933400,-7.122000,0 107.933400,-7.122100,0 107.933300,-7.122100,0 107.933100,-7.122000,0 107.932900,-7.121800,0 107.932900,-7.121700,0 107.932700,-7.121800,0 107.932600,-7.121700,0 107.931400,-7.121600,0 107.930500,-7.121000,0 107.930400,-7.121000,0 107.930400,-7.120900,0 107.930300,-7.120900,0 107.930300,-7.120800,0 107.930500,-7.120900,0 107.930400,-7.120700,0 107.931400,-7.120700,0 107.931400,-7.120500,0 107.931500,-7.120400,0 107.931200,-7.120100,0 107.931200,-7.119900,0 107.931300,-7.119800,0 107.931700,-7.119800,0 107.931700,-7.119600,0 107.931800,-7.119600,0 107.931800,-7.119500,0 107.931900,-7.119500,0 107.932000,-7.119700,0 107.932300,-7.119800,0</coordinates></LinearRing></outerBoundaryIs></Polygon><Polygon><tessellate>1</tessellate><outerBoundaryIs><LinearRing><coordinates>107.961100,-7.119900,0 107.961500,-7.120100,0 107.961500,-7.120200,0 107.961700,-7.120200,0 107.961700,-7.120100,0 107.961900,-7.120200,0 107.962000,-7.120400,0 107.962500,-7.120400,0 107.962600,-7.120500,0 107.962600,-7.120700,0 107.962700,-7.120700,0 107.962700,-7.120800,0 107.962900,-7.120800,0 107.962900,-7.121000,0 107.963000,-7.121000,0 107.963000,-7.121400,0 107.962900,-7.121700,0 107.963100,-7.121700,0 107.963200,-7.121800,0 107.963200,-7.122000,0 107.963400,-7.122100,0 107.963400,-7.122800,0 107.963300,-7.122800,0 107.963300,-7.123000,0 107.963600,-7.123100,0 107.963600,-7.123200,0 107.963500,-7.123200,0 107.963500,-7.123500,0 107.963400,-7.123600,0 107.963400,-7.124100,0 107.963300,-7.124300,0 107.963000,-7.124500,0 107.962800,-7.125400,0 107.962400,-7.125200,0 107.962200,-7.124900,0 107.962300,-7.124800,0 107.962600,-7.125000,0 107.962500,-7.124700,0 107.962200,-7.124600,0 107.961900,-7.124200,0 107.961700,-7.124400,0 107.961700,-7.124300,0 107.961400,-7.124300,0 107.961300,-7.124100,0 107.961400,-7.123900,0 107.961600,-7.124000,0 107.961600,-7.123600,0 107.961900,-7.123600,0 107.962400,-7.123300,0 107.962500,-7.122900,0 107.962100,-7.122500,0 107.962000,-7.122600,0 107.961600,-7.122700,0 107.961400,-7.123100,0 107.960900,-7.123500,0 107.960600,-7.123400,0 107.960600,-7.123200,0 107.960800,-7.123000,0 107.960800,-7.122800,0 107.960900,-7.122800,0 107.960700,-7.121600,0 107.960500,-7.121600,0 107.960200,-7.121800,0 107.960200,-7.121600,0 107.960000,-7.121600,0 107.960000,-7.121300,0 107.959800,-7.121200,0 107.959700,-7.121300,0 107.959400,-7.121300,0 107.959300,-7.121400,0 107.958100,-7.121800,0 107.957800,-7.122000,0 107.957300,-7.122100,0 107.956900,-7.122300,0 107.956600,-7.122300,0 107.956700,-7.121900,0 107.956800,-7.121800,0 107.956800,-7.121200,0 107.956600,-7.120500,0 107.957600,-7.120300,0 107.958200,-7.120000,0 107.958700,-7.120000,0 107.958800,-7.119900,0 107.959900,-7.119900,0 107.960100,-7.119800,0 107.960200,-7.119500,0 107.960300,-7.119600,0 107.960700,-7.119700,0 107.960700,-7.119800,0 107.961100,-7.119900,0</coordinates></LinearRing></outerBoundaryIs></Polygon><Polygon><tessellate>1</tessellate><outerBoundaryIs><LinearRing><coordinates>107.942700,-7.118700,0 107.942800,-7.118700,0 107.942800,-7.119000,0 107.942700,-7.119000,0 107.942700,-7.119500,0 107.942600,-7.119500,0 107.942600,-7.119600,0 107.942800,-7.119600,0 107.942800,-7.119800,0 107.942700,-7.119800,0 107.942700,-7.120000,0 107.942800,-7.120000,0 107.942800,-7.120300,0 107.942400,-7.120300,0 107.942300,-7.120200,0 107.941700,-7.120100,0 107.941800,-7.119700,0 107.941800,-7.119800,0 107.942200,-7.119800,0 107.942200,-7.119700,0 107.942300,-7.119700,0 107.942300,-7.119500,0 107.942400,-7.119400,0 107.942400,-7.118300,0 107.942500,-7.118300,0 107.942600,-7.118700,0 107.942700,-7.118700,0</coordinates></LinearRing></outerBoundaryIs></Polygon><Polygon><tessellate>1</tessellate><outerBoundaryIs><LinearRing><coordinates>107.929100,-7.118200,0 107.929100,-7.118300,0 107.929200,-7.118200,0 107.930100,-7.118700,0 107.930500,-7.118800,0 107.930800,-7.118800,0 107.931000,-7.118700,0 107.931400,-7.118900,0 107.931600,-7.119100,0 107.931600,-7.119200,0 107.931500,-7.119200,0 107.931600,-7.119800,0 107.931200,-7.119800,0 107.931100,-7.119900,0 107.931200,-7.120200,0 107.931400,-7.120400,0 107.931400,-7.120500,0 107.931200,-7.120600,0 107.931200,-7.120700,0 107.930800,-7.120700,0 107.930700,-7.120600,0 107.930100,-7.120600,0 107.930100,-7.120500,0 107.929900,-7.120500,0 107.929900,-7.120400,0 107.929200,-7.120400,0 107.929100,-7.120500,0 107.928900,-7.120400,0 107.929100,-7.120300,0 107.929200,-7.119900,0 107.929500,-7.119800,0 107.929500,-7.119700,0 107.930100,-7.119700,0 107.930200,-7.119600,0 107.930100,-7.119600,0 107.930100,-7.119300,0 107.930000,-7.119300,0 107.930000,-7.119200,0 107.929700,-7.118900,0 107.929600,-7.118900,0 107.929400,-7.118700,0 107.929400,-7.118600,0 107.929200,-7.118600,0 107.929100,-7.118500,0 107.929000,-7.118300,0 107.929000,-7.118200,0 107.929100,-7.118200,0</coordinates></LinearRing></outerBoundaryIs></Polygon><Polygon><tessellate>1</tessellate><outerBoundaryIs><LinearRing><coordinates>107.934000,-7.118400,0 107.934200,-7.118500,0 107.934300,-7.118900,0 107.934600,-7.118900,0 107.934600,-7.119000,0 107.934700,-7.119000,0 107.934800,-7.119200,0 107.935000,-7.119200,0 107.935000,-7.119000,0 107.934900,-7.118900,0 107.935000,-7.118800,0 107.935000,-7.118500,0 107.935200,-7.118500,0 107.935200,-7.118600,0 107.935400,-7.118700,0 107.935500,-7.118900,0 107.935400,-7.119100,0 107.935500,-7.119500,0 107.934500,-7.119500,0 107.934400,-7.119600,0 107.934300,-7.119500,0 107.934300,-7.119300,0 107.934100,-7.119200,0 107.934100,-7.119000,0 107.934000,-7.119000,0 107.934000,-7.118900,0 107.933700,-7.118900,0 107.933700,-7.119300,0 107.933300,-7.119300,0 107.933200,-7.119400,0 107.932700,-7.119400,0 107.932200,-7.119100,0 107.932300,-7.119100,0 107.932300,-7.118900,0 107.932500,-7.118900,0 107.932500,-7.119000,0 107.932700,-7.119000,0 107.932700,-7.119100,0 107.932800,-7.119000,0 107.932800,-7.118800,0 107.933000,-7.118700,0 107.933100,-7.118500,0 107.933400,-7.118500,0 107.933600,-7.118300,0 107.933600,-7.118200,0 107.934000,-7.118400,0</coordinates></LinearRing></outerBoundaryIs></Polygon><Polygon><tessellate>1</tessellate><outerBoundaryIs><LinearRing><coordinates>107.942400,-7.118200,0 107.942400,-7.118500,0 107.942300,-7.118500,0 107.942300,-7.119400,0 107.942200,-7.119700,0 107.942000,-7.119800,0 107.941800,-7.119700,0 107.941800,-7.119600,0 107.941800,-7.119700,0 107.941700,-7.119700,0 107.941700,-7.119900,0 107.941100,-7.120100,0 107.940400,-7.120700,0 107.940300,-7.120700,0 107.940400,-7.120900,0 107.940400,-7.121700,0 107.940500,-7.121900,0 107.940500,-7.122800,0 107.941200,-7.122800,0 107.941400,-7.122900,0 107.941600,-7.122900,0 107.941700,-7.122800,0 107.941800,-7.122900,0 107.942000,-7.122900,0 107.941900,-7.123000,0 107.941900,-7.123300,0 107.942400,-7.124100,0 107.942200,-7.124300,0 107.942100,-7.124300,0 107.941900,-7.124100,0 107.941900,-7.124200,0 107.941300,-7.123900,0 107.940900,-7.123800,0 107.940900,-7.123900,0 107.940700,-7.123800,0 107.940400,-7.123800,0 107.940200,-7.123500,0 107.940000,-7.123700,0 107.940000,-7.124000,0 107.940000,-7.123900,0 107.939600,-7.124000,0 107.939600,-7.123700,0 107.940000,-7.123500,0 107.940100,-7.123200,0 107.940000,-7.123100,0 107.939800,-7.123100,0 107.939000,-7.122400,0 107.938800,-7.122400,0 107.938800,-7.122500,0 107.938600,-7.122700,0 107.938400,-7.122700,0 107.938300,-7.122800,0 107.937700,-7.122800,0 107.937700,-7.122700,0 107.937500,-7.122700,0 107.937400,-7.122600,0 107.937400,-7.122700,0 107.937000,-7.122700,0 107.937000,-7.122600,0 107.936800,-7.122600,0 107.936700,-7.122400,0 107.936300,-7.122200,0 107.936300,-7.122000,0 107.936900,-7.121900,0 107.936600,-7.121800,0 107.936200,-7.121800,0 107.935800,-7.121600,0 107.935700,-7.121700,0 107.935500,-7.121600,0 107.935500,-7.121500,0 107.935100,-7.121500,0 107.935000,-7.121400,0 107.934600,-7.121400,0 107.934600,-7.121500,0 107.934400,-7.121600,0 107.934500,-7.120700,0 107.935500,-7.120900,0 107.935900,-7.121100,0 107.936900,-7.121000,0 107.937200,-7.121200,0 107.937400,-7.121200,0 107.937500,-7.121100,0 107.938100,-7.121100,0 107.938300,-7.120900,0 107.938800,-7.120900,0 107.938800,-7.120400,0 107.939800,-7.119900,0 107.940100,-7.119900,0 107.940400,-7.119700,0 107.940400,-7.119500,0 107.940800,-7.119300,0 107.940800,-7.118700,0 107.940900,-7.118700,0 107.940900,-7.118300,0 107.941000,-7.118300,0 107.941000,-7.118200,0 107.941400,-7.118200,0 107.941400,-7.118300,0 107.942200,-7.118200,0 107.942300,-7.118100,0 107.942400,-7.118200,0</coordinates></LinearRing></outerBoundaryIs></Polygon><Polygon><tessellate>1</tessellate><outerBoundaryIs><LinearRing><coordinates>107.928900,-7.118000,0 107.928900,-7.118100,0 107.928800,-7.118100,0 107.928800,-7.118000,0 107.928400,-7.118000,0 107.928400,-7.117900,0 107.928600,-7.117900,0 107.928700,-7.117700,0 107.928800,-7.117700,0 107.929000,-7.117800,0 107.928900,-7.118000,0</coordinates></LinearRing></outerBoundaryIs></Polygon><Polygon><tessellate>1</tessellate><outerBoundaryIs><LinearRing><coordinates>107.930300,-7.118000,0 107.930400,-7.118200,0 107.930500,-7.118200,0 107.930500,-7.118300,0 107.930600,-7.118300,0 107.930600,-7.118400,0 107.931200,-7.118400,0 107.931300,-7.118500,0 107.931500,-7.118500,0 107.931600,-7.118300,0 107.931800,-7.118200,0 107.931900,-7.118400,0 107.931900,-7.118700,0 107.932000,-7.118700,0 107.932100,-7.119000,0 107.931700,-7.118800,0 107.931600,-7.118800,0 107.931600,-7.118900,0 107.931300,-7.118900,0 107.931300,-7.118800,0 107.931100,-7.118700,0 107.930700,-7.118600,0 107.930000,-7.118600,0 107.929400,-7.118300,0 107.929400,-7.118200,0 107.929100,-7.118100,0 107.929100,-7.118000,0 107.929400,-7.118000,0 107.929500,-7.118100,0 107.929900,-7.118000,0 107.930100,-7.117600,0 107.930300,-7.117600,0 107.930300,-7.118000,0</coordinates></LinearRing></outerBoundaryIs></Polygon><Polygon><tessellate>1</tessellate><outerBoundaryIs><LinearRing><coordinates>107.962100,-7.119200,0 107.962000,-7.119400,0 107.962000,-7.119800,0 107.962100,-7.119800,0 107.962100,-7.119900,0 107.962400,-7.119900,0 107.963300,-7.120600,0 107.963500,-7.121500,0 107.963700,-7.121600,0 107.963800,-7.121800,0 107.963800,-7.122200,0 107.964300,-7.123100,0 107.964400,-7.123100,0 107.964500,-7.123300,0 107.964700,-7.123400,0 107.964700,-7.123600,0 107.964500,-7.123700,0 107.964800,-7.124000,0 107.965000,-7.124000,0 107.965100,-7.124100,0 107.965000,-7.124500,0 107.965000,-7.124700,0 107.965100,-7.124700,0 107.965100,-7.124800,0 107.964400,-7.124800,0 107.964300,-7.124900,0 107.964100,-7.124800,0 107.964100,-7.124900,0 107.963900,-7.124900,0 107.963800,-7.124700,0 107.963500,-7.124400,0 107.963400,-7.124400,0 107.963400,-7.124200,0 107.963500,-7.124100,0 107.963400,-7.123700,0 107.963600,-7.123400,0 107.963600,-7.123100,0 107.963400,-7.123000,0 107.963400,-7.122200,0 107.963500,-7.122200,0 107.963500,-7.122100,0 107.963400,-7.122100,0 107.963400,-7.122000,0 107.963200,-7.122000,0 107.963200,-7.121700,0 107.963000,-7.121700,0 107.963000,-7.121400,0 107.963100,-7.121300,0 107.963100,-7.121100,0 107.963000,-7.121100,0 107.963000,-7.120800,0 107.962800,-7.120800,0 107.962600,-7.120600,0 107.962600,-7.120400,0 107.962000,-7.120400,0 107.961900,-7.120100,0 107.961500,-7.120100,0 107.960800,-7.119700,0 107.960200,-7.119500,0 107.960300,-7.119100,0 107.960200,-7.119000,0 107.960000,-7.118400,0 107.960000,-7.118000,0 107.960100,-7.118000,0 107.960100,-7.117900,0 107.960700,-7.117900,0 107.960800,-7.118300,0 107.960700,-7.118600,0 107.960900,-7.118900,0 107.960700,-7.119100,0 107.960700,-7.119200,0 107.961200,-7.119200,0 107.961300,-7.119100,0 107.961300,-7.118800,0 107.961200,-7.118500,0 107.961200,-7.118100,0 107.961100,-7.118100,0 107.961200,-7.117800,0 107.961100,-7.117600,0 107.961400,-7.117600,0 107.962000,-7.118100,0 107.962100,-7.118300,0 107.962100,-7.119200,0</coordinates></LinearRing></outerBoundaryIs></Polygon><Polygon><tessellate>1</tessellate><outerBoundaryIs><LinearRing><coordinates>107.928100,-7.117400,0 107.928400,-7.117600,0 107.928600,-7.117600,0 107.928600,-7.117800,0 107.928500,-7.117800,0 107.928500,-7.117900,0 107.928300,-7.117900,0 107.928300,-7.118000,0 107.927300,-7.117800,0 107.927400,-7.117500,0 107.927800,-7.117500,0 107.927800,-7.117400,0 107.928000,-7.117300,0 107.928000,-7.117400,0 107.928100,-7.117400,0</coordinates></LinearRing></outerBoundaryIs></Polygon><Polygon><tessellate>1</tessellate><outerBoundaryIs><LinearRing><coordinates>107.927700,-7.117200,0 107.927900,-7.117400,0 107.927400,-7.117400,0 107.927200,-7.117300,0 107.927200,-7.117200,0 107.927700,-7.117200,0</coordinates></LinearRing></outerBoundaryIs></Polygon><Polygon><tessellate>1</tessellate><outerBoundaryIs><LinearRing><coordinates>107.942700,-7.118100,0 107.942600,-7.118100,0 107.942600,-7.118000,0 107.942700,-7.118000,0 107.942700,-7.117300,0 107.942800,-7.117300,0 107.942800,-7.117100,0 107.943200,-7.116800,0 107.943200,-7.117000,0 107.943000,-7.117300,0 107.943000,-7.117500,0 107.942900,-7.117500,0 107.942900,-7.117700,0 107.942700,-7.117700,0 107.942800,-7.117800,0 107.942800,-7.118100,0 107.942700,-7.118100,0</coordinates></LinearRing></outerBoundaryIs></Polygon><Polygon><tessellate>1</tessellate><outerBoundaryIs><LinearRing><coordinates>107.945500,-7.116900,0 107.945400,-7.117000,0 107.945000,-7.116900,0 107.945100,-7.116800,0 107.945500,-7.116800,0 107.945500,-7.116900,0</coordinates></LinearRing></outerBoundaryIs></Polygon><Polygon><tessellate>1</tessellate><outerBoundaryIs><LinearRing><coordinates>107.926700,-7.116900,0 107.927100,-7.117100,0 107.927000,-7.117300,0 107.927100,-7.117400,0 107.927000,-7.117600,0 107.927000,-7.117500,0 107.926800,-7.117500,0 107.926800,-7.117600,0 107.926400,-7.117100,0 107.926500,-7.117000,0 107.926400,-7.117000,0 107.926400,-7.116900,0 107.926300,-7.117000,0 107.926200,-7.116900,0 107.926400,-7.116700,0 107.926500,-7.116700,0 107.926500,-7.116800,0 107.926700,-7.116900,0</coordinates></LinearRing></outerBoundaryIs></Polygon><Polygon><tessellate>1</tessellate><outerBoundaryIs><LinearRing><coordinates>107.926100,-7.116400,0 107.926300,-7.116500,0 107.926400,-7.116700,0 107.926200,-7.116800,0 107.926100,-7.116700,0 107.926000,-7.116900,0 107.925900,-7.116700,0 107.926100,-7.116400,0</coordinates></LinearRing></outerBoundaryIs></Polygon><Polygon><tessellate>1</tessellate><outerBoundaryIs><LinearRing><coordinates>107.931800,-7.116900,0 107.931900,-7.117000,0 107.931900,-7.117500,0 107.932100,-7.117700,0 107.932100,-7.118000,0 107.932000,-7.118000,0 107.931900,-7.118200,0 107.931600,-7.118100,0 107.931400,-7.117400,0 107.931500,-7.117000,0 107.931700,-7.117000,0 107.931700,-7.116800,0 107.931600,-7.116800,0 107.931600,-7.116400,0 107.931800,-7.116400,0 107.931800,-7.116900,0</coordinates></LinearRing></outerBoundaryIs></Polygon><Polygon><tessellate>1</tessellate><outerBoundaryIs><LinearRing><coordinates>107.925800,-7.116700,0 107.925700,-7.116600,0 107.925800,-7.116500,0 107.925600,-7.116300,0 107.925800,-7.116200,0 107.926000,-7.116400,0 107.925800,-7.116700,0</coordinates></LinearRing></outerBoundaryIs></Polygon><Polygon><tessellate>1</tessellate><outerBoundaryIs><LinearRing><coordinates>107.960100,-7.116200,0 107.960400,-7.116200,0 107.960400,-7.116500,0 107.960600,-7.116600,0 107.960500,-7.116600,0 107.960500,-7.116800,0 107.960300,-7.116700,0 107.960200,-7.116900,0 107.960000,-7.116800,0 107.960000,-7.116600,0 107.959800,-7.116600,0 107.959800,-7.116300,0 107.960100,-7.116200,0</coordinates></LinearRing></outerBoundaryIs></Polygon><Polygon><tessellate>1</tessellate><outerBoundaryIs><LinearRing><coordinates>107.943600,-7.116200,0 107.943800,-7.116500,0 107.943400,-7.116700,0 107.943400,-7.116200,0 107.943600,-7.116200,0</coordinates></LinearRing></outerBoundaryIs></Polygon><Polygon><tessellate>1</tessellate><outerBoundaryIs><LinearRing><coordinates>107.945500,-7.116200,0 107.945500,-7.116800,0 107.945500,-7.116700,0 107.945100,-7.116700,0 107.944900,-7.116500,0 107.944900,-7.116400,0 107.944700,-7.116400,0 107.944700,-7.116200,0 107.945500,-7.116200,0</coordinates></LinearRing></outerBoundaryIs></Polygon><Polygon><tessellate>1</tessellate><outerBoundaryIs><LinearRing><coordinates>107.951700,-7.115900,0 107.951700,-7.116000,0 107.951900,-7.116100,0 107.951900,-7.116700,0 107.952100,-7.117300,0 107.952200,-7.118000,0 107.952200,-7.118300,0 107.952000,-7.118400,0 107.952000,-7.118500,0 107.951900,-7.118500,0 107.951900,-7.118300,0 107.951800,-7.118300,0 107.951800,-7.118200,0 107.951500,-7.118200,0 107.951500,-7.118500,0 107.951100,-7.118600,0 107.951200,-7.118400,0 107.951000,-7.118300,0 107.950900,-7.118400,0 107.950900,-7.118100,0 107.950600,-7.118000,0 107.950600,-7.118300,0 107.950500,-7.118300,0 107.950500,-7.118100,0 107.950100,-7.117900,0 107.950000,-7.117900,0 107.950000,-7.118000,0 107.948700,-7.118000,0 107.948700,-7.117900,0 107.948600,-7.117900,0 107.948500,-7.117700,0 107.948500,-7.117900,0 107.948300,-7.117900,0 107.948300,-7.118000,0 107.948000,-7.118000,0 107.948000,-7.117900,0 107.947600,-7.117700,0 107.947600,-7.117500,0 107.947400,-7.117200,0 107.947300,-7.117200,0 107.947300,-7.117000,0 107.947700,-7.117000,0 107.947700,-7.117100,0 107.947900,-7.117000,0 107.947800,-7.116600,0 107.948000,-7.116700,0 107.948000,-7.116900,0 107.948100,-7.116900,0 107.948200,-7.117100,0 107.948600,-7.117100,0 107.948800,-7.117200,0 107.948900,-7.117000,0 107.949000,-7.117000,0 107.948900,-7.116600,0 107.949600,-7.116600,0 107.949600,-7.116400,0 107.949500,-7.116400,0 107.949500,-7.116300,0 107.949600,-7.116200,0 107.950000,-7.116200,0 107.950100,-7.116000,0 107.950300,-7.116000,0 107.950300,-7.116100,0 107.950600,-7.116100,0 107.950600,-7.115800,0 107.950700,-7.115800,0 107.950800,-7.115600,0 107.951000,-7.115600,0 107.951000,-7.115500,0 107.951600,-7.115500,0 107.951600,-7.115800,0 107.951700,-7.115900,0</coordinates></LinearRing></outerBoundaryIs></Polygon><Polygon><tessellate>1</tessellate><outerBoundaryIs><LinearRing><coordinates>107.956300,-7.116000,0 107.956300,-7.116100,0 107.956200,-7.116000,0 107.956100,-7.116400,0 107.956500,-7.116700,0 107.956600,-7.116700,0 107.956600,-7.116600,0 107.956900,-7.116700,0 107.956900,-7.116800,0 107.957300,-7.116900,0 107.957400,-7.117100,0 107.957600,-7.117100,0 107.957700,-7.117000,0 107.957800,-7.117200,0 107.957600,-7.117300,0 107.957700,-7.117600,0 107.958000,-7.117500,0 107.958000,-7.117700,0 107.958100,-7.117800,0 107.958100,-7.118000,0 107.957600,-7.118100,0 107.957700,-7.118200,0 107.957900,-7.118200,0 107.957900,-7.118300,0 107.958300,-7.118300,0 107.958300,-7.118200,0 107.958400,-7.118200,0 107.958700,-7.118400,0 107.958900,-7.118200,0 107.959300,-7.117400,0 107.959500,-7.117200,0 107.959600,-7.116900,0 107.959800,-7.116900,0 107.959800,-7.116800,0 107.960200,-7.116900,0 107.960100,-7.117100,0 107.960200,-7.117100,0 107.960200,-7.117300,0 107.960100,-7.117400,0 107.960200,-7.117700,0 107.960000,-7.117700,0 107.959300,-7.118200,0 107.959400,-7.118400,0 107.959300,-7.118800,0 107.959200,-7.118800,0 107.959100,-7.119500,0 107.958700,-7.119500,0 107.958700,-7.119600,0 107.958600,-7.119600,0 107.958500,-7.119800,0 107.958600,-7.119900,0 107.956600,-7.120500,0 107.956600,-7.119700,0 107.956500,-7.119200,0 107.956300,-7.119100,0 107.956300,-7.118900,0 107.956200,-7.118800,0 107.956400,-7.118400,0 107.956100,-7.118000,0 107.956200,-7.117900,0 107.956200,-7.117600,0 107.956100,-7.117400,0 107.955900,-7.117300,0 107.955900,-7.116900,0 107.956100,-7.116300,0 107.956100,-7.115700,0 107.956000,-7.115700,0 107.956000,-7.115300,0 107.956100,-7.115300,0 107.956100,-7.115700,0 107.956300,-7.116000,0</coordinates></LinearRing></outerBoundaryIs></Polygon><Polygon><tessellate>1</tessellate><outerBoundaryIs><LinearRing><coordinates>107.941100,-7.115200,0 107.941200,-7.115200,0 107.941200,-7.115100,0 107.941200,-7.115200,0 107.941300,-7.115200,0 107.941300,-7.115100,0 107.941600,-7.115100,0 107.941500,-7.115100,0 107.941500,-7.115200,0 107.941700,-7.115100,0 107.942200,-7.115500,0 107.942700,-7.115500,0 107.942700,-7.115400,0 107.942800,-7.115400,0 107.942800,-7.115500,0 107.942900,-7.115500,0 107.942900,-7.115900,0 107.942700,-7.115900,0 107.942700,-7.116000,0 107.942400,-7.116000,0 107.942300,-7.116400,0 107.942200,-7.116400,0 107.942100,-7.116600,0 107.942000,-7.116600,0 107.942000,-7.116500,0 107.941700,-7.116500,0 107.941700,-7.116600,0 107.941100,-7.116600,0 107.941100,-7.116700,0 107.940900,-7.116700,0 107.940500,-7.116900,0 107.940500,-7.117000,0 107.940300,-7.117000,0 107.940200,-7.117200,0 107.940000,-7.117200,0 107.940000,-7.117300,0 107.939800,-7.117300,0 107.939400,-7.117100,0 107.939300,-7.117400,0 107.938800,-7.117400,0 107.938400,-7.117600,0 107.938100,-7.117500,0 107.938100,-7.117600,0 107.938000,-7.117600,0 107.937900,-7.117800,0 107.937800,-7.117800,0 107.937800,-7.117900,0 107.937500,-7.117900,0 107.937100,-7.118100,0 107.936800,-7.118100,0 107.936700,-7.118600,0 107.936800,-7.118600,0 107.936900,-7.118800,0 107.936700,-7.119000,0 107.936400,-7.119100,0 107.936000,-7.119000,0 107.935900,-7.118900,0 107.935600,-7.118900,0 107.935600,-7.118800,0 107.935500,-7.118800,0 107.935500,-7.118700,0 107.935600,-7.118700,0 107.935700,-7.118500,0 107.936100,-7.118500,0 107.936200,-7.118300,0 107.936600,-7.118100,0 107.936600,-7.117800,0 107.936500,-7.117700,0 107.936600,-7.117500,0 107.937000,-7.117400,0 107.937100,-7.117300,0 107.937300,-7.117300,0 107.937300,-7.117200,0 107.937700,-7.117200,0 107.937700,-7.117100,0 107.938000,-7.117000,0 107.938500,-7.117000,0 107.938500,-7.116900,0 107.938700,-7.116900,0 107.938700,-7.116700,0 107.938800,-7.116700,0 107.938800,-7.116600,0 107.939000,-7.116500,0 107.939200,-7.116100,0 107.939400,-7.116100,0 107.939400,-7.116000,0 107.939500,-7.116100,0 107.939700,-7.116000,0 107.939700,-7.115900,0 107.939900,-7.115900,0 107.940000,-7.115700,0 107.940400,-7.115700,0 107.940400,-7.115400,0 107.940700,-7.115400,0 107.940700,-7.115200,0 107.940600,-7.115100,0 107.941000,-7.115100,0 107.941100,-7.115200,0</coordinates></LinearRing></outerBoundaryIs></Polygon><Polygon><tessellate>1</tessellate><outerBoundaryIs><LinearRing><coordinates>107.943500,-7.115200,0 107.943400,-7.115200,0 107.943200,-7.115000,0 107.943300,-7.114800,0 107.943400,-7.114800,0 107.943400,-7.114600,0 107.943700,-7.114700,0 107.943700,-7.114900,0 107.943500,-7.115200,0</coordinates></LinearRing></outerBoundaryIs></Polygon><Polygon><tessellate>1</tessellate><outerBoundaryIs><LinearRing><coordinates>107.955700,-7.114300,0 107.955900,-7.114600,0 107.956000,-7.115000,0 107.956000,-7.115200,0 107.955900,-7.115200,0 107.955900,-7.115500,0 107.956100,-7.115800,0 107.956100,-7.116200,0 107.955800,-7.117000,0 107.955900,-7.117300,0 107.956200,-7.117700,0 107.956100,-7.118100,0 107.956300,-7.118300,0 107.956200,-7.118900,0 107.956300,-7.119100,0 107.956500,-7.119200,0 107.956500,-7.119700,0 107.956600,-7.119800,0 107.956600,-7.120500,0 107.956300,-7.120600,0 107.956200,-7.120300,0 107.955600,-7.119900,0 107.955600,-7.119800,0 107.955300,-7.119600,0 107.954800,-7.119500,0 107.954200,-7.119200,0 107.953800,-7.118800,0 107.953800,-7.118400,0 107.953600,-7.118300,0 107.953700,-7.118100,0 107.953800,-7.117400,0 107.954300,-7.117600,0 107.954300,-7.117700,0 107.954600,-7.117700,0 107.954800,-7.117600,0 107.954900,-7.117400,0 107.955100,-7.117300,0 107.955100,-7.117100,0 107.955000,-7.117100,0 107.955000,-7.116800,0 107.954800,-7.116700,0 107.954600,-7.116900,0 107.954500,-7.116900,0 107.954500,-7.116800,0 107.954300,-7.116800,0 107.954300,-7.116700,0 107.954400,-7.116700,0 107.953300,-7.116200,0 107.953200,-7.116200,0 107.953200,-7.116300,0 107.953000,-7.116200,0 107.952700,-7.116200,0 107.952500,-7.116300,0 107.952600,-7.116900,0 107.952800,-7.117100,0 107.952900,-7.117100,0 107.953200,-7.117500,0 107.953400,-7.117500,0 107.953300,-7.117200,0 107.953500,-7.117000,0 107.953800,-7.117400,0 107.953800,-7.117500,0 107.953500,-7.118100,0 107.953500,-7.118300,0 107.953300,-7.118200,0 107.952900,-7.118200,0 107.952900,-7.118500,0 107.952500,-7.118400,0 107.952500,-7.118500,0 107.952500,-7.118300,0 107.952400,-7.118500,0 107.952300,-7.118500,0 107.952200,-7.118400,0 107.952200,-7.117800,0 107.952100,-7.117800,0 107.951900,-7.116100,0 107.951700,-7.116000,0 107.951700,-7.115700,0 107.951600,-7.115600,0 107.951600,-7.115500,0 107.951700,-7.115500,0 107.951700,-7.115000,0 107.951500,-7.115000,0 107.951500,-7.114900,0 107.951300,-7.115200,0 107.951100,-7.115000,0 107.951300,-7.114800,0 107.951400,-7.114500,0 107.952300,-7.114400,0 107.952400,-7.114500,0 107.952300,-7.114600,0 107.952300,-7.114800,0 107.952500,-7.114900,0 107.952500,-7.115000,0 107.952600,-7.115000,0 107.952600,-7.114900,0 107.953100,-7.114800,0 107.953500,-7.114800,0 107.953600,-7.115000,0 107.953900,-7.115000,0 107.953900,-7.115200,0 107.954000,-7.115200,0 107.954000,-7.115400,0 107.953900,-7.115400,0 107.953900,-7.115500,0 107.954000,-7.115700,0 107.954200,-7.115800,0 107.954200,-7.115700,0 107.954600,-7.115600,0 107.954600,-7.115500,0 107.954700,-7.115500,0 107.954800,-7.114600,0 107.955000,-7.114500,0 107.955000,-7.114400,0 107.955400,-7.114400,0 107.955500,-7.114300,0 107.955700,-7.114300,0</coordinates></LinearRing></outerBoundaryIs></Polygon><Polygon><tessellate>1</tessellate><outerBoundaryIs><LinearRing><coordinates>107.958800,-7.113400,0 107.959200,-7.113500,0 107.959200,-7.113700,0 107.959300,-7.113700,0 107.959400,-7.114100,0 107.959600,-7.114200,0 107.959600,-7.114300,0 107.959700,-7.114300,0 107.959700,-7.114400,0 107.959800,-7.114400,0 107.959800,-7.114500,0 107.960000,-7.114600,0 107.960000,-7.114800,0 107.959600,-7.114800,0 107.959300,-7.114200,0 107.958600,-7.114200,0 107.958500,-7.114300,0 107.958100,-7.114300,0 107.958200,-7.113900,0 107.958300,-7.113900,0 107.958300,-7.113700,0 107.958400,-7.113700,0 107.958400,-7.113600,0 107.958200,-7.113500,0 107.958200,-7.113400,0 107.958100,-7.113400,0 107.958100,-7.113100,0 107.957800,-7.112700,0 107.957700,-7.112700,0 107.957700,-7.112600,0 107.957800,-7.112600,0 107.957800,-7.112700,0 107.958400,-7.112900,0 107.958500,-7.113300,0 107.958800,-7.113400,0</coordinates></LinearRing></outerBoundaryIs></Polygon><Polygon><tessellate>1</tessellate><outerBoundaryIs><LinearRing><coordinates>107.951200,-7.112600,0 107.951100,-7.113000,0 107.951300,-7.113000,0 107.951400,-7.113600,0 107.951800,-7.113600,0 107.951900,-7.113500,0 107.951900,-7.113800,0 107.951400,-7.113900,0 107.951300,-7.114000,0 107.950700,-7.114000,0 107.950500,-7.114100,0 107.950000,-7.114000,0 107.949900,-7.114300,0 107.950000,-7.114300,0 107.950000,-7.114400,0 107.950200,-7.114400,0 107.950200,-7.115200,0 107.950100,-7.115200,0 107.950100,-7.115400,0 107.949300,-7.115500,0 107.949300,-7.115600,0 107.949300,-7.115300,0 107.949200,-7.115300,0 107.949200,-7.115200,0 107.949300,-7.115200,0 107.949300,-7.115000,0 107.949400,-7.115000,0 107.949500,-7.114800,0 107.949500,-7.114600,0 107.949000,-7.114500,0 107.949000,-7.114400,0 107.948300,-7.114500,0 107.948300,-7.114100,0 107.948600,-7.114100,0 107.948400,-7.113700,0 107.948400,-7.113300,0 107.948300,-7.113200,0 107.948300,-7.113000,0 107.948200,-7.113000,0 107.948100,-7.112700,0 107.948300,-7.112600,0 107.949400,-7.112600,0 107.949800,-7.112700,0 107.949900,-7.112800,0 107.951100,-7.112500,0 107.951100,-7.112600,0 107.951200,-7.112600,0</coordinates></LinearRing></outerBoundaryIs><innerBoundaryIs><LinearRing><coordinates>107.949400,-7.113900,0 107.949700,-7.113900,0 107.949700,-7.113700,0 107.949100,-7.113600,0 107.949000,-7.113700,0 107.949000,-7.113800,0 107.949400,-7.113900,0</coordinates></LinearRing></innerBoundaryIs></Polygon><Polygon><tessellate>1</tessellate><outerBoundaryIs><LinearRing><coordinates>107.958100,-7.113600,0 107.958300,-7.113700,0 107.958100,-7.113800,0 107.958100,-7.114100,0 107.958000,-7.114100,0 107.958000,-7.114300,0 107.958100,-7.114400,0 107.958300,-7.114500,0 107.958400,-7.114400,0 107.958600,-7.114400,0 107.958600,-7.114300,0 107.958800,-7.114300,0 107.958800,-7.114200,0 107.959200,-7.114200,0 107.959200,-7.114300,0 107.959300,-7.114300,0 107.959300,-7.114600,0 107.959500,-7.114800,0 107.959600,-7.114800,0 107.959600,-7.114900,0 107.959700,-7.114900,0 107.959700,-7.115000,0 107.959800,-7.114900,0 107.960000,-7.114900,0 107.960100,-7.115100,0 107.960300,-7.115100,0 107.960300,-7.115600,0 107.960200,-7.115700,0 107.959900,-7.115700,0 107.959900,-7.115800,0 107.959800,-7.115800,0 107.959800,-7.115700,0 107.959400,-7.115600,0 107.959400,-7.115400,0 107.959800,-7.115500,0 107.959800,-7.115200,0 107.959500,-7.115100,0 107.959400,-7.115100,0 107.959300,-7.115300,0 107.959300,-7.115600,0 107.959000,-7.115600,0 107.959000,-7.115400,0 107.958700,-7.115300,0 107.958600,-7.115100,0 107.958400,-7.115100,0 107.958400,-7.115000,0 107.958000,-7.114900,0 107.957900,-7.114800,0 107.957800,-7.114900,0 107.957600,-7.114500,0 107.957600,-7.114300,0 107.957500,-7.114200,0 107.957300,-7.114200,0 107.957100,-7.114400,0 107.957100,-7.114500,0 107.956800,-7.114700,0 107.956500,-7.114700,0 107.956400,-7.114900,0 107.956200,-7.115000,0 107.956200,-7.115200,0 107.956000,-7.115300,0 107.956000,-7.115400,0 107.956000,-7.114800,0 107.955700,-7.114200,0 107.955800,-7.114200,0 107.955600,-7.114100,0 107.955400,-7.113700,0 107.955600,-7.113700,0 107.955600,-7.113600,0 107.956500,-7.113600,0 107.956600,-7.113500,0 107.957000,-7.113600,0 107.957000,-7.113500,0 107.957100,-7.113500,0 107.957200,-7.112800,0 107.957400,-7.112700,0 107.957500,-7.112500,0 107.957900,-7.112900,0 107.957900,-7.113000,0 107.958000,-7.113000,0 107.958000,-7.113500,0 107.958100,-7.113500,0 107.958100,-7.113600,0</coordinates></LinearRing></outerBoundaryIs></Polygon><Polygon><tessellate>1</tessellate><outerBoundaryIs><LinearRing><coordinates>107.947100,-7.111600,0 107.947300,-7.111900,0 107.947500,-7.112000,0 107.947900,-7.112500,0 107.948000,-7.112500,0 107.948000,-7.112600,0 107.947600,-7.113200,0 107.947500,-7.113500,0 107.947300,-7.113600,0 107.946900,-7.114100,0 107.946300,-7.114600,0 107.946000,-7.114400,0 107.945900,-7.114500,0 107.946100,-7.114700,0 107.946000,-7.114800,0 107.946100,-7.114800,0 107.946000,-7.115000,0 107.946000,-7.115500,0 107.945800,-7.115600,0 107.945100,-7.115400,0 107.944900,-7.115600,0 107.945100,-7.115600,0 107.945100,-7.115800,0 107.945200,-7.115800,0 107.945100,-7.115800,0 107.945100,-7.115900,0 107.944900,-7.116000,0 107.944500,-7.116100,0 107.944500,-7.116000,0 107.944400,-7.116000,0 107.944300,-7.115800,0 107.943800,-7.116100,0 107.943400,-7.116100,0 107.943300,-7.116700,0 107.943200,-7.116700,0 107.942800,-7.117000,0 107.942700,-7.117400,0 107.942600,-7.117400,0 107.942600,-7.117800,0 107.942500,-7.118000,0 107.942400,-7.118100,0 107.941700,-7.118200,0 107.941600,-7.118300,0 107.941400,-7.118200,0 107.940900,-7.118200,0 107.940900,-7.118500,0 107.940800,-7.118700,0 107.940800,-7.119300,0 107.940400,-7.119500,0 107.940400,-7.119700,0 107.940000,-7.119900,0 107.939400,-7.120000,0 107.939200,-7.120200,0 107.938900,-7.120300,0 107.938700,-7.120500,0 107.938700,-7.120900,0 107.938200,-7.120900,0 107.938100,-7.121100,0 107.937500,-7.121000,0 107.937300,-7.121100,0 107.937300,-7.121200,0 107.937200,-7.121200,0 107.937000,-7.121000,0 107.936500,-7.121000,0 107.936400,-7.121100,0 107.936200,-7.121100,0 107.935700,-7.120900,0 107.934300,-7.120600,0 107.934300,-7.120200,0 107.934200,-7.120100,0 107.933900,-7.120100,0 107.933700,-7.120000,0 107.933700,-7.119900,0 107.932700,-7.119900,0 107.932700,-7.119800,0 107.932500,-7.119800,0 107.932500,-7.119700,0 107.932100,-7.119700,0 107.932100,-7.119600,0 107.931900,-7.119500,0 107.931900,-7.119300,0 107.931800,-7.119300,0 107.931700,-7.119100,0 107.931800,-7.119000,0 107.931800,-7.119100,0 107.932700,-7.119400,0 107.932700,-7.119500,0 107.932900,-7.119400,0 107.933700,-7.119400,0 107.933700,-7.119100,0 107.933800,-7.119000,0 107.934000,-7.119000,0 107.934300,-7.119600,0 107.934600,-7.119600,0 107.934700,-7.119500,0 107.934900,-7.119500,0 107.935000,-7.119600,0 107.935500,-7.119600,0 107.935500,-7.118900,0 107.935700,-7.118900,0 107.935700,-7.119000,0 107.936100,-7.119000,0 107.936100,-7.119100,0 107.936700,-7.119100,0 107.936700,-7.119000,0 107.936900,-7.118900,0 107.936900,-7.118700,0 107.936800,-7.118600,0 107.936800,-7.118200,0 107.937200,-7.118100,0 107.937300,-7.118000,0 107.937900,-7.117900,0 107.937900,-7.117800,0 107.938100,-7.117600,0 107.938500,-7.117600,0 107.938600,-7.117500,0 107.939300,-7.117500,0 107.939400,-7.117200,0 107.940100,-7.117400,0 107.940100,-7.117300,0 107.940300,-7.117200,0 107.940300,-7.117100,0 107.940500,-7.117100,0 107.940700,-7.116900,0 107.941300,-7.116600,0 107.941500,-7.116600,0 107.941600,-7.116700,0 107.941500,-7.116700,0 107.941500,-7.116900,0 107.941700,-7.117500,0 107.941900,-7.117500,0 107.942300,-7.117000,0 107.942500,-7.117100,0 107.942500,-7.117200,0 107.942700,-7.117200,0 107.942700,-7.117000,0 107.942600,-7.117000,0 107.942600,-7.116600,0 107.942500,-7.116600,0 107.942500,-7.116700,0 107.942500,-7.116600,0 107.942400,-7.116600,0 107.942400,-7.116300,0 107.942600,-7.116200,0 107.942600,-7.116100,0 107.942700,-7.116100,0 107.942700,-7.116300,0 107.942900,-7.116300,0 107.942900,-7.116200,0 107.943000,-7.116200,0 107.943200,-7.116000,0 107.943100,-7.115900,0 107.943100,-7.115700,0 107.943200,-7.115700,0 107.943200,-7.115600,0 107.943500,-7.115600,0 107.943500,-7.115300,0 107.943700,-7.115000,0 107.943700,-7.114800,0 107.943800,-7.114800,0 107.944100,-7.114500,0 107.944300,-7.114100,0 107.944600,-7.114200,0 107.944600,-7.114100,0 107.944700,-7.114100,0 107.945100,-7.113700,0 107.945100,-7.113400,0 107.945200,-7.113400,0 107.945200,-7.113300,0 107.945600,-7.113400,0 107.945600,-7.113200,0 107.945800,-7.113200,0 107.946000,-7.113400,0 107.946100,-7.113400,0 107.946000,-7.113200,0 107.945700,-7.113100,0 107.945700,-7.113000,0 107.945500,-7.112900,0 107.945500,-7.112300,0 107.945300,-7.112100,0 107.945300,-7.112000,0 107.945900,-7.112000,0 107.945900,-7.111900,0 107.946000,-7.111900,0 107.946100,-7.111100,0 107.946200,-7.111100,0 107.946200,-7.111000,0 107.946400,-7.110900,0 107.946800,-7.110900,0 107.946900,-7.111000,0 107.947100,-7.111600,0</coordinates></LinearRing></outerBoundaryIs></Polygon><Polygon><tessellate>1</tessellate><outerBoundaryIs><LinearRing><coordinates>107.947900,-7.111000,0 107.947800,-7.111300,0 107.947800,-7.111900,0 107.948000,-7.112100,0 107.948000,-7.112200,0 107.947700,-7.112200,0 107.947500,-7.111900,0 107.947400,-7.111900,0 107.947000,-7.111300,0 107.947000,-7.111000,0 107.947100,-7.111000,0 107.947100,-7.111100,0 107.947400,-7.111100,0 107.947400,-7.111000,0 107.947600,-7.110900,0 107.947700,-7.110700,0 107.947800,-7.110700,0 107.947900,-7.111000,0</coordinates></LinearRing></outerBoundaryIs></Polygon><Polygon><tessellate>1</tessellate><outerBoundaryIs><LinearRing><coordinates>107.944200,-7.111300,0 107.945100,-7.111200,0 107.945000,-7.111400,0 107.945300,-7.111400,0 107.945300,-7.111600,0 107.944700,-7.111600,0 107.944700,-7.111800,0 107.944600,-7.111800,0 107.944600,-7.112100,0 107.944400,-7.112200,0 107.944300,-7.112400,0 107.944400,-7.113000,0 107.944600,-7.113200,0 107.945100,-7.113200,0 107.945000,-7.113300,0 107.945000,-7.113500,0 107.944800,-7.113600,0 107.944800,-7.113800,0 107.944700,-7.113800,0 107.944700,-7.113900,0 107.944100,-7.113900,0 107.944100,-7.114100,0 107.944000,-7.114100,0 107.944100,-7.114300,0 107.943900,-7.114500,0 107.943900,-7.114600,0 107.943600,-7.114600,0 107.943700,-7.114400,0 107.943600,-7.114200,0 107.943700,-7.114100,0 107.943700,-7.113900,0 107.943800,-7.113900,0 107.943800,-7.113300,0 107.943900,-7.113200,0 107.943900,-7.112700,0 107.943800,-7.112500,0 107.943400,-7.112200,0 107.943100,-7.112100,0 107.943100,-7.112000,0 107.942900,-7.112000,0 107.942900,-7.111900,0 107.942500,-7.111900,0 107.942500,-7.112000,0 107.942300,-7.111900,0 107.942000,-7.111900,0 107.942000,-7.112000,0 107.941800,-7.112000,0 107.941700,-7.111900,0 107.941700,-7.111700,0 107.941900,-7.111700,0 107.941900,-7.111900,0 107.941900,-7.111800,0 107.942100,-7.111800,0 107.942200,-7.111700,0 107.943100,-7.111600,0 107.943300,-7.111500,0 107.943200,-7.111100,0 107.943200,-7.110500,0 107.943800,-7.110500,0 107.943900,-7.110600,0 107.943900,-7.111000,0 107.944000,-7.111000,0 107.944000,-7.111100,0 107.944200,-7.111200,0 107.944200,-7.111300,0</coordinates></LinearRing></outerBoundaryIs></Polygon><Polygon><tessellate>1</tessellate><outerBoundaryIs><LinearRing><coordinates>107.955900,-7.109600,0 107.955900,-7.109700,0 107.956000,-7.109600,0 107.956200,-7.109600,0 107.956100,-7.109900,0 107.955900,-7.109900,0 107.955900,-7.110000,0 107.956100,-7.110000,0 107.956300,-7.110600,0 107.956000,-7.110700,0 107.956300,-7.110900,0 107.956300,-7.111000,0 107.956100,-7.111100,0 107.956200,-7.111300,0 107.956400,-7.111300,0 107.956400,-7.111400,0 107.956500,-7.111400,0 107.956600,-7.111700,0 107.956700,-7.111700,0 107.956800,-7.111900,0 107.956900,-7.111900,0 107.956900,-7.112000,0 107.957100,-7.112100,0 107.957100,-7.112200,0 107.957600,-7.112200,0 107.957600,-7.112300,0 107.957300,-7.112400,0 107.957400,-7.112500,0 107.957200,-7.112600,0 107.957200,-7.113000,0 107.957100,-7.113000,0 107.957100,-7.113200,0 107.957000,-7.113200,0 107.957000,-7.113500,0 107.956800,-7.113500,0 107.956700,-7.113400,0 107.956500,-7.113500,0 107.955700,-7.113500,0 107.955300,-7.113700,0 107.955300,-7.113800,0 107.955400,-7.113800,0 107.955400,-7.113900,0 107.955600,-7.114100,0 107.955600,-7.114300,0 107.955000,-7.114300,0 107.955000,-7.114400,0 107.954800,-7.114500,0 107.954700,-7.114700,0 107.954700,-7.115000,0 107.954600,-7.115100,0 107.954600,-7.115400,0 107.954400,-7.115600,0 107.954200,-7.115700,0 107.954000,-7.115500,0 107.954000,-7.115300,0 107.954100,-7.115300,0 107.954100,-7.115200,0 107.953900,-7.114800,0 107.953700,-7.114800,0 107.953700,-7.114900,0 107.953600,-7.114900,0 107.953400,-7.114700,0 107.953200,-7.114700,0 107.952500,-7.114900,0 107.952400,-7.114800,0 107.952400,-7.114600,0 107.952500,-7.114500,0 107.952300,-7.114300,0 107.951900,-7.114300,0 107.951800,-7.114400,0 107.951400,-7.114400,0 107.951400,-7.114500,0 107.951300,-7.114500,0 107.951200,-7.114800,0 107.951000,-7.115000,0 107.950900,-7.115400,0 107.950600,-7.115700,0 107.950600,-7.115800,0 107.950500,-7.115800,0 107.950500,-7.116000,0 107.950300,-7.116000,0 107.950200,-7.115900,0 107.950000,-7.116100,0 107.949600,-7.116100,0 107.949400,-7.116200,0 107.949400,-7.116500,0 107.949500,-7.116500,0 107.949000,-7.116500,0 107.948900,-7.116600,0 107.948700,-7.116600,0 107.948700,-7.116700,0 107.948900,-7.116800,0 107.948900,-7.117000,0 107.948800,-7.117000,0 107.948800,-7.117100,0 107.948300,-7.117100,0 107.948100,-7.116900,0 107.947900,-7.116400,0 107.947700,-7.116400,0 107.947600,-7.116500,0 107.947600,-7.116600,0 107.947700,-7.116600,0 107.947700,-7.117000,0 107.947600,-7.116900,0 107.947400,-7.116900,0 107.947300,-7.117000,0 107.946800,-7.117000,0 107.946800,-7.117100,0 107.946600,-7.117100,0 107.946200,-7.116800,0 107.946000,-7.116900,0 107.945600,-7.116800,0 107.945600,-7.116100,0 107.946000,-7.116000,0 107.946800,-7.116000,0 107.946800,-7.115900,0 107.947000,-7.115800,0 107.947000,-7.115500,0 107.946900,-7.115400,0 107.946900,-7.115100,0 107.947000,-7.115100,0 107.946600,-7.114600,0 107.947000,-7.114300,0 107.947600,-7.113600,0 107.947700,-7.113600,0 107.947600,-7.113600,0 107.947600,-7.113900,0 107.947700,-7.113900,0 107.947700,-7.114100,0 107.948000,-7.114100,0 107.948000,-7.114200,0 107.948100,-7.114200,0 107.948100,-7.114100,0 107.948300,-7.114100,0 107.948300,-7.114400,0 107.947900,-7.114500,0 107.948000,-7.114500,0 107.948000,-7.114300,0 107.947900,-7.114500,0 107.947800,-7.114500,0 107.947800,-7.114600,0 107.947600,-7.114700,0 107.947600,-7.115100,0 107.948100,-7.115800,0 107.948600,-7.116200,0 107.948800,-7.116000,0 107.948900,-7.116000,0 107.948900,-7.115900,0 107.949200,-7.115600,0 107.950000,-7.115500,0 107.950100,-7.115400,0 107.950200,-7.115200,0 107.950200,-7.114700,0 107.950300,-7.114600,0 107.950300,-7.114200,0 107.950500,-7.114200,0 107.950900,-7.114000,0 107.951600,-7.114000,0 107.951900,-7.113900,0 107.952100,-7.113700,0 107.952300,-7.113700,0 107.952300,-7.113600,0 107.952400,-7.113600,0 107.952500,-7.113400,0 107.952600,-7.113400,0 107.953100,-7.112900,0 107.953200,-7.112900,0 107.953100,-7.112700,0 107.953600,-7.112500,0 107.953600,-7.112400,0 107.953900,-7.112400,0 107.953900,-7.112300,0 107.954000,-7.112300,0 107.953900,-7.112100,0 107.954000,-7.112000,0 107.954000,-7.111800,0 107.954100,-7.111800,0 107.954100,-7.111600,0 107.953500,-7.111600,0 107.953600,-7.111200,0 107.953300,-7.111200,0 107.953300,-7.110600,0 107.953600,-7.110400,0 107.953600,-7.110300,0 107.953800,-7.110300,0 107.953800,-7.110100,0 107.953900,-7.110100,0 107.953900,-7.110000,0 107.954100,-7.109900,0 107.954200,-7.109700,0 107.954500,-7.109800,0 107.954600,-7.110000,0 107.955100,-7.110000,0 107.955200,-7.110100,0 107.955500,-7.110100,0 107.955500,-7.110000,0 107.955600,-7.110000,0 107.955600,-7.109600,0 107.955700,-7.109400,0 107.955900,-7.109400,0 107.955800,-7.109600,0 107.955900,-7.109600,0</coordinates></LinearRing></outerBoundaryIs></Polygon><Polygon><tessellate>1</tessellate><outerBoundaryIs><LinearRing><coordinates>107.947200,-7.109400,0 107.947300,-7.109400,0 107.947300,-7.109600,0 107.947600,-7.109600,0 107.947700,-7.109800,0 107.947800,-7.110600,0 107.947700,-7.110600,0 107.947600,-7.110400,0 107.947500,-7.109800,0 107.947100,-7.109700,0 107.946900,-7.109300,0 107.947000,-7.109200,0 107.947200,-7.109200,0 107.947200,-7.109400,0</coordinates></LinearRing></outerBoundaryIs></Polygon><Polygon><tessellate>1</tessellate><outerBoundaryIs><LinearRing><coordinates>107.957500,-7.108800,0 107.957300,-7.108800,0 107.957200,-7.108600,0 107.957300,-7.108500,0 107.957500,-7.108600,0 107.957500,-7.108800,0</coordinates></LinearRing></outerBoundaryIs></Polygon><Polygon><tessellate>1</tessellate><outerBoundaryIs><LinearRing><coordinates>107.959100,-7.107300,0 107.959100,-7.107400,0 107.959000,-7.107300,0 107.959000,-7.107400,0 107.958800,-7.107400,0 107.958800,-7.107500,0 107.959000,-7.107600,0 107.958800,-7.107600,0 107.958800,-7.107800,0 107.958900,-7.107800,0 107.958900,-7.108000,0 107.959000,-7.108000,0 107.959100,-7.108200,0 107.959100,-7.108100,0 107.959100,-7.108200,0 107.959300,-7.108200,0 107.959300,-7.108400,0 107.959400,-7.108400,0 107.959400,-7.108500,0 107.959400,-7.108400,0 107.959300,-7.108400,0 107.959300,-7.108500,0 107.959400,-7.108500,0 107.959400,-7.108600,0 107.959300,-7.108600,0 107.959300,-7.108700,0 107.959100,-7.108800,0 107.958900,-7.108700,0 107.958600,-7.108700,0 107.958500,-7.108900,0 107.958300,-7.109000,0 107.958300,-7.108900,0 107.958300,-7.109000,0 107.958300,-7.108900,0 107.958100,-7.108900,0 107.957900,-7.109000,0 107.957900,-7.109100,0 107.957500,-7.109000,0 107.957400,-7.108900,0 107.957500,-7.108900,0 107.957500,-7.108600,0 107.957600,-7.108400,0 107.957400,-7.108100,0 107.957500,-7.108100,0 107.957500,-7.108000,0 107.957700,-7.107900,0 107.957900,-7.107900,0 107.958000,-7.107500,0 107.958300,-7.107500,0 107.958400,-7.107300,0 107.958800,-7.107300,0 107.959000,-7.107200,0 107.959000,-7.106800,0 107.959100,-7.106800,0 107.959200,-7.107000,0 107.959400,-7.107100,0 107.959400,-7.107200,0 107.959100,-7.107300,0</coordinates></LinearRing></outerBoundaryIs></Polygon><Polygon><tessellate>1</tessellate><outerBoundaryIs><LinearRing><coordinates>107.954300,-7.106800,0 107.954400,-7.107000,0 107.954500,-7.107000,0 107.954500,-7.107500,0 107.953800,-7.108100,0 107.953700,-7.108100,0 107.953500,-7.107900,0 107.953400,-7.108000,0 107.953200,-7.107900,0 107.953200,-7.107400,0 107.953100,-7.107400,0 107.953100,-7.107500,0 107.952500,-7.107400,0 107.952500,-7.107200,0 107.952400,-7.107100,0 107.952400,-7.106700,0 107.953100,-7.106600,0 107.953100,-7.106900,0 107.953200,-7.106700,0 107.953200,-7.106800,0 107.953400,-7.107000,0 107.953500,-7.106900,0 107.953800,-7.106900,0 107.953800,-7.106800,0 107.954000,-7.106800,0 107.954100,-7.106600,0 107.954200,-7.106600,0 107.954300,-7.106800,0</coordinates></LinearRing></outerBoundaryIs></Polygon><Polygon><tessellate>1</tessellate><outerBoundaryIs><LinearRing><coordinates>107.950800,-7.106200,0 107.951100,-7.106200,0 107.951100,-7.106400,0 107.951900,-7.106600,0 107.951900,-7.106700,0 107.952200,-7.106700,0 107.952300,-7.106600,0 107.952400,-7.107300,0 107.952300,-7.107300,0 107.952200,-7.107500,0 107.952100,-7.107500,0 107.951900,-7.107900,0 107.951900,-7.108200,0 107.952000,-7.108400,0 107.952300,-7.108500,0 107.952600,-7.108100,0 107.952600,-7.108200,0 107.952900,-7.108200,0 107.953000,-7.108300,0 107.953100,-7.108300,0 107.953200,-7.108000,0 107.953500,-7.108100,0 107.953500,-7.108500,0 107.953400,-7.108700,0 107.953400,-7.109400,0 107.953200,-7.109700,0 107.952700,-7.109600,0 107.952300,-7.109300,0 107.952000,-7.108900,0 107.950800,-7.108700,0 107.950800,-7.108500,0 107.950900,-7.108400,0 107.950900,-7.108200,0 107.950800,-7.108200,0 107.950800,-7.107800,0 107.951000,-7.107600,0 107.951000,-7.107200,0 107.950200,-7.107200,0 107.950100,-7.107100,0 107.949700,-7.107100,0 107.949600,-7.107000,0 107.949600,-7.106600,0 107.949800,-7.106600,0 107.950000,-7.106400,0 107.950000,-7.105900,0 107.949900,-7.105700,0 107.950500,-7.105700,0 107.950500,-7.105800,0 107.950600,-7.105800,0 107.950600,-7.106200,0 107.950800,-7.106200,0</coordinates></LinearRing></outerBoundaryIs></Polygon><Polygon><tessellate>1</tessellate><outerBoundaryIs><LinearRing><coordinates>107.954300,-7.105700,0 107.954200,-7.105700,0 107.954000,-7.105900,0 107.953300,-7.105900,0 107.953300,-7.106000,0 107.953100,-7.106100,0 107.953000,-7.106400,0 107.952600,-7.106300,0 107.952600,-7.106100,0 107.952600,-7.106200,0 107.952500,-7.106200,0 107.952500,-7.106500,0 107.952400,-7.106500,0 107.952400,-7.106300,0 107.952300,-7.106300,0 107.952200,-7.106000,0 107.951900,-7.105900,0 107.951700,-7.105700,0 107.951700,-7.105600,0 107.952500,-7.105700,0 107.954000,-7.105700,0 107.954500,-7.105600,0 107.954300,-7.105700,0</coordinates></LinearRing></outerBoundaryIs></Polygon><Polygon><tessellate>1</tessellate><outerBoundaryIs><LinearRing><coordinates>107.957600,-7.106300,0 107.957900,-7.107000,0 107.957900,-7.107300,0 107.957700,-7.107200,0 107.957700,-7.107300,0 107.957900,-7.107400,0 107.957500,-7.108000,0 107.956800,-7.108000,0 107.956600,-7.107900,0 107.956300,-7.108300,0 107.956300,-7.108400,0 107.955900,-7.108400,0 107.955400,-7.108000,0 107.955200,-7.108000,0 107.955100,-7.107900,0 107.955100,-7.107800,0 107.955400,-7.107800,0 107.955400,-7.107700,0 107.955000,-7.107700,0 107.954900,-7.107500,0 107.955100,-7.107400,0 107.955200,-7.107600,0 107.955400,-7.107600,0 107.955400,-7.107500,0 107.955700,-7.107400,0 107.955700,-7.107300,0 107.955800,-7.107300,0 107.955900,-7.107100,0 107.956000,-7.107200,0 107.956000,-7.107100,0 107.955700,-7.106900,0 107.955700,-7.106800,0 107.955800,-7.106700,0 107.956000,-7.106700,0 107.955900,-7.106500,0 107.956100,-7.106400,0 107.956100,-7.106300,0 107.956200,-7.106300,0 107.956300,-7.106500,0 107.956500,-7.106500,0 107.956500,-7.106600,0 107.956600,-7.106600,0 107.956500,-7.106800,0 107.956700,-7.106700,0 107.957000,-7.106700,0 107.957000,-7.106300,0 107.957100,-7.106300,0 107.957100,-7.106600,0 107.957200,-7.106600,0 107.957200,-7.106100,0 107.957100,-7.105900,0 107.957000,-7.105900,0 107.957000,-7.105800,0 107.957200,-7.105700,0 107.957200,-7.105500,0 107.957400,-7.105600,0 107.957400,-7.106000,0 107.957500,-7.106000,0 107.957600,-7.106300,0</coordinates></LinearRing></outerBoundaryIs></Polygon><Polygon><tessellate>1</tessellate><outerBoundaryIs><LinearRing><coordinates>107.955700,-7.105500,0 107.955900,-7.105600,0 107.956100,-7.105500,0 107.956200,-7.105700,0 107.956300,-7.105700,0 107.956200,-7.105800,0 107.956000,-7.105800,0 107.955900,-7.105700,0 107.955900,-7.105800,0 107.956000,-7.105800,0 107.956000,-7.106000,0 107.955900,-7.106100,0 107.955900,-7.106500,0 107.955500,-7.106400,0 107.955400,-7.106500,0 107.955400,-7.106700,0 107.955300,-7.106800,0 107.955100,-7.106800,0 107.955200,-7.107000,0 107.955000,-7.107300,0 107.954900,-7.106900,0 107.954700,-7.106900,0 107.954700,-7.107100,0 107.954500,-7.107100,0 107.954300,-7.106700,0 107.954200,-7.106700,0 107.954200,-7.106300,0 107.954400,-7.106400,0 107.954400,-7.106100,0 107.954500,-7.106000,0 107.954800,-7.106000,0 107.954900,-7.106300,0 107.955000,-7.106200,0 107.954900,-7.105600,0 107.955300,-7.105500,0 107.955400,-7.105400,0 107.955800,-7.105400,0 107.955700,-7.105500,0</coordinates></LinearRing></outerBoundaryIs></Polygon><Polygon><tessellate>1</tessellate><outerBoundaryIs><LinearRing><coordinates>107.943200,-7.105400,0 107.943400,-7.105400,0 107.943400,-7.105300,0 107.943700,-7.105500,0 107.943800,-7.105500,0 107.943800,-7.105400,0 107.944000,-7.105400,0 107.944000,-7.105600,0 107.944100,-7.105600,0 107.944200,-7.105800,0 107.944600,-7.105900,0 107.944600,-7.106000,0 107.944800,-7.106000,0 107.944900,-7.106100,0 107.944800,-7.106100,0 107.945000,-7.106200,0 107.945700,-7.106200,0 107.945700,-7.106300,0 107.945900,-7.106300,0 107.945900,-7.106400,0 107.946300,-7.106500,0 107.946300,-7.106700,0 107.946200,-7.106800,0 107.946300,-7.107200,0 107.946400,-7.107100,0 107.946600,-7.107300,0 107.946600,-7.107400,0 107.947000,-7.107700,0 107.947200,-7.107700,0 107.947300,-7.107800,0 107.947700,-7.107800,0 107.947700,-7.107700,0 107.948800,-7.107700,0 107.948800,-7.108100,0 107.948900,-7.108200,0 107.949400,-7.108200,0 107.949300,-7.108400,0 107.949000,-7.108400,0 107.948900,-7.108500,0 107.948900,-7.108800,0 107.948400,-7.108800,0 107.948000,-7.108300,0 107.947700,-7.108200,0 107.947700,-7.108100,0 107.947100,-7.108200,0 107.947100,-7.108500,0 107.947000,-7.108500,0 107.946900,-7.108600,0 107.946900,-7.108800,0 107.946800,-7.108800,0 107.947200,-7.109100,0 107.946900,-7.109200,0 107.946800,-7.109400,0 107.946800,-7.109200,0 107.946600,-7.109100,0 107.946600,-7.109000,0 107.946500,-7.109000,0 107.946500,-7.109100,0 107.946300,-7.109200,0 107.946300,-7.109300,0 107.946200,-7.109300,0 107.946300,-7.109600,0 107.946100,-7.109600,0 107.946200,-7.109900,0 107.946300,-7.109900,0 107.946300,-7.110000,0 107.946400,-7.110000,0 107.946600,-7.110200,0 107.946600,-7.110400,0 107.946500,-7.110500,0 107.946500,-7.110400,0 107.946400,-7.110400,0 107.946400,-7.110200,0 107.945700,-7.110200,0 107.945700,-7.110100,0 107.945600,-7.110200,0 107.945500,-7.109900,0 107.945400,-7.110000,0 107.945200,-7.109600,0 107.945000,-7.109700,0 107.944600,-7.109400,0 107.944600,-7.109300,0 107.944400,-7.109300,0 107.944300,-7.109200,0 107.944300,-7.109300,0 107.944100,-7.109500,0 107.944000,-7.109500,0 107.943800,-7.109900,0 107.943800,-7.110200,0 107.943400,-7.110200,0 107.943400,-7.110400,0 107.943100,-7.110400,0 107.943200,-7.109900,0 107.943300,-7.109900,0 107.943300,-7.109500,0 107.943200,-7.109500,0 107.943200,-7.109400,0 107.943400,-7.109300,0 107.943400,-7.109100,0 107.943500,-7.109000,0 107.943200,-7.108900,0 107.943000,-7.109200,0 107.942900,-7.109200,0 107.942900,-7.109300,0 107.942700,-7.109300,0 107.942600,-7.109200,0 107.942400,-7.109200,0 107.942400,-7.108900,0 107.942100,-7.108700,0 107.941900,-7.108800,0 107.941500,-7.108500,0 107.941100,-7.108500,0 107.941100,-7.108200,0 107.941200,-7.108000,0 107.941600,-7.107800,0 107.942000,-7.108000,0 107.942000,-7.108200,0 107.942100,-7.108200,0 107.942100,-7.108300,0 107.942700,-7.108500,0 107.942900,-7.108000,0 107.942500,-7.108000,0 107.942100,-7.107700,0 107.942000,-7.108000,0 107.941900,-7.108000,0 107.941700,-7.107800,0 107.941700,-7.107600,0 107.941900,-7.107500,0 107.941900,-7.107100,0 107.941800,-7.107100,0 107.941700,-7.106900,0 107.941700,-7.106500,0 107.941500,-7.106500,0 107.941500,-7.106400,0 107.941200,-7.106200,0 107.940800,-7.106200,0 107.940700,-7.106300,0 107.940700,-7.106000,0 107.940900,-7.105900,0 107.941000,-7.105700,0 107.941500,-7.105700,0 107.941600,-7.105500,0 107.942100,-7.105500,0 107.942100,-7.105900,0 107.942200,-7.106100,0 107.942800,-7.106400,0 107.942900,-7.106300,0 107.942900,-7.105900,0 107.942800,-7.105900,0 107.942700,-7.105700,0 107.942700,-7.105400,0 107.942800,-7.105400,0 107.942800,-7.105300,0 107.943000,-7.105300,0 107.943000,-7.105200,0 107.943200,-7.105200,0 107.943300,-7.105300,0 107.943200,-7.105400,0</coordinates></LinearRing></outerBoundaryIs></Polygon><Polygon><tessellate>1</tessellate><outerBoundaryIs><LinearRing><coordinates>107.950000,-7.105600,0 107.950000,-7.105700,0 107.948800,-7.105700,0 107.948800,-7.105600,0 107.948500,-7.105600,0 107.948600,-7.105400,0 107.948500,-7.105400,0 107.948100,-7.105100,0 107.947900,-7.104700,0 107.948700,-7.105400,0 107.949000,-7.105500,0 107.950200,-7.105600,0 107.950000,-7.105600,0</coordinates></LinearRing></outerBoundaryIs></Polygon><Polygon><tessellate>1</tessellate><outerBoundaryIs><LinearRing><coordinates>107.960100,-7.103900,0 107.960300,-7.104300,0 107.959800,-7.104400,0 107.959800,-7.104500,0 107.959700,-7.104500,0 107.959700,-7.104400,0 107.959500,-7.104400,0 107.959500,-7.104500,0 107.959200,-7.104500,0 107.959000,-7.104600,0 107.958800,-7.104500,0 107.958700,-7.104200,0 107.959100,-7.104000,0 107.959000,-7.103900,0 107.959200,-7.103800,0 107.959700,-7.103900,0 107.959800,-7.103800,0 107.960100,-7.103800,0 107.960100,-7.103900,0</coordinates></LinearRing></outerBoundaryIs></Polygon><Polygon><tessellate>1</tessellate><outerBoundaryIs><LinearRing><coordinates>107.946300,-7.103200,0 107.946600,-7.103200,0 107.946700,-7.103300,0 107.946600,-7.103500,0 107.946700,-7.103600,0 107.946700,-7.103800,0 107.946200,-7.103800,0 107.946200,-7.103900,0 107.946400,-7.103900,0 107.946400,-7.104200,0 107.946300,-7.104200,0 107.946300,-7.104300,0 107.946100,-7.104500,0 107.945700,-7.104600,0 107.945500,-7.104400,0 107.945500,-7.104500,0 107.945700,-7.104700,0 107.945500,-7.104700,0 107.945500,-7.104800,0 107.945100,-7.104700,0 107.945000,-7.104800,0 107.944700,-7.104500,0 107.944600,-7.104500,0 107.944600,-7.104400,0 107.944500,-7.104400,0 107.944700,-7.104000,0 107.944300,-7.103800,0 107.944200,-7.104000,0 107.944100,-7.104000,0 107.944000,-7.104500,0 107.943900,-7.104600,0 107.944000,-7.105000,0 107.943800,-7.105000,0 107.943600,-7.105200,0 107.943600,-7.105300,0 107.943500,-7.105300,0 107.943500,-7.105200,0 107.943300,-7.105200,0 107.943300,-7.105100,0 107.943100,-7.105100,0 107.943100,-7.105000,0 107.942900,-7.105000,0 107.942900,-7.105100,0 107.942800,-7.105100,0 107.942900,-7.104900,0 107.942800,-7.104900,0 107.942700,-7.104700,0 107.942600,-7.104700,0 107.942600,-7.104600,0 107.942500,-7.104600,0 107.942500,-7.104500,0 107.942400,-7.104600,0 107.942500,-7.104600,0 107.942600,-7.104800,0 107.942300,-7.104800,0 107.942200,-7.104900,0 107.942000,-7.104900,0 107.942000,-7.104800,0 107.941700,-7.104800,0 107.941700,-7.105300,0 107.941500,-7.105400,0 107.941200,-7.105100,0 107.941200,-7.104700,0 107.940800,-7.104200,0 107.940800,-7.104100,0 107.941000,-7.104100,0 107.941100,-7.104200,0 107.941400,-7.104200,0 107.941500,-7.104300,0 107.942200,-7.104300,0 107.942600,-7.104100,0 107.943400,-7.104000,0 107.944200,-7.103600,0 107.944600,-7.103500,0 107.944700,-7.103900,0 107.944900,-7.104000,0 107.945300,-7.104000,0 107.945400,-7.103700,0 107.945600,-7.103600,0 107.945400,-7.103200,0 107.945600,-7.103100,0 107.946100,-7.103100,0 107.946100,-7.103200,0 107.946300,-7.103200,0</coordinates></LinearRing></outerBoundaryIs></Polygon><Polygon><tessellate>1</tessellate><outerBoundaryIs><LinearRing><coordinates>107.957600,-7.103600,0 107.957500,-7.103700,0 107.957400,-7.103600,0 107.958300,-7.102800,0 107.958300,-7.102900,0 107.958400,-7.102900,0 107.958400,-7.103000,0 107.957700,-7.103600,0 107.957600,-7.103600,0</coordinates></LinearRing></outerBoundaryIs></Polygon><Polygon><tessellate>1</tessellate><outerBoundaryIs><LinearRing><coordinates>107.959500,-7.102700,0 107.959500,-7.102900,0 107.959600,-7.102900,0 107.959700,-7.103200,0 107.959900,-7.103300,0 107.959900,-7.103500,0 107.960000,-7.103500,0 107.959900,-7.103800,0 107.958900,-7.103800,0 107.958700,-7.104100,0 107.958200,-7.104200,0 107.958100,-7.104300,0 107.958100,-7.104500,0 107.958000,-7.104500,0 107.957700,-7.104200,0 107.957800,-7.104000,0 107.957800,-7.104100,0 107.958000,-7.104200,0 107.958400,-7.103900,0 107.958500,-7.103900,0 107.958500,-7.103800,0 107.958700,-7.103800,0 107.959000,-7.103400,0 107.958800,-7.103200,0 107.958900,-7.103000,0 107.959300,-7.102700,0 107.959500,-7.102700,0</coordinates></LinearRing></outerBoundaryIs></Polygon><Polygon><tessellate>1</tessellate><outerBoundaryIs><LinearRing><coordinates>107.957000,-7.102900,0 107.957000,-7.103600,0 107.957100,-7.103600,0 107.957100,-7.104100,0 107.956600,-7.104400,0 107.956600,-7.104500,0 107.956300,-7.104700,0 107.955200,-7.105300,0 107.953800,-7.105600,0 107.952900,-7.105500,0 107.952200,-7.105600,0 107.951600,-7.105500,0 107.951500,-7.105300,0 107.951100,-7.105200,0 107.951000,-7.105100,0 107.951200,-7.104800,0 107.951400,-7.104800,0 107.951400,-7.104400,0 107.951500,-7.104300,0 107.951400,-7.103900,0 107.951500,-7.103900,0 107.951600,-7.103400,0 107.951700,-7.103400,0 107.951800,-7.103700,0 107.952000,-7.103800,0 107.952000,-7.103900,0 107.952100,-7.103900,0 107.952100,-7.104000,0 107.952300,-7.104000,0 107.952300,-7.104100,0 107.952600,-7.104200,0 107.952600,-7.104500,0 107.952500,-7.104500,0 107.952500,-7.104700,0 107.952400,-7.104700,0 107.952400,-7.104900,0 107.952500,-7.104900,0 107.952400,-7.105100,0 107.952500,-7.105200,0 107.952800,-7.105200,0 107.952800,-7.105000,0 107.953000,-7.104900,0 107.953000,-7.104500,0 107.953300,-7.104600,0 107.953300,-7.104400,0 107.953400,-7.104400,0 107.953400,-7.103600,0 107.953800,-7.103700,0 107.953700,-7.104000,0 107.954000,-7.104200,0 107.954000,-7.104300,0 107.953900,-7.104300,0 107.953900,-7.104700,0 107.954000,-7.104700,0 107.954000,-7.104800,0 107.954300,-7.104600,0 107.954500,-7.104600,0 107.954500,-7.104500,0 107.954700,-7.104400,0 107.954700,-7.104500,0 107.954800,-7.104500,0 107.954800,-7.104600,0 107.954700,-7.104600,0 107.954700,-7.104800,0 107.954800,-7.104800,0 107.954900,-7.105000,0 107.955000,-7.105000,0 107.955000,-7.104900,0 107.954900,-7.104900,0 107.954900,-7.104700,0 107.955100,-7.104700,0 107.954900,-7.104600,0 107.954900,-7.104500,0 107.955100,-7.104600,0 107.955100,-7.104500,0 107.955000,-7.104500,0 107.955000,-7.104300,0 107.955100,-7.104300,0 107.955000,-7.104300,0 107.955000,-7.104100,0 107.955100,-7.104100,0 107.955100,-7.103900,0 107.955000,-7.103900,0 107.955000,-7.104000,0 107.954700,-7.104000,0 107.954700,-7.104200,0 107.954600,-7.104100,0 107.954800,-7.103800,0 107.954800,-7.103600,0 107.954900,-7.103600,0 107.954900,-7.103400,0 107.954800,-7.103300,0 107.954900,-7.103300,0 107.954900,-7.103200,0 107.955000,-7.103300,0 107.955200,-7.102700,0 107.955600,-7.102800,0 107.955600,-7.102900,0 107.955800,-7.102900,0 107.955800,-7.103000,0 107.956000,-7.103000,0 107.956200,-7.102900,0 107.956200,-7.102800,0 107.957000,-7.102500,0 107.957000,-7.102900,0</coordinates></LinearRing></outerBoundaryIs></Polygon><Polygon><tessellate>1</tessellate><outerBoundaryIs><LinearRing><coordinates>107.952200,-7.102700,0 107.952400,-7.102600,0 107.952400,-7.102900,0 107.952100,-7.102900,0 107.952100,-7.103100,0 107.951700,-7.103100,0 107.951700,-7.102700,0 107.951800,-7.102700,0 107.951800,-7.102500,0 107.952200,-7.102700,0</coordinates></LinearRing></outerBoundaryIs></Polygon><Polygon><tessellate>1</tessellate><outerBoundaryIs><LinearRing><coordinates>107.954300,-7.102500,0 107.954900,-7.102500,0 107.954900,-7.102600,0 107.955100,-7.102600,0 107.955100,-7.103000,0 107.955000,-7.103200,0 107.955000,-7.103000,0 107.954700,-7.103000,0 107.954700,-7.102900,0 107.954500,-7.102900,0 107.954300,-7.103000,0 107.954300,-7.103100,0 107.954100,-7.103000,0 107.954100,-7.102700,0 107.954000,-7.102700,0 107.954000,-7.102500,0 107.954300,-7.102500,0</coordinates></LinearRing></outerBoundaryIs></Polygon><Polygon><tessellate>1</tessellate><outerBoundaryIs><LinearRing><coordinates>107.963000,-7.102300,0 107.963600,-7.102500,0 107.963800,-7.102700,0 107.964100,-7.102800,0 107.965200,-7.103800,0 107.965000,-7.103900,0 107.964500,-7.103300,0 107.964200,-7.103100,0 107.964200,-7.103000,0 107.963700,-7.102800,0 107.963500,-7.102600,0 107.963300,-7.102600,0 107.963300,-7.102500,0 107.962400,-7.102500,0 107.962500,-7.102100,0 107.963000,-7.102300,0</coordinates></LinearRing></outerBoundaryIs></Polygon><Polygon><tessellate>1</tessellate><outerBoundaryIs><LinearRing><coordinates>107.954200,-7.101700,0 107.954200,-7.102000,0 107.954100,-7.102000,0 107.954100,-7.102400,0 107.954200,-7.102400,0 107.953800,-7.102400,0 107.953800,-7.102100,0 107.953700,-7.102100,0 107.953700,-7.101800,0 107.953800,-7.101800,0 107.953800,-7.101600,0 107.954000,-7.101600,0 107.954000,-7.101700,0 107.954200,-7.101600,0 107.954200,-7.101700,0</coordinates></LinearRing></outerBoundaryIs></Polygon><Polygon><tessellate>1</tessellate><outerBoundaryIs><LinearRing><coordinates>107.966100,-7.102000,0 107.966000,-7.102300,0 107.965900,-7.102300,0 107.966000,-7.102700,0 107.966100,-7.102700,0 107.966100,-7.103000,0 107.965900,-7.103000,0 107.965900,-7.103100,0 107.965800,-7.103100,0 107.965800,-7.103200,0 107.965600,-7.103300,0 107.965800,-7.103400,0 107.965800,-7.103500,0 107.965600,-7.103600,0 107.965300,-7.103500,0 107.965300,-7.103400,0 107.965200,-7.103400,0 107.965200,-7.103300,0 107.964900,-7.103100,0 107.964800,-7.103200,0 107.964500,-7.102900,0 107.962900,-7.102100,0 107.962300,-7.101900,0 107.961600,-7.101500,0 107.961500,-7.101300,0 107.961700,-7.101300,0 107.961800,-7.101100,0 107.962100,-7.101100,0 107.962500,-7.101300,0 107.962700,-7.101500,0 107.962800,-7.101800,0 107.963000,-7.101900,0 107.963000,-7.102000,0 107.963300,-7.102100,0 107.963300,-7.101900,0 107.963500,-7.101900,0 107.963500,-7.101800,0 107.963900,-7.101600,0 107.963900,-7.101500,0 107.964300,-7.101300,0 107.964900,-7.100800,0 107.965400,-7.100800,0 107.965800,-7.101300,0 107.965600,-7.101300,0 107.965600,-7.101400,0 107.966000,-7.101500,0 107.966100,-7.101700,0 107.966100,-7.102000,0</coordinates></LinearRing></outerBoundaryIs></Polygon><Polygon><tessellate>1</tessellate><outerBoundaryIs><LinearRing><coordinates>107.949200,-7.101200,0 107.949300,-7.101400,0 107.949900,-7.101400,0 107.949900,-7.101300,0 107.950100,-7.101400,0 107.950400,-7.101400,0 107.950800,-7.101700,0 107.950900,-7.101900,0 107.950800,-7.102000,0 107.950700,-7.101900,0 107.950400,-7.102600,0 107.949900,-7.102800,0 107.950000,-7.102900,0 107.949700,-7.103300,0 107.949700,-7.103400,0 107.949800,-7.103400,0 107.949800,-7.104200,0 107.950200,-7.104400,0 107.950200,-7.104300,0 107.950400,-7.104300,0 107.950400,-7.104400,0 107.950800,-7.104500,0 107.950700,-7.105300,0 107.950300,-7.105400,0 107.949100,-7.105400,0 107.948300,-7.104900,0 107.948000,-7.104500,0 107.947600,-7.103700,0 107.947300,-7.103500,0 107.947200,-7.103300,0 107.946800,-7.103100,0 107.946900,-7.102800,0 107.947100,-7.102800,0 107.947100,-7.102700,0 107.947300,-7.102600,0 107.947300,-7.102500,0 107.947500,-7.102500,0 107.947500,-7.102200,0 107.947800,-7.102200,0 107.947800,-7.101900,0 107.948000,-7.101900,0 107.948000,-7.102500,0 107.948100,-7.102600,0 107.948200,-7.103200,0 107.948300,-7.103200,0 107.948300,-7.103500,0 107.948200,-7.103500,0 107.948100,-7.103700,0 107.948000,-7.103700,0 107.948000,-7.103900,0 107.948300,-7.103900,0 107.948300,-7.104100,0 107.948500,-7.104100,0 107.948600,-7.104000,0 107.948600,-7.103800,0 107.948700,-7.103800,0 107.948700,-7.103500,0 107.948800,-7.103500,0 107.948900,-7.102700,0 107.949100,-7.102500,0 107.949400,-7.101900,0 107.949200,-7.101900,0 107.948800,-7.101500,0 107.948600,-7.101500,0 107.948200,-7.101700,0 107.948000,-7.101600,0 107.948100,-7.101600,0 107.948100,-7.101300,0 107.948200,-7.101100,0 107.948400,-7.101100,0 107.948400,-7.101200,0 107.948600,-7.101100,0 107.948600,-7.100900,0 107.948700,-7.100800,0 107.949200,-7.100800,0 107.949300,-7.100900,0 107.949200,-7.101000,0 107.949200,-7.101200,0</coordinates></LinearRing></outerBoundaryIs></Polygon><Polygon><tessellate>1</tessellate><outerBoundaryIs><LinearRing><coordinates>107.969300,-7.099800,0 107.969500,-7.099900,0 107.969500,-7.100100,0 107.969600,-7.100100,0 107.969600,-7.100200,0 107.969800,-7.100200,0 107.969800,-7.100300,0 107.969900,-7.100300,0 107.969900,-7.100400,0 107.970200,-7.100700,0 107.970200,-7.100900,0 107.970100,-7.100900,0 107.969500,-7.100300,0 107.969300,-7.100300,0 107.969300,-7.100200,0 107.969100,-7.100100,0 107.969100,-7.099900,0 107.969000,-7.100000,0 107.968800,-7.099800,0 107.968700,-7.099900,0 107.968300,-7.099900,0 107.968200,-7.099800,0 107.968200,-7.099900,0 107.968000,-7.099900,0 107.968000,-7.099800,0 107.967900,-7.099800,0 107.967800,-7.099600,0 107.967800,-7.099400,0 107.967900,-7.099200,0 107.968300,-7.099200,0 107.968700,-7.099500,0 107.968900,-7.099500,0 107.969000,-7.099700,0 107.969200,-7.099700,0 107.969200,-7.099800,0 107.969300,-7.099800,0</coordinates></LinearRing></outerBoundaryIs></Polygon><Polygon><tessellate>1</tessellate><outerBoundaryIs><LinearRing><coordinates>107.958700,-7.098600,0 107.958800,-7.098800,0 107.959100,-7.098800,0 107.959100,-7.098700,0 107.959200,-7.098800,0 107.959400,-7.098700,0 107.959600,-7.098800,0 107.959400,-7.098800,0 107.959500,-7.099000,0 107.959100,-7.099200,0 107.958000,-7.099200,0 107.958000,-7.098900,0 107.957900,-7.098900,0 107.957900,-7.098800,0 107.958100,-7.098900,0 107.958100,-7.098700,0 107.957900,-7.098800,0 107.957900,-7.098600,0 107.958500,-7.098600,0 107.958500,-7.098500,0 107.958700,-7.098600,0</coordinates></LinearRing></outerBoundaryIs></Polygon><Polygon><tessellate>1</tessellate><outerBoundaryIs><LinearRing><coordinates>107.949500,-7.098200,0 107.949200,-7.098600,0 107.949200,-7.098800,0 107.949300,-7.098800,0 107.949300,-7.098900,0 107.949100,-7.099100,0 107.948700,-7.099100,0 107.948700,-7.099200,0 107.948600,-7.099200,0 107.948600,-7.099400,0 107.949400,-7.099500,0 107.949400,-7.099400,0 107.949500,-7.099400,0 107.949500,-7.099000,0 107.949700,-7.099000,0 107.949700,-7.099100,0 107.949900,-7.099200,0 107.950100,-7.099200,0 107.950100,-7.099300,0 107.950500,-7.099300,0 107.950600,-7.099400,0 107.950600,-7.099600,0 107.950100,-7.099800,0 107.950100,-7.099900,0 107.950200,-7.100000,0 107.950400,-7.100000,0 107.950800,-7.100400,0 107.950900,-7.100800,0 107.950700,-7.100800,0 107.950700,-7.100700,0 107.950500,-7.100600,0 107.950400,-7.100700,0 107.950100,-7.100400,0 107.949800,-7.100500,0 107.949800,-7.100600,0 107.949600,-7.100600,0 107.949400,-7.100800,0 107.949400,-7.100900,0 107.949200,-7.100800,0 107.949200,-7.100700,0 107.948700,-7.100700,0 107.948700,-7.100600,0 107.948400,-7.100500,0 107.948400,-7.100200,0 107.948300,-7.100200,0 107.948400,-7.099900,0 107.948200,-7.099800,0 107.948300,-7.099600,0 107.947900,-7.099500,0 107.947800,-7.099400,0 107.947900,-7.099000,0 107.947800,-7.099000,0 107.947600,-7.098800,0 107.947400,-7.098800,0 107.947400,-7.098900,0 107.947200,-7.099000,0 107.947100,-7.098800,0 107.946800,-7.098800,0 107.946500,-7.098500,0 107.946600,-7.098400,0 107.946800,-7.098600,0 107.946900,-7.098600,0 107.946900,-7.098700,0 107.947100,-7.098700,0 107.947200,-7.098600,0 107.947700,-7.098600,0 107.947700,-7.098700,0 107.947900,-7.098800,0 107.948000,-7.098300,0 107.948400,-7.098300,0 107.948500,-7.098200,0 107.948700,-7.098200,0 107.948700,-7.098100,0 107.949200,-7.098200,0 107.949000,-7.097800,0 107.949000,-7.097500,0 107.949100,-7.097400,0 107.949200,-7.097800,0 107.949600,-7.098000,0 107.949600,-7.098100,0 107.949700,-7.098100,0 107.949500,-7.098200,0</coordinates></LinearRing></outerBoundaryIs><innerBoundaryIs><LinearRing><coordinates>107.948900,-7.100500,0 107.949100,-7.100600,0 107.949100,-7.100400,0 107.948900,-7.100400,0 107.948900,-7.100500,0</coordinates></LinearRing></innerBoundaryIs></Polygon><Polygon><tessellate>1</tessellate><outerBoundaryIs><LinearRing><coordinates>107.961800,-7.097600,0 107.961800,-7.097900,0 107.961900,-7.097900,0 107.961900,-7.098100,0 107.962000,-7.098100,0 107.962000,-7.098200,0 107.962100,-7.098200,0 107.962100,-7.098300,0 107.962300,-7.098400,0 107.962900,-7.098400,0 107.963100,-7.098300,0 107.963300,-7.098000,0 107.963300,-7.097800,0 107.963600,-7.097800,0 107.963500,-7.097800,0 107.963500,-7.098100,0 107.963600,-7.098100,0 107.963600,-7.098300,0 107.963500,-7.098300,0 107.963500,-7.098600,0 107.963200,-7.098900,0 107.962400,-7.099200,0 107.962100,-7.098900,0 107.962000,-7.098900,0 107.962000,-7.098800,0 107.961700,-7.098800,0 107.961500,-7.099000,0 107.961500,-7.099300,0 107.961700,-7.099600,0 107.961800,-7.099600,0 107.961800,-7.099900,0 107.961900,-7.099900,0 107.961900,-7.100000,0 107.961800,-7.100200,0 107.961700,-7.100200,0 107.961700,-7.100500,0 107.961600,-7.100600,0 107.961700,-7.100700,0 107.961700,-7.100900,0 107.961400,-7.101000,0 107.961200,-7.100900,0 107.961400,-7.100600,0 107.961400,-7.100200,0 107.961500,-7.099900,0 107.961100,-7.099200,0 107.961100,-7.098700,0 107.961300,-7.098600,0 107.961300,-7.098300,0 107.961500,-7.097800,0 107.961500,-7.097600,0 107.961700,-7.097600,0 107.961700,-7.097400,0 107.961900,-7.097400,0 107.961800,-7.097600,0</coordinates></LinearRing></outerBoundaryIs></Polygon><Polygon><tessellate>1</tessellate><outerBoundaryIs><LinearRing><coordinates>107.961500,-7.097800,0 107.961200,-7.098600,0 107.961000,-7.098900,0 107.961200,-7.099500,0 107.961400,-7.099700,0 107.961400,-7.099900,0 107.961500,-7.100000,0 107.961400,-7.100100,0 107.961400,-7.100500,0 107.961200,-7.100800,0 107.961200,-7.101100,0 107.961000,-7.101300,0 107.960800,-7.101200,0 107.960300,-7.101200,0 107.960100,-7.101300,0 107.960100,-7.101400,0 107.959700,-7.101600,0 107.959400,-7.101900,0 107.959300,-7.102200,0 107.959200,-7.102100,0 107.958900,-7.102100,0 107.958900,-7.101900,0 107.958500,-7.101900,0 107.958500,-7.101600,0 107.958600,-7.101400,0 107.958300,-7.101200,0 107.958100,-7.101900,0 107.957800,-7.101900,0 107.957800,-7.101700,0 107.957600,-7.101700,0 107.957600,-7.101500,0 107.957700,-7.101500,0 107.957700,-7.101000,0 107.958200,-7.101000,0 107.958500,-7.101200,0 107.959000,-7.101300,0 107.958500,-7.101100,0 107.958300,-7.101100,0 107.958300,-7.101000,0 107.958200,-7.101000,0 107.958400,-7.100500,0 107.958500,-7.100500,0 107.958500,-7.100400,0 107.958800,-7.100700,0 107.959300,-7.100700,0 107.959400,-7.100600,0 107.959400,-7.100300,0 107.959500,-7.100300,0 107.959600,-7.099900,0 107.959900,-7.100000,0 107.960200,-7.100000,0 107.960400,-7.099900,0 107.960300,-7.099500,0 107.960200,-7.099500,0 107.960200,-7.099300,0 107.960500,-7.099400,0 107.960500,-7.099200,0 107.960600,-7.099100,0 107.960600,-7.098700,0 107.960400,-7.098600,0 107.959900,-7.098600,0 107.959900,-7.098500,0 107.959800,-7.098500,0 107.959500,-7.098200,0 107.959600,-7.098000,0 107.959600,-7.097800,0 107.959500,-7.097800,0 107.959600,-7.097700,0 107.959700,-7.097800,0 107.959700,-7.098000,0 107.959800,-7.098000,0 107.959800,-7.097600,0 107.960200,-7.097500,0 107.960100,-7.097600,0 107.960200,-7.097900,0 107.960400,-7.097900,0 107.960400,-7.097800,0 107.960500,-7.097800,0 107.960500,-7.097600,0 107.960900,-7.097600,0 107.961100,-7.097400,0 107.961500,-7.097400,0 107.961500,-7.097800,0</coordinates></LinearRing></outerBoundaryIs></Polygon><Polygon><tessellate>1</tessellate><outerBoundaryIs><LinearRing><coordinates>107.976200,-7.097200,0 107.976500,-7.097300,0 107.976900,-7.097600,0 107.977200,-7.097600,0 107.977200,-7.097700,0 107.977300,-7.097700,0 107.977300,-7.098000,0 107.976700,-7.097900,0 107.976200,-7.098100,0 107.976200,-7.098000,0 107.976100,-7.098000,0 107.976100,-7.097900,0 107.975900,-7.097800,0 107.975900,-7.097300,0 107.976000,-7.097300,0 107.976000,-7.097100,0 107.975800,-7.097100,0 107.975800,-7.097000,0 107.976100,-7.097000,0 107.976000,-7.097100,0 107.976200,-7.097200,0</coordinates></LinearRing></outerBoundaryIs></Polygon><Polygon><tessellate>1</tessellate><outerBoundaryIs><LinearRing><coordinates>107.951800,-7.096500,0 107.952200,-7.096500,0 107.952200,-7.096600,0 107.952300,-7.096600,0 107.952600,-7.096400,0 107.953000,-7.096300,0 107.953500,-7.096300,0 107.953600,-7.096400,0 107.953700,-7.096300,0 107.953600,-7.096200,0 107.954000,-7.096300,0 107.953900,-7.096100,0 107.954000,-7.096100,0 107.954000,-7.096200,0 107.954100,-7.096200,0 107.954200,-7.096400,0 107.953600,-7.096600,0 107.952900,-7.097200,0 107.952900,-7.097300,0 107.953300,-7.097600,0 107.953600,-7.097600,0 107.954100,-7.097300,0 107.954000,-7.097200,0 107.954100,-7.097000,0 107.954300,-7.096900,0 107.954500,-7.097000,0 107.954600,-7.096800,0 107.955400,-7.096800,0 107.955500,-7.097100,0 107.955100,-7.097100,0 107.954900,-7.097200,0 107.954900,-7.097300,0 107.954700,-7.097500,0 107.954400,-7.097600,0 107.954500,-7.098000,0 107.954900,-7.098200,0 107.955300,-7.098200,0 107.955300,-7.098100,0 107.955500,-7.098000,0 107.955900,-7.098000,0 107.956000,-7.097800,0 107.956200,-7.097700,0 107.956600,-7.097800,0 107.957000,-7.097500,0 107.957400,-7.097600,0 107.957400,-7.097900,0 107.957600,-7.097900,0 107.957500,-7.098200,0 107.957000,-7.098300,0 107.957000,-7.098500,0 107.957200,-7.098600,0 107.957100,-7.099100,0 107.957500,-7.099100,0 107.957400,-7.099600,0 107.957100,-7.100000,0 107.957100,-7.100200,0 107.957000,-7.100200,0 107.956900,-7.100700,0 107.956700,-7.100700,0 107.956700,-7.100600,0 107.956400,-7.100600,0 107.956400,-7.100700,0 107.956700,-7.100900,0 107.956700,-7.101200,0 107.956600,-7.101400,0 107.956500,-7.101400,0 107.956500,-7.101800,0 107.956700,-7.102000,0 107.956700,-7.102500,0 107.956500,-7.102500,0 107.956300,-7.102600,0 107.956300,-7.102700,0 107.956200,-7.102700,0 107.956200,-7.102500,0 107.956400,-7.102500,0 107.956400,-7.102300,0 107.956200,-7.102300,0 107.955800,-7.102100,0 107.955800,-7.102000,0 107.956100,-7.101900,0 107.955900,-7.101500,0 107.955900,-7.101300,0 107.955400,-7.101000,0 107.955100,-7.101000,0 107.954900,-7.100600,0 107.954500,-7.100400,0 107.954300,-7.100400,0 107.954000,-7.100200,0 107.953900,-7.100200,0 107.953800,-7.100700,0 107.953700,-7.100800,0 107.953700,-7.101100,0 107.953800,-7.101100,0 107.953800,-7.101300,0 107.953900,-7.101300,0 107.954000,-7.101500,0 107.953700,-7.101600,0 107.953600,-7.101400,0 107.953200,-7.101400,0 107.953100,-7.101200,0 107.952900,-7.101200,0 107.952900,-7.101100,0 107.952800,-7.101100,0 107.952800,-7.100600,0 107.952600,-7.100400,0 107.952400,-7.100500,0 107.952200,-7.100300,0 107.952200,-7.100200,0 107.952000,-7.100200,0 107.952100,-7.100400,0 107.952100,-7.100700,0 107.952000,-7.100700,0 107.952000,-7.100800,0 107.951800,-7.100700,0 107.951800,-7.099900,0 107.952200,-7.100100,0 107.952300,-7.100000,0 107.952300,-7.099600,0 107.952400,-7.099500,0 107.952400,-7.099300,0 107.952500,-7.099300,0 107.952400,-7.098500,0 107.952000,-7.098500,0 107.951900,-7.098600,0 107.952000,-7.098700,0 107.951900,-7.098700,0 107.951900,-7.098800,0 107.951600,-7.098800,0 107.951600,-7.098600,0 107.951400,-7.098600,0 107.951400,-7.098800,0 107.951600,-7.098800,0 107.951600,-7.099100,0 107.951400,-7.099100,0 107.951200,-7.098700,0 107.951000,-7.098600,0 107.950900,-7.098400,0 107.950700,-7.098400,0 107.950700,-7.098300,0 107.950300,-7.098100,0 107.950300,-7.097600,0 107.950400,-7.097600,0 107.950400,-7.097500,0 107.950600,-7.097500,0 107.950600,-7.097600,0 107.950800,-7.097700,0 107.950800,-7.097800,0 107.951000,-7.097800,0 107.951000,-7.097700,0 107.951100,-7.097700,0 107.951400,-7.097400,0 107.951500,-7.097500,0 107.951700,-7.097400,0 107.951700,-7.097200,0 107.951500,-7.097200,0 107.951300,-7.097400,0 107.951200,-7.097400,0 107.950800,-7.096800,0 107.950700,-7.096800,0 107.950800,-7.096700,0 107.950400,-7.096300,0 107.950500,-7.096300,0 107.950900,-7.095900,0 107.951000,-7.095900,0 107.951000,-7.096100,0 107.951200,-7.096300,0 107.951600,-7.096300,0 107.951600,-7.096400,0 107.951800,-7.096500,0</coordinates></LinearRing></outerBoundaryIs><innerBoundaryIs><LinearRing><coordinates>107.951900,-7.097100,0 107.951800,-7.098000,0 107.952000,-7.098200,0 107.952200,-7.098000,0 107.952300,-7.098000,0 107.952400,-7.097800,0 107.952400,-7.097500,0 107.952500,-7.097500,0 107.952400,-7.097300,0 107.952200,-7.097300,0 107.952200,-7.097000,0 107.952100,-7.096900,0 107.951900,-7.097100,0</coordinates></LinearRing></innerBoundaryIs><innerBoundaryIs><LinearRing><coordinates>107.951700,-7.098000,0 107.951700,-7.097700,0 107.951400,-7.097700,0 107.951400,-7.098000,0 107.951700,-7.098000,0</coordinates></LinearRing></innerBoundaryIs></Polygon><Polygon><tessellate>1</tessellate><outerBoundaryIs><LinearRing><coordinates>107.961300,-7.095900,0 107.961400,-7.096000,0 107.961500,-7.095900,0 107.961600,-7.096100,0 107.961400,-7.096200,0 107.961300,-7.096600,0 107.961200,-7.096700,0 107.961000,-7.096600,0 107.961100,-7.096500,0 107.961100,-7.095900,0 107.961200,-7.095900,0 107.961200,-7.095800,0 107.961300,-7.095900,0</coordinates></LinearRing></outerBoundaryIs></Polygon><Polygon><tessellate>1</tessellate><outerBoundaryIs><LinearRing><coordinates>107.960100,-7.094100,0 107.960100,-7.094200,0 107.960500,-7.094100,0 107.960900,-7.094400,0 107.961200,-7.094400,0 107.961600,-7.094600,0 107.961500,-7.095000,0 107.961300,-7.095100,0 107.961200,-7.095400,0 107.961100,-7.095400,0 107.961200,-7.095500,0 107.961100,-7.095900,0 107.960700,-7.095800,0 107.960700,-7.095700,0 107.960600,-7.095700,0 107.960700,-7.095500,0 107.960600,-7.095500,0 107.960600,-7.095400,0 107.960400,-7.095300,0 107.960000,-7.095300,0 107.959600,-7.095500,0 107.959800,-7.096200,0 107.960000,-7.096200,0 107.960000,-7.096400,0 107.960200,-7.096400,0 107.960200,-7.096800,0 107.960300,-7.097000,0 107.960100,-7.097000,0 107.960100,-7.096900,0 107.959500,-7.097000,0 107.959500,-7.097300,0 107.959200,-7.097400,0 107.959100,-7.097100,0 107.958800,-7.097000,0 107.958800,-7.096900,0 107.958400,-7.096900,0 107.958400,-7.097000,0 107.958000,-7.096900,0 107.958100,-7.096200,0 107.958500,-7.096200,0 107.958800,-7.096700,0 107.959100,-7.096700,0 107.959100,-7.096400,0 107.959000,-7.096300,0 107.959100,-7.096200,0 107.959000,-7.096000,0 107.959200,-7.096000,0 107.959100,-7.095800,0 107.958500,-7.096000,0 107.958200,-7.095900,0 107.958300,-7.095700,0 107.958800,-7.095700,0 107.958900,-7.095600,0 107.958900,-7.095300,0 107.958300,-7.095500,0 107.958400,-7.095100,0 107.958600,-7.095100,0 107.959400,-7.094800,0 107.959400,-7.094500,0 107.959600,-7.094500,0 107.959600,-7.094200,0 107.960100,-7.094100,0</coordinates></LinearRing></outerBoundaryIs></Polygon><Polygon><tessellate>1</tessellate><outerBoundaryIs><LinearRing><coordinates>107.969800,-7.092500,0 107.970300,-7.092400,0 107.970300,-7.092500,0 107.970200,-7.092500,0 107.970200,-7.092700,0 107.970400,-7.092900,0 107.970600,-7.092900,0 107.970600,-7.093100,0 107.971100,-7.093500,0 107.971100,-7.093700,0 107.971400,-7.093600,0 107.971400,-7.093400,0 107.971700,-7.093300,0 107.972200,-7.092800,0 107.972500,-7.093000,0 107.972500,-7.092900,0 107.972700,-7.092900,0 107.972700,-7.093100,0 107.972600,-7.093100,0 107.972600,-7.093200,0 107.972400,-7.093200,0 107.972400,-7.093300,0 107.972000,-7.093500,0 107.972000,-7.093600,0 107.971900,-7.093600,0 107.972200,-7.093800,0 107.972100,-7.093800,0 107.972100,-7.094000,0 107.972000,-7.094000,0 107.971900,-7.094400,0 107.971700,-7.094600,0 107.971800,-7.094600,0 107.971700,-7.094700,0 107.971700,-7.094900,0 107.971200,-7.095400,0 107.971200,-7.095500,0 107.971100,-7.095500,0 107.971100,-7.095800,0 107.971000,-7.095800,0 107.970900,-7.096000,0 107.970900,-7.096200,0 107.971000,-7.096300,0 107.970800,-7.096700,0 107.970500,-7.096900,0 107.970400,-7.096800,0 107.970500,-7.096400,0 107.970500,-7.095800,0 107.970300,-7.095400,0 107.970400,-7.095300,0 107.970200,-7.095200,0 107.970200,-7.095300,0 107.970000,-7.095400,0 107.969900,-7.095300,0 107.969900,-7.095100,0 107.969600,-7.094900,0 107.969500,-7.095000,0 107.968400,-7.095000,0 107.968300,-7.095100,0 107.968100,-7.095100,0 107.967900,-7.095300,0 107.967500,-7.095500,0 107.967200,-7.096100,0 107.967200,-7.096300,0 107.967400,-7.096400,0 107.967800,-7.096400,0 107.968300,-7.096600,0 107.969300,-7.096600,0 107.969300,-7.096500,0 107.969600,-7.096500,0 107.969600,-7.096700,0 107.970500,-7.097000,0 107.970400,-7.097300,0 107.970300,-7.097300,0 107.970300,-7.097400,0 107.970100,-7.097400,0 107.970000,-7.097600,0 107.969500,-7.097600,0 107.969400,-7.097500,0 107.968800,-7.097500,0 107.968700,-7.097600,0 107.968500,-7.097600,0 107.968400,-7.097500,0 107.968200,-7.097500,0 107.968100,-7.097700,0 107.967700,-7.097600,0 107.967600,-7.097600,0 107.967600,-7.097700,0 107.967400,-7.097600,0 107.967000,-7.097600,0 107.967000,-7.097500,0 107.967000,-7.098100,0 107.966600,-7.098000,0 107.966700,-7.097900,0 107.966600,-7.097900,0 107.966600,-7.097600,0 107.966400,-7.097700,0 107.966200,-7.097600,0 107.966200,-7.097400,0 107.966100,-7.097400,0 107.966100,-7.097300,0 107.965900,-7.097200,0 107.966100,-7.096900,0 107.966200,-7.096900,0 107.966200,-7.097000,0 107.966400,-7.097000,0 107.966500,-7.096900,0 107.966400,-7.096500,0 107.966100,-7.096400,0 107.966100,-7.096000,0 107.966900,-7.095900,0 107.967100,-7.095800,0 107.967200,-7.095400,0 107.967400,-7.095300,0 107.967300,-7.095300,0 107.967500,-7.094700,0 107.967700,-7.094800,0 107.967700,-7.094900,0 107.968300,-7.094600,0 107.968700,-7.094600,0 107.968700,-7.094700,0 107.969000,-7.094700,0 107.969400,-7.094500,0 107.970100,-7.094400,0 107.970200,-7.094300,0 107.970200,-7.093800,0 107.970000,-7.093400,0 107.969700,-7.093200,0 107.969100,-7.093200,0 107.969100,-7.093300,0 107.968200,-7.093300,0 107.968200,-7.093400,0 107.967800,-7.093400,0 107.967800,-7.093500,0 107.967200,-7.093500,0 107.967200,-7.093400,0 107.966900,-7.093400,0 107.966900,-7.093600,0 107.966500,-7.093700,0 107.966600,-7.093800,0 107.966400,-7.093800,0 107.966400,-7.094200,0 107.966300,-7.094200,0 107.966300,-7.094300,0 107.965700,-7.094300,0 107.965600,-7.094400,0 107.965400,-7.094300,0 107.965200,-7.094500,0 107.965100,-7.094500,0 107.964900,-7.094700,0 107.964800,-7.095000,0 107.965000,-7.095500,0 107.965900,-7.095800,0 107.966000,-7.095900,0 107.965600,-7.096800,0 107.965200,-7.096600,0 107.965100,-7.096800,0 107.964900,-7.096800,0 107.964900,-7.096500,0 107.964800,-7.096500,0 107.964700,-7.096800,0 107.964800,-7.096800,0 107.964800,-7.097200,0 107.964100,-7.097000,0 107.964200,-7.096900,0 107.964100,-7.096600,0 107.964200,-7.096500,0 107.964200,-7.096100,0 107.963900,-7.096000,0 107.963400,-7.095600,0 107.963000,-7.095600,0 107.963000,-7.095700,0 107.962900,-7.095700,0 107.962900,-7.096200,0 107.963000,-7.096200,0 107.963000,-7.096300,0 107.963400,-7.096700,0 107.963500,-7.096700,0 107.963600,-7.097100,0 107.963700,-7.097200,0 107.963600,-7.097500,0 107.963700,-7.097600,0 107.963500,-7.097800,0 107.963200,-7.097700,0 107.963000,-7.097500,0 107.963100,-7.097500,0 107.963100,-7.097300,0 107.963200,-7.097300,0 107.962900,-7.097100,0 107.962700,-7.096700,0 107.962400,-7.096700,0 107.962400,-7.096600,0 107.962200,-7.096600,0 107.962300,-7.096400,0 107.962200,-7.096200,0 107.962100,-7.096200,0 107.962100,-7.096100,0 107.962000,-7.096000,0 107.961700,-7.096000,0 107.961600,-7.095900,0 107.961700,-7.095400,0 107.961500,-7.095200,0 107.961400,-7.095200,0 107.961600,-7.094800,0 107.961800,-7.094800,0 107.961900,-7.094900,0 107.962300,-7.094900,0 107.962400,-7.095000,0 107.963000,-7.095000,0 107.963100,-7.094900,0 107.963300,-7.094900,0 107.963300,-7.094800,0 107.963500,-7.094700,0 107.963700,-7.094300,0 107.963600,-7.094100,0 107.963800,-7.094000,0 107.963900,-7.094200,0 107.964200,-7.094200,0 107.964400,-7.094100,0 107.964400,-7.094000,0 107.964500,-7.094000,0 107.964600,-7.093700,0 107.964800,-7.093500,0 107.964800,-7.093200,0 107.964900,-7.093000,0 107.964700,-7.092900,0 107.964800,-7.092600,0 107.964900,-7.092500,0 107.965000,-7.092600,0 107.965300,-7.092200,0 107.965800,-7.092300,0 107.965600,-7.092600,0 107.966100,-7.092500,0 107.966200,-7.092600,0 107.966500,-7.092600,0 107.966400,-7.092800,0 107.966800,-7.092800,0 107.966900,-7.092900,0 107.967300,-7.093000,0 107.967900,-7.093000,0 107.968000,-7.093100,0 107.968200,-7.093000,0 107.968600,-7.093000,0 107.968700,-7.092900,0 107.968800,-7.092300,0 107.968900,-7.092300,0 107.969000,-7.092100,0 107.969600,-7.092400,0 107.969800,-7.092400,0 107.969800,-7.092500,0</coordinates></LinearRing></outerBoundaryIs></Polygon><Polygon><tessellate>1</tessellate><outerBoundaryIs><LinearRing><coordinates>107.974600,-7.091200,0 107.974600,-7.091300,0 107.974400,-7.091300,0 107.974400,-7.091400,0 107.974500,-7.091400,0 107.974400,-7.091600,0 107.974500,-7.091800,0 107.974100,-7.092300,0 107.974000,-7.092300,0 107.974100,-7.091900,0 107.974000,-7.091900,0 107.973900,-7.091700,0 107.974100,-7.091400,0 107.974100,-7.091200,0 107.974200,-7.091200,0 107.974300,-7.091000,0 107.974700,-7.090900,0 107.974700,-7.090800,0 107.974800,-7.090800,0 107.974800,-7.090900,0 107.974600,-7.091000,0 107.974600,-7.091100,0 107.974700,-7.091100,0 107.974600,-7.091200,0</coordinates></LinearRing></outerBoundaryIs></Polygon></MultiGeometry></Placemark><Placemark><name>DI Ciojar</name><styleUrl>#w2</styleUrl><description><![CDATA[<table><tr><td>Luas</td><td align='right'><b>309,0000</b> ha</td></tr><tr><td>Luas</td><td align='right'><b>3.090.000</b> m²</td></tr><tr><td>Keliling</td><td align='right'><b>65.252</b> m</td></tr><tr><td>Tinggi rata-rata</td><td align='right'><b>688,0</b> m dpl</td></tr><tr><td>Rezim</td><td align='right'><b>FL</b> </td></tr><tr><td>Kebutuhan air</td><td align='right'><b>711.983</b> m³</td></tr><tr><td>Kebutuhan air</td><td align='right'><b>230</b> mm</td></tr><tr><td>Debit</td><td align='right'><b>90,56</b> l/detik</td></tr><tr><td>NFR</td><td align='right'><b>1,65</b> mm/hari</td></tr><tr><td>Water loss</td><td align='right'><b>4.437.252</b> m³</td></tr><tr><td>Water loss</td><td align='right'><b>1.436</b> mm</td></tr></table>]]></description><MultiGeometry><Polygon><tessellate>1</tessellate><outerBoundaryIs><LinearRing><coordinates>107.922700,-7.184700,0 107.922700,-7.185700,0 107.922100,-7.185600,0 107.921400,-7.185400,0 107.921300,-7.185300,0 107.920600,-7.185300,0 107.920000,-7.184900,0 107.920200,-7.184600,0 107.921000,-7.184800,0 107.921000,-7.184400,0 107.920800,-7.184300,0 107.920800,-7.184200,0 107.921500,-7.184100,0 107.921700,-7.183800,0 107.922100,-7.184100,0 107.922400,-7.184200,0 107.922700,-7.184700,0</coordinates></LinearRing></outerBoundaryIs></Polygon><Polygon><tessellate>1</tessellate><outerBoundaryIs><LinearRing><coordinates>107.917800,-7.183300,0 107.918000,-7.183300,0 107.918500,-7.183500,0 107.918600,-7.183600,0 107.918700,-7.184100,0 107.918200,-7.184200,0 107.917700,-7.184500,0 107.916600,-7.184300,0 107.916700,-7.184100,0 107.917100,-7.184100,0 107.917200,-7.184200,0 107.917600,-7.184100,0 107.917600,-7.183600,0 107.917500,-7.183400,0 107.917400,-7.183400,0 107.917500,-7.183300,0 107.917800,-7.183300,0</coordinates></LinearRing></outerBoundaryIs></Polygon><Polygon><tessellate>1</tessellate><outerBoundaryIs><LinearRing><coordinates>107.927300,-7.182500,0 107.927300,-7.182700,0 107.926900,-7.183000,0 107.927400,-7.183200,0 107.927800,-7.182900,0 107.928100,-7.183000,0 107.928300,-7.183100,0 107.928300,-7.183400,0 107.928400,-7.183400,0 107.928400,-7.183600,0 107.927700,-7.184200,0 107.925900,-7.185500,0 107.925100,-7.185900,0 107.924600,-7.186000,0 107.924500,-7.186100,0 107.923600,-7.186000,0 107.923200,-7.186200,0 107.923200,-7.186300,0 107.923000,-7.186400,0 107.922100,-7.186400,0 107.921500,-7.186200,0 107.921500,-7.186000,0 107.920900,-7.186000,0 107.920800,-7.185900,0 107.920700,-7.185400,0 107.920600,-7.185400,0 107.920600,-7.185300,0 107.920800,-7.185400,0 107.921400,-7.185400,0 107.921800,-7.185600,0 107.921900,-7.185800,0 107.922900,-7.185800,0 107.923100,-7.185900,0 107.923400,-7.185800,0 107.923500,-7.185700,0 107.923600,-7.185100,0 107.923700,-7.185000,0 107.924000,-7.185100,0 107.924000,-7.184900,0 107.924300,-7.185000,0 107.924400,-7.184900,0 107.924600,-7.184900,0 107.924600,-7.184500,0 107.924700,-7.184400,0 107.925100,-7.184500,0 107.925100,-7.183900,0 107.924900,-7.183900,0 107.924500,-7.183400,0 107.924600,-7.182900,0 107.924700,-7.182800,0 107.924900,-7.182700,0 107.926100,-7.182700,0 107.926100,-7.182600,0 107.926500,-7.182500,0 107.926500,-7.182700,0 107.926600,-7.182700,0 107.926600,-7.182500,0 107.927300,-7.182500,0</coordinates></LinearRing></outerBoundaryIs><innerBoundaryIs><LinearRing><coordinates>107.926000,-7.183700,0 107.926200,-7.183800,0 107.926300,-7.183700,0 107.926300,-7.183500,0 107.925900,-7.183200,0 107.925500,-7.183000,0 107.925400,-7.183100,0 107.924900,-7.183100,0 107.924900,-7.183600,0 107.926000,-7.183700,0</coordinates></LinearRing></innerBoundaryIs></Polygon><Polygon><tessellate>1</tessellate><outerBoundaryIs><LinearRing><coordinates>107.913100,-7.182600,0 107.913400,-7.182700,0 107.913300,-7.183000,0 107.913500,-7.183100,0 107.913600,-7.182700,0 107.913700,-7.182700,0 107.913700,-7.183100,0 107.914500,-7.183100,0 107.914600,-7.183200,0 107.914600,-7.183400,0 107.914500,-7.183500,0 107.914500,-7.183800,0 107.914600,-7.183900,0 107.915000,-7.183800,0 107.915700,-7.183800,0 107.915700,-7.183900,0 107.916300,-7.184000,0 107.916200,-7.184200,0 107.916400,-7.184200,0 107.916400,-7.184300,0 107.916200,-7.184300,0 107.915600,-7.184000,0 107.913900,-7.184000,0 107.913300,-7.183900,0 107.912400,-7.184000,0 107.912000,-7.184100,0 107.911900,-7.184200,0 107.911600,-7.184100,0 107.911200,-7.184100,0 107.910700,-7.184500,0 107.910500,-7.184500,0 107.910500,-7.184200,0 107.910700,-7.184200,0 107.910700,-7.184000,0 107.910200,-7.184000,0 107.910000,-7.183800,0 107.910000,-7.183500,0 107.910100,-7.183300,0 107.910000,-7.183100,0 107.910000,-7.182800,0 107.910100,-7.182600,0 107.910500,-7.182600,0 107.910800,-7.182400,0 107.911200,-7.182300,0 107.912900,-7.182500,0 107.913100,-7.182600,0</coordinates></LinearRing></outerBoundaryIs></Polygon><Polygon><tessellate>1</tessellate><outerBoundaryIs><LinearRing><coordinates>107.933600,-7.181700,0 107.933600,-7.181600,0 107.933900,-7.181600,0 107.933700,-7.182500,0 107.933700,-7.182900,0 107.933600,-7.183000,0 107.933400,-7.182800,0 107.933400,-7.182600,0 107.933300,-7.182600,0 107.933300,-7.183100,0 107.933200,-7.183100,0 107.933200,-7.183200,0 107.932800,-7.183500,0 107.932500,-7.183500,0 107.932500,-7.183400,0 107.932400,-7.183400,0 107.932400,-7.183100,0 107.932500,-7.183000,0 107.932600,-7.182200,0 107.932700,-7.182000,0 107.932900,-7.181800,0 107.933500,-7.181500,0 107.933500,-7.181400,0 107.933600,-7.181400,0 107.933600,-7.181700,0</coordinates></LinearRing></outerBoundaryIs></Polygon><Polygon><tessellate>1</tessellate><outerBoundaryIs><LinearRing><coordinates>107.922800,-7.180700,0 107.922700,-7.181100,0 107.923000,-7.181100,0 107.923000,-7.180700,0 107.923100,-7.180700,0 107.923300,-7.180500,0 107.923700,-7.180600,0 107.923700,-7.181100,0 107.923600,-7.181200,0 107.923600,-7.181500,0 107.923800,-7.181600,0 107.923800,-7.181900,0 107.923300,-7.181900,0 107.923300,-7.182100,0 107.923100,-7.182100,0 107.923100,-7.182600,0 107.923400,-7.182600,0 107.923300,-7.184000,0 107.923000,-7.184000,0 107.923000,-7.183900,0 107.922900,-7.183900,0 107.922800,-7.183700,0 107.922700,-7.183800,0 107.922700,-7.184000,0 107.922800,-7.184100,0 107.923800,-7.184600,0 107.923600,-7.184800,0 107.923500,-7.185100,0 107.923400,-7.185000,0 107.923300,-7.185500,0 107.923400,-7.185500,0 107.923400,-7.185600,0 107.923300,-7.185700,0 107.922800,-7.185700,0 107.922900,-7.184900,0 107.922800,-7.184900,0 107.922800,-7.184700,0 107.922600,-7.184500,0 107.922500,-7.184200,0 107.921900,-7.183700,0 107.921800,-7.183700,0 107.921800,-7.183600,0 107.922000,-7.183500,0 107.922000,-7.182400,0 107.922200,-7.182400,0 107.922400,-7.181300,0 107.922400,-7.180900,0 107.922500,-7.180900,0 107.922500,-7.180500,0 107.922700,-7.180500,0 107.922700,-7.180700,0 107.922800,-7.180700,0</coordinates></LinearRing></outerBoundaryIs></Polygon><Polygon><tessellate>1</tessellate><outerBoundaryIs><LinearRing><coordinates>107.921800,-7.181400,0 107.921700,-7.182900,0 107.921600,-7.183600,0 107.921500,-7.183600,0 107.921500,-7.183500,0 107.921400,-7.183500,0 107.921400,-7.183300,0 107.921200,-7.183100,0 107.920900,-7.183000,0 107.920900,-7.182900,0 107.921100,-7.182800,0 107.921200,-7.182600,0 107.921200,-7.182300,0 107.921000,-7.182300,0 107.921100,-7.181900,0 107.921100,-7.180900,0 107.921700,-7.180900,0 107.921700,-7.180500,0 107.921900,-7.180500,0 107.921800,-7.181400,0</coordinates></LinearRing></outerBoundaryIs></Polygon><Polygon><tessellate>1</tessellate><outerBoundaryIs><LinearRing><coordinates>107.929900,-7.180600,0 107.930000,-7.180800,0 107.930000,-7.182300,0 107.929500,-7.182300,0 107.929500,-7.182100,0 107.929100,-7.182100,0 107.929100,-7.182000,0 107.928500,-7.182100,0 107.928400,-7.182300,0 107.927800,-7.182300,0 107.927800,-7.182000,0 107.927400,-7.182000,0 107.927400,-7.182300,0 107.927200,-7.182400,0 107.926200,-7.182500,0 107.925500,-7.182400,0 107.925000,-7.182000,0 107.924900,-7.182000,0 107.924900,-7.181900,0 107.924800,-7.181900,0 107.924800,-7.182000,0 107.924800,-7.181900,0 107.924700,-7.181900,0 107.924700,-7.182100,0 107.924600,-7.182100,0 107.924500,-7.181300,0 107.924200,-7.181400,0 107.924200,-7.180900,0 107.924400,-7.180900,0 107.924400,-7.180600,0 107.925200,-7.180700,0 107.927300,-7.180600,0 107.927300,-7.180700,0 107.927400,-7.180700,0 107.927300,-7.181100,0 107.927700,-7.181000,0 107.927700,-7.180500,0 107.928200,-7.180500,0 107.929600,-7.180300,0 107.929600,-7.180600,0 107.929800,-7.180500,0 107.929800,-7.180300,0 107.929900,-7.180300,0 107.929900,-7.180600,0</coordinates></LinearRing></outerBoundaryIs></Polygon><Polygon><tessellate>1</tessellate><outerBoundaryIs><LinearRing><coordinates>107.930200,-7.180700,0 107.930000,-7.180700,0 107.930000,-7.180300,0 107.930500,-7.180300,0 107.930500,-7.180700,0 107.930200,-7.180700,0</coordinates></LinearRing></outerBoundaryIs></Polygon><Polygon><tessellate>1</tessellate><outerBoundaryIs><LinearRing><coordinates>107.937900,-7.180200,0 107.938000,-7.180200,0 107.938100,-7.180400,0 107.938200,-7.180400,0 107.938200,-7.180600,0 107.937900,-7.180500,0 107.937900,-7.180400,0 107.937700,-7.180400,0 107.937500,-7.180700,0 107.937300,-7.180600,0 107.937300,-7.180500,0 107.937400,-7.180500,0 107.937300,-7.180300,0 107.937500,-7.180300,0 107.937500,-7.180200,0 107.937700,-7.180200,0 107.937700,-7.180100,0 107.937900,-7.180200,0</coordinates></LinearRing></outerBoundaryIs></Polygon><Polygon><tessellate>1</tessellate><outerBoundaryIs><LinearRing><coordinates>107.913700,-7.180400,0 107.913600,-7.180400,0 107.913600,-7.180100,0 107.913800,-7.180100,0 107.913800,-7.180200,0 107.913900,-7.180200,0 107.914100,-7.180400,0 107.913700,-7.180400,0</coordinates></LinearRing></outerBoundaryIs></Polygon><Polygon><tessellate>1</tessellate><outerBoundaryIs><LinearRing><coordinates>107.917300,-7.180500,0 107.917600,-7.180500,0 107.917700,-7.180100,0 107.918000,-7.180100,0 107.918000,-7.180600,0 107.918100,-7.180600,0 107.918100,-7.180100,0 107.918200,-7.180200,0 107.918400,-7.180100,0 107.918600,-7.180200,0 107.919100,-7.180200,0 107.919400,-7.180300,0 107.919400,-7.180400,0 107.919600,-7.180500,0 107.919600,-7.180300,0 107.919900,-7.180300,0 107.919900,-7.180500,0 107.920900,-7.180600,0 107.920900,-7.181200,0 107.921000,-7.181200,0 107.921000,-7.182200,0 107.920700,-7.182800,0 107.920600,-7.182700,0 107.920400,-7.183000,0 107.920200,-7.183000,0 107.920100,-7.182900,0 107.920200,-7.182800,0 107.920000,-7.182800,0 107.919900,-7.183200,0 107.919800,-7.183200,0 107.919800,-7.183600,0 107.920200,-7.183600,0 107.920100,-7.183900,0 107.919500,-7.183900,0 107.919500,-7.183200,0 107.919100,-7.183200,0 107.919000,-7.183700,0 107.918600,-7.183500,0 107.918600,-7.183400,0 107.918400,-7.183400,0 107.918300,-7.183300,0 107.917800,-7.183200,0 107.917500,-7.183200,0 107.917300,-7.183300,0 107.917100,-7.183100,0 107.917000,-7.182900,0 107.917500,-7.182900,0 107.917500,-7.182800,0 107.917600,-7.182800,0 107.917700,-7.182500,0 107.917700,-7.182000,0 107.917600,-7.182000,0 107.917400,-7.181800,0 107.917000,-7.181700,0 107.917000,-7.181300,0 107.916800,-7.181000,0 107.916400,-7.181000,0 107.916300,-7.180900,0 107.916100,-7.180900,0 107.916000,-7.180700,0 107.916200,-7.180600,0 107.916200,-7.180500,0 107.916300,-7.180500,0 107.916300,-7.180300,0 107.916600,-7.180400,0 107.916600,-7.180700,0 107.916700,-7.180800,0 107.916800,-7.180000,0 107.917300,-7.180000,0 107.917300,-7.180500,0</coordinates></LinearRing></outerBoundaryIs></Polygon><Polygon><tessellate>1</tessellate><outerBoundaryIs><LinearRing><coordinates>107.915800,-7.180000,0 107.915900,-7.180200,0 107.915900,-7.180400,0 107.915800,-7.180500,0 107.915700,-7.180400,0 107.915200,-7.180400,0 107.915100,-7.180300,0 107.915200,-7.180100,0 107.915700,-7.180100,0 107.915700,-7.180000,0 107.915800,-7.180000,0</coordinates></LinearRing></outerBoundaryIs></Polygon><Polygon><tessellate>1</tessellate><outerBoundaryIs><LinearRing><coordinates>107.933600,-7.181300,0 107.933500,-7.181400,0 107.933300,-7.181400,0 107.933300,-7.181500,0 107.932800,-7.181500,0 107.932800,-7.181600,0 107.932700,-7.181500,0 107.932500,-7.181500,0 107.932100,-7.180700,0 107.932300,-7.180600,0 107.932300,-7.180800,0 107.932500,-7.180900,0 107.932500,-7.181400,0 107.932800,-7.181300,0 107.932800,-7.180400,0 107.932700,-7.180300,0 107.932700,-7.180100,0 107.935700,-7.179900,0 107.935700,-7.180500,0 107.935800,-7.180500,0 107.935800,-7.180600,0 107.935600,-7.180700,0 107.934900,-7.180700,0 107.934500,-7.180900,0 107.934300,-7.180900,0 107.934200,-7.181100,0 107.934000,-7.181100,0 107.934000,-7.181200,0 107.933800,-7.181300,0 107.933600,-7.181300,0</coordinates></LinearRing></outerBoundaryIs></Polygon><Polygon><tessellate>1</tessellate><outerBoundaryIs><LinearRing><coordinates>107.918500,-7.180100,0 107.918200,-7.180000,0 107.918300,-7.180000,0 107.918300,-7.179700,0 107.918600,-7.179600,0 107.918500,-7.180100,0</coordinates></LinearRing></outerBoundaryIs></Polygon><Polygon><tessellate>1</tessellate><outerBoundaryIs><LinearRing><coordinates>107.920600,-7.179600,0 107.920600,-7.180300,0 107.919700,-7.180200,0 107.919700,-7.179900,0 107.919500,-7.179600,0 107.919500,-7.180100,0 107.919200,-7.180100,0 107.919300,-7.179600,0 107.919600,-7.179500,0 107.920500,-7.179500,0 107.920600,-7.179600,0</coordinates></LinearRing></outerBoundaryIs></Polygon><Polygon><tessellate>1</tessellate><outerBoundaryIs><LinearRing><coordinates>107.936100,-7.180700,0 107.935900,-7.180600,0 107.935900,-7.180400,0 107.935800,-7.180300,0 107.935800,-7.179900,0 107.936100,-7.179700,0 107.936300,-7.179700,0 107.936300,-7.179600,0 107.936500,-7.179600,0 107.937100,-7.179300,0 107.937100,-7.179500,0 107.937200,-7.179500,0 107.937200,-7.179800,0 107.937300,-7.179900,0 107.937200,-7.179900,0 107.937200,-7.180000,0 107.936900,-7.180000,0 107.936900,-7.180100,0 107.936700,-7.180100,0 107.936700,-7.180200,0 107.936600,-7.180200,0 107.936600,-7.180600,0 107.936300,-7.180600,0 107.936300,-7.180700,0 107.936100,-7.180700,0</coordinates></LinearRing></outerBoundaryIs></Polygon><Polygon><tessellate>1</tessellate><outerBoundaryIs><LinearRing><coordinates>107.940000,-7.178500,0 107.939800,-7.178600,0 107.939700,-7.178500,0 107.939600,-7.178100,0 107.940000,-7.178000,0 107.940200,-7.178300,0 107.940000,-7.178500,0</coordinates></LinearRing></outerBoundaryIs></Polygon><Polygon><tessellate>1</tessellate><outerBoundaryIs><LinearRing><coordinates>107.941600,-7.177900,0 107.941800,-7.178200,0 107.942000,-7.178100,0 107.942100,-7.178300,0 107.941700,-7.178700,0 107.941400,-7.178500,0 107.940500,-7.179100,0 107.940300,-7.179000,0 107.940600,-7.178600,0 107.940600,-7.178400,0 107.941600,-7.177900,0</coordinates></LinearRing></outerBoundaryIs></Polygon><Polygon><tessellate>1</tessellate><outerBoundaryIs><LinearRing><coordinates>107.927600,-7.178300,0 107.927500,-7.178200,0 107.927700,-7.177800,0 107.927600,-7.178300,0</coordinates></LinearRing></outerBoundaryIs></Polygon><Polygon><tessellate>1</tessellate><outerBoundaryIs><LinearRing><coordinates>107.927700,-7.177700,0 107.927600,-7.177700,0 107.927600,-7.177000,0 107.927800,-7.177000,0 107.927700,-7.177200,0 107.927700,-7.177700,0</coordinates></LinearRing></outerBoundaryIs></Polygon><Polygon><tessellate>1</tessellate><outerBoundaryIs><LinearRing><coordinates>107.919500,-7.179000,0 107.919500,-7.179100,0 107.918800,-7.179100,0 107.918700,-7.179500,0 107.918600,-7.179600,0 107.918000,-7.179600,0 107.917700,-7.179800,0 107.917200,-7.179800,0 107.917200,-7.179500,0 107.916700,-7.179400,0 107.916700,-7.179300,0 107.917200,-7.178800,0 107.917200,-7.178700,0 107.917900,-7.178000,0 107.918000,-7.177800,0 107.918100,-7.177800,0 107.918100,-7.177600,0 107.918300,-7.177400,0 107.918400,-7.177400,0 107.918400,-7.177300,0 107.918500,-7.177300,0 107.918800,-7.177000,0 107.918900,-7.176800,0 107.919400,-7.177200,0 107.919600,-7.177200,0 107.920000,-7.177400,0 107.920300,-7.177400,0 107.920200,-7.178100,0 107.920000,-7.178300,0 107.919700,-7.178300,0 107.919500,-7.178500,0 107.919500,-7.179000,0</coordinates></LinearRing></outerBoundaryIs></Polygon><Polygon><tessellate>1</tessellate><outerBoundaryIs><LinearRing><coordinates>107.918000,-7.177700,0 107.917800,-7.177900,0 107.917500,-7.177700,0 107.917200,-7.178100,0 107.917400,-7.178300,0 107.917100,-7.178700,0 107.917000,-7.178700,0 107.917200,-7.177900,0 107.917200,-7.177600,0 107.917300,-7.177400,0 107.917300,-7.177000,0 107.917500,-7.176700,0 107.918200,-7.176800,0 107.918400,-7.177000,0 107.918300,-7.177400,0 107.918000,-7.177700,0</coordinates></LinearRing></outerBoundaryIs></Polygon><Polygon><tessellate>1</tessellate><outerBoundaryIs><LinearRing><coordinates>107.926700,-7.176100,0 107.926700,-7.176600,0 107.926900,-7.176600,0 107.926900,-7.176800,0 107.926700,-7.176900,0 107.926600,-7.177200,0 107.926800,-7.177400,0 107.927000,-7.177400,0 107.927000,-7.177300,0 107.927600,-7.177300,0 107.927500,-7.177600,0 107.927500,-7.178500,0 107.927300,-7.178500,0 107.927300,-7.178800,0 107.926000,-7.179000,0 107.926000,-7.179100,0 107.924700,-7.179100,0 107.924400,-7.179200,0 107.923300,-7.179200,0 107.923100,-7.179300,0 107.922600,-7.179300,0 107.922400,-7.179200,0 107.922400,-7.179100,0 107.922300,-7.179100,0 107.922200,-7.179300,0 107.921600,-7.179300,0 107.921500,-7.179200,0 107.921600,-7.179200,0 107.921600,-7.179000,0 107.921200,-7.178800,0 107.921200,-7.178600,0 107.921000,-7.178600,0 107.921000,-7.178800,0 107.920400,-7.178900,0 107.920300,-7.178300,0 107.920900,-7.178200,0 107.920900,-7.178000,0 107.921600,-7.178200,0 107.921900,-7.178200,0 107.922000,-7.178100,0 107.922400,-7.178100,0 107.922600,-7.178200,0 107.923500,-7.178200,0 107.923700,-7.178100,0 107.924900,-7.178100,0 107.925200,-7.177700,0 107.925200,-7.177000,0 107.925700,-7.177100,0 107.926000,-7.176700,0 107.926000,-7.176100,0 107.926200,-7.176200,0 107.926200,-7.176100,0 107.926700,-7.176100,0</coordinates></LinearRing></outerBoundaryIs></Polygon><Polygon><tessellate>1</tessellate><outerBoundaryIs><LinearRing><coordinates>107.938600,-7.176000,0 107.938800,-7.176100,0 107.939200,-7.176100,0 107.939300,-7.176200,0 107.939800,-7.176200,0 107.939900,-7.176300,0 107.939900,-7.176700,0 107.940000,-7.176600,0 107.940300,-7.176600,0 107.940500,-7.176800,0 107.940500,-7.177000,0 107.940000,-7.177200,0 107.940100,-7.177300,0 107.940100,-7.177800,0 107.940000,-7.177800,0 107.940000,-7.177900,0 107.939800,-7.177900,0 107.939400,-7.178200,0 107.939200,-7.177900,0 107.939100,-7.177900,0 107.939200,-7.178000,0 107.939200,-7.178200,0 107.939100,-7.178300,0 107.939000,-7.178100,0 107.938800,-7.178100,0 107.938800,-7.178400,0 107.938200,-7.178700,0 107.937900,-7.178700,0 107.937800,-7.178500,0 107.937500,-7.178500,0 107.937600,-7.179000,0 107.937400,-7.179000,0 107.937200,-7.178700,0 107.936700,-7.178800,0 107.936800,-7.178900,0 107.936900,-7.179300,0 107.936400,-7.179500,0 107.936400,-7.179300,0 107.936000,-7.179500,0 107.936000,-7.179700,0 107.935200,-7.179900,0 107.935000,-7.179900,0 107.935000,-7.179700,0 107.934700,-7.179700,0 107.934600,-7.179900,0 107.934100,-7.180000,0 107.934100,-7.179800,0 107.933700,-7.179900,0 107.933700,-7.179400,0 107.933600,-7.179400,0 107.933600,-7.179500,0 107.933500,-7.179500,0 107.933500,-7.179900,0 107.933200,-7.179900,0 107.933100,-7.179700,0 107.932400,-7.179700,0 107.932400,-7.179500,0 107.932200,-7.179500,0 107.932200,-7.180000,0 107.932000,-7.180000,0 107.931900,-7.179400,0 107.931700,-7.179400,0 107.931700,-7.179700,0 107.931600,-7.179700,0 107.931600,-7.180100,0 107.931300,-7.180100,0 107.931300,-7.180000,0 107.930700,-7.180000,0 107.930700,-7.180100,0 107.927000,-7.180400,0 107.925800,-7.180600,0 107.925000,-7.180500,0 107.925000,-7.179600,0 107.923600,-7.179600,0 107.923500,-7.180400,0 107.923200,-7.180400,0 107.923200,-7.179600,0 107.922900,-7.179600,0 107.922900,-7.180300,0 107.921700,-7.180300,0 107.921700,-7.180100,0 107.921600,-7.180100,0 107.921600,-7.180300,0 107.920700,-7.180300,0 107.920700,-7.179700,0 107.920800,-7.179700,0 107.920800,-7.179400,0 107.920900,-7.179400,0 107.920900,-7.179300,0 107.921500,-7.179300,0 107.921600,-7.179400,0 107.923200,-7.179400,0 107.923300,-7.179300,0 107.924600,-7.179300,0 107.924800,-7.179200,0 107.927400,-7.179200,0 107.927800,-7.179100,0 107.928000,-7.177300,0 107.927800,-7.177200,0 107.927900,-7.177000,0 107.928300,-7.177000,0 107.928300,-7.177200,0 107.928900,-7.177100,0 107.928900,-7.176900,0 107.929700,-7.176900,0 107.929800,-7.177100,0 107.929900,-7.177100,0 107.929900,-7.177300,0 107.930000,-7.177300,0 107.930100,-7.177200,0 107.930000,-7.177200,0 107.930000,-7.177000,0 107.930300,-7.177000,0 107.930300,-7.176800,0 107.930600,-7.176800,0 107.930600,-7.177000,0 107.930800,-7.176900,0 107.930700,-7.176800,0 107.930900,-7.176800,0 107.931000,-7.177100,0 107.931300,-7.177100,0 107.931300,-7.176700,0 107.931400,-7.176700,0 107.931400,-7.176600,0 107.932200,-7.176500,0 107.932400,-7.176400,0 107.932400,-7.176300,0 107.932800,-7.176300,0 107.932800,-7.176200,0 107.932900,-7.176200,0 107.933000,-7.176000,0 107.933200,-7.176000,0 107.933400,-7.176200,0 107.933700,-7.176200,0 107.933700,-7.176400,0 107.933900,-7.176400,0 107.933900,-7.176200,0 107.934400,-7.176100,0 107.934400,-7.176000,0 107.934600,-7.176000,0 107.934700,-7.175900,0 107.934900,-7.175900,0 107.934900,-7.175800,0 107.935000,-7.175800,0 107.935100,-7.175600,0 107.936300,-7.175600,0 107.936300,-7.176000,0 107.936800,-7.176100,0 107.936800,-7.175500,0 107.938100,-7.175500,0 107.938100,-7.175600,0 107.938300,-7.175600,0 107.938300,-7.175900,0 107.938400,-7.176000,0 107.938600,-7.176000,0</coordinates></LinearRing></outerBoundaryIs></Polygon><Polygon><tessellate>1</tessellate><outerBoundaryIs><LinearRing><coordinates>107.942700,-7.175300,0 107.943300,-7.175400,0 107.943500,-7.175700,0 107.943800,-7.175900,0 107.944000,-7.175900,0 107.944100,-7.176300,0 107.944500,-7.176500,0 107.944500,-7.176700,0 107.944200,-7.176700,0 107.944000,-7.176400,0 107.943600,-7.176300,0 107.943600,-7.176200,0 107.943500,-7.176200,0 107.943400,-7.176000,0 107.943300,-7.176000,0 107.943200,-7.175800,0 107.942900,-7.175700,0 107.942500,-7.175400,0 107.942100,-7.175000,0 107.942100,-7.174800,0 107.942500,-7.174800,0 107.942600,-7.174900,0 107.942600,-7.175300,0 107.942700,-7.175300,0</coordinates></LinearRing></outerBoundaryIs></Polygon><Polygon><tessellate>1</tessellate><outerBoundaryIs><LinearRing><coordinates>107.941300,-7.174600,0 107.941900,-7.174700,0 107.942000,-7.174800,0 107.941900,-7.175000,0 107.942100,-7.175200,0 107.942200,-7.175200,0 107.942200,-7.175300,0 107.942300,-7.175300,0 107.942300,-7.175400,0 107.942400,-7.175400,0 107.942400,-7.175500,0 107.942700,-7.175600,0 107.942800,-7.175800,0 107.943000,-7.175800,0 107.943100,-7.175900,0 107.943100,-7.176100,0 107.942700,-7.176300,0 107.942400,-7.176300,0 107.941800,-7.175800,0 107.941800,-7.175500,0 107.942000,-7.175500,0 107.942000,-7.175300,0 107.941900,-7.175200,0 107.941500,-7.175300,0 107.941400,-7.175200,0 107.941200,-7.175200,0 107.941200,-7.175100,0 107.940700,-7.175000,0 107.940700,-7.174900,0 107.940600,-7.174900,0 107.940600,-7.174500,0 107.941000,-7.174500,0 107.941100,-7.174600,0 107.941300,-7.174600,0</coordinates></LinearRing></outerBoundaryIs></Polygon><Polygon><tessellate>1</tessellate><outerBoundaryIs><LinearRing><coordinates>107.931300,-7.174400,0 107.931500,-7.174500,0 107.931400,-7.174600,0 107.931400,-7.174800,0 107.930900,-7.174800,0 107.930700,-7.174900,0 107.930700,-7.174600,0 107.930800,-7.174400,0 107.931000,-7.174400,0 107.931100,-7.174300,0 107.931300,-7.174300,0 107.931300,-7.174400,0</coordinates></LinearRing></outerBoundaryIs></Polygon><Polygon><tessellate>1</tessellate><outerBoundaryIs><LinearRing><coordinates>107.932800,-7.175200,0 107.932800,-7.175800,0 107.932700,-7.175800,0 107.932700,-7.175900,0 107.932300,-7.175900,0 107.932100,-7.176000,0 107.932100,-7.176100,0 107.931900,-7.176100,0 107.931800,-7.176000,0 107.931600,-7.176000,0 107.931500,-7.175800,0 107.931200,-7.175800,0 107.931200,-7.175700,0 107.931000,-7.175700,0 107.930700,-7.176300,0 107.930500,-7.176300,0 107.930400,-7.176500,0 107.930300,-7.176500,0 107.930300,-7.176700,0 107.929800,-7.176800,0 107.929100,-7.176800,0 107.929100,-7.176600,0 107.928600,-7.176700,0 107.928700,-7.176900,0 107.928600,-7.176900,0 107.928500,-7.176700,0 107.928400,-7.176700,0 107.928500,-7.176900,0 107.928200,-7.176900,0 107.928200,-7.176600,0 107.928400,-7.176200,0 107.928400,-7.175900,0 107.928600,-7.175800,0 107.928500,-7.175400,0 107.928400,-7.175200,0 107.928300,-7.175200,0 107.928400,-7.174900,0 107.928700,-7.174900,0 107.928700,-7.175000,0 107.928900,-7.175000,0 107.929000,-7.175100,0 107.929400,-7.175100,0 107.929500,-7.174900,0 107.930200,-7.174800,0 107.930300,-7.174900,0 107.930200,-7.174900,0 107.930200,-7.175100,0 107.930800,-7.175100,0 107.931100,-7.175000,0 107.931700,-7.175100,0 107.931900,-7.175200,0 107.931900,-7.175300,0 107.932000,-7.175300,0 107.932000,-7.175200,0 107.931700,-7.174900,0 107.931700,-7.174800,0 107.932900,-7.174700,0 107.933300,-7.174300,0 107.933800,-7.174100,0 107.934000,-7.174100,0 107.934000,-7.174600,0 107.933900,-7.174700,0 107.933600,-7.174900,0 107.933100,-7.175000,0 107.932800,-7.175200,0</coordinates></LinearRing></outerBoundaryIs></Polygon><Polygon><tessellate>1</tessellate><outerBoundaryIs><LinearRing><coordinates>107.939200,-7.174100,0 107.939800,-7.174200,0 107.939800,-7.174300,0 107.940000,-7.174300,0 107.940100,-7.174400,0 107.940100,-7.174500,0 107.939500,-7.174400,0 107.939400,-7.174300,0 107.939100,-7.174300,0 107.939100,-7.174400,0 107.939100,-7.174100,0 107.939200,-7.174100,0</coordinates></LinearRing></outerBoundaryIs></Polygon><Polygon><tessellate>1</tessellate><outerBoundaryIs><LinearRing><coordinates>107.941500,-7.174400,0 107.941400,-7.174400,0 107.941400,-7.174500,0 107.941400,-7.174400,0 107.940900,-7.174400,0 107.940900,-7.174300,0 107.940800,-7.174300,0 107.940800,-7.174100,0 107.940600,-7.174000,0 107.940700,-7.173800,0 107.940900,-7.173800,0 107.940900,-7.173900,0 107.941300,-7.174000,0 107.941300,-7.174100,0 107.941400,-7.174100,0 107.941400,-7.174400,0 107.941500,-7.174400,0</coordinates></LinearRing></outerBoundaryIs></Polygon><Polygon><tessellate>1</tessellate><outerBoundaryIs><LinearRing><coordinates>107.929800,-7.174400,0 107.930100,-7.174400,0 107.930100,-7.174300,0 107.930200,-7.174300,0 107.930200,-7.174500,0 107.930300,-7.174500,0 107.930300,-7.174600,0 107.930200,-7.174700,0 107.930000,-7.174700,0 107.929600,-7.174600,0 107.929500,-7.174500,0 107.929100,-7.174500,0 107.928900,-7.174200,0 107.929000,-7.173800,0 107.929400,-7.173900,0 107.929400,-7.174100,0 107.929800,-7.174400,0</coordinates></LinearRing></outerBoundaryIs></Polygon><Polygon><tessellate>1</tessellate><outerBoundaryIs><LinearRing><coordinates>107.942700,-7.175300,0 107.942600,-7.175300,0 107.942700,-7.175100,0 107.942600,-7.175000,0 107.942600,-7.174800,0 107.942400,-7.174700,0 107.942300,-7.174700,0 107.942300,-7.174800,0 107.942200,-7.174500,0 107.942000,-7.174500,0 107.941900,-7.174300,0 107.942100,-7.174300,0 107.942100,-7.174200,0 107.942200,-7.174200,0 107.942200,-7.174000,0 107.942100,-7.174000,0 107.942200,-7.173900,0 107.943000,-7.173800,0 107.943000,-7.174300,0 107.942900,-7.174300,0 107.942800,-7.174500,0 107.942700,-7.174500,0 107.942700,-7.174800,0 107.942800,-7.175000,0 107.942900,-7.175000,0 107.942900,-7.175100,0 107.943600,-7.175000,0 107.943600,-7.174900,0 107.943800,-7.174900,0 107.943800,-7.174800,0 107.944600,-7.174700,0 107.944800,-7.175100,0 107.944800,-7.175300,0 107.944900,-7.175400,0 107.944200,-7.175400,0 107.944200,-7.175900,0 107.944000,-7.175900,0 107.943500,-7.175700,0 107.943500,-7.175400,0 107.943300,-7.175300,0 107.942700,-7.175300,0</coordinates></LinearRing></outerBoundaryIs></Polygon><Polygon><tessellate>1</tessellate><outerBoundaryIs><LinearRing><coordinates>107.937400,-7.173500,0 107.937200,-7.173800,0 107.937100,-7.173800,0 107.936900,-7.173600,0 107.936500,-7.173500,0 107.935900,-7.173500,0 107.935900,-7.173900,0 107.936100,-7.173900,0 107.936100,-7.174500,0 107.936400,-7.174500,0 107.936600,-7.174100,0 107.936600,-7.173900,0 107.937100,-7.173900,0 107.937500,-7.174200,0 107.937600,-7.174200,0 107.937600,-7.174300,0 107.937900,-7.174300,0 107.938000,-7.174100,0 107.938000,-7.173800,0 107.938300,-7.173800,0 107.938500,-7.174000,0 107.938800,-7.174000,0 107.939000,-7.174100,0 107.938900,-7.174400,0 107.939000,-7.174500,0 107.939400,-7.174500,0 107.939500,-7.174600,0 107.939400,-7.174900,0 107.939900,-7.175100,0 107.939900,-7.175200,0 107.939700,-7.175300,0 107.939400,-7.175100,0 107.939000,-7.175100,0 107.938900,-7.175000,0 107.938700,-7.175000,0 107.938300,-7.174800,0 107.938200,-7.174800,0 107.938200,-7.174900,0 107.937800,-7.174700,0 107.936800,-7.174600,0 107.936800,-7.175500,0 107.935600,-7.175500,0 107.935700,-7.175400,0 107.935300,-7.175500,0 107.935300,-7.175000,0 107.935600,-7.175000,0 107.935600,-7.174900,0 107.936300,-7.174900,0 107.936300,-7.174700,0 107.935800,-7.174700,0 107.935800,-7.174600,0 107.935500,-7.174500,0 107.935500,-7.174600,0 107.935300,-7.174500,0 107.935200,-7.174200,0 107.935500,-7.174200,0 107.935600,-7.174100,0 107.935400,-7.174000,0 107.935400,-7.173800,0 107.935300,-7.173800,0 107.935300,-7.173700,0 107.935600,-7.173400,0 107.935800,-7.173400,0 107.936100,-7.173200,0 107.936800,-7.173200,0 107.937400,-7.173500,0</coordinates></LinearRing></outerBoundaryIs></Polygon><Polygon><tessellate>1</tessellate><outerBoundaryIs><LinearRing><coordinates>107.942600,-7.173800,0 107.941600,-7.174000,0 107.941400,-7.174000,0 107.941000,-7.173800,0 107.940200,-7.173100,0 107.940300,-7.173000,0 107.940100,-7.172900,0 107.940300,-7.172500,0 107.940100,-7.172400,0 107.940000,-7.172000,0 107.939900,-7.172000,0 107.939900,-7.171800,0 107.939500,-7.171700,0 107.939400,-7.171500,0 107.939500,-7.171400,0 107.940700,-7.171400,0 107.940700,-7.172000,0 107.940800,-7.172100,0 107.941100,-7.172400,0 107.941200,-7.172400,0 107.941300,-7.172600,0 107.941700,-7.172700,0 107.941800,-7.172800,0 107.942000,-7.172800,0 107.942500,-7.173200,0 107.942700,-7.173500,0 107.942800,-7.173500,0 107.943000,-7.173700,0 107.942600,-7.173800,0</coordinates></LinearRing></outerBoundaryIs></Polygon><Polygon><tessellate>1</tessellate><outerBoundaryIs><LinearRing><coordinates>107.931300,-7.172400,0 107.931800,-7.172400,0 107.931900,-7.172600,0 107.932000,-7.172600,0 107.932000,-7.172700,0 107.931800,-7.172900,0 107.931500,-7.173000,0 107.931300,-7.173300,0 107.931200,-7.173300,0 107.931100,-7.173500,0 107.931100,-7.173900,0 107.931000,-7.174200,0 107.930700,-7.174200,0 107.930300,-7.174000,0 107.930300,-7.173600,0 107.929700,-7.173600,0 107.929400,-7.173700,0 107.929400,-7.173800,0 107.929100,-7.173700,0 107.929300,-7.173300,0 107.929300,-7.173100,0 107.929400,-7.173100,0 107.929400,-7.172900,0 107.930300,-7.171100,0 107.930700,-7.171100,0 107.930700,-7.171700,0 107.930800,-7.171800,0 107.930800,-7.172000,0 107.931000,-7.172300,0 107.931300,-7.172400,0</coordinates></LinearRing></outerBoundaryIs></Polygon><Polygon><tessellate>1</tessellate><outerBoundaryIs><LinearRing><coordinates>107.945200,-7.171100,0 107.945900,-7.171100,0 107.945900,-7.171000,0 107.946100,-7.171000,0 107.945700,-7.171400,0 107.945800,-7.171500,0 107.945500,-7.172100,0 107.944900,-7.171900,0 107.944800,-7.172300,0 107.944400,-7.172200,0 107.944500,-7.172100,0 107.944100,-7.172000,0 107.944100,-7.172200,0 107.943700,-7.172200,0 107.943700,-7.172500,0 107.944200,-7.172900,0 107.944200,-7.173000,0 107.943800,-7.173000,0 107.943800,-7.172900,0 107.943500,-7.172900,0 107.943600,-7.172700,0 107.943000,-7.172500,0 107.943100,-7.172200,0 107.942800,-7.172200,0 107.942700,-7.172300,0 107.942500,-7.172200,0 107.942600,-7.171900,0 107.941600,-7.171500,0 107.941600,-7.171400,0 107.941400,-7.171200,0 107.942300,-7.171000,0 107.943100,-7.170600,0 107.943900,-7.170600,0 107.944900,-7.171000,0 107.945100,-7.171000,0 107.945200,-7.171100,0</coordinates></LinearRing></outerBoundaryIs></Polygon><Polygon><tessellate>1</tessellate><outerBoundaryIs><LinearRing><coordinates>107.934700,-7.170500,0 107.935500,-7.170600,0 107.935600,-7.171200,0 107.936200,-7.171700,0 107.937700,-7.171700,0 107.939400,-7.171400,0 107.939300,-7.171500,0 107.939300,-7.171700,0 107.939700,-7.172000,0 107.939500,-7.172100,0 107.939300,-7.171900,0 107.939000,-7.171900,0 107.938900,-7.171800,0 107.938700,-7.171800,0 107.938700,-7.171700,0 107.938400,-7.171900,0 107.938200,-7.171900,0 107.938200,-7.172000,0 107.938000,-7.172200,0 107.937300,-7.172200,0 107.937200,-7.172300,0 107.936900,-7.172300,0 107.936800,-7.172400,0 107.936200,-7.172400,0 107.936000,-7.172300,0 107.935400,-7.172300,0 107.935300,-7.172400,0 107.935100,-7.172400,0 107.934900,-7.172200,0 107.934300,-7.172200,0 107.934300,-7.172000,0 107.933800,-7.172000,0 107.933800,-7.172600,0 107.933600,-7.172600,0 107.933600,-7.171600,0 107.933900,-7.171200,0 107.934600,-7.171200,0 107.934700,-7.171100,0 107.934700,-7.170500,0</coordinates></LinearRing></outerBoundaryIs></Polygon><Polygon><tessellate>1</tessellate><outerBoundaryIs><LinearRing><coordinates>107.929800,-7.169600,0 107.929900,-7.171000,0 107.930200,-7.171000,0 107.930200,-7.171100,0 107.928800,-7.174200,0 107.928900,-7.174800,0 107.928200,-7.174800,0 107.928300,-7.174400,0 107.928100,-7.174300,0 107.926500,-7.174100,0 107.926100,-7.174600,0 107.926000,-7.175200,0 107.925900,-7.175300,0 107.925800,-7.175700,0 107.925500,-7.175700,0 107.925500,-7.175900,0 107.925600,-7.175800,0 107.925700,-7.175800,0 107.925700,-7.175900,0 107.925800,-7.175700,0 107.925900,-7.175700,0 107.925900,-7.175800,0 107.927000,-7.175700,0 107.927000,-7.175200,0 107.926300,-7.175000,0 107.926200,-7.174900,0 107.926200,-7.174600,0 107.926300,-7.174400,0 107.927400,-7.174400,0 107.927400,-7.174500,0 107.927500,-7.174500,0 107.927500,-7.174700,0 107.927400,-7.174800,0 107.927600,-7.175000,0 107.927700,-7.175000,0 107.927700,-7.175100,0 107.927800,-7.175100,0 107.927800,-7.175300,0 107.927700,-7.175300,0 107.927600,-7.175500,0 107.927500,-7.175500,0 107.927400,-7.175700,0 107.927200,-7.175900,0 107.927100,-7.175900,0 107.927100,-7.176000,0 107.926800,-7.176000,0 107.926800,-7.176100,0 107.925600,-7.176000,0 107.925500,-7.176100,0 107.925500,-7.176300,0 107.925700,-7.176500,0 107.925700,-7.176700,0 107.925600,-7.176900,0 107.925300,-7.176900,0 107.925100,-7.177000,0 107.925100,-7.177700,0 107.924900,-7.177700,0 107.924900,-7.177800,0 107.924800,-7.177800,0 107.924900,-7.177800,0 107.924900,-7.178100,0 107.924600,-7.178100,0 107.924400,-7.178000,0 107.924300,-7.178100,0 107.922600,-7.178100,0 107.922400,-7.178000,0 107.922000,-7.178000,0 107.921800,-7.178100,0 107.921600,-7.178000,0 107.921300,-7.178000,0 107.920500,-7.177500,0 107.920300,-7.177500,0 107.920500,-7.177100,0 107.920100,-7.176900,0 107.920000,-7.177200,0 107.919500,-7.177200,0 107.919100,-7.176900,0 107.919100,-7.176600,0 107.919300,-7.176700,0 107.920100,-7.175700,0 107.920600,-7.175700,0 107.920700,-7.176000,0 107.921000,-7.176000,0 107.921100,-7.175900,0 107.921000,-7.175500,0 107.921500,-7.175500,0 107.921500,-7.175300,0 107.921400,-7.175200,0 107.921000,-7.175000,0 107.921100,-7.174500,0 107.921300,-7.174200,0 107.921400,-7.174200,0 107.921800,-7.173900,0 107.922500,-7.173700,0 107.922800,-7.173500,0 107.923000,-7.173500,0 107.923800,-7.173200,0 107.923800,-7.173300,0 107.923900,-7.173300,0 107.923900,-7.173200,0 107.924700,-7.173000,0 107.924700,-7.172900,0 107.925400,-7.172200,0 107.925600,-7.171600,0 107.926000,-7.171200,0 107.926200,-7.170800,0 107.926300,-7.170800,0 107.926500,-7.170400,0 107.926800,-7.170100,0 107.927000,-7.170000,0 107.927300,-7.170000,0 107.927400,-7.169900,0 107.929000,-7.169900,0 107.929800,-7.169600,0</coordinates></LinearRing></outerBoundaryIs></Polygon><Polygon><tessellate>1</tessellate><outerBoundaryIs><LinearRing><coordinates>107.925200,-7.169500,0 107.925400,-7.169900,0 107.925400,-7.170100,0 107.925500,-7.170200,0 107.925500,-7.170400,0 107.926100,-7.170400,0 107.926300,-7.170600,0 107.925900,-7.171300,0 107.925500,-7.171700,0 107.925300,-7.171400,0 107.924100,-7.170800,0 107.923500,-7.170800,0 107.923400,-7.170700,0 107.922100,-7.170700,0 107.921700,-7.170800,0 107.921400,-7.171000,0 107.921100,-7.171000,0 107.920700,-7.171200,0 107.920300,-7.171200,0 107.919700,-7.171500,0 107.919600,-7.171700,0 107.919500,-7.171700,0 107.919500,-7.171900,0 107.919400,-7.172000,0 107.919200,-7.172000,0 107.918700,-7.172300,0 107.918400,-7.172300,0 107.918300,-7.172200,0 107.918300,-7.172000,0 107.918700,-7.171900,0 107.919200,-7.171600,0 107.919400,-7.171300,0 107.919500,-7.171300,0 107.919700,-7.170500,0 107.920100,-7.170000,0 107.920500,-7.169900,0 107.920600,-7.169700,0 107.921000,-7.169600,0 107.921000,-7.169500,0 107.921400,-7.169600,0 107.922600,-7.169600,0 107.923400,-7.169200,0 107.923900,-7.169200,0 107.924100,-7.169000,0 107.924600,-7.169000,0 107.925200,-7.169500,0</coordinates></LinearRing></outerBoundaryIs></Polygon><Polygon><tessellate>1</tessellate><outerBoundaryIs><LinearRing><coordinates>107.935900,-7.168500,0 107.935900,-7.168900,0 107.935700,-7.169500,0 107.935500,-7.169700,0 107.935500,-7.170500,0 107.934800,-7.170400,0 107.934800,-7.170100,0 107.934400,-7.170000,0 107.933800,-7.170400,0 107.933800,-7.170800,0 107.933600,-7.170900,0 107.933400,-7.170800,0 107.932800,-7.170800,0 107.932600,-7.170900,0 107.932500,-7.171000,0 107.932600,-7.171600,0 107.932400,-7.171600,0 107.932400,-7.171800,0 107.932600,-7.171800,0 107.932500,-7.172100,0 107.932300,-7.172000,0 107.932100,-7.171700,0 107.932100,-7.171500,0 107.931900,-7.171300,0 107.931800,-7.170900,0 107.931000,-7.170700,0 107.930600,-7.171100,0 107.930000,-7.170900,0 107.929900,-7.170000,0 107.929900,-7.169600,0 107.930100,-7.169500,0 107.930000,-7.169500,0 107.930000,-7.169300,0 107.930800,-7.168500,0 107.931100,-7.168500,0 107.931100,-7.168400,0 107.931500,-7.168200,0 107.931900,-7.167800,0 107.932000,-7.167400,0 107.935800,-7.167100,0 107.936000,-7.167200,0 107.935900,-7.167300,0 107.935900,-7.167700,0 107.935800,-7.168000,0 107.935900,-7.168500,0</coordinates></LinearRing></outerBoundaryIs></Polygon><Polygon><tessellate>1</tessellate><outerBoundaryIs><LinearRing><coordinates>107.946400,-7.166600,0 107.946500,-7.166700,0 107.946400,-7.166700,0 107.946400,-7.167100,0 107.946600,-7.167200,0 107.946600,-7.167100,0 107.946800,-7.167100,0 107.946900,-7.166900,0 107.946900,-7.166800,0 107.946800,-7.166800,0 107.946600,-7.166600,0 107.946700,-7.166200,0 107.946800,-7.166100,0 107.947500,-7.166200,0 107.947500,-7.166400,0 107.947800,-7.166600,0 107.947800,-7.166900,0 107.947700,-7.166900,0 107.947500,-7.167300,0 107.947300,-7.167500,0 107.946700,-7.167700,0 107.946600,-7.167900,0 107.945700,-7.168400,0 107.944900,-7.168500,0 107.944900,-7.168200,0 107.944600,-7.168200,0 107.944600,-7.167900,0 107.944200,-7.167900,0 107.944100,-7.167800,0 107.943500,-7.167900,0 107.943500,-7.167800,0 107.943200,-7.167600,0 107.942500,-7.167400,0 107.942700,-7.167100,0 107.942800,-7.166700,0 107.943000,-7.166700,0 107.943000,-7.166600,0 107.943200,-7.166600,0 107.943300,-7.166500,0 107.943600,-7.166500,0 107.944000,-7.166700,0 107.944300,-7.166700,0 107.944700,-7.166500,0 107.944900,-7.166600,0 107.945300,-7.166600,0 107.945800,-7.166200,0 107.945800,-7.166000,0 107.945900,-7.166100,0 107.946300,-7.166200,0 107.946300,-7.166600,0 107.946400,-7.166600,0</coordinates></LinearRing></outerBoundaryIs></Polygon><Polygon><tessellate>1</tessellate><outerBoundaryIs><LinearRing><coordinates>107.944600,-7.164800,0 107.944200,-7.165200,0 107.944200,-7.165300,0 107.943900,-7.165700,0 107.943400,-7.166100,0 107.943200,-7.166000,0 107.942600,-7.166000,0 107.942400,-7.166200,0 107.942400,-7.166400,0 107.942700,-7.166700,0 107.942700,-7.166900,0 107.942500,-7.167300,0 107.941900,-7.167200,0 107.941300,-7.167500,0 107.941100,-7.167800,0 107.940300,-7.168200,0 107.940400,-7.168000,0 107.940300,-7.167900,0 107.940000,-7.167900,0 107.939800,-7.167800,0 107.939800,-7.168100,0 107.939500,-7.167900,0 107.939400,-7.167700,0 107.939200,-7.167600,0 107.939000,-7.167600,0 107.938100,-7.167900,0 107.937800,-7.167800,0 107.937600,-7.167600,0 107.937700,-7.166700,0 107.937900,-7.166400,0 107.937800,-7.166100,0 107.936600,-7.166700,0 107.936200,-7.166700,0 107.936200,-7.166500,0 107.936300,-7.166400,0 107.936700,-7.166300,0 107.936800,-7.166200,0 107.937400,-7.166100,0 107.937700,-7.165900,0 107.938100,-7.165900,0 107.938100,-7.167000,0 107.938500,-7.167100,0 107.938500,-7.167200,0 107.938800,-7.167100,0 107.939500,-7.167100,0 107.940000,-7.167400,0 107.940700,-7.167400,0 107.941000,-7.167200,0 107.941200,-7.166800,0 107.941300,-7.166800,0 107.941600,-7.166500,0 107.941600,-7.166100,0 107.941500,-7.166000,0 107.941100,-7.166000,0 107.941000,-7.166100,0 107.940300,-7.166100,0 107.940200,-7.165800,0 107.940300,-7.165700,0 107.940700,-7.165700,0 107.940800,-7.165600,0 107.940800,-7.165400,0 107.940500,-7.165000,0 107.940600,-7.164900,0 107.940800,-7.165000,0 107.941100,-7.165000,0 107.941300,-7.164800,0 107.942100,-7.164500,0 107.942200,-7.164400,0 107.943200,-7.164400,0 107.943500,-7.164600,0 107.943300,-7.164700,0 107.943000,-7.164500,0 107.942700,-7.164500,0 107.942200,-7.164800,0 107.942200,-7.164900,0 107.942600,-7.165200,0 107.942800,-7.165300,0 107.943100,-7.165300,0 107.943600,-7.164900,0 107.943900,-7.164900,0 107.943900,-7.164800,0 107.944000,-7.164800,0 107.944100,-7.164600,0 107.944200,-7.164600,0 107.944400,-7.164400,0 107.944700,-7.164500,0 107.944600,-7.164800,0</coordinates></LinearRing></outerBoundaryIs></Polygon><Polygon><tessellate>1</tessellate><outerBoundaryIs><LinearRing><coordinates>107.947300,-7.163800,0 107.947400,-7.163800,0 107.947500,-7.163600,0 107.947800,-7.163600,0 107.947800,-7.163700,0 107.948000,-7.163800,0 107.948000,-7.164100,0 107.948300,-7.164300,0 107.948200,-7.164500,0 107.947700,-7.164300,0 107.947600,-7.164500,0 107.947600,-7.164400,0 107.947400,-7.164300,0 107.947400,-7.164400,0 107.947200,-7.164300,0 107.947200,-7.164600,0 107.946800,-7.164800,0 107.946400,-7.165200,0 107.946400,-7.165300,0 107.946000,-7.165400,0 107.945700,-7.165600,0 107.945400,-7.165100,0 107.945500,-7.164800,0 107.945800,-7.164500,0 107.946000,-7.164500,0 107.946400,-7.164100,0 107.946500,-7.164100,0 107.946600,-7.163900,0 107.946400,-7.163700,0 107.946700,-7.163500,0 107.946900,-7.163700,0 107.947200,-7.163700,0 107.947300,-7.163800,0</coordinates></LinearRing></outerBoundaryIs></Polygon><Polygon><tessellate>1</tessellate><outerBoundaryIs><LinearRing><coordinates>107.931700,-7.164400,0 107.931500,-7.164800,0 107.931600,-7.165200,0 107.931700,-7.165300,0 107.931600,-7.165400,0 107.931500,-7.165400,0 107.931400,-7.165100,0 107.931000,-7.165300,0 107.930800,-7.165300,0 107.930400,-7.165600,0 107.930600,-7.165900,0 107.931000,-7.165800,0 107.931100,-7.166500,0 107.930800,-7.166700,0 107.930800,-7.167200,0 107.931100,-7.167200,0 107.931300,-7.167100,0 107.931400,-7.167700,0 107.931100,-7.167900,0 107.930100,-7.169000,0 107.929900,-7.168500,0 107.929900,-7.168000,0 107.929200,-7.167400,0 107.929100,-7.167000,0 107.929200,-7.167000,0 107.929200,-7.166900,0 107.929600,-7.166500,0 107.929900,-7.166300,0 107.930000,-7.166100,0 107.930000,-7.165100,0 107.929900,-7.164800,0 107.930300,-7.164800,0 107.930700,-7.164600,0 107.931300,-7.164500,0 107.931600,-7.163900,0 107.931700,-7.163900,0 107.931800,-7.163600,0 107.932100,-7.163400,0 107.932400,-7.163000,0 107.932300,-7.163400,0 107.931700,-7.164400,0</coordinates></LinearRing></outerBoundaryIs></Polygon><Polygon><tessellate>1</tessellate><outerBoundaryIs><LinearRing><coordinates>107.950200,-7.162500,0 107.950200,-7.162700,0 107.950400,-7.162700,0 107.950700,-7.163100,0 107.950800,-7.163100,0 107.951400,-7.163600,0 107.951700,-7.164200,0 107.951700,-7.164400,0 107.951500,-7.164400,0 107.951600,-7.165300,0 107.951400,-7.165500,0 107.951100,-7.165400,0 107.950800,-7.165500,0 107.950800,-7.165600,0 107.950700,-7.165600,0 107.950600,-7.165800,0 107.950300,-7.166000,0 107.950300,-7.165800,0 107.950100,-7.165800,0 107.950100,-7.166000,0 107.949700,-7.165700,0 107.949700,-7.165500,0 107.949500,-7.165300,0 107.949100,-7.165100,0 107.949100,-7.165000,0 107.948800,-7.164900,0 107.948800,-7.164300,0 107.949700,-7.164500,0 107.950100,-7.164700,0 107.950700,-7.164700,0 107.950700,-7.164400,0 107.950800,-7.164400,0 107.950900,-7.163900,0 107.950500,-7.163200,0 107.950100,-7.162900,0 107.950000,-7.162900,0 107.949900,-7.162600,0 107.949900,-7.162100,0 107.949800,-7.161900,0 107.949900,-7.161800,0 107.949900,-7.161600,0 107.950100,-7.161700,0 107.950100,-7.162200,0 107.950200,-7.162500,0</coordinates></LinearRing></outerBoundaryIs></Polygon></MultiGeometry></Placemark><Placemark><name>DI Cipacing</name><styleUrl>#w2</styleUrl><description><![CDATA[<table><tr><td>Luas</td><td align='right'><b>280,0000</b> ha</td></tr><tr><td>Luas</td><td align='right'><b>2.800.000</b> m²</td></tr><tr><td>Keliling</td><td align='right'><b>53.359</b> m</td></tr><tr><td>Tinggi rata-rata</td><td align='right'><b>522,0</b> m dpl</td></tr><tr><td>Rezim</td><td align='right'><b>FL</b> </td></tr><tr><td>Kebutuhan air</td><td align='right'><b>673.283</b> m³</td></tr><tr><td>Kebutuhan air</td><td align='right'><b>240</b> mm</td></tr><tr><td>Debit</td><td align='right'><b>85,63</b> l/detik</td></tr><tr><td>NFR</td><td align='right'><b>1,72</b> mm/hari</td></tr><tr><td>Water loss</td><td align='right'><b>3.983.195</b> m³</td></tr><tr><td>Water loss</td><td align='right'><b>1.423</b> mm</td></tr></table>]]></description><MultiGeometry><Polygon><tessellate>1</tessellate><outerBoundaryIs><LinearRing><coordinates>107.984100,-7.068100,0 107.984100,-7.068300,0 107.984300,-7.068300,0 107.984400,-7.068400,0 107.984400,-7.069100,0 107.984300,-7.069200,0 107.984200,-7.070000,0 107.984100,-7.070200,0 107.983900,-7.070200,0 107.984000,-7.069800,0 107.983800,-7.069800,0 107.983700,-7.069700,0 107.983700,-7.069600,0 107.983800,-7.069600,0 107.983800,-7.069400,0 107.983600,-7.069500,0 107.983700,-7.069600,0 107.983500,-7.069600,0 107.983500,-7.069300,0 107.983400,-7.069300,0 107.983400,-7.069500,0 107.983200,-7.069500,0 107.983200,-7.069400,0 107.983300,-7.069400,0 107.983200,-7.069200,0 107.982900,-7.069200,0 107.982900,-7.068700,0 107.983000,-7.068700,0 107.983100,-7.068400,0 107.983600,-7.068300,0 107.983600,-7.068200,0 107.983800,-7.068200,0 107.983700,-7.068000,0 107.984000,-7.068000,0 107.984000,-7.068100,0 107.984100,-7.068100,0</coordinates></LinearRing></outerBoundaryIs></Polygon><Polygon><tessellate>1</tessellate><outerBoundaryIs><LinearRing><coordinates>107.986900,-7.066600,0 107.987000,-7.066600,0 107.987000,-7.067100,0 107.987100,-7.067300,0 107.987000,-7.067400,0 107.986800,-7.067400,0 107.986700,-7.067300,0 107.986700,-7.067100,0 107.986800,-7.067000,0 107.986800,-7.066800,0 107.986700,-7.066800,0 107.986700,-7.066500,0 107.986900,-7.066500,0 107.986900,-7.066600,0</coordinates></LinearRing></outerBoundaryIs></Polygon><Polygon><tessellate>1</tessellate><outerBoundaryIs><LinearRing><coordinates>107.983300,-7.066200,0 107.983400,-7.066300,0 107.983400,-7.066100,0 107.983500,-7.066100,0 107.983500,-7.066300,0 107.983700,-7.066400,0 107.983200,-7.066600,0 107.983200,-7.066700,0 107.983000,-7.066700,0 107.982900,-7.066600,0 107.983000,-7.066000,0 107.983300,-7.066000,0 107.983300,-7.066200,0</coordinates></LinearRing></outerBoundaryIs></Polygon><Polygon><tessellate>1</tessellate><outerBoundaryIs><LinearRing><coordinates>107.984400,-7.066000,0 107.984400,-7.066100,0 107.985200,-7.066000,0 107.985400,-7.065800,0 107.985500,-7.065800,0 107.985500,-7.065700,0 107.985700,-7.065700,0 107.986100,-7.065200,0 107.986600,-7.065300,0 107.986600,-7.065400,0 107.986900,-7.065400,0 107.986900,-7.065500,0 107.987000,-7.065500,0 107.987000,-7.065800,0 107.986900,-7.065800,0 107.986900,-7.065900,0 107.987000,-7.065900,0 107.987000,-7.066300,0 107.986900,-7.066300,0 107.986800,-7.066100,0 107.986700,-7.066100,0 107.986700,-7.066200,0 107.986200,-7.066200,0 107.985700,-7.066400,0 107.985300,-7.066600,0 107.985300,-7.066700,0 107.984800,-7.067000,0 107.984800,-7.067100,0 107.984500,-7.067400,0 107.984400,-7.066800,0 107.984200,-7.066800,0 107.984100,-7.066900,0 107.984100,-7.067100,0 107.984000,-7.067100,0 107.984000,-7.067300,0 107.983800,-7.067300,0 107.983800,-7.067200,0 107.983700,-7.067200,0 107.983900,-7.066800,0 107.984000,-7.066800,0 107.984000,-7.066700,0 107.984300,-7.066700,0 107.984300,-7.066600,0 107.984100,-7.066600,0 107.984200,-7.066400,0 107.984300,-7.066400,0 107.984300,-7.066100,0 107.984200,-7.066000,0 107.984300,-7.066000,0 107.984300,-7.065700,0 107.984200,-7.065700,0 107.984200,-7.065600,0 107.984400,-7.065500,0 107.984300,-7.065500,0 107.984300,-7.065300,0 107.984200,-7.065300,0 107.984200,-7.065200,0 107.984500,-7.065200,0 107.984400,-7.066000,0</coordinates></LinearRing></outerBoundaryIs></Polygon><Polygon><tessellate>1</tessellate><outerBoundaryIs><LinearRing><coordinates>107.989500,-7.065800,0 107.989300,-7.065800,0 107.989000,-7.065200,0 107.989400,-7.064800,0 107.989500,-7.064600,0 107.989400,-7.064400,0 107.989600,-7.064500,0 107.989600,-7.064600,0 107.989500,-7.064600,0 107.989600,-7.065100,0 107.989800,-7.065200,0 107.989800,-7.065300,0 107.990000,-7.065300,0 107.990000,-7.065500,0 107.989900,-7.065600,0 107.989500,-7.065800,0</coordinates></LinearRing></outerBoundaryIs></Polygon><Polygon><tessellate>1</tessellate><outerBoundaryIs><LinearRing><coordinates>107.982000,-7.062400,0 107.982100,-7.062400,0 107.982100,-7.062500,0 107.982700,-7.062800,0 107.982900,-7.063000,0 107.983200,-7.063000,0 107.983200,-7.063100,0 107.983300,-7.063100,0 107.983400,-7.063500,0 107.983600,-7.063500,0 107.983500,-7.063700,0 107.983300,-7.063700,0 107.983300,-7.063800,0 107.983400,-7.063800,0 107.983400,-7.064300,0 107.983100,-7.064300,0 107.982900,-7.064200,0 107.982900,-7.063900,0 107.982700,-7.063800,0 107.982600,-7.063600,0 107.982300,-7.063500,0 107.982300,-7.063200,0 107.981900,-7.062800,0 107.981400,-7.062600,0 107.981300,-7.062300,0 107.981700,-7.062400,0 107.981600,-7.062100,0 107.981800,-7.062000,0 107.982000,-7.062400,0</coordinates></LinearRing></outerBoundaryIs></Polygon><Polygon><tessellate>1</tessellate><outerBoundaryIs><LinearRing><coordinates>107.994300,-7.060900,0 107.994300,-7.061000,0 107.994200,-7.060900,0 107.993900,-7.061300,0 107.993800,-7.061300,0 107.993600,-7.061800,0 107.993600,-7.062200,0 107.993700,-7.062400,0 107.994200,-7.062400,0 107.994300,-7.062000,0 107.995400,-7.062200,0 107.995600,-7.062500,0 107.995800,-7.062900,0 107.995500,-7.063500,0 107.994900,-7.063500,0 107.994500,-7.063800,0 107.994600,-7.064200,0 107.995100,-7.064300,0 107.995200,-7.063700,0 107.995700,-7.063800,0 107.995700,-7.063900,0 107.995600,-7.063900,0 107.995600,-7.064100,0 107.995300,-7.064700,0 107.995100,-7.064800,0 107.995100,-7.065000,0 107.995000,-7.065100,0 107.995200,-7.065200,0 107.995200,-7.065400,0 107.995300,-7.065600,0 107.995400,-7.065600,0 107.995400,-7.065900,0 107.995600,-7.065900,0 107.995600,-7.066000,0 107.995400,-7.066300,0 107.995500,-7.066500,0 107.995300,-7.066600,0 107.995200,-7.067000,0 107.995000,-7.067100,0 107.995000,-7.067200,0 107.995200,-7.067400,0 107.995200,-7.068400,0 107.995100,-7.068400,0 107.995100,-7.068700,0 107.995000,-7.068800,0 107.994800,-7.068700,0 107.994800,-7.069200,0 107.994400,-7.069400,0 107.994500,-7.069400,0 107.994500,-7.069600,0 107.994700,-7.069800,0 107.994500,-7.069900,0 107.994500,-7.070000,0 107.994400,-7.070000,0 107.994400,-7.070100,0 107.994200,-7.070100,0 107.994100,-7.070200,0 107.994100,-7.069900,0 107.994000,-7.069800,0 107.993800,-7.069800,0 107.993800,-7.069900,0 107.993600,-7.070000,0 107.993600,-7.070100,0 107.993700,-7.070100,0 107.993700,-7.070600,0 107.993800,-7.070600,0 107.993800,-7.070700,0 107.993700,-7.070700,0 107.993700,-7.070900,0 107.993500,-7.070900,0 107.993300,-7.070500,0 107.993100,-7.070500,0 107.993100,-7.070100,0 107.993000,-7.070100,0 107.993000,-7.069800,0 107.992600,-7.069700,0 107.992600,-7.069400,0 107.992400,-7.069300,0 107.992400,-7.069000,0 107.992300,-7.069000,0 107.992300,-7.068900,0 107.992100,-7.068800,0 107.992100,-7.068400,0 107.992200,-7.068400,0 107.992100,-7.068400,0 107.992100,-7.068100,0 107.991800,-7.068100,0 107.991800,-7.068300,0 107.991700,-7.068300,0 107.991700,-7.068400,0 107.991600,-7.068400,0 107.991600,-7.068200,0 107.991400,-7.068100,0 107.991400,-7.067900,0 107.991300,-7.067800,0 107.991400,-7.067600,0 107.991900,-7.067500,0 107.991900,-7.067600,0 107.992000,-7.067600,0 107.992000,-7.067800,0 107.992100,-7.067800,0 107.992100,-7.067600,0 107.992000,-7.067600,0 107.991900,-7.067300,0 107.991600,-7.067300,0 107.991600,-7.067400,0 107.991400,-7.067400,0 107.991300,-7.067500,0 107.991300,-7.067400,0 107.991200,-7.067400,0 107.991300,-7.067200,0 107.990900,-7.066800,0 107.990700,-7.066800,0 107.990700,-7.066700,0 107.990400,-7.066700,0 107.990400,-7.066600,0 107.990500,-7.066600,0 107.990600,-7.066200,0 107.990700,-7.066200,0 107.990700,-7.066100,0 107.990500,-7.066100,0 107.990500,-7.066000,0 107.990700,-7.066000,0 107.990700,-7.065900,0 107.990600,-7.065700,0 107.990400,-7.065700,0 107.990300,-7.065600,0 107.990300,-7.065100,0 107.990400,-7.065100,0 107.990100,-7.065100,0 107.989700,-7.064400,0 107.989600,-7.064400,0 107.989700,-7.064400,0 107.989500,-7.064100,0 107.989500,-7.063700,0 107.989600,-7.063700,0 107.989600,-7.063600,0 107.989800,-7.063500,0 107.990300,-7.063500,0 107.990500,-7.064100,0 107.990600,-7.064100,0 107.990600,-7.064200,0 107.990900,-7.064200,0 107.990900,-7.064300,0 107.991000,-7.064300,0 107.991100,-7.064200,0 107.991100,-7.063800,0 107.991200,-7.063800,0 107.991200,-7.063700,0 107.991100,-7.063700,0 107.991100,-7.063300,0 107.991000,-7.063300,0 107.990900,-7.063100,0 107.990900,-7.062900,0 107.991000,-7.062800,0 107.991000,-7.062400,0 107.991100,-7.062400,0 107.991100,-7.062300,0 107.991300,-7.062300,0 107.991300,-7.062600,0 107.991400,-7.062600,0 107.991400,-7.062200,0 107.991600,-7.062200,0 107.991800,-7.062300,0 107.991800,-7.062400,0 107.991900,-7.062400,0 107.991900,-7.062300,0 107.992500,-7.062100,0 107.992700,-7.061900,0 107.993000,-7.062000,0 107.993200,-7.061900,0 107.993300,-7.061800,0 107.993300,-7.061600,0 107.993500,-7.061200,0 107.993700,-7.061200,0 107.993800,-7.061100,0 107.993800,-7.060900,0 107.994100,-7.060500,0 107.994100,-7.060400,0 107.993900,-7.060300,0 107.994100,-7.060200,0 107.994600,-7.060600,0 107.994500,-7.060600,0 107.994400,-7.060900,0 107.994300,-7.060900,0</coordinates></LinearRing></outerBoundaryIs><innerBoundaryIs><LinearRing><coordinates>107.992500,-7.063000,0 107.992500,-7.063500,0 107.992200,-7.063500,0 107.992000,-7.063400,0 107.991800,-7.063600,0 107.991800,-7.063700,0 107.992800,-7.063800,0 107.992800,-7.063700,0 107.992900,-7.063700,0 107.992900,-7.063600,0 107.993000,-7.063600,0 107.993100,-7.063200,0 107.992500,-7.063000,0</coordinates></LinearRing></innerBoundaryIs><innerBoundaryIs><LinearRing><coordinates>107.993300,-7.064800,0 107.993200,-7.064900,0 107.993000,-7.064800,0 107.992600,-7.065000,0 107.992400,-7.065400,0 107.992500,-7.065400,0 107.992600,-7.065600,0 107.993000,-7.065900,0 107.993400,-7.065700,0 107.993500,-7.065400,0 107.993500,-7.064800,0 107.993300,-7.064800,0</coordinates></LinearRing></innerBoundaryIs><innerBoundaryIs><LinearRing><coordinates>107.991700,-7.066000,0 107.991200,-7.065800,0 107.991100,-7.066000,0 107.991200,-7.066000,0 107.991200,-7.066200,0 107.991600,-7.066400,0 107.991700,-7.066000,0</coordinates></LinearRing></innerBoundaryIs><innerBoundaryIs><LinearRing><coordinates>107.993700,-7.066700,0 107.993400,-7.066800,0 107.993300,-7.067000,0 107.993300,-7.067200,0 107.993500,-7.067500,0 107.993800,-7.067300,0 107.993700,-7.067300,0 107.993700,-7.067200,0 107.994100,-7.067100,0 107.994100,-7.067000,0 107.993800,-7.066700,0 107.993700,-7.066700,0</coordinates></LinearRing></innerBoundaryIs></Polygon><Polygon><tessellate>1</tessellate><outerBoundaryIs><LinearRing><coordinates>107.987800,-7.059300,0 107.988400,-7.059600,0 107.988400,-7.059700,0 107.988600,-7.059800,0 107.988500,-7.059800,0 107.988500,-7.060000,0 107.989100,-7.060000,0 107.989100,-7.059900,0 107.989300,-7.059900,0 107.989300,-7.059800,0 107.989400,-7.059800,0 107.989400,-7.059900,0 107.989600,-7.059800,0 107.989600,-7.059500,0 107.989700,-7.059500,0 107.989800,-7.059300,0 107.990000,-7.059400,0 107.990100,-7.059600,0 107.990500,-7.059400,0 107.990600,-7.059600,0 107.990200,-7.059900,0 107.990400,-7.060100,0 107.990400,-7.060000,0 107.990600,-7.059800,0 107.990700,-7.059800,0 107.990700,-7.059900,0 107.990900,-7.060000,0 107.990900,-7.060100,0 107.991100,-7.060100,0 107.991100,-7.060200,0 107.991200,-7.060200,0 107.991300,-7.060000,0 107.991600,-7.060000,0 107.991800,-7.060100,0 107.991800,-7.060400,0 107.991700,-7.060500,0 107.991600,-7.061000,0 107.991500,-7.061000,0 107.991400,-7.061200,0 107.991000,-7.061200,0 107.990700,-7.061400,0 107.990500,-7.061400,0 107.989500,-7.060900,0 107.989200,-7.060800,0 107.988700,-7.060800,0 107.988600,-7.060700,0 107.988100,-7.060600,0 107.988000,-7.060500,0 107.988100,-7.060300,0 107.988000,-7.060200,0 107.987800,-7.060300,0 107.987700,-7.060200,0 107.988000,-7.060000,0 107.987500,-7.059600,0 107.987600,-7.059500,0 107.987500,-7.059400,0 107.987400,-7.059400,0 107.987400,-7.059500,0 107.987300,-7.059300,0 107.987600,-7.059200,0 107.987800,-7.059300,0</coordinates></LinearRing></outerBoundaryIs></Polygon><Polygon><tessellate>1</tessellate><outerBoundaryIs><LinearRing><coordinates>107.987600,-7.059200,0 107.987300,-7.059300,0 107.987200,-7.059200,0 107.987500,-7.059100,0 107.987600,-7.059200,0</coordinates></LinearRing></outerBoundaryIs></Polygon><Polygon><tessellate>1</tessellate><outerBoundaryIs><LinearRing><coordinates>107.989600,-7.059400,0 107.989600,-7.059600,0 107.989500,-7.059600,0 107.989500,-7.059700,0 107.989400,-7.059500,0 107.989200,-7.059500,0 107.989100,-7.059600,0 107.989100,-7.059800,0 107.988800,-7.059800,0 107.988700,-7.059700,0 107.988800,-7.059700,0 107.988800,-7.059600,0 107.989000,-7.059600,0 107.989000,-7.059400,0 107.989100,-7.059300,0 107.989200,-7.059400,0 107.989600,-7.059300,0 107.989600,-7.059200,0 107.989700,-7.059200,0 107.989700,-7.059100,0 107.989600,-7.059100,0 107.989600,-7.058700,0 107.989800,-7.058700,0 107.990000,-7.059100,0 107.989800,-7.059100,0 107.989800,-7.059200,0 107.989600,-7.059400,0</coordinates></LinearRing></outerBoundaryIs></Polygon><Polygon><tessellate>1</tessellate><outerBoundaryIs><LinearRing><coordinates>107.989200,-7.057400,0 107.988900,-7.057400,0 107.988900,-7.057100,0 107.989000,-7.057100,0 107.989000,-7.057000,0 107.989400,-7.057000,0 107.989400,-7.057400,0 107.989200,-7.057400,0</coordinates></LinearRing></outerBoundaryIs></Polygon><Polygon><tessellate>1</tessellate><outerBoundaryIs><LinearRing><coordinates>107.991000,-7.052900,0 107.991000,-7.053100,0 107.991300,-7.053400,0 107.991200,-7.053600,0 107.990800,-7.053500,0 107.990800,-7.053600,0 107.990600,-7.053600,0 107.990600,-7.053800,0 107.990500,-7.053900,0 107.990200,-7.053900,0 107.990200,-7.053800,0 107.990000,-7.053700,0 107.990000,-7.053300,0 107.990100,-7.053300,0 107.990100,-7.053200,0 107.990600,-7.053000,0 107.990900,-7.052700,0 107.991000,-7.052700,0 107.991000,-7.052900,0</coordinates></LinearRing></outerBoundaryIs></Polygon><Polygon><tessellate>1</tessellate><outerBoundaryIs><LinearRing><coordinates>107.986300,-7.052200,0 107.986500,-7.052800,0 107.986700,-7.052900,0 107.986700,-7.053000,0 107.987000,-7.053100,0 107.987100,-7.053300,0 107.987700,-7.053500,0 107.987800,-7.053400,0 107.988000,-7.053500,0 107.988000,-7.053300,0 107.988200,-7.053200,0 107.988400,-7.053300,0 107.988400,-7.053500,0 107.988200,-7.053600,0 107.988200,-7.054100,0 107.987900,-7.054100,0 107.988100,-7.054500,0 107.988200,-7.054400,0 107.988600,-7.054500,0 107.988700,-7.054100,0 107.988500,-7.053900,0 107.988500,-7.053600,0 107.988700,-7.053300,0 107.988900,-7.053300,0 107.989200,-7.053500,0 107.989200,-7.053300,0 107.989900,-7.053200,0 107.989800,-7.053500,0 107.989100,-7.054100,0 107.989200,-7.054200,0 107.989300,-7.054600,0 107.989400,-7.054600,0 107.989400,-7.054900,0 107.989000,-7.054900,0 107.989000,-7.055000,0 107.988800,-7.055000,0 107.988600,-7.055400,0 107.988800,-7.055500,0 107.988700,-7.055600,0 107.988600,-7.055600,0 107.988600,-7.055500,0 107.988500,-7.055600,0 107.988400,-7.055500,0 107.988200,-7.055500,0 107.988200,-7.055400,0 107.988000,-7.055500,0 107.988000,-7.055400,0 107.987700,-7.055300,0 107.987000,-7.055200,0 107.987000,-7.055100,0 107.986900,-7.055100,0 107.986900,-7.055000,0 107.986700,-7.054800,0 107.986000,-7.054800,0 107.986400,-7.053200,0 107.986300,-7.053100,0 107.986300,-7.052700,0 107.986200,-7.052700,0 107.986100,-7.052500,0 107.985900,-7.052600,0 107.985800,-7.052500,0 107.985800,-7.052200,0 107.985900,-7.052300,0 107.986000,-7.052100,0 107.986300,-7.052100,0 107.986300,-7.052200,0</coordinates></LinearRing></outerBoundaryIs></Polygon><Polygon><tessellate>1</tessellate><outerBoundaryIs><LinearRing><coordinates>107.987500,-7.057300,0 107.987100,-7.057300,0 107.987500,-7.057300,0 107.987400,-7.057900,0 107.987100,-7.058300,0 107.987100,-7.058600,0 107.986100,-7.058500,0 107.986400,-7.058600,0 107.986100,-7.059200,0 107.986200,-7.059200,0 107.986200,-7.059400,0 107.986500,-7.059700,0 107.986600,-7.060400,0 107.986800,-7.060500,0 107.986800,-7.060400,0 107.987000,-7.060300,0 107.987200,-7.060300,0 107.987400,-7.060500,0 107.987600,-7.060500,0 107.987600,-7.060700,0 107.987900,-7.060700,0 107.987900,-7.060500,0 107.988500,-7.060800,0 107.988400,-7.061200,0 107.988300,-7.061300,0 107.988400,-7.062200,0 107.988200,-7.062700,0 107.988000,-7.062800,0 107.988200,-7.062900,0 107.988300,-7.062900,0 107.988300,-7.062800,0 107.988500,-7.062900,0 107.988600,-7.062800,0 107.989200,-7.061500,0 107.989700,-7.061000,0 107.990400,-7.061500,0 107.990700,-7.061500,0 107.990800,-7.061400,0 107.990900,-7.061600,0 107.991000,-7.061400,0 107.991200,-7.061300,0 107.991700,-7.061400,0 107.991800,-7.061600,0 107.992000,-7.061700,0 107.992000,-7.061800,0 107.991600,-7.062000,0 107.991600,-7.061800,0 107.991700,-7.061700,0 107.991300,-7.061500,0 107.991300,-7.061400,0 107.991200,-7.061400,0 107.991200,-7.062000,0 107.991000,-7.062100,0 107.990900,-7.062600,0 107.990800,-7.062600,0 107.990600,-7.062900,0 107.990700,-7.063000,0 107.990700,-7.063100,0 107.990600,-7.063100,0 107.990600,-7.063400,0 107.989700,-7.063400,0 107.989700,-7.063500,0 107.989600,-7.063500,0 107.989500,-7.063700,0 107.989400,-7.063700,0 107.989400,-7.063900,0 107.989300,-7.063900,0 107.989300,-7.064000,0 107.989400,-7.064000,0 107.989400,-7.064600,0 107.989200,-7.064800,0 107.989300,-7.064400,0 107.989200,-7.064400,0 107.989200,-7.064200,0 107.989000,-7.064200,0 107.989000,-7.064400,0 107.988800,-7.064700,0 107.989100,-7.064800,0 107.989100,-7.064900,0 107.989000,-7.065000,0 107.988800,-7.065000,0 107.988800,-7.065200,0 107.989000,-7.065300,0 107.989200,-7.065800,0 107.988900,-7.065900,0 107.988600,-7.066200,0 107.988800,-7.066300,0 107.988800,-7.066400,0 107.988900,-7.066300,0 107.989100,-7.066300,0 107.989100,-7.066400,0 107.989200,-7.066400,0 107.988900,-7.066600,0 107.988700,-7.066600,0 107.988700,-7.066800,0 107.988500,-7.066800,0 107.988600,-7.066700,0 107.988600,-7.066400,0 107.988500,-7.066400,0 107.988400,-7.066200,0 107.988000,-7.066300,0 107.988000,-7.066400,0 107.988100,-7.066400,0 107.988300,-7.066600,0 107.988300,-7.066700,0 107.987800,-7.066700,0 107.987800,-7.066800,0 107.987600,-7.066800,0 107.987600,-7.067000,0 107.987500,-7.067000,0 107.987500,-7.067100,0 107.987200,-7.067200,0 107.987200,-7.066600,0 107.987100,-7.066200,0 107.987300,-7.066100,0 107.987400,-7.066200,0 107.987500,-7.065800,0 107.987700,-7.065800,0 107.987700,-7.065600,0 107.987600,-7.065500,0 107.987700,-7.065400,0 107.987700,-7.065000,0 107.987900,-7.064900,0 107.987800,-7.064700,0 107.987600,-7.064600,0 107.987600,-7.064700,0 107.987400,-7.064600,0 107.987400,-7.064500,0 107.987200,-7.064500,0 107.987200,-7.064800,0 107.987100,-7.064900,0 107.987000,-7.064800,0 107.986800,-7.064800,0 107.986600,-7.065200,0 107.986300,-7.065200,0 107.986100,-7.065100,0 107.986100,-7.065000,0 107.985700,-7.065000,0 107.985800,-7.064800,0 107.985700,-7.064800,0 107.985700,-7.064900,0 107.985600,-7.064800,0 107.985500,-7.064900,0 107.985300,-7.064800,0 107.985200,-7.065000,0 107.985000,-7.064900,0 107.985100,-7.064500,0 107.984800,-7.064200,0 107.984900,-7.064000,0 107.984600,-7.064000,0 107.984600,-7.063600,0 107.984400,-7.063600,0 107.984400,-7.063700,0 107.984300,-7.063700,0 107.984300,-7.063900,0 107.984100,-7.063800,0 107.984200,-7.063700,0 107.984200,-7.063400,0 107.984100,-7.063200,0 107.984000,-7.063200,0 107.983900,-7.062800,0 107.983700,-7.062700,0 107.983700,-7.062600,0 107.983600,-7.062700,0 107.983400,-7.062600,0 107.983400,-7.062900,0 107.982900,-7.062900,0 107.982200,-7.062500,0 107.982100,-7.062300,0 107.982000,-7.062300,0 107.981900,-7.062000,0 107.981800,-7.062000,0 107.981600,-7.061800,0 107.981600,-7.061700,0 107.981400,-7.061500,0 107.981200,-7.061000,0 107.981100,-7.061000,0 107.981100,-7.060900,0 107.980900,-7.060800,0 107.980800,-7.060400,0 107.980600,-7.060400,0 107.980200,-7.059900,0 107.979600,-7.059800,0 107.979600,-7.059300,0 107.979400,-7.059000,0 107.979700,-7.058900,0 107.979700,-7.058700,0 107.979600,-7.058700,0 107.979500,-7.058900,0 107.979300,-7.058900,0 107.979300,-7.058800,0 107.979400,-7.058600,0 107.979500,-7.058600,0 107.979500,-7.058300,0 107.979600,-7.058300,0 107.979600,-7.058200,0 107.980000,-7.058100,0 107.980000,-7.058000,0 107.980100,-7.058000,0 107.980100,-7.058100,0 107.980300,-7.058100,0 107.980300,-7.058000,0 107.980600,-7.058000,0 107.980800,-7.058100,0 107.980900,-7.057800,0 107.981800,-7.057900,0 107.981500,-7.058200,0 107.982300,-7.058300,0 107.982600,-7.058400,0 107.982600,-7.058500,0 107.982900,-7.058500,0 107.982900,-7.058600,0 107.983100,-7.058600,0 107.983100,-7.058500,0 107.984300,-7.058500,0 107.984300,-7.058400,0 107.984500,-7.058400,0 107.984500,-7.057800,0 107.984800,-7.057600,0 107.984800,-7.057500,0 107.985300,-7.057500,0 107.985200,-7.057500,0 107.985300,-7.056900,0 107.984800,-7.056800,0 107.984700,-7.057400,0 107.983500,-7.057200,0 107.983500,-7.056900,0 107.982700,-7.056800,0 107.982600,-7.057100,0 107.982500,-7.057100,0 107.982400,-7.057300,0 107.982000,-7.057200,0 107.981900,-7.057300,0 107.981700,-7.057300,0 107.981700,-7.057600,0 107.981800,-7.057600,0 107.981800,-7.057800,0 107.981100,-7.057700,0 107.981100,-7.057400,0 107.980800,-7.057200,0 107.980600,-7.056900,0 107.980600,-7.056600,0 107.980400,-7.056400,0 107.980500,-7.055800,0 107.980600,-7.055700,0 107.980600,-7.055300,0 107.980800,-7.055100,0 107.980900,-7.055100,0 107.981000,-7.054900,0 107.981200,-7.054900,0 107.981200,-7.055000,0 107.981400,-7.054700,0 107.981200,-7.054500,0 107.981200,-7.054300,0 107.981400,-7.054400,0 107.982400,-7.053400,0 107.982500,-7.052800,0 107.982700,-7.052900,0 107.983100,-7.052900,0 107.983100,-7.052800,0 107.983200,-7.052800,0 107.983100,-7.052400,0 107.983200,-7.052100,0 107.983800,-7.051800,0 107.984400,-7.051900,0 107.984900,-7.052100,0 107.984900,-7.052200,0 107.985500,-7.052900,0 107.985500,-7.053000,0 107.985700,-7.053100,0 107.985700,-7.053200,0 107.986100,-7.053200,0 107.986200,-7.053300,0 107.986000,-7.054400,0 107.985900,-7.054500,0 107.985900,-7.054800,0 107.986000,-7.054800,0 107.986000,-7.054900,0 107.986700,-7.054900,0 107.987000,-7.055300,0 107.987300,-7.055200,0 107.987400,-7.055400,0 107.987700,-7.055400,0 107.987700,-7.055500,0 107.987900,-7.055500,0 107.987900,-7.055600,0 107.988300,-7.055600,0 107.988400,-7.055800,0 107.988800,-7.056000,0 107.988800,-7.056700,0 107.988900,-7.056800,0 107.988700,-7.056900,0 107.988700,-7.057000,0 107.988600,-7.057000,0 107.988600,-7.057200,0 107.988400,-7.057200,0 107.988400,-7.057000,0 107.988300,-7.057000,0 107.988300,-7.056900,0 107.988100,-7.056900,0 107.988100,-7.057000,0 107.987900,-7.057100,0 107.987800,-7.057300,0 107.987700,-7.057300,0 107.987700,-7.057400,0 107.987500,-7.057300,0</coordinates></LinearRing></outerBoundaryIs><innerBoundaryIs><LinearRing><coordinates>107.987100,-7.057200,0 107.986800,-7.057200,0 107.986700,-7.057300,0 107.986700,-7.057500,0 107.986700,-7.057300,0 107.987100,-7.057200,0</coordinates></LinearRing></innerBoundaryIs><innerBoundaryIs><LinearRing><coordinates>107.985900,-7.056100,0 107.986000,-7.055900,0 107.986200,-7.055900,0 107.986400,-7.055600,0 107.985900,-7.055500,0 107.985600,-7.056000,0 107.985900,-7.056100,0</coordinates></LinearRing></innerBoundaryIs><innerBoundaryIs><LinearRing><coordinates>107.985200,-7.055500,0 107.985400,-7.054800,0 107.984700,-7.054700,0 107.984100,-7.055000,0 107.984200,-7.055200,0 107.984100,-7.055200,0 107.984100,-7.055400,0 107.985000,-7.055400,0 107.985000,-7.055500,0 107.985200,-7.055500,0</coordinates></LinearRing></innerBoundaryIs><innerBoundaryIs><LinearRing><coordinates>107.984600,-7.058400,0 107.984600,-7.058700,0 107.984800,-7.058700,0 107.984800,-7.059100,0 107.985000,-7.059100,0 107.985000,-7.059200,0 107.985200,-7.058700,0 107.985500,-7.058700,0 107.985500,-7.058500,0 107.984500,-7.058400,0 107.984600,-7.058400,0</coordinates></LinearRing></innerBoundaryIs><innerBoundaryIs><LinearRing><coordinates>107.984300,-7.058800,0 107.984200,-7.058700,0 107.984100,-7.058800,0 107.984100,-7.059000,0 107.984000,-7.059000,0 107.984000,-7.059100,0 107.983800,-7.059300,0 107.983900,-7.059400,0 107.984200,-7.059200,0 107.984300,-7.058800,0</coordinates></LinearRing></innerBoundaryIs><innerBoundaryIs><LinearRing><coordinates>107.984900,-7.060000,0 107.984800,-7.060300,0 107.984900,-7.060400,0 107.985000,-7.060800,0 107.985100,-7.060800,0 107.985500,-7.060000,0 107.985300,-7.059800,0 107.984900,-7.060000,0</coordinates></LinearRing></innerBoundaryIs><innerBoundaryIs><LinearRing><coordinates>107.987500,-7.063300,0 107.986900,-7.063300,0 107.986300,-7.063500,0 107.986200,-7.063600,0 107.986400,-7.064000,0 107.987200,-7.064200,0 107.987500,-7.064000,0 107.988000,-7.064000,0 107.988000,-7.063800,0 107.987900,-7.063700,0 107.987700,-7.063700,0 107.987700,-7.063300,0 107.987500,-7.063300,0</coordinates></LinearRing></innerBoundaryIs></Polygon><Polygon><tessellate>1</tessellate><outerBoundaryIs><LinearRing><coordinates>107.990400,-7.051000,0 107.990400,-7.051000,0 107.990400,-7.051000,0 107.990400,-7.051000,0</coordinates></LinearRing></outerBoundaryIs></Polygon><Polygon><tessellate>1</tessellate><outerBoundaryIs><LinearRing><coordinates>107.981400,-7.050600,0 107.981500,-7.050700,0 107.981700,-7.050600,0 107.981800,-7.050700,0 107.981800,-7.051300,0 107.981900,-7.051600,0 107.982300,-7.052200,0 107.982400,-7.052100,0 107.982600,-7.052300,0 107.982500,-7.052500,0 107.982300,-7.052600,0 107.982000,-7.052600,0 107.981400,-7.052400,0 107.981200,-7.052600,0 107.981000,-7.052500,0 107.980700,-7.052600,0 107.980700,-7.052200,0 107.980600,-7.052200,0 107.980600,-7.052100,0 107.980400,-7.052200,0 107.980300,-7.051900,0 107.980400,-7.051800,0 107.980500,-7.052000,0 107.980600,-7.051900,0 107.980800,-7.052100,0 107.980900,-7.052000,0 107.980900,-7.051700,0 107.981000,-7.051500,0 107.980900,-7.051300,0 107.980300,-7.051000,0 107.980200,-7.050700,0 107.980800,-7.050400,0 107.981200,-7.050300,0 107.981400,-7.050600,0</coordinates></LinearRing></outerBoundaryIs></Polygon><Polygon><tessellate>1</tessellate><outerBoundaryIs><LinearRing><coordinates>107.994600,-7.049200,0 107.994600,-7.049400,0 107.995600,-7.049300,0 107.995600,-7.049400,0 107.995700,-7.049400,0 107.995700,-7.049300,0 107.995800,-7.049300,0 107.996100,-7.049900,0 107.996300,-7.050100,0 107.996200,-7.050300,0 107.996400,-7.050400,0 107.996400,-7.050500,0 107.996100,-7.050500,0 107.996000,-7.050700,0 107.995900,-7.050700,0 107.995900,-7.050800,0 107.995700,-7.050900,0 107.995700,-7.051000,0 107.995900,-7.051000,0 107.995900,-7.051200,0 107.996000,-7.051300,0 107.996000,-7.051600,0 107.995900,-7.051700,0 107.995700,-7.051700,0 107.995700,-7.051500,0 107.995800,-7.051500,0 107.995700,-7.051100,0 107.995600,-7.051200,0 107.995500,-7.051000,0 107.995000,-7.051000,0 107.995000,-7.050800,0 107.994900,-7.050700,0 107.994800,-7.050300,0 107.994700,-7.050200,0 107.994600,-7.050300,0 107.994400,-7.050300,0 107.994200,-7.049800,0 107.994000,-7.049800,0 107.994000,-7.049500,0 107.994300,-7.049500,0 107.994300,-7.049700,0 107.994700,-7.049700,0 107.994700,-7.049600,0 107.994600,-7.049600,0 107.994600,-7.049400,0 107.994400,-7.049400,0 107.994400,-7.049500,0 107.994400,-7.049400,0 107.994300,-7.049400,0 107.994300,-7.049300,0 107.994600,-7.049200,0</coordinates></LinearRing></outerBoundaryIs></Polygon><Polygon><tessellate>1</tessellate><outerBoundaryIs><LinearRing><coordinates>107.990400,-7.051000,0 107.990300,-7.051300,0 107.990700,-7.051200,0 107.990700,-7.051100,0 107.991100,-7.051100,0 107.991100,-7.051300,0 107.991000,-7.051300,0 107.991000,-7.051400,0 107.990800,-7.051500,0 107.990800,-7.051700,0 107.990900,-7.051700,0 107.990900,-7.052100,0 107.990800,-7.052100,0 107.990700,-7.051900,0 107.990600,-7.051900,0 107.990600,-7.052000,0 107.990700,-7.052000,0 107.990800,-7.052200,0 107.990700,-7.052400,0 107.989900,-7.052800,0 107.989600,-7.052300,0 107.988700,-7.052700,0 107.988300,-7.053000,0 107.988300,-7.053100,0 107.987900,-7.053200,0 107.987800,-7.053400,0 107.987500,-7.053300,0 107.987600,-7.053000,0 107.987100,-7.052700,0 107.987000,-7.052300,0 107.986900,-7.052300,0 107.986900,-7.052000,0 107.986800,-7.052000,0 107.986800,-7.052200,0 107.986500,-7.052300,0 107.986400,-7.052200,0 107.986300,-7.051600,0 107.986200,-7.051600,0 107.986100,-7.051400,0 107.985900,-7.051400,0 107.986000,-7.051000,0 107.985800,-7.051000,0 107.985700,-7.050900,0 107.985700,-7.050600,0 107.985600,-7.050500,0 107.985600,-7.049900,0 107.985700,-7.049800,0 107.985700,-7.049600,0 107.985600,-7.049600,0 107.985600,-7.049500,0 107.985300,-7.049500,0 107.985300,-7.049200,0 107.985400,-7.049200,0 107.985400,-7.049100,0 107.985800,-7.049300,0 107.985800,-7.049400,0 107.986400,-7.049400,0 107.986700,-7.049300,0 107.986900,-7.049500,0 107.986700,-7.049700,0 107.986700,-7.049800,0 107.986900,-7.049600,0 107.987000,-7.049600,0 107.987000,-7.049700,0 107.987400,-7.049700,0 107.987700,-7.049900,0 107.988200,-7.049900,0 107.988300,-7.049800,0 107.988600,-7.049800,0 107.988600,-7.049900,0 107.989200,-7.049900,0 107.989200,-7.050400,0 107.989400,-7.050500,0 107.989300,-7.050700,0 107.989300,-7.051000,0 107.989400,-7.051100,0 107.989500,-7.051000,0 107.989900,-7.051100,0 107.990000,-7.051000,0 107.990000,-7.050900,0 107.989800,-7.050800,0 107.989600,-7.050900,0 107.989800,-7.050500,0 107.989900,-7.050600,0 107.990300,-7.050600,0 107.990300,-7.050900,0 107.990400,-7.050900,0 107.990400,-7.051000,0</coordinates></LinearRing></outerBoundaryIs></Polygon><Polygon><tessellate>1</tessellate><outerBoundaryIs><LinearRing><coordinates>107.984000,-7.046700,0 107.983900,-7.046800,0 107.983700,-7.046800,0 107.983600,-7.046600,0 107.983700,-7.046500,0 107.983900,-7.046500,0 107.984000,-7.046700,0</coordinates></LinearRing></outerBoundaryIs></Polygon><Polygon><tessellate>1</tessellate><outerBoundaryIs><LinearRing><coordinates>107.982600,-7.046800,0 107.982800,-7.046700,0 107.983100,-7.046700,0 107.983000,-7.046700,0 107.983000,-7.046800,0 107.983200,-7.047000,0 107.983300,-7.047400,0 107.983500,-7.047300,0 107.983500,-7.047400,0 107.983600,-7.047200,0 107.983600,-7.047300,0 107.983800,-7.047200,0 107.983500,-7.047900,0 107.983300,-7.048000,0 107.983100,-7.048400,0 107.982900,-7.048300,0 107.983100,-7.047500,0 107.982700,-7.047500,0 107.982400,-7.047600,0 107.982200,-7.047500,0 107.982200,-7.047400,0 107.982100,-7.047400,0 107.982000,-7.047700,0 107.981900,-7.047700,0 107.981900,-7.047900,0 107.981800,-7.047900,0 107.981700,-7.048200,0 107.981200,-7.048200,0 107.981200,-7.047800,0 107.981100,-7.047700,0 107.981100,-7.047500,0 107.981500,-7.047000,0 107.981700,-7.047000,0 107.982100,-7.046700,0 107.981900,-7.046600,0 107.982000,-7.046400,0 107.982400,-7.046700,0 107.982600,-7.046700,0 107.982600,-7.046800,0</coordinates></LinearRing></outerBoundaryIs></Polygon><Polygon><tessellate>1</tessellate><outerBoundaryIs><LinearRing><coordinates>107.985800,-7.046500,0 107.985800,-7.047300,0 107.985700,-7.047700,0 107.985500,-7.048100,0 107.985300,-7.048200,0 107.985300,-7.049200,0 107.984900,-7.049400,0 107.984800,-7.049200,0 107.984300,-7.049500,0 107.983900,-7.049600,0 107.984000,-7.049800,0 107.984400,-7.049600,0 107.984500,-7.049700,0 107.983600,-7.050400,0 107.983600,-7.050600,0 107.983500,-7.050700,0 107.983100,-7.050900,0 107.982900,-7.050900,0 107.982400,-7.051200,0 107.982400,-7.051400,0 107.982300,-7.051500,0 107.982000,-7.051300,0 107.981900,-7.051100,0 107.981900,-7.050700,0 107.981600,-7.050500,0 107.981600,-7.050400,0 107.981800,-7.050400,0 107.981900,-7.050200,0 107.981800,-7.050000,0 107.982000,-7.050000,0 107.982000,-7.049800,0 107.982100,-7.049800,0 107.982200,-7.049400,0 107.982300,-7.049400,0 107.982900,-7.048800,0 107.982900,-7.048600,0 107.983000,-7.048600,0 107.983000,-7.048500,0 107.983200,-7.048500,0 107.983200,-7.048400,0 107.983600,-7.047900,0 107.984000,-7.047000,0 107.984300,-7.046700,0 107.984500,-7.046800,0 107.984700,-7.046500,0 107.984900,-7.046500,0 107.985000,-7.046600,0 107.985400,-7.046400,0 107.985400,-7.046300,0 107.985800,-7.046500,0</coordinates></LinearRing></outerBoundaryIs><innerBoundaryIs><LinearRing><coordinates>107.985100,-7.046600,0 107.985000,-7.047200,0 107.985200,-7.047200,0 107.985200,-7.046700,0 107.985100,-7.046600,0</coordinates></LinearRing></innerBoundaryIs><innerBoundaryIs><LinearRing><coordinates>107.984700,-7.047200,0 107.984500,-7.047200,0 107.984500,-7.047400,0 107.985300,-7.047900,0 107.985400,-7.047700,0 107.984900,-7.047200,0 107.984700,-7.047200,0</coordinates></LinearRing></innerBoundaryIs><innerBoundaryIs><LinearRing><coordinates>107.984300,-7.047800,0 107.984000,-7.047500,0 107.983700,-7.047900,0 107.983800,-7.048100,0 107.984000,-7.048000,0 107.984000,-7.047900,0 107.984300,-7.047800,0</coordinates></LinearRing></innerBoundaryIs></Polygon><Polygon><tessellate>1</tessellate><outerBoundaryIs><LinearRing><coordinates>107.994300,-7.046600,0 107.994400,-7.046800,0 107.994600,-7.046600,0 107.994700,-7.046700,0 107.994800,-7.046900,0 107.994700,-7.047200,0 107.994800,-7.047300,0 107.994800,-7.047500,0 107.995100,-7.047900,0 107.994700,-7.047800,0 107.994600,-7.048000,0 107.994600,-7.047900,0 107.994500,-7.047900,0 107.994500,-7.048100,0 107.994500,-7.048000,0 107.994200,-7.047600,0 107.994000,-7.047700,0 107.993900,-7.048300,0 107.993900,-7.048200,0 107.994000,-7.048300,0 107.994400,-7.048200,0 107.994500,-7.048400,0 107.994300,-7.048500,0 107.994300,-7.048600,0 107.994600,-7.048500,0 107.994700,-7.048500,0 107.994900,-7.048700,0 107.995000,-7.048600,0 107.995000,-7.048800,0 107.994900,-7.048800,0 107.995300,-7.048800,0 107.995300,-7.049000,0 107.995600,-7.049000,0 107.995600,-7.049200,0 107.994600,-7.049300,0 107.994700,-7.049100,0 107.994500,-7.049000,0 107.994400,-7.049000,0 107.994400,-7.049100,0 107.994200,-7.049000,0 107.994000,-7.049100,0 107.993800,-7.048800,0 107.993600,-7.048800,0 107.993600,-7.048600,0 107.993500,-7.048600,0 107.993400,-7.048400,0 107.993300,-7.048000,0 107.993500,-7.048000,0 107.993500,-7.047800,0 107.993800,-7.047700,0 107.993900,-7.047500,0 107.994100,-7.047400,0 107.993900,-7.047000,0 107.993800,-7.046300,0 107.994100,-7.046300,0 107.994200,-7.046200,0 107.994400,-7.046300,0 107.994500,-7.046500,0 107.994300,-7.046600,0</coordinates></LinearRing></outerBoundaryIs></Polygon><Polygon><tessellate>1</tessellate><outerBoundaryIs><LinearRing><coordinates>107.993700,-7.046800,0 107.993700,-7.047200,0 107.993800,-7.047300,0 107.993800,-7.047500,0 107.993600,-7.047600,0 107.993600,-7.047700,0 107.993300,-7.047800,0 107.992900,-7.048100,0 107.992900,-7.048200,0 107.993000,-7.048200,0 107.993200,-7.048400,0 107.993100,-7.048800,0 107.993000,-7.048800,0 107.993000,-7.049100,0 107.992800,-7.049100,0 107.992800,-7.049200,0 107.992700,-7.049200,0 107.992600,-7.049000,0 107.992500,-7.049200,0 107.992600,-7.049200,0 107.992600,-7.049500,0 107.992700,-7.049700,0 107.992900,-7.049600,0 107.992800,-7.049600,0 107.992800,-7.049400,0 107.993000,-7.049400,0 107.993000,-7.049500,0 107.993100,-7.049500,0 107.993100,-7.049600,0 107.993300,-7.049800,0 107.993500,-7.049800,0 107.993500,-7.049900,0 107.994700,-7.050500,0 107.994900,-7.050700,0 107.994900,-7.051000,0 107.994500,-7.050900,0 107.994600,-7.051300,0 107.994800,-7.051200,0 107.994800,-7.051100,0 107.994900,-7.051100,0 107.994900,-7.051000,0 107.995000,-7.051100,0 107.994900,-7.051100,0 107.994900,-7.051300,0 107.994800,-7.051300,0 107.994700,-7.051700,0 107.994500,-7.051800,0 107.994500,-7.052100,0 107.995000,-7.052000,0 107.995000,-7.051700,0 107.994900,-7.051600,0 107.994900,-7.051400,0 107.995000,-7.051400,0 107.995000,-7.051300,0 107.995100,-7.051500,0 107.995700,-7.051700,0 107.995800,-7.051800,0 107.995900,-7.051700,0 107.996000,-7.051800,0 107.996000,-7.052000,0 107.996100,-7.051900,0 107.996200,-7.052100,0 107.996400,-7.052000,0 107.996400,-7.052300,0 107.995800,-7.052700,0 107.995900,-7.052900,0 107.996100,-7.052800,0 107.996100,-7.052900,0 107.995400,-7.053500,0 107.995500,-7.053900,0 107.995400,-7.054000,0 107.995300,-7.053800,0 107.994700,-7.053900,0 107.994700,-7.053700,0 107.995200,-7.053600,0 107.995200,-7.053500,0 107.994600,-7.053600,0 107.994500,-7.053700,0 107.994500,-7.054100,0 107.995300,-7.054500,0 107.995300,-7.054700,0 107.995200,-7.054700,0 107.995200,-7.055100,0 107.995300,-7.055200,0 107.995500,-7.055200,0 107.995500,-7.055100,0 107.996300,-7.055100,0 107.996300,-7.055000,0 107.996500,-7.055000,0 107.996600,-7.055200,0 107.996300,-7.055500,0 107.996100,-7.055500,0 107.996000,-7.055300,0 107.995700,-7.055300,0 107.995600,-7.055500,0 107.995400,-7.055500,0 107.995400,-7.055600,0 107.995100,-7.055900,0 107.995200,-7.056200,0 107.995100,-7.056300,0 107.995200,-7.056400,0 107.995400,-7.056300,0 107.995400,-7.056500,0 107.995200,-7.056500,0 107.995200,-7.056700,0 107.995600,-7.056700,0 107.995600,-7.056300,0 107.995700,-7.056300,0 107.995900,-7.056100,0 107.995900,-7.056000,0 107.996100,-7.056000,0 107.996300,-7.056300,0 107.996400,-7.056300,0 107.996400,-7.056800,0 107.996600,-7.056800,0 107.996800,-7.057200,0 107.996600,-7.057400,0 107.996600,-7.057500,0 107.996400,-7.057500,0 107.996400,-7.057400,0 107.996000,-7.057400,0 107.995500,-7.057800,0 107.995400,-7.058000,0 107.995600,-7.058300,0 107.995700,-7.058300,0 107.995700,-7.058500,0 107.995000,-7.059000,0 107.995000,-7.059300,0 107.994500,-7.059300,0 107.994500,-7.059200,0 107.994600,-7.059200,0 107.994700,-7.059000,0 107.994200,-7.059000,0 107.994100,-7.058900,0 107.993900,-7.059000,0 107.994200,-7.059200,0 107.994200,-7.059300,0 107.994100,-7.059300,0 107.994100,-7.059400,0 107.993900,-7.059400,0 107.993600,-7.059100,0 107.993600,-7.058800,0 107.994000,-7.058700,0 107.994000,-7.058600,0 107.994100,-7.058600,0 107.994000,-7.058200,0 107.994100,-7.057800,0 107.994100,-7.057200,0 107.993900,-7.057000,0 107.993800,-7.057000,0 107.993700,-7.056800,0 107.993600,-7.057000,0 107.992800,-7.057000,0 107.992700,-7.057100,0 107.992600,-7.057300,0 107.992900,-7.057000,0 107.993800,-7.057100,0 107.993800,-7.057200,0 107.993900,-7.057200,0 107.993900,-7.058500,0 107.993700,-7.058600,0 107.993700,-7.058700,0 107.993500,-7.058900,0 107.993600,-7.059300,0 107.994100,-7.059800,0 107.994100,-7.060000,0 107.993900,-7.060200,0 107.993900,-7.060000,0 107.993700,-7.059700,0 107.993500,-7.059800,0 107.993100,-7.059300,0 107.992900,-7.059300,0 107.992900,-7.059600,0 107.993000,-7.059700,0 107.992900,-7.059900,0 107.992700,-7.060000,0 107.992700,-7.060200,0 107.992500,-7.060300,0 107.992500,-7.060100,0 107.992300,-7.060100,0 107.992400,-7.060300,0 107.991900,-7.060400,0 107.991900,-7.060100,0 107.991700,-7.060000,0 107.991600,-7.059800,0 107.990900,-7.059800,0 107.990700,-7.059400,0 107.990300,-7.059200,0 107.989800,-7.058500,0 107.989800,-7.058400,0 107.989400,-7.058400,0 107.989400,-7.059100,0 107.989300,-7.059100,0 107.989300,-7.059200,0 107.989000,-7.059200,0 107.988800,-7.059100,0 107.988800,-7.058700,0 107.988900,-7.058600,0 107.988900,-7.058400,0 107.989000,-7.058400,0 107.989000,-7.058200,0 107.988700,-7.058200,0 107.988500,-7.058400,0 107.988400,-7.058400,0 107.988600,-7.058800,0 107.988500,-7.059000,0 107.988300,-7.059100,0 107.988300,-7.059400,0 107.988100,-7.059400,0 107.987900,-7.059300,0 107.987900,-7.059200,0 107.987800,-7.059200,0 107.987800,-7.058700,0 107.987300,-7.058700,0 107.987300,-7.058400,0 107.987500,-7.058300,0 107.987500,-7.058200,0 107.987600,-7.058200,0 107.987600,-7.058000,0 107.987700,-7.058000,0 107.987900,-7.057200,0 107.988200,-7.057000,0 107.988300,-7.057100,0 107.988300,-7.057300,0 107.988400,-7.057300,0 107.988400,-7.057700,0 107.988500,-7.057700,0 107.988600,-7.057900,0 107.988800,-7.057900,0 107.988900,-7.057700,0 107.989000,-7.057700,0 107.989000,-7.057800,0 107.989500,-7.057700,0 107.989600,-7.057500,0 107.989600,-7.057100,0 107.990200,-7.056800,0 107.990300,-7.056400,0 107.990500,-7.056300,0 107.990500,-7.056200,0 107.990600,-7.056200,0 107.990600,-7.055600,0 107.990500,-7.055600,0 107.990500,-7.055500,0 107.990300,-7.055400,0 107.990300,-7.054900,0 107.990500,-7.054900,0 107.990000,-7.054500,0 107.989500,-7.054300,0 107.989500,-7.054000,0 107.989600,-7.053800,0 107.989700,-7.053900,0 107.989700,-7.053700,0 107.989900,-7.053800,0 107.989900,-7.053900,0 107.989800,-7.053900,0 107.989900,-7.054100,0 107.990100,-7.054100,0 107.990200,-7.054000,0 107.990500,-7.054100,0 107.990600,-7.054300,0 107.991000,-7.054000,0 107.991200,-7.054000,0 107.991400,-7.053800,0 107.991400,-7.053500,0 107.991500,-7.053400,0 107.991300,-7.053200,0 107.991300,-7.052800,0 107.991500,-7.052800,0 107.991500,-7.052600,0 107.991400,-7.052600,0 107.991400,-7.052400,0 107.991300,-7.052400,0 107.991300,-7.052100,0 107.991500,-7.052200,0 107.991600,-7.052000,0 107.991700,-7.052000,0 107.991700,-7.052100,0 107.991600,-7.052100,0 107.991600,-7.052300,0 107.991800,-7.052300,0 107.991800,-7.052200,0 107.991800,-7.052500,0 107.991900,-7.052500,0 107.991900,-7.052600,0 107.992300,-7.052600,0 107.992300,-7.052900,0 107.992200,-7.053000,0 107.992200,-7.054100,0 107.992400,-7.054100,0 107.992500,-7.054200,0 107.992600,-7.054500,0 107.992600,-7.054900,0 107.992500,-7.055100,0 107.992400,-7.055100,0 107.992400,-7.055400,0 107.991700,-7.056000,0 107.991700,-7.056400,0 107.992100,-7.056700,0 107.992100,-7.056900,0 107.992200,-7.057000,0 107.992200,-7.057400,0 107.992600,-7.057400,0 107.992600,-7.057300,0 107.992300,-7.057300,0 107.992200,-7.056500,0 107.992100,-7.056400,0 107.991800,-7.056400,0 107.991800,-7.056100,0 107.991900,-7.055900,0 107.992100,-7.055900,0 107.992300,-7.055700,0 107.992400,-7.055700,0 107.992500,-7.055100,0 107.992700,-7.054900,0 107.992800,-7.054900,0 107.992800,-7.054700,0 107.992700,-7.054600,0 107.992700,-7.054100,0 107.992500,-7.054000,0 107.992500,-7.053900,0 107.992400,-7.053900,0 107.992400,-7.053600,0 107.992500,-7.053600,0 107.992500,-7.053100,0 107.992600,-7.053000,0 107.992600,-7.052800,0 107.992400,-7.052500,0 107.992400,-7.052200,0 107.992300,-7.052200,0 107.992300,-7.052600,0 107.992300,-7.052500,0 107.992100,-7.052500,0 107.992000,-7.052400,0 107.992000,-7.052200,0 107.992100,-7.052100,0 107.991900,-7.051800,0 107.991600,-7.051800,0 107.991300,-7.052000,0 107.991100,-7.051900,0 107.991100,-7.051500,0 107.991200,-7.051300,0 107.991300,-7.051300,0 107.991300,-7.051200,0 107.991500,-7.051200,0 107.991500,-7.051300,0 107.991800,-7.051300,0 107.991800,-7.051400,0 107.992000,-7.051500,0 107.992000,-7.051700,0 107.992100,-7.051700,0 107.992100,-7.052000,0 107.992200,-7.052000,0 107.992200,-7.051600,0 107.992100,-7.051400,0 107.992000,-7.051400,0 107.991900,-7.051100,0 107.992000,-7.051100,0 107.992000,-7.050900,0 107.992200,-7.050800,0 107.992300,-7.050500,0 107.992100,-7.050500,0 107.991900,-7.050900,0 107.991700,-7.051000,0 107.991400,-7.050900,0 107.991400,-7.050100,0 107.991500,-7.050200,0 107.991900,-7.050100,0 107.992000,-7.050300,0 107.992000,-7.050100,0 107.992100,-7.050100,0 107.992200,-7.050300,0 107.992400,-7.050300,0 107.992400,-7.050200,0 107.992300,-7.050200,0 107.992400,-7.050000,0 107.992300,-7.049900,0 107.992300,-7.049700,0 107.991200,-7.049700,0 107.991200,-7.049800,0 107.991000,-7.050000,0 107.990800,-7.050000,0 107.990800,-7.050200,0 107.991200,-7.050200,0 107.991200,-7.050700,0 107.991300,-7.050900,0 107.990400,-7.050400,0 107.990400,-7.050200,0 107.990300,-7.050100,0 107.990500,-7.049900,0 107.990600,-7.049900,0 107.990700,-7.049600,0 107.990900,-7.049600,0 107.991000,-7.049400,0 107.991100,-7.049400,0 107.991000,-7.049100,0 107.990900,-7.049100,0 107.990900,-7.049000,0 107.990600,-7.048600,0 107.990700,-7.048400,0 107.990900,-7.048300,0 107.991500,-7.048400,0 107.991600,-7.048100,0 107.991700,-7.048100,0 107.991700,-7.047900,0 107.991400,-7.047500,0 107.991500,-7.047500,0 107.991600,-7.047300,0 107.991800,-7.047300,0 107.991800,-7.047200,0 107.991900,-7.047300,0 107.992300,-7.047200,0 107.992700,-7.046700,0 107.993100,-7.046400,0 107.993200,-7.046700,0 107.993400,-7.046800,0 107.993200,-7.046500,0 107.993200,-7.046200,0 107.993400,-7.046100,0 107.993600,-7.046200,0 107.993700,-7.046800,0</coordinates></LinearRing></outerBoundaryIs><innerBoundaryIs><LinearRing><coordinates>107.993300,-7.050000,0 107.992900,-7.050400,0 107.992800,-7.050700,0 107.992600,-7.050800,0 107.992700,-7.050800,0 107.992700,-7.051000,0 107.992800,-7.051100,0 107.993000,-7.050900,0 107.993300,-7.051200,0 107.993300,-7.051300,0 107.993400,-7.051300,0 107.993400,-7.051400,0 107.993500,-7.051400,0 107.993500,-7.051600,0 107.993300,-7.051700,0 107.993300,-7.051800,0 107.993200,-7.051800,0 107.993400,-7.052100,0 107.993400,-7.051900,0 107.993500,-7.051900,0 107.993700,-7.051300,0 107.993900,-7.051400,0 107.994100,-7.051300,0 107.994100,-7.051600,0 107.994300,-7.051000,0 107.993900,-7.050600,0 107.993500,-7.050600,0 107.993400,-7.050300,0 107.993600,-7.050300,0 107.993600,-7.050200,0 107.993500,-7.050200,0 107.993500,-7.050100,0 107.993300,-7.050000,0</coordinates></LinearRing></innerBoundaryIs></Polygon><Polygon><tessellate>1</tessellate><outerBoundaryIs><LinearRing><coordinates>107.994200,-7.045400,0 107.994300,-7.045400,0 107.994300,-7.045600,0 107.994600,-7.045800,0 107.994600,-7.045900,0 107.994000,-7.045900,0 107.994000,-7.045800,0 107.993700,-7.045800,0 107.993700,-7.045700,0 107.993500,-7.045600,0 107.993500,-7.045400,0 107.993600,-7.045400,0 107.993600,-7.045300,0 107.993700,-7.045300,0 107.993700,-7.045400,0 107.993900,-7.045400,0 107.993900,-7.045200,0 107.994000,-7.045200,0 107.994000,-7.045100,0 107.994300,-7.045100,0 107.994300,-7.045200,0 107.994200,-7.045200,0 107.994200,-7.045400,0</coordinates></LinearRing></outerBoundaryIs></Polygon><Polygon><tessellate>1</tessellate><outerBoundaryIs><LinearRing><coordinates>107.989000,-7.045400,0 107.988900,-7.045500,0 107.989000,-7.045500,0 107.989000,-7.045900,0 107.989200,-7.046100,0 107.989400,-7.046100,0 107.989400,-7.046200,0 107.989700,-7.046200,0 107.989600,-7.046400,0 107.989700,-7.046400,0 107.989800,-7.046600,0 107.990000,-7.046600,0 107.990100,-7.046700,0 107.990000,-7.046700,0 107.990000,-7.047100,0 107.989900,-7.047300,0 107.990000,-7.047300,0 107.990000,-7.047200,0 107.990200,-7.047200,0 107.990300,-7.047400,0 107.990100,-7.047600,0 107.989700,-7.047400,0 107.989600,-7.047600,0 107.989300,-7.047500,0 107.989400,-7.047700,0 107.989200,-7.047800,0 107.989100,-7.048000,0 107.988900,-7.048000,0 107.988900,-7.048200,0 107.988700,-7.048400,0 107.988500,-7.048300,0 107.988100,-7.048300,0 107.988100,-7.048500,0 107.987900,-7.048500,0 107.987800,-7.049300,0 107.988500,-7.049200,0 107.988600,-7.049300,0 107.988200,-7.049500,0 107.988700,-7.049400,0 107.988700,-7.049300,0 107.989200,-7.049300,0 107.989300,-7.049500,0 107.988900,-7.049600,0 107.988900,-7.049800,0 107.988600,-7.049800,0 107.988400,-7.049700,0 107.988000,-7.049900,0 107.987800,-7.049800,0 107.987500,-7.049800,0 107.987500,-7.049700,0 107.986900,-7.049600,0 107.986800,-7.049500,0 107.986800,-7.049300,0 107.986500,-7.049300,0 107.986400,-7.049400,0 107.985900,-7.049400,0 107.985800,-7.049200,0 107.985400,-7.049100,0 107.985400,-7.048300,0 107.985500,-7.048000,0 107.985600,-7.048000,0 107.985900,-7.047400,0 107.985900,-7.047100,0 107.986000,-7.047100,0 107.986000,-7.046600,0 107.986200,-7.046600,0 107.986200,-7.046500,0 107.986000,-7.046500,0 107.986100,-7.046400,0 107.986200,-7.046000,0 107.986000,-7.046000,0 107.986000,-7.045700,0 107.986100,-7.045700,0 107.986100,-7.045800,0 107.986500,-7.045800,0 107.986600,-7.045900,0 107.986400,-7.046100,0 107.986400,-7.046200,0 107.986300,-7.046200,0 107.986300,-7.046400,0 107.986400,-7.046400,0 107.986500,-7.046200,0 107.986600,-7.046200,0 107.986600,-7.046100,0 107.986800,-7.046000,0 107.986900,-7.045800,0 107.987000,-7.045800,0 107.987000,-7.045700,0 107.987400,-7.045600,0 107.987400,-7.045500,0 107.987700,-7.045700,0 107.987700,-7.045500,0 107.987900,-7.045500,0 107.987900,-7.045600,0 107.988000,-7.045500,0 107.988300,-7.045500,0 107.988300,-7.045300,0 107.988800,-7.045400,0 107.988800,-7.044900,0 107.988700,-7.044800,0 107.988900,-7.044800,0 107.989000,-7.044900,0 107.989000,-7.045400,0</coordinates></LinearRing></outerBoundaryIs></Polygon><Polygon><tessellate>1</tessellate><outerBoundaryIs><LinearRing><coordinates>107.981000,-7.044800,0 107.981200,-7.045100,0 107.981000,-7.045500,0 107.981300,-7.045800,0 107.981500,-7.045700,0 107.981400,-7.045400,0 107.981600,-7.045000,0 107.981700,-7.045000,0 107.981800,-7.044800,0 107.981900,-7.044900,0 107.982100,-7.044800,0 107.982100,-7.045000,0 107.982600,-7.045000,0 107.982700,-7.044900,0 107.983000,-7.044900,0 107.983000,-7.045000,0 107.983200,-7.045000,0 107.983100,-7.045100,0 107.983100,-7.045600,0 107.983200,-7.045600,0 107.983100,-7.045800,0 107.982800,-7.045900,0 107.982800,-7.046300,0 107.982700,-7.046300,0 107.982700,-7.046500,0 107.982300,-7.046500,0 107.982200,-7.046300,0 107.981900,-7.046300,0 107.981800,-7.046600,0 107.981400,-7.046700,0 107.981300,-7.046900,0 107.980900,-7.046900,0 107.980900,-7.046700,0 107.980800,-7.046700,0 107.980300,-7.045400,0 107.980500,-7.045300,0 107.980500,-7.045200,0 107.980400,-7.045200,0 107.980500,-7.045100,0 107.980500,-7.044800,0 107.981000,-7.044800,0</coordinates></LinearRing></outerBoundaryIs></Polygon><Polygon><tessellate>1</tessellate><outerBoundaryIs><LinearRing><coordinates>107.982000,-7.043700,0 107.982200,-7.043700,0 107.982200,-7.043800,0 107.982100,-7.043800,0 107.982100,-7.044000,0 107.981700,-7.044000,0 107.981500,-7.043800,0 107.981500,-7.043300,0 107.981400,-7.043300,0 107.981500,-7.042900,0 107.981400,-7.042800,0 107.981400,-7.042600,0 107.981500,-7.042500,0 107.981900,-7.042600,0 107.982000,-7.043700,0</coordinates></LinearRing></outerBoundaryIs></Polygon></MultiGeometry></Placemark><Placemark><name>DI Cipancar</name><styleUrl>#w5</styleUrl><description><![CDATA[<table><tr><td>Luas</td><td align='right'><b>516,0000</b> ha</td></tr><tr><td>Luas</td><td align='right'><b>5.160.000</b> m²</td></tr><tr><td>Keliling</td><td align='right'><b>60.412</b> m</td></tr><tr><td>Tinggi rata-rata</td><td align='right'><b>610,0</b> m dpl</td></tr><tr><td>Rezim</td><td align='right'><b>FL</b> </td></tr><tr><td>Kebutuhan air</td><td align='right'><b>1.364.559</b> m³</td></tr><tr><td>Kebutuhan air</td><td align='right'><b>264</b> mm</td></tr><tr><td>Debit</td><td align='right'><b>173,56</b> l/detik</td></tr><tr><td>NFR</td><td align='right'><b>1,89</b> mm/hari</td></tr><tr><td>Water loss</td><td align='right'><b>6.977.798</b> m³</td></tr><tr><td>Water loss</td><td align='right'><b>1.352</b> mm</td></tr></table>]]></description><MultiGeometry><Polygon><tessellate>1</tessellate><outerBoundaryIs><LinearRing><coordinates>107.943200,-7.103400,0 107.943200,-7.103600,0 107.943300,-7.103600,0 107.943300,-7.103700,0 107.943500,-7.103700,0 107.943500,-7.103800,0 107.943300,-7.103800,0 107.943300,-7.103900,0 107.943000,-7.104000,0 107.942700,-7.104000,0 107.942700,-7.103400,0 107.942800,-7.103400,0 107.942900,-7.103000,0 107.943300,-7.103100,0 107.943200,-7.103400,0</coordinates></LinearRing></outerBoundaryIs></Polygon><Polygon><tessellate>1</tessellate><outerBoundaryIs><LinearRing><coordinates>107.939300,-7.103200,0 107.939600,-7.103100,0 107.939600,-7.103000,0 107.939800,-7.103000,0 107.940000,-7.103200,0 107.940200,-7.103200,0 107.940300,-7.103400,0 107.940500,-7.103500,0 107.940400,-7.103900,0 107.939700,-7.103800,0 107.939700,-7.103700,0 107.939400,-7.103700,0 107.939300,-7.103600,0 107.939400,-7.103500,0 107.939400,-7.103300,0 107.939100,-7.103300,0 107.939000,-7.103200,0 107.938600,-7.103400,0 107.938900,-7.102700,0 107.939100,-7.102700,0 107.939100,-7.103000,0 107.939300,-7.103200,0</coordinates></LinearRing></outerBoundaryIs></Polygon><Polygon><tessellate>1</tessellate><outerBoundaryIs><LinearRing><coordinates>107.945200,-7.102500,0 107.945300,-7.102600,0 107.945300,-7.103000,0 107.945400,-7.103100,0 107.945100,-7.103100,0 107.945000,-7.103200,0 107.944200,-7.103500,0 107.944000,-7.103500,0 107.944000,-7.103400,0 107.943900,-7.103400,0 107.943900,-7.103300,0 107.944100,-7.103300,0 107.944200,-7.102900,0 107.944300,-7.102900,0 107.944300,-7.102800,0 107.944500,-7.102800,0 107.944600,-7.102300,0 107.944900,-7.102200,0 107.944900,-7.102300,0 107.945100,-7.102300,0 107.945100,-7.102500,0 107.945200,-7.102500,0</coordinates></LinearRing></outerBoundaryIs></Polygon><Polygon><tessellate>1</tessellate><outerBoundaryIs><LinearRing><coordinates>107.945700,-7.102200,0 107.945900,-7.102200,0 107.946000,-7.102400,0 107.946100,-7.102400,0 107.946100,-7.102900,0 107.945300,-7.103100,0 107.945400,-7.103100,0 107.945300,-7.102500,0 107.945400,-7.102500,0 107.945400,-7.102200,0 107.945500,-7.102200,0 107.945500,-7.102100,0 107.945700,-7.102200,0</coordinates></LinearRing></outerBoundaryIs></Polygon><Polygon><tessellate>1</tessellate><outerBoundaryIs><LinearRing><coordinates>107.939100,-7.101300,0 107.939000,-7.101700,0 107.938800,-7.101700,0 107.938800,-7.101800,0 107.939000,-7.101800,0 107.939000,-7.102100,0 107.938800,-7.102200,0 107.939000,-7.102200,0 107.939000,-7.102400,0 107.938700,-7.102400,0 107.938700,-7.102700,0 107.938500,-7.102700,0 107.938400,-7.102300,0 107.938200,-7.102200,0 107.938200,-7.101800,0 107.938400,-7.101700,0 107.938300,-7.101500,0 107.938500,-7.101200,0 107.938500,-7.100800,0 107.938800,-7.100400,0 107.938900,-7.100400,0 107.938900,-7.100900,0 107.938800,-7.100900,0 107.938800,-7.101000,0 107.939100,-7.101000,0 107.939100,-7.101300,0</coordinates></LinearRing></outerBoundaryIs></Polygon><Polygon><tessellate>1</tessellate><outerBoundaryIs><LinearRing><coordinates>107.934700,-7.099600,0 107.934600,-7.100000,0 107.935300,-7.099900,0 107.935300,-7.100300,0 107.935100,-7.100300,0 107.935100,-7.100600,0 107.934900,-7.100600,0 107.935000,-7.100700,0 107.935000,-7.101000,0 107.934900,-7.101200,0 107.934800,-7.101200,0 107.934800,-7.101300,0 107.934600,-7.101500,0 107.934100,-7.101500,0 107.933200,-7.101200,0 107.933100,-7.101000,0 107.933400,-7.100900,0 107.933500,-7.100700,0 107.933400,-7.100700,0 107.933400,-7.100800,0 107.933000,-7.100800,0 107.933100,-7.100300,0 107.932900,-7.100100,0 107.932900,-7.100000,0 107.933000,-7.099900,0 107.933300,-7.099900,0 107.933300,-7.099800,0 107.934000,-7.099800,0 107.934000,-7.099600,0 107.934700,-7.099600,0</coordinates></LinearRing></outerBoundaryIs></Polygon><Polygon><tessellate>1</tessellate><outerBoundaryIs><LinearRing><coordinates>107.937000,-7.099500,0 107.937000,-7.099600,0 107.937100,-7.099600,0 107.937300,-7.099100,0 107.937500,-7.099200,0 107.937800,-7.099200,0 107.937800,-7.099000,0 107.937900,-7.099000,0 107.937900,-7.099200,0 107.938000,-7.099000,0 107.938200,-7.099100,0 107.938100,-7.099200,0 107.938300,-7.099300,0 107.938400,-7.099100,0 107.938900,-7.099300,0 107.938800,-7.099500,0 107.938800,-7.100300,0 107.938400,-7.100800,0 107.938400,-7.101300,0 107.938300,-7.101500,0 107.938200,-7.101500,0 107.938200,-7.101600,0 107.938300,-7.101600,0 107.938300,-7.101800,0 107.938100,-7.101900,0 107.938100,-7.102200,0 107.938300,-7.102400,0 107.938300,-7.102600,0 107.938400,-7.102600,0 107.938300,-7.102800,0 107.938500,-7.102700,0 107.938800,-7.102800,0 107.938500,-7.103200,0 107.938400,-7.103200,0 107.938400,-7.103000,0 107.938200,-7.103000,0 107.938300,-7.103000,0 107.938300,-7.103100,0 107.938100,-7.103200,0 107.938000,-7.103000,0 107.937200,-7.102500,0 107.936800,-7.102400,0 107.935800,-7.102400,0 107.935800,-7.102200,0 107.936100,-7.102200,0 107.936000,-7.101700,0 107.935800,-7.101800,0 107.935800,-7.101700,0 107.935500,-7.101700,0 107.935800,-7.101000,0 107.935700,-7.101000,0 107.935700,-7.100900,0 107.935900,-7.100900,0 107.936200,-7.101100,0 107.936700,-7.101100,0 107.936700,-7.100900,0 107.936800,-7.100900,0 107.936800,-7.100700,0 107.936300,-7.100700,0 107.936300,-7.099400,0 107.936700,-7.099400,0 107.936800,-7.098800,0 107.936900,-7.098800,0 107.937000,-7.099500,0</coordinates></LinearRing></outerBoundaryIs></Polygon><Polygon><tessellate>1</tessellate><outerBoundaryIs><LinearRing><coordinates>107.949600,-7.095600,0 107.949800,-7.095700,0 107.950100,-7.095700,0 107.950100,-7.095800,0 107.950400,-7.095900,0 107.950400,-7.096100,0 107.949900,-7.096200,0 107.949800,-7.096400,0 107.949200,-7.096300,0 107.949200,-7.096200,0 107.948900,-7.096100,0 107.949000,-7.095700,0 107.949300,-7.095700,0 107.949400,-7.095900,0 107.949400,-7.095800,0 107.949500,-7.095800,0 107.949600,-7.095600,0</coordinates></LinearRing></outerBoundaryIs></Polygon><Polygon><tessellate>1</tessellate><outerBoundaryIs><LinearRing><coordinates>107.932200,-7.093500,0 107.932500,-7.093600,0 107.932500,-7.093900,0 107.932300,-7.094000,0 107.932300,-7.094100,0 107.932500,-7.094200,0 107.932400,-7.094400,0 107.932500,-7.094500,0 107.932700,-7.094500,0 107.932700,-7.094600,0 107.932500,-7.094600,0 107.932600,-7.095000,0 107.932200,-7.095100,0 107.932100,-7.095300,0 107.932000,-7.095300,0 107.932000,-7.095500,0 107.931700,-7.095600,0 107.931700,-7.095700,0 107.931900,-7.095600,0 107.931900,-7.095700,0 107.931700,-7.095800,0 107.931700,-7.096200,0 107.931800,-7.096200,0 107.931800,-7.096300,0 107.932300,-7.096300,0 107.932400,-7.096200,0 107.932800,-7.096300,0 107.933200,-7.096100,0 107.933500,-7.096100,0 107.933800,-7.096400,0 107.933800,-7.096600,0 107.933600,-7.096900,0 107.933400,-7.096900,0 107.933200,-7.096700,0 107.933200,-7.096800,0 107.933000,-7.096900,0 107.933000,-7.097000,0 107.933100,-7.097000,0 107.933100,-7.097300,0 107.932900,-7.097400,0 107.932900,-7.097500,0 107.932800,-7.097500,0 107.932800,-7.097200,0 107.932700,-7.097200,0 107.932700,-7.097600,0 107.932800,-7.097600,0 107.932800,-7.097700,0 107.933000,-7.097700,0 107.933000,-7.097600,0 107.933300,-7.097500,0 107.933300,-7.097400,0 107.933600,-7.097400,0 107.933600,-7.097600,0 107.933800,-7.097600,0 107.933800,-7.097800,0 107.933600,-7.097800,0 107.933200,-7.098000,0 107.933200,-7.098300,0 107.933100,-7.098300,0 107.933100,-7.098400,0 107.933000,-7.098400,0 107.932700,-7.098700,0 107.932700,-7.099000,0 107.932600,-7.099000,0 107.932400,-7.098800,0 107.932200,-7.098900,0 107.932200,-7.098800,0 107.932000,-7.098900,0 107.931900,-7.098800,0 107.931600,-7.098800,0 107.931600,-7.098600,0 107.931400,-7.098600,0 107.931300,-7.098500,0 107.931300,-7.098400,0 107.931400,-7.098400,0 107.931300,-7.098200,0 107.931200,-7.098300,0 107.931100,-7.097900,0 107.930900,-7.097600,0 107.930400,-7.096200,0 107.930300,-7.096100,0 107.930000,-7.095200,0 107.930000,-7.094400,0 107.929900,-7.094400,0 107.929900,-7.094200,0 107.930200,-7.094100,0 107.930200,-7.094000,0 107.930400,-7.093900,0 107.930500,-7.093900,0 107.930500,-7.094000,0 107.931100,-7.094000,0 107.931200,-7.093800,0 107.931400,-7.093800,0 107.931900,-7.093400,0 107.932200,-7.093400,0 107.932200,-7.093500,0</coordinates></LinearRing></outerBoundaryIs></Polygon><Polygon><tessellate>1</tessellate><outerBoundaryIs><LinearRing><coordinates>107.950100,-7.091200,0 107.950500,-7.091400,0 107.950700,-7.091300,0 107.951000,-7.091300,0 107.951000,-7.091600,0 107.950900,-7.091700,0 107.950900,-7.091900,0 107.951000,-7.092000,0 107.951500,-7.092000,0 107.951700,-7.091700,0 107.951900,-7.091800,0 107.952200,-7.091800,0 107.952200,-7.091900,0 107.952300,-7.091900,0 107.952500,-7.092100,0 107.952800,-7.092100,0 107.952900,-7.091900,0 107.953000,-7.091900,0 107.953000,-7.091800,0 107.953300,-7.091900,0 107.953300,-7.092000,0 107.953700,-7.092200,0 107.953700,-7.092300,0 107.953600,-7.092300,0 107.953400,-7.092500,0 107.953500,-7.092500,0 107.953600,-7.092700,0 107.953800,-7.092700,0 107.953900,-7.092600,0 107.954300,-7.092700,0 107.954400,-7.093100,0 107.954500,-7.093200,0 107.954500,-7.093400,0 107.954700,-7.093600,0 107.955100,-7.093700,0 107.955900,-7.093700,0 107.956100,-7.093400,0 107.957500,-7.093400,0 107.957400,-7.093700,0 107.957300,-7.093700,0 107.957200,-7.093900,0 107.957200,-7.094100,0 107.957400,-7.094300,0 107.957400,-7.094400,0 107.957500,-7.094400,0 107.957500,-7.094900,0 107.957700,-7.095000,0 107.957700,-7.095100,0 107.958200,-7.095200,0 107.958100,-7.096000,0 107.957900,-7.096000,0 107.957900,-7.096100,0 107.957800,-7.096100,0 107.957800,-7.096300,0 107.957500,-7.096400,0 107.957900,-7.096500,0 107.958000,-7.096600,0 107.957900,-7.097000,0 107.957500,-7.096900,0 107.956600,-7.097700,0 107.956300,-7.097700,0 107.956200,-7.097300,0 107.955900,-7.097100,0 107.955900,-7.097000,0 107.955600,-7.097000,0 107.955400,-7.096800,0 107.955400,-7.096600,0 107.955100,-7.096500,0 107.955100,-7.096400,0 107.954900,-7.096300,0 107.954200,-7.096300,0 107.954200,-7.096200,0 107.954400,-7.096100,0 107.954300,-7.096100,0 107.954300,-7.096000,0 107.954100,-7.096100,0 107.953600,-7.095500,0 107.953600,-7.095600,0 107.953400,-7.095600,0 107.952700,-7.095000,0 107.952300,-7.094800,0 107.952100,-7.094800,0 107.952100,-7.094700,0 107.951900,-7.094600,0 107.951500,-7.094500,0 107.951400,-7.094700,0 107.951100,-7.094700,0 107.951100,-7.094900,0 107.950500,-7.094900,0 107.950500,-7.095200,0 107.950700,-7.095200,0 107.950700,-7.095300,0 107.950600,-7.095300,0 107.950600,-7.095400,0 107.950700,-7.095400,0 107.950600,-7.095600,0 107.950300,-7.095500,0 107.950200,-7.095500,0 107.950200,-7.095600,0 107.950000,-7.095600,0 107.949300,-7.094900,0 107.949000,-7.094900,0 107.948700,-7.095200,0 107.948200,-7.095300,0 107.948100,-7.095800,0 107.948300,-7.095900,0 107.948300,-7.096000,0 107.948200,-7.096000,0 107.948300,-7.096300,0 107.948200,-7.096300,0 107.948100,-7.096500,0 107.947600,-7.096500,0 107.947500,-7.096700,0 107.947300,-7.096800,0 107.947300,-7.096900,0 107.946900,-7.097100,0 107.946600,-7.097700,0 107.946700,-7.097800,0 107.946700,-7.098100,0 107.945800,-7.098200,0 107.945800,-7.098400,0 107.945900,-7.098400,0 107.946100,-7.098900,0 107.946400,-7.099300,0 107.945800,-7.099800,0 107.945700,-7.099700,0 107.945600,-7.099800,0 107.945700,-7.100000,0 107.945700,-7.100500,0 107.945300,-7.100900,0 107.945300,-7.101100,0 107.945400,-7.101200,0 107.945000,-7.101200,0 107.945000,-7.101100,0 107.944700,-7.101100,0 107.944700,-7.100900,0 107.944600,-7.100900,0 107.944600,-7.101300,0 107.944500,-7.101200,0 107.944300,-7.101200,0 107.944300,-7.101300,0 107.944000,-7.101500,0 107.943700,-7.101500,0 107.943700,-7.101800,0 107.943400,-7.102200,0 107.943100,-7.101800,0 107.942300,-7.101800,0 107.942300,-7.101600,0 107.942400,-7.101600,0 107.942400,-7.101300,0 107.942000,-7.101200,0 107.942000,-7.101100,0 107.941600,-7.101100,0 107.941600,-7.101200,0 107.941500,-7.101200,0 107.941500,-7.101400,0 107.941300,-7.101600,0 107.941200,-7.101600,0 107.941200,-7.101700,0 107.940300,-7.101900,0 107.940300,-7.102000,0 107.940100,-7.102000,0 107.939900,-7.102200,0 107.939800,-7.102200,0 107.939800,-7.102300,0 107.939600,-7.102300,0 107.939300,-7.102500,0 107.939400,-7.102600,0 107.939000,-7.102600,0 107.939000,-7.102500,0 107.939200,-7.102500,0 107.939200,-7.102400,0 107.939000,-7.102400,0 107.939100,-7.101300,0 107.939300,-7.101200,0 107.939400,-7.101000,0 107.939200,-7.100900,0 107.939200,-7.100800,0 107.939400,-7.100800,0 107.939400,-7.100700,0 107.939500,-7.100700,0 107.939500,-7.100900,0 107.939600,-7.100900,0 107.939700,-7.100700,0 107.939700,-7.100200,0 107.939800,-7.100200,0 107.939900,-7.100000,0 107.940100,-7.099900,0 107.940100,-7.099800,0 107.940500,-7.099900,0 107.940500,-7.100000,0 107.940800,-7.100000,0 107.940800,-7.100100,0 107.941100,-7.100100,0 107.941100,-7.100200,0 107.941300,-7.100000,0 107.941400,-7.100000,0 107.941300,-7.099700,0 107.941100,-7.099500,0 107.941000,-7.099600,0 107.940900,-7.099400,0 107.940800,-7.099400,0 107.940800,-7.099300,0 107.940600,-7.099300,0 107.940600,-7.099200,0 107.940100,-7.099000,0 107.940400,-7.098500,0 107.940400,-7.098300,0 107.940500,-7.098200,0 107.940800,-7.098200,0 107.940800,-7.098300,0 107.940900,-7.098300,0 107.940900,-7.098700,0 107.941600,-7.098700,0 107.941600,-7.098600,0 107.941900,-7.098400,0 107.942000,-7.098200,0 107.942100,-7.098300,0 107.942300,-7.098300,0 107.942600,-7.098100,0 107.942700,-7.097500,0 107.942800,-7.097500,0 107.942800,-7.097300,0 107.942900,-7.097300,0 107.943000,-7.097100,0 107.943100,-7.097100,0 107.943200,-7.096900,0 107.943100,-7.096700,0 107.943000,-7.096900,0 107.942700,-7.096700,0 107.942700,-7.096900,0 107.942300,-7.096700,0 107.942200,-7.097000,0 107.941900,-7.096900,0 107.941900,-7.097100,0 107.941500,-7.097100,0 107.941500,-7.097200,0 107.941300,-7.097200,0 107.941200,-7.097300,0 107.940700,-7.097200,0 107.940600,-7.097100,0 107.940700,-7.096300,0 107.940800,-7.095900,0 107.940900,-7.095800,0 107.940900,-7.094900,0 107.941500,-7.094900,0 107.941700,-7.095000,0 107.942300,-7.095000,0 107.942400,-7.094900,0 107.942700,-7.094900,0 107.942700,-7.094700,0 107.942500,-7.094600,0 107.942500,-7.094400,0 107.942400,-7.094400,0 107.942400,-7.094300,0 107.942200,-7.094300,0 107.942200,-7.094200,0 107.942000,-7.094100,0 107.941700,-7.094100,0 107.941600,-7.094300,0 107.941100,-7.094200,0 107.941000,-7.094400,0 107.940500,-7.094500,0 107.940600,-7.094800,0 107.940700,-7.094900,0 107.940900,-7.094900,0 107.940800,-7.095600,0 107.940600,-7.095500,0 107.940500,-7.095700,0 107.940700,-7.095800,0 107.940700,-7.096200,0 107.940600,-7.096500,0 107.940200,-7.096400,0 107.940000,-7.096400,0 107.940000,-7.096500,0 107.939900,-7.096500,0 107.940000,-7.096600,0 107.940200,-7.096600,0 107.940300,-7.096800,0 107.940400,-7.096800,0 107.940500,-7.096600,0 107.940600,-7.096600,0 107.940600,-7.097200,0 107.940700,-7.097400,0 107.940800,-7.097400,0 107.940800,-7.097600,0 107.940600,-7.097700,0 107.940500,-7.097900,0 107.940600,-7.097900,0 107.940700,-7.098100,0 107.940500,-7.098200,0 107.940500,-7.098100,0 107.940100,-7.098100,0 107.940100,-7.098200,0 107.939900,-7.098200,0 107.939900,-7.098000,0 107.939800,-7.098000,0 107.939800,-7.097900,0 107.940000,-7.097800,0 107.940000,-7.097700,0 107.939800,-7.097500,0 107.939500,-7.097500,0 107.939500,-7.097600,0 107.939400,-7.097600,0 107.939300,-7.097200,0 107.939500,-7.097000,0 107.939500,-7.096700,0 107.939400,-7.096600,0 107.939500,-7.096000,0 107.939300,-7.095800,0 107.939300,-7.095600,0 107.939400,-7.095600,0 107.939400,-7.095400,0 107.939800,-7.095200,0 107.940000,-7.094900,0 107.939900,-7.094500,0 107.940100,-7.094100,0 107.940000,-7.093900,0 107.940000,-7.093800,0 107.940100,-7.093800,0 107.940100,-7.093600,0 107.940200,-7.093600,0 107.940200,-7.093500,0 107.940300,-7.093500,0 107.940600,-7.093100,0 107.940900,-7.093000,0 107.941000,-7.092700,0 107.941200,-7.092700,0 107.941700,-7.092400,0 107.942000,-7.092400,0 107.942100,-7.092600,0 107.942800,-7.092600,0 107.942800,-7.092700,0 107.943000,-7.092700,0 107.943000,-7.092600,0 107.943300,-7.092400,0 107.943800,-7.092400,0 107.944100,-7.092600,0 107.944200,-7.092800,0 107.944300,-7.092800,0 107.944300,-7.093000,0 107.944400,-7.093100,0 107.944600,-7.093100,0 107.944600,-7.093200,0 107.944900,-7.093200,0 107.944900,-7.093100,0 107.945000,-7.093100,0 107.945000,-7.092800,0 107.944900,-7.092800,0 107.944900,-7.092600,0 107.945000,-7.092500,0 107.945600,-7.092200,0 107.945700,-7.092000,0 107.946000,-7.091900,0 107.946000,-7.091800,0 107.946200,-7.091700,0 107.946200,-7.091400,0 107.946300,-7.091400,0 107.946300,-7.091300,0 107.946600,-7.091300,0 107.946600,-7.091200,0 107.946800,-7.091200,0 107.946800,-7.091100,0 107.947000,-7.091100,0 107.947100,-7.091000,0 107.948100,-7.091100,0 107.948100,-7.091200,0 107.948600,-7.091200,0 107.948600,-7.091100,0 107.949200,-7.091200,0 107.949200,-7.091100,0 107.949300,-7.091100,0 107.949300,-7.090900,0 107.949900,-7.090800,0 107.950100,-7.091200,0</coordinates></LinearRing></outerBoundaryIs><innerBoundaryIs><LinearRing><coordinates>107.945600,-7.093200,0 107.945800,-7.093100,0 107.945800,-7.092800,0 107.945300,-7.092800,0 107.945300,-7.092900,0 107.945200,-7.092900,0 107.945300,-7.093100,0 107.945500,-7.093100,0 107.945600,-7.093200,0</coordinates></LinearRing></innerBoundaryIs><innerBoundaryIs><LinearRing><coordinates>107.953300,-7.094100,0 107.953300,-7.094200,0 107.953600,-7.094400,0 107.953900,-7.094400,0 107.954000,-7.094300,0 107.954000,-7.094100,0 107.953200,-7.093800,0 107.953300,-7.094100,0</coordinates></LinearRing></innerBoundaryIs><innerBoundaryIs><LinearRing><coordinates>107.954700,-7.094400,0 107.954700,-7.094500,0 107.954900,-7.094600,0 107.955200,-7.094600,0 107.955400,-7.094500,0 107.955400,-7.094400,0 107.955500,-7.094400,0 107.955500,-7.094300,0 107.955300,-7.094000,0 107.955000,-7.094000,0 107.954800,-7.094200,0 107.954800,-7.094300,0 107.954700,-7.094300,0 107.954700,-7.094400,0</coordinates></LinearRing></innerBoundaryIs><innerBoundaryIs><LinearRing><coordinates>107.956100,-7.094600,0 107.956100,-7.094800,0 107.956300,-7.094800,0 107.956300,-7.094300,0 107.956000,-7.094400,0 107.956100,-7.094600,0</coordinates></LinearRing></innerBoundaryIs><innerBoundaryIs><LinearRing><coordinates>107.945300,-7.098000,0 107.945300,-7.098100,0 107.945300,-7.098000,0 107.945700,-7.097900,0 107.945900,-7.097700,0 107.945800,-7.097200,0 107.945500,-7.097000,0 107.945400,-7.097400,0 107.945100,-7.097800,0 107.945100,-7.097900,0 107.945300,-7.098000,0</coordinates></LinearRing></innerBoundaryIs><innerBoundaryIs><LinearRing><coordinates>107.955500,-7.095000,0 107.955400,-7.095100,0 107.955400,-7.095400,0 107.955600,-7.095800,0 107.955800,-7.095800,0 107.956000,-7.095400,0 107.956000,-7.095200,0 107.955900,-7.095200,0 107.955900,-7.095100,0 107.955500,-7.095000,0</coordinates></LinearRing></innerBoundaryIs><innerBoundaryIs><LinearRing><coordinates>107.954800,-7.095100,0 107.954600,-7.095100,0 107.954500,-7.095200,0 107.954500,-7.095500,0 107.954800,-7.095500,0 107.954800,-7.095100,0</coordinates></LinearRing></innerBoundaryIs></Polygon><Polygon><tessellate>1</tessellate><outerBoundaryIs><LinearRing><coordinates>107.940800,-7.089100,0 107.940900,-7.089100,0 107.940900,-7.089600,0 107.940600,-7.090000,0 107.940600,-7.090200,0 107.940400,-7.090300,0 107.940400,-7.090600,0 107.940300,-7.090600,0 107.940200,-7.090800,0 107.939400,-7.091200,0 107.939400,-7.091600,0 107.939500,-7.091600,0 107.939500,-7.091700,0 107.939100,-7.092000,0 107.938900,-7.092000,0 107.938900,-7.092300,0 107.938800,-7.092500,0 107.938400,-7.092900,0 107.938400,-7.093300,0 107.938300,-7.093400,0 107.937900,-7.093400,0 107.937800,-7.093600,0 107.937800,-7.093900,0 107.937700,-7.093900,0 107.937700,-7.094600,0 107.937500,-7.095100,0 107.937500,-7.095400,0 107.937600,-7.095400,0 107.937600,-7.095800,0 107.937500,-7.096000,0 107.937400,-7.096000,0 107.937400,-7.096200,0 107.936700,-7.096600,0 107.935500,-7.096900,0 107.935500,-7.097000,0 107.935100,-7.097300,0 107.935100,-7.097400,0 107.934900,-7.097400,0 107.934900,-7.097500,0 107.934800,-7.097500,0 107.934700,-7.097300,0 107.934400,-7.097100,0 107.934000,-7.097100,0 107.933900,-7.097500,0 107.933700,-7.097600,0 107.933600,-7.097200,0 107.933900,-7.096600,0 107.934000,-7.096500,0 107.934500,-7.096500,0 107.934700,-7.096300,0 107.934800,-7.096300,0 107.934800,-7.096200,0 107.934600,-7.096200,0 107.934600,-7.096100,0 107.934700,-7.096100,0 107.934700,-7.095600,0 107.935000,-7.095600,0 107.935000,-7.095500,0 107.934500,-7.095200,0 107.934300,-7.095200,0 107.934200,-7.095400,0 107.934100,-7.095400,0 107.934100,-7.095500,0 107.934300,-7.095500,0 107.934100,-7.095700,0 107.934000,-7.095700,0 107.934000,-7.095800,0 107.934100,-7.095900,0 107.934400,-7.095800,0 107.934400,-7.095500,0 107.934500,-7.095500,0 107.934500,-7.095700,0 107.934600,-7.095700,0 107.934600,-7.096000,0 107.934300,-7.096400,0 107.934000,-7.096400,0 107.934000,-7.096100,0 107.933400,-7.095500,0 107.933300,-7.095200,0 107.933100,-7.095100,0 107.933100,-7.095000,0 107.932700,-7.094900,0 107.932800,-7.094700,0 107.932800,-7.094600,0 107.932700,-7.094600,0 107.932700,-7.094400,0 107.933000,-7.094400,0 107.933000,-7.094500,0 107.933400,-7.094500,0 107.933400,-7.094400,0 107.932900,-7.094200,0 107.932900,-7.093800,0 107.933100,-7.093800,0 107.933100,-7.094000,0 107.933200,-7.094000,0 107.933200,-7.093800,0 107.933600,-7.093800,0 107.933700,-7.093700,0 107.933900,-7.093700,0 107.933900,-7.093800,0 107.934400,-7.093800,0 107.934400,-7.093700,0 107.934500,-7.093700,0 107.934600,-7.093800,0 107.934500,-7.094000,0 107.934400,-7.094000,0 107.934400,-7.094100,0 107.934200,-7.094100,0 107.934200,-7.094200,0 107.934100,-7.094200,0 107.934100,-7.094500,0 107.934300,-7.094600,0 107.934700,-7.094600,0 107.934700,-7.093800,0 107.935100,-7.093600,0 107.935400,-7.093600,0 107.935500,-7.093500,0 107.935600,-7.093500,0 107.935600,-7.093600,0 107.936000,-7.093600,0 107.936000,-7.093500,0 107.936200,-7.093400,0 107.936200,-7.093300,0 107.936400,-7.093200,0 107.936400,-7.092800,0 107.936500,-7.092700,0 107.936500,-7.092500,0 107.936600,-7.092500,0 107.936600,-7.091900,0 107.936700,-7.091800,0 107.936600,-7.091600,0 107.936700,-7.091400,0 107.936500,-7.091400,0 107.936500,-7.091300,0 107.936200,-7.091300,0 107.936200,-7.091200,0 107.936100,-7.091300,0 107.935900,-7.091100,0 107.935600,-7.091100,0 107.935600,-7.091200,0 107.935400,-7.091100,0 107.935400,-7.090900,0 107.935600,-7.090900,0 107.935600,-7.090800,0 107.935400,-7.090800,0 107.935500,-7.090600,0 107.935700,-7.090700,0 107.935700,-7.090500,0 107.935800,-7.090400,0 107.935500,-7.090300,0 107.935500,-7.090100,0 107.935600,-7.090200,0 107.936700,-7.090600,0 107.936700,-7.090700,0 107.936900,-7.090700,0 107.937000,-7.090800,0 107.937500,-7.090800,0 107.937700,-7.090900,0 107.937700,-7.090800,0 107.936900,-7.090700,0 107.936900,-7.090600,0 107.937200,-7.090600,0 107.937200,-7.090500,0 107.937800,-7.090500,0 107.937800,-7.090400,0 107.938200,-7.090400,0 107.938200,-7.090200,0 107.938400,-7.090100,0 107.938400,-7.090000,0 107.938700,-7.090000,0 107.938700,-7.089900,0 107.938800,-7.089900,0 107.938800,-7.089700,0 107.939000,-7.089700,0 107.939000,-7.089500,0 107.939100,-7.089400,0 107.939400,-7.089400,0 107.939600,-7.089100,0 107.940000,-7.089100,0 107.940000,-7.089000,0 107.940200,-7.089000,0 107.940200,-7.088900,0 107.940400,-7.088800,0 107.940500,-7.089000,0 107.940700,-7.089000,0 107.940700,-7.089100,0 107.940800,-7.089100,0</coordinates></LinearRing></outerBoundaryIs></Polygon><Polygon><tessellate>1</tessellate><outerBoundaryIs><LinearRing><coordinates>107.942500,-7.088500,0 107.942600,-7.088500,0 107.942800,-7.088300,0 107.942900,-7.088100,0 107.943300,-7.088000,0 107.943300,-7.088200,0 107.943400,-7.088200,0 107.943400,-7.088300,0 107.943800,-7.088500,0 107.944000,-7.088500,0 107.944500,-7.088800,0 107.944500,-7.089000,0 107.944700,-7.089100,0 107.944700,-7.089200,0 107.944800,-7.089200,0 107.944800,-7.089300,0 107.945000,-7.089500,0 107.945400,-7.089600,0 107.945400,-7.089700,0 107.945800,-7.089800,0 107.945800,-7.089900,0 107.946000,-7.089900,0 107.946100,-7.090100,0 107.946300,-7.090100,0 107.946300,-7.090200,0 107.946500,-7.090100,0 107.946500,-7.090400,0 107.946600,-7.090400,0 107.946600,-7.090500,0 107.946700,-7.090500,0 107.946800,-7.090700,0 107.946900,-7.090700,0 107.946900,-7.091000,0 107.947000,-7.091100,0 107.946700,-7.091100,0 107.946700,-7.091200,0 107.946400,-7.091200,0 107.946200,-7.091300,0 107.946100,-7.091700,0 107.945900,-7.091800,0 107.945800,-7.092000,0 107.945400,-7.092300,0 107.945100,-7.092300,0 107.944900,-7.092500,0 107.944900,-7.093100,0 107.944500,-7.093100,0 107.944300,-7.092800,0 107.944300,-7.092600,0 107.944100,-7.092400,0 107.943800,-7.092400,0 107.943700,-7.092300,0 107.943400,-7.092300,0 107.943100,-7.092500,0 107.943100,-7.092600,0 107.942800,-7.092600,0 107.942800,-7.092500,0 107.942000,-7.092500,0 107.941900,-7.092300,0 107.941300,-7.092600,0 107.941100,-7.092600,0 107.941100,-7.092700,0 107.941000,-7.092700,0 107.940900,-7.092900,0 107.940500,-7.093100,0 107.940000,-7.093700,0 107.940000,-7.093800,0 107.939900,-7.093800,0 107.939900,-7.094000,0 107.940000,-7.094000,0 107.939900,-7.094400,0 107.939800,-7.094500,0 107.939900,-7.094900,0 107.939700,-7.095000,0 107.939700,-7.095100,0 107.939600,-7.095100,0 107.939600,-7.095200,0 107.939500,-7.095200,0 107.939200,-7.095600,0 107.939200,-7.096200,0 107.939300,-7.096100,0 107.939500,-7.096100,0 107.939500,-7.096200,0 107.939400,-7.096200,0 107.939400,-7.096800,0 107.939500,-7.096900,0 107.939300,-7.097000,0 107.939300,-7.097100,0 107.939200,-7.097100,0 107.939300,-7.097500,0 107.939400,-7.097600,0 107.939400,-7.097800,0 107.939300,-7.097800,0 107.939300,-7.098300,0 107.939200,-7.098400,0 107.939200,-7.098600,0 107.939300,-7.098600,0 107.939300,-7.098700,0 107.939100,-7.098800,0 107.939100,-7.098900,0 107.938900,-7.098800,0 107.938800,-7.098900,0 107.939000,-7.099000,0 107.938900,-7.099100,0 107.938500,-7.099000,0 107.938500,-7.098900,0 107.938300,-7.099000,0 107.937700,-7.098900,0 107.937200,-7.098700,0 107.936700,-7.098700,0 107.936600,-7.098400,0 107.936200,-7.097900,0 107.936200,-7.097800,0 107.936000,-7.097800,0 107.936000,-7.097600,0 107.935700,-7.097700,0 107.935300,-7.098000,0 107.934400,-7.097900,0 107.934400,-7.097800,0 107.934600,-7.097800,0 107.934700,-7.097700,0 107.935100,-7.097600,0 107.935100,-7.097300,0 107.935200,-7.097300,0 107.935500,-7.097000,0 107.936000,-7.096800,0 107.936200,-7.096800,0 107.936300,-7.096700,0 107.936600,-7.096700,0 107.936600,-7.096600,0 107.936900,-7.096500,0 107.936900,-7.096400,0 107.937100,-7.096400,0 107.937500,-7.096100,0 107.937500,-7.096000,0 107.937700,-7.095800,0 107.937700,-7.095400,0 107.937600,-7.095400,0 107.937600,-7.095000,0 107.937700,-7.094800,0 107.937700,-7.094000,0 107.937800,-7.094000,0 107.937800,-7.093800,0 107.938000,-7.093500,0 107.938300,-7.093500,0 107.938300,-7.093400,0 107.938400,-7.093400,0 107.938400,-7.093000,0 107.938500,-7.092800,0 107.938600,-7.092800,0 107.938600,-7.092700,0 107.938800,-7.092600,0 107.938800,-7.092500,0 107.938900,-7.092500,0 107.938900,-7.092200,0 107.939000,-7.092200,0 107.939100,-7.092000,0 107.939600,-7.091800,0 107.939500,-7.091500,0 107.939400,-7.091500,0 107.939400,-7.091300,0 107.939600,-7.091200,0 107.939600,-7.091100,0 107.940000,-7.091000,0 107.940000,-7.090900,0 107.940100,-7.090900,0 107.940400,-7.090600,0 107.940400,-7.090500,0 107.940500,-7.090500,0 107.940500,-7.090300,0 107.940600,-7.090300,0 107.940700,-7.089900,0 107.940900,-7.089800,0 107.941000,-7.089400,0 107.941200,-7.089300,0 107.941200,-7.089100,0 107.941300,-7.089100,0 107.941300,-7.089000,0 107.941500,-7.089000,0 107.941500,-7.088800,0 107.941400,-7.088800,0 107.941400,-7.088700,0 107.941600,-7.088600,0 107.941600,-7.088500,0 107.941700,-7.088500,0 107.941700,-7.088400,0 107.941500,-7.088200,0 107.941600,-7.088200,0 107.941600,-7.088000,0 107.941700,-7.088000,0 107.941700,-7.087900,0 107.942100,-7.087800,0 107.942100,-7.087900,0 107.942200,-7.087900,0 107.942400,-7.088100,0 107.942400,-7.088400,0 107.942500,-7.088400,0 107.942500,-7.088500,0</coordinates></LinearRing></outerBoundaryIs><innerBoundaryIs><LinearRing><coordinates>107.943700,-7.089500,0 107.943700,-7.089700,0 107.943500,-7.089700,0 107.943400,-7.089600,0 107.943100,-7.089600,0 107.943000,-7.089700,0 107.943100,-7.089900,0 107.943200,-7.089900,0 107.943100,-7.090400,0 107.943200,-7.090400,0 107.943600,-7.090900,0 107.943600,-7.091000,0 107.944100,-7.091000,0 107.944200,-7.090900,0 107.944100,-7.090900,0 107.944500,-7.090500,0 107.944900,-7.090400,0 107.944900,-7.090300,0 107.945000,-7.090300,0 107.945100,-7.089800,0 107.944800,-7.089700,0 107.944700,-7.089800,0 107.944000,-7.089900,0 107.943900,-7.089800,0 107.943900,-7.089600,0 107.943700,-7.089500,0</coordinates></LinearRing></innerBoundaryIs><innerBoundaryIs><LinearRing><coordinates>107.939600,-7.093000,0 107.939800,-7.092900,0 107.939800,-7.092700,0 107.939500,-7.092700,0 107.939500,-7.092900,0 107.939600,-7.093000,0</coordinates></LinearRing></innerBoundaryIs></Polygon><Polygon><tessellate>1</tessellate><outerBoundaryIs><LinearRing><coordinates>107.931500,-7.087800,0 107.931700,-7.087800,0 107.931700,-7.087900,0 107.931800,-7.087900,0 107.931800,-7.088200,0 107.931700,-7.088200,0 107.931700,-7.088300,0 107.931800,-7.088300,0 107.932000,-7.088700,0 107.932100,-7.088700,0 107.932000,-7.088400,0 107.932200,-7.088300,0 107.932200,-7.088500,0 107.932400,-7.088600,0 107.932400,-7.088800,0 107.932700,-7.088900,0 107.933100,-7.088900,0 107.933100,-7.089000,0 107.933800,-7.089000,0 107.933800,-7.088900,0 107.934000,-7.088900,0 107.934100,-7.088800,0 107.934500,-7.088800,0 107.934700,-7.089200,0 107.934800,-7.089200,0 107.934800,-7.089300,0 107.934900,-7.089300,0 107.935000,-7.089100,0 107.935200,-7.089100,0 107.935200,-7.089400,0 107.935400,-7.089600,0 107.935500,-7.089600,0 107.935500,-7.089700,0 107.935100,-7.089700,0 107.935300,-7.089800,0 107.935300,-7.089900,0 107.935500,-7.089900,0 107.935400,-7.090100,0 107.935300,-7.090200,0 107.935100,-7.090200,0 107.935100,-7.090100,0 107.935200,-7.090100,0 107.935100,-7.089900,0 107.934500,-7.089900,0 107.934500,-7.090000,0 107.934300,-7.090100,0 107.934200,-7.089900,0 107.934000,-7.089800,0 107.934000,-7.089900,0 107.933600,-7.089900,0 107.933600,-7.090000,0 107.933400,-7.090100,0 107.933400,-7.090400,0 107.933200,-7.090300,0 107.932900,-7.090300,0 107.932900,-7.090100,0 107.932600,-7.090100,0 107.932500,-7.090000,0 107.932300,-7.090000,0 107.932300,-7.089900,0 107.932100,-7.089900,0 107.932000,-7.089700,0 107.931900,-7.089700,0 107.931900,-7.089600,0 107.931700,-7.089600,0 107.931700,-7.089500,0 107.931100,-7.089400,0 107.931100,-7.089200,0 107.931000,-7.089200,0 107.931000,-7.088800,0 107.930700,-7.088400,0 107.930800,-7.088300,0 107.930900,-7.088400,0 107.931000,-7.088400,0 107.931000,-7.088300,0 107.931400,-7.088300,0 107.931300,-7.087900,0 107.931500,-7.087800,0</coordinates></LinearRing></outerBoundaryIs></Polygon><Polygon><tessellate>1</tessellate><outerBoundaryIs><LinearRing><coordinates>107.929500,-7.087600,0 107.929700,-7.087800,0 107.929600,-7.088000,0 107.929800,-7.088200,0 107.930000,-7.088300,0 107.930400,-7.088300,0 107.930400,-7.088200,0 107.930700,-7.088200,0 107.930700,-7.088600,0 107.930800,-7.088700,0 107.930700,-7.088700,0 107.930700,-7.088900,0 107.930900,-7.089100,0 107.930900,-7.089200,0 107.931000,-7.089200,0 107.931000,-7.089400,0 107.931800,-7.089700,0 107.931900,-7.089900,0 107.932100,-7.089900,0 107.932100,-7.090000,0 107.932300,-7.090000,0 107.932300,-7.090100,0 107.932800,-7.090200,0 107.932900,-7.090400,0 107.933100,-7.090300,0 107.933500,-7.090400,0 107.933500,-7.090100,0 107.933600,-7.090100,0 107.933800,-7.089900,0 107.934100,-7.089900,0 107.934200,-7.090100,0 107.934500,-7.090100,0 107.934900,-7.089900,0 107.934900,-7.090000,0 107.935100,-7.090000,0 107.935100,-7.090100,0 107.935000,-7.090100,0 107.935200,-7.090300,0 107.935400,-7.090300,0 107.935400,-7.090400,0 107.935100,-7.090400,0 107.935100,-7.090600,0 107.935300,-7.090600,0 107.935400,-7.090700,0 107.935300,-7.090900,0 107.935300,-7.091300,0 107.935000,-7.091300,0 107.934900,-7.091400,0 107.934900,-7.091300,0 107.934800,-7.091300,0 107.934700,-7.091400,0 107.934500,-7.091200,0 107.934500,-7.091300,0 107.934400,-7.091300,0 107.934400,-7.091600,0 107.934200,-7.091700,0 107.934200,-7.091800,0 107.933700,-7.091900,0 107.933700,-7.091800,0 107.933500,-7.091700,0 107.933500,-7.091300,0 107.933200,-7.091000,0 107.933100,-7.090600,0 107.933000,-7.090600,0 107.933000,-7.090800,0 107.932900,-7.090800,0 107.932900,-7.090900,0 107.932800,-7.090900,0 107.932700,-7.090700,0 107.932300,-7.090700,0 107.932200,-7.090800,0 107.931900,-7.090800,0 107.931500,-7.091000,0 107.931300,-7.091000,0 107.931400,-7.091600,0 107.931500,-7.091700,0 107.931900,-7.091700,0 107.931800,-7.091900,0 107.931800,-7.092300,0 107.932000,-7.092300,0 107.932000,-7.092400,0 107.932100,-7.092400,0 107.932100,-7.093000,0 107.932000,-7.093000,0 107.932000,-7.093100,0 107.931700,-7.093100,0 107.931700,-7.092900,0 107.931300,-7.092900,0 107.931300,-7.093000,0 107.931200,-7.093000,0 107.931400,-7.093100,0 107.931300,-7.093200,0 107.930800,-7.093400,0 107.930600,-7.093600,0 107.930600,-7.093700,0 107.930400,-7.093800,0 107.930400,-7.093900,0 107.930300,-7.093900,0 107.929900,-7.094200,0 107.929600,-7.093500,0 107.929400,-7.093200,0 107.929300,-7.093200,0 107.929000,-7.092100,0 107.928600,-7.091100,0 107.928100,-7.090300,0 107.928300,-7.090100,0 107.928800,-7.090100,0 107.928900,-7.090200,0 107.929200,-7.090200,0 107.929200,-7.090300,0 107.929600,-7.090300,0 107.929500,-7.090200,0 107.929000,-7.090100,0 107.929000,-7.089700,0 107.928900,-7.089700,0 107.928900,-7.089600,0 107.928700,-7.089500,0 107.928500,-7.089600,0 107.928500,-7.089700,0 107.928400,-7.089700,0 107.928400,-7.089800,0 107.928500,-7.089800,0 107.928400,-7.090000,0 107.927900,-7.090100,0 107.926200,-7.088400,0 107.925700,-7.088000,0 107.924500,-7.087400,0 107.924800,-7.087400,0 107.925300,-7.087700,0 107.925500,-7.087700,0 107.925700,-7.087000,0 107.925900,-7.086700,0 107.926200,-7.086600,0 107.926400,-7.086400,0 107.927400,-7.086100,0 107.928400,-7.085600,0 107.928800,-7.085500,0 107.929100,-7.086200,0 107.929100,-7.087000,0 107.929200,-7.087100,0 107.929200,-7.087300,0 107.929300,-7.087300,0 107.929300,-7.087400,0 107.929500,-7.087600,0</coordinates></LinearRing></outerBoundaryIs><innerBoundaryIs><LinearRing><coordinates>107.934600,-7.091100,0 107.934600,-7.091200,0 107.934900,-7.091100,0 107.934600,-7.091100,0</coordinates></LinearRing></innerBoundaryIs></Polygon><Polygon><tessellate>1</tessellate><outerBoundaryIs><LinearRing><coordinates>107.938500,-7.085400,0 107.938300,-7.085400,0 107.938300,-7.085500,0 107.938100,-7.085500,0 107.938100,-7.085600,0 107.937900,-7.085300,0 107.937900,-7.084900,0 107.938000,-7.084900,0 107.938100,-7.084500,0 107.938200,-7.084700,0 107.938300,-7.084700,0 107.938500,-7.084900,0 107.938800,-7.084900,0 107.938800,-7.085100,0 107.938500,-7.085400,0</coordinates></LinearRing></outerBoundaryIs></Polygon><Polygon><tessellate>1</tessellate><outerBoundaryIs><LinearRing><coordinates>107.922200,-7.082900,0 107.922100,-7.083000,0 107.921600,-7.083000,0 107.921600,-7.082800,0 107.921700,-7.082800,0 107.921700,-7.082900,0 107.922300,-7.082800,0 107.922300,-7.082900,0 107.922200,-7.082900,0</coordinates></LinearRing></outerBoundaryIs></Polygon><Polygon><tessellate>1</tessellate><outerBoundaryIs><LinearRing><coordinates>107.929000,-7.082000,0 107.929400,-7.082000,0 107.929400,-7.081800,0 107.929500,-7.081800,0 107.929500,-7.082400,0 107.929400,-7.082500,0 107.929400,-7.082800,0 107.929300,-7.082900,0 107.929300,-7.083100,0 107.929100,-7.083600,0 107.929000,-7.084400,0 107.929000,-7.084900,0 107.929100,-7.085300,0 107.928900,-7.085300,0 107.928900,-7.085400,0 107.928200,-7.085600,0 107.927300,-7.086000,0 107.927100,-7.086000,0 107.925700,-7.086700,0 107.925700,-7.087000,0 107.925400,-7.087600,0 107.924800,-7.087400,0 107.924700,-7.087300,0 107.924500,-7.087400,0 107.924200,-7.087300,0 107.923700,-7.087300,0 107.923700,-7.087200,0 107.923300,-7.087200,0 107.923200,-7.087100,0 107.922400,-7.087000,0 107.922300,-7.086900,0 107.921900,-7.086800,0 107.921400,-7.086800,0 107.921200,-7.086700,0 107.919700,-7.086700,0 107.918600,-7.087000,0 107.918000,-7.087300,0 107.917600,-7.087400,0 107.917500,-7.087400,0 107.917500,-7.087300,0 107.917200,-7.087300,0 107.917100,-7.087500,0 107.917000,-7.087500,0 107.917100,-7.087400,0 107.917100,-7.087200,0 107.917400,-7.087000,0 107.917400,-7.086900,0 107.917500,-7.086900,0 107.917500,-7.086800,0 107.918000,-7.086800,0 107.918000,-7.086600,0 107.918100,-7.086600,0 107.918100,-7.086500,0 107.918500,-7.086400,0 107.918500,-7.086300,0 107.919200,-7.086300,0 107.919600,-7.086200,0 107.919600,-7.086100,0 107.920100,-7.086000,0 107.920300,-7.085800,0 107.920400,-7.085800,0 107.920400,-7.085700,0 107.920600,-7.085700,0 107.920500,-7.085600,0 107.920600,-7.085400,0 107.920700,-7.085400,0 107.920700,-7.084800,0 107.920800,-7.084900,0 107.920800,-7.084700,0 107.920700,-7.084700,0 107.920700,-7.084400,0 107.920800,-7.084300,0 107.921300,-7.084400,0 107.921400,-7.084100,0 107.921300,-7.084100,0 107.921300,-7.083800,0 107.921200,-7.083800,0 107.921200,-7.083700,0 107.921300,-7.083600,0 107.921400,-7.083700,0 107.921600,-7.083600,0 107.921600,-7.083300,0 107.921700,-7.083100,0 107.922000,-7.083100,0 107.922400,-7.082900,0 107.922400,-7.082800,0 107.924800,-7.082900,0 107.925000,-7.082700,0 107.926300,-7.082100,0 107.927300,-7.082000,0 107.927500,-7.081900,0 107.929000,-7.081800,0 107.929000,-7.082000,0</coordinates></LinearRing></outerBoundaryIs></Polygon><Polygon><tessellate>1</tessellate><outerBoundaryIs><LinearRing><coordinates>107.954200,-7.080800,0 107.954400,-7.080700,0 107.954500,-7.080700,0 107.954500,-7.080800,0 107.954700,-7.080800,0 107.954800,-7.081000,0 107.954900,-7.081000,0 107.954900,-7.081200,0 107.955000,-7.081200,0 107.955200,-7.081600,0 107.955300,-7.081600,0 107.955400,-7.081300,0 107.955400,-7.080900,0 107.955600,-7.080900,0 107.955600,-7.080800,0 107.955800,-7.080700,0 107.956000,-7.080800,0 107.956400,-7.080700,0 107.956400,-7.080800,0 107.956300,-7.080800,0 107.956400,-7.080900,0 107.956600,-7.080900,0 107.956600,-7.080800,0 107.957000,-7.080700,0 107.957100,-7.080900,0 107.957000,-7.080900,0 107.957100,-7.081000,0 107.957000,-7.081200,0 107.956900,-7.081200,0 107.957000,-7.081300,0 107.957300,-7.081200,0 107.957300,-7.081000,0 107.957200,-7.081000,0 107.957400,-7.080900,0 107.957500,-7.081000,0 107.957400,-7.081100,0 107.957400,-7.081300,0 107.957500,-7.081300,0 107.957500,-7.081400,0 107.957100,-7.081500,0 107.957000,-7.081700,0 107.956600,-7.081800,0 107.956600,-7.081900,0 107.956400,-7.081900,0 107.956400,-7.082100,0 107.956600,-7.082200,0 107.956600,-7.082300,0 107.956900,-7.082200,0 107.956900,-7.082700,0 107.957000,-7.082700,0 107.957000,-7.082400,0 107.957200,-7.082400,0 107.957100,-7.082500,0 107.957100,-7.082700,0 107.957300,-7.082800,0 107.957300,-7.083100,0 107.957700,-7.083100,0 107.957700,-7.083200,0 107.957800,-7.083200,0 107.957800,-7.083300,0 107.957600,-7.083400,0 107.957600,-7.084200,0 107.957700,-7.084300,0 107.957100,-7.084500,0 107.957100,-7.084600,0 107.957200,-7.084600,0 107.957200,-7.085000,0 107.956800,-7.085000,0 107.956900,-7.085100,0 107.956800,-7.085100,0 107.956800,-7.085400,0 107.956600,-7.085500,0 107.956500,-7.085900,0 107.956300,-7.085900,0 107.956300,-7.086000,0 107.956200,-7.085900,0 107.955900,-7.085900,0 107.955900,-7.086000,0 107.955700,-7.086100,0 107.955700,-7.086400,0 107.955800,-7.086400,0 107.955800,-7.086500,0 107.956000,-7.086700,0 107.956000,-7.087400,0 107.955900,-7.087400,0 107.955900,-7.087800,0 107.955800,-7.087800,0 107.955800,-7.088100,0 107.955600,-7.088500,0 107.955500,-7.088500,0 107.955400,-7.088900,0 107.955000,-7.089400,0 107.955000,-7.089600,0 107.954900,-7.089700,0 107.955000,-7.090100,0 107.955000,-7.090000,0 107.954800,-7.090800,0 107.954700,-7.090900,0 107.954800,-7.091100,0 107.954700,-7.091100,0 107.954700,-7.091200,0 107.954400,-7.091300,0 107.954000,-7.091200,0 107.953800,-7.091400,0 107.952900,-7.091500,0 107.953000,-7.091800,0 107.952800,-7.092000,0 107.952500,-7.092000,0 107.952300,-7.091800,0 107.952000,-7.091800,0 107.951900,-7.091700,0 107.951600,-7.091700,0 107.951600,-7.091800,0 107.951500,-7.091800,0 107.951500,-7.092000,0 107.951200,-7.092000,0 107.951000,-7.091900,0 107.951000,-7.091600,0 107.951100,-7.091400,0 107.950900,-7.091300,0 107.950900,-7.091200,0 107.950900,-7.091300,0 107.950400,-7.091300,0 107.950200,-7.091200,0 107.950200,-7.091100,0 107.950100,-7.091100,0 107.950100,-7.090900,0 107.949900,-7.090800,0 107.949400,-7.090800,0 107.949400,-7.090900,0 107.949300,-7.090900,0 107.949200,-7.091100,0 107.948400,-7.091100,0 107.948300,-7.091200,0 107.948200,-7.091200,0 107.948200,-7.091100,0 107.947700,-7.091100,0 107.947600,-7.090900,0 107.947200,-7.090900,0 107.947200,-7.091000,0 107.947000,-7.091000,0 107.946900,-7.090600,0 107.946800,-7.090600,0 107.946500,-7.090300,0 107.946500,-7.090100,0 107.946300,-7.090100,0 107.946300,-7.090000,0 107.946000,-7.090000,0 107.946000,-7.089900,0 107.945800,-7.089800,0 107.945800,-7.089700,0 107.945600,-7.089700,0 107.945200,-7.089400,0 107.944800,-7.089300,0 107.944800,-7.089000,0 107.944600,-7.088900,0 107.944600,-7.088700,0 107.944000,-7.088400,0 107.943700,-7.088400,0 107.943700,-7.088300,0 107.943500,-7.088300,0 107.943300,-7.087900,0 107.942900,-7.088000,0 107.942900,-7.088100,0 107.942800,-7.088100,0 107.942800,-7.088300,0 107.942700,-7.088300,0 107.942700,-7.088400,0 107.942500,-7.088400,0 107.942400,-7.088300,0 107.942400,-7.087900,0 107.942300,-7.087900,0 107.942100,-7.087700,0 107.942000,-7.087800,0 107.941600,-7.087800,0 107.941600,-7.087900,0 107.941500,-7.087900,0 107.941500,-7.088300,0 107.941600,-7.088400,0 107.941500,-7.088400,0 107.941500,-7.088600,0 107.941300,-7.088700,0 107.941400,-7.088900,0 107.941200,-7.089000,0 107.941100,-7.089200,0 107.940900,-7.089200,0 107.940800,-7.089000,0 107.940600,-7.089000,0 107.940600,-7.088900,0 107.940500,-7.088900,0 107.940500,-7.088700,0 107.940300,-7.088700,0 107.940200,-7.088900,0 107.939900,-7.088900,0 107.939900,-7.089000,0 107.939500,-7.089000,0 107.939500,-7.089100,0 107.939400,-7.089100,0 107.939400,-7.089300,0 107.939200,-7.089400,0 107.939100,-7.089300,0 107.939000,-7.089400,0 107.938800,-7.089400,0 107.938700,-7.089800,0 107.938600,-7.089900,0 107.938400,-7.089900,0 107.938400,-7.090000,0 107.938200,-7.090000,0 107.938100,-7.090300,0 107.937800,-7.090300,0 107.937800,-7.090400,0 107.937300,-7.090400,0 107.937200,-7.090500,0 107.936800,-7.090500,0 107.936800,-7.090600,0 107.936700,-7.090600,0 107.936200,-7.090300,0 107.936000,-7.090300,0 107.935700,-7.090100,0 107.935500,-7.090100,0 107.935500,-7.089900,0 107.935700,-7.090000,0 107.935600,-7.089700,0 107.936000,-7.089700,0 107.936000,-7.089900,0 107.936100,-7.090000,0 107.936100,-7.089800,0 107.936400,-7.089800,0 107.936500,-7.089600,0 107.936600,-7.089600,0 107.936500,-7.089000,0 107.936900,-7.089000,0 107.936900,-7.088700,0 107.937200,-7.088700,0 107.937100,-7.088600,0 107.937100,-7.088400,0 107.937500,-7.088300,0 107.937500,-7.087800,0 107.937400,-7.087800,0 107.937400,-7.087700,0 107.937500,-7.087700,0 107.937600,-7.087500,0 107.938500,-7.087200,0 107.938600,-7.087100,0 107.938600,-7.086900,0 107.938800,-7.086900,0 107.938900,-7.087100,0 107.939100,-7.087000,0 107.939200,-7.086800,0 107.939200,-7.086500,0 107.939300,-7.086400,0 107.939200,-7.086300,0 107.938200,-7.086300,0 107.938100,-7.085900,0 107.938000,-7.085900,0 107.938000,-7.085700,0 107.938300,-7.085600,0 107.938300,-7.085500,0 107.938600,-7.085500,0 107.938800,-7.085100,0 107.938900,-7.085000,0 107.939000,-7.085100,0 107.939000,-7.084900,0 107.938700,-7.084900,0 107.938300,-7.084700,0 107.938300,-7.084500,0 107.938200,-7.084500,0 107.938800,-7.083900,0 107.938900,-7.083900,0 107.938900,-7.083800,0 107.939100,-7.083700,0 107.939100,-7.083400,0 107.939200,-7.083400,0 107.939200,-7.083300,0 107.939600,-7.083200,0 107.939700,-7.083100,0 107.940100,-7.083100,0 107.940500,-7.082900,0 107.941100,-7.082800,0 107.941800,-7.082800,0 107.941900,-7.083000,0 107.942300,-7.083000,0 107.942400,-7.083100,0 107.943200,-7.083100,0 107.943100,-7.083400,0 107.943400,-7.083600,0 107.943600,-7.083600,0 107.943600,-7.083200,0 107.943900,-7.083200,0 107.943900,-7.083300,0 107.944100,-7.083400,0 107.944100,-7.083700,0 107.944300,-7.083800,0 107.944200,-7.084200,0 107.944400,-7.084300,0 107.944300,-7.084400,0 107.943900,-7.084400,0 107.943900,-7.084500,0 107.944300,-7.084500,0 107.944300,-7.084600,0 107.944800,-7.084600,0 107.944800,-7.084500,0 107.945000,-7.084500,0 107.945000,-7.084900,0 107.945100,-7.084900,0 107.945100,-7.084200,0 107.945300,-7.084200,0 107.945300,-7.083900,0 107.945500,-7.083800,0 107.945800,-7.083800,0 107.945900,-7.084000,0 107.946000,-7.084000,0 107.946100,-7.084200,0 107.946300,-7.084300,0 107.946300,-7.084500,0 107.946500,-7.084500,0 107.946600,-7.084700,0 107.947100,-7.084700,0 107.947200,-7.084600,0 107.947500,-7.084600,0 107.947600,-7.084500,0 107.947800,-7.084600,0 107.947900,-7.084400,0 107.948100,-7.084400,0 107.948100,-7.084300,0 107.948500,-7.084300,0 107.948800,-7.084100,0 107.949000,-7.084100,0 107.949300,-7.084400,0 107.949200,-7.084600,0 107.949600,-7.084600,0 107.949500,-7.084800,0 107.949500,-7.085100,0 107.949600,-7.085100,0 107.949600,-7.085300,0 107.949700,-7.085300,0 107.949800,-7.085700,0 107.950100,-7.086100,0 107.950100,-7.086000,0 107.950300,-7.086000,0 107.950300,-7.085900,0 107.950800,-7.085500,0 107.950800,-7.085100,0 107.950900,-7.085100,0 107.950800,-7.085100,0 107.950900,-7.085100,0 107.951000,-7.084900,0 107.951100,-7.084900,0 107.951200,-7.084600,0 107.951400,-7.084600,0 107.951500,-7.084500,0 107.951500,-7.084300,0 107.951800,-7.084300,0 107.951800,-7.083800,0 107.951900,-7.083800,0 107.951800,-7.083600,0 107.951900,-7.083500,0 107.951900,-7.083200,0 107.951500,-7.083200,0 107.951500,-7.083300,0 107.951200,-7.083300,0 107.951000,-7.082900,0 107.950300,-7.082800,0 107.950300,-7.082700,0 107.950200,-7.082700,0 107.950200,-7.082600,0 107.950000,-7.082500,0 107.949700,-7.082500,0 107.949500,-7.082300,0 107.949400,-7.082300,0 107.949400,-7.082200,0 107.949600,-7.082100,0 107.949700,-7.081800,0 107.950000,-7.081700,0 107.950300,-7.081800,0 107.950300,-7.081900,0 107.950500,-7.081900,0 107.950500,-7.082000,0 107.951000,-7.082000,0 107.951100,-7.081900,0 107.951300,-7.081900,0 107.951400,-7.082200,0 107.951600,-7.082300,0 107.951500,-7.081900,0 107.951700,-7.081900,0 107.951900,-7.081700,0 107.952300,-7.081500,0 107.952300,-7.081400,0 107.952400,-7.081400,0 107.952400,-7.081300,0 107.952600,-7.081100,0 107.953100,-7.081100,0 107.953200,-7.081000,0 107.953200,-7.080800,0 107.953600,-7.080800,0 107.953800,-7.080700,0 107.954100,-7.080700,0 107.954100,-7.080800,0 107.954200,-7.080800,0</coordinates></LinearRing></outerBoundaryIs><innerBoundaryIs><LinearRing><coordinates>107.951100,-7.082900,0 107.951200,-7.083000,0 107.951100,-7.082800,0 107.951000,-7.082800,0 107.951000,-7.082900,0 107.951100,-7.082900,0</coordinates></LinearRing></innerBoundaryIs><innerBoundaryIs><LinearRing><coordinates>107.951000,-7.085700,0 107.951000,-7.086000,0 107.950800,-7.086000,0 107.950800,-7.085900,0 107.950700,-7.085900,0 107.950700,-7.086400,0 107.950800,-7.086500,0 107.951100,-7.086500,0 107.951200,-7.086300,0 107.951300,-7.086300,0 107.951300,-7.086500,0 107.951200,-7.086600,0 107.951200,-7.086800,0 107.951300,-7.086900,0 107.951300,-7.087100,0 107.951200,-7.087100,0 107.951300,-7.087400,0 107.951100,-7.087400,0 107.951100,-7.087600,0 107.951300,-7.087900,0 107.951500,-7.087600,0 107.951500,-7.087200,0 107.951700,-7.087000,0 107.951700,-7.086900,0 107.951900,-7.086900,0 107.951900,-7.086500,0 107.951700,-7.086500,0 107.951700,-7.086100,0 107.951600,-7.086000,0 107.951500,-7.086000,0 107.951500,-7.086100,0 107.951400,-7.086100,0 107.951400,-7.086000,0 107.951200,-7.086000,0 107.951300,-7.085800,0 107.951000,-7.085700,0</coordinates></LinearRing></innerBoundaryIs></Polygon><Polygon><tessellate>1</tessellate><outerBoundaryIs><LinearRing><coordinates>107.925800,-7.077400,0 107.926400,-7.077400,0 107.926500,-7.077500,0 107.926900,-7.077500,0 107.926900,-7.077600,0 107.927100,-7.077600,0 107.927100,-7.077400,0 107.927800,-7.077400,0 107.928000,-7.077300,0 107.928300,-7.077300,0 107.928400,-7.077200,0 107.929100,-7.077200,0 107.929300,-7.077100,0 107.929700,-7.077100,0 107.929700,-7.077800,0 107.929800,-7.077900,0 107.929800,-7.078100,0 107.929700,-7.078200,0 107.929500,-7.078100,0 107.929400,-7.078500,0 107.929200,-7.078500,0 107.929200,-7.078400,0 107.929100,-7.078400,0 107.929200,-7.078800,0 107.929000,-7.078900,0 107.929000,-7.079000,0 107.928800,-7.079000,0 107.928800,-7.079100,0 107.928700,-7.079100,0 107.928900,-7.079100,0 107.928900,-7.079200,0 107.929100,-7.079300,0 107.929100,-7.079600,0 107.929200,-7.079600,0 107.929200,-7.079800,0 107.929300,-7.079800,0 107.929300,-7.080100,0 107.929500,-7.080400,0 107.929600,-7.080900,0 107.929500,-7.080900,0 107.929600,-7.081100,0 107.929500,-7.081200,0 107.929500,-7.081500,0 107.929300,-7.081700,0 107.928300,-7.081800,0 107.928300,-7.081700,0 107.928100,-7.081700,0 107.928100,-7.081800,0 107.926300,-7.082100,0 107.925000,-7.082600,0 107.924800,-7.082800,0 107.924400,-7.082200,0 107.924700,-7.082800,0 107.924800,-7.082800,0 107.924500,-7.082900,0 107.924100,-7.082800,0 107.922600,-7.082800,0 107.922300,-7.082700,0 107.922300,-7.082400,0 107.922200,-7.082400,0 107.922200,-7.082200,0 107.922600,-7.082100,0 107.922600,-7.082000,0 107.922500,-7.082000,0 107.922500,-7.081000,0 107.922100,-7.080800,0 107.922100,-7.080400,0 107.922700,-7.080400,0 107.922700,-7.080300,0 107.922900,-7.080300,0 107.923000,-7.080600,0 107.923500,-7.080600,0 107.923600,-7.080500,0 107.923600,-7.080100,0 107.923500,-7.079900,0 107.923500,-7.078300,0 107.923600,-7.078100,0 107.924000,-7.078100,0 107.924100,-7.077900,0 107.924400,-7.078000,0 107.924400,-7.077800,0 107.924300,-7.077700,0 107.924400,-7.077700,0 107.924500,-7.077500,0 107.925100,-7.077000,0 107.925100,-7.076900,0 107.925300,-7.077000,0 107.925400,-7.077200,0 107.925600,-7.077200,0 107.925600,-7.077300,0 107.925800,-7.077400,0</coordinates></LinearRing></outerBoundaryIs></Polygon><Polygon><tessellate>1</tessellate><outerBoundaryIs><LinearRing><coordinates>107.927300,-7.072800,0 107.927200,-7.073000,0 107.927300,-7.073100,0 107.927300,-7.073300,0 107.927500,-7.073400,0 107.927500,-7.073600,0 107.927700,-7.073600,0 107.927600,-7.074200,0 107.927300,-7.074200,0 107.927300,-7.074400,0 107.927400,-7.074600,0 107.927600,-7.074600,0 107.927700,-7.074700,0 107.927700,-7.074900,0 107.927500,-7.074900,0 107.927500,-7.075100,0 107.927100,-7.075100,0 107.927100,-7.075200,0 107.927300,-7.075300,0 107.927200,-7.075700,0 107.927700,-7.075700,0 107.927700,-7.076000,0 107.927900,-7.076100,0 107.927800,-7.076300,0 107.927600,-7.076200,0 107.927600,-7.076400,0 107.927800,-7.076500,0 107.927800,-7.076400,0 107.928000,-7.076400,0 107.928000,-7.076500,0 107.928200,-7.076600,0 107.928900,-7.076600,0 107.928900,-7.076700,0 107.929100,-7.076700,0 107.929100,-7.076600,0 107.929200,-7.076600,0 107.929200,-7.076700,0 107.929300,-7.076700,0 107.929300,-7.077000,0 107.929100,-7.077100,0 107.928600,-7.077100,0 107.928400,-7.077200,0 107.927700,-7.077300,0 107.927100,-7.077300,0 107.927100,-7.077500,0 107.926700,-7.077500,0 107.926200,-7.077300,0 107.925800,-7.077300,0 107.925100,-7.076800,0 107.925400,-7.076700,0 107.925500,-7.076500,0 107.925500,-7.075800,0 107.925700,-7.075200,0 107.925900,-7.075100,0 107.926100,-7.074700,0 107.926100,-7.074600,0 107.925900,-7.074400,0 107.925800,-7.074000,0 107.925900,-7.074000,0 107.925900,-7.073800,0 107.926000,-7.073800,0 107.926100,-7.073500,0 107.925900,-7.073500,0 107.925900,-7.073400,0 107.926100,-7.073400,0 107.926100,-7.073300,0 107.926600,-7.073400,0 107.926800,-7.072900,0 107.927000,-7.073000,0 107.927100,-7.072700,0 107.927100,-7.072800,0 107.927300,-7.072800,0</coordinates></LinearRing></outerBoundaryIs></Polygon></MultiGeometry></Placemark><Placemark><name>DI Citameng I</name><styleUrl>#w5</styleUrl><description><![CDATA[<table><tr><td>Luas</td><td align='right'><b>616,0000</b> ha</td></tr><tr><td>Luas</td><td align='right'><b>6.160.000</b> m²</td></tr><tr><td>Keliling</td><td align='right'><b>103.355</b> m</td></tr><tr><td>Tinggi rata-rata</td><td align='right'><b>676,0</b> m dpl</td></tr><tr><td>Rezim</td><td align='right'><b>FL</b> </td></tr><tr><td>Kebutuhan air</td><td align='right'><b>1.419.250</b> m³</td></tr><tr><td>Kebutuhan air</td><td align='right'><b>230</b> mm</td></tr><tr><td>Debit</td><td align='right'><b>180,51</b> l/detik</td></tr><tr><td>NFR</td><td align='right'><b>1,65</b> mm/hari</td></tr><tr><td>Water loss</td><td align='right'><b>8.847.743</b> m³</td></tr><tr><td>Water loss</td><td align='right'><b>1.436</b> mm</td></tr></table>]]></description><MultiGeometry><Polygon><tessellate>1</tessellate><outerBoundaryIs><LinearRing><coordinates>108.019300,-7.165400,0 108.020000,-7.165400,0 108.020000,-7.165500,0 108.020100,-7.165500,0 108.020100,-7.165700,0 108.020000,-7.165800,0 108.019700,-7.165800,0 108.019400,-7.166200,0 108.019200,-7.166300,0 108.018400,-7.167100,0 108.018300,-7.167300,0 108.018200,-7.167300,0 108.018200,-7.167200,0 108.017900,-7.167300,0 108.017700,-7.167100,0 108.017700,-7.167000,0 108.017600,-7.167000,0 108.017600,-7.167200,0 108.017500,-7.167200,0 108.017400,-7.167000,0 108.016800,-7.167200,0 108.016900,-7.167200,0 108.017300,-7.166800,0 108.017500,-7.166300,0 108.018200,-7.165600,0 108.018500,-7.165400,0 108.019300,-7.165400,0</coordinates></LinearRing></outerBoundaryIs></Polygon><Polygon><tessellate>1</tessellate><outerBoundaryIs><LinearRing><coordinates>108.013100,-7.164000,0 108.013200,-7.164300,0 108.013900,-7.165500,0 108.014000,-7.165400,0 108.014400,-7.165400,0 108.014500,-7.165500,0 108.014500,-7.165700,0 108.014400,-7.165700,0 108.014400,-7.165800,0 108.014200,-7.165900,0 108.014300,-7.166200,0 108.014500,-7.166200,0 108.014700,-7.166000,0 108.014600,-7.165600,0 108.014700,-7.165600,0 108.014700,-7.165700,0 108.014900,-7.165700,0 108.014700,-7.165300,0 108.014900,-7.165400,0 108.015000,-7.165200,0 108.015100,-7.165200,0 108.015300,-7.165400,0 108.015300,-7.165500,0 108.015200,-7.165500,0 108.015200,-7.165800,0 108.015300,-7.166000,0 108.015500,-7.166000,0 108.015700,-7.166300,0 108.015900,-7.166400,0 108.016100,-7.166600,0 108.016100,-7.166700,0 108.016300,-7.166800,0 108.016200,-7.166900,0 108.016300,-7.166900,0 108.016200,-7.167200,0 108.016300,-7.167200,0 108.016300,-7.167400,0 108.016100,-7.167400,0 108.016000,-7.167600,0 108.015900,-7.167400,0 108.015800,-7.167400,0 108.015900,-7.167700,0 108.015700,-7.167700,0 108.015600,-7.167800,0 108.015700,-7.167900,0 108.015700,-7.168100,0 108.015600,-7.168100,0 108.015500,-7.168300,0 108.015600,-7.168300,0 108.015600,-7.168500,0 108.015700,-7.168400,0 108.015900,-7.168400,0 108.015900,-7.169200,0 108.016100,-7.169200,0 108.016100,-7.169400,0 108.015900,-7.169400,0 108.015900,-7.169500,0 108.016000,-7.169500,0 108.015800,-7.170100,0 108.015800,-7.170500,0 108.015700,-7.170600,0 108.015400,-7.170600,0 108.014900,-7.169900,0 108.014700,-7.169800,0 108.014200,-7.169900,0 108.013600,-7.170200,0 108.013300,-7.170200,0 108.013300,-7.170000,0 108.013400,-7.170000,0 108.013300,-7.169900,0 108.013300,-7.170000,0 108.013100,-7.170000,0 108.013100,-7.169900,0 108.012700,-7.169800,0 108.012700,-7.169700,0 108.012600,-7.169700,0 108.012400,-7.169500,0 108.012200,-7.169500,0 108.012400,-7.169600,0 108.012400,-7.169700,0 108.012200,-7.169600,0 108.011800,-7.169700,0 108.011700,-7.169100,0 108.011600,-7.169100,0 108.011700,-7.168900,0 108.011400,-7.168500,0 108.011400,-7.168400,0 108.011600,-7.168300,0 108.011500,-7.168200,0 108.011500,-7.168300,0 108.011200,-7.168300,0 108.011200,-7.168100,0 108.011000,-7.167900,0 108.011200,-7.167800,0 108.011400,-7.167900,0 108.011400,-7.167800,0 108.011500,-7.167800,0 108.011700,-7.168000,0 108.011600,-7.168200,0 108.011800,-7.168200,0 108.011800,-7.168100,0 108.012100,-7.168100,0 108.012200,-7.168300,0 108.012400,-7.168300,0 108.012500,-7.168400,0 108.012600,-7.168400,0 108.012600,-7.168200,0 108.012800,-7.168100,0 108.012700,-7.168000,0 108.012500,-7.168000,0 108.012200,-7.167700,0 108.011500,-7.167300,0 108.011500,-7.167100,0 108.011300,-7.167000,0 108.011200,-7.166800,0 108.011000,-7.166700,0 108.010600,-7.166700,0 108.010400,-7.166300,0 108.010200,-7.166200,0 108.009900,-7.165800,0 108.010100,-7.165800,0 108.010100,-7.165700,0 108.010300,-7.165600,0 108.010200,-7.165500,0 108.010000,-7.165500,0 108.009900,-7.165600,0 108.009700,-7.165500,0 108.009200,-7.164500,0 108.009300,-7.164500,0 108.009300,-7.164300,0 108.009700,-7.164300,0 108.009900,-7.164400,0 108.010000,-7.164400,0 108.010000,-7.164300,0 108.010200,-7.164500,0 108.010500,-7.164600,0 108.010500,-7.164500,0 108.010200,-7.164200,0 108.010200,-7.164100,0 108.010300,-7.164100,0 108.010200,-7.163900,0 108.010400,-7.163800,0 108.010500,-7.163800,0 108.010500,-7.163900,0 108.010700,-7.163800,0 108.010700,-7.163600,0 108.010900,-7.163700,0 108.011100,-7.164100,0 108.011100,-7.164400,0 108.011200,-7.164500,0 108.011200,-7.164300,0 108.011300,-7.164300,0 108.011300,-7.164400,0 108.011500,-7.164500,0 108.011500,-7.164400,0 108.011700,-7.164300,0 108.011800,-7.164100,0 108.011900,-7.164100,0 108.011900,-7.164000,0 108.012400,-7.164000,0 108.012400,-7.163800,0 108.012500,-7.163800,0 108.012900,-7.163500,0 108.013100,-7.163500,0 108.013500,-7.163700,0 108.013500,-7.163800,0 108.013100,-7.164000,0</coordinates></LinearRing></outerBoundaryIs></Polygon><Polygon><tessellate>1</tessellate><outerBoundaryIs><LinearRing><coordinates>108.010300,-7.163500,0 108.009900,-7.163700,0 108.009700,-7.163600,0 108.009700,-7.163500,0 108.010000,-7.163500,0 108.010000,-7.163400,0 108.010200,-7.163300,0 108.010300,-7.163300,0 108.010300,-7.163500,0</coordinates></LinearRing></outerBoundaryIs></Polygon><Polygon><tessellate>1</tessellate><outerBoundaryIs><LinearRing><coordinates>108.017900,-7.163300,0 108.018000,-7.163400,0 108.017900,-7.163400,0 108.017800,-7.163600,0 108.017500,-7.163600,0 108.017500,-7.163700,0 108.017700,-7.163800,0 108.017800,-7.163600,0 108.017900,-7.163700,0 108.018100,-7.163700,0 108.018100,-7.163800,0 108.018000,-7.163800,0 108.018500,-7.163800,0 108.018700,-7.164000,0 108.018600,-7.164200,0 108.018700,-7.164200,0 108.018700,-7.164800,0 108.019000,-7.164800,0 108.019000,-7.164600,0 108.019100,-7.164600,0 108.019100,-7.164500,0 108.019300,-7.164500,0 108.019300,-7.164600,0 108.019500,-7.164700,0 108.020100,-7.164600,0 108.020300,-7.164900,0 108.020700,-7.164900,0 108.020900,-7.165300,0 108.021200,-7.165500,0 108.021300,-7.165900,0 108.021400,-7.165900,0 108.021400,-7.166000,0 108.021300,-7.166000,0 108.021300,-7.166200,0 108.021100,-7.166300,0 108.021100,-7.166200,0 108.021000,-7.166200,0 108.021000,-7.166100,0 108.020800,-7.166000,0 108.020700,-7.166100,0 108.020800,-7.166100,0 108.020800,-7.166300,0 108.020600,-7.166100,0 108.020600,-7.166000,0 108.020400,-7.165900,0 108.020500,-7.165800,0 108.020300,-7.165700,0 108.020200,-7.165500,0 108.019800,-7.165300,0 108.019600,-7.165300,0 108.019500,-7.165400,0 108.019300,-7.165300,0 108.018500,-7.165300,0 108.018000,-7.165600,0 108.017200,-7.166600,0 108.017100,-7.166900,0 108.016700,-7.167200,0 108.016600,-7.167000,0 108.016600,-7.166900,0 108.016700,-7.166900,0 108.016700,-7.166700,0 108.016600,-7.166700,0 108.016600,-7.166800,0 108.016300,-7.166800,0 108.016300,-7.166700,0 108.015700,-7.166100,0 108.015800,-7.165900,0 108.016000,-7.166000,0 108.016300,-7.166000,0 108.016300,-7.165900,0 108.016400,-7.165900,0 108.016500,-7.165700,0 108.016700,-7.165600,0 108.016700,-7.165500,0 108.016400,-7.165500,0 108.016400,-7.165600,0 108.016200,-7.165600,0 108.016200,-7.165500,0 108.016400,-7.165500,0 108.016600,-7.165300,0 108.016700,-7.164900,0 108.016600,-7.164600,0 108.016100,-7.164100,0 108.016100,-7.164000,0 108.016200,-7.164100,0 108.016400,-7.164000,0 108.016200,-7.163900,0 108.016200,-7.163800,0 108.015900,-7.163800,0 108.015900,-7.163700,0 108.016100,-7.163600,0 108.016100,-7.163500,0 108.016300,-7.163500,0 108.016300,-7.163400,0 108.016500,-7.163400,0 108.016700,-7.163500,0 108.016800,-7.163700,0 108.017000,-7.163700,0 108.017300,-7.163500,0 108.017700,-7.163500,0 108.017700,-7.163400,0 108.017900,-7.163300,0</coordinates></LinearRing></outerBoundaryIs></Polygon><Polygon><tessellate>1</tessellate><outerBoundaryIs><LinearRing><coordinates>108.014700,-7.162600,0 108.014500,-7.163100,0 108.014600,-7.163300,0 108.014700,-7.163300,0 108.014900,-7.163500,0 108.014900,-7.163600,0 108.015200,-7.163700,0 108.015500,-7.164000,0 108.015800,-7.164100,0 108.015800,-7.164200,0 108.016200,-7.164500,0 108.016400,-7.164800,0 108.016400,-7.165200,0 108.015900,-7.165300,0 108.015900,-7.165100,0 108.015700,-7.165000,0 108.015600,-7.164700,0 108.014400,-7.163800,0 108.014300,-7.163600,0 108.014000,-7.163400,0 108.013800,-7.163000,0 108.013900,-7.162800,0 108.013700,-7.162800,0 108.013600,-7.162700,0 108.013700,-7.162700,0 108.013700,-7.162600,0 108.014000,-7.162700,0 108.014000,-7.162500,0 108.014200,-7.162300,0 108.014500,-7.162300,0 108.014700,-7.162400,0 108.014700,-7.162600,0</coordinates></LinearRing></outerBoundaryIs></Polygon><Polygon><tessellate>1</tessellate><outerBoundaryIs><LinearRing><coordinates>108.016700,-7.161900,0 108.016700,-7.162100,0 108.016800,-7.162100,0 108.016900,-7.161900,0 108.017300,-7.161800,0 108.017400,-7.162000,0 108.018200,-7.162400,0 108.018200,-7.162500,0 108.018400,-7.162400,0 108.018400,-7.162300,0 108.018500,-7.162300,0 108.018500,-7.162400,0 108.018600,-7.162400,0 108.018600,-7.162600,0 108.018500,-7.162600,0 108.018500,-7.162700,0 108.018300,-7.162700,0 108.018200,-7.162900,0 108.017900,-7.162900,0 108.017900,-7.162800,0 108.017400,-7.162600,0 108.017100,-7.162600,0 108.016900,-7.162900,0 108.016200,-7.162900,0 108.016000,-7.162800,0 108.015700,-7.162800,0 108.015600,-7.162900,0 108.015200,-7.163000,0 108.015300,-7.163400,0 108.015400,-7.163400,0 108.015400,-7.163300,0 108.015400,-7.163400,0 108.015500,-7.163400,0 108.015500,-7.163500,0 108.015700,-7.163600,0 108.015700,-7.163800,0 108.016000,-7.164200,0 108.016000,-7.164300,0 108.014700,-7.163300,0 108.014700,-7.162800,0 108.014800,-7.162700,0 108.015400,-7.162600,0 108.015400,-7.162500,0 108.015800,-7.162300,0 108.016000,-7.162300,0 108.016000,-7.162200,0 108.015900,-7.162200,0 108.015800,-7.162000,0 108.016000,-7.162000,0 108.016100,-7.161800,0 108.016200,-7.161900,0 108.016300,-7.161900,0 108.016300,-7.161800,0 108.016600,-7.161800,0 108.016700,-7.161900,0</coordinates></LinearRing></outerBoundaryIs></Polygon><Polygon><tessellate>1</tessellate><outerBoundaryIs><LinearRing><coordinates>108.013500,-7.161600,0 108.013600,-7.161700,0 108.013800,-7.161700,0 108.013800,-7.162000,0 108.013700,-7.162000,0 108.013700,-7.162100,0 108.013400,-7.162100,0 108.013400,-7.162200,0 108.012700,-7.162200,0 108.012600,-7.162300,0 108.012400,-7.162300,0 108.012300,-7.162100,0 108.012100,-7.162100,0 108.012300,-7.161800,0 108.012500,-7.161800,0 108.013100,-7.161500,0 108.013500,-7.161600,0</coordinates></LinearRing></outerBoundaryIs></Polygon><Polygon><tessellate>1</tessellate><outerBoundaryIs><LinearRing><coordinates>108.010800,-7.162100,0 108.011100,-7.162100,0 108.011200,-7.162000,0 108.011400,-7.162100,0 108.011400,-7.162200,0 108.011500,-7.162200,0 108.011500,-7.162400,0 108.011400,-7.162500,0 108.011100,-7.162500,0 108.010900,-7.162400,0 108.011000,-7.162600,0 108.011800,-7.162500,0 108.011900,-7.162700,0 108.012200,-7.162700,0 108.012200,-7.162800,0 108.012100,-7.162800,0 108.012000,-7.163000,0 108.011600,-7.163000,0 108.011600,-7.163100,0 108.011400,-7.163100,0 108.011000,-7.163300,0 108.010800,-7.163300,0 108.010700,-7.163200,0 108.010700,-7.163600,0 108.010500,-7.163700,0 108.010400,-7.163600,0 108.010300,-7.163200,0 108.010200,-7.163400,0 108.010000,-7.163400,0 108.009900,-7.163500,0 108.009700,-7.163500,0 108.009700,-7.163400,0 108.009500,-7.163300,0 108.009500,-7.163100,0 108.009200,-7.162900,0 108.008800,-7.162400,0 108.008700,-7.162400,0 108.008700,-7.162300,0 108.008900,-7.162100,0 108.008700,-7.161700,0 108.008800,-7.161600,0 108.009100,-7.161600,0 108.009100,-7.161700,0 108.009300,-7.161800,0 108.009500,-7.161800,0 108.009700,-7.162200,0 108.009800,-7.162200,0 108.009800,-7.162300,0 108.009800,-7.162100,0 108.009700,-7.162000,0 108.009700,-7.161600,0 108.009800,-7.161500,0 108.010200,-7.161500,0 108.010500,-7.161600,0 108.010500,-7.161700,0 108.010700,-7.161800,0 108.010700,-7.162000,0 108.010800,-7.162000,0 108.010800,-7.162100,0</coordinates></LinearRing></outerBoundaryIs></Polygon><Polygon><tessellate>1</tessellate><outerBoundaryIs><LinearRing><coordinates>108.005000,-7.161600,0 108.005200,-7.161800,0 108.005400,-7.162300,0 108.005500,-7.162300,0 108.005500,-7.162400,0 108.005800,-7.162700,0 108.006000,-7.163200,0 108.006100,-7.163200,0 108.006100,-7.163500,0 108.005800,-7.163800,0 108.005400,-7.164000,0 108.005100,-7.164000,0 108.004300,-7.164600,0 108.004400,-7.164800,0 108.004800,-7.164800,0 108.004900,-7.165300,0 108.004600,-7.165400,0 108.004500,-7.165600,0 108.004600,-7.165800,0 108.005000,-7.165800,0 108.004800,-7.165400,0 108.005200,-7.165300,0 108.005300,-7.165400,0 108.005500,-7.165300,0 108.005400,-7.165200,0 108.005700,-7.165000,0 108.005700,-7.164900,0 108.005500,-7.164900,0 108.005500,-7.164700,0 108.005600,-7.164700,0 108.005700,-7.164500,0 108.005600,-7.164500,0 108.005500,-7.164300,0 108.005500,-7.164400,0 108.005400,-7.164400,0 108.005400,-7.164200,0 108.005300,-7.164200,0 108.005200,-7.164000,0 108.005500,-7.164000,0 108.005900,-7.163700,0 108.006000,-7.163700,0 108.006000,-7.164000,0 108.006100,-7.164000,0 108.006100,-7.163900,0 108.006300,-7.163900,0 108.006200,-7.163500,0 108.006500,-7.163200,0 108.006500,-7.163100,0 108.006600,-7.163100,0 108.006700,-7.162900,0 108.007300,-7.162600,0 108.007500,-7.162600,0 108.007500,-7.163000,0 108.007800,-7.163400,0 108.008000,-7.163300,0 108.008000,-7.163500,0 108.008100,-7.163500,0 108.008100,-7.163600,0 108.007900,-7.163700,0 108.007900,-7.163800,0 108.008000,-7.163800,0 108.008100,-7.164400,0 108.008500,-7.164300,0 108.008500,-7.164500,0 108.008400,-7.164500,0 108.008500,-7.164600,0 108.008500,-7.164500,0 108.008700,-7.164500,0 108.008700,-7.164300,0 108.008800,-7.164300,0 108.008800,-7.164200,0 108.008900,-7.164200,0 108.008900,-7.164300,0 108.009100,-7.164300,0 108.009100,-7.164400,0 108.009200,-7.164400,0 108.009200,-7.164600,0 108.009000,-7.164800,0 108.009000,-7.165100,0 108.009200,-7.165200,0 108.009300,-7.165000,0 108.009500,-7.165000,0 108.009500,-7.165200,0 108.010100,-7.166100,0 108.010400,-7.166400,0 108.010600,-7.166800,0 108.010600,-7.166900,0 108.010400,-7.167100,0 108.010300,-7.167100,0 108.010300,-7.167200,0 108.009800,-7.167600,0 108.009900,-7.167800,0 108.009800,-7.167800,0 108.009800,-7.168000,0 108.009700,-7.168000,0 108.009700,-7.168100,0 108.009800,-7.168100,0 108.009900,-7.168300,0 108.010000,-7.168300,0 108.010000,-7.168500,0 108.009800,-7.168600,0 108.009400,-7.167800,0 108.009200,-7.167600,0 108.008600,-7.167600,0 108.008600,-7.167800,0 108.008200,-7.168000,0 108.007900,-7.168000,0 108.007900,-7.168200,0 108.008100,-7.168200,0 108.008200,-7.168100,0 108.008300,-7.168300,0 108.008500,-7.168200,0 108.008500,-7.168100,0 108.008600,-7.168200,0 108.008600,-7.168100,0 108.008700,-7.168100,0 108.008800,-7.168300,0 108.008900,-7.168300,0 108.008500,-7.168500,0 108.008500,-7.168800,0 108.008400,-7.168800,0 108.008400,-7.169000,0 108.008600,-7.169200,0 108.008600,-7.169400,0 108.008800,-7.169400,0 108.008800,-7.169300,0 108.008900,-7.169400,0 108.009200,-7.169300,0 108.009300,-7.169400,0 108.009600,-7.169400,0 108.009600,-7.169600,0 108.009800,-7.169700,0 108.010100,-7.169400,0 108.009900,-7.169200,0 108.010000,-7.169200,0 108.010400,-7.168900,0 108.010400,-7.168800,0 108.010300,-7.168800,0 108.010300,-7.168600,0 108.010500,-7.168500,0 108.010300,-7.168300,0 108.010400,-7.168300,0 108.010400,-7.168200,0 108.010300,-7.168200,0 108.010100,-7.168000,0 108.010200,-7.167800,0 108.010500,-7.167800,0 108.010500,-7.168100,0 108.010700,-7.168200,0 108.010700,-7.168000,0 108.010500,-7.167900,0 108.010700,-7.167700,0 108.010800,-7.167700,0 108.010800,-7.167800,0 108.011000,-7.167800,0 108.011300,-7.168300,0 108.011200,-7.168600,0 108.011100,-7.168600,0 108.011200,-7.168800,0 108.011200,-7.168900,0 108.011100,-7.168900,0 108.011200,-7.169000,0 108.011300,-7.169000,0 108.011300,-7.168900,0 108.011600,-7.168900,0 108.011400,-7.169000,0 108.011500,-7.169200,0 108.011500,-7.169300,0 108.011400,-7.169300,0 108.011500,-7.169400,0 108.011500,-7.169300,0 108.011600,-7.169500,0 108.011400,-7.169700,0 108.011200,-7.169600,0 108.011300,-7.169800,0 108.011200,-7.169900,0 108.011000,-7.169900,0 108.011000,-7.170000,0 108.011200,-7.170000,0 108.011200,-7.170100,0 108.010800,-7.170300,0 108.010400,-7.170800,0 108.010400,-7.171000,0 108.010300,-7.171100,0 108.009800,-7.171100,0 108.009200,-7.170700,0 108.008500,-7.170700,0 108.008400,-7.170600,0 108.008100,-7.170600,0 108.008000,-7.170800,0 108.007800,-7.170800,0 108.007700,-7.170600,0 108.007600,-7.170600,0 108.007600,-7.170700,0 108.007600,-7.170600,0 108.007600,-7.170700,0 108.007400,-7.170700,0 108.007400,-7.170800,0 108.007200,-7.170800,0 108.006800,-7.170600,0 108.006600,-7.170600,0 108.006500,-7.170700,0 108.006600,-7.170500,0 108.006800,-7.170400,0 108.006400,-7.170200,0 108.006100,-7.170500,0 108.006400,-7.170700,0 108.006400,-7.170800,0 108.005900,-7.171300,0 108.005600,-7.171300,0 108.005600,-7.171400,0 108.005100,-7.171400,0 108.005000,-7.171100,0 108.004600,-7.170900,0 108.004500,-7.170700,0 108.004400,-7.170700,0 108.004400,-7.170600,0 108.004300,-7.170600,0 108.004100,-7.170200,0 108.003300,-7.169500,0 108.003300,-7.169400,0 108.003100,-7.169300,0 108.003000,-7.169100,0 108.002800,-7.169000,0 108.002800,-7.168900,0 108.002700,-7.168900,0 108.002700,-7.168600,0 108.002800,-7.168600,0 108.002600,-7.168500,0 108.002600,-7.168400,0 108.002800,-7.168200,0 108.002900,-7.168200,0 108.002900,-7.168100,0 108.002800,-7.168100,0 108.002500,-7.167800,0 108.002600,-7.167600,0 108.002500,-7.167600,0 108.002500,-7.167500,0 108.002300,-7.167600,0 108.002200,-7.167400,0 108.002500,-7.167000,0 108.002600,-7.166700,0 108.002700,-7.166700,0 108.002700,-7.166600,0 108.002600,-7.166600,0 108.002700,-7.166500,0 108.002900,-7.166400,0 108.003000,-7.166400,0 108.003000,-7.166500,0 108.003000,-7.166400,0 108.003300,-7.166400,0 108.004000,-7.166100,0 108.004000,-7.165900,0 108.003900,-7.165800,0 108.003900,-7.165600,0 108.003600,-7.164800,0 108.003700,-7.164800,0 108.003400,-7.164000,0 108.003400,-7.163800,0 108.003800,-7.163700,0 108.003800,-7.163500,0 108.003300,-7.163600,0 108.003200,-7.163200,0 108.003300,-7.163200,0 108.003300,-7.162900,0 108.003600,-7.162800,0 108.003500,-7.161900,0 108.003600,-7.161800,0 108.003800,-7.161800,0 108.003800,-7.161900,0 108.004000,-7.161800,0 108.004200,-7.162100,0 108.004500,-7.162100,0 108.004600,-7.162000,0 108.004400,-7.161700,0 108.004200,-7.161800,0 108.004200,-7.161600,0 108.004800,-7.161300,0 108.004900,-7.161100,0 108.004900,-7.161200,0 108.005000,-7.161200,0 108.005000,-7.161300,0 108.004900,-7.161300,0 108.005000,-7.161600,0</coordinates></LinearRing></outerBoundaryIs></Polygon><Polygon><tessellate>1</tessellate><outerBoundaryIs><LinearRing><coordinates>108.015300,-7.161200,0 108.015600,-7.161200,0 108.015700,-7.161300,0 108.015700,-7.161500,0 108.015500,-7.161600,0 108.015500,-7.161700,0 108.014900,-7.161700,0 108.014600,-7.161400,0 108.014600,-7.161300,0 108.014700,-7.161300,0 108.014800,-7.161100,0 108.014900,-7.161100,0 108.014900,-7.161000,0 108.015300,-7.161200,0</coordinates></LinearRing></outerBoundaryIs></Polygon><Polygon><tessellate>1</tessellate><outerBoundaryIs><LinearRing><coordinates>108.013500,-7.160800,0 108.013900,-7.160900,0 108.013900,-7.161200,0 108.014100,-7.161200,0 108.014200,-7.161300,0 108.014000,-7.161800,0 108.013400,-7.161500,0 108.013300,-7.161400,0 108.013200,-7.161000,0 108.013100,-7.161000,0 108.013100,-7.160900,0 108.013500,-7.160800,0</coordinates></LinearRing></outerBoundaryIs></Polygon><Polygon><tessellate>1</tessellate><outerBoundaryIs><LinearRing><coordinates>108.006300,-7.161000,0 108.006200,-7.161000,0 108.006300,-7.161200,0 108.006600,-7.161100,0 108.006700,-7.160900,0 108.006800,-7.160900,0 108.006800,-7.161100,0 108.006900,-7.161100,0 108.006900,-7.161400,0 108.007200,-7.161400,0 108.007200,-7.161600,0 108.007300,-7.161500,0 108.007600,-7.161500,0 108.007500,-7.162000,0 108.007600,-7.162000,0 108.007600,-7.161900,0 108.008000,-7.161900,0 108.008000,-7.162100,0 108.007900,-7.162100,0 108.007900,-7.162200,0 108.007200,-7.162200,0 108.007300,-7.162200,0 108.007400,-7.162400,0 108.007200,-7.162500,0 108.007200,-7.162600,0 108.006900,-7.162700,0 108.006900,-7.162800,0 108.006500,-7.163000,0 108.006500,-7.163100,0 108.006200,-7.163400,0 108.006100,-7.163400,0 108.006100,-7.163100,0 108.006000,-7.163100,0 108.006000,-7.163000,0 108.005800,-7.162800,0 108.005700,-7.162500,0 108.005500,-7.162400,0 108.005000,-7.161400,0 108.004900,-7.160900,0 108.005200,-7.160800,0 108.005200,-7.161000,0 108.005300,-7.161000,0 108.005300,-7.160800,0 108.005600,-7.160700,0 108.005700,-7.160800,0 108.005700,-7.161000,0 108.005800,-7.161000,0 108.006200,-7.160900,0 108.006200,-7.160700,0 108.006500,-7.160700,0 108.006500,-7.160900,0 108.006300,-7.161000,0</coordinates></LinearRing></outerBoundaryIs></Polygon><Polygon><tessellate>1</tessellate><outerBoundaryIs><LinearRing><coordinates>108.010600,-7.161000,0 108.011100,-7.161400,0 108.011000,-7.161500,0 108.010700,-7.161400,0 108.010700,-7.161200,0 108.010600,-7.161100,0 108.010300,-7.161100,0 108.010200,-7.161200,0 108.010000,-7.161100,0 108.009900,-7.160700,0 108.010300,-7.160500,0 108.010300,-7.160600,0 108.010400,-7.160600,0 108.010600,-7.160800,0 108.010600,-7.160900,0 108.010500,-7.160900,0 108.010600,-7.161000,0</coordinates></LinearRing></outerBoundaryIs></Polygon><Polygon><tessellate>1</tessellate><outerBoundaryIs><LinearRing><coordinates>108.017300,-7.161400,0 108.017800,-7.161600,0 108.017700,-7.161500,0 108.017300,-7.161400,0 108.017400,-7.161200,0 108.017100,-7.161200,0 108.017100,-7.161100,0 108.016900,-7.161000,0 108.017000,-7.160800,0 108.017200,-7.160800,0 108.017200,-7.160700,0 108.017400,-7.160700,0 108.017400,-7.160600,0 108.017600,-7.160600,0 108.017600,-7.160700,0 108.017600,-7.160600,0 108.018300,-7.160500,0 108.018500,-7.160600,0 108.018500,-7.160700,0 108.018700,-7.160600,0 108.019600,-7.160700,0 108.019600,-7.160800,0 108.019500,-7.160800,0 108.019200,-7.161100,0 108.019200,-7.161400,0 108.019100,-7.161600,0 108.018900,-7.161700,0 108.018600,-7.161600,0 108.018500,-7.161700,0 108.018500,-7.161600,0 108.018400,-7.161600,0 108.018400,-7.161700,0 108.018100,-7.161700,0 108.018700,-7.161700,0 108.018700,-7.161900,0 108.018800,-7.161900,0 108.018800,-7.161700,0 108.019000,-7.161800,0 108.019000,-7.161700,0 108.019100,-7.161800,0 108.019200,-7.161700,0 108.019200,-7.161500,0 108.019300,-7.161400,0 108.019500,-7.161400,0 108.019500,-7.161300,0 108.019700,-7.161200,0 108.019700,-7.161100,0 108.019600,-7.161200,0 108.019600,-7.161100,0 108.019300,-7.161100,0 108.019300,-7.161200,0 108.019300,-7.161000,0 108.019400,-7.161000,0 108.019700,-7.160700,0 108.019700,-7.160600,0 108.019900,-7.160500,0 108.019900,-7.160400,0 108.020100,-7.160300,0 108.020500,-7.160300,0 108.020500,-7.160800,0 108.020600,-7.160900,0 108.020200,-7.161100,0 108.020200,-7.161500,0 108.020200,-7.161400,0 108.020400,-7.161300,0 108.020700,-7.161300,0 108.020700,-7.161400,0 108.020500,-7.161400,0 108.020400,-7.161500,0 108.020500,-7.161600,0 108.020100,-7.161600,0 108.020000,-7.161700,0 108.020000,-7.161900,0 108.020200,-7.162000,0 108.020300,-7.162300,0 108.020400,-7.162300,0 108.020300,-7.162400,0 108.020400,-7.162600,0 108.020500,-7.162400,0 108.020700,-7.162400,0 108.020600,-7.162600,0 108.020600,-7.162900,0 108.020400,-7.163000,0 108.020600,-7.163000,0 108.020600,-7.163300,0 108.020700,-7.163300,0 108.020700,-7.163400,0 108.020600,-7.163400,0 108.020600,-7.163500,0 108.020400,-7.163400,0 108.020300,-7.163500,0 108.020300,-7.163600,0 108.020500,-7.163700,0 108.020500,-7.163800,0 108.020600,-7.163800,0 108.020500,-7.163700,0 108.020800,-7.163700,0 108.020900,-7.163800,0 108.020700,-7.164200,0 108.020600,-7.164200,0 108.020600,-7.164100,0 108.020400,-7.164200,0 108.020300,-7.164000,0 108.020200,-7.164000,0 108.020000,-7.163800,0 108.019800,-7.163800,0 108.019700,-7.163600,0 108.019600,-7.163600,0 108.019600,-7.163700,0 108.019600,-7.163600,0 108.019500,-7.163600,0 108.019400,-7.163400,0 108.019500,-7.162800,0 108.019300,-7.162700,0 108.019300,-7.162600,0 108.019000,-7.162700,0 108.018900,-7.162600,0 108.019000,-7.162600,0 108.019000,-7.162500,0 108.018800,-7.162400,0 108.018800,-7.162300,0 108.018400,-7.162300,0 108.018300,-7.162200,0 108.018200,-7.162300,0 108.017900,-7.162200,0 108.017300,-7.161800,0 108.016900,-7.161600,0 108.016700,-7.161600,0 108.016600,-7.161500,0 108.016700,-7.161300,0 108.017300,-7.161400,0</coordinates></LinearRing></outerBoundaryIs></Polygon><Polygon><tessellate>1</tessellate><outerBoundaryIs><LinearRing><coordinates>108.025300,-7.160500,0 108.025300,-7.160800,0 108.025600,-7.160900,0 108.025600,-7.161100,0 108.025800,-7.161200,0 108.025800,-7.161600,0 108.025900,-7.161700,0 108.026700,-7.161800,0 108.026700,-7.161900,0 108.026900,-7.162000,0 108.026900,-7.162100,0 108.026800,-7.162200,0 108.026500,-7.162200,0 108.026300,-7.162300,0 108.025900,-7.162300,0 108.025800,-7.162500,0 108.025600,-7.162500,0 108.025600,-7.162600,0 108.025300,-7.162700,0 108.024500,-7.163300,0 108.023800,-7.163700,0 108.023500,-7.164000,0 108.023400,-7.164400,0 108.023400,-7.164600,0 108.023600,-7.164900,0 108.023400,-7.164800,0 108.023000,-7.164900,0 108.022500,-7.164600,0 108.021700,-7.164600,0 108.021500,-7.164700,0 108.021400,-7.164500,0 108.021300,-7.164500,0 108.021100,-7.164300,0 108.021200,-7.164100,0 108.021000,-7.163800,0 108.020800,-7.163700,0 108.020800,-7.163600,0 108.020700,-7.163600,0 108.020600,-7.162700,0 108.020700,-7.162700,0 108.020800,-7.162300,0 108.021400,-7.162300,0 108.021500,-7.162100,0 108.021600,-7.162100,0 108.021600,-7.162000,0 108.021500,-7.162000,0 108.021500,-7.161800,0 108.021600,-7.161700,0 108.021800,-7.161800,0 108.021800,-7.162000,0 108.022100,-7.162000,0 108.022300,-7.162200,0 108.022800,-7.162100,0 108.022900,-7.162000,0 108.023200,-7.162000,0 108.023200,-7.162100,0 108.023600,-7.162100,0 108.024100,-7.162400,0 108.024400,-7.162400,0 108.024400,-7.162200,0 108.024500,-7.162200,0 108.024500,-7.162100,0 108.023900,-7.162100,0 108.023900,-7.162000,0 108.023500,-7.162000,0 108.023300,-7.161800,0 108.023200,-7.161800,0 108.023200,-7.161700,0 108.023400,-7.161700,0 108.023400,-7.161600,0 108.023500,-7.161600,0 108.023400,-7.161500,0 108.023000,-7.161500,0 108.022900,-7.161300,0 108.023100,-7.161400,0 108.023200,-7.161300,0 108.023400,-7.161300,0 108.023400,-7.161400,0 108.023500,-7.161400,0 108.023500,-7.161300,0 108.023400,-7.161300,0 108.023400,-7.161200,0 108.023200,-7.161200,0 108.023100,-7.161000,0 108.022900,-7.161000,0 108.022900,-7.160900,0 108.023100,-7.160800,0 108.023100,-7.160500,0 108.022700,-7.160600,0 108.022800,-7.160500,0 108.023000,-7.160500,0 108.023100,-7.160300,0 108.023800,-7.160200,0 108.024300,-7.159800,0 108.024500,-7.159800,0 108.024500,-7.159900,0 108.025200,-7.160100,0 108.025300,-7.160200,0 108.025300,-7.160500,0</coordinates></LinearRing></outerBoundaryIs></Polygon><Polygon><tessellate>1</tessellate><outerBoundaryIs><LinearRing><coordinates>108.000000,-7.159600,0 108.000000,-7.159800,0 107.999900,-7.159800,0 107.999900,-7.159600,0 108.000000,-7.159600,0</coordinates></LinearRing></outerBoundaryIs></Polygon><Polygon><tessellate>1</tessellate><outerBoundaryIs><LinearRing><coordinates>108.025100,-7.159800,0 108.025200,-7.159900,0 108.025100,-7.160000,0 108.024500,-7.159800,0 108.024200,-7.159800,0 108.023600,-7.160200,0 108.023300,-7.160200,0 108.023100,-7.160300,0 108.022600,-7.160700,0 108.022600,-7.160500,0 108.022900,-7.160000,0 108.023700,-7.159900,0 108.023800,-7.159700,0 108.024200,-7.159400,0 108.024600,-7.159500,0 108.025100,-7.159800,0</coordinates></LinearRing></outerBoundaryIs></Polygon><Polygon><tessellate>1</tessellate><outerBoundaryIs><LinearRing><coordinates>108.018200,-7.159400,0 108.018000,-7.159600,0 108.018000,-7.159700,0 108.018200,-7.159700,0 108.018200,-7.160000,0 108.018100,-7.160100,0 108.017400,-7.160200,0 108.017400,-7.160300,0 108.017100,-7.160300,0 108.017100,-7.160200,0 108.016600,-7.160200,0 108.016600,-7.160400,0 108.016400,-7.160400,0 108.016300,-7.160200,0 108.015800,-7.160200,0 108.015700,-7.160100,0 108.015600,-7.160300,0 108.015600,-7.160600,0 108.015400,-7.160900,0 108.015000,-7.160800,0 108.014900,-7.160700,0 108.015000,-7.160400,0 108.014900,-7.160400,0 108.014800,-7.160600,0 108.014700,-7.160500,0 108.014800,-7.160100,0 108.015000,-7.160100,0 108.015000,-7.159900,0 108.014600,-7.159900,0 108.014600,-7.159600,0 108.014700,-7.159600,0 108.014700,-7.159500,0 108.014800,-7.159500,0 108.014800,-7.159600,0 108.015000,-7.159700,0 108.015300,-7.159700,0 108.015400,-7.159800,0 108.015400,-7.159700,0 108.015500,-7.159700,0 108.015700,-7.159800,0 108.015700,-7.159900,0 108.015600,-7.159900,0 108.015800,-7.160000,0 108.015800,-7.159900,0 108.016200,-7.159900,0 108.016200,-7.159800,0 108.016400,-7.159800,0 108.016500,-7.159600,0 108.017000,-7.159600,0 108.017000,-7.159500,0 108.017100,-7.159500,0 108.017400,-7.159200,0 108.017500,-7.159200,0 108.017400,-7.159400,0 108.017500,-7.159400,0 108.017700,-7.159100,0 108.018300,-7.159100,0 108.018300,-7.159300,0 108.018200,-7.159400,0</coordinates></LinearRing></outerBoundaryIs></Polygon><Polygon><tessellate>1</tessellate><outerBoundaryIs><LinearRing><coordinates>108.024200,-7.158700,0 108.024600,-7.158700,0 108.024700,-7.158900,0 108.025300,-7.158800,0 108.025600,-7.159000,0 108.026000,-7.159000,0 108.026200,-7.159100,0 108.026200,-7.159200,0 108.026300,-7.159200,0 108.026400,-7.159400,0 108.026500,-7.159400,0 108.026500,-7.159500,0 108.027700,-7.159600,0 108.027600,-7.159300,0 108.027800,-7.159200,0 108.027800,-7.159100,0 108.028200,-7.159100,0 108.028200,-7.159400,0 108.028400,-7.159500,0 108.028800,-7.159300,0 108.028900,-7.159300,0 108.029000,-7.159500,0 108.028800,-7.159900,0 108.028600,-7.159900,0 108.028300,-7.160200,0 108.028400,-7.160200,0 108.028400,-7.160300,0 108.028100,-7.160300,0 108.027600,-7.160600,0 108.027200,-7.160400,0 108.026400,-7.160400,0 108.026300,-7.160300,0 108.025800,-7.160200,0 108.025600,-7.159800,0 108.025300,-7.159700,0 108.025200,-7.159500,0 108.024600,-7.159400,0 108.024500,-7.159300,0 108.024100,-7.159300,0 108.024100,-7.159400,0 108.024000,-7.159400,0 108.023600,-7.159800,0 108.023300,-7.159800,0 108.023200,-7.159900,0 108.022700,-7.159900,0 108.022700,-7.160000,0 108.022600,-7.160000,0 108.022400,-7.160300,0 108.021800,-7.160600,0 108.021800,-7.160900,0 108.021600,-7.160900,0 108.021600,-7.160800,0 108.021500,-7.160800,0 108.021300,-7.160600,0 108.021300,-7.160400,0 108.021200,-7.160300,0 108.021000,-7.160300,0 108.021000,-7.160000,0 108.020900,-7.160000,0 108.020900,-7.159900,0 108.021000,-7.159800,0 108.021400,-7.159700,0 108.021400,-7.159600,0 108.021700,-7.159500,0 108.022100,-7.159100,0 108.022700,-7.159000,0 108.023700,-7.158500,0 108.024100,-7.158500,0 108.024200,-7.158700,0</coordinates></LinearRing></outerBoundaryIs></Polygon><Polygon><tessellate>1</tessellate><outerBoundaryIs><LinearRing><coordinates>108.000800,-7.158300,0 108.001000,-7.158300,0 108.001000,-7.158500,0 108.000900,-7.158500,0 108.001000,-7.158700,0 108.001200,-7.158600,0 108.001200,-7.158500,0 108.001700,-7.158500,0 108.001800,-7.158600,0 108.001800,-7.159400,0 108.001900,-7.159500,0 108.001900,-7.160000,0 108.001800,-7.160100,0 108.001800,-7.160400,0 108.001900,-7.160600,0 108.001700,-7.160700,0 108.001600,-7.160700,0 108.001600,-7.160600,0 108.001100,-7.160600,0 108.001100,-7.160500,0 108.000600,-7.160500,0 108.000400,-7.160700,0 108.000300,-7.160500,0 108.000200,-7.160500,0 108.000200,-7.160400,0 108.000500,-7.160400,0 108.000500,-7.160300,0 108.000400,-7.160300,0 108.000400,-7.160100,0 108.000300,-7.160000,0 108.000100,-7.160000,0 108.000000,-7.159800,0 108.000200,-7.159800,0 108.000200,-7.159700,0 108.000800,-7.159700,0 108.000800,-7.159600,0 108.000700,-7.159600,0 108.000700,-7.159500,0 108.000300,-7.159500,0 108.000300,-7.159200,0 108.000000,-7.159300,0 107.999900,-7.159300,0 107.999900,-7.159200,0 107.999500,-7.159200,0 107.999500,-7.159000,0 107.999700,-7.158900,0 107.999700,-7.158700,0 108.000000,-7.158600,0 108.000000,-7.158800,0 108.000100,-7.158800,0 108.000100,-7.158500,0 108.000200,-7.158500,0 108.000300,-7.158300,0 108.000400,-7.158300,0 108.000400,-7.158500,0 108.000400,-7.158400,0 108.000500,-7.158400,0 108.000500,-7.158200,0 108.000700,-7.158200,0 108.000800,-7.158300,0</coordinates></LinearRing></outerBoundaryIs></Polygon><Polygon><tessellate>1</tessellate><outerBoundaryIs><LinearRing><coordinates>107.996000,-7.160300,0 107.996100,-7.159400,0 107.996200,-7.159300,0 107.996200,-7.158200,0 107.996400,-7.158100,0 107.996700,-7.158100,0 107.996800,-7.158000,0 107.997100,-7.158000,0 107.997100,-7.158300,0 107.997000,-7.158500,0 107.997200,-7.158700,0 107.997300,-7.159100,0 107.997400,-7.159100,0 107.997400,-7.159300,0 107.997700,-7.159700,0 107.997700,-7.159800,0 107.997800,-7.159800,0 107.997700,-7.159800,0 107.997800,-7.159900,0 107.997400,-7.160000,0 107.997300,-7.160100,0 107.996000,-7.160300,0</coordinates></LinearRing></outerBoundaryIs></Polygon><Polygon><tessellate>1</tessellate><outerBoundaryIs><LinearRing><coordinates>107.994700,-7.157000,0 107.994700,-7.157200,0 107.994800,-7.157100,0 107.995000,-7.157100,0 107.995000,-7.157400,0 107.994900,-7.157500,0 107.994900,-7.157700,0 107.995000,-7.157800,0 107.995000,-7.157700,0 107.995200,-7.157500,0 107.995400,-7.157600,0 107.995400,-7.157700,0 107.995100,-7.157700,0 107.995100,-7.158000,0 107.995500,-7.158000,0 107.995600,-7.157900,0 107.995800,-7.157900,0 107.995800,-7.158200,0 107.996100,-7.158200,0 107.996100,-7.159500,0 107.995800,-7.159600,0 107.995800,-7.159700,0 107.995600,-7.159700,0 107.995600,-7.159600,0 107.995500,-7.159600,0 107.995300,-7.159400,0 107.995100,-7.159400,0 107.995100,-7.159600,0 107.995200,-7.159700,0 107.995100,-7.159800,0 107.995100,-7.160000,0 107.995200,-7.160000,0 107.995200,-7.160200,0 107.994900,-7.160300,0 107.994700,-7.160500,0 107.994600,-7.160600,0 107.994600,-7.160800,0 107.994300,-7.160800,0 107.994100,-7.160900,0 107.993800,-7.160800,0 107.993800,-7.160900,0 107.993700,-7.160900,0 107.993700,-7.160500,0 107.994300,-7.160400,0 107.994400,-7.160200,0 107.994300,-7.160100,0 107.993900,-7.160200,0 107.993900,-7.160000,0 107.994200,-7.159900,0 107.994200,-7.160000,0 107.994400,-7.160000,0 107.994300,-7.159800,0 107.993600,-7.160000,0 107.993600,-7.159700,0 107.993900,-7.159700,0 107.993900,-7.159000,0 107.994000,-7.158800,0 107.994100,-7.158800,0 107.994100,-7.158000,0 107.994200,-7.158000,0 107.994200,-7.157100,0 107.994400,-7.157000,0 107.994700,-7.157000,0</coordinates></LinearRing></outerBoundaryIs></Polygon><Polygon><tessellate>1</tessellate><outerBoundaryIs><LinearRing><coordinates>108.009600,-7.157000,0 108.009800,-7.157000,0 108.009900,-7.157200,0 108.009700,-7.157300,0 108.009700,-7.157400,0 108.009400,-7.157800,0 108.009300,-7.157700,0 108.009000,-7.157700,0 108.009000,-7.157500,0 108.008800,-7.157600,0 108.008800,-7.157400,0 108.008900,-7.157400,0 108.009100,-7.157000,0 108.009300,-7.156900,0 108.009500,-7.156900,0 108.009500,-7.157000,0 108.009600,-7.157000,0</coordinates></LinearRing></outerBoundaryIs></Polygon><Polygon><tessellate>1</tessellate><outerBoundaryIs><LinearRing><coordinates>107.998500,-7.159000,0 107.998600,-7.159200,0 107.998700,-7.159200,0 107.998200,-7.159200,0 107.998100,-7.159000,0 107.997900,-7.159100,0 107.997800,-7.158800,0 107.997500,-7.158800,0 107.997500,-7.158700,0 107.997400,-7.158700,0 107.997400,-7.158500,0 107.997300,-7.158500,0 107.997300,-7.157800,0 107.997400,-7.157600,0 107.997500,-7.157600,0 107.997400,-7.157400,0 107.997500,-7.157200,0 107.997400,-7.157200,0 107.997400,-7.157000,0 107.997500,-7.157000,0 107.997500,-7.156900,0 107.997700,-7.156800,0 107.997800,-7.157500,0 107.998200,-7.158800,0 107.998500,-7.159000,0</coordinates></LinearRing></outerBoundaryIs></Polygon><Polygon><tessellate>1</tessellate><outerBoundaryIs><LinearRing><coordinates>108.019200,-7.156000,0 108.018800,-7.156000,0 108.018700,-7.155900,0 108.018700,-7.155600,0 108.019000,-7.155700,0 108.019000,-7.155800,0 108.019200,-7.156000,0</coordinates></LinearRing></outerBoundaryIs></Polygon><Polygon><tessellate>1</tessellate><outerBoundaryIs><LinearRing><coordinates>108.005000,-7.154800,0 108.005200,-7.154800,0 108.005300,-7.155100,0 108.005300,-7.155200,0 108.005200,-7.155200,0 108.005100,-7.155400,0 108.005100,-7.155900,0 108.005400,-7.155800,0 108.005500,-7.156100,0 108.005800,-7.155900,0 108.005800,-7.156200,0 108.005900,-7.156300,0 108.005800,-7.156300,0 108.005700,-7.156500,0 108.005500,-7.156600,0 108.005300,-7.156600,0 108.005200,-7.156400,0 108.005100,-7.156400,0 108.004900,-7.156000,0 108.004800,-7.156000,0 108.004700,-7.155600,0 108.004600,-7.155500,0 108.004800,-7.155400,0 108.004900,-7.155200,0 108.004900,-7.154800,0 108.005000,-7.154800,0</coordinates></LinearRing></outerBoundaryIs></Polygon><Polygon><tessellate>1</tessellate><outerBoundaryIs><LinearRing><coordinates>108.013000,-7.154500,0 108.013200,-7.154500,0 108.013300,-7.154600,0 108.013300,-7.154800,0 108.013500,-7.154900,0 108.013500,-7.155100,0 108.013900,-7.155200,0 108.014100,-7.155400,0 108.014300,-7.155400,0 108.014300,-7.155500,0 108.014400,-7.155300,0 108.014600,-7.155300,0 108.014600,-7.155200,0 108.014900,-7.155300,0 108.014900,-7.155400,0 108.015300,-7.155400,0 108.015500,-7.155200,0 108.015600,-7.155200,0 108.015600,-7.155100,0 108.015800,-7.155100,0 108.016000,-7.155200,0 108.016000,-7.155300,0 108.016300,-7.155300,0 108.016300,-7.155200,0 108.016800,-7.155200,0 108.016800,-7.155300,0 108.017000,-7.155300,0 108.017300,-7.155600,0 108.017400,-7.155600,0 108.017500,-7.155900,0 108.017700,-7.156000,0 108.017700,-7.156100,0 108.017900,-7.156000,0 108.017900,-7.156100,0 108.018000,-7.156100,0 108.018100,-7.155900,0 108.018500,-7.155800,0 108.018900,-7.156200,0 108.019000,-7.156200,0 108.019100,-7.156400,0 108.019200,-7.156400,0 108.019300,-7.156800,0 108.019800,-7.156800,0 108.019800,-7.156700,0 108.019600,-7.156600,0 108.019700,-7.156600,0 108.019700,-7.156400,0 108.019600,-7.156400,0 108.019600,-7.156100,0 108.019800,-7.156200,0 108.019800,-7.156000,0 108.019900,-7.155800,0 108.020000,-7.155800,0 108.020000,-7.155500,0 108.020200,-7.155200,0 108.021200,-7.155200,0 108.021300,-7.155400,0 108.020900,-7.155400,0 108.020900,-7.155500,0 108.020800,-7.155500,0 108.020800,-7.155800,0 108.021100,-7.156100,0 108.021100,-7.156300,0 108.021300,-7.156400,0 108.021300,-7.156500,0 108.021600,-7.156900,0 108.022000,-7.157000,0 108.022100,-7.157200,0 108.021900,-7.157300,0 108.021600,-7.157300,0 108.021400,-7.157600,0 108.021200,-7.157600,0 108.020800,-7.157100,0 108.020600,-7.157100,0 108.020600,-7.157200,0 108.020800,-7.157200,0 108.020900,-7.157300,0 108.020900,-7.157400,0 108.020700,-7.157400,0 108.020700,-7.157300,0 108.020500,-7.157300,0 108.020500,-7.157400,0 108.020200,-7.157400,0 108.020200,-7.157500,0 108.020300,-7.157500,0 108.020200,-7.157700,0 108.020300,-7.157700,0 108.020300,-7.157600,0 108.020500,-7.157500,0 108.020500,-7.157400,0 108.020700,-7.157400,0 108.020700,-7.157600,0 108.020500,-7.157600,0 108.020400,-7.157800,0 108.020200,-7.157800,0 108.020200,-7.158000,0 108.020100,-7.158000,0 108.020100,-7.157800,0 108.019900,-7.157700,0 108.020000,-7.157500,0 108.020100,-7.157500,0 108.020000,-7.157500,0 108.020000,-7.157400,0 108.019900,-7.157600,0 108.019500,-7.157600,0 108.019300,-7.157700,0 108.019200,-7.157900,0 108.018000,-7.158000,0 108.018000,-7.158100,0 108.018000,-7.158000,0 108.017800,-7.158000,0 108.017700,-7.157800,0 108.017300,-7.157800,0 108.017400,-7.157800,0 108.017400,-7.157900,0 108.017600,-7.157900,0 108.017600,-7.158000,0 108.017100,-7.158000,0 108.017100,-7.157900,0 108.017000,-7.157900,0 108.017100,-7.158200,0 108.017000,-7.158100,0 108.017000,-7.158200,0 108.016900,-7.158200,0 108.016900,-7.158100,0 108.016900,-7.158400,0 108.016800,-7.158400,0 108.016700,-7.158600,0 108.016600,-7.158600,0 108.016700,-7.158400,0 108.016700,-7.158300,0 108.016600,-7.158300,0 108.016700,-7.157900,0 108.016500,-7.157900,0 108.016500,-7.158000,0 108.016400,-7.157900,0 108.016400,-7.158000,0 108.016200,-7.158000,0 108.016300,-7.158200,0 108.016100,-7.158200,0 108.016000,-7.158400,0 108.015800,-7.158300,0 108.015800,-7.158400,0 108.015600,-7.158400,0 108.015400,-7.158300,0 108.015400,-7.158100,0 108.015100,-7.158100,0 108.015100,-7.158200,0 108.015000,-7.158200,0 108.015000,-7.158400,0 108.014800,-7.158400,0 108.014800,-7.158600,0 108.014700,-7.158600,0 108.014700,-7.158900,0 108.014800,-7.158900,0 108.014800,-7.159000,0 108.014500,-7.159800,0 108.014500,-7.160000,0 108.014400,-7.160200,0 108.014200,-7.160200,0 108.014200,-7.160100,0 108.014000,-7.160100,0 108.013900,-7.160200,0 108.013900,-7.160400,0 108.013700,-7.160500,0 108.013800,-7.160600,0 108.013700,-7.160600,0 108.013800,-7.160800,0 108.013400,-7.160700,0 108.013400,-7.160800,0 108.013000,-7.160900,0 108.013000,-7.160700,0 108.012900,-7.160700,0 108.012900,-7.160800,0 108.012700,-7.160900,0 108.012800,-7.160700,0 108.012700,-7.160700,0 108.012700,-7.160500,0 108.012800,-7.160400,0 108.012800,-7.160100,0 108.012700,-7.160100,0 108.012700,-7.160000,0 108.012800,-7.160000,0 108.012800,-7.159900,0 108.012700,-7.159900,0 108.012500,-7.160200,0 108.012600,-7.160400,0 108.012400,-7.160800,0 108.012400,-7.160700,0 108.012200,-7.160600,0 108.012000,-7.160700,0 108.011900,-7.160500,0 108.011700,-7.160500,0 108.011600,-7.160400,0 108.011600,-7.160100,0 108.011700,-7.160100,0 108.011600,-7.160000,0 108.011400,-7.160100,0 108.011300,-7.160400,0 108.011500,-7.160400,0 108.011500,-7.160500,0 108.011400,-7.160500,0 108.011500,-7.160700,0 108.011300,-7.160700,0 108.010900,-7.160500,0 108.010700,-7.160500,0 108.010700,-7.160400,0 108.010600,-7.160400,0 108.010600,-7.159900,0 108.010400,-7.159800,0 108.010600,-7.159500,0 108.010400,-7.159600,0 108.010200,-7.160000,0 108.010200,-7.159700,0 108.010300,-7.159700,0 108.010300,-7.159500,0 108.010400,-7.159500,0 108.010400,-7.159400,0 108.010300,-7.159400,0 108.010400,-7.159400,0 108.010400,-7.159300,0 108.010200,-7.159200,0 108.010300,-7.159200,0 108.010300,-7.158700,0 108.010400,-7.158700,0 108.010400,-7.158500,0 108.010500,-7.158400,0 108.010500,-7.158200,0 108.010400,-7.158200,0 108.010400,-7.158100,0 108.010200,-7.158200,0 108.010200,-7.158100,0 108.010300,-7.158100,0 108.010300,-7.157900,0 108.010200,-7.157900,0 108.010300,-7.157900,0 108.010300,-7.157600,0 108.010100,-7.157600,0 108.010000,-7.157800,0 108.009800,-7.157700,0 108.009800,-7.157800,0 108.009600,-7.157800,0 108.009600,-7.157900,0 108.009500,-7.157900,0 108.009500,-7.157700,0 108.010000,-7.157100,0 108.010200,-7.157200,0 108.010400,-7.157000,0 108.010800,-7.156400,0 108.010900,-7.156400,0 108.010900,-7.156200,0 108.011100,-7.156200,0 108.011100,-7.156000,0 108.011300,-7.156000,0 108.011300,-7.155900,0 108.011400,-7.155900,0 108.011200,-7.155800,0 108.011300,-7.155600,0 108.011400,-7.155600,0 108.011600,-7.155400,0 108.011900,-7.155400,0 108.011900,-7.155300,0 108.012300,-7.155200,0 108.012300,-7.155100,0 108.012100,-7.154900,0 108.012200,-7.154700,0 108.012300,-7.154700,0 108.012300,-7.154800,0 108.012400,-7.154600,0 108.012700,-7.154600,0 108.012900,-7.154500,0 108.012900,-7.154400,0 108.013000,-7.154500,0</coordinates></LinearRing></outerBoundaryIs></Polygon><Polygon><tessellate>1</tessellate><outerBoundaryIs><LinearRing><coordinates>107.998700,-7.154600,0 107.998800,-7.154600,0 107.998700,-7.154800,0 107.998800,-7.154900,0 107.998700,-7.154900,0 107.998700,-7.155000,0 107.998800,-7.155000,0 107.998800,-7.155200,0 107.998600,-7.155300,0 107.998600,-7.155400,0 107.998500,-7.155400,0 107.998600,-7.155500,0 107.998600,-7.155800,0 107.998700,-7.155900,0 107.999100,-7.155900,0 107.999300,-7.155400,0 107.999600,-7.155400,0 107.999700,-7.155800,0 107.999900,-7.155800,0 107.999900,-7.155700,0 107.999900,-7.155800,0 108.000000,-7.155700,0 108.000100,-7.155700,0 108.000100,-7.155800,0 108.000300,-7.155800,0 108.000300,-7.156300,0 108.000500,-7.156200,0 108.000600,-7.156400,0 108.000300,-7.156400,0 108.000300,-7.156500,0 108.000100,-7.156600,0 108.000100,-7.156700,0 108.000000,-7.156700,0 108.000000,-7.156800,0 108.000200,-7.156800,0 108.000200,-7.156700,0 108.000100,-7.156700,0 108.000200,-7.156600,0 108.000200,-7.156700,0 108.000300,-7.156500,0 108.000700,-7.156400,0 108.000700,-7.156600,0 108.000900,-7.156600,0 108.001000,-7.156700,0 108.001000,-7.157000,0 108.000900,-7.157000,0 108.001000,-7.157100,0 108.000900,-7.157100,0 108.000900,-7.157200,0 108.001100,-7.157400,0 108.001000,-7.157500,0 108.001000,-7.157400,0 108.000900,-7.157400,0 108.000300,-7.157700,0 107.999900,-7.157500,0 107.999800,-7.157100,0 107.999900,-7.157100,0 107.999900,-7.157000,0 107.999700,-7.157000,0 107.999700,-7.156700,0 107.999600,-7.156700,0 107.999300,-7.156800,0 107.999300,-7.157400,0 107.999000,-7.157500,0 107.998900,-7.157200,0 107.998800,-7.157200,0 107.998600,-7.157600,0 107.998500,-7.157400,0 107.998400,-7.157500,0 107.998400,-7.157700,0 107.998600,-7.157700,0 107.998600,-7.157900,0 107.998100,-7.158100,0 107.997800,-7.157300,0 107.997800,-7.157000,0 107.997700,-7.156800,0 107.997800,-7.156800,0 107.997800,-7.156700,0 107.998200,-7.156700,0 107.998200,-7.156300,0 107.998100,-7.156300,0 107.998000,-7.155700,0 107.998100,-7.155700,0 107.998100,-7.155300,0 107.998000,-7.155300,0 107.998000,-7.154700,0 107.997600,-7.154700,0 107.997500,-7.154400,0 107.998000,-7.154400,0 107.998200,-7.154600,0 107.998300,-7.154400,0 107.998100,-7.154200,0 107.998300,-7.154100,0 107.998300,-7.154000,0 107.998600,-7.153900,0 107.998600,-7.154000,0 107.998700,-7.154000,0 107.998600,-7.154200,0 107.998700,-7.154600,0</coordinates></LinearRing></outerBoundaryIs><innerBoundaryIs><LinearRing><coordinates>108.000300,-7.156900,0 108.000200,-7.156900,0 108.000200,-7.157000,0 108.000300,-7.157000,0 108.000300,-7.156800,0 108.000200,-7.156800,0 108.000300,-7.156900,0</coordinates></LinearRing></innerBoundaryIs><innerBoundaryIs><LinearRing><coordinates>107.999900,-7.156900,0 108.000000,-7.156900,0 107.999900,-7.156900,0 107.999900,-7.156900,0 107.999900,-7.156900,0</coordinates></LinearRing></innerBoundaryIs></Polygon><Polygon><tessellate>1</tessellate><outerBoundaryIs><LinearRing><coordinates>108.038200,-7.154000,0 108.038100,-7.154100,0 108.037900,-7.154100,0 108.038000,-7.155100,0 108.037200,-7.155000,0 108.036900,-7.154900,0 108.036700,-7.154700,0 108.036400,-7.154700,0 108.036300,-7.154600,0 108.036300,-7.154300,0 108.036400,-7.154300,0 108.036400,-7.154400,0 108.036600,-7.154400,0 108.036700,-7.154200,0 108.036800,-7.154200,0 108.036800,-7.154300,0 108.037000,-7.154300,0 108.037000,-7.154000,0 108.037100,-7.153900,0 108.037300,-7.153900,0 108.037300,-7.153800,0 108.037400,-7.153800,0 108.037500,-7.154000,0 108.037700,-7.154000,0 108.037800,-7.153900,0 108.037700,-7.153900,0 108.038300,-7.153700,0 108.038300,-7.153600,0 108.038400,-7.153700,0 108.038200,-7.154000,0</coordinates></LinearRing></outerBoundaryIs></Polygon><Polygon><tessellate>1</tessellate><outerBoundaryIs><LinearRing><coordinates>108.009100,-7.153900,0 108.008800,-7.154200,0 108.008900,-7.154200,0 108.008900,-7.154300,0 108.009200,-7.154500,0 108.009300,-7.154700,0 108.009400,-7.154700,0 108.009600,-7.154900,0 108.009600,-7.154800,0 108.009600,-7.154900,0 108.009800,-7.155000,0 108.009900,-7.155200,0 108.010200,-7.155300,0 108.010100,-7.155600,0 108.010300,-7.155700,0 108.010300,-7.155800,0 108.010500,-7.155800,0 108.010700,-7.156000,0 108.011000,-7.156000,0 108.011000,-7.156100,0 108.010700,-7.156200,0 108.010700,-7.156300,0 108.010500,-7.156200,0 108.010500,-7.156300,0 108.010300,-7.156400,0 108.010300,-7.156500,0 108.010100,-7.156700,0 108.010000,-7.157100,0 108.009800,-7.157100,0 108.009800,-7.157000,0 108.009700,-7.157000,0 108.009800,-7.156800,0 108.009600,-7.156700,0 108.009500,-7.156500,0 108.009300,-7.156700,0 108.009300,-7.156900,0 108.008900,-7.157200,0 108.008900,-7.157300,0 108.008800,-7.157300,0 108.008700,-7.157500,0 108.008700,-7.157800,0 108.008500,-7.158100,0 108.008600,-7.158100,0 108.008600,-7.158200,0 108.008500,-7.158200,0 108.008500,-7.158300,0 108.008000,-7.158300,0 108.007900,-7.158100,0 108.008100,-7.158000,0 108.008100,-7.157700,0 108.007800,-7.157700,0 108.007700,-7.157900,0 108.007600,-7.157800,0 108.007500,-7.157600,0 108.007700,-7.157500,0 108.007700,-7.157400,0 108.007600,-7.157400,0 108.007600,-7.157100,0 108.007500,-7.156900,0 108.007400,-7.156900,0 108.007400,-7.156700,0 108.007200,-7.156700,0 108.007200,-7.156600,0 108.007100,-7.156600,0 108.007200,-7.156300,0 108.007400,-7.156100,0 108.007600,-7.156100,0 108.007700,-7.155900,0 108.008000,-7.155900,0 108.008000,-7.155700,0 108.008200,-7.155700,0 108.008200,-7.155400,0 108.008100,-7.155400,0 108.008100,-7.155300,0 108.007900,-7.155300,0 108.007900,-7.155400,0 108.007700,-7.155300,0 108.007700,-7.154900,0 108.007900,-7.154800,0 108.007900,-7.154400,0 108.007600,-7.154400,0 108.007600,-7.154300,0 108.007500,-7.154300,0 108.007500,-7.154200,0 108.007400,-7.154200,0 108.007400,-7.153900,0 108.007500,-7.153800,0 108.007500,-7.153900,0 108.007700,-7.153900,0 108.007800,-7.154000,0 108.008300,-7.154000,0 108.008300,-7.153900,0 108.008500,-7.153800,0 108.008500,-7.153700,0 108.008600,-7.153700,0 108.008600,-7.153500,0 108.008800,-7.153600,0 108.008800,-7.153700,0 108.009100,-7.153800,0 108.009100,-7.153900,0</coordinates></LinearRing></outerBoundaryIs></Polygon><Polygon><tessellate>1</tessellate><outerBoundaryIs><LinearRing><coordinates>108.030000,-7.154200,0 108.029900,-7.154300,0 108.029700,-7.154200,0 108.029900,-7.154600,0 108.030200,-7.154600,0 108.030600,-7.154300,0 108.030700,-7.154100,0 108.030900,-7.154100,0 108.030900,-7.154500,0 108.030100,-7.155200,0 108.029900,-7.155200,0 108.029400,-7.155600,0 108.028700,-7.155900,0 108.028500,-7.155900,0 108.028300,-7.156100,0 108.028100,-7.156000,0 108.028100,-7.155800,0 108.027500,-7.155800,0 108.027500,-7.155200,0 108.027800,-7.154800,0 108.027800,-7.154700,0 108.028100,-7.154600,0 108.028100,-7.154800,0 108.028400,-7.154800,0 108.028400,-7.154700,0 108.028600,-7.154600,0 108.028700,-7.154800,0 108.029000,-7.154800,0 108.028900,-7.154600,0 108.029100,-7.154600,0 108.029100,-7.154700,0 108.029200,-7.154700,0 108.029300,-7.154900,0 108.029300,-7.154700,0 108.029600,-7.154700,0 108.029700,-7.154500,0 108.029600,-7.154500,0 108.029500,-7.154300,0 108.029400,-7.154300,0 108.029400,-7.154100,0 108.029300,-7.154000,0 108.029400,-7.154000,0 108.029300,-7.153900,0 108.029400,-7.153500,0 108.029900,-7.153600,0 108.030100,-7.153800,0 108.030100,-7.153900,0 108.029900,-7.154100,0 108.030000,-7.154100,0 108.030000,-7.154200,0</coordinates></LinearRing></outerBoundaryIs></Polygon><Polygon><tessellate>1</tessellate><outerBoundaryIs><LinearRing><coordinates>108.039700,-7.153400,0 108.040100,-7.153600,0 108.040100,-7.153700,0 108.039800,-7.153700,0 108.039800,-7.153600,0 108.039700,-7.153600,0 108.039700,-7.153700,0 108.039500,-7.153700,0 108.039400,-7.153600,0 108.039400,-7.153700,0 108.039200,-7.153800,0 108.039100,-7.153800,0 108.039100,-7.153700,0 108.038900,-7.153800,0 108.038900,-7.153900,0 108.039300,-7.153900,0 108.039100,-7.154100,0 108.039100,-7.154700,0 108.039200,-7.154900,0 108.039400,-7.154900,0 108.039400,-7.155000,0 108.039500,-7.155000,0 108.039500,-7.154900,0 108.039400,-7.154900,0 108.039500,-7.154800,0 108.039600,-7.154800,0 108.039900,-7.154500,0 108.040100,-7.154500,0 108.040200,-7.154300,0 108.040300,-7.154300,0 108.040200,-7.153900,0 108.040600,-7.154100,0 108.040700,-7.154300,0 108.040900,-7.154300,0 108.040900,-7.154500,0 108.041100,-7.154500,0 108.040500,-7.154800,0 108.040300,-7.154800,0 108.040300,-7.154900,0 108.040000,-7.154900,0 108.039900,-7.155000,0 108.039900,-7.155200,0 108.039800,-7.155200,0 108.039600,-7.155400,0 108.039100,-7.155400,0 108.038500,-7.155100,0 108.038100,-7.155100,0 108.037900,-7.154200,0 108.038300,-7.154000,0 108.038500,-7.153600,0 108.038800,-7.153600,0 108.038900,-7.153500,0 108.039100,-7.153500,0 108.039100,-7.153400,0 108.039400,-7.153400,0 108.039500,-7.153300,0 108.039500,-7.153400,0 108.039700,-7.153400,0</coordinates></LinearRing></outerBoundaryIs><innerBoundaryIs><LinearRing><coordinates>108.039000,-7.154900,0 108.039100,-7.154900,0 108.039100,-7.154800,0 108.039000,-7.154800,0 108.039000,-7.154900,0</coordinates></LinearRing></innerBoundaryIs></Polygon><Polygon><tessellate>1</tessellate><outerBoundaryIs><LinearRing><coordinates>108.000000,-7.152500,0 108.000900,-7.152500,0 108.000900,-7.152600,0 108.001300,-7.152700,0 108.001500,-7.152900,0 108.001900,-7.152900,0 108.001900,-7.153000,0 108.002300,-7.153200,0 108.002700,-7.153700,0 108.003300,-7.154000,0 108.003500,-7.153900,0 108.003900,-7.154200,0 108.003900,-7.154400,0 108.004000,-7.154400,0 108.004100,-7.154600,0 108.004200,-7.154600,0 108.004500,-7.155200,0 108.004500,-7.155400,0 108.004600,-7.155600,0 108.004700,-7.155600,0 108.004700,-7.155900,0 108.004800,-7.155900,0 108.005000,-7.156300,0 108.005100,-7.156300,0 108.005100,-7.156400,0 108.005300,-7.156500,0 108.005300,-7.156700,0 108.005400,-7.156700,0 108.005400,-7.156800,0 108.006100,-7.157600,0 108.006000,-7.157700,0 108.005800,-7.157700,0 108.005700,-7.157900,0 108.005500,-7.158000,0 108.005500,-7.158100,0 108.005300,-7.158100,0 108.005300,-7.158300,0 108.005400,-7.158300,0 108.005400,-7.158400,0 108.005800,-7.158400,0 108.005900,-7.158500,0 108.005800,-7.158500,0 108.005800,-7.158800,0 108.005700,-7.158900,0 108.005800,-7.159000,0 108.005800,-7.158900,0 108.006100,-7.158800,0 108.006200,-7.158800,0 108.006200,-7.158900,0 108.006400,-7.158800,0 108.006500,-7.159000,0 108.006300,-7.159000,0 108.006200,-7.159100,0 108.006000,-7.159000,0 108.005800,-7.159100,0 108.005800,-7.159200,0 108.005600,-7.159200,0 108.005600,-7.159500,0 108.005800,-7.159500,0 108.005900,-7.159400,0 108.006000,-7.159600,0 108.006100,-7.159400,0 108.006200,-7.159400,0 108.006300,-7.159900,0 108.006000,-7.159900,0 108.005800,-7.160000,0 108.005800,-7.160200,0 108.005900,-7.160200,0 108.006000,-7.160000,0 108.006100,-7.160200,0 108.005900,-7.160200,0 108.005500,-7.160400,0 108.005500,-7.160000,0 108.005300,-7.160000,0 108.005200,-7.160100,0 108.005000,-7.160000,0 108.005000,-7.160100,0 108.004800,-7.160100,0 108.004800,-7.160200,0 108.004600,-7.160200,0 108.004600,-7.160100,0 108.004300,-7.160200,0 108.004400,-7.160300,0 108.004200,-7.160400,0 108.004200,-7.160300,0 108.004000,-7.160300,0 108.003900,-7.160200,0 108.004000,-7.160200,0 108.003900,-7.160100,0 108.003800,-7.160300,0 108.003700,-7.160300,0 108.003600,-7.160000,0 108.003500,-7.160000,0 108.003500,-7.160100,0 108.003100,-7.160200,0 108.003100,-7.160300,0 108.003000,-7.160300,0 108.002900,-7.160500,0 108.002600,-7.160500,0 108.002600,-7.160600,0 108.002300,-7.160600,0 108.002300,-7.160500,0 108.002200,-7.160500,0 108.002200,-7.160300,0 108.002100,-7.160300,0 108.002100,-7.160000,0 108.002400,-7.160000,0 108.002400,-7.159900,0 108.002500,-7.159900,0 108.002500,-7.159700,0 108.002400,-7.159900,0 108.002200,-7.159800,0 108.002200,-7.159700,0 108.002100,-7.159700,0 108.002100,-7.159800,0 108.001900,-7.159800,0 108.001900,-7.158700,0 108.002000,-7.158700,0 108.002000,-7.158500,0 108.001900,-7.158500,0 108.001900,-7.158100,0 108.002000,-7.158100,0 108.002000,-7.158000,0 108.002200,-7.158000,0 108.002300,-7.157600,0 108.002600,-7.157600,0 108.002600,-7.157500,0 108.002800,-7.157400,0 108.002900,-7.157000,0 108.003100,-7.156900,0 108.003100,-7.156800,0 108.003400,-7.156800,0 108.003600,-7.156700,0 108.003700,-7.156500,0 108.003800,-7.156500,0 108.003700,-7.156500,0 108.003700,-7.156400,0 108.003500,-7.156400,0 108.003500,-7.156500,0 108.003400,-7.156500,0 108.003300,-7.156400,0 108.003100,-7.156400,0 108.003100,-7.156300,0 108.002500,-7.156200,0 108.002400,-7.155800,0 108.002200,-7.155700,0 108.002200,-7.155500,0 108.002300,-7.155500,0 108.002300,-7.155300,0 108.002400,-7.155300,0 108.002400,-7.155100,0 108.002500,-7.155100,0 108.002500,-7.155000,0 108.002200,-7.155000,0 108.002200,-7.154900,0 108.002000,-7.154900,0 108.002000,-7.155000,0 108.001800,-7.155000,0 108.001800,-7.155100,0 108.001600,-7.155100,0 108.001600,-7.155000,0 108.001500,-7.155000,0 108.001500,-7.154600,0 108.001400,-7.154500,0 108.001200,-7.154500,0 108.001200,-7.154200,0 108.001300,-7.154200,0 108.001300,-7.154000,0 108.001100,-7.153900,0 108.001100,-7.153400,0 108.001000,-7.153400,0 108.000800,-7.153000,0 108.000600,-7.152900,0 108.000600,-7.152800,0 108.000400,-7.152800,0 108.000400,-7.152700,0 108.000300,-7.152700,0 108.000100,-7.152900,0 108.000000,-7.152900,0 108.000000,-7.153000,0 107.999900,-7.153000,0 107.999900,-7.152400,0 108.000000,-7.152500,0</coordinates></LinearRing></outerBoundaryIs><innerBoundaryIs><LinearRing><coordinates>108.004900,-7.159400,0 108.005000,-7.159500,0 108.005300,-7.159400,0 108.005200,-7.159300,0 108.004900,-7.159400,0</coordinates></LinearRing></innerBoundaryIs><innerBoundaryIs><LinearRing><coordinates>108.005300,-7.159500,0 108.005100,-7.159600,0 108.005300,-7.159700,0 108.005300,-7.159500,0</coordinates></LinearRing></innerBoundaryIs><innerBoundaryIs><LinearRing><coordinates>108.004600,-7.159500,0 108.004400,-7.159500,0 108.004500,-7.159600,0 108.004600,-7.159600,0 108.004600,-7.159500,0</coordinates></LinearRing></innerBoundaryIs><innerBoundaryIs><LinearRing><coordinates>108.005400,-7.159800,0 108.005300,-7.159800,0 108.005300,-7.159900,0 108.005400,-7.159900,0 108.005400,-7.159800,0</coordinates></LinearRing></innerBoundaryIs><innerBoundaryIs><LinearRing><coordinates>108.005300,-7.159900,0 108.005200,-7.159800,0 108.005100,-7.159900,0 108.005200,-7.160000,0 108.005300,-7.159900,0</coordinates></LinearRing></innerBoundaryIs><innerBoundaryIs><LinearRing><coordinates>108.004700,-7.160000,0 108.004700,-7.159900,0 108.004500,-7.159900,0 108.004500,-7.159800,0 108.004300,-7.159900,0 108.004300,-7.160000,0 108.004200,-7.159900,0 108.004000,-7.160000,0 108.004000,-7.160100,0 108.004100,-7.160100,0 108.004100,-7.160200,0 108.004300,-7.160200,0 108.004300,-7.160100,0 108.004700,-7.160000,0</coordinates></LinearRing></innerBoundaryIs><innerBoundaryIs><LinearRing><coordinates>108.004100,-7.160000,0 108.004100,-7.159800,0 108.004000,-7.159800,0 108.004000,-7.160000,0 108.004100,-7.160000,0</coordinates></LinearRing></innerBoundaryIs></Polygon><Polygon><tessellate>1</tessellate><outerBoundaryIs><LinearRing><coordinates>107.996400,-7.155000,0 107.996300,-7.155100,0 107.996200,-7.155100,0 107.996200,-7.155000,0 107.995700,-7.155100,0 107.995700,-7.155400,0 107.995800,-7.155600,0 107.995500,-7.155600,0 107.995300,-7.156200,0 107.995100,-7.156200,0 107.995000,-7.156400,0 107.994900,-7.156400,0 107.994900,-7.156900,0 107.994400,-7.157000,0 107.994400,-7.156700,0 107.994300,-7.156700,0 107.994000,-7.156800,0 107.994000,-7.157100,0 107.993700,-7.157100,0 107.993700,-7.156800,0 107.993600,-7.156600,0 107.993500,-7.156600,0 107.993500,-7.156500,0 107.993800,-7.156300,0 107.993700,-7.156300,0 107.993700,-7.156200,0 107.993400,-7.156500,0 107.993300,-7.156300,0 107.993200,-7.155600,0 107.992600,-7.153300,0 107.995000,-7.151700,0 107.995300,-7.152200,0 107.995400,-7.152300,0 107.995700,-7.152300,0 107.995700,-7.152400,0 107.995900,-7.152500,0 107.995900,-7.152700,0 107.996000,-7.152700,0 107.996200,-7.152900,0 107.996200,-7.153400,0 107.996400,-7.153500,0 107.996400,-7.153700,0 107.996300,-7.153700,0 107.996300,-7.154200,0 107.996500,-7.154600,0 107.996400,-7.155000,0</coordinates></LinearRing></outerBoundaryIs></Polygon><Polygon><tessellate>1</tessellate><outerBoundaryIs><LinearRing><coordinates>107.996200,-7.151700,0 107.996300,-7.151800,0 107.996400,-7.151700,0 107.996500,-7.151800,0 107.996300,-7.152000,0 107.996400,-7.152200,0 107.996600,-7.152000,0 107.996700,-7.152000,0 107.996600,-7.152100,0 107.996600,-7.152400,0 107.996400,-7.152400,0 107.996400,-7.152300,0 107.995800,-7.152300,0 107.995800,-7.152200,0 107.995500,-7.152100,0 107.995300,-7.151900,0 107.995200,-7.151600,0 107.995800,-7.151200,0 107.996200,-7.151700,0</coordinates></LinearRing></outerBoundaryIs></Polygon><Polygon><tessellate>1</tessellate><outerBoundaryIs><LinearRing><coordinates>107.999800,-7.151400,0 107.999900,-7.151400,0 107.999900,-7.151300,0 108.000100,-7.151400,0 108.000200,-7.151600,0 108.000400,-7.151600,0 108.000600,-7.151800,0 108.000700,-7.151800,0 108.000700,-7.151900,0 108.000800,-7.151900,0 108.001100,-7.152200,0 108.001500,-7.152100,0 108.001900,-7.152400,0 108.002000,-7.152400,0 108.002000,-7.152500,0 108.002300,-7.152500,0 108.002700,-7.152800,0 108.003300,-7.153100,0 108.003800,-7.153200,0 108.004200,-7.153500,0 108.004600,-7.153400,0 108.004700,-7.153500,0 108.004700,-7.153600,0 108.004600,-7.153500,0 108.004700,-7.153900,0 108.004600,-7.153900,0 108.004600,-7.154000,0 108.004400,-7.154100,0 108.004400,-7.154700,0 108.004500,-7.154700,0 108.004300,-7.154800,0 108.004300,-7.154700,0 108.004100,-7.154600,0 108.003800,-7.154000,0 108.003600,-7.154000,0 108.003600,-7.153900,0 108.003400,-7.153900,0 108.003400,-7.154000,0 108.003300,-7.154000,0 108.003300,-7.153900,0 108.003100,-7.153800,0 108.002700,-7.153700,0 108.002700,-7.153600,0 108.002600,-7.153600,0 108.002600,-7.153500,0 108.002400,-7.153400,0 108.002400,-7.153300,0 108.002200,-7.153200,0 108.002200,-7.153100,0 108.002100,-7.153100,0 108.002100,-7.153000,0 108.002000,-7.153000,0 108.002000,-7.152900,0 108.001600,-7.152900,0 108.001600,-7.152800,0 108.001400,-7.152800,0 108.001200,-7.152700,0 108.001200,-7.152600,0 108.001000,-7.152600,0 108.001000,-7.152500,0 108.000700,-7.152500,0 108.000600,-7.152400,0 107.999900,-7.152400,0 107.999900,-7.152300,0 107.999700,-7.152100,0 107.999600,-7.152100,0 107.999400,-7.151900,0 107.999400,-7.151600,0 107.999300,-7.151600,0 107.999400,-7.151400,0 107.999600,-7.151300,0 107.999500,-7.151300,0 107.999500,-7.151200,0 107.999700,-7.151200,0 107.999800,-7.151400,0</coordinates></LinearRing></outerBoundaryIs></Polygon><Polygon><tessellate>1</tessellate><outerBoundaryIs><LinearRing><coordinates>107.991800,-7.151000,0 107.992000,-7.151900,0 107.992300,-7.152700,0 107.992300,-7.153000,0 107.990500,-7.153500,0 107.990200,-7.153700,0 107.990200,-7.153600,0 107.990000,-7.153500,0 107.990000,-7.153400,0 107.989700,-7.153300,0 107.989500,-7.153100,0 107.989500,-7.153000,0 107.989300,-7.152900,0 107.989300,-7.152700,0 107.989200,-7.152700,0 107.989300,-7.152500,0 107.989400,-7.152500,0 107.989600,-7.152300,0 107.989800,-7.152400,0 107.989800,-7.152300,0 107.990400,-7.152100,0 107.990500,-7.152000,0 107.990300,-7.151500,0 107.990200,-7.151600,0 107.990200,-7.151500,0 107.990000,-7.151600,0 107.989900,-7.151400,0 107.990200,-7.151300,0 107.991000,-7.151300,0 107.991700,-7.151100,0 107.991800,-7.151000,0</coordinates></LinearRing></outerBoundaryIs></Polygon><Polygon><tessellate>1</tessellate><outerBoundaryIs><LinearRing><coordinates>108.033100,-7.151700,0 108.033100,-7.151900,0 108.033000,-7.152000,0 108.033100,-7.152200,0 108.033000,-7.152200,0 108.033000,-7.152300,0 108.033200,-7.152300,0 108.033200,-7.152400,0 108.033400,-7.152500,0 108.033400,-7.152800,0 108.033700,-7.152800,0 108.033700,-7.152900,0 108.033500,-7.152900,0 108.033600,-7.153100,0 108.033800,-7.153200,0 108.034800,-7.153300,0 108.035100,-7.153000,0 108.035700,-7.153000,0 108.036500,-7.153400,0 108.036500,-7.153700,0 108.036800,-7.154000,0 108.036900,-7.154000,0 108.036900,-7.154200,0 108.036700,-7.154200,0 108.036600,-7.154400,0 108.036400,-7.154300,0 108.036200,-7.154400,0 108.035900,-7.154400,0 108.035800,-7.154200,0 108.035200,-7.154200,0 108.035000,-7.154400,0 108.034400,-7.154500,0 108.033700,-7.154200,0 108.032200,-7.153900,0 108.031800,-7.153900,0 108.031700,-7.154000,0 108.031200,-7.153900,0 108.031000,-7.154000,0 108.031000,-7.153800,0 108.031200,-7.153600,0 108.031300,-7.153600,0 108.031200,-7.153400,0 108.031200,-7.153500,0 108.031100,-7.153500,0 108.031100,-7.153300,0 108.030900,-7.153200,0 108.030400,-7.153200,0 108.030300,-7.153100,0 108.030100,-7.153200,0 108.030100,-7.153000,0 108.030300,-7.152900,0 108.030400,-7.152700,0 108.030600,-7.152700,0 108.030600,-7.152800,0 108.030900,-7.152600,0 108.031100,-7.152600,0 108.031500,-7.152800,0 108.031600,-7.152600,0 108.031900,-7.152500,0 108.032000,-7.152100,0 108.032200,-7.151900,0 108.032400,-7.151900,0 108.032400,-7.152000,0 108.032500,-7.151800,0 108.032700,-7.151700,0 108.032700,-7.151600,0 108.032800,-7.151600,0 108.032900,-7.151800,0 108.033000,-7.151800,0 108.033000,-7.151700,0 108.032900,-7.151700,0 108.032800,-7.151500,0 108.032900,-7.151300,0 108.033000,-7.151300,0 108.033100,-7.150800,0 108.033200,-7.150800,0 108.033200,-7.151100,0 108.033300,-7.151100,0 108.033300,-7.151200,0 108.033200,-7.151200,0 108.033200,-7.151600,0 108.033100,-7.151700,0</coordinates></LinearRing></outerBoundaryIs></Polygon><Polygon><tessellate>1</tessellate><outerBoundaryIs><LinearRing><coordinates>107.993000,-7.151000,0 107.993400,-7.151000,0 107.993500,-7.151400,0 107.994000,-7.151600,0 107.994400,-7.151400,0 107.994500,-7.151500,0 107.994400,-7.151500,0 107.994400,-7.151800,0 107.992500,-7.153000,0 107.992200,-7.151800,0 107.992400,-7.151700,0 107.992400,-7.151500,0 107.992100,-7.151600,0 107.991700,-7.149900,0 107.992200,-7.149900,0 107.992600,-7.150400,0 107.992900,-7.150600,0 107.992900,-7.150900,0 107.993000,-7.151000,0</coordinates></LinearRing></outerBoundaryIs></Polygon><Polygon><tessellate>1</tessellate><outerBoundaryIs><LinearRing><coordinates>107.979700,-7.146400,0 107.980000,-7.146400,0 107.980100,-7.146600,0 107.980000,-7.146600,0 107.980000,-7.146700,0 107.979700,-7.146700,0 107.979700,-7.146800,0 107.979900,-7.146900,0 107.979900,-7.147000,0 107.980000,-7.147000,0 107.979800,-7.147300,0 107.979100,-7.146600,0 107.979200,-7.146600,0 107.979100,-7.146500,0 107.979100,-7.146300,0 107.979200,-7.146300,0 107.979200,-7.146100,0 107.979300,-7.146100,0 107.979400,-7.145900,0 107.979400,-7.146000,0 107.979700,-7.146000,0 107.979700,-7.146400,0</coordinates></LinearRing></outerBoundaryIs></Polygon><Polygon><tessellate>1</tessellate><outerBoundaryIs><LinearRing><coordinates>108.003400,-7.146800,0 108.004200,-7.146500,0 108.004300,-7.146300,0 108.004300,-7.146000,0 108.004700,-7.146000,0 108.004700,-7.145900,0 108.004900,-7.145900,0 108.004900,-7.146000,0 108.005000,-7.146000,0 108.005000,-7.146300,0 108.005100,-7.146300,0 108.005100,-7.146600,0 108.005000,-7.146600,0 108.005000,-7.146800,0 108.005100,-7.146800,0 108.005100,-7.147200,0 108.005200,-7.147200,0 108.005200,-7.147500,0 108.005300,-7.147500,0 108.005300,-7.148100,0 108.005400,-7.148100,0 108.005400,-7.148500,0 108.005500,-7.148500,0 108.005600,-7.148800,0 108.005700,-7.148800,0 108.005700,-7.149900,0 108.005900,-7.150000,0 108.005900,-7.150100,0 108.006100,-7.150100,0 108.006100,-7.150200,0 108.006400,-7.150200,0 108.006400,-7.150300,0 108.006600,-7.150300,0 108.006600,-7.150400,0 108.006700,-7.150400,0 108.006700,-7.150800,0 108.006600,-7.150800,0 108.006600,-7.151000,0 108.006500,-7.150900,0 108.006200,-7.150900,0 108.006200,-7.151000,0 108.005600,-7.150900,0 108.005600,-7.150700,0 108.005400,-7.150700,0 108.005400,-7.150500,0 108.005300,-7.150500,0 108.005300,-7.150400,0 108.005200,-7.150500,0 108.005300,-7.150500,0 108.005300,-7.150600,0 108.005200,-7.150600,0 108.005200,-7.151000,0 108.005000,-7.151300,0 108.005100,-7.151300,0 108.005100,-7.151400,0 108.004900,-7.151400,0 108.004800,-7.151500,0 108.004400,-7.151500,0 108.004500,-7.151600,0 108.004400,-7.152000,0 108.004600,-7.152000,0 108.004600,-7.152100,0 108.004300,-7.152100,0 108.004400,-7.152300,0 108.004300,-7.152300,0 108.004300,-7.152400,0 108.004700,-7.152300,0 108.004700,-7.152400,0 108.004600,-7.152400,0 108.004600,-7.152600,0 108.004700,-7.152500,0 108.004700,-7.152600,0 108.005000,-7.152600,0 108.005000,-7.152500,0 108.005100,-7.152500,0 108.005100,-7.152700,0 108.005200,-7.152900,0 108.005300,-7.152900,0 108.005200,-7.152900,0 108.005300,-7.153100,0 108.005100,-7.153200,0 108.004800,-7.153200,0 108.004600,-7.153300,0 108.004600,-7.153400,0 108.004100,-7.153400,0 108.003900,-7.153200,0 108.003700,-7.153200,0 108.002900,-7.152800,0 108.002700,-7.152800,0 108.002300,-7.152500,0 108.002000,-7.152400,0 108.002000,-7.152300,0 108.001800,-7.152300,0 108.001800,-7.152200,0 108.001600,-7.152200,0 108.001300,-7.152000,0 108.001200,-7.152100,0 108.000700,-7.151900,0 108.000700,-7.151800,0 108.000500,-7.151600,0 108.000300,-7.151600,0 108.000100,-7.151500,0 108.000000,-7.151300,0 108.000000,-7.151400,0 108.000000,-7.151300,0 107.999800,-7.151300,0 107.999700,-7.151100,0 107.999500,-7.151100,0 107.999500,-7.150700,0 107.999300,-7.150600,0 107.999100,-7.150900,0 107.998500,-7.150300,0 107.998300,-7.150500,0 107.998200,-7.150300,0 107.997900,-7.150100,0 107.997800,-7.150100,0 107.997800,-7.150200,0 107.998000,-7.150300,0 107.998000,-7.150400,0 107.997900,-7.150400,0 107.998100,-7.150800,0 107.998500,-7.151300,0 107.998300,-7.151500,0 107.998100,-7.151400,0 107.997800,-7.151000,0 107.997800,-7.150800,0 107.997600,-7.150600,0 107.997300,-7.150500,0 107.997100,-7.150500,0 107.997100,-7.150600,0 107.996900,-7.150800,0 107.996900,-7.151000,0 107.996600,-7.151300,0 107.996400,-7.151400,0 107.996300,-7.151200,0 107.996100,-7.151300,0 107.995900,-7.151200,0 107.999600,-7.148300,0 107.999700,-7.148200,0 107.999700,-7.147900,0 107.999800,-7.147800,0 107.999900,-7.147200,0 108.000000,-7.147100,0 108.000000,-7.147200,0 108.000400,-7.146900,0 108.000700,-7.146500,0 108.001500,-7.145800,0 108.002400,-7.146200,0 108.003400,-7.146800,0</coordinates></LinearRing></outerBoundaryIs></Polygon><Polygon><tessellate>1</tessellate><outerBoundaryIs><LinearRing><coordinates>107.989900,-7.149200,0 107.990300,-7.149300,0 107.990400,-7.149500,0 107.990600,-7.149600,0 107.990800,-7.149600,0 107.990900,-7.150000,0 107.991500,-7.149800,0 107.991700,-7.150500,0 107.991400,-7.150500,0 107.991500,-7.150900,0 107.991700,-7.150900,0 107.991700,-7.151000,0 107.991300,-7.151100,0 107.991100,-7.150600,0 107.990100,-7.150700,0 107.989900,-7.150800,0 107.990000,-7.151200,0 107.990100,-7.151300,0 107.989800,-7.151300,0 107.989800,-7.151200,0 107.989600,-7.151300,0 107.989400,-7.151000,0 107.989200,-7.151100,0 107.989100,-7.151000,0 107.989000,-7.151100,0 107.988900,-7.150900,0 107.988700,-7.151000,0 107.988600,-7.150800,0 107.988800,-7.150700,0 107.988600,-7.150500,0 107.988600,-7.150400,0 107.988500,-7.150500,0 107.988400,-7.150300,0 107.988300,-7.150300,0 107.988100,-7.149900,0 107.987900,-7.149700,0 107.987500,-7.149800,0 107.987600,-7.149900,0 107.987400,-7.150000,0 107.987500,-7.150200,0 107.987400,-7.150200,0 107.987400,-7.150300,0 107.987100,-7.150000,0 107.986800,-7.150300,0 107.986800,-7.150400,0 107.986600,-7.150500,0 107.986800,-7.150600,0 107.986600,-7.151000,0 107.986400,-7.151100,0 107.985700,-7.150200,0 107.985400,-7.150800,0 107.985000,-7.151000,0 107.985300,-7.151400,0 107.984100,-7.150700,0 107.983700,-7.150300,0 107.983500,-7.150200,0 107.984100,-7.148600,0 107.984800,-7.147100,0 107.985000,-7.146300,0 107.985500,-7.145500,0 107.985600,-7.145200,0 107.985700,-7.145300,0 107.986100,-7.145300,0 107.986500,-7.145600,0 107.986500,-7.146100,0 107.986600,-7.146100,0 107.986600,-7.146500,0 107.986500,-7.146500,0 107.986500,-7.146800,0 107.986600,-7.146800,0 107.986600,-7.146900,0 107.986700,-7.146900,0 107.987000,-7.147200,0 107.987500,-7.147300,0 107.987500,-7.147400,0 107.987900,-7.147400,0 107.988000,-7.147500,0 107.988400,-7.147600,0 107.988700,-7.148300,0 107.988900,-7.148500,0 107.989100,-7.148900,0 107.989600,-7.149100,0 107.989600,-7.149200,0 107.989900,-7.149200,0</coordinates></LinearRing></outerBoundaryIs></Polygon><Polygon><tessellate>1</tessellate><outerBoundaryIs><LinearRing><coordinates>107.977800,-7.144300,0 107.977600,-7.144200,0 107.977300,-7.143900,0 107.977300,-7.143800,0 107.977200,-7.143800,0 107.977200,-7.143700,0 107.977100,-7.143700,0 107.977100,-7.143500,0 107.977500,-7.143500,0 107.977800,-7.143700,0 107.977800,-7.143900,0 107.978000,-7.144200,0 107.977800,-7.144300,0</coordinates></LinearRing></outerBoundaryIs></Polygon><Polygon><tessellate>1</tessellate><outerBoundaryIs><LinearRing><coordinates>107.977000,-7.143700,0 107.976700,-7.143700,0 107.976500,-7.143500,0 107.976500,-7.143300,0 107.976700,-7.143300,0 107.976700,-7.143400,0 107.977000,-7.143400,0 107.977000,-7.143700,0</coordinates></LinearRing></outerBoundaryIs></Polygon><Polygon><tessellate>1</tessellate><outerBoundaryIs><LinearRing><coordinates>107.974900,-7.143200,0 107.974900,-7.143300,0 107.975100,-7.143400,0 107.975100,-7.143600,0 107.975300,-7.143700,0 107.975300,-7.143800,0 107.975200,-7.143800,0 107.975100,-7.144000,0 107.975000,-7.144500,0 107.974900,-7.144500,0 107.974800,-7.144700,0 107.974800,-7.144900,0 107.974600,-7.145000,0 107.974600,-7.145100,0 107.974400,-7.145200,0 107.974300,-7.145400,0 107.973900,-7.145400,0 107.973700,-7.144700,0 107.973200,-7.144200,0 107.973300,-7.144100,0 107.973300,-7.143600,0 107.973500,-7.143400,0 107.973700,-7.143400,0 107.973700,-7.143300,0 107.973900,-7.143200,0 107.974400,-7.143200,0 107.974500,-7.143000,0 107.974700,-7.143000,0 107.974800,-7.143200,0 107.974900,-7.143200,0</coordinates></LinearRing></outerBoundaryIs></Polygon><Polygon><tessellate>1</tessellate><outerBoundaryIs><LinearRing><coordinates>107.975700,-7.143200,0 107.976200,-7.143100,0 107.976300,-7.143300,0 107.976400,-7.143300,0 107.976400,-7.143600,0 107.976500,-7.143800,0 107.976600,-7.143900,0 107.976800,-7.143900,0 107.976800,-7.144000,0 107.977000,-7.144000,0 107.977100,-7.144200,0 107.977000,-7.144300,0 107.976600,-7.144300,0 107.976400,-7.144200,0 107.976300,-7.144000,0 107.976200,-7.144000,0 107.976200,-7.143800,0 107.976200,-7.143900,0 107.976300,-7.143700,0 107.976300,-7.143500,0 107.976200,-7.143400,0 107.976000,-7.143400,0 107.975800,-7.143600,0 107.975200,-7.143600,0 107.975100,-7.143200,0 107.975000,-7.143000,0 107.974900,-7.143000,0 107.974900,-7.142700,0 107.975000,-7.142700,0 107.975100,-7.142900,0 107.975200,-7.142900,0 107.975200,-7.143000,0 107.975300,-7.143000,0 107.975300,-7.143100,0 107.975700,-7.143200,0</coordinates></LinearRing></outerBoundaryIs></Polygon><Polygon><tessellate>1</tessellate><outerBoundaryIs><LinearRing><coordinates>107.978000,-7.143400,0 107.978000,-7.143500,0 107.977800,-7.143400,0 107.977900,-7.143300,0 107.977900,-7.143100,0 107.977800,-7.143100,0 107.977800,-7.143000,0 107.977700,-7.143000,0 107.977600,-7.142800,0 107.977600,-7.142700,0 107.977700,-7.142700,0 107.977700,-7.142400,0 107.978000,-7.142400,0 107.978000,-7.142500,0 107.978100,-7.142500,0 107.978100,-7.143300,0 107.978000,-7.143300,0 107.978000,-7.143400,0</coordinates></LinearRing></outerBoundaryIs></Polygon><Polygon><tessellate>1</tessellate><outerBoundaryIs><LinearRing><coordinates>107.985100,-7.143000,0 107.985300,-7.143000,0 107.985400,-7.143100,0 107.985400,-7.143700,0 107.985600,-7.143800,0 107.985600,-7.143900,0 107.985700,-7.143900,0 107.985600,-7.144000,0 107.985600,-7.144500,0 107.985500,-7.144900,0 107.985300,-7.144900,0 107.985300,-7.145000,0 107.985200,-7.145000,0 107.985200,-7.145200,0 107.985100,-7.145000,0 107.985000,-7.145000,0 107.985000,-7.145100,0 107.985100,-7.145100,0 107.985100,-7.145200,0 107.985300,-7.145400,0 107.985400,-7.145400,0 107.985400,-7.145500,0 107.985100,-7.146000,0 107.984200,-7.148200,0 107.983800,-7.147800,0 107.983400,-7.147600,0 107.983400,-7.147500,0 107.983200,-7.147500,0 107.983100,-7.147400,0 107.982800,-7.146800,0 107.982600,-7.146700,0 107.982800,-7.146500,0 107.982800,-7.146400,0 107.982600,-7.146400,0 107.982600,-7.146300,0 107.982400,-7.146100,0 107.982400,-7.145900,0 107.982500,-7.145900,0 107.982300,-7.145600,0 107.981900,-7.145400,0 107.981700,-7.145400,0 107.981600,-7.145300,0 107.981200,-7.145200,0 107.981100,-7.144900,0 107.980900,-7.144800,0 107.981000,-7.145000,0 107.981000,-7.145300,0 107.981100,-7.145400,0 107.981900,-7.145700,0 107.982000,-7.145900,0 107.982200,-7.146000,0 107.982200,-7.146100,0 107.982500,-7.146500,0 107.982500,-7.146800,0 107.982600,-7.147000,0 107.982700,-7.147000,0 107.982800,-7.147200,0 107.982900,-7.147200,0 107.983100,-7.147600,0 107.983500,-7.147800,0 107.983500,-7.147900,0 107.983900,-7.148100,0 107.984100,-7.148300,0 107.984000,-7.148700,0 107.983400,-7.150100,0 107.981600,-7.148800,0 107.981000,-7.148300,0 107.981100,-7.148300,0 107.981100,-7.148200,0 107.980900,-7.148000,0 107.980800,-7.148000,0 107.980800,-7.148100,0 107.980500,-7.147900,0 107.980300,-7.147600,0 107.980200,-7.147600,0 107.979900,-7.147300,0 107.979900,-7.147200,0 107.980000,-7.147200,0 107.980000,-7.147000,0 107.980100,-7.147100,0 107.980300,-7.147100,0 107.980300,-7.147000,0 107.980100,-7.146900,0 107.980200,-7.146700,0 107.980100,-7.146700,0 107.980200,-7.146700,0 107.980300,-7.146400,0 107.980200,-7.146400,0 107.980000,-7.146200,0 107.980000,-7.145800,0 107.980200,-7.145600,0 107.980500,-7.145600,0 107.981000,-7.145900,0 107.981300,-7.145900,0 107.981700,-7.146100,0 107.981700,-7.146200,0 107.982100,-7.146400,0 107.982000,-7.146400,0 107.982100,-7.147000,0 107.982400,-7.147000,0 107.982400,-7.146900,0 107.982300,-7.146700,0 107.982200,-7.146700,0 107.982200,-7.146200,0 107.981700,-7.145900,0 107.980900,-7.145700,0 107.980400,-7.145300,0 107.980000,-7.145200,0 107.979800,-7.145000,0 107.979800,-7.144800,0 107.979900,-7.144700,0 107.980600,-7.144700,0 107.980800,-7.144500,0 107.980800,-7.144200,0 107.980900,-7.144200,0 107.980900,-7.143700,0 107.981100,-7.143600,0 107.981100,-7.143500,0 107.981500,-7.143300,0 107.982000,-7.143300,0 107.982000,-7.143100,0 107.981800,-7.142900,0 107.982000,-7.142900,0 107.982000,-7.142800,0 107.982100,-7.142800,0 107.982300,-7.142600,0 107.982200,-7.142400,0 107.982100,-7.142400,0 107.982200,-7.142000,0 107.982600,-7.141500,0 107.983000,-7.141300,0 107.983200,-7.141400,0 107.983300,-7.141700,0 107.983500,-7.141900,0 107.983800,-7.141900,0 107.983800,-7.142000,0 107.984300,-7.142000,0 107.984500,-7.142100,0 107.984800,-7.142400,0 107.984900,-7.142600,0 107.984900,-7.142900,0 107.985100,-7.143000,0</coordinates></LinearRing></outerBoundaryIs></Polygon><Polygon><tessellate>1</tessellate><outerBoundaryIs><LinearRing><coordinates>107.988100,-7.142600,0 107.988100,-7.142500,0 107.988300,-7.142600,0 107.988600,-7.143200,0 107.988900,-7.143200,0 107.989100,-7.143100,0 107.989100,-7.143000,0 107.989500,-7.142900,0 107.989700,-7.143500,0 107.989900,-7.143700,0 107.989900,-7.144100,0 107.990000,-7.144100,0 107.990200,-7.144800,0 107.990300,-7.144800,0 107.990700,-7.146200,0 107.991000,-7.148000,0 107.991300,-7.149000,0 107.991200,-7.149300,0 107.991100,-7.149300,0 107.990900,-7.149500,0 107.990700,-7.149500,0 107.990300,-7.149200,0 107.989900,-7.149200,0 107.989200,-7.148800,0 107.988800,-7.148300,0 107.988800,-7.148200,0 107.988700,-7.148200,0 107.988700,-7.147900,0 107.988500,-7.147800,0 107.988500,-7.147500,0 107.988400,-7.147500,0 107.988400,-7.147400,0 107.987900,-7.147400,0 107.987900,-7.147300,0 107.987400,-7.147200,0 107.987300,-7.147100,0 107.987000,-7.147100,0 107.987000,-7.147000,0 107.986900,-7.147000,0 107.986700,-7.146800,0 107.986700,-7.146700,0 107.986600,-7.146700,0 107.986600,-7.146500,0 107.986700,-7.146400,0 107.986700,-7.146100,0 107.986600,-7.146100,0 107.986600,-7.145900,0 107.986700,-7.145900,0 107.986600,-7.145900,0 107.986600,-7.145600,0 107.986500,-7.145600,0 107.986500,-7.145500,0 107.986200,-7.145200,0 107.986100,-7.145200,0 107.986100,-7.145100,0 107.985700,-7.145000,0 107.986000,-7.144500,0 107.987000,-7.142300,0 107.987100,-7.141900,0 107.987200,-7.141900,0 107.987400,-7.141300,0 107.987500,-7.141200,0 107.987500,-7.140900,0 107.987600,-7.140900,0 107.987600,-7.140700,0 107.987700,-7.140700,0 107.987700,-7.140600,0 107.988000,-7.140600,0 107.988000,-7.140800,0 107.988100,-7.140900,0 107.988100,-7.141200,0 107.987900,-7.141300,0 107.987800,-7.141500,0 107.987800,-7.142000,0 107.987900,-7.142100,0 107.987800,-7.142200,0 107.987800,-7.142400,0 107.987900,-7.142400,0 107.987900,-7.142500,0 107.988100,-7.142600,0</coordinates></LinearRing></outerBoundaryIs></Polygon><Polygon><tessellate>1</tessellate><outerBoundaryIs><LinearRing><coordinates>107.987600,-7.140400,0 107.987600,-7.140500,0 107.987300,-7.140500,0 107.987200,-7.140700,0 107.986800,-7.140700,0 107.986600,-7.140600,0 107.986600,-7.140500,0 107.986500,-7.140500,0 107.986600,-7.140300,0 107.986600,-7.140000,0 107.986800,-7.140000,0 107.987200,-7.140200,0 107.987400,-7.140400,0 107.987600,-7.140400,0</coordinates></LinearRing></outerBoundaryIs></Polygon><Polygon><tessellate>1</tessellate><outerBoundaryIs><LinearRing><coordinates>107.983800,-7.139800,0 107.983900,-7.139900,0 107.984100,-7.139800,0 107.984300,-7.139800,0 107.984300,-7.139900,0 107.984300,-7.139800,0 107.984500,-7.139800,0 107.984500,-7.139900,0 107.984900,-7.139900,0 107.984900,-7.140300,0 107.985200,-7.140300,0 107.985600,-7.140100,0 107.985600,-7.139900,0 107.985700,-7.139900,0 107.985700,-7.139800,0 107.986000,-7.139800,0 107.986000,-7.139900,0 107.986200,-7.139900,0 107.986200,-7.140000,0 107.986400,-7.140000,0 107.986500,-7.140100,0 107.986500,-7.140200,0 107.986400,-7.140200,0 107.986400,-7.140500,0 107.986500,-7.140500,0 107.986600,-7.140700,0 107.986800,-7.140700,0 107.986800,-7.140800,0 107.987100,-7.140900,0 107.987100,-7.141000,0 107.987200,-7.140900,0 107.987400,-7.141000,0 107.986800,-7.142100,0 107.986700,-7.142500,0 107.986000,-7.143900,0 107.985800,-7.144500,0 107.985800,-7.144400,0 107.985700,-7.144400,0 107.985800,-7.143900,0 107.985500,-7.143700,0 107.985600,-7.143100,0 107.985500,-7.142900,0 107.985300,-7.142800,0 107.985400,-7.142900,0 107.985300,-7.142800,0 107.985100,-7.142800,0 107.985100,-7.142900,0 107.984900,-7.142100,0 107.984700,-7.142100,0 107.984700,-7.142200,0 107.984600,-7.142200,0 107.984500,-7.141500,0 107.984300,-7.141500,0 107.984200,-7.141600,0 107.984400,-7.141700,0 107.984400,-7.141900,0 107.984200,-7.141800,0 107.983800,-7.141800,0 107.983600,-7.141700,0 107.983600,-7.141600,0 107.983600,-7.141700,0 107.983600,-7.141600,0 107.983400,-7.141600,0 107.983300,-7.141500,0 107.983300,-7.141300,0 107.983400,-7.141300,0 107.983500,-7.141000,0 107.983700,-7.141000,0 107.983800,-7.140900,0 107.983800,-7.140700,0 107.983900,-7.140500,0 107.984000,-7.140500,0 107.984000,-7.140200,0 107.983800,-7.139800,0</coordinates></LinearRing></outerBoundaryIs></Polygon><Polygon><tessellate>1</tessellate><outerBoundaryIs><LinearRing><coordinates>107.975400,-7.142300,0 107.975200,-7.142300,0 107.975200,-7.142200,0 107.975000,-7.142000,0 107.974900,-7.142000,0 107.974900,-7.140800,0 107.974800,-7.140800,0 107.974800,-7.140600,0 107.974700,-7.140500,0 107.974700,-7.140400,0 107.974800,-7.140400,0 107.974800,-7.140100,0 107.974700,-7.140000,0 107.974700,-7.139500,0 107.974800,-7.139500,0 107.974800,-7.139400,0 107.975000,-7.139500,0 107.975300,-7.140100,0 107.975600,-7.140100,0 107.975600,-7.140300,0 107.975500,-7.140400,0 107.975300,-7.140400,0 107.975100,-7.140500,0 107.975100,-7.140600,0 107.975000,-7.140600,0 107.975100,-7.140700,0 107.975100,-7.141000,0 107.975200,-7.141000,0 107.975300,-7.141700,0 107.975400,-7.141700,0 107.975500,-7.141900,0 107.975500,-7.142300,0 107.975400,-7.142300,0</coordinates></LinearRing></outerBoundaryIs></Polygon><Polygon><tessellate>1</tessellate><outerBoundaryIs><LinearRing><coordinates>107.977800,-7.139800,0 107.978100,-7.139800,0 107.978100,-7.140000,0 107.978000,-7.140000,0 107.978000,-7.140200,0 107.977900,-7.140300,0 107.977700,-7.140400,0 107.977600,-7.140600,0 107.977600,-7.140900,0 107.977700,-7.140900,0 107.977700,-7.140800,0 107.978000,-7.140800,0 107.978800,-7.141200,0 107.978700,-7.141700,0 107.978400,-7.141700,0 107.978400,-7.141900,0 107.978200,-7.142100,0 107.978200,-7.142400,0 107.977800,-7.142300,0 107.977900,-7.142100,0 107.977700,-7.142100,0 107.977700,-7.142200,0 107.977200,-7.141800,0 107.976900,-7.141700,0 107.976700,-7.141500,0 107.976800,-7.141500,0 107.976800,-7.141400,0 107.976700,-7.141400,0 107.976800,-7.141100,0 107.976200,-7.140800,0 107.976200,-7.140500,0 107.976300,-7.140500,0 107.976600,-7.140200,0 107.976700,-7.140200,0 107.976700,-7.140100,0 107.976800,-7.140100,0 107.976800,-7.140000,0 107.977100,-7.139700,0 107.977300,-7.139600,0 107.977300,-7.139500,0 107.977400,-7.139500,0 107.977300,-7.139300,0 107.977400,-7.139300,0 107.977400,-7.139200,0 107.977800,-7.139100,0 107.977800,-7.139400,0 107.977700,-7.139500,0 107.977700,-7.139700,0 107.977800,-7.139800,0</coordinates></LinearRing></outerBoundaryIs></Polygon><Polygon><tessellate>1</tessellate><outerBoundaryIs><LinearRing><coordinates>107.988800,-7.139400,0 107.989000,-7.139300,0 107.988800,-7.139300,0 107.988700,-7.139200,0 107.989100,-7.139000,0 107.989300,-7.139600,0 107.989400,-7.140500,0 107.989900,-7.142500,0 107.989900,-7.142600,0 107.989800,-7.142600,0 107.989800,-7.142800,0 107.989900,-7.142700,0 107.989900,-7.143000,0 107.989500,-7.142900,0 107.989500,-7.142800,0 107.989300,-7.142700,0 107.989100,-7.142700,0 107.989000,-7.142900,0 107.988600,-7.142900,0 107.988500,-7.142700,0 107.988500,-7.142400,0 107.988200,-7.142300,0 107.988200,-7.142200,0 107.988000,-7.142100,0 107.988000,-7.141700,0 107.988100,-7.141500,0 107.988200,-7.141500,0 107.988300,-7.141700,0 107.988400,-7.141700,0 107.988400,-7.141400,0 107.988600,-7.141000,0 107.988500,-7.140900,0 107.988500,-7.140700,0 107.988300,-7.140600,0 107.988200,-7.140300,0 107.988000,-7.140100,0 107.988200,-7.139700,0 107.988200,-7.139500,0 107.988700,-7.138500,0 107.988800,-7.138600,0 107.988600,-7.138900,0 107.988500,-7.139300,0 107.988700,-7.139300,0 107.988700,-7.139400,0 107.988800,-7.139400,0</coordinates></LinearRing></outerBoundaryIs></Polygon><Polygon><tessellate>1</tessellate><outerBoundaryIs><LinearRing><coordinates>107.993400,-7.137500,0 107.993600,-7.137900,0 107.993600,-7.138800,0 107.993800,-7.139000,0 107.994200,-7.139200,0 107.994100,-7.139300,0 107.994300,-7.139500,0 107.994200,-7.139700,0 107.994400,-7.139900,0 107.994500,-7.139800,0 107.994600,-7.139900,0 107.994800,-7.139700,0 107.995100,-7.140000,0 107.995600,-7.140100,0 107.995600,-7.140600,0 107.995800,-7.140600,0 107.995900,-7.140500,0 107.996000,-7.140500,0 107.996000,-7.140600,0 107.996400,-7.140600,0 107.996500,-7.140700,0 107.996500,-7.140900,0 107.996700,-7.141100,0 107.996800,-7.141100,0 107.996800,-7.141200,0 107.998200,-7.141700,0 107.998200,-7.141900,0 107.998300,-7.141900,0 107.998400,-7.142100,0 107.998600,-7.142100,0 107.998900,-7.141900,0 107.998900,-7.141700,0 107.999100,-7.141400,0 107.999800,-7.141400,0 108.000000,-7.141500,0 108.000000,-7.141700,0 107.999700,-7.141600,0 107.999400,-7.141700,0 107.999200,-7.141900,0 107.999200,-7.142100,0 107.999100,-7.142100,0 107.999000,-7.142300,0 107.999000,-7.143000,0 107.999200,-7.143000,0 107.999200,-7.143200,0 107.999100,-7.143300,0 107.999300,-7.143500,0 107.999500,-7.143500,0 107.999700,-7.143200,0 107.999900,-7.143300,0 107.999900,-7.143400,0 108.000000,-7.143400,0 108.000000,-7.143700,0 108.000100,-7.143700,0 108.000100,-7.143900,0 108.000200,-7.143900,0 108.000200,-7.144100,0 108.000300,-7.144100,0 108.000300,-7.144200,0 108.000400,-7.144200,0 108.000400,-7.144100,0 108.000700,-7.144100,0 108.000800,-7.144300,0 108.001100,-7.144300,0 108.001100,-7.144200,0 108.001200,-7.144200,0 108.001200,-7.144100,0 108.001300,-7.144100,0 108.001400,-7.143900,0 108.001600,-7.143900,0 108.001600,-7.144000,0 108.001700,-7.144000,0 108.001700,-7.144200,0 108.001800,-7.144200,0 108.001800,-7.144400,0 108.001900,-7.144400,0 108.001900,-7.144600,0 108.002100,-7.144700,0 108.002000,-7.144900,0 108.001800,-7.144900,0 108.001800,-7.145000,0 108.001700,-7.145000,0 108.001700,-7.145100,0 108.001500,-7.145100,0 108.001500,-7.145600,0 108.000900,-7.146100,0 108.000800,-7.146100,0 108.000600,-7.146300,0 108.000600,-7.146400,0 108.000000,-7.146900,0 108.000000,-7.147000,0 107.999700,-7.147300,0 107.999600,-7.147900,0 107.999400,-7.148200,0 107.997700,-7.149500,0 107.996200,-7.150500,0 107.995000,-7.151200,0 107.995000,-7.151100,0 107.994600,-7.151100,0 107.994600,-7.151200,0 107.994300,-7.151200,0 107.994200,-7.151300,0 107.993700,-7.151300,0 107.993600,-7.151100,0 107.993700,-7.151000,0 107.993600,-7.150600,0 107.993200,-7.150600,0 107.993200,-7.150700,0 107.993100,-7.150700,0 107.993100,-7.150600,0 107.993000,-7.150600,0 107.993000,-7.150400,0 107.992900,-7.150400,0 107.992600,-7.150100,0 107.992500,-7.149900,0 107.992400,-7.149900,0 107.992400,-7.149700,0 107.992200,-7.149600,0 107.992100,-7.149600,0 107.992100,-7.149700,0 107.991600,-7.149700,0 107.991000,-7.147000,0 107.990200,-7.144400,0 107.990500,-7.144500,0 107.990900,-7.144500,0 107.991700,-7.144100,0 107.991600,-7.144000,0 107.991000,-7.144000,0 107.991000,-7.143900,0 107.990700,-7.143800,0 107.990500,-7.143600,0 107.990500,-7.143500,0 107.990300,-7.143300,0 107.990000,-7.143200,0 107.990000,-7.142500,0 107.989600,-7.140800,0 107.989700,-7.140200,0 107.989500,-7.140200,0 107.989500,-7.140300,0 107.989500,-7.140000,0 107.989400,-7.139900,0 107.989300,-7.139500,0 107.989300,-7.138800,0 107.989200,-7.138800,0 107.989400,-7.138600,0 107.989400,-7.138300,0 107.989300,-7.138300,0 107.989300,-7.138200,0 107.989500,-7.138100,0 107.989600,-7.138100,0 107.989600,-7.138200,0 107.989900,-7.138200,0 107.989900,-7.138100,0 107.990300,-7.138100,0 107.990700,-7.138300,0 107.990700,-7.138400,0 107.990900,-7.138500,0 107.990500,-7.137700,0 107.990800,-7.137700,0 107.990900,-7.137800,0 107.991400,-7.137800,0 107.991600,-7.137700,0 107.991700,-7.137500,0 107.992000,-7.137500,0 107.992100,-7.137400,0 107.992300,-7.137600,0 107.992300,-7.137700,0 107.992700,-7.137800,0 107.992700,-7.137700,0 107.992600,-7.137700,0 107.992500,-7.137300,0 107.992900,-7.137400,0 107.993400,-7.137400,0 107.993400,-7.137500,0</coordinates></LinearRing></outerBoundaryIs></Polygon></MultiGeometry></Placemark><Placemark><name>DI Citameng II</name><styleUrl>#w2</styleUrl><description><![CDATA[<table><tr><td>Luas</td><td align='right'><b>339,0000</b> ha</td></tr><tr><td>Luas</td><td align='right'><b>3.390.000</b> m²</td></tr><tr><td>Keliling</td><td align='right'><b>42.711</b> m</td></tr><tr><td>Tinggi rata-rata</td><td align='right'><b>684,0</b> m dpl</td></tr><tr><td>Rezim</td><td align='right'><b>FL</b> </td></tr><tr><td>Kebutuhan air</td><td align='right'><b>780.972</b> m³</td></tr><tr><td>Kebutuhan air</td><td align='right'><b>230</b> mm</td></tr><tr><td>Debit</td><td align='right'><b>99,33</b> l/detik</td></tr><tr><td>NFR</td><td align='right'><b>1,65</b> mm/hari</td></tr><tr><td>Water loss</td><td align='right'><b>4.868.521</b> m³</td></tr><tr><td>Water loss</td><td align='right'><b>1.436</b> mm</td></tr></table>]]></description><MultiGeometry><Polygon><tessellate>1</tessellate><outerBoundaryIs><LinearRing><coordinates>108.007600,-7.150100,0 108.007700,-7.150100,0 108.007800,-7.150300,0 108.008000,-7.150300,0 108.008000,-7.150400,0 108.008200,-7.150400,0 108.008200,-7.150500,0 108.008700,-7.150500,0 108.009100,-7.150700,0 108.009100,-7.150800,0 108.009300,-7.150800,0 108.009300,-7.150900,0 108.009600,-7.151000,0 108.009600,-7.151100,0 108.010200,-7.151100,0 108.010200,-7.151200,0 108.010300,-7.151200,0 108.010300,-7.151300,0 108.010500,-7.151300,0 108.010500,-7.151400,0 108.010300,-7.151400,0 108.010300,-7.151300,0 108.009400,-7.151300,0 108.008800,-7.151000,0 108.008600,-7.151000,0 108.008500,-7.150900,0 108.008400,-7.151100,0 108.008400,-7.151200,0 108.008500,-7.151200,0 108.008500,-7.151400,0 108.008400,-7.151400,0 108.008200,-7.151000,0 108.008100,-7.151000,0 108.008100,-7.150800,0 108.008000,-7.150800,0 108.008000,-7.150700,0 108.007500,-7.150600,0 108.007500,-7.150400,0 108.007400,-7.150400,0 108.007400,-7.150300,0 108.007200,-7.150300,0 108.007200,-7.150200,0 108.007200,-7.150300,0 108.007000,-7.150400,0 108.007100,-7.150100,0 108.007300,-7.150000,0 108.007500,-7.150000,0 108.007500,-7.150100,0 108.007600,-7.150100,0</coordinates></LinearRing></outerBoundaryIs></Polygon><Polygon><tessellate>1</tessellate><outerBoundaryIs><LinearRing><coordinates>108.009000,-7.148300,0 108.009000,-7.148400,0 108.009100,-7.148300,0 108.009300,-7.148400,0 108.009300,-7.148300,0 108.009600,-7.148400,0 108.009800,-7.148600,0 108.010800,-7.149200,0 108.010700,-7.149200,0 108.010700,-7.149300,0 108.010100,-7.149300,0 108.010100,-7.149200,0 108.009900,-7.149200,0 108.009900,-7.149300,0 108.009800,-7.149300,0 108.009800,-7.149700,0 108.010200,-7.149900,0 108.010300,-7.150100,0 108.010800,-7.150100,0 108.010800,-7.151100,0 108.010700,-7.151100,0 108.010700,-7.151000,0 108.010400,-7.151000,0 108.010400,-7.151100,0 108.010300,-7.151100,0 108.010300,-7.151000,0 108.010100,-7.151000,0 108.010000,-7.150900,0 108.009600,-7.151000,0 108.009500,-7.150800,0 108.009200,-7.150800,0 108.009100,-7.150600,0 108.008500,-7.150500,0 108.008500,-7.150400,0 108.008100,-7.150400,0 108.008100,-7.150300,0 108.007800,-7.150200,0 108.007800,-7.150000,0 108.007500,-7.150000,0 108.007500,-7.149900,0 108.007000,-7.149800,0 108.007100,-7.149800,0 108.007100,-7.149500,0 108.007100,-7.149600,0 108.007400,-7.149600,0 108.007500,-7.149400,0 108.007700,-7.149400,0 108.007800,-7.149000,0 108.007900,-7.148900,0 108.007900,-7.148700,0 108.008000,-7.148700,0 108.008100,-7.148400,0 108.008200,-7.148400,0 108.008200,-7.148300,0 108.008400,-7.148200,0 108.008400,-7.148100,0 108.009100,-7.148100,0 108.009100,-7.148200,0 108.008900,-7.148200,0 108.009000,-7.148300,0</coordinates></LinearRing></outerBoundaryIs><innerBoundaryIs><LinearRing><coordinates>108.008800,-7.149300,0 108.008900,-7.149300,0 108.008900,-7.148900,0 108.009000,-7.148900,0 108.008800,-7.149000,0 108.008800,-7.149100,0 108.008900,-7.149100,0 108.008800,-7.149300,0</coordinates></LinearRing></innerBoundaryIs></Polygon><Polygon><tessellate>1</tessellate><outerBoundaryIs><LinearRing><coordinates>108.007600,-7.148400,0 108.007900,-7.148700,0 108.007900,-7.148800,0 108.007700,-7.148700,0 108.007300,-7.148700,0 108.007300,-7.148800,0 108.007200,-7.148700,0 108.007000,-7.148700,0 108.007000,-7.148600,0 108.006700,-7.148600,0 108.006500,-7.148500,0 108.006700,-7.147700,0 108.007000,-7.147800,0 108.007300,-7.148200,0 108.007400,-7.148200,0 108.007500,-7.148400,0 108.007600,-7.148400,0</coordinates></LinearRing></outerBoundaryIs></Polygon><Polygon><tessellate>1</tessellate><outerBoundaryIs><LinearRing><coordinates>108.008700,-7.146800,0 108.009000,-7.147400,0 108.009000,-7.147800,0 108.008900,-7.147800,0 108.008900,-7.148000,0 108.008400,-7.148100,0 108.008200,-7.148200,0 108.008200,-7.148300,0 108.007900,-7.148200,0 108.007900,-7.148300,0 108.007800,-7.148300,0 108.007800,-7.148500,0 108.008000,-7.148500,0 108.007900,-7.148700,0 108.007400,-7.148200,0 108.007400,-7.148100,0 108.007300,-7.148100,0 108.007100,-7.147900,0 108.007000,-7.147700,0 108.006800,-7.147700,0 108.006700,-7.147600,0 108.007000,-7.147200,0 108.007100,-7.146900,0 108.007300,-7.146900,0 108.007300,-7.146800,0 108.007600,-7.146800,0 108.007600,-7.146600,0 108.007700,-7.146600,0 108.007700,-7.146500,0 108.007900,-7.146500,0 108.008000,-7.146300,0 108.008400,-7.146200,0 108.008500,-7.146500,0 108.008700,-7.146600,0 108.008700,-7.146800,0</coordinates></LinearRing></outerBoundaryIs></Polygon><Polygon><tessellate>1</tessellate><outerBoundaryIs><LinearRing><coordinates>108.003400,-7.139200,0 108.004800,-7.139200,0 108.004800,-7.139100,0 108.005300,-7.139100,0 108.005300,-7.139200,0 108.005500,-7.139200,0 108.005800,-7.139400,0 108.006000,-7.139400,0 108.006700,-7.139800,0 108.006900,-7.139800,0 108.006900,-7.139900,0 108.007000,-7.139900,0 108.007000,-7.140000,0 108.007200,-7.140200,0 108.007900,-7.140200,0 108.007900,-7.140300,0 108.007700,-7.140400,0 108.007600,-7.140600,0 108.007600,-7.140900,0 108.007900,-7.141000,0 108.008100,-7.141200,0 108.008200,-7.141200,0 108.008200,-7.141300,0 108.008300,-7.141300,0 108.008300,-7.141400,0 108.008400,-7.141400,0 108.008400,-7.141500,0 108.008300,-7.141500,0 108.008300,-7.141700,0 108.008200,-7.141700,0 108.008200,-7.141900,0 108.008100,-7.141900,0 108.008100,-7.142100,0 108.007900,-7.142200,0 108.007900,-7.142400,0 108.008000,-7.142400,0 108.008000,-7.143200,0 108.008200,-7.143300,0 108.008300,-7.143600,0 108.008200,-7.143700,0 108.008200,-7.143900,0 108.008000,-7.144300,0 108.007800,-7.144400,0 108.007700,-7.144600,0 108.007700,-7.144500,0 108.007300,-7.144400,0 108.007600,-7.144600,0 108.007800,-7.144600,0 108.007800,-7.144900,0 108.007600,-7.145000,0 108.007500,-7.145000,0 108.007500,-7.144900,0 108.007500,-7.145000,0 108.007300,-7.145000,0 108.007300,-7.145100,0 108.007200,-7.145100,0 108.007200,-7.145200,0 108.006800,-7.145200,0 108.006800,-7.145400,0 108.006900,-7.145400,0 108.006900,-7.145600,0 108.006800,-7.145600,0 108.006800,-7.145700,0 108.007000,-7.145800,0 108.006800,-7.145900,0 108.006900,-7.146000,0 108.006800,-7.146000,0 108.006800,-7.146200,0 108.006700,-7.146200,0 108.006700,-7.146300,0 108.006800,-7.146300,0 108.006800,-7.146500,0 108.007000,-7.146600,0 108.007000,-7.146700,0 108.006700,-7.146700,0 108.006700,-7.146600,0 108.006700,-7.146800,0 108.006800,-7.146800,0 108.006800,-7.146900,0 108.006500,-7.146900,0 108.006500,-7.146800,0 108.006400,-7.146900,0 108.006400,-7.146700,0 108.006100,-7.146700,0 108.006100,-7.146600,0 108.005900,-7.146600,0 108.005900,-7.146400,0 108.005800,-7.146400,0 108.005800,-7.146100,0 108.005600,-7.145800,0 108.004700,-7.145700,0 108.004600,-7.145500,0 108.004200,-7.145500,0 108.004200,-7.145400,0 108.004100,-7.145400,0 108.004000,-7.145200,0 108.003900,-7.145200,0 108.003900,-7.145100,0 108.003800,-7.145100,0 108.003700,-7.145300,0 108.003400,-7.145300,0 108.003100,-7.145100,0 108.002700,-7.145100,0 108.002700,-7.145000,0 108.002600,-7.145000,0 108.002600,-7.144900,0 108.002500,-7.144900,0 108.002500,-7.144800,0 108.002300,-7.144700,0 108.002300,-7.144500,0 108.002200,-7.144500,0 108.002200,-7.144000,0 108.002000,-7.143900,0 108.002000,-7.143400,0 108.002100,-7.143400,0 108.002100,-7.143300,0 108.002300,-7.143200,0 108.002200,-7.143200,0 108.002200,-7.142900,0 108.002000,-7.142500,0 108.002800,-7.142400,0 108.002800,-7.142100,0 108.002700,-7.142100,0 108.002700,-7.142000,0 108.002400,-7.142000,0 108.002400,-7.141900,0 108.002000,-7.141900,0 108.002000,-7.141800,0 108.001500,-7.141800,0 108.001500,-7.141700,0 108.001400,-7.141700,0 108.001400,-7.141400,0 108.001500,-7.141400,0 108.001500,-7.141100,0 108.001600,-7.141100,0 108.001600,-7.140900,0 108.002000,-7.140700,0 108.001900,-7.140300,0 108.001700,-7.140300,0 108.001600,-7.140500,0 108.001300,-7.140500,0 108.001300,-7.140400,0 108.001100,-7.140400,0 108.001000,-7.140200,0 108.000900,-7.140200,0 108.000900,-7.140000,0 108.000300,-7.140000,0 108.000300,-7.139900,0 108.000200,-7.139900,0 108.000200,-7.139800,0 108.000300,-7.139800,0 108.000300,-7.139300,0 108.000400,-7.139300,0 108.000400,-7.138700,0 108.000300,-7.138600,0 108.000400,-7.138600,0 108.000500,-7.138400,0 108.000700,-7.138300,0 108.000700,-7.138400,0 108.001600,-7.138600,0 108.002800,-7.139000,0 108.003000,-7.139000,0 108.003000,-7.139100,0 108.003400,-7.139200,0</coordinates></LinearRing></outerBoundaryIs></Polygon><Polygon><tessellate>1</tessellate><outerBoundaryIs><LinearRing><coordinates>107.999900,-7.138200,0 107.999400,-7.138200,0 107.999300,-7.138000,0 107.999400,-7.137900,0 108.000000,-7.138100,0 107.999900,-7.138200,0</coordinates></LinearRing></outerBoundaryIs></Polygon><Polygon><tessellate>1</tessellate><outerBoundaryIs><LinearRing><coordinates>108.000700,-7.132400,0 108.000900,-7.132500,0 108.000900,-7.132600,0 108.001000,-7.132600,0 108.001000,-7.132700,0 108.001200,-7.132700,0 108.001200,-7.132800,0 108.001400,-7.132800,0 108.001400,-7.132900,0 108.001700,-7.133000,0 108.001700,-7.133100,0 108.002100,-7.133100,0 108.002100,-7.133200,0 108.002200,-7.133200,0 108.002200,-7.133700,0 108.002500,-7.134000,0 108.002500,-7.134100,0 108.002600,-7.134100,0 108.002600,-7.134200,0 108.002800,-7.134300,0 108.002800,-7.134400,0 108.003000,-7.134400,0 108.003000,-7.134600,0 108.003100,-7.134600,0 108.003100,-7.134700,0 108.003300,-7.134700,0 108.003300,-7.134600,0 108.003600,-7.134600,0 108.003600,-7.134700,0 108.003900,-7.134700,0 108.003900,-7.134800,0 108.004000,-7.134800,0 108.004000,-7.134900,0 108.004200,-7.134900,0 108.004200,-7.135000,0 108.004200,-7.134900,0 108.004300,-7.135000,0 108.004300,-7.134900,0 108.004300,-7.135000,0 108.004500,-7.135100,0 108.004600,-7.135400,0 108.004800,-7.135500,0 108.004900,-7.135800,0 108.005100,-7.135900,0 108.005100,-7.136000,0 108.005200,-7.136000,0 108.005200,-7.136100,0 108.005300,-7.136100,0 108.005400,-7.136300,0 108.005900,-7.136300,0 108.005900,-7.136500,0 108.006000,-7.136500,0 108.006000,-7.136700,0 108.006100,-7.136700,0 108.006100,-7.136800,0 108.006400,-7.136800,0 108.006400,-7.136700,0 108.006400,-7.136800,0 108.006500,-7.136800,0 108.006500,-7.137000,0 108.006300,-7.137000,0 108.006300,-7.137100,0 108.006500,-7.137100,0 108.006500,-7.137300,0 108.006600,-7.137300,0 108.006600,-7.137400,0 108.006800,-7.137500,0 108.006800,-7.137600,0 108.007000,-7.137600,0 108.007000,-7.137700,0 108.007400,-7.137700,0 108.007400,-7.137800,0 108.007500,-7.137800,0 108.007500,-7.138100,0 108.007400,-7.138100,0 108.007400,-7.138300,0 108.007500,-7.138300,0 108.007500,-7.138400,0 108.007700,-7.138400,0 108.007700,-7.138500,0 108.007800,-7.138500,0 108.007900,-7.138700,0 108.008100,-7.138700,0 108.008100,-7.138800,0 108.008200,-7.138800,0 108.008200,-7.138900,0 108.008000,-7.138900,0 108.008000,-7.139000,0 108.007900,-7.139000,0 108.007600,-7.139500,0 108.007700,-7.139500,0 108.007700,-7.139700,0 108.008100,-7.139800,0 108.008000,-7.140100,0 108.007800,-7.140200,0 108.007200,-7.140200,0 108.007200,-7.140100,0 108.007100,-7.140100,0 108.006800,-7.139700,0 108.006400,-7.139600,0 108.006100,-7.139400,0 108.005900,-7.139400,0 108.005500,-7.139200,0 108.005500,-7.139100,0 108.004700,-7.139100,0 108.004700,-7.139200,0 108.004500,-7.139200,0 108.004400,-7.139100,0 108.003900,-7.139100,0 108.003800,-7.139200,0 108.003400,-7.139200,0 108.003100,-7.139100,0 108.003100,-7.139000,0 108.002900,-7.138900,0 108.001600,-7.138600,0 108.000700,-7.138300,0 108.000800,-7.138200,0 108.000800,-7.138000,0 108.000700,-7.138000,0 108.000700,-7.137900,0 108.000600,-7.137900,0 108.000600,-7.138000,0 108.000100,-7.138100,0 107.999900,-7.138000,0 107.999900,-7.137900,0 107.999500,-7.137800,0 107.998800,-7.137400,0 107.998900,-7.137200,0 107.998600,-7.137100,0 107.998900,-7.136600,0 107.999100,-7.136000,0 107.998000,-7.135800,0 107.998000,-7.135500,0 107.997900,-7.135300,0 107.998100,-7.135200,0 107.998200,-7.134800,0 107.998100,-7.134700,0 107.998100,-7.134800,0 107.997900,-7.134900,0 107.997900,-7.135000,0 107.997700,-7.135000,0 107.997700,-7.134700,0 107.997800,-7.134700,0 107.997800,-7.134200,0 107.998000,-7.133900,0 107.998000,-7.133600,0 107.997800,-7.133500,0 107.997800,-7.133200,0 107.997700,-7.133200,0 107.997800,-7.132800,0 107.997500,-7.132700,0 107.997400,-7.132300,0 107.997500,-7.132400,0 107.998000,-7.132400,0 107.998100,-7.132500,0 107.998300,-7.132500,0 107.998400,-7.132400,0 107.998600,-7.132600,0 107.999200,-7.132600,0 107.999400,-7.132400,0 107.999700,-7.132400,0 107.999700,-7.132300,0 108.000200,-7.132400,0 108.000200,-7.132300,0 108.000400,-7.132300,0 108.000400,-7.132200,0 108.000600,-7.132300,0 108.000600,-7.132400,0 108.000700,-7.132400,0</coordinates></LinearRing></outerBoundaryIs><innerBoundaryIs><LinearRing><coordinates>108.000100,-7.134600,0 108.000000,-7.134600,0 108.000000,-7.134800,0 108.000200,-7.134700,0 108.000200,-7.134500,0 108.000100,-7.134600,0</coordinates></LinearRing></innerBoundaryIs><innerBoundaryIs><LinearRing><coordinates>108.000400,-7.134800,0 108.000300,-7.134900,0 108.000400,-7.135100,0 108.000700,-7.135100,0 108.000700,-7.134700,0 108.000400,-7.134700,0 108.000400,-7.134800,0</coordinates></LinearRing></innerBoundaryIs><innerBoundaryIs><LinearRing><coordinates>108.000100,-7.137800,0 108.000200,-7.137800,0 108.000200,-7.137700,0 108.000100,-7.137700,0 108.000100,-7.137800,0</coordinates></LinearRing></innerBoundaryIs></Polygon><Polygon><tessellate>1</tessellate><outerBoundaryIs><LinearRing><coordinates>107.992800,-7.131300,0 107.992500,-7.131300,0 107.992700,-7.130800,0 107.992600,-7.130700,0 107.992200,-7.130600,0 107.992400,-7.129100,0 107.992400,-7.128300,0 107.992500,-7.128300,0 107.992600,-7.128000,0 107.992800,-7.128100,0 107.992700,-7.128900,0 107.993000,-7.131300,0 107.992800,-7.131300,0</coordinates></LinearRing></outerBoundaryIs></Polygon><Polygon><tessellate>1</tessellate><outerBoundaryIs><LinearRing><coordinates>107.998500,-7.127100,0 107.998500,-7.127200,0 107.998800,-7.127200,0 107.998800,-7.127400,0 107.998900,-7.127500,0 107.999100,-7.127400,0 107.999200,-7.127600,0 107.999400,-7.127500,0 108.000100,-7.127500,0 108.000100,-7.127600,0 108.000000,-7.127600,0 108.000000,-7.127700,0 108.000100,-7.127700,0 108.000100,-7.128000,0 108.000200,-7.128000,0 108.000400,-7.128200,0 108.000600,-7.128200,0 108.000600,-7.128100,0 108.000600,-7.128200,0 108.000800,-7.128200,0 108.000800,-7.128500,0 108.000900,-7.128500,0 108.000900,-7.128600,0 108.001100,-7.128700,0 108.001000,-7.128700,0 108.001000,-7.128900,0 108.000900,-7.128900,0 108.000900,-7.128800,0 108.000700,-7.128800,0 108.000700,-7.129000,0 108.000900,-7.129100,0 108.000900,-7.129400,0 108.000700,-7.129400,0 108.000700,-7.129500,0 108.000500,-7.129600,0 108.000500,-7.129700,0 108.000900,-7.129700,0 108.001000,-7.129800,0 108.001200,-7.129800,0 108.001300,-7.130300,0 108.001400,-7.130300,0 108.001400,-7.130200,0 108.001600,-7.130100,0 108.001700,-7.129900,0 108.002200,-7.129900,0 108.002500,-7.130000,0 108.002500,-7.130400,0 108.002400,-7.130500,0 108.002500,-7.131300,0 108.002700,-7.131300,0 108.002700,-7.131100,0 108.002800,-7.131100,0 108.002800,-7.131000,0 108.002800,-7.131100,0 108.003000,-7.131100,0 108.003000,-7.131200,0 108.003000,-7.131100,0 108.003100,-7.131100,0 108.003100,-7.131000,0 108.003300,-7.130900,0 108.003300,-7.131100,0 108.003200,-7.131100,0 108.003200,-7.131300,0 108.003300,-7.131300,0 108.003300,-7.131800,0 108.003400,-7.131800,0 108.003500,-7.132000,0 108.003500,-7.131900,0 108.003600,-7.131900,0 108.003600,-7.132100,0 108.003400,-7.132100,0 108.003400,-7.132300,0 108.003500,-7.132300,0 108.003500,-7.132400,0 108.003600,-7.132400,0 108.003600,-7.132300,0 108.003800,-7.132300,0 108.003800,-7.132400,0 108.004000,-7.132500,0 108.004100,-7.132700,0 108.004300,-7.132800,0 108.004200,-7.132900,0 108.004300,-7.132900,0 108.004300,-7.133000,0 108.004400,-7.132900,0 108.004400,-7.133000,0 108.004600,-7.133200,0 108.004500,-7.133400,0 108.004800,-7.133800,0 108.004900,-7.133600,0 108.005000,-7.133600,0 108.005000,-7.133700,0 108.005200,-7.133800,0 108.005400,-7.134200,0 108.005400,-7.134400,0 108.005600,-7.134500,0 108.005600,-7.134600,0 108.005500,-7.134600,0 108.005400,-7.134400,0 108.005300,-7.134400,0 108.005300,-7.134700,0 108.005500,-7.134700,0 108.005500,-7.134900,0 108.005700,-7.135000,0 108.005700,-7.135100,0 108.005800,-7.135100,0 108.005900,-7.134900,0 108.006500,-7.135400,0 108.006600,-7.135600,0 108.006700,-7.135600,0 108.006700,-7.135700,0 108.006600,-7.135700,0 108.006600,-7.136100,0 108.006700,-7.136100,0 108.006700,-7.136200,0 108.006800,-7.136200,0 108.006800,-7.136300,0 108.007100,-7.136300,0 108.007100,-7.136400,0 108.007300,-7.136400,0 108.007400,-7.136600,0 108.007400,-7.136400,0 108.007600,-7.136500,0 108.007600,-7.136700,0 108.007700,-7.136700,0 108.007800,-7.137200,0 108.007200,-7.137200,0 108.007200,-7.137100,0 108.007100,-7.137100,0 108.007000,-7.136900,0 108.007000,-7.137000,0 108.006800,-7.137000,0 108.006800,-7.137200,0 108.007000,-7.137100,0 108.007200,-7.137200,0 108.007200,-7.137300,0 108.007300,-7.137300,0 108.007300,-7.137400,0 108.007700,-7.137400,0 108.007700,-7.137300,0 108.007900,-7.137300,0 108.007900,-7.137500,0 108.008200,-7.137800,0 108.008100,-7.138200,0 108.008000,-7.138200,0 108.008000,-7.138400,0 108.007800,-7.138300,0 108.007800,-7.137900,0 108.007700,-7.137900,0 108.007700,-7.137700,0 108.007800,-7.137700,0 108.007800,-7.137600,0 108.007700,-7.137600,0 108.007700,-7.137500,0 108.007600,-7.137500,0 108.007600,-7.137600,0 108.007100,-7.137600,0 108.007100,-7.137500,0 108.006900,-7.137400,0 108.006600,-7.137400,0 108.006600,-7.137300,0 108.006700,-7.137300,0 108.006700,-7.137200,0 108.006600,-7.137200,0 108.006700,-7.137200,0 108.006700,-7.137100,0 108.006600,-7.137100,0 108.006600,-7.136900,0 108.006500,-7.136900,0 108.006500,-7.136600,0 108.006100,-7.136700,0 108.006100,-7.136600,0 108.006000,-7.136600,0 108.006000,-7.136300,0 108.005500,-7.136300,0 108.005500,-7.136200,0 108.005300,-7.136100,0 108.005300,-7.136000,0 108.005200,-7.136000,0 108.005200,-7.135900,0 108.005100,-7.135900,0 108.005100,-7.135800,0 108.004900,-7.135700,0 108.004900,-7.135500,0 108.004700,-7.135400,0 108.004600,-7.135100,0 108.004500,-7.135100,0 108.004400,-7.134900,0 108.004100,-7.134900,0 108.004000,-7.134700,0 108.003700,-7.134700,0 108.003600,-7.134500,0 108.003100,-7.134600,0 108.003100,-7.134400,0 108.002900,-7.134400,0 108.002900,-7.134300,0 108.002800,-7.134300,0 108.002800,-7.134200,0 108.002600,-7.134100,0 108.002600,-7.134000,0 108.002500,-7.134000,0 108.002500,-7.133900,0 108.002300,-7.133800,0 108.002300,-7.133200,0 108.002200,-7.133200,0 108.002200,-7.133100,0 108.001600,-7.133000,0 108.001500,-7.132800,0 108.001300,-7.132800,0 108.001200,-7.132600,0 108.000800,-7.132500,0 108.000800,-7.132400,0 108.000700,-7.132400,0 108.000700,-7.132300,0 108.000500,-7.132300,0 108.000500,-7.132200,0 108.000300,-7.132200,0 108.000200,-7.132400,0 108.000000,-7.132400,0 108.000000,-7.132300,0 107.999400,-7.132300,0 107.999400,-7.132400,0 107.999100,-7.132500,0 107.999100,-7.132600,0 107.998800,-7.132600,0 107.998500,-7.132400,0 107.998100,-7.132400,0 107.997900,-7.132300,0 107.997200,-7.132300,0 107.997100,-7.132200,0 107.996800,-7.132200,0 107.996700,-7.132300,0 107.996500,-7.132200,0 107.996500,-7.132300,0 107.996200,-7.132400,0 107.995000,-7.131800,0 107.994300,-7.132200,0 107.994000,-7.132200,0 107.993800,-7.132300,0 107.993500,-7.132100,0 107.993400,-7.132100,0 107.993400,-7.132200,0 107.993400,-7.131800,0 107.993200,-7.131800,0 107.992900,-7.128900,0 107.992800,-7.128700,0 107.992900,-7.128100,0 107.993200,-7.128100,0 107.993200,-7.127700,0 107.993100,-7.127700,0 107.993100,-7.127600,0 107.993500,-7.127500,0 107.993600,-7.127900,0 107.993800,-7.127900,0 107.993800,-7.127600,0 107.994400,-7.127500,0 107.994500,-7.127700,0 107.994800,-7.127700,0 107.995400,-7.127400,0 107.995200,-7.127200,0 107.995400,-7.127200,0 107.995400,-7.127400,0 107.995500,-7.127400,0 107.995500,-7.127500,0 107.995900,-7.127400,0 107.996000,-7.127200,0 107.996000,-7.127400,0 107.996200,-7.127400,0 107.996200,-7.127200,0 107.996400,-7.127200,0 107.996600,-7.127600,0 107.996700,-7.127500,0 107.997700,-7.127200,0 107.997700,-7.127000,0 107.998500,-7.127000,0 107.998500,-7.127100,0</coordinates></LinearRing></outerBoundaryIs></Polygon><Polygon><tessellate>1</tessellate><outerBoundaryIs><LinearRing><coordinates>107.997000,-7.120700,0 107.997900,-7.120900,0 107.998400,-7.121200,0 107.999100,-7.121400,0 107.999400,-7.121400,0 107.999600,-7.121600,0 107.999700,-7.121600,0 107.999600,-7.121700,0 107.999700,-7.121900,0 108.000000,-7.121800,0 108.000200,-7.122000,0 108.000200,-7.122100,0 108.000000,-7.122200,0 108.000000,-7.122400,0 108.000400,-7.122600,0 108.000300,-7.122800,0 108.000000,-7.122800,0 108.000000,-7.123200,0 108.000300,-7.123200,0 108.000300,-7.123300,0 108.000400,-7.123300,0 108.000400,-7.123700,0 108.000300,-7.123700,0 108.000300,-7.123800,0 108.000100,-7.123900,0 108.000100,-7.124000,0 108.000000,-7.124000,0 108.000000,-7.124200,0 107.999900,-7.124100,0 107.999700,-7.124100,0 107.999700,-7.124000,0 107.999500,-7.124400,0 107.999500,-7.124600,0 107.999600,-7.124600,0 107.999600,-7.125000,0 107.999800,-7.125100,0 107.999800,-7.125600,0 107.999600,-7.125600,0 107.999600,-7.125900,0 107.999500,-7.125900,0 107.999400,-7.125800,0 107.999400,-7.125500,0 107.999100,-7.125500,0 107.999200,-7.125700,0 107.999000,-7.125800,0 107.998900,-7.126200,0 107.998700,-7.126300,0 107.998800,-7.126900,0 107.998300,-7.126900,0 107.998300,-7.126800,0 107.998100,-7.126800,0 107.998100,-7.126900,0 107.997500,-7.127000,0 107.997500,-7.126700,0 107.997200,-7.126700,0 107.997200,-7.126400,0 107.997400,-7.126300,0 107.997400,-7.126100,0 107.997600,-7.126100,0 107.997600,-7.126200,0 107.997800,-7.126300,0 107.997800,-7.125900,0 107.997300,-7.126000,0 107.997200,-7.126200,0 107.997100,-7.126200,0 107.997100,-7.126300,0 107.996900,-7.126400,0 107.996900,-7.126500,0 107.996700,-7.126700,0 107.996300,-7.126800,0 107.996200,-7.126900,0 107.996000,-7.126900,0 107.996000,-7.126600,0 107.995800,-7.126300,0 107.995800,-7.126000,0 107.995700,-7.125900,0 107.995800,-7.125500,0 107.995700,-7.125400,0 107.995700,-7.125200,0 107.995400,-7.124900,0 107.995100,-7.125100,0 107.995100,-7.125200,0 107.995200,-7.125200,0 107.995200,-7.125300,0 107.995100,-7.125300,0 107.995300,-7.125600,0 107.995200,-7.125800,0 107.995000,-7.125600,0 107.995000,-7.125500,0 107.994900,-7.125500,0 107.994900,-7.125400,0 107.994500,-7.125200,0 107.994500,-7.125900,0 107.994400,-7.125900,0 107.994300,-7.126200,0 107.994000,-7.126100,0 107.993500,-7.126100,0 107.993500,-7.126200,0 107.993300,-7.126300,0 107.993300,-7.127100,0 107.993500,-7.127100,0 107.993500,-7.127500,0 107.993100,-7.127500,0 107.992800,-7.127200,0 107.992700,-7.127200,0 107.992700,-7.127100,0 107.992600,-7.127100,0 107.992600,-7.126800,0 107.992200,-7.126800,0 107.991800,-7.126600,0 107.991700,-7.126600,0 107.991500,-7.126800,0 107.991300,-7.126800,0 107.991200,-7.127000,0 107.991000,-7.127100,0 107.991000,-7.126800,0 107.990800,-7.126800,0 107.990700,-7.126700,0 107.990700,-7.126200,0 107.990900,-7.126100,0 107.990900,-7.126000,0 107.991700,-7.125700,0 107.991900,-7.125300,0 107.991900,-7.125100,0 107.992000,-7.125100,0 107.992000,-7.125000,0 107.992200,-7.125000,0 107.992400,-7.124800,0 107.992700,-7.124800,0 107.992700,-7.125000,0 107.992800,-7.125000,0 107.992800,-7.125100,0 107.993200,-7.125100,0 107.993200,-7.124800,0 107.993000,-7.124700,0 107.993100,-7.124100,0 107.993200,-7.124000,0 107.993200,-7.123400,0 107.993300,-7.123400,0 107.993400,-7.123200,0 107.994300,-7.122200,0 107.994500,-7.122200,0 107.994500,-7.122300,0 107.995100,-7.122500,0 107.995500,-7.122900,0 107.995700,-7.122900,0 107.996000,-7.122700,0 107.996000,-7.122200,0 107.995900,-7.122100,0 107.995800,-7.122100,0 107.995800,-7.122000,0 107.995700,-7.122000,0 107.995300,-7.121700,0 107.994800,-7.121500,0 107.995000,-7.121300,0 107.995000,-7.121200,0 107.995100,-7.121300,0 107.995300,-7.121200,0 107.995000,-7.120800,0 107.995200,-7.120600,0 107.995300,-7.120800,0 107.995500,-7.120800,0 107.995500,-7.120900,0 107.995600,-7.120800,0 107.995800,-7.120800,0 107.995800,-7.120300,0 107.997000,-7.120700,0</coordinates></LinearRing></outerBoundaryIs><innerBoundaryIs><LinearRing><coordinates>107.999200,-7.124600,0 107.999300,-7.124600,0 107.999300,-7.124300,0 107.999200,-7.124300,0 107.999200,-7.124600,0</coordinates></LinearRing></innerBoundaryIs></Polygon><Polygon><tessellate>1</tessellate><outerBoundaryIs><LinearRing><coordinates>107.993600,-7.115200,0 107.994300,-7.115500,0 107.994300,-7.115800,0 107.994400,-7.115900,0 107.994300,-7.116200,0 107.994200,-7.116200,0 107.994200,-7.116500,0 107.994100,-7.116600,0 107.994000,-7.118400,0 107.993800,-7.119400,0 107.993700,-7.119400,0 107.993700,-7.119700,0 107.992800,-7.119400,0 107.992800,-7.119200,0 107.992700,-7.119200,0 107.992700,-7.119000,0 107.992800,-7.119000,0 107.992800,-7.118900,0 107.992700,-7.118900,0 107.992700,-7.118800,0 107.992500,-7.118800,0 107.992300,-7.118600,0 107.992400,-7.118600,0 107.992400,-7.118500,0 107.992200,-7.118500,0 107.992200,-7.118400,0 107.992500,-7.118400,0 107.992400,-7.118100,0 107.992500,-7.117600,0 107.992700,-7.117700,0 107.992700,-7.117600,0 107.992500,-7.117500,0 107.992600,-7.117300,0 107.992800,-7.117500,0 107.992800,-7.117400,0 107.992900,-7.117400,0 107.992900,-7.117300,0 107.993000,-7.117300,0 107.993000,-7.116900,0 107.993100,-7.116900,0 107.993200,-7.116700,0 107.993100,-7.116700,0 107.992900,-7.116500,0 107.993000,-7.116400,0 107.992900,-7.116200,0 107.993000,-7.115800,0 107.993000,-7.115900,0 107.993200,-7.115800,0 107.993300,-7.115900,0 107.993500,-7.115900,0 107.993200,-7.115800,0 107.993200,-7.115700,0 107.993300,-7.115600,0 107.993700,-7.115700,0 107.993500,-7.115500,0 107.993800,-7.115600,0 107.993800,-7.115500,0 107.993600,-7.115400,0 107.993600,-7.115200,0</coordinates></LinearRing></outerBoundaryIs></Polygon><Polygon><tessellate>1</tessellate><outerBoundaryIs><LinearRing><coordinates>107.992300,-7.114600,0 107.992300,-7.114800,0 107.992700,-7.115100,0 107.992600,-7.115700,0 107.992400,-7.115500,0 107.991700,-7.115100,0 107.991800,-7.115000,0 107.991600,-7.114900,0 107.991800,-7.114600,0 107.991900,-7.114700,0 107.992000,-7.114500,0 107.991800,-7.114500,0 107.991400,-7.114300,0 107.991400,-7.114200,0 107.991200,-7.114200,0 107.991100,-7.114000,0 107.991100,-7.113700,0 107.991200,-7.113700,0 107.991300,-7.113200,0 107.991500,-7.112900,0 107.991500,-7.112600,0 107.991600,-7.113000,0 107.991900,-7.113300,0 107.991800,-7.113700,0 107.991600,-7.113900,0 107.991700,-7.114200,0 107.992300,-7.114600,0</coordinates></LinearRing></outerBoundaryIs></Polygon><Polygon><tessellate>1</tessellate><outerBoundaryIs><LinearRing><coordinates>107.995600,-7.110800,0 107.995400,-7.110800,0 107.995400,-7.110900,0 107.995600,-7.110900,0 107.995500,-7.111000,0 107.995500,-7.111200,0 107.995900,-7.111100,0 107.995900,-7.111000,0 107.996000,-7.111200,0 107.996200,-7.111300,0 107.996200,-7.111600,0 107.996300,-7.111600,0 107.996300,-7.111700,0 107.996400,-7.111700,0 107.996500,-7.111900,0 107.996400,-7.111900,0 107.996400,-7.112000,0 107.996600,-7.111900,0 107.996600,-7.112100,0 107.996800,-7.112100,0 107.996900,-7.112300,0 107.997000,-7.112300,0 107.997000,-7.112400,0 107.997100,-7.112400,0 107.997100,-7.112500,0 107.997300,-7.112600,0 107.997300,-7.112700,0 107.997200,-7.112700,0 107.997200,-7.112900,0 107.997300,-7.112900,0 107.997300,-7.113100,0 107.997500,-7.113000,0 107.997500,-7.113300,0 107.997600,-7.113300,0 107.997600,-7.113500,0 107.997700,-7.113500,0 107.997700,-7.113600,0 107.997800,-7.113600,0 107.997800,-7.113400,0 107.998400,-7.113400,0 107.998200,-7.113900,0 107.998200,-7.114200,0 107.998000,-7.114200,0 107.997900,-7.114300,0 107.998100,-7.114400,0 107.998200,-7.115200,0 107.998800,-7.116500,0 107.998600,-7.116900,0 107.998600,-7.117300,0 107.998700,-7.117400,0 107.998800,-7.118000,0 107.999300,-7.118800,0 107.999100,-7.118900,0 107.999100,-7.119100,0 107.999300,-7.119000,0 107.999400,-7.119100,0 107.999400,-7.119800,0 108.000100,-7.120700,0 107.999900,-7.121100,0 107.999800,-7.121100,0 107.999700,-7.121500,0 107.998500,-7.121200,0 107.997800,-7.120900,0 107.997900,-7.120800,0 107.997800,-7.120600,0 107.997600,-7.120600,0 107.997600,-7.120800,0 107.995800,-7.120200,0 107.995700,-7.119800,0 107.995500,-7.119900,0 107.995400,-7.119700,0 107.995300,-7.119900,0 107.995200,-7.119900,0 107.995200,-7.120100,0 107.994200,-7.119800,0 107.994300,-7.119600,0 107.994200,-7.119400,0 107.994100,-7.119700,0 107.994000,-7.119800,0 107.993900,-7.119700,0 107.993900,-7.119400,0 107.993800,-7.119400,0 107.993900,-7.119200,0 107.993900,-7.118800,0 107.994400,-7.115700,0 107.994500,-7.115700,0 107.994500,-7.115500,0 107.994600,-7.115400,0 107.994700,-7.115000,0 107.994800,-7.113900,0 107.995200,-7.113900,0 107.995200,-7.113800,0 107.994900,-7.113500,0 107.994900,-7.113400,0 107.994800,-7.113400,0 107.994800,-7.113200,0 107.994900,-7.113100,0 107.995100,-7.112200,0 107.995100,-7.111600,0 107.995200,-7.111000,0 107.995300,-7.110900,0 107.995300,-7.110500,0 107.995400,-7.110400,0 107.995400,-7.109900,0 107.995600,-7.109900,0 107.995600,-7.110200,0 107.995500,-7.110300,0 107.995500,-7.110600,0 107.995600,-7.110800,0</coordinates></LinearRing></outerBoundaryIs></Polygon><Polygon><tessellate>1</tessellate><outerBoundaryIs><LinearRing><coordinates>107.987800,-7.109100,0 107.988900,-7.109100,0 107.988900,-7.109200,0 107.989000,-7.109200,0 107.989100,-7.109700,0 107.989200,-7.109700,0 107.989200,-7.109800,0 107.989400,-7.109800,0 107.989500,-7.109700,0 107.990100,-7.109800,0 107.990100,-7.109700,0 107.990300,-7.110000,0 107.990500,-7.109900,0 107.990600,-7.110400,0 107.989900,-7.110100,0 107.989900,-7.110300,0 107.990200,-7.110400,0 107.990100,-7.110500,0 107.990100,-7.110700,0 107.989900,-7.110700,0 107.989800,-7.110800,0 107.990000,-7.110900,0 107.990000,-7.111000,0 107.989900,-7.111000,0 107.988600,-7.110500,0 107.988500,-7.110300,0 107.987600,-7.110300,0 107.987500,-7.110600,0 107.987100,-7.111000,0 107.986900,-7.111000,0 107.986600,-7.111300,0 107.986600,-7.111400,0 107.986400,-7.111300,0 107.985900,-7.111700,0 107.985400,-7.112700,0 107.985300,-7.112700,0 107.985200,-7.112900,0 107.985000,-7.113000,0 107.984700,-7.113600,0 107.984700,-7.113800,0 107.984600,-7.113800,0 107.984600,-7.113900,0 107.984700,-7.113800,0 107.984700,-7.113600,0 107.984900,-7.113500,0 107.985000,-7.113100,0 107.985100,-7.113100,0 107.985300,-7.112800,0 107.985400,-7.112800,0 107.985700,-7.112200,0 107.985800,-7.112200,0 107.985700,-7.112100,0 107.986000,-7.111700,0 107.986400,-7.111400,0 107.986400,-7.111300,0 107.986600,-7.111400,0 107.986700,-7.111200,0 107.987000,-7.111100,0 107.987400,-7.110800,0 107.987500,-7.110600,0 107.987600,-7.110600,0 107.987600,-7.110400,0 107.987800,-7.110400,0 107.987900,-7.110300,0 107.988100,-7.110300,0 107.988100,-7.110400,0 107.988200,-7.110400,0 107.988400,-7.110300,0 107.988800,-7.110600,0 107.989800,-7.111000,0 107.989800,-7.111200,0 107.990000,-7.111200,0 107.990000,-7.111300,0 107.989600,-7.111300,0 107.989600,-7.111400,0 107.990200,-7.111500,0 107.990200,-7.111700,0 107.990500,-7.111800,0 107.990500,-7.111900,0 107.990700,-7.111800,0 107.991000,-7.111900,0 107.991200,-7.112100,0 107.991300,-7.112500,0 107.991500,-7.112600,0 107.991400,-7.113100,0 107.991300,-7.113100,0 107.991200,-7.113300,0 107.991200,-7.113700,0 107.991100,-7.113700,0 107.991100,-7.114200,0 107.991300,-7.114200,0 107.991500,-7.114400,0 107.991600,-7.114400,0 107.991200,-7.114900,0 107.991200,-7.114800,0 107.990900,-7.114800,0 107.990600,-7.114600,0 107.990400,-7.114800,0 107.990300,-7.114800,0 107.989900,-7.115300,0 107.990000,-7.115300,0 107.990000,-7.115500,0 107.990100,-7.115500,0 107.990200,-7.115700,0 107.990300,-7.115700,0 107.990300,-7.115300,0 107.991000,-7.115400,0 107.991000,-7.115500,0 107.991100,-7.115500,0 107.991000,-7.115700,0 107.991000,-7.116000,0 107.991500,-7.116100,0 107.991700,-7.115900,0 107.991700,-7.115800,0 107.991900,-7.115800,0 107.992000,-7.115900,0 107.991900,-7.116100,0 107.992300,-7.116300,0 107.992400,-7.116000,0 107.992700,-7.116200,0 107.992600,-7.116900,0 107.992400,-7.116700,0 107.992200,-7.117100,0 107.992200,-7.117200,0 107.992400,-7.117300,0 107.992300,-7.117700,0 107.992100,-7.117600,0 107.992000,-7.117800,0 107.992300,-7.118000,0 107.992200,-7.118200,0 107.992000,-7.118100,0 107.991900,-7.118500,0 107.991700,-7.118500,0 107.991700,-7.118600,0 107.991300,-7.118500,0 107.991400,-7.118400,0 107.991300,-7.118400,0 107.991100,-7.118500,0 107.991000,-7.118700,0 107.989500,-7.118100,0 107.989500,-7.118000,0 107.989400,-7.118000,0 107.989500,-7.117600,0 107.989700,-7.117600,0 107.989700,-7.117900,0 107.990200,-7.118000,0 107.990300,-7.117800,0 107.990300,-7.117700,0 107.990200,-7.117700,0 107.990200,-7.117500,0 107.990000,-7.117300,0 107.989700,-7.116700,0 107.989800,-7.116600,0 107.990100,-7.116600,0 107.990000,-7.116200,0 107.989800,-7.116000,0 107.989500,-7.116300,0 107.989600,-7.116500,0 107.989500,-7.116700,0 107.989200,-7.116700,0 107.989000,-7.116600,0 107.988600,-7.116800,0 107.988600,-7.117000,0 107.988500,-7.117000,0 107.988500,-7.117300,0 107.988400,-7.117300,0 107.988300,-7.117500,0 107.987900,-7.117400,0 107.987800,-7.116600,0 107.987500,-7.116600,0 107.987500,-7.116700,0 107.987300,-7.116700,0 107.987300,-7.116800,0 107.987100,-7.116800,0 107.986900,-7.117200,0 107.986800,-7.117200,0 107.986800,-7.117400,0 107.986900,-7.117400,0 107.986600,-7.117400,0 107.986700,-7.116900,0 107.986500,-7.116800,0 107.986500,-7.116400,0 107.986700,-7.116500,0 107.986700,-7.116200,0 107.986800,-7.116100,0 107.986800,-7.115100,0 107.986600,-7.115000,0 107.986300,-7.115000,0 107.986100,-7.115100,0 107.986100,-7.115400,0 107.985800,-7.115400,0 107.985800,-7.115200,0 107.985700,-7.115300,0 107.985400,-7.115300,0 107.985200,-7.115400,0 107.985200,-7.115600,0 107.985400,-7.115600,0 107.985400,-7.115800,0 107.985200,-7.115800,0 107.985200,-7.115900,0 107.985100,-7.115900,0 107.984700,-7.116600,0 107.984400,-7.116600,0 107.984300,-7.116500,0 107.983800,-7.116500,0 107.983600,-7.116600,0 107.983200,-7.116200,0 107.983500,-7.116000,0 107.983500,-7.115800,0 107.983600,-7.115700,0 107.983600,-7.115200,0 107.983500,-7.115200,0 107.983500,-7.115100,0 107.983300,-7.115100,0 107.983200,-7.115800,0 107.983000,-7.115800,0 107.983000,-7.115500,0 107.982900,-7.115500,0 107.982700,-7.115300,0 107.982500,-7.115400,0 107.982500,-7.115500,0 107.982100,-7.115500,0 107.982100,-7.114400,0 107.982200,-7.114400,0 107.982200,-7.114100,0 107.982300,-7.114100,0 107.982500,-7.113900,0 107.982700,-7.113500,0 107.982800,-7.113500,0 107.982800,-7.113700,0 107.982900,-7.113700,0 107.982900,-7.113500,0 107.982800,-7.113400,0 107.982800,-7.113200,0 107.982900,-7.113100,0 107.982900,-7.112600,0 107.982800,-7.112500,0 107.982800,-7.112300,0 107.982900,-7.112300,0 107.982900,-7.112200,0 107.983300,-7.112200,0 107.984100,-7.111400,0 107.984300,-7.111300,0 107.984300,-7.111100,0 107.984500,-7.111100,0 107.984800,-7.111400,0 107.985100,-7.111400,0 107.985300,-7.111300,0 107.985400,-7.111100,0 107.985400,-7.110600,0 107.985700,-7.110200,0 107.986200,-7.110000,0 107.986700,-7.109400,0 107.987000,-7.109400,0 107.987200,-7.109200,0 107.987200,-7.109100,0 107.987400,-7.109000,0 107.987800,-7.109100,0</coordinates></LinearRing></outerBoundaryIs><innerBoundaryIs><LinearRing><coordinates>107.989500,-7.114600,0 107.989600,-7.114700,0 107.989700,-7.114500,0 107.990200,-7.114500,0 107.990300,-7.114200,0 107.990200,-7.114000,0 107.989800,-7.114000,0 107.989800,-7.114100,0 107.989500,-7.114200,0 107.989500,-7.114600,0</coordinates></LinearRing></innerBoundaryIs><innerBoundaryIs><LinearRing><coordinates>107.990700,-7.117200,0 107.990700,-7.117500,0 107.991000,-7.117500,0 107.991400,-7.117000,0 107.991300,-7.116800,0 107.990800,-7.116800,0 107.990600,-7.116900,0 107.990700,-7.117000,0 107.990700,-7.117200,0</coordinates></LinearRing></innerBoundaryIs><innerBoundaryIs><LinearRing><coordinates>107.988300,-7.112300,0 107.988200,-7.112200,0 107.987900,-7.112200,0 107.987900,-7.112300,0 107.987800,-7.112300,0 107.987600,-7.112500,0 107.987700,-7.112800,0 107.987900,-7.112900,0 107.987900,-7.113200,0 107.988200,-7.113200,0 107.988300,-7.113000,0 107.988300,-7.112700,0 107.988400,-7.112700,0 107.988400,-7.112500,0 107.988500,-7.112400,0 107.988300,-7.112300,0</coordinates></LinearRing></innerBoundaryIs></Polygon></MultiGeometry></Placemark><Placemark><name>DI Citameng III</name><styleUrl>#w0</styleUrl><description><![CDATA[<table><tr><td>Luas</td><td align='right'><b>124,0000</b> ha</td></tr><tr><td>Luas</td><td align='right'><b>1.240.000</b> m²</td></tr><tr><td>Keliling</td><td align='right'><b>31.849</b> m</td></tr><tr><td>Tinggi rata-rata</td><td align='right'><b>679,0</b> m dpl</td></tr><tr><td>Rezim</td><td align='right'><b>FL</b> </td></tr><tr><td>Kebutuhan air</td><td align='right'><b>285.698</b> m³</td></tr><tr><td>Kebutuhan air</td><td align='right'><b>230</b> mm</td></tr><tr><td>Debit</td><td align='right'><b>36,34</b> l/detik</td></tr><tr><td>NFR</td><td align='right'><b>1,65</b> mm/hari</td></tr><tr><td>Water loss</td><td align='right'><b>1.781.068</b> m³</td></tr><tr><td>Water loss</td><td align='right'><b>1.436</b> mm</td></tr></table>]]></description><MultiGeometry><Polygon><tessellate>1</tessellate><outerBoundaryIs><LinearRing><coordinates>108.005300,-7.146600,0 108.005500,-7.146600,0 108.005600,-7.146800,0 108.006000,-7.146700,0 108.006000,-7.146800,0 108.006500,-7.147300,0 108.006500,-7.147500,0 108.006400,-7.147600,0 108.006000,-7.147600,0 108.006000,-7.147700,0 108.006100,-7.147700,0 108.006100,-7.147800,0 108.006000,-7.147800,0 108.006200,-7.147900,0 108.005800,-7.148400,0 108.005800,-7.148500,0 108.005600,-7.148500,0 108.005500,-7.148100,0 108.005400,-7.148100,0 108.005400,-7.147300,0 108.005300,-7.147300,0 108.005300,-7.147000,0 108.005200,-7.147000,0 108.005200,-7.146800,0 108.005100,-7.146800,0 108.005100,-7.146600,0 108.005300,-7.146600,0</coordinates></LinearRing></outerBoundaryIs></Polygon><Polygon><tessellate>1</tessellate><outerBoundaryIs><LinearRing><coordinates>108.002800,-7.145200,0 108.003200,-7.145200,0 108.003200,-7.145300,0 108.003800,-7.145300,0 108.003800,-7.145200,0 108.003900,-7.145200,0 108.003900,-7.145400,0 108.004000,-7.145400,0 108.004000,-7.145500,0 108.004600,-7.145600,0 108.004700,-7.145800,0 108.004900,-7.145800,0 108.004900,-7.145900,0 108.004700,-7.145900,0 108.004700,-7.145800,0 108.004600,-7.145800,0 108.004600,-7.145900,0 108.003000,-7.145800,0 108.003000,-7.145700,0 108.002900,-7.145700,0 108.002900,-7.145600,0 108.002700,-7.145600,0 108.002700,-7.145500,0 108.002300,-7.145500,0 108.002200,-7.145300,0 108.001800,-7.145300,0 108.001800,-7.145100,0 108.001900,-7.145100,0 108.002000,-7.144900,0 108.002100,-7.144900,0 108.002100,-7.144700,0 108.002200,-7.144700,0 108.002100,-7.144700,0 108.002100,-7.144500,0 108.002200,-7.144500,0 108.002300,-7.144800,0 108.002500,-7.144900,0 108.002500,-7.145000,0 108.002600,-7.145000,0 108.002600,-7.145100,0 108.002800,-7.145100,0 108.002800,-7.145200,0</coordinates></LinearRing></outerBoundaryIs></Polygon><Polygon><tessellate>1</tessellate><outerBoundaryIs><LinearRing><coordinates>108.001300,-7.143500,0 108.001400,-7.143500,0 108.001400,-7.143400,0 108.001700,-7.143400,0 108.001700,-7.143500,0 108.001800,-7.143500,0 108.001800,-7.143600,0 108.002000,-7.143700,0 108.002000,-7.144000,0 108.002100,-7.144000,0 108.002100,-7.144400,0 108.001900,-7.144400,0 108.001900,-7.144200,0 108.001800,-7.144200,0 108.001800,-7.144000,0 108.001700,-7.144000,0 108.001600,-7.143700,0 108.001400,-7.143700,0 108.001400,-7.143800,0 108.001300,-7.143800,0 108.001300,-7.144000,0 108.001200,-7.144000,0 108.001100,-7.144200,0 108.001000,-7.144200,0 108.000900,-7.143900,0 108.000800,-7.143900,0 108.000700,-7.143700,0 108.000600,-7.143700,0 108.000800,-7.143300,0 108.001300,-7.143500,0</coordinates></LinearRing></outerBoundaryIs></Polygon><Polygon><tessellate>1</tessellate><outerBoundaryIs><LinearRing><coordinates>107.995900,-7.139200,0 107.996100,-7.139100,0 107.996200,-7.139200,0 107.996100,-7.139600,0 107.996200,-7.139800,0 107.996400,-7.139900,0 107.996400,-7.140000,0 107.996000,-7.140100,0 107.996000,-7.140000,0 107.995900,-7.140000,0 107.995800,-7.139800,0 107.995700,-7.139800,0 107.995700,-7.139700,0 107.995500,-7.139700,0 107.995400,-7.139500,0 107.995300,-7.139500,0 107.995300,-7.139300,0 107.995200,-7.139100,0 107.995100,-7.139100,0 107.995100,-7.139000,0 107.995200,-7.139000,0 107.995200,-7.138800,0 107.995300,-7.138800,0 107.995400,-7.138600,0 107.995600,-7.138600,0 107.995600,-7.138700,0 107.995900,-7.138800,0 107.995900,-7.139000,0 107.995800,-7.139000,0 107.995900,-7.139200,0</coordinates></LinearRing></outerBoundaryIs></Polygon><Polygon><tessellate>1</tessellate><outerBoundaryIs><LinearRing><coordinates>107.997700,-7.136600,0 107.997700,-7.136800,0 107.997500,-7.136700,0 107.997400,-7.137200,0 107.997500,-7.137600,0 107.998100,-7.137800,0 107.998200,-7.137600,0 107.998100,-7.137500,0 107.997900,-7.137500,0 107.997900,-7.137400,0 107.998000,-7.137300,0 107.998100,-7.137400,0 107.998300,-7.137300,0 107.998500,-7.137500,0 107.999000,-7.137700,0 107.999000,-7.137900,0 107.999100,-7.137900,0 107.999100,-7.138300,0 107.999900,-7.138400,0 107.999900,-7.138300,0 108.000100,-7.138200,0 108.000100,-7.138100,0 108.000600,-7.138300,0 108.000400,-7.138400,0 108.000400,-7.138500,0 108.000300,-7.138500,0 108.000300,-7.138600,0 108.000200,-7.138600,0 108.000200,-7.138700,0 108.000300,-7.138700,0 108.000300,-7.139000,0 108.000200,-7.139600,0 108.000100,-7.139600,0 108.000100,-7.139800,0 108.000000,-7.139800,0 108.000000,-7.139900,0 108.000200,-7.140000,0 108.000200,-7.140100,0 108.000700,-7.140100,0 108.000800,-7.140300,0 108.001000,-7.140400,0 108.001000,-7.140500,0 108.001300,-7.140500,0 108.001300,-7.140600,0 108.001600,-7.140600,0 108.001700,-7.140400,0 108.001800,-7.140400,0 108.001800,-7.140500,0 108.001900,-7.140500,0 108.001900,-7.140700,0 108.001700,-7.140700,0 108.001500,-7.140900,0 108.001400,-7.141100,0 108.001400,-7.141400,0 108.001300,-7.141400,0 108.001300,-7.141500,0 108.001400,-7.141500,0 108.001400,-7.141800,0 108.001600,-7.141800,0 108.001600,-7.141900,0 108.002100,-7.141900,0 108.002100,-7.142000,0 108.002600,-7.142000,0 108.002600,-7.142100,0 108.002800,-7.142200,0 108.002700,-7.142400,0 108.002300,-7.142400,0 108.002200,-7.142500,0 108.002000,-7.142400,0 108.002000,-7.142500,0 108.001900,-7.142500,0 108.002000,-7.142500,0 108.002000,-7.142700,0 108.002100,-7.142700,0 108.002100,-7.143000,0 108.002200,-7.143100,0 108.002200,-7.143300,0 108.002000,-7.143300,0 108.001900,-7.143500,0 108.001700,-7.143500,0 108.001700,-7.143400,0 108.001400,-7.143400,0 108.001400,-7.143500,0 108.001300,-7.143500,0 108.000800,-7.143300,0 108.000800,-7.143100,0 108.001000,-7.143100,0 108.001100,-7.142900,0 108.001300,-7.142800,0 108.001300,-7.143100,0 108.001200,-7.143100,0 108.001200,-7.143300,0 108.001300,-7.143300,0 108.001300,-7.143400,0 108.001300,-7.143200,0 108.001400,-7.143200,0 108.001400,-7.142900,0 108.001300,-7.142900,0 108.001300,-7.142700,0 108.001100,-7.142600,0 108.001000,-7.142400,0 108.000700,-7.142400,0 108.000700,-7.142200,0 108.000400,-7.142200,0 108.000400,-7.142300,0 108.000500,-7.142300,0 108.000500,-7.142500,0 108.000100,-7.142500,0 108.000000,-7.142400,0 108.000200,-7.142300,0 108.000200,-7.142200,0 108.000400,-7.142100,0 108.000400,-7.142000,0 108.000700,-7.142000,0 108.000700,-7.141900,0 108.000500,-7.141900,0 108.000500,-7.141800,0 108.000300,-7.141700,0 108.000200,-7.141500,0 108.000000,-7.141400,0 108.000000,-7.141300,0 107.999100,-7.141100,0 107.998600,-7.140900,0 107.997800,-7.140900,0 107.997700,-7.141000,0 107.997800,-7.141000,0 107.997900,-7.141200,0 107.998200,-7.141200,0 107.998300,-7.141500,0 107.998000,-7.141300,0 107.997500,-7.141200,0 107.997100,-7.140900,0 107.996800,-7.140800,0 107.997000,-7.140800,0 107.996900,-7.140000,0 107.997000,-7.139900,0 107.997500,-7.139900,0 107.997500,-7.139600,0 107.997600,-7.139400,0 107.997600,-7.139200,0 107.997500,-7.139200,0 107.997600,-7.139100,0 107.997600,-7.138700,0 107.997500,-7.138700,0 107.997200,-7.138400,0 107.996600,-7.138400,0 107.996600,-7.138500,0 107.996200,-7.138400,0 107.996100,-7.138600,0 107.995900,-7.138700,0 107.995500,-7.138400,0 107.995600,-7.138100,0 107.995300,-7.138000,0 107.995200,-7.137700,0 107.995100,-7.137700,0 107.995100,-7.137500,0 107.995700,-7.137600,0 107.995800,-7.137800,0 107.996000,-7.137900,0 107.996100,-7.137800,0 107.996900,-7.137800,0 107.997000,-7.137700,0 107.996100,-7.137700,0 107.995900,-7.137600,0 107.995900,-7.137400,0 107.995800,-7.137400,0 107.996200,-7.137400,0 107.996900,-7.137100,0 107.997100,-7.136800,0 107.997100,-7.136300,0 107.997700,-7.136600,0</coordinates></LinearRing></outerBoundaryIs></Polygon><Polygon><tessellate>1</tessellate><outerBoundaryIs><LinearRing><coordinates>107.994200,-7.132300,0 107.994200,-7.132900,0 107.994300,-7.132900,0 107.994300,-7.133000,0 107.993900,-7.133200,0 107.993900,-7.133300,0 107.993700,-7.133400,0 107.993500,-7.134000,0 107.992900,-7.134100,0 107.992900,-7.134500,0 107.992700,-7.134700,0 107.992500,-7.134700,0 107.992100,-7.134500,0 107.991900,-7.134700,0 107.991900,-7.134800,0 107.991800,-7.134800,0 107.991700,-7.135000,0 107.991600,-7.135000,0 107.991600,-7.135100,0 107.991400,-7.135200,0 107.991300,-7.135900,0 107.990900,-7.135900,0 107.990600,-7.135700,0 107.990100,-7.135700,0 107.990100,-7.135500,0 107.990500,-7.134700,0 107.990700,-7.134300,0 107.990800,-7.134300,0 107.990900,-7.134100,0 107.991200,-7.134000,0 107.991200,-7.133900,0 107.991300,-7.133900,0 107.991900,-7.133400,0 107.992000,-7.133200,0 107.993100,-7.132600,0 107.993200,-7.132400,0 107.993300,-7.132400,0 107.993300,-7.132300,0 107.993600,-7.132200,0 107.993800,-7.132400,0 107.994300,-7.132200,0 107.994300,-7.132300,0 107.994200,-7.132300,0</coordinates></LinearRing></outerBoundaryIs></Polygon><Polygon><tessellate>1</tessellate><outerBoundaryIs><LinearRing><coordinates>107.995300,-7.132000,0 107.996200,-7.132500,0 107.996400,-7.132500,0 107.996500,-7.132300,0 107.997200,-7.132300,0 107.997400,-7.132400,0 107.997400,-7.132800,0 107.997700,-7.132800,0 107.997600,-7.133200,0 107.997800,-7.133600,0 107.997900,-7.133600,0 107.997900,-7.133800,0 107.997800,-7.133900,0 107.997600,-7.134500,0 107.997700,-7.135600,0 107.997800,-7.135700,0 107.997700,-7.135700,0 107.997700,-7.135900,0 107.997400,-7.135900,0 107.997100,-7.135800,0 107.997100,-7.135700,0 107.996500,-7.135700,0 107.996500,-7.135400,0 107.996300,-7.135400,0 107.996300,-7.135300,0 107.995500,-7.135000,0 107.995500,-7.135100,0 107.995300,-7.135100,0 107.995000,-7.135400,0 107.994900,-7.135700,0 107.994400,-7.136300,0 107.992400,-7.136100,0 107.992400,-7.135900,0 107.992200,-7.135900,0 107.992300,-7.136100,0 107.992000,-7.136100,0 107.991900,-7.135700,0 107.991800,-7.135700,0 107.991900,-7.135700,0 107.991900,-7.135500,0 107.991800,-7.135500,0 107.991800,-7.135400,0 107.992000,-7.135300,0 107.992000,-7.134800,0 107.992100,-7.134800,0 107.992000,-7.134600,0 107.992400,-7.134700,0 107.992400,-7.134800,0 107.992800,-7.134800,0 107.992800,-7.134700,0 107.993000,-7.134600,0 107.992900,-7.134200,0 107.993000,-7.134200,0 107.993000,-7.134100,0 107.993100,-7.134200,0 107.993300,-7.134100,0 107.993600,-7.134100,0 107.993700,-7.133500,0 107.993800,-7.133500,0 107.993900,-7.133300,0 107.994200,-7.133200,0 107.994400,-7.133000,0 107.994300,-7.132800,0 107.994300,-7.132400,0 107.994500,-7.132200,0 107.994700,-7.132200,0 107.994800,-7.132000,0 107.995100,-7.132000,0 107.995200,-7.131900,0 107.995300,-7.132000,0</coordinates></LinearRing></outerBoundaryIs></Polygon><Polygon><tessellate>1</tessellate><outerBoundaryIs><LinearRing><coordinates>107.991000,-7.131500,0 107.991200,-7.131700,0 107.991500,-7.131700,0 107.991500,-7.131800,0 107.991000,-7.132600,0 107.991100,-7.132800,0 107.990700,-7.133600,0 107.990500,-7.133800,0 107.990300,-7.133800,0 107.990400,-7.133200,0 107.990200,-7.133100,0 107.990200,-7.132600,0 107.990000,-7.132600,0 107.990000,-7.132300,0 107.990400,-7.132400,0 107.990500,-7.132100,0 107.990000,-7.132000,0 107.990100,-7.131500,0 107.990300,-7.131500,0 107.990100,-7.131400,0 107.990100,-7.131200,0 107.990700,-7.131300,0 107.991000,-7.131500,0</coordinates></LinearRing></outerBoundaryIs></Polygon><Polygon><tessellate>1</tessellate><outerBoundaryIs><LinearRing><coordinates>107.993000,-7.132400,0 107.993200,-7.132400,0 107.993200,-7.132500,0 107.992300,-7.133000,0 107.992100,-7.133200,0 107.992000,-7.133200,0 107.991900,-7.133400,0 107.991200,-7.133800,0 107.991000,-7.134000,0 107.990900,-7.134000,0 107.990700,-7.134200,0 107.990100,-7.135400,0 107.990400,-7.134600,0 107.990900,-7.133700,0 107.991100,-7.133100,0 107.991600,-7.132100,0 107.992100,-7.130700,0 107.992600,-7.130800,0 107.992500,-7.131500,0 107.992600,-7.131600,0 107.992700,-7.132100,0 107.992800,-7.132100,0 107.992900,-7.132400,0 107.993000,-7.132400,0</coordinates></LinearRing></outerBoundaryIs></Polygon><Polygon><tessellate>1</tessellate><outerBoundaryIs><LinearRing><coordinates>107.992200,-7.129400,0 107.992100,-7.129400,0 107.992000,-7.129200,0 107.992000,-7.128500,0 107.992100,-7.128300,0 107.992300,-7.128400,0 107.992300,-7.128600,0 107.992200,-7.128600,0 107.992200,-7.128700,0 107.992300,-7.128700,0 107.992300,-7.128800,0 107.992200,-7.128800,0 107.992200,-7.128900,0 107.992300,-7.128900,0 107.992200,-7.129100,0 107.992200,-7.129400,0</coordinates></LinearRing></outerBoundaryIs></Polygon><Polygon><tessellate>1</tessellate><outerBoundaryIs><LinearRing><coordinates>107.992400,-7.128100,0 107.992200,-7.128100,0 107.992200,-7.128200,0 107.992100,-7.128200,0 107.992200,-7.127500,0 107.992500,-7.127500,0 107.992400,-7.128100,0</coordinates></LinearRing></outerBoundaryIs></Polygon><Polygon><tessellate>1</tessellate><outerBoundaryIs><LinearRing><coordinates>107.987800,-7.127000,0 107.987700,-7.127200,0 107.987900,-7.127300,0 107.988000,-7.127500,0 107.988100,-7.127500,0 107.988100,-7.127400,0 107.988000,-7.127400,0 107.988000,-7.127300,0 107.988100,-7.127300,0 107.988500,-7.127700,0 107.988800,-7.127700,0 107.988900,-7.128000,0 107.989300,-7.128400,0 107.989300,-7.128600,0 107.989200,-7.128600,0 107.988800,-7.129000,0 107.988800,-7.129300,0 107.988400,-7.129700,0 107.988400,-7.130200,0 107.988500,-7.130200,0 107.988500,-7.131200,0 107.988200,-7.131200,0 107.988100,-7.131300,0 107.988200,-7.131500,0 107.988600,-7.131500,0 107.988600,-7.131400,0 107.988700,-7.131600,0 107.988800,-7.131600,0 107.988800,-7.131700,0 107.988700,-7.131700,0 107.988800,-7.131900,0 107.989000,-7.131900,0 107.989100,-7.131700,0 107.989200,-7.131700,0 107.989400,-7.131500,0 107.990000,-7.131700,0 107.989900,-7.132000,0 107.989500,-7.131900,0 107.989400,-7.132100,0 107.989400,-7.132600,0 107.989500,-7.132600,0 107.989500,-7.132700,0 107.989300,-7.132900,0 107.988700,-7.133000,0 107.988600,-7.133200,0 107.988500,-7.133200,0 107.988500,-7.133500,0 107.989000,-7.133500,0 107.988900,-7.133600,0 107.989500,-7.133900,0 107.989400,-7.134100,0 107.989300,-7.134100,0 107.989200,-7.134300,0 107.989000,-7.134200,0 107.989000,-7.134100,0 107.988900,-7.134100,0 107.988900,-7.134000,0 107.988700,-7.134000,0 107.988300,-7.133800,0 107.988300,-7.133700,0 107.988200,-7.133800,0 107.988000,-7.133800,0 107.988000,-7.134000,0 107.988200,-7.134100,0 107.988300,-7.134300,0 107.988600,-7.134300,0 107.988700,-7.134200,0 107.989000,-7.134300,0 107.988900,-7.134600,0 107.989100,-7.134700,0 107.989100,-7.134800,0 107.989000,-7.134900,0 107.989000,-7.135100,0 107.988800,-7.135000,0 107.988800,-7.135400,0 107.988700,-7.135500,0 107.988700,-7.135400,0 107.987800,-7.135300,0 107.987800,-7.135200,0 107.987700,-7.135200,0 107.987700,-7.135500,0 107.987500,-7.135500,0 107.987400,-7.134900,0 107.987600,-7.134900,0 107.987600,-7.134600,0 107.987700,-7.134500,0 107.987600,-7.134400,0 107.987400,-7.134400,0 107.987100,-7.134000,0 107.986900,-7.134000,0 107.986900,-7.133600,0 107.986800,-7.133300,0 107.986900,-7.132200,0 107.987000,-7.132100,0 107.987300,-7.132100,0 107.987400,-7.132000,0 107.987200,-7.131500,0 107.987200,-7.130600,0 107.986700,-7.130400,0 107.986700,-7.130200,0 107.986200,-7.130200,0 107.986200,-7.129900,0 107.985900,-7.129900,0 107.986000,-7.130300,0 107.985800,-7.130300,0 107.985700,-7.130200,0 107.985800,-7.130100,0 107.985800,-7.129800,0 107.985900,-7.129700,0 107.985900,-7.129500,0 107.985900,-7.129700,0 107.985800,-7.129700,0 107.985700,-7.129000,0 107.985800,-7.128900,0 107.985900,-7.129200,0 107.986000,-7.129100,0 107.986000,-7.128700,0 107.985900,-7.128700,0 107.985900,-7.128500,0 107.985600,-7.128200,0 107.985400,-7.127600,0 107.985000,-7.127000,0 107.985000,-7.126500,0 107.985100,-7.126500,0 107.985100,-7.126300,0 107.985500,-7.126300,0 107.985500,-7.126400,0 107.985600,-7.126400,0 107.985600,-7.126500,0 107.986000,-7.127000,0 107.986100,-7.127000,0 107.986100,-7.126900,0 107.986800,-7.126200,0 107.987400,-7.126100,0 107.987900,-7.126400,0 107.987900,-7.126600,0 107.987800,-7.126600,0 107.987800,-7.127000,0</coordinates></LinearRing></outerBoundaryIs></Polygon><Polygon><tessellate>1</tessellate><outerBoundaryIs><LinearRing><coordinates>107.985300,-7.124200,0 107.985500,-7.124300,0 107.985500,-7.124500,0 107.985600,-7.124500,0 107.985600,-7.124600,0 107.985500,-7.124600,0 107.985100,-7.125500,0 107.984700,-7.125200,0 107.984900,-7.124800,0 107.984900,-7.124600,0 107.985000,-7.124400,0 107.985100,-7.124400,0 107.985000,-7.124300,0 107.985200,-7.124300,0 107.985300,-7.124200,0</coordinates></LinearRing></outerBoundaryIs></Polygon><Polygon><tessellate>1</tessellate><outerBoundaryIs><LinearRing><coordinates>107.983600,-7.124400,0 107.983800,-7.124500,0 107.983900,-7.124400,0 107.984200,-7.124800,0 107.984200,-7.125000,0 107.985100,-7.125600,0 107.984800,-7.126400,0 107.984400,-7.126900,0 107.984400,-7.127100,0 107.984200,-7.127400,0 107.983800,-7.127600,0 107.983700,-7.127800,0 107.983500,-7.127700,0 107.983400,-7.127500,0 107.983300,-7.127500,0 107.983100,-7.127700,0 107.982700,-7.127500,0 107.982700,-7.127200,0 107.982400,-7.126800,0 107.982400,-7.126600,0 107.982300,-7.126500,0 107.982400,-7.126300,0 107.982400,-7.125900,0 107.982300,-7.125900,0 107.982200,-7.125600,0 107.982100,-7.125600,0 107.982500,-7.125000,0 107.982500,-7.124400,0 107.982600,-7.124400,0 107.982700,-7.124200,0 107.983200,-7.124200,0 107.983200,-7.124300,0 107.983500,-7.124300,0 107.983600,-7.124400,0</coordinates></LinearRing></outerBoundaryIs></Polygon><Polygon><tessellate>1</tessellate><outerBoundaryIs><LinearRing><coordinates>107.988700,-7.124200,0 107.988600,-7.124600,0 107.988700,-7.124600,0 107.988700,-7.124800,0 107.988800,-7.124800,0 107.988800,-7.124900,0 107.988700,-7.124900,0 107.988600,-7.125200,0 107.988400,-7.125200,0 107.988400,-7.125100,0 107.988200,-7.125100,0 107.988200,-7.125200,0 107.988100,-7.125200,0 107.988000,-7.125100,0 107.988000,-7.124700,0 107.987700,-7.124700,0 107.987700,-7.124800,0 107.987100,-7.124700,0 107.987100,-7.124900,0 107.987000,-7.124900,0 107.987000,-7.124600,0 107.986900,-7.124600,0 107.986900,-7.124400,0 107.987000,-7.124400,0 107.987000,-7.124300,0 107.987200,-7.124300,0 107.987400,-7.124200,0 107.987400,-7.124100,0 107.987500,-7.124100,0 107.987500,-7.124200,0 107.988100,-7.124200,0 107.988600,-7.123900,0 107.988800,-7.123700,0 107.988800,-7.123600,0 107.989200,-7.123600,0 107.989200,-7.123700,0 107.989000,-7.123800,0 107.989000,-7.124000,0 107.988700,-7.124200,0</coordinates></LinearRing></outerBoundaryIs></Polygon><Polygon><tessellate>1</tessellate><outerBoundaryIs><LinearRing><coordinates>107.993100,-7.123200,0 107.993100,-7.123900,0 107.992400,-7.123900,0 107.992400,-7.124300,0 107.992500,-7.124300,0 107.992500,-7.124200,0 107.992900,-7.124200,0 107.992900,-7.124300,0 107.993000,-7.124300,0 107.993000,-7.124600,0 107.992900,-7.124600,0 107.992900,-7.124700,0 107.991900,-7.124800,0 107.991800,-7.124700,0 107.991600,-7.124700,0 107.991500,-7.124500,0 107.991400,-7.124500,0 107.991400,-7.124300,0 107.991500,-7.124200,0 107.991700,-7.124200,0 107.991700,-7.124300,0 107.991800,-7.124300,0 107.991800,-7.124200,0 107.992000,-7.124100,0 107.992000,-7.124000,0 107.992400,-7.123800,0 107.992200,-7.123800,0 107.992200,-7.123600,0 107.992100,-7.123500,0 107.992200,-7.123500,0 107.992400,-7.123300,0 107.992500,-7.123100,0 107.992600,-7.123200,0 107.992700,-7.123100,0 107.993000,-7.123100,0 107.993100,-7.123200,0</coordinates></LinearRing></outerBoundaryIs></Polygon><Polygon><tessellate>1</tessellate><outerBoundaryIs><LinearRing><coordinates>107.989500,-7.123100,0 107.989700,-7.123000,0 107.990000,-7.123200,0 107.989600,-7.123300,0 107.989600,-7.123400,0 107.989200,-7.123400,0 107.989200,-7.123500,0 107.989000,-7.123500,0 107.989000,-7.123600,0 107.988800,-7.123600,0 107.988800,-7.123100,0 107.988900,-7.123100,0 107.988900,-7.123000,0 107.989500,-7.122900,0 107.989500,-7.123100,0</coordinates></LinearRing></outerBoundaryIs></Polygon><Polygon><tessellate>1</tessellate><outerBoundaryIs><LinearRing><coordinates>107.985500,-7.122000,0 107.985600,-7.122100,0 107.985900,-7.122000,0 107.986000,-7.122500,0 107.986100,-7.122500,0 107.986100,-7.122600,0 107.986300,-7.122600,0 107.986500,-7.122800,0 107.986400,-7.123700,0 107.986600,-7.123800,0 107.986600,-7.124000,0 107.986700,-7.124100,0 107.986900,-7.124100,0 107.987000,-7.124200,0 107.986900,-7.124300,0 107.986900,-7.124500,0 107.986800,-7.124500,0 107.986800,-7.124400,0 107.986500,-7.124200,0 107.986500,-7.124100,0 107.986200,-7.123900,0 107.986000,-7.123700,0 107.986000,-7.123600,0 107.985700,-7.123600,0 107.985700,-7.123400,0 107.985500,-7.123400,0 107.985500,-7.123200,0 107.985400,-7.123200,0 107.985400,-7.123100,0 107.985200,-7.123200,0 107.985100,-7.123000,0 107.984800,-7.122900,0 107.984800,-7.122600,0 107.984900,-7.122600,0 107.984900,-7.122500,0 107.985100,-7.122500,0 107.985100,-7.122200,0 107.985300,-7.122100,0 107.985300,-7.122000,0 107.985400,-7.122100,0 107.985400,-7.122000,0 107.985500,-7.122000,0</coordinates></LinearRing></outerBoundaryIs></Polygon><Polygon><tessellate>1</tessellate><outerBoundaryIs><LinearRing><coordinates>107.990100,-7.122500,0 107.990000,-7.122700,0 107.989800,-7.122700,0 107.989400,-7.122500,0 107.989400,-7.122300,0 107.989700,-7.121900,0 107.989800,-7.121900,0 107.990300,-7.122200,0 107.990100,-7.122500,0</coordinates></LinearRing></outerBoundaryIs></Polygon><Polygon><tessellate>1</tessellate><outerBoundaryIs><LinearRing><coordinates>107.992900,-7.121400,0 107.992900,-7.121600,0 107.993000,-7.121600,0 107.993000,-7.121900,0 107.992900,-7.121900,0 107.992900,-7.122000,0 107.992800,-7.121900,0 107.992800,-7.122100,0 107.992700,-7.122100,0 107.992700,-7.122300,0 107.993100,-7.122400,0 107.992900,-7.122700,0 107.992400,-7.122600,0 107.992200,-7.122900,0 107.992300,-7.122900,0 107.992100,-7.122900,0 107.991700,-7.122700,0 107.991700,-7.122600,0 107.991800,-7.122600,0 107.991900,-7.122000,0 107.991500,-7.121900,0 107.991600,-7.121300,0 107.992200,-7.121500,0 107.992300,-7.121200,0 107.992500,-7.121200,0 107.992600,-7.121300,0 107.992900,-7.121300,0 107.992900,-7.121400,0</coordinates></LinearRing></outerBoundaryIs><innerBoundaryIs><LinearRing><coordinates>107.992000,-7.122500,0 107.992100,-7.122500,0 107.992300,-7.122300,0 107.992000,-7.122300,0 107.992000,-7.122500,0</coordinates></LinearRing></innerBoundaryIs></Polygon><Polygon><tessellate>1</tessellate><outerBoundaryIs><LinearRing><coordinates>107.985700,-7.121000,0 107.985600,-7.121000,0 107.985800,-7.121100,0 107.985900,-7.121500,0 107.986000,-7.121500,0 107.986000,-7.121900,0 107.985500,-7.121900,0 107.985300,-7.121800,0 107.985100,-7.121600,0 107.985100,-7.121500,0 107.984800,-7.121500,0 107.984800,-7.121000,0 107.985000,-7.121000,0 107.985000,-7.120900,0 107.984800,-7.120800,0 107.984800,-7.120600,0 107.985700,-7.120600,0 107.985800,-7.120700,0 107.985800,-7.120900,0 107.985700,-7.120900,0 107.985700,-7.121000,0</coordinates></LinearRing></outerBoundaryIs></Polygon><Polygon><tessellate>1</tessellate><outerBoundaryIs><LinearRing><coordinates>107.986500,-7.118200,0 107.986700,-7.118200,0 107.986700,-7.118300,0 107.986800,-7.118300,0 107.986800,-7.118600,0 107.986700,-7.118600,0 107.986700,-7.118700,0 107.986500,-7.118700,0 107.986400,-7.118900,0 107.986300,-7.118900,0 107.986700,-7.119000,0 107.986700,-7.119100,0 107.986900,-7.119100,0 107.986900,-7.119200,0 107.987300,-7.119400,0 107.987300,-7.120400,0 107.987100,-7.120500,0 107.987100,-7.120700,0 107.987400,-7.120700,0 107.987400,-7.120800,0 107.987500,-7.120800,0 107.987500,-7.121000,0 107.987700,-7.121300,0 107.987700,-7.121900,0 107.987600,-7.121900,0 107.987600,-7.122000,0 107.987300,-7.122000,0 107.987300,-7.121800,0 107.987200,-7.121700,0 107.987200,-7.121100,0 107.987000,-7.121000,0 107.986800,-7.121200,0 107.986800,-7.121400,0 107.986700,-7.121400,0 107.986700,-7.121500,0 107.986800,-7.121500,0 107.986800,-7.121700,0 107.987000,-7.121800,0 107.986900,-7.121800,0 107.986900,-7.122200,0 107.987100,-7.122300,0 107.987100,-7.122500,0 107.987600,-7.122500,0 107.987800,-7.122800,0 107.987900,-7.122800,0 107.987900,-7.123400,0 107.987200,-7.123300,0 107.987000,-7.123200,0 107.986900,-7.123500,0 107.987000,-7.123600,0 107.987300,-7.123600,0 107.987300,-7.123900,0 107.987400,-7.124000,0 107.987700,-7.124000,0 107.987800,-7.123600,0 107.988000,-7.123400,0 107.988400,-7.123200,0 107.988600,-7.123200,0 107.988600,-7.123100,0 107.988800,-7.123100,0 107.988700,-7.123200,0 107.988800,-7.123700,0 107.988700,-7.123700,0 107.988700,-7.123800,0 107.988500,-7.123800,0 107.988500,-7.123900,0 107.988300,-7.124000,0 107.988300,-7.124100,0 107.988100,-7.124100,0 107.988000,-7.124200,0 107.987700,-7.124200,0 107.987600,-7.124100,0 107.987000,-7.124200,0 107.986700,-7.124000,0 107.986700,-7.123800,0 107.986600,-7.123800,0 107.986500,-7.123600,0 107.986600,-7.122900,0 107.986500,-7.122700,0 107.986300,-7.122600,0 107.986200,-7.122200,0 107.986100,-7.122200,0 107.986100,-7.122100,0 107.986300,-7.122000,0 107.986400,-7.121700,0 107.986200,-7.121600,0 107.986200,-7.121400,0 107.986000,-7.121200,0 107.986000,-7.121000,0 107.985900,-7.121000,0 107.985800,-7.120600,0 107.985600,-7.120500,0 107.985200,-7.120500,0 107.985500,-7.120300,0 107.985500,-7.120200,0 107.985600,-7.120200,0 107.985600,-7.119900,0 107.985800,-7.119500,0 107.985800,-7.119300,0 107.985900,-7.119300,0 107.985900,-7.119100,0 107.986000,-7.118900,0 107.986100,-7.118900,0 107.986000,-7.118700,0 107.986200,-7.118100,0 107.986300,-7.118000,0 107.986400,-7.118200,0 107.986500,-7.118200,0</coordinates></LinearRing></outerBoundaryIs></Polygon><Polygon><tessellate>1</tessellate><outerBoundaryIs><LinearRing><coordinates>107.988600,-7.118500,0 107.988900,-7.118800,0 107.989000,-7.118500,0 107.989300,-7.118100,0 107.990700,-7.118600,0 107.990700,-7.119000,0 107.990800,-7.119000,0 107.990800,-7.119200,0 107.990900,-7.119300,0 107.990900,-7.119500,0 107.990800,-7.119500,0 107.990700,-7.119700,0 107.990700,-7.120200,0 107.991000,-7.120300,0 107.990900,-7.120100,0 107.991200,-7.120100,0 107.991200,-7.120500,0 107.991600,-7.120600,0 107.991500,-7.121400,0 107.991300,-7.121500,0 107.991200,-7.121400,0 107.991200,-7.121600,0 107.991400,-7.121700,0 107.991300,-7.122100,0 107.990800,-7.121900,0 107.990700,-7.122300,0 107.990600,-7.122300,0 107.990100,-7.122000,0 107.989900,-7.122000,0 107.989700,-7.121800,0 107.990100,-7.121300,0 107.990000,-7.121000,0 107.989900,-7.121000,0 107.989800,-7.120600,0 107.989800,-7.120100,0 107.989600,-7.120100,0 107.989600,-7.120200,0 107.989200,-7.120100,0 107.989200,-7.120000,0 107.989100,-7.120000,0 107.989100,-7.120100,0 107.988900,-7.120100,0 107.988900,-7.120800,0 107.988800,-7.120900,0 107.988700,-7.120800,0 107.988500,-7.120800,0 107.988500,-7.120700,0 107.988000,-7.120700,0 107.988000,-7.120600,0 107.987900,-7.120600,0 107.987800,-7.120400,0 107.987700,-7.120500,0 107.987700,-7.119800,0 107.987900,-7.119800,0 107.987700,-7.119800,0 107.987700,-7.119700,0 107.987600,-7.119700,0 107.987600,-7.119500,0 107.987500,-7.119500,0 107.987500,-7.119700,0 107.987400,-7.119700,0 107.987400,-7.119800,0 107.987400,-7.119700,0 107.987300,-7.119700,0 107.987400,-7.119500,0 107.987400,-7.119400,0 107.987300,-7.119400,0 107.987300,-7.119300,0 107.987400,-7.119300,0 107.987400,-7.118900,0 107.987300,-7.118900,0 107.987300,-7.118700,0 107.987500,-7.118700,0 107.987500,-7.118800,0 107.987600,-7.118800,0 107.987600,-7.118700,0 107.987800,-7.118700,0 107.987700,-7.118500,0 107.987800,-7.118300,0 107.988000,-7.118200,0 107.988000,-7.117800,0 107.987900,-7.117700,0 107.988200,-7.117700,0 107.988800,-7.117900,0 107.988700,-7.118000,0 107.988800,-7.118100,0 107.988500,-7.118300,0 107.988600,-7.118500,0</coordinates></LinearRing></outerBoundaryIs></Polygon></MultiGeometry></Placemark><Placemark><name>DI Citameng IV</name><styleUrl>#w2</styleUrl><description><![CDATA[<table><tr><td>Luas</td><td align='right'><b>311,0000</b> ha</td></tr><tr><td>Luas</td><td align='right'><b>3.110.000</b> m²</td></tr><tr><td>Keliling</td><td align='right'><b>96.641</b> m</td></tr><tr><td>Tinggi rata-rata</td><td align='right'><b>635,0</b> m dpl</td></tr><tr><td>Rezim</td><td align='right'><b>FL</b> </td></tr><tr><td>Kebutuhan air</td><td align='right'><b>693.273</b> m³</td></tr><tr><td>Kebutuhan air</td><td align='right'><b>223</b> mm</td></tr><tr><td>Debit</td><td align='right'><b>88,18</b> l/detik</td></tr><tr><td>NFR</td><td align='right'><b>1,59</b> mm/hari</td></tr><tr><td>Water loss</td><td align='right'><b>4.488.781</b> m³</td></tr><tr><td>Water loss</td><td align='right'><b>1.443</b> mm</td></tr></table>]]></description><MultiGeometry><Polygon><tessellate>1</tessellate><outerBoundaryIs><LinearRing><coordinates>107.984600,-7.139700,0 107.984400,-7.139700,0 107.984300,-7.139500,0 107.984000,-7.139500,0 107.983900,-7.139200,0 107.984000,-7.139200,0 107.984000,-7.139100,0 107.984200,-7.139100,0 107.984200,-7.139200,0 107.984400,-7.139200,0 107.984400,-7.139300,0 107.984700,-7.139300,0 107.984800,-7.139600,0 107.984600,-7.139700,0</coordinates></LinearRing></outerBoundaryIs></Polygon><Polygon><tessellate>1</tessellate><outerBoundaryIs><LinearRing><coordinates>107.982200,-7.138900,0 107.982100,-7.139500,0 107.982200,-7.139500,0 107.982200,-7.139600,0 107.982400,-7.139600,0 107.982300,-7.139700,0 107.982100,-7.139700,0 107.982100,-7.139600,0 107.981900,-7.139500,0 107.981800,-7.139300,0 107.981400,-7.139300,0 107.981300,-7.139200,0 107.981100,-7.139200,0 107.980900,-7.139000,0 107.980900,-7.138800,0 107.981300,-7.138900,0 107.981300,-7.138800,0 107.981400,-7.138800,0 107.981400,-7.138600,0 107.981600,-7.138600,0 107.981700,-7.138500,0 107.982000,-7.138500,0 107.982200,-7.138700,0 107.982200,-7.138900,0</coordinates></LinearRing></outerBoundaryIs></Polygon><Polygon><tessellate>1</tessellate><outerBoundaryIs><LinearRing><coordinates>107.983400,-7.138700,0 107.983800,-7.138900,0 107.983800,-7.139200,0 107.983500,-7.139200,0 107.983400,-7.139100,0 107.983400,-7.139200,0 107.983600,-7.139400,0 107.983700,-7.139400,0 107.983800,-7.139600,0 107.984400,-7.139700,0 107.984300,-7.139900,0 107.984300,-7.139800,0 107.983900,-7.139900,0 107.983800,-7.139800,0 107.983500,-7.139800,0 107.983300,-7.139400,0 107.982900,-7.139200,0 107.982900,-7.139300,0 107.983300,-7.139500,0 107.983300,-7.139700,0 107.983500,-7.139800,0 107.983600,-7.140000,0 107.983700,-7.140000,0 107.983700,-7.140300,0 107.983600,-7.140200,0 107.983400,-7.140200,0 107.983300,-7.139900,0 107.983000,-7.139700,0 107.982600,-7.139700,0 107.982500,-7.139500,0 107.982300,-7.139400,0 107.982300,-7.139200,0 107.982400,-7.139200,0 107.982400,-7.138500,0 107.982900,-7.138400,0 107.983300,-7.138700,0 107.983400,-7.138700,0</coordinates></LinearRing></outerBoundaryIs></Polygon><Polygon><tessellate>1</tessellate><outerBoundaryIs><LinearRing><coordinates>107.985200,-7.138400,0 107.985600,-7.138300,0 107.986300,-7.138300,0 107.986600,-7.138500,0 107.987000,-7.138500,0 107.987300,-7.138700,0 107.987800,-7.138700,0 107.987900,-7.138800,0 107.988300,-7.138900,0 107.987800,-7.140200,0 107.986200,-7.139400,0 107.986200,-7.139300,0 107.986000,-7.139300,0 107.985900,-7.139200,0 107.985400,-7.139200,0 107.985400,-7.139300,0 107.985200,-7.139300,0 107.985200,-7.139100,0 107.985000,-7.139100,0 107.985000,-7.139200,0 107.984800,-7.139300,0 107.984700,-7.139100,0 107.984300,-7.138900,0 107.984300,-7.138800,0 107.984200,-7.138800,0 107.984100,-7.138500,0 107.983900,-7.138300,0 107.983800,-7.138300,0 107.984000,-7.138200,0 107.984000,-7.137900,0 107.984200,-7.138000,0 107.984600,-7.138000,0 107.985100,-7.138400,0 107.985200,-7.138400,0</coordinates></LinearRing></outerBoundaryIs></Polygon><Polygon><tessellate>1</tessellate><outerBoundaryIs><LinearRing><coordinates>107.983100,-7.137800,0 107.983000,-7.138000,0 107.982700,-7.138000,0 107.982700,-7.138200,0 107.982400,-7.138300,0 107.982400,-7.138400,0 107.982300,-7.138400,0 107.982200,-7.138000,0 107.982000,-7.137900,0 107.982000,-7.137800,0 107.982300,-7.137800,0 107.982300,-7.137500,0 107.982400,-7.137500,0 107.982700,-7.137100,0 107.983100,-7.137800,0</coordinates></LinearRing></outerBoundaryIs></Polygon><Polygon><tessellate>1</tessellate><outerBoundaryIs><LinearRing><coordinates>107.981800,-7.137200,0 107.981700,-7.137300,0 107.981500,-7.137200,0 107.981500,-7.137300,0 107.981300,-7.137400,0 107.981400,-7.137500,0 107.981300,-7.137600,0 107.981300,-7.137900,0 107.980900,-7.138000,0 107.980900,-7.138100,0 107.980700,-7.138100,0 107.980700,-7.138200,0 107.979800,-7.138200,0 107.979700,-7.138100,0 107.979500,-7.138100,0 107.979600,-7.137900,0 107.979900,-7.137900,0 107.980100,-7.138000,0 107.980100,-7.138100,0 107.980900,-7.138000,0 107.981100,-7.137800,0 107.981100,-7.137600,0 107.981000,-7.137600,0 107.980800,-7.137400,0 107.980800,-7.137300,0 107.981400,-7.137200,0 107.981600,-7.137100,0 107.981600,-7.137000,0 107.981700,-7.137000,0 107.981700,-7.137100,0 107.981900,-7.137200,0 107.981800,-7.137200,0</coordinates></LinearRing></outerBoundaryIs></Polygon><Polygon><tessellate>1</tessellate><outerBoundaryIs><LinearRing><coordinates>107.990400,-7.136300,0 107.990700,-7.136300,0 107.990900,-7.136400,0 107.990900,-7.136500,0 107.991000,-7.136500,0 107.991100,-7.136700,0 107.991100,-7.137000,0 107.991300,-7.137200,0 107.991400,-7.137200,0 107.991200,-7.137600,0 107.991000,-7.137400,0 107.991000,-7.136800,0 107.990800,-7.136700,0 107.990800,-7.136600,0 107.990300,-7.136500,0 107.990200,-7.136700,0 107.989900,-7.136700,0 107.989900,-7.136500,0 107.990000,-7.136400,0 107.990400,-7.136300,0</coordinates></LinearRing></outerBoundaryIs></Polygon><Polygon><tessellate>1</tessellate><outerBoundaryIs><LinearRing><coordinates>107.983700,-7.136300,0 107.983700,-7.136000,0 107.984100,-7.136000,0 107.984200,-7.136100,0 107.984100,-7.136300,0 107.983700,-7.136300,0</coordinates></LinearRing></outerBoundaryIs></Polygon><Polygon><tessellate>1</tessellate><outerBoundaryIs><LinearRing><coordinates>107.985000,-7.135000,0 107.985000,-7.135300,0 107.985100,-7.135300,0 107.985300,-7.135500,0 107.985000,-7.135500,0 107.984600,-7.135300,0 107.984400,-7.135300,0 107.984300,-7.135200,0 107.984400,-7.135000,0 107.984600,-7.135000,0 107.984700,-7.134800,0 107.984900,-7.134800,0 107.985000,-7.135000,0</coordinates></LinearRing></outerBoundaryIs></Polygon><Polygon><tessellate>1</tessellate><outerBoundaryIs><LinearRing><coordinates>107.982800,-7.131000,0 107.983700,-7.131100,0 107.983700,-7.131200,0 107.983300,-7.131400,0 107.983300,-7.131600,0 107.982600,-7.132200,0 107.982600,-7.132400,0 107.982400,-7.132600,0 107.982200,-7.133100,0 107.982000,-7.133300,0 107.980400,-7.134400,0 107.980000,-7.134300,0 107.979700,-7.135100,0 107.979700,-7.135200,0 107.979800,-7.135200,0 107.979700,-7.136000,0 107.979500,-7.136100,0 107.979300,-7.136500,0 107.979300,-7.136700,0 107.979000,-7.136800,0 107.978900,-7.136700,0 107.978900,-7.136400,0 107.978600,-7.135900,0 107.978600,-7.135500,0 107.978700,-7.135400,0 107.978600,-7.134600,0 107.978700,-7.134500,0 107.978900,-7.134500,0 107.979200,-7.133900,0 107.979200,-7.133500,0 107.979300,-7.133500,0 107.979300,-7.133400,0 107.979500,-7.133400,0 107.979900,-7.133100,0 107.980200,-7.133100,0 107.980300,-7.132000,0 107.980400,-7.131900,0 107.980600,-7.132000,0 107.980900,-7.132000,0 107.981700,-7.132400,0 107.981700,-7.132300,0 107.981800,-7.132300,0 107.981900,-7.132500,0 107.982000,-7.132500,0 107.982000,-7.132100,0 107.982100,-7.132100,0 107.982200,-7.131700,0 107.982500,-7.131400,0 107.982400,-7.131200,0 107.982600,-7.131000,0 107.982800,-7.131000,0</coordinates></LinearRing></outerBoundaryIs></Polygon><Polygon><tessellate>1</tessellate><outerBoundaryIs><LinearRing><coordinates>107.987000,-7.130700,0 107.987000,-7.130800,0 107.987100,-7.130800,0 107.987000,-7.130900,0 107.986900,-7.130700,0 107.986500,-7.130900,0 107.986500,-7.131200,0 107.986200,-7.131800,0 107.986000,-7.131800,0 107.985800,-7.131600,0 107.985800,-7.131500,0 107.985700,-7.131500,0 107.985700,-7.131300,0 107.985800,-7.131300,0 107.985800,-7.131400,0 107.985900,-7.131300,0 107.986300,-7.131300,0 107.986300,-7.131200,0 107.986400,-7.131200,0 107.986400,-7.130500,0 107.986800,-7.130500,0 107.987000,-7.130600,0 107.987000,-7.130700,0</coordinates></LinearRing></outerBoundaryIs></Polygon><Polygon><tessellate>1</tessellate><outerBoundaryIs><LinearRing><coordinates>107.979900,-7.122600,0 107.980000,-7.122700,0 107.980200,-7.122600,0 107.980500,-7.122900,0 107.980500,-7.123200,0 107.980600,-7.123200,0 107.980600,-7.123300,0 107.981300,-7.123200,0 107.981400,-7.124100,0 107.981500,-7.124100,0 107.981500,-7.124200,0 107.982600,-7.124200,0 107.982500,-7.124400,0 107.981500,-7.124300,0 107.981500,-7.125000,0 107.981800,-7.125100,0 107.982200,-7.124800,0 107.982400,-7.124900,0 107.982300,-7.125200,0 107.982200,-7.125200,0 107.982100,-7.125400,0 107.982100,-7.126200,0 107.982600,-7.127200,0 107.982600,-7.127600,0 107.982900,-7.127800,0 107.983100,-7.127800,0 107.983300,-7.128000,0 107.983200,-7.128400,0 107.983000,-7.128500,0 107.983100,-7.129900,0 107.983200,-7.129900,0 107.983200,-7.130000,0 107.984400,-7.130000,0 107.984700,-7.130100,0 107.984800,-7.130200,0 107.984800,-7.130600,0 107.984700,-7.130700,0 107.983800,-7.130500,0 107.983300,-7.130900,0 107.982900,-7.130900,0 107.982700,-7.130700,0 107.982700,-7.130400,0 107.982800,-7.130400,0 107.982900,-7.130100,0 107.982800,-7.129700,0 107.982500,-7.129200,0 107.982500,-7.129000,0 107.982200,-7.128800,0 107.981900,-7.128800,0 107.981700,-7.129000,0 107.981500,-7.129000,0 107.981500,-7.128800,0 107.981200,-7.128700,0 107.981000,-7.128500,0 107.981100,-7.128400,0 107.981000,-7.128300,0 107.981100,-7.128100,0 107.981300,-7.128100,0 107.981400,-7.128000,0 107.981500,-7.128100,0 107.981900,-7.128100,0 107.981900,-7.127900,0 107.981700,-7.127700,0 107.981600,-7.127100,0 107.981400,-7.126700,0 107.981400,-7.125600,0 107.981300,-7.125400,0 107.980900,-7.125000,0 107.980800,-7.125000,0 107.980900,-7.125000,0 107.980800,-7.125000,0 107.980800,-7.124700,0 107.980700,-7.124700,0 107.980700,-7.124500,0 107.980600,-7.124400,0 107.980400,-7.124400,0 107.980300,-7.124200,0 107.980000,-7.124200,0 107.980000,-7.124100,0 107.979800,-7.124100,0 107.979800,-7.124000,0 107.979700,-7.124100,0 107.979500,-7.124100,0 107.979300,-7.123700,0 107.979100,-7.123600,0 107.979000,-7.123400,0 107.978900,-7.123400,0 107.978900,-7.123100,0 107.979000,-7.123000,0 107.979600,-7.123000,0 107.979600,-7.122800,0 107.979900,-7.122600,0</coordinates></LinearRing></outerBoundaryIs></Polygon><Polygon><tessellate>1</tessellate><outerBoundaryIs><LinearRing><coordinates>107.982400,-7.120800,0 107.982600,-7.120800,0 107.983000,-7.120600,0 107.983000,-7.120500,0 107.983200,-7.120500,0 107.983200,-7.120400,0 107.983800,-7.120400,0 107.984200,-7.120600,0 107.984400,-7.120800,0 107.984700,-7.120900,0 107.984700,-7.121000,0 107.984800,-7.121000,0 107.984700,-7.121500,0 107.984500,-7.121900,0 107.984500,-7.122700,0 107.983900,-7.123200,0 107.983300,-7.123500,0 107.983000,-7.123900,0 107.983000,-7.124000,0 107.982800,-7.124000,0 107.982600,-7.124100,0 107.982600,-7.124200,0 107.982100,-7.124100,0 107.981500,-7.124200,0 107.981500,-7.124000,0 107.981400,-7.124000,0 107.981400,-7.123400,0 107.981300,-7.123300,0 107.981300,-7.123000,0 107.981400,-7.123000,0 107.981400,-7.122400,0 107.981500,-7.122300,0 107.981900,-7.122300,0 107.982100,-7.122100,0 107.982100,-7.122000,0 107.981700,-7.121700,0 107.981700,-7.121800,0 107.981400,-7.121800,0 107.981000,-7.121600,0 107.981000,-7.121200,0 107.980800,-7.121200,0 107.980800,-7.121400,0 107.980500,-7.121400,0 107.980500,-7.121200,0 107.980000,-7.121100,0 107.979900,-7.121200,0 107.979800,-7.120900,0 107.980000,-7.120700,0 107.980000,-7.120600,0 107.980100,-7.120600,0 107.980100,-7.120500,0 107.980200,-7.120500,0 107.980200,-7.120200,0 107.980300,-7.120200,0 107.980300,-7.120100,0 107.980400,-7.120100,0 107.980400,-7.120000,0 107.980600,-7.119900,0 107.980800,-7.119900,0 107.980800,-7.120000,0 107.981200,-7.120000,0 107.981200,-7.120200,0 107.981400,-7.120400,0 107.981500,-7.120400,0 107.981500,-7.120500,0 107.981600,-7.120500,0 107.981600,-7.120800,0 107.981800,-7.120800,0 107.981800,-7.120500,0 107.981400,-7.120300,0 107.981400,-7.120200,0 107.981000,-7.119800,0 107.981400,-7.119800,0 107.981500,-7.120000,0 107.981900,-7.120100,0 107.982100,-7.120700,0 107.982200,-7.120800,0 107.982400,-7.120800,0</coordinates></LinearRing></outerBoundaryIs></Polygon><Polygon><tessellate>1</tessellate><outerBoundaryIs><LinearRing><coordinates>107.982300,-7.117700,0 107.982200,-7.118100,0 107.982100,-7.118100,0 107.982100,-7.118300,0 107.982000,-7.118400,0 107.982000,-7.118800,0 107.981900,-7.118800,0 107.981900,-7.118900,0 107.981700,-7.119100,0 107.981700,-7.119400,0 107.982000,-7.119400,0 107.982000,-7.119200,0 107.982300,-7.119600,0 107.982700,-7.119800,0 107.983200,-7.119900,0 107.983300,-7.120000,0 107.983700,-7.120000,0 107.983900,-7.120200,0 107.984000,-7.120200,0 107.984000,-7.120300,0 107.983800,-7.120300,0 107.983800,-7.120200,0 107.983500,-7.120200,0 107.983500,-7.120300,0 107.983100,-7.120400,0 107.982900,-7.120500,0 107.982900,-7.120600,0 107.982700,-7.120600,0 107.982500,-7.120800,0 107.982100,-7.120600,0 107.982100,-7.120100,0 107.982000,-7.120100,0 107.981900,-7.119900,0 107.981600,-7.120000,0 107.981500,-7.119700,0 107.981400,-7.119700,0 107.981400,-7.119600,0 107.981200,-7.119600,0 107.981200,-7.119400,0 107.981300,-7.119400,0 107.981300,-7.119200,0 107.981400,-7.119100,0 107.981300,-7.119100,0 107.981300,-7.118900,0 107.981200,-7.118800,0 107.981000,-7.118800,0 107.981000,-7.118900,0 107.981200,-7.119000,0 107.981200,-7.119400,0 107.981100,-7.119400,0 107.981100,-7.119500,0 107.980900,-7.119600,0 107.980900,-7.119500,0 107.980800,-7.119500,0 107.980800,-7.119200,0 107.980600,-7.119200,0 107.980600,-7.118900,0 107.980400,-7.118900,0 107.980400,-7.118600,0 107.979900,-7.118600,0 107.979900,-7.118400,0 107.980000,-7.118400,0 107.980000,-7.118300,0 107.980200,-7.118200,0 107.980200,-7.118100,0 107.980300,-7.118100,0 107.980400,-7.117800,0 107.980500,-7.117800,0 107.980500,-7.117700,0 107.980500,-7.117800,0 107.980700,-7.117700,0 107.980700,-7.117500,0 107.981400,-7.116900,0 107.981400,-7.117000,0 107.981700,-7.117100,0 107.981900,-7.117300,0 107.982300,-7.117500,0 107.982300,-7.117700,0</coordinates></LinearRing></outerBoundaryIs></Polygon><Polygon><tessellate>1</tessellate><outerBoundaryIs><LinearRing><coordinates>107.975700,-7.117100,0 107.975800,-7.117100,0 107.975800,-7.116900,0 107.976100,-7.116900,0 107.976100,-7.116800,0 107.976800,-7.116900,0 107.976700,-7.117500,0 107.976300,-7.117400,0 107.976200,-7.117500,0 107.976000,-7.117500,0 107.976000,-7.117600,0 107.975800,-7.117200,0 107.975700,-7.117200,0 107.975600,-7.117400,0 107.975100,-7.117400,0 107.975100,-7.117500,0 107.975000,-7.117500,0 107.975000,-7.117700,0 107.974600,-7.117800,0 107.974400,-7.118000,0 107.973800,-7.117900,0 107.973900,-7.117500,0 107.974000,-7.117400,0 107.974300,-7.117400,0 107.974700,-7.117200,0 107.974600,-7.117000,0 107.975200,-7.116800,0 107.975300,-7.116600,0 107.975500,-7.116600,0 107.975500,-7.116700,0 107.975600,-7.116700,0 107.975600,-7.117000,0 107.975700,-7.117000,0 107.975700,-7.117100,0</coordinates></LinearRing></outerBoundaryIs></Polygon><Polygon><tessellate>1</tessellate><outerBoundaryIs><LinearRing><coordinates>107.976600,-7.116400,0 107.977000,-7.116500,0 107.976800,-7.116900,0 107.976200,-7.116800,0 107.976400,-7.116400,0 107.976600,-7.116400,0</coordinates></LinearRing></outerBoundaryIs></Polygon><Polygon><tessellate>1</tessellate><outerBoundaryIs><LinearRing><coordinates>107.982100,-7.115500,0 107.982500,-7.115500,0 107.982500,-7.115600,0 107.982600,-7.115600,0 107.982700,-7.115800,0 107.983100,-7.115900,0 107.983100,-7.116100,0 107.983000,-7.116100,0 107.983200,-7.116200,0 107.983600,-7.116600,0 107.983500,-7.116600,0 107.983500,-7.116700,0 107.983400,-7.116700,0 107.983200,-7.116900,0 107.983200,-7.117000,0 107.983100,-7.117000,0 107.983000,-7.117200,0 107.982800,-7.117300,0 107.982800,-7.117400,0 107.982600,-7.117400,0 107.982500,-7.117600,0 107.982300,-7.117500,0 107.982200,-7.117300,0 107.981500,-7.116900,0 107.981600,-7.116700,0 107.981400,-7.116500,0 107.981800,-7.116600,0 107.981800,-7.116500,0 107.981600,-7.116400,0 107.981900,-7.116000,0 107.982000,-7.115500,0 107.982100,-7.115500,0</coordinates></LinearRing></outerBoundaryIs></Polygon><Polygon><tessellate>1</tessellate><outerBoundaryIs><LinearRing><coordinates>107.972500,-7.115400,0 107.972600,-7.115500,0 107.972500,-7.115800,0 107.972600,-7.115800,0 107.972800,-7.116300,0 107.973100,-7.116200,0 107.973300,-7.116300,0 107.973300,-7.116400,0 107.973400,-7.116400,0 107.973300,-7.116600,0 107.973300,-7.117000,0 107.973000,-7.117000,0 107.973000,-7.117200,0 107.973200,-7.117200,0 107.973100,-7.117800,0 107.973000,-7.117800,0 107.973000,-7.117900,0 107.973100,-7.117900,0 107.973000,-7.118100,0 107.972800,-7.118200,0 107.972700,-7.118000,0 107.972700,-7.118200,0 107.972600,-7.118300,0 107.972500,-7.118300,0 107.972500,-7.118000,0 107.972600,-7.117900,0 107.972600,-7.117100,0 107.972400,-7.116900,0 107.972400,-7.116700,0 107.972300,-7.116700,0 107.972200,-7.116500,0 107.972200,-7.116300,0 107.972000,-7.116200,0 107.972000,-7.116000,0 107.971900,-7.115900,0 107.971900,-7.115400,0 107.972100,-7.115500,0 107.972500,-7.115400,0</coordinates></LinearRing></outerBoundaryIs></Polygon><Polygon><tessellate>1</tessellate><outerBoundaryIs><LinearRing><coordinates>107.982000,-7.115500,0 107.981600,-7.115400,0 107.981500,-7.115000,0 107.982100,-7.115000,0 107.982100,-7.115300,0 107.982000,-7.115500,0</coordinates></LinearRing></outerBoundaryIs></Polygon><Polygon><tessellate>1</tessellate><outerBoundaryIs><LinearRing><coordinates>107.976100,-7.115000,0 107.976200,-7.115000,0 107.976200,-7.115100,0 107.976400,-7.115100,0 107.976500,-7.115300,0 107.976800,-7.115300,0 107.977000,-7.115000,0 107.977200,-7.115000,0 107.977200,-7.115100,0 107.977300,-7.115100,0 107.977300,-7.115200,0 107.977500,-7.115300,0 107.977500,-7.115400,0 107.977600,-7.115400,0 107.977500,-7.115600,0 107.977400,-7.115600,0 107.977000,-7.116500,0 107.976800,-7.116500,0 107.976200,-7.116200,0 107.975700,-7.115800,0 107.975600,-7.115800,0 107.975700,-7.115700,0 107.975700,-7.115400,0 107.975800,-7.115400,0 107.975800,-7.115100,0 107.975900,-7.115100,0 107.975900,-7.114900,0 107.975900,-7.115000,0 107.976000,-7.115000,0 107.976100,-7.114800,0 107.976100,-7.115000,0</coordinates></LinearRing></outerBoundaryIs></Polygon><Polygon><tessellate>1</tessellate><outerBoundaryIs><LinearRing><coordinates>107.982100,-7.114600,0 107.982000,-7.114900,0 107.981700,-7.114900,0 107.981700,-7.114800,0 107.981500,-7.114700,0 107.981500,-7.114300,0 107.981700,-7.114100,0 107.982200,-7.114200,0 107.982100,-7.114300,0 107.982100,-7.114600,0</coordinates></LinearRing></outerBoundaryIs></Polygon><Polygon><tessellate>1</tessellate><outerBoundaryIs><LinearRing><coordinates>107.974600,-7.113800,0 107.975200,-7.113800,0 107.975200,-7.114000,0 107.975300,-7.114000,0 107.975300,-7.114100,0 107.975500,-7.114100,0 107.975400,-7.114700,0 107.975900,-7.115000,0 107.975700,-7.115400,0 107.975700,-7.115700,0 107.975600,-7.115700,0 107.975600,-7.115800,0 107.976200,-7.116200,0 107.976400,-7.116200,0 107.976400,-7.116300,0 107.976300,-7.116300,0 107.976300,-7.116500,0 107.975900,-7.116500,0 107.975700,-7.116400,0 107.975700,-7.116200,0 107.975500,-7.116200,0 107.975500,-7.116100,0 107.975100,-7.116200,0 107.975100,-7.116300,0 107.974500,-7.116300,0 107.974400,-7.116400,0 107.974100,-7.116400,0 107.974100,-7.116300,0 107.973900,-7.116300,0 107.973900,-7.116500,0 107.973800,-7.116500,0 107.973800,-7.116400,0 107.973600,-7.116500,0 107.973600,-7.116200,0 107.973400,-7.116200,0 107.973300,-7.116100,0 107.973300,-7.115700,0 107.973100,-7.115700,0 107.973100,-7.115600,0 107.972900,-7.115600,0 107.972900,-7.115700,0 107.972800,-7.115700,0 107.972800,-7.115600,0 107.972700,-7.115600,0 107.972700,-7.115500,0 107.972800,-7.115500,0 107.972800,-7.115100,0 107.972500,-7.115000,0 107.972500,-7.114700,0 107.972400,-7.114700,0 107.972400,-7.114600,0 107.972500,-7.114600,0 107.972500,-7.114100,0 107.972600,-7.113900,0 107.972900,-7.113900,0 107.973200,-7.114100,0 107.973400,-7.114100,0 107.973400,-7.113600,0 107.973500,-7.113500,0 107.974000,-7.113400,0 107.974100,-7.113400,0 107.974200,-7.113600,0 107.974600,-7.113800,0</coordinates></LinearRing></outerBoundaryIs><innerBoundaryIs><LinearRing><coordinates>107.973800,-7.115300,0 107.974600,-7.115400,0 107.975000,-7.115300,0 107.975000,-7.115200,0 107.975200,-7.115100,0 107.975200,-7.115000,0 107.975100,-7.115000,0 107.975000,-7.114700,0 107.974900,-7.114700,0 107.974800,-7.114500,0 107.974800,-7.114200,0 107.974000,-7.114300,0 107.973600,-7.114700,0 107.973600,-7.115100,0 107.973800,-7.115300,0</coordinates></LinearRing></innerBoundaryIs></Polygon><Polygon><tessellate>1</tessellate><outerBoundaryIs><LinearRing><coordinates>107.970800,-7.113500,0 107.971000,-7.113400,0 107.971000,-7.113300,0 107.971200,-7.113300,0 107.971100,-7.113500,0 107.971000,-7.113500,0 107.971000,-7.113800,0 107.971100,-7.113800,0 107.971200,-7.114000,0 107.971300,-7.114000,0 107.971300,-7.114200,0 107.971500,-7.114300,0 107.971500,-7.114600,0 107.971600,-7.114600,0 107.971600,-7.114800,0 107.971700,-7.114800,0 107.971900,-7.115200,0 107.971800,-7.115200,0 107.971800,-7.115100,0 107.971600,-7.115200,0 107.971300,-7.115200,0 107.971300,-7.114800,0 107.970800,-7.114800,0 107.970700,-7.115000,0 107.970500,-7.115100,0 107.970200,-7.115100,0 107.970200,-7.115000,0 107.970000,-7.114800,0 107.970000,-7.114600,0 107.969800,-7.114500,0 107.969400,-7.114500,0 107.969400,-7.114600,0 107.968900,-7.114600,0 107.968900,-7.114700,0 107.968800,-7.114700,0 107.968700,-7.114900,0 107.968200,-7.114900,0 107.968200,-7.114700,0 107.968300,-7.114700,0 107.968300,-7.114400,0 107.968400,-7.114400,0 107.968600,-7.113900,0 107.968800,-7.113900,0 107.968800,-7.113800,0 107.968900,-7.113800,0 107.969000,-7.113400,0 107.969400,-7.113600,0 107.969300,-7.113700,0 107.969600,-7.113800,0 107.969900,-7.113800,0 107.970000,-7.113700,0 107.970000,-7.113500,0 107.970400,-7.113200,0 107.970700,-7.113300,0 107.970800,-7.113500,0</coordinates></LinearRing></outerBoundaryIs></Polygon><Polygon><tessellate>1</tessellate><outerBoundaryIs><LinearRing><coordinates>107.980100,-7.112900,0 107.981000,-7.113900,0 107.981300,-7.114100,0 107.981100,-7.114100,0 107.981100,-7.114400,0 107.980700,-7.114400,0 107.980700,-7.114200,0 107.980600,-7.114200,0 107.980600,-7.114400,0 107.980300,-7.114400,0 107.980300,-7.114300,0 107.979700,-7.114300,0 107.979700,-7.114200,0 107.979600,-7.114200,0 107.979600,-7.114000,0 107.979300,-7.114000,0 107.979300,-7.114100,0 107.979000,-7.114100,0 107.979000,-7.114200,0 107.978800,-7.114200,0 107.978800,-7.114300,0 107.978600,-7.114400,0 107.978500,-7.114600,0 107.978400,-7.114600,0 107.978400,-7.114700,0 107.978000,-7.114700,0 107.978000,-7.114500,0 107.978100,-7.114500,0 107.978100,-7.114400,0 107.978400,-7.114400,0 107.978400,-7.114300,0 107.978500,-7.114300,0 107.978500,-7.114100,0 107.978600,-7.114100,0 107.978500,-7.113800,0 107.978400,-7.113800,0 107.978400,-7.113500,0 107.978300,-7.113500,0 107.978300,-7.113300,0 107.978400,-7.113200,0 107.978500,-7.113200,0 107.978700,-7.113000,0 107.978900,-7.113000,0 107.978900,-7.112900,0 107.979900,-7.113000,0 107.979900,-7.112700,0 107.980100,-7.112900,0</coordinates></LinearRing></outerBoundaryIs></Polygon><Polygon><tessellate>1</tessellate><outerBoundaryIs><LinearRing><coordinates>107.967900,-7.112700,0 107.968000,-7.112700,0 107.968000,-7.112800,0 107.968300,-7.113100,0 107.968200,-7.113300,0 107.968100,-7.113200,0 107.967900,-7.113500,0 107.967600,-7.113300,0 107.967300,-7.112900,0 107.967300,-7.112700,0 107.967700,-7.112700,0 107.967800,-7.112600,0 107.967800,-7.112700,0 107.967900,-7.112700,0</coordinates></LinearRing></outerBoundaryIs></Polygon><Polygon><tessellate>1</tessellate><outerBoundaryIs><LinearRing><coordinates>107.968900,-7.111300,0 107.968800,-7.111700,0 107.968600,-7.111600,0 107.968200,-7.111600,0 107.968200,-7.111700,0 107.968000,-7.111900,0 107.968000,-7.112100,0 107.967900,-7.112200,0 107.967700,-7.112100,0 107.967700,-7.112400,0 107.967000,-7.112000,0 107.967100,-7.111600,0 107.967200,-7.111600,0 107.967300,-7.111400,0 107.967800,-7.111400,0 107.968200,-7.111300,0 107.968300,-7.111200,0 107.968600,-7.111200,0 107.968600,-7.111100,0 107.968900,-7.111100,0 107.968900,-7.111300,0</coordinates></LinearRing></outerBoundaryIs></Polygon><Polygon><tessellate>1</tessellate><outerBoundaryIs><LinearRing><coordinates>107.980200,-7.110700,0 107.980300,-7.110900,0 107.980100,-7.111100,0 107.980100,-7.111200,0 107.980000,-7.111200,0 107.980000,-7.111700,0 107.979800,-7.111800,0 107.979800,-7.111900,0 107.979900,-7.112000,0 107.980200,-7.112000,0 107.980200,-7.112100,0 107.980800,-7.112100,0 107.980800,-7.112300,0 107.980600,-7.112400,0 107.980500,-7.112600,0 107.980300,-7.112600,0 107.980200,-7.112800,0 107.979900,-7.112700,0 107.980000,-7.112600,0 107.979900,-7.112400,0 107.979300,-7.112400,0 107.979100,-7.112500,0 107.978800,-7.112500,0 107.978800,-7.112300,0 107.978900,-7.112100,0 107.979000,-7.112100,0 107.979100,-7.111800,0 107.979200,-7.111800,0 107.979500,-7.111200,0 107.979500,-7.111000,0 107.979600,-7.111000,0 107.979600,-7.110800,0 107.979800,-7.110800,0 107.979800,-7.110700,0 107.980200,-7.110700,0</coordinates></LinearRing></outerBoundaryIs></Polygon><Polygon><tessellate>1</tessellate><outerBoundaryIs><LinearRing><coordinates>107.976000,-7.111600,0 107.976100,-7.111800,0 107.975900,-7.111800,0 107.975900,-7.111700,0 107.975700,-7.111700,0 107.975700,-7.111600,0 107.975500,-7.111800,0 107.974900,-7.111900,0 107.974500,-7.111700,0 107.974300,-7.111700,0 107.974300,-7.111400,0 107.974400,-7.111400,0 107.974700,-7.111100,0 107.974800,-7.111100,0 107.974800,-7.110900,0 107.975000,-7.110400,0 107.975400,-7.110200,0 107.975800,-7.110400,0 107.975800,-7.110500,0 107.975900,-7.110500,0 107.975800,-7.111000,0 107.975900,-7.111100,0 107.975900,-7.111400,0 107.976000,-7.111600,0</coordinates></LinearRing></outerBoundaryIs></Polygon><Polygon><tessellate>1</tessellate><outerBoundaryIs><LinearRing><coordinates>107.985100,-7.110400,0 107.985500,-7.110300,0 107.985400,-7.110600,0 107.985000,-7.110600,0 107.984900,-7.111100,0 107.985200,-7.111200,0 107.985100,-7.111300,0 107.984700,-7.111300,0 107.984400,-7.111000,0 107.984000,-7.111500,0 107.983900,-7.111400,0 107.984100,-7.111200,0 107.984100,-7.111100,0 107.984200,-7.111100,0 107.984400,-7.110700,0 107.984500,-7.110700,0 107.984600,-7.110500,0 107.984700,-7.110500,0 107.984900,-7.110200,0 107.985000,-7.110200,0 107.985000,-7.110100,0 107.985000,-7.110400,0 107.985100,-7.110400,0</coordinates></LinearRing></outerBoundaryIs></Polygon><Polygon><tessellate>1</tessellate><outerBoundaryIs><LinearRing><coordinates>107.995100,-7.110200,0 107.995000,-7.110300,0 107.995000,-7.111000,0 107.994800,-7.111100,0 107.994800,-7.111300,0 107.994900,-7.111400,0 107.994700,-7.112200,0 107.994600,-7.112200,0 107.994500,-7.112400,0 107.994300,-7.112300,0 107.994200,-7.112400,0 107.994000,-7.112200,0 107.993900,-7.112200,0 107.993900,-7.112000,0 107.993800,-7.112000,0 107.993700,-7.111800,0 107.994200,-7.111400,0 107.994000,-7.111300,0 107.994100,-7.111200,0 107.994000,-7.111100,0 107.994200,-7.110900,0 107.994700,-7.111300,0 107.994700,-7.111200,0 107.994300,-7.111000,0 107.994500,-7.110900,0 107.994200,-7.110700,0 107.994200,-7.110500,0 107.994400,-7.110600,0 107.994400,-7.110700,0 107.994600,-7.110700,0 107.994600,-7.110500,0 107.994800,-7.110200,0 107.994800,-7.110300,0 107.994900,-7.110200,0 107.994800,-7.110100,0 107.995000,-7.109900,0 107.995100,-7.109900,0 107.995100,-7.110200,0</coordinates></LinearRing></outerBoundaryIs></Polygon><Polygon><tessellate>1</tessellate><outerBoundaryIs><LinearRing><coordinates>107.993100,-7.110200,0 107.993200,-7.110300,0 107.993200,-7.110600,0 107.993100,-7.110700,0 107.993100,-7.110600,0 107.992900,-7.110600,0 107.992900,-7.110500,0 107.992800,-7.110500,0 107.992800,-7.110200,0 107.992700,-7.110300,0 107.992900,-7.110100,0 107.992800,-7.109900,0 107.992700,-7.109900,0 107.992800,-7.109800,0 107.993000,-7.109800,0 107.993100,-7.109900,0 107.993100,-7.110000,0 107.993000,-7.110000,0 107.993000,-7.110200,0 107.993100,-7.110200,0</coordinates></LinearRing></outerBoundaryIs></Polygon><Polygon><tessellate>1</tessellate><outerBoundaryIs><LinearRing><coordinates>107.981400,-7.109500,0 107.982400,-7.109800,0 107.983600,-7.109900,0 107.983600,-7.110700,0 107.983500,-7.110800,0 107.983200,-7.110800,0 107.982800,-7.111000,0 107.982700,-7.111200,0 107.982800,-7.112000,0 107.982900,-7.112000,0 107.982900,-7.112100,0 107.982700,-7.112300,0 107.982700,-7.112500,0 107.982600,-7.112400,0 107.982400,-7.112500,0 107.982300,-7.112900,0 107.982200,-7.113000,0 107.981900,-7.113000,0 107.981500,-7.113400,0 107.981500,-7.113700,0 107.981600,-7.113700,0 107.981600,-7.113800,0 107.981700,-7.113800,0 107.981800,-7.114000,0 107.981600,-7.114100,0 107.981300,-7.113800,0 107.981100,-7.113900,0 107.980200,-7.112900,0 107.980300,-7.112900,0 107.980200,-7.112800,0 107.980300,-7.112800,0 107.980300,-7.112700,0 107.980700,-7.112700,0 107.980700,-7.112500,0 107.980900,-7.112300,0 107.980900,-7.112000,0 107.980200,-7.112000,0 107.980200,-7.111900,0 107.979900,-7.111900,0 107.979900,-7.111800,0 107.980000,-7.111800,0 107.980000,-7.111300,0 107.980100,-7.111100,0 107.980300,-7.111000,0 107.980300,-7.110800,0 107.980500,-7.110400,0 107.980600,-7.110400,0 107.980600,-7.110300,0 107.980900,-7.110300,0 107.980900,-7.110200,0 107.980700,-7.110100,0 107.980800,-7.109900,0 107.980500,-7.109800,0 107.980500,-7.109600,0 107.980800,-7.109700,0 107.980800,-7.109500,0 107.981200,-7.109400,0 107.981400,-7.109500,0</coordinates></LinearRing></outerBoundaryIs></Polygon><Polygon><tessellate>1</tessellate><outerBoundaryIs><LinearRing><coordinates>107.990900,-7.109600,0 107.991000,-7.109700,0 107.991100,-7.109500,0 107.991300,-7.109600,0 107.991300,-7.109800,0 107.991600,-7.110000,0 107.991500,-7.110400,0 107.990600,-7.110100,0 107.990900,-7.109300,0 107.990900,-7.109600,0</coordinates></LinearRing></outerBoundaryIs></Polygon><Polygon><tessellate>1</tessellate><outerBoundaryIs><LinearRing><coordinates>107.994000,-7.109500,0 107.994000,-7.109600,0 107.994200,-7.109700,0 107.994300,-7.109600,0 107.994600,-7.109700,0 107.994700,-7.109900,0 107.994600,-7.109900,0 107.994300,-7.110300,0 107.994300,-7.110400,0 107.994100,-7.110400,0 107.994100,-7.110300,0 107.993600,-7.110300,0 107.993600,-7.110100,0 107.993400,-7.110000,0 107.993400,-7.109900,0 107.993500,-7.109900,0 107.993500,-7.109500,0 107.993700,-7.109500,0 107.993800,-7.109400,0 107.993600,-7.109300,0 107.993700,-7.109200,0 107.993900,-7.109200,0 107.994000,-7.109300,0 107.994000,-7.109500,0</coordinates></LinearRing></outerBoundaryIs></Polygon><Polygon><tessellate>1</tessellate><outerBoundaryIs><LinearRing><coordinates>107.995100,-7.108600,0 107.995500,-7.108900,0 107.995700,-7.108800,0 107.996100,-7.109100,0 107.996000,-7.109200,0 107.996000,-7.109400,0 107.995800,-7.109600,0 107.995800,-7.109700,0 107.995600,-7.109800,0 107.995600,-7.109900,0 107.995400,-7.109800,0 107.995400,-7.109900,0 107.995200,-7.109900,0 107.995200,-7.109500,0 107.995000,-7.108900,0 107.995000,-7.108800,0 107.995100,-7.108800,0 107.995000,-7.108700,0 107.995000,-7.108500,0 107.995100,-7.108600,0</coordinates></LinearRing></outerBoundaryIs></Polygon><Polygon><tessellate>1</tessellate><outerBoundaryIs><LinearRing><coordinates>107.990800,-7.108100,0 107.990800,-7.108200,0 107.990700,-7.108200,0 107.990800,-7.108400,0 107.990700,-7.108600,0 107.990600,-7.108500,0 107.990600,-7.108800,0 107.990500,-7.109000,0 107.990200,-7.108800,0 107.990300,-7.108400,0 107.990500,-7.107900,0 107.990800,-7.108000,0 107.990700,-7.108100,0 107.990800,-7.108100,0</coordinates></LinearRing></outerBoundaryIs></Polygon><Polygon><tessellate>1</tessellate><outerBoundaryIs><LinearRing><coordinates>107.994700,-7.108700,0 107.994800,-7.108800,0 107.994900,-7.108700,0 107.995000,-7.108800,0 107.995100,-7.109100,0 107.995100,-7.109600,0 107.994900,-7.109700,0 107.994700,-7.109700,0 107.994700,-7.109500,0 107.994600,-7.109500,0 107.994600,-7.109400,0 107.994700,-7.109400,0 107.994700,-7.108900,0 107.994600,-7.108900,0 107.994600,-7.108700,0 107.994500,-7.108700,0 107.994400,-7.109000,0 107.994300,-7.109000,0 107.994200,-7.108800,0 107.994200,-7.108500,0 107.994100,-7.108400,0 107.994000,-7.107800,0 107.994700,-7.108400,0 107.994800,-7.108400,0 107.994800,-7.108600,0 107.994700,-7.108700,0</coordinates></LinearRing></outerBoundaryIs></Polygon><Polygon><tessellate>1</tessellate><outerBoundaryIs><LinearRing><coordinates>107.991200,-7.107700,0 107.991600,-7.107700,0 107.991500,-7.108000,0 107.991200,-7.108100,0 107.991000,-7.107900,0 107.991100,-7.107600,0 107.991200,-7.107700,0</coordinates></LinearRing></outerBoundaryIs></Polygon><Polygon><tessellate>1</tessellate><outerBoundaryIs><LinearRing><coordinates>107.966900,-7.108200,0 107.967000,-7.108500,0 107.967100,-7.108500,0 107.967300,-7.108700,0 107.967300,-7.108900,0 107.967600,-7.108900,0 107.967700,-7.109200,0 107.968100,-7.109200,0 107.968200,-7.109100,0 107.968800,-7.109000,0 107.968900,-7.108900,0 107.968900,-7.109000,0 107.969100,-7.109000,0 107.969200,-7.109100,0 107.969400,-7.109100,0 107.969500,-7.108900,0 107.970000,-7.108900,0 107.970000,-7.109200,0 107.970200,-7.109300,0 107.970700,-7.109300,0 107.971000,-7.109600,0 107.971100,-7.109600,0 107.971500,-7.110100,0 107.971800,-7.110100,0 107.971900,-7.109900,0 107.972200,-7.109900,0 107.972100,-7.110100,0 107.972000,-7.110100,0 107.972000,-7.110300,0 107.971900,-7.110300,0 107.971900,-7.110400,0 107.972300,-7.110600,0 107.972800,-7.110600,0 107.972800,-7.110400,0 107.973000,-7.110300,0 107.973100,-7.110000,0 107.973300,-7.110100,0 107.973600,-7.110400,0 107.973600,-7.110500,0 107.973900,-7.110900,0 107.974000,-7.111300,0 107.974100,-7.111300,0 107.974200,-7.111500,0 107.974300,-7.111500,0 107.974300,-7.111700,0 107.974200,-7.111600,0 107.973800,-7.111600,0 107.973800,-7.111500,0 107.973500,-7.111500,0 107.973500,-7.111400,0 107.973600,-7.111400,0 107.973400,-7.111100,0 107.973100,-7.111100,0 107.973100,-7.111200,0 107.972900,-7.111200,0 107.972900,-7.111400,0 107.972800,-7.111500,0 107.972600,-7.111400,0 107.972300,-7.111400,0 107.972200,-7.111300,0 107.971900,-7.111300,0 107.971700,-7.111200,0 107.971400,-7.110600,0 107.970900,-7.110500,0 107.970600,-7.110300,0 107.970400,-7.110400,0 107.970400,-7.110600,0 107.970300,-7.110600,0 107.970300,-7.110700,0 107.970500,-7.110700,0 107.970500,-7.110500,0 107.970700,-7.110400,0 107.971000,-7.110600,0 107.971300,-7.110600,0 107.971300,-7.110700,0 107.971500,-7.110800,0 107.971600,-7.111200,0 107.971400,-7.111300,0 107.971400,-7.111400,0 107.971100,-7.111400,0 107.971000,-7.111600,0 107.971100,-7.111700,0 107.971100,-7.111900,0 107.971300,-7.112000,0 107.971600,-7.112000,0 107.971500,-7.112200,0 107.971600,-7.112400,0 107.971900,-7.112400,0 107.971900,-7.112000,0 107.972000,-7.111900,0 107.972000,-7.111700,0 107.971900,-7.111700,0 107.971900,-7.111400,0 107.972400,-7.111400,0 107.972900,-7.111800,0 107.973100,-7.111800,0 107.973100,-7.111700,0 107.973200,-7.111700,0 107.973200,-7.111800,0 107.973300,-7.111700,0 107.973300,-7.111500,0 107.973600,-7.111500,0 107.974000,-7.111700,0 107.974400,-7.111700,0 107.974500,-7.111800,0 107.974700,-7.111800,0 107.974700,-7.111900,0 107.975200,-7.111900,0 107.975600,-7.111700,0 107.975800,-7.111700,0 107.976000,-7.111900,0 107.976100,-7.112500,0 107.976200,-7.112500,0 107.976200,-7.113200,0 107.976300,-7.113200,0 107.976300,-7.113500,0 107.976200,-7.113600,0 107.976400,-7.113700,0 107.976400,-7.113500,0 107.976700,-7.113500,0 107.976800,-7.113700,0 107.977000,-7.113700,0 107.977100,-7.113900,0 107.977200,-7.113900,0 107.977400,-7.114100,0 107.977500,-7.114300,0 107.977700,-7.114300,0 107.977700,-7.114400,0 107.977500,-7.114500,0 107.977500,-7.114600,0 107.977300,-7.114600,0 107.977200,-7.114400,0 107.976900,-7.114400,0 107.976600,-7.115000,0 107.976600,-7.115300,0 107.976500,-7.115300,0 107.976500,-7.115200,0 107.976300,-7.115100,0 107.976000,-7.114700,0 107.976100,-7.114100,0 107.976000,-7.114000,0 107.975500,-7.114000,0 107.975500,-7.114100,0 107.975300,-7.114000,0 107.975300,-7.113400,0 107.975200,-7.113200,0 107.975500,-7.112800,0 107.975500,-7.112600,0 107.975400,-7.112600,0 107.975400,-7.112700,0 107.975200,-7.112700,0 107.975200,-7.112800,0 107.975000,-7.112700,0 107.975000,-7.112800,0 107.974800,-7.112900,0 107.974500,-7.112900,0 107.974500,-7.113000,0 107.974000,-7.113000,0 107.974000,-7.112900,0 107.973600,-7.112800,0 107.973300,-7.112500,0 107.973200,-7.112500,0 107.973200,-7.112900,0 107.972400,-7.112900,0 107.972300,-7.112700,0 107.971800,-7.112700,0 107.971800,-7.112800,0 107.971400,-7.112900,0 107.971400,-7.112700,0 107.971200,-7.112700,0 107.971100,-7.112500,0 107.971000,-7.112500,0 107.970900,-7.112300,0 107.970800,-7.112400,0 107.970600,-7.112100,0 107.970500,-7.112100,0 107.970500,-7.112300,0 107.970300,-7.112300,0 107.970100,-7.112100,0 107.970000,-7.112100,0 107.970000,-7.112000,0 107.969600,-7.112000,0 107.969600,-7.112200,0 107.969300,-7.112200,0 107.969200,-7.112000,0 107.969100,-7.112000,0 107.969100,-7.111900,0 107.968800,-7.111900,0 107.968900,-7.111600,0 107.968900,-7.111200,0 107.969100,-7.111000,0 107.969200,-7.111000,0 107.969300,-7.111200,0 107.969500,-7.111100,0 107.969700,-7.111200,0 107.969700,-7.111100,0 107.970000,-7.110800,0 107.970200,-7.110400,0 107.969900,-7.109800,0 107.969600,-7.109800,0 107.969400,-7.109700,0 107.969800,-7.109700,0 107.970000,-7.109800,0 107.970200,-7.110200,0 107.970400,-7.110300,0 107.970500,-7.110300,0 107.970500,-7.110200,0 107.970300,-7.110200,0 107.970200,-7.110000,0 107.970100,-7.110000,0 107.969900,-7.109800,0 107.969900,-7.109700,0 107.969400,-7.109700,0 107.969400,-7.109600,0 107.969100,-7.109500,0 107.969100,-7.109400,0 107.969000,-7.109400,0 107.969000,-7.109500,0 107.968200,-7.109500,0 107.968100,-7.109600,0 107.967700,-7.109500,0 107.967700,-7.109600,0 107.967500,-7.109700,0 107.967200,-7.109700,0 107.967100,-7.109300,0 107.966900,-7.109200,0 107.966800,-7.108800,0 107.966900,-7.108700,0 107.966800,-7.108500,0 107.966500,-7.108200,0 107.966400,-7.108300,0 107.966200,-7.108300,0 107.966100,-7.108200,0 107.966100,-7.107900,0 107.966300,-7.107900,0 107.966300,-7.107300,0 107.966400,-7.107300,0 107.966400,-7.107500,0 107.966500,-7.107500,0 107.966500,-7.107700,0 107.966600,-7.107700,0 107.966700,-7.108100,0 107.966900,-7.108200,0</coordinates></LinearRing></outerBoundaryIs></Polygon><Polygon><tessellate>1</tessellate><outerBoundaryIs><LinearRing><coordinates>107.993800,-7.106700,0 107.994200,-7.106800,0 107.994300,-7.107000,0 107.994300,-7.107300,0 107.994100,-7.107400,0 107.994100,-7.107500,0 107.994000,-7.107500,0 107.994000,-7.107400,0 107.993700,-7.107400,0 107.993500,-7.107300,0 107.993500,-7.107200,0 107.993300,-7.107100,0 107.993200,-7.106900,0 107.993300,-7.106500,0 107.993800,-7.106700,0</coordinates></LinearRing></outerBoundaryIs></Polygon><Polygon><tessellate>1</tessellate><outerBoundaryIs><LinearRing><coordinates>107.966500,-7.107100,0 107.966400,-7.107200,0 107.966200,-7.107100,0 107.966300,-7.106400,0 107.966500,-7.106400,0 107.966600,-7.106500,0 107.966600,-7.107000,0 107.966500,-7.107100,0</coordinates></LinearRing></outerBoundaryIs></Polygon><Polygon><tessellate>1</tessellate><outerBoundaryIs><LinearRing><coordinates>107.969500,-7.106200,0 107.969800,-7.106500,0 107.969800,-7.106600,0 107.970200,-7.106700,0 107.970200,-7.106800,0 107.970000,-7.106800,0 107.969900,-7.107000,0 107.969800,-7.107000,0 107.969800,-7.107300,0 107.969600,-7.107400,0 107.968600,-7.107100,0 107.968600,-7.107000,0 107.968800,-7.106900,0 107.968800,-7.106200,0 107.968900,-7.106100,0 107.969300,-7.106300,0 107.969400,-7.106100,0 107.969500,-7.106100,0 107.969500,-7.106200,0</coordinates></LinearRing></outerBoundaryIs></Polygon><Polygon><tessellate>1</tessellate><outerBoundaryIs><LinearRing><coordinates>107.988600,-7.106000,0 107.988700,-7.105900,0 107.989000,-7.105900,0 107.988900,-7.106300,0 107.989200,-7.106300,0 107.989200,-7.105900,0 107.989300,-7.105900,0 107.990000,-7.106300,0 107.989900,-7.106500,0 107.989400,-7.106400,0 107.989500,-7.107000,0 107.989400,-7.107000,0 107.989500,-7.107200,0 107.989300,-7.107300,0 107.988900,-7.107300,0 107.988600,-7.107200,0 107.988500,-7.106800,0 107.988100,-7.106600,0 107.988100,-7.106500,0 107.988300,-7.106500,0 107.988400,-7.106300,0 107.988600,-7.106300,0 107.988400,-7.106200,0 107.988400,-7.105800,0 107.988600,-7.105800,0 107.988600,-7.106000,0</coordinates></LinearRing></outerBoundaryIs></Polygon><Polygon><tessellate>1</tessellate><outerBoundaryIs><LinearRing><coordinates>107.967300,-7.105800,0 107.967000,-7.105800,0 107.966900,-7.105600,0 107.967000,-7.105600,0 107.967000,-7.105500,0 107.967300,-7.105500,0 107.967400,-7.105600,0 107.967400,-7.105800,0 107.967300,-7.105800,0</coordinates></LinearRing></outerBoundaryIs></Polygon><Polygon><tessellate>1</tessellate><outerBoundaryIs><LinearRing><coordinates>107.966200,-7.105900,0 107.966000,-7.105900,0 107.966000,-7.106200,0 107.965500,-7.106000,0 107.965600,-7.105400,0 107.966000,-7.105600,0 107.966000,-7.105700,0 107.965900,-7.105700,0 107.966100,-7.105800,0 107.966100,-7.105900,0 107.966200,-7.105900,0</coordinates></LinearRing></outerBoundaryIs></Polygon><Polygon><tessellate>1</tessellate><outerBoundaryIs><LinearRing><coordinates>107.988800,-7.105700,0 107.988700,-7.105800,0 107.988500,-7.105800,0 107.988500,-7.105400,0 107.988700,-7.105400,0 107.988900,-7.105600,0 107.988800,-7.105700,0</coordinates></LinearRing></outerBoundaryIs></Polygon><Polygon><tessellate>1</tessellate><outerBoundaryIs><LinearRing><coordinates>107.975300,-7.105000,0 107.975300,-7.105400,0 107.975800,-7.105600,0 107.975800,-7.105700,0 107.976000,-7.105700,0 107.976000,-7.105800,0 107.976200,-7.105900,0 107.976300,-7.105800,0 107.976400,-7.105400,0 107.976700,-7.105400,0 107.976800,-7.105500,0 107.976900,-7.105300,0 107.977400,-7.105100,0 107.977800,-7.105300,0 107.977800,-7.105400,0 107.977700,-7.105400,0 107.977800,-7.105700,0 107.977500,-7.105700,0 107.977500,-7.106000,0 107.977200,-7.105800,0 107.977000,-7.105900,0 107.977200,-7.106300,0 107.977400,-7.106400,0 107.977400,-7.106700,0 107.977500,-7.106700,0 107.977500,-7.106800,0 107.977700,-7.106900,0 107.977800,-7.107100,0 107.977700,-7.107500,0 107.977400,-7.107500,0 107.977200,-7.107100,0 107.976700,-7.107100,0 107.976700,-7.107200,0 107.976500,-7.107200,0 107.976400,-7.107100,0 107.976400,-7.107200,0 107.976300,-7.107200,0 107.976300,-7.107500,0 107.975900,-7.107600,0 107.975900,-7.108000,0 107.976100,-7.108000,0 107.976200,-7.108100,0 107.976300,-7.108100,0 107.976300,-7.108000,0 107.976500,-7.108000,0 107.976400,-7.108500,0 107.976300,-7.108500,0 107.976300,-7.108700,0 107.976000,-7.109300,0 107.976000,-7.110200,0 107.975900,-7.110200,0 107.975900,-7.110400,0 107.976100,-7.110500,0 107.976100,-7.110700,0 107.976000,-7.110700,0 107.975900,-7.111100,0 107.976100,-7.111500,0 107.976000,-7.111500,0 107.975900,-7.111200,0 107.975900,-7.110400,0 107.975700,-7.110400,0 107.975500,-7.110200,0 107.975400,-7.110200,0 107.975400,-7.110100,0 107.975300,-7.110100,0 107.975400,-7.110100,0 107.975400,-7.109900,0 107.975200,-7.109800,0 107.975200,-7.109700,0 107.974600,-7.109700,0 107.974200,-7.109600,0 107.974100,-7.109500,0 107.973800,-7.109500,0 107.973800,-7.109600,0 107.973700,-7.109600,0 107.973800,-7.110100,0 107.973700,-7.110100,0 107.973600,-7.110300,0 107.973500,-7.110300,0 107.973500,-7.110200,0 107.973300,-7.110000,0 107.973100,-7.110000,0 107.973000,-7.109900,0 107.972700,-7.109300,0 107.972500,-7.109100,0 107.972600,-7.109100,0 107.972200,-7.108600,0 107.971200,-7.108300,0 107.970900,-7.108100,0 107.970700,-7.108100,0 107.969900,-7.107700,0 107.970000,-7.107400,0 107.970100,-7.107400,0 107.970400,-7.107600,0 107.970700,-7.107600,0 107.970700,-7.107700,0 107.970800,-7.107700,0 107.970800,-7.107800,0 107.971000,-7.107900,0 107.971200,-7.107800,0 107.971400,-7.107200,0 107.971600,-7.107100,0 107.972500,-7.107900,0 107.973500,-7.107900,0 107.973800,-7.108300,0 107.974000,-7.108400,0 107.974800,-7.108300,0 107.974900,-7.108200,0 107.975300,-7.108100,0 107.975300,-7.108000,0 107.975200,-7.108000,0 107.975200,-7.107700,0 107.975100,-7.107700,0 107.975100,-7.107500,0 107.975200,-7.107400,0 107.975100,-7.106800,0 107.975100,-7.107100,0 107.975200,-7.107100,0 107.975200,-7.107300,0 107.975100,-7.107400,0 107.975200,-7.108100,0 107.975000,-7.108100,0 107.974800,-7.107700,0 107.974600,-7.107700,0 107.974600,-7.107600,0 107.974500,-7.107600,0 107.974500,-7.107100,0 107.974600,-7.107100,0 107.974500,-7.107000,0 107.974500,-7.106800,0 107.974200,-7.106500,0 107.973900,-7.106400,0 107.973700,-7.106200,0 107.973700,-7.105700,0 107.973900,-7.105700,0 107.974000,-7.105600,0 107.974100,-7.105600,0 107.974100,-7.105700,0 107.974400,-7.105700,0 107.974400,-7.105600,0 107.974600,-7.105600,0 107.974600,-7.106200,0 107.974500,-7.106400,0 107.974900,-7.106800,0 107.975000,-7.106800,0 107.974600,-7.106500,0 107.974600,-7.106100,0 107.974700,-7.106000,0 107.974700,-7.105100,0 107.974900,-7.105000,0 107.975300,-7.105000,0</coordinates></LinearRing></outerBoundaryIs></Polygon><Polygon><tessellate>1</tessellate><outerBoundaryIs><LinearRing><coordinates>107.966300,-7.105900,0 107.966100,-7.105700,0 107.966100,-7.105600,0 107.965800,-7.105500,0 107.965800,-7.105400,0 107.965600,-7.105300,0 107.965600,-7.105000,0 107.965700,-7.104900,0 107.965900,-7.104900,0 107.965900,-7.105000,0 107.966100,-7.105100,0 107.966100,-7.105300,0 107.966300,-7.105500,0 107.966300,-7.105900,0</coordinates></LinearRing></outerBoundaryIs></Polygon><Polygon><tessellate>1</tessellate><outerBoundaryIs><LinearRing><coordinates>107.977800,-7.104900,0 107.977900,-7.105300,0 107.977500,-7.105100,0 107.977500,-7.104900,0 107.977800,-7.104900,0</coordinates></LinearRing></outerBoundaryIs></Polygon><Polygon><tessellate>1</tessellate><outerBoundaryIs><LinearRing><coordinates>107.967200,-7.105500,0 107.966700,-7.105500,0 107.966600,-7.105800,0 107.966700,-7.106000,0 107.966500,-7.106100,0 107.966400,-7.106000,0 107.966400,-7.105500,0 107.966200,-7.105400,0 107.966100,-7.105000,0 107.965900,-7.105000,0 107.965900,-7.104800,0 107.966000,-7.104800,0 107.966300,-7.105100,0 107.966300,-7.105200,0 107.966800,-7.105400,0 107.967200,-7.105400,0 107.967200,-7.105500,0</coordinates></LinearRing></outerBoundaryIs></Polygon><Polygon><tessellate>1</tessellate><outerBoundaryIs><LinearRing><coordinates>107.978600,-7.104900,0 107.978200,-7.105000,0 107.978000,-7.104900,0 107.978100,-7.104700,0 107.978600,-7.104700,0 107.978600,-7.104900,0</coordinates></LinearRing></outerBoundaryIs></Polygon><Polygon><tessellate>1</tessellate><outerBoundaryIs><LinearRing><coordinates>107.994200,-7.104600,0 107.994300,-7.104600,0 107.994300,-7.104500,0 107.994500,-7.104500,0 107.994500,-7.104600,0 107.994600,-7.104600,0 107.994700,-7.104800,0 107.994900,-7.104900,0 107.994900,-7.105100,0 107.995000,-7.105100,0 107.995000,-7.105200,0 107.995000,-7.105100,0 107.995200,-7.105100,0 107.995200,-7.105000,0 107.995500,-7.105100,0 107.995600,-7.105300,0 107.995700,-7.105300,0 107.995700,-7.105600,0 107.995900,-7.105700,0 107.996200,-7.105700,0 107.996200,-7.105900,0 107.996100,-7.105900,0 107.996100,-7.106000,0 107.995600,-7.106000,0 107.995400,-7.105900,0 107.995400,-7.105800,0 107.995100,-7.105800,0 107.994900,-7.105700,0 107.994800,-7.105600,0 107.994800,-7.105400,0 107.994700,-7.105400,0 107.994400,-7.104900,0 107.993800,-7.104600,0 107.993900,-7.104400,0 107.994100,-7.104500,0 107.994100,-7.104600,0 107.994200,-7.104600,0</coordinates></LinearRing></outerBoundaryIs></Polygon><Polygon><tessellate>1</tessellate><outerBoundaryIs><LinearRing><coordinates>107.974600,-7.104200,0 107.974800,-7.104200,0 107.974800,-7.104300,0 107.974900,-7.104300,0 107.974900,-7.104500,0 107.975000,-7.104500,0 107.975000,-7.104800,0 107.974900,-7.104800,0 107.974500,-7.104400,0 107.974400,-7.104400,0 107.974300,-7.104000,0 107.974400,-7.104000,0 107.974600,-7.104200,0</coordinates></LinearRing></outerBoundaryIs></Polygon><Polygon><tessellate>1</tessellate><outerBoundaryIs><LinearRing><coordinates>107.966800,-7.105100,0 107.966900,-7.105100,0 107.966900,-7.105000,0 107.967000,-7.105200,0 107.967100,-7.105200,0 107.967100,-7.105100,0 107.967000,-7.105100,0 107.967000,-7.104900,0 107.967100,-7.104900,0 107.967300,-7.104700,0 107.967400,-7.104900,0 107.967800,-7.104900,0 107.968000,-7.104800,0 107.968200,-7.104900,0 107.967700,-7.105200,0 107.967200,-7.105200,0 107.967200,-7.105300,0 107.967000,-7.105300,0 107.966600,-7.105100,0 107.966100,-7.104700,0 107.966100,-7.104600,0 107.966200,-7.104600,0 107.966100,-7.104400,0 107.966400,-7.104000,0 107.966400,-7.103900,0 107.966600,-7.103900,0 107.966700,-7.104100,0 107.966800,-7.104100,0 107.966800,-7.104600,0 107.966700,-7.104600,0 107.966600,-7.104800,0 107.966700,-7.104900,0 107.966700,-7.105100,0 107.966800,-7.105100,0</coordinates></LinearRing></outerBoundaryIs></Polygon><Polygon><tessellate>1</tessellate><outerBoundaryIs><LinearRing><coordinates>107.979300,-7.104000,0 107.979300,-7.104300,0 107.979100,-7.104900,0 107.978800,-7.104700,0 107.978600,-7.104700,0 107.978600,-7.104400,0 107.978700,-7.104400,0 107.978700,-7.104000,0 107.978800,-7.104000,0 107.978800,-7.103900,0 107.979200,-7.103900,0 107.979200,-7.104000,0 107.979300,-7.104000,0</coordinates></LinearRing></outerBoundaryIs></Polygon><Polygon><tessellate>1</tessellate><outerBoundaryIs><LinearRing><coordinates>107.985700,-7.104700,0 107.985700,-7.104800,0 107.986400,-7.104800,0 107.986500,-7.104600,0 107.986500,-7.104700,0 107.986800,-7.104700,0 107.986800,-7.104900,0 107.986400,-7.105000,0 107.986300,-7.104900,0 107.986100,-7.104900,0 107.986100,-7.105300,0 107.986300,-7.105300,0 107.986300,-7.105200,0 107.986400,-7.105300,0 107.986400,-7.105500,0 107.986500,-7.105500,0 107.986400,-7.105700,0 107.986700,-7.105800,0 107.987000,-7.105400,0 107.987100,-7.105400,0 107.987100,-7.105600,0 107.987300,-7.105600,0 107.987300,-7.105500,0 107.987500,-7.105600,0 107.987600,-7.106000,0 107.986600,-7.105900,0 107.986600,-7.106400,0 107.986500,-7.106700,0 107.986700,-7.106700,0 107.986700,-7.106400,0 107.987100,-7.106500,0 107.987200,-7.106100,0 107.987300,-7.106100,0 107.987300,-7.106300,0 107.987500,-7.106200,0 107.987600,-7.106200,0 107.987600,-7.106400,0 107.987800,-7.106300,0 107.988100,-7.106900,0 107.988000,-7.106900,0 107.988000,-7.107300,0 107.987900,-7.107300,0 107.987800,-7.107500,0 107.987500,-7.107500,0 107.986600,-7.108600,0 107.986300,-7.109400,0 107.986200,-7.109400,0 107.986200,-7.109600,0 107.985800,-7.109700,0 107.984600,-7.109700,0 107.984500,-7.109600,0 107.984400,-7.109700,0 107.984000,-7.109400,0 107.983700,-7.109400,0 107.983500,-7.109800,0 107.982500,-7.109800,0 107.982400,-7.109700,0 107.981900,-7.109700,0 107.981400,-7.109400,0 107.981100,-7.109400,0 107.981200,-7.109200,0 107.981700,-7.109200,0 107.981700,-7.109100,0 107.981800,-7.109100,0 107.981800,-7.108900,0 107.981600,-7.108900,0 107.981600,-7.108800,0 107.981500,-7.108800,0 107.981600,-7.108800,0 107.981600,-7.108600,0 107.981500,-7.108500,0 107.981600,-7.108300,0 107.981500,-7.108100,0 107.981400,-7.108200,0 107.981400,-7.108400,0 107.981100,-7.108300,0 107.981100,-7.108400,0 107.981200,-7.108400,0 107.981200,-7.108900,0 107.981300,-7.109000,0 107.981200,-7.109200,0 107.981000,-7.109000,0 107.980800,-7.109100,0 107.980800,-7.109000,0 107.980600,-7.108800,0 107.980600,-7.108500,0 107.980500,-7.108400,0 107.980500,-7.108500,0 107.980500,-7.108400,0 107.980300,-7.108400,0 107.980300,-7.108500,0 107.980200,-7.108500,0 107.980300,-7.108300,0 107.980000,-7.107900,0 107.979900,-7.108200,0 107.979600,-7.108100,0 107.979300,-7.107700,0 107.979200,-7.107700,0 107.979200,-7.107600,0 107.979100,-7.107600,0 107.979100,-7.107400,0 107.979200,-7.107400,0 107.979200,-7.107300,0 107.978700,-7.107300,0 107.978600,-7.107400,0 107.978400,-7.107400,0 107.978600,-7.106900,0 107.978900,-7.106600,0 107.979200,-7.106600,0 107.979200,-7.106300,0 107.979400,-7.106400,0 107.979400,-7.106600,0 107.979600,-7.106600,0 107.979600,-7.106500,0 107.980000,-7.106600,0 107.980000,-7.106400,0 107.980100,-7.106400,0 107.980100,-7.106100,0 107.979900,-7.106000,0 107.979900,-7.105900,0 107.979800,-7.105900,0 107.979800,-7.105500,0 107.979700,-7.105400,0 107.979700,-7.105300,0 107.979800,-7.105300,0 107.979800,-7.105100,0 107.979600,-7.105100,0 107.979600,-7.104900,0 107.980100,-7.104900,0 107.980100,-7.105000,0 107.980200,-7.105000,0 107.980200,-7.105100,0 107.980100,-7.105100,0 107.980100,-7.105500,0 107.980200,-7.105500,0 107.980200,-7.105600,0 107.980400,-7.105600,0 107.980400,-7.105800,0 107.981200,-7.105800,0 107.981300,-7.106400,0 107.981500,-7.106400,0 107.981600,-7.106500,0 107.981700,-7.106500,0 107.981700,-7.106400,0 107.982000,-7.106400,0 107.982300,-7.106000,0 107.982300,-7.105600,0 107.982400,-7.105600,0 107.982500,-7.105400,0 107.982700,-7.105400,0 107.982800,-7.105300,0 107.982900,-7.105000,0 107.982900,-7.104800,0 107.982700,-7.104600,0 107.982700,-7.104500,0 107.982600,-7.104400,0 107.982300,-7.104400,0 107.982300,-7.104300,0 107.982200,-7.104300,0 107.982000,-7.104100,0 107.982000,-7.104000,0 107.982200,-7.104100,0 107.982600,-7.104100,0 107.982700,-7.104300,0 107.983100,-7.104300,0 107.983200,-7.104200,0 107.983400,-7.104200,0 107.983400,-7.104400,0 107.983500,-7.104500,0 107.983500,-7.104600,0 107.983400,-7.104600,0 107.983400,-7.105200,0 107.983500,-7.105200,0 107.983600,-7.104800,0 107.983900,-7.104400,0 107.984300,-7.104500,0 107.984200,-7.104700,0 107.984300,-7.104700,0 107.984300,-7.104800,0 107.984400,-7.104800,0 107.984400,-7.104700,0 107.984900,-7.104700,0 107.985300,-7.103900,0 107.985500,-7.103900,0 107.985600,-7.104000,0 107.985600,-7.104300,0 107.985800,-7.104500,0 107.985700,-7.104700,0</coordinates></LinearRing></outerBoundaryIs><innerBoundaryIs><LinearRing><coordinates>107.982700,-7.108900,0 107.983100,-7.109000,0 107.983100,-7.108800,0 107.982700,-7.108800,0 107.982700,-7.108900,0</coordinates></LinearRing></innerBoundaryIs></Polygon><Polygon><tessellate>1</tessellate><outerBoundaryIs><LinearRing><coordinates>107.989500,-7.104500,0 107.989500,-7.105100,0 107.989600,-7.105100,0 107.989600,-7.104600,0 107.990100,-7.104600,0 107.990100,-7.104400,0 107.990300,-7.104400,0 107.990300,-7.104800,0 107.990200,-7.104800,0 107.990300,-7.104800,0 107.990300,-7.105400,0 107.990400,-7.105600,0 107.990500,-7.105600,0 107.990500,-7.105500,0 107.990900,-7.105500,0 107.990900,-7.105600,0 107.991400,-7.105600,0 107.991500,-7.106000,0 107.991700,-7.105900,0 107.991700,-7.105600,0 107.991800,-7.105600,0 107.991900,-7.105400,0 107.992300,-7.105500,0 107.992400,-7.105700,0 107.992300,-7.105800,0 107.992100,-7.105800,0 107.992200,-7.106300,0 107.992600,-7.106600,0 107.992800,-7.106600,0 107.992800,-7.107100,0 107.991900,-7.106700,0 107.991600,-7.106400,0 107.991600,-7.106200,0 107.991400,-7.106000,0 107.991200,-7.106100,0 107.991200,-7.106200,0 107.990800,-7.106100,0 107.990600,-7.106100,0 107.990600,-7.106200,0 107.990100,-7.106200,0 107.989600,-7.106000,0 107.989000,-7.105500,0 107.988900,-7.105200,0 107.988500,-7.104600,0 107.988600,-7.104600,0 107.988600,-7.104400,0 107.988700,-7.104600,0 107.988900,-7.104600,0 107.989300,-7.104400,0 107.989200,-7.104200,0 107.989100,-7.104200,0 107.989100,-7.103900,0 107.989000,-7.103700,0 107.989400,-7.103700,0 107.989400,-7.104400,0 107.989500,-7.104500,0</coordinates></LinearRing></outerBoundaryIs></Polygon><Polygon><tessellate>1</tessellate><outerBoundaryIs><LinearRing><coordinates>107.967500,-7.103600,0 107.967500,-7.104000,0 107.967400,-7.104000,0 107.967500,-7.104100,0 107.967500,-7.104000,0 107.967700,-7.104000,0 107.967700,-7.103600,0 107.967900,-7.103500,0 107.967900,-7.104000,0 107.968000,-7.104200,0 107.967800,-7.104400,0 107.967800,-7.104500,0 107.967600,-7.104600,0 107.967400,-7.104500,0 107.967400,-7.104300,0 107.967200,-7.104200,0 107.967100,-7.104300,0 107.967200,-7.104100,0 107.967200,-7.103600,0 107.967100,-7.103600,0 107.967100,-7.103700,0 107.966900,-7.103700,0 107.966800,-7.103400,0 107.967000,-7.103300,0 107.967300,-7.103300,0 107.967300,-7.103400,0 107.967400,-7.103400,0 107.967500,-7.103600,0</coordinates></LinearRing></outerBoundaryIs></Polygon><Polygon><tessellate>1</tessellate><outerBoundaryIs><LinearRing><coordinates>107.992800,-7.103200,0 107.993200,-7.103200,0 107.993300,-7.103300,0 107.993300,-7.103500,0 107.993400,-7.103500,0 107.993300,-7.103900,0 107.993400,-7.104000,0 107.993400,-7.104200,0 107.993500,-7.104300,0 107.993600,-7.104200,0 107.993700,-7.104600,0 107.993400,-7.104600,0 107.993200,-7.104400,0 107.993000,-7.104400,0 107.992900,-7.104100,0 107.992800,-7.104100,0 107.992800,-7.104000,0 107.992900,-7.104000,0 107.992900,-7.103800,0 107.992800,-7.103800,0 107.992600,-7.103400,0 107.992400,-7.103400,0 107.992500,-7.103100,0 107.992800,-7.103200,0</coordinates></LinearRing></outerBoundaryIs></Polygon><Polygon><tessellate>1</tessellate><outerBoundaryIs><LinearRing><coordinates>107.974100,-7.103600,0 107.974300,-7.103600,0 107.974300,-7.103800,0 107.974200,-7.103800,0 107.974200,-7.103900,0 107.974000,-7.103900,0 107.974000,-7.104000,0 107.973600,-7.104000,0 107.973400,-7.104400,0 107.973100,-7.104300,0 107.972800,-7.104700,0 107.972600,-7.104700,0 107.972500,-7.104800,0 107.972600,-7.104800,0 107.972600,-7.104900,0 107.972800,-7.104900,0 107.972800,-7.105000,0 107.972900,-7.105000,0 107.972900,-7.104900,0 107.973100,-7.104900,0 107.973100,-7.105100,0 107.972900,-7.105200,0 107.972800,-7.105100,0 107.971800,-7.105100,0 107.971500,-7.105000,0 107.971500,-7.104700,0 107.971300,-7.104700,0 107.971300,-7.104600,0 107.972100,-7.104300,0 107.973000,-7.103500,0 107.973700,-7.103000,0 107.974100,-7.103600,0</coordinates></LinearRing></outerBoundaryIs></Polygon><Polygon><tessellate>1</tessellate><outerBoundaryIs><LinearRing><coordinates>107.984200,-7.102900,0 107.984200,-7.103000,0 107.984100,-7.103000,0 107.984100,-7.103200,0 107.984000,-7.103200,0 107.984000,-7.103400,0 107.983800,-7.103500,0 107.983800,-7.103900,0 107.983900,-7.103900,0 107.983800,-7.104100,0 107.983900,-7.104100,0 107.983900,-7.104300,0 107.983700,-7.104400,0 107.983700,-7.104600,0 107.983500,-7.104600,0 107.983500,-7.104200,0 107.983600,-7.104200,0 107.983600,-7.104000,0 107.983700,-7.103900,0 107.983700,-7.103300,0 107.983900,-7.103200,0 107.983900,-7.103000,0 107.984100,-7.102900,0 107.984100,-7.102800,0 107.984200,-7.102900,0</coordinates></LinearRing></outerBoundaryIs></Polygon><Polygon><tessellate>1</tessellate><outerBoundaryIs><LinearRing><coordinates>107.985400,-7.102900,0 107.985500,-7.103100,0 107.985500,-7.103400,0 107.985600,-7.103500,0 107.985500,-7.103500,0 107.985500,-7.103600,0 107.985600,-7.103600,0 107.985500,-7.103700,0 107.985200,-7.103700,0 107.985200,-7.102900,0 107.985300,-7.102900,0 107.985300,-7.102800,0 107.985400,-7.102800,0 107.985400,-7.102900,0</coordinates></LinearRing></outerBoundaryIs></Polygon><Polygon><tessellate>1</tessellate><outerBoundaryIs><LinearRing><coordinates>107.989800,-7.102900,0 107.990100,-7.102800,0 107.990300,-7.102900,0 107.990300,-7.103000,0 107.990400,-7.103000,0 107.990400,-7.103400,0 107.990500,-7.103400,0 107.990500,-7.103600,0 107.990900,-7.104000,0 107.991000,-7.104000,0 107.991000,-7.104500,0 107.991100,-7.104700,0 107.991300,-7.104800,0 107.991300,-7.105100,0 107.991000,-7.105000,0 107.990600,-7.104600,0 107.990500,-7.104600,0 107.990500,-7.104500,0 107.990400,-7.104500,0 107.990300,-7.104100,0 107.990000,-7.103900,0 107.990100,-7.103600,0 107.989900,-7.103700,0 107.989700,-7.103600,0 107.989800,-7.103100,0 107.989500,-7.103000,0 107.989600,-7.102800,0 107.989800,-7.102900,0</coordinates></LinearRing></outerBoundaryIs></Polygon><Polygon><tessellate>1</tessellate><outerBoundaryIs><LinearRing><coordinates>107.974200,-7.103400,0 107.974200,-7.103500,0 107.973800,-7.102900,0 107.973800,-7.102800,0 107.974200,-7.102600,0 107.974200,-7.102500,0 107.974300,-7.102600,0 107.974200,-7.102800,0 107.974300,-7.103400,0 107.974200,-7.103400,0</coordinates></LinearRing></outerBoundaryIs></Polygon><Polygon><tessellate>1</tessellate><outerBoundaryIs><LinearRing><coordinates>107.993500,-7.103000,0 107.993500,-7.103200,0 107.992900,-7.103200,0 107.992400,-7.103000,0 107.992600,-7.102900,0 107.992600,-7.102700,0 107.992400,-7.102700,0 107.992400,-7.102500,0 107.992300,-7.102500,0 107.992400,-7.102400,0 107.992400,-7.101900,0 107.992500,-7.101900,0 107.992800,-7.102300,0 107.993300,-7.102500,0 107.993600,-7.102500,0 107.993500,-7.103000,0</coordinates></LinearRing></outerBoundaryIs></Polygon><Polygon><tessellate>1</tessellate><outerBoundaryIs><LinearRing><coordinates>107.981600,-7.101600,0 107.981500,-7.101700,0 107.981600,-7.102000,0 107.981400,-7.102000,0 107.981500,-7.102200,0 107.981400,-7.102400,0 107.981500,-7.102400,0 107.981600,-7.102800,0 107.981900,-7.102800,0 107.981900,-7.102700,0 107.982100,-7.102600,0 107.982100,-7.102800,0 107.982300,-7.102800,0 107.982300,-7.102700,0 107.982400,-7.102700,0 107.982500,-7.102500,0 107.982700,-7.102500,0 107.982700,-7.102300,0 107.982800,-7.102300,0 107.982800,-7.102200,0 107.983000,-7.102200,0 107.983000,-7.102300,0 107.983100,-7.102300,0 107.983100,-7.102400,0 107.983000,-7.102400,0 107.983100,-7.102500,0 107.983600,-7.102600,0 107.983600,-7.102700,0 107.983800,-7.102700,0 107.983800,-7.103000,0 107.983700,-7.103200,0 107.983500,-7.103300,0 107.983500,-7.103700,0 107.983200,-7.103700,0 107.983300,-7.103900,0 107.983200,-7.103900,0 107.983200,-7.104000,0 107.983000,-7.104000,0 107.982900,-7.104200,0 107.982700,-7.104200,0 107.982600,-7.104000,0 107.982300,-7.104000,0 107.982100,-7.103900,0 107.982000,-7.103900,0 107.981800,-7.104200,0 107.981500,-7.104100,0 107.981500,-7.104300,0 107.981400,-7.104300,0 107.981300,-7.104500,0 107.981400,-7.104700,0 107.981400,-7.105400,0 107.981100,-7.105300,0 107.981100,-7.105000,0 107.980900,-7.104900,0 107.980900,-7.104800,0 107.980800,-7.104800,0 107.980800,-7.104700,0 107.980700,-7.104700,0 107.980700,-7.104500,0 107.980500,-7.104600,0 107.980100,-7.104600,0 107.980100,-7.104700,0 107.979700,-7.104600,0 107.979800,-7.104800,0 107.979700,-7.104900,0 107.979300,-7.104900,0 107.979400,-7.104700,0 107.979300,-7.104600,0 107.979300,-7.104200,0 107.979400,-7.104000,0 107.979900,-7.104000,0 107.979900,-7.103900,0 107.980000,-7.103900,0 107.980100,-7.104000,0 107.980700,-7.104200,0 107.980700,-7.104300,0 107.980800,-7.104300,0 107.980800,-7.104500,0 107.980800,-7.104400,0 107.981100,-7.104400,0 107.981100,-7.103800,0 107.980900,-7.103900,0 107.981000,-7.103500,0 107.980700,-7.103300,0 107.980400,-7.103300,0 107.980400,-7.103000,0 107.980600,-7.102700,0 107.980600,-7.102500,0 107.980800,-7.102500,0 107.980800,-7.102400,0 107.980900,-7.102400,0 107.981000,-7.102200,0 107.981100,-7.102200,0 107.981000,-7.102000,0 107.980800,-7.102000,0 107.980800,-7.101700,0 107.980900,-7.101700,0 107.980900,-7.101500,0 107.981100,-7.101500,0 107.981200,-7.101600,0 107.981600,-7.101500,0 107.981600,-7.101600,0</coordinates></LinearRing></outerBoundaryIs></Polygon><Polygon><tessellate>1</tessellate><outerBoundaryIs><LinearRing><coordinates>107.989000,-7.102000,0 107.988500,-7.102000,0 107.988500,-7.101600,0 107.988600,-7.101500,0 107.988700,-7.101500,0 107.988700,-7.101600,0 107.988900,-7.101600,0 107.989000,-7.102000,0</coordinates></LinearRing></outerBoundaryIs></Polygon><Polygon><tessellate>1</tessellate><outerBoundaryIs><LinearRing><coordinates>107.973000,-7.101300,0 107.973100,-7.101300,0 107.973100,-7.101500,0 107.973200,-7.101500,0 107.973200,-7.101600,0 107.973400,-7.101800,0 107.973500,-7.101800,0 107.973500,-7.101900,0 107.973700,-7.101900,0 107.973700,-7.102200,0 107.973800,-7.102400,0 107.973700,-7.102400,0 107.973700,-7.102500,0 107.973500,-7.102500,0 107.973500,-7.102600,0 107.973400,-7.102600,0 107.973200,-7.102800,0 107.973200,-7.103000,0 107.973300,-7.103000,0 107.973200,-7.103200,0 107.973000,-7.103200,0 107.972900,-7.103300,0 107.972800,-7.103500,0 107.972700,-7.103500,0 107.972700,-7.103700,0 107.972400,-7.103900,0 107.972400,-7.104000,0 107.971600,-7.104400,0 107.971700,-7.103800,0 107.971600,-7.103800,0 107.971500,-7.103400,0 107.971400,-7.103400,0 107.971400,-7.103200,0 107.971600,-7.103100,0 107.971700,-7.102700,0 107.971200,-7.102500,0 107.971300,-7.102300,0 107.971400,-7.102300,0 107.971400,-7.102200,0 107.971800,-7.102000,0 107.971900,-7.101500,0 107.972100,-7.101200,0 107.972300,-7.101300,0 107.972600,-7.101300,0 107.972600,-7.101200,0 107.973000,-7.101200,0 107.973000,-7.101300,0</coordinates></LinearRing></outerBoundaryIs></Polygon><Polygon><tessellate>1</tessellate><outerBoundaryIs><LinearRing><coordinates>107.974300,-7.101200,0 107.974400,-7.101200,0 107.974400,-7.101300,0 107.974600,-7.101400,0 107.974600,-7.101600,0 107.974500,-7.101700,0 107.974600,-7.101800,0 107.974500,-7.101800,0 107.974500,-7.101900,0 107.974000,-7.102400,0 107.974000,-7.101900,0 107.973900,-7.101800,0 107.973900,-7.101600,0 107.973800,-7.101600,0 107.973800,-7.101300,0 107.973900,-7.101200,0 107.974100,-7.101200,0 107.974000,-7.101000,0 107.974200,-7.101000,0 107.974300,-7.101200,0</coordinates></LinearRing></outerBoundaryIs></Polygon><Polygon><tessellate>1</tessellate><outerBoundaryIs><LinearRing><coordinates>107.990900,-7.099400,0 107.991000,-7.099400,0 107.991000,-7.099600,0 107.991200,-7.099500,0 107.991500,-7.099500,0 107.991500,-7.099400,0 107.992000,-7.099400,0 107.992200,-7.099600,0 107.992300,-7.099600,0 107.992100,-7.100000,0 107.992200,-7.100000,0 107.992000,-7.100300,0 107.992100,-7.100400,0 107.992200,-7.100200,0 107.992300,-7.100300,0 107.992300,-7.100600,0 107.992200,-7.100600,0 107.992000,-7.100800,0 107.992200,-7.100900,0 107.992200,-7.101000,0 107.992300,-7.101000,0 107.992200,-7.101000,0 107.992200,-7.101100,0 107.992000,-7.101100,0 107.992000,-7.101900,0 107.991800,-7.102000,0 107.991900,-7.102200,0 107.991700,-7.102300,0 107.991800,-7.102700,0 107.991900,-7.102700,0 107.992000,-7.102900,0 107.991700,-7.103100,0 107.991800,-7.103300,0 107.992000,-7.103200,0 107.992000,-7.103600,0 107.992200,-7.103700,0 107.992300,-7.103900,0 107.992500,-7.103900,0 107.992500,-7.104100,0 107.992600,-7.104100,0 107.992800,-7.104500,0 107.992900,-7.104600,0 107.993500,-7.104800,0 107.993700,-7.104700,0 107.993700,-7.104600,0 107.993800,-7.104600,0 107.993800,-7.104700,0 107.994200,-7.104800,0 107.994700,-7.105500,0 107.994700,-7.105700,0 107.995400,-7.106000,0 107.995600,-7.106200,0 107.995800,-7.106100,0 107.995900,-7.106100,0 107.995900,-7.106200,0 107.996100,-7.106200,0 107.996400,-7.106800,0 107.996600,-7.106900,0 107.996600,-7.107000,0 107.996700,-7.107000,0 107.996700,-7.107400,0 107.997300,-7.107400,0 107.998200,-7.106900,0 107.998400,-7.107400,0 107.998400,-7.107600,0 107.998200,-7.107600,0 107.998200,-7.107700,0 107.998400,-7.107900,0 107.998300,-7.108100,0 107.998300,-7.108500,0 107.998400,-7.108500,0 107.998400,-7.109000,0 107.998300,-7.109000,0 107.998300,-7.109100,0 107.997700,-7.109100,0 107.997600,-7.109000,0 107.997600,-7.109200,0 107.997300,-7.109000,0 107.997300,-7.108900,0 107.997200,-7.108900,0 107.997100,-7.108700,0 107.996900,-7.108700,0 107.996900,-7.108900,0 107.997400,-7.109300,0 107.996900,-7.110200,0 107.997000,-7.110200,0 107.997000,-7.110300,0 107.997200,-7.110300,0 107.997300,-7.110500,0 107.997500,-7.110600,0 107.997500,-7.110900,0 107.997600,-7.111100,0 107.997700,-7.111100,0 107.997700,-7.111300,0 107.997500,-7.111600,0 107.997400,-7.111600,0 107.997300,-7.111900,0 107.997100,-7.111800,0 107.997200,-7.111800,0 107.997200,-7.111600,0 107.997300,-7.111600,0 107.997300,-7.111500,0 107.997100,-7.111400,0 107.997200,-7.111200,0 107.997100,-7.111400,0 107.996700,-7.111300,0 107.996400,-7.110700,0 107.996200,-7.110500,0 107.996200,-7.110600,0 107.996000,-7.110400,0 107.995900,-7.110400,0 107.995700,-7.110600,0 107.995600,-7.110500,0 107.995600,-7.110300,0 107.995800,-7.110100,0 107.995900,-7.110100,0 107.995900,-7.110000,0 107.995800,-7.110000,0 107.996200,-7.109100,0 107.995900,-7.108800,0 107.995500,-7.108800,0 107.995500,-7.108700,0 107.995200,-7.108600,0 107.994900,-7.108300,0 107.994900,-7.108200,0 107.994800,-7.108200,0 107.994800,-7.108000,0 107.994300,-7.107400,0 107.994500,-7.107300,0 107.994500,-7.106900,0 107.994400,-7.106800,0 107.994400,-7.106600,0 107.994300,-7.106600,0 107.994500,-7.106200,0 107.994300,-7.106000,0 107.994100,-7.106500,0 107.994000,-7.106400,0 107.993900,-7.106500,0 107.994200,-7.105900,0 107.993800,-7.105700,0 107.993600,-7.105900,0 107.993700,-7.106200,0 107.993800,-7.106200,0 107.993800,-7.106500,0 107.993600,-7.106400,0 107.993300,-7.106400,0 107.992700,-7.106000,0 107.992700,-7.105900,0 107.992500,-7.105800,0 107.992600,-7.105700,0 107.992400,-7.105600,0 107.992300,-7.105400,0 107.991800,-7.105400,0 107.991700,-7.105200,0 107.991400,-7.105000,0 107.991400,-7.104800,0 107.991300,-7.104700,0 107.991300,-7.104600,0 107.991600,-7.104600,0 107.991600,-7.104500,0 107.991700,-7.104500,0 107.991600,-7.104400,0 107.991500,-7.104500,0 107.991300,-7.104500,0 107.991300,-7.104400,0 107.991200,-7.104400,0 107.991200,-7.104100,0 107.990800,-7.103600,0 107.990700,-7.103600,0 107.990700,-7.103300,0 107.990800,-7.103300,0 107.990800,-7.102900,0 107.990700,-7.102700,0 107.990000,-7.102700,0 107.989500,-7.102100,0 107.989500,-7.102000,0 107.989400,-7.102000,0 107.989400,-7.101900,0 107.989100,-7.101600,0 107.989100,-7.101400,0 107.989300,-7.100900,0 107.989500,-7.100700,0 107.989500,-7.100600,0 107.989700,-7.100600,0 107.989700,-7.100500,0 107.989400,-7.100500,0 107.989400,-7.100000,0 107.989600,-7.099800,0 107.989800,-7.099800,0 107.989800,-7.099600,0 107.990500,-7.099500,0 107.990500,-7.099200,0 107.990600,-7.099200,0 107.990700,-7.099400,0 107.990900,-7.099400,0</coordinates></LinearRing></outerBoundaryIs><innerBoundaryIs><LinearRing><coordinates>107.991400,-7.099800,0 107.991600,-7.099800,0 107.991600,-7.099700,0 107.991400,-7.099600,0 107.991400,-7.099800,0</coordinates></LinearRing></innerBoundaryIs></Polygon><Polygon><tessellate>1</tessellate><outerBoundaryIs><LinearRing><coordinates>107.987200,-7.098300,0 107.987300,-7.098400,0 107.987400,-7.098300,0 107.987600,-7.098400,0 107.987700,-7.098300,0 107.987700,-7.098100,0 107.987900,-7.098100,0 107.987900,-7.098300,0 107.988100,-7.098300,0 107.988100,-7.098100,0 107.988300,-7.098100,0 107.988300,-7.098200,0 107.988400,-7.098200,0 107.988400,-7.098500,0 107.988300,-7.098600,0 107.988500,-7.098600,0 107.988400,-7.099000,0 107.988200,-7.098900,0 107.988200,-7.099000,0 107.988100,-7.099000,0 107.988100,-7.099200,0 107.988200,-7.099200,0 107.988300,-7.099500,0 107.988500,-7.099500,0 107.988500,-7.099700,0 107.988900,-7.099500,0 107.988800,-7.099700,0 107.988900,-7.099800,0 107.989000,-7.099800,0 107.989100,-7.099600,0 107.989200,-7.099700,0 107.989100,-7.099900,0 107.989200,-7.100100,0 107.989100,-7.100100,0 107.988900,-7.100500,0 107.988800,-7.100500,0 107.988800,-7.100400,0 107.988600,-7.100200,0 107.988500,-7.100200,0 107.988500,-7.100100,0 107.988400,-7.100100,0 107.988400,-7.100200,0 107.988200,-7.100300,0 107.988100,-7.100100,0 107.987900,-7.100300,0 107.987800,-7.100300,0 107.987900,-7.100300,0 107.987900,-7.100400,0 107.987400,-7.100400,0 107.987200,-7.100000,0 107.987200,-7.099600,0 107.987000,-7.099300,0 107.986900,-7.098900,0 107.987000,-7.098700,0 107.986900,-7.098500,0 107.987000,-7.098500,0 107.987000,-7.098700,0 107.987100,-7.098700,0 107.987100,-7.098500,0 107.986900,-7.098300,0 107.986700,-7.098300,0 107.986700,-7.098200,0 107.986500,-7.098100,0 107.986400,-7.097900,0 107.986000,-7.097600,0 107.985400,-7.097400,0 107.986500,-7.097300,0 107.986600,-7.097400,0 107.986600,-7.097700,0 107.986800,-7.097900,0 107.986800,-7.098000,0 107.987200,-7.098300,0</coordinates></LinearRing></outerBoundaryIs></Polygon><Polygon><tessellate>1</tessellate><outerBoundaryIs><LinearRing><coordinates>107.981900,-7.096200,0 107.982100,-7.096200,0 107.982100,-7.096100,0 107.982300,-7.096200,0 107.982300,-7.096300,0 107.982200,-7.096300,0 107.982200,-7.096400,0 107.982000,-7.096600,0 107.981400,-7.096300,0 107.981500,-7.096100,0 107.981600,-7.096100,0 107.981600,-7.096200,0 107.981900,-7.096200,0</coordinates></LinearRing></outerBoundaryIs></Polygon><Polygon><tessellate>1</tessellate><outerBoundaryIs><LinearRing><coordinates>107.981100,-7.095200,0 107.981200,-7.095400,0 107.981400,-7.095300,0 107.981600,-7.095400,0 107.982000,-7.095400,0 107.982000,-7.095500,0 107.982200,-7.095500,0 107.982300,-7.095700,0 107.982200,-7.095700,0 107.982200,-7.095800,0 107.982000,-7.095800,0 107.982000,-7.096100,0 107.981900,-7.096100,0 107.981900,-7.096200,0 107.981800,-7.096200,0 107.981800,-7.096100,0 107.981000,-7.095900,0 107.980900,-7.095700,0 107.980800,-7.095700,0 107.980800,-7.095800,0 107.980500,-7.095700,0 107.980600,-7.095500,0 107.980700,-7.095600,0 107.980900,-7.095400,0 107.980600,-7.095400,0 107.980700,-7.095300,0 107.981100,-7.095200,0</coordinates></LinearRing></outerBoundaryIs></Polygon><Polygon><tessellate>1</tessellate><outerBoundaryIs><LinearRing><coordinates>107.983000,-7.094000,0 107.983000,-7.094500,0 107.982700,-7.094500,0 107.982500,-7.094400,0 107.982300,-7.094500,0 107.982200,-7.094400,0 107.982200,-7.094100,0 107.982500,-7.094100,0 107.982500,-7.094000,0 107.983000,-7.094000,0</coordinates></LinearRing></outerBoundaryIs></Polygon><Polygon><tessellate>1</tessellate><outerBoundaryIs><LinearRing><coordinates>107.986100,-7.093900,0 107.986200,-7.094100,0 107.986400,-7.094200,0 107.986400,-7.094600,0 107.986500,-7.094600,0 107.986400,-7.094800,0 107.986200,-7.094700,0 107.986200,-7.094800,0 107.986000,-7.094900,0 107.985800,-7.095400,0 107.985900,-7.095400,0 107.985900,-7.095300,0 107.986100,-7.095400,0 107.986100,-7.095500,0 107.985900,-7.095500,0 107.985900,-7.095800,0 107.986000,-7.095800,0 107.986000,-7.095600,0 107.986100,-7.095600,0 107.986100,-7.095500,0 107.986300,-7.095500,0 107.986300,-7.095800,0 107.986100,-7.096000,0 107.986100,-7.096100,0 107.985700,-7.096100,0 107.985500,-7.096200,0 107.985600,-7.096000,0 107.985400,-7.095800,0 107.985400,-7.095700,0 107.985300,-7.095800,0 107.985200,-7.095700,0 107.985000,-7.095800,0 107.984800,-7.095600,0 107.984800,-7.095400,0 107.984700,-7.095400,0 107.984700,-7.095200,0 107.984900,-7.095100,0 107.984900,-7.094700,0 107.984500,-7.094600,0 107.984500,-7.094000,0 107.984800,-7.093900,0 107.985000,-7.094000,0 107.985000,-7.093800,0 107.985100,-7.093800,0 107.985100,-7.093700,0 107.984800,-7.093600,0 107.985000,-7.093400,0 107.985200,-7.093600,0 107.986000,-7.093800,0 107.986000,-7.093900,0 107.986100,-7.093900,0</coordinates></LinearRing></outerBoundaryIs></Polygon><Polygon><tessellate>1</tessellate><outerBoundaryIs><LinearRing><coordinates>107.982400,-7.092700,0 107.982800,-7.093100,0 107.982800,-7.093200,0 107.982600,-7.093200,0 107.982600,-7.093100,0 107.982200,-7.093100,0 107.982200,-7.093200,0 107.982300,-7.093100,0 107.982300,-7.093400,0 107.982200,-7.093400,0 107.982100,-7.093300,0 107.982100,-7.093000,0 107.982000,-7.092800,0 107.982400,-7.092700,0</coordinates></LinearRing></outerBoundaryIs></Polygon><Polygon><tessellate>1</tessellate><outerBoundaryIs><LinearRing><coordinates>107.985700,-7.092500,0 107.985500,-7.092600,0 107.985500,-7.092700,0 107.985400,-7.092700,0 107.985400,-7.093100,0 107.985300,-7.093000,0 107.984900,-7.092900,0 107.984900,-7.092700,0 107.985100,-7.092400,0 107.985500,-7.092500,0 107.985500,-7.092300,0 107.985400,-7.092300,0 107.985400,-7.092200,0 107.985100,-7.092200,0 107.985200,-7.092200,0 107.985200,-7.092100,0 107.985700,-7.092200,0 107.985700,-7.092500,0</coordinates></LinearRing></outerBoundaryIs></Polygon><Polygon><tessellate>1</tessellate><outerBoundaryIs><LinearRing><coordinates>107.985100,-7.092100,0 107.985100,-7.092200,0 107.984800,-7.092100,0 107.984800,-7.092300,0 107.984700,-7.092200,0 107.984700,-7.092500,0 107.984600,-7.092600,0 107.984400,-7.092600,0 107.984400,-7.093300,0 107.984200,-7.093800,0 107.983800,-7.094000,0 107.983800,-7.093900,0 107.983600,-7.093800,0 107.983600,-7.093700,0 107.983500,-7.093700,0 107.983500,-7.093800,0 107.983300,-7.093800,0 107.983300,-7.093500,0 107.983400,-7.093300,0 107.983300,-7.093000,0 107.983400,-7.093000,0 107.983400,-7.092900,0 107.983700,-7.092800,0 107.983700,-7.092700,0 107.983900,-7.092600,0 107.984000,-7.092300,0 107.983800,-7.092200,0 107.983800,-7.092000,0 107.983700,-7.092000,0 107.983700,-7.091900,0 107.985100,-7.092100,0</coordinates></LinearRing></outerBoundaryIs></Polygon><Polygon><tessellate>1</tessellate><outerBoundaryIs><LinearRing><coordinates>107.985000,-7.091500,0 107.985200,-7.091600,0 107.985200,-7.091500,0 107.985400,-7.091500,0 107.985200,-7.091600,0 107.985100,-7.092000,0 107.983700,-7.091800,0 107.983900,-7.091100,0 107.984100,-7.091100,0 107.984100,-7.091300,0 107.984500,-7.091400,0 107.984600,-7.091500,0 107.985000,-7.091500,0</coordinates></LinearRing></outerBoundaryIs></Polygon><Polygon><tessellate>1</tessellate><outerBoundaryIs><LinearRing><coordinates>107.977000,-7.087300,0 107.977100,-7.087300,0 107.977100,-7.087200,0 107.977400,-7.087200,0 107.977400,-7.087300,0 107.977800,-7.087400,0 107.978300,-7.087400,0 107.978400,-7.087600,0 107.979400,-7.087600,0 107.979400,-7.087700,0 107.979600,-7.087700,0 107.979600,-7.087800,0 107.979700,-7.087800,0 107.979700,-7.088000,0 107.979900,-7.088100,0 107.979900,-7.088900,0 107.980200,-7.088900,0 107.980200,-7.089000,0 107.980400,-7.089000,0 107.980400,-7.088700,0 107.981000,-7.088900,0 107.981000,-7.089200,0 107.980900,-7.089200,0 107.980900,-7.089300,0 107.980500,-7.089500,0 107.980400,-7.089300,0 107.980300,-7.089300,0 107.980100,-7.090500,0 107.980300,-7.090500,0 107.980300,-7.090800,0 107.980400,-7.090800,0 107.980400,-7.091500,0 107.980700,-7.091900,0 107.980900,-7.091900,0 107.981100,-7.092100,0 107.981400,-7.092200,0 107.981500,-7.092900,0 107.981600,-7.092900,0 107.981600,-7.093000,0 107.981900,-7.093000,0 107.981900,-7.093300,0 107.981700,-7.093200,0 107.980900,-7.093300,0 107.980900,-7.093400,0 107.981100,-7.093500,0 107.981400,-7.093500,0 107.981100,-7.094100,0 107.980900,-7.094100,0 107.980900,-7.094200,0 107.980800,-7.094200,0 107.980800,-7.094400,0 107.980300,-7.094500,0 107.980300,-7.094600,0 107.980200,-7.094400,0 107.979900,-7.094400,0 107.979800,-7.094300,0 107.979700,-7.094400,0 107.979800,-7.094000,0 107.979400,-7.093800,0 107.979500,-7.093800,0 107.979500,-7.093700,0 107.979800,-7.093700,0 107.979800,-7.093800,0 107.980000,-7.093700,0 107.980100,-7.093100,0 107.980200,-7.093000,0 107.980200,-7.092900,0 107.979800,-7.092800,0 107.979700,-7.092700,0 107.979800,-7.092000,0 107.979900,-7.091900,0 107.979900,-7.091800,0 107.979800,-7.091800,0 107.979800,-7.091600,0 107.979700,-7.091600,0 107.979600,-7.091400,0 107.979600,-7.091300,0 107.979700,-7.091300,0 107.979500,-7.091100,0 107.979700,-7.091000,0 107.979500,-7.090900,0 107.979300,-7.090500,0 107.979100,-7.090500,0 107.979000,-7.090300,0 107.978800,-7.090300,0 107.978800,-7.090000,0 107.978500,-7.090000,0 107.978300,-7.089200,0 107.977900,-7.089100,0 107.977900,-7.089000,0 107.977600,-7.089300,0 107.977500,-7.089200,0 107.977300,-7.089200,0 107.976600,-7.088600,0 107.976300,-7.088500,0 107.976300,-7.088300,0 107.976900,-7.088300,0 107.977000,-7.088200,0 107.977500,-7.088600,0 107.977500,-7.088700,0 107.977700,-7.088600,0 107.977800,-7.088400,0 107.977900,-7.088400,0 107.977900,-7.087800,0 107.977500,-7.087600,0 107.977500,-7.087500,0 107.977300,-7.087500,0 107.977000,-7.087700,0 107.976800,-7.087600,0 107.976900,-7.087400,0 107.976600,-7.087000,0 107.976000,-7.086900,0 107.976100,-7.086700,0 107.976100,-7.086400,0 107.976600,-7.086400,0 107.976600,-7.086500,0 107.976500,-7.086500,0 107.976500,-7.086900,0 107.976700,-7.086900,0 107.976800,-7.087100,0 107.977000,-7.087200,0 107.977000,-7.087300,0</coordinates></LinearRing></outerBoundaryIs></Polygon><Polygon><tessellate>1</tessellate><outerBoundaryIs><LinearRing><coordinates>107.979600,-7.084300,0 107.979800,-7.084300,0 107.979800,-7.084400,0 107.980200,-7.084500,0 107.980100,-7.084600,0 107.980200,-7.084700,0 107.980300,-7.084600,0 107.980400,-7.084800,0 107.980500,-7.085500,0 107.980300,-7.086100,0 107.980200,-7.086200,0 107.980300,-7.086200,0 107.980300,-7.086300,0 107.980400,-7.086300,0 107.980400,-7.086400,0 107.980500,-7.086400,0 107.980700,-7.086600,0 107.981200,-7.086700,0 107.981300,-7.086900,0 107.981400,-7.086700,0 107.981700,-7.087100,0 107.981700,-7.087700,0 107.981600,-7.087700,0 107.981500,-7.087900,0 107.981600,-7.087900,0 107.981400,-7.088300,0 107.981600,-7.088400,0 107.981600,-7.088500,0 107.981100,-7.088600,0 107.980800,-7.088300,0 107.980500,-7.087500,0 107.980400,-7.087400,0 107.979700,-7.087300,0 107.979700,-7.086900,0 107.979400,-7.086700,0 107.979300,-7.086400,0 107.979100,-7.086400,0 107.978700,-7.086200,0 107.977500,-7.086200,0 107.977600,-7.085900,0 107.977800,-7.085900,0 107.977800,-7.085800,0 107.977900,-7.085800,0 107.977900,-7.085900,0 107.978200,-7.085900,0 107.978200,-7.086000,0 107.978600,-7.086000,0 107.979000,-7.085800,0 107.979300,-7.085800,0 107.979500,-7.085700,0 107.979600,-7.085500,0 107.979300,-7.084800,0 107.979300,-7.084500,0 107.979500,-7.084300,0 107.979600,-7.084300,0</coordinates></LinearRing></outerBoundaryIs></Polygon><Polygon><tessellate>1</tessellate><outerBoundaryIs><LinearRing><coordinates>107.985100,-7.084000,0 107.985300,-7.084000,0 107.985400,-7.084100,0 107.985400,-7.084300,0 107.985300,-7.084300,0 107.985300,-7.084400,0 107.985100,-7.084400,0 107.985000,-7.084200,0 107.984700,-7.084200,0 107.984700,-7.083900,0 107.985100,-7.084000,0</coordinates></LinearRing></outerBoundaryIs></Polygon><Polygon><tessellate>1</tessellate><outerBoundaryIs><LinearRing><coordinates>107.984600,-7.083900,0 107.984400,-7.083900,0 107.984300,-7.083800,0 107.984500,-7.083400,0 107.984700,-7.083500,0 107.984700,-7.083900,0 107.984600,-7.083900,0</coordinates></LinearRing></outerBoundaryIs></Polygon><Polygon><tessellate>1</tessellate><outerBoundaryIs><LinearRing><coordinates>107.980200,-7.083100,0 107.980000,-7.083400,0 107.979800,-7.083500,0 107.979900,-7.083500,0 107.979900,-7.083800,0 107.979200,-7.083300,0 107.979300,-7.082900,0 107.979900,-7.082900,0 107.980200,-7.083100,0</coordinates></LinearRing></outerBoundaryIs></Polygon><Polygon><tessellate>1</tessellate><outerBoundaryIs><LinearRing><coordinates>107.985300,-7.083200,0 107.985300,-7.083500,0 107.985400,-7.083500,0 107.985300,-7.083700,0 107.985100,-7.083600,0 107.984800,-7.083600,0 107.984700,-7.083200,0 107.984300,-7.083300,0 107.984300,-7.082900,0 107.984500,-7.082700,0 107.984600,-7.082700,0 107.984600,-7.082800,0 107.985000,-7.082800,0 107.985100,-7.083000,0 107.985300,-7.083100,0 107.985300,-7.083200,0</coordinates></LinearRing></outerBoundaryIs></Polygon><Polygon><tessellate>1</tessellate><outerBoundaryIs><LinearRing><coordinates>107.983100,-7.084100,0 107.983600,-7.084100,0 107.983700,-7.084300,0 107.983900,-7.084300,0 107.984100,-7.084200,0 107.984100,-7.084100,0 107.984300,-7.084200,0 107.984200,-7.084200,0 107.984200,-7.084300,0 107.984100,-7.084300,0 107.984100,-7.084400,0 107.983900,-7.084500,0 107.983700,-7.084300,0 107.983000,-7.084300,0 107.983000,-7.084400,0 107.982700,-7.084500,0 107.982700,-7.084200,0 107.982600,-7.084200,0 107.982600,-7.083100,0 107.982500,-7.082800,0 107.982400,-7.082800,0 107.982400,-7.082700,0 107.982600,-7.082500,0 107.982700,-7.082800,0 107.982900,-7.082900,0 107.982900,-7.083400,0 107.983000,-7.083500,0 107.983000,-7.083700,0 107.982800,-7.083800,0 107.982800,-7.083900,0 107.982900,-7.083900,0 107.982900,-7.084000,0 107.983100,-7.084100,0</coordinates></LinearRing></outerBoundaryIs></Polygon><Polygon><tessellate>1</tessellate><outerBoundaryIs><LinearRing><coordinates>107.982500,-7.082100,0 107.982800,-7.082100,0 107.982900,-7.082200,0 107.982900,-7.082500,0 107.982800,-7.082500,0 107.982700,-7.082300,0 107.982400,-7.082200,0 107.982300,-7.082000,0 107.982400,-7.081900,0 107.982500,-7.082100,0</coordinates></LinearRing></outerBoundaryIs></Polygon><Polygon><tessellate>1</tessellate><outerBoundaryIs><LinearRing><coordinates>107.981400,-7.081000,0 107.981700,-7.081000,0 107.981900,-7.081100,0 107.982100,-7.081300,0 107.982100,-7.081600,0 107.982200,-7.081600,0 107.982100,-7.081600,0 107.982100,-7.081700,0 107.981500,-7.081700,0 107.981500,-7.081800,0 107.981600,-7.081800,0 107.981600,-7.082700,0 107.981400,-7.082700,0 107.981300,-7.082800,0 107.981300,-7.083100,0 107.981200,-7.083200,0 107.981200,-7.084100,0 107.981800,-7.084200,0 107.982000,-7.084300,0 107.982000,-7.084400,0 107.982500,-7.084400,0 107.982500,-7.084300,0 107.982600,-7.084300,0 107.982700,-7.084500,0 107.982700,-7.084600,0 107.982600,-7.084600,0 107.982600,-7.084800,0 107.982000,-7.084800,0 107.982000,-7.084900,0 107.981900,-7.084900,0 107.981800,-7.085100,0 107.981800,-7.085900,0 107.982000,-7.086000,0 107.982000,-7.086100,0 107.982500,-7.086200,0 107.982500,-7.086300,0 107.982900,-7.086600,0 107.983000,-7.086500,0 107.983300,-7.086900,0 107.983300,-7.087100,0 107.983700,-7.087300,0 107.983600,-7.087700,0 107.983500,-7.087800,0 107.983500,-7.088000,0 107.983700,-7.088100,0 107.983700,-7.088200,0 107.983100,-7.088200,0 107.982900,-7.088300,0 107.983100,-7.088300,0 107.983200,-7.088200,0 107.983300,-7.088200,0 107.983300,-7.088300,0 107.983800,-7.088300,0 107.984000,-7.088200,0 107.984000,-7.088100,0 107.984100,-7.088100,0 107.984100,-7.088000,0 107.984200,-7.088000,0 107.984200,-7.087900,0 107.984300,-7.087900,0 107.984300,-7.087800,0 107.984700,-7.087700,0 107.984700,-7.087800,0 107.984600,-7.087800,0 107.984500,-7.088000,0 107.984100,-7.088200,0 107.984100,-7.088400,0 107.983800,-7.088500,0 107.983800,-7.088700,0 107.983900,-7.088700,0 107.983900,-7.088800,0 107.984200,-7.088800,0 107.984200,-7.088700,0 107.984400,-7.088600,0 107.984400,-7.088300,0 107.984700,-7.088500,0 107.985200,-7.088500,0 107.985200,-7.088700,0 107.985400,-7.088800,0 107.985400,-7.088900,0 107.985600,-7.088900,0 107.985600,-7.089000,0 107.985900,-7.089000,0 107.985900,-7.089100,0 107.985400,-7.089300,0 107.985400,-7.089700,0 107.985300,-7.089800,0 107.985400,-7.090000,0 107.985300,-7.090200,0 107.984900,-7.090200,0 107.984800,-7.090300,0 107.984800,-7.090200,0 107.984600,-7.090200,0 107.984600,-7.089800,0 107.984500,-7.089800,0 107.984500,-7.089700,0 107.984300,-7.089800,0 107.984200,-7.090200,0 107.984200,-7.090400,0 107.984300,-7.090400,0 107.984300,-7.090500,0 107.984100,-7.090700,0 107.984000,-7.090700,0 107.983900,-7.090900,0 107.983800,-7.090700,0 107.982900,-7.090700,0 107.982800,-7.091000,0 107.982800,-7.091700,0 107.982500,-7.091800,0 107.982500,-7.091900,0 107.982300,-7.091800,0 107.982300,-7.091400,0 107.982200,-7.091200,0 107.982100,-7.091200,0 107.982000,-7.091000,0 107.981700,-7.090900,0 107.981700,-7.090700,0 107.981500,-7.090600,0 107.981500,-7.090200,0 107.981400,-7.090100,0 107.981600,-7.089800,0 107.982200,-7.090000,0 107.982300,-7.090200,0 107.982700,-7.090100,0 107.982700,-7.090000,0 107.983100,-7.089900,0 107.983200,-7.089300,0 107.983100,-7.089300,0 107.983100,-7.089200,0 107.982900,-7.089100,0 107.982600,-7.089100,0 107.982400,-7.088900,0 107.982000,-7.088700,0 107.982000,-7.088500,0 107.982200,-7.088200,0 107.982300,-7.087600,0 107.982400,-7.087500,0 107.982100,-7.087400,0 107.982100,-7.086900,0 107.981900,-7.086800,0 107.981900,-7.086700,0 107.981800,-7.086700,0 107.981900,-7.086600,0 107.981800,-7.086600,0 107.981800,-7.086400,0 107.981700,-7.086400,0 107.981700,-7.086300,0 107.981300,-7.086300,0 107.981000,-7.085900,0 107.980900,-7.085500,0 107.980700,-7.085100,0 107.980600,-7.085100,0 107.980800,-7.084700,0 107.980700,-7.084400,0 107.980600,-7.084300,0 107.980400,-7.084500,0 107.980300,-7.084300,0 107.980100,-7.084100,0 107.980000,-7.084100,0 107.980000,-7.083900,0 107.980200,-7.083900,0 107.980000,-7.083800,0 107.980000,-7.083600,0 107.980400,-7.083000,0 107.980500,-7.082700,0 107.980800,-7.082800,0 107.981000,-7.082500,0 107.981000,-7.082200,0 107.981200,-7.081800,0 107.981200,-7.081600,0 107.981300,-7.081400,0 107.981400,-7.081400,0 107.981400,-7.081100,0 107.981200,-7.081100,0 107.981200,-7.081000,0 107.981300,-7.080900,0 107.981400,-7.080900,0 107.981400,-7.081000,0</coordinates></LinearRing></outerBoundaryIs><innerBoundaryIs><LinearRing><coordinates>107.980400,-7.083500,0 107.980300,-7.083700,0 107.980300,-7.083600,0 107.980200,-7.083700,0 107.980500,-7.084000,0 107.980700,-7.083700,0 107.980400,-7.083500,0</coordinates></LinearRing></innerBoundaryIs><innerBoundaryIs><LinearRing><coordinates>107.985200,-7.088900,0 107.985200,-7.089000,0 107.984900,-7.089000,0 107.984900,-7.089200,0 107.985200,-7.089200,0 107.985200,-7.089100,0 107.985300,-7.089100,0 107.985300,-7.088900,0 107.985200,-7.088900,0</coordinates></LinearRing></innerBoundaryIs></Polygon></MultiGeometry></Placemark><Placemark><name>DI Citikey</name><styleUrl>#w3</styleUrl><description><![CDATA[<table><tr><td>Luas</td><td align='right'><b>361,0000</b> ha</td></tr><tr><td>Luas</td><td align='right'><b>3.610.000</b> m²</td></tr><tr><td>Keliling</td><td align='right'><b>96.493</b> m</td></tr><tr><td>Tinggi rata-rata</td><td align='right'><b>576,0</b> m dpl</td></tr><tr><td>Rezim</td><td align='right'><b>FL</b> </td></tr><tr><td>Kebutuhan air</td><td align='right'><b>956.521</b> m³</td></tr><tr><td>Kebutuhan air</td><td align='right'><b>265</b> mm</td></tr><tr><td>Debit</td><td align='right'><b>121,66</b> l/detik</td></tr><tr><td>NFR</td><td align='right'><b>1,89</b> mm/hari</td></tr><tr><td>Water loss</td><td align='right'><b>4.886.056</b> m³</td></tr><tr><td>Water loss</td><td align='right'><b>1.353</b> mm</td></tr></table>]]></description><MultiGeometry><Polygon><tessellate>1</tessellate><outerBoundaryIs><LinearRing><coordinates>107.956600,-7.092400,0 107.956300,-7.092400,0 107.956300,-7.092800,0 107.956200,-7.092800,0 107.956200,-7.093100,0 107.955800,-7.093100,0 107.955700,-7.092600,0 107.955300,-7.092500,0 107.954900,-7.092800,0 107.954500,-7.092300,0 107.955300,-7.091800,0 107.956600,-7.091600,0 107.957000,-7.091500,0 107.957100,-7.091400,0 107.957300,-7.091400,0 107.957400,-7.091300,0 107.957400,-7.091500,0 107.957300,-7.091600,0 107.957400,-7.092000,0 107.957200,-7.092100,0 107.956800,-7.092100,0 107.956800,-7.092300,0 107.956600,-7.092400,0</coordinates></LinearRing></outerBoundaryIs></Polygon><Polygon><tessellate>1</tessellate><outerBoundaryIs><LinearRing><coordinates>107.957900,-7.091300,0 107.958400,-7.091400,0 107.958300,-7.091500,0 107.958300,-7.091800,0 107.958300,-7.091700,0 107.958200,-7.091800,0 107.958200,-7.092300,0 107.958300,-7.092300,0 107.958300,-7.092400,0 107.957800,-7.092300,0 107.957800,-7.092600,0 107.958000,-7.092600,0 107.958000,-7.093100,0 107.957200,-7.093100,0 107.957200,-7.092900,0 107.956800,-7.092900,0 107.956800,-7.092100,0 107.957400,-7.092100,0 107.957400,-7.091500,0 107.957500,-7.091300,0 107.957900,-7.091100,0 107.957900,-7.091300,0</coordinates></LinearRing></outerBoundaryIs></Polygon><Polygon><tessellate>1</tessellate><outerBoundaryIs><LinearRing><coordinates>107.962300,-7.092300,0 107.962200,-7.092700,0 107.962000,-7.092600,0 107.962000,-7.093200,0 107.961700,-7.093100,0 107.961700,-7.093000,0 107.961300,-7.093000,0 107.961300,-7.092700,0 107.961000,-7.092700,0 107.961000,-7.092200,0 107.960900,-7.092000,0 107.960900,-7.091500,0 107.961000,-7.091500,0 107.961000,-7.091100,0 107.961400,-7.091000,0 107.961600,-7.091300,0 107.962000,-7.091300,0 107.961900,-7.091500,0 107.961900,-7.091900,0 107.962000,-7.091900,0 107.962000,-7.092100,0 107.962100,-7.092100,0 107.962100,-7.092200,0 107.962300,-7.092300,0</coordinates></LinearRing></outerBoundaryIs></Polygon><Polygon><tessellate>1</tessellate><outerBoundaryIs><LinearRing><coordinates>107.964100,-7.090100,0 107.964600,-7.090500,0 107.964600,-7.090700,0 107.964400,-7.090800,0 107.964400,-7.091000,0 107.963700,-7.091000,0 107.963400,-7.090800,0 107.963400,-7.090400,0 107.963300,-7.090400,0 107.963300,-7.090100,0 107.963700,-7.090100,0 107.963700,-7.090300,0 107.964100,-7.090400,0 107.964100,-7.090100,0</coordinates></LinearRing></outerBoundaryIs></Polygon><Polygon><tessellate>1</tessellate><outerBoundaryIs><LinearRing><coordinates>107.958800,-7.087600,0 107.958800,-7.087700,0 107.958600,-7.087800,0 107.958800,-7.087900,0 107.958700,-7.088100,0 107.958700,-7.088700,0 107.958600,-7.089000,0 107.958500,-7.090000,0 107.958300,-7.089900,0 107.958200,-7.089600,0 107.957900,-7.089600,0 107.958000,-7.089900,0 107.957800,-7.090000,0 107.957800,-7.090300,0 107.957900,-7.090500,0 107.958300,-7.090500,0 107.958300,-7.090600,0 107.958400,-7.090600,0 107.958400,-7.090900,0 107.958200,-7.090900,0 107.958100,-7.091000,0 107.957500,-7.091200,0 107.957600,-7.090200,0 107.957500,-7.090100,0 107.957500,-7.089700,0 107.957300,-7.088900,0 107.957200,-7.088800,0 107.957000,-7.088900,0 107.957000,-7.088500,0 107.957300,-7.088400,0 107.957300,-7.087900,0 107.957600,-7.087800,0 107.957800,-7.087500,0 107.958800,-7.087600,0</coordinates></LinearRing></outerBoundaryIs></Polygon><Polygon><tessellate>1</tessellate><outerBoundaryIs><LinearRing><coordinates>107.971300,-7.086200,0 107.971500,-7.086300,0 107.971500,-7.086400,0 107.971400,-7.086400,0 107.971400,-7.086800,0 107.971000,-7.086700,0 107.970700,-7.086400,0 107.970800,-7.086100,0 107.970900,-7.086200,0 107.971000,-7.086200,0 107.971000,-7.086100,0 107.971200,-7.086100,0 107.971300,-7.086200,0</coordinates></LinearRing></outerBoundaryIs></Polygon><Polygon><tessellate>1</tessellate><outerBoundaryIs><LinearRing><coordinates>107.962400,-7.086100,0 107.962500,-7.086100,0 107.962500,-7.086400,0 107.962700,-7.086400,0 107.962700,-7.086300,0 107.962900,-7.086300,0 107.963000,-7.086200,0 107.963600,-7.086200,0 107.963500,-7.086400,0 107.963400,-7.086300,0 107.963300,-7.086400,0 107.963300,-7.086600,0 107.963400,-7.086600,0 107.963300,-7.086900,0 107.963500,-7.086900,0 107.963500,-7.087200,0 107.963400,-7.087200,0 107.963300,-7.087600,0 107.963400,-7.087600,0 107.963400,-7.087800,0 107.963500,-7.087900,0 107.963500,-7.088200,0 107.963400,-7.088200,0 107.963400,-7.088300,0 107.963500,-7.088300,0 107.963600,-7.089200,0 107.963400,-7.089600,0 107.963200,-7.089700,0 107.963000,-7.090100,0 107.963000,-7.090600,0 107.962100,-7.090400,0 107.961900,-7.090500,0 107.961800,-7.090700,0 107.961600,-7.090700,0 107.961300,-7.091000,0 107.961000,-7.091000,0 107.961200,-7.090200,0 107.961200,-7.089500,0 107.961000,-7.089500,0 107.961000,-7.089800,0 107.960900,-7.089800,0 107.960900,-7.090800,0 107.960400,-7.091000,0 107.959800,-7.090900,0 107.959700,-7.090800,0 107.958800,-7.090800,0 107.958800,-7.090400,0 107.958600,-7.090400,0 107.958600,-7.090100,0 107.959000,-7.090300,0 107.959400,-7.090000,0 107.959400,-7.089800,0 107.959000,-7.089600,0 107.958700,-7.089700,0 107.958600,-7.089900,0 107.958700,-7.089200,0 107.959000,-7.089200,0 107.959000,-7.089000,0 107.958700,-7.089000,0 107.959000,-7.087100,0 107.959200,-7.087100,0 107.959200,-7.087000,0 107.959500,-7.087000,0 107.959600,-7.087200,0 107.959600,-7.087700,0 107.959700,-7.087700,0 107.959700,-7.088400,0 107.959800,-7.088400,0 107.959800,-7.088500,0 107.959800,-7.088400,0 107.960200,-7.088400,0 107.960200,-7.088200,0 107.960500,-7.088200,0 107.960500,-7.088000,0 107.960600,-7.088000,0 107.960600,-7.088200,0 107.960700,-7.088200,0 107.960800,-7.087800,0 107.960900,-7.087800,0 107.961000,-7.087600,0 107.961000,-7.087400,0 107.961700,-7.087100,0 107.962200,-7.087100,0 107.962200,-7.087000,0 107.962300,-7.087000,0 107.962300,-7.086300,0 107.962400,-7.086100,0</coordinates></LinearRing></outerBoundaryIs></Polygon><Polygon><tessellate>1</tessellate><outerBoundaryIs><LinearRing><coordinates>107.970000,-7.085900,0 107.970700,-7.086100,0 107.970600,-7.086300,0 107.970500,-7.086300,0 107.970500,-7.086100,0 107.970000,-7.086200,0 107.969800,-7.086100,0 107.969800,-7.085900,0 107.970000,-7.085900,0</coordinates></LinearRing></outerBoundaryIs></Polygon><Polygon><tessellate>1</tessellate><outerBoundaryIs><LinearRing><coordinates>107.958400,-7.086100,0 107.958400,-7.086200,0 107.958600,-7.085900,0 107.958700,-7.085900,0 107.958800,-7.085600,0 107.958900,-7.085600,0 107.958800,-7.085700,0 107.958800,-7.085900,0 107.958900,-7.085900,0 107.958800,-7.086100,0 107.959100,-7.086100,0 107.959000,-7.086300,0 107.958800,-7.086200,0 107.958600,-7.086400,0 107.958600,-7.086600,0 107.958500,-7.086600,0 107.958500,-7.087000,0 107.958300,-7.087000,0 107.958200,-7.087200,0 107.958400,-7.087300,0 107.958400,-7.087400,0 107.958500,-7.087400,0 107.958600,-7.087000,0 107.958900,-7.087000,0 107.958900,-7.087200,0 107.958700,-7.087100,0 107.958700,-7.087400,0 107.958900,-7.087400,0 107.958800,-7.087600,0 107.957700,-7.087500,0 107.957600,-7.087600,0 107.957500,-7.087500,0 107.957600,-7.087300,0 107.958000,-7.086900,0 107.958000,-7.086800,0 107.958200,-7.086800,0 107.958300,-7.086600,0 107.957900,-7.086600,0 107.957900,-7.086500,0 107.956900,-7.086500,0 107.956800,-7.086600,0 107.956800,-7.086900,0 107.956500,-7.087000,0 107.956500,-7.087200,0 107.956700,-7.087400,0 107.956700,-7.087600,0 107.956800,-7.087700,0 107.956800,-7.088300,0 107.956900,-7.088500,0 107.956900,-7.088800,0 107.957000,-7.088800,0 107.957000,-7.088900,0 107.957300,-7.088900,0 107.957400,-7.089300,0 107.957500,-7.090300,0 107.957600,-7.090400,0 107.957400,-7.091300,0 107.957000,-7.091500,0 107.955200,-7.091800,0 107.954700,-7.092200,0 107.954500,-7.092200,0 107.954500,-7.092300,0 107.954100,-7.092300,0 107.954100,-7.092200,0 107.953800,-7.092200,0 107.953600,-7.092100,0 107.953600,-7.092000,0 107.954200,-7.091700,0 107.954800,-7.091700,0 107.954700,-7.091500,0 107.954800,-7.091500,0 107.954800,-7.091200,0 107.954900,-7.091200,0 107.954800,-7.090800,0 107.954900,-7.090700,0 107.955000,-7.090200,0 107.955100,-7.090100,0 107.955000,-7.089900,0 107.955000,-7.089600,0 107.955500,-7.088900,0 107.955600,-7.088500,0 107.955800,-7.088400,0 107.955800,-7.088100,0 107.956000,-7.088000,0 107.956000,-7.087400,0 107.956100,-7.087400,0 107.956100,-7.086600,0 107.956000,-7.086600,0 107.956000,-7.086500,0 107.955800,-7.086400,0 107.955800,-7.086300,0 107.957200,-7.086000,0 107.957600,-7.085800,0 107.958300,-7.085700,0 107.958300,-7.085500,0 107.958400,-7.085400,0 107.958600,-7.085400,0 107.958600,-7.085500,0 107.958700,-7.085500,0 107.958700,-7.085700,0 107.958600,-7.085700,0 107.958600,-7.085900,0 107.958500,-7.085900,0 107.958400,-7.086100,0</coordinates></LinearRing></outerBoundaryIs></Polygon><Polygon><tessellate>1</tessellate><outerBoundaryIs><LinearRing><coordinates>107.959700,-7.085100,0 107.959700,-7.085500,0 107.959400,-7.085500,0 107.959300,-7.085300,0 107.959500,-7.085200,0 107.959500,-7.085100,0 107.959700,-7.085100,0</coordinates></LinearRing></outerBoundaryIs></Polygon><Polygon><tessellate>1</tessellate><outerBoundaryIs><LinearRing><coordinates>107.959200,-7.085100,0 107.959100,-7.085700,0 107.959000,-7.085500,0 107.958700,-7.085500,0 107.958700,-7.085400,0 107.958600,-7.085400,0 107.958600,-7.085100,0 107.958800,-7.085100,0 107.958800,-7.085000,0 107.959200,-7.085100,0</coordinates></LinearRing></outerBoundaryIs></Polygon><Polygon><tessellate>1</tessellate><outerBoundaryIs><LinearRing><coordinates>107.958300,-7.085600,0 107.958200,-7.085700,0 107.957900,-7.085700,0 107.957900,-7.085600,0 107.958000,-7.085600,0 107.958000,-7.085100,0 107.958200,-7.085200,0 107.958200,-7.085600,0 107.958200,-7.085300,0 107.958500,-7.085000,0 107.958700,-7.085000,0 107.958300,-7.085400,0 107.958300,-7.085600,0</coordinates></LinearRing></outerBoundaryIs></Polygon><Polygon><tessellate>1</tessellate><outerBoundaryIs><LinearRing><coordinates>107.964600,-7.085500,0 107.964600,-7.085700,0 107.964300,-7.085600,0 107.964300,-7.085800,0 107.964200,-7.085900,0 107.963700,-7.086200,0 107.963200,-7.086200,0 107.963100,-7.086100,0 107.963100,-7.085600,0 107.963300,-7.085500,0 107.963300,-7.085800,0 107.963200,-7.085800,0 107.963200,-7.085900,0 107.963600,-7.085800,0 107.963700,-7.085700,0 107.963600,-7.085300,0 107.963900,-7.085200,0 107.964300,-7.084900,0 107.964500,-7.085000,0 107.964400,-7.085200,0 107.964300,-7.085200,0 107.964400,-7.085400,0 107.964600,-7.085500,0</coordinates></LinearRing></outerBoundaryIs></Polygon><Polygon><tessellate>1</tessellate><outerBoundaryIs><LinearRing><coordinates>107.972100,-7.084700,0 107.972000,-7.084900,0 107.972600,-7.084900,0 107.972600,-7.085000,0 107.972800,-7.085100,0 107.972800,-7.085400,0 107.972600,-7.085400,0 107.972600,-7.085300,0 107.972000,-7.085300,0 107.972000,-7.085500,0 107.972200,-7.085600,0 107.972400,-7.085500,0 107.972500,-7.085700,0 107.972700,-7.085800,0 107.972700,-7.086000,0 107.973200,-7.086400,0 107.973200,-7.086700,0 107.973300,-7.086700,0 107.973300,-7.086500,0 107.973500,-7.086400,0 107.973400,-7.086400,0 107.973400,-7.086300,0 107.973600,-7.086300,0 107.973600,-7.086000,0 107.973500,-7.085900,0 107.973600,-7.085900,0 107.973700,-7.086100,0 107.973800,-7.086100,0 107.973800,-7.086700,0 107.973900,-7.086700,0 107.973800,-7.087100,0 107.973700,-7.087200,0 107.973800,-7.087500,0 107.973600,-7.087700,0 107.973600,-7.087800,0 107.973100,-7.088200,0 107.973100,-7.088700,0 107.972600,-7.088700,0 107.972600,-7.088800,0 107.972400,-7.088800,0 107.972400,-7.088700,0 107.972600,-7.088500,0 107.972700,-7.088500,0 107.972700,-7.088300,0 107.972800,-7.088300,0 107.972700,-7.087600,0 107.972900,-7.087700,0 107.972900,-7.087600,0 107.973100,-7.087500,0 107.973000,-7.087300,0 107.972600,-7.087500,0 107.972400,-7.087500,0 107.972300,-7.087300,0 107.972300,-7.087400,0 107.972200,-7.087300,0 107.972200,-7.087100,0 107.972100,-7.087200,0 107.972000,-7.087100,0 107.972100,-7.087000,0 107.972000,-7.087000,0 107.972000,-7.086600,0 107.972100,-7.086600,0 107.972000,-7.086200,0 107.971800,-7.086100,0 107.971800,-7.086000,0 107.971600,-7.086000,0 107.971500,-7.086200,0 107.971500,-7.086100,0 107.971300,-7.086000,0 107.971600,-7.085800,0 107.971600,-7.085400,0 107.971300,-7.085400,0 107.971300,-7.085300,0 107.971600,-7.085100,0 107.971400,-7.085000,0 107.971400,-7.084900,0 107.971500,-7.084900,0 107.971500,-7.084800,0 107.971700,-7.084800,0 107.971700,-7.084600,0 107.971800,-7.084600,0 107.971800,-7.084400,0 107.971900,-7.084400,0 107.971400,-7.084300,0 107.971400,-7.084100,0 107.971700,-7.084100,0 107.971800,-7.084300,0 107.972100,-7.084300,0 107.972100,-7.084700,0</coordinates></LinearRing></outerBoundaryIs><innerBoundaryIs><LinearRing><coordinates>107.972400,-7.086600,0 107.972700,-7.086600,0 107.972700,-7.086500,0 107.972500,-7.086300,0 107.972400,-7.086300,0 107.972400,-7.086400,0 107.972300,-7.086400,0 107.972400,-7.086600,0</coordinates></LinearRing></innerBoundaryIs></Polygon><Polygon><tessellate>1</tessellate><outerBoundaryIs><LinearRing><coordinates>107.958700,-7.084000,0 107.958600,-7.084600,0 107.958200,-7.085100,0 107.958100,-7.085000,0 107.958100,-7.084200,0 107.958000,-7.084100,0 107.957800,-7.084100,0 107.957800,-7.083900,0 107.957900,-7.083700,0 107.958000,-7.083700,0 107.958000,-7.083800,0 107.958100,-7.083800,0 107.958100,-7.084000,0 107.958400,-7.084000,0 107.958400,-7.083900,0 107.958500,-7.083900,0 107.958600,-7.083700,0 107.959100,-7.083700,0 107.958700,-7.084000,0</coordinates></LinearRing></outerBoundaryIs></Polygon><Polygon><tessellate>1</tessellate><outerBoundaryIs><LinearRing><coordinates>107.958700,-7.084900,0 107.958400,-7.084900,0 107.958500,-7.084900,0 107.958700,-7.084500,0 107.958700,-7.084200,0 107.958900,-7.083900,0 107.959300,-7.083700,0 107.959300,-7.083500,0 107.959400,-7.083500,0 107.959300,-7.084600,0 107.959100,-7.084800,0 107.958700,-7.084900,0</coordinates></LinearRing></outerBoundaryIs></Polygon><Polygon><tessellate>1</tessellate><outerBoundaryIs><LinearRing><coordinates>107.960200,-7.083200,0 107.960200,-7.083500,0 107.960600,-7.083500,0 107.960700,-7.083800,0 107.960900,-7.083800,0 107.960900,-7.083900,0 107.961000,-7.083900,0 107.961000,-7.084000,0 107.961200,-7.084100,0 107.961100,-7.084700,0 107.961000,-7.084700,0 107.961000,-7.084800,0 107.960600,-7.084700,0 107.960400,-7.084900,0 107.960300,-7.084900,0 107.960200,-7.084800,0 107.959400,-7.084700,0 107.959500,-7.084400,0 107.959500,-7.083900,0 107.959900,-7.083800,0 107.960000,-7.083700,0 107.960000,-7.083400,0 107.960100,-7.083400,0 107.960000,-7.083200,0 107.960200,-7.083200,0</coordinates></LinearRing></outerBoundaryIs></Polygon><Polygon><tessellate>1</tessellate><outerBoundaryIs><LinearRing><coordinates>107.970900,-7.083100,0 107.970900,-7.083300,0 107.971000,-7.083400,0 107.970800,-7.083500,0 107.970900,-7.083700,0 107.970900,-7.084200,0 107.970700,-7.084200,0 107.970300,-7.084000,0 107.970300,-7.084100,0 107.970100,-7.084000,0 107.970100,-7.083800,0 107.969700,-7.083600,0 107.969700,-7.083500,0 107.969500,-7.083500,0 107.969500,-7.083400,0 107.969200,-7.083400,0 107.969200,-7.083200,0 107.969300,-7.083200,0 107.969400,-7.083000,0 107.969500,-7.083100,0 107.970300,-7.083100,0 107.970700,-7.082900,0 107.970800,-7.082700,0 107.970900,-7.083100,0</coordinates></LinearRing></outerBoundaryIs></Polygon><Polygon><tessellate>1</tessellate><outerBoundaryIs><LinearRing><coordinates>107.962000,-7.083300,0 107.962100,-7.083400,0 107.962200,-7.083300,0 107.962700,-7.083400,0 107.962800,-7.083600,0 107.963300,-7.083600,0 107.963400,-7.083700,0 107.963500,-7.083700,0 107.963500,-7.083600,0 107.963600,-7.083700,0 107.963500,-7.083900,0 107.963600,-7.084000,0 107.963700,-7.083700,0 107.963900,-7.083700,0 107.963800,-7.083900,0 107.964100,-7.084000,0 107.964000,-7.084200,0 107.964500,-7.084300,0 107.964400,-7.084700,0 107.964100,-7.084700,0 107.964100,-7.084900,0 107.963600,-7.085300,0 107.963500,-7.085300,0 107.963400,-7.085500,0 107.962900,-7.085500,0 107.962500,-7.085400,0 107.962300,-7.086000,0 107.962300,-7.086800,0 107.962200,-7.087000,0 107.961700,-7.087000,0 107.961000,-7.087300,0 107.960700,-7.087900,0 107.960500,-7.087900,0 107.960500,-7.088100,0 107.960200,-7.088100,0 107.959800,-7.088300,0 107.959800,-7.088200,0 107.959700,-7.088200,0 107.959800,-7.087800,0 107.959700,-7.087700,0 107.959600,-7.086900,0 107.959500,-7.086800,0 107.959600,-7.086500,0 107.959500,-7.086500,0 107.959500,-7.086300,0 107.959200,-7.086200,0 107.959200,-7.085900,0 107.959700,-7.085900,0 107.959800,-7.086000,0 107.959800,-7.086200,0 107.960000,-7.086200,0 107.959900,-7.086100,0 107.960300,-7.086100,0 107.960300,-7.086300,0 107.960200,-7.086300,0 107.960200,-7.086400,0 107.960600,-7.086300,0 107.960600,-7.086000,0 107.960500,-7.085800,0 107.960300,-7.085900,0 107.960300,-7.086000,0 107.960200,-7.086000,0 107.960000,-7.085900,0 107.960000,-7.085700,0 107.959800,-7.085700,0 107.959800,-7.085300,0 107.960100,-7.085300,0 107.960100,-7.085000,0 107.960500,-7.085000,0 107.960600,-7.084800,0 107.960800,-7.084800,0 107.961000,-7.084900,0 107.961000,-7.085200,0 107.961100,-7.085200,0 107.961100,-7.085300,0 107.961300,-7.085400,0 107.961300,-7.085500,0 107.961400,-7.085500,0 107.961400,-7.085700,0 107.961500,-7.085700,0 107.961500,-7.085900,0 107.961400,-7.085900,0 107.961400,-7.086400,0 107.961500,-7.086200,0 107.961700,-7.086200,0 107.961700,-7.086300,0 107.962000,-7.086300,0 107.961400,-7.086000,0 107.961600,-7.085900,0 107.961600,-7.085700,0 107.961500,-7.085500,0 107.961300,-7.085400,0 107.961200,-7.085000,0 107.961100,-7.085000,0 107.961200,-7.084400,0 107.961300,-7.084400,0 107.961400,-7.084200,0 107.961300,-7.084000,0 107.961400,-7.083900,0 107.961200,-7.083800,0 107.961600,-7.083800,0 107.961600,-7.083700,0 107.961800,-7.083700,0 107.961800,-7.083600,0 107.961700,-7.083600,0 107.961700,-7.083400,0 107.961600,-7.083400,0 107.961400,-7.083000,0 107.961300,-7.083000,0 107.961000,-7.082700,0 107.961500,-7.082700,0 107.961700,-7.082900,0 107.961800,-7.082900,0 107.962000,-7.083300,0</coordinates></LinearRing></outerBoundaryIs><innerBoundaryIs><LinearRing><coordinates>107.961900,-7.085300,0 107.962100,-7.085400,0 107.962500,-7.085300,0 107.962400,-7.084900,0 107.961900,-7.084900,0 107.961900,-7.085300,0</coordinates></LinearRing></innerBoundaryIs></Polygon><Polygon><tessellate>1</tessellate><outerBoundaryIs><LinearRing><coordinates>107.968200,-7.082200,0 107.968400,-7.082200,0 107.968400,-7.082300,0 107.968800,-7.082700,0 107.968900,-7.082700,0 107.968900,-7.082800,0 107.969100,-7.082800,0 107.969300,-7.083000,0 107.969300,-7.083100,0 107.969200,-7.083100,0 107.969200,-7.083400,0 107.968600,-7.083300,0 107.968500,-7.083600,0 107.968300,-7.083700,0 107.968600,-7.084100,0 107.968900,-7.085100,0 107.969100,-7.085200,0 107.969200,-7.085400,0 107.969200,-7.085700,0 107.969700,-7.085800,0 107.969800,-7.085900,0 107.969800,-7.086100,0 107.969700,-7.086200,0 107.969500,-7.086100,0 107.969400,-7.085900,0 107.969200,-7.085900,0 107.969000,-7.086100,0 107.969200,-7.086700,0 107.968700,-7.086800,0 107.968700,-7.087200,0 107.969200,-7.087600,0 107.969700,-7.087700,0 107.970500,-7.088100,0 107.970400,-7.088100,0 107.970400,-7.088200,0 107.970500,-7.088200,0 107.970500,-7.088300,0 107.970400,-7.088300,0 107.970400,-7.088800,0 107.970500,-7.088800,0 107.970500,-7.089000,0 107.970600,-7.089000,0 107.970600,-7.089100,0 107.970800,-7.089000,0 107.970800,-7.088800,0 107.970900,-7.088800,0 107.971000,-7.088600,0 107.971000,-7.088500,0 107.970700,-7.088500,0 107.970800,-7.088100,0 107.971200,-7.088300,0 107.971300,-7.088500,0 107.971400,-7.088500,0 107.971400,-7.088600,0 107.971700,-7.088600,0 107.971800,-7.088700,0 107.971600,-7.088800,0 107.972000,-7.088800,0 107.972200,-7.088700,0 107.972300,-7.089000,0 107.972100,-7.089000,0 107.972100,-7.089200,0 107.972300,-7.089300,0 107.972500,-7.089600,0 107.972600,-7.089900,0 107.972600,-7.090500,0 107.972400,-7.090500,0 107.972300,-7.090400,0 107.972200,-7.090400,0 107.972200,-7.090500,0 107.972000,-7.090500,0 107.971900,-7.091100,0 107.972400,-7.091500,0 107.972600,-7.091400,0 107.972500,-7.092300,0 107.972400,-7.092400,0 107.972300,-7.092200,0 107.972000,-7.092100,0 107.972000,-7.092000,0 107.971600,-7.091900,0 107.971600,-7.091800,0 107.971800,-7.091700,0 107.971800,-7.091500,0 107.971700,-7.091400,0 107.971400,-7.091400,0 107.971400,-7.091800,0 107.971100,-7.091800,0 107.971000,-7.092100,0 107.970400,-7.092000,0 107.970200,-7.091900,0 107.970300,-7.091800,0 107.970100,-7.091700,0 107.969900,-7.091700,0 107.969900,-7.091900,0 107.969700,-7.092000,0 107.969700,-7.092100,0 107.969100,-7.092100,0 107.969200,-7.091100,0 107.969100,-7.091100,0 107.969100,-7.090900,0 107.968900,-7.090900,0 107.968800,-7.090800,0 107.968900,-7.090500,0 107.969400,-7.090500,0 107.969400,-7.090300,0 107.969600,-7.090300,0 107.969600,-7.090100,0 107.969500,-7.090000,0 107.969700,-7.090000,0 107.969700,-7.090100,0 107.969800,-7.090100,0 107.969800,-7.090000,0 107.969700,-7.089800,0 107.969300,-7.089600,0 107.969000,-7.089600,0 107.969000,-7.089200,0 107.969400,-7.089400,0 107.970000,-7.089400,0 107.970100,-7.089200,0 107.970100,-7.088700,0 107.969900,-7.088600,0 107.969800,-7.088400,0 107.969500,-7.088400,0 107.969500,-7.088300,0 107.969300,-7.088200,0 107.968900,-7.088400,0 107.968800,-7.088600,0 107.968800,-7.088900,0 107.968700,-7.088900,0 107.968500,-7.089100,0 107.968600,-7.089200,0 107.969000,-7.089200,0 107.969000,-7.089600,0 107.968600,-7.089600,0 107.968600,-7.089700,0 107.968400,-7.089700,0 107.968300,-7.089900,0 107.968200,-7.089900,0 107.968200,-7.090000,0 107.968400,-7.090100,0 107.968400,-7.090000,0 107.968500,-7.090000,0 107.968500,-7.090100,0 107.968400,-7.090100,0 107.968400,-7.090300,0 107.968000,-7.090200,0 107.968000,-7.090400,0 107.968200,-7.090400,0 107.968200,-7.090700,0 107.967800,-7.090600,0 107.967800,-7.090100,0 107.967600,-7.090100,0 107.967600,-7.089900,0 107.967700,-7.089900,0 107.967700,-7.089800,0 107.967500,-7.089700,0 107.967400,-7.089500,0 107.967400,-7.089200,0 107.967600,-7.089400,0 107.967700,-7.089300,0 107.967500,-7.089100,0 107.967500,-7.088800,0 107.967300,-7.088800,0 107.967300,-7.088700,0 107.967200,-7.088700,0 107.967200,-7.088400,0 107.967300,-7.088200,0 107.967500,-7.088100,0 107.967500,-7.087800,0 107.967600,-7.087700,0 107.967400,-7.087500,0 107.967300,-7.087600,0 107.967000,-7.087300,0 107.966600,-7.087300,0 107.966700,-7.087000,0 107.966800,-7.087000,0 107.966800,-7.086800,0 107.966900,-7.086800,0 107.966900,-7.086700,0 107.967100,-7.086700,0 107.967100,-7.086500,0 107.967000,-7.086400,0 107.967100,-7.086100,0 107.966900,-7.086100,0 107.967100,-7.085800,0 107.967000,-7.085700,0 107.966800,-7.085800,0 107.966600,-7.085600,0 107.966300,-7.085500,0 107.966100,-7.085500,0 107.966000,-7.086100,0 107.965800,-7.086100,0 107.965800,-7.085900,0 107.965700,-7.085900,0 107.965500,-7.086700,0 107.966300,-7.086900,0 107.966300,-7.087200,0 107.966100,-7.087200,0 107.966100,-7.087300,0 107.965700,-7.087500,0 107.965800,-7.088100,0 107.965900,-7.088100,0 107.965900,-7.088200,0 107.966200,-7.088200,0 107.966300,-7.088400,0 107.966100,-7.088600,0 107.966100,-7.088700,0 107.965700,-7.088800,0 107.965700,-7.088900,0 107.965500,-7.088900,0 107.965400,-7.089100,0 107.965400,-7.089400,0 107.965600,-7.089500,0 107.965600,-7.089600,0 107.965800,-7.089600,0 107.965900,-7.089700,0 107.966100,-7.089700,0 107.966100,-7.089600,0 107.966400,-7.089700,0 107.966400,-7.090000,0 107.966500,-7.090000,0 107.966500,-7.090100,0 107.967100,-7.090100,0 107.967100,-7.090400,0 107.967000,-7.090500,0 107.966600,-7.090500,0 107.966500,-7.090600,0 107.966600,-7.091000,0 107.966200,-7.090900,0 107.966400,-7.091300,0 107.966000,-7.091500,0 107.965800,-7.091400,0 107.965700,-7.091200,0 107.965700,-7.091100,0 107.965800,-7.091100,0 107.965700,-7.090900,0 107.965400,-7.090900,0 107.965300,-7.091000,0 107.965300,-7.090600,0 107.965100,-7.090500,0 107.964900,-7.090800,0 107.964800,-7.090800,0 107.964800,-7.090400,0 107.964900,-7.090400,0 107.964900,-7.090300,0 107.964800,-7.090300,0 107.964900,-7.090000,0 107.965000,-7.090000,0 107.965100,-7.089800,0 107.964900,-7.089600,0 107.964700,-7.089700,0 107.964700,-7.089200,0 107.964600,-7.089200,0 107.964600,-7.089300,0 107.964500,-7.089200,0 107.964300,-7.089200,0 107.964300,-7.088900,0 107.964400,-7.088700,0 107.964300,-7.088500,0 107.964200,-7.088500,0 107.964200,-7.088400,0 107.964100,-7.088400,0 107.964100,-7.088300,0 107.964000,-7.088400,0 107.963800,-7.088200,0 107.963800,-7.088000,0 107.963600,-7.087800,0 107.963600,-7.087600,0 107.963700,-7.087400,0 107.963900,-7.087300,0 107.964700,-7.087300,0 107.964600,-7.086700,0 107.964400,-7.086600,0 107.964400,-7.086400,0 107.964800,-7.086600,0 107.964800,-7.086400,0 107.964900,-7.086400,0 107.964900,-7.086300,0 107.964700,-7.086300,0 107.964600,-7.085700,0 107.964800,-7.085800,0 107.964800,-7.085700,0 107.965500,-7.085600,0 107.965500,-7.085400,0 107.965900,-7.085400,0 107.966000,-7.085300,0 107.966000,-7.085100,0 107.966100,-7.085100,0 107.966100,-7.085200,0 107.966300,-7.085200,0 107.966300,-7.085000,0 107.966100,-7.084600,0 107.966000,-7.084500,0 107.965800,-7.084500,0 107.965800,-7.084200,0 107.965700,-7.084200,0 107.965700,-7.084100,0 107.966100,-7.084100,0 107.966100,-7.084200,0 107.966200,-7.084200,0 107.966200,-7.084000,0 107.966100,-7.084000,0 107.966100,-7.083800,0 107.966000,-7.083700,0 107.966200,-7.083000,0 107.966100,-7.082900,0 107.966200,-7.082800,0 107.966000,-7.082800,0 107.966100,-7.082600,0 107.966000,-7.082500,0 107.966300,-7.082300,0 107.966300,-7.082200,0 107.966400,-7.082300,0 107.966700,-7.082300,0 107.967000,-7.082200,0 107.967500,-7.082200,0 107.967600,-7.082100,0 107.968000,-7.082100,0 107.968200,-7.082200,0</coordinates></LinearRing></outerBoundaryIs><innerBoundaryIs><LinearRing><coordinates>107.967500,-7.083100,0 107.967000,-7.083100,0 107.966900,-7.083200,0 107.966900,-7.083400,0 107.967000,-7.083500,0 107.967300,-7.083500,0 107.967300,-7.083400,0 107.967700,-7.083400,0 107.967700,-7.083100,0 107.967600,-7.083000,0 107.967500,-7.083100,0</coordinates></LinearRing></innerBoundaryIs><innerBoundaryIs><LinearRing><coordinates>107.967000,-7.084100,0 107.967000,-7.084200,0 107.967600,-7.084600,0 107.967500,-7.084200,0 107.967100,-7.083900,0 107.966900,-7.083900,0 107.966900,-7.084100,0 107.967000,-7.084100,0</coordinates></LinearRing></innerBoundaryIs><innerBoundaryIs><LinearRing><coordinates>107.967800,-7.085200,0 107.967900,-7.085600,0 107.968100,-7.085700,0 107.968100,-7.085800,0 107.968200,-7.085800,0 107.968100,-7.085400,0 107.968300,-7.085400,0 107.968200,-7.085200,0 107.968100,-7.085300,0 107.968100,-7.085000,0 107.967900,-7.084800,0 107.967800,-7.084900,0 107.967800,-7.085200,0</coordinates></LinearRing></innerBoundaryIs><innerBoundaryIs><LinearRing><coordinates>107.967800,-7.087500,0 107.968100,-7.087600,0 107.968300,-7.087500,0 107.968500,-7.086700,0 107.968200,-7.086700,0 107.967900,-7.086900,0 107.967900,-7.087000,0 107.967800,-7.087000,0 107.967800,-7.087200,0 107.967700,-7.087300,0 107.967800,-7.087500,0</coordinates></LinearRing></innerBoundaryIs><innerBoundaryIs><LinearRing><coordinates>107.971200,-7.090100,0 107.971100,-7.090200,0 107.970700,-7.090200,0 107.970700,-7.090400,0 107.971100,-7.090600,0 107.971500,-7.090600,0 107.971600,-7.090400,0 107.971800,-7.090300,0 107.971700,-7.090200,0 107.971200,-7.090100,0</coordinates></LinearRing></innerBoundaryIs></Polygon><Polygon><tessellate>1</tessellate><outerBoundaryIs><LinearRing><coordinates>107.958600,-7.082100,0 107.958900,-7.082100,0 107.958900,-7.082200,0 107.958700,-7.082300,0 107.958400,-7.082300,0 107.958600,-7.081900,0 107.958700,-7.082000,0 107.958600,-7.082000,0 107.958600,-7.082100,0</coordinates></LinearRing></outerBoundaryIs></Polygon><Polygon><tessellate>1</tessellate><outerBoundaryIs><LinearRing><coordinates>107.960600,-7.081900,0 107.960500,-7.082100,0 107.960400,-7.082100,0 107.960400,-7.082000,0 107.960400,-7.082300,0 107.960300,-7.082200,0 107.960300,-7.081900,0 107.960200,-7.082200,0 107.960000,-7.082100,0 107.960100,-7.081700,0 107.960300,-7.081700,0 107.960300,-7.081800,0 107.960500,-7.081800,0 107.960600,-7.081900,0</coordinates></LinearRing></outerBoundaryIs></Polygon><Polygon><tessellate>1</tessellate><outerBoundaryIs><LinearRing><coordinates>107.959600,-7.081600,0 107.959600,-7.081800,0 107.959300,-7.081800,0 107.959100,-7.081700,0 107.959200,-7.081500,0 107.959400,-7.081600,0 107.959500,-7.081300,0 107.959700,-7.081400,0 107.959600,-7.081600,0</coordinates></LinearRing></outerBoundaryIs></Polygon><Polygon><tessellate>1</tessellate><outerBoundaryIs><LinearRing><coordinates>107.965300,-7.080600,0 107.965500,-7.080600,0 107.965500,-7.080500,0 107.965800,-7.080400,0 107.966000,-7.081000,0 107.965800,-7.081000,0 107.965800,-7.081100,0 107.965500,-7.081100,0 107.965500,-7.081400,0 107.965200,-7.081600,0 107.965100,-7.081900,0 107.965000,-7.081800,0 107.964900,-7.082700,0 107.964600,-7.082600,0 107.964700,-7.082800,0 107.964500,-7.083100,0 107.964700,-7.083200,0 107.964600,-7.083300,0 107.964600,-7.083500,0 107.964400,-7.083600,0 107.964400,-7.083800,0 107.963600,-7.083600,0 107.963600,-7.083400,0 107.963300,-7.083000,0 107.963400,-7.082900,0 107.963400,-7.082700,0 107.963700,-7.082700,0 107.963600,-7.082500,0 107.963700,-7.082300,0 107.963800,-7.082300,0 107.963800,-7.082100,0 107.963900,-7.082100,0 107.963900,-7.082000,0 107.963800,-7.082000,0 107.963800,-7.081800,0 107.963900,-7.081800,0 107.963900,-7.081700,0 107.963600,-7.081600,0 107.963500,-7.081400,0 107.963200,-7.081400,0 107.963100,-7.080900,0 107.963400,-7.080900,0 107.963600,-7.080800,0 107.963700,-7.081000,0 107.963800,-7.081000,0 107.963800,-7.080800,0 107.964100,-7.080700,0 107.964100,-7.081100,0 107.964200,-7.081100,0 107.964200,-7.081400,0 107.964400,-7.081400,0 107.964500,-7.081300,0 107.964600,-7.081300,0 107.964600,-7.081400,0 107.964600,-7.081300,0 107.964700,-7.081300,0 107.964700,-7.081200,0 107.964600,-7.081200,0 107.964700,-7.081200,0 107.964700,-7.080900,0 107.964600,-7.080900,0 107.964600,-7.080600,0 107.964500,-7.080400,0 107.964700,-7.080000,0 107.964800,-7.080100,0 107.965100,-7.080100,0 107.965100,-7.080200,0 107.965300,-7.080200,0 107.965300,-7.080600,0</coordinates></LinearRing></outerBoundaryIs></Polygon><Polygon><tessellate>1</tessellate><outerBoundaryIs><LinearRing><coordinates>107.964400,-7.080500,0 107.964300,-7.080600,0 107.964200,-7.080500,0 107.964200,-7.080200,0 107.964300,-7.080000,0 107.964400,-7.080100,0 107.964600,-7.080100,0 107.964400,-7.080500,0</coordinates></LinearRing></outerBoundaryIs></Polygon><Polygon><tessellate>1</tessellate><outerBoundaryIs><LinearRing><coordinates>107.966800,-7.079400,0 107.966700,-7.079500,0 107.967000,-7.079500,0 107.967200,-7.080500,0 107.967000,-7.080600,0 107.967000,-7.080700,0 107.966900,-7.080700,0 107.966800,-7.080900,0 107.966000,-7.081000,0 107.966000,-7.080700,0 107.965900,-7.080700,0 107.965800,-7.080400,0 107.965900,-7.080400,0 107.966000,-7.080200,0 107.966100,-7.080200,0 107.966100,-7.080100,0 107.966300,-7.080000,0 107.966300,-7.079600,0 107.966200,-7.079600,0 107.966200,-7.079500,0 107.966600,-7.079300,0 107.966600,-7.079400,0 107.966800,-7.079400,0</coordinates></LinearRing></outerBoundaryIs></Polygon><Polygon><tessellate>1</tessellate><outerBoundaryIs><LinearRing><coordinates>107.967800,-7.078500,0 107.968100,-7.078500,0 107.968200,-7.078900,0 107.968300,-7.079000,0 107.968500,-7.079000,0 107.968400,-7.079100,0 107.968400,-7.079300,0 107.968500,-7.079300,0 107.968400,-7.080100,0 107.968300,-7.080100,0 107.968300,-7.080200,0 107.967900,-7.080200,0 107.967600,-7.080100,0 107.967600,-7.079900,0 107.967100,-7.079900,0 107.967000,-7.079400,0 107.967300,-7.079400,0 107.967500,-7.079200,0 107.967500,-7.079100,0 107.967600,-7.079100,0 107.967700,-7.078500,0 107.967800,-7.078500,0</coordinates></LinearRing></outerBoundaryIs></Polygon><Polygon><tessellate>1</tessellate><outerBoundaryIs><LinearRing><coordinates>107.974700,-7.078400,0 107.974800,-7.078600,0 107.975000,-7.078600,0 107.975000,-7.078700,0 107.975200,-7.078600,0 107.975400,-7.079000,0 107.975600,-7.079000,0 107.975700,-7.079100,0 107.976100,-7.079000,0 107.976200,-7.078900,0 107.976400,-7.078900,0 107.976400,-7.078700,0 107.976500,-7.078700,0 107.976500,-7.078600,0 107.976800,-7.078700,0 107.976800,-7.078900,0 107.976600,-7.079100,0 107.976300,-7.079200,0 107.976300,-7.079500,0 107.976400,-7.079500,0 107.976400,-7.080000,0 107.976200,-7.080000,0 107.975900,-7.080200,0 107.975400,-7.080100,0 107.975400,-7.080400,0 107.975600,-7.080500,0 107.975600,-7.081000,0 107.975800,-7.081000,0 107.976100,-7.080800,0 107.976300,-7.080800,0 107.976300,-7.080700,0 107.976600,-7.080700,0 107.976600,-7.080900,0 107.976500,-7.080900,0 107.976600,-7.080900,0 107.976600,-7.081100,0 107.976700,-7.081100,0 107.976700,-7.081200,0 107.976300,-7.081300,0 107.976300,-7.081400,0 107.976100,-7.081500,0 107.976000,-7.081400,0 107.975300,-7.081400,0 107.975300,-7.081300,0 107.975200,-7.081300,0 107.975200,-7.081100,0 107.974800,-7.081200,0 107.974900,-7.081300,0 107.974800,-7.081500,0 107.974900,-7.081500,0 107.975000,-7.081900,0 107.975100,-7.081900,0 107.975200,-7.082100,0 107.975200,-7.082300,0 107.975200,-7.082200,0 107.975100,-7.082200,0 107.975100,-7.082400,0 107.975700,-7.082600,0 107.975700,-7.082900,0 107.975900,-7.083100,0 107.975900,-7.083200,0 107.975800,-7.083200,0 107.975800,-7.083300,0 107.975700,-7.083200,0 107.975700,-7.083000,0 107.975600,-7.083000,0 107.975600,-7.082900,0 107.975400,-7.082800,0 107.975400,-7.082700,0 107.975300,-7.082700,0 107.975200,-7.083000,0 107.975100,-7.083000,0 107.975100,-7.083300,0 107.975000,-7.083300,0 107.975000,-7.083400,0 107.975200,-7.083400,0 107.975200,-7.083500,0 107.975100,-7.083500,0 107.975100,-7.083700,0 107.975000,-7.083700,0 107.974900,-7.084000,0 107.974600,-7.084000,0 107.974500,-7.084400,0 107.974100,-7.084500,0 107.974100,-7.084600,0 107.974200,-7.084600,0 107.974100,-7.085100,0 107.973700,-7.084900,0 107.973700,-7.084700,0 107.973500,-7.084700,0 107.973500,-7.084100,0 107.973400,-7.084100,0 107.973300,-7.083900,0 107.973000,-7.083800,0 107.972800,-7.083400,0 107.972700,-7.083400,0 107.972700,-7.083300,0 107.972600,-7.083300,0 107.972600,-7.083400,0 107.971700,-7.083400,0 107.971700,-7.083600,0 107.971500,-7.083700,0 107.971300,-7.083700,0 107.971300,-7.083600,0 107.971000,-7.083500,0 107.971000,-7.083200,0 107.970800,-7.082800,0 107.971100,-7.082400,0 107.971300,-7.082500,0 107.972300,-7.082500,0 107.972300,-7.082400,0 107.972500,-7.082400,0 107.972500,-7.081800,0 107.972800,-7.081800,0 107.972800,-7.081600,0 107.972600,-7.081400,0 107.972500,-7.081400,0 107.972500,-7.081200,0 107.972200,-7.081100,0 107.972200,-7.081200,0 107.972000,-7.081200,0 107.971800,-7.081100,0 107.971500,-7.081200,0 107.971500,-7.081300,0 107.971300,-7.081400,0 107.971000,-7.081100,0 107.970800,-7.081100,0 107.970800,-7.081000,0 107.970400,-7.080800,0 107.970100,-7.080800,0 107.969900,-7.080900,0 107.969800,-7.080600,0 107.969100,-7.081000,0 107.969100,-7.081100,0 107.969000,-7.081100,0 107.969000,-7.081000,0 107.968700,-7.081000,0 107.968700,-7.081100,0 107.968500,-7.081200,0 107.968500,-7.081100,0 107.968200,-7.081100,0 107.968200,-7.080800,0 107.968800,-7.080700,0 107.968800,-7.080600,0 107.968900,-7.080600,0 107.969000,-7.080400,0 107.968900,-7.080300,0 107.968900,-7.080100,0 107.968500,-7.080100,0 107.968500,-7.079300,0 107.970000,-7.079500,0 107.970100,-7.079600,0 107.970200,-7.080400,0 107.970300,-7.080500,0 107.970500,-7.080500,0 107.970500,-7.080600,0 107.970700,-7.080600,0 107.970700,-7.080500,0 107.970800,-7.080500,0 107.970900,-7.079900,0 107.971000,-7.079900,0 107.971000,-7.079800,0 107.971100,-7.079900,0 107.971300,-7.079900,0 107.971300,-7.079800,0 107.972200,-7.079800,0 107.972300,-7.079700,0 107.972600,-7.079700,0 107.972700,-7.079500,0 107.972900,-7.079400,0 107.972900,-7.079300,0 107.973000,-7.079300,0 107.973000,-7.079100,0 107.973200,-7.079000,0 107.973300,-7.078700,0 107.973500,-7.078800,0 107.973600,-7.078600,0 107.974000,-7.078400,0 107.974700,-7.078400,0</coordinates></LinearRing></outerBoundaryIs><innerBoundaryIs><LinearRing><coordinates>107.973500,-7.079800,0 107.973900,-7.080300,0 107.974300,-7.080500,0 107.974400,-7.080400,0 107.974500,-7.080100,0 107.974200,-7.079700,0 107.973500,-7.079700,0 107.973500,-7.079800,0</coordinates></LinearRing></innerBoundaryIs><innerBoundaryIs><LinearRing><coordinates>107.973300,-7.081500,0 107.973600,-7.081500,0 107.973600,-7.081200,0 107.973300,-7.081100,0 107.973300,-7.081500,0</coordinates></LinearRing></innerBoundaryIs></Polygon><Polygon><tessellate>1</tessellate><outerBoundaryIs><LinearRing><coordinates>107.961200,-7.078600,0 107.961500,-7.078500,0 107.961600,-7.078600,0 107.961800,-7.078600,0 107.961800,-7.078800,0 107.961900,-7.078900,0 107.962200,-7.078900,0 107.962000,-7.079300,0 107.962000,-7.079600,0 107.961800,-7.079700,0 107.961900,-7.079900,0 107.962000,-7.079900,0 107.962000,-7.080100,0 107.961600,-7.080600,0 107.961500,-7.080900,0 107.961400,-7.080900,0 107.961400,-7.081000,0 107.961200,-7.081000,0 107.961200,-7.080800,0 107.961100,-7.080700,0 107.960800,-7.080700,0 107.960700,-7.080800,0 107.960700,-7.081000,0 107.960300,-7.081000,0 107.960200,-7.080800,0 107.960300,-7.080800,0 107.960400,-7.080600,0 107.960200,-7.080600,0 107.960100,-7.080200,0 107.960400,-7.080300,0 107.960400,-7.080500,0 107.960700,-7.080500,0 107.960800,-7.080300,0 107.960100,-7.080200,0 107.960200,-7.079900,0 107.960500,-7.079900,0 107.960500,-7.079700,0 107.960200,-7.079700,0 107.960400,-7.079200,0 107.960600,-7.078300,0 107.960900,-7.078300,0 107.961100,-7.078400,0 107.961200,-7.078600,0</coordinates></LinearRing></outerBoundaryIs></Polygon><Polygon><tessellate>1</tessellate><outerBoundaryIs><LinearRing><coordinates>107.960100,-7.079700,0 107.960000,-7.080300,0 107.959800,-7.080300,0 107.959800,-7.080500,0 107.959300,-7.080500,0 107.959100,-7.081300,0 107.958800,-7.081700,0 107.958800,-7.081900,0 107.958900,-7.081900,0 107.958900,-7.082000,0 107.958800,-7.082000,0 107.958600,-7.081700,0 107.958500,-7.081700,0 107.958500,-7.081400,0 107.958400,-7.081400,0 107.958400,-7.081100,0 107.958500,-7.081100,0 107.958400,-7.081000,0 107.958200,-7.081100,0 107.958100,-7.080900,0 107.958000,-7.080900,0 107.958000,-7.080600,0 107.958300,-7.080600,0 107.958300,-7.080100,0 107.958200,-7.080100,0 107.958300,-7.079900,0 107.958500,-7.079800,0 107.959000,-7.079800,0 107.959000,-7.079600,0 107.959200,-7.079300,0 107.959200,-7.079100,0 107.959400,-7.078900,0 107.959600,-7.078900,0 107.959700,-7.078700,0 107.959900,-7.078700,0 107.960100,-7.078300,0 107.960500,-7.078300,0 107.960100,-7.079700,0</coordinates></LinearRing></outerBoundaryIs></Polygon><Polygon><tessellate>1</tessellate><outerBoundaryIs><LinearRing><coordinates>107.959200,-7.079100,0 107.959100,-7.079300,0 107.958800,-7.079100,0 107.958800,-7.078800,0 107.959000,-7.078600,0 107.959000,-7.078100,0 107.959800,-7.078200,0 107.960000,-7.078300,0 107.960000,-7.078500,0 107.959900,-7.078600,0 107.959700,-7.078700,0 107.959700,-7.078800,0 107.959500,-7.078800,0 107.959300,-7.079000,0 107.959200,-7.079000,0 107.959200,-7.079100,0</coordinates></LinearRing></outerBoundaryIs></Polygon><Polygon><tessellate>1</tessellate><outerBoundaryIs><LinearRing><coordinates>107.957800,-7.078300,0 107.957600,-7.078300,0 107.957600,-7.078000,0 107.957500,-7.078000,0 107.957600,-7.077900,0 107.957600,-7.078000,0 107.957900,-7.078000,0 107.957900,-7.078200,0 107.957800,-7.078200,0 107.957800,-7.078300,0</coordinates></LinearRing></outerBoundaryIs></Polygon><Polygon><tessellate>1</tessellate><outerBoundaryIs><LinearRing><coordinates>107.960600,-7.077800,0 107.960500,-7.078300,0 107.960300,-7.078200,0 107.959800,-7.078200,0 107.960200,-7.078000,0 107.960400,-7.078000,0 107.960600,-7.077900,0 107.960600,-7.077800,0</coordinates></LinearRing></outerBoundaryIs></Polygon><Polygon><tessellate>1</tessellate><outerBoundaryIs><LinearRing><coordinates>107.973400,-7.078300,0 107.973300,-7.078400,0 107.973300,-7.078300,0 107.973200,-7.078300,0 107.973200,-7.077900,0 107.973300,-7.077900,0 107.973300,-7.077800,0 107.973500,-7.077800,0 107.973500,-7.078300,0 107.973400,-7.078300,0</coordinates></LinearRing></outerBoundaryIs></Polygon><Polygon><tessellate>1</tessellate><outerBoundaryIs><LinearRing><coordinates>107.963700,-7.077900,0 107.964000,-7.077800,0 107.964000,-7.077600,0 107.964100,-7.077500,0 107.964700,-7.077600,0 107.964700,-7.078300,0 107.965300,-7.078600,0 107.965800,-7.078500,0 107.965800,-7.078700,0 107.965900,-7.078800,0 107.966200,-7.078800,0 107.966200,-7.079000,0 107.966400,-7.079100,0 107.966400,-7.079400,0 107.965700,-7.079800,0 107.965400,-7.079800,0 107.964800,-7.079300,0 107.964500,-7.079300,0 107.964300,-7.079400,0 107.964200,-7.079700,0 107.964100,-7.079700,0 107.964100,-7.079800,0 107.963700,-7.080200,0 107.963400,-7.080300,0 107.963000,-7.080300,0 107.962900,-7.080600,0 107.962700,-7.080600,0 107.962700,-7.080700,0 107.962200,-7.080700,0 107.962200,-7.080800,0 107.962100,-7.080800,0 107.962100,-7.081100,0 107.961900,-7.081200,0 107.961800,-7.081100,0 107.961900,-7.080900,0 107.961800,-7.080900,0 107.961800,-7.081000,0 107.961600,-7.081000,0 107.961600,-7.080800,0 107.961700,-7.080800,0 107.961900,-7.080400,0 107.962100,-7.080200,0 107.962100,-7.079900,0 107.962000,-7.079700,0 107.962200,-7.079500,0 107.962300,-7.078700,0 107.962400,-7.078700,0 107.962400,-7.078600,0 107.962400,-7.078700,0 107.962800,-7.078700,0 107.962800,-7.078400,0 107.963000,-7.078300,0 107.963200,-7.077900,0 107.963200,-7.077500,0 107.963600,-7.077700,0 107.963700,-7.077900,0</coordinates></LinearRing></outerBoundaryIs><innerBoundaryIs><LinearRing><coordinates>107.964800,-7.078700,0 107.965400,-7.078900,0 107.965400,-7.078800,0 107.964700,-7.078500,0 107.964700,-7.078700,0 107.964800,-7.078700,0</coordinates></LinearRing></innerBoundaryIs></Polygon><Polygon><tessellate>1</tessellate><outerBoundaryIs><LinearRing><coordinates>107.968000,-7.077700,0 107.968000,-7.077800,0 107.968200,-7.077900,0 107.968200,-7.078000,0 107.968000,-7.078100,0 107.968000,-7.078200,0 107.967600,-7.078200,0 107.967400,-7.078100,0 107.967400,-7.078000,0 107.967300,-7.078000,0 107.967300,-7.077900,0 107.967000,-7.077900,0 107.967200,-7.077700,0 107.967400,-7.077700,0 107.967400,-7.077800,0 107.967400,-7.077700,0 107.967500,-7.077700,0 107.967600,-7.077500,0 107.967800,-7.077500,0 107.967800,-7.077400,0 107.967900,-7.077400,0 107.967900,-7.077600,0 107.968000,-7.077600,0 107.968000,-7.077700,0</coordinates></LinearRing></outerBoundaryIs></Polygon><Polygon><tessellate>1</tessellate><outerBoundaryIs><LinearRing><coordinates>107.966500,-7.078000,0 107.966200,-7.078000,0 107.966100,-7.078100,0 107.966100,-7.078000,0 107.966100,-7.078100,0 107.966000,-7.078000,0 107.966000,-7.077800,0 107.966400,-7.077000,0 107.966600,-7.077000,0 107.966700,-7.077200,0 107.966900,-7.077200,0 107.966800,-7.077900,0 107.966600,-7.077900,0 107.966500,-7.078000,0</coordinates></LinearRing></outerBoundaryIs></Polygon><Polygon><tessellate>1</tessellate><outerBoundaryIs><LinearRing><coordinates>107.968700,-7.077200,0 107.968700,-7.077400,0 107.968600,-7.077400,0 107.968600,-7.077600,0 107.968400,-7.077700,0 107.968500,-7.077700,0 107.968400,-7.077800,0 107.968100,-7.077700,0 107.968100,-7.077400,0 107.968200,-7.077400,0 107.968300,-7.077200,0 107.968400,-7.077300,0 107.968400,-7.077200,0 107.968500,-7.077200,0 107.968400,-7.077200,0 107.968400,-7.076900,0 107.968700,-7.077000,0 107.968700,-7.077200,0</coordinates></LinearRing></outerBoundaryIs></Polygon><Polygon><tessellate>1</tessellate><outerBoundaryIs><LinearRing><coordinates>107.975500,-7.077600,0 107.975500,-7.077900,0 107.975100,-7.077900,0 107.975000,-7.078000,0 107.975000,-7.077900,0 107.974900,-7.077900,0 107.974700,-7.077700,0 107.974900,-7.077600,0 107.975000,-7.077400,0 107.975200,-7.077400,0 107.975300,-7.077300,0 107.975300,-7.076900,0 107.975400,-7.076900,0 107.975400,-7.077300,0 107.975500,-7.077300,0 107.975500,-7.077600,0</coordinates></LinearRing></outerBoundaryIs></Polygon><Polygon><tessellate>1</tessellate><outerBoundaryIs><LinearRing><coordinates>107.960100,-7.077000,0 107.960300,-7.077000,0 107.960300,-7.076900,0 107.960400,-7.076900,0 107.960800,-7.077100,0 107.960600,-7.077800,0 107.960500,-7.077900,0 107.960300,-7.077900,0 107.960100,-7.078100,0 107.959900,-7.078100,0 107.959800,-7.078200,0 107.959500,-7.078100,0 107.959100,-7.078100,0 107.958800,-7.077900,0 107.958500,-7.077900,0 107.958100,-7.077700,0 107.958200,-7.077700,0 107.958300,-7.077300,0 107.958500,-7.077200,0 107.958500,-7.076800,0 107.958800,-7.076800,0 107.959000,-7.076700,0 107.959500,-7.076900,0 107.960100,-7.077000,0</coordinates></LinearRing></outerBoundaryIs></Polygon><Polygon><tessellate>1</tessellate><outerBoundaryIs><LinearRing><coordinates>107.972500,-7.077000,0 107.972900,-7.077000,0 107.973400,-7.077300,0 107.973000,-7.077400,0 107.972900,-7.077600,0 107.972700,-7.077600,0 107.972700,-7.077500,0 107.972800,-7.077500,0 107.972800,-7.077200,0 107.972700,-7.077100,0 107.972400,-7.077100,0 107.972400,-7.077200,0 107.972200,-7.077200,0 107.972200,-7.077100,0 107.971900,-7.077000,0 107.971900,-7.076700,0 107.972000,-7.076700,0 107.972100,-7.076500,0 107.972100,-7.076600,0 107.972200,-7.076600,0 107.972200,-7.076800,0 107.972500,-7.077000,0</coordinates></LinearRing></outerBoundaryIs></Polygon><Polygon><tessellate>1</tessellate><outerBoundaryIs><LinearRing><coordinates>107.974700,-7.076700,0 107.974900,-7.076700,0 107.974900,-7.076800,0 107.975000,-7.076800,0 107.975000,-7.076900,0 107.975300,-7.077200,0 107.975200,-7.077400,0 107.975000,-7.077400,0 107.974900,-7.077600,0 107.974700,-7.077500,0 107.974200,-7.077500,0 107.974200,-7.077300,0 107.974100,-7.077300,0 107.974100,-7.077200,0 107.973900,-7.077200,0 107.973900,-7.077100,0 107.973700,-7.077000,0 107.973800,-7.076400,0 107.974300,-7.076200,0 107.974300,-7.076300,0 107.974400,-7.076300,0 107.974400,-7.076600,0 107.974700,-7.076700,0</coordinates></LinearRing></outerBoundaryIs></Polygon><Polygon><tessellate>1</tessellate><outerBoundaryIs><LinearRing><coordinates>107.961000,-7.076400,0 107.960800,-7.076800,0 107.960400,-7.076900,0 107.960500,-7.076500,0 107.960400,-7.076500,0 107.960300,-7.076100,0 107.960700,-7.076100,0 107.960700,-7.076300,0 107.960800,-7.076300,0 107.960800,-7.076400,0 107.961000,-7.076400,0</coordinates></LinearRing></outerBoundaryIs></Polygon><Polygon><tessellate>1</tessellate><outerBoundaryIs><LinearRing><coordinates>107.973400,-7.075400,0 107.973600,-7.075400,0 107.973600,-7.075600,0 107.973700,-7.075700,0 107.973400,-7.075700,0 107.973400,-7.075800,0 107.973200,-7.075900,0 107.973100,-7.076200,0 107.973000,-7.076200,0 107.973100,-7.076600,0 107.973200,-7.076700,0 107.973200,-7.077000,0 107.973000,-7.076900,0 107.972600,-7.076900,0 107.972600,-7.076800,0 107.972200,-7.076800,0 107.972200,-7.076400,0 107.972300,-7.076500,0 107.972500,-7.076500,0 107.972500,-7.076200,0 107.972600,-7.076100,0 107.972600,-7.075700,0 107.972700,-7.075500,0 107.972900,-7.075500,0 107.973100,-7.075300,0 107.973300,-7.075300,0 107.973300,-7.075400,0 107.973400,-7.075400,0</coordinates></LinearRing></outerBoundaryIs></Polygon><Polygon><tessellate>1</tessellate><outerBoundaryIs><LinearRing><coordinates>107.966500,-7.075800,0 107.966300,-7.075800,0 107.966200,-7.075700,0 107.966200,-7.075400,0 107.966500,-7.075400,0 107.966500,-7.075300,0 107.967200,-7.075300,0 107.967100,-7.075700,0 107.966500,-7.075800,0</coordinates></LinearRing></outerBoundaryIs></Polygon><Polygon><tessellate>1</tessellate><outerBoundaryIs><LinearRing><coordinates>107.970700,-7.075300,0 107.970700,-7.075400,0 107.970800,-7.075400,0 107.971200,-7.075200,0 107.971200,-7.075500,0 107.971300,-7.075500,0 107.971400,-7.076000,0 107.972000,-7.076400,0 107.971800,-7.076700,0 107.971800,-7.077000,0 107.971900,-7.077000,0 107.971900,-7.077100,0 107.972100,-7.077200,0 107.972200,-7.077400,0 107.972400,-7.077400,0 107.972400,-7.077300,0 107.972700,-7.077300,0 107.972700,-7.077400,0 107.972600,-7.077400,0 107.972600,-7.077700,0 107.972800,-7.077800,0 107.972700,-7.077900,0 107.972900,-7.078000,0 107.972900,-7.078200,0 107.972300,-7.078000,0 107.972200,-7.078200,0 107.972000,-7.078100,0 107.971800,-7.077500,0 107.971700,-7.077500,0 107.971500,-7.077300,0 107.971300,-7.077300,0 107.971200,-7.077100,0 107.970900,-7.077000,0 107.970600,-7.076500,0 107.970400,-7.076400,0 107.970400,-7.076300,0 107.970500,-7.076300,0 107.970400,-7.076100,0 107.970300,-7.076100,0 107.970200,-7.076300,0 107.969800,-7.076400,0 107.969700,-7.076500,0 107.969600,-7.076300,0 107.969500,-7.076300,0 107.969500,-7.076400,0 107.969200,-7.076500,0 107.969300,-7.076700,0 107.969100,-7.076700,0 107.969100,-7.076500,0 107.968600,-7.076500,0 107.968600,-7.076400,0 107.969000,-7.076300,0 107.969000,-7.076200,0 107.969400,-7.076200,0 107.969400,-7.076100,0 107.969500,-7.076100,0 107.969600,-7.075900,0 107.969400,-7.075800,0 107.969400,-7.075500,0 107.969200,-7.075400,0 107.969400,-7.075200,0 107.970000,-7.075500,0 107.970200,-7.075400,0 107.970200,-7.075200,0 107.970500,-7.075200,0 107.970500,-7.075300,0 107.970700,-7.075300,0</coordinates></LinearRing></outerBoundaryIs></Polygon><Polygon><tessellate>1</tessellate><outerBoundaryIs><LinearRing><coordinates>107.961200,-7.075300,0 107.961200,-7.075400,0 107.960900,-7.075400,0 107.960700,-7.075700,0 107.961100,-7.075700,0 107.961100,-7.075800,0 107.960600,-7.075700,0 107.961000,-7.075000,0 107.961300,-7.075100,0 107.961200,-7.075300,0</coordinates></LinearRing></outerBoundaryIs></Polygon><Polygon><tessellate>1</tessellate><outerBoundaryIs><LinearRing><coordinates>107.976600,-7.074700,0 107.976700,-7.074700,0 107.976700,-7.075000,0 107.976800,-7.075000,0 107.976700,-7.075100,0 107.976700,-7.075300,0 107.976800,-7.075300,0 107.976600,-7.075400,0 107.976500,-7.075200,0 107.976400,-7.075400,0 107.976300,-7.075400,0 107.976500,-7.075100,0 107.976400,-7.075100,0 107.976400,-7.075200,0 107.976200,-7.075200,0 107.976200,-7.074900,0 107.976600,-7.074700,0</coordinates></LinearRing></outerBoundaryIs></Polygon><Polygon><tessellate>1</tessellate><outerBoundaryIs><LinearRing><coordinates>107.975400,-7.075700,0 107.975500,-7.075200,0 107.975600,-7.075200,0 107.975500,-7.075100,0 107.975800,-7.075000,0 107.975800,-7.074600,0 107.975900,-7.075100,0 107.976000,-7.075100,0 107.976100,-7.075500,0 107.975500,-7.075600,0 107.975400,-7.075700,0</coordinates></LinearRing></outerBoundaryIs></Polygon><Polygon><tessellate>1</tessellate><outerBoundaryIs><LinearRing><coordinates>107.974600,-7.075600,0 107.974600,-7.075700,0 107.974500,-7.075600,0 107.974100,-7.075500,0 107.974000,-7.075300,0 107.974000,-7.074700,0 107.973900,-7.074700,0 107.973900,-7.074600,0 107.974100,-7.074600,0 107.974200,-7.074800,0 107.974300,-7.074800,0 107.974100,-7.075200,0 107.974500,-7.075400,0 107.974600,-7.075600,0</coordinates></LinearRing></outerBoundaryIs></Polygon><Polygon><tessellate>1</tessellate><outerBoundaryIs><LinearRing><coordinates>107.968000,-7.074700,0 107.968000,-7.074900,0 107.967700,-7.075000,0 107.967200,-7.075000,0 107.967200,-7.074700,0 107.967400,-7.074800,0 107.967600,-7.074700,0 107.967600,-7.074600,0 107.968100,-7.074600,0 107.968100,-7.074700,0 107.968000,-7.074700,0</coordinates></LinearRing></outerBoundaryIs></Polygon><Polygon><tessellate>1</tessellate><outerBoundaryIs><LinearRing><coordinates>107.964100,-7.074600,0 107.965100,-7.074600,0 107.965100,-7.074900,0 107.965000,-7.075100,0 107.964900,-7.075100,0 107.964900,-7.076000,0 107.964700,-7.076000,0 107.964800,-7.076100,0 107.964800,-7.076500,0 107.965000,-7.076700,0 107.965000,-7.076800,0 107.965400,-7.077000,0 107.966000,-7.076600,0 107.966100,-7.076600,0 107.966200,-7.076800,0 107.966400,-7.076700,0 107.966400,-7.077000,0 107.965900,-7.077900,0 107.966000,-7.078100,0 107.965900,-7.078300,0 107.965700,-7.078300,0 107.965700,-7.078400,0 107.965500,-7.078400,0 107.965500,-7.078500,0 107.964900,-7.078400,0 107.964800,-7.078300,0 107.964800,-7.077700,0 107.964900,-7.077700,0 107.964900,-7.077600,0 107.964800,-7.077500,0 107.964300,-7.077500,0 107.964300,-7.077400,0 107.964000,-7.077400,0 107.964000,-7.077500,0 107.963900,-7.077500,0 107.963900,-7.077700,0 107.963600,-7.077700,0 107.963600,-7.077500,0 107.963400,-7.077300,0 107.963300,-7.077300,0 107.963100,-7.077400,0 107.963100,-7.077700,0 107.963000,-7.077700,0 107.963000,-7.078100,0 107.962900,-7.078100,0 107.962800,-7.078400,0 107.962700,-7.078400,0 107.962700,-7.078600,0 107.962500,-7.078600,0 107.962500,-7.078500,0 107.962400,-7.078500,0 107.962300,-7.078600,0 107.962300,-7.078800,0 107.962100,-7.078800,0 107.962100,-7.078700,0 107.961900,-7.078800,0 107.961900,-7.078600,0 107.961700,-7.078600,0 107.961700,-7.078500,0 107.961500,-7.078500,0 107.961500,-7.078400,0 107.961200,-7.078400,0 107.961100,-7.078300,0 107.961200,-7.078000,0 107.961000,-7.077900,0 107.961000,-7.077700,0 107.960800,-7.077600,0 107.960800,-7.077500,0 107.961100,-7.077500,0 107.961100,-7.077400,0 107.960800,-7.077400,0 107.960900,-7.077000,0 107.961100,-7.077000,0 107.961100,-7.077100,0 107.961200,-7.077100,0 107.961300,-7.076500,0 107.961400,-7.076400,0 107.961300,-7.076400,0 107.961300,-7.076200,0 107.961500,-7.076000,0 107.961700,-7.076000,0 107.961900,-7.075700,0 107.962700,-7.075100,0 107.963300,-7.074500,0 107.963500,-7.074500,0 107.963600,-7.074600,0 107.964100,-7.074600,0</coordinates></LinearRing></outerBoundaryIs></Polygon><Polygon><tessellate>1</tessellate><outerBoundaryIs><LinearRing><coordinates>107.969200,-7.074400,0 107.969700,-7.074400,0 107.969900,-7.074800,0 107.970200,-7.074800,0 107.970200,-7.074700,0 107.970300,-7.074700,0 107.971500,-7.074900,0 107.971500,-7.075000,0 107.971400,-7.075000,0 107.971500,-7.075300,0 107.971300,-7.075300,0 107.971200,-7.075100,0 107.970800,-7.075300,0 107.970200,-7.075000,0 107.970200,-7.075300,0 107.970100,-7.075400,0 107.969900,-7.075400,0 107.969500,-7.075100,0 107.969400,-7.075100,0 107.969200,-7.075200,0 107.969200,-7.075300,0 107.969100,-7.075300,0 107.969100,-7.075400,0 107.969000,-7.075400,0 107.969300,-7.075600,0 107.969400,-7.076000,0 107.969300,-7.076100,0 107.968700,-7.076200,0 107.968300,-7.076500,0 107.968000,-7.076100,0 107.968200,-7.076100,0 107.968200,-7.075900,0 107.968100,-7.075800,0 107.967900,-7.075800,0 107.967900,-7.075900,0 107.967700,-7.076000,0 107.967400,-7.075900,0 107.967400,-7.075800,0 107.967200,-7.075700,0 107.967300,-7.075500,0 107.967400,-7.075500,0 107.967400,-7.075600,0 107.967700,-7.075600,0 107.967800,-7.075700,0 107.967900,-7.075400,0 107.968100,-7.075300,0 107.968200,-7.075100,0 107.968300,-7.075100,0 107.968400,-7.074900,0 107.968400,-7.074600,0 107.968800,-7.074600,0 107.969000,-7.074400,0 107.969200,-7.074400,0</coordinates></LinearRing></outerBoundaryIs></Polygon><Polygon><tessellate>1</tessellate><outerBoundaryIs><LinearRing><coordinates>107.961400,-7.074500,0 107.961300,-7.074900,0 107.961100,-7.074800,0 107.961100,-7.074900,0 107.961000,-7.074900,0 107.961000,-7.074700,0 107.961100,-7.074600,0 107.960900,-7.074300,0 107.960900,-7.074100,0 107.961200,-7.073500,0 107.961700,-7.073600,0 107.961500,-7.074100,0 107.961500,-7.074400,0 107.961400,-7.074500,0</coordinates></LinearRing></outerBoundaryIs></Polygon><Polygon><tessellate>1</tessellate><outerBoundaryIs><LinearRing><coordinates>107.961700,-7.073400,0 107.961500,-7.073300,0 107.961200,-7.073300,0 107.961500,-7.072900,0 107.961800,-7.073000,0 107.961700,-7.073400,0</coordinates></LinearRing></outerBoundaryIs></Polygon><Polygon><tessellate>1</tessellate><outerBoundaryIs><LinearRing><coordinates>107.968300,-7.072600,0 107.968300,-7.072800,0 107.968500,-7.072700,0 107.968700,-7.072700,0 107.968800,-7.072800,0 107.968800,-7.072700,0 107.968900,-7.072700,0 107.968900,-7.072900,0 107.969000,-7.072900,0 107.969000,-7.073300,0 107.968900,-7.073300,0 107.969000,-7.073300,0 107.968900,-7.073500,0 107.968800,-7.073500,0 107.968800,-7.074300,0 107.968600,-7.074500,0 107.968300,-7.074500,0 107.968300,-7.074400,0 107.968200,-7.074400,0 107.968200,-7.074500,0 107.967700,-7.074600,0 107.967700,-7.074500,0 107.967800,-7.074500,0 107.967800,-7.074200,0 107.967700,-7.074200,0 107.967700,-7.074000,0 107.967100,-7.074000,0 107.967100,-7.073900,0 107.967300,-7.073900,0 107.967200,-7.073500,0 107.967100,-7.073500,0 107.967000,-7.073300,0 107.967000,-7.072800,0 107.967200,-7.072800,0 107.967200,-7.072700,0 107.967300,-7.072700,0 107.967200,-7.072600,0 107.967300,-7.072600,0 107.967300,-7.072500,0 107.967400,-7.072500,0 107.967500,-7.072700,0 107.967700,-7.072600,0 107.968000,-7.072600,0 107.967900,-7.072300,0 107.968200,-7.072300,0 107.968300,-7.072400,0 107.968300,-7.072600,0</coordinates></LinearRing></outerBoundaryIs></Polygon><Polygon><tessellate>1</tessellate><outerBoundaryIs><LinearRing><coordinates>107.978400,-7.072000,0 107.978600,-7.072000,0 107.978600,-7.072300,0 107.978500,-7.072300,0 107.978500,-7.072500,0 107.978400,-7.072500,0 107.978400,-7.072900,0 107.978500,-7.072900,0 107.978400,-7.072900,0 107.978400,-7.073000,0 107.978700,-7.073100,0 107.978800,-7.073000,0 107.979100,-7.073000,0 107.979400,-7.072600,0 107.979600,-7.072700,0 107.979500,-7.072900,0 107.979300,-7.072900,0 107.979200,-7.073100,0 107.979500,-7.073200,0 107.979300,-7.073500,0 107.979500,-7.073500,0 107.979600,-7.073200,0 107.979800,-7.073200,0 107.979800,-7.073400,0 107.979600,-7.073700,0 107.979500,-7.074600,0 107.979300,-7.074700,0 107.979100,-7.075100,0 107.978500,-7.075200,0 107.978500,-7.075300,0 107.978700,-7.075500,0 107.978600,-7.075500,0 107.978400,-7.075900,0 107.977900,-7.075900,0 107.977900,-7.075800,0 107.977600,-7.075800,0 107.977500,-7.075900,0 107.977300,-7.075800,0 107.976700,-7.075800,0 107.976700,-7.075900,0 107.976600,-7.075900,0 107.976600,-7.075800,0 107.976500,-7.075800,0 107.976600,-7.076000,0 107.976500,-7.076100,0 107.976200,-7.076100,0 107.976200,-7.076200,0 107.976100,-7.076200,0 107.976100,-7.076500,0 107.976000,-7.076500,0 107.976000,-7.076600,0 107.975800,-7.076700,0 107.975800,-7.076800,0 107.975500,-7.076800,0 107.975500,-7.076900,0 107.975400,-7.076900,0 107.975400,-7.076800,0 107.975300,-7.076800,0 107.975200,-7.076600,0 107.975200,-7.076400,0 107.975300,-7.076400,0 107.975300,-7.076100,0 107.975400,-7.076000,0 107.975400,-7.075700,0 107.976100,-7.075500,0 107.976100,-7.075600,0 107.976400,-7.075600,0 107.976800,-7.075300,0 107.977300,-7.075300,0 107.977400,-7.075200,0 107.977400,-7.075100,0 107.977300,-7.075100,0 107.977700,-7.074800,0 107.977700,-7.074600,0 107.977400,-7.074600,0 107.977700,-7.074500,0 107.977600,-7.074500,0 107.977700,-7.074500,0 107.977700,-7.074400,0 107.977800,-7.074500,0 107.977900,-7.074400,0 107.977700,-7.074400,0 107.977700,-7.074300,0 107.977600,-7.074300,0 107.977600,-7.073900,0 107.977300,-7.073900,0 107.977300,-7.074000,0 107.977400,-7.074000,0 107.977400,-7.074200,0 107.977300,-7.074300,0 107.977100,-7.074200,0 107.977100,-7.074300,0 107.977200,-7.074300,0 107.977100,-7.074400,0 107.976700,-7.074300,0 107.976700,-7.074000,0 107.976900,-7.074000,0 107.976900,-7.073800,0 107.977200,-7.073700,0 107.977200,-7.073600,0 107.977100,-7.073600,0 107.977100,-7.073300,0 107.977300,-7.073200,0 107.977300,-7.073100,0 107.977200,-7.073100,0 107.977300,-7.073100,0 107.977300,-7.073000,0 107.977800,-7.072800,0 107.978000,-7.072400,0 107.978000,-7.072100,0 107.978400,-7.072000,0</coordinates></LinearRing></outerBoundaryIs></Polygon><Polygon><tessellate>1</tessellate><outerBoundaryIs><LinearRing><coordinates>107.961700,-7.071600,0 107.961700,-7.071800,0 107.961500,-7.071700,0 107.961300,-7.071800,0 107.961300,-7.071900,0 107.961100,-7.071700,0 107.961000,-7.071800,0 107.960900,-7.071700,0 107.960900,-7.071600,0 107.961400,-7.071500,0 107.961600,-7.071500,0 107.961600,-7.071600,0 107.961700,-7.071600,0</coordinates></LinearRing></outerBoundaryIs></Polygon><Polygon><tessellate>1</tessellate><outerBoundaryIs><LinearRing><coordinates>107.964600,-7.072300,0 107.964600,-7.072500,0 107.965000,-7.072500,0 107.965400,-7.072200,0 107.965400,-7.071900,0 107.965600,-7.072000,0 107.965500,-7.072100,0 107.965500,-7.072400,0 107.965400,-7.072600,0 107.965600,-7.072600,0 107.965600,-7.072800,0 107.965700,-7.072900,0 107.966700,-7.072900,0 107.966800,-7.072800,0 107.966800,-7.072900,0 107.966900,-7.072900,0 107.967000,-7.073700,0 107.966700,-7.073700,0 107.966700,-7.073800,0 107.967000,-7.073800,0 107.967000,-7.074000,0 107.966900,-7.073900,0 107.966900,-7.074000,0 107.967000,-7.074000,0 107.967000,-7.074300,0 107.967100,-7.074500,0 107.967100,-7.075100,0 107.966700,-7.075100,0 107.966700,-7.075200,0 107.966200,-7.075300,0 107.966100,-7.074900,0 107.966000,-7.074800,0 107.966000,-7.074600,0 107.965600,-7.074600,0 107.965600,-7.073900,0 107.965400,-7.073700,0 107.965400,-7.073600,0 107.965300,-7.073600,0 107.965300,-7.073700,0 107.965000,-7.073700,0 107.964900,-7.073800,0 107.964200,-7.073800,0 107.964000,-7.073900,0 107.964000,-7.073800,0 107.963700,-7.073800,0 107.963700,-7.074000,0 107.963600,-7.074000,0 107.963600,-7.074300,0 107.963500,-7.074300,0 107.963500,-7.074400,0 107.963200,-7.074500,0 107.961900,-7.075700,0 107.961500,-7.076000,0 107.961400,-7.076000,0 107.961400,-7.075800,0 107.961200,-7.075800,0 107.961500,-7.074900,0 107.961700,-7.074900,0 107.961700,-7.074600,0 107.961600,-7.074400,0 107.961700,-7.073800,0 107.962000,-7.073800,0 107.962000,-7.073500,0 107.961800,-7.073500,0 107.962000,-7.072900,0 107.962100,-7.072900,0 107.962200,-7.072700,0 107.962000,-7.072700,0 107.962100,-7.072300,0 107.962300,-7.072300,0 107.962300,-7.072200,0 107.962100,-7.072200,0 107.962300,-7.071400,0 107.963400,-7.071400,0 107.964000,-7.071500,0 107.964000,-7.071900,0 107.964100,-7.071900,0 107.964200,-7.072100,0 107.964400,-7.072100,0 107.964600,-7.072300,0</coordinates></LinearRing></outerBoundaryIs></Polygon><Polygon><tessellate>1</tessellate><outerBoundaryIs><LinearRing><coordinates>107.960800,-7.071300,0 107.960600,-7.071300,0 107.960500,-7.071100,0 107.960800,-7.071100,0 107.960800,-7.071300,0</coordinates></LinearRing></outerBoundaryIs></Polygon><Polygon><tessellate>1</tessellate><outerBoundaryIs><LinearRing><coordinates>107.961100,-7.071500,0 107.960800,-7.071500,0 107.960800,-7.071200,0 107.961000,-7.071200,0 107.961000,-7.071100,0 107.961500,-7.070900,0 107.961500,-7.071300,0 107.961600,-7.071300,0 107.961600,-7.071400,0 107.961100,-7.071500,0</coordinates></LinearRing></outerBoundaryIs></Polygon><Polygon><tessellate>1</tessellate><outerBoundaryIs><LinearRing><coordinates>107.962300,-7.070900,0 107.962300,-7.071100,0 107.961900,-7.071100,0 107.962000,-7.070700,0 107.962200,-7.070700,0 107.962300,-7.070900,0</coordinates></LinearRing></outerBoundaryIs></Polygon><Polygon><tessellate>1</tessellate><outerBoundaryIs><LinearRing><coordinates>107.959800,-7.070200,0 107.959900,-7.071000,0 107.958300,-7.070700,0 107.958200,-7.070600,0 107.958200,-7.070400,0 107.958300,-7.070400,0 107.958300,-7.070300,0 107.958700,-7.070200,0 107.959800,-7.070200,0</coordinates></LinearRing></outerBoundaryIs></Polygon><Polygon><tessellate>1</tessellate><outerBoundaryIs><LinearRing><coordinates>107.960800,-7.070100,0 107.960800,-7.071100,0 107.960600,-7.071000,0 107.960600,-7.070800,0 107.960700,-7.070700,0 107.960700,-7.070100,0 107.960800,-7.070100,0</coordinates></LinearRing></outerBoundaryIs></Polygon><Polygon><tessellate>1</tessellate><outerBoundaryIs><LinearRing><coordinates>107.964600,-7.070000,0 107.964600,-7.070100,0 107.964800,-7.070000,0 107.965100,-7.070000,0 107.965100,-7.070400,0 107.964900,-7.070500,0 107.964800,-7.070800,0 107.964900,-7.071300,0 107.965200,-7.071500,0 107.965900,-7.071700,0 107.965900,-7.071900,0 107.965200,-7.071900,0 107.964700,-7.071300,0 107.964100,-7.071300,0 107.964100,-7.071400,0 107.963400,-7.071400,0 107.963000,-7.071300,0 107.962400,-7.071300,0 107.962500,-7.071300,0 107.962300,-7.071200,0 107.962400,-7.070900,0 107.962700,-7.071000,0 107.962700,-7.070800,0 107.962500,-7.070700,0 107.962500,-7.070600,0 107.962700,-7.070600,0 107.962500,-7.070500,0 107.962600,-7.070200,0 107.963300,-7.069900,0 107.963300,-7.070000,0 107.963500,-7.070100,0 107.963800,-7.070100,0 107.963800,-7.069900,0 107.964300,-7.069900,0 107.964400,-7.070000,0 107.964600,-7.070000,0</coordinates></LinearRing></outerBoundaryIs></Polygon><Polygon><tessellate>1</tessellate><outerBoundaryIs><LinearRing><coordinates>107.972800,-7.069900,0 107.973300,-7.070000,0 107.973700,-7.070300,0 107.973700,-7.070100,0 107.974000,-7.070200,0 107.974300,-7.070400,0 107.974200,-7.070500,0 107.974300,-7.070600,0 107.974300,-7.070500,0 107.974600,-7.070600,0 107.974700,-7.070900,0 107.974900,-7.070900,0 107.974900,-7.071200,0 107.975100,-7.071100,0 107.975200,-7.071400,0 107.975000,-7.071400,0 107.975000,-7.071600,0 107.974800,-7.071600,0 107.974800,-7.071300,0 107.974600,-7.071300,0 107.974500,-7.071500,0 107.974200,-7.071600,0 107.974200,-7.071500,0 107.974100,-7.071500,0 107.974200,-7.071700,0 107.974600,-7.071800,0 107.975200,-7.071700,0 107.975200,-7.071800,0 107.975500,-7.071900,0 107.975500,-7.072100,0 107.975700,-7.072200,0 107.975700,-7.072100,0 107.976000,-7.072300,0 107.976200,-7.072600,0 107.976000,-7.072900,0 107.975800,-7.073000,0 107.975500,-7.073000,0 107.975500,-7.073100,0 107.975400,-7.073100,0 107.975400,-7.073200,0 107.975200,-7.073300,0 107.975200,-7.073400,0 107.975100,-7.073400,0 107.975100,-7.073600,0 107.974700,-7.073500,0 107.974300,-7.073700,0 107.974300,-7.073800,0 107.974100,-7.074000,0 107.973800,-7.074000,0 107.973800,-7.073600,0 107.973500,-7.073600,0 107.973500,-7.073500,0 107.972900,-7.073500,0 107.972700,-7.073400,0 107.972700,-7.073500,0 107.972600,-7.073500,0 107.972700,-7.073700,0 107.972400,-7.073600,0 107.972500,-7.073800,0 107.972700,-7.073800,0 107.972700,-7.073900,0 107.972900,-7.073900,0 107.972900,-7.074000,0 107.973300,-7.074100,0 107.973700,-7.074000,0 107.973800,-7.074200,0 107.973900,-7.074100,0 107.974100,-7.074100,0 107.974300,-7.073800,0 107.974600,-7.073900,0 107.974600,-7.074000,0 107.974800,-7.074000,0 107.974800,-7.074100,0 107.974900,-7.074100,0 107.974900,-7.073900,0 107.975000,-7.073900,0 107.975100,-7.074000,0 107.975000,-7.074000,0 107.975000,-7.074300,0 107.974900,-7.074200,0 107.974700,-7.074200,0 107.974700,-7.074300,0 107.974100,-7.074400,0 107.974100,-7.074500,0 107.973700,-7.074500,0 107.973700,-7.074400,0 107.973500,-7.074200,0 107.973200,-7.074200,0 107.973000,-7.074100,0 107.973000,-7.074300,0 107.973400,-7.074300,0 107.973400,-7.074800,0 107.973300,-7.075100,0 107.972700,-7.075100,0 107.972600,-7.074900,0 107.972300,-7.074900,0 107.972300,-7.074800,0 107.971700,-7.074800,0 107.971500,-7.074900,0 107.971500,-7.074800,0 107.970900,-7.074800,0 107.970600,-7.074700,0 107.970100,-7.074700,0 107.970100,-7.074800,0 107.970000,-7.074800,0 107.969800,-7.074700,0 107.969800,-7.074500,0 107.969700,-7.074400,0 107.968900,-7.074400,0 107.968800,-7.074600,0 107.968600,-7.074600,0 107.968800,-7.074400,0 107.968800,-7.073600,0 107.969100,-7.073200,0 107.969100,-7.073100,0 107.969300,-7.073000,0 107.969500,-7.073100,0 107.969700,-7.073000,0 107.970000,-7.073000,0 107.970000,-7.072900,0 107.970200,-7.072800,0 107.970400,-7.072500,0 107.970700,-7.072400,0 107.971200,-7.072500,0 107.971400,-7.072400,0 107.971400,-7.072300,0 107.971600,-7.072300,0 107.971800,-7.071800,0 107.971900,-7.071900,0 107.972100,-7.071900,0 107.972000,-7.072100,0 107.971800,-7.072100,0 107.971700,-7.072300,0 107.971900,-7.072500,0 107.971900,-7.072400,0 107.972100,-7.072400,0 107.972100,-7.072300,0 107.972300,-7.072600,0 107.972400,-7.072400,0 107.972500,-7.072400,0 107.972600,-7.071900,0 107.972100,-7.071900,0 107.972200,-7.071800,0 107.972100,-7.071700,0 107.972200,-7.071700,0 107.972200,-7.071600,0 107.972300,-7.071600,0 107.972300,-7.071700,0 107.972300,-7.071300,0 107.972400,-7.071200,0 107.972600,-7.071200,0 107.972700,-7.071000,0 107.972600,-7.070900,0 107.972600,-7.070700,0 107.972500,-7.070700,0 107.972300,-7.070900,0 107.972100,-7.070700,0 107.972400,-7.070300,0 107.972400,-7.069900,0 107.972500,-7.069800,0 107.972800,-7.069800,0 107.972800,-7.069900,0</coordinates></LinearRing></outerBoundaryIs><innerBoundaryIs><LinearRing><coordinates>107.974300,-7.072200,0 107.973900,-7.072500,0 107.973900,-7.072600,0 107.974300,-7.072700,0 107.974500,-7.072500,0 107.974600,-7.072500,0 107.974600,-7.072200,0 107.974400,-7.072000,0 107.974100,-7.071900,0 107.974100,-7.072000,0 107.974300,-7.072100,0 107.974300,-7.072200,0</coordinates></LinearRing></innerBoundaryIs></Polygon><Polygon><tessellate>1</tessellate><outerBoundaryIs><LinearRing><coordinates>107.961400,-7.070000,0 107.961500,-7.070100,0 107.962100,-7.070100,0 107.962500,-7.070200,0 107.962400,-7.070400,0 107.962000,-7.070400,0 107.962000,-7.070600,0 107.962100,-7.070700,0 107.961600,-7.070800,0 107.961400,-7.071000,0 107.961100,-7.071100,0 107.961100,-7.071000,0 107.961000,-7.071000,0 107.960900,-7.070800,0 107.960900,-7.070600,0 107.961000,-7.070600,0 107.961000,-7.070400,0 107.960900,-7.070400,0 107.960900,-7.069900,0 107.961000,-7.069800,0 107.961400,-7.070000,0</coordinates></LinearRing></outerBoundaryIs></Polygon><Polygon><tessellate>1</tessellate><outerBoundaryIs><LinearRing><coordinates>107.960900,-7.069800,0 107.960800,-7.070100,0 107.959800,-7.070000,0 107.959800,-7.069300,0 107.959700,-7.069300,0 107.959700,-7.069200,0 107.959800,-7.069100,0 107.960200,-7.069200,0 107.960300,-7.069300,0 107.960500,-7.069300,0 107.960500,-7.069400,0 107.960800,-7.069500,0 107.960900,-7.069700,0 107.961000,-7.069700,0 107.960900,-7.069800,0</coordinates></LinearRing></outerBoundaryIs></Polygon><Polygon><tessellate>1</tessellate><outerBoundaryIs><LinearRing><coordinates>107.968800,-7.070900,0 107.968800,-7.071200,0 107.968300,-7.071100,0 107.968300,-7.070900,0 107.968200,-7.070900,0 107.968100,-7.071200,0 107.967700,-7.071200,0 107.967700,-7.071300,0 107.967500,-7.071300,0 107.967500,-7.071800,0 107.967600,-7.072000,0 107.967400,-7.072100,0 107.967300,-7.072000,0 107.967100,-7.072100,0 107.966700,-7.071800,0 107.966200,-7.071700,0 107.966100,-7.071600,0 107.965800,-7.071600,0 107.965900,-7.071400,0 107.966000,-7.071500,0 107.966300,-7.071100,0 107.966400,-7.070500,0 107.966700,-7.070100,0 107.966700,-7.069900,0 107.967000,-7.069700,0 107.967300,-7.069700,0 107.967600,-7.069300,0 107.967600,-7.069200,0 107.968000,-7.068900,0 107.968400,-7.068900,0 107.968300,-7.069100,0 107.968000,-7.069200,0 107.968000,-7.069400,0 107.968100,-7.069400,0 107.968000,-7.069800,0 107.968200,-7.069900,0 107.968300,-7.070200,0 107.968500,-7.070200,0 107.968500,-7.070300,0 107.968900,-7.070500,0 107.968900,-7.070800,0 107.968800,-7.070900,0</coordinates></LinearRing></outerBoundaryIs></Polygon><Polygon><tessellate>1</tessellate><outerBoundaryIs><LinearRing><coordinates>107.969200,-7.068600,0 107.969600,-7.068600,0 107.969600,-7.069900,0 107.969500,-7.069900,0 107.969400,-7.070100,0 107.969100,-7.070200,0 107.969100,-7.070100,0 107.968900,-7.070000,0 107.969100,-7.070000,0 107.969100,-7.069900,0 107.968900,-7.069900,0 107.968900,-7.069700,0 107.968800,-7.069700,0 107.968800,-7.069600,0 107.969000,-7.069600,0 107.968900,-7.069200,0 107.968400,-7.069000,0 107.968400,-7.068800,0 107.968500,-7.068800,0 107.968500,-7.068900,0 107.968500,-7.068800,0 107.968700,-7.068800,0 107.968700,-7.068600,0 107.969200,-7.068600,0</coordinates></LinearRing></outerBoundaryIs></Polygon><Polygon><tessellate>1</tessellate><outerBoundaryIs><LinearRing><coordinates>107.970600,-7.069000,0 107.970800,-7.069000,0 107.970900,-7.068900,0 107.971300,-7.068800,0 107.971400,-7.068900,0 107.971400,-7.069300,0 107.971500,-7.069300,0 107.971700,-7.069700,0 107.971800,-7.069800,0 107.972100,-7.069800,0 107.972100,-7.069900,0 107.972200,-7.069900,0 107.972200,-7.069800,0 107.972400,-7.069800,0 107.972400,-7.070100,0 107.972300,-7.070300,0 107.972200,-7.070300,0 107.972200,-7.070400,0 107.972000,-7.070400,0 107.972000,-7.070500,0 107.971900,-7.070500,0 107.971900,-7.070800,0 107.971800,-7.070800,0 107.971800,-7.071000,0 107.971400,-7.071200,0 107.971400,-7.071400,0 107.971200,-7.071500,0 107.971200,-7.071700,0 107.971100,-7.071700,0 107.971200,-7.072100,0 107.971100,-7.072200,0 107.971000,-7.072100,0 107.970700,-7.072100,0 107.970600,-7.072300,0 107.970200,-7.072500,0 107.970200,-7.072600,0 107.970100,-7.072600,0 107.970100,-7.072700,0 107.969900,-7.072800,0 107.969800,-7.072600,0 107.969700,-7.072600,0 107.969800,-7.072300,0 107.969600,-7.072200,0 107.969500,-7.071800,0 107.969400,-7.071800,0 107.969400,-7.071700,0 107.969500,-7.071700,0 107.969100,-7.071300,0 107.968800,-7.071500,0 107.968900,-7.070600,0 107.969000,-7.070600,0 107.969000,-7.070800,0 107.969100,-7.070800,0 107.968900,-7.070900,0 107.969000,-7.071000,0 107.969100,-7.070900,0 107.969300,-7.071000,0 107.969400,-7.070800,0 107.969500,-7.070800,0 107.969500,-7.070700,0 107.969900,-7.070700,0 107.969900,-7.070800,0 107.970200,-7.071000,0 107.970900,-7.070900,0 107.971000,-7.070700,0 107.970700,-7.070500,0 107.970900,-7.070400,0 107.970900,-7.070300,0 107.970800,-7.070300,0 107.970800,-7.070200,0 107.970600,-7.070200,0 107.970600,-7.069900,0 107.970200,-7.069600,0 107.969900,-7.069600,0 107.969700,-7.069500,0 107.969700,-7.068500,0 107.970600,-7.068700,0 107.970500,-7.068900,0 107.970600,-7.069000,0</coordinates></LinearRing></outerBoundaryIs></Polygon><Polygon><tessellate>1</tessellate><outerBoundaryIs><LinearRing><coordinates>107.965400,-7.068600,0 107.965500,-7.068700,0 107.965900,-7.068700,0 107.966000,-7.068600,0 107.966000,-7.068900,0 107.966100,-7.068900,0 107.966100,-7.069000,0 107.965900,-7.069000,0 107.965900,-7.069100,0 107.966100,-7.069100,0 107.966100,-7.069400,0 107.965900,-7.069300,0 107.965900,-7.069400,0 107.965800,-7.069300,0 107.965700,-7.069400,0 107.965600,-7.069300,0 107.965600,-7.069600,0 107.965300,-7.069000,0 107.965100,-7.069000,0 107.965200,-7.069200,0 107.965000,-7.069000,0 107.964700,-7.069000,0 107.964900,-7.068600,0 107.965200,-7.068600,0 107.965200,-7.068500,0 107.965400,-7.068500,0 107.965400,-7.068600,0</coordinates></LinearRing></outerBoundaryIs></Polygon><Polygon><tessellate>1</tessellate><outerBoundaryIs><LinearRing><coordinates>107.969100,-7.067300,0 107.969400,-7.067300,0 107.969600,-7.067400,0 107.969400,-7.067900,0 107.969200,-7.068100,0 107.968300,-7.068100,0 107.968300,-7.068200,0 107.969100,-7.068200,0 107.969400,-7.068000,0 107.969700,-7.068000,0 107.969600,-7.068100,0 107.969400,-7.068100,0 107.969400,-7.068200,0 107.970200,-7.068200,0 107.970100,-7.068200,0 107.970100,-7.068300,0 107.970400,-7.068400,0 107.970300,-7.068600,0 107.969800,-7.068500,0 107.969400,-7.068500,0 107.969300,-7.068600,0 107.968900,-7.068500,0 107.968100,-7.068500,0 107.968100,-7.068100,0 107.968200,-7.068100,0 107.968200,-7.067900,0 107.968600,-7.067900,0 107.968700,-7.067700,0 107.968700,-7.067400,0 107.968800,-7.067400,0 107.968800,-7.067300,0 107.969100,-7.067300,0</coordinates></LinearRing></outerBoundaryIs></Polygon><Polygon><tessellate>1</tessellate><outerBoundaryIs><LinearRing><coordinates>107.966900,-7.067100,0 107.967200,-7.067200,0 107.967700,-7.067600,0 107.968200,-7.067500,0 107.968300,-7.067700,0 107.968100,-7.067900,0 107.968100,-7.068100,0 107.968000,-7.068100,0 107.968000,-7.068400,0 107.968100,-7.068600,0 107.968000,-7.068900,0 107.967100,-7.069700,0 107.966900,-7.069700,0 107.966500,-7.070200,0 107.966300,-7.070300,0 107.966300,-7.070100,0 107.966400,-7.070100,0 107.966400,-7.069800,0 107.966500,-7.069700,0 107.966500,-7.069400,0 107.966400,-7.069300,0 107.966100,-7.069300,0 107.966100,-7.069100,0 107.966900,-7.069200,0 107.967300,-7.068900,0 107.967500,-7.068600,0 107.967500,-7.068300,0 107.967400,-7.068200,0 107.967400,-7.067900,0 107.967300,-7.067700,0 107.967200,-7.067700,0 107.967100,-7.067900,0 107.966900,-7.067900,0 107.966800,-7.067700,0 107.966600,-7.067800,0 107.966300,-7.067700,0 107.966000,-7.067400,0 107.965700,-7.067400,0 107.965600,-7.067500,0 107.965400,-7.067500,0 107.965400,-7.067600,0 107.965000,-7.067500,0 107.965000,-7.067600,0 107.964100,-7.067400,0 107.964100,-7.067500,0 107.963900,-7.067400,0 107.963900,-7.067100,0 107.964600,-7.067100,0 107.964800,-7.067000,0 107.965500,-7.067000,0 107.965700,-7.067100,0 107.965900,-7.067000,0 107.966800,-7.067000,0 107.966900,-7.067100,0</coordinates></LinearRing></outerBoundaryIs></Polygon><Polygon><tessellate>1</tessellate><outerBoundaryIs><LinearRing><coordinates>107.965200,-7.066000,0 107.965700,-7.066100,0 107.965700,-7.066600,0 107.965800,-7.066600,0 107.965800,-7.066700,0 107.966000,-7.066800,0 107.966000,-7.067000,0 107.965800,-7.067100,0 107.965600,-7.067000,0 107.963600,-7.067100,0 107.963600,-7.066800,0 107.964900,-7.066300,0 107.965000,-7.066200,0 107.964900,-7.066000,0 107.965100,-7.065900,0 107.965200,-7.066000,0</coordinates></LinearRing></outerBoundaryIs></Polygon><Polygon><tessellate>1</tessellate><outerBoundaryIs><LinearRing><coordinates>107.964200,-7.064700,0 107.964400,-7.064600,0 107.964400,-7.064700,0 107.964200,-7.064800,0 107.964200,-7.065000,0 107.964300,-7.065000,0 107.964200,-7.065200,0 107.963800,-7.065100,0 107.963800,-7.065200,0 107.963700,-7.065200,0 107.963800,-7.064700,0 107.964000,-7.064700,0 107.964000,-7.064600,0 107.964200,-7.064700,0</coordinates></LinearRing></outerBoundaryIs></Polygon><Polygon><tessellate>1</tessellate><outerBoundaryIs><LinearRing><coordinates>107.971300,-7.064800,0 107.971300,-7.065000,0 107.971100,-7.065100,0 107.971100,-7.065300,0 107.971200,-7.065300,0 107.971100,-7.065600,0 107.970800,-7.065600,0 107.970600,-7.065500,0 107.970700,-7.065700,0 107.970900,-7.065700,0 107.970900,-7.065900,0 107.971000,-7.065900,0 107.970900,-7.066100,0 107.970800,-7.066100,0 107.970800,-7.066200,0 107.970700,-7.066000,0 107.970500,-7.066000,0 107.970400,-7.066100,0 107.970500,-7.066200,0 107.970500,-7.066500,0 107.970300,-7.066500,0 107.970200,-7.066600,0 107.970100,-7.067000,0 107.970000,-7.067000,0 107.970000,-7.067100,0 107.969800,-7.067200,0 107.969500,-7.067200,0 107.969500,-7.067100,0 107.969400,-7.067100,0 107.969500,-7.067000,0 107.969600,-7.066500,0 107.969700,-7.066400,0 107.969500,-7.066300,0 107.969500,-7.066400,0 107.969300,-7.066400,0 107.968600,-7.066000,0 107.968600,-7.065600,0 107.968800,-7.065600,0 107.968800,-7.065500,0 107.968900,-7.065500,0 107.969100,-7.065100,0 107.969300,-7.065000,0 107.969400,-7.064800,0 107.969800,-7.064800,0 107.969800,-7.064400,0 107.970800,-7.064600,0 107.971300,-7.064800,0</coordinates></LinearRing></outerBoundaryIs></Polygon><Polygon><tessellate>1</tessellate><outerBoundaryIs><LinearRing><coordinates>107.961900,-7.063400,0 107.962000,-7.063600,0 107.962300,-7.063600,0 107.962700,-7.064300,0 107.962700,-7.064500,0 107.962800,-7.064500,0 107.962700,-7.064300,0 107.962800,-7.064100,0 107.962900,-7.064200,0 107.962900,-7.064600,0 107.963000,-7.064500,0 107.963100,-7.064600,0 107.963300,-7.064600,0 107.963200,-7.065300,0 107.963000,-7.065100,0 107.962500,-7.065000,0 107.962400,-7.064900,0 107.962200,-7.064600,0 107.962300,-7.064600,0 107.962200,-7.064200,0 107.962100,-7.064200,0 107.961900,-7.064000,0 107.961800,-7.063500,0 107.961800,-7.063400,0 107.961900,-7.063400,0</coordinates></LinearRing></outerBoundaryIs></Polygon><Polygon><tessellate>1</tessellate><outerBoundaryIs><LinearRing><coordinates>107.974500,-7.062200,0 107.974700,-7.062200,0 107.974600,-7.062800,0 107.974800,-7.063100,0 107.974900,-7.063100,0 107.974800,-7.063400,0 107.974800,-7.063900,0 107.974900,-7.063900,0 107.974900,-7.064000,0 107.975100,-7.064000,0 107.975100,-7.063900,0 107.975400,-7.064000,0 107.975500,-7.064200,0 107.975500,-7.064500,0 107.975800,-7.064800,0 107.976900,-7.065100,0 107.977100,-7.065000,0 107.977100,-7.064900,0 107.977200,-7.064900,0 107.977200,-7.064500,0 107.977300,-7.064400,0 107.977500,-7.064400,0 107.977500,-7.064600,0 107.978000,-7.064800,0 107.978100,-7.065800,0 107.978000,-7.065800,0 107.977900,-7.066300,0 107.977800,-7.066300,0 107.977800,-7.066400,0 107.977700,-7.066400,0 107.977500,-7.066600,0 107.977600,-7.066600,0 107.977600,-7.066800,0 107.977200,-7.066800,0 107.977100,-7.066900,0 107.977000,-7.067100,0 107.977000,-7.067400,0 107.977100,-7.067400,0 107.977100,-7.067500,0 107.976900,-7.067500,0 107.976900,-7.067600,0 107.976600,-7.067600,0 107.976400,-7.067700,0 107.975900,-7.067700,0 107.975700,-7.067800,0 107.975700,-7.068100,0 107.976100,-7.068200,0 107.976000,-7.068400,0 107.976300,-7.068500,0 107.976500,-7.068300,0 107.976600,-7.068400,0 107.976900,-7.068400,0 107.976900,-7.068500,0 107.977000,-7.068500,0 107.976900,-7.069400,0 107.977000,-7.069600,0 107.976600,-7.069600,0 107.976600,-7.070000,0 107.976200,-7.069900,0 107.976200,-7.069600,0 107.975900,-7.069100,0 107.975500,-7.069200,0 107.975500,-7.069500,0 107.975700,-7.069500,0 107.975700,-7.069600,0 107.975800,-7.069600,0 107.975700,-7.070000,0 107.976000,-7.070000,0 107.976000,-7.070600,0 107.975500,-7.070500,0 107.975200,-7.070200,0 107.974800,-7.070400,0 107.974800,-7.070600,0 107.974900,-7.070700,0 107.974600,-7.070600,0 107.974600,-7.070300,0 107.974400,-7.070200,0 107.974300,-7.070000,0 107.974300,-7.069800,0 107.974400,-7.069700,0 107.974000,-7.069400,0 107.973800,-7.069400,0 107.973700,-7.069500,0 107.973500,-7.069500,0 107.973400,-7.069400,0 107.973400,-7.068600,0 107.973200,-7.068600,0 107.973300,-7.068300,0 107.973200,-7.068300,0 107.973200,-7.068200,0 107.972900,-7.068000,0 107.973000,-7.067900,0 107.972800,-7.067600,0 107.972700,-7.067600,0 107.972900,-7.067500,0 107.972800,-7.067200,0 107.972600,-7.067300,0 107.972200,-7.067100,0 107.972100,-7.067200,0 107.971900,-7.067000,0 107.971800,-7.067200,0 107.971200,-7.066700,0 107.971400,-7.066200,0 107.972000,-7.066300,0 107.972100,-7.066400,0 107.972400,-7.066400,0 107.972500,-7.066200,0 107.972600,-7.066200,0 107.972500,-7.066000,0 107.973200,-7.066100,0 107.973200,-7.065900,0 107.972500,-7.065800,0 107.972100,-7.065200,0 107.972200,-7.065100,0 107.972100,-7.065000,0 107.971900,-7.065000,0 107.972200,-7.064600,0 107.972600,-7.064500,0 107.972600,-7.064400,0 107.972700,-7.064400,0 107.972800,-7.064100,0 107.972800,-7.063800,0 107.972700,-7.063700,0 107.972700,-7.063100,0 107.972800,-7.063100,0 107.972900,-7.063600,0 107.973000,-7.063600,0 107.973000,-7.063300,0 107.973200,-7.063300,0 107.973300,-7.062900,0 107.973300,-7.062400,0 107.973600,-7.062000,0 107.973700,-7.061700,0 107.973900,-7.061500,0 107.974500,-7.061500,0 107.974400,-7.061900,0 107.974300,-7.062000,0 107.974300,-7.062100,0 107.974500,-7.062200,0</coordinates></LinearRing></outerBoundaryIs></Polygon><Polygon><tessellate>1</tessellate><outerBoundaryIs><LinearRing><coordinates>107.966900,-7.060900,0 107.966800,-7.061100,0 107.966800,-7.061600,0 107.966600,-7.061800,0 107.966600,-7.061900,0 107.966400,-7.061900,0 107.966400,-7.062000,0 107.966200,-7.062100,0 107.966100,-7.062600,0 107.965900,-7.062800,0 107.965900,-7.062900,0 107.965700,-7.063100,0 107.965600,-7.063100,0 107.965400,-7.063500,0 107.965400,-7.064500,0 107.965300,-7.064500,0 107.965200,-7.064300,0 107.965000,-7.064300,0 107.965000,-7.064200,0 107.964900,-7.064200,0 107.964800,-7.064300,0 107.964600,-7.064300,0 107.964500,-7.064500,0 107.964300,-7.064600,0 107.964100,-7.064400,0 107.964100,-7.064200,0 107.964200,-7.064200,0 107.964200,-7.064100,0 107.964400,-7.063900,0 107.965000,-7.063600,0 107.965100,-7.063200,0 107.965200,-7.063200,0 107.965700,-7.062400,0 107.965800,-7.061800,0 107.965900,-7.061700,0 107.966200,-7.061700,0 107.966200,-7.061500,0 107.966100,-7.061500,0 107.966100,-7.061200,0 107.966300,-7.061200,0 107.966400,-7.061000,0 107.966600,-7.061100,0 107.966600,-7.061000,0 107.966700,-7.061000,0 107.966800,-7.060800,0 107.966900,-7.060900,0</coordinates></LinearRing></outerBoundaryIs></Polygon><Polygon><tessellate>1</tessellate><outerBoundaryIs><LinearRing><coordinates>107.964100,-7.060600,0 107.964200,-7.060600,0 107.964300,-7.060800,0 107.964200,-7.061600,0 107.964100,-7.061600,0 107.964000,-7.061800,0 107.963600,-7.062100,0 107.963200,-7.062200,0 107.962800,-7.062500,0 107.962700,-7.062500,0 107.962700,-7.062400,0 107.962800,-7.062400,0 107.962800,-7.062300,0 107.963000,-7.062200,0 107.963000,-7.062100,0 107.963400,-7.061900,0 107.963300,-7.061500,0 107.963500,-7.061300,0 107.963700,-7.061300,0 107.963700,-7.061100,0 107.963600,-7.061100,0 107.963600,-7.060500,0 107.963700,-7.060300,0 107.964000,-7.060400,0 107.964100,-7.060600,0</coordinates></LinearRing></outerBoundaryIs></Polygon><Polygon><tessellate>1</tessellate><outerBoundaryIs><LinearRing><coordinates>107.963600,-7.060300,0 107.963500,-7.060400,0 107.963500,-7.061200,0 107.963300,-7.061200,0 107.963300,-7.061000,0 107.963100,-7.060900,0 107.963100,-7.060700,0 107.963000,-7.060700,0 107.962900,-7.060500,0 107.962800,-7.060500,0 107.962800,-7.060400,0 107.963000,-7.060400,0 107.963000,-7.060300,0 107.963300,-7.060300,0 107.963300,-7.060200,0 107.963500,-7.060100,0 107.963700,-7.060200,0 107.963700,-7.060300,0 107.963600,-7.060300,0</coordinates></LinearRing></outerBoundaryIs></Polygon><Polygon><tessellate>1</tessellate><outerBoundaryIs><LinearRing><coordinates>107.970800,-7.059900,0 107.970900,-7.060100,0 107.971100,-7.060200,0 107.971800,-7.060300,0 107.972700,-7.060300,0 107.972600,-7.060600,0 107.972500,-7.060600,0 107.972600,-7.061100,0 107.972500,-7.061300,0 107.972500,-7.061400,0 107.972600,-7.061400,0 107.972600,-7.061900,0 107.972500,-7.061900,0 107.972500,-7.062000,0 107.972300,-7.062000,0 107.972400,-7.062200,0 107.972700,-7.062200,0 107.972700,-7.062400,0 107.972800,-7.062600,0 107.972900,-7.062600,0 107.972700,-7.063000,0 107.972600,-7.063000,0 107.972600,-7.063100,0 107.972500,-7.063100,0 107.972400,-7.063300,0 107.972600,-7.063400,0 107.972700,-7.064200,0 107.972600,-7.064400,0 107.972400,-7.064400,0 107.972200,-7.064500,0 107.972200,-7.064600,0 107.971900,-7.064600,0 107.971900,-7.064900,0 107.971800,-7.064900,0 107.971800,-7.065000,0 107.970700,-7.064500,0 107.970200,-7.064500,0 107.969300,-7.064000,0 107.968900,-7.063900,0 107.968700,-7.063700,0 107.968600,-7.063100,0 107.968700,-7.062900,0 107.969000,-7.062800,0 107.969100,-7.062600,0 107.969300,-7.062500,0 107.969300,-7.062300,0 107.969500,-7.061900,0 107.969500,-7.061000,0 107.969400,-7.061000,0 107.969400,-7.060800,0 107.969000,-7.060400,0 107.969000,-7.060200,0 107.969200,-7.060100,0 107.969200,-7.059900,0 107.969300,-7.059800,0 107.969400,-7.059800,0 107.969400,-7.060000,0 107.969600,-7.059900,0 107.969600,-7.059800,0 107.969900,-7.059800,0 107.969900,-7.059700,0 107.970100,-7.059700,0 107.970200,-7.059500,0 107.970100,-7.059100,0 107.970100,-7.058600,0 107.970300,-7.058600,0 107.970500,-7.058200,0 107.970800,-7.058200,0 107.970800,-7.058300,0 107.970600,-7.058400,0 107.970600,-7.058500,0 107.970500,-7.058500,0 107.970500,-7.058700,0 107.970400,-7.058700,0 107.970400,-7.059000,0 107.970500,-7.059100,0 107.970400,-7.059200,0 107.970500,-7.059400,0 107.970500,-7.059700,0 107.970700,-7.059800,0 107.970700,-7.059900,0 107.970800,-7.059900,0</coordinates></LinearRing></outerBoundaryIs></Polygon><Polygon><tessellate>1</tessellate><outerBoundaryIs><LinearRing><coordinates>107.970300,-7.058500,0 107.970100,-7.058500,0 107.969500,-7.058800,0 107.969300,-7.059000,0 107.968900,-7.059100,0 107.968200,-7.059700,0 107.968000,-7.059500,0 107.968500,-7.059000,0 107.969000,-7.058700,0 107.969200,-7.058400,0 107.969400,-7.058400,0 107.969400,-7.058500,0 107.969500,-7.058500,0 107.969900,-7.058300,0 107.969900,-7.058200,0 107.970400,-7.057700,0 107.970900,-7.057900,0 107.970800,-7.058100,0 107.970500,-7.058100,0 107.970300,-7.058500,0</coordinates></LinearRing></outerBoundaryIs></Polygon></MultiGeometry></Placemark><Placemark><name>DI Parigi</name><styleUrl>#w3</styleUrl><description><![CDATA[<table><tr><td>Luas</td><td align='right'><b>383,0000</b> ha</td></tr><tr><td>Luas</td><td align='right'><b>3.830.000</b> m²</td></tr><tr><td>Keliling</td><td align='right'><b>66.310</b> m</td></tr><tr><td>Tinggi rata-rata</td><td align='right'><b>650,0</b> m dpl</td></tr><tr><td>Rezim</td><td align='right'><b>FL</b> </td></tr><tr><td>Kebutuhan air</td><td align='right'><b>883.022</b> m³</td></tr><tr><td>Kebutuhan air</td><td align='right'><b>231</b> mm</td></tr><tr><td>Debit</td><td align='right'><b>112,31</b> l/detik</td></tr><tr><td>NFR</td><td align='right'><b>1,65</b> mm/hari</td></tr><tr><td>Water loss</td><td align='right'><b>5.504.406</b> m³</td></tr><tr><td>Water loss</td><td align='right'><b>1.437</b> mm</td></tr></table>]]></description><MultiGeometry><Polygon><tessellate>1</tessellate><outerBoundaryIs><LinearRing><coordinates>107.963400,-7.162100,0 107.963000,-7.162600,0 107.963000,-7.162800,0 107.963400,-7.162800,0 107.963500,-7.163000,0 107.963500,-7.163200,0 107.963400,-7.163400,0 107.963300,-7.163400,0 107.963300,-7.163700,0 107.962700,-7.163800,0 107.962700,-7.163500,0 107.962400,-7.163500,0 107.962300,-7.163400,0 107.961600,-7.163600,0 107.961600,-7.163900,0 107.961500,-7.163900,0 107.961500,-7.164300,0 107.960500,-7.164400,0 107.960400,-7.164800,0 107.960200,-7.164800,0 107.960200,-7.164900,0 107.959600,-7.164900,0 107.959600,-7.165000,0 107.958800,-7.165000,0 107.958600,-7.165200,0 107.958300,-7.165300,0 107.958300,-7.165200,0 107.958000,-7.165200,0 107.958000,-7.165400,0 107.957700,-7.165600,0 107.957600,-7.165400,0 107.957200,-7.165600,0 107.957200,-7.165800,0 107.956600,-7.166100,0 107.955800,-7.167000,0 107.955100,-7.166500,0 107.954800,-7.166400,0 107.954800,-7.166300,0 107.954700,-7.166300,0 107.954700,-7.166100,0 107.955200,-7.165700,0 107.955200,-7.165500,0 107.955100,-7.165300,0 107.954600,-7.164800,0 107.954600,-7.164300,0 107.954800,-7.164300,0 107.955200,-7.164600,0 107.955400,-7.164600,0 107.955500,-7.164800,0 107.955900,-7.164800,0 107.956000,-7.164500,0 107.956200,-7.164400,0 107.956400,-7.164400,0 107.956500,-7.164500,0 107.956900,-7.164500,0 107.956900,-7.164400,0 107.957300,-7.164400,0 107.957400,-7.164500,0 107.958300,-7.164500,0 107.958300,-7.164100,0 107.958900,-7.164100,0 107.959100,-7.164000,0 107.959700,-7.164000,0 107.959800,-7.163900,0 107.959800,-7.164000,0 107.960200,-7.163900,0 107.960200,-7.163700,0 107.960000,-7.163700,0 107.959600,-7.163200,0 107.959300,-7.163100,0 107.959100,-7.162900,0 107.959100,-7.162700,0 107.959400,-7.162400,0 107.961500,-7.162300,0 107.961500,-7.162200,0 107.962100,-7.162200,0 107.962800,-7.162000,0 107.963200,-7.161700,0 107.963200,-7.161600,0 107.963100,-7.161600,0 107.963200,-7.161500,0 107.963300,-7.161500,0 107.963300,-7.161600,0 107.963500,-7.161700,0 107.963500,-7.161800,0 107.963600,-7.161800,0 107.963400,-7.162100,0</coordinates></LinearRing></outerBoundaryIs></Polygon><Polygon><tessellate>1</tessellate><outerBoundaryIs><LinearRing><coordinates>107.955900,-7.161600,0 107.956200,-7.161600,0 107.956600,-7.161400,0 107.956800,-7.161200,0 107.957400,-7.161200,0 107.957500,-7.161100,0 107.957700,-7.161200,0 107.958400,-7.161200,0 107.958400,-7.161600,0 107.958100,-7.162100,0 107.958100,-7.162400,0 107.958600,-7.162900,0 107.958700,-7.163200,0 107.958200,-7.163300,0 107.958100,-7.163700,0 107.957300,-7.163700,0 107.957000,-7.163900,0 107.956500,-7.163700,0 107.956100,-7.163100,0 107.955400,-7.162800,0 107.955200,-7.162600,0 107.955000,-7.162600,0 107.954300,-7.162300,0 107.953300,-7.162200,0 107.953000,-7.161900,0 107.953000,-7.161500,0 107.953100,-7.161300,0 107.953000,-7.161200,0 107.952500,-7.159900,0 107.952800,-7.159600,0 107.952800,-7.159500,0 107.952900,-7.159500,0 107.953000,-7.159700,0 107.953400,-7.160000,0 107.953600,-7.160400,0 107.954600,-7.160700,0 107.955000,-7.161000,0 107.955300,-7.161400,0 107.955900,-7.161600,0</coordinates></LinearRing></outerBoundaryIs></Polygon><Polygon><tessellate>1</tessellate><outerBoundaryIs><LinearRing><coordinates>107.957000,-7.158100,0 107.956900,-7.159200,0 107.956500,-7.159300,0 107.955300,-7.159300,0 107.954900,-7.159100,0 107.954700,-7.158900,0 107.954800,-7.158700,0 107.954700,-7.158500,0 107.954900,-7.158500,0 107.955200,-7.158100,0 107.955900,-7.158100,0 107.956300,-7.157900,0 107.957000,-7.157900,0 107.957000,-7.158100,0</coordinates></LinearRing></outerBoundaryIs></Polygon><Polygon><tessellate>1</tessellate><outerBoundaryIs><LinearRing><coordinates>107.971600,-7.158100,0 107.971500,-7.158300,0 107.971300,-7.158400,0 107.971300,-7.158600,0 107.971000,-7.159100,0 107.970500,-7.158800,0 107.970500,-7.158200,0 107.970600,-7.158100,0 107.970900,-7.158200,0 107.971000,-7.157600,0 107.971200,-7.157400,0 107.971600,-7.157400,0 107.971700,-7.157600,0 107.971700,-7.158000,0 107.971600,-7.158100,0</coordinates></LinearRing></outerBoundaryIs></Polygon><Polygon><tessellate>1</tessellate><outerBoundaryIs><LinearRing><coordinates>107.969900,-7.156800,0 107.969900,-7.156900,0 107.970100,-7.156900,0 107.970100,-7.157000,0 107.970000,-7.157000,0 107.970300,-7.157000,0 107.970300,-7.157100,0 107.969800,-7.157200,0 107.969500,-7.157400,0 107.969400,-7.157000,0 107.969500,-7.156900,0 107.969900,-7.156800,0</coordinates></LinearRing></outerBoundaryIs></Polygon><Polygon><tessellate>1</tessellate><outerBoundaryIs><LinearRing><coordinates>107.970600,-7.156600,0 107.970200,-7.156500,0 107.970200,-7.156300,0 107.970400,-7.156200,0 107.970400,-7.155800,0 107.970800,-7.155700,0 107.970800,-7.155900,0 107.970700,-7.155900,0 107.970700,-7.156600,0 107.970600,-7.156600,0</coordinates></LinearRing></outerBoundaryIs></Polygon><Polygon><tessellate>1</tessellate><outerBoundaryIs><LinearRing><coordinates>107.974500,-7.153200,0 107.974500,-7.153800,0 107.973900,-7.153700,0 107.973700,-7.153500,0 107.973500,-7.153500,0 107.973500,-7.153700,0 107.973400,-7.153700,0 107.973400,-7.153800,0 107.972600,-7.154000,0 107.972300,-7.154600,0 107.971900,-7.154900,0 107.971900,-7.155300,0 107.972000,-7.155300,0 107.971900,-7.155500,0 107.972200,-7.155700,0 107.972200,-7.155800,0 107.972400,-7.156000,0 107.972600,-7.156100,0 107.973000,-7.156100,0 107.973200,-7.156300,0 107.973200,-7.156500,0 107.973100,-7.156500,0 107.973100,-7.156600,0 107.973100,-7.156500,0 107.972700,-7.156400,0 107.972600,-7.156300,0 107.972300,-7.156300,0 107.971800,-7.156600,0 107.971600,-7.156600,0 107.971600,-7.156700,0 107.971000,-7.156700,0 107.970700,-7.156500,0 107.970700,-7.156200,0 107.970900,-7.156100,0 107.971000,-7.155900,0 107.971100,-7.155900,0 107.971200,-7.155700,0 107.971200,-7.155400,0 107.970900,-7.155400,0 107.970600,-7.155700,0 107.970400,-7.155700,0 107.970300,-7.155600,0 107.970300,-7.155200,0 107.970200,-7.154900,0 107.970300,-7.154700,0 107.970500,-7.154600,0 107.970600,-7.154700,0 107.971000,-7.154800,0 107.971000,-7.154900,0 107.971200,-7.155000,0 107.971300,-7.155200,0 107.971500,-7.155200,0 107.971500,-7.155100,0 107.971700,-7.155000,0 107.971700,-7.153800,0 107.971800,-7.153600,0 107.972100,-7.153600,0 107.972200,-7.153000,0 107.972300,-7.152900,0 107.972300,-7.152500,0 107.972400,-7.152300,0 107.973300,-7.152300,0 107.973600,-7.152100,0 107.973900,-7.152100,0 107.973900,-7.152400,0 107.974000,-7.152400,0 107.974000,-7.152500,0 107.974600,-7.152700,0 107.974500,-7.153200,0</coordinates></LinearRing></outerBoundaryIs></Polygon><Polygon><tessellate>1</tessellate><outerBoundaryIs><LinearRing><coordinates>107.959000,-7.153900,0 107.959100,-7.154400,0 107.959400,-7.155100,0 107.959300,-7.156100,0 107.958600,-7.156100,0 107.958600,-7.155900,0 107.958200,-7.155800,0 107.958200,-7.155500,0 107.958000,-7.155500,0 107.958000,-7.155600,0 107.957400,-7.155600,0 107.956800,-7.155800,0 107.956900,-7.155900,0 107.956900,-7.156300,0 107.957100,-7.156300,0 107.957100,-7.157000,0 107.957300,-7.157200,0 107.957300,-7.157300,0 107.956900,-7.157600,0 107.956600,-7.157400,0 107.956400,-7.157100,0 107.956100,-7.157000,0 107.955800,-7.156700,0 107.955100,-7.156300,0 107.955100,-7.156200,0 107.954900,-7.156000,0 107.954800,-7.156000,0 107.954700,-7.155800,0 107.954700,-7.155500,0 107.954900,-7.155200,0 107.954800,-7.154900,0 107.954800,-7.154500,0 107.954500,-7.154400,0 107.954100,-7.154100,0 107.954000,-7.153800,0 107.954100,-7.153800,0 107.954300,-7.153400,0 107.954200,-7.153300,0 107.954200,-7.153100,0 107.954000,-7.153000,0 107.954000,-7.152900,0 107.953800,-7.152900,0 107.954000,-7.152700,0 107.954100,-7.152700,0 107.955100,-7.153600,0 107.955300,-7.153700,0 107.955800,-7.153700,0 107.956000,-7.153800,0 107.956000,-7.154200,0 107.956300,-7.154200,0 107.956300,-7.154700,0 107.956600,-7.155100,0 107.956800,-7.155200,0 107.957600,-7.155300,0 107.958300,-7.155100,0 107.958500,-7.154900,0 107.958300,-7.154300,0 107.957900,-7.154300,0 107.957900,-7.154200,0 107.958100,-7.154200,0 107.958100,-7.153300,0 107.958200,-7.153200,0 107.958100,-7.152900,0 107.957800,-7.152700,0 107.957600,-7.152700,0 107.957600,-7.152500,0 107.957500,-7.152400,0 107.957500,-7.152000,0 107.958100,-7.152000,0 107.958100,-7.152500,0 107.958500,-7.152900,0 107.958700,-7.153000,0 107.959000,-7.153900,0</coordinates></LinearRing></outerBoundaryIs></Polygon><Polygon><tessellate>1</tessellate><outerBoundaryIs><LinearRing><coordinates>107.973900,-7.151700,0 107.973900,-7.151800,0 107.973700,-7.151800,0 107.973200,-7.152100,0 107.973000,-7.152000,0 107.972700,-7.152000,0 107.972600,-7.151800,0 107.972800,-7.151600,0 107.973000,-7.151600,0 107.973000,-7.151700,0 107.973400,-7.151700,0 107.973400,-7.151600,0 107.973700,-7.151500,0 107.973700,-7.151400,0 107.973800,-7.151400,0 107.973900,-7.151700,0</coordinates></LinearRing></outerBoundaryIs></Polygon><Polygon><tessellate>1</tessellate><outerBoundaryIs><LinearRing><coordinates>107.972600,-7.151600,0 107.972600,-7.152000,0 107.972500,-7.152000,0 107.972200,-7.152400,0 107.972200,-7.153000,0 107.971800,-7.153000,0 107.971400,-7.152800,0 107.971500,-7.152600,0 107.971500,-7.152100,0 107.971300,-7.151900,0 107.970900,-7.151700,0 107.970700,-7.151700,0 107.970500,-7.151800,0 107.970500,-7.151900,0 107.969900,-7.151900,0 107.969700,-7.152000,0 107.969700,-7.151600,0 107.969800,-7.151400,0 107.970400,-7.151000,0 107.970400,-7.150600,0 107.970800,-7.150700,0 107.971000,-7.150900,0 107.971200,-7.150900,0 107.971700,-7.151200,0 107.972000,-7.151200,0 107.972000,-7.151300,0 107.972400,-7.151400,0 107.972500,-7.151600,0 107.972600,-7.151600,0</coordinates></LinearRing></outerBoundaryIs></Polygon><Polygon><tessellate>1</tessellate><outerBoundaryIs><LinearRing><coordinates>107.959000,-7.150400,0 107.958800,-7.150500,0 107.958600,-7.150500,0 107.958600,-7.150400,0 107.958500,-7.150500,0 107.958600,-7.151100,0 107.958400,-7.151100,0 107.958100,-7.151300,0 107.958000,-7.151900,0 107.957900,-7.152000,0 107.957900,-7.151900,0 107.957700,-7.151900,0 107.957700,-7.151700,0 107.957600,-7.151600,0 107.957700,-7.151500,0 107.957600,-7.150900,0 107.958100,-7.150500,0 107.958100,-7.150400,0 107.958400,-7.150400,0 107.958600,-7.150300,0 107.958700,-7.150100,0 107.958900,-7.150100,0 107.959000,-7.150200,0 107.959000,-7.150400,0</coordinates></LinearRing></outerBoundaryIs></Polygon><Polygon><tessellate>1</tessellate><outerBoundaryIs><LinearRing><coordinates>107.973500,-7.150500,0 107.973700,-7.150600,0 107.973700,-7.150800,0 107.973400,-7.150800,0 107.973000,-7.150500,0 107.972400,-7.150400,0 107.972500,-7.150400,0 107.972500,-7.149800,0 107.972700,-7.149400,0 107.972900,-7.149300,0 107.973300,-7.149300,0 107.973300,-7.150200,0 107.973500,-7.150500,0</coordinates></LinearRing></outerBoundaryIs></Polygon><Polygon><tessellate>1</tessellate><outerBoundaryIs><LinearRing><coordinates>107.968600,-7.150100,0 107.968500,-7.150400,0 107.968000,-7.150800,0 107.967800,-7.151500,0 107.967900,-7.151700,0 107.968200,-7.151700,0 107.968300,-7.151600,0 107.968700,-7.150800,0 107.968900,-7.150600,0 107.969100,-7.150500,0 107.969800,-7.150500,0 107.969900,-7.150400,0 107.970200,-7.150600,0 107.970200,-7.150900,0 107.970000,-7.151200,0 107.969600,-7.151400,0 107.969600,-7.151900,0 107.969700,-7.152100,0 107.969900,-7.152100,0 107.970000,-7.151900,0 107.970200,-7.151900,0 107.970400,-7.152300,0 107.970600,-7.152300,0 107.970700,-7.152200,0 107.970800,-7.152400,0 107.970400,-7.152600,0 107.970400,-7.152700,0 107.970300,-7.152700,0 107.970200,-7.152900,0 107.970000,-7.153100,0 107.969900,-7.153100,0 107.969800,-7.153300,0 107.969800,-7.153900,0 107.969900,-7.154000,0 107.969900,-7.154300,0 107.970100,-7.154400,0 107.970100,-7.154500,0 107.970000,-7.154700,0 107.969700,-7.154800,0 107.969700,-7.154900,0 107.969500,-7.155000,0 107.968700,-7.155000,0 107.968700,-7.154400,0 107.968900,-7.154000,0 107.968900,-7.153800,0 107.969400,-7.153700,0 107.969000,-7.153200,0 107.969000,-7.152700,0 107.968900,-7.152400,0 107.968600,-7.152100,0 107.968400,-7.152100,0 107.968000,-7.152300,0 107.968000,-7.152600,0 107.967800,-7.152900,0 107.967100,-7.153500,0 107.966300,-7.153700,0 107.966300,-7.153900,0 107.966200,-7.153900,0 107.966300,-7.154100,0 107.966200,-7.154500,0 107.966300,-7.154600,0 107.966800,-7.154700,0 107.966800,-7.154800,0 107.967000,-7.155000,0 107.967000,-7.155200,0 107.966900,-7.155300,0 107.966900,-7.155700,0 107.967000,-7.155800,0 107.967200,-7.155900,0 107.967200,-7.155800,0 107.967300,-7.155800,0 107.967600,-7.155500,0 107.967600,-7.155400,0 107.967800,-7.155400,0 107.967900,-7.155500,0 107.967800,-7.155600,0 107.967800,-7.156200,0 107.967700,-7.156300,0 107.967700,-7.156700,0 107.967900,-7.157100,0 107.968100,-7.157300,0 107.968500,-7.157200,0 107.968700,-7.157200,0 107.968700,-7.157300,0 107.969100,-7.157100,0 107.969200,-7.157300,0 107.969100,-7.157600,0 107.969000,-7.157600,0 107.968500,-7.158000,0 107.968400,-7.158000,0 107.968300,-7.158200,0 107.968200,-7.158200,0 107.968200,-7.158500,0 107.967800,-7.159000,0 107.967700,-7.159100,0 107.967400,-7.159100,0 107.967400,-7.159300,0 107.967200,-7.159400,0 107.967000,-7.159800,0 107.967000,-7.160000,0 107.966800,-7.160300,0 107.966700,-7.160900,0 107.966300,-7.161100,0 107.965200,-7.160800,0 107.964800,-7.160900,0 107.964500,-7.161100,0 107.964500,-7.161000,0 107.964000,-7.161000,0 107.964000,-7.161100,0 107.963900,-7.161100,0 107.963900,-7.161600,0 107.963600,-7.161700,0 107.963400,-7.161500,0 107.963600,-7.161300,0 107.963500,-7.161200,0 107.963400,-7.161500,0 107.963200,-7.161300,0 107.963200,-7.161100,0 107.963000,-7.161100,0 107.963100,-7.160000,0 107.962700,-7.159900,0 107.962100,-7.160400,0 107.961800,-7.160400,0 107.961600,-7.160200,0 107.961300,-7.160100,0 107.960500,-7.160400,0 107.960000,-7.160500,0 107.959700,-7.160700,0 107.958500,-7.161100,0 107.958000,-7.161100,0 107.957500,-7.160200,0 107.957800,-7.159900,0 107.957700,-7.159800,0 107.957400,-7.159900,0 107.957300,-7.159800,0 107.957300,-7.159600,0 107.956900,-7.159300,0 107.957000,-7.159000,0 107.957000,-7.158200,0 107.957200,-7.157500,0 107.958300,-7.157500,0 107.958800,-7.157400,0 107.959100,-7.157100,0 107.959400,-7.156500,0 107.960000,-7.156500,0 107.960100,-7.156800,0 107.960100,-7.157600,0 107.960200,-7.158000,0 107.960900,-7.158700,0 107.961100,-7.158800,0 107.961400,-7.158800,0 107.961600,-7.158700,0 107.962100,-7.158200,0 107.962100,-7.158100,0 107.962500,-7.157600,0 107.962700,-7.157500,0 107.962700,-7.157400,0 107.962800,-7.157400,0 107.962800,-7.157100,0 107.962300,-7.157000,0 107.962500,-7.156000,0 107.962300,-7.156000,0 107.962200,-7.155900,0 107.961700,-7.155900,0 107.961600,-7.156000,0 107.961200,-7.156100,0 107.961100,-7.156200,0 107.960900,-7.156200,0 107.960800,-7.156300,0 107.960100,-7.156300,0 107.960100,-7.156400,0 107.959600,-7.156300,0 107.959500,-7.156200,0 107.959400,-7.156300,0 107.959400,-7.154800,0 107.959000,-7.153700,0 107.959400,-7.153700,0 107.959600,-7.154700,0 107.959800,-7.154800,0 107.960200,-7.154700,0 107.960100,-7.154500,0 107.960200,-7.154400,0 107.960400,-7.154400,0 107.960500,-7.154200,0 107.960700,-7.154100,0 107.960700,-7.154000,0 107.961900,-7.154300,0 107.962600,-7.153500,0 107.962600,-7.153400,0 107.963000,-7.153100,0 107.963300,-7.153000,0 107.963600,-7.152700,0 107.963700,-7.152700,0 107.964200,-7.152200,0 107.964200,-7.152100,0 107.964300,-7.152100,0 107.964700,-7.151600,0 107.964700,-7.151500,0 107.964900,-7.151500,0 107.965000,-7.151400,0 107.965100,-7.151000,0 107.965300,-7.150800,0 107.965300,-7.150200,0 107.965200,-7.150100,0 107.965100,-7.149000,0 107.965400,-7.148900,0 107.965800,-7.149100,0 107.966800,-7.149100,0 107.966800,-7.149300,0 107.966700,-7.149400,0 107.966400,-7.149400,0 107.966400,-7.149200,0 107.966000,-7.149200,0 107.965900,-7.149600,0 107.965700,-7.149700,0 107.965700,-7.150000,0 107.965800,-7.150200,0 107.966000,-7.150500,0 107.966200,-7.150500,0 107.966500,-7.150300,0 107.966600,-7.150000,0 107.966800,-7.150000,0 107.967100,-7.149800,0 107.967300,-7.149800,0 107.967300,-7.149900,0 107.967500,-7.150000,0 107.967500,-7.150100,0 107.968300,-7.150100,0 107.968400,-7.150000,0 107.968300,-7.149500,0 107.968400,-7.149500,0 107.968400,-7.149300,0 107.968500,-7.149300,0 107.968500,-7.149200,0 107.968700,-7.149200,0 107.968900,-7.148700,0 107.969300,-7.148900,0 107.968600,-7.149900,0 107.968600,-7.150100,0</coordinates></LinearRing></outerBoundaryIs><innerBoundaryIs><LinearRing><coordinates>107.964900,-7.153100,0 107.964300,-7.153400,0 107.964100,-7.153700,0 107.963800,-7.154600,0 107.963700,-7.154700,0 107.963700,-7.155100,0 107.963800,-7.155200,0 107.964200,-7.155200,0 107.964400,-7.155000,0 107.964900,-7.155000,0 107.965400,-7.154800,0 107.965400,-7.154500,0 107.965100,-7.154500,0 107.965000,-7.154400,0 107.965000,-7.154200,0 107.965600,-7.153800,0 107.966000,-7.153000,0 107.966000,-7.152800,0 107.965700,-7.152600,0 107.965100,-7.152600,0 107.965000,-7.153000,0 107.964900,-7.153100,0</coordinates></LinearRing></innerBoundaryIs><innerBoundaryIs><LinearRing><coordinates>107.963200,-7.154700,0 107.963100,-7.154600,0 107.962600,-7.154600,0 107.962400,-7.154800,0 107.962700,-7.154800,0 107.962700,-7.154900,0 107.963100,-7.154900,0 107.963200,-7.154700,0</coordinates></LinearRing></innerBoundaryIs><innerBoundaryIs><LinearRing><coordinates>107.965900,-7.155300,0 107.965600,-7.156200,0 107.965600,-7.156400,0 107.965800,-7.156500,0 107.966100,-7.156400,0 107.966400,-7.155800,0 107.966400,-7.155500,0 107.966300,-7.155300,0 107.966200,-7.155200,0 107.965900,-7.155300,0</coordinates></LinearRing></innerBoundaryIs><innerBoundaryIs><LinearRing><coordinates>107.963500,-7.155400,0 107.963000,-7.155400,0 107.962800,-7.156000,0 107.963300,-7.156100,0 107.963500,-7.155400,0</coordinates></LinearRing></innerBoundaryIs><innerBoundaryIs><LinearRing><coordinates>107.964700,-7.157500,0 107.964900,-7.157900,0 107.965100,-7.158000,0 107.965400,-7.157900,0 107.965600,-7.157500,0 107.965600,-7.157000,0 107.965500,-7.157000,0 107.965500,-7.156900,0 107.964900,-7.157100,0 107.964700,-7.157500,0</coordinates></LinearRing></innerBoundaryIs><innerBoundaryIs><LinearRing><coordinates>107.964100,-7.157600,0 107.963900,-7.157600,0 107.963800,-7.157800,0 107.963700,-7.157800,0 107.963700,-7.158200,0 107.963800,-7.158300,0 107.963800,-7.158600,0 107.963900,-7.158700,0 107.964200,-7.158600,0 107.964200,-7.158500,0 107.964400,-7.158400,0 107.964400,-7.158000,0 107.964300,-7.157900,0 107.964300,-7.157700,0 107.964100,-7.157600,0</coordinates></LinearRing></innerBoundaryIs><innerBoundaryIs><LinearRing><coordinates>107.962700,-7.158600,0 107.962500,-7.158400,0 107.962300,-7.158600,0 107.962000,-7.158600,0 107.961800,-7.158700,0 107.961800,-7.158800,0 107.961700,-7.158800,0 107.961700,-7.159000,0 107.961900,-7.159100,0 107.961900,-7.159200,0 107.962100,-7.159200,0 107.962300,-7.159100,0 107.962300,-7.159000,0 107.962400,-7.159000,0 107.962400,-7.158900,0 107.962700,-7.158700,0 107.962700,-7.158600,0</coordinates></LinearRing></innerBoundaryIs><innerBoundaryIs><LinearRing><coordinates>107.960500,-7.158900,0 107.960300,-7.158500,0 107.959800,-7.158300,0 107.959300,-7.158700,0 107.959000,-7.158800,0 107.958600,-7.158800,0 107.958300,-7.159000,0 107.958100,-7.159000,0 107.957600,-7.159400,0 107.957600,-7.159500,0 107.958300,-7.159900,0 107.958600,-7.159900,0 107.958900,-7.159500,0 107.959400,-7.159400,0 107.959800,-7.159500,0 107.960300,-7.159300,0 107.960500,-7.159100,0 107.960500,-7.158900,0</coordinates></LinearRing></innerBoundaryIs><innerBoundaryIs><LinearRing><coordinates>107.965900,-7.159900,0 107.965500,-7.159900,0 107.965300,-7.160100,0 107.965300,-7.160300,0 107.965400,-7.160500,0 107.965600,-7.160600,0 107.966300,-7.160700,0 107.966300,-7.160200,0 107.966200,-7.160100,0 107.966200,-7.159900,0 107.966000,-7.159800,0 107.965900,-7.159900,0</coordinates></LinearRing></innerBoundaryIs></Polygon><Polygon><tessellate>1</tessellate><outerBoundaryIs><LinearRing><coordinates>107.955200,-7.148600,0 107.955200,-7.149000,0 107.955100,-7.149100,0 107.954800,-7.149100,0 107.954000,-7.149600,0 107.953900,-7.149400,0 107.954100,-7.149200,0 107.954100,-7.149000,0 107.954300,-7.148900,0 107.954300,-7.148800,0 107.954500,-7.148800,0 107.954500,-7.148700,0 107.953700,-7.148900,0 107.953500,-7.149100,0 107.953300,-7.149100,0 107.953200,-7.148900,0 107.953300,-7.148600,0 107.953500,-7.148700,0 107.953900,-7.148700,0 107.954600,-7.148600,0 107.954900,-7.148400,0 107.955200,-7.148400,0 107.955200,-7.148600,0</coordinates></LinearRing></outerBoundaryIs></Polygon><Polygon><tessellate>1</tessellate><outerBoundaryIs><LinearRing><coordinates>107.951200,-7.146300,0 107.950000,-7.147400,0 107.949900,-7.147200,0 107.950200,-7.146300,0 107.950400,-7.146400,0 107.950400,-7.146300,0 107.950700,-7.146400,0 107.950700,-7.146200,0 107.950200,-7.146000,0 107.950200,-7.145800,0 107.950400,-7.145400,0 107.950600,-7.145200,0 107.951000,-7.145300,0 107.951200,-7.145600,0 107.951600,-7.145800,0 107.951500,-7.146100,0 107.951400,-7.146100,0 107.951200,-7.146300,0</coordinates></LinearRing></outerBoundaryIs></Polygon><Polygon><tessellate>1</tessellate><outerBoundaryIs><LinearRing><coordinates>107.962000,-7.146300,0 107.961700,-7.146300,0 107.961600,-7.146200,0 107.961600,-7.145400,0 107.961700,-7.145300,0 107.961700,-7.145100,0 107.962200,-7.144800,0 107.962400,-7.145100,0 107.962400,-7.145300,0 107.962300,-7.145300,0 107.962300,-7.145800,0 107.962200,-7.145800,0 107.962100,-7.146300,0 107.962000,-7.146300,0</coordinates></LinearRing></outerBoundaryIs></Polygon><Polygon><tessellate>1</tessellate><outerBoundaryIs><LinearRing><coordinates>107.953500,-7.143800,0 107.953500,-7.144000,0 107.953400,-7.144100,0 107.952800,-7.144100,0 107.952700,-7.144000,0 107.952700,-7.143900,0 107.952900,-7.143900,0 107.953000,-7.143800,0 107.953000,-7.143500,0 107.953100,-7.143500,0 107.953200,-7.143300,0 107.953400,-7.143500,0 107.953600,-7.143500,0 107.953600,-7.143700,0 107.953500,-7.143800,0</coordinates></LinearRing></outerBoundaryIs></Polygon><Polygon><tessellate>1</tessellate><outerBoundaryIs><LinearRing><coordinates>107.971100,-7.142700,0 107.971300,-7.142900,0 107.971300,-7.143000,0 107.971200,-7.143200,0 107.970700,-7.143200,0 107.970700,-7.143400,0 107.970500,-7.143600,0 107.970400,-7.143900,0 107.970400,-7.144200,0 107.970900,-7.144700,0 107.971400,-7.144700,0 107.971700,-7.144400,0 107.971700,-7.144300,0 107.971800,-7.144300,0 107.971900,-7.144100,0 107.971900,-7.143600,0 107.972300,-7.143600,0 107.972100,-7.144000,0 107.972100,-7.144200,0 107.971700,-7.144700,0 107.971700,-7.144800,0 107.971600,-7.144800,0 107.971600,-7.145300,0 107.972000,-7.145400,0 107.972000,-7.145700,0 107.972100,-7.145700,0 107.972300,-7.145900,0 107.972300,-7.146000,0 107.972600,-7.146100,0 107.972700,-7.146400,0 107.972900,-7.146500,0 107.972900,-7.147000,0 107.972500,-7.147000,0 107.972600,-7.147300,0 107.972900,-7.147300,0 107.972900,-7.147600,0 107.972600,-7.147500,0 107.972600,-7.147800,0 107.972900,-7.147800,0 107.972900,-7.148000,0 107.972700,-7.148400,0 107.972500,-7.148500,0 107.972100,-7.148500,0 107.972000,-7.148400,0 107.972000,-7.147700,0 107.972100,-7.147500,0 107.972200,-7.147500,0 107.972200,-7.147400,0 107.972000,-7.146800,0 107.971600,-7.146500,0 107.971700,-7.146200,0 107.970500,-7.146200,0 107.970500,-7.146300,0 107.970000,-7.146200,0 107.969500,-7.146500,0 107.969500,-7.146700,0 107.969400,-7.146800,0 107.969500,-7.148500,0 107.969300,-7.148800,0 107.969000,-7.148600,0 107.969100,-7.148400,0 107.969100,-7.148000,0 107.969200,-7.147900,0 107.969000,-7.147700,0 107.968900,-7.147400,0 107.969100,-7.147000,0 107.969000,-7.146600,0 107.968400,-7.146500,0 107.968300,-7.146400,0 107.966900,-7.146400,0 107.966800,-7.146500,0 107.966600,-7.146500,0 107.966600,-7.146600,0 107.966400,-7.146700,0 107.966400,-7.146900,0 107.966200,-7.147100,0 107.966200,-7.147400,0 107.966300,-7.147400,0 107.966300,-7.147600,0 107.965900,-7.147600,0 107.965900,-7.147900,0 107.966400,-7.147900,0 107.966500,-7.147700,0 107.967100,-7.147700,0 107.967100,-7.148300,0 107.967000,-7.148800,0 107.966900,-7.148800,0 107.966900,-7.148900,0 107.966500,-7.148900,0 107.966200,-7.149000,0 107.966200,-7.148800,0 107.965800,-7.148700,0 107.965800,-7.148800,0 107.966000,-7.148900,0 107.965900,-7.149000,0 107.965700,-7.149000,0 107.965600,-7.148900,0 107.965600,-7.148500,0 107.965500,-7.148400,0 107.965300,-7.148400,0 107.965000,-7.148800,0 107.965000,-7.149000,0 107.964700,-7.148900,0 107.964700,-7.149200,0 107.965000,-7.149200,0 107.965000,-7.149300,0 107.964700,-7.149300,0 107.964500,-7.149100,0 107.964500,-7.148900,0 107.964400,-7.148800,0 107.964400,-7.148600,0 107.964500,-7.148600,0 107.964400,-7.147900,0 107.964100,-7.147900,0 107.964000,-7.148900,0 107.963600,-7.148900,0 107.963200,-7.148700,0 107.963000,-7.148700,0 107.962900,-7.148600,0 107.962600,-7.148600,0 107.962400,-7.148700,0 107.962000,-7.148700,0 107.961700,-7.148900,0 107.961500,-7.148900,0 107.961500,-7.149000,0 107.961300,-7.149100,0 107.961000,-7.149100,0 107.960800,-7.149000,0 107.960800,-7.148900,0 107.961600,-7.147700,0 107.961900,-7.147700,0 107.961900,-7.147100,0 107.962300,-7.147000,0 107.962400,-7.146500,0 107.962700,-7.146500,0 107.962800,-7.145900,0 107.962400,-7.145800,0 107.962600,-7.145300,0 107.962900,-7.145400,0 107.963100,-7.145100,0 107.964100,-7.145100,0 107.964100,-7.145400,0 107.964200,-7.145500,0 107.964400,-7.145600,0 107.964800,-7.145600,0 107.964900,-7.145300,0 107.964700,-7.145100,0 107.965000,-7.145000,0 107.965300,-7.144700,0 107.966300,-7.144300,0 107.967300,-7.144100,0 107.967400,-7.144000,0 107.968000,-7.143800,0 107.968100,-7.143700,0 107.968100,-7.143500,0 107.967800,-7.143500,0 107.967900,-7.143100,0 107.968000,-7.143000,0 107.969300,-7.143000,0 107.969400,-7.142900,0 107.969700,-7.142900,0 107.969800,-7.142800,0 107.969600,-7.142400,0 107.969700,-7.142400,0 107.969700,-7.142300,0 107.969900,-7.142300,0 107.969900,-7.142500,0 107.970400,-7.142800,0 107.970500,-7.142700,0 107.970500,-7.142400,0 107.970300,-7.142200,0 107.970300,-7.141900,0 107.970600,-7.141600,0 107.970600,-7.141500,0 107.971200,-7.141200,0 107.971400,-7.141900,0 107.971200,-7.142100,0 107.971100,-7.142700,0</coordinates></LinearRing></outerBoundaryIs></Polygon><Polygon><tessellate>1</tessellate><outerBoundaryIs><LinearRing><coordinates>107.946100,-7.140900,0 107.946300,-7.140800,0 107.946800,-7.140900,0 107.947800,-7.141700,0 107.947900,-7.141700,0 107.947900,-7.142200,0 107.948000,-7.142200,0 107.948000,-7.142800,0 107.948100,-7.142800,0 107.948000,-7.142900,0 107.947900,-7.143600,0 107.947800,-7.143700,0 107.947500,-7.143700,0 107.947600,-7.143300,0 107.947400,-7.143200,0 107.947400,-7.143100,0 107.947000,-7.143200,0 107.946800,-7.143300,0 107.946700,-7.143500,0 107.946700,-7.144000,0 107.946200,-7.144000,0 107.946000,-7.144200,0 107.946000,-7.144900,0 107.945900,-7.145000,0 107.945700,-7.144800,0 107.945500,-7.144900,0 107.945100,-7.144900,0 107.945200,-7.144700,0 107.944900,-7.144700,0 107.944700,-7.144600,0 107.944600,-7.144200,0 107.944200,-7.143800,0 107.944100,-7.143500,0 107.944100,-7.143100,0 107.944300,-7.142900,0 107.944300,-7.142800,0 107.944500,-7.142700,0 107.945100,-7.142800,0 107.945000,-7.143000,0 107.945000,-7.143600,0 107.945200,-7.143800,0 107.945500,-7.143600,0 107.945600,-7.143300,0 107.945500,-7.143200,0 107.945500,-7.142800,0 107.944700,-7.142600,0 107.944800,-7.142200,0 107.945000,-7.142300,0 107.945100,-7.141900,0 107.945100,-7.141800,0 107.944900,-7.141700,0 107.945300,-7.140800,0 107.945200,-7.140600,0 107.945200,-7.139900,0 107.945300,-7.139900,0 107.945500,-7.140100,0 107.945700,-7.140500,0 107.945700,-7.140700,0 107.946100,-7.140900,0</coordinates></LinearRing></outerBoundaryIs></Polygon><Polygon><tessellate>1</tessellate><outerBoundaryIs><LinearRing><coordinates>107.959600,-7.140500,0 107.959400,-7.140700,0 107.958600,-7.140600,0 107.958200,-7.140800,0 107.958000,-7.141000,0 107.957500,-7.141100,0 107.957300,-7.141000,0 107.957300,-7.140800,0 107.957100,-7.140600,0 107.957100,-7.140500,0 107.957500,-7.140400,0 107.958500,-7.139900,0 107.959200,-7.139900,0 107.959500,-7.140000,0 107.959600,-7.140200,0 107.959600,-7.140500,0</coordinates></LinearRing></outerBoundaryIs></Polygon><Polygon><tessellate>1</tessellate><outerBoundaryIs><LinearRing><coordinates>107.945400,-7.139800,0 107.945400,-7.139900,0 107.945200,-7.139800,0 107.944800,-7.139400,0 107.944800,-7.139300,0 107.944700,-7.139300,0 107.944700,-7.139200,0 107.945000,-7.139000,0 107.945500,-7.139600,0 107.945500,-7.139800,0 107.945400,-7.139800,0</coordinates></LinearRing></outerBoundaryIs></Polygon><Polygon><tessellate>1</tessellate><outerBoundaryIs><LinearRing><coordinates>107.952500,-7.139300,0 107.952600,-7.139400,0 107.952800,-7.139400,0 107.953000,-7.139600,0 107.953200,-7.139600,0 107.953400,-7.139800,0 107.953600,-7.139800,0 107.953600,-7.139900,0 107.953800,-7.140000,0 107.954100,-7.140500,0 107.954700,-7.141000,0 107.955600,-7.142500,0 107.955800,-7.143100,0 107.955900,-7.143200,0 107.955900,-7.143400,0 107.956100,-7.143600,0 107.956100,-7.143700,0 107.956200,-7.143700,0 107.956500,-7.144000,0 107.956700,-7.143900,0 107.956700,-7.143700,0 107.956900,-7.143600,0 107.957100,-7.143200,0 107.957500,-7.143000,0 107.957700,-7.143000,0 107.958200,-7.142800,0 107.958400,-7.142900,0 107.958400,-7.143500,0 107.958800,-7.143900,0 107.959500,-7.143900,0 107.960100,-7.143700,0 107.960400,-7.143400,0 107.960200,-7.143000,0 107.959700,-7.142800,0 107.959800,-7.142500,0 107.960400,-7.142200,0 107.960500,-7.142000,0 107.960900,-7.141700,0 107.961800,-7.141700,0 107.962000,-7.141600,0 107.962000,-7.141500,0 107.962200,-7.141500,0 107.962500,-7.141900,0 107.962500,-7.142100,0 107.962800,-7.142700,0 107.962700,-7.142900,0 107.962700,-7.143200,0 107.962500,-7.143400,0 107.961700,-7.143800,0 107.961700,-7.144200,0 107.961900,-7.144400,0 107.961900,-7.144600,0 107.962000,-7.144600,0 107.962100,-7.144800,0 107.961700,-7.145000,0 107.961600,-7.144800,0 107.961400,-7.144800,0 107.961400,-7.144700,0 107.960600,-7.144500,0 107.960600,-7.144800,0 107.960400,-7.145400,0 107.960300,-7.145400,0 107.960200,-7.145600,0 107.960100,-7.145600,0 107.960100,-7.145800,0 107.959900,-7.145900,0 107.959500,-7.145900,0 107.958700,-7.146600,0 107.958900,-7.146800,0 107.958800,-7.146900,0 107.958400,-7.146700,0 107.958400,-7.146900,0 107.958600,-7.147100,0 107.958900,-7.147100,0 107.959300,-7.147400,0 107.959600,-7.147400,0 107.960300,-7.146800,0 107.960800,-7.146900,0 107.960800,-7.147000,0 107.960600,-7.147000,0 107.960600,-7.147200,0 107.960500,-7.147100,0 107.960200,-7.147100,0 107.960200,-7.147300,0 107.960600,-7.147400,0 107.960600,-7.147500,0 107.960700,-7.147500,0 107.960600,-7.147700,0 107.960500,-7.147700,0 107.960500,-7.148200,0 107.960800,-7.148200,0 107.960700,-7.148400,0 107.960700,-7.148900,0 107.960300,-7.149000,0 107.960300,-7.149300,0 107.960000,-7.149300,0 107.959700,-7.149700,0 107.959400,-7.149800,0 107.959400,-7.149600,0 107.959300,-7.149500,0 107.959400,-7.149300,0 107.959300,-7.149300,0 107.959300,-7.149100,0 107.959200,-7.149100,0 107.959200,-7.148900,0 107.959100,-7.148900,0 107.959100,-7.149400,0 107.959200,-7.149500,0 107.959200,-7.149700,0 107.959100,-7.149900,0 107.958900,-7.149900,0 107.958800,-7.149800,0 107.958800,-7.149200,0 107.958700,-7.149200,0 107.958700,-7.148500,0 107.958600,-7.148300,0 107.958500,-7.148300,0 107.958500,-7.148400,0 107.958600,-7.148500,0 107.958600,-7.148900,0 107.958700,-7.148900,0 107.958400,-7.149100,0 107.958000,-7.148900,0 107.957200,-7.149000,0 107.957000,-7.148800,0 107.956600,-7.148900,0 107.956500,-7.149100,0 107.956300,-7.149100,0 107.956300,-7.148800,0 107.956100,-7.148700,0 107.955800,-7.148700,0 107.955800,-7.148800,0 107.955700,-7.148800,0 107.955700,-7.149000,0 107.955300,-7.149000,0 107.955200,-7.148900,0 107.955500,-7.148500,0 107.955500,-7.148400,0 107.955700,-7.148300,0 107.955700,-7.148000,0 107.955500,-7.148000,0 107.955500,-7.147900,0 107.954600,-7.148200,0 107.954200,-7.148200,0 107.953800,-7.148500,0 107.953600,-7.148500,0 107.953600,-7.148600,0 107.953500,-7.148500,0 107.953300,-7.148500,0 107.953100,-7.148100,0 107.952900,-7.147900,0 107.952500,-7.147700,0 107.950000,-7.147500,0 107.951700,-7.145900,0 107.951900,-7.146000,0 107.952200,-7.146000,0 107.952400,-7.145800,0 107.952900,-7.145800,0 107.953200,-7.145600,0 107.953600,-7.145500,0 107.953500,-7.145300,0 107.953400,-7.145300,0 107.953200,-7.144800,0 107.953700,-7.143900,0 107.953800,-7.142600,0 107.953900,-7.142500,0 107.954100,-7.142500,0 107.954100,-7.141900,0 107.953900,-7.141600,0 107.953600,-7.141600,0 107.953400,-7.141500,0 107.953300,-7.141600,0 107.953000,-7.141600,0 107.952400,-7.142300,0 107.951700,-7.142300,0 107.950900,-7.142000,0 107.950500,-7.141500,0 107.950500,-7.141100,0 107.950400,-7.140900,0 107.950400,-7.139900,0 107.950000,-7.139500,0 107.949900,-7.139300,0 107.949900,-7.138800,0 107.950400,-7.138400,0 107.951800,-7.138400,0 107.952000,-7.138500,0 107.952300,-7.139100,0 107.952500,-7.139300,0</coordinates></LinearRing></outerBoundaryIs><innerBoundaryIs><LinearRing><coordinates>107.951200,-7.141300,0 107.951800,-7.141500,0 107.952800,-7.141300,0 107.953300,-7.141100,0 107.954400,-7.141500,0 107.954200,-7.141000,0 107.953600,-7.140500,0 107.953100,-7.139900,0 107.952100,-7.139500,0 107.951100,-7.139300,0 107.950700,-7.139400,0 107.950600,-7.139800,0 107.950900,-7.140900,0 107.951200,-7.141300,0</coordinates></LinearRing></innerBoundaryIs><innerBoundaryIs><LinearRing><coordinates>107.956300,-7.144800,0 107.956400,-7.145100,0 107.957100,-7.144900,0 107.957200,-7.144800,0 107.957100,-7.144600,0 107.956600,-7.144600,0 107.956300,-7.144800,0</coordinates></LinearRing></innerBoundaryIs><innerBoundaryIs><LinearRing><coordinates>107.958000,-7.145800,0 107.958100,-7.145800,0 107.958300,-7.145600,0 107.958300,-7.145300,0 107.957800,-7.145200,0 107.957700,-7.145400,0 107.957600,-7.145400,0 107.957600,-7.145500,0 107.957900,-7.145800,0 107.958000,-7.145800,0</coordinates></LinearRing></innerBoundaryIs></Polygon><Polygon><tessellate>1</tessellate><outerBoundaryIs><LinearRing><coordinates>107.968400,-7.137900,0 107.968300,-7.138000,0 107.968200,-7.137800,0 107.968400,-7.137600,0 107.968300,-7.136900,0 107.969200,-7.136500,0 107.969500,-7.137000,0 107.969500,-7.137300,0 107.969600,-7.137300,0 107.969600,-7.137400,0 107.968700,-7.137700,0 107.968400,-7.137900,0</coordinates></LinearRing></outerBoundaryIs></Polygon><Polygon><tessellate>1</tessellate><outerBoundaryIs><LinearRing><coordinates>107.967700,-7.134600,0 107.967900,-7.134700,0 107.967900,-7.134900,0 107.968000,-7.134900,0 107.968000,-7.135100,0 107.968100,-7.135100,0 107.968200,-7.135400,0 107.967700,-7.135500,0 107.967700,-7.135600,0 107.967500,-7.135600,0 107.967500,-7.135700,0 107.967300,-7.135700,0 107.967200,-7.135800,0 107.966800,-7.135700,0 107.966800,-7.135600,0 107.966700,-7.135600,0 107.966700,-7.135400,0 107.966800,-7.135400,0 107.966800,-7.134900,0 107.967000,-7.134800,0 107.967000,-7.134700,0 107.967700,-7.134600,0</coordinates></LinearRing></outerBoundaryIs></Polygon><Polygon><tessellate>1</tessellate><outerBoundaryIs><LinearRing><coordinates>107.969100,-7.134400,0 107.969300,-7.134400,0 107.969200,-7.134600,0 107.969000,-7.134600,0 107.968900,-7.134700,0 107.969000,-7.134800,0 107.969000,-7.135000,0 107.968900,-7.135000,0 107.968900,-7.135100,0 107.968800,-7.135100,0 107.968800,-7.135000,0 107.968500,-7.135000,0 107.968400,-7.135200,0 107.968200,-7.135200,0 107.968200,-7.135000,0 107.968100,-7.135000,0 107.968000,-7.134800,0 107.968000,-7.134600,0 107.967900,-7.134600,0 107.968100,-7.134500,0 107.968100,-7.134400,0 107.968300,-7.134300,0 107.968400,-7.134100,0 107.968800,-7.134100,0 107.968800,-7.134000,0 107.969000,-7.134100,0 107.969000,-7.134400,0 107.969100,-7.134400,0</coordinates></LinearRing></outerBoundaryIs></Polygon><Polygon><tessellate>1</tessellate><outerBoundaryIs><LinearRing><coordinates>107.974600,-7.134600,0 107.975000,-7.134500,0 107.975000,-7.134600,0 107.975400,-7.134700,0 107.975400,-7.134800,0 107.975300,-7.134800,0 107.975300,-7.135000,0 107.975000,-7.135300,0 107.974800,-7.135300,0 107.974600,-7.135700,0 107.974500,-7.135700,0 107.974100,-7.136300,0 107.974100,-7.136400,0 107.973700,-7.136900,0 107.973600,-7.136900,0 107.973600,-7.137000,0 107.973400,-7.137100,0 107.973300,-7.137300,0 107.973300,-7.137500,0 107.973400,-7.137600,0 107.973400,-7.138300,0 107.973300,-7.138300,0 107.973300,-7.138400,0 107.973200,-7.138400,0 107.973100,-7.138600,0 107.972600,-7.138600,0 107.972400,-7.138500,0 107.972400,-7.138200,0 107.971900,-7.138100,0 107.971900,-7.137500,0 107.972200,-7.137300,0 107.972200,-7.137000,0 107.971900,-7.137000,0 107.971800,-7.136900,0 107.972000,-7.136300,0 107.971900,-7.136300,0 107.971900,-7.136000,0 107.972100,-7.135900,0 107.972200,-7.134900,0 107.972500,-7.134800,0 107.972600,-7.134300,0 107.973200,-7.134200,0 107.973200,-7.134100,0 107.973300,-7.134100,0 107.973300,-7.134000,0 107.973600,-7.133800,0 107.973700,-7.133600,0 107.974200,-7.133600,0 107.974200,-7.133900,0 107.974400,-7.134000,0 107.974600,-7.134600,0</coordinates></LinearRing></outerBoundaryIs><innerBoundaryIs><LinearRing><coordinates>107.972700,-7.135900,0 107.973500,-7.135900,0 107.973600,-7.135800,0 107.973600,-7.135500,0 107.973400,-7.135500,0 107.973400,-7.135100,0 107.973200,-7.134800,0 107.972900,-7.134800,0 107.972700,-7.134900,0 107.972400,-7.135300,0 107.972400,-7.135600,0 107.972700,-7.135900,0</coordinates></LinearRing></innerBoundaryIs></Polygon><Polygon><tessellate>1</tessellate><outerBoundaryIs><LinearRing><coordinates>107.945500,-7.131100,0 107.946100,-7.131000,0 107.946500,-7.131100,0 107.947000,-7.131400,0 107.947000,-7.131900,0 107.946900,-7.132200,0 107.946700,-7.132400,0 107.946700,-7.132700,0 107.947200,-7.133100,0 107.947200,-7.133400,0 107.947300,-7.133500,0 107.947300,-7.134000,0 107.947200,-7.134000,0 107.947200,-7.134100,0 107.947300,-7.134100,0 107.947400,-7.134500,0 107.947200,-7.134600,0 107.947300,-7.134800,0 107.946400,-7.135300,0 107.946400,-7.135400,0 107.945900,-7.135700,0 107.945300,-7.135900,0 107.945200,-7.135800,0 107.945300,-7.135700,0 107.945400,-7.135100,0 107.945200,-7.134800,0 107.945200,-7.134600,0 107.944900,-7.134000,0 107.944500,-7.134100,0 107.944500,-7.133700,0 107.944800,-7.133600,0 107.945000,-7.133200,0 107.945000,-7.132700,0 107.944700,-7.132200,0 107.944500,-7.132200,0 107.944400,-7.131300,0 107.945000,-7.131300,0 107.945400,-7.131000,0 107.945500,-7.131000,0 107.945500,-7.131100,0</coordinates></LinearRing></outerBoundaryIs></Polygon><Polygon><tessellate>1</tessellate><outerBoundaryIs><LinearRing><coordinates>107.968100,-7.131300,0 107.968100,-7.131400,0 107.968200,-7.131400,0 107.968200,-7.131600,0 107.968400,-7.131800,0 107.968300,-7.132300,0 107.968000,-7.132700,0 107.968200,-7.132700,0 107.968200,-7.133200,0 107.968300,-7.133200,0 107.968300,-7.133300,0 107.968700,-7.133400,0 107.968700,-7.133500,0 107.968800,-7.133500,0 107.968800,-7.133600,0 107.969000,-7.133700,0 107.969000,-7.133800,0 107.969200,-7.134000,0 107.969600,-7.134100,0 107.969600,-7.134200,0 107.970200,-7.134300,0 107.970200,-7.134700,0 107.970100,-7.134700,0 107.970000,-7.135100,0 107.969900,-7.135100,0 107.969900,-7.135200,0 107.970300,-7.135100,0 107.970300,-7.135500,0 107.970200,-7.135600,0 107.970200,-7.135800,0 107.970300,-7.135800,0 107.970300,-7.136100,0 107.970400,-7.136100,0 107.970400,-7.136200,0 107.970300,-7.136200,0 107.970400,-7.136400,0 107.970400,-7.136600,0 107.970300,-7.136600,0 107.970300,-7.136700,0 107.970400,-7.136900,0 107.970200,-7.137000,0 107.970200,-7.137100,0 107.970100,-7.137100,0 107.970100,-7.137300,0 107.969800,-7.137200,0 107.969600,-7.136800,0 107.969500,-7.136800,0 107.969400,-7.136500,0 107.969300,-7.136500,0 107.969200,-7.136100,0 107.969100,-7.136000,0 107.969100,-7.135800,0 107.969200,-7.135700,0 107.969100,-7.135400,0 107.969200,-7.135400,0 107.969200,-7.135300,0 107.969400,-7.135300,0 107.969400,-7.135200,0 107.969600,-7.135200,0 107.969600,-7.134700,0 107.969500,-7.134700,0 107.969500,-7.134600,0 107.969300,-7.134400,0 107.969100,-7.134400,0 107.969000,-7.134000,0 107.968900,-7.134000,0 107.968700,-7.133800,0 107.968700,-7.133700,0 107.968600,-7.133700,0 107.968600,-7.133600,0 107.968200,-7.133600,0 107.968200,-7.133500,0 107.968100,-7.133500,0 107.968100,-7.133300,0 107.968000,-7.133300,0 107.968000,-7.133000,0 107.967900,-7.133000,0 107.967900,-7.132700,0 107.968000,-7.132700,0 107.967900,-7.132600,0 107.967900,-7.132400,0 107.968100,-7.132000,0 107.968100,-7.131900,0 107.968000,-7.131900,0 107.968000,-7.131700,0 107.967600,-7.131500,0 107.967400,-7.131600,0 107.967100,-7.131600,0 107.967100,-7.131400,0 107.966500,-7.131500,0 107.966300,-7.131700,0 107.966100,-7.131500,0 107.966400,-7.131300,0 107.966600,-7.131300,0 107.966600,-7.131200,0 107.966700,-7.131200,0 107.966800,-7.131000,0 107.967000,-7.131000,0 107.967200,-7.130600,0 107.967400,-7.130600,0 107.967600,-7.130700,0 107.967600,-7.130800,0 107.967900,-7.130900,0 107.968100,-7.131300,0</coordinates></LinearRing></outerBoundaryIs></Polygon><Polygon><tessellate>1</tessellate><outerBoundaryIs><LinearRing><coordinates>107.972600,-7.130100,0 107.972900,-7.130100,0 107.973100,-7.130200,0 107.973300,-7.130100,0 107.973400,-7.130300,0 107.973300,-7.131200,0 107.972000,-7.130900,0 107.971500,-7.130900,0 107.971500,-7.131000,0 107.971300,-7.131000,0 107.971200,-7.130900,0 107.970200,-7.130600,0 107.970200,-7.129900,0 107.970300,-7.129800,0 107.970300,-7.129600,0 107.970400,-7.129600,0 107.970600,-7.129200,0 107.971100,-7.129400,0 107.971200,-7.129600,0 107.971100,-7.130100,0 107.971300,-7.130500,0 107.971800,-7.130400,0 107.972200,-7.130000,0 107.972100,-7.129200,0 107.972600,-7.129300,0 107.972700,-7.129400,0 107.972500,-7.129700,0 107.972500,-7.130100,0 107.972600,-7.130100,0</coordinates></LinearRing></outerBoundaryIs></Polygon><Polygon><tessellate>1</tessellate><outerBoundaryIs><LinearRing><coordinates>107.969400,-7.129300,0 107.969600,-7.129300,0 107.969600,-7.129200,0 107.969700,-7.129200,0 107.969800,-7.129300,0 107.969800,-7.129400,0 107.969700,-7.129400,0 107.969800,-7.129400,0 107.969800,-7.129500,0 107.970000,-7.129500,0 107.970200,-7.129700,0 107.970200,-7.129900,0 107.969100,-7.129400,0 107.969000,-7.129200,0 107.969100,-7.129100,0 107.969200,-7.129300,0 107.969400,-7.129300,0</coordinates></LinearRing></outerBoundaryIs></Polygon><Polygon><tessellate>1</tessellate><outerBoundaryIs><LinearRing><coordinates>107.943200,-7.130500,0 107.943400,-7.130900,0 107.943600,-7.131100,0 107.944000,-7.131200,0 107.944100,-7.131300,0 107.944300,-7.131300,0 107.944300,-7.132100,0 107.944100,-7.132400,0 107.943700,-7.132700,0 107.943600,-7.133000,0 107.943200,-7.133600,0 107.943200,-7.134000,0 107.942700,-7.134500,0 107.942700,-7.134600,0 107.942600,-7.134600,0 107.942500,-7.134800,0 107.942300,-7.134900,0 107.942300,-7.135000,0 107.942200,-7.135000,0 107.942100,-7.135200,0 107.942200,-7.135400,0 107.942200,-7.136100,0 107.942300,-7.136500,0 107.942600,-7.136800,0 107.942900,-7.136900,0 107.943800,-7.136700,0 107.943800,-7.136600,0 107.944200,-7.136300,0 107.944900,-7.136000,0 107.945000,-7.136500,0 107.945200,-7.136500,0 107.945100,-7.137400,0 107.944800,-7.138000,0 107.945000,-7.138800,0 107.944600,-7.139100,0 107.944300,-7.138700,0 107.943900,-7.138700,0 107.943700,-7.138500,0 107.943000,-7.138600,0 107.942400,-7.138900,0 107.942100,-7.139200,0 107.942000,-7.139200,0 107.942000,-7.139300,0 107.941700,-7.139600,0 107.941600,-7.140000,0 107.941500,-7.140100,0 107.941300,-7.140100,0 107.941400,-7.139700,0 107.941400,-7.139200,0 107.941000,-7.139000,0 107.940500,-7.139000,0 107.940300,-7.138900,0 107.940200,-7.138600,0 107.940200,-7.138400,0 107.940800,-7.136900,0 107.940700,-7.136300,0 107.940700,-7.136100,0 107.940800,-7.136000,0 107.940700,-7.135600,0 107.940600,-7.135500,0 107.940600,-7.135100,0 107.940500,-7.135000,0 107.940500,-7.134500,0 107.940400,-7.134300,0 107.940500,-7.134000,0 107.940400,-7.133300,0 107.941100,-7.132300,0 107.941000,-7.132100,0 107.941000,-7.131600,0 107.941100,-7.131600,0 107.941100,-7.131200,0 107.941000,-7.131000,0 107.940500,-7.130800,0 107.940400,-7.130600,0 107.940500,-7.130600,0 107.940600,-7.130400,0 107.940700,-7.130400,0 107.940600,-7.130100,0 107.940300,-7.129900,0 107.940600,-7.128900,0 107.941200,-7.128900,0 107.941200,-7.128500,0 107.941700,-7.128400,0 107.942000,-7.128600,0 107.942600,-7.128800,0 107.942700,-7.128900,0 107.942700,-7.129100,0 107.942500,-7.129200,0 107.942500,-7.129300,0 107.943200,-7.130500,0</coordinates></LinearRing></outerBoundaryIs></Polygon><Polygon><tessellate>1</tessellate><outerBoundaryIs><LinearRing><coordinates>107.968400,-7.128700,0 107.968200,-7.128600,0 107.968100,-7.128400,0 107.968100,-7.128000,0 107.968600,-7.127500,0 107.968700,-7.127500,0 107.968700,-7.127400,0 107.968800,-7.127400,0 107.968800,-7.127300,0 107.968900,-7.127300,0 107.968900,-7.127200,0 107.969000,-7.127200,0 107.969200,-7.127300,0 107.969200,-7.127900,0 107.969100,-7.128200,0 107.968700,-7.128600,0 107.968500,-7.128600,0 107.968400,-7.128700,0</coordinates></LinearRing></outerBoundaryIs></Polygon><Polygon><tessellate>1</tessellate><outerBoundaryIs><LinearRing><coordinates>107.977100,-7.126600,0 107.977900,-7.126700,0 107.978100,-7.126900,0 107.978200,-7.127100,0 107.978200,-7.127800,0 107.978100,-7.127900,0 107.977700,-7.127900,0 107.977700,-7.128100,0 107.977600,-7.128200,0 107.977700,-7.128300,0 107.977700,-7.128600,0 107.977600,-7.128700,0 107.977300,-7.128700,0 107.977300,-7.128900,0 107.977400,-7.129000,0 107.977400,-7.129500,0 107.976800,-7.130300,0 107.977000,-7.131100,0 107.977200,-7.131300,0 107.977600,-7.131500,0 107.978000,-7.131900,0 107.978300,-7.132500,0 107.978100,-7.132600,0 107.977700,-7.131900,0 107.977500,-7.131700,0 107.976800,-7.131400,0 107.976600,-7.131700,0 107.976700,-7.131700,0 107.976700,-7.131800,0 107.976400,-7.131700,0 107.976200,-7.132500,0 107.976400,-7.132500,0 107.976400,-7.132900,0 107.976600,-7.133000,0 107.976700,-7.133200,0 107.976600,-7.133300,0 107.976600,-7.133500,0 107.976800,-7.133700,0 107.976800,-7.134200,0 107.976300,-7.134200,0 107.976200,-7.134100,0 107.976200,-7.133700,0 107.976000,-7.133600,0 107.975900,-7.133400,0 107.975900,-7.133000,0 107.975500,-7.132800,0 107.974500,-7.132800,0 107.974100,-7.133100,0 107.974100,-7.133500,0 107.973800,-7.133500,0 107.973900,-7.132800,0 107.974200,-7.132500,0 107.974300,-7.132500,0 107.974300,-7.132400,0 107.974400,-7.132400,0 107.974400,-7.131900,0 107.974300,-7.131700,0 107.974300,-7.131100,0 107.974400,-7.131000,0 107.974400,-7.129800,0 107.974600,-7.129700,0 107.974700,-7.129500,0 107.974900,-7.129500,0 107.975000,-7.129400,0 107.975000,-7.128900,0 107.974900,-7.128800,0 107.975100,-7.128800,0 107.975100,-7.128400,0 107.974800,-7.128300,0 107.974700,-7.127700,0 107.974100,-7.127500,0 107.974100,-7.126400,0 107.974400,-7.126500,0 107.974800,-7.126900,0 107.975000,-7.127000,0 107.975500,-7.126900,0 107.976300,-7.126500,0 107.976300,-7.126400,0 107.976800,-7.126400,0 107.977000,-7.126300,0 107.977100,-7.126400,0 107.977100,-7.126600,0</coordinates></LinearRing></outerBoundaryIs></Polygon><Polygon><tessellate>1</tessellate><outerBoundaryIs><LinearRing><coordinates>107.973600,-7.126400,0 107.973600,-7.126900,0 107.972800,-7.126900,0 107.972600,-7.127200,0 107.972000,-7.127000,0 107.971900,-7.126900,0 107.972000,-7.126800,0 107.972000,-7.126600,0 107.972300,-7.126600,0 107.972600,-7.126200,0 107.972600,-7.125800,0 107.973100,-7.125800,0 107.973100,-7.125900,0 107.973300,-7.125900,0 107.973300,-7.126000,0 107.973400,-7.126000,0 107.973400,-7.126200,0 107.973600,-7.126400,0</coordinates></LinearRing></outerBoundaryIs></Polygon><Polygon><tessellate>1</tessellate><outerBoundaryIs><LinearRing><coordinates>107.971400,-7.123500,0 107.971600,-7.123500,0 107.971600,-7.123300,0 107.972200,-7.123500,0 107.972600,-7.123500,0 107.972900,-7.123400,0 107.973200,-7.123500,0 107.973100,-7.123700,0 107.972500,-7.123600,0 107.972400,-7.123700,0 107.972100,-7.123700,0 107.971800,-7.123900,0 107.971800,-7.124700,0 107.971900,-7.124700,0 107.972000,-7.124900,0 107.972300,-7.124900,0 107.972300,-7.125000,0 107.972400,-7.125000,0 107.972500,-7.125600,0 107.972300,-7.125600,0 107.972000,-7.125400,0 107.971700,-7.125400,0 107.971600,-7.125300,0 107.971500,-7.125400,0 107.971200,-7.125400,0 107.971200,-7.125200,0 107.971100,-7.125200,0 107.971100,-7.125100,0 107.970600,-7.125100,0 107.970500,-7.125200,0 107.970300,-7.125200,0 107.969800,-7.125500,0 107.969600,-7.125500,0 107.969600,-7.125600,0 107.969000,-7.125500,0 107.969300,-7.124800,0 107.969700,-7.124400,0 107.969800,-7.124100,0 107.969900,-7.124100,0 107.969900,-7.123900,0 107.970400,-7.124100,0 107.970500,-7.123900,0 107.970100,-7.123700,0 107.970400,-7.123100,0 107.971400,-7.123500,0</coordinates></LinearRing></outerBoundaryIs></Polygon></MultiGeometry></Placemark></Document></kml>