hujan_mm,irigasi_mm,irigasi_pl_mm,etc_mm,perkolasi_mm,limpasan_mm,wlr_mm,masuk_mm,keluar_mm,tma_rata,tma_min,hari_kering,hari_diairi,hari_limpas,di,rezim,bulan,tahun_tanam
2166.1000000000004,227.18093518467697,127.18093518467694,464.58887185458195,280.0,1435.631994136464,100.0,2393.280935184677,2180.220865991046,42.86984294491298,27.75881802172792,0,47,93,DI Citameng I,FL,1,2016
1380.2999999999997,230.39769873902435,105.06666854749679,473.17083420851736,280.0,667.4946220383616,100.0,1610.697698739024,1420.6654562468789,33.50723065161973,1.750027769935338,0,46,61,DI Citameng I,FL,1,2017
985.9999999999999,390.5564354424274,223.2819871474164,488.827222449268,280.0,426.801046102378,100.0,1376.5564354424273,1195.628268551646,32.37817248093387,-5.625853657685271,8,60,43,DI Citameng I,FL,1,2018
1552.1000000000001,252.34353485877017,152.34353485877014,487.17988732368127,280.0,824.9010845448051,100.0,1804.4435348587704,1592.0809718684864,41.45017117184149,7.6962338681870275,0,49,74,DI Citameng I,FL,1,2019
1786.4,214.5505517503559,114.55055175035591,494.4149260287368,280.0,1017.3745398130139,100.0,2000.950551750356,1791.7894658417508,41.8361592423155,16.4703864081672,0,49,88,DI Citameng I,FL,1,2020
1395.0,204.18068579605693,88.88068579605692,450.7312883490852,280.0,673.4834442777958,100.0,1599.1806857960569,1404.214732626881,39.32373960537518,12.951749668723298,0,44,70,DI Citameng I,FL,1,2021
1256.6,240.39872158660495,111.20343971651232,505.1031227002262,280.0,495.973484816307,100.0,1496.998721586605,1281.0766075165332,39.67580577730007,4.104718129907413,0,50,65,DI Citameng I,FL,1,2022
1259.1,206.7859938845583,95.3859938845583,490.13709971833697,280.0,489.64199479173664,100.0,1465.8859938845583,1259.7790945100735,36.04133111547966,3.494299747715467,0,49,56,DI Citameng I,FL,1,2023
1076.1,330.9517648794045,230.95176487940444,555.2034108700366,280.0,398.966152098823,100.0,1407.0517648794043,1234.1695629688595,33.64220036157751,2.2372052779254705,0,54,43,DI Citameng I,FL,1,2024
2166.1000000000004,127.18093518467694,127.18093518467694,449.10189413030275,192.0,1447.447777836765,0.0,2293.280935184677,2088.5496719670678,33.118337883977134,12.130270075378412,0,17,97,DI Citameng I,SRI,1,2016
1380.2999999999997,118.7221439846528,105.06666854749679,456.9780619477921,192.0,657.5490593160226,0.0,1499.0221439846525,1306.527121263815,25.9797090110492,-4.255475437156025,2,15,60,DI Citameng I,SRI,1,2017
985.9999999999999,234.3576922185368,223.2819871474164,472.28672294650437,186.71999999999997,404.54358933400806,0.0,1220.3576922185366,1063.5503122805126,24.371123437017662,-22.705068265689995,12,26,43,DI Citameng I,SRI,1,2018
1552.1000000000001,152.34353485877014,152.34353485877014,470.80775625959944,192.0,838.4412993632848,0.0,1704.4435348587704,1501.2490556228843,32.50244320773294,8.523003829888147,0,19,74,DI Citameng I,SRI,1,2019
1786.4,114.55055175035591,114.55055175035591,478.25016969490895,192.0,1030.6998526895786,0.0,1900.950551750356,1700.9500223844875,32.61893613104264,18.942956839769508,0,19,88,DI Citameng I,SRI,1,2020
1395.0,88.88068579605692,88.88068579605692,435.4261388540364,192.0,661.686655126961,0.0,1483.880685796057,1289.1127939809976,30.300493642725634,-0.6962874567096042,1,13,69,DI Citameng I,SRI,1,2021
1256.6,122.75123154276389,111.20343971651232,487.92672142536964,192.0,493.50239604732263,0.0,1379.3512315427638,1173.4291174726923,30.03815111476949,-1.9477918262515708,3,19,64,DI Citameng I,SRI,1,2022
1259.1,95.3859938845583,95.3859938845583,473.9592403074288,192.0,488.2439649447729,0.0,1354.4859938845582,1154.2032052522018,26.7030590949479,-1.4465983451199191,1,18,47,DI Citameng I,SRI,1,2023
1076.1,230.95176487940446,230.95176487940444,536.999775761371,192.0,390.923384228101,0.0,1307.0517648794043,1119.923159989472,29.357286044219713,6.022587360366828,0,24,47,DI Citameng I,SRI,1,2024
1938.6999999999998,200.6283847423914,63.39652207386857,463.9299063347519,280.0,1214.7544894009043,100.0,2139.3283847423913,1958.6843957356562,39.60266069884387,-3.734091651137643,3,44,103,DI Citameng I,FL,2,2015
1871.6,231.42085987451532,131.42085987451526,466.71551292330264,280.0,1171.1265658306966,100.0,2103.0208598745153,1917.8420787539992,41.72121522390032,11.679535017209684,0,47,83,DI Citameng I,FL,2,2016
1040.7,283.4638143709329,140.59094414546178,477.5138905501866,280.0,389.2107801427662,100.0,1324.1638143709329,1146.7246706929527,31.179972328247125,-5.718275480869721,4,54,37,DI Citameng I,FL,2,2017
916.5000000000001,364.6811587063705,161.8760525113854,491.98324988584477,280.0,326.73791033732033,100.0,1281.1811587063708,1098.721160223165,26.94711978817423,-5.489314280365525,11,60,35,DI Citameng I,FL,2,2018
1344.5,228.9981270305276,116.84833165805063,485.5154716969883,280.0,627.5159049126603,100.0,1573.4981270305275,1393.0313766096485,37.591756476052886,-3.4497953724769537,2,50,63,DI Citameng I,FL,2,2019
1639.6,215.84538571212192,115.84538571212194,478.8376769808606,280.0,888.6624409780679,100.0,1855.4453857121218,1647.5001179589285,40.14393603608707,5.276363435399489,0,47,77,DI Citameng I,FL,2,2020
1108.6999999999998,307.0863189369836,116.32166571071838,467.87819994969965,280.0,450.5605241205378,100.0,1415.7863189369834,1198.4387240702374,31.605365474597086,-5.538108192792491,8,56,49,DI Citameng I,FL,2,2021
1066.6999999999998,299.6224019998074,168.62655987754374,507.455350239507,280.0,386.9127204483174,100.0,1366.3224019998072,1174.3680706878245,34.75495977747271,-5.295842122263675,6,54,49,DI Citameng I,FL,2,2022
1212.6999999999998,284.48074363032435,159.05647570686256,498.29077314584913,280.0,547.025829757408,100.0,1497.1807436303243,1325.3166029032573,37.21629952830144,-1.3576977014165532,1,54,57,DI Citameng I,FL,2,2023
1029.0,306.5079763215253,136.45906328410706,537.063865884165,280.0,342.51196461069384,100.0,1335.5079763215253,1159.5758304948588,33.578855069229334,-3.8782058265584523,7,53,49,DI Citameng I,FL,2,2024
1938.6999999999998,63.39652207386857,63.39652207386857,448.478187833439,189.11999999999998,1214.0209453818798,0.0,2002.0965220738683,1851.6191332153187,29.788021781641515,-26.287302115092686,8,11,104,DI Citameng I,SRI,2,2015
1871.6,131.42085987451526,131.42085987451526,450.9815815014992,192.0,1177.3688737764733,0.0,2003.0208598745153,1820.3504552779725,32.731506100805184,9.171158493236252,0,17,93,DI Citameng I,SRI,2,2016
1040.7,140.59094414546178,140.59094414546178,460.91684381564016,188.15999999999997,387.5948214251017,0.0,1181.2909441454617,1036.6716652407417,23.78995797694685,-34.139130199057156,9,21,38,DI Citameng I,SRI,2,2017
916.5000000000001,226.8971152996741,161.8760525113854,474.64717189110206,176.15999999999997,319.7628613006236,0.0,1143.3971152996742,970.5700331917257,13.509811824348402,-34.136777044315146,39,24,34,DI Citameng I,SRI,2,2018
1344.5,116.84833165805063,116.84833165805063,469.1916037724783,192.0,626.8505514483873,0.0,1461.3483316580507,1288.0421552208654,30.02671289215338,-2.4790244334188367,1,19,61,DI Citameng I,SRI,2,2019
1639.6,115.84538571212192,115.84538571212194,462.51961360358916,192.0,897.8539179795323,0.0,1755.4453857121218,1552.3735315831213,31.688122813220037,6.107290530098504,0,17,77,DI Citameng I,SRI,2,2020
1108.6999999999998,148.24528383630977,116.32166571071838,451.21069944223086,183.36,413.8247429302377,0.0,1256.9452838363095,1048.3954423724686,20.180686990811935,-33.72361812559138,22,19,44,DI Citameng I,SRI,2,2021
1066.6999999999998,168.6265598775437,168.62655987754374,490.2393245254557,191.51999999999998,364.4780495261382,0.0,1235.3265598775436,1046.2373740515939,26.771034033339212,-5.2896878277151895,5,22,51,DI Citameng I,SRI,2,2022
1212.6999999999998,170.344859789498,159.05647570686256,480.89507856091205,192.0,539.9441386186481,0.0,1383.0448597894979,1212.8392171795601,26.296615304639015,-3.0161958185459214,3,23,52,DI Citameng I,SRI,2,2023
1029.0,168.33986656768923,136.45906328410706,518.9075135928344,185.27999999999997,325.90501954546295,0.0,1197.3398665676891,1030.0925331382973,23.339345240131436,-31.880803283582168,15,18,43,DI Citameng I,SRI,2,2024
1598.3999999999999,261.01133804640835,55.28100346157375,464.5572611008907,280.0,934.7592672593975,100.0,1859.4113380464082,1679.316528360288,32.82129930288188,-2.760895197835978,6,51,83,DI Citameng I,FL,3,2015
1717.6999999999998,162.90405594735185,37.07703264935584,447.23735879582557,280.0,958.1942817801503,100.0,1880.6040559473518,1685.431640575976,36.56523958234749,-2.827023297996007,1,37,79,DI Citameng I,FL,3,2016
840.0,358.52391106424835,141.68634121221478,479.11597731434495,280.0,256.47698908939486,100.0,1198.5239110642483,1015.5929664037399,28.067146088996143,-4.325224680151312,9,66,25,DI Citameng I,FL,3,2017
719.3,384.63661533529705,110.97025351491827,506.5554195916572,280.0,143.5456999066282,100.0,1103.9366153352971,930.1011194982855,21.15961630352515,-3.772941761906373,13,63,17,DI Citameng I,FL,3,2018
1070.1000000000001,350.96398781009333,128.93983170766342,487.6002988600456,280.0,481.8929091323484,100.0,1421.0639878100935,1249.493207992394,31.40036889048629,-5.536636629231177,11,62,44,DI Citameng I,FL,3,2019
1446.1000000000001,134.19741692660992,34.19741692660992,461.90049099082387,280.0,636.4389809880145,100.0,1580.2974169266101,1378.3394719788384,39.65548565952418,20.907096229619693,0,41,65,DI Citameng I,FL,3,2020
1053.3999999999999,282.75056635653544,147.72458012311898,476.92005089488157,280.0,359.06397040582164,100.0,1336.1505663565354,1115.9840213007033,31.7101884301904,-2.526081654884425,1,55,36,DI Citameng I,FL,3,2021
997.8000000000001,265.8237753153889,150.82377531538896,490.01579883467775,280.0,283.240381598413,100.0,1263.623775315389,1053.2561804330908,38.8839082990516,4.1921780063394145,0,53,41,DI Citameng I,FL,3,2022
1046.6000000000001,338.0073307664435,132.89700621678512,487.67593662282195,280.0,419.76764809463674,100.0,1384.6073307664437,1187.4435847174586,29.121542816376454,-3.955704759640891,7,59,43,DI Citameng I,FL,3,2023
824.4000000000001,309.1864864309924,140.46765534286322,525.6798971524317,280.0,158.23793874157624,100.0,1133.5864864309924,963.917835894008,26.615353837106532,-1.7496959322868264,9,61,25,DI Citameng I,FL,3,2024
1598.3999999999999,115.92406935631215,55.28100346157375,448.94507511760014,176.16,938.8175247095661,0.0,1714.324069356312,1563.9225998271663,18.03694793793458,-30.526288820320598,36,11,79,DI Citameng I,SRI,3,2015
1717.6999999999998,37.07703264935584,37.07703264935584,431.8943278323368,192.0,935.2091664365767,0.0,1754.7770326493558,1559.1034942689134,29.470425782870137,0.9974944880596235,0,5,81,DI Citameng I,SRI,3,2016
840.0,209.88809575870573,141.68634121221478,462.74273148702713,176.64,249.69980335771265,0.0,1049.8880957587057,889.0825348447397,13.94546932282906,-34.01459103960692,35,25,23,DI Citameng I,SRI,3,2017
719.3,240.30475239072376,110.97025351491827,489.22766324930893,169.91999999999996,158.60233794316522,0.0,959.6047523907237,817.7500011924741,3.459302848008786,-34.51527805458619,54,21,20,DI Citameng I,SRI,3,2018
1070.1000000000001,222.59262249713007,128.93983170766342,471.2554659650456,178.56,478.67709352253604,0.0,1292.6926224971303,1128.4925594875817,18.850634610282295,-31.90014553050389,29,24,44,DI Citameng I,SRI,3,2019
1446.1000000000001,34.19741692660992,34.19741692660992,446.0967127475312,192.0,643.5952588818726,0.0,1480.2974169266101,1281.6919716294037,30.797752512472183,10.773497781325311,0,11,69,DI Citameng I,SRI,3,2020
1053.3999999999999,189.23629073039774,147.72458012311898,460.26958906325456,187.67999999999998,384.43604004453357,0.0,1242.6362907303976,1032.3856291077882,21.811304849466396,-27.70635655141693,17,24,36,DI Citameng I,SRI,3,2021
997.8000000000001,150.8237753153889,150.82377531538896,473.17885068029625,192.0,281.42075960271194,0.0,1148.623775315389,946.5996102830081,26.58330450898799,-4.683732292566816,3,22,45,DI Citameng I,SRI,3,2022
1046.6000000000001,197.485786050314,132.89700621678512,470.5138692286484,180.95999999999998,399.02474836290025,0.0,1244.0857860503143,1050.4986175915487,17.465124106004144,-33.693581455275535,26,20,39,DI Citameng I,SRI,3,2023
824.4000000000001,172.05172506215771,140.46765534286322,507.82073067483867,175.67999999999998,173.2609785511621,0.0,996.4517250621578,856.7617092260008,13.203259326784282,-33.171984336096976,37,24,26,DI Citameng I,SRI,3,2024
1026.6000000000001,349.6496764283215,64.74016466944875,466.96369494786165,280.0,452.2953125036558,100.0,1376.2496764283217,1199.2590074515174,23.936767562464528,-4.956822708899752,10,69,38,DI Citameng I,FL,4,2015
1204.3,232.65824580346396,80.49428212144363,453.3547189583812,280.0,494.69700766384653,100.0,1436.9582458034638,1228.0517266222278,34.44868530156316,-4.162120366700851,4,46,51,DI Citameng I,FL,4,2016
572.9,455.34564272405044,179.34305903590518,475.9602599891641,280.0,99.35154483802572,100.0,1028.2456427240504,855.3118048271898,14.83584392363363,-4.685930201172124,11,73,6,DI Citameng I,FL,4,2017
400.9,587.7882812789497,193.0644720572959,500.7450496223698,280.0,36.74290396616295,100.0,988.6882812789497,817.4879535885328,8.042785143757508,-2.8098303818522794,10,77,7,DI Citameng I,FL,4,2018
576.5,511.0668992887382,164.90193612831433,489.6580327702703,280.0,145.21075207602578,100.0,1087.566899288738,914.8687848462961,23.182815106135944,-4.78442198892518,11,83,26,DI Citameng I,FL,4,2019
1046.7,304.7982553615822,134.77829540244852,461.40122981174125,280.0,435.2606393982602,100.0,1351.4982553615823,1176.6618692100014,33.08075152344572,-5.044627839129493,8,55,46,DI Citameng I,FL,4,2020
898.9,329.74197069731315,120.48817051813803,479.3489888909326,280.0,298.0622036816251,100.0,1228.6419706973131,1057.4111925725576,22.908895165672412,-4.728854794582526,5,57,34,DI Citameng I,FL,4,2021
864.3000000000001,260.47669045371265,122.56333607567663,482.63938079367654,280.0,185.29868195284175,100.0,1124.7766904537127,947.9380627465183,30.108516889930467,-4.082684791725829,4,53,29,DI Citameng I,FL,4,2022
837.5999999999999,386.48595797437576,159.0980993463584,502.7874272162251,280.0,271.4835253694779,100.0,1224.0859579743756,1054.270952585703,23.141038310535535,-1.055661755922654,5,64,24,DI Citameng I,FL,4,2023
661.0,361.31994462880334,158.1137958717653,510.7445147058928,280.0,56.51393242840692,100.0,1022.3199446288033,847.2584471342998,17.825123427637358,-2.17931660510948,3,65,10,DI Citameng I,FL,4,2024
1026.6000000000001,226.84677762986092,64.74016466944875,451.0231178530156,167.99999999999997,478.30695723079657,0.0,1253.4467776298611,1097.330075083812,5.729938774040357,-33.95062289507058,57,21,41,DI Citameng I,SRI,4,2015
1204.3,80.49428212144363,80.49428212144363,438.48522505550727,183.36,479.1107619304833,0.0,1284.7942821214435,1100.9559869859906,19.469072645337597,-32.04209797267548,19,11,47,DI Citameng I,SRI,4,2016
572.9,335.1357184196495,179.34305903590518,460.280524532551,167.51999999999998,111.24682590575365,0.0,908.0357184196495,739.0473504383046,3.5738278285479046,-33.20936030044457,61,29,11,DI Citameng I,SRI,4,2017
400.9,418.26621238188,193.0644720572959,484.3230906736551,159.83999999999997,36.74290396616295,0.0,819.16621238188,680.905994639818,-7.774562168407108,-34.389580494460965,80,32,7,DI Citameng I,SRI,4,2018
576.5,357.8459061764354,164.90193612831433,473.05244502225236,168.95999999999998,143.41800458657903,0.0,934.3459061764354,785.4304496088314,7.769449198179683,-34.425236759398004,53,33,23,DI Citameng I,SRI,4,2019
1046.7,146.0629200375006,134.77829540244852,446.5312202958203,184.79999999999998,416.78583899778585,0.0,1192.7629200375006,1048.117059293606,22.18736098965492,-29.981239698491457,19,21,43,DI Citameng I,SRI,4,2020
898.9,161.5312386640973,120.48817051813803,463.5071515380418,179.51999999999998,274.0230255601366,0.0,1060.4312386640972,917.0501770981784,8.618983644025192,-32.48821771379403,43,21,29,DI Citameng I,SRI,4,2021
864.3000000000001,122.56333607567663,122.56333607567663,467.05169139901636,187.2,169.8543751623224,0.0,986.8633360756767,824.1060665613388,21.149498793523357,-20.828628069201123,13,20,32,DI Citameng I,SRI,4,2022
837.5999999999999,236.7831722857743,159.0980993463584,486.48741735376086,171.35999999999996,267.42040747795625,0.0,1074.3831722857742,925.2678248317171,7.612159666098332,-29.1252861404786,51,24,28,DI Citameng I,SRI,4,2023
661.0,237.1721022337775,158.1137958717653,493.86894042943504,170.87999999999997,88.56303633863985,0.0,898.1721022337775,753.3119767680748,2.2250783321424383,-29.245468963757794,57,27,14,DI Citameng I,SRI,4,2024
626.4,522.2849404730179,60.40223760148658,485.9749603879433,280.0,199.54925756183326,100.0,1148.6849404730178,965.5242179497766,10.872551125406394,-5.185706808983682,9,82,17,DI Citameng I,FL,5,2015
862.8,261.926736288079,111.34486728823775,449.14494983900994,280.0,208.20862319381047,100.0,1124.7267362880789,937.3535730328205,27.348245569004465,-5.308429878057378,6,55,26,DI Citameng I,FL,5,2016
350.5,595.1640419931916,180.31998946990416,473.53124337598706,280.0,17.29697723873241,100.0,945.6640419931916,770.8282206147195,10.566949590758531,-4.011279797712897,8,86,4,DI Citameng I,FL,5,2017
214.1,748.3339016056236,227.0130759401302,508.63353335149446,280.0,4.057186185085589,100.0,962.4339016056236,792.69071953658,7.7237204979077285,-4.432556202938004,10,96,1,DI Citameng I,FL,5,2018
383.5,662.9003096591858,126.68588509266476,511.834281440712,280.0,75.20213791235527,100.0,1046.400309659186,867.0364193530672,7.384837512353264,-2.8728654224680685,10,91,9,DI Citameng I,FL,5,2019
800.3,365.47594099715604,134.12725941666864,461.504534299878,280.0,227.57349276553046,100.0,1165.7759409971559,969.0780270654085,23.594702679276836,-3.6822091132576564,7,62,23,DI Citameng I,FL,5,2020
680.8999999999999,506.4900003961648,241.11642200084856,483.46776504273146,280.0,254.709906097331,100.0,1187.3900003961646,1018.1776711400624,24.375398871873763,-5.306027679357569,13,73,23,DI Citameng I,FL,5,2021
603.0,417.8177462014211,161.86419952971488,483.9229243198847,280.0,88.2035556967719,100.0,1020.8177462014211,852.1264800166566,18.528158083809604,-5.375395644230583,11,69,15,DI Citameng I,FL,5,2022
586.4,514.2990936312867,177.25930926138042,502.3698785458469,280.0,149.09513400512725,100.0,1100.6990936312868,931.465012550974,16.6484295162075,-5.4286531433802825,13,73,18,DI Citameng I,FL,5,2023
448.20000000000005,576.0989940999614,178.4224282454668,516.106110615759,280.0,59.67327751303908,100.0,1024.2989940999614,855.7793881287981,12.010702625701397,-3.249738336266484,11,86,7,DI Citameng I,FL,5,2024
626.4,352.0904887851598,60.40223760148658,469.3006392021973,158.87999999999997,199.54925756183326,0.0,978.4904887851598,827.7298967640306,-9.149630089404535,-33.818412509926844,82,24,17,DI Citameng I,SRI,5,2015
862.8,111.34486728823777,111.34486728823775,434.5573247561633,181.44,186.6067768725749,0.0,974.1448672882377,802.6041016287382,14.804918380744756,-22.58656357345592,31,21,20,DI Citameng I,SRI,5,2016
350.5,435.5325309599111,180.31998946990416,458.18647517110503,161.27999999999997,17.29697723873241,0.0,786.0325309599111,636.7634524098374,-8.377444565894896,-33.431954794103774,84,37,4,DI Citameng I,SRI,5,2017
214.1,597.4533189609135,227.0130759401302,492.06229005411353,163.2,4.057186185085589,0.0,811.5533189609135,659.319476239199,-8.29216100592221,-33.7403620556042,74,44,1,DI Citameng I,SRI,5,2018
383.5,499.6654450809476,126.68588509266476,494.39577719259256,157.92,75.20213791235527,0.0,883.1654450809476,727.5179151049479,-10.68148073278534,-33.7244489856363,86,34,9,DI Citameng I,SRI,5,2019
800.3,228.07373226530444,134.12725941666864,446.4156519629921,174.71999999999997,220.83765877129838,0.0,1028.3737322653044,841.9733107342905,10.559272680001353,-31.6951938149197,44,21,23,DI Citameng I,SRI,5,2020
680.8999999999999,362.3820420791131,241.11642200084856,467.77439696375563,178.56,250.2578179694798,0.0,1043.282042079113,896.5922149332354,9.673186660500035,-33.95781400362005,44,34,23,DI Citameng I,SRI,5,2021
603.0,257.5690469365406,161.86419952971488,468.4781915361156,174.71999999999997,68.2167209279406,0.0,860.5690469365406,711.4149124640562,6.749596374863556,-31.997651374479656,46,30,16,DI Citameng I,SRI,5,2022
586.4,372.5680556561028,177.25930926138042,486.18422418369255,159.83999999999997,151.07831727976532,0.0,958.9680556561027,797.1025414634578,-3.151389041210146,-34.789103977993896,76,28,14,DI Citameng I,SRI,5,2023
448.20000000000005,391.4678978586024,178.4224282454668,499.52928151098826,164.64,34.38729711419756,0.0,839.6678978586024,698.5565786251857,-4.833860553049911,-31.69927600285118,68,35,5,DI Citameng I,SRI,5,2024
148.10000000000002,839.0049617102108,284.7760124923026,525.4859786594615,280.0,3.626195331014916,100.0,987.1049617102108,809.1121739904764,7.215154543641959,-3.878951428029474,10,105,1,DI Citameng I,FL,6,2015
825.3999999999999,357.80997063978396,167.810396981756,456.85579460130486,280.0,230.77596952268593,100.0,1183.209970639784,967.6317641239908,19.853839648285156,0.04664105766429483,0,60,21,DI Citameng I,FL,6,2016
180.3,775.0102929063052,296.001565521598,501.66477721862503,280.0,0.0,100.0,955.3102929063052,781.664777218625,9.352766216410377,-3.567458976482282,11,98,0,DI Citameng I,FL,6,2017
110.69999999999999,870.4316419408619,308.14058495440526,529.570282628797,280.0,0.0,100.0,981.131641940862,809.570282628797,7.346119338050542,-4.875253011767072,10,103,0,DI Citameng I,FL,6,2018
98.8,905.6002714688252,273.4713393300611,553.78918369683,280.0,0.0,100.0,1004.4002714688252,833.78918369683,6.798855028917559,-6.7770361927055704,12,108,0,DI Citameng I,FL,6,2019
483.0,511.87763124023604,192.15222953105672,485.68537289580297,280.0,46.40033869813672,100.0,994.877631240236,812.0857115939397,17.725696777344243,-5.413799653627703,10,77,7,DI Citameng I,FL,6,2020
651.2,497.0751784332158,238.8365644734718,484.50369667967414,280.0,204.5584083241049,100.0,1148.2751784332158,969.062105003779,19.55020592167683,-4.8867883487600245,11,72,17,DI Citameng I,FL,6,2021
517.2,471.12637064740034,237.13694252011308,488.9182999397778,280.0,30.40363878575173,100.0,988.3263706474004,799.3219387255295,19.7186923862385,-5.72125134115508,5,73,4,DI Citameng I,FL,6,2022
325.29999999999995,728.3848862912176,237.6129067717644,524.0700846652682,280.0,70.25665468345562,100.0,1053.6848862912175,874.3267393487238,10.939841401296013,-3.8296199640341175,11,91,11,DI Citameng I,FL,6,2023
319.1,706.4825815011939,281.42937259623443,539.5219148513656,280.0,39.27904513562808,100.0,1025.582581501194,858.8009599869937,11.804554375479729,-6.092368247341718,7,91,7,DI Citameng I,FL,6,2024
148.10000000000002,686.7570101277564,284.7760124923026,507.5404577846075,159.35999999999999,3.626195331014916,0.0,834.8570101277564,670.5266531156225,-9.697385728588324,-33.551634677266286,85,44,1,DI Citameng I,SRI,6,2015
825.3999999999999,222.9987236672842,167.810396981756,441.23717591805286,175.2,225.550052838837,0.0,1048.398723667284,841.9872287568899,5.709921012015231,-23.193843295667044,46,26,20,DI Citameng I,SRI,6,2016
180.3,629.8847062282971,296.001565521598,485.01761984963196,158.88,0.0,0.0,810.184706228297,643.897619849632,-9.101970271760145,-35.09164413934633,83,42,0,DI Citameng I,SRI,6,2017
110.69999999999999,708.3213570600568,308.14058495440526,511.7272777968813,159.35999999999996,0.0,0.0,819.0213570600567,671.0872777968813,-9.01429768107759,-32.5039522171525,82,46,0,DI Citameng I,SRI,6,2018
98.8,741.6493065874615,273.4713393300611,534.8187895616264,156.95999999999998,0.0,0.0,840.4493065874615,691.7787895616264,-10.708789307434044,-35.12862987358791,89,49,0,DI Citameng I,SRI,6,2019
483.0,382.14741163145345,192.15222953105672,469.1196789099871,166.55999999999997,60.12439874475282,0.0,865.1474116314535,695.8040776547399,0.7168358817901742,-34.107665780761536,59,32,8,DI Citameng I,SRI,6,2020
651.2,372.0121787754499,238.8365644734718,468.16834067262573,165.59999999999997,229.3006751821564,0.0,1023.21217877545,863.0690158547822,2.1648596208525333,-28.58887893961989,66,31,18,DI Citameng I,SRI,6,2021
517.2,363.49661500339585,237.13694252011308,472.2333169901708,173.76,48.99881317272607,0.0,880.6966150033959,694.9921301628968,5.946022281859314,-30.891362795933766,55,32,8,DI Citameng I,SRI,6,2022
325.29999999999995,567.8808608913071,237.6129067717644,506.3182177108997,162.71999999999997,58.338353311502374,0.0,893.180860891307,727.3765710224021,-4.3672719744514685,-32.84193051220157,71,36,7,DI Citameng I,SRI,6,2023
319.1,533.7878191187147,281.42937259623443,521.1852474607782,161.28,12.149609348247855,0.0,852.8878191187147,694.614856809026,-4.993350692916704,-30.045272910445092,78,37,4,DI Citameng I,SRI,6,2024
129.5,892.7966980368312,307.8718512414648,567.0792517374033,280.0,4.167335232189089,100.0,1022.2966980368312,851.2465869695924,6.910591716392957,-6.647998915081628,10,103,1,DI Citameng I,FL,7,2015
1211.6000000000001,403.29088427361415,258.5456381193944,452.7275840114055,280.0,673.0295633728211,100.0,1614.8908842736143,1405.7571473842268,33.87381372668796,6.671346177775615,0,63,39,DI Citameng I,FL,7,2016
349.3,702.5063477140167,275.0865427814368,510.19088716491444,280.0,65.7603566950435,100.0,1051.8063477140167,855.9512438599579,15.416487560631397,-0.01712961920153777,1,90,5,DI Citameng I,FL,7,2017
100.5,916.0625371328321,299.13185657881417,562.1890731951049,280.0,0.0,100.0,1016.5625371328321,842.1890731951049,6.7707101417580375,-4.655476928075149,12,106,0,DI Citameng I,FL,7,2018
65.5,984.8285984525804,338.6963867918065,600.2755325739929,280.0,0.0,100.0,1050.3285984525805,880.2755325739929,6.361651190891881,-5.924800362302514,12,105,0,DI Citameng I,FL,7,2019
480.0,539.8321341275292,222.5489371369499,512.3702336016773,280.0,51.75853441187293,100.0,1019.8321341275292,844.1287680135503,13.05558241424699,-4.107953606634744,3,73,4,DI Citameng I,FL,7,2020
533.9000000000001,516.4025984291314,187.11648155476456,506.52915367718856,280.0,88.74305488572702,100.0,1050.3025984291316,875.2722085629156,13.805003689281621,-6.631536764361318,9,75,8,DI Citameng I,FL,7,2021
602.8,484.3537056615531,199.68975321220583,496.553033161744,280.0,109.40730667416847,100.0,1087.153705661553,885.9603398359125,16.782030191569326,0.06701548373674893,0,75,12,DI Citameng I,FL,7,2022
183.2,854.2155175903979,274.99155747035445,576.434513752496,280.0,8.150423662538438,100.0,1037.415517590398,864.5849374150343,8.377876794953321,-5.393932665232554,13,99,1,DI Citameng I,FL,7,2023
333.5,723.4358321103356,264.21525774175586,568.2361814022779,280.0,36.90050245923075,100.0,1056.9358321103355,885.1366838615087,11.563303742395076,-4.671898923946984,10,88,5,DI Citameng I,FL,7,2024
129.5,721.1815305638881,307.8718512414648,547.0856353365248,159.35999999999999,4.167335232189089,0.0,850.6815305638881,710.6129705687139,-10.415910534204238,-36.196911774675286,88,45,1,DI Citameng I,SRI,7,2015
1211.6000000000001,280.12837424075747,258.5456381193944,436.8182126895887,189.12,664.1394446651487,0.0,1491.7283742407576,1290.0776573547373,18.805685714540022,-12.466521776394629,13,31,40,DI Citameng I,SRI,7,2016
349.3,578.0509924209887,275.0865427814368,491.52137647781535,169.92000000000002,75.05844285878905,0.0,927.3509924209886,736.4998193366043,0.39218229937103366,-30.24404209964284,60,42,7,DI Citameng I,SRI,7,2017
100.5,741.8787177765046,299.13185657881417,542.3979471699689,156.48,0.0,0.0,842.3787177765046,698.8779471699689,-10.58771818865996,-35.47183732843052,90,48,0,DI Citameng I,SRI,7,2018
65.5,815.9582536954537,338.6963867918065,578.752561060327,156.47999999999996,0.0,0.0,881.4582536954537,735.232561060327,-11.406393851024761,-35.06066363480355,91,48,0,DI Citameng I,SRI,7,2019
480.0,413.3615179040912,222.5489371369499,493.7393305873497,172.32,51.75853441187293,0.0,893.3615179040912,717.8178649992226,-4.0943608522776564,-28.94313123876053,66,34,4,DI Citameng I,SRI,7,2020
533.9000000000001,367.16658628199514,187.11648155476456,489.11671122856524,170.88,81.61304371966546,0.0,901.0665862819952,741.6097549482307,-3.5791242677059505,-30.946660833600117,61,33,8,DI Citameng I,SRI,7,2021
602.8,330.452375677801,199.68975321220583,478.68184218061106,175.67999999999998,83.51866446677249,0.0,933.252375677801,737.8805066473835,2.922199284985812,-28.960657659226538,46,34,9,DI Citameng I,SRI,7,2022
183.2,702.7373791001814,274.99155747035445,555.8175147783404,156.47999999999996,8.150423662538438,0.0,885.9373791001815,720.4479384408788,-8.646239400065179,-34.201105150459384,88,43,1,DI Citameng I,SRI,7,2023
333.5,556.4808128278132,264.21525774175586,547.9589106254446,166.07999999999998,17.761005398262757,0.0,889.9808128278132,731.7999160237073,-2.716415835787154,-34.665168404674674,67,38,5,DI Citameng I,SRI,7,2024
221.7,875.7171929917758,323.5110655291054,602.3777458915226,280.0,25.346759623589953,100.0,1097.417192991776,907.7245055151126,11.033874788840663,-6.05660691110709,4,100,4,DI Citameng I,FL,8,2015
1518.2,377.83697931179296,215.69224039288773,448.68031884146706,280.0,951.0255757725545,100.0,1896.036979311793,1679.7058946140214,34.93525461728148,4.711900514764894,0,61,57,DI Citameng I,FL,8,2016
551.3000000000001,690.9256319594072,310.3664274819207,527.9336369252337,280.0,223.17031043418382,100.0,1242.225631959407,1031.1039473594176,19.44370621680855,-1.4655838426759402,2,79,16,DI Citameng I,FL,8,2017
281.50000000000006,833.2106882645198,343.5266219187679,573.900794789176,280.0,64.31890015031298,100.0,1114.7106882645198,918.2196949394889,10.49903495003836,-4.785370545193658,6,92,7,DI Citameng I,FL,8,2018
152.39999999999998,946.2230885610259,338.84885844406546,637.9453637607403,280.0,6.8617238557085045,100.0,1098.6230885610257,924.8070876164488,7.670255704115272,-5.855268783534102,11,101,1,DI Citameng I,FL,8,2019
658.1,549.3048036232341,289.8880299477283,522.4540499049143,280.0,187.90224700877476,100.0,1207.404803623234,990.3562969136891,24.401097251269725,3.6424851931627114,0,68,25,DI Citameng I,FL,8,2020
707.9000000000001,563.2118081129723,304.1432104713889,523.2568548384385,280.0,253.28392184202383,100.0,1271.1118081129725,1056.5407766804624,21.45912284678866,-0.19483792547642143,1,73,22,DI Citameng I,FL,8,2021
820.8999999999999,524.0206129567116,281.28965371376114,506.72818231021665,280.0,341.84928022412765,100.0,1344.9206129567115,1128.5774625343442,25.995190890427818,0.1727390372788724,0,70,36,DI Citameng I,FL,8,2022
206.5,896.9272903324675,298.35871815335565,624.8020747389355,280.0,26.315601343366836,100.0,1103.4272903324675,931.1176760823023,6.336283389179472,-6.337265797410518,9,101,1,DI Citameng I,FL,8,2023
424.5,734.9490477409854,306.6154262538274,598.2086469099254,280.0,68.49298705704152,100.0,1159.4490477409854,946.7016339669669,14.432546580714302,-4.297375441476657,2,87,5,DI Citameng I,FL,8,2024
221.7,735.7422716800743,323.5110655291054,580.0909384974073,163.68,28.897864317187018,0.0,957.4422716800743,772.6688028145943,-5.406825079112942,-32.1556878708285,79,47,6,DI Citameng I,SRI,8,2015
1518.2,249.46832642652936,215.69224039288773,433.671681945361,192.0,933.1602202837693,0.0,1767.6683264265293,1558.8319022291303,24.57523708161776,-2.586687164808214,5,29,57,DI Citameng I,SRI,8,2016
551.3000000000001,536.3832049183919,310.3664274819207,509.10686952565084,177.60000000000002,198.18335119285976,0.0,1087.683204918392,884.8902207185106,5.525386657996157,-23.588859711261247,44,40,13,DI Citameng I,SRI,8,2017
281.50000000000006,703.3630574414494,343.5266219187679,552.9319645532398,166.07999999999998,75.99717256665622,0.0,984.8630574414494,795.009137119896,-4.647156568391272,-29.198634638992104,79,46,7,DI Citameng I,SRI,8,2018
152.39999999999998,768.7039054199221,338.84885844406546,614.6080495050866,160.32,3.8452933668462705,0.0,921.1039054199221,778.7733428719329,-8.336168536872375,-29.99563818491812,88,49,1,DI Citameng I,SRI,8,2019
658.1,422.4235076363761,289.8880299477283,503.92591040181816,184.32,185.22909052501294,0.0,1080.523507636376,873.4750009268311,12.622436905580384,-22.827567544679688,27,35,24,DI Citameng I,SRI,8,2020
707.9000000000001,434.9744475271796,304.1432104713889,504.5314219305417,177.6,256.17199416412785,0.0,1142.8744475271797,938.3034160946695,4.22647540445192,-29.421159094101526,48,36,21,DI Citameng I,SRI,8,2021
820.8999999999999,374.14049834813585,281.28965371376114,489.26140962323905,187.67999999999998,311.7559383025296,0.0,1195.0404983481358,988.6973479257686,15.550117956421753,-21.774920314536253,18,35,29,DI Citameng I,SRI,8,2022
206.5,744.8211429806111,298.35871815335565,601.5686574813479,158.88,26.315601343366836,0.0,951.3211429806111,786.7642588247147,-10.498345768179954,-32.04564818669972,93,48,1,DI Citameng I,SRI,8,2023
424.5,573.3522648685172,306.6154262538274,576.5089044176177,169.92000000000002,47.255315331358304,0.0,997.8522648685172,793.6842197489761,-1.5666701559297846,-29.920376527998805,69,41,7,DI Citameng I,SRI,8,2024
643.0,748.1914849550724,340.60653532730447,590.4425411193815,280.0,312.98002799778635,100.0,1391.1914849550724,1183.4225691171678,20.326865050474034,-2.083548709406676,1,84,18,DI Citameng I,FL,9,2015
1961.3999999999999,363.5737920575621,220.9231404677814,447.00431636184067,280.0,1383.6159121526703,100.0,2324.973792057562,2110.620228514511,38.495466624273185,4.588849178581601,0,59,84,DI Citameng I,FL,9,2016
697.1999999999999,591.6138797554721,347.41868332270434,519.2308335480398,280.0,279.6254496969089,100.0,1288.813879755472,1078.8562832449486,28.266176849819907,0.8712488879880658,0,71,29,DI Citameng I,FL,9,2017
606.0999999999998,708.3942535773994,346.3704731649698,570.1091773681289,280.0,263.5863086247766,100.0,1314.4942535773991,1113.6954859929056,17.83559230526722,-0.9286591152551171,3,79,20,DI Citameng I,FL,9,2018
493.5,794.952645690871,354.58740759408045,643.4522798746723,280.0,159.13763810218194,100.0,1288.4526456908711,1082.5899179768542,17.77374057845,-2.229450945483114,2,86,14,DI Citameng I,FL,9,2019
928.5,488.6972752988915,274.83268174153386,515.8264964313449,280.0,411.27943674158865,100.0,1417.1972752988916,1207.1059331729336,34.21097353007728,6.914061986432682,0,68,50,DI Citameng I,FL,9,2020
985.8999999999999,465.28734705733984,275.90217609966726,520.8538562042637,280.0,436.8612794294878,100.0,1451.1873470573396,1237.7151356337515,26.65214283794769,-1.2077470810324105,1,64,35,DI Citameng I,FL,9,2021
1049.0,439.12081505264393,297.6178759854014,514.0944417167243,280.0,486.18036961464213,100.0,1488.120815052644,1280.2748113313664,34.50272921237231,4.696956846507842,0,63,51,DI Citameng I,FL,9,2022
302.09999999999997,825.0664084841791,342.9430457776617,647.6789599138174,280.0,28.968534463566442,100.0,1127.166408484179,956.6474943773839,11.72785861017071,-4.962967147158299,3,90,5,DI Citameng I,FL,9,2023
700.0,625.2519458805036,352.43218775742764,592.1586618312799,280.0,248.75099671981363,100.0,1325.2519458805036,1120.9096585510936,24.61716364847765,-0.9535228537960414,1,74,34,DI Citameng I,FL,9,2024
643.0,607.995472977811,340.60653532730447,569.4121335496918,176.64,307.17442359021476,0.0,1250.995472977811,1053.2265571399066,5.586390948345834,-29.117686129429124,51,44,22,DI Citameng I,SRI,9,2015
1961.3999999999999,248.91194941233584,220.9231404677814,432.65340041471416,192.0,1381.304985454571,0.0,2210.3119494123357,2005.958385869285,28.95976640162767,-5.008842253142182,4,28,81,DI Citameng I,SRI,9,2016
697.1999999999999,451.8017031481935,347.41868332270434,502.31243292850536,189.11999999999998,257.6116737091645,0.0,1149.0017031481934,949.0441066376699,18.00919683837939,-11.980398158833943,18,39,28,DI Citameng I,SRI,9,2017
606.0999999999998,557.7558899729801,346.3704731649698,550.5933437033207,174.72,245.22423201972933,0.0,1163.8558899729799,970.53757572305,4.348345377597697,-24.113238285836104,53,41,20,DI Citameng I,SRI,9,2018
493.5,656.8230135918101,354.58740759408045,620.7712815989321,170.88,162.80900427886112,0.0,1150.3230135918102,954.4602858777932,1.113380266579392,-30.015865196875886,63,45,16,DI Citameng I,SRI,9,2019
928.5,363.55208130327406,274.83268174153386,498.69363188331414,192.0,400.4265799858971,0.0,1292.052081303274,1091.1202118692113,23.818306804926447,-5.532394857524558,8,36,45,DI Citameng I,SRI,9,2020
985.8999999999999,332.9673403196539,275.90217609966726,502.972423972981,182.88,429.5427049230846,0.0,1318.8673403196537,1115.3951288960657,14.805061694915883,-22.33506572947636,28,31,42,DI Citameng I,SRI,9,2021
1049.0,308.3654639105946,297.6178759854014,497.11420899164875,192.0,469.5705228713918,0.0,1357.3654639105946,1158.6847318630405,25.68038736551247,-3.8535339210657615,5,31,47,DI Citameng I,SRI,9,2022
302.09999999999997,679.394940578286,342.9430457776617,624.7151252427191,163.68,42.99043518153673,0.0,981.4949405782859,831.3855604242559,-5.044383328771283,-30.31502458389056,77,46,7,DI Citameng I,SRI,9,2023
700.0,505.27986569730643,352.43218775742764,571.6716063049147,182.88,255.87441457842235,0.0,1205.2798656973064,1010.4260208833371,12.632734907092159,-28.753733939261412,30,37,30,DI Citameng I,SRI,9,2024
925.5999999999999,630.8134061043581,350.6316154702659,578.2989619630291,280.0,507.2841998012146,100.0,1556.413406104358,1365.5831617642436,28.031024789456943,5.11198872569006,0,72,38,DI Citameng I,FL,10,2015
1987.1,245.9802683853486,145.9802683853486,446.3791147644648,280.0,1293.0770866146452,100.0,2233.0802683853485,2019.45620137911,40.72726246024795,4.696370518569985,0,47,84,DI Citameng I,FL,10,2016
888.4000000000001,426.1296848335453,299.66896542934296,507.88194050952586,280.0,329.9845967933702,100.0,1314.5296848335454,1117.8665373028962,33.71149736677454,2.559057195231877,0,60,34,DI Citameng I,FL,10,2017
882.8000000000002,580.684709667616,332.64197924337986,555.4500749592319,280.0,423.18002486372865,100.0,1463.4847096676162,1258.6300998229606,26.981650604591078,3.546912100086809,0,71,32,DI Citameng I,FL,10,2018
817.0,641.1595351330619,356.97445709988085,621.7638400560031,280.0,368.081119345864,100.0,1458.159535133062,1269.844959401867,27.354799334870737,-0.05810340525592572,1,74,34,DI Citameng I,FL,10,2019
1274.4,421.38021576224065,293.2291771918576,495.574336267588,280.0,720.4459930189541,100.0,1695.7802157622407,1496.0203292865422,37.73059395667854,5.24896142961695,0,61,66,DI Citameng I,FL,10,2020
1238.0,442.01835669234714,223.58422993077767,517.917613217321,280.0,673.8065895215299,100.0,1680.0183566923472,1471.7242027388509,32.85691139414831,4.007192281435402,0,63,66,DI Citameng I,FL,10,2021
1239.3,333.6596332817352,233.65963328173513,505.5503708387798,280.0,604.5087586767373,100.0,1572.959633281735,1390.0591295155173,39.68659774471399,10.277343829183812,0,55,63,DI Citameng I,FL,10,2022
637.9,704.2079105642058,362.33096861977407,644.3818833977937,280.0,219.03771554668495,100.0,1342.1079105642057,1143.4195989444786,21.36602084930472,-1.1367242494589265,3,79,24,DI Citameng I,FL,10,2023
906.2,532.3179102369256,278.357304529385,561.4822380981238,280.0,392.8544892167736,100.0,1438.5179102369257,1234.3367273148974,31.253066828211132,5.254802387934794,0,66,51,DI Citameng I,FL,10,2024
925.5999999999999,504.55291934443244,350.6316154702659,560.2792831456342,187.2,498.4917451382451,0.0,1430.1529193444323,1245.9710282838791,17.1858054188594,-25.12065407543351,22,39,36,DI Citameng I,SRI,10,2015
1987.1,145.9802683853486,145.9802683853486,431.5727496851214,192.0,1305.0507007686028,0.0,2133.0802683853485,1928.6234504537242,32.19766748068038,1.3140347971939281,0,17,85,DI Citameng I,SRI,10,2016
888.4000000000001,299.66896542934296,299.66896542934296,491.70233964016506,190.56,312.4854515468145,0.0,1188.068965429343,994.7477911869795,23.327049647233608,-9.57189360627181,8,27,38,DI Citameng I,SRI,10,2017
882.8000000000002,435.0777733555754,332.64197924337986,538.0931508642132,186.72,398.2100126467069,0.0,1317.8777733555755,1123.02316351092,17.250484358822874,-11.560973282523838,24,38,37,DI Citameng I,SRI,10,2018
817.0,505.8429178551546,356.97445709988085,601.4920818065035,184.79999999999998,352.34916827863555,0.0,1322.8429178551546,1138.641250085139,14.091724347748649,-26.43857485403457,29,39,33,DI Citameng I,SRI,10,2019
1274.4,293.2291771918576,293.2291771918576,480.04129129712544,192.0,702.4918368066931,0.0,1567.6291771918577,1374.5331281038184,27.7696290764101,-0.40758919944546346,2,29,61,DI Citameng I,SRI,10,2020
1238.0,302.3818104323456,223.58422993077767,501.2438618188678,192.0,645.8264928141357,0.0,1540.3818104323457,1339.0703546330035,22.76161355643048,-5.087416577542274,10,30,65,DI Citameng I,SRI,10,2021
1239.3,233.65963328173518,233.65963328173513,489.1369341573264,192.0,611.3731211015813,0.0,1472.959633281735,1292.5100552589076,30.862373737185337,6.170892935572528,0,25,69,DI Citameng I,SRI,10,2022
637.9,559.6564117550276,362.33096861977407,623.0050673785661,176.16,209.7030327567344,0.0,1197.5564117550275,1008.8681001353004,4.889776205178324,-28.22061377329887,53,40,22,DI Citameng I,SRI,10,2023
906.2,386.7212798022251,278.357304529385,543.767219179903,189.12,365.8528777002939,0.0,1292.9212798022252,1098.740096880197,20.01592129073123,-21.225651688016036,18,32,47,DI Citameng I,SRI,10,2024
1525.9,462.19243156006496,335.2320545276621,532.5341713034045,280.0,983.5963904522514,100.0,1988.092431560065,1796.130561755656,37.89020171771041,6.339622967597176,0,61,66,DI Citameng I,FL,11,2015
1863.2000000000003,197.65342675595883,82.95342675595882,441.91182347447057,280.0,1125.4104893884623,100.0,2060.853426755959,1847.322312862933,39.526475642170595,14.897940947352275,0,43,80,DI Citameng I,FL,11,2016
973.9,355.34446219038705,211.5887492894629,477.3688983233277,280.0,371.7882748758155,100.0,1329.244462190387,1129.1571731991432,36.199430982349384,-1.5110477105218774,1,57,45,DI Citameng I,FL,11,2017
1316.3,428.20010698782795,311.5001069878279,525.9075133525052,280.0,736.1950807276553,100.0,1744.5001069878278,1542.1025940801605,36.943970600333856,9.424255437266313,0,61,55,DI Citameng I,FL,11,2018
1269.6,497.80998229714436,339.5508154742616,573.6916731098455,280.0,717.9548991938457,100.0,1767.4099822971443,1571.6465723036913,37.11107856284336,3.3582157839160356,0,64,67,DI Citameng I,FL,11,2019
1490.8,241.0214850706647,141.02148507066468,453.83620547112594,280.0,783.3585937875788,100.0,1731.8214850706647,1517.1947992587047,38.13836842813347,4.670659933783807,0,49,70,DI Citameng I,FL,11,2020
1290.5,363.158178504036,263.15817850403596,513.3906053899066,280.0,660.764818258402,100.0,1653.658178504036,1454.1554236483084,39.69480624561846,5.27174083726918,0,58,60,DI Citameng I,FL,11,2021
1371.3,257.4271444178457,140.72714441784564,479.4086197351136,280.0,654.3503917008237,100.0,1628.7271444178457,1413.7590114359373,39.127206329310816,7.112139148493481,0,51,71,DI Citameng I,FL,11,2022
851.1999999999998,542.7341695096704,344.46237353834795,609.8712816528987,280.0,313.98551658109653,100.0,1393.9341695096703,1203.8567982339953,28.56003313529419,-1.1367242494589265,1,68,35,DI Citameng I,FL,11,2023
989.9999999999999,423.6646783392574,312.8710726152758,542.6096933949909,280.0,405.18090482234436,100.0,1413.6646783392573,1227.7905982173352,35.7659475747058,-3.3936057239816124,1,60,51,DI Citameng I,FL,11,2024
1525.9,350.4967842627144,335.2320545276621,516.1788353671573,192.0,985.4176323375848,0.0,1876.3967842627144,1693.596467704742,28.926938974104612,-5.464729735052302,2,30,64,DI Citameng I,SRI,11,2015
1863.2000000000003,82.95342675595882,82.95342675595882,426.60089131912605,192.0,1119.1096672508238,0.0,1946.1534267559591,1737.7105585699499,30.04490932986505,1.0286544033190843,0,12,78,DI Citameng I,SRI,11,2016
973.9,226.79712247211808,211.5887492894629,462.26918455535963,191.03999999999996,354.777800148055,0.0,1200.697122472118,1008.0869847034146,24.965286809215787,-8.16035263962292,7,25,43,DI Citameng I,SRI,11,2017
1316.3,311.50010698782796,311.5001069878279,509.4213031563717,192.0,733.9812909237887,0.0,1627.8001069878278,1435.4025940801605,28.643929537907656,-3.9304401611224646,4,30,55,DI Citameng I,SRI,11,2018
1269.6,363.58386482144584,339.5508154742616,555.8852474933182,191.51999999999998,700.0152073346746,0.0,1633.1838648214457,1447.4204548279927,27.456431796616126,-7.429246478494468,4,32,66,DI Citameng I,SRI,11,2019
1490.8,141.02148507066468,141.02148507066468,439.43413886234407,192.0,795.7606603963605,0.0,1631.8214850706647,1427.1947992587047,31.194324642440186,10.530356370082977,0,19,76,DI Citameng I,SRI,11,2020
1290.5,263.15817850403596,263.15817850403596,496.5895001905614,192.0,668.9054942482242,0.0,1553.658178504036,1357.4949944387856,31.038759776772,6.099743403236812,0,28,59,DI Citameng I,SRI,11,2021
1371.3,151.53934818085963,140.72714441784564,463.07232867838604,192.0,662.7988865205652,0.0,1522.8393481808596,1317.8712151989512,29.857842315064346,-2.312203763013983,1,21,72,DI Citameng I,SRI,11,2022
851.1999999999998,377.5379715438596,344.46237353834795,590.6903863352627,188.16,268.96718645705425,0.0,1228.7379715438594,1047.817572792317,18.206548376613647,-27.987605784897603,16,33,32,DI Citameng I,SRI,11,2023
989.9999999999999,312.8710726152758,312.8710726152758,526.4899673476878,191.51999999999998,398.50869767573465,0.0,1302.8710726152758,1116.5186650234223,28.309099568914394,-5.680947824157942,3,29,51,DI Citameng I,SRI,11,2024
1960.4,306.07626935992204,193.74059409530474,482.3182413576823,280.0,1292.7601884224243,100.0,2266.4762693599223,2055.0784297801065,39.099695008918914,4.549986738797139,0,55,79,DI Citameng I,FL,12,2015
1690.1,187.9222183730688,87.92221837306879,460.7726263206781,280.0,921.4184711349858,100.0,1878.0222183730687,1662.191097455664,40.6954074100115,6.084621209443476,0,45,78,DI Citameng I,FL,12,2016
1157.4,316.79732870714844,160.7697189625484,471.29055668391413,280.0,510.7446742581335,100.0,1474.1973287071485,1262.0352309420477,35.74300080931313,4.520586644020355,0,55,54,DI Citameng I,FL,12,2017
1515.8999999999999,292.752805885672,173.85280588567198,492.2553767771725,280.0,829.5609660331932,100.0,1808.6528058856718,1601.8163428103658,40.68105376663282,10.383841446377438,0,54,70,DI Citameng I,FL,12,2018
1602.8000000000002,356.8482304503993,256.84823045039934,520.5233593594912,280.0,954.9564698282127,100.0,1959.6482304503995,1755.479829187704,41.136608193827605,6.658471177136647,0,57,74,DI Citameng I,FL,12,2019
1470.1,237.76493550668448,137.7649355066845,452.39820033593526,280.0,762.0232897948661,100.0,1707.8649355066843,1494.4214901308014,41.269934346287314,11.82740463782275,0,53,72,DI Citameng I,FL,12,2020
1485.6,183.9409621712116,83.94096217121161,491.0205810114213,280.0,681.2357916165361,100.0,1669.5409621712115,1452.2563726279573,40.812783324549144,15.959727094593973,0,47,69,DI Citameng I,FL,12,2021
1320.9,223.22098276596626,123.22098276596626,481.6331890435331,280.0,591.1102131335281,100.0,1544.1209827659663,1352.7434021770612,40.638162846204,11.360678781033457,0,48,73,DI Citameng I,FL,12,2022
1083.2,405.34524371902745,240.32487798387152,565.2907617556843,280.0,456.7280573917067,100.0,1488.5452437190274,1302.018819147391,33.414906510758264,4.844945060838793,0,62,49,DI Citameng I,FL,12,2023
1199.7999999999997,199.37864060422328,99.3786406042233,508.5150090895643,280.0,403.7640439915209,100.0,1399.178640604223,1192.2790530810853,41.31178364744885,6.134338351766058,0,48,69,DI Citameng I,FL,12,2024
1960.4,193.74059409530474,193.74059409530474,466.54970795720754,192.0,1294.1930465582816,0.0,2154.140594095305,1952.7427545154892,30.127242796818894,6.218798751284294,0,24,80,DI Citameng I,SRI,12,2015
1690.1,87.92221837306879,87.92221837306879,445.0320577531579,192.0,933.4911026537424,0.0,1778.0222183730687,1570.5231604069004,30.97410504736185,6.915466544003443,0,15,78,DI Citameng I,SRI,12,2016
1157.4,186.89288528621086,160.7697189625484,455.3130294191403,192.0,493.0415775760529,0.0,1344.292885286211,1140.354606995193,25.717055986216092,-4.2658566251005094,4,23,55,DI Citameng I,SRI,12,2017
1515.8999999999999,185.3088987045343,173.85280588567198,475.5975496932238,192.0,832.3647801662196,0.0,1701.2088987045342,1499.9623298594433,31.420295629007867,-3.656092818862333,1,24,71,DI Citameng I,SRI,12,2018
1602.8000000000002,256.84823045039934,256.84823045039934,504.2630351667191,192.0,969.2167940209846,0.0,1859.6482304503995,1665.4798291877037,32.513381539649465,7.49749621498678,0,27,80,DI Citameng I,SRI,12,2019
1470.1,137.76493550668448,137.7649355066845,438.1090102956398,192.0,773.5892591848389,0.0,1607.8649355066843,1403.6982694804788,32.78109042079735,12.657826374081932,0,23,72,DI Citameng I,SRI,12,2020
1485.6,83.94096217121161,83.94096217121161,474.2777487069511,192.0,695.9786239210061,0.0,1569.5409621712115,1362.2563726279573,31.39123129610175,18.31583145375898,0,17,74,DI Citameng I,SRI,12,2021
1320.9,123.22098276596626,123.22098276596626,466.376522289874,192.0,595.1097155847269,0.0,1444.1209827659663,1253.4862378746009,30.530398002187322,7.26391041169028,0,18,71,DI Citameng I,SRI,12,2022
1083.2,255.6492196910821,240.32487798387152,546.8624515674437,190.07999999999998,419.93417850363613,0.0,1338.8492196910822,1156.8766300710797,25.440132073876505,-18.736763632505255,7,28,45,DI Citameng I,SRI,12,2023
1199.7999999999997,99.37864060422328,99.3786406042233,491.71973277436894,191.51999999999998,416.0997982293666,0.0,1299.178640604223,1099.3395310037356,29.413239261094624,-5.068242706581337,2,18,66,DI Citameng I,SRI,12,2024
2031.0000000000002,223.0793866751165,123.07938667511647,466.1522907291926,280.0,1294.1255185996167,100.0,2254.079386675117,2040.2778093288093,43.03330923864055,31.122290485111726,0,48,88,DI Cipancar,FL,1,2016
1315.3000000000002,209.9297786372736,73.19730395571588,482.76834841726077,280.0,575.9428212508144,100.0,1525.2297786372737,1338.7111696680752,32.55860041115467,-4.488003618452881,3,44,61,DI Cipancar,FL,1,2017
946.2,379.5016243833762,226.0628864361753,496.3435313524586,280.0,369.53360007872254,100.0,1325.7016243833764,1145.8771314311812,33.992182857167414,-4.834893195569862,5,61,43,DI Cipancar,FL,1,2018
1364.9,271.23847914764815,157.13847914764818,494.08069101341357,280.0,651.4556099528166,100.0,1636.1384791476482,1425.53630096623,40.220673344577605,6.838991941273593,0,54,59,DI Cipancar,FL,1,2019
1802.8,189.97988403165408,89.97988403165408,498.50649543854576,280.0,1007.4351777580887,100.0,1992.779884031654,1785.9416731966344,41.76401836597015,17.36489241341512,0,50,85,DI Cipancar,FL,1,2020
1349.3000000000002,206.7898024825903,90.0898024825903,456.47650649707407,280.0,620.7556875048368,100.0,1556.0898024825906,1357.232194001911,39.64597092257261,14.107635001653664,0,48,68,DI Cipancar,FL,1,2021
1075.9,269.28723628096265,141.6403278456756,513.6434862131048,280.0,335.9291715652347,100.0,1345.1872362809627,1129.5726577783394,38.20380049035694,6.0064968879972085,0,55,58,DI Cipancar,FL,1,2022
1081.8,264.449412065032,126.39047853174957,498.97736618111134,280.0,352.1166111876529,100.0,1346.249412065032,1131.0939773687642,33.90490702740801,2.8977092707890852,0,55,45,DI Cipancar,FL,1,2023
1077.7999999999997,329.49677839544836,219.26599292724882,561.4930887093531,280.0,374.0427315284805,100.0,1407.2967783954482,1215.5358202378336,33.85208836519266,-1.3307854681994975,1,55,51,DI Cipancar,FL,1,2024
2031.0000000000002,123.07938667511647,123.07938667511647,450.75168725632886,192.0,1306.6922271315461,0.0,2154.079386675117,1949.4439143878749,33.39092499091853,15.457556233774282,0,18,96,DI Cipancar,SRI,1,2016
1315.3000000000002,83.22939992042873,73.19730395571588,466.3565634002022,192.0,546.3060460202278,0.0,1398.529399920429,1204.66260942043,25.60350714596192,-2.722849437663337,4,12,53,DI Cipancar,SRI,1,2017
946.2,226.0628864361753,226.0628864361753,479.5857946640462,187.67999999999995,343.67417089875323,0.0,1172.2628864361754,1010.9399655627993,26.063192937281073,-17.051417268247555,12,27,47,DI Cipancar,SRI,1,2018
1364.9,157.13847914764816,157.13847914764818,477.5159955743971,192.0,649.7949442939807,0.0,1522.0384791476483,1319.3109398683778,31.00597821295719,-3.9168396621053505,1,23,63,DI Cipancar,SRI,1,2019
1802.8,89.97988403165408,89.97988403165408,482.2327040208149,192.0,1020.8694052010408,0.0,1892.779884031654,1695.1021092218557,32.66523405175872,19.839497439024868,0,20,85,DI Cipancar,SRI,1,2020
1349.3000000000002,90.0898024825903,90.0898024825903,441.0151579107362,192.0,610.982139402536,0.0,1439.3898024825905,1243.9972973132722,30.34153153915984,-0.8453714884442198,2,17,61,DI Cipancar,SRI,1,2021
1075.9,163.5300470477024,141.6403278456756,496.1153708080492,192.0,345.70009773702975,0.0,1239.4300470477024,1033.815468545079,29.175956303781778,-1.6537531725937682,2,25,55,DI Cipancar,SRI,1,2022
1081.8,138.54548040362704,126.39047853174957,482.54770657767585,192.0,339.24633550719034,0.0,1220.3454804036269,1013.7940420848662,23.745415769828366,-5.155001871877458,8,23,42,DI Cipancar,SRI,1,2023
1077.7999999999997,219.26599292724882,219.26599292724882,543.1284024394436,192.0,375.98656491623694,0.0,1297.0659929272485,1111.1149673556806,28.013858766226143,1.37415173515401,0,24,48,DI Cipancar,SRI,1,2024
2036.1,202.45445117094843,66.28662632466246,466.1120677901371,280.0,1317.9925949009294,100.0,2238.554451170948,2064.1046626910666,39.128086170913235,-5.105101580043739,4,44,96,DI Cipancar,FL,2,2015
1761.9,236.60700640196433,136.60700640196433,468.1112247221721,280.0,1059.7389263418986,100.0,1998.5070064019644,1807.8501510640708,41.97198199381637,7.954562083699717,0,52,81,DI Cipancar,FL,2,2016
933.2,315.4658361726812,167.26845427805068,488.6236788376351,280.0,304.52903457476316,100.0,1248.6658361726813,1073.1527134123983,31.21121936829077,-3.1742868959393364,4,59,42,DI Cipancar,FL,2,2017
873.3,378.80457804998326,165.47125271822307,500.9556903108565,280.0,292.9696122105354,100.0,1252.1045780499833,1073.9253025213918,28.53531231347616,-3.1501634675504757,11,64,31,DI Cipancar,FL,2,2018
1207.6,285.5028059643356,151.17136764958283,494.24641134821894,280.0,539.1413408107937,100.0,1493.1028059643354,1313.3877521590127,36.39006571592786,-3.311644678680549,3,56,51,DI Cipancar,FL,2,2019
1594.9,216.71590111108958,116.7159011110896,483.11036919054504,280.0,858.19872252919,100.0,1811.6159011110897,1621.309091719735,38.26145382385661,6.133700348874655,0,48,75,DI Cipancar,FL,2,2020
1105.1,295.05629675773645,114.20636601396487,473.8540886847295,280.0,436.8124244529114,100.0,1400.1562967577363,1190.6665131376408,32.118469498779405,-5.614501370449292,8,54,47,DI Cipancar,FL,2,2021
972.3,321.2386636850797,190.25486936031143,517.5476630552706,280.0,318.69184809345654,100.0,1293.5386636850797,1116.2395111487272,32.74303239574787,-3.6837943247682556,3,57,43,DI Cipancar,FL,2,2022
1064.1,313.0240475537261,184.56786565956094,507.80629586620904,280.0,418.0739337228209,100.0,1377.124047553726,1205.88022958903,37.10258364670707,-1.141313681107107,1,55,56,DI Cipancar,FL,2,2023
1019.4,306.85327504040686,135.4357102931422,544.2820133509722,280.0,326.0195509663897,100.0,1326.2532750404068,1150.301564317362,31.680172111763035,-5.505653633738097,8,55,42,DI Cipancar,FL,2,2024
2036.1,66.28662632466245,66.28662632466246,450.54936210227606,187.2,1317.2825278108553,0.0,2102.3866263246623,1955.0318899131314,29.145576754590564,-29.600647093505412,11,11,97,DI Cipancar,SRI,2,2015
1761.9,136.6070064019643,136.60700640196433,452.33866591868207,192.0,1066.0159114726118,0.0,1898.5070064019644,1710.3545773912938,32.61538422700906,8.77976443930665,0,22,85,DI Cipancar,SRI,2,2016
933.2,167.26845427805068,167.26845427805068,471.78634563681754,189.11999999999998,293.89854081789053,0.0,1100.4684542780508,954.804886454708,22.138281601315146,-31.763813265211372,7,25,34,DI Cipancar,SRI,2,2017
873.3,228.32875125090084,165.47125271822307,483.39513071030444,174.71999999999997,291.2280333906864,0.0,1101.6287512509007,949.3431641009907,13.204762800565312,-32.324965116542415,39,26,31,DI Cipancar,SRI,2,2018
1207.6,151.17136764958283,151.17136764958283,477.66356268873426,190.55999999999997,525.0869359306014,0.0,1358.7713676495828,1193.3104986193357,28.585438658857434,-9.864950789133108,4,23,53,DI Cipancar,SRI,2,2019
1594.9,116.71590111108958,116.7159011110896,466.6286914767357,192.0,851.8504329256691,0.0,1711.6159011110897,1510.4791244024048,31.704554192047755,6.965049850370946,0,18,74,DI Cipancar,SRI,2,2020
1105.1,145.48635487482784,114.20636601396487,456.94406307328205,185.28,406.37456090923445,0.0,1250.5863548748277,1048.5986239825165,21.115858833461235,-32.57998886086297,20,18,39,DI Cipancar,SRI,2,2021
972.3,190.25486936031143,190.25486936031143,500.0322049131596,192.0,288.88772541152235,0.0,1162.5548693603114,980.9199303246819,25.601768182821033,-3.2337258984221418,3,25,40,DI Cipancar,SRI,2,2022
1064.1,198.8828972379423,184.56786565956094,490.15191189526365,192.0,411.22772629530516,0.0,1262.9828972379423,1093.3796381905688,26.276950727879356,-4.415031578381373,2,24,50,DI Cipancar,SRI,2,2023
1019.4,167.72785394476418,135.4357102931422,525.8234298809975,184.79999999999998,322.4852900494954,0.0,1187.1278539447642,1033.108719930493,23.596499474677227,-32.292143651621984,16,20,48,DI Cipancar,SRI,2,2024
1634.1000000000001,271.94981831292097,45.320323606589966,473.25519045396766,280.0,972.6033137602025,100.0,1906.0498183129212,1725.8585042141701,31.878625117393614,-5.62982349043775,8,53,75,DI Cipancar,FL,3,2015
1628.3000000000002,170.77152057784048,48.319755524717024,453.2273126436446,280.0,879.3677454921599,100.0,1799.0715205778406,1612.5950581358045,35.99564673338789,-2.4517650531234443,1,40,75,DI Cipancar,FL,3,2016
785.9999999999999,380.6643941051839,172.15349046993194,491.14098691053766,280.0,222.38384510593806,100.0,1166.6643941051839,993.5248320164758,28.6938967256864,-5.65082634605503,8,67,31,DI Cipancar,FL,3,2017
703.6,394.34594473686127,108.4862776112787,517.3657211731571,280.0,127.38854126547861,100.0,1097.9459447368613,924.7542624386357,23.03866609591769,-2.0532207635560145,14,70,18,DI Cipancar,FL,3,2018
1008.2,372.3897782794262,137.4528534983618,502.3509477860787,280.0,421.8006246044767,100.0,1380.5897782794264,1204.1515723905554,30.832969414600058,-4.651210378584478,11,64,38,DI Cipancar,FL,3,2019
1404.0,147.62973952637134,47.629739526371324,469.6100348173079,280.0,612.4631908020878,100.0,1551.6297395263714,1362.0732256193955,36.994577636146595,10.238331941190307,0,42,56,DI Cipancar,FL,3,2020
1016.5999999999999,261.0907373549813,133.12634939801893,483.8322281541434,280.0,320.8959237586429,100.0,1277.6907373549811,1084.7281519127864,30.254874280726558,-0.9583158297242633,2,51,36,DI Cipancar,FL,3,2021
927.8999999999999,290.6499121321292,173.04991213212915,497.5642037552638,280.0,238.31214657486845,100.0,1218.549912132129,1015.8763503301323,36.93104036563024,2.124844900578932,0,55,38,DI Cipancar,FL,3,2022
910.3,353.19539402418144,142.7191642784149,501.44106582387644,280.0,291.06906276560863,100.0,1263.4953940241815,1072.510128589485,26.839228883137952,-3.821562103765421,8,63,36,DI Cipancar,FL,3,2023
829.2,310.32658243167134,126.26955995816222,535.82390093141,280.0,149.81075386180532,100.0,1139.5265824316714,965.6346547932153,24.459818236432817,-5.587899760000017,9,64,19,DI Cipancar,FL,3,2024
1634.1000000000001,146.3829953107256,45.320323606589966,457.2989150217219,174.71999999999997,976.9567897925723,0.0,1780.4829953107258,1608.9757048142942,17.239174266781777,-33.8229320006916,39,13,74,DI Cipancar,SRI,3,2015
1628.3000000000002,48.319755524717024,48.319755524717024,437.58878134792303,192.0,857.1667148048458,0.0,1676.6197555247172,1486.755496152769,28.991521027309293,-0.5046058877339865,1,8,73,DI Cipancar,SRI,3,2016
785.9999999999999,235.41250748263244,172.15349046993194,474.2221291606397,176.64,221.95288080636843,0.0,1021.4125074826323,872.8150099670081,14.976319350140685,-32.067033091737464,34,26,26,DI Cipancar,SRI,3,2017
703.6,273.2621108726389,108.4862776112787,499.6156074721694,169.43999999999997,146.29639977724688,0.0,976.8621108726389,815.3520072494163,4.677876245299204,-33.87575570185115,59,28,18,DI Cipancar,SRI,3,2018
1008.2,234.65244058222305,137.4528534983618,485.47776583206013,179.04,421.355746571038,0.0,1242.8524405822232,1085.8735124030982,19.271934526394354,-33.6527514753234,31,23,45,DI Cipancar,SRI,3,2019
1404.0,47.629739526371324,47.629739526371324,453.53183737096225,192.0,619.8800524179217,0.0,1451.6297395263714,1265.4118897888839,29.820245998829762,7.2210736267706235,0,12,60,DI Cipancar,SRI,3,2020
1016.5999999999999,145.74012579772074,133.12634939801893,466.8725792006187,187.67999999999998,310.6863424513911,0.0,1162.3401257977207,965.2389216520098,20.172904306289936,-28.26711944484654,16,20,31,DI Cipancar,SRI,3,2021
927.8999999999999,173.04991213212918,173.04991213212915,480.4269660128618,191.51999999999998,224.12182761166537,0.0,1100.9499121321292,896.0687936245272,24.827572426628365,-8.03869942099255,5,24,32,DI Cipancar,SRI,3,2022
910.3,203.96016431726298,142.7191642784149,483.8034729012206,179.51999999999998,280.28543813495867,0.0,1114.260164317263,943.6089110361793,16.97047869838099,-33.12883483246336,28,22,38,DI Cipancar,SRI,3,2023
829.2,190.3683786809351,126.26955995816222,517.4959285640356,176.15999999999997,159.39410241232375,0.0,1019.5683786809352,853.0500309763593,12.526554364351538,-32.95131759869267,38,27,22,DI Cipancar,SRI,3,2024
1034.9,401.27674549310643,76.68183831560337,484.2454188506952,280.0,495.8925114267752,100.0,1436.1767454931064,1260.1379302774703,22.996484138329073,-4.8822239418723665,10,72,38,DI Cipancar,FL,4,2015
971.3,259.0097011637705,78.65467483653725,462.84393303218553,280.0,307.84888193673527,100.0,1230.3097011637706,1050.6928149689209,31.310531366138125,-5.38657584485025,9,51,47,DI Cipancar,FL,4,2016
573.9,489.73339372145506,180.22738190008758,492.28397178298496,280.0,122.27608590508626,100.0,1063.633393721455,894.5600576880712,15.863446925977176,-5.291910216072215,10,76,12,DI Cipancar,FL,4,2017
424.4,593.9762127690268,173.33503868324118,520.3392431210373,280.0,47.97064174203767,100.0,1018.3762127690268,848.3098848630749,8.672699280945873,-5.470477551044789,11,78,7,DI Cipancar,FL,4,2018
595.1,541.7719401146207,173.72058942701597,512.1993856158876,280.0,163.72118001647914,100.0,1136.8719401146209,955.9205656323668,22.758819444185715,-5.6372715034203305,12,84,21,DI Cipancar,FL,4,2019
1013.6,308.71948540198076,119.1971270451258,474.53491347669444,280.0,391.6365466363823,100.0,1322.3194854019807,1146.1714601130768,31.124659838938566,-4.51041520686257,7,56,38,DI Cipancar,FL,4,2020
813.2,354.4394451346619,153.3323355927771,487.9841485017654,280.0,228.14693797358547,100.0,1167.6394451346619,996.1310864753509,24.9226928251716,-3.697161598758801,6,60,23,DI Cipancar,FL,4,2021
819.1,270.9424280836537,122.95438078008569,493.4101084750015,280.0,137.74060738577376,100.0,1090.0424280836537,911.1507158607752,31.6699754460123,-5.703188463687678,6,51,33,DI Cipancar,FL,4,2022
735.3,436.93454833780766,165.0371533354413,520.984452862012,280.0,203.14767789286577,100.0,1172.2345483378076,1004.1321307548777,20.65811545383889,-2.30117111543589,10,71,22,DI Cipancar,FL,4,2023
659.6,400.01621392983765,172.36091595199275,524.0983337144796,280.0,81.4268776913326,100.0,1059.6162139298376,885.5252114058122,19.647425722480648,-3.639087977978565,6,68,14,DI Cipancar,FL,4,2024
1034.9,271.73570823648515,76.68183831560337,467.47011819181614,166.55999999999997,522.7061868703867,0.0,1306.6357082364852,1156.7363050622027,5.309890630068586,-34.11883711551744,61,21,40,DI Cipancar,SRI,4,2015
971.3,111.97176570646539,78.65467483653725,447.56552495188987,178.56,300.01880784486866,0.0,1083.2717657064654,926.1443327967586,15.900925631866441,-33.317090869928144,29,14,42,DI Cipancar,SRI,4,2016
573.9,352.1956664494282,180.22738190008758,475.99757591410844,167.51999999999998,119.5653449439137,0.0,926.0956664494281,763.0829208580221,2.5058655674866492,-32.60475623221754,60,29,12,DI Cipancar,SRI,4,2017
424.4,434.97260360471165,173.33503868324118,503.1718881065522,162.23999999999998,47.97064174203767,0.0,859.3726036047117,713.3825298485898,-7.18029491263733,-34.176298441370975,74,33,7,DI Cipancar,SRI,4,2018
595.1,398.54261796551793,173.72058942701597,494.6555405071208,167.03999999999996,167.6574604842448,0.0,993.642617965518,829.3530009913655,6.689661583738396,-33.74304780205078,57,35,18,DI Cipancar,SRI,4,2019
1013.6,151.56623288990158,119.1971270451258,459.14759953668226,182.39999999999998,362.96584189023,0.0,1165.1662328899015,1004.5134414269123,19.603054207706595,-32.8691058447758,25,19,37,DI Cipancar,SRI,4,2020
813.2,227.40640236599535,153.3323355927771,471.8930361668092,183.83999999999997,215.8606239348181,0.0,1040.6064023659953,871.5936601016273,10.100906828037624,-32.87030739613654,32,25,21,DI Cipancar,SRI,4,2021
819.1,122.95438078008569,122.95438078008569,477.49950732674927,184.32,123.80822728244881,0.0,942.0543807800857,785.6277346091981,20.42169810946855,-27.142485233381844,18,17,30,DI Cipancar,SRI,4,2022
735.3,275.4466086079113,165.0371533354413,503.91491042069947,173.27999999999997,191.99647731051988,0.0,1010.7466086079112,869.1913877312193,6.987890564011056,-27.98708095869184,49,27,23,DI Cipancar,SRI,4,2023
659.6,250.45309995347046,172.36091595199275,506.7408410392862,170.39999999999998,95.29994539029848,0.0,910.0530999534705,772.4407864295847,2.9749860646567723,-32.327654781313974,54,28,15,DI Cipancar,SRI,4,2024
634.6999999999999,570.0892170550135,62.396329873624914,510.095468649988,280.0,238.62455166221073,100.0,1204.7892170550135,1028.7200203121988,9.656932955026292,-4.703274447274379,11,84,18,DI Cipancar,FL,5,2015
656.6,322.9605169042535,117.17372162640896,464.1866196911974,280.0,63.343181177235365,100.0,979.5605169042535,807.5298008684327,23.1896084223845,-4.72064853195876,10,62,13,DI Cipancar,FL,5,2016
333.3,635.9855788867183,201.81908980052296,500.67510833041104,280.0,15.824753698842585,100.0,969.2855788867182,796.4998620292536,10.68469952796411,-5.1512463886473325,11,87,5,DI Cipancar,FL,5,2017
209.2,783.243396167798,245.16820794594133,537.4787233187392,280.0,6.567602169440816,100.0,992.443396167798,824.04632548818,7.513058639079778,-4.732791877858679,10,98,1,DI Cipancar,FL,5,2018
421.19999999999993,697.3064734815277,127.66908543886608,544.4676476455264,280.0,115.81517366074624,100.0,1118.5064734815278,940.2828213062727,7.085193698526349,-3.7245576112535552,10,94,9,DI Cipancar,FL,5,2019
761.8000000000001,385.92483126940976,132.5602397288195,479.91555067506545,280.0,205.42683694639675,100.0,1147.7248312694098,965.3423876214622,16.80778449274435,-5.488202252271177,6,65,16,DI Cipancar,FL,5,2020
625.0999999999999,543.5830170981586,234.04301013360734,497.48122830703716,280.0,212.58341727903456,100.0,1168.6830170981584,990.0646455860717,23.58862457438047,-5.55998594924546,9,78,20,DI Cipancar,FL,5,2021
594.3,431.6420501658336,152.96485510884415,498.8133459678254,280.0,80.66564296998132,100.0,1025.9420501658335,859.4789889378067,16.693293136085565,-5.392952337033862,10,68,16,DI Cipancar,FL,5,2022
530.0,542.1646342917463,171.35625007720063,526.0484517646428,280.0,92.21930289514273,100.0,1072.1646342917463,898.2677546597855,14.125478964632007,-6.010683771967364,12,80,11,DI Cipancar,FL,5,2023
465.7,598.1326852517063,172.34665111849984,535.4082843947529,280.0,74.39728722021471,100.0,1063.8326852517064,889.8055716149676,12.917429798451941,-4.3302225137488035,10,84,11,DI Cipancar,FL,5,2024
634.6999999999999,409.27024285658723,62.396329873624914,492.3479814427214,159.35999999999999,238.62455166221073,0.0,1043.9702428565872,890.332533104932,-8.454956058500994,-32.18164335752999,81,24,18,DI Cipancar,SRI,5,2015
656.6,182.54272328473104,117.17372162640896,449.0668517721919,173.27999999999997,64.35103906095624,0.0,839.1427232847311,686.6978908331482,8.7152468581342,-33.619170291852946,50,25,12,DI Cipancar,SRI,5,2016
333.3,497.1247871012877,201.81908980052296,484.39949263296387,159.83999999999997,15.824753698842585,0.0,830.4247871012877,660.0642463318065,-8.142322476751092,-33.623871078818176,78,36,5,DI Cipancar,SRI,5,2017
209.2,621.7257734966437,245.16820794594133,519.7201525940668,164.64,6.567602169440816,0.0,830.9257734966436,690.9277547635076,-8.009496150237778,-33.48269842466913,76,45,1,DI Cipancar,SRI,5,2018
421.19999999999993,543.1838696342131,127.66908543886608,525.6798252201665,158.88,115.81517366074624,0.0,964.383869634213,800.3749988809128,-10.008501905811574,-31.46620667917311,88,36,9,DI Cipancar,SRI,5,2019
761.8000000000001,227.92864932780898,132.5602397288195,463.99260177848987,171.83999999999997,187.88652262208365,0.0,989.7286493278091,823.7191244005735,3.5992912987922954,-33.89184092747278,47,21,16,DI Cipancar,SRI,5,2020
625.0999999999999,383.45754436412176,234.04301013360734,481.40124916330103,176.15999999999997,192.6516229173577,0.0,1008.5575443641217,850.2128720806587,8.000679353271334,-33.799548947017655,49,35,15,DI Cipancar,SRI,5,2021
594.3,271.62309830058234,152.96485510884415,482.85601593036915,171.35999999999996,44.418926499152775,0.0,865.9230983005823,698.634942429522,-0.25392696262530273,-32.32974328554209,56,27,9,DI Cipancar,SRI,5,2022
530.0,395.9384261490834,171.35625007720063,508.8769659175893,163.2,103.93594336681616,0.0,925.9384261490834,776.0129092844054,-2.40398012624288,-30.869953219338854,70,32,10,DI Cipancar,SRI,5,2023
465.7,408.80033424007183,172.34665111849984,518.1838402069258,163.67999999999998,53.78774623799624,0.0,874.5003342400719,735.6515864449219,-4.074027337617589,-34.27843620825868,73,33,11,DI Cipancar,SRI,5,2024
116.1,911.101060729844,295.53784222533926,560.8688034538443,280.0,10.552101296086565,100.0,1027.201060729844,851.4209047499309,6.92848872609448,-4.390726985047214,10,106,1,DI Cipancar,FL,6,2015
563.5,472.44119649653953,194.10723657106388,475.2011814252931,280.0,87.11055484100112,100.0,1035.9411964965395,842.3117362662941,14.444997412213963,-2.2757315433256853,1,72,11,DI Cipancar,FL,6,2016
186.39999999999998,810.3180712504202,278.0395748653063,537.6118469846056,280.0,2.1167518697471053,100.0,996.7180712504202,819.7285988543526,6.948319721634315,-4.714801435425071,10,97,1,DI Cipancar,FL,6,2017
127.20000000000002,895.7500644602023,312.5373193290158,568.0525851005696,280.0,0.0,100.0,1022.9500644602024,848.0525851005696,7.144924040221847,-6.081299530687187,10,102,0,DI Cipancar,FL,6,2018
97.69999999999999,952.1569804570014,285.4033948514097,594.6672494129059,280.0,0.0,100.0,1049.8569804570013,874.6672494129059,6.788085697991775,-5.3587669984955575,12,107,0,DI Cipancar,FL,6,2019
443.4,584.2470396126757,204.91389185240297,513.7995524189396,280.0,58.49635716050699,100.0,1027.6470396126756,852.2959095794465,13.103467002205667,-4.244411814588071,11,86,4,DI Cipancar,FL,6,2020
573.6,553.2002211681659,242.71845428127412,505.87499416270293,280.0,162.86596787216777,100.0,1126.800221168166,948.7409620348707,14.171101060488986,-6.257307348207275,13,74,6,DI Cipancar,FL,6,2021
455.09999999999997,509.8323929020538,232.52272509439533,511.65340061825725,280.0,0.0,100.0,964.9323929020538,791.6534006182573,14.640442486375758,-5.837266392280985,9,77,0,DI Cipancar,FL,6,2022
300.19999999999993,771.8962359747725,245.13088620640295,555.6959339165996,280.0,59.220056387023064,100.0,1072.0962359747723,894.9159903036227,10.901350165370213,-4.395159071652204,10,94,6,DI Cipancar,FL,6,2023
327.7,756.5870388803745,287.7899644150724,563.8957366652382,280.0,65.9460043302482,100.0,1084.2870388803744,909.8417409954865,12.044414944450885,-5.634622882389608,8,96,6,DI Cipancar,FL,6,2024
116.1,735.6357384541785,295.53784222533926,541.634231172559,157.92,10.552101296086565,0.0,851.7357384541785,710.1063324686455,-11.117023999453403,-33.65398272662416,90,45,1,DI Cipancar,SRI,6,2015
563.5,310.5050567120095,194.10723657106388,458.9083021669047,170.88,56.86729094105101,0.0,874.0050567120095,686.6555931079557,-1.3951839033675617,-27.48268938877639,54,31,8,DI Cipancar,SRI,6,2016
186.39999999999998,650.7836119775577,278.0395748653063,519.5247227333903,156.48,2.1167518697471053,0.0,837.1836119775577,678.1214746031374,-10.460066266824573,-33.34788890379212,90,43,1,DI Cipancar,SRI,6,2017
127.20000000000002,718.2478894108156,312.5373193290158,548.6691070912343,158.39999999999998,0.0,0.0,845.4478894108156,707.0691070912343,-9.967193563269602,-35.078490199937484,87,46,0,DI Cipancar,SRI,6,2018
97.69999999999999,784.1868231468609,285.4033948514097,574.0607527512345,157.43999999999997,0.0,0.0,881.8868231468609,731.5007527512345,-10.959118894800739,-34.95500478103084,89,49,0,DI Cipancar,SRI,6,2019
443.4,436.64609111484833,204.91389185240297,496.22492858764826,160.79999999999995,64.86200331650093,0.0,880.0460911148483,721.8869319041492,-3.9111089153517997,-35.08846772406773,75,36,5,DI Cipancar,SRI,6,2020
573.6,407.1675132342897,242.71845428127412,488.64977466481423,167.03999999999996,176.33143636081252,0.0,980.7675132342897,832.0212110256267,0.1959390465474555,-34.57051880034057,62,31,10,DI Cipancar,SRI,6,2021
455.09999999999997,369.4719837416015,232.52272509439533,493.9248723556649,165.11999999999995,5.923932538658441,0.0,824.5719837416015,664.9688048943233,0.8023990811322038,-29.619239710766216,66,35,4,DI Cipancar,SRI,6,2022
300.19999999999993,618.0293611119482,245.13088620640295,536.771533630324,163.68,54.65123864594579,0.0,918.2293611119482,755.1027722762699,-6.183181058689905,-34.26225778491783,75,39,5,DI Cipancar,SRI,6,2023
327.7,566.7361753181432,287.7899644150724,544.6132929171945,162.72,26.84601829455512,0.0,894.4361753181431,734.1793112117497,-5.349296070846976,-32.30889218288796,80,39,4,DI Cipancar,SRI,6,2024
96.5,954.637060087282,311.8490134005905,603.0787396494887,280.0,0.0,100.0,1051.137060087282,883.0787396494887,6.645271157744915,-5.440447542741271,11,104,0,DI Cipancar,FL,7,2015
804.6999999999999,476.49996348854415,265.86752709702597,473.4448402266286,280.0,325.4642249571113,100.0,1281.1999634885442,1078.90906518374,25.751868070179036,2.0834958344778007,0,69,28,DI Cipancar,FL,7,2016
353.9,752.6340970263904,282.38715027577723,546.0073543491253,280.0,92.06799844985724,100.0,1106.5340970263903,918.0753527989825,13.326248257227421,0.4434125697545044,0,90,5,DI Cipancar,FL,7,2017
114.60000000000001,955.1795459727464,302.70578960168115,602.8462563755113,280.0,9.252057876612275,100.0,1069.7795459727463,892.0983142521236,6.7513453606351925,-5.134192572232759,11,108,1,DI Cipancar,FL,7,2018
76.4,1013.7387578691926,336.9342584841876,644.1003050873564,280.0,0.0,100.0,1090.1387578691927,924.1003050873564,5.9436471811839064,-5.6204216013875214,13,104,0,DI Cipancar,FL,7,2019
461.80000000000007,626.4083146193757,250.56290774388677,548.2733930991537,280.0,82.89269821600287,100.0,1088.2083146193759,911.1660913151566,9.673089633607976,-3.8587748972223888,9,80,4,DI Cipancar,FL,7,2020
418.5,593.1461237329578,213.42992932444847,533.2432580520932,280.0,14.001913176935634,100.0,1011.6461237329578,827.2451712290289,10.248864628328782,-3.6288431275483983,12,80,3,DI Cipancar,FL,7,2021
548.6,532.5003344174363,217.59389994912556,525.4476163280724,280.0,68.51203218582116,100.0,1081.1003344174364,873.9596485138935,16.47267832633834,-2.7673714445151862,4,74,13,DI Cipancar,FL,7,2022
165.5,895.1831031055806,284.7288675390536,609.8908314369796,280.0,1.4040265787197992,100.0,1060.6831031055806,891.2948580156994,7.349544489594591,-5.545519534946862,11,102,1,DI Cipancar,FL,7,2023
316.20000000000005,784.0588690314244,277.0977430646385,593.5011368312856,280.0,48.99271652518795,100.0,1100.2588690314244,922.4938533564736,11.326496366375576,-5.045200624166492,10,93,3,DI Cipancar,FL,7,2024
96.5,811.2807012380683,311.8490134005905,581.6421037261157,158.87999999999997,0.0,0.0,907.7807012380683,740.5221037261157,-10.165783125811764,-31.3847869227791,92,50,0,DI Cipancar,SRI,7,2015
804.6999999999999,364.96790450773494,265.86752709702597,456.70225520618703,183.35999999999999,334.79154826373843,0.0,1169.6679045077349,974.8538034699254,10.312407908886525,-28.85537076847558,36,35,25,DI Cipancar,SRI,7,2016
353.9,617.3328941935885,282.38715027577723,525.8125390717836,168.0,92.28186509387383,0.0,971.2328941935884,786.0944041656575,-2.0386431962665297,-29.078684831785864,65,43,8,DI Cipancar,SRI,7,2017
114.60000000000001,792.3030928766925,302.70578960168115,581.478737992051,156.48,9.252057876612275,0.0,906.9030928766925,747.2107958686634,-11.130163008280112,-36.35918479654655,90,48,1,DI Cipancar,SRI,7,2018
76.4,856.6747154275698,336.9342584841876,620.9616629163307,157.92,0.0,0.0,933.0747154275698,778.8816629163307,-10.494403476714927,-35.217434153623884,95,51,0,DI Cipancar,SRI,7,2019
461.80000000000007,491.2703916842626,250.56290774388677,528.2417621161925,172.32,82.89269821600287,0.0,953.0703916842626,783.4544603321954,-4.474003266837386,-29.570380856199105,70,36,4,DI Cipancar,SRI,7,2020
418.5,449.0217382784179,213.42992932444847,514.6087721483675,163.2,14.001913176935634,0.0,867.5217382784178,691.8106853253032,-7.728242740844597,-35.55692334712904,78,38,3,DI Cipancar,SRI,7,2021
548.6,385.0736752578107,217.59389994912556,506.27593990910145,172.32,53.74863770701704,0.0,933.6736752578107,732.3445776161184,1.0253499110926674,-29.50684452880096,58,33,8,DI Cipancar,SRI,7,2022
165.5,731.9884604153058,284.7288675390536,588.0241916677289,155.99999999999997,1.4040265787197992,0.0,897.4884604153058,745.4282182464488,-9.885445655328654,-32.71558536757415,90,44,1,DI Cipancar,SRI,7,2023
316.20000000000005,638.2853972207806,277.0977430646385,572.2069969910923,164.64,48.54608716263327,0.0,954.4853972207807,785.3930841537256,-4.0458225424205745,-34.86075412470088,74,43,3,DI Cipancar,SRI,7,2024
185.5,942.8473877010583,338.43704287666645,636.4596814316778,280.0,20.55107178511784,100.0,1128.3473877010583,937.0107532167957,10.559269864804408,-5.087149827737324,5,103,4,DI Cipancar,FL,8,2015
1165.8,462.66275842109985,244.9917440542407,472.31842458869824,280.0,664.2875785958238,100.0,1628.4627584210998,1416.606003184522,33.3959096832986,4.4886046059764695,0,66,55,DI Cipancar,FL,8,2016
515.6999999999999,708.8471205435235,315.5597603149828,564.184391220678,280.0,172.05013454885346,100.0,1224.5471205435233,1016.2345257695315,16.776892715203218,-4.425737362456143,3,81,14,DI Cipancar,FL,8,2017
297.2,850.5169618095906,349.5829698733905,614.1682825136356,280.0,61.5865685701623,100.0,1147.7169618095907,955.7548510837979,11.04975707173214,-1.161393323919678,4,92,5,DI Cipancar,FL,8,2018
143.2,980.0733859741715,346.2299675135765,680.8069233223059,280.0,0.0,100.0,1123.2733859741716,960.8069233223059,6.964061150661294,-5.652828889178258,11,102,0,DI Cipancar,FL,8,2019
610.3,584.0593692447381,297.86410584306884,556.1105830652996,280.0,143.73987782650042,100.0,1194.359369244738,979.8504608918,22.287318739945714,3.846061983162964,0,70,15,DI Cipancar,FL,8,2020
656.5,576.6879856361945,316.00219523278247,552.370105592853,280.0,187.92488768375068,100.0,1233.1879856361945,1020.2949932766037,16.99004290409509,-0.36633574424345383,3,73,17,DI Cipancar,FL,8,2021
779.7,547.2499931205389,291.5980741207113,535.6998117055007,280.0,296.6683808830766,100.0,1326.949993120539,1112.3681925885774,25.051463299683853,-1.0094283808170763,1,71,35,DI Cipancar,FL,8,2022
209.29999999999995,912.7613516501667,300.464264387558,655.9801269480542,280.0,14.678779513427013,100.0,1122.0613516501667,950.6589064614813,6.582078123595239,-4.788354807683074,12,99,1,DI Cipancar,FL,8,2023
433.5,763.1024061150026,321.0146289518989,623.927712300939,280.0,82.49673905501311,100.0,1196.6024061150026,986.4244513559521,11.775344022036748,-5.897155874661533,5,87,2,DI Cipancar,FL,8,2024
185.5,790.9519234505634,338.43704287666645,612.9953676477162,165.12,11.95996713542128,0.0,976.4519234505634,790.0753347831375,-5.423342275785097,-34.288002112472505,78,49,4,DI Cipancar,SRI,8,2015
1165.8,320.9512106077574,244.9917440542407,456.5476888651826,190.56,635.2767914703657,0.0,1486.7512106077575,1282.3844803355482,20.635513909547726,-10.339156602281395,12,33,50,DI Cipancar,SRI,8,2016
515.6999999999999,548.9133529378222,315.5597603149828,544.1896002776205,174.72000000000003,146.54784862522243,0.0,1064.6133529378221,865.4574489028429,2.7067470171581203,-27.465114524896265,55,41,12,DI Cipancar,SRI,8,2017
297.2,702.5593744836319,349.5829698733905,591.8504210912054,162.23999999999998,59.50260605135394,0.0,999.759374483632,813.5930271425593,-6.125241116486455,-31.21920047353604,83,46,5,DI Cipancar,SRI,8,2018
143.2,819.9035783191662,346.2299675135765,656.1268364156278,158.39999999999998,0.0,0.0,963.1035783191662,814.5268364156278,-11.277629126510483,-34.48651315921586,94,51,0,DI Cipancar,SRI,8,2019
610.3,436.95436578762263,297.86410584306884,536.1732226621397,172.32000000000002,134.25223477254488,0.0,1047.2543657876226,842.7454574346846,3.655424361985544,-27.748913515949976,54,35,17,DI Cipancar,SRI,8,2020
656.5,462.9042507561385,316.00219523278247,532.4517252056935,178.07999999999998,205.9795331908542,0.0,1119.4042507561385,916.5112583965476,3.234157871357851,-28.61733783143046,52,37,18,DI Cipancar,SRI,8,2021
779.7,387.2914116527537,291.5980741207113,517.07569850359,180.96,264.3739126172019,0.0,1166.9914116527539,962.409611120792,9.020846181448919,-28.509006695737735,36,35,24,DI Cipancar,SRI,8,2022
209.29999999999995,750.5562144314468,300.464264387558,631.6809378805189,156.95999999999998,14.678779513427013,0.0,959.8562144314468,803.3197173939458,-10.74290326326489,-32.55137022142733,97,48,1,DI Cipancar,SRI,8,2023
433.5,613.2915205173407,321.0146289518989,601.3359728080136,167.04,76.54304394832047,0.0,1046.7915205173408,844.919016756334,-4.50647742956115,-30.99893336650505,75,44,3,DI Cipancar,SRI,8,2024
581.9,800.0030519126514,357.2735147895986,621.7509426650297,280.0,276.001977099891,100.0,1381.9030519126513,1177.7529197649208,20.158979987937755,-1.6618577238851913,1,86,20,DI Cipancar,FL,9,2015
1627.2000000000003,421.19514424572884,260.72420247548223,470.13962734061715,280.0,1085.6040831111322,100.0,2048.395144245729,1835.7437104517494,36.71724528028592,4.874296781011423,0,62,73,DI Cipancar,FL,9,2016
665.8,606.5705837413321,350.98027277382994,548.5180012400906,280.0,240.9545106213894,100.0,1272.3705837413322,1069.47251186148,27.289042574762227,2.7761746470830424,0,72,23,DI Cipancar,FL,9,2017
569.1,721.761149607268,351.60143674327884,603.100035115244,280.0,215.60438033883548,100.0,1290.861149607268,1098.7044154540795,18.285748577131056,-2.493405883197334,2,78,20,DI Cipancar,FL,9,2018
463.4,816.7194617736184,360.06614548619865,678.4330255836139,280.0,120.28866602147698,100.0,1280.1194617736182,1078.7216916050909,18.029529434763866,-0.44646947489771804,1,88,16,DI Cipancar,FL,9,2019
908.0,514.0931965154128,285.7724467563439,544.0042459634208,280.0,388.3879104244244,100.0,1422.0931965154127,1212.3921563878453,32.493163679680336,6.006255543645337,0,69,45,DI Cipancar,FL,9,2020
928.3,493.31539468902605,283.550801533072,546.8345962350667,280.0,384.8457202491522,100.0,1421.615394689026,1211.6803164842188,25.03661085782018,-0.2759457427337413,1,65,33,DI Cipancar,FL,9,2021
975.0999999999998,474.82580407321274,297.4685768867948,542.0236861794494,280.0,425.43592196993825,100.0,1449.9258040732125,1247.4596081493878,33.4713081693244,5.252736534158156,0,66,47,DI Cipancar,FL,9,2022
320.9,828.6654975183983,343.85635465292484,675.9207974597869,280.0,26.667342722589225,100.0,1149.5654975183984,982.588140182376,11.484616852251051,-6.757293342691019,4,88,6,DI Cipancar,FL,9,2023
712.3000000000002,645.710504779752,357.2506536212524,612.8748400318052,280.0,265.67410473450263,100.0,1358.0105047797522,1158.5489447663078,23.98956840698675,-0.29205681482144374,1,73,31,DI Cipancar,FL,9,2024
581.9,660.851104064929,357.2735147895986,599.8728295582265,176.64,272.088142358972,0.0,1242.751104064929,1048.6009719171984,6.1780504232167095,-27.692012021264297,49,45,21,DI Cipancar,SRI,9,2015
1627.2000000000003,296.2082868032479,260.72420247548223,454.9393012742388,192.0,1073.8175517350296,0.0,1923.4082868032483,1720.7568530092685,27.10012639663425,-4.368563999227516,7,31,73,DI Cipancar,SRI,9,2016
665.8,453.9025108899423,350.98027277382994,530.9618246001562,188.64,204.85468077004492,0.0,1119.7025108899422,924.4565053702011,16.471415196155302,-17.283013723751274,19,38,25,DI Cipancar,SRI,9,2017
569.1,561.5749659481517,351.60143674327884,582.7195666373765,175.2,188.07462536580772,0.0,1130.6749659481516,945.9941920031841,3.5941763793930877,-24.307198869603532,52,41,18,DI Cipancar,SRI,9,2018
463.4,705.8714916344866,360.06614548619865,654.7019344630415,172.8,150.37178700291742,0.0,1169.2714916344867,977.8737214659591,0.7991618572542791,-28.605840322236105,63,46,19,DI Cipancar,SRI,9,2019
908.0,384.19048762126755,285.7724467563439,526.0414021898517,191.51999999999998,374.9280453038481,0.0,1292.1904876212675,1092.4894474936998,21.3748882693044,-5.716399131265287,9,37,40,DI Cipancar,SRI,9,2020
928.3,362.1050858159833,283.550801533072,528.2226491594447,182.88,379.36735845173115,0.0,1290.4050858159833,1090.4700076111758,14.037435299114795,-23.448069544512382,28,32,36,DI Cipancar,SRI,9,2021
975.0999999999998,320.0304006671613,297.4685768867948,524.2883818385831,190.56,386.97912091342226,0.0,1295.1304006671612,1101.8275027520053,23.0991670625358,-14.158144790521193,7,32,39,DI Cipancar,SRI,9,2022
320.9,652.9612899296927,343.85635465292484,652.1479883475783,162.23999999999998,17.5998748005928,0.0,973.8612899296927,831.9878631481712,-6.864394801674237,-29.377594531321243,84,45,4,DI Cipancar,SRI,9,2023
712.3000000000002,507.80451594185473,357.2506536212524,591.851479148801,177.6,260.3519768669609,0.0,1220.104515941855,1029.8034560157619,8.978972474503873,-30.746999035929726,42,37,27,DI Cipancar,SRI,9,2024
842.7000000000002,659.7681282406833,364.4563384691492,600.4725739849337,280.0,427.3134083042567,100.0,1502.4681282406834,1307.7859822891903,28.225588674958445,4.740049224457216,0,73,33,DI Cipancar,FL,10,2015
1726.2,285.61462942155975,185.61462942155978,467.0660235399233,280.0,1052.6117455416138,100.0,2011.8146294215599,1799.677769081537,41.254057935699215,22.063796281231035,0,52,78,DI Cipancar,FL,10,2016
850.5,418.648208206271,286.96176992037005,526.7681751191483,280.0,268.14039247047464,100.0,1269.148208206271,1074.9085675896229,32.50465296705902,-5.726629756378867,2,59,35,DI Cipancar,FL,10,2017
792.3,590.2028148824633,335.4818698044192,578.4575381105876,280.0,323.0046619212352,100.0,1382.502814882463,1181.4622000318227,26.538359618404883,3.8799080273682103,0,72,29,DI Cipancar,FL,10,2018
771.8000000000001,659.9574424062877,365.31879190666535,645.3619273597659,280.0,318.68891826480416,100.0,1431.7574424062877,1244.05084562457,27.41213783182989,-0.9311488707751732,1,73,33,DI Cipancar,FL,10,2019
1217.1,430.057314678104,301.72130772952016,518.7854846206963,280.0,654.537703858631,100.0,1647.1573146781038,1453.3231884793272,37.49920704294531,4.447077349012009,0,59,65,DI Cipancar,FL,10,2020
1076.0,461.42229714080327,243.2064354971045,536.6666084474326,280.0,523.1371227823182,100.0,1537.4222971408033,1339.8037312297508,31.871704349053516,5.025235271609394,0,66,52,DI Cipancar,FL,10,2021
1098.6,346.9494391737304,246.94943917373038,526.5186017201872,280.0,466.89055766976094,100.0,1445.5494391737302,1273.4091593899482,39.20017060946896,5.146671135243597,0,55,54,DI Cipancar,FL,10,2022
629.7,694.6220317774013,368.5480684120814,664.7793771985737,280.0,183.68610672531193,100.0,1324.3220317774012,1128.4654839238856,20.342915457650307,-1.051358202942649,1,78,21,DI Cipancar,FL,10,2023
922.8,547.5201902832399,286.49910212437055,577.3156504531025,280.0,411.2727019447417,100.0,1470.3201902832398,1268.5883523978441,31.235330264467386,3.380788047972728,0,67,49,DI Cipancar,FL,10,2024
842.7000000000002,521.8473900993413,364.4563384691492,581.7732389386849,187.2,407.0451936423244,0.0,1364.5473900993416,1176.0184325810094,17.722533049817955,-25.335508176746348,24,39,35,DI Cipancar,SRI,10,2015
1726.2,185.61462942155975,185.61462942155978,451.66357203768666,192.0,1065.1795196607754,0.0,1911.8146294215599,1708.843091698462,32.48923092740632,17.607405694362985,0,22,80,DI Cipancar,SRI,10,2016
850.5,286.96176992037005,286.96176992037005,510.22529342801056,188.64,246.09645866343268,0.0,1137.46176992037,944.9617520914433,21.275746287995045,-11.45189615019063,11,26,35,DI Cipancar,SRI,10,2017
792.3,437.334310490803,335.4818698044192,560.576859235837,190.07999999999998,287.93683640432545,0.0,1229.6343104908028,1038.5936956401624,16.85319987835463,-9.995900950525531,20,38,30,DI Cipancar,SRI,10,2018
771.8000000000001,523.1515028475537,365.31879190666535,624.4841638082942,183.35999999999999,303.3473284013856,0.0,1294.951502847554,1111.1914922096798,11.517293072943646,-25.47671476554826,32,39,34,DI Cipancar,SRI,10,2019
1217.1,301.72130772952016,301.72130772952016,502.8638089322128,192.0,636.7917157557956,0.0,1518.82130772952,1331.6555246880084,27.151814700348748,-3.5908838525044646,5,27,63,DI Cipancar,SRI,10,2020
1076.0,312.2918797007733,243.2064354971045,519.6372834827325,188.64,487.397284340592,0.0,1388.2918797007733,1195.6745678233247,21.2822577534177,-14.141207893823708,19,31,50,DI Cipancar,SRI,10,2021
1098.6,246.94943917373035,246.94943917373038,509.65857959671575,192.0,474.19292904213955,0.0,1345.5494391737302,1175.8515086388552,30.46386793292002,2.3878318264014693,0,25,57,DI Cipancar,SRI,10,2022
629.7,569.9916101076924,368.5480684120814,642.8433871119979,180.0,190.99167514217885,0.0,1199.6916101076924,1013.8350622541768,5.910009978786733,-26.93871671047046,51,41,22,DI Cipancar,SRI,10,2023
922.8,381.1500253871252,286.49910212437055,559.246084966436,186.72,365.9399520345142,0.0,1303.9500253871252,1111.9060370009502,17.24116692233869,-23.047944773012055,24,33,44,DI Cipancar,SRI,10,2024
1424.7,476.6153495207495,345.0589943701541,543.9795291871046,280.0,884.1430416734628,100.0,1901.3153495207496,1708.1225708605675,38.44196954697096,6.138755090387234,0,61,63,DI Cipancar,FL,11,2015
1663.2,211.1844546151387,100.78445461513869,459.2780821766447,280.0,938.0208525220651,100.0,1874.3844546151388,1677.2989346987097,39.320429899268824,12.743441353010109,0,46,73,DI Cipancar,FL,11,2016
869.6999999999999,371.353003156377,228.79729720108827,490.34664221469797,280.0,269.7089078725037,100.0,1241.053003156377,1040.0555500872017,36.08113852230808,3.162486000664586,0,60,39,DI Cipancar,FL,11,2017
1095.7,424.41445636226695,307.4144563622669,540.124068288108,280.0,499.87515694089274,100.0,1520.114456362267,1319.9992252290008,35.01847855386625,4.062212457741556,0,59,40,DI Cipancar,FL,11,2018
1237.4,513.5057210939955,340.99351604526186,588.4125801559446,280.0,689.2730788829025,100.0,1750.9057210939955,1557.685659038847,36.41703946654782,5.11489792564758,0,66,64,DI Cipancar,FL,11,2019
1455.8,271.7080922856921,158.34503139614623,466.8144154007106,280.0,769.0134381027235,100.0,1727.508092285692,1515.8278535034342,37.834903986800676,5.836939110454161,0,50,68,DI Cipancar,FL,11,2020
1127.3000000000002,362.05964770156714,262.05964770156714,527.8285590197404,280.0,493.07444357240325,100.0,1489.3596477015674,1300.9030025921436,36.667724688332285,7.142178658454569,0,57,46,DI Cipancar,FL,11,2021
1245.6999999999998,262.1800677445851,144.58006774458502,493.28802064737624,280.0,521.6090736332822,100.0,1507.880067744585,1294.8970942806584,37.88808211768127,7.59702696162891,0,52,63,DI Cipancar,FL,11,2022
866.2,524.9805005614218,346.85547887313294,622.2624889198976,280.0,299.82649170819184,100.0,1391.180500561422,1202.0889806280893,28.987329097081943,0.9375074078471828,0,67,34,DI Cipancar,FL,11,2023
999.5,425.4481403535588,314.5481403535588,554.2629078638307,280.0,403.93649313306764,100.0,1424.9481403535588,1238.1994009968985,36.818772956202,-0.43641330476862183,1,61,48,DI Cipancar,FL,11,2024
1424.7,370.86572437411945,345.0589943701541,527.4113487441916,192.0,892.1244843502067,0.0,1795.5657243741196,1611.5358330943982,29.99653065578715,-3.447539691834615,2,31,61,DI Cipancar,SRI,11,2015
1663.2,100.78445461513869,100.78445461513869,443.4728408240589,192.0,928.9385539713148,0.0,1763.9844546151387,1564.4113947953738,30.627197365949158,5.1809755000100495,0,15,72,DI Cipancar,SRI,11,2016
869.6999999999999,243.7697744314517,228.79729720108827,474.93349436084907,191.03999999999996,254.8076381651489,0.0,1113.4697744314517,920.7811325259979,25.55284486995538,-8.904000928429655,8,28,40,DI Cipancar,SRI,11,2017
1095.7,307.41445636226695,307.4144563622669,523.3473261125046,192.0,497.65189911649617,0.0,1403.114456362267,1212.9992252290008,27.32562917906898,-2.142664190252673,1,28,45,DI Cipancar,SRI,11,2018
1237.4,381.3249470477197,340.99351604526186,570.3913341840966,192.0,673.1135508084747,0.0,1618.7249470477198,1435.5048849925713,26.8270824053822,-4.619029601960914,5,33,64,DI Cipancar,SRI,11,2019
1455.8,158.34503139614623,158.34503139614623,452.23811953980993,192.0,768.2266730740782,0.0,1614.1450313961461,1412.4647926138882,29.855387257007354,6.223283973963502,0,19,71,DI Cipancar,SRI,11,2020
1127.3000000000002,262.0596477015672,262.05964770156714,510.73155684810564,192.0,493.1986156295426,0.0,1389.3596477015674,1195.9301724776483,29.722900550035785,6.4685558233384635,0,27,52,DI Cipancar,SRI,11,2021
1245.6999999999998,156.84956181549686,144.58006774458502,476.5637972349042,192.0,531.002791116666,0.0,1402.5495618154966,1199.5665883515703,28.810594517298046,-3.2694940709118314,1,22,60,DI Cipancar,SRI,11,2022
866.2,400.7988012512402,346.85547887313294,602.871446281682,190.07999999999998,294.11256177783076,0.0,1266.9988012512404,1087.0640080595126,18.092936552134663,-26.292648981288153,22,33,38,DI Cipancar,SRI,11,2023
999.5,314.5481403535588,314.5481403535588,537.8750018311418,192.0,397.29711244738326,0.0,1314.0481403535587,1127.172114278525,29.19354552489178,4.3507830328131645,0,30,52,DI Cipancar,SRI,11,2024
1910.5,299.6399819454046,199.6399819454046,488.4902426042137,280.0,1232.9876977569238,100.0,2210.1399819454045,2001.4779403611374,39.74425394959597,8.154872553098377,0,56,78,DI Cipancar,FL,12,2015
1589.1,173.75447943204927,73.75447943204924,473.80688828764994,280.0,796.3594696208396,100.0,1762.8544794320492,1550.1663579084895,42.260283351450084,15.856055788047744,0,45,80,DI Cipancar,FL,12,2016
1073.9,307.36797075979155,150.8015344374271,479.1211490572234,280.0,407.02648634071613,100.0,1381.2679707597918,1166.1476353979397,35.11447100505902,4.744542309610115,0,54,51,DI Cipancar,FL,12,2017
1281.1999999999998,296.3772515763038,177.97725157630381,501.3432678967274,280.0,590.853262372719,100.0,1577.5772515763038,1372.1965302694464,40.095286665417866,9.721815874947968,0,51,64,DI Cipancar,FL,12,2018
1574.6,361.52896790466417,261.5289679046641,529.415233039141,280.0,924.7441873545482,100.0,1936.128967904664,1734.1594203936893,40.09543186221658,8.26971605170256,0,57,72,DI Cipancar,FL,12,2019
1408.7,260.6382548329608,144.33825483296076,457.9613125092477,280.0,721.0874399775819,100.0,1669.338254832961,1459.0487524868295,41.40512995758143,14.725811188738868,0,53,72,DI Cipancar,FL,12,2020
1277.1,199.78716051203656,99.78716051203654,499.2048975114368,280.0,481.1157347678139,100.0,1476.8871605120364,1260.3206322792507,38.73535783454775,14.961321292193695,0,46,59,DI Cipancar,FL,12,2021
1191.8,231.25267320167688,131.25267320167686,491.11976982604307,280.0,451.2369170587839,100.0,1423.052673201677,1222.356686884827,40.46271515163461,19.51273532372359,0,47,63,DI Cipancar,FL,12,2022
1076.9,372.53370159588195,220.7005171279622,573.8045408928459,280.0,413.72447913621994,100.0,1449.433701595882,1267.5290200290658,35.13832690733713,5.333044597412129,0,61,50,DI Cipancar,FL,12,2023
1235.8,204.83931880059498,94.439318800595,516.1597659016275,280.0,445.25923469877426,100.0,1440.639318800595,1241.4190006004017,42.499365978769895,15.038212367860785,0,50,68,DI Cipancar,FL,12,2024
1910.5,199.6399819454046,199.6399819454046,472.8112365819077,192.0,1246.2192638343276,0.0,2110.1399819454045,1911.0305004162353,31.176021260775716,9.826606488216214,0,26,77,DI Cipancar,SRI,12,2015
1589.1,73.75447943204924,73.75447943204924,457.7471318644757,192.0,809.5849128437897,0.0,1662.8544794320492,1459.3320447082654,31.41784464856098,13.438880884304204,0,15,70,DI Cipancar,SRI,12,2016
1073.9,176.73379994695705,150.8015344374271,462.86954910194567,192.0,389.80388062066027,0.0,1250.6337999469572,1044.673429722606,25.609356377009398,-3.5364732340164786,3,23,52,DI Cipancar,SRI,12,2017
1281.1999999999998,189.62552461543459,177.97725157630381,484.4803784593743,192.0,594.1872098815134,0.0,1470.8255246154345,1270.6675883408877,30.584019493798504,-3.2482730391307713,1,21,64,DI Cipancar,SRI,12,2018
1574.6,261.5289679046641,261.5289679046641,513.0949872123344,192.0,939.0644331813548,0.0,1836.128967904664,1644.1594203936893,31.91913187045244,9.110609952180752,0,27,75,DI Cipancar,SRI,12,2019
1408.7,144.33825483296076,144.33825483296076,443.5417401178238,192.0,715.5328065257188,0.0,1553.0382548329608,1351.0745466435426,31.974399825855734,-0.7417711002585454,1,22,69,DI Cipancar,SRI,12,2020
1277.1,99.78716051203654,99.78716051203654,482.1276934358338,192.0,496.19293884341675,0.0,1376.8871605120364,1170.3206322792507,30.256279372347436,6.7009141800785965,0,16,61,DI Cipancar,SRI,12,2021
1191.8,131.25267320167688,131.25267320167686,475.564172694362,192.0,456.36578263043515,0.0,1323.052673201677,1123.9299553247972,30.102912677189778,11.319421070143655,0,17,62,DI Cipancar,SRI,12,2022
1076.9,242.73265003586064,220.7005171279622,555.3161629556614,190.56,394.5938913454428,0.0,1319.6326500358607,1140.470054301104,26.679125664504397,-11.708218588937623,7,29,51,DI Cipancar,SRI,12,2023
1235.8,94.43931880059499,94.439318800595,499.0705841656086,192.0,447.4498019953832,0.0,1330.239318800595,1138.5203861609918,30.633979063544775,5.467536997881965,0,19,69,DI Cipancar,SRI,12,2024
2031.0000000000002,222.9292950349182,122.92929503491816,464.55763628368095,280.0,1295.4177418292709,100.0,2253.9292950349186,2039.9753781129518,43.051766036304244,31.189518517113903,0,48,88,DI Cibuyutan Utara,FL,1,2016
1442.4,198.46859868496273,73.09893469369548,477.11640362985474,280.0,695.1971517292775,100.0,1640.8685986849628,1452.3135553591324,33.407424830478234,1.2524605370427198,0,43,64,DI Cibuyutan Utara,FL,1,2017
985.9999999999999,391.3994855904789,223.5588656264142,491.07305971340224,280.0,425.65387794400675,100.0,1377.399485590479,1196.726937657409,32.30404302241465,-5.70459293359507,8,60,43,DI Cibuyutan Utara,FL,1,2018
1552.1000000000001,252.55310631000174,152.5531063100017,489.3672332795972,280.0,823.1248081716905,100.0,1804.653106310002,1592.4920414512876,41.42896432294299,7.688316402977049,0,49,74,DI Cibuyutan Utara,FL,1,2019
1786.4,214.79169476714486,114.79169476714485,496.66402753747525,280.0,1015.5995048245306,100.0,2001.191694767145,1792.263532362006,41.8232650039411,16.4410070931648,0,49,88,DI Cibuyutan Utara,FL,1,2020
1395.0,204.32028121311674,89.02028121311675,452.78865549303976,280.0,672.0814334467048,100.0,1599.3202812131167,1404.8700889397446,39.28373714458611,12.934594931061108,0,44,69,DI Cibuyutan Utara,FL,1,2021
1256.6,240.67426306970492,111.41746408349496,507.42037580187105,280.0,494.11773702252134,100.0,1497.2742630697048,1281.5381128243923,39.64270525341841,4.043201013790058,0,50,65,DI Cibuyutan Utara,FL,1,2022
1259.1,206.9542146275375,95.5542146275375,492.422159935925,280.0,487.79443785696435,100.0,1466.0542146275375,1260.2165977928894,35.96165628701969,3.330206146770169,0,49,56,DI Cibuyutan Utara,FL,1,2023
1076.1,331.3286003856056,231.32860038560563,557.8305697676814,280.0,397.6708192597315,100.0,1407.4286003856055,1235.5013890274129,33.491383733809656,1.6874750591622254,0,54,43,DI Cibuyutan Utara,FL,1,2024
2031.0000000000002,122.92929503491816,122.92929503491816,449.20892967226064,192.0,1307.9326901847262,0.0,2153.9292950349186,1949.1416198569868,33.399066861324464,15.520466869225855,0,18,96,DI Cibuyutan Utara,SRI,1,2016
1442.4,86.79266141772244,73.09893469369548,460.8513620536978,192.0,684.9773672610885,0.0,1529.1926614177225,1337.8287293147864,25.92539777461488,-4.293726724026964,2,12,63,DI Cibuyutan Utara,SRI,1,2017
985.9999999999999,234.6538372064664,223.5588656264142,474.45922252482467,186.71999999999997,403.34913124741934,0.0,1220.6538372064663,1064.528353772244,24.29351400018619,-23.15783137949216,13,26,43,DI Cibuyutan Utara,SRI,1,2018
1552.1000000000001,152.55310631000174,152.5531063100017,472.9206664459192,192.0,836.7392876245173,0.0,1704.653106310002,1501.6599540704365,32.486510079569136,8.515164755422822,0,19,74,DI Cibuyutan Utara,SRI,1,2019
1786.4,114.79169476714483,114.79169476714485,480.42895414808936,192.0,1028.994982211596,0.0,1901.191694767145,1701.4239363596853,32.605047487851586,18.913868409074055,0,19,88,DI Cibuyutan Utara,SRI,1,2020
1395.0,89.02028121311673,89.02028121311675,437.4135109526243,192.0,660.1263645137624,0.0,1484.0202812131167,1289.5398754663865,30.274286884434503,-0.7132723454840493,1,13,69,DI Cibuyutan Utara,SRI,1,2021
1256.6,122.99414850007871,111.41746408349496,490.16533162774783,192.0,491.69266662701835,0.0,1379.5941485000785,1173.8579982547662,30.013504515719383,-1.976684416583744,3,19,64,DI Cibuyutan Utara,SRI,1,2022
1259.1,95.5542146275375,95.5542146275375,476.1707137519364,192.0,486.46910370240903,0.0,1354.6542146275374,1154.6398174543453,26.612638321718023,-1.6091291498657387,1,18,47,DI Cibuyutan Utara,SRI,1,2023
1076.1,231.32860038560563,231.32860038560563,539.5403313365232,192.0,389.0879320427116,0.0,1307.4286003856055,1120.6282633792348,29.296031702695263,5.891004838845138,0,24,47,DI Cibuyutan Utara,SRI,1,2024
2036.1,202.1070616625716,66.19751598091028,464.4009735612681,280.0,1319.177188917592,100.0,2238.2070616625715,2063.57816247886,39.14080250850598,-5.0570493640138325,4,44,96,DI Cibuyutan Utara,FL,2,2015
1761.9,236.42305103430095,136.42305103430095,466.4285492084573,280.0,1060.9523863538961,100.0,1998.323051034301,1807.3809355623534,41.98668059154529,7.962577608367555,0,52,81,DI Cibuyutan Utara,FL,2,2016
1040.7,284.04052475359333,140.77264155761014,479.76788614016044,280.0,387.7514445818433,100.0,1324.7405247535935,1147.5193307220038,31.096563654895764,-6.015453589028215,4,54,37,DI Cibuyutan Utara,FL,2,2017
916.5000000000001,369.63494343855564,162.09459524743076,494.3615182313681,280.0,325.90621782117046,100.0,1286.1349434385556,1100.2677360525386,27.05861595930765,-2.6903133787981,8,61,35,DI Cibuyutan Utara,FL,2,2018
1344.5,229.48743085575413,117.0141673029794,487.8114728392651,280.0,625.8997938509802,100.0,1573.9874308557542,1393.7112666902453,37.544231031595054,-3.7732635527747225,2,50,63,DI Cibuyutan Utara,FL,2,2019
1639.6,216.04850586313472,116.04850586313466,481.0560434710657,280.0,886.9786049007753,100.0,1855.6485058631347,1648.034648371841,40.111856523063814,5.266123830273893,0,47,77,DI Cibuyutan Utara,FL,2,2020
1108.6999999999998,307.8938325415786,116.4590252100355,470.1439510814416,280.0,449.3013808995595,100.0,1416.5938325415784,1199.4453319810011,31.60614965431273,-4.68711436882953,7,56,49,DI Cibuyutan Utara,FL,2,2021
1066.6999999999998,296.5041016863774,168.8818114598528,509.8873817254741,280.0,385.51777433108225,100.0,1363.2041016863773,1175.4051560565563,34.57253232220133,-4.727576325875506,6,54,49,DI Cibuyutan Utara,FL,2,2022
1212.6999999999998,284.79723579577865,159.3159827179692,500.709004914076,280.0,545.3309292337044,100.0,1497.4972357957786,1326.0399341477805,37.178341265009244,-1.5595212969122798,1,54,57,DI Cibuyutan Utara,FL,2,2023
1029.0,307.22929196451764,136.6583330789945,539.6949855403091,280.0,340.81706187710506,100.0,1336.2292919645176,1160.5120474174141,33.5137765253931,-4.088689468284277,7,53,48,DI Cibuyutan Utara,FL,2,2024
2036.1,66.19751598091028,66.19751598091028,448.895138905201,187.2,1318.4214760132452,0.0,2102.2975159809102,1954.516614918446,29.171828358879687,-29.3128102192587,11,11,97,DI Cibuyutan Utara,SRI,2,2015
1761.9,136.42305103430095,136.42305103430095,450.71270471507694,192.0,1067.1739507417647,0.0,1898.323051034301,1709.8866554568417,32.62652324201675,8.787700602344113,0,22,85,DI Cibuyutan Utara,SRI,2,2016
1040.7,170.95370652056187,140.77264155761014,463.09172887427343,188.15999999999997,386.1307636257827,0.0,1211.6537065205619,1037.382492500056,23.971903552583775,-30.181064962951734,9,22,37,DI Cibuyutan Utara,SRI,2,2017
916.5000000000001,223.5288299791801,162.09459524743076,476.9433131293873,174.71999999999997,318.9631389341485,0.0,1140.0288299791803,970.6264520635357,13.416456031804099,-31.29553083275145,39,24,34,DI Cibuyutan Utara,SRI,2,2018
1344.5,117.01416730297942,117.0141673029794,471.4085439807237,192.0,625.3102350753124,0.0,1461.5141673029793,1288.718779056036,29.979536049051628,-2.8187139577484563,1,19,61,DI Cibuyutan Utara,SRI,2,2019
1639.6,116.0485058631347,116.04850586313466,464.66306179409224,192.0,896.1344401039064,0.0,1755.6485058631347,1552.7975018979987,31.667819559104732,6.097152307201873,0,17,77,DI Cibuyutan Utara,SRI,2,2020
1108.6999999999998,146.73356828560614,116.4590252100355,453.3932569271546,183.36,412.6568167800328,0.0,1255.433568285606,1049.4100737071874,20.16919306257135,-32.07454307557065,22,19,44,DI Cibuyutan Utara,SRI,2,2021
1066.6999999999998,168.88181145985283,168.8818114598528,492.5893967412607,191.51999999999998,362.9580944539742,0.0,1235.5818114598526,1047.0674911952349,26.702291864609585,-5.619926124325289,6,22,51,DI Cibuyutan Utara,SRI,2,2022
1212.6999999999998,170.66078774550328,159.3159827179692,483.22727256820997,192.0,538.3327895169438,0.0,1383.360787745503,1213.5600620851537,26.246698160859243,-3.2160972845607256,3,23,52,DI Cibuyutan Utara,SRI,2,2023
1029.0,168.5593273014979,136.6583330789945,521.4491164202666,184.79999999999998,324.27761357097006,0.0,1197.559327301498,1030.5267299912366,23.300906076308497,-31.9009942225034,16,18,42,DI Cibuyutan Utara,SRI,2,2024
1634.1000000000001,271.1036906328408,45.22898272597658,471.3919518224012,280.0,973.4613093942173,100.0,1905.203690632841,1724.8532612166186,31.91128022948703,-5.542382678333514,8,53,75,DI Cibuyutan Utara,FL,3,2015
1628.3000000000002,170.3116205467856,48.26328288368199,451.51780748799047,280.0,880.4158162572995,100.0,1798.6116205467858,1611.9336237452899,36.05964140086689,-2.048337663103611,1,40,75,DI Cibuyutan Utara,FL,3,2016
840.0,359.6259324445479,141.90630212269457,481.5279959561273,280.0,255.35681370466799,100.0,1199.625932444548,1016.8848096607953,27.988681200798915,-4.415785813238253,9,66,25,DI Cibuyutan Utara,FL,3,2017
719.3,386.5644566342165,111.14153940188062,509.07166300263896,280.0,143.17952431304067,100.0,1105.8644566342164,932.2511873156797,20.901994933090876,-3.8364877881806274,14,63,17,DI Cibuyutan Utara,FL,3,2018
1070.1000000000001,351.8671984580015,129.18219346456723,490.1146802114869,280.0,480.53852663160535,100.0,1421.9671984580016,1250.6532068430924,31.40260188454305,-5.611064156777503,11,63,44,DI Cibuyutan Utara,FL,3,2019
1446.1000000000001,134.28680306882626,34.28680306882624,464.18289109460153,280.0,634.5775916374491,100.0,1580.3868030688263,1378.7604827320506,39.60875274586309,20.818931803957753,0,41,65,DI Cibuyutan Utara,FL,3,2020
1053.3999999999999,283.65391113408884,147.95283960988164,479.3722436201233,280.0,357.8168917725367,100.0,1337.0539111340886,1117.1891353926599,31.674694821060235,-2.7549507106303186,1,55,36,DI Cibuyutan Utara,FL,3,2021
997.8000000000001,266.0552927968633,151.05529279686326,492.46895384408015,280.0,281.23619215736153,100.0,1263.8552927968633,1053.7051460014418,38.80738610040977,3.9771331536494596,0,53,41,DI Cibuyutan Utara,FL,3,2022
1046.6000000000001,338.7957524078222,133.04537464371737,490.11874992267667,280.0,418.36875583999364,100.0,1385.3957524078223,1188.4875057626703,29.056975017110922,-4.011891349315864,7,59,43,DI Cibuyutan Utara,FL,3,2023
824.4000000000001,310.48666517474066,140.7380494955501,528.370921611048,280.0,157.12928972263524,100.0,1134.8866651747408,965.5002113336832,26.47634895808035,-1.8468773403094438,9,61,24,DI Cibuyutan Utara,FL,3,2024
1634.1000000000001,145.56850032553982,45.22898272597658,455.50077538593837,174.71999999999997,977.7814930348725,0.0,1779.66850032554,1608.0022684208109,17.288876952714478,-33.61645064403513,39,13,74,DI Cibuyutan Utara,SRI,3,2015
1628.3000000000002,48.26328288368198,48.26328288368199,435.941117405187,192.0,858.2989112333523,0.0,1676.5632828836822,1486.2400286385393,29.04758073096692,-0.2145438378556408,1,8,73,DI Cibuyutan Utara,SRI,3,2016
840.0,202.1891916891691,141.90630212269457,465.0671375586835,181.44,248.64740083330508,0.0,1042.189191689169,895.1545383919886,15.596365278581462,-30.790129183332343,26,25,22,DI Cibuyutan Utara,SRI,3,2017
719.3,270.74802874490365,111.14153940188062,491.65287808386444,169.43999999999997,158.12312511403786,0.0,990.0480287449036,819.2160031979023,3.5492344109616285,-33.855206882172205,54,22,20,DI Cibuyutan Utara,SRI,3,2018
1070.1000000000001,223.71348981056542,129.18219346456723,473.6838934271527,178.56,477.6258338744998,0.0,1293.8134898105654,1129.8697273016523,18.759181479764084,-32.41557469869981,29,24,44,DI Cibuyutan Utara,SRI,3,2019
1446.1000000000001,34.28680306882623,34.28680306882624,448.29886099517455,192.0,641.8124998305567,0.0,1480.3868030688263,1282.1113608257313,30.766635055543727,10.59601572394272,0,11,69,DI Cibuyutan Utara,SRI,3,2020
1053.3999999999999,190.07872915801923,147.95283960988164,462.63403033751393,187.67999999999998,383.0951576416727,0.0,1243.4787291580192,1033.4091879791868,21.698740473861037,-28.280033120200898,17,24,36,DI Cibuyutan Utara,SRI,3,2021
997.8000000000001,151.05529279686326,151.05529279686326,475.54575179976024,192.0,279.50255752587145,0.0,1148.8552927968633,947.0483093256316,26.46509545266271,-5.0076198527036455,4,22,45,DI Cibuyutan Utara,SRI,3,2022
1046.6000000000001,195.9010461471547,133.04537464371737,472.86689286835883,180.95999999999998,397.68744583445897,0.0,1242.5010461471547,1051.5143387028177,17.51513397331494,-32.51495153574651,26,20,39,DI Cibuyutan Utara,SRI,3,2023
824.4000000000001,172.79490348815267,140.7380494955501,510.41684303485886,175.67999999999998,172.18541789705466,0.0,997.1949034881527,858.2822609319135,13.049875345371397,-33.586337039128175,37,24,26,DI Cibuyutan Utara,SRI,3,2024
1034.9,399.88345072353843,76.56983119486182,482.1959908255294,280.0,496.3702893224332,100.0,1434.7834507235384,1258.5662801479625,23.056784183315813,-4.830683312126098,10,72,38,DI Cibuyutan Utara,FL,4,2015
971.3,258.4238255340099,78.54676554602187,460.96357654375447,280.0,308.97715298603146,100.0,1229.7238255340098,1049.940729529786,31.30484928225565,-5.287405781760109,10,50,48,DI Cibuyutan Utara,FL,4,2016
572.9,457.6076141451653,179.60185947861845,478.5199737467698,280.0,99.29236280122856,100.0,1030.5076141451652,857.8123365479984,14.738538035055399,-5.362029047652044,11,74,6,DI Cibuyutan Utara,FL,4,2017
400.9,590.1791618065959,193.3189382517737,503.43698124870434,280.0,36.684702316359335,100.0,991.0791618065958,820.1216835650637,7.973184453315748,-2.866491436515309,10,77,7,DI Cibuyutan Utara,FL,4,2018
576.5,512.7286600845307,165.17329760006572,492.3714267150036,280.0,144.40906963392908,100.0,1089.2286600845307,916.7804963489327,23.14820288773711,-4.849688608952435,12,83,26,DI Cibuyutan Utara,FL,4,2019
1046.7,305.4988555611227,134.99214052401612,463.87254436337184,280.0,433.7287978569659,100.0,1352.1988555611229,1177.6013422203378,33.03645943237138,-5.133224114851261,8,55,46,DI Cibuyutan Utara,FL,4,2020
898.9,328.52546529050096,120.69278168340753,481.8502660402668,280.0,294.59638057051086,100.0,1227.425465290501,1056.4466466107776,23.252594514552,-4.922093622061799,5,56,34,DI Cibuyutan Utara,FL,4,2021
864.3000000000001,261.1746974797132,122.8099089792914,485.172916486929,280.0,183.81906724438272,100.0,1125.4746974797133,948.9919837313117,30.0074409990057,-4.129593542366147,5,53,29,DI Cibuyutan Utara,FL,4,2022
837.5999999999999,388.16925237375597,159.36335685853277,505.4174745452508,280.0,270.77984752670824,100.0,1225.769252373756,1056.197322071959,23.0252927169079,-1.2107996759028978,5,64,24,DI Cibuyutan Utara,FL,4,2023
661.0,363.29130317138583,158.4264673652515,513.5685595113823,280.0,55.91230276238737,100.0,1024.2913031713858,849.4808622737697,17.645633789204773,-2.339370215525955,4,65,10,DI Cibuyutan Utara,FL,4,2024
1034.9,270.48197686173296,76.56983119486182,465.49671900314854,166.55999999999997,523.1728597421986,0.0,1305.3819768617332,1155.2295787453472,5.386463106034069,-33.96599819348902,61,21,40,DI Cibuyutan Utara,SRI,4,2015
971.3,111.27828436032706,78.54676554602187,445.7507106469602,178.56,300.79862369629444,0.0,1082.578284360327,925.1093343432547,16.04007897945103,-32.73151881430519,29,14,42,DI Cibuyutan Utara,SRI,4,2016
572.9,336.29960879084626,179.60185947861845,462.7503669647368,167.03999999999996,110.64440981879984,0.0,909.1996087908462,740.4347767835367,3.464092580308052,-33.39540210244219,62,29,11,DI Cibuyutan Utara,SRI,4,2017
400.9,450.42113177068995,193.3189382517737,486.92247733719705,159.83999999999997,36.684702316359335,0.0,851.3211317706899,683.4471796535563,-7.643680491144229,-31.656210116849508,81,33,7,DI Cibuyutan Utara,SRI,4,2018
576.5,354.4748142045518,165.17329760006572,475.6684291827722,168.47999999999996,142.87159421027133,0.0,930.9748142045519,787.0200233930434,7.658807657714997,-32.519862719757796,54,33,23,DI Cibuyutan Utara,SRI,4,2019
1046.7,146.29095982909803,134.99214052401612,448.9174709566743,184.32,415.34024708162775,0.0,1192.990959829098,1048.577718038302,22.153816487442256,-30.0258364193583,19,21,43,DI Cibuyutan Utara,SRI,4,2020
898.9,162.4370805318565,120.69278168340753,465.922059915591,179.51999999999998,273.0345695715713,0.0,1061.3370805318564,918.4766294871623,8.467910467933866,-32.82418988105061,43,21,29,DI Cibuyutan Utara,SRI,4,2021
864.3000000000001,122.80990897929141,122.8099089792914,469.4990004803159,187.2,168.40012927847826,0.0,987.1099089792915,825.0991297587941,21.01658353375975,-21.26116400040753,14,20,32,DI Cibuyutan Utara,SRI,4,2022
837.5999999999999,262.7812997378106,159.36335685853277,489.02858829611466,177.59999999999997,271.82269322086944,0.0,1100.3812997378104,938.4512815169842,11.622485293617956,-32.588231380939455,37,25,30,DI Cibuyutan Utara,SRI,4,2023
661.0,233.14385266991263,158.4264673652515,496.5953216791537,170.87999999999997,82.31595450767983,0.0,894.1438526699126,749.7912761868336,3.9495088129353477,-26.52622334389639,51,27,14,DI Cibuyutan Utara,SRI,4,2024
634.6999999999999,568.1414409336401,62.29732769173364,507.8385554716536,280.0,238.74887710557852,100.0,1202.8414409336401,1026.587432577232,9.710726708936026,-4.651827112676911,11,84,18,DI Cibuyutan Utara,FL,5,2015
656.6,325.2220231583467,116.97634760373265,462.21680607945143,280.0,64.24665051711895,100.0,981.8220231583467,806.4634565965704,23.25565682954557,-5.505688314161401,11,62,14,DI Cibuyutan Utara,FL,5,2016
350.5,597.5763737327909,180.60512007160523,476.22478298881,280.0,17.262239131276363,100.0,948.0763737327909,773.4870221200863,10.294887506300633,-4.190226797550199,8,86,4,DI Cibuyutan Utara,FL,5,2017
214.1,751.0290989995902,227.3630097228035,511.62365459279397,280.0,4.048405103391884,100.0,965.1290989995903,795.6720596961859,7.674152005885284,-4.494783517737846,10,96,1,DI Cibuyutan Utara,FL,5,2018
383.5,665.6471344074877,126.93641585988624,514.9076317797483,280.0,75.11952090765578,100.0,1049.1471344074876,870.027152687404,7.336395750368631,-2.9319036175916793,10,91,9,DI Cibuyutan Utara,FL,5,2019
800.3,366.7500164628376,134.3295256512899,464.1657095875539,280.0,226.53777153382927,100.0,1167.0500164628374,970.7034811213832,23.25599609619871,-3.7652751072525548,7,62,22,DI Cibuyutan Utara,FL,5,2020
680.8999999999999,507.92752531497246,241.47422984471595,486.1168582208427,280.0,253.88557864065183,100.0,1188.8275253149723,1020.0024368614945,24.492526126241177,-5.375786172029802,11,74,23,DI Cibuyutan Utara,FL,5,2021
603.0,419.80404614905797,162.15927166907463,486.6103186373009,280.0,87.78892167283216,100.0,1022.804046149058,854.3992403101331,18.37492361512559,-5.456102275207769,11,69,15,DI Cibuyutan Utara,FL,5,2022
586.4,516.3241169463238,177.5727015249089,505.08259594123587,280.0,148.6993490509165,100.0,1102.7241169463236,933.7819449921524,17.76353155389216,-5.506150374194684,13,73,18,DI Cibuyutan Utara,FL,5,2023
448.20000000000005,578.5836291686539,178.73734461697987,519.1252111057245,280.0,59.42775385523972,100.0,1026.783629168654,858.5529649609642,11.911106079698751,-3.3206779273917,11,86,7,DI Cibuyutan Utara,FL,5,2024
634.6999999999999,407.46201996866955,62.29732769173364,490.1735728397805,159.35999999999999,238.74887710557852,0.0,1042.1620199686695,888.2824499453591,-8.374729038201457,-32.057517367496786,81,24,18,DI Cibuyutan Utara,SRI,5,2015
656.6,181.4724850229204,116.97634760373265,447.16371860132665,173.76,64.4117829576237,0.0,838.0724850229204,685.3355015589503,8.867702047231052,-33.342953494359776,50,25,12,DI Cibuyutan Utara,SRI,5,2016
350.5,437.7751631331756,180.60512007160523,460.78876255403554,161.27999999999997,17.262239131276363,0.0,788.2751631331756,639.3310016853119,-8.505746091935084,-33.79801271861622,84,37,4,DI Cibuyutan Utara,SRI,5,2017
214.1,599.513949771681,227.3630097228035,494.9512424889665,162.71999999999997,4.048405103391884,0.0,813.6139497716811,661.7196475923585,-8.706139396940532,-33.95766395403358,80,44,1,DI Cibuyutan Utara,SRI,5,2018
383.5,502.2129793177761,126.93641585988624,497.36003352762935,157.92,75.11952090765578,0.0,885.7129793177761,730.3995544352852,-10.662211672052052,-33.93763045375506,88,34,9,DI Cibuyutan Utara,SRI,5,2019
800.3,239.2340697643083,134.3295256512899,448.9842798978193,174.72,229.88510857503812,0.0,1039.5340697643082,853.5893884728574,11.28626857852679,-31.929290943047143,44,22,27,DI Cibuyutan Utara,SRI,5,2020
680.8999999999999,360.24475224443245,241.47422984471595,470.33811956916185,177.6,249.51165118155623,0.0,1041.1447522444323,897.449770750718,9.470696688697124,-31.678017467059068,45,34,23,DI Cibuyutan Utara,SRI,5,2021
603.0,258.6161461915603,162.15927166907463,471.07813741652865,174.23999999999998,67.61382415820047,0.0,861.6161461915603,712.9319615747291,6.612878479831057,-32.23757529918517,47,30,16,DI Cibuyutan Utara,SRI,5,2022
586.4,391.25155818844905,177.5727015249089,488.81082116278515,167.03999999999996,160.22667721652456,0.0,977.651558188449,816.0774983793096,0.9568683265608526,-32.843900787876045,59,29,16,DI Cibuyutan Utara,SRI,5,2023
448.20000000000005,418.6670921061311,178.73734461697987,502.4470765121929,164.64,33.75850089558657,0.0,866.8670921061312,700.8455774077795,-4.844918914467186,-32.11416211567241,69,36,5,DI Cibuyutan Utara,SRI,5,2024
116.1,908.7782594167785,295.22577447641976,558.3204635022872,280.0,10.556998286328447,100.0,1024.8782594167785,848.8774617886156,6.962558372996415,-4.345967662195171,10,106,1,DI Cibuyutan Utara,FL,6,2015
563.5,471.0798230274401,193.88367542212364,473.1592983298698,280.0,87.55440003305976,100.0,1034.5798230274402,840.7136983629296,14.513068078399659,-2.0814691543510326,1,72,11,DI Cibuyutan Utara,FL,6,2016
180.3,777.6042922468513,296.39803698562355,504.5683641375007,280.0,0.0,100.0,957.9042922468514,784.5683641375007,9.310691326529463,-3.596990308451087,11,97,0,DI Cibuyutan Utara,FL,6,2017
110.69999999999999,873.3622609134068,308.54953562134494,532.8262391012207,280.0,0.0,100.0,984.0622609134068,812.8262391012207,7.283568911669555,-4.947714973723535,10,104,0,DI Cibuyutan Utara,FL,6,2018
98.8,915.6011217249813,273.8486198292384,557.1730404345788,280.0,0.0,100.0,1014.4011217249813,837.1730404345788,6.837931559500892,-4.862841145811361,11,109,0,DI Cibuyutan Utara,FL,6,2019
483.0,514.3539541544516,192.4490164281705,488.6126782942297,280.0,46.191528921332285,100.0,997.3539541544516,814.804207215562,17.589811285420634,-5.472693337044569,10,77,7,DI Cibuyutan Utara,FL,6,2020
651.2,499.08579196977377,239.15191846041293,487.18392506047235,280.0,204.14605867714624,100.0,1150.2857919697738,971.3299837376186,19.441887201161613,-5.010057130452149,11,72,17,DI Cibuyutan Utara,FL,6,2021
517.2,473.1742041665028,237.4837845259647,491.6779201178717,280.0,30.06348581672128,100.0,990.3742041665029,801.741405934593,19.274420313465374,-5.789719154825455,6,73,3,DI Cibuyutan Utara,FL,6,2022
325.29999999999995,730.7369766344799,237.9212780898,526.8998157508239,280.0,70.0236665045287,100.0,1056.0369766344797,876.9234822553526,10.88493829757977,-3.9020451776319884,11,91,11,DI Cibuyutan Utara,FL,6,2023
319.1,708.8895274160689,281.82328772089346,542.8031368633681,280.0,38.866247086271095,100.0,1027.989527416069,861.6693839496392,11.729182037202966,-6.299411618850367,7,91,7,DI Cibuyutan Utara,FL,6,2024
116.1,733.4944045274558,295.22577447641976,539.1735560991046,157.92,10.556998286328447,0.0,849.5944045274558,707.650554385433,-11.047051956502562,-33.52406775765021,90,45,1,DI Cibuyutan Utara,SRI,6,2015
563.5,309.19962496988376,193.88367542212364,456.93760358339375,170.88,57.10415985423459,0.0,872.6996249698838,684.9217634376283,-1.239852263167519,-26.95187566701064,54,31,8,DI Cibuyutan Utara,SRI,6,2016
180.3,632.8621922710588,296.39803698562355,487.8241412205579,159.35999999999999,0.0,0.0,813.1621922710588,647.1841412205579,-7.984137132312179,-34.95604272451689,83,43,0,DI Cibuyutan Utara,SRI,6,2017
110.69999999999999,710.5655268511384,308.54953562134494,514.8698798833279,158.88,0.0,0.0,821.2655268511385,673.7498798833279,-9.704216006476699,-32.75066284168263,89,46,0,DI Cibuyutan Utara,SRI,6,2018
98.8,744.5286956034585,273.8486198292384,538.0820761756813,156.95999999999998,0.0,0.0,843.3286956034584,695.0420761756814,-10.79553516355223,-35.2753469359664,89,49,0,DI Cibuyutan Utara,SRI,6,2019
483.0,383.8061108416771,192.4490164281705,471.9456264381397,166.07999999999998,59.70598511099674,0.0,866.8061108416771,697.7316115491363,0.5656912470466612,-34.36321723624327,60,32,8,DI Cibuyutan Utara,SRI,6,2020
651.2,373.5689933663109,239.15191846041293,470.75728776484607,165.59999999999997,228.94235818870152,0.0,1024.768993366311,865.2996459535475,2.0122477428881123,-28.852283878344416,66,31,18,DI Cibuyutan Utara,SRI,6,2021
517.2,363.90136847339636,237.4837845259647,474.8952578025254,172.32,48.55193246578342,0.0,881.1013684733964,695.7671902683089,5.748976168506328,-31.13092650321078,56,32,8,DI Cibuyutan Utara,SRI,6,2022
325.29999999999995,570.2428028913557,237.9212780898,509.05056970786694,162.71999999999997,58.208422007311505,0.0,895.5428028913557,729.9789917151784,-4.481891140985004,-33.02070071260387,71,36,7,DI Cibuyutan Utara,SRI,6,2023
319.1,535.8504513978248,281.82328772089346,524.3511608758163,161.28,11.7302938801681,0.0,854.9504513978248,697.3614547559844,-5.138404227945682,-30.225089266517315,78,37,4,DI Cibuyutan Utara,SRI,6,2024
96.5,952.2304607791559,311.5164075798164,600.4159149617304,280.0,0.0,100.0,1048.730460779156,880.4159149617304,6.679315463812859,-5.3931012220881085,11,104,0,DI Cibuyutan Utara,FL,7,2015
804.6999999999999,475.4258834235628,265.59486952590856,471.48012040370264,280.0,326.1285210427567,100.0,1280.1258834235628,1077.6086414464594,25.800427837644268,2.1459026338027183,0,69,28,DI Cibuyutan Utara,FL,7,2016
349.3,704.6606000945749,275.41247206002527,512.990523003974,280.0,65.43554080174465,100.0,1053.9606000945748,858.4260638057186,15.352201819145936,-0.06241871571058866,1,90,5,DI Cibuyutan Utara,FL,7,2017
100.5,919.153254218043,299.4832316222827,565.5480591779815,280.0,0.0,100.0,1019.653254218043,845.5480591779815,6.723707120999078,-4.719553564182803,13,105,0,DI Cibuyutan Utara,FL,7,2018
65.5,988.1648804199276,339.1178263134776,603.9310488592163,280.0,0.0,100.0,1053.6648804199276,883.9310488592163,6.316615915410733,-6.013683762761968,12,105,0,DI Cibuyutan Utara,FL,7,2019
480.0,541.965160266106,222.87384358334228,515.4588414784271,280.0,51.72278175664955,100.0,1021.965160266106,847.1816232350766,13.650453337277478,-4.792295704558171,3,73,4,DI Cibuyutan Utara,FL,7,2020
533.9000000000001,523.937422963839,187.3797050698655,509.27158187279383,280.0,88.12667644509926,100.0,1057.8374229638391,877.3982583178931,13.777726804688651,-5.722932653385782,7,76,8,DI Cibuyutan Utara,FL,7,2021
602.8,486.21503781148317,200.00889528673392,499.3202447467545,280.0,108.82467454655335,100.0,1089.0150378114831,888.1449192933078,16.69875274467893,-0.053918118210162014,1,75,12,DI Cibuyutan Utara,FL,7,2022
183.2,857.1370351966359,275.3338242762329,579.6512669639651,280.0,8.139212910985078,100.0,1040.337035196636,867.7904798749502,8.445079348331513,-5.457360769399118,13,99,1,DI Cibuyutan Utara,FL,7,2023
333.5,726.2381887437624,264.6003954208489,571.6242147654916,280.0,36.63635254535834,100.0,1059.7381887437623,888.26056731085,11.49298082557836,-4.719942259208274,11,88,5,DI Cibuyutan Utara,FL,7,2024
96.5,808.9427081368194,311.5164075798164,579.0725689355261,158.87999999999997,0.0,0.0,905.4427081368194,737.9525689355261,-10.095160107880691,-31.151418951025068,92,50,0,DI Cibuyutan Utara,SRI,7,2015
804.6999999999999,363.99570982820677,265.59486952590856,454.8060749108239,183.35999999999999,335.48966706762474,0.0,1168.6957098282066,973.6557419784486,10.397875636468758,-28.655535185526105,35,35,25,DI Cibuyutan Utara,SRI,7,2016
349.3,574.4042005477836,275.41247206002527,494.2198023767534,170.4,68.55282667465873,0.0,923.7042005477836,733.1726290514122,0.1484370835921855,-29.390307563122093,60,42,7,DI Cibuyutan Utara,SRI,7,2017
100.5,744.6920514686562,299.4832316222827,545.6359797522534,156.48,0.0,0.0,845.1920514686562,702.1159797522535,-10.682607774759733,-35.65237499788003,90,48,0,DI Cibuyutan Utara,SRI,7,2018
65.5,819.0474529558369,339.1178263134776,582.2770722633886,156.47999999999996,0.0,0.0,884.5474529558369,738.7570722633886,-11.508047621378445,-35.337296456875634,91,48,0,DI Cibuyutan Utara,SRI,7,2019
480.0,415.2661483759806,222.87384358334228,496.71488433104724,172.32,51.72278175664955,0.0,895.2661483759806,720.7576660876967,-4.333707055869285,-29.462643785168453,67,34,4,DI Cibuyutan Utara,SRI,7,2020
533.9000000000001,365.5981808624284,187.3797050698655,491.76348926961185,171.35999999999999,77.29901928970679,0.0,899.4981808624285,740.4225085593187,-2.1158006147397295,-31.246311532175675,61,33,7,DI Cibuyutan Utara,SRI,7,2021
602.8,331.8757151571763,200.00889528673392,481.3477386838864,175.67999999999998,82.59839282369481,0.0,934.6757151571762,739.6261315075811,2.771193221581505,-29.30293430138006,46,34,9,DI Cibuyutan Utara,SRI,7,2022
183.2,686.2179228830423,275.3338242762329,558.9199848796097,156.95999999999998,8.139212910985078,0.0,869.4179228830424,724.0191977905948,-8.858002600530623,-34.18910700972324,88,43,1,DI Cibuyutan Utara,SRI,7,2023
333.5,548.9672300435044,264.6003954208489,551.2255121435272,166.56,12.606850828167351,0.0,882.4672300435044,730.3923629716946,-3.2226285705387046,-32.50741395575123,69,38,4,DI Cibuyutan Utara,SRI,7,2024
185.5,940.5742874524049,338.1026732613551,633.7672207820694,280.0,20.66755119653486,100.0,1126.0742874524049,934.4347719786043,10.602229219715579,-5.043372557967718,4,102,4,DI Cibuyutan Utara,FL,8,2015
1165.8,462.06261909693075,244.74459511011122,470.4927738914313,280.0,665.2961878935905,100.0,1627.8626190969308,1415.788961785022,33.41726328181387,4.552198172818677,0,66,55,DI Cibuyutan Utara,FL,8,2016
551.3000000000001,692.712027653216,310.73401568041726,530.7398921113431,280.0,222.43753113480616,100.0,1244.0120276532161,1033.1774232461494,19.395105865345645,-1.5500054946296151,2,79,16,DI Cibuyutan Utara,FL,8,2017
281.50000000000006,835.9165609588185,343.98605545091607,577.2523008309483,280.0,64.04541870697247,100.0,1117.4165609588185,921.2977195379208,10.445079302446043,-4.912874473747518,6,92,7,DI Cibuyutan Utara,FL,8,2018
152.39999999999998,949.5354292079696,339.32506079163466,641.6509630701958,280.0,6.794806546820105,100.0,1101.9354292079697,928.4457696170159,7.7505293271713125,-5.95469288894188,11,101,1,DI Cibuyutan Utara,FL,8,2019
658.1,550.8188840856459,290.27646998557196,525.4188772991452,280.0,186.7067123209145,100.0,1208.918884085646,992.1255896200596,24.32594008617739,3.560688411260112,0,68,24,DI Cibuyutan Utara,FL,8,2020
707.9000000000001,556.326947843001,304.51746778542014,526.0202941148935,280.0,243.8720220982034,100.0,1264.2269478430012,1049.8923162130968,20.096730813649074,-0.2394776486593031,1,73,21,DI Cibuyutan Utara,FL,8,2021
820.8999999999999,525.4645199942424,281.6408860087599,509.4304678637836,280.0,340.81842565474324,100.0,1346.3645199942423,1130.248893518527,25.937156392013392,-0.17550013256575614,1,70,36,DI Cibuyutan Utara,FL,8,2022
206.5,899.9153472687913,298.6626642900588,628.2204601211055,280.0,26.307031677714352,100.0,1106.4153472687913,934.5274917988198,6.282559010884934,-6.419481690625281,9,101,1,DI Cibuyutan Utara,FL,8,2023
424.5,737.5582899211448,307.0241078685971,601.5949369886479,280.0,68.10177611635737,100.0,1162.058289921145,949.6967131050053,14.330364144481804,-4.343647491029936,2,87,5,DI Cibuyutan Utara,FL,8,2024
185.5,794.0595171076924,338.1026732613551,610.4008288747698,165.12,17.360138842009356,0.0,979.5595171076924,792.8809677167792,-5.227906739957704,-31.41444067091951,78,49,4,DI Cibuyutan Utara,SRI,8,2015
1165.8,320.4096870951822,244.74459511011122,454.7792718066074,190.56,636.2871845513731,0.0,1486.2096870951823,1281.6264563579807,20.682701699889286,-10.257955101178606,12,33,50,DI Cibuyutan Utara,SRI,8,2016
551.3000000000001,537.7608849400392,310.73401568041726,511.81853561242417,177.60000000000002,197.135988260155,0.0,1089.0608849400392,886.5545238725792,5.4427809104052765,-23.744469406484466,44,40,13,DI Cibuyutan Utara,SRI,8,2017
281.50000000000006,698.1931328765564,343.98605545091607,556.1651134188137,162.72,71.32543859040163,0.0,979.6931328765565,790.2105520092153,-5.338031781107455,-29.363727708173847,80,46,7,DI Cibuyutan Utara,SRI,8,2018
152.39999999999998,771.5290807928949,339.32506079163466,618.1834853195453,160.32,3.739590150062071,0.0,923.9290807928949,782.2430754696073,-8.443105022301442,-30.22479875292034,88,49,1,DI Cibuyutan Utara,SRI,8,2019
658.1,422.8479292946246,290.27646998557196,506.7875755654082,183.36,184.00705926363023,0.0,1080.9479292946246,874.1546348290385,12.561002652854498,-22.979122364842453,28,35,24,DI Cibuyutan Utara,SRI,8,2020
707.9000000000001,446.63370424395964,304.51746778542014,507.1959073394097,179.03999999999996,263.96316527464586,0.0,1154.5337042439596,950.1990726140555,5.3997851768849925,-29.74660438976595,37,37,21,DI Cibuyutan Utara,SRI,8,2021
820.8999999999999,374.6339461666729,281.6408860087599,491.87251523306327,187.2,310.3458044578941,0.0,1195.5339461666726,989.4183196909573,15.488943578520097,-21.50448707402312,19,35,29,DI Cibuyutan Utara,SRI,8,2022
206.5,747.622956018485,298.6626642900588,604.8556076385958,158.88,26.307031677714352,0.0,954.122956018485,790.0426393163101,-10.518214711917752,-32.356575900227156,94,48,1,DI Cibuyutan Utara,SRI,8,2023
424.5,571.463333142183,307.0241078685971,579.7763355196341,170.4,41.884009498007586,0.0,995.963333142183,792.0603450176417,-2.1978797245360098,-28.40557950850702,71,41,6,DI Cibuyutan Utara,SRI,8,2024
581.9,798.3039703413148,356.88349975511267,619.2342638523845,280.0,276.5899887448896,100.0,1380.2039703413147,1175.8242525972742,20.230375612533134,-1.5962160251465818,1,86,20,DI Cibuyutan Utara,FL,9,2015
1627.2000000000003,420.72460027737367,260.4405204241407,468.4421021570777,280.0,1086.6425696153206,100.0,2047.9246002773739,1835.0846717723982,36.7350452676743,4.95160995426883,0,62,73,DI Cibuyutan Utara,FL,9,2016
697.1999999999999,592.5359183269134,347.85087132993664,521.8033125300117,280.0,278.23948579671736,100.0,1289.7359183269132,1080.042798326729,28.203659054710638,0.6160654771937146,0,71,29,DI Cibuyutan Utara,FL,9,2017
606.0999999999998,710.5232131909718,346.8656637408994,573.2211461020092,280.0,262.95008369056524,100.0,1316.6232131909715,1116.1712297925744,17.78003944579865,-1.0495108534841977,3,79,20,DI Cibuyutan Utara,FL,9,2018
493.5,797.5152762924,355.1312444771688,646.9724097235708,280.0,158.50402428131554,100.0,1291.0152762924,1085.4764340048864,17.70431987176308,-2.3275668656355677,3,86,14,DI Cibuyutan Utara,FL,9,2019
928.5,489.57127123690645,275.24662132659637,518.5615169392479,280.0,409.70600287928886,100.0,1418.0712712369063,1208.2675198185368,34.166101271206756,6.818924907150218,0,68,50,DI Cibuyutan Utara,FL,9,2020
985.8999999999999,464.532727290146,276.28210817214165,523.4860007850452,280.0,433.7254573892578,100.0,1450.432727290146,1237.211458174303,26.535517091871267,1.3034740166995507,0,64,35,DI Cibuyutan Utara,FL,9,2021
1049.0,439.93363767652244,298.0559337529907,516.7132893260559,280.0,484.65756013186325,100.0,1488.9336376765225,1281.3708494579191,34.452447346344556,4.603708733810224,0,63,51,DI Cibuyutan Utara,FL,9,2022
302.09999999999997,828.1521920938096,343.423031927178,651.244282668896,280.0,28.808524442072297,100.0,1130.2521920938095,960.0528071109683,11.649595003932909,-5.218958174632415,3,90,5,DI Cibuyutan Utara,FL,9,2023
700.0,627.1542018057862,352.9677763033758,595.2876139563446,280.0,247.8546605654771,100.0,1327.1542018057862,1123.1422745218217,24.536966339306133,-1.0318562504812485,1,74,34,DI Cibuyutan Utara,FL,9,2024
581.9,659.2709979241488,356.88349975511267,597.4417635440428,176.64,272.70951663606525,0.0,1241.1709979241487,1046.791280180108,6.2334471934086135,-27.56551812521051,49,45,21,DI Cibuyutan Utara,SRI,9,2015
1627.2000000000003,295.75509158477644,260.4405204241407,453.2918298149167,192.0,1074.8233332648847,0.0,1922.9550915847767,1720.1151630798013,27.11804815443149,-4.3511924623344616,5,31,73,DI Cibuyutan Utara,SRI,9,2016
697.1999999999999,452.67240911141243,347.85087132993664,504.80643714341795,189.11999999999998,256.2528519678101,0.0,1149.8724091114123,950.1792891112281,17.947592078124767,-12.089347726792191,18,39,28,DI Cibuyutan Utara,SRI,9,2017
606.0999999999998,563.2927550516051,346.8656637408994,553.6048380872082,175.2,247.61592349043315,0.0,1169.392755051605,976.4207615776414,5.118724113853993,-24.179115382658487,51,42,20,DI Cibuyutan Utara,SRI,9,2018
493.5,659.3013537545637,355.1312444771688,624.1746103035109,170.88,162.207901163539,0.0,1152.8013537545637,957.2625114670499,1.0071751503036126,-30.467381283471276,63,45,15,DI Cibuyutan Utara,SRI,9,2019
928.5,364.42152222789343,275.24662132659637,501.3435662484411,192.0,398.9334280887403,0.0,1292.9215222278935,1092.2769943371813,23.77587960945314,-5.619581049402564,8,36,45,DI Cibuyutan Utara,SRI,9,2020
985.8999999999999,333.84633427042064,276.28210817214165,505.5187521071535,182.88,428.12631304742405,0.0,1319.7463342704204,1116.5250651545775,14.719644459656065,-22.63930082400417,28,31,42,DI Cibuyutan Utara,SRI,9,2021
1049.0,308.8457860252674,298.0559337529907,499.65066562039334,192.0,467.7974908575638,0.0,1357.8457860252674,1159.4481564779571,25.60887111670327,-3.940515402840014,5,31,45,DI Cibuyutan Utara,SRI,9,2022
302.09999999999997,678.0327876206479,343.423031927178,628.1540516660998,163.68,38.79937583499624,0.0,980.1327876206478,830.6334275010961,-5.038559741984718,-28.683615761890557,79,46,7,DI Cibuyutan Utara,SRI,9,2023
700.0,507.12016571169204,352.9677763033758,574.6983938307094,182.88,255.00346108426467,0.0,1207.1201657116922,1012.5818549149741,12.5317087045339,-29.00211493757762,30,37,30,DI Cibuyutan Utara,SRI,9,2024
842.7000000000002,658.7055967899676,364.0485727055372,598.1617392068284,280.0,428.13428205938703,100.0,1501.4055967899676,1306.2960212662156,28.27239982888446,4.786204989312422,0,73,33,DI Cibuyutan Utara,FL,10,2015
1749.7,285.415679101381,185.415679101381,464.19177891172063,280.0,1079.5357473284778,100.0,2035.115679101381,1823.7275262401984,40.905499847024906,22.155871236010043,0,51,80,DI Cibuyutan Utara,FL,10,2016
888.4000000000001,426.8988384984215,300.0659487378327,510.3213514209739,280.0,328.7118761645501,100.0,1315.2988384984217,1119.033227585524,33.64858030809306,2.402289022816161,0,60,34,DI Cibuyutan Utara,FL,10,2017
882.8000000000002,581.8188085456893,333.1501894813947,558.2923001042536,280.0,421.77025684833427,100.0,1464.6188085456895,1260.0625569525878,26.905937407730363,3.478600924765245,0,71,32,DI Cibuyutan Utara,FL,10,2018
817.0,642.4871498747965,357.5446593432662,624.9647107108342,280.0,366.6821045818631,100.0,1459.4871498747966,1271.6468152926973,27.286247239810585,-0.45332274890908675,1,74,34,DI Cibuyutan Utara,FL,10,2019
1274.4,422.23308278771555,293.72819066517667,498.0079120316652,280.0,719.2169928660553,100.0,1696.6330827877157,1497.2249048977205,37.69214611677594,4.895107877461126,0,61,65,DI Cibuyutan Utara,FL,10,2020
1238.0,442.8553133362713,223.90622426660687,520.371732739877,280.0,672.5256159587666,100.0,1680.8553133362714,1472.8973486986436,32.83227259578683,3.9291850804297086,0,63,66,DI Cibuyutan Utara,FL,10,2021
1239.3,334.0220284055336,234.02202840553358,507.99175350399724,280.0,602.8566000022456,100.0,1573.3220284055335,1390.8483535062428,39.65497446775073,10.124480354877111,0,55,62,DI Cibuyutan Utara,FL,10,2022
637.9,706.5808959543323,362.88063333182595,647.7561375842447,280.0,218.34557762785892,100.0,1344.4808959543323,1146.1017152121035,21.25379027330185,-1.4292288737816676,3,79,24,DI Cibuyutan Utara,FL,10,2023
906.2,533.4765412047288,278.7917410178403,564.240189105582,280.0,391.5406709146725,100.0,1439.676541204729,1235.7808600202545,31.2160680842859,5.11535800449372,0,66,51,DI Cibuyutan Utara,FL,10,2024
842.7000000000002,520.8038360526775,364.0485727055372,579.5312860953771,187.2,408.0136570857977,0.0,1363.5038360526778,1174.7449431811747,17.75817487637939,-25.208772737332012,24,39,35,DI Cibuyutan Utara,SRI,10,2015
1749.7,185.415679101381,185.415679101381,448.85156004287626,192.0,1092.0431051555015,0.0,1935.115679101381,1732.8946651983779,32.33295751193502,17.693567578651596,0,21,81,DI Cibuyutan Utara,SRI,10,2016
888.4000000000001,300.0659487378327,300.0659487378327,494.06708735531976,190.56,310.9137337479723,0.0,1188.4659487378328,995.540821103292,23.250464559732034,-9.763735883530376,9,27,37,DI Cibuyutan Utara,SRI,10,2017
882.8000000000002,436.06878313361653,333.1501894813947,540.8521132032288,186.72,396.74041833728654,0.0,1318.8687831336167,1124.3125315405155,17.18036447432453,-11.756201120048921,25,38,37,DI Cibuyutan Utara,SRI,10,2018
817.0,507.17969354766905,357.5446593432662,604.5939285659529,184.79999999999998,351.0568497394065,0.0,1324.179693547669,1140.4507783053593,14.017463065372237,-26.82899342483758,29,39,32,DI Cibuyutan Utara,SRI,10,2019
1274.4,293.72819066517667,293.72819066517667,482.40531208301286,192.0,700.9780460962122,0.0,1568.1281906651768,1375.383358179225,27.71593417673569,-0.5823723417837625,2,29,61,DI Cibuyutan Utara,SRI,10,2020
1238.0,303.0986406644677,223.90622426660687,503.6223034916957,192.0,644.4015474683284,0.0,1541.0986406644677,1340.023850960024,22.731525760503974,-5.157323587407952,11,30,65,DI Cibuyutan Utara,SRI,10,2021
1239.3,234.02202840553358,234.02202840553358,491.50278917869497,192.0,609.7947867056844,0.0,1473.3220284055335,1293.2975758843793,30.836439775664,6.01948530387827,0,25,69,DI Cibuyutan Utara,SRI,10,2022
637.9,561.5537723632033,362.88063333182595,626.2687420903285,175.68,209.12584953064635,0.0,1199.4537723632034,1011.0745916209748,4.814976531948896,-28.594747039834235,54,40,22,DI Cibuyutan Utara,SRI,10,2023
906.2,387.84119601897504,278.7917410178403,546.4458371917455,189.12,364.57967764275537,0.0,1294.0411960189751,1100.1455148345008,19.966839547801705,-21.44114724311281,18,32,47,DI Cibuyutan Utara,SRI,10,2024
1424.7,476.1575202862494,344.6394910821838,541.9922864429026,280.0,885.4220345748257,100.0,1900.8575202862494,1707.4143210177283,38.47942695954783,6.179499409972663,0,61,64,DI Cibuyutan Utara,FL,11,2015
1752.9,211.0558134030665,100.65581340306649,454.34399321634737,280.0,1018.1219025183912,100.0,1963.9558134030667,1752.4658957347385,40.48064674105994,14.760179316674456,0,46,77,DI Cibuyutan Utara,FL,11,2016
973.9,355.8503989110418,211.88739977671594,479.6018094921661,280.0,370.3340702172496,100.0,1329.7503989110419,1129.9358797094158,36.20065417231004,3.3419737543624386,0,58,45,DI Cibuyutan Utara,FL,11,2017
1316.3,428.68937359961427,311.98937359961417,528.4055955498177,280.0,734.4675507910291,100.0,1744.9893735996143,1542.8731463408467,36.89083534490867,9.364730501489827,0,61,55,DI Cibuyutan Utara,FL,11,2018
1269.6,498.7175584933925,340.1002821200324,576.4648954344077,280.0,716.3912866321584,100.0,1768.3175584933924,1572.8561820665661,37.08705666726091,3.1691365654740133,0,64,67,DI Cibuyutan Utara,FL,11,2019
1490.8,241.2666073709226,141.26660737092263,455.8932246296762,280.0,781.7585423177197,100.0,1732.0666073709226,1517.651766947396,38.0973218198123,4.5637944714167915,0,49,70,DI Cibuyutan Utara,FL,11,2020
1290.5,363.5608553431404,263.5608553431404,515.7554984214767,280.0,659.2066031976822,100.0,1654.0608553431405,1454.9621016191588,39.659898291569675,5.259744775501238,0,58,60,DI Cibuyutan Utara,FL,11,2021
1371.3,257.65649313663744,140.95649313663742,481.61180265253574,280.0,652.5764370003876,100.0,1628.9564931366374,1414.1882396529234,39.08750406698447,7.049013031615398,0,51,71,DI Cibuyutan Utara,FL,11,2022
851.1999999999998,544.2341554531798,345.05391770848286,612.9054660592124,280.0,312.7972856245133,100.0,1395.4341554531798,1205.7027516837256,28.498202107206534,-1.1901730069702365,1,68,35,DI Cibuyutan Utara,FL,11,2023
989.9999999999999,424.3562205417207,313.35290252711843,545.1508373280092,280.0,403.84490368695276,100.0,1414.3562205417206,1228.9957410149618,35.702018216942264,-3.6033180146022046,1,60,51,DI Cibuyutan Utara,FL,11,2024
1424.7,370.38763046677605,344.6394910821838,525.4817419009321,192.0,893.325711165335,0.0,1795.087630466776,1610.807453066267,30.021792588369358,-3.4306417103372833,2,31,62,DI Cibuyutan Utara,SRI,11,2015
1752.9,100.65581340306647,100.65581340306649,438.76681866028457,192.0,1016.1788655875666,0.0,1853.5558134030666,1646.9456842478512,31.33510159035932,5.192256749182631,0,15,77,DI Cibuyutan Utara,SRI,11,2016
973.9,227.11883148869254,211.88739977671594,464.43215560340707,191.03999999999996,353.20878160343,0.0,1201.0188314886925,1008.680937206837,24.906936372440526,-8.334807837088883,7,25,43,DI Cibuyutan Utara,SRI,11,2017
1316.3,311.9893735996142,311.98937359961417,511.84662417662645,192.0,732.3265221642203,0.0,1628.2893735996142,1436.1731463408466,28.594831786538812,-3.98937574109918,4,30,55,DI Cibuyutan Utara,SRI,11,2018
1269.6,364.4396007335817,340.1002821200324,558.5748336955473,191.51999999999998,698.4833906112076,0.0,1634.0396007335817,1448.578224306755,27.429188569702184,-7.5255895997122675,5,32,66,DI Cibuyutan Utara,SRI,11,2019
1490.8,141.2666073709226,141.26660737092263,441.43079763322453,192.0,794.2209693141714,0.0,1632.0666073709226,1427.651766947396,31.168681455761796,10.424548981600786,0,19,76,DI Cibuyutan Utara,SRI,11,2020
1290.5,263.5608553431404,263.5608553431404,498.88059616404746,192.0,667.2704930039106,0.0,1554.0608553431405,1358.1510891679582,31.007454426815794,6.087866114357662,0,28,59,DI Cibuyutan Utara,SRI,11,2021
1371.3,151.7930854101552,140.95649313663742,465.20098825910577,192.0,661.1238436673352,0.0,1523.0930854101553,1318.324831926441,29.826258110926872,-2.3365922735177787,1,21,72,DI Cibuyutan Utara,SRI,11,2022
851.1999999999998,378.34811250691934,345.05391770848286,593.6338517834486,188.16,267.17962386728504,0.0,1229.548112506919,1048.9734756507337,18.085986079841838,-28.411158809432923,16,33,32,DI Cibuyutan Utara,SRI,11,2023
989.9999999999999,313.35290252711843,313.35290252711843,528.9617401890124,191.51999999999998,397.18758703658864,0.0,1303.3529025271182,1117.6693272256011,28.246510969660413,-5.8551195461016015,3,29,51,DI Cibuyutan Utara,SRI,11,2024
1910.5,299.37700969510445,199.37700969510448,486.7998819726582,280.0,1234.2293128938588,100.0,2209.8770096951043,2001.0291948665172,39.76047631397621,8.18096477642847,0,56,78,DI Cibuyutan Utara,FL,12,2015
1705.9,173.6336227166031,73.63362271660309,469.5305644562099,280.0,916.4486745795575,100.0,1879.533622716603,1665.9792390357675,42.21271332220672,15.865740491092442,0,45,81,DI Cibuyutan Utara,FL,12,2016
1157.4,317.2742250165344,160.98543199868996,473.4473834448904,280.0,509.3173314555304,100.0,1474.6742250165344,1262.7647149004208,35.70993672628609,4.475918811825784,0,55,53,DI Cibuyutan Utara,FL,12,2017
1515.8999999999999,293.0323326596646,174.13233265966457,494.48617258480505,280.0,828.0239704844035,100.0,1808.9323326596646,1602.5101430692084,40.65188367133225,10.339395656154878,0,54,70,DI Cibuyutan Utara,FL,12,2018
1602.8000000000002,357.2491592570072,257.2491592570071,522.9110352062849,280.0,953.2095819966662,100.0,1960.0491592570074,1756.120617202951,41.107987899210336,6.63893634184965,0,57,74,DI Cibuyutan Utara,FL,12,2019
1470.1,238.01210801507722,138.01210801507716,454.4220630360603,280.0,760.4625894022051,100.0,1708.1121080150772,1494.8846524382654,41.2471257661424,11.818005212008622,0,53,72,DI Cibuyutan Utara,FL,12,2020
1485.6,184.11037028347272,84.1103702834727,493.2009803197016,280.0,679.3916889042684,100.0,1669.7103702834727,1452.59266922397,40.76920771380512,15.912073154895706,0,47,69,DI Cibuyutan Utara,FL,12,2021
1320.9,223.42882758005152,123.42882758005153,483.8302395236259,280.0,589.5483232651987,100.0,1544.3288275800517,1353.3785627888246,40.60617928726227,11.19968781462758,0,48,73,DI Cibuyutan Utara,FL,12,2022
1083.2,406.2129601172981,240.72241303540878,567.9711213218623,280.0,455.3534425849458,100.0,1489.412960117298,1303.3245639068082,33.36924381037739,4.783756844005909,0,62,49,DI Cibuyutan Utara,FL,12,2023
1199.7999999999997,199.60682824809726,99.60682824809729,510.822648620634,280.0,401.97419071133805,100.0,1399.406828248097,1192.796839331972,41.281950918654616,6.120392828539032,0,48,69,DI Cibuyutan Utara,FL,12,2024
1910.5,199.37700969510445,199.37700969510448,471.17300018641816,192.0,1247.4208012780305,0.0,2109.8770096951043,1910.5938014644487,31.191663640441895,9.852440372701455,0,26,77,DI Cibuyutan Utara,SRI,12,2015
1705.9,73.63362271660307,73.63362271660309,453.71626281652686,192.0,928.5947259666228,0.0,1779.533622716603,1574.3109887831497,32.12266740481819,16.69479256543806,0,15,78,DI Cibuyutan Utara,SRI,12,2016
1157.4,187.17582050803406,160.98543199868996,457.39612321033206,192.0,491.4473566252773,0.0,1344.5758205080342,1140.8434798356093,25.67471088599852,-4.321418745211734,4,23,55,DI Cibuyutan Utara,SRI,12,2017
1515.8999999999999,185.6118957185982,174.13233265966457,477.75355079558574,192.0,830.7682957289433,0.0,1701.511895718598,1500.5218465245289,31.40215295513216,-3.679563058933621,1,24,71,DI Cibuyutan Utara,SRI,12,2018
1602.8000000000002,257.24915925700714,257.2491592570071,506.5780293175549,192.0,967.542587885396,0.0,1860.0491592570074,1666.1206172029508,32.49916056710766,7.478154793910544,0,27,80,DI Cibuyutan Utara,SRI,12,2019
1470.1,138.01210801507716,138.01210801507716,440.0709706028157,192.0,772.0687161320607,0.0,1608.112108015077,1404.1396867348762,32.76619131450064,12.648520011889726,0,23,72,DI Cibuyutan Utara,SRI,12,2020
1485.6,84.1103702834727,84.1103702834727,476.3836947279193,192.0,694.2089744960508,0.0,1569.7103702834727,1362.59266922397,31.364651818371186,18.257606718094095,0,17,74,DI Cibuyutan Utara,SRI,12,2021
1320.9,123.42882758005152,123.42882758005153,468.5034578926526,192.0,593.6157029817687,0.0,1444.3288275800517,1254.1191608744211,30.493909896670928,7.104452692583513,0,18,71,DI Cibuyutan Utara,SRI,12,2022
1083.2,262.0986733144941,240.72241303540878,549.4592036992786,190.56,423.6391972587658,0.0,1345.2986733144942,1163.6584009580445,25.879906073168208,-13.66733041475062,6,29,46,DI Cibuyutan Utara,SRI,12,2023
1199.7999999999997,99.60682824809729,99.60682824809729,493.95139282831246,191.51999999999998,414.3579701565999,0.0,1299.406828248097,1099.8293629849122,29.362341433832732,-5.239222241631854,2,18,66,DI Cibuyutan Utara,SRI,12,2024
2166.1000000000004,227.3274018259017,127.3274018259017,466.25647476708525,280.0,1434.2804064681548,100.0,2393.427401825902,2180.53688123524,42.859069175755344,27.68613212447997,0,47,93,DI Parigi,FL,1,2016
1380.2999999999997,230.55393657450105,105.19388266105395,474.9441878976512,280.0,666.4902087177638,100.0,1610.8539365745007,1421.4343966154152,33.42124696359951,1.315305249831063,0,46,61,DI Parigi,FL,1,2017
985.9999999999999,391.2851249978337,223.50484924144902,490.69144013312973,280.0,425.8635520730429,100.0,1377.2851249978335,1196.5549922061728,32.317814871916454,-5.694565569013639,8,60,43,DI Parigi,FL,1,2018
1552.1000000000001,252.5186162177995,152.5186162177995,489.00931649038836,280.0,823.4179557046848,100.0,1804.6186162177996,1592.427272195073,41.43203727559118,7.68703896192844,0,49,74,DI Parigi,FL,1,2019
1786.4,214.73789374229176,114.73789374229173,496.2974229723581,280.0,1015.8717645466826,100.0,2001.137893742292,1792.1691875190409,41.82601575999529,16.44541596219897,0,49,88,DI Parigi,FL,1,2020
1395.0,204.2866844777198,88.98668447771982,452.4190842435835,280.0,672.3149489584291,100.0,1599.2866844777197,1404.7340332020126,39.29008212129606,12.934810160936971,0,44,69,DI Parigi,FL,1,2021
1256.6,240.61554552498467,111.37134302010749,507.07707282090576,280.0,494.3711913072692,100.0,1497.2155455249845,1281.448264128175,39.64646463911642,4.055797495122846,0,50,65,DI Parigi,FL,1,2022
1259.1,206.93376118932525,95.53376118932526,492.0151766050845,280.0,488.1429567870531,100.0,1466.033761189325,1260.1581333921376,35.97746073042303,3.3787035622675425,0,49,56,DI Parigi,FL,1,2023
1076.1,331.25519140089233,231.2551914008923,557.3789591740906,280.0,397.87534911315316,100.0,1407.3551914008922,1235.2543082872437,33.52152206630114,1.8059754385003028,0,54,43,DI Parigi,FL,1,2024
2166.1000000000004,127.32740182590172,127.3274018259017,450.7144320370953,192.0,1446.150959180082,0.0,2293.427401825902,2088.8653912171776,33.110813789108114,12.062252079788589,0,17,97,DI Parigi,SRI,1,2016
1380.2999999999997,118.8780944565461,105.19388266105395,458.6903252234998,192.0,656.3094944944698,0.0,1499.1780944565458,1306.9998197179698,25.9330991195596,-4.284211795492174,2,15,60,DI Parigi,SRI,1,2017
985.9999999999999,234.60215674847512,223.50484924144902,474.08875986770533,186.71999999999997,403.5715396764294,0.0,1220.602156748475,1064.3802995441347,24.302259482451113,-23.109849651847732,13,26,43,DI Parigi,SRI,1,2018
1552.1000000000001,152.5186162177995,152.5186162177995,472.57550256393995,192.0,837.0197162345517,0.0,1704.6186162177996,1501.5952187984917,32.48890610737013,8.513899962305386,0,19,74,DI Parigi,SRI,1,2019
1786.4,114.73789374229175,114.73789374229173,480.07225591442136,192.0,1029.2573218433579,0.0,1901.137893742292,1701.3295777577791,32.60737125415655,18.918233625939575,0,19,88,DI Parigi,SRI,1,2020
1395.0,88.98668447771982,88.98668447771982,437.056308049937,192.0,660.3873639211358,0.0,1483.9866844777198,1289.443671971073,30.278553060805002,-0.713059246597056,1,13,69,DI Parigi,SRI,1,2021
1256.6,122.94628409300701,111.37134302010749,489.8335901129467,192.0,491.94541258325074,0.0,1379.546284093007,1173.7790026961975,30.016687384653768,-1.9749410728995036,3,19,64,DI Parigi,SRI,1,2022
1259.1,95.53376118932525,95.53376118932526,475.77649767521643,192.0,486.80500458687624,0.0,1354.6337611893252,1154.5815022620927,26.631108690056998,-1.5610936145159613,1,18,47,DI Parigi,SRI,1,2023
1076.1,231.25519140089233,231.2551914008923,539.1048197819113,192.0,389.40449590288335,0.0,1307.3551914008922,1120.5093156847947,29.3070514704737,5.924282296924153,0,24,47,DI Parigi,SRI,1,2024
1938.6999999999998,200.988757634771,63.501988469201514,465.6794220630551,280.0,1213.530425580112,100.0,2139.688757634771,1959.209847643167,39.589431309538405,-3.77894592063117,3,44,103,DI Parigi,FL,2,2015
1871.6,231.5843075938758,131.58430759387582,468.46163186414464,280.0,1169.8379637084363,100.0,2103.184307593876,1918.299595572581,41.694929248789116,11.54592960481731,0,47,83,DI Parigi,FL,2,2016
1040.7,283.95378027016886,140.7536645654213,479.40809832514196,280.0,387.9840429393096,100.0,1324.653780270169,1147.3921412644515,31.11061957581152,-5.951557809098667,4,54,37,DI Parigi,FL,2,2017
916.5000000000001,369.39309605956373,162.0418942087724,493.93166443884,280.0,326.0423165520846,100.0,1285.893096059564,1099.9739809909247,27.075867209157412,-2.664815815384144,8,61,35,DI Parigi,FL,2,2018
1344.5,229.38983801402782,116.99168281502546,487.3854826827346,280.0,626.1996113660055,100.0,1573.8898380140279,1393.58509404874,37.555448226977745,-3.6981551990023376,2,50,63,DI Parigi,FL,2,2019
1639.6,216.01221534409018,116.01221534409018,480.6929126335242,280.0,887.2417692580957,100.0,1855.6122153440901,1647.93468189162,40.116914554641575,5.264708099194206,0,47,77,DI Parigi,FL,2,2020
1108.6999999999998,307.73997393712693,116.44316519616173,469.72635080041044,280.0,449.5343194548775,100.0,1416.4399739371268,1199.260670255288,31.615095118072507,-4.671248155941483,7,56,49,DI Parigi,FL,2,2021
1066.6999999999998,296.38918049698646,168.84827059292073,509.5075876667509,280.0,385.7241372600864,100.0,1363.0891804969863,1175.2317249268372,34.58738612716284,-4.657278710557765,6,54,49,DI Parigi,FL,2,2022
1212.6999999999998,284.7337011510171,159.2585968556666,500.26571874354636,280.0,545.6421532525458,100.0,1497.433701151017,1325.9078719960921,37.18567500480408,-1.5305888856217615,1,54,57,DI Parigi,FL,2,2023
1029.0,307.0968588023013,136.63133713470194,539.2383507123104,280.0,341.11422863522114,100.0,1336.0968588023013,1160.3525793475314,33.526369769262566,-4.065304153227806,7,53,48,DI Parigi,FL,2,2024
1938.6999999999998,63.501988469201514,63.501988469201514,450.1696897122033,189.11999999999998,1212.852284117654,0.0,2002.2019884692013,1852.1419738298573,29.764625954756834,-26.5588765841864,8,11,104,DI Parigi,SRI,2,2015
1871.6,131.58430759387582,131.58430759387582,452.6685465265024,192.0,1176.138153137553,0.0,2003.1843075938757,1820.8066996640555,32.72037264633084,9.038825513342863,0,17,93,DI Parigi,SRI,2,2016
1040.7,170.8775152080893,140.7536645654213,462.7445997327537,188.15999999999997,386.3717546081566,0.0,1211.5775152080894,1037.2763543409103,23.986456084216428,-30.123850642667996,9,22,37,DI Parigi,SRI,2,2017
916.5000000000001,223.3296935172345,162.0418942087724,476.52543994285156,174.71999999999997,319.09430768716754,0.0,1139.8296935172345,970.3397476300191,13.436913901588609,-31.258453746058724,39,24,34,DI Parigi,SRI,2,2018
1344.5,116.99168281502548,116.99168281502546,470.99750212996014,192.0,625.5958515175546,0.0,1461.4916828150256,1288.5933536475147,29.99078659859403,-2.7410017274370864,1,19,61,DI Parigi,SRI,2,2019
1639.6,116.01221534409018,116.01221534409018,464.31105787182184,192.0,896.408415199221,0.0,1755.6122153440901,1552.719473071043,31.67046699046545,6.095750593261591,0,17,77,DI Parigi,SRI,2,2020
1108.6999999999998,146.60534477536194,116.44316519616173,452.9912282341612,183.36,412.86786356288746,0.0,1255.3053447753618,1049.2190917970488,20.19110109502797,-31.962179579200214,22,19,44,DI Parigi,SRI,2,2021
1066.6999999999998,168.84827059292076,168.84827059292073,492.22165063544924,191.51999999999998,363.17931849247174,0.0,1235.5482705929205,1046.920969127921,26.714202248004288,-5.542293793815126,6,22,51,DI Parigi,SRI,2,2022
1212.6999999999998,170.59731397977606,159.2585968556666,482.8000761098153,192.0,538.6282602494584,0.0,1383.297313979776,1213.4283363592738,26.25687048003832,-3.1874404200444113,3,23,52,DI Parigi,SRI,2,2023
1029.0,168.9067101421187,136.63133713470194,521.0079265062952,185.27999999999997,324.55914207068315,0.0,1197.9067101421188,1030.8470685769785,23.25817569501402,-32.275373007416775,15,18,42,DI Parigi,SRI,2,2024
1598.3999999999999,261.76402145774483,55.369707399891205,466.3964323539139,280.0,933.839755406372,100.0,1860.1640214577446,1680.236187760286,32.79533507851249,-2.851716624793592,6,51,83,DI Parigi,FL,3,2015
1717.6999999999998,163.35111547103338,37.121588561367844,448.9628606025491,280.0,957.1085885630368,100.0,1881.0511154710332,1686.0714491655858,36.49693900471298,-3.229526909665534,1,37,78,DI Parigi,FL,3,2016
840.0,359.4350168887304,141.86956479122955,481.127439452282,280.0,255.5381845831592,100.0,1199.4350168887304,1016.6656240354412,28.001297213405007,-4.3821959211307995,9,66,25,DI Parigi,FL,3,2017
719.3,386.252244563149,111.10912655323715,508.66669931963963,280.0,143.23488183115433,100.0,1105.552244563149,931.901581150794,20.935599219870205,-3.823905415636137,14,63,17,DI Parigi,FL,3,2018
1070.1000000000001,351.6959348373174,129.1328276904117,489.6275546285021,280.0,480.8009311698871,100.0,1421.7959348373174,1250.4284857983894,31.366025530781723,-5.588372362171867,11,62,44,DI Parigi,FL,3,2019
1446.1000000000001,134.2794467833843,34.279446783384266,463.7613788106688,280.0,634.9281108277333,100.0,1580.3794467833845,1378.6894896384022,39.61889281343957,20.83525048008119,0,41,65,DI Parigi,FL,3,2020
1053.3999999999999,283.4663287063761,147.90341634238683,478.9148802550872,280.0,358.01879879758496,100.0,1336.866328706376,1116.9336790526722,31.688556073350203,-2.7241182106198534,1,55,36,DI Parigi,FL,3,2021
997.8000000000001,266.0086173778595,151.00861737785942,492.0519106548361,280.0,281.57447668426107,100.0,1263.8086173778595,1053.6263873390972,38.81879918166836,4.0067743135578215,0,53,41,DI Parigi,FL,3,2022
1046.6000000000001,338.6782322423018,133.0152354537409,489.71095654495883,280.0,418.62221650555716,100.0,1385.278232242302,1188.333173050516,29.067422259362047,-4.007612987725855,7,59,43,DI Parigi,FL,3,2023
824.4000000000001,310.2658655958828,140.6902157210204,527.8930432590562,280.0,157.3265452596159,100.0,1134.665865595883,965.219588518672,26.500394258273772,-1.8285952637182277,9,61,24,DI Parigi,FL,3,2024
1598.3999999999999,116.59861507015708,55.369707399891205,450.7207770396517,176.16,937.9646204352213,0.0,1714.998615070157,1564.845397474873,17.976559751655163,-30.845778712698444,36,11,79,DI Parigi,SRI,3,2015
1717.6999999999998,37.12158856136785,37.121588561367844,433.5583817498792,192.0,933.9405003997083,0.0,1754.8215885613677,1559.4988821495874,29.422123106753165,0.8233539660109557,0,5,81,DI Parigi,SRI,3,2016
840.0,202.06142381599312,141.86956479122955,464.6822723976819,181.44,248.81736326379274,0.0,1042.061423815993,894.9396356614745,15.614944095144908,-30.731958159895182,26,25,22,DI Parigi,SRI,3,2017
719.3,270.46442326753555,111.10912655323715,491.26363049673284,169.43999999999997,158.19700092010845,0.0,989.7644232675354,818.9006314168412,3.5769737356961717,-33.85462927555155,54,22,20,DI Parigi,SRI,3,2018
1070.1000000000001,223.4871166283972,129.1328276904117,473.2134726232416,178.56,477.8165558569878,0.0,1293.5871166283973,1129.5900284802294,18.778952542638027,-32.31163148195934,29,24,44,DI Parigi,SRI,3,2019
1446.1000000000001,34.279446783384266,34.279446783384266,447.8924849730433,192.0,642.1482888333333,0.0,1480.3794467833843,1282.0407738063766,30.772377625724165,10.62932015112487,0,11,69,DI Parigi,SRI,3,2020
1053.3999999999999,189.90085329828727,147.90341634238683,462.19264060560374,187.67999999999998,383.3212825472283,0.0,1243.3008532982872,1033.193923152832,21.72160176205333,-28.161900463522343,17,24,36,DI Parigi,SRI,3,2021
997.8000000000001,151.00861737785945,151.00861737785942,475.142898907062,192.0,279.826669596471,0.0,1148.8086173778595,946.969568503533,26.488563091175042,-4.93148045162638,4,22,45,DI Parigi,SRI,3,2022
1046.6000000000001,195.78700459017927,133.0152354537409,472.47496162062805,180.95999999999998,397.9293868109836,0.0,1242.3870045901795,1051.3643484316117,17.529676463190846,-32.48689689429237,26,20,39,DI Parigi,SRI,3,2023
824.4000000000001,172.64671231781008,140.6902157210204,509.95578366972575,175.67999999999998,172.3732982620832,0.0,997.0467123178101,858.0090819318089,13.074324246240026,-33.50492673853378,37,24,26,DI Parigi,SRI,3,2024
1026.6000000000001,350.9357128106956,64.87453789185332,468.9211489992202,280.0,451.80043081425305,100.0,1377.5357128106957,1200.7215798134732,23.879024027462446,-5.019906872350386,10,69,38,DI Parigi,FL,4,2015
1204.3,233.0708913944103,80.6023442300871,455.2039701472802,280.0,493.48905650573624,100.0,1437.3708913944101,1228.6930266530164,34.40717875728684,-4.2701119837744255,4,46,51,DI Parigi,FL,4,2016
572.9,457.2126184346291,179.5635457102978,478.0747877968439,280.0,99.30144147400182,100.0,1030.112618434629,857.3762292708457,14.772334621237059,-5.350148929021193,11,74,6,DI Parigi,FL,4,2017
400.9,589.7820537864106,193.28987768081998,503.0003656887916,280.0,36.691966442022164,100.0,990.6820537864106,819.6923321308137,7.985966966316697,-2.8630395112019453,10,77,7,DI Parigi,FL,4,2018
576.5,512.3897413314425,165.12241663585604,491.82652918910856,280.0,144.57322277034635,100.0,1088.8897413314426,916.3997519594549,23.155131909946874,-4.833027429644554,11,83,26,DI Parigi,FL,4,2019
1046.7,305.35216825431746,134.96564060837915,463.36046919576074,280.0,434.05351110924414,100.0,1352.0521682543176,1177.4139803050048,33.045788732840364,-5.112978142761154,8,55,46,DI Parigi,FL,4,2020
898.9,328.38458133777124,120.66038279736416,481.4124403951405,280.0,294.85203913719306,100.0,1227.2845813377712,1056.2644795323336,23.18031203973623,-4.886544333043818,5,56,34,DI Parigi,FL,4,2021
864.3000000000001,261.07082111018553,122.77004756796786,484.75087490170347,280.0,184.08101055755446,100.0,1125.3708211101857,948.8318854592579,30.02296410487802,-4.126697794917726,5,53,29,DI Parigi,FL,4,2022
837.5999999999999,387.9074344076537,159.3240732982182,504.996490581205,280.0,270.91015404834354,100.0,1225.5074344076536,1055.9066446295487,23.044155972342704,-1.158340268939698,5,64,24,DI Parigi,FL,4,2023
661.0,362.90915094414004,158.36895577354437,513.0167799151869,280.0,56.03119966613327,100.0,1023.90915094414,849.0479795813202,17.677027944549824,-2.316357227115742,4,65,10,DI Parigi,FL,4,2024
1026.6000000000001,223.9546977718217,64.87453789185332,452.9103081461092,167.99999999999997,477.85363424654247,0.0,1250.5546977718218,1098.7639423926516,5.730775253335864,-30.94688920089808,57,21,41,DI Parigi,SRI,4,2015
1204.3,80.6023442300871,80.6023442300871,440.2711996407197,183.36,478.2240122670438,0.0,1284.902344230087,1101.8552119077635,19.307313957146256,-32.57817068380261,19,11,47,DI Parigi,SRI,4,2016
572.9,336.01107654549696,179.5635457102978,462.3219043765379,167.03999999999996,110.74572782592551,0.0,908.9110765454969,740.1076322024634,3.4880893823186048,-33.371184660878455,62,29,11,DI Parigi,SRI,4,2017
400.9,420.055793923,193.28987768081998,486.5019917856232,159.83999999999997,36.691966442022164,0.0,820.955793923,683.0339582276453,-7.892449805798576,-34.55658167318328,81,32,7,DI Parigi,SRI,4,2018
576.5,358.7243430311871,165.12241663585604,475.14438595468624,168.47999999999996,142.97343873498892,0.0,935.2243430311871,786.5978246896751,7.70596986093833,-34.58636837001126,54,33,23,DI Parigi,SRI,4,2019
1046.7,146.26168255437503,134.96564060837915,448.4244978031397,184.32,415.6458128931112,0.0,1192.961682554375,1048.390310696251,22.175134636457543,-29.894164163954702,19,21,43,DI Parigi,SRI,4,2020
898.9,162.2620362534864,120.66038279736416,465.49934610455875,179.51999999999998,273.19967419201873,0.0,1061.1620362534863,918.2190202965775,8.497911995770568,-32.77000377405133,43,21,29,DI Parigi,SRI,4,2021
864.3000000000001,122.77004756796788,122.77004756796786,469.0926342629284,187.2,168.65019659097976,0.0,987.070047567968,824.9428308539082,21.03876808047329,-21.192162221688587,14,20,32,DI Parigi,SRI,4,2022
837.5999999999999,262.5754038559279,159.3240732982182,488.6203293028087,177.59999999999997,271.95752423408817,0.0,1100.175403855928,938.1778535368969,11.640717251047224,-32.51565445501086,37,25,30,DI Parigi,SRI,4,2023
661.0,232.8716319510711,158.36895577354437,496.063048514142,170.87999999999997,82.47486900395546,0.0,893.8716319510711,749.4179175180975,3.9802081157428595,-26.420473413351854,51,27,14,DI Parigi,SRI,4,2024
626.4,524.0972557253151,60.51713881718497,488.0644362972336,280.0,199.4380441262896,100.0,1150.497255725315,967.5024804235233,10.81876877361909,-5.251057694814367,9,82,17,DI Parigi,FL,5,2015
862.8,262.3936001247567,111.53270284812965,451.02987361844635,280.0,207.05045744859808,100.0,1125.1936001247566,938.0803310670444,27.244896737564126,-5.357375808302246,6,55,26,DI Parigi,FL,5,2016
350.5,597.1597431878331,180.56017033433272,475.7625330001416,280.0,17.267361880700918,100.0,947.6597431878331,773.0298948808426,10.339498323934835,-4.174841581076128,9,87,4,DI Parigi,FL,5,2017
214.1,750.5339776980766,227.3094076743077,511.0764327826635,280.0,4.04979605137636,100.0,964.6339776980766,795.1262288340398,7.6833316492562735,-4.482405443763689,10,96,1,DI Parigi,FL,5,2018
383.5,665.0659354753666,126.88041560014065,514.2655388582481,280.0,75.1304188756409,100.0,1048.5659354753666,869.395957733889,7.346485000635263,-2.9204152789611895,10,91,9,DI Parigi,FL,5,2019
800.3,366.46064466696134,134.29479115102478,463.5670125127692,280.0,226.77163278605676,100.0,1166.7606446669613,970.338645298826,23.28888799605367,-3.7442131640658896,7,62,23,DI Parigi,FL,5,2020
680.8999999999999,507.66894689912374,241.39743532377835,485.6469747033368,280.0,254.0213064221674,100.0,1188.5689468991236,1019.6682811255042,24.502362716526854,-5.371317191951456,11,74,23,DI Parigi,FL,5,2021
603.0,419.4365590402324,162.11673026980216,486.114005387116,280.0,87.8688071931229,100.0,1022.4365590402324,853.9828125802389,18.402134744387098,-5.431368282597508,11,69,15,DI Parigi,FL,5,2022
586.4,516.0318134092155,177.5008973666958,504.6710012282784,280.0,148.75525192940992,100.0,1102.4318134092155,933.4262531576883,17.775472068072247,-5.482760612259307,13,73,18,DI Parigi,FL,5,2023
448.20000000000005,578.0989669245761,178.69462656224638,518.5247615334151,280.0,59.489382154301424,100.0,1026.2989669245762,858.0141436877166,11.930248584349616,-3.2961556111130133,11,86,7,DI Parigi,FL,5,2024
626.4,353.7345836671111,60.51713881718497,471.3144398445491,158.87999999999997,199.4380441262896,0.0,980.1345836671111,829.6324839708386,-9.23538407534992,-33.97981668121527,82,24,17,DI Parigi,SRI,5,2015
862.8,111.53270284812963,111.53270284812965,436.3790482572967,180.95999999999998,185.98301799613483,0.0,974.3327028481295,803.3220662534316,14.691090681531202,-22.62601417192817,32,21,20,DI Parigi,SRI,5,2016
350.5,437.3751706104882,180.56017033433272,460.3431579872035,161.27999999999997,17.267361880700918,0.0,787.8751706104882,638.8905198679045,-8.482699394403186,-33.74279752149175,84,37,4,DI Parigi,SRI,5,2017
214.1,599.0450346382114,227.3094076743077,494.42200603962436,162.71999999999997,4.04979605137636,0.0,813.1450346382114,661.1918020910007,-8.685936740378905,-33.90554753325055,80,44,1,DI Parigi,SRI,5,2018
383.5,501.67645374766175,126.88041560014065,496.74023364592546,157.92,75.1304188756409,0.0,885.1764537476618,729.7906525215664,-10.6420623839013,-33.89194558192796,88,34,9,DI Parigi,SRI,5,2019
800.3,238.9711729277663,134.29479115102478,448.4076765419222,174.72,230.0992709697765,0.0,1039.2711729277662,853.2269475116988,11.312457112742257,-31.864781051223893,44,22,27,DI Parigi,SRI,5,2020
680.8999999999999,360.02337400557064,241.39743532377835,469.8820153011643,177.6,249.63736510634848,0.0,1040.9233740055706,897.1193804075128,9.486582729410024,-31.624088152641313,45,34,23,DI Parigi,SRI,5,2021
603.0,258.33375123016225,162.11673026980216,470.5976170582646,174.23999999999998,67.72567128469467,0.0,861.3337512301623,712.5632883429591,6.645760555970569,-32.18304080860874,47,30,16,DI Parigi,SRI,5,2022
586.4,390.955153664649,177.5008973666958,488.4095326011719,167.03999999999996,160.26827216861244,0.0,977.3551536646489,815.7178047697844,0.9719923821554731,-32.86401097994393,59,29,16,DI Parigi,SRI,5,2023
448.20000000000005,418.28233378901575,178.69462656224638,501.8681898752321,164.64,33.91041669944098,0.0,866.4823337890158,700.418606574673,-4.8107532115900655,-32.069537385035964,69,36,5,DI Parigi,SRI,5,2024
148.10000000000002,841.0926325554535,285.06472069891504,527.7869071525904,280.0,3.620306946008995,100.0,989.1926325554535,811.4072140985994,7.987587787391879,-3.9216546597556805,11,105,1,DI Parigi,FL,6,2015
825.3999999999999,358.8441427964667,168.00983182959075,458.778917844254,280.0,230.05979693764914,100.0,1184.2441427964666,968.8387147819031,19.73188275297278,-0.15820614573808456,1,60,21,DI Parigi,FL,6,2016
180.3,777.1881595161223,296.31561744792725,504.08351460353754,280.0,0.0,100.0,957.4881595161223,784.0835146035375,9.299128632561148,-3.596644208354368,11,98,0,DI Parigi,FL,6,2017
110.69999999999999,872.7680331028532,308.45460158544074,532.1489103480997,280.0,0.0,100.0,983.4680331028533,812.1489103480997,7.291929836429555,-4.935265870436953,10,104,0,DI Parigi,FL,6,2018
98.8,914.9759366812842,273.77269694633947,556.485590981538,280.0,0.0,100.0,1013.7759366812842,836.485590981538,6.847646884400588,-4.845596510155714,11,109,0,DI Parigi,FL,6,2019
483.0,513.7965698837329,192.3791351620241,487.9464014065422,280.0,46.24481063668003,100.0,996.7965698837329,814.1912120432223,17.623713397384705,-5.471399682549757,10,77,7,DI Parigi,FL,6,2020
651.2,498.7515115118091,239.09481442088446,486.7258446254593,280.0,204.2211970370172,100.0,1149.9515115118093,970.9470416624765,19.459638405237456,-4.995568252095643,11,72,17,DI Parigi,FL,6,2021
517.2,472.7390684483175,237.41397509848935,491.14935556050864,280.0,30.09291003421435,100.0,989.9390684483176,801.242265594723,19.326265340567673,-5.778648425948635,6,73,3,DI Parigi,FL,6,2022
325.29999999999995,730.4010681062643,237.87483294502636,526.503379583688,280.0,70.05471144376229,100.0,1055.7010681062643,876.5580910274502,10.89264333913342,-3.8772160746575226,11,91,11,DI Parigi,FL,6,2023
319.1,708.4016865773442,281.73900973993136,542.1248160290526,280.0,38.95853719963098,100.0,1027.5016865773441,861.0833532286836,11.745130720145612,-6.25232769036397,7,91,7,DI Parigi,FL,6,2024
148.10000000000002,688.7484398666911,285.06472069891504,509.76277461981306,159.35999999999999,3.620306946008995,0.0,836.8484398666911,672.7430815658221,-9.742006228230343,-33.703108062795486,86,44,1,DI Parigi,SRI,6,2015
825.3999999999999,223.66827770002394,168.00983182959075,443.09383208411526,175.2,224.53560036231306,0.0,1049.0682777000238,842.8294324464283,5.5537173543369445,-23.578093426605705,46,26,20,DI Parigi,SRI,6,2016
180.3,632.4609171865236,296.31561744792725,487.3543043467814,159.35999999999999,0.0,0.0,812.7609171865236,646.7143043467814,-7.96832025153274,-34.90018011391885,83,43,0,DI Parigi,SRI,6,2017
110.69999999999999,710.020164204104,308.45460158544074,514.2167937259052,158.88,0.0,0.0,820.7201642041041,673.0967937259052,-9.682320353166983,-32.685972204756666,89,46,0,DI Parigi,SRI,6,2018
98.8,743.9495086615877,273.77269694633947,537.4196341963374,156.95999999999998,0.0,0.0,842.7495086615877,694.3796341963373,-10.778400919865636,-35.24829909550966,89,49,0,DI Parigi,SRI,6,2019
483.0,383.32545525660106,192.3791351620241,471.3022160391532,166.07999999999998,59.80725044544393,0.0,866.3254552566011,697.1894664845972,0.6082215112694829,-34.30320960262499,60,32,8,DI Parigi,SRI,6,2020
651.2,373.2978023618582,239.09481442088446,470.314694621127,165.59999999999997,229.0077769575025,0.0,1024.4978023618582,864.9224715786295,2.0362210123628257,-28.809066509251604,66,31,18,DI Parigi,SRI,6,2021
517.2,363.53946838819104,237.41397509848935,474.3858959630801,172.32,48.63555707365999,0.0,880.7394683881911,695.3414530367402,5.771654730503957,-31.089360009197726,56,32,8,DI Parigi,SRI,6,2022
325.29999999999995,569.9089179381385,237.87483294502636,508.6677130253876,162.71999999999997,58.22250997675921,0.0,895.2089179381385,729.6102230021468,-4.466213515065597,-32.99799503266506,71,36,7,DI Parigi,SRI,6,2023
319.1,535.4429859635661,281.73900973993136,523.6977123263222,161.28,11.844767808263352,0.0,854.5429859635661,696.8224801345855,-5.107703140747244,-30.19502862670593,78,37,4,DI Parigi,SRI,6,2024
129.5,894.9904347725866,308.1621265308517,569.5182722784266,280.0,4.159620022963976,100.0,1024.4904347725865,853.6778923013906,6.87544431971272,-6.709301201891547,10,103,1,DI Parigi,FL,7,2015
1211.6000000000001,403.67649379782284,258.7986486261885,454.5668961173529,280.0,671.7938380852254,100.0,1615.276493797823,1406.3607342025782,33.784202911791546,6.627919750873286,0,63,39,DI Parigi,FL,7,2016
349.3,704.3321216647744,275.36239536893106,512.5610119262916,280.0,65.49000832631911,100.0,1053.6321216647743,858.0510202526107,15.361938751613474,-0.05545453869952155,1,90,5,DI Parigi,FL,7,2017
100.5,918.5366896903525,299.44101503244326,564.9021773359743,280.0,0.0,100.0,1019.0366896903525,844.9021773359743,6.732924448243585,-4.705040210831708,13,105,0,DI Parigi,FL,7,2018
65.5,987.5061374252459,339.0293835768081,603.2094984774751,280.0,0.0,100.0,1053.006137425246,883.2094984774751,6.325538777390088,-5.998013472672557,12,105,0,DI Parigi,FL,7,2019
480.0,541.480019073231,222.7970961855836,514.768742386153,280.0,51.72805291902611,100.0,1021.480019073231,846.4967953051791,13.690997087701207,-4.646241789076052,3,73,4,DI Parigi,FL,7,2020
533.9000000000001,517.9214645924034,187.3388122946882,508.81724272073336,280.0,88.21890561733188,100.0,1051.8214645924036,877.0361483380652,13.694815157658837,-6.697590901563354,9,75,8,DI Parigi,FL,7,2021
602.8,485.8406545639108,199.94994026789377,498.77054435561774,280.0,108.93852441821241,100.0,1088.6406545639106,887.7090687738302,16.714992784129443,-0.02663124210843648,1,75,12,DI Parigi,FL,7,2022
183.2,856.6342634390764,275.29088171888685,579.1065117808558,280.0,8.141634461129813,100.0,1039.8342634390765,867.2481462419856,8.454331325585995,-5.445648747915396,13,99,1,DI Parigi,FL,7,2023
333.5,725.6507084482867,264.5103370899418,570.9189996713334,280.0,36.677939689518176,100.0,1059.1507084482867,887.5969393608516,11.507385855149579,-4.723180062386513,11,88,5,DI Parigi,FL,7,2024
129.5,753.2908259633376,308.1621265308517,549.4408430099281,159.35999999999999,4.159620022963976,0.0,882.7908259633376,712.9604630328921,-10.215004644534773,-32.84333005351728,88,46,1,DI Parigi,SRI,7,2015
1211.6000000000001,280.4836594527898,258.7986486261885,438.59391857429625,189.12,662.9365375884238,0.0,1492.08365945279,1290.65045616272,18.70754819554389,-12.925187484484486,13,31,40,DI Parigi,SRI,7,2016
349.3,574.1052963918085,275.36239536893106,493.8047278917863,170.4,68.62253739936239,0.0,923.4052963918084,732.8272652911487,0.159998919521466,-29.38914253518437,60,42,7,DI Parigi,SRI,7,2017
100.5,744.1349252042738,299.44101503244326,545.0163817386829,156.48,0.0,0.0,844.6349252042738,701.4963817386829,-10.66342440870406,-35.61908460448552,90,48,0,DI Parigi,SRI,7,2018
65.5,818.4387076320578,339.0293835768081,581.5809982409103,156.47999999999996,0.0,0.0,883.9387076320578,738.0609982409103,-11.488259797613493,-35.292598060642796,91,48,0,DI Parigi,SRI,7,2019
480.0,414.8271895458233,222.7970961855836,496.04964578546543,172.32,51.72805291902611,0.0,894.8271895458233,720.0976987044916,-4.279199825344232,-29.35262232942248,67,34,4,DI Parigi,SRI,7,2020
533.9000000000001,365.31740781808526,187.3388122946882,491.32476783154414,171.35999999999999,77.38561552751624,0.0,899.2174078180853,740.0703833590604,-2.088611601711732,-31.204318381207678,61,33,7,DI Parigi,SRI,7,2021
602.8,331.5976590016382,199.94994026789377,480.81947497564295,175.67999999999998,82.78732626806917,0.0,934.3976590016382,739.286801243712,2.799486698018894,-29.237002458767428,46,34,9,DI Parigi,SRI,7,2022
183.2,685.7702071545621,275.29088171888685,558.3946712103898,156.95999999999998,8.141634461129813,0.0,868.9702071545621,723.4963056715196,-8.839966547404002,-34.13631695738657,88,43,1,DI Parigi,SRI,7,2023
333.5,548.382791719872,264.5103370899418,550.5448830805495,166.56,12.630268084977905,0.0,881.882791719872,729.7351511655276,-3.1921901013876135,-32.380672544651944,69,38,4,DI Parigi,SRI,7,2024
221.7,877.8340903617418,323.8217276263851,604.8951056539374,280.0,25.251710777482565,100.0,1099.5340903617418,910.14681643142,10.993262761683678,-6.118419196149016,4,100,4,DI Parigi,FL,8,2015
1518.2,378.371384663935,215.92233803743284,450.41131891176826,280.0,950.0351335555672,100.0,1896.571384663935,1680.4464524673353,34.91130469148571,4.665467933846603,0,61,57,DI Parigi,FL,8,2016
551.3000000000001,692.4470822630449,310.6689408217709,530.31603926879,280.0,222.5384656470953,100.0,1243.7470822630448,1032.8545049158852,19.400975641491094,-1.539270393367043,2,79,16,DI Parigi,FL,8,2017
281.50000000000006,835.3692369664254,343.89853625642814,576.5941795207401,280.0,64.09140651429087,100.0,1116.8692369664254,920.685586035031,10.456499287882336,-4.902344717222955,6,92,7,DI Parigi,FL,8,2018
152.39999999999998,948.9364216451572,339.2274806344946,640.9637179667986,280.0,6.815957189528341,100.0,1101.3364216451573,927.779675156327,7.758455391846262,-5.940063811863739,11,101,1,DI Parigi,FL,8,2019
658.1,550.4815355026474,290.18209217862335,524.7811632479288,280.0,186.94519944216836,100.0,1208.5815355026475,991.7263626900972,24.344082064346942,3.5749758471197133,0,68,24,DI Parigi,FL,8,2020
707.9000000000001,564.5271998011381,304.45572459903167,525.540683169785,280.0,252.51292615781225,100.0,1272.4271998011382,1058.0536093275973,21.39650387720487,-0.23789313719010519,1,73,22,DI Parigi,FL,8,2021
820.8999999999999,525.1609384060987,281.5789477543092,508.8991576131293,280.0,341.00717484785616,100.0,1346.0609384060986,1129.9063324609856,25.948786807363856,-0.09037871476964021,1,70,36,DI Parigi,FL,8,2022
206.5,899.3535380832232,298.64182868299247,627.6046299174683,280.0,26.310078390462692,100.0,1105.8535380832232,933.9147083079309,6.292628392016818,-6.403473618909041,9,101,1,DI Parigi,FL,8,2023
424.5,737.032518981431,306.94335678660786,600.9203344727636,280.0,68.17240966256242,100.0,1161.5325189814312,949.092744135326,14.35245827639925,-4.347716527018235,2,87,5,DI Parigi,FL,8,2024
221.7,731.6558186596399,323.8217276263851,582.5158452123737,163.68,22.676558212327127,0.0,953.3558186596399,768.8724034247009,-5.655484643320564,-33.434296778446715,79,47,6,DI Parigi,SRI,8,2015
1518.2,249.84728196988482,215.92233803743284,435.3476983228671,192.0,932.0689154672572,0.0,1768.0472819698848,1559.4166137901243,24.53528026109894,-2.6315139967981973,5,29,56,DI Parigi,SRI,8,2016
551.3000000000001,537.5564147173112,310.6689408217709,511.4077318906337,177.60000000000002,197.28450255657435,0.0,1088.8564147173113,886.2922344472081,5.453841237242429,-23.72979006544039,44,40,13,DI Parigi,SRI,8,2017
281.50000000000006,698.1780744547107,343.89853625642814,555.5305609539306,163.2,71.40022092902572,0.0,979.6780744547107,790.1307818829563,-5.341451765494478,-29.33972076740692,80,46,7,DI Parigi,SRI,8,2018
152.39999999999998,770.9870726284696,339.2274806344946,617.5187179253273,160.32,3.7542330286174987,0.0,923.3870726284696,781.5929509539448,-8.424983766634039,-30.158871837746254,88,49,1,DI Parigi,SRI,8,2019
658.1,430.951231484589,290.18209217862335,506.17006119301175,183.84,192.1859974790271,0.0,1089.0512314845892,882.1960586720388,12.499111082611638,-24.610025677368924,26,35,25,DI Parigi,SRI,8,2020
707.9000000000001,446.3486687219646,304.45572459903167,506.73379165418515,179.03999999999996,264.1012865942386,0.0,1154.2486687219648,949.8750782484237,5.420381667894239,-29.681150009552848,37,37,21,DI Parigi,SRI,8,2021
820.8999999999999,374.4363218972379,281.5789477543092,491.3600496318655,187.2,310.62166632025935,0.0,1195.3363218972377,989.1817159521248,15.505728412474934,-21.461419945250682,19,35,29,DI Parigi,SRI,8,2022
206.5,747.100155728095,298.64182868299247,604.267292369004,158.88,26.310078390462692,0.0,953.600155728095,789.4573707594667,-10.581412494777323,-32.30314475873202,93,48,1,DI Parigi,SRI,8,2023
424.5,575.1817109360292,306.94335678660786,579.1248944078353,169.92000000000002,46.680390605581096,0.0,999.6817109360292,795.7252850134164,-1.705560555924129,-30.47952339973566,69,41,7,DI Parigi,SRI,8,2024
643.0,749.756903756577,340.9406301809559,592.8055602641664,280.0,312.38345947765936,100.0,1392.756903756577,1185.1890197418256,20.272496456635988,-2.152285001789119,1,84,18,DI Parigi,FL,9,2015
1961.3999999999999,363.9679955899791,221.1661637905053,448.64537372491947,280.0,1382.5433693822065,100.0,2325.367995589979,2111.188743107126,38.48221641543931,4.542985887859091,0,59,84,DI Parigi,FL,9,2016
697.1999999999999,592.4041400308926,347.795247671785,521.4322398798024,280.0,278.44443379226465,100.0,1289.6041400308925,1079.876673672067,28.212236932770086,0.6475015535725523,0,71,29,DI Parigi,FL,9,2017
606.0999999999998,710.1038473295865,346.75384446904735,572.6398337400433,280.0,263.0509496456934,100.0,1316.2038473295863,1115.6907833857367,17.78982683052518,-1.031415899232388,3,79,20,DI Parigi,FL,9,2018
493.5,797.0680172526727,355.0148068861644,646.348599079525,280.0,158.6111325027428,100.0,1290.5680172526727,1084.9597315822678,17.71524026915122,-2.3085931732053497,3,86,14,DI Parigi,FL,9,2019
928.5,489.3860089802634,275.1593062358486,518.012303906054,280.0,410.00541443956746,100.0,1417.8860089802633,1208.0177183456215,34.17650207286968,6.844395881725393,0,68,50,DI Parigi,FL,9,2020
985.8999999999999,464.3016677451192,276.21161403817194,523.0338732613552,280.0,433.90009810661513,100.0,1450.201667745119,1236.9339713679703,26.546432260067316,1.3180135001049154,0,64,35,DI Parigi,FL,9,2021
1049.0,439.7705963419309,297.9646955840957,516.226497655321,280.0,484.92665115630984,100.0,1488.770596341931,1281.153148811631,34.461701756016566,4.635532207562443,0,63,51,DI Parigi,FL,9,2022
302.09999999999997,827.5365296170332,343.34140007863556,650.5304985172793,280.0,28.84705078489491,100.0,1129.6365296170331,959.3775493021742,11.66450694112507,-5.163572493336902,3,90,5,DI Parigi,FL,9,2023
700.0,626.7693977708518,352.8574508664567,594.6890152801018,280.0,248.0057738834538,100.0,1326.7693977708518,1122.6947891635555,24.553535263673542,-1.0108438770473613,1,74,34,DI Parigi,FL,9,2024
643.0,609.4040260508095,340.9406301809559,571.6912816837087,176.64,306.50486035234957,0.0,1252.4040260508095,1054.8361420360582,5.525450000179574,-29.26066074513485,51,44,22,DI Parigi,SRI,9,2015
1961.3999999999999,249.3200319456016,221.1661637905053,434.2446459476963,192.0,1380.296133515052,0.0,2210.7200319456015,2006.540779462748,28.94550355920249,-5.0262058032517825,4,28,81,DI Parigi,SRI,9,2016
697.1999999999999,452.54365709283786,347.795247671785,504.4467925280376,189.11999999999998,256.4493982059746,0.0,1149.7436570928378,950.0161907340122,17.955920915005866,-12.077619763174244,18,39,28,DI Parigi,SRI,9,2017
606.0999999999998,562.9485989532101,346.75384446904735,553.0400584074969,175.2,247.77541105670372,0.0,1169.0485989532099,976.0154694642006,5.13706327301374,-24.148385788755864,51,42,20,DI Parigi,SRI,9,2018
493.5,658.8608745128146,355.0148068861644,623.5691196586035,170.88,162.30346918380604,0.0,1152.3608745128145,956.7525888424095,1.0256482647731193,-30.40356040452733,63,45,15,DI Parigi,SRI,9,2019
928.5,364.2372297451701,275.1593062358486,500.8106085922356,192.0,399.2176375219041,0.0,1292.7372297451702,1092.0282461141398,23.785101649575616,-5.596245931333048,8,36,45,DI Parigi,SRI,9,2020
985.8999999999999,333.7066994539262,276.21161403817194,505.0812940465249,182.88,428.37770903025245,0.0,1319.606699453926,1116.3390030767773,14.734946282643735,-22.595173706313197,28,31,42,DI Parigi,SRI,9,2021
1049.0,308.743007327446,297.9646955840957,499.17949154651603,192.0,468.1112102524493,0.0,1357.7430073274459,1159.2907017989653,25.62281202802117,-3.9263382682636823,5,31,45,DI Parigi,SRI,9,2022
302.09999999999997,677.5084920540037,343.34140007863556,627.4668944621833,163.68,38.84690491731236,0.0,979.6084920540036,829.9937993794957,-5.011486283953096,-28.63231781716359,79,46,7,DI Parigi,SRI,9,2023
700.0,506.74756860187966,352.8574508664567,574.1193623906731,182.88,255.14524430454838,0.0,1206.7475686018797,1012.1446066952215,12.552345679337249,-28.96303062172928,30,37,30,DI Parigi,SRI,9,2024
925.5999999999999,631.7888875719699,350.9995260106671,580.5535288880073,280.0,506.2795579211013,100.0,1557.38888757197,1366.8330868091086,27.992955034384398,5.064978886274287,0,72,38,DI Parigi,FL,10,2015
1987.1,246.14293506834315,146.14293506834315,447.9755644815526,280.0,1291.8092137454855,100.0,2233.2429350683433,2019.7847782270383,40.70276853569782,4.581217300603914,0,47,84,DI Parigi,FL,10,2016
888.4000000000001,426.76606464832236,300.0042599362347,509.9057294233387,280.0,328.91092087107893,100.0,1315.1660646483224,1118.8166502944177,33.65859678335126,2.4386413508541365,0,60,34,DI Parigi,FL,10,2017
882.8000000000002,581.6048647780583,333.04041544266056,557.7789338169287,280.0,422.00465834211013,100.0,1464.4048647780585,1259.7835921590388,26.918558445991856,3.4838552835566867,0,71,32,DI Parigi,FL,10,2018
817.0,642.2677672702899,357.4403211943708,624.4064082520744,280.0,366.9265019799545,100.0,1459.2677672702898,1271.3329102320288,27.297662005961474,-0.39692369798002325,1,74,34,DI Parigi,FL,10,2019
1274.4,422.0487328021865,293.61708744045205,497.54965335562133,280.0,719.4270329749311,100.0,1696.4487328021867,1496.9766863305524,37.69954159468372,4.9683546382656445,0,61,65,DI Parigi,FL,10,2020
1238.0,442.7098270898109,223.85656010621904,519.9904084284984,280.0,672.7068103558927,100.0,1680.709827089811,1472.6972187843912,32.83698598221336,3.947710547648837,0,63,66,DI Parigi,FL,10,2021
1239.3,333.94327574653045,233.94327574653045,507.541347423886,280.0,603.1373302702011,100.0,1573.2432757465303,1390.6786776940871,39.66120467339095,10.155865941523261,0,55,63,DI Parigi,FL,10,2022
637.9,706.0943110089765,362.76328492679636,647.0872155605631,280.0,218.4621876689149,100.0,1343.9943110089766,1145.549403229478,21.273484728496648,-1.3214494187637493,3,79,24,DI Parigi,FL,10,2023
906.2,533.2481913033145,278.70370177794825,563.7084014812539,280.0,391.788608437925,100.0,1439.4481913033146,1235.497009919179,31.223451665537542,5.1440354137002124,0,66,51,DI Parigi,FL,10,2024
925.5999999999999,505.59621295254163,350.9995260106671,562.4659860558174,187.2,497.62219673976244,0.0,1431.1962129525416,1247.2881827955798,17.14588349502585,-25.29793971602185,22,39,36,DI Parigi,SRI,10,2015
1987.1,146.14293506834315,146.14293506834315,433.11714548705953,192.0,1303.8347564877345,0.0,2133.2429350683433,1928.951901974794,32.177544928301145,1.206276740014669,0,17,85,DI Parigi,SRI,10,2016
888.4000000000001,300.0042599362348,300.0042599362347,493.6640101496653,190.56,311.1717857772945,0.0,1188.404259936235,995.3957959269596,23.263829103818985,-9.717357370337862,9,27,37,DI Parigi,SRI,10,2017
882.8000000000002,435.8780555712367,333.04041544266056,540.3525651532359,186.72,396.9842177989812,0.0,1318.6780555712369,1124.0567829522172,17.19185800467532,-11.720444499744083,25,38,37,DI Parigi,SRI,10,2018
817.0,506.95648962007664,357.4403211943708,604.0523403885179,184.79999999999998,351.28105892838755,0.0,1323.9564896200766,1140.1333993169055,14.029667618966236,-26.7696222424356,29,39,32,DI Parigi,SRI,10,2019
1274.4,293.6170874404521,293.61708744045205,481.95958818523576,192.0,701.2487716530882,0.0,1568.017087440452,1375.208359838324,27.726265386327103,-0.5419968057876048,2,29,61,DI Parigi,SRI,10,2020
1238.0,302.97677893071824,223.85656010621904,503.2535337001766,192.0,644.613226123745,0.0,1540.9767789307182,1339.8667598239217,22.737471971177133,-5.1437759638040115,11,30,65,DI Parigi,SRI,10,2021
1239.3,233.94327574653042,233.94327574653045,491.0645184127951,192.0,610.0637388454477,0.0,1473.2432757465303,1293.1282572582427,30.841202453596114,6.050571980175409,0,25,69,DI Parigi,SRI,10,2022
637.9,561.1518067622651,362.76328492679636,625.6220893511446,175.68,209.304809631622,0.0,1199.0518067622652,1010.6068989827666,4.839958855552457,-28.5155664445595,54,40,22,DI Parigi,SRI,10,2023
906.2,387.61420232822945,278.70370177794825,545.9283663460101,189.12,364.81465459808385,0.0,1293.8142023282294,1099.863020944094,19.97671916520141,-21.402277881479556,18,32,47,DI Parigi,SRI,10,2024
1525.9,462.65052501320076,335.6498526173111,534.5378944420671,280.0,982.3022235975843,100.0,1988.550525013201,1796.8401180396513,37.86469903012671,6.299327604110458,0,61,66,DI Parigi,FL,11,2015
1863.2000000000003,197.7558566744512,83.05585667445116,443.47405272977755,280.0,1124.2546406047645,100.0,2060.9558566744513,1847.7286933345422,39.5009356075919,14.886722571905826,0,43,80,DI Parigi,FL,11,2016
973.9,355.7644676707291,211.84497312473928,479.19827405721435,280.0,370.6183075635817,100.0,1329.6644676707292,1129.8165816207961,36.163769142500655,-1.6352933222763228,1,57,45,DI Parigi,FL,11,2017
1316.3,428.60587560652374,311.9058756065237,527.9923851569189,280.0,734.7491485868404,100.0,1744.9058756065238,1542.7415337437592,36.89914619242063,9.361683060058242,0,61,55,DI Parigi,FL,11,2018
1269.6,498.57701076048767,340.0154796707915,576.0030746723609,280.0,716.6662477680372,100.0,1768.1770107604875,1572.669322440398,37.091139157810716,3.196425340594107,0,64,67,DI Parigi,FL,11,2019
1490.8,241.2251494927662,141.2251494927662,455.52710357795115,280.0,782.0468329397293,100.0,1732.025149492766,1517.5739365176805,38.10649516287147,4.58687063260401,0,49,70,DI Parigi,FL,11,2020
1290.5,363.4839583263569,263.4839583263569,515.3792516714545,280.0,659.4263422821119,100.0,1653.983958326357,1454.8055939535666,39.66545097311071,5.261889225276459,0,58,60,DI Parigi,FL,11,2021
1371.3,257.6115114382872,140.9115114382872,481.2176557679948,280.0,652.8856221883497,100.0,1628.911511438287,1414.1032779563443,39.09557011135915,7.062352748659215,0,51,71,DI Parigi,FL,11,2022
851.1999999999998,543.9405940513454,344.92183082024104,612.3436346168914,280.0,312.9901382856702,100.0,1395.1405940513453,1205.3337729025616,28.508315842468097,-1.180817760641605,1,68,35,DI Parigi,FL,11,2023
989.9999999999999,424.22948330020904,313.2629923769733,544.6708807907389,280.0,404.0976425238515,100.0,1414.2294833002088,1228.7685233145903,35.71388198847273,-3.5664909232357935,1,60,51,DI Parigi,FL,11,2024
1525.9,350.9544787518553,335.6498526173111,518.1234659564063,192.0,984.1820086904593,0.0,1876.8544787518554,1694.3054746468656,28.903630400279823,-5.504626134544102,2,30,64,DI Parigi,SRI,11,2015
1863.2000000000003,83.05585667445118,83.05585667445116,428.1082898686576,192.0,1117.8405522652238,0.0,1946.2558566744515,1737.9488421338815,30.018288046902192,1.0175471008968584,0,12,78,DI Parigi,SRI,11,2016
973.9,227.07336762989658,211.84497312473928,464.04283101775155,191.03999999999996,353.5193158897496,0.0,1200.9733676298965,1008.602146907501,24.918551535825962,-8.291637211430928,7,25,43,DI Parigi,SRI,11,2017
1316.3,311.9058756065237,311.9058756065237,511.4447103333802,192.0,732.5968234103791,0.0,1628.2058756065237,1436.0415337437594,28.60286645673249,-3.992393009843325,4,30,55,DI Parigi,SRI,11,2018
1269.6,364.3152842760927,340.0154796707915,558.127607021719,191.51999999999998,698.7599889342839,0.0,1633.9152842760927,1448.4075959560028,27.43428624899587,-7.503770173383403,5,32,66,DI Parigi,SRI,11,2019
1490.8,141.22514949276618,141.2251494927662,441.07455021202384,192.0,794.4993863056565,0.0,1632.025149492766,1427.5739365176803,31.174818866605094,10.447396665944574,0,19,76,DI Parigi,SRI,11,2020
1290.5,263.48395832635686,263.4839583263569,498.51410012935435,192.0,667.5109510565403,0.0,1553.983958326357,1358.0250511858947,31.012371086685995,6.0899893319568905,0,28,59,DI Parigi,SRI,11,2021
1371.3,151.74317554483753,140.9115114382872,464.81901297976333,192.0,661.4159290831315,0.0,1523.0431755448376,1318.2349420628948,29.832499943793884,-2.331664106550333,1,21,72,DI Parigi,SRI,11,2022
851.1999999999998,378.1928518423959,344.92183082024104,593.0876858530855,188.16,267.4951406609657,0.0,1229.3928518423957,1048.742826514051,18.109011014089646,-28.329432698626665,16,33,32,DI Parigi,SRI,11,2023
989.9999999999999,313.2629923769732,313.2629923769733,528.4943972602979,191.51999999999998,397.4361922497626,0.0,1303.2629923769732,1117.4505895100606,28.2578990434204,-5.828072113494962,3,29,51,DI Parigi,SRI,11,2024
1960.4,306.38079962700795,193.98151732511351,484.05989247181583,280.0,1291.493908583917,100.0,2266.780799627008,2055.553801055733,39.085895597354316,4.524243735602585,0,55,79,DI Parigi,FL,12,2015
1690.1,188.03604403176394,88.03604403176395,462.4422367415523,280.0,920.024148208203,100.0,1878.136044031764,1662.4663849497551,40.677312869065474,6.072902792442587,0,45,78,DI Parigi,FL,12,2016
1157.4,317.17836602442856,160.9486013769028,473.0400747211019,280.0,509.5762672241044,100.0,1474.5783660244288,1262.6163419452064,35.71620328481768,4.4804120087675585,0,55,54,DI Parigi,FL,12,2017
1515.8999999999999,292.99332345751014,174.09332345751014,494.11324113810696,280.0,828.2773503727641,100.0,1808.89332345751,1602.3905915108712,40.65697431080309,10.35020840228312,0,54,70,DI Parigi,FL,12,2018
1602.8000000000002,357.1804597141235,257.1804597141235,522.5239745112872,280.0,953.4933715038079,100.0,1959.9804597141238,1756.017346015095,41.112540560053525,6.641654666902518,0,57,74,DI Parigi,FL,12,2019
1470.1,237.96721923683714,137.9672192368371,454.05027041558094,280.0,760.7450529408504,100.0,1708.067219236837,1494.7953233564313,41.250568605965135,11.816568042847576,0,53,72,DI Parigi,FL,12,2020
1485.6,184.08594308174077,84.0859430817408,492.879030749923,280.0,679.666447094453,100.0,1669.6859430817408,1452.545477844376,40.776282221169204,15.917558660725877,0,47,69,DI Parigi,FL,12,2021
1320.9,223.39978231426926,123.39978231426929,483.46160814051535,280.0,589.8254963693095,100.0,1544.2997823142694,1353.287104509825,40.612010413068276,11.225868913591103,0,48,73,DI Parigi,FL,12,2022
1083.2,406.0498792459752,240.66050967130738,567.5090462586788,280.0,455.57779969787634,100.0,1489.2498792459753,1303.0868459565552,33.377379665573706,4.787776741405287,0,62,49,DI Parigi,FL,12,2023
1199.7999999999997,199.56362745405244,99.56362745405245,510.38708455884574,280.0,402.3159188014157,100.0,1399.3636274540522,1192.7030033602614,41.286859805445616,6.125082875642642,0,48,69,DI Parigi,FL,12,2024
1960.4,193.98151732511351,193.98151732511351,468.2356847187555,192.0,1292.9188340350827,0.0,2154.3815173251137,1953.1545187538381,30.11235799582699,6.193310629309493,0,24,80,DI Parigi,SRI,12,2015
1690.1,88.03604403176395,88.03604403176395,446.64406413491406,192.0,932.1541244667524,0.0,1778.136044031764,1570.7981886016664,30.95424716304286,6.903864150933255,0,15,78,DI Parigi,SRI,12,2016
1157.4,187.12682606384607,160.9486013769028,457.00362815661276,192.0,491.75435035661275,0.0,1344.526826063846,1140.7579785132255,25.683432848113277,-4.31316248209254,4,23,55,DI Parigi,SRI,12,2017
1515.8999999999999,185.56502126902956,174.09332345751014,477.39422281035246,192.0,831.0367495656438,0.0,1701.4650212690294,1500.4309723759961,31.404980491693255,-3.6716978115194308,1,24,71,DI Parigi,SRI,12,2018
1602.8000000000002,257.18045971412346,257.1804597141235,506.2032017420337,192.0,967.8141442730612,0.0,1859.9804597141238,1666.017346015095,32.501458120116794,7.480846204853978,0,27,80,DI Parigi,SRI,12,2019
1470.1,137.9672192368371,137.9672192368371,439.7098546578028,192.0,772.3479948113516,0.0,1608.067219236837,1404.0578494691545,32.76914991395645,12.647097072126313,0,23,72,DI Parigi,SRI,12,2020
1485.6,84.08594308174077,84.0859430817408,476.0720046831851,192.0,694.4734731611909,0.0,1569.6859430817408,1362.545477844376,31.368783871591848,18.266927371959643,0,17,74,DI Parigi,SRI,12,2021
1320.9,123.39978231426927,123.39978231426929,468.148408247093,192.0,593.8796048266972,0.0,1444.2997823142694,1254.0280130737901,30.500749144986763,7.130384447747374,0,18,71,DI Parigi,SRI,12,2022
1083.2,261.95645850149793,240.66050967130738,549.0105194407488,190.56,423.88371435824547,0.0,1345.156458501498,1163.4542337989942,25.890610988437512,-13.647535838460906,6,29,46,DI Parigi,SRI,12,2023
1199.7999999999997,99.56362745405247,99.56362745405245,493.5302640023756,191.51999999999998,414.6866933543208,0.0,1299.3636274540522,1099.7369573566964,29.37086540756217,-5.212716638126006,2,18,66,DI Parigi,SRI,12,2024
2031.0000000000002,223.16878990228815,123.16878990228815,467.24371542256847,280.0,1293.2631179627074,100.0,2254.168789902288,2040.506833385276,43.02719084452199,31.13969556687841,0,48,87,DI Citikey,FL,1,2016
1315.3000000000002,210.71760872040414,73.39730047571277,485.04389587455296,280.0,574.7566353063902,100.0,1526.0176087204043,1339.8005311809432,32.47908551251812,-4.552365773647053,3,44,61,DI Citikey,FL,1,2017
946.2,380.2639467622077,226.36863179799917,498.7214048852678,280.0,368.1772919694091,100.0,1326.4639467622078,1146.898696854677,33.913719257002114,-4.901252256730951,5,61,43,DI Citikey,FL,1,2018
1364.9,271.5022828792306,157.4022828792306,496.4313642675242,280.0,649.6459811289649,100.0,1636.4022828792308,1426.0773453964891,40.17983513282189,6.752817921539013,0,54,59,DI Citikey,FL,1,2019
1802.8,190.23614850184967,90.23614850184967,500.82711751106984,280.0,1005.6088720288645,100.0,1993.0361485018495,1786.4359895399343,41.75032818006462,17.334783621000213,0,50,85,DI Citikey,FL,1,2020
1349.3000000000002,206.95433305428253,90.25433305428253,458.67226990847075,280.0,619.211405914516,100.0,1556.2543330542826,1357.8836758229868,39.60391519187259,13.930749049237129,0,48,67,DI Citikey,FL,1,2021
1075.9,269.5542722465472,141.87759971210917,516.1228747639723,280.0,333.89819063025806,100.0,1345.4542722465474,1130.0210653942304,38.16807820927707,5.942957466592012,0,55,58,DI Citikey,FL,1,2022
1081.8,264.9641651111394,126.61456285620778,501.4147265029085,280.0,350.7785800012047,100.0,1346.7641651111394,1132.1933065041133,33.83175468011855,2.7053331571324835,0,55,45,DI Citikey,FL,1,2023
1077.7999999999997,330.38725824208126,219.6406909302486,564.26936781791,280.0,372.5261011086634,100.0,1408.187258242081,1216.7954689265734,33.770124241296685,-1.8465673118326285,1,55,51,DI Citikey,FL,1,2024
2031.0000000000002,123.16878990228815,123.16878990228815,451.8021440860641,192.0,1305.8705880743714,0.0,2154.168789902288,1949.6727321604355,33.38978530800562,15.473843557996315,0,18,96,DI Citikey,SRI,1,2016
1315.3000000000002,83.54177760481332,73.39730047571277,468.5551353386378,192.0,544.872800204293,0.0,1398.8417776048136,1205.4279355429308,25.535281662026215,-2.791514676648204,4,12,53,DI Citikey,SRI,1,2017
946.2,226.36863179799917,226.36863179799917,481.88560360728326,187.67999999999995,342.38600187292235,0.0,1172.5686317979992,1011.9516054802057,25.990768985620385,-17.518969400788702,12,27,47,DI Citikey,SRI,1,2018
1364.9,157.4022828792306,157.4022828792306,479.78953357051756,192.0,648.0014614373442,0.0,1522.3022828792307,1319.7909950078617,30.985809447444026,-4.002160473723748,1,23,63,DI Citikey,SRI,1,2019
1802.8,90.23614850184967,90.23614850184967,484.4786537798788,192.0,1019.1175685426645,0.0,1893.0361485018495,1695.5962223225433,32.64810425961048,19.80968675346556,0,20,85,DI Citikey,SRI,1,2020
1349.3000000000002,90.25433305428253,90.25433305428253,443.1356714135551,192.0,609.2885527964293,0.0,1439.5543330542828,1244.4242242099845,30.30937373055659,-0.8680196273233354,2,17,61,DI Citikey,SRI,1,2021
1075.9,163.8213781049671,141.87759971210917,498.50918768411645,192.0,343.77898356853365,0.0,1239.7213781049672,1034.28817125265,29.14172485684733,-1.6697765046687034,2,25,55,DI Citikey,SRI,1,2022
1081.8,139.0371241889144,126.61456285620778,484.90529773690736,192.0,337.57650606664475,0.0,1220.8371241889145,1014.4818038035521,23.666398809067807,-5.422561332706602,8,23,41,DI Citikey,SRI,1,2023
1077.7999999999997,219.6406909302486,219.6406909302486,545.8161019091087,192.0,374.0416829616359,0.0,1297.4406909302484,1111.8577848707446,27.9199042354913,1.1557624593402709,0,24,48,DI Citikey,SRI,1,2024
2036.1,202.5811233696555,66.3892688243936,466.8854321262759,280.0,1317.4298764698797,100.0,2238.6811233696553,2064.315308596156,39.126966313220905,-5.071057823979151,4,44,96,DI Citikey,FL,2,2015
1761.9,236.65395083620774,136.65395083620774,469.14451542553866,280.0,1058.818703230068,100.0,1998.5539508362078,1807.9632186556066,41.964715274847464,7.933864040059271,0,52,81,DI Citikey,FL,2,2016
933.2,316.09317588189447,167.5171983848726,490.9358251598496,280.0,303.0177678708881,100.0,1249.2931758818945,1073.9535930307377,31.157782760532537,-3.344569952111766,4,59,42,DI Citikey,FL,2,2017
873.3,380.1587111740333,165.706441094564,503.4758040264836,280.0,292.062566348909,100.0,1253.4587111740332,1075.5383703753926,28.391604819520484,-3.206434701882902,11,64,31,DI Citikey,FL,2,2018
1207.6,286.1835707811091,151.42603629063652,496.6539108125788,280.0,537.6367565360488,100.0,1493.7835707811091,1314.2906673486275,36.33600327758328,-3.391445464799474,3,56,51,DI Citikey,FL,2,2019
1594.9,216.91399209600627,116.91399209600624,485.3752993658864,280.0,856.8055295923506,100.0,1811.8139920960064,1622.1808289582368,38.18806609616201,6.122831121540262,0,48,75,DI Citikey,FL,2,2020
1105.1,295.82494809224414,114.34245241485489,476.2553529809869,280.0,435.39698563346604,100.0,1400.924948092244,1191.652338614453,32.067776062384624,-5.870672400093875,8,54,47,DI Citikey,FL,2,2021
972.3,321.9515121495011,190.57973081416966,520.1764438245987,280.0,317.22066364152204,100.0,1294.2515121495012,1117.3971074661208,32.63932015678912,-4.0717813353314884,3,57,42,DI Citikey,FL,2,2022
1064.1,313.36720444338016,184.84507890483968,510.3597904737394,280.0,416.3051850767917,100.0,1377.46720444338,1206.6649755505312,37.06501411586028,-1.36488211242128,1,55,56,DI Citikey,FL,2,2023
1019.4,307.6276783354575,135.67350634982276,547.0535406378015,280.0,324.2528033844808,100.0,1327.0276783354575,1151.3063440222822,31.575551776807018,-5.614346460350145,8,55,42,DI Citikey,FL,2,2024
2036.1,66.3892688243936,66.3892688243936,451.29753941727506,187.2,1316.7370606041545,0.0,2102.4892688243935,1955.2346000214295,29.142236629420847,-29.595325999499458,11,11,97,DI Citikey,SRI,2,2015
1761.9,136.65395083620774,136.65395083620774,453.3312430673737,192.0,1065.1362386660498,0.0,1898.5539508362078,1710.4674817334235,32.610609948997165,8.759271326791357,0,22,85,DI Citikey,SRI,2,2016
933.2,167.51719838487256,167.5171983848726,474.0146135503217,189.11999999999998,292.3439879357101,0.0,1100.7171983848725,955.4786014860317,22.044190348051362,-32.00988186406023,7,25,34,DI Citikey,SRI,2,2017
873.3,229.5013257659654,165.706441094564,485.8279674163724,174.71999999999997,290.35621560090766,0.0,1102.8013257659654,950.90418301728,13.03257660951783,-33.08164182502219,39,26,31,DI Citikey,SRI,2,2018
1207.6,151.42603629063652,151.42603629063652,479.9918491853199,190.55999999999997,523.5948446422,0.0,1359.0260362906365,1194.1466938275198,28.534290244292052,-10.241677629771148,4,23,53,DI Citikey,SRI,2,2019
1594.9,116.91399209600624,116.91399209600624,468.8140757123958,192.0,850.1799445215296,0.0,1711.8139920960064,1510.9940202339253,31.666552201435103,6.954288239148775,0,18,74,DI Citikey,SRI,2,2020
1105.1,145.7496658151903,114.34245241485489,459.25762721019817,184.8,405.02097996919235,0.0,1250.8496658151903,1049.0786071793905,21.0425263622866,-32.707213400335405,20,18,39,DI Citikey,SRI,2,2021
972.3,190.57973081416966,190.57973081416966,502.5723061144355,192.0,287.48820448368866,0.0,1162.8797308141695,982.0605105981242,25.476684874109356,-3.2472079707399013,3,25,39,DI Citikey,SRI,2,2022
1064.1,199.22540122022627,184.84507890483968,492.6163042313847,192.0,409.5452977901599,0.0,1263.3254012202262,1094.1616020215447,26.22297704612033,-4.480322315386584,2,24,50,DI Citikey,SRI,2,2023
1019.4,168.4044371585335,135.67350634982276,528.500615679231,184.79999999999998,320.803903529455,0.0,1187.8044371585336,1034.104519208686,23.52322351838727,-32.730930808710774,16,20,48,DI Citikey,SRI,2,2024
1634.1000000000001,265.9122222161168,45.364459693143175,473.4130638382491,280.0,972.168522041551,100.0,1900.012222216117,1725.5815858798,31.917476852975074,-4.304778861879639,9,53,75,DI Citikey,FL,3,2015
1628.3000000000002,170.9078855787804,48.406634726465796,454.2876150733689,280.0,878.6425974775075,100.0,1799.2078855787806,1612.9302125508764,35.983480206186336,-2.5012508523145893,1,40,75,DI Citikey,FL,3,2016
785.9999999999999,381.6498948077363,172.386427325551,493.63246372830014,280.0,221.1224673426676,100.0,1167.6498948077362,994.7549310709677,28.63633061577447,-5.707244480799172,8,67,31,DI Citikey,FL,3,2017
703.6,396.1170963261514,108.7199808115289,520.1053254343811,280.0,126.65879118144619,100.0,1099.7170963261515,926.7641166158273,22.93624791487943,-2.106039616358901,14,70,18,DI Citikey,FL,3,2018
1008.2,373.4995265734798,137.67716629186617,504.9614442283163,280.0,420.53099801015935,100.0,1381.69952657348,1205.4924422384756,30.772226078045147,-4.728518672428463,11,64,38,DI Citikey,FL,3,2019
1404.0,147.7401556416805,47.7401556416805,471.92842915256074,280.0,610.5889986975774,100.0,1551.7401556416805,1362.5174278501381,36.90042152546881,9.792939094655665,0,42,56,DI Citikey,FL,3,2020
1016.5999999999999,261.55312012865244,133.3446552298009,486.3908021811922,280.0,319.29750149396546,100.0,1278.1531201286523,1085.6883036751576,30.143473104486787,-1.1307763225538272,2,51,36,DI Citikey,FL,3,2021
927.8999999999999,290.89076058280773,173.29076058280768,500.15604977185603,280.0,236.65736788947805,100.0,1218.7907605828077,1016.8134176613341,36.807862858987576,1.873731777167995,0,55,38,DI Citikey,FL,3,2022
910.3,354.0697189633538,142.91112980636672,504.0608787683223,280.0,289.58391384063816,100.0,1264.3697189633538,1073.6447926089604,26.741248181926565,-3.9053724098383724,8,63,36,DI Citikey,FL,3,2023
829.2,305.91150790153256,126.57819101229575,538.7300693137253,280.0,148.5895312334594,100.0,1135.1115079015326,967.3196005471847,24.419694742006183,-5.56139570326185,8,64,18,DI Citikey,FL,3,2024
1634.1000000000001,146.11514547547037,45.364459693143175,457.45004916795824,174.71999999999997,976.537901872169,0.0,1780.2151454754705,1608.7079510401272,17.256287924950477,-33.61341957408314,39,13,74,DI Citikey,SRI,3,2015
1628.3000000000002,48.406634726465796,48.406634726465796,438.61559053866665,192.0,856.4672688848723,0.0,1676.706634726466,1487.082859423539,28.975640727592296,-0.5610310674090604,1,8,73,DI Citikey,SRI,3,2016
785.9999999999999,236.28108479417241,172.386427325551,476.6265611716764,176.64,220.79218624764144,0.0,1022.2810847941723,874.0587474193178,14.873992919644598,-32.45974759919594,34,26,26,DI Citikey,SRI,3,2017
703.6,274.6732303006969,108.7199808115289,502.25777208296904,168.95999999999998,145.81099187611818,0.0,978.2732303006969,817.0287639590872,4.5492330348863685,-34.06241404139355,59,28,18,DI Citikey,SRI,3,2018
1008.2,235.7559984701759,137.67716629186617,488.00006108327705,179.04,420.29306844119014,0.0,1243.955998470176,1087.333129524467,19.19216850669426,-33.8202469287861,31,23,45,DI Citikey,SRI,3,2019
1404.0,47.7401556416805,47.7401556416805,455.7703044480678,192.0,618.0842368488136,0.0,1451.7401556416805,1265.8545412968815,29.736101202802303,7.059798461298354,0,12,59,DI Citikey,SRI,3,2020
1016.5999999999999,146.01814374548962,133.3446552298009,469.33963606058876,187.67999999999998,308.99213522480534,0.0,1162.6181437454895,966.011771285394,20.02652654779977,-28.89103788669032,17,20,31,DI Citikey,SRI,3,2021
927.8999999999999,173.2907605828077,173.29076058280768,482.92647927297077,191.51999999999998,223.08527285388467,0.0,1101.1907605828076,897.5317521268554,24.51908295674441,-8.871985012428418,6,24,31,DI Citikey,SRI,3,2022
910.3,204.73390165757615,142.91112980636672,486.32897416241667,179.51999999999998,278.92021139865057,0.0,1115.033901657576,944.7691855610672,16.87573167118764,-33.31336799446342,28,22,37,DI Citikey,SRI,3,2023
829.2,191.79775346991528,126.57819101229575,520.2991278994343,176.15999999999997,158.28711151543416,0.0,1020.9977534699153,854.7462394148685,12.312743929346857,-33.66594117540111,38,27,22,DI Citikey,SRI,3,2024
1034.9,399.4134235633126,76.74763088271791,482.5248272006579,280.0,495.66305171295915,100.0,1434.3134235633127,1258.1878789136172,23.027352040693238,-4.77033049476881,10,72,38,DI Citikey,FL,4,2015
971.3,254.63774024351954,78.72115232082285,463.6009071729037,280.0,307.3569020854606,100.0,1225.9377402435196,1050.9578092583643,31.250280715427557,-4.94071908384653,9,51,47,DI Citikey,FL,4,2016
573.9,491.69848481303967,180.50032457250632,494.9683703369548,280.0,121.82994300319842,100.0,1065.5984848130397,896.7983133401533,15.767515440329625,-5.368606856235541,10,76,12,DI Citikey,FL,4,2017
424.4,596.6437429614527,173.61480108403606,523.3233541443943,280.0,47.91854307263025,100.0,1021.0437429614527,851.2418972170245,8.611644660303861,-5.560702843586595,11,78,7,DI Citikey,FL,4,2018
595.1,539.3265368700941,174.011203662816,515.0864532149053,280.0,162.95278716495366,100.0,1134.426536870094,958.0392403798589,22.768566739686943,-3.2267965494242685,10,85,21,DI Citikey,FL,4,2019
1013.6,309.63318705949297,119.41506225114135,477.00810062411523,280.0,390.3350154370259,100.0,1323.233187059493,1147.3431160611412,31.050426374819907,-4.632914179348953,7,56,38,DI Citikey,FL,4,2020
813.2,355.6456574973346,153.5936512857977,490.6484051154932,280.0,226.95628392853985,100.0,1168.8456574973347,997.6046890440331,24.8132183328331,-3.7567809846364906,6,60,22,DI Citikey,FL,4,2021
819.1,270.3085125160199,123.16887530373653,496.1180728920783,280.0,136.1729846239511,100.0,1089.40851251602,912.2910575160295,31.524012032200773,-5.5877472648888995,7,51,33,DI Citikey,FL,4,2022
735.3,438.8301304639465,165.34948528377615,523.878066861824,280.0,202.42854789645975,100.0,1174.1301304639464,1006.3066147582838,20.555107095867232,-2.362905443636086,10,71,22,DI Citikey,FL,4,2023
659.6,402.08901561522254,172.6878651541249,527.098689314915,280.0,80.74805211599814,100.0,1061.6890156152226,887.8467414309131,19.523766765578227,-3.7770399310859637,6,68,14,DI Citikey,FL,4,2024
1034.9,270.1433155283861,76.74763088271791,465.81459364928276,166.55999999999997,522.4805055313293,0.0,1305.0433155283863,1154.855099180612,5.402290098592923,-33.503677364440115,61,21,40,DI Citikey,SRI,4,2015
971.3,112.11473674343148,78.72115232082285,448.302497366863,178.56,299.60722085598564,0.0,1083.4147367434314,926.4697182228485,15.86948493920933,-33.39358442260862,29,14,42,DI Citikey,SRI,4,2016
573.9,354.1314991504158,180.50032457250632,478.59184266669706,167.51999999999998,119.17949184143974,0.0,928.0314991504158,765.2913345081367,2.374074779022186,-32.83097358893172,61,29,12,DI Citikey,SRI,4,2017
424.4,436.94752154057255,173.61480108403606,506.05297579877936,161.76,47.91854307263025,0.0,861.3475215405725,715.7315188714095,-7.286063200398994,-34.11126185567215,75,33,7,DI Citikey,SRI,4,2018
595.1,400.5476526565011,174.011203662816,497.4381484126395,167.03999999999996,167.13818004757383,0.0,995.6476526565011,831.6163284602133,6.569918428433483,-33.93609450938449,57,35,18,DI Citikey,SRI,4,2019
1013.6,152.35736701869305,119.41506225114135,461.53701962248994,182.39999999999998,361.7199873693508,0.0,1165.957367018693,1005.6570069918407,19.480767711617176,-33.44230476755172,25,19,37,DI Citikey,SRI,4,2020
813.2,227.87302630948454,153.5936512857977,474.4670626071767,182.88,214.9555845217251,0.0,1041.0730263094847,872.3026471289018,9.996432625051925,-32.75252454929559,32,25,21,DI Citikey,SRI,4,2021
819.1,123.16887530373654,123.16887530373653,480.1151573545102,184.32,122.22548246388982,0.0,942.2688753037365,786.6606398184001,20.26595654198951,-27.64052207766224,18,17,30,DI Citikey,SRI,4,2022
735.3,276.90742910008396,165.34948528377615,506.709491190098,173.27999999999997,191.33297055930092,0.0,1012.2074291000839,871.3224617493988,6.841666736832357,-28.426535165858162,49,27,23,DI Citikey,SRI,4,2023
659.6,247.19926346406544,172.6878651541249,509.6351162106945,170.39999999999998,90.08287464175515,0.0,906.7992634640655,770.1179908524496,2.639986642045547,-33.02890299703313,53,28,14,DI Citikey,SRI,4,2024
634.6999999999999,572.4882553660141,62.40658538127266,505.96702930062077,280.0,238.52401881033097,100.0,1207.188255366014,1024.4910481109519,9.69533614219615,-5.846702496385281,11,84,18,DI Citikey,FL,5,2015
656.6,326.02637166359193,117.30280196081029,464.58016131758905,280.0,63.01427832448367,100.0,982.626371663592,807.5944396420728,23.138594511546376,-5.541804356692281,11,62,13,DI Citikey,FL,5,2016
333.3,638.559193521651,202.12176687379,503.5796436016647,280.0,15.776238232199415,100.0,971.8591935216509,799.355881833864,10.602714653889642,-5.248891184057595,11,87,5,DI Citikey,FL,5,2017
209.2,786.2626618613613,245.5516788352828,540.8167308636582,280.0,6.560762614110551,100.0,995.4626618613613,827.3774934777688,7.1826198258946885,-4.8035120364787005,12,98,1,DI Citikey,FL,5,2018
421.19999999999993,700.2628775988273,127.90705106633267,547.7558345322467,280.0,115.72936911947495,100.0,1121.4628775988272,943.4852036517217,7.035073975273325,-3.798936088991553,10,94,9,DI Citikey,FL,5,2019
761.8000000000001,387.5545069363802,132.7679487757349,482.5713562043122,280.0,204.7626838187647,100.0,1149.3545069363804,967.3340400230769,16.695074990647914,-5.565810988968221,7,65,16,DI Citikey,FL,5,2020
625.0999999999999,545.2947291594245,234.4159449370658,500.28813659170316,280.0,211.77963530135958,100.0,1170.3947291594245,992.0677718930627,23.526728594716616,-5.632527152784974,9,78,19,DI Citikey,FL,5,2021
594.3,433.7462394750155,153.246288403499,501.6843959372222,280.0,80.2030314629856,100.0,1028.0462394750155,861.8874274002078,16.522965600810007,-5.458474741690327,10,68,15,DI Citikey,FL,5,2022
530.0,541.9319642169294,171.70301454678372,529.1407235338595,280.0,89.1646524337119,100.0,1071.9319642169294,898.3053759675714,14.049984599321295,-2.9739702058303745,13,81,10,DI Citikey,FL,5,2023
465.7,600.7319857450019,172.64926579703982,538.6077635997831,280.0,74.06289870306404,100.0,1066.4319857450018,892.6706623028472,12.803224572878435,-4.431991204968449,10,84,11,DI Citikey,FL,5,2024
634.6999999999999,406.0492800660511,62.40658538127266,488.4164062753175,159.83999999999997,238.52401881033097,0.0,1040.7492800660511,886.7804250856484,-8.315635311036983,-31.786505012310457,80,24,18,DI Citikey,SRI,5,2015
656.6,182.58538295725995,117.30280196081029,449.4511586708701,173.27999999999997,64.12274373297498,0.0,839.18538295726,686.853902403845,8.693906387703926,-33.46888799509741,50,25,12,DI Citikey,SRI,5,2016
333.3,499.6305600012373,202.12176687379,487.2041285226235,159.83999999999997,15.776238232199415,0.0,832.9305600012374,662.8203667548228,-8.455903775675347,-33.811632621213825,78,36,5,DI Citikey,SRI,5,2017
209.2,624.9860769656601,245.5516788352828,522.9435967460151,165.11999999999998,6.560762614110551,0.0,834.18607696566,694.6243593601257,-8.025966619357554,-33.70556906577375,75,45,1,DI Citikey,SRI,5,2018
421.19999999999993,545.9855913350996,127.90705106633267,528.848047256571,158.88,115.72936911947495,0.0,967.1855913350995,803.457416376046,-10.108982328467102,-31.633869203773916,88,36,9,DI Citikey,SRI,5,2019
761.8000000000001,228.52428543631373,132.7679487757349,466.5551844346271,170.87999999999997,186.91553013938758,0.0,990.3242854363139,824.3507145740147,3.488201193703591,-34.10706977958482,48,21,16,DI Citikey,SRI,5,2020
625.0999999999999,384.9039265021903,234.4159449370658,484.1142714755037,176.15999999999997,191.82721668288679,0.0,1010.0039265021902,852.1014881583903,7.9020866725113,-34.025461610683415,49,35,15,DI Citikey,SRI,5,2021
594.3,272.80962087095526,153.246288403499,485.63125746865654,170.87999999999997,43.574574515984196,0.0,867.1096208709553,700.0858319846407,-0.5080757603589224,-32.62334302685636,56,27,9,DI Citikey,SRI,5,2022
530.0,398.3420859493143,171.70301454678372,511.8656904338343,163.2,103.72029132710404,0.0,928.3420859493143,778.7859817609384,-2.56214824061082,-31.16257564083518,70,32,10,DI Citikey,SRI,5,2023
465.7,410.9565534146534,172.64926579703982,521.2745714726946,163.67999999999998,53.24579843591517,0.0,876.6565534146534,738.2003699086097,-4.219996875253468,-34.5423082271574,73,33,11,DI Citikey,SRI,5,2024
116.1,903.838803452933,295.45335667880477,553.497878855331,280.0,10.54919968997574,100.0,1019.938803452933,844.0470785453067,6.9897491916224075,-4.116418653366443,10,106,1,DI Citikey,FL,6,2015
563.5,472.4725547511225,194.18791885308696,475.50160039338226,280.0,86.94148618487947,100.0,1035.9725547511225,842.4430865782617,14.441770169469944,-2.294355029569669,1,72,11,DI Citikey,FL,6,2016
186.39999999999998,813.188301951727,278.3856645867067,540.7380228931415,280.0,2.10729117477295,100.0,999.588301951727,822.8453140679145,6.900304885342061,-4.789793459556881,10,97,1,DI Citikey,FL,6,2017
127.20000000000002,899.0466858084052,312.96658944626614,571.6427531178717,280.0,0.0,100.0,1026.2466858084051,851.6427531178717,7.090376927528763,-6.212456375614177,10,102,0,DI Citikey,FL,6,2018
97.69999999999999,955.5498687722531,285.8125745429392,598.3519323509074,280.0,0.0,100.0,1053.2498687722532,878.3519323509074,6.742081521128342,-5.415689564576059,12,107,0,DI Citikey,FL,6,2019
443.4,586.7820301331078,205.20711651512997,516.6979648417112,280.0,58.38212758330829,100.0,1030.1820301331077,855.0800924250194,12.994119220406839,-4.311494538281716,12,86,4,DI Citikey,FL,6,2020
573.6,555.7493046105453,243.0344971632243,508.7116197804676,280.0,162.8066371792466,100.0,1129.3493046105455,951.5182569597141,14.009480708268558,-6.338842713835526,12,75,6,DI Citikey,FL,6,2021
455.09999999999997,512.2870338665201,232.90608908330125,514.6600185793831,280.0,0.0,100.0,967.3870338665201,794.6600185793831,14.48972037199427,-5.930554716614446,9,77,0,DI Citikey,FL,6,2022
300.19999999999993,774.7651144769077,245.47383115079126,559.0736875550754,280.0,58.98375988700158,100.0,1074.9651144769077,898.057447442077,10.834813037558192,-4.463305043444612,10,94,6,DI Citikey,FL,6,2023
327.7,759.3556053154078,288.2277960796703,567.3337926384268,280.0,65.58150987341949,100.0,1087.0556053154078,912.9153025118462,11.98066789161157,-5.716700234527844,8,96,6,DI Citikey,FL,6,2024
116.1,729.2243086305666,295.45335667880477,534.5855419672768,157.92,10.54919968997574,0.0,845.3243086305666,703.0547416572524,-10.863587046178479,-32.97504160189828,90,45,1,DI Citikey,SRI,6,2015
563.5,310.5654221717008,194.18791885308696,459.2076671315209,170.88,56.74634780345019,0.0,874.0654221717008,686.834014934971,-1.413734907595675,-27.44672518671419,54,31,8,DI Citikey,SRI,6,2016
186.39999999999998,653.4908156147778,278.3856645867067,522.5378119440417,156.48,2.10729117477295,0.0,839.8908156147778,681.1251031188146,-10.54686141211804,-33.53517861979151,90,43,1,DI Citikey,SRI,6,2017
127.20000000000002,721.284573991817,312.96658944626614,552.1327061047416,158.39999999999998,0.0,0.0,848.484573991817,710.5327061047416,-10.085240387473673,-35.376300951114146,87,46,0,DI Citikey,SRI,6,2018
97.69999999999999,787.3828974600544,285.8125745429392,577.6143189781931,157.43999999999997,0.0,0.0,885.0828974600545,735.054318978193,-11.05399721408571,-35.15819211982675,89,49,0,DI Citikey,SRI,6,2019
443.4,439.9987888614111,205.20711651512997,499.01970010737506,161.75999999999996,64.7674427105705,0.0,883.398788861411,725.5471428179455,-4.344735046355369,-34.6398031212685,73,36,5,DI Citikey,SRI,6,2020
573.6,404.22614981310915,243.0344971632243,491.3855160801818,168.95999999999998,175.9461645080812,0.0,977.8261498131092,836.291680588263,0.383735480270857,-32.815530816877576,60,31,10,DI Citikey,SRI,6,2021
455.09999999999997,368.43149393431764,232.90608908330125,496.82477518855245,165.11999999999998,5.649353314902626,0.0,823.5314939343176,667.5941285034551,0.2779249714767969,-31.07458171968655,67,35,4,DI Citikey,SRI,6,2022
300.19999999999993,614.5212074774364,245.47383115079126,540.0306827367276,161.76,54.60374187669052,0.0,914.7212074774363,756.3944246134181,-6.600615275634647,-33.90961415586075,78,39,5,DI Citikey,SRI,6,2023
327.7,568.9701203193263,288.2277960796703,547.9349586811096,162.72,26.240730720317554,0.0,896.6701203193263,736.8956894014271,-5.469382582238628,-32.49872686005632,81,39,4,DI Citikey,SRI,6,2024
96.5,947.0805860695405,311.3608959798939,595.1678986897956,280.0,0.0,100.0,1043.5805860695405,875.1678986897956,6.754131147325628,-5.3882887162619655,10,104,0,DI Citikey,FL,7,2015
804.6999999999999,476.51795678237636,265.8951764063271,473.64016975954195,280.0,325.2355065007135,100.0,1281.2179567823764,1078.8756762602554,25.75222155092674,2.0270602150455854,0,69,27,DI Citikey,FL,7,2016
353.9,755.0770494311696,282.7434893031707,549.1987370804195,280.0,91.704563748446,100.0,1108.9770494311697,920.9033008288656,13.282126226974166,0.39015117588445847,0,90,5,DI Citikey,FL,7,2017
114.60000000000001,958.5960400317505,303.13063512774767,606.5581127759554,280.0,9.248024307625183,100.0,1073.1960400317505,895.8061370835806,6.704389852669627,-5.191599264135984,11,108,1,DI Citikey,FL,7,2018
76.4,1017.3712828309111,337.4185150440111,648.1009188620393,280.0,0.0,100.0,1093.771282830911,928.1009188620393,5.894951150829489,-5.673057894125927,13,104,0,DI Citikey,FL,7,2019
461.80000000000007,629.200142480566,250.88066461537193,551.390338114553,280.0,82.85000641008432,100.0,1091.000142480566,914.2403445246373,9.55757846213652,-3.983791756292678,9,80,4,DI Citikey,FL,7,2020
418.5,595.8593213441043,213.72833071385682,536.2007565809287,280.0,13.978152033177064,100.0,1014.3593213441043,830.1789086141057,10.124185885954384,-3.681071282168465,13,80,3,DI Citikey,FL,7,2021
548.6,534.7122555519788,217.91192439893527,528.4966432843798,280.0,68.02102735755949,100.0,1083.312255551979,876.5176706419393,16.39474409560792,-2.8357987023296376,4,74,13,DI Citikey,FL,7,2022
165.5,898.5073356913338,285.13168233931475,613.5628495685106,280.0,1.389707635296876,100.0,1064.0073356913338,894.9525572038075,7.301372818079707,-5.607894880120528,12,102,1,DI Citikey,FL,7,2023
316.20000000000005,787.0116680192039,277.53564191405474,596.9882680674395,280.0,48.75970305723796,100.0,1103.211668019204,925.7479711246775,11.268413541308382,-5.1079016424484465,10,93,3,DI Citikey,FL,7,2024
96.5,786.1090536739293,311.3608959798939,574.1193119745767,159.35999999999996,0.0,0.0,882.6090536739293,733.4793119745766,-10.177948214039196,-34.83606448986048,88,49,0,DI Citikey,SRI,7,2015
804.6999999999999,364.9486618311231,265.8951764063271,456.8921787841752,183.35999999999999,334.5316790996339,0.0,1169.648661831123,974.7838578838091,10.313625413937348,-28.901155360444907,35,35,25,DI Citikey,SRI,7,2016
353.9,619.5597664433681,282.7434893031707,528.8867829378323,168.0,91.81802560267307,0.0,973.459766443368,788.7048085405054,-2.130549398855806,-29.266970248995783,65,43,8,DI Citikey,SRI,7,2017
114.60000000000001,795.5328004932762,303.13063512774767,585.0598935804785,156.48,9.248024307625183,0.0,910.1328004932762,750.7879178881037,-11.229773390587843,-36.53245100431006,90,48,1,DI Citikey,SRI,7,2018
76.4,860.0786340166192,337.4185150440111,624.8205731344774,157.92,0.0,0.0,936.4786340166191,782.7405731344774,-10.593141005978552,-35.45122588215536,95,51,0,DI Citikey,SRI,7,2019
461.80000000000007,493.2620082988682,250.88066461537193,531.2461802843327,171.83999999999997,82.85000641008432,0.0,955.0620082988682,785.936186694417,-4.660812731641486,-30.026929985479782,71,36,4,DI Citikey,SRI,7,2020
418.5,448.20671969135833,213.72833071385682,517.4641685617524,163.2,13.978152033177064,0.0,866.7067196913583,694.6423205949294,-7.426818275836712,-33.157771426280114,78,38,3,DI Citikey,SRI,7,2021
548.6,386.76490895860866,217.91192439893527,509.2122057315583,172.32,52.848662158246704,0.0,935.3649089586087,734.380867889805,0.8189056709981986,-29.783417055030686,58,33,8,DI Citikey,SRI,7,2022
165.5,735.1371502753086,285.13168233931475,591.5636252305021,155.99999999999997,1.389707635296876,0.0,900.6371502753086,748.953332865799,-9.999102216943935,-32.917160755911816,90,44,1,DI Citikey,SRI,7,2023
316.20000000000005,641.1370071327344,277.53564191405474,575.5698508646169,164.64,48.33593124247575,0.0,957.3370071327345,788.5457821070927,-4.16481303822223,-35.0349285752588,74,43,3,DI Citikey,SRI,7,2024
185.5,936.1016613317613,337.14730540033105,628.9926366136303,280.0,20.522042745402835,100.0,1121.6016613317613,929.5146793590332,10.64686237577896,-5.049158561241237,4,102,4,DI Citikey,FL,8,2015
1165.8,462.63331032068197,245.03750585490687,472.69220676057796,280.0,663.9654983932696,100.0,1628.4333103206818,1416.6577051538475,33.39974013556909,4.546481678928263,0,66,55,DI Citikey,FL,8,2016
515.6999999999999,710.8689357234832,315.9944651790223,567.3859656063338,280.0,171.16605405981045,100.0,1226.5689357234833,1018.5520196661442,16.694092573740583,-4.667539923914062,3,81,14,DI Citikey,FL,8,2017
297.2,853.4701730766258,350.1075673258557,617.8432082473611,280.0,61.301422115596566,100.0,1150.6701730766258,959.1446303629576,10.99128138878701,-1.2339610225693702,4,92,5,DI Citikey,FL,8,2018
143.2,983.7560513185329,346.7461688499419,684.8601710544476,280.0,0.0,100.0,1126.956051318533,964.8601710544476,7.023664255405253,-5.749296121350826,11,101,0,DI Citikey,FL,8,2019
610.3,585.5816381123748,298.26919116859153,559.1459389656025,280.0,142.48971005957867,100.0,1195.8816381123747,981.6356490251811,22.171289311225067,3.776935012676711,0,70,15,DI Citikey,FL,8,2020
656.5,584.481832825888,316.4240701234553,555.3388266960703,280.0,193.01312702137446,100.0,1240.981832825888,1028.3519537174448,17.973154048111944,-0.32838392190613686,2,75,18,DI Citikey,FL,8,2021
779.7,548.7677364672562,292.0025324780636,538.6646786879966,280.0,295.4742662433288,100.0,1328.4677364672561,1114.1389449313253,25.28829416131736,-1.3901797644602958,1,71,35,DI Citikey,FL,8,2022
209.29999999999995,916.0159835910852,300.86558828114914,659.7519714660641,280.0,14.668635663111806,100.0,1125.3159835910851,954.4206071291759,6.545818181521984,-4.849399851326314,12,100,1,DI Citikey,FL,8,2023
433.5,765.7184297258932,321.4673978401094,627.408272656477,280.0,82.34962897939351,100.0,1199.2184297258932,989.7579016358706,11.681476666592584,-5.977571934949953,5,87,2,DI Citikey,FL,8,2024
185.5,785.0404425993713,337.14730540033105,605.775418523164,165.6,12.037625618588336,0.0,970.5404425993713,783.4130441417524,-5.29021958565784,-33.92460502240722,78,49,4,DI Citikey,SRI,8,2015
1165.8,320.8696643236866,245.03750585490687,456.9091884558329,190.56,634.9144602217468,0.0,1486.6696643236864,1282.3836486775797,20.630117181118237,-10.374174753668594,12,33,50,DI Citikey,SRI,8,2016
515.6999999999999,571.9498693234154,315.9944651790223,547.2830037325525,175.68,165.82645842529217,0.0,1087.6498693234153,888.7894621578448,3.777502974464681,-26.90021787895319,52,42,14,DI Citikey,SRI,8,2017
297.2,705.0810519611224,350.1075673258557,595.3988461065132,162.23999999999998,58.911304805733565,0.0,1002.2810519611223,816.5501509122469,-6.254857555957375,-31.38913463884256,83,46,5,DI Citikey,SRI,8,2018
143.2,822.9208772227912,346.7461688499419,660.0366521254662,157.91999999999996,0.0,0.0,966.1208772227913,817.9566521254661,-11.508689561110732,-34.89439155986569,93,51,0,DI Citikey,SRI,8,2019
610.3,468.3498608404111,298.26919116859153,539.1026850737935,182.4,152.90118667942426,0.0,1078.649860840411,874.4038717532178,10.442063282618463,-25.239879220498374,29,36,19,DI Citikey,SRI,8,2020
656.5,464.5040969287748,316.4240701234553,535.3168526100557,177.11999999999998,205.93736521027614,0.0,1121.0040969287747,918.3742178203318,3.107166676026208,-29.315663610202908,53,37,18,DI Citikey,SRI,8,2021
779.7,388.345023792317,292.0025324780636,519.9387502478768,180.96,262.8174820085095,0.0,1168.0450237923171,963.7162322563863,8.836857638663309,-29.214489462654154,37,35,24,DI Citikey,SRI,8,2022
209.29999999999995,777.6203138221535,300.86558828114914,635.3147039830096,161.28,14.668635663111806,0.0,986.9203138221535,811.2633396461214,-9.33122181077414,-34.365021707924015,90,49,1,DI Citikey,SRI,8,2023
433.5,615.6174765241435,321.4673978401094,604.6929615190643,166.56,76.27398110872441,0.0,1049.1174765241435,847.5269426277887,-4.661422921053829,-31.309416515241438,75,44,3,DI Citikey,SRI,8,2024
581.9,795.3840867509176,355.6883426317335,616.778438323321,280.0,275.4211521481105,100.0,1377.2840867509176,1172.1995904714315,20.158944524295524,-1.706807851647846,1,86,20,DI Citikey,FL,9,2015
1627.2000000000003,421.21804816632715,260.7291923759792,470.7260352584416,280.0,1085.0499394354217,100.0,2048.4180481663275,1835.7759746938632,36.71489180679033,4.8962925984142505,0,62,73,DI Citikey,FL,9,2016
665.8,607.635309772052,351.48603952302255,551.422466052982,280.0,239.6963742614804,100.0,1273.4353097720518,1071.1188403144624,27.17574768131372,2.5118081132871337,0,72,23,DI Citikey,FL,9,2017
569.1,724.0889937765016,352.16514347540607,606.4965821795533,280.0,214.93919914168652,100.0,1293.1889937765018,1101.4357813212398,18.226596018613826,-2.6121394055667038,2,78,20,DI Citikey,FL,9,2018
463.4,819.5834626563505,360.6469570090569,682.3057720670561,280.0,119.61484964514278,100.0,1282.9834626563506,1081.920621712199,17.94452685741974,-0.8805686953757359,1,88,15,DI Citikey,FL,9,2019
908.0,514.9755374616661,286.19112766390157,546.7802748530621,280.0,386.75806926218223,100.0,1422.9755374616661,1213.5383441152444,32.42544845417381,5.953005152088612,0,69,45,DI Citikey,FL,9,2020
928.3,494.8404874012774,283.9688736723746,549.6190129130415,280.0,383.8643774328442,100.0,1423.1404874012774,1213.4833903458857,24.85726017614105,-0.32838392190613686,1,66,33,DI Citikey,FL,9,2021
975.0999999999998,475.9423675855647,297.9379816206555,544.8790978407574,280.0,423.9974671138687,100.0,1451.0423675855645,1248.876564954626,33.421661590444586,5.186861276487133,0,66,47,DI Citikey,FL,9,2022
320.9,831.0754982285696,344.4189227149954,679.6568726210044,280.0,25.696301229934292,100.0,1151.9754982285694,985.3531738509387,12.069700150514288,-6.981012071366248,3,87,6,DI Citikey,FL,9,2023
712.3000000000002,647.6167813912609,357.76914576731167,616.065814091106,280.0,264.7055327091888,100.0,1359.916781391261,1160.7713468002949,23.937212111136684,-0.3683667497014804,2,73,31,DI Citikey,FL,9,2024
581.9,656.4198788987577,355.6883426317335,594.96416596588,176.64,271.6312166533915,0.0,1238.3198788987577,1043.2353826192716,6.229585733403366,-27.42339891834464,49,45,21,DI Citikey,SRI,9,2015
1627.2000000000003,296.2465239151312,260.7291923759792,455.5006292159274,192.0,1073.3038212267397,0.0,1923.4465239151314,1720.804450442667,27.09935339862707,-4.385680121762859,6,31,73,DI Citikey,SRI,9,2016
665.8,454.85351429271566,351.48603952302255,533.7778628734493,188.64,203.28770851667122,0.0,1120.6535142927155,925.7055713901204,16.357442439890015,-17.40876341204303,20,38,25,DI Citikey,SRI,9,2017
569.1,563.2498620847953,352.16514347540607,586.007191527146,175.2,186.86471713781913,0.0,1132.3498620847954,948.0719086649651,3.4544295654383923,-24.485081101459695,53,41,18,DI Citikey,SRI,9,2018
463.4,708.6805193046598,360.6469570090569,658.4428235275718,172.8,149.77485483293623,0.0,1172.08051930466,981.017678360508,0.7012770147082152,-28.985655091669848,63,46,19,DI Citikey,SRI,9,2019
908.0,385.0447824320316,286.19112766390157,528.7286312445839,191.51999999999998,373.35895784102564,0.0,1293.0447824320315,1093.6075890856096,21.257971963190933,-5.794437709810165,9,37,40,DI Citikey,SRI,9,2020
928.3,363.2205827749959,283.9688736723746,530.916491412976,182.88,378.0669943066282,0.0,1291.5205827749958,1091.8634857196043,13.95504130806575,-23.824506113049683,28,32,36,DI Citikey,SRI,9,2021
975.0999999999998,320.59258030066144,297.9379816206555,527.0548042012699,190.07999999999998,385.55510541095,0.0,1295.6925803006611,1102.6899096122197,23.018030455253985,-14.244327289667321,8,32,39,DI Citikey,SRI,9,2022
320.9,655.1585272968166,344.4189227149954,655.7610326203121,162.23999999999998,16.819218464029902,0.0,976.0585272968166,834.820251084342,-7.050408151393142,-29.657990077828202,84,45,4,DI Citikey,SRI,9,2023
712.3000000000002,503.7896985339278,357.76914576731167,594.9381335119813,176.64,254.52647879215402,0.0,1216.089698533928,1026.1046123041353,8.202574780543749,-27.75948132535404,43,37,26,DI Citikey,SRI,9,2024
842.7000000000002,657.6101842439429,362.631981389831,597.8564397233224,280.0,426.7745083856756,100.0,1500.310184243943,1304.630948108998,28.218240407230116,4.8956217271186855,0,73,33,DI Citikey,FL,10,2015
1726.2,285.6750950230022,185.6750950230022,468.2280983696745,280.0,1051.5837335403012,100.0,2011.8750950230024,1799.8118319099758,41.23234838694122,21.830902819378927,0,51,79,DI Citikey,FL,10,2016
850.5,419.5160747508962,287.4068054652277,529.4200052916631,280.0,266.8179325514849,100.0,1270.0160747508962,1076.2379378431478,32.43529998903236,-5.823038646448414,3,59,34,DI Citikey,FL,10,2017
792.3,591.4774394548576,336.01802643166855,581.5197567759687,280.0,321.522574139859,100.0,1383.7774394548576,1183.0423309158277,26.433397875746877,3.8037193861461267,0,72,29,DI Citikey,FL,10,2018
771.8000000000001,661.4742049861976,365.94591019295626,648.8255850283772,280.0,317.23325436337444,100.0,1433.2742049861977,1246.0588393917517,27.33276897674128,-1.4081997366800714,1,73,33,DI Citikey,FL,10,2019
1217.1,430.8667630242804,302.16314455940113,521.3387716037939,280.0,653.143436893419,100.0,1647.9667630242802,1454.482208497213,37.45981388077633,4.18315329262017,0,59,65,DI Citikey,FL,10,2020
1076.0,462.2899249755348,243.53454096675387,539.2192128515387,280.0,521.7804885053899,100.0,1538.2899249755349,1340.9997013569287,31.839207937175196,4.95495826255991,0,66,52,DI Citikey,FL,10,2021
1098.6,347.3724386355786,247.3724386355786,529.175435897015,280.0,465.1173094818232,100.0,1445.9724386355786,1274.2927453788382,39.16298722728002,4.965441169185552,0,55,54,DI Citikey,FL,10,2022
629.7,696.4611277351903,369.1554278817601,668.2557939372148,280.0,182.38509528950442,100.0,1326.1611277351903,1130.640889226719,20.193755794350626,-1.3710218953511664,1,78,21,DI Citikey,FL,10,2023
922.8,548.7048493553972,286.9513842937116,580.1543335824641,280.0,409.93635872243345,100.0,1471.5048493553973,1270.0906923048976,31.202512067359933,3.280575377657727,0,67,49,DI Citikey,FL,10,2024
842.7000000000002,519.7155749469581,362.631981389831,579.1489041155926,187.2,406.50434041629876,0.0,1362.4155749469583,1172.8532445318915,17.72734285069893,-25.239137008228504,24,39,35,DI Citikey,SRI,10,2015
1726.2,185.6750950230022,185.6750950230022,452.77416423297535,192.0,1064.2027755750532,0.0,1911.8750950230024,1708.9769398080286,32.474164081557504,17.38946869336377,0,21,81,DI Citikey,SRI,10,2016
850.5,287.4068054652277,287.4068054652277,512.7966606672992,188.64,244.3917412329503,0.0,1137.9068054652278,945.8284019002494,21.133827454544786,-11.693202350685583,11,26,35,DI Citikey,SRI,10,2017
792.3,438.35007047812803,336.01802643166855,563.5490245138494,190.07999999999998,286.2859374252487,0.0,1230.6500704781279,1039.914961939098,16.761731691654756,-10.253273957319099,20,38,30,DI Citikey,SRI,10,2018
771.8000000000001,524.8743025442107,365.94591019295626,627.8402825907517,183.35999999999999,302.1935878536493,0.0,1296.6743025442106,1113.393870444401,11.439984613570745,-25.715643646036707,32,39,34,DI Citikey,SRI,10,2019
1217.1,302.16314455940113,302.16314455940113,505.34410048397467,192.0,635.1021386999505,0.0,1519.263144559401,1332.4462391839252,27.093892608261847,-4.0025329333823585,5,27,62,DI Citikey,SRI,10,2020
1076.0,312.9744028894688,243.53454096675387,522.1120620256147,188.64,485.9324137939678,0.0,1388.9744028894688,1196.6844758195825,21.23309401222617,-14.363920689754266,19,31,50,DI Citikey,SRI,10,2021
1098.6,247.3724386355786,247.3724386355786,512.2353932309225,192.0,472.497975397146,0.0,1345.9724386355786,1176.7333686280685,30.434673764673544,2.21568375406489,0,25,57,DI Citikey,SRI,10,2022
629.7,565.7571984941495,369.1554278817601,646.2109078377284,176.64,187.08605214795003,0.0,1195.4571984941495,1009.9369599856784,5.707568249069091,-27.273284147375453,50,41,21,DI Citikey,SRI,10,2023
922.8,382.0690231603636,286.9513842937116,562.0017264625124,186.72,364.3984189497097,0.0,1304.8690231603637,1113.120145412222,17.135652553769315,-23.340577353484335,24,33,43,DI Citikey,SRI,10,2024
1424.7,476.363636707003,344.88118174121325,544.5464093549724,280.0,883.2841167597675,100.0,1901.063636707003,1707.8305261147398,38.42500149504295,6.234616531193163,0,61,63,DI Citikey,FL,11,2015
1663.2,211.18313978817366,100.78313978817364,460.75543359655427,280.0,936.7875888441978,100.0,1874.3831397881736,1677.5430224407519,39.28087820590701,12.531289400440816,0,47,72,DI Citikey,FL,11,2016
869.6999999999999,371.98548108149134,229.1651302579258,492.74125389138067,280.0,268.23521455906166,100.0,1241.6854810814912,1040.9764684504423,36.032783243104426,3.136960375770834,0,60,39,DI Citikey,FL,11,2017
1095.7,424.92003348268275,307.9200334826827,542.8525291051733,280.0,497.94807633615346,100.0,1520.6200334826829,1320.8006054413268,34.93165076495238,3.81646572434118,0,59,40,DI Citikey,FL,11,2018
1237.4,514.5907792883943,341.6110623257588,591.3807780950788,280.0,687.7243188166696,100.0,1751.9907792883944,1559.1050969117482,36.39090436840228,5.022105635653016,0,66,64,DI Citikey,FL,11,2019
1455.8,272.098990156377,158.63991592422903,469.0452672237549,280.0,767.4058010319994,100.0,1727.8989901563768,1516.4510682557543,37.79238429990146,5.740925767852038,0,50,68,DI Citikey,FL,11,2020
1127.3000000000002,362.49159231892617,262.4915923189261,530.368103856576,280.0,491.7476676498303,100.0,1489.7915923189264,1302.1157715064064,36.57735171381094,7.129748168706252,0,57,46,DI Citikey,FL,11,2021
1245.6999999999998,262.4415046991859,144.84150469918592,495.657686256837,280.0,519.7158232636124,100.0,1508.1415046991856,1295.3735095204493,37.846507354838984,7.499732091229236,0,52,63,DI Citikey,FL,11,2022
866.2,526.4158552726586,347.44762251012247,625.3358819338815,280.0,298.5318025408516,100.0,1392.6158552726588,1203.867684474733,28.9236282430297,0.6609288786428538,0,67,34,DI Citikey,FL,11,2023
999.5,425.97450772531664,315.0745077253166,556.8992668083857,280.0,402.59459643304035,100.0,1425.4745077253167,1239.493863241426,36.738233736540124,-0.8323276006914346,1,61,48,DI Citikey,FL,11,2024
1424.7,370.5855934222583,344.88118174121325,527.9450169888692,192.0,891.2701264618705,0.0,1795.2855934222584,1611.2151434507396,29.988080269833013,-3.3814035274819676,2,31,61,DI Citikey,SRI,11,2015
1663.2,100.78313978817364,100.78313978817364,444.88283122859445,192.0,927.770318879531,0.0,1763.9831397881737,1564.6531501081254,30.589873716688963,5.170802285307952,0,16,71,DI Citikey,SRI,11,2016
869.6999999999999,244.16283584813866,229.1651302579258,477.25513450105694,191.03999999999996,253.1670903733604,0.0,1113.8628358481385,921.4622248744174,25.49273198644915,-9.126305799671709,8,28,40,DI Citikey,SRI,11,2017
1095.7,307.9200334826827,307.9200334826827,525.9935515434734,192.0,495.8070538978532,0.0,1403.6200334826826,1213.8006054413265,27.257849465908695,-2.1692105252308025,1,28,45,DI Citikey,SRI,11,2018
1237.4,382.38576051198316,341.6110623257588,573.2735730553276,192.0,671.6265050800096,0.0,1619.7857605119832,1436.900078135337,26.798452448615212,-4.6945660688234785,5,33,64,DI Citikey,SRI,11,2019
1455.8,158.63991592422906,158.63991592422903,454.4032445056563,192.0,766.5887495179502,0.0,1614.439915924229,1412.9919940236064,29.81513076103536,6.106126076984888,0,19,71,DI Citikey,SRI,11,2020
1127.3000000000002,262.4915923189261,262.4915923189261,513.1913161054365,192.0,491.4423638373123,0.0,1389.7915923189262,1196.6336799427488,29.682795351514404,6.279005957527941,0,27,52,DI Citikey,SRI,11,2021
1245.6999999999998,157.13550350905854,144.84150469918592,478.85333853822806,192.0,529.214169792094,0.0,1402.8355035090583,1200.0675083303222,28.771224847716383,-3.29399880987263,1,22,60,DI Citikey,SRI,11,2022
866.2,401.9164763942069,347.44762251012247,605.8514564609975,190.07999999999998,292.5933517114866,0.0,1268.116476394207,1088.524808172484,17.996208880669094,-26.66198428731169,22,33,38,DI Citikey,SRI,11,2023
999.5,315.0745077253166,315.0745077253166,540.4393994233229,192.0,395.551586626799,0.0,1314.5745077253166,1127.990986050122,29.135648200107703,4.338201963821621,0,30,52,DI Citikey,SRI,11,2024
1910.5,299.7093610359968,199.70936103599675,489.494050588723,280.0,1232.1272003589775,100.0,2210.2093610359966,2001.6212509477004,39.73875184957252,8.12601605660106,0,56,78,DI Citikey,FL,12,2015
1589.1,173.8792794139179,73.87927941391791,475.7793631038656,280.0,794.6403483555041,100.0,1762.9792794139178,1550.4197114593696,42.23852283159864,15.847339813216948,0,45,79,DI Citikey,FL,12,2016
1073.9,305.3435382028973,151.03665521517456,481.3727730765131,280.0,402.9686808456294,100.0,1379.2435382028975,1164.3414539221426,35.070646678732395,4.692624687890777,0,54,51,DI Citikey,FL,12,2017
1281.1999999999998,296.67356327435255,178.27356327435257,503.76305316171556,280.0,589.0568983661714,100.0,1577.8735632743524,1372.819951527887,40.060465816901406,9.680991039502382,0,51,64,DI Citikey,FL,12,2018
1574.6,361.9810706776904,261.9810706776904,531.9567632283895,280.0,922.9306676253349,100.0,1936.5810706776904,1734.8874308537243,40.05748069132652,8.248735480925504,0,57,71,DI Citikey,FL,12,2019
1408.7,260.893077408108,144.59307740810797,460.12061389356165,280.0,719.4215830123555,100.0,1669.593077408108,1459.542196905917,41.38355188270555,14.71140843359503,0,53,72,DI Citikey,FL,12,2020
1277.1,199.95440715426895,99.95440715426895,501.5318955733209,280.0,479.13436725384423,100.0,1477.0544071542688,1260.6662628271652,38.682095276079544,14.796169156352585,0,46,59,DI Citikey,FL,12,2021
1191.8,231.4564765639147,131.45647656391466,493.469012246966,280.0,449.53136929874387,100.0,1423.2564765639147,1223.0003815457098,40.42761746443116,19.41062109859905,0,47,62,DI Citikey,FL,12,2022
1076.9,373.3704639902981,221.08181016644835,576.550826277433,280.0,412.2487328038854,100.0,1450.2704639902981,1268.7995590813184,35.08478163308959,5.271788134937739,0,61,49,DI Citikey,FL,12,2023
1235.8,205.08417850606958,94.68417850606959,518.5356531698231,280.0,443.3961664704874,100.0,1440.8841785060695,1241.9318196403106,42.472703723206415,15.026707824597151,0,50,68,DI Citikey,FL,12,2024
1910.5,199.70936103599678,199.70936103599675,473.7870098755783,192.0,1245.3830574226479,0.0,2110.2093610359966,1911.170067298226,31.171575075764313,9.798035699605009,0,26,77,DI Citikey,SRI,12,2015
1589.1,73.87927941391791,73.87927941391791,459.64269532884464,192.0,807.9424853419719,0.0,1662.9792794139178,1459.5851806708165,31.376553091734035,13.292176004854905,0,15,70,DI Citikey,SRI,12,2016
1073.9,177.0360642595688,151.03665521517456,465.04477088649867,192.0,388.14892256537075,0.0,1250.9360642595689,1045.1936934518694,25.562623053315317,-3.5894900775806886,3,23,52,DI Citikey,SRI,12,2017
1281.1999999999998,189.94156966378273,178.27356327435257,486.82110004880434,192.0,592.4085255363317,0.0,1471.1415696637825,1271.229625585136,30.55459543761384,-3.2680063894301887,1,21,64,DI Citikey,SRI,12,2018
1574.6,261.9810706776904,261.9810706776904,515.56383976975,192.0,937.3235910839743,0.0,1836.5810706776904,1644.8874308537243,31.893795465574804,9.089837109827231,0,27,75,DI Citikey,SRI,12,2019
1408.7,144.59307740810797,144.59307740810797,445.63285867519426,192.0,713.9347796995531,0.0,1553.293077408108,1351.5676383747473,31.954520830108674,-0.7560312538663059,1,22,69,DI Citikey,SRI,12,2020
1277.1,99.95440715426895,99.95440715426895,484.3733022446936,192.0,494.29296058247144,0.0,1377.0544071542688,1170.6662628271652,30.218020408669364,6.512400477638045,0,16,61,DI Citikey,SRI,12,2021
1191.8,131.45647656391466,131.45647656391466,477.8391523725403,192.0,454.7322435797278,0.0,1323.2564765639147,1124.5713959522682,30.060015552079474,11.153205190878435,0,17,62,DI Citikey,SRI,12,2022
1076.9,243.4072125169234,221.08181016644835,557.9744377206741,190.56,392.92925245301797,0.0,1320.3072125169235,1141.4636901736922,26.632351321737072,-11.81585265194034,7,29,51,DI Citikey,SRI,12,2023
1235.8,94.68417850606957,94.68417850606959,501.3678896155976,192.0,445.6647902934151,0.0,1330.4841785060696,1139.0326799090126,30.58536198944631,5.456146360987279,0,19,69,DI Citikey,SRI,12,2024
2166.1000000000004,227.14630910606013,127.14630910606012,464.1461955163401,280.0,1435.998757831877,100.0,2393.2463091060604,2180.144953348217,42.87368837524781,27.78263591503184,0,47,93,DI Citameng II,FL,1,2016
1380.2999999999997,230.37524610214376,105.04819442580117,472.7628870788527,280.0,667.753988091069,100.0,1610.6752461021435,1420.5168751699216,33.530587923282674,1.8594465608519881,0,46,61,DI Citameng II,FL,1,2017
985.9999999999999,390.34995859596864,223.24315196248406,488.38801554447946,280.0,427.0071938016908,100.0,1376.3499585959685,1195.3952093461703,32.39114601925674,-5.604478368854005,8,60,43,DI Citameng II,FL,1,2018
1552.1000000000001,252.30232372970931,152.3023237297093,486.72694425266616,280.0,825.269173047802,100.0,1804.4023237297095,1591.996117300468,41.45510819040787,7.701380151216801,0,49,74,DI Citameng II,FL,1,2019
1786.4,214.5231001028808,114.5231001028808,493.9823077712221,280.0,1017.736794856395,100.0,2000.9231001028809,1791.7191026276173,41.83785092749062,16.476543861525563,0,49,88,DI Citameng II,FL,1,2020
1395.0,204.16844410200292,88.8684441020029,450.3725077395813,280.0,673.7484422533005,100.0,1599.168444102003,1404.1209499928818,39.33262811609508,12.958546790594763,0,44,70,DI Citameng II,FL,1,2021
1256.6,240.3637236001752,111.17702538482125,504.61700255213793,280.0,496.3928556000835,100.0,1496.9637236001752,1281.0098581522216,39.68425003214685,4.11330178464604,0,50,65,DI Citameng II,FL,1,2022
1259.1,206.7532547897501,95.35325478975008,489.72382687968013,280.0,489.96628761993736,100.0,1465.85325478975,1259.6901144996175,36.05406037441416,3.4984018034143176,0,49,56,DI Citameng II,FL,1,2023
1076.1,330.8909867884994,230.89098678849942,554.6932370175008,280.0,399.23433835043966,100.0,1406.9909867884994,1233.9275753679403,33.66619510950541,2.3135655725011226,0,54,43,DI Citameng II,FL,1,2024
2166.1000000000004,127.14630910606013,127.14630910606012,448.6724739684517,192.0,1447.8013450340204,0.0,2293.2463091060604,2088.473819002472,33.12074524734932,12.152558379204102,0,17,97,DI Citameng II,SRI,1,2016
1380.2999999999997,118.69973073901164,105.04819442580117,456.58599393161825,192.0,657.8746887278603,0.0,1498.9997307390113,1306.4606826594786,25.991906549911608,-4.251536313210469,2,15,60,DI Citameng II,SRI,1,2017
985.9999999999999,234.30708502651203,223.24315196248406,471.86419069445924,186.71999999999997,404.75246302731534,0.0,1220.307085026512,1063.3366537217746,24.3933226217331,-22.569838160694484,12,26,43,DI Citameng II,SRI,1,2018
1552.1000000000001,152.30232372970931,152.3023237297093,470.3691566193971,192.0,838.7950727148957,0.0,1704.4023237297095,1501.1642293342927,32.50599584539604,8.528099159620595,0,19,74,DI Citameng II,SRI,1,2019
1786.4,114.52310010288079,114.5231001028808,477.83257531475226,192.0,1031.047173236431,0.0,1900.9231001028809,1700.8797485511832,32.62049614267081,18.94905332824313,0,19,88,DI Citameng II,SRI,1,2020
1395.0,88.86844410200291,88.8684441020029,435.07937159247126,192.0,661.9850953680514,0.0,1483.868444102003,1289.0644669605226,30.30612693609802,-0.6895576330744939,1,13,69,DI Citameng II,SRI,1,2021
1256.6,122.7149585094934,111.17702538482125,487.45805586727926,192.0,493.90303719426043,0.0,1379.3149585094934,1173.3610930615396,30.043693587046576,-1.9379331246721456,3,19,64,DI Citameng II,SRI,1,2022
1259.1,95.3532547897501,95.35325478975008,473.5606754154754,192.0,488.55373835055605,0.0,1354.45325478975,1154.1144137660312,26.716839007355453,-1.442535356618201,1,18,47,DI Citameng II,SRI,1,2023
1076.1,230.8909867884994,230.89098678849942,536.5044888614834,192.0,391.27384428367816,0.0,1306.9909867884994,1119.7783331451615,29.368743828650622,6.033586261832155,0,24,47,DI Citameng II,SRI,1,2024
1938.6999999999998,200.54101732880122,63.365741819501864,463.4865848768774,280.0,1215.066854346691,100.0,2139.241017328801,1958.5534392235681,39.60612887054808,-3.7331850089576295,3,44,103,DI Citameng II,FL,2,2015
1871.6,231.36143773561673,131.3614377356167,466.25396188015884,280.0,1171.459478092875,100.0,2102.9614377356165,1917.713439973034,41.72661872438771,11.697569978434801,0,47,84,DI Citameng II,FL,2,2016
1040.7,283.3253725248928,140.53764447363866,477.0418591390607,280.0,389.5054882661957,100.0,1324.0253725248929,1146.5473474052565,31.196823440908066,-5.6892836647944405,4,54,37,DI Citameng II,FL,2,2017
916.5000000000001,364.4228453889507,161.8566487651441,491.5246292093906,280.0,326.9142513615717,100.0,1280.922845388951,1098.4388805709623,26.991298762899632,-5.287142533605082,11,60,35,DI Citameng II,FL,2,2018
1344.5,228.89858289975638,116.8005527597552,485.0861892479933,280.0,627.7983541306654,100.0,1573.3985828997563,1392.8845433786587,37.59748612886996,-3.3980301400011554,2,50,63,DI Citameng II,FL,2,2019
1639.6,215.80939519947526,115.80939519947523,478.3973207461288,280.0,889.0115936999575,100.0,1855.409395199475,1647.4089144460863,40.15125740566143,5.282801315340272,0,47,77,DI Citameng II,FL,2,2020
1108.6999999999998,306.94215604250553,116.28553304185596,467.48054161212593,280.0,450.7751084735918,100.0,1415.6421560425053,1198.2556500857177,31.611177705624787,-5.5028369453166155,8,56,49,DI Citameng II,FL,2,2021
1066.6999999999998,299.4710384890859,168.57284109590458,506.949438964269,280.0,387.21901382001715,100.0,1366.1710384890857,1174.1684527842863,34.77742577884626,-5.198197393181337,6,54,50,DI Citameng II,FL,2,2022
1212.6999999999998,284.43208482313526,159.02396030935432,497.8474951878267,280.0,547.3352994917549,100.0,1497.132084823135,1325.1827946795815,37.223262618030326,-1.3055973830057894,1,54,57,DI Citameng II,FL,2,2023
1029.0,306.37114511215725,136.41122894738965,536.555725902572,280.0,342.8314740377453,100.0,1335.3711451121571,1159.3871999403173,33.589402155042045,-3.814664872551175,7,53,49,DI Citameng II,FL,2,2024
1938.6999999999998,63.36574181950186,63.365741819501864,448.0495369889275,189.11999999999998,1214.3191646546427,0.0,2002.0657418195017,1851.48870164357,29.793911397614462,-26.23270831980602,8,11,104,DI Citameng II,SRI,2,2015
1871.6,131.3614377356167,131.3614377356167,450.53565991191056,192.0,1177.6863283466323,0.0,2002.9614377356165,1820.2219882585428,32.73365412857972,9.189021692925898,0,17,93,DI Citameng II,SRI,2,2016
1040.7,140.53764447363866,140.53764447363866,460.46045727788163,188.15999999999997,387.8817852885333,0.0,1181.2376444736387,1036.502242566415,23.808064232458484,-34.064115827926145,9,21,38,DI Citameng II,SRI,2,2017
916.5000000000001,226.65646642191803,161.8566487651441,474.208226951852,176.15999999999997,319.93219220528965,0.0,1143.1564664219181,970.3004191571416,13.559132851208599,-33.929670945008176,39,24,34,DI Citameng II,SRI,2,2018
1344.5,116.80055275975522,116.8005527597552,468.77610866211893,192.0,627.1197464633212,0.0,1461.3005527597552,1287.8958551254402,30.0323887644173,-2.423578334719352,1,19,61,DI Citameng II,SRI,2,2019
1639.6,115.80939519947523,115.80939519947523,462.0955218058609,192.0,898.2059643117982,0.0,1755.409395199475,1552.3014861176591,31.692397736065033,6.113664668653734,0,17,77,DI Citameng II,SRI,2,2020
1108.6999999999998,148.11879977186933,116.28553304185596,450.82784405452946,183.36,414.0298613227686,0.0,1256.8187997718692,1048.217705377298,20.196083130547922,-33.633266730013375,22,19,44,DI Citameng II,SRI,2,2021
1066.6999999999998,168.57284109590455,168.57284109590458,489.7518286653344,191.51999999999998,364.8214122215319,0.0,1235.2728410959044,1046.0932408868662,26.784674250273532,-5.2502101819931735,5,22,51,DI Citameng II,SRI,2,2022
1212.6999999999998,170.29636081804833,159.02396030935432,480.46697368855314,192.0,540.2390912965795,0.0,1382.996360818048,1212.7060649851328,26.30481833928704,-2.964591693643821,3,23,53,DI Citameng II,SRI,2,2023
1029.0,168.2133230643576,136.41122894738965,518.4172917601024,185.27999999999997,326.21699024115924,0.0,1197.2133230643576,1029.9142820012617,23.358218998089413,-31.80209411696795,15,18,43,DI Citameng II,SRI,2,2024
1598.3999999999999,260.8416229993576,55.27176356289558,464.10614943531124,280.0,935.0039092161419,100.0,1859.2416229993573,1679.110058651453,32.82786600192831,-2.735124339810779,6,51,83,DI Citameng II,FL,3,2015
1717.6999999999998,162.7934081882854,37.07164640962384,446.804980167978,280.0,958.480408480837,100.0,1880.4934081882852,1685.2853886488151,36.5807473152715,-2.7217617786615547,1,37,79,DI Citameng II,FL,3,2016
840.0,358.28613089652345,141.638143716058,478.6157779580014,280.0,256.693765294792,100.0,1198.2861308965234,1015.3095432527934,28.08329814839822,-4.313458570911433,9,66,25,DI Citameng II,FL,3,2017
719.3,384.2203483209574,110.93576503263071,506.01096048733353,280.0,143.62563663354535,100.0,1103.5203483209573,929.6365971208788,21.22770793784513,-3.7612475897993596,13,63,17,DI Citameng II,FL,3,2018
1070.1000000000001,350.78456505265206,128.9052706142736,487.1560626447446,280.0,482.1213566023797,100.0,1420.8845650526523,1249.2774192471243,31.407656053628862,-5.534777271972924,11,62,44,DI Citameng II,FL,3,2019
1446.1000000000001,134.16914953094943,34.16914953094942,461.51546374401346,280.0,636.7534182961274,100.0,1580.2691495309496,1378.2688820401409,39.66055026861679,20.924783386365736,0,41,66,DI Citameng II,FL,3,2020
1053.3999999999999,282.61150345246364,147.6956382270419,476.47228487123294,280.0,359.3358080132233,100.0,1336.0115034524636,1115.808092884456,31.722605923178307,-2.46397697752376,1,55,36,DI Citameng II,FL,3,2021
997.8000000000001,265.78983825831807,150.78983825831813,489.5425386046046,280.0,283.63027127037174,100.0,1263.5898382583182,1053.1728098749763,38.89949310241037,4.231774661939255,0,53,42,DI Citameng II,FL,3,2022
1046.6000000000001,337.83407112153054,132.8716064642744,487.20109587404056,280.0,420.0254825243569,100.0,1384.4340711215307,1187.2265783983976,29.134508456893908,-3.935390375382386,7,59,43,DI Citameng II,FL,3,2023
824.4000000000001,308.93628557661634,140.41841336925702,525.1783318011123,280.0,158.45025750861316,100.0,1133.3362855766163,963.6285893097255,26.64367002117951,-1.747634501280734,9,61,25,DI Citameng II,FL,3,2024
1598.3999999999999,115.77179339845867,55.27176356289558,448.50957851878513,176.16,939.0444650952668,0.0,1714.1717933984585,1563.714043614052,18.053299595094458,-30.436796675753325,36,11,79,DI Citameng II,SRI,3,2015
1717.6999999999998,37.07164640962384,37.07164640962384,431.47817149175114,192.0,935.5321765155613,0.0,1754.7716464096236,1559.0103480073126,29.481683214284203,1.0579383299829814,0,5,81,DI Citameng II,SRI,3,2016
840.0,209.70132556929036,141.638143716058,462.2586444375148,176.64,249.9036994831433,0.0,1049.7013255692905,888.8023439206581,13.967707162027258,-33.95060738742486,35,25,23,DI Citameng II,SRI,3,2017
719.3,239.9661109025957,110.93576503263071,488.70244978703744,169.91999999999996,158.7058389478026,0.0,959.2661109025956,817.3282887348399,3.5127452649105106,-34.47224944197073,54,21,20,DI Citameng II,SRI,3,2018
1070.1000000000001,222.3935816983771,128.9052706142736,470.8270238872958,178.56,478.87016709106626,0.0,1292.4935816983773,1128.257190978362,18.865657221470705,-31.800597917438232,29,24,44,DI Citameng II,SRI,3,2019
1446.1000000000001,34.16914953094942,34.16914953094942,445.72607502684696,192.0,643.895331319974,0.0,1480.2691495309496,1281.621406346821,30.80201526663378,10.80645074690302,0,11,69,DI Citameng II,SRI,3,2020
1053.3999999999999,189.11174444488813,147.6956382270419,459.83879941043983,187.67999999999998,384.71710744725783,0.0,1242.5117444448879,1032.2359068576975,21.829739736223605,-27.614104683897747,17,24,36,DI Citameng II,SRI,3,2021
997.8000000000001,150.78983825831807,150.78983825831813,472.7224821896027,192.0,281.7938555096385,0.0,1148.5898382583182,946.5163376992411,26.602143809586288,-4.645013832339453,3,22,45,DI Citameng II,SRI,3,2022
1046.6000000000001,197.3174088324901,132.8716064642744,470.05490063345604,180.95999999999998,399.27178655299787,0.0,1243.9174088324903,1050.286687186454,17.486311039269253,-33.607348596286386,26,20,40,DI Citameng II,SRI,3,2023
824.4000000000001,171.928939956114,140.41841336925702,507.33817894266986,175.67999999999998,173.47194695646894,0.0,996.328939956114,856.4901258991388,13.23494765376216,-33.09756193273142,37,24,26,DI Citameng II,SRI,3,2024
1026.6000000000001,349.31386779584807,64.69614800915303,466.45370840840803,280.0,452.41735833661903,100.0,1375.913867795848,1198.871066745027,23.951357040400246,-4.937132420414537,10,69,38,DI Citameng II,FL,4,2015
1204.3,232.5323276894405,80.46106898395668,452.85038447112225,280.0,495.01922053399096,100.0,1436.8323276894405,1227.869605005113,34.45946057714371,-4.127758745365414,4,46,51,DI Citameng II,FL,4,2016
572.9,454.8943713727682,179.28340845673276,475.4487656868098,280.0,99.36445131247936,100.0,1027.7943713727682,854.8132169992891,14.864886781499017,-4.683460694701725,11,73,6,DI Citameng II,FL,4,2017
400.9,587.2802495614775,192.99340170500338,500.1597365325295,280.0,36.757810521786915,100.0,988.1802495614775,816.9175470543164,8.055941314267802,-2.7877188166500755,10,77,7,DI Citameng II,FL,4,2018
576.5,510.7557303999125,164.85542629262838,489.1683723298413,280.0,145.3371895171557,100.0,1087.2557303999124,914.505561846997,23.19009131205822,-4.7778814682998245,11,83,26,DI Citameng II,FL,4,2019
1046.7,304.69611114741804,134.73596463497856,461.04259791714185,280.0,435.4783968578234,100.0,1351.3961111474182,1176.5209947749652,33.087551040611324,-5.032631125293096,8,55,46,DI Citameng II,FL,4,2020
898.9,329.4715593375403,120.44423683108933,478.82628287142,280.0,298.2614014044147,100.0,1228.3715593375402,1057.0876842758348,22.92628653520066,-4.678738781505297,5,57,34,DI Citameng II,FL,4,2021
864.3000000000001,260.3082371594188,122.51338996369098,482.12167176261715,280.0,185.5695779695188,100.0,1124.6082371594189,947.6912497321359,30.13102663285189,-4.065010121376859,4,53,29,DI Citameng II,FL,4,2022
837.5999999999999,386.1169208675624,159.0327885082159,502.22712433199206,280.0,271.6052169579317,100.0,1223.7169208675623,1053.8323412899238,23.164971212330016,-1.039771811940879,5,64,24,DI Citameng II,FL,4,2023
661.0,360.9904895135978,158.0570520764988,510.2731271265561,280.0,56.616694899817155,100.0,1021.9904895135978,846.8898220263733,17.862108965400562,-2.137806436009196,3,65,10,DI Citameng II,FL,4,2024
1026.6000000000001,226.52920293683366,64.69614800915303,450.53009080856225,167.99999999999997,478.4183176170063,0.0,1253.1292029368337,1096.9484084255687,5.752629211034427,-33.90283100923688,57,21,41,DI Citameng II,SRI,4,2015
1204.3,80.46106898395666,80.46106898395668,437.9972191557259,183.36,479.33692047668904,0.0,1284.7610689839566,1100.694139632415,19.515390256387846,-31.8828925042097,19,11,47,DI Citameng II,SRI,4,2016
572.9,334.7889053671249,179.28340845673276,459.7864599258146,167.51999999999998,111.35016293881583,0.0,907.6889053671249,738.6566228646304,3.5991644235262563,-33.1567598562581,61,29,11,DI Citameng II,SRI,4,2017
400.9,417.8165119688804,192.99340170500338,483.7560022372127,159.83999999999997,36.757810521786915,0.0,818.7165119688804,680.3538127589997,-7.747945697649471,-34.340016849356594,80,32,7,DI Citameng II,SRI,4,2018
576.5,357.54957549094365,164.85542629262838,472.5796931622404,168.95999999999998,143.51713720682608,0.0,934.0495754909437,785.0568303690665,7.789499313119531,-34.40779770881846,53,33,23,DI Citameng II,SRI,4,2019
1046.7,146.01826663685208,134.73596463497856,446.1834111062253,184.79999999999998,416.9926450154072,0.0,1192.7182666368521,1047.9760561216326,22.20006888100139,-29.920558792094177,19,21,43,DI Citameng II,SRI,4,2020
898.9,161.37430067908525,120.44423683108933,463.00262536042493,179.51999999999998,274.24042970240873,0.0,1060.2743006790852,916.7630550628336,8.64632760269942,-32.39849147531543,43,21,29,DI Citameng II,SRI,4,2021
864.3000000000001,122.51338996369097,122.51338996369098,466.54990941299303,187.2,170.13223274343002,0.0,986.8133899636911,823.882142156423,21.177772250675332,-20.72615019735685,13,20,32,DI Citameng II,SRI,4,2022
837.5999999999999,236.50258727192931,159.0327885082159,485.9466638642247,171.35999999999996,267.53766998222625,0.0,1074.1025872719292,924.8443338464509,7.645432856933091,-29.049057030705995,51,24,28,DI Citameng II,SRI,4,2023
661.0,236.90821415362407,158.0570520764988,493.41285880672535,170.87999999999997,88.66916111619992,0.0,897.908214153624,752.9620199229253,2.2649079655386877,-29.17454998052294,57,27,14,DI Citameng II,SRI,4,2024
626.4,521.8738619120899,60.370446656735695,485.4906404354906,280.0,199.5789582306149,100.0,1148.2738619120898,965.0695986661055,10.8846727644312,-5.18682337858118,9,82,17,DI Citameng II,FL,5,2015
862.8,261.810883779715,111.2902543599695,448.66709287478903,280.0,208.51294336617633,100.0,1124.610883779715,937.1800362409654,27.371969079521147,-5.296298820363555,6,55,26,DI Citameng II,FL,5,2016
350.5,594.6896778307051,180.27089263703854,473.00461132814826,280.0,17.30504583573947,100.0,945.1896778307051,770.3096571638878,10.598286814934951,-3.9495226895444024,9,84,4,DI Citameng II,FL,5,2017
214.1,747.8125461863082,226.93168144224407,508.0527635145656,280.0,4.059138135770521,100.0,961.9125461863082,792.1119016503361,7.733299800995668,-4.421226783780508,10,96,1,DI Citameng II,FL,5,2018
383.5,662.4288583969839,126.65345099290627,511.303173981869,280.0,75.22336084879541,100.0,1045.9288583969837,866.5265348306644,7.076184846967924,-2.8616901252795994,10,92,9,DI Citameng II,FL,5,2019
800.3,365.29522718997606,134.08422231692006,461.1489282933962,280.0,227.69731646226836,100.0,1165.595227189976,968.8462447556647,23.613261362767734,-3.6744179983665197,7,62,23,DI Citameng II,FL,5,2020
680.8999999999999,506.1887166919782,241.06467905542945,482.9129055054375,280.0,254.89574186309025,100.0,1187.088716691978,1017.8086473685278,24.394283192917786,-5.2802278172313,13,73,23,DI Citameng II,FL,5,2021
603.0,410.86655897303365,161.79811047184594,483.41868759820744,280.0,81.70104914364988,100.0,1013.8665589730336,845.1197367418574,18.63850319402385,-5.373925494754049,11,69,14,DI Citameng II,FL,5,2022
586.4,513.8517494059001,177.22638704690695,501.78406327763105,280.0,149.1959303877881,100.0,1100.2517494059002,930.9799936654192,16.674365875350876,-5.426585815401905,13,73,18,DI Citameng II,FL,5,2023
448.20000000000005,575.6710391609518,178.34090092157314,515.599656970322,280.0,59.69786517648782,100.0,1023.8710391609518,855.2975221468098,12.024534198559758,-3.25215052956192,11,86,7,DI Citameng II,FL,5,2024
626.4,351.72189741774037,60.370446656735695,468.834525390838,158.87999999999997,199.5789582306149,0.0,978.1218974177403,827.2934836214529,-9.131022168023724,-33.79795826282637,82,24,17,DI Citameng II,SRI,5,2015
862.8,111.2902543599695,111.2902543599695,434.0962407020369,181.44,186.89627907632007,0.0,974.0902543599694,802.4325197783569,14.859654206402748,-22.43244889914454,31,21,20,DI Citameng II,SRI,5,2016
350.5,435.08078227648923,180.27089263703854,457.67825279153317,161.27999999999997,17.30504583573947,0.0,785.5807822764892,636.2632986272727,-8.351864696801309,-33.340537413849724,84,37,4,DI Citameng II,SRI,5,2017
214.1,596.964992664565,226.93168144224407,491.50139633481155,163.2,4.059138135770521,0.0,811.064992664565,658.760534470582,-8.273288898771707,-33.71344592243194,74,44,1,DI Citameng II,SRI,5,2018
383.5,499.22420401291174,126.65345099290627,493.8849289495606,157.92,75.22336084879541,0.0,882.7242040129117,727.028289798356,-10.664026828358129,-33.69013697444597,86,34,9,DI Citameng II,SRI,5,2019
800.3,227.9139122045789,134.08422231692006,446.0706761102298,174.71999999999997,220.9583740998058,0.0,1028.213912204579,841.7490502100355,10.580856592128361,-31.679673595011316,44,21,23,DI Citameng II,SRI,5,2020
680.8999999999999,362.12083771427893,241.06467905542945,467.2400316801867,178.56,250.42179488197854,0.0,1043.0208377142787,896.2218265621652,9.692825198299255,-33.89977791275209,44,34,23,DI Citameng II,SRI,5,2021
603.0,247.28785064866395,161.79811047184594,467.99140268879364,174.71999999999997,58.33640820866852,0.0,850.287850648664,701.0478108974622,5.004155931633934,-31.965525468280447,47,29,13,DI Citameng II,SRI,5,2022
586.4,372.10171508123415,177.22638704690695,485.61972770018065,159.83999999999997,151.13886835743997,0.0,958.5017150812341,796.5985960576205,-3.1101147287951267,-34.75228010416456,75,28,14,DI Citameng II,SRI,5,2023
448.20000000000005,391.1259295787182,178.34090092157314,499.0373600753357,164.64,34.46038212854251,0.0,839.3259295787183,698.1377422038781,-4.8056463792616455,-31.67646421331957,68,35,5,DI Citameng II,SRI,5,2024
148.10000000000002,838.5441643195829,284.704365910741,524.9774227295482,280.0,3.6256524104969934,100.0,986.644164319583,808.6030751400451,7.222797102527271,-3.8711453792826447,10,105,1,DI Citameng II,FL,6,2015
825.3999999999999,357.56696447277113,167.7731800384647,456.3771048179154,280.0,230.96884099013545,100.0,1182.966964472771,967.3459458080508,19.88194068530389,0.0894473702057974,0,60,21,DI Citameng II,FL,6,2016
180.3,774.4571020569842,295.93614524117027,501.06706244624047,280.0,0.0,100.0,954.7571020569842,781.0670624462405,9.367537198786001,-3.5421606725145587,11,98,0,DI Citameng II,FL,6,2017
110.69999999999999,869.925898588607,308.0825729147563,529.0305302284754,280.0,0.0,100.0,980.625898588607,809.0305302284754,7.354970876329019,-4.859629039548052,10,103,0,DI Citameng II,FL,6,2018
98.8,905.0099716638266,273.3990351403019,553.1553134942098,280.0,0.0,100.0,1003.8099716638266,833.1553134942098,6.806138965637964,-6.746500994672613,12,108,0,DI Citameng II,FL,6,2019
483.0,511.5467355577139,192.11669890197123,485.3041952161968,280.0,46.41977030240537,100.0,994.5467355577139,811.7239655186022,17.738139652626675,-5.388567975557424,10,77,7,DI Citameng II,FL,6,2020
651.2,496.61976786871844,238.77318333224247,483.9176092234791,280.0,204.6406286467537,100.0,1147.8197678687184,968.5582378702328,19.57669358972332,-4.851209107992774,11,72,17,DI Citameng II,FL,6,2021
517.2,470.81806219575276,237.0889051317467,488.46444362705586,280.0,30.47085557428361,100.0,988.0180621957528,798.9352992013395,19.762315461599343,-5.705852886024075,5,73,4,DI Citameng II,FL,6,2022
325.29999999999995,727.8058367070389,237.5519897746558,523.3664783230014,280.0,70.32006886989112,100.0,1053.1058367070389,873.6865471928925,10.95344857019813,-3.832107561254549,11,91,11,DI Citameng II,FL,6,2023
319.1,706.0913710462646,281.36702068709917,539.0006986128656,280.0,39.33694002664258,100.0,1025.1913710462645,858.3376386395081,11.816094499338885,-6.065250242859724,7,91,7,DI Citameng II,FL,6,2024
148.10000000000002,686.3160263729244,284.704365910741,507.04857752373096,159.35999999999999,3.6256524104969934,0.0,834.4160263729244,670.0342299342279,-9.684583985351646,-33.535719855411855,85,44,1,DI Citameng II,SRI,6,2015
825.3999999999999,222.81981517921776,167.7731800384647,440.7752692290089,175.68,225.3103089303213,0.0,1048.2198151792177,841.7655781593303,5.701456300096625,-23.088298395807644,46,26,21,DI Citameng II,SRI,6,2016
180.3,629.3508741160194,295.93614524117027,484.4392946451777,158.88,0.0,0.0,809.6508741160194,643.3192946451777,-9.076643210087465,-35.036981127383605,83,42,0,DI Citameng II,SRI,6,2017
110.69999999999999,713.9185437035518,308.0825729147563,511.2065131811347,160.31999999999996,0.0,0.0,824.6185437035517,671.5265131811346,-9.589937746393224,-34.328928753899326,82,46,0,DI Citameng II,SRI,6,2018
98.8,741.0990340243465,273.3990351403019,534.2065046534844,156.95999999999998,0.0,0.0,839.8990340243464,691.1665046534845,-10.691158774581064,-35.08354175052599,89,49,0,DI Citameng II,SRI,6,2019
483.0,386.61944633730883,192.11669890197123,468.7526177459566,166.55999999999997,60.15756908740525,0.0,869.6194463373088,695.4701868333618,0.5079458879411498,-35.15623362601417,59,32,8,DI Citameng II,SRI,6,2020
651.2,371.6725275798319,238.77318333224247,467.6027149678938,165.59999999999997,229.37171792612395,0.0,1022.872527579832,862.5744328940177,2.2026621268936197,-28.529499687945844,66,31,18,DI Citameng II,SRI,6,2021
517.2,363.2209582473264,237.0889051317467,471.7952996716846,173.76,49.083272651827656,0.0,880.4209582473264,694.6385723235122,5.9738292578993475,-30.894133523251384,55,32,8,DI Citameng II,SRI,6,2022
325.29999999999995,567.3060716756784,237.5519897746558,505.63886846332645,162.71999999999997,58.37805902003156,0.0,892.6060716756783,726.7369274833579,-4.338328875576302,-32.79181076965577,71,36,7,DI Citameng II,SRI,6,2023
319.1,533.4409380398631,281.36702068709917,520.6816436013689,161.28,12.179453656066887,0.0,852.5409380398631,694.1410972574358,-4.970501385011731,-30.004591868591557,78,37,4,DI Citameng II,SRI,6,2024
129.5,892.3130143244922,307.79710060321423,566.5424457624027,280.0,4.166708266197473,100.0,1021.8130143244922,850.7091540286002,6.9175428907127445,-6.631959817569685,10,103,1,DI Citameng II,FL,7,2015
1211.6000000000001,403.16907986700693,258.47373378382173,452.25765252055623,280.0,673.3187229289424,100.0,1614.7690798670071,1405.5763754494988,33.89366884344111,6.686069137330562,0,63,39,DI Citameng II,FL,7,2016
349.3,702.0298047708204,275.0058879777272,509.55600531030905,280.0,65.83792998400526,100.0,1051.3298047708204,855.3939352943144,14.659391344481806,-1.2313245981764025,2,89,5,DI Citameng II,FL,7,2017
100.5,915.5394941225568,299.0472003739185,561.5952406573259,280.0,0.0,100.0,1016.0394941225568,841.5952406573259,6.778688294938981,-4.647201038838112,12,106,0,DI Citameng II,FL,7,2018
65.5,984.195148606254,338.6154038654506,599.5768401152509,280.0,0.0,100.0,1049.695148606254,879.5768401152509,6.369943626525146,-5.906448935198586,12,105,0,DI Citameng II,FL,7,2019
480.0,539.5506105477823,222.5181227683533,511.9573145163947,280.0,51.767498798122844,100.0,1019.5506105477823,843.7248133145175,13.077156892703382,-4.01126967311712,2,73,4,DI Citameng II,FL,7,2020
533.9000000000001,515.9820866275727,187.05338517528895,505.9060597221208,280.0,88.88896538524273,100.0,1049.8820866275728,874.7950251073635,13.833393254837244,-6.616662571823376,9,75,8,DI Citameng II,FL,7,2021
602.8,484.0516749420402,199.62649196037486,496.105798491643,280.0,109.49300107500173,100.0,1086.85167494204,885.5987995666447,16.79640623477159,0.08339023900266174,0,75,12,DI Citameng II,FL,7,2022
183.2,853.5924128036762,274.90603738829117,575.7423403201627,280.0,8.15212786763749,100.0,1036.7924128036761,863.8944681878003,8.391689944038916,-5.381574008211855,13,99,1,DI Citameng II,FL,7,2023
333.5,722.9967658116842,264.1845386217671,567.7078091273861,280.0,36.96257909231603,100.0,1056.4967658116843,884.6703882197021,11.574986164903164,-4.644896218868266,10,88,5,DI Citameng II,FL,7,2024
129.5,720.7247459591886,307.79710060321423,546.5655354548273,159.35999999999999,4.166708266197473,0.0,850.2247459591886,710.0922437210248,-10.40128624314068,-36.18037893362337,88,45,1,DI Citameng II,SRI,7,2015
1211.6000000000001,280.0142295936943,258.47373378382173,436.3630678824087,189.12,664.4215872653988,0.0,1491.6142295936945,1289.9046551478075,18.82652837229842,-12.361993387972035,13,31,40,DI Citameng II,SRI,7,2016
349.3,577.6265003986172,275.0058879777272,490.9100152431674,169.92000000000002,75.16482459689065,0.0,926.9265003986172,735.994839840058,0.410775562098972,-30.20660540319713,60,42,8,DI Citameng II,SRI,7,2017
100.5,741.3969322698915,299.0472003739185,541.8220459869593,156.48,0.0,0.0,841.8969322698915,698.3020459869593,-10.57234983644867,-35.436833555468326,90,48,0,DI Citameng II,SRI,7,2018
65.5,815.3679348229705,338.6154038654506,578.0792996524306,156.47999999999996,0.0,0.0,880.8679348229705,734.5592996524306,-11.38701752496664,-34.997208693340184,91,48,0,DI Citameng II,SRI,7,2019
480.0,413.1184955218158,222.5181227683533,493.3424481093414,172.32,51.767498798122844,0.0,893.1184955218158,717.4299469074641,-4.063528870719837,-28.863422971736597,66,34,4,DI Citameng II,SRI,7,2020
533.9000000000001,366.7421516894428,187.05338517528895,488.5149844266874,170.88,81.71898782395431,0.0,900.6421516894429,741.1139722506417,-3.549349748913086,-30.861275534371945,61,33,8,DI Citameng II,SRI,7,2021
602.8,330.18617864253076,199.62649196037486,478.2475366958943,175.67999999999998,83.62741281124181,0.0,932.9861786425307,737.5549495071361,2.94763684140344,-28.898447961504996,46,34,9,DI Citameng II,SRI,7,2022
183.2,702.1391300452858,274.90603738829117,555.1503070087322,156.47999999999996,8.15212786763749,0.0,885.3391300452859,719.7824348763697,-8.620327736064478,-34.180126160545164,88,43,1,DI Citameng II,SRI,7,2023
333.5,556.0859071442219,264.1845386217671,547.4513579250067,166.07999999999998,17.832112844222507,0.0,889.5859071442219,731.3634707692291,-2.6927963537218855,-34.58275546369872,67,38,5,DI Citameng II,SRI,7,2024
221.7,875.2684666195095,323.4413660759054,601.84336705124,280.0,25.3637143152309,100.0,1096.9684666195094,907.2070813664709,11.04339427063941,-6.042887080273475,4,100,4,DI Citameng II,FL,8,2015
1518.2,381.60560963974393,215.6354626075817,448.2914699529399,280.0,955.131785269021,100.0,1899.805609639744,1683.423255221961,34.991241904567225,4.413786295043302,0,61,57,DI Citameng II,FL,8,2016
551.3000000000001,690.5331929925911,310.28778847920574,527.3020947463092,280.0,223.35964133690015,100.0,1241.8331929925912,1030.6617360832092,19.457399467822853,-1.4418477625175532,2,79,16,DI Citameng II,FL,8,2017
281.50000000000006,832.7551670871724,343.43655728571446,573.3387694333286,280.0,64.34611717134447,100.0,1114.2551670871724,917.684886604673,10.506203134436072,-4.770366206043248,6,92,7,DI Citameng II,FL,8,2018
152.39999999999998,945.5363403997321,338.76545371624104,637.2027015299657,280.0,6.861364656750808,100.0,1097.9363403997322,924.0640661867164,7.681663189366385,-5.82089174182674,11,101,1,DI Citameng II,FL,8,2019
658.1,549.0900142106748,289.8393351224085,522.0101817608361,280.0,188.09924036940726,100.0,1207.1900142106747,990.1094221302433,24.410051278924346,3.6596182429857427,0,68,25,DI Citameng II,FL,8,2020
707.9000000000001,562.873612956193,304.0510056697841,522.6699012897063,280.0,253.4743082333622,100.0,1270.7736129561931,1056.1442095230686,21.475649512433435,-0.17716578580417242,1,73,22,DI Citameng II,FL,8,2021
820.8999999999999,523.8347931902936,281.2099577293158,506.2945936270412,280.0,342.0437217987961,100.0,1344.7347931902934,1128.3383154258372,26.005193481780477,0.2148624991352568,0,70,36,DI Citameng II,FL,8,2022
206.5,896.3427308592804,298.2617249599212,624.1086057123808,280.0,26.31511227417779,100.0,1102.8427308592804,930.4237179865586,6.346614883474361,-6.3230880196113555,9,101,1,DI Citameng II,FL,8,2023
424.5,734.4873775607662,306.5410314082036,597.6105122813119,280.0,68.56580417058719,100.0,1158.9873775607662,946.1763164518991,14.447260690635515,-4.2705036606836,2,87,5,DI Citameng II,FL,8,2024
221.7,735.3167792095506,323.4413660759054,579.5759970414732,163.68,28.922727316221092,0.0,957.0167792095506,772.1787243576943,-5.391878260518845,-32.10659659885962,79,47,6,DI Citameng II,SRI,8,2015
1518.2,249.37599065431982,215.6354626075817,433.29439436573466,192.0,933.3939953631949,0.0,1767.5759906543199,1558.6883897289295,24.58306721688866,-2.582349499075788,5,29,57,DI Citameng II,SRI,8,2016
551.3000000000001,536.0872595144841,310.28778847920574,508.49865500693375,177.60000000000002,198.44582841047787,0.0,1087.3872595144842,884.5444834174116,5.5463606290213185,-23.538133223209556,44,40,13,DI Citameng II,SRI,8,2017
281.50000000000006,702.9465726941547,343.43655728571446,552.3893975903391,166.07999999999998,76.04418581414836,0.0,984.4465726941548,794.5135834044873,-4.633909328435062,-29.161185717322635,79,46,7,DI Citameng II,SRI,8,2018
152.39999999999998,774.1398269747464,338.76545371624104,613.8934478927724,160.32,9.84458975525795,0.0,926.5398269747463,784.0580376480303,-8.61110202139443,-31.27271044088679,88,49,1,DI Citameng II,SRI,8,2019
658.1,422.2232622260911,289.8393351224085,503.49959554852995,184.32,185.4230745971297,0.0,1080.3232622260912,873.2426701456596,12.63538960310082,-22.776172739975628,27,35,24,DI Citameng II,SRI,8,2020
707.9000000000001,434.6599036621607,304.0510056697841,503.96457449876124,177.6,256.365925730275,0.0,1142.5599036621607,937.9305002290362,4.257010006919997,-29.36972270956038,48,36,21,DI Citameng II,SRI,8,2021
820.8999999999999,373.99913005676825,281.2099577293158,488.8396974848953,187.67999999999998,311.9829548074166,0.0,1194.8991300567682,988.5026522923118,15.564873602561114,-21.769371600358138,18,35,29,DI Citameng II,SRI,8,2022
206.5,744.2673647066313,298.2617249599212,600.8979096459125,158.88,26.31511227417779,0.0,950.7673647066313,786.0930219200902,-10.479202196005948,-31.981721258568818,93,48,1,DI Citameng II,SRI,8,2023
424.5,572.9656444268186,306.5410314082036,575.9328684525992,169.92000000000002,47.39815546226605,0.0,997.4656444268186,793.2510239148653,-1.5372947607620748,-29.816380481704325,69,41,7,DI Citameng II,SRI,8,2024
643.0,747.8575268792295,340.54529673404596,589.954760148449,280.0,313.0968605787377,100.0,1390.8575268792295,1183.0516207271867,20.33944721040143,-2.0655992952635636,1,84,18,DI Citameng II,FL,9,2015
1961.3999999999999,363.49199176778893,220.86291353167007,446.66166568401525,280.0,1383.8350964044498,100.0,2324.8919917677886,2110.496762088465,38.498271950665234,4.608451420792971,0,59,84,DI Citameng II,FL,9,2016
697.1999999999999,591.4080563691806,347.3412791332921,518.6590823340227,280.0,279.9437438826865,100.0,1288.6080563691805,1078.6028262167092,28.281984095863006,0.9395653860527053,0,71,29,DI Citameng II,FL,9,2017
606.0999999999998,708.0341641263973,346.28901209852836,569.5655254988249,280.0,263.69052171200434,100.0,1314.134164126397,1113.2560472108291,17.8454571848098,-0.9000975836124745,3,79,20,DI Citameng II,FL,9,2018
493.5,794.3949746512001,354.50108714898806,642.7401243599558,280.0,159.2408729662626,100.0,1287.8949746512,1081.9809973262184,17.789773324083,-2.2117526506312046,2,86,14,DI Citameng II,FL,9,2019
928.5,488.56347322493224,274.76849122670194,515.3829235724702,280.0,411.5509002715891,100.0,1417.0634732249323,1206.9338238440594,34.21617270005561,6.920739546328726,0,68,50,DI Citameng II,FL,9,2020
985.8999999999999,464.99780010978054,275.8292708035748,520.3168169587594,280.0,437.06049223538673,100.0,1450.8978001097803,1237.3773091941462,26.666415790723104,-1.1839046649792042,1,64,35,DI Citameng II,FL,9,2021
1049.0,439.01953975738314,297.5683099203012,513.6810119593539,280.0,486.45433214384093,100.0,1488.0195397573832,1280.1353441031947,34.512552773318575,4.69322172399165,0,63,51,DI Citameng II,FL,9,2022
302.09999999999997,824.5157332713874,342.8376122947034,647.0431923605594,280.0,28.99150569984959,100.0,1126.6157332713874,956.0346980604089,11.742045439457998,-4.929583687888007,3,90,5,DI Citameng II,FL,9,2023
700.0,624.9169119300561,352.3413956628968,591.5913841506001,280.0,248.92003917078716,100.0,1324.9169119300561,1120.5114233213872,24.62984944048648,-0.9386315714085871,1,74,34,DI Citameng II,FL,9,2024
643.0,607.7036905804058,340.54529673404596,568.9420837658658,176.64,307.3157006624972,0.0,1250.7036905804057,1052.8977844283631,5.600041292318285,-29.100669238113632,51,44,22,DI Citameng II,SRI,9,2015
1961.3999999999999,248.82207509929646,220.86291353167007,432.3206038050349,192.0,1381.5062416149376,0.0,2210.2220750992965,2005.8268454199724,28.962345265612097,-5.004100527448381,4,28,81,DI Citameng II,SRI,9,2016
697.1999999999999,451.6153629952242,347.3412791332921,501.7595908109986,189.11999999999998,257.93054203175416,0.0,1148.8153629952242,948.8101328427528,18.025034605654824,-11.947177179408284,18,39,28,DI Citameng II,SRI,9,2017
606.0999999999998,557.499836479498,346.28901209852836,550.0679215555913,174.72,245.41453395702433,0.0,1163.5998364794978,970.2024555126156,4.370130734067056,-24.08874196063532,53,41,20,DI Citameng II,SRI,9,2018
493.5,656.2990807030646,354.50108714898806,620.0850676724745,170.88,162.92003570560857,0.0,1149.7990807030646,953.885103378083,1.1339015204414147,-29.903140242665454,63,45,16,DI Citameng II,SRI,9,2019
928.5,363.4189684526725,274.76849122670194,498.2648790275165,192.0,400.68390090735477,0.0,1291.9189684526725,1090.9487799348713,23.824049965747697,-5.526041619569566,8,36,45,DI Citameng II,SRI,9,2020
985.8999999999999,332.7581495764098,275.8292708035748,502.4529569610159,182.88,429.8047016997595,0.0,1318.6581495764096,1115.1376586607755,14.821674074066587,-22.25149973176658,28,31,42,DI Citameng II,SRI,9,2021
1049.0,308.313421912861,297.5683099203012,496.7148822182087,192.0,469.87968758287474,0.0,1357.313421912861,1158.5945698010835,25.69289688524018,-3.8555436630007,5,31,47,DI Citameng II,SRI,9,2022
302.09999999999997,678.9111826729786,342.8376122947034,624.0989170404051,164.16,43.01274934774925,0.0,981.0111826729785,831.2716663881544,-5.034506143030864,-30.197193902789493,77,46,7,DI Citameng II,SRI,9,2023
700.0,504.9564329939102,352.3413956628968,571.122848401753,182.88,256.04576065631073,0.0,1204.9564329939103,1010.0486090580637,12.649577681877572,-28.68890321914199,30,37,30,DI Citameng II,SRI,9,2024
925.5999999999999,630.5993453985759,350.54722706491583,577.7680571059147,280.0,507.523019701024,100.0,1556.1993453985758,1365.2910768069387,28.041202074243312,5.114977624984677,0,72,38,DI Citameng II,FL,10,2015
1987.1,245.94188730842632,145.94188730842632,446.05403345572597,280.0,1293.317714870419,100.0,2233.0418873084263,2019.3717483261448,40.73176130050685,4.704696064887798,0,47,84,DI Citameng II,FL,10,2016
888.4000000000001,425.95930018443767,299.56019755369965,507.3814772483391,280.0,330.2464707128197,100.0,1314.3593001844379,1117.6279479611587,33.72461020377717,2.5748779858911286,0,60,35,DI Citameng II,FL,10,2017
882.8000000000002,580.4896076339543,332.5817538716787,554.9622333076563,280.0,423.43772272297207,100.0,1463.2896076339543,1258.3999560306283,26.995986573735642,3.5704195013339,0,71,32,DI Citameng II,FL,10,2018
817.0,640.8625896114021,356.8495451682361,621.1231708182352,280.0,368.33924036428454,100.0,1457.8625896114022,1269.4624111825196,27.369766446849358,0.053426405087773965,0,74,34,DI Citameng II,FL,10,2019
1274.4,421.2601723312201,293.16191291339146,495.14304691256507,280.0,720.6905802109969,100.0,1695.66017233122,1495.833627123562,37.736983632436726,5.301740582171405,0,61,66,DI Citameng II,FL,10,2020
1238.0,441.84062373064575,223.51029150135355,517.3957959602162,280.0,674.0795186930472,100.0,1679.8406237306458,1471.4753146532635,32.860843581707584,4.015670651541532,0,63,66,DI Citameng II,FL,10,2021
1239.3,333.6188998589737,233.61889985897363,505.14462636410536,280.0,604.8180026229331,100.0,1572.9188998589736,1389.9626289870384,39.692157970968935,10.301722239459899,0,55,63,DI Citameng II,FL,10,2022
637.9,703.8099099423879,362.2283767639188,643.7906093038214,280.0,219.17248008843066,100.0,1341.7099099423879,1142.963089392252,21.38789680924327,-1.1263663351052164,3,79,24,DI Citameng II,FL,10,2023
906.2,532.1023120986313,278.285058464573,561.0057939857519,280.0,393.0647936293216,100.0,1438.3023120986313,1234.0705876150735,31.258944442673517,5.276193527341753,0,66,51,DI Citameng II,FL,10,2024
925.5999999999999,504.3242367706839,350.54722706491583,559.7634879096072,187.2,498.7011130055724,0.0,1429.9242367706838,1245.6646009151796,17.194834434082782,-25.082845908366245,22,39,36,DI Citameng II,SRI,10,2015
1987.1,145.94188730842632,145.94188730842632,431.2560825094182,192.0,1305.2829840362215,0.0,2133.0418873084263,1928.5390665456398,32.20172470872114,1.3218256753995856,0,17,85,DI Citameng II,SRI,10,2016
888.4000000000001,299.5601975536997,299.56019755369965,491.21595706616455,190.56,312.79484291064085,0.0,1187.9601975536998,994.5707999768053,23.341182989683517,-9.55510036955777,8,27,38,DI Citameng II,SRI,10,2017
882.8000000000002,434.91366675550387,332.5817538716787,537.620438502088,186.72,398.48357665009,0.0,1317.7136667555042,1122.824015152178,17.26427375282517,-11.524821537896212,24,38,37,DI Citameng II,SRI,10,2018
817.0,506.02679102794866,356.8495451682361,600.8703461124767,185.27999999999997,352.58932329263223,0.0,1323.0267910279485,1138.739669405109,14.086232008808903,-26.33449920681103,29,39,33,DI Citameng II,SRI,10,2019
1274.4,293.16191291339146,293.16191291339146,479.6226915143285,192.0,702.7767624803005,0.0,1567.5619129133916,1374.3994539946289,27.778637824529174,-0.3874056480439112,2,29,61,DI Citameng II,SRI,10,2020
1238.0,302.2237862329982,223.51029150135355,500.7363533478569,192.0,646.1200551136855,0.0,1540.2237862329982,1338.8564084615423,22.766320702476992,-5.075466888815665,10,30,65,DI Citameng II,SRI,10,2021
1239.3,233.61889985897372,233.61889985897363,488.7454935540219,192.0,611.6683146866205,0.0,1472.9188998589736,1292.4138082406425,30.86725070283374,6.195039170512648,0,25,69,DI Citameng II,SRI,10,2022
637.9,559.34864898564,362.2283767639188,622.4314879275953,176.16,209.91034050790873,0.0,1197.24864898564,1008.501828435504,4.910939591609355,-28.16903274329592,53,40,22,DI Citameng II,SRI,10,2023
906.2,386.52187990206363,278.285058464573,543.3053395037442,189.12,366.0648159147614,0.0,1292.7218799020636,1098.4901554185058,20.024364827902065,-21.175940788484652,18,32,47,DI Citameng II,SRI,10,2024
1525.9,462.09753234831675,335.15333687468365,532.0744324021823,280.0,983.9167262393115,100.0,1987.9975323483168,1795.9911586414937,37.89620563305619,6.355804526367002,0,61,66,DI Citameng II,FL,11,2015
1863.2000000000003,197.63254725110775,82.93254725110775,441.588862385816,280.0,1125.6499322898312,100.0,2060.832547251108,1847.2387946756471,39.53139908455102,14.90032306802313,0,43,80,DI Citameng II,FL,11,2016
973.9,355.2447851677882,211.51709182274914,476.97096130954503,280.0,372.01395906679284,100.0,1329.144785167788,1128.9849203763379,36.206250546886686,-1.4994938488224268,1,57,45,DI Citameng II,FL,11,2017
1316.3,428.09833401378927,311.39833401378917,525.4151635108568,280.0,736.5273610753646,100.0,1744.3983340137893,1541.9425245862215,36.954391234241974,9.429560518020516,0,61,55,DI Citameng II,FL,11,2018
1269.6,497.59140997431547,339.4278794914613,573.1408847548516,280.0,718.2189501347058,100.0,1767.1914099743153,1571.3598348895575,37.11590990036878,3.4039702543400514,0,64,67,DI Citameng II,FL,11,2019
1490.8,240.97202025319757,140.97202025319757,453.4690735779082,280.0,783.6349340145018,100.0,1731.7720202531975,1517.10400759241,38.14471893024533,4.694190751698115,0,49,70,DI Citameng II,FL,11,2020
1290.5,363.081332313057,263.08133231305703,512.9089476559664,280.0,661.1007039996707,100.0,1653.581332313057,1454.009651655637,39.70177999442067,5.273817018587133,0,58,60,DI Citameng II,FL,11,2021
1371.3,257.3831151816366,140.68311518163657,479.01324498392887,280.0,654.6664870307623,100.0,1628.6831151816366,1413.6797320146911,39.13343736377323,7.120866668234578,0,51,71,DI Citameng II,FL,11,2022
851.1999999999998,542.4788294966863,344.3784390824165,609.3252737443162,280.0,314.22490075253484,100.0,1393.6788294966861,1203.550174496851,28.57273240574889,-1.1263663351052164,1,68,35,DI Citameng II,FL,11,2023
989.9999999999999,423.52393996566,312.7703934459464,542.1658045903602,280.0,405.3930186664213,100.0,1413.5239399656598,1227.5588232567816,35.77690839051614,-3.353546519713621,1,60,51,DI Citameng II,FL,11,2024
1525.9,350.4020452644193,335.15333687468365,515.7347577208036,192.0,985.7224557672904,0.0,1876.3020452644193,1693.457213488094,28.932583906125217,-5.448708389735641,2,30,64,DI Citameng II,SRI,11,2015
1863.2000000000003,82.93254725110774,82.93254725110775,426.28954410481094,192.0,1119.378086892397,0.0,1946.132547251108,1737.667630997208,30.050774554932072,1.0310129386367617,0,12,78,DI Citameng II,SRI,11,2016
973.9,226.719575422128,211.51709182274914,461.8808323268563,191.03999999999996,355.0162013306973,0.0,1200.619575422128,1007.9370336575536,24.973924213337902,-8.146441450847389,7,25,43,DI Citameng II,SRI,11,2017
1316.3,311.3983340137893,311.39833401378917,508.94481313259627,192.0,734.2977114536252,0.0,1627.6983340137892,1435.2425245862214,28.652996541051934,-3.925187605920282,4,30,55,DI Citameng II,SRI,11,2018
1269.6,363.3695852079923,339.4278794914613,555.3488544404313,191.51999999999998,700.2691556828031,0.0,1632.9695852079922,1447.1380101232344,27.46145230231734,-7.413263027260086,4,32,66,DI Citameng II,SRI,11,2019
1490.8,140.97202025319754,140.97202025319757,439.07817909370874,192.0,796.0258284987017,0.0,1631.7720202531975,1427.1040075924104,31.19785760241806,10.553654209602094,0,19,76,DI Citameng II,SRI,11,2020
1290.5,263.081332313057,263.08133231305703,496.1241994275523,192.0,669.2470509309583,0.0,1553.581332313057,1357.3712503585107,31.0449755614909,6.101799028304092,0,28,59,DI Citameng II,SRI,11,2021
1371.3,151.49159039817346,140.68311518163657,462.69096137577844,192.0,663.0972458554494,0.0,1522.7915903981734,1317.7882072312277,29.863023443959957,-2.308475216536877,1,21,72,DI Citameng II,SRI,11,2022
851.1999999999998,377.38941218003754,344.3784390824165,590.161554678571,188.16,269.2962242175319,0.0,1228.5894121800375,1047.617778896103,18.226654868590668,-27.91769794419828,16,33,32,DI Citameng II,SRI,11,2023
989.9999999999999,312.7703934459464,312.7703934459464,526.0577337030236,191.51999999999998,398.72052733475596,0.0,1302.7703934459464,1116.2982610377794,28.320305156120757,-5.6419481137046805,3,29,51,DI Citameng II,SRI,11,2024
1960.4,306.01762372178433,193.69344179169966,481.9057366983936,280.0,1293.0790271225324,100.0,2266.4176237217844,2054.9847638209258,39.103286964118325,4.5527966010747996,0,55,79,DI Citameng II,FL,12,2015
1690.1,187.8934995976796,87.89349959767961,460.38510673488304,280.0,921.7401905006323,100.0,1877.9934995976796,1662.1252972355153,40.69909906064553,6.087726925681233,0,45,78,DI Citameng II,FL,12,2016
1157.4,316.72722686827257,160.72839084291516,470.9343079379787,280.0,510.99590648845896,100.0,1474.1272268682726,1261.9302144264377,35.74804005524018,4.533582311281275,0,55,54,DI Citameng II,FL,12,2017
1515.8999999999999,292.7033653651899,173.8033653651899,491.8370746490548,280.0,829.8745225207722,100.0,1808.6033653651898,1601.711597169827,40.68649900587624,10.387906601081891,0,54,70,DI Citameng II,FL,12,2018
1602.8000000000002,356.7579386238876,256.7579386238876,520.0620252868977,280.0,955.2721258679244,100.0,1959.5579386238878,1755.334151154822,41.1413308042038,6.663111644365371,0,57,74,DI Citameng II,FL,12,2019
1470.1,237.7151816303308,137.71518163033076,452.05487318215523,280.0,762.2826522327814,100.0,1707.8151816303307,1494.3375254149366,41.274914648888064,11.833435906385654,0,53,72,DI Citameng II,FL,12,2020
1485.6,183.90282765038228,83.90282765038228,490.5572560295677,280.0,681.6209798087799,100.0,1669.5028276503822,1452.1782358383475,40.82125764333358,15.972375164284967,0,47,69,DI Citameng II,FL,12,2021
1320.9,223.17218215248505,123.17218215248508,481.21261433559687,280.0,591.3839400962668,100.0,1544.072182152485,1352.5965544318638,40.6436351311234,11.394630587916925,0,48,73,DI Citameng II,FL,12,2022
1083.2,405.1873854624917,240.23713841757942,564.7772210476672,280.0,456.99658266594173,100.0,1488.3873854624917,1301.773803713609,33.423982176185895,4.8661184517057325,0,62,49,DI Citameng II,FL,12,2023
1199.7999999999997,199.34106078896514,99.3410607889651,508.13888443459996,280.0,404.0486524224785,100.0,1399.1410607889648,1192.1875368570784,41.317773518052576,6.133585504393676,0,48,69,DI Citameng II,FL,12,2024
1960.4,193.69344179169963,193.69344179169966,466.15102891484264,192.0,1294.5095529759988,0.0,2154.0934417916997,1952.6605818908415,30.131090877159316,6.2215807931433655,0,24,80,DI Citameng II,SRI,12,2015
1690.1,87.89349959767961,87.89349959767961,444.65867252120313,192.0,933.798748841036,0.0,1777.9934995976796,1570.457421362239,30.978556084742216,6.918541510575478,0,15,78,DI Citameng II,SRI,12,2016
1157.4,186.8397634642372,160.72839084291516,454.9680766028503,192.0,493.2961303313745,0.0,1344.2397634642373,1140.2642069342248,25.722656137688144,-4.253489741775462,4,23,55,DI Citameng II,SRI,12,2017
1515.8999999999999,185.26038042868808,173.8033653651899,475.19283871714396,192.0,832.6824875234879,0.0,1701.1603804286879,1499.875326240632,31.424144092524514,-3.6570150634981764,1,24,71,DI Citameng II,SRI,12,2018
1602.8000000000002,256.7579386238876,256.7579386238876,503.8153652331729,192.0,969.5187859216492,0.0,1859.5579386238878,1665.334151154822,32.51509596936618,7.502090736995416,0,27,80,DI Citameng II,SRI,12,2019
1470.1,137.7151816303308,137.71518163033076,437.7763806573164,192.0,773.83675388764,0.0,1607.8151816303307,1403.6131345449564,32.78334259400444,12.663797927114508,0,23,72,DI Citameng II,SRI,12,2020
1485.6,83.90282765038228,83.90282765038228,473.83068906201186,192.0,696.3475467763359,0.0,1569.5028276503822,1362.1782358383477,31.396652068568947,18.327937964229804,0,17,74,DI Citameng II,SRI,12,2021
1320.9,123.17218215248505,123.17218215248508,465.96727237082706,192.0,595.3726659945639,0.0,1444.072182152485,1253.339938365391,30.536674936186678,7.297538868032011,0,18,71,DI Citameng II,SRI,12,2022
1083.2,255.50021164200012,240.23713841757942,546.3657472870945,190.07999999999998,420.2232728143624,0.0,1338.700211642,1156.669020101457,25.450638817391454,-18.712142267987556,7,28,45,DI Citameng II,SRI,12,2023
1199.7999999999997,99.34106078896511,99.3410607889651,491.3559918713334,191.51999999999998,416.3823100338765,0.0,1299.1410607889648,1099.25830190521,29.423444510130437,-5.029894074145767,2,18,66,DI Citameng II,SRI,12,2024
2031.0000000000002,222.91748697187683,122.9174869718768,464.6098213376022,280.0,1295.3913176401068,100.0,2253.917486971877,2040.001138977709,43.05625330562832,31.245817964669776,0,48,88,DI Citameng IV,FL,1,2016
1442.4,198.59109280477898,73.21666641024058,477.737741992418,280.0,694.9043681475455,100.0,1640.991092804779,1452.6421101399635,33.38038980490726,1.1232760815057183,0,43,64,DI Citameng IV,FL,1,2017
985.9999999999999,391.6347620373499,223.60355152423526,491.5810533592222,280.0,425.4141107483133,100.0,1377.63476203735,1196.9951641075354,32.28881771266977,-5.729069338667118,8,60,43,DI Citameng IV,FL,1,2018
1552.1000000000001,252.5989835965541,152.59898359655406,489.88872015267054,280.0,822.6979131953453,100.0,1804.6989835965542,1592.5866333480158,41.423271868434426,7.682871771265927,0,49,74,DI Citameng IV,FL,1,2019
1786.4,214.82415975742686,114.82415975742686,497.16534192307006,280.0,1015.1792624768416,100.0,2001.224159757427,1792.3446043999115,41.8212346085816,16.434084065277798,0,49,88,DI Citameng IV,FL,1,2020
1395.0,204.33531048603038,89.03531048603038,453.2268588277948,280.0,671.756787424463,100.0,1599.3353104860303,1404.9836462522578,39.2734208851538,12.927214940303593,0,44,69,DI Citameng IV,FL,1,2021
1256.6,240.71506165719205,111.4484192756787,507.98780261082175,280.0,493.62723477600287,100.0,1497.315061657192,1281.6150373868245,39.633009101787046,4.033357618486671,0,50,65,DI Citameng IV,FL,1,2022
1259.1,206.99106500212702,95.59106500212702,492.9059002859584,280.0,487.41200757434996,100.0,1466.091065002127,1260.3179078603084,35.94662732799232,3.3209635585910595,0,49,56,DI Citameng IV,FL,1,2023
1076.1,331.39598275376426,231.39598275376426,558.4147549972281,280.0,397.36512050127715,100.0,1407.495982753764,1235.7798754985051,33.462584054276306,1.5930176043633217,0,54,43,DI Citameng IV,FL,1,2024
2031.0000000000002,122.91748697187681,122.9174869718768,449.2553310260862,192.0,1307.9119391387767,0.0,2153.917486971877,1949.1672701648629,33.402797598002415,15.573150755929518,0,18,96,DI Citameng IV,SRI,1,2016
1442.4,86.91510838503106,73.21666641024058,461.45441689285957,192.0,684.607320846485,0.0,1529.3151083850312,1338.0617377393446,25.91129639998685,-4.298441974790488,2,12,63,DI Citameng IV,SRI,1,2017
985.9999999999999,234.7108491091954,223.60355152423526,474.94806178423926,186.71999999999997,403.1045311615958,0.0,1220.7108491091954,1064.772592945835,24.268378916091216,-23.31166735276293,13,26,43,DI Citameng IV,SRI,1,2018
1552.1000000000001,152.5989835965541,152.59898359655406,473.4253729425126,192.0,836.3291378658158,0.0,1704.6989835965542,1501.7545108083284,32.482431633900575,8.509774030956365,0,19,74,DI Citameng IV,SRI,1,2019
1786.4,114.82415975742687,114.82415975742686,480.9128807307528,192.0,1028.5920297452649,0.0,1901.224159757427,1701.5049104760178,32.60308480814614,18.907013926017623,0,19,88,DI Citameng IV,SRI,1,2020
1395.0,89.03531048603038,89.03531048603038,437.8365077776278,192.0,659.7626163150791,0.0,1484.0353104860303,1289.599124092707,30.26776191642236,-0.7205792670261477,1,13,69,DI Citameng IV,SRI,1,2021
1256.6,123.03573058490403,111.4484192756787,490.71265828724347,192.0,491.2230480272931,0.0,1379.635730584904,1173.9357063145367,30.007032079671387,-1.9873113092253245,3,19,64,DI Citameng IV,SRI,1,2022
1259.1,95.59106500212701,95.59106500212702,476.63729296907024,192.0,486.1036094951942,0.0,1354.6910650021268,1154.7409024642643,26.596280035978552,-1.6182837133955204,1,18,47,DI Citameng IV,SRI,1,2023
1076.1,231.39598275376426,231.39598275376426,540.1069784574377,192.0,388.68120569669446,0.0,1307.495982753764,1120.788184154132,29.282639194056458,5.876144293152219,0,24,47,DI Citameng IV,SRI,1,2024
2036.1,201.9952224078665,66.23813258944521,464.053283027508,280.0,1319.3822005903055,100.0,2238.0952224078665,2063.4354836178136,39.148800271412185,-4.983027336371174,4,44,96,DI Citameng IV,FL,2,2015
1761.9,236.35894752491038,136.35894752491038,466.37388558655346,280.0,1060.817476166274,100.0,1998.2589475249106,1807.1913617528276,41.989714272194014,7.95009661775291,0,52,81,DI Citameng IV,FL,2,2016
1040.7,284.2000864675301,140.83095365792465,480.3198681765186,280.0,387.4039567661925,100.0,1324.9000864675302,1147.7238249427112,31.18988990450546,-1.6994690337455287,5,55,37,DI Citameng IV,FL,2,2017
916.5000000000001,369.946841850626,162.1185402707848,494.90335388177806,280.0,325.7018903928091,100.0,1286.4468418506262,1100.6052442745872,27.010097059120053,-2.703027329662943,8,61,35,DI Citameng IV,FL,2,2018
1344.5,229.60587934430612,117.066839400611,488.3221035865775,280.0,625.5604968249827,100.0,1574.1058793443062,1393.8826004115601,37.53675574358799,-3.8390399436951337,2,50,63,DI Citameng IV,FL,2,2019
1639.6,216.08935670902417,116.08935670902413,481.57535675813847,280.0,886.5659702086846,100.0,1855.6893567090242,1648.141326966823,40.10315969657614,5.259283730637733,0,47,77,DI Citameng IV,FL,2,2020
1108.6999999999998,308.06841127219434,116.49896643804196,470.6379608473591,280.0,449.0343152125904,100.0,1416.768411272194,1199.6722760599496,31.599164144891372,-4.7046131996655625,7,56,49,DI Citameng IV,FL,2,2021
1066.6999999999998,296.67719182430176,168.9419880183431,510.4890497725585,280.0,385.152350845584,100.0,1363.3771918243015,1175.6414006181426,34.54674054823729,-4.836906653645762,6,54,49,DI Citameng IV,FL,2,2022
1212.6999999999998,284.8533291560371,159.35445008918853,501.24569070750164,280.0,544.949366615951,100.0,1497.5533291560369,1326.1950573234526,37.169992875435334,-1.6205196041539764,1,54,57,DI Citameng IV,FL,2,2023
1029.0,307.3915722436029,136.7111979712824,540.2910483877166,280.0,340.44094546651104,100.0,1336.391572243603,1160.7319938542278,33.49925286185269,-4.161124563466484,7,53,46,DI Citameng IV,FL,2,2024
2036.1,66.23813258944521,66.23813258944521,448.55976172410976,187.2,1318.6139137963457,0.0,2102.338132589445,1954.3736755204554,29.186007356852866,-29.106616146641493,11,11,97,DI Citameng IV,SRI,2,2015
1761.9,136.35894752491038,136.35894752491038,450.6542710009105,192.0,1067.0436297027925,0.0,1898.2589475249106,1709.697900703703,32.63002350239824,8.775343185893972,0,22,85,DI Citameng IV,SRI,2,2016
1040.7,171.10186109067632,140.83095365792465,463.62506371116694,188.15999999999997,385.7908392890214,0.0,1211.8018610906763,1037.5759030001882,23.95059186345818,-30.270907432751688,9,22,37,DI Citameng IV,SRI,2,2017
916.5000000000001,223.81378517100347,162.1185402707848,477.4622766196063,174.71999999999997,318.7669546729869,0.0,1140.3137851710035,970.9492312925931,13.361636157776982,-31.327165768468603,39,24,34,DI Citameng IV,SRI,2,2018
1344.5,117.066839400611,117.066839400611,471.90243282225555,192.0,624.9870054942243,0.0,1461.5668394006111,1288.8894383164798,29.972107286096218,-2.8888578883563696,1,19,61,DI Citameng IV,SRI,2,2019
1639.6,116.08935670902414,116.08935670902413,465.1631628997809,192.0,895.71700640718,0.0,1755.689356709024,1552.8801693069609,31.662691665687078,6.090379931324488,0,17,77,DI Citameng IV,SRI,2,2020
1108.6999999999998,146.88232136102584,116.49896643804196,453.8694129686628,183.36,412.4024287828313,0.0,1255.5823213610256,1049.631841751494,20.150582767258435,-32.18335492298389,22,19,44,DI Citameng IV,SRI,2,2021
1066.6999999999998,168.94198801834307,168.9419880183431,493.1688358365717,191.51999999999998,362.5500750903185,0.0,1235.641988018343,1047.2389109268902,26.685595854740416,-5.672909429598824,6,22,50,DI Citameng IV,SRI,2,2022
1212.6999999999998,170.7167065910188,159.35445008918853,483.74498707886164,192.0,537.9694427309616,0.0,1383.4167065910187,1213.7144298098233,26.23673709406713,-3.276514655542983,3,23,52,DI Citameng IV,SRI,2,2023
1029.0,168.71016178814403,136.7111979712824,522.0240408146109,184.79999999999998,323.911089427137,0.0,1197.710161788144,1030.7351302417478,23.27833119791845,-31.99896381686164,16,18,42,DI Citameng IV,SRI,2,2024
1634.1000000000001,270.2792198139627,45.188917544162926,470.3500838883929,280.0,973.565324670978,100.0,1904.379219813963,1723.915408559371,31.931307948343004,-5.464146644563748,8,53,75,DI Citameng IV,FL,3,2015
1628.3000000000002,170.14964306963645,48.30992854887259,451.45810033378314,280.0,880.367100321707,100.0,1798.4496430696367,1611.82520065549,36.08989439317742,-1.8397145207638443,1,40,76,DI Citameng IV,FL,3,2016
840.0,359.90786628593946,141.96122923892514,482.12162828742794,280.0,255.0969081558415,100.0,1199.9078662859395,1017.2185364432694,27.969426690871767,-4.426498133807636,9,66,25,DI Citameng IV,FL,3,2017
719.3,387.060127126138,111.18128597454432,509.716213340962,280.0,143.08668144135433,100.0,1106.360127126138,932.8028947823163,20.82690250917782,-3.8507567223166586,14,63,17,DI Citameng IV,FL,3,2018
1070.1000000000001,352.08294699612475,129.22372748767418,490.65483112371976,280.0,480.2584774116007,100.0,1422.1829469961249,1250.9133085353205,31.3940334987027,-5.615760640544294,11,63,44,DI Citameng IV,FL,3,2019
1446.1000000000001,134.31800470765032,34.31800470765032,464.6733442588858,280.0,634.1880117324454,100.0,1580.4180047076504,1378.861355991331,39.60118051379026,20.79724606219192,0,41,65,DI Citameng IV,FL,3,2020
1053.3999999999999,283.82587743169194,147.9878058526185,479.9156139916243,280.0,357.4930430289419,100.0,1337.2258774316917,1117.4086570205661,31.659825200288406,-2.828719188579321,1,55,36,DI Citameng IV,FL,3,2021
997.8000000000001,266.09547065748046,151.09547065748046,493.06687579426386,280.0,280.73513201396895,100.0,1263.8954706574805,1053.8020078082327,38.78506007711303,3.9090847012388004,0,53,41,DI Citameng IV,FL,3,2022
1046.6000000000001,339.0273636212579,133.07486879429354,490.72485663110615,280.0,418.04785136882043,100.0,1385.6273636212582,1188.7727079999265,29.039503911308195,-4.035054249935172,7,59,42,DI Citameng IV,FL,3,2023
824.4000000000001,310.80546693635245,140.7951750674241,528.9896754786961,280.0,156.87737434925748,100.0,1135.2054669363524,965.8670498279536,26.442460696817555,-1.90910006771304,9,61,24,DI Citameng IV,FL,3,2024
1634.1000000000001,144.7733839026241,45.188917544162926,454.49430435065756,174.71999999999997,977.8801795129059,0.0,1778.8733839026243,1607.0944838635635,17.33808606820657,-33.30484820491636,39,13,74,DI Citameng IV,SRI,3,2015
1628.3000000000002,48.309928548872584,48.30992854887259,435.88718915431605,192.0,858.3391718127526,0.0,1676.6099285488729,1486.2263609670686,29.067658723818393,-0.1030524963113768,1,8,73,DI Citameng IV,SRI,3,2016
840.0,202.3564727448579,141.96122923892514,465.6411881438321,181.44,248.40313672977214,0.0,1042.356472744858,895.4843248736042,15.568700874572695,-30.910124580489807,26,25,22,DI Citameng IV,SRI,3,2017
719.3,271.1972435419778,111.18128597454432,492.2744520148549,169.43999999999997,158.00262715090963,0.0,990.4972435419777,819.7170791657645,3.4875309035318662,-33.90669778576442,55,22,20,DI Citameng IV,SRI,3,2018
1070.1000000000001,220.30451233660472,129.22372748767418,474.2047050739302,179.51999999999998,477.3927762062631,0.0,1290.404512336605,1131.1174812801933,19.187737014296538,-31.328506530105173,28,24,44,DI Citameng IV,SRI,3,2019
1446.1000000000001,34.31800470765032,34.31800470765032,448.7713922130532,192.0,641.4406059428765,0.0,1480.4180047076504,1282.2119981559297,30.76052841596178,10.555471146532367,0,11,69,DI Citameng IV,SRI,3,2020
1053.3999999999999,190.23340440044439,147.9878058526185,463.15679794587345,187.67999999999998,382.757263281115,0.0,1243.6334044004443,1033.5940612269883,21.67587235987803,-28.395045050563773,17,24,36,DI Citameng IV,SRI,3,2021
997.8000000000001,151.09547065748046,151.09547065748046,476.12141231171574,192.0,279.02364420970457,0.0,1148.8954706574805,947.1450565214203,26.43957381194134,-5.059584248260383,4,22,44,DI Citameng IV,SRI,3,2022
1046.6000000000001,196.11632341088608,133.07486879429354,473.45121868352055,180.95999999999998,397.3803898320676,0.0,1242.7163234108862,1051.791608515588,17.49021173496899,-32.60544180063474,26,20,39,DI Citameng IV,SRI,3,2023
824.4000000000001,172.94376412292095,140.7951750674241,511.0126615222963,175.67999999999998,171.93577934749123,0.0,997.343764122921,858.6284408697875,13.00926157506957,-33.739827682361344,37,24,26,DI Citameng IV,SRI,3,2024
1034.9,397.14249155248467,76.56778192525925,479.18357972608766,280.0,496.4466381632154,100.0,1432.0424915524848,1255.630217889303,23.124331528446064,-4.685414783657361,10,72,38,DI Citameng IV,FL,4,2015
971.3,258.21847521735543,78.55294700130703,460.5647662015489,280.0,309.1953726225149,100.0,1229.5184752173554,1049.7601388240637,31.315160764070992,-5.251432610664531,10,50,49,DI Citameng IV,FL,4,2016
572.9,458.15285056952655,179.67093240787867,479.13615161524297,280.0,99.27733824023949,100.0,1031.0528505695265,858.4134898554825,14.702867585976259,-5.377385748381692,11,74,6,DI Citameng IV,FL,4,2017
400.9,590.7579316114545,193.39974460849277,504.10451858904355,280.0,36.66748165092142,100.0,991.6579316114545,820.772000239965,7.957683530734009,-2.890988841032315,10,77,7,DI Citameng IV,FL,4,2018
576.5,513.1094791641997,165.2295222594836,492.97196120511273,280.0,144.25070251846068,100.0,1089.6094791641997,917.2226637235734,23.139382252565394,-4.858638127033606,12,83,26,DI Citameng IV,FL,4,2019
1046.7,305.6300864569233,135.04236058713911,464.3500228385857,280.0,433.43011203957303,100.0,1352.3300864569233,1177.7801348781586,33.02713691836663,-5.149048670712323,8,55,46,DI Citameng IV,FL,4,2020
898.9,328.8319688374215,120.74413037730679,482.4836023031138,280.0,294.33257657107305,100.0,1227.7319688374214,1056.8161788741868,23.234599760439256,-4.98291708401135,5,56,34,DI Citameng IV,FL,4,2021
864.3000000000001,261.37429447377974,122.86859622448958,485.82852857213504,280.0,183.45589053548744,100.0,1125.6742944737798,949.2844191076225,29.978535627581703,-4.149967695243423,5,53,28,DI Citameng IV,FL,4,2022
837.5999999999999,388.6385983880901,159.4385119554094,506.1251828513701,280.0,270.62081764395975,100.0,1226.23859838809,1056.7460004953298,22.995969621327152,-1.2800280849209784,5,64,24,DI Citameng IV,FL,4,2023
661.0,363.7175708404345,158.49368007854844,514.1693946308451,280.0,55.78526056252527,100.0,1024.7175708404345,849.9546551933704,18.142683681477763,-2.3886827320809534,4,64,10,DI Citameng IV,FL,4,2024
1034.9,269.0586234122075,76.56778192525925,462.59720974282493,167.51999999999998,523.2455107261148,0.0,1303.9586234122075,1153.3627204689396,5.4466502952224,-33.23326274838977,60,21,40,DI Citameng IV,SRI,4,2015
971.3,111.01574769864033,78.55294700130703,445.3730722321203,178.56,300.89154744039274,0.0,1082.3157476986403,924.8246196725131,16.093829919476,-32.4628006973333,29,14,42,DI Citameng IV,SRI,4,2016
572.9,333.26111969810813,179.67093240787867,463.3452917293064,167.03999999999996,110.51670188850315,0.0,906.1611196981081,740.9019936178095,3.6744096671021738,-33.307844523914994,62,29,11,DI Citameng IV,SRI,4,2017
400.9,450.97939919764576,193.39974460849277,487.56969067296,159.83999999999997,36.66748165092142,0.0,851.8793991976457,684.0771723238814,-7.674967733318893,-31.691364668922667,81,33,7,DI Citameng IV,SRI,4,2018
576.5,354.8380655060331,165.2295222594836,476.2479062962668,168.47999999999996,142.75028120560822,0.0,931.3380655060331,787.478187501875,7.633634490674266,-32.57343192531108,54,33,23,DI Citameng IV,SRI,4,2019
1046.7,146.34404863971736,135.04236058713911,449.3794140989089,184.32,415.0571891361511,0.0,1193.0440486397174,1048.75660323506,22.136070138025524,-30.109037031421202,19,21,43,DI Citameng IV,SRI,4,2020
898.9,162.14851436058282,120.74413037730679,466.53317313003026,179.04,272.76944671848474,0.0,1061.0485143605829,918.3426198485149,8.477824809868869,-32.931429770857775,43,21,29,DI Citameng IV,SRI,4,2021
864.3000000000001,122.8685962244896,122.86859622448958,470.1334512660833,186.71999999999997,168.03161642796502,0.0,987.1685962244896,824.8850676940483,20.993876506815873,-21.384219349710463,14,20,32,DI Citameng IV,SRI,4,2022
837.5999999999999,263.16662525472,159.4385119554094,489.7105496809236,177.59999999999997,271.64581409926086,0.0,1100.7666252547199,938.9563637801843,11.59269463162514,-32.68381010945123,37,25,30,DI Citameng IV,SRI,4,2023
661.0,233.48050925704968,158.49368007854844,497.17567518025453,170.87999999999997,82.17798970606438,0.0,894.4805092570497,750.2336648863189,3.9039855867482838,-26.626466617281544,51,27,14,DI Citameng IV,SRI,4,2024
634.6999999999999,569.223172938853,62.24901659228834,502.22810411265056,280.0,238.7286150785275,100.0,1203.923172938853,1020.956719191178,9.783546998301711,-5.739267447842512,11,84,18,DI Citameng IV,FL,5,2015
656.6,324.60184992282984,116.97793336306344,461.35147712057915,280.0,64.50456074974528,100.0,981.2018499228299,805.8560378703244,23.30439176256679,-5.444127639586903,11,62,14,DI Citameng IV,FL,5,2016
350.5,598.183108638234,180.6660016788357,476.89500839067085,280.0,17.252648369297134,100.0,948.683108638234,774.1476567599681,10.301720072677998,-4.25934398119535,9,87,4,DI Citameng IV,FL,5,2017
214.1,751.6283271617369,227.4586657111047,512.2934467763192,280.0,4.046042765771231,100.0,965.728327161737,796.3394895420904,7.6627896398539335,-4.508047956986448,10,96,1,DI Citameng IV,FL,5,2018
383.5,666.2262929446438,126.97845167875202,515.5592381151212,280.0,75.09467454723308,100.0,1049.7262929446438,870.6539126623543,7.32617645168152,-2.944749080072304,10,91,9,DI Citameng IV,FL,5,2019
800.3,366.98234753514794,134.38111891652292,464.6463754618501,280.0,226.35443112105466,100.0,1167.282347535148,971.0008065829047,23.22998807888404,-3.7760910537574204,7,62,22,DI Citameng IV,FL,5,2020
680.8999999999999,508.29197609756716,241.53921155038168,486.7907261377443,280.0,253.65841501216573,100.0,1189.191976097567,1020.44914114991,24.4738173721193,-5.405072494690949,11,74,23,DI Citameng IV,FL,5,2021
603.0,420.28745993176483,162.24397735680606,487.2606500136891,280.0,87.69276822193551,100.0,1023.2874599317648,854.9534182356246,18.335474079261477,-5.460116254123058,11,69,15,DI Citameng IV,FL,5,2022
586.4,516.891903298857,177.62264557674806,505.8221008568394,280.0,148.5795204668706,100.0,1103.291903298857,934.40162132371,17.73718800234501,-5.510690441325236,13,73,18,DI Citameng IV,FL,5,2023
448.20000000000005,579.1268132288435,178.8316586978005,519.7676040205148,280.0,59.39291764432673,100.0,1027.3268132288435,859.1605216648416,11.890220178751713,-3.3199046558329925,11,86,7,DI Citameng IV,FL,5,2024
634.6999999999999,410.0635445741169,62.24901659228834,484.81346767961566,157.44,238.7286150785275,0.0,1044.7635445741168,880.9820827581431,-8.852385544139828,-33.72345330333376,83,24,18,DI Citameng IV,SRI,5,2015
656.6,180.8548930073276,116.97793336306344,446.3301628485906,173.76,64.53839343410613,0.0,837.4548930073277,684.6285562826968,8.9563871252825,-33.00430216839361,49,25,12,DI Citameng IV,SRI,5,2016
350.5,438.3191407589896,180.6660016788357,461.43640840801277,161.27999999999997,17.252648369297134,0.0,788.8191407589895,639.9690567773099,-8.537778611015748,-33.90327008722624,84,37,4,DI Citameng IV,SRI,5,2017
214.1,600.0760998745338,227.4586657111047,495.5988801464042,162.71999999999997,4.046042765771231,0.0,814.1760998745339,662.3649229121753,-8.727911311510544,-33.992108092280716,80,44,1,DI Citameng IV,SRI,5,2018
383.5,502.7550895154634,126.97845167875202,497.9869272801559,157.92,75.09467454723308,0.0,886.2550895154634,731.001601827389,-10.683891116362336,-33.9793899399005,88,34,9,DI Citameng IV,SRI,5,2019
800.3,239.45363514222907,134.38111891652292,449.4495331358702,174.72,229.72162977198653,0.0,1039.753635142229,853.8911629078567,11.26566521409754,-31.952716982410557,44,22,27,DI Citameng IV,SRI,5,2020
680.8999999999999,360.5566584328526,241.53921155038168,470.9872265315688,177.6,249.31018792185773,0.0,1041.4566584328525,897.8974144534266,9.44686492368246,-31.74512672046536,45,34,23,DI Citameng IV,SRI,5,2021
603.0,258.98945843307195,162.24397735680606,471.70586858843967,174.23999999999998,67.46768359111928,0.0,861.989458433072,713.413552179559,6.567784169357923,-32.279326548918746,47,30,16,DI Citameng IV,SRI,5,2022
586.4,391.81721649147255,177.62264557674806,489.52336392941356,167.03999999999996,160.13160010318353,0.0,978.2172164914725,816.694964032597,0.9200135959213708,-32.90269862668999,59,29,16,DI Citameng IV,SRI,5,2023
448.20000000000005,419.125222226316,178.8316586978005,503.0697824013158,164.64,33.65869901842639,0.0,867.3252222263161,701.3684814197422,-4.879954281236559,-32.14297436430439,69,36,5,DI Citameng IV,SRI,5,2024
116.1,900.0121758630833,294.9390538368639,549.2937689192618,280.0,10.558862050029997,100.0,1016.1121758630833,839.8526309692918,7.047438658673963,-4.0473297380435,10,106,1,DI Citameng IV,FL,6,2015
563.5,470.20612949009467,193.81222836187945,472.1453997194245,280.0,87.64902603121513,100.0,1033.7061294900946,839.7944257506397,14.54984187700387,-1.9594885263746278,1,72,11,DI Citameng IV,FL,6,2016
180.3,778.291751160592,296.4788930687094,505.3112132971601,280.0,0.0,100.0,958.5917511605919,785.3112132971601,9.293860888569082,-3.6242253350403697,11,97,0,DI Citameng IV,FL,6,2017
110.69999999999999,873.9454436560977,308.6241127823012,533.455030160474,280.0,0.0,100.0,984.6454436560978,813.455030160474,7.27372967977397,-4.965506976142495,10,104,0,DI Citameng IV,FL,6,2018
98.8,916.3020778530396,273.93728556167684,557.9295784815679,280.0,0.0,100.0,1015.1020778530395,837.9295784815679,6.829135332057154,-4.871234276725193,11,109,0,DI Citameng IV,FL,6,2019
483.0,514.792492552044,192.49715598035257,489.1205402095269,280.0,46.16296681813996,100.0,997.792492552044,815.2835070276668,17.56984390886376,-5.500335934979422,10,77,7,DI Citameng IV,FL,6,2020
651.2,499.6269442196861,239.22919355047475,487.88796981033624,280.0,204.0425039777478,100.0,1150.826944219686,971.9304737880841,19.410348854288067,-5.050155831511684,11,72,17,DI Citameng IV,FL,6,2021
517.2,473.6534918106337,237.55815575737694,492.2868840047807,280.0,30.034959401710058,100.0,990.8534918106337,802.3218434064906,19.246167204764784,-5.807510569573377,5,74,3,DI Citameng IV,FL,6,2022
325.29999999999995,731.3944843845597,238.0114009694263,527.7142028817625,280.0,69.94864548077058,100.0,1056.6944843845597,877.662848362533,10.869486226986432,-3.901027750929031,11,91,11,DI Citameng IV,FL,6,2023
319.1,709.388084635332,281.9049200270062,543.4598730088804,280.0,38.795794674370725,100.0,1028.4880846353321,862.2556676832512,11.714444499692235,-6.331675884546243,7,92,6,DI Citameng IV,FL,6,2024
116.1,725.683154206649,294.9390538368639,530.5289851691987,157.92,10.558862050029997,0.0,841.783154206649,699.0078472192287,-10.74853588854233,-32.77857370502493,90,45,1,DI Citameng IV,SRI,6,2015
563.5,308.4239377907577,193.81222836187945,455.9682056899976,170.88,57.131423038311056,0.0,871.9239377907577,683.9796287283086,-1.1652505054837667,-26.582355536893957,54,31,8,DI Citameng IV,SRI,6,2016
180.3,633.524393750453,296.4788930687094,488.54169099836076,159.35999999999999,0.0,0.0,813.824393750453,647.9016909983608,-8.013250445136151,-34.985433053089885,83,43,0,DI Citameng IV,SRI,6,2017
110.69999999999999,711.1180539210285,308.6241127823012,515.477411679678,158.88,0.0,0.0,821.8180539210284,674.357411679678,-9.724085658121524,-32.77764668304987,89,46,0,DI Citameng IV,SRI,6,2018
98.8,745.1839893437955,273.93728556167684,538.8127858819979,156.95999999999998,0.0,0.0,843.9839893437954,695.7727858819978,-10.81628024343054,-35.324767532656516,89,49,0,DI Citameng IV,SRI,6,2019
483.0,384.1846807059294,192.49715598035257,472.43530744062434,166.07999999999998,59.64003144650317,0.0,867.1846807059294,698.1553388871275,0.5375613416018321,-34.400767352892046,60,32,8,DI Citameng IV,SRI,6,2020
651.2,373.97788153707086,239.22919355047475,471.4368163487718,165.59999999999997,228.85258490358436,0.0,1025.1778815370708,865.889401252356,1.9678401535275716,-28.923076255058678,66,31,18,DI Citameng IV,SRI,6,2021
517.2,364.28414151768595,237.55815575737694,475.4843120784333,172.32,48.4463161674194,0.0,881.484141517686,696.2506282458526,5.701516078589426,-31.155168059492922,56,32,8,DI Citameng IV,SRI,6,2022
325.29999999999995,570.8964990505982,238.0114009694263,509.83686562999566,162.71999999999997,58.16194741209083,0.0,896.1964990505982,730.7188130420865,-4.5150148460022,-33.04082970508444,71,36,7,DI Citameng IV,SRI,6,2023
319.1,536.2929163977599,281.9049200270062,524.9860252385981,161.28,11.686906963751223,0.0,855.3929163977599,697.9529322023493,-5.1666692795297475,-30.270728611708627,78,38,3,DI Citameng IV,SRI,6,2024
96.5,943.0721179057607,310.83257981976135,590.7415164708766,280.0,0.0,100.0,1039.5721179057607,870.7415164708766,6.811424580661333,-5.30310355226065,10,104,0,DI Citameng IV,FL,7,2015
804.6999999999999,474.76147586214927,265.45994344623165,470.45162566646843,280.0,326.3017977988308,100.0,1279.4614758621492,1076.7534234652992,25.547595012352875,3.032640924913091,0,69,28,DI Citameng IV,FL,7,2016
349.3,705.2480086814927,275.5087631566117,513.7606329933353,280.0,65.3468920626529,100.0,1054.5480086814928,859.1075250559882,15.33378355909469,-0.07432218542825453,1,90,5,DI Citameng IV,FL,7,2017
100.5,919.7269060793893,299.5662564360268,566.1923559873255,280.0,0.0,100.0,1020.2269060793893,846.1923559873255,6.71481240128658,-4.729192343343799,13,105,0,DI Citameng IV,FL,7,2018
65.5,988.9006462746197,339.2176181517233,604.7448291248822,280.0,0.0,100.0,1054.4006462746197,884.7448291248822,6.3070304387451515,-6.033899084918194,12,105,0,DI Citameng IV,FL,7,2019
480.0,542.33364184938,222.92826741949662,515.9953834052418,280.0,51.71193746378131,100.0,1022.33364184938,847.7073208690231,13.654393980384294,-4.907116539140462,3,73,4,DI Citameng IV,FL,7,2020
533.9000000000001,524.4332755504106,187.45666162762578,510.00669784048506,280.0,87.95828518219733,100.0,1058.3332755504107,877.9649830226823,13.744370350501471,-5.728296986404796,7,76,8,DI Citameng IV,FL,7,2021
602.8,486.58933947500924,200.0878807731172,499.89703411390195,280.0,108.69523155655817,100.0,1089.3893394750091,888.5922656704602,16.680276840065204,-0.07412455353072112,1,75,12,DI Citameng IV,FL,7,2022
183.2,857.8239030335299,275.43596695219816,580.4196385251046,280.0,8.136969565097699,100.0,1041.02390303353,868.5566080902023,8.429783749149406,-5.470796472351087,13,99,1,DI Citameng IV,FL,7,2023
333.5,726.7774757563379,264.65723140584237,572.2814361819424,280.0,36.5641447881914,100.0,1060.277475756338,888.8455809701337,11.479099744944671,-4.7480397974176,11,88,5,DI Citameng IV,FL,7,2024
96.5,782.3340862874354,310.83257981976135,569.8491074886911,159.35999999999996,0.0,0.0,878.8340862874354,729.209107488691,-9.997122949838756,-34.49987304769176,87,49,0,DI Citameng IV,SRI,7,2015
804.6999999999999,363.36674600966455,265.45994344623165,453.81756900117944,183.35999999999999,335.6594017038595,0.0,1168.0667460096645,972.836970705039,10.457229258793143,-28.556914192812357,35,35,25,DI Citameng IV,SRI,7,2016
349.3,574.9269608169764,275.5087631566117,494.9611045903448,170.4,68.42803071118367,0.0,924.2269608169763,733.7891353015284,0.12362993722678962,-29.429534958304025,60,42,7,DI Citameng IV,SRI,7,2017
100.5,745.2196180734503,299.5662564360268,546.2606419818866,156.48,0.0,0.0,845.7196180734503,702.7406419818866,-10.699719389020057,-35.69092490192125,90,48,0,DI Citameng IV,SRI,7,2018
65.5,819.7342339694812,339.2176181517233,583.0617054648815,156.47999999999996,0.0,0.0,885.2342339694812,739.5417054648815,-11.530223436342455,-35.40660510907499,91,48,0,DI Citameng IV,SRI,7,2019
480.0,415.5895585290017,222.92826741949662,497.2317609195064,171.83999999999997,51.71193746378131,0.0,895.5895585290017,720.7836983832877,-4.367429965843329,-29.56125019126908,67,34,4,DI Citameng IV,SRI,7,2020
533.9000000000001,366.06350376382915,187.45666162762578,492.47362931109103,171.35999999999999,77.14029455009931,0.0,899.9635037638293,740.9739238611903,-2.1558712878539112,-31.341443557430814,61,33,7,DI Citameng IV,SRI,7,2021
602.8,332.1699457044814,200.0878807731172,481.90668868565973,175.67999999999998,82.40654338035209,0.0,934.9699457044813,739.9932320660118,2.7355508648294085,-29.343686005865813,46,34,9,DI Citameng IV,SRI,7,2022
183.2,686.8677362835416,275.43596695219816,559.661973295641,156.95999999999998,8.136969565097699,0.0,870.0677362835415,724.7589428607388,-8.885309183160405,-34.218218187901684,88,43,1,DI Citameng IV,SRI,7,2023
333.5,549.4996790419992,264.65723140584237,551.8582254189308,166.56,12.5801012290928,0.0,882.9996790419992,730.9983266480236,-3.256333551920358,-32.59432715010314,69,38,4,DI Citameng IV,SRI,7,2024
185.5,932.2810654752506,336.57831234158607,624.4510734750553,280.0,20.724608021424487,100.0,1117.7810654752507,925.1756814964798,10.710007472738797,-4.974663153187022,4,102,4,DI Citameng IV,FL,8,2015
1165.8,461.63592528202634,244.639636885448,469.64302965725165,280.0,665.6621524768898,100.0,1627.4359252820263,1415.3051821341414,33.43612992362473,4.6463348830424955,0,66,55,DI Citameng IV,FL,8,2016
551.3000000000001,693.1951358345016,310.8274686841411,531.4946881458598,280.0,222.22599498603145,100.0,1244.4951358345015,1033.7206831318913,19.379619385800616,-1.5758359259910524,2,79,16,DI Citameng IV,FL,8,2017
281.50000000000006,836.4195734937564,344.0940193539305,577.8816983085594,280.0,64.011345643591,100.0,1117.9195734937564,921.8930439521504,10.436845405872544,-4.93110818580322,6,92,7,DI Citameng IV,FL,8,2018
152.39999999999998,950.3084579036529,339.4265058204561,642.4923531625357,280.0,6.7941680837102965,100.0,1102.7084579036527,929.2865212462459,7.73824997915185,-5.99157582199795,11,101,1,DI Citameng IV,FL,8,2019
658.1,551.0856839263336,290.3409660521527,525.9578787822412,280.0,186.4769691447175,100.0,1209.1856839263337,992.4348479269587,24.314513860548324,3.5414512206899715,0,68,24,DI Citameng IV,FL,8,2020
707.9000000000001,556.7093054454448,304.62811064866685,526.7064855343751,280.0,243.6380819290215,100.0,1264.609305445445,1050.3445674633967,20.06804630237398,-0.25844636668615717,1,73,21,DI Citameng IV,FL,8,2021
820.8999999999999,525.7221548616732,281.7373428817461,509.9617809789492,280.0,340.6089457142622,100.0,1346.6221548616732,1130.5707266932113,25.925748231166892,-0.22768883067360335,1,70,36,DI Citameng IV,FL,8,2022
206.5,900.5500026935756,298.77653079367417,628.9800071955951,280.0,26.307169485826545,100.0,1107.0500026935756,935.2871766814217,6.271515316373618,-6.43508948336114,9,101,1,DI Citameng IV,FL,8,2023
424.5,738.0957087758145,307.11551079777735,602.2930011626129,280.0,68.01853656150467,100.0,1162.5957087758145,950.3115377241176,14.312989057445934,-4.371770774351333,2,87,5,DI Citameng IV,FL,8,2024
185.5,786.6271520099351,336.57831234158607,601.398220432612,165.6,17.48470729806379,0.0,972.1271520099351,784.4829277306758,-5.054887414761779,-31.210567442859688,78,49,4,DI Citameng IV,SRI,8,2015
1165.8,319.97486862744927,244.639636885448,453.95543452359624,190.56,636.6189560651907,0.0,1485.7748686274492,1281.134390588787,20.710682116644193,-10.242458787970373,12,33,50,DI Citameng IV,SRI,8,2016
551.3000000000001,538.1362705261427,310.8274686841411,512.5468027344122,177.60000000000002,196.84327043827258,0.0,1089.4362705261428,886.9900731726848,5.418788742764653,-23.799812413253434,45,40,13,DI Citameng IV,SRI,8,2017
281.50000000000006,698.633298231213,344.0940193539305,556.7739473964691,162.72,71.24884470887636,0.0,980.1332982312131,790.7427921053455,-5.354966468367967,-29.409397331803696,80,46,7,DI Citameng IV,SRI,8,2018
152.39999999999998,772.1607584460372,339.4265058204561,618.9937919121289,160.32,3.73021680720489,0.0,924.5607584460372,783.0440087193338,-8.468526593101958,-30.239893499370897,88,49,1,DI Citameng IV,SRI,8,2019
658.1,423.09689466839103,290.3409660521527,507.3060252998533,183.36,183.78003336916285,0.0,1081.196894668391,874.4460586690162,12.544814422872854,-23.035273698734457,28,35,24,DI Citameng IV,SRI,8,2020
707.9000000000001,447.05025816922466,304.62811064866685,507.8589202682417,179.03999999999996,263.7865999189347,0.0,1154.9502581692248,950.6855201871764,5.374121286255845,-29.805834792442134,37,37,21,DI Citameng IV,SRI,8,2021
820.8999999999999,374.8113196997495,281.7373428817461,492.3881295040837,187.2,310.071762027204,0.0,1195.7113196997493,989.6598915312877,15.471219720230993,-21.513763796915434,19,35,29,DI Citameng IV,SRI,8,2022
206.5,748.2248143840516,298.77653079367417,605.5913897725563,158.88,26.307169485826545,0.0,954.7248143840516,790.7785592583829,-10.537740457522498,-32.42611129140191,94,48,1,DI Citameng IV,SRI,8,2023
424.5,569.0344663563492,307.11551079777735,580.4492401488721,168.0,41.239797271213696,0.0,993.5344663563492,789.6890374200858,-3.185896353328922,-29.42848493366489,74,41,5,DI Citameng IV,SRI,8,2024
581.9,792.5424463662818,355.02622727593956,612.5382985454683,280.0,276.427052728186,100.0,1374.4424463662817,1168.9653512736543,20.278472889067864,-1.6107463187377826,1,86,20,DI Citameng IV,FL,9,2015
1627.2000000000003,420.4211329227234,260.2543868164011,467.82729709061545,280.0,1086.8358207160597,100.0,2047.6211329227237,1834.6631178066752,36.744415065293694,5.034903425751443,0,62,73,DI Citameng IV,FL,9,2016
697.1999999999999,592.7923108031719,347.96472377947805,522.4860775117631,280.0,277.88271213807263,100.0,1289.9923108031717,1080.368789649836,28.186146664286493,0.540636563684112,0,71,29,DI Citameng IV,FL,9,2017
606.0999999999998,710.910175679443,346.96189139193814,573.8174283088035,280.0,262.83028749236297,100.0,1317.010175679443,1116.6477158011664,17.76938695642037,-1.0807658292807192,3,79,20,DI Citameng IV,FL,9,2018
493.5,798.1327410069363,355.23364946342565,647.7677266142903,280.0,158.38684263301707,100.0,1291.6327410069362,1086.1545692473073,17.68683783771177,-2.346871967034768,3,86,14,DI Citameng IV,FL,9,2019
928.5,489.7324857572917,275.32561515670227,519.0840789681491,280.0,409.39267860796326,100.0,1418.2324857572917,1208.4767575761125,34.15977347826552,6.809574263352189,0,68,50,DI Citameng IV,FL,9,2020
985.8999999999999,464.8619975402507,276.3693732260989,524.1041772560898,280.0,433.4942269738644,100.0,1450.7619975402506,1237.5984042299542,26.519303378085798,1.2996612962987548,0,64,35,DI Citameng IV,FL,9,2021
1049.0,440.08225178538447,298.11889999552864,517.2080459402011,280.0,484.358530124181,100.0,1489.0822517853844,1281.5665760643822,34.441036362184455,4.605523289087695,0,63,51,DI Citameng IV,FL,9,2022
302.09999999999997,828.7401595694886,343.5452016308152,651.931249225222,280.0,28.78184971998443,100.0,1130.8401595694886,960.7130989452064,11.634119834806551,-5.256681099479064,3,90,5,DI Citameng IV,FL,9,2023
700.0,627.5389932400437,353.0748733106145,595.9374286893599,280.0,247.6627789941148,100.0,1327.5389932400437,1123.6002076834748,24.70823615301869,0.5405557149294573,0,74,34,DI Citameng IV,FL,9,2024
581.9,654.2547829459389,355.02622727593956,590.869898898953,177.12,272.6877889543585,0.0,1236.154782945939,1040.6776878533115,6.307638576839186,-27.19845556295063,49,45,21,DI Citameng IV,SRI,9,2015
1627.2000000000003,295.4791579624791,260.2543868164011,452.68848501545995,192.0,1075.032657830971,0.0,1922.6791579624794,1719.721142846431,27.12903090123608,-4.357282233390616,5,31,73,DI Citameng IV,SRI,9,2016
697.1999999999999,452.90779258350085,347.96472377947805,505.4680650361511,189.11999999999998,255.8962063940137,0.0,1150.1077925835007,950.4842714301648,17.930066119123396,-12.125591926880341,18,39,28,DI Citameng IV,SRI,9,2017
606.0999999999998,563.5721398450661,346.96189139193814,554.1820680143617,175.2,247.40730612705613,0.0,1169.6721398450659,976.7893741414179,5.097258591514526,-24.214699909465764,51,42,20,DI Citameng IV,SRI,9,2018
493.5,659.8831794150676,355.23364946342565,624.9415779827664,170.88,162.0834296726725,0.0,1153.3831794150676,957.9050076554389,0.9842756487376427,-30.589404630837404,63,45,15,DI Citameng IV,SRI,9,2019
928.5,364.58192268203834,275.32561515670227,501.84899865984346,192.0,398.63642706532016,0.0,1293.0819226820383,1092.4854257251636,23.76906232289944,-5.627878288394112,8,36,45,DI Citameng IV,SRI,9,2020
985.8999999999999,334.0864738182164,276.3693732260989,506.11694070285523,182.88,427.82593980506465,0.0,1319.9864738182164,1116.8228805079198,14.7006080334789,-22.732512043576282,28,31,42,DI Citameng IV,SRI,9,2021
1049.0,308.9125771411957,298.11889999552864,500.1299170698904,192.0,467.43206733134934,0.0,1357.9125771411957,1159.5619844012397,25.59122624932666,-3.9627352492303145,5,31,45,DI Citameng IV,SRI,9,2022
302.09999999999997,678.5474251414137,343.5452016308152,628.8193409042501,163.68,38.77420916436698,0.0,980.6474251414136,831.2735500686172,-5.067326597813305,-28.721477490502114,79,46,7,DI Citameng IV,SRI,9,2023
700.0,507.49186793750283,353.0748733106145,575.3272248669252,182.88,254.8097875697826,0.0,1207.4918679375028,1013.0170124367078,12.512272998717988,-29.072846143034816,30,37,30,DI Citameng IV,SRI,9,2024
842.7000000000002,655.8380570163574,361.97479846009566,594.0192585215023,280.0,428.1591218728089,100.0,1498.5380570163575,1302.1783803943113,28.295641367320503,4.973262073810467,0,73,33,DI Citameng IV,FL,10,2015
1749.7,285.3467959416099,185.3467959416099,464.13675051452736,280.0,1079.4787604883709,100.0,2035.04679594161,1823.6155110028983,40.900674103018694,22.001986949973652,0,51,80,DI Citameng IV,FL,10,2016
888.4000000000001,427.0898683760311,300.1868121489658,510.8860378378655,280.0,328.4165125226761,100.0,1315.4898683760312,1119.3025503605415,33.63386519829881,2.383511608459421,0,60,34,DI Citameng IV,FL,10,2017
882.8000000000002,582.0223794018953,333.20528550790976,558.8195994085384,280.0,421.47879957344117,100.0,1464.8223794018954,1260.2983989819795,26.88992207482269,3.4534940358579096,0,71,32,DI Citameng IV,FL,10,2018
817.0,642.8132027747006,357.68354873897044,625.6755197716996,280.0,366.3938392905014,100.0,1459.8132027747006,1272.0693590622009,27.269922375184322,-0.5727477054185206,1,74,34,DI Citameng IV,FL,10,2019
1274.4,422.375835185837,293.8089793878164,498.5046512677439,280.0,718.939405553316,100.0,1696.775835185837,1497.4440568210598,37.68469777355716,4.833144201979408,0,61,65,DI Citameng IV,FL,10,2020
1238.0,443.0579110832119,223.99101389473972,520.9628876477632,280.0,672.2185813438232,100.0,1681.0579110832118,1473.1814689915864,32.827744131025,3.919028287246417,0,63,66,DI Citameng IV,FL,10,2021
1239.3,334.08886684369617,234.08886684369617,508.47236282823,280.0,602.5192744636381,100.0,1573.3888668436962,1390.991637291868,39.6484435876996,10.096655333524478,0,55,62,DI Citameng IV,FL,10,2022
637.9,707.0038109852915,362.9748037444625,648.3820850223581,280.0,218.19488088084563,100.0,1344.9038109852913,1146.5769659032037,21.229709943141913,-1.560713631565867,3,79,24,DI Citameng IV,FL,10,2023
906.2,533.7201595750712,278.87546154871893,564.7848666728405,280.0,391.29789301429435,100.0,1439.9201595750712,1236.082759687135,31.209354614479363,5.09032442087555,0,66,51,DI Citameng IV,FL,10,2024
842.7000000000002,517.9759348809297,361.97479846009566,575.4284969171795,187.2,408.1106077518745,0.0,1360.6759348809298,1170.739104669054,17.788270528395902,-25.0170812290779,24,39,35,DI Citameng IV,SRI,10,2015
1749.7,185.3467959416099,185.3467959416099,448.78602314808376,192.0,1091.9965538797912,0.0,1935.04679594161,1732.782577027875,32.328360705380966,17.549565769700123,0,21,81,DI Citameng IV,SRI,10,2016
888.4000000000001,300.1868121489658,300.1868121489658,494.61587754846585,190.56,310.5640934605867,0.0,1188.586812148966,995.7399710090526,23.234429846353052,-9.784047741766255,9,27,37,DI Citameng IV,SRI,10,2017
882.8000000000002,436.23812501752093,333.20528550790976,541.3623366047354,186.72,396.43180799286984,0.0,1319.038125017521,1124.5141445976053,17.165022378059252,-11.79668625204976,25,38,37,DI Citameng IV,SRI,10,2018
817.0,507.50495863184636,357.68354873897044,605.2837456352338,184.79999999999998,350.7886083788285,0.0,1324.5049586318464,1140.8723540140622,13.999434573984589,-26.940838000408352,29,39,32,DI Citameng IV,SRI,10,2019
1274.4,293.80897938781635,293.8089793878164,482.887558087888,192.0,700.6527236096142,0.0,1568.2089793878165,1375.5402816975022,27.70552525667279,-0.6070241053470857,2,29,61,DI Citameng IV,SRI,10,2020
1238.0,303.27864982116853,223.99101389473972,504.1972172076372,192.0,644.0705952947217,0.0,1541.2786498211685,1340.267812502359,22.72608928320626,-5.171049999848639,11,30,65,DI Citameng IV,SRI,10,2021
1239.3,234.08886684369617,234.08886684369617,491.96811210099764,192.0,609.4724547770084,0.0,1473.3888668436962,1293.440566878006,30.831045899328213,5.991925282729001,0,25,69,DI Citameng IV,SRI,10,2022
637.9,561.8772190872066,362.9748037444625,626.8749105090768,175.68,208.8954634960421,0.0,1199.7772190872065,1011.4503740051189,4.791428711030089,-28.652453457372015,54,40,22,DI Citameng IV,SRI,10,2023
906.2,386.62764133356256,278.87546154871893,546.9740180254842,187.68,364.33622342014166,0.0,1292.8276413335625,1098.990241445626,19.78526932261298,-25.250988731177202,18,32,47,DI Citameng IV,SRI,10,2024
1424.7,475.5860969500259,344.1619150827799,541.2009469104565,280.0,885.4166580105075,100.0,1900.286096950026,1706.617604920964,38.49119927333968,6.306136009635152,0,61,64,DI Citameng IV,FL,11,2015
1752.9,210.95266658999572,100.55266658999571,454.5128116264053,280.0,1017.818122209889,100.0,1963.8526665899958,1752.3309338362942,40.46836867515533,14.757858762161796,0,47,76,DI Citameng IV,FL,11,2016
973.9,355.96275327951383,211.96765142187274,480.05628090044144,280.0,370.0726106985952,100.0,1329.8627532795138,1130.1288915990367,36.19298098152647,3.3427542488700075,0,58,45,DI Citameng IV,FL,11,2017
1316.3,428.8018717264755,312.1018717264755,528.9588171459241,280.0,734.0911367585952,100.0,1745.1018717264756,1543.0499539045193,36.87921006267266,9.357664763814949,0,61,55,DI Citameng IV,FL,11,2018
1269.6,498.9541654741789,340.2340706613757,577.0777107061748,280.0,716.0890518952995,100.0,1768.5541654741787,1573.1667626014741,37.08172424104157,3.119779161878796,0,64,67,DI Citameng IV,FL,11,2019
1490.8,241.32275241481602,141.32275241481602,456.3321067955335,280.0,781.423101648477,100.0,1732.122752414816,1517.7552084440103,38.08991645889857,4.537121831620808,0,49,70,DI Citameng IV,FL,11,2020
1290.5,363.64849685154053,263.6484968515406,516.2995875060899,280.0,658.8298325073324,100.0,1654.1484968515406,1455.1294200134223,39.6520318303299,5.257312064716926,0,58,60,DI Citameng IV,FL,11,2021
1371.3,257.7074137108202,141.00741371082026,482.0496727620284,280.0,652.230760958535,100.0,1629.0074137108202,1414.2804337205635,39.0809085584591,7.038863367315002,0,51,71,DI Citameng IV,FL,11,2022
851.1999999999998,544.517243566007,345.14855754004003,613.515416938975,280.0,312.52807137737904,100.0,1395.7172435660068,1206.0434883163541,28.484180575183174,-1.2013451187220348,1,68,35,DI Citameng IV,FL,11,2023
989.9999999999999,424.51252475938634,313.4646499906929,545.655794838988,280.0,403.59998261675713,100.0,1414.5125247593862,1229.2557774557451,35.68948872241972,-3.6478747686935034,1,60,51,DI Citameng IV,FL,11,2024
1424.7,369.77223549709083,344.1619150827799,524.6942999506838,192.0,893.2723734405458,0.0,1794.4722354970909,1609.9666733912295,30.031024370495263,-3.358260268418523,2,31,61,DI Citameng IV,SRI,11,2015
1752.9,100.55266658999571,100.55266658999571,438.91538983361534,192.0,1015.8485967142766,0.0,1853.4526665899957,1646.7639865478918,31.324862346039904,5.1899591704572225,0,16,76,DI Citameng IV,SRI,11,2016
973.9,227.20549366844563,211.96765142187274,464.8754574888186,191.03999999999996,352.93261057392203,0.0,1201.1054936684457,1008.8480680627406,24.897026040747285,-8.35185734827056,7,25,43,DI Citameng IV,SRI,11,2017
1316.3,312.1018717264755,312.1018717264755,512.382150611303,192.0,731.9678032932161,0.0,1628.4018717264755,1436.3499539045192,28.584660724307742,-3.9963715209752984,4,30,55,DI Citameng IV,SRI,11,2018
1269.6,364.6710630139586,340.2340706613757,559.1712931188091,191.51999999999998,698.1923670224446,0.0,1634.2710630139586,1448.8836601412536,27.42361080276581,-7.543259588226906,5,32,66,DI Citameng IV,SRI,11,2019
1490.8,141.32275241481602,141.32275241481602,441.85585092016265,192.0,793.8993575238478,0.0,1632.122752414816,1427.7552084440103,31.164495722728876,10.398140427347332,0,19,76,DI Citameng IV,SRI,11,2020
1290.5,263.6484968515406,263.6484968515406,499.4064284333913,192.0,666.885866559812,0.0,1554.1484968515406,1358.2922949932033,31.000450381045557,6.085457489818738,0,28,59,DI Citameng IV,SRI,11,2021
1371.3,151.84827586356738,141.00741371082026,465.62315640353734,192.0,660.7981394697733,0.0,1523.1482758635673,1318.4212958733106,29.82075754650542,-2.34086215274714,1,21,72,DI Citameng IV,SRI,11,2022
851.1999999999998,378.5121869157986,345.14855754004003,594.2246685412628,188.16,266.8104749694065,0.0,1229.7121869157984,1049.1951435106694,18.06355006024758,-28.488121375663297,16,33,32,DI Citameng IV,SRI,11,2023
989.9999999999999,313.4646499906929,313.4646499906929,529.4533027766397,191.51999999999998,396.94319949767225,0.0,1303.4646499906928,1117.9165022743118,28.23386900296745,-5.8977035023803435,4,29,51,DI Citameng IV,SRI,11,2024
1910.5,299.25378696645026,199.25378696645024,486.653479922463,280.0,1234.2005354812163,100.0,2209.75378696645,2000.8540154036793,39.76604862411737,8.173427177931412,0,56,78,DI Citameng IV,FL,12,2015
1705.9,173.6790069283096,73.67900692830963,470.0284255501317,280.0,916.0056305056826,100.0,1879.5790069283098,1666.0340560558143,42.201550252284065,15.863260825396743,0,45,81,DI Citameng IV,FL,12,2016
1157.4,317.35445959867667,161.03194194809177,473.86083304417514,280.0,509.0255404853872,100.0,1474.7544595986767,1262.8863735295622,35.70390131211665,4.461917600351651,0,55,53,DI Citameng IV,FL,12,2017
1515.8999999999999,293.088425436107,174.18842543610694,494.9651645117487,280.0,827.6681111158758,100.0,1808.9884254361068,1602.6332756276247,40.6456281720781,10.334565102608947,0,54,70,DI Citameng IV,FL,12,2018
1602.8000000000002,357.34754682212997,257.3475468221299,523.4335979435418,280.0,952.8457756554637,100.0,1960.1475468221302,1756.2793735990056,41.102563993191914,6.633850655287413,0,57,74,DI Citameng IV,FL,12,2019
1470.1,238.06834808027332,138.0683480802733,454.83813508428295,280.0,760.1425924750968,100.0,1708.1683480802733,1494.9807275593798,41.24154075903885,11.811625849709674,0,53,72,DI Citameng IV,FL,12,2020
1485.6,184.15307235762995,84.15307235762995,493.72570823465236,280.0,678.9543975428151,100.0,1669.75307235763,1452.6801057774674,40.75965005596057,15.898214081877114,0,47,69,DI Citameng IV,FL,12,2021
1320.9,223.4720942660869,123.4720942660869,484.2940727049678,280.0,589.2322006593058,100.0,1544.372094266087,1353.5262733642735,40.59981343107436,11.16044679072606,0,48,73,DI Citameng IV,FL,12,2022
1083.2,406.38757695941075,240.81845363220617,568.5499207013934,280.0,455.04772410012527,100.0,1489.5875769594109,1303.5976448015185,33.35899206898149,4.761287042796878,0,62,49,DI Citameng IV,FL,12,2023
1199.7999999999997,199.64977880340513,99.64977880340516,511.2595473386099,280.0,401.6420290595463,100.0,1399.4497788034048,1192.901576398156,41.275212623499414,6.120861745854908,0,48,69,DI Citameng IV,FL,12,2024
1910.5,199.25378696645024,199.25378696645024,471.0341760772542,192.0,1247.384904296975,0.0,2109.75378696645,1910.4190803742292,31.197588435952973,9.84497740389249,0,26,77,DI Citameng IV,SRI,12,2015
1705.9,73.67900692830962,73.67900692830963,454.190424687352,192.0,928.1753086566159,0.0,1779.5790069283098,1574.3657333439678,32.111411083829005,16.692337450887862,0,15,77,DI Citameng IV,SRI,12,2016
1157.4,187.23550545841735,161.03194194809177,457.7963678994054,192.0,491.14931233673224,0.0,1344.6355054584174,1140.9456802361376,25.668192088256223,-4.334957148510721,4,23,55,DI Citameng IV,SRI,12,2017
1515.8999999999999,185.66739841798199,174.18842543610694,478.21689153270904,192.0,830.4055739446655,0.0,1701.5673984179818,1500.6224654773746,31.397837317416663,-3.678972981875011,1,24,71,DI Citameng IV,SRI,12,2018
1602.8000000000002,257.34754682212997,257.3475468221299,507.0849534939964,192.0,967.194420105009,0.0,1860.1475468221302,1666.2793735990053,32.49708253952664,7.473119460680607,0,27,80,DI Citameng IV,SRI,12,2019
1470.1,138.06834808027332,138.0683480802733,440.473523803871,192.0,771.7627882690426,0.0,1608.1683480802733,1404.2363120729137,32.763569039303825,12.642203811593737,0,23,72,DI Citameng IV,SRI,12,2020
1485.6,84.15307235762995,84.15307235762995,476.8900863864095,192.0,693.7900193910577,0.0,1569.75307235763,1362.6801057774674,31.358557254685962,18.24392458430613,0,17,74,DI Citameng IV,SRI,12,2021
1320.9,123.4720942660869,123.4720942660869,468.95410079474345,192.0,593.3121446185304,0.0,1444.372094266087,1254.2662454132737,30.486628653381455,7.0655853927191385,0,18,71,DI Citameng IV,SRI,12,2022
1083.2,262.262268236586,240.81845363220617,550.0189902118566,190.56,423.30909435621743,0.0,1345.4622682365862,1163.888084568074,25.868746595124225,-13.694849033377226,6,29,46,DI Citameng IV,SRI,12,2023
1199.7999999999997,99.64977880340514,99.64977880340516,494.3739186666419,191.51999999999998,414.0287389065527,0.0,1299.4497788034048,1099.9226575731946,29.350930524949053,-5.281091928116931,3,18,66,DI Citameng IV,SRI,12,2024
2166.1000000000004,227.34069240507228,127.34069240507228,468.1653744304455,280.0,1432.4715827657799,100.0,2393.4406924050727,2180.6369571962255,42.848044325988866,27.61327913089215,0,47,93,DI Ciojar,FL,1,2016
1380.2999999999997,230.41508592124774,105.07636567319388,473.18430354385833,280.0,667.5256718270168,100.0,1610.7150859212475,1420.709975370875,33.52767928783437,1.8494797423962908,0,46,61,DI Ciojar,FL,1,2017
985.9999999999999,390.3762760168946,223.25806554294311,488.4781102023799,280.0,426.9544394007507,100.0,1376.3762760168945,1195.4325496031306,32.388705844983676,-5.605483042029363,8,60,43,DI Ciojar,FL,1,2018
1552.1000000000001,252.31374782179307,152.3137478217931,486.81989593473,280.0,825.1983973856452,100.0,1804.413747821793,1592.0182933203753,41.45441759322047,7.700698799551206,0,49,74,DI Ciojar,FL,1,2019
1786.4,214.5350443878507,114.5350443878507,494.075123336226,280.0,1017.6675303994149,100.0,2000.9350443878507,1791.742653735641,41.837330041860355,16.474734513169047,0,49,88,DI Ciojar,FL,1,2020
1395.0,204.1753851783397,88.87538517833967,450.4554714760575,280.0,673.6864973976948,100.0,1599.1753851783396,1404.1419688737524,39.3316350380282,12.957172711002608,0,44,70,DI Ciojar,FL,1,2021
1256.6,240.37794360252434,111.18803809972465,504.71240967952883,280.0,496.3222576257843,100.0,1496.9779436025242,1281.0346673053132,39.68299096728185,4.110094497200323,0,50,65,DI Ciojar,FL,1,2022
1259.1,206.7629135556263,95.36291355562632,489.8161786018198,280.0,489.89498231684126,100.0,1465.8629135556262,1259.7111609186609,36.05113855755805,3.4962565116268456,0,49,56,DI Ciojar,FL,1,2023
1076.1,330.9084150063066,230.90841500630657,554.7956409576327,280.0,399.1744229119994,100.0,1407.0084150063064,1233.9700638696322,33.662428792049276,2.3028652815790815,0,54,43,DI Ciojar,FL,1,2024
2166.1000000000004,127.34069240507228,127.34069240507228,452.54524815333093,192.0,1444.4197850994146,0.0,2293.4406924050727,2088.9650332527453,33.102302528095365,11.994077718816497,0,17,97,DI Ciojar,SRI,1,2016
1380.2999999999997,118.73945502770263,105.07636567319388,457.00453481836894,192.0,657.6412407304967,0.0,1499.0394550277024,1306.6457755488657,25.990037774275528,-4.263089354508744,2,15,60,DI Ciojar,SRI,1,2017
985.9999999999999,234.3232934839917,223.25806554294311,471.9514647038909,186.71999999999997,404.7001273648442,0.0,1220.3232934839916,1063.371592068735,24.391344596677783,-22.577729419034576,12,26,43,DI Ciojar,SRI,1,2018
1552.1000000000001,152.31374782179307,152.3137478217931,470.4592421136058,192.0,838.7271613390724,0.0,1704.413747821793,1501.1864034526782,32.50540217678762,8.527424554011095,0,19,74,DI Ciojar,SRI,1,2019
1786.4,114.53504438785069,114.5350443878507,477.92262901966996,192.0,1030.9806687798325,0.0,1900.9350443878507,1700.9032977995025,32.61994906070315,18.947261894226784,0,19,88,DI Ciojar,SRI,1,2020
1395.0,88.87538517833967,88.87538517833967,435.1597197581902,192.0,661.9223012859198,0.0,1483.8753851783397,1289.0820210441102,30.30535441077753,-0.6909181079182094,1,13,69,DI Ciojar,SRI,1,2021
1256.6,122.72787493167934,111.18803809972465,487.55046260771053,192.0,493.83413602675785,0.0,1379.3278749316792,1173.3845986344684,30.04273433299939,-1.9398368319546782,3,19,64,DI Ciojar,SRI,1,2022
1259.1,95.3629135556263,95.36291355562632,473.65024264513397,192.0,488.485207886607,0.0,1354.4629135556263,1154.1354505317408,26.713490711265894,-1.4446602170553131,1,18,47,DI Ciojar,SRI,1,2023
1076.1,230.90841500630654,230.90841500630657,536.6038021584018,192.0,391.20513562337896,0.0,1307.0084150063064,1119.8089377817807,29.36704213915101,6.030673622338194,0,24,47,DI Ciojar,SRI,1,2024
1938.6999999999998,201.11755959991348,63.558102264232176,467.35940182067816,280.0,1212.0864300124524,100.0,2139.8175595999132,1959.4458318331306,39.58690104600716,-3.8007152436097713,3,44,103,DI Ciojar,FL,2,2015
1871.6,231.75902321329983,131.75902321329983,470.57640396091745,280.0,1168.2877494846182,100.0,2103.3590232132997,1918.8641534455355,41.67267034364907,11.393106553474707,0,47,83,DI Ciojar,FL,2,2016
1040.7,283.3353182086509,140.54850654891368,477.1038041654782,280.0,389.4625258040646,100.0,1324.035318208651,1146.566329969543,31.19484278706899,-5.688916141106038,4,54,37,DI Ciojar,FL,2,2017
916.5000000000001,364.44119304915176,161.86678917346225,491.58599550801443,280.0,326.8796675247068,100.0,1280.941193049152,1098.4656630327213,26.988538374571313,-5.296871383347757,11,60,35,DI Ciojar,FL,2,2018
1344.5,228.90794881510897,116.8106936081147,485.15270434603235,280.0,627.7512224291708,100.0,1573.407948815109,1392.9039267752032,37.59693810204023,-3.397255206994267,2,50,63,DI Ciojar,FL,2,2019
1639.6,215.81971070533012,115.81971070533014,478.46183239367133,280.0,888.9672974047464,100.0,1855.41971070533,1647.4291297984178,40.15099365674032,5.282115284051599,0,47,77,DI Ciojar,FL,2,2020
1108.6999999999998,306.95184783461906,116.29354177318726,467.53917466536365,280.0,450.7345214512475,100.0,1415.6518478346188,1198.273696116611,31.610527733980458,-5.503398661244003,8,56,49,DI Ciojar,FL,2,2021
1066.6999999999998,299.48572856127237,168.58641937058633,507.01856778519135,280.0,387.17503765366257,100.0,1366.1857285612723,1174.1936054388539,34.77561224769403,-5.199309190686019,6,54,50,DI Ciojar,FL,2,2022
1212.6999999999998,284.44793007610104,159.03707134361701,497.9143490883165,280.0,547.2939625591112,100.0,1497.147930076101,1325.2083116474278,37.22266148164269,-1.304410287728584,1,54,57,DI Ciojar,FL,2,2023
1029.0,306.38087399114477,136.42159662270922,536.6255685206484,280.0,342.78178455958084,100.0,1335.3808739911447,1159.4073530802293,33.58832842163607,-3.81510256929662,7,53,49,DI Ciojar,FL,2,2024
1938.6999999999998,63.558102264232176,63.558102264232176,451.790737964541,189.11999999999998,1211.4664310774756,0.0,2002.258102264232,1852.3771690420167,29.76423953124282,-26.640930275845577,8,11,104,DI Ciojar,SRI,2,2015
1871.6,131.75902321329983,131.75902321329983,454.7179221079698,192.0,1174.6518799714086,0.0,2003.3590232132997,1821.3698020793784,32.70923750194258,8.887457919632098,0,17,93,DI Ciojar,SRI,2,2016
1040.7,140.54850654891368,140.54850654891368,460.52067478563697,188.15999999999997,387.8403009898807,0.0,1181.2485065489136,1036.5209757755176,23.806417550070115,-34.06251883667211,9,21,38,DI Ciojar,SRI,2,2017
916.5000000000001,226.674633641483,161.86678917346225,474.267823027097,176.15999999999997,319.8987732956456,0.0,1143.174633641483,970.3265963227426,13.556270286593337,-33.93848311212947,39,24,34,DI Ciojar,SRI,2,2018
1344.5,116.8106936081147,116.8106936081147,468.84085160408415,192.0,627.0743953556753,0.0,1461.3106936081147,1287.9152469597593,30.031935340331323,-2.4227008061314894,1,19,61,DI Ciojar,SRI,2,2019
1639.6,115.81971070533014,115.81971070533014,462.1583425070908,192.0,898.1636830525017,0.0,1755.41971070533,1552.3220255595925,31.692119391985603,6.112985429754059,0,17,77,DI Ciojar,SRI,2,2020
1108.6999999999998,148.1286782341571,116.29354177318726,450.8847899200579,183.36,413.99063583688894,0.0,1256.828678234157,1048.2354257569468,20.19505412273426,-33.63513646096983,22,19,44,DI Ciojar,SRI,2,2021
1066.6999999999998,168.58641937058633,168.58641937058633,489.8191455767473,191.51999999999998,364.7779428080516,0.0,1235.2864193705861,1046.117088384799,26.783529770534575,-5.249781272959405,5,22,51,DI Ciojar,SRI,2,2022
1212.6999999999998,170.3121789995418,159.03707134361701,480.5320205655105,192.0,540.1995456216653,0.0,1383.0121789995417,1212.7315661871758,26.303892627891603,-2.9634159040359282,3,23,53,DI Ciojar,SRI,2,2023
1029.0,168.22293791677254,136.42159662270922,518.4852787580019,185.27999999999997,326.169044110573,0.0,1197.2229379167725,1029.9343228685748,23.357101981168828,-31.801341294063334,15,18,43,DI Ciojar,SRI,2,2024
1598.3999999999999,261.8311709610764,55.474886159602725,467.76244471374645,280.0,932.7800690909422,100.0,1860.2311709610763,1680.5425138046885,32.80269933961926,-2.8206064243214555,6,51,83,DI Ciojar,FL,3,2015
1717.6999999999998,163.73976084692242,37.182277446230884,450.7499535573446,280.0,955.9538954557881,100.0,1881.4397608469221,1686.7038490131326,36.431086753249176,-3.557483400691532,1,37,78,DI Ciojar,FL,3,2016
840.0,358.28782613484475,141.6481899207986,478.64873573862815,280.0,256.6702460455769,100.0,1198.2878261348446,1015.3189817842051,28.082631567003638,-4.312508389890842,9,66,25,DI Ciojar,FL,3,2017
719.3,384.24471430246626,110.94377941075784,506.0572265582646,280.0,143.6111627916615,100.0,1103.5447143024662,929.6683893499261,21.223114386278834,-3.760440647966692,13,63,17,DI Ciojar,FL,3,2018
1070.1000000000001,350.7873848497732,128.91546133818684,487.19162974460426,280.0,482.0968201958827,100.0,1420.8873848497733,1249.288449940487,31.40708228795026,-5.533896651476349,11,62,44,DI Ciojar,FL,3,2019
1446.1000000000001,134.17353215909714,34.17353215909712,461.54920330355947,280.0,636.7297334589758,100.0,1580.2735321590972,1378.2789367625353,39.66054239168933,20.925988108115472,0,41,66,DI Ciojar,FL,3,2020
1053.3999999999999,282.62214290282236,147.7046742835858,476.50466780561464,280.0,359.32015052953057,100.0,1336.0221429028222,1115.8248183351452,31.722453772126805,-2.4610409298321643,1,55,36,DI Ciojar,FL,3,2021
997.8000000000001,265.79968156840255,150.79968156840252,489.579752619336,280.0,283.61083939811573,100.0,1263.5996815684025,1053.1905920174518,38.89970518264742,4.23427226505169,0,53,42,DI Ciojar,FL,3,2022
1046.6000000000001,337.83440160842355,132.87819015784933,487.23517543524844,280.0,419.99753632016433,100.0,1384.4344016084237,1187.2327117554128,29.133674500630775,-3.934508814286843,7,59,43,DI Ciojar,FL,3,2023
824.4000000000001,308.94133798364203,140.42995521205927,525.2154063668081,280.0,158.42617585422886,100.0,1133.341337983642,963.641582221037,26.642229380111687,-1.7468358436057372,9,61,25,DI Ciojar,FL,3,2024
1598.3999999999999,116.6537116047231,55.474886159602725,452.0332278452273,176.16,936.9494328567803,0.0,1715.053711604723,1565.1426607020076,17.95793391344928,-30.715220751502592,36,11,79,DI Ciojar,SRI,3,2015
1717.6999999999998,37.182277446230884,37.182277446230884,435.28864766599963,192.0,932.6134127572345,0.0,1754.8822774462308,1559.9020604232342,29.37694761024727,0.7242491328674134,0,5,81,DI Ciojar,SRI,3,2016
840.0,209.70576797600248,141.6481899207986,462.2911307635499,176.64,249.88095920545805,0.0,1049.7057679760026,888.812089969008,13.967400885576378,-33.94632531815586,35,25,23,DI Ciojar,SRI,3,2017
719.3,239.97613271170076,110.94377941075784,488.7481269413091,169.91999999999996,158.6883539441514,0.0,959.2761327117007,817.3564808854605,3.5100779172678394,-34.46963900110916,54,21,20,DI Ciojar,SRI,3,2018
1070.1000000000001,222.39647393085795,128.91546133818684,470.8620432131405,178.56,478.84625816964336,0.0,1292.496473930858,1128.2683013827839,18.865828973880742,-31.79805638268197,29,24,44,DI Ciojar,SRI,3,2019
1446.1000000000001,34.17353215909712,34.17353215909712,445.7592422698618,192.0,643.872237358913,0.0,1480.2735321590972,1281.6314796287747,30.801905969896954,10.805883196371877,0,11,69,DI Ciojar,SRI,3,2020
1053.3999999999999,189.12316484258494,147.7046742835858,459.87069494374487,187.67999999999998,384.7041943802029,0.0,1242.5231648425847,1032.2548893239477,21.829177174557916,-27.61585774364702,17,24,36,DI Ciojar,SRI,3,2021
997.8000000000001,150.79968156840255,150.79968156840252,472.759098382974,192.0,281.7750260059721,0.0,1148.5996815684025,946.5341243889461,26.602212234159854,-4.644593171556339,3,22,45,DI Ciojar,SRI,3,2022
1046.6000000000001,197.3179599491029,132.87819015784933,470.08839319915216,180.95999999999998,399.24466164533646,0.0,1243.917959949103,1050.2930548444886,17.485697197210236,-33.603866806631416,26,20,40,DI Ciojar,SRI,3,2023
824.4000000000001,171.93987764198283,140.42995521205927,507.37470248458715,175.67999999999998,173.4485130551356,0.0,996.3398776419829,856.5032155397228,13.23519055778945,-33.093404162119825,37,24,26,DI Ciojar,SRI,3,2024
1026.6000000000001,350.20098927207437,65.0112931038745,468.87832930274965,280.0,451.26659287044237,100.0,1376.8009892720745,1200.144922173192,23.909479689933697,-4.851084386629939,10,69,38,DI Ciojar,FL,4,2015
1204.3,233.09685468653777,80.70047394088745,456.22290342615634,280.0,492.5831196273425,100.0,1437.3968546865376,1228.8060230534988,34.384188583288655,-4.255844802608004,4,46,51,DI Ciojar,FL,4,2016
572.9,454.89175933816983,179.2908390583077,475.4537550711777,280.0,99.3623746658535,100.0,1027.7917593381699,854.8161297370312,14.864657246854426,-4.682773617304221,11,73,6,DI Ciojar,FL,4,2017
400.9,587.289336944684,193.00091606513064,500.1764892354864,280.0,36.7556363085899,100.0,988.189336944684,816.9321255440763,8.05582848267432,-2.7868601113536897,10,77,7,DI Ciojar,FL,4,2018
576.5,510.7747600562935,164.86332911821015,489.19945119683643,280.0,145.32985121149125,100.0,1087.2747600562934,914.5293024083277,23.190056444460495,-4.80754435441822,11,83,26,DI Ciojar,FL,4,2019
1046.7,304.69686911025536,134.74242877029434,461.0507721745162,280.0,435.47629630604206,100.0,1351.3968691102555,1176.5270684805582,33.0878423726865,-5.031595264219444,8,55,46,DI Ciojar,FL,4,2020
898.9,329.47905088208654,120.45023504778275,478.83249894225446,280.0,298.2678045639104,100.0,1228.3790508820866,1057.100303506165,22.926239049253475,-4.675655654857446,5,57,34,DI Ciojar,FL,4,2021
864.3000000000001,260.30868142914255,122.52012793975803,482.13044475679385,280.0,185.56597320333452,100.0,1124.6086814291425,947.6964179601284,30.13114114174503,-4.0643445231663256,4,53,29,DI Ciojar,FL,4,2022
837.5999999999999,386.14478665091804,159.04087794647444,502.26878358180966,280.0,271.59753626404245,100.0,1223.7447866509178,1053.866319845852,23.16434525095193,-1.038997374165815,5,64,24,DI Ciojar,FL,4,2023
661.0,360.98725957591296,158.06499726439125,510.2790066077001,280.0,56.61333731818057,100.0,1021.987259575913,846.8923439258807,17.862337508810896,-2.135760005650557,3,65,10,DI Ciojar,FL,4,2024
1026.6000000000001,227.37771831500476,65.0112931038745,452.88956133688,167.99999999999997,477.3386260205542,0.0,1253.977718315005,1098.2281873574343,5.681803513238272,-33.901288244988955,57,21,41,DI Ciojar,SRI,4,2015
1204.3,80.70047394088745,80.70047394088745,441.2549731741625,183.36,477.38894665627015,0.0,1285.0004739408873,1102.0039198304326,19.253018112720227,-32.62689685867536,19,11,46,DI Ciojar,SRI,4,2016
572.9,334.78066804737443,179.2908390583077,459.79212663922294,167.51999999999998,111.34196543472301,0.0,907.6806680473744,738.6540920739459,3.5997738493034825,-33.15453311616022,61,29,11,DI Ciojar,SRI,4,2017
400.9,417.82757806871047,193.00091606513064,483.77264478429856,159.83999999999997,36.7556363085899,0.0,818.7275780687105,680.3682810928884,-7.7491732896630845,-34.33737233909061,80,32,7,DI Ciojar,SRI,4,2018
576.5,357.57050645022616,164.86332911821015,472.6112815765602,168.95999999999998,143.5098023338186,0.0,934.0705064502262,785.0810839103788,7.78896274040006,-34.43523981694253,53,33,23,DI Ciojar,SRI,4,2019
1046.7,146.0250226023052,134.74242877029434,446.19206473813995,184.79999999999998,416.9905278204017,0.0,1192.7250226023052,1047.9825925585417,22.200990416864453,-29.91463645682545,19,21,43,DI Ciojar,SRI,4,2020
898.9,161.38625420270736,120.45023504778275,463.0093994459463,179.51999999999998,274.2468099893584,0.0,1060.2862542027074,916.7762094353047,8.64605794294413,-32.39389376795507,43,21,29,DI Ciojar,SRI,4,2021
864.3000000000001,122.52012793975804,122.52012793975803,466.5592121593315,187.2,170.12908850858702,0.0,986.8201279397581,823.8883006679184,21.178859113336017,-20.720425561785273,13,20,33,DI Ciojar,SRI,4,2022
837.5999999999999,236.50317616417186,159.04087794647444,485.98860503562184,171.35999999999996,267.53011860155146,0.0,1074.1031761641718,924.8787236371734,7.645093675146707,-29.045862679858804,51,24,28,DI Ciojar,SRI,4,2023
661.0,236.91016663972363,158.06499726439125,493.4193865996588,170.87999999999997,88.66735219344602,0.0,897.9101666397237,752.9667387931048,2.2657094779061957,-29.169336970927546,57,27,14,DI Ciojar,SRI,4,2024
626.4,523.18171289779,60.64805628700812,487.45053759342676,280.0,199.30882556365555,100.0,1149.58171289779,966.7593631570824,10.861137694483196,-5.250676280867436,9,82,17,DI Ciojar,FL,5,2015
862.8,261.9163910140735,111.71979155281865,450.41821776829767,280.0,206.68280013424638,100.0,1124.7163910140735,937.101017902544,27.249967646580032,-5.251097859355488,6,55,26,DI Ciojar,FL,5,2016
350.5,594.6742501430649,180.27418986967356,472.99246843357275,280.0,17.304349442408487,100.0,945.1742501430649,770.2968178759812,10.599162673532913,-3.9487447172745616,9,84,4,DI Ciojar,FL,5,2017
214.1,747.806262993054,226.9357731535398,508.04909267994844,280.0,4.059061058738255,100.0,961.906262993054,792.1081537386867,7.733612955173619,-4.421042350982514,10,96,1,DI Ciojar,FL,5,2018
383.5,662.438602052513,126.65618715842251,511.31710288337104,280.0,75.22183298387804,100.0,1045.938602052513,866.538935867249,7.0763367599429685,-2.8616304221745716,10,92,9,DI Ciojar,FL,5,2019
800.3,365.2888204081894,134.08627309830035,461.14164750547855,280.0,227.70152339162075,100.0,1165.5888204081893,968.8431708970993,23.613903387419224,-3.6744525707301796,7,62,23,DI Ciojar,FL,5,2020
680.8999999999999,506.1853709226248,241.06821380018943,482.90359875349714,280.0,254.90464169230813,100.0,1187.0853709226246,1017.8082404458053,24.395035375902403,-5.280080808033688,13,73,23,DI Ciojar,FL,5,2021
603.0,410.8615142707352,161.80166094652375,483.4109469709086,280.0,81.70684816830516,100.0,1013.8615142707351,845.1177951392137,18.640211612384043,-5.373943912426923,11,69,14,DI Ciojar,FL,5,2022
586.4,513.8727989849152,177.22975119859817,501.8074395665653,280.0,149.1963733864843,100.0,1100.2727989849152,931.0038129530496,16.673267651427967,-5.426421895374055,13,73,18,DI Ciojar,FL,5,2023
448.20000000000005,575.6579789779316,178.34465047329306,515.5871576927952,280.0,59.69984453580814,100.0,1023.8579789779317,855.2870022286033,12.02553318285052,-3.2521317868066077,11,86,7,DI Ciojar,FL,5,2024
626.4,345.6420376314528,60.64805628700812,470.7515032489329,157.43999999999997,199.30882556365555,0.0,972.0420376314528,827.5003288125885,-8.784131859883647,-34.671949247534485,83,24,17,DI Ciojar,SRI,5,2015
862.8,111.71979155281866,111.71979155281865,435.78118678904565,180.95999999999998,185.62048384870286,0.0,974.5197915528186,802.3616706377485,14.76933917354755,-22.668160721447492,32,21,20,DI Ciojar,SRI,5,2016
350.5,435.0664157926346,180.27418986967356,457.66716219190715,161.27999999999997,17.304349442408487,0.0,785.5664157926346,636.2515116343156,-8.35065953965497,-33.33924626977623,84,37,4,DI Ciojar,SRI,5,2017
214.1,596.959246423492,226.9357731535398,491.49822748936987,163.2,4.059061058738255,0.0,811.059246423492,658.7572885481081,-8.272379361069216,-33.711212220699274,74,44,1,DI Ciojar,SRI,5,2018
383.5,499.23339038031713,126.65618715842251,493.8982139615421,157.92,75.22183298387804,0.0,882.7333903803171,727.0400469454202,-10.664959875567886,-33.68822060853277,86,34,9,DI Ciojar,SRI,5,2019
800.3,227.9080140514924,134.08627309830035,446.0642355102998,174.71999999999997,220.96223437297252,0.0,1028.2080140514922,841.7464698832723,10.581869591191355,-31.678682644678837,44,21,23,DI Ciojar,SRI,5,2020
680.8999999999999,362.11789007231215,241.06821380018943,467.2316604169512,178.56,250.42998576970328,0.0,1043.017890072312,896.2216461866544,9.69348069469822,-33.89786882298444,44,34,23,DI Ciojar,SRI,5,2021
603.0,247.28310461408773,161.80166094652375,467.98456890916,174.71999999999997,58.34204164516439,0.0,850.2831046140877,701.0466105543243,5.00612395786741,-31.964561282804212,47,29,13,DI Ciojar,SRI,5,2022
586.4,372.11963997089765,177.22975119859817,485.6419402921464,159.83999999999997,151.13735058195297,0.0,958.5196399708976,796.6192908740994,-3.1106443657482026,-34.7520406631178,75,28,14,DI Ciojar,SRI,5,2023
448.20000000000005,391.11908261175654,178.34465047329306,499.0259267107148,164.64,34.46751339991884,0.0,839.3190826117566,698.1334401106336,-4.803941314211139,-31.67595542090921,68,35,5,DI Ciojar,SRI,5,2024
148.10000000000002,839.0209567677342,285.2388122680115,525.8163486586861,280.0,3.6076146385368606,100.0,987.1209567677342,809.423963297223,7.229881125114907,-3.9470114787068926,11,105,1,DI Ciojar,FL,6,2015
825.3999999999999,357.1343518781149,168.18357057548246,456.6469940699638,280.0,230.59974226472713,100.0,1182.5343518781146,967.2467363346909,19.97722889080266,0.05241904479983184,0,60,21,DI Ciojar,FL,6,2016
180.3,774.4732549347124,295.93396548722893,501.0825653930909,280.0,0.0,100.0,954.7732549347124,781.0825653930908,9.367670821238466,-3.542854509359521,11,98,0,DI Ciojar,FL,6,2017
110.69999999999999,869.9588205328216,308.0801189019764,529.0627187999359,280.0,0.0,100.0,980.6588205328217,809.0627187999359,7.354844305619755,-4.860182209967799,10,103,0,DI Ciojar,FL,6,2018
98.8,905.0220662035317,273.39729688236326,553.167070296374,280.0,0.0,100.0,1003.8220662035317,833.167070296374,6.8056446939598665,-6.747423657916857,12,108,0,DI Ciojar,FL,6,2019
483.0,511.54455767570255,192.11557243103613,485.2998353243815,280.0,46.42165038205599,100.0,994.5445576757025,811.7214857064375,17.738882135257512,-5.3893103289085875,10,77,7,DI Ciojar,FL,6,2020
651.2,496.6191298967758,238.77164623614163,483.9109598546245,280.0,204.6458973417715,100.0,1147.8191298967758,968.556857196396,19.577227627631178,-4.8527019706900365,11,72,17,DI Ciojar,FL,6,2021
517.2,470.8109769783316,237.0873783546914,488.45852365421183,280.0,30.47216821894211,100.0,988.0109769783317,798.9306918731539,19.764115954387112,-5.706572765840746,5,73,4,DI Ciojar,FL,6,2022
325.29999999999995,727.8301489711087,237.54989722189816,523.3875692800706,280.0,70.32240706100112,100.0,1053.1301489711086,873.7099763410718,10.950978920228138,-3.8327244643224327,11,91,11,DI Ciojar,FL,6,2023
319.1,706.0794044355931,281.36505649227587,538.9888352448238,280.0,39.33848762126061,100.0,1025.1794044355931,858.3273228660844,11.816563758679944,-6.068178399491802,7,91,7,DI Ciojar,FL,6,2024
148.10000000000002,686.7875067091304,285.2388122680115,507.88373551895086,159.35999999999999,3.6076146385368606,0.0,834.8875067091304,670.8513501574878,-9.675674448828547,-33.30669097947796,85,44,1,DI Ciojar,SRI,6,2015
825.3999999999999,223.95372818578207,168.18357057548246,441.10960640696516,176.16,225.96316858822848,0.0,1049.3537281857818,843.2327749951937,5.719055371724922,-23.57569605229367,46,26,21,DI Ciojar,SRI,6,2016
180.3,629.367278540122,295.93396548722893,484.4550422410706,158.88,0.0,0.0,809.667278540122,643.3350422410706,-9.07628162997379,-35.06620434247711,83,42,0,DI Ciojar,SRI,6,2017
110.69999999999999,713.9489470083721,308.0801189019764,511.2369976569742,160.31999999999996,0.0,0.0,824.648947008372,671.5569976569742,-9.589876800025698,-34.331568666522806,82,46,0,DI Ciojar,SRI,6,2018
98.8,741.109342303979,273.39729688236326,534.2173919826906,156.95999999999998,0.0,0.0,839.909342303979,691.1773919826906,-10.69189592438594,-35.08514735641097,89,49,0,DI Ciojar,SRI,6,2019
483.0,386.61998289859866,192.11557243103613,468.7485494992149,166.55999999999997,60.16186744859845,0.0,869.6199828985987,695.4704169478133,0.5086559340367883,-35.15901408792688,59,32,8,DI Ciojar,SRI,6,2020
651.2,371.664611165546,238.77164623614163,467.5963790426919,165.59999999999997,229.37620999757473,0.0,1022.864611165546,862.5725890402666,2.2026958300293535,-28.528717874272733,66,31,18,DI Ciojar,SRI,6,2021
517.2,363.21492795933136,237.0873783546914,471.7897020564123,173.76,49.085284510871986,0.0,880.4149279593314,694.6349865672844,5.975299666283623,-30.896581209994217,55,32,8,DI Ciojar,SRI,6,2022
325.29999999999995,567.3273233197067,237.54989722189816,505.65860601892524,162.71999999999997,58.37901652210516,0.0,892.6273233197066,726.7576225410304,-4.341355132786288,-32.79415247731579,71,36,7,DI Ciojar,SRI,6,2023
319.1,533.4304404522202,281.36505649227587,520.6703471677858,161.76,11.704488260652505,0.0,852.5304404522202,694.1348354284384,-4.987351158525341,-30.005513453777453,78,37,4,DI Ciojar,SRI,6,2024
129.5,891.7926721923757,307.6766152360189,565.8822719308702,280.0,4.170397281323227,100.0,1021.2926721923757,850.0526692121933,6.9240283640528135,-6.4509513791213875,10,103,1,DI Ciojar,FL,7,2015
1211.6000000000001,403.70296957997635,258.8981914615733,452.1915570829992,280.0,674.2904020594244,100.0,1615.3029695799764,1406.4819591424236,34.0452183712451,6.666895743657562,0,63,39,DI Ciojar,FL,7,2016
349.3,702.0549247253001,275.00074468287914,509.6098261969686,280.0,65.809483121786,100.0,1051.3549247253002,855.4193093187546,14.65763511312831,-1.2315643000813736,2,89,5,DI Ciojar,FL,7,2017
100.5,915.5912603671152,299.04990848048834,561.6501328317809,280.0,0.0,100.0,1016.0912603671152,841.6501328317809,6.77817507031466,-4.648615512166608,12,106,0,DI Ciojar,FL,7,2018
65.5,984.2293362242501,338.60853008601015,599.6081676336692,280.0,0.0,100.0,1049.7293362242501,879.6081676336692,6.369542990295509,-5.9081842087416,12,105,0,DI Ciojar,FL,7,2019
480.0,539.5512788972903,222.51428059984787,511.97299282395954,280.0,51.76794472650647,100.0,1019.5512788972903,843.740937550466,13.074656194672679,-4.029516057032907,3,73,4,DI Ciojar,FL,7,2020
533.9000000000001,515.9869358315832,187.04983354806262,505.92163402544224,280.0,88.8783485078379,100.0,1049.8869358315833,874.7999825332802,13.83213793086868,-6.618928358890901,9,75,8,DI Ciojar,FL,7,2021
602.8,484.0512098508881,199.6221694827157,496.1192757499873,280.0,109.47942471260022,100.0,1086.8512098508882,885.5987004625875,16.795773781752246,0.0827504609431493,0,75,12,DI Ciojar,FL,7,2022
183.2,853.6357217891983,274.90132059532976,575.783781263847,280.0,8.152275950231564,100.0,1036.8357217891983,863.9360572140786,8.390283593930025,-5.382982016943728,13,99,1,DI Ciojar,FL,7,2023
333.5,723.0081196535576,264.17960854820046,567.7180523840193,280.0,36.96197350400459,100.0,1056.5081196535575,884.6800258880239,11.574304396717578,-4.646376237795912,10,88,5,DI Ciojar,FL,7,2024
129.5,720.407421010818,307.6766152360189,545.9031254402692,159.35999999999999,4.170397281323227,0.0,849.907421010818,709.4335227215923,-10.38127975371463,-35.922707732773596,88,45,1,DI Ciojar,SRI,7,2015
1211.6000000000001,280.52356401446457,258.8981914615733,436.3644370088824,189.12,665.3003591415436,0.0,1492.1235640144646,1290.784796150426,18.97245901701607,-11.074707215340055,13,31,40,DI Ciojar,SRI,7,2016
349.3,577.6481512561859,275.00074468287914,490.96119287148065,169.92000000000002,75.1355170068472,0.0,926.9481512561858,736.0167098783278,0.40874763831732486,-30.23522719708054,60,42,7,DI Ciojar,SRI,7,2017
100.5,741.4418106749563,299.04990848048834,541.8740675928178,156.48,0.0,0.0,841.9418106749563,698.3540675928178,-10.574500202405373,-35.44071290259831,90,48,0,DI Ciojar,SRI,7,2018
65.5,815.3985168149384,338.60853008601015,578.1098170980605,156.47999999999996,0.0,0.0,880.8985168149384,734.5898170980604,-11.388364159715916,-35.00225796345791,91,48,0,DI Ciojar,SRI,7,2019
480.0,413.1166255563622,222.51428059984787,493.3571584386841,172.32,51.76794472650647,0.0,893.1166255563621,717.4451031651905,-4.066618336609664,-28.8656857550126,66,34,4,DI Ciojar,SRI,7,2020
533.9000000000001,366.7458493880148,187.04983354806262,488.5296088081617,170.88,81.71038636462424,0.0,900.6458493880149,741.1199951727859,-3.550831200416281,-30.870954795558628,61,33,8,DI Ciojar,SRI,7,2021
602.8,330.1780893040088,199.6221694827157,478.26008980172327,175.67999999999998,83.60710443877363,0.0,932.9780893040088,737.5471942404969,2.946338350814141,-28.90026214349235,46,34,9,DI Ciojar,SRI,7,2022
183.2,702.1814379287491,274.90132059532976,555.1907334784596,156.47999999999996,8.152275950231564,0.0,885.3814379287492,719.8230094286912,-8.623820011655518,-34.184321196715594,88,43,1,DI Ciojar,SRI,7,2023
333.5,556.0955743743024,264.17960854820046,547.460883449324,166.07999999999998,17.83123353580073,0.0,889.5955743743024,731.3721169851246,-2.694360302639236,-34.5970096909515,67,38,5,DI Ciojar,SRI,7,2024
221.7,874.0638790402926,323.70492634692044,600.6548658096173,280.0,25.455002875653307,100.0,1095.7638790402925,906.1098686852706,11.084314066361495,-5.878475081548262,3,101,4,DI Ciojar,FL,8,2015
1518.2,380.46806783693154,215.71816311440074,447.8385957786727,280.0,954.5176961476259,100.0,1898.6680678369316,1682.3562919262986,35.047593072577264,4.777754589592731,0,61,58,DI Ciojar,FL,8,2016
551.3000000000001,690.5715965975091,310.2839841371563,527.3883699651656,280.0,223.31104001866345,100.0,1241.8715965975093,1030.699409983829,19.45586074311469,-1.4430642075822897,2,79,16,DI Ciojar,FL,8,2017
281.50000000000006,832.8137585980866,343.43107644384116,573.4100762061615,280.0,64.333907436473,100.0,1114.3137585980867,917.7439836426345,10.504897987609146,-4.775911116241791,6,92,7,DI Ciojar,FL,8,2018
152.39999999999998,945.5959181532469,338.779119452582,637.27437654852,280.0,6.859482428425842,100.0,1097.9959181532467,924.1338589769458,7.68072801345802,-5.826093075050915,11,101,1,DI Ciojar,FL,8,2019
658.1,549.0959609903894,289.83612104334077,522.0560189037519,280.0,188.0572089205771,100.0,1207.1959609903893,990.113227824329,24.408548454450276,3.658465909369654,0,68,25,DI Ciojar,FL,8,2020
707.9000000000001,562.8923083260172,304.0470415717926,522.7149597711277,280.0,253.4454440542438,100.0,1270.7923083260173,1056.1604038253715,21.474198699785948,-0.17897762822029595,1,73,22,DI Ciojar,FL,8,2021
820.8999999999999,523.8423804062554,281.2066588772967,506.33848292964194,280.0,342.00527508893765,100.0,1344.7423804062553,1128.3437580185796,26.003954463825945,0.20739543059452892,0,70,36,DI Ciojar,FL,8,2022
206.5,896.4021176508669,298.27842215443627,624.1886784220824,280.0,26.315173960880813,100.0,1102.9021176508668,930.5038523829631,6.345512768051806,-6.325689762916835,9,101,1,DI Ciojar,FL,8,2023
424.5,734.5176767618434,306.5369071719303,597.672133984706,280.0,68.54455003458509,100.0,1159.0176767618434,946.216684019291,14.443959661624405,-4.272488774545218,2,87,5,DI Ciojar,FL,8,2024
221.7,734.229122769995,323.70492634692044,578.4693774226688,163.68,29.05551529521663,0.0,955.929122769995,771.2048927178854,-5.329759827032235,-31.88572676496731,79,47,6,DI Ciojar,SRI,8,2015
1518.2,249.2209749023271,215.71816311440074,432.8327186455262,192.0,933.7710813259266,0.0,1767.420974902327,1558.6037999714529,24.669393111137996,-2.490376205677379,3,29,56,DI Ciojar,SRI,8,2016
551.3000000000001,536.1135607224988,310.2839841371563,508.5800400879075,177.60000000000002,198.3899984371726,0.0,1087.413560722499,884.5700385250801,5.543958391472803,-23.565197941290933,44,40,13,DI Ciojar,SRI,8,2017
281.50000000000006,702.9966142873061,343.43107644384116,552.4565012817957,166.07999999999998,76.0275917840298,0.0,984.4966142873061,794.5640930658254,-4.637672691134124,-29.165342273182926,79,46,7,DI Ciojar,SRI,8,2018
152.39999999999998,774.1835942392913,338.779119452582,613.9628813784268,160.32,9.842725452917023,0.0,926.5835942392913,784.1256068313437,-8.613391775785404,-31.277834160707382,88,49,1,DI Ciojar,SRI,8,2019
658.1,422.22754791479525,289.83612104334077,503.54312743636945,184.32,185.38168731236541,0.0,1080.3275479147953,873.2448147487349,12.633747905470448,-22.77863559399648,27,35,24,DI Ciojar,SRI,8,2020
707.9000000000001,434.6767815739295,304.0470415717926,504.0071795115623,177.6,256.3376975617215,0.0,1142.5767815739296,937.9448770732838,4.254530988719417,-29.37996375698681,48,36,21,DI Ciojar,SRI,8,2021
820.8999999999999,373.9978259969909,281.2066588772967,488.8813326229429,187.67999999999998,311.93787098637216,0.0,1194.8978259969908,988.4992036093151,15.563162054828167,-21.770882195002645,18,35,29,DI Ciojar,SRI,8,2022
206.5,744.3224731474938,298.27842215443627,600.9756446374562,158.88,26.315173960880813,0.0,950.8224731474938,786.170818598337,-10.481462276297961,-31.991831372871786,93,48,1,DI Ciojar,SRI,8,2023
424.5,572.9887215656623,306.5369071719303,575.9919165453289,169.92000000000002,47.3595173037926,0.0,997.4887215656623,793.2714338491215,-1.5416445099256848,-29.83213900371984,69,41,7,DI Ciojar,SRI,8,2024
643.0,746.5685756782625,340.44275591789415,588.5392377894925,280.0,313.155491522344,100.0,1389.5685756782625,1181.6947293118365,20.392643976028037,-1.8575066198933472,1,84,18,DI Ciojar,FL,9,2015
1961.3999999999999,362.8163998561394,220.11784328359133,446.54883584450914,280.0,1382.7739429363257,100.0,2324.216399856139,2109.3227787808346,38.49148182371425,4.642312034688856,0,59,84,DI Ciojar,FL,9,2016
697.1999999999999,591.4410826687708,347.34188574880005,518.7719397488963,280.0,279.8642680771915,100.0,1288.6410826687707,1078.636207826088,28.27901613860228,0.9301245139832854,0,71,29,DI Ciojar,FL,9,2017
606.0999999999998,708.0954388144887,346.3111752580979,569.6756321781247,280.0,263.6585001319383,100.0,1314.1954388144886,1113.334132310063,17.843583020916697,-0.9038900861650374,3,79,20,DI Ciojar,FL,9,2018
493.5,794.4430612665133,354.5008976683561,642.8193881339727,280.0,159.20956743132987,100.0,1287.9430612665133,1082.0289555653026,17.787523385234934,-2.214182530999026,2,86,14,DI Ciojar,FL,9,2019
928.5,488.5716600298843,274.77041138356753,515.4581900152562,280.0,411.48621102436306,100.0,1417.0716600298842,1206.9444010396192,34.21504130615571,6.919648868135782,0,68,50,DI Ciojar,FL,9,2020
985.8999999999999,465.02602834540664,275.83090000153095,520.3950372999791,280.0,437.01164628455695,100.0,1450.9260283454064,1237.406683584536,26.664370984932166,-1.1888944226679445,1,64,35,DI Ciojar,FL,9,2021
1049.0,439.0293105132128,297.5701257997076,513.7591530795369,280.0,486.38805474326256,100.0,1488.0293105132127,1280.1472078227994,34.51105707741871,4.691474405631019,0,63,51,DI Ciojar,FL,9,2022
302.09999999999997,824.5885681217293,342.8381823763999,647.1259466361237,280.0,28.982973955801015,100.0,1126.6885681217293,956.1089205919247,11.739394560301323,-4.941047613126258,3,90,5,DI Ciojar,FL,9,2023
700.0,624.9501290786566,352.3417589542848,591.6847340040051,280.0,248.86119047623237,100.0,1324.9501290786566,1120.5459244802375,24.62780617559117,-0.9417408005185539,1,74,34,DI Ciojar,FL,9,2024
643.0,606.2141789959876,340.44275591789415,567.6111891448481,176.16,307.56914348471327,0.0,1249.2141789959876,1051.3403326295613,5.371670445124865,-29.106175529590182,52,43,22,DI Ciojar,SRI,9,2015
1961.3999999999999,248.12287509260912,220.11784328359133,432.1565187887141,192.0,1380.4727352285904,0.0,2209.522875092609,2004.6292540173044,28.9539531526893,-5.0216827147420195,4,28,81,DI Ciojar,SRI,9,2016
697.1999999999999,451.6472113812942,347.34188574880005,501.86800349459804,189.11999999999998,257.854333044013,0.0,1148.847211381294,948.8423365386111,18.022270749000857,-11.949222104339194,18,39,28,DI Ciojar,SRI,9,2017
606.0999999999998,557.5428508387633,346.3111752580979,550.174624913187,174.72,245.36762477653065,0.0,1163.642850838763,970.2622496897177,4.366279844478281,-24.092372204752646,53,41,20,DI Ciojar,SRI,9,2018
493.5,656.3438468718497,354.5008976683561,620.1606558061983,170.88,162.88908536444058,0.0,1149.8438468718496,953.9297411706389,1.1307049162937555,-29.921700948086766,63,45,16,DI Ciojar,SRI,9,2019
928.5,363.42709321160396,274.77041138356753,498.3368399313914,192.0,400.6224439907342,0.0,1291.927093211604,1090.9592839221257,23.82286869159526,-5.527241688615259,8,36,45,DI Ciojar,SRI,9,2020
985.8999999999999,332.772469040257,275.83090000153095,502.5277990781597,182.88,429.7453252012266,0.0,1318.6724690402568,1115.1531242793862,14.819188981104215,-22.26119791459763,28,31,42,DI Ciojar,SRI,9,2021
1049.0,308.31576981786,297.5701257997076,496.7897036844665,192.0,469.80929780452675,0.0,1357.31576981786,1158.5990014889933,25.691070368307116,-3.8567421008046536,5,31,47,DI Ciojar,SRI,9,2022
302.09999999999997,678.9670393770732,342.8381823763999,624.1779534485031,164.16,43.004458186913254,0.0,981.0670393770731,831.3424116354163,-5.03952311868342,-30.22148794631738,77,46,7,DI Ciojar,SRI,9,2023
700.0,504.9879187355677,352.3417589542848,571.211531580587,182.88,255.98876083054117,0.0,1204.9879187355677,1010.0802924111282,12.646340965310904,-28.69814355485377,30,37,30,DI Ciojar,SRI,9,2024
925.5999999999999,629.5501390773101,350.5639484219913,577.5730835914819,280.0,506.84511378918285,100.0,1555.15013907731,1364.4181973806649,28.047538276353126,5.186207966638132,0,72,38,DI Ciojar,FL,10,2015
1987.1,245.9316722313946,145.9316722313946,447.24365299471333,280.0,1292.1568949170637,100.0,2233.0316722313946,2019.400547911777,40.73006294630866,4.806372990703733,0,47,84,DI Ciojar,FL,10,2016
888.4000000000001,425.9993235712943,299.5844267977423,507.52206440351915,280.0,330.16672553693587,100.0,1314.3993235712944,1117.688789940455,33.72062444155632,2.5668960197882695,0,60,34,DI Ciojar,FL,10,2017
882.8000000000002,580.5137359335453,332.589331943785,555.0638891497574,280.0,423.3646274970102,100.0,1463.3137359335456,1258.4285166467675,26.99268105241572,3.5682224116849426,0,71,32,DI Ciojar,FL,10,2018
817.0,640.8894208675882,356.85654731615534,621.2290219954116,280.0,368.27150923895056,100.0,1457.8894208675883,1269.5005312343621,27.367055167451337,0.036377119147720016,0,74,34,DI Ciojar,FL,10,2019
1274.4,421.27889921941727,293.1702148381035,495.23812875112145,280.0,720.6228756439222,100.0,1695.6788992194174,1495.8610043950434,37.735678387985594,5.2913156186862835,0,61,66,DI Ciojar,FL,10,2020
1238.0,441.86379746054143,223.51683796991324,517.498311139821,280.0,674.0102731877598,100.0,1679.8637974605415,1471.5085843275808,32.85982961741573,4.013561889723805,0,63,66,DI Ciojar,FL,10,2021
1239.3,333.6260088540049,233.62600885400497,505.24661117021066,280.0,604.7373939398001,100.0,1572.926008854005,1389.9840051100107,39.690774112029146,10.293920118767858,0,55,63,DI Ciojar,FL,10,2022
637.9,703.8793531029416,362.23602988422675,643.9014095145036,280.0,219.13543726918516,100.0,1341.7793531029415,1143.0368467836888,21.38356613039655,-1.128756455468876,3,79,24,DI Ciojar,FL,10,2023
906.2,532.1309871563607,278.29171179571955,561.1222402779872,280.0,392.98167739666127,100.0,1438.3309871563606,1234.1039176746485,31.25725540153776,5.272495611014159,0,66,51,DI Ciojar,FL,10,2024
925.5999999999999,503.1779084690755,350.5639484219913,559.5791859334582,187.2,497.91372766403833,0.0,1428.7779084690753,1244.6929135974965,17.214645101656853,-24.861789467798786,22,39,36,DI Ciojar,SRI,10,2015
1987.1,145.9316722313946,145.9316722313946,432.39443659234223,192.0,1304.173421554034,0.0,2133.0316722313946,1928.5678581463762,32.1988673189053,1.4169728903833088,0,17,85,DI Ciojar,SRI,10,2016
888.4000000000001,299.58442679774237,299.5844267977423,491.35263605410694,190.56,312.7031510263587,0.0,1187.9844267977423,994.6157870804657,23.337751631524355,-9.564609624667856,8,27,38,DI Ciojar,SRI,10,2017
882.8000000000002,434.93316196916453,332.589331943785,537.7181306808225,186.72,398.40981200156426,0.0,1317.7331619691647,1122.8479426823867,17.26151884665687,-11.531236527347454,24,38,37,DI Ciojar,SRI,10,2018
817.0,506.05385391950574,356.85654731615534,600.9718236919846,185.27999999999997,352.52612722768936,0.0,1323.0538539195059,1138.777950919674,14.083400786255908,-26.351138693304847,29,39,33,DI Ciojar,SRI,10,2019
1274.4,293.17021483810356,293.1702148381035,479.7141187619702,192.0,702.7022535598165,0.0,1567.5702148381038,1374.4163723217866,27.776830184689114,-0.3920875131832986,2,29,61,DI Ciojar,SRI,10,2020
1238.0,302.2429130659485,223.51683796991324,500.83499072558993,192.0,646.0456421976182,0.0,1540.2429130659484,1338.8806329232082,22.76514595113237,-5.077385691207867,10,30,65,DI Ciojar,SRI,10,2021
1239.3,233.6260088540049,233.62600885400497,488.843571556209,192.0,611.5915247378616,0.0,1472.926008854005,1292.4350962940707,30.866105619304893,6.187311355731963,0,25,69,DI Ciojar,SRI,10,2022
637.9,559.3988932231927,362.23602988422675,622.5377428385108,176.16,209.85864406542885,0.0,1197.2988932231926,1008.5563869039396,4.906036690917534,-28.18580224131681,53,40,22,DI Ciojar,SRI,10,2023
906.2,386.54903268366263,278.29171179571955,543.4170084830205,189.12,365.98495471892994,0.0,1292.7490326836628,1098.5219632019505,20.021667582698456,-21.183825524894935,18,32,47,DI Ciojar,SRI,10,2024
1525.9,461.2580549579646,334.36310028598365,532.7036620764331,280.0,982.0273076779603,100.0,1987.1580549579646,1794.7309697543933,37.88265281537701,6.4050453280190975,0,61,66,DI Ciojar,FL,11,2015
1863.2000000000003,197.75517362265725,83.05517362265725,442.6870387720781,280.0,1124.842485088282,100.0,2060.9551736226576,1847.52952386036,39.53330282282579,14.908057169869013,0,43,80,DI Ciojar,FL,11,2016
973.9,355.2654526160768,211.52771249401977,477.09542508987624,280.0,371.92822021188624,100.0,1329.165452616077,1129.0236453017624,36.20408110136203,-1.5075798289701536,1,57,45,DI Ciojar,FL,11,2017
1316.3,428.11198988168536,311.41198988168543,525.5276594565512,280.0,736.4364532269301,100.0,1744.4119898816853,1541.9641126834813,36.95184471409887,9.426519245874342,0,61,55,DI Ciojar,FL,11,2018
1269.6,497.6212595370953,339.44249130594466,573.2587497924458,280.0,718.1390125114731,100.0,1767.2212595370952,1571.3977623039189,37.114844755264144,3.396821812338705,0,64,67,DI Ciojar,FL,11,2019
1490.8,240.98030408294488,140.98030408294483,453.5703084700001,280.0,783.549665030178,100.0,1731.780304082945,1517.119973500178,38.142726924635184,4.688559189392278,0,49,70,DI Ciojar,FL,11,2020
1290.5,363.0947111529309,263.0947111529309,513.0229413072785,280.0,661.0148265034449,100.0,1653.5947111529308,1454.0377678107234,39.70008921650632,5.273219773924882,0,58,60,DI Ciojar,FL,11,2021
1371.3,257.3919133839405,140.69191338394046,479.12257579340314,280.0,654.5737348495716,100.0,1628.6919133839406,1413.6963106429748,39.13152281623357,7.118417913828781,0,51,71,DI Ciojar,FL,11,2022
851.1999999999998,542.5323024439102,344.39329954117795,609.4491590905709,280.0,314.1635095890937,100.0,1393.7323024439102,1203.6126686796647,28.56989436821638,-1.128756455468876,1,68,35,DI Ciojar,FL,11,2023
989.9999999999999,423.5725899887574,312.7854085150247,542.3188368657704,280.0,405.30721464538266,100.0,1413.5725899887573,1227.626051511153,35.771911504982526,-3.3871814737327295,1,60,51,DI Ciojar,FL,11,2024
1525.9,349.5630554067568,334.36310028598365,516.2580644008495,192.0,983.9390958700815,0.0,1875.463055406757,1692.197160270931,28.91998579428083,-5.39995512077317,2,30,64,DI Ciojar,SRI,11,2015
1863.2000000000003,83.05517362265725,83.05517362265725,427.35379554815506,192.0,1118.5947959388932,0.0,1946.2551736226576,1737.9485914870484,30.051480700671206,1.0386704652168444,0,12,78,DI Ciojar,SRI,11,2016
973.9,226.73115134967935,211.52771249401977,462.001627863841,191.03999999999996,354.92501444257584,0.0,1200.6311513496794,1007.9666423064168,24.971040349578153,-8.15497486204369,7,25,43,DI Ciojar,SRI,11,2017
1316.3,311.4119898816853,311.41198988168543,509.0532527121331,192.0,734.2108599713483,0.0,1627.7119898816852,1435.2641126834815,28.650677297108462,-3.9281987664610476,4,30,55,DI Ciojar,SRI,11,2018
1269.6,363.3972713748661,339.44249130594466,555.4624059341643,191.51999999999998,700.1913682075253,0.0,1632.997271374866,1447.1737741416896,27.46024945013804,-7.417345390960181,4,32,66,DI Ciojar,SRI,11,2019
1490.8,140.98030408294483,140.98030408294483,439.1758811773668,192.0,795.9440923228112,0.0,1631.780304082945,1427.119973500178,31.196620715826164,10.548078405338892,0,19,76,DI Ciojar,SRI,11,2020
1290.5,263.0947111529309,263.0947111529309,496.2340142823285,192.0,669.1591632332697,0.0,1553.5947111529308,1357.3931775155982,31.043440047036853,6.101207696955329,0,28,59,DI Ciojar,SRI,11,2021
1371.3,151.50131981032223,140.69191338394046,462.79619376572873,192.0,663.0095233036277,0.0,1522.8013198103222,1317.8057170693564,29.86147441628323,-2.3094064263817655,1,21,72,DI Ciojar,SRI,11,2022
851.1999999999998,377.4130621491256,344.39329954117795,590.2809400887359,188.16,269.20950186832346,0.0,1228.6130621491254,1047.6504419570592,18.22127099148079,-27.93704626943177,16,33,32,DI Ciojar,SRI,11,2023
989.9999999999999,312.7854085150247,312.7854085150247,526.2065578429675,191.51999999999998,398.63589965897916,0.0,1302.7854085150245,1116.3624575019467,28.313452549424653,-5.673479938592925,3,29,51,DI Ciojar,SRI,11,2024
1960.4,305.85843413379115,193.53863851249608,484.69807589151355,280.0,1290.0198589635384,100.0,2266.258434133791,2054.7179348550517,39.07925868295613,4.542542746833284,0,55,79,DI Ciojar,FL,12,2015
1690.1,187.9476343926134,87.9476343926134,461.11311806059757,280.0,921.1891361438139,100.0,1878.0476343926134,1662.3022542044114,40.7012681687871,6.050072419184001,0,45,78,DI Ciojar,FL,12,2016
1157.4,316.75050873985083,160.7385517630594,471.0368818804292,280.0,510.9272286040085,100.0,1474.150508739851,1261.9641104844377,35.74638778965744,4.531074265352599,0,55,54,DI Ciojar,FL,12,2017
1515.8999999999999,292.71662018589797,173.81662018589793,491.9459676763357,280.0,829.7950203750283,100.0,1808.6166201858978,1601.7409880513642,40.68526060302551,10.386025516861313,0,54,70,DI Ciojar,FL,12,2018
1602.8000000000002,356.77520553691045,256.7752055369105,520.1742372679194,280.0,955.1880444697979,100.0,1959.5752055369107,1755.3622817377172,41.13995929451174,6.662128816542776,0,57,74,DI Ciojar,FL,12,2019
1470.1,237.72770498614875,137.72770498614875,452.15396595894396,280.0,762.2064949419497,100.0,1707.8277049861485,1494.3604609008935,41.27380903940809,11.832672535980622,0,53,72,DI Ciojar,FL,12,2020
1485.6,183.9117516278949,83.91175162789489,490.66626092022597,280.0,681.5302012388854,100.0,1669.5117516278947,1452.1964621591114,40.81899142716067,15.969575186493918,0,47,69,DI Ciojar,FL,12,2021
1320.9,223.182656721103,123.18265672110297,481.3200911814443,280.0,591.3037550761622,100.0,1544.0826567211031,1352.6238462576066,40.64233456735043,11.389931363608785,0,48,73,DI Ciojar,FL,12,2022
1083.2,405.2264599920491,240.25379233375392,564.8970254294939,280.0,456.9317639696727,100.0,1488.426459992049,1301.8287893991665,33.421878775353214,4.862793036082925,0,62,49,DI Ciojar,FL,12,2023
1199.7999999999997,199.3564064808529,99.3564064808529,508.2888353110998,280.0,403.9326814387812,100.0,1399.1564064808526,1192.221516749881,41.315226084121704,6.132932560315206,0,48,69,DI Ciojar,FL,12,2024
1960.4,193.53863851249608,193.53863851249608,468.7918066992331,192.0,1291.606332534524,0.0,2153.9386385124963,1952.398139233757,30.10808067998354,6.211428462211172,0,24,80,DI Ciojar,SRI,12,2015
1690.1,87.9476343926134,87.9476343926134,445.3778805036667,192.0,933.2564891510972,0.0,1778.0476343926134,1570.6343696547638,30.97839953370706,6.881259820974258,0,15,78,DI Ciojar,SRI,12,2016
1157.4,186.85339122627983,160.7385517630594,455.06708060845995,192.0,493.22031872049854,0.0,1344.25339122628,1140.2873993289586,25.72054007844038,-4.256439778373016,4,23,55,DI Ciojar,SRI,12,2017
1515.8999999999999,185.27447946023239,173.81662018589793,475.29798354312845,192.0,832.6027794652875,0.0,1701.1744794602323,1499.900763008416,31.42327597836723,-3.65785927433445,1,24,71,DI Ciojar,SRI,12,2018
1602.8000000000002,256.77520553691045,256.7752055369105,503.9239676952108,192.0,969.4383140425064,0.0,1859.5752055369107,1665.3622817377172,32.51447254214071,7.501117640141363,0,27,80,DI Ciojar,SRI,12,2019
1470.1,137.72770498614875,137.72770498614875,437.87229844853493,192.0,773.763279265404,0.0,1607.8277049861485,1403.6355777139388,32.78267906546958,12.6630421148323,0,23,72,DI Ciojar,SRI,12,2020
1485.6,83.91175162789489,83.91175162789489,473.9358974819694,192.0,696.2605646771419,0.0,1569.5117516278947,1362.1964621591114,31.395354833648458,18.32541308224986,0,17,74,DI Ciojar,SRI,12,2021
1320.9,123.18265672110297,123.18265672110297,466.07128288290426,192.0,595.2958812616221,0.0,1444.0826567211031,1253.3671641445262,30.53514883945692,7.292884398241085,0,18,71,DI Ciojar,SRI,12,2022
1083.2,255.53445286392548,240.25379233375392,546.4815415201822,190.07999999999998,420.154247765674,0.0,1338.7344528639255,1156.715789285856,25.44768854324648,-18.718830742706018,7,28,45,DI Ciojar,SRI,12,2023
1199.7999999999997,99.3564064808529,99.3564064808529,491.50066066088993,191.51999999999998,416.27066921100976,0.0,1299.1564064808526,1099.2913298718997,29.41789626917597,-5.06083026003574,2,18,66,DI Ciojar,SRI,12,2024
2031.0000000000002,223.4354870464885,123.4354870464885,470.0411083221328,280.0,1290.9967444086076,100.0,2254.4354870464886,2041.0378527307403,42.99371249720976,31.02375681502258,0,48,87,DI Cipacing,FL,1,2016
1427.8000000000002,186.55237766933612,73.55237766933612,480.2845008236323,280.0,641.3875933834498,100.0,1614.3523776693364,1401.672094207082,36.80867565139163,8.544451482369546,0,42,63,DI Cipacing,FL,1,2017
1105.2,329.2935623690435,196.28127877765456,494.27208901556355,280.0,489.63431358694066,100.0,1434.4935623690435,1263.9064026025042,32.81034317416787,-5.331532066237203,7,55,49,DI Cipacing,FL,1,2018
1611.9,240.4583780137047,130.23626552732313,489.864002215345,280.0,871.6052980641009,100.0,1852.3583780137049,1641.4693002794459,41.562560497616396,7.57788751361843,0,51,78,DI Cipacing,FL,1,2019
1950.8000000000002,214.22484736045737,114.22484736045739,493.94407551100755,280.0,1184.1230532677037,100.0,2165.0248473604574,1958.0671287787113,42.61225222734165,23.467907930843612,0,51,95,DI Cipacing,FL,1,2020
1785.7000000000003,211.09094989085804,95.79094989085803,448.5101534922941,280.0,1065.7117380037653,100.0,1996.7909498908584,1794.2218914960595,41.78078105581268,14.381214771316014,0,47,89,DI Cipacing,FL,1,2021
1326.0,247.96148002551615,112.66998729114901,506.9514356141512,280.0,570.65525656564,100.0,1573.9614800255163,1357.6066921797913,39.94312362700517,3.8085072656328487,0,49,73,DI Cipacing,FL,1,2022
1175.0,242.3803940625839,101.63013130604119,496.8455625703323,280.0,428.4962162930266,100.0,1417.380394062584,1205.3417788633587,34.075172347581955,3.2137297279511827,0,50,56,DI Cipacing,FL,1,2023
1369.3,309.028675409181,209.02867540918098,557.6273138208114,280.0,648.6256479897929,100.0,1678.328675409181,1486.2529618106043,35.401868404731204,-0.5627870882808423,1,52,61,DI Cipacing,FL,1,2024
2031.0000000000002,123.4354870464885,123.4354870464885,454.51067498938033,192.0,1303.692843923134,0.0,2154.4354870464886,1950.2035189125143,33.37545149956979,15.365350414057826,0,18,96,DI Cipacing,SRI,1,2016
1427.8000000000002,73.55237766933612,73.55237766933612,464.01019962575697,192.0,638.6934530408034,0.0,1501.3523776693364,1294.7036526665604,28.08361536461068,0.47293235262563105,0,11,61,DI Cipacing,SRI,1,2017
1105.2,207.52300609497578,196.28127877765456,477.57051200998467,190.07999999999998,475.3092391803909,0.0,1312.7230060949757,1142.9597511903755,26.829328571922343,-6.155436928176515,6,24,49,DI Cipacing,SRI,1,2018
1611.9,130.23626552732313,130.23626552732313,473.4659994329111,192.0,874.946042070663,0.0,1742.1362655273233,1540.412041503574,32.15590914827978,6.131326402880304,0,20,78,DI Cipacing,SRI,1,2019
1950.8000000000002,114.2248473604574,114.22484736045739,477.94233133108906,192.0,1197.2869185271213,0.0,2065.0248473604574,1867.2292498582103,33.34392823740207,22.514236205582655,0,21,93,DI Cipacing,SRI,1,2020
1785.7000000000003,95.79094989085803,95.79094989085803,433.39414266764504,192.0,1060.1741053907026,0.0,1881.4909498908582,1685.5682480583478,32.134822436516686,0.7348661102138729,0,16,92,DI Cipacing,SRI,1,2021
1326.0,135.44077217666103,112.66998729114901,489.5857607283705,192.0,573.5002236025657,0.0,1461.440772176661,1255.0859843309363,30.79341613187509,-3.6521808792875814,2,19,70,DI Cipacing,SRI,1,2022
1175.0,111.9020952130279,101.63013130604119,480.4968807339951,192.0,409.024818591094,0.0,1286.902095213028,1081.5216993250892,23.484296814934552,-4.0487768518792855,12,18,55,DI Cipacing,SRI,1,2023
1369.3,209.02867540918098,209.02867540918098,539.4779279556234,192.0,660.5840335171938,0.0,1578.328675409181,1392.061961472817,29.337188769670103,4.151663877261716,0,22,62,DI Cipacing,SRI,1,2024
2036.1,203.1683074683356,66.53813594658574,469.86610054738117,280.0,1315.3504472682796,100.0,2239.2683074683355,2065.2165478156608,39.10507469390996,-5.1445177254758505,4,44,96,DI Cipacing,FL,2,2015
1761.9,236.97545628252112,136.97545628252107,472.0945980117349,280.0,1056.675208304208,100.0,1998.875456282521,1808.7698063159428,41.93871701973261,7.922429252309556,0,52,80,DI Cipacing,FL,2,2016
1041.1999999999998,294.71285184227787,154.89372475965277,485.2272896566368,280.0,394.93810252815535,100.0,1335.9128518422776,1160.1653921847922,32.126214783663755,-6.017704138761171,4,56,43,DI Cipacing,FL,2,2017
997.9,381.99041582882285,184.0376951592824,499.4795340227218,280.0,417.422462951538,100.0,1379.8904158288228,1196.9019969742599,31.539966558257724,-5.686244383274618,9,62,40,DI Cipacing,FL,2,2018
1430.3000000000002,247.63395650132696,135.47423955089278,490.5719348326551,280.0,733.9852199964737,100.0,1677.9339565013272,1504.5571548291286,36.97963560576478,-3.0597169504341863,2,52,63,DI Cipacing,FL,2,2019
1787.7,197.06032846664613,97.06032846664614,478.58472103882445,280.0,1018.5455762094141,100.0,1984.7603284666461,1777.1302972482385,41.92341773273699,13.120459421767999,0,46,86,DI Cipacing,FL,2,2020
1472.1000000000001,269.98857509292895,89.3859462375824,466.3404438974013,280.0,784.0305978767562,100.0,1742.0885750929292,1530.3710417741577,33.43854548059429,-6.123973044291674,7,53,68,DI Cipacing,FL,2,2021
1193.4,281.18374816587703,163.983748165877,512.0236109835162,280.0,487.01465635707245,100.0,1474.583748165877,1279.0382673405886,39.22337347163755,11.54946131631091,0,53,60,DI Cipacing,FL,2,2022
1119.9,297.83735462956423,170.6761005319018,505.189885220686,280.0,465.2355845494701,100.0,1417.7373546295644,1250.425469770156,37.12084919448722,-5.4590508053216045,1,56,55,DI Cipacing,FL,2,2023
1290.3,265.9340349704703,105.26508449608927,541.3960282234418,280.0,558.3078576888479,100.0,1556.2340349704702,1379.7038859122897,33.28481157486665,-5.291284527503799,8,51,54,DI Cipacing,FL,2,2024
2036.1,66.53813594658573,66.53813594658574,454.179356016508,187.2,1314.7376309172241,0.0,2102.638135946586,1956.116986933732,29.096697002860136,-30.079692516607984,11,11,97,DI Cipacing,SRI,2,2015
1761.9,136.97545628252107,136.97545628252107,456.18066404357944,192.0,1063.0913048974262,0.0,1898.875456282521,1711.2719689410055,32.59250654306195,8.747949754761937,0,22,85,DI Cipacing,SRI,2,2016
1041.1999999999998,185.19550365330062,154.89372475965277,468.5448432077274,188.64,396.1228182525175,0.0,1226.3955036533005,1053.307661460245,24.78935175707243,-30.401778893647883,8,24,42,DI Cipacing,SRI,2,2017
997.9,250.77521710059503,184.0376951592824,481.9919222537961,177.6,415.47741751742774,0.0,1248.675217100595,1075.069339771224,16.36069666827476,-33.42239582506126,36,26,40,DI Cipacing,SRI,2,2018
1430.3000000000002,135.47423955089278,135.47423955089278,474.07120225068047,191.03999999999996,732.6338792836514,0.0,1565.774239550893,1397.7450815343318,29.37155337625803,-7.755622658872054,3,21,66,DI Cipacing,SRI,2,2019
1787.7,97.06032846664613,97.06032846664614,462.3297333589105,192.0,1027.2765655281523,0.0,1884.7603284666461,1681.6062988870628,33.06583990127522,13.949959823532673,0,16,88,DI Cipacing,SRI,2,2020
1472.1000000000001,120.3233530803312,89.3859462375824,449.6772514416796,184.8,753.7303298397849,0.0,1592.4233530803313,1388.2075812814644,22.886843720130138,-32.93740684274881,18,17,68,DI Cipacing,SRI,2,2021
1193.4,163.98374816587702,163.983748165877,494.6909162984809,192.0,469.3081666844556,0.0,1357.383748165877,1155.9990829829367,30.512046004495723,-2.2147118956912575,1,22,55,DI Cipacing,SRI,2,2022
1119.9,183.69318379691413,170.6761005319018,487.6445385845858,191.51999999999998,458.2790551071553,0.0,1303.5931837969142,1137.4435936917412,26.497036735100554,-6.621345559556635,3,25,56,DI Cipacing,SRI,2,2023
1290.3,136.99309269731924,105.26508449608927,523.0041338972727,185.27999999999997,555.4326906817814,0.0,1427.2930926973193,1263.716824579054,24.689140714974023,-31.728008201229944,15,17,57,DI Cipacing,SRI,2,2024
1634.1000000000001,267.3215045375696,45.51280334508981,476.63032928126245,280.0,970.665646392413,100.0,1901.4215045375697,1727.2959756736755,31.909743541816667,-4.385481094859013,8,54,75,DI Cipacing,FL,3,2015
1628.3000000000002,171.6979561655466,48.49740633168058,457.2728012244768,280.0,876.7947353849523,100.0,1799.9979561655468,1614.0675366094292,35.872670696231,-3.200549833866024,2,40,74,DI Cipacing,FL,3,2016
887.8999999999999,351.2649177328225,146.51738587582363,488.64053744695264,280.0,292.9260129327321,100.0,1239.1649177328222,1061.5665503796847,30.148826720726348,-4.125248324635164,7,65,31,DI Cipacing,FL,3,2017
812.3000000000001,395.7034047807581,114.81210857886536,516.192012369668,280.0,238.20212407197317,100.0,1208.003404780758,1034.3941364416412,23.407081657254473,-5.623464075266889,10,61,26,DI Cipacing,FL,3,2018
1202.8,326.6613143094359,97.62767094228049,499.3010020271838,280.0,572.8449524523883,100.0,1529.461314309436,1352.145954479572,32.199331202157246,-5.431436716463295,10,60,53,DI Cipacing,FL,3,2019
1659.1,137.1339286044697,37.1339286044697,465.12729254303105,280.0,859.9180275651674,100.0,1796.2339286044696,1605.0453201081984,40.6788377345781,11.31973699854635,0,40,73,DI Cipacing,FL,3,2020
1235.5,228.2107000194593,97.25680597722051,477.2340902038247,280.0,506.3572465669427,100.0,1463.7107000194592,1263.5913367707674,31.323664958332355,-5.169280383488388,4,50,51,DI Cipacing,FL,3,2021
1153.9,263.370155745516,146.970155745516,493.4939036122382,280.0,429.93828326901036,100.0,1417.2701557455161,1203.4321868812485,41.117721672926066,14.583727654342242,0,53,61,DI Cipacing,FL,3,2022
990.6000000000001,307.95689933068866,121.532925103309,499.4491414391466,280.0,336.8819694663577,100.0,1298.5568993306888,1116.3311109055044,27.67693155745906,-4.57312024840805,10,62,40,DI Cipacing,FL,3,2023
1052.9,245.72781272375397,94.09824112249639,534.8080444012244,280.0,314.45136382917815,100.0,1298.627812723754,1129.2594082304026,27.557661401664145,-4.0138523605595005,7,50,38,DI Cipacing,FL,3,2024
1634.1000000000001,147.02012924140882,45.51280334508981,460.55539514215843,174.23999999999998,975.0925702078086,0.0,1781.120129241409,1609.887965349967,17.19268138415744,-33.970916186911424,39,13,74,DI Cipacing,SRI,3,2015
1628.3000000000002,48.49740633168058,48.49740633168058,441.49154450853905,192.0,854.4838492592787,0.0,1676.7974063316808,1487.9753937678179,28.878734234749878,-1.0809376982466596,1,8,73,DI Cipacing,SRI,3,2016
887.8999999999999,211.9988670050725,146.51738587582363,471.8339746262483,176.15999999999997,296.0103835122413,0.0,1099.8988670050724,944.0043581384896,16.027843502324625,-32.54473644509418,35,24,34,DI Cipacing,SRI,3,2017
812.3000000000001,275.9877134202801,114.81210857886536,498.4430288997502,172.31999999999996,251.27820164457214,0.0,1088.2877134202802,922.0412305443223,7.8099185922605905,-32.72867448497527,47,22,26,DI Cipacing,SRI,3,2018
1202.8,195.80218195993018,97.62767094228049,482.4779324937175,179.04,573.0552494089967,0.0,1398.60218195993,1234.5731819027142,18.666445915822482,-34.63861073214898,30,21,49,DI Cipacing,SRI,3,2019
1659.1,37.13392860446971,37.1339286044697,449.12599964706254,192.0,867.2547465277888,0.0,1696.2339286044696,1508.3807461748515,31.677966604252813,7.984310931893527,0,10,77,DI Cipacing,SRI,3,2020
1235.5,97.2568059772205,97.25680597722051,460.4183541726411,187.67999999999998,487.54056957623925,0.0,1332.7568059772204,1135.6389237488802,21.411265921563754,-26.459495417315225,13,17,50,DI Cipacing,SRI,3,2021
1153.9,146.970155745516,146.970155745516,476.5411644221066,192.0,427.3690495118342,0.0,1300.870155745516,1095.9102139339407,30.529103609426738,-0.5354193915419017,1,22,55,DI Cipacing,SRI,3,2022
990.6000000000001,185.1543826853491,121.532925103309,481.9274587582977,180.96,326.87740163433705,0.0,1175.7543826853494,989.7648603926348,17.041337560455627,-32.30185735350233,26,24,38,DI Cipacing,SRI,3,2023
1052.9,124.83393154827614,94.09824112249639,516.4363254345446,177.59999999999997,334.7772421665801,0.0,1177.7339315482761,1028.8135676011248,15.873127530123798,-27.135690425779732,33,16,40,DI Cipacing,SRI,3,2024
1034.9,401.8237727217336,76.94831676264391,486.0768192959173,280.0,494.83859605795965,100.0,1436.7237727217337,1260.915415353877,22.923985418832284,-4.84763843299371,10,72,38,DI Cipacing,FL,4,2015
971.3,255.58916104562786,78.9164078689308,466.87347291170556,280.0,305.3724791155588,100.0,1226.8891610456278,1052.2459520272644,31.170941281600136,-5.085191619043441,9,51,46,DI Cipacing,FL,4,2016
660.9999999999999,442.3890133207184,163.27033536255013,490.7663023245259,280.0,158.89212980209737,100.0,1103.3890133207183,929.6584321266232,18.975352995768034,-4.088305360171452,11,72,16,DI Cipacing,FL,4,2017
467.29999999999995,581.9265387978465,148.70751310879206,521.9378657035729,280.0,71.22426509080086,100.0,1049.2265387978464,873.1621307943738,7.511042398569349,-1.9549166619665534,12,76,12,DI Cipacing,FL,4,2018
733.1999999999999,504.65234790044383,136.79950248951093,510.62733359447725,280.0,266.27178925548327,100.0,1237.8523479004439,1056.8991228499606,22.97474052198279,-5.569277142153356,11,81,33,DI Cipacing,FL,4,2019
1253.7,295.25367170654124,102.8981932866687,473.9103863223162,280.0,623.3130711442161,100.0,1548.9536717065412,1377.2234574665322,32.62057274811957,-4.782963703752321,10,54,51,DI Cipacing,FL,4,2020
942.2,239.97121936753013,71.74795933177687,484.60354491025697,280.0,245.039134493286,100.0,1182.1712193675303,1009.642679403543,27.99409999081068,-3.5897900117440953,7,55,30,DI Cipacing,FL,4,2021
1012.4,230.77988104765032,92.84086693555223,489.5805022022395,280.0,288.8774040844054,100.0,1243.1798810476503,1058.4579062866449,34.05933968680131,-4.765022318049104,6,52,43,DI Cipacing,FL,4,2022
780.8,431.0497195411782,159.8727195094203,519.4154173159553,280.0,238.05736745524806,100.0,1211.8497195411783,1037.4727847712034,20.968713806417192,-3.7559024244610866,9,68,24,DI Cipacing,FL,4,2023
782.5,336.1931385838444,151.08749859327045,524.8922255498998,280.0,145.0884902503095,100.0,1118.6931385838443,949.9807158002093,22.668618939164357,-3.087825254663631,3,61,21,DI Cipacing,FL,4,2024
1034.9,272.31111167844705,76.94831676264391,469.23650451371736,166.55999999999997,521.6748310794798,0.0,1307.2111116784472,1157.4713355931972,5.26957888984016,-33.779877501950125,61,21,40,DI Cipacing,SRI,4,2015
971.3,109.25839062533653,78.9164078689308,451.46106624553124,178.56,298.24397747950457,0.0,1080.5583906253364,928.2650437250359,15.383140639545744,-30.641982756405724,30,14,42,DI Cipacing,SRI,4,2016
660.9999999999999,319.03579616977265,163.27033536255013,474.47829833934566,168.95999999999998,173.17651462268577,0.0,980.0357961697725,816.6148129620315,4.801359118946752,-33.3302855874444,58,27,20,DI Cipacing,SRI,4,2017
467.29999999999995,427.55767973359764,148.70751310879206,504.67987997765397,160.79999999999995,71.22426509080086,0.0,894.8576797335976,736.7041450684547,-8.322716780568673,-34.17857624813931,79,28,12,DI Cipacing,SRI,4,2018
733.1999999999999,361.65683039117675,136.79950248951093,493.12909622150687,167.99999999999997,264.9728613583401,0.0,1094.8568303911766,926.101957579847,6.862848999774022,-33.20773007232501,56,31,28,DI Cipacing,SRI,4,2019
1253.7,133.90137186950136,102.8981932866687,458.43312255507385,181.44,595.2580515997533,0.0,1387.6013718695015,1235.1311741548272,20.446394239889774,-32.30317858283264,24,18,49,DI Cipacing,SRI,4,2020
942.2,104.51663903376007,71.74795933177687,468.54952783151793,183.35999999999999,224.46441123180009,0.0,1046.7166390337602,876.3739390633181,13.25092357787133,-33.4686797019832,22,20,26,DI Cipacing,SRI,4,2021
1012.4,92.84086693555224,92.84086693555223,473.749087427217,188.16,274.4796766187212,0.0,1105.2408669355523,936.3887640459382,24.47239037014753,-19.620146919305608,11,19,40,DI Cipacing,SRI,4,2022
780.8,268.37530852813904,159.8727195094203,502.3826948420203,166.55999999999997,228.3707546617593,0.0,1049.1753085281389,897.3134495037796,4.504634856774474,-32.087976037501484,59,24,27,DI Cipacing,SRI,4,2023
782.5,219.07922181209324,151.08749859327045,507.4356405380855,174.23999999999995,172.46734609090802,0.0,1001.5792218120932,854.1429866289934,7.145596784084049,-29.413483435056374,46,23,23,DI Cipacing,SRI,4,2024
634.6999999999999,575.7951174737035,62.58415704753607,509.7695001742007,280.0,238.31320983567363,100.0,1210.4951174737034,1028.0827100098743,9.605534092969721,-5.930657203225934,11,84,18,DI Cipacing,FL,5,2015
656.6,324.36249965182,117.667138441401,467.956882221805,280.0,61.48136581043543,100.0,980.96249965182,809.4382480322405,22.987143995980514,-4.858444096997976,10,62,13,DI Cipacing,FL,5,2016
382.7,613.5545537481117,171.90283666196677,500.89384268521746,280.0,35.826956237380514,100.0,996.2545537481117,816.720798922598,9.417729522330353,-2.7335047126393155,11,83,6,DI Cipacing,FL,5,2017
204.8,782.7134251159542,239.18904755431686,538.7849765850057,280.0,0.018206568187880023,100.0,987.5134251159543,818.8031831531936,7.344660621130246,-4.836324729418445,11,98,1,DI Cipacing,FL,5,2018
504.1,665.427858897479,108.37588250926675,541.4864281636853,280.0,169.57395340913928,100.0,1169.527858897479,991.0603815728246,7.175348373297496,-3.736722332677089,11,89,13,DI Cipacing,FL,5,2019
955.1999999999999,372.08602691826934,120.67823365309332,482.6718573264477,280.0,390.1516525577374,100.0,1327.2860269182693,1152.8235098841851,20.794431388528647,-4.049257891067068,7,64,20,DI Cipacing,FL,5,2020
643.8,492.1958659492409,202.8033335977072,496.5418343114559,280.0,188.74049566516084,100.0,1135.9958659492409,965.2823299766167,23.66382845966553,-5.179006606903832,10,72,24,DI Cipacing,FL,5,2021
736.3,364.98386359308415,140.14627062146118,496.0728670434564,280.0,153.76438589434085,100.0,1101.283863593084,929.8372529377973,20.006928274147228,-3.5270855793084004,12,63,20,DI Cipacing,FL,5,2022
533.8,542.0226736806069,180.44168387878486,524.8661103393799,280.0,96.80787156881031,100.0,1075.8226736806068,901.6739819081903,15.829501198478516,-4.880760082078829,11,78,11,DI Cipacing,FL,5,2023
545.0,554.4251813872138,150.55223770098934,537.5185453322773,280.0,108.09118013390932,100.0,1099.4251813872138,925.6097254661867,14.5332644827208,-3.3704991160057105,10,83,12,DI Cipacing,FL,5,2024
634.6999999999999,409.0828793447386,62.58415704753607,492.07878409931004,159.83999999999997,238.31320983567363,0.0,1043.7828793447386,890.2319939349836,-8.451139136252662,-31.968010443436604,80,24,18,DI Cipacing,SRI,5,2015
656.6,181.73028519511985,117.667138441401,452.7137934262719,172.31999999999996,61.46918923541664,0.0,838.3302851951198,686.5029826616884,8.349018679106704,-33.908971094327114,50,25,12,DI Cipacing,SRI,5,2016
382.7,445.50605229542043,171.90283666196677,484.57039644264285,161.27999999999997,35.826956237380514,0.0,828.2060522954205,681.6773526800233,-7.664793284988407,-33.87484935197446,77,35,6,DI Cipacing,SRI,5,2017
204.8,642.1291207715997,239.18904755431686,520.8983161295114,159.35999999999996,0.018206568187880023,0.0,846.9291207715996,680.2765226976992,-9.354170602373571,-35.001992580893585,84,45,1,DI Cipacing,SRI,5,2018
504.1,487.825833264635,108.37588250926675,522.7837929837261,156.47999999999996,169.57395340913928,0.0,991.925833264635,848.8377463928653,-11.139120108574598,-34.06118349349257,92,30,13,DI Cipacing,SRI,5,2019
955.1999999999999,219.2359863288934,120.67823365309332,466.6066918098227,170.87999999999997,387.24816208730533,0.0,1174.4359863288933,1024.734853897128,7.729883328536395,-33.52438972396172,49,21,21,DI Cipacing,SRI,5,2020
643.8,346.756430292219,202.8033335977072,480.43682177613334,176.64,169.55150981592416,0.0,990.5564302922189,826.6283315920575,8.431599369843227,-33.443269446104814,46,31,21,DI Cipacing,SRI,5,2021
736.3,218.1272592787361,140.14627062146118,480.1305770153745,176.15999999999997,139.32554736054476,0.0,954.4272592787361,795.6161243759193,9.162976867737834,-32.95445414358916,41,24,21,DI Cipacing,SRI,5,2022
533.8,401.7035940886858,180.44168387878486,507.71500590485937,156.48,115.94103365440031,0.0,935.5035940886858,780.1360395592596,-5.166629537968588,-31.06170522250661,83,30,13,DI Cipacing,SRI,5,2023
545.0,386.9144422015638,150.55223770098934,520.2179059612154,170.88,96.89796463903271,0.0,931.9144422015638,787.995870600248,-1.868300592682661,-34.306476132779956,68,33,11,DI Cipacing,SRI,5,2024
116.1,907.7167926042926,295.9934136438031,557.7609864153267,280.0,10.542489114948491,100.0,1023.8167926042926,848.3034755302751,6.93027959236139,-4.184173140433922,10,106,1,DI Cipacing,FL,6,2015
563.5,474.76427802424035,194.56805294567314,478.9800000286761,280.0,86.17303549151342,100.0,1038.2642780242404,845.1530355201896,14.560229361613274,-2.6201776656937996,1,72,11,DI Cipacing,FL,6,2016
192.10000000000002,805.2670068995369,287.9689450443834,540.4569787099839,280.0,0.0,100.0,997.3670068995369,820.4569787099839,6.808615731164744,-7.266824069530217,12,95,0,DI Cipacing,FL,6,2017
118.69999999999999,905.7187927952798,300.02315102921915,569.4868841735588,280.0,0.0,100.0,1024.4187927952798,849.4868841735588,6.915921589119335,-4.273506294186893,11,104,0,DI Cipacing,FL,6,2018
106.8,940.3220152947274,277.5613148128495,591.908539561369,280.0,0.0,100.0,1047.1220152947274,871.908539561369,6.523732566987252,-5.159960788082349,13,106,0,DI Cipacing,FL,6,2019
557.0,580.7455922551231,173.0326257444193,517.3742169450429,280.0,158.84691455901927,100.0,1137.745592255123,956.2211315040622,11.727953613268395,-7.234463879239157,11,88,6,DI Cipacing,FL,6,2020
550.0999999999999,524.8844265355264,237.3107725545433,505.6122245511088,280.0,111.02532400689586,100.0,1074.9844265355264,896.6375485580046,15.47526948476401,-5.340248790655482,7,73,6,DI Cipacing,FL,6,2021
530.9,452.751622562791,201.06809146829005,509.05353005615666,280.0,15.777290155604062,100.0,983.651622562791,804.8308202117607,18.50399525405519,-4.106967835003413,5,74,8,DI Cipacing,FL,6,2022
305.2,751.6053280538422,235.63763930303728,555.2955294001983,280.0,44.207735771187686,100.0,1056.8053280538422,879.503265171386,8.395180239205834,-4.389234572952909,10,96,5,DI Cipacing,FL,6,2023
394.5,729.1262612173693,280.9173359127166,566.8063260351939,280.0,102.41649131280654,100.0,1123.6262612173693,949.2228173480005,12.39658927225027,-6.1211233013483906,9,94,6,DI Cipacing,FL,6,2024
116.1,732.7918222652225,295.9934136438031,538.7036034077812,157.92,10.542489114948491,0.0,848.8918222652226,707.1660925227296,-10.979683561666224,-33.18551864884123,90,45,1,DI Cipacing,SRI,6,2015
563.5,312.7645020860756,194.56805294567314,462.5663786764625,170.88,56.32636724068726,0.0,876.2645020860756,689.7727459171497,-1.678332666896138,-28.307762597466617,54,31,8,DI Cipacing,SRI,6,2016
192.10000000000002,656.2953084050334,287.9689450443834,522.2416120929375,157.92,0.0,0.0,848.3953084050335,680.1616120929375,-9.019625921757,-33.58886466594923,88,44,0,DI Cipacing,SRI,6,2017
118.69999999999999,741.5864672005762,300.02315102921915,550.0665700907776,160.32,0.0,0.0,860.2864672005762,710.3865700907777,-10.066454217548857,-34.04452953392166,87,48,0,DI Cipacing,SRI,6,2018
106.8,783.5143842166517,277.5613148128495,571.4415777754357,157.91999999999996,0.0,0.0,890.3143842166517,729.3615777754356,-11.14691552850882,-35.70237539266435,89,49,0,DI Cipacing,SRI,6,2019
557.0,403.3024500616663,173.0326257444193,499.59524299227263,160.31999999999996,153.64434920485908,0.0,960.3024500616664,813.5595921971317,-5.2706290841178625,-34.336948102026405,79,34,6,DI Cipacing,SRI,6,2020
550.0999999999999,395.10938808066874,237.3107725545433,488.3682783294896,169.91999999999996,130.59185551687415,0.0,945.2093880806686,788.8801338463637,1.039339501549829,-30.620977745575438,59,32,14,DI Cipacing,SRI,6,2021
530.9,326.63510743232524,201.06809146829005,491.44445282830486,174.23999999999998,24.022898992699638,0.0,857.5351074323253,689.7073518210045,4.989160437997624,-30.119632123486877,53,31,10,DI Cipacing,SRI,6,2022
305.2,585.8580974830859,235.63763930303728,536.3728219815855,158.87999999999997,44.207735771187686,0.0,891.0580974830859,739.4605577527732,-9.054979436649713,-34.779094406644205,83,37,5,DI Cipacing,SRI,6,2023
394.5,543.1802312250154,280.9173359127166,547.4412719658758,164.16,65.85981108106512,0.0,937.6802312250154,777.4610830469409,-4.706679719815893,-31.7123601150301,76,38,4,DI Cipacing,SRI,6,2024
96.5,951.1400916351008,311.92017477573677,599.6566085389218,280.0,0.0,100.0,1047.6400916351008,879.6566085389218,6.696496232145831,-5.466096774801213,11,104,0,DI Cipacing,FL,7,2015
804.6999999999999,478.32743587832584,266.3682800465925,476.97827597705657,280.0,324.09851902237267,100.0,1283.0274358783258,1081.0767949994292,25.671261388866995,1.9152421364105043,0,69,27,DI Cipacing,FL,7,2016
364.4,735.4222432627746,274.54862178879574,550.1815248737194,280.0,75.61984931173488,100.0,1099.8222432627745,905.8013741854543,13.07917622819907,0.10419711509063312,0,90,4,DI Cipacing,FL,7,2017
95.30000000000001,966.2076102598344,314.4177546362113,605.17645124118,280.0,4.398868889551345,100.0,1061.5076102598343,889.5753201307313,6.470236968215499,-6.92275562753635,11,107,1,DI Cipacing,FL,7,2018
82.80000000000001,1004.8263592953891,336.12163696211707,641.2412500381078,280.0,0.0,100.0,1087.6263592953892,921.2412500381078,5.977936001125074,-6.56372236820946,14,104,0,DI Cipacing,FL,7,2019
534.9999999999999,639.6696953123569,247.84292242552485,553.2568548728135,280.0,167.56238287427715,100.0,1174.669695312357,1000.8192377470907,9.67439533716268,-4.791546676856361,9,80,4,DI Cipacing,FL,7,2020
457.7,554.9580601125228,203.62057349702198,534.3212942240366,280.0,15.14807776557178,100.0,1012.6580601125229,829.4693719896084,10.233439445371753,-6.970159097362529,9,77,3,DI Cipacing,FL,7,2021
625.5999999999999,474.4813942207746,192.48192412907653,523.3884514459558,280.0,77.95097840827799,100.0,1100.0813942207744,881.3394298542337,17.521764320132355,-1.6645847926329056,3,71,16,DI Cipacing,FL,7,2022
180.0,887.9955912835726,261.1333498533526,610.792458326293,280.0,0.18930609155970934,100.0,1067.9955912835726,890.9817644178527,6.377628101020635,-5.462058992926197,12,103,1,DI Cipacing,FL,7,2023
362.3,751.0122886320536,266.5615985837974,597.9343417502488,280.0,65.46089802771431,100.0,1113.3122886320537,943.3952397779631,11.598323652652695,-4.920232615839773,13,90,5,DI Cipacing,FL,7,2024
96.5,808.0148729882147,311.92017477573677,578.4532333216423,158.87999999999997,0.0,0.0,904.5148729882147,737.3332333216423,-10.063504766208464,-31.971005853301392,92,50,0,DI Cipacing,SRI,7,2015
804.6999999999999,366.5908999286615,266.3682800465925,460.11508227268223,183.35999999999999,333.3418266308081,0.0,1171.2908999286615,976.8169089034903,10.17096648473677,-29.235410356389195,36,35,25,DI Cipacing,SRI,7,2016
364.4,606.867094024607,274.54862178879574,529.815165089942,168.48,79.28050819057759,0.0,971.267094024607,777.5756732805196,-1.5827401349550865,-30.27216620216585,64,43,6,DI Cipacing,SRI,7,2017
95.30000000000001,797.214939237699,314.4177546362113,583.8045633203344,156.48,4.398868889551345,0.0,892.5149392376991,744.6834322098857,-11.227699536954495,-33.74457246814986,90,48,1,DI Cipacing,SRI,7,2018
82.80000000000001,827.3995788759801,336.12163696211707,618.2435653192449,156.48,0.0,0.0,910.19957887598,774.7235653192449,-11.558160006591173,-35.13167875957328,95,50,0,DI Cipacing,SRI,7,2019
534.9999999999999,497.85689603147307,247.84292242552485,533.058816401798,163.67999999999998,167.56238287427715,0.0,1032.8568960314728,864.3011992760751,-7.588315488943976,-29.302390857587405,86,36,4,DI Cipacing,SRI,7,2020
457.7,396.54957451466476,203.62057349702198,515.6509843195975,167.03999999999996,15.14807776557178,0.0,854.2495745146648,697.8390620851692,-4.8702823235204225,-33.269480983138166,69,36,3,DI Cipacing,SRI,7,2021
625.5999999999999,346.8219507804083,192.48192412907653,504.3555608505334,176.16,83.16442556333402,0.0,972.4219507804082,763.6799864138674,3.6834312069305737,-28.586256520729282,47,32,15,DI Cipacing,SRI,7,2022
180.0,713.3299300937233,261.1333498533526,588.8805732410272,157.43999999999997,0.18930609155970934,0.0,893.3299300937233,746.5098793325868,-11.336257049340585,-35.61024886818667,93,45,1,DI Cipacing,SRI,7,2023
362.3,608.0392559760451,266.5615985837974,576.5008622067443,165.6,59.70829715045151,0.0,970.339255976045,801.8091593571958,-3.2594978198490465,-33.58935789821717,72,41,5,DI Cipacing,SRI,7,2024
185.5,939.938209083991,337.7151258584475,633.5380766968225,280.0,20.332166333040874,100.0,1125.4382090839908,933.8702430298633,10.583669236657885,-5.125921605253809,4,102,4,DI Cipacing,FL,8,2015
1165.8,463.63002281376345,245.4466679919819,475.80080713864834,280.0,662.2142267889044,100.0,1629.4300228137633,1418.0150339275528,33.36292494047707,4.440322317422087,0,66,54,DI Cipacing,FL,8,2016
606.2,696.2989599908672,312.1583275988602,569.1884634603315,280.0,245.06671589591045,100.0,1302.4989599908672,1094.255179356242,17.845976557552003,-1.0239363428114343,2,79,13,DI Cipacing,FL,8,2017
266.8,862.4849871425879,350.67713265176695,617.0048545645111,280.0,36.59078641391075,100.0,1129.2849871425879,933.5956409784219,10.131830484829418,-2.399212249731316,9,93,5,DI Cipacing,FL,8,2018
169.20000000000002,964.7095575662772,346.0682691079781,676.9019851108142,280.0,14.489695884017664,100.0,1133.9095575662773,971.3916809948319,7.853797751713457,-6.792032434035386,10,100,1,DI Cipacing,FL,8,2019
576.4000000000001,603.5799137824339,303.4537840373275,562.1907440398084,280.0,133.4264820490784,100.0,1179.9799137824339,975.6172260888868,20.486204290338673,3.592299213438646,0,72,11,DI Cipacing,FL,8,2020
731.6,558.8245280002532,313.2290808388653,553.5516522884614,280.0,244.18051783760853,100.0,1290.4245280002533,1077.7321701260698,20.029279791427495,-0.664540559348854,3,73,17,DI Cipacing,FL,8,2021
844.9,513.2881893539399,274.166996419322,534.6792488902105,280.0,329.127767246305,100.0,1358.1881893539398,1143.8070161365154,25.343507093294683,-0.07705096516886467,1,69,38,DI Cipacing,FL,8,2022
218.40000000000003,899.2582274255099,301.29872751924484,656.9644719207445,280.0,0.0,100.0,1117.65822742551,936.9644719207445,6.9164112762815755,-6.946727274245914,13,99,0,DI Cipacing,FL,8,2023
469.50000000000006,729.7898803109595,307.54147690558904,625.9283789064593,280.0,86.4794290260601,100.0,1199.2898803109595,992.4078079325194,12.354463154515205,-6.48397210775738,7,85,3,DI Cipacing,FL,8,2024
185.5,788.6013035045827,337.7151258584475,610.153828064633,165.6,11.737499438999034,0.0,974.1013035045827,787.4913275036321,-5.400812641092245,-34.175331252764316,78,49,4,DI Cipacing,SRI,8,2015
1165.8,321.7697072812398,245.4466679919819,459.9191277918362,190.56,633.164475840531,0.0,1487.5697072812397,1283.643603632367,20.550339510294553,-10.518550861290205,12,33,50,DI Cipacing,SRI,8,2016
606.2,547.3982041189714,312.1583275988602,548.9949027896813,178.56,226.95734792904813,0.0,1153.5982041189714,954.5122507187295,5.439451115340573,-25.01346911347485,45,41,12,DI Cipacing,SRI,8,2017
266.8,739.3942017781987,350.67713265176695,594.612797197734,166.56,55.12733001251892,0.0,1006.1942017781987,816.300127210253,-5.0129317895146865,-28.896930812356157,75,47,5,DI Cipacing,SRI,8,2018
169.20000000000002,776.9765020167893,346.0682691079781,652.3152240688501,159.83999999999997,2.7533927760081127,0.0,946.1765020167893,814.9086168448581,-8.979633032762095,-36.33760375435201,87,49,1,DI Cipacing,SRI,8,2019
576.4000000000001,485.89861180563787,303.4537840373275,542.0737554714192,181.92000000000002,134.17916358797896,0.0,1062.2986118056378,858.1729190593983,9.090443308023447,-25.200912563630023,31,38,15,DI Cipacing,SRI,8,2020
731.6,423.9749657528177,313.2290808388653,533.5887078481194,172.79999999999998,246.49390003051514,0.0,1155.5749657528177,952.8826078786344,1.9752191606287492,-28.050338887223845,55,36,17,DI Cipacing,SRI,8,2021
844.9,357.20616807381634,274.166996419322,516.1064726608726,179.04,302.57852219551955,0.0,1202.1061680738162,997.7249948563921,8.073990884994863,-25.37404499000429,39,34,31,DI Cipacing,SRI,8,2022
218.40000000000003,753.19445424058,301.29872751924484,632.6191282272695,158.4,0.0,0.0,971.59445424058,791.0191282272694,-9.78417163555486,-35.55996530767226,89,49,0,DI Cipacing,SRI,8,2023
469.50000000000006,594.0158875428328,307.54147690558904,603.2027414490643,169.92,88.68503998338065,0.0,1063.5158875428328,861.8077814324449,-1.6764956437252854,-29.964151852078203,67,43,6,DI Cipacing,SRI,8,2024
581.9,798.2592421490308,356.3166335083332,621.0133689015134,280.0,274.43240369744916,100.0,1380.159242149031,1175.4457725989625,20.034929376437173,-1.8239864505029741,1,86,20,DI Cipacing,FL,9,2015
1627.2000000000003,422.013259527078,261.21099339150584,473.6603090602146,280.0,1083.230545411598,100.0,2049.213259527078,1836.8908544718126,36.68366763787274,4.77244361291201,0,62,73,DI Cipacing,FL,9,2016
783.7999999999998,602.6568907052512,347.78347380405313,552.3806861286023,280.0,349.3156022502193,100.0,1386.456890705251,1181.6962883788215,30.11595128320663,3.487552207559669,0,71,32,DI Cipacing,FL,9,2017
547.0000000000001,720.5343792970989,350.5250843897963,605.7694379319275,280.0,183.60849398912342,100.0,1267.534379297099,1069.377931921051,16.59748422128099,-1.5169019082342352,5,79,19,DI Cipacing,FL,9,2018
465.9,809.3955721802124,359.83163070566724,676.279805706562,280.0,117.18648789742554,100.0,1275.2955721802123,1073.4662936039877,17.767035236815726,-1.75789526516804,1,88,12,DI Cipacing,FL,9,2019
954.6999999999998,521.8471548144772,296.9474159732535,549.0778237686573,280.0,442.0770632200508,100.0,1476.547154814477,1271.154886988708,30.702830552167576,4.31335570671928,0,69,42,DI Cipacing,FL,9,2020
1054.8,477.2046327564127,276.82496929657077,545.3398018597828,280.0,496.64564005377633,100.0,1532.0046327564128,1321.985441913559,24.90530556774042,-1.51414433609217,1,65,38,DI Cipacing,FL,9,2021
1061.4,457.31234568605424,293.02371234973594,539.9608382908417,280.0,493.6057808417103,100.0,1518.7123456860543,1313.566619132552,32.252203452278735,3.734185663338267,0,65,51,DI Cipacing,FL,9,2022
378.80000000000007,801.4210829369686,347.74508657392244,677.3608667131398,280.0,55.71555740976032,100.0,1180.2210829369687,1013.0764241229001,14.16913916467192,-4.231712009886742,4,86,7,DI Cipacing,FL,9,2023
820.0,629.2350841967874,354.5693156342726,614.9749527171774,280.0,356.65542651322346,100.0,1449.2350841967873,1251.6303792304009,24.51390477254094,-2.266416013437209,1,73,36,DI Cipacing,FL,9,2024
581.9,654.664496434842,356.3166335083332,599.0521590283503,177.12,265.67886785642355,0.0,1236.564496434842,1041.8510268847738,5.998008718363658,-27.453235776293205,49,45,21,DI Cipacing,SRI,9,2015
1627.2000000000003,297.0124177788639,261.21099339150584,458.346513098292,192.0,1071.5434996253066,0.0,1924.2124177788642,1721.8900127235986,27.068318324268166,-4.416470295233087,7,31,73,DI Cipacing,SRI,9,2016
783.7999999999998,457.2422892821818,347.78347380405313,534.665426007349,190.07999999999998,321.5362609484032,0.0,1241.0422892821816,1046.281686955752,19.34980583560954,-12.106083820066232,15,39,27,DI Cipacing,SRI,9,2017
547.0000000000001,577.216115001422,350.5250843897963,585.1608014137857,175.2,173.17653719091487,0.0,1124.2161150014222,933.5373386047006,4.301662002764847,-25.352075643178484,50,42,18,DI Cipacing,SRI,9,2018
465.9,667.3739199196898,359.83163070566724,652.6199174415849,172.32,116.50472390187986,0.0,1133.27391991969,941.4446413434647,2.3597806515099045,-28.623637163179534,60,45,15,DI Cipacing,SRI,9,2019
954.6999999999998,390.97387542822815,296.9474159732535,530.8414822151616,192.0,426.6009018706152,0.0,1345.673875428228,1149.4423840857767,18.907052525173842,-5.698840175044196,11,38,37,DI Cipacing,SRI,9,2020
1054.8,356.1617648712962,276.82496929657077,526.7551443232065,187.2,496.98742970523614,0.0,1410.961764871296,1210.9425740284426,16.227171467166027,-23.136891772624075,16,33,40,DI Cipacing,SRI,9,2021
1061.4,315.95971855554524,293.02371234973594,522.2317605338076,191.51999999999998,467.62395127677297,0.0,1377.3597185555454,1181.3757118105805,23.834091010311976,-5.765523498168806,6,32,49,DI Cipacing,SRI,9,2022
378.80000000000007,652.2401633674602,347.74508657392244,653.5203761807296,172.8,58.89249302080186,0.0,1031.0401633674603,885.2128692015316,-1.4154852354679053,-27.51807785389121,67,45,6,DI Cipacing,SRI,9,2023
820.0,501.31153811120726,354.5693156342726,593.9270806205053,179.04000000000002,359.90042083895196,0.0,1321.3115381112073,1132.8675014594573,10.627401726261832,-30.096052044445365,38,37,33,DI Cipacing,SRI,9,2024
842.7000000000002,659.4300038174279,363.3328303722325,601.8502828258776,280.0,425.3626561249212,100.0,1502.1300038174281,1307.2129389507988,28.13558842102091,4.814639829485566,0,73,33,DI Cipacing,FL,10,2015
1744.2000000000003,286.02830800064135,186.0283080006413,469.8873703019213,280.0,1065.790594853836,100.0,2030.2283080006416,1815.6779651557572,41.76090150275367,21.681628794592324,0,52,81,DI Cipacing,FL,10,2016
982.2,415.38868089492337,297.08682028796113,528.8330604371816,280.0,399.3459401150224,100.0,1397.5886808949235,1208.1790005522041,33.38625703193521,1.6998293240915539,0,59,40,DI Cipacing,FL,10,2017
815.5999999999999,595.6834367073984,343.0862967772549,580.9858468833629,280.0,352.39309968331554,100.0,1411.2834367073983,1213.3789465666785,27.111097877400873,3.629644143642227,0,72,32,DI Cipacing,FL,10,2018
792.4,656.6813435234473,363.17824666396433,644.3362053901192,280.0,332.27545760233033,100.0,1449.0813435234472,1256.6116629924495,27.513335496864194,-1.2041966170793366,1,74,34,DI Cipacing,FL,10,2019
1300.4,425.07534801917774,311.17534801917765,521.4949278259323,280.0,728.3972197454972,100.0,1725.4753480191778,1529.8921475714296,37.22197371868928,5.575951868671942,0,59,58,DI Cipacing,FL,10,2020
1267.1999999999998,440.58300071357206,238.7481982266605,533.1851599890148,280.0,692.1583623194522,100.0,1707.783000713572,1505.343522308467,32.92792330250153,4.516322861672978,0,66,60,DI Cipacing,FL,10,2021
1183.8,349.0679173158771,249.06791731587703,526.5604164735344,280.0,549.8191983926087,100.0,1532.867917315877,1356.3796148661431,39.458306068180754,8.278688283134066,0,55,60,DI Cipacing,FL,10,2022
718.9,684.4980016035024,366.32727467881233,665.7167115136921,280.0,262.25720525789126,100.0,1403.3980016035025,1207.9739167715834,24.154098468136485,-1.383338316946701,2,76,25,DI Cipacing,FL,10,2023
1121.6,525.2352064676085,280.3034126860216,578.0689987757023,280.0,587.292523740359,100.0,1646.8352064676083,1445.3615225160613,31.680816279424455,4.103158732612969,0,67,57,DI Cipacing,FL,10,2024
842.7000000000002,521.5031173744119,363.3328303722325,583.0248629710861,187.2,404.81318902916746,0.0,1364.2031173744122,1175.0380520002536,17.665479652136035,-25.456492086524005,24,39,34,DI Cipacing,SRI,10,2015
1744.2000000000003,186.0283080006413,186.0283080006413,454.35689536142115,192.0,1079.3210697943364,0.0,1930.2283080006416,1725.6779651557576,32.723678563612,17.249781073838694,0,22,86,DI Cipacing,SRI,10,2016
982.2,297.08682028796113,297.08682028796113,512.2782301381252,191.04,389.8898681745846,0.0,1279.2868202879613,1093.2080983127098,24.931167431772234,-5.4460362410400105,3,27,37,DI Cipacing,SRI,10,2017
815.5999999999999,445.8424321247086,343.0862967772549,563.0031262908958,187.67999999999998,322.0221694884066,0.0,1261.4424321247084,1072.7052957793023,17.49950617401904,-11.582553912259275,27,38,35,DI Cipacing,SRI,10,2018
792.4,510.7636368973232,363.17824666396433,623.4458035772632,182.88,312.6920650398147,0.0,1303.1636368973232,1119.017868617078,13.09413538817834,-25.568410860442214,31,38,33,DI Cipacing,SRI,10,2019
1300.4,311.1753480191777,311.17534801917765,505.48640022346234,192.0,724.804949565445,0.0,1611.575348019178,1422.2913497889074,28.204121264359124,0.49829092343501546,0,28,61,DI Cipacing,SRI,10,2020
1267.1999999999998,289.7793203058823,238.7481982266605,516.3271283491179,189.59999999999997,654.6206658741088,0.0,1556.979320305882,1360.5477942232264,22.184589107657196,-13.097850758336554,17,32,59,DI Cipacing,SRI,10,2021
1183.8,249.06791731587703,249.06791731587703,509.6632257247847,192.0,553.8158186804887,0.0,1432.867917315877,1255.4790444052735,30.661246708122352,7.522631280734422,0,25,69,DI Cipacing,SRI,10,2022
718.9,555.5034413549587,366.32727467881233,643.7764473611614,180.0,265.2029091618782,0.0,1274.4034413549587,1088.9793565230398,9.184613726609832,-27.887668989046908,39,40,23,DI Cipacing,SRI,10,2023
1121.6,367.4464538446663,280.3034126860216,560.0870163585028,187.68,549.8057535346161,0.0,1489.0464538446663,1297.572769893119,18.37406562603914,-21.36290031299577,23,33,53,DI Cipacing,SRI,10,2024
1424.7,477.1481342179847,345.59209232705115,547.948052401077,280.0,881.0860997004891,100.0,1901.8481342179848,1709.0341521015662,38.357104829524395,6.165655225809822,0,61,63,DI Cipacing,FL,11,2015
1698.2,211.41068777922158,101.01068777922158,460.53091328451274,280.0,959.3407108254039,100.0,1909.6106877792217,1699.8716241099166,40.111681068808686,14.71885954065572,0,47,75,DI Cipacing,FL,11,2016
1027.7,359.0974830370084,220.65080006482626,491.2900497220388,280.0,420.69370711047856,100.0,1386.7974830370085,1191.9837568325174,35.829164082694184,-0.697385767634934,1,60,42,DI Cipacing,FL,11,2017
1192.0,429.7244878052858,313.0244878052858,539.8405163145896,280.0,602.2723203044972,100.0,1621.7244878052857,1422.112836619087,36.915269268371894,12.54155669262816,0,61,50,DI Cipacing,FL,11,2018
1285.5,491.6392287709671,330.7102097402983,587.2910167985415,280.0,716.3218326366804,100.0,1777.139228770967,1583.612849435222,37.09151626849266,3.0705602499548315,0,65,69,DI Cipacing,FL,11,2019
1691.8000000000002,264.1275725678687,151.72404328487,465.9048477564959,280.0,998.7166568865537,100.0,1955.927572567869,1744.6215046430495,36.58233985282415,3.974182194058672,0,49,75,DI Cipacing,FL,11,2020
1378.1,349.96355864610354,249.96355864610354,522.2449080685242,280.0,722.3855659517493,100.0,1728.0635586461035,1524.6304740202736,40.21950128381422,6.676884147406428,0,58,62,DI Cipacing,FL,11,2021
1321.3,250.53570646519046,121.15529722302568,492.8129753094629,280.0,586.268660932695,100.0,1571.8357064651905,1359.0816362421579,39.43612758941963,7.019590757835205,0,50,70,DI Cipacing,FL,11,2022
1086.8999999999999,492.9668010692071,333.47195419449525,620.3377967498965,280.0,490.14488264383806,100.0,1579.866801069207,1390.4826793937345,31.673079787973805,-0.5756385392514405,1,64,43,DI Cipacing,FL,11,2023
1234.9,417.96263846883306,306.762638468833,551.0336754683535,280.0,625.1979277692658,100.0,1652.8626384688332,1456.2316032376193,38.47129050792961,2.2848852557311172,0,60,61,DI Cipacing,FL,11,2024
1424.7,371.40425219464595,345.59209232705115,531.2463052339641,192.0,889.2064342500719,0.0,1796.104252194646,1612.452739484036,29.943993133428453,-3.4160440530673815,2,31,61,DI Cipacing,SRI,11,2015
1698.2,101.01068777922158,101.01068777922158,444.68898710566555,192.0,953.2599185500321,0.0,1799.2106877792216,1589.9489056556977,31.460997751825794,5.151346079857148,0,16,77,DI Cipacing,SRI,11,2016
1027.7,235.51303492772286,220.65080006482626,475.88988472624476,191.51999999999998,408.4632617164126,0.0,1263.213034927723,1075.8731464426573,25.666754500632358,-5.262234862896628,4,28,41,DI Cipacing,SRI,11,2017
1192.0,313.02448780528573,313.0244878052858,523.1446522882435,192.0,600.268184330843,0.0,1505.0244878052858,1315.4128366190866,28.664060283088247,-1.9687084739307705,1,30,54,DI Cipacing,SRI,11,2018
1285.5,369.41885686535795,330.7102097402983,569.1909330909991,192.0,710.2015444386134,0.0,1654.918856865358,1471.3924775296125,27.518707087807105,-5.772596673559297,8,33,67,DI Cipacing,SRI,11,2019
1691.8000000000002,151.72404328486994,151.72404328487,451.41778829696307,192.0,998.8001870630877,0.0,1843.52404328487,1642.2179753600508,29.26955185881215,7.238198109507984,0,18,78,DI Cipacing,SRI,11,2020
1378.1,249.96355864610348,249.96355864610354,505.4239873947606,192.0,737.206486625513,0.0,1628.0635586461035,1434.6304740202736,31.453306717522167,7.508796185550918,0,28,64,DI Cipacing,SRI,11,2021
1321.3,133.35430146823327,121.15529722302568,476.1459300415271,192.0,583.7543012036733,0.0,1454.6543014682331,1251.9002312452003,29.57517158791299,-3.499004245207594,2,19,74,DI Cipacing,SRI,11,2022
1086.8999999999999,360.5145371853595,333.47195419449525,601.0294497390239,189.6,476.55801432043137,0.0,1447.4145371853592,1267.1874640594554,21.183469556365207,-27.556247414520428,11,31,41,DI Cipacing,SRI,11,2023
1234.9,306.7626384688331,306.762638468833,534.7683269367526,192.0,628.2632763008668,0.0,1541.6626384688332,1355.0316032376195,30.249445712114916,3.2062464850820795,0,29,67,DI Cipacing,SRI,11,2024
1910.5,300.15511649225283,200.15511649225283,492.3935178040008,280.0,1229.9935732824297,100.0,2210.655116492253,2002.3870910864305,39.710670857735856,8.083422201262271,0,56,78,DI Cipacing,FL,12,2015
1650.8999999999999,174.09443288706055,74.09443288706055,474.3318337428514,280.0,859.6843167996708,100.0,1824.9944328870604,1614.0161505425222,42.21466080517594,15.830057131047202,0,45,83,DI Cipacing,FL,12,2016
1303.1,278.2048961521675,146.2428244355886,477.26731596748715,280.0,612.9414424376275,100.0,1581.3048961521674,1370.2087584051146,35.45789677814409,4.737928283421079,0,52,57,DI Cipacing,FL,12,2017
1432.0,295.31361890103204,177.9136189010321,499.4411443736103,280.0,740.8499815981683,100.0,1727.313618901032,1520.2911259717785,41.430192990001515,10.052492156351477,0,54,69,DI Cipacing,FL,12,2018
1650.7000000000003,375.9218841756721,264.82188417567215,526.3537522342015,280.0,1018.2923505370995,100.0,2026.6218841756724,1824.646102771301,40.633191585204145,13.805901700156847,0,58,74,DI Cipacing,FL,12,2019
1739.6,266.269002038427,155.269002038427,453.62554642281043,280.0,1059.6612289395466,100.0,2005.869002038427,1793.286775362357,43.17574132553863,14.818470673097249,0,53,89,DI Cipacing,FL,12,2020
1501.9,170.34177876928635,70.34177876928632,493.8917560210551,280.0,682.5692339539892,100.0,1672.2417787692864,1456.4609899750442,41.08689860273563,17.78136599984385,0,42,74,DI Cipacing,FL,12,2021
1251.7,231.24583418987277,131.24583418987277,489.9659828697095,280.0,502.6284654878498,100.0,1482.9458341898728,1272.5944483575593,40.00093303313673,11.637404699425119,0,50,62,DI Cipacing,FL,12,2022
1364.4000000000003,354.1262202131483,212.499106864713,569.9843635333727,280.0,683.031388686954,100.0,1718.5262202131487,1533.0157522203267,36.76224540397523,3.8237869049663313,0,59,59,DI Cipacing,FL,12,2023
1509.6000000000001,187.90147724198135,87.90147724198137,508.96350807163935,280.0,703.8966222301495,100.0,1697.5014772419815,1492.860130301789,42.76210807868488,6.907203750033787,0,47,84,DI Cipacing,FL,12,2024
1910.5,200.15511649225283,200.15511649225283,476.59594360065154,192.0,1243.3151728143946,0.0,2110.655116492253,1911.911116415046,31.143610063262056,9.755863565606209,0,26,76,DI Cipacing,SRI,12,2015
1650.8999999999999,74.09443288706055,74.09443288706055,458.3241246996906,192.0,872.0227918285848,0.0,1724.9944328870604,1522.3469165282754,32.19927034702633,16.659462505987328,0,15,75,DI Cipacing,SRI,12,2016
1303.1,169.54224131601507,146.2428244355886,461.0985400097702,192.0,617.6066809144249,0.0,1472.6422413160149,1270.7052209241951,26.75746220156495,-3.030876199030905,2,22,59,DI Cipacing,SRI,12,2017
1432.0,188.21946839519293,177.9136189010321,482.7917633157756,192.0,745.8900524626135,0.0,1620.219468395193,1420.6818157783891,32.141330808039896,-2.2058494941609132,1,24,73,DI Cipacing,SRI,12,2018
1650.7000000000003,264.82188417567215,264.82188417567215,510.1747701742594,192.0,1021.3713325970418,0.0,1915.5218841756723,1723.5461027713013,31.520164311920833,3.547427425897868,0,27,79,DI Cipacing,SRI,12,2019
1739.6,155.269002038427,155.269002038427,439.4876344018827,192.0,1060.7991409604742,0.0,1894.869002038427,1692.2867753623568,33.54531772202437,4.649970963462622,0,22,92,DI Cipacing,SRI,12,2020
1501.9,70.34177876928632,70.34177876928632,476.9925001657494,192.0,696.6330903590722,0.0,1572.2417787692864,1365.6255905248215,31.776003624474107,15.373388366826356,0,12,74,DI Cipacing,SRI,12,2021
1251.7,131.24583418987277,131.24583418987277,474.4749451695633,192.0,512.5804450321561,0.0,1382.9458341898728,1179.0553902017195,30.110485627496793,11.502292119301327,0,20,68,DI Cipacing,SRI,12,2022
1364.4000000000003,224.4133778258318,212.499106864713,551.7109029926253,190.07999999999998,668.9839414424221,0.0,1588.813377825832,1410.7748444350473,27.033068712372444,-17.50991043256584,6,27,60,DI Cipacing,SRI,12,2023
1509.6000000000001,87.90147724198137,87.90147724198137,492.2130022280596,192.0,717.8027283741694,0.0,1597.5014772419815,1402.015730602229,31.341908689689937,3.8849725142151206,0,17,81,DI Cipacing,SRI,12,2024
2166.1000000000004,227.2612866544875,127.26128665448749,467.2847929278737,280.0,1433.1820261442347,100.0,2393.3612866544877,2180.4668190721086,42.8537230922724,27.650835631845144,0,47,93,DI Cibuyutan Selatan,FL,1,2016
1380.2999999999997,230.33183604078732,105.00862532641074,472.2493369451707,280.0,668.0682148357946,100.0,1610.631836040787,1420.3175517809652,33.57102367136184,2.0644294395169425,0,46,61,DI Cibuyutan Selatan,FL,1,2017
985.9999999999999,390.0105745963544,223.13916890826837,487.526651107999,280.0,427.4357576221975,100.0,1376.0105745963542,1194.9624087301966,32.416513364302375,-5.57095098181178,8,60,44,DI Cibuyutan Selatan,FL,1,2018
1552.1000000000001,252.22054412853674,152.22054412853672,485.84672608321426,280.0,825.9873752834494,100.0,1804.3205441285368,1591.8341013666636,41.4637809720609,7.705643326482129,0,49,74,DI Cibuyutan Selatan,FL,1,2019
1786.4,214.4354743598925,114.43547435989252,493.09827240143784,280.0,1018.4428994898868,100.0,2000.8354743598925,1791.5411718913247,41.84264938937442,16.488157593072653,0,49,88,DI Cibuyutan Selatan,FL,1,2020
1395.0,204.1188866161042,88.81888661610417,449.56436592668297,280.0,674.3085012082173,100.0,1599.1188866161042,1403.8728671349004,39.3488923686535,12.966350886593162,0,44,70,DI Cibuyutan Selatan,FL,1,2021
1256.6,240.2624564555511,111.09861390058505,503.68100939563,280.0,497.155373482091,100.0,1496.862456455551,1280.836382877721,39.69822579861015,4.136157445033918,0,50,65,DI Cibuyutan Selatan,FL,1,2022
1259.1,206.68420804004177,95.28420804004175,488.82920913615004,280.0,490.68223169522815,100.0,1465.7842080400417,1259.5114408313782,36.08482452093415,3.554651730339404,0,49,56,DI Cibuyutan Selatan,FL,1,2023
1076.1,330.7482226693291,230.7482226693291,553.6540441023853,280.0,399.7509407794331,100.0,1406.848222669329,1233.4049848818186,33.7241584464882,2.5221877497871246,0,54,43,DI Cibuyutan Selatan,FL,1,2024
2166.1000000000004,127.26128665448752,127.26128665448749,451.69356155372225,192.0,1445.1014837536538,0.0,2293.3612866544877,2088.7950453073763,33.1062604292742,12.029222334387194,0,17,97,DI Cibuyutan Selatan,SRI,1,2016
1380.2999999999997,118.65635870698162,105.00862532641074,456.1015565267961,192.0,658.2970926741132,0.0,1498.9563587069813,1306.3986492009094,26.01447439584222,-4.247733380570888,2,15,60,DI Cibuyutan Selatan,SRI,1,2017
985.9999999999999,234.19297413232758,223.13916890826837,471.03152517755575,186.71999999999997,405.1990420406049,0.0,1220.1929741323274,1062.9505672181608,24.425775280471854,-22.382802564429014,12,26,43,DI Cibuyutan Selatan,SRI,1,2018
1552.1000000000001,152.22054412853672,152.22054412853672,469.5183806412784,192.0,839.4838997242222,0.0,1704.3205441285368,1501.0022803655006,32.51243892304482,8.53232012522983,0,19,74,DI Cibuyutan Selatan,SRI,1,2019
1786.4,114.43547435989252,114.43547435989252,476.97675161901896,192.0,1031.7251473759707,0.0,1900.8354743598927,1700.7018989949897,32.625986857867986,18.96055207234916,0,19,88,DI Cibuyutan Selatan,SRI,1,2020
1395.0,88.81888661610418,88.81888661610417,434.2987203298936,192.0,662.6093410093225,0.0,1483.8188866161042,1288.9080613392161,30.316794570860253,-0.6818308053533055,1,13,69,DI Cibuyutan Selatan,SRI,1,2021
1256.6,122.62392493135818,111.09861390058505,486.5539715876791,192.0,494.6438797658491,0.0,1379.2239249313582,1173.1978513535282,30.053904848802123,-1.9253110307731598,3,19,64,DI Cibuyutan Selatan,SRI,1,2022
1259.1,95.28420804004173,95.28420804004175,472.6950059799676,192.0,489.2410964235811,0.0,1354.3842080400416,1153.9361024035488,26.751620226737117,-1.3868211432828783,1,18,47,DI Cibuyutan Selatan,SRI,1,2023
1076.1,230.7482226693291,230.7482226693291,535.4988152524086,192.0,391.99832873341586,0.0,1306.848222669329,1119.4971439858246,29.39279319751899,6.080956314006693,0,24,47,DI Cibuyutan Selatan,SRI,1,2024
1938.6999999999998,200.94166400494143,63.50181222919049,466.47101477690063,280.0,1212.7159026590111,100.0,2139.641664004941,1959.1869174359117,39.593018851983786,-3.778603512221219,3,44,103,DI Cibuyutan Selatan,FL,2,2015
1871.6,231.67177600938965,131.67177600938967,469.6794263375075,280.0,1168.9535786237898,100.0,2103.2717760093897,1918.6330049612973,41.68548375866585,11.451318629367485,0,47,83,DI Cibuyutan Selatan,FL,2,2016
1040.7,283.084741562829,140.45911341775363,476.1244268562176,280.0,390.0965349349355,100.0,1323.784741562829,1146.220961791153,31.231024964451482,-5.661911831645339,4,54,37,DI Cibuyutan Selatan,FL,2,2017
916.5000000000001,363.936576727132,161.79454597055548,490.62294678784787,280.0,327.2542406976212,100.0,1280.436576727132,1097.8771874854692,27.056588230781895,-4.997018115127375,11,60,35,DI Cibuyutan Selatan,FL,2,2018
1344.5,228.68741804994443,116.72432222502077,484.16186075509995,280.0,628.429191087432,100.0,1573.1874180499444,1392.591051842532,37.61563513462787,-3.2630958249236497,2,50,63,DI Cibuyutan Selatan,FL,2,2019
1639.6,215.73126922121168,115.73126922121169,477.5121201696004,280.0,889.6904184832695,100.0,1855.3312692212116,1647.2025386528699,40.16454263370968,5.288275621991403,0,47,77,DI Cibuyutan Selatan,FL,2,2020
1108.6999999999998,306.62318937245334,116.22876999240817,466.5826056537213,280.0,451.2708430518686,100.0,1415.3231893724533,1197.85344870559,31.627215860218808,-5.426454738550526,8,56,49,DI Cibuyutan Selatan,FL,2,2021
1066.6999999999998,299.172147517001,168.46894092317413,505.9641477603824,280.0,387.78809899576726,100.0,1365.872147517001,1173.7522467561496,34.8172837126542,-5.003206593826878,6,54,50,DI Cibuyutan Selatan,FL,2,2022
1212.6999999999998,284.31078393281024,158.92670971110124,496.89471199529794,280.0,548.001961246116,100.0,1497.01078393281,1324.896673241414,37.23832523969095,-1.2197173193553539,1,54,58,DI Cibuyutan Selatan,FL,2,2023
1029.0,306.08681598910664,136.3329486918792,535.5143708463859,280.0,343.5013654911766,100.0,1335.0868159891065,1159.0157363375624,33.611459163258104,-3.7224673853855332,7,53,49,DI Cibuyutan Selatan,FL,2,2024
1938.6999999999998,63.501812229190485,63.50181222919049,450.93211126603865,189.11999999999998,1212.0673718854202,0.0,2002.2018122291904,1852.119483151459,29.775035847375744,-26.513165583098054,8,11,104,DI Cibuyutan Selatan,SRI,2,2015
1871.6,131.67177600938965,131.67177600938967,453.85125635635524,192.0,1175.2879516395076,0.0,2003.2717760093897,1821.1392079958628,32.7144088094721,8.94511559480209,0,17,93,DI Cibuyutan Selatan,SRI,2,2016
1040.7,140.45911341775363,140.45911341775363,459.574861449866,188.15999999999997,388.4719184553534,0.0,1181.1591134177536,1036.2067799052193,23.84642973871534,-33.9144741727856,9,21,38,DI Cibuyutan Selatan,SRI,2,2017
916.5000000000001,226.2192162172485,161.79454597055548,473.33982008190054,176.15999999999997,320.2591997786523,0.0,1142.7192162172487,969.7590198605528,13.63204640865595,-33.62089702014508,39,24,34,DI Cibuyutan Selatan,SRI,2,2018
1344.5,116.72432222502076,116.72432222502077,467.8828364898634,192.0,627.7208885422697,0.0,1461.2243222250208,1287.603725032133,30.0502408996758,-2.2819882814718477,1,19,62,DI Cibuyutan Selatan,SRI,2,2019
1639.6,115.73126922121169,115.73126922121169,461.24087058142743,192.0,898.8981547850325,0.0,1755.3312692212116,1552.13902536646,31.701049086761216,6.119084774248913,0,17,77,DI Cibuyutan Selatan,SRI,2,2020
1108.6999999999998,148.3215149337463,116.22876999240817,449.96262872779727,183.84,414.491877855254,0.0,1257.0215149337462,1048.2945065830513,20.19304986089184,-33.89274494133811,22,19,44,DI Cibuyutan Selatan,SRI,2,2021
1066.6999999999998,168.46894092317413,168.46894092317413,488.8003204235571,191.51999999999998,365.44504550583576,0.0,1235.168940923174,1045.7653659293928,26.812275080298065,-5.125280047949616,5,22,51,DI Cibuyutan Selatan,SRI,2,2022
1212.6999999999998,170.17529804942697,158.92670971110124,479.54763774254104,192.0,540.8733618314958,0.0,1382.8752980494269,1212.4209995740368,26.324443186226148,-2.879529535361489,3,23,53,DI Cibuyutan Selatan,SRI,2,2023
1029.0,167.93981659163606,136.3329486918792,517.4117557219446,185.27999999999997,326.8619721921325,0.0,1196.9398165916361,1029.5537279140772,23.397835344039702,-31.606867899756885,15,18,43,DI Cibuyutan Selatan,SRI,2,2024
1598.3999999999999,261.47675717618523,55.428143851270775,466.8466401522493,280.0,933.2538829240068,100.0,1859.876757176185,1680.1005230762562,32.81449332528961,-2.776293767167046,6,51,83,DI Cibuyutan Selatan,FL,3,2015
1717.6999999999998,163.52667551273274,37.15880031572192,449.88095145145917,280.0,956.5106666355631,100.0,1881.2266755127325,1686.3916180870224,36.46277277900508,-3.3678751970108225,1,37,78,DI Cibuyutan Selatan,FL,3,2016
840.0,357.8309468782235,141.54610901001013,477.6316953012057,280.0,257.142565879866,100.0,1197.8309468782236,1014.7742611810718,28.115130671858786,-4.289179729019861,9,66,25,DI Cibuyutan Selatan,FL,3,2017
719.3,383.4532674561969,110.86330144405159,505.0036557114206,280.0,143.77319310301218,100.0,1102.753267456197,928.7768488144328,21.333522477202013,-3.735721468361083,13,63,17,DI Cibuyutan Selatan,FL,3,2018
1070.1000000000001,350.41176459814164,128.81415990921084,486.1567573785991,280.0,482.65072276044043,100.0,1420.5117645981418,1248.8074801390394,31.42529063169949,-5.5088416442027155,11,62,44,DI Cibuyutan Selatan,FL,3,2019
1446.1000000000001,134.13042088298798,34.13042088298797,460.6147156837188,280.0,637.4852904495658,100.0,1580.230420882988,1378.1000061332848,39.67859691070771,20.96075583321776,0,41,66,DI Cibuyutan Selatan,FL,3,2020
1053.3999999999999,282.2621989897027,147.61092396999314,475.51127672360815,280.0,359.845561756135,100.0,1335.6621989897026,1115.3568384797431,31.750398933474816,-2.365068214519862,1,55,36,DI Cibuyutan Selatan,FL,3,2021
997.8000000000001,265.70253172811755,150.70253172811758,488.5522022702134,280.0,284.4449162866159,100.0,1263.5025317281177,1052.9971185568293,38.930963257818824,4.324339708725999,0,53,43,DI Cibuyutan Selatan,FL,3,2022
1046.6000000000001,337.4983997990637,132.8115352583682,486.2083808738316,280.0,420.5739531336882,100.0,1384.0983997990638,1186.7823340075197,29.160962519644293,-3.9093986828337095,7,59,43,DI Cibuyutan Selatan,FL,3,2023
824.4000000000001,308.40310697734105,140.31329978967864,524.0982731489668,280.0,158.89049711110056,100.0,1132.803106977341,962.9887702600673,26.69864339812,-1.7283974129486772,9,61,26,DI Cibuyutan Selatan,FL,3,2024
1598.3999999999999,116.33578663382539,55.428143851270775,451.14815767843356,176.16,937.3897036162905,0.0,1714.7357866338252,1564.6978612947241,17.98546694405532,-30.569345768362293,36,11,79,DI Cibuyutan Selatan,SRI,3,2015
1717.6999999999998,37.15880031572192,37.15880031572192,434.45003711509366,192.0,933.2520884159438,0.0,1754.8588003157217,1559.7021255310374,29.39969239163082,0.8093747823302975,0,5,81,DI Cibuyutan Selatan,SRI,3,2016
840.0,209.3188401099371,141.54610901001013,461.3095970472013,176.64,250.32529259751118,0.0,1049.3188401099371,888.2748896447124,14.012470585882168,-33.798371241685636,35,25,24,DI Cibuyutan Selatan,SRI,3,2017
719.3,239.32704734478648,110.86330144405159,487.73076749199845,169.91999999999996,158.89884663240926,0.0,958.6270473447864,816.5496141244076,3.5977758158436104,-34.402837075845746,54,21,20,DI Cibuyutan Selatan,SRI,3,2018
1070.1000000000001,221.94126824361885,128.81415990921084,469.8624949480967,178.56,479.2854228876597,0.0,1292.041268243619,1127.7079178357565,18.902620802896482,-31.584701283337626,29,24,44,DI Cibuyutan Selatan,SRI,3,2019
1446.1000000000001,34.13042088298797,34.13042088298797,444.8573416746765,192.0,644.595797036008,0.0,1480.230420882988,1281.4531387106845,30.814550134274267,10.877450030445736,0,11,69,DI Cibuyutan Selatan,SRI,3,2020
1053.3999999999999,188.78805390510465,147.61092396999314,458.91293996360554,187.67999999999998,385.25124365525096,0.0,1242.1880539051044,1031.8441836188565,21.87321825318924,-27.38978175484806,17,24,36,DI Cibuyutan Selatan,SRI,3,2021
997.8000000000001,150.70253172811758,150.70253172811758,471.7674843698219,192.0,282.5732864837883,0.0,1148.5025317281177,946.3407708536101,26.64895530180027,-4.522486200873667,3,22,45,DI Cibuyutan Selatan,SRI,3,2022
1046.6000000000001,196.99319076390813,132.8115352583682,469.09794271232016,180.95999999999998,399.7963853069026,0.0,1243.5931907639083,1049.8543280192227,17.52603721416421,-33.487392365234925,26,20,40,DI Cibuyutan Selatan,SRI,3,2023
824.4000000000001,171.63960691493713,140.31329978967864,506.29660849530455,175.67999999999998,173.9007282400388,0.0,996.0396069149372,855.8773367353433,13.299129746290616,-32.93159723415245,37,24,26,DI Cibuyutan Selatan,SRI,3,2024
1026.6000000000001,349.5895108617779,64.94178074132925,467.9245164256407,280.0,451.5185872373405,100.0,1376.189510861778,1199.4431036629812,23.936752785649215,-4.820881553885085,10,69,38,DI Cibuyutan Selatan,FL,4,2015
1204.3,232.8930093170103,80.64452676703432,455.306318804793,280.0,493.17954467498197,100.0,1437.1930093170104,1228.485863479775,34.40479354241242,-4.203326542330949,4,46,51,DI Cibuyutan Selatan,FL,4,2016
572.9,454.11357131590796,179.1811841116215,474.41163229541337,280.0,99.52761004739786,100.0,1027.013571315908,853.9392423428112,16.273816370684727,-5.260574759392487,12,72,7,DI Cibuyutan Selatan,FL,4,2017
400.9,586.3265871047772,192.8852263050801,499.07995787584093,280.0,36.78206525307606,100.0,987.2265871047772,815.862023128917,8.083796436893143,-2.761034640866379,10,77,7,DI Cibuyutan Selatan,FL,4,2018
576.5,510.1255205923734,164.7497793114325,488.12526051625105,280.0,145.64910972616903,100.0,1086.6255205923735,913.7743702424201,23.204612086184948,-4.7838901499068145,11,83,26,DI Cibuyutan Selatan,FL,4,2019
1046.7,304.42037116480117,134.65104727755903,460.07623681343125,280.0,436.07613382977263,100.0,1351.1203711648013,1176.152370643204,33.10531950398548,-4.998413516072933,8,55,46,DI Cibuyutan Selatan,FL,4,2020
898.9,328.91206601164754,120.361667468645,477.817599611953,280.0,298.6085877324012,100.0,1227.8120660116474,1056.4261873443543,22.962897247734816,-4.598723614524658,5,57,34,DI Cibuyutan Selatan,FL,4,2021
864.3000000000001,260.01508652060943,122.41411085873504,481.08262672321393,280.0,186.1693250199196,100.0,1124.3150865206094,947.2519517431335,30.173314164910863,-4.043028514554649,4,53,29,DI Cibuyutan Selatan,FL,4,2022
837.5999999999999,385.4300448674602,158.91998557150785,501.16767907258003,280.0,271.87679064155896,100.0,1223.0300448674602,1053.044469714139,23.211962883485818,-1.0158747798080228,5,64,24,DI Cibuyutan Selatan,FL,4,2023
661.0,360.2019460156429,157.93433312850317,509.1508679797514,280.0,56.853725337618094,100.0,1021.2019460156429,846.0045933173695,17.890792031594543,-2.0693077593688587,4,64,10,DI Cibuyutan Selatan,FL,4,2024
1026.6000000000001,226.80399133387166,64.94178074132925,451.9690736464645,167.99999999999997,477.5698819546636,0.0,1253.4039913338718,1097.538955601128,5.721321773716959,-33.81308061908043,57,21,41,DI Cibuyutan Selatan,SRI,4,2015
1204.3,80.64452676703434,80.64452676703432,440.36914274800745,183.36,477.82865393113536,0.0,1284.9445267670344,1101.557796679143,19.331705153539232,-32.365850320236255,19,11,46,DI Cibuyutan Selatan,SRI,4,2016
572.9,306.28887407424133,179.1811841116215,458.78575314664084,166.55999999999997,111.59435800861107,0.0,879.1888740742413,736.9401111552519,2.7448390274245273,-31.816720952158338,60,28,11,DI Cibuyutan Selatan,SRI,4,2017
400.9,416.9634247931104,192.8852263050801,482.7127213507011,159.83999999999997,36.78206525307606,0.0,817.8634247931104,679.3347866037772,-7.692145861500733,-34.25630530179498,80,32,7,DI Cibuyutan Selatan,SRI,4,2018
576.5,356.9024989800591,164.7497793114325,471.5745255166779,168.95999999999998,143.73369785329288,0.0,933.4024989800591,784.2682233699707,7.835667513563124,-34.35704770380934,53,33,23,DI Cibuyutan Selatan,SRI,4,2019
1046.7,145.92782770183356,134.65104727755903,445.25004081948344,184.79999999999998,417.5570867146543,0.0,1192.6278277018337,1047.6071275341378,22.237176796758927,-29.7166876785735,19,21,43,DI Cibuyutan Selatan,SRI,4,2020
898.9,161.01819211864046,120.361667468645,462.0281980074907,179.51999999999998,274.6310108830449,0.0,1059.9181921186405,916.1792088905356,8.706935134507876,-32.24561905371319,42,21,29,DI Cibuyutan Selatan,SRI,4,2021
864.3000000000001,122.41411085873503,122.41411085873504,465.545916917675,187.2,170.72547593830825,0.0,986.7141108587351,823.4713928559833,21.23204235535494,-20.544264354236052,13,20,33,DI Cibuyutan Selatan,SRI,4,2022
837.5999999999999,235.9748960075704,158.91998557150785,484.92486335008294,171.35999999999996,267.79968818807106,0.0,1073.5748960075703,924.084551538154,7.707438884958213,-28.884169302410974,50,24,28,DI Cibuyutan Selatan,SRI,4,2023
661.0,236.2903044507053,157.93433312850317,492.32961683022836,170.87999999999997,88.9347749197531,0.0,897.2903044507053,752.1443917499814,2.3480075438948456,-29.01905354071305,57,27,14,DI Cibuyutan Selatan,SRI,4,2024
626.4,522.2973641251092,60.5896788227072,486.425731892056,280.0,199.3653334426351,100.0,1148.6973641251093,965.7910653346911,10.887223710755478,-5.2164626222842685,9,82,17,DI Cibuyutan Selatan,FL,5,2015
862.8,261.68421949196505,111.62466094928925,449.4891297062135,280.0,207.24455014551057,100.0,1124.484219491965,936.733679851724,27.299130619386997,-5.2269955275945446,6,55,26,DI Cibuyutan Selatan,FL,5,2016
350.5,593.6967348515395,180.1536336955484,471.8965313060146,280.0,17.31938130890603,100.0,944.1967348515395,769.2159126149206,10.501849533128345,-3.8682971842244727,8,85,4,DI Cibuyutan Selatan,FL,5,2017
214.1,746.7464776073195,226.79349580589033,506.8714333610984,280.0,4.06275429362875,100.0,960.8464776073196,790.9341876547271,7.194887544395694,-4.3964564060807305,10,96,1,DI Cibuyutan Selatan,FL,5,2018
383.5,661.4156473892092,126.55852267061164,510.1603946125379,280.0,75.25813673673852,100.0,1044.9156473892092,865.4185313492763,7.095661200162994,-2.838116676670647,10,92,9,DI Cibuyutan Selatan,FL,5,2019
800.3,364.7967625196206,134.00079193816583,460.1166901025989,280.0,228.09509962504004,100.0,1165.0967625196206,968.2117897276389,23.66751752779644,-3.643777660454657,7,62,23,DI Cibuyutan Selatan,FL,5,2020
680.8999999999999,505.59266757025335,240.92732068406048,481.83942594982074,280.0,255.22027498614133,100.0,1186.4926675702532,1017.059700935962,24.426745060764848,-5.247951324481013,13,73,23,DI Cibuyutan Selatan,FL,5,2021
603.0,410.1525806299404,161.67495395155703,482.3231249403925,280.0,81.96651756487782,100.0,1013.1525806299404,844.2896425052703,18.70696073951086,-5.346238890292,11,69,14,DI Cibuyutan Selatan,FL,5,2022
586.4,513.0101118329546,177.10850375053596,500.6626240236568,280.0,149.36387850944433,100.0,1099.4101118329545,930.0265025331012,16.71537188458024,-5.399745248942644,13,73,18,DI Cibuyutan Selatan,FL,5,2023
448.20000000000005,574.7005828547226,178.20812818105924,514.4224904758256,280.0,59.789530713869546,100.0,1022.9005828547226,854.2120211896952,12.064267851452337,-3.229137617284646,11,86,7,DI Cibuyutan Selatan,FL,5,2024
626.4,347.50331536505473,60.5896788227072,469.76284946925057,157.91999999999996,199.3653334426351,0.0,973.9033153650547,827.0481829118856,-8.924670199373116,-34.252550154766546,83,24,17,DI Cibuyutan Selatan,SRI,5,2015
862.8,111.62466094928925,111.62466094928925,434.882985015904,180.95999999999998,186.15571325842146,0.0,974.4246609492892,801.9986982743254,14.86938836690755,-22.415231386195916,32,21,20,DI Cibuyutan Selatan,SRI,5,2016
350.5,434.1640414232826,180.1536336955484,456.6074889434566,161.27999999999997,17.31938130890603,0.0,784.6640414232826,635.2068702523626,-8.299326727729001,-33.186249789701165,84,37,4,DI Cibuyutan Selatan,SRI,5,2017
214.1,595.9620841266484,226.79349580589033,490.3608598790238,163.2,4.06275429362875,0.0,810.0620841266484,657.6236141726525,-8.231598129494893,-33.63076849689203,74,44,1,DI Cibuyutan Selatan,SRI,5,2018
383.5,498.28334957907316,126.55852267061164,492.7808754763291,157.92,75.25813673673852,0.0,881.7833495790732,725.9590122130676,-10.627876794342779,-33.60648188276238,86,34,9,DI Cibuyutan Selatan,SRI,5,2019
800.3,230.803363342617,134.00079193816583,445.0740868771451,174.72,221.3418077730265,0.0,1031.1033633426168,841.1358946501716,10.793605222653229,-31.871465770926708,44,21,23,DI Cibuyutan Selatan,SRI,5,2020
680.8999999999999,361.60240773534827,240.92732068406048,466.2019139812579,178.56,250.71355775084504,0.0,1042.5024077353482,895.475471732103,9.72985029439426,-33.77614814431015,44,34,23,DI Cibuyutan Selatan,SRI,5,2021
603.0,246.72496726380314,161.67495395155703,466.93226078773876,174.71999999999997,58.644508889216446,0.0,849.7249672638031,700.2967696769551,5.099613100266125,-31.87355688261067,47,29,13,DI Cibuyutan Selatan,SRI,5,2022
586.4,371.2295326781789,177.10850375053596,484.53489368545974,159.83999999999997,151.239842662495,0.0,957.6295326781789,795.6147363479547,-3.03934138414805,-34.67738700155559,75,28,14,DI Cibuyutan Selatan,SRI,5,2023
448.20000000000005,390.38559302717994,178.20812818105924,497.8999194147287,164.64,34.69889205347645,0.0,838.58559302718,697.2388114682052,-4.739924853170899,-31.631060430710054,68,35,5,DI Cibuyutan Selatan,SRI,5,2024
148.10000000000002,837.997771307732,285.1071489491792,524.6944002846656,280.0,3.610584055678638,100.0,986.097771307732,808.3049843403442,7.246899947505483,-3.925427474532041,10,105,1,DI Cibuyutan Selatan,FL,6,2015
825.3999999999999,356.6268012297051,168.08982406770605,455.6981052026729,280.0,230.95854811585787,100.0,1182.026801229705,966.6566533185307,20.037781269861647,0.15644497324146833,0,60,21,DI Cibuyutan Selatan,FL,6,2016
180.3,773.418170144445,295.780064783522,499.9086403275305,280.0,0.0,100.0,953.7181701444449,779.9086403275305,9.393951916362086,-3.515145829168752,11,98,0,DI Cibuyutan Selatan,FL,6,2017
110.69999999999999,868.8006477500276,307.93336892667674,527.7894515777297,280.0,0.0,100.0,979.5006477500276,807.7894515777297,7.373598365621843,-4.830157904941789,10,103,0,DI Cibuyutan Selatan,FL,6,2018
98.8,903.8618873001258,273.2418325787069,551.8830276947299,280.0,0.0,100.0,1002.6618873001257,831.8830276947299,6.822350568621141,-6.708533234020371,12,108,0,DI Cibuyutan Selatan,FL,6,2019
483.0,510.6203813442893,192.00420999859827,484.2078916705811,280.0,46.497375783961665,100.0,993.6203813442893,810.7052674545428,17.789019192527594,-5.360410168073581,10,77,7,DI Cibuyutan Selatan,FL,6,2020
651.2,495.77982863578234,238.64508638466148,482.82402887928225,280.0,204.79085488553935,100.0,1146.9798286357823,967.6148837648216,19.62317377152785,-4.798045933898067,11,72,17,DI Cibuyutan Selatan,FL,6,2021
517.2,470.0156928159251,236.9515365717673,487.3409458562226,280.0,30.632495820634954,100.0,987.2156928159252,797.9734416768575,19.796330323540047,-5.6777754920755195,5,72,4,DI Cibuyutan Selatan,FL,6,2022
325.29999999999995,726.7951335094388,237.42179640954328,522.1483690075494,280.0,70.42072263882594,100.0,1052.0951335094387,872.5690916463753,10.975298883745536,-3.8087754484146865,11,91,11,DI Cibuyutan Selatan,FL,6,2023
319.1,705.1624270641191,281.2119223887863,537.732731331948,280.0,39.49601530999679,100.0,1024.262427064119,857.2287466419448,11.844945854435705,-5.98724239565624,7,91,7,DI Cibuyutan Selatan,FL,6,2024
148.10000000000002,685.8126007244546,285.1071489491792,506.80113179542496,159.35999999999999,3.610584055678638,0.0,833.9126007244546,669.7717158511035,-9.642172955286151,-33.231392427972686,84,44,1,DI Cibuyutan Selatan,SRI,6,2015
825.3999999999999,223.63090864342882,168.08982406770605,440.19371140895703,176.16,226.47377769711863,0.0,1049.0309086434286,842.8274891060756,5.79596850120966,-23.38883713613406,46,26,21,DI Cibuyutan Selatan,SRI,6,2016
180.3,628.3505809731391,295.780064783522,483.3197053443007,158.88,0.0,0.0,808.6505809731391,642.1997053443007,-9.033153282362896,-34.989993456476284,83,42,0,DI Cibuyutan Selatan,SRI,6,2017
110.69999999999999,712.8592455859867,307.93336892667674,510.00858759276065,160.31999999999996,0.0,0.0,823.5592455859867,670.3285875927606,-9.547417591433739,-34.21641328135364,82,46,0,DI Cibuyutan Selatan,SRI,6,2018
98.8,740.0230004800698,273.2418325787069,532.9771556329183,156.95999999999998,0.0,0.0,838.8230004800697,689.9371556329183,-10.657630971287302,-35.00852771352853,89,49,0,DI Cibuyutan Selatan,SRI,6,2019
483.0,385.81288992335755,192.00420999859827,467.6953659997799,166.55999999999997,60.316023313613314,0.0,868.8128899233575,694.5713893133932,0.573326379851818,-35.08048014733234,59,32,8,DI Cibuyutan Selatan,SRI,6,2020
651.2,371.0234218887816,238.64508638466148,466.5468344797778,165.59999999999997,229.50030170069363,0.0,1022.2234218887817,861.6471361804713,2.267741680048506,-28.42040784227965,66,31,18,DI Cibuyutan Selatan,SRI,6,2021
517.2,361.99614126931743,236.9515365717673,470.7114603244596,173.27999999999997,49.26344698201889,0.0,879.1961412693174,693.2549073064785,5.960505267648247,-30.79712721997759,55,32,8,DI Cibuyutan Selatan,SRI,6,2022
325.29999999999995,566.7827367088643,237.42179640954328,504.46161754187125,163.2,58.435632358916756,0.0,892.0827367088642,726.097249900788,-4.317119663987321,-32.71552005282178,70,36,7,DI Cibuyutan Selatan,SRI,6,2023
319.1,538.2959093380338,281.2119223887863,519.4569567390856,162.72,11.852191465003532,0.0,857.3959093380338,694.0291482040892,-4.43035892274535,-35.585238621051374,77,37,4,DI Cibuyutan Selatan,SRI,6,2024
129.5,890.689203290895,307.5370461969636,564.6589011228887,280.0,4.174138366197589,100.0,1020.189203290895,848.8330394890862,6.942129181091999,-6.419537633979894,10,103,1,DI Cibuyutan Selatan,FL,7,2015
1211.6000000000001,403.5151267149604,258.7748344163959,451.26431406053587,280.0,674.9218366056133,100.0,1615.1151267149605,1406.1861506661492,34.089835005549425,6.687986805355815,0,63,39,DI Cibuyutan Selatan,FL,7,2016
349.3,701.1685638399601,274.86758841045685,508.4357349752456,280.0,65.9615818041774,100.0,1050.46856383996,854.397316779423,14.685932797350446,-1.1979178354449882,1,89,5,DI Cibuyutan Selatan,FL,7,2017
100.5,914.3384998283705,298.9005661629544,560.280463353577,280.0,0.0,100.0,1014.8384998283705,840.280463353577,6.796775142186024,-4.623244204506755,12,106,0,DI Cibuyutan Selatan,FL,7,2018
65.5,982.9471634315831,338.45393572176425,598.2045130036413,280.0,0.0,100.0,1048.4471634315832,878.2045130036413,6.38680707721827,-5.87090747770088,12,105,0,DI Cibuyutan Selatan,FL,7,2019
480.0,538.7605101304284,222.39398905741257,510.8021961432388,280.0,51.782722131834724,100.0,1018.7605101304284,842.5849182750735,13.145882602782764,-3.7525273483386736,2,73,4,DI Cibuyutan Selatan,FL,7,2020
533.9000000000001,515.2166572298006,186.94941380482254,504.7986360049225,280.0,89.11776652309877,100.0,1049.1166572298007,873.9164025280213,13.885311537353237,-6.584914072026819,9,75,9,DI Cibuyutan Selatan,FL,7,2021
602.8,483.2982102542152,199.49631476227913,494.9839389109926,280.0,109.73216505272788,100.0,1086.0982102542152,884.7161039637205,16.830653238954774,0.12945433592113442,0,75,12,DI Cibuyutan Selatan,FL,7,2022
183.2,852.4071576753183,274.7563704098273,574.4311101077307,280.0,8.15652490934704,100.0,1035.6071576753184,862.5876350170777,8.41511360224993,-5.356523994107215,13,99,1,DI Cibuyutan Selatan,FL,7,2023
333.5,721.9207390274563,264.03678552485957,566.3999498707628,280.0,37.07234274806912,100.0,1055.4207390274564,883.472292618832,11.60142390225537,-4.620113032418168,10,88,5,DI Cibuyutan Selatan,FL,7,2024
129.5,719.3920052617946,307.5370461969636,544.722415079149,159.35999999999999,4.174138366197589,0.0,848.8920052617946,708.2565534453465,-10.344672799359778,-35.85289110802088,88,45,1,DI Cibuyutan Selatan,SRI,7,2015
1211.6000000000001,280.35047718156665,258.7748344163959,435.4695281265065,189.6,665.4344584128426,0.0,1491.9504771815668,1290.5039865393492,18.951624699241616,-11.32468660749954,13,31,40,DI Cibuyutan Selatan,SRI,7,2016
349.3,576.8432456680413,274.86758841045685,489.8302640172673,169.92000000000002,75.32635470427789,0.0,926.1432456680413,735.0766187215452,0.4444855087844764,-30.160604534465925,60,42,8,DI Cibuyutan Selatan,SRI,7,2017
100.5,740.3011864799541,298.9005661629544,540.5531390272084,156.48,0.0,0.0,840.8011864799541,697.0331390272084,-10.535945569653022,-35.365511142295944,90,48,0,DI Cibuyutan Selatan,SRI,7,2018
65.5,814.2135111489844,338.45393572176425,576.7563368724095,156.47999999999996,0.0,0.0,879.7135111489844,733.2363368724095,-11.3488240583365,-34.88441156294604,91,48,0,DI Cibuyutan Selatan,SRI,7,2019
480.0,412.4155755491224,222.39398905741257,492.22860318358755,172.32,51.782722131834724,0.0,892.4155755491224,716.3313253154223,-3.9746554223129325,-28.661921415274534,66,34,4,DI Cibuyutan Selatan,SRI,7,2020
533.9000000000001,365.9875421046323,186.94941380482254,487.44561642116656,170.88,81.8894379641747,0.0,899.8875421046324,740.2150543853413,-3.4900395141373646,-30.72527615715598,61,33,8,DI Cibuyutan Selatan,SRI,7,2021
602.8,329.60803776953145,199.49631476227913,477.16605098813693,175.67999999999998,84.00189376681038,0.0,932.4080377695313,736.8479447549473,3.010196771951975,-28.762573297640614,46,34,9,DI Cibuyutan Selatan,SRI,7,2022
183.2,701.0020294043627,274.7563704098273,553.8874455951926,156.47999999999996,8.15652490934704,0.0,884.2020294043627,718.5239705045395,-8.57255715406442,-34.10897943958351,88,43,1,DI Cibuyutan Selatan,SRI,7,2023
333.5,555.0871575851531,264.03678552485957,546.1897748941071,166.07999999999998,17.959777710530343,0.0,888.5871575851531,730.2295526046374,-2.640005383554656,-34.36814897852656,67,38,5,DI Cibuyutan Selatan,SRI,7,2024
221.7,872.9831413069437,323.5546025115534,599.3714868476075,280.0,25.505044623252125,100.0,1094.6831413069438,904.8765314708596,11.105935673857461,-5.846537210216436,3,101,4,DI Cibuyutan Selatan,FL,8,2015
1518.2,380.19374531511295,215.60569849336238,446.9503040502316,280.0,955.0290564742007,100.0,1898.393745315113,1681.9793605244322,35.06010355164571,4.8005755803662,0,61,58,DI Cibuyutan Selatan,FL,8,2016
551.3000000000001,689.825780525359,310.13669166778914,526.1873428057481,280.0,223.65326474569338,100.0,1241.125780525359,1029.8406075514415,19.478405814504036,-1.4058487046592116,1,79,16,DI Cibuyutan Selatan,FL,8,2017
281.50000000000006,831.7078731728316,343.25044454346914,572.0320342646222,280.0,64.453650620127,100.0,1113.2078731728316,916.4856848847492,10.52675507102861,-4.714741435034619,6,92,7,DI Cibuyutan Selatan,FL,8,2018
152.39999999999998,944.2596622592282,338.6188572398695,635.8027831492542,280.0,6.883280091972686,100.0,1096.6596622592283,922.6860632412269,7.776571150621162,-5.795772102761388,11,100,1,DI Cibuyutan Selatan,FL,8,2019
658.1,548.5353387181156,289.68805698212196,520.888505666273,280.0,188.56668612826005,100.0,1206.6353387181157,989.455191794533,24.436510076173718,3.6925708894355926,0,68,25,DI Cibuyutan Selatan,FL,8,2020
707.9000000000001,562.210424789114,303.88750516417446,521.552289744378,280.0,253.82522420756618,100.0,1270.110424789114,1055.3775139519441,21.505869931248835,-0.15664789719685945,1,73,22,DI Cibuyutan Selatan,FL,8,2021
820.8999999999999,523.2596796705642,281.0595367737217,505.2073398421453,280.0,342.45764942318937,100.0,1344.159679670564,1127.6649892653347,26.0287555825411,0.35021049960286277,0,70,36,DI Cibuyutan Selatan,FL,8,2022
206.5,895.1615662657048,298.13203753961574,622.7524596988999,280.0,26.317869111141547,100.0,1101.6615662657048,929.0703288100415,6.367836784328065,-6.29138498848903,9,101,1,DI Cibuyutan Selatan,FL,8,2023
424.5,733.4724514111592,306.37736887962546,596.3070769615401,280.0,68.71051271525081,100.0,1157.9724514111592,945.017589676791,14.485122317532037,-4.246443694454797,2,87,5,DI Cibuyutan Selatan,FL,8,2024
221.7,733.2071206759085,323.5546025115534,577.2332594895604,163.68,29.125134943367726,0.0,954.9071206759086,770.0383944329282,-5.295426658959949,-31.787222713371676,78,47,6,DI Cibuyutan Selatan,SRI,8,2015
1518.2,249.0352679543961,215.60569849336238,431.973149345402,192.0,934.342545585102,0.0,1767.235267954396,1558.315694930504,24.68998861094069,-2.4684058015115506,3,29,56,DI Cibuyutan Selatan,SRI,8,2016
551.3000000000001,535.5454261500664,310.13669166778914,507.42057172270233,177.60000000000002,198.86850567324365,0.0,1086.8454261500665,883.8890773959461,5.581201390328623,-23.49399725263457,44,40,14,DI Cibuyutan Selatan,SRI,8,2017
281.50000000000006,701.9936796304095,343.25044454346914,551.1280624201598,166.07999999999998,76.201057929127,0.0,983.4936796304096,793.4091203492869,-4.596007225159321,-29.086010623019646,79,46,7,DI Cibuyutan Selatan,SRI,8,2018
152.39999999999998,773.0327180853739,338.6188572398695,612.5463008769191,160.32,9.866296472049136,0.0,925.4327180853738,782.7325973489682,-8.5693751647691,-31.192664291413983,88,49,1,DI Cibuyutan Selatan,SRI,8,2019
658.1,429.58091806555433,289.68805698212196,502.4163825732331,184.32,193.76438856873875,0.0,1087.6809180655544,880.5007711419719,12.591798736741195,-24.518940016745816,25,35,25,DI Cibuyutan Selatan,SRI,8,2020
707.9000000000001,434.03486223711604,303.88750516417446,502.88575624404086,177.6,256.71619515590527,0.0,1141.9348622371162,937.2019513999462,4.312796413719712,-29.245363955718556,48,36,21,DI Cibuyutan Selatan,SRI,8,2021
820.8999999999999,373.60892486863906,281.0595367737217,487.788640985427,187.67999999999998,312.54559347798244,0.0,1194.508924868639,988.0142344634094,15.600448873845847,-21.687547056421867,18,35,29,DI Cibuyutan Selatan,SRI,8,2022
206.5,743.1576869292874,298.13203753961574,599.5926281298468,158.88,26.317869111141547,0.0,949.6576869292874,784.7904972409884,-10.438521881752612,-31.85843885970847,93,48,1,DI Cibuyutan Selatan,SRI,8,2023
424.5,572.0745150155612,306.37736887962546,574.6767449174506,169.92000000000002,47.657372819193725,0.0,996.5745150155612,792.2541177366444,-1.4707830625046545,-29.536823565265514,69,41,7,DI Cibuyutan Selatan,SRI,8,2024
643.0,745.7637381169224,340.26784775160667,587.3120933952281,280.0,313.47209613776647,100.0,1388.7637381169225,1180.7841895329946,20.41922886031234,-1.8222543118474963,1,84,19,DI Cibuyutan Selatan,FL,9,2015
1961.3999999999999,362.6152044023514,219.99344526012433,445.68873864065966,280.0,1383.3433941227413,100.0,2324.015204402351,2109.032132763401,38.498320058739274,4.665577640297409,0,59,84,DI Cibuyutan Selatan,FL,9,2016
697.1999999999999,591.0514084158714,347.1732382148052,517.6469403778411,280.0,280.49616799107844,100.0,1288.2514084158713,1078.1431083689195,28.308021638088203,1.0463005948479145,0,71,29,DI Cibuyutan Selatan,FL,9,2017
606.0999999999998,707.2097182629889,346.11002496024616,568.3560024727485,280.0,263.94207503011035,100.0,1313.3097182629886,1112.2980775028589,17.86737759084511,-0.8508143358357056,3,79,20,DI Cibuyutan Selatan,FL,9,2018
493.5,793.363966125771,354.30304494494516,641.3717406603386,280.0,159.4598109630482,100.0,1286.863966125771,1080.8315516233868,17.816522613354472,-2.1735513274379725,2,86,14,DI Cibuyutan Selatan,FL,9,2019
928.5,488.2553706218112,274.6078886865966,514.3501747067711,280.0,412.166161043707,100.0,1416.7553706218112,1206.516335750478,34.231701780060945,6.925642524029513,0,68,50,DI Cibuyutan Selatan,FL,9,2020
985.8999999999999,464.4386109823457,275.677072794813,519.2759249657645,280.0,437.44148737139204,100.0,1450.3386109823455,1236.7174123371565,26.692664438455548,-1.1279362077436197,1,64,35,DI Cibuyutan Selatan,FL,9,2021
1049.0,438.69414967911365,297.3976351912504,512.6383358790489,280.0,487.05937782307706,100.0,1487.6941496791137,1279.6977137021258,34.533184942007004,4.722917961003071,0,63,51,DI Cibuyutan Selatan,FL,9,2022
302.09999999999997,823.3147162185045,342.6409276532332,645.6666459279368,280.0,29.038881969199856,100.0,1125.4147162185045,954.7055278971367,11.772048729275406,-4.835110425828984,3,90,5,DI Cibuyutan Selatan,FL,9,2023
700.0,624.1760657656984,352.1477762480107,590.3931086922712,280.0,249.25524216381473,100.0,1324.1760657656982,1119.648350856086,24.66078874870575,-0.9006458504457742,1,74,34,DI Cibuyutan Selatan,FL,9,2024
643.0,605.4906063132344,340.26784775160667,566.4277995670973,176.16,307.9232581622095,0.0,1248.4906063132344,1050.5110577293067,5.40380932842099,-29.03689772445559,52,43,22,DI Cibuyutan Selatan,SRI,9,2015
1961.3999999999999,247.91466270682395,219.99344526012433,431.3229252349066,192.0,1381.0086658329667,0.0,2209.3146627068236,2004.3315910678734,28.96129161018952,-5.012875313181583,4,28,81,DI Cibuyutan Selatan,SRI,9,2016
697.1999999999999,451.28210529418163,347.1732382148052,500.77881404816617,189.11999999999998,258.47499119906365,0.0,1148.4821052941816,948.3738052472298,18.050684348814624,-11.899904633077018,18,39,28,DI Cibuyutan Selatan,SRI,9,2017
606.0999999999998,556.8711058971516,346.11002496024616,548.8988324835559,174.72,245.8216122503843,0.0,1162.9711058971513,969.4404447339402,4.415771754512208,-24.022677879830912,53,41,20,DI Cibuyutan Selatan,SRI,9,2018
493.5,655.3100385858932,354.30304494494516,618.7623228020379,170.88,163.135301281471,0.0,1148.8100385858932,952.777624083509,1.1768124482766513,-29.722629300251665,63,45,16,DI Cibuyutan Selatan,SRI,9,2019
928.5,363.112326246215,274.6078886865966,497.26528083383783,192.0,401.2675487302706,0.0,1291.612326246215,1090.5328295641084,23.83972633574819,-5.494904893517149,8,36,45,DI Cibuyutan Selatan,SRI,9,2020
985.8999999999999,332.3869840741203,275.677072794813,501.4455930742586,182.88,430.34019235467247,0.0,1318.28698407412,1114.665785428931,14.85524014282652,-22.1152575193598,28,31,42,DI Cibuyutan Selatan,SRI,9,2021
1049.0,308.12777806188666,297.3976351912504,495.7046744681285,192.0,470.5920713697989,0.0,1357.1277780618866,1158.2967458379273,25.720463298035817,-3.8200222593902606,5,31,47,DI Cibuyutan Selatan,SRI,9,2022
302.09999999999997,677.8657618088382,342.6409276532332,622.7681944753463,164.16,43.059399458060014,0.0,979.9657618088381,829.9875939334063,-4.977488359889395,-29.959939600657144,77,46,7,DI Cibuyutan Selatan,SRI,9,2023
700.0,504.24074001150495,352.1477762480107,569.9641407637414,182.88,256.3743884220402,0.0,1204.2407400115048,1009.2185291857816,12.688743253298332,-28.578997682685134,30,37,30,DI Cibuyutan Selatan,SRI,9,2024
925.5999999999999,629.0508088504408,350.3777298088204,576.3969559342723,280.0,507.38134373845,100.0,1554.6508088504406,1363.7782996727224,28.06764291352304,5.209968297886875,0,72,38,DI Cibuyutan Selatan,FL,10,2015
1987.1,245.84896954232312,145.8489695423231,446.3937559978533,280.0,1292.8388598827792,100.0,2232.948969542323,2019.2326158806325,40.74333625175061,4.867282401515579,0,47,84,DI Cibuyutan Selatan,FL,10,2016
888.4000000000001,425.65579364080963,299.3990508561891,506.43928727453306,280.0,330.7342039017443,100.0,1314.0557936408097,1117.1734911762774,33.74830807803707,2.6311142995826753,0,60,35,DI Cibuyutan Selatan,FL,10,2017
882.8000000000002,580.0406326918322,332.3841937950033,553.8376839571737,280.0,423.9974194813123,100.0,1462.8406326918325,1257.835103438486,27.02582489469478,3.6007136065424765,0,71,32,DI Cibuyutan Selatan,FL,10,2018
817.0,640.3033991027143,356.61080888591374,619.8691443438743,280.0,368.84433601246815,100.0,1457.3033991027141,1268.7134803563424,27.395201156064633,0.20454812031645542,0,74,34,DI Cibuyutan Selatan,FL,10,2019
1274.4,420.95722340834135,292.99347319615117,494.2176996649674,280.0,721.185804762538,100.0,1695.3572234083415,1495.4035044275056,37.75175821047522,5.43624978780983,0,61,66,DI Cibuyutan Selatan,FL,10,2020
1238.0,441.49611175023693,223.3784402591841,516.419832602108,280.0,674.5838209546002,100.0,1679.4961117502369,1471.0036535567083,32.87050043807912,4.044235199284978,0,63,66,DI Cibuyutan Selatan,FL,10,2021
1239.3,333.4760154898764,233.4760154898764,504.17680033686213,280.0,605.4761587418068,100.0,1572.7760154898763,1389.652959078669,39.704751063116476,10.361758902771971,0,55,63,DI Cibuyutan Selatan,FL,10,2022
637.9,702.8992646860004,362.010778679242,642.500007511755,280.0,219.4290523930803,100.0,1340.7992646860002,1141.9290599048354,21.43135439238757,-1.105545910046125,3,79,24,DI Cibuyutan Selatan,FL,10,2023
906.2,531.6343755746225,278.1164596335047,559.9378849778356,280.0,393.55275090467904,100.0,1437.8343755746225,1233.4906358825147,31.27309073995997,5.329443894293672,0,66,51,DI Cibuyutan Selatan,FL,10,2024
925.5999999999999,502.64326985421593,350.3777298088204,558.4389814059638,187.2,498.37903732349866,0.0,1428.243269854216,1244.0180187294623,17.235636369711596,-24.769855592204085,22,39,36,DI Cibuyutan Selatan,SRI,10,2015
1987.1,145.8489695423231,145.8489695423231,431.57240253602333,192.0,1304.8275901889206,0.0,2132.948969542323,1928.3999927249438,32.20981580983934,1.4739706876567817,0,17,85,DI Cibuyutan Selatan,SRI,10,2016
888.4000000000001,299.3990508561891,299.3990508561891,490.3027698884582,190.56,313.3964146399155,0.0,1187.7990508561893,994.2591845283737,23.37094866805081,-9.487103557904991,8,27,38,DI Cibuyutan Selatan,SRI,10,2017
882.8000000000002,434.5220885294428,332.3841937950033,536.5286762957068,186.72,399.0678829803898,0.0,1317.322088529443,1122.3165592760965,17.292137235336646,-11.448564986505872,24,38,37,DI Cibuyutan Selatan,SRI,10,2018
817.0,505.46566138995104,356.61080888591374,599.6534636132385,185.27999999999997,353.05587071668367,0.0,1322.465661389951,1137.9893343299223,14.113984922296519,-26.186488844479157,29,39,33,DI Cibuyutan Selatan,SRI,10,2019
1274.4,292.99347319615117,292.99347319615117,478.7247626829882,192.0,703.379319886353,0.0,1567.3934731961513,1374.1040825693412,27.799338492098276,-0.32283498065517957,2,29,61,DI Cibuyutan Selatan,SRI,10,2020
1238.0,301.9254383935782,223.3784402591841,499.79025971878,192.0,646.6781964489885,0.0,1539.9254383935781,1338.4684561677686,22.778103890768442,-5.048372125817037,10,30,65,DI Cibuyutan Selatan,SRI,10,2021
1239.3,233.47601548987635,233.4760154898764,487.80755391061905,192.0,612.2972440600249,0.0,1472.7760154898763,1292.104797970644,30.877614850683486,6.254504056078895,0,25,69,DI Cibuyutan Selatan,SRI,10,2022
637.9,558.6230712961544,362.010778679242,621.1817083007064,176.16,210.311158214283,0.0,1196.5230712961543,1007.6528665149895,4.958907046550884,-28.03007985734083,53,40,22,DI Cibuyutan Selatan,SRI,10,2023
906.2,386.07248017298014,278.1164596335047,542.2680498128866,189.12,366.5406906679855,0.0,1292.27248017298,1097.928740480872,20.04324653110365,-21.082229164494706,18,32,47,DI Cibuyutan Selatan,SRI,10,2024
1525.9,461.0220724532834,334.14805268703105,531.6457420125469,280.0,982.7190286595717,100.0,1986.9220724532834,1794.3647706721185,37.89628512293063,6.425980233747662,0,61,66,DI Cibuyutan Selatan,FL,11,2015
1863.2000000000003,197.701496663184,83.001496663184,441.83910921922575,280.0,1125.4662873049972,100.0,2060.9014966631844,1847.305396524223,39.54793297046334,14.91397056398211,0,43,80,DI Cibuyutan Selatan,FL,11,2016
973.9,355.0457404894479,211.3948652074093,476.14325660895395,280.0,372.5360018165664,100.0,1328.9457404894479,1128.6792584255204,36.222497960014785,-1.4413980531753445,1,57,45,DI Cibuyutan Selatan,FL,11,2017
1316.3,427.9032405654496,311.2032405654496,524.414781572671,280.0,737.2203727326054,100.0,1744.2032405654495,1541.6351543052765,36.97550103886717,9.459266936489321,0,61,55,DI Cibuyutan Selatan,FL,11,2018
1269.6,497.2263076754122,339.1967227269516,572.0709334225342,280.0,718.7962120773909,100.0,1766.8263076754122,1570.867145499925,37.124177525431435,3.481077459567791,0,64,67,DI Cibuyutan Selatan,FL,11,2019
1490.8,240.87476844725836,140.87476844725833,452.6550413711665,280.0,784.2680404858113,100.0,1731.6747684472584,1516.9230818569777,38.16146878999921,4.74437120071453,0,49,70,DI Cibuyutan Selatan,FL,11,2020
1290.5,362.9174987293832,262.91749872938317,511.95716886523917,280.0,661.7292221126222,100.0,1653.4174987293832,1453.6863909778613,39.715590571729926,5.278442580987855,0,58,60,DI Cibuyutan Selatan,FL,11,2021
1371.3,257.28738996155244,140.58738996155245,478.13926124807017,280.0,655.3634339752691,100.0,1628.5873899615524,1413.5026952233393,39.14887652892709,7.1444821087129196,0,51,71,DI Cibuyutan Selatan,FL,11,2022
851.1999999999998,541.9047636508757,344.15783524501194,608.1668619429893,280.0,314.6792594943008,100.0,1393.1047636508756,1202.84612143729,28.596573449187655,-1.105545910046125,1,68,35,DI Cibuyutan Selatan,FL,11,2023
989.9999999999999,423.2659835614339,312.56941929505695,541.207870953655,280.0,405.8884833955464,100.0,1413.2659835614338,1227.0963543492014,35.799416708827486,-3.296564266376988,1,60,51,DI Cibuyutan Selatan,FL,11,2024
1525.9,349.32728017837,334.14805268703105,515.2318432047753,192.0,984.5994046886292,0.0,1875.2272801783702,1691.8312478934045,28.932431380525074,-5.379227491338948,2,30,64,DI Cibuyutan Selatan,SRI,11,2015
1863.2000000000003,83.00149666318401,83.001496663184,426.53553915248926,192.0,1119.286379311423,0.0,1946.2014966631843,1737.8219184639122,30.066335413068263,1.044525310873376,0,12,79,DI Cibuyutan Selatan,SRI,11,2016
973.9,226.58784118535192,211.3948652074093,461.0776514771718,191.03999999999996,355.5812604158564,0.0,1200.487841185352,1007.6989118930281,24.995608892799986,-8.085050679813971,7,25,44,DI Cibuyutan Selatan,SRI,11,2017
1316.3,311.2032405654496,311.2032405654496,507.9741523213605,192.0,734.9610019839159,0.0,1627.5032405654497,1434.9351543052765,28.672341461909838,-3.895775310406612,4,30,55,DI Cibuyutan Selatan,SRI,11,2018
1269.6,363.02581243172415,339.1967227269516,554.3095852398199,191.51999999999998,700.837065016417,0.0,1632.6258124317242,1446.6666502562368,27.4721623790133,-7.373390408282436,4,32,66,DI Cibuyutan Selatan,SRI,11,2019
1490.8,140.87476844725833,140.87476844725833,438.2883134663292,192.0,796.6347683906483,0.0,1631.6747684472582,1426.9230818569777,31.208288978425347,10.603337822489628,0,19,76,DI Cibuyutan Selatan,SRI,11,2020
1290.5,262.9174987293832,262.91749872938317,495.20236907508286,192.0,669.9024652028121,0.0,1553.4174987293832,1357.104834277895,31.056752668451914,6.106378793057282,0,28,60,DI Cibuyutan Selatan,SRI,11,2021
1371.3,151.38662501218082,140.58738996155245,461.84645003908247,192.0,663.755480234885,0.0,1522.6866250121807,1317.6019302739674,29.875360696235077,-2.299235050628366,1,21,72,DI Cibuyutan Selatan,SRI,11,2022
851.1999999999998,377.07581575864174,344.15783524501194,589.037649418314,188.16,269.9766297566002,0.0,1228.2758157586416,1047.174279174914,18.272140159544072,-27.756649738339068,16,33,32,DI Cibuyutan Selatan,SRI,11,2023
989.9999999999999,312.56941929505695,312.56941929505695,525.1261624771105,191.51999999999998,399.2109590280037,0.0,1302.5694192950568,1115.8571215051143,28.340458806437407,-5.5966742302292385,3,29,51,DI Cibuyutan Selatan,SRI,11,2024
1960.4,305.69785035978754,193.41186740687726,483.77290820503725,280.0,1290.6942132308172,100.0,2266.0978503597876,2054.4671214358546,39.08666908257455,4.556241816402783,0,55,79,DI Cibuyutan Selatan,FL,12,2015
1690.1,187.887279183724,87.88727918372399,460.21549750302887,280.0,921.9408709341978,100.0,1877.9872791837238,1662.1563684372268,40.711050105054255,6.056370292328069,0,45,78,DI Cibuyutan Selatan,FL,12,2016
1157.4,316.5484475660422,160.64414103694577,470.1256341899054,280.0,511.5311876481016,100.0,1473.9484475660424,1261.656821838007,35.759916353436886,4.552407625871818,0,55,54,DI Cibuyutan Selatan,FL,12,2017
1515.8999999999999,292.5899570213892,173.68995702138918,490.9489271123389,280.0,830.4908371286851,100.0,1808.489957021389,1601.439764241024,40.69789025532758,10.403770493726338,0,54,70,DI Cibuyutan Selatan,FL,12,2018
1602.8000000000002,356.61602744389137,256.61602744389137,519.1657588801843,280.0,955.9438947180195,100.0,1959.4160274438916,1755.1096535982037,41.152658195547204,6.67101563607252,0,57,74,DI Cibuyutan Selatan,FL,12,2019
1470.1,237.61300727655174,137.61300727655177,451.2588151552686,280.0,762.8913163927095,100.0,1707.7130072765517,1494.1501315479782,41.28403339563519,11.838471462254631,0,53,72,DI Cibuyutan Selatan,FL,12,2020
1485.6,183.83490550529848,83.83490550529847,489.68107896836557,280.0,682.3607349228583,100.0,1669.4349055052985,1452.041813891224,40.838362133387626,15.992045137495467,0,47,69,DI Cibuyutan Selatan,FL,12,2021
1320.9,223.08818575683875,123.08818575683875,480.33825228790465,280.0,592.0008961722547,100.0,1543.988185756839,1352.3391484601593,40.65629469016979,11.459290089106982,0,48,73,DI Cibuyutan Selatan,FL,12,2022
1083.2,404.85763471567714,240.08994420623438,563.7436755740416,280.0,457.53442860699727,100.0,1488.057634715677,1301.278104181039,33.44244157045636,4.8929854374581705,0,62,49,DI Cibuyutan Selatan,FL,12,2023
1199.7999999999997,199.26098964688805,99.26098964688806,507.2966374670976,280.0,404.70540163358237,100.0,1399.0609896468877,1192.00203910068,41.32841631758782,6.1378927866157404,0,48,69,DI Cibuyutan Selatan,FL,12,2024
1960.4,193.41186740687726,193.41186740687726,467.89642067602495,192.0,1292.2847178069194,0.0,2153.8118674068774,1952.1811384829443,30.11607496147162,6.224991897428501,0,24,80,DI Cibuyutan Selatan,SRI,12,2015
1690.1,87.88727918372399,87.88727918372399,444.51161611484525,192.0,933.9770010030375,0.0,1777.9872791837238,1570.4886171178828,30.98978405255458,6.887495338938681,0,15,78,DI Cibuyutan Selatan,SRI,12,2016
1157.4,186.72972474462188,160.64414103694577,454.18616218598584,192.0,493.88811059678585,0.0,1344.1297247446219,1140.0742727827717,25.73807153265863,-4.231329802066079,4,23,55,DI Cibuyutan Selatan,SRI,12,2017
1515.8999999999999,185.1395905203313,173.68995702138918,474.3342539789464,192.0,833.3198121725322,0.0,1701.039590520331,1499.6540661514787,31.431354928353862,-3.649633498942127,1,24,71,DI Cibuyutan Selatan,SRI,12,2018
1602.8000000000002,256.6160274438913,256.61602744389137,502.94741121820044,192.0,970.1622423800036,0.0,1859.4160274438914,1665.109653598204,32.52073264388326,7.509916471358931,0,27,80,DI Cibuyutan Selatan,SRI,12,2019
1470.1,137.61300727655174,137.61300727655177,437.0048193044818,192.0,774.42776418232,0.0,1607.7130072765517,1403.4325834868018,32.78897281271646,12.668783625994683,0,23,72,DI Cibuyutan Selatan,SRI,12,2020
1485.6,83.83490550529847,83.83490550529847,472.98467055687564,192.0,697.0571433343482,0.0,1569.4349055052983,1362.041813891224,31.407211481959493,18.351091742142216,0,17,74,DI Cibuyutan Selatan,SRI,12,2021
1320.9,123.08818575683878,123.08818575683875,465.12016319535786,192.0,595.9632938222685,0.0,1443.988185756839,1253.0834570176264,30.551139855424502,7.361582564448821,0,18,71,DI Cibuyutan Selatan,SRI,12,2022
1083.2,255.21222106235047,240.08994420623438,545.3651158336904,190.07999999999998,420.81455033239945,0.0,1338.4122210623505,1156.2596661660898,25.47539990654602,-18.654758757838998,7,28,45,DI Cibuyutan Selatan,SRI,12,2023
1199.7999999999997,99.26098964688805,99.26098964688806,490.54124559483773,191.51999999999998,417.0242647058322,0.0,1299.0609896468877,1099.08551030067,29.440226606429828,-4.985406687950347,2,18,66,DI Cibuyutan Selatan,SRI,12,2024
2166.1000000000004,227.18491254702434,127.18491254702431,464.63881686402755,280.0,1435.5909528345858,100.0,2393.2849125470248,2180.2297696986134,42.869553958422806,27.75685252646996,0,47,93,DI Citameng III,FL,1,2016
1380.2999999999997,230.40164896119785,105.06984058509315,473.22249828152616,280.0,667.464688079671,100.0,1610.7016489611976,1420.6871863611973,33.50472941854353,1.737366139298902,0,46,61,DI Citameng III,FL,1,2017
985.9999999999999,390.57669114058604,223.28776339010182,488.8807434920292,280.0,426.7732637268418,100.0,1376.5766911405858,1195.654007218871,32.376506579224305,-5.627715845779095,8,60,43,DI Citameng III,FL,1,2018
1552.1000000000001,252.34800984862096,152.348009848621,487.23371308877694,280.0,824.8563775220603,100.0,1804.448009848621,1592.0900906108373,41.44963618381086,7.69595400732522,0,49,74,DI Citameng III,FL,1,2019
1786.4,214.55535657235447,114.55535657235444,494.4687909684163,280.0,1017.3305920677042,100.0,2000.9553565723545,1791.7993830361204,41.835881623351796,16.469642926978814,0,49,88,DI Citameng III,FL,1,2020
1395.0,204.18344073710244,88.88344073710242,450.7811953593074,280.0,673.4481956293379,100.0,1599.1834407371025,1404.2293909886453,39.32277362311573,12.951188064695302,0,44,70,DI Citameng III,FL,1,2021
1256.6,240.40435609951857,111.20782789125283,505.15911689161794,280.0,495.92738031920476,100.0,1497.0043560995184,1281.0864972108227,39.67500108244468,4.103471791734297,0,50,65,DI Citameng III,FL,1,2022
1259.1,206.7898986357555,95.38989863575551,490.1919975213056,280.0,489.59749510758706,100.0,1465.8898986357553,1259.7894926288927,36.039561564983934,3.4910245692501816,0,49,56,DI Citameng III,FL,1,2023
1076.1,330.95825495698153,230.95825495698153,555.2614345256088,280.0,398.9353144796804,100.0,1407.0582549569815,1234.1967490052893,33.63890704650371,2.2253642967765463,0,54,43,DI Citameng III,FL,1,2024
2166.1000000000004,127.18491254702433,127.18491254702431,449.15014456264737,192.0,1447.4084223373638,0.0,2293.2849125470248,2088.558566900011,33.11813850875215,12.128430804586563,0,17,97,DI Citameng III,SRI,1,2016
1380.2999999999997,118.7260865020285,105.06984058509315,457.0279175485558,192.0,657.5121630893227,0.0,1499.0260865020282,1306.5400806378784,25.97836647385926,-4.256245916935362,2,15,60,DI Citameng III,SRI,1,2017
985.9999999999999,234.36396334691815,223.28776339010182,472.3383879194006,186.71999999999997,404.51469353410516,0.0,1220.3639633469181,1063.5730814535057,24.36917900362979,-22.71657344201615,12,26,43,DI Citameng III,SRI,1,2018
1552.1000000000001,152.348009848621,152.348009848621,470.8597363378368,192.0,838.3984338654654,0.0,1704.448009848621,1501.2581702033021,32.502051386644666,8.522726739925961,0,19,74,DI Citameng III,SRI,1,2019
1786.4,114.55535657235446,114.55535657235444,478.30225015677354,192.0,1030.6576846242747,0.0,1900.9553565723545,1700.959934781048,32.61861704367022,18.942220719781005,0,19,88,DI Citameng III,SRI,1,2020
1395.0,88.88344073710242,88.88344073710242,435.4743236919747,192.0,661.6476294782874,0.0,1483.8834407371023,1289.121953170262,30.299868303464134,-0.6968435003016813,1,13,69,DI Citameng III,SRI,1,2021
1256.6,122.75635907390792,111.20782789125283,487.98079114533056,192.0,493.4577090398814,0.0,1379.356359073908,1173.438500185212,30.03757025121076,-1.9485311826550813,3,19,64,DI Citameng III,SRI,1,2022
1259.1,95.38989863575549,95.38989863575551,474.0122990579565,192.0,488.20128259690364,0.0,1354.4898986357555,1154.2135816548603,26.701057845473233,-1.4498423314093491,1,18,47,DI Citameng III,SRI,1,2023
1076.1,230.95825495698153,230.95825495698153,537.05580662355,192.0,390.88066729906507,0.0,1307.0582549569815,1119.936473922615,29.355933750061897,6.0199354578709565,0,24,47,DI Citameng III,SRI,1,2024
1938.6999999999998,200.63879518171177,63.39938180428963,463.98443728443374,280.0,1214.7152618465768,100.0,2139.3387951817117,1958.6996991310107,39.602273591613475,-3.7354374860088266,3,44,103,DI Citameng III,FL,2,2015
1871.6,231.42518541914808,131.42518541914808,466.76828241013925,280.0,1171.0864537910447,100.0,2103.025185419148,1917.854736201184,41.720437945720626,11.67564409704219,0,47,83,DI Citameng III,FL,2,2016
1040.7,283.47707128332104,140.59552292874372,477.56876249924073,280.0,389.1741063961191,100.0,1324.177071283321,1146.7428688953598,31.17794904277376,-5.724643299933318,4,54,37,DI Citameng III,FL,2,2017
916.5000000000001,364.7113544146756,161.88036134818248,492.03989638230735,280.0,326.7164641530364,100.0,1281.2113544146757,1098.7563605353437,26.943169967043175,-5.5081388811028935,11,60,35,DI Citameng III,FL,2,2018
1344.5,229.0101884520109,116.85273606686184,485.5720304336169,280.0,627.4762211081127,100.0,1573.5101884520109,1393.0482515417295,37.59068650525974,-3.457452385149088,2,50,63,DI Citameng III,FL,2,2019
1639.6,215.8497831291238,115.84978312912381,478.8924605537574,280.0,888.6196386969259,100.0,1855.4497831291237,1647.5120992506834,40.143130862151125,5.276030746369141,0,47,77,DI Citameng III,FL,2,2020
1108.6999999999998,307.10481483633697,116.32513978675844,467.9325378934512,280.0,450.52977301870317,100.0,1415.8048148363368,1198.4623109121544,31.604437738121643,-5.542686446927694,8,56,49,DI Citameng III,FL,2,2021
1066.6999999999998,299.639907408927,168.63237312275407,507.5146428146011,280.0,386.8779010731537,100.0,1366.3399074089268,1174.3925438877548,34.752523043631214,-5.307534286172993,6,54,49,DI Citameng III,FL,2,2022
1212.6999999999998,284.4875591414491,159.06199806973373,498.34904088165337,280.0,546.983648045086,100.0,1497.187559141449,1325.3326889267394,37.21543104734324,-1.3623371632714454,1,54,57,DI Citameng III,FL,2,2023
1029.0,306.52357052145805,136.46352386153367,537.124142066123,280.0,342.47227070261636,100.0,1335.5235705214582,1159.5964127687394,33.57760387302738,-3.8830780798867703,7,53,49,DI Citameng III,FL,2,2024
1938.6999999999998,63.399381804289625,63.39938180428963,448.5308607202858,189.11999999999998,1213.9834984765382,0.0,2002.0993818042894,1851.6343591968239,29.78733314141484,-26.295353155397237,8,11,104,DI Citameng III,SRI,2,2015
1871.6,131.42518541914808,131.42518541914808,451.0325238819373,192.0,1177.3305517868375,0.0,2003.0251854191479,1820.3630756687749,32.73118173357146,9.167304629451326,0,17,93,DI Citameng III,SRI,2,2016
1040.7,140.59552292874372,140.59552292874372,460.9697542301451,188.15999999999997,387.55828801823395,0.0,1181.2955229287438,1036.6880422483791,23.787755428003425,-34.1468624227697,9,21,38,DI Citameng III,SRI,2,2017
916.5000000000001,226.92450209140495,161.88036134818248,474.7017541656098,176.15999999999997,319.74224169762755,0.0,1143.424502091405,970.6039958632373,13.505372204002958,-34.156424051165885,39,24,34,DI Citameng III,SRI,2,2018
1344.5,116.85273606686184,116.85273606686184,469.24621416939095,192.0,626.8127389256929,0.0,1461.3527360668618,1288.0589530950838,30.02565528011597,-2.4870384511588766,1,19,61,DI Citameng III,SRI,2,2019
1639.6,115.84978312912381,115.84978312912381,462.57247482669914,192.0,897.8104035080482,0.0,1755.4497831291237,1552.3828783347474,31.687602266311398,6.106961135018952,0,17,77,DI Citameng III,SRI,2,2020
1108.6999999999998,148.26146626673076,116.32513978675844,451.26305168209865,183.36,413.7960324812608,0.0,1256.9614662667307,1048.4190841633595,20.178352046851547,-33.736326479972334,22,19,44,DI Citameng III,SRI,2,2021
1066.6999999999998,168.63237312275405,168.63237312275407,490.29654854853635,191.51999999999998,364.43998067602956,0.0,1235.3323731227538,1046.2565292245658,26.76940302058257,-5.297149819976478,5,22,51,DI Citameng III,SRI,2,2022
1212.6999999999998,170.35166249717466,159.06199806973373,480.95124422509804,192.0,539.9040019891452,0.0,1383.0516624971744,1212.8552462142432,26.29548982724107,-3.0207910950498027,3,23,52,DI Citameng III,SRI,2,2023
1029.0,168.3548224118956,136.46352386153367,518.9657022847315,185.27999999999997,325.8667705178422,0.0,1197.3548224118956,1030.1124728025736,23.3371627820017,-31.89129855036191,15,18,43,DI Citameng III,SRI,2,2024
1598.3999999999999,261.03322410673894,55.28354690939927,464.61415014948585,280.0,934.7293508315522,100.0,1859.4332241067389,1679.343500981038,32.82053852261776,-2.763489177800458,6,51,83,DI Citameng III,FL,3,2015
1717.6999999999998,162.91761458770097,37.078325982539155,447.29103336742173,280.0,958.1604647909917,100.0,1880.6176145877007,1685.4514981584134,36.56319821059871,-2.8392886051617987,1,37,79,DI Citameng III,FL,3,2016
840.0,358.5484303253194,141.69176622546684,479.17323487961045,280.0,256.4490001107545,100.0,1198.5484303253193,1015.6222349903649,28.065316303315818,-4.326614994194096,9,66,25,DI Citameng III,FL,3,2017
719.3,384.68230738884256,110.97453251330705,506.616341465761,280.0,143.5360681142379,100.0,1103.9823073888424,930.1524095799989,21.15312970737474,-3.7742190456571514,13,63,17,DI Citameng III,FL,3,2018
1070.1000000000001,350.984437383653,128.9454393150082,487.6595694633696,280.0,481.8599625873032,100.0,1421.084437383653,1249.5195320506728,31.399322433565224,-5.538089880261772,11,62,44,DI Citameng III,FL,3,2019
1446.1000000000001,134.1997802855643,34.19978028556429,461.9566386468151,280.0,636.3931020188622,100.0,1580.2997802855643,1378.3497406656775,39.65439175869994,20.905110851084096,0,41,65,DI Citameng III,FL,3,2020
1053.3999999999999,282.77064672683156,147.7295064346371,476.9786144281542,280.0,359.03256450128254,100.0,1336.1706467268314,1116.0111789294367,31.70850600899656,-2.5319302748443095,1,55,36,DI Citameng III,FL,3,2021
997.8000000000001,265.82893729177204,150.828937291772,490.07634163679046,280.0,283.1903962812574,100.0,1263.6289372917722,1053.2667379180477,38.881976553797955,4.186676391480004,0,53,41,DI Citameng III,FL,3,2022
1046.6000000000001,338.0506905184108,132.90043674833382,487.76063427528607,280.0,419.73281637906905,100.0,1384.650690518411,1187.493450654355,29.119810567655502,-3.9570904244705445,7,59,43,DI Citameng III,FL,3,2023
824.4000000000001,309.21656594750124,140.47394529599362,525.7423155436855,280.0,158.21198973455256,100.0,1133.6165659475014,963.954305278238,26.612191352400377,-1.7507723575516367,9,61,25,DI Citameng III,FL,3,2024
1598.3999999999999,115.94368547256872,55.28354690939927,448.99998409196735,176.16,938.7896792101229,0.0,1714.3436854725685,1563.9496633020904,18.035193881885874,-30.53546527614524,36,11,79,DI Citameng III,SRI,3,2015
1717.6999999999998,37.078325982539155,37.078325982539155,431.9461063525206,192.0,935.1697455673618,0.0,1754.778325982539,1559.1158519198825,29.46897840017711,0.9922470388785651,0,5,81,DI Citameng III,SRI,3,2016
840.0,209.90879529029255,141.69176622546684,462.79798820285816,176.64,249.6734769752054,0.0,1049.9087952902926,889.1114651780636,13.942968000572591,-34.02268305174438,35,25,23,DI Citameng III,SRI,3,2017
719.3,240.3425542284702,110.97453251330705,489.2864475786687,169.91999999999996,158.58993442225852,0.0,959.6425542284701,817.7963820009272,3.4541795979319034,-34.51907398329991,54,21,20,DI Citameng III,SRI,3,2018
1070.1000000000001,222.6176219200392,128.9454393150082,471.312679072037,178.56,478.6507448768066,0.0,1292.7176219200394,1128.5234239488436,18.848573697057873,-31.912071742927687,29,24,44,DI Citameng III,SRI,3,2019
1446.1000000000001,34.19978028556429,34.19978028556429,446.15088046514484,192.0,643.5513245366546,0.0,1480.2997802855643,1281.7022050017995,30.797006986384666,10.769183715848964,0,11,69,DI Citameng III,SRI,3,2020
1053.3999999999999,189.25498344813346,147.7295064346371,460.32606338097014,187.67999999999998,384.40240532166945,0.0,1242.6549834481334,1032.4084687026395,21.80875256245443,-27.71926212470783,17,24,36,DI Citameng III,SRI,3,2021
997.8000000000001,150.828937291772,150.828937291772,473.2372492596764,192.0,281.37291022964075,0.0,1148.628937291772,946.6101594893172,26.58049070163753,-4.691050784976914,3,22,45,DI Citameng III,SRI,3,2022
1046.6000000000001,197.52691603814907,132.90043674833382,470.59479410446534,180.95999999999998,398.99143493558375,0.0,1244.1269160381491,1050.5462290400492,17.462691796332912,-33.6999618490768,26,20,39,DI Citameng III,SRI,3,2023
824.4000000000001,172.0679489278085,140.47394529599362,507.8809820105929,175.67999999999998,173.23566450096965,0.0,996.4679489278086,856.7966465115625,13.199699168751032,-33.18126048575642,37,24,26,DI Citameng III,SRI,3,2024
1026.6000000000001,349.68565484636895,64.74437079738074,467.0214406598178,280.0,452.2789713164552,100.0,1376.2856548463692,1199.3004119762732,23.935102767791527,-4.958432456632812,10,69,38,DI Citameng III,FL,4,2015
1204.3,232.67045135970636,80.4973773131404,453.4115723386356,280.0,494.6594442213664,100.0,1436.9704513597062,1228.071016560002,34.44743568232305,-4.165467292636943,4,46,51,DI Citameng III,FL,4,2016
572.9,455.397001555698,179.3495047735087,476.0189001485221,280.0,99.3500150433094,100.0,1028.297001555698,855.3689151918315,14.831882655121545,-4.687024255054065,11,73,6,DI Citameng III,FL,4,2017
400.9,587.8431677902812,193.0710615109346,500.80760466558587,280.0,36.74125198533436,100.0,988.7431677902812,817.5488566509201,8.041183844655782,-2.810962002053488,10,77,7,DI Citameng III,FL,4,2018
576.5,511.1033619773503,164.90869981233962,489.71950963023625,280.0,145.19171909294568,100.0,1087.6033619773502,914.9112287231819,23.182005422410956,-4.785631892283671,11,83,26,DI Citameng III,FL,4,2019
1046.7,304.81455815639447,134.783766469788,461.46018908713216,280.0,435.2238454210511,100.0,1351.5145581563945,1176.6840345081832,33.079714756451956,-5.046585730289005,8,55,46,DI Citameng III,FL,4,2020
898.9,329.7746798584321,120.49328629954375,479.41113683596075,280.0,298.03917366748976,100.0,1228.674679858432,1057.4503105034505,22.90674079303202,-4.734224879290615,5,57,34,DI Citameng III,FL,4,2021
864.3000000000001,260.49380903562326,122.56928498894504,482.7022384225308,280.0,185.26177600251538,100.0,1124.7938090356233,947.9640144250462,30.105988231252567,-4.084026193166863,4,53,29,DI Citameng III,FL,4,2022
837.5999999999999,386.55141564570795,159.10484330239063,502.8767390306955,280.0,271.46608736238795,100.0,1224.1514156457079,1054.3428263930834,23.138068347602683,-1.0569725378986305,5,64,24,DI Citameng III,FL,4,2023
661.0,361.3639889772762,158.1209062335899,510.8082224897586,280.0,56.49991592798186,100.0,1022.3639889772762,847.3081384177405,17.821050441985328,-2.183224682027177,3,65,10,DI Citameng III,FL,4,2024
1026.6000000000001,226.88087087777217,64.74437079738074,451.0788189782672,167.99999999999997,478.291883765532,0.0,1253.4808708777723,1097.370702743799,5.727502828095688,-33.95539116872621,57,21,41,DI Citameng III,SRI,4,2015
1204.3,80.49737731314039,80.4973773131404,438.5401294964812,183.36,479.0832561400731,0.0,1284.7973773131403,1100.9833856365544,19.464130199150198,-32.05841682521174,19,11,47,DI Citameng III,SRI,4,2016
572.9,335.1720004519937,179.3495047735087,460.33717363457015,167.51999999999998,111.23185633945228,0.0,908.0720004519937,739.0890299740224,3.5707847419523957,-33.213414446857236,61,29,11,DI Citameng III,SRI,4,2017
400.9,418.31606949660016,193.0710615109346,484.38354103923785,159.83999999999997,36.74125198533436,0.0,819.2160694966001,680.9647930245721,-7.777828076046319,-34.39339246243049,80,32,7,DI Citameng III,SRI,4,2018
576.5,357.88385046762187,164.90869981233962,473.11176518811726,168.95999999999998,143.40442353466975,0.0,934.3838504676219,785.476188722787,7.7668116927625706,-34.429213113011194,53,33,23,DI Citameng III,SRI,4,2019
1046.7,146.068747672859,134.783766469788,446.58819003767553,184.79999999999998,416.7510986603629,0.0,1192.768747672859,1048.1392886980384,22.1852327373087,-29.992782071082704,19,21,43,DI Citameng III,SRI,4,2020
898.9,161.5524101369588,120.49328629954375,463.56716739300253,179.51999999999998,273.99782288463507,0.0,1060.4524101369589,917.0849902776376,8.615410481728697,-32.497026032987314,43,21,29,DI Citameng III,SRI,4,2021
864.3000000000001,122.56928498894503,122.56928498894504,467.11242358011214,187.2,169.81780720944238,0.0,986.8692849889451,824.1302307895546,21.146300011196427,-20.838925179671072,13,20,32,DI Citameng III,SRI,4,2022
837.5999999999999,236.83642632977927,159.10484330239063,486.57297192446606,171.35999999999996,267.4035572436063,0.0,1074.4364263297791,925.3365291680724,7.607803626750511,-29.1576256648369,51,24,28,DI Citameng III,SRI,4,2023
661.0,237.20666124108755,158.1209062335899,493.93046458331503,170.87999999999997,88.54743746274858,0.0,898.2066612410875,753.3579020460636,2.2204832482628083,-29.25425785346823,57,27,14,DI Citameng III,SRI,4,2024
626.4,522.3342274926202,60.40579279681198,486.0332660844941,280.0,199.5454245956089,100.0,1148.7342274926202,965.5786906801029,10.871051656709067,-5.187628415046851,9,82,17,DI Citameng III,FL,5,2015
862.8,261.94040034817436,111.35054298441086,449.2026006765542,280.0,208.17262688545685,100.0,1124.7404003481743,937.3752275620111,27.345146146370293,-5.309820712515879,6,55,26,DI Citameng III,FL,5,2016
350.5,595.2490755187273,180.3270920166456,473.6230983626182,280.0,17.296016039776152,100.0,945.7490755187273,770.9191144023944,10.564565948621146,-4.015128807294396,8,86,4,DI Citameng III,FL,5,2017
214.1,748.3902158869979,227.02158395556165,508.6964837143033,280.0,4.056946372109657,100.0,962.4902158869979,792.753430086413,7.722679928386852,-4.433591054472176,10,96,1,DI Citameng III,FL,5,2018
383.5,662.9559507660233,126.6916941364469,511.897766789355,280.0,75.19987752794958,100.0,1046.4559507660233,867.0976443173047,7.383843722935573,-2.8737632683086947,10,91,9,DI Citameng III,FL,5,2019
800.3,365.503498633311,134.1323195909687,461.564841849849,280.0,227.54911134907903,100.0,1165.803498633311,969.113953198928,23.591476717563026,-3.68391286208907,7,62,23,DI Citameng III,FL,5,2020
680.8999999999999,506.52417555061646,241.12436854559212,483.5317343632812,280.0,254.68867511020898,100.0,1187.4241755506164,1018.2204094734902,24.426324089930453,-5.307879443467559,12,74,23,DI Citameng III,FL,5,2021
603.0,417.86507851718017,161.87167231081077,483.9877071344181,280.0,88.19298421244123,100.0,1020.8650785171801,852.1806913468594,18.524504500524632,-5.376841134824366,11,69,15,DI Citameng III,FL,5,2022
586.4,514.3705660691323,177.26636978562848,502.4581738478009,280.0,149.0847580870141,100.0,1100.7705660691322,931.542931934815,16.645882123311146,-5.430023370741681,13,73,18,DI Citameng III,FL,5,2023
448.20000000000005,576.1519962138831,178.42999059332422,516.1707450362532,280.0,59.66787550097545,100.0,1024.351996213883,855.8386205372286,12.008468331699904,-3.2506746900181955,11,86,7,DI Citameng III,FL,5,2024
626.4,352.1358609335556,60.40579279681198,469.35694810773924,158.87999999999997,199.5454245956089,0.0,978.5358609335556,827.7823727033481,-9.151965408625552,-33.82219726293358,82,24,17,DI Citameng III,SRI,5,2015
862.8,111.35054298441085,111.35054298441086,434.6130250055429,181.44,186.5724751677696,0.0,974.1505429844108,802.6255001733125,14.798718046060063,-22.60236842201654,31,21,20,DI Citameng III,SRI,5,2016
350.5,435.58081867653067,180.3270920166456,458.27607455901983,161.27999999999997,17.296016039776152,0.0,786.0808186765307,636.852090598796,-8.381321792416184,-33.43928370933365,84,37,4,DI Citameng III,SRI,5,2017
214.1,597.5065743207535,227.02158395556165,492.12312713180836,163.2,4.056946372109657,0.0,811.6065743207536,659.3800735039181,-8.294310828875409,-33.744161177045925,74,44,1,DI Citameng III,SRI,5,2018
383.5,499.71757036753655,126.6916941364469,494.45705022096377,157.92,75.19987752794958,0.0,883.2175703675366,727.5769277489132,-10.683478270700247,-33.728210726151886,86,34,9,DI Citameng III,SRI,5,2019
800.3,228.09798474404542,134.1323195909687,446.4739132794145,174.71999999999997,220.81415402014062,0.0,1028.3979847440453,842.008067299555,10.555887725885368,-31.69946299956545,44,21,23,DI Citameng III,SRI,5,2020
680.8999999999999,362.4117892974035,241.12436854559212,467.836182995758,178.56,250.23856290849466,0.0,1043.3117892974033,896.6347459042527,9.671022291943489,-33.96485651448117,44,34,23,DI Citameng III,SRI,5,2021
603.0,257.6054783848597,161.87167231081077,468.54082522860836,174.71999999999997,68.20144469442252,0.0,860.6054783848597,711.4622699230309,6.745325872784054,-32.00282023792069,46,30,16,DI Citameng III,SRI,5,2022
586.4,364.43236194511,177.26636978562848,486.2689790006708,167.03999999999996,160.5258946165199,0.0,950.83236194511,813.8348736171906,0.5836630512716324,-34.95166141703557,59,28,16,DI Citameng III,SRI,5,2023
448.20000000000005,391.5084877685888,178.42999059332422,499.5917293037846,164.64,34.37362072647246,0.0,839.7084877685888,698.605350030257,-4.837543352590887,-31.70231623110147,68,35,5,DI Citameng III,SRI,5,2024
148.10000000000002,839.0648393287993,284.7845271956427,525.5519745861884,280.0,3.6259858811237144,100.0,987.1648393287993,809.1779604673121,7.214109400427364,-3.887236692210763,10,105,1,DI Citameng III,FL,6,2015
825.3999999999999,357.84058628771083,167.81640569544962,456.9137125121654,280.0,230.75398158881436,100.0,1183.2405862877108,967.6676941009797,19.850283019633572,0.040886161041774116,0,60,21,DI Citameng III,FL,6,2016
180.3,775.0974611517349,296.00968190905303,501.7578860931609,280.0,0.0,100.0,955.3974611517349,781.7578860931609,9.351137652000082,-3.5686195577614717,11,98,0,DI Citameng III,FL,6,2017
110.69999999999999,870.4873114618504,308.1493267907862,529.6323224861511,280.0,0.0,100.0,981.1873114618504,809.6323224861511,7.3452123972698535,-4.87652297518006,10,103,0,DI Citameng III,FL,6,2018
98.8,905.658201680794,273.4800341548125,553.8534981070829,280.0,0.0,100.0,1004.458201680794,833.8534981070829,6.798044004820019,-6.7783560669405825,12,108,0,DI Citameng III,FL,6,2019
483.0,511.9290074202097,192.15906097787376,485.7470557589632,280.0,46.39553606855546,100.0,994.9290074202097,812.1425918275186,17.722786716992402,-5.415212080484514,10,77,7,DI Citameng III,FL,6,2020
651.2,497.12206265623513,238.84391313168248,484.5674109243423,280.0,204.54748923365713,100.0,1148.3220626562352,969.1149001579995,19.547524724843175,-4.889499768644549,11,72,17,DI Citameng III,FL,6,2021
517.2,471.17131735856344,237.14513939840577,488.9827135183325,280.0,30.3934579517789,100.0,988.3713173585635,799.3761714701114,19.714116939369877,-5.722678148458387,5,73,4,DI Citameng III,FL,6,2022
325.29999999999995,728.4526648666072,237.63549679369302,524.1594911780812,280.0,70.25070604898258,100.0,1053.7526648666071,874.4101972270638,10.938555016196688,-3.830569077602915,11,91,11,DI Citameng III,FL,6,2023
319.1,706.5296334487341,281.43775669634067,539.5864985067399,280.0,39.27043636961853,100.0,1025.6296334487342,858.8569348763584,11.803015670753734,-6.095708019631684,7,91,7,DI Citameng III,FL,6,2024
148.10000000000002,686.8145265888909,284.7845271956427,507.60447015358113,159.35999999999999,3.6259858811237144,0.0,834.9145265888909,670.5904560347049,-9.699132194259711,-33.55468731712443,85,44,1,DI Citameng III,SRI,6,2015
825.3999999999999,223.01910920630615,167.81640569544962,441.29311957214685,175.2,225.51980534644002,0.0,1048.419109206306,842.0129249185868,5.705307925080274,-23.205642551368992,46,26,20,DI Citameng III,SRI,6,2016
180.3,629.9677311619396,296.00968190905303,485.1065779973603,158.88,0.0,0.0,810.2677311619395,643.9865779973603,-9.105054120491689,-35.09472640014552,83,42,0,DI Citameng III,SRI,6,2017
110.69999999999999,708.3735839580231,308.1493267907862,511.78726720389477,159.35999999999996,0.0,0.0,819.0735839580232,671.1472672038947,-9.01625108180607,-32.507813539594466,82,46,0,DI Citameng III,SRI,6,2018
98.8,741.7039008934714,273.4800341548125,534.8809237443322,156.95999999999998,0.0,0.0,840.5039008934714,691.8409237443323,-10.710403720221034,-35.13124058451502,89,49,0,DI Citameng III,SRI,6,2019
483.0,382.191369043819,192.15906097787376,469.1792345265161,166.55999999999997,60.11475604465669,0.0,865.191369043819,695.8539905711727,0.7131181881405414,-34.11222229288785,59,32,8,DI Citameng III,SRI,6,2020
651.2,372.0487985255154,238.84391313168248,468.2298805942356,165.59999999999997,229.29105510716514,0.0,1023.2487985255154,863.1209357014008,2.161246491595203,-28.59501272921746,66,31,18,DI Citameng III,SRI,6,2021
517.2,362.57820453098844,237.14513939840577,472.29553615384793,172.79999999999998,48.98743397922336,0.0,879.7782045309884,694.0829701330713,5.873388442614144,-30.896284838883737,56,32,8,DI Citameng III,SRI,6,2022
325.29999999999995,567.9484978620776,237.63549679369302,506.4054340782304,162.71999999999997,58.33481881872215,0.0,893.2484978620776,727.4602528969526,-4.369941806722817,-32.8449742021857,71,36,7,DI Citameng III,SRI,6,2023
319.1,533.8286843164097,281.43775669634067,521.2476556050706,161.28,12.140952145389313,0.0,852.9286843164098,694.6686077504598,-4.996163659460199,-30.048115603340133,78,37,4,DI Citameng III,SRI,6,2024
129.5,892.8553322311227,307.8798099101917,567.1441962804776,280.0,4.167089364818953,100.0,1022.3553322311227,851.3112856452965,6.909616801064934,-6.6493740491545825,10,103,1,DI Citameng III,FL,7,2015
1211.6000000000001,403.3025792643203,258.55338736641374,452.78348639148624,280.0,672.991836883975,100.0,1614.9025792643204,1405.7753232754612,33.871226359274274,6.670060518375608,0,63,39,DI Citameng III,FL,7,2016
349.3,702.5809388203213,275.0941805125447,510.2807073408086,280.0,65.7524813403444,100.0,1051.8809388203213,856.033188681153,15.41458156153442,-0.017894582256404945,1,90,5,DI Citameng III,FL,7,2017
100.5,916.1173485217316,299.1401800707673,562.250041159374,280.0,0.0,100.0,1016.6173485217316,842.250041159374,6.769921634738053,-4.656474315220994,12,106,0,DI Citameng III,FL,7,2018
65.5,984.8852578875342,338.70552084062047,600.338747088516,280.0,0.0,100.0,1050.3852578875342,880.338747088516,6.360922946023472,-5.926088974040105,12,105,0,DI Citameng III,FL,7,2019
480.0,539.8752456202167,222.55615031181,512.4328145411937,280.0,51.75757733269471,100.0,1019.8752456202167,844.1903918738884,13.051914047794149,-4.121116351065838,4,73,4,DI Citameng III,FL,7,2020
533.9000000000001,516.4454322390789,187.12346422995466,506.59328517401354,280.0,88.72893136286386,100.0,1050.345432239079,875.3222165368774,13.802088230870678,-6.632939239072753,9,75,8,DI Citameng III,FL,7,2021
602.8,484.395376541182,199.6976678008946,496.6160585453284,280.0,109.39352668525193,100.0,1087.195376541182,886.0095852305803,16.780157842042254,0.06478585447556817,0,75,12,DI Citameng III,FL,7,2022
183.2,854.2722588418094,274.99978801808857,576.4977641210545,280.0,8.150149847967654,100.0,1037.4722588418094,864.6479139690222,8.37664852715485,-5.394747643939299,13,99,1,DI Citameng III,FL,7,2023
333.5,723.4875923992512,264.2235490018748,568.3001028295848,280.0,36.89486105002475,100.0,1056.9875923992513,885.1949638796095,11.561977271205507,-4.672693125958625,10,88,5,DI Citameng III,FL,7,2024
129.5,721.2361708929119,307.8798099101917,547.1482094241244,159.35999999999999,4.167089364818953,0.0,850.7361708929119,710.6752987889433,-10.417620707231663,-36.19934829868253,88,45,1,DI Citameng III,SRI,7,2015
1211.6000000000001,280.13917364093675,258.55338736641374,436.87221886767463,189.12,664.1027067302687,0.0,1491.7391736409368,1290.0949255979433,18.802864164764863,-12.479620221343655,13,31,40,DI Citameng III,SRI,7,2016
349.3,578.1201020275867,275.0941805125447,491.60734116934077,169.92000000000002,75.04892003761877,0.0,927.4201020275866,736.5762612069597,0.3882835002342205,-30.246865410211473,60,42,7,DI Citameng III,SRI,7,2017
100.5,741.9291068439506,299.1401800707673,542.4568791255838,156.48,0.0,0.0,842.4291068439506,698.9368791255838,-10.58930954428005,-35.47439571760863,90,48,0,DI Citameng III,SRI,7,2018
65.5,816.0111677094583,338.70552084062047,578.8136635707383,156.47999999999996,0.0,0.0,881.5111677094583,735.2936635707383,-11.408013232258844,-35.06463820946812,91,48,0,DI Citameng III,SRI,7,2019
480.0,413.4005872874191,222.55615031181,493.7997375215771,172.32,51.75757733269471,0.0,893.4005872874191,717.8773148542717,-4.098917775303033,-28.95398317203441,66,34,4,DI Citameng III,SRI,7,2020
533.9000000000001,367.2089406355555,187.12346422995466,489.178700862822,170.88,81.60195555289218,0.0,901.1089406355557,741.6606564157141,-3.582378953241781,-30.953607368712493,61,33,8,DI Citameng III,SRI,7,2021
602.8,330.48504858776244,199.6976678008946,478.7426908049638,175.67999999999998,83.49804388857413,0.0,933.2850485877624,737.9207346935378,2.9187638318514297,-28.967745271788196,46,34,9,DI Citameng III,SRI,7,2022
183.2,702.7919512178369,274.99978801808857,555.8785887578882,156.47999999999996,8.150149847967654,0.0,885.9919512178369,720.5087386058558,-8.648715493355688,-34.20352632454359,88,43,1,DI Citameng III,SRI,7,2023
333.5,556.5294468451893,264.2235490018748,548.0206840575266,166.07999999999998,17.754734208300157,0.0,890.0294468451893,731.8554182658269,-2.718967433579961,-34.67511431618009,67,38,5,DI Citameng III,SRI,7,2024
221.7,875.7695972598722,323.51862452331375,602.4402531396836,280.0,25.344213923689402,100.0,1097.4695972598722,907.784467063373,11.032914914959354,-6.057656341795914,4,100,4,DI Citameng III,FL,8,2015
1518.2,377.8526518842207,215.69921866423772,448.74778328791115,280.0,950.9799910729464,100.0,1896.0526518842207,1679.7277743608574,34.93457631343637,4.710574606053394,0,61,57,DI Citameng III,FL,8,2016
551.3000000000001,690.9915481936414,310.37386387297397,528.0224340044042,280.0,223.15307323696697,100.0,1242.2915481936416,1031.1755072413712,19.442381096776746,-1.4669085973017255,2,79,16,DI Citameng III,FL,8,2017
281.50000000000006,833.2564154390052,343.5354507811603,573.9597409720042,280.0,64.31294060195626,100.0,1114.7564154390052,918.2726815739604,10.49813251469494,-4.7881419538242875,6,92,7,DI Citameng III,FL,8,2018
152.39999999999998,946.2765779191518,338.857760309278,638.0056819465558,280.0,6.8608269930891765,100.0,1098.676577919152,924.866508939645,7.669457355528894,-5.857494383165591,11,101,1,DI Citameng III,FL,8,2019
658.1,549.3346031079286,289.89624716141896,522.5145968111308,280.0,187.87693957292535,100.0,1207.4346031079285,990.3915363840562,24.399619425354807,3.6411514886186422,0,68,25,DI Citameng III,FL,8,2020
707.9000000000001,563.2469979075223,304.15259404971124,523.3190368736994,280.0,253.26286940533862,100.0,1271.1469979075223,1056.5819062790379,21.457530825688234,-0.19581762692693427,1,73,22,DI Citameng III,FL,8,2021
820.8999999999999,524.0513899368249,281.2982458610131,506.7888061115209,280.0,341.82507424230295,100.0,1344.9513899368249,1128.6138803538238,25.993958592237327,0.16586279144280347,0,70,36,DI Citameng III,FL,8,2022
206.5,896.9797534468851,298.36722740791805,624.8644613606007,280.0,26.315409992671015,100.0,1103.479753446885,931.1798713532717,6.335372382176008,-6.338477417120856,9,101,1,DI Citameng III,FL,8,2023
424.5,734.9956374573544,306.6240279947335,598.2712428931383,280.0,68.48511723255885,100.0,1159.4956374573544,946.7563601256971,14.430676954171897,-4.298329113696692,2,87,5,DI Citameng III,FL,8,2024
221.7,735.7920121795757,323.51862452331375,580.1511406623923,163.68,28.894545594985402,0.0,957.4920121795758,772.7256862573777,-5.408655093883424,-32.15900222727701,79,47,6,DI Citameng III,SRI,8,2015
1518.2,249.47949571417305,215.69921866423772,433.73649535012026,192.0,933.1127726694717,0.0,1767.679495714173,1558.849268019592,24.574103203922785,-2.5879732563037687,5,29,57,DI Citameng III,SRI,8,2016
551.3000000000001,536.4410990481713,310.37386387297397,509.1934148760715,177.60000000000002,198.16033644597317,0.0,1087.7410990481712,884.9537513220446,5.523155669964599,-23.59173008466857,44,40,13,DI Citameng III,SRI,8,2017
281.50000000000006,703.4044476971985,343.5354507811603,552.988932353137,166.07999999999998,75.98883794920414,0.0,984.9044476971985,795.057770302341,-4.648860855528968,-29.201645096942475,79,46,7,DI Citameng III,SRI,8,2018
152.39999999999998,768.7488757682238,338.857760309278,614.6663619273268,160.32,3.8436425697091394,0.0,921.1488757682238,778.8300044970358,-8.337845319865666,-29.998505914306225,88,49,1,DI Citameng III,SRI,8,2019
658.1,422.45119735243895,289.89624716141896,503.9844105301095,184.32,185.20372009845707,0.0,1080.551197352439,873.5081306285666,12.620355835932225,-22.830516502801657,27,35,24,DI Citameng III,SRI,8,2020
707.9000000000001,435.0076709385176,304.15259404971124,504.5914996529042,177.6,256.15107965712895,0.0,1142.9076709385176,938.3425793100332,4.223544084870342,-29.427173356299154,48,36,21,DI Citameng III,SRI,8,2021
820.8999999999999,374.1617711262288,281.2982458610131,489.32003914779926,187.67999999999998,311.72422239542857,0.0,1195.0617711262287,988.7242615432278,15.54822835210288,-21.77890467198604,18,35,29,DI Citameng III,SRI,8,2022
206.5,744.8706894530176,298.36722740791805,601.6289838585421,158.88,26.315409992671015,0.0,951.3706894530176,786.8243938512131,-10.500035728852119,-32.05034831483241,93,48,1,DI Citameng III,SRI,8,2023
424.5,573.3936493344859,306.6240279947335,576.569418643192,169.92000000000002,47.24182592550175,0.0,997.8936493344859,793.7312445686938,-1.5697361454234415,-29.93339038115626,69,41,7,DI Citameng III,SRI,8,2024
643.0,748.230869905223,340.61442690335514,590.5027404887562,280.0,312.9639821551233,100.0,1391.230869905223,1183.4667226438796,20.32549982118692,-2.0846357960469195,1,84,18,DI Citameng III,FL,9,2015
1961.3999999999999,363.5850780668459,220.93013389543702,447.06866256968544,280.0,1383.5679067731921,100.0,2324.9850780668457,2110.6365693428775,38.49510012392323,4.587606097744285,0,59,84,DI Citameng III,FL,9,2016
697.1999999999999,591.6523803388983,347.44845272738354,519.3190777909649,280.0,279.59373339299634,100.0,1288.8523803388982,1078.9128111839614,28.264825472374245,0.8657920512020683,0,71,29,DI Citameng III,FL,9,2017
606.0999999999998,708.4299866709586,346.3785151013364,570.1651581271626,280.0,263.57216215451825,100.0,1314.5299866709584,1113.737320281681,17.834578902281823,-0.9307400176555021,3,79,20,DI Citameng III,FL,9,2018
493.5,794.9929125316662,354.59614959615647,643.5107417453033,280.0,159.1246527341168,100.0,1288.4929125316662,1082.63539447942,17.772585655401798,-2.230719433793414,2,86,14,DI Citameng III,FL,9,2019
928.5,488.7137562991675,274.8411595253135,515.883058744465,280.0,411.24519749022295,100.0,1417.2137562991675,1207.1282562346878,34.21015261573595,6.912379556955563,0,68,50,DI Citameng III,FL,9,2020
985.8999999999999,465.31637103571643,275.91031714726995,520.9118006177946,280.0,436.8377689968974,100.0,1451.2163710357163,1237.749569614692,26.650730662377715,-1.2105084345320325,1,64,35,DI Citameng III,FL,9,2021
1049.0,439.1380612654688,297.6268399786799,514.1524795471413,280.0,486.14551767743217,100.0,1488.1380612654689,1280.2979972245735,34.50162106465677,4.695553065928377,0,63,51,DI Citameng III,FL,9,2022
302.09999999999997,825.1173859759766,342.95220587937354,647.7393184033483,280.0,28.965029718650506,100.0,1127.2173859759766,956.7043481219988,11.726545220209703,-4.967284535543452,3,90,5,DI Citameng III,FL,9,2023
700.0,625.2847419643956,352.4411502848376,592.2169936251679,280.0,248.73117856733074,100.0,1325.2847419643956,1120.9481721924985,24.615687624595726,-0.9551640679744278,1,74,34,DI Citameng III,FL,9,2024
643.0,608.0319065809582,340.61442690335514,569.4704632030509,176.64,307.15729611656377,0.0,1251.031906580958,1053.2677593196147,5.585047300032133,-29.119970023302045,51,44,22,DI Citameng III,SRI,9,2015
1961.3999999999999,248.92360782556221,220.93013389543702,432.71524872924897,192.0,1381.259850372345,0.0,2210.3236078255622,2005.975099101594,28.959370662960712,-5.009321304306898,4,28,81,DI Citameng III,SRI,9,2016
697.1999999999999,451.83924525188377,347.44845272738354,502.39891857840325,189.11999999999998,257.5807575185434,0.0,1149.0392452518836,949.0996760969467,18.007891588240973,-11.98235145739657,18,39,28,DI Citameng III,SRI,9,2017
606.0999999999998,557.7825217828457,346.3785151013364,550.6474441172725,174.72,245.2028527944694,0.0,1163.8825217828455,970.5702969117419,4.346261620649833,-24.11568931179714,53,41,20,DI Citameng III,SRI,9,2018
493.5,656.8617544230783,354.59614959615647,620.8278329841646,170.88,162.79640338666746,0.0,1150.3617544230783,954.5042363708321,1.1116877033640045,-30.02395730499444,63,45,16,DI Citameng III,SRI,9,2019
928.5,363.5684830637829,274.8411595253135,498.7483522173162,192.0,400.3940991743113,0.0,1292.0684830637829,1091.1424513916274,23.817510972263836,-5.533689156354082,8,36,45,DI Citameng III,SRI,9,2020
985.8999999999999,332.98667174230684,275.91031714726995,503.0284647845292,182.88,429.5114055367533,0.0,1318.8866717423066,1115.4198703212824,14.803308401913657,-22.341963471716113,28,31,42,DI Citameng III,SRI,9,2021
1049.0,308.37527790954766,297.6268399786799,497.1703993036472,192.0,469.53008268507,0.0,1357.3752779095475,1158.7004819887172,25.678910148092154,-3.8554177705437547,5,31,47,DI Citameng III,SRI,9,2022
302.09999999999997,679.4389816863084,342.95220587937354,624.7735202210351,163.68,42.9870289935638,0.0,981.5389816863083,831.4405492145991,-5.046823773204795,-30.325685799226363,77,46,7,DI Citameng III,SRI,9,2023
700.0,505.3115580834919,352.4411502848376,571.7279764485077,182.88,255.85503480342302,0.0,1205.311558083492,1010.4630112519307,12.630861393389635,-28.75843925428618,30,37,30,DI Citameng III,SRI,9,2024
925.5999999999999,630.837701121031,350.64431629166353,578.358741424866,280.0,507.25752986030034,100.0,1556.4377011210308,1365.6162712851665,28.030151697784202,5.111167342583919,0,72,38,DI Citameng III,FL,10,2015
1987.1,245.98489454349038,145.98489454349036,446.44042399733246,280.0,1293.0253990288397,100.0,2233.0848945434905,2019.465823026172,40.72663511132985,4.6937945664495055,0,47,84,DI Citameng III,FL,10,2016
888.4000000000001,426.1446179111593,299.676505464048,507.93343065448437,280.0,329.95546282627515,100.0,1314.5446179111593,1117.8888934807596,33.71016132219248,2.556046088658027,0,60,34,DI Citameng III,FL,10,2017
882.8000000000002,580.7032919545003,332.65045155617247,555.5047235629482,280.0,423.148935899922,100.0,1463.5032919545006,1258.65365946287,26.98016984459574,3.545707503230167,0,71,32,DI Citameng III,FL,10,2018
817.0,641.1795691855722,356.98311479913156,621.8197840089131,280.0,368.05312677690733,100.0,1458.1795691855723,1269.8729107858203,27.353613498398946,-0.06514006116471815,1,74,34,DI Citameng III,FL,10,2019
1274.4,421.3959182481083,293.23802354192304,495.6268324469214,280.0,720.4160679191243,100.0,1695.7959182481084,1496.0429003660456,37.72981867008674,5.242105293814789,0,61,66,DI Citameng III,FL,10,2020
1238.0,442.035864997113,223.5912471550043,517.9731802090004,280.0,673.7759956621892,100.0,1680.035864997113,1471.7491758711894,32.85640995718476,4.0059055662392415,0,63,66,DI Citameng III,FL,10,2021
1239.3,333.6671659836533,233.66716598365332,505.6053424023254,280.0,604.4704316328687,100.0,1572.9671659836533,1390.0757740351942,39.68591598030165,10.274142830049495,0,55,63,DI Citameng III,FL,10,2022
637.9,704.2454745257207,362.3400506235128,644.4395885169063,280.0,219.02271376032763,100.0,1342.1454745257206,1143.462302277234,21.364103141276125,-1.137556193561375,3,79,24,DI Citameng III,FL,10,2023
906.2,532.3379800865898,278.3646830596472,561.536956022974,280.0,392.8249273680687,100.0,1438.5379800865899,1234.3618833910427,31.25233192236114,5.252170884352563,0,66,51,DI Citameng III,FL,10,2024
925.5999999999999,504.5784027500511,350.64431629166353,560.3374061980631,187.2,498.467904845279,0.0,1430.178402750051,1246.005311043342,17.184921182596142,-25.12375365666165,22,39,36,DI Citameng III,SRI,10,2015
1987.1,145.98489454349036,145.98489454349036,431.6317212698815,192.0,1305.0013474589587,0.0,2133.0848945434905,1928.63306872884,32.19714344711082,1.311624273191275,0,17,85,DI Citameng III,SRI,10,2016
888.4000000000001,299.676505464048,299.676505464048,491.7521887354495,190.56,312.450540772508,0.0,1188.076505464048,994.7627295079576,23.325484608842217,-9.575484177299234,8,27,38,DI Citameng III,SRI,10,2017
882.8000000000002,435.0938264282014,332.65045155617247,538.1460522648114,186.72,398.17814167175993,0.0,1317.8938264282015,1123.0441939365714,17.249171249761492,-11.564417441798795,24,38,37,DI Citameng III,SRI,10,2018
817.0,505.86301847503364,356.98311479913156,601.5461672207329,184.79999999999998,352.323071548483,0.0,1322.8630184750336,1138.6692387692158,14.090464097303796,-26.445494174533774,29,39,33,DI Citameng III,SRI,10,2019
1274.4,293.238023541923,293.23802354192304,480.0921606694526,192.0,702.4566681711375,0.0,1567.638023541923,1374.54882884059,27.768548047822424,-0.41088032025397503,2,29,61,DI Citameng III,SRI,10,2020
1238.0,302.39706226885966,223.5912471550043,501.297700164316,192.0,645.7932221204222,0.0,1540.3970622688596,1339.090922284738,22.76101226037009,-5.088724207007746,10,30,65,DI Citameng III,SRI,10,2021
1239.3,233.66716598365332,233.66716598365332,489.19016607739934,192.0,611.336497229531,0.0,1472.9671659836533,1292.5266633069305,30.861818845117625,6.167722422144257,0,25,69,DI Citameng III,SRI,10,2022
637.9,559.685753903797,362.3400506235128,623.0608694487091,176.16,209.68171220660108,0.0,1197.585753903797,1008.9025816553102,4.887654604399284,-28.226782368750392,53,40,22,DI Citameng III,SRI,10,2023
906.2,386.7405911496917,278.3646830596472,543.8202143669939,189.12,365.8242800871507,0.0,1292.9405911496917,1098.7644944541446,20.01495753417933,-21.229699069805218,18,32,47,DI Citameng III,SRI,10,2024
1525.9,462.2010403227493,335.2398964236241,532.5841199928179,280.0,983.5599686924447,100.0,1988.1010403227494,1796.1440886852627,37.88955553591192,6.338856100874794,0,61,66,DI Citameng III,FL,11,2015
1863.2000000000003,197.65631427802896,82.95631427802893,441.97302685021043,280.0,1125.3675132551832,100.0,2060.8563142780295,1847.3405401053938,39.52574776355949,14.897606731826972,0,43,80,DI Citameng III,FL,11,2016
973.9,355.3548787834204,211.59521028756873,477.4182700686937,280.0,371.7555766406193,100.0,1329.2548787834203,1129.173846709313,36.198509775638755,-1.514085232365149,1,57,45,DI Citameng III,FL,11,2017
1316.3,428.20815817202475,311.5081581720246,525.9601285232652,280.0,736.1551706450778,100.0,1744.5081581720247,1542.115299168343,36.94287848884677,9.42274198359201,0,61,55,DI Citameng III,FL,11,2018
1269.6,497.824522325563,339.5589709925365,573.745447129564,280.0,717.9201834219327,100.0,1767.424522325563,1571.6656305514966,37.110627113625995,3.3551106813600278,0,64,67,DI Citameng III,FL,11,2019
1490.8,241.02653631850143,141.02653631850143,453.8842189471411,280.0,783.3202730713299,100.0,1731.8265363185014,1517.204492018471,38.13744423876436,4.6679772071049435,0,49,70,DI Citameng III,FL,11,2020
1290.5,363.16632765874675,263.16632765874675,513.4443960353665,280.0,660.7276631247321,100.0,1653.6663276587467,1454.1720591600986,39.69402780387952,5.271436659847222,0,58,60,DI Citameng III,FL,11,2021
1371.3,257.43243737569065,140.73243737569064,479.45982556687756,280.0,654.3091831629403,100.0,1628.7324373756906,1413.7690087298179,39.12635017113167,7.110929192835474,0,51,71,DI Citameng III,FL,11,2022
851.1999999999998,542.7581428688916,344.4706465816325,609.9270826986187,280.0,313.9587186311917,100.0,1393.9581428688914,1203.8858013298104,28.55883812363894,-1.137556193561375,1,68,35,DI Citameng III,FL,11,2023
989.9999999999999,423.6770539927246,312.87953127006085,542.6624846899699,280.0,405.1506559500002,100.0,1413.6770539927245,1227.8131406399702,35.76458963251755,-3.3975227226636813,1,60,51,DI Citameng III,FL,11,2024
1525.9,350.50538543265895,335.2398964236241,516.227135178698,192.0,985.3828476663458,0.0,1876.405385432659,1693.6099828450438,28.92635162809839,-5.465489009034858,2,30,64,DI Citameng III,SRI,11,2015
1863.2000000000003,82.95631427802894,82.95631427802893,426.6605327670337,192.0,1119.0631756043283,0.0,1946.1563142780292,1737.7237083713621,30.044166075277573,1.0283234968583876,0,12,78,DI Citameng III,SRI,11,2016
973.9,226.8040225071467,211.59521028756873,462.3170396351462,191.03999999999996,354.7430886025689,0.0,1200.7040225071466,1008.1001282377151,24.964090232551353,-8.163564797187409,7,25,43,DI Citameng III,SRI,11,2017
1316.3,311.50815817202465,311.5081581720246,509.4722165900441,192.0,733.9430825782988,0.0,1627.8081581720246,1435.415299168343,28.64292953072815,-3.931938630106921,4,30,55,DI Citameng III,SRI,11,2018
1269.6,363.5975619950729,339.5589709925365,555.9372084083495,191.51999999999998,699.981461812657,0.0,1633.1975619950729,1447.4386702210065,27.45592559255727,-7.430843550105356,4,32,66,DI Citameng III,SRI,11,2019
1490.8,141.02653631850143,141.02653631850143,439.48065932841513,192.0,795.7238326900557,0.0,1631.8265363185014,1427.2044920184708,31.19375056766453,10.527700205054403,0,19,76,DI Citameng III,SRI,11,2020
1290.5,263.1663276587467,263.16632765874675,496.6415357370806,192.0,668.8667589437389,0.0,1553.6663276587467,1357.5082946808195,31.038065306259384,6.099442237472497,0,28,59,DI Citameng III,SRI,11,2021
1371.3,151.5450993896278,140.73243737569064,463.1218108358405,192.0,662.7598599079145,0.0,1522.8450993896276,1317.881670743755,29.857158802804598,-2.312662013937162,1,21,72,DI Citameng III,SRI,11,2022
851.1999999999998,377.55025236204466,344.4706465816325,590.7443569887539,188.16,268.93052181386844,0.0,1228.7502523620444,1047.8348788026224,18.20436955029977,-27.99467109512851,16,33,32,DI Citameng III,SRI,11,2023
989.9999999999999,312.8795312700609,312.87953127006085,526.5411422375497,191.51999999999998,398.4787717564834,0.0,1302.8795312700609,1116.5399139940332,28.307840630780657,-5.684028379105829,3,29,51,DI Citameng III,SRI,11,2024
1960.4,306.08377067658273,193.74641163576217,482.3676051821802,280.0,1292.7226272660048,100.0,2266.483770676583,2055.090232448185,39.09932730400012,4.549301113795657,0,55,79,DI Citameng III,FL,12,2015
1690.1,187.9254415049615,87.92544150496148,460.82137783131395,280.0,921.3777401001145,100.0,1878.0254415049615,1662.1991179314284,40.69493125576055,6.08429194352968,0,45,78,DI Citameng III,FL,12,2016
1157.4,316.8068956731761,160.77430321523065,471.33998697412017,280.0,510.71028646495085,100.0,1474.2068956731762,1262.0502734390711,35.74228298931514,4.5196290654723725,0,55,54,DI Citameng III,FL,12,2017
1515.8999999999999,292.7587149639138,173.85871496391377,492.30760834208047,280.0,829.5240120535466,100.0,1808.6587149639136,1601.831620395627,40.680393800003955,10.383100675462602,0,54,70,DI Citameng III,FL,12,2018
1602.8000000000002,356.8554416104506,256.8554416104506,520.5762127625543,280.0,954.9154017765121,100.0,1959.655441610451,1755.4916145390664,41.13598885351499,6.658066735757021,0,57,74,DI Citameng III,FL,12,2019
1470.1,237.7706103406647,137.77061034066463,452.4464983787225,280.0,761.9855874219056,100.0,1707.8706103406646,1494.432085800628,41.26941114909405,11.82708880608864,0,53,72,DI Citameng III,FL,12,2020
1485.6,183.9449763240661,83.9449763240661,491.07309600618146,280.0,681.1915129826775,100.0,1669.544976324066,1452.264608988859,40.81179985633526,15.958592092137005,0,47,69,DI Citameng III,FL,12,2021
1320.9,223.22561952477514,123.2256195247751,481.6852469406265,280.0,591.0729023284622,100.0,1544.1256195247752,1352.7581492690888,40.63744772853062,11.356979068886512,0,48,73,DI Citameng III,FL,12,2022
1083.2,405.36088759878686,240.33210525538124,565.3467926984817,280.0,456.69660632982885,100.0,1488.5608875987868,1302.0433990283107,33.413904597796716,4.843722054125355,0,62,49,DI Citameng III,FL,12,2023
1199.7999999999997,199.38338560683695,99.38338560683698,508.5669953568419,280.0,403.72327324284413,100.0,1399.1833856068367,1192.290268599686,41.311138455367555,6.134063204472235,0,48,69,DI Citameng III,FL,12,2024
1960.4,193.7464116357622,193.74641163576217,466.59742661421853,192.0,1294.155446793146,0.0,2154.1464116357624,1952.7528734073644,30.126849891544918,6.218119914649168,0,24,80,DI Citameng III,SRI,12,2015
1690.1,87.92544150496148,87.92544150496148,445.0791467152983,192.0,933.4520264096329,0.0,1778.0254415049615,1570.5311731249312,30.973554021676335,6.915140538148198,0,15,78,DI Citameng III,SRI,12,2016
1157.4,186.8988085246748,160.77430321523065,455.360781557832,192.0,493.0043123073712,0.0,1344.2988085246748,1140.3650938652033,25.716184077371764,-4.266986644076151,4,23,55,DI Citameng III,SRI,12,2017
1515.8999999999999,185.3151436725053,173.85871496391377,475.64799794060605,192.0,832.3262317732465,0.0,1701.215143672505,1499.9742297138525,31.419891576391727,-3.6564287085914944,1,24,71,DI Citameng III,SRI,12,2018
1602.8000000000002,256.8554416104506,256.8554416104506,504.3141776716426,192.0,969.1774368674237,0.0,1859.655441610451,1665.4916145390662,32.513072725568975,7.497095777977249,0,27,80,DI Citameng III,SRI,12,2019
1470.1,137.77061034066466,137.77061034066463,438.1557794631291,192.0,773.5526444326019,0.0,1607.8706103406646,1403.708423895731,32.780771085731445,12.657513669394692,0,23,72,DI Citameng III,SRI,12,2020
1485.6,83.94497632406612,83.9449763240661,474.32847367626425,192.0,695.9361353125946,0.0,1569.544976324066,1362.264608988859,31.39064022498625,18.314525557564235,0,17,74,DI Citameng III,SRI,12,2021
1320.9,123.22561952477511,123.2256195247751,466.42694573582037,192.0,595.0739854883961,0.0,1444.1256195247752,1253.5009312242164,30.529580278371622,7.260245934897121,0,18,71,DI Citameng III,SRI,12,2022
1083.2,255.66321411399426,240.33210525538124,546.9166084048904,190.07999999999998,419.9002602320373,0.0,1338.8632141139942,1156.8968686369276,25.43887837678055,-18.73907882115757,7,28,45,DI Citameng III,SRI,12,2023
1199.7999999999997,99.38338560683698,99.38338560683698,491.77000146208576,191.51999999999998,416.0599519832265,0.0,1299.1833856068367,1099.3499534453122,29.412198079986673,-5.071269046111883,2,18,66,DI Citameng III,SRI,12,2024
