id_petak,rezim,hari,tanggal,fase,tma,irigasi,etc,perkolasi,limpasan,hujan_mm
P01,FL,1,2026-05-15,awal,15.265893052103122,0.0,3.936,0.7981069478968782,0.0,0.0
P01,FL,2,2026-05-16,awal,11.537702286566413,0.0,3.119,0.609190765536709,0.0,0.0
P01,FL,3,2026-05-17,awal,10.773541830716617,0.0,2.896,0.5681604558497962,0.0,2.7
P01,FL,4,2026-05-18,awal,14.198310865306627,0.0,3.154,0.7212309654099898,0.0,7.3
P01,FL,5,2026-05-19,awal,10.75472233780658,0.0,2.877,0.5665885275000477,0.0,0.0
P01,FL,6,2026-05-20,awal,13.339166648714835,0.0,3.227,0.6885556890917448,0.0,6.5
P01,FL,7,2026-05-21,awal,11.70197615276634,0.0,2.257,0.5801904959484939,0.0,1.2
P01,FL,8,2026-05-22,awal,40.27518505671727,0.0,3.219,1.8077910960490753,0.0,33.6
P01,FL,9,2026-05-23,awal,50.0,0.0,2.34,3.3151441195792475,27.420040937138012,42.8
P01,FL,10,2026-05-24,awal,43.6307326302578,0.0,4.374,1.9952673697421954,0.0,0.0
P01,FL,11,2026-05-25,awal,42.20689811485025,0.0,2.371,1.852834515407552,0.0,2.8
P01,FL,12,2026-05-26,awal,38.0326361136394,0.0,2.682,1.6922620012108505,0.0,0.2
P01,FL,13,2026-05-27,awal,33.28893055718293,0.0,3.226,1.5177055564564663,0.0,0.0
P01,FL,14,2026-05-28,awal,28.16152421889571,0.0,3.799,1.3284063382872195,0.0,0.0
P01,FL,15,2026-05-29,awal,22.758728811772368,0.0,4.279,1.1237954071233436,0.0,0.0
P01,FL,16,2026-05-30,awal,18.79853383227355,0.0,3.052,0.9081949794988194,0.0,0.0
P01,FL,17,2026-05-31,awal,13.880371809182947,0.0,4.168,0.7501620230906023,0.0,0.0
P01,FL,18,2026-06-01,awal,10.357470750167902,0.0,2.969,0.5539010590150435,0.0,0.0
P01,FL,19,2026-06-02,awal,5.3551522817505175,0.0,4.589,0.4133184684173847,0.0,0.0
P01,FL,20,2026-06-03,awal,15.71989305210312,13.744847718249481,3.482,0.7981069478968782,0.0,0.9
P01,FL,21,2026-06-04,pertumbuhan,10.851585258849152,0.0,4.241,0.6273077932539681,0.0,0.0
P01,FL,22,2026-06-05,pertumbuhan,6.513548979310009,0.0,3.905,0.4330362795391426,0.0,0.0
P01,FL,23,2026-06-06,pertumbuhan,13.829893052103122,13.48645102068999,5.372,0.7981069478968782,0.0,0.0
P01,FL,24,2026-06-07,pertumbuhan,9.545006365425408,0.0,3.733,0.5518866866777132,0.0,0.0
P01,FL,25,2026-06-08,pertumbuhan,16.186893052103123,10.454993634574592,3.015,0.7981069478968782,0.0,0.0
P01,FL,26,2026-06-09,pertumbuhan,11.367949461615762,0.0,4.173,0.6459435904873603,0.0,0.0
P01,FL,27,2026-06-10,pertumbuhan,7.015307489182956,0.0,3.899,0.45364197243280574,0.0,0.0
P01,FL,28,2026-06-11,pertumbuhan,15.65589305210312,12.984692510817045,3.546,0.7981069478968782,0.0,0.0
P01,FL,29,2026-06-12,pertumbuhan,11.030139201082422,0.0,4.001,0.6247538510206981,0.0,0.0
P01,FL,30,2026-06-13,pertumbuhan,6.4219776644497415,0.0,4.168,0.4401615366326801,0.0,0.0
P01,FL,31,2026-06-14,pertumbuhan,15.794893052103122,13.578022335550259,3.407,0.7981069478968782,0.0,0.0
P01,FL,32,2026-06-15,pertumbuhan,10.83259235779454,0.0,4.332,0.6303006943085815,0.0,0.0
P01,FL,33,2026-06-16,pertumbuhan,5.531313996570018,0.0,4.869,0.4322783612245224,0.0,0.0
P01,FL,34,2026-06-17,pertumbuhan,16.374893052103122,14.368686003429982,2.827,0.7981069478968782,0.0,0.1
P01,FL,35,2026-06-18,pertumbuhan,11.32844725630553,0.0,4.393,0.6534457957975909,0.0,0.0
P01,FL,36,2026-06-19,pertumbuhan,26.38328415046213,0.0,3.791,1.254163105843401,0.0,20.1
P01,FL,37,2026-06-20,pertumbuhan,21.44245003102106,0.0,3.888,1.0528341194410706,0.0,0.0
P01,FL,38,2026-06-21,pertumbuhan,16.460781613536582,0.0,4.126,0.855668417484477,0.0,0.0
P01,FL,39,2026-06-22,pertumbuhan,10.758908404857745,0.0,5.045,0.6568732086788366,0.0,0.0
P01,FL,40,2026-06-23,pertumbuhan,5.505570427372591,0.0,4.824,0.4293379774851543,0.0,0.0
P01,FL,41,2026-06-24,pertumbuhan,14.795893052103121,14.494429572627409,4.406,0.7981069478968782,0.0,0.0
P01,FL,42,2026-06-25,pertumbuhan,10.130457799841988,0.0,4.075,0.5904352522611324,0.0,0.0
P01,FL,43,2026-06-26,pertumbuhan,7.1832551536335805,0.0,3.119,0.428202646208407,0.0,0.6
P01,FL,44,2026-06-27,pertumbuhan,8.271153846411934,0.0,4.194,0.5181013072216455,0.0,5.8
P01,FL,45,2026-06-28,pertumbuhan,50.0,0.0,3.204,2.64058288175873,10.326570964653193,57.9
P01,FL,46,2026-06-29,pertumbuhan,43.0727326302578,0.0,4.932,1.9952673697421954,0.0,0.0
P01,FL,47,2026-06-30,pertumbuhan,36.367900271402135,0.0,4.986,1.7188323588556664,0.0,0.0
P01,FL,48,2026-07-01,pertumbuhan,30.206626577050795,0.0,4.71,1.4512736943513402,0.0,0.0
P01,FL,49,2026-07-02,pertumbuhan,24.158220649867257,0.0,4.843,1.2054059271835367,0.0,0.0
P01,FL,50,2026-07-03,pertumbuhan,18.491178462393012,0.0,4.703,0.9640421874742446,0.0,0.0
P01,FL,51,2026-07-04,reproduktif,16.157470867321475,0.0,3.516,0.8177075950715366,0.0,2.0
P01,FL,52,2026-07-05,reproduktif,10.969701379338941,0.0,4.543,0.6447694879825334,0.0,0.0
P01,FL,53,2026-07-06,reproduktif,7.228951634978722,0.0,3.303,0.43774974436021885,0.0,0.0
P01,FL,54,2026-07-07,reproduktif,2.476477808684371,0.0,4.464,0.28847382629435075,0.0,0.0
P01,FL,55,2026-07-08,reproduktif,9.719722675851465,0.0,3.507,0.5497551328329079,0.0,11.3
P01,FL,56,2026-07-09,reproduktif,4.74285376589007,0.0,4.589,0.3878689099613945,0.0,0.0
P01,FL,57,2026-07-10,reproduktif,4.045946526051561,5.25714623410993,5.555,0.3990534739484391,0.0,0.0
P01,FL,58,2026-07-11,reproduktif,4.775946526051561,5.954053473948439,4.825,0.3990534739484391,0.0,0.0
P01,FL,59,2026-07-12,reproduktif,5.190946526051561,5.224053473948439,4.41,0.3990534739484391,0.0,0.0
P01,FL,60,2026-07-13,reproduktif,12.53597369392535,0.0,4.353,0.7019728321262101,0.0,12.4
P01,FL,61,2026-07-14,reproduktif,7.929721308736633,0.0,4.106,0.5002523851887157,0.0,0.0
P01,FL,62,2026-07-15,reproduktif,3.5672830251672014,0.0,4.046,0.31643828356943166,0.0,0.0
P01,FL,63,2026-07-16,reproduktif,4.456946526051561,6.432716974832799,5.144,0.3990534739484391,0.0,0.0
P01,FL,64,2026-07-17,reproduktif,4.432946526051561,5.543053473948439,5.168,0.3990534739484391,0.0,0.0
P01,FL,65,2026-07-18,reproduktif,3.842946526051561,5.567053473948439,5.758,0.3990534739484391,0.0,0.0
P01,FL,66,2026-07-19,reproduktif,4.530946526051561,6.157053473948439,5.07,0.3990534739484391,0.0,0.0
P01,FL,67,2026-07-20,reproduktif,5.272946526051561,5.469053473948439,4.328,0.3990534739484391,0.0,0.0
P01,FL,68,2026-07-21,reproduktif,-0.3784722368649618,0.0,5.441,0.2104187629165229,0.0,0.0
P01,FL,69,2026-07-22,reproduktif,3.8999465260515613,10.378472236864962,5.701,0.3990534739484391,0.0,0.0
P01,FL,70,2026-07-23,reproduktif,4.738946526051561,6.100053473948439,4.862,0.3990534739484391,0.0,0.0
P01,FL,71,2026-07-24,reproduktif,3.0039465260515605,5.261053473948439,6.597,0.3990534739484391,0.0,0.0
P01,FL,72,2026-07-25,reproduktif,4.159946526051561,6.9960534739484395,5.441,0.3990534739484391,0.0,0.0
P01,FL,73,2026-07-26,reproduktif,3.6449465260515606,5.840053473948439,5.956,0.3990534739484391,0.0,0.0
P01,FL,74,2026-07-27,reproduktif,3.510946526051561,6.3550534739484394,6.09,0.3990534739484391,0.0,0.0
P01,FL,75,2026-07-28,reproduktif,3.7669465260515613,6.489053473948439,5.834,0.3990534739484391,0.0,0.0
P01,FL,76,2026-07-29,reproduktif,4.283946526051561,6.233053473948439,5.317,0.3990534739484391,0.0,0.0
P01,FL,77,2026-07-30,reproduktif,3.916946526051561,5.716053473948439,5.684,0.3990534739484391,0.0,0.0
P01,FL,78,2026-07-31,reproduktif,4.070946526051561,6.083053473948439,5.53,0.3990534739484391,0.0,0.0
P01,FL,79,2026-08-01,reproduktif,4.220946526051561,5.929053473948439,5.38,0.3990534739484391,0.0,0.0
P01,FL,80,2026-08-02,reproduktif,4.582946526051561,5.779053473948439,5.018,0.3990534739484391,0.0,0.0
P01,FL,81,2026-08-03,reproduktif,3.629946526051561,5.417053473948439,5.971,0.3990534739484391,0.0,0.0
P01,FL,82,2026-08-04,reproduktif,4.288946526051561,6.370053473948439,5.312,0.3990534739484391,0.0,0.0
P01,FL,83,2026-08-05,reproduktif,4.226946526051561,5.711053473948439,5.374,0.3990534739484391,0.0,0.0
P01,FL,84,2026-08-06,reproduktif,3.794946526051561,5.773053473948439,5.806,0.3990534739484391,0.0,0.0
P01,FL,85,2026-08-07,reproduktif,3.342946526051561,6.205053473948439,6.258,0.3990534739484391,0.0,0.0
P01,FL,86,2026-08-08,reproduktif,5.030946526051561,6.657053473948439,4.57,0.3990534739484391,0.0,0.0
P01,FL,87,2026-08-09,reproduktif,-0.7188151427954104,0.0,5.549,0.20076166884697066,0.0,0.0
P01,FL,88,2026-08-10,reproduktif,3.763946526051561,10.71881514279541,5.837,0.3990534739484391,0.0,0.0
P01,FL,89,2026-08-11,reproduktif,3.643946526051561,6.236053473948439,5.957,0.3990534739484391,0.0,0.0
P01,FL,90,2026-08-12,reproduktif,3.9059465260515607,6.356053473948439,5.695,0.3990534739484391,0.0,0.0
P01,FL,91,2026-08-13,pemasakan,-1.6159216269762107,0.0,5.366,0.15586815302777127,0.0,0.0
P01,FL,92,2026-08-14,pemasakan,3.781946526051561,11.61592162697621,5.819,0.3990534739484391,0.0,0.0
P01,FL,93,2026-08-15,pemasakan,-2.6709733638992494,0.0,6.302,0.15091988995081063,0.0,0.0
P01,FL,94,2026-08-16,pemasakan,3.680946526051561,12.67097336389925,5.92,0.3990534739484391,0.0,0.0
P01,FL,95,2026-08-17,pemasakan,-2.902942923812371,0.0,6.437,0.1468894498639314,0.0,0.0
P01,FL,96,2026-08-18,pemasakan,-4.0967402980706416,0.0,4.958,0.03579737425827029,0.0,3.8
P01,FL,97,2026-08-19,pemasakan,5.158946526051561,10.296740298070642,4.442,0.3990534739484391,0.0,3.8
P01,FL,98,2026-08-20,pemasakan,0.1570769727380501,0.0,4.796,0.20586955331351067,0.0,0.0
P01,FL,99,2026-08-21,pemasakan,-5.598191238426792,0.0,5.749,0.006268211164842315,0.0,0.0
P01,FL,100,2026-08-22,pemasakan,3.9539465260515607,15.598191238426793,5.647,0.3990534739484391,0.0,0.0
P01,FL,101,2026-08-23,pemasakan,-2.306837083651163,0.0,6.103,0.15778360970272376,0.0,0.0
P01,FL,102,2026-08-24,pemasakan,4.107946526051561,12.306837083651164,5.493,0.3990534739484391,0.0,0.0
P01,FL,103,2026-08-25,pemasakan,-2.5089825071499696,0.0,6.453,0.16392903320152974,0.0,0.0
P01,FL,104,2026-08-26,pemasakan,4.292946526051561,12.50898250714997,5.308,0.3990534739484391,0.0,0.0
P01,FL,105,2026-08-27,pemasakan,-1.7703649964180155,0.0,5.892,0.17131152246957587,0.0,0.0
P01,FL,106,2026-08-28,pemasakan,3.880946526051561,11.770364996418015,5.72,0.3990534739484391,0.0,0.0
P01,FL,107,2026-08-29,pemasakan,-2.263923993291339,0.0,5.99,0.1548705193429002,0.0,0.0
P01,FL,108,2026-08-30,pemasakan,3.558946526051561,12.263923993291339,6.042,0.3990534739484391,0.0,0.0
P01,FL,109,2026-08-31,pemasakan,-3.6120744714301996,0.0,7.029,0.14202099748176045,0.0,0.0
P01,FL,110,2026-09-01,pemasakan,4.922946526051561,13.6120744714302,4.678,0.3990534739484391,0.0,0.0
P01,SRI,1,2026-05-15,awal,15.304893052103122,0.0,3.897,0.7981069478968782,0.0,0.0
P01,SRI,2,2026-05-16,awal,11.606145978018013,0.0,3.088,0.610747074085108,0.0,0.0
P01,SRI,3,2026-05-17,awal,10.868254252883855,0.0,2.867,0.5708917251341578,0.0,2.7
P01,SRI,4,2026-05-18,awal,14.320243755364675,0.0,3.123,0.7250104975191806,0.0,7.3
P01,SRI,5,2026-05-19,awal,10.899789453528005,0.0,2.849,0.5714543018366715,0.0,0.0
P01,SRI,6,2026-05-20,awal,13.510444810787828,0.0,3.195,0.6943446427401763,0.0,6.5
P01,SRI,7,2026-05-21,awal,11.888419400280661,0.0,2.235,0.5870254105071671,0.0,1.2
P01,SRI,8,2026-05-22,awal,40.0,0.0,3.187,1.815231178610557,0.4861882216701048,33.6
P01,SRI,9,2026-05-23,awal,40.0,0.0,2.317,3.3041627642930753,37.17883723570692,42.8
P01,SRI,10,2026-05-24,awal,34.072786104206244,0.0,4.331,1.5962138957937564,0.0,0.0
P01,SRI,11,2026-05-25,awal,33.05336476530212,0.0,2.348,1.4714213389041233,0.0,2.8
P01,SRI,12,2026-05-26,awal,29.27137769229528,0.0,2.655,1.3269870730068434,0.0,0.2
P01,SRI,13,2026-05-27,awal,24.909293196758554,0.0,3.194,1.1680844955367276,0.0,0.0
P01,SRI,14,2026-05-28,awal,20.154279198381882,0.0,3.761,0.994013998376672,0.0,0.0
P01,SRI,15,2026-05-29,awal,15.113015685477777,0.0,4.237,0.8042635129041052,0.0,0.0
P01,SRI,16,2026-05-30,awal,11.487925544365062,0.0,3.022,0.6030901411127157,0.0,0.0
P01,SRI,17,2026-05-31,awal,6.902495884671073,0.0,4.127,0.45842965969398913,0.0,0.0
P01,SRI,18,2026-06-01,awal,3.687049388501794,0.0,2.94,0.27544649616927963,0.0,0.0
P01,SRI,19,2026-06-02,awal,-1.0040835982083167,0.0,4.544,0.14713298671011088,0.0,0.0
P01,SRI,20,2026-06-03,awal,6.1529465260515614,10.104083598208316,3.448,0.3990534739484391,0.0,0.9
P01,SRI,21,2026-06-04,pertumbuhan,1.9154110574275762,0.0,3.992,0.24553546862398556,0.0,0.0
P01,SRI,22,2026-06-05,pertumbuhan,-1.8360240862229964,0.0,3.675,0.07643514365057275,0.0,0.0
P01,SRI,23,2026-06-06,pertumbuhan,-7.84975242369925,0.0,5.056,0.9577283374762537,0.0,0.0
P01,SRI,24,2026-06-07,pertumbuhan,-12.321480761175504,0.0,3.514,0.9577283374762537,0.0,0.0
P01,SRI,25,2026-06-08,pertumbuhan,-16.117209098651756,0.0,2.838,0.9577283374762537,0.0,0.0
P01,SRI,26,2026-06-09,pertumbuhan,-21.00193743612801,0.0,3.927,0.9577283374762537,0.0,0.0
P01,SRI,27,2026-06-10,pertumbuhan,5.930946526051561,31.00193743612801,3.67,0.3990534739484391,0.0,0.0
P01,SRI,28,2026-06-11,pertumbuhan,2.3572700445492307,0.0,3.337,0.2366764815023302,0.0,0.0
P01,SRI,29,2026-06-12,pertumbuhan,-1.5027976354819654,0.0,3.766,0.09406768003119623,0.0,0.0
P01,SRI,30,2026-06-13,pertumbuhan,-6.383525972958219,0.0,3.923,0.9577283374762537,0.0,0.0
P01,SRI,31,2026-06-14,pertumbuhan,-10.547254310434473,0.0,3.206,0.9577283374762537,0.0,0.0
P01,SRI,32,2026-06-15,pertumbuhan,-15.581982647910728,0.0,4.077,0.9577283374762537,0.0,0.0
P01,SRI,33,2026-06-16,pertumbuhan,-21.12271098538698,0.0,4.583,0.9577283374762537,0.0,0.0
P01,SRI,34,2026-06-17,pertumbuhan,6.9399465260515605,31.02271098538698,2.661,0.3990534739484391,0.0,0.1
P01,SRI,35,2026-06-18,pertumbuhan,2.5280055490278333,0.0,4.135,0.27694097702372766,0.0,0.0
P01,SRI,36,2026-06-19,pertumbuhan,18.157027126741422,0.0,3.568,0.9029784222864113,0.0,20.1
P01,SRI,37,2026-06-20,pertumbuhan,13.7724646515912,0.0,3.66,0.724562475150221,0.0,0.0
P01,SRI,38,2026-06-21,pertumbuhan,9.339869665186246,0.0,3.883,0.5495949864049547,0.0,0.0
P01,SRI,39,2026-06-22,pertumbuhan,4.219158921574424,0.0,4.748,0.3727107436118216,0.0,0.0
P01,SRI,40,2026-06-23,pertumbuhan,-0.4892080809050583,0.0,4.54,0.16836700247948239,0.0,0.0
P01,SRI,41,2026-06-24,pertumbuhan,-5.593936418381312,0.0,4.147,0.9577283374762537,0.0,0.0
P01,SRI,42,2026-06-25,pertumbuhan,-10.386664755857566,0.0,3.835,0.9577283374762537,0.0,0.0
P01,SRI,43,2026-06-26,pertumbuhan,-13.68039309333382,0.0,2.936,0.9577283374762537,0.0,0.6
P01,SRI,44,2026-06-27,pertumbuhan,-12.786121430810073,0.0,3.948,0.9577283374762537,0.0,5.8
P01,SRI,45,2026-06-28,pertumbuhan,40.0,0.0,3.015,1.8002849966323275,0.2985935725575928,57.9
P01,SRI,46,2026-06-29,pertumbuhan,33.761786104206244,0.0,4.642,1.5962138957937564,0.0,0.0
P01,SRI,47,2026-06-30,pertumbuhan,27.72251030104748,0.0,4.692,1.347275803158764,0.0,0.0
P01,SRI,48,2026-07-01,pertumbuhan,22.18323389682704,0.0,4.433,1.1062764042204385,0.0,0.0
P01,SRI,49,2026-07-02,pertumbuhan,16.74000424183308,0.0,4.558,0.88522965499396,0.0,0.0
P01,SRI,50,2026-07-03,pertumbuhan,11.64498855717157,0.0,4.427,0.6680156846615097,0.0,0.0
P01,SRI,51,2026-07-04,reproduktif,9.80948054859897,0.0,3.291,0.5445080085726015,0.0,2.0
P01,SRI,52,2026-07-05,reproduktif,5.1670298195441635,0.0,4.251,0.3914507290548059,0.0,0.0
P01,SRI,53,2026-07-06,reproduktif,1.869837699595736,0.0,3.091,0.20619211994842748,0.0,0.0
P01,SRI,54,2026-07-07,reproduktif,-2.3817788233786072,0.0,4.177,0.07461652297434362,0.0,0.0
P01,SRI,55,2026-07-08,reproduktif,5.281336462424264,0.0,3.281,0.3558847141971303,0.0,11.3
P01,SRI,56,2026-07-09,reproduktif,0.7765828961821679,0.0,4.294,0.21075356624209624,0.0,0.0
P01,SRI,57,2026-07-10,reproduktif,-4.452406914070876,0.0,5.198,0.030989810253043412,0.0,0.0
P01,SRI,58,2026-07-11,reproduktif,-9.686703167178067,0.0,4.516,0.7182962531071904,0.0,0.0
P01,SRI,59,2026-07-12,reproduktif,-14.531999420285256,0.0,4.127,0.7182962531071904,0.0,0.0
P01,SRI,60,2026-07-13,reproduktif,-6.924295673392447,0.0,4.074,0.7182962531071904,0.0,12.4
P01,SRI,61,2026-07-14,reproduktif,-11.484591926499636,0.0,3.842,0.7182962531071904,0.0,0.0
P01,SRI,62,2026-07-15,reproduktif,-15.988888179606827,0.0,3.786,0.7182962531071904,0.0,0.0
P01,SRI,63,2026-07-16,reproduktif,-21.520184432714018,0.0,4.813,0.7182962531071904,0.0,0.0
P01,SRI,64,2026-07-17,reproduktif,-27.074480685821207,0.0,4.836,0.7182962531071904,0.0,0.0
P01,SRI,65,2026-07-18,reproduktif,-0.5885267369742202,32.07448068582121,5.389,0.19952673697421955,0.0,0.0
P01,SRI,66,2026-07-19,reproduktif,-6.050822990081411,0.0,4.744,0.7182962531071904,0.0,0.0
P01,SRI,67,2026-07-20,reproduktif,-10.8191192431886,0.0,4.05,0.7182962531071904,0.0,0.0
P01,SRI,68,2026-07-21,reproduktif,-16.629415496295792,0.0,5.092,0.7182962531071904,0.0,0.0
P01,SRI,69,2026-07-22,reproduktif,-22.682711749402984,0.0,5.335,0.7182962531071904,0.0,0.0
P01,SRI,70,2026-07-23,reproduktif,-27.95100800251017,0.0,4.55,0.7182962531071904,0.0,0.0
P01,SRI,71,2026-07-24,reproduktif,-1.37252673697422,32.95100800251017,6.173,0.19952673697421955,0.0,0.0
P01,SRI,72,2026-07-25,reproduktif,-7.18282299008141,0.0,5.092,0.7182962531071904,0.0,0.0
P01,SRI,73,2026-07-26,reproduktif,-13.4741192431886,0.0,5.573,0.7182962531071904,0.0,0.0
P01,SRI,74,2026-07-27,reproduktif,-19.891415496295792,0.0,5.699,0.7182962531071904,0.0,0.0
P01,SRI,75,2026-07-28,reproduktif,-26.068711749402983,0.0,5.459,0.7182962531071904,0.0,0.0
P01,SRI,76,2026-07-29,reproduktif,-0.17552673697421994,31.068711749402983,4.976,0.19952673697421955,0.0,0.0
P01,SRI,77,2026-07-30,reproduktif,-6.21282299008141,0.0,5.319,0.7182962531071904,0.0,0.0
P01,SRI,78,2026-07-31,reproduktif,-12.1051192431886,0.0,5.174,0.7182962531071904,0.0,0.0
P01,SRI,79,2026-08-01,reproduktif,-17.85841549629579,0.0,5.035,0.7182962531071904,0.0,0.0
P01,SRI,80,2026-08-02,reproduktif,-23.27271174940298,0.0,4.696,0.7182962531071904,0.0,0.0
P01,SRI,81,2026-08-03,reproduktif,-29.57900800251017,0.0,5.588,0.7182962531071904,0.0,0.0
P01,SRI,82,2026-08-04,reproduktif,-0.16952673697421972,34.57900800251017,4.97,0.19952673697421955,0.0,0.0
P01,SRI,83,2026-08-05,reproduktif,-5.91682299008141,0.0,5.029,0.7182962531071904,0.0,0.0
P01,SRI,84,2026-08-06,reproduktif,-12.0691192431886,0.0,5.434,0.7182962531071904,0.0,0.0
P01,SRI,85,2026-08-07,reproduktif,-18.64341549629579,0.0,5.856,0.7182962531071904,0.0,0.0
P01,SRI,86,2026-08-08,reproduktif,-23.63871174940298,0.0,4.277,0.7182962531071904,0.0,0.0
P01,SRI,87,2026-08-09,reproduktif,-29.550008002510168,0.0,5.193,0.7182962531071904,0.0,0.0
P01,SRI,88,2026-08-10,reproduktif,-0.6615267369742197,34.55000800251017,5.462,0.19952673697421955,0.0,0.0
P01,SRI,89,2026-08-11,reproduktif,-6.95382299008141,0.0,5.574,0.7182962531071904,0.0,0.0
P01,SRI,90,2026-08-12,reproduktif,-13.001119243188601,0.0,5.329,0.7182962531071904,0.0,0.0
P01,SRI,91,2026-08-13,pemasakan,-19.03341549629579,0.0,5.314,0.7182962531071904,0.0,0.0
P01,SRI,92,2026-08-14,pemasakan,-25.515711749402982,0.0,5.764,0.7182962531071904,0.0,0.0
P01,SRI,93,2026-08-15,pemasakan,-32.47600800251017,0.0,6.242,0.7182962531071904,0.0,0.0
P01,SRI,94,2026-08-16,pemasakan,-6.58229625310719,32.47600800251017,5.864,0.7182962531071904,0.0,0.0
P01,SRI,95,2026-08-17,pemasakan,-13.67559250621438,0.0,6.375,0.7182962531071904,0.0,0.0
P01,SRI,96,2026-08-18,pemasakan,-15.504888759321572,0.0,4.911,0.7182962531071904,0.0,3.8
P01,SRI,97,2026-08-19,pemasakan,-16.82218501242876,0.0,4.399,0.7182962531071904,0.0,3.8
P01,SRI,98,2026-08-20,pemasakan,-22.29148126553595,0.0,4.751,0.7182962531071904,0.0,0.0
P01,SRI,99,2026-08-21,pemasakan,-28.70377751864314,0.0,5.694,0.7182962531071904,0.0,0.0
P01,SRI,100,2026-08-22,pemasakan,-35.01507377175033,0.0,5.593,0.7182962531071904,0.0,0.0
P01,SRI,101,2026-08-23,pemasakan,-6.7622962531071895,35.01507377175033,6.044,0.7182962531071904,0.0,0.0
P01,SRI,102,2026-08-24,pemasakan,-12.92059250621438,0.0,5.44,0.7182962531071904,0.0,0.0
P01,SRI,103,2026-08-25,pemasakan,-20.03088875932157,0.0,6.392,0.7182962531071904,0.0,0.0
P01,SRI,104,2026-08-26,pemasakan,-26.00618501242876,0.0,5.257,0.7182962531071904,0.0,0.0
P01,SRI,105,2026-08-27,pemasakan,-32.55948126553595,0.0,5.835,0.7182962531071904,0.0,0.0
P01,SRI,106,2026-08-28,pemasakan,-6.384296253107191,32.55948126553595,5.666,0.7182962531071904,0.0,0.0
P01,SRI,107,2026-08-29,pemasakan,-13.035592506214382,0.0,5.933,0.7182962531071904,0.0,0.0
P01,SRI,108,2026-08-30,pemasakan,-19.73788875932157,0.0,5.984,0.7182962531071904,0.0,0.0
P01,SRI,109,2026-08-31,pemasakan,-27.41818501242876,0.0,6.962,0.7182962531071904,0.0,0.0
P01,SRI,110,2026-09-01,pemasakan,-32.76948126553595,0.0,4.633,0.7182962531071904,0.0,0.0
P02,FL,1,2026-05-15,awal,15.097459519681887,0.0,3.936,0.966540480318113,0.0,0.0
P02,FL,2,2026-05-16,awal,11.248844230895058,0.0,3.119,0.7296152887868299,0.0,0.0
P02,FL,3,2026-05-17,awal,10.378738100754466,0.0,2.896,0.6741061301405925,0.0,2.7
P02,FL,4,2026-05-18,awal,13.670377299988399,0.0,3.154,0.8543608007660672,0.0,7.3
P02,FL,5,2026-05-19,awal,10.132728647905369,0.0,2.877,0.6606486520830308,0.0,0.0
P02,FL,6,2026-05-20,awal,12.601918371088003,0.0,3.227,0.8038102768173645,0.0,6.5
P02,FL,7,2026-05-21,awal,10.877912730502862,0.0,2.257,0.6670056405851392,0.0,1.2
P02,FL,8,2026-05-22,awal,39.1094275737985,0.0,3.219,2.1494851567043676,0.0,33.6
P02,FL,9,2026-05-23,awal,50.0,0.0,2.34,3.9584388734880442,25.610988700310457,42.8
P02,FL,10,2026-05-24,awal,43.209648799204714,0.0,4.374,2.4163512007952823,0.0,0.0
P02,FL,11,2026-05-25,awal,41.41513939672216,0.0,2.371,2.2235094024825504,0.0,2.8
P02,FL,12,2026-05-26,awal,36.92200355567151,0.0,2.682,2.0111358410506535,0.0,0.2
P02,FL,13,2026-05-27,awal,31.91167300312122,0.0,3.226,1.7843305525502908,0.0,0.0
P02,FL,14,2026-05-28,awal,26.570476815511654,0.0,3.799,1.5421961876095671,0.0,0.0
P02,FL,15,2026-05-29,awal,21.00740474433436,0.0,4.279,1.284072071177296,0.0,0.0
P02,FL,16,2026-05-30,awal,16.94017939074306,0.0,3.052,1.0152253535912967,0.0,0.0
P02,FL,17,2026-05-31,awal,11.953510934492872,0.0,4.168,0.8186684562501898,0.0,0.0
P02,FL,18,2026-06-01,awal,8.406833324487245,0.0,2.969,0.5776776100056278,0.0,0.0
P02,FL,19,2026-06-02,awal,14.444459519681887,11.593166675512755,4.589,0.966540480318113,0.0,0.0
P02,FL,20,2026-06-03,awal,11.120907455963128,0.0,3.482,0.7415520637187586,0.0,0.9
P02,FL,21,2026-06-04,pertumbuhan,6.342467094260134,0.0,4.241,0.5374403617029943,0.0,0.0
P02,FL,22,2026-06-05,pertumbuhan,15.128459519681886,13.657532905739867,3.905,0.966540480318113,0.0,0.0
P02,FL,23,2026-06-06,pertumbuhan,9.025346093150564,0.0,5.372,0.7311134265313229,0.0,0.0
P02,FL,24,2026-06-07,pertumbuhan,15.300459519681887,10.974653906849436,3.733,0.966540480318113,0.0,0.0
P02,FL,25,2026-06-08,pertumbuhan,11.546033845019828,0.0,3.015,0.7394256746620588,0.0,0.0
P02,FL,26,2026-06-09,pertumbuhan,6.815048390103096,0.0,4.173,0.5579854549167327,0.0,0.0
P02,FL,27,2026-06-10,pertumbuhan,15.134459519681887,13.184951609896904,3.899,0.966540480318113,0.0,0.0
P02,FL,28,2026-06-11,pertumbuhan,10.857056131006468,0.0,3.546,0.7314033886754184,0.0,0.0
P02,FL,29,2026-06-12,pertumbuhan,6.331366918621282,0.0,4.001,0.5246892123851853,0.0,0.0
P02,FL,30,2026-06-13,pertumbuhan,14.865459519681886,13.668633081378719,4.168,0.966540480318113,0.0,0.0
P02,FL,31,2026-06-14,pertumbuhan,10.740056100466747,0.0,3.407,0.7184034192151397,0.0,0.0
P02,FL,32,2026-06-15,pertumbuhan,5.8890211513673165,0.0,4.332,0.5190349490994305,0.0,0.0
P02,FL,33,2026-06-16,pertumbuhan,14.164459519681888,14.110978848632683,4.869,0.966540480318113,0.0,0.0
P02,FL,34,2026-06-17,pertumbuhan,10.748100641900306,0.0,2.827,0.6893588777815806,0.0,0.1
P02,FL,35,2026-06-18,pertumbuhan,5.8356769240538195,0.0,4.393,0.519423717846487,0.0,0.0
P02,FL,36,2026-06-19,pertumbuhan,20.891282842476304,0.0,3.791,1.253394081577519,0.0,20.1
P02,FL,37,2026-06-20,pertumbuhan,15.993669314824874,0.0,3.888,1.00961352765143,0.0,0.0
P02,FL,38,2026-06-21,pertumbuhan,11.09474287374488,0.0,4.126,0.772926441079995,0.0,0.0
P02,FL,39,2026-06-22,pertumbuhan,5.5135669684351125,0.0,5.045,0.5361759053097668,0.0,0.0
P02,FL,40,2026-06-23,pertumbuhan,14.209459519681888,14.486433031564887,4.824,0.966540480318113,0.0,0.0
P02,FL,41,2026-06-24,pertumbuhan,9.116758628221183,0.0,4.406,0.6867008914607057,0.0,0.0
P02,FL,42,2026-06-25,pertumbuhan,14.958459519681886,10.883241371778817,4.075,0.966540480318113,0.0,0.0
P02,FL,43,2026-06-26,pertumbuhan,11.687565472823724,0.0,3.119,0.7518940468581624,0.0,0.6
P02,FL,44,2026-06-27,pertumbuhan,12.44844347623885,0.0,4.194,0.8451219965848745,0.0,5.8
P02,FL,45,2026-06-28,pertumbuhan,50.0,0.0,3.204,3.3997309173577763,13.744712558881076,57.9
P02,FL,46,2026-06-29,pertumbuhan,42.651648799204715,0.0,4.932,2.4163512007952823,0.0,0.0
P02,FL,47,2026-06-30,pertumbuhan,35.60442154336758,0.0,4.986,2.0612272558371396,0.0,0.0
P02,FL,48,2026-07-01,pertumbuhan,29.173765808368827,0.0,4.71,1.7206557349987535,0.0,0.0
P02,FL,49,2026-07-02,pertumbuhan,22.92088452751338,0.0,4.843,1.4098812808554473,0.0,0.0
P02,FL,50,2026-07-03,pertumbuhan,17.11018639048644,0.0,4.703,1.1076981370269392,0.0,0.0
P02,FL,51,2026-07-04,reproduktif,14.67064795384497,0.0,3.516,0.9235384366414715,0.0,2.0
P02,FL,52,2026-07-05,reproduktif,9.418659197850607,0.0,4.543,0.708988755994363,0.0,0.0
P02,FL,53,2026-07-06,reproduktif,5.66048342859845,0.0,3.303,0.4551757692521569,0.0,0.0
P02,FL,54,2026-07-07,reproduktif,0.9229291100029364,0.0,4.464,0.27355431859551327,0.0,0.0
P02,FL,55,2026-07-08,reproduktif,8.125231321359113,0.0,3.507,0.5906977886438242,0.0,11.3
P02,FL,56,2026-07-09,reproduktif,3.1435630721570016,0.0,4.589,0.39266824920211063,0.0,0.0
P02,FL,57,2026-07-10,reproduktif,3.961729759840944,6.856436927842998,5.555,0.4832702401590565,0.0,0.0
P02,FL,58,2026-07-11,reproduktif,4.6917297598409435,6.038270240159056,4.825,0.4832702401590565,0.0,0.0
P02,FL,59,2026-07-12,reproduktif,5.106729759840944,5.3082702401590565,4.41,0.4832702401590565,0.0,0.0
P02,FL,60,2026-07-13,reproduktif,12.307681610297141,0.0,4.353,0.8460481495438034,0.0,12.4
P02,FL,61,2026-07-14,reproduktif,7.606887985536192,0.0,4.106,0.5947936247609502,0.0,0.0
P02,FL,62,2026-07-15,reproduktif,3.19326972717288,0.0,4.046,0.3676182583633117,0.0,0.0
P02,FL,63,2026-07-16,reproduktif,4.372729759840944,6.80673027282712,5.144,0.4832702401590565,0.0,0.0
P02,FL,64,2026-07-17,reproduktif,4.348729759840944,5.627270240159056,5.168,0.4832702401590565,0.0,0.0
P02,FL,65,2026-07-18,reproduktif,3.7587297598409437,5.651270240159056,5.758,0.4832702401590565,0.0,0.0
P02,FL,66,2026-07-19,reproduktif,4.446729759840943,6.241270240159056,5.07,0.4832702401590565,0.0,0.0
P02,FL,67,2026-07-20,reproduktif,5.188729759840943,5.553270240159057,4.328,0.4832702401590565,0.0,0.0
P02,FL,68,2026-07-21,reproduktif,-0.5030261078749341,0.0,5.441,0.2507558677158776,0.0,0.0
P02,FL,69,2026-07-22,reproduktif,3.815729759840944,10.503026107874934,5.701,0.4832702401590565,0.0,0.0
P02,FL,70,2026-07-23,reproduktif,4.654729759840944,6.184270240159056,4.862,0.4832702401590565,0.0,0.0
P02,FL,71,2026-07-24,reproduktif,2.9197297598409433,5.345270240159056,6.597,0.4832702401590565,0.0,0.0
P02,FL,72,2026-07-25,reproduktif,4.075729759840944,7.080270240159057,5.441,0.4832702401590565,0.0,0.0
P02,FL,73,2026-07-26,reproduktif,3.5607297598409433,5.924270240159056,5.956,0.4832702401590565,0.0,0.0
P02,FL,74,2026-07-27,reproduktif,3.426729759840944,6.439270240159057,6.09,0.4832702401590565,0.0,0.0
P02,FL,75,2026-07-28,reproduktif,3.682729759840944,6.573270240159056,5.834,0.4832702401590565,0.0,0.0
P02,FL,76,2026-07-29,reproduktif,4.1997297598409435,6.317270240159056,5.317,0.4832702401590565,0.0,0.0
P02,FL,77,2026-07-30,reproduktif,3.8327297598409436,5.8002702401590565,5.684,0.4832702401590565,0.0,0.0
P02,FL,78,2026-07-31,reproduktif,3.9867297598409435,6.1672702401590564,5.53,0.4832702401590565,0.0,0.0
P02,FL,79,2026-08-01,reproduktif,4.136729759840944,6.0132702401590565,5.38,0.4832702401590565,0.0,0.0
P02,FL,80,2026-08-02,reproduktif,4.498729759840944,5.863270240159056,5.018,0.4832702401590565,0.0,0.0
P02,FL,81,2026-08-03,reproduktif,3.5457297598409436,5.501270240159056,5.971,0.4832702401590565,0.0,0.0
P02,FL,82,2026-08-04,reproduktif,4.204729759840943,6.454270240159056,5.312,0.4832702401590565,0.0,0.0
P02,FL,83,2026-08-05,reproduktif,4.142729759840944,5.795270240159057,5.374,0.4832702401590565,0.0,0.0
P02,FL,84,2026-08-06,reproduktif,3.7107297598409437,5.857270240159056,5.806,0.4832702401590565,0.0,0.0
P02,FL,85,2026-08-07,reproduktif,3.2587297598409437,6.289270240159056,6.258,0.4832702401590565,0.0,0.0
P02,FL,86,2026-08-08,reproduktif,4.946729759840943,6.741270240159056,4.57,0.4832702401590565,0.0,0.0
P02,FL,87,2026-08-09,reproduktif,3.9677297598409433,5.053270240159057,5.549,0.4832702401590565,0.0,0.0
P02,FL,88,2026-08-10,reproduktif,3.679729759840944,6.032270240159057,5.837,0.4832702401590565,0.0,0.0
P02,FL,89,2026-08-11,reproduktif,3.559729759840944,6.320270240159056,5.957,0.4832702401590565,0.0,0.0
P02,FL,90,2026-08-12,reproduktif,3.8217297598409434,6.440270240159056,5.695,0.4832702401590565,0.0,0.0
P02,FL,91,2026-08-13,pemasakan,-1.728963066045191,0.0,5.366,0.1846928258861346,0.0,0.0
P02,FL,92,2026-08-14,pemasakan,3.6977297598409438,11.728963066045191,5.819,0.4832702401590565,0.0,0.0
P02,FL,93,2026-08-15,pemasakan,-2.782970515067218,0.0,6.302,0.17870027490816232,0.0,0.0
P02,FL,94,2026-08-16,pemasakan,3.596729759840944,12.782970515067218,5.92,0.4832702401590565,0.0,0.0
P02,FL,95,2026-08-17,pemasakan,-3.0140894856416125,0.0,6.437,0.17381924548255584,0.0,0.0
P02,FL,96,2026-08-18,pemasakan,-4.210070201943363,0.0,4.958,0.037980716301750546,0.0,3.8
P02,FL,97,2026-08-19,pemasakan,5.0747297598409435,10.410070201943363,4.442,0.4832702401590565,0.0,3.8
P02,FL,98,2026-08-20,pemasakan,0.03348317286287905,0.0,4.796,0.24524658697806437,0.0,0.0
P02,FL,99,2026-08-21,pemasakan,-5.717134969236194,0.0,5.749,0.0016181420990730763,0.0,0.0
P02,FL,100,2026-08-22,pemasakan,3.8697297598409435,15.717134969236195,5.647,0.4832702401590565,0.0,0.0
P02,FL,101,2026-08-23,pemasakan,-2.420282763197954,0.0,6.103,0.18701252303889807,0.0,0.0
P02,FL,102,2026-08-24,pemasakan,4.023729759840943,12.420282763197953,5.493,0.4832702401590565,0.0,0.0
P02,FL,103,2026-08-25,pemasakan,-2.6237251248964046,0.0,6.453,0.19445488473734754,0.0,0.0
P02,FL,104,2026-08-26,pemasakan,4.208729759840944,12.623725124896405,5.308,0.4832702401590565,0.0,0.0
P02,FL,105,2026-08-27,pemasakan,-1.8866656243393463,0.0,5.892,0.2033953841802901,0.0,0.0
P02,FL,106,2026-08-28,pemasakan,3.796729759840944,11.886665624339347,5.72,0.4832702401590565,0.0,0.0
P02,FL,107,2026-08-29,pemasakan,-2.3767548904447935,0.0,5.99,0.183484650285737,0.0,0.0
P02,FL,108,2026-08-30,pemasakan,3.474729759840944,12.376754890444793,6.042,0.4832702401590565,0.0,0.0
P02,FL,109,2026-08-31,pemasakan,-3.7221935887116713,0.0,7.029,0.16792334855261537,0.0,0.0
P02,FL,110,2026-09-01,pemasakan,4.838729759840944,13.722193588711672,4.678,0.4832702401590565,0.0,0.0
P02,SRI,1,2026-05-15,awal,15.136459519681887,0.0,3.897,0.966540480318113,0.0,0.0
P02,SRI,2,2026-05-16,awal,11.316959476958438,0.0,3.088,0.7315000427234503,0.0,0.0
P02,SRI,3,2026-05-17,awal,10.47256153968549,0.0,2.867,0.6773979372729466,0.0,2.7
P02,SRI,4,2026-05-18,awal,13.790666531332949,0.0,3.123,0.8588950083525417,0.0,7.3
P02,SRI,5,2026-05-19,awal,10.275204658677875,0.0,2.849,0.6664618726550736,0.0,0.0
P02,SRI,6,2026-05-20,awal,12.769508940266217,0.0,3.195,0.810695718411658,0.0,6.5
P02,SRI,7,2026-05-21,awal,11.059404146219563,0.0,2.235,0.6751047940466541,0.0,1.2
P02,SRI,8,2026-05-22,awal,39.31414804950918,0.0,3.187,2.158256096710389,0.0,33.6
P02,SRI,9,2026-05-23,awal,40.0,0.0,2.317,3.9683324048342614,35.828815644674904,42.8
P02,SRI,10,2026-05-24,awal,33.73591903936377,0.0,4.331,1.933080960636226,0.0,0.0
P02,SRI,11,2026-05-25,awal,32.42224680250525,0.0,2.348,1.7656722368585174,0.0,2.8
P02,SRI,12,2026-05-26,awal,28.390710697827778,0.0,2.655,1.5765361046774726,0.0,0.2
P02,SRI,13,2026-05-27,awal,23.824672140105225,0.0,3.194,1.3720385577225525,0.0,0.0
P02,SRI,14,2026-05-28,awal,18.91229663741928,0.0,3.761,1.1513755026859434,0.0,0.0
P02,SRI,15,2026-05-29,awal,13.761321623626788,0.0,4.237,0.9139750137924932,0.0,0.0
P02,SRI,16,2026-05-30,awal,10.074277903031174,0.0,3.022,0.6650437205956135,0.0,0.0
P02,SRI,17,2026-05-31,awal,5.460418032868479,0.0,4.127,0.4868598701626951,0.0,0.0
P02,SRI,18,2026-06-01,awal,2.25653227945716,0.0,2.94,0.26388575341131926,0.0,0.0
P02,SRI,19,2026-06-02,awal,-2.3965192102048323,0.0,4.544,0.10905148966199249,0.0,0.0
P02,SRI,20,2026-06-03,awal,6.068729759840943,11.496519210204832,3.448,0.4832702401590565,0.0,0.9
P02,SRI,21,2026-06-04,pertumbuhan,1.7834461109910684,0.0,3.992,0.29328364884987457,0.0,0.0
P02,SRI,22,2026-06-05,pertumbuhan,-1.9777425320458701,0.0,3.675,0.08618864303693889,0.0,0.0
P02,SRI,23,2026-06-06,pertumbuhan,-8.193591108427606,0.0,5.056,1.1598485763817357,0.0,0.0
P02,SRI,24,2026-06-07,pertumbuhan,-12.86743968480934,0.0,3.514,1.1598485763817357,0.0,0.0
P02,SRI,25,2026-06-08,pertumbuhan,-16.865288261191075,0.0,2.838,1.1598485763817357,0.0,0.0
P02,SRI,26,2026-06-09,pertumbuhan,-21.952136837572812,0.0,3.927,1.1598485763817357,0.0,0.0
P02,SRI,27,2026-06-10,pertumbuhan,5.846729759840944,31.952136837572812,3.67,0.4832702401590565,0.0,0.0
P02,SRI,28,2026-06-11,pertumbuhan,2.2271747103226,0.0,3.337,0.28255504951834354,0.0,0.0
P02,SRI,29,2026-06-12,pertumbuhan,-1.646458015390778,0.0,3.766,0.107632725713378,0.0,0.0
P02,SRI,30,2026-06-13,pertumbuhan,-6.729306591772513,0.0,3.923,1.1598485763817357,0.0,0.0
P02,SRI,31,2026-06-14,pertumbuhan,-11.09515516815425,0.0,3.206,1.1598485763817357,0.0,0.0
P02,SRI,32,2026-06-15,pertumbuhan,-16.332003744535985,0.0,4.077,1.1598485763817357,0.0,0.0
P02,SRI,33,2026-06-16,pertumbuhan,-22.07485232091772,0.0,4.583,1.1598485763817357,0.0,0.0
P02,SRI,34,2026-06-17,pertumbuhan,6.855729759840943,31.97485232091772,2.661,0.4832702401590565,0.0,0.1
P02,SRI,35,2026-06-18,pertumbuhan,2.389412743090551,0.0,4.135,0.3313170167503923,0.0,0.0
P02,SRI,36,2026-06-19,pertumbuhan,17.834566353351605,0.0,3.568,1.0868463897389518,0.0,20.1
P02,SRI,37,2026-06-20,pertumbuhan,13.312674836879918,0.0,3.66,0.8618915164716858,0.0,0.0
P02,SRI,38,2026-06-21,pertumbuhan,8.786312880322079,0.0,3.883,0.6433619565578386,0.0,0.0
P02,SRI,39,2026-06-22,pertumbuhan,3.6136965267434924,0.0,4.748,0.42461635357858624,0.0,0.0
P02,SRI,40,2026-06-23,pertumbuhan,-1.1009426720906355,0.0,4.54,0.1746391988341276,0.0,0.0
P02,SRI,41,2026-06-24,pertumbuhan,-6.407791248472371,0.0,4.147,1.1598485763817357,0.0,0.0
P02,SRI,42,2026-06-25,pertumbuhan,-11.402639824854106,0.0,3.835,1.1598485763817357,0.0,0.0
P02,SRI,43,2026-06-26,pertumbuhan,-14.898488401235841,0.0,2.936,1.1598485763817357,0.0,0.6
P02,SRI,44,2026-06-27,pertumbuhan,-14.206336977617577,0.0,3.948,1.1598485763817357,0.0,5.8
P02,SRI,45,2026-06-28,pertumbuhan,38.56707832015686,0.0,3.015,2.111584702225564,0.0,57.9
P02,SRI,46,2026-06-29,pertumbuhan,32.06124619995533,0.0,4.642,1.8638321202015347,0.0,0.0
P02,SRI,47,2026-06-30,pertumbuhan,25.819821584870223,0.0,4.692,1.5494246150851048,0.0,0.0
P02,SRI,48,2026-07-01,pertumbuhan,20.1390264470518,0.0,4.433,1.2477951378184222,0.0,0.0
P02,SRI,49,2026-07-02,pertumbuhan,14.60776723228817,0.0,4.558,0.9732592147636314,0.0,0.0
P02,SRI,50,2026-07-03,pertumbuhan,9.47481731443462,0.0,4.427,0.70594991785355,0.0,0.0
P02,SRI,51,2026-07-04,reproduktif,7.629273542501808,0.0,3.291,0.5545437719328119,0.0,2.0
P02,SRI,52,2026-07-05,reproduktif,3.0095734567894095,0.0,4.251,0.36870008571239843,0.0,0.0
P02,SRI,53,2026-07-06,reproduktif,-0.2268702719344846,0.0,3.091,0.14544372872389397,0.0,0.0
P02,SRI,54,2026-07-07,reproduktif,-5.273756704220786,0.0,4.177,0.8698864322863017,0.0,0.0
P02,SRI,55,2026-07-08,reproduktif,2.454012891298402,0.0,3.281,0.2912304044808125,0.0,11.3
P02,SRI,56,2026-07-09,reproduktif,-1.958582248634718,0.0,4.294,0.11859513993311992,0.0,0.0
P02,SRI,57,2026-07-10,reproduktif,-8.02646868092102,0.0,5.198,0.8698864322863017,0.0,0.0
P02,SRI,58,2026-07-11,reproduktif,-13.412355113207322,0.0,4.516,0.8698864322863017,0.0,0.0
P02,SRI,59,2026-07-12,reproduktif,-18.409241545493625,0.0,4.127,0.8698864322863017,0.0,0.0
P02,SRI,60,2026-07-13,reproduktif,-10.953127977779927,0.0,4.074,0.8698864322863017,0.0,12.4
P02,SRI,61,2026-07-14,reproduktif,-15.665014410066227,0.0,3.842,0.8698864322863017,0.0,0.0
P02,SRI,62,2026-07-15,reproduktif,-20.32090084235253,0.0,3.786,0.8698864322863017,0.0,0.0
P02,SRI,63,2026-07-16,reproduktif,-26.00378727463883,0.0,4.813,0.8698864322863017,0.0,0.0
P02,SRI,64,2026-07-17,reproduktif,-0.07763512007952844,31.00378727463883,4.836,0.24163512007952825,0.0,0.0
P02,SRI,65,2026-07-18,reproduktif,-6.336521552365831,0.0,5.389,0.8698864322863017,0.0,0.0
P02,SRI,66,2026-07-19,reproduktif,-11.950407984652132,0.0,4.744,0.8698864322863017,0.0,0.0
P02,SRI,67,2026-07-20,reproduktif,-16.870294416938435,0.0,4.05,0.8698864322863017,0.0,0.0
P02,SRI,68,2026-07-21,reproduktif,-22.832180849224738,0.0,5.092,0.8698864322863017,0.0,0.0
P02,SRI,69,2026-07-22,reproduktif,-29.03706728151104,0.0,5.335,0.8698864322863017,0.0,0.0
P02,SRI,70,2026-07-23,reproduktif,0.20836487992047203,34.03706728151104,4.55,0.24163512007952825,0.0,0.0
P02,SRI,71,2026-07-24,reproduktif,-5.974704774635516,0.0,6.173,0.01006965455598795,0.0,0.0
P02,SRI,72,2026-07-25,reproduktif,-11.936591206921818,0.0,5.092,0.8698864322863017,0.0,0.0
P02,SRI,73,2026-07-26,reproduktif,-18.37947763920812,0.0,5.573,0.8698864322863017,0.0,0.0
P02,SRI,74,2026-07-27,reproduktif,-24.94836407149442,0.0,5.699,0.8698864322863017,0.0,0.0
P02,SRI,75,2026-07-28,reproduktif,-31.27725050378072,0.0,5.459,0.8698864322863017,0.0,0.0
P02,SRI,76,2026-07-29,reproduktif,-0.21763512007952812,36.27725050378072,4.976,0.24163512007952825,0.0,0.0
P02,SRI,77,2026-07-30,reproduktif,-6.40652155236583,0.0,5.319,0.8698864322863017,0.0,0.0
P02,SRI,78,2026-07-31,reproduktif,-12.450407984652132,0.0,5.174,0.8698864322863017,0.0,0.0
P02,SRI,79,2026-08-01,reproduktif,-18.355294416938435,0.0,5.035,0.8698864322863017,0.0,0.0
P02,SRI,80,2026-08-02,reproduktif,-23.921180849224736,0.0,4.696,0.8698864322863017,0.0,0.0
P02,SRI,81,2026-08-03,reproduktif,-30.379067281511038,0.0,5.588,0.8698864322863017,0.0,0.0
P02,SRI,82,2026-08-04,reproduktif,-0.2116351200795279,35.37906728151104,4.97,0.24163512007952825,0.0,0.0
P02,SRI,83,2026-08-05,reproduktif,-6.11052155236583,0.0,5.029,0.8698864322863017,0.0,0.0
P02,SRI,84,2026-08-06,reproduktif,-12.414407984652133,0.0,5.434,0.8698864322863017,0.0,0.0
P02,SRI,85,2026-08-07,reproduktif,-19.140294416938435,0.0,5.856,0.8698864322863017,0.0,0.0
P02,SRI,86,2026-08-08,reproduktif,-24.287180849224736,0.0,4.277,0.8698864322863017,0.0,0.0
P02,SRI,87,2026-08-09,reproduktif,-30.350067281511038,0.0,5.193,0.8698864322863017,0.0,0.0
P02,SRI,88,2026-08-10,reproduktif,-0.7036351200795279,35.35006728151104,5.462,0.24163512007952825,0.0,0.0
P02,SRI,89,2026-08-11,reproduktif,-7.14752155236583,0.0,5.574,0.8698864322863017,0.0,0.0
P02,SRI,90,2026-08-12,reproduktif,-13.346407984652132,0.0,5.329,0.8698864322863017,0.0,0.0
P02,SRI,91,2026-08-13,pemasakan,-19.530294416938432,0.0,5.314,0.8698864322863017,0.0,0.0
P02,SRI,92,2026-08-14,pemasakan,-26.164180849224735,0.0,5.764,0.8698864322863017,0.0,0.0
P02,SRI,93,2026-08-15,pemasakan,-33.27606728151104,0.0,6.242,0.8698864322863017,0.0,0.0
P02,SRI,94,2026-08-16,pemasakan,-6.733886432286302,33.27606728151104,5.864,0.8698864322863017,0.0,0.0
P02,SRI,95,2026-08-17,pemasakan,-13.978772864572605,0.0,6.375,0.8698864322863017,0.0,0.0
P02,SRI,96,2026-08-18,pemasakan,-15.959659296858906,0.0,4.911,0.8698864322863017,0.0,3.8
P02,SRI,97,2026-08-19,pemasakan,-17.428545729145206,0.0,4.399,0.8698864322863017,0.0,3.8
P02,SRI,98,2026-08-20,pemasakan,-23.049432161431508,0.0,4.751,0.8698864322863017,0.0,0.0
P02,SRI,99,2026-08-21,pemasakan,-29.61331859371781,0.0,5.694,0.8698864322863017,0.0,0.0
P02,SRI,100,2026-08-22,pemasakan,-36.07620502600411,0.0,5.593,0.8698864322863017,0.0,0.0
P02,SRI,101,2026-08-23,pemasakan,-6.913886432286302,36.07620502600411,6.044,0.8698864322863017,0.0,0.0
P02,SRI,102,2026-08-24,pemasakan,-13.223772864572604,0.0,5.44,0.8698864322863017,0.0,0.0
P02,SRI,103,2026-08-25,pemasakan,-20.485659296858906,0.0,6.392,0.8698864322863017,0.0,0.0
P02,SRI,104,2026-08-26,pemasakan,-26.612545729145207,0.0,5.257,0.8698864322863017,0.0,0.0
P02,SRI,105,2026-08-27,pemasakan,-33.31743216143151,0.0,5.835,0.8698864322863017,0.0,0.0
P02,SRI,106,2026-08-28,pemasakan,-6.535886432286302,33.31743216143151,5.666,0.8698864322863017,0.0,0.0
P02,SRI,107,2026-08-29,pemasakan,-13.338772864572604,0.0,5.933,0.8698864322863017,0.0,0.0
P02,SRI,108,2026-08-30,pemasakan,-20.192659296858906,0.0,5.984,0.8698864322863017,0.0,0.0
P02,SRI,109,2026-08-31,pemasakan,-28.02454572914521,0.0,6.962,0.8698864322863017,0.0,0.0
P02,SRI,110,2026-09-01,pemasakan,-33.52743216143151,0.0,4.633,0.8698864322863017,0.0,0.0
P03,FL,1,2026-05-15,awal,14.9802044518772,0.0,3.936,1.083795548122801,0.0,0.0
P03,FL,2,2026-05-16,awal,11.049430507131506,0.0,3.119,0.8117739447456938,0.0,0.0
P03,FL,3,2026-05-17,awal,10.108351928488858,0.0,2.896,0.7450785786426477,0.0,2.7
P03,FL,4,2026-05-18,awal,13.310997212476298,0.0,3.154,0.9433547160125602,0.0,7.3
P03,FL,5,2026-05-19,awal,9.712677236478457,0.0,2.877,0.7213199759978414,0.0,0.0
P03,FL,6,2026-05-20,awal,12.107115865876095,0.0,3.227,0.8785613706023614,0.0,6.5
P03,FL,7,2026-05-21,awal,10.329006219186553,0.0,2.257,0.7211096466895401,0.0,1.2
P03,FL,8,2026-05-22,awal,38.329503150495896,0.0,3.219,2.3805030686906616,0.0,33.6
P03,FL,9,2026-05-23,awal,50.0,0.0,2.34,4.396389716796111,24.39311343369978,42.8
P03,FL,10,2026-05-24,awal,42.916511129693,0.0,4.374,2.709488870307003,0.0,0.0
P03,FL,11,2026-05-25,awal,40.86814356778961,0.0,2.371,2.477367561903388,0.0,2.8
P03,FL,12,2026-05-26,awal,36.16067000936769,0.0,2.682,2.2254735584219216,0.0,0.2
P03,FL,13,2026-05-27,awal,30.975131350703172,0.0,3.226,1.9595386586645196,0.0,0.0
P03,FL,14,2026-05-28,awal,25.497595877682617,0.0,3.799,1.6785354730205553,0.0,0.0
P03,FL,15,2026-05-29,awal,19.836886832679284,0.0,4.279,1.3817090450033351,0.0,0.0
P03,FL,16,2026-05-30,awal,15.709930350785601,0.0,3.052,1.074956481893681,0.0,0.0
P03,FL,17,2026-05-31,awal,10.690612722010567,0.0,4.168,0.8513176287750355,0.0,0.0
P03,FL,18,2026-06-01,awal,7.142290798269565,0.0,2.969,0.5793219237410017,0.0,0.0
P03,FL,19,2026-06-02,awal,14.327204451877199,12.857709201730435,4.589,1.083795548122801,0.0,0.0
P03,FL,20,2026-06-03,awal,10.920045632112188,0.0,3.482,0.8251588197650103,0.0,0.9
P03,FL,21,2026-06-04,pertumbuhan,6.087290790043137,0.0,4.241,0.5917548420690515,0.0,0.0
P03,FL,22,2026-06-05,pertumbuhan,15.011204451877198,13.912709209956862,3.905,1.083795548122801,0.0,0.0
P03,FL,23,2026-06-06,pertumbuhan,8.825750624031915,0.0,5.372,0.813453827845284,0.0,0.0
P03,FL,24,2026-06-07,pertumbuhan,15.183204451877199,11.174249375968085,3.733,1.083795548122801,0.0,0.0
P03,FL,25,2026-06-08,pertumbuhan,11.345429982318059,0.0,3.015,0.8227744695591401,0.0,0.0
P03,FL,26,2026-06-09,pertumbuhan,6.557623656999296,0.0,4.173,0.6148063253187631,0.0,0.0
P03,FL,27,2026-06-10,pertumbuhan,15.017204451877198,13.442376343000703,3.899,1.083795548122801,0.0,0.0
P03,FL,28,2026-06-11,pertumbuhan,10.657425485367478,0.0,3.546,0.8137789665097208,0.0,0.0
P03,FL,29,2026-06-12,pertumbuhan,6.07890197059289,0.0,4.001,0.5775235147745877,0.0,0.0
P03,FL,30,2026-06-13,pertumbuhan,14.7482044518772,13.92109802940711,4.168,1.083795548122801,0.0,0.0
P03,FL,31,2026-06-14,pertumbuhan,10.54200253548973,0.0,3.407,0.7992019163874693,0.0,0.0
P03,FL,32,2026-06-15,pertumbuhan,5.638733764676578,0.0,4.332,0.5712687708131525,0.0,0.0
P03,FL,33,2026-06-16,pertumbuhan,14.0472044518772,14.361266235323422,4.869,1.083795548122801,0.0,0.0
P03,FL,34,2026-06-17,pertumbuhan,10.55357059171082,0.0,2.827,0.766633860166379,0.0,0.1
P03,FL,35,2026-06-18,pertumbuhan,5.588674950506025,0.0,4.393,0.5718956412047951,0.0,0.0
P03,FL,36,2026-06-19,pertumbuhan,20.505611373079418,0.0,3.791,1.3920635774266075,0.0,20.1
P03,FL,37,2026-06-20,pertumbuhan,15.50641685719543,0.0,3.888,1.1111945158839875,0.0,0.0
P03,FL,38,2026-06-21,pertumbuhan,10.540127579337192,0.0,4.126,0.8402892778582383,0.0,0.0
P03,FL,39,2026-06-22,pertumbuhan,4.923960411980591,0.0,5.045,0.5711671673566002,0.0,0.0
P03,FL,40,2026-06-23,pertumbuhan,14.0922044518772,15.076039588019409,4.824,1.083795548122801,0.0,0.0
P03,FL,41,2026-06-24,pertumbuhan,8.922551029468158,0.0,4.406,0.7636534224090413,0.0,0.0
P03,FL,42,2026-06-25,pertumbuhan,14.8412044518772,11.077448970531842,4.075,1.083795548122801,0.0,0.0
P03,FL,43,2026-06-26,pertumbuhan,11.485449019747275,0.0,3.119,0.8367554321299243,0.0,0.6
P03,FL,44,2026-06-27,pertumbuhan,12.15475438500199,0.0,4.194,0.9366946347452867,0.0,5.8
P03,FL,45,2026-06-28,pertumbuhan,50.0,0.0,3.204,3.7962515463650712,13.054502838636914,57.9
P03,FL,46,2026-06-29,pertumbuhan,42.358511129693,0.0,4.932,2.709488870307003,0.0,0.0
P03,FL,47,2026-06-30,pertumbuhan,35.07711284031943,0.0,4.986,2.2953982893735696,0.0,0.0
P03,FL,48,2026-07-01,pertumbuhan,28.466291903452465,0.0,4.71,1.900820936866967,0.0,0.0
P03,FL,49,2026-07-02,pertumbuhan,22.08070988162617,0.0,4.843,1.542582021826296,0.0,0.0
P03,FL,50,2026-07-03,pertumbuhan,16.18116112817129,0.0,4.703,1.1965487534548793,0.0,0.0
P03,FL,51,2026-07-04,reproduktif,13.67992805365052,0.0,3.516,0.9852330745207684,0.0,2.0
P03,FL,52,2026-07-05,reproduktif,8.395615797491189,0.0,4.543,0.7413122561593325,0.0,0.0
P03,FL,53,2026-07-06,reproduktif,4.637659246237669,0.0,3.303,0.4549565512535205,0.0,0.0
P03,FL,54,2026-07-07,reproduktif,4.994102225938599,5.362340753762331,4.464,0.5418977740614005,0.0,0.0
P03,FL,55,2026-07-08,reproduktif,11.904128453282098,0.0,3.507,0.882973772656504,0.0,11.3
P03,FL,56,2026-07-09,reproduktif,6.670046382184642,0.0,4.589,0.6450820710974552,0.0,0.0
P03,FL,57,2026-07-10,reproduktif,0.753598053445427,0.0,5.555,0.3614483287392155,0.0,0.0
P03,FL,58,2026-07-11,reproduktif,4.633102225938599,9.246401946554574,4.825,0.5418977740614005,0.0,0.0
P03,FL,59,2026-07-12,reproduktif,5.0481022259385995,5.366897774061401,4.41,0.5418977740614005,0.0,0.0
P03,FL,60,2026-07-13,reproduktif,12.14959345015541,0.0,4.353,0.9455087757831894,0.0,12.4
P03,FL,61,2026-07-14,reproduktif,7.385209685516391,0.0,4.106,0.6583837646390188,0.0,0.0
P03,FL,62,2026-07-15,reproduktif,2.939006816560588,0.0,4.046,0.4002028689558028,0.0,0.0
P03,FL,63,2026-07-16,reproduktif,4.3141022259385995,7.060993183439412,5.144,0.5418977740614005,0.0,0.0
P03,FL,64,2026-07-17,reproduktif,4.2901022259385995,5.6858977740614005,5.168,0.5418977740614005,0.0,0.0
P03,FL,65,2026-07-18,reproduktif,3.7001022259385996,5.7098977740614005,5.758,0.5418977740614005,0.0,0.0
P03,FL,66,2026-07-19,reproduktif,4.388102225938599,6.2998977740614,5.07,0.5418977740614005,0.0,0.0
P03,FL,67,2026-07-20,reproduktif,5.130102225938599,5.611897774061401,4.328,0.5418977740614005,0.0,0.0
P03,FL,68,2026-07-21,reproduktif,-0.5888968717557566,0.0,5.441,0.2779990976943563,0.0,0.0
P03,FL,69,2026-07-22,reproduktif,3.7571022259386,10.588896871755757,5.701,0.5418977740614005,0.0,0.0
P03,FL,70,2026-07-23,reproduktif,4.5961022259385995,6.2428977740614,4.862,0.5418977740614005,0.0,0.0
P03,FL,71,2026-07-24,reproduktif,2.861102225938599,5.4038977740614005,6.597,0.5418977740614005,0.0,0.0
P03,FL,72,2026-07-25,reproduktif,4.0171022259386,7.138897774061401,5.441,0.5418977740614005,0.0,0.0
P03,FL,73,2026-07-26,reproduktif,3.502102225938599,5.9828977740614,5.956,0.5418977740614005,0.0,0.0
P03,FL,74,2026-07-27,reproduktif,3.3681022259385998,6.497897774061401,6.09,0.5418977740614005,0.0,0.0
P03,FL,75,2026-07-28,reproduktif,3.6241022259386,6.6318977740614,5.834,0.5418977740614005,0.0,0.0
P03,FL,76,2026-07-29,reproduktif,4.1411022259385994,6.3758977740614,5.317,0.5418977740614005,0.0,0.0
P03,FL,77,2026-07-30,reproduktif,3.7741022259385995,5.8588977740614006,5.684,0.5418977740614005,0.0,0.0
P03,FL,78,2026-07-31,reproduktif,3.9281022259385994,6.2258977740614005,5.53,0.5418977740614005,0.0,0.0
P03,FL,79,2026-08-01,reproduktif,4.0781022259386,6.071897774061401,5.38,0.5418977740614005,0.0,0.0
P03,FL,80,2026-08-02,reproduktif,4.4401022259386,5.9218977740614,5.018,0.5418977740614005,0.0,0.0
P03,FL,81,2026-08-03,reproduktif,3.4871022259385995,5.5598977740614,5.971,0.5418977740614005,0.0,0.0
P03,FL,82,2026-08-04,reproduktif,4.146102225938599,6.5128977740614005,5.312,0.5418977740614005,0.0,0.0
P03,FL,83,2026-08-05,reproduktif,4.0841022259386,5.853897774061401,5.374,0.5418977740614005,0.0,0.0
P03,FL,84,2026-08-06,reproduktif,3.6521022259385996,5.9158977740614,5.806,0.5418977740614005,0.0,0.0
P03,FL,85,2026-08-07,reproduktif,3.2001022259385996,6.3478977740614,6.258,0.5418977740614005,0.0,0.0
P03,FL,86,2026-08-08,reproduktif,4.888102225938599,6.7998977740614,4.57,0.5418977740614005,0.0,0.0
P03,FL,87,2026-08-09,reproduktif,3.9091022259385992,5.111897774061401,5.549,0.5418977740614005,0.0,0.0
P03,FL,88,2026-08-10,reproduktif,3.6211022259386,6.090897774061401,5.837,0.5418977740614005,0.0,0.0
P03,FL,89,2026-08-11,reproduktif,3.5011022259385998,6.3788977740614,5.957,0.5418977740614005,0.0,0.0
P03,FL,90,2026-08-12,reproduktif,3.7631022259385993,6.4988977740614,5.695,0.5418977740614005,0.0,0.0
P03,FL,91,2026-08-13,pemasakan,-1.8068194460415636,0.0,5.366,0.20392167198016287,0.0,0.0
P03,FL,92,2026-08-14,pemasakan,3.6391022259385997,11.806819446041564,5.819,0.5418977740614005,0.0,0.0
P03,FL,93,2026-08-15,pemasakan,-2.860099913643201,0.0,6.302,0.1972021395818015,0.0,0.0
P03,FL,94,2026-08-16,pemasakan,3.5381022259385997,12.8600999136432,5.92,0.5418977740614005,0.0,0.0
P03,FL,95,2026-08-17,pemasakan,-3.0906267461251815,0.0,6.437,0.19172897206378137,0.0,0.0
P03,FL,96,2026-08-18,pemasakan,-4.287067524850528,0.0,4.958,0.03844077872534568,0.0,3.8
P03,FL,97,2026-08-19,pemasakan,5.0161022259385994,10.487067524850527,4.442,0.5418977740614005,0.0,3.8
P03,FL,98,2026-08-20,pemasakan,-0.051719237131456985,0.0,4.796,0.27182146307005634,0.0,0.0
P03,FL,99,2026-08-21,pemasakan,3.7091022259386,10.051719237131458,5.749,0.5418977740614005,0.0,0.0
P03,FL,100,2026-08-22,pemasakan,-2.1388931980616315,0.0,5.647,0.20099542400023132,0.0,0.0
P03,FL,101,2026-08-23,pemasakan,3.3551022259386,12.13889319806163,6.103,0.5418977740614005,0.0,0.0
P03,FL,102,2026-08-24,pemasakan,-2.319710016859858,0.0,5.493,0.18181224279845773,0.0,0.0
P03,FL,103,2026-08-25,pemasakan,3.0051022259385993,12.319710016859858,6.453,0.5418977740614005,0.0,0.0
P03,FL,104,2026-08-26,pemasakan,-2.4657435947677095,0.0,5.308,0.16284582070630868,0.0,0.0
P03,FL,105,2026-08-27,pemasakan,3.5661022259385993,12.465743594767709,5.892,0.5418977740614005,0.0,0.0
P03,FL,106,2026-08-28,pemasakan,-2.347144059892554,0.0,5.72,0.19324628583115325,0.0,0.0
P03,FL,107,2026-08-29,pemasakan,3.4681022259385994,12.347144059892553,5.99,0.5418977740614005,0.0,0.0
P03,FL,108,2026-08-30,pemasakan,-2.761833461706752,0.0,6.042,0.18793568764535154,0.0,0.0
P03,FL,109,2026-08-31,pemasakan,2.4291022259385997,12.761833461706752,7.029,0.5418977740614005,0.0,0.0
P03,FL,110,2026-09-01,pemasakan,-2.3805302829817725,0.0,4.678,0.13163250892037204,0.0,0.0
P03,SRI,1,2026-05-15,awal,15.019204451877199,0.0,3.897,1.083795548122801,0.0,0.0
P03,SRI,2,2026-05-16,awal,11.117317105812665,0.0,3.088,0.8138873460645332,0.0,0.0
P03,SRI,3,2026-05-17,awal,10.201559767498626,0.0,2.867,0.7487573383140397,0.0,2.7
P03,SRI,4,2026-05-18,awal,13.430154139437619,0.0,3.123,0.9484056280610068,0.0,7.3
P03,SRI,5,2026-05-19,awal,9.853377076091343,0.0,2.849,0.727777063346275,0.0,0.0
P03,SRI,6,2026-05-20,awal,12.272191212499278,0.0,3.195,0.8861858635920633,0.0,6.5
P03,SRI,7,2026-05-21,awal,10.507136169520987,0.0,2.235,0.7300550429782919,0.0,1.2
P03,SRI,8,2026-05-22,awal,38.52998027847234,0.0,3.187,2.390155891048651,0.0,33.6
P03,SRI,9,2026-05-23,awal,40.0,0.0,2.317,4.407253527736176,34.60572675073615,42.8
P03,SRI,10,2026-05-24,awal,33.501408903754395,0.0,4.331,2.167591096245602,0.0,0.0
P03,SRI,11,2026-05-25,awal,31.986243635730673,0.0,2.348,1.967165268023721,0.0,2.8
P03,SRI,12,2026-05-26,awal,27.78707825757064,0.0,2.655,1.7441653781600372,0.0,0.2
P03,SRI,13,2026-05-27,awal,23.087302672025896,0.0,3.194,1.505775585544747,0.0,0.0
P03,SRI,14,2026-05-28,awal,18.075206879320632,0.0,3.761,1.2510957927052657,0.0,0.0
P03,SRI,15,2026-05-29,awal,12.858715441960316,0.0,4.237,0.9794914373603164,0.0,0.0
P03,SRI,16,2026-05-30,awal,9.13990451443159,0.0,3.022,0.6968109275287253,0.0,0.0
P03,SRI,17,2026-05-31,awal,4.517615123281168,0.0,4.127,0.4952893911504225,0.0,0.0
P03,SRI,18,2026-06-01,awal,1.3328065653439491,0.0,2.94,0.24480855793721842,0.0,0.0
P03,SRI,19,2026-06-02,awal,-3.2834179257574814,0.0,4.544,0.07222449110143066,0.0,0.0
P03,SRI,20,2026-06-03,awal,6.010102225938599,12.383417925757481,3.448,0.5418977740614005,0.0,0.9
P03,SRI,21,2026-06-04,pertumbuhan,1.69241612412684,0.0,3.992,0.32568610181175955,0.0,0.0
P03,SRI,22,2026-06-05,pertumbuhan,-2.0742955289181557,0.0,3.675,0.09171165304499576,0.0,0.0
P03,SRI,23,2026-06-06,pertumbuhan,-8.430850186665516,0.0,5.056,1.3005546577473612,0.0,0.0
P03,SRI,24,2026-06-07,pertumbuhan,-13.245404844412878,0.0,3.514,1.3005546577473612,0.0,0.0
P03,SRI,25,2026-06-08,pertumbuhan,-17.383959502160238,0.0,2.838,1.3005546577473612,0.0,0.0
P03,SRI,26,2026-06-09,pertumbuhan,-22.6115141599076,0.0,3.927,1.3005546577473612,0.0,0.0
P03,SRI,27,2026-06-10,pertumbuhan,5.7881022259386,32.6115141599076,3.67,0.5418977740614005,0.0,0.0
P03,SRI,28,2026-06-11,pertumbuhan,2.137446254711003,0.0,3.337,0.3136559712275965,0.0,0.0
P03,SRI,29,2026-06-12,pertumbuhan,-1.744381482049374,0.0,3.766,0.115827736760377,0.0,0.0
P03,SRI,30,2026-06-13,pertumbuhan,-6.967936139796736,0.0,3.923,1.3005546577473612,0.0,0.0
P03,SRI,31,2026-06-14,pertumbuhan,-11.474490797544096,0.0,3.206,1.3005546577473612,0.0,0.0
P03,SRI,32,2026-06-15,pertumbuhan,-16.852045455291456,0.0,4.077,1.3005546577473612,0.0,0.0
P03,SRI,33,2026-06-16,pertumbuhan,-22.735600113038817,0.0,4.583,1.3005546577473612,0.0,0.0
P03,SRI,34,2026-06-17,pertumbuhan,6.7971022259386,32.63560011303882,2.661,0.5418977740614005,0.0,0.1
P03,SRI,35,2026-06-18,pertumbuhan,2.2937687693082083,0.0,4.135,0.3683334566303918,0.0,0.0
P03,SRI,36,2026-06-19,pertumbuhan,17.612255424414826,0.0,3.568,1.2135133448933828,0.0,20.1
P03,SRI,37,2026-06-20,pertumbuhan,12.997851223345704,0.0,3.66,0.9544042010691222,0.0,0.0
P03,SRI,38,2026-06-21,pertumbuhan,8.410500558794475,0.0,3.883,0.7043506645512289,0.0,0.0
P03,SRI,39,2026-06-22,pertumbuhan,3.206737405639185,0.0,4.748,0.4557631531552891,0.0,0.0
P03,SRI,40,2026-06-23,pertumbuhan,-1.507034980572346,0.0,4.54,0.17377238621153046,0.0,0.0
P03,SRI,41,2026-06-24,pertumbuhan,-6.954589638319708,0.0,4.147,1.3005546577473612,0.0,0.0
P03,SRI,42,2026-06-25,pertumbuhan,-12.09014429606707,0.0,3.835,1.3005546577473612,0.0,0.0
P03,SRI,43,2026-06-26,pertumbuhan,-15.72669895381443,0.0,2.936,1.3005546577473612,0.0,0.6
P03,SRI,44,2026-06-27,pertumbuhan,-15.175253611561791,0.0,3.948,1.3005546577473612,0.0,5.8
P03,SRI,45,2026-06-28,pertumbuhan,37.394501891914956,0.0,3.015,2.3152444965232526,0.0,57.9
P03,SRI,46,2026-06-29,pertumbuhan,30.726102158178602,0.0,4.642,2.0263997337363544,0.0,0.0
P03,SRI,47,2026-06-30,pertumbuhan,24.369061521668584,0.0,4.692,1.6650406365100179,0.0,0.0
P03,SRI,48,2026-07-01,pertumbuhan,18.615507502212832,0.0,4.433,1.3205540194557532,0.0,0.0
P03,SRI,49,2026-07-02,pertumbuhan,13.048737294365589,0.0,4.558,1.0087702078472436,0.0,0.0
P03,SRI,50,2026-07-03,pertumbuhan,7.91462912495272,0.0,4.427,0.7071081694128695,0.0,0.0
P03,SRI,51,2026-07-04,reproduktif,6.086357579607099,0.0,3.291,0.537271545345621,0.0,2.0
P03,SRI,52,2026-07-05,reproduktif,1.5055392171540163,0.0,4.251,0.32981836245308205,0.0,0.0
P03,SRI,53,2026-07-06,reproduktif,-1.6670456178997743,0.0,3.091,0.0815848350537905,0.0,0.0
P03,SRI,54,2026-07-07,reproduktif,-6.819461611210295,0.0,4.177,0.9754159933105209,0.0,0.0
P03,SRI,55,2026-07-08,reproduktif,0.9567390108415257,0.0,3.281,0.24279937794817955,0.0,11.3
P03,SRI,56,2026-07-09,reproduktif,-3.389106463191747,0.0,4.294,0.051845474033272894,0.0,0.0
P03,SRI,57,2026-07-10,reproduktif,-9.562522456502268,0.0,5.198,0.9754159933105209,0.0,0.0
P03,SRI,58,2026-07-11,reproduktif,-15.05393844981279,0.0,4.516,0.9754159933105209,0.0,0.0
P03,SRI,59,2026-07-12,reproduktif,-20.156354443123313,0.0,4.127,0.9754159933105209,0.0,0.0
P03,SRI,60,2026-07-13,reproduktif,-12.805770436433832,0.0,4.074,0.9754159933105209,0.0,12.4
P03,SRI,61,2026-07-14,reproduktif,-17.62318642974435,0.0,3.842,0.9754159933105209,0.0,0.0
P03,SRI,62,2026-07-15,reproduktif,-22.384602423054872,0.0,3.786,0.9754159933105209,0.0,0.0
P03,SRI,63,2026-07-16,reproduktif,-28.173018416365395,0.0,4.813,0.9754159933105209,0.0,0.0
P03,SRI,64,2026-07-17,reproduktif,-0.10694888703070049,33.173018416365395,4.836,0.27094888703070025,0.0,0.0
P03,SRI,65,2026-07-18,reproduktif,-6.471364880341222,0.0,5.389,0.9754159933105209,0.0,0.0
P03,SRI,66,2026-07-19,reproduktif,-12.190780873651743,0.0,4.744,0.9754159933105209,0.0,0.0
P03,SRI,67,2026-07-20,reproduktif,-17.216196866962264,0.0,4.05,0.9754159933105209,0.0,0.0
P03,SRI,68,2026-07-21,reproduktif,-23.283612860272783,0.0,5.092,0.9754159933105209,0.0,0.0
P03,SRI,69,2026-07-22,reproduktif,-29.594028853583303,0.0,5.335,0.9754159933105209,0.0,0.0
P03,SRI,70,2026-07-23,reproduktif,0.17905111296929999,34.5940288535833,4.55,0.27094888703070025,0.0,0.0
P03,SRI,71,2026-07-24,reproduktif,-6.003651626986828,0.0,6.173,0.009702739956128003,0.0,0.0
P03,SRI,72,2026-07-25,reproduktif,-12.071067620297349,0.0,5.092,0.9754159933105209,0.0,0.0
P03,SRI,73,2026-07-26,reproduktif,-18.61948361360787,0.0,5.573,0.9754159933105209,0.0,0.0
P03,SRI,74,2026-07-27,reproduktif,-25.29389960691839,0.0,5.699,0.9754159933105209,0.0,0.0
P03,SRI,75,2026-07-28,reproduktif,-0.7299488870306998,30.29389960691839,5.459,0.27094888703070025,0.0,0.0
P03,SRI,76,2026-07-29,reproduktif,-6.681364880341221,0.0,4.976,0.9754159933105209,0.0,0.0
P03,SRI,77,2026-07-30,reproduktif,-12.975780873651741,0.0,5.319,0.9754159933105209,0.0,0.0
P03,SRI,78,2026-07-31,reproduktif,-19.125196866962263,0.0,5.174,0.9754159933105209,0.0,0.0
P03,SRI,79,2026-08-01,reproduktif,-25.135612860272783,0.0,5.035,0.9754159933105209,0.0,0.0
P03,SRI,80,2026-08-02,reproduktif,0.03305111296930008,30.135612860272783,4.696,0.27094888703070025,0.0,0.0
P03,SRI,81,2026-08-03,reproduktif,-5.556739919485532,0.0,5.588,0.00179103245483156,0.0,0.0
P03,SRI,82,2026-08-04,reproduktif,-11.502155912796052,0.0,4.97,0.9754159933105209,0.0,0.0
P03,SRI,83,2026-08-05,reproduktif,-17.506571906106572,0.0,5.029,0.9754159933105209,0.0,0.0
P03,SRI,84,2026-08-06,reproduktif,-23.915987899417093,0.0,5.434,0.9754159933105209,0.0,0.0
P03,SRI,85,2026-08-07,reproduktif,-30.747403892727615,0.0,5.856,0.9754159933105209,0.0,0.0
P03,SRI,86,2026-08-08,reproduktif,0.4520511129692997,35.74740389272762,4.277,0.27094888703070025,0.0,0.0
P03,SRI,87,2026-08-09,reproduktif,-4.765445436218704,0.0,5.193,0.02449654918800422,0.0,0.0
P03,SRI,88,2026-08-10,reproduktif,-11.202861429529225,0.0,5.462,0.9754159933105209,0.0,0.0
P03,SRI,89,2026-08-11,reproduktif,-17.752277422839747,0.0,5.574,0.9754159933105209,0.0,0.0
P03,SRI,90,2026-08-12,reproduktif,-24.056693416150267,0.0,5.329,0.9754159933105209,0.0,0.0
P03,SRI,91,2026-08-13,pemasakan,-30.346109409460787,0.0,5.314,0.9754159933105209,0.0,0.0
P03,SRI,92,2026-08-14,pemasakan,-6.739415993310521,30.346109409460787,5.764,0.9754159933105209,0.0,0.0
P03,SRI,93,2026-08-15,pemasakan,-13.956831986621042,0.0,6.242,0.9754159933105209,0.0,0.0
P03,SRI,94,2026-08-16,pemasakan,-20.796247979931564,0.0,5.864,0.9754159933105209,0.0,0.0
P03,SRI,95,2026-08-17,pemasakan,-28.146663973242084,0.0,6.375,0.9754159933105209,0.0,0.0
P03,SRI,96,2026-08-18,pemasakan,-30.233079966552605,0.0,4.911,0.9754159933105209,0.0,3.8
P03,SRI,97,2026-08-19,pemasakan,-31.807495959863125,0.0,4.399,0.9754159933105209,0.0,3.8
P03,SRI,98,2026-08-20,pemasakan,-5.726415993310521,31.807495959863125,4.751,0.9754159933105209,0.0,0.0
P03,SRI,99,2026-08-21,pemasakan,-12.395831986621042,0.0,5.694,0.9754159933105209,0.0,0.0
P03,SRI,100,2026-08-22,pemasakan,-18.964247979931564,0.0,5.593,0.9754159933105209,0.0,0.0
P03,SRI,101,2026-08-23,pemasakan,-25.983663973242084,0.0,6.044,0.9754159933105209,0.0,0.0
P03,SRI,102,2026-08-24,pemasakan,-32.399079966552605,0.0,5.44,0.9754159933105209,0.0,0.0
P03,SRI,103,2026-08-25,pemasakan,-7.367415993310521,32.399079966552605,6.392,0.9754159933105209,0.0,0.0
P03,SRI,104,2026-08-26,pemasakan,-13.59983198662104,0.0,5.257,0.9754159933105209,0.0,0.0
P03,SRI,105,2026-08-27,pemasakan,-20.41024797993156,0.0,5.835,0.9754159933105209,0.0,0.0
P03,SRI,106,2026-08-28,pemasakan,-27.051663973242082,0.0,5.666,0.9754159933105209,0.0,0.0
P03,SRI,107,2026-08-29,pemasakan,-33.960079966552605,0.0,5.933,0.9754159933105209,0.0,0.0
P03,SRI,108,2026-08-30,pemasakan,-6.959415993310521,33.960079966552605,5.984,0.9754159933105209,0.0,0.0
P03,SRI,109,2026-08-31,pemasakan,-14.896831986621041,0.0,6.962,0.9754159933105209,0.0,0.0
P03,SRI,110,2026-09-01,pemasakan,-20.50524797993156,0.0,4.633,0.9754159933105209,0.0,0.0
P04,FL,1,2026-05-15,awal,15.446263675144369,0.0,3.936,0.6177363248556318,0.0,0.0
P04,FL,2,2026-05-16,awal,11.850177767372632,0.0,3.119,0.4770859077717363,0.0,0.0
P04,FL,3,2026-05-17,awal,11.204769100371987,0.0,2.896,0.4494086670006445,0.0,2.7
P04,FL,4,2026-05-18,awal,14.779215697553695,0.0,3.154,0.5715534028182924,0.0,7.3
P04,FL,5,2026-05-19,awal,11.445732778090921,0.0,2.877,0.4564829194627741,0.0,0.0
P04,FL,6,2026-05-20,awal,14.164446227431965,0.0,3.227,0.5542865506589566,0.0,6.5
P04,FL,7,2026-05-21,awal,12.632887400133175,0.0,2.257,0.47455882729878984,0.0,1.2
P04,FL,8,2026-05-22,awal,41.58590070263205,0.0,3.219,1.4279866975011257,0.0,33.6
P04,FL,9,2026-05-23,awal,50.0,0.0,2.34,2.60641180848381,29.43948889414824,42.8
P04,FL,10,2026-05-24,awal,44.08165918786092,0.0,4.374,1.5443408121390794,0.0,0.0
P04,FL,11,2026-05-25,awal,43.06263399536874,0.0,2.371,1.4480251924921732,0.0,2.8
P04,FL,12,2026-05-26,awal,39.24438896897507,0.0,2.682,1.3362450263936703,0.0,0.2
P04,FL,13,2026-05-27,awal,34.8062547383301,0.0,3.226,1.2121342306449778,0.0,0.0
P04,FL,14,2026-05-28,awal,29.93220034412785,0.0,3.799,1.0750543942022477,0.0,0.0
P04,FL,15,2026-05-29,awal,24.728689972356648,0.0,4.279,0.9245103717712007,0.0,0.0
P04,FL,16,2026-05-30,awal,20.912899469255752,0.0,3.052,0.7637905031008955,0.0,0.0
P04,FL,17,2026-05-31,awal,16.098966586245083,0.0,4.168,0.645932883010667,0.0,0.0
P04,FL,18,2026-06-01,awal,12.632720763597051,0.0,2.969,0.4972458226480327,0.0,0.0
P04,FL,19,2026-06-02,awal,7.653536238725457,0.0,4.589,0.3901845248715936,0.0,0.0
P04,FL,20,2026-06-03,awal,15.900263675144368,11.446463761274543,3.482,0.6177363248556318,0.0,0.9
P04,FL,21,2026-06-04,pertumbuhan,11.168155152798409,0.0,4.241,0.49110852234595914,0.0,0.0
P04,FL,22,2026-06-05,pertumbuhan,6.9182063968230505,0.0,3.905,0.3449487559753588,0.0,0.0
P04,FL,23,2026-06-06,pertumbuhan,14.010263675144369,13.08179360317695,5.372,0.6177363248556318,0.0,0.0
P04,FL,24,2026-06-07,pertumbuhan,9.844531235497268,0.0,3.733,0.43273243964710195,0.0,0.0
P04,FL,25,2026-06-08,pertumbuhan,16.36726367514437,10.155468764502732,3.015,0.6177363248556318,0.0,0.0
P04,FL,26,2026-06-09,pertumbuhan,11.68873100961303,0.0,4.173,0.5055326655313381,0.0,0.0
P04,FL,27,2026-06-10,pertumbuhan,7.4287033228078085,0.0,3.899,0.3610276868052205,0.0,0.0
P04,FL,28,2026-06-11,pertumbuhan,15.83626367514437,12.57129667719219,3.546,0.6177363248556318,0.0,0.0
P04,FL,29,2026-06-12,pertumbuhan,11.346131909037947,0.0,4.001,0.4891317661064212,0.0,0.0
P04,FL,30,2026-06-13,pertumbuhan,6.827686017697131,0.0,4.168,0.3504458913408157,0.0,0.0
P04,FL,31,2026-06-14,pertumbuhan,15.975263675144369,13.17231398230287,3.407,0.6177363248556318,0.0,0.0
P04,FL,32,2026-06-15,pertumbuhan,11.149838641580201,0.0,4.332,0.4934250335641678,0.0,0.0
P04,FL,33,2026-06-16,pertumbuhan,5.936455624321049,0.0,4.869,0.34438301725915316,0.0,0.0
P04,FL,34,2026-06-17,pertumbuhan,16.555263675144367,13.963544375678952,2.827,0.6177363248556318,0.0,0.1
P04,FL,35,2026-06-18,pertumbuhan,11.650924288159386,0.0,4.393,0.511339386984981,0.0,0.0
P04,FL,36,2026-06-19,pertumbuhan,26.97923932413254,0.0,3.791,0.9806849640268498,0.0,20.1
P04,FL,37,2026-06-20,pertumbuhan,22.25793651675803,0.0,3.888,0.8333028073745087,0.0,0.0
P04,FL,38,2026-06-21,pertumbuhan,17.444459721621428,0.0,4.126,0.6874767951366033,0.0,0.0
P04,FL,39,2026-06-22,pertumbuhan,11.860655899745101,0.0,5.045,0.5388038218763259,0.0,0.0
P04,FL,40,2026-06-23,pertumbuhan,6.670318000450811,0.0,4.824,0.3663378992942902,0.0,0.0
P04,FL,41,2026-06-24,pertumbuhan,14.976263675144368,13.329681999549189,4.406,0.6177363248556318,0.0,0.0
P04,FL,42,2026-06-25,pertumbuhan,10.438694571006739,0.0,4.075,0.462569104137629,0.0,0.0
P04,FL,43,2026-06-26,pertumbuhan,7.578744440231862,0.0,3.119,0.34095013077487585,0.0,0.6
P04,FL,44,2026-06-27,pertumbuhan,8.771517619147286,0.0,4.194,0.41322682108457737,0.0,5.8
P04,FL,45,2026-06-28,pertumbuhan,50.0,0.0,3.204,2.059270913329977,11.408246705817305,57.9
P04,FL,46,2026-06-29,pertumbuhan,43.52365918786092,0.0,4.932,1.5443408121390794,0.0,0.0
P04,FL,47,2026-06-30,pertumbuhan,37.19335192431201,0.0,4.986,1.3443072635489128,0.0,0.0
P04,FL,48,2026-07-01,pertumbuhan,31.33456769797268,0.0,4.71,1.148784226339332,0.0,0.0
P04,FL,49,2026-07-02,pertumbuhan,25.523742663438398,0.0,4.843,0.9678250345342818,0.0,0.0
P04,FL,50,2026-07-03,pertumbuhan,20.03239551396473,0.0,4.703,0.7883471494736665,0.0,0.0
P04,FL,51,2026-07-04,reproduktif,17.835884962336614,0.0,3.516,0.680510551628114,0.0,2.0
P04,FL,52,2026-07-05,reproduktif,12.741991260977532,0.0,4.543,0.5508937013590824,0.0,0.0
P04,FL,53,2026-07-06,reproduktif,9.04543171833259,0.0,3.303,0.39355954264494186,0.0,0.0
P04,FL,54,2026-07-07,reproduktif,4.302047131011824,0.0,4.464,0.2793845873207668,0.0,0.0
P04,FL,55,2026-07-08,reproduktif,11.613149568265044,0.0,3.507,0.48189756274677986,0.0,11.3
P04,FL,56,2026-07-09,reproduktif,6.665456351550103,0.0,4.589,0.35869321671494075,0.0,0.0
P04,FL,57,2026-07-10,reproduktif,0.9045816260454931,0.0,5.555,0.20587472550460942,0.0,0.0
P04,FL,58,2026-07-11,reproduktif,4.866131837572184,9.095418373954507,4.825,0.3088681624278159,0.0,0.0
P04,FL,59,2026-07-12,reproduktif,5.281131837572184,5.133868162427816,4.41,0.3088681624278159,0.0,0.0
P04,FL,60,2026-07-13,reproduktif,12.782017967540698,0.0,4.353,0.5461138700314873,0.0,12.4
P04,FL,61,2026-07-14,reproduktif,8.281222127365336,0.0,4.106,0.3947958401753621,0.0,0.0
P04,FL,62,2026-07-15,reproduktif,3.979441541251745,0.0,4.046,0.25578058611358995,0.0,0.0
P04,FL,63,2026-07-16,reproduktif,4.547131837572184,6.020558458748255,5.144,0.3088681624278159,0.0,0.0
P04,FL,64,2026-07-17,reproduktif,4.523131837572184,5.452868162427816,5.168,0.3088681624278159,0.0,0.0
P04,FL,65,2026-07-18,reproduktif,3.9331318375721844,5.476868162427816,5.758,0.3088681624278159,0.0,0.0
P04,FL,66,2026-07-19,reproduktif,4.621131837572184,6.066868162427816,5.07,0.3088681624278159,0.0,0.0
P04,FL,67,2026-07-20,reproduktif,5.363131837572184,5.378868162427816,4.328,0.3088681624278159,0.0,0.0
P04,FL,68,2026-07-21,reproduktif,-0.2435182299807197,0.0,5.441,0.1656500675529036,0.0,0.0
P04,FL,69,2026-07-22,reproduktif,3.990131837572185,10.243518229980719,5.701,0.3088681624278159,0.0,0.0
P04,FL,70,2026-07-23,reproduktif,4.829131837572184,6.009868162427815,4.862,0.3088681624278159,0.0,0.0
P04,FL,71,2026-07-24,reproduktif,3.094131837572184,5.170868162427816,6.597,0.3088681624278159,0.0,0.0
P04,FL,72,2026-07-25,reproduktif,4.250131837572185,6.905868162427816,5.441,0.3088681624278159,0.0,0.0
P04,FL,73,2026-07-26,reproduktif,3.735131837572184,5.749868162427815,5.956,0.3088681624278159,0.0,0.0
P04,FL,74,2026-07-27,reproduktif,3.6011318375721846,6.264868162427816,6.09,0.3088681624278159,0.0,0.0
P04,FL,75,2026-07-28,reproduktif,3.857131837572185,6.398868162427815,5.834,0.3088681624278159,0.0,0.0
P04,FL,76,2026-07-29,reproduktif,4.374131837572184,6.142868162427815,5.317,0.3088681624278159,0.0,0.0
P04,FL,77,2026-07-30,reproduktif,4.007131837572184,5.625868162427816,5.684,0.3088681624278159,0.0,0.0
P04,FL,78,2026-07-31,reproduktif,4.161131837572184,5.992868162427816,5.53,0.3088681624278159,0.0,0.0
P04,FL,79,2026-08-01,reproduktif,4.3111318375721845,5.838868162427816,5.38,0.3088681624278159,0.0,0.0
P04,FL,80,2026-08-02,reproduktif,4.673131837572185,5.6888681624278155,5.018,0.3088681624278159,0.0,0.0
P04,FL,81,2026-08-03,reproduktif,3.7201318375721844,5.326868162427815,5.971,0.3088681624278159,0.0,0.0
P04,FL,82,2026-08-04,reproduktif,4.379131837572184,6.279868162427816,5.312,0.3088681624278159,0.0,0.0
P04,FL,83,2026-08-05,reproduktif,4.317131837572185,5.620868162427816,5.374,0.3088681624278159,0.0,0.0
P04,FL,84,2026-08-06,reproduktif,3.8851318375721844,5.682868162427815,5.806,0.3088681624278159,0.0,0.0
P04,FL,85,2026-08-07,reproduktif,3.4331318375721844,6.114868162427816,6.258,0.3088681624278159,0.0,0.0
P04,FL,86,2026-08-08,reproduktif,5.121131837572184,6.566868162427816,4.57,0.3088681624278159,0.0,0.0
P04,FL,87,2026-08-09,reproduktif,-0.586043620449967,0.0,5.549,0.15817545802215047,0.0,0.0
P04,FL,88,2026-08-10,reproduktif,3.8541318375721847,10.586043620449967,5.837,0.3088681624278159,0.0,0.0
P04,FL,89,2026-08-11,reproduktif,3.7341318375721846,6.145868162427815,5.957,0.3088681624278159,0.0,0.0
P04,FL,90,2026-08-12,reproduktif,3.996131837572184,6.265868162427815,5.695,0.3088681624278159,0.0,0.0
P04,FL,91,2026-08-13,pemasakan,-1.4932959521768367,0.0,5.366,0.12342778974902117,0.0,0.0
P04,FL,92,2026-08-14,pemasakan,3.8721318375721845,11.493295952176837,5.819,0.3088681624278159,0.0,0.0
P04,FL,93,2026-08-15,pemasakan,-2.5494659869627316,0.0,6.302,0.11959782453491627,0.0,0.0
P04,FL,94,2026-08-16,pemasakan,3.7711318375721845,12.549465986962732,5.92,0.3088681624278159,0.0,0.0
P04,FL,95,2026-08-17,pemasakan,-2.782346418522211,0.0,6.437,0.11647825609439533,0.0,0.0
P04,FL,96,2026-08-18,pemasakan,-3.9717784976921244,0.0,4.958,0.03143207916991302,0.0,3.8
P04,FL,97,2026-08-19,pemasakan,5.249131837572184,10.171778497692124,4.442,0.3088681624278159,0.0,3.8
P04,FL,98,2026-08-20,pemasakan,0.2910028670709579,0.0,4.796,0.16212897050122652,0.0,0.0
P04,FL,99,2026-08-21,pemasakan,-5.466985285010385,0.0,5.749,0.008988152081343273,0.0,0.0
P04,FL,100,2026-08-22,pemasakan,4.044131837572184,15.466985285010384,5.647,0.3088681624278159,0.0,0.0
P04,FL,101,2026-08-23,pemasakan,-2.1837785193564905,0.0,6.103,0.12491035692867469,0.0,0.0
P04,FL,102,2026-08-24,pemasakan,4.198131837572184,12.18377851935649,5.493,0.3088681624278159,0.0,0.0
P04,FL,103,2026-08-25,pemasakan,-2.384535089057879,0.0,6.453,0.12966692663006305,0.0,0.0
P04,FL,104,2026-08-26,pemasakan,4.383131837572185,12.384535089057879,5.308,0.3088681624278159,0.0,0.0
P04,FL,105,2026-08-27,pemasakan,-1.6442491500627936,0.0,5.892,0.13538098763497766,0.0,0.0
P04,FL,106,2026-08-28,pemasakan,3.9711318375721847,11.644249150062794,5.72,0.3088681624278159,0.0,0.0
P04,FL,107,2026-08-29,pemasakan,-2.1415237817707675,0.0,5.99,0.12265561934295165,0.0,0.0
P04,FL,108,2026-08-30,pemasakan,3.6491318375721846,12.141523781770768,6.042,0.3088681624278159,0.0,0.0
P04,FL,109,2026-08-31,pemasakan,-3.4925782269405916,0.0,7.029,0.11271006451277597,0.0,0.0
P04,FL,110,2026-09-01,pemasakan,5.0131318375721845,13.49257822694059,4.678,0.3088681624278159,0.0,0.0
P04,SRI,1,2026-05-15,awal,15.485263675144369,0.0,3.897,0.6177363248556318,0.0,0.0
P04,SRI,2,2026-05-16,awal,11.918973181539164,0.0,3.088,0.47829049360520476,0.0,0.0
P04,SRI,3,2026-05-17,awal,11.300439643222813,0.0,2.867,0.4515335383163523,0.0,2.7
P04,SRI,4,2026-05-18,awal,14.90293128192764,0.0,3.123,0.5745083612951729,0.0,7.3
P04,SRI,5,2026-05-19,awal,11.593627181943939,0.0,2.849,0.4603040999837004,0.0,0.0
P04,SRI,6,2026-05-20,awal,14.339772644009837,0.0,3.195,0.5588545379341004,0.0,6.5
P04,SRI,7,2026-05-21,awal,12.8247985418997,0.0,2.235,0.479974102110136,0.0,1.2
P04,SRI,8,2026-05-22,awal,40.0,0.0,3.187,1.4339142216718108,1.803884320227894,33.6
P04,SRI,9,2026-05-23,awal,40.0,0.0,2.317,2.557428384902315,37.92557161509768,42.8
P04,SRI,10,2026-05-24,awal,34.433527350288735,0.0,4.331,1.2354726497112636,0.0,0.0
P04,SRI,11,2026-05-25,awal,33.735502232949784,0.0,2.348,1.1500251173389504,0.0,2.8
P04,SRI,12,2026-05-26,awal,30.232342611374165,0.0,2.655,1.0481596215756244,0.0,0.2
P04,SRI,13,2026-05-27,awal,26.104561800547835,0.0,3.194,0.9337808108263295,0.0,0.0
P04,SRI,14,2026-05-28,awal,21.53727499711598,0.0,3.761,0.8062868034318567,0.0,0.0
P04,SRI,15,2026-05-29,awal,16.635057141909805,0.0,4.237,0.6652178552061756,0.0,0.0
P04,SRI,16,2026-05-30,awal,13.099253188779464,0.0,3.022,0.5138039531303396,0.0,0.0
P04,SRI,17,2026-05-31,awal,8.567658962619962,0.0,4.127,0.4045942261595021,0.0,0.0
P04,SRI,18,2026-06-01,awal,5.363031254610698,0.0,2.94,0.2646277080092635,0.0,0.0
P04,SRI,19,2026-06-02,awal,0.6533842937452432,0.0,4.544,0.16564696086545502,0.0,0.0
P04,SRI,20,2026-06-03,awal,-1.9425948014900891,0.0,3.448,0.04797909523533238,0.0,0.9
P04,SRI,21,2026-06-04,pertumbuhan,-6.675878391316847,0.0,3.992,0.7412835898267581,0.0,0.0
P04,SRI,22,2026-06-05,pertumbuhan,-11.092161981143605,0.0,3.675,0.7412835898267581,0.0,0.0
P04,SRI,23,2026-06-06,pertumbuhan,-16.889445570970363,0.0,5.056,0.7412835898267581,0.0,0.0
P04,SRI,24,2026-06-07,pertumbuhan,-21.14472916079712,0.0,3.514,0.7412835898267581,0.0,0.0
P04,SRI,25,2026-06-08,pertumbuhan,6.8531318375721835,31.14472916079712,2.838,0.3088681624278159,0.0,0.0
P04,SRI,26,2026-06-09,pertumbuhan,2.7144604138175357,0.0,3.927,0.21167142375464815,0.0,0.0
P04,SRI,27,2026-06-10,pertumbuhan,-1.0393806261823513,0.0,3.67,0.0838410399998871,0.0,0.0
P04,SRI,28,2026-06-11,pertumbuhan,-5.117664216009109,0.0,3.337,0.7412835898267581,0.0,0.0
P04,SRI,29,2026-06-12,pertumbuhan,-9.624947805835866,0.0,3.766,0.7412835898267581,0.0,0.0
P04,SRI,30,2026-06-13,pertumbuhan,-14.289231395662625,0.0,3.923,0.7412835898267581,0.0,0.0
P04,SRI,31,2026-06-14,pertumbuhan,-18.236514985489382,0.0,3.206,0.7412835898267581,0.0,0.0
P04,SRI,32,2026-06-15,pertumbuhan,-23.05479857531614,0.0,4.077,0.7412835898267581,0.0,0.0
P04,SRI,33,2026-06-16,pertumbuhan,5.108131837572184,33.05479857531614,4.583,0.3088681624278159,0.0,0.0
P04,SRI,34,2026-06-17,pertumbuhan,2.3862692265369114,0.0,2.661,0.16086261103527244,0.0,0.1
P04,SRI,35,2026-06-18,pertumbuhan,-1.8224350325689382,0.0,4.135,0.07370425910585013,0.0,0.0
P04,SRI,36,2026-06-19,pertumbuhan,14.145029176916516,0.0,3.568,0.5645357905145454,0.0,20.1
P04,SRI,37,2026-06-20,pertumbuhan,10.048134259980312,0.0,3.66,0.4368949169362045,0.0,0.0
P04,SRI,38,2026-06-21,pertumbuhan,5.854779383509502,0.0,3.883,0.31035487647081006,0.0,0.0
P04,SRI,39,2026-06-22,pertumbuhan,0.9259438885490177,0.0,4.748,0.18083549496048407,0.0,0.0
P04,SRI,40,2026-06-23,pertumbuhan,-3.6426555701877223,0.0,4.54,0.028599458736740142,0.0,0.0
P04,SRI,41,2026-06-24,pertumbuhan,-8.53093916001448,0.0,4.147,0.7412835898267581,0.0,0.0
P04,SRI,42,2026-06-25,pertumbuhan,-13.107222749841238,0.0,3.835,0.7412835898267581,0.0,0.0
P04,SRI,43,2026-06-26,pertumbuhan,-16.184506339667998,0.0,2.936,0.7412835898267581,0.0,0.6
P04,SRI,44,2026-06-27,pertumbuhan,-15.073789929494755,0.0,3.948,0.7412835898267581,0.0,5.8
P04,SRI,45,2026-06-28,pertumbuhan,38.48844478968278,0.0,3.015,1.3227652808224577,0.0,57.9
P04,SRI,46,2026-06-29,pertumbuhan,32.6576592679934,0.0,4.642,1.1887855216893766,0.0,0.0
P04,SRI,47,2026-06-30,pertumbuhan,26.956968147263517,0.0,4.692,1.0086911207298852,0.0,0.0
P04,SRI,48,2026-07-01,pertumbuhan,21.691353225636473,0.0,4.433,0.8326149216270446,0.0,0.0
P04,SRI,49,2026-07-02,pertumbuhan,16.46337638449897,0.0,4.558,0.6699768411375013,0.0,0.0
P04,SRI,50,2026-07-03,pertumbuhan,11.527875103375202,0.0,4.427,0.5085012811237697,0.0,0.0
P04,SRI,51,2026-07-04,reproduktif,9.819042110901952,0.0,3.291,0.41783299247324984,0.0,2.0
P04,SRI,52,2026-07-05,reproduktif,5.264763161542389,0.0,4.251,0.30327894935956284,0.0,0.0
P04,SRI,53,2026-07-06,reproduktif,2.0111513892100628,0.0,3.091,0.1626117723323256,0.0,0.0
P04,SRI,54,2026-07-07,reproduktif,-2.227966674184883,0.0,4.177,0.06211806339494612,0.0,0.0
P04,SRI,55,2026-07-08,reproduktif,5.510827099532276,0.0,3.281,0.28020622628284225,0.0,11.3
P04,SRI,56,2026-07-09,reproduktif,1.0466151955632812,0.0,4.294,0.17021190396899444,0.0,0.0
P04,SRI,57,2026-07-10,reproduktif,-4.183711415658985,0.0,5.198,0.03232661122226598,0.0,0.0
P04,SRI,58,2026-07-11,reproduktif,-9.255674108029055,0.0,4.516,0.5559626923700686,0.0,0.0
P04,SRI,59,2026-07-12,reproduktif,-13.938636800399124,0.0,4.127,0.5559626923700686,0.0,0.0
P04,SRI,60,2026-07-13,reproduktif,-6.168599492769192,0.0,4.074,0.5559626923700686,0.0,12.4
P04,SRI,61,2026-07-14,reproduktif,-10.566562185139261,0.0,3.842,0.5559626923700686,0.0,0.0
P04,SRI,62,2026-07-15,reproduktif,-14.908524877509329,0.0,3.786,0.5559626923700686,0.0,0.0
P04,SRI,63,2026-07-16,reproduktif,-20.277487569879398,0.0,4.813,0.5559626923700686,0.0,0.0
P04,SRI,64,2026-07-17,reproduktif,-25.669450262249466,0.0,4.836,0.5559626923700686,0.0,0.0
P04,SRI,65,2026-07-18,reproduktif,-0.543434081213908,30.669450262249466,5.389,0.15443408121390795,0.0,0.0
P04,SRI,66,2026-07-19,reproduktif,-5.843396773583977,0.0,4.744,0.5559626923700686,0.0,0.0
P04,SRI,67,2026-07-20,reproduktif,-10.449359465954046,0.0,4.05,0.5559626923700686,0.0,0.0
P04,SRI,68,2026-07-21,reproduktif,-16.097322158324115,0.0,5.092,0.5559626923700686,0.0,0.0
P04,SRI,69,2026-07-22,reproduktif,-21.988284850694185,0.0,5.335,0.5559626923700686,0.0,0.0
P04,SRI,70,2026-07-23,reproduktif,-27.094247543064256,0.0,4.55,0.5559626923700686,0.0,0.0
P04,SRI,71,2026-07-24,reproduktif,-1.3274340812139078,32.094247543064256,6.173,0.15443408121390795,0.0,0.0
P04,SRI,72,2026-07-25,reproduktif,-6.975396773583976,0.0,5.092,0.5559626923700686,0.0,0.0
P04,SRI,73,2026-07-26,reproduktif,-13.104359465954046,0.0,5.573,0.5559626923700686,0.0,0.0
P04,SRI,74,2026-07-27,reproduktif,-19.359322158324115,0.0,5.699,0.5559626923700686,0.0,0.0
P04,SRI,75,2026-07-28,reproduktif,-25.374284850694185,0.0,5.459,0.5559626923700686,0.0,0.0
P04,SRI,76,2026-07-29,reproduktif,-0.13043408121390776,30.374284850694185,4.976,0.15443408121390795,0.0,0.0
P04,SRI,77,2026-07-30,reproduktif,-6.005396773583977,0.0,5.319,0.5559626923700686,0.0,0.0
P04,SRI,78,2026-07-31,reproduktif,-11.735359465954046,0.0,5.174,0.5559626923700686,0.0,0.0
P04,SRI,79,2026-08-01,reproduktif,-17.326322158324114,0.0,5.035,0.5559626923700686,0.0,0.0
P04,SRI,80,2026-08-02,reproduktif,-22.578284850694182,0.0,4.696,0.5559626923700686,0.0,0.0
P04,SRI,81,2026-08-03,reproduktif,-28.72224754306425,0.0,5.588,0.5559626923700686,0.0,0.0
P04,SRI,82,2026-08-04,reproduktif,-0.12443408121390753,33.72224754306425,4.97,0.15443408121390795,0.0,0.0
P04,SRI,83,2026-08-05,reproduktif,-5.709396773583976,0.0,5.029,0.5559626923700686,0.0,0.0
P04,SRI,84,2026-08-06,reproduktif,-11.699359465954046,0.0,5.434,0.5559626923700686,0.0,0.0
P04,SRI,85,2026-08-07,reproduktif,-18.111322158324114,0.0,5.856,0.5559626923700686,0.0,0.0
P04,SRI,86,2026-08-08,reproduktif,-22.94428485069418,0.0,4.277,0.5559626923700686,0.0,0.0
P04,SRI,87,2026-08-09,reproduktif,-28.69324754306425,0.0,5.193,0.5559626923700686,0.0,0.0
P04,SRI,88,2026-08-10,reproduktif,-0.6164340812139075,33.693247543064246,5.462,0.15443408121390795,0.0,0.0
P04,SRI,89,2026-08-11,reproduktif,-6.746396773583976,0.0,5.574,0.5559626923700686,0.0,0.0
P04,SRI,90,2026-08-12,reproduktif,-12.631359465954045,0.0,5.329,0.5559626923700686,0.0,0.0
P04,SRI,91,2026-08-13,pemasakan,-18.501322158324115,0.0,5.314,0.5559626923700686,0.0,0.0
P04,SRI,92,2026-08-14,pemasakan,-24.821284850694184,0.0,5.764,0.5559626923700686,0.0,0.0
P04,SRI,93,2026-08-15,pemasakan,-31.619247543064255,0.0,6.242,0.5559626923700686,0.0,0.0
P04,SRI,94,2026-08-16,pemasakan,-6.419962692370069,31.619247543064255,5.864,0.5559626923700686,0.0,0.0
P04,SRI,95,2026-08-17,pemasakan,-13.350925384740137,0.0,6.375,0.5559626923700686,0.0,0.0
P04,SRI,96,2026-08-18,pemasakan,-15.017888077110204,0.0,4.911,0.5559626923700686,0.0,3.8
P04,SRI,97,2026-08-19,pemasakan,-16.17285076948027,0.0,4.399,0.5559626923700686,0.0,3.8
P04,SRI,98,2026-08-20,pemasakan,-21.47981346185034,0.0,4.751,0.5559626923700686,0.0,0.0
P04,SRI,99,2026-08-21,pemasakan,-27.72977615422041,0.0,5.694,0.5559626923700686,0.0,0.0
P04,SRI,100,2026-08-22,pemasakan,-33.87873884659048,0.0,5.593,0.5559626923700686,0.0,0.0
P04,SRI,101,2026-08-23,pemasakan,-6.5999626923700685,33.87873884659048,6.044,0.5559626923700686,0.0,0.0
P04,SRI,102,2026-08-24,pemasakan,-12.595925384740138,0.0,5.44,0.5559626923700686,0.0,0.0
P04,SRI,103,2026-08-25,pemasakan,-19.543888077110207,0.0,6.392,0.5559626923700686,0.0,0.0
P04,SRI,104,2026-08-26,pemasakan,-25.356850769480275,0.0,5.257,0.5559626923700686,0.0,0.0
P04,SRI,105,2026-08-27,pemasakan,-31.747813461850342,0.0,5.835,0.5559626923700686,0.0,0.0
P04,SRI,106,2026-08-28,pemasakan,-6.221962692370069,31.747813461850342,5.666,0.5559626923700686,0.0,0.0
P04,SRI,107,2026-08-29,pemasakan,-12.710925384740138,0.0,5.933,0.5559626923700686,0.0,0.0
P04,SRI,108,2026-08-30,pemasakan,-19.250888077110208,0.0,5.984,0.5559626923700686,0.0,0.0
P04,SRI,109,2026-08-31,pemasakan,-26.768850769480277,0.0,6.962,0.5559626923700686,0.0,0.0
P04,SRI,110,2026-09-01,pemasakan,-31.957813461850346,0.0,4.633,0.5559626923700686,0.0,0.0
P05,FL,1,2026-05-15,awal,13.320119755514224,0.0,3.936,2.7438802444857755,0.0,0.0
P05,FL,2,2026-05-16,awal,8.373679082947215,0.0,3.119,1.827440672567009,0.0,0.0
P05,FL,3,2026-05-17,awal,6.6584366194735045,0.0,2.896,1.5192424634737114,0.0,2.7
P05,FL,4,2026-05-18,awal,8.889422695269495,0.0,3.154,1.9150139242040083,0.0,7.3
P05,FL,5,2026-05-19,awal,14.379119755514225,11.110577304730505,2.877,2.7438802444857755,0.0,0.0
P05,FL,6,2026-05-20,awal,14.787629544543817,0.0,3.227,2.8644902109704082,0.0,6.5
P05,FL,7,2026-05-21,awal,11.537222501372272,0.0,2.257,2.193407043171545,0.0,1.2
P05,FL,8,2026-05-22,awal,35.72566584574856,0.0,3.219,6.192556655623711,0.0,33.6
P05,FL,9,2026-05-23,awal,50.0,0.0,2.34,10.773251159962046,15.412414685786516,42.8
P05,FL,10,2026-05-24,awal,38.76629938878556,0.0,4.374,6.859700611214439,0.0,0.0
P05,FL,11,2026-05-25,awal,33.49265200232207,0.0,2.371,5.702647386463494,0.0,2.8
P05,FL,12,2026-05-26,awal,26.388221891646786,0.0,2.682,4.622430110675282,0.0,0.2
P05,FL,13,2026-05-27,awal,19.54191585486695,0.0,3.226,3.620306036779834,0.0,0.0
P05,FL,14,2026-05-28,awal,13.061882012188311,0.0,3.799,2.681033842678639,0.0,0.0
P05,FL,15,2026-05-29,awal,6.990870011735931,0.0,4.279,1.792012000452381,0.0,0.0
P05,FL,16,2026-05-30,awal,14.204119755514224,13.00912998826407,3.052,2.7438802444857755,0.0,0.0
P05,FL,17,2026-05-31,awal,8.087399576140943,0.0,4.168,1.9487201793732802,0.0,0.0
P05,FL,18,2026-06-01,awal,14.287119755514224,11.912600423859057,2.969,2.7438802444857755,0.0,0.0
P05,FL,19,2026-06-02,awal,7.738012473126328,0.0,4.589,1.9601072823878962,0.0,0.0
P05,FL,20,2026-06-03,awal,13.774119755514224,11.361987526873673,3.482,2.7438802444857755,0.0,0.9
P05,FL,21,2026-06-04,pertumbuhan,7.6433930013973885,0.0,4.241,1.889726754116836,0.0,0.0
P05,FL,22,2026-06-05,pertumbuhan,13.351119755514224,12.356606998602611,3.905,2.7438802444857755,0.0,0.0
P05,FL,23,2026-06-06,pertumbuhan,6.1474260685682625,0.0,5.372,1.831693686945962,0.0,0.0
P05,FL,24,2026-06-07,pertumbuhan,13.523119755514225,13.852573931431738,3.733,2.7438802444857755,0.0,0.0
P05,FL,25,2026-06-08,pertumbuhan,8.652828698465685,0.0,3.015,1.8552910570485397,0.0,0.0
P05,FL,26,2026-06-09,pertumbuhan,13.083119755514225,11.347171301534315,4.173,2.7438802444857755,0.0,0.0
P05,FL,27,2026-06-10,pertumbuhan,7.389194063844372,0.0,3.899,1.7949256916698528,0.0,0.0
P05,FL,28,2026-06-11,pertumbuhan,13.710119755514224,12.610805936155629,3.546,2.7438802444857755,0.0,0.0
P05,FL,29,2026-06-12,pertumbuhan,7.828173418179742,0.0,4.001,1.8809463373344817,0.0,0.0
P05,FL,30,2026-06-13,pertumbuhan,13.088119755514224,12.171826581820259,4.168,2.7438802444857755,0.0,0.0
P05,FL,31,2026-06-14,pertumbuhan,7.88550809378325,0.0,3.407,1.795611661730974,0.0,0.0
P05,FL,32,2026-06-15,pertumbuhan,12.924119755514225,12.114491906216749,4.332,2.7438802444857755,0.0,0.0
P05,FL,33,2026-06-16,pertumbuhan,6.282007911788034,0.0,4.869,1.7731118437261908,0.0,0.0
P05,FL,34,2026-06-17,pertumbuhan,14.429119755514225,13.617992088211967,2.827,2.7438802444857755,0.0,0.1
P05,FL,35,2026-06-18,pertumbuhan,8.05653092339048,0.0,4.393,1.9795888321237454,0.0,0.0
P05,FL,36,2026-06-19,pertumbuhan,20.502623475693284,0.0,3.791,3.8629074476971987,0.0,20.1
P05,FL,37,2026-06-20,pertumbuhan,13.801786299939028,0.0,3.888,2.8128371757542547,0.0,0.0
P05,FL,38,2026-06-21,pertumbuhan,7.782263861588172,0.0,4.126,1.8935224383508564,0.0,0.0
P05,FL,39,2026-06-22,pertumbuhan,12.211119755514225,12.217736138411828,5.045,2.7438802444857755,0.0,0.0
P05,FL,40,2026-06-23,pertumbuhan,5.7118272425039525,0.0,4.824,1.675292513010273,0.0,0.0
P05,FL,41,2026-06-24,pertumbuhan,12.850119755514225,14.288172757496048,4.406,2.7438802444857755,0.0,0.0
P05,FL,42,2026-06-25,pertumbuhan,7.012160268692631,0.0,4.075,1.7629594868215934,0.0,0.0
P05,FL,43,2026-06-26,pertumbuhan,14.137119755514224,12.38783973130737,3.119,2.7438802444857755,0.0,0.6
P05,FL,44,2026-06-27,pertumbuhan,13.007866304059096,0.0,4.194,2.735253451455128,0.0,5.8
P05,FL,45,2026-06-28,pertumbuhan,50.0,0.0,3.204,9.72813467651732,7.9757316275417764,57.9
P05,FL,46,2026-06-29,pertumbuhan,38.20829938878556,0.0,4.932,6.859700611214439,0.0,0.0
P05,FL,47,2026-06-30,pertumbuhan,27.98034949537123,0.0,4.986,5.241949893414332,0.0,0.0
P05,FL,48,2026-07-01,pertumbuhan,19.431613084663397,0.0,4.71,3.838736410707833,0.0,0.0
P05,FL,49,2026-07-02,pertumbuhan,11.922712121588436,0.0,4.843,2.66590096307496,0.0,0.0
P05,FL,50,2026-07-03,pertumbuhan,5.583987409032556,0.0,4.703,1.63572471255588,0.0,0.0
P05,FL,51,2026-07-04,reproduktif,3.0275097477288906,0.0,3.516,1.0404776613036648,0.0,2.0
P05,FL,52,2026-07-05,reproduktif,4.0850598777571125,6.972490252271109,4.543,1.3719401222428877,0.0,0.0
P05,FL,53,2026-07-06,reproduktif,5.325059877757113,5.9149401222428875,3.303,1.3719401222428877,0.0,0.0
P05,FL,54,2026-07-07,reproduktif,0.13049354779303357,0.0,4.464,0.7305663299640791,0.0,0.0
P05,FL,55,2026-07-08,reproduktif,6.355298276267463,0.0,3.507,1.5681952715255716,0.0,11.3
P05,FL,56,2026-07-09,reproduktif,0.8943894068642226,0.0,4.589,0.8719088694032398,0.0,0.0
P05,FL,57,2026-07-10,reproduktif,3.073059877757112,9.105610593135777,5.555,1.3719401222428877,0.0,0.0
P05,FL,58,2026-07-11,reproduktif,3.8030598777571125,6.926940122242888,4.825,1.3719401222428877,0.0,0.0
P05,FL,59,2026-07-12,reproduktif,4.218059877757112,6.1969401222428875,4.41,1.3719401222428877,0.0,0.0
P05,FL,60,2026-07-13,reproduktif,9.98516156774414,0.0,4.353,2.2798983100129724,0.0,12.4
P05,FL,61,2026-07-14,reproduktif,4.509257189557552,0.0,4.106,1.369904378186588,0.0,0.0
P05,FL,62,2026-07-15,reproduktif,4.582059877757112,5.490742810442448,4.046,1.3719401222428877,0.0,0.0
P05,FL,63,2026-07-16,reproduktif,3.4840598777571117,5.417940122242888,5.144,1.3719401222428877,0.0,0.0
P05,FL,64,2026-07-17,reproduktif,3.4600598777571125,6.515940122242888,5.168,1.3719401222428877,0.0,0.0
P05,FL,65,2026-07-18,reproduktif,2.8700598777571127,6.5399401222428875,5.758,1.3719401222428877,0.0,0.0
P05,FL,66,2026-07-19,reproduktif,3.5580598777571115,7.129940122242887,5.07,1.3719401222428877,0.0,0.0
P05,FL,67,2026-07-20,reproduktif,4.300059877757112,6.4419401222428885,4.328,1.3719401222428877,0.0,0.0
P05,FL,68,2026-07-21,reproduktif,3.187059877757113,5.699940122242888,5.441,1.3719401222428877,0.0,0.0
P05,FL,69,2026-07-22,reproduktif,2.927059877757113,6.812940122242887,5.701,1.3719401222428877,0.0,0.0
P05,FL,70,2026-07-23,reproduktif,3.7660598777571117,7.072940122242887,4.862,1.3719401222428877,0.0,0.0
P05,FL,71,2026-07-24,reproduktif,2.0310598777571123,6.233940122242888,6.597,1.3719401222428877,0.0,0.0
P05,FL,72,2026-07-25,reproduktif,3.187059877757113,7.968940122242888,5.441,1.3719401222428877,0.0,0.0
P05,FL,73,2026-07-26,reproduktif,2.6720598777571123,6.812940122242887,5.956,1.3719401222428877,0.0,0.0
P05,FL,74,2026-07-27,reproduktif,2.538059877757112,7.327940122242888,6.09,1.3719401222428877,0.0,0.0
P05,FL,75,2026-07-28,reproduktif,2.794059877757112,7.461940122242888,5.834,1.3719401222428877,0.0,0.0
P05,FL,76,2026-07-29,reproduktif,3.3110598777571116,7.205940122242888,5.317,1.3719401222428877,0.0,0.0
P05,FL,77,2026-07-30,reproduktif,2.9440598777571125,6.688940122242888,5.684,1.3719401222428877,0.0,0.0
P05,FL,78,2026-07-31,reproduktif,3.0980598777571124,7.0559401222428875,5.53,1.3719401222428877,0.0,0.0
P05,FL,79,2026-08-01,reproduktif,3.248059877757113,6.9019401222428876,5.38,1.3719401222428877,0.0,0.0
P05,FL,80,2026-08-02,reproduktif,3.610059877757113,6.751940122242887,5.018,1.3719401222428877,0.0,0.0
P05,FL,81,2026-08-03,reproduktif,2.6570598777571117,6.389940122242887,5.971,1.3719401222428877,0.0,0.0
P05,FL,82,2026-08-04,reproduktif,3.3160598777571124,7.342940122242888,5.312,1.3719401222428877,0.0,0.0
P05,FL,83,2026-08-05,reproduktif,3.254059877757113,6.683940122242888,5.374,1.3719401222428877,0.0,0.0
P05,FL,84,2026-08-06,reproduktif,2.8220598777571126,6.745940122242887,5.806,1.3719401222428877,0.0,0.0
P05,FL,85,2026-08-07,reproduktif,2.3700598777571127,7.177940122242887,6.258,1.3719401222428877,0.0,0.0
P05,FL,86,2026-08-08,reproduktif,4.0580598777571115,7.629940122242887,4.57,1.3719401222428877,0.0,0.0
P05,FL,87,2026-08-09,reproduktif,3.0790598777571123,5.9419401222428885,5.549,1.3719401222428877,0.0,0.0
P05,FL,88,2026-08-10,reproduktif,2.791059877757112,6.920940122242888,5.837,1.3719401222428877,0.0,0.0
P05,FL,89,2026-08-11,reproduktif,2.671059877757113,7.208940122242888,5.957,1.3719401222428877,0.0,0.0
P05,FL,90,2026-08-12,reproduktif,2.9330598777571115,7.328940122242887,5.695,1.3719401222428877,0.0,0.0
P05,FL,91,2026-08-13,pemasakan,-2.8353383749664687,0.0,5.366,0.40239825272358015,0.0,0.0
P05,FL,92,2026-08-14,pemasakan,2.8090598777571127,12.835338374966469,5.819,1.3719401222428877,0.0,0.0
P05,FL,93,2026-08-15,pemasakan,-3.8783263174506555,0.0,6.302,0.3853861952077685,0.0,0.0
P05,FL,94,2026-08-16,pemasakan,2.708059877757112,13.878326317450655,5.92,1.3719401222428877,0.0,0.0
P05,FL,95,2026-08-17,pemasakan,-4.100469722216004,0.0,6.437,0.3715295999731152,0.0,0.0
P05,FL,96,2026-08-18,pemasakan,3.6700598777571116,10.300469722216004,4.958,1.3719401222428877,0.0,3.8
P05,FL,97,2026-08-19,pemasakan,2.0032123915719326,0.0,4.442,1.0248474861851784,0.0,3.8
P05,FL,98,2026-08-20,pemasakan,-3.067616353765234,0.0,4.796,0.2748287453371665,0.0,0.0
P05,FL,99,2026-08-21,pemasakan,2.879059877757113,13.067616353765235,5.749,1.3719401222428877,0.0,0.0
P05,FL,100,2026-08-22,pemasakan,-3.1629298983063556,0.0,5.647,0.39498977606346874,0.0,0.0
P05,FL,101,2026-08-23,pemasakan,2.525059877757112,13.162929898306356,6.103,1.3719401222428877,0.0,0.0
P05,FL,102,2026-08-24,pemasakan,-3.3143632179789586,0.0,5.493,0.3464230957360704,0.0,0.0
P05,FL,103,2026-08-25,pemasakan,2.1750598777571124,13.314363217978958,6.453,1.3719401222428877,0.0,0.0
P05,FL,104,2026-08-26,pemasakan,-3.431345313700457,0.0,5.308,0.29840519145756933,0.0,0.0
P05,FL,105,2026-08-27,pemasakan,2.7360598777571123,13.431345313700458,5.892,1.3719401222428877,0.0,0.0
P05,FL,106,2026-08-28,pemasakan,-3.3593111545582826,0.0,5.72,0.37537103231539537,0.0,0.0
P05,FL,107,2026-08-29,pemasakan,2.6380598777571116,13.359311154558283,5.99,1.3719401222428877,0.0,0.0
P05,FL,108,2026-08-30,pemasakan,-3.765866141360303,0.0,6.042,0.36192601911741495,0.0,0.0
P05,FL,109,2026-08-31,pemasakan,1.599059877757112,13.765866141360302,7.029,1.3719401222428877,0.0,0.0
P05,FL,110,2026-09-01,pemasakan,-3.2983215626592672,0.0,4.678,0.21938144041637894,0.0,0.0
P05,SRI,1,2026-05-15,awal,13.359119755514225,0.0,3.897,2.7438802444857755,0.0,0.0
P05,SRI,2,2026-05-16,awal,8.438328516470468,0.0,3.088,1.8327912390437564,0.0,0.0
P05,SRI,3,2026-05-17,awal,6.743216537823676,0.0,2.867,1.528111978646794,0.0,2.7
P05,SRI,4,2026-05-18,awal,8.99357131646516,0.0,3.123,1.9266452213585157,0.0,7.3
P05,SRI,5,2026-05-19,awal,4.910707183334025,0.0,2.849,1.233864133131134,0.0,0.0
P05,SRI,6,2026-05-20,awal,6.650226482535918,0.0,3.195,1.5654807007981082,0.0,6.5
P05,SRI,7,2026-05-21,awal,4.53822241452745,0.0,2.235,1.0770040680084683,0.0,1.2
P05,SRI,8,2026-05-22,awal,29.718886662376125,0.0,3.187,5.232335752151323,0.0,33.6
P05,SRI,9,2026-05-23,awal,40.0,0.0,2.317,9.949157023249843,20.252729639126272,42.8
P05,SRI,10,2026-05-24,awal,30.181239511028448,0.0,4.331,5.487760488971551,0.0,0.0
P05,SRI,11,2026-05-25,awal,26.108410934380217,0.0,2.348,4.5248285766482335,0.0,2.8
P05,SRI,12,2026-05-26,awal,20.044054483047244,0.0,2.655,3.6093564513329723,0.0,0.2
P05,SRI,13,2026-05-27,awal,14.10013022727575,0.0,3.194,2.7499242557714942,0.0,0.0
P05,SRI,14,2026-05-28,awal,8.404676788510816,0.0,3.761,1.934453438764933,0.0,0.0
P05,SRI,15,2026-05-29,awal,3.014605458446667,0.0,4.237,1.153071330064149,0.0,0.0
P05,SRI,16,2026-05-30,awal,-0.4209803596708728,0.0,3.022,0.4135858181175397,0.0,0.0
P05,SRI,17,2026-05-31,awal,4.501059877757113,10.420980359670873,4.127,1.3719401222428877,0.0,0.0
P05,SRI,18,2026-06-01,awal,0.943541413865848,0.0,2.94,0.6175184638912652,0.0,0.0
P05,SRI,19,2026-06-02,awal,-3.7299068184021857,0.0,4.544,0.12944823226803387,0.0,0.0
P05,SRI,20,2026-06-03,awal,5.180059877757112,12.829906818402186,3.448,1.3719401222428877,0.0,0.9
P05,SRI,21,2026-06-04,pertumbuhan,0.477386679565555,0.0,3.992,0.7106731981915572,0.0,0.0
P05,SRI,22,2026-06-05,pertumbuhan,-3.2631079143864743,0.0,3.675,0.06549459395202939,0.0,0.0
P05,SRI,23,2026-06-06,pertumbuhan,-11.611764207769404,0.0,5.056,3.2926562933829304,0.0,0.0
P05,SRI,24,2026-06-07,pertumbuhan,-18.418420501152333,0.0,3.514,3.2926562933829304,0.0,0.0
P05,SRI,25,2026-06-08,pertumbuhan,-24.549076794535264,0.0,2.838,3.2926562933829304,0.0,0.0
P05,SRI,26,2026-06-09,pertumbuhan,4.701059877757112,34.54907679453527,3.927,1.3719401222428877,0.0,0.0
P05,SRI,27,2026-06-10,pertumbuhan,0.38610261142098956,0.0,3.67,0.6449572663361228,0.0,0.0
P05,SRI,28,2026-06-11,pertumbuhan,-3.0038683549701317,0.0,3.337,0.05297096639112107,0.0,0.0
P05,SRI,29,2026-06-12,pertumbuhan,-10.062524648353062,0.0,3.766,3.2926562933829304,0.0,0.0
P05,SRI,30,2026-06-13,pertumbuhan,-17.278180941735993,0.0,3.923,3.2926562933829304,0.0,0.0
P05,SRI,31,2026-06-14,pertumbuhan,-23.776837235118926,0.0,3.206,3.2926562933829304,0.0,0.0
P05,SRI,32,2026-06-15,pertumbuhan,4.551059877757112,33.776837235118926,4.077,1.3719401222428877,0.0,0.0
P05,SRI,33,2026-06-16,pertumbuhan,-0.6563182867453676,0.0,4.583,0.6243781645024794,0.0,0.0
P05,SRI,34,2026-06-17,pertumbuhan,-6.509974580128299,0.0,2.661,3.2926562933829304,0.0,0.1
P05,SRI,35,2026-06-18,pertumbuhan,-13.937630873511228,0.0,4.135,3.2926562933829304,0.0,0.0
P05,SRI,36,2026-06-19,pertumbuhan,1.7489289812186923,0.0,3.568,0.8454401452700806,0.0,20.1
P05,SRI,37,2026-06-20,pertumbuhan,-2.151013602810038,0.0,3.66,0.2399425840287302,0.0,0.0
P05,SRI,38,2026-06-21,pertumbuhan,-9.326669896192968,0.0,3.883,3.2926562933829304,0.0,0.0
P05,SRI,39,2026-06-22,pertumbuhan,-17.3673261895759,0.0,4.748,3.2926562933829304,0.0,0.0
P05,SRI,40,2026-06-23,pertumbuhan,-25.19998248295883,0.0,4.54,3.2926562933829304,0.0,0.0
P05,SRI,41,2026-06-24,pertumbuhan,4.481059877757112,35.19998248295883,4.147,1.3719401222428877,0.0,0.0
P05,SRI,42,2026-06-25,pertumbuhan,0.031285294110332096,0.0,3.835,0.6147745836467792,0.0,0.0
P05,SRI,43,2026-06-26,pertumbuhan,-2.3913232682468544,0.0,2.936,0.08660856235718664,0.0,0.6
P05,SRI,44,2026-06-27,pertumbuhan,-1.0069733054516443,0.0,3.948,0.46765003720478976,0.0,5.8
P05,SRI,45,2026-06-28,pertumbuhan,40.0,0.0,3.015,7.805382599808655,6.072644094739701,57.9
P05,SRI,46,2026-06-29,pertumbuhan,29.870239511028448,0.0,4.642,5.487760488971551,0.0,0.0
P05,SRI,47,2026-06-30,pertumbuhan,21.080221506409977,0.0,4.692,4.098018004618471,0.0,0.0
P05,SRI,48,2026-07-01,pertumbuhan,13.755141339368851,0.0,4.433,2.892080167041126,0.0,0.0
P05,SRI,49,2026-07-02,pertumbuhan,7.310018310308662,0.0,4.558,1.8871230290601901,0.0,0.0
P05,SRI,50,2026-07-03,pertumbuhan,1.8801275688844008,0.0,4.427,1.0028907414242614,0.0,0.0
P05,SRI,51,2026-07-04,reproduktif,0.056797299767074705,0.0,3.291,0.5323302691173264,0.0,2.0
P05,SRI,52,2026-07-05,reproduktif,-4.201994949671477,0.0,4.251,0.007792249438550641,0.0,0.0
P05,SRI,53,2026-07-06,reproduktif,-9.762487169708674,0.0,3.091,2.469492220037198,0.0,0.0
P05,SRI,54,2026-07-07,reproduktif,-16.408979389745873,0.0,4.177,2.469492220037198,0.0,0.0
P05,SRI,55,2026-07-08,reproduktif,-10.859471609783071,0.0,3.281,2.469492220037198,0.0,11.3
P05,SRI,56,2026-07-09,reproduktif,-17.622963829820268,0.0,4.294,2.469492220037198,0.0,0.0
P05,SRI,57,2026-07-10,reproduktif,-25.290456049857468,0.0,5.198,2.469492220037198,0.0,0.0
P05,SRI,58,2026-07-11,reproduktif,-0.2019700611214441,30.290456049857468,4.516,0.6859700611214439,0.0,0.0
P05,SRI,59,2026-07-12,reproduktif,-6.798462281158642,0.0,4.127,2.469492220037198,0.0,0.0
P05,SRI,60,2026-07-13,reproduktif,0.7590402845678224,0.0,4.074,0.768497434273536,0.0,12.4
P05,SRI,61,2026-07-14,reproduktif,-3.187095497511903,0.0,3.842,0.10413578207972546,0.0,0.0
P05,SRI,62,2026-07-15,reproduktif,-9.4425877175491,0.0,3.786,2.469492220037198,0.0,0.0
P05,SRI,63,2026-07-16,reproduktif,-16.725079937586298,0.0,4.813,2.469492220037198,0.0,0.0
P05,SRI,64,2026-07-17,reproduktif,-24.030572157623496,0.0,4.836,2.469492220037198,0.0,0.0
P05,SRI,65,2026-07-18,reproduktif,-31.889064377660695,0.0,5.389,2.469492220037198,0.0,0.0
P05,SRI,66,2026-07-19,reproduktif,-0.42997006112144387,36.889064377660695,4.744,0.6859700611214439,0.0,0.0
P05,SRI,67,2026-07-20,reproduktif,-6.949462281158642,0.0,4.05,2.469492220037198,0.0,0.0
P05,SRI,68,2026-07-21,reproduktif,-14.51095450119584,0.0,5.092,2.469492220037198,0.0,0.0
P05,SRI,69,2026-07-22,reproduktif,-22.315446721233037,0.0,5.335,2.469492220037198,0.0,0.0
P05,SRI,70,2026-07-23,reproduktif,-29.334938941270234,0.0,4.55,2.469492220037198,0.0,0.0
P05,SRI,71,2026-07-24,reproduktif,-1.8589700611214441,34.33493894127024,6.173,0.6859700611214439,0.0,0.0
P05,SRI,72,2026-07-25,reproduktif,-9.420462281158642,0.0,5.092,2.469492220037198,0.0,0.0
P05,SRI,73,2026-07-26,reproduktif,-17.46295450119584,0.0,5.573,2.469492220037198,0.0,0.0
P05,SRI,74,2026-07-27,reproduktif,-25.631446721233036,0.0,5.699,2.469492220037198,0.0,0.0
P05,SRI,75,2026-07-28,reproduktif,-1.1449700611214437,30.631446721233036,5.459,0.6859700611214439,0.0,0.0
P05,SRI,76,2026-07-29,reproduktif,-8.590462281158642,0.0,4.976,2.469492220037198,0.0,0.0
P05,SRI,77,2026-07-30,reproduktif,-16.37895450119584,0.0,5.319,2.469492220037198,0.0,0.0
P05,SRI,78,2026-07-31,reproduktif,-24.022446721233038,0.0,5.174,2.469492220037198,0.0,0.0
P05,SRI,79,2026-08-01,reproduktif,-31.526938941270238,0.0,5.035,2.469492220037198,0.0,0.0
P05,SRI,80,2026-08-02,reproduktif,-0.3819700611214438,36.52693894127024,4.696,0.6859700611214439,0.0,0.0
P05,SRI,81,2026-08-03,reproduktif,-8.43946228115864,0.0,5.588,2.469492220037198,0.0,0.0
P05,SRI,82,2026-08-04,reproduktif,-15.878954501195839,0.0,4.97,2.469492220037198,0.0,0.0
P05,SRI,83,2026-08-05,reproduktif,-23.377446721233035,0.0,5.029,2.469492220037198,0.0,0.0
P05,SRI,84,2026-08-06,reproduktif,-31.280938941270232,0.0,5.434,2.469492220037198,0.0,0.0
P05,SRI,85,2026-08-07,reproduktif,-1.541970061121444,36.280938941270236,5.856,0.6859700611214439,0.0,0.0
P05,SRI,86,2026-08-08,reproduktif,-8.288462281158642,0.0,4.277,2.469492220037198,0.0,0.0
P05,SRI,87,2026-08-09,reproduktif,-15.95095450119584,0.0,5.193,2.469492220037198,0.0,0.0
P05,SRI,88,2026-08-10,reproduktif,-23.882446721233038,0.0,5.462,2.469492220037198,0.0,0.0
P05,SRI,89,2026-08-11,reproduktif,-31.925938941270235,0.0,5.574,2.469492220037198,0.0,0.0
P05,SRI,90,2026-08-12,reproduktif,-1.0149700611214438,36.92593894127023,5.329,0.6859700611214439,0.0,0.0
P05,SRI,91,2026-08-13,pemasakan,-8.798462281158642,0.0,5.314,2.469492220037198,0.0,0.0
P05,SRI,92,2026-08-14,pemasakan,-17.03195450119584,0.0,5.764,2.469492220037198,0.0,0.0
P05,SRI,93,2026-08-15,pemasakan,-25.74344672123304,0.0,6.242,2.469492220037198,0.0,0.0
P05,SRI,94,2026-08-16,pemasakan,-34.076938941270235,0.0,5.864,2.469492220037198,0.0,0.0
P05,SRI,95,2026-08-17,pemasakan,-8.844492220037198,34.076938941270235,6.375,2.469492220037198,0.0,0.0
P05,SRI,96,2026-08-18,pemasakan,-12.424984440074397,0.0,4.911,2.469492220037198,0.0,3.8
P05,SRI,97,2026-08-19,pemasakan,-15.493476660111593,0.0,4.399,2.469492220037198,0.0,3.8
P05,SRI,98,2026-08-20,pemasakan,-22.71396888014879,0.0,4.751,2.469492220037198,0.0,0.0
P05,SRI,99,2026-08-21,pemasakan,-30.87746110018599,0.0,5.694,2.469492220037198,0.0,0.0
P05,SRI,100,2026-08-22,pemasakan,-8.062492220037198,30.87746110018599,5.593,2.469492220037198,0.0,0.0
P05,SRI,101,2026-08-23,pemasakan,-16.575984440074393,0.0,6.044,2.469492220037198,0.0,0.0
P05,SRI,102,2026-08-24,pemasakan,-24.48547666011159,0.0,5.44,2.469492220037198,0.0,0.0
P05,SRI,103,2026-08-25,pemasakan,-33.34696888014879,0.0,6.392,2.469492220037198,0.0,0.0
P05,SRI,104,2026-08-26,pemasakan,-7.726492220037198,33.34696888014879,5.257,2.469492220037198,0.0,0.0
P05,SRI,105,2026-08-27,pemasakan,-16.030984440074395,0.0,5.835,2.469492220037198,0.0,0.0
P05,SRI,106,2026-08-28,pemasakan,-24.16647666011159,0.0,5.666,2.469492220037198,0.0,0.0
P05,SRI,107,2026-08-29,pemasakan,-32.56896888014879,0.0,5.933,2.469492220037198,0.0,0.0
P05,SRI,108,2026-08-30,pemasakan,-8.453492220037198,32.56896888014879,5.984,2.469492220037198,0.0,0.0
P05,SRI,109,2026-08-31,pemasakan,-17.884984440074398,0.0,6.962,2.469492220037198,0.0,0.0
P05,SRI,110,2026-09-01,pemasakan,-24.987476660111597,0.0,4.633,2.469492220037198,0.0,0.0
P06,FL,1,2026-05-15,awal,13.935268336248344,0.0,3.936,2.1287316637516565,0.0,0.0
P06,FL,2,2026-05-16,awal,9.333045988735957,0.0,3.119,1.4832223475123856,0.0,0.0
P06,FL,3,2026-05-17,awal,7.856289688355853,0.0,2.896,1.2807563003801044,0.0,2.7
P06,FL,4,2026-05-18,awal,10.389106000126061,0.0,3.154,1.6131836882297912,0.0,7.3
P06,FL,5,2026-05-19,awal,6.406325055099028,0.0,2.877,1.1057809450270333,0.0,0.0
P06,FL,6,2026-05-20,awal,8.305619914725996,0.0,3.227,1.373705140373032,0.0,6.5
P06,FL,7,2026-05-21,awal,15.614268336248344,10.494380085274004,2.257,2.1287316637516565,0.0,1.2
P06,FL,8,2026-05-22,awal,40.75706977046123,0.0,3.219,5.23819856578712,0.0,33.6
P06,FL,9,2026-05-23,awal,50.0,0.0,2.34,8.893529007534358,22.323540762926868,42.8
P06,FL,10,2026-05-24,awal,40.304170840620856,0.0,4.374,5.32182915937914,0.0,0.0
P06,FL,11,2026-05-25,awal,36.14531017521133,0.0,2.371,4.587860665409523,0.0,2.8
P06,FL,12,2026-05-26,awal,29.79483954526895,0.0,2.682,3.868470629942381,0.0,0.2
P06,FL,13,2026-05-27,awal,23.397578627448247,0.0,3.226,3.1712609178207005,0.0,0.0
P06,FL,14,2026-05-28,awal,17.108220303479843,0.0,3.799,2.490358323968405,0.0,0.0
P06,FL,15,2026-05-29,awal,11.008279789957019,0.0,4.279,1.8209405135228256,0.0,0.0
P06,FL,16,2026-05-30,awal,6.784596102341072,0.0,3.052,1.1716836876159469,0.0,0.0
P06,FL,17,2026-05-31,awal,13.703268336248343,13.215403897658927,4.168,2.1287316637516565,0.0,0.0
P06,FL,18,2026-06-01,awal,9.275739276035477,0.0,2.969,1.4585290602128662,0.0,0.0
P06,FL,19,2026-06-02,awal,13.282268336248343,10.724260723964523,4.589,2.1287316637516565,0.0,0.0
P06,FL,20,2026-06-03,awal,9.190756152688625,0.0,3.482,1.5095121835597185,0.0,0.9
P06,FL,21,2026-06-04,pertumbuhan,13.630268336248344,10.809243847311375,4.241,2.1287316637516565,0.0,0.0
P06,FL,22,2026-06-05,pertumbuhan,8.274509146608171,0.0,3.905,1.4507591896401728,0.0,0.0
P06,FL,23,2026-06-06,pertumbuhan,12.499268336248344,11.725490853391829,5.372,2.1287316637516565,0.0,0.0
P06,FL,24,2026-06-07,pertumbuhan,7.435888922193326,0.0,3.733,1.3303794140550167,0.0,0.0
P06,FL,25,2026-06-08,pertumbuhan,14.856268336248343,12.564111077806674,3.015,2.1287316637516565,0.0,0.0
P06,FL,26,2026-06-09,pertumbuhan,9.102017895620193,0.0,4.173,1.5812504406281493,0.0,0.0
P06,FL,27,2026-06-10,pertumbuhan,13.972268336248344,10.897982104379807,3.899,2.1287316637516565,0.0,0.0
P06,FL,28,2026-06-11,pertumbuhan,8.939107835158019,0.0,3.546,1.4871605010903262,0.0,0.0
P06,FL,29,2026-06-12,pertumbuhan,13.870268336248344,11.060892164841981,4.001,2.1287316637516565,0.0,0.0
P06,FL,30,2026-06-13,pertumbuhan,8.22596436664315,0.0,4.168,1.4763039696051927,0.0,0.0
P06,FL,31,2026-06-14,pertumbuhan,14.464268336248344,11.77403563335685,3.407,2.1287316637516565,0.0,0.0
P06,FL,32,2026-06-15,pertumbuhan,8.592741036229727,0.0,4.332,1.539527300018617,0.0,0.0
P06,FL,33,2026-06-16,pertumbuhan,13.002268336248344,11.407258963770273,4.869,2.1287316637516565,0.0,0.0
P06,FL,34,2026-06-17,pertumbuhan,8.880707662531215,0.0,2.827,1.394560673717129,0.0,0.1
P06,FL,35,2026-06-18,pertumbuhan,13.478268336248345,11.119292337468785,4.393,2.1287316637516565,0.0,0.0
P06,FL,36,2026-06-19,pertumbuhan,26.213312185182268,0.0,3.791,3.5739561510660747,0.0,20.1
P06,FL,37,2026-06-20,pertumbuhan,19.53525680216204,0.0,3.888,2.790055383020231,0.0,0.0
P06,FL,38,2026-06-21,pertumbuhan,13.329990816447925,0.0,4.126,2.079265985714113,0.0,0.0
P06,FL,39,2026-06-22,pertumbuhan,6.86619214002335,0.0,5.045,1.4187986764245746,0.0,0.0
P06,FL,40,2026-06-23,pertumbuhan,13.047268336248344,13.133807859976649,4.824,2.1287316637516565,0.0,0.0
P06,FL,41,2026-06-24,pertumbuhan,7.2525616746065324,0.0,4.406,1.388706661641812,0.0,0.0
P06,FL,42,2026-06-25,pertumbuhan,13.796268336248342,12.747438325393468,4.075,2.1287316637516565,0.0,0.0
P06,FL,43,2026-06-26,pertumbuhan,9.744978723886481,0.0,3.119,1.532289612361861,0.0,0.6
P06,FL,44,2026-06-27,pertumbuhan,9.696424302792332,0.0,4.194,1.6545544210941483,0.0,5.8
P06,FL,45,2026-06-28,pertumbuhan,50.0,0.0,3.204,7.1947324384873,7.197691864305028,57.9
P06,FL,46,2026-06-29,pertumbuhan,39.74617084062086,0.0,4.932,5.32182915937914,0.0,0.0
P06,FL,47,2026-06-30,pertumbuhan,30.52972422155524,0.0,4.986,4.230446619065621,0.0,0.0
P06,FL,48,2026-07-01,pertumbuhan,22.570244689753714,0.0,4.71,3.2494795318015264,0.0,0.0
P06,FL,49,2026-07-02,pertumbuhan,15.324944963268644,0.0,4.843,2.4022997264850705,0.0,0.0
P06,FL,50,2026-07-03,pertumbuhan,8.990810183840573,0.0,4.703,1.6311347794280713,0.0,0.0
P06,FL,51,2026-07-04,reproduktif,6.304985901409293,0.0,3.516,1.1698242824312794,0.0,2.0
P06,FL,52,2026-07-05,reproduktif,1.090904745017406,0.0,4.543,0.671081156391887,0.0,0.0
P06,FL,53,2026-07-06,reproduktif,5.632634168124172,8.909095254982594,3.303,1.0643658318758282,0.0,0.0
P06,FL,54,2026-07-07,reproduktif,0.5691158329234014,0.0,4.464,0.5995183352007697,0.0,0.0
P06,FL,55,2026-07-08,reproduktif,7.098807698209394,0.0,3.507,1.263308134714008,0.0,11.3
P06,FL,56,2026-07-09,reproduktif,1.7542348621062764,0.0,4.589,0.7555728361031174,0.0,0.0
P06,FL,57,2026-07-10,reproduktif,3.380634168124172,8.245765137893724,5.555,1.0643658318758282,0.0,0.0
P06,FL,58,2026-07-11,reproduktif,4.110634168124172,6.619365831875828,4.825,1.0643658318758282,0.0,0.0
P06,FL,59,2026-07-12,reproduktif,4.525634168124172,5.889365831875828,4.41,1.0643658318758282,0.0,0.0
P06,FL,60,2026-07-13,reproduktif,10.771127498986031,0.0,4.353,1.8015066691381425,0.0,12.4
P06,FL,61,2026-07-14,reproduktif,5.518685490916144,0.0,4.106,1.1464420080698874,0.0,0.0
P06,FL,62,2026-07-15,reproduktif,0.8852954635761412,0.0,4.046,0.5873900273400025,0.0,0.0
P06,FL,63,2026-07-16,reproduktif,3.7916341681241716,9.114704536423858,5.144,1.0643658318758282,0.0,0.0
P06,FL,64,2026-07-17,reproduktif,3.7676341681241716,6.208365831875828,5.168,1.0643658318758282,0.0,0.0
P06,FL,65,2026-07-18,reproduktif,3.1776341681241718,6.232365831875828,5.758,1.0643658318758282,0.0,0.0
P06,FL,66,2026-07-19,reproduktif,3.8656341681241715,6.822365831875828,5.07,1.0643658318758282,0.0,0.0
P06,FL,67,2026-07-20,reproduktif,4.6076341681241715,6.1343658318758285,4.328,1.0643658318758282,0.0,0.0
P06,FL,68,2026-07-21,reproduktif,3.494634168124172,5.3923658318758285,5.441,1.0643658318758282,0.0,0.0
P06,FL,69,2026-07-22,reproduktif,3.234634168124172,6.505365831875828,5.701,1.0643658318758282,0.0,0.0
P06,FL,70,2026-07-23,reproduktif,4.073634168124172,6.765365831875828,4.862,1.0643658318758282,0.0,0.0
P06,FL,71,2026-07-24,reproduktif,2.3386341681241714,5.926365831875828,6.597,1.0643658318758282,0.0,0.0
P06,FL,72,2026-07-25,reproduktif,3.494634168124172,7.661365831875829,5.441,1.0643658318758282,0.0,0.0
P06,FL,73,2026-07-26,reproduktif,2.9796341681241714,6.505365831875828,5.956,1.0643658318758282,0.0,0.0
P06,FL,74,2026-07-27,reproduktif,2.845634168124172,7.020365831875829,6.09,1.0643658318758282,0.0,0.0
P06,FL,75,2026-07-28,reproduktif,3.101634168124172,7.154365831875828,5.834,1.0643658318758282,0.0,0.0
P06,FL,76,2026-07-29,reproduktif,3.6186341681241716,6.898365831875828,5.317,1.0643658318758282,0.0,0.0
P06,FL,77,2026-07-30,reproduktif,3.2516341681241716,6.381365831875828,5.684,1.0643658318758282,0.0,0.0
P06,FL,78,2026-07-31,reproduktif,3.4056341681241715,6.748365831875828,5.53,1.0643658318758282,0.0,0.0
P06,FL,79,2026-08-01,reproduktif,3.555634168124172,6.5943658318758285,5.38,1.0643658318758282,0.0,0.0
P06,FL,80,2026-08-02,reproduktif,3.917634168124172,6.444365831875828,5.018,1.0643658318758282,0.0,0.0
P06,FL,81,2026-08-03,reproduktif,2.9646341681241717,6.082365831875828,5.971,1.0643658318758282,0.0,0.0
P06,FL,82,2026-08-04,reproduktif,3.6236341681241715,7.035365831875828,5.312,1.0643658318758282,0.0,0.0
P06,FL,83,2026-08-05,reproduktif,3.561634168124172,6.3763658318758285,5.374,1.0643658318758282,0.0,0.0
P06,FL,84,2026-08-06,reproduktif,3.1296341681241717,6.438365831875828,5.806,1.0643658318758282,0.0,0.0
P06,FL,85,2026-08-07,reproduktif,2.6776341681241718,6.870365831875828,6.258,1.0643658318758282,0.0,0.0
P06,FL,86,2026-08-08,reproduktif,4.3656341681241715,7.322365831875828,4.57,1.0643658318758282,0.0,0.0
P06,FL,87,2026-08-09,reproduktif,3.3866341681241714,5.6343658318758285,5.549,1.0643658318758282,0.0,0.0
P06,FL,88,2026-08-10,reproduktif,3.098634168124172,6.613365831875829,5.837,1.0643658318758282,0.0,0.0
P06,FL,89,2026-08-11,reproduktif,2.978634168124172,6.901365831875828,5.957,1.0643658318758282,0.0,0.0
P06,FL,90,2026-08-12,reproduktif,3.2406341681241715,7.021365831875828,5.695,1.0643658318758282,0.0,0.0
P06,FL,91,2026-08-13,pemasakan,-2.4702878600919,0.0,5.366,0.3449220282160716,0.0,0.0
P06,FL,92,2026-08-14,pemasakan,3.116634168124172,12.4702878600919,5.819,1.0643658318758282,0.0,0.0
P06,FL,93,2026-08-15,pemasakan,-3.517089723776639,0.0,6.302,0.33172389190081136,0.0,0.0
P06,FL,94,2026-08-16,pemasakan,3.015634168124172,13.517089723776639,5.92,1.0643658318758282,0.0,0.0
P06,FL,95,2026-08-17,pemasakan,-3.742339628874694,0.0,6.437,0.3209737969988655,0.0,0.0
P06,FL,96,2026-08-18,pemasakan,-4.9064768017626,0.0,4.958,0.006137172887905515,0.0,3.8
P06,FL,97,2026-08-19,pemasakan,4.493634168124172,11.1064768017626,4.442,1.0643658318758282,0.0,3.8
P06,FL,98,2026-08-20,pemasakan,-0.7806528988259416,0.0,4.796,0.47828706695011286,0.0,0.0
P06,FL,99,2026-08-21,pemasakan,3.186634168124172,10.780652898825942,5.749,1.0643658318758282,0.0,0.0
P06,FL,100,2026-08-22,pemasakan,-2.79954028459977,0.0,5.647,0.3391744527239422,0.0,0.0
P06,FL,101,2026-08-23,pemasakan,2.832634168124172,12.79954028459977,6.103,1.0643658318758282,0.0,0.0
P06,FL,102,2026-08-24,pemasakan,-2.961861734151366,0.0,5.493,0.30149590227553785,0.0,0.0
P06,FL,103,2026-08-25,pemasakan,2.4826341681241715,12.961861734151366,6.453,1.0643658318758282,0.0,0.0
P06,FL,104,2026-08-26,pemasakan,-3.0896089300357126,0.0,5.308,0.26424309815988384,0.0,0.0
P06,FL,105,2026-08-27,pemasakan,3.0436341681241714,13.089608930035713,5.892,1.0643658318758282,0.0,0.0
P06,FL,106,2026-08-28,pemasakan,-3.000319853203946,0.0,5.72,0.3239540213281178,0.0,0.0
P06,FL,107,2026-08-29,pemasakan,2.9456341681241716,13.000319853203946,5.99,1.0643658318758282,0.0,0.0
P06,FL,108,2026-08-30,pemasakan,-3.409889068051563,0.0,6.042,0.3135232361757347,0.0,0.0
P06,FL,109,2026-08-31,pemasakan,1.906634168124171,13.409889068051562,7.029,1.0643658318758282,0.0,0.0
P06,FL,110,2026-09-01,pemasakan,-2.9743014581196654,0.0,4.678,0.20293562624383607,0.0,0.0
P06,SRI,1,2026-05-15,awal,13.974268336248343,0.0,3.897,2.1287316637516565,0.0,0.0
P06,SRI,2,2026-05-16,awal,9.398894961991642,0.0,3.088,1.4873733742567012,0.0,0.0
P06,SRI,3,2026-05-17,awal,7.944129921891793,0.0,2.867,1.2877650400998502,0.0,2.7
P06,SRI,4,2026-05-18,awal,10.498596819338037,0.0,3.123,1.6225331025537562,0.0,7.3
P06,SRI,5,2026-05-19,awal,6.5321620456236715,0.0,2.849,1.1174347737143653,0.0,0.0
P06,SRI,6,2026-05-20,awal,8.450063245940589,0.0,3.195,1.3870987996830833,0.0,6.5
P06,SRI,7,2026-05-21,awal,6.387943486498598,0.0,2.235,1.0271197594419907,0.0,1.2
P06,SRI,8,2026-05-22,awal,32.544763413097535,0.0,3.187,4.256180073401069,0.0,33.6
P06,SRI,9,2026-05-23,awal,40.0,0.0,2.317,8.0194391787669,25.00832423433063,42.8
P06,SRI,10,2026-05-24,awal,31.411536672496688,0.0,4.331,4.257463327503313,0.0,0.0
P06,SRI,11,2026-05-25,awal,28.22217760347945,0.0,2.348,3.6413590690172333,0.0,2.8
P06,SRI,12,2026-05-26,awal,22.742018132614458,0.0,2.655,3.0251594708649936,0.0,0.2
P06,SRI,13,2026-05-27,awal,17.127435427788924,0.0,3.194,2.4205827048255353,0.0,0.0
P06,SRI,14,2026-05-28,awal,11.543449722089115,0.0,3.761,1.822985705699809,0.0,0.0
P06,SRI,15,2026-05-29,awal,6.077804375472297,0.0,4.237,1.2286453466168177,0.0,0.0
P06,SRI,16,2026-05-30,awal,2.4089036444644853,0.0,3.022,0.646900731007812,0.0,0.0
P06,SRI,17,2026-05-31,awal,-1.97449182868043,0.0,4.127,0.2563954731449156,0.0,0.0
P06,SRI,18,2026-06-01,awal,5.995634168124171,11.97449182868043,2.94,1.0643658318758282,0.0,0.0
P06,SRI,19,2026-06-02,awal,0.8134793532263096,0.0,4.544,0.6381548148978622,0.0,0.0
P06,SRI,20,2026-06-03,awal,-1.9168975344935681,0.0,3.448,0.18237688771987767,0.0,0.9
P06,SRI,21,2026-06-04,pertumbuhan,-8.463375530995556,0.0,3.992,2.5544779965019875,0.0,0.0
P06,SRI,22,2026-06-05,pertumbuhan,-14.692853527497544,0.0,3.675,2.5544779965019875,0.0,0.0
P06,SRI,23,2026-06-06,pertumbuhan,-22.303331523999532,0.0,5.056,2.5544779965019875,0.0,0.0
P06,SRI,24,2026-06-07,pertumbuhan,5.4216341681241715,32.30333152399953,3.514,1.0643658318758282,0.0,0.0
P06,SRI,25,2026-06-08,pertumbuhan,2.006573951975982,0.0,2.838,0.5770602161481897,0.0,0.0
P06,SRI,26,2026-06-09,pertumbuhan,-2.1339989233855468,0.0,3.927,0.2135728753615284,0.0,0.0
P06,SRI,27,2026-06-10,pertumbuhan,-8.358476919887533,0.0,3.67,2.5544779965019875,0.0,0.0
P06,SRI,28,2026-06-11,pertumbuhan,-14.24995491638952,0.0,3.337,2.5544779965019875,0.0,0.0
P06,SRI,29,2026-06-12,pertumbuhan,-20.570432912891505,0.0,3.766,2.5544779965019875,0.0,0.0
P06,SRI,30,2026-06-13,pertumbuhan,5.012634168124172,30.570432912891505,3.923,1.0643658318758282,0.0,0.0
P06,SRI,31,2026-06-14,pertumbuhan,1.2731065144997036,0.0,3.206,0.5335276536244684,0.0,0.0
P06,SRI,32,2026-06-15,pertumbuhan,-2.939398592937498,0.0,4.077,0.13550510743720132,0.0,0.0
P06,SRI,33,2026-06-16,pertumbuhan,-10.076876589439486,0.0,4.583,2.5544779965019875,0.0,0.0
P06,SRI,34,2026-06-17,pertumbuhan,-15.192354585941473,0.0,2.661,2.5544779965019875,0.0,0.1
P06,SRI,35,2026-06-18,pertumbuhan,-21.881832582443458,0.0,4.135,2.5544779965019875,0.0,0.0
P06,SRI,36,2026-06-19,pertumbuhan,-7.904310578945444,0.0,3.568,2.5544779965019875,0.0,20.1
P06,SRI,37,2026-06-20,pertumbuhan,-14.118788575447432,0.0,3.66,2.5544779965019875,0.0,0.0
P06,SRI,38,2026-06-21,pertumbuhan,-20.556266571949422,0.0,3.883,2.5544779965019875,0.0,0.0
P06,SRI,39,2026-06-22,pertumbuhan,4.1876341681241716,30.556266571949422,4.748,1.0643658318758282,0.0,0.0
P06,SRI,40,2026-06-23,pertumbuhan,-0.7980833043705413,0.0,4.54,0.44571747249471255,0.0,0.0
P06,SRI,41,2026-06-24,pertumbuhan,-7.499561300872529,0.0,4.147,2.5544779965019875,0.0,0.0
P06,SRI,42,2026-06-25,pertumbuhan,-13.889039297374516,0.0,3.835,2.5544779965019875,0.0,0.0
P06,SRI,43,2026-06-26,pertumbuhan,-18.779517293876502,0.0,2.936,2.5544779965019875,0.0,0.6
P06,SRI,44,2026-06-27,pertumbuhan,-19.48199529037849,0.0,3.948,2.5544779965019875,0.0,5.8
P06,SRI,45,2026-06-28,pertumbuhan,31.313923555444937,0.0,3.015,4.089081154176578,0.0,57.9
P06,SRI,46,2026-06-29,pertumbuhan,23.338976526006213,0.0,4.642,3.332947029438724,0.0,0.0
P06,SRI,47,2026-06-30,pertumbuhan,16.16285560948291,0.0,4.692,2.484120916523303,0.0,0.0
P06,SRI,48,2026-07-01,pertumbuhan,10.009536483855292,0.0,4.433,1.7203191256276174,0.0,0.0
P06,SRI,49,2026-07-02,pertumbuhan,4.386155621222284,0.0,4.558,1.065380862633009,0.0,0.0
P06,SRI,50,2026-07-03,pertumbuhan,-0.5076917964296257,0.0,4.427,0.46684741765190957,0.0,0.0
P06,SRI,51,2026-07-04,reproduktif,-1.957527982680456,0.0,3.291,0.1588361862508304,0.0,2.0
P06,SRI,52,2026-07-05,reproduktif,-8.124386480056947,0.0,4.251,1.9158584973764905,0.0,0.0
P06,SRI,53,2026-07-06,reproduktif,-13.131244977433436,0.0,3.091,1.9158584973764905,0.0,0.0
P06,SRI,54,2026-07-07,reproduktif,-19.224103474809926,0.0,4.177,1.9158584973764905,0.0,0.0
P06,SRI,55,2026-07-08,reproduktif,-13.120961972186416,0.0,3.281,1.9158584973764905,0.0,11.3
P06,SRI,56,2026-07-09,reproduktif,-19.330820469562905,0.0,4.294,1.9158584973764905,0.0,0.0
P06,SRI,57,2026-07-10,reproduktif,-26.444678966939396,0.0,5.198,1.9158584973764905,0.0,0.0
P06,SRI,58,2026-07-11,reproduktif,-0.04818291593791457,31.444678966939396,4.516,0.5321829159379141,0.0,0.0
P06,SRI,59,2026-07-12,reproduktif,-6.091041413314405,0.0,4.127,1.9158584973764905,0.0,0.0
P06,SRI,60,2026-07-13,reproduktif,1.5634545912468196,0.0,4.074,0.6715039954387763,0.0,12.4
P06,SRI,61,2026-07-14,reproduktif,-2.4449541734144304,0.0,3.842,0.1664087646612504,0.0,0.0
P06,SRI,62,2026-07-15,reproduktif,-8.146812670790922,0.0,3.786,1.9158584973764905,0.0,0.0
P06,SRI,63,2026-07-16,reproduktif,-14.875671168167411,0.0,4.813,1.9158584973764905,0.0,0.0
P06,SRI,64,2026-07-17,reproduktif,-21.627529665543904,0.0,4.836,1.9158584973764905,0.0,0.0
P06,SRI,65,2026-07-18,reproduktif,-28.932388162920393,0.0,5.389,1.9158584973764905,0.0,0.0
P06,SRI,66,2026-07-19,reproduktif,-0.27618291593791433,33.93238816292039,4.744,0.5321829159379141,0.0,0.0
P06,SRI,67,2026-07-20,reproduktif,-6.242041413314404,0.0,4.05,1.9158584973764905,0.0,0.0
P06,SRI,68,2026-07-21,reproduktif,-13.249899910690894,0.0,5.092,1.9158584973764905,0.0,0.0
P06,SRI,69,2026-07-22,reproduktif,-20.500758408067384,0.0,5.335,1.9158584973764905,0.0,0.0
P06,SRI,70,2026-07-23,reproduktif,-26.966616905443875,0.0,4.55,1.9158584973764905,0.0,0.0
P06,SRI,71,2026-07-24,reproduktif,-1.7051829159379146,31.966616905443875,6.173,0.5321829159379141,0.0,0.0
P06,SRI,72,2026-07-25,reproduktif,-8.713041413314404,0.0,5.092,1.9158584973764905,0.0,0.0
P06,SRI,73,2026-07-26,reproduktif,-16.201899910690894,0.0,5.573,1.9158584973764905,0.0,0.0
P06,SRI,74,2026-07-27,reproduktif,-23.816758408067386,0.0,5.699,1.9158584973764905,0.0,0.0
P06,SRI,75,2026-07-28,reproduktif,-31.191616905443876,0.0,5.459,1.9158584973764905,0.0,0.0
P06,SRI,76,2026-07-29,reproduktif,-0.5081829159379136,36.19161690544388,4.976,0.5321829159379141,0.0,0.0
P06,SRI,77,2026-07-30,reproduktif,-7.743041413314404,0.0,5.319,1.9158584973764905,0.0,0.0
P06,SRI,78,2026-07-31,reproduktif,-14.832899910690895,0.0,5.174,1.9158584973764905,0.0,0.0
P06,SRI,79,2026-08-01,reproduktif,-21.783758408067385,0.0,5.035,1.9158584973764905,0.0,0.0
P06,SRI,80,2026-08-02,reproduktif,-28.395616905443873,0.0,4.696,1.9158584973764905,0.0,0.0
P06,SRI,81,2026-08-03,reproduktif,-1.1201829159379137,33.39561690544387,5.588,0.5321829159379141,0.0,0.0
P06,SRI,82,2026-08-04,reproduktif,-8.006041413314403,0.0,4.97,1.9158584973764905,0.0,0.0
P06,SRI,83,2026-08-05,reproduktif,-14.950899910690893,0.0,5.029,1.9158584973764905,0.0,0.0
P06,SRI,84,2026-08-06,reproduktif,-22.300758408067384,0.0,5.434,1.9158584973764905,0.0,0.0
P06,SRI,85,2026-08-07,reproduktif,-30.072616905443873,0.0,5.856,1.9158584973764905,0.0,0.0
P06,SRI,86,2026-08-08,reproduktif,0.1908170840620862,35.07261690544387,4.277,0.5321829159379141,0.0,0.0
P06,SRI,87,2026-08-09,reproduktif,-5.0224928343793,0.0,5.193,0.02030991844138622,0.0,0.0
P06,SRI,88,2026-08-10,reproduktif,-12.40035133175579,0.0,5.462,1.9158584973764905,0.0,0.0
P06,SRI,89,2026-08-11,reproduktif,-19.89020982913228,0.0,5.574,1.9158584973764905,0.0,0.0
P06,SRI,90,2026-08-12,reproduktif,-27.135068326508772,0.0,5.329,1.9158584973764905,0.0,0.0
P06,SRI,91,2026-08-13,pemasakan,-34.36492682388526,0.0,5.314,1.9158584973764905,0.0,0.0
P06,SRI,92,2026-08-14,pemasakan,-7.6798584973764905,34.36492682388526,5.764,1.9158584973764905,0.0,0.0
P06,SRI,93,2026-08-15,pemasakan,-15.83771699475298,0.0,6.242,1.9158584973764905,0.0,0.0
P06,SRI,94,2026-08-16,pemasakan,-23.617575492129472,0.0,5.864,1.9158584973764905,0.0,0.0
P06,SRI,95,2026-08-17,pemasakan,-31.908433989505962,0.0,6.375,1.9158584973764905,0.0,0.0
P06,SRI,96,2026-08-18,pemasakan,-34.93529248688245,0.0,4.911,1.9158584973764905,0.0,3.8
P06,SRI,97,2026-08-19,pemasakan,-6.31485849737649,31.135292486882452,4.399,1.9158584973764905,0.0,3.8
P06,SRI,98,2026-08-20,pemasakan,-12.981716994752981,0.0,4.751,1.9158584973764905,0.0,0.0
P06,SRI,99,2026-08-21,pemasakan,-20.591575492129472,0.0,5.694,1.9158584973764905,0.0,0.0
P06,SRI,100,2026-08-22,pemasakan,-28.100433989505962,0.0,5.593,1.9158584973764905,0.0,0.0
P06,SRI,101,2026-08-23,pemasakan,-36.06029248688245,0.0,6.044,1.9158584973764905,0.0,0.0
P06,SRI,102,2026-08-24,pemasakan,-7.355858497376491,36.06029248688245,5.44,1.9158584973764905,0.0,0.0
P06,SRI,103,2026-08-25,pemasakan,-15.663716994752981,0.0,6.392,1.9158584973764905,0.0,0.0
P06,SRI,104,2026-08-26,pemasakan,-22.83657549212947,0.0,5.257,1.9158584973764905,0.0,0.0
P06,SRI,105,2026-08-27,pemasakan,-30.58743398950596,0.0,5.835,1.9158584973764905,0.0,0.0
P06,SRI,106,2026-08-28,pemasakan,-7.581858497376491,30.58743398950596,5.666,1.9158584973764905,0.0,0.0
P06,SRI,107,2026-08-29,pemasakan,-15.43071699475298,0.0,5.933,1.9158584973764905,0.0,0.0
P06,SRI,108,2026-08-30,pemasakan,-23.33057549212947,0.0,5.984,1.9158584973764905,0.0,0.0
P06,SRI,109,2026-08-31,pemasakan,-32.20843398950596,0.0,6.962,1.9158584973764905,0.0,0.0
P06,SRI,110,2026-09-01,pemasakan,-6.54885849737649,32.20843398950596,4.633,1.9158584973764905,0.0,0.0
P07,FL,1,2026-05-15,awal,14.017342109310073,0.0,3.936,2.0466578906899264,0.0,0.0
P07,FL,2,2026-05-16,awal,9.46390691758409,0.0,3.119,1.434435191725982,0.0,0.0
P07,FL,3,2026-05-17,awal,8.023139113859527,0.0,2.896,1.2447678037245629,0.0,2.7
P07,FL,4,2026-05-18,awal,10.601077934983524,0.0,3.154,1.5680611788760024,0.0,7.3
P07,FL,5,2026-05-19,awal,6.639238944710879,0.0,2.877,1.084838990272645,0.0,0.0
P07,FL,6,2026-05-20,awal,8.567662591518234,0.0,3.227,1.3445763531926453,0.0,6.5
P07,FL,7,2026-05-21,awal,15.696342109310073,10.232337408481767,2.257,2.0466578906899264,0.0,1.2
P07,FL,8,2026-05-22,awal,41.03270473130159,0.0,3.219,5.044637378008479,0.0,33.6
P07,FL,9,2026-05-23,awal,50.0,0.0,2.34,8.578843331809857,22.913861399491736,42.8
P07,FL,10,2026-05-24,awal,40.50935527327518,0.0,4.374,5.116644726724816,0.0,0.0
P07,FL,11,2026-05-25,awal,36.50638358773808,0.0,2.371,4.431971685537102,0.0,2.8
P07,FL,12,2026-05-26,awal,30.268113107311315,0.0,2.682,3.756270480426768,0.0,0.2
P07,FL,13,2026-05-27,awal,23.94468948094262,0.0,3.226,3.0974236263686947,0.0,0.0
P07,FL,14,2026-05-28,awal,17.695360097628054,0.0,3.799,2.450329383314565,0.0,0.0
P07,FL,15,2026-05-29,awal,11.605542679007549,0.0,4.279,1.8108174186205064,0.0,0.0
P07,FL,16,2026-05-30,awal,7.365913904021073,0.0,3.052,1.1876287749864756,0.0,0.0
P07,FL,17,2026-05-31,awal,13.785342109310074,12.634086095978926,4.168,2.0466578906899264,0.0,0.0
P07,FL,18,2026-06-01,awal,9.405648149116095,0.0,2.969,1.410693960193979,0.0,0.0
P07,FL,19,2026-06-02,awal,13.364342109310073,10.594351850883905,4.589,2.0466578906899264,0.0,0.0
P07,FL,20,2026-06-03,awal,9.322630692634071,0.0,3.482,1.4597114166760026,0.0,0.9
P07,FL,21,2026-06-04,pertumbuhan,13.712342109310073,10.677369307365929,4.241,2.0466578906899264,0.0,0.0
P07,FL,22,2026-06-05,pertumbuhan,8.404118450417112,0.0,3.905,1.4032236588929607,0.0,0.0
P07,FL,23,2026-06-06,pertumbuhan,12.581342109310073,11.595881549582888,5.372,2.0466578906899264,0.0,0.0
P07,FL,24,2026-06-07,pertumbuhan,7.560856954135628,0.0,3.733,1.2874851551744453,0.0,0.0
P07,FL,25,2026-06-08,pertumbuhan,14.938342109310074,12.439143045864373,3.015,2.0466578906899264,0.0,0.0
P07,FL,26,2026-06-09,pertumbuhan,9.23665832171782,0.0,4.173,1.5286837875922532,0.0,0.0
P07,FL,27,2026-06-10,pertumbuhan,14.054342109310074,10.76334167828218,3.899,2.0466578906899264,0.0,0.0
P07,FL,28,2026-06-11,pertumbuhan,9.070120600486316,0.0,3.546,1.4382215088237584,0.0,0.0
P07,FL,29,2026-06-12,pertumbuhan,13.952342109310074,10.929879399513684,4.001,2.0466578906899264,0.0,0.0
P07,FL,30,2026-06-13,pertumbuhan,8.356558555728833,0.0,4.168,1.4277835535812398,0.0,0.0
P07,FL,31,2026-06-14,pertumbuhan,14.546342109310073,11.643441444271167,3.407,2.0466578906899264,0.0,0.0
P07,FL,32,2026-06-15,pertumbuhan,8.725772816375343,0.0,4.332,1.4885692929347305,0.0,0.0
P07,FL,33,2026-06-16,pertumbuhan,13.084342109310073,11.274227183624657,4.869,2.0466578906899264,0.0,0.0
P07,FL,34,2026-06-17,pertumbuhan,9.008150218731327,0.0,2.827,1.3491918905787466,0.0,0.1
P07,FL,35,2026-06-18,pertumbuhan,13.560342109310074,10.991849781268673,4.393,2.0466578906899264,0.0,0.0
P07,FL,36,2026-06-19,pertumbuhan,26.424781870242985,0.0,3.791,3.444560239067094,0.0,20.1
P07,FL,37,2026-06-20,pertumbuhan,19.83265745401834,0.0,3.888,2.704124416224646,0.0,0.0
P07,FL,38,2026-06-21,pertumbuhan,13.677124210437487,0.0,4.126,2.0295332435808513,0.0,0.0
P07,FL,39,2026-06-22,pertumbuhan,7.2325045010755815,0.0,5.045,1.3996197093619058,0.0,0.0
P07,FL,40,2026-06-23,pertumbuhan,13.129342109310073,12.767495498924418,4.824,2.0466578906899264,0.0,0.0
P07,FL,41,2026-06-24,pertumbuhan,7.379778527930724,0.0,4.406,1.3435635813793494,0.0,0.0
P07,FL,42,2026-06-25,pertumbuhan,13.878342109310074,12.620221472069275,4.075,2.0466578906899264,0.0,0.0
P07,FL,43,2026-06-26,pertumbuhan,9.877731453203689,0.0,3.119,1.4816106561063849,0.0,0.6
P07,FL,44,2026-06-27,pertumbuhan,9.87938381386284,0.0,4.194,1.604347639340849,0.0,5.8
P07,FL,45,2026-06-28,pertumbuhan,50.0,0.0,3.204,6.936060535437173,7.639323278425664,57.9
P07,FL,46,2026-06-29,pertumbuhan,39.95135527327518,0.0,4.932,5.116644726724816,0.0,0.0
P07,FL,47,2026-06-30,pertumbuhan,30.87701744758492,0.0,4.986,4.088337825690263,0.0,0.0
P07,FL,48,2026-07-01,pertumbuhan,23.00728287758141,0.0,4.71,3.1597345700035104,0.0,0.0
P07,FL,49,2026-07-02,pertumbuhan,15.809881025344549,0.0,4.843,2.3544018522368617,0.0,0.0
P07,FL,50,2026-07-03,pertumbuhan,9.489010137775029,0.0,4.703,1.6178708875695185,0.0,0.0
P07,FL,51,2026-07-04,reproduktif,6.797306475040338,0.0,3.516,1.1757036627346913,0.0,2.0
P07,FL,52,2026-07-05,reproduktif,1.5587184284113853,0.0,4.543,0.6955880466289519,0.0,0.0
P07,FL,53,2026-07-06,reproduktif,5.673671054655037,8.441281571588615,3.303,1.0233289453449632,0.0,0.0
P07,FL,54,2026-07-07,reproduktif,0.6290678729955976,0.0,4.464,0.5806031816594385,0.0,0.0
P07,FL,55,2026-07-08,reproduktif,7.201331828453492,0.0,3.507,1.2207360445421072,0.0,11.3
P07,FL,56,2026-07-09,reproduktif,1.8753986979444486,0.0,4.589,0.7369331305090429,0.0,0.0
P07,FL,57,2026-07-10,reproduktif,3.421671054655037,8.124601302055552,5.555,1.0233289453449632,0.0,0.0
P07,FL,58,2026-07-11,reproduktif,4.151671054655036,6.578328945344963,4.825,1.0233289453449632,0.0,0.0
P07,FL,59,2026-07-12,reproduktif,4.566671054655036,5.848328945344964,4.41,1.0233289453449632,0.0,0.0
P07,FL,60,2026-07-13,reproduktif,10.877422495017532,0.0,4.353,1.7362485596375057,0.0,12.4
P07,FL,61,2026-07-14,reproduktif,5.658304366027745,0.0,4.106,1.1131181289897871,0.0,0.0
P07,FL,62,2026-07-15,reproduktif,1.0332737020949478,0.0,4.046,0.5790306639327973,0.0,0.0
P07,FL,63,2026-07-16,reproduktif,3.8326710546550364,8.966726297905051,5.144,1.0233289453449632,0.0,0.0
P07,FL,64,2026-07-17,reproduktif,3.8086710546550364,6.167328945344964,5.168,1.0233289453449632,0.0,0.0
P07,FL,65,2026-07-18,reproduktif,3.2186710546550366,6.191328945344964,5.758,1.0233289453449632,0.0,0.0
P07,FL,66,2026-07-19,reproduktif,3.9066710546550363,6.781328945344963,5.07,1.0233289453449632,0.0,0.0
P07,FL,67,2026-07-20,reproduktif,4.648671054655036,6.093328945344964,4.328,1.0233289453449632,0.0,0.0
P07,FL,68,2026-07-21,reproduktif,3.5356710546550367,5.351328945344964,5.441,1.0233289453449632,0.0,0.0
P07,FL,69,2026-07-22,reproduktif,3.275671054655037,6.464328945344963,5.701,1.0233289453449632,0.0,0.0
P07,FL,70,2026-07-23,reproduktif,4.1146710546550365,6.724328945344963,4.862,1.0233289453449632,0.0,0.0
P07,FL,71,2026-07-24,reproduktif,2.379671054655036,5.8853289453449635,6.597,1.0233289453449632,0.0,0.0
P07,FL,72,2026-07-25,reproduktif,3.5356710546550367,7.620328945344964,5.441,1.0233289453449632,0.0,0.0
P07,FL,73,2026-07-26,reproduktif,3.020671054655036,6.464328945344963,5.956,1.0233289453449632,0.0,0.0
P07,FL,74,2026-07-27,reproduktif,2.8866710546550367,6.979328945344964,6.09,1.0233289453449632,0.0,0.0
P07,FL,75,2026-07-28,reproduktif,3.142671054655037,7.113328945344963,5.834,1.0233289453449632,0.0,0.0
P07,FL,76,2026-07-29,reproduktif,3.6596710546550364,6.857328945344963,5.317,1.0233289453449632,0.0,0.0
P07,FL,77,2026-07-30,reproduktif,3.2926710546550364,6.340328945344964,5.684,1.0233289453449632,0.0,0.0
P07,FL,78,2026-07-31,reproduktif,3.4466710546550363,6.707328945344964,5.53,1.0233289453449632,0.0,0.0
P07,FL,79,2026-08-01,reproduktif,3.5966710546550367,6.553328945344964,5.38,1.0233289453449632,0.0,0.0
P07,FL,80,2026-08-02,reproduktif,3.9586710546550368,6.403328945344963,5.018,1.0233289453449632,0.0,0.0
P07,FL,81,2026-08-03,reproduktif,3.0056710546550365,6.041328945344963,5.971,1.0233289453449632,0.0,0.0
P07,FL,82,2026-08-04,reproduktif,3.6646710546550363,6.9943289453449635,5.312,1.0233289453449632,0.0,0.0
P07,FL,83,2026-08-05,reproduktif,3.602671054655037,6.335328945344964,5.374,1.0233289453449632,0.0,0.0
P07,FL,84,2026-08-06,reproduktif,3.1706710546550365,6.397328945344963,5.806,1.0233289453449632,0.0,0.0
P07,FL,85,2026-08-07,reproduktif,2.7186710546550366,6.8293289453449635,6.258,1.0233289453449632,0.0,0.0
P07,FL,86,2026-08-08,reproduktif,4.406671054655036,7.281328945344963,4.57,1.0233289453449632,0.0,0.0
P07,FL,87,2026-08-09,reproduktif,3.427671054655036,5.593328945344964,5.549,1.0233289453449632,0.0,0.0
P07,FL,88,2026-08-10,reproduktif,3.139671054655037,6.572328945344964,5.837,1.0233289453449632,0.0,0.0
P07,FL,89,2026-08-11,reproduktif,3.0196710546550367,6.860328945344963,5.957,1.0233289453449632,0.0,0.0
P07,FL,90,2026-08-12,reproduktif,3.2816710546550363,6.980328945344963,5.695,1.0233289453449632,0.0,0.0
P07,FL,91,2026-08-13,pemasakan,-2.4201518432778863,0.0,5.366,0.3358228979329232,0.0,0.0
P07,FL,92,2026-08-14,pemasakan,3.1576710546550366,12.420151843277885,5.819,1.0233289453449632,0.0,0.0
P07,FL,93,2026-08-15,pemasakan,-3.4674625643556087,0.0,6.302,0.32313361901064563,0.0,0.0
P07,FL,94,2026-08-16,pemasakan,3.0566710546550366,13.467462564355609,5.92,1.0233289453449632,0.0,0.0
P07,FL,95,2026-08-17,pemasakan,-3.693126942007625,0.0,6.437,0.3127979966626615,0.0,0.0
P07,FL,96,2026-08-18,pemasakan,-4.862063571379738,0.0,4.958,0.010936629372112788,0.0,3.8
P07,FL,97,2026-08-19,pemasakan,4.534671054655036,11.062063571379738,4.442,1.0233289453449632,0.0,3.8
P07,FL,98,2026-08-20,pemasakan,-0.7253749601296109,0.0,4.796,0.4640460147846471,0.0,0.0
P07,FL,99,2026-08-21,pemasakan,3.227671054655037,10.72537496012961,5.749,1.0233289453449632,0.0,0.0
P07,FL,100,2026-08-22,pemasakan,-2.749625866973024,0.0,5.647,0.3302969216280604,0.0,0.0
P07,FL,101,2026-08-23,pemasakan,2.873671054655037,12.749625866973023,6.103,1.0233289453449632,0.0,0.0
P07,FL,102,2026-08-24,pemasakan,-2.9134000223078127,0.0,5.493,0.29407107696284873,0.0,0.0
P07,FL,103,2026-08-25,pemasakan,2.5236710546550363,12.913400022307812,6.453,1.0233289453449632,0.0,0.0
P07,FL,104,2026-08-26,pemasakan,-3.042583509220739,0.0,5.308,0.25825456387577495,0.0,0.0
P07,FL,105,2026-08-27,pemasakan,3.084671054655036,13.042583509220739,5.892,1.0233289453449632,0.0,0.0
P07,FL,106,2026-08-28,pemasakan,-2.950992263054591,0.0,5.72,0.3156633177096274,0.0,0.0
P07,FL,107,2026-08-29,pemasakan,2.9866710546550364,12.95099226305459,5.99,1.0233289453449632,0.0,0.0
P07,FL,108,2026-08-30,pemasakan,-3.36096363939021,0.0,6.042,0.30563469404524674,0.0,0.0
P07,FL,109,2026-08-31,pemasakan,1.9476710546550375,13.36096363939021,7.029,1.0233289453449632,0.0,0.0
P07,FL,110,2026-09-01,pemasakan,-2.9296397619688674,0.0,4.678,0.19931081662390518,0.0,0.0
P07,SRI,1,2026-05-15,awal,14.056342109310073,0.0,3.897,2.0466578906899264,0.0,0.0
P07,SRI,2,2026-05-16,awal,9.529915934697247,0.0,3.088,1.4384261746128273,0.0,0.0
P07,SRI,3,2026-05-17,awal,8.111393237186117,0.0,2.867,1.2515226975111293,0.0,2.7
P07,SRI,4,2026-05-18,awal,10.7113007584155,0.0,3.123,1.577092478770617,0.0,7.3
P07,SRI,5,2026-05-19,awal,6.766182347577296,0.0,2.849,1.096118410838204,0.0,0.0
P07,SRI,6,2026-05-20,awal,8.71361550852727,0.0,3.195,1.3575668390500244,0.0,6.5
P07,SRI,7,2026-05-21,awal,6.664126538237602,0.0,2.235,1.0144889702896684,0.0,1.2
P07,SRI,8,2026-05-22,awal,32.95678192367652,0.0,3.187,4.120344614561084,0.0,33.6
P07,SRI,9,2026-05-23,awal,40.0,0.0,2.317,7.752410774868428,25.687371148808097,42.8
P07,SRI,10,2026-05-24,awal,31.575684218620147,0.0,4.331,4.093315781379853,0.0,0.0
P07,SRI,11,2026-05-25,awal,28.50992095092494,0.0,2.348,3.517763267695205,0.0,2.8
P07,SRI,12,2026-05-26,awal,23.11695163816021,0.0,2.655,2.937969312764728,0.0,0.2
P07,SRI,13,2026-05-27,awal,17.557327064213307,0.0,3.194,2.365624573946901,0.0,0.0
P07,SRI,14,2026-05-28,awal,11.999634965443509,0.0,3.761,1.7966920987697985,0.0,0.0
P07,SRI,15,2026-05-29,awal,6.534677586072323,0.0,4.237,1.227957379371185,0.0,0.0
P07,SRI,16,2026-05-30,awal,2.8439651138398476,0.0,3.022,0.6687124722324761,0.0,0.0
P07,SRI,17,2026-05-31,awal,-1.5740660682145124,0.0,4.127,0.29103118205435996,0.0,0.0
P07,SRI,18,2026-06-01,awal,6.036671054655037,11.574066068214513,2.94,1.0233289453449632,0.0,0.0
P07,SRI,19,2026-06-02,awal,0.8749210322795768,0.0,4.544,0.6177500223754606,0.0,0.0
P07,SRI,20,2026-06-03,awal,-1.8547117745237487,0.0,3.448,0.18163280680332528,0.0,0.9
P07,SRI,21,2026-06-04,pertumbuhan,-8.30270124335166,0.0,3.992,2.455989468827912,0.0,0.0
P07,SRI,22,2026-06-05,pertumbuhan,-14.43369071217957,0.0,3.675,2.455989468827912,0.0,0.0
P07,SRI,23,2026-06-06,pertumbuhan,-21.945680181007482,0.0,5.056,2.455989468827912,0.0,0.0
P07,SRI,24,2026-06-07,pertumbuhan,5.462671054655037,31.945680181007482,3.514,1.0233289453449632,0.0,0.0
P07,SRI,25,2026-06-08,pertumbuhan,2.0656601137423776,0.0,2.838,0.5590109409126598,0.0,0.0
P07,SRI,26,2026-06-09,pertumbuhan,-2.072724864821337,0.0,3.927,0.2113849785637144,0.0,0.0
P07,SRI,27,2026-06-10,pertumbuhan,-8.19871433364925,0.0,3.67,2.455989468827912,0.0,0.0
P07,SRI,28,2026-06-11,pertumbuhan,-13.991703802477161,0.0,3.337,2.455989468827912,0.0,0.0
P07,SRI,29,2026-06-12,pertumbuhan,-20.213693271305075,0.0,3.766,2.455989468827912,0.0,0.0
P07,SRI,30,2026-06-13,pertumbuhan,5.0536710546550365,30.213693271305075,3.923,1.0233289453449632,0.0,0.0
P07,SRI,31,2026-06-14,pertumbuhan,1.3305142676069859,0.0,3.206,0.5171567870480507,0.0,0.0
P07,SRI,32,2026-06-15,pertumbuhan,-2.8826411086166828,0.0,4.077,0.1361553762236683,0.0,0.0
P07,SRI,33,2026-06-16,pertumbuhan,-9.921630577444596,0.0,4.583,2.455989468827912,0.0,0.0
P07,SRI,34,2026-06-17,pertumbuhan,-14.938620046272508,0.0,2.661,2.455989468827912,0.0,0.1
P07,SRI,35,2026-06-18,pertumbuhan,-21.529609515100418,0.0,4.135,2.455989468827912,0.0,0.0
P07,SRI,36,2026-06-19,pertumbuhan,-7.4535989839283285,0.0,3.568,2.455989468827912,0.0,20.1
P07,SRI,37,2026-06-20,pertumbuhan,-13.569588452756241,0.0,3.66,2.455989468827912,0.0,0.0
P07,SRI,38,2026-06-21,pertumbuhan,-19.908577921584154,0.0,3.883,2.455989468827912,0.0,0.0
P07,SRI,39,2026-06-22,pertumbuhan,-27.112567390412067,0.0,4.748,2.455989468827912,0.0,0.0
P07,SRI,40,2026-06-23,pertumbuhan,4.4366710546550365,37.11256739041207,4.54,1.0233289453449632,0.0,0.0
P07,SRI,41,2026-06-24,pertumbuhan,-0.16434633646523,0.0,4.147,0.45401739112026646,0.0,0.0
P07,SRI,42,2026-06-25,pertumbuhan,-6.455335805293141,0.0,3.835,2.455989468827912,0.0,0.0
P07,SRI,43,2026-06-26,pertumbuhan,-11.247325274121053,0.0,2.936,2.455989468827912,0.0,0.6
P07,SRI,44,2026-06-27,pertumbuhan,-11.851314742948965,0.0,3.948,2.455989468827912,0.0,5.8
P07,SRI,45,2026-06-28,pertumbuhan,38.321390005189016,0.0,3.015,4.712295251862019,0.0,57.9
P07,SRI,46,2026-06-29,pertumbuhan,29.757851243372706,0.0,4.642,3.9215387618163096,0.0,0.0
P07,SRI,47,2026-06-30,pertumbuhan,22.020644190511415,0.0,4.692,3.0452070528612896,0.0,0.0
P07,SRI,48,2026-07-01,pertumbuhan,15.334207930982142,0.0,4.433,2.253436259529274,0.0,0.0
P07,SRI,49,2026-07-02,pertumbuhan,9.20701404801091,0.0,4.558,1.5691938829712326,0.0,0.0
P07,SRI,50,2026-07-03,pertumbuhan,3.837833650458184,0.0,4.427,0.9421803975527265,0.0,0.0
P07,SRI,51,2026-07-04,reproduktif,1.949431235195913,0.0,3.291,0.597402415262271,0.0,2.0
P07,SRI,52,2026-07-05,reproduktif,-2.501059705797643,0.0,4.251,0.1994909409935563,0.0,0.0
P07,SRI,53,2026-07-06,reproduktif,-7.4340518074185775,0.0,3.091,1.8419921016209337,0.0,0.0
P07,SRI,54,2026-07-07,reproduktif,-13.453043909039511,0.0,4.177,1.8419921016209337,0.0,0.0
P07,SRI,55,2026-07-08,reproduktif,-7.2760360106604445,0.0,3.281,1.8419921016209337,0.0,11.3
P07,SRI,56,2026-07-09,reproduktif,-13.412028112281378,0.0,4.294,1.8419921016209337,0.0,0.0
P07,SRI,57,2026-07-10,reproduktif,-20.452020213902312,0.0,5.198,1.8419921016209337,0.0,0.0
P07,SRI,58,2026-07-11,reproduktif,-26.810012315523245,0.0,4.516,1.8419921016209337,0.0,0.0
P07,SRI,59,2026-07-12,reproduktif,0.36133552732751895,31.810012315523245,4.127,0.5116644726724816,0.0,0.0
P07,SRI,60,2026-07-13,reproduktif,7.381431124690192,0.0,4.074,1.305904402637328,0.0,12.4
P07,SRI,61,2026-07-14,reproduktif,2.7840679118936213,0.0,3.842,0.75536321279657,0.0,0.0
P07,SRI,62,2026-07-15,reproduktif,-1.2868338161110637,0.0,3.786,0.2849017280046854,0.0,0.0
P07,SRI,63,2026-07-16,reproduktif,-7.941825917731998,0.0,4.813,1.8419921016209337,0.0,0.0
P07,SRI,64,2026-07-17,reproduktif,-14.61981801935293,0.0,4.836,1.8419921016209337,0.0,0.0
P07,SRI,65,2026-07-18,reproduktif,-21.850810120973865,0.0,5.389,1.8419921016209337,0.0,0.0
P07,SRI,66,2026-07-19,reproduktif,-28.4368022225948,0.0,4.744,1.8419921016209337,0.0,0.0
P07,SRI,67,2026-07-20,reproduktif,0.4383355273275189,33.4368022225948,4.05,0.5116644726724816,0.0,0.0
P07,SRI,68,2026-07-21,reproduktif,-4.69852061596121,0.0,5.092,0.044856143288729826,0.0,0.0
P07,SRI,69,2026-07-22,reproduktif,-11.875512717582144,0.0,5.335,1.8419921016209337,0.0,0.0
P07,SRI,70,2026-07-23,reproduktif,-18.267504819203076,0.0,4.55,1.8419921016209337,0.0,0.0
P07,SRI,71,2026-07-24,reproduktif,-26.28249692082401,0.0,6.173,1.8419921016209337,0.0,0.0
P07,SRI,72,2026-07-25,reproduktif,-0.6036644726724809,31.28249692082401,5.092,0.5116644726724816,0.0,0.0
P07,SRI,73,2026-07-26,reproduktif,-8.018656574293415,0.0,5.573,1.8419921016209337,0.0,0.0
P07,SRI,74,2026-07-27,reproduktif,-15.559648675914348,0.0,5.699,1.8419921016209337,0.0,0.0
P07,SRI,75,2026-07-28,reproduktif,-22.86064077753528,0.0,5.459,1.8419921016209337,0.0,0.0
P07,SRI,76,2026-07-29,reproduktif,-29.678632879156215,0.0,4.976,1.8419921016209337,0.0,0.0
P07,SRI,77,2026-07-30,reproduktif,-0.8306644726724812,34.67863287915621,5.319,0.5116644726724816,0.0,0.0
P07,SRI,78,2026-07-31,reproduktif,-7.846656574293416,0.0,5.174,1.8419921016209337,0.0,0.0
P07,SRI,79,2026-08-01,reproduktif,-14.72364867591435,0.0,5.035,1.8419921016209337,0.0,0.0
P07,SRI,80,2026-08-02,reproduktif,-21.261640777535284,0.0,4.696,1.8419921016209337,0.0,0.0
P07,SRI,81,2026-08-03,reproduktif,-28.691632879156217,0.0,5.588,1.8419921016209337,0.0,0.0
P07,SRI,82,2026-08-04,reproduktif,-0.481664472672481,33.69163287915622,4.97,0.5116644726724816,0.0,0.0
P07,SRI,83,2026-08-05,reproduktif,-7.352656574293414,0.0,5.029,1.8419921016209337,0.0,0.0
P07,SRI,84,2026-08-06,reproduktif,-14.628648675914349,0.0,5.434,1.8419921016209337,0.0,0.0
P07,SRI,85,2026-08-07,reproduktif,-22.32664077753528,0.0,5.856,1.8419921016209337,0.0,0.0
P07,SRI,86,2026-08-08,reproduktif,-28.445632879156214,0.0,4.277,1.8419921016209337,0.0,0.0
P07,SRI,87,2026-08-09,reproduktif,-0.7046644726724809,33.445632879156214,5.193,0.5116644726724816,0.0,0.0
P07,SRI,88,2026-08-10,reproduktif,-8.008656574293415,0.0,5.462,1.8419921016209337,0.0,0.0
P07,SRI,89,2026-08-11,reproduktif,-15.424648675914348,0.0,5.574,1.8419921016209337,0.0,0.0
P07,SRI,90,2026-08-12,reproduktif,-22.59564077753528,0.0,5.329,1.8419921016209337,0.0,0.0
P07,SRI,91,2026-08-13,pemasakan,-29.75163287915621,0.0,5.314,1.8419921016209337,0.0,0.0
P07,SRI,92,2026-08-14,pemasakan,-37.357624980777146,0.0,5.764,1.8419921016209337,0.0,0.0
P07,SRI,93,2026-08-15,pemasakan,-8.083992101620934,37.357624980777146,6.242,1.8419921016209337,0.0,0.0
P07,SRI,94,2026-08-16,pemasakan,-15.789984203241868,0.0,5.864,1.8419921016209337,0.0,0.0
P07,SRI,95,2026-08-17,pemasakan,-24.006976304862803,0.0,6.375,1.8419921016209337,0.0,0.0
P07,SRI,96,2026-08-18,pemasakan,-26.959968406483735,0.0,4.911,1.8419921016209337,0.0,3.8
P07,SRI,97,2026-08-19,pemasakan,-29.400960508104667,0.0,4.399,1.8419921016209337,0.0,3.8
P07,SRI,98,2026-08-20,pemasakan,-35.9939526097256,0.0,4.751,1.8419921016209337,0.0,0.0
P07,SRI,99,2026-08-21,pemasakan,-7.535992101620934,35.9939526097256,5.694,1.8419921016209337,0.0,0.0
P07,SRI,100,2026-08-22,pemasakan,-14.970984203241867,0.0,5.593,1.8419921016209337,0.0,0.0
P07,SRI,101,2026-08-23,pemasakan,-22.8569763048628,0.0,6.044,1.8419921016209337,0.0,0.0
P07,SRI,102,2026-08-24,pemasakan,-30.138968406483734,0.0,5.44,1.8419921016209337,0.0,0.0
P07,SRI,103,2026-08-25,pemasakan,-8.233992101620935,30.138968406483734,6.392,1.8419921016209337,0.0,0.0
P07,SRI,104,2026-08-26,pemasakan,-15.332984203241868,0.0,5.257,1.8419921016209337,0.0,0.0
P07,SRI,105,2026-08-27,pemasakan,-23.009976304862803,0.0,5.835,1.8419921016209337,0.0,0.0
P07,SRI,106,2026-08-28,pemasakan,-30.51796840648374,0.0,5.666,1.8419921016209337,0.0,0.0
P07,SRI,107,2026-08-29,pemasakan,-7.774992101620933,30.51796840648374,5.933,1.8419921016209337,0.0,0.0
P07,SRI,108,2026-08-30,pemasakan,-15.600984203241866,0.0,5.984,1.8419921016209337,0.0,0.0
P07,SRI,109,2026-08-31,pemasakan,-24.4049763048628,0.0,6.962,1.8419921016209337,0.0,0.0
P07,SRI,110,2026-09-01,pemasakan,-30.879968406483734,0.0,4.633,1.8419921016209337,0.0,0.0
P08,FL,1,2026-05-15,awal,13.341953153090977,0.0,3.936,2.7220468469090235,0.0,0.0
P08,FL,2,2026-05-16,awal,8.407082077492017,0.0,3.119,1.81587107559896,0.0,0.0
P08,FL,3,2026-05-17,awal,6.699382190122173,0.0,2.896,1.5116998873698435,0.0,2.7
P08,FL,4,2026-05-18,awal,8.940033482657352,0.0,3.154,1.90534870746482,0.0,7.3
P08,FL,5,2026-05-19,awal,14.400953153090978,11.059966517342648,2.877,2.7220468469090235,0.0,0.0
P08,FL,6,2026-05-20,awal,14.829284471702753,0.0,3.227,2.8446686813882254,0.0,6.5
P08,FL,7,2026-05-21,awal,11.59066130898244,0.0,2.257,2.1816231627203124,0.0,1.2
P08,FL,8,2026-05-22,awal,35.821106452689975,0.0,3.219,6.150554856292463,0.0,33.6
P08,FL,9,2026-05-23,awal,50.0,0.0,2.34,10.700516746002172,15.580589706687803,42.8
P08,FL,10,2026-05-24,awal,38.820882882727446,0.0,4.374,6.805117117272559,0.0,0.0
P08,FL,11,2026-05-25,awal,33.58518323190255,0.0,2.371,5.6646996508248995,0.0,2.8
P08,FL,12,2026-05-26,awal,26.504940657470353,0.0,2.682,4.598242574432198,0.0,0.2
P08,FL,13,2026-05-27,awal,19.671556150261456,0.0,3.226,3.607384507208898,0.0,0.0
P08,FL,14,2026-05-28,awal,13.195211280630804,0.0,3.799,2.6773448696306503,0.0,0.0
P08,FL,15,2026-05-29,awal,7.120312117593832,0.0,4.279,1.7958991630369732,0.0,0.0
P08,FL,16,2026-05-30,awal,14.225953153090977,12.879687882406168,3.052,2.7220468469090235,0.0,0.0
P08,FL,17,2026-05-31,awal,8.121767606858638,0.0,4.168,1.9361855462323387,0.0,0.0
P08,FL,18,2026-06-01,awal,14.308953153090977,11.878232393141362,2.969,2.7220468469090235,0.0,0.0
P08,FL,19,2026-06-02,awal,7.772471112443966,0.0,4.589,1.9474820406470112,0.0,0.0
P08,FL,20,2026-06-03,awal,13.795953153090977,11.327528887556035,3.482,2.7220468469090235,0.0,0.9
P08,FL,21,2026-06-04,pertumbuhan,7.677291614067182,0.0,4.241,1.877661539023795,0.0,0.0
P08,FL,22,2026-06-05,pertumbuhan,13.372953153090977,12.322708385932817,3.905,2.7220468469090235,0.0,0.0
P08,FL,23,2026-06-06,pertumbuhan,6.180862904879309,0.0,5.372,1.820090248211669,0.0,0.0
P08,FL,24,2026-06-07,pertumbuhan,13.544953153090976,13.819137095120691,3.733,2.7220468469090235,0.0,0.0
P08,FL,25,2026-06-08,pertumbuhan,8.68645330199589,0.0,3.015,1.8434998510950864,0.0,0.0
P08,FL,26,2026-06-09,pertumbuhan,13.104953153090976,11.31354669800411,4.173,2.7220468469090235,0.0,0.0
P08,FL,27,2026-06-10,pertumbuhan,7.422338332627889,0.0,3.899,1.783614820463088,0.0,0.0
P08,FL,28,2026-06-11,pertumbuhan,13.731953153090977,12.577661667372112,3.546,2.7220468469090235,0.0,0.0
P08,FL,29,2026-06-12,pertumbuhan,7.862002163977291,0.0,4.001,1.868950989113686,0.0,0.0
P08,FL,30,2026-06-13,pertumbuhan,13.109953153090977,12.13799783602271,4.168,2.7220468469090235,0.0,0.0
P08,FL,31,2026-06-14,pertumbuhan,7.918657820916161,0.0,3.407,1.7842953321748154,0.0,0.0
P08,FL,32,2026-06-15,pertumbuhan,12.945953153090976,12.081342179083839,4.332,2.7220468469090235,0.0,0.0
P08,FL,33,2026-06-16,pertumbuhan,6.314978605060815,0.0,4.869,1.7619745480301612,0.0,0.0
P08,FL,34,2026-06-17,pertumbuhan,14.450953153090976,13.585021394939186,2.827,2.7220468469090235,0.0,0.1
P08,FL,35,2026-06-18,pertumbuhan,8.09114457983091,0.0,4.393,1.9668085732600653,0.0,0.0
P08,FL,36,2026-06-19,pertumbuhan,20.563263769116652,0.0,3.791,3.8368808107142574,0.0,20.1
P08,FL,37,2026-06-20,pertumbuhan,13.876555403872525,0.0,3.888,2.7987083652441274,0.0,0.0
P08,FL,38,2026-06-21,pertumbuhan,7.861923709719045,0.0,4.126,1.8886316941534789,0.0,0.0
P08,FL,39,2026-06-22,pertumbuhan,12.232953153090977,12.138076290280955,5.045,2.7220468469090235,0.0,0.0
P08,FL,40,2026-06-23,pertumbuhan,5.744019575153122,0.0,4.824,1.6649335779378547,0.0,0.0
P08,FL,41,2026-06-24,pertumbuhan,12.871953153090978,14.255980424846879,4.406,2.7220468469090235,0.0,0.0
P08,FL,42,2026-06-25,pertumbuhan,7.04505017839438,0.0,4.075,1.751902974696598,0.0,0.0
P08,FL,43,2026-06-26,pertumbuhan,14.158953153090977,12.35494982160562,3.119,2.7220468469090235,0.0,0.6
P08,FL,44,2026-06-27,pertumbuhan,13.048492878192167,0.0,4.194,2.7164602748988105,0.0,5.8
P08,FL,45,2026-06-28,pertumbuhan,50.0,0.0,3.204,9.656256066601516,8.088236811590654,57.9
P08,FL,46,2026-06-29,pertumbuhan,38.26288288272744,0.0,4.932,6.805117117272559,0.0,0.0
P08,FL,47,2026-06-30,pertumbuhan,28.069214897498565,0.0,4.986,5.207667985228874,0.0,0.0
P08,FL,48,2026-07-01,pertumbuhan,19.53892900215118,0.0,4.71,3.820285895347388,0.0,0.0
P08,FL,49,2026-07-02,pertumbuhan,12.036634998036934,0.0,4.843,2.6592940041142445,0.0,0.0
P08,FL,50,2026-07-03,pertumbuhan,5.695420780846872,0.0,4.703,1.638214217190062,0.0,0.0
P08,FL,51,2026-07-04,reproduktif,3.1320559872397515,0.0,3.516,1.0473647936071202,0.0,2.0
P08,FL,52,2026-07-05,reproduktif,4.095976576545488,6.8679440127602485,4.543,1.3610234234545118,0.0,0.0
P08,FL,53,2026-07-06,reproduktif,5.335976576545488,5.904023423454512,3.303,1.3610234234545118,0.0,0.0
P08,FL,54,2026-07-07,reproduktif,0.14573766577718494,0.0,4.464,0.7262389107683026,0.0,0.0
P08,FL,55,2026-07-08,reproduktif,6.380945959593354,0.0,3.507,1.5577917061838318,0.0,11.3
P08,FL,56,2026-07-09,reproduktif,0.9234842681129551,0.0,4.589,0.8684616914803981,0.0,0.0
P08,FL,57,2026-07-10,reproduktif,3.0839765765454885,9.076515731887046,5.555,1.3610234234545118,0.0,0.0
P08,FL,58,2026-07-11,reproduktif,3.813976576545488,6.9160234234545115,4.825,1.3610234234545118,0.0,0.0
P08,FL,59,2026-07-12,reproduktif,4.228976576545488,6.186023423454512,4.41,1.3610234234545118,0.0,0.0
P08,FL,60,2026-07-13,reproduktif,10.012733913670008,0.0,4.353,2.263242662875483,0.0,12.4
P08,FL,61,2026-07-14,reproduktif,4.543977374737784,0.0,4.106,1.3627565389322247,0.0,0.0
P08,FL,62,2026-07-15,reproduktif,4.592976576545488,5.456022625262216,4.046,1.3610234234545118,0.0,0.0
P08,FL,63,2026-07-16,reproduktif,3.494976576545488,5.407023423454512,5.144,1.3610234234545118,0.0,0.0
P08,FL,64,2026-07-17,reproduktif,3.470976576545488,6.505023423454512,5.168,1.3610234234545118,0.0,0.0
P08,FL,65,2026-07-18,reproduktif,2.880976576545488,6.529023423454512,5.758,1.3610234234545118,0.0,0.0
P08,FL,66,2026-07-19,reproduktif,3.568976576545488,7.119023423454512,5.07,1.3610234234545118,0.0,0.0
P08,FL,67,2026-07-20,reproduktif,4.310976576545488,6.431023423454512,4.328,1.3610234234545118,0.0,0.0
P08,FL,68,2026-07-21,reproduktif,3.1979765765454884,5.689023423454512,5.441,1.3610234234545118,0.0,0.0
P08,FL,69,2026-07-22,reproduktif,2.9379765765454886,6.802023423454512,5.701,1.3610234234545118,0.0,0.0
P08,FL,70,2026-07-23,reproduktif,3.776976576545488,7.062023423454511,4.862,1.3610234234545118,0.0,0.0
P08,FL,71,2026-07-24,reproduktif,2.041976576545488,6.223023423454512,6.597,1.3610234234545118,0.0,0.0
P08,FL,72,2026-07-25,reproduktif,3.1979765765454884,7.958023423454512,5.441,1.3610234234545118,0.0,0.0
P08,FL,73,2026-07-26,reproduktif,2.682976576545488,6.802023423454512,5.956,1.3610234234545118,0.0,0.0
P08,FL,74,2026-07-27,reproduktif,2.5489765765454884,7.317023423454512,6.09,1.3610234234545118,0.0,0.0
P08,FL,75,2026-07-28,reproduktif,2.8049765765454886,7.451023423454512,5.834,1.3610234234545118,0.0,0.0
P08,FL,76,2026-07-29,reproduktif,3.321976576545488,7.195023423454511,5.317,1.3610234234545118,0.0,0.0
P08,FL,77,2026-07-30,reproduktif,2.954976576545488,6.678023423454512,5.684,1.3610234234545118,0.0,0.0
P08,FL,78,2026-07-31,reproduktif,3.108976576545488,7.045023423454512,5.53,1.3610234234545118,0.0,0.0
P08,FL,79,2026-08-01,reproduktif,3.2589765765454883,6.891023423454512,5.38,1.3610234234545118,0.0,0.0
P08,FL,80,2026-08-02,reproduktif,3.6209765765454884,6.741023423454512,5.018,1.3610234234545118,0.0,0.0
P08,FL,81,2026-08-03,reproduktif,2.667976576545488,6.379023423454512,5.971,1.3610234234545118,0.0,0.0
P08,FL,82,2026-08-04,reproduktif,3.326976576545488,7.332023423454512,5.312,1.3610234234545118,0.0,0.0
P08,FL,83,2026-08-05,reproduktif,3.2649765765454886,6.673023423454512,5.374,1.3610234234545118,0.0,0.0
P08,FL,84,2026-08-06,reproduktif,2.832976576545488,6.735023423454511,5.806,1.3610234234545118,0.0,0.0
P08,FL,85,2026-08-07,reproduktif,2.380976576545488,7.167023423454512,6.258,1.3610234234545118,0.0,0.0
P08,FL,86,2026-08-08,reproduktif,4.068976576545488,7.619023423454512,4.57,1.3610234234545118,0.0,0.0
P08,FL,87,2026-08-09,reproduktif,3.089976576545488,5.931023423454512,5.549,1.3610234234545118,0.0,0.0
P08,FL,88,2026-08-10,reproduktif,2.8019765765454885,6.910023423454512,5.837,1.3610234234545118,0.0,0.0
P08,FL,89,2026-08-11,reproduktif,2.6819765765454884,7.1980234234545115,5.957,1.3610234234545118,0.0,0.0
P08,FL,90,2026-08-12,reproduktif,2.943976576545488,7.318023423454512,5.695,1.3610234234545118,0.0,0.0
P08,FL,91,2026-08-13,pemasakan,-2.8227055313324954,0.0,5.366,0.40068210787798336,0.0,0.0
P08,FL,92,2026-08-14,pemasakan,2.8199765765454883,12.822705531332495,5.819,1.3610234234545118,0.0,0.0
P08,FL,93,2026-08-15,pemasakan,-3.865828840881659,0.0,6.302,0.38380541742714747,0.0,0.0
P08,FL,94,2026-08-16,pemasakan,2.7189765765454883,13.865828840881658,5.92,1.3610234234545118,0.0,0.0
P08,FL,95,2026-08-17,pemasakan,-4.088082504304769,0.0,6.437,0.3700590808502569,0.0,0.0
P08,FL,96,2026-08-18,pemasakan,3.680976576545488,10.288082504304768,4.958,1.3610234234545118,0.0,3.8
P08,FL,97,2026-08-19,pemasakan,2.0207981414461926,0.0,4.442,1.0181784350992953,0.0,3.8
P08,FL,98,2026-08-20,pemasakan,-3.0502372190119686,0.0,4.796,0.2750353604581612,0.0,0.0
P08,FL,99,2026-08-21,pemasakan,2.8899765765454886,13.050237219011969,5.749,1.3610234234545118,0.0,0.0
P08,FL,100,2026-08-22,pemasakan,-3.1503560048458406,0.0,5.647,0.3933325813913291,0.0,0.0
P08,FL,101,2026-08-23,pemasakan,2.5359765765454885,13.15035600484584,6.103,1.3610234234545118,0.0,0.0
P08,FL,102,2026-08-24,pemasakan,-3.3021757756555514,0.0,5.493,0.34515235220103935,0.0,0.0
P08,FL,103,2026-08-25,pemasakan,2.185976576545488,13.302175775655552,6.453,1.3610234234545118,0.0,0.0
P08,FL,104,2026-08-26,pemasakan,-3.419539955834643,0.0,5.308,0.29751653238013137,0.0,0.0
P08,FL,105,2026-08-27,pemasakan,2.746976576545488,13.419539955834644,5.892,1.3610234234545118,0.0,0.0
P08,FL,106,2026-08-28,pemasakan,-3.3468933698904415,0.0,5.72,0.37386994643592947,0.0,0.0
P08,FL,107,2026-08-29,pemasakan,2.648976576545488,13.346893369890442,5.99,1.3610234234545118,0.0,0.0
P08,FL,108,2026-08-30,pemasakan,-3.7535553403405872,0.0,6.042,0.3605319168860753,0.0,0.0
P08,FL,109,2026-08-31,pemasakan,1.6099765765454883,13.753555340340586,7.029,1.3610234234545118,0.0,0.0
P08,FL,110,2026-09-01,pemasakan,-3.287145006643663,0.0,4.678,0.21912158318915154,0.0,0.0
P08,SRI,1,2026-05-15,awal,13.380953153090976,0.0,3.897,2.7220468469090235,0.0,0.0
P08,SRI,2,2026-05-16,awal,8.471774086140544,0.0,3.088,1.8211790669504324,0.0,0.0
P08,SRI,3,2026-05-17,awal,6.784269464862604,0.0,2.867,1.5205046212779405,0.0,2.7
P08,SRI,4,2026-05-18,awal,9.04436740047029,0.0,3.123,1.9169020643923147,0.0,7.3
P08,SRI,5,2026-05-19,awal,4.964407812233444,0.0,2.849,1.2309595882368456,0.0,0.0
P08,SRI,6,2026-05-20,awal,6.709075055384982,0.0,3.195,1.560332756848461,0.0,6.5
P08,SRI,7,2026-05-21,awal,4.597631414561107,0.0,2.235,1.0764436408238751,0.0,1.2
P08,SRI,8,2026-05-22,awal,29.81184430699115,0.0,3.187,5.198787107569957,0.0,33.6
P08,SRI,9,2026-05-23,awal,40.0,0.0,2.317,9.882642092204708,20.412202214786433,42.8
P08,SRI,10,2026-05-24,awal,30.224906306181953,0.0,4.331,5.444093693818047,0.0,0.0
P08,SRI,11,2026-05-25,awal,26.182139202171527,0.0,2.348,4.494767104010426,0.0,2.8
P08,SRI,12,2026-05-26,awal,20.13646826067223,0.0,2.655,3.5906709414992974,0.0,0.2
P08,SRI,13,2026-05-27,awal,14.201847763829907,0.0,3.194,2.740620496842324,0.0,0.0
P08,SRI,14,2026-05-28,awal,8.507943017539148,0.0,3.761,1.9329047462907583,0.0,0.0
P08,SRI,15,2026-05-29,awal,3.1129920443104435,0.0,4.237,1.157950973228704,0.0,0.0
P08,SRI,16,2026-05-30,awal,-0.33269346462296223,0.0,3.022,0.4236855089334059,0.0,0.0
P08,SRI,17,2026-05-31,awal,4.5119765765454884,10.332693464622963,4.127,1.3610234234545118,0.0,0.0
P08,SRI,18,2026-06-01,awal,0.9578859958698374,0.0,2.94,0.6140905806756509,0.0,0.0
P08,SRI,19,2026-06-02,awal,-3.7164845318679527,0.0,4.544,0.13037052773779004,0.0,0.0
P08,SRI,20,2026-06-03,awal,5.190976576545488,12.816484531867953,3.448,1.3610234234545118,0.0,0.9
P08,SRI,21,2026-06-04,pertumbuhan,0.4924725054172754,0.0,3.992,0.7065040711282121,0.0,0.0
P08,SRI,22,2026-06-05,pertumbuhan,-3.2495541561107486,0.0,3.675,0.06702666152802407,0.0,0.0
P08,SRI,23,2026-06-06,pertumbuhan,-11.572010372401577,0.0,5.056,3.266456216290828,0.0,0.0
P08,SRI,24,2026-06-07,pertumbuhan,-18.352466588692405,0.0,3.514,3.266456216290828,0.0,0.0
P08,SRI,25,2026-06-08,pertumbuhan,-24.456922804983233,0.0,2.838,3.266456216290828,0.0,0.0
P08,SRI,26,2026-06-09,pertumbuhan,4.711976576545489,34.456922804983236,3.927,1.3610234234545118,0.0,0.0
P08,SRI,27,2026-06-10,pertumbuhan,0.4006655274007471,0.0,3.67,0.6413110491447411,0.0,0.0
P08,SRI,28,2026-06-11,pertumbuhan,-2.9908659893755702,0.0,3.337,0.054531516776317235,0.0,0.0
P08,SRI,29,2026-06-12,pertumbuhan,-10.0233222056664,0.0,3.766,3.266456216290828,0.0,0.0
P08,SRI,30,2026-06-13,pertumbuhan,-17.21277842195723,0.0,3.923,3.266456216290828,0.0,0.0
P08,SRI,31,2026-06-14,pertumbuhan,-23.685234638248055,0.0,3.206,3.266456216290828,0.0,0.0
P08,SRI,32,2026-06-15,pertumbuhan,4.561976576545488,33.685234638248055,4.077,1.3610234234545118,0.0,0.0
P08,SRI,33,2026-06-16,pertumbuhan,-0.6419191212474349,0.0,4.583,0.6208956977929234,0.0,0.0
P08,SRI,34,2026-06-17,pertumbuhan,-6.469375337538263,0.0,2.661,3.266456216290828,0.0,0.1
P08,SRI,35,2026-06-18,pertumbuhan,-13.870831553829092,0.0,4.135,3.266456216290828,0.0,0.0
P08,SRI,36,2026-06-19,pertumbuhan,1.813364029782674,0.0,3.568,0.8478044163882353,0.0,20.1
P08,SRI,37,2026-06-20,pertumbuhan,-2.0934390621957344,0.0,3.66,0.24680309197840844,0.0,0.0
P08,SRI,38,2026-06-21,pertumbuhan,-9.242895278486563,0.0,3.883,3.266456216290828,0.0,0.0
P08,SRI,39,2026-06-22,pertumbuhan,-17.25735149477739,0.0,4.748,3.266456216290828,0.0,0.0
P08,SRI,40,2026-06-23,pertumbuhan,-25.063807711068215,0.0,4.54,3.266456216290828,0.0,0.0
P08,SRI,41,2026-06-24,pertumbuhan,4.491976576545488,35.063807711068215,4.147,1.3610234234545118,0.0,0.0
P08,SRI,42,2026-06-25,pertumbuhan,0.04560804271674623,0.0,3.835,0.6113685338287418,0.0,0.0
P08,SRI,43,2026-06-26,pertumbuhan,-2.3782607241340648,0.0,2.936,0.08786876685081127,0.0,0.6
P08,SRI,44,2026-06-27,pertumbuhan,-0.9919674544748469,0.0,3.948,0.4657067303407817,0.0,5.8
P08,SRI,45,2026-06-28,pertumbuhan,40.0,0.0,3.015,7.745316527717142,6.147716017808008,57.9
P08,SRI,46,2026-06-29,pertumbuhan,29.913906306181953,0.0,4.642,5.444093693818047,0.0,0.0
P08,SRI,47,2026-06-30,pertumbuhan,21.150553589208226,0.0,4.692,4.071352716973728,0.0,0.0
P08,SRI,48,2026-07-01,pertumbuhan,13.838913703813997,0.0,4.433,2.878639885394229,0.0,0.0
P08,SRI,49,2026-07-02,pertumbuhan,7.397405133208348,0.0,4.558,1.8835085706056485,0.0,0.0
P08,SRI,50,2026-07-03,pertumbuhan,1.9636009673004278,0.0,4.427,1.0068041659079205,0.0,0.0
P08,SRI,51,2026-07-04,reproduktif,0.13314559152814365,0.0,3.291,0.5394553757722843,0.0,2.0
P08,SRI,52,2026-07-05,reproduktif,-4.1359758353518075,0.0,4.251,0.01812142687995101,0.0,0.0
P08,SRI,53,2026-07-06,reproduktif,-9.676817997569929,0.0,3.091,2.449842162218121,0.0,0.0
P08,SRI,54,2026-07-07,reproduktif,-16.30366015978805,0.0,4.177,2.449842162218121,0.0,0.0
P08,SRI,55,2026-07-08,reproduktif,-10.734502322006168,0.0,3.281,2.449842162218121,0.0,11.3
P08,SRI,56,2026-07-09,reproduktif,-17.478344484224287,0.0,4.294,2.449842162218121,0.0,0.0
P08,SRI,57,2026-07-10,reproduktif,-25.12618664644241,0.0,5.198,2.449842162218121,0.0,0.0
P08,SRI,58,2026-07-11,reproduktif,-0.1965117117272559,30.12618664644241,4.516,0.6805117117272559,0.0,0.0
P08,SRI,59,2026-07-12,reproduktif,-6.773353873945377,0.0,4.127,2.449842162218121,0.0,0.0
P08,SRI,60,2026-07-13,reproduktif,0.7868464087496303,0.0,4.074,0.7657997173049931,0.0,12.4
P08,SRI,61,2026-07-14,reproduktif,-3.162245230547301,0.0,3.842,0.107091639296931,0.0,0.0
P08,SRI,62,2026-07-15,reproduktif,-9.398087392765422,0.0,3.786,2.449842162218121,0.0,0.0
P08,SRI,63,2026-07-16,reproduktif,-16.660929554983543,0.0,4.813,2.449842162218121,0.0,0.0
P08,SRI,64,2026-07-17,reproduktif,-23.946771717201663,0.0,4.836,2.449842162218121,0.0,0.0
P08,SRI,65,2026-07-18,reproduktif,-31.785613879419785,0.0,5.389,2.449842162218121,0.0,0.0
P08,SRI,66,2026-07-19,reproduktif,-0.42451171172725566,36.785613879419785,4.744,0.6805117117272559,0.0,0.0
P08,SRI,67,2026-07-20,reproduktif,-6.9243538739453765,0.0,4.05,2.449842162218121,0.0,0.0
P08,SRI,68,2026-07-21,reproduktif,-14.466196036163497,0.0,5.092,2.449842162218121,0.0,0.0
P08,SRI,69,2026-07-22,reproduktif,-22.251038198381618,0.0,5.335,2.449842162218121,0.0,0.0
P08,SRI,70,2026-07-23,reproduktif,-29.250880360599737,0.0,4.55,2.449842162218121,0.0,0.0
P08,SRI,71,2026-07-24,reproduktif,-1.853511711727256,34.25088036059974,6.173,0.6805117117272559,0.0,0.0
P08,SRI,72,2026-07-25,reproduktif,-9.395353873945377,0.0,5.092,2.449842162218121,0.0,0.0
P08,SRI,73,2026-07-26,reproduktif,-17.4181960361635,0.0,5.573,2.449842162218121,0.0,0.0
P08,SRI,74,2026-07-27,reproduktif,-25.56703819838162,0.0,5.699,2.449842162218121,0.0,0.0
P08,SRI,75,2026-07-28,reproduktif,-1.1395117117272555,30.56703819838162,5.459,0.6805117117272559,0.0,0.0
P08,SRI,76,2026-07-29,reproduktif,-8.565353873945377,0.0,4.976,2.449842162218121,0.0,0.0
P08,SRI,77,2026-07-30,reproduktif,-16.334196036163497,0.0,5.319,2.449842162218121,0.0,0.0
P08,SRI,78,2026-07-31,reproduktif,-23.95803819838162,0.0,5.174,2.449842162218121,0.0,0.0
P08,SRI,79,2026-08-01,reproduktif,-31.44288036059974,0.0,5.035,2.449842162218121,0.0,0.0
P08,SRI,80,2026-08-02,reproduktif,-0.3765117117272556,36.442880360599744,4.696,0.6805117117272559,0.0,0.0
P08,SRI,81,2026-08-03,reproduktif,-8.414353873945377,0.0,5.588,2.449842162218121,0.0,0.0
P08,SRI,82,2026-08-04,reproduktif,-15.834196036163497,0.0,4.97,2.449842162218121,0.0,0.0
P08,SRI,83,2026-08-05,reproduktif,-23.31303819838162,0.0,5.029,2.449842162218121,0.0,0.0
P08,SRI,84,2026-08-06,reproduktif,-31.196880360599742,0.0,5.434,2.449842162218121,0.0,0.0
P08,SRI,85,2026-08-07,reproduktif,-1.5365117117272558,36.19688036059974,5.856,0.6805117117272559,0.0,0.0
P08,SRI,86,2026-08-08,reproduktif,-8.263353873945377,0.0,4.277,2.449842162218121,0.0,0.0
P08,SRI,87,2026-08-09,reproduktif,-15.906196036163497,0.0,5.193,2.449842162218121,0.0,0.0
P08,SRI,88,2026-08-10,reproduktif,-23.81803819838162,0.0,5.462,2.449842162218121,0.0,0.0
P08,SRI,89,2026-08-11,reproduktif,-31.84188036059974,0.0,5.574,2.449842162218121,0.0,0.0
P08,SRI,90,2026-08-12,reproduktif,-1.0095117117272556,36.84188036059974,5.329,0.6805117117272559,0.0,0.0
P08,SRI,91,2026-08-13,pemasakan,-8.773353873945377,0.0,5.314,2.449842162218121,0.0,0.0
P08,SRI,92,2026-08-14,pemasakan,-16.987196036163496,0.0,5.764,2.449842162218121,0.0,0.0
P08,SRI,93,2026-08-15,pemasakan,-25.67903819838162,0.0,6.242,2.449842162218121,0.0,0.0
P08,SRI,94,2026-08-16,pemasakan,-33.99288036059974,0.0,5.864,2.449842162218121,0.0,0.0
P08,SRI,95,2026-08-17,pemasakan,-8.824842162218122,33.99288036059974,6.375,2.449842162218121,0.0,0.0
P08,SRI,96,2026-08-18,pemasakan,-12.385684324436243,0.0,4.911,2.449842162218121,0.0,3.8
P08,SRI,97,2026-08-19,pemasakan,-15.434526486654365,0.0,4.399,2.449842162218121,0.0,3.8
P08,SRI,98,2026-08-20,pemasakan,-22.635368648872486,0.0,4.751,2.449842162218121,0.0,0.0
P08,SRI,99,2026-08-21,pemasakan,-30.779210811090607,0.0,5.694,2.449842162218121,0.0,0.0
P08,SRI,100,2026-08-22,pemasakan,-8.042842162218122,30.779210811090607,5.593,2.449842162218121,0.0,0.0
P08,SRI,101,2026-08-23,pemasakan,-16.536684324436244,0.0,6.044,2.449842162218121,0.0,0.0
P08,SRI,102,2026-08-24,pemasakan,-24.426526486654367,0.0,5.44,2.449842162218121,0.0,0.0
P08,SRI,103,2026-08-25,pemasakan,-33.26836864887249,0.0,6.392,2.449842162218121,0.0,0.0
P08,SRI,104,2026-08-26,pemasakan,-7.706842162218121,33.26836864887249,5.257,2.449842162218121,0.0,0.0
P08,SRI,105,2026-08-27,pemasakan,-15.991684324436243,0.0,5.835,2.449842162218121,0.0,0.0
P08,SRI,106,2026-08-28,pemasakan,-24.107526486654365,0.0,5.666,2.449842162218121,0.0,0.0
P08,SRI,107,2026-08-29,pemasakan,-32.49036864887249,0.0,5.933,2.449842162218121,0.0,0.0
P08,SRI,108,2026-08-30,pemasakan,-8.43384216221812,32.49036864887249,5.984,2.449842162218121,0.0,0.0
P08,SRI,109,2026-08-31,pemasakan,-17.84568432443624,0.0,6.962,2.449842162218121,0.0,0.0
P08,SRI,110,2026-09-01,pemasakan,-24.928526486654363,0.0,4.633,2.449842162218121,0.0,0.0
P09,FL,1,2026-05-15,awal,15.423243634396385,0.0,3.936,0.6407563656036147,0.0,0.0
P09,FL,2,2026-05-16,awal,11.810116557546639,0.0,3.119,0.49412707684974566,0.0,0.0
P09,FL,3,2026-05-17,awal,11.149244080051718,0.0,2.896,0.46487247749492083,0.0,2.7
P09,FL,4,2026-05-18,awal,14.70417055080832,0.0,3.154,0.5910735292433971,0.0,7.3
P09,FL,5,2026-05-19,awal,11.356081006740737,0.0,2.877,0.471089544067582,0.0,0.0
P09,FL,6,2026-05-20,awal,14.057011128250592,0.0,3.227,0.5720698784901465,0.0,6.5
P09,FL,7,2026-05-21,awal,12.511209778225004,0.0,2.257,0.48880135002558767,0.0,1.2
P09,FL,8,2026-05-22,awal,41.41490721867094,0.0,3.219,1.4773025595540656,0.0,33.6
P09,FL,9,2026-05-23,awal,50.0,0.0,2.34,2.69806189395406,29.176845324716865,42.8
P09,FL,10,2026-05-24,awal,44.024109085990965,0.0,4.374,1.6018909140090367,0.0,0.0
P09,FL,11,2026-05-25,awal,42.95296678796262,0.0,2.371,1.500142298028338,0.0,2.8
P09,FL,12,2026-05-26,awal,39.08843987975921,0.0,2.682,1.3825269082034213,0.0,0.2
P09,FL,13,2026-05-27,awal,34.61013154603571,0.0,3.226,1.2523083337234953,0.0,0.0
P09,FL,14,2026-05-28,awal,29.702298440910667,0.0,3.799,1.1088331051250429,0.0,0.0
P09,FL,15,2026-05-29,awal,24.471701600957076,0.0,4.279,0.9515968399535916,0.0,0.0
P09,FL,16,2026-05-30,awal,20.635681672058805,0.0,3.052,0.7840199288982708,0.0,0.0
P09,FL,17,2026-05-31,awal,15.806559452561729,0.0,4.168,0.6611222194970762,0.0,0.0
P09,FL,18,2026-06-01,awal,12.331151773185683,0.0,2.969,0.5064076793760457,0.0,0.0
P09,FL,19,2026-06-02,awal,7.347088573491031,0.0,4.589,0.39506319969465137,0.0,0.0
P09,FL,20,2026-06-03,awal,15.877243634396386,11.75291142650897,3.482,0.6407563656036147,0.0,0.9
P09,FL,21,2026-06-04,pertumbuhan,11.12757138804744,0.0,4.241,0.5086722463489478,0.0,0.0
P09,FL,22,2026-06-05,pertumbuhan,6.866068278017437,0.0,3.905,0.35650311003000235,0.0,0.0
P09,FL,23,2026-06-06,pertumbuhan,13.987243634396386,13.133931721982563,5.372,0.6407563656036147,0.0,0.0
P09,FL,24,2026-06-07,pertumbuhan,9.80612286459698,0.0,3.733,0.4481207697994061,0.0,0.0
P09,FL,25,2026-06-08,pertumbuhan,16.344243634396385,10.19387713540302,3.015,0.6407563656036147,0.0,0.0
P09,FL,26,2026-06-09,pertumbuhan,11.647609726910593,0.0,4.173,0.5236339074857921,0.0,0.0
P09,FL,27,2026-06-10,pertumbuhan,7.375445723081366,0.0,3.899,0.37316400382922715,0.0,0.0
P09,FL,28,2026-06-11,pertumbuhan,15.813243634396386,12.624554276918634,3.546,0.6407563656036147,0.0,0.0
P09,FL,29,2026-06-12,pertumbuhan,11.30562180841737,0.0,4.001,0.5066218259790162,0.0,0.0
P09,FL,30,2026-06-13,pertumbuhan,6.775414351374846,0.0,4.168,0.36220745704252405,0.0,0.0
P09,FL,31,2026-06-14,pertumbuhan,15.952243634396385,13.224585648625155,3.407,0.6407563656036147,0.0,0.0
P09,FL,32,2026-06-15,pertumbuhan,11.109168551676424,0.0,4.332,0.5110750827199613,0.0,0.0
P09,FL,33,2026-06-16,pertumbuhan,5.884255028373916,0.0,4.869,0.35591352330250786,0.0,0.0
P09,FL,34,2026-06-17,pertumbuhan,16.532243634396387,14.015744971626084,2.827,0.6407563656036147,0.0,0.1
P09,FL,35,2026-06-18,pertumbuhan,11.609586617073921,0.0,4.393,0.5296570173224662,0.0,0.0
P09,FL,36,2026-06-19,pertumbuhan,26.90268064329646,0.0,3.791,1.0159059737774654,0.0,20.1
P09,FL,37,2026-06-20,pertumbuhan,22.15277744959679,0.0,3.888,0.8619031936996677,0.0,0.0
P09,FL,38,2026-06-21,pertumbuhan,17.317050791265324,0.0,4.126,0.7097266583314676,0.0,0.0
P09,FL,39,2026-06-22,pertumbuhan,11.717250264866106,0.0,5.045,0.5548005263992184,0.0,0.0
P09,FL,40,2026-06-23,pertumbuhan,6.517855130136926,0.0,4.824,0.3753951347291799,0.0,0.0
P09,FL,41,2026-06-24,pertumbuhan,14.953243634396387,13.482144869863074,4.406,0.6407563656036147,0.0,0.0
P09,FL,42,2026-06-25,pertumbuhan,10.399174332138326,0.0,4.075,0.47906930225806077,0.0,0.0
P09,FL,43,2026-06-26,pertumbuhan,7.527784783653249,0.0,3.119,0.352389548485076,0.0,0.6
P09,FL,44,2026-06-27,pertumbuhan,8.70679163667721,0.0,4.194,0.42699314697604074,0.0,5.8
P09,FL,45,2026-06-28,pertumbuhan,50.0,0.0,3.204,2.133936286681726,11.268855349995476,57.9
P09,FL,46,2026-06-29,pertumbuhan,43.466109085990965,0.0,4.932,1.6018909140090367,0.0,0.0
P09,FL,47,2026-06-30,pertumbuhan,37.08754978174748,0.0,4.986,1.3925593042434914,0.0,0.0
P09,FL,48,2026-07-01,pertumbuhan,31.189345601382694,0.0,4.71,1.1882041803647823,0.0,0.0
P09,FL,49,2026-07-02,pertumbuhan,25.34710701472784,0.0,4.843,0.9992385866548531,0.0,0.0
P09,FL,50,2026-07-03,pertumbuhan,19.832041006261694,0.0,4.703,0.812066008466145,0.0,0.0
P09,FL,51,2026-07-04,reproduktif,17.616590043817627,0.0,3.516,0.6994509624440663,0.0,2.0
P09,FL,52,2026-07-05,reproduktif,12.509192933277356,0.0,4.543,0.5643971105402703,0.0,0.0
P09,FL,53,2026-07-06,reproduktif,8.805425683249295,0.0,3.303,0.40076725002806096,0.0,0.0
P09,FL,54,2026-07-07,reproduktif,4.059319055329717,0.0,4.464,0.2821066279195772,0.0,0.0
P09,FL,55,2026-07-08,reproduktif,11.360239982527746,0.0,3.507,0.4920790728019707,0.0,11.3
P09,FL,56,2026-07-09,reproduktif,6.407282678348278,0.0,4.589,0.36395730417946753,0.0,0.0
P09,FL,57,2026-07-10,reproduktif,0.6470073202296067,0.0,5.555,0.20527535811867187,0.0,0.0
P09,FL,58,2026-07-11,reproduktif,4.8546218171981925,9.352992679770393,4.825,0.32037818280180735,0.0,0.0
P09,FL,59,2026-07-12,reproduktif,5.269621817198193,5.1453781828018075,4.41,0.32037818280180735,0.0,0.0
P09,FL,60,2026-07-13,reproduktif,12.75052568433928,0.0,4.353,0.5660961328589126,0.0,12.4
P09,FL,61,2026-07-14,reproduktif,8.236026659487642,0.0,4.106,0.40849902485163897,0.0,0.0
P09,FL,62,2026-07-15,reproduktif,3.926162334020253,0.0,4.046,0.2638643254673891,0.0,0.0
P09,FL,63,2026-07-16,reproduktif,4.535621817198193,6.073837665979747,5.144,0.32037818280180735,0.0,0.0
P09,FL,64,2026-07-17,reproduktif,4.5116218171981926,5.464378182801807,5.168,0.32037818280180735,0.0,0.0
P09,FL,65,2026-07-18,reproduktif,3.9216218171981927,5.4883781828018074,5.758,0.32037818280180735,0.0,0.0
P09,FL,66,2026-07-19,reproduktif,4.609621817198192,6.078378182801807,5.07,0.32037818280180735,0.0,0.0
P09,FL,67,2026-07-20,reproduktif,5.351621817198192,5.390378182801808,4.328,0.32037818280180735,0.0,0.0
P09,FL,68,2026-07-21,reproduktif,-0.26083247008545385,0.0,5.441,0.17145428728364628,0.0,0.0
P09,FL,69,2026-07-22,reproduktif,3.978621817198193,10.260832470085454,5.701,0.32037818280180735,0.0,0.0
P09,FL,70,2026-07-23,reproduktif,4.817621817198193,6.021378182801807,4.862,0.32037818280180735,0.0,0.0
P09,FL,71,2026-07-24,reproduktif,3.0826218171981923,5.182378182801807,6.597,0.32037818280180735,0.0,0.0
P09,FL,72,2026-07-25,reproduktif,4.238621817198193,6.917378182801808,5.441,0.32037818280180735,0.0,0.0
P09,FL,73,2026-07-26,reproduktif,3.7236218171981923,5.761378182801807,5.956,0.32037818280180735,0.0,0.0
P09,FL,74,2026-07-27,reproduktif,3.589621817198193,6.276378182801808,6.09,0.32037818280180735,0.0,0.0
P09,FL,75,2026-07-28,reproduktif,3.845621817198193,6.410378182801807,5.834,0.32037818280180735,0.0,0.0
P09,FL,76,2026-07-29,reproduktif,4.3626218171981925,6.154378182801807,5.317,0.32037818280180735,0.0,0.0
P09,FL,77,2026-07-30,reproduktif,3.9956218171981925,5.6373781828018075,5.684,0.32037818280180735,0.0,0.0
P09,FL,78,2026-07-31,reproduktif,4.1496218171981925,6.0043781828018075,5.53,0.32037818280180735,0.0,0.0
P09,FL,79,2026-08-01,reproduktif,4.299621817198193,5.8503781828018075,5.38,0.32037818280180735,0.0,0.0
P09,FL,80,2026-08-02,reproduktif,4.661621817198193,5.700378182801807,5.018,0.32037818280180735,0.0,0.0
P09,FL,81,2026-08-03,reproduktif,3.7086218171981926,5.338378182801807,5.971,0.32037818280180735,0.0,0.0
P09,FL,82,2026-08-04,reproduktif,4.367621817198192,6.291378182801807,5.312,0.32037818280180735,0.0,0.0
P09,FL,83,2026-08-05,reproduktif,4.305621817198193,5.632378182801808,5.374,0.32037818280180735,0.0,0.0
P09,FL,84,2026-08-06,reproduktif,3.8736218171981927,5.694378182801807,5.806,0.32037818280180735,0.0,0.0
P09,FL,85,2026-08-07,reproduktif,3.4216218171981927,6.126378182801807,6.258,0.32037818280180735,0.0,0.0
P09,FL,86,2026-08-08,reproduktif,5.109621817198192,6.578378182801807,4.57,0.32037818280180735,0.0,0.0
P09,FL,87,2026-08-09,reproduktif,-0.6030793180616509,0.0,5.549,0.16370113525984256,0.0,0.0
P09,FL,88,2026-08-10,reproduktif,3.842621817198193,10.603079318061651,5.837,0.32037818280180735,0.0,0.0
P09,FL,89,2026-08-11,reproduktif,3.722621817198193,6.157378182801807,5.957,0.32037818280180735,0.0,0.0
P09,FL,90,2026-08-12,reproduktif,3.9846218171981924,6.277378182801807,5.695,0.32037818280180735,0.0,0.0
P09,FL,91,2026-08-13,pemasakan,-1.5090367724964464,0.0,5.366,0.12765858969463922,0.0,0.0
P09,FL,92,2026-08-14,pemasakan,3.8606218171981928,11.509036772496447,5.819,0.32037818280180735,0.0,0.0
P09,FL,93,2026-08-15,pemasakan,-2.5650640830297036,0.0,6.302,0.12368590022789683,0.0,0.0
P09,FL,94,2026-08-16,pemasakan,3.7596218171981928,12.565064083029704,5.92,0.32037818280180735,0.0,0.0
P09,FL,95,2026-08-17,pemasakan,-2.7978282633834057,0.0,6.437,0.12045008058159858,0.0,0.0
P09,FL,96,2026-08-18,pemasakan,-3.987935659366662,0.0,4.958,0.03210739598325559,0.0,3.8
P09,FL,97,2026-08-19,pemasakan,5.2376218171981925,10.187935659366662,4.442,0.32037818280180735,0.0,3.8
P09,FL,98,2026-08-20,pemasakan,0.27381984119848646,0.0,4.796,0.1678019759997057,0.0,0.0
P09,FL,99,2026-08-21,pemasakan,-5.483952749115338,0.0,5.749,0.008772590313825055,0.0,0.0
P09,FL,100,2026-08-22,pemasakan,4.0326218171981925,15.483952749115339,5.647,0.32037818280180735,0.0,0.0
P09,FL,101,2026-08-23,pemasakan,-2.1995745877738955,0.0,6.103,0.1291964049720879,0.0,0.0
P09,FL,102,2026-08-24,pemasakan,4.186621817198192,12.199574587773895,5.493,0.32037818280180735,0.0,0.0
P09,FL,103,2026-08-25,pemasakan,-2.400508411789044,0.0,6.453,0.13413022898723573,0.0,0.0
P09,FL,104,2026-08-26,pemasakan,4.371621817198193,12.400508411789044,5.308,0.32037818280180735,0.0,0.0
P09,FL,105,2026-08-27,pemasakan,-1.6604354081708763,0.0,5.892,0.1400572253690692,0.0,0.0
P09,FL,106,2026-08-28,pemasakan,3.959621817198193,11.660435408170876,5.72,0.32037818280180735,0.0,0.0
P09,FL,107,2026-08-29,pemasakan,-2.1572358270394423,0.0,5.99,0.12685764423763474,0.0,0.0
P09,FL,108,2026-08-30,pemasakan,3.637621817198193,12.157235827039443,6.042,0.32037818280180735,0.0,0.0
P09,FL,109,2026-08-31,pemasakan,-3.507919649553224,0.0,7.029,0.11654146675141652,0.0,0.0
P09,FL,110,2026-09-01,pemasakan,5.001621817198193,13.507919649553223,4.678,0.32037818280180735,0.0,0.0
P09,SRI,1,2026-05-15,awal,15.462243634396385,0.0,3.897,0.6407563656036147,0.0,0.0
P09,SRI,2,2026-05-16,awal,11.878867082633713,0.0,3.088,0.4953765517626727,0.0,0.0
P09,SRI,3,2026-05-17,awal,11.244791988309387,0.0,2.867,0.4670750943243276,0.0,2.7
P09,SRI,4,2026-05-18,awal,14.82765731254418,0.0,3.123,0.5941346757652077,0.0,7.3
P09,SRI,5,2026-05-19,awal,11.503611522044096,0.0,2.849,0.47504579050008344,0.0,0.0
P09,SRI,6,2026-05-20,awal,14.23181508771388,0.0,3.195,0.5767964343302169,0.0,6.5
P09,SRI,7,2026-05-21,awal,12.702413400200351,0.0,2.235,0.4944016875135286,0.0,1.2
P09,SRI,8,2026-05-22,awal,40.0,0.0,3.187,1.4834283064494242,1.6319850937509273,33.6
P09,SRI,9,2026-05-23,awal,40.0,0.0,2.317,2.652731353598965,37.83026864640104,42.8
P09,SRI,10,2026-05-24,awal,34.38748726879277,0.0,4.331,1.2815127312072294,0.0,0.0
P09,SRI,11,2026-05-25,awal,33.64808130937865,0.0,2.348,1.1914059594141173,0.0,2.8
P09,SRI,12,2026-05-26,awal,30.108662631255996,0.0,2.655,1.0844186781226552,0.0,0.2
P09,SRI,13,2026-05-27,awal,25.95004676921655,0.0,3.194,0.9646158620394479,0.0,0.0
P09,SRI,14,2026-05-28,awal,21.3576638864622,0.0,3.761,0.831382882754351,0.0,0.0
P09,SRI,15,2026-05-29,awal,16.436410931978543,0.0,4.237,0.6842529544836545,0.0,0.0
P09,SRI,16,2026-05-30,awal,12.887824185361438,0.0,3.022,0.5265867466171046,0.0,0.0
P09,SRI,17,2026-05-31,awal,8.347926416083912,0.0,4.127,0.4128977692775281,0.0,0.0
P09,SRI,18,2026-06-01,awal,5.140477066549095,0.0,2.94,0.2674493495348168,0.0,0.0
P09,SRI,19,2026-06-02,awal,0.43178739641755914,0.0,4.544,0.16468967013153643,0.0,0.0
P09,SRI,20,2026-06-03,awal,-2.1588801661767016,0.0,3.448,0.04266756259426078,0.0,0.9
P09,SRI,21,2026-06-04,pertumbuhan,-6.9197878049010395,0.0,3.992,0.7689076387243376,0.0,0.0
P09,SRI,22,2026-06-05,pertumbuhan,-11.363695443625378,0.0,3.675,0.7689076387243376,0.0,0.0
P09,SRI,23,2026-06-06,pertumbuhan,-17.188603082349715,0.0,5.056,0.7689076387243376,0.0,0.0
P09,SRI,24,2026-06-07,pertumbuhan,-21.471510721074054,0.0,3.514,0.7689076387243376,0.0,0.0
P09,SRI,25,2026-06-08,pertumbuhan,6.841621817198193,31.471510721074054,2.838,0.32037818280180735,0.0,0.0
P09,SRI,26,2026-06-09,pertumbuhan,2.695431180677077,0.0,3.927,0.2191906365211156,0.0,0.0
P09,SRI,27,2026-06-10,pertumbuhan,-1.060924553676188,0.0,3.67,0.0863557343532652,0.0,0.0
P09,SRI,28,2026-06-11,pertumbuhan,-5.166832192400525,0.0,3.337,0.7689076387243376,0.0,0.0
P09,SRI,29,2026-06-12,pertumbuhan,-9.701739831124863,0.0,3.766,0.7689076387243376,0.0,0.0
P09,SRI,30,2026-06-13,pertumbuhan,-14.393647469849201,0.0,3.923,0.7689076387243376,0.0,0.0
P09,SRI,31,2026-06-14,pertumbuhan,-18.36855510857354,0.0,3.206,0.7689076387243376,0.0,0.0
P09,SRI,32,2026-06-15,pertumbuhan,-23.214462747297876,0.0,4.077,0.7689076387243376,0.0,0.0
P09,SRI,33,2026-06-16,pertumbuhan,5.0966218171981925,33.21446274729787,4.583,0.32037818280180735,0.0,0.0
P09,SRI,34,2026-06-17,pertumbuhan,2.3691333917479738,0.0,2.661,0.16648842545021827,0.0,0.1
P09,SRI,35,2026-06-18,pertumbuhan,-1.8417684733383557,0.0,4.135,0.07590186508632982,0.0,0.0
P09,SRI,36,2026-06-19,pertumbuhan,14.105277622892993,0.0,3.568,0.5849539037686527,0.0,20.1
P09,SRI,37,2026-06-20,pertumbuhan,9.993375301619247,0.0,3.66,0.4519023212737454,0.0,0.0
P09,SRI,38,2026-06-21,pertumbuhan,5.790209359700324,0.0,3.883,0.3201659419189238,0.0,0.0
P09,SRI,39,2026-06-22,pertumbuhan,0.8567036844300429,0.0,4.748,0.1855056752702806,0.0,0.0
P09,SRI,40,2026-06-23,pertumbuhan,-3.710743232531688,0.0,4.54,0.027446916961731016,0.0,0.0
P09,SRI,41,2026-06-24,pertumbuhan,-8.626650871256025,0.0,4.147,0.7689076387243376,0.0,0.0
P09,SRI,42,2026-06-25,pertumbuhan,-13.230558509980362,0.0,3.835,0.7689076387243376,0.0,0.0
P09,SRI,43,2026-06-26,pertumbuhan,-16.3354661487047,0.0,2.936,0.7689076387243376,0.0,0.6
P09,SRI,44,2026-06-27,pertumbuhan,-15.252373787429036,0.0,3.948,0.7689076387243376,0.0,5.8
P09,SRI,45,2026-06-28,pertumbuhan,38.26628931389154,0.0,3.015,1.366336898679421,0.0,57.9
P09,SRI,46,2026-06-29,pertumbuhan,32.39832089059626,0.0,4.642,1.2259684232952792,0.0,0.0
P09,SRI,47,2026-06-30,pertumbuhan,26.668349373320353,0.0,4.692,1.0379715172759063,0.0,0.0
P09,SRI,48,2026-07-01,pertumbuhan,21.380953642265546,0.0,4.433,0.8543957310548093,0.0,0.0
P09,SRI,49,2026-07-02,pertumbuhan,16.137954534817673,0.0,4.558,0.684999107447872,0.0,0.0
P09,SRI,50,2026-07-03,pertumbuhan,11.193929680017366,0.0,4.427,0.5170248548003072,0.0,0.0
P09,SRI,51,2026-07-04,reproduktif,9.480224958527486,0.0,3.291,0.42270472148987953,0.0,2.0
P09,SRI,52,2026-07-05,reproduktif,4.925499234050949,0.0,4.251,0.30372572447653756,0.0,0.0
P09,SRI,53,2026-07-06,reproduktif,1.676696984651255,0.0,3.091,0.1578022493996937,0.0,0.0
P09,SRI,54,2026-07-07,reproduktif,-2.5540207286539283,0.0,4.177,0.05371771330518389,0.0,0.0
P09,SRI,55,2026-07-08,reproduktif,5.18477717676846,0.0,3.281,0.280202094577613,0.0,11.3
P09,SRI,56,2026-07-09,reproduktif,0.7246682277559238,0.0,4.294,0.16610894901253642,0.0,0.0
P09,SRI,57,2026-07-10,reproduktif,-4.496548561238342,0.0,5.198,0.023216788994264912,0.0,0.0
P09,SRI,58,2026-07-11,reproduktif,-9.589229290281594,0.0,4.516,0.5766807290432533,0.0,0.0
P09,SRI,59,2026-07-12,reproduktif,-14.292910019324847,0.0,4.127,0.5766807290432533,0.0,0.0
P09,SRI,60,2026-07-13,reproduktif,-6.543590748368099,0.0,4.074,0.5766807290432533,0.0,12.4
P09,SRI,61,2026-07-14,reproduktif,-10.962271477411353,0.0,3.842,0.5766807290432533,0.0,0.0
P09,SRI,62,2026-07-15,reproduktif,-15.324952206454606,0.0,3.786,0.5766807290432533,0.0,0.0
P09,SRI,63,2026-07-16,reproduktif,-20.71463293549786,0.0,4.813,0.5766807290432533,0.0,0.0
P09,SRI,64,2026-07-17,reproduktif,-26.127313664541113,0.0,4.836,0.5766807290432533,0.0,0.0
P09,SRI,65,2026-07-18,reproduktif,-0.5491890914009039,31.127313664541113,5.389,0.16018909140090368,0.0,0.0
P09,SRI,66,2026-07-19,reproduktif,-5.869869820444157,0.0,4.744,0.5766807290432533,0.0,0.0
P09,SRI,67,2026-07-20,reproduktif,-10.49655054948741,0.0,4.05,0.5766807290432533,0.0,0.0
P09,SRI,68,2026-07-21,reproduktif,-16.165231278530662,0.0,5.092,0.5766807290432533,0.0,0.0
P09,SRI,69,2026-07-22,reproduktif,-22.076912007573917,0.0,5.335,0.5766807290432533,0.0,0.0
P09,SRI,70,2026-07-23,reproduktif,-27.203592736617168,0.0,4.55,0.5766807290432533,0.0,0.0
P09,SRI,71,2026-07-24,reproduktif,-1.3331890914009037,32.20359273661717,6.173,0.16018909140090368,0.0,0.0
P09,SRI,72,2026-07-25,reproduktif,-7.001869820444156,0.0,5.092,0.5766807290432533,0.0,0.0
P09,SRI,73,2026-07-26,reproduktif,-13.15155054948741,0.0,5.573,0.5766807290432533,0.0,0.0
P09,SRI,74,2026-07-27,reproduktif,-19.427231278530662,0.0,5.699,0.5766807290432533,0.0,0.0
P09,SRI,75,2026-07-28,reproduktif,-25.462912007573916,0.0,5.459,0.5766807290432533,0.0,0.0
P09,SRI,76,2026-07-29,reproduktif,-0.13618909140090363,30.462912007573916,4.976,0.16018909140090368,0.0,0.0
P09,SRI,77,2026-07-30,reproduktif,-6.0318698204441565,0.0,5.319,0.5766807290432533,0.0,0.0
P09,SRI,78,2026-07-31,reproduktif,-11.78255054948741,0.0,5.174,0.5766807290432533,0.0,0.0
P09,SRI,79,2026-08-01,reproduktif,-17.394231278530665,0.0,5.035,0.5766807290432533,0.0,0.0
P09,SRI,80,2026-08-02,reproduktif,-22.666912007573917,0.0,4.696,0.5766807290432533,0.0,0.0
P09,SRI,81,2026-08-03,reproduktif,-28.831592736617168,0.0,5.588,0.5766807290432533,0.0,0.0
P09,SRI,82,2026-08-04,reproduktif,-0.1301890914009034,33.83159273661717,4.97,0.16018909140090368,0.0,0.0
P09,SRI,83,2026-08-05,reproduktif,-5.735869820444156,0.0,5.029,0.5766807290432533,0.0,0.0
P09,SRI,84,2026-08-06,reproduktif,-11.74655054948741,0.0,5.434,0.5766807290432533,0.0,0.0
P09,SRI,85,2026-08-07,reproduktif,-18.17923127853066,0.0,5.856,0.5766807290432533,0.0,0.0
P09,SRI,86,2026-08-08,reproduktif,-23.032912007573913,0.0,4.277,0.5766807290432533,0.0,0.0
P09,SRI,87,2026-08-09,reproduktif,-28.802592736617164,0.0,5.193,0.5766807290432533,0.0,0.0
P09,SRI,88,2026-08-10,reproduktif,-0.6221890914009034,33.802592736617164,5.462,0.16018909140090368,0.0,0.0
P09,SRI,89,2026-08-11,reproduktif,-6.772869820444156,0.0,5.574,0.5766807290432533,0.0,0.0
P09,SRI,90,2026-08-12,reproduktif,-12.678550549487408,0.0,5.329,0.5766807290432533,0.0,0.0
P09,SRI,91,2026-08-13,pemasakan,-18.569231278530662,0.0,5.314,0.5766807290432533,0.0,0.0
P09,SRI,92,2026-08-14,pemasakan,-24.909912007573915,0.0,5.764,0.5766807290432533,0.0,0.0
P09,SRI,93,2026-08-15,pemasakan,-31.728592736617166,0.0,6.242,0.5766807290432533,0.0,0.0
P09,SRI,94,2026-08-16,pemasakan,-6.440680729043253,31.728592736617166,5.864,0.5766807290432533,0.0,0.0
P09,SRI,95,2026-08-17,pemasakan,-13.392361458086505,0.0,6.375,0.5766807290432533,0.0,0.0
P09,SRI,96,2026-08-18,pemasakan,-15.080042187129756,0.0,4.911,0.5766807290432533,0.0,3.8
P09,SRI,97,2026-08-19,pemasakan,-16.255722916173006,0.0,4.399,0.5766807290432533,0.0,3.8
P09,SRI,98,2026-08-20,pemasakan,-21.583403645216258,0.0,4.751,0.5766807290432533,0.0,0.0
P09,SRI,99,2026-08-21,pemasakan,-27.85408437425951,0.0,5.694,0.5766807290432533,0.0,0.0
P09,SRI,100,2026-08-22,pemasakan,-34.023765103302765,0.0,5.593,0.5766807290432533,0.0,0.0
P09,SRI,101,2026-08-23,pemasakan,-6.6206807290432526,34.023765103302765,6.044,0.5766807290432533,0.0,0.0
P09,SRI,102,2026-08-24,pemasakan,-12.637361458086506,0.0,5.44,0.5766807290432533,0.0,0.0
P09,SRI,103,2026-08-25,pemasakan,-19.60604218712976,0.0,6.392,0.5766807290432533,0.0,0.0
P09,SRI,104,2026-08-26,pemasakan,-25.43972291617301,0.0,5.257,0.5766807290432533,0.0,0.0
P09,SRI,105,2026-08-27,pemasakan,-31.851403645216266,0.0,5.835,0.5766807290432533,0.0,0.0
P09,SRI,106,2026-08-28,pemasakan,-6.242680729043253,31.851403645216266,5.666,0.5766807290432533,0.0,0.0
P09,SRI,107,2026-08-29,pemasakan,-12.752361458086506,0.0,5.933,0.5766807290432533,0.0,0.0
P09,SRI,108,2026-08-30,pemasakan,-19.31304218712976,0.0,5.984,0.5766807290432533,0.0,0.0
P09,SRI,109,2026-08-31,pemasakan,-26.851722916173014,0.0,6.962,0.5766807290432533,0.0,0.0
P09,SRI,110,2026-09-01,pemasakan,-32.06140364521627,0.0,4.633,0.5766807290432533,0.0,0.0
P10,FL,1,2026-05-15,awal,15.144599452370404,0.0,3.936,0.9194005476295973,0.0,0.0
P10,FL,2,2026-05-16,awal,11.32940180086339,0.0,3.119,0.6961976515070124,0.0,0.0
P10,FL,3,2026-05-17,awal,10.488469815931918,0.0,2.896,0.644931984931473,0.0,2.7
P10,FL,4,2026-05-18,awal,13.8167333714189,0.0,3.154,0.8177364445130184,0.0,7.3
P10,FL,5,2026-05-19,awal,10.304577760012167,0.0,2.877,0.6351556114067335,0.0,0.0
P10,FL,6,2026-05-20,awal,12.805070860250199,0.0,3.227,0.7725068997619668,0.0,6.5
P10,FL,7,2026-05-21,awal,11.10425736932493,0.0,2.257,0.6438134909252674,0.0,1.2
P10,FL,8,2026-05-22,awal,39.430201433988344,0.0,3.219,2.0550559353365903,0.0,33.6
P10,FL,9,2026-05-23,awal,50.0,0.0,2.34,3.780124611505049,26.110076822483293,42.8
P10,FL,10,2026-05-24,awal,43.32749863092601,0.0,4.374,2.298501369073993,0.0,0.0
P10,FL,11,2026-05-25,awal,41.636016255823165,0.0,2.371,2.1204823751028434,0.0,2.8
P10,FL,12,2026-05-26,awal,37.23081344301094,0.0,2.682,1.9232028128122278,0.0,0.2
P10,FL,13,2026-05-27,awal,32.293311929600954,0.0,3.226,1.7115015134099814,0.0,0.0
P10,FL,14,2026-05-28,awal,27.009787495958527,0.0,3.799,1.4845244336424261,0.0,0.0
P10,FL,15,2026-05-29,awal,21.48914682520136,0.0,4.279,1.2416406707571659,0.0,0.0
P10,FL,16,2026-05-30,awal,17.44929015724221,0.0,3.052,0.9878566679591476,0.0,0.0
P10,FL,17,2026-05-31,awal,12.479145810926397,0.0,4.168,0.8021443463158114,0.0,0.0
P10,FL,18,2026-06-01,awal,8.936479136300632,0.0,2.969,0.5736666746257663,0.0,0.0
P10,FL,19,2026-06-02,awal,14.491599452370401,11.063520863699368,4.589,0.9194005476295973,0.0,0.0
P10,FL,20,2026-06-03,awal,11.202047204100165,0.0,3.482,0.7075522482702379,0.0,0.9
P10,FL,21,2026-06-04,pertumbuhan,6.4460887873990504,0.0,4.241,0.5149584167011145,0.0,0.0
P10,FL,22,2026-06-05,pertumbuhan,15.175599452370403,13.55391121260095,3.905,0.9194005476295973,0.0,0.0
P10,FL,23,2026-06-06,pertumbuhan,9.105976730014564,0.0,5.372,0.6976227223558382,0.0,0.0
P10,FL,24,2026-06-07,pertumbuhan,15.347599452370403,10.894023269985436,3.733,0.9194005476295973,0.0,0.0
P10,FL,25,2026-06-08,pertumbuhan,11.62706988530495,0.0,3.015,0.7055295670654528,0.0,0.0
P10,FL,26,2026-06-09,pertumbuhan,6.919573164311101,0.0,4.173,0.5344967209938485,0.0,0.0
P10,FL,27,2026-06-10,pertumbuhan,15.181599452370403,13.080426835688899,3.899,0.9194005476295973,0.0,0.0
P10,FL,28,2026-06-11,pertumbuhan,10.937700909850275,0.0,3.546,0.6978985425201272,0.0,0.0
P10,FL,29,2026-06-12,pertumbuhan,6.43389449953402,0.0,4.001,0.5028064103162544,0.0,0.0
P10,FL,30,2026-06-13,pertumbuhan,14.912599452370403,13.56610550046598,4.168,0.9194005476295973,0.0,0.0
P10,FL,31,2026-06-14,pertumbuhan,10.820066847215895,0.0,3.407,0.6855326051545091,0.0,0.0
P10,FL,32,2026-06-15,pertumbuhan,5.9906680779799375,0.0,4.332,0.49739876923595716,0.0,0.0
P10,FL,33,2026-06-16,pertumbuhan,14.211599452370404,14.009331922020063,4.869,0.9194005476295973,0.0,0.0
P10,FL,34,2026-06-17,pertumbuhan,10.826694833672164,0.0,2.827,0.6579046186982397,0.0,0.1
P10,FL,35,2026-06-18,pertumbuhan,5.935991375717328,0.0,4.393,0.49770345795483595,0.0,0.0
P10,FL,36,2026-06-19,pertumbuhan,21.04811613927163,0.0,3.791,1.1968752364456994,0.0,20.1
P10,FL,37,2026-06-20,pertumbuhan,16.192533664020747,0.0,3.888,0.9675824752508851,0.0,0.0
P10,FL,38,2026-06-21,pertumbuhan,11.322162448110179,0.0,4.126,0.7443712159105682,0.0,0.0
P10,FL,39,2026-06-22,pertumbuhan,5.756682330352991,0.0,5.045,0.520480117757188,0.0,0.0
P10,FL,40,2026-06-23,pertumbuhan,14.256599452370402,14.24331766964701,4.824,0.9194005476295973,0.0,0.0
P10,FL,41,2026-06-24,pertumbuhan,9.195223185178143,0.0,4.406,0.6553762671922583,0.0,0.0
P10,FL,42,2026-06-25,pertumbuhan,15.005599452370403,10.804776814821857,4.075,0.9194005476295973,0.0,0.0
P10,FL,43,2026-06-26,pertumbuhan,11.769209618240527,0.0,3.119,0.7173898341298746,0.0,0.6
P10,FL,44,2026-06-27,pertumbuhan,12.567552571019052,0.0,4.194,0.8076570472214765,0.0,5.8
P10,FL,45,2026-06-28,pertumbuhan,50.0,0.0,3.204,3.2393953211956177,14.024157249823432,57.9
P10,FL,46,2026-06-29,pertumbuhan,42.76949863092601,0.0,4.932,2.298501369073993,0.0,0.0
P10,FL,47,2026-06-30,pertumbuhan,35.817383607770175,0.0,4.986,1.9661150231558342,0.0,0.0
P10,FL,48,2026-07-01,pertumbuhan,29.460857502588013,0.0,4.71,1.6465261051821631,0.0,0.0
P10,FL,49,2026-07-02,pertumbuhan,23.263541076512166,0.0,4.843,1.3543164260758476,0.0,0.0
P10,FL,50,2026-07-03,pertumbuhan,17.49111545623472,0.0,4.703,1.069425620277446,0.0,0.0
P10,FL,51,2026-07-04,reproduktif,15.079108345016024,0.0,3.516,0.8960071112186955,0.0,2.0
P10,FL,52,2026-07-05,reproduktif,9.842921321507337,0.0,4.543,0.6931870235086882,0.0,0.0
P10,FL,53,2026-07-06,reproduktif,6.087441958843892,0.0,3.303,0.45247936266344424,0.0,0.0
P10,FL,54,2026-07-07,reproduktif,1.3436020853126687,0.0,4.464,0.27983987353122314,0.0,0.0
P10,FL,55,2026-07-08,reproduktif,8.555375351250309,0.0,3.507,0.5812267340623593,0.0,11.3
P10,FL,56,2026-07-09,reproduktif,3.5730845120944936,0.0,4.589,0.3932908391558146,0.0,0.0
P10,FL,57,2026-07-10,reproduktif,3.9852997261852012,6.426915487905506,5.555,0.45970027381479867,0.0,0.0
P10,FL,58,2026-07-11,reproduktif,4.715299726185201,6.014700273814799,4.825,0.45970027381479867,0.0,0.0
P10,FL,59,2026-07-12,reproduktif,5.130299726185201,5.284700273814799,4.41,0.45970027381479867,0.0,0.0
P10,FL,60,2026-07-13,reproduktif,12.37143136776692,0.0,4.353,0.8058683584182827,0.0,12.4
P10,FL,61,2026-07-14,reproduktif,7.696716329042577,0.0,4.106,0.5687150387243443,0.0,0.0
P10,FL,62,2026-07-15,reproduktif,3.296898068649006,0.0,4.046,0.35381826039357045,0.0,0.0
P10,FL,63,2026-07-16,reproduktif,4.396299726185201,6.703101931350994,5.144,0.45970027381479867,0.0,0.0
P10,FL,64,2026-07-17,reproduktif,4.372299726185201,5.603700273814799,5.168,0.45970027381479867,0.0,0.0
P10,FL,65,2026-07-18,reproduktif,3.782299726185201,5.627700273814799,5.758,0.45970027381479867,0.0,0.0
P10,FL,66,2026-07-19,reproduktif,4.470299726185201,6.217700273814799,5.07,0.45970027381479867,0.0,0.0
P10,FL,67,2026-07-20,reproduktif,5.212299726185201,5.529700273814799,4.328,0.45970027381479867,0.0,0.0
P10,FL,68,2026-07-21,reproduktif,-0.4683098349480126,0.0,5.441,0.2396095611332137,0.0,0.0
P10,FL,69,2026-07-22,reproduktif,3.8392997261852013,10.468309834948013,5.701,0.45970027381479867,0.0,0.0
P10,FL,70,2026-07-23,reproduktif,4.678299726185201,6.160700273814799,4.862,0.45970027381479867,0.0,0.0
P10,FL,71,2026-07-24,reproduktif,2.9432997261852005,5.321700273814799,6.597,0.45970027381479867,0.0,0.0
P10,FL,72,2026-07-25,reproduktif,4.099299726185201,7.0567002738147995,5.441,0.45970027381479867,0.0,0.0
P10,FL,73,2026-07-26,reproduktif,3.5842997261852005,5.900700273814799,5.956,0.45970027381479867,0.0,0.0
P10,FL,74,2026-07-27,reproduktif,3.450299726185201,6.4157002738147995,6.09,0.45970027381479867,0.0,0.0
P10,FL,75,2026-07-28,reproduktif,3.7062997261852013,6.549700273814799,5.834,0.45970027381479867,0.0,0.0
P10,FL,76,2026-07-29,reproduktif,4.223299726185201,6.293700273814799,5.317,0.45970027381479867,0.0,0.0
P10,FL,77,2026-07-30,reproduktif,3.856299726185201,5.776700273814799,5.684,0.45970027381479867,0.0,0.0
P10,FL,78,2026-07-31,reproduktif,4.010299726185201,6.143700273814799,5.53,0.45970027381479867,0.0,0.0
P10,FL,79,2026-08-01,reproduktif,4.160299726185201,5.989700273814799,5.38,0.45970027381479867,0.0,0.0
P10,FL,80,2026-08-02,reproduktif,4.522299726185201,5.839700273814799,5.018,0.45970027381479867,0.0,0.0
P10,FL,81,2026-08-03,reproduktif,3.569299726185201,5.477700273814799,5.971,0.45970027381479867,0.0,0.0
P10,FL,82,2026-08-04,reproduktif,4.228299726185201,6.430700273814799,5.312,0.45970027381479867,0.0,0.0
P10,FL,83,2026-08-05,reproduktif,4.166299726185201,5.771700273814799,5.374,0.45970027381479867,0.0,0.0
P10,FL,84,2026-08-06,reproduktif,3.734299726185201,5.833700273814799,5.806,0.45970027381479867,0.0,0.0
P10,FL,85,2026-08-07,reproduktif,3.282299726185201,6.265700273814799,6.258,0.45970027381479867,0.0,0.0
P10,FL,86,2026-08-08,reproduktif,4.970299726185201,6.717700273814799,4.57,0.45970027381479867,0.0,0.0
P10,FL,87,2026-08-09,reproduktif,3.9912997261852006,5.029700273814799,5.549,0.45970027381479867,0.0,0.0
P10,FL,88,2026-08-10,reproduktif,3.703299726185201,6.008700273814799,5.837,0.45970027381479867,0.0,0.0
P10,FL,89,2026-08-11,reproduktif,3.583299726185201,6.296700273814799,5.957,0.45970027381479867,0.0,0.0
P10,FL,90,2026-08-12,reproduktif,3.8452997261852007,6.416700273814799,5.695,0.45970027381479867,0.0,0.0
P10,FL,91,2026-08-13,pemasakan,-1.69746880751753,0.0,5.366,0.1767685337027307,0.0,0.0
P10,FL,92,2026-08-14,pemasakan,3.721299726185201,11.69746880751753,5.819,0.45970027381479867,0.0,0.0
P10,FL,93,2026-08-15,pemasakan,-2.751768524122226,0.0,6.302,0.17106825030742723,0.0,0.0
P10,FL,94,2026-08-16,pemasakan,3.620299726185201,12.751768524122227,5.92,0.45970027381479867,0.0,0.0
P10,FL,95,2026-08-17,pemasakan,-2.9831255513566974,0.0,6.437,0.16642527754189776,0.0,0.0
P10,FL,96,2026-08-18,pemasakan,-4.178677292128062,0.0,4.958,0.037551740771363876,0.0,3.8
P10,FL,97,2026-08-19,pemasakan,5.098299726185201,10.378677292128062,4.442,0.45970027381479867,0.0,3.8
P10,FL,98,2026-08-20,pemasakan,0.06793074817347566,0.0,4.796,0.234368978011725,0.0,0.0
P10,FL,99,2026-08-21,pemasakan,-5.684192030180103,0.0,5.749,0.0031227783535790897,0.0,0.0
P10,FL,100,2026-08-22,pemasakan,3.8932997261852007,15.684192030180103,5.647,0.45970027381479867,0.0,0.0
P10,FL,101,2026-08-23,pemasakan,-2.3886753688318407,0.0,6.103,0.17897509501704173,0.0,0.0
P10,FL,102,2026-08-24,pemasakan,4.047299726185201,12.38867536883184,5.493,0.45970027381479867,0.0,0.0
P10,FL,103,2026-08-25,pemasakan,-2.5917547530485896,0.0,6.453,0.18605447923378962,0.0,0.0
P10,FL,104,2026-08-26,pemasakan,4.232299726185201,12.59175475304859,5.308,0.45970027381479867,0.0,0.0
P10,FL,105,2026-08-27,pemasakan,-1.8542592081141622,0.0,5.892,0.19455893429936344,0.0,0.0
P10,FL,106,2026-08-28,pemasakan,3.820299726185201,11.854259208114161,5.72,0.45970027381479867,0.0,0.0
P10,FL,107,2026-08-29,pemasakan,-2.345319556832993,0.0,5.99,0.17561928301819374,0.0,0.0
P10,FL,108,2026-08-30,pemasakan,3.498299726185201,12.345319556832994,6.042,0.45970027381479867,0.0,0.0
P10,FL,109,2026-08-31,pemasakan,-3.6915172080161556,0.0,7.029,0.1608169342013572,0.0,0.0
P10,FL,110,2026-09-01,pemasakan,4.862299726185201,13.691517208016155,4.678,0.45970027381479867,0.0,0.0
P10,SRI,1,2026-05-15,awal,15.183599452370402,0.0,3.897,0.9194005476295973,0.0,0.0
P10,SRI,2,2026-05-16,awal,11.397608969795511,0.0,3.088,0.69799048257489,0.0,0.0
P10,SRI,3,2026-05-17,awal,10.582541499440616,0.0,2.867,0.6480674703548959,0.0,2.7
P10,SRI,4,2026-05-18,awal,13.937480577060882,0.0,3.123,0.8220609223797352,0.0,7.3
P10,SRI,5,2026-05-19,awal,10.447774213304548,0.0,2.849,0.6407063637563325,0.0,0.0
P10,SRI,6,2026-05-20,awal,12.9736845686638,0.0,3.195,0.7790896446407485,0.0,6.5
P10,SRI,7,2026-05-21,awal,11.287119900945864,0.0,2.235,0.6515646677179334,0.0,1.2
P10,SRI,8,2026-05-22,awal,39.63665777002361,0.0,3.187,2.063462130922251,0.0,33.6
P10,SRI,9,2026-05-23,awal,40.0,0.0,2.317,3.78961541492567,36.33004235509793,42.8
P10,SRI,10,2026-05-24,awal,33.830198904740804,0.0,4.331,1.8388010952591947,0.0,0.0
P10,SRI,11,2026-05-25,awal,32.598307658100815,0.0,2.348,1.6838912466399885,0.0,2.8
P10,SRI,12,2026-05-26,awal,28.63556855699172,0.0,2.655,1.5077391011090953,0.0,0.2
P10,SRI,13,2026-05-27,awal,24.12519068634257,0.0,3.194,1.3163778706491533,0.0,0.0
P10,SRI,14,2026-05-28,awal,19.25515500990798,0.0,3.761,1.109035676434591,0.0,0.0
P10,SRI,15,2026-05-29,awal,14.132995006867871,0.0,4.237,0.8851600030401091,0.0,0.0
P10,SRI,16,2026-05-30,awal,10.461300839419836,0.0,3.022,0.6496941674480342,0.0,0.0
P10,SRI,17,2026-05-31,awal,5.853394553385808,0.0,4.127,0.4809062860340282,0.0,0.0
P10,SRI,18,2026-06-01,awal,2.644313845492057,0.0,2.94,0.2690807078937507,0.0,0.0
P10,SRI,19,2026-06-02,awal,-2.0212453343904384,0.0,4.544,0.12155917988249619,0.0,0.0
P10,SRI,20,2026-06-03,awal,6.092299726185201,11.121245334390439,3.448,0.45970027381479867,0.0,0.9
P10,SRI,21,2026-06-04,pertumbuhan,1.8202365409562855,0.0,3.992,0.280063185228916,0.0,0.0
P10,SRI,22,2026-06-05,pertumbuhan,-1.938439782672245,0.0,3.675,0.08367632362853064,0.0,0.0
P10,SRI,23,2026-06-06,pertumbuhan,-8.09772043982776,0.0,5.056,1.1032806571555167,0.0,0.0
P10,SRI,24,2026-06-07,pertumbuhan,-12.715001096983277,0.0,3.514,1.1032806571555167,0.0,0.0
P10,SRI,25,2026-06-08,pertumbuhan,-16.656281754138796,0.0,2.838,1.1032806571555167,0.0,0.0
P10,SRI,26,2026-06-09,pertumbuhan,-21.68656241129431,0.0,3.927,1.1032806571555167,0.0,0.0
P10,SRI,27,2026-06-10,pertumbuhan,5.870299726185201,31.68656241129431,3.67,0.45970027381479867,0.0,0.0
P10,SRI,28,2026-06-11,pertumbuhan,2.2634418870349733,0.0,3.337,0.26985783915022743,0.0,0.0
P10,SRI,29,2026-06-12,pertumbuhan,-1.606608598488413,0.0,3.766,0.10405048552338618,0.0,0.0
P10,SRI,30,2026-06-13,pertumbuhan,-6.63288925564393,0.0,3.923,1.1032806571555167,0.0,0.0
P10,SRI,31,2026-06-14,pertumbuhan,-10.942169912799447,0.0,3.206,1.1032806571555167,0.0,0.0
P10,SRI,32,2026-06-15,pertumbuhan,-16.122450569954964,0.0,4.077,1.1032806571555167,0.0,0.0
P10,SRI,33,2026-06-16,pertumbuhan,-21.80873122711048,0.0,4.583,1.1032806571555167,0.0,0.0
P10,SRI,34,2026-06-17,pertumbuhan,6.879299726185201,31.70873122711048,2.661,0.45970027381479867,0.0,0.1
P10,SRI,35,2026-06-18,pertumbuhan,2.428058129407061,0.0,4.135,0.3162415967781406,0.0,0.0
P10,SRI,36,2026-06-19,pertumbuhan,17.92444268034665,0.0,3.568,1.0356154490604128,0.0,20.1
P10,SRI,37,2026-06-20,pertumbuhan,13.440455559533348,0.0,3.66,0.8239871208133019,0.0,0.0
P10,SRI,38,2026-06-21,pertumbuhan,8.939597449442036,0.0,3.883,0.6178581100913113,0.0,0.0
P10,SRI,39,2026-06-22,pertumbuhan,3.7806439099117783,0.0,4.748,0.410953539530258,0.0,0.0
P10,SRI,40,2026-06-23,pertumbuhan,-0.9331523941464912,0.0,4.54,0.17379630405826954,0.0,0.0
P10,SRI,41,2026-06-24,pertumbuhan,-6.183433051302008,0.0,4.147,1.1032806571555167,0.0,0.0
P10,SRI,42,2026-06-25,pertumbuhan,-11.121713708457523,0.0,3.835,1.1032806571555167,0.0,0.0
P10,SRI,43,2026-06-26,pertumbuhan,-14.560994365613041,0.0,2.936,1.1032806571555167,0.0,0.6
P10,SRI,44,2026-06-27,pertumbuhan,-13.812275022768556,0.0,3.948,1.1032806571555167,0.0,5.8
P10,SRI,45,2026-06-28,pertumbuhan,39.04601105284096,0.0,3.015,2.0267139243904833,0.0,57.9
P10,SRI,46,2026-06-29,pertumbuhan,32.609064855604295,0.0,4.642,1.7949461972366645,0.0,0.0
P10,SRI,47,2026-06-30,pertumbuhan,26.41802525130771,0.0,4.692,1.4990396042965821,0.0,0.0
P10,SRI,48,2026-07-01,pertumbuhan,20.770587907140467,0.0,4.433,1.214437344167242,0.0,0.0
P10,SRI,49,2026-07-02,pertumbuhan,15.257763412319786,0.0,4.558,0.9548244948206818,0.0,0.0
P10,SRI,50,2026-07-03,pertumbuhan,10.129363610475304,0.0,4.427,0.7013998018444823,0.0,0.0
P10,SRI,51,2026-07-04,reproduktif,8.280776433181828,0.0,3.291,0.5575871772934752,0.0,2.0
P10,SRI,52,2026-07-05,reproduktif,3.6491089138085453,0.0,4.251,0.3806675193732818,0.0,0.0
P10,SRI,53,2026-07-06,reproduktif,0.39035927712276397,0.0,3.091,0.16774963668578108,0.0,0.0
P10,SRI,54,2026-07-07,reproduktif,-3.804585549535184,0.0,4.177,0.017944826657948148,0.0,0.0
P10,SRI,55,2026-07-08,reproduktif,3.869850042941409,0.0,3.281,0.3445644075234075,0.0,11.3
P10,SRI,56,2026-07-09,reproduktif,-0.6020470694948283,0.0,4.294,0.1778971124362376,0.0,0.0
P10,SRI,57,2026-07-10,reproduktif,-6.627507562361466,0.0,5.198,0.8274604928666376,0.0,0.0
P10,SRI,58,2026-07-11,reproduktif,-11.970968055228104,0.0,4.516,0.8274604928666376,0.0,0.0
P10,SRI,59,2026-07-12,reproduktif,-16.925428548094743,0.0,4.127,0.8274604928666376,0.0,0.0
P10,SRI,60,2026-07-13,reproduktif,-9.426889040961381,0.0,4.074,0.8274604928666376,0.0,12.4
P10,SRI,61,2026-07-14,reproduktif,-14.096349533828018,0.0,3.842,0.8274604928666376,0.0,0.0
P10,SRI,62,2026-07-15,reproduktif,-18.709810026694655,0.0,3.786,0.8274604928666376,0.0,0.0
P10,SRI,63,2026-07-16,reproduktif,-24.350270519561292,0.0,4.813,0.8274604928666376,0.0,0.0
P10,SRI,64,2026-07-17,reproduktif,-30.01373101242793,0.0,4.836,0.8274604928666376,0.0,0.0
P10,SRI,65,2026-07-18,reproduktif,-0.6188501369073993,35.013731012427925,5.389,0.22985013690739933,0.0,0.0
P10,SRI,66,2026-07-19,reproduktif,-6.190310629774037,0.0,4.744,0.8274604928666376,0.0,0.0
P10,SRI,67,2026-07-20,reproduktif,-11.067771122640675,0.0,4.05,0.8274604928666376,0.0,0.0
P10,SRI,68,2026-07-21,reproduktif,-16.987231615507312,0.0,5.092,0.8274604928666376,0.0,0.0
P10,SRI,69,2026-07-22,reproduktif,-23.149692108373948,0.0,5.335,0.8274604928666376,0.0,0.0
P10,SRI,70,2026-07-23,reproduktif,-28.527152601240587,0.0,4.55,0.8274604928666376,0.0,0.0
P10,SRI,71,2026-07-24,reproduktif,-1.4028501369073991,33.52715260124059,6.173,0.22985013690739933,0.0,0.0
P10,SRI,72,2026-07-25,reproduktif,-7.322310629774036,0.0,5.092,0.8274604928666376,0.0,0.0
P10,SRI,73,2026-07-26,reproduktif,-13.722771122640674,0.0,5.573,0.8274604928666376,0.0,0.0
P10,SRI,74,2026-07-27,reproduktif,-20.249231615507313,0.0,5.699,0.8274604928666376,0.0,0.0
P10,SRI,75,2026-07-28,reproduktif,-26.53569210837395,0.0,5.459,0.8274604928666376,0.0,0.0
P10,SRI,76,2026-07-29,reproduktif,-0.20585013690739906,31.53569210837395,4.976,0.22985013690739933,0.0,0.0
P10,SRI,77,2026-07-30,reproduktif,-6.352310629774037,0.0,5.319,0.8274604928666376,0.0,0.0
P10,SRI,78,2026-07-31,reproduktif,-12.353771122640675,0.0,5.174,0.8274604928666376,0.0,0.0
P10,SRI,79,2026-08-01,reproduktif,-18.21623161550731,0.0,5.035,0.8274604928666376,0.0,0.0
P10,SRI,80,2026-08-02,reproduktif,-23.739692108373948,0.0,4.696,0.8274604928666376,0.0,0.0
P10,SRI,81,2026-08-03,reproduktif,-30.155152601240587,0.0,5.588,0.8274604928666376,0.0,0.0
P10,SRI,82,2026-08-04,reproduktif,-0.19985013690739883,35.15515260124059,4.97,0.22985013690739933,0.0,0.0
P10,SRI,83,2026-08-05,reproduktif,-6.056310629774036,0.0,5.029,0.8274604928666376,0.0,0.0
P10,SRI,84,2026-08-06,reproduktif,-12.317771122640675,0.0,5.434,0.8274604928666376,0.0,0.0
P10,SRI,85,2026-08-07,reproduktif,-19.00123161550731,0.0,5.856,0.8274604928666376,0.0,0.0
P10,SRI,86,2026-08-08,reproduktif,-24.10569210837395,0.0,4.277,0.8274604928666376,0.0,0.0
P10,SRI,87,2026-08-09,reproduktif,-30.126152601240587,0.0,5.193,0.8274604928666376,0.0,0.0
P10,SRI,88,2026-08-10,reproduktif,-0.6918501369073988,35.12615260124059,5.462,0.22985013690739933,0.0,0.0
P10,SRI,89,2026-08-11,reproduktif,-7.093310629774036,0.0,5.574,0.8274604928666376,0.0,0.0
P10,SRI,90,2026-08-12,reproduktif,-13.249771122640674,0.0,5.329,0.8274604928666376,0.0,0.0
P10,SRI,91,2026-08-13,pemasakan,-19.391231615507312,0.0,5.314,0.8274604928666376,0.0,0.0
P10,SRI,92,2026-08-14,pemasakan,-25.98269210837395,0.0,5.764,0.8274604928666376,0.0,0.0
P10,SRI,93,2026-08-15,pemasakan,-33.052152601240586,0.0,6.242,0.8274604928666376,0.0,0.0
P10,SRI,94,2026-08-16,pemasakan,-6.6914604928666375,33.052152601240586,5.864,0.8274604928666376,0.0,0.0
P10,SRI,95,2026-08-17,pemasakan,-13.893920985733274,0.0,6.375,0.8274604928666376,0.0,0.0
P10,SRI,96,2026-08-18,pemasakan,-15.83238147859991,0.0,4.911,0.8274604928666376,0.0,3.8
P10,SRI,97,2026-08-19,pemasakan,-17.258841971466545,0.0,4.399,0.8274604928666376,0.0,3.8
P10,SRI,98,2026-08-20,pemasakan,-22.837302464333185,0.0,4.751,0.8274604928666376,0.0,0.0
P10,SRI,99,2026-08-21,pemasakan,-29.358762957199822,0.0,5.694,0.8274604928666376,0.0,0.0
P10,SRI,100,2026-08-22,pemasakan,-35.77922345006646,0.0,5.593,0.8274604928666376,0.0,0.0
P10,SRI,101,2026-08-23,pemasakan,-6.871460492866637,35.77922345006646,6.044,0.8274604928666376,0.0,0.0
P10,SRI,102,2026-08-24,pemasakan,-13.138920985733275,0.0,5.44,0.8274604928666376,0.0,0.0
P10,SRI,103,2026-08-25,pemasakan,-20.358381478599913,0.0,6.392,0.8274604928666376,0.0,0.0
P10,SRI,104,2026-08-26,pemasakan,-26.44284197146655,0.0,5.257,0.8274604928666376,0.0,0.0
P10,SRI,105,2026-08-27,pemasakan,-33.105302464333185,0.0,5.835,0.8274604928666376,0.0,0.0
P10,SRI,106,2026-08-28,pemasakan,-6.493460492866638,33.105302464333185,5.666,0.8274604928666376,0.0,0.0
P10,SRI,107,2026-08-29,pemasakan,-13.253920985733275,0.0,5.933,0.8274604928666376,0.0,0.0
P10,SRI,108,2026-08-30,pemasakan,-20.065381478599914,0.0,5.984,0.8274604928666376,0.0,0.0
P10,SRI,109,2026-08-31,pemasakan,-27.854841971466552,0.0,6.962,0.8274604928666376,0.0,0.0
P10,SRI,110,2026-09-01,pemasakan,-33.315302464333186,0.0,4.633,0.8274604928666376,0.0,0.0
P11,FL,1,2026-05-15,awal,15.229963268151073,0.0,3.936,0.8340367318489279,0.0,0.0
P11,FL,2,2026-05-16,awal,11.475845828633675,0.0,3.119,0.635117439517397,0.0,0.0
P11,FL,3,2026-05-17,awal,10.688687022328281,0.0,2.896,0.5911588063053944,0.0,2.7
P11,FL,4,2026-05-18,awal,14.084525735610487,0.0,3.154,0.7501612867177951,0.0,7.3
P11,FL,5,2026-05-19,awal,10.620175144901953,0.0,2.877,0.5873505907085345,0.0,0.0
P11,FL,6,2026-05-20,awal,13.17923239857519,0.0,3.227,0.7139427463267636,0.0,6.5
P11,FL,7,2026-05-21,awal,11.522591998764995,0.0,2.257,0.5996403998101936,0.0,1.2
P11,FL,8,2026-05-22,awal,40.02189704060487,0.0,3.219,1.881694958160127,0.0,33.6
P11,FL,9,2026-05-23,awal,50.0,0.0,2.34,3.453825216663724,27.028071823941147,42.8
P11,FL,10,2026-05-24,awal,43.540908170377676,0.0,4.374,2.08509182962232,0.0,0.0
P11,FL,11,2026-05-25,awal,42.03740719031102,0.0,2.371,1.932500980066654,0.0,2.8
P11,FL,12,2026-05-26,awal,37.79402973757205,0.0,2.682,1.7613774527389707,0.0,0.2
P11,FL,13,2026-05-27,awal,32.99194928528576,0.0,3.226,1.5760804522862895,0.0,0.0
P11,FL,14,2026-05-28,awal,27.8171244073245,0.0,3.799,1.3758248779612656,0.0,0.0
P11,FL,15,2026-05-29,awal,22.3780992308185,0.0,4.279,1.1600251765059986,0.0,0.0
P11,FL,16,2026-05-30,awal,18.392891393445357,0.0,3.052,0.9332078373731435,0.0,0.0
P11,FL,17,2026-05-31,awal,13.457874042093284,0.0,4.168,0.7670173513520719,0.0,0.0
P11,FL,18,2026-06-01,awal,9.927655977908184,0.0,2.969,0.5612180641851002,0.0,0.0
P11,FL,19,2026-06-02,awal,14.576963268151072,10.072344022091816,4.589,0.8340367318489279,0.0,0.0
P11,FL,20,2026-06-03,awal,11.349545474995342,0.0,3.482,0.6454177931557311,0.0,0.9
P11,FL,21,2026-06-04,pertumbuhan,6.635248584198547,0.0,4.241,0.47329689079679516,0.0,0.0
P11,FL,22,2026-06-05,pertumbuhan,15.260963268151073,13.364751415801454,3.905,0.8340367318489279,0.0,0.0
P11,FL,23,2026-06-06,pertumbuhan,9.25255307169931,0.0,5.372,0.6364101964517628,0.0,0.0
P11,FL,24,2026-06-07,pertumbuhan,15.432963268151072,10.74744692830069,3.733,0.8340367318489279,0.0,0.0
P11,FL,25,2026-06-08,pertumbuhan,11.774380355805409,0.0,3.015,0.6435829123456634,0.0,0.0
P11,FL,26,2026-06-09,pertumbuhan,7.110367070230301,0.0,4.173,0.49101328557510804,0.0,0.0
P11,FL,27,2026-06-10,pertumbuhan,15.266963268151072,12.8896329297697,3.899,0.8340367318489279,0.0,0.0
P11,FL,28,2026-06-11,pertumbuhan,11.084302860679754,0.0,3.546,0.6366604074713174,0.0,0.0
P11,FL,29,2026-06-12,pertumbuhan,6.621067074042501,0.0,4.001,0.46223578663725323,0.0,0.0
P11,FL,30,2026-06-13,pertumbuhan,14.997963268151072,13.3789329259575,4.168,0.8340367318489279,0.0,0.0
P11,FL,31,2026-06-14,pertumbuhan,10.965520654723122,0.0,3.407,0.6254426134279493,0.0,0.0
P11,FL,32,2026-06-15,pertumbuhan,6.176238304228763,0.0,4.332,0.45728235049435945,0.0,0.0
P11,FL,33,2026-06-16,pertumbuhan,14.296963268151073,13.823761695771237,4.869,0.8340367318489279,0.0,0.0
P11,FL,34,2026-06-17,pertumbuhan,10.969583458515183,0.0,2.827,0.6003798096358891,0.0,0.1
P11,FL,35,2026-06-18,pertumbuhan,6.11913168164098,0.0,4.393,0.4574517768742032,0.0,0.0
P11,FL,36,2026-06-19,pertumbuhan,21.334745736657354,0.0,3.791,1.0933859449836265,0.0,20.1
P11,FL,37,2026-06-20,pertumbuhan,16.557047656205874,0.0,3.888,0.8896980804514774,0.0,0.0
P11,FL,38,2026-06-21,pertumbuhan,11.740588360393428,0.0,4.126,0.690459295812445,0.0,0.0
P11,FL,39,2026-06-22,pertumbuhan,6.205984263089123,0.0,5.045,0.4896040973043049,0.0,0.0
P11,FL,40,2026-06-23,pertumbuhan,14.341963268151073,13.794015736910877,4.824,0.8340367318489279,0.0,0.0
P11,FL,41,2026-06-24,pertumbuhan,9.337877059527768,0.0,4.406,0.5980862086233045,0.0,0.0
P11,FL,42,2026-06-25,pertumbuhan,15.090963268151071,10.662122940472232,4.075,0.8340367318489279,0.0,0.0
P11,FL,43,2026-06-26,pertumbuhan,11.917621281964557,0.0,3.119,0.6543419861865146,0.0,0.6
P11,FL,44,2026-06-27,pertumbuhan,12.78476393445722,0.0,4.194,0.7388573475073367,0.0,5.8
P11,FL,45,2026-06-28,pertumbuhan,50.0,0.0,3.204,2.9476844751703837,14.533079459286839,57.9
P11,FL,46,2026-06-29,pertumbuhan,42.982908170377684,0.0,4.932,2.08509182962232,0.0,0.0
P11,FL,47,2026-06-30,pertumbuhan,36.204441957588465,0.0,4.986,1.7924662127892192,0.0,0.0
P11,FL,48,2026-07-01,pertumbuhan,29.9846502351524,0.0,4.71,1.5097917224360642,0.0,0.0
P11,FL,49,2026-07-02,pertumbuhan,23.891235250764417,0.0,4.843,1.2504149843879848,0.0,0.0
P11,FL,50,2026-07-03,pertumbuhan,18.191926862345344,0.0,4.703,0.9963083884190729,0.0,0.0
P11,FL,51,2026-07-04,reproduktif,15.83388642784519,0.0,3.516,0.8420404345001544,0.0,2.0
P11,FL,52,2026-07-05,reproduktif,10.630584283407835,0.0,4.543,0.6603021444373549,0.0,0.0
P11,FL,53,2026-07-06,reproduktif,6.884269394738933,0.0,3.303,0.4433148886689024,0.0,0.0
P11,FL,54,2026-07-07,reproduktif,2.1331827173811497,0.0,4.464,0.2870866773577828,0.0,0.0
P11,FL,55,2026-07-08,reproduktif,9.365994326784445,0.0,3.507,0.5601883905967038,0.0,11.3
P11,FL,56,2026-07-09,reproduktif,4.3864151618431,0.0,4.589,0.3905791649413449,0.0,0.0
P11,FL,57,2026-07-10,reproduktif,4.0279816340755366,5.6135848381569,5.555,0.41701836592446395,0.0,0.0
P11,FL,58,2026-07-11,reproduktif,4.757981634075536,5.9720183659244634,4.825,0.41701836592446395,0.0,0.0
P11,FL,59,2026-07-12,reproduktif,5.172981634075536,5.242018365924464,4.41,0.41701836592446395,0.0,0.0
P11,FL,60,2026-07-13,reproduktif,12.487156025529256,0.0,4.353,0.7328256085462796,0.0,12.4
P11,FL,61,2026-07-14,reproduktif,7.860418685448252,0.0,4.106,0.5207373400810035,0.0,0.0
P11,FL,62,2026-07-15,reproduktif,3.4866247898794764,0.0,4.046,0.3277938955687753,0.0,0.0
P11,FL,63,2026-07-16,reproduktif,4.438981634075536,6.513375210120524,5.144,0.41701836592446395,0.0,0.0
P11,FL,64,2026-07-17,reproduktif,4.414981634075536,5.561018365924464,5.168,0.41701836592446395,0.0,0.0
P11,FL,65,2026-07-18,reproduktif,3.8249816340755363,5.585018365924464,5.758,0.41701836592446395,0.0,0.0
P11,FL,66,2026-07-19,reproduktif,4.512981634075536,6.175018365924464,5.07,0.41701836592446395,0.0,0.0
P11,FL,67,2026-07-20,reproduktif,5.254981634075536,5.487018365924464,4.328,0.41701836592446395,0.0,0.0
P11,FL,68,2026-07-21,reproduktif,-0.4051607513249884,0.0,5.441,0.21914238540052494,0.0,0.0
P11,FL,69,2026-07-22,reproduktif,3.8819816340755366,10.405160751324988,5.701,0.41701836592446395,0.0,0.0
P11,FL,70,2026-07-23,reproduktif,4.720981634075536,6.118018365924463,4.862,0.41701836592446395,0.0,0.0
P11,FL,71,2026-07-24,reproduktif,2.985981634075536,5.279018365924464,6.597,0.41701836592446395,0.0,0.0
P11,FL,72,2026-07-25,reproduktif,4.141981634075536,7.014018365924464,5.441,0.41701836592446395,0.0,0.0
P11,FL,73,2026-07-26,reproduktif,3.626981634075536,5.858018365924464,5.956,0.41701836592446395,0.0,0.0
P11,FL,74,2026-07-27,reproduktif,3.4929816340755364,6.373018365924464,6.09,0.41701836592446395,0.0,0.0
P11,FL,75,2026-07-28,reproduktif,3.7489816340755366,6.507018365924464,5.834,0.41701836592446395,0.0,0.0
P11,FL,76,2026-07-29,reproduktif,4.265981634075536,6.251018365924463,5.317,0.41701836592446395,0.0,0.0
P11,FL,77,2026-07-30,reproduktif,3.898981634075536,5.734018365924464,5.684,0.41701836592446395,0.0,0.0
P11,FL,78,2026-07-31,reproduktif,4.052981634075536,6.101018365924464,5.53,0.41701836592446395,0.0,0.0
P11,FL,79,2026-08-01,reproduktif,4.202981634075536,5.947018365924464,5.38,0.41701836592446395,0.0,0.0
P11,FL,80,2026-08-02,reproduktif,4.5649816340755365,5.797018365924464,5.018,0.41701836592446395,0.0,0.0
P11,FL,81,2026-08-03,reproduktif,3.611981634075536,5.4350183659244635,5.971,0.41701836592446395,0.0,0.0
P11,FL,82,2026-08-04,reproduktif,4.270981634075536,6.388018365924464,5.312,0.41701836592446395,0.0,0.0
P11,FL,83,2026-08-05,reproduktif,4.208981634075537,5.729018365924464,5.374,0.41701836592446395,0.0,0.0
P11,FL,84,2026-08-06,reproduktif,3.776981634075536,5.791018365924463,5.806,0.41701836592446395,0.0,0.0
P11,FL,85,2026-08-07,reproduktif,3.3249816340755363,6.223018365924464,6.258,0.41701836592446395,0.0,0.0
P11,FL,86,2026-08-08,reproduktif,5.012981634075536,6.675018365924464,4.57,0.41701836592446395,0.0,0.0
P11,FL,87,2026-08-09,reproduktif,-0.7450689068696175,0.0,5.549,0.2090505409451529,0.0,0.0
P11,FL,88,2026-08-10,reproduktif,3.7459816340755365,10.745068906869617,5.837,0.41701836592446395,0.0,0.0
P11,FL,89,2026-08-11,reproduktif,3.6259816340755364,6.2540183659244635,5.957,0.41701836592446395,0.0,0.0
P11,FL,90,2026-08-12,reproduktif,3.887981634075536,6.374018365924464,5.695,0.41701836592446395,0.0,0.0
P11,FL,91,2026-08-13,pemasakan,-1.6401543407031145,0.0,5.366,0.16213597477865072,0.0,0.0
P11,FL,92,2026-08-14,pemasakan,3.7639816340755363,11.640154340703114,5.819,0.41701836592446395,0.0,0.0
P11,FL,93,2026-08-15,pemasakan,-2.6949833129656504,0.0,6.302,0.15696494704118738,0.0,0.0
P11,FL,94,2026-08-16,pemasakan,3.6629816340755363,12.69498331296565,5.92,0.41701836592446395,0.0,0.0
P11,FL,95,2026-08-17,pemasakan,-2.926771427469814,0.0,6.437,0.1527530615453503,0.0,0.0
P11,FL,96,2026-08-18,pemasakan,-4.121186662709323,0.0,4.958,0.03641523523950904,0.0,3.8
P11,FL,97,2026-08-19,pemasakan,5.140981634075536,10.321186662709323,4.442,0.41701836592446395,0.0,3.8
P11,FL,98,2026-08-20,pemasakan,0.13059325804654964,0.0,4.796,0.21438837602898606,0.0,0.0
P11,FL,99,2026-08-21,pemasakan,-5.623852720660582,0.0,5.749,0.005445978707132398,0.0,0.0
P11,FL,100,2026-08-22,pemasakan,3.935981634075536,15.623852720660583,5.647,0.41701836592446395,0.0,0.0
P11,FL,101,2026-08-23,pemasakan,-2.331156028859552,0.0,6.103,0.16413766293508816,0.0,0.0
P11,FL,102,2026-08-24,pemasakan,4.089981634075536,12.331156028859553,5.493,0.41701836592446395,0.0,0.0
P11,FL,103,2026-08-25,pemasakan,-2.533578111694789,0.0,6.453,0.1705597457703249,0.0,0.0
P11,FL,104,2026-08-26,pemasakan,4.274981634075536,12.533578111694789,5.308,0.41701836592446395,0.0,0.0
P11,FL,105,2026-08-27,pemasakan,-1.7952929514643916,0.0,5.892,0.1782745855399275,0.0,0.0
P11,FL,106,2026-08-28,pemasakan,3.8629816340755365,11.795292951464392,5.72,0.41701836592446395,0.0,0.0
P11,FL,107,2026-08-29,pemasakan,-2.2881117947883034,0.0,5.99,0.1610934288638396,0.0,0.0
P11,FL,108,2026-08-30,pemasakan,3.5409816340755365,12.288111794788303,6.042,0.41701836592446395,0.0,0.0
P11,FL,109,2026-08-31,pemasakan,-3.635683803405535,0.0,7.029,0.14766543748107183,0.0,0.0
P11,FL,110,2026-09-01,pemasakan,4.904981634075536,13.635683803405534,4.678,0.41701836592446395,0.0,0.0
P11,SRI,1,2026-05-15,awal,15.268963268151072,0.0,3.897,0.8340367318489279,0.0,0.0
P11,SRI,2,2026-05-16,awal,11.54421945700657,0.0,3.088,0.6367438111445023,0.0,0.0
P11,SRI,3,2026-05-17,awal,10.783209344823536,0.0,2.867,0.5940101121830335,0.0,2.7
P11,SRI,4,2026-05-18,awal,14.206106303658705,0.0,3.123,0.7541030411648308,0.0,7.3
P11,SRI,5,2026-05-19,awal,10.764685579968607,0.0,2.849,0.592420723690098,0.0,0.0
P11,SRI,6,2026-05-20,awal,13.34971648309279,0.0,3.195,0.7199690968758164,0.0,6.5
P11,SRI,7,2026-05-21,awal,11.70796658384843,0.0,2.235,0.6067498992443594,0.0,1.2
P11,SRI,8,2026-05-22,awal,40.0,0.0,3.187,1.8894254188156692,0.23154116503276612,33.6
P11,SRI,9,2026-05-23,awal,40.0,0.0,2.317,3.4529120698545617,37.03008793014544,42.8
P11,SRI,10,2026-05-24,awal,34.000926536302146,0.0,4.331,1.6680734636978558,0.0,0.0
P11,SRI,11,2026-05-25,awal,32.91826031143464,0.0,2.348,1.5346662248674963,0.0,2.8
P11,SRI,12,2026-05-26,awal,29.082168031701094,0.0,2.655,1.3810922797335505,0.0,0.2
P11,SRI,13,2026-05-27,awal,24.67538821268903,0.0,3.194,1.2127798190120676,0.0,0.0
P11,SRI,14,2026-05-28,awal,19.885379205588293,0.0,3.761,1.0290090071007358,0.0,0.0
P11,SRI,15,2026-05-29,awal,14.819122371378018,0.0,4.237,0.8292568342102745,0.0,0.0
P11,SRI,16,2026-05-30,awal,11.179137751803346,0.0,3.022,0.6179846195746729,0.0,0.0
P11,SRI,17,2026-05-31,awal,6.585947176033194,0.0,4.127,0.4661905757701517,0.0,0.0
P11,SRI,18,2026-06-01,awal,3.3713010830917742,0.0,2.94,0.27464609294142006,0.0,0.0
P11,SRI,19,2026-06-02,awal,-1.3132883637792565,0.0,4.544,0.14058944687103073,0.0,0.0
P11,SRI,20,2026-06-03,awal,6.134981634075536,10.413288363779257,3.448,0.41701836592446395,0.0,0.9
P11,SRI,21,2026-06-04,pertumbuhan,1.887141632473658,0.0,3.992,0.25584000160187775,0.0,0.0
P11,SRI,22,2026-06-05,pertumbuhan,-1.866555639510561,0.0,3.675,0.07869727198421902,0.0,0.0
P11,SRI,23,2026-06-06,pertumbuhan,-7.923399717729274,0.0,5.056,1.0008440782187134,0.0,0.0
P11,SRI,24,2026-06-07,pertumbuhan,-12.438243795947987,0.0,3.514,1.0008440782187134,0.0,0.0
P11,SRI,25,2026-06-08,pertumbuhan,-16.2770878741667,0.0,2.838,1.0008440782187134,0.0,0.0
P11,SRI,26,2026-06-09,pertumbuhan,-21.204931952385415,0.0,3.927,1.0008440782187134,0.0,0.0
P11,SRI,27,2026-06-10,pertumbuhan,5.912981634075536,31.204931952385415,3.67,0.41701836592446395,0.0,0.0
P11,SRI,28,2026-06-11,pertumbuhan,2.3293994401971814,0.0,3.337,0.2465821938783547,0.0,0.0
P11,SRI,29,2026-06-12,pertumbuhan,-1.5337407946164574,0.0,3.766,0.09714023481363897,0.0,0.0
P11,SRI,30,2026-06-13,pertumbuhan,-6.45758487283517,0.0,3.923,1.0008440782187134,0.0,0.0
P11,SRI,31,2026-06-14,pertumbuhan,-10.664428951053884,0.0,3.206,1.0008440782187134,0.0,0.0
P11,SRI,32,2026-06-15,pertumbuhan,-15.742273029272596,0.0,4.077,1.0008440782187134,0.0,0.0
P11,SRI,33,2026-06-16,pertumbuhan,-21.32611710749131,0.0,4.583,1.0008440782187134,0.0,0.0
P11,SRI,34,2026-06-17,pertumbuhan,6.921981634075536,31.22611710749131,2.661,0.41701836592446395,0.0,0.1
P11,SRI,35,2026-06-18,pertumbuhan,2.4983222870754034,0.0,4.135,0.28865934700013307,0.0,0.0
P11,SRI,36,2026-06-19,pertumbuhan,18.087930743796345,0.0,3.568,0.942391543279058,0.0,20.1
P11,SRI,37,2026-06-20,pertumbuhan,13.673630811623063,0.0,3.66,0.7542999321732826,0.0,0.0
P11,SRI,38,2026-06-21,pertumbuhan,9.220415293891318,0.0,3.883,0.5702155177317452,0.0,0.0
P11,SRI,39,2026-06-22,pertumbuhan,4.087907041990968,0.0,4.748,0.3845082519003493,0.0,0.0
P11,SRI,40,2026-06-23,pertumbuhan,-0.62256618947925,0.0,4.54,0.17047323147021828,0.0,0.0
P11,SRI,41,2026-06-24,pertumbuhan,-5.770410267697963,0.0,4.147,1.0008440782187134,0.0,0.0
P11,SRI,42,2026-06-25,pertumbuhan,-10.606254345916676,0.0,3.835,1.0008440782187134,0.0,0.0
P11,SRI,43,2026-06-26,pertumbuhan,-13.943098424135389,0.0,2.936,1.0008440782187134,0.0,0.6
P11,SRI,44,2026-06-27,pertumbuhan,-13.091942502354101,0.0,3.948,1.0008440782187134,0.0,5.8
P11,SRI,45,2026-06-28,pertumbuhan,39.92447920585413,0.0,3.015,1.8685782917917717,0.0,57.9
P11,SRI,46,2026-06-29,pertumbuhan,33.617555097973074,0.0,4.642,1.6649241078810528,0.0,0.0
P11,SRI,47,2026-06-30,pertumbuhan,27.52364130863984,0.0,4.692,1.4019137893332365,0.0,0.0
P11,SRI,48,2026-07-01,pertumbuhan,21.94285491635783,0.0,4.433,1.147786392282006,0.0,0.0
P11,SRI,49,2026-07-02,pertumbuhan,16.46979756626412,0.0,4.558,0.9150573500937134,0.0,0.0
P11,SRI,50,2026-07-03,pertumbuhan,11.355976759445102,0.0,4.427,0.6868208068190177,0.0,0.0
P11,SRI,51,2026-07-04,reproduktif,9.50800799909021,0.0,3.291,0.5569687603548914,0.0,2.0
P11,SRI,52,2026-07-05,reproduktif,4.860506603192477,0.0,4.251,0.3965013958977332,0.0,0.0
P11,SRI,53,2026-07-06,reproduktif,1.5668145510696379,0.0,3.091,0.2026920521228394,0.0,0.0
P11,SRI,54,2026-07-07,reproduktif,-2.6755244933097346,0.0,4.177,0.0653390443793733,0.0,0.0
P11,SRI,55,2026-07-08,reproduktif,4.983819038414713,0.0,3.281,0.35965646827555386,0.0,11.3
P11,SRI,56,2026-07-09,reproduktif,0.4819846312684195,0.0,4.294,0.20783440714629367,0.0,0.0
P11,SRI,57,2026-07-10,reproduktif,-4.736115013064807,0.0,5.198,0.020099644333226162,0.0,0.0
P11,SRI,58,2026-07-11,reproduktif,-10.002748071728842,0.0,4.516,0.7506330586640351,0.0,0.0
P11,SRI,59,2026-07-12,reproduktif,-14.880381130392877,0.0,4.127,0.7506330586640351,0.0,0.0
P11,SRI,60,2026-07-13,reproduktif,-7.305014189056911,0.0,4.074,0.7506330586640351,0.0,12.4
P11,SRI,61,2026-07-14,reproduktif,-11.897647247720947,0.0,3.842,0.7506330586640351,0.0,0.0
P11,SRI,62,2026-07-15,reproduktif,-16.434280306384984,0.0,3.786,0.7506330586640351,0.0,0.0
P11,SRI,63,2026-07-16,reproduktif,-21.99791336504902,0.0,4.813,0.7506330586640351,0.0,0.0
P11,SRI,64,2026-07-17,reproduktif,-27.584546423713054,0.0,4.836,0.7506330586640351,0.0,0.0
P11,SRI,65,2026-07-18,reproduktif,-0.5975091829622325,32.58454642371305,5.389,0.20850918296223198,0.0,0.0
P11,SRI,66,2026-07-19,reproduktif,-6.092142241626267,0.0,4.744,0.7506330586640351,0.0,0.0
P11,SRI,67,2026-07-20,reproduktif,-10.892775300290303,0.0,4.05,0.7506330586640351,0.0,0.0
P11,SRI,68,2026-07-21,reproduktif,-16.735408358954338,0.0,5.092,0.7506330586640351,0.0,0.0
P11,SRI,69,2026-07-22,reproduktif,-22.821041417618375,0.0,5.335,0.7506330586640351,0.0,0.0
P11,SRI,70,2026-07-23,reproduktif,-28.121674476282408,0.0,4.55,0.7506330586640351,0.0,0.0
P11,SRI,71,2026-07-24,reproduktif,-1.3815091829622324,33.12167447628241,6.173,0.20850918296223198,0.0,0.0
P11,SRI,72,2026-07-25,reproduktif,-7.224142241626267,0.0,5.092,0.7506330586640351,0.0,0.0
P11,SRI,73,2026-07-26,reproduktif,-13.547775300290303,0.0,5.573,0.7506330586640351,0.0,0.0
P11,SRI,74,2026-07-27,reproduktif,-19.99740835895434,0.0,5.699,0.7506330586640351,0.0,0.0
P11,SRI,75,2026-07-28,reproduktif,-26.207041417618374,0.0,5.459,0.7506330586640351,0.0,0.0
P11,SRI,76,2026-07-29,reproduktif,-0.1845091829622323,31.207041417618374,4.976,0.20850918296223198,0.0,0.0
P11,SRI,77,2026-07-30,reproduktif,-6.254142241626267,0.0,5.319,0.7506330586640351,0.0,0.0
P11,SRI,78,2026-07-31,reproduktif,-12.178775300290303,0.0,5.174,0.7506330586640351,0.0,0.0
P11,SRI,79,2026-08-01,reproduktif,-17.964408358954337,0.0,5.035,0.7506330586640351,0.0,0.0
P11,SRI,80,2026-08-02,reproduktif,-23.41104141761837,0.0,4.696,0.7506330586640351,0.0,0.0
P11,SRI,81,2026-08-03,reproduktif,-29.749674476282408,0.0,5.588,0.7506330586640351,0.0,0.0
P11,SRI,82,2026-08-04,reproduktif,-0.17850918296223206,34.74967447628241,4.97,0.20850918296223198,0.0,0.0
P11,SRI,83,2026-08-05,reproduktif,-5.958142241626267,0.0,5.029,0.7506330586640351,0.0,0.0
P11,SRI,84,2026-08-06,reproduktif,-12.142775300290303,0.0,5.434,0.7506330586640351,0.0,0.0
P11,SRI,85,2026-08-07,reproduktif,-18.749408358954337,0.0,5.856,0.7506330586640351,0.0,0.0
P11,SRI,86,2026-08-08,reproduktif,-23.77704141761837,0.0,4.277,0.7506330586640351,0.0,0.0
P11,SRI,87,2026-08-09,reproduktif,-29.720674476282404,0.0,5.193,0.7506330586640351,0.0,0.0
P11,SRI,88,2026-08-10,reproduktif,-0.670509182962232,34.720674476282404,5.462,0.20850918296223198,0.0,0.0
P11,SRI,89,2026-08-11,reproduktif,-6.995142241626267,0.0,5.574,0.7506330586640351,0.0,0.0
P11,SRI,90,2026-08-12,reproduktif,-13.074775300290302,0.0,5.329,0.7506330586640351,0.0,0.0
P11,SRI,91,2026-08-13,pemasakan,-19.139408358954338,0.0,5.314,0.7506330586640351,0.0,0.0
P11,SRI,92,2026-08-14,pemasakan,-25.654041417618373,0.0,5.764,0.7506330586640351,0.0,0.0
P11,SRI,93,2026-08-15,pemasakan,-32.646674476282406,0.0,6.242,0.7506330586640351,0.0,0.0
P11,SRI,94,2026-08-16,pemasakan,-6.614633058664035,32.646674476282406,5.864,0.7506330586640351,0.0,0.0
P11,SRI,95,2026-08-17,pemasakan,-13.74026611732807,0.0,6.375,0.7506330586640351,0.0,0.0
P11,SRI,96,2026-08-18,pemasakan,-15.601899175992102,0.0,4.911,0.7506330586640351,0.0,3.8
P11,SRI,97,2026-08-19,pemasakan,-16.951532234656135,0.0,4.399,0.7506330586640351,0.0,3.8
P11,SRI,98,2026-08-20,pemasakan,-22.45316529332017,0.0,4.751,0.7506330586640351,0.0,0.0
P11,SRI,99,2026-08-21,pemasakan,-28.897798351984203,0.0,5.694,0.7506330586640351,0.0,0.0
P11,SRI,100,2026-08-22,pemasakan,-35.24143141064824,0.0,5.593,0.7506330586640351,0.0,0.0
P11,SRI,101,2026-08-23,pemasakan,-6.794633058664035,35.24143141064824,6.044,0.7506330586640351,0.0,0.0
P11,SRI,102,2026-08-24,pemasakan,-12.98526611732807,0.0,5.44,0.7506330586640351,0.0,0.0
P11,SRI,103,2026-08-25,pemasakan,-20.127899175992106,0.0,6.392,0.7506330586640351,0.0,0.0
P11,SRI,104,2026-08-26,pemasakan,-26.13553223465614,0.0,5.257,0.7506330586640351,0.0,0.0
P11,SRI,105,2026-08-27,pemasakan,-32.721165293320176,0.0,5.835,0.7506330586640351,0.0,0.0
P11,SRI,106,2026-08-28,pemasakan,-6.416633058664035,32.721165293320176,5.666,0.7506330586640351,0.0,0.0
P11,SRI,107,2026-08-29,pemasakan,-13.10026611732807,0.0,5.933,0.7506330586640351,0.0,0.0
P11,SRI,108,2026-08-30,pemasakan,-19.834899175992106,0.0,5.984,0.7506330586640351,0.0,0.0
P11,SRI,109,2026-08-31,pemasakan,-27.547532234656142,0.0,6.962,0.7506330586640351,0.0,0.0
P11,SRI,110,2026-09-01,pemasakan,-32.93116529332018,0.0,4.633,0.7506330586640351,0.0,0.0
P12,FL,1,2026-05-15,awal,15.421198321797005,0.0,3.936,0.6428016782029943,0.0,0.0
P12,FL,2,2026-05-16,awal,11.80655971373939,0.0,3.119,0.49563860805761567,0.0,0.0
P12,FL,3,2026-05-17,awal,11.144317667292206,0.0,2.896,0.46624204644718137,0.0,2.7
P12,FL,4,2026-05-18,awal,14.69751574979998,0.0,3.154,0.5928019174922283,0.0,7.3
P12,FL,5,2026-05-19,awal,11.348136360330662,0.0,2.877,0.4723793894693183,0.0,0.0
P12,FL,6,2026-05-20,awal,14.047495760069841,0.0,3.227,0.5736406002608216,0.0,6.5
P12,FL,7,2026-05-21,awal,12.500439966921544,0.0,2.257,0.49005579314829667,0.0,1.2
P12,FL,8,2026-05-22,awal,41.39976795808987,0.0,3.219,1.4816720088316777,0.0,33.6
P12,FL,9,2026-05-23,awal,50.0,0.0,2.34,2.7061876073881432,29.153580350701716,42.8
P12,FL,10,2026-05-24,awal,44.01899580449251,0.0,4.374,1.6070041955074856,0.0,0.0
P12,FL,11,2026-05-25,awal,42.943229350747174,0.0,2.371,1.5047664537453367,0.0,2.8
P12,FL,12,2026-05-26,awal,39.07460233925933,0.0,2.682,1.386627011487848,0.0,0.2
P12,FL,13,2026-05-27,awal,34.5927413413198,0.0,3.226,1.255860997939527,0.0,0.0
P12,FL,14,2026-05-28,awal,29.68192773192768,0.0,3.799,1.1118136093921234,0.0,0.0
P12,FL,15,2026-05-29,awal,24.448948084008524,0.0,4.279,0.9539796479191553,0.0,0.0
P12,FL,16,2026-05-30,awal,20.611156841073598,0.0,3.052,0.785791242934928,0.0,0.0
P12,FL,17,2026-05-31,awal,15.780712530716237,0.0,4.168,0.6624443103573617,0.0,0.0
P12,FL,18,2026-06-01,awal,12.304519105817066,0.0,2.969,0.5071934248991709,0.0,0.0
P12,FL,19,2026-06-02,awal,7.320050829282065,0.0,4.589,0.39546827653500083,0.0,0.0
P12,FL,20,2026-06-03,awal,15.875198321797004,11.779949170717934,3.482,0.6428016782029943,0.0,0.9
P12,FL,21,2026-06-04,pertumbuhan,11.123968115644182,0.0,4.241,0.5102302061528237,0.0,0.0
P12,FL,22,2026-06-05,pertumbuhan,6.8614428469935485,0.0,3.905,0.357525268650634,0.0,0.0
P12,FL,23,2026-06-06,pertumbuhan,13.985198321797006,13.138557153006452,5.372,0.6428016782029943,0.0,0.0
P12,FL,24,2026-06-07,pertumbuhan,9.802712874234365,0.0,3.733,0.4494854475626407,0.0,0.0
P12,FL,25,2026-06-08,pertumbuhan,16.342198321797007,10.197287125765635,3.015,0.6428016782029943,0.0,0.0
P12,FL,26,2026-06-09,pertumbuhan,11.643958696458142,0.0,4.173,0.5252396253388636,0.0,0.0
P12,FL,27,2026-06-10,pertumbuhan,7.370720886907661,0.0,3.899,0.37423780955048214,0.0,0.0
P12,FL,28,2026-06-11,pertumbuhan,15.811198321797006,12.62927911309234,3.546,0.6428016782029943,0.0,0.0
P12,FL,29,2026-06-12,pertumbuhan,11.302025081014431,0.0,4.001,0.5081732407825741,0.0,0.0
P12,FL,30,2026-06-13,pertumbuhan,6.77077704655601,0.0,4.168,0.3632480344584204,0.0,0.0
P12,FL,31,2026-06-14,pertumbuhan,15.950198321797005,13.22922295344399,3.407,0.6428016782029943,0.0,0.0
P12,FL,32,2026-06-15,pertumbuhan,11.105557609350921,0.0,4.332,0.5126407124460849,0.0,0.0
P12,FL,33,2026-06-16,pertumbuhan,5.879624055917381,0.0,4.869,0.3569335534335402,0.0,0.0
P12,FL,34,2026-06-17,pertumbuhan,16.530198321797005,14.02037594408262,2.827,0.6428016782029943,0.0,0.1
P12,FL,35,2026-06-18,pertumbuhan,11.605916360683034,0.0,4.393,0.5312819611139717,0.0,0.0
P12,FL,36,2026-06-19,pertumbuhan,26.895885548402493,0.0,3.791,1.0190308122805414,0.0,20.1
P12,FL,37,2026-06-20,pertumbuhan,22.143449530039053,0.0,3.888,0.8644360183634391,0.0,0.0
P12,FL,38,2026-06-21,pertumbuhan,17.305757204083434,0.0,4.126,0.7116923259556204,0.0,0.0
P12,FL,39,2026-06-22,pertumbuhan,11.704548715415516,0.0,5.045,0.5562084886679195,0.0,0.0
P12,FL,40,2026-06-23,pertumbuhan,6.504363537571627,0.0,4.824,0.3761851778438897,0.0,0.0
P12,FL,41,2026-06-24,pertumbuhan,14.951198321797005,13.495636462428372,4.406,0.6428016782029943,0.0,0.0
P12,FL,42,2026-06-25,pertumbuhan,10.39566555317716,0.0,4.075,0.4805327686198453,0.0,0.0
P12,FL,43,2026-06-26,pertumbuhan,7.5232639396501035,0.0,3.119,0.3534016135270567,0.0,0.6
P12,FL,44,2026-06-27,pertumbuhan,8.701053118672679,0.0,4.194,0.4282108209774262,0.0,5.8
P12,FL,45,2026-06-28,pertumbuhan,50.0,0.0,3.204,2.140563435738478,11.256489682934202,57.9
P12,FL,46,2026-06-29,pertumbuhan,43.46099580449251,0.0,4.932,1.6070041955074856,0.0,0.0
P12,FL,47,2026-06-30,pertumbuhan,37.07815575251746,0.0,4.986,1.396840051975054,0.0,0.0
P12,FL,48,2026-07-01,pertumbuhan,31.17646071539795,0.0,4.71,1.1916950371195114,0.0,0.0
P12,FL,49,2026-07-02,pertumbuhan,25.331446651983576,0.0,4.843,1.0020140634143764,0.0,0.0
P12,FL,50,2026-07-03,pertumbuhan,19.814291831023343,0.0,4.703,0.8141548209602332,0.0,0.0
P12,FL,51,2026-07-04,reproduktif,17.59717866113376,0.0,3.516,0.7011131698895837,0.0,2.0
P12,FL,52,2026-07-05,reproduktif,12.488603862383027,0.0,4.543,0.565574798750735,0.0,0.0
P12,FL,53,2026-07-06,reproduktif,8.784219086325416,0.0,3.303,0.40138477605761025,0.0,0.0
P12,FL,54,2026-07-07,reproduktif,4.037893547805778,0.0,4.464,0.28232553851963754,0.0,0.0
P12,FL,55,2026-07-08,reproduktif,11.337932362174357,0.0,3.507,0.4929611856314216,0.0,11.3
P12,FL,56,2026-07-09,reproduktif,6.384530264686471,0.0,4.589,0.36440209748788577,0.0,0.0
P12,FL,57,2026-07-10,reproduktif,0.6243309262525578,0.0,5.555,0.20519933843391353,0.0,0.0
P12,FL,58,2026-07-11,reproduktif,4.8535991608985025,9.375669073747442,4.825,0.32140083910149714,0.0,0.0
P12,FL,59,2026-07-12,reproduktif,5.2685991608985026,5.1464008391014975,4.41,0.32140083910149714,0.0,0.0
P12,FL,60,2026-07-13,reproduktif,12.747728901292422,0.0,4.353,0.5678702596060786,0.0,12.4
P12,FL,61,2026-07-14,reproduktif,8.232015824741044,0.0,4.106,0.40971307655137906,0.0,0.0
P12,FL,62,2026-07-15,reproduktif,3.9214381453841867,0.0,4.046,0.26457767935685744,0.0,0.0
P12,FL,63,2026-07-16,reproduktif,4.534599160898503,6.078561854615813,5.144,0.32140083910149714,0.0,0.0
P12,FL,64,2026-07-17,reproduktif,4.5105991608985025,5.465400839101497,5.168,0.32140083910149714,0.0,0.0
P12,FL,65,2026-07-18,reproduktif,3.9205991608985027,5.4894008391014975,5.758,0.32140083910149714,0.0,0.0
P12,FL,66,2026-07-19,reproduktif,4.608599160898502,6.079400839101497,5.07,0.32140083910149714,0.0,0.0
P12,FL,67,2026-07-20,reproduktif,5.350599160898502,5.391400839101498,4.328,0.32140083910149714,0.0,0.0
P12,FL,68,2026-07-21,reproduktif,-0.2623695451023522,0.0,5.441,0.1719687060008545,0.0,0.0
P12,FL,69,2026-07-22,reproduktif,3.977599160898503,10.262369545102352,5.701,0.32140083910149714,0.0,0.0
P12,FL,70,2026-07-23,reproduktif,4.816599160898503,6.022400839101497,4.862,0.32140083910149714,0.0,0.0
P12,FL,71,2026-07-24,reproduktif,3.0815991608985023,5.183400839101497,6.597,0.32140083910149714,0.0,0.0
P12,FL,72,2026-07-25,reproduktif,4.237599160898503,6.918400839101498,5.441,0.32140083910149714,0.0,0.0
P12,FL,73,2026-07-26,reproduktif,3.7225991608985023,5.762400839101497,5.956,0.32140083910149714,0.0,0.0
P12,FL,74,2026-07-27,reproduktif,3.588599160898503,6.277400839101498,6.09,0.32140083910149714,0.0,0.0
P12,FL,75,2026-07-28,reproduktif,3.844599160898503,6.411400839101497,5.834,0.32140083910149714,0.0,0.0
P12,FL,76,2026-07-29,reproduktif,4.3615991608985025,6.155400839101497,5.317,0.32140083910149714,0.0,0.0
P12,FL,77,2026-07-30,reproduktif,3.9945991608985025,5.6384008391014975,5.684,0.32140083910149714,0.0,0.0
P12,FL,78,2026-07-31,reproduktif,4.1485991608985024,6.0054008391014975,5.53,0.32140083910149714,0.0,0.0
P12,FL,79,2026-08-01,reproduktif,4.298599160898503,5.8514008391014976,5.38,0.32140083910149714,0.0,0.0
P12,FL,80,2026-08-02,reproduktif,4.660599160898503,5.701400839101497,5.018,0.32140083910149714,0.0,0.0
P12,FL,81,2026-08-03,reproduktif,3.7075991608985026,5.339400839101497,5.971,0.32140083910149714,0.0,0.0
P12,FL,82,2026-08-04,reproduktif,4.366599160898502,6.292400839101497,5.312,0.32140083910149714,0.0,0.0
P12,FL,83,2026-08-05,reproduktif,4.304599160898503,5.633400839101498,5.374,0.32140083910149714,0.0,0.0
P12,FL,84,2026-08-06,reproduktif,3.8725991608985026,5.695400839101497,5.806,0.32140083910149714,0.0,0.0
P12,FL,85,2026-08-07,reproduktif,3.4205991608985027,6.127400839101497,6.258,0.32140083910149714,0.0,0.0
P12,FL,86,2026-08-08,reproduktif,5.108599160898502,6.579400839101497,4.57,0.32140083910149714,0.0,0.0
P12,FL,87,2026-08-09,reproduktif,-0.6045916447960966,0.0,5.549,0.1641908056945983,0.0,0.0
P12,FL,88,2026-08-10,reproduktif,3.841599160898503,10.604591644796097,5.837,0.32140083910149714,0.0,0.0
P12,FL,89,2026-08-11,reproduktif,3.721599160898503,6.158400839101497,5.957,0.32140083910149714,0.0,0.0
P12,FL,90,2026-08-12,reproduktif,3.9835991608985024,6.278400839101497,5.695,0.32140083910149714,0.0,0.0
P12,FL,91,2026-08-13,pemasakan,-1.5104340503971772,0.0,5.366,0.12803321129567985,0.0,0.0
P12,FL,92,2026-08-14,pemasakan,3.8595991608985027,11.510434050397176,5.819,0.32140083910149714,0.0,0.0
P12,FL,93,2026-08-15,pemasakan,-2.566448679992318,0.0,6.302,0.1240478408908213,0.0,0.0
P12,FL,94,2026-08-16,pemasakan,3.7585991608985028,12.566448679992318,5.92,0.32140083910149714,0.0,0.0
P12,FL,95,2026-08-17,pemasakan,-2.799202531517394,0.0,6.437,0.12080169241589618,0.0,0.0
P12,FL,96,2026-08-18,pemasakan,-3.989368246131491,0.0,4.958,0.03216571461409637,0.0,3.8
P12,FL,97,2026-08-19,pemasakan,5.2365991608985025,10.18936824613149,4.442,0.32140083910149714,0.0,3.8
P12,FL,98,2026-08-20,pemasakan,0.27229442446340446,0.0,4.796,0.16830473643509744,0.0,0.0
P12,FL,99,2026-08-21,pemasakan,-5.485457141187115,0.0,5.749,0.008751565650519742,0.0,0.0
P12,FL,100,2026-08-22,pemasakan,4.0315991608985025,15.485457141187116,5.647,0.32140083910149714,0.0,0.0
P12,FL,101,2026-08-23,pemasakan,-2.2009767744248645,0.0,6.103,0.12957593532336703,0.0,0.0
P12,FL,102,2026-08-24,pemasakan,4.185599160898502,12.200976774424865,5.493,0.32140083910149714,0.0,0.0
P12,FL,103,2026-08-25,pemasakan,-2.401926347347028,0.0,6.453,0.13452550824553008,0.0,0.0
P12,FL,104,2026-08-26,pemasakan,4.370599160898503,12.401926347347029,5.308,0.32140083910149714,0.0,0.0
P12,FL,105,2026-08-27,pemasakan,-1.6618722628704052,0.0,5.892,0.1404714237689078,0.0,0.0
P12,FL,106,2026-08-28,pemasakan,3.958599160898503,11.661872262870405,5.72,0.32140083910149714,0.0,0.0
P12,FL,107,2026-08-29,pemasakan,-2.1586305482994232,0.0,5.99,0.12722970919792612,0.0,0.0
P12,FL,108,2026-08-30,pemasakan,3.636599160898503,12.158630548299424,6.042,0.32140083910149714,0.0,0.0
P12,FL,109,2026-08-31,pemasakan,-3.509281441280355,0.0,7.029,0.11688060217885791,0.0,0.0
P12,FL,110,2026-09-01,pemasakan,5.000599160898503,13.509281441280354,4.678,0.32140083910149714,0.0,0.0
P12,SRI,1,2026-05-15,awal,15.460198321797005,0.0,3.897,0.6428016782029943,0.0,0.0
P12,SRI,2,2026-05-16,awal,11.875306250466894,0.0,3.088,0.4968920713301115,0.0,0.0
P12,SRI,3,2026-05-17,awal,11.23985468456076,0.0,2.867,0.46845156590613557,0.0,2.7
P12,SRI,4,2026-05-18,awal,14.820982199316994,0.0,3.123,0.595872485243765,0.0,7.3
P12,SRI,5,2026-05-19,awal,11.49563458780011,0.0,2.849,0.47634761151688343,0.0,0.0
P12,SRI,6,2026-05-20,awal,14.222253382131823,0.0,3.195,0.578381205668288,0.0,6.5
P12,SRI,7,2026-05-21,awal,12.691580864346516,0.0,2.235,0.49567251778530697,0.0,1.2
P12,SRI,8,2026-05-22,awal,40.0,0.0,3.187,1.4878152933135778,1.6167655710329356,33.6
P12,SRI,9,2026-05-23,awal,40.0,0.0,2.317,2.661198947760396,37.82180105223961,42.8
P12,SRI,10,2026-05-24,awal,34.38339664359401,0.0,4.331,1.2856033564059886,0.0,0.0
P12,SRI,11,2026-05-25,awal,33.64031915540452,0.0,2.348,1.1950774881894906,0.0,2.8
P12,SRI,12,2026-05-26,awal,30.097688458203574,0.0,2.655,1.087630697200948,0.0,0.2
P12,SRI,13,2026-05-27,awal,25.936346225655367,0.0,3.194,0.9673422325482074,0.0,0.0
P12,SRI,14,2026-05-28,awal,21.34174988164011,0.0,3.761,0.8335963440152583,0.0,0.0
P12,SRI,15,2026-05-29,awal,16.41882424965477,0.0,4.237,0.6859256319853407,0.0,0.0
P12,SRI,16,2026-05-30,awal,12.869121860564864,0.0,3.022,0.5277023890899052,0.0,0.0
P12,SRI,17,2026-05-31,awal,8.328507204116367,0.0,4.127,0.4136146564484967,0.0,0.0
P12,SRI,18,2026-06-01,awal,5.1208282837297805,0.0,2.94,0.2676789203865864,0.0,0.0
P12,SRI,19,2026-06-02,awal,0.4122444330012378,0.0,4.544,0.1645838507285431,0.0,0.0
P12,SRI,20,2026-06-03,awal,-2.177931213186049,0.0,3.448,0.042175646187286614,0.0,0.9
P12,SRI,21,2026-06-04,pertumbuhan,-6.941293227029641,0.0,3.992,0.7713620138435932,0.0,0.0
P12,SRI,22,2026-06-05,pertumbuhan,-11.387655240873233,0.0,3.675,0.7713620138435932,0.0,0.0
P12,SRI,23,2026-06-06,pertumbuhan,-17.215017254716827,0.0,5.056,0.7713620138435932,0.0,0.0
P12,SRI,24,2026-06-07,pertumbuhan,-21.50037926856042,0.0,3.514,0.7713620138435932,0.0,0.0
P12,SRI,25,2026-06-08,pertumbuhan,6.840599160898503,31.50037926856042,2.838,0.32140083910149714,0.0,0.0
P12,SRI,26,2026-06-09,pertumbuhan,2.693741729871525,0.0,3.927,0.21985743102697758,0.0,0.0
P12,SRI,27,2026-06-10,pertumbuhan,-1.0628353553588172,0.0,3.67,0.08657708523034266,0.0,0.0
P12,SRI,28,2026-06-11,pertumbuhan,-5.17119736920241,0.0,3.337,0.7713620138435932,0.0,0.0
P12,SRI,29,2026-06-12,pertumbuhan,-9.708559383046003,0.0,3.766,0.7713620138435932,0.0,0.0
P12,SRI,30,2026-06-13,pertumbuhan,-14.402921396889596,0.0,3.923,0.7713620138435932,0.0,0.0
P12,SRI,31,2026-06-14,pertumbuhan,-18.38028341073319,0.0,3.206,0.7713620138435932,0.0,0.0
P12,SRI,32,2026-06-15,pertumbuhan,-23.228645424576783,0.0,4.077,0.7713620138435932,0.0,0.0
P12,SRI,33,2026-06-16,pertumbuhan,5.0955991608985025,33.22864542457678,4.583,0.32140083910149714,0.0,0.0
P12,SRI,34,2026-06-17,pertumbuhan,2.367612167903721,0.0,2.661,0.16698699299478129,0.0,0.1
P12,SRI,35,2026-06-18,pertumbuhan,-1.8434830858393956,0.0,4.135,0.07609525374311706,0.0,0.0
P12,SRI,36,2026-06-19,pertumbuhan,14.101750928632416,0.0,3.568,0.5867659855281894,0.0,20.1
P12,SRI,37,2026-06-20,pertumbuhan,9.988519470506139,0.0,3.66,0.45323145812627746,0.0,0.0
P12,SRI,38,2026-06-21,pertumbuhan,5.784487616585908,0.0,3.883,0.3210318539202315,0.0,0.0
P12,SRI,39,2026-06-22,pertumbuhan,0.8505736992116146,0.0,4.748,0.185913917374293,0.0,0.0
P12,SRI,40,2026-06-23,pertumbuhan,-3.7167638108528127,0.0,4.54,0.027337510064427736,0.0,0.0
P12,SRI,41,2026-06-24,pertumbuhan,-8.635125824696406,0.0,4.147,0.7713620138435932,0.0,0.0
P12,SRI,42,2026-06-25,pertumbuhan,-13.24148783854,0.0,3.835,0.7713620138435932,0.0,0.0
P12,SRI,43,2026-06-26,pertumbuhan,-16.348849852383594,0.0,2.936,0.7713620138435932,0.0,0.6
P12,SRI,44,2026-06-27,pertumbuhan,-15.268211866227187,0.0,3.948,0.7713620138435932,0.0,5.8
P12,SRI,45,2026-06-28,pertumbuhan,38.246598885913635,0.0,3.015,1.370189247859183,0.0,57.9
P12,SRI,46,2026-06-29,pertumbuhan,32.37534998844253,0.0,4.642,1.2292488974711027,0.0,0.0
P12,SRI,47,2026-06-30,pertumbuhan,26.64280352319352,0.0,4.692,1.0405464652490075,0.0,0.0
P12,SRI,48,2026-07-01,pertumbuhan,21.35350158235645,0.0,4.433,0.8563019408370721,0.0,0.0
P12,SRI,49,2026-07-02,pertumbuhan,16.109198249724,0.0,4.558,0.686303332632451,0.0,0.0
P12,SRI,50,2026-07-03,pertumbuhan,11.164447266252633,0.0,4.427,0.5177509834713662,0.0,0.0
P12,SRI,51,2026-07-04,reproduktif,9.450340826484533,0.0,3.291,0.42310643976810064,0.0,2.0
P12,SRI,52,2026-07-05,reproduktif,4.895606079341806,0.0,4.251,0.30373474714272647,0.0,0.0
P12,SRI,53,2026-07-06,reproduktif,1.6472608891607212,0.0,3.091,0.1573451901810847,0.0,0.0
P12,SRI,54,2026-07-07,reproduktif,-2.5826822140388117,0.0,4.177,0.0529431031995334,0.0,0.0
P12,SRI,55,2026-07-08,reproduktif,5.156142460848956,0.0,3.281,0.28017532511223314,0.0,11.3
P12,SRI,56,2026-07-09,reproduktif,0.6964236095045857,0.0,4.294,0.16571885134437128,0.0,0.0
P12,SRI,57,2026-07-10,reproduktif,-4.523959503741901,0.0,5.198,0.022383113246486723,0.0,0.0
P12,SRI,58,2026-07-11,reproduktif,-9.618481014124596,0.0,4.516,0.5785215103826948,0.0,0.0
P12,SRI,59,2026-07-12,reproduktif,-14.32400252450729,0.0,4.127,0.5785215103826948,0.0,0.0
P12,SRI,60,2026-07-13,reproduktif,-6.576524034889983,0.0,4.074,0.5785215103826948,0.0,12.4
P12,SRI,61,2026-07-14,reproduktif,-10.997045545272679,0.0,3.842,0.5785215103826948,0.0,0.0
P12,SRI,62,2026-07-15,reproduktif,-15.361567055655375,0.0,3.786,0.5785215103826948,0.0,0.0
P12,SRI,63,2026-07-16,reproduktif,-20.75308856603807,0.0,4.813,0.5785215103826948,0.0,0.0
P12,SRI,64,2026-07-17,reproduktif,-26.167610076420765,0.0,4.836,0.5785215103826948,0.0,0.0
P12,SRI,65,2026-07-18,reproduktif,-0.5497004195507484,31.167610076420765,5.389,0.16070041955074857,0.0,0.0
P12,SRI,66,2026-07-19,reproduktif,-5.872221929933443,0.0,4.744,0.5785215103826948,0.0,0.0
P12,SRI,67,2026-07-20,reproduktif,-10.500743440316137,0.0,4.05,0.5785215103826948,0.0,0.0
P12,SRI,68,2026-07-21,reproduktif,-16.17126495069883,0.0,5.092,0.5785215103826948,0.0,0.0
P12,SRI,69,2026-07-22,reproduktif,-22.084786461081524,0.0,5.335,0.5785215103826948,0.0,0.0
P12,SRI,70,2026-07-23,reproduktif,-27.213307971464218,0.0,4.55,0.5785215103826948,0.0,0.0
P12,SRI,71,2026-07-24,reproduktif,-1.3337004195507483,32.21330797146422,6.173,0.16070041955074857,0.0,0.0
P12,SRI,72,2026-07-25,reproduktif,-7.0042219299334425,0.0,5.092,0.5785215103826948,0.0,0.0
P12,SRI,73,2026-07-26,reproduktif,-13.155743440316137,0.0,5.573,0.5785215103826948,0.0,0.0
P12,SRI,74,2026-07-27,reproduktif,-19.43326495069883,0.0,5.699,0.5785215103826948,0.0,0.0
P12,SRI,75,2026-07-28,reproduktif,-25.470786461081524,0.0,5.459,0.5785215103826948,0.0,0.0
P12,SRI,76,2026-07-29,reproduktif,-0.1367004195507482,30.470786461081524,4.976,0.16070041955074857,0.0,0.0
P12,SRI,77,2026-07-30,reproduktif,-6.034221929933443,0.0,5.319,0.5785215103826948,0.0,0.0
P12,SRI,78,2026-07-31,reproduktif,-11.786743440316137,0.0,5.174,0.5785215103826948,0.0,0.0
P12,SRI,79,2026-08-01,reproduktif,-17.400264950698833,0.0,5.035,0.5785215103826948,0.0,0.0
P12,SRI,80,2026-08-02,reproduktif,-22.674786461081528,0.0,4.696,0.5785215103826948,0.0,0.0
P12,SRI,81,2026-08-03,reproduktif,-28.84130797146422,0.0,5.588,0.5785215103826948,0.0,0.0
P12,SRI,82,2026-08-04,reproduktif,-0.13070041955074796,33.84130797146422,4.97,0.16070041955074857,0.0,0.0
P12,SRI,83,2026-08-05,reproduktif,-5.7382219299334425,0.0,5.029,0.5785215103826948,0.0,0.0
P12,SRI,84,2026-08-06,reproduktif,-11.750743440316137,0.0,5.434,0.5785215103826948,0.0,0.0
P12,SRI,85,2026-08-07,reproduktif,-18.18526495069883,0.0,5.856,0.5785215103826948,0.0,0.0
P12,SRI,86,2026-08-08,reproduktif,-23.040786461081524,0.0,4.277,0.5785215103826948,0.0,0.0
P12,SRI,87,2026-08-09,reproduktif,-28.812307971464218,0.0,5.193,0.5785215103826948,0.0,0.0
P12,SRI,88,2026-08-10,reproduktif,-0.622700419550748,33.81230797146422,5.462,0.16070041955074857,0.0,0.0
P12,SRI,89,2026-08-11,reproduktif,-6.775221929933442,0.0,5.574,0.5785215103826948,0.0,0.0
P12,SRI,90,2026-08-12,reproduktif,-12.682743440316138,0.0,5.329,0.5785215103826948,0.0,0.0
P12,SRI,91,2026-08-13,pemasakan,-18.57526495069883,0.0,5.314,0.5785215103826948,0.0,0.0
P12,SRI,92,2026-08-14,pemasakan,-24.917786461081526,0.0,5.764,0.5785215103826948,0.0,0.0
P12,SRI,93,2026-08-15,pemasakan,-31.73830797146422,0.0,6.242,0.5785215103826948,0.0,0.0
P12,SRI,94,2026-08-16,pemasakan,-6.4425215103826945,31.73830797146422,5.864,0.5785215103826948,0.0,0.0
P12,SRI,95,2026-08-17,pemasakan,-13.39604302076539,0.0,6.375,0.5785215103826948,0.0,0.0
P12,SRI,96,2026-08-18,pemasakan,-15.085564531148083,0.0,4.911,0.5785215103826948,0.0,3.8
P12,SRI,97,2026-08-19,pemasakan,-16.263086041530777,0.0,4.399,0.5785215103826948,0.0,3.8
P12,SRI,98,2026-08-20,pemasakan,-21.59260755191347,0.0,4.751,0.5785215103826948,0.0,0.0
P12,SRI,99,2026-08-21,pemasakan,-27.865129062296166,0.0,5.694,0.5785215103826948,0.0,0.0
P12,SRI,100,2026-08-22,pemasakan,-34.03665057267886,0.0,5.593,0.5785215103826948,0.0,0.0
P12,SRI,101,2026-08-23,pemasakan,-6.622521510382694,34.03665057267886,6.044,0.5785215103826948,0.0,0.0
P12,SRI,102,2026-08-24,pemasakan,-12.64104302076539,0.0,5.44,0.5785215103826948,0.0,0.0
P12,SRI,103,2026-08-25,pemasakan,-19.611564531148083,0.0,6.392,0.5785215103826948,0.0,0.0
P12,SRI,104,2026-08-26,pemasakan,-25.447086041530778,0.0,5.257,0.5785215103826948,0.0,0.0
P12,SRI,105,2026-08-27,pemasakan,-31.86060755191347,0.0,5.835,0.5785215103826948,0.0,0.0
P12,SRI,106,2026-08-28,pemasakan,-6.244521510382695,31.86060755191347,5.666,0.5785215103826948,0.0,0.0
P12,SRI,107,2026-08-29,pemasakan,-12.75604302076539,0.0,5.933,0.5785215103826948,0.0,0.0
P12,SRI,108,2026-08-30,pemasakan,-19.318564531148084,0.0,5.984,0.5785215103826948,0.0,0.0
P12,SRI,109,2026-08-31,pemasakan,-26.85908604153078,0.0,6.962,0.5785215103826948,0.0,0.0
P12,SRI,110,2026-09-01,pemasakan,-32.070607551913476,0.0,4.633,0.5785215103826948,0.0,0.0
