<?xml version="1.0" encoding="UTF-8"?>
<kml xmlns="http://www.opengis.net/kml/2.2"><Document>
<name>Kontur 2 m - SWH-JB-GRT</name>
<Style id="k"><LineStyle><color>ff00d2ff</color><width>1.6</width></LineStyle></Style>
<Placemark><name>684 m</name><styleUrl>#k</styleUrl><LineString><tessellate>1</tessellate><coordinates>107.9177500,-7.1849954,0 107.9177071,-7.1849954,0 107.9176642,-7.1849954,0 107.9176212,-7.1849954,0 107.9175783,-7.1849954,0 107.9175354,-7.1849954,0 107.9174925,-7.1849954,0 107.9174496,-7.1849954,0 107.9174496,-7.1849954,0 107.9174496,-7.1850380,0 107.9174496,-7.1850806,0 107.9174496,-7.1851231,0 107.9174496,-7.1851657,0 107.9174496,-7.1852083,0 107.9174496,-7.1852509,0 107.9174496,-7.1852935,0 107.9174067,-7.1853360,0 107.9173637,-7.1853360,0 107.9173208,-7.1853360,0 107.9172779,-7.1853360,0 107.9172350,-7.1853360,0 107.9171921,-7.1853360,0 107.9171492,-7.1853360,0 107.9171063,-7.1853360,0 107.9171063,-7.1853360,0 107.9171063,-7.1853786,0 107.9171063,-7.1854212,0 107.9171063,-7.1854638,0 107.9171063,-7.1854638,0 107.9171492,-7.1854638,0 107.9171921,-7.1854638,0 107.9172350,-7.1854638,0 107.9172779,-7.1854638,0 107.9173208,-7.1854638,0 107.9173637,-7.1854638,0 107.9174067,-7.1854638,0 107.9174496,-7.1855063,0 107.9174496,-7.1855489,0 107.9174496,-7.1855915,0 107.9174496,-7.1856341,0 107.9174496,-7.1856341,0 107.9174925,-7.1856341,0 107.9175354,-7.1856341,0 107.9175783,-7.1856341,0 107.9176212,-7.1856341,0 107.9176642,-7.1856341,0 107.9177071,-7.1856341,0 107.9177500,-7.1856341,0</coordinates></LineString></Placemark>
<Placemark><name>684 m</name><styleUrl>#k</styleUrl><LineString><tessellate>1</tessellate><coordinates>107.9165913,-7.1846548,0 107.9165913,-7.1846548,0 107.9165913,-7.1846974,0 107.9165913,-7.1847399,0 107.9165913,-7.1847825,0 107.9165913,-7.1847825,0 107.9166342,-7.1847825,0 107.9166771,-7.1847825,0 107.9167200,-7.1847825,0 107.9167200,-7.1847825,0 107.9167200,-7.1847399,0 107.9167200,-7.1846974,0 107.9167200,-7.1846548,0 107.9167200,-7.1846548,0 107.9166771,-7.1846548,0 107.9166342,-7.1846548,0 107.9165913,-7.1846548,0</coordinates></LineString></Placemark>
<Placemark><name>684 m</name><styleUrl>#k</styleUrl><LineString><tessellate>1</tessellate><coordinates>107.9164196,-7.1848089,0 107.9163941,-7.1848251,0 107.9163767,-7.1848336,0 107.9163338,-7.1848592,0 107.9163154,-7.1848677,0 107.9162909,-7.1848772,0 107.9162479,-7.1848904,0 107.9162158,-7.1849103,0 107.9162050,-7.1849172,0 107.9161694,-7.1849528,0 107.9161621,-7.1849645,0 107.9161433,-7.1849954,0 107.9161297,-7.1850380,0 107.9161192,-7.1850643,0 107.9161115,-7.1850806,0 107.9160850,-7.1851231,0 107.9160763,-7.1851414,0 107.9160624,-7.1851657,0 107.9160650,-7.1852083,0 107.9160687,-7.1852509,0 107.9160726,-7.1852935,0 107.9160763,-7.1853360,0 107.9160763,-7.1853786,0 107.9160763,-7.1854212,0 107.9160763,-7.1854638,0 107.9160763,-7.1854638,0 107.9161192,-7.1854638,0 107.9161621,-7.1854638,0 107.9162050,-7.1854638,0 107.9162050,-7.1854638,0 107.9162050,-7.1854212,0 107.9162050,-7.1853786,0 107.9162050,-7.1853360,0 107.9162479,-7.1853341,0 107.9162909,-7.1853291,0 107.9163338,-7.1853258,0 107.9163767,-7.1853226,0 107.9164196,-7.1853072,0 107.9164332,-7.1852935,0 107.9164625,-7.1852644,0 107.9164762,-7.1852509,0 107.9165054,-7.1852218,0 107.9165191,-7.1852083,0 107.9165484,-7.1851792,0 107.9165622,-7.1851657,0 107.9165779,-7.1851231,0 107.9165779,-7.1850806,0 107.9165779,-7.1850380,0 107.9165779,-7.1849954,0 107.9165778,-7.1849528,0 107.9165777,-7.1849103,0 107.9165776,-7.1848677,0 107.9165770,-7.1848251,0 107.9165484,-7.1848096,0 107.9165054,-7.1848093,0 107.9164625,-7.1848089,0 107.9164196,-7.1848089,0</coordinates></LineString></Placemark>
<Placemark><name>684 m</name><styleUrl>#k</styleUrl><LineString><tessellate>1</tessellate><coordinates>107.9155613,-7.1893782,0 107.9155584,-7.1893810,0 107.9155327,-7.1894235,0 107.9155240,-7.1894661,0 107.9155267,-7.1895087,0 107.9155398,-7.1895513,0 107.9155613,-7.1895927,0 107.9155619,-7.1895938,0 107.9155912,-7.1896364,0 107.9156042,-7.1896519,0 107.9156300,-7.1896790,0 107.9156471,-7.1896943,0 107.9156884,-7.1897216,0 107.9156901,-7.1897226,0 107.9157330,-7.1897382,0 107.9157759,-7.1897447,0 107.9158188,-7.1897444,0 107.9158617,-7.1897390,0 107.9159046,-7.1897285,0 107.9159226,-7.1897216,0 107.9159475,-7.1897085,0 107.9159893,-7.1896790,0 107.9159905,-7.1896778,0 107.9160280,-7.1896364,0 107.9160334,-7.1896272,0 107.9160537,-7.1895938,0 107.9160616,-7.1895513,0 107.9160467,-7.1895087,0 107.9160334,-7.1894918,0 107.9160125,-7.1894661,0 107.9159905,-7.1894474,0 107.9159584,-7.1894235,0 107.9159475,-7.1894170,0 107.9159046,-7.1893977,0 107.9158617,-7.1893883,0 107.9158188,-7.1893879,0 107.9157759,-7.1893908,0 107.9157330,-7.1893931,0 107.9156901,-7.1893906,0 107.9156471,-7.1893821,0 107.9156410,-7.1893810,0 107.9156042,-7.1893732,0 107.9155613,-7.1893782,0</coordinates></LineString></Placemark>
<Placemark><name>686 m</name><styleUrl>#k</styleUrl><LineString><tessellate>1</tessellate><coordinates>107.9177500,-7.1842990,0 107.9177071,-7.1843021,0 107.9176642,-7.1843067,0 107.9176212,-7.1843120,0 107.9176193,-7.1843142,0 107.9176143,-7.1843567,0 107.9176064,-7.1843993,0 107.9175926,-7.1844419,0 107.9175783,-7.1844525,0 107.9175354,-7.1844652,0 107.9174925,-7.1844744,0 107.9174496,-7.1844822,0 107.9174476,-7.1844845,0 107.9174424,-7.1845270,0 107.9174348,-7.1845696,0 107.9174203,-7.1846122,0 107.9174067,-7.1846215,0 107.9173637,-7.1846294,0 107.9173208,-7.1846339,0 107.9172779,-7.1846373,0 107.9172350,-7.1846381,0 107.9171921,-7.1846381,0 107.9171492,-7.1846381,0 107.9171063,-7.1846381,0 107.9170699,-7.1846122,0 107.9170633,-7.1846075,0 107.9170251,-7.1845696,0 107.9170204,-7.1845650,0 107.9169822,-7.1845270,0 107.9169775,-7.1845224,0 107.9169393,-7.1844845,0 107.9169346,-7.1844798,0 107.9168917,-7.1844419,0 107.9168917,-7.1844419,0 107.9168488,-7.1844166,0 107.9168081,-7.1843993,0 107.9168058,-7.1843985,0 107.9167629,-7.1843855,0 107.9167200,-7.1843820,0 107.9166771,-7.1843820,0 107.9166342,-7.1843820,0 107.9165913,-7.1843820,0 107.9165484,-7.1843966,0 107.9165430,-7.1843993,0 107.9165054,-7.1844179,0 107.9164625,-7.1844392,0 107.9164572,-7.1844419,0 107.9164196,-7.1844653,0 107.9163883,-7.1844845,0 107.9163767,-7.1844960,0 107.9163454,-7.1845270,0 107.9163338,-7.1845385,0 107.9163024,-7.1845696,0 107.9162909,-7.1845811,0 107.9162595,-7.1846122,0 107.9162479,-7.1846237,0 107.9162166,-7.1846548,0 107.9162050,-7.1846663,0 107.9161737,-7.1846974,0 107.9161621,-7.1847088,0 107.9161308,-7.1847399,0 107.9161192,-7.1847514,0 107.9160879,-7.1847825,0 107.9160763,-7.1847935,0 107.9160561,-7.1848251,0 107.9160334,-7.1848567,0 107.9160257,-7.1848677,0 107.9159905,-7.1849084,0 107.9159886,-7.1849103,0 107.9159475,-7.1849448,0 107.9159359,-7.1849528,0 107.9159046,-7.1849758,0 107.9158717,-7.1849954,0 107.9158617,-7.1850034,0 107.9158188,-7.1850290,0 107.9157994,-7.1850380,0 107.9157759,-7.1850472,0 107.9157330,-7.1850607,0 107.9156901,-7.1850575,0 107.9156471,-7.1850430,0 107.9156349,-7.1850380,0 107.9156042,-7.1850231,0 107.9155628,-7.1849954,0 107.9155613,-7.1849946,0 107.9155184,-7.1849869,0 107.9154755,-7.1849891,0 107.9154326,-7.1849915,0 107.9153896,-7.1849944,0 107.9153874,-7.1849954,0 107.9153795,-7.1850380,0 107.9153696,-7.1850806,0 107.9153563,-7.1851231,0 107.9153467,-7.1851657,0 107.9153038,-7.1851657,0 107.9152609,-7.1851657,0 107.9152180,-7.1851657,0 107.9152180,-7.1851657,0 107.9152180,-7.1852083,0 107.9152180,-7.1852509,0 107.9152180,-7.1852935,0 107.9151751,-7.1853037,0 107.9151322,-7.1853168,0 107.9150892,-7.1853263,0 107.9150463,-7.1853339,0 107.9150034,-7.1853360,0 107.9149605,-7.1853360,0 107.9149176,-7.1853360,0 107.9148747,-7.1853360,0 107.9148747,-7.1853360,0 107.9148747,-7.1853786,0 107.9148747,-7.1854212,0 107.9148747,-7.1854638,0 107.9148747,-7.1855063,0 107.9148747,-7.1855489,0 107.9148747,-7.1855915,0 107.9148747,-7.1856341,0 107.9148747,-7.1856341,0 107.9149176,-7.1856341,0 107.9149605,-7.1856341,0 107.9150034,-7.1856341,0 107.9150078,-7.1856767,0 107.9150177,-7.1857192,0 107.9150231,-7.1857618,0 107.9150271,-7.1858044,0 107.9150297,-7.1858470,0 107.9150331,-7.1858896,0 107.9150367,-7.1859321,0 107.9150422,-7.1859747,0 107.9150463,-7.1860173,0 107.9150463,-7.1860599,0 107.9150463,-7.1861024,0 107.9150463,-7.1861450,0 107.9150463,-7.1861450,0 107.9150892,-7.1861450,0 107.9151322,-7.1861450,0 107.9151751,-7.1861450,0 107.9152180,-7.1861876,0 107.9152180,-7.1862302,0 107.9152180,-7.1862728,0 107.9152180,-7.1863153,0 107.9152180,-7.1863153,0 107.9152609,-7.1863153,0 107.9153038,-7.1863153,0 107.9153467,-7.1863153,0 107.9153896,-7.1863234,0 107.9154326,-7.1863390,0 107.9154755,-7.1863482,0 107.9155184,-7.1863548,0 107.9155235,-7.1863579,0 107.9155376,-7.1864005,0 107.9155483,-7.1864431,0 107.9155567,-7.1864856,0 107.9155613,-7.1864934,0 107.9156042,-7.1865057,0 107.9156471,-7.1865112,0 107.9156901,-7.1865145,0 107.9157268,-7.1865282,0 107.9157330,-7.1865301,0 107.9157759,-7.1865593,0 107.9157988,-7.1865708,0 107.9158188,-7.1865792,0 107.9158617,-7.1865937,0 107.9159046,-7.1866013,0 107.9159475,-7.1866014,0 107.9159905,-7.1866013,0 107.9160334,-7.1866012,0 107.9160508,-7.1865708,0 107.9160600,-7.1865282,0 107.9160763,-7.1865059,0 107.9160876,-7.1864856,0 107.9161131,-7.1864431,0 107.9161192,-7.1864299,0 107.9161308,-7.1864005,0 107.9161443,-7.1863579,0 107.9161558,-7.1863153,0 107.9161621,-7.1862958,0 107.9161707,-7.1862728,0 107.9161912,-7.1862302,0 107.9162050,-7.1862085,0 107.9162177,-7.1861876,0 107.9162262,-7.1861450,0 107.9162262,-7.1861024,0 107.9162262,-7.1860599,0 107.9162262,-7.1860173,0 107.9162273,-7.1859747,0 107.9162288,-7.1859321,0 107.9162308,-7.1858896,0 107.9162328,-7.1858470,0 107.9162479,-7.1858266,0 107.9162682,-7.1858044,0 107.9162909,-7.1857904,0 107.9163338,-7.1857702,0 107.9163570,-7.1857618,0 107.9163767,-7.1857556,0 107.9164196,-7.1857442,0 107.9164625,-7.1857308,0 107.9164915,-7.1857192,0 107.9165054,-7.1857127,0 107.9165484,-7.1856874,0 107.9165678,-7.1856767,0 107.9165913,-7.1856609,0 107.9166342,-7.1856554,0 107.9166771,-7.1856488,0 107.9167200,-7.1856406,0 107.9167629,-7.1856369,0 107.9168058,-7.1856445,0 107.9168488,-7.1856493,0 107.9168917,-7.1856532,0 107.9169346,-7.1856646,0 107.9169507,-7.1856767,0 107.9169775,-7.1856900,0 107.9170204,-7.1857113,0 107.9170365,-7.1857192,0 107.9170633,-7.1857325,0 107.9171063,-7.1857477,0 107.9171492,-7.1857477,0 107.9171921,-7.1857477,0 107.9172350,-7.1857477,0 107.9172779,-7.1857538,0 107.9172943,-7.1857618,0 107.9173208,-7.1857749,0 107.9173637,-7.1857963,0 107.9173801,-7.1858044,0 107.9174067,-7.1858179,0 107.9174496,-7.1858335,0 107.9174925,-7.1858347,0 107.9175354,-7.1858360,0 107.9175783,-7.1858374,0 107.9176212,-7.1858393,0 107.9176642,-7.1858410,0 107.9177071,-7.1858429,0 107.9177500,-7.1858451,0</coordinates></LineString></Placemark>
<Placemark><name>686 m</name><styleUrl>#k</styleUrl><LineString><tessellate>1</tessellate><coordinates>107.9160763,-7.1868689,0 107.9160763,-7.1868689,0 107.9160763,-7.1869114,0 107.9160763,-7.1869540,0 107.9160763,-7.1869966,0 107.9160753,-7.1870392,0 107.9160702,-7.1870817,0 107.9160668,-7.1871243,0 107.9160634,-7.1871669,0 107.9160721,-7.1872095,0 107.9160763,-7.1872135,0 107.9161152,-7.1872521,0 107.9161192,-7.1872560,0 107.9161581,-7.1872946,0 107.9161621,-7.1872986,0 107.9162010,-7.1873372,0 107.9162050,-7.1873405,0 107.9162479,-7.1873634,0 107.9162909,-7.1873648,0 107.9163338,-7.1873664,0 107.9163767,-7.1873682,0 107.9164103,-7.1873798,0 107.9164196,-7.1873832,0 107.9164591,-7.1874224,0 107.9164625,-7.1874257,0 107.9165020,-7.1874649,0 107.9165054,-7.1874683,0 107.9165450,-7.1875075,0 107.9165484,-7.1875109,0 107.9165913,-7.1875401,0 107.9166342,-7.1875401,0 107.9166771,-7.1875401,0 107.9167200,-7.1875401,0 107.9167629,-7.1875395,0 107.9168058,-7.1875368,0 107.9168488,-7.1875324,0 107.9168917,-7.1875235,0 107.9169037,-7.1875075,0 107.9169099,-7.1874649,0 107.9169128,-7.1874224,0 107.9169145,-7.1873798,0 107.9168940,-7.1873372,0 107.9168917,-7.1873332,0 107.9168693,-7.1872946,0 107.9168516,-7.1872521,0 107.9168488,-7.1872438,0 107.9168386,-7.1872095,0 107.9168269,-7.1871669,0 107.9168119,-7.1871243,0 107.9168058,-7.1871105,0 107.9167910,-7.1870817,0 107.9167629,-7.1870421,0 107.9167602,-7.1870392,0 107.9167200,-7.1870034,0 107.9167109,-7.1869966,0 107.9166771,-7.1869774,0 107.9166342,-7.1869596,0 107.9166175,-7.1869540,0 107.9165913,-7.1869463,0 107.9165484,-7.1869507,0 107.9165376,-7.1869540,0 107.9165054,-7.1869654,0 107.9164625,-7.1869856,0 107.9164444,-7.1869966,0 107.9164196,-7.1870159,0 107.9163767,-7.1870262,0 107.9163338,-7.1870231,0 107.9162909,-7.1870172,0 107.9162479,-7.1870047,0 107.9162050,-7.1869966,0 107.9162050,-7.1869540,0 107.9162050,-7.1869114,0 107.9162050,-7.1868689,0 107.9162050,-7.1868689,0 107.9161621,-7.1868689,0 107.9161192,-7.1868689,0 107.9160763,-7.1868689,0</coordinates></LineString></Placemark>
<Placemark><name>686 m</name><styleUrl>#k</styleUrl><LineString><tessellate>1</tessellate><coordinates>107.9144026,-7.1885287,0 107.9143919,-7.1885294,0 107.9143597,-7.1885334,0 107.9143168,-7.1885657,0 107.9143134,-7.1885720,0 107.9143125,-7.1886146,0 107.9143168,-7.1886378,0 107.9143233,-7.1886571,0 107.9143415,-7.1886997,0 107.9143565,-7.1887423,0 107.9143597,-7.1887545,0 107.9143954,-7.1887849,0 107.9144026,-7.1887934,0 107.9144369,-7.1888274,0 107.9144455,-7.1888335,0 107.9144884,-7.1888700,0 107.9144884,-7.1888700,0 107.9145313,-7.1888820,0 107.9145743,-7.1888927,0 107.9146172,-7.1888969,0 107.9146601,-7.1888913,0 107.9146892,-7.1888700,0 107.9147018,-7.1888274,0 107.9146965,-7.1887849,0 107.9146844,-7.1887423,0 107.9146800,-7.1886997,0 107.9146912,-7.1886571,0 107.9147030,-7.1886146,0 107.9147030,-7.1886146,0 107.9147030,-7.1886146,0 107.9147002,-7.1885720,0 107.9146693,-7.1885294,0 107.9146601,-7.1885244,0 107.9146172,-7.1885196,0 107.9145743,-7.1885251,0 107.9145528,-7.1885294,0 107.9145313,-7.1885391,0 107.9144884,-7.1885436,0 107.9144455,-7.1885340,0 107.9144133,-7.1885294,0 107.9144026,-7.1885287,0</coordinates></LineString></Placemark>
<Placemark><name>686 m</name><styleUrl>#k</styleUrl><LineString><tessellate>1</tessellate><coordinates>107.9162479,-7.1885185,0 107.9162414,-7.1885294,0 107.9162244,-7.1885720,0 107.9162153,-7.1886146,0 107.9162161,-7.1886571,0 107.9162309,-7.1886997,0 107.9162479,-7.1887218,0 107.9162795,-7.1887423,0 107.9162909,-7.1887494,0 107.9163338,-7.1887687,0 107.9163574,-7.1887849,0 107.9163767,-7.1888232,0 107.9163781,-7.1888274,0 107.9164006,-7.1888700,0 107.9164196,-7.1888893,0 107.9164536,-7.1889126,0 107.9164625,-7.1889164,0 107.9165054,-7.1889225,0 107.9165484,-7.1889126,0 107.9165484,-7.1889126,0 107.9165815,-7.1888700,0 107.9165913,-7.1888457,0 107.9165999,-7.1888274,0 107.9166342,-7.1887896,0 107.9166418,-7.1887849,0 107.9166771,-7.1887700,0 107.9167200,-7.1887454,0 107.9167227,-7.1887423,0 107.9167513,-7.1886997,0 107.9167629,-7.1886745,0 107.9167677,-7.1886571,0 107.9167732,-7.1886146,0 107.9167695,-7.1885720,0 107.9167629,-7.1885578,0 107.9167311,-7.1885294,0 107.9167200,-7.1885239,0 107.9166771,-7.1885181,0 107.9166342,-7.1885217,0 107.9166020,-7.1885294,0 107.9165913,-7.1885350,0 107.9165484,-7.1885625,0 107.9165269,-7.1885720,0 107.9165398,-7.1886146,0 107.9165484,-7.1886231,0 107.9165621,-7.1886571,0 107.9165737,-7.1886997,0 107.9165662,-7.1887423,0 107.9165484,-7.1887541,0 107.9165054,-7.1887554,0 107.9164625,-7.1887517,0 107.9164303,-7.1887423,0 107.9164196,-7.1887328,0 107.9164071,-7.1886997,0 107.9164181,-7.1886571,0 107.9164196,-7.1886529,0 107.9164454,-7.1886146,0 107.9164547,-7.1885720,0 107.9164196,-7.1885546,0 107.9163902,-7.1885294,0 107.9163767,-7.1885243,0 107.9163338,-7.1885063,0 107.9162909,-7.1884982,0 107.9162479,-7.1885185,0</coordinates></LineString></Placemark>
<Placemark><name>686 m</name><styleUrl>#k</styleUrl><LineString><tessellate>1</tessellate><coordinates>107.9141880,-7.1888685,0 107.9141854,-7.1888700,0 107.9141451,-7.1889126,0 107.9141451,-7.1889126,0 107.9141399,-7.1889552,0 107.9141451,-7.1889795,0 107.9141519,-7.1889978,0 107.9141666,-7.1890403,0 107.9141451,-7.1890674,0 107.9141022,-7.1890776,0 107.9140593,-7.1890728,0 107.9140164,-7.1890601,0 107.9139734,-7.1890474,0 107.9139367,-7.1890403,0 107.9139305,-7.1890398,0 107.9138876,-7.1890395,0 107.9138805,-7.1890403,0 107.9138447,-7.1890470,0 107.9138018,-7.1890668,0 107.9137819,-7.1890829,0 107.9137646,-7.1891255,0 107.9137750,-7.1891681,0 107.9138018,-7.1892026,0 107.9138129,-7.1892106,0 107.9138447,-7.1892325,0 107.9138876,-7.1892450,0 107.9139305,-7.1892385,0 107.9139734,-7.1892243,0 107.9140164,-7.1892217,0 107.9140593,-7.1892307,0 107.9141022,-7.1892339,0 107.9141451,-7.1892269,0 107.9141861,-7.1892106,0 107.9141880,-7.1892090,0 107.9142277,-7.1891681,0 107.9142309,-7.1891633,0 107.9142636,-7.1891255,0 107.9142738,-7.1891162,0 107.9143125,-7.1890829,0 107.9143168,-7.1890794,0 107.9143437,-7.1890403,0 107.9143597,-7.1890078,0 107.9143635,-7.1889978,0 107.9143689,-7.1889552,0 107.9143627,-7.1889126,0 107.9143597,-7.1889055,0 107.9143329,-7.1888700,0 107.9143168,-7.1888609,0 107.9142738,-7.1888533,0 107.9142309,-7.1888562,0 107.9141880,-7.1888685,0</coordinates></LineString></Placemark>
<Placemark><name>686 m</name><styleUrl>#k</styleUrl><LineString><tessellate>1</tessellate><coordinates>107.9154755,-7.1891410,0 107.9154344,-7.1891681,0 107.9154326,-7.1891697,0 107.9153896,-7.1892094,0 107.9153874,-7.1892106,0 107.9153467,-7.1892325,0 107.9153038,-7.1892322,0 107.9152609,-7.1892234,0 107.9152180,-7.1892193,0 107.9151751,-7.1892306,0 107.9151442,-7.1892532,0 107.9151322,-7.1892654,0 107.9151150,-7.1892958,0 107.9151060,-7.1893384,0 107.9151066,-7.1893810,0 107.9151141,-7.1894235,0 107.9151279,-7.1894661,0 107.9151322,-7.1894747,0 107.9151508,-7.1895087,0 107.9151751,-7.1895390,0 107.9151878,-7.1895513,0 107.9152180,-7.1895731,0 107.9152533,-7.1895938,0 107.9152609,-7.1895978,0 107.9153038,-7.1896198,0 107.9153305,-7.1896364,0 107.9153467,-7.1896464,0 107.9153896,-7.1896783,0 107.9153904,-7.1896790,0 107.9154326,-7.1897149,0 107.9154395,-7.1897216,0 107.9154755,-7.1897588,0 107.9154802,-7.1897642,0 107.9155162,-7.1898067,0 107.9155184,-7.1898092,0 107.9155560,-7.1898493,0 107.9155613,-7.1898540,0 107.9156042,-7.1898833,0 107.9156235,-7.1898919,0 107.9156471,-7.1898997,0 107.9156901,-7.1899050,0 107.9157330,-7.1899010,0 107.9157686,-7.1898919,0 107.9157759,-7.1898898,0 107.9158188,-7.1898748,0 107.9158617,-7.1898623,0 107.9159046,-7.1898532,0 107.9159323,-7.1898493,0 107.9159475,-7.1898469,0 107.9159905,-7.1898418,0 107.9160334,-7.1898370,0 107.9160763,-7.1898311,0 107.9161192,-7.1898215,0 107.9161563,-7.1898067,0 107.9161621,-7.1898029,0 107.9162034,-7.1897642,0 107.9162050,-7.1897626,0 107.9162479,-7.1897232,0 107.9162497,-7.1897216,0 107.9162909,-7.1896951,0 107.9163123,-7.1896790,0 107.9163338,-7.1896631,0 107.9163593,-7.1896364,0 107.9163767,-7.1896144,0 107.9163887,-7.1895938,0 107.9164096,-7.1895513,0 107.9164196,-7.1895245,0 107.9164252,-7.1895087,0 107.9164349,-7.1894661,0 107.9164311,-7.1894235,0 107.9164196,-7.1894067,0 107.9163767,-7.1893861,0 107.9163338,-7.1893892,0 107.9162909,-7.1893953,0 107.9162479,-7.1893948,0 107.9162050,-7.1893835,0 107.9161999,-7.1893810,0 107.9161621,-7.1893633,0 107.9161192,-7.1893402,0 107.9161162,-7.1893384,0 107.9160763,-7.1893166,0 107.9160397,-7.1892958,0 107.9160334,-7.1892924,0 107.9159905,-7.1892670,0 107.9159657,-7.1892532,0 107.9159475,-7.1892430,0 107.9159046,-7.1892254,0 107.9158617,-7.1892193,0 107.9158188,-7.1892225,0 107.9157759,-7.1892266,0 107.9157330,-7.1892253,0 107.9156901,-7.1892106,0 107.9156901,-7.1892106,0 107.9156471,-7.1891843,0 107.9156231,-7.1891681,0 107.9156042,-7.1891555,0 107.9155613,-7.1891343,0 107.9155184,-7.1891287,0 107.9154755,-7.1891410,0</coordinates></LineString></Placemark>
<Placemark><name>686 m</name><styleUrl>#k</styleUrl><LineString><tessellate>1</tessellate><coordinates>107.9109264,-7.1898872,0 107.9109179,-7.1898919,0 107.9108835,-7.1899345,0 107.9108835,-7.1899345,0 107.9108801,-7.1899770,0 107.9108835,-7.1899983,0 107.9108871,-7.1900196,0 107.9108967,-7.1900622,0 107.9109037,-7.1901048,0 107.9109072,-7.1901474,0 107.9109065,-7.1901899,0 107.9109019,-7.1902325,0 107.9108931,-7.1902751,0 107.9108852,-7.1903177,0 107.9108841,-7.1903602,0 107.9108927,-7.1904028,0 107.9109163,-7.1904454,0 107.9109264,-7.1904576,0 107.9109506,-7.1904880,0 107.9109694,-7.1905080,0 107.9109939,-7.1905306,0 107.9110123,-7.1905475,0 107.9110486,-7.1905731,0 107.9110552,-7.1905781,0 107.9110981,-7.1905992,0 107.9111410,-7.1906106,0 107.9111839,-7.1906113,0 107.9112269,-7.1905948,0 107.9112529,-7.1905731,0 107.9112639,-7.1905306,0 107.9112537,-7.1904880,0 107.9112436,-7.1904454,0 107.9112568,-7.1904028,0 107.9112698,-7.1903918,0 107.9113127,-7.1903815,0 107.9113556,-7.1903891,0 107.9113834,-7.1904028,0 107.9113985,-7.1904095,0 107.9114414,-7.1904184,0 107.9114843,-7.1904180,0 107.9115273,-7.1904140,0 107.9115702,-7.1904119,0 107.9116131,-7.1904226,0 107.9116533,-7.1904454,0 107.9116560,-7.1904462,0 107.9116989,-7.1904531,0 107.9117418,-7.1904462,0 107.9117430,-7.1904454,0 107.9117528,-7.1904028,0 107.9117418,-7.1903908,0 107.9116989,-7.1903602,0 107.9116989,-7.1903602,0 107.9116560,-7.1903390,0 107.9116360,-7.1903177,0 107.9116131,-7.1902818,0 107.9116083,-7.1902751,0 107.9115702,-7.1902372,0 107.9115273,-7.1902413,0 107.9114843,-7.1902548,0 107.9114414,-7.1902583,0 107.9114030,-7.1902325,0 107.9113985,-7.1902300,0 107.9113761,-7.1901899,0 107.9113560,-7.1901474,0 107.9113556,-7.1901466,0 107.9113398,-7.1901048,0 107.9113207,-7.1900622,0 107.9113127,-7.1900488,0 107.9112919,-7.1900196,0 107.9112698,-7.1899982,0 107.9112377,-7.1899770,0 107.9112269,-7.1899710,0 107.9111839,-7.1899518,0 107.9111425,-7.1899345,0 107.9111410,-7.1899338,0 107.9110981,-7.1899161,0 107.9110552,-7.1898989,0 107.9110322,-7.1898919,0 107.9110123,-7.1898860,0 107.9109694,-7.1898804,0 107.9109264,-7.1898872,0</coordinates></LineString></Placemark>
<Placemark><name>688 m</name><styleUrl>#k</styleUrl><LineString><tessellate>1</tessellate><coordinates>107.9177500,-7.1839820,0 107.9177071,-7.1840072,0 107.9176872,-7.1840161,0 107.9176642,-7.1840248,0 107.9176212,-7.1840377,0 107.9175783,-7.1840491,0 107.9175497,-7.1840587,0 107.9175354,-7.1840642,0 107.9174925,-7.1840850,0 107.9174671,-7.1841013,0 107.9174496,-7.1841155,0 107.9174201,-7.1841438,0 107.9174067,-7.1841571,0 107.9173772,-7.1841864,0 107.9173637,-7.1841997,0 107.9173342,-7.1842290,0 107.9173208,-7.1842423,0 107.9172913,-7.1842716,0 107.9172779,-7.1842849,0 107.9172350,-7.1842969,0 107.9171921,-7.1842969,0 107.9171492,-7.1842969,0 107.9171063,-7.1842969,0 107.9170708,-7.1842716,0 107.9170633,-7.1842663,0 107.9170258,-7.1842290,0 107.9170204,-7.1842237,0 107.9169829,-7.1841864,0 107.9169775,-7.1841811,0 107.9169400,-7.1841438,0 107.9169346,-7.1841404,0 107.9169182,-7.1841438,0 107.9168917,-7.1841512,0 107.9168488,-7.1841770,0 107.9168278,-7.1841864,0 107.9168058,-7.1841948,0 107.9167629,-7.1842079,0 107.9167200,-7.1842114,0 107.9166771,-7.1842114,0 107.9166342,-7.1842114,0 107.9165913,-7.1842114,0 107.9165484,-7.1842260,0 107.9165422,-7.1842290,0 107.9165054,-7.1842471,0 107.9164625,-7.1842686,0 107.9164564,-7.1842716,0 107.9164196,-7.1842897,0 107.9163767,-7.1842984,0 107.9163338,-7.1843007,0 107.9162909,-7.1843031,0 107.9162479,-7.1843055,0 107.9162179,-7.1843142,0 107.9162050,-7.1843210,0 107.9161621,-7.1843468,0 107.9161401,-7.1843567,0 107.9161192,-7.1843648,0 107.9160763,-7.1843782,0 107.9160418,-7.1843993,0 107.9160334,-7.1844048,0 107.9159963,-7.1844419,0 107.9159905,-7.1844515,0 107.9159710,-7.1844845,0 107.9159573,-7.1845270,0 107.9159475,-7.1845514,0 107.9159389,-7.1845696,0 107.9159122,-7.1846122,0 107.9159046,-7.1846268,0 107.9158873,-7.1846548,0 107.9158820,-7.1846974,0 107.9158755,-7.1847399,0 107.9158671,-7.1847825,0 107.9158617,-7.1847875,0 107.9158188,-7.1847949,0 107.9157759,-7.1848013,0 107.9157330,-7.1848068,0 107.9156901,-7.1848073,0 107.9156471,-7.1848053,0 107.9156042,-7.1848035,0 107.9155613,-7.1848018,0 107.9155184,-7.1848031,0 107.9154755,-7.1848050,0 107.9154326,-7.1848068,0 107.9153896,-7.1848083,0 107.9153467,-7.1848089,0 107.9153038,-7.1848088,0 107.9152609,-7.1848088,0 107.9152180,-7.1848087,0 107.9151751,-7.1848089,0 107.9151322,-7.1848089,0 107.9150892,-7.1848089,0 107.9150463,-7.1848089,0 107.9150034,-7.1848075,0 107.9149605,-7.1848038,0 107.9149176,-7.1847982,0 107.9148747,-7.1847886,0 107.9148317,-7.1847825,0 107.9148317,-7.1847399,0 107.9148317,-7.1846974,0 107.9148317,-7.1846548,0 107.9148317,-7.1846548,0 107.9147888,-7.1846548,0 107.9147459,-7.1846548,0 107.9147030,-7.1846548,0 107.9147030,-7.1846548,0 107.9147030,-7.1846974,0 107.9147030,-7.1847399,0 107.9147030,-7.1847825,0 107.9146998,-7.1848251,0 107.9146946,-7.1848677,0 107.9146900,-7.1849103,0 107.9146865,-7.1849528,0 107.9146859,-7.1849954,0 107.9146872,-7.1850380,0 107.9146881,-7.1850806,0 107.9146888,-7.1851231,0 107.9146890,-7.1851657,0 107.9146890,-7.1852083,0 107.9146890,-7.1852509,0 107.9146890,-7.1852935,0 107.9146890,-7.1853360,0 107.9146890,-7.1853786,0 107.9146890,-7.1854212,0 107.9146890,-7.1854638,0 107.9146892,-7.1855063,0 107.9146900,-7.1855489,0 107.9146906,-7.1855915,0 107.9146912,-7.1856341,0 107.9147002,-7.1856767,0 107.9147030,-7.1856812,0 107.9147341,-7.1857192,0 107.9147459,-7.1857359,0 107.9147626,-7.1857618,0 107.9147860,-7.1858044,0 107.9147888,-7.1858129,0 107.9147996,-7.1858470,0 107.9147996,-7.1858896,0 107.9147996,-7.1859321,0 107.9147996,-7.1859747,0 107.9147996,-7.1860173,0 107.9147996,-7.1860599,0 107.9147996,-7.1861024,0 107.9147996,-7.1861450,0 107.9148040,-7.1861876,0 107.9148183,-7.1862302,0 107.9148317,-7.1862701,0 107.9148330,-7.1862728,0 107.9148527,-7.1863153,0 107.9148725,-7.1863579,0 107.9148747,-7.1863626,0 107.9149129,-7.1864005,0 107.9149176,-7.1864051,0 107.9149558,-7.1864431,0 107.9149605,-7.1864477,0 107.9149987,-7.1864856,0 107.9150034,-7.1864903,0 107.9150416,-7.1865282,0 107.9150463,-7.1865329,0 107.9150845,-7.1865708,0 107.9150892,-7.1865755,0 107.9151275,-7.1866134,0 107.9151322,-7.1866180,0 107.9151704,-7.1866560,0 107.9151751,-7.1866606,0 107.9152180,-7.1866876,0 107.9152609,-7.1866897,0 107.9153038,-7.1866929,0 107.9153467,-7.1866959,0 107.9153515,-7.1866985,0 107.9153618,-7.1867411,0 107.9153673,-7.1867837,0 107.9153713,-7.1868263,0 107.9153740,-7.1868689,0 107.9153761,-7.1869114,0 107.9153777,-7.1869540,0 107.9153789,-7.1869966,0 107.9153793,-7.1870392,0 107.9153782,-7.1870817,0 107.9153769,-7.1871243,0 107.9153751,-7.1871669,0 107.9153733,-7.1872095,0 107.9153733,-7.1872521,0 107.9153733,-7.1872946,0 107.9153733,-7.1873372,0 107.9153733,-7.1873798,0 107.9153733,-7.1874224,0 107.9153733,-7.1874649,0 107.9153733,-7.1875075,0 107.9153896,-7.1875440,0 107.9153922,-7.1875501,0 107.9154326,-7.1875758,0 107.9154540,-7.1875927,0 107.9154755,-7.1876125,0 107.9154963,-7.1876353,0 107.9155184,-7.1876646,0 107.9155319,-7.1876778,0 107.9155613,-7.1877055,0 107.9156042,-7.1877066,0 107.9156471,-7.1877082,0 107.9156901,-7.1877101,0 107.9157330,-7.1876957,0 107.9157507,-7.1876778,0 107.9157759,-7.1876528,0 107.9157936,-7.1876353,0 107.9158188,-7.1876103,0 107.9158365,-7.1875927,0 107.9158617,-7.1875677,0 107.9158889,-7.1875501,0 107.9159046,-7.1875401,0 107.9159475,-7.1875401,0 107.9159905,-7.1875401,0 107.9160334,-7.1875401,0 107.9160763,-7.1875407,0 107.9161192,-7.1875421,0 107.9161621,-7.1875432,0 107.9162050,-7.1875440,0 107.9162343,-7.1875501,0 107.9162479,-7.1875548,0 107.9162862,-7.1875927,0 107.9162909,-7.1875973,0 107.9163291,-7.1876353,0 107.9163338,-7.1876399,0 107.9163720,-7.1876778,0 107.9163767,-7.1876838,0 107.9164060,-7.1877204,0 107.9164091,-7.1877630,0 107.9164122,-7.1878056,0 107.9164160,-7.1878481,0 107.9164196,-7.1878588,0 107.9164625,-7.1878760,0 107.9165054,-7.1878834,0 107.9165484,-7.1878888,0 107.9165524,-7.1878907,0 107.9165690,-7.1879333,0 107.9165796,-7.1879759,0 107.9165869,-7.1880185,0 107.9165913,-7.1880610,0 107.9165913,-7.1881036,0 107.9165913,-7.1881036,0 107.9166342,-7.1881036,0 107.9166771,-7.1881036,0 107.9167200,-7.1881036,0 107.9167629,-7.1881239,0 107.9167764,-7.1881462,0 107.9167629,-7.1881785,0 107.9167550,-7.1881888,0 107.9167200,-7.1882163,0 107.9166771,-7.1882275,0 107.9166342,-7.1882235,0 107.9165913,-7.1882034,0 107.9165655,-7.1881888,0 107.9165484,-7.1881726,0 107.9165054,-7.1881694,0 107.9164625,-7.1881770,0 107.9164271,-7.1881888,0 107.9164196,-7.1881911,0 107.9163767,-7.1882160,0 107.9163559,-7.1882314,0 107.9163338,-7.1882457,0 107.9162909,-7.1882694,0 107.9162806,-7.1882739,0 107.9162479,-7.1882853,0 107.9162050,-7.1882971,0 107.9161621,-7.1883085,0 107.9161372,-7.1883165,0 107.9161192,-7.1883242,0 107.9160763,-7.1883512,0 107.9160674,-7.1883591,0 107.9160509,-7.1884017,0 107.9160514,-7.1884442,0 107.9160562,-7.1884868,0 107.9160606,-7.1885294,0 107.9160630,-7.1885720,0 107.9160634,-7.1886146,0 107.9160628,-7.1886571,0 107.9160617,-7.1886997,0 107.9160606,-7.1887423,0 107.9160599,-7.1887849,0 107.9160596,-7.1888274,0 107.9160612,-7.1888700,0 107.9160659,-7.1889126,0 107.9160714,-7.1889552,0 107.9160735,-7.1889978,0 107.9160632,-7.1890403,0 107.9160334,-7.1890676,0 107.9159905,-7.1890649,0 107.9159475,-7.1890558,0 107.9159046,-7.1890505,0 107.9158617,-7.1890515,0 107.9158188,-7.1890564,0 107.9157759,-7.1890599,0 107.9157330,-7.1890548,0 107.9156976,-7.1890403,0 107.9156901,-7.1890367,0 107.9156471,-7.1890111,0 107.9156188,-7.1889978,0 107.9156042,-7.1889915,0 107.9155613,-7.1889763,0 107.9155184,-7.1889634,0 107.9154945,-7.1889552,0 107.9154755,-7.1889471,0 107.9154326,-7.1889230,0 107.9154167,-7.1889126,0 107.9153896,-7.1888916,0 107.9153499,-7.1888700,0 107.9153467,-7.1888683,0 107.9153038,-7.1888626,0 107.9152609,-7.1888674,0 107.9152475,-7.1888700,0 107.9152180,-7.1888763,0 107.9151751,-7.1888882,0 107.9151322,-7.1889080,0 107.9151240,-7.1889126,0 107.9150958,-7.1889552,0 107.9150892,-7.1889727,0 107.9150773,-7.1889978,0 107.9150498,-7.1890403,0 107.9150463,-7.1890436,0 107.9150249,-7.1890403,0 107.9150034,-7.1890248,0 107.9149991,-7.1889978,0 107.9150021,-7.1889552,0 107.9150034,-7.1889491,0 107.9150206,-7.1889126,0 107.9150347,-7.1888700,0 107.9150370,-7.1888274,0 107.9150350,-7.1887849,0 107.9150309,-7.1887423,0 107.9150275,-7.1886997,0 107.9150249,-7.1886571,0 107.9150234,-7.1886146,0 107.9150249,-7.1885720,0 107.9150296,-7.1885294,0 107.9150373,-7.1884868,0 107.9150415,-7.1884442,0 107.9150387,-7.1884017,0 107.9150249,-7.1883591,0 107.9150034,-7.1883285,0 107.9149950,-7.1883165,0 107.9149605,-7.1882790,0 107.9149559,-7.1882739,0 107.9149176,-7.1882367,0 107.9149110,-7.1882314,0 107.9148747,-7.1882071,0 107.9148317,-7.1881896,0 107.9148267,-7.1881888,0 107.9147888,-7.1881830,0 107.9147459,-7.1881830,0 107.9147137,-7.1881888,0 107.9147030,-7.1881914,0 107.9146601,-7.1882061,0 107.9146172,-7.1882169,0 107.9145743,-7.1882182,0 107.9145313,-7.1882077,0 107.9145052,-7.1881888,0 107.9144884,-7.1881734,0 107.9144741,-7.1881462,0 107.9144455,-7.1881089,0 107.9144420,-7.1881036,0 107.9144290,-7.1880610,0 107.9144026,-7.1880238,0 107.9143985,-7.1880185,0 107.9143597,-7.1879819,0 107.9143475,-7.1879759,0 107.9143168,-7.1879605,0 107.9142738,-7.1879465,0 107.9142433,-7.1879333,0 107.9142309,-7.1879269,0 107.9141880,-7.1878985,0 107.9141451,-7.1879054,0 107.9141169,-7.1879333,0 107.9141022,-7.1879479,0 107.9140740,-7.1879759,0 107.9140593,-7.1879905,0 107.9140311,-7.1880185,0 107.9140164,-7.1880368,0 107.9140037,-7.1880610,0 107.9140037,-7.1881036,0 107.9139945,-7.1881462,0 107.9139978,-7.1881888,0 107.9139955,-7.1882314,0 107.9139901,-7.1882739,0 107.9139874,-7.1883165,0 107.9139945,-7.1883591,0 107.9140156,-7.1884017,0 107.9140164,-7.1884028,0 107.9140455,-7.1884442,0 107.9140593,-7.1884686,0 107.9140686,-7.1884868,0 107.9140817,-7.1885294,0 107.9140852,-7.1885720,0 107.9140786,-7.1886146,0 107.9140593,-7.1886532,0 107.9140566,-7.1886571,0 107.9140164,-7.1886942,0 107.9140094,-7.1886997,0 107.9139734,-7.1887316,0 107.9139627,-7.1887423,0 107.9139321,-7.1887849,0 107.9139305,-7.1887873,0 107.9139032,-7.1888274,0 107.9138876,-7.1888438,0 107.9138512,-7.1888700,0 107.9138447,-7.1888730,0 107.9138018,-7.1888837,0 107.9137589,-7.1888871,0 107.9137159,-7.1888861,0 107.9136730,-7.1888823,0 107.9136301,-7.1888780,0 107.9135872,-7.1888745,0 107.9135443,-7.1888723,0 107.9135228,-7.1888700,0 107.9135038,-7.1888274,0 107.9135014,-7.1887849,0 107.9135014,-7.1887849,0 107.9134891,-7.1887423,0 107.9134717,-7.1886997,0 107.9134585,-7.1886756,0 107.9134450,-7.1886571,0 107.9134155,-7.1886211,0 107.9134108,-7.1886146,0 107.9133726,-7.1885787,0 107.9133660,-7.1885720,0 107.9133297,-7.1885525,0 107.9132868,-7.1885347,0 107.9132492,-7.1885294,0 107.9132439,-7.1885289,0 107.9132331,-7.1885294,0 107.9132010,-7.1885328,0 107.9131580,-7.1885410,0 107.9131151,-7.1885400,0 107.9130722,-7.1885294,0 107.9130722,-7.1885294,0 107.9130293,-7.1885247,0 107.9129864,-7.1885287,0 107.9129849,-7.1885294,0 107.9129435,-7.1885665,0 107.9129406,-7.1885720,0 107.9129371,-7.1886146,0 107.9129435,-7.1886529,0 107.9129447,-7.1886571,0 107.9129636,-7.1886997,0 107.9129805,-7.1887423,0 107.9129864,-7.1887666,0 107.9129993,-7.1887849,0 107.9129912,-7.1888274,0 107.9129864,-7.1888317,0 107.9129731,-7.1888700,0 107.9129567,-7.1889126,0 107.9129491,-7.1889552,0 107.9129517,-7.1889978,0 107.9129641,-7.1890403,0 107.9129864,-7.1890791,0 107.9129917,-7.1890829,0 107.9130293,-7.1891054,0 107.9130722,-7.1891196,0 107.9131151,-7.1891255,0 107.9131151,-7.1891255,0 107.9131151,-7.1891255,0 107.9131397,-7.1890829,0 107.9131417,-7.1890403,0 107.9131437,-7.1889978,0 107.9131473,-7.1889552,0 107.9131463,-7.1889126,0 107.9131366,-7.1888700,0 107.9131151,-7.1888360,0 107.9131098,-7.1888274,0 107.9130990,-7.1887849,0 107.9131151,-7.1887423,0 107.9131151,-7.1887423,0 107.9131502,-7.1886997,0 107.9131580,-7.1886947,0 107.9132010,-7.1886873,0 107.9132439,-7.1886909,0 107.9132868,-7.1886997,0 107.9132868,-7.1886997,0 107.9133297,-7.1887298,0 107.9133423,-7.1887423,0 107.9133604,-7.1887849,0 107.9133679,-7.1888274,0 107.9133726,-7.1888700,0 107.9133297,-7.1888761,0 107.9132868,-7.1888860,0 107.9132439,-7.1889126,0 107.9132439,-7.1889126,0 107.9132377,-7.1889552,0 107.9132439,-7.1889765,0 107.9132486,-7.1889978,0 107.9132745,-7.1890403,0 107.9132868,-7.1890481,0 107.9133297,-7.1890430,0 107.9133351,-7.1890403,0 107.9133726,-7.1890072,0 107.9133849,-7.1889978,0 107.9134012,-7.1889552,0 107.9133941,-7.1889126,0 107.9134155,-7.1888842,0 107.9134585,-7.1888842,0 107.9134728,-7.1889126,0 107.9134651,-7.1889552,0 107.9134652,-7.1889978,0 107.9134717,-7.1890403,0 107.9134875,-7.1890829,0 107.9134992,-7.1891255,0 107.9135014,-7.1891539,0 107.9135020,-7.1891681,0 107.9135014,-7.1891716,0 107.9134879,-7.1892106,0 107.9134585,-7.1892299,0 107.9134155,-7.1892362,0 107.9133726,-7.1892337,0 107.9133297,-7.1892254,0 107.9132868,-7.1892106,0 107.9132868,-7.1892106,0 107.9132439,-7.1891731,0 107.9132343,-7.1891681,0 107.9132010,-7.1891410,0 107.9131580,-7.1891316,0 107.9131409,-7.1891681,0 107.9131400,-7.1892106,0 107.9131399,-7.1892532,0 107.9131397,-7.1892958,0 107.9131386,-7.1893384,0 107.9131369,-7.1893810,0 107.9131341,-7.1894235,0 107.9131313,-7.1894661,0 107.9131307,-7.1895087,0 107.9131338,-7.1895513,0 107.9131428,-7.1895938,0 107.9131504,-7.1896364,0 107.9131519,-7.1896790,0 107.9131418,-7.1897216,0 107.9131151,-7.1897590,0 107.9131104,-7.1897642,0 107.9130722,-7.1897895,0 107.9130431,-7.1898067,0 107.9130293,-7.1898149,0 107.9129864,-7.1898493,0 107.9129864,-7.1898493,0 107.9129676,-7.1898919,0 107.9129702,-7.1899345,0 107.9129864,-7.1899637,0 107.9129966,-7.1899770,0 107.9130293,-7.1900049,0 107.9130490,-7.1900196,0 107.9130722,-7.1900355,0 107.9131133,-7.1900622,0 107.9131151,-7.1900634,0 107.9131580,-7.1900845,0 107.9132010,-7.1900966,0 107.9132439,-7.1900980,0 107.9132868,-7.1900869,0 107.9133229,-7.1900622,0 107.9133297,-7.1900563,0 107.9133553,-7.1900196,0 107.9133726,-7.1899880,0 107.9133774,-7.1899770,0 107.9133933,-7.1899345,0 107.9134074,-7.1898919,0 107.9134155,-7.1898661,0 107.9134211,-7.1898493,0 107.9134368,-7.1898067,0 107.9134576,-7.1897642,0 107.9134585,-7.1897627,0 107.9134945,-7.1897216,0 107.9135014,-7.1897154,0 107.9135443,-7.1896872,0 107.9135577,-7.1896790,0 107.9135872,-7.1896583,0 107.9136124,-7.1896364,0 107.9136301,-7.1896129,0 107.9136423,-7.1895938,0 107.9136551,-7.1895513,0 107.9136551,-7.1895087,0 107.9136459,-7.1894661,0 107.9136373,-7.1894235,0 107.9136730,-7.1894053,0 107.9136920,-7.1894235,0 107.9137159,-7.1894433,0 107.9137509,-7.1894661,0 107.9137589,-7.1894690,0 107.9138018,-7.1894794,0 107.9138447,-7.1894813,0 107.9138876,-7.1894785,0 107.9139305,-7.1894725,0 107.9139624,-7.1894661,0 107.9139734,-7.1894637,0 107.9140164,-7.1894514,0 107.9140593,-7.1894371,0 107.9140950,-7.1894235,0 107.9141022,-7.1894205,0 107.9141451,-7.1894021,0 107.9141880,-7.1893840,0 107.9141953,-7.1893810,0 107.9142309,-7.1893650,0 107.9142738,-7.1893463,0 107.9142943,-7.1893384,0 107.9143168,-7.1893280,0 107.9143597,-7.1893101,0 107.9143971,-7.1892958,0 107.9144026,-7.1892929,0 107.9144455,-7.1892696,0 107.9144723,-7.1892532,0 107.9144884,-7.1892399,0 107.9145313,-7.1892127,0 107.9145436,-7.1892106,0 107.9145743,-7.1892061,0 107.9146049,-7.1892106,0 107.9146172,-7.1892125,0 107.9146601,-7.1892203,0 107.9147030,-7.1892213,0 107.9147459,-7.1892162,0 107.9147888,-7.1892106,0 107.9148317,-7.1892129,0 107.9148747,-7.1892532,0 107.9148728,-7.1892958,0 107.9148625,-7.1893384,0 107.9148579,-7.1893810,0 107.9148654,-7.1894235,0 107.9148747,-7.1894406,0 107.9148956,-7.1894661,0 107.9149176,-7.1894815,0 107.9149605,-7.1895087,0 107.9149605,-7.1895087,0 107.9150034,-7.1895383,0 107.9150147,-7.1895513,0 107.9150463,-7.1895798,0 107.9150590,-7.1895938,0 107.9150892,-7.1896189,0 107.9151126,-7.1896364,0 107.9151322,-7.1896477,0 107.9151751,-7.1896690,0 107.9151958,-7.1896790,0 107.9152180,-7.1896890,0 107.9152609,-7.1897115,0 107.9152771,-7.1897216,0 107.9153038,-7.1897387,0 107.9153381,-7.1897642,0 107.9153467,-7.1897706,0 107.9153884,-7.1898067,0 107.9153896,-7.1898078,0 107.9154308,-7.1898493,0 107.9154326,-7.1898511,0 107.9154706,-7.1898919,0 107.9154755,-7.1898966,0 107.9155184,-7.1899341,0 107.9155189,-7.1899345,0 107.9155613,-7.1899599,0 107.9155994,-7.1899770,0 107.9156042,-7.1899790,0 107.9156471,-7.1899910,0 107.9156901,-7.1899966,0 107.9157330,-7.1899941,0 107.9157759,-7.1899838,0 107.9157968,-7.1899770,0 107.9158188,-7.1899695,0 107.9158617,-7.1899558,0 107.9159046,-7.1899469,0 107.9159475,-7.1899445,0 107.9159905,-7.1899469,0 107.9160334,-7.1899520,0 107.9160763,-7.1899578,0 107.9161192,-7.1899625,0 107.9161621,-7.1899647,0 107.9162050,-7.1899641,0 107.9162479,-7.1899594,0 107.9162909,-7.1899502,0 107.9163338,-7.1899374,0 107.9163424,-7.1899345,0 107.9163767,-7.1899177,0 107.9164196,-7.1898955,0 107.9164266,-7.1898919,0 107.9164625,-7.1898545,0 107.9164661,-7.1898493,0 107.9164784,-7.1898067,0 107.9164842,-7.1897642,0 107.9164924,-7.1897216,0 107.9165054,-7.1896825,0 107.9165067,-7.1896790,0 107.9165270,-7.1896364,0 107.9165484,-7.1896004,0 107.9165533,-7.1895938,0 107.9165893,-7.1895513,0 107.9165913,-7.1895491,0 107.9166342,-7.1895122,0 107.9166390,-7.1895087,0 107.9166771,-7.1894762,0 107.9166899,-7.1894661,0 107.9167200,-7.1894333,0 107.9167291,-7.1894235,0 107.9167555,-7.1893810,0 107.9167629,-7.1893624,0 107.9167765,-7.1893384,0 107.9168058,-7.1893023,0 107.9168144,-7.1892958,0 107.9168488,-7.1892745,0 107.9168878,-7.1892532,0 107.9168917,-7.1892505,0 107.9169272,-7.1892106,0 107.9169346,-7.1891985,0 107.9169511,-7.1891681,0 107.9169775,-7.1891361,0 107.9169931,-7.1891255,0 107.9170204,-7.1891106,0 107.9170633,-7.1890913,0 107.9170758,-7.1890829,0 107.9170871,-7.1890403,0 107.9170633,-7.1890190,0 107.9170204,-7.1889990,0 107.9170118,-7.1889978,0 107.9169775,-7.1889926,0 107.9169346,-7.1889978,0 107.9169256,-7.1889552,0 107.9169241,-7.1889126,0 107.9169201,-7.1888700,0 107.9169152,-7.1888274,0 107.9169130,-7.1887849,0 107.9169155,-7.1887423,0 107.9169263,-7.1886997,0 107.9169346,-7.1886825,0 107.9169513,-7.1886571,0 107.9169775,-7.1886274,0 107.9169928,-7.1886146,0 107.9170204,-7.1885920,0 107.9170490,-7.1885720,0 107.9170633,-7.1885612,0 107.9171063,-7.1885294,0 107.9171063,-7.1885294,0 107.9171492,-7.1884933,0 107.9171556,-7.1884868,0 107.9171921,-7.1884496,0 107.9171966,-7.1884442,0 107.9172345,-7.1884017,0 107.9172350,-7.1884011,0 107.9172747,-7.1883591,0 107.9172779,-7.1883560,0 107.9173192,-7.1883165,0 107.9173208,-7.1883149,0 107.9173627,-7.1882739,0 107.9173637,-7.1882728,0 107.9174039,-7.1882314,0 107.9174067,-7.1882285,0 107.9174473,-7.1881888,0 107.9174496,-7.1881866,0 107.9174880,-7.1881462,0 107.9174925,-7.1881385,0 107.9175088,-7.1881036,0 107.9175219,-7.1880610,0 107.9175069,-7.1880185,0 107.9174925,-7.1879899,0 107.9174855,-7.1879759,0 107.9174640,-7.1879333,0 107.9174496,-7.1879047,0 107.9174382,-7.1878907,0 107.9174067,-7.1878667,0 107.9173816,-7.1878481,0 107.9173637,-7.1878345,0 107.9173320,-7.1878056,0 107.9173208,-7.1877934,0 107.9172970,-7.1877630,0 107.9172779,-7.1877329,0 107.9172669,-7.1877204,0 107.9172374,-7.1876778,0 107.9172350,-7.1876737,0 107.9172131,-7.1876353,0 107.9171957,-7.1875927,0 107.9171921,-7.1875823,0 107.9171824,-7.1875501,0 107.9171634,-7.1875075,0 107.9171492,-7.1874791,0 107.9171421,-7.1874649,0 107.9171204,-7.1874224,0 107.9171063,-7.1873940,0 107.9170990,-7.1873798,0 107.9170775,-7.1873372,0 107.9170633,-7.1873088,0 107.9170562,-7.1872946,0 107.9170346,-7.1872521,0 107.9170204,-7.1872237,0 107.9170133,-7.1872095,0 107.9170005,-7.1871669,0 107.9169925,-7.1871243,0 107.9169858,-7.1870817,0 107.9169805,-7.1870392,0 107.9169775,-7.1870246,0 107.9169716,-7.1869966,0 107.9169597,-7.1869540,0 107.9169453,-7.1869114,0 107.9169346,-7.1868847,0 107.9169234,-7.1868689,0 107.9168917,-7.1868449,0 107.9168590,-7.1868263,0 107.9168488,-7.1868212,0 107.9168058,-7.1867998,0 107.9167732,-7.1867837,0 107.9167629,-7.1867787,0 107.9167200,-7.1867721,0 107.9166771,-7.1867721,0 107.9166342,-7.1867721,0 107.9165913,-7.1867721,0 107.9165484,-7.1867640,0 107.9165054,-7.1867492,0 107.9164865,-7.1867411,0 107.9164625,-7.1867291,0 107.9164196,-7.1866998,0 107.9164182,-7.1866985,0 107.9163797,-7.1866560,0 107.9163767,-7.1866519,0 107.9163541,-7.1866134,0 107.9163362,-7.1865708,0 107.9163338,-7.1865641,0 107.9163227,-7.1865282,0 107.9163196,-7.1864856,0 107.9163196,-7.1864431,0 107.9163196,-7.1864005,0 107.9163196,-7.1863579,0 107.9163338,-7.1863182,0 107.9163348,-7.1863153,0 107.9163561,-7.1862728,0 107.9163767,-7.1862322,0 107.9163777,-7.1862302,0 107.9163990,-7.1861876,0 107.9164065,-7.1861450,0 107.9164077,-7.1861024,0 107.9164091,-7.1860599,0 107.9164109,-7.1860173,0 107.9164196,-7.1859978,0 107.9164407,-7.1859747,0 107.9164625,-7.1859612,0 107.9165054,-7.1859410,0 107.9165298,-7.1859321,0 107.9165484,-7.1859263,0 107.9165913,-7.1859117,0 107.9166342,-7.1858905,0 107.9166362,-7.1858896,0 107.9166771,-7.1858691,0 107.9167200,-7.1858480,0 107.9167230,-7.1858470,0 107.9167629,-7.1858335,0 107.9168058,-7.1858347,0 107.9168488,-7.1858360,0 107.9168917,-7.1858377,0 107.9169346,-7.1858458,0 107.9169368,-7.1858470,0 107.9169775,-7.1858749,0 107.9170065,-7.1858896,0 107.9170204,-7.1858955,0 107.9170633,-7.1859101,0 107.9171063,-7.1859217,0 107.9171411,-7.1859321,0 107.9171492,-7.1859349,0 107.9171921,-7.1859525,0 107.9172310,-7.1859747,0 107.9172350,-7.1859777,0 107.9172779,-7.1860046,0 107.9173208,-7.1860064,0 107.9173637,-7.1860076,0 107.9174067,-7.1860087,0 107.9174496,-7.1860165,0 107.9174508,-7.1860173,0 107.9174804,-7.1860599,0 107.9174925,-7.1860831,0 107.9175010,-7.1861024,0 107.9175160,-7.1861450,0 107.9175274,-7.1861876,0 107.9175354,-7.1862148,0 107.9175407,-7.1862302,0 107.9175590,-7.1862728,0 107.9175783,-7.1863063,0 107.9175838,-7.1863153,0 107.9176137,-7.1863579,0 107.9176212,-7.1863672,0 107.9176380,-7.1864005,0 107.9176594,-7.1864431,0 107.9176642,-7.1864524,0 107.9176809,-7.1864856,0 107.9177023,-7.1865282,0 107.9177071,-7.1865375,0 107.9177238,-7.1865708,0 107.9177453,-7.1866134,0 107.9177500,-7.1866227,0</coordinates></LineString></Placemark>
<Placemark><name>688 m</name><styleUrl>#k</styleUrl><LineString><tessellate>1</tessellate><coordinates>107.9122997,-7.1855063,0 107.9122997,-7.1855063,0 107.9122997,-7.1855489,0 107.9122997,-7.1855915,0 107.9122997,-7.1856341,0 107.9122997,-7.1856341,0 107.9123427,-7.1856341,0 107.9123856,-7.1856341,0 107.9124285,-7.1856341,0 107.9124285,-7.1856341,0 107.9124285,-7.1855915,0 107.9124285,-7.1855489,0 107.9124285,-7.1855063,0 107.9124285,-7.1855063,0 107.9123856,-7.1855063,0 107.9123427,-7.1855063,0 107.9122997,-7.1855063,0</coordinates></LineString></Placemark>
<Placemark><name>688 m</name><styleUrl>#k</styleUrl><LineString><tessellate>1</tessellate><coordinates>107.9133297,-7.1872095,0 107.9133297,-7.1872095,0 107.9133297,-7.1872521,0 107.9133297,-7.1872946,0 107.9133297,-7.1873372,0 107.9133297,-7.1873372,0 107.9133726,-7.1873372,0 107.9134155,-7.1873372,0 107.9134585,-7.1873372,0 107.9134585,-7.1873372,0 107.9134585,-7.1872946,0 107.9134585,-7.1872521,0 107.9134585,-7.1872095,0 107.9134585,-7.1872095,0 107.9134155,-7.1872095,0 107.9133726,-7.1872095,0 107.9133297,-7.1872095,0</coordinates></LineString></Placemark>
<Placemark><name>688 m</name><styleUrl>#k</styleUrl><LineString><tessellate>1</tessellate><coordinates>107.9131580,-7.1875501,0 107.9131580,-7.1875501,0 107.9131580,-7.1875927,0 107.9131580,-7.1876353,0 107.9131580,-7.1876778,0 107.9131580,-7.1876778,0 107.9132010,-7.1876778,0 107.9132439,-7.1876778,0 107.9132868,-7.1876778,0 107.9132868,-7.1876778,0 107.9132868,-7.1876353,0 107.9132868,-7.1875927,0 107.9132868,-7.1875501,0 107.9132868,-7.1875501,0 107.9132439,-7.1875501,0 107.9132010,-7.1875501,0 107.9131580,-7.1875501,0</coordinates></LineString></Placemark>
<Placemark><name>688 m</name><styleUrl>#k</styleUrl><LineString><tessellate>1</tessellate><coordinates>107.9129864,-7.1877204,0 107.9129864,-7.1877204,0 107.9129864,-7.1877630,0 107.9129864,-7.1878056,0 107.9129864,-7.1878481,0 107.9129864,-7.1878481,0 107.9130293,-7.1878481,0 107.9130722,-7.1878481,0 107.9131151,-7.1878481,0 107.9131151,-7.1878481,0 107.9131151,-7.1878056,0 107.9131151,-7.1877630,0 107.9131151,-7.1877204,0 107.9131151,-7.1877204,0 107.9130722,-7.1877204,0 107.9130293,-7.1877204,0 107.9129864,-7.1877204,0</coordinates></LineString></Placemark>
<Placemark><name>688 m</name><styleUrl>#k</styleUrl><LineString><tessellate>1</tessellate><coordinates>107.9124714,-7.1878907,0 107.9124714,-7.1878907,0 107.9124714,-7.1879333,0 107.9124714,-7.1879759,0 107.9124714,-7.1880185,0 107.9124714,-7.1880185,0 107.9125143,-7.1880185,0 107.9125572,-7.1880185,0 107.9126001,-7.1880185,0 107.9126001,-7.1880185,0 107.9126001,-7.1879759,0 107.9126001,-7.1879333,0 107.9126001,-7.1878907,0 107.9126001,-7.1878907,0 107.9125572,-7.1878907,0 107.9125143,-7.1878907,0 107.9124714,-7.1878907,0</coordinates></LineString></Placemark>
<Placemark><name>688 m</name><styleUrl>#k</styleUrl><LineString><tessellate>1</tessellate><coordinates>107.9126431,-7.1880610,0 107.9126431,-7.1880610,0 107.9126431,-7.1881036,0 107.9126001,-7.1881118,0 107.9125572,-7.1881334,0 107.9125440,-7.1881462,0 107.9125572,-7.1881560,0 107.9126001,-7.1881888,0 107.9126001,-7.1881888,0 107.9126431,-7.1882023,0 107.9126860,-7.1882139,0 107.9127289,-7.1882181,0 107.9127718,-7.1882087,0 107.9127976,-7.1881888,0 107.9128147,-7.1881604,0 107.9128199,-7.1881462,0 107.9128147,-7.1881363,0 107.9127718,-7.1881036,0 107.9127718,-7.1880610,0 107.9127718,-7.1880610,0 107.9127289,-7.1880610,0 107.9126860,-7.1880610,0 107.9126431,-7.1880610,0</coordinates></LineString></Placemark>
<Placemark><name>688 m</name><styleUrl>#k</styleUrl><LineString><tessellate>1</tessellate><coordinates>107.9168488,-7.1889903,0 107.9168917,-7.1889856,0 107.9169346,-7.1889978,0 107.9169244,-7.1890403,0 107.9169075,-7.1890829,0 107.9168917,-7.1890978,0 107.9168545,-7.1891255,0 107.9168488,-7.1891289,0 107.9168058,-7.1891574,0 107.9167930,-7.1891681,0 107.9167629,-7.1892031,0 107.9167571,-7.1892106,0 107.9167200,-7.1892492,0 107.9167114,-7.1892532,0 107.9166771,-7.1892606,0 107.9166342,-7.1892574,0 107.9166230,-7.1892532,0 107.9165913,-7.1892299,0 107.9165782,-7.1892106,0 107.9165913,-7.1891877,0 107.9166111,-7.1891681,0 107.9166342,-7.1891576,0 107.9166771,-7.1891364,0 107.9166920,-7.1891255,0 107.9167200,-7.1890965,0 107.9167301,-7.1890829,0 107.9167598,-7.1890403,0 107.9167629,-7.1890365,0 107.9168058,-7.1890053,0 107.9168257,-7.1889978,0 107.9168488,-7.1889903,0</coordinates></LineString></Placemark>
<Placemark><name>688 m</name><styleUrl>#k</styleUrl><LineString><tessellate>1</tessellate><coordinates>107.9108406,-7.1895739,0 107.9108232,-7.1895938,0 107.9107977,-7.1896356,0 107.9107973,-7.1896364,0 107.9107735,-7.1896790,0 107.9107548,-7.1897045,0 107.9107391,-7.1897216,0 107.9107119,-7.1897479,0 107.9106904,-7.1897642,0 107.9106690,-7.1897819,0 107.9106378,-7.1898067,0 107.9106260,-7.1898180,0 107.9105940,-7.1898493,0 107.9105831,-7.1898641,0 107.9105627,-7.1898919,0 107.9105444,-7.1899345,0 107.9105402,-7.1899770,0 107.9105402,-7.1899770,0 107.9105402,-7.1899770,0 107.9105450,-7.1900196,0 107.9105529,-7.1900622,0 107.9105597,-7.1901048,0 107.9105629,-7.1901474,0 107.9105626,-7.1901899,0 107.9105578,-7.1902325,0 107.9105501,-7.1902751,0 107.9105425,-7.1903177,0 107.9105402,-7.1903517,0 107.9105397,-7.1903602,0 107.9105402,-7.1903631,0 107.9105487,-7.1904028,0 107.9105779,-7.1904454,0 107.9105831,-7.1904500,0 107.9106260,-7.1904868,0 107.9106273,-7.1904880,0 107.9106690,-7.1905225,0 107.9106784,-7.1905306,0 107.9107119,-7.1905664,0 107.9107183,-7.1905731,0 107.9107395,-7.1906157,0 107.9107433,-7.1906583,0 107.9107371,-7.1907009,0 107.9107293,-7.1907434,0 107.9107262,-7.1907860,0 107.9107276,-7.1908286,0 107.9107296,-7.1908712,0 107.9107291,-7.1909138,0 107.9107241,-7.1909563,0 107.9107174,-7.1909989,0 107.9107145,-7.1910415,0 107.9107212,-7.1910841,0 107.9107548,-7.1911266,0 107.9107548,-7.1911266,0 107.9107977,-7.1911358,0 107.9108406,-7.1911305,0 107.9108495,-7.1911266,0 107.9108835,-7.1911092,0 107.9109136,-7.1910841,0 107.9109264,-7.1910714,0 107.9109512,-7.1910415,0 107.9109694,-7.1910209,0 107.9109899,-7.1909989,0 107.9110123,-7.1909776,0 107.9110377,-7.1909563,0 107.9110552,-7.1909409,0 107.9110866,-7.1909138,0 107.9110981,-7.1909008,0 107.9111236,-7.1908712,0 107.9111410,-7.1908471,0 107.9111557,-7.1908286,0 107.9111839,-7.1907973,0 107.9111972,-7.1907860,0 107.9112269,-7.1907669,0 107.9112698,-7.1907468,0 107.9112786,-7.1907434,0 107.9113127,-7.1907300,0 107.9113556,-7.1907140,0 107.9113928,-7.1907009,0 107.9113985,-7.1906982,0 107.9114414,-7.1906824,0 107.9114843,-7.1906737,0 107.9115273,-7.1906709,0 107.9115702,-7.1906729,0 107.9116131,-7.1906794,0 107.9116560,-7.1906918,0 107.9116770,-7.1907009,0 107.9116989,-7.1907130,0 107.9117398,-7.1907434,0 107.9117418,-7.1907451,0 107.9117848,-7.1907705,0 107.9118277,-7.1907838,0 107.9118706,-7.1907823,0 107.9119135,-7.1907675,0 107.9119539,-7.1907434,0 107.9119564,-7.1907420,0 107.9119993,-7.1907141,0 107.9120248,-7.1907009,0 107.9120422,-7.1906929,0 107.9120852,-7.1906805,0 107.9121281,-7.1906771,0 107.9121710,-7.1906799,0 107.9122139,-7.1906849,0 107.9122568,-7.1906878,0 107.9122997,-7.1906843,0 107.9123427,-7.1906727,0 107.9123759,-7.1906583,0 107.9123856,-7.1906530,0 107.9124285,-7.1906177,0 107.9124301,-7.1906157,0 107.9124525,-7.1905731,0 107.9124646,-7.1905306,0 107.9124690,-7.1904880,0 107.9124631,-7.1904454,0 107.9124363,-7.1904028,0 107.9124285,-7.1903970,0 107.9123856,-7.1903651,0 107.9123786,-7.1903602,0 107.9123427,-7.1903399,0 107.9122997,-7.1903249,0 107.9122568,-7.1903244,0 107.9122139,-7.1903338,0 107.9121710,-7.1903435,0 107.9121281,-7.1903499,0 107.9120852,-7.1903510,0 107.9120422,-7.1903437,0 107.9119993,-7.1903221,0 107.9119941,-7.1903177,0 107.9119564,-7.1902774,0 107.9119545,-7.1902751,0 107.9119191,-7.1902325,0 107.9119135,-7.1902258,0 107.9118732,-7.1901899,0 107.9118706,-7.1901875,0 107.9118277,-7.1901515,0 107.9118234,-7.1901474,0 107.9117848,-7.1901048,0 107.9117848,-7.1901048,0 107.9117471,-7.1900622,0 107.9117418,-7.1900573,0 107.9116989,-7.1900250,0 107.9116887,-7.1900196,0 107.9116560,-7.1900052,0 107.9116131,-7.1899932,0 107.9115702,-7.1899841,0 107.9115380,-7.1899770,0 107.9115273,-7.1899742,0 107.9114843,-7.1899563,0 107.9114553,-7.1899345,0 107.9114414,-7.1899248,0 107.9113985,-7.1898938,0 107.9113956,-7.1898919,0 107.9113556,-7.1898725,0 107.9113127,-7.1898540,0 107.9113020,-7.1898493,0 107.9112698,-7.1898352,0 107.9112269,-7.1898137,0 107.9112140,-7.1898067,0 107.9111839,-7.1897907,0 107.9111410,-7.1897685,0 107.9111323,-7.1897642,0 107.9110981,-7.1897480,0 107.9110552,-7.1897241,0 107.9110515,-7.1897216,0 107.9110123,-7.1896889,0 107.9110025,-7.1896790,0 107.9109712,-7.1896364,0 107.9109694,-7.1896336,0 107.9109387,-7.1895938,0 107.9109264,-7.1895808,0 107.9108835,-7.1895612,0 107.9108406,-7.1895739,0</coordinates></LineString></Placemark>
<Placemark><name>688 m</name><styleUrl>#k</styleUrl><LineString><tessellate>1</tessellate><coordinates>107.9099394,-7.1904422,0 107.9099351,-7.1904454,0 107.9098965,-7.1904875,0 107.9098962,-7.1904880,0 107.9098773,-7.1905306,0 107.9098680,-7.1905731,0 107.9098718,-7.1906157,0 107.9098911,-7.1906583,0 107.9098965,-7.1906653,0 107.9099314,-7.1907009,0 107.9099394,-7.1907071,0 107.9099823,-7.1907325,0 107.9100068,-7.1907434,0 107.9100252,-7.1907525,0 107.9100681,-7.1907710,0 107.9101079,-7.1907860,0 107.9101111,-7.1907878,0 107.9101540,-7.1907998,0 107.9101933,-7.1907860,0 107.9101969,-7.1907842,0 107.9102141,-7.1907434,0 107.9102249,-7.1907009,0 107.9102284,-7.1906583,0 107.9102227,-7.1906157,0 107.9102031,-7.1905731,0 107.9101969,-7.1905655,0 107.9101720,-7.1905306,0 107.9101540,-7.1905093,0 107.9101365,-7.1904880,0 107.9101111,-7.1904596,0 107.9100945,-7.1904454,0 107.9100681,-7.1904266,0 107.9100252,-7.1904163,0 107.9099823,-7.1904226,0 107.9099394,-7.1904422,0</coordinates></LineString></Placemark>
<Placemark><name>688 m</name><styleUrl>#k</styleUrl><LineString><tessellate>1</tessellate><coordinates>107.9102398,-7.1908974,0 107.9102250,-7.1909138,0 107.9101969,-7.1909489,0 107.9101938,-7.1909563,0 107.9101790,-7.1909989,0 107.9101784,-7.1910415,0 107.9101960,-7.1910841,0 107.9101969,-7.1910849,0 107.9102398,-7.1911134,0 107.9102775,-7.1911266,0 107.9102827,-7.1911279,0 107.9103256,-7.1911284,0 107.9103328,-7.1911266,0 107.9103685,-7.1911103,0 107.9103924,-7.1910841,0 107.9104092,-7.1910415,0 107.9104115,-7.1910074,0 107.9104119,-7.1909989,0 107.9104115,-7.1909967,0 107.9103996,-7.1909563,0 107.9103685,-7.1909171,0 107.9103622,-7.1909138,0 107.9103256,-7.1908980,0 107.9102827,-7.1908897,0 107.9102398,-7.1908974,0</coordinates></LineString></Placemark>
<Placemark><name>690 m</name><styleUrl>#k</styleUrl><LineString><tessellate>1</tessellate><coordinates>107.9177500,-7.1825897,0 107.9177071,-7.1825897,0 107.9176642,-7.1825897,0 107.9176212,-7.1825897,0 107.9175926,-7.1825684,0 107.9175783,-7.1825578,0 107.9175461,-7.1825259,0 107.9175354,-7.1825152,0 107.9175032,-7.1824833,0 107.9174925,-7.1824726,0 107.9174603,-7.1824407,0 107.9174496,-7.1824334,0 107.9174267,-7.1824407,0 107.9174067,-7.1824500,0 107.9173731,-7.1824833,0 107.9173637,-7.1824926,0 107.9173302,-7.1825259,0 107.9173208,-7.1825352,0 107.9172873,-7.1825684,0 107.9172779,-7.1825871,0 107.9172709,-7.1826110,0 107.9172709,-7.1826536,0 107.9172709,-7.1826962,0 107.9172709,-7.1827387,0 107.9172709,-7.1827813,0 107.9172709,-7.1828239,0 107.9172709,-7.1828665,0 107.9172709,-7.1829091,0 107.9172709,-7.1829516,0 107.9172709,-7.1829942,0 107.9172709,-7.1830368,0 107.9172709,-7.1830794,0 107.9172779,-7.1831041,0 107.9172866,-7.1831220,0 107.9173208,-7.1831559,0 107.9173296,-7.1831645,0 107.9173637,-7.1831985,0 107.9173725,-7.1832071,0 107.9174067,-7.1832410,0 107.9174157,-7.1832497,0 107.9174496,-7.1832845,0 107.9174561,-7.1832923,0 107.9174841,-7.1833348,0 107.9174925,-7.1833513,0 107.9175036,-7.1833774,0 107.9175177,-7.1834200,0 107.9175240,-7.1834626,0 107.9175240,-7.1835052,0 107.9175240,-7.1835477,0 107.9175240,-7.1835903,0 107.9175190,-7.1836329,0 107.9175052,-7.1836755,0 107.9174925,-7.1837055,0 107.9174862,-7.1837181,0 107.9174590,-7.1837606,0 107.9174496,-7.1837722,0 107.9174198,-7.1838032,0 107.9174067,-7.1838159,0 107.9173765,-7.1838458,0 107.9173637,-7.1838584,0 107.9173336,-7.1838884,0 107.9173208,-7.1839010,0 107.9172907,-7.1839309,0 107.9172779,-7.1839436,0 107.9172350,-7.1839553,0 107.9171921,-7.1839553,0 107.9171492,-7.1839553,0 107.9171063,-7.1839553,0 107.9170633,-7.1839535,0 107.9170204,-7.1839514,0 107.9169775,-7.1839496,0 107.9169346,-7.1839482,0 107.9168917,-7.1839692,0 107.9168850,-7.1839735,0 107.9168488,-7.1839915,0 107.9168058,-7.1840128,0 107.9167991,-7.1840161,0 107.9167629,-7.1840341,0 107.9167200,-7.1840473,0 107.9166771,-7.1840554,0 107.9166573,-7.1840587,0 107.9166342,-7.1840622,0 107.9165913,-7.1840676,0 107.9165484,-7.1840787,0 107.9165054,-7.1840930,0 107.9164802,-7.1841013,0 107.9164625,-7.1841080,0 107.9164196,-7.1841246,0 107.9163767,-7.1841398,0 107.9163654,-7.1841438,0 107.9163338,-7.1841555,0 107.9162909,-7.1841686,0 107.9162479,-7.1841796,0 107.9162050,-7.1841862,0 107.9162032,-7.1841864,0 107.9161621,-7.1841921,0 107.9161192,-7.1841990,0 107.9160763,-7.1842079,0 107.9160334,-7.1842113,0 107.9159905,-7.1842114,0 107.9159475,-7.1842112,0 107.9159046,-7.1842113,0 107.9158617,-7.1841864,0 107.9158617,-7.1841438,0 107.9158617,-7.1841438,0 107.9158188,-7.1841438,0 107.9157759,-7.1841438,0 107.9157330,-7.1841438,0 107.9156901,-7.1841438,0 107.9156471,-7.1841438,0 107.9156042,-7.1841438,0 107.9155613,-7.1841438,0 107.9155613,-7.1841438,0 107.9155613,-7.1841864,0 107.9155613,-7.1842290,0 107.9155613,-7.1842716,0 107.9155613,-7.1843142,0 107.9155613,-7.1843567,0 107.9155613,-7.1843993,0 107.9155613,-7.1844419,0 107.9155184,-7.1844510,0 107.9154755,-7.1844639,0 107.9154326,-7.1844732,0 107.9153896,-7.1844822,0 107.9153467,-7.1844809,0 107.9153038,-7.1844778,0 107.9152609,-7.1844754,0 107.9152180,-7.1844743,0 107.9151751,-7.1844731,0 107.9151322,-7.1844717,0 107.9150892,-7.1844703,0 107.9150463,-7.1844682,0 107.9150034,-7.1844455,0 107.9149987,-7.1844419,0 107.9149605,-7.1844187,0 107.9149176,-7.1844001,0 107.9149153,-7.1843993,0 107.9148747,-7.1843866,0 107.9148317,-7.1843820,0 107.9147888,-7.1843820,0 107.9147459,-7.1843820,0 107.9147030,-7.1843820,0 107.9146601,-7.1843886,0 107.9146271,-7.1843993,0 107.9146172,-7.1844030,0 107.9145743,-7.1844226,0 107.9145433,-7.1844419,0 107.9145313,-7.1844513,0 107.9144884,-7.1844687,0 107.9144455,-7.1844705,0 107.9144026,-7.1844720,0 107.9143597,-7.1844732,0 107.9143168,-7.1844736,0 107.9142738,-7.1844736,0 107.9142309,-7.1844736,0 107.9141880,-7.1844736,0 107.9141570,-7.1844845,0 107.9141451,-7.1844911,0 107.9141089,-7.1845270,0 107.9141022,-7.1845337,0 107.9140660,-7.1845696,0 107.9140593,-7.1845763,0 107.9140231,-7.1846122,0 107.9140164,-7.1846189,0 107.9139818,-7.1846548,0 107.9139734,-7.1846648,0 107.9139525,-7.1846974,0 107.9139322,-7.1847399,0 107.9139305,-7.1847443,0 107.9139178,-7.1847825,0 107.9139025,-7.1848251,0 107.9138876,-7.1848544,0 107.9138809,-7.1848677,0 107.9138596,-7.1849103,0 107.9138447,-7.1849395,0 107.9138377,-7.1849528,0 107.9138246,-7.1849954,0 107.9138246,-7.1850380,0 107.9138246,-7.1850806,0 107.9138246,-7.1851231,0 107.9138251,-7.1851657,0 107.9138265,-7.1852083,0 107.9138283,-7.1852509,0 107.9138301,-7.1852935,0 107.9138221,-7.1853360,0 107.9138018,-7.1853664,0 107.9137957,-7.1853786,0 107.9137741,-7.1854212,0 107.9137589,-7.1854516,0 107.9137528,-7.1854638,0 107.9137501,-7.1855063,0 107.9137589,-7.1855166,0 107.9137905,-7.1855489,0 107.9138018,-7.1855589,0 107.9138447,-7.1855771,0 107.9138876,-7.1855771,0 107.9139305,-7.1855771,0 107.9139734,-7.1855771,0 107.9140164,-7.1855659,0 107.9140393,-7.1855489,0 107.9140593,-7.1855284,0 107.9140747,-7.1855063,0 107.9140904,-7.1854638,0 107.9141022,-7.1854288,0 107.9141052,-7.1854212,0 107.9141254,-7.1853786,0 107.9141451,-7.1853484,0 107.9141525,-7.1853360,0 107.9141805,-7.1852935,0 107.9141880,-7.1852828,0 107.9142041,-7.1852509,0 107.9142256,-7.1852083,0 107.9142309,-7.1851977,0 107.9142470,-7.1851657,0 107.9142738,-7.1851274,0 107.9142771,-7.1851231,0 107.9143168,-7.1850841,0 107.9143243,-7.1850806,0 107.9143597,-7.1850649,0 107.9144026,-7.1850649,0 107.9144455,-7.1850649,0 107.9144884,-7.1850649,0 107.9145220,-7.1850806,0 107.9145313,-7.1850854,0 107.9145567,-7.1851231,0 107.9145702,-7.1851657,0 107.9145702,-7.1852083,0 107.9145702,-7.1852509,0 107.9145702,-7.1852935,0 107.9145702,-7.1853360,0 107.9145702,-7.1853786,0 107.9145702,-7.1854212,0 107.9145702,-7.1854638,0 107.9145734,-7.1855063,0 107.9145743,-7.1855105,0 107.9145817,-7.1855489,0 107.9145891,-7.1855915,0 107.9145953,-7.1856341,0 107.9146026,-7.1856767,0 107.9146162,-7.1857192,0 107.9146172,-7.1857220,0 107.9146342,-7.1857618,0 107.9146601,-7.1858044,0 107.9146601,-7.1858044,0 107.9146811,-7.1858470,0 107.9146823,-7.1858896,0 107.9146835,-7.1859321,0 107.9146844,-7.1859747,0 107.9146853,-7.1860173,0 107.9146861,-7.1860599,0 107.9146868,-7.1861024,0 107.9146875,-7.1861450,0 107.9146916,-7.1861876,0 107.9147030,-7.1862282,0 107.9147037,-7.1862302,0 107.9147180,-7.1862728,0 107.9147323,-7.1863153,0 107.9147459,-7.1863559,0 107.9147466,-7.1863579,0 107.9147609,-7.1864005,0 107.9147752,-7.1864431,0 107.9147888,-7.1864837,0 107.9147895,-7.1864856,0 107.9148038,-7.1865282,0 107.9148181,-7.1865708,0 107.9148317,-7.1866114,0 107.9148327,-7.1866134,0 107.9148524,-7.1866560,0 107.9148747,-7.1866943,0 107.9148796,-7.1866985,0 107.9149176,-7.1867230,0 107.9149403,-7.1867411,0 107.9149605,-7.1867600,0 107.9149817,-7.1867837,0 107.9150034,-7.1868130,0 107.9150138,-7.1868263,0 107.9150429,-7.1868689,0 107.9150463,-7.1868743,0 107.9150838,-7.1869114,0 107.9150892,-7.1869168,0 107.9151267,-7.1869540,0 107.9151322,-7.1869594,0 107.9151696,-7.1869966,0 107.9151751,-7.1870069,0 107.9151870,-7.1870392,0 107.9151751,-7.1870589,0 107.9151601,-7.1870817,0 107.9151390,-7.1871243,0 107.9151322,-7.1871422,0 107.9151240,-7.1871669,0 107.9151124,-7.1872095,0 107.9150992,-7.1872521,0 107.9150892,-7.1872780,0 107.9150817,-7.1872946,0 107.9150565,-7.1873372,0 107.9150463,-7.1873546,0 107.9150352,-7.1873798,0 107.9150341,-7.1874224,0 107.9150325,-7.1874649,0 107.9150308,-7.1875075,0 107.9150401,-7.1875501,0 107.9150463,-7.1875556,0 107.9150892,-7.1875843,0 107.9151054,-7.1875927,0 107.9151322,-7.1876043,0 107.9151751,-7.1876187,0 107.9152180,-7.1876339,0 107.9152207,-7.1876353,0 107.9152609,-7.1876552,0 107.9153038,-7.1876765,0 107.9153065,-7.1876778,0 107.9153467,-7.1877002,0 107.9153734,-7.1877204,0 107.9153896,-7.1877405,0 107.9154042,-7.1877630,0 107.9154326,-7.1877986,0 107.9154391,-7.1878056,0 107.9154755,-7.1878381,0 107.9154888,-7.1878481,0 107.9155184,-7.1878729,0 107.9155447,-7.1878907,0 107.9155415,-7.1879333,0 107.9155368,-7.1879759,0 107.9155291,-7.1880185,0 107.9155184,-7.1880610,0 107.9154755,-7.1880610,0 107.9154326,-7.1880610,0 107.9153896,-7.1880610,0 107.9153467,-7.1880596,0 107.9153038,-7.1880582,0 107.9152609,-7.1880573,0 107.9152180,-7.1880564,0 107.9151751,-7.1880562,0 107.9151322,-7.1880562,0 107.9150892,-7.1880562,0 107.9150463,-7.1880562,0 107.9150034,-7.1880552,0 107.9149605,-7.1880533,0 107.9149176,-7.1880511,0 107.9148747,-7.1880479,0 107.9148317,-7.1880258,0 107.9148230,-7.1880185,0 107.9147888,-7.1879845,0 107.9147801,-7.1879759,0 107.9147459,-7.1879420,0 107.9147372,-7.1879333,0 107.9147030,-7.1878994,0 107.9146823,-7.1878907,0 107.9146601,-7.1878803,0 107.9146172,-7.1878772,0 107.9145743,-7.1878721,0 107.9145313,-7.1878594,0 107.9145261,-7.1878481,0 107.9145206,-7.1878056,0 107.9145165,-7.1877630,0 107.9145133,-7.1877204,0 107.9145085,-7.1876778,0 107.9145027,-7.1876353,0 107.9144967,-7.1875927,0 107.9144900,-7.1875501,0 107.9144884,-7.1875484,0 107.9144455,-7.1875455,0 107.9144026,-7.1875429,0 107.9143597,-7.1875412,0 107.9143168,-7.1875401,0 107.9142738,-7.1875401,0 107.9142309,-7.1875401,0 107.9141880,-7.1875401,0 107.9141451,-7.1875389,0 107.9141022,-7.1875359,0 107.9140593,-7.1875307,0 107.9140164,-7.1875197,0 107.9139734,-7.1875075,0 107.9139734,-7.1874649,0 107.9139734,-7.1874224,0 107.9139734,-7.1873798,0 107.9139734,-7.1873372,0 107.9139734,-7.1872946,0 107.9139734,-7.1872521,0 107.9139734,-7.1872095,0 107.9139734,-7.1872095,0 107.9139305,-7.1872095,0 107.9138876,-7.1872095,0 107.9138447,-7.1872095,0 107.9138383,-7.1871669,0 107.9138328,-7.1871243,0 107.9138288,-7.1870817,0 107.9138253,-7.1870392,0 107.9138018,-7.1870084,0 107.9137931,-7.1869966,0 107.9137589,-7.1869627,0 107.9137501,-7.1869540,0 107.9137159,-7.1869201,0 107.9137072,-7.1869114,0 107.9136730,-7.1868775,0 107.9136556,-7.1868689,0 107.9136301,-7.1868620,0 107.9135872,-7.1868613,0 107.9135443,-7.1868610,0 107.9135014,-7.1868606,0 107.9134585,-7.1868683,0 107.9134571,-7.1868689,0 107.9134155,-7.1868896,0 107.9133726,-7.1869108,0 107.9133713,-7.1869114,0 107.9133297,-7.1869322,0 107.9132868,-7.1869483,0 107.9132682,-7.1869540,0 107.9132439,-7.1869626,0 107.9132010,-7.1869816,0 107.9131754,-7.1869966,0 107.9131580,-7.1870094,0 107.9131271,-7.1870392,0 107.9131151,-7.1870560,0 107.9131032,-7.1870817,0 107.9130908,-7.1871243,0 107.9130832,-7.1871669,0 107.9130764,-7.1872095,0 107.9130722,-7.1872258,0 107.9130640,-7.1872521,0 107.9130447,-7.1872946,0 107.9130293,-7.1873178,0 107.9130117,-7.1873372,0 107.9129864,-7.1873594,0 107.9129642,-7.1873798,0 107.9129435,-7.1874064,0 107.9129327,-7.1874224,0 107.9129006,-7.1874620,0 107.9128978,-7.1874649,0 107.9128576,-7.1875002,0 107.9128475,-7.1875075,0 107.9128147,-7.1875308,0 107.9127718,-7.1875444,0 107.9127289,-7.1875444,0 107.9126860,-7.1875444,0 107.9126431,-7.1875444,0 107.9126001,-7.1875435,0 107.9125572,-7.1875416,0 107.9125143,-7.1875390,0 107.9124714,-7.1875359,0 107.9124285,-7.1875346,0 107.9123856,-7.1875361,0 107.9123427,-7.1875373,0 107.9122997,-7.1875391,0 107.9122762,-7.1875501,0 107.9122568,-7.1875594,0 107.9122233,-7.1875927,0 107.9122139,-7.1876020,0 107.9121804,-7.1876353,0 107.9121710,-7.1876446,0 107.9121375,-7.1876778,0 107.9121281,-7.1876898,0 107.9121113,-7.1877204,0 107.9121113,-7.1877630,0 107.9121113,-7.1878056,0 107.9121113,-7.1878481,0 107.9121171,-7.1878907,0 107.9121281,-7.1879093,0 107.9121441,-7.1879333,0 107.9121654,-7.1879759,0 107.9121710,-7.1879901,0 107.9121807,-7.1880185,0 107.9121967,-7.1880610,0 107.9122139,-7.1880813,0 107.9122356,-7.1881036,0 107.9122568,-7.1881155,0 107.9122997,-7.1881375,0 107.9123128,-7.1881462,0 107.9123427,-7.1881736,0 107.9123574,-7.1881888,0 107.9123856,-7.1882204,0 107.9123963,-7.1882314,0 107.9124285,-7.1882610,0 107.9124473,-7.1882739,0 107.9124714,-7.1882896,0 107.9125143,-7.1883105,0 107.9125284,-7.1883165,0 107.9125572,-7.1883317,0 107.9126001,-7.1883543,0 107.9126085,-7.1883591,0 107.9126431,-7.1883989,0 107.9126453,-7.1884017,0 107.9126534,-7.1884442,0 107.9126443,-7.1884868,0 107.9126431,-7.1884902,0 107.9126241,-7.1885294,0 107.9126084,-7.1885720,0 107.9126040,-7.1886146,0 107.9126093,-7.1886571,0 107.9126177,-7.1886997,0 107.9126240,-7.1887423,0 107.9126265,-7.1887849,0 107.9126260,-7.1888274,0 107.9126216,-7.1888700,0 107.9126093,-7.1889126,0 107.9126001,-7.1889328,0 107.9125906,-7.1889552,0 107.9125807,-7.1889978,0 107.9125940,-7.1890403,0 107.9126001,-7.1890450,0 107.9126431,-7.1890447,0 107.9126528,-7.1890403,0 107.9126860,-7.1890213,0 107.9127289,-7.1890125,0 107.9127718,-7.1890283,0 107.9127813,-7.1890403,0 107.9128000,-7.1890829,0 107.9128046,-7.1891255,0 107.9128012,-7.1891681,0 107.9127947,-7.1892106,0 107.9127904,-7.1892532,0 107.9127893,-7.1892958,0 107.9127904,-7.1893384,0 107.9127924,-7.1893810,0 107.9127936,-7.1894235,0 107.9127942,-7.1894661,0 107.9127936,-7.1895087,0 107.9127926,-7.1895513,0 107.9127904,-7.1895938,0 107.9127884,-7.1896364,0 107.9127882,-7.1896790,0 107.9127910,-7.1897216,0 107.9127968,-7.1897642,0 107.9128026,-7.1898067,0 107.9128040,-7.1898493,0 107.9127929,-7.1898919,0 107.9127718,-7.1899167,0 107.9127289,-7.1899132,0 107.9126860,-7.1898967,0 107.9126431,-7.1898939,0 107.9126001,-7.1899251,0 107.9125941,-7.1899345,0 107.9125637,-7.1899770,0 107.9125572,-7.1899842,0 107.9125261,-7.1900196,0 107.9125143,-7.1900302,0 107.9124714,-7.1900612,0 107.9124696,-7.1900622,0 107.9124285,-7.1900881,0 107.9123900,-7.1901048,0 107.9123856,-7.1901071,0 107.9123427,-7.1901265,0 107.9122997,-7.1901460,0 107.9122977,-7.1901474,0 107.9122568,-7.1901740,0 107.9122376,-7.1901899,0 107.9122139,-7.1902068,0 107.9121733,-7.1902325,0 107.9121710,-7.1902336,0 107.9121281,-7.1902455,0 107.9120852,-7.1902403,0 107.9120720,-7.1902325,0 107.9120422,-7.1902102,0 107.9120245,-7.1901899,0 107.9119993,-7.1901585,0 107.9119909,-7.1901474,0 107.9119577,-7.1901048,0 107.9119564,-7.1901033,0 107.9119195,-7.1900622,0 107.9119135,-7.1900557,0 107.9118788,-7.1900196,0 107.9118706,-7.1900109,0 107.9118379,-7.1899770,0 107.9118277,-7.1899662,0 107.9117948,-7.1899345,0 107.9117848,-7.1899246,0 107.9117418,-7.1898919,0 107.9117418,-7.1898919,0 107.9116989,-7.1898663,0 107.9116647,-7.1898493,0 107.9116560,-7.1898447,0 107.9116131,-7.1898231,0 107.9115819,-7.1898067,0 107.9115702,-7.1898013,0 107.9115273,-7.1897817,0 107.9114872,-7.1897642,0 107.9114843,-7.1897631,0 107.9114414,-7.1897455,0 107.9113985,-7.1897251,0 107.9113916,-7.1897216,0 107.9113556,-7.1897008,0 107.9113177,-7.1896790,0 107.9113127,-7.1896760,0 107.9112698,-7.1896554,0 107.9112269,-7.1896410,0 107.9112097,-7.1896364,0 107.9111839,-7.1896298,0 107.9111410,-7.1896151,0 107.9111027,-7.1895938,0 107.9110981,-7.1895905,0 107.9110641,-7.1895513,0 107.9110552,-7.1895380,0 107.9110368,-7.1895087,0 107.9110123,-7.1894753,0 107.9110028,-7.1894661,0 107.9109694,-7.1894379,0 107.9109432,-7.1894235,0 107.9109264,-7.1894110,0 107.9108917,-7.1893810,0 107.9108835,-7.1893558,0 107.9108782,-7.1893384,0 107.9108835,-7.1893064,0 107.9108855,-7.1892958,0 107.9108957,-7.1892532,0 107.9108926,-7.1892106,0 107.9108835,-7.1891947,0 107.9108423,-7.1891681,0 107.9108406,-7.1891671,0 107.9108353,-7.1891681,0 107.9107977,-7.1891787,0 107.9107567,-7.1892106,0 107.9107548,-7.1892115,0 107.9107119,-7.1892207,0 107.9106690,-7.1892158,0 107.9106475,-7.1892106,0 107.9106260,-7.1891995,0 107.9105831,-7.1891881,0 107.9105656,-7.1892106,0 107.9105542,-7.1892532,0 107.9105513,-7.1892958,0 107.9105509,-7.1893384,0 107.9105535,-7.1893810,0 107.9105584,-7.1894235,0 107.9105649,-7.1894661,0 107.9105688,-7.1895087,0 107.9105613,-7.1895513,0 107.9105402,-7.1895841,0 107.9105347,-7.1895938,0 107.9105005,-7.1896364,0 107.9104973,-7.1896398,0 107.9104632,-7.1896790,0 107.9104544,-7.1896879,0 107.9104122,-7.1897216,0 107.9104115,-7.1897221,0 107.9103685,-7.1897372,0 107.9103256,-7.1897370,0 107.9102827,-7.1897314,0 107.9102398,-7.1897302,0 107.9101969,-7.1897459,0 107.9101768,-7.1897642,0 107.9101695,-7.1898067,0 107.9101834,-7.1898493,0 107.9101969,-7.1898758,0 107.9102056,-7.1898919,0 107.9102231,-7.1899345,0 107.9102319,-7.1899770,0 107.9102323,-7.1900196,0 107.9102195,-7.1900622,0 107.9101969,-7.1900919,0 107.9101872,-7.1901048,0 107.9101540,-7.1901360,0 107.9101430,-7.1901474,0 107.9101111,-7.1901783,0 107.9100998,-7.1901899,0 107.9100681,-7.1902207,0 107.9100555,-7.1902325,0 107.9100252,-7.1902549,0 107.9099947,-7.1902751,0 107.9099823,-7.1902813,0 107.9099394,-7.1903018,0 107.9099080,-7.1903177,0 107.9098965,-7.1903233,0 107.9098536,-7.1903490,0 107.9098399,-7.1903602,0 107.9098106,-7.1903913,0 107.9098019,-7.1904028,0 107.9097735,-7.1904454,0 107.9097677,-7.1904544,0 107.9097437,-7.1904880,0 107.9097248,-7.1905172,0 107.9097154,-7.1905306,0 107.9096978,-7.1905731,0 107.9096960,-7.1906157,0 107.9097075,-7.1906583,0 107.9097248,-7.1906926,0 107.9097294,-7.1907009,0 107.9097607,-7.1907434,0 107.9097677,-7.1907519,0 107.9097997,-7.1907860,0 107.9098106,-7.1907964,0 107.9098486,-7.1908286,0 107.9098536,-7.1908327,0 107.9098965,-7.1908678,0 107.9099003,-7.1908712,0 107.9099384,-7.1909138,0 107.9099394,-7.1909153,0 107.9099639,-7.1909563,0 107.9099823,-7.1909963,0 107.9099835,-7.1909989,0 107.9100042,-7.1910415,0 107.9100252,-7.1910775,0 107.9100289,-7.1910841,0 107.9100605,-7.1911266,0 107.9100681,-7.1911349,0 107.9101034,-7.1911692,0 107.9101111,-7.1911752,0 107.9101540,-7.1912015,0 107.9101759,-7.1912118,0 107.9101969,-7.1912204,0 107.9102398,-7.1912349,0 107.9102827,-7.1912482,0 107.9103056,-7.1912544,0 107.9103256,-7.1912595,0 107.9103685,-7.1912674,0 107.9104115,-7.1912712,0 107.9104544,-7.1912713,0 107.9104973,-7.1912694,0 107.9105402,-7.1912680,0 107.9105831,-7.1912700,0 107.9106260,-7.1912738,0 107.9106690,-7.1912757,0 107.9107119,-7.1912722,0 107.9107548,-7.1912625,0 107.9107770,-7.1912544,0 107.9107977,-7.1912470,0 107.9108406,-7.1912283,0 107.9108715,-7.1912118,0 107.9108835,-7.1912054,0 107.9109264,-7.1911747,0 107.9109325,-7.1911692,0 107.9109694,-7.1911328,0 107.9109748,-7.1911266,0 107.9110118,-7.1910841,0 107.9110123,-7.1910835,0 107.9110524,-7.1910415,0 107.9110552,-7.1910388,0 107.9110981,-7.1910023,0 107.9111026,-7.1909989,0 107.9111410,-7.1909687,0 107.9111577,-7.1909563,0 107.9111839,-7.1909336,0 107.9112084,-7.1909138,0 107.9112269,-7.1908961,0 107.9112577,-7.1908712,0 107.9112698,-7.1908614,0 107.9113127,-7.1908356,0 107.9113306,-7.1908286,0 107.9113556,-7.1908188,0 107.9113985,-7.1908084,0 107.9114414,-7.1908042,0 107.9114843,-7.1908063,0 107.9115273,-7.1908164,0 107.9115523,-7.1908286,0 107.9115702,-7.1908392,0 107.9116099,-7.1908712,0 107.9116131,-7.1908737,0 107.9116560,-7.1909012,0 107.9116856,-7.1909138,0 107.9116989,-7.1909178,0 107.9117418,-7.1909256,0 107.9117848,-7.1909304,0 107.9118277,-7.1909333,0 107.9118706,-7.1909337,0 107.9119135,-7.1909306,0 107.9119564,-7.1909224,0 107.9119839,-7.1909138,0 107.9119993,-7.1909072,0 107.9120422,-7.1908838,0 107.9120645,-7.1908712,0 107.9120852,-7.1908578,0 107.9121281,-7.1908394,0 107.9121710,-7.1908309,0 107.9121939,-7.1908286,0 107.9122139,-7.1908268,0 107.9122568,-7.1908219,0 107.9122997,-7.1908134,0 107.9123427,-7.1908005,0 107.9123826,-7.1907860,0 107.9123856,-7.1907849,0 107.9124285,-7.1907667,0 107.9124714,-7.1907462,0 107.9124762,-7.1907434,0 107.9125143,-7.1907122,0 107.9125230,-7.1907009,0 107.9125446,-7.1906583,0 107.9125572,-7.1906229,0 107.9125594,-7.1906157,0 107.9125739,-7.1905731,0 107.9125952,-7.1905306,0 107.9126001,-7.1905231,0 107.9126294,-7.1904880,0 107.9126431,-7.1904753,0 107.9126801,-7.1904454,0 107.9126860,-7.1904409,0 107.9127289,-7.1904064,0 107.9127331,-7.1904028,0 107.9127718,-7.1903674,0 107.9127800,-7.1903602,0 107.9128147,-7.1903274,0 107.9128276,-7.1903177,0 107.9128576,-7.1902934,0 107.9128908,-7.1902751,0 107.9129006,-7.1902685,0 107.9129435,-7.1902495,0 107.9129864,-7.1902405,0 107.9130293,-7.1902385,0 107.9130722,-7.1902404,0 107.9131151,-7.1902437,0 107.9131580,-7.1902467,0 107.9132010,-7.1902484,0 107.9132439,-7.1902486,0 107.9132868,-7.1902469,0 107.9133297,-7.1902427,0 107.9133726,-7.1902331,0 107.9133739,-7.1902325,0 107.9134155,-7.1902061,0 107.9134294,-7.1901899,0 107.9134541,-7.1901474,0 107.9134585,-7.1901374,0 107.9134699,-7.1901048,0 107.9134847,-7.1900622,0 107.9135011,-7.1900196,0 107.9135014,-7.1900190,0 107.9135213,-7.1899770,0 107.9135443,-7.1899396,0 107.9135478,-7.1899345,0 107.9135834,-7.1898919,0 107.9135872,-7.1898879,0 107.9136265,-7.1898493,0 107.9136301,-7.1898461,0 107.9136715,-7.1898067,0 107.9136730,-7.1898054,0 107.9137159,-7.1897644,0 107.9137162,-7.1897642,0 107.9137589,-7.1897227,0 107.9137601,-7.1897216,0 107.9138014,-7.1896790,0 107.9138018,-7.1896786,0 107.9138447,-7.1896374,0 107.9138459,-7.1896364,0 107.9138876,-7.1896071,0 107.9139128,-7.1895938,0 107.9139305,-7.1895862,0 107.9139734,-7.1895708,0 107.9140164,-7.1895575,0 107.9140371,-7.1895513,0 107.9140593,-7.1895447,0 107.9141022,-7.1895311,0 107.9141451,-7.1895160,0 107.9141643,-7.1895087,0 107.9141880,-7.1894995,0 107.9142309,-7.1894830,0 107.9142738,-7.1894686,0 107.9142837,-7.1894661,0 107.9143168,-7.1894576,0 107.9143597,-7.1894517,0 107.9144026,-7.1894511,0 107.9144455,-7.1894536,0 107.9144884,-7.1894573,0 107.9145313,-7.1894603,0 107.9145743,-7.1894624,0 107.9146059,-7.1894661,0 107.9146172,-7.1894674,0 107.9146601,-7.1894791,0 107.9147030,-7.1895056,0 107.9147063,-7.1895087,0 107.9147459,-7.1895428,0 107.9147544,-7.1895513,0 107.9147888,-7.1895797,0 107.9148064,-7.1895938,0 107.9148317,-7.1896116,0 107.9148701,-7.1896364,0 107.9148747,-7.1896392,0 107.9149176,-7.1896640,0 107.9149416,-7.1896790,0 107.9149605,-7.1896911,0 107.9150034,-7.1897191,0 107.9150078,-7.1897216,0 107.9150463,-7.1897416,0 107.9150892,-7.1897572,0 107.9151148,-7.1897642,0 107.9151322,-7.1897686,0 107.9151751,-7.1897805,0 107.9152180,-7.1897969,0 107.9152366,-7.1898067,0 107.9152609,-7.1898196,0 107.9153038,-7.1898476,0 107.9153060,-7.1898493,0 107.9153467,-7.1898809,0 107.9153588,-7.1898919,0 107.9153896,-7.1899206,0 107.9154037,-7.1899345,0 107.9154326,-7.1899610,0 107.9154517,-7.1899770,0 107.9154755,-7.1899945,0 107.9155178,-7.1900196,0 107.9155184,-7.1900200,0 107.9155613,-7.1900408,0 107.9156042,-7.1900571,0 107.9156224,-7.1900622,0 107.9156471,-7.1900694,0 107.9156901,-7.1900755,0 107.9157330,-7.1900739,0 107.9157759,-7.1900653,0 107.9157866,-7.1900622,0 107.9158188,-7.1900527,0 107.9158617,-7.1900401,0 107.9159046,-7.1900319,0 107.9159475,-7.1900300,0 107.9159905,-7.1900323,0 107.9160334,-7.1900364,0 107.9160763,-7.1900400,0 107.9161192,-7.1900420,0 107.9161621,-7.1900426,0 107.9162050,-7.1900421,0 107.9162479,-7.1900406,0 107.9162909,-7.1900381,0 107.9163338,-7.1900350,0 107.9163767,-7.1900315,0 107.9164196,-7.1900286,0 107.9164625,-7.1900263,0 107.9165054,-7.1900232,0 107.9165309,-7.1900196,0 107.9165484,-7.1900166,0 107.9165913,-7.1900013,0 107.9166272,-7.1899770,0 107.9166342,-7.1899698,0 107.9166587,-7.1899345,0 107.9166771,-7.1898919,0 107.9166771,-7.1898919,0 107.9166904,-7.1898493,0 107.9167061,-7.1898067,0 107.9167200,-7.1897805,0 107.9167285,-7.1897642,0 107.9167571,-7.1897216,0 107.9167629,-7.1897147,0 107.9167890,-7.1896790,0 107.9168058,-7.1896615,0 107.9168314,-7.1896364,0 107.9168488,-7.1896224,0 107.9168861,-7.1895938,0 107.9168917,-7.1895893,0 107.9169324,-7.1895513,0 107.9169346,-7.1895487,0 107.9169655,-7.1895087,0 107.9169775,-7.1894933,0 107.9170015,-7.1894661,0 107.9170204,-7.1894477,0 107.9170511,-7.1894235,0 107.9170633,-7.1894137,0 107.9171063,-7.1893829,0 107.9171092,-7.1893810,0 107.9171492,-7.1893526,0 107.9171839,-7.1893384,0 107.9171921,-7.1893353,0 107.9172350,-7.1893252,0 107.9172779,-7.1893184,0 107.9173208,-7.1893102,0 107.9173628,-7.1892958,0 107.9173637,-7.1892953,0 107.9174067,-7.1892585,0 107.9174112,-7.1892532,0 107.9174496,-7.1892106,0 107.9174496,-7.1892106,0 107.9174925,-7.1891825,0 107.9175181,-7.1891681,0 107.9175354,-7.1891586,0 107.9175783,-7.1891295,0 107.9175827,-7.1891255,0 107.9176076,-7.1890829,0 107.9176064,-7.1890403,0 107.9175808,-7.1889978,0 107.9175783,-7.1889951,0 107.9175354,-7.1889590,0 107.9175298,-7.1889552,0 107.9174925,-7.1889288,0 107.9174684,-7.1889126,0 107.9174496,-7.1888917,0 107.9174331,-7.1888700,0 107.9174228,-7.1888274,0 107.9174249,-7.1887849,0 107.9174347,-7.1887423,0 107.9174430,-7.1886997,0 107.9174366,-7.1886571,0 107.9174233,-7.1886146,0 107.9174224,-7.1885720,0 107.9174496,-7.1885352,0 107.9174925,-7.1885371,0 107.9175354,-7.1885635,0 107.9175599,-7.1885720,0 107.9175354,-7.1886060,0 107.9175329,-7.1886146,0 107.9175106,-7.1886571,0 107.9175255,-7.1886997,0 107.9175354,-7.1887029,0 107.9175783,-7.1887114,0 107.9176212,-7.1887012,0 107.9176231,-7.1886997,0 107.9176309,-7.1886571,0 107.9176212,-7.1886259,0 107.9176105,-7.1886146,0 107.9175848,-7.1885720,0 107.9176156,-7.1885294,0 107.9176212,-7.1885271,0 107.9176597,-7.1884868,0 107.9176642,-7.1884835,0 107.9177042,-7.1884442,0 107.9177071,-7.1884414,0 107.9177488,-7.1884017,0 107.9177500,-7.1884000,0</coordinates></LineString></Placemark>
<Placemark><name>690 m</name><styleUrl>#k</styleUrl><LineString><tessellate>1</tessellate><coordinates>107.9177500,-7.1880210,0 107.9177480,-7.1880185,0 107.9177071,-7.1879779,0 107.9177051,-7.1879759,0 107.9176642,-7.1879353,0 107.9176621,-7.1879333,0 107.9176212,-7.1878927,0 107.9176201,-7.1878907,0 107.9175783,-7.1878504,0 107.9175763,-7.1878481,0 107.9175354,-7.1878076,0 107.9175334,-7.1878056,0 107.9174925,-7.1877650,0 107.9174905,-7.1877630,0 107.9174496,-7.1877224,0 107.9174475,-7.1877204,0 107.9174218,-7.1876778,0 107.9174067,-7.1876486,0 107.9173999,-7.1876353,0 107.9173785,-7.1875927,0 107.9173637,-7.1875634,0 107.9173570,-7.1875501,0 107.9173356,-7.1875075,0 107.9173208,-7.1874783,0 107.9173141,-7.1874649,0 107.9172927,-7.1874224,0 107.9172779,-7.1873931,0 107.9172712,-7.1873798,0 107.9172501,-7.1873372,0 107.9172350,-7.1873079,0 107.9172282,-7.1872946,0 107.9172068,-7.1872521,0 107.9171921,-7.1872228,0 107.9171853,-7.1872095,0 107.9171639,-7.1871669,0 107.9171492,-7.1871376,0 107.9171424,-7.1871243,0 107.9171210,-7.1870817,0 107.9171063,-7.1870525,0 107.9171012,-7.1870392,0 107.9170966,-7.1869966,0 107.9170959,-7.1869540,0 107.9170951,-7.1869114,0 107.9170941,-7.1868689,0 107.9170930,-7.1868263,0 107.9170909,-7.1867837,0 107.9170868,-7.1867411,0 107.9170732,-7.1866985,0 107.9170633,-7.1866803,0 107.9170204,-7.1866803,0 107.9169775,-7.1866800,0 107.9169346,-7.1866801,0 107.9168917,-7.1866603,0 107.9168843,-7.1866560,0 107.9168488,-7.1866358,0 107.9168058,-7.1866178,0 107.9167927,-7.1866134,0 107.9167629,-7.1866047,0 107.9167200,-7.1865932,0 107.9166771,-7.1865784,0 107.9166591,-7.1865708,0 107.9166342,-7.1865583,0 107.9165913,-7.1865282,0 107.9165913,-7.1865282,0 107.9165521,-7.1864856,0 107.9165484,-7.1864808,0 107.9165262,-7.1864431,0 107.9165082,-7.1864005,0 107.9165054,-7.1863924,0 107.9164950,-7.1863579,0 107.9165054,-7.1863203,0 107.9165068,-7.1863153,0 107.9165282,-7.1862728,0 107.9165484,-7.1862328,0 107.9165501,-7.1862302,0 107.9165759,-7.1861876,0 107.9165913,-7.1861615,0 107.9166074,-7.1861450,0 107.9166342,-7.1861184,0 107.9166503,-7.1861024,0 107.9166771,-7.1860758,0 107.9166932,-7.1860599,0 107.9167200,-7.1860333,0 107.9167612,-7.1860173,0 107.9167629,-7.1860169,0 107.9167636,-7.1860173,0 107.9168058,-7.1860592,0 107.9168065,-7.1860599,0 107.9168488,-7.1861018,0 107.9168494,-7.1861024,0 107.9168917,-7.1861444,0 107.9168926,-7.1861450,0 107.9169346,-7.1861752,0 107.9169775,-7.1861779,0 107.9170204,-7.1861810,0 107.9170633,-7.1861849,0 107.9170695,-7.1861876,0 107.9170828,-7.1862302,0 107.9170887,-7.1862728,0 107.9170922,-7.1863153,0 107.9170940,-7.1863579,0 107.9170940,-7.1864005,0 107.9170940,-7.1864431,0 107.9170940,-7.1864856,0 107.9170944,-7.1865282,0 107.9170984,-7.1865708,0 107.9171063,-7.1866006,0 107.9171492,-7.1866009,0 107.9171921,-7.1866011,0 107.9172350,-7.1866012,0 107.9172779,-7.1865982,0 107.9173208,-7.1865851,0 107.9173568,-7.1865708,0 107.9173637,-7.1865675,0 107.9174067,-7.1865422,0 107.9174479,-7.1865282,0 107.9174496,-7.1865276,0 107.9174503,-7.1865282,0 107.9174925,-7.1865701,0 107.9174932,-7.1865708,0 107.9175354,-7.1866127,0 107.9175361,-7.1866134,0 107.9175783,-7.1866553,0 107.9175789,-7.1866560,0 107.9176212,-7.1866975,0 107.9176219,-7.1866985,0 107.9176642,-7.1867404,0 107.9176648,-7.1867411,0 107.9177071,-7.1867830,0 107.9177077,-7.1867837,0 107.9177500,-7.1868256,0</coordinates></LineString></Placemark>
<Placemark><name>690 m</name><styleUrl>#k</styleUrl><LineString><tessellate>1</tessellate><coordinates>107.9121281,-7.1851488,0 107.9120928,-7.1851657,0 107.9120852,-7.1851690,0 107.9120456,-7.1852083,0 107.9120422,-7.1852116,0 107.9120027,-7.1852509,0 107.9119993,-7.1852542,0 107.9119598,-7.1852935,0 107.9119564,-7.1852986,0 107.9119319,-7.1853360,0 107.9119319,-7.1853786,0 107.9119319,-7.1854212,0 107.9119319,-7.1854638,0 107.9119319,-7.1855063,0 107.9119319,-7.1855489,0 107.9119319,-7.1855915,0 107.9119319,-7.1856341,0 107.9119175,-7.1856767,0 107.9119135,-7.1856807,0 107.9118746,-7.1857192,0 107.9118706,-7.1857232,0 107.9118317,-7.1857618,0 107.9118277,-7.1857658,0 107.9117888,-7.1858044,0 107.9117848,-7.1858103,0 107.9117673,-7.1858470,0 107.9117673,-7.1858896,0 107.9117673,-7.1859321,0 107.9117673,-7.1859747,0 107.9117766,-7.1860173,0 107.9117848,-7.1860286,0 107.9118163,-7.1860599,0 107.9118277,-7.1860712,0 107.9118592,-7.1861024,0 107.9118706,-7.1861138,0 107.9119021,-7.1861450,0 107.9119135,-7.1861567,0 107.9119564,-7.1861734,0 107.9119993,-7.1861714,0 107.9120422,-7.1861697,0 107.9120852,-7.1861682,0 107.9121142,-7.1861450,0 107.9121281,-7.1861328,0 107.9121502,-7.1861024,0 107.9121710,-7.1860790,0 107.9121912,-7.1860599,0 107.9122139,-7.1860414,0 107.9122506,-7.1860173,0 107.9122568,-7.1860138,0 107.9122997,-7.1859819,0 107.9123082,-7.1859747,0 107.9123427,-7.1859484,0 107.9123675,-7.1859321,0 107.9123856,-7.1859215,0 107.9124285,-7.1858990,0 107.9124448,-7.1858896,0 107.9124714,-7.1858746,0 107.9125133,-7.1858470,0 107.9125143,-7.1858459,0 107.9125572,-7.1858050,0 107.9125580,-7.1858044,0 107.9126001,-7.1857636,0 107.9126020,-7.1857618,0 107.9126431,-7.1857249,0 107.9126488,-7.1857192,0 107.9126860,-7.1856824,0 107.9126917,-7.1856767,0 107.9127063,-7.1856341,0 107.9127063,-7.1855915,0 107.9127063,-7.1855489,0 107.9127063,-7.1855063,0 107.9126984,-7.1854638,0 107.9126860,-7.1854266,0 107.9126839,-7.1854212,0 107.9126638,-7.1853786,0 107.9126431,-7.1853469,0 107.9126277,-7.1853360,0 107.9126001,-7.1853186,0 107.9125572,-7.1853129,0 107.9125143,-7.1853063,0 107.9124714,-7.1852988,0 107.9124631,-7.1852935,0 107.9124520,-7.1852509,0 107.9124415,-7.1852083,0 107.9124323,-7.1851657,0 107.9124285,-7.1851624,0 107.9123856,-7.1851557,0 107.9123427,-7.1851459,0 107.9122997,-7.1851330,0 107.9122568,-7.1851307,0 107.9122139,-7.1851399,0 107.9121710,-7.1851453,0 107.9121281,-7.1851488,0</coordinates></LineString></Placemark>
<Placemark><name>690 m</name><styleUrl>#k</styleUrl><LineString><tessellate>1</tessellate><coordinates>107.9136730,-7.1875391,0 107.9137159,-7.1875362,0 107.9137589,-7.1875313,0 107.9138018,-7.1875211,0 107.9138447,-7.1875075,0 107.9138876,-7.1875075,0 107.9139121,-7.1875501,0 107.9139107,-7.1875927,0 107.9139106,-7.1876353,0 107.9139105,-7.1876778,0 107.9139107,-7.1877204,0 107.9139107,-7.1877630,0 107.9139107,-7.1878056,0 107.9139107,-7.1878481,0 107.9139060,-7.1878907,0 107.9138876,-7.1879273,0 107.9138846,-7.1879333,0 107.9138631,-7.1879759,0 107.9138447,-7.1880125,0 107.9138403,-7.1880185,0 107.9138173,-7.1880610,0 107.9138173,-7.1881036,0 107.9138179,-7.1881462,0 107.9138228,-7.1881888,0 107.9138244,-7.1882314,0 107.9138238,-7.1882739,0 107.9138227,-7.1883165,0 107.9138228,-7.1883591,0 107.9138269,-7.1884017,0 107.9138346,-7.1884442,0 107.9138421,-7.1884868,0 107.9138322,-7.1885294,0 107.9138018,-7.1885502,0 107.9137589,-7.1885628,0 107.9137159,-7.1885615,0 107.9136730,-7.1885488,0 107.9136340,-7.1885294,0 107.9136301,-7.1885279,0 107.9135872,-7.1885075,0 107.9135443,-7.1884886,0 107.9135406,-7.1884868,0 107.9135014,-7.1884703,0 107.9134585,-7.1884518,0 107.9134419,-7.1884442,0 107.9134155,-7.1884315,0 107.9133726,-7.1884103,0 107.9133555,-7.1884017,0 107.9133297,-7.1883825,0 107.9133006,-7.1883591,0 107.9132868,-7.1883255,0 107.9132833,-7.1883165,0 107.9132868,-7.1882793,0 107.9132873,-7.1882739,0 107.9132999,-7.1882314,0 107.9133098,-7.1881888,0 107.9133098,-7.1881462,0 107.9133082,-7.1881036,0 107.9133082,-7.1880610,0 107.9133297,-7.1880343,0 107.9133424,-7.1880185,0 107.9133726,-7.1879885,0 107.9133854,-7.1879759,0 107.9134155,-7.1879459,0 107.9134283,-7.1879333,0 107.9134585,-7.1879034,0 107.9134716,-7.1878907,0 107.9134824,-7.1878481,0 107.9134843,-7.1878056,0 107.9134861,-7.1877630,0 107.9134874,-7.1877204,0 107.9135014,-7.1876940,0 107.9135141,-7.1876778,0 107.9135443,-7.1876479,0 107.9135570,-7.1876353,0 107.9135872,-7.1876053,0 107.9135999,-7.1875927,0 107.9136301,-7.1875627,0 107.9136541,-7.1875501,0 107.9136730,-7.1875391,0</coordinates></LineString></Placemark>
<Placemark><name>690 m</name><styleUrl>#k</styleUrl><LineString><tessellate>1</tessellate><coordinates>107.9153896,-7.1881036,0 107.9154326,-7.1881036,0 107.9154755,-7.1881036,0 107.9155184,-7.1881036,0 107.9155264,-7.1881462,0 107.9155527,-7.1881888,0 107.9155613,-7.1881935,0 107.9155685,-7.1881888,0 107.9156042,-7.1881814,0 107.9156471,-7.1881772,0 107.9156901,-7.1881839,0 107.9156994,-7.1881888,0 107.9157330,-7.1882220,0 107.9157374,-7.1882314,0 107.9157396,-7.1882739,0 107.9157330,-7.1883165,0 107.9157330,-7.1883165,0 107.9157180,-7.1883591,0 107.9157055,-7.1884017,0 107.9156952,-7.1884442,0 107.9156901,-7.1884698,0 107.9156850,-7.1884868,0 107.9156901,-7.1885294,0 107.9156901,-7.1885294,0 107.9157330,-7.1885294,0 107.9157330,-7.1885294,0 107.9157759,-7.1885095,0 107.9158188,-7.1885067,0 107.9158617,-7.1885189,0 107.9158746,-7.1885294,0 107.9159046,-7.1885649,0 107.9159076,-7.1885720,0 107.9159143,-7.1886146,0 107.9159114,-7.1886571,0 107.9159046,-7.1886798,0 107.9158926,-7.1886997,0 107.9158617,-7.1887298,0 107.9158188,-7.1887364,0 107.9157759,-7.1887254,0 107.9157330,-7.1887104,0 107.9156901,-7.1887084,0 107.9156471,-7.1887228,0 107.9156042,-7.1887368,0 107.9155613,-7.1887238,0 107.9155443,-7.1886997,0 107.9155330,-7.1886571,0 107.9155345,-7.1886146,0 107.9155435,-7.1885720,0 107.9155506,-7.1885294,0 107.9155534,-7.1884868,0 107.9155526,-7.1884442,0 107.9155500,-7.1884017,0 107.9155467,-7.1883591,0 107.9155429,-7.1883165,0 107.9155365,-7.1882739,0 107.9155232,-7.1882314,0 107.9155184,-7.1882228,0 107.9154755,-7.1882292,0 107.9154326,-7.1882260,0 107.9153896,-7.1882073,0 107.9153731,-7.1881888,0 107.9153693,-7.1881462,0 107.9153896,-7.1881036,0</coordinates></LineString></Placemark>
<Placemark><name>690 m</name><styleUrl>#k</styleUrl><LineString><tessellate>1</tessellate><coordinates>107.9105831,-7.1888673,0 107.9105756,-7.1888700,0 107.9105402,-7.1888951,0 107.9105155,-7.1889126,0 107.9104973,-7.1889327,0 107.9104682,-7.1889552,0 107.9104544,-7.1889650,0 107.9104115,-7.1889957,0 107.9104096,-7.1889978,0 107.9103885,-7.1890403,0 107.9104055,-7.1890829,0 107.9104115,-7.1890876,0 107.9104544,-7.1891019,0 107.9104973,-7.1891033,0 107.9105276,-7.1890829,0 107.9105402,-7.1890677,0 107.9105831,-7.1890471,0 107.9106260,-7.1890555,0 107.9106690,-7.1890623,0 107.9107119,-7.1890590,0 107.9107350,-7.1890403,0 107.9107548,-7.1890063,0 107.9107564,-7.1889978,0 107.9107578,-7.1889552,0 107.9107548,-7.1889410,0 107.9107467,-7.1889126,0 107.9107141,-7.1888700,0 107.9107119,-7.1888684,0 107.9106690,-7.1888563,0 107.9106260,-7.1888575,0 107.9105831,-7.1888673,0</coordinates></LineString></Placemark>
<Placemark><name>690 m</name><styleUrl>#k</styleUrl><LineString><tessellate>1</tessellate><coordinates>107.9093815,-7.1898919,0 107.9093815,-7.1898919,0 107.9093386,-7.1899125,0 107.9092957,-7.1899249,0 107.9092581,-7.1899345,0 107.9092527,-7.1899362,0 107.9092098,-7.1899595,0 107.9091886,-7.1899770,0 107.9091669,-7.1900092,0 107.9091623,-7.1900196,0 107.9091669,-7.1900622,0 107.9091669,-7.1900622,0 107.9092098,-7.1900865,0 107.9092527,-7.1900927,0 107.9092957,-7.1900875,0 107.9093386,-7.1900764,0 107.9093815,-7.1900748,0 107.9094244,-7.1900839,0 107.9094673,-7.1900888,0 107.9095102,-7.1900798,0 107.9095331,-7.1900622,0 107.9095532,-7.1900264,0 107.9095552,-7.1900196,0 107.9095563,-7.1899770,0 107.9095532,-7.1899636,0 107.9095426,-7.1899345,0 107.9095102,-7.1898958,0 107.9095024,-7.1898919,0 107.9094673,-7.1898803,0 107.9094244,-7.1898808,0 107.9093815,-7.1898919,0</coordinates></LineString></Placemark>
<Placemark><name>692 m</name><styleUrl>#k</styleUrl><LineString><tessellate>1</tessellate><coordinates>107.9177500,-7.1822481,0 107.9177071,-7.1822481,0 107.9176642,-7.1822481,0 107.9176212,-7.1822481,0 107.9175783,-7.1822461,0 107.9175354,-7.1822442,0 107.9174925,-7.1822427,0 107.9174496,-7.1822413,0 107.9174067,-7.1822418,0 107.9173637,-7.1822434,0 107.9173208,-7.1822451,0 107.9172779,-7.1822472,0 107.9172464,-7.1822704,0 107.9172350,-7.1822790,0 107.9172008,-7.1823130,0 107.9171921,-7.1823216,0 107.9171579,-7.1823555,0 107.9171492,-7.1823642,0 107.9171150,-7.1823981,0 107.9171063,-7.1824144,0 107.9171005,-7.1824407,0 107.9170996,-7.1824833,0 107.9170985,-7.1825259,0 107.9170975,-7.1825684,0 107.9170971,-7.1826110,0 107.9170971,-7.1826536,0 107.9170971,-7.1826962,0 107.9170971,-7.1827387,0 107.9170968,-7.1827813,0 107.9170961,-7.1828239,0 107.9170953,-7.1828665,0 107.9170944,-7.1829091,0 107.9170932,-7.1829516,0 107.9170920,-7.1829942,0 107.9170904,-7.1830368,0 107.9170882,-7.1830794,0 107.9170875,-7.1831220,0 107.9170891,-7.1831645,0 107.9170909,-7.1832071,0 107.9170926,-7.1832497,0 107.9170950,-7.1832923,0 107.9170972,-7.1833348,0 107.9171005,-7.1833774,0 107.9171044,-7.1834200,0 107.9171063,-7.1834626,0 107.9171063,-7.1835052,0 107.9171063,-7.1835477,0 107.9171063,-7.1835903,0 107.9170633,-7.1835976,0 107.9170204,-7.1836048,0 107.9169775,-7.1836096,0 107.9169346,-7.1836130,0 107.9169250,-7.1836329,0 107.9169011,-7.1836755,0 107.9168917,-7.1836902,0 107.9168778,-7.1837181,0 107.9168526,-7.1837606,0 107.9168488,-7.1837662,0 107.9168207,-7.1838032,0 107.9168058,-7.1838199,0 107.9167793,-7.1838458,0 107.9167629,-7.1838596,0 107.9167200,-7.1838847,0 107.9167126,-7.1838884,0 107.9166771,-7.1839060,0 107.9166342,-7.1839273,0 107.9166268,-7.1839309,0 107.9165913,-7.1839457,0 107.9165484,-7.1839624,0 107.9165222,-7.1839735,0 107.9165054,-7.1839791,0 107.9164625,-7.1839934,0 107.9164196,-7.1840075,0 107.9163767,-7.1840086,0 107.9163338,-7.1840013,0 107.9162909,-7.1839894,0 107.9162572,-7.1839735,0 107.9162479,-7.1839667,0 107.9162050,-7.1839309,0 107.9162050,-7.1839309,0 107.9161621,-7.1839052,0 107.9161225,-7.1838884,0 107.9161192,-7.1838872,0 107.9160763,-7.1838737,0 107.9160334,-7.1838622,0 107.9159905,-7.1838475,0 107.9159862,-7.1838458,0 107.9159475,-7.1838278,0 107.9159107,-7.1838032,0 107.9159046,-7.1837998,0 107.9158617,-7.1837913,0 107.9158188,-7.1837913,0 107.9157759,-7.1837913,0 107.9157330,-7.1837913,0 107.9156901,-7.1837913,0 107.9156471,-7.1837913,0 107.9156042,-7.1837913,0 107.9155613,-7.1837913,0 107.9155313,-7.1838032,0 107.9155184,-7.1838112,0 107.9154835,-7.1838458,0 107.9154755,-7.1838538,0 107.9154406,-7.1838884,0 107.9154326,-7.1838964,0 107.9153977,-7.1839309,0 107.9153896,-7.1839440,0 107.9153467,-7.1839735,0 107.9153038,-7.1839735,0 107.9152609,-7.1839735,0 107.9152180,-7.1839735,0 107.9152180,-7.1839735,0 107.9152180,-7.1840161,0 107.9152180,-7.1840587,0 107.9152180,-7.1841013,0 107.9151751,-7.1841268,0 107.9151322,-7.1841258,0 107.9150892,-7.1841262,0 107.9150463,-7.1841259,0 107.9150034,-7.1841259,0 107.9149605,-7.1841259,0 107.9149176,-7.1841259,0 107.9148747,-7.1841259,0 107.9148317,-7.1841259,0 107.9147888,-7.1841259,0 107.9147459,-7.1841259,0 107.9147030,-7.1841259,0 107.9146601,-7.1841259,0 107.9146172,-7.1841259,0 107.9145743,-7.1841259,0 107.9145313,-7.1841259,0 107.9145000,-7.1841438,0 107.9144884,-7.1841505,0 107.9144522,-7.1841864,0 107.9144455,-7.1841931,0 107.9144093,-7.1842290,0 107.9144026,-7.1842356,0 107.9143664,-7.1842716,0 107.9143597,-7.1842764,0 107.9143168,-7.1842896,0 107.9142738,-7.1842896,0 107.9142309,-7.1842896,0 107.9141880,-7.1842896,0 107.9141451,-7.1843065,0 107.9141337,-7.1843142,0 107.9141022,-7.1843298,0 107.9140593,-7.1843510,0 107.9140479,-7.1843567,0 107.9140164,-7.1843724,0 107.9139809,-7.1843993,0 107.9139734,-7.1844050,0 107.9139363,-7.1844419,0 107.9139305,-7.1844484,0 107.9138971,-7.1844845,0 107.9138876,-7.1844954,0 107.9138560,-7.1845270,0 107.9138447,-7.1845370,0 107.9138018,-7.1845589,0 107.9137679,-7.1845696,0 107.9137589,-7.1845729,0 107.9137159,-7.1845921,0 107.9136834,-7.1846122,0 107.9136730,-7.1846251,0 107.9136301,-7.1846548,0 107.9135872,-7.1846548,0 107.9135443,-7.1846548,0 107.9135014,-7.1846548,0 107.9134585,-7.1846548,0 107.9134155,-7.1846548,0 107.9133726,-7.1846548,0 107.9133297,-7.1846548,0 107.9133297,-7.1846548,0 107.9133297,-7.1846974,0 107.9133297,-7.1847399,0 107.9133297,-7.1847825,0 107.9133297,-7.1847825,0 107.9133726,-7.1847825,0 107.9134155,-7.1847825,0 107.9134585,-7.1847825,0 107.9135014,-7.1847825,0 107.9135443,-7.1847825,0 107.9135872,-7.1847825,0 107.9136301,-7.1847825,0 107.9136337,-7.1848251,0 107.9136398,-7.1848677,0 107.9136427,-7.1849103,0 107.9136444,-7.1849528,0 107.9136463,-7.1849954,0 107.9136483,-7.1850380,0 107.9136501,-7.1850806,0 107.9136517,-7.1851231,0 107.9136521,-7.1851657,0 107.9136505,-7.1852083,0 107.9136488,-7.1852509,0 107.9136469,-7.1852935,0 107.9136351,-7.1853360,0 107.9136301,-7.1853434,0 107.9135946,-7.1853786,0 107.9135872,-7.1853859,0 107.9135517,-7.1854212,0 107.9135443,-7.1854285,0 107.9135087,-7.1854638,0 107.9135014,-7.1854872,0 107.9134950,-7.1855063,0 107.9135014,-7.1855123,0 107.9135382,-7.1855489,0 107.9135443,-7.1855549,0 107.9135812,-7.1855915,0 107.9135872,-7.1855975,0 107.9136241,-7.1856341,0 107.9136301,-7.1856377,0 107.9136730,-7.1856632,0 107.9136997,-7.1856767,0 107.9137159,-7.1856810,0 107.9137589,-7.1856916,0 107.9138018,-7.1857006,0 107.9138447,-7.1857064,0 107.9138876,-7.1857093,0 107.9139305,-7.1857128,0 107.9139734,-7.1857169,0 107.9139959,-7.1857192,0 107.9140164,-7.1857216,0 107.9140593,-7.1857271,0 107.9141022,-7.1857338,0 107.9141451,-7.1857422,0 107.9141880,-7.1857427,0 107.9142309,-7.1857290,0 107.9142549,-7.1857192,0 107.9142738,-7.1857101,0 107.9143168,-7.1856832,0 107.9143325,-7.1856767,0 107.9143597,-7.1856430,0 107.9144026,-7.1856561,0 107.9144455,-7.1856666,0 107.9144884,-7.1856734,0 107.9144896,-7.1856767,0 107.9144934,-7.1857192,0 107.9144975,-7.1857618,0 107.9145021,-7.1858044,0 107.9145147,-7.1858470,0 107.9145313,-7.1858739,0 107.9145374,-7.1858896,0 107.9145516,-7.1859321,0 107.9145633,-7.1859747,0 107.9145732,-7.1860173,0 107.9145743,-7.1860225,0 107.9145815,-7.1860599,0 107.9145887,-7.1861024,0 107.9145950,-7.1861450,0 107.9146022,-7.1861876,0 107.9146130,-7.1862302,0 107.9146172,-7.1862468,0 107.9146237,-7.1862728,0 107.9146344,-7.1863153,0 107.9146452,-7.1863579,0 107.9146559,-7.1864005,0 107.9146601,-7.1864171,0 107.9146674,-7.1864431,0 107.9146794,-7.1864856,0 107.9146912,-7.1865282,0 107.9147030,-7.1865695,0 107.9147034,-7.1865708,0 107.9147177,-7.1866134,0 107.9147321,-7.1866560,0 107.9147459,-7.1866937,0 107.9147477,-7.1866985,0 107.9147696,-7.1867411,0 107.9147888,-7.1867729,0 107.9147960,-7.1867837,0 107.9148283,-7.1868263,0 107.9148317,-7.1868318,0 107.9148570,-7.1868689,0 107.9148570,-7.1869114,0 107.9148569,-7.1869540,0 107.9148572,-7.1869966,0 107.9148564,-7.1870392,0 107.9148532,-7.1870817,0 107.9148481,-7.1871243,0 107.9148408,-7.1871669,0 107.9148317,-7.1872095,0 107.9147888,-7.1872095,0 107.9147459,-7.1872095,0 107.9147030,-7.1872095,0 107.9147030,-7.1872095,0 107.9147030,-7.1872521,0 107.9146601,-7.1872834,0 107.9146172,-7.1872844,0 107.9145743,-7.1872842,0 107.9145313,-7.1872842,0 107.9144884,-7.1872777,0 107.9144455,-7.1872633,0 107.9144192,-7.1872521,0 107.9144026,-7.1872437,0 107.9143597,-7.1872155,0 107.9143525,-7.1872095,0 107.9143168,-7.1871901,0 107.9142765,-7.1871669,0 107.9142738,-7.1871656,0 107.9142309,-7.1871443,0 107.9141907,-7.1871243,0 107.9141880,-7.1871230,0 107.9141451,-7.1870946,0 107.9141308,-7.1870817,0 107.9141022,-7.1870520,0 107.9140914,-7.1870392,0 107.9140741,-7.1869966,0 107.9140593,-7.1869550,0 107.9140588,-7.1869540,0 107.9140383,-7.1869114,0 107.9140164,-7.1868793,0 107.9140072,-7.1868689,0 107.9139734,-7.1868372,0 107.9139586,-7.1868263,0 107.9139305,-7.1868100,0 107.9138876,-7.1867911,0 107.9138661,-7.1867837,0 107.9138447,-7.1867773,0 107.9138018,-7.1867607,0 107.9137622,-7.1867411,0 107.9137589,-7.1867394,0 107.9137159,-7.1867182,0 107.9136764,-7.1866985,0 107.9136730,-7.1866973,0 107.9136301,-7.1866973,0 107.9136265,-7.1866985,0 107.9135872,-7.1867139,0 107.9135443,-7.1867274,0 107.9135014,-7.1867388,0 107.9134875,-7.1867411,0 107.9134585,-7.1867460,0 107.9134155,-7.1867518,0 107.9133726,-7.1867586,0 107.9133297,-7.1867671,0 107.9132868,-7.1867721,0 107.9132439,-7.1867721,0 107.9132010,-7.1867721,0 107.9131580,-7.1867721,0 107.9131151,-7.1867777,0 107.9130949,-7.1867837,0 107.9130722,-7.1867915,0 107.9130293,-7.1868108,0 107.9130029,-7.1868263,0 107.9129864,-7.1868384,0 107.9129435,-7.1868585,0 107.9129006,-7.1868608,0 107.9128576,-7.1868633,0 107.9128147,-7.1868671,0 107.9128133,-7.1868689,0 107.9128071,-7.1869114,0 107.9128018,-7.1869540,0 107.9127963,-7.1869966,0 107.9128030,-7.1870392,0 107.9128147,-7.1870505,0 107.9128462,-7.1870817,0 107.9128576,-7.1870931,0 107.9128892,-7.1871243,0 107.9129006,-7.1871356,0 107.9129321,-7.1871669,0 107.9129435,-7.1872071,0 107.9129438,-7.1872095,0 107.9129435,-7.1872098,0 107.9129006,-7.1872377,0 107.9128827,-7.1872521,0 107.9128576,-7.1872755,0 107.9128405,-7.1872946,0 107.9128147,-7.1873301,0 107.9128061,-7.1873372,0 107.9127718,-7.1873631,0 107.9127289,-7.1873631,0 107.9126860,-7.1873631,0 107.9126431,-7.1873631,0 107.9126001,-7.1873476,0 107.9125874,-7.1873372,0 107.9125572,-7.1873073,0 107.9125445,-7.1872946,0 107.9125143,-7.1872647,0 107.9125016,-7.1872521,0 107.9124714,-7.1872221,0 107.9124481,-7.1872095,0 107.9124285,-7.1872030,0 107.9123856,-7.1872022,0 107.9123427,-7.1872012,0 107.9122997,-7.1871997,0 107.9122761,-7.1872095,0 107.9122568,-7.1872181,0 107.9122226,-7.1872521,0 107.9122139,-7.1872607,0 107.9121797,-7.1872946,0 107.9121710,-7.1873033,0 107.9121368,-7.1873372,0 107.9121281,-7.1873459,0 107.9120939,-7.1873798,0 107.9120852,-7.1873884,0 107.9120510,-7.1874224,0 107.9120422,-7.1874310,0 107.9120080,-7.1874649,0 107.9119993,-7.1874736,0 107.9119651,-7.1875075,0 107.9119564,-7.1875182,0 107.9119386,-7.1875501,0 107.9119364,-7.1875927,0 107.9119346,-7.1876353,0 107.9119330,-7.1876778,0 107.9119319,-7.1877204,0 107.9119319,-7.1877630,0 107.9119319,-7.1878056,0 107.9119319,-7.1878481,0 107.9119363,-7.1878907,0 107.9119564,-7.1879300,0 107.9119581,-7.1879333,0 107.9119794,-7.1879759,0 107.9119993,-7.1880151,0 107.9120010,-7.1880185,0 107.9120223,-7.1880610,0 107.9120422,-7.1881003,0 107.9120439,-7.1881036,0 107.9120798,-7.1881462,0 107.9120852,-7.1881607,0 107.9121008,-7.1881888,0 107.9121281,-7.1882264,0 107.9121347,-7.1882314,0 107.9121710,-7.1882589,0 107.9121924,-7.1882739,0 107.9122139,-7.1882929,0 107.9122347,-7.1883165,0 107.9122568,-7.1883438,0 107.9122684,-7.1883591,0 107.9122997,-7.1883927,0 107.9123077,-7.1884017,0 107.9123401,-7.1884442,0 107.9123427,-7.1884493,0 107.9123567,-7.1884868,0 107.9123633,-7.1885294,0 107.9123657,-7.1885720,0 107.9123660,-7.1886146,0 107.9123651,-7.1886571,0 107.9123640,-7.1886997,0 107.9123632,-7.1887423,0 107.9123627,-7.1887849,0 107.9123630,-7.1888274,0 107.9123635,-7.1888700,0 107.9123641,-7.1889126,0 107.9123650,-7.1889552,0 107.9123658,-7.1889978,0 107.9123666,-7.1890403,0 107.9123670,-7.1890829,0 107.9123660,-7.1891255,0 107.9123632,-7.1891681,0 107.9123573,-7.1892106,0 107.9123460,-7.1892532,0 107.9123427,-7.1892628,0 107.9123299,-7.1892958,0 107.9123092,-7.1893384,0 107.9122997,-7.1893570,0 107.9122831,-7.1893810,0 107.9122568,-7.1894227,0 107.9122562,-7.1894235,0 107.9122385,-7.1894661,0 107.9122377,-7.1895087,0 107.9122568,-7.1895496,0 107.9122589,-7.1895513,0 107.9122997,-7.1895680,0 107.9123427,-7.1895658,0 107.9123856,-7.1895577,0 107.9124285,-7.1895568,0 107.9124659,-7.1895938,0 107.9124628,-7.1896364,0 107.9124516,-7.1896790,0 107.9124477,-7.1897216,0 107.9124539,-7.1897642,0 107.9124616,-7.1898067,0 107.9124628,-7.1898493,0 107.9124527,-7.1898919,0 107.9124285,-7.1899279,0 107.9124221,-7.1899345,0 107.9123856,-7.1899570,0 107.9123427,-7.1899755,0 107.9123384,-7.1899770,0 107.9122997,-7.1899901,0 107.9122568,-7.1900079,0 107.9122351,-7.1900196,0 107.9122139,-7.1900324,0 107.9121710,-7.1900600,0 107.9121652,-7.1900622,0 107.9121281,-7.1900769,0 107.9120852,-7.1900653,0 107.9120818,-7.1900622,0 107.9120422,-7.1900265,0 107.9120363,-7.1900196,0 107.9119993,-7.1899799,0 107.9119968,-7.1899770,0 107.9119577,-7.1899345,0 107.9119564,-7.1899330,0 107.9119226,-7.1898919,0 107.9119135,-7.1898803,0 107.9118898,-7.1898493,0 107.9118706,-7.1898261,0 107.9118534,-7.1898067,0 107.9118277,-7.1897822,0 107.9118062,-7.1897642,0 107.9117848,-7.1897490,0 107.9117418,-7.1897250,0 107.9117342,-7.1897216,0 107.9116989,-7.1897087,0 107.9116560,-7.1896965,0 107.9116131,-7.1896856,0 107.9115916,-7.1896790,0 107.9115702,-7.1896726,0 107.9115273,-7.1896544,0 107.9114969,-7.1896364,0 107.9114843,-7.1896274,0 107.9114461,-7.1895938,0 107.9114414,-7.1895888,0 107.9114017,-7.1895513,0 107.9113985,-7.1895483,0 107.9113556,-7.1895227,0 107.9113176,-7.1895087,0 107.9113127,-7.1895070,0 107.9112698,-7.1894940,0 107.9112269,-7.1894755,0 107.9112136,-7.1894661,0 107.9111839,-7.1894360,0 107.9111752,-7.1894235,0 107.9111527,-7.1893810,0 107.9111410,-7.1893558,0 107.9111324,-7.1893384,0 107.9111104,-7.1892958,0 107.9110981,-7.1892727,0 107.9110878,-7.1892532,0 107.9110671,-7.1892106,0 107.9110552,-7.1891851,0 107.9110480,-7.1891681,0 107.9110290,-7.1891255,0 107.9110123,-7.1890924,0 107.9110071,-7.1890829,0 107.9109828,-7.1890403,0 107.9109694,-7.1890164,0 107.9109583,-7.1889978,0 107.9109354,-7.1889552,0 107.9109264,-7.1889376,0 107.9109149,-7.1889126,0 107.9108950,-7.1888700,0 107.9108835,-7.1888481,0 107.9108727,-7.1888274,0 107.9108462,-7.1887849,0 107.9108406,-7.1887770,0 107.9108056,-7.1887423,0 107.9107977,-7.1887355,0 107.9107548,-7.1887150,0 107.9107119,-7.1887070,0 107.9106690,-7.1887052,0 107.9106260,-7.1887064,0 107.9105831,-7.1887082,0 107.9105402,-7.1887089,0 107.9104973,-7.1887073,0 107.9104544,-7.1887057,0 107.9104115,-7.1887069,0 107.9103685,-7.1887158,0 107.9103343,-7.1887423,0 107.9103256,-7.1887607,0 107.9103188,-7.1887849,0 107.9103093,-7.1888274,0 107.9102963,-7.1888700,0 107.9102827,-7.1888973,0 107.9102758,-7.1889126,0 107.9102526,-7.1889552,0 107.9102398,-7.1889807,0 107.9102310,-7.1889978,0 107.9102138,-7.1890403,0 107.9102055,-7.1890829,0 107.9102047,-7.1891255,0 107.9102083,-7.1891681,0 107.9102126,-7.1892106,0 107.9102135,-7.1892532,0 107.9102098,-7.1892958,0 107.9102032,-7.1893384,0 107.9102042,-7.1893810,0 107.9102279,-7.1894235,0 107.9102398,-7.1894406,0 107.9102493,-7.1894661,0 107.9102529,-7.1895087,0 107.9102398,-7.1895350,0 107.9102274,-7.1895513,0 107.9101969,-7.1895661,0 107.9101540,-7.1895802,0 107.9101111,-7.1895897,0 107.9100681,-7.1895853,0 107.9100389,-7.1895513,0 107.9100484,-7.1895087,0 107.9100681,-7.1894724,0 107.9100727,-7.1894661,0 107.9100896,-7.1894235,0 107.9100681,-7.1894097,0 107.9100252,-7.1893940,0 107.9099823,-7.1893856,0 107.9099394,-7.1893831,0 107.9098965,-7.1893866,0 107.9098536,-7.1893971,0 107.9098106,-7.1894117,0 107.9097796,-7.1894235,0 107.9097677,-7.1894280,0 107.9097248,-7.1894460,0 107.9096819,-7.1894640,0 107.9096773,-7.1894661,0 107.9096390,-7.1894849,0 107.9095961,-7.1895067,0 107.9095929,-7.1895087,0 107.9095532,-7.1895368,0 107.9095367,-7.1895513,0 107.9095102,-7.1895801,0 107.9094993,-7.1895938,0 107.9094673,-7.1896350,0 107.9094661,-7.1896364,0 107.9094244,-7.1896784,0 107.9094237,-7.1896790,0 107.9093815,-7.1897114,0 107.9093687,-7.1897216,0 107.9093386,-7.1897439,0 107.9093146,-7.1897642,0 107.9092957,-7.1897788,0 107.9092585,-7.1898067,0 107.9092527,-7.1898107,0 107.9092098,-7.1898385,0 107.9091922,-7.1898493,0 107.9091669,-7.1898653,0 107.9091292,-7.1898919,0 107.9091240,-7.1898963,0 107.9090852,-7.1899345,0 107.9090811,-7.1899399,0 107.9090543,-7.1899770,0 107.9090382,-7.1900075,0 107.9090309,-7.1900196,0 107.9090118,-7.1900622,0 107.9089953,-7.1901021,0 107.9089935,-7.1901048,0 107.9089608,-7.1901474,0 107.9089523,-7.1901550,0 107.9089094,-7.1901771,0 107.9088855,-7.1901899,0 107.9088665,-7.1902039,0 107.9088443,-7.1902325,0 107.9088375,-7.1902751,0 107.9088665,-7.1903035,0 107.9089094,-7.1903002,0 107.9089523,-7.1902832,0 107.9089673,-7.1902751,0 107.9089953,-7.1902514,0 107.9090320,-7.1902325,0 107.9090382,-7.1902296,0 107.9090811,-7.1902239,0 107.9091240,-7.1902280,0 107.9091424,-7.1902325,0 107.9091669,-7.1902427,0 107.9092098,-7.1902739,0 107.9092112,-7.1902751,0 107.9092338,-7.1903177,0 107.9092501,-7.1903602,0 107.9092527,-7.1903815,0 107.9092957,-7.1903886,0 107.9093343,-7.1904028,0 107.9093386,-7.1904053,0 107.9093577,-7.1904454,0 107.9093622,-7.1904880,0 107.9093386,-7.1905214,0 107.9092957,-7.1905022,0 107.9092814,-7.1904880,0 107.9092599,-7.1904454,0 107.9092527,-7.1904135,0 107.9092442,-7.1904028,0 107.9092098,-7.1903939,0 107.9092013,-7.1904028,0 107.9091720,-7.1904454,0 107.9091771,-7.1904880,0 107.9091875,-7.1905306,0 107.9091876,-7.1905731,0 107.9091669,-7.1906057,0 107.9091629,-7.1906157,0 107.9091383,-7.1906583,0 107.9091250,-7.1907009,0 107.9091443,-7.1907434,0 107.9091669,-7.1907544,0 107.9092098,-7.1907460,0 107.9092138,-7.1907434,0 107.9092527,-7.1907055,0 107.9092573,-7.1907009,0 107.9092903,-7.1906583,0 107.9092957,-7.1906509,0 107.9093283,-7.1906157,0 107.9093386,-7.1905987,0 107.9093589,-7.1905731,0 107.9093815,-7.1905404,0 107.9094244,-7.1905465,0 107.9094673,-7.1905577,0 107.9095017,-7.1905731,0 107.9095102,-7.1905771,0 107.9095414,-7.1906157,0 107.9095532,-7.1906337,0 107.9095631,-7.1906583,0 107.9095833,-7.1907009,0 107.9095961,-7.1907203,0 107.9096096,-7.1907434,0 107.9096390,-7.1907824,0 107.9096416,-7.1907860,0 107.9096758,-7.1908286,0 107.9096819,-7.1908356,0 107.9097146,-7.1908712,0 107.9097248,-7.1908811,0 107.9097619,-7.1909138,0 107.9097677,-7.1909187,0 107.9098094,-7.1909563,0 107.9098106,-7.1909576,0 107.9098456,-7.1909989,0 107.9098536,-7.1910091,0 107.9098757,-7.1910415,0 107.9098965,-7.1910688,0 107.9099076,-7.1910841,0 107.9099394,-7.1911197,0 107.9099453,-7.1911266,0 107.9099823,-7.1911659,0 107.9099853,-7.1911692,0 107.9100252,-7.1912103,0 107.9100268,-7.1912118,0 107.9100681,-7.1912468,0 107.9100797,-7.1912544,0 107.9101111,-7.1912728,0 107.9101540,-7.1912921,0 107.9101671,-7.1912970,0 107.9101969,-7.1913077,0 107.9102398,-7.1913222,0 107.9102827,-7.1913357,0 107.9102966,-7.1913395,0 107.9103256,-7.1913473,0 107.9103685,-7.1913556,0 107.9104115,-7.1913604,0 107.9104544,-7.1913625,0 107.9104973,-7.1913634,0 107.9105402,-7.1913644,0 107.9105831,-7.1913668,0 107.9106260,-7.1913697,0 107.9106690,-7.1913701,0 107.9107119,-7.1913653,0 107.9107548,-7.1913525,0 107.9107820,-7.1913395,0 107.9107977,-7.1913321,0 107.9108406,-7.1913077,0 107.9108573,-7.1912970,0 107.9108835,-7.1912810,0 107.9109215,-7.1912544,0 107.9109264,-7.1912509,0 107.9109694,-7.1912141,0 107.9109716,-7.1912118,0 107.9110113,-7.1911692,0 107.9110123,-7.1911681,0 107.9110472,-7.1911266,0 107.9110552,-7.1911176,0 107.9110872,-7.1910841,0 107.9110981,-7.1910738,0 107.9111375,-7.1910415,0 107.9111410,-7.1910388,0 107.9111839,-7.1910079,0 107.9111976,-7.1909989,0 107.9112269,-7.1909780,0 107.9112592,-7.1909563,0 107.9112698,-7.1909483,0 107.9113127,-7.1909207,0 107.9113272,-7.1909138,0 107.9113556,-7.1909000,0 107.9113985,-7.1908897,0 107.9114414,-7.1908915,0 107.9114843,-7.1909070,0 107.9114951,-7.1909138,0 107.9115273,-7.1909362,0 107.9115517,-7.1909563,0 107.9115702,-7.1909702,0 107.9116131,-7.1909951,0 107.9116238,-7.1909989,0 107.9116560,-7.1910085,0 107.9116989,-7.1910156,0 107.9117418,-7.1910189,0 107.9117848,-7.1910208,0 107.9118277,-7.1910222,0 107.9118706,-7.1910226,0 107.9119135,-7.1910219,0 107.9119564,-7.1910197,0 107.9119993,-7.1910155,0 107.9120422,-7.1910082,0 107.9120784,-7.1909989,0 107.9120852,-7.1909969,0 107.9121281,-7.1909812,0 107.9121710,-7.1909644,0 107.9121931,-7.1909563,0 107.9122139,-7.1909487,0 107.9122568,-7.1909347,0 107.9122997,-7.1909216,0 107.9123241,-7.1909138,0 107.9123427,-7.1909078,0 107.9123856,-7.1908935,0 107.9124285,-7.1908792,0 107.9124554,-7.1908712,0 107.9124714,-7.1908663,0 107.9125143,-7.1908535,0 107.9125572,-7.1908355,0 107.9125675,-7.1908286,0 107.9126001,-7.1907975,0 107.9126070,-7.1907860,0 107.9126233,-7.1907434,0 107.9126342,-7.1907009,0 107.9126431,-7.1906642,0 107.9126444,-7.1906583,0 107.9126587,-7.1906157,0 107.9126838,-7.1905731,0 107.9126860,-7.1905705,0 107.9127254,-7.1905306,0 107.9127289,-7.1905276,0 107.9127718,-7.1904921,0 107.9127768,-7.1904880,0 107.9128147,-7.1904562,0 107.9128278,-7.1904454,0 107.9128576,-7.1904212,0 107.9128853,-7.1904028,0 107.9129006,-7.1903930,0 107.9129435,-7.1903739,0 107.9129864,-7.1903638,0 107.9130293,-7.1903606,0 107.9130722,-7.1903612,0 107.9131151,-7.1903629,0 107.9131580,-7.1903630,0 107.9132010,-7.1903605,0 107.9132040,-7.1903602,0 107.9132439,-7.1903575,0 107.9132868,-7.1903559,0 107.9133297,-7.1903575,0 107.9133607,-7.1903602,0 107.9133726,-7.1903614,0 107.9134155,-7.1903632,0 107.9134361,-7.1903602,0 107.9134585,-7.1903563,0 107.9135014,-7.1903289,0 107.9135106,-7.1903177,0 107.9135351,-7.1902751,0 107.9135443,-7.1902525,0 107.9135509,-7.1902325,0 107.9135623,-7.1901899,0 107.9135734,-7.1901474,0 107.9135863,-7.1901048,0 107.9135872,-7.1901026,0 107.9136034,-7.1900622,0 107.9136270,-7.1900196,0 107.9136301,-7.1900152,0 107.9136561,-7.1899770,0 107.9136730,-7.1899556,0 107.9136886,-7.1899345,0 107.9137159,-7.1899008,0 107.9137231,-7.1898919,0 107.9137589,-7.1898526,0 107.9137621,-7.1898493,0 107.9138018,-7.1898121,0 107.9138083,-7.1898067,0 107.9138447,-7.1897768,0 107.9138619,-7.1897642,0 107.9138876,-7.1897438,0 107.9139193,-7.1897216,0 107.9139305,-7.1897133,0 107.9139734,-7.1896875,0 107.9139926,-7.1896790,0 107.9140164,-7.1896687,0 107.9140593,-7.1896547,0 107.9141022,-7.1896424,0 107.9141225,-7.1896364,0 107.9141451,-7.1896296,0 107.9141880,-7.1896140,0 107.9142309,-7.1895970,0 107.9142392,-7.1895938,0 107.9142738,-7.1895810,0 107.9143168,-7.1895683,0 107.9143597,-7.1895603,0 107.9144026,-7.1895569,0 107.9144455,-7.1895572,0 107.9144884,-7.1895604,0 107.9145313,-7.1895660,0 107.9145743,-7.1895744,0 107.9146172,-7.1895875,0 107.9146315,-7.1895938,0 107.9146601,-7.1896062,0 107.9147030,-7.1896307,0 107.9147114,-7.1896364,0 107.9147459,-7.1896589,0 107.9147754,-7.1896790,0 107.9147888,-7.1896881,0 107.9148317,-7.1897168,0 107.9148388,-7.1897216,0 107.9148747,-7.1897461,0 107.9149003,-7.1897642,0 107.9149176,-7.1897766,0 107.9149588,-7.1898067,0 107.9149605,-7.1898080,0 107.9150034,-7.1898367,0 107.9150278,-7.1898493,0 107.9150463,-7.1898588,0 107.9150892,-7.1898733,0 107.9151322,-7.1898844,0 107.9151602,-7.1898919,0 107.9151751,-7.1898957,0 107.9152180,-7.1899112,0 107.9152609,-7.1899331,0 107.9152629,-7.1899345,0 107.9153038,-7.1899626,0 107.9153213,-7.1899770,0 107.9153467,-7.1899980,0 107.9153725,-7.1900196,0 107.9153896,-7.1900328,0 107.9154326,-7.1900622,0 107.9154326,-7.1900622,0 107.9154755,-7.1900871,0 107.9155094,-7.1901048,0 107.9155184,-7.1901099,0 107.9155613,-7.1901315,0 107.9156042,-7.1901474,0 107.9156042,-7.1901474,0 107.9156471,-7.1901568,0 107.9156901,-7.1901590,0 107.9157330,-7.1901553,0 107.9157718,-7.1901474,0 107.9157759,-7.1901466,0 107.9158188,-7.1901350,0 107.9158617,-7.1901230,0 107.9159046,-7.1901139,0 107.9159475,-7.1901097,0 107.9159905,-7.1901086,0 107.9160334,-7.1901089,0 107.9160763,-7.1901091,0 107.9161192,-7.1901086,0 107.9161621,-7.1901078,0 107.9162050,-7.1901072,0 107.9162479,-7.1901073,0 107.9162909,-7.1901083,0 107.9163338,-7.1901104,0 107.9163767,-7.1901137,0 107.9164196,-7.1901183,0 107.9164625,-7.1901241,0 107.9165054,-7.1901302,0 107.9165484,-7.1901351,0 107.9165913,-7.1901364,0 107.9166342,-7.1901321,0 107.9166771,-7.1901205,0 107.9167111,-7.1901048,0 107.9167200,-7.1900994,0 107.9167608,-7.1900622,0 107.9167629,-7.1900592,0 107.9167854,-7.1900196,0 107.9168020,-7.1899770,0 107.9168058,-7.1899657,0 107.9168165,-7.1899345,0 107.9168324,-7.1898919,0 107.9168488,-7.1898524,0 107.9168501,-7.1898493,0 107.9168718,-7.1898067,0 107.9168917,-7.1897721,0 107.9168973,-7.1897642,0 107.9169346,-7.1897220,0 107.9169351,-7.1897216,0 107.9169775,-7.1896886,0 107.9169891,-7.1896790,0 107.9170204,-7.1896505,0 107.9170331,-7.1896364,0 107.9170633,-7.1895992,0 107.9170676,-7.1895938,0 107.9171063,-7.1895513,0 107.9171063,-7.1895513,0 107.9171492,-7.1895196,0 107.9171670,-7.1895087,0 107.9171921,-7.1894946,0 107.9172350,-7.1894760,0 107.9172779,-7.1894664,0 107.9173208,-7.1894671,0 107.9173637,-7.1894730,0 107.9174067,-7.1894783,0 107.9174496,-7.1894789,0 107.9174925,-7.1894716,0 107.9175092,-7.1894661,0 107.9175354,-7.1894553,0 107.9175783,-7.1894263,0 107.9175816,-7.1894235,0 107.9176190,-7.1893810,0 107.9176212,-7.1893780,0 107.9176547,-7.1893384,0 107.9176642,-7.1893287,0 107.9177006,-7.1892958,0 107.9177071,-7.1892906,0 107.9177500,-7.1892556,0</coordinates></LineString></Placemark>
<Placemark><name>692 m</name><styleUrl>#k</styleUrl><LineString><tessellate>1</tessellate><coordinates>107.9119135,-7.1844840,0 107.9119128,-7.1844845,0 107.9118706,-7.1845124,0 107.9118392,-7.1845270,0 107.9118277,-7.1845316,0 107.9117848,-7.1845462,0 107.9117418,-7.1845573,0 107.9117033,-7.1845696,0 107.9116989,-7.1845712,0 107.9116560,-7.1845897,0 107.9116187,-7.1846122,0 107.9116131,-7.1846167,0 107.9115702,-7.1846391,0 107.9115273,-7.1846410,0 107.9114843,-7.1846425,0 107.9114414,-7.1846438,0 107.9113985,-7.1846540,0 107.9113970,-7.1846548,0 107.9113556,-7.1846825,0 107.9113242,-7.1846974,0 107.9113127,-7.1847020,0 107.9112698,-7.1847165,0 107.9112275,-7.1847399,0 107.9112269,-7.1847403,0 107.9111843,-7.1847825,0 107.9111839,-7.1847829,0 107.9111446,-7.1848251,0 107.9111410,-7.1848293,0 107.9111038,-7.1848677,0 107.9110981,-7.1848727,0 107.9110552,-7.1849071,0 107.9110514,-7.1849103,0 107.9110123,-7.1849476,0 107.9110075,-7.1849528,0 107.9109935,-7.1849954,0 107.9110123,-7.1850327,0 107.9110150,-7.1850380,0 107.9110364,-7.1850806,0 107.9110552,-7.1851178,0 107.9110591,-7.1851231,0 107.9110903,-7.1851657,0 107.9110981,-7.1851764,0 107.9111303,-7.1852083,0 107.9111410,-7.1852189,0 107.9111732,-7.1852509,0 107.9111839,-7.1852615,0 107.9112161,-7.1852935,0 107.9112269,-7.1853014,0 107.9112698,-7.1853345,0 107.9112716,-7.1853360,0 107.9113127,-7.1853637,0 107.9113306,-7.1853786,0 107.9113556,-7.1854034,0 107.9113709,-7.1854212,0 107.9113985,-7.1854607,0 107.9114012,-7.1854638,0 107.9114337,-7.1855063,0 107.9114414,-7.1855170,0 107.9114736,-7.1855489,0 107.9114843,-7.1855596,0 107.9115165,-7.1855915,0 107.9115273,-7.1856021,0 107.9115594,-7.1856341,0 107.9115702,-7.1856496,0 107.9115876,-7.1856767,0 107.9115878,-7.1857192,0 107.9115878,-7.1857618,0 107.9115878,-7.1858044,0 107.9115877,-7.1858470,0 107.9115877,-7.1858896,0 107.9115877,-7.1859321,0 107.9115877,-7.1859747,0 107.9115882,-7.1860173,0 107.9115896,-7.1860599,0 107.9115912,-7.1861024,0 107.9115934,-7.1861450,0 107.9115946,-7.1861876,0 107.9115932,-7.1862302,0 107.9115913,-7.1862728,0 107.9115895,-7.1863153,0 107.9115885,-7.1863579,0 107.9115921,-7.1864005,0 107.9115967,-7.1864431,0 107.9116040,-7.1864856,0 107.9116131,-7.1864986,0 107.9116560,-7.1865121,0 107.9116989,-7.1865199,0 107.9117418,-7.1865262,0 107.9117442,-7.1865282,0 107.9117532,-7.1865708,0 107.9117626,-7.1866134,0 107.9117744,-7.1866560,0 107.9117848,-7.1866679,0 107.9118277,-7.1866772,0 107.9118706,-7.1866826,0 107.9119135,-7.1866855,0 107.9119564,-7.1866583,0 107.9119581,-7.1866560,0 107.9119838,-7.1866134,0 107.9119993,-7.1865764,0 107.9120013,-7.1865708,0 107.9120147,-7.1865282,0 107.9120263,-7.1864856,0 107.9120414,-7.1864431,0 107.9120422,-7.1864410,0 107.9120619,-7.1864005,0 107.9120852,-7.1863661,0 107.9120898,-7.1863579,0 107.9121281,-7.1863224,0 107.9121341,-7.1863153,0 107.9121710,-7.1862787,0 107.9121770,-7.1862728,0 107.9122139,-7.1862362,0 107.9122199,-7.1862302,0 107.9122568,-7.1861936,0 107.9122617,-7.1861876,0 107.9122966,-7.1861450,0 107.9122997,-7.1861416,0 107.9123324,-7.1861024,0 107.9123427,-7.1860915,0 107.9123754,-7.1860599,0 107.9123856,-7.1860510,0 107.9124285,-7.1860173,0 107.9124285,-7.1860173,0 107.9124714,-7.1859887,0 107.9124922,-7.1859747,0 107.9125143,-7.1859601,0 107.9125566,-7.1859321,0 107.9125572,-7.1859317,0 107.9126001,-7.1859033,0 107.9126229,-7.1858896,0 107.9126431,-7.1858768,0 107.9126860,-7.1858485,0 107.9126881,-7.1858470,0 107.9127289,-7.1858103,0 107.9127353,-7.1858044,0 107.9127718,-7.1857681,0 107.9127810,-7.1857618,0 107.9128147,-7.1857350,0 107.9128354,-7.1857192,0 107.9128576,-7.1856955,0 107.9128705,-7.1856767,0 107.9128860,-7.1856341,0 107.9129006,-7.1855925,0 107.9129010,-7.1855915,0 107.9129213,-7.1855489,0 107.9129435,-7.1855155,0 107.9129515,-7.1855063,0 107.9129643,-7.1854638,0 107.9129643,-7.1854212,0 107.9129643,-7.1853786,0 107.9129643,-7.1853360,0 107.9129624,-7.1852935,0 107.9129586,-7.1852509,0 107.9129542,-7.1852083,0 107.9129470,-7.1851657,0 107.9129435,-7.1851231,0 107.9129435,-7.1850806,0 107.9129435,-7.1850380,0 107.9129435,-7.1849954,0 107.9129435,-7.1849954,0 107.9129006,-7.1849954,0 107.9128576,-7.1849954,0 107.9128147,-7.1849954,0 107.9127718,-7.1849924,0 107.9127289,-7.1849876,0 107.9126860,-7.1849838,0 107.9126431,-7.1849807,0 107.9126001,-7.1849595,0 107.9125934,-7.1849528,0 107.9125572,-7.1849169,0 107.9125505,-7.1849103,0 107.9125143,-7.1848743,0 107.9125076,-7.1848677,0 107.9124714,-7.1848317,0 107.9124598,-7.1848251,0 107.9124285,-7.1848137,0 107.9123856,-7.1848108,0 107.9123427,-7.1848074,0 107.9122997,-7.1848038,0 107.9122568,-7.1847882,0 107.9122494,-7.1847825,0 107.9122139,-7.1847473,0 107.9122065,-7.1847399,0 107.9121710,-7.1847047,0 107.9121636,-7.1846974,0 107.9121281,-7.1846621,0 107.9121203,-7.1846548,0 107.9121023,-7.1846122,0 107.9120989,-7.1845696,0 107.9120945,-7.1845270,0 107.9120885,-7.1844845,0 107.9120852,-7.1844828,0 107.9120422,-7.1844800,0 107.9119993,-7.1844771,0 107.9119564,-7.1844749,0 107.9119135,-7.1844840,0</coordinates></LineString></Placemark>
<Placemark><name>692 m</name><styleUrl>#k</styleUrl><LineString><tessellate>1</tessellate><coordinates>107.9174067,-7.1867804,0 107.9174496,-7.1867777,0 107.9174616,-7.1867837,0 107.9174925,-7.1867990,0 107.9175354,-7.1868203,0 107.9175475,-7.1868263,0 107.9175783,-7.1868473,0 107.9176035,-7.1868689,0 107.9176035,-7.1869114,0 107.9176035,-7.1869540,0 107.9176035,-7.1869966,0 107.9176028,-7.1870392,0 107.9175995,-7.1870817,0 107.9175950,-7.1871243,0 107.9175875,-7.1871669,0 107.9175783,-7.1872095,0 107.9175354,-7.1872095,0 107.9174925,-7.1872095,0 107.9174496,-7.1872095,0 107.9174067,-7.1871677,0 107.9174060,-7.1871669,0 107.9173637,-7.1871250,0 107.9173631,-7.1871243,0 107.9173208,-7.1870824,0 107.9173202,-7.1870817,0 107.9172779,-7.1870398,0 107.9172775,-7.1870392,0 107.9172709,-7.1869966,0 107.9172709,-7.1869540,0 107.9172709,-7.1869114,0 107.9172709,-7.1868689,0 107.9172779,-7.1868535,0 107.9173043,-7.1868263,0 107.9173208,-7.1868161,0 107.9173637,-7.1867956,0 107.9173962,-7.1867837,0 107.9174067,-7.1867804,0</coordinates></LineString></Placemark>
<Placemark><name>694 m</name><styleUrl>#k</styleUrl><LineString><tessellate>1</tessellate><coordinates>107.9177500,-7.1786588,0 107.9177071,-7.1786597,0 107.9176642,-7.1786610,0 107.9176212,-7.1786626,0 107.9175783,-7.1786632,0 107.9175354,-7.1786632,0 107.9174925,-7.1786632,0 107.9174496,-7.1786632,0 107.9174137,-7.1786938,0 107.9174067,-7.1787011,0 107.9173864,-7.1787363,0 107.9173686,-7.1787789,0 107.9173637,-7.1787927,0 107.9173551,-7.1788215,0 107.9173604,-7.1788641,0 107.9173637,-7.1788747,0 107.9173753,-7.1789067,0 107.9173959,-7.1789492,0 107.9174067,-7.1789664,0 107.9174268,-7.1789918,0 107.9174496,-7.1790167,0 107.9174639,-7.1790344,0 107.9174892,-7.1790770,0 107.9174925,-7.1790838,0 107.9175073,-7.1791196,0 107.9175206,-7.1791621,0 107.9175321,-7.1792047,0 107.9175354,-7.1792154,0 107.9175470,-7.1792473,0 107.9175677,-7.1792899,0 107.9175783,-7.1793071,0 107.9175979,-7.1793325,0 107.9175811,-7.1793750,0 107.9175783,-7.1793777,0 107.9175381,-7.1794176,0 107.9175354,-7.1794203,0 107.9174952,-7.1794602,0 107.9174925,-7.1794628,0 107.9174523,-7.1795028,0 107.9174496,-7.1795122,0 107.9174397,-7.1795453,0 107.9174421,-7.1795879,0 107.9174447,-7.1796305,0 107.9174487,-7.1796731,0 107.9174496,-7.1796741,0 107.9174925,-7.1796792,0 107.9175354,-7.1796825,0 107.9175783,-7.1796854,0 107.9176212,-7.1796873,0 107.9176642,-7.1796873,0 107.9177071,-7.1796873,0 107.9177500,-7.1796873,0</coordinates></LineString></Placemark>
<Placemark><name>694 m</name><styleUrl>#k</styleUrl><LineString><tessellate>1</tessellate><coordinates>107.9177500,-7.1814262,0 107.9177146,-7.1814614,0 107.9177071,-7.1814688,0 107.9176716,-7.1815040,0 107.9176642,-7.1815114,0 107.9176287,-7.1815465,0 107.9176212,-7.1815542,0 107.9175861,-7.1815891,0 107.9175783,-7.1815966,0 107.9175429,-7.1816317,0 107.9175354,-7.1816391,0 107.9175000,-7.1816743,0 107.9174925,-7.1816817,0 107.9174571,-7.1817169,0 107.9174496,-7.1817245,0 107.9174106,-7.1817594,0 107.9174067,-7.1817623,0 107.9173637,-7.1817875,0 107.9173296,-7.1818020,0 107.9173208,-7.1818052,0 107.9172779,-7.1818183,0 107.9172350,-7.1818129,0 107.9172028,-7.1818020,0 107.9171921,-7.1817978,0 107.9171492,-7.1817775,0 107.9171211,-7.1817594,0 107.9171063,-7.1817472,0 107.9170633,-7.1817382,0 107.9170204,-7.1817421,0 107.9169775,-7.1817477,0 107.9169346,-7.1817554,0 107.9169319,-7.1817594,0 107.9169288,-7.1818020,0 107.9169256,-7.1818446,0 107.9169228,-7.1818872,0 107.9169229,-7.1819298,0 107.9169245,-7.1819723,0 107.9169257,-7.1820149,0 107.9169267,-7.1820575,0 107.9169346,-7.1820836,0 107.9169417,-7.1821001,0 107.9169693,-7.1821426,0 107.9169775,-7.1821591,0 107.9169885,-7.1821852,0 107.9170025,-7.1822278,0 107.9170024,-7.1822704,0 107.9169942,-7.1823130,0 107.9169872,-7.1823555,0 107.9169815,-7.1823981,0 107.9169791,-7.1824407,0 107.9169791,-7.1824833,0 107.9169791,-7.1825259,0 107.9169791,-7.1825684,0 107.9169791,-7.1826110,0 107.9169791,-7.1826536,0 107.9169791,-7.1826962,0 107.9169791,-7.1827387,0 107.9169775,-7.1827529,0 107.9169742,-7.1827813,0 107.9169630,-7.1828239,0 107.9169491,-7.1828665,0 107.9169346,-7.1829033,0 107.9169326,-7.1829091,0 107.9169172,-7.1829516,0 107.9168983,-7.1829942,0 107.9168917,-7.1830073,0 107.9168770,-7.1830368,0 107.9168516,-7.1830794,0 107.9168488,-7.1830874,0 107.9168357,-7.1831220,0 107.9168357,-7.1831645,0 107.9168357,-7.1832071,0 107.9168357,-7.1832497,0 107.9168357,-7.1832923,0 107.9168357,-7.1833348,0 107.9168357,-7.1833774,0 107.9168357,-7.1834200,0 107.9168313,-7.1834626,0 107.9168226,-7.1835052,0 107.9168156,-7.1835477,0 107.9168098,-7.1835903,0 107.9168058,-7.1836026,0 107.9167961,-7.1836329,0 107.9167678,-7.1836755,0 107.9167629,-7.1836821,0 107.9167200,-7.1837140,0 107.9167118,-7.1837181,0 107.9166771,-7.1837352,0 107.9166342,-7.1837566,0 107.9166260,-7.1837606,0 107.9165913,-7.1837777,0 107.9165484,-7.1837847,0 107.9165054,-7.1837847,0 107.9164625,-7.1837847,0 107.9164196,-7.1837847,0 107.9163832,-7.1837606,0 107.9163767,-7.1837560,0 107.9163385,-7.1837181,0 107.9163338,-7.1837134,0 107.9162956,-7.1836755,0 107.9162909,-7.1836708,0 107.9162526,-7.1836329,0 107.9162479,-7.1836282,0 107.9162050,-7.1836136,0 107.9161621,-7.1836136,0 107.9161192,-7.1836136,0 107.9160763,-7.1836136,0 107.9160334,-7.1836139,0 107.9159905,-7.1836140,0 107.9159475,-7.1836138,0 107.9159046,-7.1836137,0 107.9158617,-7.1836138,0 107.9158188,-7.1836138,0 107.9157759,-7.1836138,0 107.9157330,-7.1836138,0 107.9156901,-7.1836138,0 107.9156471,-7.1836138,0 107.9156042,-7.1836138,0 107.9155613,-7.1836138,0 107.9155184,-7.1836146,0 107.9154755,-7.1836160,0 107.9154326,-7.1836179,0 107.9153896,-7.1836198,0 107.9153467,-7.1836198,0 107.9153038,-7.1836184,0 107.9152609,-7.1836167,0 107.9152180,-7.1836147,0 107.9151751,-7.1836136,0 107.9151322,-7.1836136,0 107.9150892,-7.1836136,0 107.9150463,-7.1836136,0 107.9150034,-7.1836140,0 107.9149605,-7.1836138,0 107.9149176,-7.1836135,0 107.9148747,-7.1836147,0 107.9148317,-7.1836140,0 107.9147888,-7.1836142,0 107.9147459,-7.1836142,0 107.9147030,-7.1836138,0 107.9146601,-7.1836136,0 107.9146172,-7.1836136,0 107.9145743,-7.1836136,0 107.9145313,-7.1836136,0 107.9144977,-7.1836329,0 107.9144884,-7.1836382,0 107.9144509,-7.1836755,0 107.9144455,-7.1836808,0 107.9144080,-7.1837181,0 107.9144026,-7.1837234,0 107.9143650,-7.1837606,0 107.9143597,-7.1837662,0 107.9143224,-7.1838032,0 107.9143168,-7.1838085,0 107.9142792,-7.1838458,0 107.9142738,-7.1838511,0 107.9142363,-7.1838884,0 107.9142309,-7.1838937,0 107.9141934,-7.1839309,0 107.9141880,-7.1839365,0 107.9141530,-7.1839735,0 107.9141451,-7.1839828,0 107.9141236,-7.1840161,0 107.9141038,-7.1840587,0 107.9141022,-7.1840630,0 107.9140895,-7.1841013,0 107.9140685,-7.1841438,0 107.9140593,-7.1841544,0 107.9140273,-7.1841864,0 107.9140164,-7.1841959,0 107.9139743,-7.1842290,0 107.9139734,-7.1842297,0 107.9139312,-7.1842716,0 107.9139305,-7.1842723,0 107.9138930,-7.1843142,0 107.9138876,-7.1843195,0 107.9138501,-7.1843567,0 107.9138447,-7.1843621,0 107.9138018,-7.1843820,0 107.9137589,-7.1843820,0 107.9137159,-7.1843820,0 107.9136730,-7.1843820,0 107.9136301,-7.1843820,0 107.9135872,-7.1843820,0 107.9135443,-7.1843820,0 107.9135014,-7.1843820,0 107.9134585,-7.1843762,0 107.9134155,-7.1843621,0 107.9134019,-7.1843567,0 107.9133726,-7.1843430,0 107.9133297,-7.1843153,0 107.9132868,-7.1843181,0 107.9132479,-7.1843567,0 107.9132439,-7.1843607,0 107.9132050,-7.1843993,0 107.9132010,-7.1844033,0 107.9131621,-7.1844419,0 107.9131580,-7.1844481,0 107.9131417,-7.1844845,0 107.9131361,-7.1845270,0 107.9131291,-7.1845696,0 107.9131213,-7.1846122,0 107.9131151,-7.1846197,0 107.9130722,-7.1846298,0 107.9130293,-7.1846371,0 107.9129864,-7.1846424,0 107.9129435,-7.1846444,0 107.9129006,-7.1846444,0 107.9128576,-7.1846444,0 107.9128147,-7.1846444,0 107.9127718,-7.1846444,0 107.9127289,-7.1846444,0 107.9126860,-7.1846444,0 107.9126431,-7.1846444,0 107.9126001,-7.1846430,0 107.9125572,-7.1846399,0 107.9125143,-7.1846367,0 107.9124714,-7.1846328,0 107.9124285,-7.1846148,0 107.9124255,-7.1846122,0 107.9123989,-7.1845696,0 107.9123856,-7.1845405,0 107.9123803,-7.1845270,0 107.9123666,-7.1844845,0 107.9123550,-7.1844419,0 107.9123427,-7.1844048,0 107.9123406,-7.1843993,0 107.9123207,-7.1843567,0 107.9122997,-7.1843242,0 107.9122865,-7.1843142,0 107.9122568,-7.1842957,0 107.9122139,-7.1842934,0 107.9121710,-7.1842918,0 107.9121281,-7.1842902,0 107.9120852,-7.1842896,0 107.9120422,-7.1842896,0 107.9119993,-7.1842896,0 107.9119564,-7.1842896,0 107.9119135,-7.1842900,0 107.9118706,-7.1842915,0 107.9118277,-7.1842931,0 107.9117848,-7.1842954,0 107.9117418,-7.1843128,0 107.9117403,-7.1843142,0 107.9116989,-7.1843414,0 107.9116665,-7.1843567,0 107.9116560,-7.1843609,0 107.9116131,-7.1843751,0 107.9115702,-7.1843907,0 107.9115527,-7.1843993,0 107.9115273,-7.1844120,0 107.9114843,-7.1844332,0 107.9114669,-7.1844419,0 107.9114414,-7.1844549,0 107.9113985,-7.1844755,0 107.9113811,-7.1844845,0 107.9113556,-7.1844972,0 107.9113127,-7.1845184,0 107.9112953,-7.1845270,0 107.9112698,-7.1845398,0 107.9112269,-7.1845658,0 107.9112222,-7.1845696,0 107.9111839,-7.1846065,0 107.9111788,-7.1846122,0 107.9111410,-7.1846544,0 107.9111407,-7.1846548,0 107.9110981,-7.1846970,0 107.9110976,-7.1846974,0 107.9110552,-7.1847277,0 107.9110157,-7.1847399,0 107.9110123,-7.1847412,0 107.9109694,-7.1847596,0 107.9109312,-7.1847825,0 107.9109264,-7.1847860,0 107.9108835,-7.1848107,0 107.9108406,-7.1848178,0 107.9108120,-7.1848251,0 107.9108133,-7.1848677,0 107.9108135,-7.1849103,0 107.9108136,-7.1849528,0 107.9108215,-7.1849954,0 107.9108406,-7.1850333,0 107.9108430,-7.1850380,0 107.9108644,-7.1850806,0 107.9108835,-7.1851185,0 107.9108859,-7.1851231,0 107.9109070,-7.1851657,0 107.9109264,-7.1852036,0 107.9109288,-7.1852083,0 107.9109503,-7.1852509,0 107.9109694,-7.1852888,0 107.9109717,-7.1852935,0 107.9109975,-7.1853360,0 107.9110123,-7.1853529,0 107.9110382,-7.1853786,0 107.9110552,-7.1853934,0 107.9110981,-7.1854195,0 107.9111015,-7.1854212,0 107.9111410,-7.1854408,0 107.9111839,-7.1854621,0 107.9111873,-7.1854638,0 107.9112269,-7.1854870,0 107.9112469,-7.1855063,0 107.9112698,-7.1855436,0 107.9112725,-7.1855489,0 107.9112939,-7.1855915,0 107.9113127,-7.1856288,0 107.9113154,-7.1856341,0 107.9113368,-7.1856767,0 107.9113556,-7.1857139,0 107.9113583,-7.1857192,0 107.9113797,-7.1857618,0 107.9113985,-7.1857991,0 107.9114014,-7.1858044,0 107.9114157,-7.1858470,0 107.9114157,-7.1858896,0 107.9114157,-7.1859321,0 107.9114157,-7.1859747,0 107.9114153,-7.1860173,0 107.9114140,-7.1860599,0 107.9114123,-7.1861024,0 107.9114107,-7.1861450,0 107.9114019,-7.1861876,0 107.9113985,-7.1861936,0 107.9113735,-7.1862302,0 107.9113556,-7.1862665,0 107.9113530,-7.1862728,0 107.9113380,-7.1863153,0 107.9113263,-7.1863579,0 107.9113131,-7.1864005,0 107.9113127,-7.1864016,0 107.9112952,-7.1864431,0 107.9112698,-7.1864856,0 107.9112698,-7.1864856,0 107.9112269,-7.1865282,0 107.9111839,-7.1865282,0 107.9111410,-7.1865282,0 107.9110981,-7.1865282,0 107.9110981,-7.1865282,0 107.9110981,-7.1865708,0 107.9110981,-7.1866134,0 107.9110981,-7.1866560,0 107.9110981,-7.1866560,0 107.9111410,-7.1866560,0 107.9111839,-7.1866560,0 107.9112269,-7.1866560,0 107.9112698,-7.1866679,0 107.9113127,-7.1866772,0 107.9113556,-7.1866826,0 107.9113985,-7.1866855,0 107.9114188,-7.1866985,0 107.9114414,-7.1867121,0 107.9114707,-7.1867411,0 107.9114843,-7.1867546,0 107.9115136,-7.1867837,0 107.9115273,-7.1867972,0 107.9115566,-7.1868263,0 107.9115702,-7.1868398,0 107.9115995,-7.1868689,0 107.9116131,-7.1868824,0 107.9116424,-7.1869114,0 107.9116560,-7.1869249,0 107.9116853,-7.1869540,0 107.9116989,-7.1869675,0 107.9117282,-7.1869966,0 107.9117418,-7.1870140,0 107.9117607,-7.1870392,0 107.9117627,-7.1870817,0 107.9117647,-7.1871243,0 107.9117663,-7.1871669,0 107.9117673,-7.1872095,0 107.9117673,-7.1872521,0 107.9117673,-7.1872946,0 107.9117673,-7.1873372,0 107.9117668,-7.1873798,0 107.9117646,-7.1874224,0 107.9117625,-7.1874649,0 107.9117610,-7.1875075,0 107.9117599,-7.1875501,0 107.9117599,-7.1875927,0 107.9117599,-7.1876353,0 107.9117599,-7.1876778,0 107.9117595,-7.1877204,0 107.9117581,-7.1877630,0 107.9117567,-7.1878056,0 107.9117548,-7.1878481,0 107.9117539,-7.1878907,0 107.9117572,-7.1879333,0 107.9117606,-7.1879759,0 107.9117642,-7.1880185,0 107.9117732,-7.1880610,0 107.9117848,-7.1880770,0 107.9118116,-7.1881036,0 107.9118277,-7.1881119,0 107.9118706,-7.1881289,0 107.9119135,-7.1881462,0 107.9119135,-7.1881462,0 107.9119290,-7.1881888,0 107.9119290,-7.1882314,0 107.9119210,-7.1882739,0 107.9119160,-7.1883165,0 107.9119277,-7.1883591,0 107.9119564,-7.1883901,0 107.9119703,-7.1884017,0 107.9119993,-7.1884198,0 107.9120347,-7.1884442,0 107.9120422,-7.1884508,0 107.9120775,-7.1884868,0 107.9120852,-7.1885010,0 107.9121025,-7.1885294,0 107.9121142,-7.1885720,0 107.9121164,-7.1886146,0 107.9121128,-7.1886571,0 107.9121071,-7.1886997,0 107.9121039,-7.1887423,0 107.9121038,-7.1887849,0 107.9121049,-7.1888274,0 107.9121061,-7.1888700,0 107.9121053,-7.1889126,0 107.9121037,-7.1889552,0 107.9121034,-7.1889978,0 107.9121052,-7.1890403,0 107.9121112,-7.1890829,0 107.9121197,-7.1891255,0 107.9121245,-7.1891681,0 107.9121132,-7.1892106,0 107.9120852,-7.1892374,0 107.9120689,-7.1892532,0 107.9120422,-7.1892713,0 107.9120089,-7.1892958,0 107.9119993,-7.1893035,0 107.9119625,-7.1893384,0 107.9119564,-7.1893475,0 107.9119365,-7.1893810,0 107.9119272,-7.1894235,0 107.9119307,-7.1894661,0 107.9119394,-7.1895087,0 107.9119357,-7.1895513,0 107.9119135,-7.1895676,0 107.9118706,-7.1895691,0 107.9118277,-7.1895631,0 107.9117848,-7.1895606,0 107.9117418,-7.1895644,0 107.9116989,-7.1895717,0 107.9116560,-7.1895750,0 107.9116131,-7.1895703,0 107.9115702,-7.1895518,0 107.9115694,-7.1895513,0 107.9115319,-7.1895087,0 107.9115273,-7.1895019,0 107.9115040,-7.1894661,0 107.9114843,-7.1894410,0 107.9114663,-7.1894235,0 107.9114414,-7.1894057,0 107.9113985,-7.1893853,0 107.9113870,-7.1893810,0 107.9113556,-7.1893680,0 107.9113127,-7.1893424,0 107.9113082,-7.1893384,0 107.9112756,-7.1892958,0 107.9112698,-7.1892846,0 107.9112557,-7.1892532,0 107.9112386,-7.1892106,0 107.9112269,-7.1891820,0 107.9112204,-7.1891681,0 107.9111996,-7.1891255,0 107.9111839,-7.1890947,0 107.9111776,-7.1890829,0 107.9111541,-7.1890403,0 107.9111410,-7.1890169,0 107.9111308,-7.1889978,0 107.9111087,-7.1889552,0 107.9110981,-7.1889339,0 107.9110875,-7.1889126,0 107.9110658,-7.1888700,0 107.9110552,-7.1888497,0 107.9110429,-7.1888274,0 107.9110200,-7.1887849,0 107.9110123,-7.1887680,0 107.9110007,-7.1887423,0 107.9109865,-7.1886997,0 107.9109770,-7.1886571,0 107.9109694,-7.1886276,0 107.9109654,-7.1886146,0 107.9109411,-7.1885720,0 107.9109264,-7.1885579,0 107.9108835,-7.1885343,0 107.9108513,-7.1885294,0 107.9108406,-7.1885283,0 107.9108192,-7.1885294,0 107.9107977,-7.1885309,0 107.9107548,-7.1885369,0 107.9107119,-7.1885408,0 107.9106690,-7.1885409,0 107.9106260,-7.1885396,0 107.9105831,-7.1885389,0 107.9105402,-7.1885411,0 107.9104973,-7.1885460,0 107.9104544,-7.1885504,0 107.9104115,-7.1885476,0 107.9103710,-7.1885294,0 107.9103685,-7.1885276,0 107.9103325,-7.1884868,0 107.9103256,-7.1884789,0 107.9102827,-7.1884513,0 107.9102398,-7.1884465,0 107.9101969,-7.1884543,0 107.9101540,-7.1884765,0 107.9101423,-7.1884868,0 107.9101123,-7.1885294,0 107.9101111,-7.1885336,0 107.9101015,-7.1885720,0 107.9101009,-7.1886146,0 107.9101070,-7.1886571,0 107.9101111,-7.1886742,0 107.9101179,-7.1886997,0 107.9101293,-7.1887423,0 107.9101369,-7.1887849,0 107.9101379,-7.1888274,0 107.9101300,-7.1888700,0 107.9101114,-7.1889126,0 107.9101111,-7.1889132,0 107.9100848,-7.1889552,0 107.9100681,-7.1889819,0 107.9100587,-7.1889978,0 107.9100415,-7.1890403,0 107.9100385,-7.1890829,0 107.9100465,-7.1891255,0 107.9100545,-7.1891681,0 107.9100443,-7.1892106,0 107.9100252,-7.1892248,0 107.9099823,-7.1892268,0 107.9099394,-7.1892193,0 107.9098965,-7.1892161,0 107.9098536,-7.1892273,0 107.9098121,-7.1892532,0 107.9098106,-7.1892541,0 107.9097677,-7.1892872,0 107.9097566,-7.1892958,0 107.9097248,-7.1893178,0 107.9096912,-7.1893384,0 107.9096819,-7.1893437,0 107.9096390,-7.1893677,0 107.9096167,-7.1893810,0 107.9095961,-7.1893931,0 107.9095532,-7.1894208,0 107.9095494,-7.1894235,0 107.9095102,-7.1894528,0 107.9094949,-7.1894661,0 107.9094673,-7.1894921,0 107.9094517,-7.1895087,0 107.9094244,-7.1895403,0 107.9094149,-7.1895513,0 107.9093815,-7.1895890,0 107.9093768,-7.1895938,0 107.9093386,-7.1896302,0 107.9093318,-7.1896364,0 107.9092957,-7.1896698,0 107.9092865,-7.1896790,0 107.9092527,-7.1897125,0 107.9092441,-7.1897216,0 107.9092098,-7.1897521,0 107.9091952,-7.1897642,0 107.9091669,-7.1897842,0 107.9091325,-7.1898067,0 107.9091240,-7.1898123,0 107.9090811,-7.1898416,0 107.9090704,-7.1898493,0 107.9090382,-7.1898762,0 107.9090197,-7.1898919,0 107.9089953,-7.1899169,0 107.9089763,-7.1899345,0 107.9089523,-7.1899609,0 107.9089363,-7.1899770,0 107.9089094,-7.1900068,0 107.9088968,-7.1900196,0 107.9088665,-7.1900485,0 107.9088513,-7.1900622,0 107.9088236,-7.1900846,0 107.9088006,-7.1901048,0 107.9087807,-7.1901243,0 107.9087620,-7.1901474,0 107.9087378,-7.1901888,0 107.9087372,-7.1901899,0 107.9087193,-7.1902325,0 107.9086994,-7.1902751,0 107.9086948,-7.1902828,0 107.9086685,-7.1903177,0 107.9086519,-7.1903353,0 107.9086264,-7.1903602,0 107.9086090,-7.1903794,0 107.9085924,-7.1904028,0 107.9085731,-7.1904454,0 107.9085661,-7.1904738,0 107.9085632,-7.1904880,0 107.9085584,-7.1905306,0 107.9085538,-7.1905731,0 107.9085454,-7.1906157,0 107.9085300,-7.1906583,0 107.9085232,-7.1906740,0 107.9085110,-7.1907009,0 107.9084957,-7.1907434,0 107.9085166,-7.1907860,0 107.9085232,-7.1907881,0 107.9085364,-7.1907860,0 107.9085661,-7.1907809,0 107.9086090,-7.1907693,0 107.9086519,-7.1907591,0 107.9086948,-7.1907507,0 107.9087335,-7.1907434,0 107.9087378,-7.1907420,0 107.9087807,-7.1907288,0 107.9088236,-7.1907222,0 107.9088264,-7.1907434,0 107.9088479,-7.1907860,0 107.9088665,-7.1908126,0 107.9088751,-7.1908286,0 107.9089094,-7.1908687,0 107.9089116,-7.1908712,0 107.9089523,-7.1909014,0 107.9089733,-7.1909138,0 107.9089953,-7.1909235,0 107.9090382,-7.1909377,0 107.9090811,-7.1909445,0 107.9091240,-7.1909434,0 107.9091669,-7.1909343,0 107.9092098,-7.1909170,0 107.9092159,-7.1909138,0 107.9092527,-7.1908975,0 107.9092957,-7.1908752,0 107.9093034,-7.1908712,0 107.9093386,-7.1908524,0 107.9093815,-7.1908338,0 107.9094060,-7.1908286,0 107.9094244,-7.1908245,0 107.9094673,-7.1908263,0 107.9094742,-7.1908286,0 107.9095102,-7.1908401,0 107.9095532,-7.1908671,0 107.9095576,-7.1908712,0 107.9095961,-7.1909060,0 107.9096036,-7.1909138,0 107.9096390,-7.1909477,0 107.9096482,-7.1909563,0 107.9096819,-7.1909834,0 107.9097014,-7.1909989,0 107.9097248,-7.1910159,0 107.9097545,-7.1910415,0 107.9097677,-7.1910524,0 107.9097999,-7.1910841,0 107.9098106,-7.1910936,0 107.9098442,-7.1911266,0 107.9098536,-7.1911347,0 107.9098912,-7.1911692,0 107.9098965,-7.1911739,0 107.9099356,-7.1912118,0 107.9099394,-7.1912157,0 107.9099763,-7.1912544,0 107.9099823,-7.1912609,0 107.9100194,-7.1912970,0 107.9100252,-7.1913023,0 107.9100681,-7.1913331,0 107.9100801,-7.1913395,0 107.9101111,-7.1913561,0 107.9101540,-7.1913749,0 107.9101729,-7.1913821,0 107.9101969,-7.1913917,0 107.9102398,-7.1914073,0 107.9102827,-7.1914210,0 107.9102977,-7.1914247,0 107.9103256,-7.1914323,0 107.9103685,-7.1914401,0 107.9104115,-7.1914433,0 107.9104544,-7.1914430,0 107.9104973,-7.1914416,0 107.9105402,-7.1914409,0 107.9105831,-7.1914422,0 107.9106260,-7.1914446,0 107.9106690,-7.1914458,0 107.9107119,-7.1914433,0 107.9107548,-7.1914341,0 107.9107770,-7.1914247,0 107.9107977,-7.1914155,0 107.9108406,-7.1913890,0 107.9108498,-7.1913821,0 107.9108835,-7.1913587,0 107.9109090,-7.1913395,0 107.9109264,-7.1913271,0 107.9109633,-7.1912970,0 107.9109694,-7.1912920,0 107.9110080,-7.1912544,0 107.9110123,-7.1912500,0 107.9110452,-7.1912118,0 107.9110552,-7.1911998,0 107.9110800,-7.1911692,0 107.9110981,-7.1911484,0 107.9111186,-7.1911266,0 107.9111410,-7.1911057,0 107.9111675,-7.1910841,0 107.9111839,-7.1910719,0 107.9112269,-7.1910439,0 107.9112311,-7.1910415,0 107.9112698,-7.1910186,0 107.9113072,-7.1909989,0 107.9113127,-7.1909958,0 107.9113556,-7.1909779,0 107.9113985,-7.1909699,0 107.9114414,-7.1909777,0 107.9114802,-7.1909989,0 107.9114843,-7.1910012,0 107.9115273,-7.1910307,0 107.9115439,-7.1910415,0 107.9115702,-7.1910561,0 107.9116131,-7.1910737,0 107.9116504,-7.1910841,0 107.9116560,-7.1910856,0 107.9116989,-7.1910933,0 107.9117418,-7.1910984,0 107.9117848,-7.1911007,0 107.9118277,-7.1911009,0 107.9118706,-7.1911001,0 107.9119135,-7.1910995,0 107.9119564,-7.1911001,0 107.9119993,-7.1911018,0 107.9120422,-7.1911031,0 107.9120852,-7.1911020,0 107.9121281,-7.1910949,0 107.9121606,-7.1910841,0 107.9121710,-7.1910806,0 107.9122139,-7.1910628,0 107.9122568,-7.1910444,0 107.9122645,-7.1910415,0 107.9122997,-7.1910294,0 107.9123427,-7.1910167,0 107.9123856,-7.1910045,0 107.9124058,-7.1909989,0 107.9124285,-7.1909925,0 107.9124714,-7.1909797,0 107.9125143,-7.1909667,0 107.9125479,-7.1909563,0 107.9125572,-7.1909535,0 107.9126001,-7.1909377,0 107.9126431,-7.1909145,0 107.9126441,-7.1909138,0 107.9126776,-7.1908712,0 107.9126860,-7.1908482,0 107.9126913,-7.1908286,0 107.9126984,-7.1907860,0 107.9127052,-7.1907434,0 107.9127158,-7.1907009,0 107.9127289,-7.1906675,0 107.9127334,-7.1906583,0 107.9127638,-7.1906157,0 107.9127718,-7.1906072,0 107.9128086,-7.1905731,0 107.9128147,-7.1905678,0 107.9128576,-7.1905315,0 107.9128588,-7.1905306,0 107.9129006,-7.1904985,0 107.9129179,-7.1904880,0 107.9129435,-7.1904738,0 107.9129864,-7.1904608,0 107.9130293,-7.1904575,0 107.9130722,-7.1904606,0 107.9131151,-7.1904670,0 107.9131580,-7.1904745,0 107.9132010,-7.1904825,0 107.9132291,-7.1904880,0 107.9132439,-7.1904916,0 107.9132868,-7.1904997,0 107.9133297,-7.1905019,0 107.9133726,-7.1904973,0 107.9134155,-7.1904895,0 107.9134214,-7.1904880,0 107.9134585,-7.1904796,0 107.9135014,-7.1904664,0 107.9135443,-7.1904461,0 107.9135454,-7.1904454,0 107.9135872,-7.1904090,0 107.9135925,-7.1904028,0 107.9136178,-7.1903602,0 107.9136301,-7.1903286,0 107.9136341,-7.1903177,0 107.9136459,-7.1902751,0 107.9136558,-7.1902325,0 107.9136659,-7.1901899,0 107.9136730,-7.1901647,0 107.9136781,-7.1901474,0 107.9136942,-7.1901048,0 107.9137146,-7.1900622,0 107.9137159,-7.1900600,0 107.9137393,-7.1900196,0 107.9137589,-7.1899891,0 107.9137667,-7.1899770,0 107.9137981,-7.1899345,0 107.9138018,-7.1899301,0 107.9138386,-7.1898919,0 107.9138447,-7.1898864,0 107.9138876,-7.1898535,0 107.9138939,-7.1898493,0 107.9139305,-7.1898257,0 107.9139629,-7.1898067,0 107.9139734,-7.1898005,0 107.9140164,-7.1897798,0 107.9140587,-7.1897642,0 107.9140593,-7.1897640,0 107.9141022,-7.1897514,0 107.9141451,-7.1897402,0 107.9141880,-7.1897275,0 107.9142051,-7.1897216,0 107.9142309,-7.1897118,0 107.9142738,-7.1896949,0 107.9143168,-7.1896795,0 107.9143186,-7.1896790,0 107.9143597,-7.1896691,0 107.9144026,-7.1896644,0 107.9144455,-7.1896643,0 107.9144884,-7.1896682,0 107.9145313,-7.1896752,0 107.9145475,-7.1896790,0 107.9145743,-7.1896858,0 107.9146172,-7.1897005,0 107.9146601,-7.1897199,0 107.9146631,-7.1897216,0 107.9147030,-7.1897465,0 107.9147305,-7.1897642,0 107.9147459,-7.1897746,0 107.9147888,-7.1898016,0 107.9147972,-7.1898067,0 107.9148317,-7.1898272,0 107.9148665,-7.1898493,0 107.9148747,-7.1898545,0 107.9149176,-7.1898859,0 107.9149257,-7.1898919,0 107.9149605,-7.1899180,0 107.9149860,-7.1899345,0 107.9150034,-7.1899455,0 107.9150463,-7.1899651,0 107.9150846,-7.1899770,0 107.9150892,-7.1899785,0 107.9151322,-7.1899904,0 107.9151751,-7.1900042,0 107.9152094,-7.1900196,0 107.9152180,-7.1900238,0 107.9152609,-7.1900511,0 107.9152759,-7.1900622,0 107.9153038,-7.1900820,0 107.9153368,-7.1901048,0 107.9153467,-7.1901111,0 107.9153896,-7.1901373,0 107.9154061,-7.1901474,0 107.9154326,-7.1901647,0 107.9154686,-7.1901899,0 107.9154755,-7.1901956,0 107.9155184,-7.1902288,0 107.9155250,-7.1902325,0 107.9155613,-7.1902534,0 107.9156042,-7.1902613,0 107.9156471,-7.1902589,0 107.9156901,-7.1902518,0 107.9157330,-7.1902428,0 107.9157759,-7.1902327,0 107.9157765,-7.1902325,0 107.9158188,-7.1902214,0 107.9158617,-7.1902091,0 107.9159046,-7.1901974,0 107.9159396,-7.1901899,0 107.9159475,-7.1901884,0 107.9159905,-7.1901820,0 107.9160334,-7.1901776,0 107.9160763,-7.1901744,0 107.9161192,-7.1901720,0 107.9161621,-7.1901705,0 107.9162050,-7.1901704,0 107.9162479,-7.1901722,0 107.9162909,-7.1901763,0 107.9163338,-7.1901827,0 107.9163695,-7.1901899,0 107.9163767,-7.1901917,0 107.9164196,-7.1902035,0 107.9164625,-7.1902164,0 107.9165054,-7.1902291,0 107.9165190,-7.1902325,0 107.9165484,-7.1902399,0 107.9165913,-7.1902479,0 107.9166342,-7.1902532,0 107.9166771,-7.1902553,0 107.9167200,-7.1902524,0 107.9167629,-7.1902420,0 107.9167859,-7.1902325,0 107.9168058,-7.1902234,0 107.9168488,-7.1901963,0 107.9168568,-7.1901899,0 107.9168917,-7.1901485,0 107.9168924,-7.1901474,0 107.9169109,-7.1901048,0 107.9169264,-7.1900622,0 107.9169346,-7.1900435,0 107.9169458,-7.1900196,0 107.9169757,-7.1899770,0 107.9169775,-7.1899749,0 107.9170204,-7.1899411,0 107.9170332,-7.1899345,0 107.9170633,-7.1899181,0 107.9171063,-7.1898967,0 107.9171143,-7.1898919,0 107.9171492,-7.1898613,0 107.9171613,-7.1898493,0 107.9171921,-7.1898100,0 107.9171950,-7.1898067,0 107.9172300,-7.1897642,0 107.9172350,-7.1897581,0 107.9172779,-7.1897274,0 107.9172994,-7.1897216,0 107.9173208,-7.1897154,0 107.9173637,-7.1897166,0 107.9173895,-7.1897216,0 107.9174067,-7.1897255,0 107.9174496,-7.1897365,0 107.9174925,-7.1897403,0 107.9175354,-7.1897382,0 107.9175783,-7.1897353,0 107.9176212,-7.1897335,0 107.9176642,-7.1897337,0 107.9177071,-7.1897339,0 107.9177500,-7.1897341,0</coordinates></LineString></Placemark>
<Placemark><name>694 m</name><styleUrl>#k</styleUrl><LineString><tessellate>1</tessellate><coordinates>107.9167629,-7.1795453,0 107.9167629,-7.1795453,0 107.9167629,-7.1795879,0 107.9167629,-7.1796305,0 107.9167629,-7.1796731,0 107.9167629,-7.1796731,0 107.9168058,-7.1796731,0 107.9168488,-7.1796731,0 107.9168917,-7.1796731,0 107.9169346,-7.1796731,0 107.9169775,-7.1796731,0 107.9170204,-7.1796731,0 107.9170633,-7.1796731,0 107.9170633,-7.1796731,0 107.9170633,-7.1796305,0 107.9170633,-7.1795879,0 107.9170633,-7.1795453,0 107.9170633,-7.1795453,0 107.9170204,-7.1795453,0 107.9169775,-7.1795453,0 107.9169346,-7.1795453,0 107.9168917,-7.1795453,0 107.9168488,-7.1795453,0 107.9168058,-7.1795453,0 107.9167629,-7.1795453,0</coordinates></LineString></Placemark>
<Placemark><name>694 m</name><styleUrl>#k</styleUrl><LineString><tessellate>1</tessellate><coordinates>107.9138447,-7.1807376,0 107.9138447,-7.1807376,0 107.9138447,-7.1807801,0 107.9138447,-7.1808227,0 107.9138447,-7.1808653,0 107.9138447,-7.1808653,0 107.9138876,-7.1808653,0 107.9139305,-7.1808653,0 107.9139734,-7.1808653,0 107.9139734,-7.1808653,0 107.9139734,-7.1808227,0 107.9139734,-7.1807801,0 107.9139734,-7.1807376,0 107.9139734,-7.1807376,0 107.9139305,-7.1807376,0 107.9138876,-7.1807376,0 107.9138447,-7.1807376,0</coordinates></LineString></Placemark>
<Placemark><name>694 m</name><styleUrl>#k</styleUrl><LineString><tessellate>1</tessellate><coordinates>107.9132868,-7.1857536,0 107.9133297,-7.1857427,0 107.9133726,-7.1857344,0 107.9134155,-7.1857274,0 107.9134585,-7.1857218,0 107.9135014,-7.1857261,0 107.9135443,-7.1857404,0 107.9135872,-7.1857545,0 107.9136093,-7.1857618,0 107.9136301,-7.1857687,0 107.9136730,-7.1857783,0 107.9137159,-7.1857824,0 107.9137589,-7.1857860,0 107.9138018,-7.1857889,0 107.9138447,-7.1857943,0 107.9138876,-7.1858033,0 107.9138925,-7.1858044,0 107.9139305,-7.1858151,0 107.9139734,-7.1858286,0 107.9140164,-7.1858444,0 107.9140226,-7.1858470,0 107.9140593,-7.1858711,0 107.9140823,-7.1858896,0 107.9141022,-7.1859084,0 107.9141230,-7.1859321,0 107.9141451,-7.1859625,0 107.9141590,-7.1859747,0 107.9141880,-7.1860040,0 107.9142309,-7.1860040,0 107.9142738,-7.1860040,0 107.9143168,-7.1860040,0 107.9143474,-7.1860173,0 107.9143597,-7.1860226,0 107.9143972,-7.1860599,0 107.9144026,-7.1860652,0 107.9144401,-7.1861024,0 107.9144455,-7.1861078,0 107.9144831,-7.1861450,0 107.9144884,-7.1861503,0 107.9145049,-7.1861876,0 107.9145237,-7.1862302,0 107.9145313,-7.1862475,0 107.9145377,-7.1862728,0 107.9145483,-7.1863153,0 107.9145591,-7.1863579,0 107.9145699,-7.1864005,0 107.9145743,-7.1864178,0 107.9145806,-7.1864431,0 107.9145912,-7.1864856,0 107.9146005,-7.1865282,0 107.9146064,-7.1865708,0 107.9146132,-7.1866134,0 107.9146172,-7.1866352,0 107.9146212,-7.1866560,0 107.9146302,-7.1866985,0 107.9146413,-7.1867411,0 107.9146545,-7.1867837,0 107.9146601,-7.1867995,0 107.9146706,-7.1868263,0 107.9146795,-7.1868689,0 107.9146601,-7.1869068,0 107.9146577,-7.1869114,0 107.9146363,-7.1869540,0 107.9146172,-7.1869919,0 107.9146148,-7.1869966,0 107.9145903,-7.1870392,0 107.9145743,-7.1870578,0 107.9145508,-7.1870817,0 107.9145313,-7.1870990,0 107.9144884,-7.1871014,0 107.9144489,-7.1870817,0 107.9144455,-7.1870801,0 107.9144026,-7.1870588,0 107.9143630,-7.1870392,0 107.9143597,-7.1870365,0 107.9143168,-7.1869995,0 107.9143139,-7.1869966,0 107.9142888,-7.1869540,0 107.9142738,-7.1869191,0 107.9142710,-7.1869114,0 107.9142578,-7.1868689,0 107.9142390,-7.1868263,0 107.9142309,-7.1868101,0 107.9142177,-7.1867837,0 107.9141961,-7.1867411,0 107.9141880,-7.1867249,0 107.9141698,-7.1866985,0 107.9141451,-7.1866663,0 107.9141311,-7.1866560,0 107.9141022,-7.1866390,0 107.9140593,-7.1866203,0 107.9140395,-7.1866134,0 107.9140164,-7.1866063,0 107.9139734,-7.1866013,0 107.9139305,-7.1866013,0 107.9138876,-7.1866013,0 107.9138447,-7.1866013,0 107.9138018,-7.1865960,0 107.9137589,-7.1865876,0 107.9137159,-7.1865809,0 107.9136730,-7.1865752,0 107.9136301,-7.1865803,0 107.9135872,-7.1865944,0 107.9135443,-7.1866087,0 107.9135302,-7.1866134,0 107.9135014,-7.1866229,0 107.9134585,-7.1866321,0 107.9134155,-7.1866362,0 107.9133726,-7.1866396,0 107.9133297,-7.1866426,0 107.9132868,-7.1866426,0 107.9132439,-7.1866396,0 107.9132010,-7.1866361,0 107.9131580,-7.1866320,0 107.9131151,-7.1866273,0 107.9130722,-7.1866217,0 107.9130293,-7.1866148,0 107.9130214,-7.1866134,0 107.9129864,-7.1866065,0 107.9129435,-7.1866013,0 107.9129006,-7.1866013,0 107.9128576,-7.1866013,0 107.9128147,-7.1866013,0 107.9127718,-7.1866114,0 107.9127678,-7.1866134,0 107.9127289,-7.1866327,0 107.9126860,-7.1866540,0 107.9126820,-7.1866560,0 107.9126431,-7.1866822,0 107.9126197,-7.1866985,0 107.9126173,-7.1867411,0 107.9126157,-7.1867837,0 107.9126141,-7.1868263,0 107.9126060,-7.1868689,0 107.9126001,-7.1868775,0 107.9125659,-7.1869114,0 107.9125572,-7.1869201,0 107.9125230,-7.1869540,0 107.9125143,-7.1869627,0 107.9124801,-7.1869966,0 107.9124714,-7.1870039,0 107.9124285,-7.1870063,0 107.9124164,-7.1869966,0 107.9123856,-7.1869660,0 107.9123735,-7.1869540,0 107.9123427,-7.1869234,0 107.9123306,-7.1869114,0 107.9122997,-7.1868808,0 107.9122873,-7.1868689,0 107.9122763,-7.1868263,0 107.9122763,-7.1867837,0 107.9122763,-7.1867411,0 107.9122763,-7.1866985,0 107.9122568,-7.1866684,0 107.9122500,-7.1866560,0 107.9122243,-7.1866134,0 107.9122139,-7.1865900,0 107.9122067,-7.1865708,0 107.9121933,-7.1865282,0 107.9122052,-7.1864856,0 107.9122139,-7.1864683,0 107.9122267,-7.1864431,0 107.9122481,-7.1864005,0 107.9122568,-7.1863832,0 107.9122699,-7.1863579,0 107.9122997,-7.1863209,0 107.9123038,-7.1863153,0 107.9123363,-7.1862728,0 107.9123427,-7.1862632,0 107.9123627,-7.1862302,0 107.9123847,-7.1861876,0 107.9123856,-7.1861864,0 107.9124188,-7.1861450,0 107.9124285,-7.1861356,0 107.9124714,-7.1861069,0 107.9124804,-7.1861024,0 107.9125143,-7.1860841,0 107.9125524,-7.1860599,0 107.9125572,-7.1860565,0 107.9126001,-7.1860226,0 107.9126083,-7.1860173,0 107.9126431,-7.1859985,0 107.9126860,-7.1859793,0 107.9126953,-7.1859747,0 107.9127289,-7.1859584,0 107.9127718,-7.1859328,0 107.9127732,-7.1859321,0 107.9128147,-7.1859133,0 107.9128576,-7.1859048,0 107.9129006,-7.1858980,0 107.9129435,-7.1858923,0 107.9129596,-7.1858896,0 107.9129864,-7.1858849,0 107.9130293,-7.1858736,0 107.9130722,-7.1858599,0 107.9131057,-7.1858470,0 107.9131151,-7.1858402,0 107.9131580,-7.1858118,0 107.9131710,-7.1858044,0 107.9132010,-7.1857865,0 107.9132439,-7.1857675,0 107.9132601,-7.1857618,0 107.9132868,-7.1857536,0</coordinates></LineString></Placemark>
<Placemark><name>694 m</name><styleUrl>#k</styleUrl><LineString><tessellate>1</tessellate><coordinates>107.9088236,-7.1906135,0 107.9088665,-7.1906035,0 107.9088681,-7.1906157,0 107.9088665,-7.1906252,0 107.9088331,-7.1906583,0 107.9088236,-7.1906796,0 107.9088214,-7.1906583,0 107.9088229,-7.1906157,0 107.9088236,-7.1906135,0</coordinates></LineString></Placemark>
<Placemark><name>696 m</name><styleUrl>#k</styleUrl><LineString><tessellate>1</tessellate><coordinates>107.9150226,-7.1777145,0 107.9150170,-7.1777570,0 107.9150065,-7.1777996,0 107.9150034,-7.1778015,0 107.9149605,-7.1778069,0 107.9149176,-7.1778154,0 107.9148747,-7.1778304,0 107.9148685,-7.1778422,0 107.9148591,-7.1778848,0 107.9148489,-7.1779273,0 107.9148349,-7.1779699,0 107.9148317,-7.1780125,0 107.9147888,-7.1780125,0 107.9147459,-7.1780125,0 107.9147030,-7.1780125,0 107.9147030,-7.1780125,0 107.9147030,-7.1780551,0 107.9147030,-7.1780977,0 107.9147030,-7.1781402,0 107.9147030,-7.1781402,0 107.9147459,-7.1781402,0 107.9147888,-7.1781402,0 107.9148317,-7.1781402,0 107.9148425,-7.1781828,0 107.9148539,-7.1782254,0 107.9148646,-7.1782680,0 107.9148723,-7.1783106,0 107.9148747,-7.1783123,0 107.9149176,-7.1783154,0 107.9149605,-7.1783180,0 107.9150034,-7.1783203,0 107.9150463,-7.1783201,0 107.9150892,-7.1783168,0 107.9151322,-7.1783141,0 107.9151751,-7.1783120,0 107.9151800,-7.1783106,0 107.9151928,-7.1782680,0 107.9152037,-7.1782254,0 107.9152122,-7.1781828,0 107.9152180,-7.1781716,0 107.9152609,-7.1781560,0 107.9153038,-7.1781475,0 107.9153467,-7.1781423,0 107.9153896,-7.1781402,0 107.9154326,-7.1781402,0 107.9154755,-7.1781402,0 107.9155184,-7.1781402,0 107.9155613,-7.1781402,0 107.9156042,-7.1781402,0 107.9156471,-7.1781402,0 107.9156901,-7.1781402,0 107.9156901,-7.1781402,0 107.9156901,-7.1780977,0 107.9156901,-7.1780551,0 107.9156901,-7.1780125,0 107.9156901,-7.1780125,0 107.9156471,-7.1780125,0 107.9156042,-7.1780125,0 107.9155613,-7.1780125,0 107.9155470,-7.1779699,0 107.9155455,-7.1779273,0 107.9155454,-7.1778848,0 107.9155453,-7.1778422,0 107.9155461,-7.1777996,0 107.9155490,-7.1777570,0 107.9155520,-7.1777145,0</coordinates></LineString></Placemark>
<Placemark><name>696 m</name><styleUrl>#k</styleUrl><LineString><tessellate>1</tessellate><coordinates>107.9173763,-7.1777145,0 107.9173975,-7.1777570,0 107.9174067,-7.1777715,0 107.9174291,-7.1777996,0 107.9174496,-7.1778209,0 107.9174710,-7.1778422,0 107.9174925,-7.1778635,0 107.9175140,-7.1778848,0 107.9175354,-7.1779061,0 107.9175569,-7.1779273,0 107.9175783,-7.1779486,0 107.9176075,-7.1779699,0 107.9176212,-7.1779806,0 107.9176642,-7.1779832,0 107.9177071,-7.1779877,0 107.9177500,-7.1779965,0</coordinates></LineString></Placemark>
<Placemark><name>696 m</name><styleUrl>#k</styleUrl><LineString><tessellate>1</tessellate><coordinates>107.9177500,-7.1783471,0 107.9177434,-7.1783531,0 107.9177071,-7.1783735,0 107.9176642,-7.1783910,0 107.9176499,-7.1783957,0 107.9176212,-7.1784040,0 107.9175783,-7.1784070,0 107.9175354,-7.1784070,0 107.9174925,-7.1784070,0 107.9174496,-7.1784070,0 107.9174067,-7.1783983,0 107.9173983,-7.1783957,0 107.9173637,-7.1783834,0 107.9173208,-7.1783628,0 107.9173052,-7.1783531,0 107.9172779,-7.1783362,0 107.9172350,-7.1783281,0 107.9171921,-7.1783281,0 107.9171492,-7.1783281,0 107.9171063,-7.1783281,0 107.9170633,-7.1783281,0 107.9170204,-7.1783281,0 107.9169775,-7.1783281,0 107.9169346,-7.1783281,0 107.9168917,-7.1783520,0 107.9168903,-7.1783531,0 107.9168488,-7.1783944,0 107.9168474,-7.1783957,0 107.9168058,-7.1784369,0 107.9168045,-7.1784383,0 107.9167629,-7.1784795,0 107.9167584,-7.1784809,0 107.9167200,-7.1784938,0 107.9166771,-7.1784973,0 107.9166342,-7.1785035,0 107.9165913,-7.1785153,0 107.9165877,-7.1785235,0 107.9165840,-7.1785660,0 107.9165809,-7.1786086,0 107.9165783,-7.1786512,0 107.9165793,-7.1786938,0 107.9165821,-7.1787363,0 107.9165861,-7.1787789,0 107.9165903,-7.1788215,0 107.9165913,-7.1788641,0 107.9165913,-7.1789067,0 107.9165913,-7.1789492,0 107.9165913,-7.1789918,0 107.9165913,-7.1790344,0 107.9165913,-7.1790770,0 107.9165913,-7.1791196,0 107.9165913,-7.1791621,0 107.9165484,-7.1791649,0 107.9165054,-7.1791687,0 107.9164625,-7.1791718,0 107.9164196,-7.1791745,0 107.9163767,-7.1792040,0 107.9163760,-7.1792047,0 107.9163338,-7.1792466,0 107.9163331,-7.1792473,0 107.9162909,-7.1792892,0 107.9162902,-7.1792899,0 107.9162479,-7.1793318,0 107.9162472,-7.1793325,0 107.9162050,-7.1793743,0 107.9162044,-7.1793750,0 107.9161621,-7.1794169,0 107.9161614,-7.1794176,0 107.9161192,-7.1794595,0 107.9161185,-7.1794602,0 107.9160763,-7.1795021,0 107.9160759,-7.1795028,0 107.9160668,-7.1795453,0 107.9160656,-7.1795879,0 107.9160642,-7.1796305,0 107.9160622,-7.1796731,0 107.9160763,-7.1796954,0 107.9160899,-7.1797157,0 107.9161192,-7.1797447,0 107.9161328,-7.1797582,0 107.9161621,-7.1797873,0 107.9161757,-7.1798008,0 107.9162050,-7.1798299,0 107.9162255,-7.1798434,0 107.9162479,-7.1798526,0 107.9162909,-7.1798536,0 107.9163338,-7.1798550,0 107.9163767,-7.1798566,0 107.9164196,-7.1798580,0 107.9164625,-7.1798580,0 107.9165054,-7.1798580,0 107.9165484,-7.1798580,0 107.9165913,-7.1798589,0 107.9166342,-7.1798608,0 107.9166771,-7.1798628,0 107.9167200,-7.1798642,0 107.9167629,-7.1798737,0 107.9167832,-7.1798860,0 107.9168058,-7.1799000,0 107.9168488,-7.1799205,0 107.9168708,-7.1799286,0 107.9168917,-7.1799352,0 107.9169346,-7.1799435,0 107.9169775,-7.1799435,0 107.9170204,-7.1799435,0 107.9170633,-7.1799435,0 107.9171063,-7.1799403,0 107.9171447,-7.1799286,0 107.9171492,-7.1799270,0 107.9171921,-7.1799094,0 107.9172326,-7.1798860,0 107.9172350,-7.1798842,0 107.9172779,-7.1798688,0 107.9172998,-7.1798860,0 107.9173208,-7.1798992,0 107.9173637,-7.1799200,0 107.9173869,-7.1799286,0 107.9174067,-7.1799348,0 107.9174496,-7.1799435,0 107.9174925,-7.1799435,0 107.9175354,-7.1799435,0 107.9175783,-7.1799435,0 107.9176212,-7.1799464,0 107.9176642,-7.1799593,0 107.9176948,-7.1799711,0 107.9177071,-7.1799767,0 107.9177500,-7.1800019,0</coordinates></LineString></Placemark>
<Placemark><name>696 m</name><styleUrl>#k</styleUrl><LineString><tessellate>1</tessellate><coordinates>107.9177500,-7.1803589,0 107.9177071,-7.1803672,0 107.9176642,-7.1803778,0 107.9176212,-7.1803918,0 107.9176187,-7.1803969,0 107.9176157,-7.1804395,0 107.9176131,-7.1804821,0 107.9176109,-7.1805247,0 107.9175874,-7.1805672,0 107.9175783,-7.1805795,0 107.9175607,-7.1806098,0 107.9175419,-7.1806524,0 107.9175354,-7.1806713,0 107.9175284,-7.1806950,0 107.9175169,-7.1807376,0 107.9175026,-7.1807801,0 107.9174925,-7.1808034,0 107.9174825,-7.1808227,0 107.9174538,-7.1808653,0 107.9174496,-7.1808777,0 107.9174382,-7.1809079,0 107.9174382,-7.1809504,0 107.9174382,-7.1809930,0 107.9174382,-7.1810356,0 107.9174168,-7.1810782,0 107.9174067,-7.1810913,0 107.9173893,-7.1811208,0 107.9173706,-7.1811633,0 107.9173637,-7.1811829,0 107.9173567,-7.1812059,0 107.9173452,-7.1812485,0 107.9173308,-7.1812911,0 107.9173208,-7.1813143,0 107.9173110,-7.1813337,0 107.9172828,-7.1813762,0 107.9172779,-7.1813893,0 107.9172628,-7.1814188,0 107.9172503,-7.1814614,0 107.9172350,-7.1814799,0 107.9171921,-7.1814800,0 107.9171492,-7.1814800,0 107.9171063,-7.1814798,0 107.9170633,-7.1814798,0 107.9170204,-7.1814798,0 107.9169775,-7.1814798,0 107.9169346,-7.1814798,0 107.9168917,-7.1814717,0 107.9168609,-7.1814614,0 107.9168488,-7.1814568,0 107.9168058,-7.1814363,0 107.9167785,-7.1814188,0 107.9167629,-7.1814096,0 107.9167200,-7.1814010,0 107.9166771,-7.1813994,0 107.9166342,-7.1813975,0 107.9165913,-7.1813956,0 107.9165484,-7.1813947,0 107.9165054,-7.1813946,0 107.9164625,-7.1813945,0 107.9164196,-7.1813933,0 107.9164073,-7.1813762,0 107.9164060,-7.1813337,0 107.9164053,-7.1812911,0 107.9164056,-7.1812485,0 107.9164055,-7.1812059,0 107.9164055,-7.1811633,0 107.9164055,-7.1811208,0 107.9164055,-7.1810782,0 107.9163857,-7.1810356,0 107.9163767,-7.1810287,0 107.9163338,-7.1810029,0 107.9163123,-7.1809930,0 107.9162909,-7.1809847,0 107.9162479,-7.1809714,0 107.9162050,-7.1809677,0 107.9161621,-7.1809677,0 107.9161192,-7.1809677,0 107.9160763,-7.1809677,0 107.9160334,-7.1809677,0 107.9159905,-7.1809677,0 107.9159475,-7.1809677,0 107.9159046,-7.1809677,0 107.9158617,-7.1809603,0 107.9158312,-7.1809504,0 107.9158188,-7.1809458,0 107.9157759,-7.1809257,0 107.9157473,-7.1809079,0 107.9157330,-7.1808994,0 107.9156901,-7.1808888,0 107.9156471,-7.1808874,0 107.9156042,-7.1808854,0 107.9155613,-7.1808834,0 107.9155205,-7.1809079,0 107.9155184,-7.1809092,0 107.9154768,-7.1809504,0 107.9154755,-7.1809518,0 107.9154339,-7.1809930,0 107.9154326,-7.1809944,0 107.9153910,-7.1810356,0 107.9153896,-7.1810389,0 107.9153733,-7.1810782,0 107.9153733,-7.1811208,0 107.9153733,-7.1811633,0 107.9153733,-7.1812059,0 107.9153896,-7.1812335,0 107.9153984,-7.1812485,0 107.9154326,-7.1812824,0 107.9154413,-7.1812911,0 107.9154755,-7.1813250,0 107.9154842,-7.1813337,0 107.9155184,-7.1813676,0 107.9155274,-7.1813762,0 107.9155613,-7.1814099,0 107.9155700,-7.1814188,0 107.9156042,-7.1814527,0 107.9156129,-7.1814614,0 107.9156471,-7.1814953,0 107.9156559,-7.1815040,0 107.9156901,-7.1815379,0 107.9157037,-7.1815465,0 107.9157330,-7.1815652,0 107.9157759,-7.1815652,0 107.9158188,-7.1815652,0 107.9158617,-7.1815652,0 107.9159046,-7.1815501,0 107.9159080,-7.1815465,0 107.9159475,-7.1815073,0 107.9159509,-7.1815040,0 107.9159905,-7.1814648,0 107.9159939,-7.1814614,0 107.9160334,-7.1814222,0 107.9160386,-7.1814188,0 107.9160763,-7.1813945,0 107.9161192,-7.1813945,0 107.9161621,-7.1813945,0 107.9162050,-7.1813945,0 107.9162479,-7.1813946,0 107.9162909,-7.1813945,0 107.9163338,-7.1813942,0 107.9163767,-7.1813956,0 107.9164053,-7.1814188,0 107.9164059,-7.1814614,0 107.9164060,-7.1815040,0 107.9164053,-7.1815465,0 107.9164069,-7.1815891,0 107.9164096,-7.1816317,0 107.9164129,-7.1816743,0 107.9164177,-7.1817169,0 107.9164196,-7.1817194,0 107.9164625,-7.1817285,0 107.9165054,-7.1817395,0 107.9165484,-7.1817509,0 107.9165583,-7.1817594,0 107.9165681,-7.1818020,0 107.9165734,-7.1818446,0 107.9165767,-7.1818872,0 107.9165913,-7.1819122,0 107.9166008,-7.1819298,0 107.9166342,-7.1819629,0 107.9166437,-7.1819723,0 107.9166771,-7.1820055,0 107.9166866,-7.1820149,0 107.9167200,-7.1820480,0 107.9167274,-7.1820575,0 107.9167447,-7.1821001,0 107.9167482,-7.1821426,0 107.9167512,-7.1821852,0 107.9167539,-7.1822278,0 107.9167550,-7.1822704,0 107.9167550,-7.1823130,0 107.9167550,-7.1823555,0 107.9167550,-7.1823981,0 107.9167629,-7.1824256,0 107.9167695,-7.1824407,0 107.9167971,-7.1824833,0 107.9168058,-7.1825011,0 107.9168162,-7.1825259,0 107.9168302,-7.1825684,0 107.9168409,-7.1826110,0 107.9168488,-7.1826504,0 107.9168493,-7.1826536,0 107.9168562,-7.1826962,0 107.9168619,-7.1827387,0 107.9168573,-7.1827813,0 107.9168488,-7.1828070,0 107.9168431,-7.1828239,0 107.9168288,-7.1828665,0 107.9168144,-7.1829091,0 107.9168058,-7.1829283,0 107.9167951,-7.1829516,0 107.9167668,-7.1829942,0 107.9167629,-7.1829994,0 107.9167237,-7.1830368,0 107.9167200,-7.1830405,0 107.9166818,-7.1830794,0 107.9166771,-7.1830878,0 107.9166581,-7.1831220,0 107.9166444,-7.1831645,0 107.9166342,-7.1831893,0 107.9166254,-7.1832071,0 107.9165978,-7.1832497,0 107.9165913,-7.1832648,0 107.9165767,-7.1832923,0 107.9165734,-7.1833348,0 107.9165681,-7.1833774,0 107.9165583,-7.1834200,0 107.9165484,-7.1834432,0 107.9165054,-7.1834437,0 107.9164625,-7.1834428,0 107.9164196,-7.1834431,0 107.9163804,-7.1834200,0 107.9163767,-7.1834183,0 107.9163338,-7.1833929,0 107.9162984,-7.1833774,0 107.9162909,-7.1833746,0 107.9162479,-7.1833614,0 107.9162050,-7.1833501,0 107.9161621,-7.1833353,0 107.9161610,-7.1833348,0 107.9161192,-7.1833153,0 107.9160840,-7.1832923,0 107.9160763,-7.1832855,0 107.9160334,-7.1832742,0 107.9159905,-7.1832775,0 107.9159475,-7.1832826,0 107.9159046,-7.1832888,0 107.9158617,-7.1832923,0 107.9158188,-7.1832923,0 107.9157759,-7.1832923,0 107.9157330,-7.1832923,0 107.9156901,-7.1832923,0 107.9156471,-7.1832923,0 107.9156042,-7.1832923,0 107.9155613,-7.1832923,0 107.9155613,-7.1832923,0 107.9155613,-7.1833348,0 107.9155613,-7.1833774,0 107.9155613,-7.1834200,0 107.9155184,-7.1834234,0 107.9154755,-7.1834283,0 107.9154326,-7.1834321,0 107.9153896,-7.1834348,0 107.9153527,-7.1834200,0 107.9153467,-7.1834167,0 107.9153072,-7.1833774,0 107.9153038,-7.1833741,0 107.9152642,-7.1833348,0 107.9152609,-7.1833315,0 107.9152213,-7.1832923,0 107.9152180,-7.1832888,0 107.9151786,-7.1832497,0 107.9151751,-7.1832464,0 107.9151355,-7.1832071,0 107.9151322,-7.1832038,0 107.9150926,-7.1831645,0 107.9150892,-7.1831612,0 107.9150497,-7.1831220,0 107.9150463,-7.1831185,0 107.9150034,-7.1831017,0 107.9149605,-7.1831017,0 107.9149176,-7.1831017,0 107.9148747,-7.1831017,0 107.9148399,-7.1831220,0 107.9148317,-7.1831266,0 107.9147935,-7.1831645,0 107.9147888,-7.1831692,0 107.9147506,-7.1832071,0 107.9147459,-7.1832118,0 107.9147077,-7.1832497,0 107.9147030,-7.1832543,0 107.9146622,-7.1832923,0 107.9146601,-7.1832940,0 107.9146172,-7.1833205,0 107.9145858,-7.1833348,0 107.9145743,-7.1833393,0 107.9145313,-7.1833528,0 107.9144884,-7.1833513,0 107.9144455,-7.1833369,0 107.9144401,-7.1833348,0 107.9144026,-7.1833175,0 107.9143635,-7.1832923,0 107.9143597,-7.1832889,0 107.9143182,-7.1832497,0 107.9143168,-7.1832484,0 107.9142752,-7.1832071,0 107.9142738,-7.1832058,0 107.9142323,-7.1831645,0 107.9142309,-7.1831632,0 107.9141894,-7.1831220,0 107.9141880,-7.1831188,0 107.9141451,-7.1830794,0 107.9141451,-7.1830368,0 107.9141451,-7.1829942,0 107.9141451,-7.1829516,0 107.9141451,-7.1829516,0 107.9141022,-7.1829516,0 107.9140593,-7.1829516,0 107.9140164,-7.1829516,0 107.9140164,-7.1829516,0 107.9140164,-7.1829942,0 107.9140164,-7.1830368,0 107.9140164,-7.1830794,0 107.9139734,-7.1830862,0 107.9139305,-7.1830967,0 107.9138876,-7.1831073,0 107.9138447,-7.1831169,0 107.9138396,-7.1831220,0 107.9138304,-7.1831645,0 107.9138198,-7.1832071,0 107.9138087,-7.1832497,0 107.9138018,-7.1832566,0 107.9137589,-7.1832675,0 107.9137159,-7.1832781,0 107.9136730,-7.1832873,0 107.9136301,-7.1832923,0 107.9135872,-7.1832923,0 107.9135443,-7.1832923,0 107.9135014,-7.1832923,0 107.9134585,-7.1832923,0 107.9134155,-7.1832923,0 107.9133726,-7.1832923,0 107.9133297,-7.1832923,0 107.9132868,-7.1832497,0 107.9132868,-7.1832071,0 107.9132868,-7.1831645,0 107.9132868,-7.1831220,0 107.9132916,-7.1830794,0 107.9132985,-7.1830368,0 107.9133033,-7.1829942,0 107.9133068,-7.1829516,0 107.9133082,-7.1829091,0 107.9133082,-7.1828665,0 107.9133082,-7.1828239,0 107.9133082,-7.1827813,0 107.9132868,-7.1827387,0 107.9132868,-7.1827387,0 107.9132439,-7.1826962,0 107.9132439,-7.1826962,0 107.9132010,-7.1826536,0 107.9132010,-7.1826536,0 107.9131580,-7.1826110,0 107.9131580,-7.1826110,0 107.9131151,-7.1825684,0 107.9131151,-7.1825684,0 107.9130722,-7.1825259,0 107.9130722,-7.1825259,0 107.9130293,-7.1824833,0 107.9130293,-7.1824833,0 107.9129864,-7.1824407,0 107.9129864,-7.1824407,0 107.9129435,-7.1824394,0 107.9129421,-7.1824407,0 107.9129006,-7.1824819,0 107.9128992,-7.1824833,0 107.9128576,-7.1825245,0 107.9128563,-7.1825259,0 107.9128147,-7.1825671,0 107.9128122,-7.1825684,0 107.9127718,-7.1825911,0 107.9127289,-7.1825946,0 107.9126860,-7.1825994,0 107.9126431,-7.1826063,0 107.9126380,-7.1826110,0 107.9126301,-7.1826536,0 107.9126254,-7.1826962,0 107.9126216,-7.1827387,0 107.9126417,-7.1827813,0 107.9126431,-7.1827827,0 107.9126846,-7.1828239,0 107.9126860,-7.1828253,0 107.9127275,-7.1828665,0 107.9127289,-7.1828678,0 107.9127704,-7.1829091,0 107.9127718,-7.1829104,0 107.9128134,-7.1829516,0 107.9128147,-7.1829530,0 107.9128563,-7.1829942,0 107.9128576,-7.1829956,0 107.9128992,-7.1830368,0 107.9129006,-7.1830382,0 107.9129421,-7.1830794,0 107.9129435,-7.1830808,0 107.9129864,-7.1831028,0 107.9130293,-7.1831064,0 107.9130722,-7.1831113,0 107.9131151,-7.1831174,0 107.9131580,-7.1831220,0 107.9131580,-7.1831645,0 107.9131580,-7.1832071,0 107.9131580,-7.1832497,0 107.9131580,-7.1832923,0 107.9131580,-7.1833348,0 107.9131580,-7.1833774,0 107.9131580,-7.1834200,0 107.9131151,-7.1834252,0 107.9130722,-7.1834332,0 107.9130293,-7.1834384,0 107.9129864,-7.1834417,0 107.9129435,-7.1834433,0 107.9129006,-7.1834433,0 107.9128576,-7.1834433,0 107.9128147,-7.1834433,0 107.9127732,-7.1834626,0 107.9127718,-7.1834632,0 107.9127296,-7.1835052,0 107.9127289,-7.1835058,0 107.9126866,-7.1835477,0 107.9126860,-7.1835484,0 107.9126437,-7.1835903,0 107.9126431,-7.1835910,0 107.9126001,-7.1836152,0 107.9125572,-7.1836184,0 107.9125143,-7.1836227,0 107.9124714,-7.1836285,0 107.9124657,-7.1836329,0 107.9124540,-7.1836755,0 107.9124432,-7.1837181,0 107.9124335,-7.1837606,0 107.9124285,-7.1837665,0 107.9123856,-7.1837785,0 107.9123427,-7.1837890,0 107.9122997,-7.1837983,0 107.9122938,-7.1838032,0 107.9122817,-7.1838458,0 107.9122716,-7.1838884,0 107.9122619,-7.1839309,0 107.9122568,-7.1839364,0 107.9122139,-7.1839448,0 107.9121710,-7.1839501,0 107.9121281,-7.1839537,0 107.9120852,-7.1839540,0 107.9120422,-7.1839505,0 107.9119993,-7.1839455,0 107.9119564,-7.1839376,0 107.9119490,-7.1839309,0 107.9119370,-7.1838884,0 107.9119265,-7.1838458,0 107.9119172,-7.1838032,0 107.9119135,-7.1837996,0 107.9118706,-7.1837903,0 107.9118277,-7.1837799,0 107.9117848,-7.1837680,0 107.9117771,-7.1837606,0 107.9117647,-7.1837181,0 107.9117545,-7.1836755,0 107.9117454,-7.1836329,0 107.9117418,-7.1836295,0 107.9116989,-7.1836234,0 107.9116560,-7.1836190,0 107.9116131,-7.1836156,0 107.9115702,-7.1835988,0 107.9115600,-7.1835903,0 107.9115273,-7.1835695,0 107.9114843,-7.1835498,0 107.9114788,-7.1835477,0 107.9114414,-7.1835355,0 107.9113985,-7.1835330,0 107.9113556,-7.1835465,0 107.9113523,-7.1835477,0 107.9113127,-7.1835650,0 107.9112713,-7.1835903,0 107.9112698,-7.1835916,0 107.9112269,-7.1836159,0 107.9111839,-7.1836206,0 107.9111410,-7.1836254,0 107.9110981,-7.1836304,0 107.9110920,-7.1836329,0 107.9110823,-7.1836755,0 107.9110767,-7.1837181,0 107.9110730,-7.1837606,0 107.9110739,-7.1838032,0 107.9110796,-7.1838458,0 107.9110862,-7.1838884,0 107.9110931,-7.1839309,0 107.9110981,-7.1839398,0 107.9111410,-7.1839515,0 107.9111839,-7.1839610,0 107.9112269,-7.1839700,0 107.9112302,-7.1839735,0 107.9112382,-7.1840161,0 107.9112483,-7.1840587,0 107.9112602,-7.1841013,0 107.9112698,-7.1841438,0 107.9112698,-7.1841864,0 107.9112698,-7.1842290,0 107.9112698,-7.1842716,0 107.9112269,-7.1843125,0 107.9112262,-7.1843142,0 107.9111839,-7.1843561,0 107.9111833,-7.1843567,0 107.9111410,-7.1843986,0 107.9111404,-7.1843993,0 107.9110981,-7.1844412,0 107.9110970,-7.1844419,0 107.9110552,-7.1844672,0 107.9110123,-7.1844672,0 107.9109694,-7.1844672,0 107.9109264,-7.1844672,0 107.9108835,-7.1844672,0 107.9108406,-7.1844672,0 107.9107977,-7.1844672,0 107.9107548,-7.1844672,0 107.9107119,-7.1844672,0 107.9106690,-7.1844672,0 107.9106260,-7.1844672,0 107.9105831,-7.1844672,0 107.9105402,-7.1844672,0 107.9104973,-7.1844672,0 107.9104544,-7.1844672,0 107.9104115,-7.1844672,0 107.9103685,-7.1844672,0 107.9103256,-7.1844672,0 107.9102827,-7.1844672,0 107.9102398,-7.1844672,0 107.9101969,-7.1844672,0 107.9101540,-7.1844672,0 107.9101111,-7.1844672,0 107.9100681,-7.1844672,0 107.9100252,-7.1844680,0 107.9099823,-7.1844713,0 107.9099394,-7.1844749,0 107.9098965,-7.1844804,0 107.9098536,-7.1844845,0 107.9098106,-7.1844845,0 107.9097677,-7.1844845,0 107.9097248,-7.1844845,0 107.9097137,-7.1844419,0 107.9097045,-7.1843993,0 107.9096994,-7.1843567,0 107.9096962,-7.1843142,0 107.9096953,-7.1842716,0 107.9096953,-7.1842290,0 107.9096953,-7.1841864,0 107.9096953,-7.1841438,0 107.9096819,-7.1841208,0 107.9096703,-7.1841013,0 107.9096390,-7.1840702,0 107.9096274,-7.1840587,0 107.9095961,-7.1840276,0 107.9095845,-7.1840161,0 107.9095532,-7.1839850,0 107.9095366,-7.1839735,0 107.9095102,-7.1839547,0 107.9094673,-7.1839514,0 107.9094244,-7.1839468,0 107.9093815,-7.1839387,0 107.9093386,-7.1839352,0 107.9092957,-7.1839440,0 107.9092527,-7.1839496,0 107.9092098,-7.1839534,0 107.9091669,-7.1839557,0 107.9091240,-7.1839588,0 107.9090811,-7.1839629,0 107.9090382,-7.1839683,0 107.9090274,-7.1839735,0 107.9090121,-7.1840161,0 107.9090038,-7.1840587,0 107.9089973,-7.1841013,0 107.9089953,-7.1841438,0 107.9089523,-7.1841438,0 107.9089094,-7.1841438,0 107.9088665,-7.1841438,0 107.9088236,-7.1841438,0 107.9087807,-7.1841438,0 107.9087378,-7.1841438,0 107.9086948,-7.1841438,0 107.9086519,-7.1841427,0 107.9086090,-7.1841397,0 107.9085661,-7.1841367,0 107.9085232,-7.1841341,0 107.9084803,-7.1841331,0 107.9084374,-7.1841351,0 107.9083944,-7.1841379,0 107.9083515,-7.1841411,0 107.9083396,-7.1841438,0 107.9083245,-7.1841864,0 107.9083158,-7.1842290,0 107.9083106,-7.1842716,0 107.9083086,-7.1842747,0 107.9082657,-7.1842886,0 107.9082228,-7.1842987,0 107.9081799,-7.1843081,0 107.9081679,-7.1843142,0 107.9081518,-7.1843567,0 107.9081441,-7.1843993,0 107.9081389,-7.1844419,0 107.9081378,-7.1844845,0 107.9081409,-7.1845270,0 107.9081435,-7.1845696,0 107.9081453,-7.1846122,0 107.9081631,-7.1846548,0 107.9081799,-7.1846714,0 107.9082060,-7.1846974,0 107.9082228,-7.1847140,0 107.9082489,-7.1847399,0 107.9082657,-7.1847566,0 107.9082918,-7.1847825,0 107.9083086,-7.1847945,0 107.9083515,-7.1848232,0 107.9083545,-7.1848251,0 107.9083944,-7.1848396,0 107.9084374,-7.1848526,0 107.9084803,-7.1848634,0 107.9085232,-7.1848616,0 107.9085661,-7.1848539,0 107.9086090,-7.1848416,0 107.9086427,-7.1848251,0 107.9086519,-7.1848180,0 107.9086894,-7.1847825,0 107.9086948,-7.1847771,0 107.9087323,-7.1847399,0 107.9087378,-7.1847345,0 107.9087752,-7.1846974,0 107.9087807,-7.1846920,0 107.9088181,-7.1846548,0 107.9088236,-7.1846412,0 107.9088364,-7.1846122,0 107.9088398,-7.1845696,0 107.9088451,-7.1845270,0 107.9088568,-7.1844845,0 107.9088665,-7.1844419,0 107.9089094,-7.1844419,0 107.9089523,-7.1844419,0 107.9089953,-7.1844419,0 107.9090382,-7.1844525,0 107.9090811,-7.1844639,0 107.9091240,-7.1844744,0 107.9091669,-7.1844822,0 107.9091689,-7.1844845,0 107.9091741,-7.1845270,0 107.9091832,-7.1845696,0 107.9091962,-7.1846122,0 107.9092098,-7.1846215,0 107.9092527,-7.1846294,0 107.9092957,-7.1846339,0 107.9093386,-7.1846373,0 107.9093624,-7.1846548,0 107.9093815,-7.1846683,0 107.9094108,-7.1846974,0 107.9094244,-7.1847109,0 107.9094537,-7.1847399,0 107.9094673,-7.1847535,0 107.9094966,-7.1847825,0 107.9095102,-7.1847960,0 107.9095532,-7.1848072,0 107.9095961,-7.1848034,0 107.9096390,-7.1847975,0 107.9096819,-7.1847872,0 107.9097248,-7.1847825,0 107.9097677,-7.1847825,0 107.9098106,-7.1847825,0 107.9098536,-7.1847825,0 107.9098557,-7.1848251,0 107.9098619,-7.1848677,0 107.9098707,-7.1849103,0 107.9098840,-7.1849528,0 107.9098965,-7.1849624,0 107.9099394,-7.1849705,0 107.9099823,-7.1849754,0 107.9100252,-7.1849787,0 107.9100492,-7.1849954,0 107.9100681,-7.1850080,0 107.9100983,-7.1850380,0 107.9101111,-7.1850506,0 107.9101412,-7.1850806,0 107.9101540,-7.1850932,0 107.9101841,-7.1851231,0 107.9101969,-7.1851327,0 107.9102398,-7.1851432,0 107.9102827,-7.1851432,0 107.9103256,-7.1851432,0 107.9103685,-7.1851432,0 107.9104104,-7.1851231,0 107.9104115,-7.1851225,0 107.9104537,-7.1850806,0 107.9104544,-7.1850799,0 107.9104966,-7.1850380,0 107.9104973,-7.1850373,0 107.9105395,-7.1849954,0 107.9105402,-7.1849947,0 107.9105426,-7.1849954,0 107.9105831,-7.1850069,0 107.9106145,-7.1850380,0 107.9106260,-7.1850495,0 107.9106574,-7.1850806,0 107.9106690,-7.1850921,0 107.9107003,-7.1851231,0 107.9107119,-7.1851404,0 107.9107223,-7.1851657,0 107.9107254,-7.1852083,0 107.9107288,-7.1852509,0 107.9107324,-7.1852935,0 107.9107459,-7.1853360,0 107.9107548,-7.1853480,0 107.9107856,-7.1853786,0 107.9107977,-7.1853906,0 107.9108285,-7.1854212,0 107.9108406,-7.1854332,0 107.9108715,-7.1854638,0 107.9108835,-7.1854757,0 107.9109159,-7.1855063,0 107.9109264,-7.1855150,0 107.9109694,-7.1855409,0 107.9109863,-7.1855489,0 107.9110123,-7.1855594,0 107.9110552,-7.1855727,0 107.9110869,-7.1855915,0 107.9110981,-7.1855984,0 107.9111344,-7.1856341,0 107.9111410,-7.1856442,0 107.9111614,-7.1856767,0 107.9111747,-7.1857192,0 107.9111839,-7.1857426,0 107.9111930,-7.1857618,0 107.9112188,-7.1858044,0 107.9112269,-7.1858197,0 107.9112373,-7.1858470,0 107.9112373,-7.1858896,0 107.9112373,-7.1859321,0 107.9112373,-7.1859747,0 107.9112290,-7.1860173,0 107.9112269,-7.1860206,0 107.9111873,-7.1860599,0 107.9111839,-7.1860632,0 107.9111444,-7.1861024,0 107.9111410,-7.1861058,0 107.9111015,-7.1861450,0 107.9110981,-7.1861485,0 107.9110552,-7.1861743,0 107.9110123,-7.1861743,0 107.9109694,-7.1861743,0 107.9109264,-7.1861743,0 107.9108835,-7.1861743,0 107.9108406,-7.1861743,0 107.9107977,-7.1861743,0 107.9107548,-7.1861743,0 107.9107190,-7.1861876,0 107.9107119,-7.1861903,0 107.9106716,-7.1862302,0 107.9106690,-7.1862328,0 107.9106287,-7.1862728,0 107.9106260,-7.1862754,0 107.9105858,-7.1863153,0 107.9105831,-7.1863191,0 107.9105561,-7.1863579,0 107.9105583,-7.1864005,0 107.9105603,-7.1864431,0 107.9105617,-7.1864856,0 107.9105715,-7.1865282,0 107.9105831,-7.1865435,0 107.9106106,-7.1865708,0 107.9106260,-7.1865861,0 107.9106535,-7.1866134,0 107.9106690,-7.1866287,0 107.9106964,-7.1866560,0 107.9107119,-7.1866713,0 107.9107394,-7.1866985,0 107.9107548,-7.1867138,0 107.9107823,-7.1867411,0 107.9107977,-7.1867564,0 107.9108252,-7.1867837,0 107.9108406,-7.1867990,0 107.9108681,-7.1868263,0 107.9108835,-7.1868385,0 107.9109243,-7.1868689,0 107.9109264,-7.1868698,0 107.9109694,-7.1868861,0 107.9110123,-7.1868994,0 107.9110552,-7.1869105,0 107.9110611,-7.1869114,0 107.9110981,-7.1869173,0 107.9111410,-7.1869232,0 107.9111839,-7.1869302,0 107.9112269,-7.1869388,0 107.9112698,-7.1869497,0 107.9112841,-7.1869540,0 107.9113127,-7.1869640,0 107.9113556,-7.1869837,0 107.9113771,-7.1869966,0 107.9113985,-7.1870129,0 107.9114267,-7.1870392,0 107.9114414,-7.1870538,0 107.9114696,-7.1870817,0 107.9114843,-7.1870964,0 107.9115125,-7.1871243,0 107.9115273,-7.1871390,0 107.9115554,-7.1871669,0 107.9115702,-7.1871864,0 107.9115812,-7.1872095,0 107.9115812,-7.1872521,0 107.9115812,-7.1872946,0 107.9115812,-7.1873372,0 107.9115812,-7.1873798,0 107.9115812,-7.1874224,0 107.9115812,-7.1874649,0 107.9115812,-7.1875075,0 107.9115809,-7.1875501,0 107.9115785,-7.1875927,0 107.9115761,-7.1876353,0 107.9115729,-7.1876778,0 107.9115702,-7.1876897,0 107.9115273,-7.1877057,0 107.9114843,-7.1877133,0 107.9114414,-7.1877185,0 107.9114384,-7.1877204,0 107.9114279,-7.1877630,0 107.9114223,-7.1878056,0 107.9114181,-7.1878481,0 107.9114247,-7.1878907,0 107.9114414,-7.1879074,0 107.9114676,-7.1879333,0 107.9114843,-7.1879499,0 107.9115105,-7.1879759,0 107.9115273,-7.1879925,0 107.9115534,-7.1880185,0 107.9115702,-7.1880393,0 107.9115814,-7.1880610,0 107.9115826,-7.1881036,0 107.9115865,-7.1881462,0 107.9115857,-7.1881888,0 107.9116113,-7.1882314,0 107.9116131,-7.1882326,0 107.9116560,-7.1882608,0 107.9116752,-7.1882739,0 107.9116989,-7.1882898,0 107.9117258,-7.1883165,0 107.9117418,-7.1883371,0 107.9117540,-7.1883591,0 107.9117773,-7.1884017,0 107.9117848,-7.1884126,0 107.9118086,-7.1884442,0 107.9118277,-7.1884616,0 107.9118629,-7.1884868,0 107.9118706,-7.1884920,0 107.9119135,-7.1885216,0 107.9119226,-7.1885294,0 107.9119469,-7.1885720,0 107.9119499,-7.1886146,0 107.9119426,-7.1886571,0 107.9119336,-7.1886997,0 107.9119282,-7.1887423,0 107.9119268,-7.1887849,0 107.9119282,-7.1888274,0 107.9119311,-7.1888700,0 107.9119348,-7.1889126,0 107.9119377,-7.1889552,0 107.9119382,-7.1889978,0 107.9119332,-7.1890403,0 107.9119194,-7.1890829,0 107.9119135,-7.1890934,0 107.9118885,-7.1891255,0 107.9118706,-7.1891442,0 107.9118415,-7.1891681,0 107.9118277,-7.1891796,0 107.9117848,-7.1892094,0 107.9117816,-7.1892106,0 107.9117418,-7.1892275,0 107.9116989,-7.1892305,0 107.9116560,-7.1892248,0 107.9116131,-7.1892205,0 107.9115702,-7.1892247,0 107.9115273,-7.1892333,0 107.9114843,-7.1892374,0 107.9114414,-7.1892317,0 107.9114000,-7.1892106,0 107.9113985,-7.1892097,0 107.9113651,-7.1891681,0 107.9113556,-7.1891527,0 107.9113429,-7.1891255,0 107.9113274,-7.1890829,0 107.9113150,-7.1890403,0 107.9113127,-7.1890304,0 107.9113045,-7.1889978,0 107.9112903,-7.1889552,0 107.9112698,-7.1889197,0 107.9112658,-7.1889126,0 107.9112384,-7.1888700,0 107.9112269,-7.1888520,0 107.9112145,-7.1888274,0 107.9111946,-7.1887849,0 107.9111839,-7.1887616,0 107.9111751,-7.1887423,0 107.9111548,-7.1886997,0 107.9111410,-7.1886708,0 107.9111348,-7.1886571,0 107.9111152,-7.1886146,0 107.9110981,-7.1885814,0 107.9110936,-7.1885720,0 107.9110641,-7.1885294,0 107.9110552,-7.1885205,0 107.9110190,-7.1884868,0 107.9110123,-7.1884819,0 107.9109694,-7.1884547,0 107.9109470,-7.1884442,0 107.9109264,-7.1884349,0 107.9108835,-7.1884232,0 107.9108406,-7.1884189,0 107.9107977,-7.1884201,0 107.9107548,-7.1884249,0 107.9107119,-7.1884311,0 107.9106690,-7.1884360,0 107.9106260,-7.1884378,0 107.9105831,-7.1884352,0 107.9105402,-7.1884253,0 107.9104985,-7.1884017,0 107.9104973,-7.1884006,0 107.9104624,-7.1883591,0 107.9104544,-7.1883477,0 107.9104306,-7.1883165,0 107.9104115,-7.1882954,0 107.9103839,-7.1882739,0 107.9103685,-7.1882634,0 107.9103256,-7.1882416,0 107.9103030,-7.1882314,0 107.9102827,-7.1882215,0 107.9102398,-7.1882053,0 107.9101969,-7.1881996,0 107.9101540,-7.1882178,0 107.9101399,-7.1882314,0 107.9101111,-7.1882687,0 107.9101080,-7.1882739,0 107.9100793,-7.1883165,0 107.9100681,-7.1883290,0 107.9100474,-7.1883591,0 107.9100252,-7.1883881,0 107.9100166,-7.1884017,0 107.9099908,-7.1884442,0 107.9099823,-7.1884611,0 107.9099695,-7.1884868,0 107.9099532,-7.1885294,0 107.9099449,-7.1885720,0 107.9099440,-7.1886146,0 107.9099476,-7.1886571,0 107.9099535,-7.1886997,0 107.9099593,-7.1887423,0 107.9099636,-7.1887849,0 107.9099634,-7.1888274,0 107.9099563,-7.1888700,0 107.9099413,-7.1889126,0 107.9099394,-7.1889167,0 107.9099223,-7.1889552,0 107.9099012,-7.1889978,0 107.9098965,-7.1890061,0 107.9098752,-7.1890403,0 107.9098536,-7.1890660,0 107.9098386,-7.1890829,0 107.9098106,-7.1891088,0 107.9097942,-7.1891255,0 107.9097677,-7.1891508,0 107.9097514,-7.1891681,0 107.9097248,-7.1891942,0 107.9097072,-7.1892106,0 107.9096819,-7.1892312,0 107.9096502,-7.1892532,0 107.9096390,-7.1892602,0 107.9095961,-7.1892871,0 107.9095839,-7.1892958,0 107.9095532,-7.1893168,0 107.9095264,-7.1893384,0 107.9095102,-7.1893509,0 107.9094754,-7.1893810,0 107.9094673,-7.1893877,0 107.9094285,-7.1894235,0 107.9094244,-7.1894275,0 107.9093872,-7.1894661,0 107.9093815,-7.1894724,0 107.9093473,-7.1895087,0 107.9093386,-7.1895179,0 107.9093033,-7.1895513,0 107.9092957,-7.1895583,0 107.9092579,-7.1895938,0 107.9092527,-7.1895989,0 107.9092193,-7.1896364,0 107.9092098,-7.1896471,0 107.9091832,-7.1896790,0 107.9091669,-7.1896957,0 107.9091393,-7.1897216,0 107.9091240,-7.1897331,0 107.9090811,-7.1897628,0 107.9090790,-7.1897642,0 107.9090382,-7.1897911,0 107.9090151,-7.1898067,0 107.9089953,-7.1898213,0 107.9089571,-7.1898493,0 107.9089523,-7.1898531,0 107.9089094,-7.1898866,0 107.9089028,-7.1898919,0 107.9088665,-7.1899243,0 107.9088559,-7.1899345,0 107.9088236,-7.1899672,0 107.9088141,-7.1899770,0 107.9087807,-7.1900096,0 107.9087699,-7.1900196,0 107.9087378,-7.1900491,0 107.9087238,-7.1900622,0 107.9086948,-7.1900951,0 107.9086873,-7.1901048,0 107.9086627,-7.1901474,0 107.9086519,-7.1901696,0 107.9086413,-7.1901899,0 107.9086146,-7.1902325,0 107.9086090,-7.1902394,0 107.9085763,-7.1902751,0 107.9085661,-7.1902854,0 107.9085391,-7.1903177,0 107.9085232,-7.1903408,0 107.9085129,-7.1903602,0 107.9084956,-7.1904028,0 107.9084827,-7.1904454,0 107.9084803,-7.1904551,0 107.9084718,-7.1904880,0 107.9084590,-7.1905306,0 107.9084414,-7.1905731,0 107.9084374,-7.1905807,0 107.9084168,-7.1906157,0 107.9083944,-7.1906489,0 107.9083880,-7.1906583,0 107.9083590,-7.1907009,0 107.9083515,-7.1907123,0 107.9083294,-7.1907434,0 107.9083086,-7.1907717,0 107.9082968,-7.1907860,0 107.9082663,-7.1908286,0 107.9082657,-7.1908298,0 107.9082450,-7.1908712,0 107.9082325,-7.1909138,0 107.9082269,-7.1909563,0 107.9082251,-7.1909989,0 107.9082254,-7.1910415,0 107.9082228,-7.1910531,0 107.9081999,-7.1910841,0 107.9081799,-7.1910888,0 107.9081369,-7.1911029,0 107.9080940,-7.1911248,0 107.9080916,-7.1911266,0 107.9080511,-7.1911579,0 107.9080400,-7.1911692,0 107.9080082,-7.1912084,0 107.9080059,-7.1912118,0 107.9079823,-7.1912544,0 107.9079653,-7.1912920,0 107.9079633,-7.1912970,0 107.9079456,-7.1913395,0 107.9079224,-7.1913776,0 107.9079199,-7.1913821,0 107.9078880,-7.1914247,0 107.9078795,-7.1914332,0 107.9078497,-7.1914673,0 107.9078365,-7.1914807,0 107.9078111,-7.1915098,0</coordinates></LineString></Placemark>
<Placemark><name>696 m</name><styleUrl>#k</styleUrl><LineString><tessellate>1</tessellate><coordinates>107.9177500,-7.1910795,0 107.9177071,-7.1910634,0 107.9176735,-7.1910415,0 107.9176642,-7.1910303,0 107.9176475,-7.1909989,0 107.9176283,-7.1909563,0 107.9176212,-7.1909463,0 107.9175876,-7.1909138,0 107.9175783,-7.1909076,0 107.9175354,-7.1908894,0 107.9175032,-7.1908712,0 107.9174925,-7.1908610,0 107.9174734,-7.1908286,0 107.9174558,-7.1907860,0 107.9174496,-7.1907766,0 107.9174142,-7.1907434,0 107.9174067,-7.1907396,0 107.9173637,-7.1907347,0 107.9173208,-7.1907403,0 107.9173074,-7.1907434,0 107.9172779,-7.1907581,0 107.9172350,-7.1907744,0 107.9171921,-7.1907810,0 107.9171492,-7.1907798,0 107.9171063,-7.1907680,0 107.9170633,-7.1907448,0 107.9170608,-7.1907434,0 107.9170204,-7.1907325,0 107.9169775,-7.1907290,0 107.9169365,-7.1907434,0 107.9169346,-7.1907448,0 107.9169116,-7.1907860,0 107.9169029,-7.1908286,0 107.9169028,-7.1908712,0 107.9169158,-7.1909138,0 107.9169346,-7.1909436,0 107.9169775,-7.1909484,0 107.9170204,-7.1909438,0 107.9170633,-7.1909381,0 107.9171063,-7.1909308,0 107.9171492,-7.1909350,0 107.9171706,-7.1909563,0 107.9171539,-7.1909989,0 107.9171492,-7.1910131,0 107.9171406,-7.1910415,0 107.9171384,-7.1910841,0 107.9171492,-7.1910902,0 107.9171921,-7.1910943,0 107.9172350,-7.1910953,0 107.9172779,-7.1910955,0 107.9173208,-7.1910970,0 107.9173637,-7.1910983,0 107.9174067,-7.1911054,0 107.9174281,-7.1910841,0 107.9174067,-7.1910670,0 107.9173906,-7.1910415,0 107.9173637,-7.1910178,0 107.9173466,-7.1909989,0 107.9173208,-7.1909734,0 107.9172922,-7.1909563,0 107.9172994,-7.1909138,0 107.9173208,-7.1909114,0 107.9173637,-7.1909099,0 107.9174067,-7.1909138,0 107.9174067,-7.1909138,0 107.9174496,-7.1909510,0 107.9174520,-7.1909563,0 107.9174630,-7.1909989,0 107.9174782,-7.1910415,0 107.9174925,-7.1910557,0 107.9175354,-7.1910734,0 107.9175783,-7.1910841,0 107.9175783,-7.1910841,0 107.9176212,-7.1911172,0 107.9176255,-7.1911266,0 107.9176298,-7.1911692,0 107.9176320,-7.1912118,0 107.9176255,-7.1912544,0 107.9176212,-7.1912686,0 107.9176127,-7.1912544,0 107.9175783,-7.1912331,0 107.9175640,-7.1912118,0 107.9175354,-7.1911808,0 107.9175193,-7.1911692,0 107.9174925,-7.1911426,0 107.9174603,-7.1911266,0 107.9174496,-7.1911125,0 107.9174353,-7.1911266,0 107.9174389,-7.1911692,0 107.9174405,-7.1912118,0 107.9174408,-7.1912544,0 107.9174411,-7.1912970,0 107.9174403,-7.1913395,0 107.9174400,-7.1913821,0 107.9174403,-7.1914247,0 107.9174421,-7.1914673,0 107.9174449,-7.1915098,0</coordinates></LineString></Placemark>
<Placemark><name>696 m</name><styleUrl>#k</styleUrl><LineString><tessellate>1</tessellate><coordinates>107.9085599,-7.1915098,0 107.9085232,-7.1914735,0 107.9085177,-7.1914673,0 107.9084803,-7.1914317,0 107.9084735,-7.1914247,0 107.9084374,-7.1913926,0 107.9084250,-7.1913821,0 107.9083944,-7.1913548,0 107.9083759,-7.1913395,0 107.9083515,-7.1913139,0 107.9083364,-7.1912970,0 107.9083104,-7.1912544,0 107.9083086,-7.1912500,0 107.9082939,-7.1912118,0 107.9082803,-7.1911692,0 107.9082718,-7.1911266,0 107.9083086,-7.1911034,0 107.9083515,-7.1911047,0 107.9083944,-7.1911095,0 107.9084374,-7.1911109,0 107.9084803,-7.1911029,0 107.9085129,-7.1910841,0 107.9085232,-7.1910757,0 107.9085489,-7.1910415,0 107.9085661,-7.1910111,0 107.9085729,-7.1909989,0 107.9086044,-7.1909563,0 107.9086090,-7.1909525,0 107.9086519,-7.1909323,0 107.9086948,-7.1909348,0 107.9087378,-7.1909547,0 107.9087401,-7.1909563,0 107.9087807,-7.1909823,0 107.9088075,-7.1909989,0 107.9088236,-7.1910076,0 107.9088665,-7.1910298,0 107.9088894,-7.1910415,0 107.9089094,-7.1910521,0 107.9089523,-7.1910747,0 107.9089721,-7.1910841,0 107.9089953,-7.1910954,0 107.9090382,-7.1911071,0 107.9090811,-7.1911097,0 107.9091240,-7.1911069,0 107.9091669,-7.1911003,0 107.9092098,-7.1910898,0 107.9092267,-7.1910841,0 107.9092527,-7.1910711,0 107.9092957,-7.1910472,0 107.9093071,-7.1910415,0 107.9093386,-7.1910236,0 107.9093815,-7.1910081,0 107.9094244,-7.1910023,0 107.9094673,-7.1910067,0 107.9095102,-7.1910208,0 107.9095532,-7.1910395,0 107.9095571,-7.1910415,0 107.9095961,-7.1910555,0 107.9096390,-7.1910724,0 107.9096628,-7.1910841,0 107.9096819,-7.1910921,0 107.9097248,-7.1911176,0 107.9097367,-7.1911266,0 107.9097677,-7.1911483,0 107.9097942,-7.1911692,0 107.9098106,-7.1911815,0 107.9098479,-7.1912118,0 107.9098536,-7.1912165,0 107.9098941,-7.1912544,0 107.9098965,-7.1912569,0 107.9099324,-7.1912970,0 107.9099394,-7.1913053,0 107.9099707,-7.1913395,0 107.9099823,-7.1913516,0 107.9100182,-7.1913821,0 107.9100252,-7.1913877,0 107.9100681,-7.1914157,0 107.9100849,-7.1914247,0 107.9101111,-7.1914395,0 107.9101540,-7.1914612,0 107.9101675,-7.1914673,0 107.9101969,-7.1914820,0 107.9102398,-7.1915023,0 107.9102579,-7.1915098,0</coordinates></LineString></Placemark>
<Placemark><name>696 m</name><styleUrl>#k</styleUrl><LineString><tessellate>1</tessellate><coordinates>107.9107994,-7.1915098,0 107.9108406,-7.1914921,0 107.9108706,-7.1914673,0 107.9108835,-7.1914571,0 107.9109171,-7.1914247,0 107.9109264,-7.1914170,0 107.9109658,-7.1913821,0 107.9109694,-7.1913792,0 107.9110119,-7.1913395,0 107.9110123,-7.1913392,0 107.9110503,-7.1912970,0 107.9110552,-7.1912913,0 107.9110837,-7.1912544,0 107.9110981,-7.1912357,0 107.9111166,-7.1912118,0 107.9111410,-7.1911829,0 107.9111539,-7.1911692,0 107.9111839,-7.1911411,0 107.9112028,-7.1911266,0 107.9112269,-7.1911100,0 107.9112698,-7.1910862,0 107.9112749,-7.1910841,0 107.9113127,-7.1910683,0 107.9113556,-7.1910565,0 107.9113985,-7.1910545,0 107.9114414,-7.1910655,0 107.9114795,-7.1910841,0 107.9114843,-7.1910861,0 107.9115273,-7.1911068,0 107.9115702,-7.1911255,0 107.9115734,-7.1911266,0 107.9116131,-7.1911408,0 107.9116560,-7.1911547,0 107.9116989,-7.1911676,0 107.9117058,-7.1911692,0 107.9117418,-7.1911787,0 107.9117848,-7.1911839,0 107.9118277,-7.1911830,0 107.9118706,-7.1911795,0 107.9119135,-7.1911774,0 107.9119564,-7.1911799,0 107.9119993,-7.1911874,0 107.9120422,-7.1911979,0 107.9120852,-7.1912097,0 107.9120962,-7.1912118,0 107.9121281,-7.1912187,0 107.9121710,-7.1912214,0 107.9122139,-7.1912140,0 107.9122188,-7.1912118,0 107.9122568,-7.1911925,0 107.9122889,-7.1911692,0 107.9122997,-7.1911626,0 107.9123427,-7.1911379,0 107.9123676,-7.1911266,0 107.9123856,-7.1911197,0 107.9124285,-7.1911054,0 107.9124714,-7.1910920,0 107.9124964,-7.1910841,0 107.9125143,-7.1910781,0 107.9125572,-7.1910632,0 107.9126001,-7.1910483,0 107.9126200,-7.1910415,0 107.9126431,-7.1910336,0 107.9126860,-7.1910173,0 107.9127232,-7.1909989,0 107.9127289,-7.1909955,0 107.9127718,-7.1909602,0 107.9127755,-7.1909563,0 107.9127973,-7.1909138,0 107.9128004,-7.1908712,0 107.9127956,-7.1908286,0 107.9127924,-7.1907860,0 107.9127990,-7.1907434,0 107.9128147,-7.1907103,0 107.9128222,-7.1907009,0 107.9128576,-7.1906674,0 107.9128693,-7.1906583,0 107.9129006,-7.1906345,0 107.9129244,-7.1906157,0 107.9129435,-7.1906022,0 107.9129864,-7.1905782,0 107.9130064,-7.1905731,0 107.9130293,-7.1905691,0 107.9130722,-7.1905707,0 107.9130835,-7.1905731,0 107.9131151,-7.1905806,0 107.9131580,-7.1905965,0 107.9132004,-7.1906157,0 107.9132010,-7.1906160,0 107.9132439,-7.1906332,0 107.9132868,-7.1906448,0 107.9133297,-7.1906476,0 107.9133726,-7.1906404,0 107.9134155,-7.1906230,0 107.9134285,-7.1906157,0 107.9134585,-7.1905996,0 107.9135014,-7.1905787,0 107.9135150,-7.1905731,0 107.9135443,-7.1905627,0 107.9135872,-7.1905464,0 107.9136202,-7.1905306,0 107.9136301,-7.1905250,0 107.9136730,-7.1904921,0 107.9136775,-7.1904880,0 107.9137121,-7.1904454,0 107.9137159,-7.1904382,0 107.9137346,-7.1904028,0 107.9137471,-7.1903602,0 107.9137538,-7.1903177,0 107.9137589,-7.1902771,0 107.9137591,-7.1902751,0 107.9137661,-7.1902325,0 107.9137764,-7.1901899,0 107.9137908,-7.1901474,0 107.9138018,-7.1901218,0 107.9138095,-7.1901048,0 107.9138324,-7.1900622,0 107.9138447,-7.1900419,0 107.9138600,-7.1900196,0 107.9138876,-7.1899856,0 107.9138962,-7.1899770,0 107.9139305,-7.1899477,0 107.9139491,-7.1899345,0 107.9139734,-7.1899190,0 107.9140164,-7.1898938,0 107.9140199,-7.1898919,0 107.9140593,-7.1898735,0 107.9141022,-7.1898563,0 107.9141244,-7.1898493,0 107.9141451,-7.1898437,0 107.9141880,-7.1898345,0 107.9142309,-7.1898268,0 107.9142738,-7.1898191,0 107.9143168,-7.1898106,0 107.9143374,-7.1898067,0 107.9143597,-7.1898028,0 107.9144026,-7.1897976,0 107.9144455,-7.1897968,0 107.9144884,-7.1898012,0 107.9145105,-7.1898067,0 107.9145313,-7.1898129,0 107.9145743,-7.1898336,0 107.9145982,-7.1898493,0 107.9146172,-7.1898626,0 107.9146601,-7.1898915,0 107.9146607,-7.1898919,0 107.9147030,-7.1899111,0 107.9147459,-7.1899260,0 107.9147702,-7.1899345,0 107.9147888,-7.1899411,0 107.9148317,-7.1899621,0 107.9148551,-7.1899770,0 107.9148747,-7.1899911,0 107.9149139,-7.1900196,0 107.9149176,-7.1900223,0 107.9149605,-7.1900483,0 107.9149928,-7.1900622,0 107.9150034,-7.1900667,0 107.9150463,-7.1900813,0 107.9150892,-7.1900948,0 107.9151176,-7.1901048,0 107.9151322,-7.1901110,0 107.9151751,-7.1901333,0 107.9151994,-7.1901474,0 107.9152180,-7.1901590,0 107.9152609,-7.1901836,0 107.9152730,-7.1901899,0 107.9153038,-7.1902062,0 107.9153467,-7.1902284,0 107.9153531,-7.1902325,0 107.9153896,-7.1902621,0 107.9154026,-7.1902751,0 107.9154326,-7.1903147,0 107.9154349,-7.1903177,0 107.9154632,-7.1903602,0 107.9154755,-7.1903786,0 107.9155053,-7.1904028,0 107.9155184,-7.1904122,0 107.9155613,-7.1904158,0 107.9155963,-7.1904028,0 107.9156042,-7.1904007,0 107.9156471,-7.1903807,0 107.9156878,-7.1903602,0 107.9156901,-7.1903593,0 107.9157330,-7.1903433,0 107.9157759,-7.1903299,0 107.9158159,-7.1903177,0 107.9158188,-7.1903169,0 107.9158617,-7.1903039,0 107.9159046,-7.1902888,0 107.9159417,-7.1902751,0 107.9159475,-7.1902732,0 107.9159905,-7.1902607,0 107.9160334,-7.1902512,0 107.9160763,-7.1902447,0 107.9161192,-7.1902414,0 107.9161621,-7.1902407,0 107.9162050,-7.1902434,0 107.9162479,-7.1902502,0 107.9162909,-7.1902609,0 107.9163338,-7.1902751,0 107.9163338,-7.1902751,0 107.9163767,-7.1902960,0 107.9164196,-7.1903128,0 107.9164377,-7.1903177,0 107.9164625,-7.1903250,0 107.9165054,-7.1903335,0 107.9165484,-7.1903407,0 107.9165913,-7.1903505,0 107.9166203,-7.1903602,0 107.9166342,-7.1903665,0 107.9166771,-7.1903888,0 107.9167078,-7.1904028,0 107.9167200,-7.1904106,0 107.9167629,-7.1904164,0 107.9167909,-7.1904028,0 107.9168058,-7.1903967,0 107.9168488,-7.1903670,0 107.9168584,-7.1903602,0 107.9168917,-7.1903413,0 107.9169346,-7.1903234,0 107.9169579,-7.1903177,0 107.9169775,-7.1903122,0 107.9170204,-7.1903015,0 107.9170633,-7.1902843,0 107.9170759,-7.1902751,0 107.9170957,-7.1902325,0 107.9170910,-7.1901899,0 107.9170800,-7.1901474,0 107.9170798,-7.1901048,0 107.9171063,-7.1900714,0 107.9171492,-7.1900637,0 107.9171921,-7.1900745,0 107.9172350,-7.1900811,0 107.9172779,-7.1900685,0 107.9172852,-7.1900622,0 107.9173208,-7.1900320,0 107.9173349,-7.1900196,0 107.9173637,-7.1900014,0 107.9174067,-7.1899869,0 107.9174496,-7.1899842,0 107.9174925,-7.1899908,0 107.9175354,-7.1900071,0 107.9175560,-7.1900196,0 107.9175783,-7.1900386,0 107.9176000,-7.1900622,0 107.9176212,-7.1900892,0 107.9176334,-7.1901048,0 107.9176642,-7.1901418,0 107.9176690,-7.1901474,0 107.9177071,-7.1901874,0 107.9177099,-7.1901899,0 107.9177500,-7.1902254,0</coordinates></LineString></Placemark>
<Placemark><name>696 m</name><styleUrl>#k</styleUrl><LineString><tessellate>1</tessellate><coordinates>107.9175906,-7.1915098,0 107.9176022,-7.1914673,0 107.9176212,-7.1914332,0 107.9176642,-7.1914424,0 107.9177071,-7.1914518,0 107.9177500,-7.1914466,0</coordinates></LineString></Placemark>
<Placemark><name>696 m</name><styleUrl>#k</styleUrl><LineString><tessellate>1</tessellate><coordinates>107.9157330,-7.1783531,0 107.9157330,-7.1783531,0 107.9157330,-7.1783957,0 107.9157330,-7.1784383,0 107.9157330,-7.1784809,0 107.9157330,-7.1784809,0 107.9157759,-7.1784809,0 107.9158188,-7.1784809,0 107.9158617,-7.1784809,0 107.9158617,-7.1784809,0 107.9158617,-7.1784383,0 107.9158617,-7.1783957,0 107.9158617,-7.1783531,0 107.9158617,-7.1783531,0 107.9158188,-7.1783531,0 107.9157759,-7.1783531,0 107.9157330,-7.1783531,0</coordinates></LineString></Placemark>
<Placemark><name>696 m</name><styleUrl>#k</styleUrl><LineString><tessellate>1</tessellate><coordinates>107.9119135,-7.1790206,0 107.9118953,-7.1790344,0 107.9118706,-7.1790493,0 107.9118277,-7.1790690,0 107.9118050,-7.1790770,0 107.9117848,-7.1790831,0 107.9117418,-7.1791041,0 107.9117242,-7.1791196,0 107.9116989,-7.1791451,0 107.9116841,-7.1791621,0 107.9116656,-7.1792047,0 107.9116560,-7.1792338,0 107.9116509,-7.1792473,0 107.9116303,-7.1792899,0 107.9116131,-7.1793167,0 107.9116001,-7.1793325,0 107.9115880,-7.1793750,0 107.9115876,-7.1794176,0 107.9115886,-7.1794602,0 107.9115873,-7.1795028,0 107.9116131,-7.1795055,0 107.9116560,-7.1795094,0 107.9116989,-7.1795127,0 107.9117418,-7.1795158,0 107.9117848,-7.1795377,0 107.9117945,-7.1795453,0 107.9118277,-7.1795650,0 107.9118706,-7.1795835,0 107.9118833,-7.1795879,0 107.9119135,-7.1795971,0 107.9119564,-7.1795954,0 107.9119808,-7.1795879,0 107.9119993,-7.1795813,0 107.9120422,-7.1795617,0 107.9120690,-7.1795453,0 107.9120852,-7.1795326,0 107.9121281,-7.1795127,0 107.9121710,-7.1795060,0 107.9121905,-7.1795028,0 107.9121900,-7.1794602,0 107.9121901,-7.1794176,0 107.9121900,-7.1793750,0 107.9121832,-7.1793325,0 107.9121710,-7.1793081,0 107.9121619,-7.1792899,0 107.9121402,-7.1792473,0 107.9121281,-7.1792230,0 107.9121158,-7.1792047,0 107.9120887,-7.1791621,0 107.9120852,-7.1791567,0 107.9120477,-7.1791196,0 107.9120422,-7.1791141,0 107.9120048,-7.1790770,0 107.9119993,-7.1790716,0 107.9119619,-7.1790344,0 107.9119564,-7.1790288,0 107.9119135,-7.1790206,0</coordinates></LineString></Placemark>
<Placemark><name>696 m</name><styleUrl>#k</styleUrl><LineString><tessellate>1</tessellate><coordinates>107.9110981,-7.1795453,0 107.9110981,-7.1795453,0 107.9110981,-7.1795879,0 107.9110981,-7.1796305,0 107.9110981,-7.1796731,0 107.9110981,-7.1796731,0 107.9111410,-7.1796731,0 107.9111839,-7.1796731,0 107.9112269,-7.1796731,0 107.9112698,-7.1797157,0 107.9112698,-7.1797582,0 107.9112698,-7.1798008,0 107.9112698,-7.1798434,0 107.9112698,-7.1798860,0 107.9112698,-7.1799286,0 107.9112698,-7.1799711,0 107.9112698,-7.1800137,0 107.9112269,-7.1800563,0 107.9111839,-7.1800563,0 107.9111410,-7.1800563,0 107.9110981,-7.1800563,0 107.9110981,-7.1800563,0 107.9110981,-7.1800989,0 107.9110981,-7.1801414,0 107.9110981,-7.1801840,0 107.9110981,-7.1802266,0 107.9110981,-7.1802692,0 107.9110981,-7.1803118,0 107.9110981,-7.1803543,0 107.9110981,-7.1803543,0 107.9111410,-7.1803543,0 107.9111839,-7.1803543,0 107.9112269,-7.1803543,0 107.9112698,-7.1803543,0 107.9113127,-7.1803543,0 107.9113556,-7.1803543,0 107.9113985,-7.1803543,0 107.9113985,-7.1803543,0 107.9113985,-7.1803118,0 107.9113985,-7.1802692,0 107.9113985,-7.1802266,0 107.9113985,-7.1801840,0 107.9113985,-7.1801414,0 107.9113985,-7.1800989,0 107.9113985,-7.1800563,0 107.9113985,-7.1800137,0 107.9113985,-7.1799711,0 107.9113985,-7.1799286,0 107.9113985,-7.1798860,0 107.9113985,-7.1798434,0 107.9113985,-7.1798008,0 107.9113985,-7.1797582,0 107.9113985,-7.1797157,0 107.9113985,-7.1796731,0 107.9113985,-7.1796305,0 107.9113985,-7.1795879,0 107.9113985,-7.1795453,0 107.9113985,-7.1795453,0 107.9113556,-7.1795453,0 107.9113127,-7.1795453,0 107.9112698,-7.1795453,0 107.9112269,-7.1795453,0 107.9111839,-7.1795453,0 107.9111410,-7.1795453,0 107.9110981,-7.1795453,0</coordinates></LineString></Placemark>
<Placemark><name>696 m</name><styleUrl>#k</styleUrl><LineString><tessellate>1</tessellate><coordinates>107.9137159,-7.1805145,0 107.9136888,-7.1805247,0 107.9136730,-7.1805345,0 107.9136301,-7.1805667,0 107.9136295,-7.1805672,0 107.9136031,-7.1806098,0 107.9135872,-7.1806458,0 107.9135847,-7.1806524,0 107.9135710,-7.1806950,0 107.9135666,-7.1807376,0 107.9135666,-7.1807801,0 107.9135666,-7.1808227,0 107.9135666,-7.1808653,0 107.9135666,-7.1809079,0 107.9135666,-7.1809504,0 107.9135666,-7.1809930,0 107.9135666,-7.1810356,0 107.9135813,-7.1810782,0 107.9135872,-7.1810863,0 107.9136229,-7.1811208,0 107.9136301,-7.1811257,0 107.9136730,-7.1811384,0 107.9137159,-7.1811384,0 107.9137589,-7.1811384,0 107.9138018,-7.1811384,0 107.9138447,-7.1811384,0 107.9138876,-7.1811384,0 107.9139305,-7.1811384,0 107.9139734,-7.1811384,0 107.9140164,-7.1811436,0 107.9140593,-7.1811573,0 107.9140746,-7.1811633,0 107.9141022,-7.1811763,0 107.9141451,-7.1812030,0 107.9141880,-7.1812046,0 107.9142296,-7.1811633,0 107.9142309,-7.1811620,0 107.9142725,-7.1811208,0 107.9142738,-7.1811194,0 107.9143154,-7.1810782,0 107.9143168,-7.1810759,0 107.9143409,-7.1810356,0 107.9143409,-7.1809930,0 107.9143409,-7.1809504,0 107.9143409,-7.1809079,0 107.9143235,-7.1808653,0 107.9143168,-7.1808586,0 107.9142805,-7.1808227,0 107.9142738,-7.1808161,0 107.9142376,-7.1807801,0 107.9142309,-7.1807735,0 107.9141947,-7.1807376,0 107.9141880,-7.1807309,0 107.9141639,-7.1806950,0 107.9141451,-7.1806705,0 107.9141325,-7.1806524,0 107.9141022,-7.1806165,0 107.9140955,-7.1806098,0 107.9140593,-7.1805790,0 107.9140424,-7.1805672,0 107.9140164,-7.1805517,0 107.9139734,-7.1805307,0 107.9139601,-7.1805247,0 107.9139305,-7.1805135,0 107.9138876,-7.1804998,0 107.9138447,-7.1804886,0 107.9138018,-7.1804893,0 107.9137589,-7.1805007,0 107.9137159,-7.1805145,0</coordinates></LineString></Placemark>
<Placemark><name>696 m</name><styleUrl>#k</styleUrl><LineString><tessellate>1</tessellate><coordinates>107.9141880,-7.1822704,0 107.9141880,-7.1822704,0 107.9141880,-7.1823130,0 107.9141880,-7.1823555,0 107.9141880,-7.1823981,0 107.9141880,-7.1824407,0 107.9141880,-7.1824833,0 107.9141880,-7.1825259,0 107.9141880,-7.1825684,0 107.9141880,-7.1826110,0 107.9141880,-7.1826536,0 107.9141880,-7.1826962,0 107.9141880,-7.1827387,0 107.9141880,-7.1827813,0 107.9141880,-7.1828239,0 107.9141880,-7.1828665,0 107.9141880,-7.1829091,0 107.9141880,-7.1829091,0 107.9142309,-7.1829091,0 107.9142738,-7.1829091,0 107.9143168,-7.1829091,0 107.9143168,-7.1829091,0 107.9143168,-7.1828665,0 107.9143168,-7.1828239,0 107.9143168,-7.1827813,0 107.9143597,-7.1827387,0 107.9144026,-7.1827387,0 107.9144455,-7.1827387,0 107.9144884,-7.1827387,0 107.9144884,-7.1827387,0 107.9144884,-7.1826962,0 107.9144884,-7.1826536,0 107.9144884,-7.1826110,0 107.9144884,-7.1825684,0 107.9144884,-7.1825259,0 107.9144884,-7.1824833,0 107.9144884,-7.1824407,0 107.9144884,-7.1823981,0 107.9144884,-7.1823555,0 107.9144884,-7.1823130,0 107.9144884,-7.1822704,0 107.9144884,-7.1822704,0 107.9144455,-7.1822704,0 107.9144026,-7.1822704,0 107.9143597,-7.1822704,0 107.9143168,-7.1822704,0 107.9142738,-7.1822704,0 107.9142309,-7.1822704,0 107.9141880,-7.1822704,0</coordinates></LineString></Placemark>
<Placemark><name>696 m</name><styleUrl>#k</styleUrl><LineString><tessellate>1</tessellate><coordinates>107.9077078,-7.1844376,0 107.9077017,-7.1844419,0 107.9076649,-7.1844638,0 107.9076428,-7.1844845,0 107.9076232,-7.1845270,0 107.9076271,-7.1845696,0 107.9076430,-7.1846122,0 107.9076649,-7.1846487,0 107.9076702,-7.1846548,0 107.9077078,-7.1846813,0 107.9077305,-7.1846548,0 107.9077507,-7.1846122,0 107.9077936,-7.1846122,0 107.9077936,-7.1846122,0 107.9077936,-7.1845696,0 107.9077936,-7.1845270,0 107.9077936,-7.1844845,0 107.9077936,-7.1844845,0 107.9077507,-7.1844845,0 107.9077170,-7.1844419,0 107.9077078,-7.1844376,0</coordinates></LineString></Placemark>
<Placemark><name>696 m</name><styleUrl>#k</styleUrl><LineString><tessellate>1</tessellate><coordinates>107.9066778,-7.1847740,0 107.9066592,-7.1847825,0 107.9066349,-7.1847993,0 107.9066150,-7.1848251,0 107.9065958,-7.1848677,0 107.9065920,-7.1849017,0 107.9065913,-7.1849103,0 107.9065920,-7.1849133,0 107.9066050,-7.1849528,0 107.9066349,-7.1849874,0 107.9066465,-7.1849954,0 107.9066778,-7.1850107,0 107.9067207,-7.1850180,0 107.9067637,-7.1850068,0 107.9067784,-7.1849954,0 107.9068066,-7.1849604,0 107.9068105,-7.1849528,0 107.9068206,-7.1849103,0 107.9068194,-7.1848677,0 107.9068066,-7.1848251,0 107.9068066,-7.1848251,0 107.9067676,-7.1847825,0 107.9067637,-7.1847797,0 107.9067207,-7.1847683,0 107.9066778,-7.1847740,0</coordinates></LineString></Placemark>
<Placemark><name>696 m</name><styleUrl>#k</styleUrl><LineString><tessellate>1</tessellate><coordinates>107.9134585,-7.1858401,0 107.9135014,-7.1858395,0 107.9135261,-7.1858470,0 107.9135443,-7.1858519,0 107.9135872,-7.1858623,0 107.9136301,-7.1858715,0 107.9136730,-7.1858784,0 107.9137159,-7.1858855,0 107.9137364,-7.1858896,0 107.9137589,-7.1858948,0 107.9138018,-7.1859083,0 107.9138447,-7.1859284,0 107.9138521,-7.1859321,0 107.9138876,-7.1859498,0 107.9139305,-7.1859710,0 107.9139379,-7.1859747,0 107.9139734,-7.1859998,0 107.9139905,-7.1860173,0 107.9139942,-7.1860599,0 107.9139978,-7.1861024,0 107.9140013,-7.1861450,0 107.9140040,-7.1861876,0 107.9140053,-7.1862302,0 107.9140079,-7.1862728,0 107.9140117,-7.1863153,0 107.9139909,-7.1863579,0 107.9139734,-7.1863656,0 107.9139305,-7.1863927,0 107.9139146,-7.1864005,0 107.9138876,-7.1864115,0 107.9138447,-7.1864253,0 107.9138018,-7.1864359,0 107.9137652,-7.1864431,0 107.9137589,-7.1864442,0 107.9137159,-7.1864512,0 107.9136730,-7.1864567,0 107.9136301,-7.1864665,0 107.9135872,-7.1864807,0 107.9135722,-7.1864856,0 107.9135443,-7.1864948,0 107.9135014,-7.1865091,0 107.9134585,-7.1865226,0 107.9134403,-7.1865282,0 107.9134155,-7.1865350,0 107.9133726,-7.1865455,0 107.9133297,-7.1865545,0 107.9132868,-7.1865544,0 107.9132439,-7.1865454,0 107.9132010,-7.1865349,0 107.9131762,-7.1865282,0 107.9131580,-7.1865210,0 107.9131151,-7.1865031,0 107.9130756,-7.1864856,0 107.9130722,-7.1864840,0 107.9130293,-7.1864628,0 107.9129897,-7.1864431,0 107.9129864,-7.1864414,0 107.9129435,-7.1864250,0 107.9129006,-7.1864111,0 107.9128746,-7.1864005,0 107.9128576,-7.1863923,0 107.9128147,-7.1863650,0 107.9127970,-7.1863579,0 107.9127718,-7.1863153,0 107.9127718,-7.1862728,0 107.9127718,-7.1862302,0 107.9127718,-7.1861876,0 107.9128147,-7.1861557,0 107.9128221,-7.1861450,0 107.9128576,-7.1861098,0 107.9128650,-7.1861024,0 107.9129006,-7.1860672,0 107.9129079,-7.1860599,0 107.9129435,-7.1860246,0 107.9129566,-7.1860173,0 107.9129864,-7.1860102,0 107.9130293,-7.1860073,0 107.9130722,-7.1860042,0 107.9131151,-7.1860013,0 107.9131580,-7.1859828,0 107.9131684,-7.1859747,0 107.9132010,-7.1859499,0 107.9132277,-7.1859321,0 107.9132439,-7.1859225,0 107.9132868,-7.1859000,0 107.9133125,-7.1858896,0 107.9133297,-7.1858829,0 107.9133726,-7.1858688,0 107.9134155,-7.1858546,0 107.9134383,-7.1858470,0 107.9134585,-7.1858401,0</coordinates></LineString></Placemark>
<Placemark><name>696 m</name><styleUrl>#k</styleUrl><LineString><tessellate>1</tessellate><coordinates>107.9142738,-7.1863544,0 107.9143168,-7.1863478,0 107.9143429,-7.1863579,0 107.9143597,-7.1863639,0 107.9143966,-7.1864005,0 107.9144026,-7.1864065,0 107.9144395,-7.1864431,0 107.9144455,-7.1864491,0 107.9144824,-7.1864856,0 107.9144884,-7.1864946,0 107.9144987,-7.1865282,0 107.9144969,-7.1865708,0 107.9144947,-7.1866134,0 107.9144916,-7.1866560,0 107.9144884,-7.1866858,0 107.9144455,-7.1866866,0 107.9144026,-7.1866871,0 107.9143597,-7.1866866,0 107.9143334,-7.1866560,0 107.9143168,-7.1866387,0 107.9143039,-7.1866134,0 107.9142826,-7.1865708,0 107.9142738,-7.1865535,0 107.9142610,-7.1865282,0 107.9142546,-7.1864856,0 107.9142550,-7.1864431,0 107.9142550,-7.1864005,0 107.9142548,-7.1863579,0 107.9142738,-7.1863544,0</coordinates></LineString></Placemark>
<Placemark><name>696 m</name><styleUrl>#k</styleUrl><LineString><tessellate>1</tessellate><coordinates>107.9164625,-7.1907356,0 107.9164411,-7.1907434,0 107.9164196,-7.1907507,0 107.9163767,-7.1907754,0 107.9163630,-7.1907860,0 107.9163338,-7.1908103,0 107.9163148,-7.1908286,0 107.9162909,-7.1908568,0 107.9162781,-7.1908712,0 107.9162479,-7.1909114,0 107.9162456,-7.1909138,0 107.9162078,-7.1909563,0 107.9162050,-7.1909602,0 107.9161736,-7.1909989,0 107.9161664,-7.1910415,0 107.9161998,-7.1910841,0 107.9162050,-7.1910869,0 107.9162479,-7.1911002,0 107.9162909,-7.1911051,0 107.9163338,-7.1911048,0 107.9163767,-7.1911021,0 107.9164196,-7.1911000,0 107.9164625,-7.1910998,0 107.9165054,-7.1911013,0 107.9165484,-7.1911043,0 107.9165913,-7.1911084,0 107.9166342,-7.1911104,0 107.9166771,-7.1911107,0 107.9167200,-7.1911070,0 107.9167629,-7.1910996,0 107.9168058,-7.1910968,0 107.9168488,-7.1910947,0 107.9168917,-7.1910947,0 107.9169131,-7.1910841,0 107.9168917,-7.1910415,0 107.9168917,-7.1910415,0 107.9168488,-7.1910159,0 107.9168365,-7.1909989,0 107.9168058,-7.1909837,0 107.9167844,-7.1909563,0 107.9167629,-7.1909454,0 107.9167376,-7.1909138,0 107.9167200,-7.1909016,0 107.9166939,-7.1908712,0 107.9166771,-7.1908559,0 107.9166528,-7.1908286,0 107.9166342,-7.1908093,0 107.9166100,-7.1907860,0 107.9165913,-7.1907677,0 107.9165508,-7.1907434,0 107.9165484,-7.1907418,0 107.9165054,-7.1907320,0 107.9164625,-7.1907356,0</coordinates></LineString></Placemark>
<Placemark><name>696 m</name><styleUrl>#k</styleUrl><LineString><tessellate>1</tessellate><coordinates>107.9169346,-7.1911054,0 107.9169239,-7.1911266,0 107.9169307,-7.1911692,0 107.9169319,-7.1912118,0 107.9169265,-7.1912544,0 107.9168917,-7.1912939,0 107.9168702,-7.1912970,0 107.9168488,-7.1912985,0 107.9168273,-7.1912970,0 107.9168058,-7.1912946,0 107.9167629,-7.1912787,0 107.9167384,-7.1912544,0 107.9167200,-7.1912224,0 107.9167139,-7.1912118,0 107.9166771,-7.1911725,0 107.9166556,-7.1911692,0 107.9166342,-7.1911645,0 107.9166281,-7.1911692,0 107.9165913,-7.1911834,0 107.9165715,-7.1912118,0 107.9165711,-7.1912544,0 107.9165913,-7.1912757,0 107.9166225,-7.1912970,0 107.9166342,-7.1913024,0 107.9166771,-7.1913200,0 107.9166996,-7.1913395,0 107.9167200,-7.1913782,0 107.9167214,-7.1913821,0 107.9167419,-7.1914247,0 107.9167629,-7.1914527,0 107.9167807,-7.1914673,0 107.9168058,-7.1914793,0 107.9168488,-7.1914852,0 107.9168917,-7.1914718,0 107.9168972,-7.1914673,0 107.9169312,-7.1914247,0 107.9169346,-7.1914167,0 107.9169520,-7.1913821,0 107.9169775,-7.1913510,0 107.9169952,-7.1913395,0 107.9170204,-7.1913270,0 107.9170633,-7.1913032,0 107.9170696,-7.1912970,0 107.9170998,-7.1912544,0 107.9171063,-7.1912374,0 107.9171132,-7.1912118,0 107.9171206,-7.1911692,0 107.9171258,-7.1911266,0 107.9171063,-7.1911000,0 107.9170633,-7.1910983,0 107.9170204,-7.1910962,0 107.9169775,-7.1910983,0 107.9169346,-7.1911054,0</coordinates></LineString></Placemark>
<Placemark><name>698 m</name><styleUrl>#k</styleUrl><LineString><tessellate>1</tessellate><coordinates>107.9084946,-7.1777145,0 107.9084929,-7.1777570,0 107.9084910,-7.1777996,0 107.9084803,-7.1778141,0 107.9084628,-7.1778422,0 107.9084378,-7.1778848,0 107.9084374,-7.1778857,0 107.9084203,-7.1779273,0 107.9084072,-7.1779699,0 107.9084137,-7.1780125,0 107.9084288,-7.1780551,0 107.9084374,-7.1780744,0 107.9084496,-7.1780977,0 107.9084803,-7.1781402,0 107.9084803,-7.1781402,0 107.9085232,-7.1781463,0 107.9085661,-7.1781463,0 107.9086090,-7.1781463,0 107.9086519,-7.1781463,0 107.9086948,-7.1781458,0 107.9087378,-7.1781448,0 107.9087807,-7.1781434,0 107.9088236,-7.1781411,0 107.9088665,-7.1781402,0 107.9089094,-7.1781402,0 107.9089523,-7.1781402,0 107.9089953,-7.1781402,0 107.9090382,-7.1781402,0 107.9090811,-7.1781402,0 107.9091240,-7.1781402,0 107.9091669,-7.1781402,0 107.9091669,-7.1781402,0 107.9091669,-7.1780977,0 107.9091669,-7.1780551,0 107.9091669,-7.1780125,0 107.9091669,-7.1780125,0 107.9091240,-7.1780125,0 107.9090811,-7.1780125,0 107.9090382,-7.1780125,0 107.9089953,-7.1780125,0 107.9089523,-7.1780125,0 107.9089094,-7.1780125,0 107.9088665,-7.1780125,0 107.9088601,-7.1779699,0 107.9088464,-7.1779273,0 107.9088406,-7.1778848,0 107.9088369,-7.1778422,0 107.9088350,-7.1777996,0 107.9088350,-7.1777570,0 107.9088350,-7.1777145,0</coordinates></LineString></Placemark>
<Placemark><name>698 m</name><styleUrl>#k</styleUrl><LineString><tessellate>1</tessellate><coordinates>107.9105831,-7.1777145,0 107.9105831,-7.1777570,0 107.9105831,-7.1777996,0 107.9105831,-7.1777996,0 107.9106260,-7.1777996,0 107.9106690,-7.1777996,0 107.9107119,-7.1777996,0 107.9107548,-7.1778422,0 107.9107548,-7.1778848,0 107.9107548,-7.1779273,0 107.9107548,-7.1779699,0 107.9107548,-7.1779699,0 107.9107977,-7.1779699,0 107.9108406,-7.1779699,0 107.9108835,-7.1779699,0 107.9108835,-7.1779699,0 107.9108835,-7.1779273,0 107.9108835,-7.1778848,0 107.9108835,-7.1778422,0 107.9108835,-7.1777996,0 107.9108835,-7.1777570,0 107.9108835,-7.1777145,0</coordinates></LineString></Placemark>
<Placemark><name>698 m</name><styleUrl>#k</styleUrl><LineString><tessellate>1</tessellate><coordinates>107.9114223,-7.1777145,0 107.9114279,-7.1777570,0 107.9114384,-7.1777996,0 107.9114414,-7.1778422,0 107.9114414,-7.1778848,0 107.9114414,-7.1779273,0 107.9114414,-7.1779699,0 107.9114414,-7.1780125,0 107.9114414,-7.1780551,0 107.9114414,-7.1780977,0 107.9114414,-7.1781402,0 107.9114414,-7.1781402,0 107.9114843,-7.1781402,0 107.9115273,-7.1781402,0 107.9115702,-7.1781402,0 107.9116131,-7.1781828,0 107.9116131,-7.1782254,0 107.9116131,-7.1782680,0 107.9116131,-7.1783106,0 107.9116131,-7.1783106,0 107.9116560,-7.1783106,0 107.9116989,-7.1783106,0 107.9117418,-7.1783106,0 107.9117848,-7.1783531,0 107.9117848,-7.1783957,0 107.9117848,-7.1784383,0 107.9117848,-7.1784809,0 107.9117848,-7.1784809,0 107.9118277,-7.1784809,0 107.9118706,-7.1784809,0 107.9119135,-7.1784809,0 107.9119564,-7.1785235,0 107.9119564,-7.1785660,0 107.9119564,-7.1786086,0 107.9119564,-7.1786512,0 107.9119135,-7.1786758,0 107.9119008,-7.1786938,0 107.9118706,-7.1787237,0 107.9118578,-7.1787363,0 107.9118277,-7.1787663,0 107.9118149,-7.1787789,0 107.9117848,-7.1788089,0 107.9117716,-7.1788215,0 107.9117418,-7.1788510,0 107.9117291,-7.1788641,0 107.9116989,-7.1788940,0 107.9116862,-7.1789067,0 107.9116560,-7.1789366,0 107.9116433,-7.1789492,0 107.9116131,-7.1789792,0 107.9115999,-7.1789918,0 107.9115702,-7.1790214,0 107.9115574,-7.1790344,0 107.9115273,-7.1790643,0 107.9115145,-7.1790770,0 107.9114843,-7.1791069,0 107.9114716,-7.1791196,0 107.9114414,-7.1791495,0 107.9114194,-7.1791621,0 107.9113985,-7.1791745,0 107.9113556,-7.1791718,0 107.9113127,-7.1791687,0 107.9112698,-7.1791649,0 107.9112652,-7.1791621,0 107.9112551,-7.1791196,0 107.9112497,-7.1790770,0 107.9112457,-7.1790344,0 107.9112311,-7.1789918,0 107.9112269,-7.1789878,0 107.9111880,-7.1789492,0 107.9111839,-7.1789452,0 107.9111450,-7.1789067,0 107.9111410,-7.1789027,0 107.9111021,-7.1788641,0 107.9110981,-7.1788599,0 107.9110552,-7.1788345,0 107.9110123,-7.1788375,0 107.9109694,-7.1788428,0 107.9109264,-7.1788522,0 107.9109168,-7.1788641,0 107.9109087,-7.1789067,0 107.9109037,-7.1789492,0 107.9109004,-7.1789918,0 107.9108996,-7.1790344,0 107.9108996,-7.1790770,0 107.9108996,-7.1791196,0 107.9108996,-7.1791621,0 107.9108835,-7.1791854,0 107.9108699,-7.1792047,0 107.9108406,-7.1792338,0 107.9108270,-7.1792473,0 107.9107977,-7.1792764,0 107.9107841,-7.1792899,0 107.9107548,-7.1793189,0 107.9107412,-7.1793325,0 107.9107273,-7.1793750,0 107.9107273,-7.1794176,0 107.9107273,-7.1794602,0 107.9107273,-7.1795028,0 107.9107548,-7.1795434,0 107.9107561,-7.1795453,0 107.9107977,-7.1795866,0 107.9107991,-7.1795879,0 107.9108406,-7.1796292,0 107.9108420,-7.1796305,0 107.9108835,-7.1796717,0 107.9108844,-7.1796731,0 107.9109108,-7.1797157,0 107.9109264,-7.1797409,0 107.9109352,-7.1797582,0 107.9109566,-7.1798008,0 107.9109694,-7.1798261,0 107.9109781,-7.1798434,0 107.9109714,-7.1798860,0 107.9109694,-7.1798900,0 107.9109501,-7.1799286,0 107.9109285,-7.1799711,0 107.9109264,-7.1799752,0 107.9109069,-7.1800137,0 107.9108846,-7.1800563,0 107.9108835,-7.1800581,0 107.9108551,-7.1800989,0 107.9108406,-7.1801159,0 107.9108149,-7.1801414,0 107.9107977,-7.1801556,0 107.9107560,-7.1801840,0 107.9107548,-7.1801851,0 107.9107119,-7.1802193,0 107.9107038,-7.1802266,0 107.9106775,-7.1802692,0 107.9106690,-7.1802874,0 107.9106592,-7.1803118,0 107.9106457,-7.1803543,0 107.9106341,-7.1803969,0 107.9106260,-7.1804222,0 107.9106197,-7.1804395,0 107.9105996,-7.1804821,0 107.9105831,-7.1805081,0 107.9105699,-7.1805247,0 107.9105556,-7.1805672,0 107.9105556,-7.1806098,0 107.9105556,-7.1806524,0 107.9105556,-7.1806950,0 107.9105572,-7.1807376,0 107.9105608,-7.1807801,0 107.9105669,-7.1808227,0 107.9105768,-7.1808653,0 107.9105831,-7.1809079,0 107.9105831,-7.1809504,0 107.9105831,-7.1809930,0 107.9105831,-7.1810356,0 107.9105831,-7.1810356,0 107.9106260,-7.1810356,0 107.9106690,-7.1810356,0 107.9107119,-7.1810356,0 107.9107119,-7.1810356,0 107.9107119,-7.1809930,0 107.9107119,-7.1809504,0 107.9107119,-7.1809079,0 107.9107548,-7.1808999,0 107.9107977,-7.1808916,0 107.9108406,-7.1808870,0 107.9108835,-7.1808834,0 107.9109114,-7.1808653,0 107.9109264,-7.1808558,0 107.9109598,-7.1808227,0 107.9109694,-7.1808132,0 107.9110027,-7.1807801,0 107.9110123,-7.1807707,0 107.9110457,-7.1807376,0 107.9110552,-7.1807278,0 107.9110981,-7.1807116,0 107.9111410,-7.1807116,0 107.9111839,-7.1807116,0 107.9112269,-7.1807116,0 107.9112544,-7.1806950,0 107.9112698,-7.1806857,0 107.9113033,-7.1806524,0 107.9113127,-7.1806431,0 107.9113462,-7.1806098,0 107.9113556,-7.1806005,0 107.9113891,-7.1805672,0 107.9113985,-7.1805603,0 107.9114414,-7.1805475,0 107.9114843,-7.1805459,0 107.9115273,-7.1805442,0 107.9115702,-7.1805421,0 107.9116131,-7.1805396,0 107.9116560,-7.1805365,0 107.9116989,-7.1805326,0 107.9117418,-7.1805277,0 107.9117451,-7.1805247,0 107.9117502,-7.1804821,0 107.9117548,-7.1804395,0 107.9117583,-7.1803969,0 107.9117740,-7.1803543,0 107.9117848,-7.1803412,0 107.9118037,-7.1803118,0 107.9118239,-7.1802692,0 107.9118277,-7.1802594,0 107.9118386,-7.1802266,0 107.9118498,-7.1801840,0 107.9118637,-7.1801414,0 107.9118706,-7.1801238,0 107.9118820,-7.1800989,0 107.9119083,-7.1800563,0 107.9119135,-7.1800496,0 107.9119467,-7.1800137,0 107.9119564,-7.1800044,0 107.9119899,-7.1799711,0 107.9119993,-7.1799618,0 107.9120329,-7.1799286,0 107.9120422,-7.1799192,0 107.9120758,-7.1798860,0 107.9120852,-7.1798764,0 107.9121184,-7.1798434,0 107.9121281,-7.1798341,0 107.9121616,-7.1798008,0 107.9121710,-7.1797915,0 107.9122045,-7.1797582,0 107.9122139,-7.1797489,0 107.9122474,-7.1797157,0 107.9122568,-7.1797085,0 107.9122997,-7.1796939,0 107.9123427,-7.1796924,0 107.9123856,-7.1796905,0 107.9124285,-7.1796886,0 107.9124714,-7.1796875,0 107.9125143,-7.1796873,0 107.9125572,-7.1796873,0 107.9126001,-7.1796852,0 107.9126431,-7.1797157,0 107.9126431,-7.1797582,0 107.9126431,-7.1798008,0 107.9126431,-7.1798434,0 107.9126431,-7.1798434,0 107.9126860,-7.1798434,0 107.9127289,-7.1798434,0 107.9127718,-7.1798434,0 107.9127775,-7.1798860,0 107.9127839,-7.1799286,0 107.9127880,-7.1799711,0 107.9127915,-7.1800137,0 107.9127718,-7.1800443,0 107.9127644,-7.1800563,0 107.9127289,-7.1800916,0 107.9127215,-7.1800989,0 107.9126860,-7.1801341,0 107.9126786,-7.1801414,0 107.9126431,-7.1801767,0 107.9126353,-7.1801840,0 107.9126203,-7.1802266,0 107.9126203,-7.1802692,0 107.9126203,-7.1803118,0 107.9126203,-7.1803543,0 107.9126220,-7.1803969,0 107.9126259,-7.1804395,0 107.9126308,-7.1804821,0 107.9126392,-7.1805247,0 107.9126431,-7.1805672,0 107.9126431,-7.1806098,0 107.9126431,-7.1806524,0 107.9126431,-7.1806950,0 107.9126431,-7.1807376,0 107.9126431,-7.1807801,0 107.9126431,-7.1808227,0 107.9126431,-7.1808653,0 107.9126001,-7.1808684,0 107.9125572,-7.1808734,0 107.9125143,-7.1808779,0 107.9124714,-7.1808809,0 107.9124285,-7.1808826,0 107.9123856,-7.1808826,0 107.9123427,-7.1808826,0 107.9122997,-7.1808826,0 107.9122568,-7.1808826,0 107.9122139,-7.1808826,0 107.9121710,-7.1808826,0 107.9121281,-7.1808826,0 107.9120852,-7.1808826,0 107.9120422,-7.1808826,0 107.9119993,-7.1808826,0 107.9119564,-7.1808826,0 107.9119135,-7.1809026,0 107.9119094,-7.1809079,0 107.9118830,-7.1809504,0 107.9118706,-7.1809768,0 107.9118641,-7.1809930,0 107.9118505,-7.1810356,0 107.9118389,-7.1810782,0 107.9118277,-7.1811129,0 107.9118247,-7.1811208,0 107.9118050,-7.1811633,0 107.9117848,-7.1811951,0 107.9117759,-7.1812059,0 107.9117848,-7.1812485,0 107.9117848,-7.1812485,0 107.9118277,-7.1812911,0 107.9118277,-7.1812911,0 107.9118706,-7.1813337,0 107.9118706,-7.1813337,0 107.9119135,-7.1813762,0 107.9119135,-7.1813762,0 107.9119564,-7.1814188,0 107.9119564,-7.1814188,0 107.9119993,-7.1814614,0 107.9119993,-7.1814614,0 107.9120422,-7.1815040,0 107.9120422,-7.1815040,0 107.9120852,-7.1815465,0 107.9120852,-7.1815465,0 107.9121281,-7.1815585,0 107.9121710,-7.1815585,0 107.9122139,-7.1815585,0 107.9122568,-7.1815585,0 107.9122912,-7.1815465,0 107.9122997,-7.1815419,0 107.9123380,-7.1815040,0 107.9123427,-7.1814993,0 107.9123809,-7.1814614,0 107.9123856,-7.1814567,0 107.9124238,-7.1814188,0 107.9124285,-7.1814139,0 107.9124714,-7.1813945,0 107.9125143,-7.1813945,0 107.9125572,-7.1813945,0 107.9126001,-7.1813945,0 107.9126388,-7.1813762,0 107.9126431,-7.1813745,0 107.9126860,-7.1813472,0 107.9127153,-7.1813337,0 107.9127289,-7.1813283,0 107.9127718,-7.1813145,0 107.9128147,-7.1813091,0 107.9128576,-7.1813092,0 107.9129006,-7.1813092,0 107.9129435,-7.1813097,0 107.9129864,-7.1813337,0 107.9129864,-7.1813762,0 107.9129864,-7.1813762,0 107.9130293,-7.1813762,0 107.9130722,-7.1813762,0 107.9131151,-7.1813762,0 107.9131580,-7.1814188,0 107.9131580,-7.1814614,0 107.9131580,-7.1815040,0 107.9131580,-7.1815465,0 107.9131580,-7.1815465,0 107.9132010,-7.1815465,0 107.9132439,-7.1815465,0 107.9132868,-7.1815465,0 107.9133297,-7.1815891,0 107.9133297,-7.1816317,0 107.9133297,-7.1816743,0 107.9133297,-7.1817169,0 107.9133297,-7.1817594,0 107.9133297,-7.1818020,0 107.9133297,-7.1818446,0 107.9133297,-7.1818872,0 107.9132868,-7.1819298,0 107.9132439,-7.1819298,0 107.9132010,-7.1819298,0 107.9131580,-7.1819298,0 107.9131580,-7.1819298,0 107.9131580,-7.1819723,0 107.9131580,-7.1820149,0 107.9131580,-7.1820575,0 107.9131151,-7.1820620,0 107.9130722,-7.1820679,0 107.9130293,-7.1820728,0 107.9129864,-7.1820759,0 107.9129435,-7.1820979,0 107.9129415,-7.1821001,0 107.9129006,-7.1821407,0 107.9128985,-7.1821426,0 107.9128576,-7.1821832,0 107.9128556,-7.1821852,0 107.9128147,-7.1822258,0 107.9128126,-7.1822278,0 107.9127718,-7.1822657,0 107.9127664,-7.1822704,0 107.9127289,-7.1822941,0 107.9126870,-7.1823130,0 107.9126860,-7.1823134,0 107.9126431,-7.1823273,0 107.9126001,-7.1823389,0 107.9125572,-7.1823527,0 107.9125497,-7.1823555,0 107.9125143,-7.1823713,0 107.9124722,-7.1823981,0 107.9124714,-7.1823987,0 107.9124285,-7.1824214,0 107.9123856,-7.1824265,0 107.9123427,-7.1824319,0 107.9122997,-7.1824373,0 107.9122926,-7.1824407,0 107.9122817,-7.1824833,0 107.9122711,-7.1825259,0 107.9122617,-7.1825684,0 107.9122568,-7.1826110,0 107.9122139,-7.1826110,0 107.9121710,-7.1826110,0 107.9121281,-7.1826110,0 107.9121281,-7.1826110,0 107.9121281,-7.1826536,0 107.9121281,-7.1826962,0 107.9121281,-7.1827387,0 107.9120852,-7.1827631,0 107.9120422,-7.1827610,0 107.9119993,-7.1827606,0 107.9119564,-7.1827604,0 107.9119135,-7.1827615,0 107.9118706,-7.1827650,0 107.9118277,-7.1827697,0 107.9117848,-7.1827756,0 107.9117418,-7.1827813,0 107.9116989,-7.1827813,0 107.9116560,-7.1827813,0 107.9116131,-7.1827813,0 107.9115702,-7.1827813,0 107.9115273,-7.1827813,0 107.9114843,-7.1827813,0 107.9114414,-7.1827813,0 107.9114414,-7.1827813,0 107.9114414,-7.1828239,0 107.9114414,-7.1828665,0 107.9114414,-7.1829091,0 107.9114414,-7.1829516,0 107.9114414,-7.1829942,0 107.9114414,-7.1830368,0 107.9114414,-7.1830794,0 107.9114414,-7.1831220,0 107.9114414,-7.1831645,0 107.9114414,-7.1832071,0 107.9114414,-7.1832497,0 107.9113985,-7.1832536,0 107.9113556,-7.1832619,0 107.9113127,-7.1832667,0 107.9112698,-7.1832706,0 107.9112269,-7.1832888,0 107.9112235,-7.1832923,0 107.9111839,-7.1833315,0 107.9111806,-7.1833348,0 107.9111410,-7.1833741,0 107.9111377,-7.1833774,0 107.9110981,-7.1834167,0 107.9110927,-7.1834200,0 107.9110552,-7.1834364,0 107.9110123,-7.1834380,0 107.9109694,-7.1834396,0 107.9109264,-7.1834416,0 107.9108835,-7.1834433,0 107.9108406,-7.1834433,0 107.9107977,-7.1834433,0 107.9107548,-7.1834433,0 107.9107119,-7.1834428,0 107.9106690,-7.1834433,0 107.9106260,-7.1834429,0 107.9105831,-7.1834432,0 107.9105563,-7.1834626,0 107.9105551,-7.1835052,0 107.9105556,-7.1835477,0 107.9105555,-7.1835903,0 107.9105741,-7.1836329,0 107.9105831,-7.1836415,0 107.9106173,-7.1836755,0 107.9106260,-7.1836841,0 107.9106602,-7.1837181,0 107.9106690,-7.1837267,0 107.9107032,-7.1837606,0 107.9107119,-7.1837696,0 107.9107458,-7.1838032,0 107.9107548,-7.1838119,0 107.9107890,-7.1838458,0 107.9107977,-7.1838544,0 107.9108319,-7.1838884,0 107.9108406,-7.1838970,0 107.9108748,-7.1839309,0 107.9108835,-7.1839472,0 107.9108928,-7.1839735,0 107.9108915,-7.1840161,0 107.9108895,-7.1840587,0 107.9108862,-7.1841013,0 107.9108835,-7.1841055,0 107.9108406,-7.1841151,0 107.9107977,-7.1841204,0 107.9107548,-7.1841240,0 107.9107119,-7.1841259,0 107.9106690,-7.1841259,0 107.9106260,-7.1841259,0 107.9105831,-7.1841259,0 107.9105402,-7.1841259,0 107.9104973,-7.1841259,0 107.9104544,-7.1841259,0 107.9104115,-7.1841259,0 107.9103685,-7.1841259,0 107.9103256,-7.1841259,0 107.9102827,-7.1841259,0 107.9102398,-7.1841259,0 107.9101969,-7.1841250,0 107.9101540,-7.1841217,0 107.9101111,-7.1841165,0 107.9100681,-7.1841090,0 107.9100586,-7.1841013,0 107.9100489,-7.1840587,0 107.9100436,-7.1840161,0 107.9100405,-7.1839735,0 107.9100379,-7.1839309,0 107.9100352,-7.1838884,0 107.9100312,-7.1838458,0 107.9100271,-7.1838032,0 107.9100252,-7.1837606,0 107.9100252,-7.1837181,0 107.9100252,-7.1836755,0 107.9100252,-7.1836329,0 107.9100252,-7.1836329,0 107.9099823,-7.1836329,0 107.9099394,-7.1836329,0 107.9098965,-7.1836329,0 107.9098536,-7.1836306,0 107.9098106,-7.1836242,0 107.9097677,-7.1836190,0 107.9097248,-7.1836156,0 107.9096819,-7.1836013,0 107.9096712,-7.1835903,0 107.9096390,-7.1835584,0 107.9096283,-7.1835477,0 107.9095961,-7.1835158,0 107.9095853,-7.1835052,0 107.9095532,-7.1834732,0 107.9095286,-7.1834626,0 107.9095102,-7.1834548,0 107.9095010,-7.1834626,0 107.9094673,-7.1834849,0 107.9094244,-7.1835052,0 107.9094244,-7.1835052,0 107.9093815,-7.1835202,0 107.9093386,-7.1835347,0 107.9093120,-7.1835477,0 107.9092957,-7.1835558,0 107.9092527,-7.1835772,0 107.9092262,-7.1835903,0 107.9092098,-7.1836006,0 107.9091669,-7.1836273,0 107.9091571,-7.1836329,0 107.9091240,-7.1836552,0 107.9090811,-7.1836755,0 107.9090811,-7.1836755,0 107.9090382,-7.1836905,0 107.9089953,-7.1837021,0 107.9089523,-7.1837153,0 107.9089446,-7.1837181,0 107.9089094,-7.1837329,0 107.9088665,-7.1837578,0 107.9088627,-7.1837606,0 107.9088236,-7.1837958,0 107.9088161,-7.1838032,0 107.9087807,-7.1838384,0 107.9087732,-7.1838458,0 107.9087378,-7.1838809,0 107.9087303,-7.1838884,0 107.9086948,-7.1839235,0 107.9086848,-7.1839309,0 107.9086519,-7.1839478,0 107.9086090,-7.1839478,0 107.9085661,-7.1839478,0 107.9085232,-7.1839478,0 107.9084803,-7.1839472,0 107.9084374,-7.1839443,0 107.9083944,-7.1839405,0 107.9083515,-7.1839358,0 107.9083379,-7.1839309,0 107.9083275,-7.1838884,0 107.9083226,-7.1838458,0 107.9083195,-7.1838032,0 107.9083086,-7.1837855,0 107.9082945,-7.1837606,0 107.9082657,-7.1837320,0 107.9082516,-7.1837181,0 107.9082228,-7.1836894,0 107.9082087,-7.1836755,0 107.9081799,-7.1836469,0 107.9081618,-7.1836329,0 107.9081369,-7.1836202,0 107.9080940,-7.1836190,0 107.9080511,-7.1836175,0 107.9080082,-7.1836155,0 107.9079653,-7.1836144,0 107.9079224,-7.1836174,0 107.9078795,-7.1836214,0 107.9078365,-7.1836267,0 107.9077936,-7.1836179,0 107.9077789,-7.1835903,0 107.9077507,-7.1835624,0 107.9077446,-7.1835477,0 107.9077242,-7.1835052,0 107.9077078,-7.1834801,0 107.9076851,-7.1834626,0 107.9076649,-7.1834471,0 107.9076220,-7.1834294,0 107.9075812,-7.1834200,0 107.9075791,-7.1834192,0 107.9075361,-7.1834126,0 107.9075147,-7.1834200,0 107.9074932,-7.1834268,0 107.9074557,-7.1834626,0 107.9074503,-7.1834648,0 107.9074074,-7.1834743,0 107.9073645,-7.1834708,0 107.9073430,-7.1834626,0 107.9073216,-7.1834480,0 107.9072977,-7.1834200,0 107.9072786,-7.1833906,0 107.9072701,-7.1833774,0 107.9072357,-7.1833409,0 107.9072277,-7.1833348,0 107.9071928,-7.1833131,0 107.9071613,-7.1832923,0 107.9071499,-7.1832813,0 107.9071307,-7.1832497,0 107.9071164,-7.1832071,0 107.9071070,-7.1831688,0 107.9071058,-7.1831645,0 107.9070879,-7.1831220,0 107.9070641,-7.1831118,0 107.9070212,-7.1831018,0 107.9069782,-7.1830982,0 107.9069353,-7.1830982,0 107.9068924,-7.1831056,0 107.9068771,-7.1831220,0 107.9068525,-7.1831645,0 107.9068495,-7.1831701,0 107.9068333,-7.1832071,0 107.9068131,-7.1832497,0 107.9068066,-7.1832581,0 107.9067655,-7.1832923,0 107.9067637,-7.1832934,0 107.9067207,-7.1833075,0 107.9066778,-7.1833229,0 107.9066547,-7.1833348,0 107.9066349,-7.1833668,0 107.9066292,-7.1833774,0 107.9066206,-7.1834200,0 107.9066198,-7.1834626,0 107.9066231,-7.1835052,0 107.9066325,-7.1835477,0 107.9066349,-7.1835619,0 107.9066778,-7.1835872,0 107.9067207,-7.1835895,0 107.9067246,-7.1835903,0 107.9067637,-7.1836005,0 107.9068066,-7.1836291,0 107.9068093,-7.1836329,0 107.9068123,-7.1836755,0 107.9068066,-7.1837028,0 107.9067989,-7.1837181,0 107.9067844,-7.1837606,0 107.9068066,-7.1838032,0 107.9068066,-7.1838032,0 107.9068432,-7.1838458,0 107.9068495,-7.1838506,0 107.9068911,-7.1838884,0 107.9068924,-7.1838894,0 107.9069353,-7.1839258,0 107.9069411,-7.1839309,0 107.9069782,-7.1839646,0 107.9069882,-7.1839735,0 107.9070212,-7.1840000,0 107.9070477,-7.1840161,0 107.9070641,-7.1840243,0 107.9071070,-7.1840372,0 107.9071499,-7.1840433,0 107.9071928,-7.1840452,0 107.9072357,-7.1840451,0 107.9072786,-7.1840440,0 107.9073216,-7.1840427,0 107.9073645,-7.1840406,0 107.9074074,-7.1840358,0 107.9074444,-7.1840161,0 107.9074503,-7.1840093,0 107.9074740,-7.1839735,0 107.9074932,-7.1839522,0 107.9075280,-7.1839309,0 107.9075361,-7.1839272,0 107.9075791,-7.1839180,0 107.9076134,-7.1838884,0 107.9076220,-7.1838640,0 107.9076253,-7.1838458,0 107.9076446,-7.1838032,0 107.9076649,-7.1837806,0 107.9076911,-7.1837606,0 107.9077078,-7.1837522,0 107.9077318,-7.1837606,0 107.9077507,-7.1838032,0 107.9077507,-7.1838458,0 107.9077507,-7.1838884,0 107.9077507,-7.1839309,0 107.9077136,-7.1839735,0 107.9077078,-7.1839877,0 107.9076756,-7.1839735,0 107.9076649,-7.1839682,0 107.9076595,-7.1839735,0 107.9076649,-7.1839820,0 107.9076820,-7.1840161,0 107.9076820,-7.1840587,0 107.9076707,-7.1841013,0 107.9076649,-7.1841104,0 107.9076255,-7.1841438,0 107.9076220,-7.1841462,0 107.9076048,-7.1841438,0 107.9075791,-7.1841340,0 107.9075433,-7.1841013,0 107.9075361,-7.1840963,0 107.9074932,-7.1840952,0 107.9074903,-7.1841013,0 107.9074895,-7.1841438,0 107.9074932,-7.1841628,0 107.9075030,-7.1841864,0 107.9075071,-7.1842290,0 107.9074965,-7.1842716,0 107.9074932,-7.1842762,0 107.9074727,-7.1843142,0 107.9074503,-7.1843389,0 107.9074346,-7.1843567,0 107.9074074,-7.1843841,0 107.9073901,-7.1843993,0 107.9073645,-7.1844260,0 107.9073420,-7.1844419,0 107.9073216,-7.1844662,0 107.9072786,-7.1844776,0 107.9072357,-7.1844670,0 107.9071928,-7.1844557,0 107.9071499,-7.1844637,0 107.9071318,-7.1844845,0 107.9071174,-7.1845270,0 107.9071141,-7.1845696,0 107.9071231,-7.1846122,0 107.9071499,-7.1846406,0 107.9071928,-7.1846271,0 107.9072229,-7.1846122,0 107.9072357,-7.1846055,0 107.9072786,-7.1845909,0 107.9072974,-7.1846122,0 107.9073073,-7.1846548,0 107.9072995,-7.1846974,0 107.9072946,-7.1847399,0 107.9072987,-7.1847825,0 107.9073216,-7.1848218,0 107.9073230,-7.1848251,0 107.9073645,-7.1848600,0 107.9073752,-7.1848677,0 107.9074074,-7.1848819,0 107.9074503,-7.1848953,0 107.9074932,-7.1849022,0 107.9075361,-7.1849032,0 107.9075791,-7.1849003,0 107.9076220,-7.1848966,0 107.9076649,-7.1848943,0 107.9077078,-7.1848955,0 107.9077507,-7.1848942,0 107.9077936,-7.1848942,0 107.9078365,-7.1848847,0 107.9078795,-7.1848694,0 107.9078835,-7.1848677,0 107.9079224,-7.1848484,0 107.9079564,-7.1848251,0 107.9079653,-7.1848172,0 107.9079809,-7.1848251,0 107.9080082,-7.1848369,0 107.9080511,-7.1848613,0 107.9080654,-7.1848677,0 107.9080940,-7.1848787,0 107.9081369,-7.1848917,0 107.9081791,-7.1849103,0 107.9081799,-7.1849106,0 107.9082228,-7.1849320,0 107.9082650,-7.1849528,0 107.9082657,-7.1849531,0 107.9083086,-7.1849713,0 107.9083515,-7.1849770,0 107.9083944,-7.1849791,0 107.9084374,-7.1849810,0 107.9084803,-7.1849829,0 107.9085223,-7.1849954,0 107.9085232,-7.1849957,0 107.9085661,-7.1850170,0 107.9086083,-7.1850380,0 107.9086090,-7.1850383,0 107.9086519,-7.1850596,0 107.9086948,-7.1850560,0 107.9087378,-7.1850410,0 107.9087449,-7.1850380,0 107.9087807,-7.1850202,0 107.9088169,-7.1849954,0 107.9088236,-7.1849896,0 107.9088618,-7.1849528,0 107.9088665,-7.1849482,0 107.9089047,-7.1849103,0 107.9089094,-7.1849056,0 107.9089476,-7.1848677,0 107.9089523,-7.1848630,0 107.9089906,-7.1848251,0 107.9089953,-7.1848204,0 107.9090073,-7.1848251,0 107.9090382,-7.1848352,0 107.9090811,-7.1848603,0 107.9090974,-7.1848677,0 107.9091240,-7.1848780,0 107.9091669,-7.1848912,0 107.9092098,-7.1849025,0 107.9092335,-7.1849103,0 107.9092527,-7.1849175,0 107.9092957,-7.1849381,0 107.9093191,-7.1849528,0 107.9093386,-7.1849683,0 107.9093667,-7.1849954,0 107.9093815,-7.1850100,0 107.9094097,-7.1850380,0 107.9094244,-7.1850526,0 107.9094526,-7.1850806,0 107.9094673,-7.1850952,0 107.9094955,-7.1851231,0 107.9095102,-7.1851380,0 107.9095532,-7.1851504,0 107.9095961,-7.1851504,0 107.9096390,-7.1851504,0 107.9096819,-7.1851504,0 107.9097066,-7.1851657,0 107.9097248,-7.1851754,0 107.9097677,-7.1852008,0 107.9097841,-7.1852083,0 107.9098106,-7.1852187,0 107.9098536,-7.1852322,0 107.9098965,-7.1852436,0 107.9099191,-7.1852509,0 107.9099394,-7.1852585,0 107.9099823,-7.1852784,0 107.9100062,-7.1852935,0 107.9100252,-7.1853089,0 107.9100681,-7.1853222,0 107.9101111,-7.1853239,0 107.9101540,-7.1853254,0 107.9101969,-7.1853264,0 107.9102398,-7.1853258,0 107.9102827,-7.1853241,0 107.9103256,-7.1853226,0 107.9103685,-7.1853214,0 107.9104115,-7.1853209,0 107.9104544,-7.1853209,0 107.9104973,-7.1853210,0 107.9105402,-7.1853208,0 107.9105528,-7.1853360,0 107.9105831,-7.1853760,0 107.9105845,-7.1853786,0 107.9106059,-7.1854212,0 107.9106260,-7.1854611,0 107.9106274,-7.1854638,0 107.9106454,-7.1855063,0 107.9106588,-7.1855489,0 107.9106690,-7.1855743,0 107.9106771,-7.1855915,0 107.9107032,-7.1856341,0 107.9107119,-7.1856717,0 107.9107133,-7.1856767,0 107.9107119,-7.1856780,0 107.9106703,-7.1857192,0 107.9106690,-7.1857206,0 107.9106274,-7.1857618,0 107.9106260,-7.1857631,0 107.9105845,-7.1858044,0 107.9105831,-7.1858064,0 107.9105547,-7.1858470,0 107.9105517,-7.1858896,0 107.9105486,-7.1859321,0 107.9105440,-7.1859747,0 107.9105402,-7.1859824,0 107.9104973,-7.1859975,0 107.9104544,-7.1860073,0 107.9104115,-7.1860140,0 107.9104059,-7.1860173,0 107.9103907,-7.1860599,0 107.9103803,-7.1861024,0 107.9103729,-7.1861450,0 107.9103685,-7.1861528,0 107.9103256,-7.1861678,0 107.9102827,-7.1861776,0 107.9102398,-7.1861844,0 107.9102344,-7.1861876,0 107.9102226,-7.1862302,0 107.9102169,-7.1862728,0 107.9102130,-7.1863153,0 107.9102239,-7.1863579,0 107.9102398,-7.1863735,0 107.9102670,-7.1864005,0 107.9102827,-7.1864160,0 107.9103100,-7.1864431,0 107.9103256,-7.1864586,0 107.9103529,-7.1864856,0 107.9103685,-7.1865074,0 107.9103777,-7.1865282,0 107.9103788,-7.1865708,0 107.9103801,-7.1866134,0 107.9103818,-7.1866560,0 107.9103954,-7.1866985,0 107.9104115,-7.1867145,0 107.9104383,-7.1867411,0 107.9104544,-7.1867571,0 107.9104812,-7.1867837,0 107.9104973,-7.1867997,0 107.9105241,-7.1868263,0 107.9105402,-7.1868480,0 107.9105564,-7.1868689,0 107.9105596,-7.1869114,0 107.9105643,-7.1869540,0 107.9105720,-7.1869966,0 107.9105831,-7.1870121,0 107.9106260,-7.1870245,0 107.9106690,-7.1870323,0 107.9107119,-7.1870373,0 107.9107548,-7.1870392,0 107.9107548,-7.1870817,0 107.9107548,-7.1871243,0 107.9107548,-7.1871669,0 107.9107548,-7.1872095,0 107.9107548,-7.1872521,0 107.9107548,-7.1872946,0 107.9107548,-7.1873372,0 107.9107548,-7.1873372,0 107.9107977,-7.1873372,0 107.9108406,-7.1873372,0 107.9108835,-7.1873372,0 107.9108835,-7.1873372,0 107.9108835,-7.1872946,0 107.9108835,-7.1872521,0 107.9108835,-7.1872095,0 107.9108835,-7.1871669,0 107.9108835,-7.1871243,0 107.9108835,-7.1870817,0 107.9108835,-7.1870392,0 107.9109264,-7.1870379,0 107.9109694,-7.1870367,0 107.9110123,-7.1870357,0 107.9110552,-7.1870350,0 107.9110721,-7.1870392,0 107.9110981,-7.1870545,0 107.9111256,-7.1870817,0 107.9111410,-7.1870970,0 107.9111685,-7.1871243,0 107.9111839,-7.1871396,0 107.9112114,-7.1871669,0 107.9112269,-7.1871882,0 107.9112428,-7.1872095,0 107.9112399,-7.1872521,0 107.9112363,-7.1872946,0 107.9112317,-7.1873372,0 107.9112269,-7.1873479,0 107.9111839,-7.1873598,0 107.9111410,-7.1873653,0 107.9110981,-7.1873684,0 107.9110552,-7.1873695,0 107.9110123,-7.1873697,0 107.9109694,-7.1873700,0 107.9109264,-7.1873713,0 107.9108978,-7.1873798,0 107.9108993,-7.1874224,0 107.9108995,-7.1874649,0 107.9108995,-7.1875075,0 107.9108898,-7.1875501,0 107.9108835,-7.1875561,0 107.9108467,-7.1875927,0 107.9108406,-7.1875987,0 107.9108037,-7.1876353,0 107.9107977,-7.1876412,0 107.9107608,-7.1876778,0 107.9107548,-7.1876855,0 107.9107346,-7.1877204,0 107.9107346,-7.1877630,0 107.9107346,-7.1878056,0 107.9107346,-7.1878481,0 107.9107351,-7.1878907,0 107.9107369,-7.1879333,0 107.9107399,-7.1879759,0 107.9107452,-7.1880185,0 107.9107548,-7.1880610,0 107.9107548,-7.1881036,0 107.9107548,-7.1881036,0 107.9107977,-7.1881036,0 107.9108406,-7.1881036,0 107.9108835,-7.1881036,0 107.9109264,-7.1881036,0 107.9109694,-7.1881036,0 107.9110123,-7.1881036,0 107.9110552,-7.1881036,0 107.9110981,-7.1881036,0 107.9111410,-7.1881036,0 107.9111839,-7.1881036,0 107.9112269,-7.1881036,0 107.9112655,-7.1881462,0 107.9112438,-7.1881888,0 107.9112327,-7.1882314,0 107.9112321,-7.1882739,0 107.9112349,-7.1883165,0 107.9112399,-7.1883591,0 107.9112529,-7.1884017,0 107.9112698,-7.1884170,0 107.9113127,-7.1884370,0 107.9113393,-7.1884442,0 107.9113556,-7.1884472,0 107.9113985,-7.1884544,0 107.9114414,-7.1884611,0 107.9114843,-7.1884704,0 107.9115264,-7.1884868,0 107.9115273,-7.1884872,0 107.9115702,-7.1885203,0 107.9115790,-7.1885294,0 107.9116131,-7.1885637,0 107.9116218,-7.1885720,0 107.9116560,-7.1886008,0 107.9116737,-7.1886146,0 107.9116989,-7.1886353,0 107.9117236,-7.1886571,0 107.9117418,-7.1886795,0 107.9117544,-7.1886997,0 107.9117689,-7.1887423,0 107.9117750,-7.1887849,0 107.9117739,-7.1888274,0 107.9117619,-7.1888700,0 107.9117418,-7.1888995,0 107.9117120,-7.1889126,0 107.9116989,-7.1889165,0 107.9116614,-7.1889126,0 107.9116560,-7.1889120,0 107.9116131,-7.1888951,0 107.9115720,-7.1888700,0 107.9115702,-7.1888691,0 107.9115273,-7.1888442,0 107.9114979,-7.1888274,0 107.9114843,-7.1888214,0 107.9114414,-7.1888022,0 107.9114063,-7.1887849,0 107.9113985,-7.1887810,0 107.9113556,-7.1887514,0 107.9113462,-7.1887423,0 107.9113127,-7.1887001,0 107.9113124,-7.1886997,0 107.9112897,-7.1886571,0 107.9112707,-7.1886146,0 107.9112698,-7.1886119,0 107.9112548,-7.1885720,0 107.9112413,-7.1885294,0 107.9112284,-7.1884868,0 107.9112269,-7.1884818,0 107.9112061,-7.1884442,0 107.9111839,-7.1884284,0 107.9111410,-7.1884065,0 107.9111320,-7.1884017,0 107.9110981,-7.1883813,0 107.9110612,-7.1883591,0 107.9110552,-7.1883522,0 107.9110211,-7.1883165,0 107.9110123,-7.1882922,0 107.9110015,-7.1882739,0 107.9110123,-7.1882314,0 107.9110123,-7.1882314,0 107.9110552,-7.1881994,0 107.9110713,-7.1881888,0 107.9110552,-7.1881675,0 107.9110123,-7.1881675,0 107.9109694,-7.1881857,0 107.9109586,-7.1881888,0 107.9109264,-7.1881963,0 107.9108835,-7.1881962,0 107.9108406,-7.1881922,0 107.9107977,-7.1881888,0 107.9107977,-7.1881888,0 107.9107548,-7.1881817,0 107.9107476,-7.1881888,0 107.9107119,-7.1882040,0 107.9106797,-7.1882314,0 107.9106690,-7.1882363,0 107.9106260,-7.1882443,0 107.9106046,-7.1882314,0 107.9105831,-7.1882199,0 107.9105424,-7.1881888,0 107.9105402,-7.1881881,0 107.9104973,-7.1881689,0 107.9104544,-7.1881518,0 107.9104418,-7.1881462,0 107.9104115,-7.1881360,0 107.9103685,-7.1881217,0 107.9103256,-7.1881068,0 107.9103147,-7.1881036,0 107.9102827,-7.1880879,0 107.9102398,-7.1880664,0 107.9102231,-7.1880610,0 107.9101969,-7.1880470,0 107.9101540,-7.1880482,0 107.9101111,-7.1880499,0 107.9100681,-7.1880514,0 107.9100413,-7.1880610,0 107.9100252,-7.1880675,0 107.9099994,-7.1881036,0 107.9099823,-7.1881210,0 107.9099634,-7.1881462,0 107.9099535,-7.1881888,0 107.9099400,-7.1882314,0 107.9099394,-7.1882327,0 107.9099216,-7.1882739,0 107.9098992,-7.1883165,0 107.9098965,-7.1883211,0 107.9098725,-7.1883591,0 107.9098536,-7.1883909,0 107.9098474,-7.1884017,0 107.9098287,-7.1884442,0 107.9098165,-7.1884868,0 107.9098106,-7.1885152,0 107.9098081,-7.1885294,0 107.9098015,-7.1885720,0 107.9097946,-7.1886146,0 107.9097869,-7.1886571,0 107.9097803,-7.1886997,0 107.9097776,-7.1887423,0 107.9097796,-7.1887849,0 107.9097817,-7.1888274,0 107.9097805,-7.1888700,0 107.9097728,-7.1889126,0 107.9097677,-7.1889268,0 107.9097576,-7.1889552,0 107.9097338,-7.1889978,0 107.9097248,-7.1890103,0 107.9097034,-7.1890403,0 107.9096819,-7.1890667,0 107.9096685,-7.1890829,0 107.9096390,-7.1891148,0 107.9096288,-7.1891255,0 107.9095961,-7.1891547,0 107.9095821,-7.1891681,0 107.9095532,-7.1891925,0 107.9095356,-7.1892106,0 107.9095102,-7.1892343,0 107.9094935,-7.1892532,0 107.9094673,-7.1892797,0 107.9094525,-7.1892958,0 107.9094244,-7.1893231,0 107.9094087,-7.1893384,0 107.9093815,-7.1893639,0 107.9093630,-7.1893810,0 107.9093386,-7.1894046,0 107.9093183,-7.1894235,0 107.9092957,-7.1894453,0 107.9092734,-7.1894661,0 107.9092527,-7.1894853,0 107.9092285,-7.1895087,0 107.9092098,-7.1895272,0 107.9091894,-7.1895513,0 107.9091669,-7.1895795,0 107.9091568,-7.1895938,0 107.9091249,-7.1896364,0 107.9091240,-7.1896374,0 107.9090834,-7.1896790,0 107.9090811,-7.1896810,0 107.9090382,-7.1897129,0 107.9090255,-7.1897216,0 107.9089953,-7.1897416,0 107.9089619,-7.1897642,0 107.9089523,-7.1897708,0 107.9089094,-7.1898015,0 107.9089023,-7.1898067,0 107.9088665,-7.1898339,0 107.9088479,-7.1898493,0 107.9088236,-7.1898709,0 107.9088025,-7.1898919,0 107.9087807,-7.1899146,0 107.9087621,-7.1899345,0 107.9087378,-7.1899589,0 107.9087186,-7.1899770,0 107.9086948,-7.1899986,0 107.9086715,-7.1900196,0 107.9086519,-7.1900392,0 107.9086307,-7.1900622,0 107.9086090,-7.1900919,0 107.9085996,-7.1901048,0 107.9085710,-7.1901474,0 107.9085661,-7.1901543,0 107.9085378,-7.1901899,0 107.9085232,-7.1902068,0 107.9085019,-7.1902325,0 107.9084803,-7.1902618,0 107.9084723,-7.1902751,0 107.9084516,-7.1903177,0 107.9084374,-7.1903532,0 107.9084346,-7.1903602,0 107.9084190,-7.1904028,0 107.9084027,-7.1904454,0 107.9083944,-7.1904652,0 107.9083827,-7.1904880,0 107.9083580,-7.1905306,0 107.9083515,-7.1905407,0 107.9083284,-7.1905731,0 107.9083086,-7.1906010,0 107.9082976,-7.1906157,0 107.9082657,-7.1906561,0 107.9082637,-7.1906583,0 107.9082228,-7.1906986,0 107.9082198,-7.1907009,0 107.9081799,-7.1907330,0 107.9081637,-7.1907434,0 107.9081369,-7.1907681,0 107.9081160,-7.1907860,0 107.9080940,-7.1908140,0 107.9080805,-7.1908286,0 107.9080511,-7.1908629,0 107.9080422,-7.1908712,0 107.9080082,-7.1909000,0 107.9079927,-7.1909138,0 107.9079653,-7.1909385,0 107.9079491,-7.1909563,0 107.9079224,-7.1909847,0 107.9079081,-7.1909989,0 107.9078795,-7.1910250,0 107.9078576,-7.1910415,0 107.9078365,-7.1910607,0 107.9078118,-7.1910841,0 107.9077949,-7.1911266,0 107.9077957,-7.1911692,0 107.9078005,-7.1912118,0 107.9078025,-7.1912544,0 107.9077973,-7.1912970,0 107.9077936,-7.1913088,0 107.9077831,-7.1913395,0 107.9077631,-7.1913821,0 107.9077507,-7.1914034,0 107.9077428,-7.1914247,0 107.9077255,-7.1914673,0 107.9077095,-7.1915098,0</coordinates></LineString></Placemark>
<Placemark><name>698 m</name><styleUrl>#k</styleUrl><LineString><tessellate>1</tessellate><coordinates>107.9165913,-7.1777145,0 107.9165913,-7.1777570,0 107.9165913,-7.1777996,0 107.9165913,-7.1777996,0 107.9166342,-7.1777996,0 107.9166771,-7.1777996,0 107.9167200,-7.1777996,0 107.9167629,-7.1778422,0 107.9167629,-7.1778848,0 107.9167629,-7.1779273,0 107.9167629,-7.1779699,0 107.9167629,-7.1780125,0 107.9167629,-7.1780551,0 107.9167629,-7.1780977,0 107.9167629,-7.1781402,0 107.9167200,-7.1781427,0 107.9166771,-7.1781457,0 107.9166342,-7.1781482,0 107.9165913,-7.1781504,0 107.9165484,-7.1781509,0 107.9165054,-7.1781509,0 107.9164625,-7.1781509,0 107.9164196,-7.1781509,0 107.9163767,-7.1781748,0 107.9163660,-7.1781828,0 107.9163338,-7.1782013,0 107.9162909,-7.1782194,0 107.9162730,-7.1782254,0 107.9162479,-7.1782327,0 107.9162050,-7.1782287,0 107.9161943,-7.1782254,0 107.9161621,-7.1782140,0 107.9161192,-7.1781938,0 107.9161010,-7.1781828,0 107.9160763,-7.1781638,0 107.9160519,-7.1781402,0 107.9160334,-7.1781177,0 107.9160206,-7.1780977,0 107.9159996,-7.1780551,0 107.9159905,-7.1780309,0 107.9159845,-7.1780125,0 107.9159780,-7.1779699,0 107.9159905,-7.1779296,0 107.9159913,-7.1779273,0 107.9160087,-7.1778848,0 107.9160334,-7.1778430,0 107.9160340,-7.1778422,0 107.9160620,-7.1777996,0 107.9160650,-7.1777570,0 107.9160680,-7.1777145,0</coordinates></LineString></Placemark>
<Placemark><name>698 m</name><styleUrl>#k</styleUrl><LineString><tessellate>1</tessellate><coordinates>107.9089015,-7.1915098,0 107.9088665,-7.1914786,0 107.9088549,-7.1914673,0 107.9088245,-7.1914247,0 107.9088236,-7.1914230,0 107.9087942,-7.1913821,0 107.9087807,-7.1913670,0 107.9087378,-7.1913403,0 107.9087363,-7.1913395,0 107.9086948,-7.1913115,0 107.9086765,-7.1912970,0 107.9086714,-7.1912544,0 107.9086948,-7.1912357,0 107.9087378,-7.1912208,0 107.9087807,-7.1912297,0 107.9088184,-7.1912544,0 107.9088236,-7.1912597,0 107.9088665,-7.1912959,0 107.9088692,-7.1912970,0 107.9089094,-7.1913080,0 107.9089523,-7.1913008,0 107.9089582,-7.1912970,0 107.9089953,-7.1912791,0 107.9090237,-7.1912544,0 107.9090382,-7.1912454,0 107.9090811,-7.1912166,0 107.9090895,-7.1912118,0 107.9091240,-7.1911973,0 107.9091669,-7.1911853,0 107.9092098,-7.1911781,0 107.9092527,-7.1911741,0 107.9092957,-7.1911708,0 107.9093120,-7.1911692,0 107.9093386,-7.1911661,0 107.9093815,-7.1911594,0 107.9094244,-7.1911530,0 107.9094673,-7.1911491,0 107.9095102,-7.1911481,0 107.9095532,-7.1911498,0 107.9095961,-7.1911548,0 107.9096390,-7.1911647,0 107.9096511,-7.1911692,0 107.9096819,-7.1911804,0 107.9097248,-7.1912030,0 107.9097384,-7.1912118,0 107.9097677,-7.1912304,0 107.9098004,-7.1912544,0 107.9098106,-7.1912626,0 107.9098475,-7.1912970,0 107.9098536,-7.1913036,0 107.9098836,-7.1913395,0 107.9098965,-7.1913562,0 107.9099178,-7.1913821,0 107.9099394,-7.1914066,0 107.9099583,-7.1914247,0 107.9099823,-7.1914460,0 107.9100108,-7.1914673,0 107.9100252,-7.1914785,0 107.9100681,-7.1915077,0 107.9100716,-7.1915098,0</coordinates></LineString></Placemark>
<Placemark><name>698 m</name><styleUrl>#k</styleUrl><LineString><tessellate>1</tessellate><coordinates>107.9109631,-7.1915098,0 107.9109694,-7.1915015,0 107.9109942,-7.1914673,0 107.9110123,-7.1914473,0 107.9110322,-7.1914247,0 107.9110552,-7.1913995,0 107.9110688,-7.1913821,0 107.9110981,-7.1913429,0 107.9111004,-7.1913395,0 107.9111295,-7.1912970,0 107.9111410,-7.1912807,0 107.9111607,-7.1912544,0 107.9111839,-7.1912265,0 107.9111986,-7.1912118,0 107.9112269,-7.1911870,0 107.9112547,-7.1911692,0 107.9112698,-7.1911605,0 107.9113127,-7.1911443,0 107.9113556,-7.1911364,0 107.9113985,-7.1911371,0 107.9114414,-7.1911460,0 107.9114843,-7.1911593,0 107.9115123,-7.1911692,0 107.9115273,-7.1911743,0 107.9115702,-7.1911898,0 107.9116131,-7.1912064,0 107.9116263,-7.1912118,0 107.9116560,-7.1912259,0 107.9116989,-7.1912466,0 107.9117184,-7.1912544,0 107.9117418,-7.1912650,0 107.9117848,-7.1912752,0 107.9118277,-7.1912766,0 107.9118706,-7.1912733,0 107.9119135,-7.1912707,0 107.9119564,-7.1912750,0 107.9119993,-7.1912865,0 107.9120292,-7.1912970,0 107.9120422,-7.1913017,0 107.9120852,-7.1913171,0 107.9121281,-7.1913314,0 107.9121534,-7.1913395,0 107.9121710,-7.1913456,0 107.9122139,-7.1913571,0 107.9122568,-7.1913596,0 107.9122997,-7.1913403,0 107.9123005,-7.1913395,0 107.9123391,-7.1912970,0 107.9123427,-7.1912931,0 107.9123754,-7.1912544,0 107.9123856,-7.1912450,0 107.9124285,-7.1912141,0 107.9124334,-7.1912118,0 107.9124714,-7.1911969,0 107.9125143,-7.1911862,0 107.9125572,-7.1911788,0 107.9126001,-7.1911726,0 107.9126316,-7.1911692,0 107.9126431,-7.1911679,0 107.9126860,-7.1911622,0 107.9127289,-7.1911484,0 107.9127591,-7.1911266,0 107.9127718,-7.1911192,0 107.9128079,-7.1910841,0 107.9128147,-7.1910787,0 107.9128512,-7.1910415,0 107.9128576,-7.1910350,0 107.9128920,-7.1909989,0 107.9129006,-7.1909891,0 107.9129341,-7.1909563,0 107.9129435,-7.1909458,0 107.9129844,-7.1909138,0 107.9129864,-7.1909119,0 107.9130293,-7.1908796,0 107.9130407,-7.1908712,0 107.9130722,-7.1908357,0 107.9130780,-7.1908286,0 107.9131069,-7.1907860,0 107.9131151,-7.1907766,0 107.9131580,-7.1907510,0 107.9132010,-7.1907476,0 107.9132439,-7.1907514,0 107.9132868,-7.1907565,0 107.9133297,-7.1907613,0 107.9133726,-7.1907654,0 107.9134155,-7.1907671,0 107.9134585,-7.1907635,0 107.9135014,-7.1907489,0 107.9135108,-7.1907434,0 107.9135443,-7.1907227,0 107.9135772,-7.1907009,0 107.9135872,-7.1906951,0 107.9136301,-7.1906740,0 107.9136676,-7.1906583,0 107.9136730,-7.1906561,0 107.9137159,-7.1906390,0 107.9137589,-7.1906183,0 107.9137650,-7.1906157,0 107.9138018,-7.1905972,0 107.9138447,-7.1905827,0 107.9138876,-7.1905821,0 107.9139305,-7.1905898,0 107.9139734,-7.1905923,0 107.9140164,-7.1905740,0 107.9140172,-7.1905731,0 107.9140366,-7.1905306,0 107.9140342,-7.1904880,0 107.9140175,-7.1904454,0 107.9140164,-7.1904438,0 107.9139830,-7.1904028,0 107.9139734,-7.1903940,0 107.9139421,-7.1903602,0 107.9139305,-7.1903469,0 107.9139126,-7.1903177,0 107.9138968,-7.1902751,0 107.9138939,-7.1902325,0 107.9139036,-7.1901899,0 107.9139230,-7.1901474,0 107.9139305,-7.1901357,0 107.9139583,-7.1901048,0 107.9139734,-7.1900903,0 107.9140164,-7.1900668,0 107.9140378,-7.1900622,0 107.9140593,-7.1900569,0 107.9141022,-7.1900578,0 107.9141222,-7.1900622,0 107.9141451,-7.1900676,0 107.9141880,-7.1900774,0 107.9142309,-7.1900805,0 107.9142738,-7.1900787,0 107.9143168,-7.1900754,0 107.9143597,-7.1900743,0 107.9144026,-7.1900751,0 107.9144455,-7.1900762,0 107.9144884,-7.1900760,0 107.9145313,-7.1900727,0 107.9145743,-7.1900664,0 107.9146172,-7.1900622,0 107.9146601,-7.1900683,0 107.9147030,-7.1900948,0 107.9147126,-7.1901048,0 107.9147166,-7.1901474,0 107.9147030,-7.1901765,0 107.9146969,-7.1901899,0 107.9146868,-7.1902325,0 107.9147030,-7.1902687,0 107.9147137,-7.1902751,0 107.9147459,-7.1902816,0 107.9147888,-7.1902751,0 107.9147888,-7.1902751,0 107.9148317,-7.1902556,0 107.9148747,-7.1902402,0 107.9149176,-7.1902325,0 107.9149176,-7.1902325,0 107.9149605,-7.1902316,0 107.9149666,-7.1902325,0 107.9150034,-7.1902381,0 107.9150463,-7.1902547,0 107.9150791,-7.1902751,0 107.9150892,-7.1902826,0 107.9151269,-7.1903177,0 107.9151322,-7.1903237,0 107.9151632,-7.1903602,0 107.9151751,-7.1903781,0 107.9151934,-7.1904028,0 107.9152161,-7.1904454,0 107.9152180,-7.1904512,0 107.9152289,-7.1904880,0 107.9152284,-7.1905306,0 107.9152180,-7.1905585,0 107.9152116,-7.1905731,0 107.9151751,-7.1906123,0 107.9151721,-7.1906157,0 107.9151341,-7.1906583,0 107.9151322,-7.1906614,0 107.9151151,-7.1907009,0 107.9151077,-7.1907434,0 107.9151105,-7.1907860,0 107.9151238,-7.1908286,0 107.9151322,-7.1908447,0 107.9151518,-7.1908712,0 107.9151751,-7.1908989,0 107.9151900,-7.1909138,0 107.9152113,-7.1909563,0 107.9152101,-7.1909989,0 107.9151998,-7.1910415,0 107.9151980,-7.1910841,0 107.9152180,-7.1911076,0 107.9152609,-7.1911156,0 107.9153038,-7.1911084,0 107.9153467,-7.1911011,0 107.9153896,-7.1911000,0 107.9154326,-7.1911042,0 107.9154755,-7.1911085,0 107.9155184,-7.1911066,0 107.9155613,-7.1910918,0 107.9155715,-7.1910841,0 107.9156042,-7.1910582,0 107.9156206,-7.1910415,0 107.9156471,-7.1910162,0 107.9156641,-7.1909989,0 107.9156901,-7.1909703,0 107.9157012,-7.1909563,0 107.9157219,-7.1909138,0 107.9157295,-7.1908712,0 107.9157280,-7.1908286,0 107.9157219,-7.1907860,0 107.9157146,-7.1907434,0 107.9157095,-7.1907009,0 107.9157078,-7.1906583,0 107.9157112,-7.1906157,0 107.9157217,-7.1905731,0 107.9157330,-7.1905473,0 107.9157407,-7.1905306,0 107.9157752,-7.1904880,0 107.9157759,-7.1904875,0 107.9158188,-7.1904578,0 107.9158374,-7.1904454,0 107.9158617,-7.1904337,0 107.9159046,-7.1904085,0 107.9159126,-7.1904028,0 107.9159475,-7.1903835,0 107.9159895,-7.1903602,0 107.9159905,-7.1903598,0 107.9160334,-7.1903452,0 107.9160763,-7.1903377,0 107.9161192,-7.1903391,0 107.9161621,-7.1903502,0 107.9161830,-7.1903602,0 107.9162050,-7.1903794,0 107.9162258,-7.1904028,0 107.9162452,-7.1904454,0 107.9162479,-7.1904596,0 107.9162539,-7.1904880,0 107.9162525,-7.1905306,0 107.9162479,-7.1905472,0 107.9162404,-7.1905731,0 107.9162155,-7.1906157,0 107.9162050,-7.1906281,0 107.9161764,-7.1906583,0 107.9161621,-7.1906710,0 107.9161261,-7.1907009,0 107.9161192,-7.1907063,0 107.9160763,-7.1907429,0 107.9160757,-7.1907434,0 107.9160401,-7.1907860,0 107.9160334,-7.1907961,0 107.9160170,-7.1908286,0 107.9160015,-7.1908712,0 107.9159905,-7.1909115,0 107.9159899,-7.1909138,0 107.9159794,-7.1909563,0 107.9159712,-7.1909989,0 107.9159684,-7.1910415,0 107.9159749,-7.1910841,0 107.9159905,-7.1911148,0 107.9159968,-7.1911266,0 107.9160334,-7.1911675,0 107.9160353,-7.1911692,0 107.9160763,-7.1912012,0 107.9160936,-7.1912118,0 107.9161192,-7.1912265,0 107.9161621,-7.1912450,0 107.9161880,-7.1912544,0 107.9162050,-7.1912605,0 107.9162479,-7.1912757,0 107.9162909,-7.1912953,0 107.9162936,-7.1912970,0 107.9163338,-7.1913263,0 107.9163473,-7.1913395,0 107.9163767,-7.1913794,0 107.9163787,-7.1913821,0 107.9164013,-7.1914247,0 107.9164130,-7.1914673,0 107.9164160,-7.1915098,0</coordinates></LineString></Placemark>
<Placemark><name>698 m</name><styleUrl>#k</styleUrl><LineString><tessellate>1</tessellate><coordinates>107.9126431,-7.1781402,0 107.9126860,-7.1781402,0 107.9127289,-7.1781402,0 107.9127718,-7.1781402,0 107.9128147,-7.1781402,0 107.9128576,-7.1781402,0 107.9129006,-7.1781402,0 107.9129435,-7.1781402,0 107.9129864,-7.1781402,0 107.9130293,-7.1781402,0 107.9130722,-7.1781402,0 107.9131151,-7.1781402,0 107.9131580,-7.1781402,0 107.9132010,-7.1781402,0 107.9132439,-7.1781402,0 107.9132868,-7.1781402,0 107.9133297,-7.1781402,0 107.9133726,-7.1781402,0 107.9134155,-7.1781402,0 107.9134585,-7.1781402,0 107.9135014,-7.1781402,0 107.9135443,-7.1781402,0 107.9135872,-7.1781402,0 107.9136301,-7.1781402,0 107.9136730,-7.1781402,0 107.9137159,-7.1781402,0 107.9137589,-7.1781402,0 107.9138018,-7.1781402,0 107.9138447,-7.1781402,0 107.9138876,-7.1781402,0 107.9139305,-7.1781402,0 107.9139734,-7.1781402,0 107.9140164,-7.1781660,0 107.9140291,-7.1781828,0 107.9140593,-7.1782128,0 107.9140720,-7.1782254,0 107.9141022,-7.1782553,0 107.9141149,-7.1782680,0 107.9141451,-7.1782979,0 107.9141582,-7.1783106,0 107.9141686,-7.1783531,0 107.9141686,-7.1783957,0 107.9141686,-7.1784383,0 107.9141686,-7.1784809,0 107.9141686,-7.1785235,0 107.9141686,-7.1785660,0 107.9141686,-7.1786086,0 107.9141686,-7.1786512,0 107.9141451,-7.1786836,0 107.9141377,-7.1786938,0 107.9141022,-7.1787290,0 107.9140948,-7.1787363,0 107.9140593,-7.1787716,0 107.9140519,-7.1787789,0 107.9140164,-7.1788142,0 107.9140001,-7.1788215,0 107.9139734,-7.1788350,0 107.9139305,-7.1788382,0 107.9138876,-7.1788434,0 107.9138447,-7.1788548,0 107.9138018,-7.1788641,0 107.9137589,-7.1788641,0 107.9137159,-7.1788641,0 107.9136730,-7.1788641,0 107.9136730,-7.1788641,0 107.9136730,-7.1789067,0 107.9136730,-7.1789492,0 107.9136730,-7.1789918,0 107.9136301,-7.1790344,0 107.9135872,-7.1790344,0 107.9135443,-7.1790344,0 107.9135014,-7.1790344,0 107.9134585,-7.1790249,0 107.9134155,-7.1790176,0 107.9133726,-7.1790142,0 107.9133297,-7.1790123,0 107.9132868,-7.1790276,0 107.9132781,-7.1790344,0 107.9132439,-7.1790683,0 107.9132352,-7.1790770,0 107.9132010,-7.1791109,0 107.9131922,-7.1791196,0 107.9131580,-7.1791535,0 107.9131493,-7.1791621,0 107.9131151,-7.1791961,0 107.9131064,-7.1792047,0 107.9130722,-7.1792386,0 107.9130635,-7.1792473,0 107.9130293,-7.1792812,0 107.9130206,-7.1792899,0 107.9129864,-7.1793238,0 107.9129777,-7.1793325,0 107.9129435,-7.1793664,0 107.9129348,-7.1793750,0 107.9129006,-7.1794090,0 107.9128918,-7.1794176,0 107.9128576,-7.1794515,0 107.9128489,-7.1794602,0 107.9128147,-7.1794941,0 107.9127983,-7.1795028,0 107.9127718,-7.1795453,0 107.9127289,-7.1795453,0 107.9126860,-7.1795453,0 107.9126431,-7.1795453,0 107.9126130,-7.1795028,0 107.9126001,-7.1794968,0 107.9125633,-7.1794602,0 107.9125572,-7.1794542,0 107.9125203,-7.1794176,0 107.9125143,-7.1794116,0 107.9124774,-7.1793750,0 107.9124714,-7.1793705,0 107.9124285,-7.1793371,0 107.9124229,-7.1793325,0 107.9123856,-7.1793079,0 107.9123631,-7.1792899,0 107.9123427,-7.1792705,0 107.9123221,-7.1792473,0 107.9122997,-7.1792165,0 107.9122926,-7.1792047,0 107.9122757,-7.1791621,0 107.9122743,-7.1791196,0 107.9122727,-7.1790770,0 107.9122709,-7.1790344,0 107.9122697,-7.1789918,0 107.9122710,-7.1789492,0 107.9122726,-7.1789067,0 107.9122746,-7.1788641,0 107.9122755,-7.1788215,0 107.9122719,-7.1787789,0 107.9122678,-7.1787363,0 107.9122622,-7.1786938,0 107.9122568,-7.1786512,0 107.9122568,-7.1786086,0 107.9122568,-7.1785660,0 107.9122568,-7.1785235,0 107.9122997,-7.1784809,0 107.9123427,-7.1784809,0 107.9123856,-7.1784809,0 107.9124285,-7.1784809,0 107.9124285,-7.1784809,0 107.9124285,-7.1784383,0 107.9124285,-7.1783957,0 107.9124285,-7.1783531,0 107.9124714,-7.1783106,0 107.9125143,-7.1783106,0 107.9125572,-7.1783106,0 107.9126001,-7.1783106,0 107.9126001,-7.1783106,0 107.9126001,-7.1782680,0 107.9126001,-7.1782254,0 107.9126001,-7.1781828,0 107.9126431,-7.1781402,0</coordinates></LineString></Placemark>
<Placemark><name>698 m</name><styleUrl>#k</styleUrl><LineString><tessellate>1</tessellate><coordinates>107.9158188,-7.1787705,0 107.9158617,-7.1787560,0 107.9159046,-7.1787524,0 107.9159475,-7.1787657,0 107.9159797,-7.1787789,0 107.9159905,-7.1787841,0 107.9160334,-7.1788100,0 107.9160560,-7.1788215,0 107.9160726,-7.1788641,0 107.9160687,-7.1789067,0 107.9160650,-7.1789492,0 107.9160624,-7.1789918,0 107.9160334,-7.1790316,0 107.9160314,-7.1790344,0 107.9159905,-7.1790750,0 107.9159884,-7.1790770,0 107.9159475,-7.1791176,0 107.9159455,-7.1791196,0 107.9159046,-7.1791601,0 107.9159025,-7.1791621,0 107.9158892,-7.1792047,0 107.9158892,-7.1792473,0 107.9158892,-7.1792899,0 107.9158892,-7.1793325,0 107.9158860,-7.1793750,0 107.9158801,-7.1794176,0 107.9158733,-7.1794602,0 107.9158645,-7.1795028,0 107.9158617,-7.1795060,0 107.9158188,-7.1795140,0 107.9157759,-7.1795233,0 107.9157330,-7.1795379,0 107.9157292,-7.1795453,0 107.9157246,-7.1795879,0 107.9157215,-7.1796305,0 107.9157184,-7.1796731,0 107.9157175,-7.1797157,0 107.9157175,-7.1797582,0 107.9157175,-7.1798008,0 107.9157175,-7.1798434,0 107.9157194,-7.1798860,0 107.9157220,-7.1799286,0 107.9157260,-7.1799711,0 107.9157310,-7.1800137,0 107.9157330,-7.1800157,0 107.9157759,-7.1800207,0 107.9158188,-7.1800240,0 107.9158617,-7.1800272,0 107.9159046,-7.1800290,0 107.9159475,-7.1800290,0 107.9159905,-7.1800290,0 107.9160334,-7.1800290,0 107.9160763,-7.1800298,0 107.9161192,-7.1800317,0 107.9161621,-7.1800336,0 107.9162050,-7.1800350,0 107.9162479,-7.1800463,0 107.9162614,-7.1800563,0 107.9162909,-7.1800856,0 107.9163043,-7.1800989,0 107.9163338,-7.1801281,0 107.9163472,-7.1801414,0 107.9163767,-7.1801707,0 107.9163905,-7.1801840,0 107.9164055,-7.1802266,0 107.9164055,-7.1802692,0 107.9164055,-7.1803118,0 107.9164055,-7.1803543,0 107.9163788,-7.1803969,0 107.9163767,-7.1803989,0 107.9163358,-7.1804395,0 107.9163338,-7.1804415,0 107.9162929,-7.1804821,0 107.9162909,-7.1804841,0 107.9162500,-7.1805247,0 107.9162479,-7.1805300,0 107.9162321,-7.1805672,0 107.9162284,-7.1806098,0 107.9162229,-7.1806524,0 107.9162119,-7.1806950,0 107.9162050,-7.1806989,0 107.9161621,-7.1807037,0 107.9161192,-7.1807079,0 107.9160763,-7.1807108,0 107.9160334,-7.1807116,0 107.9159905,-7.1807116,0 107.9159475,-7.1807116,0 107.9159046,-7.1807116,0 107.9158617,-7.1807102,0 107.9158188,-7.1807083,0 107.9157759,-7.1807069,0 107.9157330,-7.1807057,0 107.9157068,-7.1806950,0 107.9156901,-7.1806843,0 107.9156579,-7.1806524,0 107.9156471,-7.1806418,0 107.9156149,-7.1806098,0 107.9156042,-7.1805992,0 107.9155720,-7.1805672,0 107.9155613,-7.1805562,0 107.9155309,-7.1805247,0 107.9155184,-7.1805094,0 107.9155012,-7.1804821,0 107.9154810,-7.1804395,0 107.9154755,-7.1804245,0 107.9154667,-7.1803969,0 107.9154551,-7.1803543,0 107.9154415,-7.1803118,0 107.9154326,-7.1802895,0 107.9154230,-7.1802692,0 107.9153966,-7.1802266,0 107.9153896,-7.1802176,0 107.9153580,-7.1801840,0 107.9153467,-7.1801734,0 107.9153145,-7.1801414,0 107.9153038,-7.1801308,0 107.9152716,-7.1800989,0 107.9152609,-7.1800882,0 107.9152287,-7.1800563,0 107.9152180,-7.1800456,0 107.9151858,-7.1800137,0 107.9151751,-7.1800031,0 107.9151429,-7.1799711,0 107.9151322,-7.1799605,0 107.9151000,-7.1799286,0 107.9150892,-7.1799179,0 107.9150570,-7.1798860,0 107.9150463,-7.1798753,0 107.9150034,-7.1798580,0 107.9149605,-7.1798580,0 107.9149176,-7.1798580,0 107.9148747,-7.1798580,0 107.9148317,-7.1798567,0 107.9147888,-7.1798535,0 107.9147459,-7.1798502,0 107.9147030,-7.1798453,0 107.9146601,-7.1798434,0 107.9146601,-7.1798008,0 107.9146601,-7.1797582,0 107.9146601,-7.1797157,0 107.9146644,-7.1796731,0 107.9146733,-7.1796305,0 107.9146794,-7.1795879,0 107.9146830,-7.1795453,0 107.9146988,-7.1795028,0 107.9147030,-7.1794988,0 107.9147419,-7.1794602,0 107.9147459,-7.1794562,0 107.9147848,-7.1794176,0 107.9147888,-7.1794136,0 107.9148277,-7.1793750,0 107.9148317,-7.1793708,0 107.9148704,-7.1793325,0 107.9148747,-7.1793285,0 107.9149136,-7.1792899,0 107.9149176,-7.1792859,0 107.9149565,-7.1792473,0 107.9149605,-7.1792433,0 107.9149994,-7.1792047,0 107.9150034,-7.1791989,0 107.9150463,-7.1791621,0 107.9150892,-7.1791621,0 107.9151322,-7.1791621,0 107.9151751,-7.1791621,0 107.9152180,-7.1791621,0 107.9152609,-7.1791621,0 107.9153038,-7.1791621,0 107.9153467,-7.1791621,0 107.9153467,-7.1791621,0 107.9153467,-7.1791196,0 107.9153467,-7.1790770,0 107.9153467,-7.1790344,0 107.9153896,-7.1789918,0 107.9154326,-7.1789918,0 107.9154755,-7.1789918,0 107.9155184,-7.1789918,0 107.9155184,-7.1789918,0 107.9155184,-7.1789492,0 107.9155184,-7.1789067,0 107.9155184,-7.1788641,0 107.9155613,-7.1788563,0 107.9156042,-7.1788440,0 107.9156471,-7.1788385,0 107.9156901,-7.1788352,0 107.9157268,-7.1788215,0 107.9157330,-7.1788197,0 107.9157759,-7.1787904,0 107.9157988,-7.1787789,0 107.9158188,-7.1787705,0</coordinates></LineString></Placemark>
<Placemark><name>698 m</name><styleUrl>#k</styleUrl><LineString><tessellate>1</tessellate><coordinates>107.9138018,-7.1795391,0 107.9138447,-7.1795153,0 107.9138876,-7.1795127,0 107.9139305,-7.1795094,0 107.9139734,-7.1795055,0 107.9140164,-7.1795028,0 107.9140593,-7.1795028,0 107.9141022,-7.1795028,0 107.9141451,-7.1795028,0 107.9141880,-7.1795315,0 107.9141976,-7.1795453,0 107.9142309,-7.1795785,0 107.9142405,-7.1795879,0 107.9142738,-7.1796210,0 107.9142834,-7.1796305,0 107.9143168,-7.1796636,0 107.9143339,-7.1796731,0 107.9143597,-7.1796882,0 107.9144026,-7.1796917,0 107.9144455,-7.1796966,0 107.9144884,-7.1797062,0 107.9145313,-7.1797157,0 107.9145313,-7.1797582,0 107.9145313,-7.1798008,0 107.9145313,-7.1798434,0 107.9145313,-7.1798434,0 107.9145743,-7.1798434,0 107.9145988,-7.1798860,0 107.9145990,-7.1799286,0 107.9145990,-7.1799711,0 107.9145990,-7.1800137,0 107.9145989,-7.1800563,0 107.9145989,-7.1800989,0 107.9145989,-7.1801414,0 107.9145989,-7.1801840,0 107.9145989,-7.1802266,0 107.9145989,-7.1802692,0 107.9145989,-7.1803118,0 107.9145989,-7.1803543,0 107.9145989,-7.1803969,0 107.9145991,-7.1804395,0 107.9145986,-7.1804821,0 107.9145993,-7.1805247,0 107.9146172,-7.1805320,0 107.9146601,-7.1805389,0 107.9147030,-7.1805409,0 107.9147459,-7.1805409,0 107.9147888,-7.1805409,0 107.9148317,-7.1805409,0 107.9148747,-7.1805420,0 107.9149176,-7.1805451,0 107.9149605,-7.1805502,0 107.9150034,-7.1805587,0 107.9150126,-7.1805672,0 107.9150249,-7.1806098,0 107.9150350,-7.1806524,0 107.9150439,-7.1806950,0 107.9150422,-7.1807376,0 107.9150374,-7.1807801,0 107.9150331,-7.1808227,0 107.9150301,-7.1808653,0 107.9150034,-7.1809021,0 107.9149987,-7.1809079,0 107.9149605,-7.1809310,0 107.9149176,-7.1809496,0 107.9149153,-7.1809504,0 107.9148747,-7.1809631,0 107.9148317,-7.1809677,0 107.9147888,-7.1809677,0 107.9147459,-7.1809677,0 107.9147030,-7.1809677,0 107.9146601,-7.1809532,0 107.9146561,-7.1809504,0 107.9146172,-7.1809123,0 107.9146140,-7.1809079,0 107.9145945,-7.1808653,0 107.9145807,-7.1808227,0 107.9145743,-7.1808061,0 107.9145622,-7.1807801,0 107.9145355,-7.1807376,0 107.9145313,-7.1807282,0 107.9145128,-7.1806950,0 107.9145129,-7.1806524,0 107.9145132,-7.1806098,0 107.9145142,-7.1805672,0 107.9144884,-7.1805587,0 107.9144455,-7.1805509,0 107.9144026,-7.1805455,0 107.9143597,-7.1805420,0 107.9143275,-7.1805247,0 107.9143168,-7.1805200,0 107.9142738,-7.1804931,0 107.9142503,-7.1804821,0 107.9142309,-7.1804744,0 107.9141880,-7.1804606,0 107.9141451,-7.1804438,0 107.9141364,-7.1804395,0 107.9141022,-7.1804225,0 107.9140593,-7.1804012,0 107.9140506,-7.1803969,0 107.9140164,-7.1803795,0 107.9139734,-7.1803697,0 107.9139305,-7.1803686,0 107.9138876,-7.1803677,0 107.9138447,-7.1803669,0 107.9138018,-7.1803661,0 107.9137589,-7.1803659,0 107.9137159,-7.1803653,0 107.9136730,-7.1803646,0 107.9136301,-7.1803647,0 107.9135872,-7.1803658,0 107.9135443,-7.1803673,0 107.9135014,-7.1803692,0 107.9134585,-7.1803703,0 107.9134155,-7.1803703,0 107.9133726,-7.1803703,0 107.9133297,-7.1803703,0 107.9133260,-7.1803543,0 107.9133187,-7.1803118,0 107.9133137,-7.1802692,0 107.9133101,-7.1802266,0 107.9133082,-7.1801840,0 107.9133082,-7.1801414,0 107.9133082,-7.1800989,0 107.9133082,-7.1800563,0 107.9133234,-7.1800137,0 107.9133297,-7.1800077,0 107.9133666,-7.1799711,0 107.9133726,-7.1799651,0 107.9134095,-7.1799286,0 107.9134155,-7.1799226,0 107.9134524,-7.1798860,0 107.9134585,-7.1798797,0 107.9134950,-7.1798434,0 107.9135014,-7.1798374,0 107.9135382,-7.1798008,0 107.9135443,-7.1797948,0 107.9135812,-7.1797582,0 107.9135872,-7.1797523,0 107.9136241,-7.1797157,0 107.9136301,-7.1797094,0 107.9136667,-7.1796731,0 107.9136730,-7.1796671,0 107.9137099,-7.1796305,0 107.9137159,-7.1796245,0 107.9137528,-7.1795879,0 107.9137589,-7.1795819,0 107.9137957,-7.1795453,0 107.9138018,-7.1795391,0</coordinates></LineString></Placemark>
<Placemark><name>698 m</name><styleUrl>#k</styleUrl><LineString><tessellate>1</tessellate><coordinates>107.9095532,-7.1802266,0 107.9095532,-7.1802266,0 107.9095532,-7.1802692,0 107.9095532,-7.1803118,0 107.9095532,-7.1803543,0 107.9095532,-7.1803543,0 107.9095961,-7.1803543,0 107.9096390,-7.1803543,0 107.9096819,-7.1803543,0 107.9096819,-7.1803543,0 107.9096819,-7.1803118,0 107.9096819,-7.1802692,0 107.9096819,-7.1802266,0 107.9096819,-7.1802266,0 107.9096390,-7.1802266,0 107.9095961,-7.1802266,0 107.9095532,-7.1802266,0</coordinates></LineString></Placemark>
<Placemark><name>698 m</name><styleUrl>#k</styleUrl><LineString><tessellate>1</tessellate><coordinates>107.9097248,-7.1803969,0 107.9097248,-7.1803969,0 107.9097248,-7.1804395,0 107.9097248,-7.1804821,0 107.9097248,-7.1805247,0 107.9097248,-7.1805247,0 107.9097677,-7.1805247,0 107.9098106,-7.1805247,0 107.9098536,-7.1805247,0 107.9098536,-7.1805247,0 107.9098536,-7.1804821,0 107.9098536,-7.1804395,0 107.9098536,-7.1803969,0 107.9098536,-7.1803969,0 107.9098106,-7.1803969,0 107.9097677,-7.1803969,0 107.9097248,-7.1803969,0</coordinates></LineString></Placemark>
<Placemark><name>698 m</name><styleUrl>#k</styleUrl><LineString><tessellate>1</tessellate><coordinates>107.9128147,-7.1805599,0 107.9128576,-7.1805509,0 107.9129006,-7.1805455,0 107.9129435,-7.1805420,0 107.9129864,-7.1805409,0 107.9130293,-7.1805409,0 107.9130722,-7.1805409,0 107.9131151,-7.1805409,0 107.9131580,-7.1805409,0 107.9132010,-7.1805406,0 107.9132439,-7.1805406,0 107.9132868,-7.1805406,0 107.9132926,-7.1805672,0 107.9132992,-7.1806098,0 107.9133038,-7.1806524,0 107.9133072,-7.1806950,0 107.9133082,-7.1807376,0 107.9133082,-7.1807801,0 107.9133082,-7.1808227,0 107.9133082,-7.1808653,0 107.9133082,-7.1809079,0 107.9133082,-7.1809504,0 107.9133082,-7.1809930,0 107.9133082,-7.1810356,0 107.9133064,-7.1810782,0 107.9133028,-7.1811208,0 107.9132978,-7.1811633,0 107.9132905,-7.1812059,0 107.9132868,-7.1812485,0 107.9132439,-7.1812485,0 107.9132010,-7.1812485,0 107.9131580,-7.1812485,0 107.9131151,-7.1812485,0 107.9130722,-7.1812485,0 107.9130293,-7.1812485,0 107.9129864,-7.1812485,0 107.9129826,-7.1812059,0 107.9129744,-7.1811633,0 107.9129696,-7.1811208,0 107.9129660,-7.1810782,0 107.9129470,-7.1810356,0 107.9129435,-7.1810323,0 107.9129039,-7.1809930,0 107.9129006,-7.1809897,0 107.9128610,-7.1809504,0 107.9128576,-7.1809471,0 107.9128181,-7.1809079,0 107.9128147,-7.1809023,0 107.9127718,-7.1808653,0 107.9127718,-7.1808227,0 107.9127718,-7.1807801,0 107.9127718,-7.1807376,0 107.9127718,-7.1806950,0 107.9127718,-7.1806524,0 107.9127718,-7.1806098,0 107.9127718,-7.1805672,0 107.9128147,-7.1805599,0</coordinates></LineString></Placemark>
<Placemark><name>698 m</name><styleUrl>#k</styleUrl><LineString><tessellate>1</tessellate><coordinates>107.9104115,-7.1810782,0 107.9104115,-7.1810782,0 107.9104115,-7.1811208,0 107.9104115,-7.1811633,0 107.9104115,-7.1812059,0 107.9103685,-7.1812081,0 107.9103256,-7.1812142,0 107.9102827,-7.1812188,0 107.9102398,-7.1812218,0 107.9101969,-7.1812239,0 107.9101540,-7.1812239,0 107.9101111,-7.1812239,0 107.9100681,-7.1812239,0 107.9100252,-7.1812379,0 107.9100145,-7.1812485,0 107.9099823,-7.1812804,0 107.9099716,-7.1812911,0 107.9099394,-7.1813230,0 107.9099287,-7.1813337,0 107.9098965,-7.1813656,0 107.9098852,-7.1813762,0 107.9098536,-7.1814093,0 107.9098459,-7.1814188,0 107.9098188,-7.1814614,0 107.9098106,-7.1814782,0 107.9098000,-7.1815040,0 107.9097862,-7.1815465,0 107.9097746,-7.1815891,0 107.9097677,-7.1816110,0 107.9097602,-7.1816317,0 107.9097406,-7.1816743,0 107.9097248,-7.1817000,0 107.9097114,-7.1817169,0 107.9096952,-7.1817594,0 107.9096951,-7.1818020,0 107.9096950,-7.1818446,0 107.9096942,-7.1818872,0 107.9096819,-7.1819298,0 107.9096390,-7.1819298,0 107.9095961,-7.1819298,0 107.9095532,-7.1819298,0 107.9095532,-7.1819298,0 107.9095532,-7.1819723,0 107.9095532,-7.1820149,0 107.9095532,-7.1820575,0 107.9095102,-7.1821001,0 107.9094673,-7.1821001,0 107.9094244,-7.1821001,0 107.9093815,-7.1821001,0 107.9093815,-7.1821001,0 107.9093815,-7.1821426,0 107.9093815,-7.1821852,0 107.9093815,-7.1822278,0 107.9093386,-7.1822704,0 107.9092957,-7.1822704,0 107.9092527,-7.1822704,0 107.9092098,-7.1822704,0 107.9091669,-7.1822704,0 107.9091240,-7.1822704,0 107.9090811,-7.1822704,0 107.9090382,-7.1822704,0 107.9089953,-7.1822704,0 107.9089523,-7.1822704,0 107.9089094,-7.1822704,0 107.9088665,-7.1822704,0 107.9088665,-7.1822704,0 107.9088665,-7.1823130,0 107.9088665,-7.1823555,0 107.9088665,-7.1823981,0 107.9088236,-7.1824407,0 107.9087807,-7.1824407,0 107.9087378,-7.1824407,0 107.9086948,-7.1824407,0 107.9086948,-7.1824407,0 107.9086948,-7.1824833,0 107.9086948,-7.1825259,0 107.9086948,-7.1825684,0 107.9086948,-7.1825684,0 107.9087378,-7.1825684,0 107.9087807,-7.1825684,0 107.9088236,-7.1825684,0 107.9088665,-7.1825684,0 107.9089094,-7.1825684,0 107.9089523,-7.1825684,0 107.9089953,-7.1825684,0 107.9090382,-7.1825684,0 107.9090811,-7.1825684,0 107.9091240,-7.1825684,0 107.9091669,-7.1825684,0 107.9092098,-7.1825684,0 107.9092527,-7.1825684,0 107.9092957,-7.1825684,0 107.9093386,-7.1825684,0 107.9093815,-7.1825684,0 107.9094244,-7.1825684,0 107.9094673,-7.1825684,0 107.9095102,-7.1825684,0 107.9095408,-7.1826110,0 107.9095532,-7.1826197,0 107.9095874,-7.1826536,0 107.9095961,-7.1826622,0 107.9096303,-7.1826962,0 107.9096390,-7.1827048,0 107.9096732,-7.1827387,0 107.9096819,-7.1827477,0 107.9097248,-7.1827600,0 107.9097677,-7.1827600,0 107.9098106,-7.1827600,0 107.9098536,-7.1827600,0 107.9098897,-7.1827387,0 107.9098965,-7.1827353,0 107.9099394,-7.1827097,0 107.9099705,-7.1826962,0 107.9099823,-7.1826918,0 107.9100252,-7.1826785,0 107.9100681,-7.1826576,0 107.9100735,-7.1826536,0 107.9101111,-7.1826139,0 107.9101130,-7.1826110,0 107.9101252,-7.1825684,0 107.9101252,-7.1825259,0 107.9101252,-7.1824833,0 107.9101252,-7.1824407,0 107.9101148,-7.1823981,0 107.9101111,-7.1823908,0 107.9100933,-7.1823555,0 107.9100719,-7.1823130,0 107.9100681,-7.1823056,0 107.9100417,-7.1822704,0 107.9100252,-7.1822278,0 107.9100252,-7.1821852,0 107.9100252,-7.1821426,0 107.9100252,-7.1821001,0 107.9100252,-7.1820575,0 107.9100252,-7.1820149,0 107.9100252,-7.1819723,0 107.9100252,-7.1819298,0 107.9100542,-7.1818872,0 107.9100681,-7.1818779,0 107.9101017,-7.1818446,0 107.9101111,-7.1818353,0 107.9101446,-7.1818020,0 107.9101540,-7.1817927,0 107.9101875,-7.1817594,0 107.9101969,-7.1817498,0 107.9102301,-7.1817169,0 107.9102398,-7.1817075,0 107.9102733,-7.1816743,0 107.9102827,-7.1816650,0 107.9103162,-7.1816317,0 107.9103256,-7.1816224,0 107.9103592,-7.1815891,0 107.9103685,-7.1815795,0 107.9104115,-7.1815631,0 107.9104544,-7.1815596,0 107.9104973,-7.1815551,0 107.9105402,-7.1815488,0 107.9105422,-7.1815465,0 107.9105472,-7.1815040,0 107.9105511,-7.1814614,0 107.9105538,-7.1814188,0 107.9105543,-7.1813762,0 107.9105517,-7.1813337,0 107.9105479,-7.1812911,0 107.9105431,-7.1812485,0 107.9105402,-7.1812059,0 107.9105402,-7.1811633,0 107.9105402,-7.1811208,0 107.9105402,-7.1810782,0 107.9105402,-7.1810782,0 107.9104973,-7.1810782,0 107.9104544,-7.1810782,0 107.9104115,-7.1810782,0</coordinates></LineString></Placemark>
<Placemark><name>698 m</name><styleUrl>#k</styleUrl><LineString><tessellate>1</tessellate><coordinates>107.9135014,-7.1814133,0 107.9135443,-7.1814043,0 107.9135872,-7.1813992,0 107.9136301,-7.1813957,0 107.9136730,-7.1813945,0 107.9137159,-7.1813945,0 107.9137589,-7.1813945,0 107.9138018,-7.1813945,0 107.9138447,-7.1813957,0 107.9138876,-7.1813992,0 107.9139305,-7.1814043,0 107.9139734,-7.1814122,0 107.9139797,-7.1814188,0 107.9139874,-7.1814614,0 107.9139919,-7.1815040,0 107.9139956,-7.1815465,0 107.9139734,-7.1815878,0 107.9139728,-7.1815891,0 107.9139305,-7.1816310,0 107.9139299,-7.1816317,0 107.9138876,-7.1816736,0 107.9138869,-7.1816743,0 107.9138447,-7.1817162,0 107.9138440,-7.1817169,0 107.9138244,-7.1817594,0 107.9138249,-7.1818020,0 107.9138242,-7.1818446,0 107.9138263,-7.1818872,0 107.9138018,-7.1819298,0 107.9137589,-7.1819298,0 107.9137159,-7.1819298,0 107.9136730,-7.1819298,0 107.9136301,-7.1819298,0 107.9135872,-7.1819298,0 107.9135443,-7.1819298,0 107.9135014,-7.1819298,0 107.9134585,-7.1818872,0 107.9134585,-7.1818446,0 107.9134585,-7.1818020,0 107.9134585,-7.1817594,0 107.9134585,-7.1817169,0 107.9134585,-7.1816743,0 107.9134585,-7.1816317,0 107.9134585,-7.1815891,0 107.9134585,-7.1815465,0 107.9134585,-7.1815040,0 107.9134585,-7.1814614,0 107.9134585,-7.1814188,0 107.9135014,-7.1814133,0</coordinates></LineString></Placemark>
<Placemark><name>698 m</name><styleUrl>#k</styleUrl><LineString><tessellate>1</tessellate><coordinates>107.9147030,-7.1814133,0 107.9147459,-7.1814050,0 107.9147888,-7.1813997,0 107.9148317,-7.1813961,0 107.9148747,-7.1813945,0 107.9149176,-7.1813945,0 107.9149605,-7.1813945,0 107.9150034,-7.1813945,0 107.9150463,-7.1814111,0 107.9150537,-7.1814188,0 107.9150892,-7.1814541,0 107.9150966,-7.1814614,0 107.9151322,-7.1814967,0 107.9151395,-7.1815040,0 107.9151751,-7.1815392,0 107.9151828,-7.1815465,0 107.9152180,-7.1815814,0 107.9152254,-7.1815891,0 107.9152609,-7.1816244,0 107.9152683,-7.1816317,0 107.9153038,-7.1816670,0 107.9153112,-7.1816743,0 107.9153467,-7.1817095,0 107.9153545,-7.1817169,0 107.9153733,-7.1817594,0 107.9153731,-7.1818020,0 107.9153729,-7.1818446,0 107.9153713,-7.1818872,0 107.9153467,-7.1819298,0 107.9153038,-7.1819298,0 107.9152609,-7.1819298,0 107.9152180,-7.1819298,0 107.9151751,-7.1819298,0 107.9151322,-7.1819298,0 107.9150892,-7.1819298,0 107.9150463,-7.1819298,0 107.9150034,-7.1819298,0 107.9149605,-7.1819298,0 107.9149176,-7.1819298,0 107.9148747,-7.1819298,0 107.9148317,-7.1818872,0 107.9148317,-7.1818446,0 107.9148317,-7.1818020,0 107.9148317,-7.1817594,0 107.9148317,-7.1817594,0 107.9147888,-7.1817594,0 107.9147459,-7.1817594,0 107.9147030,-7.1817594,0 107.9146601,-7.1817169,0 107.9146601,-7.1816743,0 107.9146601,-7.1816317,0 107.9146601,-7.1815891,0 107.9146662,-7.1815465,0 107.9146787,-7.1815040,0 107.9146900,-7.1814614,0 107.9146982,-7.1814188,0 107.9147030,-7.1814133,0</coordinates></LineString></Placemark>
<Placemark><name>698 m</name><styleUrl>#k</styleUrl><LineString><tessellate>1</tessellate><coordinates>107.9070212,-7.1827376,0 107.9070164,-7.1827387,0 107.9069782,-7.1827550,0 107.9069555,-7.1827813,0 107.9069353,-7.1828190,0 107.9069329,-7.1828239,0 107.9069096,-7.1828665,0 107.9068924,-7.1828817,0 107.9068495,-7.1829013,0 107.9068336,-7.1829091,0 107.9068066,-7.1829255,0 107.9067814,-7.1829516,0 107.9067637,-7.1829777,0 107.9067541,-7.1829942,0 107.9067240,-7.1830368,0 107.9067207,-7.1830405,0 107.9066778,-7.1830702,0 107.9066603,-7.1830794,0 107.9066349,-7.1830964,0 107.9066110,-7.1831220,0 107.9065920,-7.1831543,0 107.9065872,-7.1831645,0 107.9065720,-7.1832071,0 107.9065491,-7.1832396,0 107.9065338,-7.1832497,0 107.9065062,-7.1832650,0 107.9064633,-7.1832746,0 107.9064203,-7.1832802,0 107.9063774,-7.1832842,0 107.9063345,-7.1832871,0 107.9062916,-7.1832838,0 107.9062487,-7.1832646,0 107.9062214,-7.1832497,0 107.9062058,-7.1832466,0 107.9061628,-7.1832460,0 107.9061463,-7.1832497,0 107.9061199,-7.1832652,0 107.9061041,-7.1832923,0 107.9061085,-7.1833348,0 107.9061199,-7.1833576,0 107.9061628,-7.1833713,0 107.9062058,-7.1833647,0 107.9062487,-7.1833508,0 107.9062916,-7.1833465,0 107.9063259,-7.1833774,0 107.9063345,-7.1834058,0 107.9063399,-7.1834200,0 107.9063345,-7.1834222,0 107.9062916,-7.1834342,0 107.9062487,-7.1834391,0 107.9062058,-7.1834429,0 107.9061628,-7.1834422,0 107.9061199,-7.1834380,0 107.9060770,-7.1834331,0 107.9060341,-7.1834325,0 107.9059912,-7.1834347,0 107.9059483,-7.1834404,0 107.9059054,-7.1834516,0 107.9058843,-7.1834626,0 107.9058624,-7.1834806,0 107.9058478,-7.1835052,0 107.9058377,-7.1835477,0 107.9058358,-7.1835903,0 107.9058370,-7.1836329,0 107.9058420,-7.1836755,0 107.9058562,-7.1837181,0 107.9058624,-7.1837277,0 107.9058974,-7.1837606,0 107.9059054,-7.1837658,0 107.9059483,-7.1837934,0 107.9059610,-7.1838032,0 107.9059912,-7.1838320,0 107.9060033,-7.1838458,0 107.9060341,-7.1838877,0 107.9060347,-7.1838884,0 107.9060706,-7.1839309,0 107.9060770,-7.1839375,0 107.9061199,-7.1839593,0 107.9061628,-7.1839635,0 107.9062058,-7.1839610,0 107.9062487,-7.1839567,0 107.9062916,-7.1839558,0 107.9063345,-7.1839620,0 107.9063774,-7.1839717,0 107.9064203,-7.1839713,0 107.9064633,-7.1839380,0 107.9064682,-7.1839309,0 107.9064804,-7.1838884,0 107.9064776,-7.1838458,0 107.9064633,-7.1838139,0 107.9064600,-7.1838032,0 107.9064518,-7.1837606,0 107.9064507,-7.1837181,0 107.9064530,-7.1836755,0 107.9064545,-7.1836329,0 107.9064541,-7.1835903,0 107.9064489,-7.1835477,0 107.9064409,-7.1835052,0 107.9064368,-7.1834626,0 107.9064633,-7.1834342,0 107.9064755,-7.1834200,0 107.9065062,-7.1833950,0 107.9065262,-7.1833774,0 107.9065491,-7.1833512,0 107.9065705,-7.1833348,0 107.9065920,-7.1833112,0 107.9066076,-7.1832923,0 107.9066349,-7.1832625,0 107.9066405,-7.1832497,0 107.9066758,-7.1832071,0 107.9066778,-7.1832053,0 107.9067128,-7.1831645,0 107.9067207,-7.1831553,0 107.9067594,-7.1831220,0 107.9067637,-7.1831179,0 107.9068066,-7.1830989,0 107.9068495,-7.1830836,0 107.9068543,-7.1830794,0 107.9068924,-7.1830368,0 107.9068924,-7.1830368,0 107.9069169,-7.1829942,0 107.9069353,-7.1829623,0 107.9069454,-7.1829516,0 107.9069782,-7.1829276,0 107.9070212,-7.1829222,0 107.9070641,-7.1829226,0 107.9071070,-7.1829304,0 107.9071499,-7.1829395,0 107.9071928,-7.1829304,0 107.9072071,-7.1829091,0 107.9072357,-7.1828984,0 107.9072786,-7.1829091,0 107.9072786,-7.1829091,0 107.9073216,-7.1829395,0 107.9073645,-7.1829475,0 107.9074074,-7.1829472,0 107.9074503,-7.1829403,0 107.9074932,-7.1829230,0 107.9075088,-7.1829091,0 107.9075264,-7.1828665,0 107.9075249,-7.1828239,0 107.9075057,-7.1827813,0 107.9074932,-7.1827685,0 107.9074503,-7.1827486,0 107.9074074,-7.1827449,0 107.9073645,-7.1827503,0 107.9073216,-7.1827616,0 107.9072786,-7.1827735,0 107.9072357,-7.1827790,0 107.9071928,-7.1827768,0 107.9071499,-7.1827682,0 107.9071070,-7.1827522,0 107.9070641,-7.1827387,0 107.9070641,-7.1827387,0 107.9070212,-7.1827376,0</coordinates></LineString></Placemark>
<Placemark><name>698 m</name><styleUrl>#k</styleUrl><LineString><tessellate>1</tessellate><coordinates>107.9071499,-7.1829800,0 107.9071466,-7.1829942,0 107.9071365,-7.1830368,0 107.9071301,-7.1830794,0 107.9071499,-7.1831078,0 107.9071598,-7.1831220,0 107.9071928,-7.1831390,0 107.9072307,-7.1831645,0 107.9072357,-7.1831681,0 107.9072786,-7.1832041,0 107.9072825,-7.1832071,0 107.9073037,-7.1832497,0 107.9073216,-7.1832884,0 107.9073233,-7.1832923,0 107.9073645,-7.1833314,0 107.9073690,-7.1833348,0 107.9074074,-7.1833561,0 107.9074503,-7.1833743,0 107.9074932,-7.1833736,0 107.9075028,-7.1833348,0 107.9074959,-7.1832923,0 107.9074932,-7.1832884,0 107.9074533,-7.1832497,0 107.9074503,-7.1832479,0 107.9074074,-7.1832305,0 107.9073645,-7.1832071,0 107.9073645,-7.1832071,0 107.9073249,-7.1831645,0 107.9073216,-7.1831503,0 107.9073124,-7.1831220,0 107.9073044,-7.1830794,0 107.9072979,-7.1830368,0 107.9072844,-7.1829942,0 107.9072786,-7.1829800,0 107.9072357,-7.1829594,0 107.9071928,-7.1829564,0 107.9071499,-7.1829800,0</coordinates></LineString></Placemark>
<Placemark><name>698 m</name><styleUrl>#k</styleUrl><LineString><tessellate>1</tessellate><coordinates>107.9065920,-7.1836329,0 107.9065920,-7.1836329,0 107.9065682,-7.1836755,0 107.9065634,-7.1837181,0 107.9065743,-7.1837606,0 107.9065920,-7.1837736,0 107.9066349,-7.1837783,0 107.9066778,-7.1837622,0 107.9066809,-7.1837606,0 107.9066843,-7.1837181,0 107.9066778,-7.1837039,0 107.9066643,-7.1836755,0 107.9066435,-7.1836329,0 107.9066349,-7.1836074,0 107.9065920,-7.1836329,0</coordinates></LineString></Placemark>
<Placemark><name>698 m</name><styleUrl>#k</styleUrl><LineString><tessellate>1</tessellate><coordinates>107.9061199,-7.1844637,0 107.9060954,-7.1844845,0 107.9060825,-7.1845270,0 107.9060910,-7.1845696,0 107.9061047,-7.1846122,0 107.9061158,-7.1846548,0 107.9061199,-7.1846888,0 107.9061628,-7.1846974,0 107.9061628,-7.1846974,0 107.9061628,-7.1846974,0 107.9061874,-7.1846548,0 107.9062058,-7.1846365,0 107.9062401,-7.1846122,0 107.9062487,-7.1846072,0 107.9062534,-7.1846122,0 107.9062773,-7.1846548,0 107.9062823,-7.1846974,0 107.9062804,-7.1847399,0 107.9062755,-7.1847825,0 107.9062761,-7.1848251,0 107.9062812,-7.1848677,0 107.9062840,-7.1849103,0 107.9062821,-7.1849528,0 107.9062725,-7.1849954,0 107.9062552,-7.1850380,0 107.9062487,-7.1850544,0 107.9062344,-7.1850806,0 107.9062306,-7.1851231,0 107.9062487,-7.1851373,0 107.9062916,-7.1851455,0 107.9063345,-7.1851402,0 107.9063774,-7.1851367,0 107.9064203,-7.1851401,0 107.9064633,-7.1851561,0 107.9064761,-7.1851657,0 107.9065062,-7.1851928,0 107.9065183,-7.1852083,0 107.9065440,-7.1852509,0 107.9065491,-7.1852596,0 107.9065744,-7.1852935,0 107.9065920,-7.1853087,0 107.9066349,-7.1853194,0 107.9066778,-7.1853084,0 107.9067069,-7.1852935,0 107.9067207,-7.1852860,0 107.9067637,-7.1852593,0 107.9067784,-7.1852509,0 107.9068066,-7.1852355,0 107.9068495,-7.1852146,0 107.9068631,-7.1852083,0 107.9068924,-7.1851932,0 107.9069353,-7.1851703,0 107.9069439,-7.1851657,0 107.9069782,-7.1851422,0 107.9070051,-7.1851231,0 107.9070212,-7.1851091,0 107.9070543,-7.1850806,0 107.9070641,-7.1850709,0 107.9070967,-7.1850380,0 107.9071070,-7.1850254,0 107.9071300,-7.1849954,0 107.9071499,-7.1849541,0 107.9071505,-7.1849528,0 107.9071583,-7.1849103,0 107.9071557,-7.1848677,0 107.9071499,-7.1848444,0 107.9071455,-7.1848251,0 107.9071345,-7.1847825,0 107.9071238,-7.1847399,0 107.9071070,-7.1846974,0 107.9071070,-7.1846974,0 107.9070641,-7.1846685,0 107.9070212,-7.1846581,0 107.9070143,-7.1846548,0 107.9069782,-7.1846429,0 107.9069353,-7.1846202,0 107.9069237,-7.1846122,0 107.9068924,-7.1845941,0 107.9068495,-7.1845707,0 107.9068469,-7.1845696,0 107.9068066,-7.1845550,0 107.9067637,-7.1845498,0 107.9067207,-7.1845515,0 107.9066778,-7.1845545,0 107.9066349,-7.1845540,0 107.9065920,-7.1845447,0 107.9065514,-7.1845270,0 107.9065491,-7.1845259,0 107.9065062,-7.1845001,0 107.9064791,-7.1844845,0 107.9064633,-7.1844733,0 107.9064203,-7.1844563,0 107.9063774,-7.1844525,0 107.9063345,-7.1844589,0 107.9062916,-7.1844696,0 107.9062487,-7.1844692,0 107.9062058,-7.1844598,0 107.9061628,-7.1844536,0 107.9061199,-7.1844637,0</coordinates></LineString></Placemark>
<Placemark><name>698 m</name><styleUrl>#k</styleUrl><LineString><tessellate>1</tessellate><coordinates>107.9057337,-7.1848183,0 107.9057190,-7.1848251,0 107.9056908,-7.1848391,0 107.9056530,-7.1848677,0 107.9056479,-7.1848733,0 107.9056229,-7.1849103,0 107.9056049,-7.1849472,0 107.9056021,-7.1849528,0 107.9055842,-7.1849954,0 107.9055697,-7.1850380,0 107.9055672,-7.1850806,0 107.9055785,-7.1851231,0 107.9055997,-7.1851657,0 107.9056049,-7.1851735,0 107.9056228,-7.1852083,0 107.9056427,-7.1852509,0 107.9056479,-7.1852617,0 107.9056605,-7.1852935,0 107.9056811,-7.1853360,0 107.9056908,-7.1853504,0 107.9057141,-7.1853786,0 107.9057337,-7.1853955,0 107.9057756,-7.1854212,0 107.9057766,-7.1854218,0 107.9058195,-7.1854434,0 107.9058599,-7.1854638,0 107.9058624,-7.1854654,0 107.9059054,-7.1854866,0 107.9059483,-7.1854896,0 107.9059807,-7.1854638,0 107.9059912,-7.1854555,0 107.9060205,-7.1854212,0 107.9060341,-7.1854064,0 107.9060600,-7.1853786,0 107.9060770,-7.1853586,0 107.9060973,-7.1853360,0 107.9061199,-7.1852945,0 107.9061206,-7.1852935,0 107.9061309,-7.1852509,0 107.9061303,-7.1852083,0 107.9061199,-7.1851821,0 107.9061151,-7.1851657,0 107.9061056,-7.1851231,0 107.9061028,-7.1850806,0 107.9061050,-7.1850380,0 107.9061084,-7.1849954,0 107.9061110,-7.1849528,0 107.9061133,-7.1849103,0 107.9061136,-7.1848677,0 107.9061121,-7.1848251,0 107.9060770,-7.1848011,0 107.9060341,-7.1848070,0 107.9059912,-7.1848091,0 107.9059483,-7.1848095,0 107.9059054,-7.1848072,0 107.9058624,-7.1848035,0 107.9058195,-7.1848010,0 107.9057766,-7.1848053,0 107.9057337,-7.1848183,0</coordinates></LineString></Placemark>
<Placemark><name>698 m</name><styleUrl>#k</styleUrl><LineString><tessellate>1</tessellate><coordinates>107.9134155,-7.1859685,0 107.9134585,-7.1859542,0 107.9135014,-7.1859490,0 107.9135443,-7.1859531,0 107.9135872,-7.1859566,0 107.9136301,-7.1859597,0 107.9136730,-7.1859692,0 107.9136856,-7.1859747,0 107.9137159,-7.1859943,0 107.9137454,-7.1860173,0 107.9137589,-7.1860439,0 107.9137669,-7.1860599,0 107.9137884,-7.1861024,0 107.9138018,-7.1861291,0 107.9138101,-7.1861450,0 107.9138178,-7.1861876,0 107.9138018,-7.1862148,0 107.9137912,-7.1862302,0 107.9137589,-7.1862689,0 107.9137551,-7.1862728,0 107.9137159,-7.1863067,0 107.9137039,-7.1863153,0 107.9136730,-7.1863319,0 107.9136301,-7.1863507,0 107.9136140,-7.1863579,0 107.9135872,-7.1863668,0 107.9135443,-7.1863811,0 107.9135014,-7.1863952,0 107.9134768,-7.1864005,0 107.9134585,-7.1864047,0 107.9134155,-7.1864104,0 107.9133726,-7.1864171,0 107.9133297,-7.1864255,0 107.9132868,-7.1864198,0 107.9132479,-7.1864005,0 107.9132439,-7.1863985,0 107.9132010,-7.1863772,0 107.9131621,-7.1863579,0 107.9131580,-7.1863546,0 107.9131151,-7.1863197,0 107.9131106,-7.1863153,0 107.9130849,-7.1862728,0 107.9130722,-7.1862440,0 107.9130670,-7.1862302,0 107.9130537,-7.1861876,0 107.9130722,-7.1861620,0 107.9130864,-7.1861450,0 107.9131151,-7.1861278,0 107.9131580,-7.1861124,0 107.9131906,-7.1861024,0 107.9132010,-7.1860986,0 107.9132439,-7.1860770,0 107.9132663,-7.1860599,0 107.9132868,-7.1860380,0 107.9133052,-7.1860173,0 107.9133297,-7.1860026,0 107.9133726,-7.1859846,0 107.9133965,-7.1859747,0 107.9134155,-7.1859685,0</coordinates></LineString></Placemark>
<Placemark><name>700 m</name><styleUrl>#k</styleUrl><LineString><tessellate>1</tessellate><coordinates>107.9081484,-7.1777145,0 107.9081415,-7.1777570,0 107.9081378,-7.1777996,0 107.9081369,-7.1778005,0 107.9080940,-7.1778051,0 107.9080511,-7.1778110,0 107.9080082,-7.1778228,0 107.9079903,-7.1778422,0 107.9079820,-7.1778848,0 107.9079775,-7.1779273,0 107.9079751,-7.1779699,0 107.9080069,-7.1780125,0 107.9080082,-7.1780138,0 107.9080498,-7.1780551,0 107.9080511,-7.1780564,0 107.9080927,-7.1780977,0 107.9080940,-7.1780990,0 107.9081356,-7.1781402,0 107.9081369,-7.1781410,0 107.9081799,-7.1781671,0 107.9082008,-7.1781828,0 107.9082228,-7.1781996,0 107.9082511,-7.1782254,0 107.9082657,-7.1782413,0 107.9082864,-7.1782680,0 107.9083086,-7.1783030,0 107.9083247,-7.1783106,0 107.9083515,-7.1783187,0 107.9083944,-7.1783210,0 107.9084374,-7.1783238,0 107.9084803,-7.1783272,0 107.9085232,-7.1783281,0 107.9085661,-7.1783281,0 107.9086090,-7.1783281,0 107.9086519,-7.1783281,0 107.9086940,-7.1783531,0 107.9086948,-7.1783538,0 107.9087371,-7.1783957,0 107.9087378,-7.1783964,0 107.9087800,-7.1784383,0 107.9087807,-7.1784390,0 107.9088229,-7.1784809,0 107.9088236,-7.1784816,0 107.9088665,-7.1784922,0 107.9089094,-7.1784922,0 107.9089523,-7.1784922,0 107.9089953,-7.1784922,0 107.9090382,-7.1784923,0 107.9090811,-7.1784924,0 107.9091240,-7.1784915,0 107.9091669,-7.1784915,0 107.9091701,-7.1785235,0 107.9091770,-7.1785660,0 107.9091860,-7.1786086,0 107.9092034,-7.1786512,0 107.9092098,-7.1786543,0 107.9092527,-7.1786612,0 107.9092957,-7.1786701,0 107.9093386,-7.1786874,0 107.9093413,-7.1786938,0 107.9093451,-7.1787363,0 107.9093476,-7.1787789,0 107.9093503,-7.1788215,0 107.9093815,-7.1788641,0 107.9093815,-7.1788641,0 107.9094244,-7.1789067,0 107.9094244,-7.1789067,0 107.9094673,-7.1789492,0 107.9094673,-7.1789492,0 107.9095102,-7.1789918,0 107.9095102,-7.1789918,0 107.9095232,-7.1790344,0 107.9095230,-7.1790770,0 107.9095225,-7.1791196,0 107.9095210,-7.1791621,0 107.9095532,-7.1791654,0 107.9095961,-7.1791725,0 107.9096390,-7.1791826,0 107.9096819,-7.1791986,0 107.9097248,-7.1791925,0 107.9097677,-7.1791840,0 107.9098106,-7.1791792,0 107.9098536,-7.1791761,0 107.9098965,-7.1791735,0 107.9099394,-7.1791707,0 107.9099823,-7.1791672,0 107.9100252,-7.1791640,0 107.9100424,-7.1791621,0 107.9100395,-7.1791196,0 107.9100391,-7.1790770,0 107.9100390,-7.1790344,0 107.9100393,-7.1789918,0 107.9100393,-7.1789492,0 107.9100393,-7.1789067,0 107.9100393,-7.1788641,0 107.9100400,-7.1788215,0 107.9100432,-7.1787789,0 107.9100483,-7.1787363,0 107.9100563,-7.1786938,0 107.9100628,-7.1786512,0 107.9100510,-7.1786086,0 107.9100453,-7.1785660,0 107.9100413,-7.1785235,0 107.9100393,-7.1784809,0 107.9100393,-7.1784383,0 107.9100393,-7.1783957,0 107.9100393,-7.1783531,0 107.9100280,-7.1783106,0 107.9100252,-7.1783079,0 107.9099850,-7.1782680,0 107.9099823,-7.1782653,0 107.9099421,-7.1782254,0 107.9099394,-7.1782227,0 107.9098992,-7.1781828,0 107.9098965,-7.1781800,0 107.9098536,-7.1781504,0 107.9098106,-7.1781482,0 107.9097677,-7.1781457,0 107.9097248,-7.1781427,0 107.9097192,-7.1781402,0 107.9097071,-7.1780977,0 107.9097010,-7.1780551,0 107.9096972,-7.1780125,0 107.9096957,-7.1779699,0 107.9096987,-7.1779273,0 107.9097034,-7.1778848,0 107.9097126,-7.1778422,0 107.9097248,-7.1778112,0 107.9097677,-7.1778091,0 107.9098106,-7.1778095,0 107.9098536,-7.1778097,0 107.9098965,-7.1778339,0 107.9099080,-7.1778422,0 107.9099394,-7.1778600,0 107.9099823,-7.1778779,0 107.9100026,-7.1778848,0 107.9100252,-7.1778913,0 107.9100681,-7.1779026,0 107.9101111,-7.1779172,0 107.9101345,-7.1779273,0 107.9101540,-7.1779374,0 107.9101969,-7.1779668,0 107.9102005,-7.1779699,0 107.9102398,-7.1780083,0 107.9102438,-7.1780125,0 107.9102827,-7.1780511,0 107.9102867,-7.1780551,0 107.9103256,-7.1780937,0 107.9103297,-7.1780977,0 107.9103685,-7.1781362,0 107.9103728,-7.1781402,0 107.9103833,-7.1781828,0 107.9103833,-7.1782254,0 107.9103833,-7.1782680,0 107.9103833,-7.1783106,0 107.9103854,-7.1783531,0 107.9103891,-7.1783957,0 107.9103955,-7.1784383,0 107.9104063,-7.1784809,0 107.9104115,-7.1785235,0 107.9104115,-7.1785660,0 107.9104115,-7.1786086,0 107.9104115,-7.1786512,0 107.9104115,-7.1786512,0 107.9104544,-7.1786512,0 107.9104973,-7.1786512,0 107.9105402,-7.1786512,0 107.9105440,-7.1786938,0 107.9105486,-7.1787363,0 107.9105517,-7.1787789,0 107.9105547,-7.1788215,0 107.9105556,-7.1788641,0 107.9105556,-7.1789067,0 107.9105556,-7.1789492,0 107.9105556,-7.1789918,0 107.9105538,-7.1790344,0 107.9105505,-7.1790770,0 107.9105465,-7.1791196,0 107.9105422,-7.1791621,0 107.9105402,-7.1791642,0 107.9104973,-7.1791704,0 107.9104544,-7.1791792,0 107.9104115,-7.1791918,0 107.9103685,-7.1792047,0 107.9103256,-7.1792047,0 107.9102827,-7.1792047,0 107.9102398,-7.1792047,0 107.9102398,-7.1792047,0 107.9102398,-7.1792473,0 107.9102398,-7.1792899,0 107.9102398,-7.1793325,0 107.9102398,-7.1793750,0 107.9102398,-7.1794176,0 107.9102398,-7.1794602,0 107.9102398,-7.1795028,0 107.9102398,-7.1795028,0 107.9102827,-7.1795028,0 107.9103256,-7.1795028,0 107.9103685,-7.1795028,0 107.9104115,-7.1795444,0 107.9104121,-7.1795453,0 107.9104544,-7.1795873,0 107.9104550,-7.1795879,0 107.9104973,-7.1796298,0 107.9104980,-7.1796305,0 107.9105402,-7.1796724,0 107.9105409,-7.1796731,0 107.9105575,-7.1797157,0 107.9105612,-7.1797582,0 107.9105669,-7.1798008,0 107.9105768,-7.1798434,0 107.9105831,-7.1798860,0 107.9105831,-7.1799286,0 107.9105831,-7.1799711,0 107.9105831,-7.1800137,0 107.9105402,-7.1800370,0 107.9105275,-7.1800563,0 107.9104973,-7.1800862,0 107.9104846,-7.1800989,0 107.9104544,-7.1801288,0 107.9104416,-7.1801414,0 107.9104115,-7.1801714,0 107.9103920,-7.1801840,0 107.9103685,-7.1802266,0 107.9103256,-7.1802266,0 107.9102827,-7.1802266,0 107.9102398,-7.1802266,0 107.9101969,-7.1801877,0 107.9101955,-7.1801840,0 107.9101540,-7.1801428,0 107.9101526,-7.1801414,0 107.9101111,-7.1801002,0 107.9101097,-7.1800989,0 107.9100681,-7.1800576,0 107.9100661,-7.1800563,0 107.9100252,-7.1800290,0 107.9099823,-7.1800290,0 107.9099394,-7.1800290,0 107.9098965,-7.1800290,0 107.9098536,-7.1800287,0 107.9098106,-7.1800287,0 107.9097677,-7.1800289,0 107.9097248,-7.1800288,0 107.9096819,-7.1800286,0 107.9096390,-7.1800272,0 107.9095961,-7.1800257,0 107.9095532,-7.1800243,0 107.9095102,-7.1800227,0 107.9094673,-7.1800213,0 107.9094244,-7.1800199,0 107.9093815,-7.1800169,0 107.9093733,-7.1800137,0 107.9093577,-7.1799711,0 107.9093484,-7.1799286,0 107.9093417,-7.1798860,0 107.9093386,-7.1798804,0 107.9092957,-7.1798662,0 107.9092527,-7.1798550,0 107.9092098,-7.1798479,0 107.9091669,-7.1798434,0 107.9091669,-7.1798008,0 107.9091669,-7.1797582,0 107.9091669,-7.1797157,0 107.9091669,-7.1796731,0 107.9091669,-7.1796305,0 107.9091669,-7.1795879,0 107.9091669,-7.1795453,0 107.9091669,-7.1795028,0 107.9091669,-7.1794602,0 107.9091669,-7.1794176,0 107.9091669,-7.1793750,0 107.9091669,-7.1793750,0 107.9091240,-7.1793750,0 107.9090811,-7.1793750,0 107.9090382,-7.1793750,0 107.9089953,-7.1793750,0 107.9089523,-7.1793750,0 107.9089094,-7.1793750,0 107.9088665,-7.1793750,0 107.9088236,-7.1793750,0 107.9087807,-7.1793750,0 107.9087378,-7.1793750,0 107.9086948,-7.1793750,0 107.9086519,-7.1793750,0 107.9086090,-7.1793750,0 107.9085661,-7.1793750,0 107.9085232,-7.1793750,0 107.9084803,-7.1793750,0 107.9084374,-7.1793750,0 107.9083944,-7.1793750,0 107.9083515,-7.1793750,0 107.9083086,-7.1793750,0 107.9082657,-7.1793750,0 107.9082228,-7.1793750,0 107.9081799,-7.1793750,0 107.9081369,-7.1793750,0 107.9080940,-7.1793750,0 107.9080511,-7.1793750,0 107.9080082,-7.1793750,0 107.9080082,-7.1793750,0 107.9080082,-7.1794176,0 107.9080082,-7.1794602,0 107.9080082,-7.1795028,0 107.9079653,-7.1795170,0 107.9079224,-7.1795162,0 107.9078795,-7.1795161,0 107.9078365,-7.1795170,0 107.9077936,-7.1795167,0 107.9077507,-7.1795167,0 107.9077173,-7.1795028,0 107.9077078,-7.1794986,0 107.9076935,-7.1795028,0 107.9076649,-7.1795109,0 107.9076220,-7.1795447,0 107.9076213,-7.1795453,0 107.9075791,-7.1795855,0 107.9075766,-7.1795879,0 107.9075361,-7.1796292,0 107.9075346,-7.1796305,0 107.9074955,-7.1796731,0 107.9074932,-7.1796782,0 107.9074595,-7.1797157,0 107.9074536,-7.1797582,0 107.9074668,-7.1798008,0 107.9074794,-7.1798434,0 107.9074763,-7.1798860,0 107.9074671,-7.1799286,0 107.9074646,-7.1799711,0 107.9074769,-7.1800137,0 107.9074932,-7.1800325,0 107.9075361,-7.1800467,0 107.9075791,-7.1800423,0 107.9076220,-7.1800339,0 107.9076649,-7.1800276,0 107.9077078,-7.1800259,0 107.9077507,-7.1800290,0 107.9077936,-7.1800290,0 107.9078365,-7.1800267,0 107.9078795,-7.1800234,0 107.9079224,-7.1800199,0 107.9079653,-7.1800147,0 107.9080082,-7.1800137,0 107.9080511,-7.1800137,0 107.9080940,-7.1800137,0 107.9081369,-7.1800137,0 107.9081369,-7.1800137,0 107.9081369,-7.1799711,0 107.9081369,-7.1799286,0 107.9081369,-7.1798860,0 107.9081799,-7.1798434,0 107.9082228,-7.1798434,0 107.9082657,-7.1798434,0 107.9083086,-7.1798434,0 107.9083086,-7.1798434,0 107.9083086,-7.1798008,0 107.9083086,-7.1797582,0 107.9083086,-7.1797157,0 107.9083515,-7.1796731,0 107.9083944,-7.1796731,0 107.9084374,-7.1796731,0 107.9084803,-7.1796731,0 107.9084803,-7.1796731,0 107.9084803,-7.1796305,0 107.9084803,-7.1795879,0 107.9084803,-7.1795453,0 107.9085232,-7.1795028,0 107.9085661,-7.1795028,0 107.9086090,-7.1795028,0 107.9086519,-7.1795028,0 107.9086948,-7.1795028,0 107.9087378,-7.1795028,0 107.9087807,-7.1795028,0 107.9088236,-7.1795028,0 107.9088665,-7.1795453,0 107.9088665,-7.1795879,0 107.9088665,-7.1796305,0 107.9088665,-7.1796731,0 107.9088665,-7.1797157,0 107.9088665,-7.1797582,0 107.9088665,-7.1798008,0 107.9088665,-7.1798434,0 107.9088528,-7.1798860,0 107.9088433,-7.1799286,0 107.9088388,-7.1799711,0 107.9088358,-7.1800137,0 107.9088350,-7.1800563,0 107.9088350,-7.1800989,0 107.9088350,-7.1801414,0 107.9088350,-7.1801840,0 107.9088364,-7.1802266,0 107.9088398,-7.1802692,0 107.9088457,-7.1803118,0 107.9088583,-7.1803543,0 107.9088665,-7.1803969,0 107.9088665,-7.1804395,0 107.9088665,-7.1804821,0 107.9088665,-7.1805247,0 107.9088236,-7.1805267,0 107.9087807,-7.1805319,0 107.9087378,-7.1805359,0 107.9086948,-7.1805391,0 107.9086519,-7.1805514,0 107.9086363,-7.1805672,0 107.9086090,-7.1805943,0 107.9085934,-7.1806098,0 107.9085661,-7.1806369,0 107.9085504,-7.1806524,0 107.9085232,-7.1806794,0 107.9085073,-7.1806950,0 107.9084803,-7.1807218,0 107.9084646,-7.1807376,0 107.9084374,-7.1807646,0 107.9084217,-7.1807801,0 107.9083944,-7.1808072,0 107.9083788,-7.1808227,0 107.9083515,-7.1808497,0 107.9083356,-7.1808653,0 107.9083086,-7.1808921,0 107.9082929,-7.1809079,0 107.9082657,-7.1809349,0 107.9082500,-7.1809504,0 107.9082228,-7.1809775,0 107.9082071,-7.1809930,0 107.9081799,-7.1810201,0 107.9081639,-7.1810356,0 107.9081369,-7.1810624,0 107.9081213,-7.1810782,0 107.9080940,-7.1811052,0 107.9080784,-7.1811208,0 107.9080511,-7.1811478,0 107.9080355,-7.1811633,0 107.9080082,-7.1811904,0 107.9079923,-7.1812059,0 107.9079653,-7.1812327,0 107.9079496,-7.1812485,0 107.9079224,-7.1812755,0 107.9079067,-7.1812911,0 107.9078795,-7.1813181,0 107.9078638,-7.1813337,0 107.9078365,-7.1813607,0 107.9078206,-7.1813762,0 107.9078012,-7.1814188,0 107.9077994,-7.1814614,0 107.9077975,-7.1815040,0 107.9077945,-7.1815465,0 107.9077936,-7.1815891,0 107.9077507,-7.1815891,0 107.9077078,-7.1815576,0 107.9076649,-7.1815646,0 107.9076359,-7.1815891,0 107.9076220,-7.1816104,0 107.9076134,-7.1816317,0 107.9076036,-7.1816743,0 107.9075830,-7.1817169,0 107.9075791,-7.1817192,0 107.9075361,-7.1817325,0 107.9074932,-7.1817357,0 107.9074503,-7.1817365,0 107.9074074,-7.1817364,0 107.9073645,-7.1817359,0 107.9073216,-7.1817362,0 107.9072786,-7.1817370,0 107.9072357,-7.1817389,0 107.9071928,-7.1817391,0 107.9071499,-7.1817323,0 107.9071177,-7.1817169,0 107.9071263,-7.1816743,0 107.9071499,-7.1816353,0 107.9071509,-7.1816317,0 107.9071523,-7.1815891,0 107.9071499,-7.1815850,0 107.9071085,-7.1815465,0 107.9071070,-7.1815458,0 107.9070641,-7.1815386,0 107.9070212,-7.1815384,0 107.9069782,-7.1815465,0 107.9069683,-7.1815040,0 107.9069647,-7.1814614,0 107.9069634,-7.1814188,0 107.9069639,-7.1813762,0 107.9069654,-7.1813337,0 107.9069675,-7.1812911,0 107.9069681,-7.1812485,0 107.9069682,-7.1812059,0 107.9069677,-7.1811633,0 107.9069670,-7.1811208,0 107.9069668,-7.1810782,0 107.9069666,-7.1810356,0 107.9069669,-7.1809930,0 107.9069673,-7.1809504,0 107.9069660,-7.1809079,0 107.9069602,-7.1808653,0 107.9069452,-7.1808227,0 107.9069384,-7.1807801,0 107.9069525,-7.1807376,0 107.9069716,-7.1806950,0 107.9069782,-7.1806819,0 107.9069849,-7.1806524,0 107.9069896,-7.1806098,0 107.9069836,-7.1805672,0 107.9069782,-7.1805578,0 107.9069368,-7.1805247,0 107.9069353,-7.1805241,0 107.9068924,-7.1805211,0 107.9068638,-7.1805247,0 107.9068495,-7.1805277,0 107.9068066,-7.1805417,0 107.9067637,-7.1805509,0 107.9067207,-7.1805527,0 107.9066778,-7.1805498,0 107.9066349,-7.1805459,0 107.9065920,-7.1805434,0 107.9065491,-7.1805435,0 107.9065062,-7.1805445,0 107.9064633,-7.1805454,0 107.9064203,-7.1805459,0 107.9063774,-7.1805472,0 107.9063345,-7.1805459,0 107.9063173,-7.1805247,0 107.9063166,-7.1804821,0 107.9063096,-7.1804395,0 107.9062968,-7.1803969,0 107.9062916,-7.1803889,0 107.9062558,-7.1803543,0 107.9062487,-7.1803497,0 107.9062058,-7.1803358,0 107.9061628,-7.1803236,0 107.9061360,-7.1803118,0 107.9061213,-7.1802692,0 107.9061199,-7.1802631,0 107.9061110,-7.1802266,0 107.9060985,-7.1801840,0 107.9060850,-7.1801414,0 107.9060770,-7.1800989,0 107.9060815,-7.1800563,0 107.9061199,-7.1800192,0 107.9061234,-7.1800137,0 107.9061628,-7.1799792,0 107.9061696,-7.1799711,0 107.9062058,-7.1799314,0 107.9062082,-7.1799286,0 107.9062453,-7.1798860,0 107.9062487,-7.1798824,0 107.9062916,-7.1798526,0 107.9063256,-7.1798434,0 107.9063345,-7.1798409,0 107.9063774,-7.1798393,0 107.9063989,-7.1798434,0 107.9064203,-7.1798477,0 107.9064633,-7.1798584,0 107.9065062,-7.1798629,0 107.9065491,-7.1798616,0 107.9065920,-7.1798581,0 107.9066349,-7.1798552,0 107.9066778,-7.1798542,0 107.9067207,-7.1798542,0 107.9067637,-7.1798552,0 107.9068066,-7.1798560,0 107.9068495,-7.1798563,0 107.9068924,-7.1798568,0 107.9069353,-7.1798560,0 107.9069782,-7.1798554,0 107.9070212,-7.1798549,0 107.9070641,-7.1798543,0 107.9071070,-7.1798543,0 107.9071499,-7.1798563,0 107.9071928,-7.1798591,0 107.9072357,-7.1798604,0 107.9072786,-7.1798595,0 107.9073216,-7.1798536,0 107.9073519,-7.1798434,0 107.9073645,-7.1798328,0 107.9073967,-7.1798008,0 107.9074074,-7.1797653,0 107.9074217,-7.1797582,0 107.9074074,-7.1797535,0 107.9073810,-7.1797157,0 107.9073645,-7.1797096,0 107.9073216,-7.1796927,0 107.9072786,-7.1796835,0 107.9072357,-7.1796824,0 107.9071928,-7.1796848,0 107.9071499,-7.1796890,0 107.9071070,-7.1796906,0 107.9070641,-7.1796912,0 107.9070212,-7.1796901,0 107.9069782,-7.1796897,0 107.9069353,-7.1796897,0 107.9068924,-7.1796907,0 107.9068495,-7.1796912,0 107.9068066,-7.1796901,0 107.9067637,-7.1796869,0 107.9067207,-7.1796829,0 107.9066778,-7.1796818,0 107.9066349,-7.1796869,0 107.9065920,-7.1796994,0 107.9065491,-7.1797127,0 107.9065169,-7.1797157,0 107.9065062,-7.1797171,0 107.9065033,-7.1797157,0 107.9064633,-7.1797004,0 107.9064422,-7.1796731,0 107.9064203,-7.1796526,0 107.9064032,-7.1796305,0 107.9063774,-7.1796079,0 107.9063544,-7.1795879,0 107.9063345,-7.1795719,0 107.9063020,-7.1795453,0 107.9062916,-7.1795309,0 107.9062734,-7.1795028,0 107.9062688,-7.1794602,0 107.9062742,-7.1794176,0 107.9062791,-7.1793750,0 107.9062694,-7.1793325,0 107.9062487,-7.1793079,0 107.9062058,-7.1793041,0 107.9061628,-7.1793220,0 107.9061427,-7.1793325,0 107.9061199,-7.1793425,0 107.9060770,-7.1793489,0 107.9060341,-7.1793479,0 107.9059912,-7.1793457,0 107.9059483,-7.1793460,0 107.9059054,-7.1793537,0 107.9058680,-7.1793750,0 107.9058624,-7.1793815,0 107.9058462,-7.1794176,0 107.9058392,-7.1794602,0 107.9058380,-7.1795028,0 107.9058387,-7.1795453,0 107.9058404,-7.1795879,0 107.9058423,-7.1796305,0 107.9058444,-7.1796731,0 107.9058470,-7.1797157,0 107.9058513,-7.1797582,0 107.9058624,-7.1797971,0 107.9058645,-7.1798008,0 107.9059054,-7.1798356,0 107.9059148,-7.1798434,0 107.9059483,-7.1798802,0 107.9059514,-7.1798860,0 107.9059618,-7.1799286,0 107.9059634,-7.1799711,0 107.9059509,-7.1800137,0 107.9059483,-7.1800190,0 107.9059054,-7.1800403,0 107.9058785,-7.1800137,0 107.9058624,-7.1799995,0 107.9058496,-7.1799711,0 107.9058379,-7.1799286,0 107.9058247,-7.1798860,0 107.9058195,-7.1798785,0 107.9057766,-7.1798602,0 107.9057337,-7.1798793,0 107.9057283,-7.1798860,0 107.9057238,-7.1799286,0 107.9057337,-7.1799711,0 107.9057337,-7.1799711,0 107.9057598,-7.1800137,0 107.9057766,-7.1800520,0 107.9057838,-7.1800563,0 107.9058195,-7.1800829,0 107.9058624,-7.1800918,0 107.9058732,-7.1800989,0 107.9059054,-7.1801244,0 107.9059132,-7.1801414,0 107.9059299,-7.1801840,0 107.9059391,-7.1802266,0 107.9059444,-7.1802692,0 107.9059483,-7.1803118,0 107.9059483,-7.1803543,0 107.9059054,-7.1803827,0 107.9058624,-7.1803969,0 107.9058624,-7.1803969,0 107.9058195,-7.1804076,0 107.9057766,-7.1803969,0 107.9057766,-7.1803969,0 107.9057659,-7.1803543,0 107.9057676,-7.1803118,0 107.9057680,-7.1802692,0 107.9057671,-7.1802266,0 107.9057630,-7.1801840,0 107.9057432,-7.1801414,0 107.9057337,-7.1801349,0 107.9056908,-7.1801327,0 107.9056707,-7.1801414,0 107.9056479,-7.1801487,0 107.9056049,-7.1801813,0 107.9056030,-7.1801840,0 107.9055835,-7.1802266,0 107.9055761,-7.1802692,0 107.9055789,-7.1803118,0 107.9055900,-7.1803543,0 107.9056049,-7.1803969,0 107.9056049,-7.1803969,0 107.9056479,-7.1804395,0 107.9056479,-7.1804395,0 107.9056908,-7.1804565,0 107.9057230,-7.1804821,0 107.9057337,-7.1805034,0 107.9057480,-7.1805247,0 107.9057766,-7.1805417,0 107.9058195,-7.1805459,0 107.9058624,-7.1805459,0 107.9059054,-7.1805459,0 107.9059483,-7.1805247,0 107.9059483,-7.1805247,0 107.9059626,-7.1804821,0 107.9059569,-7.1804395,0 107.9059483,-7.1803969,0 107.9059483,-7.1803543,0 107.9059912,-7.1803422,0 107.9060341,-7.1803427,0 107.9060770,-7.1803449,0 107.9060942,-7.1803543,0 107.9061071,-7.1803969,0 107.9061071,-7.1804395,0 107.9061028,-7.1804821,0 107.9060985,-7.1805247,0 107.9061199,-7.1805389,0 107.9061628,-7.1805429,0 107.9062058,-7.1805459,0 107.9062487,-7.1805459,0 107.9062916,-7.1805459,0 107.9063173,-7.1805672,0 107.9063184,-7.1806098,0 107.9063173,-7.1806524,0 107.9062916,-7.1806950,0 107.9062916,-7.1806950,0 107.9062487,-7.1807163,0 107.9062058,-7.1807120,0 107.9061628,-7.1807132,0 107.9061199,-7.1807092,0 107.9060770,-7.1807056,0 107.9060341,-7.1807003,0 107.9059912,-7.1807011,0 107.9059483,-7.1807056,0 107.9059054,-7.1807143,0 107.9058624,-7.1807205,0 107.9058195,-7.1807196,0 107.9057766,-7.1807120,0 107.9057385,-7.1806950,0 107.9057337,-7.1806889,0 107.9057103,-7.1806524,0 107.9056908,-7.1806098,0 107.9056908,-7.1806098,0 107.9056479,-7.1805767,0 107.9056307,-7.1805672,0 107.9056049,-7.1805513,0 107.9055781,-7.1805247,0 107.9055620,-7.1805140,0 107.9055191,-7.1805014,0 107.9054762,-7.1805040,0 107.9054333,-7.1805204,0 107.9054281,-7.1805247,0 107.9054333,-7.1805672,0 107.9054333,-7.1805672,0 107.9054762,-7.1805937,0 107.9055024,-7.1806098,0 107.9055191,-7.1806205,0 107.9055538,-7.1806524,0 107.9055620,-7.1806636,0 107.9055843,-7.1806950,0 107.9056049,-7.1807275,0 107.9056131,-7.1807376,0 107.9056468,-7.1807801,0 107.9056479,-7.1807812,0 107.9056851,-7.1808227,0 107.9056908,-7.1808275,0 107.9057328,-7.1808653,0 107.9057337,-7.1808658,0 107.9057766,-7.1808832,0 107.9058195,-7.1808937,0 107.9058624,-7.1808943,0 107.9059054,-7.1808866,0 107.9059483,-7.1808759,0 107.9059912,-7.1808717,0 107.9060341,-7.1808736,0 107.9060770,-7.1808762,0 107.9061199,-7.1808790,0 107.9061628,-7.1808815,0 107.9062058,-7.1808866,0 107.9062344,-7.1809079,0 107.9062415,-7.1809504,0 107.9062487,-7.1809788,0 107.9062524,-7.1809930,0 107.9062737,-7.1810356,0 107.9062916,-7.1810612,0 107.9063306,-7.1810782,0 107.9063345,-7.1810797,0 107.9063406,-7.1810782,0 107.9063774,-7.1810356,0 107.9063774,-7.1810356,0 107.9063891,-7.1809930,0 107.9063917,-7.1809504,0 107.9063989,-7.1809079,0 107.9063774,-7.1808937,0 107.9063345,-7.1808835,0 107.9062916,-7.1808775,0 107.9062487,-7.1808653,0 107.9062487,-7.1808227,0 107.9062594,-7.1807801,0 107.9062916,-7.1807376,0 107.9062916,-7.1807376,0 107.9063345,-7.1807092,0 107.9063774,-7.1807120,0 107.9064203,-7.1807163,0 107.9064633,-7.1807163,0 107.9065062,-7.1807179,0 107.9065491,-7.1807175,0 107.9065920,-7.1807151,0 107.9066349,-7.1807112,0 107.9066778,-7.1807047,0 107.9067207,-7.1807008,0 107.9067637,-7.1807031,0 107.9068066,-7.1807163,0 107.9068456,-7.1807376,0 107.9068495,-7.1807408,0 107.9068924,-7.1807763,0 107.9069139,-7.1807801,0 107.9069031,-7.1808227,0 107.9068924,-7.1808260,0 107.9068495,-7.1808622,0 107.9068459,-7.1808653,0 107.9068066,-7.1808767,0 107.9067637,-7.1808829,0 107.9067207,-7.1808840,0 107.9066778,-7.1808823,0 107.9066349,-7.1808795,0 107.9065920,-7.1808779,0 107.9065491,-7.1808764,0 107.9065062,-7.1808769,0 107.9064633,-7.1808866,0 107.9064418,-7.1809079,0 107.9064547,-7.1809504,0 107.9064547,-7.1809930,0 107.9064472,-7.1810356,0 107.9064364,-7.1810782,0 107.9064292,-7.1811208,0 107.9064315,-7.1811633,0 107.9064436,-7.1812059,0 107.9064633,-7.1812470,0 107.9064638,-7.1812485,0 107.9064904,-7.1812911,0 107.9065062,-7.1813107,0 107.9065276,-7.1813337,0 107.9065491,-7.1813522,0 107.9065847,-7.1813762,0 107.9065920,-7.1813807,0 107.9066349,-7.1813981,0 107.9066778,-7.1814067,0 107.9067207,-7.1814068,0 107.9067637,-7.1814020,0 107.9068066,-7.1814053,0 107.9068297,-7.1814188,0 107.9068132,-7.1814614,0 107.9068066,-7.1814679,0 107.9067851,-7.1815040,0 107.9067866,-7.1815465,0 107.9068066,-7.1815656,0 107.9068495,-7.1815836,0 107.9068924,-7.1815838,0 107.9069353,-7.1815709,0 107.9069611,-7.1815891,0 107.9069707,-7.1816317,0 107.9069725,-7.1816743,0 107.9069714,-7.1817169,0 107.9069689,-7.1817594,0 107.9069664,-7.1818020,0 107.9069654,-7.1818446,0 107.9069663,-7.1818872,0 107.9069713,-7.1819298,0 107.9069782,-7.1819623,0 107.9069803,-7.1819723,0 107.9069866,-7.1820149,0 107.9069833,-7.1820575,0 107.9069782,-7.1820653,0 107.9069353,-7.1820775,0 107.9068924,-7.1820652,0 107.9068618,-7.1820575,0 107.9068495,-7.1820549,0 107.9068372,-7.1820575,0 107.9068066,-7.1820674,0 107.9067907,-7.1821001,0 107.9067853,-7.1821426,0 107.9067876,-7.1821852,0 107.9067933,-7.1822278,0 107.9068005,-7.1822704,0 107.9068066,-7.1823062,0 107.9068079,-7.1823130,0 107.9068115,-7.1823555,0 107.9068066,-7.1823916,0 107.9068055,-7.1823981,0 107.9067773,-7.1824407,0 107.9067637,-7.1824525,0 107.9067273,-7.1824833,0 107.9067207,-7.1824887,0 107.9066813,-7.1825259,0 107.9066778,-7.1825296,0 107.9066436,-7.1825684,0 107.9066349,-7.1825779,0 107.9066001,-7.1826110,0 107.9065920,-7.1826175,0 107.9065491,-7.1826526,0 107.9065480,-7.1826536,0 107.9065062,-7.1826950,0 107.9065052,-7.1826962,0 107.9064701,-7.1827387,0 107.9064633,-7.1827467,0 107.9064321,-7.1827813,0 107.9064203,-7.1827930,0 107.9063895,-7.1828239,0 107.9063774,-7.1828365,0 107.9063483,-7.1828665,0 107.9063345,-7.1828831,0 107.9063059,-7.1829091,0 107.9062916,-7.1829237,0 107.9062487,-7.1829396,0 107.9062058,-7.1829351,0 107.9061628,-7.1829233,0 107.9061199,-7.1829239,0 107.9060809,-7.1829516,0 107.9060770,-7.1829535,0 107.9060341,-7.1829796,0 107.9059989,-7.1829942,0 107.9059912,-7.1829966,0 107.9059483,-7.1830072,0 107.9059054,-7.1830149,0 107.9058624,-7.1830232,0 107.9058195,-7.1830364,0 107.9058186,-7.1830368,0 107.9057766,-7.1830732,0 107.9057718,-7.1830794,0 107.9057603,-7.1831220,0 107.9057634,-7.1831645,0 107.9057708,-7.1832071,0 107.9057712,-7.1832497,0 107.9057528,-7.1832923,0 107.9057337,-7.1833178,0 107.9057241,-7.1833348,0 107.9057023,-7.1833774,0 107.9056908,-7.1834133,0 107.9056889,-7.1834200,0 107.9056829,-7.1834626,0 107.9056822,-7.1835052,0 107.9056840,-7.1835477,0 107.9056860,-7.1835903,0 107.9056847,-7.1836329,0 107.9056798,-7.1836755,0 107.9056756,-7.1837181,0 107.9056740,-7.1837606,0 107.9056781,-7.1838032,0 107.9056900,-7.1838458,0 107.9056908,-7.1838476,0 107.9057135,-7.1838884,0 107.9057337,-7.1839170,0 107.9057473,-7.1839309,0 107.9057689,-7.1839735,0 107.9057657,-7.1840161,0 107.9057568,-7.1840587,0 107.9057559,-7.1841013,0 107.9057744,-7.1841438,0 107.9057766,-7.1841461,0 107.9058195,-7.1841849,0 107.9058215,-7.1841864,0 107.9058624,-7.1842135,0 107.9058862,-7.1842290,0 107.9059054,-7.1842466,0 107.9059288,-7.1842716,0 107.9059324,-7.1843142,0 107.9059073,-7.1843567,0 107.9059054,-7.1843588,0 107.9058635,-7.1843993,0 107.9058624,-7.1844002,0 107.9058195,-7.1844318,0 107.9058031,-7.1844419,0 107.9057766,-7.1844596,0 107.9057423,-7.1844845,0 107.9057337,-7.1844938,0 107.9057143,-7.1845270,0 107.9057005,-7.1845696,0 107.9056908,-7.1846005,0 107.9056877,-7.1846122,0 107.9056687,-7.1846548,0 107.9056479,-7.1846825,0 107.9056337,-7.1846974,0 107.9056049,-7.1847206,0 107.9055769,-7.1847399,0 107.9055620,-7.1847515,0 107.9055305,-7.1847825,0 107.9055191,-7.1847970,0 107.9054993,-7.1848251,0 107.9054762,-7.1848534,0 107.9054615,-7.1848677,0 107.9054333,-7.1848892,0 107.9053921,-7.1849103,0 107.9053904,-7.1849112,0 107.9053475,-7.1849286,0 107.9053045,-7.1849458,0 107.9052855,-7.1849528,0 107.9052616,-7.1849709,0 107.9052303,-7.1849954,0 107.9052240,-7.1850380,0 107.9052294,-7.1850806,0 107.9052396,-7.1851231,0 107.9052531,-7.1851657,0 107.9052616,-7.1851848,0 107.9052743,-7.1852083,0 107.9053045,-7.1852456,0 107.9053095,-7.1852509,0 107.9053475,-7.1852791,0 107.9053681,-7.1852935,0 107.9053904,-7.1853051,0 107.9054333,-7.1853265,0 107.9054518,-7.1853360,0 107.9054762,-7.1853484,0 107.9055163,-7.1853786,0 107.9055191,-7.1853812,0 107.9055505,-7.1854212,0 107.9055620,-7.1854404,0 107.9055761,-7.1854638,0 107.9056016,-7.1855063,0 107.9056049,-7.1855120,0 107.9056421,-7.1855489,0 107.9056479,-7.1855546,0 107.9056908,-7.1855791,0 107.9057142,-7.1855915,0 107.9057337,-7.1856079,0 107.9057524,-7.1856341,0 107.9057638,-7.1856767,0 107.9057605,-7.1857192,0 107.9057555,-7.1857618,0 107.9057577,-7.1858044,0 107.9057735,-7.1858470,0 107.9057766,-7.1858513,0 107.9058195,-7.1858803,0 107.9058481,-7.1858896,0 107.9058624,-7.1858966,0 107.9059037,-7.1859321,0 107.9059054,-7.1859360,0 107.9059202,-7.1859747,0 107.9059483,-7.1860115,0 107.9059558,-7.1860173,0 107.9059912,-7.1860308,0 107.9060341,-7.1860445,0 107.9060663,-7.1860599,0 107.9060770,-7.1860690,0 107.9060967,-7.1861024,0 107.9061063,-7.1861450,0 107.9061117,-7.1861876,0 107.9061152,-7.1862302,0 107.9061166,-7.1862728,0 107.9061153,-7.1863153,0 107.9061080,-7.1863579,0 107.9060985,-7.1864005,0 107.9060920,-7.1864431,0 107.9060975,-7.1864856,0 107.9061199,-7.1865282,0 107.9061199,-7.1865282,0 107.9061628,-7.1865483,0 107.9062058,-7.1865633,0 107.9062186,-7.1865708,0 107.9062474,-7.1866134,0 107.9062487,-7.1866157,0 107.9062653,-7.1866560,0 107.9062893,-7.1866985,0 107.9062916,-7.1867011,0 107.9063345,-7.1867249,0 107.9063774,-7.1867244,0 107.9064203,-7.1867082,0 107.9064357,-7.1866985,0 107.9064633,-7.1866681,0 107.9064713,-7.1866560,0 107.9064787,-7.1866134,0 107.9064724,-7.1865708,0 107.9064633,-7.1865424,0 107.9064535,-7.1865282,0 107.9064359,-7.1864856,0 107.9064352,-7.1864431,0 107.9064404,-7.1864005,0 107.9064453,-7.1863579,0 107.9064484,-7.1863153,0 107.9064466,-7.1862728,0 107.9064418,-7.1862302,0 107.9064203,-7.1862018,0 107.9063774,-7.1862180,0 107.9063603,-7.1862302,0 107.9063345,-7.1862484,0 107.9063002,-7.1862728,0 107.9062916,-7.1862940,0 107.9062855,-7.1862728,0 107.9062799,-7.1862302,0 107.9062809,-7.1861876,0 107.9062880,-7.1861450,0 107.9062916,-7.1861344,0 107.9063173,-7.1861024,0 107.9063345,-7.1860854,0 107.9063774,-7.1860705,0 107.9064203,-7.1861024,0 107.9064203,-7.1861024,0 107.9064387,-7.1861450,0 107.9064633,-7.1861791,0 107.9065062,-7.1861791,0 107.9065491,-7.1861754,0 107.9065920,-7.1861727,0 107.9066349,-7.1861719,0 107.9066778,-7.1861709,0 107.9067207,-7.1861714,0 107.9067637,-7.1861710,0 107.9068066,-7.1861716,0 107.9068495,-7.1861739,0 107.9068924,-7.1861734,0 107.9069353,-7.1861730,0 107.9069782,-7.1861715,0 107.9070212,-7.1861680,0 107.9070641,-7.1861663,0 107.9071070,-7.1861674,0 107.9071499,-7.1861738,0 107.9071928,-7.1861828,0 107.9072357,-7.1861876,0 107.9072357,-7.1861876,0 107.9072357,-7.1861876,0 107.9072786,-7.1861822,0 107.9073216,-7.1861656,0 107.9073537,-7.1861450,0 107.9073645,-7.1861313,0 107.9073882,-7.1861024,0 107.9074074,-7.1860798,0 107.9074288,-7.1860599,0 107.9074503,-7.1860411,0 107.9074718,-7.1860173,0 107.9074916,-7.1859747,0 107.9074806,-7.1859321,0 107.9074503,-7.1858956,0 107.9074396,-7.1858896,0 107.9074470,-7.1858470,0 107.9074503,-7.1858457,0 107.9074932,-7.1858375,0 107.9075361,-7.1858414,0 107.9075668,-7.1858470,0 107.9075791,-7.1858493,0 107.9076220,-7.1858478,0 107.9076242,-7.1858470,0 107.9076649,-7.1858175,0 107.9076716,-7.1858044,0 107.9076735,-7.1857618,0 107.9076662,-7.1857192,0 107.9076649,-7.1857132,0 107.9076581,-7.1856767,0 107.9076545,-7.1856341,0 107.9076537,-7.1855915,0 107.9076545,-7.1855489,0 107.9076564,-7.1855063,0 107.9076594,-7.1854638,0 107.9076649,-7.1854212,0 107.9076649,-7.1854212,0 107.9077078,-7.1853984,0 107.9077154,-7.1853786,0 107.9077361,-7.1853360,0 107.9077507,-7.1852935,0 107.9077936,-7.1852935,0 107.9077936,-7.1852935,0 107.9077936,-7.1852509,0 107.9077936,-7.1852083,0 107.9077936,-7.1851657,0 107.9078365,-7.1851581,0 107.9078795,-7.1851513,0 107.9079224,-7.1851471,0 107.9079653,-7.1851437,0 107.9080062,-7.1851231,0 107.9080082,-7.1851220,0 107.9080511,-7.1850977,0 107.9080929,-7.1850806,0 107.9080940,-7.1850802,0 107.9081369,-7.1850673,0 107.9081799,-7.1850724,0 107.9082228,-7.1850803,0 107.9082244,-7.1850806,0 107.9082657,-7.1850868,0 107.9083086,-7.1850922,0 107.9083515,-7.1851010,0 107.9083944,-7.1851130,0 107.9084254,-7.1851231,0 107.9084374,-7.1851279,0 107.9084803,-7.1851458,0 107.9085218,-7.1851657,0 107.9085232,-7.1851664,0 107.9085661,-7.1851877,0 107.9086077,-7.1852083,0 107.9086090,-7.1852090,0 107.9086519,-7.1852303,0 107.9086948,-7.1852443,0 107.9087152,-7.1852509,0 107.9087378,-7.1852594,0 107.9087807,-7.1852803,0 107.9088017,-7.1852935,0 107.9088236,-7.1853067,0 107.9088665,-7.1853128,0 107.9089094,-7.1853103,0 107.9089523,-7.1853063,0 107.9089953,-7.1852982,0 107.9090382,-7.1852935,0 107.9090811,-7.1852935,0 107.9091240,-7.1852935,0 107.9091669,-7.1852935,0 107.9091689,-7.1853360,0 107.9091741,-7.1853786,0 107.9091817,-7.1854212,0 107.9091949,-7.1854638,0 107.9092098,-7.1855063,0 107.9092098,-7.1855489,0 107.9092098,-7.1855915,0 107.9092098,-7.1856341,0 107.9092098,-7.1856341,0 107.9092527,-7.1856341,0 107.9092957,-7.1856341,0 107.9093386,-7.1856341,0 107.9093815,-7.1856767,0 107.9093815,-7.1857192,0 107.9093815,-7.1857618,0 107.9093815,-7.1858044,0 107.9093815,-7.1858470,0 107.9093815,-7.1858896,0 107.9093815,-7.1859321,0 107.9093815,-7.1859747,0 107.9093815,-7.1859747,0 107.9094244,-7.1859747,0 107.9094673,-7.1859747,0 107.9095102,-7.1859747,0 107.9095245,-7.1860173,0 107.9095225,-7.1860599,0 107.9095230,-7.1861024,0 107.9095232,-7.1861450,0 107.9095109,-7.1861876,0 107.9095102,-7.1861883,0 107.9094806,-7.1862302,0 107.9094673,-7.1862559,0 107.9094601,-7.1862728,0 107.9094453,-7.1863153,0 107.9094405,-7.1863579,0 107.9094537,-7.1864005,0 107.9094673,-7.1864342,0 107.9094716,-7.1864431,0 107.9094971,-7.1864856,0 107.9095102,-7.1864984,0 107.9095532,-7.1865099,0 107.9095961,-7.1865115,0 107.9096390,-7.1865134,0 107.9096819,-7.1865151,0 107.9097006,-7.1865282,0 107.9097248,-7.1865455,0 107.9097503,-7.1865708,0 107.9097677,-7.1865881,0 107.9097932,-7.1866134,0 107.9098106,-7.1866307,0 107.9098361,-7.1866560,0 107.9098536,-7.1866733,0 107.9098965,-7.1866866,0 107.9099394,-7.1866866,0 107.9099823,-7.1866866,0 107.9100252,-7.1866866,0 107.9100432,-7.1866985,0 107.9100681,-7.1867152,0 107.9100943,-7.1867411,0 107.9101111,-7.1867577,0 107.9101372,-7.1867837,0 107.9101540,-7.1868003,0 107.9101801,-7.1868263,0 107.9101969,-7.1868434,0 107.9102213,-7.1868689,0 107.9102398,-7.1868913,0 107.9102526,-7.1869114,0 107.9102733,-7.1869540,0 107.9102827,-7.1869787,0 107.9102886,-7.1869966,0 107.9103002,-7.1870392,0 107.9103133,-7.1870817,0 107.9103256,-7.1871124,0 107.9103312,-7.1871243,0 107.9103561,-7.1871669,0 107.9103685,-7.1871828,0 107.9103938,-7.1872095,0 107.9104115,-7.1872268,0 107.9104369,-7.1872521,0 107.9104544,-7.1872694,0 107.9104799,-7.1872946,0 107.9104973,-7.1873119,0 107.9105228,-7.1873372,0 107.9105402,-7.1873598,0 107.9105498,-7.1873798,0 107.9105508,-7.1874224,0 107.9105522,-7.1874649,0 107.9105539,-7.1875075,0 107.9105549,-7.1875501,0 107.9105530,-7.1875927,0 107.9105516,-7.1876353,0 107.9105504,-7.1876778,0 107.9105490,-7.1877204,0 107.9105472,-7.1877630,0 107.9105449,-7.1878056,0 107.9105422,-7.1878481,0 107.9105402,-7.1878576,0 107.9104973,-7.1878715,0 107.9104544,-7.1878772,0 107.9104115,-7.1878801,0 107.9103685,-7.1878668,0 107.9103498,-7.1878481,0 107.9103256,-7.1878242,0 107.9103069,-7.1878056,0 107.9102827,-7.1877816,0 107.9102639,-7.1877630,0 107.9102398,-7.1877390,0 107.9102112,-7.1877204,0 107.9101969,-7.1877111,0 107.9101540,-7.1877111,0 107.9101111,-7.1877111,0 107.9100681,-7.1877111,0 107.9100252,-7.1877116,0 107.9099823,-7.1877133,0 107.9099394,-7.1877159,0 107.9098965,-7.1877188,0 107.9098926,-7.1877204,0 107.9098796,-7.1877630,0 107.9098731,-7.1878056,0 107.9098692,-7.1878481,0 107.9098588,-7.1878907,0 107.9098536,-7.1878965,0 107.9098272,-7.1879333,0 107.9098106,-7.1879650,0 107.9098059,-7.1879759,0 107.9097905,-7.1880185,0 107.9097811,-7.1880610,0 107.9097811,-7.1881036,0 107.9097811,-7.1881462,0 107.9097801,-7.1881888,0 107.9097677,-7.1882291,0 107.9097670,-7.1882314,0 107.9097435,-7.1882739,0 107.9097248,-7.1883031,0 107.9097169,-7.1883165,0 107.9096977,-7.1883591,0 107.9096916,-7.1884017,0 107.9096942,-7.1884442,0 107.9096973,-7.1884868,0 107.9096957,-7.1885294,0 107.9096855,-7.1885720,0 107.9096819,-7.1885807,0 107.9096651,-7.1886146,0 107.9096402,-7.1886571,0 107.9096390,-7.1886596,0 107.9096185,-7.1886997,0 107.9096093,-7.1887423,0 107.9096105,-7.1887849,0 107.9096150,-7.1888274,0 107.9096161,-7.1888700,0 107.9096079,-7.1889126,0 107.9095961,-7.1889398,0 107.9095889,-7.1889552,0 107.9095619,-7.1889978,0 107.9095532,-7.1890093,0 107.9095311,-7.1890403,0 107.9095102,-7.1890684,0 107.9095009,-7.1890829,0 107.9094731,-7.1891255,0 107.9094673,-7.1891338,0 107.9094460,-7.1891681,0 107.9094244,-7.1891998,0 107.9094172,-7.1892106,0 107.9093834,-7.1892532,0 107.9093815,-7.1892553,0 107.9093415,-7.1892958,0 107.9093386,-7.1892985,0 107.9092957,-7.1893375,0 107.9092947,-7.1893384,0 107.9092527,-7.1893762,0 107.9092477,-7.1893810,0 107.9092098,-7.1894174,0 107.9092041,-7.1894235,0 107.9091669,-7.1894641,0 107.9091653,-7.1894661,0 107.9091337,-7.1895087,0 107.9091240,-7.1895223,0 107.9091046,-7.1895513,0 107.9090811,-7.1895841,0 107.9090733,-7.1895938,0 107.9090382,-7.1896307,0 107.9090313,-7.1896364,0 107.9089953,-7.1896634,0 107.9089716,-7.1896790,0 107.9089523,-7.1896916,0 107.9089094,-7.1897211,0 107.9089087,-7.1897216,0 107.9088665,-7.1897525,0 107.9088517,-7.1897642,0 107.9088236,-7.1897862,0 107.9088000,-7.1898067,0 107.9087807,-7.1898247,0 107.9087569,-7.1898493,0 107.9087378,-7.1898702,0 107.9087185,-7.1898919,0 107.9086948,-7.1899164,0 107.9086762,-7.1899345,0 107.9086519,-7.1899562,0 107.9086280,-7.1899770,0 107.9086090,-7.1899948,0 107.9085841,-7.1900196,0 107.9085661,-7.1900405,0 107.9085475,-7.1900622,0 107.9085232,-7.1900930,0 107.9085127,-7.1901048,0 107.9084803,-7.1901415,0 107.9084748,-7.1901474,0 107.9084399,-7.1901899,0 107.9084374,-7.1901937,0 107.9084142,-7.1902325,0 107.9083944,-7.1902751,0 107.9083944,-7.1902751,0 107.9083752,-7.1903177,0 107.9083555,-7.1903602,0 107.9083515,-7.1903685,0 107.9083270,-7.1904028,0 107.9083086,-7.1904278,0 107.9082865,-7.1904454,0 107.9082657,-7.1904661,0 107.9082396,-7.1904880,0 107.9082228,-7.1905087,0 107.9082044,-7.1905306,0 107.9081799,-7.1905620,0 107.9081658,-7.1905731,0 107.9081369,-7.1905885,0 107.9080940,-7.1905892,0 107.9080511,-7.1905814,0 107.9080082,-7.1905793,0 107.9079653,-7.1905946,0 107.9079392,-7.1906157,0 107.9079224,-7.1906339,0 107.9079035,-7.1906583,0 107.9078795,-7.1906894,0 107.9078689,-7.1907009,0 107.9078365,-7.1907330,0 107.9078224,-7.1907434,0 107.9077936,-7.1907659,0 107.9077566,-7.1907860,0 107.9077507,-7.1907892,0 107.9077078,-7.1908140,0 107.9076649,-7.1908280,0 107.9076637,-7.1908286,0 107.9076220,-7.1908516,0 107.9076001,-7.1908712,0 107.9075791,-7.1908994,0 107.9075706,-7.1909138,0 107.9075522,-7.1909563,0 107.9075361,-7.1909953,0 107.9075344,-7.1909989,0 107.9075130,-7.1910415,0 107.9074932,-7.1910787,0 107.9074905,-7.1910841,0 107.9074789,-7.1911266,0 107.9074764,-7.1911692,0 107.9074792,-7.1912118,0 107.9074836,-7.1912544,0 107.9074861,-7.1912970,0 107.9074860,-7.1913395,0 107.9074849,-7.1913821,0 107.9074848,-7.1914247,0 107.9074869,-7.1914673,0 107.9074907,-7.1915098,0</coordinates></LineString></Placemark>
<Placemark><name>700 m</name><styleUrl>#k</styleUrl><LineString><tessellate>1</tessellate><coordinates>107.9035021,-7.1821001,0 107.9035021,-7.1821001,0 107.9035390,-7.1820575,0 107.9035450,-7.1820452,0 107.9035554,-7.1820149,0 107.9035578,-7.1819723,0 107.9035450,-7.1819298,0 107.9035450,-7.1819298,0 107.9035021,-7.1818903,0</coordinates></LineString></Placemark>
<Placemark><name>700 m</name><styleUrl>#k</styleUrl><LineString><tessellate>1</tessellate><coordinates>107.9091018,-7.1915098,0 107.9090998,-7.1914673,0 107.9091006,-7.1914247,0 107.9091047,-7.1913821,0 107.9091160,-7.1913395,0 107.9091240,-7.1913250,0 107.9091425,-7.1912970,0 107.9091669,-7.1912786,0 107.9092098,-7.1912653,0 107.9092527,-7.1912655,0 107.9092957,-7.1912698,0 107.9093386,-7.1912709,0 107.9093815,-7.1912646,0 107.9094180,-7.1912544,0 107.9094244,-7.1912526,0 107.9094673,-7.1912401,0 107.9095102,-7.1912318,0 107.9095532,-7.1912301,0 107.9095961,-7.1912348,0 107.9096390,-7.1912459,0 107.9096601,-7.1912544,0 107.9096819,-7.1912637,0 107.9097248,-7.1912876,0 107.9097385,-7.1912970,0 107.9097677,-7.1913197,0 107.9097887,-7.1913395,0 107.9098106,-7.1913648,0 107.9098243,-7.1913821,0 107.9098536,-7.1914229,0 107.9098549,-7.1914247,0 107.9098896,-7.1914673,0 107.9098965,-7.1914749,0 107.9099330,-7.1915098,0</coordinates></LineString></Placemark>
<Placemark><name>700 m</name><styleUrl>#k</styleUrl><LineString><tessellate>1</tessellate><coordinates>107.9110719,-7.1915098,0 107.9110981,-7.1914766,0 107.9111051,-7.1914673,0 107.9111348,-7.1914247,0 107.9111410,-7.1914149,0 107.9111607,-7.1913821,0 107.9111839,-7.1913435,0 107.9111865,-7.1913395,0 107.9112185,-7.1912970,0 107.9112269,-7.1912873,0 107.9112653,-7.1912544,0 107.9112698,-7.1912511,0 107.9113127,-7.1912318,0 107.9113556,-7.1912224,0 107.9113985,-7.1912213,0 107.9114414,-7.1912262,0 107.9114843,-7.1912349,0 107.9115273,-7.1912464,0 107.9115502,-7.1912544,0 107.9115702,-7.1912628,0 107.9116131,-7.1912857,0 107.9116319,-7.1912970,0 107.9116560,-7.1913145,0 107.9116955,-7.1913395,0 107.9116989,-7.1913419,0 107.9117418,-7.1913655,0 107.9117848,-7.1913821,0 107.9117848,-7.1913821,0 107.9118277,-7.1913990,0 107.9118706,-7.1914171,0 107.9118911,-7.1914247,0 107.9119135,-7.1914357,0 107.9119564,-7.1914438,0 107.9119993,-7.1914397,0 107.9120422,-7.1914353,0 107.9120852,-7.1914380,0 107.9121281,-7.1914513,0 107.9121583,-7.1914673,0 107.9121710,-7.1914761,0 107.9122139,-7.1915098,0</coordinates></LineString></Placemark>
<Placemark><name>700 m</name><styleUrl>#k</styleUrl><LineString><tessellate>1</tessellate><coordinates>107.9124151,-7.1915098,0 107.9124285,-7.1914808,0 107.9124364,-7.1914673,0 107.9124626,-7.1914247,0 107.9124714,-7.1914100,0 107.9125143,-7.1913995,0 107.9125572,-7.1914247,0 107.9125572,-7.1914247,0 107.9126001,-7.1914408,0 107.9126431,-7.1914364,0 107.9126794,-7.1914247,0 107.9126860,-7.1914229,0 107.9127289,-7.1914043,0 107.9127711,-7.1913821,0 107.9127718,-7.1913818,0 107.9128147,-7.1913494,0 107.9128252,-7.1913395,0 107.9128576,-7.1913066,0 107.9128665,-7.1912970,0 107.9128965,-7.1912544,0 107.9129006,-7.1912453,0 107.9129155,-7.1912118,0 107.9129297,-7.1911692,0 107.9129435,-7.1911347,0 107.9129472,-7.1911266,0 107.9129794,-7.1910841,0 107.9129864,-7.1910778,0 107.9130293,-7.1910507,0 107.9130508,-7.1910415,0 107.9130722,-7.1910335,0 107.9131151,-7.1910212,0 107.9131580,-7.1910079,0 107.9131807,-7.1909989,0 107.9132010,-7.1909893,0 107.9132439,-7.1909649,0 107.9132587,-7.1909563,0 107.9132868,-7.1909391,0 107.9133297,-7.1909235,0 107.9133726,-7.1909198,0 107.9134155,-7.1909229,0 107.9134585,-7.1909278,0 107.9135014,-7.1909313,0 107.9135443,-7.1909323,0 107.9135872,-7.1909313,0 107.9136301,-7.1909290,0 107.9136730,-7.1909271,0 107.9137159,-7.1909266,0 107.9137589,-7.1909271,0 107.9138018,-7.1909280,0 107.9138447,-7.1909287,0 107.9138876,-7.1909289,0 107.9139305,-7.1909287,0 107.9139734,-7.1909287,0 107.9140164,-7.1909282,0 107.9140593,-7.1909272,0 107.9141022,-7.1909254,0 107.9141451,-7.1909235,0 107.9141880,-7.1909228,0 107.9142309,-7.1909236,0 107.9142738,-7.1909253,0 107.9143168,-7.1909254,0 107.9143597,-7.1909257,0 107.9144026,-7.1909254,0 107.9144455,-7.1909244,0 107.9144884,-7.1909244,0 107.9145313,-7.1909350,0 107.9145428,-7.1909563,0 107.9145423,-7.1909989,0 107.9145342,-7.1910415,0 107.9145313,-7.1910489,0 107.9145206,-7.1910841,0 107.9144948,-7.1911266,0 107.9144884,-7.1911333,0 107.9144540,-7.1911692,0 107.9144455,-7.1911766,0 107.9144052,-7.1912118,0 107.9144026,-7.1912142,0 107.9143597,-7.1912520,0 107.9143570,-7.1912544,0 107.9143168,-7.1912953,0 107.9143151,-7.1912970,0 107.9142744,-7.1913395,0 107.9142738,-7.1913401,0 107.9142309,-7.1913816,0 107.9142303,-7.1913821,0 107.9141880,-7.1914220,0 107.9141852,-7.1914247,0 107.9141451,-7.1914661,0 107.9141441,-7.1914673,0 107.9141062,-7.1915098,0</coordinates></LineString></Placemark>
<Placemark><name>700 m</name><styleUrl>#k</styleUrl><LineString><tessellate>1</tessellate><coordinates>107.9159007,-7.1915098,0 107.9158985,-7.1914673,0 107.9158885,-7.1914247,0 107.9158738,-7.1913821,0 107.9158629,-7.1913395,0 107.9158697,-7.1912970,0 107.9159046,-7.1912752,0 107.9159424,-7.1912970,0 107.9159475,-7.1913017,0 107.9159727,-7.1913395,0 107.9159905,-7.1913757,0 107.9159946,-7.1913821,0 107.9160162,-7.1914247,0 107.9160334,-7.1914502,0 107.9160763,-7.1914377,0 107.9160963,-7.1914247,0 107.9161192,-7.1914196,0 107.9161621,-7.1914159,0 107.9162050,-7.1914230,0 107.9162078,-7.1914247,0 107.9162479,-7.1914605,0 107.9162520,-7.1914673,0 107.9162627,-7.1915098,0</coordinates></LineString></Placemark>
<Placemark><name>700 m</name><styleUrl>#k</styleUrl><LineString><tessellate>1</tessellate><coordinates>107.9126431,-7.1786831,0 107.9126860,-7.1786725,0 107.9127289,-7.1786675,0 107.9127718,-7.1786642,0 107.9128147,-7.1786617,0 107.9128576,-7.1786594,0 107.9129006,-7.1786568,0 107.9129435,-7.1786530,0 107.9129864,-7.1786512,0 107.9130293,-7.1786512,0 107.9130722,-7.1786512,0 107.9131151,-7.1786512,0 107.9131580,-7.1786938,0 107.9131580,-7.1787363,0 107.9131580,-7.1787789,0 107.9131580,-7.1788215,0 107.9131151,-7.1788502,0 107.9131057,-7.1788641,0 107.9130722,-7.1788973,0 107.9130628,-7.1789067,0 107.9130293,-7.1789399,0 107.9130199,-7.1789492,0 107.9129864,-7.1789825,0 107.9129767,-7.1789918,0 107.9129435,-7.1790248,0 107.9129341,-7.1790344,0 107.9129006,-7.1790677,0 107.9128912,-7.1790770,0 107.9128576,-7.1791102,0 107.9128482,-7.1791196,0 107.9128147,-7.1791528,0 107.9128050,-7.1791621,0 107.9127718,-7.1791926,0 107.9127564,-7.1792047,0 107.9127289,-7.1792212,0 107.9126860,-7.1792403,0 107.9126663,-7.1792473,0 107.9126431,-7.1792544,0 107.9126001,-7.1792506,0 107.9125934,-7.1792473,0 107.9125572,-7.1792293,0 107.9125143,-7.1792080,0 107.9125076,-7.1792047,0 107.9124714,-7.1791789,0 107.9124552,-7.1791621,0 107.9124552,-7.1791196,0 107.9124552,-7.1790770,0 107.9124552,-7.1790344,0 107.9124639,-7.1789918,0 107.9124714,-7.1789812,0 107.9125036,-7.1789492,0 107.9125143,-7.1789386,0 107.9125465,-7.1789067,0 107.9125572,-7.1788960,0 107.9125894,-7.1788641,0 107.9126001,-7.1788493,0 107.9126209,-7.1788215,0 107.9126244,-7.1787789,0 107.9126288,-7.1787363,0 107.9126359,-7.1786938,0 107.9126431,-7.1786831,0</coordinates></LineString></Placemark>
<Placemark><name>700 m</name><styleUrl>#k</styleUrl><LineString><tessellate>1</tessellate><coordinates>107.9060341,-7.1805672,0 107.9060341,-7.1805672,0 107.9060341,-7.1805672,0 107.9060341,-7.1805672,0 107.9060341,-7.1805672,0</coordinates></LineString></Placemark>
<Placemark><name>700 m</name><styleUrl>#k</styleUrl><LineString><tessellate>1</tessellate><coordinates>107.9049183,-7.1812298,0 107.9048935,-7.1812485,0 107.9048804,-7.1812911,0 107.9048886,-7.1813337,0 107.9049022,-7.1813762,0 107.9048754,-7.1813999,0 107.9048325,-7.1813995,0 107.9047896,-7.1813969,0 107.9047466,-7.1813966,0 107.9047037,-7.1814000,0 107.9046608,-7.1814059,0 107.9046179,-7.1814101,0 107.9045750,-7.1814039,0 107.9045321,-7.1813833,0 107.9045144,-7.1813762,0 107.9044891,-7.1813712,0 107.9044462,-7.1813711,0 107.9044270,-7.1813762,0 107.9044033,-7.1813854,0 107.9043722,-7.1814188,0 107.9043609,-7.1814614,0 107.9043660,-7.1815040,0 107.9043816,-7.1815465,0 107.9044033,-7.1815881,0 107.9044053,-7.1815891,0 107.9044462,-7.1816054,0 107.9044891,-7.1815979,0 107.9045115,-7.1815891,0 107.9045321,-7.1815777,0 107.9045750,-7.1815561,0 107.9046179,-7.1815497,0 107.9046608,-7.1815526,0 107.9047037,-7.1815594,0 107.9047466,-7.1815645,0 107.9047896,-7.1815655,0 107.9048325,-7.1815636,0 107.9048754,-7.1815614,0 107.9049183,-7.1815607,0 107.9049612,-7.1815618,0 107.9050041,-7.1815646,0 107.9050470,-7.1815669,0 107.9050900,-7.1815678,0 107.9050999,-7.1815465,0 107.9051145,-7.1815040,0 107.9051148,-7.1814614,0 107.9050985,-7.1814188,0 107.9050900,-7.1814101,0 107.9050470,-7.1813812,0 107.9050338,-7.1813762,0 107.9050041,-7.1813639,0 107.9049648,-7.1813337,0 107.9049612,-7.1813242,0 107.9049476,-7.1812911,0 107.9049322,-7.1812485,0 107.9049183,-7.1812298,0</coordinates></LineString></Placemark>
<Placemark><name>700 m</name><styleUrl>#k</styleUrl><LineString><tessellate>1</tessellate><coordinates>107.9051329,-7.1815716,0 107.9051028,-7.1815891,0 107.9050900,-7.1816317,0 107.9050900,-7.1816317,0 107.9050827,-7.1816743,0 107.9050775,-7.1817169,0 107.9050718,-7.1817594,0 107.9050649,-7.1818020,0 107.9050575,-7.1818446,0 107.9050629,-7.1818872,0 107.9050900,-7.1819079,0 107.9051329,-7.1819026,0 107.9051758,-7.1818943,0 107.9052187,-7.1818966,0 107.9052616,-7.1819166,0 107.9052772,-7.1819298,0 107.9053045,-7.1819499,0 107.9053390,-7.1819723,0 107.9053475,-7.1819764,0 107.9053904,-7.1819923,0 107.9054333,-7.1820026,0 107.9054762,-7.1820114,0 107.9054925,-7.1820149,0 107.9055191,-7.1820238,0 107.9055620,-7.1820575,0 107.9055620,-7.1820575,0 107.9056049,-7.1820721,0 107.9056235,-7.1820575,0 107.9056479,-7.1820213,0 107.9056518,-7.1820149,0 107.9056622,-7.1819723,0 107.9056479,-7.1819663,0 107.9056049,-7.1819457,0 107.9055988,-7.1819298,0 107.9055953,-7.1818872,0 107.9055993,-7.1818446,0 107.9056016,-7.1818020,0 107.9055983,-7.1817594,0 107.9055821,-7.1817169,0 107.9055620,-7.1816890,0 107.9055509,-7.1816743,0 107.9055191,-7.1816419,0 107.9055093,-7.1816317,0 107.9054762,-7.1816017,0 107.9054601,-7.1815891,0 107.9054333,-7.1815727,0 107.9053904,-7.1815586,0 107.9053475,-7.1815548,0 107.9053045,-7.1815574,0 107.9052616,-7.1815626,0 107.9052187,-7.1815672,0 107.9051758,-7.1815699,0 107.9051329,-7.1815716,0</coordinates></LineString></Placemark>
<Placemark><name>700 m</name><styleUrl>#k</styleUrl><LineString><tessellate>1</tessellate><coordinates>107.9077078,-7.1817020,0 107.9077507,-7.1817169,0 107.9077507,-7.1817594,0 107.9077507,-7.1818020,0 107.9077507,-7.1818446,0 107.9077507,-7.1818872,0 107.9077269,-7.1819298,0 107.9077078,-7.1819367,0 107.9076951,-7.1819298,0 107.9076649,-7.1819109,0 107.9076434,-7.1818872,0 107.9076230,-7.1818446,0 107.9076220,-7.1818361,0 107.9076178,-7.1818020,0 107.9076220,-7.1817680,0 107.9076246,-7.1817594,0 107.9076649,-7.1817317,0 107.9076878,-7.1817169,0 107.9077078,-7.1817020,0</coordinates></LineString></Placemark>
<Placemark><name>700 m</name><styleUrl>#k</styleUrl><LineString><tessellate>1</tessellate><coordinates>107.9109264,-7.1817169,0 107.9109694,-7.1817169,0 107.9110123,-7.1817169,0 107.9110552,-7.1817169,0 107.9110981,-7.1817169,0 107.9111410,-7.1817169,0 107.9111839,-7.1817169,0 107.9112269,-7.1817169,0 107.9112698,-7.1817169,0 107.9113127,-7.1817169,0 107.9113556,-7.1817169,0 107.9113985,-7.1817169,0 107.9114414,-7.1817594,0 107.9114414,-7.1818020,0 107.9114414,-7.1818446,0 107.9114414,-7.1818872,0 107.9114414,-7.1819298,0 107.9114414,-7.1819723,0 107.9114414,-7.1820149,0 107.9114414,-7.1820575,0 107.9114414,-7.1821001,0 107.9114414,-7.1821426,0 107.9114414,-7.1821852,0 107.9114414,-7.1822278,0 107.9113985,-7.1822317,0 107.9113556,-7.1822420,0 107.9113127,-7.1822525,0 107.9112698,-7.1822635,0 107.9112269,-7.1822704,0 107.9111839,-7.1822704,0 107.9111410,-7.1822704,0 107.9110981,-7.1822704,0 107.9110552,-7.1822704,0 107.9110123,-7.1822704,0 107.9109694,-7.1822704,0 107.9109264,-7.1822704,0 107.9108835,-7.1822278,0 107.9108835,-7.1821852,0 107.9108835,-7.1821426,0 107.9108835,-7.1821001,0 107.9108835,-7.1820575,0 107.9108835,-7.1820149,0 107.9108835,-7.1819723,0 107.9108835,-7.1819298,0 107.9108835,-7.1818872,0 107.9108835,-7.1818446,0 107.9108835,-7.1818020,0 107.9108835,-7.1817594,0 107.9109264,-7.1817169,0</coordinates></LineString></Placemark>
<Placemark><name>700 m</name><styleUrl>#k</styleUrl><LineString><tessellate>1</tessellate><coordinates>107.9119564,-7.1817538,0 107.9119993,-7.1817484,0 107.9120422,-7.1817455,0 107.9120852,-7.1817439,0 107.9121281,-7.1817432,0 107.9121710,-7.1817432,0 107.9122139,-7.1817432,0 107.9122568,-7.1817432,0 107.9122997,-7.1817441,0 107.9123427,-7.1817457,0 107.9123856,-7.1817488,0 107.9124285,-7.1817547,0 107.9124714,-7.1817594,0 107.9124714,-7.1818020,0 107.9124714,-7.1818446,0 107.9124714,-7.1818872,0 107.9124651,-7.1819298,0 107.9124581,-7.1819723,0 107.9124529,-7.1820149,0 107.9124492,-7.1820575,0 107.9124285,-7.1820938,0 107.9124251,-7.1821001,0 107.9123856,-7.1821393,0 107.9123822,-7.1821426,0 107.9123427,-7.1821819,0 107.9123393,-7.1821852,0 107.9122997,-7.1822245,0 107.9122936,-7.1822278,0 107.9122568,-7.1822415,0 107.9122139,-7.1822428,0 107.9121710,-7.1822446,0 107.9121281,-7.1822466,0 107.9120852,-7.1822470,0 107.9120422,-7.1822439,0 107.9119993,-7.1822392,0 107.9119564,-7.1822324,0 107.9119135,-7.1822278,0 107.9119135,-7.1821852,0 107.9119135,-7.1821426,0 107.9119135,-7.1821001,0 107.9119135,-7.1820575,0 107.9119135,-7.1820149,0 107.9119135,-7.1819723,0 107.9119135,-7.1819298,0 107.9119135,-7.1818872,0 107.9119135,-7.1818446,0 107.9119135,-7.1818020,0 107.9119135,-7.1817594,0 107.9119564,-7.1817538,0</coordinates></LineString></Placemark>
<Placemark><name>700 m</name><styleUrl>#k</styleUrl><LineString><tessellate>1</tessellate><coordinates>107.9056908,-7.1819298,0 107.9056908,-7.1819298,0 107.9056908,-7.1819298,0 107.9057337,-7.1819408,0 107.9057504,-7.1819298,0 107.9057337,-7.1819099,0 107.9056908,-7.1819298,0</coordinates></LineString></Placemark>
<Placemark><name>700 m</name><styleUrl>#k</styleUrl><LineString><tessellate>1</tessellate><coordinates>107.9103685,-7.1819211,0 107.9104115,-7.1819085,0 107.9104544,-7.1819124,0 107.9104973,-7.1819173,0 107.9105402,-7.1819258,0 107.9105831,-7.1819298,0 107.9105831,-7.1819723,0 107.9105831,-7.1820149,0 107.9105831,-7.1820575,0 107.9105831,-7.1821001,0 107.9105831,-7.1821426,0 107.9105831,-7.1821852,0 107.9105831,-7.1822278,0 107.9105402,-7.1822704,0 107.9104973,-7.1822704,0 107.9104544,-7.1822704,0 107.9104115,-7.1822704,0 107.9103685,-7.1822663,0 107.9103256,-7.1822553,0 107.9102827,-7.1822446,0 107.9102398,-7.1822343,0 107.9102353,-7.1822278,0 107.9102282,-7.1821852,0 107.9102236,-7.1821426,0 107.9102200,-7.1821001,0 107.9102331,-7.1820575,0 107.9102398,-7.1820488,0 107.9102740,-7.1820149,0 107.9102827,-7.1820063,0 107.9103169,-7.1819723,0 107.9103256,-7.1819637,0 107.9103598,-7.1819298,0 107.9103685,-7.1819211,0</coordinates></LineString></Placemark>
<Placemark><name>700 m</name><styleUrl>#k</styleUrl><LineString><tessellate>1</tessellate><coordinates>107.9080082,-7.1822278,0 107.9080511,-7.1822278,0 107.9080940,-7.1822278,0 107.9081369,-7.1822278,0 107.9081656,-7.1822704,0 107.9081799,-7.1822810,0 107.9082121,-7.1823130,0 107.9082228,-7.1823236,0 107.9082550,-7.1823555,0 107.9082657,-7.1823662,0 107.9082979,-7.1823981,0 107.9083086,-7.1824201,0 107.9083187,-7.1824407,0 107.9083187,-7.1824833,0 107.9083187,-7.1825259,0 107.9083187,-7.1825684,0 107.9083187,-7.1826110,0 107.9083187,-7.1826536,0 107.9083187,-7.1826962,0 107.9083187,-7.1827387,0 107.9083187,-7.1827813,0 107.9083187,-7.1828239,0 107.9083187,-7.1828665,0 107.9083187,-7.1829091,0 107.9083187,-7.1829516,0 107.9083187,-7.1829942,0 107.9083187,-7.1830368,0 107.9083187,-7.1830794,0 107.9083186,-7.1831220,0 107.9083183,-7.1831645,0 107.9083189,-7.1832071,0 107.9083181,-7.1832497,0 107.9083086,-7.1832923,0 107.9082657,-7.1832923,0 107.9082228,-7.1832923,0 107.9081799,-7.1832923,0 107.9081369,-7.1832899,0 107.9080940,-7.1832834,0 107.9080511,-7.1832781,0 107.9080082,-7.1832747,0 107.9079653,-7.1832634,0 107.9079517,-7.1832497,0 107.9079224,-7.1832206,0 107.9079087,-7.1832071,0 107.9078795,-7.1831781,0 107.9078658,-7.1831645,0 107.9078365,-7.1831355,0 107.9078227,-7.1831220,0 107.9078023,-7.1830794,0 107.9078023,-7.1830368,0 107.9078023,-7.1829942,0 107.9078023,-7.1829516,0 107.9078023,-7.1829091,0 107.9078023,-7.1828665,0 107.9078023,-7.1828239,0 107.9078023,-7.1827813,0 107.9078023,-7.1827387,0 107.9078023,-7.1826962,0 107.9078023,-7.1826536,0 107.9078023,-7.1826110,0 107.9078032,-7.1825684,0 107.9078060,-7.1825259,0 107.9078111,-7.1824833,0 107.9078215,-7.1824407,0 107.9078365,-7.1824314,0 107.9078795,-7.1824207,0 107.9079224,-7.1824101,0 107.9079653,-7.1824007,0 107.9079672,-7.1823981,0 107.9079711,-7.1823555,0 107.9079780,-7.1823130,0 107.9079924,-7.1822704,0 107.9080082,-7.1822278,0</coordinates></LineString></Placemark>
<Placemark><name>700 m</name><styleUrl>#k</styleUrl><LineString><tessellate>1</tessellate><coordinates>107.9053904,-7.1826063,0 107.9053864,-7.1826110,0 107.9053536,-7.1826536,0 107.9053475,-7.1826594,0 107.9053148,-7.1826962,0 107.9053045,-7.1827047,0 107.9052678,-7.1827387,0 107.9052616,-7.1827458,0 107.9052364,-7.1827813,0 107.9052187,-7.1828239,0 107.9052187,-7.1828239,0 107.9052139,-7.1828665,0 107.9051758,-7.1828878,0 107.9051329,-7.1828965,0 107.9051103,-7.1829091,0 107.9050900,-7.1829194,0 107.9050591,-7.1829516,0 107.9050470,-7.1829650,0 107.9050213,-7.1829942,0 107.9050041,-7.1830121,0 107.9049612,-7.1830368,0 107.9049612,-7.1830368,0 107.9049183,-7.1830695,0 107.9049090,-7.1830794,0 107.9049183,-7.1831149,0 107.9049290,-7.1831220,0 107.9049612,-7.1831257,0 107.9049827,-7.1831220,0 107.9050041,-7.1831147,0 107.9050470,-7.1831016,0 107.9050900,-7.1830994,0 107.9051329,-7.1831069,0 107.9051758,-7.1831155,0 107.9052187,-7.1831128,0 107.9052616,-7.1830826,0 107.9052639,-7.1830794,0 107.9052777,-7.1830368,0 107.9052855,-7.1829942,0 107.9053045,-7.1829680,0 107.9053475,-7.1829608,0 107.9053818,-7.1829516,0 107.9053904,-7.1829491,0 107.9054333,-7.1829102,0 107.9054340,-7.1829091,0 107.9054395,-7.1828665,0 107.9054340,-7.1828239,0 107.9054333,-7.1828204,0 107.9054202,-7.1827813,0 107.9054164,-7.1827387,0 107.9054264,-7.1826962,0 107.9054333,-7.1826772,0 107.9054378,-7.1826536,0 107.9054382,-7.1826110,0 107.9054333,-7.1826009,0 107.9053904,-7.1826063,0</coordinates></LineString></Placemark>
<Placemark><name>700 m</name><styleUrl>#k</styleUrl><LineString><tessellate>1</tessellate><coordinates>107.9103685,-7.1827663,0 107.9104115,-7.1827387,0 107.9104544,-7.1827387,0 107.9104973,-7.1827387,0 107.9105402,-7.1827387,0 107.9105431,-7.1827813,0 107.9105472,-7.1828239,0 107.9105511,-7.1828665,0 107.9105543,-7.1829091,0 107.9105402,-7.1829395,0 107.9105348,-7.1829516,0 107.9104973,-7.1829888,0 107.9104918,-7.1829942,0 107.9104544,-7.1830314,0 107.9104489,-7.1830368,0 107.9104115,-7.1830740,0 107.9104058,-7.1830794,0 107.9103685,-7.1831164,0 107.9103631,-7.1831220,0 107.9103256,-7.1831591,0 107.9103202,-7.1831645,0 107.9102827,-7.1832017,0 107.9102773,-7.1832071,0 107.9102398,-7.1832443,0 107.9102310,-7.1832497,0 107.9101969,-7.1832713,0 107.9101540,-7.1832682,0 107.9101111,-7.1832632,0 107.9100681,-7.1832568,0 107.9100586,-7.1832497,0 107.9100496,-7.1832071,0 107.9100440,-7.1831645,0 107.9100405,-7.1831220,0 107.9100393,-7.1830794,0 107.9100393,-7.1830368,0 107.9100393,-7.1829942,0 107.9100393,-7.1829516,0 107.9100645,-7.1829091,0 107.9100681,-7.1829062,0 107.9101111,-7.1828807,0 107.9101432,-7.1828665,0 107.9101540,-7.1828625,0 107.9101969,-7.1828494,0 107.9102398,-7.1828377,0 107.9102806,-7.1828239,0 107.9102827,-7.1828231,0 107.9103256,-7.1828031,0 107.9103594,-7.1827813,0 107.9103685,-7.1827663,0</coordinates></LineString></Placemark>
<Placemark><name>700 m</name><styleUrl>#k</styleUrl><LineString><tessellate>1</tessellate><coordinates>107.9066778,-7.1840852,0 107.9067207,-7.1840808,0 107.9067637,-7.1840958,0 107.9067706,-7.1841013,0 107.9068056,-7.1841438,0 107.9068066,-7.1841465,0 107.9068156,-7.1841864,0 107.9068155,-7.1842290,0 107.9068072,-7.1842716,0 107.9068066,-7.1842732,0 107.9067800,-7.1843142,0 107.9067637,-7.1843286,0 107.9067207,-7.1843454,0 107.9066778,-7.1843419,0 107.9066363,-7.1843142,0 107.9066349,-7.1843127,0 107.9066138,-7.1842716,0 107.9066020,-7.1842290,0 107.9066014,-7.1841864,0 107.9066154,-7.1841438,0 107.9066349,-7.1841143,0 107.9066501,-7.1841013,0 107.9066778,-7.1840852,0</coordinates></LineString></Placemark>
<Placemark><name>700 m</name><styleUrl>#k</styleUrl><LineString><tessellate>1</tessellate><coordinates>107.9049612,-7.1847559,0 107.9049210,-7.1847825,0 107.9049183,-7.1847858,0 107.9048996,-7.1848251,0 107.9048930,-7.1848677,0 107.9048999,-7.1849103,0 107.9049183,-7.1849451,0 107.9049269,-7.1849528,0 107.9049183,-7.1849699,0 107.9048754,-7.1849644,0 107.9048325,-7.1849578,0 107.9047896,-7.1849591,0 107.9047466,-7.1849715,0 107.9047200,-7.1849954,0 107.9047037,-7.1850305,0 107.9047017,-7.1850380,0 107.9047010,-7.1850806,0 107.9047037,-7.1850919,0 107.9047140,-7.1851231,0 107.9047466,-7.1851645,0 107.9047485,-7.1851657,0 107.9047896,-7.1851777,0 107.9048325,-7.1851748,0 107.9048702,-7.1851657,0 107.9048754,-7.1851638,0 107.9049183,-7.1851334,0 107.9049289,-7.1851231,0 107.9049467,-7.1850806,0 107.9049505,-7.1850380,0 107.9049344,-7.1849954,0 107.9049612,-7.1849790,0 107.9050041,-7.1849812,0 107.9050470,-7.1849800,0 107.9050900,-7.1849729,0 107.9051305,-7.1849528,0 107.9051315,-7.1849103,0 107.9051119,-7.1848677,0 107.9050900,-7.1848302,0 107.9050867,-7.1848251,0 107.9050521,-7.1847825,0 107.9050470,-7.1847772,0 107.9050041,-7.1847529,0 107.9049612,-7.1847559,0</coordinates></LineString></Placemark>
<Placemark><name>700 m</name><styleUrl>#k</styleUrl><LineString><tessellate>1</tessellate><coordinates>107.9073645,-7.1851223,0 107.9073859,-7.1851231,0 107.9074074,-7.1851246,0 107.9074503,-7.1851393,0 107.9074932,-7.1851544,0 107.9075361,-7.1851615,0 107.9075791,-7.1851615,0 107.9076220,-7.1851581,0 107.9076649,-7.1851528,0 107.9077078,-7.1851430,0 107.9077507,-7.1851657,0 107.9077507,-7.1852083,0 107.9077078,-7.1852133,0 107.9076798,-7.1852509,0 107.9076649,-7.1852935,0 107.9076649,-7.1852935,0 107.9076434,-7.1853360,0 107.9076220,-7.1853511,0 107.9075791,-7.1853419,0 107.9075576,-7.1853360,0 107.9075361,-7.1853292,0 107.9074932,-7.1853188,0 107.9074503,-7.1853153,0 107.9074074,-7.1853159,0 107.9073645,-7.1853184,0 107.9073216,-7.1853229,0 107.9073001,-7.1853360,0 107.9073073,-7.1853786,0 107.9073103,-7.1854212,0 107.9073119,-7.1854638,0 107.9073128,-7.1855063,0 107.9073132,-7.1855489,0 107.9073130,-7.1855915,0 107.9073128,-7.1856341,0 107.9073126,-7.1856767,0 107.9073120,-7.1857192,0 107.9073117,-7.1857618,0 107.9073123,-7.1858044,0 107.9073164,-7.1858470,0 107.9073216,-7.1858706,0 107.9073359,-7.1858896,0 107.9073457,-7.1859321,0 107.9073359,-7.1859747,0 107.9073216,-7.1859917,0 107.9072786,-7.1860134,0 107.9072357,-7.1860144,0 107.9071928,-7.1860102,0 107.9071499,-7.1860064,0 107.9071070,-7.1860043,0 107.9070641,-7.1860043,0 107.9070212,-7.1860050,0 107.9069782,-7.1860054,0 107.9069353,-7.1860059,0 107.9068924,-7.1860061,0 107.9068495,-7.1860058,0 107.9068066,-7.1860061,0 107.9067637,-7.1860054,0 107.9067207,-7.1860058,0 107.9066778,-7.1860055,0 107.9066349,-7.1860057,0 107.9065920,-7.1860060,0 107.9065491,-7.1860061,0 107.9065062,-7.1860071,0 107.9064633,-7.1860082,0 107.9064203,-7.1860051,0 107.9063774,-7.1860003,0 107.9063345,-7.1859990,0 107.9062916,-7.1860057,0 107.9062487,-7.1860112,0 107.9062058,-7.1860173,0 107.9062058,-7.1860173,0 107.9061628,-7.1860203,0 107.9061485,-7.1860173,0 107.9061199,-7.1860116,0 107.9060770,-7.1859747,0 107.9060770,-7.1859747,0 107.9060341,-7.1859411,0 107.9060185,-7.1859321,0 107.9059912,-7.1859179,0 107.9059483,-7.1859046,0 107.9059197,-7.1858896,0 107.9059268,-7.1858470,0 107.9059483,-7.1858323,0 107.9059912,-7.1858251,0 107.9060341,-7.1858287,0 107.9060770,-7.1858343,0 107.9061199,-7.1858365,0 107.9061628,-7.1858348,0 107.9062058,-7.1858322,0 107.9062487,-7.1858318,0 107.9062916,-7.1858394,0 107.9063202,-7.1858470,0 107.9063345,-7.1858559,0 107.9063774,-7.1858721,0 107.9064203,-7.1858632,0 107.9064318,-7.1858470,0 107.9064633,-7.1858247,0 107.9064750,-7.1858044,0 107.9065047,-7.1857618,0 107.9065062,-7.1857597,0 107.9065253,-7.1857192,0 107.9065410,-7.1856767,0 107.9065491,-7.1856459,0 107.9065520,-7.1856341,0 107.9065615,-7.1855915,0 107.9065749,-7.1855489,0 107.9065920,-7.1855212,0 107.9066049,-7.1855063,0 107.9066349,-7.1854863,0 107.9066778,-7.1854651,0 107.9066806,-7.1854638,0 107.9067207,-7.1854461,0 107.9067637,-7.1854225,0 107.9067657,-7.1854212,0 107.9068066,-7.1853948,0 107.9068310,-7.1853786,0 107.9068495,-7.1853670,0 107.9068924,-7.1853445,0 107.9069147,-7.1853360,0 107.9069353,-7.1853286,0 107.9069782,-7.1853189,0 107.9070212,-7.1853150,0 107.9070641,-7.1853149,0 107.9071070,-7.1853171,0 107.9071499,-7.1853195,0 107.9071928,-7.1853208,0 107.9072357,-7.1853211,0 107.9072786,-7.1853190,0 107.9072958,-7.1852935,0 107.9072894,-7.1852509,0 107.9072897,-7.1852083,0 107.9073046,-7.1851657,0 107.9073216,-7.1851451,0 107.9073619,-7.1851231,0 107.9073645,-7.1851223,0</coordinates></LineString></Placemark>
<Placemark><name>700 m</name><styleUrl>#k</styleUrl><LineString><tessellate>1</tessellate><coordinates>107.9062916,-7.1863579,0 107.9063077,-7.1864005,0 107.9063345,-7.1864431,0 107.9063345,-7.1864856,0 107.9062916,-7.1865123,0 107.9062677,-7.1864856,0 107.9062630,-7.1864431,0 107.9062701,-7.1864005,0 107.9062916,-7.1863579,0</coordinates></LineString></Placemark>
<Placemark><name>700 m</name><styleUrl>#k</styleUrl><LineString><tessellate>1</tessellate><coordinates>107.9035450,-7.1873547,0 107.9035231,-7.1873798,0 107.9035103,-7.1874224,0 107.9035106,-7.1874649,0 107.9035181,-7.1875075,0 107.9035298,-7.1875501,0 107.9035450,-7.1875854,0 107.9035494,-7.1875927,0 107.9035879,-7.1876254,0 107.9036094,-7.1876353,0 107.9036308,-7.1876416,0 107.9036738,-7.1876467,0 107.9037167,-7.1876425,0 107.9037377,-7.1876353,0 107.9037596,-7.1876249,0 107.9037935,-7.1875927,0 107.9038025,-7.1875723,0 107.9038090,-7.1875501,0 107.9038059,-7.1875075,0 107.9038025,-7.1874978,0 107.9037885,-7.1874649,0 107.9037596,-7.1874224,0 107.9037596,-7.1874224,0 107.9037167,-7.1873826,0 107.9037127,-7.1873798,0 107.9036738,-7.1873562,0 107.9036308,-7.1873409,0 107.9035879,-7.1873382,0 107.9035450,-7.1873547,0</coordinates></LineString></Placemark>
<Placemark><name>700 m</name><styleUrl>#k</styleUrl><LineString><tessellate>1</tessellate><coordinates>107.9144026,-7.1905714,0 107.9144348,-7.1905731,0 107.9144455,-7.1905742,0 107.9144884,-7.1905851,0 107.9145313,-7.1905962,0 107.9145743,-7.1906037,0 107.9146172,-7.1906078,0 107.9146601,-7.1906028,0 107.9147030,-7.1905833,0 107.9147209,-7.1905731,0 107.9147459,-7.1905672,0 107.9147888,-7.1905633,0 107.9148317,-7.1905707,0 107.9148362,-7.1905731,0 107.9148705,-7.1906157,0 107.9148747,-7.1906413,0 107.9148764,-7.1906583,0 107.9148747,-7.1906725,0 107.9148665,-7.1907009,0 107.9148519,-7.1907434,0 107.9148634,-7.1907860,0 107.9148747,-7.1908097,0 107.9148784,-7.1908286,0 107.9148810,-7.1908712,0 107.9148747,-7.1908974,0 107.9148680,-7.1909138,0 107.9148317,-7.1909382,0 107.9147888,-7.1909436,0 107.9147459,-7.1909380,0 107.9147030,-7.1909286,0 107.9146601,-7.1909207,0 107.9146172,-7.1909155,0 107.9146029,-7.1909138,0 107.9145790,-7.1908712,0 107.9145886,-7.1908286,0 107.9146172,-7.1907945,0 107.9146315,-7.1907860,0 107.9146601,-7.1907647,0 107.9146815,-7.1907434,0 107.9146601,-7.1907293,0 107.9146172,-7.1907374,0 107.9146029,-7.1907434,0 107.9145743,-7.1907605,0 107.9145313,-7.1907628,0 107.9144884,-7.1907560,0 107.9144455,-7.1907509,0 107.9144026,-7.1907484,0 107.9143597,-7.1907533,0 107.9143168,-7.1907711,0 107.9143001,-7.1907860,0 107.9142738,-7.1908094,0 107.9142497,-7.1908286,0 107.9142309,-7.1908452,0 107.9141880,-7.1908562,0 107.9141618,-7.1908286,0 107.9141589,-7.1907860,0 107.9141843,-7.1907434,0 107.9141880,-7.1907400,0 107.9142309,-7.1907108,0 107.9142446,-7.1907009,0 107.9142738,-7.1906731,0 107.9142846,-7.1906583,0 107.9143124,-7.1906157,0 107.9143168,-7.1906106,0 107.9143597,-7.1905804,0 107.9143897,-7.1905731,0 107.9144026,-7.1905714,0</coordinates></LineString></Placemark>
<Placemark><name>702 m</name><styleUrl>#k</styleUrl><LineString><tessellate>1</tessellate><coordinates>107.9076428,-7.1777145,0 107.9076407,-7.1777570,0 107.9076512,-7.1777996,0 107.9076649,-7.1778188,0 107.9076807,-7.1778422,0 107.9077078,-7.1778774,0 107.9077106,-7.1778848,0 107.9077235,-7.1779273,0 107.9077307,-7.1779699,0 107.9077371,-7.1780125,0 107.9077448,-7.1780551,0 107.9077507,-7.1780778,0 107.9077614,-7.1780977,0 107.9077924,-7.1781402,0 107.9077936,-7.1781410,0 107.9078365,-7.1781657,0 107.9078667,-7.1781828,0 107.9078795,-7.1781891,0 107.9079224,-7.1782104,0 107.9079525,-7.1782254,0 107.9079653,-7.1782317,0 107.9080082,-7.1782530,0 107.9080384,-7.1782680,0 107.9080511,-7.1782743,0 107.9080940,-7.1782956,0 107.9081242,-7.1783106,0 107.9081369,-7.1783207,0 107.9081621,-7.1783531,0 107.9081799,-7.1783772,0 107.9081940,-7.1783957,0 107.9082228,-7.1784264,0 107.9082359,-7.1784383,0 107.9082657,-7.1784613,0 107.9082968,-7.1784809,0 107.9083086,-7.1784910,0 107.9083502,-7.1785235,0 107.9083515,-7.1785248,0 107.9083931,-7.1785660,0 107.9083944,-7.1785674,0 107.9084360,-7.1786086,0 107.9084374,-7.1786100,0 107.9084789,-7.1786512,0 107.9084643,-7.1786938,0 107.9084388,-7.1787363,0 107.9084374,-7.1787392,0 107.9084209,-7.1787789,0 107.9084077,-7.1788215,0 107.9083963,-7.1788641,0 107.9083944,-7.1788700,0 107.9083813,-7.1789067,0 107.9083606,-7.1789492,0 107.9083515,-7.1789640,0 107.9083301,-7.1789918,0 107.9083086,-7.1790134,0 107.9082819,-7.1790344,0 107.9082657,-7.1790447,0 107.9082228,-7.1790655,0 107.9081915,-7.1790770,0 107.9081799,-7.1790807,0 107.9081369,-7.1790900,0 107.9080940,-7.1790900,0 107.9080511,-7.1790900,0 107.9080082,-7.1790900,0 107.9079653,-7.1790921,0 107.9079224,-7.1791051,0 107.9078854,-7.1791196,0 107.9078795,-7.1791223,0 107.9078365,-7.1791470,0 107.9078172,-7.1791621,0 107.9077936,-7.1791834,0 107.9077664,-7.1792047,0 107.9077507,-7.1792145,0 107.9077097,-7.1792473,0 107.9077078,-7.1792483,0 107.9076649,-7.1792564,0 107.9076220,-7.1792660,0 107.9075791,-7.1792807,0 107.9075592,-7.1792899,0 107.9075361,-7.1793050,0 107.9074997,-7.1793325,0 107.9074932,-7.1793388,0 107.9074503,-7.1793636,0 107.9074074,-7.1793674,0 107.9073645,-7.1793589,0 107.9073216,-7.1793478,0 107.9072786,-7.1793415,0 107.9072357,-7.1793403,0 107.9071928,-7.1793426,0 107.9071499,-7.1793449,0 107.9071070,-7.1793466,0 107.9070641,-7.1793466,0 107.9070212,-7.1793464,0 107.9069782,-7.1793464,0 107.9069353,-7.1793470,0 107.9068924,-7.1793483,0 107.9068495,-7.1793485,0 107.9068066,-7.1793473,0 107.9067637,-7.1793434,0 107.9067207,-7.1793395,0 107.9066778,-7.1793383,0 107.9066349,-7.1793434,0 107.9065920,-7.1793591,0 107.9065608,-7.1793750,0 107.9065491,-7.1793807,0 107.9065062,-7.1793899,0 107.9064696,-7.1793750,0 107.9064633,-7.1793689,0 107.9064526,-7.1793325,0 107.9064533,-7.1792899,0 107.9064586,-7.1792473,0 107.9064597,-7.1792047,0 107.9064441,-7.1791621,0 107.9064203,-7.1791368,0 107.9064018,-7.1791196,0 107.9063774,-7.1790999,0 107.9063503,-7.1790770,0 107.9063345,-7.1790608,0 107.9063082,-7.1790344,0 107.9062916,-7.1790153,0 107.9062564,-7.1789918,0 107.9062487,-7.1789880,0 107.9062058,-7.1789842,0 107.9061628,-7.1789893,0 107.9061525,-7.1789918,0 107.9061199,-7.1790012,0 107.9060770,-7.1790213,0 107.9060584,-7.1790344,0 107.9060341,-7.1790623,0 107.9060242,-7.1790770,0 107.9060006,-7.1791196,0 107.9059912,-7.1791328,0 107.9059611,-7.1791621,0 107.9059483,-7.1791696,0 107.9059054,-7.1791778,0 107.9058624,-7.1791759,0 107.9058195,-7.1791724,0 107.9057766,-7.1791737,0 107.9057337,-7.1791897,0 107.9057151,-7.1792047,0 107.9056928,-7.1792473,0 107.9056908,-7.1792606,0 107.9056870,-7.1792899,0 107.9056867,-7.1793325,0 107.9056875,-7.1793750,0 107.9056876,-7.1794176,0 107.9056872,-7.1794602,0 107.9056856,-7.1795028,0 107.9056820,-7.1795453,0 107.9056729,-7.1795879,0 107.9056485,-7.1796305,0 107.9056479,-7.1796312,0 107.9056056,-7.1796731,0 107.9056049,-7.1796736,0 107.9055690,-7.1797157,0 107.9055620,-7.1797243,0 107.9055411,-7.1797582,0 107.9055191,-7.1797984,0 107.9055179,-7.1798008,0 107.9055030,-7.1798434,0 107.9054986,-7.1798860,0 107.9055030,-7.1799286,0 107.9055092,-7.1799711,0 107.9055096,-7.1800137,0 107.9054992,-7.1800563,0 107.9054797,-7.1800989,0 107.9054762,-7.1801053,0 107.9054546,-7.1801414,0 107.9054333,-7.1801780,0 107.9054286,-7.1801840,0 107.9053990,-7.1802266,0 107.9053904,-7.1802399,0 107.9053622,-7.1802692,0 107.9053475,-7.1802838,0 107.9053149,-7.1803118,0 107.9053045,-7.1803197,0 107.9052649,-7.1803543,0 107.9052616,-7.1803568,0 107.9052192,-7.1803969,0 107.9052187,-7.1803974,0 107.9051758,-7.1804390,0 107.9051752,-7.1804395,0 107.9051329,-7.1804810,0 107.9051314,-7.1804821,0 107.9050900,-7.1805247,0 107.9050900,-7.1805247,0 107.9050540,-7.1805672,0 107.9050470,-7.1805843,0 107.9050316,-7.1806098,0 107.9050266,-7.1806524,0 107.9050440,-7.1806950,0 107.9050470,-7.1806978,0 107.9050900,-7.1807124,0 107.9051329,-7.1807029,0 107.9051758,-7.1806963,0 107.9052187,-7.1807026,0 107.9052616,-7.1807251,0 107.9052766,-7.1807376,0 107.9053045,-7.1807786,0 107.9053055,-7.1807801,0 107.9053213,-7.1808227,0 107.9053475,-7.1808486,0 107.9053750,-7.1808653,0 107.9053904,-7.1808694,0 107.9054333,-7.1808883,0 107.9054738,-7.1809079,0 107.9054762,-7.1809087,0 107.9055191,-7.1809283,0 107.9055620,-7.1809479,0 107.9055669,-7.1809504,0 107.9056049,-7.1809688,0 107.9056479,-7.1809900,0 107.9056538,-7.1809930,0 107.9056908,-7.1810129,0 107.9057337,-7.1810356,0 107.9057337,-7.1810356,0 107.9057766,-7.1810629,0 107.9057991,-7.1810782,0 107.9058195,-7.1810964,0 107.9058460,-7.1811208,0 107.9058624,-7.1811412,0 107.9058833,-7.1811633,0 107.9059054,-7.1811941,0 107.9059211,-7.1812059,0 107.9059483,-7.1812343,0 107.9059912,-7.1812407,0 107.9060341,-7.1812285,0 107.9060770,-7.1812181,0 107.9061199,-7.1812333,0 107.9061373,-7.1812485,0 107.9061628,-7.1812703,0 107.9061902,-7.1812911,0 107.9062058,-7.1813035,0 107.9062487,-7.1813323,0 107.9062504,-7.1813337,0 107.9062795,-7.1813762,0 107.9062487,-7.1814034,0 107.9062058,-7.1814068,0 107.9061628,-7.1814014,0 107.9061199,-7.1813940,0 107.9060770,-7.1813883,0 107.9060341,-7.1813866,0 107.9059912,-7.1813878,0 107.9059483,-7.1813910,0 107.9059054,-7.1813931,0 107.9058624,-7.1813948,0 107.9058195,-7.1813949,0 107.9057766,-7.1813949,0 107.9057337,-7.1813939,0 107.9056908,-7.1813926,0 107.9056479,-7.1813919,0 107.9056049,-7.1813935,0 107.9055620,-7.1813984,0 107.9055191,-7.1814024,0 107.9054762,-7.1814020,0 107.9054333,-7.1813965,0 107.9053904,-7.1813836,0 107.9053765,-7.1813762,0 107.9053475,-7.1813552,0 107.9053252,-7.1813337,0 107.9053045,-7.1813084,0 107.9052909,-7.1812911,0 107.9052616,-7.1812485,0 107.9052616,-7.1812485,0 107.9052389,-7.1812059,0 107.9052324,-7.1811633,0 107.9052361,-7.1811208,0 107.9052433,-7.1810782,0 107.9052498,-7.1810356,0 107.9052558,-7.1809930,0 107.9052616,-7.1809504,0 107.9052616,-7.1809504,0 107.9052636,-7.1809079,0 107.9052616,-7.1809031,0 107.9052187,-7.1808759,0 107.9051758,-7.1808748,0 107.9051329,-7.1808769,0 107.9050900,-7.1808786,0 107.9050470,-7.1808795,0 107.9050041,-7.1808795,0 107.9049612,-7.1808784,0 107.9049183,-7.1808782,0 107.9048754,-7.1808790,0 107.9048325,-7.1808806,0 107.9047896,-7.1808781,0 107.9047528,-7.1808653,0 107.9047896,-7.1808568,0 107.9048325,-7.1808358,0 107.9048432,-7.1808227,0 107.9048754,-7.1807862,0 107.9048791,-7.1807801,0 107.9049011,-7.1807376,0 107.9049093,-7.1806950,0 107.9049092,-7.1806524,0 107.9049067,-7.1806098,0 107.9049054,-7.1805672,0 107.9049068,-7.1805247,0 107.9049100,-7.1804821,0 107.9049111,-7.1804395,0 107.9049081,-7.1803969,0 107.9048974,-7.1803543,0 107.9048754,-7.1803137,0 107.9048738,-7.1803118,0 107.9048325,-7.1802871,0 107.9047896,-7.1802795,0 107.9047466,-7.1802789,0 107.9047037,-7.1802796,0 107.9046608,-7.1802807,0 107.9046179,-7.1802818,0 107.9045750,-7.1802834,0 107.9045321,-7.1802853,0 107.9044891,-7.1802894,0 107.9044462,-7.1802992,0 107.9044258,-7.1803118,0 107.9044033,-7.1803508,0 107.9044011,-7.1803543,0 107.9043604,-7.1803791,0 107.9043255,-7.1803969,0 107.9043175,-7.1804015,0 107.9042969,-7.1804395,0 107.9042930,-7.1804821,0 107.9042921,-7.1805247,0 107.9042940,-7.1805672,0 107.9043004,-7.1806098,0 107.9043175,-7.1806516,0 107.9043180,-7.1806524,0 107.9043604,-7.1806931,0 107.9043630,-7.1806950,0 107.9044033,-7.1807253,0 107.9044172,-7.1807376,0 107.9044462,-7.1807706,0 107.9044541,-7.1807801,0 107.9044875,-7.1808227,0 107.9044891,-7.1808249,0 107.9045321,-7.1808646,0 107.9045334,-7.1808653,0 107.9045750,-7.1808953,0 107.9046043,-7.1809079,0 107.9046026,-7.1809504,0 107.9045850,-7.1809930,0 107.9045750,-7.1810143,0 107.9045671,-7.1810356,0 107.9045457,-7.1810782,0 107.9045321,-7.1810973,0 107.9045161,-7.1811208,0 107.9044891,-7.1811513,0 107.9044782,-7.1811633,0 107.9044462,-7.1811914,0 107.9044244,-7.1812059,0 107.9044033,-7.1812170,0 107.9043604,-7.1812272,0 107.9043175,-7.1812265,0 107.9042746,-7.1812183,0 107.9042317,-7.1812155,0 107.9042065,-7.1812485,0 107.9042026,-7.1812911,0 107.9042075,-7.1813337,0 107.9042119,-7.1813762,0 107.9042147,-7.1814188,0 107.9042160,-7.1814614,0 107.9042158,-7.1815040,0 107.9042145,-7.1815465,0 107.9042115,-7.1815891,0 107.9042082,-7.1816317,0 107.9042064,-7.1816743,0 107.9042099,-7.1817169,0 107.9042247,-7.1817594,0 107.9042317,-7.1817691,0 107.9042746,-7.1818004,0 107.9042795,-7.1818020,0 107.9043175,-7.1818102,0 107.9043604,-7.1818154,0 107.9044033,-7.1818218,0 107.9044462,-7.1818334,0 107.9044737,-7.1818446,0 107.9044891,-7.1818536,0 107.9045321,-7.1818852,0 107.9045355,-7.1818872,0 107.9045750,-7.1819156,0 107.9046179,-7.1819195,0 107.9046608,-7.1819099,0 107.9047037,-7.1819035,0 107.9047466,-7.1819129,0 107.9047676,-7.1819298,0 107.9047896,-7.1819477,0 107.9048082,-7.1819723,0 107.9048325,-7.1820001,0 107.9048439,-7.1820149,0 107.9048754,-7.1820493,0 107.9048830,-7.1820575,0 107.9049183,-7.1820921,0 107.9049273,-7.1821001,0 107.9049612,-7.1821316,0 107.9049745,-7.1821426,0 107.9050041,-7.1821721,0 107.9050197,-7.1821852,0 107.9050470,-7.1822167,0 107.9050607,-7.1822278,0 107.9050900,-7.1822689,0 107.9050933,-7.1822704,0 107.9051329,-7.1823069,0 107.9051758,-7.1822859,0 107.9051987,-7.1822704,0 107.9052187,-7.1822636,0 107.9052616,-7.1822428,0 107.9052809,-7.1822278,0 107.9053045,-7.1822136,0 107.9053475,-7.1821898,0 107.9053904,-7.1821909,0 107.9054146,-7.1822278,0 107.9054070,-7.1822704,0 107.9053904,-7.1822892,0 107.9053625,-7.1823130,0 107.9053475,-7.1823240,0 107.9053114,-7.1823555,0 107.9053045,-7.1823619,0 107.9052680,-7.1823981,0 107.9052616,-7.1824049,0 107.9052187,-7.1824331,0 107.9051758,-7.1824350,0 107.9051409,-7.1823981,0 107.9051329,-7.1823768,0 107.9050900,-7.1823715,0 107.9050828,-7.1823981,0 107.9050830,-7.1824407,0 107.9050900,-7.1824833,0 107.9050900,-7.1824833,0 107.9050939,-7.1825259,0 107.9050900,-7.1825386,0 107.9050845,-7.1825684,0 107.9050636,-7.1826110,0 107.9050470,-7.1826332,0 107.9050325,-7.1826536,0 107.9050041,-7.1826855,0 107.9049937,-7.1826962,0 107.9049612,-7.1827256,0 107.9049416,-7.1827387,0 107.9049183,-7.1827549,0 107.9048754,-7.1827652,0 107.9048325,-7.1827617,0 107.9047896,-7.1827572,0 107.9047466,-7.1827588,0 107.9047037,-7.1827706,0 107.9046833,-7.1827813,0 107.9046608,-7.1827982,0 107.9046349,-7.1828239,0 107.9046179,-7.1828489,0 107.9046055,-7.1828665,0 107.9045788,-7.1829091,0 107.9045750,-7.1829140,0 107.9045321,-7.1829503,0 107.9045301,-7.1829516,0 107.9044891,-7.1829769,0 107.9044704,-7.1829942,0 107.9044462,-7.1830186,0 107.9044336,-7.1830368,0 107.9044033,-7.1830787,0 107.9044029,-7.1830794,0 107.9043718,-7.1831220,0 107.9043604,-7.1831361,0 107.9043407,-7.1831645,0 107.9043175,-7.1832057,0 107.9043169,-7.1832071,0 107.9043001,-7.1832497,0 107.9042838,-7.1832923,0 107.9042746,-7.1833129,0 107.9042643,-7.1833348,0 107.9042435,-7.1833774,0 107.9042317,-7.1834025,0 107.9042236,-7.1834200,0 107.9042110,-7.1834626,0 107.9042036,-7.1835052,0 107.9041999,-7.1835477,0 107.9042014,-7.1835903,0 107.9042317,-7.1836223,0 107.9042746,-7.1836226,0 107.9043175,-7.1836207,0 107.9043604,-7.1836187,0 107.9044033,-7.1836173,0 107.9044462,-7.1836173,0 107.9044891,-7.1836171,0 107.9045321,-7.1836177,0 107.9045750,-7.1836180,0 107.9046179,-7.1836180,0 107.9046608,-7.1836177,0 107.9047037,-7.1836177,0 107.9047466,-7.1836177,0 107.9047896,-7.1836184,0 107.9048325,-7.1836187,0 107.9048754,-7.1836187,0 107.9049183,-7.1836187,0 107.9049612,-7.1836177,0 107.9050041,-7.1836171,0 107.9050470,-7.1836177,0 107.9050900,-7.1836187,0 107.9051329,-7.1836217,0 107.9051758,-7.1836228,0 107.9052187,-7.1836217,0 107.9052616,-7.1836161,0 107.9053045,-7.1836077,0 107.9053475,-7.1836026,0 107.9053904,-7.1836065,0 107.9054333,-7.1836293,0 107.9054361,-7.1836329,0 107.9054447,-7.1836755,0 107.9054385,-7.1837181,0 107.9054333,-7.1837393,0 107.9054214,-7.1837606,0 107.9054175,-7.1838032,0 107.9054333,-7.1838405,0 107.9054343,-7.1838458,0 107.9054401,-7.1838884,0 107.9054349,-7.1839309,0 107.9054333,-7.1839338,0 107.9053904,-7.1839697,0 107.9053646,-7.1839735,0 107.9053475,-7.1839748,0 107.9053352,-7.1839735,0 107.9053045,-7.1839674,0 107.9052616,-7.1839542,0 107.9052187,-7.1839447,0 107.9051758,-7.1839412,0 107.9051329,-7.1839442,0 107.9050900,-7.1839488,0 107.9050470,-7.1839516,0 107.9050041,-7.1839517,0 107.9049612,-7.1839513,0 107.9049183,-7.1839504,0 107.9048754,-7.1839495,0 107.9048325,-7.1839499,0 107.9047896,-7.1839473,0 107.9047466,-7.1839309,0 107.9047609,-7.1838884,0 107.9047834,-7.1838458,0 107.9047896,-7.1838316,0 107.9048325,-7.1838032,0 107.9048325,-7.1838032,0 107.9048325,-7.1838032,0 107.9047896,-7.1837910,0 107.9047466,-7.1837904,0 107.9047037,-7.1837890,0 107.9046608,-7.1837868,0 107.9046179,-7.1837868,0 107.9045750,-7.1837877,0 107.9045321,-7.1837877,0 107.9044891,-7.1837904,0 107.9044462,-7.1837904,0 107.9044033,-7.1837877,0 107.9043604,-7.1837862,0 107.9043175,-7.1837819,0 107.9042746,-7.1837796,0 107.9042317,-7.1837777,0 107.9042059,-7.1838032,0 107.9042010,-7.1838458,0 107.9042010,-7.1838884,0 107.9042059,-7.1839309,0 107.9042317,-7.1839629,0 107.9042746,-7.1839664,0 107.9043175,-7.1839664,0 107.9043604,-7.1839629,0 107.9044033,-7.1839522,0 107.9044462,-7.1839522,0 107.9044891,-7.1839735,0 107.9044462,-7.1839948,0 107.9044248,-7.1840161,0 107.9044033,-7.1840587,0 107.9044033,-7.1840587,0 107.9043911,-7.1841013,0 107.9043819,-7.1841438,0 107.9043604,-7.1841609,0 107.9043175,-7.1841632,0 107.9042746,-7.1841560,0 107.9042402,-7.1841438,0 107.9042317,-7.1841391,0 107.9042052,-7.1841013,0 107.9041930,-7.1840587,0 107.9041887,-7.1840374,0 107.9041834,-7.1840161,0 107.9041458,-7.1839863,0 107.9041029,-7.1839788,0 107.9040857,-7.1839735,0 107.9040600,-7.1839644,0 107.9040237,-7.1839309,0 107.9040171,-7.1839215,0 107.9040013,-7.1838884,0 107.9039856,-7.1838458,0 107.9040042,-7.1838032,0 107.9040171,-7.1837981,0 107.9040600,-7.1837819,0 107.9041029,-7.1837720,0 107.9041458,-7.1837606,0 107.9041458,-7.1837606,0 107.9041840,-7.1837181,0 107.9041844,-7.1836755,0 107.9041458,-7.1836329,0 107.9041458,-7.1836329,0 107.9041029,-7.1836279,0 107.9040600,-7.1836217,0 107.9040171,-7.1836116,0 107.9039742,-7.1836010,0 107.9039312,-7.1835971,0 107.9038883,-7.1836074,0 107.9038555,-7.1836329,0 107.9038454,-7.1836548,0 107.9038386,-7.1836755,0 107.9038399,-7.1837181,0 107.9038454,-7.1837383,0 107.9038589,-7.1837606,0 107.9038824,-7.1838032,0 107.9038786,-7.1838458,0 107.9038675,-7.1838884,0 107.9038669,-7.1839309,0 107.9038856,-7.1839735,0 107.9038883,-7.1839762,0 107.9039312,-7.1840003,0 107.9039591,-7.1840161,0 107.9039742,-7.1840260,0 107.9040032,-7.1840587,0 107.9040171,-7.1840810,0 107.9040297,-7.1841013,0 107.9040591,-7.1841438,0 107.9040600,-7.1841448,0 107.9041029,-7.1841773,0 107.9041172,-7.1841864,0 107.9041458,-7.1842086,0 107.9041655,-7.1842290,0 107.9041887,-7.1842616,0 107.9041956,-7.1842716,0 107.9042317,-7.1843105,0 107.9042374,-7.1843142,0 107.9042746,-7.1843315,0 107.9043175,-7.1843410,0 107.9043604,-7.1843312,0 107.9043819,-7.1843142,0 107.9043985,-7.1842716,0 107.9044033,-7.1842503,0 107.9044248,-7.1842290,0 107.9044462,-7.1842184,0 107.9044891,-7.1842205,0 107.9045321,-7.1842184,0 107.9045505,-7.1841864,0 107.9045535,-7.1841438,0 107.9045535,-7.1841013,0 107.9045482,-7.1840587,0 107.9045406,-7.1840161,0 107.9045321,-7.1839735,0 107.9045750,-7.1839593,0 107.9046179,-7.1839553,0 107.9046608,-7.1839546,0 107.9047037,-7.1839553,0 107.9047359,-7.1839735,0 107.9047305,-7.1840161,0 107.9047282,-7.1840587,0 107.9047270,-7.1841013,0 107.9047264,-7.1841438,0 107.9047278,-7.1841864,0 107.9047295,-7.1842290,0 107.9047466,-7.1842533,0 107.9047896,-7.1842631,0 107.9048325,-7.1842701,0 107.9048370,-7.1842716,0 107.9048754,-7.1842850,0 107.9049183,-7.1843102,0 107.9049226,-7.1843142,0 107.9049563,-7.1843567,0 107.9049612,-7.1843652,0 107.9049865,-7.1843993,0 107.9050041,-7.1844277,0 107.9050292,-7.1844419,0 107.9050041,-7.1844584,0 107.9049612,-7.1844638,0 107.9049183,-7.1844658,0 107.9048754,-7.1844659,0 107.9048325,-7.1844647,0 107.9047896,-7.1844632,0 107.9047574,-7.1844419,0 107.9047466,-7.1843993,0 107.9047466,-7.1843993,0 107.9047381,-7.1843567,0 107.9047301,-7.1843142,0 107.9047145,-7.1842716,0 107.9047037,-7.1842655,0 107.9046608,-7.1842609,0 107.9046179,-7.1842609,0 107.9045750,-7.1842716,0 107.9045750,-7.1842716,0 107.9045464,-7.1843142,0 107.9045321,-7.1843425,0 107.9045213,-7.1843567,0 107.9044891,-7.1843780,0 107.9044462,-7.1843993,0 107.9044462,-7.1843993,0 107.9044033,-7.1844358,0 107.9044015,-7.1844419,0 107.9043841,-7.1844845,0 107.9043717,-7.1845270,0 107.9043694,-7.1845696,0 107.9043787,-7.1846122,0 107.9044002,-7.1846548,0 107.9044033,-7.1846590,0 107.9044385,-7.1846974,0 107.9044462,-7.1847119,0 107.9044583,-7.1847399,0 107.9044638,-7.1847825,0 107.9044628,-7.1848251,0 107.9044555,-7.1848677,0 107.9044462,-7.1848957,0 107.9044399,-7.1849103,0 107.9044109,-7.1849528,0 107.9044033,-7.1849639,0 107.9043739,-7.1849954,0 107.9043604,-7.1850222,0 107.9043497,-7.1850380,0 107.9043389,-7.1850806,0 107.9043604,-7.1851196,0 107.9043621,-7.1851231,0 107.9043919,-7.1851657,0 107.9044033,-7.1851788,0 107.9044171,-7.1852083,0 107.9044462,-7.1852394,0 107.9044582,-7.1852509,0 107.9044891,-7.1852696,0 107.9045271,-7.1852935,0 107.9045321,-7.1852968,0 107.9045678,-7.1853360,0 107.9045750,-7.1853480,0 107.9045901,-7.1853786,0 107.9046113,-7.1854212,0 107.9046179,-7.1854382,0 107.9046501,-7.1854638,0 107.9046608,-7.1854851,0 107.9047037,-7.1854922,0 107.9047466,-7.1855031,0 107.9047544,-7.1855063,0 107.9047896,-7.1855246,0 107.9048325,-7.1855244,0 107.9048754,-7.1855137,0 107.9048867,-7.1855063,0 107.9049021,-7.1854638,0 107.9048851,-7.1854212,0 107.9048754,-7.1853786,0 107.9048913,-7.1853360,0 107.9049183,-7.1853153,0 107.9049612,-7.1852964,0 107.9049970,-7.1852935,0 107.9050041,-7.1852930,0 107.9050064,-7.1852935,0 107.9050470,-7.1853049,0 107.9050900,-7.1853295,0 107.9050992,-7.1853360,0 107.9051329,-7.1853524,0 107.9051758,-7.1853712,0 107.9051931,-7.1853786,0 107.9052187,-7.1853882,0 107.9052616,-7.1854051,0 107.9053010,-7.1854212,0 107.9053045,-7.1854227,0 107.9053475,-7.1854434,0 107.9053836,-7.1854638,0 107.9053904,-7.1854685,0 107.9054325,-7.1855063,0 107.9054333,-7.1855073,0 107.9054601,-7.1855489,0 107.9054762,-7.1855803,0 107.9054813,-7.1855915,0 107.9054987,-7.1856341,0 107.9055169,-7.1856767,0 107.9055191,-7.1856815,0 107.9055380,-7.1857192,0 107.9055620,-7.1857618,0 107.9055620,-7.1857618,0 107.9055810,-7.1858044,0 107.9055931,-7.1858470,0 107.9055972,-7.1858896,0 107.9055961,-7.1859321,0 107.9055925,-7.1859747,0 107.9055929,-7.1860173,0 107.9055985,-7.1860599,0 107.9056033,-7.1861024,0 107.9056002,-7.1861450,0 107.9055845,-7.1861876,0 107.9055620,-7.1862176,0 107.9055519,-7.1862302,0 107.9055191,-7.1862614,0 107.9055061,-7.1862728,0 107.9054762,-7.1863000,0 107.9054555,-7.1863153,0 107.9054333,-7.1863382,0 107.9053904,-7.1863555,0 107.9053475,-7.1863503,0 107.9053045,-7.1863403,0 107.9052616,-7.1863412,0 107.9052374,-7.1863579,0 107.9052187,-7.1863881,0 107.9052149,-7.1864005,0 107.9052138,-7.1864431,0 107.9052187,-7.1864670,0 107.9052260,-7.1864856,0 107.9052616,-7.1865218,0 107.9053045,-7.1865230,0 107.9053475,-7.1865091,0 107.9053904,-7.1865018,0 107.9054333,-7.1865271,0 107.9054340,-7.1865282,0 107.9054754,-7.1865708,0 107.9054762,-7.1865714,0 107.9055185,-7.1866134,0 107.9055191,-7.1866139,0 107.9055620,-7.1866548,0 107.9055632,-7.1866560,0 107.9056008,-7.1866985,0 107.9056049,-7.1867041,0 107.9056302,-7.1867411,0 107.9056479,-7.1867683,0 107.9056586,-7.1867837,0 107.9056908,-7.1868195,0 107.9056991,-7.1868263,0 107.9057337,-7.1868455,0 107.9057766,-7.1868595,0 107.9058195,-7.1868658,0 107.9058624,-7.1868667,0 107.9059054,-7.1868633,0 107.9059483,-7.1868547,0 107.9059912,-7.1868392,0 107.9060212,-7.1868263,0 107.9060341,-7.1868219,0 107.9060770,-7.1868231,0 107.9060819,-7.1868263,0 107.9061048,-7.1868689,0 107.9060853,-7.1869114,0 107.9060770,-7.1869225,0 107.9060592,-7.1869540,0 107.9060635,-7.1869966,0 107.9060770,-7.1870088,0 107.9061199,-7.1870250,0 107.9061628,-7.1870192,0 107.9062058,-7.1870099,0 107.9062487,-7.1870114,0 107.9062897,-7.1870392,0 107.9062916,-7.1870406,0 107.9063153,-7.1870817,0 107.9063345,-7.1871161,0 107.9063390,-7.1871243,0 107.9063700,-7.1871669,0 107.9063774,-7.1871738,0 107.9064203,-7.1871955,0 107.9064633,-7.1871956,0 107.9065056,-7.1871669,0 107.9065062,-7.1871662,0 107.9065251,-7.1871243,0 107.9065350,-7.1870817,0 107.9065417,-7.1870392,0 107.9065479,-7.1869966,0 107.9065491,-7.1869905,0 107.9065576,-7.1869540,0 107.9065756,-7.1869114,0 107.9065920,-7.1868889,0 107.9066117,-7.1868689,0 107.9066349,-7.1868478,0 107.9066602,-7.1868263,0 107.9066778,-7.1868104,0 107.9067071,-7.1867837,0 107.9067207,-7.1867701,0 107.9067508,-7.1867411,0 107.9067637,-7.1867256,0 107.9067883,-7.1866985,0 107.9068066,-7.1866560,0 107.9068066,-7.1866560,0 107.9068066,-7.1866560,0 107.9068050,-7.1866134,0 107.9067952,-7.1865708,0 107.9067937,-7.1865282,0 107.9068066,-7.1865100,0 107.9068495,-7.1864914,0 107.9068924,-7.1864944,0 107.9069353,-7.1865061,0 107.9069782,-7.1865188,0 107.9070212,-7.1865282,0 107.9070212,-7.1865282,0 107.9070641,-7.1865301,0 107.9070836,-7.1865282,0 107.9071070,-7.1865256,0 107.9071499,-7.1865093,0 107.9071787,-7.1864856,0 107.9071928,-7.1864682,0 107.9072087,-7.1864431,0 107.9072348,-7.1864005,0 107.9072357,-7.1863994,0 107.9072786,-7.1863589,0 107.9072808,-7.1863579,0 107.9073216,-7.1863447,0 107.9073645,-7.1863442,0 107.9074074,-7.1863511,0 107.9074503,-7.1863572,0 107.9074932,-7.1863371,0 107.9075081,-7.1863153,0 107.9075361,-7.1862776,0 107.9075395,-7.1862728,0 107.9075761,-7.1862302,0 107.9075791,-7.1862272,0 107.9076220,-7.1861936,0 107.9076342,-7.1861876,0 107.9076649,-7.1861704,0 107.9077078,-7.1861602,0 107.9077507,-7.1861825,0 107.9077936,-7.1861867,0 107.9078365,-7.1861876,0 107.9078365,-7.1862302,0 107.9078365,-7.1862728,0 107.9078365,-7.1863153,0 107.9078365,-7.1863153,0 107.9078795,-7.1863153,0 107.9079224,-7.1863153,0 107.9079653,-7.1863153,0 107.9080082,-7.1863153,0 107.9080511,-7.1863153,0 107.9080940,-7.1863153,0 107.9081369,-7.1863153,0 107.9081378,-7.1863579,0 107.9081409,-7.1864005,0 107.9081429,-7.1864431,0 107.9081453,-7.1864856,0 107.9081469,-7.1865282,0 107.9081488,-7.1865708,0 107.9081501,-7.1866134,0 107.9081516,-7.1866560,0 107.9081532,-7.1866985,0 107.9081563,-7.1867411,0 107.9081615,-7.1867837,0 107.9081694,-7.1868263,0 107.9081799,-7.1868429,0 107.9082228,-7.1868551,0 107.9082657,-7.1868631,0 107.9083086,-7.1868679,0 107.9083095,-7.1868689,0 107.9083126,-7.1869114,0 107.9083146,-7.1869540,0 107.9083171,-7.1869966,0 107.9083297,-7.1870392,0 107.9083515,-7.1870608,0 107.9083726,-7.1870817,0 107.9083944,-7.1871034,0 107.9084156,-7.1871243,0 107.9084374,-7.1871459,0 107.9084585,-7.1871669,0 107.9084803,-7.1871953,0 107.9084910,-7.1872095,0 107.9084929,-7.1872521,0 107.9084946,-7.1872946,0 107.9084961,-7.1873372,0 107.9085050,-7.1873798,0 107.9085232,-7.1874017,0 107.9085440,-7.1874224,0 107.9085661,-7.1874443,0 107.9085869,-7.1874649,0 107.9086090,-7.1874869,0 107.9086298,-7.1875075,0 107.9086519,-7.1875362,0 107.9086627,-7.1875501,0 107.9086627,-7.1875927,0 107.9086627,-7.1876353,0 107.9086627,-7.1876778,0 107.9086627,-7.1877204,0 107.9086627,-7.1877630,0 107.9086627,-7.1878056,0 107.9086627,-7.1878481,0 107.9086632,-7.1878907,0 107.9086659,-7.1879333,0 107.9086705,-7.1879759,0 107.9086783,-7.1880185,0 107.9086948,-7.1880610,0 107.9086948,-7.1881036,0 107.9086633,-7.1881462,0 107.9086639,-7.1881888,0 107.9086667,-7.1882314,0 107.9086734,-7.1882739,0 107.9086948,-7.1883049,0 107.9087378,-7.1883143,0 107.9087592,-7.1883165,0 107.9087807,-7.1883204,0 107.9088236,-7.1883272,0 107.9088343,-7.1883591,0 107.9088236,-7.1883910,0 107.9088164,-7.1884017,0 107.9087807,-7.1884150,0 107.9087378,-7.1884150,0 107.9086948,-7.1884017,0 107.9086948,-7.1884017,0 107.9086573,-7.1883591,0 107.9086519,-7.1883520,0 107.9086090,-7.1883322,0 107.9085661,-7.1883372,0 107.9085232,-7.1883502,0 107.9085073,-7.1883591,0 107.9084803,-7.1883832,0 107.9084643,-7.1884017,0 107.9084399,-7.1884442,0 107.9084374,-7.1884496,0 107.9084073,-7.1884868,0 107.9083944,-7.1884915,0 107.9083515,-7.1885155,0 107.9083348,-7.1885294,0 107.9083086,-7.1885512,0 107.9082943,-7.1885720,0 107.9082800,-7.1886146,0 107.9082837,-7.1886571,0 107.9083080,-7.1886997,0 107.9083086,-7.1887002,0 107.9083515,-7.1887256,0 107.9083944,-7.1887393,0 107.9084374,-7.1887383,0 107.9084803,-7.1887153,0 107.9084960,-7.1886997,0 107.9085146,-7.1886571,0 107.9085162,-7.1886146,0 107.9085056,-7.1885720,0 107.9084931,-7.1885294,0 107.9085232,-7.1885095,0 107.9085661,-7.1885057,0 107.9086090,-7.1885119,0 107.9086424,-7.1885294,0 107.9086519,-7.1885322,0 107.9086948,-7.1885537,0 107.9087235,-7.1885720,0 107.9087378,-7.1885771,0 107.9087807,-7.1885831,0 107.9088041,-7.1885720,0 107.9088236,-7.1885535,0 107.9088360,-7.1885294,0 107.9088553,-7.1884868,0 107.9088665,-7.1884686,0 107.9089094,-7.1884452,0 107.9089121,-7.1884442,0 107.9089523,-7.1884283,0 107.9089953,-7.1884068,0 107.9090009,-7.1884017,0 107.9089990,-7.1883591,0 107.9089953,-7.1883561,0 107.9089523,-7.1883392,0 107.9089094,-7.1883293,0 107.9088665,-7.1883208,0 107.9088451,-7.1883165,0 107.9088390,-7.1882739,0 107.9088369,-7.1882314,0 107.9088315,-7.1881888,0 107.9088236,-7.1881604,0 107.9088164,-7.1881462,0 107.9088236,-7.1881036,0 107.9088236,-7.1881036,0 107.9088236,-7.1880610,0 107.9088665,-7.1880594,0 107.9089094,-7.1880566,0 107.9089523,-7.1880547,0 107.9089953,-7.1880529,0 107.9090382,-7.1880264,0 107.9090491,-7.1880185,0 107.9090811,-7.1880009,0 107.9091240,-7.1879830,0 107.9091461,-7.1879759,0 107.9091669,-7.1879700,0 107.9092098,-7.1879586,0 107.9092527,-7.1879435,0 107.9092762,-7.1879333,0 107.9092957,-7.1879232,0 107.9093386,-7.1878932,0 107.9093481,-7.1878907,0 107.9093815,-7.1878814,0 107.9094244,-7.1878814,0 107.9094673,-7.1878814,0 107.9095102,-7.1878814,0 107.9095228,-7.1878907,0 107.9095532,-7.1879180,0 107.9095630,-7.1879333,0 107.9095844,-7.1879759,0 107.9095961,-7.1880078,0 107.9095994,-7.1880185,0 107.9096091,-7.1880610,0 107.9096091,-7.1881036,0 107.9096325,-7.1881462,0 107.9096234,-7.1881888,0 107.9096040,-7.1882314,0 107.9095961,-7.1882447,0 107.9095759,-7.1882739,0 107.9095532,-7.1883089,0 107.9095471,-7.1883165,0 107.9095248,-7.1883591,0 107.9095183,-7.1884017,0 107.9095222,-7.1884442,0 107.9095278,-7.1884868,0 107.9095253,-7.1885294,0 107.9095102,-7.1885623,0 107.9095051,-7.1885720,0 107.9094678,-7.1886146,0 107.9094673,-7.1886151,0 107.9094244,-7.1886512,0 107.9094153,-7.1886571,0 107.9093815,-7.1886840,0 107.9093605,-7.1886997,0 107.9093386,-7.1887330,0 107.9093336,-7.1887423,0 107.9093299,-7.1887849,0 107.9093366,-7.1888274,0 107.9093386,-7.1888354,0 107.9093489,-7.1888700,0 107.9093582,-7.1889126,0 107.9093611,-7.1889552,0 107.9093580,-7.1889978,0 107.9093514,-7.1890403,0 107.9093426,-7.1890829,0 107.9093386,-7.1890962,0 107.9093285,-7.1891255,0 107.9093092,-7.1891681,0 107.9092957,-7.1891896,0 107.9092826,-7.1892106,0 107.9092527,-7.1892459,0 107.9092471,-7.1892532,0 107.9092098,-7.1892927,0 107.9092072,-7.1892958,0 107.9091682,-7.1893384,0 107.9091669,-7.1893397,0 107.9091332,-7.1893810,0 107.9091240,-7.1893927,0 107.9091026,-7.1894235,0 107.9090811,-7.1894578,0 107.9090760,-7.1894661,0 107.9090492,-7.1895087,0 107.9090382,-7.1895249,0 107.9090164,-7.1895513,0 107.9089953,-7.1895725,0 107.9089668,-7.1895938,0 107.9089523,-7.1896035,0 107.9089094,-7.1896300,0 107.9089001,-7.1896364,0 107.9088665,-7.1896595,0 107.9088425,-7.1896790,0 107.9088236,-7.1896939,0 107.9087915,-7.1897216,0 107.9087807,-7.1897306,0 107.9087437,-7.1897642,0 107.9087378,-7.1897698,0 107.9087029,-7.1898067,0 107.9086948,-7.1898160,0 107.9086659,-7.1898493,0 107.9086519,-7.1898645,0 107.9086244,-7.1898919,0 107.9086090,-7.1899055,0 107.9085758,-7.1899345,0 107.9085661,-7.1899430,0 107.9085300,-7.1899770,0 107.9085232,-7.1899842,0 107.9084892,-7.1900196,0 107.9084803,-7.1900294,0 107.9084460,-7.1900622,0 107.9084374,-7.1900707,0 107.9084028,-7.1901048,0 107.9083944,-7.1901147,0 107.9083709,-7.1901474,0 107.9083515,-7.1901821,0 107.9083473,-7.1901899,0 107.9083250,-7.1902325,0 107.9083086,-7.1902608,0 107.9082950,-7.1902751,0 107.9082657,-7.1902997,0 107.9082228,-7.1903158,0 107.9082163,-7.1903177,0 107.9081799,-7.1903285,0 107.9081369,-7.1903481,0 107.9081205,-7.1903602,0 107.9080940,-7.1903827,0 107.9080719,-7.1904028,0 107.9080511,-7.1904214,0 107.9080166,-7.1904454,0 107.9080082,-7.1904505,0 107.9079653,-7.1904711,0 107.9079280,-7.1904880,0 107.9079224,-7.1904908,0 107.9078795,-7.1905175,0 107.9078626,-7.1905306,0 107.9078365,-7.1905552,0 107.9078166,-7.1905731,0 107.9077936,-7.1905941,0 107.9077592,-7.1906157,0 107.9077507,-7.1906208,0 107.9077078,-7.1906511,0 107.9076915,-7.1906583,0 107.9076649,-7.1906707,0 107.9076220,-7.1906918,0 107.9076030,-7.1907009,0 107.9075791,-7.1907117,0 107.9075361,-7.1907310,0 107.9075096,-7.1907434,0 107.9074932,-7.1907537,0 107.9074503,-7.1907860,0 107.9074503,-7.1907860,0 107.9074105,-7.1908286,0 107.9074074,-7.1908324,0 107.9073645,-7.1908712,0 107.9073645,-7.1908712,0 107.9073216,-7.1909122,0 107.9073204,-7.1909138,0 107.9073051,-7.1909563,0 107.9073028,-7.1909989,0 107.9073059,-7.1910415,0 107.9073099,-7.1910841,0 107.9073118,-7.1911266,0 107.9073114,-7.1911692,0 107.9073106,-7.1912118,0 107.9073105,-7.1912544,0 107.9073131,-7.1912970,0 107.9073188,-7.1913395,0 107.9073216,-7.1913699,0 107.9073223,-7.1913821,0 107.9073216,-7.1913928,0 107.9073162,-7.1914247,0 107.9072842,-7.1914673,0 107.9072786,-7.1914723,0 107.9072357,-7.1914772,0 107.9072143,-7.1914673,0 107.9071928,-7.1914553,0 107.9071499,-7.1914460,0 107.9071389,-7.1914673,0 107.9071499,-7.1914967,0 107.9071606,-7.1915098,0</coordinates></LineString></Placemark>
<Placemark><name>702 m</name><styleUrl>#k</styleUrl><LineString><tessellate>1</tessellate><coordinates>107.9035021,-7.1788641,0 107.9035450,-7.1788675,0 107.9035483,-7.1788641,0 107.9035450,-7.1788525,0 107.9035021,-7.1788641,0</coordinates></LineString></Placemark>
<Placemark><name>702 m</name><styleUrl>#k</styleUrl><LineString><tessellate>1</tessellate><coordinates>107.9035021,-7.1822538,0 107.9035450,-7.1822400,0 107.9035692,-7.1822278,0 107.9035879,-7.1822153,0 107.9036227,-7.1821852,0 107.9036308,-7.1821761,0 107.9036586,-7.1821426,0 107.9036738,-7.1821197,0 107.9036871,-7.1821001,0 107.9037065,-7.1820575,0 107.9037147,-7.1820149,0 107.9037137,-7.1819723,0 107.9037056,-7.1819298,0 107.9036906,-7.1818872,0 107.9036738,-7.1818579,0 107.9036649,-7.1818446,0 107.9036308,-7.1818062,0 107.9036263,-7.1818020,0 107.9035879,-7.1817689,0 107.9035721,-7.1817594,0 107.9035450,-7.1817421,0 107.9035021,-7.1817290,0</coordinates></LineString></Placemark>
<Placemark><name>702 m</name><styleUrl>#k</styleUrl><LineString><tessellate>1</tessellate><coordinates>107.9035021,-7.1877784,0 107.9035450,-7.1877718,0 107.9035879,-7.1877704,0 107.9036308,-7.1877715,0 107.9036738,-7.1877721,0 107.9037167,-7.1877687,0 107.9037457,-7.1877630,0 107.9037596,-7.1877601,0 107.9038025,-7.1877458,0 107.9038454,-7.1877262,0 107.9038556,-7.1877204,0 107.9038883,-7.1876946,0 107.9039039,-7.1876778,0 107.9039224,-7.1876353,0 107.9039265,-7.1875927,0 107.9039241,-7.1875501,0 107.9039184,-7.1875075,0 107.9039095,-7.1874649,0 107.9038961,-7.1874224,0 107.9038883,-7.1874040,0 107.9038765,-7.1873798,0 107.9038501,-7.1873372,0 107.9038454,-7.1873304,0 107.9038160,-7.1872946,0 107.9038025,-7.1872789,0 107.9037732,-7.1872521,0 107.9037596,-7.1872384,0 107.9037167,-7.1872095,0 107.9037167,-7.1872095,0 107.9036738,-7.1871811,0 107.9036308,-7.1871684,0 107.9035879,-7.1871693,0 107.9035450,-7.1871833,0 107.9035034,-7.1872095,0 107.9035021,-7.1872099,0</coordinates></LineString></Placemark>
<Placemark><name>702 m</name><styleUrl>#k</styleUrl><LineString><tessellate>1</tessellate><coordinates>107.9092412,-7.1915098,0 107.9092500,-7.1914673,0 107.9092527,-7.1914596,0 107.9092677,-7.1914247,0 107.9092957,-7.1913959,0 107.9093163,-7.1913821,0 107.9093386,-7.1913733,0 107.9093815,-7.1913576,0 107.9094244,-7.1913409,0 107.9094280,-7.1913395,0 107.9094673,-7.1913262,0 107.9095102,-7.1913154,0 107.9095532,-7.1913125,0 107.9095961,-7.1913184,0 107.9096390,-7.1913325,0 107.9096533,-7.1913395,0 107.9096819,-7.1913564,0 107.9097149,-7.1913821,0 107.9097248,-7.1913927,0 107.9097500,-7.1914247,0 107.9097677,-7.1914556,0 107.9097745,-7.1914673,0 107.9097961,-7.1915098,0</coordinates></LineString></Placemark>
<Placemark><name>702 m</name><styleUrl>#k</styleUrl><LineString><tessellate>1</tessellate><coordinates>107.9112230,-7.1915098,0 107.9112269,-7.1914961,0 107.9112344,-7.1914673,0 107.9112531,-7.1914247,0 107.9112698,-7.1913970,0 107.9112826,-7.1913821,0 107.9113127,-7.1913573,0 107.9113532,-7.1913395,0 107.9113556,-7.1913387,0 107.9113985,-7.1913341,0 107.9114414,-7.1913365,0 107.9114562,-7.1913395,0 107.9114843,-7.1913477,0 107.9115273,-7.1913709,0 107.9115427,-7.1913821,0 107.9115702,-7.1914149,0 107.9115785,-7.1914247,0 107.9116012,-7.1914673,0 107.9116116,-7.1915098,0</coordinates></LineString></Placemark>
<Placemark><name>702 m</name><styleUrl>#k</styleUrl><LineString><tessellate>1</tessellate><coordinates>107.9127971,-7.1915098,0 107.9128147,-7.1914966,0 107.9128480,-7.1914673,0 107.9128576,-7.1914585,0 107.9128894,-7.1914247,0 107.9129006,-7.1914133,0 107.9129311,-7.1913821,0 107.9129435,-7.1913702,0 107.9129805,-7.1913395,0 107.9129864,-7.1913343,0 107.9130293,-7.1913045,0 107.9130453,-7.1912970,0 107.9130722,-7.1912793,0 107.9131151,-7.1912666,0 107.9131580,-7.1912830,0 107.9131675,-7.1912970,0 107.9131893,-7.1913395,0 107.9132010,-7.1913736,0 107.9132032,-7.1913821,0 107.9132145,-7.1914247,0 107.9132279,-7.1914673,0 107.9132439,-7.1915042,0 107.9132469,-7.1915098,0</coordinates></LineString></Placemark>
<Placemark><name>702 m</name><styleUrl>#k</styleUrl><LineString><tessellate>1</tessellate><coordinates>107.9053045,-7.1777973,0 107.9052965,-7.1777996,0 107.9052616,-7.1778080,0 107.9052187,-7.1778086,0 107.9051758,-7.1778043,0 107.9051329,-7.1778016,0 107.9050900,-7.1778053,0 107.9050470,-7.1778227,0 107.9050201,-7.1778422,0 107.9050041,-7.1778535,0 107.9049688,-7.1778848,0 107.9049612,-7.1778916,0 107.9049298,-7.1779273,0 107.9049183,-7.1779460,0 107.9049073,-7.1779699,0 107.9049000,-7.1780125,0 107.9049019,-7.1780551,0 107.9049085,-7.1780977,0 107.9049062,-7.1781402,0 107.9048754,-7.1781636,0 107.9048325,-7.1781656,0 107.9047896,-7.1781596,0 107.9047466,-7.1781537,0 107.9047037,-7.1781502,0 107.9046608,-7.1781488,0 107.9046179,-7.1781492,0 107.9045750,-7.1781513,0 107.9045321,-7.1781547,0 107.9044891,-7.1781574,0 107.9044462,-7.1781577,0 107.9044033,-7.1781544,0 107.9043604,-7.1781457,0 107.9043432,-7.1781402,0 107.9043175,-7.1781325,0 107.9042746,-7.1781212,0 107.9042317,-7.1781290,0 107.9042235,-7.1781402,0 107.9042107,-7.1781828,0 107.9042084,-7.1782254,0 107.9042113,-7.1782680,0 107.9042141,-7.1783106,0 107.9042118,-7.1783531,0 107.9042059,-7.1783957,0 107.9042028,-7.1784383,0 107.9042102,-7.1784809,0 107.9042317,-7.1785183,0 107.9042348,-7.1785235,0 107.9042746,-7.1785637,0 107.9042769,-7.1785660,0 107.9043175,-7.1786002,0 107.9043263,-7.1786086,0 107.9043604,-7.1786382,0 107.9043739,-7.1786512,0 107.9044033,-7.1786804,0 107.9044161,-7.1786938,0 107.9044462,-7.1787295,0 107.9044524,-7.1787363,0 107.9044873,-7.1787789,0 107.9044891,-7.1787811,0 107.9045321,-7.1788200,0 107.9045356,-7.1788215,0 107.9045750,-7.1788377,0 107.9046179,-7.1788369,0 107.9046608,-7.1788250,0 107.9046930,-7.1788215,0 107.9047037,-7.1788208,0 107.9047054,-7.1788215,0 107.9047439,-7.1788641,0 107.9047401,-7.1789067,0 107.9047264,-7.1789492,0 107.9047277,-7.1789918,0 107.9047466,-7.1790124,0 107.9047896,-7.1790230,0 107.9048325,-7.1790166,0 107.9048754,-7.1790087,0 107.9049183,-7.1790030,0 107.9049612,-7.1790000,0 107.9050041,-7.1789997,0 107.9050470,-7.1790019,0 107.9050900,-7.1790074,0 107.9051329,-7.1790140,0 107.9051758,-7.1790174,0 107.9052187,-7.1790140,0 107.9052616,-7.1789971,0 107.9052680,-7.1789918,0 107.9053045,-7.1789526,0 107.9053063,-7.1789492,0 107.9053228,-7.1789067,0 107.9053341,-7.1788641,0 107.9053441,-7.1788215,0 107.9053475,-7.1788095,0 107.9053567,-7.1787789,0 107.9053747,-7.1787363,0 107.9053904,-7.1787077,0 107.9054003,-7.1786938,0 107.9054255,-7.1786512,0 107.9054333,-7.1786204,0 107.9054367,-7.1786086,0 107.9054347,-7.1785660,0 107.9054333,-7.1785595,0 107.9054264,-7.1785235,0 107.9054185,-7.1784809,0 107.9054123,-7.1784383,0 107.9054069,-7.1783957,0 107.9054011,-7.1783531,0 107.9054088,-7.1783106,0 107.9054210,-7.1782680,0 107.9054218,-7.1782254,0 107.9054210,-7.1781828,0 107.9054199,-7.1781402,0 107.9054188,-7.1780977,0 107.9054177,-7.1780551,0 107.9054180,-7.1780125,0 107.9054204,-7.1779699,0 107.9054255,-7.1779273,0 107.9054300,-7.1778848,0 107.9054282,-7.1778422,0 107.9054071,-7.1777996,0 107.9053904,-7.1777851,0 107.9053475,-7.1777842,0 107.9053045,-7.1777973,0</coordinates></LineString></Placemark>
<Placemark><name>702 m</name><styleUrl>#k</styleUrl><LineString><tessellate>1</tessellate><coordinates>107.9071070,-7.1779983,0 107.9071040,-7.1780125,0 107.9071070,-7.1780200,0 107.9071499,-7.1780295,0 107.9071518,-7.1780125,0 107.9071499,-7.1780064,0 107.9071070,-7.1779983,0</coordinates></LineString></Placemark>
<Placemark><name>702 m</name><styleUrl>#k</styleUrl><LineString><tessellate>1</tessellate><coordinates>107.9071499,-7.1781325,0 107.9071479,-7.1781402,0 107.9071149,-7.1781828,0 107.9071070,-7.1781896,0 107.9070709,-7.1782254,0 107.9070641,-7.1782309,0 107.9070212,-7.1782663,0 107.9070191,-7.1782680,0 107.9069782,-7.1783079,0 107.9069756,-7.1783106,0 107.9069556,-7.1783531,0 107.9069545,-7.1783957,0 107.9069607,-7.1784383,0 107.9069668,-7.1784809,0 107.9069649,-7.1785235,0 107.9069571,-7.1785660,0 107.9069509,-7.1786086,0 107.9069605,-7.1786512,0 107.9069782,-7.1786680,0 107.9070212,-7.1786881,0 107.9070641,-7.1786915,0 107.9071070,-7.1786805,0 107.9071499,-7.1786572,0 107.9071572,-7.1786512,0 107.9071928,-7.1786252,0 107.9072102,-7.1786086,0 107.9072357,-7.1785837,0 107.9072505,-7.1785660,0 107.9072786,-7.1785316,0 107.9072853,-7.1785235,0 107.9073216,-7.1784831,0 107.9073238,-7.1784809,0 107.9073645,-7.1784389,0 107.9073650,-7.1784383,0 107.9073906,-7.1783957,0 107.9074014,-7.1783531,0 107.9074031,-7.1783106,0 107.9073971,-7.1782680,0 107.9073826,-7.1782254,0 107.9073645,-7.1781947,0 107.9073536,-7.1781828,0 107.9073216,-7.1781560,0 107.9072862,-7.1781402,0 107.9072786,-7.1781365,0 107.9072357,-7.1781218,0 107.9071928,-7.1781098,0 107.9071499,-7.1781325,0</coordinates></LineString></Placemark>
<Placemark><name>702 m</name><styleUrl>#k</styleUrl><LineString><tessellate>1</tessellate><coordinates>107.9052616,-7.1783018,0 107.9053045,-7.1782886,0 107.9053475,-7.1782949,0 107.9053775,-7.1783106,0 107.9053475,-7.1783531,0 107.9053475,-7.1783531,0 107.9053045,-7.1783548,0 107.9052967,-7.1783531,0 107.9052616,-7.1783306,0 107.9052532,-7.1783106,0 107.9052616,-7.1783018,0</coordinates></LineString></Placemark>
<Placemark><name>702 m</name><styleUrl>#k</styleUrl><LineString><tessellate>1</tessellate><coordinates>107.9040600,-7.1800046,0 107.9040493,-7.1800137,0 107.9040550,-7.1800563,0 107.9040600,-7.1800614,0 107.9041029,-7.1800970,0 107.9041062,-7.1800989,0 107.9041458,-7.1801197,0 107.9041841,-7.1801414,0 107.9041887,-7.1801468,0 107.9042152,-7.1801840,0 107.9042134,-7.1802266,0 107.9041978,-7.1802692,0 107.9041887,-7.1802905,0 107.9041831,-7.1803118,0 107.9041887,-7.1803416,0 107.9041955,-7.1803543,0 107.9042317,-7.1803718,0 107.9042746,-7.1803733,0 107.9042936,-7.1803543,0 107.9043175,-7.1803277,0 107.9043326,-7.1803118,0 107.9043604,-7.1802914,0 107.9043875,-7.1802692,0 107.9043947,-7.1802266,0 107.9043723,-7.1801840,0 107.9043604,-7.1801738,0 107.9043175,-7.1801478,0 107.9043032,-7.1801414,0 107.9042746,-7.1801255,0 107.9042493,-7.1800989,0 107.9042317,-7.1800591,0 107.9042306,-7.1800563,0 107.9041986,-7.1800137,0 107.9041887,-7.1800061,0 107.9041458,-7.1799899,0 107.9041029,-7.1799887,0 107.9040600,-7.1800046,0</coordinates></LineString></Placemark>
<Placemark><name>702 m</name><styleUrl>#k</styleUrl><LineString><tessellate>1</tessellate><coordinates>107.9077078,-7.1805151,0 107.9077262,-7.1805247,0 107.9077507,-7.1805672,0 107.9077507,-7.1806098,0 107.9077507,-7.1806524,0 107.9077507,-7.1806950,0 107.9077078,-7.1807210,0 107.9076649,-7.1807119,0 107.9076220,-7.1806996,0 107.9076105,-7.1806950,0 107.9076031,-7.1806524,0 107.9076155,-7.1806098,0 107.9076220,-7.1805966,0 107.9076368,-7.1805672,0 107.9076649,-7.1805355,0 107.9076829,-7.1805247,0 107.9077078,-7.1805151,0</coordinates></LineString></Placemark>
<Placemark><name>702 m</name><styleUrl>#k</styleUrl><LineString><tessellate>1</tessellate><coordinates>107.9073216,-7.1807095,0 107.9073645,-7.1806982,0 107.9074074,-7.1807000,0 107.9074503,-7.1807069,0 107.9074932,-7.1807163,0 107.9075361,-7.1807376,0 107.9075351,-7.1807801,0 107.9075206,-7.1808227,0 107.9074985,-7.1808653,0 107.9074932,-7.1808717,0 107.9074503,-7.1809039,0 107.9074396,-7.1809079,0 107.9074074,-7.1809185,0 107.9073645,-7.1809238,0 107.9073266,-7.1809079,0 107.9073216,-7.1809031,0 107.9073084,-7.1808653,0 107.9072980,-7.1808227,0 107.9072914,-7.1807801,0 107.9072964,-7.1807376,0 107.9073216,-7.1807095,0</coordinates></LineString></Placemark>
<Placemark><name>702 m</name><styleUrl>#k</styleUrl><LineString><tessellate>1</tessellate><coordinates>107.9071928,-7.1809870,0 107.9072357,-7.1809738,0 107.9072786,-7.1809753,0 107.9072925,-7.1809930,0 107.9073064,-7.1810356,0 107.9073175,-7.1810782,0 107.9073216,-7.1810900,0 107.9073292,-7.1811208,0 107.9073365,-7.1811633,0 107.9073310,-7.1812059,0 107.9073216,-7.1812166,0 107.9072786,-7.1812120,0 107.9072729,-7.1812059,0 107.9072357,-7.1811676,0 107.9072323,-7.1811633,0 107.9071928,-7.1811270,0 107.9071863,-7.1811208,0 107.9071499,-7.1810817,0 107.9071476,-7.1810782,0 107.9071440,-7.1810356,0 107.9071499,-7.1810245,0 107.9071837,-7.1809930,0 107.9071928,-7.1809870,0</coordinates></LineString></Placemark>
<Placemark><name>702 m</name><styleUrl>#k</styleUrl><LineString><tessellate>1</tessellate><coordinates>107.9064633,-7.1815749,0 107.9064724,-7.1815891,0 107.9064633,-7.1816175,0 107.9064521,-7.1815891,0 107.9064633,-7.1815749,0</coordinates></LineString></Placemark>
<Placemark><name>702 m</name><styleUrl>#k</styleUrl><LineString><tessellate>1</tessellate><coordinates>107.9063345,-7.1817100,0 107.9063774,-7.1816956,0 107.9064203,-7.1816898,0 107.9064361,-7.1817169,0 107.9064633,-7.1817509,0 107.9064664,-7.1817594,0 107.9064912,-7.1818020,0 107.9065062,-7.1818294,0 107.9065125,-7.1818446,0 107.9065283,-7.1818872,0 107.9065419,-7.1819298,0 107.9065491,-7.1819502,0 107.9065586,-7.1819723,0 107.9065829,-7.1820149,0 107.9065920,-7.1820280,0 107.9066113,-7.1820575,0 107.9066311,-7.1821001,0 107.9066349,-7.1821192,0 107.9066380,-7.1821426,0 107.9066378,-7.1821852,0 107.9066349,-7.1822037,0 107.9066298,-7.1822278,0 107.9066124,-7.1822704,0 107.9065920,-7.1823004,0 107.9065810,-7.1823130,0 107.9065491,-7.1823417,0 107.9065309,-7.1823555,0 107.9065062,-7.1823741,0 107.9064748,-7.1823981,0 107.9064633,-7.1824083,0 107.9064315,-7.1824407,0 107.9064203,-7.1824530,0 107.9063941,-7.1824833,0 107.9063774,-7.1825006,0 107.9063513,-7.1825259,0 107.9063345,-7.1825413,0 107.9063032,-7.1825684,0 107.9062916,-7.1825792,0 107.9062562,-7.1826110,0 107.9062487,-7.1826176,0 107.9062058,-7.1826477,0 107.9061941,-7.1826536,0 107.9061628,-7.1826654,0 107.9061199,-7.1826773,0 107.9060770,-7.1826887,0 107.9060526,-7.1826962,0 107.9060341,-7.1827026,0 107.9059912,-7.1827215,0 107.9059603,-7.1827387,0 107.9059483,-7.1827501,0 107.9059105,-7.1827813,0 107.9059054,-7.1827868,0 107.9058624,-7.1828031,0 107.9058195,-7.1827974,0 107.9057865,-7.1827813,0 107.9057766,-7.1827731,0 107.9057543,-7.1827387,0 107.9057477,-7.1826962,0 107.9057518,-7.1826536,0 107.9057593,-7.1826110,0 107.9057652,-7.1825684,0 107.9057678,-7.1825259,0 107.9057674,-7.1824833,0 107.9057652,-7.1824407,0 107.9057609,-7.1823981,0 107.9057545,-7.1823555,0 107.9057507,-7.1823130,0 107.9057578,-7.1822704,0 107.9057766,-7.1822360,0 107.9058004,-7.1822278,0 107.9058195,-7.1822217,0 107.9058327,-7.1822278,0 107.9058624,-7.1822415,0 107.9059054,-7.1822542,0 107.9059440,-7.1822278,0 107.9059371,-7.1821852,0 107.9059225,-7.1821426,0 107.9059250,-7.1821001,0 107.9059483,-7.1820591,0 107.9059490,-7.1820575,0 107.9059885,-7.1820149,0 107.9059912,-7.1820124,0 107.9060328,-7.1819723,0 107.9060341,-7.1819711,0 107.9060770,-7.1819321,0 107.9060796,-7.1819298,0 107.9061199,-7.1818968,0 107.9061318,-7.1818872,0 107.9061628,-7.1818601,0 107.9061792,-7.1818446,0 107.9062058,-7.1818134,0 107.9062150,-7.1818020,0 107.9062487,-7.1817615,0 107.9062509,-7.1817594,0 107.9062916,-7.1817298,0 107.9063202,-7.1817169,0 107.9063345,-7.1817100,0</coordinates></LineString></Placemark>
<Placemark><name>702 m</name><styleUrl>#k</styleUrl><LineString><tessellate>1</tessellate><coordinates>107.9051758,-7.1837606,0 107.9051758,-7.1837606,0 107.9051329,-7.1837748,0 107.9050900,-7.1838032,0 107.9050900,-7.1838032,0 107.9050900,-7.1838032,0 107.9051329,-7.1838139,0 107.9051758,-7.1838192,0 107.9052187,-7.1838127,0 107.9052359,-7.1838032,0 107.9052187,-7.1837748,0 107.9051758,-7.1837606,0 107.9051758,-7.1837606,0</coordinates></LineString></Placemark>
<Placemark><name>702 m</name><styleUrl>#k</styleUrl><LineString><tessellate>1</tessellate><coordinates>107.9053475,-7.1844376,0 107.9053904,-7.1844366,0 107.9054019,-7.1844419,0 107.9054026,-7.1844845,0 107.9053904,-7.1844907,0 107.9053475,-7.1845108,0 107.9053295,-7.1845270,0 107.9053045,-7.1845554,0 107.9052956,-7.1845696,0 107.9052714,-7.1846122,0 107.9052616,-7.1846280,0 107.9052187,-7.1846273,0 107.9052041,-7.1846122,0 107.9051758,-7.1845784,0 107.9051691,-7.1845696,0 107.9051378,-7.1845270,0 107.9051329,-7.1845111,0 107.9050900,-7.1844845,0 107.9051329,-7.1844784,0 107.9051758,-7.1844761,0 107.9052187,-7.1844734,0 107.9052616,-7.1844674,0 107.9053045,-7.1844542,0 107.9053303,-7.1844419,0 107.9053475,-7.1844376,0</coordinates></LineString></Placemark>
<Placemark><name>702 m</name><styleUrl>#k</styleUrl><LineString><tessellate>1</tessellate><coordinates>107.9045750,-7.1844550,0 107.9046179,-7.1844531,0 107.9046608,-7.1844553,0 107.9047037,-7.1844601,0 107.9047466,-7.1844703,0 107.9047528,-7.1844845,0 107.9047587,-7.1845270,0 107.9047552,-7.1845696,0 107.9047466,-7.1846037,0 107.9047443,-7.1846122,0 107.9047116,-7.1846548,0 107.9047037,-7.1846602,0 107.9046608,-7.1846669,0 107.9046179,-7.1846610,0 107.9045943,-7.1846548,0 107.9045750,-7.1846452,0 107.9045390,-7.1846122,0 107.9045321,-7.1845867,0 107.9045280,-7.1845696,0 107.9045293,-7.1845270,0 107.9045321,-7.1845129,0 107.9045453,-7.1844845,0 107.9045750,-7.1844550,0</coordinates></LineString></Placemark>
<Placemark><name>702 m</name><styleUrl>#k</styleUrl><LineString><tessellate>1</tessellate><coordinates>107.9042317,-7.1851444,0 107.9042043,-7.1851657,0 107.9041887,-7.1851967,0 107.9041859,-7.1852083,0 107.9041887,-7.1852265,0 107.9041965,-7.1852509,0 107.9042131,-7.1852935,0 107.9042177,-7.1853360,0 107.9042136,-7.1853786,0 107.9042109,-7.1854212,0 107.9042133,-7.1854638,0 107.9042230,-7.1855063,0 107.9042317,-7.1855253,0 107.9042746,-7.1855479,0 107.9043175,-7.1855294,0 107.9043604,-7.1855063,0 107.9043604,-7.1855063,0 107.9044033,-7.1854790,0 107.9044340,-7.1854638,0 107.9044313,-7.1854212,0 107.9044156,-7.1853786,0 107.9044033,-7.1853524,0 107.9043940,-7.1853360,0 107.9043684,-7.1852935,0 107.9043604,-7.1852818,0 107.9043359,-7.1852509,0 107.9043175,-7.1852083,0 107.9043175,-7.1852083,0 107.9043052,-7.1851657,0 107.9042746,-7.1851373,0 107.9042317,-7.1851444,0</coordinates></LineString></Placemark>
<Placemark><name>702 m</name><styleUrl>#k</styleUrl><LineString><tessellate>1</tessellate><coordinates>107.9080082,-7.1853259,0 107.9080511,-7.1853248,0 107.9080940,-7.1853233,0 107.9081369,-7.1853214,0 107.9081799,-7.1853207,0 107.9082228,-7.1853207,0 107.9082657,-7.1853207,0 107.9083086,-7.1853207,0 107.9083515,-7.1853224,0 107.9083944,-7.1853241,0 107.9084374,-7.1853255,0 107.9084803,-7.1853265,0 107.9085004,-7.1853360,0 107.9085232,-7.1853533,0 107.9085487,-7.1853786,0 107.9085661,-7.1853959,0 107.9085916,-7.1854212,0 107.9086090,-7.1854385,0 107.9086345,-7.1854638,0 107.9086519,-7.1854813,0 107.9086948,-7.1854933,0 107.9087378,-7.1854949,0 107.9087807,-7.1854963,0 107.9088236,-7.1854973,0 107.9088421,-7.1855063,0 107.9088665,-7.1855301,0 107.9088781,-7.1855489,0 107.9088984,-7.1855915,0 107.9089094,-7.1856223,0 107.9089131,-7.1856341,0 107.9089246,-7.1856767,0 107.9089379,-7.1857192,0 107.9089523,-7.1857541,0 107.9089562,-7.1857618,0 107.9089821,-7.1858044,0 107.9089953,-7.1858204,0 107.9090207,-7.1858470,0 107.9090382,-7.1858643,0 107.9090637,-7.1858896,0 107.9090811,-7.1859068,0 107.9091066,-7.1859321,0 107.9091240,-7.1859494,0 107.9091495,-7.1859747,0 107.9091669,-7.1859999,0 107.9091742,-7.1860173,0 107.9091750,-7.1860599,0 107.9091762,-7.1861024,0 107.9091776,-7.1861450,0 107.9091790,-7.1861876,0 107.9091790,-7.1862302,0 107.9091790,-7.1862728,0 107.9091790,-7.1863153,0 107.9091790,-7.1863579,0 107.9091790,-7.1864005,0 107.9091790,-7.1864431,0 107.9091790,-7.1864856,0 107.9091908,-7.1865282,0 107.9092098,-7.1865469,0 107.9092340,-7.1865708,0 107.9092527,-7.1865894,0 107.9092769,-7.1866134,0 107.9092957,-7.1866320,0 107.9093198,-7.1866560,0 107.9093386,-7.1866707,0 107.9093815,-7.1866827,0 107.9094244,-7.1866859,0 107.9094673,-7.1866884,0 107.9095102,-7.1866910,0 107.9095280,-7.1866985,0 107.9095532,-7.1867165,0 107.9095780,-7.1867411,0 107.9095961,-7.1867591,0 107.9096209,-7.1867837,0 107.9096390,-7.1868017,0 107.9096638,-7.1868263,0 107.9096819,-7.1868502,0 107.9096958,-7.1868689,0 107.9096978,-7.1869114,0 107.9096996,-7.1869540,0 107.9097012,-7.1869966,0 107.9097018,-7.1870392,0 107.9097003,-7.1870817,0 107.9096986,-7.1871243,0 107.9096966,-7.1871669,0 107.9096944,-7.1872095,0 107.9096923,-7.1872521,0 107.9096892,-7.1872946,0 107.9096855,-7.1873372,0 107.9096819,-7.1873462,0 107.9096390,-7.1873592,0 107.9095961,-7.1873649,0 107.9095532,-7.1873682,0 107.9095102,-7.1873703,0 107.9094673,-7.1873717,0 107.9094244,-7.1873728,0 107.9093815,-7.1873736,0 107.9093386,-7.1873739,0 107.9092957,-7.1873731,0 107.9092527,-7.1873722,0 107.9092098,-7.1873709,0 107.9091669,-7.1873697,0 107.9091240,-7.1873697,0 107.9090811,-7.1873697,0 107.9090382,-7.1873697,0 107.9089953,-7.1873582,0 107.9089745,-7.1873372,0 107.9089523,-7.1873153,0 107.9089316,-7.1872946,0 107.9089094,-7.1872727,0 107.9088886,-7.1872521,0 107.9088665,-7.1872301,0 107.9088454,-7.1872095,0 107.9088336,-7.1871669,0 107.9088322,-7.1871243,0 107.9088311,-7.1870817,0 107.9088304,-7.1870392,0 107.9088236,-7.1870231,0 107.9088078,-7.1869966,0 107.9087826,-7.1869540,0 107.9087807,-7.1869500,0 107.9087650,-7.1869114,0 107.9087517,-7.1868689,0 107.9087645,-7.1868263,0 107.9087807,-7.1867938,0 107.9087857,-7.1867837,0 107.9088074,-7.1867411,0 107.9088236,-7.1867087,0 107.9088316,-7.1866985,0 107.9088236,-7.1866757,0 107.9088192,-7.1866560,0 107.9087978,-7.1866134,0 107.9087807,-7.1865795,0 107.9087763,-7.1865708,0 107.9087549,-7.1865282,0 107.9087378,-7.1864972,0 107.9087300,-7.1864856,0 107.9086948,-7.1864501,0 107.9086829,-7.1864431,0 107.9086519,-7.1864278,0 107.9086090,-7.1864147,0 107.9085731,-7.1864005,0 107.9085661,-7.1863973,0 107.9085232,-7.1863725,0 107.9085043,-7.1863579,0 107.9084894,-7.1863153,0 107.9084870,-7.1862728,0 107.9084843,-7.1862302,0 107.9084811,-7.1861876,0 107.9084803,-7.1861450,0 107.9084803,-7.1861024,0 107.9084803,-7.1860599,0 107.9084803,-7.1860173,0 107.9084803,-7.1860173,0 107.9084374,-7.1860173,0 107.9083944,-7.1860173,0 107.9083515,-7.1860173,0 107.9083086,-7.1859747,0 107.9083086,-7.1859321,0 107.9083086,-7.1858896,0 107.9083086,-7.1858470,0 107.9083086,-7.1858470,0 107.9082657,-7.1858470,0 107.9082228,-7.1858470,0 107.9081799,-7.1858470,0 107.9081369,-7.1858470,0 107.9080940,-7.1858470,0 107.9080511,-7.1858470,0 107.9080082,-7.1858470,0 107.9079926,-7.1858044,0 107.9079825,-7.1857618,0 107.9079778,-7.1857192,0 107.9079753,-7.1856767,0 107.9079653,-7.1856621,0 107.9079498,-7.1856341,0 107.9079238,-7.1855915,0 107.9079224,-7.1855886,0 107.9079058,-7.1855489,0 107.9078921,-7.1855063,0 107.9079024,-7.1854638,0 107.9079224,-7.1854245,0 107.9079240,-7.1854212,0 107.9079454,-7.1853786,0 107.9079653,-7.1853394,0 107.9079730,-7.1853360,0 107.9080082,-7.1853259,0</coordinates></LineString></Placemark>
<Placemark><name>702 m</name><styleUrl>#k</styleUrl><LineString><tessellate>1</tessellate><coordinates>107.9045321,-7.1855033,0 107.9045282,-7.1855063,0 107.9045251,-7.1855489,0 107.9045321,-7.1855755,0 107.9045354,-7.1855915,0 107.9045492,-7.1856341,0 107.9045693,-7.1856767,0 107.9045750,-7.1856838,0 107.9046179,-7.1857069,0 107.9046608,-7.1857058,0 107.9047037,-7.1856878,0 107.9047175,-7.1856767,0 107.9047418,-7.1856341,0 107.9047452,-7.1855915,0 107.9047271,-7.1855489,0 107.9047037,-7.1855276,0 107.9046608,-7.1855104,0 107.9046465,-7.1855063,0 107.9046179,-7.1854893,0 107.9045750,-7.1854898,0 107.9045321,-7.1855033,0</coordinates></LineString></Placemark>
<Placemark><name>702 m</name><styleUrl>#k</styleUrl><LineString><tessellate>1</tessellate><coordinates>107.9069782,-7.1854881,0 107.9070212,-7.1854690,0 107.9070641,-7.1854638,0 107.9071070,-7.1854740,0 107.9071499,-7.1855039,0 107.9071518,-7.1855063,0 107.9071657,-7.1855489,0 107.9071656,-7.1855915,0 107.9071550,-7.1856341,0 107.9071499,-7.1856459,0 107.9071213,-7.1856767,0 107.9071070,-7.1856887,0 107.9070641,-7.1856937,0 107.9070212,-7.1856818,0 107.9070061,-7.1856767,0 107.9069782,-7.1856646,0 107.9069353,-7.1856543,0 107.9068924,-7.1856554,0 107.9068495,-7.1856645,0 107.9068105,-7.1856341,0 107.9068495,-7.1856138,0 107.9068709,-7.1855915,0 107.9068924,-7.1855759,0 107.9069114,-7.1855489,0 107.9069353,-7.1855252,0 107.9069510,-7.1855063,0 107.9069782,-7.1854881,0</coordinates></LineString></Placemark>
<Placemark><name>702 m</name><styleUrl>#k</styleUrl><LineString><tessellate>1</tessellate><coordinates>107.9036738,-7.1868678,0 107.9036728,-7.1868689,0 107.9036323,-7.1869114,0 107.9036308,-7.1869125,0 107.9035879,-7.1869520,0 107.9035859,-7.1869540,0 107.9035450,-7.1869940,0 107.9035431,-7.1869966,0 107.9035278,-7.1870392,0 107.9035341,-7.1870817,0 107.9035450,-7.1871045,0 107.9035784,-7.1871243,0 107.9035879,-7.1871487,0 107.9036165,-7.1871243,0 107.9036308,-7.1871214,0 107.9036649,-7.1870817,0 107.9036738,-7.1870711,0 107.9036914,-7.1870392,0 107.9037136,-7.1869966,0 107.9037167,-7.1869899,0 107.9037299,-7.1869540,0 107.9037357,-7.1869114,0 107.9037208,-7.1868689,0 107.9037167,-7.1868648,0 107.9036738,-7.1868678,0</coordinates></LineString></Placemark>
<Placemark><name>702 m</name><styleUrl>#k</styleUrl><LineString><tessellate>1</tessellate><coordinates>107.9072357,-7.1876767,0 107.9072186,-7.1876778,0 107.9071928,-7.1876807,0 107.9071499,-7.1877044,0 107.9071365,-7.1877204,0 107.9071272,-7.1877630,0 107.9071305,-7.1878056,0 107.9071383,-7.1878481,0 107.9071413,-7.1878907,0 107.9071340,-7.1879333,0 107.9071262,-7.1879759,0 107.9071271,-7.1880185,0 107.9071489,-7.1880610,0 107.9071499,-7.1880619,0 107.9071928,-7.1880797,0 107.9072357,-7.1880834,0 107.9072786,-7.1880742,0 107.9073008,-7.1880610,0 107.9073216,-7.1880286,0 107.9073251,-7.1880185,0 107.9073251,-7.1879759,0 107.9073216,-7.1879493,0 107.9073181,-7.1879333,0 107.9073096,-7.1878907,0 107.9073154,-7.1878481,0 107.9073216,-7.1878269,0 107.9073256,-7.1878056,0 107.9073294,-7.1877630,0 107.9073216,-7.1877302,0 107.9073180,-7.1877204,0 107.9072786,-7.1876885,0 107.9072423,-7.1876778,0 107.9072357,-7.1876767,0</coordinates></LineString></Placemark>
<Placemark><name>702 m</name><styleUrl>#k</styleUrl><LineString><tessellate>1</tessellate><coordinates>107.9062916,-7.1883528,0 107.9062830,-7.1883591,0 107.9062916,-7.1883827,0 107.9062962,-7.1884017,0 107.9063249,-7.1884442,0 107.9063345,-7.1884588,0 107.9063537,-7.1884868,0 107.9063774,-7.1885142,0 107.9064013,-7.1885294,0 107.9064203,-7.1885366,0 107.9064633,-7.1885344,0 107.9064735,-7.1885294,0 107.9065062,-7.1884868,0 107.9065062,-7.1884868,0 107.9065062,-7.1884868,0 107.9065047,-7.1884442,0 107.9064839,-7.1884017,0 107.9064633,-7.1883781,0 107.9064332,-7.1883591,0 107.9064203,-7.1883528,0 107.9063774,-7.1883427,0 107.9063345,-7.1883410,0 107.9062916,-7.1883528,0</coordinates></LineString></Placemark>
<Placemark><name>702 m</name><styleUrl>#k</styleUrl><LineString><tessellate>1</tessellate><coordinates>107.9066778,-7.1907434,0 107.9066778,-7.1907434,0 107.9066349,-7.1907535,0 107.9065983,-7.1907860,0 107.9065920,-7.1908002,0 107.9065854,-7.1908286,0 107.9065896,-7.1908712,0 107.9065920,-7.1908775,0 107.9066130,-7.1909138,0 107.9066349,-7.1909334,0 107.9066778,-7.1909437,0 107.9067207,-7.1909387,0 107.9067637,-7.1909290,0 107.9068066,-7.1909274,0 107.9068495,-7.1909370,0 107.9068924,-7.1909466,0 107.9069353,-7.1909442,0 107.9069782,-7.1909163,0 107.9069800,-7.1909138,0 107.9069954,-7.1908712,0 107.9069988,-7.1908286,0 107.9069881,-7.1907860,0 107.9069782,-7.1907711,0 107.9069384,-7.1907434,0 107.9069353,-7.1907420,0 107.9068924,-7.1907396,0 107.9068686,-7.1907434,0 107.9068495,-7.1907477,0 107.9068066,-7.1907591,0 107.9067637,-7.1907580,0 107.9067207,-7.1907491,0 107.9066778,-7.1907434,0 107.9066778,-7.1907434,0</coordinates></LineString></Placemark>
<Placemark><name>702 m</name><styleUrl>#k</styleUrl><LineString><tessellate>1</tessellate><coordinates>107.9044462,-7.1908624,0 107.9044278,-7.1908712,0 107.9044033,-7.1908925,0 107.9043919,-7.1909138,0 107.9043898,-7.1909563,0 107.9044033,-7.1909974,0 107.9044040,-7.1909989,0 107.9044401,-7.1910415,0 107.9044462,-7.1910465,0 107.9044891,-7.1910754,0 107.9045075,-7.1910841,0 107.9045321,-7.1910928,0 107.9045750,-7.1910946,0 107.9045896,-7.1910841,0 107.9045945,-7.1910415,0 107.9045846,-7.1909989,0 107.9045750,-7.1909692,0 107.9045693,-7.1909563,0 107.9045488,-7.1909138,0 107.9045321,-7.1908841,0 107.9045144,-7.1908712,0 107.9044891,-7.1908592,0 107.9044462,-7.1908624,0</coordinates></LineString></Placemark>
<Placemark><name>704 m</name><styleUrl>#k</styleUrl><LineString><tessellate>1</tessellate><coordinates>107.9040480,-7.1777145,0 107.9040481,-7.1777570,0 107.9040457,-7.1777996,0 107.9040425,-7.1778422,0 107.9040401,-7.1778848,0 107.9040393,-7.1779273,0 107.9040412,-7.1779699,0 107.9040461,-7.1780125,0 107.9040501,-7.1780551,0 107.9040507,-7.1780977,0 107.9040445,-7.1781402,0 107.9040269,-7.1781828,0 107.9040171,-7.1781974,0 107.9039907,-7.1782254,0 107.9039742,-7.1782408,0 107.9039386,-7.1782680,0 107.9039312,-7.1782750,0 107.9038883,-7.1783079,0 107.9038824,-7.1783106,0 107.9038454,-7.1783500,0 107.9038368,-7.1783531,0 107.9038430,-7.1783957,0 107.9038454,-7.1783988,0 107.9038578,-7.1784383,0 107.9038679,-7.1784809,0 107.9038617,-7.1785235,0 107.9038454,-7.1785422,0 107.9038025,-7.1785443,0 107.9037596,-7.1785339,0 107.9037357,-7.1785235,0 107.9037167,-7.1785089,0 107.9036957,-7.1784809,0 107.9036916,-7.1784383,0 107.9037124,-7.1783957,0 107.9037167,-7.1783872,0 107.9037479,-7.1783531,0 107.9037167,-7.1783369,0 107.9036738,-7.1783235,0 107.9036308,-7.1783232,0 107.9035879,-7.1783239,0 107.9035450,-7.1783206,0 107.9035021,-7.1783106,0 107.9035021,-7.1783106,0</coordinates></LineString></Placemark>
<Placemark><name>704 m</name><styleUrl>#k</styleUrl><LineString><tessellate>1</tessellate><coordinates>107.9047399,-7.1777145,0 107.9047342,-7.1777570,0 107.9047311,-7.1777996,0 107.9047383,-7.1778422,0 107.9047466,-7.1778713,0 107.9047494,-7.1778848,0 107.9047514,-7.1779273,0 107.9047466,-7.1779463,0 107.9047363,-7.1779699,0 107.9047037,-7.1779922,0 107.9046608,-7.1779952,0 107.9046179,-7.1779879,0 107.9045750,-7.1779804,0 107.9045321,-7.1779798,0 107.9044891,-7.1779844,0 107.9044462,-7.1779880,0 107.9044033,-7.1779842,0 107.9043684,-7.1779699,0 107.9043604,-7.1779657,0 107.9043175,-7.1779297,0 107.9043149,-7.1779273,0 107.9042751,-7.1778848,0 107.9042746,-7.1778840,0 107.9042376,-7.1778422,0 107.9042317,-7.1778315,0 107.9042065,-7.1777996,0 107.9041935,-7.1777570,0 107.9041938,-7.1777145,0</coordinates></LineString></Placemark>
<Placemark><name>704 m</name><styleUrl>#k</styleUrl><LineString><tessellate>1</tessellate><coordinates>107.9070825,-7.1777145,0 107.9070641,-7.1777308,0 107.9070346,-7.1777570,0 107.9070212,-7.1777674,0 107.9069800,-7.1777996,0 107.9069782,-7.1778011,0 107.9069353,-7.1778398,0 107.9069331,-7.1778422,0 107.9069070,-7.1778848,0 107.9068935,-7.1779273,0 107.9068924,-7.1779327,0 107.9068856,-7.1779699,0 107.9068789,-7.1780125,0 107.9068696,-7.1780551,0 107.9068505,-7.1780977,0 107.9068495,-7.1780991,0 107.9068099,-7.1781402,0 107.9068066,-7.1781429,0 107.9067637,-7.1781734,0 107.9067501,-7.1781828,0 107.9067207,-7.1782058,0 107.9066973,-7.1782254,0 107.9066778,-7.1782460,0 107.9066585,-7.1782680,0 107.9066349,-7.1783032,0 107.9066296,-7.1783106,0 107.9066085,-7.1783531,0 107.9065931,-7.1783957,0 107.9065920,-7.1784099,0 107.9065834,-7.1784383,0 107.9065920,-7.1784489,0 107.9066055,-7.1784809,0 107.9066349,-7.1785100,0 107.9066402,-7.1785235,0 107.9066514,-7.1785660,0 107.9066519,-7.1786086,0 107.9066358,-7.1786512,0 107.9066349,-7.1786521,0 107.9065920,-7.1786759,0 107.9065491,-7.1786825,0 107.9065062,-7.1786777,0 107.9064633,-7.1786638,0 107.9064304,-7.1786512,0 107.9064203,-7.1786390,0 107.9063774,-7.1786269,0 107.9063345,-7.1786363,0 107.9063039,-7.1786512,0 107.9062916,-7.1786554,0 107.9062487,-7.1786883,0 107.9062436,-7.1786938,0 107.9062081,-7.1787363,0 107.9062058,-7.1787392,0 107.9061763,-7.1787789,0 107.9061628,-7.1787933,0 107.9061300,-7.1788215,0 107.9061199,-7.1788274,0 107.9060770,-7.1788408,0 107.9060341,-7.1788445,0 107.9059912,-7.1788421,0 107.9059483,-7.1788359,0 107.9059054,-7.1788277,0 107.9058753,-7.1788215,0 107.9058624,-7.1788171,0 107.9058240,-7.1787789,0 107.9058195,-7.1787725,0 107.9058029,-7.1787363,0 107.9057821,-7.1786938,0 107.9057766,-7.1786862,0 107.9057551,-7.1786512,0 107.9057337,-7.1786209,0 107.9057268,-7.1786086,0 107.9057037,-7.1785660,0 107.9056908,-7.1785346,0 107.9056868,-7.1785235,0 107.9056772,-7.1784809,0 107.9056734,-7.1784383,0 107.9056736,-7.1783957,0 107.9056754,-7.1783531,0 107.9056771,-7.1783106,0 107.9056776,-7.1782680,0 107.9056775,-7.1782254,0 107.9056778,-7.1781828,0 107.9056800,-7.1781402,0 107.9056853,-7.1780977,0 107.9056908,-7.1780764,0 107.9056974,-7.1780551,0 107.9057232,-7.1780125,0 107.9057337,-7.1780026,0 107.9057766,-7.1779725,0 107.9057807,-7.1779699,0 107.9058195,-7.1779423,0 107.9058337,-7.1779273,0 107.9058541,-7.1778848,0 107.9058600,-7.1778422,0 107.9058574,-7.1777996,0 107.9058420,-7.1777570,0 107.9058195,-7.1777338,0 107.9057766,-7.1777145,0</coordinates></LineString></Placemark>
<Placemark><name>704 m</name><styleUrl>#k</styleUrl><LineString><tessellate>1</tessellate><coordinates>107.9035021,-7.1778227,0 107.9035340,-7.1777996,0 107.9035450,-7.1777792,0 107.9035544,-7.1777570,0 107.9035578,-7.1777145,0</coordinates></LineString></Placemark>
<Placemark><name>704 m</name><styleUrl>#k</styleUrl><LineString><tessellate>1</tessellate><coordinates>107.9035021,-7.1782657,0 107.9035407,-7.1782254,0 107.9035450,-7.1781828,0 107.9035450,-7.1781828,0 107.9035450,-7.1781828,0 107.9035081,-7.1781402,0 107.9035021,-7.1781371,0</coordinates></LineString></Placemark>
<Placemark><name>704 m</name><styleUrl>#k</styleUrl><LineString><tessellate>1</tessellate><coordinates>107.9035021,-7.1790819,0 107.9035167,-7.1790770,0 107.9035450,-7.1790687,0 107.9035879,-7.1790580,0 107.9036308,-7.1790454,0 107.9036564,-7.1790344,0 107.9036738,-7.1790246,0 107.9037099,-7.1789918,0 107.9037167,-7.1789830,0 107.9037365,-7.1789492,0 107.9037533,-7.1789067,0 107.9037596,-7.1788878,0 107.9037672,-7.1788641,0 107.9037820,-7.1788215,0 107.9037999,-7.1787789,0 107.9038025,-7.1787732,0 107.9038231,-7.1787363,0 107.9038454,-7.1786980,0 107.9038494,-7.1786938,0 107.9038817,-7.1786512,0 107.9038883,-7.1786382,0 107.9039312,-7.1786245,0 107.9039742,-7.1786331,0 107.9040171,-7.1786500,0 107.9040191,-7.1786512,0 107.9040600,-7.1786730,0 107.9040904,-7.1786938,0 107.9041029,-7.1787026,0 107.9041432,-7.1787363,0 107.9041458,-7.1787390,0 107.9041838,-7.1787789,0 107.9041887,-7.1787870,0 107.9042108,-7.1788215,0 107.9042197,-7.1788641,0 107.9042150,-7.1789067,0 107.9042065,-7.1789492,0 107.9042108,-7.1789918,0 107.9042317,-7.1790101,0 107.9042746,-7.1790119,0 107.9043175,-7.1790032,0 107.9043604,-7.1790000,0 107.9044033,-7.1790102,0 107.9044416,-7.1790344,0 107.9044462,-7.1790376,0 107.9044822,-7.1790770,0 107.9044891,-7.1790855,0 107.9045126,-7.1791196,0 107.9045321,-7.1791450,0 107.9045460,-7.1791621,0 107.9045750,-7.1791889,0 107.9045931,-7.1792047,0 107.9046179,-7.1792258,0 107.9046417,-7.1792473,0 107.9046608,-7.1792692,0 107.9046796,-7.1792899,0 107.9047037,-7.1793223,0 107.9047157,-7.1793325,0 107.9047466,-7.1793516,0 107.9047896,-7.1793559,0 107.9048325,-7.1793522,0 107.9048754,-7.1793470,0 107.9049183,-7.1793439,0 107.9049612,-7.1793438,0 107.9050041,-7.1793460,0 107.9050470,-7.1793472,0 107.9050900,-7.1793439,0 107.9051238,-7.1793325,0 107.9051329,-7.1793296,0 107.9051758,-7.1793195,0 107.9052187,-7.1793226,0 107.9052323,-7.1793325,0 107.9052517,-7.1793750,0 107.9052457,-7.1794176,0 107.9052320,-7.1794602,0 107.9052385,-7.1795028,0 107.9052616,-7.1795189,0 107.9053045,-7.1795216,0 107.9053475,-7.1795155,0 107.9053904,-7.1795132,0 107.9054333,-7.1795265,0 107.9054481,-7.1795453,0 107.9054515,-7.1795879,0 107.9054419,-7.1796305,0 107.9054333,-7.1796534,0 107.9054249,-7.1796731,0 107.9054028,-7.1797157,0 107.9053904,-7.1797383,0 107.9053794,-7.1797582,0 107.9053592,-7.1798008,0 107.9053475,-7.1798334,0 107.9053438,-7.1798434,0 107.9053319,-7.1798860,0 107.9053203,-7.1799286,0 107.9053045,-7.1799672,0 107.9053023,-7.1799711,0 107.9052653,-7.1800137,0 107.9052616,-7.1800168,0 107.9052187,-7.1800545,0 107.9052169,-7.1800563,0 107.9051798,-7.1800989,0 107.9051758,-7.1801043,0 107.9051483,-7.1801414,0 107.9051329,-7.1801636,0 107.9051085,-7.1801840,0 107.9050900,-7.1801980,0 107.9050470,-7.1801898,0 107.9050400,-7.1801840,0 107.9050041,-7.1801625,0 107.9049702,-7.1801414,0 107.9049612,-7.1801372,0 107.9049183,-7.1801190,0 107.9048754,-7.1801059,0 107.9048484,-7.1800989,0 107.9048325,-7.1800941,0 107.9047896,-7.1800778,0 107.9047561,-7.1800563,0 107.9047466,-7.1800482,0 107.9047207,-7.1800137,0 107.9047037,-7.1799863,0 107.9046964,-7.1799711,0 107.9046778,-7.1799286,0 107.9046620,-7.1798860,0 107.9046608,-7.1798826,0 107.9046465,-7.1798434,0 107.9046290,-7.1798008,0 107.9046179,-7.1797788,0 107.9046039,-7.1797582,0 107.9045750,-7.1797170,0 107.9045738,-7.1797157,0 107.9045557,-7.1796731,0 107.9045561,-7.1796305,0 107.9045678,-7.1795879,0 107.9045750,-7.1795453,0 107.9045750,-7.1795453,0 107.9045750,-7.1795453,0 107.9045321,-7.1795081,0 107.9044891,-7.1795044,0 107.9044462,-7.1795094,0 107.9044033,-7.1795148,0 107.9043604,-7.1795182,0 107.9043175,-7.1795189,0 107.9042746,-7.1795183,0 107.9042317,-7.1795170,0 107.9041887,-7.1795154,0 107.9041458,-7.1795141,0 107.9041029,-7.1795125,0 107.9040600,-7.1795113,0 107.9040171,-7.1795124,0 107.9039742,-7.1795142,0 107.9039312,-7.1795155,0 107.9038883,-7.1795166,0 107.9038454,-7.1795168,0 107.9038025,-7.1795174,0 107.9037596,-7.1795184,0 107.9037167,-7.1795219,0 107.9036738,-7.1795382,0 107.9036652,-7.1795453,0 107.9036738,-7.1795531,0 107.9036898,-7.1795879,0 107.9037081,-7.1796305,0 107.9037036,-7.1796731,0 107.9036738,-7.1797053,0 107.9036557,-7.1797157,0 107.9036308,-7.1797271,0 107.9035879,-7.1797582,0 107.9035879,-7.1797582,0 107.9035631,-7.1798008,0 107.9035450,-7.1798360,0 107.9035396,-7.1798434,0 107.9035021,-7.1798682,0</coordinates></LineString></Placemark>
<Placemark><name>704 m</name><styleUrl>#k</styleUrl><LineString><tessellate>1</tessellate><coordinates>107.9035021,-7.1796974,0 107.9035307,-7.1796731,0 107.9035297,-7.1796305,0 107.9035153,-7.1795879,0 107.9035128,-7.1795453,0 107.9035450,-7.1795028,0 107.9035450,-7.1795028,0 107.9035777,-7.1794602,0 107.9035729,-7.1794176,0 107.9035544,-7.1793750,0 107.9035450,-7.1793650,0 107.9035021,-7.1793371,0</coordinates></LineString></Placemark>
<Placemark><name>704 m</name><styleUrl>#k</styleUrl><LineString><tessellate>1</tessellate><coordinates>107.9035021,-7.1801762,0 107.9035101,-7.1801840,0 107.9035450,-7.1802183,0 107.9035528,-7.1802266,0 107.9035879,-7.1802667,0 107.9035900,-7.1802692,0 107.9036253,-7.1803118,0 107.9036308,-7.1803184,0 107.9036709,-7.1803543,0 107.9036738,-7.1803568,0 107.9037167,-7.1803756,0 107.9037596,-7.1803803,0 107.9038025,-7.1803743,0 107.9038347,-7.1803543,0 107.9038380,-7.1803118,0 107.9038402,-7.1802692,0 107.9038454,-7.1802408,0 107.9038520,-7.1802266,0 107.9038883,-7.1802026,0 107.9039169,-7.1802266,0 107.9039220,-7.1802692,0 107.9039047,-7.1803118,0 107.9038883,-7.1803458,0 107.9038693,-7.1803543,0 107.9038579,-7.1803969,0 107.9038640,-7.1804395,0 107.9038704,-7.1804821,0 107.9038747,-7.1805247,0 107.9038752,-7.1805672,0 107.9038708,-7.1806098,0 107.9038454,-7.1806524,0 107.9038454,-7.1806524,0 107.9038025,-7.1806820,0 107.9037596,-7.1806937,0 107.9037559,-7.1806950,0 107.9037167,-7.1807063,0 107.9036738,-7.1807214,0 107.9036416,-7.1807376,0 107.9036308,-7.1807420,0 107.9035879,-7.1807634,0 107.9035587,-7.1807801,0 107.9035450,-7.1807870,0 107.9035021,-7.1808132,0</coordinates></LineString></Placemark>
<Placemark><name>704 m</name><styleUrl>#k</styleUrl><LineString><tessellate>1</tessellate><coordinates>107.9035021,-7.1823438,0 107.9035450,-7.1823288,0 107.9035879,-7.1823139,0 107.9035904,-7.1823130,0 107.9036308,-7.1822945,0 107.9036706,-7.1822704,0 107.9036738,-7.1822680,0 107.9037167,-7.1822321,0 107.9037217,-7.1822278,0 107.9037596,-7.1821926,0 107.9037683,-7.1821852,0 107.9038025,-7.1821530,0 107.9038149,-7.1821426,0 107.9038454,-7.1821095,0 107.9038555,-7.1821001,0 107.9038797,-7.1820575,0 107.9038830,-7.1820149,0 107.9038759,-7.1819723,0 107.9038702,-7.1819298,0 107.9038833,-7.1818872,0 107.9038883,-7.1818822,0 107.9039312,-7.1818656,0 107.9039742,-7.1818675,0 107.9040171,-7.1818855,0 107.9040193,-7.1818872,0 107.9040600,-7.1819244,0 107.9040653,-7.1819298,0 107.9041029,-7.1819586,0 107.9041276,-7.1819723,0 107.9041458,-7.1819796,0 107.9041887,-7.1819923,0 107.9042317,-7.1820009,0 107.9042746,-7.1820091,0 107.9042947,-7.1820149,0 107.9043175,-7.1820228,0 107.9043604,-7.1820526,0 107.9043649,-7.1820575,0 107.9044033,-7.1820900,0 107.9044147,-7.1821001,0 107.9044462,-7.1821198,0 107.9044891,-7.1821423,0 107.9044900,-7.1821426,0 107.9045321,-7.1821576,0 107.9045750,-7.1821693,0 107.9046179,-7.1821789,0 107.9046430,-7.1821852,0 107.9046608,-7.1821913,0 107.9047037,-7.1822150,0 107.9047183,-7.1822278,0 107.9047376,-7.1822704,0 107.9047382,-7.1823130,0 107.9047339,-7.1823555,0 107.9047317,-7.1823981,0 107.9047357,-7.1824407,0 107.9047453,-7.1824833,0 107.9047466,-7.1824913,0 107.9047542,-7.1825259,0 107.9047466,-7.1825684,0 107.9047466,-7.1825684,0 107.9047037,-7.1826094,0 107.9047016,-7.1826110,0 107.9046608,-7.1826303,0 107.9046179,-7.1826491,0 107.9046068,-7.1826536,0 107.9045750,-7.1826659,0 107.9045321,-7.1826808,0 107.9044891,-7.1826946,0 107.9044853,-7.1826962,0 107.9044462,-7.1827134,0 107.9044084,-7.1827387,0 107.9044033,-7.1827429,0 107.9043749,-7.1827813,0 107.9043604,-7.1828091,0 107.9043549,-7.1828239,0 107.9043427,-7.1828665,0 107.9043308,-7.1829091,0 107.9043175,-7.1829445,0 107.9043149,-7.1829516,0 107.9042929,-7.1829942,0 107.9042746,-7.1830204,0 107.9042625,-7.1830368,0 107.9042317,-7.1830764,0 107.9042295,-7.1830794,0 107.9042045,-7.1831220,0 107.9041887,-7.1831548,0 107.9041840,-7.1831645,0 107.9041634,-7.1832071,0 107.9041458,-7.1832370,0 107.9041372,-7.1832497,0 107.9041096,-7.1832923,0 107.9041029,-7.1833057,0 107.9040907,-7.1833348,0 107.9040768,-7.1833774,0 107.9040600,-7.1834192,0 107.9040596,-7.1834200,0 107.9040171,-7.1834605,0 107.9040124,-7.1834626,0 107.9039742,-7.1834735,0 107.9039312,-7.1834800,0 107.9038883,-7.1834862,0 107.9038454,-7.1834965,0 107.9038227,-7.1835052,0 107.9038025,-7.1835149,0 107.9037596,-7.1835445,0 107.9037555,-7.1835477,0 107.9037170,-7.1835903,0 107.9037167,-7.1835908,0 107.9036829,-7.1836329,0 107.9036738,-7.1836461,0 107.9036481,-7.1836755,0 107.9036308,-7.1836985,0 107.9036120,-7.1837181,0 107.9035879,-7.1837460,0 107.9035683,-7.1837606,0 107.9035450,-7.1837767,0 107.9035021,-7.1837876,0</coordinates></LineString></Placemark>
<Placemark><name>704 m</name><styleUrl>#k</styleUrl><LineString><tessellate>1</tessellate><coordinates>107.9035021,-7.1845088,0 107.9035156,-7.1844845,0 107.9035450,-7.1844568,0 107.9035736,-7.1844419,0 107.9035879,-7.1844358,0 107.9036308,-7.1844171,0 107.9036495,-7.1843993,0 107.9036686,-7.1843567,0 107.9036738,-7.1843456,0 107.9036890,-7.1843142,0 107.9037167,-7.1842827,0 107.9037342,-7.1842716,0 107.9037596,-7.1842614,0 107.9038025,-7.1842574,0 107.9038454,-7.1842708,0 107.9038464,-7.1842716,0 107.9038810,-7.1843142,0 107.9038883,-7.1843301,0 107.9039031,-7.1843567,0 107.9039312,-7.1843935,0 107.9039388,-7.1843993,0 107.9039742,-7.1844214,0 107.9040090,-7.1844419,0 107.9040171,-7.1844472,0 107.9040580,-7.1844845,0 107.9040600,-7.1844867,0 107.9040986,-7.1845270,0 107.9041029,-7.1845303,0 107.9041458,-7.1845609,0 107.9041554,-7.1845696,0 107.9041887,-7.1845988,0 107.9041972,-7.1846122,0 107.9042182,-7.1846548,0 107.9042317,-7.1846846,0 107.9042356,-7.1846974,0 107.9042443,-7.1847399,0 107.9042416,-7.1847825,0 107.9042317,-7.1847950,0 107.9041887,-7.1848176,0 107.9041630,-7.1848251,0 107.9041458,-7.1848322,0 107.9041068,-7.1848677,0 107.9041029,-7.1848754,0 107.9040896,-7.1849103,0 107.9040668,-7.1849528,0 107.9040600,-7.1849603,0 107.9040171,-7.1849954,0 107.9040171,-7.1849954,0 107.9039742,-7.1850109,0 107.9039312,-7.1850238,0 107.9039044,-7.1850380,0 107.9038883,-7.1850806,0 107.9038883,-7.1850806,0 107.9038763,-7.1851231,0 107.9038597,-7.1851657,0 107.9038454,-7.1851961,0 107.9038282,-7.1852083,0 107.9038025,-7.1852367,0 107.9037596,-7.1852130,0 107.9037565,-7.1852083,0 107.9037167,-7.1851714,0 107.9037109,-7.1851657,0 107.9036830,-7.1851231,0 107.9036738,-7.1850806,0 107.9036809,-7.1850380,0 107.9036995,-7.1849954,0 107.9037167,-7.1849528,0 107.9037596,-7.1849528,0 107.9038025,-7.1849772,0 107.9038454,-7.1849869,0 107.9038699,-7.1849528,0 107.9038776,-7.1849103,0 107.9038797,-7.1848677,0 107.9038883,-7.1848251,0 107.9038883,-7.1848251,0 107.9039312,-7.1848198,0 107.9039742,-7.1848185,0 107.9040171,-7.1848129,0 107.9040600,-7.1847932,0 107.9040657,-7.1847825,0 107.9040649,-7.1847399,0 107.9040600,-7.1846974,0 107.9040600,-7.1846974,0 107.9040457,-7.1846548,0 107.9040198,-7.1846122,0 107.9040171,-7.1846094,0 107.9039742,-7.1845923,0 107.9039312,-7.1845838,0 107.9039055,-7.1845696,0 107.9038919,-7.1845270,0 107.9038883,-7.1845164,0 107.9038776,-7.1844845,0 107.9038454,-7.1844525,0 107.9038025,-7.1844444,0 107.9037596,-7.1844466,0 107.9037167,-7.1844589,0 107.9036909,-7.1844845,0 107.9036818,-7.1845270,0 107.9036780,-7.1845696,0 107.9036738,-7.1846122,0 107.9036738,-7.1846122,0 107.9036308,-7.1846406,0 107.9035879,-7.1846406,0 107.9035450,-7.1846417,0 107.9035021,-7.1846388,0</coordinates></LineString></Placemark>
<Placemark><name>704 m</name><styleUrl>#k</styleUrl><LineString><tessellate>1</tessellate><coordinates>107.9035021,-7.1848109,0 107.9035450,-7.1848251,0 107.9035318,-7.1848677,0 107.9035302,-7.1849103,0 107.9035299,-7.1849528,0 107.9035320,-7.1849954,0 107.9035348,-7.1850380,0 107.9035380,-7.1850806,0 107.9035370,-7.1851231,0 107.9035236,-7.1851657,0 107.9035060,-7.1852083,0 107.9035021,-7.1852265,0</coordinates></LineString></Placemark>
<Placemark><name>704 m</name><styleUrl>#k</styleUrl><LineString><tessellate>1</tessellate><coordinates>107.9035021,-7.1852698,0 107.9035079,-7.1852935,0 107.9035450,-7.1853303,0 107.9035629,-7.1853360,0 107.9035879,-7.1853402,0 107.9036308,-7.1853379,0 107.9036416,-7.1853360,0 107.9036738,-7.1853262,0 107.9037167,-7.1853091,0 107.9037596,-7.1852935,0 107.9037596,-7.1852935,0 107.9038025,-7.1852668,0 107.9038240,-7.1852935,0 107.9038454,-7.1852992,0 107.9038883,-7.1853338,0 107.9038900,-7.1853360,0 107.9039312,-7.1853676,0 107.9039417,-7.1853786,0 107.9039742,-7.1854083,0 107.9039853,-7.1854212,0 107.9040171,-7.1854568,0 107.9040219,-7.1854638,0 107.9040516,-7.1855063,0 107.9040600,-7.1855179,0 107.9040769,-7.1855489,0 107.9040980,-7.1855915,0 107.9041029,-7.1856028,0 107.9041157,-7.1856341,0 107.9041333,-7.1856767,0 107.9041458,-7.1856999,0 107.9041632,-7.1857192,0 107.9041887,-7.1857370,0 107.9042317,-7.1857515,0 107.9042746,-7.1857615,0 107.9042758,-7.1857618,0 107.9043175,-7.1857764,0 107.9043586,-7.1858044,0 107.9043604,-7.1858059,0 107.9044013,-7.1858470,0 107.9044033,-7.1858488,0 107.9044462,-7.1858834,0 107.9044555,-7.1858896,0 107.9044891,-7.1859132,0 107.9045185,-7.1859321,0 107.9045321,-7.1859468,0 107.9045545,-7.1859747,0 107.9045550,-7.1860173,0 107.9045321,-7.1860478,0 107.9045213,-7.1860599,0 107.9044891,-7.1860805,0 107.9044554,-7.1861024,0 107.9044462,-7.1861083,0 107.9044048,-7.1861450,0 107.9044033,-7.1861473,0 107.9043832,-7.1861876,0 107.9043760,-7.1862302,0 107.9043772,-7.1862728,0 107.9043827,-7.1863153,0 107.9043871,-7.1863579,0 107.9043838,-7.1864005,0 107.9043777,-7.1864431,0 107.9043773,-7.1864856,0 107.9044033,-7.1865233,0 107.9044462,-7.1865203,0 107.9044891,-7.1865104,0 107.9045321,-7.1865095,0 107.9045750,-7.1865233,0 107.9045814,-7.1865282,0 107.9046179,-7.1865564,0 107.9046306,-7.1865708,0 107.9046608,-7.1866060,0 107.9046668,-7.1866134,0 107.9047022,-7.1866560,0 107.9047037,-7.1866577,0 107.9047433,-7.1866985,0 107.9047466,-7.1867016,0 107.9047896,-7.1867411,0 107.9047896,-7.1867411,0 107.9048325,-7.1867822,0 107.9048342,-7.1867837,0 107.9048742,-7.1868263,0 107.9048754,-7.1868281,0 107.9049156,-7.1868689,0 107.9049183,-7.1868756,0 107.9049612,-7.1869008,0 107.9050041,-7.1868856,0 107.9050356,-7.1868689,0 107.9050470,-7.1868658,0 107.9050900,-7.1868569,0 107.9051329,-7.1868557,0 107.9051758,-7.1868574,0 107.9052187,-7.1868600,0 107.9052616,-7.1868570,0 107.9053045,-7.1868470,0 107.9053475,-7.1868375,0 107.9053904,-7.1868430,0 107.9054261,-7.1868689,0 107.9054333,-7.1868843,0 107.9054419,-7.1869114,0 107.9054411,-7.1869540,0 107.9054333,-7.1869881,0 107.9054279,-7.1869966,0 107.9054333,-7.1870179,0 107.9054762,-7.1870356,0 107.9055191,-7.1870392,0 107.9055191,-7.1870392,0 107.9055191,-7.1870392,0 107.9055620,-7.1870362,0 107.9056049,-7.1870285,0 107.9056479,-7.1870215,0 107.9056908,-7.1870195,0 107.9057337,-7.1870233,0 107.9057766,-7.1870356,0 107.9057831,-7.1870392,0 107.9058195,-7.1870778,0 107.9058227,-7.1870817,0 107.9058379,-7.1871243,0 107.9058424,-7.1871669,0 107.9058195,-7.1871953,0 107.9057766,-7.1872010,0 107.9057337,-7.1871993,0 107.9056908,-7.1871924,0 107.9056479,-7.1871775,0 107.9056049,-7.1871669,0 107.9056049,-7.1871669,0 107.9056049,-7.1871669,0 107.9056002,-7.1872095,0 107.9056049,-7.1872128,0 107.9056479,-7.1872291,0 107.9056854,-7.1872521,0 107.9056908,-7.1872549,0 107.9057283,-7.1872946,0 107.9057337,-7.1873053,0 107.9057521,-7.1873372,0 107.9057723,-7.1873798,0 107.9057766,-7.1873883,0 107.9058195,-7.1874030,0 107.9058624,-7.1874082,0 107.9058882,-7.1874224,0 107.9059054,-7.1874366,0 107.9059186,-7.1874649,0 107.9059292,-7.1875075,0 107.9059360,-7.1875501,0 107.9059389,-7.1875927,0 107.9059389,-7.1876353,0 107.9059366,-7.1876778,0 107.9059347,-7.1877204,0 107.9059331,-7.1877630,0 107.9059329,-7.1878056,0 107.9059351,-7.1878481,0 107.9059417,-7.1878907,0 107.9059457,-7.1879333,0 107.9059447,-7.1879759,0 107.9059382,-7.1880185,0 107.9059296,-7.1880610,0 107.9059213,-7.1881036,0 107.9059212,-7.1881462,0 107.9059319,-7.1881888,0 107.9059483,-7.1882174,0 107.9059562,-7.1882314,0 107.9059851,-7.1882739,0 107.9059912,-7.1882836,0 107.9060075,-7.1883165,0 107.9060247,-7.1883591,0 107.9060341,-7.1883800,0 107.9060447,-7.1884017,0 107.9060770,-7.1884399,0 107.9060818,-7.1884442,0 107.9061199,-7.1884688,0 107.9061471,-7.1884868,0 107.9061628,-7.1884978,0 107.9061969,-7.1885294,0 107.9062058,-7.1885417,0 107.9062243,-7.1885720,0 107.9062410,-7.1886146,0 107.9062487,-7.1886392,0 107.9062563,-7.1886571,0 107.9062769,-7.1886997,0 107.9062916,-7.1887231,0 107.9063345,-7.1887389,0 107.9063774,-7.1887305,0 107.9064203,-7.1887176,0 107.9064633,-7.1887100,0 107.9065062,-7.1887116,0 107.9065491,-7.1887166,0 107.9065920,-7.1887172,0 107.9066349,-7.1887040,0 107.9066405,-7.1886997,0 107.9066778,-7.1886688,0 107.9066888,-7.1886571,0 107.9067207,-7.1886246,0 107.9067316,-7.1886146,0 107.9067637,-7.1885823,0 107.9067745,-7.1885720,0 107.9067981,-7.1885294,0 107.9067990,-7.1884868,0 107.9067880,-7.1884442,0 107.9067808,-7.1884017,0 107.9068066,-7.1883646,0 107.9068222,-7.1883591,0 107.9068495,-7.1883553,0 107.9068924,-7.1883580,0 107.9069002,-7.1883591,0 107.9069353,-7.1883641,0 107.9069782,-7.1883691,0 107.9070212,-7.1883703,0 107.9070641,-7.1883702,0 107.9071070,-7.1883688,0 107.9071499,-7.1883676,0 107.9071928,-7.1883668,0 107.9072357,-7.1883668,0 107.9072786,-7.1883673,0 107.9073216,-7.1883680,0 107.9073645,-7.1883682,0 107.9074074,-7.1883681,0 107.9074503,-7.1883681,0 107.9074932,-7.1883682,0 107.9075361,-7.1883682,0 107.9075791,-7.1883675,0 107.9076220,-7.1883667,0 107.9076649,-7.1883652,0 107.9077078,-7.1883609,0 107.9077139,-7.1883591,0 107.9077078,-7.1883530,0 107.9076975,-7.1883165,0 107.9076758,-7.1882739,0 107.9076649,-7.1882420,0 107.9076623,-7.1882314,0 107.9076552,-7.1881888,0 107.9076535,-7.1881462,0 107.9076547,-7.1881036,0 107.9076557,-7.1880610,0 107.9076546,-7.1880185,0 107.9076525,-7.1879759,0 107.9076514,-7.1879333,0 107.9076543,-7.1878907,0 107.9076624,-7.1878481,0 107.9076649,-7.1878360,0 107.9076704,-7.1878056,0 107.9076722,-7.1877630,0 107.9076649,-7.1877339,0 107.9076610,-7.1877204,0 107.9076273,-7.1876778,0 107.9076220,-7.1876733,0 107.9075797,-7.1876353,0 107.9075791,-7.1876347,0 107.9075361,-7.1875944,0 107.9075345,-7.1875927,0 107.9074932,-7.1875501,0 107.9074932,-7.1875501,0 107.9074542,-7.1875075,0 107.9074503,-7.1875033,0 107.9074177,-7.1874649,0 107.9074074,-7.1874526,0 107.9073821,-7.1874224,0 107.9073645,-7.1874049,0 107.9073316,-7.1873798,0 107.9073216,-7.1873745,0 107.9072786,-7.1873620,0 107.9072357,-7.1873577,0 107.9071928,-7.1873594,0 107.9071499,-7.1873673,0 107.9071070,-7.1873798,0 107.9071070,-7.1873798,0 107.9070641,-7.1873880,0 107.9070212,-7.1873884,0 107.9069854,-7.1873798,0 107.9069782,-7.1873762,0 107.9069538,-7.1873372,0 107.9069517,-7.1872946,0 107.9069577,-7.1872521,0 107.9069664,-7.1872095,0 107.9069727,-7.1871669,0 107.9069746,-7.1871243,0 107.9069736,-7.1870817,0 107.9069699,-7.1870392,0 107.9069634,-7.1869966,0 107.9069562,-7.1869540,0 107.9069534,-7.1869114,0 107.9069628,-7.1868689,0 107.9069782,-7.1868435,0 107.9069880,-7.1868263,0 107.9070189,-7.1867837,0 107.9070212,-7.1867810,0 107.9070532,-7.1867411,0 107.9070641,-7.1867303,0 107.9071063,-7.1866985,0 107.9071070,-7.1866982,0 107.9071499,-7.1866858,0 107.9071928,-7.1866840,0 107.9072357,-7.1866866,0 107.9072786,-7.1866885,0 107.9073216,-7.1866829,0 107.9073645,-7.1866657,0 107.9073806,-7.1866560,0 107.9074074,-7.1866389,0 107.9074503,-7.1866152,0 107.9074538,-7.1866134,0 107.9074932,-7.1865966,0 107.9075361,-7.1865791,0 107.9075547,-7.1865708,0 107.9075791,-7.1865585,0 107.9076220,-7.1865347,0 107.9076356,-7.1865282,0 107.9076649,-7.1865104,0 107.9077078,-7.1864996,0 107.9077507,-7.1865144,0 107.9077936,-7.1865157,0 107.9078225,-7.1865282,0 107.9078365,-7.1865349,0 107.9078795,-7.1865652,0 107.9078861,-7.1865708,0 107.9079224,-7.1866072,0 107.9079275,-7.1866134,0 107.9079575,-7.1866560,0 107.9079653,-7.1866746,0 107.9079744,-7.1866985,0 107.9079744,-7.1867411,0 107.9079744,-7.1867837,0 107.9079744,-7.1868263,0 107.9079746,-7.1868689,0 107.9079756,-7.1869114,0 107.9079770,-7.1869540,0 107.9079786,-7.1869966,0 107.9079806,-7.1870392,0 107.9079826,-7.1870817,0 107.9079857,-7.1871243,0 107.9079928,-7.1871669,0 107.9080082,-7.1872095,0 107.9080082,-7.1872521,0 107.9080082,-7.1872946,0 107.9080082,-7.1873372,0 107.9080082,-7.1873798,0 107.9080082,-7.1874224,0 107.9080082,-7.1874649,0 107.9080082,-7.1875075,0 107.9080082,-7.1875075,0 107.9080511,-7.1875075,0 107.9080940,-7.1875075,0 107.9081369,-7.1875075,0 107.9081799,-7.1875501,0 107.9081799,-7.1875927,0 107.9081799,-7.1876353,0 107.9081799,-7.1876778,0 107.9081799,-7.1876778,0 107.9082228,-7.1876778,0 107.9082657,-7.1876778,0 107.9083086,-7.1876778,0 107.9083095,-7.1877204,0 107.9083126,-7.1877630,0 107.9083146,-7.1878056,0 107.9083171,-7.1878481,0 107.9083187,-7.1878907,0 107.9083187,-7.1879333,0 107.9083187,-7.1879759,0 107.9083187,-7.1880185,0 107.9083181,-7.1880610,0 107.9083159,-7.1881036,0 107.9083432,-7.1881462,0 107.9083224,-7.1881888,0 107.9083086,-7.1881994,0 107.9082657,-7.1882035,0 107.9082299,-7.1881888,0 107.9082228,-7.1881865,0 107.9081799,-7.1881827,0 107.9081656,-7.1881888,0 107.9081369,-7.1882238,0 107.9081344,-7.1882314,0 107.9081369,-7.1882473,0 107.9081452,-7.1882739,0 107.9081598,-7.1883165,0 107.9081504,-7.1883591,0 107.9081369,-7.1883711,0 107.9080940,-7.1883841,0 107.9080511,-7.1883796,0 107.9080082,-7.1883723,0 107.9079653,-7.1883674,0 107.9079224,-7.1883660,0 107.9078795,-7.1883665,0 107.9078365,-7.1883683,0 107.9077936,-7.1883733,0 107.9077507,-7.1883956,0 107.9077489,-7.1884017,0 107.9077507,-7.1884037,0 107.9077727,-7.1884442,0 107.9077907,-7.1884868,0 107.9077936,-7.1884963,0 107.9078011,-7.1885294,0 107.9078047,-7.1885720,0 107.9078048,-7.1886146,0 107.9078037,-7.1886571,0 107.9078025,-7.1886997,0 107.9078026,-7.1887423,0 107.9078046,-7.1887849,0 107.9078120,-7.1888274,0 107.9078365,-7.1888558,0 107.9078795,-7.1888656,0 107.9079052,-7.1888700,0 107.9079224,-7.1888785,0 107.9079653,-7.1888866,0 107.9080082,-7.1888883,0 107.9080511,-7.1888861,0 107.9080940,-7.1888839,0 107.9081369,-7.1888813,0 107.9081799,-7.1888788,0 107.9082228,-7.1888779,0 107.9082657,-7.1888781,0 107.9083086,-7.1888798,0 107.9083515,-7.1888828,0 107.9083944,-7.1888853,0 107.9084374,-7.1888855,0 107.9084803,-7.1888817,0 107.9085232,-7.1888716,0 107.9085275,-7.1888700,0 107.9085661,-7.1888530,0 107.9086090,-7.1888297,0 107.9086135,-7.1888274,0 107.9086519,-7.1888053,0 107.9086948,-7.1887919,0 107.9087378,-7.1887886,0 107.9087807,-7.1887900,0 107.9088236,-7.1887924,0 107.9088665,-7.1887920,0 107.9089094,-7.1887883,0 107.9089328,-7.1887849,0 107.9089523,-7.1887782,0 107.9089953,-7.1887849,0 107.9089920,-7.1888274,0 107.9089953,-7.1888366,0 107.9090026,-7.1888700,0 107.9090255,-7.1889126,0 107.9090382,-7.1889301,0 107.9090529,-7.1889552,0 107.9090745,-7.1889978,0 107.9090811,-7.1890156,0 107.9090890,-7.1890403,0 107.9090977,-7.1890829,0 107.9091021,-7.1891255,0 107.9091011,-7.1891681,0 107.9090926,-7.1892106,0 107.9090811,-7.1892408,0 107.9090766,-7.1892532,0 107.9090565,-7.1892958,0 107.9090382,-7.1893315,0 107.9090348,-7.1893384,0 107.9090122,-7.1893810,0 107.9089953,-7.1894126,0 107.9089884,-7.1894235,0 107.9089564,-7.1894661,0 107.9089523,-7.1894705,0 107.9089094,-7.1895063,0 107.9089065,-7.1895087,0 107.9088665,-7.1895363,0 107.9088498,-7.1895513,0 107.9088236,-7.1895734,0 107.9088054,-7.1895938,0 107.9087807,-7.1896190,0 107.9087650,-7.1896364,0 107.9087378,-7.1896628,0 107.9087211,-7.1896790,0 107.9086948,-7.1897033,0 107.9086754,-7.1897216,0 107.9086519,-7.1897455,0 107.9086339,-7.1897642,0 107.9086090,-7.1897917,0 107.9085947,-7.1898067,0 107.9085661,-7.1898354,0 107.9085515,-7.1898493,0 107.9085232,-7.1898746,0 107.9085047,-7.1898919,0 107.9084803,-7.1899147,0 107.9084598,-7.1899345,0 107.9084374,-7.1899561,0 107.9084145,-7.1899770,0 107.9083944,-7.1899949,0 107.9083675,-7.1900196,0 107.9083515,-7.1900353,0 107.9083292,-7.1900622,0 107.9083086,-7.1900918,0 107.9083010,-7.1901048,0 107.9082762,-7.1901474,0 107.9082657,-7.1901631,0 107.9082424,-7.1901899,0 107.9082228,-7.1902070,0 107.9081799,-7.1902311,0 107.9081768,-7.1902325,0 107.9081369,-7.1902512,0 107.9080940,-7.1902751,0 107.9080940,-7.1902751,0 107.9080511,-7.1903075,0 107.9080381,-7.1903177,0 107.9080082,-7.1903425,0 107.9079800,-7.1903602,0 107.9079653,-7.1903693,0 107.9079224,-7.1903848,0 107.9078795,-7.1903949,0 107.9078441,-7.1904028,0 107.9078365,-7.1904048,0 107.9077936,-7.1904211,0 107.9077530,-7.1904454,0 107.9077507,-7.1904469,0 107.9077078,-7.1904856,0 107.9077021,-7.1904880,0 107.9076649,-7.1905025,0 107.9076220,-7.1905190,0 107.9075964,-7.1905306,0 107.9075791,-7.1905392,0 107.9075361,-7.1905628,0 107.9075160,-7.1905731,0 107.9074932,-7.1905831,0 107.9074503,-7.1905931,0 107.9074074,-7.1905949,0 107.9073645,-7.1905914,0 107.9073216,-7.1905873,0 107.9072786,-7.1905915,0 107.9072357,-7.1906001,0 107.9071928,-7.1906022,0 107.9071499,-7.1905917,0 107.9071216,-7.1905731,0 107.9071070,-7.1905627,0 107.9070778,-7.1905306,0 107.9070641,-7.1905145,0 107.9070429,-7.1904880,0 107.9070212,-7.1904616,0 107.9070040,-7.1904454,0 107.9069782,-7.1904238,0 107.9069365,-7.1904028,0 107.9069353,-7.1904022,0 107.9068924,-7.1903931,0 107.9068495,-7.1903943,0 107.9068280,-7.1904028,0 107.9068066,-7.1904099,0 107.9067637,-7.1904235,0 107.9067207,-7.1904296,0 107.9066778,-7.1904270,0 107.9066349,-7.1904170,0 107.9066027,-7.1904028,0 107.9065920,-7.1903873,0 107.9065777,-7.1903602,0 107.9065777,-7.1903177,0 107.9065920,-7.1902751,0 107.9065920,-7.1902751,0 107.9066349,-7.1902410,0 107.9066778,-7.1902620,0 107.9067024,-7.1902751,0 107.9067207,-7.1902818,0 107.9067637,-7.1902831,0 107.9067717,-7.1902751,0 107.9067949,-7.1902325,0 107.9068010,-7.1901899,0 107.9068004,-7.1901474,0 107.9067953,-7.1901048,0 107.9067890,-7.1900622,0 107.9067882,-7.1900196,0 107.9067897,-7.1899770,0 107.9067903,-7.1899345,0 107.9067927,-7.1898919,0 107.9067958,-7.1898493,0 107.9068023,-7.1898067,0 107.9068066,-7.1897961,0 107.9068495,-7.1897756,0 107.9068924,-7.1897692,0 107.9069085,-7.1897642,0 107.9069353,-7.1897538,0 107.9069769,-7.1897216,0 107.9069782,-7.1897191,0 107.9069932,-7.1896790,0 107.9070104,-7.1896364,0 107.9070212,-7.1896212,0 107.9070641,-7.1896011,0 107.9070974,-7.1895938,0 107.9071070,-7.1895888,0 107.9071317,-7.1895513,0 107.9071070,-7.1895335,0 107.9070641,-7.1895108,0 107.9070569,-7.1895087,0 107.9070212,-7.1894945,0 107.9070007,-7.1894661,0 107.9069857,-7.1894235,0 107.9069782,-7.1894106,0 107.9069455,-7.1893810,0 107.9069353,-7.1893769,0 107.9068924,-7.1893773,0 107.9068686,-7.1893810,0 107.9068495,-7.1893868,0 107.9068066,-7.1893964,0 107.9067637,-7.1893926,0 107.9067207,-7.1893810,0 107.9067207,-7.1893810,0 107.9066778,-7.1893773,0 107.9066583,-7.1893810,0 107.9066349,-7.1893889,0 107.9065920,-7.1894235,0 107.9065920,-7.1894235,0 107.9065656,-7.1894661,0 107.9065491,-7.1894898,0 107.9065300,-7.1895087,0 107.9065062,-7.1895257,0 107.9064659,-7.1895513,0 107.9064633,-7.1895533,0 107.9064275,-7.1895938,0 107.9064203,-7.1896060,0 107.9064038,-7.1896364,0 107.9063774,-7.1896743,0 107.9063731,-7.1896790,0 107.9063345,-7.1897045,0 107.9063023,-7.1897216,0 107.9062916,-7.1897264,0 107.9062513,-7.1897642,0 107.9062487,-7.1897698,0 107.9062401,-7.1898067,0 107.9062463,-7.1898493,0 107.9062487,-7.1898548,0 107.9062714,-7.1898919,0 107.9062916,-7.1899115,0 107.9063345,-7.1899334,0 107.9063393,-7.1899345,0 107.9063774,-7.1899439,0 107.9064203,-7.1899558,0 107.9064489,-7.1899770,0 107.9064525,-7.1900196,0 107.9064543,-7.1900622,0 107.9064555,-7.1901048,0 107.9064565,-7.1901474,0 107.9064570,-7.1901899,0 107.9064554,-7.1902325,0 107.9064528,-7.1902751,0 107.9064486,-7.1903177,0 107.9064479,-7.1903602,0 107.9064523,-7.1904028,0 107.9064609,-7.1904454,0 107.9064633,-7.1904570,0 107.9064711,-7.1904880,0 107.9064696,-7.1905306,0 107.9064633,-7.1905507,0 107.9064578,-7.1905731,0 107.9064345,-7.1906157,0 107.9064203,-7.1906341,0 107.9064017,-7.1906583,0 107.9063774,-7.1906871,0 107.9063637,-7.1907009,0 107.9063345,-7.1907295,0 107.9063111,-7.1907434,0 107.9062916,-7.1907545,0 107.9062487,-7.1907617,0 107.9062058,-7.1907572,0 107.9061628,-7.1907491,0 107.9061199,-7.1907538,0 107.9060954,-7.1907860,0 107.9060936,-7.1908286,0 107.9061009,-7.1908712,0 107.9061065,-7.1909138,0 107.9061065,-7.1909563,0 107.9061021,-7.1909989,0 107.9060992,-7.1910415,0 107.9061032,-7.1910841,0 107.9061199,-7.1911243,0 107.9061211,-7.1911266,0 107.9061597,-7.1911692,0 107.9061628,-7.1911719,0 107.9062058,-7.1912055,0 107.9062139,-7.1912118,0 107.9062487,-7.1912404,0 107.9062638,-7.1912544,0 107.9062916,-7.1912836,0 107.9063036,-7.1912970,0 107.9063345,-7.1913293,0 107.9063454,-7.1913395,0 107.9063774,-7.1913665,0 107.9063978,-7.1913821,0 107.9064203,-7.1914025,0 107.9064421,-7.1914247,0 107.9064585,-7.1914673,0 107.9064570,-7.1915098,0</coordinates></LineString></Placemark>
<Placemark><name>704 m</name><styleUrl>#k</styleUrl><LineString><tessellate>1</tessellate><coordinates>107.9035021,-7.1878868,0 107.9035450,-7.1878804,0 107.9035879,-7.1878800,0 107.9036308,-7.1878822,0 107.9036738,-7.1878829,0 107.9037167,-7.1878792,0 107.9037596,-7.1878699,0 107.9038025,-7.1878572,0 107.9038277,-7.1878481,0 107.9038454,-7.1878414,0 107.9038883,-7.1878232,0 107.9039260,-7.1878056,0 107.9039312,-7.1878028,0 107.9039742,-7.1877784,0 107.9039974,-7.1877630,0 107.9040171,-7.1877443,0 107.9040374,-7.1877204,0 107.9040534,-7.1876778,0 107.9040567,-7.1876353,0 107.9040530,-7.1875927,0 107.9040463,-7.1875501,0 107.9040416,-7.1875075,0 107.9040402,-7.1874649,0 107.9040412,-7.1874224,0 107.9040436,-7.1873798,0 107.9040455,-7.1873372,0 107.9040464,-7.1872946,0 107.9040455,-7.1872521,0 107.9040434,-7.1872095,0 107.9040400,-7.1871669,0 107.9040371,-7.1871243,0 107.9040367,-7.1870817,0 107.9040410,-7.1870392,0 107.9040503,-7.1869966,0 107.9040600,-7.1869540,0 107.9040600,-7.1869540,0 107.9040627,-7.1869114,0 107.9040600,-7.1869008,0 107.9040508,-7.1868689,0 107.9040171,-7.1868342,0 107.9040091,-7.1868263,0 107.9039742,-7.1868029,0 107.9039496,-7.1867837,0 107.9039312,-7.1867688,0 107.9039030,-7.1867411,0 107.9038883,-7.1867194,0 107.9038749,-7.1866985,0 107.9038675,-7.1866560,0 107.9038791,-7.1866134,0 107.9038883,-7.1865891,0 107.9038940,-7.1865708,0 107.9038883,-7.1865389,0 107.9038844,-7.1865282,0 107.9038454,-7.1865110,0 107.9038025,-7.1865066,0 107.9037596,-7.1865103,0 107.9037167,-7.1865155,0 107.9036738,-7.1865133,0 107.9036308,-7.1865060,0 107.9035879,-7.1865018,0 107.9035450,-7.1865078,0 107.9035084,-7.1865282,0 107.9035021,-7.1865315,0</coordinates></LineString></Placemark>
<Placemark><name>704 m</name><styleUrl>#k</styleUrl><LineString><tessellate>1</tessellate><coordinates>107.9094587,-7.1915098,0 107.9094673,-7.1914673,0 107.9094673,-7.1914673,0 107.9095102,-7.1914487,0 107.9095532,-7.1914479,0 107.9095889,-7.1914673,0 107.9095929,-7.1915098,0</coordinates></LineString></Placemark>
<Placemark><name>704 m</name><styleUrl>#k</styleUrl><LineString><tessellate>1</tessellate><coordinates>107.9077078,-7.1783049,0 107.9077199,-7.1783106,0 107.9077507,-7.1783301,0 107.9077936,-7.1783283,0 107.9078330,-7.1783531,0 107.9078365,-7.1783558,0 107.9078768,-7.1783957,0 107.9078795,-7.1783984,0 107.9079197,-7.1784383,0 107.9079224,-7.1784410,0 107.9079626,-7.1784809,0 107.9079653,-7.1784903,0 107.9079762,-7.1785235,0 107.9079793,-7.1785660,0 107.9079853,-7.1786086,0 107.9079987,-7.1786512,0 107.9080082,-7.1786553,0 107.9080511,-7.1786612,0 107.9080940,-7.1786708,0 107.9081369,-7.1786874,0 107.9081394,-7.1786938,0 107.9081415,-7.1787363,0 107.9081441,-7.1787789,0 107.9081458,-7.1788215,0 107.9081369,-7.1788333,0 107.9081094,-7.1788641,0 107.9080940,-7.1788737,0 107.9080511,-7.1788946,0 107.9080186,-7.1789067,0 107.9080082,-7.1789100,0 107.9079653,-7.1789169,0 107.9079305,-7.1789067,0 107.9079224,-7.1789039,0 107.9078795,-7.1788865,0 107.9078398,-7.1788641,0 107.9078365,-7.1788615,0 107.9077936,-7.1788341,0 107.9077507,-7.1788368,0 107.9077078,-7.1788223,0 107.9076649,-7.1788364,0 107.9076220,-7.1788474,0 107.9075791,-7.1788484,0 107.9075361,-7.1788404,0 107.9074932,-7.1788641,0 107.9074932,-7.1788641,0 107.9074932,-7.1788641,0 107.9075361,-7.1788834,0 107.9075791,-7.1788939,0 107.9075934,-7.1789067,0 107.9076220,-7.1789209,0 107.9076397,-7.1789492,0 107.9076538,-7.1789918,0 107.9076348,-7.1790344,0 107.9076220,-7.1790431,0 107.9075791,-7.1790448,0 107.9075447,-7.1790344,0 107.9075361,-7.1790295,0 107.9074932,-7.1790047,0 107.9074503,-7.1789929,0 107.9074360,-7.1789918,0 107.9074074,-7.1789885,0 107.9073788,-7.1789918,0 107.9073645,-7.1789927,0 107.9073216,-7.1790003,0 107.9072786,-7.1790147,0 107.9072357,-7.1790344,0 107.9072357,-7.1790344,0 107.9071928,-7.1790406,0 107.9071652,-7.1790344,0 107.9071499,-7.1790167,0 107.9071440,-7.1789918,0 107.9071499,-7.1789840,0 107.9071890,-7.1789492,0 107.9071928,-7.1789470,0 107.9072357,-7.1789200,0 107.9072492,-7.1789067,0 107.9072786,-7.1788737,0 107.9072868,-7.1788641,0 107.9073216,-7.1788265,0 107.9073297,-7.1788215,0 107.9073645,-7.1788034,0 107.9074074,-7.1787905,0 107.9074360,-7.1787789,0 107.9074503,-7.1787630,0 107.9074563,-7.1787363,0 107.9074699,-7.1786938,0 107.9074913,-7.1786512,0 107.9074932,-7.1786491,0 107.9075288,-7.1786086,0 107.9075361,-7.1786025,0 107.9075791,-7.1785685,0 107.9075821,-7.1785660,0 107.9076220,-7.1785335,0 107.9076328,-7.1785235,0 107.9076605,-7.1784809,0 107.9076649,-7.1784383,0 107.9076649,-7.1784383,0 107.9076649,-7.1784383,0 107.9076563,-7.1783957,0 107.9076468,-7.1783531,0 107.9076649,-7.1783194,0 107.9076783,-7.1783106,0 107.9077078,-7.1783049,0</coordinates></LineString></Placemark>
<Placemark><name>704 m</name><styleUrl>#k</styleUrl><LineString><tessellate>1</tessellate><coordinates>107.9064633,-7.1784809,0 107.9064633,-7.1784809,0 107.9064456,-7.1785235,0 107.9064633,-7.1785464,0 107.9065062,-7.1785235,0 107.9065062,-7.1785235,0 107.9065307,-7.1784809,0 107.9065062,-7.1784724,0 107.9064633,-7.1784809,0</coordinates></LineString></Placemark>
<Placemark><name>704 m</name><styleUrl>#k</styleUrl><LineString><tessellate>1</tessellate><coordinates>107.9055620,-7.1788534,0 107.9056049,-7.1788308,0 107.9056479,-7.1788232,0 107.9056908,-7.1788233,0 107.9057337,-7.1788279,0 107.9057766,-7.1788368,0 107.9058093,-7.1788641,0 107.9058173,-7.1789067,0 107.9058096,-7.1789492,0 107.9057815,-7.1789918,0 107.9057766,-7.1789949,0 107.9057337,-7.1790126,0 107.9056908,-7.1790216,0 107.9056479,-7.1790222,0 107.9056049,-7.1790106,0 107.9055790,-7.1789918,0 107.9055620,-7.1789685,0 107.9055517,-7.1789492,0 107.9055414,-7.1789067,0 107.9055515,-7.1788641,0 107.9055620,-7.1788534,0</coordinates></LineString></Placemark>
<Placemark><name>704 m</name><styleUrl>#k</styleUrl><LineString><tessellate>1</tessellate><coordinates>107.9040171,-7.1793730,0 107.9040163,-7.1793750,0 107.9040171,-7.1793821,0 107.9040600,-7.1794105,0 107.9040645,-7.1793750,0 107.9040600,-7.1793658,0 107.9040171,-7.1793730,0</coordinates></LineString></Placemark>
<Placemark><name>704 m</name><styleUrl>#k</styleUrl><LineString><tessellate>1</tessellate><coordinates>107.9039742,-7.1805607,0 107.9040171,-7.1805442,0 107.9040600,-7.1805510,0 107.9040814,-7.1805672,0 107.9040851,-7.1806098,0 107.9040692,-7.1806524,0 107.9040600,-7.1806758,0 107.9040471,-7.1806950,0 107.9040301,-7.1807376,0 107.9040203,-7.1807801,0 107.9040171,-7.1808085,0 107.9040152,-7.1808227,0 107.9040171,-7.1808440,0 107.9040232,-7.1808653,0 107.9040600,-7.1808803,0 107.9041029,-7.1808677,0 107.9041101,-7.1808653,0 107.9041458,-7.1808602,0 107.9041887,-7.1808645,0 107.9041905,-7.1808653,0 107.9042069,-7.1809079,0 107.9041887,-7.1809205,0 107.9041474,-7.1809504,0 107.9041458,-7.1809514,0 107.9041056,-7.1809930,0 107.9041029,-7.1809963,0 107.9040693,-7.1810356,0 107.9040600,-7.1810445,0 107.9040171,-7.1810377,0 107.9040156,-7.1810356,0 107.9040005,-7.1809930,0 107.9039872,-7.1809504,0 107.9039742,-7.1809306,0 107.9039312,-7.1809099,0 107.9039267,-7.1809079,0 107.9038883,-7.1808902,0 107.9038589,-7.1808653,0 107.9038454,-7.1808341,0 107.9038424,-7.1808227,0 107.9038435,-7.1807801,0 107.9038454,-7.1807707,0 107.9038585,-7.1807376,0 107.9038805,-7.1806950,0 107.9038883,-7.1806828,0 107.9039048,-7.1806524,0 107.9039312,-7.1806145,0 107.9039334,-7.1806098,0 107.9039634,-7.1805672,0 107.9039742,-7.1805607,0</coordinates></LineString></Placemark>
<Placemark><name>704 m</name><styleUrl>#k</styleUrl><LineString><tessellate>1</tessellate><coordinates>107.9037167,-7.1846377,0 107.9037596,-7.1846282,0 107.9038025,-7.1846183,0 107.9038454,-7.1846207,0 107.9038699,-7.1846548,0 107.9038776,-7.1846974,0 107.9038761,-7.1847399,0 107.9038776,-7.1847825,0 107.9038454,-7.1848144,0 107.9038025,-7.1848144,0 107.9037596,-7.1848144,0 107.9037167,-7.1848038,0 107.9036738,-7.1848038,0 107.9036308,-7.1848038,0 107.9035879,-7.1847825,0 107.9036308,-7.1847612,0 107.9036523,-7.1847399,0 107.9036738,-7.1846974,0 107.9036738,-7.1846974,0 107.9036738,-7.1846548,0 107.9037167,-7.1846377,0</coordinates></LineString></Placemark>
<Placemark><name>704 m</name><styleUrl>#k</styleUrl><LineString><tessellate>1</tessellate><coordinates>107.9049612,-7.1869802,0 107.9049306,-7.1869966,0 107.9049183,-7.1870027,0 107.9049032,-7.1870392,0 107.9048963,-7.1870817,0 107.9048972,-7.1871243,0 107.9049003,-7.1871669,0 107.9049036,-7.1872095,0 107.9049063,-7.1872521,0 107.9049074,-7.1872946,0 107.9049061,-7.1873372,0 107.9049010,-7.1873798,0 107.9048948,-7.1874224,0 107.9048925,-7.1874649,0 107.9048965,-7.1875075,0 107.9049077,-7.1875501,0 107.9049183,-7.1875744,0 107.9049270,-7.1875927,0 107.9049473,-7.1876353,0 107.9049612,-7.1876714,0 107.9049636,-7.1876778,0 107.9049766,-7.1877204,0 107.9049876,-7.1877630,0 107.9050011,-7.1878056,0 107.9050041,-7.1878132,0 107.9050276,-7.1878481,0 107.9050470,-7.1878669,0 107.9050900,-7.1878870,0 107.9051050,-7.1878907,0 107.9051329,-7.1878991,0 107.9051758,-7.1879115,0 107.9052148,-7.1879333,0 107.9052187,-7.1879383,0 107.9052480,-7.1879759,0 107.9052509,-7.1880185,0 107.9052502,-7.1880610,0 107.9052455,-7.1881036,0 107.9052384,-7.1881462,0 107.9052473,-7.1881888,0 107.9052616,-7.1882073,0 107.9053045,-7.1882161,0 107.9053475,-7.1882051,0 107.9053904,-7.1881953,0 107.9054333,-7.1881979,0 107.9054762,-7.1882111,0 107.9055191,-7.1882248,0 107.9055620,-7.1882204,0 107.9055906,-7.1881888,0 107.9055923,-7.1881462,0 107.9055620,-7.1881132,0 107.9055287,-7.1881036,0 107.9055191,-7.1880965,0 107.9054762,-7.1880823,0 107.9054333,-7.1880610,0 107.9054333,-7.1880610,0 107.9053904,-7.1880351,0 107.9053662,-7.1880185,0 107.9053475,-7.1880060,0 107.9053069,-7.1879759,0 107.9053045,-7.1879732,0 107.9052688,-7.1879333,0 107.9052616,-7.1879173,0 107.9052490,-7.1878907,0 107.9052350,-7.1878481,0 107.9052247,-7.1878056,0 107.9052245,-7.1877630,0 107.9052477,-7.1877204,0 107.9052616,-7.1877110,0 107.9052751,-7.1877204,0 107.9053045,-7.1877523,0 107.9053100,-7.1877630,0 107.9053355,-7.1878056,0 107.9053475,-7.1878181,0 107.9053807,-7.1878481,0 107.9053904,-7.1878556,0 107.9054233,-7.1878907,0 107.9054333,-7.1879059,0 107.9054468,-7.1879333,0 107.9054668,-7.1879759,0 107.9054762,-7.1879945,0 107.9054989,-7.1880185,0 107.9055191,-7.1880374,0 107.9055620,-7.1880513,0 107.9056049,-7.1880573,0 107.9056479,-7.1880602,0 107.9056693,-7.1880610,0 107.9056908,-7.1880619,0 107.9057015,-7.1880610,0 107.9057337,-7.1880578,0 107.9057766,-7.1880412,0 107.9058041,-7.1880185,0 107.9058068,-7.1879759,0 107.9057869,-7.1879333,0 107.9057766,-7.1879183,0 107.9057683,-7.1878907,0 107.9057621,-7.1878481,0 107.9057607,-7.1878056,0 107.9057623,-7.1877630,0 107.9057652,-7.1877204,0 107.9057680,-7.1876778,0 107.9057687,-7.1876353,0 107.9057677,-7.1875927,0 107.9057665,-7.1875501,0 107.9057645,-7.1875075,0 107.9057590,-7.1874649,0 107.9057337,-7.1874254,0 107.9057289,-7.1874224,0 107.9056908,-7.1874102,0 107.9056479,-7.1873988,0 107.9056049,-7.1873805,0 107.9056041,-7.1873798,0 107.9055733,-7.1873372,0 107.9055620,-7.1873106,0 107.9055554,-7.1872946,0 107.9055298,-7.1872521,0 107.9055191,-7.1872460,0 107.9054762,-7.1872273,0 107.9054333,-7.1872095,0 107.9054333,-7.1872095,0 107.9054008,-7.1871669,0 107.9053904,-7.1871321,0 107.9053885,-7.1871243,0 107.9053886,-7.1870817,0 107.9053904,-7.1870392,0 107.9053904,-7.1870392,0 107.9053904,-7.1870392,0 107.9053475,-7.1870280,0 107.9053045,-7.1870254,0 107.9052616,-7.1870253,0 107.9052187,-7.1870265,0 107.9051758,-7.1870289,0 107.9051329,-7.1870300,0 107.9050900,-7.1870276,0 107.9050470,-7.1870189,0 107.9050041,-7.1870035,0 107.9049827,-7.1869966,0 107.9049612,-7.1869802,0</coordinates></LineString></Placemark>
<Placemark><name>704 m</name><styleUrl>#k</styleUrl><LineString><tessellate>1</tessellate><coordinates>107.9059054,-7.1872076,0 107.9059483,-7.1871993,0 107.9059912,-7.1871944,0 107.9060341,-7.1871926,0 107.9060770,-7.1871954,0 107.9061199,-7.1872051,0 107.9061295,-7.1872095,0 107.9061628,-7.1872487,0 107.9061650,-7.1872521,0 107.9061706,-7.1872946,0 107.9061628,-7.1873325,0 107.9061605,-7.1873372,0 107.9061199,-7.1873701,0 107.9060770,-7.1873741,0 107.9060341,-7.1873767,0 107.9059912,-7.1873779,0 107.9059483,-7.1873732,0 107.9059054,-7.1873479,0 107.9059006,-7.1873372,0 107.9058839,-7.1872946,0 107.9058756,-7.1872521,0 107.9058946,-7.1872095,0 107.9059054,-7.1872076,0</coordinates></LineString></Placemark>
<Placemark><name>704 m</name><styleUrl>#k</styleUrl><LineString><tessellate>1</tessellate><coordinates>107.9062487,-7.1873736,0 107.9062916,-7.1873675,0 107.9063345,-7.1873626,0 107.9063774,-7.1873605,0 107.9064203,-7.1873633,0 107.9064633,-7.1873745,0 107.9064729,-7.1873798,0 107.9065062,-7.1874063,0 107.9065197,-7.1874224,0 107.9065477,-7.1874649,0 107.9065491,-7.1874672,0 107.9065790,-7.1875075,0 107.9065920,-7.1875217,0 107.9066349,-7.1875432,0 107.9066778,-7.1875445,0 107.9067207,-7.1875379,0 107.9067637,-7.1875341,0 107.9068049,-7.1875501,0 107.9068066,-7.1875528,0 107.9068154,-7.1875927,0 107.9068124,-7.1876353,0 107.9068066,-7.1876636,0 107.9068034,-7.1876778,0 107.9067946,-7.1877204,0 107.9067895,-7.1877630,0 107.9067879,-7.1878056,0 107.9067903,-7.1878481,0 107.9067982,-7.1878907,0 107.9068066,-7.1879159,0 107.9068126,-7.1879333,0 107.9068235,-7.1879759,0 107.9068211,-7.1880185,0 107.9068066,-7.1880392,0 107.9067708,-7.1880610,0 107.9067637,-7.1880631,0 107.9067207,-7.1880651,0 107.9066778,-7.1880610,0 107.9066778,-7.1880610,0 107.9066349,-7.1880538,0 107.9065920,-7.1880487,0 107.9065491,-7.1880462,0 107.9065062,-7.1880465,0 107.9064633,-7.1880505,0 107.9064225,-7.1880610,0 107.9064203,-7.1880617,0 107.9063774,-7.1880767,0 107.9063345,-7.1880854,0 107.9062916,-7.1880696,0 107.9062858,-7.1880610,0 107.9062778,-7.1880185,0 107.9062840,-7.1879759,0 107.9062916,-7.1879376,0 107.9062924,-7.1879333,0 107.9062916,-7.1879272,0 107.9062833,-7.1878907,0 107.9062487,-7.1878654,0 107.9062058,-7.1878590,0 107.9061628,-7.1878652,0 107.9061199,-7.1878757,0 107.9060770,-7.1878805,0 107.9060341,-7.1878725,0 107.9059998,-7.1878481,0 107.9060198,-7.1878056,0 107.9060341,-7.1877981,0 107.9060770,-7.1877655,0 107.9060787,-7.1877630,0 107.9061009,-7.1877204,0 107.9061084,-7.1876778,0 107.9061080,-7.1876353,0 107.9061042,-7.1875927,0 107.9061032,-7.1875501,0 107.9061107,-7.1875075,0 107.9061199,-7.1874820,0 107.9061250,-7.1874649,0 107.9061438,-7.1874224,0 107.9061628,-7.1873940,0 107.9062058,-7.1873810,0 107.9062111,-7.1873798,0 107.9062487,-7.1873736,0</coordinates></LineString></Placemark>
<Placemark><name>704 m</name><styleUrl>#k</styleUrl><LineString><tessellate>1</tessellate><coordinates>107.9089953,-7.1887332,0 107.9090052,-7.1887423,0 107.9089953,-7.1887849,0 107.9089910,-7.1887423,0 107.9089953,-7.1887332,0</coordinates></LineString></Placemark>
<Placemark><name>704 m</name><styleUrl>#k</styleUrl><LineString><tessellate>1</tessellate><coordinates>107.9076649,-7.1888681,0 107.9076624,-7.1888700,0 107.9076649,-7.1888913,0 107.9076690,-7.1889126,0 107.9077078,-7.1889379,0 107.9077293,-7.1889552,0 107.9077507,-7.1889803,0 107.9077668,-7.1889978,0 107.9077936,-7.1890377,0 107.9077951,-7.1890403,0 107.9078344,-7.1890829,0 107.9078365,-7.1890846,0 107.9078795,-7.1890991,0 107.9079224,-7.1890934,0 107.9079416,-7.1890829,0 107.9079653,-7.1890586,0 107.9079773,-7.1890403,0 107.9079796,-7.1889978,0 107.9079653,-7.1889673,0 107.9079497,-7.1889552,0 107.9079224,-7.1889353,0 107.9078795,-7.1889221,0 107.9078451,-7.1889126,0 107.9078365,-7.1889041,0 107.9077936,-7.1888700,0 107.9077936,-7.1888700,0 107.9077507,-7.1888552,0 107.9077078,-7.1888548,0 107.9076649,-7.1888681,0</coordinates></LineString></Placemark>
<Placemark><name>704 m</name><styleUrl>#k</styleUrl><LineString><tessellate>1</tessellate><coordinates>107.9068924,-7.1895414,0 107.9069353,-7.1895358,0 107.9069639,-7.1895513,0 107.9069353,-7.1895756,0 107.9068924,-7.1895832,0 107.9068781,-7.1895938,0 107.9068495,-7.1896033,0 107.9068245,-7.1896364,0 107.9068088,-7.1896790,0 107.9068066,-7.1896896,0 107.9067949,-7.1897216,0 107.9067637,-7.1897642,0 107.9067207,-7.1897599,0 107.9066778,-7.1897500,0 107.9066349,-7.1897429,0 107.9066135,-7.1897642,0 107.9066135,-7.1898067,0 107.9066170,-7.1898493,0 107.9066217,-7.1898919,0 107.9066232,-7.1899345,0 107.9066278,-7.1899770,0 107.9066349,-7.1899983,0 107.9066392,-7.1900196,0 107.9066410,-7.1900622,0 107.9066349,-7.1900764,0 107.9066263,-7.1900622,0 107.9065920,-7.1900196,0 107.9065920,-7.1900196,0 107.9065491,-7.1899856,0 107.9065319,-7.1899770,0 107.9065062,-7.1899643,0 107.9064633,-7.1899451,0 107.9064571,-7.1899345,0 107.9064513,-7.1898919,0 107.9064469,-7.1898493,0 107.9064418,-7.1898067,0 107.9064418,-7.1897642,0 107.9064633,-7.1897269,0 107.9064847,-7.1897216,0 107.9065062,-7.1897183,0 107.9065491,-7.1897216,0 107.9065491,-7.1897216,0 107.9065920,-7.1897216,0 107.9065920,-7.1897216,0 107.9065920,-7.1896790,0 107.9065959,-7.1896364,0 107.9066037,-7.1895938,0 107.9066349,-7.1895598,0 107.9066778,-7.1895513,0 107.9067207,-7.1895574,0 107.9067637,-7.1895619,0 107.9068066,-7.1895672,0 107.9068495,-7.1895513,0 107.9068495,-7.1895513,0 107.9068924,-7.1895414,0</coordinates></LineString></Placemark>
<Placemark><name>704 m</name><styleUrl>#k</styleUrl><LineString><tessellate>1</tessellate><coordinates>107.9051329,-7.1902318,0 107.9051267,-7.1902325,0 107.9050900,-7.1902467,0 107.9050470,-7.1902524,0 107.9050041,-7.1902418,0 107.9049612,-7.1902396,0 107.9049183,-7.1902464,0 107.9048754,-7.1902588,0 107.9048352,-7.1902751,0 107.9048325,-7.1902770,0 107.9047896,-7.1903137,0 107.9047860,-7.1903177,0 107.9047584,-7.1903602,0 107.9047466,-7.1903801,0 107.9047383,-7.1904028,0 107.9047292,-7.1904454,0 107.9047269,-7.1904880,0 107.9047296,-7.1905306,0 107.9047338,-7.1905731,0 107.9047345,-7.1906157,0 107.9047273,-7.1906583,0 107.9047037,-7.1906843,0 107.9046608,-7.1906819,0 107.9046179,-7.1906787,0 107.9045750,-7.1906755,0 107.9045321,-7.1906719,0 107.9044891,-7.1906679,0 107.9044462,-7.1906648,0 107.9044033,-7.1906656,0 107.9043604,-7.1906732,0 107.9043175,-7.1906868,0 107.9042844,-7.1907009,0 107.9042746,-7.1907055,0 107.9042317,-7.1907365,0 107.9042257,-7.1907434,0 107.9042061,-7.1907860,0 107.9042011,-7.1908286,0 107.9042045,-7.1908712,0 107.9042122,-7.1909138,0 107.9042208,-7.1909563,0 107.9042307,-7.1909989,0 107.9042317,-7.1910019,0 107.9042467,-7.1910415,0 107.9042740,-7.1910841,0 107.9042746,-7.1910847,0 107.9043175,-7.1911220,0 107.9043237,-7.1911266,0 107.9043604,-7.1911490,0 107.9043946,-7.1911692,0 107.9044033,-7.1911739,0 107.9044462,-7.1911969,0 107.9044739,-7.1912118,0 107.9044891,-7.1912205,0 107.9045321,-7.1912478,0 107.9045409,-7.1912544,0 107.9045750,-7.1912879,0 107.9045833,-7.1912970,0 107.9046173,-7.1913395,0 107.9046179,-7.1913402,0 107.9046608,-7.1913722,0 107.9047037,-7.1913812,0 107.9047466,-7.1913639,0 107.9047688,-7.1913395,0 107.9047896,-7.1913075,0 107.9047943,-7.1912970,0 107.9048083,-7.1912544,0 107.9048185,-7.1912118,0 107.9048253,-7.1911692,0 107.9048267,-7.1911266,0 107.9048188,-7.1910841,0 107.9047981,-7.1910415,0 107.9047896,-7.1910282,0 107.9047701,-7.1909989,0 107.9047466,-7.1909625,0 107.9047433,-7.1909563,0 107.9047286,-7.1909138,0 107.9047224,-7.1908712,0 107.9047228,-7.1908286,0 107.9047295,-7.1907860,0 107.9047417,-7.1907434,0 107.9047466,-7.1907293,0 107.9047788,-7.1907434,0 107.9047896,-7.1907448,0 107.9048325,-7.1907611,0 107.9048754,-7.1907652,0 107.9049183,-7.1907443,0 107.9049191,-7.1907434,0 107.9049393,-7.1907009,0 107.9049501,-7.1906583,0 107.9049433,-7.1906157,0 107.9049183,-7.1905971,0 107.9048886,-7.1905731,0 107.9048754,-7.1905518,0 107.9048682,-7.1905306,0 107.9048677,-7.1904880,0 107.9048754,-7.1904614,0 107.9048818,-7.1904454,0 107.9049183,-7.1904073,0 107.9049278,-7.1904028,0 107.9049612,-7.1903899,0 107.9050041,-7.1903799,0 107.9050470,-7.1903744,0 107.9050814,-7.1904028,0 107.9050532,-7.1904454,0 107.9050470,-7.1904515,0 107.9050299,-7.1904880,0 107.9050175,-7.1905306,0 107.9050280,-7.1905731,0 107.9050470,-7.1905794,0 107.9050900,-7.1905855,0 107.9051329,-7.1905870,0 107.9051758,-7.1905877,0 107.9052187,-7.1905857,0 107.9052616,-7.1905814,0 107.9053045,-7.1905760,0 107.9053475,-7.1905745,0 107.9053904,-7.1905791,0 107.9054333,-7.1905898,0 107.9054762,-7.1906018,0 107.9055191,-7.1906074,0 107.9055620,-7.1906002,0 107.9056049,-7.1905739,0 107.9056056,-7.1905731,0 107.9056321,-7.1905306,0 107.9056479,-7.1905041,0 107.9056606,-7.1904880,0 107.9056908,-7.1904603,0 107.9057158,-7.1904454,0 107.9057337,-7.1904348,0 107.9057766,-7.1904043,0 107.9057780,-7.1904028,0 107.9058161,-7.1903602,0 107.9058195,-7.1903570,0 107.9058624,-7.1903209,0 107.9058673,-7.1903177,0 107.9059054,-7.1902880,0 107.9059212,-7.1902751,0 107.9059284,-7.1902325,0 107.9059054,-7.1902152,0 107.9058624,-7.1902018,0 107.9058195,-7.1902063,0 107.9057766,-7.1902317,0 107.9057758,-7.1902325,0 107.9057410,-7.1902751,0 107.9057337,-7.1902841,0 107.9057071,-7.1903177,0 107.9056908,-7.1903377,0 107.9056699,-7.1903602,0 107.9056479,-7.1903855,0 107.9056225,-7.1904028,0 107.9056049,-7.1904144,0 107.9055620,-7.1904232,0 107.9055191,-7.1904245,0 107.9054762,-7.1904228,0 107.9054333,-7.1904208,0 107.9053904,-7.1904176,0 107.9053475,-7.1904135,0 107.9053217,-7.1904028,0 107.9053183,-7.1903602,0 107.9053087,-7.1903177,0 107.9053045,-7.1903108,0 107.9052835,-7.1902751,0 107.9052616,-7.1902589,0 107.9052187,-7.1902389,0 107.9051865,-7.1902325,0 107.9051758,-7.1902311,0 107.9051329,-7.1902318,0</coordinates></LineString></Placemark>
<Placemark><name>704 m</name><styleUrl>#k</styleUrl><LineString><tessellate>1</tessellate><coordinates>107.9052187,-7.1904312,0 107.9052616,-7.1904294,0 107.9052938,-7.1904454,0 107.9052616,-7.1904667,0 107.9052187,-7.1904614,0 107.9051865,-7.1904454,0 107.9052187,-7.1904312,0</coordinates></LineString></Placemark>
<Placemark><name>706 m</name><styleUrl>#k</styleUrl><LineString><tessellate>1</tessellate><coordinates>107.9061822,-7.1777145,0 107.9061986,-7.1777570,0 107.9062058,-7.1777648,0 107.9062487,-7.1777946,0 107.9062630,-7.1777996,0 107.9062916,-7.1778239,0 107.9063023,-7.1778422,0 107.9063050,-7.1778848,0 107.9062982,-7.1779273,0 107.9062916,-7.1779486,0 107.9062844,-7.1779699,0 107.9062609,-7.1780125,0 107.9062487,-7.1780247,0 107.9062180,-7.1780551,0 107.9062058,-7.1780657,0 107.9061628,-7.1780929,0 107.9061485,-7.1780977,0 107.9061199,-7.1781260,0 107.9061128,-7.1781402,0 107.9061004,-7.1781828,0 107.9060831,-7.1782254,0 107.9060770,-7.1782360,0 107.9060653,-7.1782680,0 107.9060709,-7.1783106,0 107.9060770,-7.1783144,0 107.9061199,-7.1783148,0 107.9061242,-7.1783106,0 107.9061457,-7.1782680,0 107.9061628,-7.1782436,0 107.9061757,-7.1782254,0 107.9062058,-7.1781983,0 107.9062303,-7.1781828,0 107.9062487,-7.1781700,0 107.9062862,-7.1781402,0 107.9062916,-7.1781331,0 107.9063069,-7.1780977,0 107.9063238,-7.1780551,0 107.9063345,-7.1780429,0 107.9063703,-7.1780125,0 107.9063774,-7.1780092,0 107.9064203,-7.1779936,0 107.9064633,-7.1779752,0 107.9064718,-7.1779699,0 107.9065062,-7.1779472,0 107.9065293,-7.1779273,0 107.9065491,-7.1779041,0 107.9065920,-7.1778886,0 107.9066250,-7.1779273,0 107.9066273,-7.1779699,0 107.9065920,-7.1780013,0 107.9065777,-7.1780125,0 107.9065491,-7.1780302,0 107.9065240,-7.1780551,0 107.9065062,-7.1780764,0 107.9064914,-7.1780977,0 107.9064633,-7.1781381,0 107.9064613,-7.1781402,0 107.9064203,-7.1781760,0 107.9064102,-7.1781828,0 107.9063774,-7.1782059,0 107.9063549,-7.1782254,0 107.9063345,-7.1782491,0 107.9063213,-7.1782680,0 107.9062916,-7.1783083,0 107.9062895,-7.1783106,0 107.9062487,-7.1783433,0 107.9062315,-7.1783531,0 107.9062058,-7.1783685,0 107.9061731,-7.1783957,0 107.9061628,-7.1784075,0 107.9061442,-7.1784383,0 107.9061199,-7.1784764,0 107.9061169,-7.1784809,0 107.9060770,-7.1785116,0 107.9060484,-7.1785235,0 107.9060341,-7.1785272,0 107.9059912,-7.1785235,0 107.9059912,-7.1785235,0 107.9059483,-7.1784991,0 107.9059275,-7.1784809,0 107.9059115,-7.1784383,0 107.9059202,-7.1783957,0 107.9059345,-7.1783531,0 107.9059375,-7.1783106,0 107.9059171,-7.1782680,0 107.9059054,-7.1782448,0 107.9059008,-7.1782254,0 107.9059044,-7.1781828,0 107.9059054,-7.1781815,0 107.9059483,-7.1781476,0 107.9059648,-7.1781402,0 107.9059912,-7.1781325,0 107.9060341,-7.1781232,0 107.9060770,-7.1781098,0 107.9060985,-7.1780977,0 107.9061064,-7.1780551,0 107.9061092,-7.1780125,0 107.9061109,-7.1779699,0 107.9061118,-7.1779273,0 107.9061130,-7.1778848,0 107.9061131,-7.1778422,0 107.9061102,-7.1777996,0 107.9061056,-7.1777570,0 107.9061042,-7.1777145,0</coordinates></LineString></Placemark>
<Placemark><name>706 m</name><styleUrl>#k</styleUrl><LineString><tessellate>1</tessellate><coordinates>107.9067108,-7.1777145,0 107.9066778,-7.1777520,0 107.9066722,-7.1777570,0 107.9066349,-7.1777988,0 107.9066334,-7.1777996,0 107.9065920,-7.1778407,0 107.9065491,-7.1778410,0 107.9065062,-7.1778299,0 107.9064633,-7.1778162,0 107.9064203,-7.1778042,0 107.9064019,-7.1777996,0 107.9063774,-7.1777933,0 107.9063379,-7.1777570,0 107.9063345,-7.1777493,0 107.9063228,-7.1777145,0</coordinates></LineString></Placemark>
<Placemark><name>706 m</name><styleUrl>#k</styleUrl><LineString><tessellate>1</tessellate><coordinates>107.9035021,-7.1824337,0 107.9035450,-7.1824113,0 107.9035842,-7.1823981,0 107.9035879,-7.1823970,0 107.9036308,-7.1823862,0 107.9036738,-7.1823736,0 107.9037167,-7.1823558,0 107.9037171,-7.1823555,0 107.9037596,-7.1823302,0 107.9037844,-7.1823130,0 107.9038025,-7.1822991,0 107.9038401,-7.1822704,0 107.9038454,-7.1822663,0 107.9038883,-7.1822370,0 107.9039033,-7.1822278,0 107.9039312,-7.1822116,0 107.9039742,-7.1821898,0 107.9039849,-7.1821852,0 107.9040171,-7.1821716,0 107.9040600,-7.1821580,0 107.9041029,-7.1821489,0 107.9041458,-7.1821459,0 107.9041887,-7.1821501,0 107.9042317,-7.1821623,0 107.9042746,-7.1821823,0 107.9042797,-7.1821852,0 107.9043175,-7.1822072,0 107.9043525,-7.1822278,0 107.9043604,-7.1822329,0 107.9044033,-7.1822583,0 107.9044272,-7.1822704,0 107.9044462,-7.1822822,0 107.9044891,-7.1823072,0 107.9044980,-7.1823130,0 107.9045321,-7.1823453,0 107.9045398,-7.1823555,0 107.9045555,-7.1823981,0 107.9045551,-7.1824407,0 107.9045372,-7.1824833,0 107.9045321,-7.1824890,0 107.9044891,-7.1825226,0 107.9044845,-7.1825259,0 107.9044462,-7.1825461,0 107.9044148,-7.1825684,0 107.9044033,-7.1825754,0 107.9043649,-7.1826110,0 107.9043604,-7.1826150,0 107.9043283,-7.1826536,0 107.9043175,-7.1826677,0 107.9042993,-7.1826962,0 107.9042771,-7.1827387,0 107.9042746,-7.1827456,0 107.9042619,-7.1827813,0 107.9042509,-7.1828239,0 107.9042406,-7.1828665,0 107.9042317,-7.1828935,0 107.9042253,-7.1829091,0 107.9042004,-7.1829516,0 107.9041887,-7.1829675,0 107.9041681,-7.1829942,0 107.9041458,-7.1830260,0 107.9041389,-7.1830368,0 107.9041148,-7.1830794,0 107.9041029,-7.1831003,0 107.9040900,-7.1831220,0 107.9040600,-7.1831636,0 107.9040593,-7.1831645,0 107.9040255,-7.1832071,0 107.9040171,-7.1832190,0 107.9039981,-7.1832497,0 107.9039772,-7.1832923,0 107.9039742,-7.1832987,0 107.9039543,-7.1833348,0 107.9039312,-7.1833619,0 107.9039102,-7.1833774,0 107.9038883,-7.1833886,0 107.9038454,-7.1834026,0 107.9038025,-7.1834133,0 107.9037744,-7.1834200,0 107.9037596,-7.1834240,0 107.9037167,-7.1834374,0 107.9036738,-7.1834536,0 107.9036503,-7.1834626,0 107.9036308,-7.1834719,0 107.9035879,-7.1834912,0 107.9035502,-7.1835052,0 107.9035450,-7.1835073,0 107.9035021,-7.1835213,0</coordinates></LineString></Placemark>
<Placemark><name>706 m</name><styleUrl>#k</styleUrl><LineString><tessellate>1</tessellate><coordinates>107.9035021,-7.1859956,0 107.9035450,-7.1860154,0 107.9035489,-7.1860173,0 107.9035879,-7.1860599,0 107.9035879,-7.1860599,0 107.9036033,-7.1861024,0 107.9035879,-7.1861218,0 107.9035757,-7.1861450,0 107.9035450,-7.1861623,0 107.9035021,-7.1861846,0</coordinates></LineString></Placemark>
<Placemark><name>706 m</name><styleUrl>#k</styleUrl><LineString><tessellate>1</tessellate><coordinates>107.9035021,-7.1880540,0 107.9035450,-7.1880486,0 107.9035879,-7.1880320,0 107.9036146,-7.1880185,0 107.9036308,-7.1880126,0 107.9036738,-7.1879963,0 107.9037167,-7.1879808,0 107.9037293,-7.1879759,0 107.9037596,-7.1879660,0 107.9038025,-7.1879523,0 107.9038454,-7.1879392,0 107.9038669,-7.1879333,0 107.9038883,-7.1879271,0 107.9039312,-7.1879158,0 107.9039742,-7.1879031,0 107.9040115,-7.1878907,0 107.9040171,-7.1878889,0 107.9040600,-7.1878791,0 107.9041029,-7.1878719,0 107.9041458,-7.1878682,0 107.9041887,-7.1878702,0 107.9042317,-7.1878782,0 107.9042746,-7.1878827,0 107.9043175,-7.1878801,0 107.9043604,-7.1878781,0 107.9044033,-7.1878782,0 107.9044462,-7.1878813,0 107.9044891,-7.1878836,0 107.9045321,-7.1878820,0 107.9045750,-7.1878737,0 107.9046179,-7.1878563,0 107.9046393,-7.1878481,0 107.9046608,-7.1878215,0 107.9047037,-7.1878177,0 107.9047171,-7.1878481,0 107.9047280,-7.1878907,0 107.9047305,-7.1879333,0 107.9047306,-7.1879759,0 107.9047305,-7.1880185,0 107.9047311,-7.1880610,0 107.9047316,-7.1881036,0 107.9047338,-7.1881462,0 107.9047356,-7.1881888,0 107.9047359,-7.1882314,0 107.9047351,-7.1882739,0 107.9047341,-7.1883165,0 107.9047338,-7.1883591,0 107.9047349,-7.1884017,0 107.9047381,-7.1884442,0 107.9047436,-7.1884868,0 107.9047252,-7.1885294,0 107.9047037,-7.1885333,0 107.9046984,-7.1885294,0 107.9046608,-7.1885179,0 107.9046179,-7.1885141,0 107.9045750,-7.1885225,0 107.9045653,-7.1885294,0 107.9045750,-7.1885493,0 107.9045921,-7.1885720,0 107.9046179,-7.1885866,0 107.9046531,-7.1886146,0 107.9046608,-7.1886234,0 107.9046855,-7.1886571,0 107.9047037,-7.1886902,0 107.9047252,-7.1886997,0 107.9047466,-7.1887046,0 107.9047515,-7.1886997,0 107.9047718,-7.1886571,0 107.9047869,-7.1886146,0 107.9047896,-7.1886085,0 107.9048325,-7.1885733,0 107.9048345,-7.1885720,0 107.9048754,-7.1885526,0 107.9049122,-7.1885294,0 107.9049183,-7.1885228,0 107.9049376,-7.1884868,0 107.9049419,-7.1884442,0 107.9049294,-7.1884017,0 107.9049183,-7.1883846,0 107.9048938,-7.1883591,0 107.9048754,-7.1883424,0 107.9048481,-7.1883165,0 107.9048325,-7.1882938,0 107.9048167,-7.1882739,0 107.9048076,-7.1882314,0 107.9048325,-7.1882067,0 107.9048754,-7.1881932,0 107.9049183,-7.1882101,0 107.9049371,-7.1882314,0 107.9049612,-7.1882663,0 107.9049655,-7.1882739,0 107.9049959,-7.1883165,0 107.9050041,-7.1883230,0 107.9050470,-7.1883521,0 107.9050568,-7.1883591,0 107.9050900,-7.1883774,0 107.9051329,-7.1884009,0 107.9051344,-7.1884017,0 107.9051758,-7.1884197,0 107.9052187,-7.1884350,0 107.9052486,-7.1884442,0 107.9052616,-7.1884486,0 107.9053045,-7.1884647,0 107.9053475,-7.1884855,0 107.9053499,-7.1884868,0 107.9053904,-7.1885175,0 107.9054089,-7.1885294,0 107.9054333,-7.1885463,0 107.9054762,-7.1885587,0 107.9055191,-7.1885582,0 107.9055620,-7.1885482,0 107.9056049,-7.1885341,0 107.9056216,-7.1885294,0 107.9056479,-7.1885232,0 107.9056908,-7.1885204,0 107.9057337,-7.1885260,0 107.9057412,-7.1885294,0 107.9057766,-7.1885489,0 107.9057975,-7.1885720,0 107.9058195,-7.1885993,0 107.9058301,-7.1886146,0 107.9058624,-7.1886565,0 107.9058630,-7.1886571,0 107.9059054,-7.1886953,0 107.9059181,-7.1886997,0 107.9059483,-7.1887123,0 107.9059912,-7.1887031,0 107.9059978,-7.1886997,0 107.9060341,-7.1886817,0 107.9060770,-7.1886713,0 107.9060977,-7.1886997,0 107.9061099,-7.1887423,0 107.9061124,-7.1887849,0 107.9061107,-7.1888274,0 107.9061078,-7.1888700,0 107.9061064,-7.1889126,0 107.9061069,-7.1889552,0 107.9061087,-7.1889978,0 107.9061102,-7.1890403,0 107.9061112,-7.1890829,0 107.9061122,-7.1891255,0 107.9061120,-7.1891681,0 107.9061109,-7.1892106,0 107.9061068,-7.1892532,0 107.9061030,-7.1892958,0 107.9061025,-7.1893384,0 107.9061081,-7.1893810,0 107.9061199,-7.1894053,0 107.9061628,-7.1894235,0 107.9061628,-7.1894235,0 107.9061751,-7.1894661,0 107.9061628,-7.1894945,0 107.9061579,-7.1895087,0 107.9061243,-7.1895513,0 107.9061199,-7.1895546,0 107.9060770,-7.1895670,0 107.9060341,-7.1895562,0 107.9060224,-7.1895513,0 107.9059912,-7.1895430,0 107.9059530,-7.1895513,0 107.9059483,-7.1895534,0 107.9059243,-7.1895938,0 107.9059308,-7.1896364,0 107.9059483,-7.1896725,0 107.9059507,-7.1896790,0 107.9059483,-7.1897003,0 107.9059445,-7.1897216,0 107.9059054,-7.1897451,0 107.9058624,-7.1897571,0 107.9058195,-7.1897568,0 107.9057766,-7.1897455,0 107.9057337,-7.1897368,0 107.9056908,-7.1897402,0 107.9056479,-7.1897429,0 107.9056049,-7.1897398,0 107.9055620,-7.1897306,0 107.9055191,-7.1897216,0 107.9055191,-7.1897216,0 107.9054762,-7.1897211,0 107.9054733,-7.1897216,0 107.9054333,-7.1897322,0 107.9053904,-7.1897513,0 107.9053655,-7.1897642,0 107.9053475,-7.1897784,0 107.9053058,-7.1898067,0 107.9053045,-7.1898080,0 107.9052674,-7.1898493,0 107.9052616,-7.1898611,0 107.9052511,-7.1898919,0 107.9052616,-7.1899288,0 107.9052739,-7.1899345,0 107.9053045,-7.1899401,0 107.9053475,-7.1899345,0 107.9053475,-7.1899345,0 107.9053904,-7.1899171,0 107.9054333,-7.1899025,0 107.9054762,-7.1899025,0 107.9055191,-7.1899086,0 107.9055620,-7.1899111,0 107.9056049,-7.1898952,0 107.9056076,-7.1898919,0 107.9056407,-7.1898493,0 107.9056479,-7.1898395,0 107.9056908,-7.1898091,0 107.9057051,-7.1898067,0 107.9057337,-7.1897990,0 107.9057444,-7.1898067,0 107.9057725,-7.1898493,0 107.9057649,-7.1898919,0 107.9057348,-7.1899345,0 107.9057337,-7.1899353,0 107.9056908,-7.1899551,0 107.9056572,-7.1899770,0 107.9056479,-7.1899852,0 107.9056235,-7.1900196,0 107.9056049,-7.1900537,0 107.9055990,-7.1900622,0 107.9055620,-7.1900955,0 107.9055191,-7.1901018,0 107.9054762,-7.1900863,0 107.9054333,-7.1900737,0 107.9053904,-7.1900770,0 107.9053475,-7.1900856,0 107.9053045,-7.1900873,0 107.9052616,-7.1900780,0 107.9052330,-7.1900622,0 107.9052187,-7.1900460,0 107.9051933,-7.1900196,0 107.9051758,-7.1900046,0 107.9051329,-7.1899928,0 107.9050900,-7.1899913,0 107.9050470,-7.1899952,0 107.9050041,-7.1900055,0 107.9049746,-7.1900196,0 107.9049612,-7.1900269,0 107.9049183,-7.1900622,0 107.9049183,-7.1900622,0 107.9048754,-7.1900945,0 107.9048604,-7.1901048,0 107.9048325,-7.1901194,0 107.9047896,-7.1901390,0 107.9047691,-7.1901474,0 107.9047466,-7.1901568,0 107.9047037,-7.1901770,0 107.9046852,-7.1901899,0 107.9046608,-7.1902171,0 107.9046519,-7.1902325,0 107.9046312,-7.1902751,0 107.9046179,-7.1903029,0 107.9046109,-7.1903177,0 107.9045890,-7.1903602,0 107.9045750,-7.1903879,0 107.9045656,-7.1904028,0 107.9045411,-7.1904454,0 107.9045321,-7.1904598,0 107.9044949,-7.1904880,0 107.9044891,-7.1904910,0 107.9044462,-7.1905009,0 107.9044033,-7.1905057,0 107.9043604,-7.1905126,0 107.9043175,-7.1905262,0 107.9043086,-7.1905306,0 107.9042746,-7.1905479,0 107.9042377,-7.1905731,0 107.9042317,-7.1905766,0 107.9041887,-7.1906010,0 107.9041673,-7.1906157,0 107.9041458,-7.1906331,0 107.9041266,-7.1906583,0 107.9041095,-7.1907009,0 107.9041029,-7.1907341,0 107.9041013,-7.1907434,0 107.9040964,-7.1907860,0 107.9040934,-7.1908286,0 107.9040924,-7.1908712,0 107.9040944,-7.1909138,0 107.9041006,-7.1909563,0 107.9041029,-7.1909657,0 107.9041115,-7.1909989,0 107.9041267,-7.1910415,0 107.9041458,-7.1910818,0 107.9041469,-7.1910841,0 107.9041759,-7.1911266,0 107.9041887,-7.1911408,0 107.9042194,-7.1911692,0 107.9042317,-7.1911787,0 107.9042746,-7.1912070,0 107.9042827,-7.1912118,0 107.9043175,-7.1912316,0 107.9043587,-7.1912544,0 107.9043604,-7.1912554,0 107.9044033,-7.1912802,0 107.9044290,-7.1912970,0 107.9044462,-7.1913100,0 107.9044779,-7.1913395,0 107.9044891,-7.1913525,0 107.9045123,-7.1913821,0 107.9045321,-7.1914090,0 107.9045448,-7.1914247,0 107.9045750,-7.1914541,0 107.9045951,-7.1914673,0 107.9046179,-7.1914793,0 107.9046608,-7.1914922,0 107.9047037,-7.1914974,0 107.9047466,-7.1914952,0 107.9047896,-7.1914819,0 107.9048100,-7.1914673,0 107.9048325,-7.1914442,0 107.9048445,-7.1914247,0 107.9048642,-7.1913821,0 107.9048754,-7.1913518,0 107.9048798,-7.1913395,0 107.9048944,-7.1912970,0 107.9049098,-7.1912544,0 107.9049183,-7.1912328,0 107.9049284,-7.1912118,0 107.9049484,-7.1911692,0 107.9049612,-7.1911397,0 107.9049678,-7.1911266,0 107.9049840,-7.1910841,0 107.9049968,-7.1910415,0 107.9050041,-7.1910191,0 107.9050136,-7.1909989,0 107.9050412,-7.1909563,0 107.9050470,-7.1909497,0 107.9050900,-7.1909224,0 107.9051329,-7.1909163,0 107.9051758,-7.1909205,0 107.9052187,-7.1909265,0 107.9052616,-7.1909280,0 107.9053045,-7.1909188,0 107.9053188,-7.1909138,0 107.9053475,-7.1909060,0 107.9053904,-7.1909058,0 107.9054037,-7.1909138,0 107.9054149,-7.1909563,0 107.9053953,-7.1909989,0 107.9053904,-7.1910111,0 107.9053818,-7.1910415,0 107.9053904,-7.1910681,0 107.9053987,-7.1910841,0 107.9054333,-7.1910989,0 107.9054762,-7.1910995,0 107.9055191,-7.1910931,0 107.9055620,-7.1910915,0 107.9056049,-7.1911091,0 107.9056242,-7.1911266,0 107.9056479,-7.1911470,0 107.9056773,-7.1911692,0 107.9056908,-7.1911758,0 107.9057337,-7.1911904,0 107.9057766,-7.1912003,0 107.9058195,-7.1912111,0 107.9058215,-7.1912118,0 107.9058624,-7.1912258,0 107.9059054,-7.1912493,0 107.9059126,-7.1912544,0 107.9059483,-7.1912783,0 107.9059736,-7.1912970,0 107.9059912,-7.1913096,0 107.9060274,-7.1913395,0 107.9060341,-7.1913459,0 107.9060668,-7.1913821,0 107.9060770,-7.1913963,0 107.9060976,-7.1914247,0 107.9061199,-7.1914571,0 107.9061290,-7.1914673,0 107.9061628,-7.1915008,0 107.9061759,-7.1915098,0</coordinates></LineString></Placemark>
<Placemark><name>706 m</name><styleUrl>#k</styleUrl><LineString><tessellate>1</tessellate><coordinates>107.9048754,-7.1795294,0 107.9049183,-7.1795230,0 107.9049612,-7.1795441,0 107.9049625,-7.1795453,0 107.9049923,-7.1795879,0 107.9050041,-7.1796058,0 107.9050206,-7.1796305,0 107.9050470,-7.1796599,0 107.9050592,-7.1796731,0 107.9050900,-7.1797065,0 107.9050972,-7.1797157,0 107.9051167,-7.1797582,0 107.9051165,-7.1798008,0 107.9050920,-7.1798434,0 107.9050900,-7.1798453,0 107.9050470,-7.1798729,0 107.9050127,-7.1798860,0 107.9050041,-7.1798886,0 107.9049612,-7.1798907,0 107.9049447,-7.1798860,0 107.9049183,-7.1798698,0 107.9048984,-7.1798434,0 107.9048968,-7.1798008,0 107.9049054,-7.1797582,0 107.9049095,-7.1797157,0 107.9049003,-7.1796731,0 107.9048754,-7.1796351,0 107.9048733,-7.1796305,0 107.9048568,-7.1795879,0 107.9048587,-7.1795453,0 107.9048754,-7.1795294,0</coordinates></LineString></Placemark>
<Placemark><name>706 m</name><styleUrl>#k</styleUrl><LineString><tessellate>1</tessellate><coordinates>107.9037596,-7.1858039,0 107.9037703,-7.1858044,0 107.9038025,-7.1858061,0 107.9038454,-7.1858200,0 107.9038883,-7.1858454,0 107.9038902,-7.1858470,0 107.9039312,-7.1858749,0 107.9039547,-7.1858896,0 107.9039742,-7.1858987,0 107.9040171,-7.1859143,0 107.9040600,-7.1859247,0 107.9041013,-7.1859321,0 107.9041029,-7.1859325,0 107.9041458,-7.1859433,0 107.9041887,-7.1859676,0 107.9041963,-7.1859747,0 107.9042208,-7.1860173,0 107.9042302,-7.1860599,0 107.9042312,-7.1861024,0 107.9042239,-7.1861450,0 107.9042071,-7.1861876,0 107.9041887,-7.1862152,0 107.9041755,-7.1862302,0 107.9041458,-7.1862593,0 107.9041300,-7.1862728,0 107.9041029,-7.1862978,0 107.9040821,-7.1863153,0 107.9040600,-7.1863343,0 107.9040171,-7.1863559,0 107.9040063,-7.1863579,0 107.9039742,-7.1863622,0 107.9039312,-7.1863601,0 107.9039201,-7.1863579,0 107.9038883,-7.1863504,0 107.9038454,-7.1863313,0 107.9038214,-7.1863153,0 107.9038025,-7.1862982,0 107.9037772,-7.1862728,0 107.9037596,-7.1862505,0 107.9037403,-7.1862302,0 107.9037167,-7.1861965,0 107.9037059,-7.1861876,0 107.9036794,-7.1861450,0 107.9036761,-7.1861024,0 107.9036857,-7.1860599,0 107.9036947,-7.1860173,0 107.9036909,-7.1859747,0 107.9036828,-7.1859321,0 107.9036805,-7.1858896,0 107.9036921,-7.1858470,0 107.9037167,-7.1858203,0 107.9037574,-7.1858044,0 107.9037596,-7.1858039,0</coordinates></LineString></Placemark>
<Placemark><name>706 m</name><styleUrl>#k</styleUrl><LineString><tessellate>1</tessellate><coordinates>107.9076649,-7.1866845,0 107.9077078,-7.1866699,0 107.9077507,-7.1866963,0 107.9077936,-7.1866981,0 107.9077940,-7.1866985,0 107.9077952,-7.1867411,0 107.9077964,-7.1867837,0 107.9077978,-7.1868263,0 107.9077985,-7.1868689,0 107.9077985,-7.1869114,0 107.9077985,-7.1869540,0 107.9077985,-7.1869966,0 107.9077936,-7.1870291,0 107.9077909,-7.1870392,0 107.9077507,-7.1870791,0 107.9077496,-7.1870817,0 107.9077312,-7.1871243,0 107.9077097,-7.1871669,0 107.9077078,-7.1871704,0 107.9076649,-7.1871956,0 107.9076220,-7.1872055,0 107.9075791,-7.1872061,0 107.9075361,-7.1872022,0 107.9074932,-7.1871996,0 107.9074503,-7.1872011,0 107.9074074,-7.1872059,0 107.9073645,-7.1872081,0 107.9073216,-7.1871992,0 107.9072816,-7.1871669,0 107.9072833,-7.1871243,0 107.9072998,-7.1870817,0 107.9073111,-7.1870392,0 107.9073077,-7.1869966,0 107.9072925,-7.1869540,0 107.9072786,-7.1869136,0 107.9072780,-7.1869114,0 107.9072786,-7.1869084,0 107.9072955,-7.1868689,0 107.9073216,-7.1868585,0 107.9073645,-7.1868587,0 107.9074074,-7.1868646,0 107.9074503,-7.1868671,0 107.9074932,-7.1868496,0 107.9075147,-7.1868263,0 107.9075361,-7.1867932,0 107.9075412,-7.1867837,0 107.9075711,-7.1867411,0 107.9075791,-7.1867339,0 107.9076220,-7.1867028,0 107.9076302,-7.1866985,0 107.9076649,-7.1866845,0</coordinates></LineString></Placemark>
<Placemark><name>706 m</name><styleUrl>#k</styleUrl><LineString><tessellate>1</tessellate><coordinates>107.9043604,-7.1868663,0 107.9043890,-7.1868689,0 107.9044033,-7.1868714,0 107.9044201,-7.1869114,0 107.9044462,-7.1869494,0 107.9044494,-7.1869540,0 107.9044891,-7.1869870,0 107.9045060,-7.1869966,0 107.9045321,-7.1870120,0 107.9045678,-7.1870392,0 107.9045750,-7.1870534,0 107.9045839,-7.1870817,0 107.9045816,-7.1871243,0 107.9045750,-7.1871499,0 107.9045680,-7.1871669,0 107.9045541,-7.1872095,0 107.9045494,-7.1872521,0 107.9045506,-7.1872946,0 107.9045540,-7.1873372,0 107.9045569,-7.1873798,0 107.9045585,-7.1874224,0 107.9045618,-7.1874649,0 107.9045750,-7.1874990,0 107.9046179,-7.1874895,0 107.9046608,-7.1874936,0 107.9046935,-7.1875075,0 107.9047037,-7.1875125,0 107.9047323,-7.1875501,0 107.9047466,-7.1875853,0 107.9047485,-7.1875927,0 107.9047510,-7.1876353,0 107.9047466,-7.1876778,0 107.9047466,-7.1876778,0 107.9047202,-7.1877204,0 107.9047037,-7.1877470,0 107.9046608,-7.1877553,0 107.9046179,-7.1877433,0 107.9045750,-7.1877204,0 107.9045750,-7.1877204,0 107.9045321,-7.1876778,0 107.9045321,-7.1876778,0 107.9044891,-7.1876353,0 107.9044891,-7.1876353,0 107.9044891,-7.1876353,0 107.9044462,-7.1876565,0 107.9044176,-7.1876778,0 107.9044033,-7.1876856,0 107.9043840,-7.1877204,0 107.9043604,-7.1877516,0 107.9043529,-7.1877630,0 107.9043175,-7.1877982,0 107.9042984,-7.1878056,0 107.9042746,-7.1878174,0 107.9042317,-7.1878117,0 107.9042281,-7.1878056,0 107.9042116,-7.1877630,0 107.9042151,-7.1877204,0 107.9042317,-7.1876908,0 107.9042464,-7.1876778,0 107.9042746,-7.1876613,0 107.9043175,-7.1876435,0 107.9043389,-7.1876353,0 107.9043604,-7.1876182,0 107.9043819,-7.1875927,0 107.9043903,-7.1875501,0 107.9043931,-7.1875075,0 107.9043924,-7.1874649,0 107.9043914,-7.1874224,0 107.9043900,-7.1873798,0 107.9043883,-7.1873372,0 107.9043870,-7.1872946,0 107.9043876,-7.1872521,0 107.9043890,-7.1872095,0 107.9043909,-7.1871669,0 107.9043926,-7.1871243,0 107.9043933,-7.1870817,0 107.9043906,-7.1870392,0 107.9043819,-7.1869966,0 107.9043604,-7.1869540,0 107.9043604,-7.1869540,0 107.9043530,-7.1869114,0 107.9043586,-7.1868689,0 107.9043604,-7.1868663,0</coordinates></LineString></Placemark>
<Placemark><name>706 m</name><styleUrl>#k</styleUrl><LineString><tessellate>1</tessellate><coordinates>107.9045321,-7.1875288,0 107.9045213,-7.1875501,0 107.9045213,-7.1875927,0 107.9045321,-7.1876140,0 107.9045356,-7.1875927,0 107.9045428,-7.1875501,0 107.9045321,-7.1875288,0</coordinates></LineString></Placemark>
<Placemark><name>706 m</name><styleUrl>#k</styleUrl><LineString><tessellate>1</tessellate><coordinates>107.9070212,-7.1888657,0 107.9070641,-7.1888684,0 107.9070748,-7.1888700,0 107.9071070,-7.1888775,0 107.9071499,-7.1888827,0 107.9071928,-7.1888773,0 107.9072304,-7.1888700,0 107.9072357,-7.1888694,0 107.9072786,-7.1888687,0 107.9072829,-7.1888700,0 107.9073216,-7.1888919,0 107.9073398,-7.1889126,0 107.9073645,-7.1889534,0 107.9073655,-7.1889552,0 107.9073940,-7.1889978,0 107.9074074,-7.1890070,0 107.9074503,-7.1890316,0 107.9074641,-7.1890403,0 107.9074932,-7.1890634,0 107.9075140,-7.1890829,0 107.9075361,-7.1891108,0 107.9075495,-7.1891255,0 107.9075791,-7.1891570,0 107.9075921,-7.1891681,0 107.9076220,-7.1891916,0 107.9076406,-7.1892106,0 107.9076649,-7.1892385,0 107.9076739,-7.1892532,0 107.9076917,-7.1892958,0 107.9077078,-7.1893277,0 107.9077126,-7.1893384,0 107.9077507,-7.1893793,0 107.9077579,-7.1893810,0 107.9077936,-7.1894022,0 107.9078365,-7.1894123,0 107.9078795,-7.1894133,0 107.9079224,-7.1894067,0 107.9079653,-7.1893954,0 107.9080062,-7.1893810,0 107.9080082,-7.1893803,0 107.9080511,-7.1893547,0 107.9080704,-7.1893384,0 107.9080940,-7.1893094,0 107.9081023,-7.1892958,0 107.9081258,-7.1892532,0 107.9081369,-7.1892364,0 107.9081564,-7.1892106,0 107.9081799,-7.1891862,0 107.9082013,-7.1891681,0 107.9082228,-7.1891493,0 107.9082485,-7.1891255,0 107.9082657,-7.1891081,0 107.9082865,-7.1890829,0 107.9083086,-7.1890622,0 107.9083317,-7.1890403,0 107.9083515,-7.1890291,0 107.9083944,-7.1890099,0 107.9084325,-7.1889978,0 107.9084374,-7.1889966,0 107.9084803,-7.1889882,0 107.9085232,-7.1889806,0 107.9085661,-7.1889729,0 107.9086090,-7.1889657,0 107.9086519,-7.1889602,0 107.9086948,-7.1889603,0 107.9087378,-7.1889711,0 107.9087791,-7.1889978,0 107.9087807,-7.1889990,0 107.9088229,-7.1890403,0 107.9088236,-7.1890409,0 107.9088665,-7.1890754,0 107.9088754,-7.1890829,0 107.9089094,-7.1891199,0 107.9089130,-7.1891255,0 107.9089267,-7.1891681,0 107.9089276,-7.1892106,0 107.9089198,-7.1892532,0 107.9089094,-7.1892811,0 107.9089036,-7.1892958,0 107.9088786,-7.1893384,0 107.9088665,-7.1893540,0 107.9088451,-7.1893810,0 107.9088236,-7.1894054,0 107.9088098,-7.1894235,0 107.9087807,-7.1894632,0 107.9087789,-7.1894661,0 107.9087524,-7.1895087,0 107.9087378,-7.1895308,0 107.9087252,-7.1895513,0 107.9086948,-7.1895919,0 107.9086933,-7.1895938,0 107.9086534,-7.1896364,0 107.9086519,-7.1896379,0 107.9086090,-7.1896782,0 107.9086081,-7.1896790,0 107.9085661,-7.1897188,0 107.9085631,-7.1897216,0 107.9085232,-7.1897610,0 107.9085200,-7.1897642,0 107.9084803,-7.1898033,0 107.9084770,-7.1898067,0 107.9084374,-7.1898464,0 107.9084345,-7.1898493,0 107.9083944,-7.1898887,0 107.9083911,-7.1898919,0 107.9083515,-7.1899286,0 107.9083453,-7.1899345,0 107.9083086,-7.1899709,0 107.9083034,-7.1899770,0 107.9082725,-7.1900196,0 107.9082657,-7.1900304,0 107.9082472,-7.1900622,0 107.9082228,-7.1901019,0 107.9082207,-7.1901048,0 107.9081799,-7.1901474,0 107.9081799,-7.1901474,0 107.9081369,-7.1901723,0 107.9080958,-7.1901899,0 107.9080940,-7.1901907,0 107.9080511,-7.1902087,0 107.9080082,-7.1902294,0 107.9080007,-7.1902325,0 107.9079653,-7.1902491,0 107.9079224,-7.1902592,0 107.9078795,-7.1902586,0 107.9078365,-7.1902517,0 107.9077936,-7.1902438,0 107.9077507,-7.1902386,0 107.9077078,-7.1902370,0 107.9076649,-7.1902413,0 107.9076220,-7.1902480,0 107.9075791,-7.1902495,0 107.9075361,-7.1902472,0 107.9074932,-7.1902434,0 107.9074503,-7.1902398,0 107.9074074,-7.1902368,0 107.9073645,-7.1902360,0 107.9073216,-7.1902400,0 107.9072786,-7.1902520,0 107.9072357,-7.1902628,0 107.9071928,-7.1902632,0 107.9071499,-7.1902497,0 107.9071266,-7.1902325,0 107.9071070,-7.1902082,0 107.9070987,-7.1901899,0 107.9070958,-7.1901474,0 107.9071070,-7.1901093,0 107.9071093,-7.1901048,0 107.9071499,-7.1900724,0 107.9071814,-7.1900622,0 107.9071928,-7.1900592,0 107.9072357,-7.1900526,0 107.9072786,-7.1900281,0 107.9072817,-7.1900196,0 107.9072887,-7.1899770,0 107.9072997,-7.1899345,0 107.9073216,-7.1898965,0 107.9073269,-7.1898919,0 107.9073645,-7.1898736,0 107.9074074,-7.1898603,0 107.9074455,-7.1898493,0 107.9074503,-7.1898465,0 107.9074837,-7.1898067,0 107.9074871,-7.1897642,0 107.9074871,-7.1897216,0 107.9074877,-7.1896790,0 107.9074874,-7.1896364,0 107.9074865,-7.1895938,0 107.9074856,-7.1895513,0 107.9074830,-7.1895087,0 107.9074748,-7.1894661,0 107.9074503,-7.1894472,0 107.9074074,-7.1894320,0 107.9073835,-7.1894235,0 107.9073645,-7.1894179,0 107.9073216,-7.1893958,0 107.9073032,-7.1893810,0 107.9072824,-7.1893384,0 107.9072896,-7.1892958,0 107.9073044,-7.1892532,0 107.9073178,-7.1892106,0 107.9073216,-7.1891894,0 107.9073301,-7.1891681,0 107.9073352,-7.1891255,0 107.9073306,-7.1890829,0 107.9073216,-7.1890659,0 107.9072848,-7.1890403,0 107.9072786,-7.1890386,0 107.9072357,-7.1890375,0 107.9072071,-7.1890403,0 107.9071928,-7.1890412,0 107.9071499,-7.1890474,0 107.9071070,-7.1890561,0 107.9070641,-7.1890649,0 107.9070212,-7.1890685,0 107.9069782,-7.1890572,0 107.9069616,-7.1890403,0 107.9069426,-7.1889978,0 107.9069381,-7.1889552,0 107.9069476,-7.1889126,0 107.9069782,-7.1888756,0 107.9069966,-7.1888700,0 107.9070212,-7.1888657,0</coordinates></LineString></Placemark>
<Placemark><name>706 m</name><styleUrl>#k</styleUrl><LineString><tessellate>1</tessellate><coordinates>107.9063345,-7.1890280,0 107.9063774,-7.1890248,0 107.9064203,-7.1890325,0 107.9064350,-7.1890403,0 107.9064633,-7.1890675,0 107.9064718,-7.1890829,0 107.9064815,-7.1891255,0 107.9064789,-7.1891681,0 107.9064633,-7.1892057,0 107.9064595,-7.1892106,0 107.9064203,-7.1892473,0 107.9064096,-7.1892532,0 107.9063774,-7.1892769,0 107.9063517,-7.1892958,0 107.9063345,-7.1893185,0 107.9063209,-7.1893384,0 107.9062927,-7.1893810,0 107.9062916,-7.1893820,0 107.9062487,-7.1894053,0 107.9062058,-7.1894235,0 107.9061950,-7.1893810,0 107.9062058,-7.1893554,0 107.9062111,-7.1893384,0 107.9062372,-7.1892958,0 107.9062487,-7.1892816,0 107.9062716,-7.1892532,0 107.9062773,-7.1892106,0 107.9062662,-7.1891681,0 107.9062581,-7.1891255,0 107.9062613,-7.1890829,0 107.9062916,-7.1890420,0 107.9062938,-7.1890403,0 107.9063345,-7.1890280,0</coordinates></LineString></Placemark>
<Placemark><name>706 m</name><styleUrl>#k</styleUrl><LineString><tessellate>1</tessellate><coordinates>107.9074932,-7.1892248,0 107.9074610,-7.1892532,0 107.9074620,-7.1892958,0 107.9074718,-7.1893384,0 107.9074815,-7.1893810,0 107.9074932,-7.1894129,0 107.9075075,-7.1894235,0 107.9075361,-7.1894357,0 107.9075791,-7.1894479,0 107.9076112,-7.1894661,0 107.9076220,-7.1894732,0 107.9076434,-7.1895087,0 107.9076550,-7.1895513,0 107.9076610,-7.1895938,0 107.9076649,-7.1896151,0 107.9077078,-7.1896064,0 107.9077243,-7.1895938,0 107.9077507,-7.1895817,0 107.9077936,-7.1895633,0 107.9078142,-7.1895513,0 107.9078365,-7.1895120,0 107.9078380,-7.1895087,0 107.9078365,-7.1894980,0 107.9078204,-7.1894661,0 107.9077936,-7.1894448,0 107.9077507,-7.1894366,0 107.9077164,-7.1894235,0 107.9077078,-7.1894150,0 107.9076649,-7.1894022,0 107.9076327,-7.1893810,0 107.9076220,-7.1893767,0 107.9075791,-7.1893455,0 107.9075729,-7.1893384,0 107.9075427,-7.1892958,0 107.9075361,-7.1892816,0 107.9075190,-7.1892532,0 107.9074932,-7.1892248,0</coordinates></LineString></Placemark>
<Placemark><name>706 m</name><styleUrl>#k</styleUrl><LineString><tessellate>1</tessellate><coordinates>107.9076220,-7.1896861,0 107.9076025,-7.1897216,0 107.9075791,-7.1897581,0 107.9075751,-7.1897642,0 107.9075457,-7.1898067,0 107.9075361,-7.1898174,0 107.9074994,-7.1898493,0 107.9074932,-7.1898635,0 107.9074871,-7.1898919,0 107.9074810,-7.1899345,0 107.9074729,-7.1899770,0 107.9074635,-7.1900196,0 107.9074646,-7.1900622,0 107.9074932,-7.1900777,0 107.9075266,-7.1901048,0 107.9075361,-7.1901109,0 107.9075791,-7.1901360,0 107.9076220,-7.1901375,0 107.9076415,-7.1901048,0 107.9076546,-7.1900622,0 107.9076597,-7.1900196,0 107.9076593,-7.1899770,0 107.9076567,-7.1899345,0 107.9076530,-7.1898919,0 107.9076497,-7.1898493,0 107.9076488,-7.1898067,0 107.9076465,-7.1897642,0 107.9076434,-7.1897216,0 107.9076220,-7.1896861,0</coordinates></LineString></Placemark>
<Placemark><name>706 m</name><styleUrl>#k</styleUrl><LineString><tessellate>1</tessellate><coordinates>107.9073216,-7.1901048,0 107.9073216,-7.1901048,0 107.9073216,-7.1901048,0 107.9073645,-7.1901154,0 107.9073816,-7.1901048,0 107.9073645,-7.1900764,0 107.9073216,-7.1901048,0</coordinates></LineString></Placemark>
<Placemark><name>708 m</name><styleUrl>#k</styleUrl><LineString><tessellate>1</tessellate><coordinates>107.9035021,-7.1825487,0 107.9035337,-7.1825259,0 107.9035450,-7.1825177,0 107.9035879,-7.1824983,0 107.9036308,-7.1824868,0 107.9036489,-7.1824833,0 107.9036738,-7.1824786,0 107.9037167,-7.1824689,0 107.9037596,-7.1824555,0 107.9038018,-7.1824407,0 107.9038025,-7.1824404,0 107.9038454,-7.1824252,0 107.9038883,-7.1824146,0 107.9039312,-7.1824101,0 107.9039742,-7.1824117,0 107.9040171,-7.1824160,0 107.9040600,-7.1824170,0 107.9041029,-7.1824085,0 107.9041458,-7.1823992,0 107.9041887,-7.1824039,0 107.9042304,-7.1824407,0 107.9042317,-7.1824440,0 107.9042385,-7.1824833,0 107.9042348,-7.1825259,0 107.9042317,-7.1825369,0 107.9042217,-7.1825684,0 107.9042041,-7.1826110,0 107.9041887,-7.1826497,0 107.9041872,-7.1826536,0 107.9041698,-7.1826962,0 107.9041550,-7.1827387,0 107.9041458,-7.1827655,0 107.9041392,-7.1827813,0 107.9041178,-7.1828239,0 107.9041029,-7.1828475,0 107.9040882,-7.1828665,0 107.9040600,-7.1829032,0 107.9040560,-7.1829091,0 107.9040335,-7.1829516,0 107.9040177,-7.1829942,0 107.9040171,-7.1829959,0 107.9040006,-7.1830368,0 107.9039782,-7.1830794,0 107.9039742,-7.1830854,0 107.9039495,-7.1831220,0 107.9039312,-7.1831530,0 107.9039254,-7.1831645,0 107.9039060,-7.1832071,0 107.9038883,-7.1832458,0 107.9038862,-7.1832497,0 107.9038478,-7.1832923,0 107.9038454,-7.1832940,0 107.9038025,-7.1833113,0 107.9037596,-7.1833204,0 107.9037167,-7.1833271,0 107.9036761,-7.1833348,0 107.9036738,-7.1833353,0 107.9036308,-7.1833469,0 107.9035879,-7.1833613,0 107.9035461,-7.1833774,0 107.9035450,-7.1833779,0 107.9035021,-7.1833963,0</coordinates></LineString></Placemark>
<Placemark><name>708 m</name><styleUrl>#k</styleUrl><LineString><tessellate>1</tessellate><coordinates>107.9035021,-7.1887054,0 107.9035450,-7.1887066,0 107.9035617,-7.1886997,0 107.9035879,-7.1886855,0 107.9036201,-7.1886571,0 107.9036308,-7.1886453,0 107.9036566,-7.1886146,0 107.9036738,-7.1885876,0 107.9036846,-7.1885720,0 107.9037020,-7.1885294,0 107.9037090,-7.1884868,0 107.9037088,-7.1884442,0 107.9037037,-7.1884017,0 107.9036974,-7.1883591,0 107.9036922,-7.1883165,0 107.9036907,-7.1882739,0 107.9036932,-7.1882314,0 107.9037000,-7.1881888,0 107.9037122,-7.1881462,0 107.9037167,-7.1881416,0 107.9037526,-7.1881036,0 107.9037596,-7.1880974,0 107.9038025,-7.1880676,0 107.9038199,-7.1880610,0 107.9038454,-7.1880542,0 107.9038883,-7.1880564,0 107.9038992,-7.1880610,0 107.9039312,-7.1880816,0 107.9039525,-7.1881036,0 107.9039742,-7.1881215,0 107.9040028,-7.1881462,0 107.9040171,-7.1881657,0 107.9040359,-7.1881888,0 107.9040600,-7.1882164,0 107.9040743,-7.1882314,0 107.9041029,-7.1882581,0 107.9041210,-7.1882739,0 107.9041458,-7.1882957,0 107.9041702,-7.1883165,0 107.9041887,-7.1883360,0 107.9042091,-7.1883591,0 107.9042280,-7.1884017,0 107.9042317,-7.1884348,0 107.9042327,-7.1884442,0 107.9042317,-7.1884549,0 107.9042284,-7.1884868,0 107.9042184,-7.1885294,0 107.9042042,-7.1885720,0 107.9041905,-7.1886146,0 107.9041887,-7.1886358,0 107.9041875,-7.1886571,0 107.9041887,-7.1886614,0 107.9042091,-7.1886997,0 107.9042317,-7.1887167,0 107.9042746,-7.1887224,0 107.9043175,-7.1887135,0 107.9043604,-7.1887060,0 107.9044033,-7.1887267,0 107.9044136,-7.1887423,0 107.9044116,-7.1887849,0 107.9044033,-7.1888124,0 107.9043985,-7.1888274,0 107.9043879,-7.1888700,0 107.9043834,-7.1889126,0 107.9043825,-7.1889552,0 107.9043849,-7.1889978,0 107.9043898,-7.1890403,0 107.9043926,-7.1890829,0 107.9043918,-7.1891255,0 107.9043895,-7.1891681,0 107.9043899,-7.1892106,0 107.9043935,-7.1892532,0 107.9043987,-7.1892958,0 107.9043991,-7.1893384,0 107.9043936,-7.1893810,0 107.9043801,-7.1894235,0 107.9043670,-7.1894661,0 107.9043629,-7.1895087,0 107.9043795,-7.1895513,0 107.9044033,-7.1895682,0 107.9044462,-7.1895760,0 107.9044891,-7.1895726,0 107.9045321,-7.1895632,0 107.9045750,-7.1895611,0 107.9046179,-7.1895711,0 107.9046608,-7.1895775,0 107.9047037,-7.1895729,0 107.9047414,-7.1895513,0 107.9047466,-7.1895442,0 107.9047635,-7.1895087,0 107.9047830,-7.1894661,0 107.9047896,-7.1894567,0 107.9048325,-7.1894279,0 107.9048411,-7.1894235,0 107.9048754,-7.1894065,0 107.9049144,-7.1893810,0 107.9049183,-7.1893767,0 107.9049435,-7.1893384,0 107.9049612,-7.1893095,0 107.9049722,-7.1892958,0 107.9050041,-7.1892674,0 107.9050284,-7.1892532,0 107.9050470,-7.1892414,0 107.9050819,-7.1892106,0 107.9050900,-7.1891985,0 107.9051049,-7.1891681,0 107.9051329,-7.1891270,0 107.9051342,-7.1891255,0 107.9051758,-7.1890948,0 107.9052003,-7.1890829,0 107.9052187,-7.1890713,0 107.9052499,-7.1890403,0 107.9052560,-7.1889978,0 107.9052187,-7.1889572,0 107.9051758,-7.1889640,0 107.9051329,-7.1889818,0 107.9051043,-7.1889978,0 107.9050900,-7.1890233,0 107.9050792,-7.1890403,0 107.9050470,-7.1890768,0 107.9050428,-7.1890829,0 107.9050041,-7.1891124,0 107.9049955,-7.1891255,0 107.9049612,-7.1891681,0 107.9049612,-7.1891681,0 107.9049231,-7.1892106,0 107.9049183,-7.1892147,0 107.9048754,-7.1892296,0 107.9048325,-7.1892329,0 107.9047896,-7.1892336,0 107.9047466,-7.1892319,0 107.9047180,-7.1892532,0 107.9047381,-7.1892958,0 107.9047438,-7.1893384,0 107.9047352,-7.1893810,0 107.9047037,-7.1894070,0 107.9046608,-7.1894212,0 107.9046393,-7.1894235,0 107.9046179,-7.1894258,0 107.9046072,-7.1894235,0 107.9045750,-7.1894093,0 107.9045566,-7.1893810,0 107.9045552,-7.1893384,0 107.9045711,-7.1892958,0 107.9045750,-7.1892745,0 107.9045857,-7.1892532,0 107.9045750,-7.1892461,0 107.9045482,-7.1892106,0 107.9045321,-7.1892015,0 107.9044983,-7.1891681,0 107.9044891,-7.1891498,0 107.9044748,-7.1891255,0 107.9044891,-7.1890829,0 107.9044891,-7.1890829,0 107.9045321,-7.1890630,0 107.9045750,-7.1890525,0 107.9046179,-7.1890472,0 107.9046608,-7.1890482,0 107.9047037,-7.1890514,0 107.9047466,-7.1890563,0 107.9047896,-7.1890582,0 107.9048325,-7.1890576,0 107.9048754,-7.1890559,0 107.9049183,-7.1890533,0 107.9049612,-7.1890461,0 107.9049796,-7.1890403,0 107.9050041,-7.1890345,0 107.9050470,-7.1890148,0 107.9050716,-7.1889978,0 107.9050801,-7.1889552,0 107.9050808,-7.1889126,0 107.9050776,-7.1888700,0 107.9050653,-7.1888274,0 107.9050470,-7.1887961,0 107.9050433,-7.1887849,0 107.9050370,-7.1887423,0 107.9050470,-7.1887219,0 107.9050900,-7.1887259,0 107.9050987,-7.1887423,0 107.9051186,-7.1887849,0 107.9051329,-7.1888026,0 107.9051536,-7.1888274,0 107.9051758,-7.1888468,0 107.9052187,-7.1888692,0 107.9052216,-7.1888700,0 107.9052616,-7.1888913,0 107.9053045,-7.1888898,0 107.9053475,-7.1888850,0 107.9053904,-7.1888811,0 107.9054333,-7.1888797,0 107.9054762,-7.1888807,0 107.9055191,-7.1888821,0 107.9055620,-7.1888818,0 107.9056049,-7.1888784,0 107.9056479,-7.1888718,0 107.9056663,-7.1888700,0 107.9056908,-7.1888676,0 107.9057153,-7.1888700,0 107.9057337,-7.1888716,0 107.9057766,-7.1888852,0 107.9058195,-7.1889073,0 107.9058273,-7.1889126,0 107.9058624,-7.1889349,0 107.9058878,-7.1889552,0 107.9059054,-7.1889737,0 107.9059224,-7.1889978,0 107.9059345,-7.1890403,0 107.9059246,-7.1890829,0 107.9059054,-7.1891097,0 107.9058885,-7.1891255,0 107.9058624,-7.1891446,0 107.9058231,-7.1891681,0 107.9058195,-7.1891708,0 107.9057766,-7.1892053,0 107.9057712,-7.1892106,0 107.9057520,-7.1892532,0 107.9057497,-7.1892958,0 107.9057586,-7.1893384,0 107.9057623,-7.1893810,0 107.9057337,-7.1893962,0 107.9056908,-7.1893872,0 107.9056479,-7.1893810,0 107.9056479,-7.1893810,0 107.9056479,-7.1893810,0 107.9056049,-7.1893874,0 107.9055620,-7.1894132,0 107.9055529,-7.1894235,0 107.9055191,-7.1894634,0 107.9055172,-7.1894661,0 107.9054825,-7.1895087,0 107.9054762,-7.1895146,0 107.9054358,-7.1895513,0 107.9054333,-7.1895530,0 107.9053904,-7.1895808,0 107.9053707,-7.1895938,0 107.9053475,-7.1896068,0 107.9053045,-7.1896302,0 107.9052922,-7.1896364,0 107.9052616,-7.1896512,0 107.9052187,-7.1896690,0 107.9051926,-7.1896790,0 107.9051758,-7.1896867,0 107.9051329,-7.1897067,0 107.9051007,-7.1897216,0 107.9050900,-7.1897287,0 107.9050470,-7.1897391,0 107.9050041,-7.1897336,0 107.9049612,-7.1897272,0 107.9049183,-7.1897298,0 107.9048754,-7.1897498,0 107.9048599,-7.1897642,0 107.9048325,-7.1897900,0 107.9048183,-7.1898067,0 107.9047896,-7.1898372,0 107.9047786,-7.1898493,0 107.9047466,-7.1898859,0 107.9047414,-7.1898919,0 107.9047078,-7.1899345,0 107.9047037,-7.1899391,0 107.9046608,-7.1899697,0 107.9046387,-7.1899770,0 107.9046179,-7.1899823,0 107.9045750,-7.1899864,0 107.9045321,-7.1899854,0 107.9044891,-7.1899789,0 107.9044825,-7.1899770,0 107.9044462,-7.1899614,0 107.9044160,-7.1899345,0 107.9044033,-7.1899216,0 107.9043604,-7.1898919,0 107.9043604,-7.1898919,0 107.9043175,-7.1898888,0 107.9043032,-7.1898919,0 107.9042839,-7.1899345,0 107.9043011,-7.1899770,0 107.9043175,-7.1899912,0 107.9043449,-7.1900196,0 107.9043604,-7.1900328,0 107.9043787,-7.1900622,0 107.9043941,-7.1901048,0 107.9044033,-7.1901438,0 107.9044039,-7.1901474,0 107.9044077,-7.1901899,0 107.9044033,-7.1902183,0 107.9043975,-7.1902325,0 107.9043604,-7.1902550,0 107.9043175,-7.1902567,0 107.9042746,-7.1902515,0 107.9042317,-7.1902451,0 107.9041887,-7.1902408,0 107.9041458,-7.1902396,0 107.9041287,-7.1902325,0 107.9041458,-7.1902275,0 107.9041726,-7.1901899,0 107.9041887,-7.1901626,0 107.9041947,-7.1901474,0 107.9042107,-7.1901048,0 107.9042184,-7.1900622,0 107.9042200,-7.1900196,0 107.9042188,-7.1899770,0 107.9042178,-7.1899345,0 107.9042249,-7.1898919,0 107.9042317,-7.1898682,0 107.9042391,-7.1898493,0 107.9042388,-7.1898067,0 107.9042317,-7.1897642,0 107.9042317,-7.1897642,0 107.9041957,-7.1897216,0 107.9041887,-7.1897180,0 107.9041458,-7.1897130,0 107.9041029,-7.1897179,0 107.9040886,-7.1897216,0 107.9040600,-7.1897294,0 107.9040171,-7.1897403,0 107.9039742,-7.1897479,0 107.9039312,-7.1897498,0 107.9038883,-7.1897419,0 107.9038533,-7.1897216,0 107.9038454,-7.1897167,0 107.9038074,-7.1896790,0 107.9038025,-7.1896737,0 107.9037714,-7.1896364,0 107.9037596,-7.1896214,0 107.9037334,-7.1895938,0 107.9037167,-7.1895758,0 107.9036738,-7.1895519,0 107.9036695,-7.1895513,0 107.9036308,-7.1895457,0 107.9035879,-7.1895500,0 107.9035818,-7.1895513,0 107.9035450,-7.1895588,0 107.9035021,-7.1895665,0</coordinates></LineString></Placemark>
<Placemark><name>708 m</name><styleUrl>#k</styleUrl><LineString><tessellate>1</tessellate><coordinates>107.9035021,-7.1900936,0 107.9035450,-7.1900652,0 107.9035549,-7.1900622,0 107.9035879,-7.1900526,0 107.9036308,-7.1900522,0 107.9036700,-7.1900622,0 107.9036738,-7.1900632,0 107.9037167,-7.1900876,0 107.9037351,-7.1901048,0 107.9037596,-7.1901297,0 107.9037739,-7.1901474,0 107.9038025,-7.1901842,0 107.9038076,-7.1901899,0 107.9038454,-7.1902296,0 107.9038504,-7.1902325,0 107.9038883,-7.1902527,0 107.9039312,-7.1902597,0 107.9039742,-7.1902583,0 107.9040171,-7.1902527,0 107.9040600,-7.1902463,0 107.9041029,-7.1902432,0 107.9041232,-7.1902751,0 107.9041029,-7.1903006,0 107.9040966,-7.1903177,0 107.9040743,-7.1903602,0 107.9040600,-7.1903844,0 107.9040511,-7.1904028,0 107.9040242,-7.1904454,0 107.9040171,-7.1904549,0 107.9039966,-7.1904880,0 107.9039742,-7.1905298,0 107.9039738,-7.1905306,0 107.9039582,-7.1905731,0 107.9039494,-7.1906157,0 107.9039469,-7.1906583,0 107.9039505,-7.1907009,0 107.9039601,-7.1907434,0 107.9039715,-7.1907860,0 107.9039742,-7.1907974,0 107.9039797,-7.1908286,0 107.9039852,-7.1908712,0 107.9039898,-7.1909138,0 107.9039945,-7.1909563,0 107.9040017,-7.1909989,0 107.9040141,-7.1910415,0 107.9040171,-7.1910480,0 107.9040332,-7.1910841,0 107.9040600,-7.1911263,0 107.9040602,-7.1911266,0 107.9040923,-7.1911692,0 107.9041029,-7.1911805,0 107.9041345,-7.1912118,0 107.9041458,-7.1912213,0 107.9041887,-7.1912531,0 107.9041906,-7.1912544,0 107.9042317,-7.1912810,0 107.9042591,-7.1912970,0 107.9042746,-7.1913061,0 107.9043175,-7.1913306,0 107.9043323,-7.1913395,0 107.9043604,-7.1913576,0 107.9043920,-7.1913821,0 107.9044033,-7.1913924,0 107.9044318,-7.1914247,0 107.9044462,-7.1914436,0 107.9044637,-7.1914673,0 107.9044891,-7.1914993,0 107.9044993,-7.1915098,0</coordinates></LineString></Placemark>
<Placemark><name>708 m</name><styleUrl>#k</styleUrl><LineString><tessellate>1</tessellate><coordinates>107.9049532,-7.1915098,0 107.9049612,-7.1914815,0 107.9049654,-7.1914673,0 107.9049788,-7.1914247,0 107.9049944,-7.1913821,0 107.9050041,-7.1913589,0 107.9050159,-7.1913395,0 107.9050452,-7.1912970,0 107.9050470,-7.1912944,0 107.9050900,-7.1912612,0 107.9051186,-7.1912544,0 107.9051329,-7.1912504,0 107.9051635,-7.1912544,0 107.9051758,-7.1912558,0 107.9052187,-7.1912667,0 107.9052616,-7.1912702,0 107.9053045,-7.1912657,0 107.9053475,-7.1912624,0 107.9053904,-7.1912648,0 107.9054333,-7.1912778,0 107.9054673,-7.1912970,0 107.9054762,-7.1913030,0 107.9055191,-7.1913331,0 107.9055318,-7.1913395,0 107.9055620,-7.1913522,0 107.9056049,-7.1913590,0 107.9056479,-7.1913571,0 107.9056908,-7.1913515,0 107.9057337,-7.1913475,0 107.9057766,-7.1913517,0 107.9058195,-7.1913670,0 107.9058486,-7.1913821,0 107.9058624,-7.1913894,0 107.9059054,-7.1914171,0 107.9059151,-7.1914247,0 107.9059483,-7.1914540,0 107.9059599,-7.1914673,0 107.9059891,-7.1915098,0</coordinates></LineString></Placemark>
<Placemark><name>708 m</name><styleUrl>#k</styleUrl><LineString><tessellate>1</tessellate><coordinates>107.9085232,-7.1891961,0 107.9085661,-7.1891778,0 107.9086090,-7.1891853,0 107.9086519,-7.1892106,0 107.9086519,-7.1892106,0 107.9086783,-7.1892532,0 107.9086805,-7.1892958,0 107.9086728,-7.1893384,0 107.9086640,-7.1893810,0 107.9086560,-7.1894235,0 107.9086519,-7.1894406,0 107.9086458,-7.1894661,0 107.9086299,-7.1895087,0 107.9086090,-7.1895485,0 107.9086074,-7.1895513,0 107.9085711,-7.1895938,0 107.9085661,-7.1895987,0 107.9085247,-7.1896364,0 107.9085232,-7.1896377,0 107.9084803,-7.1896743,0 107.9084749,-7.1896790,0 107.9084374,-7.1897159,0 107.9084323,-7.1897216,0 107.9083950,-7.1897642,0 107.9083944,-7.1897647,0 107.9083545,-7.1898067,0 107.9083515,-7.1898097,0 107.9083086,-7.1898487,0 107.9083078,-7.1898493,0 107.9082657,-7.1898859,0 107.9082597,-7.1898919,0 107.9082274,-7.1899345,0 107.9082228,-7.1899426,0 107.9082050,-7.1899770,0 107.9081859,-7.1900196,0 107.9081799,-7.1900307,0 107.9081565,-7.1900622,0 107.9081369,-7.1900804,0 107.9080940,-7.1900991,0 107.9080511,-7.1901023,0 107.9080082,-7.1900918,0 107.9079653,-7.1900693,0 107.9079550,-7.1900622,0 107.9079224,-7.1900303,0 107.9079142,-7.1900196,0 107.9078950,-7.1899770,0 107.9078861,-7.1899345,0 107.9078836,-7.1898919,0 107.9078870,-7.1898493,0 107.9079005,-7.1898067,0 107.9079224,-7.1897765,0 107.9079354,-7.1897642,0 107.9079653,-7.1897406,0 107.9079873,-7.1897216,0 107.9080082,-7.1896929,0 107.9080151,-7.1896790,0 107.9080282,-7.1896364,0 107.9080399,-7.1895938,0 107.9080511,-7.1895686,0 107.9080593,-7.1895513,0 107.9080940,-7.1895105,0 107.9080960,-7.1895087,0 107.9081369,-7.1894787,0 107.9081552,-7.1894661,0 107.9081799,-7.1894467,0 107.9082028,-7.1894235,0 107.9082228,-7.1893975,0 107.9082344,-7.1893810,0 107.9082657,-7.1893415,0 107.9082688,-7.1893384,0 107.9083086,-7.1893078,0 107.9083331,-7.1892958,0 107.9083515,-7.1892869,0 107.9083944,-7.1892706,0 107.9084374,-7.1892536,0 107.9084385,-7.1892532,0 107.9084803,-7.1892275,0 107.9085077,-7.1892106,0 107.9085232,-7.1891961,0</coordinates></LineString></Placemark>
<Placemark><name>710 m</name><styleUrl>#k</styleUrl><LineString><tessellate>1</tessellate><coordinates>107.9035021,-7.1826570,0 107.9035088,-7.1826536,0 107.9035450,-7.1826341,0 107.9035879,-7.1826156,0 107.9036032,-7.1826110,0 107.9036308,-7.1826024,0 107.9036738,-7.1825937,0 107.9037167,-7.1825874,0 107.9037596,-7.1825818,0 107.9038025,-7.1825783,0 107.9038454,-7.1825826,0 107.9038883,-7.1826087,0 107.9038904,-7.1826110,0 107.9038972,-7.1826536,0 107.9038883,-7.1826843,0 107.9038858,-7.1826962,0 107.9038755,-7.1827387,0 107.9038719,-7.1827813,0 107.9038743,-7.1828239,0 107.9038764,-7.1828665,0 107.9038745,-7.1829091,0 107.9038647,-7.1829516,0 107.9038457,-7.1829942,0 107.9038454,-7.1829948,0 107.9038230,-7.1830368,0 107.9038025,-7.1830753,0 107.9038003,-7.1830794,0 107.9037789,-7.1831220,0 107.9037596,-7.1831540,0 107.9037506,-7.1831645,0 107.9037167,-7.1831907,0 107.9036839,-7.1832071,0 107.9036738,-7.1832110,0 107.9036308,-7.1832261,0 107.9035879,-7.1832430,0 107.9035742,-7.1832497,0 107.9035450,-7.1832624,0 107.9035021,-7.1832847,0</coordinates></LineString></Placemark>
<Placemark><name>710 m</name><styleUrl>#k</styleUrl><LineString><tessellate>1</tessellate><coordinates>107.9035021,-7.1888790,0 107.9035450,-7.1888872,0 107.9035879,-7.1888904,0 107.9036308,-7.1888895,0 107.9036738,-7.1888871,0 107.9037167,-7.1888857,0 107.9037596,-7.1888902,0 107.9038025,-7.1888932,0 107.9038454,-7.1888905,0 107.9038883,-7.1888788,0 107.9039117,-7.1888700,0 107.9039312,-7.1888666,0 107.9039742,-7.1888615,0 107.9040171,-7.1888664,0 107.9040242,-7.1888700,0 107.9040600,-7.1889067,0 107.9040633,-7.1889126,0 107.9040652,-7.1889552,0 107.9040600,-7.1889807,0 107.9040536,-7.1889978,0 107.9040393,-7.1890403,0 107.9040452,-7.1890829,0 107.9040600,-7.1891184,0 107.9040616,-7.1891255,0 107.9040661,-7.1891681,0 107.9040600,-7.1891943,0 107.9040523,-7.1892106,0 107.9040171,-7.1892298,0 107.9039742,-7.1892347,0 107.9039312,-7.1892303,0 107.9038883,-7.1892219,0 107.9038454,-7.1892153,0 107.9038025,-7.1892136,0 107.9037596,-7.1892149,0 107.9037167,-7.1892175,0 107.9036738,-7.1892192,0 107.9036308,-7.1892192,0 107.9035879,-7.1892192,0 107.9035450,-7.1892182,0 107.9035021,-7.1892182,0</coordinates></LineString></Placemark>
<Placemark><name>710 m</name><styleUrl>#k</styleUrl><LineString><tessellate>1</tessellate><coordinates>107.9035021,-7.1891042,0 107.9035450,-7.1890829,0 107.9035450,-7.1890829,0 107.9035450,-7.1890829,0 107.9035021,-7.1890488,0</coordinates></LineString></Placemark>
<Placemark><name>710 m</name><styleUrl>#k</styleUrl><LineString><tessellate>1</tessellate><coordinates>107.9035021,-7.1905851,0 107.9035450,-7.1905878,0 107.9035879,-7.1905860,0 107.9036308,-7.1905836,0 107.9036738,-7.1905839,0 107.9037167,-7.1905933,0 107.9037466,-7.1906157,0 107.9037596,-7.1906338,0 107.9037686,-7.1906583,0 107.9037791,-7.1907009,0 107.9037883,-7.1907434,0 107.9038015,-7.1907860,0 107.9038025,-7.1907883,0 107.9038208,-7.1908286,0 107.9038454,-7.1908694,0 107.9038464,-7.1908712,0 107.9038647,-7.1909138,0 107.9038722,-7.1909563,0 107.9038701,-7.1909989,0 107.9038653,-7.1910415,0 107.9038662,-7.1910841,0 107.9038852,-7.1911266,0 107.9038883,-7.1911300,0 107.9039250,-7.1911692,0 107.9039312,-7.1911744,0 107.9039727,-7.1912118,0 107.9039742,-7.1912130,0 107.9040171,-7.1912503,0 107.9040217,-7.1912544,0 107.9040600,-7.1912825,0 107.9040806,-7.1912970,0 107.9041029,-7.1913107,0 107.9041458,-7.1913375,0 107.9041491,-7.1913395,0 107.9041887,-7.1913646,0 107.9042176,-7.1913821,0 107.9042317,-7.1913907,0 107.9042746,-7.1914158,0 107.9042888,-7.1914247,0 107.9043175,-7.1914453,0 107.9043418,-7.1914673,0 107.9043604,-7.1914881,0 107.9043768,-7.1915098,0</coordinates></LineString></Placemark>
<Placemark><name>710 m</name><styleUrl>#k</styleUrl><LineString><tessellate>1</tessellate><coordinates>107.9035296,-7.1915098,0 107.9035327,-7.1914673,0 107.9035021,-7.1914259,0</coordinates></LineString></Placemark>
<Placemark><name>710 m</name><styleUrl>#k</styleUrl><LineString><tessellate>1</tessellate><coordinates>107.9037167,-7.1890332,0 107.9037024,-7.1890403,0 107.9037167,-7.1890510,0 107.9037596,-7.1890829,0 107.9037596,-7.1890829,0 107.9038025,-7.1890868,0 107.9038240,-7.1890829,0 107.9038454,-7.1890723,0 107.9038638,-7.1890403,0 107.9038454,-7.1890244,0 107.9038025,-7.1890084,0 107.9037596,-7.1890119,0 107.9037167,-7.1890332,0</coordinates></LineString></Placemark>
<Placemark><name>712 m</name><styleUrl>#k</styleUrl><LineString><tessellate>1</tessellate><coordinates>107.9035021,-7.1827729,0 107.9035450,-7.1827539,0 107.9035854,-7.1827387,0 107.9035879,-7.1827379,0 107.9036308,-7.1827324,0 107.9036700,-7.1827387,0 107.9036738,-7.1827399,0 107.9037082,-7.1827813,0 107.9037167,-7.1828162,0 107.9037179,-7.1828239,0 107.9037167,-7.1828580,0 107.9037163,-7.1828665,0 107.9037056,-7.1829091,0 107.9036893,-7.1829516,0 107.9036738,-7.1829828,0 107.9036667,-7.1829942,0 107.9036314,-7.1830368,0 107.9036308,-7.1830373,0 107.9035879,-7.1830666,0 107.9035661,-7.1830794,0 107.9035450,-7.1830903,0 107.9035021,-7.1831187,0</coordinates></LineString></Placemark>
<Placemark><name>712 m</name><styleUrl>#k</styleUrl><LineString><tessellate>1</tessellate><coordinates>107.9039613,-7.1915098,0 107.9039742,-7.1914934,0 107.9039988,-7.1914673,0 107.9040171,-7.1914516,0 107.9040600,-7.1914411,0 107.9041029,-7.1914509,0 107.9041420,-7.1914673,0 107.9041458,-7.1914689,0 107.9041887,-7.1914922,0 107.9042180,-7.1915098,0</coordinates></LineString></Placemark>
</Document></kml>