hamparan,x_m,y_m,lon,lat,elev_m,lereng_deg,lereng_persen,arah_hadap_deg,akumulasi_sel,tangkapan_ha
H3,-184.36,636.44,107.9098965,-7.1804395,698.17,1.51,2.6,272.4,25,0.056
H3,-179.62,636.44,107.9099394,-7.1804395,698.42,1.75,3.0,270.6,26,0.058
H3,-174.88,636.44,107.9099823,-7.1804395,698.67,1.85,3.2,268.6,27,0.061
H3,-170.14,636.44,107.9100252,-7.1804395,698.92,1.83,3.2,265.0,947,2.127
H3,-165.4,636.44,107.9100681,-7.1804395,699.1,1.7,3.0,258.7,20,0.045
H3,-160.66,636.44,107.9101111,-7.1804395,699.25,1.53,2.7,248.5,7,0.016
H3,-155.92,636.44,107.910154,-7.1804395,699.39,1.37,2.4,233.6,3,0.007
H3,-151.18,636.44,107.9101969,-7.1804395,699.54,1.29,2.2,214.5,1,0.002
H3,-146.44,636.44,107.9102398,-7.1804395,699.59,1.31,2.3,193.2,2,0.004
H3,-141.7,636.44,107.9102827,-7.1804395,699.59,1.44,2.5,172.5,12,0.027
H3,-136.96,636.44,107.9103256,-7.1804395,699.59,1.69,3.0,154.6,1,0.002
H3,-184.36,631.73,107.9098965,-7.1804821,698.17,1.55,2.7,291.4,24,0.054
H3,-179.62,631.73,107.9099394,-7.1804821,698.42,1.74,3.0,286.3,25,0.056
H3,-174.88,631.73,107.9099823,-7.1804821,698.67,1.77,3.1,282.2,26,0.058
H3,-170.14,631.73,107.9100252,-7.1804821,698.92,1.65,2.9,277.1,27,0.061
H3,-165.4,631.73,107.9100681,-7.1804821,699.06,1.43,2.5,268.8,995,2.235
H3,-160.66,631.73,107.9101111,-7.1804821,699.14,1.19,2.1,254.5,10,0.022
H3,-155.92,631.73,107.910154,-7.1804821,699.23,1.03,1.8,232.9,2,0.004
H3,-151.18,631.73,107.9101969,-7.1804821,699.32,1.03,1.8,207.6,1,0.002
H3,-146.44,631.73,107.9102398,-7.1804821,699.34,1.16,2.0,184.8,3,0.007
H3,-141.7,631.73,107.9102827,-7.1804821,699.34,1.38,2.4,166.1,13,0.029
H3,-136.96,631.73,107.9103256,-7.1804821,699.34,1.66,2.9,150.9,1,0.002
H3,-132.22,631.73,107.9103685,-7.1804821,699.34,2.01,3.5,138.7,2,0.004
H3,-127.48,631.73,107.9104115,-7.1804821,699.18,2.4,4.2,129.5,3,0.007
H3,-184.36,627.02,107.9098965,-7.1805247,698.17,1.73,3.0,307.9,38,0.085
H3,-179.62,627.02,107.9099394,-7.1805247,698.42,1.83,3.2,301.6,39,0.088
H3,-174.88,627.02,107.9099823,-7.1805247,698.67,1.76,3.1,297.2,40,0.09
H3,-170.14,627.02,107.9100252,-7.1805247,698.92,1.53,2.7,292.7,41,0.092
H3,-165.4,627.02,107.9100681,-7.1805247,699.02,1.19,2.1,285.2,42,0.094
H3,-160.66,627.02,107.9101111,-7.1805247,699.04,0.83,1.4,269.0,1048,2.354
H3,-155.92,627.02,107.910154,-7.1805247,699.06,0.62,1.1,235.1,2,0.004
H3,-151.18,627.02,107.9101969,-7.1805247,699.09,0.7,1.2,196.2,1,0.002
H3,-146.44,627.02,107.9102398,-7.1805247,699.09,0.94,1.6,172.3,4,0.009
H3,-141.7,627.02,107.9102827,-7.1805247,699.09,1.22,2.1,156.7,1,0.002
H3,-136.96,627.02,107.9103256,-7.1805247,699.09,1.54,2.7,144.2,14,0.031
H3,-132.22,627.02,107.9103685,-7.1805247,699.09,1.89,3.3,133.8,2,0.004
H3,-127.48,627.02,107.9104115,-7.1805247,698.93,2.27,4.0,125.6,3,0.007
H3,-122.74,627.02,107.9104544,-7.1805247,698.68,2.64,4.6,119.4,4,0.009
H3,-189.1,622.31,107.9098536,-7.1805672,698.15,1.85,3.2,329.9,69,0.155
H3,-184.36,622.31,107.9098965,-7.1805672,698.32,1.96,3.4,320.0,70,0.157
H3,-179.62,622.31,107.9099394,-7.1805672,698.57,1.97,3.4,314.2,71,0.16
H3,-174.88,622.31,107.9099823,-7.1805672,698.82,1.81,3.2,311.1,72,0.162
H3,-170.14,622.31,107.9100252,-7.1805672,699.07,1.49,2.6,309.5,73,0.164
H3,-165.4,622.31,107.9100681,-7.1805672,699.13,1.05,1.8,307.8,74,0.166
H3,-160.66,622.31,107.9101111,-7.1805672,699.09,0.57,1.0,301.6,176,0.395
H3,-155.92,622.31,107.910154,-7.1805672,699.05,0.18,0.3,252.4,1227,2.757
H3,-151.18,622.31,107.9101969,-7.1805672,699.01,0.39,0.7,165.0,1,0.002
H3,-146.44,622.31,107.9102398,-7.1805672,699.0,0.73,1.3,150.8,2,0.004
H3,-141.7,622.31,107.9102827,-7.1805672,699.0,1.05,1.8,142.2,5,0.011
H3,-136.96,622.31,107.9103256,-7.1805672,699.0,1.38,2.4,133.8,2,0.004
H3,-132.22,622.31,107.9103685,-7.1805672,699.0,1.74,3.0,125.9,15,0.034
H3,-127.48,622.31,107.9104115,-7.1805672,698.84,2.11,3.7,119.3,3,0.007
H3,-122.74,622.31,107.9104544,-7.1805672,698.59,2.46,4.3,114.1,7,0.016
H3,-118.0,622.31,107.9104973,-7.1805672,698.34,2.73,4.8,110.0,12,0.027
H3,-113.26,622.31,107.9105402,-7.1805672,698.09,2.88,5.0,106.5,13,0.029
H3,-108.52,622.31,107.9105831,-7.1805672,697.84,2.88,5.0,103.1,14,0.031
H3,-193.84,617.6,107.9098106,-7.1806098,698.4,2.06,3.6,348.7,12,0.027
H3,-189.1,617.6,107.9098536,-7.1806098,698.4,2.12,3.7,336.7,13,0.029
H3,-184.36,617.6,107.9098965,-7.1806098,698.57,2.16,3.8,328.2,14,0.031
H3,-179.62,617.6,107.9099394,-7.1806098,698.82,2.09,3.7,323.5,15,0.034
H3,-174.88,617.6,107.9099823,-7.1806098,699.07,1.86,3.2,322.3,16,0.036
H3,-170.14,617.6,107.9100252,-7.1806098,699.32,1.48,2.6,324.5,95,0.213
H3,-165.4,617.6,107.9100681,-7.1806098,699.34,1.02,1.8,330.9,99,0.222
H3,-160.66,617.6,107.9101111,-7.1806098,699.23,0.56,1.0,346.3,2,0.004
H3,-155.92,617.6,107.910154,-7.1806098,699.13,0.26,0.5,38.9,1,0.002
H3,-151.18,617.6,107.9101969,-7.1806098,699.04,0.4,0.7,104.8,1229,2.761
H3,-146.44,617.6,107.9102398,-7.1806098,699.0,0.68,1.2,121.3,2,0.004
H3,-141.7,617.6,107.9102827,-7.1806098,699.0,0.97,1.7,123.8,3,0.007
H3,-136.96,617.6,107.9103256,-7.1806098,699.0,1.27,2.2,121.0,6,0.013
H3,-132.22,617.6,107.9103685,-7.1806098,699.0,1.61,2.8,116.3,3,0.007
H3,-127.48,617.6,107.9104115,-7.1806098,698.84,1.97,3.4,111.5,19,0.043
H3,-122.74,617.6,107.9104544,-7.1806098,698.59,2.3,4.0,107.5,20,0.045
H3,-118.0,617.6,107.9104973,-7.1806098,698.34,2.55,4.5,104.1,21,0.047
H3,-113.26,617.6,107.9105402,-7.1806098,698.09,2.67,4.7,100.9,22,0.049
H3,-108.52,617.6,107.9105831,-7.1806098,697.84,2.64,4.6,97.5,23,0.052
H3,-193.84,612.89,107.9098106,-7.1806524,698.65,2.25,3.9,351.3,17,0.038
H3,-189.1,612.89,107.9098536,-7.1806524,698.65,2.27,4.0,341.0,18,0.04
H3,-184.36,612.89,107.9098965,-7.1806524,698.82,2.25,3.9,333.8,19,0.043
H3,-179.62,612.89,107.9099394,-7.1806524,699.07,2.12,3.7,330.3,72,0.162
H3,-174.88,612.89,107.9099823,-7.1806524,699.32,1.83,3.2,331.0,74,0.166
H3,-170.14,612.89,107.9100252,-7.1806524,699.57,1.44,2.5,336.8,4,0.009
H3,-165.4,612.89,107.9100681,-7.1806524,699.54,1.02,1.8,350.5,3,0.007
H3,-160.66,612.89,107.9101111,-7.1806524,699.38,0.71,1.2,16.6,1,0.002
H3,-155.92,612.89,107.910154,-7.1806524,699.22,0.6,1.1,53.0,2,0.004
H3,-151.18,612.89,107.9101969,-7.1806524,699.05,0.67,1.2,82.8,3,0.007
H3,-146.44,612.89,107.9102398,-7.1806524,699.0,0.8,1.4,100.1,1233,2.77
H3,-141.7,612.89,107.9102827,-7.1806524,699.0,0.99,1.7,107.9,1236,2.777
H3,-136.96,612.89,107.9103256,-7.1806524,699.0,1.24,2.2,109.2,1240,2.786
H3,-132.22,612.89,107.9103685,-7.1806524,699.0,1.55,2.7,107.2,1247,2.801
H3,-127.48,612.89,107.9104115,-7.1806524,698.84,1.88,3.3,104.2,1248,2.804
H3,-122.74,612.89,107.9104544,-7.1806524,698.59,2.19,3.8,101.2,1249,2.806
H3,-118.0,612.89,107.9104973,-7.1806524,698.34,2.4,4.2,98.3,1250,2.808
H3,-113.26,612.89,107.9105402,-7.1806524,698.09,2.5,4.4,95.1,1251,2.81
H3,-108.52,612.89,107.9105831,-7.1806524,697.84,2.45,4.3,91.4,1252,2.813
H3,-198.58,608.19,107.9097677,-7.180695,698.9,2.28,4.0,3.3,27,0.061
H3,-193.84,608.19,107.9098106,-7.180695,698.9,2.28,4.0,352.7,34,0.076
H3,-189.1,608.19,107.9098536,-7.180695,698.9,2.26,4.0,343.8,39,0.088
H3,-184.36,608.19,107.9098965,-7.180695,699.07,2.19,3.8,337.8,47,0.106
H3,-179.62,608.19,107.9099394,-7.180695,699.32,2.0,3.5,335.5,5,0.011
H3,-174.88,608.19,107.9099823,-7.180695,699.57,1.68,2.9,338.3,1,0.002
H3,-170.14,608.19,107.9100252,-7.180695,699.82,1.3,2.3,348.2,3,0.007
H3,-165.4,608.19,107.9100681,-7.180695,699.75,0.98,1.7,8.6,2,0.004
H3,-160.66,608.19,107.9101111,-7.180695,699.53,0.84,1.5,37.5,1,0.002
H3,-155.92,608.19,107.910154,-7.180695,699.3,0.85,1.5,62.9,1,0.002
H3,-151.18,608.19,107.9101969,-7.180695,699.07,0.91,1.6,80.4,2,0.004
H3,-146.44,608.19,107.9102398,-7.180695,699.0,0.97,1.7,92.2,3,0.007
H3,-141.7,608.19,107.9102827,-7.180695,699.0,1.08,1.9,99.3,4,0.009
H3,-136.96,608.19,107.9103256,-7.180695,699.0,1.27,2.2,101.9,5,0.011
H3,-132.22,608.19,107.9103685,-7.180695,699.0,1.53,2.7,101.3,6,0.013
H3,-127.48,608.19,107.9104115,-7.180695,698.84,1.83,3.2,99.2,7,0.016
H3,-122.74,608.19,107.9104544,-7.180695,698.59,2.09,3.7,96.7,8,0.018
H3,-118.0,608.19,107.9104973,-7.180695,698.34,2.28,4.0,93.7,9,0.02
H3,-113.26,608.19,107.9105402,-7.180695,698.09,2.34,4.1,90.2,10,0.022
H3,-108.52,608.19,107.9105831,-7.180695,697.84,2.27,4.0,85.6,11,0.025
H3,-198.58,603.48,107.9097677,-7.1807376,699.15,2.11,3.7,3.0,4,0.009
H3,-193.84,603.48,107.9098106,-7.1807376,699.15,2.12,3.7,353.5,6,0.013
H3,-189.1,603.48,107.9098536,-7.1807376,699.15,2.08,3.6,345.8,4,0.009
H3,-184.36,603.48,107.9098965,-7.1807376,699.3,1.96,3.4,341.0,7,0.016
H3,-179.62,603.48,107.9099394,-7.1807376,699.51,1.73,3.0,340.3,3,0.007
H3,-174.88,603.48,107.9099823,-7.1807376,699.72,1.39,2.4,345.8,1,0.002
H3,-170.14,603.48,107.9100252,-7.1807376,699.93,1.06,1.9,1.6,2,0.004
H3,-165.4,603.48,107.9100681,-7.1807376,699.83,0.89,1.6,29.4,1,0.002
H3,-160.66,603.48,107.9101111,-7.1807376,699.58,0.93,1.6,56.5,2,0.004
H3,-155.92,603.48,107.910154,-7.1807376,699.33,1.04,1.8,73.9,3,0.007
H3,-151.18,603.48,107.9101969,-7.1807376,699.08,1.09,1.9,84.8,4,0.009
H3,-146.44,603.48,107.9102398,-7.1807376,699.0,1.12,2.0,92.6,5,0.011
H3,-141.7,603.48,107.9102827,-7.1807376,699.0,1.18,2.1,97.8,6,0.013
H3,-136.96,603.48,107.9103256,-7.1807376,699.0,1.31,2.3,100.0,7,0.016
H3,-132.22,603.48,107.9103685,-7.1807376,699.0,1.53,2.7,99.5,8,0.018
H3,-127.48,603.48,107.9104115,-7.1807376,698.84,1.78,3.1,97.5,9,0.02
H3,-122.74,603.48,107.9104544,-7.1807376,698.59,2.01,3.5,94.8,10,0.022
H3,-118.0,603.48,107.9104973,-7.1807376,698.34,2.14,3.7,91.3,11,0.025
H3,-113.26,603.48,107.9105402,-7.1807376,698.09,2.17,3.8,86.8,12,0.027
H3,-198.58,598.77,107.9097677,-7.1807801,699.4,1.75,3.1,2.0,3,0.007
H3,-193.84,598.77,107.9098106,-7.1807801,699.4,1.78,3.1,353.5,5,0.011
H3,-189.1,598.77,107.9098536,-7.1807801,699.4,1.73,3.0,347.2,3,0.007
H3,-184.36,598.77,107.9098965,-7.1807801,699.5,1.58,2.8,344.1,3,0.007
H3,-179.62,598.77,107.9099394,-7.1807801,699.65,1.32,2.3,345.8,3,0.007
H3,-174.88,598.77,107.9099823,-7.1807801,699.8,1.01,1.8,356.6,2,0.004
H3,-170.14,598.77,107.9100252,-7.1807801,699.95,0.79,1.4,23.1,1,0.002
H3,-165.4,598.77,107.9100681,-7.1807801,699.83,0.84,1.5,55.8,1,0.002
H3,-160.66,598.77,107.9101111,-7.1807801,699.58,1.03,1.8,75.6,1,0.002
H3,-155.92,598.77,107.910154,-7.1807801,699.33,1.18,2.1,86.0,2,0.004
H3,-151.18,598.77,107.9101969,-7.1807801,699.08,1.23,2.2,92.5,3,0.007
H3,-146.44,598.77,107.9102398,-7.1807801,699.0,1.24,2.2,97.6,4,0.009
H3,-141.7,598.77,107.9102827,-7.1807801,699.0,1.27,2.2,101.2,5,0.011
H3,-136.96,598.77,107.9103256,-7.1807801,699.0,1.37,2.4,102.6,6,0.013
H3,-132.22,598.77,107.9103685,-7.1807801,699.0,1.54,2.7,101.7,7,0.016
H3,-127.48,598.77,107.9104115,-7.1807801,698.84,1.74,3.0,99.2,8,0.018
H3,-122.74,598.77,107.9104544,-7.1807801,698.59,1.9,3.3,95.7,9,0.02
H3,-118.0,598.77,107.9104973,-7.1807801,698.34,1.99,3.5,91.2,10,0.022
H3,-113.26,598.77,107.9105402,-7.1807801,698.09,1.96,3.4,85.4,11,0.025
H3,-198.58,594.06,107.9097677,-7.1808227,699.65,1.24,2.2,359.6,2,0.004
H3,-193.84,594.06,107.9098106,-7.1808227,699.65,1.29,2.3,352.1,4,0.009
H3,-189.1,594.06,107.9098536,-7.1808227,699.65,1.24,2.2,347.8,2,0.004
H3,-184.36,594.06,107.9098965,-7.1808227,699.71,1.08,1.9,347.7,2,0.004
H3,-179.62,594.06,107.9099394,-7.1808227,699.8,0.82,1.4,355.4,2,0.004
H3,-174.88,594.06,107.9099823,-7.1808227,699.88,0.59,1.0,21.1,1,0.002
H3,-170.14,594.06,107.9100252,-7.1808227,699.97,0.64,1.1,62.1,1,0.002
H3,-165.4,594.06,107.9100681,-7.1808227,699.83,0.91,1.6,84.7,2,0.004
H3,-160.66,594.06,107.9101111,-7.1808227,699.58,1.17,2.0,93.8,3,0.007
H3,-155.92,594.06,107.910154,-7.1808227,699.33,1.32,2.3,98.5,4,0.009
H3,-151.18,594.06,107.9101969,-7.1808227,699.08,1.36,2.4,101.9,5,0.011
H3,-146.44,594.06,107.9102398,-7.1808227,699.0,1.36,2.4,105.1,6,0.013
H3,-141.7,594.06,107.9102827,-7.1808227,699.0,1.37,2.4,107.6,7,0.016
H3,-136.96,594.06,107.9103256,-7.1808227,699.0,1.43,2.5,108.4,1,0.002
H3,-132.22,594.06,107.9103685,-7.1808227,699.0,1.56,2.7,106.9,2,0.004
H3,-127.48,594.06,107.9104115,-7.1808227,698.84,1.69,3.0,103.8,3,0.007
H3,-122.74,594.06,107.9104544,-7.1808227,698.59,1.79,3.1,99.4,4,0.009
H3,-118.0,594.06,107.9104973,-7.1808227,698.34,1.8,3.1,93.7,5,0.011
H3,-113.26,594.06,107.9105402,-7.1808227,698.09,1.72,3.0,86.1,6,0.013
H3,-203.32,589.35,107.9097248,-7.1808653,699.9,0.51,0.9,4.2,1,0.002
H3,-198.58,589.35,107.9097677,-7.1808653,699.9,0.65,1.1,351.1,1,0.002
H3,-193.84,589.35,107.9098106,-7.1808653,699.9,0.72,1.3,346.1,3,0.007
H3,-189.1,589.35,107.9098536,-7.1808653,699.9,0.67,1.2,346.5,1,0.002
H3,-184.36,589.35,107.9098965,-7.1808653,699.92,0.5,0.9,355.7,1,0.002
H3,-179.62,589.35,107.9099394,-7.1808653,699.94,0.34,0.6,31.6,1,0.002
H3,-174.88,589.35,107.9099823,-7.1808653,699.97,0.47,0.8,84.7,1,0.002
H3,-170.14,589.35,107.9100252,-7.1808653,699.99,0.8,1.4,102.9,1,0.002
H3,-165.4,589.35,107.9100681,-7.1808653,699.83,1.12,2.0,108.0,1,0.002
H3,-160.66,589.35,107.9101111,-7.1808653,699.58,1.36,2.4,109.6,1,0.002
H3,-155.92,589.35,107.910154,-7.1808653,699.33,1.47,2.6,110.5,1,0.002
H3,-151.18,589.35,107.9101969,-7.1808653,699.08,1.5,2.6,111.7,1,0.002
H3,-146.44,589.35,107.9102398,-7.1808653,699.0,1.48,2.6,113.5,1,0.002
H3,-141.7,589.35,107.9102827,-7.1808653,699.0,1.48,2.6,115.1,1,0.002
H3,-136.96,589.35,107.9103256,-7.1808653,699.0,1.52,2.7,115.4,8,0.018
H3,-132.22,589.35,107.9103685,-7.1808653,699.0,1.59,2.8,113.7,1,0.002
H3,-127.48,589.35,107.9104115,-7.1808653,698.84,1.65,2.9,110.2,1,0.002
H3,-122.74,589.35,107.9104544,-7.1808653,698.59,1.67,2.9,105.2,2,0.004
H3,-118.0,589.35,107.9104973,-7.1808653,698.34,1.59,2.8,98.4,3,0.007
H3,-113.26,589.35,107.9105402,-7.1808653,698.09,1.45,2.5,88.9,4,0.009
H3,-203.32,584.64,107.9097248,-7.1809079,699.88,0.16,0.3,230.8,1,0.002
H3,-198.58,584.64,107.9097677,-7.1809079,699.91,0.2,0.4,278.2,1,0.002
H3,-193.84,584.64,107.9098106,-7.1809079,699.95,0.2,0.4,295.0,1,0.002
H3,-189.1,584.64,107.9098536,-7.1809079,699.99,0.08,0.1,305.1,1,0.002
H3,-184.36,584.64,107.9098965,-7.1809079,699.97,0.16,0.3,121.7,1,0.002
H3,-179.62,584.64,107.9099394,-7.1809079,699.94,0.48,0.8,125.1,1,0.002
H3,-174.88,584.64,107.9099823,-7.1809079,699.9,0.84,1.5,125.7,1,0.002
H3,-170.14,584.64,107.9100252,-7.1809079,699.86,1.17,2.0,125.1,2,0.004
H3,-165.4,584.64,107.9100681,-7.1809079,699.71,1.42,2.5,123.8,2,0.004
H3,-160.66,584.64,107.9101111,-7.1809079,699.5,1.58,2.8,122.4,2,0.004
H3,-155.92,584.64,107.910154,-7.1809079,699.29,1.65,2.9,121.3,2,0.004
H3,-151.18,584.64,107.9101969,-7.1809079,699.07,1.65,2.9,121.1,2,0.004
H3,-146.44,584.64,107.9102398,-7.1809079,698.98,1.62,2.8,121.6,2,0.004
H3,-141.7,584.64,107.9102827,-7.1809079,698.94,1.61,2.8,122.3,2,0.004
H3,-136.96,584.64,107.9103256,-7.1809079,698.9,1.62,2.8,122.2,2,0.004
H3,-132.22,584.64,107.9103685,-7.1809079,698.86,1.64,2.9,120.6,9,0.02
H3,-127.48,584.64,107.9104115,-7.1809079,698.71,1.62,2.8,117.3,2,0.004
H3,-122.74,584.64,107.9104544,-7.1809079,698.5,1.54,2.7,112.2,1,0.002
H3,-118.0,584.64,107.9104973,-7.1809079,698.29,1.38,2.4,104.8,2,0.004
H3,-113.26,584.64,107.9105402,-7.1809079,698.07,1.16,2.0,93.6,3,0.007
H3,-203.32,579.93,107.9097248,-7.1809504,699.67,0.67,1.2,203.1,2,0.004
H3,-198.58,579.93,107.9097677,-7.1809504,699.77,0.59,1.0,208.9,1,0.002
H3,-193.84,579.93,107.9098106,-7.1809504,699.87,0.52,0.9,201.7,1,0.002
H3,-189.1,579.93,107.9098536,-7.1809504,699.97,0.52,0.9,178.8,1,0.002
H3,-184.36,579.93,107.9098965,-7.1809504,699.93,0.71,1.2,156.2,1,0.002
H3,-179.62,579.93,107.9099394,-7.1809504,699.83,1.0,1.8,144.6,2,0.004
H3,-174.88,579.93,107.9099823,-7.1809504,699.73,1.32,2.3,139.4,2,0.004
H3,-170.14,579.93,107.9100252,-7.1809504,699.63,1.57,2.7,136.6,2,0.004
H3,-165.4,579.93,107.9100681,-7.1809504,699.5,1.74,3.0,134.4,3,0.007
H3,-160.66,579.93,107.9101111,-7.1809504,699.35,1.82,3.2,132.5,3,0.007
H3,-155.92,579.93,107.910154,-7.1809504,699.2,1.83,3.2,130.8,3,0.007
H3,-151.18,579.93,107.9101969,-7.1809504,699.05,1.8,3.1,129.6,3,0.007
H3,-146.44,579.93,107.9102398,-7.1809504,698.93,1.77,3.1,129.0,3,0.007
H3,-141.7,579.93,107.9102827,-7.1809504,698.84,1.74,3.0,128.7,3,0.007
H3,-136.96,579.93,107.9103256,-7.1809504,698.73,1.71,3.0,128.2,3,0.007
H3,-132.22,579.93,107.9103685,-7.1809504,698.64,1.67,2.9,126.7,3,0.007
H3,-127.48,579.93,107.9104115,-7.1809504,698.5,1.57,2.7,124.0,10,0.022
H3,-122.74,579.93,107.9104544,-7.1809504,698.35,1.4,2.4,119.5,3,0.007
H3,-118.0,579.93,107.9104973,-7.1809504,698.2,1.16,2.0,112.2,4,0.009
H3,-113.26,579.93,107.9105402,-7.1809504,698.05,0.87,1.5,99.4,5,0.011
H3,-203.32,575.22,107.9097248,-7.180993,699.46,1.05,1.8,199.9,4,0.009
H3,-198.58,575.22,107.9097677,-7.180993,699.62,1.0,1.7,199.8,1,0.002
H3,-193.84,575.22,107.9098106,-7.180993,699.79,0.96,1.7,190.6,2,0.004
H3,-189.1,575.22,107.9098536,-7.180993,699.95,1.02,1.8,174.6,2,0.004
H3,-184.36,575.22,107.9098965,-7.180993,699.89,1.22,2.1,159.5,1,0.002
H3,-179.62,575.22,107.9099394,-7.180993,699.73,1.5,2.6,150.2,2,0.004
H3,-174.88,575.22,107.9099823,-7.180993,699.57,1.77,3.1,145.5,3,0.007
H3,-170.14,575.22,107.9100252,-7.180993,699.41,1.96,3.4,143.3,3,0.007
H3,-165.4,575.22,107.9100681,-7.180993,699.29,2.05,3.6,141.9,3,0.007
H3,-160.66,575.22,107.9101111,-7.180993,699.2,2.06,3.6,140.6,4,0.009
H3,-155.92,575.22,107.910154,-7.180993,699.12,2.02,3.5,139.0,4,0.009
H3,-151.18,575.22,107.9101969,-7.180993,699.03,1.95,3.4,137.3,4,0.009
H3,-146.44,575.22,107.9102398,-7.180993,698.89,1.89,3.3,135.7,4,0.009
H3,-141.7,575.22,107.9102827,-7.180993,698.73,1.84,3.2,134.5,4,0.009
H3,-136.96,575.22,107.9103256,-7.180993,698.57,1.76,3.1,133.4,4,0.009
H3,-132.22,575.22,107.9103685,-7.180993,698.41,1.65,2.9,132.1,4,0.009
H3,-127.48,575.22,107.9104115,-7.180993,698.29,1.48,2.6,130.1,4,0.009
H3,-122.74,575.22,107.9104544,-7.180993,698.21,1.23,2.1,126.7,11,0.025
H3,-118.0,575.22,107.9104973,-7.180993,698.12,0.92,1.6,120.6,1,0.002
H3,-203.32,570.51,107.9097248,-7.1810356,699.26,1.25,2.2,197.9,5,0.011
H3,-198.58,570.51,107.9097677,-7.1810356,699.48,1.26,2.2,195.0,2,0.004
H3,-193.84,570.51,107.9098106,-7.1810356,699.71,1.29,2.3,185.2,3,0.007
H3,-189.1,570.51,107.9098536,-7.1810356,699.93,1.42,2.5,171.6,3,0.007
H3,-184.36,570.51,107.9098965,-7.1810356,699.85,1.66,2.9,159.7,1,0.002
H3,-179.62,570.51,107.9099394,-7.1810356,699.62,1.94,3.4,152.3,2,0.004
H3,-174.88,570.51,107.9099823,-7.1810356,699.4,2.17,3.8,148.7,3,0.007
H3,-170.14,570.51,107.9100252,-7.1810356,699.18,2.3,4.0,147.5,4,0.009
H3,-165.4,570.51,107.9100681,-7.1810356,699.09,2.33,4.1,147.2,4,0.009
H3,-160.66,570.51,107.9101111,-7.1810356,699.06,2.29,4.0,146.9,4,0.009
H3,-155.92,570.51,107.910154,-7.1810356,699.04,2.2,3.8,146.0,5,0.011
H3,-151.18,570.51,107.9101969,-7.1810356,699.01,2.09,3.7,144.3,5,0.011
H3,-146.44,570.51,107.9102398,-7.1810356,698.85,2.0,3.5,142.2,5,0.011
H3,-141.7,570.51,107.9102827,-7.1810356,698.63,1.9,3.3,140.2,5,0.011
H3,-136.96,570.51,107.9103256,-7.1810356,698.4,1.77,3.1,138.7,5,0.011
H3,-132.22,570.51,107.9103685,-7.1810356,698.18,1.59,2.8,137.5,5,0.011
H3,-127.48,570.51,107.9104115,-7.1810356,698.09,1.35,2.3,136.4,5,0.011
H3,-122.74,570.51,107.9104544,-7.1810356,698.06,1.03,1.8,135.0,5,0.011
H3,-118.0,570.51,107.9104973,-7.1810356,698.04,0.67,1.2,132.0,12,0.027
H3,-203.32,565.81,107.9097248,-7.1810782,699.15,1.29,2.3,194.7,6,0.013
H3,-198.58,565.81,107.9097677,-7.1810782,699.36,1.38,2.4,189.9,3,0.007
H3,-193.84,565.81,107.9098106,-7.1810782,699.57,1.51,2.6,179.7,4,0.009
H3,-189.1,565.81,107.9098536,-7.1810782,699.79,1.72,3.0,167.9,4,0.009
H3,-184.36,565.81,107.9098965,-7.1810782,699.68,2.01,3.5,158.4,1,0.002
H3,-179.62,565.81,107.9099394,-7.1810782,699.43,2.29,4.0,152.8,2,0.004
H3,-174.88,565.81,107.9099823,-7.1810782,699.18,2.49,4.4,150.4,3,0.007
H3,-170.14,565.81,107.9100252,-7.1810782,698.93,2.58,4.5,150.2,4,0.009
H3,-165.4,565.81,107.9100681,-7.1810782,698.85,2.57,4.5,151.1,5,0.011
H3,-160.66,565.81,107.9101111,-7.1810782,698.85,2.48,4.3,152.0,5,0.011
H3,-155.92,565.81,107.910154,-7.1810782,698.85,2.36,4.1,152.0,5,0.011
H3,-151.18,565.81,107.9101969,-7.1810782,698.85,2.22,3.9,150.8,6,0.013
H3,-146.44,565.81,107.9102398,-7.1810782,698.71,2.08,3.6,148.8,6,0.013
H3,-141.7,565.81,107.9102827,-7.1810782,698.5,1.92,3.4,146.6,6,0.013
H3,-136.96,565.81,107.9103256,-7.1810782,698.29,1.74,3.0,145.0,6,0.013
H3,-132.22,565.81,107.9103685,-7.1810782,698.07,1.5,2.6,144.3,6,0.013
H3,-127.48,565.81,107.9104115,-7.1810782,698.0,1.19,2.1,144.8,6,0.013
H3,-122.74,565.81,107.9104544,-7.1810782,698.0,0.84,1.5,147.1,6,0.013
H3,-118.0,565.81,107.9104973,-7.1810782,698.0,0.45,0.8,154.9,18,0.04
H3,-208.06,561.1,107.9096819,-7.1811208,699.0,1.08,1.9,189.1,7,0.016
H3,-203.32,561.1,107.9097248,-7.1811208,699.11,1.24,2.2,188.9,7,0.016
H3,-198.58,561.1,107.9097677,-7.1811208,699.25,1.42,2.5,182.6,4,0.009
H3,-193.84,561.1,107.9098106,-7.1811208,699.41,1.66,2.9,172.9,5,0.011
H3,-189.1,561.1,107.9098536,-7.1811208,699.55,1.96,3.4,163.3,1,0.002
H3,-184.36,561.1,107.9098965,-7.1811208,699.43,2.29,4.0,156.1,5,0.011
H3,-179.62,561.1,107.9099394,-7.1811208,699.18,2.57,4.5,152.1,2,0.004
H3,-174.88,561.1,107.9099823,-7.1811208,698.93,2.75,4.8,151.0,3,0.007
H3,-170.14,561.1,107.9100252,-7.1811208,698.68,2.8,4.9,151.9,4,0.009
H3,-165.4,561.1,107.9100681,-7.1811208,698.61,2.75,4.8,153.9,5,0.011
H3,-160.66,561.1,107.9101111,-7.1811208,698.61,2.64,4.6,155.9,6,0.013
H3,-155.92,561.1,107.910154,-7.1811208,698.61,2.49,4.4,157.0,6,0.013
H3,-151.18,561.1,107.9101969,-7.1811208,698.61,2.33,4.1,156.7,6,0.013
H3,-146.44,561.1,107.9102398,-7.1811208,698.5,2.15,3.7,155.4,7,0.016
H3,-141.7,561.1,107.9102827,-7.1811208,698.35,1.94,3.4,153.8,7,0.016
H3,-136.96,561.1,107.9103256,-7.1811208,698.2,1.7,3.0,152.9,7,0.016
H3,-132.22,561.1,107.9103685,-7.1811208,698.05,1.41,2.5,153.5,13,0.029
H3,-127.48,561.1,107.9104115,-7.1811208,698.0,1.07,1.9,157.0,20,0.045
H3,-122.74,561.1,107.9104544,-7.1811208,698.0,0.71,1.2,167.0,27,0.061
H3,-118.0,561.1,107.9104973,-7.1811208,698.0,0.4,0.7,198.1,3894,8.748
H3,-208.06,556.39,107.9096819,-7.1811633,699.0,0.95,1.7,181.1,8,0.018
H3,-203.32,556.39,107.9097248,-7.1811633,699.06,1.16,2.0,179.0,8,0.018
H3,-198.58,556.39,107.9097677,-7.1811633,699.15,1.44,2.5,172.6,5,0.011
H3,-193.84,556.39,107.9098106,-7.1811633,699.24,1.77,3.1,164.8,6,0.013
H3,-189.1,556.39,107.9098536,-7.1811633,699.33,2.15,3.8,157.9,1,0.002
H3,-184.36,556.39,107.9098965,-7.1811633,699.18,2.51,4.4,153.1,2,0.004
H3,-179.62,556.39,107.9099394,-7.1811633,698.93,2.78,4.9,150.7,6,0.013
H3,-174.88,556.39,107.9099823,-7.1811633,698.68,2.92,5.1,150.7,3,0.007
H3,-170.14,556.39,107.9100252,-7.1811633,698.43,2.94,5.1,152.6,4,0.009
H3,-165.4,556.39,107.9100681,-7.1811633,698.36,2.86,5.0,155.6,5,0.011
H3,-160.66,556.39,107.9101111,-7.1811633,698.36,2.73,4.8,158.8,12,0.027
H3,-155.92,556.39,107.910154,-7.1811633,698.36,2.58,4.5,161.0,7,0.016
H3,-151.18,556.39,107.9101969,-7.1811633,698.36,2.4,4.2,162.0,7,0.016
H3,-146.44,556.39,107.9102398,-7.1811633,698.3,2.19,3.8,161.9,8,0.018
H3,-141.7,556.39,107.9102827,-7.1811633,698.21,1.95,3.4,161.5,8,0.018
H3,-136.96,556.39,107.9103256,-7.1811633,698.12,1.68,2.9,162.1,16,0.036
H3,-132.22,556.39,107.9103685,-7.1811633,698.03,1.36,2.4,165.2,17,0.038
H3,-127.48,556.39,107.9104115,-7.1811633,698.0,1.03,1.8,173.2,18,0.04
H3,-122.74,556.39,107.9104544,-7.1811633,698.0,0.73,1.3,192.0,3816,8.573
H3,-236.5,551.68,107.9094244,-7.1812059,699.06,1.16,2.0,138.3,5,0.011
H3,-208.06,551.68,107.9096819,-7.1812059,699.0,0.86,1.5,167.6,9,0.02
H3,-203.32,551.68,107.9097248,-7.1812059,699.02,1.13,2.0,165.3,9,0.02
H3,-198.58,551.68,107.9097677,-7.1812059,699.04,1.49,2.6,160.8,1,0.002
H3,-193.84,551.68,107.9098106,-7.1812059,699.07,1.9,3.3,156.0,6,0.013
H3,-189.1,551.68,107.9098536,-7.1812059,699.1,2.32,4.0,152.0,7,0.016
H3,-184.36,551.68,107.9098965,-7.1812059,698.93,2.67,4.7,149.5,2,0.004
H3,-179.62,551.68,107.9099394,-7.1812059,698.68,2.92,5.1,148.7,3,0.007
H3,-174.88,551.68,107.9099823,-7.1812059,698.43,3.02,5.3,149.8,7,0.016
H3,-170.14,551.68,107.9100252,-7.1812059,698.19,2.99,5.2,152.6,4,0.009
H3,-165.4,551.68,107.9100681,-7.1812059,698.11,2.89,5.0,156.6,10,0.022
H3,-160.66,551.68,107.9101111,-7.1812059,698.11,2.75,4.8,160.7,13,0.029
H3,-155.92,551.68,107.910154,-7.1812059,698.11,2.59,4.5,164.2,21,0.047
H3,-151.18,551.68,107.9101969,-7.1812059,698.11,2.41,4.2,166.4,29,0.065
H3,-146.44,551.68,107.9102398,-7.1812059,698.09,2.2,3.8,167.8,38,0.085
H3,-141.7,551.68,107.9102827,-7.1812059,698.06,1.95,3.4,169.1,39,0.088
H3,-136.96,551.68,107.9103256,-7.1812059,698.04,1.67,2.9,171.8,40,0.09
H3,-132.22,551.68,107.9103685,-7.1812059,698.01,1.36,2.4,177.9,41,0.092
H3,-127.48,551.68,107.9104115,-7.1812059,698.0,1.07,1.9,190.2,3779,8.49
H3,-122.74,551.68,107.9104544,-7.1812059,698.0,0.88,1.5,212.3,18,0.04
H3,-236.5,546.97,107.9094244,-7.1812485,699.0,0.95,1.7,138.0,5,0.011
H3,-231.76,546.97,107.9094673,-7.1812485,699.0,0.77,1.3,137.9,6,0.013
H3,-227.02,546.97,107.9095102,-7.1812485,699.0,0.62,1.1,139.2,7,0.016
H3,-222.28,546.97,107.9095532,-7.1812485,699.0,0.53,0.9,142.2,7,0.016
H3,-208.06,546.97,107.9096819,-7.1812485,699.0,0.86,1.5,151.0,9,0.02
H3,-203.32,546.97,107.9097248,-7.1812485,698.98,1.2,2.1,150.5,10,0.022
H3,-198.58,546.97,107.9097677,-7.1812485,698.94,1.61,2.8,149.1,10,0.022
H3,-193.84,546.97,107.9098106,-7.1812485,698.9,2.05,3.6,147.5,2,0.004
H3,-189.1,546.97,107.9098536,-7.1812485,698.87,2.47,4.3,146.1,7,0.016
H3,-184.36,546.97,107.9098965,-7.1812485,698.68,2.8,4.9,145.6,8,0.018
H3,-179.62,546.97,107.9099394,-7.1812485,698.43,2.99,5.2,146.2,3,0.007
H3,-174.88,546.97,107.9099823,-7.1812485,698.19,3.03,5.3,148.3,4,0.009
H3,-170.14,546.97,107.9100252,-7.1812485,697.94,2.96,5.2,151.9,12,0.027
H3,-165.4,546.97,107.9100681,-7.1812485,697.86,2.82,4.9,156.7,23,0.052
H3,-160.66,546.97,107.9101111,-7.1812485,697.86,2.66,4.7,161.9,24,0.054
H3,-155.92,546.97,107.910154,-7.1812485,697.86,2.5,4.4,166.5,25,0.056
H3,-151.18,546.97,107.9101969,-7.1812485,697.86,2.32,4.1,170.1,26,0.058
H3,-146.44,546.97,107.9102398,-7.1812485,697.86,2.12,3.7,173.1,27,0.061
H3,-141.7,546.97,107.9102827,-7.1812485,697.86,1.88,3.3,176.3,28,0.063
H3,-136.96,546.97,107.9103256,-7.1812485,697.86,1.62,2.8,181.4,29,0.065
H3,-132.22,546.97,107.9103685,-7.1812485,697.86,1.36,2.4,190.4,3697,8.306
H3,-127.48,546.97,107.9104115,-7.1812485,697.88,1.16,2.0,205.5,40,0.09
H3,-122.74,546.97,107.9104544,-7.1812485,697.91,1.08,1.9,226.4,17,0.038
H3,-241.24,542.26,107.9093815,-7.1812911,699.0,0.9,1.6,139.8,4,0.009
H3,-236.5,542.26,107.9094244,-7.1812911,699.0,0.73,1.3,137.7,5,0.011
H3,-231.76,542.26,107.9094673,-7.1812911,699.0,0.58,1.0,136.4,6,0.013
H3,-227.02,542.26,107.9095102,-7.1812911,699.0,0.48,0.8,135.3,7,0.016
H3,-222.28,542.26,107.9095532,-7.1812911,699.0,0.45,0.8,134.2,8,0.018
H3,-217.54,542.26,107.9095961,-7.1812911,699.0,0.51,0.9,134.0,8,0.018
H3,-212.8,542.26,107.909639,-7.1812911,699.0,0.69,1.2,134.9,9,0.02
H3,-208.06,542.26,107.9096819,-7.1812911,699.0,0.98,1.7,136.4,42,0.094
H3,-203.32,542.26,107.9097248,-7.1812911,698.93,1.36,2.4,137.8,10,0.022
H3,-198.58,542.26,107.9097677,-7.1812911,698.83,1.79,3.1,139.0,11,0.025
H3,-193.84,542.26,107.9098106,-7.1812911,698.73,2.23,3.9,139.8,11,0.025
H3,-189.1,542.26,107.9098536,-7.1812911,698.64,2.61,4.6,140.5,3,0.007
H3,-184.36,542.26,107.9098965,-7.1812911,698.43,2.87,5.0,141.5,8,0.018
H3,-179.62,542.26,107.9099394,-7.1812911,698.19,2.99,5.2,143.2,9,0.02
H3,-174.88,542.26,107.9099823,-7.1812911,697.94,2.96,5.2,146.2,17,0.038
H3,-170.14,542.26,107.9100252,-7.1812911,697.69,2.83,4.9,150.5,18,0.04
H3,-165.4,542.26,107.9100681,-7.1812911,697.61,2.65,4.6,156.2,19,0.043
H3,-160.66,542.26,107.9101111,-7.1812911,697.61,2.46,4.3,162.4,20,0.045
H3,-155.92,542.26,107.910154,-7.1812911,697.61,2.29,4.0,168.3,21,0.047
H3,-151.18,542.26,107.9101969,-7.1812911,697.61,2.11,3.7,173.5,22,0.049
H3,-146.44,542.26,107.9102398,-7.1812911,697.61,1.92,3.4,178.3,23,0.052
H3,-141.7,542.26,107.9102827,-7.1812911,697.61,1.71,3.0,183.9,24,0.054
H3,-136.96,542.26,107.9103256,-7.1812911,697.61,1.49,2.6,191.7,3600,8.088
H3,-132.22,542.26,107.9103685,-7.1812911,697.61,1.31,2.3,203.8,67,0.151
H3,-127.48,542.26,107.9104115,-7.1812911,697.67,1.22,2.1,220.3,39,0.088
H3,-241.24,537.55,107.9093815,-7.1813337,699.0,0.68,1.2,140.5,4,0.009
H3,-236.5,537.55,107.9094244,-7.1813337,699.0,0.54,0.9,137.4,5,0.011
H3,-231.76,537.55,107.9094673,-7.1813337,699.0,0.43,0.8,134.3,6,0.013
H3,-227.02,537.55,107.9095102,-7.1813337,699.0,0.38,0.7,130.1,7,0.016
H3,-222.28,537.55,107.9095532,-7.1813337,699.0,0.42,0.7,125.7,8,0.018
H3,-217.54,537.55,107.9095961,-7.1813337,699.0,0.56,1.0,123.7,9,0.02
H3,-212.8,537.55,107.909639,-7.1813337,699.0,0.81,1.4,124.3,9,0.02
H3,-208.06,537.55,107.9096819,-7.1813337,699.0,1.16,2.0,126.2,10,0.022
H3,-203.32,537.55,107.9097248,-7.1813337,698.89,1.58,2.8,128.6,43,0.097
H3,-198.58,537.55,107.9097677,-7.1813337,698.73,2.02,3.5,131.0,11,0.025
H3,-193.84,537.55,107.9098106,-7.1813337,698.57,2.42,4.2,133.2,12,0.027
H3,-189.1,537.55,107.9098536,-7.1813337,698.41,2.73,4.8,135.3,12,0.027
H3,-184.36,537.55,107.9098965,-7.1813337,698.19,2.9,5.1,137.4,24,0.054
H3,-179.62,537.55,107.9099394,-7.1813337,697.94,2.92,5.1,140.0,25,0.056
H3,-174.88,537.55,107.9099823,-7.1813337,697.69,2.8,4.9,143.6,26,0.058
H3,-170.14,537.55,107.9100252,-7.1813337,697.44,2.6,4.5,148.5,27,0.061
H3,-165.4,537.55,107.9100681,-7.1813337,697.36,2.36,4.1,155.0,28,0.063
H3,-160.66,537.55,107.9101111,-7.1813337,697.36,2.14,3.7,162.4,29,0.065
H3,-155.92,537.55,107.910154,-7.1813337,697.36,1.94,3.4,170.0,30,0.067
H3,-151.18,537.55,107.9101969,-7.1813337,697.36,1.76,3.1,177.4,31,0.07
H3,-146.44,537.55,107.9102398,-7.1813337,697.36,1.58,2.8,185.0,32,0.072
H3,-141.7,537.55,107.9102827,-7.1813337,697.36,1.41,2.5,193.9,3563,8.004
H3,-136.96,537.55,107.9103256,-7.1813337,697.36,1.26,2.2,205.8,12,0.027
H3,-132.22,537.55,107.9103685,-7.1813337,697.36,1.19,2.1,221.0,66,0.148
H3,-127.48,537.55,107.9104115,-7.1813337,697.46,1.23,2.2,237.3,38,0.085
H3,-241.24,532.84,107.9093815,-7.1813762,699.0,0.5,0.9,141.5,4,0.009
H3,-236.5,532.84,107.9094244,-7.1813762,699.0,0.39,0.7,137.0,5,0.011
H3,-231.76,532.84,107.9094673,-7.1813762,699.0,0.33,0.6,131.5,6,0.013
H3,-227.02,532.84,107.9095102,-7.1813762,699.0,0.34,0.6,124.7,7,0.016
H3,-222.28,532.84,107.9095532,-7.1813762,699.0,0.44,0.8,119.5,8,0.018
H3,-217.54,532.84,107.9095961,-7.1813762,699.0,0.66,1.1,117.6,9,0.02
H3,-212.8,532.84,107.909639,-7.1813762,699.0,0.98,1.7,118.1,10,0.022
H3,-208.06,532.84,107.9096819,-7.1813762,699.0,1.39,2.4,119.9,10,0.022
H3,-203.32,532.84,107.9097248,-7.1813762,698.84,1.83,3.2,122.3,11,0.025
H3,-198.58,532.84,107.9097677,-7.1813762,698.62,2.26,3.9,125.0,44,0.099
H3,-193.84,532.84,107.9098106,-7.1813762,698.4,2.6,4.5,127.8,12,0.027
H3,-189.1,532.84,107.9098536,-7.1813762,698.18,2.81,4.9,130.5,25,0.056
H3,-184.36,532.84,107.9098965,-7.1813762,697.94,2.87,5.0,133.4,26,0.058
H3,-179.62,532.84,107.9099394,-7.1813762,697.69,2.78,4.9,136.6,27,0.061
H3,-174.88,532.84,107.9099823,-7.1813762,697.44,2.56,4.5,140.6,28,0.063
H3,-170.14,532.84,107.9100252,-7.1813762,697.19,2.28,4.0,146.0,29,0.065
H3,-165.4,532.84,107.9100681,-7.1813762,697.11,1.98,3.4,153.2,30,0.067
H3,-160.66,532.84,107.9101111,-7.1813762,697.11,1.7,3.0,162.3,31,0.07
H3,-155.92,532.84,107.910154,-7.1813762,697.11,1.48,2.6,172.8,32,0.072
H3,-151.18,532.84,107.9101969,-7.1813762,697.11,1.29,2.3,184.3,33,0.074
H3,-146.44,532.84,107.9102398,-7.1813762,697.11,1.14,2.0,197.2,3513,7.892
H3,-141.7,532.84,107.9102827,-7.1813762,697.11,1.04,1.8,212.5,17,0.038
H3,-136.96,532.84,107.9103256,-7.1813762,697.11,1.01,1.8,229.7,11,0.025
H3,-132.22,532.84,107.9103685,-7.1813762,697.11,1.09,1.9,246.0,65,0.146
H3,-127.48,532.84,107.9104115,-7.1813762,697.25,1.26,2.2,258.1,37,0.083
H3,-241.24,528.13,107.9093815,-7.1814188,699.0,0.35,0.6,142.6,3,0.007
H3,-236.5,528.13,107.9094244,-7.1814188,699.0,0.29,0.5,136.2,5,0.011
H3,-231.76,528.13,107.9094673,-7.1814188,699.0,0.27,0.5,128.5,6,0.013
H3,-227.02,528.13,107.9095102,-7.1814188,699.0,0.34,0.6,121.2,7,0.016
H3,-222.28,528.13,107.9095532,-7.1814188,699.0,0.51,0.9,116.7,8,0.018
H3,-217.54,528.13,107.9095961,-7.1814188,699.0,0.79,1.4,115.1,9,0.02
H3,-212.8,528.13,107.909639,-7.1814188,699.0,1.17,2.0,115.2,10,0.022
H3,-208.06,528.13,107.9096819,-7.1814188,699.0,1.63,2.8,116.4,11,0.025
H3,-203.32,528.13,107.9097248,-7.1814188,698.8,2.09,3.6,118.2,11,0.025
H3,-198.58,528.13,107.9097677,-7.1814188,698.52,2.48,4.3,120.6,12,0.027
H3,-193.84,528.13,107.9098106,-7.1814188,698.23,2.75,4.8,123.3,45,0.101
H3,-189.1,528.13,107.9098536,-7.1814188,697.95,2.85,5.0,126.3,46,0.103
H3,-184.36,528.13,107.9098965,-7.1814188,697.71,2.79,4.9,129.4,47,0.106
H3,-179.62,528.13,107.9099394,-7.1814188,697.5,2.57,4.5,132.9,48,0.108
H3,-174.88,528.13,107.9099823,-7.1814188,697.29,2.26,3.9,137.1,49,0.11
H3,-170.14,528.13,107.9100252,-7.1814188,697.07,1.89,3.3,142.8,50,0.112
H3,-165.4,528.13,107.9100681,-7.1814188,697.0,1.52,2.6,151.1,51,0.115
H3,-160.66,528.13,107.9101111,-7.1814188,697.0,1.19,2.1,163.0,52,0.117
H3,-155.92,528.13,107.910154,-7.1814188,697.0,0.94,1.6,179.9,53,0.119
H3,-151.18,528.13,107.9101969,-7.1814188,697.0,0.79,1.4,202.1,3458,7.769
H3,-146.44,528.13,107.9102398,-7.1814188,697.02,0.75,1.3,227.4,21,0.047
H3,-141.7,528.13,107.9102827,-7.1814188,697.06,0.82,1.4,250.1,16,0.036
H3,-136.96,528.13,107.9103256,-7.1814188,697.09,0.98,1.7,266.0,10,0.022
H3,-132.22,528.13,107.9103685,-7.1814188,697.13,1.18,2.1,275.5,64,0.144
H3,-127.48,528.13,107.9104115,-7.1814188,697.28,1.4,2.4,280.3,36,0.081
H3,-245.98,523.43,107.9093386,-7.1814614,699.0,0.29,0.5,150.3,1,0.002
H3,-241.24,523.43,107.9093815,-7.1814614,699.0,0.24,0.4,142.8,2,0.004
H3,-236.5,523.43,107.9094244,-7.1814614,699.0,0.23,0.4,134.7,4,0.009
H3,-231.76,523.43,107.9094673,-7.1814614,699.0,0.27,0.5,126.6,6,0.013
H3,-227.02,523.43,107.9095102,-7.1814614,699.0,0.39,0.7,120.6,7,0.016
H3,-222.28,523.43,107.9095532,-7.1814614,699.0,0.61,1.1,117.0,8,0.018
H3,-217.54,523.43,107.9095961,-7.1814614,699.0,0.94,1.6,115.1,9,0.02
H3,-212.8,523.43,107.909639,-7.1814614,699.0,1.38,2.4,114.5,10,0.022
H3,-208.06,523.43,107.9096819,-7.1814614,699.0,1.86,3.3,114.7,11,0.025
H3,-203.32,523.43,107.9097248,-7.1814614,698.76,2.32,4.1,115.7,12,0.027
H3,-198.58,523.43,107.9097677,-7.1814614,698.41,2.67,4.7,117.5,12,0.027
H3,-193.84,523.43,107.9098106,-7.1814614,698.07,2.85,5.0,119.7,25,0.056
H3,-189.1,523.43,107.9098536,-7.1814614,697.72,2.84,5.0,122.4,26,0.058
H3,-184.36,523.43,107.9098965,-7.1814614,697.5,2.64,4.6,125.5,27,0.061
H3,-179.62,523.43,107.9099394,-7.1814614,697.35,2.31,4.0,128.9,28,0.063
H3,-174.88,523.43,107.9099823,-7.1814614,697.2,1.89,3.3,133.1,29,0.065
H3,-170.14,523.43,107.9100252,-7.1814614,697.05,1.44,2.5,139.0,30,0.067
H3,-165.4,523.43,107.9100681,-7.1814614,697.0,1.01,1.8,148.7,31,0.07
H3,-160.66,523.43,107.9101111,-7.1814614,697.0,0.64,1.1,168.2,32,0.072
H3,-155.92,523.43,107.910154,-7.1814614,697.0,0.45,0.8,209.7,3385,7.605
H3,-151.18,523.43,107.9101969,-7.1814614,697.0,0.55,1.0,254.9,19,0.043
H3,-146.44,523.43,107.9102398,-7.1814614,697.07,0.79,1.4,277.6,20,0.045
H3,-141.7,523.43,107.9102827,-7.1814614,697.16,1.05,1.8,289.0,15,0.034
H3,-136.96,523.43,107.9103256,-7.1814614,697.26,1.29,2.3,295.3,9,0.02
H3,-132.22,523.43,107.9103685,-7.1814614,697.36,1.49,2.6,298.3,63,0.142
H3,-245.98,518.72,107.9093386,-7.181504,699.0,0.2,0.3,150.0,1,0.002
H3,-241.24,518.72,107.9093815,-7.181504,699.0,0.19,0.3,141.1,2,0.004
H3,-236.5,518.72,107.9094244,-7.181504,699.0,0.22,0.4,132.8,3,0.007
H3,-231.76,518.72,107.9094673,-7.181504,699.0,0.31,0.5,126.6,5,0.011
H3,-227.02,518.72,107.9095102,-7.181504,699.0,0.48,0.8,122.1,7,0.016
H3,-222.28,518.72,107.9095532,-7.181504,699.0,0.75,1.3,118.9,8,0.018
H3,-217.54,518.72,107.9095961,-7.181504,699.0,1.12,2.0,116.5,9,0.02
H3,-212.8,518.72,107.909639,-7.181504,699.0,1.59,2.8,115.0,10,0.022
H3,-208.06,518.72,107.9096819,-7.181504,699.0,2.08,3.6,114.2,11,0.025
H3,-203.32,518.72,107.9097248,-7.181504,698.71,2.52,4.4,114.3,12,0.027
H3,-198.58,518.72,107.9097677,-7.181504,698.31,2.81,4.9,115.1,13,0.029
H3,-193.84,518.72,107.9098106,-7.181504,697.9,2.89,5.0,116.6,14,0.031
H3,-189.1,518.72,107.9098536,-7.181504,697.49,2.75,4.8,118.7,15,0.034
H3,-184.36,518.72,107.9098965,-7.181504,697.3,2.44,4.3,121.3,16,0.036
H3,-179.62,518.72,107.9099394,-7.181504,697.21,1.99,3.5,124.3,17,0.038
H3,-174.88,518.72,107.9099823,-7.181504,697.12,1.49,2.6,128.0,18,0.04
H3,-170.14,518.72,107.9100252,-7.181504,697.03,0.98,1.7,133.4,19,0.043
H3,-165.4,518.72,107.9100681,-7.181504,697.0,0.49,0.8,146.1,20,0.045
H3,-160.66,518.72,107.9101111,-7.181504,697.0,0.18,0.3,224.7,3331,7.483
H3,-155.92,518.72,107.910154,-7.181504,697.0,0.51,0.9,287.0,21,0.047
H3,-151.18,518.72,107.9101969,-7.181504,697.0,0.9,1.6,298.2,18,0.04
H3,-146.44,518.72,107.9102398,-7.181504,697.11,1.25,2.2,303.7,19,0.043
H3,-141.7,518.72,107.9102827,-7.181504,697.27,1.54,2.7,307.5,14,0.031
H3,-136.96,518.72,107.9103256,-7.181504,697.43,1.76,3.1,310.2,8,0.018
H3,-132.22,518.72,107.9103685,-7.181504,697.59,1.91,3.3,311.8,62,0.139
H3,-245.98,514.01,107.9093386,-7.1815465,699.0,0.16,0.3,146.0,5,0.011
H3,-241.24,514.01,107.9093815,-7.1815465,699.0,0.19,0.3,137.8,2,0.004
H3,-236.5,514.01,107.9094244,-7.1815465,699.0,0.27,0.5,131.9,3,0.007
H3,-231.76,514.01,107.9094673,-7.1815465,699.0,0.4,0.7,127.7,4,0.009
H3,-227.02,514.01,107.9095102,-7.1815465,699.0,0.62,1.1,124.2,6,0.013
H3,-222.28,514.01,107.9095532,-7.1815465,699.0,0.92,1.6,121.1,8,0.018
H3,-217.54,514.01,107.9095961,-7.1815465,699.0,1.32,2.3,118.3,9,0.02
H3,-212.8,514.01,107.909639,-7.1815465,699.0,1.79,3.1,116.0,10,0.022
H3,-208.06,514.01,107.9096819,-7.1815465,699.0,2.26,3.9,114.4,11,0.025
H3,-203.32,514.01,107.9097248,-7.1815465,698.67,2.65,4.6,113.4,12,0.027
H3,-198.58,514.01,107.9097677,-7.1815465,698.2,2.86,5.0,113.1,25,0.056
H3,-193.84,514.01,107.9098106,-7.1815465,697.73,2.85,5.0,113.6,26,0.058
H3,-189.1,514.01,107.9098536,-7.1815465,697.26,2.6,4.5,114.6,27,0.061
H3,-184.36,514.01,107.9098965,-7.1815465,697.09,2.17,3.8,116.2,28,0.063
H3,-179.62,514.01,107.9099394,-7.1815465,697.06,1.64,2.9,118.0,29,0.065
H3,-174.88,514.01,107.9099823,-7.1815465,697.04,1.07,1.9,119.7,30,0.067
H3,-170.14,514.01,107.9100252,-7.1815465,697.01,0.5,0.9,120.5,31,0.07
H3,-165.4,514.01,107.9100681,-7.1815465,697.0,0.04,0.1,336.5,3291,7.393
H3,-160.66,514.01,107.9101111,-7.1815465,697.0,0.54,0.9,309.0,19,0.043
H3,-155.92,514.01,107.910154,-7.1815465,697.0,1.01,1.8,309.7,20,0.045
H3,-151.18,514.01,107.9101969,-7.1815465,697.0,1.43,2.5,311.2,17,0.038
H3,-146.44,514.01,107.9102398,-7.1815465,697.15,1.78,3.1,313.1,18,0.04
H3,-141.7,514.01,107.9102827,-7.1815465,697.37,2.05,3.6,315.3,13,0.029
H3,-136.96,514.01,107.9103256,-7.1815465,697.59,2.22,3.9,317.6,7,0.016
H3,-132.22,514.01,107.9103685,-7.1815465,697.81,2.31,4.0,319.4,61,0.137
H3,-245.98,509.3,107.9093386,-7.1815891,699.0,0.17,0.3,140.3,2,0.004
H3,-241.24,509.3,107.9093815,-7.1815891,699.0,0.24,0.4,135.4,6,0.013
H3,-236.5,509.3,107.9094244,-7.1815891,699.0,0.36,0.6,132.0,3,0.007
H3,-231.76,509.3,107.9094673,-7.1815891,699.0,0.54,0.9,129.1,4,0.009
H3,-227.02,509.3,107.9095102,-7.1815891,699.0,0.79,1.4,126.2,5,0.011
H3,-222.28,509.3,107.9095532,-7.1815891,698.98,1.12,1.9,123.1,7,0.016
H3,-217.54,509.3,107.9095961,-7.1815891,698.94,1.52,2.6,120.0,9,0.02
H3,-212.8,509.3,107.909639,-7.1815891,698.91,1.96,3.4,117.1,10,0.022
H3,-208.06,509.3,107.9096819,-7.1815891,698.87,2.38,4.2,114.5,11,0.025
H3,-203.32,509.3,107.9097248,-7.1815891,698.54,2.69,4.7,112.5,12,0.027
H3,-198.58,509.3,107.9097677,-7.1815891,698.07,2.82,4.9,111.1,13,0.029
H3,-193.84,509.3,107.9098106,-7.1815891,697.61,2.71,4.7,110.1,14,0.031
H3,-189.1,509.3,107.9098536,-7.1815891,697.15,2.38,4.1,109.6,15,0.034
H3,-184.36,509.3,107.9098965,-7.1815891,697.0,1.87,3.3,109.1,16,0.036
H3,-179.62,509.3,107.9099394,-7.1815891,697.0,1.28,2.2,107.6,17,0.038
H3,-174.88,509.3,107.9099823,-7.1815891,697.0,0.67,1.2,100.9,18,0.04
H3,-170.14,509.3,107.9100252,-7.1815891,697.0,0.21,0.4,41.7,3245,7.29
H3,-165.4,509.3,107.9100681,-7.1815891,697.02,0.56,1.0,324.9,14,0.031
H3,-160.66,509.3,107.9101111,-7.1815891,697.06,1.07,1.9,316.6,18,0.04
H3,-155.92,509.3,107.910154,-7.1815891,697.09,1.53,2.7,315.1,19,0.043
H3,-151.18,509.3,107.9101969,-7.1815891,697.13,1.94,3.4,315.5,16,0.036
H3,-146.44,509.3,107.9102398,-7.1815891,697.3,2.27,4.0,316.8,17,0.038
H3,-141.7,509.3,107.9102827,-7.1815891,697.55,2.5,4.4,318.8,12,0.027
H3,-136.96,509.3,107.9103256,-7.1815891,697.8,2.63,4.6,321.3,6,0.013
H3,-250.72,504.59,107.9092957,-7.1816317,699.0,0.15,0.3,139.9,2,0.004
H3,-245.98,504.59,107.9093386,-7.1816317,699.0,0.23,0.4,136.8,9,0.02
H3,-241.24,504.59,107.9093815,-7.1816317,699.0,0.34,0.6,134.7,3,0.007
H3,-236.5,504.59,107.9094244,-7.1816317,699.0,0.5,0.9,132.7,7,0.016
H3,-231.76,504.59,107.9094673,-7.1816317,699.0,0.71,1.2,130.5,4,0.009
H3,-227.02,504.59,107.9095102,-7.1816317,699.0,0.99,1.7,127.8,5,0.011
H3,-222.28,504.59,107.9095532,-7.1816317,698.93,1.31,2.3,124.7,6,0.013
H3,-217.54,504.59,107.9095961,-7.1816317,698.84,1.69,2.9,121.3,8,0.018
H3,-212.8,504.59,107.909639,-7.1816317,698.74,2.07,3.6,117.7,10,0.022
H3,-208.06,504.59,107.9096819,-7.1816317,698.64,2.41,4.2,114.3,11,0.025
H3,-203.32,504.59,107.9097248,-7.1816317,698.33,2.63,4.6,111.1,23,0.052
H3,-198.58,504.59,107.9097677,-7.1816317,697.93,2.67,4.7,108.3,24,0.054
H3,-193.84,504.59,107.9098106,-7.1816317,697.53,2.49,4.3,105.6,25,0.056
H3,-189.1,504.59,107.9098536,-7.1816317,697.13,2.09,3.7,102.6,26,0.058
H3,-184.36,504.59,107.9098965,-7.1816317,697.0,1.56,2.7,98.3,27,0.061
H3,-179.62,504.59,107.9099394,-7.1816317,697.0,0.96,1.7,88.5,28,0.063
H3,-174.88,504.59,107.9099823,-7.1816317,697.0,0.48,0.8,52.9,3216,7.225
H3,-170.14,504.59,107.9100252,-7.1816317,697.0,0.59,1.0,344.8,10,0.022
H3,-165.4,504.59,107.9100681,-7.1816317,697.07,1.07,1.9,323.8,13,0.029
H3,-160.66,504.59,107.9101111,-7.1816317,697.16,1.57,2.7,318.3,17,0.038
H3,-155.92,504.59,107.910154,-7.1816317,697.26,2.02,3.5,316.8,18,0.04
H3,-151.18,504.59,107.9101969,-7.1816317,697.36,2.41,4.2,317.0,15,0.034
H3,-146.44,504.59,107.9102398,-7.1816317,697.55,2.7,4.7,318.3,16,0.036
H3,-141.7,504.59,107.9102827,-7.1816317,697.8,2.88,5.0,320.4,11,0.025
H3,-136.96,504.59,107.9103256,-7.1816317,698.05,2.95,5.1,323.3,5,0.011
H3,-250.72,499.88,107.9092957,-7.1816743,699.0,0.22,0.4,136.3,16,0.036
H3,-245.98,499.88,107.9093386,-7.1816743,699.0,0.33,0.6,135.5,3,0.007
H3,-241.24,499.88,107.9093815,-7.1816743,699.0,0.48,0.8,134.7,10,0.022
H3,-236.5,499.88,107.9094244,-7.1816743,699.0,0.68,1.2,133.5,4,0.009
H3,-231.76,499.88,107.9094673,-7.1816743,699.0,0.91,1.6,131.7,8,0.018
H3,-227.02,499.88,107.9095102,-7.1816743,699.0,1.19,2.1,129.2,5,0.011
H3,-222.28,499.88,107.9095532,-7.1816743,698.89,1.49,2.6,126.0,6,0.013
H3,-217.54,499.88,107.9095961,-7.1816743,698.73,1.81,3.2,122.2,7,0.016
H3,-212.8,499.88,107.909639,-7.1816743,698.57,2.1,3.7,117.9,9,0.02
H3,-208.06,499.88,107.9096819,-7.1816743,698.41,2.34,4.1,113.5,11,0.025
H3,-203.32,499.88,107.9097248,-7.1816743,698.12,2.47,4.3,108.9,12,0.027
H3,-198.58,499.88,107.9097677,-7.1816743,697.79,2.42,4.2,104.3,13,0.029
H3,-193.84,499.88,107.9098106,-7.1816743,697.45,2.19,3.8,99.1,14,0.031
H3,-189.1,499.88,107.9098536,-7.1816743,697.11,1.8,3.1,92.5,15,0.034
H3,-184.36,499.88,107.9098965,-7.1816743,697.0,1.3,2.3,81.5,16,0.036
H3,-179.62,499.88,107.9099394,-7.1816743,697.0,0.84,1.5,57.2,3175,7.133
H3,-174.88,499.88,107.9099823,-7.1816743,697.0,0.72,1.3,9.2,12,0.027
H3,-170.14,499.88,107.9100252,-7.1816743,697.0,1.07,1.9,335.9,9,0.02
H3,-165.4,499.88,107.9100681,-7.1816743,697.11,1.55,2.7,323.4,12,0.027
H3,-160.66,499.88,107.9101111,-7.1816743,697.27,2.03,3.6,318.7,16,0.036
H3,-155.92,499.88,107.910154,-7.1816743,697.43,2.46,4.3,317.2,17,0.038
H3,-151.18,499.88,107.9101969,-7.1816743,697.59,2.81,4.9,317.4,14,0.031
H3,-146.44,499.88,107.9102398,-7.1816743,697.8,3.05,5.3,318.7,15,0.034
H3,-141.7,499.88,107.9102827,-7.1816743,698.05,3.17,5.5,321.0,10,0.022
H3,-250.72,495.17,107.9092957,-7.1817169,699.0,0.33,0.6,135.0,3,0.007
H3,-245.98,495.17,107.9093386,-7.1817169,699.0,0.48,0.8,134.9,17,0.038
H3,-241.24,495.17,107.9093815,-7.1817169,699.0,0.67,1.2,134.7,4,0.009
H3,-236.5,495.17,107.9094244,-7.1817169,699.0,0.88,1.5,134.0,11,0.025
H3,-231.76,495.17,107.9094673,-7.1817169,699.0,1.12,2.0,132.6,5,0.011
H3,-227.02,495.17,107.9095102,-7.1817169,699.0,1.37,2.4,130.4,9,0.02
H3,-222.28,495.17,107.9095532,-7.1817169,698.84,1.62,2.8,127.1,6,0.013
H3,-217.54,495.17,107.9095961,-7.1817169,698.62,1.85,3.2,122.9,7,0.016
H3,-212.8,495.17,107.909639,-7.1817169,698.4,2.04,3.6,117.8,8,0.018
H3,-208.06,495.17,107.9096819,-7.1817169,698.18,2.17,3.8,112.0,18,0.04
H3,-203.32,495.17,107.9097248,-7.1817169,697.92,2.2,3.8,105.7,19,0.043
H3,-198.58,495.17,107.9097677,-7.1817169,697.64,2.11,3.7,98.6,20,0.045
H3,-193.84,495.17,107.9098106,-7.1817169,697.36,1.88,3.3,90.1,21,0.047
H3,-189.1,495.17,107.9098536,-7.1817169,697.09,1.54,2.7,78.4,22,0.049
H3,-184.36,495.17,107.9098965,-7.1817169,697.0,1.17,2.0,59.3,2872,6.452
H3,-179.62,495.17,107.9099394,-7.1817169,697.0,0.97,1.7,27.3,286,0.643
H3,-174.88,495.17,107.9099823,-7.1817169,697.0,1.11,1.9,353.0,11,0.025
H3,-170.14,495.17,107.9100252,-7.1817169,697.0,1.51,2.6,332.8,8,0.018
H3,-165.4,495.17,107.9100681,-7.1817169,697.15,1.98,3.5,323.1,11,0.025
H3,-160.66,495.17,107.9101111,-7.1817169,697.37,2.44,4.3,318.8,15,0.034
H3,-155.92,495.17,107.910154,-7.1817169,697.59,2.83,4.9,317.2,16,0.036
H3,-151.18,495.17,107.9101969,-7.1817169,697.81,3.13,5.5,317.3,13,0.029
H3,-146.44,495.17,107.9102398,-7.1817169,698.05,3.32,5.8,318.6,14,0.031
H3,-141.7,495.17,107.9102827,-7.1817169,698.3,3.38,5.9,321.1,5,0.011
H3,-250.72,490.46,107.9092957,-7.1817594,699.0,0.47,0.8,134.7,16,0.036
H3,-245.98,490.46,107.9093386,-7.1817594,699.0,0.66,1.2,134.7,4,0.009
H3,-241.24,490.46,107.9093815,-7.1817594,698.98,0.87,1.5,134.6,18,0.04
H3,-236.5,490.46,107.9094244,-7.1817594,698.94,1.1,1.9,134.3,5,0.011
H3,-231.76,490.46,107.9094673,-7.1817594,698.91,1.32,2.3,133.3,12,0.027
H3,-227.02,490.46,107.9095102,-7.1817594,698.87,1.52,2.6,131.4,6,0.013
H3,-222.28,490.46,107.9095532,-7.1817594,698.71,1.68,2.9,128.2,10,0.022
H3,-217.54,490.46,107.9095961,-7.1817594,698.5,1.8,3.2,123.6,7,0.016
H3,-212.8,490.46,107.909639,-7.1817594,698.28,1.88,3.3,117.5,8,0.018
H3,-208.06,490.46,107.9096819,-7.1817594,698.07,1.91,3.3,110.1,9,0.02
H3,-203.32,490.46,107.9097248,-7.1817594,697.85,1.87,3.3,101.4,10,0.022
H3,-198.58,490.46,107.9097677,-7.1817594,697.64,1.76,3.1,91.1,11,0.025
H3,-193.84,490.46,107.9098106,-7.1817594,697.42,1.57,2.7,78.5,12,0.027
H3,-189.1,490.46,107.9098536,-7.1817594,697.21,1.36,2.4,61.6,2808,6.308
H3,-184.36,490.46,107.9098965,-7.1817594,697.14,1.19,2.1,37.9,41,0.092
H3,-179.62,490.46,107.9099394,-7.1817594,697.14,1.21,2.1,9.4,285,0.64
H3,-174.88,490.46,107.9099823,-7.1817594,697.14,1.46,2.6,345.6,10,0.022
H3,-170.14,490.46,107.9100252,-7.1817594,697.14,1.87,3.3,330.7,7,0.016
H3,-165.4,490.46,107.9100681,-7.1817594,697.3,2.32,4.1,322.4,10,0.022
H3,-160.66,490.46,107.9101111,-7.1817594,697.55,2.76,4.8,318.3,14,0.031
H3,-155.92,490.46,107.910154,-7.1817594,697.8,3.12,5.5,316.6,15,0.034
H3,-151.18,490.46,107.9101969,-7.1817594,698.05,3.38,5.9,316.8,12,0.027
H3,-146.44,490.46,107.9102398,-7.1817594,698.3,3.51,6.1,318.2,5,0.011
H3,-250.72,485.76,107.9092957,-7.181802,699.0,0.66,1.1,134.9,14,0.031
H3,-245.98,485.76,107.9093386,-7.181802,699.0,0.87,1.5,134.6,17,0.038
H3,-241.24,485.76,107.9093815,-7.181802,698.93,1.09,1.9,134.5,5,0.011
H3,-236.5,485.76,107.9094244,-7.181802,698.84,1.29,2.3,134.4,19,0.043
H3,-231.76,485.76,107.9094673,-7.181802,698.74,1.47,2.6,133.7,6,0.013
H3,-227.02,485.76,107.9095102,-7.181802,698.64,1.59,2.8,132.2,13,0.029
H3,-222.28,485.76,107.9095532,-7.181802,698.5,1.66,2.9,129.2,7,0.016
H3,-217.54,485.76,107.9095961,-7.181802,698.35,1.68,2.9,124.4,11,0.025
H3,-212.8,485.76,107.909639,-7.181802,698.2,1.65,2.9,117.4,8,0.018
H3,-208.06,485.76,107.9096819,-7.181802,698.05,1.59,2.8,108.0,9,0.02
H3,-203.32,485.76,107.9097248,-7.181802,697.89,1.51,2.6,96.3,10,0.022
H3,-198.58,485.76,107.9097677,-7.181802,697.74,1.41,2.5,82.2,11,0.025
H3,-193.84,485.76,107.9098106,-7.181802,697.59,1.32,2.3,65.3,2762,6.205
H3,-189.1,485.76,107.9098536,-7.181802,697.43,1.24,2.2,45.1,33,0.074
H3,-184.36,485.76,107.9098965,-7.181802,697.39,1.25,2.2,21.7,40,0.09
H3,-179.62,485.76,107.9099394,-7.181802,697.39,1.4,2.4,358.7,284,0.638
H3,-174.88,485.76,107.9099823,-7.181802,697.39,1.7,3.0,340.4,9,0.02
H3,-170.14,485.76,107.9100252,-7.181802,697.39,2.11,3.7,328.1,6,0.013
H3,-165.4,485.76,107.9100681,-7.181802,697.55,2.56,4.5,320.8,9,0.02
H3,-160.66,485.76,107.9101111,-7.181802,697.8,2.98,5.2,316.9,13,0.029
H3,-155.92,485.76,107.910154,-7.181802,698.05,3.32,5.8,315.4,14,0.031
H3,-151.18,485.76,107.9101969,-7.181802,698.3,3.54,6.2,315.7,6,0.013
H3,-146.44,485.76,107.9102398,-7.181802,698.55,3.62,6.3,317.3,5,0.011
H3,-241.24,481.05,107.9093815,-7.1818446,698.89,1.29,2.2,134.6,18,0.04
H3,-236.5,481.05,107.9094244,-7.1818446,698.73,1.45,2.5,134.3,6,0.013
H3,-231.76,481.05,107.9094673,-7.1818446,698.57,1.56,2.7,133.9,20,0.045
H3,-227.02,481.05,107.9095102,-7.1818446,698.41,1.6,2.8,132.7,7,0.016
H3,-222.28,481.05,107.9095532,-7.1818446,698.3,1.57,2.7,130.2,14,0.031
H3,-217.54,481.05,107.9095961,-7.1818446,698.21,1.48,2.6,125.4,8,0.018
H3,-212.8,481.05,107.909639,-7.1818446,698.12,1.37,2.4,117.6,20,0.045
H3,-208.06,481.05,107.9096819,-7.1818446,698.03,1.25,2.2,106.1,21,0.047
H3,-203.32,481.05,107.9097248,-7.1818446,697.94,1.15,2.0,90.8,22,0.049
H3,-198.58,481.05,107.9097677,-7.1818446,697.85,1.1,1.9,72.5,2709,6.086
H3,-193.84,481.05,107.9098106,-7.1818446,697.75,1.09,1.9,52.3,41,0.092
H3,-189.1,481.05,107.9098536,-7.1818446,697.66,1.13,2.0,31.1,32,0.072
H3,-184.36,481.05,107.9098965,-7.1818446,697.64,1.24,2.2,9.8,39,0.088
H3,-179.62,481.05,107.9099394,-7.1818446,697.64,1.46,2.5,350.4,283,0.636
H3,-174.88,481.05,107.9099823,-7.1818446,697.64,1.79,3.1,334.9,8,0.018
H3,-170.14,481.05,107.9100252,-7.1818446,697.64,2.22,3.9,324.2,5,0.011
H3,-165.4,481.05,107.9100681,-7.1818446,697.8,2.68,4.7,317.7,8,0.018
H3,-160.66,481.05,107.9101111,-7.1818446,698.05,3.1,5.4,314.3,12,0.027
H3,-155.92,481.05,107.910154,-7.1818446,698.3,3.43,6.0,313.2,7,0.016
H3,-151.18,481.05,107.9101969,-7.1818446,698.55,3.62,6.3,313.8,6,0.013
H3,-146.44,481.05,107.9102398,-7.1818446,698.8,3.66,6.4,315.8,5,0.011
H3,-227.02,476.34,107.9095102,-7.1818872,698.18,1.52,2.7,133.1,21,0.047
H3,-222.28,476.34,107.9095532,-7.1818872,698.09,1.41,2.5,130.9,8,0.018
H3,-217.54,476.34,107.9095961,-7.1818872,698.07,1.25,2.2,126.5,15,0.034
H3,-212.8,476.34,107.909639,-7.1818872,698.04,1.08,1.9,118.3,16,0.036
H3,-208.06,476.34,107.9096819,-7.1818872,698.01,0.92,1.6,104.7,17,0.038
H3,-203.32,476.34,107.9097248,-7.1818872,697.98,0.83,1.4,85.5,2656,5.967
H3,-198.58,476.34,107.9097677,-7.1818872,697.95,0.81,1.4,62.9,30,0.067
H3,-193.84,476.34,107.9098106,-7.1818872,697.92,0.86,1.5,40.5,40,0.09
H3,-189.1,476.34,107.9098536,-7.1818872,697.89,0.97,1.7,19.5,31,0.07
H3,-184.36,476.34,107.9098965,-7.1818872,697.89,1.13,2.0,359.5,38,0.085
H3,-179.62,476.34,107.9099394,-7.1818872,697.89,1.39,2.4,341.8,282,0.634
H3,-174.88,476.34,107.9099823,-7.1818872,697.89,1.76,3.1,327.8,7,0.016
H3,-170.14,476.34,107.9100252,-7.1818872,697.89,2.22,3.9,318.4,4,0.009
H3,-165.4,476.34,107.9100681,-7.1818872,698.05,2.71,4.7,312.9,7,0.016
H3,-160.66,476.34,107.9101111,-7.1818872,698.3,3.15,5.5,310.3,5,0.011
H3,-155.92,476.34,107.910154,-7.1818872,698.55,3.47,6.1,309.8,6,0.013
H3,-151.18,476.34,107.9101969,-7.1818872,698.8,3.64,6.4,310.9,6,0.013
H3,-212.8,471.63,107.909639,-7.1819298,698.0,0.81,1.4,119.6,32,0.072
H3,-208.06,471.63,107.9096819,-7.1819298,698.0,0.64,1.1,104.6,2601,5.843
H3,-203.32,471.63,107.9097248,-7.1819298,698.0,0.55,1.0,81.4,37,0.083
H3,-198.58,471.63,107.9097677,-7.1819298,698.0,0.56,1.0,54.4,29,0.065
H3,-193.84,471.63,107.9098106,-7.1819298,698.0,0.63,1.1,29.9,39,0.088
H3,-189.1,471.63,107.9098536,-7.1819298,698.0,0.76,1.3,8.2,30,0.067
H3,-184.36,471.63,107.9098965,-7.1819298,698.0,0.95,1.7,348.1,37,0.083
H3,-179.62,471.63,107.9099394,-7.1819298,698.0,1.24,2.2,330.9,281,0.631
H3,-174.88,471.63,107.9099823,-7.1819298,698.0,1.66,2.9,318.3,6,0.013
H3,-170.14,471.63,107.9100252,-7.1819298,698.0,2.17,3.8,310.4,3,0.007
H3,-165.4,471.63,107.9100681,-7.1819298,698.19,2.7,4.7,306.3,3,0.007
H3,-160.66,471.63,107.9101111,-7.1819298,698.47,3.16,5.5,304.7,3,0.007
H3,-155.92,471.63,107.910154,-7.1819298,698.76,3.47,6.1,305.0,4,0.009
H3,-151.18,471.63,107.9101969,-7.1819298,699.04,3.6,6.3,306.7,5,0.011
H3,-198.58,466.92,107.9097677,-7.1819723,698.0,0.34,0.6,47.9,28,0.063
H3,-193.84,466.92,107.9098106,-7.1819723,698.0,0.41,0.7,19.1,38,0.085
H3,-189.1,466.92,107.9098536,-7.1819723,698.0,0.54,0.9,354.3,29,0.065
H3,-184.36,466.92,107.9098965,-7.1819723,698.0,0.75,1.3,332.8,36,0.081
H3,-179.62,466.92,107.9099394,-7.1819723,698.0,1.09,1.9,316.7,280,0.629
H3,-174.88,466.92,107.9099823,-7.1819723,698.0,1.57,2.7,306.5,5,0.011
H3,-170.14,466.92,107.9100252,-7.1819723,698.0,2.14,3.7,300.9,1,0.002
H3,-165.4,466.92,107.9100681,-7.1819723,698.23,2.7,4.7,298.4,1,0.002
H3,-160.66,466.92,107.9101111,-7.1819723,698.58,3.17,5.5,297.9,2,0.004
H3,-155.92,466.92,107.910154,-7.1819723,698.92,3.45,6.0,299.0,2,0.004
H3,-179.62,462.21,107.9099394,-7.1820149,698.0,1.0,1.7,299.6,279,0.627
H3,-174.88,462.21,107.9099823,-7.1820149,698.0,1.53,2.7,293.6,4,0.009
H3,-170.14,462.21,107.9100252,-7.1820149,698.0,2.14,3.7,290.8,3,0.007
H3,-165.4,462.21,107.9100681,-7.1820149,698.27,2.73,4.8,289.9,2,0.004
H3,-160.66,462.21,107.9101111,-7.1820149,698.68,3.19,5.6,290.5,1,0.002
H3,-155.92,462.21,107.910154,-7.1820149,699.09,3.44,6.0,291.9,1,0.002
H3,-160.66,457.5,107.9101111,-7.1820575,698.79,3.23,5.6,282.7,4,0.009
H3,-155.92,457.5,107.910154,-7.1820575,699.26,3.43,6.0,284.2,3,0.007
H2,294.38,203.23,107.9142309,-7.1843567,691.3,4.74,8.3,163.2,25,0.056
H2,313.34,203.23,107.9144026,-7.1843567,691.06,4.13,7.2,163.1,3,0.007
H2,275.42,198.52,107.9140593,-7.1843993,691.43,5.84,10.2,146.8,9,0.02
H2,280.16,198.52,107.9141022,-7.1843993,691.18,5.51,9.6,150.8,8,0.018
H2,284.9,198.52,107.9141451,-7.1843993,690.93,5.18,9.1,155.6,18,0.04
H2,289.64,198.52,107.914188,-7.1843993,690.8,4.91,8.6,160.5,30,0.067
H2,294.38,198.52,107.9142309,-7.1843993,690.8,4.69,8.2,164.6,26,0.058
H2,299.12,198.52,107.9142738,-7.1843993,690.8,4.52,7.9,167.1,22,0.049
H2,303.86,198.52,107.9143168,-7.1843993,690.8,4.37,7.6,167.9,23,0.052
H2,308.6,198.52,107.9143597,-7.1843993,690.75,4.22,7.4,167.0,25,0.056
H2,313.34,198.52,107.9144026,-7.1843993,690.66,4.09,7.1,165.1,4,0.009
H2,318.08,198.52,107.9144455,-7.1843993,690.55,3.99,7.0,162.9,26,0.058
H2,322.82,198.52,107.9144884,-7.1843993,690.46,3.95,6.9,161.4,75,0.168
H2,270.68,193.81,107.9140164,-7.1844419,691.18,5.92,10.4,143.5,11,0.025
H2,275.42,193.81,107.9140593,-7.1844419,690.93,5.62,9.8,146.3,10,0.022
H2,280.16,193.81,107.9141022,-7.1844419,690.69,5.28,9.2,150.4,10,0.022
H2,284.9,193.81,107.9141451,-7.1844419,690.44,4.96,8.7,155.5,27,0.061
H2,289.64,193.81,107.914188,-7.1844419,690.3,4.69,8.2,160.7,31,0.07
H2,294.38,193.81,107.9142309,-7.1844419,690.3,4.48,7.8,165.2,27,0.061
H2,299.12,193.81,107.9142738,-7.1844419,690.3,4.32,7.5,168.2,23,0.052
H2,303.86,193.81,107.9143168,-7.1844419,690.3,4.17,7.3,169.3,24,0.054
H2,308.6,193.81,107.9143597,-7.1844419,690.28,4.02,7.0,168.6,26,0.058
H2,313.34,193.81,107.9144026,-7.1844419,690.25,3.9,6.8,166.5,5,0.011
H2,318.08,193.81,107.9144455,-7.1844419,690.21,3.82,6.7,163.8,27,0.061
H2,322.82,193.81,107.9144884,-7.1844419,690.17,3.79,6.6,161.3,76,0.171
H2,270.68,189.1,107.9140164,-7.1844845,690.79,5.61,9.8,142.3,7,0.016
H2,275.42,189.1,107.9140593,-7.1844845,690.54,5.3,9.3,145.1,12,0.027
H2,280.16,189.1,107.9141022,-7.1844845,690.29,4.95,8.7,149.4,11,0.025
H2,284.9,189.1,107.9141451,-7.1844845,690.04,4.62,8.1,154.7,38,0.085
H2,289.64,189.1,107.914188,-7.1844845,689.9,4.35,7.6,160.3,32,0.072
H2,294.38,189.1,107.9142309,-7.1844845,689.9,4.14,7.2,165.3,28,0.063
H2,299.12,189.1,107.9142738,-7.1844845,689.9,3.97,6.9,168.9,24,0.054
H2,303.86,189.1,107.9143168,-7.1844845,689.9,3.82,6.7,170.4,25,0.056
H2,308.6,189.1,107.9143597,-7.1844845,689.9,3.69,6.4,169.8,27,0.061
H2,313.34,189.1,107.9144026,-7.1844845,689.9,3.58,6.3,167.5,6,0.013
H2,318.08,189.1,107.9144455,-7.1844845,689.9,3.52,6.2,164.0,28,0.063
H2,322.82,189.1,107.9144884,-7.1844845,689.9,3.52,6.2,160.5,77,0.173
H2,327.56,189.1,107.9145313,-7.1844845,689.79,3.57,6.2,158.0,1551,3.484
H2,270.68,184.39,107.9140164,-7.184527,690.54,5.25,9.2,140.6,7,0.016
H2,275.42,184.39,107.9140593,-7.184527,690.29,4.93,8.6,143.5,8,0.018
H2,280.16,184.39,107.9141022,-7.184527,690.04,4.57,8.0,147.9,13,0.029
H2,284.9,184.39,107.9141451,-7.184527,689.79,4.23,7.4,153.4,50,0.112
H2,289.64,184.39,107.914188,-7.184527,689.65,3.94,6.9,159.6,33,0.074
H2,294.38,184.39,107.9142309,-7.184527,689.65,3.71,6.5,165.2,29,0.065
H2,299.12,184.39,107.9142738,-7.184527,689.65,3.53,6.2,169.4,25,0.056
H2,303.86,184.39,107.9143168,-7.184527,689.65,3.38,5.9,171.3,26,0.058
H2,308.6,184.39,107.9143597,-7.184527,689.65,3.25,5.7,170.8,28,0.063
H2,313.34,184.39,107.9144026,-7.184527,689.65,3.16,5.5,167.9,7,0.016
H2,318.08,184.39,107.9144455,-7.184527,689.65,3.12,5.5,163.5,29,0.065
H2,322.82,184.39,107.9144884,-7.184527,689.65,3.15,5.5,158.7,78,0.175
H2,327.56,184.39,107.9145313,-7.184527,689.54,3.22,5.6,155.1,1,0.002
H2,270.68,179.68,107.9140164,-7.1845696,690.29,4.89,8.6,138.6,7,0.016
H2,275.42,179.68,107.9140593,-7.1845696,690.04,4.57,8.0,141.6,8,0.018
H2,280.16,179.68,107.9141022,-7.1845696,689.79,4.2,7.3,146.2,9,0.02
H2,284.9,179.68,107.9141451,-7.1845696,689.54,3.84,6.7,152.1,14,0.031
H2,289.64,179.68,107.914188,-7.1845696,689.4,3.51,6.1,158.8,84,0.189
H2,294.38,179.68,107.9142309,-7.1845696,689.4,3.25,5.7,165.3,30,0.067
H2,299.12,179.68,107.9142738,-7.1845696,689.4,3.05,5.3,170.2,26,0.058
H2,303.86,179.68,107.9143168,-7.1845696,689.4,2.89,5.0,172.5,27,0.061
H2,308.6,179.68,107.9143597,-7.1845696,689.4,2.76,4.8,171.7,29,0.065
H2,313.34,179.68,107.9144026,-7.1845696,689.4,2.67,4.7,167.9,8,0.018
H2,318.08,179.68,107.9144455,-7.1845696,689.4,2.65,4.6,162.1,30,0.067
H2,322.82,179.68,107.9144884,-7.1845696,689.4,2.71,4.7,155.8,1,0.002
H2,327.56,179.68,107.9145313,-7.1845696,689.29,2.81,4.9,151.0,79,0.177
H2,270.68,174.97,107.9140164,-7.1846122,690.04,4.57,8.0,136.2,7,0.016
H2,275.42,174.97,107.9140593,-7.1846122,689.79,4.25,7.4,139.6,8,0.018
H2,280.16,174.97,107.9141022,-7.1846122,689.54,3.86,6.7,144.5,9,0.02
H2,284.9,174.97,107.9141451,-7.1846122,689.29,3.46,6.0,151.0,10,0.022
H2,289.64,174.97,107.914188,-7.1846122,689.15,3.1,5.4,158.5,99,0.222
H2,294.38,174.97,107.9142309,-7.1846122,689.15,2.8,4.9,166.0,31,0.07
H2,299.12,174.97,107.9142738,-7.1846122,689.15,2.57,4.5,171.8,27,0.061
H2,303.86,174.97,107.9143168,-7.1846122,689.15,2.39,4.2,174.5,28,0.063
H2,308.6,174.97,107.9143597,-7.1846122,689.15,2.24,3.9,173.1,30,0.067
H2,313.34,174.97,107.9144026,-7.1846122,689.15,2.15,3.8,167.8,9,0.02
H2,318.08,174.97,107.9144455,-7.1846122,689.15,2.15,3.8,159.6,31,0.07
H2,322.82,174.97,107.9144884,-7.1846122,689.15,2.24,3.9,151.3,1,0.002
H2,327.56,174.97,107.9145313,-7.1846122,689.04,2.37,4.1,145.0,2,0.004
H2,270.68,170.26,107.9140164,-7.1846548,689.79,4.32,7.5,133.6,7,0.016
H2,275.42,170.26,107.9140593,-7.1846548,689.54,3.97,6.9,137.5,8,0.018
H2,280.16,170.26,107.9141022,-7.1846548,689.29,3.54,6.2,143.0,9,0.02
H2,284.9,170.26,107.9141451,-7.1846548,689.04,3.1,5.4,150.3,10,0.022
H2,289.64,170.26,107.914188,-7.1846548,688.91,2.69,4.7,159.1,110,0.247
H2,294.38,170.26,107.9142309,-7.1846548,688.94,2.36,4.1,168.1,32,0.072
H2,299.12,170.26,107.9142738,-7.1846548,688.96,2.11,3.7,175.2,28,0.063
H2,303.86,170.26,107.9143168,-7.1846548,688.98,1.9,3.3,178.3,29,0.065
H2,308.6,170.26,107.9143597,-7.1846548,689.0,1.73,3.0,175.9,31,0.07
H2,313.34,170.26,107.9144026,-7.1846548,689.0,1.63,2.9,167.7,10,0.022
H2,318.08,170.26,107.9144455,-7.1846548,689.0,1.65,2.9,155.8,1,0.002
H2,322.82,170.26,107.9144884,-7.1846548,689.0,1.79,3.1,144.4,32,0.072
H2,327.56,170.26,107.9145313,-7.1846548,688.89,1.97,3.4,136.7,2,0.004
H2,270.68,165.55,107.9140164,-7.1846974,689.54,4.12,7.2,130.9,7,0.016
H2,275.42,165.55,107.9140593,-7.1846974,689.29,3.72,6.5,135.4,8,0.018
H2,280.16,165.55,107.9141022,-7.1846974,689.04,3.24,5.7,141.7,9,0.02
H2,284.9,165.55,107.9141451,-7.1846974,688.79,2.74,4.8,150.2,20,0.045
H2,289.64,165.55,107.914188,-7.1846974,688.69,2.29,4.0,160.8,111,0.249
H2,294.38,165.55,107.9142309,-7.1846974,688.78,1.94,3.4,172.2,33,0.074
H2,299.12,165.55,107.9142738,-7.1846974,688.86,1.68,2.9,181.5,29,0.065
H2,303.86,165.55,107.9143168,-7.1846974,688.95,1.46,2.6,185.6,30,0.067
H2,308.6,165.55,107.9143597,-7.1846974,689.0,1.27,2.2,181.6,32,0.072
H2,313.34,165.55,107.9144026,-7.1846974,689.0,1.15,2.0,168.3,11,0.025
H2,318.08,165.55,107.9144455,-7.1846974,689.0,1.2,2.1,149.6,1,0.002
H2,322.82,165.55,107.9144884,-7.1846974,689.0,1.41,2.5,134.3,2,0.004
H2,327.56,165.55,107.9145313,-7.1846974,688.89,1.66,2.9,125.6,33,0.074
H2,332.3,165.55,107.9145743,-7.1846974,688.64,1.84,3.2,122.1,3,0.007
H2,337.04,165.55,107.9146172,-7.1846974,688.39,1.88,3.3,122.7,4,0.009
H2,341.78,165.55,107.9146601,-7.1846974,688.14,1.78,3.1,127.5,82,0.184
H2,346.52,165.55,107.914703,-7.1846974,688.0,1.59,2.8,137.4,5,0.011
H2,351.26,165.55,107.9147459,-7.1846974,688.0,1.44,2.5,153.5,1706,3.833
H2,356.0,165.55,107.9147888,-7.1846974,688.0,1.46,2.5,172.8,48,0.108
H2,360.74,165.55,107.9148317,-7.1846974,688.0,1.65,2.9,188.5,86,0.193
H2,365.48,165.55,107.9148747,-7.1846974,688.07,1.94,3.4,197.4,59,0.133
H2,370.22,165.55,107.9149176,-7.1846974,688.23,2.23,3.9,201.0,93,0.209
H2,374.96,165.55,107.9149605,-7.1846974,688.39,2.48,4.3,200.9,2,0.004
H2,379.7,165.55,107.9150034,-7.1846974,688.55,2.68,4.7,198.7,3,0.007
H2,270.68,160.85,107.9140164,-7.1847399,689.29,3.95,6.9,128.3,7,0.016
H2,275.42,160.85,107.9140593,-7.1847399,689.04,3.48,6.1,133.4,8,0.018
H2,280.16,160.85,107.9141022,-7.1847399,688.79,2.92,5.1,140.5,9,0.02
H2,284.9,160.85,107.9141451,-7.1847399,688.54,2.35,4.1,150.6,30,0.067
H2,289.64,160.85,107.914188,-7.1847399,688.47,1.87,3.3,164.2,142,0.319
H2,294.38,160.85,107.9142309,-7.1847399,688.62,1.53,2.7,179.8,176,0.395
H2,299.12,160.85,107.9142738,-7.1847399,688.77,1.3,2.3,193.0,206,0.463
H2,303.86,160.85,107.9143168,-7.1847399,688.92,1.09,1.9,199.1,31,0.07
H2,308.6,160.85,107.9143597,-7.1847399,689.0,0.86,1.5,193.8,33,0.074
H2,313.34,160.85,107.9144026,-7.1847399,689.0,0.7,1.2,170.6,12,0.027
H2,318.08,160.85,107.9144455,-7.1847399,689.0,0.81,1.4,138.5,1,0.002
H2,322.82,160.85,107.9144884,-7.1847399,689.0,1.13,2.0,119.9,2,0.004
H2,332.3,160.85,107.9145743,-7.1847399,688.64,1.7,3.0,110.3,39,0.088
H2,337.04,160.85,107.9146172,-7.1847399,688.39,1.77,3.1,111.6,43,0.097
H2,341.78,160.85,107.9146601,-7.1847399,688.14,1.68,2.9,116.4,48,0.108
H2,346.52,160.85,107.914703,-7.1847399,688.0,1.48,2.6,126.0,83,0.186
H2,351.26,160.85,107.9147459,-7.1847399,688.0,1.31,2.3,142.3,6,0.013
H2,356.0,160.85,107.9147888,-7.1847399,688.0,1.29,2.3,163.2,1755,3.943
H2,360.74,160.85,107.9148317,-7.1847399,688.0,1.47,2.6,180.7,87,0.195
H2,365.48,160.85,107.9148747,-7.1847399,688.04,1.75,3.1,191.0,60,0.135
H2,370.22,160.85,107.9149176,-7.1847399,688.14,2.06,3.6,195.3,94,0.211
H2,374.96,160.85,107.9149605,-7.1847399,688.24,2.33,4.1,195.9,3,0.007
H2,379.7,160.85,107.9150034,-7.1847399,688.34,2.57,4.5,194.3,4,0.009
H2,232.76,156.14,107.913673,-7.1847825,691.88,2.43,4.2,103.2,14,0.031
H2,237.5,156.14,107.9137159,-7.1847825,691.63,3.02,5.3,106.8,35977,80.824
H2,242.24,156.14,107.9137589,-7.1847825,691.38,3.56,6.2,109.4,35995,80.865
H2,270.68,156.14,107.9140164,-7.1847825,689.04,3.79,6.6,125.8,15,0.034
H2,275.42,156.14,107.9140593,-7.1847825,688.79,3.21,5.6,131.2,8,0.018
H2,280.16,156.14,107.9141022,-7.1847825,688.54,2.55,4.5,139.2,26,0.058
H2,284.9,156.14,107.9141451,-7.1847825,688.29,1.92,3.3,151.6,27,0.061
H2,289.64,156.14,107.914188,-7.1847825,688.25,1.43,2.5,170.5,28,0.063
H2,294.38,156.14,107.9142309,-7.1847825,688.46,1.15,2.0,193.8,29,0.065
H2,299.12,156.14,107.9142738,-7.1847825,688.67,1.0,1.7,213.3,30,0.067
H2,303.86,156.14,107.9143168,-7.1847825,688.88,0.83,1.4,223.9,268,0.602
H2,308.6,156.14,107.9143597,-7.1847825,689.0,0.55,1.0,222.4,302,0.678
H2,313.34,156.14,107.9144026,-7.1847825,689.0,0.28,0.5,179.4,1,0.002
H2,318.08,156.14,107.9144455,-7.1847825,689.0,0.52,0.9,113.0,14,0.031
H2,322.82,156.14,107.9144884,-7.1847825,689.0,0.98,1.7,100.5,16,0.036
H2,327.56,156.14,107.9145313,-7.1847825,688.89,1.39,2.4,98.2,17,0.038
H2,332.3,156.14,107.9145743,-7.1847825,688.64,1.67,2.9,99.0,18,0.04
H2,337.04,156.14,107.9146172,-7.1847825,688.39,1.78,3.1,101.7,19,0.043
H2,341.78,156.14,107.9146601,-7.1847825,688.14,1.71,3.0,107.1,20,0.045
H2,346.52,156.14,107.914703,-7.1847825,688.0,1.53,2.7,116.6,69,0.155
H2,351.26,156.14,107.9147459,-7.1847825,688.0,1.35,2.4,131.9,84,0.189
H2,356.0,156.14,107.9147888,-7.1847825,688.0,1.31,2.3,152.0,1762,3.958
H2,360.74,156.14,107.9148317,-7.1847825,688.0,1.45,2.5,170.4,88,0.198
H2,365.48,156.14,107.9148747,-7.1847825,688.02,1.71,3.0,182.1,61,0.137
H2,370.22,156.14,107.9149176,-7.1847825,688.05,2.0,3.5,187.8,95,0.213
H2,374.96,156.14,107.9149605,-7.1847825,688.09,2.27,4.0,189.7,4,0.009
H2,379.7,156.14,107.9150034,-7.1847825,688.13,2.51,4.4,189.3,5,0.011
H2,232.76,151.43,107.913673,-7.1848251,691.87,2.72,4.8,97.2,6,0.013
H2,237.5,151.43,107.9137159,-7.1848251,691.6,3.3,5.8,102.3,7,0.016
H2,242.24,151.43,107.9137589,-7.1848251,691.32,3.83,6.7,105.9,8,0.018
H2,246.98,151.43,107.9138018,-7.1848251,691.05,4.26,7.5,108.7,9,0.02
H2,251.72,151.43,107.9138447,-7.1848251,690.67,4.54,7.9,111.1,36010,80.899
H2,256.46,151.43,107.9138876,-7.1848251,690.17,4.63,8.1,113.6,18,0.04
H2,261.2,151.43,107.9139305,-7.1848251,689.68,4.49,7.9,116.2,7,0.016
H2,265.94,151.43,107.9139734,-7.1848251,689.18,4.13,7.2,119.3,17,0.038
H2,270.68,151.43,107.9140164,-7.1848251,688.8,3.58,6.2,123.2,8,0.018
H2,275.42,151.43,107.9140593,-7.1848251,688.57,2.87,5.0,128.7,24,0.054
H2,280.16,151.43,107.9141022,-7.1848251,688.35,2.11,3.7,137.5,25,0.056
H2,284.9,151.43,107.9141451,-7.1848251,688.12,1.41,2.5,153.6,26,0.058
H2,289.64,151.43,107.914188,-7.1848251,688.11,0.95,1.7,183.9,27,0.061
H2,294.38,151.43,107.9142309,-7.1848251,688.36,0.85,1.5,221.4,28,0.063
H2,299.12,151.43,107.9142738,-7.1848251,688.61,0.89,1.5,246.1,29,0.065
H2,303.86,151.43,107.9143168,-7.1848251,688.86,0.8,1.4,261.1,30,0.067
H2,308.6,151.43,107.9143597,-7.1848251,689.0,0.53,0.9,275.7,31,0.07
H2,313.34,151.43,107.9144026,-7.1848251,689.0,0.19,0.3,331.1,37100,83.347
H2,318.08,151.43,107.9144455,-7.1848251,689.0,0.49,0.9,63.4,37101,83.35
H2,322.82,151.43,107.9144884,-7.1848251,689.0,1.0,1.7,77.7,37103,83.354
H2,332.3,151.43,107.9145743,-7.1848251,688.64,1.76,3.1,88.6,37105,83.359
H2,337.04,151.43,107.9146172,-7.1848251,688.39,1.89,3.3,93.6,37106,83.361
H2,341.78,151.43,107.9146601,-7.1848251,688.14,1.85,3.2,100.1,37107,83.363
H2,346.52,151.43,107.914703,-7.1848251,687.99,1.7,3.0,109.8,37108,83.365
H2,351.26,151.43,107.9147459,-7.1848251,687.96,1.53,2.7,124.0,70,0.157
H2,356.0,151.43,107.9147888,-7.1848251,687.94,1.47,2.6,142.3,85,0.191
H2,360.74,151.43,107.9148317,-7.1848251,687.92,1.56,2.7,160.1,1851,4.158
H2,365.48,151.43,107.9148747,-7.1848251,687.91,1.77,3.1,172.9,62,0.139
H2,228.02,146.72,107.9136301,-7.1848677,692.05,2.55,4.5,85.1,5,0.011
H2,232.76,146.72,107.913673,-7.1848677,691.84,3.09,5.4,93.5,6,0.013
H2,237.5,146.72,107.9137159,-7.1848677,691.5,3.64,6.4,99.2,7,0.016
H2,242.24,146.72,107.9137589,-7.1848677,691.17,4.14,7.2,103.3,8,0.018
H2,246.98,146.72,107.9138018,-7.1848677,690.83,4.52,7.9,106.3,9,0.02
H2,251.72,146.72,107.9138447,-7.1848677,690.42,4.73,8.3,108.9,10,0.022
H2,256.46,146.72,107.9138876,-7.1848677,689.92,4.72,8.3,111.2,36021,80.923
H2,261.2,146.72,107.9139305,-7.1848677,689.43,4.47,7.8,113.6,36040,80.966
H2,265.94,146.72,107.9139734,-7.1848677,688.93,3.98,7.0,116.4,8,0.018
H2,270.68,146.72,107.9140164,-7.1848677,688.58,3.29,5.7,120.0,26,0.058
H2,275.42,146.72,107.9140593,-7.1848677,688.42,2.46,4.3,125.1,27,0.061
H2,280.16,146.72,107.9141022,-7.1848677,688.25,1.59,2.8,134.5,28,0.063
H2,284.9,146.72,107.9141451,-7.1848677,688.09,0.83,1.5,158.6,29,0.065
H2,289.64,146.72,107.914188,-7.1848677,688.11,0.58,1.0,222.7,30,0.067
H2,294.38,146.72,107.9142309,-7.1848677,688.36,0.87,1.5,263.9,31,0.07
H2,299.12,146.72,107.9142738,-7.1848677,688.61,1.08,1.9,280.4,32,0.072
H2,303.86,146.72,107.9143168,-7.1848677,688.86,1.07,1.9,293.3,33,0.074
H2,308.6,146.72,107.9143597,-7.1848677,689.0,0.89,1.5,311.6,36765,82.595
H2,313.34,146.72,107.9144026,-7.1848677,689.0,0.7,1.2,346.6,1,0.002
H2,318.08,146.72,107.9144455,-7.1848677,689.0,0.82,1.4,31.4,1,0.002
H2,322.82,146.72,107.9144884,-7.1848677,689.0,1.22,2.1,57.5,2,0.004
H2,327.56,146.72,107.9145313,-7.1848677,688.89,1.64,2.9,70.8,5,0.011
H2,332.3,146.72,107.9145743,-7.1848677,688.64,1.96,3.4,79.4,6,0.013
H2,337.04,146.72,107.9146172,-7.1848677,688.39,2.11,3.7,86.6,7,0.016
H2,341.78,146.72,107.9146601,-7.1848677,688.14,2.1,3.7,94.5,8,0.018
H2,346.52,146.72,107.914703,-7.1848677,687.96,1.97,3.4,104.6,9,0.02
H2,228.02,142.01,107.9136301,-7.1849103,692.08,2.98,5.2,83.2,6,0.013
H2,232.76,142.01,107.913673,-7.1849103,691.81,3.5,6.1,91.2,7,0.016
H2,237.5,142.01,107.9137159,-7.1849103,691.41,4.01,7.0,96.9,8,0.018
H2,242.24,142.01,107.9137589,-7.1849103,691.02,4.45,7.8,100.9,9,0.02
H2,246.98,142.01,107.9138018,-7.1849103,690.62,4.75,8.3,103.9,10,0.022
H2,251.72,142.01,107.9138447,-7.1849103,690.17,4.87,8.5,106.3,11,0.025
H2,256.46,142.01,107.9138876,-7.1849103,689.68,4.75,8.3,108.4,12,0.027
H2,261.2,142.01,107.9139305,-7.1849103,689.18,4.37,7.6,110.4,13,0.029
H2,265.94,142.01,107.9139734,-7.1849103,688.68,3.74,6.5,112.7,36054,80.997
H2,270.68,142.01,107.9140164,-7.1849103,688.36,2.92,5.1,115.4,36055,81.0
H2,275.42,142.01,107.9140593,-7.1849103,688.26,1.97,3.4,119.2,36056,81.002
H2,280.16,142.01,107.9141022,-7.1849103,688.16,0.99,1.7,127.6,36057,81.004
H2,284.9,142.01,107.9141451,-7.1849103,688.05,0.22,0.4,196.9,36058,81.006
H2,289.64,142.01,107.914188,-7.1849103,688.11,0.77,1.3,283.1,36059,81.009
H2,299.12,142.01,107.9142738,-7.1849103,688.61,1.56,2.7,302.0,36061,81.013
H2,303.86,142.01,107.9143168,-7.1849103,688.86,1.59,2.8,311.9,36722,82.498
H2,308.6,142.01,107.9143597,-7.1849103,689.0,1.44,2.5,327.2,1,0.002
H2,313.34,142.01,107.9144026,-7.1849103,689.0,1.3,2.3,350.9,8,0.018
H2,318.08,142.01,107.9144455,-7.1849103,689.0,1.35,2.4,20.0,1,0.002
H2,322.82,142.01,107.9144884,-7.1849103,689.0,1.63,2.8,44.2,2,0.004
H2,327.56,142.01,107.9145313,-7.1849103,688.89,1.99,3.5,60.3,4,0.009
H2,332.3,142.01,107.9145743,-7.1849103,688.64,2.29,4.0,71.6,5,0.011
H2,337.04,142.01,107.9146172,-7.1849103,688.39,2.45,4.3,80.8,6,0.013
H2,341.78,142.01,107.9146601,-7.1849103,688.14,2.44,4.3,89.8,7,0.016
H2,346.52,142.01,107.914703,-7.1849103,687.94,2.32,4.1,100.1,8,0.018
H2,223.28,137.3,107.9135872,-7.1849528,692.32,2.96,5.2,72.9,5,0.011
H2,228.02,137.3,107.9136301,-7.1849528,692.11,3.42,6.0,82.6,6,0.013
H2,232.76,137.3,107.913673,-7.1849528,691.78,3.91,6.8,89.7,7,0.016
H2,237.5,137.3,107.9137159,-7.1849528,691.32,4.37,7.6,94.7,8,0.018
H2,242.24,137.3,107.9137589,-7.1849528,690.86,4.73,8.3,98.3,9,0.02
H2,246.98,137.3,107.9138018,-7.1849528,690.4,4.95,8.7,101.0,10,0.022
H2,251.72,137.3,107.9138447,-7.1849528,689.92,4.96,8.7,103.0,11,0.025
H2,256.46,137.3,107.9138876,-7.1849528,689.43,4.72,8.2,104.7,12,0.027
H2,261.2,137.3,107.9139305,-7.1849528,688.93,4.21,7.4,106.1,13,0.029
H2,265.94,137.3,107.9139734,-7.1849528,688.43,3.44,6.0,107.4,14,0.031
H2,270.68,137.3,107.9140164,-7.1849528,688.14,2.49,4.4,108.3,15,0.034
H2,275.42,137.3,107.9140593,-7.1849528,688.1,1.44,2.5,107.9,16,0.036
H2,280.16,137.3,107.9141022,-7.1849528,688.06,0.39,0.7,95.8,17,0.038
H2,284.9,137.3,107.9141451,-7.1849528,688.02,0.61,1.1,309.4,18,0.04
H2,289.64,137.3,107.914188,-7.1849528,688.11,1.39,2.4,305.5,19,0.043
H2,294.38,137.3,107.9142309,-7.1849528,688.36,1.93,3.4,308.0,20,0.045
H2,299.12,137.3,107.9142738,-7.1849528,688.61,2.19,3.8,313.3,657,1.476
H2,303.86,137.3,107.9143168,-7.1849528,688.86,2.22,3.9,321.8,2,0.004
H2,308.6,137.3,107.9143597,-7.1849528,689.0,2.09,3.6,334.9,1,0.002
H2,313.34,137.3,107.9144026,-7.1849528,689.0,1.95,3.4,353.6,7,0.016
H2,318.08,137.3,107.9144455,-7.1849528,689.0,1.96,3.4,16.1,1,0.002
H2,322.82,137.3,107.9144884,-7.1849528,689.0,2.17,3.8,37.2,3,0.007
H2,327.56,137.3,107.9145313,-7.1849528,688.89,2.47,4.3,53.7,2,0.004
H2,332.3,137.3,107.9145743,-7.1849528,688.64,2.75,4.8,66.1,6,0.013
H2,337.04,137.3,107.9146172,-7.1849528,688.39,2.9,5.1,76.4,7,0.016
H2,341.78,137.3,107.9146601,-7.1849528,688.14,2.9,5.1,85.9,8,0.018
H2,346.52,137.3,107.914703,-7.1849528,687.91,2.76,4.8,96.1,9,0.02
H2,223.28,132.59,107.9135872,-7.1849954,692.41,3.35,5.8,75.1,6,0.013
H2,228.02,132.59,107.9136301,-7.1849954,692.14,3.83,6.7,83.0,7,0.016
H2,232.76,132.59,107.913673,-7.1849954,691.76,4.3,7.5,88.7,8,0.018
H2,237.5,132.59,107.9137159,-7.1849954,691.26,4.7,8.2,92.9,9,0.02
H2,242.24,132.59,107.9137589,-7.1849954,690.77,4.98,8.7,95.8,10,0.022
H2,246.98,132.59,107.9138018,-7.1849954,690.27,5.09,8.9,97.9,11,0.025
H2,251.72,132.59,107.9138447,-7.1849954,689.77,4.99,8.7,99.3,12,0.027
H2,256.46,132.59,107.9138876,-7.1849954,689.27,4.63,8.1,100.3,13,0.029
H2,261.2,132.59,107.9139305,-7.1849954,688.77,4.0,7.0,100.7,14,0.031
H2,265.94,132.59,107.9139734,-7.1849954,688.27,3.12,5.4,100.2,15,0.034
H2,270.68,132.59,107.9140164,-7.1849954,688.01,2.07,3.6,97.3,16,0.036
H2,275.42,132.59,107.9140593,-7.1849954,688.04,0.98,1.7,83.6,17,0.038
H2,280.16,132.59,107.9141022,-7.1849954,688.06,0.54,0.9,355.2,18,0.04
H2,284.9,132.59,107.9141451,-7.1849954,688.08,1.35,2.4,317.3,19,0.043
H2,289.64,132.59,107.914188,-7.1849954,688.21,2.1,3.7,312.8,20,0.045
H2,294.38,132.59,107.9142309,-7.1849954,688.49,2.62,4.6,314.2,631,1.418
H2,299.12,132.59,107.9142738,-7.1849954,688.76,2.86,5.0,318.8,3,0.007
H2,303.86,132.59,107.9143168,-7.1849954,689.03,2.86,5.0,326.8,2,0.004
H2,308.6,132.59,107.9143597,-7.1849954,689.19,2.71,4.7,338.9,1,0.002
H2,313.34,132.59,107.9144026,-7.1849954,689.19,2.56,4.5,355.5,6,0.013
H2,318.08,132.59,107.9144455,-7.1849954,689.19,2.55,4.5,15.4,2,0.004
H2,322.82,132.59,107.9144884,-7.1849954,689.19,2.73,4.8,34.8,1,0.002
H2,327.56,132.59,107.9145313,-7.1849954,689.06,3.02,5.3,50.9,3,0.007
H2,332.3,132.59,107.9145743,-7.1849954,688.76,3.29,5.8,63.5,4,0.009
H2,337.04,132.59,107.9146172,-7.1849954,688.47,3.45,6.0,73.9,5,0.011
H2,341.78,132.59,107.9146601,-7.1849954,688.17,3.44,6.0,83.3,6,0.013
H2,81.08,127.88,107.9122997,-7.185038,690.09,2.44,4.3,194.3,49,0.11
H2,85.82,127.88,107.9123427,-7.185038,690.25,2.65,4.6,203.2,50,0.112
H2,90.56,127.88,107.9123856,-7.185038,690.42,2.9,5.1,209.9,51,0.115
H2,95.3,127.88,107.9124285,-7.185038,690.58,3.13,5.5,214.5,52,0.117
H2,100.04,127.88,107.9124714,-7.185038,690.79,3.3,5.8,217.2,53,0.119
H2,104.78,127.88,107.9125143,-7.185038,691.04,3.39,5.9,218.4,54,0.121
H2,109.52,127.88,107.9125572,-7.185038,691.29,3.36,5.9,218.4,55,0.124
H2,114.26,127.88,107.9126001,-7.185038,691.54,3.22,5.6,217.4,56,0.126
H2,119.0,127.88,107.9126431,-7.185038,691.7,2.99,5.2,215.7,57,0.128
H2,123.74,127.88,107.912686,-7.185038,691.79,2.69,4.7,213.6,58,0.13
H2,223.28,127.88,107.9135872,-7.185038,692.51,3.67,6.4,78.2,2,0.004
H2,228.02,127.88,107.9136301,-7.185038,692.18,4.18,7.3,84.2,3,0.007
H2,232.76,127.88,107.913673,-7.185038,691.76,4.62,8.1,88.5,4,0.009
H2,237.5,127.88,107.9137159,-7.185038,691.26,4.96,8.7,91.5,5,0.011
H2,242.24,127.88,107.9137589,-7.185038,690.77,5.16,9.0,93.6,6,0.013
H2,246.98,127.88,107.9138018,-7.185038,690.27,5.18,9.1,94.9,7,0.016
H2,251.72,127.88,107.9138447,-7.185038,689.77,4.98,8.7,95.5,8,0.018
H2,256.46,127.88,107.9138876,-7.185038,689.27,4.51,7.9,95.5,9,0.02
H2,261.2,127.88,107.9139305,-7.185038,688.77,3.78,6.6,94.4,10,0.022
H2,265.94,127.88,107.9139734,-7.185038,688.27,2.81,4.9,91.2,11,0.025
H2,270.68,127.88,107.9140164,-7.185038,688.04,1.72,3.0,81.3,12,0.027
H2,275.42,127.88,107.9140593,-7.185038,688.12,0.86,1.5,41.0,13,0.029
H2,280.16,127.88,107.9141022,-7.185038,688.21,1.19,2.1,335.6,14,0.031
H2,289.64,127.88,107.914188,-7.185038,688.49,2.78,4.9,315.1,603,1.355
H2,294.38,127.88,107.9142309,-7.185038,688.83,3.25,5.7,316.5,4,0.009
H2,299.12,127.88,107.9142738,-7.185038,689.16,3.44,6.0,321.1,3,0.007
H2,303.86,127.88,107.9143168,-7.185038,689.5,3.39,5.9,329.0,2,0.004
H2,308.6,127.88,107.9143597,-7.185038,689.68,3.2,5.6,340.9,1,0.002
H2,313.34,127.88,107.9144026,-7.185038,689.68,3.02,5.3,357.2,5,0.011
H2,318.08,127.88,107.9144455,-7.185038,689.68,3.0,5.2,16.6,1,0.002
H2,322.82,127.88,107.9144884,-7.185038,689.68,3.2,5.6,35.6,2,0.004
H2,327.56,127.88,107.9145313,-7.185038,689.5,3.54,6.2,51.3,3,0.007
H2,332.3,127.88,107.9145743,-7.185038,689.09,3.86,6.8,63.6,4,0.009
H2,337.04,127.88,107.9146172,-7.185038,688.66,4.05,7.1,73.5,5,0.011
H2,341.78,127.88,107.9146601,-7.185038,688.24,4.04,7.1,82.2,6,0.013
H2,76.34,123.18,107.9122568,-7.1850806,690.05,2.14,3.7,182.6,54,0.121
H2,81.08,123.18,107.9122997,-7.1850806,690.05,2.24,3.9,194.0,55,0.124
H2,85.82,123.18,107.9123427,-7.1850806,690.16,2.42,4.2,203.8,56,0.126
H2,90.56,123.18,107.9123856,-7.1850806,690.26,2.66,4.6,211.1,57,0.128
H2,95.3,123.18,107.9124285,-7.1850806,690.36,2.9,5.1,215.9,58,0.13
H2,100.04,123.18,107.9124714,-7.1850806,690.54,3.11,5.4,218.7,59,0.133
H2,104.78,123.18,107.9125143,-7.1850806,690.79,3.24,5.7,220.0,60,0.135
H2,109.52,123.18,107.9125572,-7.1850806,691.04,3.27,5.7,220.3,61,0.137
H2,114.26,123.18,107.9126001,-7.1850806,691.29,3.2,5.6,219.9,62,0.139
H2,119.0,123.18,107.9126431,-7.1850806,691.49,3.02,5.3,219.1,63,0.142
H2,123.74,123.18,107.912686,-7.1850806,691.63,2.75,4.8,218.2,64,0.144
H2,128.48,123.18,107.9127289,-7.1850806,691.78,2.42,4.2,217.4,65,0.146
H2,133.22,123.18,107.9127718,-7.1850806,691.93,2.07,3.6,217.0,66,0.148
H2,223.28,123.18,107.9135872,-7.1850806,692.61,3.92,6.9,82.3,3,0.007
H2,228.02,123.18,107.9136301,-7.1850806,692.21,4.44,7.8,86.3,4,0.009
H2,232.76,123.18,107.913673,-7.1850806,691.76,4.85,8.5,89.0,5,0.011
H2,237.5,123.18,107.9137159,-7.1850806,691.26,5.13,9.0,90.9,6,0.013
H2,242.24,123.18,107.9137589,-7.1850806,690.77,5.26,9.2,92.0,7,0.016
H2,246.98,123.18,107.9138018,-7.1850806,690.27,5.2,9.1,92.4,8,0.018
H2,251.72,123.18,107.9138447,-7.1850806,689.77,4.92,8.6,92.1,9,0.02
H2,256.46,123.18,107.9138876,-7.1850806,689.27,4.37,7.6,90.8,10,0.022
H2,261.2,123.18,107.9139305,-7.1850806,688.77,3.56,6.2,87.9,11,0.025
H2,265.94,123.18,107.9139734,-7.1850806,688.27,2.55,4.5,80.9,12,0.027
H2,275.42,123.18,107.9140593,-7.1850806,688.21,1.14,2.0,7.7,14,0.031
H2,280.16,123.18,107.9141022,-7.1850806,688.36,1.81,3.2,329.0,15,0.034
H2,284.9,123.18,107.9141451,-7.1850806,688.51,2.67,4.7,317.6,578,1.299
H2,289.64,123.18,107.914188,-7.1850806,688.77,3.35,5.9,315.1,5,0.011
H2,294.38,123.18,107.9142309,-7.1850806,689.17,3.76,6.6,316.6,4,0.009
H2,299.12,123.18,107.9142738,-7.1850806,689.56,3.87,6.8,321.2,3,0.007
H2,303.86,123.18,107.9143168,-7.1850806,689.96,3.73,6.5,329.3,2,0.004
H2,308.6,123.18,107.9143597,-7.1850806,690.18,3.46,6.0,341.7,1,0.002
H2,313.34,123.18,107.9144026,-7.1850806,690.18,3.23,5.6,359.0,4,0.009
H2,318.08,123.18,107.9144455,-7.1850806,690.18,3.24,5.7,19.6,1,0.002
H2,322.82,123.18,107.9144884,-7.1850806,690.18,3.52,6.2,39.0,2,0.004
H2,327.56,123.18,107.9145313,-7.1850806,689.95,3.97,6.9,54.4,3,0.007
H2,332.3,123.18,107.9145743,-7.1850806,689.41,4.39,7.7,65.9,5,0.011
H2,337.04,123.18,107.9146172,-7.1850806,688.86,4.64,8.1,74.8,6,0.013
H2,341.78,123.18,107.9146601,-7.1850806,688.32,4.64,8.1,82.3,7,0.016
H2,28.94,118.47,107.9118277,-7.1851231,691.0,0.85,1.5,132.8,76,0.171
H2,33.68,118.47,107.9118706,-7.1851231,691.0,1.18,2.1,133.1,77,0.173
H2,38.42,118.47,107.9119135,-7.1851231,691.0,1.51,2.6,134.5,78,0.175
H2,71.6,118.47,107.9122139,-7.1851231,690.06,2.13,3.7,171.3,85,0.191
H2,76.34,118.47,107.9122568,-7.1851231,690.02,2.09,3.7,182.6,86,0.193
H2,81.08,118.47,107.9122997,-7.1851231,690.02,2.15,3.7,194.1,87,0.195
H2,85.82,118.47,107.9123427,-7.1851231,690.06,2.29,4.0,204.1,88,0.198
H2,90.56,118.47,107.9123856,-7.1851231,690.1,2.5,4.4,211.5,89,0.2
H2,95.3,118.47,107.9124285,-7.1851231,690.14,2.73,4.8,216.4,90,0.202
H2,100.04,118.47,107.9124714,-7.1851231,690.29,2.95,5.2,219.3,91,0.204
H2,104.78,118.47,107.9125143,-7.1851231,690.54,3.11,5.4,220.7,92,0.207
H2,109.52,118.47,107.9125572,-7.1851231,690.79,3.2,5.6,221.4,93,0.209
H2,114.26,118.47,107.9126001,-7.1851231,691.04,3.19,5.6,221.5,94,0.211
H2,119.0,118.47,107.9126431,-7.1851231,691.27,3.07,5.4,221.6,95,0.213
H2,123.74,118.47,107.912686,-7.1851231,691.48,2.86,5.0,221.7,96,0.216
H2,128.48,118.47,107.9127289,-7.1851231,691.69,2.57,4.5,222.1,97,0.218
H2,133.22,118.47,107.9127718,-7.1851231,691.9,2.24,3.9,223.2,98,0.22
H2,223.28,118.47,107.9135872,-7.1851231,692.7,4.09,7.2,87.2,4,0.009
H2,228.02,118.47,107.9136301,-7.1851231,692.24,4.6,8.0,89.2,5,0.011
H2,232.76,118.47,107.913673,-7.1851231,691.76,4.98,8.7,90.5,6,0.013
H2,237.5,118.47,107.9137159,-7.1851231,691.26,5.22,9.1,91.2,7,0.016
H2,242.24,118.47,107.9137589,-7.1851231,690.77,5.29,9.3,91.3,8,0.018
H2,246.98,118.47,107.9138018,-7.1851231,690.27,5.16,9.0,90.8,9,0.02
H2,251.72,118.47,107.9138447,-7.1851231,689.77,4.8,8.4,89.5,10,0.022
H2,256.46,118.47,107.9138876,-7.1851231,689.27,4.19,7.3,86.9,11,0.025
H2,261.2,118.47,107.9139305,-7.1851231,688.77,3.34,5.8,81.8,12,0.027
H2,265.94,118.47,107.9139734,-7.1851231,688.27,2.34,4.1,70.5,13,0.029
H2,270.68,118.47,107.9140164,-7.1851231,688.1,1.5,2.6,40.9,509,1.143
H2,275.42,118.47,107.9140593,-7.1851231,688.3,1.53,2.7,350.8,538,1.209
H2,280.16,118.47,107.9141022,-7.1851231,688.52,2.32,4.1,324.8,551,1.238
H2,284.9,118.47,107.9141451,-7.1851231,688.73,3.16,5.5,316.1,6,0.013
H2,289.64,118.47,107.914188,-7.1851231,689.05,3.78,6.6,313.9,5,0.011
H2,294.38,118.47,107.9142309,-7.1851231,689.51,4.1,7.2,315.4,4,0.009
H2,299.12,118.47,107.9142738,-7.1851231,689.96,4.1,7.2,320.0,3,0.007
H2,303.86,118.47,107.9143168,-7.1851231,690.43,3.83,6.7,328.4,2,0.004
H2,308.6,118.47,107.9143597,-7.1851231,690.68,3.45,6.0,341.9,1,0.002
H2,313.34,118.47,107.9144026,-7.1851231,690.68,3.18,5.6,1.6,3,0.007
H2,318.08,118.47,107.9144455,-7.1851231,690.68,3.25,5.7,24.6,1,0.002
H2,322.82,118.47,107.9144884,-7.1851231,690.68,3.69,6.4,44.8,2,0.004
H2,327.56,118.47,107.9145313,-7.1851231,690.39,4.3,7.5,59.4,4,0.009
H2,332.3,118.47,107.9145743,-7.1851231,689.73,4.85,8.5,69.6,1,0.002
H2,337.04,118.47,107.9146172,-7.1851231,689.06,5.18,9.1,77.1,2,0.004
H2,14.72,113.76,107.9116989,-7.1851657,691.0,0.08,0.1,188.0,35,0.079
H2,19.46,113.76,107.9117418,-7.1851657,691.0,0.38,0.7,132.3,36,0.081
H2,24.2,113.76,107.9117848,-7.1851657,690.99,0.73,1.3,128.5,37,0.083
H2,28.94,113.76,107.9118277,-7.1851657,690.96,1.09,1.9,128.7,38,0.085
H2,33.68,113.76,107.9118706,-7.1851657,690.94,1.46,2.5,130.1,39,0.088
H2,38.42,113.76,107.9119135,-7.1851657,690.92,1.81,3.2,131.9,40,0.09
H2,43.16,113.76,107.9119564,-7.1851657,690.77,2.11,3.7,134.3,41,0.092
H2,47.9,113.76,107.9119993,-7.1851657,690.52,2.33,4.1,137.3,42,0.094
H2,52.64,113.76,107.9120422,-7.1851657,690.27,2.45,4.3,141.4,43,0.097
H2,57.38,113.76,107.9120852,-7.1851657,690.02,2.46,4.3,146.7,44,0.099
H2,71.6,113.76,107.9122139,-7.1851657,689.91,2.18,3.8,172.0,47,0.106
H2,76.34,113.76,107.9122568,-7.1851657,689.91,2.13,3.7,183.3,48,0.108
H2,81.08,113.76,107.9122997,-7.1851657,689.92,2.16,3.8,194.4,49,0.11
H2,85.82,113.76,107.9123427,-7.1851657,689.95,2.28,4.0,204.0,50,0.112
H2,90.56,113.76,107.9123856,-7.1851657,689.97,2.45,4.3,211.1,51,0.115
H2,95.3,113.76,107.9124285,-7.1851657,689.99,2.65,4.6,215.9,52,0.117
H2,100.04,113.76,107.9124714,-7.1851657,690.12,2.85,5.0,218.8,53,0.119
H2,104.78,113.76,107.9125143,-7.1851657,690.35,3.02,5.3,220.5,54,0.121
H2,109.52,113.76,107.9125572,-7.1851657,690.58,3.15,5.5,221.5,55,0.124
H2,114.26,113.76,107.9126001,-7.1851657,690.8,3.2,5.6,222.3,56,0.126
H2,119.0,113.76,107.9126431,-7.1851657,691.04,3.15,5.5,223.1,57,0.128
H2,123.74,113.76,107.912686,-7.1851657,691.29,3.0,5.2,224.2,58,0.13
H2,128.48,113.76,107.9127289,-7.1851657,691.54,2.76,4.8,225.5,59,0.133
H2,133.22,113.76,107.9127718,-7.1851657,691.79,2.47,4.3,227.6,60,0.135
H2,223.28,113.76,107.9135872,-7.1851657,692.73,4.19,7.3,92.8,5,0.011
H2,228.02,113.76,107.9136301,-7.1851657,692.25,4.68,8.2,93.0,6,0.013
H2,232.76,113.76,107.913673,-7.1851657,691.76,5.02,8.8,92.9,7,0.016
H2,237.5,113.76,107.9137159,-7.1851657,691.26,5.21,9.1,92.5,8,0.018
H2,242.24,113.76,107.9137589,-7.1851657,690.77,5.23,9.1,91.7,9,0.02
H2,246.98,113.76,107.9138018,-7.1851657,690.27,5.04,8.8,90.4,10,0.022
H2,251.72,113.76,107.9138447,-7.1851657,689.78,4.62,8.1,88.1,11,0.025
H2,256.46,113.76,107.9138876,-7.1851657,689.3,3.96,6.9,84.2,12,0.027
H2,261.2,113.76,107.9139305,-7.1851657,688.82,3.09,5.4,76.8,13,0.029
H2,265.94,113.76,107.9139734,-7.1851657,688.35,2.14,3.7,60.8,26,0.058
H2,270.68,113.76,107.9140164,-7.1851657,688.2,1.53,2.7,23.7,469,1.054
H2,275.42,113.76,107.9140593,-7.1851657,688.45,1.87,3.3,340.9,28,0.063
H2,280.16,113.76,107.9141022,-7.1851657,688.7,2.71,4.7,321.3,6,0.013
H2,284.9,113.76,107.9141451,-7.1851657,688.95,3.51,6.1,314.0,6,0.013
H2,289.64,113.76,107.914188,-7.1851657,689.31,4.05,7.1,312.0,5,0.011
H2,294.38,113.76,107.9142309,-7.1851657,689.81,4.26,7.5,313.3,4,0.009
H2,299.12,113.76,107.9142738,-7.1851657,690.31,4.13,7.2,317.9,3,0.007
H2,303.86,113.76,107.9143168,-7.1851657,690.81,3.72,6.5,326.6,2,0.004
H2,308.6,113.76,107.9143597,-7.1851657,691.08,3.21,5.6,341.9,1,0.002
H2,313.34,113.76,107.9144026,-7.1851657,691.06,2.91,5.1,5.4,2,0.004
H2,318.08,113.76,107.9144455,-7.1851657,691.04,3.11,5.4,31.9,1,0.002
H2,322.82,113.76,107.9144884,-7.1851657,691.01,3.76,6.6,52.4,3,0.007
H2,327.56,113.76,107.9145313,-7.1851657,690.68,4.56,8.0,65.5,4,0.009
H2,332.3,113.76,107.9145743,-7.1851657,689.93,5.24,9.2,74.0,5,0.011
H2,337.04,113.76,107.9146172,-7.1851657,689.18,5.64,9.9,80.0,6,0.013
H2,9.98,109.05,107.911656,-7.1852083,691.0,0.17,0.3,323.6,38,0.085
H2,14.72,109.05,107.9116989,-7.1852083,691.0,0.19,0.3,111.1,39,0.088
H2,19.46,109.05,107.9117418,-7.1852083,691.0,0.55,1.0,119.3,40,0.09
H2,24.2,109.05,107.9117848,-7.1852083,690.95,0.94,1.6,121.7,41,0.092
H2,28.94,109.05,107.9118277,-7.1852083,690.87,1.33,2.3,123.8,42,0.094
H2,33.68,109.05,107.9118706,-7.1852083,690.78,1.71,3.0,126.0,43,0.097
H2,38.42,109.05,107.9119135,-7.1852083,690.7,2.05,3.6,128.3,44,0.099
H2,43.16,109.05,107.9119564,-7.1852083,690.52,2.33,4.1,131.0,45,0.101
H2,47.9,109.05,107.9119993,-7.1852083,690.27,2.51,4.4,134.4,46,0.103
H2,52.64,109.05,107.9120422,-7.1852083,690.02,2.57,4.5,138.9,47,0.106
H2,57.38,109.05,107.9120852,-7.1852083,689.77,2.54,4.4,144.9,48,0.108
H2,62.12,109.05,107.9121281,-7.1852083,689.66,2.44,4.3,152.5,49,0.11
H2,66.86,109.05,107.912171,-7.1852083,689.66,2.32,4.1,162.0,50,0.112
H2,71.6,109.05,107.9122139,-7.1852083,689.66,2.23,3.9,172.8,51,0.115
H2,76.34,109.05,107.9122568,-7.1852083,689.66,2.21,3.9,184.1,52,0.117
H2,81.08,109.05,107.9122997,-7.1852083,689.71,2.25,3.9,194.6,53,0.119
H2,85.82,109.05,107.9123427,-7.1852083,689.79,2.36,4.1,203.3,54,0.121
H2,90.56,109.05,107.9123856,-7.1852083,689.88,2.5,4.4,209.8,55,0.124
H2,95.3,109.05,107.9124285,-7.1852083,689.96,2.66,4.7,214.2,56,0.126
H2,100.04,109.05,107.9124714,-7.1852083,690.09,2.84,5.0,217.1,57,0.128
H2,104.78,109.05,107.9125143,-7.1852083,690.25,3.0,5.2,219.2,58,0.13
H2,109.52,109.05,107.9125572,-7.1852083,690.42,3.14,5.5,220.8,59,0.133
H2,114.26,109.05,107.9126001,-7.1852083,690.58,3.22,5.6,222.4,60,0.135
H2,119.0,109.05,107.9126431,-7.1852083,690.79,3.23,5.6,224.2,61,0.137
H2,123.74,109.05,107.912686,-7.1852083,691.04,3.14,5.5,226.2,62,0.139
H2,128.48,109.05,107.9127289,-7.1852083,691.29,2.96,5.2,228.5,63,0.142
H2,133.22,109.05,107.9127718,-7.1852083,691.54,2.71,4.7,231.4,64,0.144
H2,223.28,109.05,107.9135872,-7.1852083,692.63,4.25,7.4,98.6,4,0.009
H2,228.02,109.05,107.9136301,-7.1852083,692.21,4.68,8.2,97.2,5,0.011
H2,232.76,109.05,107.913673,-7.1852083,691.76,4.99,8.7,96.0,6,0.013
H2,237.5,109.05,107.9137159,-7.1852083,691.26,5.14,9.0,94.7,7,0.016
H2,242.24,109.05,107.9137589,-7.1852083,690.77,5.1,8.9,93.2,8,0.018
H2,246.98,109.05,107.9138018,-7.1852083,690.27,4.85,8.5,91.2,9,0.02
H2,251.72,109.05,107.9138447,-7.1852083,689.8,4.37,7.6,88.1,10,0.022
H2,256.46,109.05,107.9138876,-7.1852083,689.39,3.66,6.4,82.9,11,0.025
H2,261.2,109.05,107.9139305,-7.1852083,688.98,2.78,4.9,73.3,12,0.027
H2,265.94,109.05,107.9139734,-7.1852083,688.57,1.91,3.3,52.0,12,0.027
H2,270.68,109.05,107.9140164,-7.1852083,688.45,1.57,2.7,9.4,456,1.024
H2,275.42,109.05,107.9140593,-7.1852083,688.7,2.13,3.7,333.3,21,0.047
H2,280.16,109.05,107.9141022,-7.1852083,688.95,2.99,5.2,317.8,6,0.013
H2,284.9,109.05,107.9141451,-7.1852083,689.2,3.72,6.5,311.5,5,0.011
H2,289.64,109.05,107.914188,-7.1852083,689.56,4.18,7.3,309.7,5,0.011
H2,294.38,109.05,107.9142309,-7.1852083,690.06,4.27,7.5,310.8,4,0.009
H2,299.12,109.05,107.9142738,-7.1852083,690.56,4.0,7.0,315.2,3,0.007
H2,9.98,104.34,107.911656,-7.1852509,691.0,0.23,0.4,34.4,38,0.085
H2,14.72,104.34,107.9116989,-7.1852509,691.0,0.39,0.7,94.9,39,0.088
H2,19.46,104.34,107.9117418,-7.1852509,691.0,0.75,1.3,109.6,40,0.09
H2,24.2,104.34,107.9117848,-7.1852509,690.91,1.14,2.0,114.8,41,0.092
H2,28.94,104.34,107.9118277,-7.1852509,690.77,1.54,2.7,118.1,42,0.094
H2,33.68,104.34,107.9118706,-7.1852509,690.62,1.92,3.4,120.8,43,0.097
H2,38.42,104.34,107.9119135,-7.1852509,690.47,2.24,3.9,123.5,44,0.099
H2,43.16,104.34,107.9119564,-7.1852509,690.27,2.48,4.3,126.5,45,0.101
H2,47.9,104.34,107.9119993,-7.1852509,690.02,2.6,4.5,130.2,46,0.103
H2,52.64,104.34,107.9120422,-7.1852509,689.77,2.62,4.6,135.0,47,0.106
H2,57.38,104.34,107.9120852,-7.1852509,689.52,2.54,4.4,141.6,48,0.108
H2,62.12,104.34,107.9121281,-7.1852509,689.41,2.42,4.2,150.2,49,0.11
H2,66.86,104.34,107.912171,-7.1852509,689.41,2.31,4.0,160.8,50,0.112
H2,71.6,104.34,107.9122139,-7.1852509,689.41,2.26,3.9,172.5,51,0.115
H2,76.34,104.34,107.9122568,-7.1852509,689.41,2.28,4.0,184.0,52,0.117
H2,81.08,104.34,107.9122997,-7.1852509,689.49,2.37,4.1,194.1,53,0.119
H2,85.82,104.34,107.9123427,-7.1852509,689.64,2.49,4.4,202.0,54,0.121
H2,90.56,104.34,107.9123856,-7.1852509,689.79,2.63,4.6,207.7,55,0.124
H2,95.3,104.34,107.9124285,-7.1852509,689.93,2.77,4.8,211.8,56,0.126
H2,100.04,104.34,107.9124714,-7.1852509,690.05,2.91,5.1,214.7,57,0.128
H2,104.78,104.34,107.9125143,-7.1852509,690.16,3.05,5.3,217.2,58,0.13
H2,109.52,104.34,107.9125572,-7.1852509,690.26,3.18,5.6,219.7,59,0.133
H2,114.26,104.34,107.9126001,-7.1852509,690.36,3.28,5.7,222.4,60,0.135
H2,119.0,104.34,107.9126431,-7.1852509,690.54,3.32,5.8,225.3,61,0.137
H2,123.74,104.34,107.912686,-7.1852509,690.79,3.27,5.7,228.4,62,0.139
H2,128.48,104.34,107.9127289,-7.1852509,691.04,3.13,5.5,231.7,63,0.142
H2,133.22,104.34,107.9127718,-7.1852509,691.29,2.93,5.1,235.4,64,0.144
H2,228.02,104.34,107.9136301,-7.1852509,692.18,4.65,8.1,101.5,4,0.009
H2,232.76,104.34,107.913673,-7.1852509,691.76,4.91,8.6,99.4,5,0.011
H2,237.5,104.34,107.9137159,-7.1852509,691.26,5.02,8.8,97.5,6,0.013
H2,242.24,104.34,107.9137589,-7.1852509,690.77,4.93,8.6,95.5,7,0.016
H2,246.98,104.34,107.9138018,-7.1852509,690.27,4.61,8.1,93.0,8,0.018
H2,251.72,104.34,107.9138447,-7.1852509,689.84,4.07,7.1,89.3,9,0.02
H2,256.46,104.34,107.9138876,-7.1852509,689.48,3.31,5.8,83.1,10,0.022
H2,261.2,104.34,107.9139305,-7.1852509,689.13,2.42,4.2,71.0,11,0.025
H2,265.94,104.34,107.9139734,-7.1852509,688.78,1.63,2.8,43.3,11,0.025
H2,270.68,104.34,107.9140164,-7.1852509,688.7,1.58,2.8,356.1,444,0.997
H2,275.42,104.34,107.9140593,-7.1852509,688.95,2.3,4.0,326.3,14,0.031
H2,280.16,104.34,107.9141022,-7.1852509,689.2,3.16,5.5,314.0,6,0.013
H2,284.9,104.34,107.9141451,-7.1852509,689.45,3.83,6.7,308.8,5,0.011
H2,289.64,104.34,107.914188,-7.1852509,689.81,4.19,7.3,307.1,4,0.009
H2,294.38,104.34,107.9142309,-7.1852509,690.31,4.16,7.3,308.1,4,0.009
H2,299.12,104.34,107.9142738,-7.1852509,690.81,3.76,6.6,312.4,3,0.007
H2,9.98,99.63,107.911656,-7.1852935,691.0,0.47,0.8,55.2,45,0.101
H2,14.72,99.63,107.9116989,-7.1852935,691.0,0.62,1.1,87.4,46,0.103
H2,19.46,99.63,107.9117418,-7.1852935,691.0,0.95,1.7,101.7,47,0.106
H2,24.2,99.63,107.9117848,-7.1852935,690.88,1.34,2.3,108.0,48,0.108
H2,28.94,99.63,107.9118277,-7.1852935,690.67,1.73,3.0,111.7,49,0.11
H2,33.68,99.63,107.9118706,-7.1852935,690.46,2.08,3.6,114.7,50,0.112
H2,38.42,99.63,107.9119135,-7.1852935,690.25,2.37,4.1,117.5,51,0.115
H2,43.16,99.63,107.9119564,-7.1852935,690.02,2.56,4.5,120.6,52,0.117
H2,47.9,99.63,107.9119993,-7.1852935,689.77,2.63,4.6,124.3,53,0.119
H2,52.64,99.63,107.9120422,-7.1852935,689.52,2.59,4.5,129.4,54,0.121
H2,57.38,99.63,107.9120852,-7.1852935,689.27,2.48,4.3,136.4,55,0.124
H2,62.12,99.63,107.9121281,-7.1852935,689.16,2.35,4.1,145.8,56,0.126
H2,66.86,99.63,107.912171,-7.1852935,689.16,2.25,3.9,157.5,57,0.128
H2,71.6,99.63,107.9122139,-7.1852935,689.16,2.23,3.9,170.4,58,0.13
H2,76.34,99.63,107.9122568,-7.1852935,689.16,2.31,4.0,182.5,59,0.133
H2,81.08,99.63,107.9122997,-7.1852935,689.28,2.46,4.3,192.5,60,0.135
H2,85.82,99.63,107.9123427,-7.1852935,689.48,2.63,4.6,200.0,61,0.137
H2,90.56,99.63,107.9123856,-7.1852935,689.7,2.79,4.9,205.4,62,0.139
H2,95.3,99.63,107.9124285,-7.1852935,689.9,2.93,5.1,209.3,63,0.142
H2,100.04,99.63,107.9124714,-7.1852935,690.02,3.05,5.3,212.4,64,0.144
H2,104.78,99.63,107.9125143,-7.1852935,690.06,3.17,5.5,215.5,65,0.146
H2,109.52,99.63,107.9125572,-7.1852935,690.1,3.27,5.7,219.1,66,0.148
H2,114.26,99.63,107.9126001,-7.1852935,690.14,3.36,5.9,223.0,67,0.151
H2,119.0,99.63,107.9126431,-7.1852935,690.29,3.41,6.0,227.2,68,0.153
H2,123.74,99.63,107.912686,-7.1852935,690.54,3.39,5.9,231.5,69,0.155
H2,128.48,99.63,107.9127289,-7.1852935,690.79,3.29,5.8,235.8,70,0.157
H2,133.22,99.63,107.9127718,-7.1852935,691.04,3.13,5.5,240.2,3344,7.512
H2,218.54,99.63,107.9135443,-7.1852935,692.73,3.84,6.7,111.5,1,0.002
H2,223.28,99.63,107.9135872,-7.1852935,692.44,4.25,7.4,108.0,2,0.004
H2,228.02,99.63,107.9136301,-7.1852935,692.15,4.58,8.0,105.0,3,0.007
H2,232.76,99.63,107.913673,-7.1852935,691.76,4.8,8.4,102.4,4,0.009
H2,237.5,99.63,107.9137159,-7.1852935,691.26,4.86,8.5,100.1,5,0.011
H2,242.24,99.63,107.9137589,-7.1852935,690.77,4.72,8.3,97.8,6,0.013
H2,270.68,99.63,107.9140164,-7.1852935,688.95,1.6,2.8,342.9,40,0.09
H2,275.42,99.63,107.9140593,-7.1852935,689.2,2.44,4.3,319.6,7,0.016
H2,280.16,99.63,107.9141022,-7.1852935,689.45,3.26,5.7,310.1,6,0.013
H2,9.98,94.92,107.911656,-7.185336,691.0,0.74,1.3,60.8,34,0.076
H2,14.72,94.92,107.9116989,-7.185336,691.0,0.86,1.5,82.1,35,0.079
H2,19.46,94.92,107.9117418,-7.185336,691.0,1.15,2.0,94.9,36,0.081
H2,24.2,94.92,107.9117848,-7.185336,690.86,1.52,2.6,101.5,37,0.083
H2,28.94,94.92,107.9118277,-7.185336,690.61,1.89,3.3,105.4,38,0.085
H2,33.68,94.92,107.9118706,-7.185336,690.36,2.22,3.9,108.3,39,0.088
H2,38.42,94.92,107.9119135,-7.185336,690.11,2.46,4.3,111.0,40,0.09
H2,43.16,94.92,107.9119564,-7.185336,689.86,2.6,4.5,113.8,41,0.092
H2,47.9,94.92,107.9119993,-7.185336,689.61,2.63,4.6,117.4,42,0.094
H2,52.64,94.92,107.9120422,-7.185336,689.36,2.56,4.5,122.2,43,0.097
H2,57.38,94.92,107.9120852,-7.185336,689.11,2.41,4.2,129.2,44,0.099
H2,62.12,94.92,107.9121281,-7.185336,688.99,2.26,3.9,139.0,45,0.101
H2,66.86,94.92,107.912171,-7.185336,688.96,2.15,3.8,151.6,46,0.103
H2,71.6,94.92,107.9122139,-7.185336,688.95,2.15,3.8,165.7,47,0.106
H2,76.34,94.92,107.9122568,-7.185336,688.92,2.27,4.0,179.0,48,0.108
H2,81.08,94.92,107.9122997,-7.185336,689.04,2.47,4.3,189.8,49,0.11
H2,85.82,94.92,107.9123427,-7.185336,689.27,2.7,4.7,197.6,50,0.112
H2,90.56,94.92,107.9123856,-7.185336,689.49,2.9,5.1,203.1,51,0.115
H2,95.3,94.92,107.9124285,-7.185336,689.72,3.06,5.3,207.3,52,0.117
H2,100.04,94.92,107.9124714,-7.185336,689.84,3.18,5.6,211.0,53,0.119
H2,104.78,94.92,107.9125143,-7.185336,689.86,3.28,5.7,215.1,54,0.121
H2,109.52,94.92,107.9125572,-7.185336,689.88,3.37,5.9,219.7,55,0.124
H2,114.26,94.92,107.9126001,-7.185336,689.9,3.45,6.0,225.0,56,0.126
H2,119.0,94.92,107.9126431,-7.185336,690.05,3.5,6.1,230.5,57,0.128
H2,123.74,94.92,107.912686,-7.185336,690.33,3.51,6.1,235.9,58,0.13
H2,128.48,94.92,107.9127289,-7.185336,690.6,3.45,6.0,240.9,3252,7.306
H2,133.22,94.92,107.9127718,-7.185336,690.87,3.32,5.8,245.8,21,0.047
H2,213.8,94.92,107.9135014,-7.185336,692.79,3.42,6.0,117.5,4,0.009
H2,218.54,94.92,107.9135443,-7.185336,692.54,3.82,6.7,113.5,4,0.009
H2,223.28,94.92,107.9135872,-7.185336,692.29,4.17,7.3,109.9,5,0.011
H2,228.02,94.92,107.9136301,-7.185336,692.04,4.46,7.8,106.6,6,0.013
H2,232.76,94.92,107.913673,-7.185336,691.68,4.65,8.1,103.8,7,0.016
H2,237.5,94.92,107.9137159,-7.185336,691.18,4.68,8.2,101.3,8,0.018
H2,242.24,94.92,107.9137589,-7.185336,690.68,4.48,7.8,98.9,9,0.02
H2,246.98,94.92,107.9138018,-7.185336,690.18,4.05,7.1,95.9,10,0.022
H2,251.72,94.92,107.9138447,-7.185336,689.8,3.38,5.9,91.3,11,0.025
H2,256.46,94.92,107.9138876,-7.185336,689.58,2.52,4.4,83.0,12,0.027
H2,261.2,94.92,107.9139305,-7.185336,689.35,1.63,2.8,63.8,30,0.067
H2,265.94,94.92,107.9139734,-7.185336,689.12,1.17,2.0,15.8,372,0.836
H2,270.68,94.92,107.9140164,-7.185336,689.12,1.7,3.0,331.1,32,0.072
H2,275.42,94.92,107.9140593,-7.185336,689.39,2.58,4.5,313.9,7,0.016
H2,280.16,94.92,107.9141022,-7.185336,689.67,3.34,5.8,306.7,6,0.013
H2,284.9,94.92,107.9141451,-7.185336,689.94,3.84,6.7,303.3,5,0.011
H2,289.64,94.92,107.914188,-7.185336,690.3,3.99,7.0,302.0,4,0.009
H2,9.98,90.21,107.911656,-7.1853786,691.0,1.03,1.8,62.3,32,0.072
H2,14.72,90.21,107.9116989,-7.1853786,691.0,1.1,1.9,77.9,33,0.074
H2,19.46,90.21,107.9117418,-7.1853786,691.0,1.35,2.4,89.3,34,0.076
H2,24.2,90.21,107.9117848,-7.1853786,690.86,1.69,2.9,95.9,35,0.079
H2,28.94,90.21,107.9118277,-7.1853786,690.61,2.03,3.5,99.8,36,0.081
H2,33.68,90.21,107.9118706,-7.1853786,690.36,2.33,4.1,102.5,37,0.083
H2,38.42,90.21,107.9119135,-7.1853786,690.11,2.54,4.4,104.8,38,0.085
H2,43.16,90.21,107.9119564,-7.1853786,689.86,2.65,4.6,107.3,39,0.088
H2,47.9,90.21,107.9119993,-7.1853786,689.61,2.65,4.6,110.3,40,0.09
H2,52.64,90.21,107.9120422,-7.1853786,689.36,2.55,4.5,114.5,41,0.092
H2,57.38,90.21,107.9120852,-7.1853786,689.11,2.39,4.2,120.9,42,0.094
H2,62.12,90.21,107.9121281,-7.1853786,688.95,2.2,3.8,130.2,43,0.097
H2,66.86,90.21,107.912171,-7.1853786,688.87,2.06,3.6,142.9,44,0.099
H2,71.6,90.21,107.9122139,-7.1853786,688.79,2.03,3.6,158.2,45,0.101
H2,76.34,90.21,107.9122568,-7.1853786,688.7,2.15,3.7,173.3,46,0.103
H2,81.08,90.21,107.9122997,-7.1853786,688.75,2.37,4.1,185.7,47,0.106
H2,85.82,90.21,107.9123427,-7.1853786,688.92,2.63,4.6,194.8,48,0.108
H2,90.56,90.21,107.9123856,-7.1853786,689.08,2.88,5.0,201.4,49,0.11
H2,95.3,90.21,107.9124285,-7.1853786,689.25,3.07,5.4,206.5,50,0.112
H2,100.04,90.21,107.9124714,-7.1853786,689.37,3.21,5.6,211.3,51,0.115
H2,104.78,90.21,107.9125143,-7.1853786,689.45,3.32,5.8,216.6,52,0.117
H2,109.52,90.21,107.9125572,-7.1853786,689.54,3.42,6.0,222.5,53,0.119
H2,114.26,90.21,107.9126001,-7.1853786,689.62,3.51,6.1,229.0,54,0.121
H2,119.0,90.21,107.9126431,-7.1853786,689.84,3.6,6.3,235.5,55,0.124
H2,123.74,90.21,107.912686,-7.1853786,690.17,3.65,6.4,241.5,3165,7.11
H2,128.48,90.21,107.9127289,-7.1853786,690.51,3.62,6.3,247.1,28,0.063
H2,133.22,90.21,107.9127718,-7.1853786,690.84,3.52,6.2,252.1,20,0.045
H2,137.96,90.21,107.9128147,-7.1853786,691.13,3.36,5.9,256.9,23,0.052
H2,142.7,90.21,107.9128576,-7.1853786,691.38,3.19,5.6,261.5,18,0.04
H2,147.44,90.21,107.9129006,-7.1853786,691.63,3.02,5.3,265.6,46,0.103
H2,213.8,90.21,107.9135014,-7.1853786,692.54,3.33,5.8,115.8,4,0.009
H2,218.54,90.21,107.9135443,-7.1853786,692.29,3.68,6.4,111.9,9,0.02
H2,223.28,90.21,107.9135872,-7.1853786,692.04,4.0,7.0,108.3,10,0.022
H2,228.02,90.21,107.9136301,-7.1853786,691.79,4.27,7.5,105.1,11,0.025
H2,232.76,90.21,107.913673,-7.1853786,691.43,4.43,7.8,102.2,12,0.027
H2,237.5,90.21,107.9137159,-7.1853786,690.93,4.43,7.8,99.6,13,0.029
H2,242.24,90.21,107.9137589,-7.1853786,690.43,4.2,7.3,96.8,14,0.031
H2,246.98,90.21,107.9138018,-7.1853786,689.93,3.72,6.5,93.2,15,0.034
H2,251.72,90.21,107.9138447,-7.1853786,689.59,3.02,5.3,87.7,16,0.036
H2,256.46,90.21,107.9138876,-7.1853786,689.42,2.17,3.8,76.8,17,0.038
H2,261.2,90.21,107.9139305,-7.1853786,689.25,1.38,2.4,50.3,169,0.38
H2,265.94,90.21,107.9139734,-7.1853786,689.09,1.24,2.2,357.5,202,0.454
H2,270.68,90.21,107.9140164,-7.1853786,689.15,1.93,3.4,323.9,19,0.043
H2,275.42,90.21,107.9140593,-7.1853786,689.49,2.75,4.8,310.7,12,0.027
H2,280.16,90.21,107.9141022,-7.1853786,689.82,3.41,6.0,304.5,6,0.013
H2,284.9,90.21,107.9141451,-7.1853786,690.15,3.79,6.6,301.3,5,0.011
H2,289.64,90.21,107.914188,-7.1853786,690.52,3.83,6.7,300.1,4,0.009
H2,14.72,85.51,107.9116989,-7.1854212,691.0,1.36,2.4,75.0,22,0.049
H2,19.46,85.51,107.9117418,-7.1854212,691.0,1.56,2.7,85.1,23,0.052
H2,24.2,85.51,107.9117848,-7.1854212,690.86,1.85,3.2,91.7,24,0.054
H2,28.94,85.51,107.9118277,-7.1854212,690.61,2.16,3.8,95.6,25,0.056
H2,33.68,85.51,107.9118706,-7.1854212,690.36,2.43,4.2,98.1,26,0.058
H2,38.42,85.51,107.9119135,-7.1854212,690.11,2.62,4.6,100.1,27,0.061
H2,43.16,85.51,107.9119564,-7.1854212,689.86,2.71,4.7,102.0,28,0.063
H2,47.9,85.51,107.9119993,-7.1854212,689.61,2.69,4.7,104.4,29,0.065
H2,52.64,85.51,107.9120422,-7.1854212,689.36,2.59,4.5,107.8,30,0.067
H2,57.38,85.51,107.9120852,-7.1854212,689.11,2.42,4.2,113.0,31,0.07
H2,62.12,85.51,107.9121281,-7.1854212,688.92,2.22,3.9,120.9,32,0.072
H2,66.86,85.51,107.912171,-7.1854212,688.77,2.03,3.5,132.6,33,0.074
H2,71.6,85.51,107.9122139,-7.1854212,688.62,1.92,3.4,148.0,34,0.076
H2,76.34,85.51,107.9122568,-7.1854212,688.48,1.96,3.4,165.0,35,0.079
H2,81.08,85.51,107.9122997,-7.1854212,688.47,2.14,3.7,180.2,36,0.081
H2,85.82,85.51,107.9123427,-7.1854212,688.57,2.4,4.2,191.8,37,0.083
H2,90.56,85.51,107.9123856,-7.1854212,688.68,2.67,4.7,200.5,38,0.085
H2,95.3,85.51,107.9124285,-7.1854212,688.78,2.9,5.1,207.5,39,0.088
H2,100.04,85.51,107.9124714,-7.1854212,688.91,3.08,5.4,214.0,40,0.09
H2,104.78,85.51,107.9125143,-7.1854212,689.05,3.23,5.6,220.7,41,0.092
H2,109.52,85.51,107.9125572,-7.1854212,689.2,3.38,5.9,227.9,42,0.094
H2,114.26,85.51,107.9126001,-7.1854212,689.34,3.54,6.2,235.3,43,0.097
H2,119.0,85.51,107.9126431,-7.1854212,689.62,3.7,6.5,242.2,3083,6.926
H2,123.74,85.51,107.912686,-7.1854212,690.02,3.8,6.6,248.4,26,0.058
H2,128.48,85.51,107.9127289,-7.1854212,690.41,3.82,6.7,253.9,27,0.061
H2,133.22,85.51,107.9127718,-7.1854212,690.81,3.75,6.6,258.8,19,0.043
H2,137.96,85.51,107.9128147,-7.1854212,691.13,3.6,6.3,263.3,22,0.049
H2,142.7,85.51,107.9128576,-7.1854212,691.38,3.41,6.0,267.4,17,0.038
H2,147.44,85.51,107.9129006,-7.1854212,691.63,3.21,5.6,271.0,45,0.101
H2,152.18,85.51,107.9129435,-7.1854212,691.88,3.01,5.3,273.7,42,0.094
H2,156.92,85.51,107.9129864,-7.1854212,692.13,2.81,4.9,275.2,26,0.058
H2,213.8,85.51,107.9135014,-7.1854212,692.29,3.1,5.4,109.2,12,0.027
H2,218.54,85.51,107.9135443,-7.1854212,692.04,3.44,6.0,105.4,13,0.029
H2,223.28,85.51,107.9135872,-7.1854212,691.79,3.75,6.5,102.1,14,0.031
H2,228.02,85.51,107.9136301,-7.1854212,691.54,4.01,7.0,99.0,15,0.034
H2,232.76,85.51,107.913673,-7.1854212,691.18,4.17,7.3,96.1,16,0.036
H2,237.5,85.51,107.9137159,-7.1854212,690.68,4.15,7.3,93.1,17,0.038
H2,242.24,85.51,107.9137589,-7.1854212,690.18,3.91,6.8,89.6,18,0.04
H2,246.98,85.51,107.9138018,-7.1854212,689.68,3.42,6.0,84.7,19,0.043
H2,251.72,85.51,107.9138447,-7.1854212,689.36,2.75,4.8,76.6,20,0.045
H2,256.46,85.51,107.9138876,-7.1854212,689.26,2.0,3.5,60.9,168,0.377
H2,261.2,85.51,107.9139305,-7.1854212,689.16,1.48,2.6,28.6,89,0.2
H2,265.94,85.51,107.9139734,-7.1854212,689.05,1.63,2.8,347.2,112,0.252
H2,270.68,85.51,107.9140164,-7.1854212,689.18,2.27,4.0,322.7,12,0.027
H2,275.42,85.51,107.9140593,-7.1854212,689.58,2.95,5.2,310.9,6,0.013
H2,280.16,85.51,107.9141022,-7.1854212,689.97,3.48,6.1,304.5,11,0.025
H2,284.9,85.51,107.9141451,-7.1854212,690.37,3.73,6.5,300.9,5,0.011
H2,289.64,85.51,107.914188,-7.1854212,690.75,3.66,6.4,299.2,4,0.009
H2,14.72,80.8,107.9116989,-7.1854638,691.0,1.63,2.8,73.8,26,0.058
H2,19.46,80.8,107.9117418,-7.1854638,691.0,1.77,3.1,83.1,27,0.061
H2,24.2,80.8,107.9117848,-7.1854638,690.86,2.02,3.5,89.5,28,0.063
H2,28.94,80.8,107.9118277,-7.1854638,690.61,2.29,4.0,93.4,29,0.065
H2,33.68,80.8,107.9118706,-7.1854638,690.36,2.53,4.4,95.8,30,0.067
H2,38.42,80.8,107.9119135,-7.1854638,690.11,2.7,4.7,97.4,31,0.07
H2,43.16,80.8,107.9119564,-7.1854638,689.86,2.77,4.8,98.9,32,0.072
H2,47.9,80.8,107.9119993,-7.1854638,689.61,2.76,4.8,100.6,33,0.074
H2,52.64,80.8,107.9120422,-7.1854638,689.36,2.67,4.7,103.2,34,0.076
H2,57.38,80.8,107.9120852,-7.1854638,689.11,2.51,4.4,107.1,35,0.079
H2,62.12,80.8,107.9121281,-7.1854638,688.88,2.29,4.0,113.2,36,0.081
H2,66.86,80.8,107.912171,-7.1854638,688.68,2.05,3.6,122.6,37,0.083
H2,71.6,80.8,107.9122139,-7.1854638,688.46,1.84,3.2,136.2,38,0.085
H2,76.34,80.8,107.9122568,-7.1854638,688.26,1.75,3.0,154.1,39,0.088
H2,81.08,80.8,107.9122997,-7.1854638,688.19,1.81,3.2,172.9,40,0.09
H2,85.82,80.8,107.9123427,-7.1854638,688.23,2.01,3.5,189.0,41,0.092
H2,90.56,80.8,107.9123856,-7.1854638,688.27,2.27,4.0,201.4,42,0.094
H2,95.3,80.8,107.9124285,-7.1854638,688.31,2.53,4.4,211.4,43,0.097
H2,100.04,80.8,107.9124714,-7.1854638,688.44,2.78,4.9,220.1,44,0.099
H2,104.78,80.8,107.9125143,-7.1854638,688.65,3.02,5.3,228.5,45,0.101
H2,109.52,80.8,107.9125572,-7.1854638,688.86,3.28,5.7,236.6,46,0.103
H2,114.26,80.8,107.9126001,-7.1854638,689.07,3.55,6.2,244.1,3021,6.787
H2,119.0,80.8,107.9126431,-7.1854638,689.41,3.8,6.6,250.7,18,0.04
H2,123.74,80.8,107.912686,-7.1854638,689.87,3.98,7.0,256.3,25,0.056
H2,128.48,80.8,107.9127289,-7.1854638,690.32,4.05,7.1,261.2,26,0.058
H2,133.22,80.8,107.9127718,-7.1854638,690.78,4.0,7.0,265.5,18,0.04
H2,137.96,80.8,107.9128147,-7.1854638,691.13,3.85,6.7,269.5,21,0.047
H2,142.7,80.8,107.9128576,-7.1854638,691.38,3.63,6.4,273.3,16,0.036
H2,147.44,80.8,107.9129006,-7.1854638,691.63,3.39,5.9,276.6,44,0.099
H2,152.18,80.8,107.9129435,-7.1854638,691.88,3.12,5.5,279.1,41,0.092
H2,156.92,80.8,107.9129864,-7.1854638,692.13,2.84,5.0,280.5,25,0.056
H2,209.06,80.8,107.9134585,-7.1854638,692.29,2.46,4.3,99.9,10,0.022
H2,213.8,80.8,107.9135014,-7.1854638,692.04,2.84,5.0,96.0,11,0.025
H2,218.54,80.8,107.9135443,-7.1854638,691.79,3.19,5.6,92.8,12,0.027
H2,223.28,80.8,107.9135872,-7.1854638,691.54,3.51,6.1,89.9,13,0.029
H2,228.02,80.8,107.9136301,-7.1854638,691.29,3.79,6.6,87.2,14,0.031
H2,232.76,80.8,107.913673,-7.1854638,690.93,3.96,6.9,84.4,15,0.034
H2,237.5,80.8,107.9137159,-7.1854638,690.43,3.95,6.9,80.9,16,0.036
H2,242.24,80.8,107.9137589,-7.1854638,689.93,3.74,6.5,76.1,17,0.038
H2,246.98,80.8,107.9138018,-7.1854638,689.43,3.33,5.8,69.1,133,0.299
H2,251.72,80.8,107.9138447,-7.1854638,689.14,2.79,4.9,57.8,147,0.33
H2,256.46,80.8,107.9138876,-7.1854638,689.11,2.28,4.0,39.3,13,0.029
H2,261.2,80.8,107.9139305,-7.1854638,689.06,2.05,3.6,12.6,75,0.168
H2,265.94,80.8,107.9139734,-7.1854638,689.02,2.25,3.9,345.6,16,0.036
H2,270.68,80.8,107.9140164,-7.1854638,689.21,2.7,4.7,326.7,95,0.213
H2,275.42,80.8,107.9140593,-7.1854638,689.67,3.18,5.6,314.9,11,0.025
H2,280.16,80.8,107.9141022,-7.1854638,690.12,3.53,6.2,307.5,5,0.011
H2,284.9,80.8,107.9141451,-7.1854638,690.58,3.64,6.4,302.8,10,0.022
H2,289.64,80.8,107.914188,-7.1854638,690.96,3.48,6.1,300.3,4,0.009
H2,14.72,76.09,107.9116989,-7.1855063,691.03,1.91,3.3,74.7,23,0.052
H2,19.46,76.09,107.9117418,-7.1855063,691.01,2.0,3.5,83.4,24,0.054
H2,24.2,76.09,107.9117848,-7.1855063,690.86,2.2,3.8,89.7,25,0.056
H2,28.94,76.09,107.9118277,-7.1855063,690.61,2.43,4.2,93.6,26,0.058
H2,33.68,76.09,107.9118706,-7.1855063,690.36,2.63,4.6,95.9,27,0.061
H2,38.42,76.09,107.9119135,-7.1855063,690.11,2.77,4.8,97.3,28,0.063
H2,43.16,76.09,107.9119564,-7.1855063,689.86,2.84,5.0,98.4,29,0.065
H2,47.9,76.09,107.9119993,-7.1855063,689.61,2.83,4.9,99.6,30,0.067
H2,52.64,76.09,107.9120422,-7.1855063,689.36,2.75,4.8,101.3,31,0.07
H2,57.38,76.09,107.9120852,-7.1855063,689.11,2.6,4.5,103.9,32,0.072
H2,62.12,76.09,107.9121281,-7.1855063,688.86,2.39,4.2,108.0,33,0.074
H2,66.86,76.09,107.912171,-7.1855063,688.61,2.11,3.7,114.6,34,0.076
H2,71.6,76.09,107.9122139,-7.1855063,688.36,1.81,3.2,125.0,35,0.079
H2,76.34,76.09,107.9122568,-7.1855063,688.11,1.54,2.7,141.1,36,0.081
H2,81.08,76.09,107.9122997,-7.1855063,688.0,1.41,2.5,163.3,37,0.083
H2,85.82,76.09,107.9123427,-7.1855063,688.0,1.49,2.6,186.8,38,0.085
H2,90.56,76.09,107.9123856,-7.1855063,688.0,1.72,3.0,206.0,39,0.088
H2,95.3,76.09,107.9124285,-7.1855063,688.0,2.04,3.6,220.4,40,0.09
H2,100.04,76.09,107.9124714,-7.1855063,688.14,2.4,4.2,231.6,41,0.092
H2,104.78,76.09,107.9125143,-7.1855063,688.38,2.78,4.8,240.9,42,0.094
H2,109.52,76.09,107.9125572,-7.1855063,688.63,3.18,5.6,248.8,2940,6.605
H2,114.26,76.09,107.9126001,-7.1855063,688.88,3.58,6.3,255.3,34,0.076
H2,119.0,76.09,107.9126431,-7.1855063,689.27,3.93,6.9,260.7,17,0.038
H2,123.74,76.09,107.912686,-7.1855063,689.77,4.19,7.3,265.1,24,0.054
H2,128.48,76.09,107.9127289,-7.1855063,690.26,4.3,7.5,268.9,25,0.056
H2,133.22,76.09,107.9127718,-7.1855063,690.76,4.27,7.5,272.4,17,0.038
H2,137.96,76.09,107.9128147,-7.1855063,691.14,4.11,7.2,275.8,20,0.045
H2,142.7,76.09,107.9128576,-7.1855063,691.41,3.87,6.8,279.1,15,0.034
H2,147.44,76.09,107.9129006,-7.1855063,691.68,3.57,6.2,282.2,43,0.097
H2,152.18,76.09,107.9129435,-7.1855063,691.95,3.24,5.7,284.7,40,0.09
H2,156.92,76.09,107.9129864,-7.1855063,692.2,2.88,5.0,286.5,24,0.054
H2,204.32,76.09,107.9134155,-7.1855063,692.43,1.88,3.3,80.6,25,0.056
H2,209.06,76.09,107.9134585,-7.1855063,692.2,2.33,4.1,77.8,28,0.063
H2,213.8,76.09,107.9135014,-7.1855063,691.96,2.74,4.8,75.6,40,0.09
H2,218.54,76.09,107.9135443,-7.1855063,691.71,3.14,5.5,73.9,53,0.119
H2,223.28,76.09,107.9135872,-7.1855063,691.46,3.49,6.1,72.3,67,0.151
H2,228.02,76.09,107.9136301,-7.1855063,691.21,3.79,6.6,70.5,71,0.16
H2,232.76,76.09,107.913673,-7.1855063,690.86,3.99,7.0,67.9,86,0.193
H2,237.5,76.09,107.9137159,-7.1855063,690.38,4.05,7.1,64.1,101,0.227
H2,242.24,76.09,107.9137589,-7.1855063,689.9,3.93,6.9,58.5,115,0.258
H2,246.98,76.09,107.9138018,-7.1855063,689.43,3.67,6.4,50.3,13,0.029
H2,251.72,76.09,107.9138447,-7.1855063,689.17,3.34,5.8,38.8,12,0.027
H2,256.46,76.09,107.9138876,-7.1855063,689.17,3.07,5.4,23.5,59,0.133
H2,261.2,76.09,107.9139305,-7.1855063,689.17,2.97,5.2,5.8,15,0.034
H2,265.94,76.09,107.9139734,-7.1855063,689.17,3.05,5.3,348.4,15,0.034
H2,270.68,76.09,107.9140164,-7.1855063,689.38,3.25,5.7,333.6,78,0.175
H2,275.42,76.09,107.9140593,-7.1855063,689.84,3.46,6.0,322.2,16,0.036
H2,280.16,76.09,107.9141022,-7.1855063,690.29,3.59,6.3,313.8,10,0.022
H2,284.9,76.09,107.9141451,-7.1855063,690.75,3.55,6.2,307.8,4,0.009
H2,289.64,76.09,107.914188,-7.1855063,691.11,3.31,5.8,304.1,9,0.02
H2,14.72,71.38,107.9116989,-7.1855489,691.12,2.2,3.8,78.0,18,0.04
H2,19.46,71.38,107.9117418,-7.1855489,691.04,2.25,3.9,86.2,19,0.043
H2,24.2,71.38,107.9117848,-7.1855489,690.86,2.4,4.2,92.3,20,0.045
H2,28.94,71.38,107.9118277,-7.1855489,690.61,2.59,4.5,96.2,21,0.047
H2,33.68,71.38,107.9118706,-7.1855489,690.36,2.75,4.8,98.4,22,0.049
H2,38.42,71.38,107.9119135,-7.1855489,690.11,2.86,5.0,99.6,23,0.052
H2,43.16,71.38,107.9119564,-7.1855489,689.86,2.9,5.1,100.4,24,0.054
H2,47.9,71.38,107.9119993,-7.1855489,689.61,2.89,5.0,101.0,25,0.056
H2,52.64,71.38,107.9120422,-7.1855489,689.36,2.81,4.9,101.9,26,0.058
H2,57.38,71.38,107.9120852,-7.1855489,689.11,2.67,4.7,103.3,27,0.061
H2,62.12,71.38,107.9121281,-7.1855489,688.86,2.45,4.3,105.6,28,0.063
H2,66.86,71.38,107.912171,-7.1855489,688.61,2.15,3.8,109.3,29,0.065
H2,71.6,71.38,107.9122139,-7.1855489,688.36,1.78,3.1,115.8,30,0.067
H2,76.34,71.38,107.9122568,-7.1855489,688.11,1.36,2.4,127.5,31,0.07
H2,81.08,71.38,107.9122997,-7.1855489,688.0,1.01,1.8,150.3,32,0.072
H2,85.82,71.38,107.9123427,-7.1855489,688.0,0.9,1.6,187.6,33,0.074
H2,90.56,71.38,107.9123856,-7.1855489,688.0,1.16,2.0,220.4,34,0.076
H2,95.3,71.38,107.9124285,-7.1855489,688.0,1.6,2.8,239.3,35,0.079
H2,100.04,71.38,107.9124714,-7.1855489,688.14,2.11,3.7,250.6,36,0.081
H2,104.78,71.38,107.9125143,-7.1855489,688.38,2.65,4.6,258.4,2874,6.457
H2,109.52,71.38,107.9125572,-7.1855489,688.63,3.2,5.6,264.0,23,0.052
H2,114.26,71.38,107.9126001,-7.1855489,688.88,3.71,6.5,268.3,33,0.074
H2,119.0,71.38,107.9126431,-7.1855489,689.27,4.13,7.2,271.7,16,0.036
H2,123.74,71.38,107.912686,-7.1855489,689.77,4.44,7.8,274.6,23,0.052
H2,128.48,71.38,107.9127289,-7.1855489,690.26,4.58,8.0,277.1,24,0.054
H2,133.22,71.38,107.9127718,-7.1855489,690.76,4.55,8.0,279.7,16,0.036
H2,137.96,71.38,107.9128147,-7.1855489,691.18,4.38,7.7,282.3,19,0.043
H2,142.7,71.38,107.9128576,-7.1855489,691.51,4.1,7.2,285.0,14,0.031
H2,147.44,71.38,107.9129006,-7.1855489,691.84,3.75,6.6,287.7,42,0.094
H2,152.18,71.38,107.9129435,-7.1855489,692.17,3.36,5.9,290.4,39,0.088
H2,156.92,71.38,107.9129864,-7.1855489,692.42,2.94,5.1,292.7,23,0.052
H2,204.32,71.38,107.9134155,-7.1855489,692.59,2.11,3.7,51.0,2,0.004
H2,209.06,71.38,107.9134585,-7.1855489,692.42,2.59,4.5,52.3,11,0.025
H2,213.8,71.38,107.9135014,-7.1855489,692.21,3.06,5.3,53.1,12,0.027
H2,218.54,71.38,107.9135443,-7.1855489,691.96,3.48,6.1,53.5,13,0.029
H2,223.28,71.38,107.9135872,-7.1855489,691.71,3.87,6.8,53.6,3,0.007
H2,228.02,71.38,107.9136301,-7.1855489,691.46,4.19,7.3,52.8,14,0.031
H2,232.76,71.38,107.913673,-7.1855489,691.14,4.43,7.8,50.8,14,0.031
H2,237.5,71.38,107.9137159,-7.1855489,690.72,4.56,8.0,47.3,13,0.029
H2,242.24,71.38,107.9137589,-7.1855489,690.31,4.56,8.0,42.1,12,0.027
H2,246.98,71.38,107.9138018,-7.1855489,689.89,4.46,7.8,34.9,11,0.025
H2,251.72,71.38,107.9138447,-7.1855489,689.67,4.31,7.5,25.9,43,0.097
H2,256.46,71.38,107.9138876,-7.1855489,689.67,4.16,7.3,15.3,15,0.034
H2,261.2,71.38,107.9139305,-7.1855489,689.67,4.05,7.1,4.0,14,0.031
H2,265.94,71.38,107.9139734,-7.1855489,689.67,3.97,6.9,352.5,14,0.031
H2,270.68,71.38,107.9140164,-7.1855489,689.82,3.9,6.8,341.5,27,0.061
H2,275.42,71.38,107.9140593,-7.1855489,690.15,3.83,6.7,331.6,50,0.112
H2,280.16,71.38,107.9141022,-7.1855489,690.48,3.71,6.5,322.9,15,0.034
H2,284.9,71.38,107.9141451,-7.1855489,690.82,3.51,6.1,316.0,9,0.02
H2,289.64,71.38,107.914188,-7.1855489,691.11,3.19,5.6,311.4,3,0.007
H2,19.46,66.67,107.9117418,-7.1855915,691.06,2.54,4.4,90.7,12,0.027
H2,24.2,66.67,107.9117848,-7.1855915,690.86,2.65,4.6,96.6,13,0.029
H2,28.94,66.67,107.9118277,-7.1855915,690.61,2.78,4.8,100.4,14,0.031
H2,33.68,66.67,107.9118706,-7.1855915,690.36,2.89,5.0,102.6,15,0.034
H2,38.42,66.67,107.9119135,-7.1855915,690.11,2.96,5.2,103.7,16,0.036
H2,43.16,66.67,107.9119564,-7.1855915,689.86,2.98,5.2,104.2,17,0.038
H2,47.9,66.67,107.9119993,-7.1855915,689.61,2.94,5.1,104.5,18,0.04
H2,52.64,66.67,107.9120422,-7.1855915,689.36,2.85,5.0,104.6,19,0.043
H2,57.38,66.67,107.9120852,-7.1855915,689.11,2.69,4.7,104.9,20,0.045
H2,62.12,66.67,107.9121281,-7.1855915,688.86,2.45,4.3,105.5,21,0.047
H2,66.86,66.67,107.912171,-7.1855915,688.61,2.12,3.7,106.6,22,0.049
H2,71.6,66.67,107.9122139,-7.1855915,688.36,1.69,3.0,108.9,23,0.052
H2,76.34,66.67,107.9122568,-7.1855915,688.11,1.17,2.0,114.0,24,0.054
H2,81.08,66.67,107.9122997,-7.1855915,688.0,0.62,1.1,129.9,25,0.056
H2,85.82,66.67,107.9123427,-7.1855915,688.0,0.34,0.6,210.2,26,0.058
H2,90.56,66.67,107.9123856,-7.1855915,688.0,0.85,1.5,258.7,27,0.061
H2,95.3,66.67,107.9124285,-7.1855915,688.0,1.5,2.6,269.5,28,0.063
H2,100.04,66.67,107.9124714,-7.1855915,688.14,2.17,3.8,274.6,2816,6.326
H2,104.78,66.67,107.9125143,-7.1855915,688.38,2.82,4.9,277.7,21,0.047
H2,109.52,66.67,107.9125572,-7.1855915,688.63,3.44,6.0,280.0,22,0.049
H2,114.26,66.67,107.9126001,-7.1855915,688.88,4.0,7.0,281.7,32,0.072
H2,119.0,66.67,107.9126431,-7.1855915,689.27,4.46,7.8,283.1,15,0.034
H2,123.74,66.67,107.912686,-7.1855915,689.77,4.76,8.3,284.4,22,0.049
H2,128.48,66.67,107.9127289,-7.1855915,690.26,4.89,8.6,285.8,23,0.052
H2,133.22,66.67,107.9127718,-7.1855915,690.76,4.85,8.5,287.3,15,0.034
H2,137.96,66.67,107.9128147,-7.1855915,691.21,4.64,8.1,289.1,18,0.04
H2,142.7,66.67,107.9128576,-7.1855915,691.6,4.32,7.6,291.2,13,0.029
H2,147.44,66.67,107.9129006,-7.1855915,692.0,3.92,6.9,293.5,41,0.092
H2,152.18,66.67,107.9129435,-7.1855915,692.39,3.48,6.1,296.2,38,0.085
H2,156.92,66.67,107.9129864,-7.1855915,692.64,3.02,5.3,299.1,18,0.04
H2,209.06,66.67,107.9134585,-7.1855915,692.64,3.3,5.8,32.3,11,0.025
H2,213.8,66.67,107.9135014,-7.1855915,692.46,3.78,6.6,35.1,12,0.027
H2,218.54,66.67,107.9135443,-7.1855915,692.21,4.22,7.4,37.2,2,0.004
H2,223.28,66.67,107.9135872,-7.1855915,691.96,4.61,8.1,38.3,13,0.029
H2,228.02,66.67,107.9136301,-7.1855915,691.71,4.95,8.7,38.3,13,0.029
H2,232.76,66.67,107.913673,-7.1855915,691.42,5.22,9.1,37.0,12,0.027
H2,237.5,66.67,107.9137159,-7.1855915,691.06,5.41,9.5,34.3,11,0.025
H2,242.24,66.67,107.9137589,-7.1855915,690.71,5.51,9.6,30.2,10,0.022
H2,246.98,66.67,107.9138018,-7.1855915,690.36,5.52,9.7,24.9,34,0.076
H2,251.72,66.67,107.9138447,-7.1855915,690.17,5.46,9.6,18.5,8,0.018
H2,256.46,66.67,107.9138876,-7.1855915,690.17,5.34,9.3,11.6,14,0.031
H2,261.2,66.67,107.9139305,-7.1855915,690.17,5.16,9.0,4.3,13,0.029
H2,265.94,66.67,107.9139734,-7.1855915,690.17,4.92,8.6,356.8,13,0.029
H2,270.68,66.67,107.9140164,-7.1855915,690.27,4.63,8.1,349.1,13,0.029
H2,275.42,66.67,107.9140593,-7.1855915,690.47,4.31,7.5,341.4,13,0.029
H2,280.16,66.67,107.9141022,-7.1855915,690.68,3.96,6.9,333.8,49,0.11
H2,284.9,66.67,107.9141451,-7.1855915,690.89,3.59,6.3,327.0,14,0.031
H2,289.64,66.67,107.914188,-7.1855915,691.11,3.19,5.6,321.9,8,0.018
H2,19.46,61.96,107.9117418,-7.1856341,691.09,2.88,5.0,95.8,12,0.027
H2,24.2,61.96,107.9117848,-7.1856341,690.86,2.93,5.1,101.4,13,0.029
H2,28.94,61.96,107.9118277,-7.1856341,690.61,3.0,5.2,105.2,14,0.031
H2,33.68,61.96,107.9118706,-7.1856341,690.36,3.06,5.3,107.4,15,0.034
H2,38.42,61.96,107.9119135,-7.1856341,690.11,3.08,5.4,108.5,16,0.036
H2,43.16,61.96,107.9119564,-7.1856341,689.86,3.05,5.3,108.9,17,0.038
H2,47.9,61.96,107.9119993,-7.1856341,689.61,2.98,5.2,108.8,18,0.04
H2,52.64,61.96,107.9120422,-7.1856341,689.36,2.85,5.0,108.3,19,0.043
H2,57.38,61.96,107.9120852,-7.1856341,689.11,2.66,4.6,107.6,20,0.045
H2,62.12,61.96,107.9121281,-7.1856341,688.86,2.37,4.1,106.5,21,0.047
H2,66.86,61.96,107.912171,-7.1856341,688.61,1.99,3.5,105.1,22,0.049
H2,71.6,61.96,107.9122139,-7.1856341,688.36,1.51,2.6,102.9,23,0.052
H2,76.34,61.96,107.9122568,-7.1856341,688.11,0.94,1.6,98.3,24,0.054
H2,81.08,61.96,107.9122997,-7.1856341,688.0,0.33,0.6,74.9,25,0.056
H2,85.82,61.96,107.9123427,-7.1856341,688.0,0.47,0.8,312.5,26,0.058
H2,90.56,61.96,107.9123856,-7.1856341,688.0,1.18,2.1,298.7,27,0.061
H2,95.3,61.96,107.9124285,-7.1856341,688.0,1.9,3.3,295.6,2765,6.212
H2,100.04,61.96,107.9124714,-7.1856341,688.14,2.62,4.6,294.5,22,0.049
H2,104.78,61.96,107.9125143,-7.1856341,688.38,3.31,5.8,294.1,20,0.045
H2,109.52,61.96,107.9125572,-7.1856341,688.63,3.95,6.9,293.9,21,0.047
H2,114.26,61.96,107.9126001,-7.1856341,688.88,4.5,7.9,293.8,31,0.07
H2,119.0,61.96,107.9126431,-7.1856341,689.27,4.92,8.6,293.8,14,0.031
H2,123.74,61.96,107.912686,-7.1856341,689.77,5.18,9.1,294.0,21,0.047
H2,128.48,61.96,107.9127289,-7.1856341,690.26,5.26,9.2,294.5,22,0.049
H2,133.22,61.96,107.9127718,-7.1856341,690.76,5.16,9.0,295.2,14,0.031
H2,137.96,61.96,107.9128147,-7.1856341,691.24,4.91,8.6,296.3,17,0.038
H2,142.7,61.96,107.9128576,-7.1856341,691.7,4.53,7.9,297.8,12,0.027
H2,147.44,61.96,107.9129006,-7.1856341,692.16,4.09,7.1,299.8,40,0.09
H2,152.18,61.96,107.9129435,-7.1856341,692.61,3.61,6.3,302.4,37,0.083
H2,156.92,61.96,107.9129864,-7.1856341,692.86,3.15,5.5,305.7,4,0.009
H2,213.8,61.96,107.9135014,-7.1856341,692.71,4.74,8.3,23.2,1,0.002
H2,218.54,61.96,107.9135443,-7.1856341,692.46,5.18,9.1,25.9,12,0.027
H2,223.28,61.96,107.9135872,-7.1856341,692.21,5.57,9.7,27.6,12,0.027
H2,228.02,61.96,107.9136301,-7.1856341,691.96,5.91,10.3,28.1,11,0.025
H2,232.76,61.96,107.913673,-7.1856341,691.7,6.19,10.8,27.4,10,0.022
H2,237.5,61.96,107.9137159,-7.1856341,691.41,6.4,11.2,25.5,9,0.02
H2,242.24,61.96,107.9137589,-7.1856341,691.11,6.55,11.5,22.5,20,0.045
H2,246.98,61.96,107.9138018,-7.1856341,690.82,6.61,11.6,18.8,13,0.029
H2,251.72,61.96,107.9138447,-7.1856341,690.67,6.57,11.5,14.6,7,0.016
H2,256.46,61.96,107.9138876,-7.1856341,690.67,6.43,11.3,10.1,13,0.029
H2,261.2,61.96,107.9139305,-7.1856341,690.67,6.18,10.8,5.5,12,0.027
H2,265.94,61.96,107.9139734,-7.1856341,690.67,5.83,10.2,0.8,12,0.027
H2,270.68,61.96,107.9140164,-7.1856341,690.71,5.38,9.4,355.7,12,0.027
H2,275.42,61.96,107.9140593,-7.1856341,690.79,4.87,8.5,350.3,12,0.027
H2,280.16,61.96,107.9141022,-7.1856341,690.87,4.35,7.6,344.5,12,0.027
H2,284.9,61.96,107.9141451,-7.1856341,690.95,3.84,6.7,338.7,36,0.081
H2,289.64,61.96,107.914188,-7.1856341,691.11,3.35,5.8,334.0,13,0.029
H2,294.38,61.96,107.9142309,-7.1856341,691.36,2.86,5.0,332.2,7,0.016
H2,19.46,57.25,107.9117418,-7.1856767,691.03,3.24,5.7,100.0,7,0.016
H2,24.2,57.25,107.9117848,-7.1856767,690.77,3.24,5.7,105.3,8,0.018
H2,28.94,57.25,107.9118277,-7.1856767,690.52,3.24,5.7,109.0,9,0.02
H2,33.68,57.25,107.9118706,-7.1856767,690.27,3.23,5.6,111.3,10,0.022
H2,38.42,57.25,107.9119135,-7.1856767,690.02,3.19,5.6,112.5,11,0.025
H2,43.16,57.25,107.9119564,-7.1856767,689.77,3.11,5.4,112.8,12,0.027
H2,47.9,57.25,107.9119993,-7.1856767,689.52,2.99,5.2,112.5,13,0.029
H2,52.64,57.25,107.9120422,-7.1856767,689.27,2.8,4.9,111.5,14,0.031
H2,57.38,57.25,107.9120852,-7.1856767,689.03,2.53,4.4,109.8,15,0.034
H2,62.12,57.25,107.9121281,-7.1856767,688.79,2.18,3.8,107.2,16,0.036
H2,66.86,57.25,107.912171,-7.1856767,688.56,1.74,3.0,102.7,17,0.038
H2,71.6,57.25,107.9122139,-7.1856767,688.33,1.22,2.1,93.8,18,0.04
H2,76.34,57.25,107.9122568,-7.1856767,688.1,0.7,1.2,68.9,19,0.043
H2,81.08,57.25,107.9122997,-7.1856767,688.01,0.6,1.0,1.9,20,0.045
H2,85.82,57.25,107.9123427,-7.1856767,688.03,1.16,2.0,325.8,21,0.047
H2,90.56,57.25,107.9123856,-7.1856767,688.05,1.88,3.3,314.6,2715,6.099
H2,95.3,57.25,107.9124285,-7.1856767,688.07,2.63,4.6,309.7,22,0.049
H2,100.04,57.25,107.9124714,-7.1856767,688.23,3.36,5.9,307.1,21,0.047
H2,104.78,57.25,107.9125143,-7.1856767,688.5,4.05,7.1,305.4,19,0.043
H2,109.52,57.25,107.9125572,-7.1856767,688.77,4.66,8.2,304.3,20,0.045
H2,114.26,57.25,107.9126001,-7.1856767,689.04,5.16,9.0,303.5,30,0.067
H2,119.0,57.25,107.9126431,-7.1856767,689.43,5.52,9.7,302.9,13,0.029
H2,123.74,57.25,107.912686,-7.1856767,689.93,5.7,10.0,302.7,20,0.045
H2,128.48,57.25,107.9127289,-7.1856767,690.43,5.7,10.0,302.7,21,0.047
H2,133.22,57.25,107.9127718,-7.1856767,690.93,5.51,9.7,303.1,13,0.029
H2,137.96,57.25,107.9128147,-7.1856767,691.41,5.18,9.1,303.9,16,0.036
H2,142.7,57.25,107.9128576,-7.1856767,691.86,4.75,8.3,305.1,11,0.025
H2,147.44,57.25,107.9129006,-7.1856767,692.32,4.27,7.5,306.8,39,0.088
H2,152.18,57.25,107.9129435,-7.1856767,692.78,3.79,6.6,309.3,28,0.063
H2,156.92,57.25,107.9129864,-7.1856767,693.01,3.36,5.9,312.7,4,0.009
H2,213.8,57.25,107.9135014,-7.1856767,693.13,5.76,10.1,15.4,11,0.025
H2,218.54,57.25,107.9135443,-7.1856767,692.88,6.18,10.8,18.5,11,0.025
H2,223.28,57.25,107.9135872,-7.1856767,692.63,6.56,11.5,20.5,10,0.022
H2,228.02,57.25,107.9136301,-7.1856767,692.38,6.88,12.1,21.3,9,0.02
H2,232.76,57.25,107.913673,-7.1856767,692.14,7.15,12.6,21.0,8,0.018
H2,237.5,57.25,107.9137159,-7.1856767,691.91,7.37,12.9,19.7,12,0.027
H2,242.24,57.25,107.9137589,-7.1856767,691.68,7.51,13.2,17.8,7,0.016
H2,246.98,57.25,107.9138018,-7.1856767,691.46,7.56,13.3,15.4,12,0.027
H2,251.72,57.25,107.9138447,-7.1856767,691.32,7.51,13.2,12.7,6,0.013
H2,256.46,57.25,107.9138876,-7.1856767,691.3,7.33,12.9,10.0,12,0.027
H2,261.2,57.25,107.9139305,-7.1856767,691.28,7.02,12.3,7.3,11,0.025
H2,265.94,57.25,107.9139734,-7.1856767,691.26,6.59,11.5,4.5,11,0.025
H2,270.68,57.25,107.9140164,-7.1856767,691.24,6.04,10.6,1.5,11,0.025
H2,275.42,57.25,107.9140593,-7.1856767,691.22,5.44,9.5,357.9,11,0.025
H2,280.16,57.25,107.9141022,-7.1856767,691.2,4.81,8.4,353.8,11,0.025
H2,284.9,57.25,107.9141451,-7.1856767,691.18,4.2,7.3,349.4,11,0.025
H2,289.64,57.25,107.914188,-7.1856767,691.27,3.64,6.4,345.5,24,0.054
H2,294.38,57.25,107.9142309,-7.1856767,691.5,3.13,5.5,343.8,12,0.027
H2,19.46,52.54,107.9117418,-7.1857192,690.8,3.6,6.3,102.4,8,0.018
H2,24.2,52.54,107.9117848,-7.1857192,690.52,3.52,6.2,107.3,9,0.02
H2,28.94,52.54,107.9118277,-7.1857192,690.27,3.44,6.0,110.9,10,0.022
H2,33.68,52.54,107.9118706,-7.1857192,690.02,3.35,5.9,113.3,11,0.025
H2,38.42,52.54,107.9119135,-7.1857192,689.77,3.24,5.7,114.5,12,0.027
H2,43.16,52.54,107.9119564,-7.1857192,689.52,3.1,5.4,114.8,13,0.029
H2,47.9,52.54,107.9119993,-7.1857192,689.27,2.9,5.1,114.2,14,0.031
H2,52.64,52.54,107.9120422,-7.1857192,689.03,2.63,4.6,112.6,15,0.034
H2,57.38,52.54,107.9120852,-7.1857192,688.78,2.28,4.0,109.8,16,0.036
H2,62.12,52.54,107.9121281,-7.1857192,688.57,1.86,3.2,104.7,17,0.038
H2,66.86,52.54,107.912171,-7.1857192,688.41,1.36,2.4,94.7,18,0.04
H2,71.6,52.54,107.9122139,-7.1857192,688.24,0.89,1.6,70.5,19,0.043
H2,76.34,52.54,107.9122568,-7.1857192,688.07,0.78,1.4,18.6,20,0.045
H2,81.08,52.54,107.9122997,-7.1857192,688.05,1.27,2.2,341.8,21,0.047
H2,85.82,52.54,107.9123427,-7.1857192,688.13,1.99,3.5,327.4,2672,6.003
H2,90.56,52.54,107.9123856,-7.1857192,688.21,2.76,4.8,320.6,21,0.047
H2,95.3,52.54,107.9124285,-7.1857192,688.3,3.53,6.2,316.8,21,0.047
H2,100.04,52.54,107.9124714,-7.1857192,688.51,4.27,7.5,314.4,20,0.045
H2,104.78,52.54,107.9125143,-7.1857192,688.85,4.93,8.6,312.8,18,0.04
H2,109.52,52.54,107.9125572,-7.1857192,689.18,5.49,9.6,311.6,19,0.043
H2,114.26,52.54,107.9126001,-7.1857192,689.51,5.92,10.4,310.7,29,0.065
H2,119.0,52.54,107.9126431,-7.1857192,689.93,6.19,10.8,310.2,12,0.027
H2,123.74,52.54,107.912686,-7.1857192,690.43,6.27,11.0,309.9,19,0.043
H2,128.48,52.54,107.9127289,-7.1857192,690.93,6.16,10.8,310.0,20,0.045
H2,137.96,52.54,107.9128147,-7.1857192,691.84,5.48,9.6,311.4,15,0.034
H2,142.7,52.54,107.9128576,-7.1857192,692.17,5.0,8.7,312.7,10,0.022
H2,147.44,52.54,107.9129006,-7.1857192,692.5,4.5,7.9,314.4,38,0.085
H2,152.18,52.54,107.9129435,-7.1857192,692.84,4.05,7.1,316.8,18,0.04
H2,156.92,52.54,107.9129864,-7.1857192,693.04,3.69,6.4,319.8,27,0.061
H2,218.54,52.54,107.9135443,-7.1857192,693.63,7.1,12.5,13.5,10,0.022
H2,223.28,52.54,107.9135872,-7.1857192,693.38,7.46,13.1,15.7,9,0.02
H2,228.02,52.54,107.9136301,-7.1857192,693.13,7.75,13.6,16.8,8,0.018
H2,232.76,52.54,107.913673,-7.1857192,692.92,7.99,14.0,16.8,7,0.016
H2,237.5,52.54,107.9137159,-7.1857192,692.75,8.16,14.3,16.2,11,0.025
H2,242.24,52.54,107.9137589,-7.1857192,692.59,8.26,14.5,15.0,6,0.013
H2,246.98,52.54,107.9138018,-7.1857192,692.42,8.26,14.5,13.7,11,0.025
H2,251.72,52.54,107.9138447,-7.1857192,692.29,8.16,14.3,12.2,5,0.011
H2,256.46,52.54,107.9138876,-7.1857192,692.21,7.94,13.9,10.9,11,0.025
H2,261.2,52.54,107.9139305,-7.1857192,692.13,7.59,13.3,9.5,10,0.022
H2,265.94,52.54,107.9139734,-7.1857192,692.04,7.11,12.5,8.1,10,0.022
H2,270.68,52.54,107.9140164,-7.1857192,691.96,6.54,11.5,6.5,10,0.022
H2,275.42,52.54,107.9140593,-7.1857192,691.88,5.89,10.3,4.4,10,0.022
H2,280.16,52.54,107.9141022,-7.1857192,691.8,5.22,9.1,1.6,10,0.022
H2,284.9,52.54,107.9141451,-7.1857192,691.71,4.57,8.0,358.3,10,0.022
H2,289.64,52.54,107.914188,-7.1857192,691.74,3.98,7.0,355.1,23,0.052
H2,294.38,52.54,107.9142309,-7.1857192,691.91,3.44,6.0,353.7,11,0.025
H2,24.2,47.83,107.9117848,-7.1857618,690.27,3.74,6.5,107.0,12,0.027
H2,28.94,47.83,107.9118277,-7.1857618,690.02,3.56,6.2,110.3,13,0.029
H2,33.68,47.83,107.9118706,-7.1857618,689.77,3.38,5.9,112.6,14,0.031
H2,38.42,47.83,107.9119135,-7.1857618,689.52,3.19,5.6,113.8,15,0.034
H2,43.16,47.83,107.9119564,-7.1857618,689.27,2.96,5.2,113.8,16,0.036
H2,47.9,47.83,107.9119993,-7.1857618,689.03,2.68,4.7,112.6,17,0.038
H2,52.64,47.83,107.9120422,-7.1857618,688.78,2.33,4.1,109.9,18,0.04
H2,57.38,47.83,107.9120852,-7.1857618,688.53,1.9,3.3,104.7,19,0.043
H2,62.12,47.83,107.9121281,-7.1857618,688.36,1.42,2.5,94.0,20,0.045
H2,66.86,47.83,107.912171,-7.1857618,688.25,0.99,1.7,69.5,21,0.047
H2,71.6,47.83,107.9122139,-7.1857618,688.15,0.92,1.6,23.3,22,0.049
H2,76.34,47.83,107.9122568,-7.1857618,688.05,1.4,2.4,349.5,23,0.052
H2,81.08,47.83,107.9122997,-7.1857618,688.08,2.13,3.7,334.7,2635,5.92
H2,85.82,47.83,107.9123427,-7.1857618,688.23,2.94,5.1,327.4,15,0.034
H2,90.56,47.83,107.9123856,-7.1857618,688.37,3.75,6.6,323.3,20,0.045
H2,95.3,47.83,107.9124285,-7.1857618,688.52,4.53,7.9,320.6,20,0.045
H2,100.04,47.83,107.9124714,-7.1857618,688.8,5.25,9.2,318.8,19,0.043
H2,104.78,47.83,107.9125143,-7.1857618,689.19,5.86,10.3,317.5,17,0.038
H2,109.52,47.83,107.9125572,-7.1857618,689.59,6.35,11.1,316.6,18,0.04
H2,114.26,47.83,107.9126001,-7.1857618,689.98,6.69,11.7,316.0,28,0.063
H2,119.0,47.83,107.9126431,-7.1857618,690.43,6.85,12.0,315.7,11,0.025
H2,123.74,47.83,107.912686,-7.1857618,690.93,6.82,12.0,315.7,18,0.04
H2,128.48,47.83,107.9127289,-7.1857618,691.43,6.62,11.6,316.1,19,0.043
H2,133.22,47.83,107.9127718,-7.1857618,691.93,6.26,11.0,317.0,11,0.025
H2,137.96,47.83,107.9128147,-7.1857618,692.27,5.8,10.2,318.3,14,0.031
H2,142.7,47.83,107.9128576,-7.1857618,692.48,5.3,9.3,320.0,9,0.02
H2,147.44,47.83,107.9129006,-7.1857618,692.69,4.83,8.4,321.9,3,0.007
H2,152.18,47.83,107.9129435,-7.1857618,692.9,4.43,7.8,324.2,16,0.036
H2,223.28,47.83,107.9135872,-7.1857618,694.13,8.16,14.3,12.5,8,0.018
H2,228.02,47.83,107.9136301,-7.1857618,693.88,8.41,14.8,13.9,7,0.016
H2,232.76,47.83,107.913673,-7.1857618,693.7,8.59,15.1,14.4,6,0.013
H2,237.5,47.83,107.9137159,-7.1857618,693.59,8.69,15.3,14.3,10,0.022
H2,242.24,47.83,107.9137589,-7.1857618,693.49,8.72,15.3,13.9,5,0.011
H2,246.98,47.83,107.9138018,-7.1857618,693.39,8.65,15.2,13.3,10,0.022
H2,251.72,47.83,107.9138447,-7.1857618,693.26,8.49,14.9,12.9,4,0.009
H2,256.46,47.83,107.9138876,-7.1857618,693.12,8.22,14.4,12.5,10,0.022
H2,261.2,47.83,107.9139305,-7.1857618,692.97,7.84,13.8,12.2,9,0.02
H2,265.94,47.83,107.9139734,-7.1857618,692.83,7.36,12.9,11.9,9,0.02
H2,270.68,47.83,107.9140164,-7.1857618,692.68,6.79,11.9,11.3,9,0.02
H2,275.42,47.83,107.9140593,-7.1857618,692.54,6.16,10.8,10.2,9,0.02
H2,280.16,47.83,107.9141022,-7.1857618,692.39,5.49,9.6,8.3,9,0.02
H2,284.9,47.83,107.9141451,-7.1857618,692.25,4.84,8.5,5.8,9,0.02
H2,289.64,47.83,107.914188,-7.1857618,692.21,4.24,7.4,3.2,22,0.049
H2,294.38,47.83,107.9142309,-7.1857618,692.32,3.71,6.5,2.0,10,0.022
H2,24.2,43.13,107.9117848,-7.1858044,690.02,3.86,6.7,104.3,16,0.036
H2,28.94,43.13,107.9118277,-7.1858044,689.77,3.59,6.3,107.1,17,0.038
H2,33.68,43.13,107.9118706,-7.1858044,689.52,3.31,5.8,109.0,18,0.04
H2,38.42,43.13,107.9119135,-7.1858044,689.27,3.02,5.3,109.7,19,0.043
H2,43.16,43.13,107.9119564,-7.1858044,689.03,2.7,4.7,108.9,20,0.045
H2,47.9,43.13,107.9119993,-7.1858044,688.78,2.34,4.1,106.3,21,0.047
H2,52.64,43.13,107.9120422,-7.1858044,688.53,1.92,3.3,100.8,22,0.049
H2,57.38,43.13,107.9120852,-7.1858044,688.28,1.46,2.5,89.3,23,0.052
H2,62.12,43.13,107.9121281,-7.1858044,688.14,1.08,1.9,64.2,24,0.054
H2,66.86,43.13,107.912171,-7.1858044,688.1,1.07,1.9,22.8,25,0.056
H2,71.6,43.13,107.9122139,-7.1858044,688.06,1.56,2.7,352.9,26,0.058
H2,76.34,43.13,107.9122568,-7.1858044,688.02,2.31,4.0,338.8,2590,5.819
H2,81.08,43.13,107.9122997,-7.1858044,688.11,3.14,5.5,331.5,21,0.047
H2,85.82,43.13,107.9123427,-7.1858044,688.32,3.99,7.0,327.4,14,0.031
H2,90.56,43.13,107.9123856,-7.1858044,688.53,4.81,8.4,324.7,19,0.043
H2,95.3,43.13,107.9124285,-7.1858044,688.74,5.57,9.7,322.9,19,0.043
H2,100.04,43.13,107.9124714,-7.1858044,689.08,6.23,10.9,321.6,18,0.04
H2,104.78,43.13,107.9125143,-7.1858044,689.54,6.77,11.9,320.7,16,0.036
H2,109.52,43.13,107.9125572,-7.1858044,689.99,7.16,12.6,320.1,17,0.038
H2,114.26,43.13,107.9126001,-7.1858044,690.45,7.38,13.0,319.8,27,0.061
H2,119.0,43.13,107.9126431,-7.1858044,690.93,7.42,13.0,319.8,10,0.022
H2,123.74,43.13,107.912686,-7.1858044,691.43,7.29,12.8,320.1,17,0.038
H2,128.48,43.13,107.9127289,-7.1858044,691.93,7.0,12.3,321.0,18,0.04
H2,133.22,43.13,107.9127718,-7.1858044,692.43,6.59,11.5,322.3,10,0.022
H2,137.96,43.13,107.9128147,-7.1858044,692.71,6.12,10.7,324.1,13,0.029
H2,142.7,43.13,107.9128576,-7.1858044,692.79,5.65,9.9,326.2,3,0.007
H2,147.44,43.13,107.9129006,-7.1858044,692.88,5.24,9.2,328.4,5,0.011
H2,228.02,43.13,107.9136301,-7.1858044,694.62,8.79,15.5,12.3,6,0.013
H2,232.76,43.13,107.913673,-7.1858044,694.48,8.91,15.7,13.3,5,0.011
H2,237.5,43.13,107.9137159,-7.1858044,694.43,8.93,15.7,13.8,9,0.02
H2,242.24,43.13,107.9137589,-7.1858044,694.39,8.86,15.6,14.0,4,0.009
H2,246.98,43.13,107.9138018,-7.1858044,694.35,8.71,15.3,14.2,9,0.02
H2,251.72,43.13,107.9138447,-7.1858044,694.23,8.48,14.9,14.5,3,0.007
H2,256.46,43.13,107.9138876,-7.1858044,694.02,8.17,14.4,15.0,9,0.02
H2,261.2,43.13,107.9139305,-7.1858044,693.82,7.79,13.7,15.5,8,0.018
H2,265.94,43.13,107.9139734,-7.1858044,693.61,7.33,12.9,16.0,8,0.018
H2,270.68,43.13,107.9140164,-7.1858044,693.4,6.8,11.9,16.2,8,0.018
H2,275.42,43.13,107.9140593,-7.1858044,693.19,6.2,10.9,15.8,8,0.018
H2,280.16,43.13,107.9141022,-7.1858044,692.98,5.57,9.8,14.6,8,0.018
H2,284.9,43.13,107.9141451,-7.1858044,692.78,4.95,8.7,12.5,8,0.018
H2,289.64,43.13,107.914188,-7.1858044,692.68,4.37,7.6,10.2,21,0.047
H2,24.2,38.42,107.9117848,-7.185847,689.86,3.9,6.8,99.6,21,0.047
H2,28.94,38.42,107.9118277,-7.185847,689.61,3.53,6.2,101.4,22,0.049
H2,33.68,38.42,107.9118706,-7.185847,689.36,3.16,5.5,102.2,23,0.052
H2,38.42,38.42,107.9119135,-7.185847,689.11,2.78,4.9,101.7,24,0.054
H2,43.16,38.42,107.9119564,-7.185847,688.87,2.38,4.2,99.2,25,0.056
H2,47.9,38.42,107.9119993,-7.185847,688.64,1.96,3.4,93.3,26,0.058
H2,52.64,38.42,107.9120422,-7.185847,688.41,1.53,2.7,81.1,27,0.061
H2,57.38,38.42,107.9120852,-7.185847,688.18,1.21,2.1,56.6,28,0.063
H2,62.12,38.42,107.9121281,-7.185847,688.09,1.26,2.2,21.1,29,0.065
H2,66.86,38.42,107.912171,-7.185847,688.11,1.75,3.0,354.8,30,0.067
H2,71.6,38.42,107.9122139,-7.185847,688.13,2.48,4.3,341.2,2544,5.715
H2,76.34,38.42,107.9122568,-7.185847,688.15,3.33,5.8,333.9,19,0.043
H2,81.08,38.42,107.9122997,-7.185847,688.31,4.2,7.3,329.7,20,0.045
H2,85.82,38.42,107.9123427,-7.185847,688.58,5.06,8.9,327.1,13,0.029
H2,90.56,38.42,107.9123856,-7.185847,688.85,5.86,10.3,325.4,18,0.04
H2,95.3,38.42,107.9124285,-7.185847,689.12,6.56,11.5,324.2,18,0.04
H2,100.04,38.42,107.9124714,-7.185847,689.52,7.14,12.5,323.4,17,0.038
H2,104.78,38.42,107.9125143,-7.185847,690.01,7.57,13.3,322.9,15,0.034
H2,109.52,38.42,107.9125572,-7.185847,690.51,7.83,13.8,322.6,16,0.036
H2,114.26,38.42,107.9126001,-7.185847,691.01,7.92,13.9,322.6,26,0.058
H2,119.0,38.42,107.9126431,-7.185847,691.5,7.84,13.8,322.8,9,0.02
H2,123.74,38.42,107.912686,-7.185847,691.98,7.6,13.3,323.5,16,0.036
H2,128.48,38.42,107.9127289,-7.185847,692.46,7.25,12.7,324.6,17,0.038
H2,133.22,38.42,107.9127718,-7.185847,692.93,6.82,12.0,326.3,9,0.02
H2,137.96,38.42,107.9128147,-7.185847,693.17,6.37,11.2,328.5,3,0.007
H2,142.7,38.42,107.9128576,-7.185847,693.2,5.97,10.5,330.8,9,0.02
H2,232.76,38.42,107.913673,-7.185847,695.3,8.91,15.7,13.3,4,0.009
H2,237.5,38.42,107.9137159,-7.185847,695.27,8.85,15.6,14.5,8,0.018
H2,242.24,38.42,107.9137589,-7.185847,695.23,8.7,15.3,15.5,3,0.007
H2,246.98,38.42,107.9138018,-7.185847,695.18,8.46,14.9,16.4,8,0.018
H2,251.72,38.42,107.9138447,-7.185847,695.05,8.18,14.4,17.4,2,0.004
H2,256.46,38.42,107.9138876,-7.185847,694.8,7.85,13.8,18.5,8,0.018
H2,261.2,38.42,107.9139305,-7.185847,694.55,7.47,13.1,19.7,7,0.016
H2,265.94,38.42,107.9139734,-7.185847,694.3,7.06,12.4,20.8,7,0.016
H2,270.68,38.42,107.9140164,-7.185847,694.04,6.58,11.5,21.6,7,0.016
H2,275.42,38.42,107.9140593,-7.185847,693.77,6.06,10.6,21.6,7,0.016
H2,280.16,38.42,107.9141022,-7.185847,693.5,5.48,9.6,20.7,7,0.016
H2,284.9,38.42,107.9141451,-7.185847,693.23,4.91,8.6,18.8,7,0.016
H2,28.94,33.71,107.9118277,-7.1858896,689.61,3.45,6.0,93.6,20,0.045
H2,33.68,33.71,107.9118706,-7.1858896,689.36,3.0,5.2,92.8,21,0.047
H2,38.42,33.71,107.9119135,-7.1858896,689.11,2.55,4.5,90.0,22,0.049
H2,43.16,33.71,107.9119564,-7.1858896,688.91,2.11,3.7,84.0,23,0.052
H2,47.9,33.71,107.9119993,-7.1858896,688.74,1.71,3.0,72.2,24,0.054
H2,52.64,33.71,107.9120422,-7.1858896,688.57,1.43,2.5,50.5,25,0.056
H2,57.38,33.71,107.9120852,-7.1858896,688.4,1.47,2.6,20.9,26,0.058
H2,62.12,33.71,107.9121281,-7.1858896,688.38,1.91,3.3,356.9,27,0.061
H2,66.86,33.71,107.912171,-7.1858896,688.46,2.62,4.6,343.0,2496,5.607
H2,71.6,33.71,107.9122139,-7.1858896,688.54,3.45,6.0,335.3,17,0.038
H2,76.34,33.71,107.9122568,-7.1858896,688.62,4.34,7.6,330.8,18,0.04
H2,81.08,33.71,107.9122997,-7.1858896,688.84,5.23,9.1,328.2,19,0.043
H2,85.82,33.71,107.9123427,-7.1858896,689.18,6.06,10.6,326.5,12,0.027
H2,90.56,33.71,107.9123856,-7.1858896,689.51,6.81,11.9,325.5,17,0.038
H2,95.3,33.71,107.9124285,-7.1858896,689.84,7.43,13.0,324.9,17,0.038
H2,100.04,33.71,107.9124714,-7.1858896,690.26,7.89,13.9,324.5,16,0.036
H2,104.78,33.71,107.9125143,-7.1858896,690.76,8.19,14.4,324.4,14,0.031
H2,109.52,33.71,107.9125572,-7.1858896,691.26,8.31,14.6,324.4,15,0.034
H2,114.26,33.71,107.9126001,-7.1858896,691.76,8.26,14.5,324.6,25,0.056
H2,119.0,33.71,107.9126431,-7.1858896,692.21,8.05,14.1,325.1,8,0.018
H2,123.74,33.71,107.912686,-7.1858896,692.63,7.72,13.6,325.9,15,0.034
H2,128.48,33.71,107.9127289,-7.1858896,693.05,7.31,12.8,327.2,8,0.018
H2,265.94,33.71,107.9139734,-7.1858896,694.8,6.63,11.6,26.4,6,0.013
H2,270.68,33.71,107.9140164,-7.1858896,694.51,6.23,10.9,27.5,6,0.013
H2,275.42,33.71,107.9140593,-7.1858896,694.18,5.77,10.1,27.8,6,0.013
H2,33.68,29.0,107.9118706,-7.1859321,689.36,2.9,5.1,81.5,19,0.043
H2,38.42,29.0,107.9119135,-7.1859321,689.11,2.43,4.2,75.6,20,0.045
H2,43.16,29.0,107.9119564,-7.1859321,688.94,2.01,3.5,65.2,21,0.047
H2,47.9,29.0,107.9119993,-7.1859321,688.84,1.72,3.0,47.4,22,0.049
H2,52.64,29.0,107.9120422,-7.1859321,688.73,1.7,3.0,23.0,23,0.052
H2,57.38,29.0,107.9120852,-7.1859321,688.62,2.04,3.6,0.3,24,0.054
H2,62.12,29.0,107.9121281,-7.1859321,688.66,2.67,4.7,345.3,2444,5.491
H2,66.86,29.0,107.912171,-7.1859321,688.8,3.47,6.1,336.5,24,0.054
H2,71.6,29.0,107.9122139,-7.1859321,688.95,4.35,7.6,331.3,16,0.036
H2,76.34,29.0,107.9122568,-7.1859321,689.09,5.26,9.2,328.2,17,0.038
H2,81.08,29.0,107.9122997,-7.1859321,689.38,6.12,10.7,326.4,18,0.04
H2,85.82,29.0,107.9123427,-7.1859321,689.77,6.91,12.1,325.5,11,0.025
H2,90.56,29.0,107.9123856,-7.1859321,690.16,7.58,13.3,325.0,16,0.036
H2,95.3,29.0,107.9124285,-7.1859321,690.56,8.09,14.2,324.9,16,0.036
H2,100.04,29.0,107.9124714,-7.1859321,691.01,8.42,14.8,325.0,15,0.034
H2,104.78,29.0,107.9125143,-7.1859321,691.51,8.57,15.1,325.2,13,0.029
H2,109.52,29.0,107.9125572,-7.1859321,692.01,8.53,15.0,325.6,14,0.031
H2,114.26,29.0,107.9126001,-7.1859321,692.51,8.34,14.7,326.1,24,0.054
H2,119.0,29.0,107.9126431,-7.1859321,692.93,8.01,14.1,326.7,7,0.016
H2,123.74,29.0,107.912686,-7.1859321,693.29,7.6,13.3,327.7,7,0.016
H2,128.48,29.0,107.9127289,-7.1859321,693.64,7.17,12.6,328.9,7,0.016
H2,33.68,24.29,107.9118706,-7.1859747,689.36,2.88,5.0,69.9,18,0.04
H2,38.42,24.29,107.9119135,-7.1859747,689.11,2.44,4.3,61.0,19,0.043
H2,43.16,24.29,107.9119564,-7.1859747,688.98,2.11,3.7,47.0,20,0.045
H2,47.9,24.29,107.9119993,-7.1859747,688.93,1.98,3.4,27.3,21,0.047
H2,52.64,24.29,107.9120422,-7.1859747,688.89,2.16,3.8,6.0,22,0.049
H2,57.38,24.29,107.9120852,-7.1859747,688.85,2.66,4.6,349.2,2405,5.403
H2,62.12,24.29,107.9121281,-7.1859747,688.95,3.38,5.9,338.4,14,0.031
H2,66.86,24.29,107.912171,-7.1859747,689.15,4.23,7.4,331.7,23,0.052
H2,71.6,24.29,107.9122139,-7.1859747,689.36,5.13,9.0,327.8,15,0.034
H2,76.34,24.29,107.9122568,-7.1859747,689.57,6.02,10.5,325.5,16,0.036
H2,81.08,24.29,107.9122997,-7.1859747,689.91,6.84,12.0,324.4,17,0.038
H2,85.82,24.29,107.9123427,-7.1859747,690.37,7.56,13.3,323.9,10,0.022
H2,90.56,24.29,107.9123856,-7.1859747,690.82,8.12,14.3,324.0,15,0.034
H2,95.3,24.29,107.9124285,-7.1859747,691.28,8.5,15.0,324.3,15,0.034
H2,100.04,24.29,107.9124714,-7.1859747,691.76,8.69,15.3,324.9,14,0.031
H2,104.78,24.29,107.9125143,-7.1859747,692.26,8.67,15.3,325.5,12,0.027
H2,109.52,24.29,107.9125572,-7.1859747,692.76,8.48,14.9,326.2,13,0.029
H2,114.26,24.29,107.9126001,-7.1859747,693.25,8.15,14.3,327.0,17,0.038
H2,119.0,24.29,107.9126431,-7.1859747,693.64,7.72,13.6,327.9,6,0.013
H2,123.74,24.29,107.912686,-7.1859747,693.94,7.25,12.7,328.8,6,0.013
H2,38.42,19.58,107.9119135,-7.1860173,689.19,2.55,4.5,48.5,18,0.04
H2,43.16,19.58,107.9119564,-7.1860173,689.08,2.32,4.0,32.8,19,0.043
H2,47.9,19.58,107.9119993,-7.1860173,689.08,2.33,4.1,13.8,20,0.045
H2,52.64,19.58,107.9120422,-7.1860173,689.08,2.64,4.6,355.8,2361,5.304
H2,57.38,19.58,107.9120852,-7.1860173,689.08,3.23,5.6,342.3,21,0.047
H2,62.12,19.58,107.9121281,-7.1860173,689.23,4.0,7.0,333.4,13,0.029
H2,66.86,19.58,107.912171,-7.1860173,689.5,4.86,8.5,327.9,22,0.049
H2,71.6,19.58,107.9122139,-7.1860173,689.77,5.75,10.1,324.6,14,0.031
H2,76.34,19.58,107.9122568,-7.1860173,690.04,6.61,11.6,322.8,15,0.034
H2,81.08,19.58,107.9122997,-7.1860173,690.45,7.38,12.9,322.0,16,0.036
H2,85.82,19.58,107.9123427,-7.1860173,690.96,8.0,14.0,321.9,9,0.02
H2,90.56,19.58,107.9123856,-7.1860173,691.48,8.43,14.8,322.4,14,0.031
H2,95.3,19.58,107.9124285,-7.1860173,692.0,8.66,15.2,323.2,14,0.031
H2,100.04,19.58,107.9124714,-7.1860173,692.5,8.67,15.3,324.2,13,0.029
H2,104.78,19.58,107.9125143,-7.1860173,692.98,8.49,14.9,325.3,11,0.025
H2,109.52,19.58,107.9125572,-7.1860173,693.45,8.15,14.3,326.4,6,0.013
H2,114.26,19.58,107.9126001,-7.1860173,693.93,7.7,13.5,327.5,6,0.013
H2,119.0,19.58,107.9126431,-7.1860173,694.28,7.18,12.6,328.5,16,0.036
H2,123.74,19.58,107.912686,-7.1860173,694.51,6.67,11.7,329.4,5,0.011
H2,38.42,14.87,107.9119135,-7.1860599,689.43,2.68,4.7,38.5,17,0.038
H2,43.16,14.87,107.9119564,-7.1860599,689.33,2.56,4.5,22.4,18,0.04
H2,47.9,14.87,107.9119993,-7.1860599,689.33,2.68,4.7,4.7,2312,5.194
H2,52.64,14.87,107.9120422,-7.1860599,689.33,3.09,5.4,349.0,28,0.063
H2,57.38,14.87,107.9120852,-7.1860599,689.33,3.73,6.5,337.3,20,0.045
H2,62.12,14.87,107.9121281,-7.1860599,689.52,4.53,7.9,329.5,12,0.027
H2,66.86,14.87,107.912171,-7.1860599,689.84,5.39,9.4,324.6,21,0.047
H2,71.6,14.87,107.9122139,-7.1860599,690.18,6.26,11.0,321.6,13,0.029
H2,76.34,14.87,107.9122568,-7.1860599,690.51,7.06,12.4,320.1,14,0.031
H2,81.08,14.87,107.9122997,-7.1860599,690.98,7.73,13.6,319.5,15,0.034
H2,85.82,14.87,107.9123427,-7.1860599,691.56,8.23,14.5,319.6,8,0.018
H2,90.56,14.87,107.9123856,-7.1860599,692.14,8.51,15.0,320.4,13,0.029
H2,95.3,14.87,107.9124285,-7.1860599,692.72,8.56,15.1,321.6,13,0.029
H2,100.04,14.87,107.9124714,-7.1860599,693.21,8.4,14.8,323.0,6,0.013
H2,104.78,14.87,107.9125143,-7.1860599,693.63,8.06,14.2,324.6,6,0.013
H2,38.42,10.16,107.9119135,-7.1861024,689.68,2.76,4.8,30.5,16,0.036
H2,43.16,10.16,107.9119564,-7.1861024,689.58,2.76,4.8,14.3,2241,5.035
H2,47.9,10.16,107.9119993,-7.1861024,689.58,2.99,5.2,357.8,52,0.117
H2,52.64,10.16,107.9120422,-7.1861024,689.58,3.48,6.1,343.9,27,0.061
H2,57.38,10.16,107.9120852,-7.1861024,689.58,4.17,7.3,333.6,19,0.043
H2,62.12,10.16,107.9121281,-7.1861024,689.8,4.98,8.7,326.5,11,0.025
H2,66.86,10.16,107.912171,-7.1861024,690.19,5.83,10.2,321.9,20,0.045
H2,71.6,10.16,107.9122139,-7.1861024,690.59,6.64,11.6,319.0,12,0.027
H2,76.34,10.16,107.9122568,-7.1861024,690.98,7.36,12.9,317.5,13,0.029
H2,81.08,10.16,107.9122997,-7.1861024,691.51,7.92,13.9,316.9,14,0.031
H2,43.16,5.46,107.9119564,-7.186145,689.83,2.89,5.0,7.2,39,0.088
H2,47.9,5.46,107.9119993,-7.186145,689.83,3.24,5.7,351.9,51,0.115
H2,52.64,5.46,107.9120422,-7.186145,689.83,3.81,6.7,339.5,26,0.058
H2,57.38,5.46,107.9120852,-7.186145,689.83,4.54,7.9,330.3,18,0.04
H2,62.12,5.46,107.9121281,-7.186145,690.08,5.35,9.4,323.9,10,0.022
H2,66.86,5.46,107.912171,-7.186145,690.54,6.17,10.8,319.6,19,0.043
H2,71.6,5.46,107.9122139,-7.186145,691.0,6.91,12.1,316.8,11,0.025
H2,76.34,5.46,107.9122568,-7.186145,691.45,7.53,13.2,315.2,12,0.027
H2,57.38,0.75,107.9120852,-7.1861876,690.14,4.84,8.5,327.2,17,0.038
H2,62.12,0.75,107.9121281,-7.1861876,690.43,5.64,9.9,321.6,9,0.02
H2,66.86,0.75,107.912171,-7.1861876,690.93,6.4,11.2,317.6,18,0.04
H2,71.6,0.75,107.9122139,-7.1861876,691.43,7.06,12.4,314.8,10,0.022
H2,62.12,-3.96,107.9121281,-7.1862302,690.93,5.81,10.2,319.0,8,0.018
H2,66.86,-3.96,107.912171,-7.1862302,691.43,6.5,11.4,315.4,17,0.038
H1,-179.62,-84.01,107.9099394,-7.186954,701.0,1.36,2.4,57.6,12,0.027
H1,-184.36,-88.72,107.9098965,-7.1869966,701.0,1.46,2.5,73.8,11,0.025
H1,-179.62,-88.72,107.9099394,-7.1869966,701.0,1.17,2.0,67.1,1,0.002
H1,-174.88,-88.72,107.9099823,-7.1869966,701.0,1.06,1.9,59.5,14,0.031
H1,-170.14,-88.72,107.9100252,-7.1869966,701.0,1.14,2.0,54.6,2,0.004
H1,-165.4,-88.72,107.9100681,-7.1869966,700.97,1.39,2.4,53.8,14,0.031
H1,-160.66,-88.72,107.9101111,-7.1869966,700.92,1.77,3.1,55.7,3,0.007
H1,-155.92,-88.72,107.910154,-7.1869966,700.88,2.24,3.9,58.3,15,0.034
H1,-151.18,-88.72,107.9101969,-7.1869966,700.83,2.74,4.8,60.9,15,0.034
H1,-189.1,-93.43,107.9098536,-7.1870392,701.08,1.82,3.2,84.1,11,0.025
H1,-184.36,-93.43,107.9098965,-7.1870392,701.0,1.38,2.4,80.9,12,0.027
H1,-179.62,-93.43,107.9099394,-7.1870392,701.0,1.05,1.8,75.4,13,0.029
H1,-174.88,-93.43,107.9099823,-7.1870392,701.0,0.89,1.5,67.5,1,0.002
H1,-170.14,-93.43,107.9100252,-7.1870392,701.0,0.91,1.6,60.7,13,0.029
H1,-165.4,-93.43,107.9100681,-7.1870392,701.0,1.12,2.0,58.4,2,0.004
H1,-160.66,-93.43,107.9101111,-7.1870392,701.0,1.49,2.6,59.3,14,0.031
H1,-155.92,-93.43,107.910154,-7.1870392,701.0,1.97,3.4,61.3,14,0.031
H1,-151.18,-93.43,107.9101969,-7.1870392,701.0,2.51,4.4,63.2,4,0.009
H1,-146.44,-93.43,107.9102398,-7.1870392,700.68,3.02,5.3,64.5,15,0.034
H1,-141.7,-93.43,107.9102827,-7.1870392,700.2,3.42,6.0,65.1,15,0.034
H1,-136.96,-93.43,107.9103256,-7.1870392,699.71,3.67,6.4,64.9,15,0.034
H1,-132.22,-93.43,107.9103685,-7.1870392,699.23,3.74,6.5,64.1,7,0.016
H1,-127.48,-93.43,107.9104115,-7.1870392,698.9,3.67,6.4,62.6,9,0.02
H1,-122.74,-93.43,107.9104544,-7.1870392,698.65,3.49,6.1,60.5,8,0.018
H1,-193.84,-98.14,107.9098106,-7.1870817,701.33,2.25,3.9,89.5,8,0.018
H1,-189.1,-98.14,107.9098536,-7.1870817,701.08,1.78,3.1,88.0,9,0.02
H1,-184.36,-98.14,107.9098965,-7.1870817,701.0,1.33,2.3,85.7,10,0.022
H1,-179.62,-98.14,107.9099394,-7.1870817,701.0,0.97,1.7,81.6,11,0.025
H1,-174.88,-98.14,107.9099823,-7.1870817,701.0,0.76,1.3,74.6,12,0.027
H1,-170.14,-98.14,107.9100252,-7.1870817,701.0,0.74,1.3,66.9,1,0.002
H1,-165.4,-98.14,107.9100681,-7.1870817,701.0,0.91,1.6,63.0,13,0.029
H1,-160.66,-98.14,107.9101111,-7.1870817,701.0,1.24,2.2,62.8,13,0.029
H1,-155.92,-98.14,107.910154,-7.1870817,701.0,1.71,3.0,63.9,3,0.007
H1,-151.18,-98.14,107.9101969,-7.1870817,701.0,2.26,3.9,64.8,14,0.031
H1,-146.44,-98.14,107.9102398,-7.1870817,700.72,2.8,4.9,65.1,14,0.031
H1,-141.7,-98.14,107.9102827,-7.1870817,700.3,3.25,5.7,64.7,14,0.031
H1,-136.96,-98.14,107.9103256,-7.1870817,699.88,3.56,6.2,63.6,6,0.013
H1,-132.22,-98.14,107.9103685,-7.1870817,699.46,3.7,6.5,62.0,8,0.018
H1,-127.48,-98.14,107.9104115,-7.1870817,699.15,3.69,6.4,60.0,7,0.016
H1,-122.74,-98.14,107.9104544,-7.1870817,698.9,3.56,6.2,57.8,8,0.018
H1,-118.0,-98.14,107.9104973,-7.1870817,698.65,3.35,5.9,55.5,8,0.018
H1,-113.26,-98.14,107.9105402,-7.1870817,698.4,3.09,5.4,53.3,8,0.018
H1,-108.52,-98.14,107.9105831,-7.1870817,698.27,2.79,4.9,50.9,9,0.02
H1,-103.78,-98.14,107.910626,-7.1870817,698.18,2.49,4.3,48.2,9,0.02
H1,-99.04,-98.14,107.910669,-7.1870817,698.11,2.2,3.8,44.3,9,0.02
H1,-94.3,-98.14,107.9107119,-7.1870817,698.03,1.95,3.4,38.6,9,0.02
H1,-89.56,-98.14,107.9107548,-7.1870817,698.0,1.8,3.1,30.6,9,0.02
H1,-84.82,-98.14,107.9107977,-7.1870817,698.0,1.76,3.1,21.1,17,0.038
H1,-203.32,-102.85,107.9097248,-7.1871243,701.83,2.93,5.1,96.2,5,0.011
H1,-198.58,-102.85,107.9097677,-7.1871243,701.58,2.6,4.5,93.9,6,0.013
H1,-193.84,-102.85,107.9098106,-7.1871243,701.33,2.19,3.8,92.1,7,0.016
H1,-189.1,-102.85,107.9098536,-7.1871243,701.08,1.73,3.0,90.6,8,0.018
H1,-184.36,-102.85,107.9098965,-7.1871243,701.0,1.28,2.2,88.9,9,0.02
H1,-179.62,-102.85,107.9099394,-7.1871243,701.0,0.92,1.6,85.9,10,0.022
H1,-174.88,-102.85,107.9099823,-7.1871243,701.0,0.68,1.2,80.3,11,0.025
H1,-170.14,-102.85,107.9100252,-7.1871243,701.0,0.62,1.1,72.6,12,0.027
H1,-165.4,-102.85,107.9100681,-7.1871243,701.0,0.74,1.3,67.3,12,0.027
H1,-160.66,-102.85,107.9101111,-7.1871243,701.0,1.03,1.8,65.8,2,0.004
H1,-155.92,-102.85,107.910154,-7.1871243,701.0,1.47,2.6,65.7,13,0.029
H1,-151.18,-102.85,107.9101969,-7.1871243,701.0,2.0,3.5,65.5,13,0.029
H1,-146.44,-102.85,107.9102398,-7.1871243,700.76,2.54,4.4,64.8,13,0.029
H1,-141.7,-102.85,107.9102827,-7.1871243,700.4,3.02,5.3,63.5,5,0.011
H1,-136.96,-102.85,107.9103256,-7.1871243,700.05,3.38,5.9,61.6,7,0.016
H1,-132.22,-102.85,107.9103685,-7.1871243,699.69,3.6,6.3,59.5,6,0.013
H1,-127.48,-102.85,107.9104115,-7.1871243,699.4,3.68,6.4,57.3,7,0.016
H1,-122.74,-102.85,107.9104544,-7.1871243,699.15,3.63,6.3,55.3,7,0.016
H1,-118.0,-102.85,107.9104973,-7.1871243,698.9,3.48,6.1,53.7,7,0.016
H1,-113.26,-102.85,107.9105402,-7.1871243,698.65,3.24,5.7,52.5,8,0.018
H1,-108.52,-102.85,107.9105831,-7.1871243,698.47,2.94,5.1,51.7,8,0.018
H1,-103.78,-102.85,107.910626,-7.1871243,698.33,2.58,4.5,50.7,8,0.018
H1,-99.04,-102.85,107.910669,-7.1871243,698.19,2.2,3.8,48.9,8,0.018
H1,-94.3,-102.85,107.9107119,-7.1871243,698.05,1.83,3.2,44.9,8,0.018
H1,-89.56,-102.85,107.9107548,-7.1871243,698.0,1.51,2.6,37.1,7,0.016
H1,-84.82,-102.85,107.9107977,-7.1871243,698.0,1.32,2.3,24.9,9,0.02
H1,-208.06,-107.56,107.9096819,-7.1871669,702.09,2.94,5.1,103.8,3,0.007
H1,-203.32,-107.56,107.9097248,-7.1871669,701.83,2.76,4.8,99.7,4,0.009
H1,-198.58,-107.56,107.9097677,-7.1871669,701.58,2.48,4.3,96.6,5,0.011
H1,-193.84,-107.56,107.9098106,-7.1871669,701.33,2.1,3.7,94.3,6,0.013
H1,-189.1,-107.56,107.9098536,-7.1871669,701.08,1.67,2.9,92.6,7,0.016
H1,-184.36,-107.56,107.9098965,-7.1871669,701.0,1.24,2.2,91.1,8,0.018
H1,-179.62,-107.56,107.9099394,-7.1871669,701.0,0.87,1.5,88.9,9,0.02
H1,-174.88,-107.56,107.9099823,-7.1871669,701.0,0.62,1.1,84.7,10,0.022
H1,-170.14,-107.56,107.9100252,-7.1871669,701.0,0.52,0.9,77.5,11,0.025
H1,-165.4,-107.56,107.9100681,-7.1871669,701.0,0.6,1.1,71.0,1,0.002
H1,-160.66,-107.56,107.9101111,-7.1871669,701.0,0.85,1.5,67.9,12,0.027
H1,-155.92,-107.56,107.910154,-7.1871669,701.0,1.24,2.2,66.5,12,0.027
H1,-151.18,-107.56,107.9101969,-7.1871669,701.0,1.73,3.0,65.2,12,0.027
H1,-146.44,-107.56,107.9102398,-7.1871669,700.8,2.25,3.9,63.6,4,0.009
H1,-141.7,-107.56,107.9102827,-7.1871669,700.51,2.74,4.8,61.5,6,0.013
H1,-136.96,-107.56,107.9103256,-7.1871669,700.21,3.15,5.5,59.3,5,0.011
H1,-132.22,-107.56,107.9103685,-7.1871669,699.91,3.44,6.0,57.0,6,0.013
H1,-127.48,-107.56,107.9104115,-7.1871669,699.65,3.61,6.3,55.1,6,0.013
H1,-122.74,-107.56,107.9104544,-7.1871669,699.4,3.65,6.4,53.7,6,0.013
H1,-118.0,-107.56,107.9104973,-7.1871669,699.15,3.58,6.3,53.0,7,0.016
H1,-113.26,-107.56,107.9105402,-7.1871669,698.9,3.4,5.9,52.9,7,0.016
H1,-108.52,-107.56,107.9105831,-7.1871669,698.68,3.12,5.4,53.4,7,0.016
H1,-103.78,-107.56,107.910626,-7.1871669,698.48,2.75,4.8,54.0,7,0.016
H1,-99.04,-107.56,107.910669,-7.1871669,698.28,2.32,4.0,54.0,7,0.016
H1,-94.3,-107.56,107.9107119,-7.1871669,698.07,1.85,3.2,52.3,6,0.013
H1,-89.56,-107.56,107.9107548,-7.1871669,698.0,1.39,2.4,46.9,5,0.011
H1,-208.06,-112.26,107.9096819,-7.1872095,702.07,2.72,4.7,108.8,2,0.004
H1,-203.32,-112.26,107.9097248,-7.1872095,701.83,2.56,4.5,103.5,3,0.007
H1,-198.58,-112.26,107.9097677,-7.1872095,701.58,2.32,4.1,99.6,4,0.009
H1,-193.84,-112.26,107.9098106,-7.1872095,701.33,1.99,3.5,96.7,5,0.011
H1,-189.1,-112.26,107.9098536,-7.1872095,701.08,1.6,2.8,94.7,6,0.013
H1,-184.36,-112.26,107.9098965,-7.1872095,701.0,1.19,2.1,93.2,7,0.016
H1,-179.62,-112.26,107.9099394,-7.1872095,701.0,0.83,1.5,91.5,8,0.018
H1,-174.88,-112.26,107.9099823,-7.1872095,701.0,0.57,1.0,88.3,9,0.02
H1,-170.14,-112.26,107.9100252,-7.1872095,701.0,0.45,0.8,81.9,10,0.022
H1,-165.4,-112.26,107.9100681,-7.1872095,701.0,0.49,0.9,74.2,11,0.025
H1,-160.66,-112.26,107.9101111,-7.1872095,701.0,0.69,1.2,69.2,11,0.025
H1,-155.92,-112.26,107.910154,-7.1872095,701.0,1.02,1.8,66.3,11,0.025
H1,-151.18,-112.26,107.9101969,-7.1872095,701.0,1.46,2.5,64.1,3,0.007
H1,-146.44,-112.26,107.9102398,-7.1872095,700.84,1.94,3.4,61.7,5,0.011
H1,-141.7,-112.26,107.9102827,-7.1872095,700.61,2.43,4.2,59.3,4,0.009
H1,-136.96,-112.26,107.9103256,-7.1872095,700.38,2.87,5.0,57.0,5,0.011
H1,-132.22,-112.26,107.9103685,-7.1872095,700.14,3.23,5.6,55.1,5,0.011
H1,-127.48,-112.26,107.9104115,-7.1872095,699.9,3.48,6.1,53.7,5,0.011
H1,-122.74,-112.26,107.9104544,-7.1872095,699.65,3.61,6.3,53.2,6,0.013
H1,-118.0,-112.26,107.9104973,-7.1872095,699.4,3.63,6.3,53.4,6,0.013
H1,-113.26,-112.26,107.9105402,-7.1872095,699.15,3.53,6.2,54.4,6,0.013
H1,-108.52,-112.26,107.9105831,-7.1872095,698.89,3.3,5.8,55.9,6,0.013
H1,-103.78,-112.26,107.910626,-7.1872095,698.62,2.96,5.2,57.5,6,0.013
H1,-99.04,-112.26,107.910669,-7.1872095,698.36,2.51,4.4,58.8,5,0.011
H1,-94.3,-112.26,107.9107119,-7.1872095,698.1,1.99,3.5,58.8,4,0.009
H1,-89.56,-112.26,107.9107548,-7.1872095,698.0,1.44,2.5,56.4,2,0.004
H1,-212.8,-116.97,107.909639,-7.1872521,702.22,2.59,4.5,122.7,5,0.011
H1,-208.06,-116.97,107.9096819,-7.1872521,702.05,2.49,4.3,114.9,1,0.002
H1,-203.32,-116.97,107.9097248,-7.1872521,701.83,2.35,4.1,108.5,2,0.004
H1,-198.58,-116.97,107.9097677,-7.1872521,701.58,2.15,3.8,103.6,3,0.007
H1,-193.84,-116.97,107.9098106,-7.1872521,701.33,1.87,3.3,100.1,4,0.009
H1,-189.1,-116.97,107.9098536,-7.1872521,701.08,1.52,2.6,97.7,5,0.011
H1,-184.36,-116.97,107.9098965,-7.1872521,701.0,1.14,2.0,96.1,6,0.013
H1,-179.62,-116.97,107.9099394,-7.1872521,701.0,0.79,1.4,94.7,7,0.016
H1,-174.88,-116.97,107.9099823,-7.1872521,701.0,0.53,0.9,92.4,8,0.018
H1,-170.14,-116.97,107.9100252,-7.1872521,701.0,0.39,0.7,86.9,9,0.02
H1,-165.4,-116.97,107.9100681,-7.1872521,701.0,0.4,0.7,77.8,10,0.022
H1,-160.66,-116.97,107.9101111,-7.1872521,701.0,0.54,0.9,70.3,10,0.022
H1,-155.92,-116.97,107.910154,-7.1872521,701.0,0.82,1.4,65.8,2,0.004
H1,-151.18,-116.97,107.9101969,-7.1872521,701.0,1.19,2.1,62.5,4,0.009
H1,-146.44,-116.97,107.9102398,-7.1872521,700.89,1.63,2.9,59.7,3,0.007
H1,-141.7,-116.97,107.9102827,-7.1872521,700.71,2.1,3.7,57.3,4,0.009
H1,-136.96,-116.97,107.9103256,-7.1872521,700.54,2.56,4.5,55.3,4,0.009
H1,-132.22,-116.97,107.9103685,-7.1872521,700.37,2.96,5.2,54.1,4,0.009
H1,-127.48,-116.97,107.9104115,-7.1872521,700.15,3.28,5.7,53.6,5,0.011
H1,-122.74,-116.97,107.9104544,-7.1872521,699.9,3.51,6.1,54.0,5,0.011
H1,-118.0,-116.97,107.9104973,-7.1872521,699.65,3.62,6.3,55.2,5,0.011
H1,-113.26,-116.97,107.9105402,-7.1872521,699.4,3.61,6.3,56.9,5,0.011
H1,-108.52,-116.97,107.9105831,-7.1872521,699.1,3.47,6.1,59.0,5,0.011
H1,-103.78,-116.97,107.910626,-7.1872521,698.77,3.17,5.5,61.0,4,0.009
H1,-99.04,-116.97,107.910669,-7.1872521,698.45,2.74,4.8,62.6,3,0.007
H1,-94.3,-116.97,107.9107119,-7.1872521,698.12,2.2,3.8,63.5,1,0.002
H1,-89.56,-116.97,107.9107548,-7.1872521,698.0,1.6,2.8,63.2,1,0.002
H1,-212.8,-121.68,107.909639,-7.1872946,702.14,2.4,4.2,131.0,7,0.016
H1,-208.06,-121.68,107.9096819,-7.1872946,702.04,2.28,4.0,122.4,6,0.013
H1,-203.32,-121.68,107.9097248,-7.1872946,701.83,2.15,3.8,115.0,1,0.002
H1,-198.58,-121.68,107.9097677,-7.1872946,701.58,1.98,3.5,109.2,2,0.004
H1,-193.84,-121.68,107.9098106,-7.1872946,701.33,1.74,3.0,105.0,3,0.007
H1,-189.1,-121.68,107.9098536,-7.1872946,701.08,1.42,2.5,102.3,4,0.009
H1,-184.36,-121.68,107.9098965,-7.1872946,701.0,1.07,1.9,100.6,5,0.011
H1,-179.62,-121.68,107.9099394,-7.1872946,701.0,0.75,1.3,99.8,6,0.013
H1,-174.88,-121.68,107.9099823,-7.1872946,701.0,0.49,0.9,99.0,7,0.016
H1,-170.14,-121.68,107.9100252,-7.1872946,701.0,0.34,0.6,95.4,8,0.018
H1,-165.4,-121.68,107.9100681,-7.1872946,701.0,0.31,0.5,85.5,9,0.02
H1,-160.66,-121.68,107.9101111,-7.1872946,701.0,0.41,0.7,74.0,1,0.002
H1,-155.92,-121.68,107.910154,-7.1872946,701.0,0.62,1.1,66.4,3,0.007
H1,-151.18,-121.68,107.9101969,-7.1872946,701.0,0.93,1.6,61.7,2,0.004
H1,-146.44,-121.68,107.9102398,-7.1872946,700.93,1.32,2.3,58.5,3,0.007
H1,-141.7,-121.68,107.9102827,-7.1872946,700.82,1.76,3.1,56.2,3,0.007
H1,-136.96,-121.68,107.9103256,-7.1872946,700.71,2.21,3.9,54.9,3,0.007
H1,-132.22,-121.68,107.9103685,-7.1872946,700.6,2.64,4.6,54.5,4,0.009
H1,-127.48,-121.68,107.9104115,-7.1872946,700.4,3.03,5.3,55.0,4,0.009
H1,-122.74,-121.68,107.9104544,-7.1872946,700.15,3.33,5.8,56.3,4,0.009
H1,-118.0,-121.68,107.9104973,-7.1872946,699.9,3.54,6.2,58.1,4,0.009
H1,-113.26,-121.68,107.9105402,-7.1872946,699.65,3.63,6.4,60.2,4,0.009
H1,-108.52,-121.68,107.9105831,-7.1872946,699.31,3.58,6.3,62.3,3,0.007
H1,-103.78,-121.68,107.910626,-7.1872946,698.92,3.36,5.9,64.2,2,0.004
H1,-99.04,-121.68,107.910669,-7.1872946,698.53,2.97,5.2,65.6,1,0.002
H1,-94.3,-121.68,107.9107119,-7.1872946,698.14,2.44,4.3,66.6,2,0.004
H1,-89.56,-121.68,107.9107548,-7.1872946,698.0,1.83,3.2,67.3,3,0.007
H1,-212.8,-126.39,107.909639,-7.1873372,702.06,2.26,3.9,140.0,8,0.018
H1,-208.06,-126.39,107.9096819,-7.1873372,702.02,2.11,3.7,131.2,8,0.018
H1,-203.32,-126.39,107.9097248,-7.1873372,701.83,1.98,3.5,123.2,7,0.016
H1,-198.58,-126.39,107.9097677,-7.1873372,701.58,1.83,3.2,116.7,1,0.002
H1,-193.84,-126.39,107.9098106,-7.1873372,701.33,1.61,2.8,112.0,1,0.002
H1,-189.1,-126.39,107.9098536,-7.1873372,701.08,1.32,2.3,109.2,2,0.004
H1,-184.36,-126.39,107.9098965,-7.1873372,701.0,1.01,1.8,108.0,3,0.007
H1,-179.62,-126.39,107.9099394,-7.1873372,701.0,0.7,1.2,108.6,4,0.009
H1,-174.88,-126.39,107.9099823,-7.1873372,701.0,0.47,0.8,110.8,1,0.002
H1,-170.14,-126.39,107.9100252,-7.1873372,701.0,0.32,0.6,112.1,1,0.002
H1,-165.4,-126.39,107.9100681,-7.1873372,701.0,0.25,0.4,105.1,1,0.002
H1,-160.66,-126.39,107.9101111,-7.1873372,701.0,0.29,0.5,87.8,2,0.004
H1,-155.92,-126.39,107.910154,-7.1873372,701.0,0.43,0.8,72.8,1,0.002
H1,-151.18,-126.39,107.9101969,-7.1873372,701.0,0.68,1.2,64.2,2,0.004
H1,-146.44,-126.39,107.9102398,-7.1873372,700.97,1.01,1.8,59.6,2,0.004
H1,-141.7,-126.39,107.9102827,-7.1873372,700.92,1.41,2.5,57.3,2,0.004
H1,-136.96,-126.39,107.9103256,-7.1873372,700.88,1.85,3.2,56.6,3,0.007
H1,-132.22,-126.39,107.9103685,-7.1873372,700.83,2.3,4.0,57.0,3,0.007
H1,-127.48,-126.39,107.9104115,-7.1873372,700.65,2.73,4.8,58.3,3,0.007
H1,-122.74,-126.39,107.9104544,-7.1873372,700.4,3.11,5.4,60.1,3,0.007
H1,-118.0,-126.39,107.9104973,-7.1873372,700.15,3.41,6.0,62.1,3,0.007
H1,-113.26,-126.39,107.9105402,-7.1873372,699.9,3.6,6.3,64.2,2,0.004
H1,-108.52,-126.39,107.9105831,-7.1873372,699.52,3.63,6.3,66.0,1,0.002
H1,-103.78,-126.39,107.910626,-7.1873372,699.07,3.48,6.1,67.4,1,0.002
H1,-99.04,-126.39,107.910669,-7.1873372,698.62,3.15,5.5,68.4,2,0.004
H1,-94.3,-126.39,107.9107119,-7.1873372,698.16,2.66,4.6,69.2,3,0.007
H1,-89.56,-126.39,107.9107548,-7.1873372,698.0,2.07,3.6,70.2,4,0.009
H1,-212.8,-131.1,107.909639,-7.1873798,701.94,2.15,3.7,148.4,7,0.016
H1,-208.06,-131.1,107.9096819,-7.1873798,701.94,2.0,3.5,140.2,9,0.02
H1,-203.32,-131.1,107.9097248,-7.1873798,701.78,1.86,3.3,132.2,9,0.02
H1,-198.58,-131.1,107.9097677,-7.1873798,701.54,1.71,3.0,125.7,8,0.018
H1,-193.84,-131.1,107.9098106,-7.1873798,701.31,1.51,2.6,121.1,2,0.004
H1,-189.1,-131.1,107.9098536,-7.1873798,701.07,1.25,2.2,118.8,1,0.002
H1,-184.36,-131.1,107.9098965,-7.1873798,701.0,0.96,1.7,119.0,1,0.002
H1,-179.62,-131.1,107.9099394,-7.1873798,701.0,0.7,1.2,122.3,1,0.002
H1,-174.88,-131.1,107.9099823,-7.1873798,701.0,0.49,0.9,129.0,5,0.011
H1,-170.14,-131.1,107.9100252,-7.1873798,701.0,0.36,0.6,137.0,2,0.004
H1,-165.4,-131.1,107.9100681,-7.1873798,701.0,0.28,0.5,139.2,2,0.004
H1,-160.66,-131.1,107.9101111,-7.1873798,701.0,0.25,0.4,126.3,1,0.002
H1,-155.92,-131.1,107.910154,-7.1873798,701.0,0.29,0.5,99.3,1,0.002
H1,-151.18,-131.1,107.9101969,-7.1873798,701.0,0.45,0.8,77.6,1,0.002
H1,-146.44,-131.1,107.9102398,-7.1873798,701.0,0.72,1.3,67.0,1,0.002
H1,-141.7,-131.1,107.9102827,-7.1873798,701.0,1.07,1.9,62.7,2,0.004
H1,-136.96,-131.1,107.9103256,-7.1873798,701.0,1.5,2.6,61.6,2,0.004
H1,-132.22,-131.1,107.9103685,-7.1873798,701.0,1.96,3.4,62.2,2,0.004
H1,-127.48,-131.1,107.9104115,-7.1873798,700.84,2.43,4.3,63.6,2,0.004
H1,-122.74,-131.1,107.9104544,-7.1873798,700.59,2.87,5.0,65.4,2,0.004
H1,-118.0,-131.1,107.9104973,-7.1873798,700.34,3.25,5.7,67.2,1,0.002
H1,-113.26,-131.1,107.9105402,-7.1873798,700.09,3.51,6.1,68.8,1,0.002
H1,-108.52,-131.1,107.9105831,-7.1873798,699.69,3.61,6.3,70.0,2,0.004
H1,-103.78,-131.1,107.910626,-7.1873798,699.2,3.54,6.2,70.8,3,0.007
H1,-99.04,-131.1,107.910669,-7.1873798,698.72,3.27,5.7,71.4,4,0.009
H1,-94.3,-131.1,107.9107119,-7.1873798,698.23,2.83,4.9,72.0,5,0.011
H1,-89.56,-131.1,107.9107548,-7.1873798,698.05,2.3,4.0,73.4,6,0.013
H1,-212.8,-135.81,107.909639,-7.1874224,701.69,2.04,3.6,155.2,1,0.002
H1,-208.06,-135.81,107.9096819,-7.1874224,701.69,1.9,3.3,147.9,8,0.018
H1,-203.32,-135.81,107.9097248,-7.1874224,701.57,1.78,3.1,140.7,10,0.022
H1,-198.58,-135.81,107.9097677,-7.1874224,701.4,1.64,2.9,134.9,10,0.022
H1,-193.84,-135.81,107.9098106,-7.1874224,701.23,1.46,2.5,131.2,9,0.02
H1,-189.1,-135.81,107.9098536,-7.1874224,701.05,1.23,2.1,130.3,3,0.007
H1,-184.36,-135.81,107.9098965,-7.1874224,701.0,0.99,1.7,132.6,2,0.004
H1,-179.62,-135.81,107.9099394,-7.1874224,701.0,0.77,1.3,138.7,2,0.004
H1,-174.88,-135.81,107.9099823,-7.1874224,701.0,0.61,1.1,148.0,2,0.004
H1,-170.14,-135.81,107.9100252,-7.1874224,701.0,0.52,0.9,157.6,6,0.013
H1,-165.4,-135.81,107.9100681,-7.1874224,701.0,0.45,0.8,163.4,5,0.011
H1,-160.66,-135.81,107.9101111,-7.1874224,701.0,0.4,0.7,162.0,1,0.002
H1,-155.92,-135.81,107.910154,-7.1874224,701.0,0.34,0.6,149.3,2,0.004
H1,-151.18,-135.81,107.9101969,-7.1874224,701.0,0.33,0.6,120.2,1,0.002
H1,-146.44,-135.81,107.9102398,-7.1874224,701.0,0.48,0.8,90.8,1,0.002
H1,-141.7,-135.81,107.9102827,-7.1874224,701.0,0.78,1.4,76.6,1,0.002
H1,-136.96,-135.81,107.9103256,-7.1874224,701.0,1.18,2.1,71.5,1,0.002
H1,-132.22,-135.81,107.9103685,-7.1874224,701.0,1.66,2.9,70.4,1,0.002
H1,-127.48,-135.81,107.9104115,-7.1874224,700.84,2.17,3.8,70.9,1,0.002
H1,-122.74,-135.81,107.9104544,-7.1874224,700.59,2.65,4.6,71.9,1,0.002
H1,-118.0,-135.81,107.9104973,-7.1874224,700.34,3.08,5.4,73.0,2,0.004
H1,-113.26,-135.81,107.9105402,-7.1874224,700.09,3.39,5.9,73.9,3,0.007
H1,-108.52,-135.81,107.9105831,-7.1874224,699.73,3.55,6.2,74.5,4,0.009
H1,-103.78,-135.81,107.910626,-7.1874224,699.3,3.53,6.2,74.9,5,0.011
H1,-99.04,-135.81,107.910669,-7.1874224,698.88,3.32,5.8,75.3,6,0.013
H1,-94.3,-135.81,107.9107119,-7.1874224,698.46,2.96,5.2,76.1,7,0.016
H1,-89.56,-135.81,107.9107548,-7.1874224,698.26,2.49,4.4,78.0,8,0.018
H1,-217.54,-140.52,107.9095961,-7.1874649,701.44,1.97,3.4,165.2,3,0.007
H1,-212.8,-140.52,107.909639,-7.1874649,701.44,1.87,3.3,159.5,2,0.004
H1,-208.06,-140.52,107.9096819,-7.1874649,701.44,1.79,3.1,153.1,1,0.002
H1,-203.32,-140.52,107.9097248,-7.1874649,701.36,1.7,3.0,147.0,9,0.02
H1,-198.58,-140.52,107.9097677,-7.1874649,701.25,1.6,2.8,142.5,11,0.025
H1,-193.84,-140.52,107.9098106,-7.1874649,701.14,1.46,2.6,140.4,11,0.025
H1,-189.1,-140.52,107.9098536,-7.1874649,701.04,1.29,2.2,141.3,10,0.022
H1,-184.36,-140.52,107.9098965,-7.1874649,701.0,1.11,1.9,145.5,4,0.009
H1,-179.62,-140.52,107.9099394,-7.1874649,701.0,0.95,1.7,152.5,3,0.007
H1,-174.88,-140.52,107.9099823,-7.1874649,701.0,0.85,1.5,161.0,5,0.011
H1,-170.14,-140.52,107.9100252,-7.1874649,701.0,0.79,1.4,168.5,7,0.016
H1,-165.4,-140.52,107.9100681,-7.1874649,701.0,0.74,1.3,173.6,6,0.013
H1,-160.66,-140.52,107.9101111,-7.1874649,701.0,0.69,1.2,175.4,2,0.004
H1,-155.92,-140.52,107.910154,-7.1874649,701.0,0.61,1.1,173.1,3,0.007
H1,-151.18,-140.52,107.9101969,-7.1874649,701.0,0.52,0.9,162.8,1,0.002
H1,-146.44,-140.52,107.9102398,-7.1874649,701.0,0.46,0.8,137.6,2,0.004
H1,-141.7,-140.52,107.9102827,-7.1874649,701.0,0.6,1.0,105.9,1,0.002
H1,-136.96,-140.52,107.9103256,-7.1874649,701.0,0.94,1.6,88.6,2,0.004
H1,-132.22,-140.52,107.9103685,-7.1874649,701.0,1.42,2.5,82.0,3,0.007
H1,-127.48,-140.52,107.9104115,-7.1874649,700.84,1.95,3.4,79.7,4,0.009
H1,-122.74,-140.52,107.9104544,-7.1874649,700.59,2.47,4.3,79.1,5,0.011
H1,-118.0,-140.52,107.9104973,-7.1874649,700.34,2.93,5.1,79.2,6,0.013
H1,-113.26,-140.52,107.9105402,-7.1874649,700.09,3.28,5.7,79.4,7,0.016
H1,-108.52,-140.52,107.9105831,-7.1874649,699.77,3.47,6.1,79.6,8,0.018
H1,-103.78,-140.52,107.910626,-7.1874649,699.41,3.5,6.1,79.9,9,0.02
H1,-99.04,-140.52,107.910669,-7.1874649,699.05,3.35,5.9,80.4,10,0.022
H1,-94.3,-140.52,107.9107119,-7.1874649,698.69,3.05,5.3,81.7,11,0.025
H1,-89.56,-140.52,107.9107548,-7.1874649,698.47,2.67,4.7,84.3,12,0.027
H1,-245.98,-145.23,107.9093386,-7.1875075,701.19,1.91,3.3,180.4,11,0.025
H1,-241.24,-145.23,107.9093815,-7.1875075,701.19,1.89,3.3,179.3,9,0.02
H1,-236.5,-145.23,107.9094244,-7.1875075,701.19,1.86,3.2,177.9,8,0.018
H1,-231.76,-145.23,107.9094673,-7.1875075,701.19,1.81,3.2,176.3,7,0.016
H1,-227.02,-145.23,107.9095102,-7.1875075,701.19,1.76,3.1,174.0,6,0.013
H1,-222.28,-145.23,107.9095532,-7.1875075,701.19,1.7,3.0,170.8,5,0.011
H1,-217.54,-145.23,107.9095961,-7.1875075,701.19,1.66,2.9,166.3,4,0.009
H1,-212.8,-145.23,107.909639,-7.1875075,701.19,1.63,2.8,160.7,3,0.007
H1,-208.06,-145.23,107.9096819,-7.1875075,701.19,1.62,2.8,154.9,1,0.002
H1,-203.32,-145.23,107.9097248,-7.1875075,701.16,1.61,2.8,149.9,2,0.004
H1,-198.58,-145.23,107.9097677,-7.1875075,701.11,1.57,2.7,146.9,10,0.022
H1,-193.84,-145.23,107.9098106,-7.1875075,701.06,1.51,2.6,146.6,12,0.027
H1,-189.1,-145.23,107.9098536,-7.1875075,701.02,1.41,2.5,149.0,12,0.027
H1,-184.36,-145.23,107.9098965,-7.1875075,701.0,1.3,2.3,154.1,11,0.025
H1,-179.62,-145.23,107.9099394,-7.1875075,701.0,1.22,2.1,160.8,8,0.018
H1,-174.88,-145.23,107.9099823,-7.1875075,701.0,1.17,2.0,167.7,6,0.013
H1,-170.14,-145.23,107.9100252,-7.1875075,701.0,1.14,2.0,173.4,8,0.018
H1,-165.4,-145.23,107.9100681,-7.1875075,701.0,1.11,1.9,177.7,7,0.016
H1,-160.66,-145.23,107.9101111,-7.1875075,701.0,1.07,1.9,180.4,3,0.007
H1,-155.92,-145.23,107.910154,-7.1875075,701.0,0.99,1.7,181.3,4,0.009
H1,-151.18,-145.23,107.9101969,-7.1875075,701.0,0.87,1.5,178.7,2,0.004
H1,-146.44,-145.23,107.9102398,-7.1875075,701.0,0.73,1.3,168.3,1,0.002
H1,-141.7,-145.23,107.9102827,-7.1875075,701.0,0.66,1.1,143.4,3,0.007
H1,-136.96,-145.23,107.9103256,-7.1875075,701.0,0.83,1.4,113.4,1,0.002
H1,-132.22,-145.23,107.9103685,-7.1875075,701.0,1.25,2.2,96.5,2,0.004
H1,-127.48,-145.23,107.9104115,-7.1875075,700.84,1.78,3.1,89.4,3,0.007
H1,-122.74,-145.23,107.9104544,-7.1875075,700.59,2.33,4.1,86.5,4,0.009
H1,-118.0,-145.23,107.9104973,-7.1875075,700.34,2.81,4.9,85.3,5,0.011
H1,-113.26,-145.23,107.9105402,-7.1875075,700.09,3.19,5.6,85.0,6,0.013
H1,-108.52,-145.23,107.9105831,-7.1875075,699.81,3.42,6.0,85.1,7,0.016
H1,-103.78,-145.23,107.910626,-7.1875075,699.51,3.49,6.1,85.6,8,0.018
H1,-99.04,-145.23,107.910669,-7.1875075,699.21,3.39,5.9,86.6,9,0.02
H1,-94.3,-145.23,107.9107119,-7.1875075,698.92,3.16,5.5,88.5,10,0.022
H1,-89.56,-145.23,107.9107548,-7.1875075,698.68,2.85,5.0,91.7,11,0.025
H1,-250.72,-149.93,107.9092957,-7.1875501,701.0,1.33,2.3,182.1,13,0.029
H1,-245.98,-149.93,107.9093386,-7.1875501,701.0,1.31,2.3,181.2,12,0.027
H1,-241.24,-149.93,107.9093815,-7.1875501,701.0,1.28,2.2,180.0,10,0.022
H1,-236.5,-149.93,107.9094244,-7.1875501,701.0,1.26,2.2,178.4,9,0.02
H1,-231.76,-149.93,107.9094673,-7.1875501,701.0,1.24,2.2,176.2,8,0.018
H1,-227.02,-149.93,107.9095102,-7.1875501,701.0,1.23,2.1,173.1,7,0.016
H1,-222.28,-149.93,107.9095532,-7.1875501,701.0,1.24,2.2,168.9,6,0.013
H1,-217.54,-149.93,107.9095961,-7.1875501,701.0,1.27,2.2,163.4,5,0.011
H1,-212.8,-149.93,107.909639,-7.1875501,701.0,1.32,2.3,157.4,1,0.002
H1,-208.06,-149.93,107.9096819,-7.1875501,701.0,1.4,2.5,152.0,4,0.009
H1,-203.32,-149.93,107.9097248,-7.1875501,700.99,1.49,2.6,148.3,2,0.004
H1,-198.58,-149.93,107.9097677,-7.1875501,700.98,1.54,2.7,147.1,3,0.007
H1,-193.84,-149.93,107.9098106,-7.1875501,700.96,1.56,2.7,148.4,11,0.025
H1,-189.1,-149.93,107.9098536,-7.1875501,700.95,1.55,2.7,152.3,13,0.029
H1,-184.36,-149.93,107.9098965,-7.1875501,700.94,1.53,2.7,157.9,24,0.054
H1,-179.62,-149.93,107.9099394,-7.1875501,700.94,1.51,2.6,164.3,9,0.02
H1,-174.88,-149.93,107.9099823,-7.1875501,700.94,1.51,2.6,170.3,7,0.016
H1,-170.14,-149.93,107.9100252,-7.1875501,700.94,1.52,2.6,175.3,9,0.02
H1,-165.4,-149.93,107.9100681,-7.1875501,700.94,1.51,2.6,179.3,8,0.018
H1,-160.66,-149.93,107.9101111,-7.1875501,700.94,1.47,2.6,182.6,4,0.009
H1,-155.92,-149.93,107.910154,-7.1875501,700.94,1.4,2.4,185.0,5,0.011
H1,-151.18,-149.93,107.9101969,-7.1875501,700.94,1.28,2.2,185.6,3,0.007
H1,-146.44,-149.93,107.9102398,-7.1875501,700.95,1.1,1.9,181.7,2,0.004
H1,-141.7,-149.93,107.9102827,-7.1875501,700.96,0.91,1.6,167.9,1,0.002
H1,-136.96,-149.93,107.9103256,-7.1875501,700.98,0.87,1.5,140.3,4,0.009
H1,-132.22,-149.93,107.9103685,-7.1875501,701.0,1.15,2.0,113.7,1,0.002
H1,-127.48,-149.93,107.9104115,-7.1875501,700.84,1.66,2.9,99.8,2,0.004
H1,-122.74,-149.93,107.9104544,-7.1875501,700.59,2.22,3.9,93.8,3,0.007
H1,-118.0,-149.93,107.9104973,-7.1875501,700.34,2.74,4.8,91.2,4,0.009
H1,-113.26,-149.93,107.9105402,-7.1875501,700.09,3.16,5.5,90.3,5,0.011
H1,-108.52,-149.93,107.9105831,-7.1875501,699.83,3.43,6.0,90.4,6,0.013
H1,-103.78,-149.93,107.910626,-7.1875501,699.57,3.54,6.2,91.3,7,0.016
H1,-99.04,-149.93,107.910669,-7.1875501,699.3,3.49,6.1,92.8,8,0.018
H1,-94.3,-149.93,107.9107119,-7.1875501,699.04,3.32,5.8,95.3,9,0.02
H1,-255.46,-154.64,107.9092527,-7.1875927,701.0,0.78,1.4,186.8,14,0.031
H1,-250.72,-154.64,107.9092957,-7.1875927,701.0,0.74,1.3,186.3,14,0.031
H1,-245.98,-154.64,107.9093386,-7.1875927,701.0,0.69,1.2,184.9,13,0.029
H1,-241.24,-154.64,107.9093815,-7.1875927,701.0,0.65,1.1,182.2,11,0.025
H1,-236.5,-154.64,107.9094244,-7.1875927,701.0,0.63,1.1,178.2,10,0.022
H1,-231.76,-154.64,107.9094673,-7.1875927,701.0,0.63,1.1,172.8,9,0.02
H1,-227.02,-154.64,107.9095102,-7.1875927,701.0,0.66,1.2,166.2,8,0.018
H1,-222.28,-154.64,107.9095532,-7.1875927,701.0,0.74,1.3,158.9,7,0.016
H1,-217.54,-154.64,107.9095961,-7.1875927,701.0,0.85,1.5,151.8,1,0.002
H1,-212.8,-154.64,107.909639,-7.1875927,701.0,1.01,1.8,146.1,6,0.013
H1,-208.06,-154.64,107.9096819,-7.1875927,701.0,1.2,2.1,142.4,2,0.004
H1,-203.32,-154.64,107.9097248,-7.1875927,700.95,1.37,2.4,141.2,5,0.011
H1,-198.58,-154.64,107.9097677,-7.1875927,700.87,1.52,2.6,142.4,3,0.007
H1,-193.84,-154.64,107.9098106,-7.1875927,700.79,1.62,2.8,145.9,4,0.009
H1,-189.1,-154.64,107.9098536,-7.1875927,700.72,1.68,2.9,151.3,12,0.027
H1,-184.36,-154.64,107.9098965,-7.1875927,700.69,1.72,3.0,157.8,38,0.085
H1,-179.62,-154.64,107.9099394,-7.1875927,700.69,1.77,3.1,164.4,10,0.022
H1,-174.88,-154.64,107.9099823,-7.1875927,700.69,1.82,3.2,170.4,8,0.018
H1,-170.14,-154.64,107.9100252,-7.1875927,700.69,1.86,3.3,175.4,10,0.022
H1,-165.4,-154.64,107.9100681,-7.1875927,700.69,1.88,3.3,179.7,9,0.02
H1,-160.66,-154.64,107.9101111,-7.1875927,700.69,1.87,3.3,183.7,5,0.011
H1,-155.92,-154.64,107.910154,-7.1875927,700.69,1.8,3.1,187.2,6,0.013
H1,-151.18,-154.64,107.9101969,-7.1875927,700.69,1.68,2.9,189.5,4,0.009
H1,-146.44,-154.64,107.9102398,-7.1875927,700.74,1.49,2.6,188.9,3,0.007
H1,-141.7,-154.64,107.9102827,-7.1875927,700.82,1.25,2.2,181.6,2,0.004
H1,-136.96,-154.64,107.9103256,-7.1875927,700.9,1.06,1.9,161.8,1,0.002
H1,-132.22,-154.64,107.9103685,-7.1875927,700.97,1.15,2.0,132.3,5,0.011
H1,-127.48,-154.64,107.9104115,-7.1875927,700.84,1.57,2.7,111.1,1,0.002
H1,-122.74,-154.64,107.9104544,-7.1875927,700.59,2.14,3.7,101.0,2,0.004
H1,-118.0,-154.64,107.9104973,-7.1875927,700.34,2.7,4.7,96.6,3,0.007
H1,-113.26,-154.64,107.9105402,-7.1875927,700.09,3.16,5.5,95.0,4,0.009
H1,-108.52,-154.64,107.9105831,-7.1875927,699.79,3.48,6.1,94.9,5,0.011
H1,-103.78,-154.64,107.910626,-7.1875927,699.46,3.65,6.4,95.9,6,0.013
H1,-99.04,-154.64,107.910669,-7.1875927,699.14,3.65,6.4,97.8,7,0.016
H1,-94.3,-154.64,107.9107119,-7.1875927,698.81,3.51,6.1,100.4,8,0.018
H1,-89.56,-154.64,107.9107548,-7.1875927,698.54,3.29,5.7,103.9,9,0.02
H1,-84.82,-154.64,107.9107977,-7.1875927,698.29,3.01,5.3,108.1,10,0.022
H1,-80.08,-154.64,107.9108406,-7.1875927,698.04,2.73,4.8,112.8,1,0.002
H1,-75.34,-154.64,107.9108835,-7.1875927,697.79,2.45,4.3,117.7,13,0.029
H1,-70.6,-154.64,107.9109264,-7.1875927,697.59,2.18,3.8,122.7,15,0.034
H1,-65.86,-154.64,107.9109694,-7.1875927,697.41,1.92,3.4,127.7,3,0.007
H1,-260.2,-159.35,107.9092098,-7.1876353,701.0,0.35,0.6,205.9,30,0.067
H1,-255.46,-159.35,107.9092527,-7.1876353,701.0,0.28,0.5,214.3,1270,2.853
H1,-250.72,-159.35,107.9092957,-7.1876353,701.0,0.2,0.4,224.9,1285,2.887
H1,-245.98,-159.35,107.9093386,-7.1876353,701.0,0.13,0.2,238.3,2781,6.248
H1,-241.24,-159.35,107.9093815,-7.1876353,701.0,0.06,0.1,256.8,2803,6.297
H1,-236.5,-159.35,107.9094244,-7.1876353,701.0,0.02,0.0,47.3,2823,6.342
H1,-231.76,-159.35,107.9094673,-7.1876353,701.0,0.1,0.2,91.2,2824,6.344
H1,-227.02,-159.35,107.9095102,-7.1876353,701.0,0.22,0.4,104.4,2840,6.38
H1,-222.28,-159.35,107.9095532,-7.1876353,701.0,0.38,0.7,112.7,2849,6.4
H1,-217.54,-159.35,107.9095961,-7.1876353,701.0,0.59,1.0,118.0,2857,6.418
H1,-212.8,-159.35,107.909639,-7.1876353,701.0,0.83,1.4,121.8,2859,6.423
H1,-208.06,-159.35,107.9096819,-7.1876353,701.0,1.09,1.9,125.2,7,0.016
H1,-203.32,-159.35,107.9097248,-7.1876353,700.9,1.33,2.3,128.9,3,0.007
H1,-198.58,-159.35,107.9097677,-7.1876353,700.77,1.53,2.7,133.6,6,0.013
H1,-193.84,-159.35,107.9098106,-7.1876353,700.62,1.68,2.9,139.6,4,0.009
H1,-189.1,-159.35,107.9098536,-7.1876353,700.49,1.79,3.1,146.8,5,0.011
H1,-184.36,-159.35,107.9098965,-7.1876353,700.44,1.88,3.3,154.5,13,0.029
H1,-179.62,-159.35,107.9099394,-7.1876353,700.44,1.97,3.4,162.0,49,0.11
H1,-174.88,-159.35,107.9099823,-7.1876353,700.44,2.06,3.6,168.6,9,0.02
H1,-170.14,-159.35,107.9100252,-7.1876353,700.44,2.13,3.7,174.3,11,0.025
H1,-165.4,-159.35,107.9100681,-7.1876353,700.44,2.18,3.8,179.4,10,0.022
H1,-160.66,-159.35,107.9101111,-7.1876353,700.44,2.19,3.8,184.2,6,0.013
H1,-155.92,-159.35,107.910154,-7.1876353,700.44,2.15,3.8,188.7,7,0.016
H1,-151.18,-159.35,107.9101969,-7.1876353,700.44,2.05,3.6,192.3,5,0.011
H1,-146.44,-159.35,107.9102398,-7.1876353,700.54,1.87,3.3,193.6,4,0.009
H1,-141.7,-159.35,107.9102827,-7.1876353,700.68,1.61,2.8,189.9,3,0.007
H1,-136.96,-159.35,107.9103256,-7.1876353,700.81,1.33,2.3,176.6,2,0.004
H1,-132.22,-159.35,107.9103685,-7.1876353,700.95,1.24,2.2,150.3,1,0.002
H1,-127.48,-159.35,107.9104115,-7.1876353,700.84,1.52,2.7,123.7,6,0.013
H1,-122.74,-159.35,107.9104544,-7.1876353,700.59,2.07,3.6,108.6,1,0.002
H1,-118.0,-159.35,107.9104973,-7.1876353,700.34,2.66,4.6,101.7,2,0.004
H1,-113.26,-159.35,107.9105402,-7.1876353,700.09,3.18,5.6,98.8,3,0.007
H1,-108.52,-159.35,107.9105831,-7.1876353,699.75,3.56,6.2,98.2,4,0.009
H1,-103.78,-159.35,107.910626,-7.1876353,699.36,3.78,6.6,98.9,5,0.011
H1,-99.04,-159.35,107.910669,-7.1876353,698.97,3.81,6.7,100.7,6,0.013
H1,-94.3,-159.35,107.9107119,-7.1876353,698.59,3.7,6.5,103.2,7,0.016
H1,-89.56,-159.35,107.9107548,-7.1876353,698.29,3.47,6.1,106.3,8,0.018
H1,-84.82,-159.35,107.9107977,-7.1876353,698.04,3.17,5.5,110.0,9,0.02
H1,-80.08,-159.35,107.9108406,-7.1876353,697.79,2.83,4.9,113.9,20,0.045
H1,-75.34,-159.35,107.9108835,-7.1876353,697.54,2.48,4.3,118.0,2,0.004
H1,-70.6,-159.35,107.9109264,-7.1876353,697.38,2.13,3.7,121.9,14,0.031
H1,-65.86,-159.35,107.9109694,-7.1876353,697.26,1.8,3.1,125.7,16,0.036
H1,-61.12,-159.35,107.9110123,-7.1876353,697.15,1.5,2.6,129.4,4,0.009
H1,-260.2,-164.06,107.9092098,-7.1876778,701.0,0.3,0.5,303.8,30,0.067
H1,-255.46,-164.06,107.9092527,-7.1876778,701.0,0.39,0.7,318.0,1458,3.275
H1,-250.72,-164.06,107.9092957,-7.1876778,701.0,0.48,0.8,329.7,1470,3.302
H1,-245.98,-164.06,107.9093386,-7.1876778,701.0,0.55,1.0,340.1,12,0.027
H1,-241.24,-164.06,107.9093815,-7.1876778,701.0,0.6,1.1,350.1,10,0.022
H1,-236.5,-164.06,107.9094244,-7.1876778,701.0,0.62,1.1,0.7,9,0.02
H1,-231.76,-164.06,107.9094673,-7.1876778,701.0,0.61,1.1,13.5,6,0.013
H1,-227.02,-164.06,107.9095102,-7.1876778,701.0,0.59,1.0,30.6,1,0.002
H1,-222.28,-164.06,107.9095532,-7.1876778,701.0,0.61,1.1,52.7,3,0.007
H1,-217.54,-164.06,107.9095961,-7.1876778,701.0,0.72,1.3,75.5,6,0.013
H1,-212.8,-164.06,107.909639,-7.1876778,701.0,0.92,1.6,93.1,7,0.016
H1,-208.06,-164.06,107.9096819,-7.1876778,701.0,1.17,2.0,105.4,2867,6.441
H1,-203.32,-164.06,107.9097248,-7.1876778,700.86,1.42,2.5,114.6,2875,6.459
H1,-198.58,-164.06,107.9097677,-7.1876778,700.66,1.62,2.8,122.7,4,0.009
H1,-193.84,-164.06,107.9098106,-7.1876778,700.46,1.78,3.1,130.9,7,0.016
H1,-189.1,-164.06,107.9098536,-7.1876778,700.26,1.89,3.3,139.7,5,0.011
H1,-184.36,-164.06,107.9098965,-7.1876778,700.2,1.99,3.5,148.9,6,0.013
H1,-179.62,-164.06,107.9099394,-7.1876778,700.2,2.1,3.7,157.6,63,0.142
H1,-174.88,-164.06,107.9099823,-7.1876778,700.2,2.21,3.9,165.4,10,0.022
H1,-170.14,-164.06,107.9100252,-7.1876778,700.2,2.32,4.0,172.2,12,0.027
H1,-165.4,-164.06,107.9100681,-7.1876778,700.2,2.4,4.2,178.3,11,0.025
H1,-160.66,-164.06,107.9101111,-7.1876778,700.2,2.44,4.3,184.1,7,0.016
H1,-155.92,-164.06,107.910154,-7.1876778,700.2,2.43,4.2,189.7,8,0.018
H1,-151.18,-164.06,107.9101969,-7.1876778,700.2,2.36,4.1,194.4,6,0.013
H1,-146.44,-164.06,107.9102398,-7.1876778,700.33,2.22,3.9,196.9,5,0.011
H1,-141.7,-164.06,107.9102827,-7.1876778,700.53,1.97,3.4,195.4,4,0.009
H1,-136.96,-164.06,107.9103256,-7.1876778,700.73,1.66,2.9,186.3,3,0.007
H1,-132.22,-164.06,107.9103685,-7.1876778,700.93,1.43,2.5,165.4,1,0.002
H1,-127.48,-164.06,107.9104115,-7.1876778,700.84,1.54,2.7,137.1,2,0.004
H1,-122.74,-164.06,107.9104544,-7.1876778,700.59,2.01,3.5,117.1,7,0.016
H1,-118.0,-164.06,107.9104973,-7.1876778,700.34,2.62,4.6,106.8,8,0.018
H1,-113.26,-164.06,107.9105402,-7.1876778,700.09,3.19,5.6,102.2,9,0.02
H1,-108.52,-164.06,107.9105831,-7.1876778,699.71,3.63,6.3,100.4,10,0.022
H1,-103.78,-164.06,107.910626,-7.1876778,699.26,3.89,6.8,100.4,11,0.025
H1,-99.04,-164.06,107.910669,-7.1876778,698.81,3.95,6.9,101.6,12,0.027
H1,-94.3,-164.06,107.9107119,-7.1876778,698.36,3.83,6.7,103.5,13,0.029
H1,-89.56,-164.06,107.9107548,-7.1876778,698.04,3.57,6.2,106.1,14,0.031
H1,-84.82,-164.06,107.9107977,-7.1876778,697.79,3.21,5.6,109.1,15,0.034
H1,-80.08,-164.06,107.9108406,-7.1876778,697.54,2.81,4.9,112.3,16,0.036
H1,-75.34,-164.06,107.9108835,-7.1876778,697.29,2.38,4.2,115.6,37,0.083
H1,-70.6,-164.06,107.9109264,-7.1876778,697.16,1.97,3.4,118.8,3,0.007
H1,-65.86,-164.06,107.9109694,-7.1876778,697.12,1.58,2.8,121.7,15,0.034
H1,-61.12,-164.06,107.9110123,-7.1876778,697.07,1.25,2.2,123.9,17,0.038
H1,-260.2,-168.77,107.9092098,-7.1877204,701.01,0.74,1.3,328.6,1418,3.186
H1,-255.46,-168.77,107.9092527,-7.1877204,701.02,0.89,1.5,332.8,9,0.02
H1,-250.72,-168.77,107.9092957,-7.1877204,701.04,1.01,1.8,338.4,11,0.025
H1,-245.98,-168.77,107.9093386,-7.1877204,701.05,1.11,1.9,344.8,11,0.025
H1,-241.24,-168.77,107.9093815,-7.1877204,701.05,1.16,2.0,352.2,9,0.02
H1,-236.5,-168.77,107.9094244,-7.1877204,701.05,1.18,2.1,0.5,8,0.018
H1,-231.76,-168.77,107.9094673,-7.1877204,701.05,1.15,2.0,10.5,5,0.011
H1,-227.02,-168.77,107.9095102,-7.1877204,701.05,1.1,1.9,23.1,1,0.002
H1,-222.28,-168.77,107.9095532,-7.1877204,701.05,1.07,1.9,39.3,2,0.004
H1,-217.54,-168.77,107.9095961,-7.1877204,701.03,1.1,1.9,58.2,3,0.007
H1,-212.8,-168.77,107.909639,-7.1877204,701.02,1.23,2.1,76.5,4,0.009
H1,-208.06,-168.77,107.9096819,-7.1877204,701.0,1.43,2.5,91.3,5,0.011
H1,-203.32,-168.77,107.9097248,-7.1877204,700.83,1.64,2.9,102.9,6,0.013
H1,-198.58,-168.77,107.9097677,-7.1877204,700.58,1.82,3.2,112.7,2882,6.475
H1,-193.84,-168.77,107.9098106,-7.1877204,700.33,1.95,3.4,122.0,5,0.011
H1,-189.1,-168.77,107.9098536,-7.1877204,700.08,2.04,3.6,131.7,8,0.018
H1,-184.36,-168.77,107.9098965,-7.1877204,699.99,2.12,3.7,141.9,6,0.013
H1,-179.62,-168.77,107.9099394,-7.1877204,699.98,2.21,3.9,151.8,7,0.016
H1,-174.88,-168.77,107.9099823,-7.1877204,699.96,2.32,4.1,160.9,74,0.166
H1,-170.14,-168.77,107.9100252,-7.1877204,699.95,2.43,4.3,169.0,13,0.029
H1,-165.4,-168.77,107.9100681,-7.1877204,699.95,2.53,4.4,176.5,12,0.027
H1,-160.66,-168.77,107.9101111,-7.1877204,699.95,2.6,4.5,183.5,8,0.018
H1,-155.92,-168.77,107.910154,-7.1877204,699.95,2.63,4.6,190.2,9,0.02
H1,-151.18,-168.77,107.9101969,-7.1877204,699.95,2.61,4.6,195.8,7,0.016
H1,-146.44,-168.77,107.9102398,-7.1877204,700.11,2.51,4.4,199.3,6,0.013
H1,-141.7,-168.77,107.9102827,-7.1877204,700.36,2.3,4.0,199.1,5,0.011
H1,-136.96,-168.77,107.9103256,-7.1877204,700.61,1.99,3.5,192.8,4,0.009
H1,-132.22,-168.77,107.9103685,-7.1877204,700.86,1.68,2.9,176.7,2,0.004
H1,-127.48,-168.77,107.9104115,-7.1877204,700.79,1.63,2.8,150.5,1,0.002
H1,-122.74,-168.77,107.9104544,-7.1877204,700.55,1.98,3.5,126.5,3,0.007
H1,-118.0,-168.77,107.9104973,-7.1877204,700.32,2.56,4.5,112.5,1,0.002
H1,-113.26,-168.77,107.9105402,-7.1877204,700.08,3.16,5.5,105.4,2,0.004
H1,-108.52,-168.77,107.9105831,-7.1877204,699.68,3.64,6.4,102.1,3,0.007
H1,-103.78,-168.77,107.910626,-7.1877204,699.18,3.94,6.9,101.0,4,0.009
H1,-99.04,-168.77,107.910669,-7.1877204,698.68,4.02,7.0,101.2,5,0.011
H1,-94.3,-168.77,107.9107119,-7.1877204,698.18,3.89,6.8,102.2,6,0.013
H1,-89.56,-168.77,107.9107548,-7.1877204,697.84,3.59,6.3,103.8,7,0.016
H1,-84.82,-168.77,107.9107977,-7.1877204,697.59,3.17,5.5,105.8,8,0.018
H1,-80.08,-168.77,107.9108406,-7.1877204,697.34,2.69,4.7,107.9,9,0.02
H1,-75.34,-168.77,107.9108835,-7.1877204,697.09,2.2,3.8,110.1,10,0.022
H1,-70.6,-168.77,107.9109264,-7.1877204,697.0,1.73,3.0,112.0,48,0.108
H1,-65.86,-168.77,107.9109694,-7.1877204,697.0,1.31,2.3,113.1,52,0.117
H1,-61.12,-168.77,107.9110123,-7.1877204,697.0,0.98,1.7,112.8,68,0.153
H1,-260.2,-173.48,107.9092098,-7.187763,701.05,1.23,2.2,333.4,7,0.016
H1,-255.46,-173.48,107.9092527,-7.187763,701.13,1.4,2.4,335.8,8,0.018
H1,-250.72,-173.48,107.9092957,-7.187763,701.21,1.53,2.7,340.0,10,0.022
H1,-245.98,-173.48,107.9093386,-7.187763,701.28,1.62,2.8,345.7,10,0.022
H1,-241.24,-173.48,107.9093815,-7.187763,701.3,1.66,2.9,352.6,8,0.018
H1,-236.5,-173.48,107.9094244,-7.187763,701.3,1.66,2.9,1.0,7,0.016
H1,-231.76,-173.48,107.9094673,-7.187763,701.3,1.62,2.8,10.9,4,0.009
H1,-227.02,-173.48,107.9095102,-7.187763,701.3,1.56,2.7,22.9,1,0.002
H1,-222.28,-173.48,107.9095532,-7.187763,701.25,1.52,2.6,37.5,2,0.004
H1,-217.54,-173.48,107.9095961,-7.187763,701.18,1.53,2.7,53.9,3,0.007
H1,-212.8,-173.48,107.909639,-7.187763,701.1,1.63,2.8,70.1,4,0.009
H1,-208.06,-173.48,107.9096819,-7.187763,701.02,1.79,3.1,84.1,5,0.011
H1,-203.32,-173.48,107.9097248,-7.187763,700.83,1.97,3.4,95.7,6,0.013
H1,-198.58,-173.48,107.9097677,-7.187763,700.58,2.11,3.7,105.6,7,0.016
H1,-193.84,-173.48,107.9098106,-7.187763,700.33,2.2,3.8,115.0,2883,6.477
H1,-189.1,-173.48,107.9098536,-7.187763,700.08,2.25,3.9,124.7,6,0.013
H1,-184.36,-173.48,107.9098965,-7.187763,699.95,2.29,4.0,134.9,9,0.02
H1,-179.62,-173.48,107.9099394,-7.187763,699.87,2.34,4.1,145.5,7,0.016
H1,-174.88,-173.48,107.9099823,-7.187763,699.8,2.43,4.2,155.6,82,0.184
H1,-170.14,-173.48,107.9100252,-7.187763,699.72,2.52,4.4,165.1,14,0.031
H1,-165.4,-173.48,107.9100681,-7.187763,699.7,2.62,4.6,174.0,13,0.029
H1,-160.66,-173.48,107.9101111,-7.187763,699.7,2.7,4.7,182.4,9,0.02
H1,-155.92,-173.48,107.910154,-7.187763,699.7,2.77,4.8,190.2,10,0.022
H1,-151.18,-173.48,107.9101969,-7.187763,699.7,2.8,4.9,196.6,8,0.018
H1,-146.44,-173.48,107.9102398,-7.187763,699.86,2.76,4.8,200.8,12,0.027
H1,-141.7,-173.48,107.9102827,-7.187763,700.11,2.6,4.5,201.5,5,0.011
H1,-136.96,-173.48,107.9103256,-7.187763,700.36,2.32,4.0,197.0,1,0.002
H1,-132.22,-173.48,107.9103685,-7.187763,700.61,1.98,3.5,184.7,3,0.007
H1,-127.48,-173.48,107.9104115,-7.187763,700.58,1.8,3.1,162.4,1,0.002
H1,-122.74,-173.48,107.9104544,-7.187763,700.41,1.98,3.5,137.0,2,0.004
H1,-118.0,-173.48,107.9104973,-7.187763,700.23,2.48,4.3,119.2,4,0.009
H1,-113.26,-173.48,107.9105402,-7.187763,700.06,3.08,5.4,109.2,1,0.002
H1,-108.52,-173.48,107.9105831,-7.187763,699.68,3.59,6.3,104.0,2,0.004
H1,-103.78,-173.48,107.910626,-7.187763,699.18,3.91,6.8,101.4,3,0.007
H1,-99.04,-173.48,107.910669,-7.187763,698.68,4.0,7.0,100.3,4,0.009
H1,-94.3,-173.48,107.9107119,-7.187763,698.18,3.86,6.7,100.0,5,0.011
H1,-89.56,-173.48,107.9107548,-7.187763,697.84,3.53,6.2,100.3,6,0.013
H1,-84.82,-173.48,107.9107977,-7.187763,697.59,3.06,5.4,100.7,7,0.016
H1,-80.08,-173.48,107.9108406,-7.187763,697.34,2.54,4.4,101.0,8,0.018
H1,-75.34,-173.48,107.9108835,-7.187763,697.09,2.0,3.5,101.0,9,0.02
H1,-70.6,-173.48,107.9109264,-7.187763,697.0,1.5,2.6,99.9,10,0.022
H1,-65.86,-173.48,107.9109694,-7.187763,697.0,1.08,1.9,96.8,11,0.025
H4,-587.26,-178.19,107.9062487,-7.1878056,704.32,1.9,3.3,226.5,4,0.009
H4,-582.52,-178.19,107.9062916,-7.1878056,704.43,1.92,3.4,226.3,3,0.007
H1,-383.44,-178.19,107.908094,-7.1878056,704.69,1.52,2.6,52.1,4,0.009
H1,-378.7,-178.19,107.9081369,-7.1878056,704.58,1.66,2.9,56.1,4,0.009
H1,-373.96,-178.19,107.9081799,-7.1878056,704.45,1.79,3.1,61.3,3,0.007
H1,-369.22,-178.19,107.9082228,-7.1878056,704.31,1.91,3.3,67.6,1,0.002
H1,-359.74,-178.19,107.9083086,-7.1878056,704.03,2.26,3.9,79.5,3,0.007
H1,-355.0,-178.19,107.9083515,-7.1878056,703.81,2.46,4.3,83.6,4,0.009
H1,-350.26,-178.19,107.9083944,-7.1878056,703.56,2.64,4.6,86.3,5,0.011
H1,-345.52,-178.19,107.9084374,-7.1878056,703.31,2.78,4.9,87.8,6,0.013
H1,-340.78,-178.19,107.9084803,-7.1878056,703.06,2.87,5.0,88.5,7,0.016
H1,-336.04,-178.19,107.9085232,-7.1878056,702.81,2.91,5.1,88.6,8,0.018
H1,-331.3,-178.19,107.9085661,-7.1878056,702.56,2.9,5.1,88.3,9,0.02
H1,-326.56,-178.19,107.908609,-7.1878056,702.31,2.83,4.9,87.4,10,0.022
H1,-317.08,-178.19,107.9086948,-7.1878056,701.81,2.52,4.4,84.0,12,0.027
H1,-264.94,-178.19,107.9091669,-7.1878056,701.0,1.56,2.7,335.8,8,0.018
H1,-260.2,-178.19,107.9092098,-7.1878056,701.1,1.75,3.0,335.5,6,0.013
H1,-255.46,-178.19,107.9092527,-7.1878056,701.24,1.9,3.3,337.1,7,0.016
H1,-250.72,-178.19,107.9092957,-7.1878056,701.38,2.0,3.5,340.6,9,0.02
H1,-245.98,-178.19,107.9093386,-7.1878056,701.52,2.06,3.6,346.0,9,0.02
H1,-241.24,-178.19,107.9093815,-7.1878056,701.55,2.07,3.6,353.1,7,0.016
H1,-236.5,-178.19,107.9094244,-7.1878056,701.55,2.04,3.6,1.9,6,0.013
H1,-231.76,-178.19,107.9094673,-7.1878056,701.55,1.99,3.5,12.5,3,0.007
H1,-227.02,-178.19,107.9095102,-7.1878056,701.55,1.93,3.4,25.1,1,0.002
H1,-222.28,-178.19,107.9095532,-7.1878056,701.46,1.91,3.3,39.4,2,0.004
H1,-217.54,-178.19,107.9095961,-7.1878056,701.32,1.95,3.4,54.5,4,0.009
H1,-212.8,-178.19,107.909639,-7.1878056,701.18,2.05,3.6,68.9,5,0.011
H1,-208.06,-178.19,107.9096819,-7.1878056,701.04,2.2,3.8,81.6,6,0.013
H1,-203.32,-178.19,107.9097248,-7.1878056,700.83,2.35,4.1,92.3,7,0.016
H1,-198.58,-178.19,107.9097677,-7.1878056,700.58,2.47,4.3,101.6,8,0.018
H1,-193.84,-178.19,107.9098106,-7.1878056,700.33,2.53,4.4,110.5,16,0.036
H1,-189.1,-178.19,107.9098536,-7.1878056,700.08,2.54,4.4,119.6,2884,6.479
H1,-184.36,-178.19,107.9098965,-7.1878056,699.91,2.53,4.4,129.4,7,0.016
H1,-179.62,-178.19,107.9099394,-7.1878056,699.77,2.54,4.4,139.8,10,0.022
H1,-174.88,-178.19,107.9099823,-7.1878056,699.63,2.57,4.5,150.4,8,0.018
H1,-170.14,-178.19,107.9100252,-7.1878056,699.49,2.63,4.6,160.9,97,0.218
H1,-165.4,-178.19,107.9100681,-7.1878056,699.45,2.7,4.7,171.1,14,0.031
H1,-160.66,-178.19,107.9101111,-7.1878056,699.45,2.79,4.9,180.8,10,0.022
H1,-155.92,-178.19,107.910154,-7.1878056,699.45,2.88,5.0,189.6,11,0.025
H1,-151.18,-178.19,107.9101969,-7.1878056,699.45,2.96,5.2,196.8,9,0.02
H1,-146.44,-178.19,107.9102398,-7.1878056,699.61,2.97,5.2,201.6,18,0.04
H1,-141.7,-178.19,107.9102827,-7.1878056,699.86,2.87,5.0,202.9,2,0.004
H1,-136.96,-178.19,107.9103256,-7.1878056,700.11,2.63,4.6,199.8,1,0.002
H1,-132.22,-178.19,107.9103685,-7.1878056,700.36,2.29,4.0,190.2,4,0.009
H1,-127.48,-178.19,107.9104115,-7.1878056,700.37,2.03,3.5,172.1,2,0.004
H1,-122.74,-178.19,107.9104544,-7.1878056,700.26,2.05,3.6,147.9,1,0.002
H1,-118.0,-178.19,107.9104973,-7.1878056,700.15,2.42,4.2,127.3,3,0.007
H1,-113.26,-178.19,107.9105402,-7.1878056,700.04,2.96,5.2,114.3,5,0.011
H1,-108.52,-178.19,107.9105831,-7.1878056,699.68,3.47,6.1,106.7,6,0.013
H1,-103.78,-178.19,107.910626,-7.1878056,699.18,3.8,6.6,102.4,7,0.016
H1,-99.04,-178.19,107.910669,-7.1878056,698.68,3.9,6.8,99.7,8,0.018
H1,-94.3,-178.19,107.9107119,-7.1878056,698.18,3.75,6.6,97.9,9,0.02
H1,-89.56,-178.19,107.9107548,-7.1878056,697.84,3.4,5.9,96.4,10,0.022
H1,-84.82,-178.19,107.9107977,-7.1878056,697.59,2.92,5.1,94.8,11,0.025
H1,-80.08,-178.19,107.9108406,-7.1878056,697.34,2.38,4.2,92.5,12,0.027
H1,-75.34,-178.19,107.9108835,-7.1878056,697.09,1.84,3.2,88.8,13,0.029
H1,-70.6,-178.19,107.9109264,-7.1878056,697.0,1.37,2.4,82.6,14,0.031
H1,-65.86,-178.19,107.9109694,-7.1878056,697.0,1.0,1.7,72.4,51,0.115
H1,-61.12,-178.19,107.9110123,-7.1878056,697.0,0.79,1.4,58.4,60,0.135
H4,-587.26,-182.9,107.9062487,-7.1878481,704.07,1.95,3.4,222.8,4,0.009
H4,-582.52,-182.9,107.9062916,-7.1878481,704.18,2.02,3.5,224.1,4,0.009
H1,-392.92,-182.9,107.9080082,-7.1878481,704.96,0.84,1.5,46.6,2,0.004
H1,-388.18,-182.9,107.9080511,-7.1878481,704.91,1.13,2.0,52.6,3,0.007
H1,-383.44,-182.9,107.908094,-7.1878481,704.86,1.38,2.4,56.9,3,0.007
H1,-378.7,-182.9,107.9081369,-7.1878481,704.82,1.6,2.8,61.4,2,0.004
H1,-373.96,-182.9,107.9081799,-7.1878481,704.65,1.8,3.1,66.6,1,0.002
H1,-369.22,-182.9,107.9082228,-7.1878481,704.45,2.0,3.5,72.0,2,0.004
H1,-359.74,-182.9,107.9083086,-7.1878481,704.05,2.39,4.2,81.5,4,0.009
H1,-355.0,-182.9,107.9083515,-7.1878481,703.81,2.57,4.5,84.8,5,0.011
H1,-350.26,-182.9,107.9083944,-7.1878481,703.56,2.72,4.7,87.0,6,0.013
H1,-345.52,-182.9,107.9084374,-7.1878481,703.31,2.83,4.9,88.2,7,0.016
H1,-340.78,-182.9,107.9084803,-7.1878481,703.06,2.89,5.0,88.8,8,0.018
H1,-336.04,-182.9,107.9085232,-7.1878481,702.81,2.9,5.1,88.8,9,0.02
H1,-331.3,-182.9,107.9085661,-7.1878481,702.56,2.86,5.0,88.2,10,0.022
H1,-326.56,-182.9,107.908609,-7.1878481,702.31,2.77,4.8,86.9,11,0.025
H1,-321.82,-182.9,107.9086519,-7.1878481,702.06,2.63,4.6,84.8,12,0.027
H1,-317.08,-182.9,107.9086948,-7.1878481,701.81,2.43,4.2,81.5,13,0.029
H1,-312.34,-182.9,107.9087378,-7.1878481,701.56,2.16,3.8,76.7,14,0.031
H1,-307.6,-182.9,107.9087807,-7.1878481,701.31,1.86,3.3,69.6,30,0.067
H1,-302.86,-182.9,107.9088236,-7.1878481,701.07,1.56,2.7,59.2,36,0.081
H1,-298.12,-182.9,107.9088665,-7.1878481,701.0,1.32,2.3,44.5,18,0.04
H1,-293.38,-182.9,107.9089094,-7.1878481,701.0,1.2,2.1,26.6,1191,2.676
H1,-288.64,-182.9,107.9089523,-7.1878481,701.0,1.21,2.1,9.5,9,0.02
H1,-283.9,-182.9,107.9089953,-7.1878481,701.0,1.33,2.3,356.6,9,0.02
H1,-279.16,-182.9,107.9090382,-7.1878481,701.0,1.5,2.6,348.1,10,0.022
H1,-274.42,-182.9,107.9090811,-7.1878481,701.0,1.69,3.0,342.7,14,0.031
H1,-269.68,-182.9,107.909124,-7.1878481,701.0,1.89,3.3,339.3,9,0.02
H1,-264.94,-182.9,107.9091669,-7.1878481,701.0,2.08,3.6,337.4,7,0.016
H1,-260.2,-182.9,107.9092098,-7.1878481,701.14,2.24,3.9,337.0,5,0.011
H1,-255.46,-182.9,107.9092527,-7.1878481,701.34,2.36,4.1,338.2,6,0.013
H1,-250.72,-182.9,107.9092957,-7.1878481,701.55,2.41,4.2,341.3,8,0.018
H1,-245.98,-182.9,107.9093386,-7.1878481,701.75,2.4,4.2,346.5,8,0.018
H1,-241.24,-182.9,107.9093815,-7.1878481,701.8,2.36,4.1,353.9,6,0.013
H1,-236.5,-182.9,107.9094244,-7.1878481,701.8,2.3,4.0,3.5,5,0.011
H1,-231.76,-182.9,107.9094673,-7.1878481,701.8,2.24,3.9,15.2,2,0.004
H1,-227.02,-182.9,107.9095102,-7.1878481,701.8,2.22,3.9,28.7,1,0.002
H1,-222.28,-182.9,107.9095532,-7.1878481,701.66,2.25,3.9,43.2,3,0.007
H1,-217.54,-182.9,107.9095961,-7.1878481,701.46,2.35,4.1,57.4,4,0.009
H1,-212.8,-182.9,107.909639,-7.1878481,701.26,2.48,4.3,70.4,5,0.011
H1,-208.06,-182.9,107.9096819,-7.1878481,701.06,2.64,4.6,81.6,6,0.013
H1,-203.32,-182.9,107.9097248,-7.1878481,700.83,2.78,4.8,91.3,7,0.016
H1,-198.58,-182.9,107.9097677,-7.1878481,700.58,2.87,5.0,99.9,8,0.018
H1,-193.84,-182.9,107.9098106,-7.1878481,700.33,2.9,5.1,108.2,9,0.02
H1,-189.1,-182.9,107.9098536,-7.1878481,700.08,2.88,5.0,116.6,17,0.038
H1,-184.36,-182.9,107.9098965,-7.1878481,699.86,2.84,5.0,125.7,2885,6.481
H1,-179.62,-182.9,107.9099394,-7.1878481,699.66,2.79,4.9,135.6,8,0.018
H1,-174.88,-182.9,107.9099823,-7.1878481,699.46,2.77,4.8,146.1,11,0.025
H1,-170.14,-182.9,107.9100252,-7.1878481,699.26,2.77,4.8,157.0,106,0.238
H1,-165.4,-182.9,107.9100681,-7.1878481,699.2,2.81,4.9,168.1,15,0.034
H1,-160.66,-182.9,107.9101111,-7.1878481,699.2,2.89,5.0,178.8,11,0.025
H1,-155.92,-182.9,107.910154,-7.1878481,699.2,2.99,5.2,188.5,12,0.027
H1,-151.18,-182.9,107.9101969,-7.1878481,699.2,3.11,5.4,196.4,10,0.022
H1,-146.44,-182.9,107.9102398,-7.1878481,699.36,3.17,5.5,201.6,21,0.047
H1,-141.7,-182.9,107.9102827,-7.1878481,699.61,3.12,5.5,203.5,2,0.004
H1,-136.96,-182.9,107.9103256,-7.1878481,699.86,2.93,5.1,201.4,1,0.002
H1,-132.22,-182.9,107.9103685,-7.1878481,700.11,2.62,4.6,193.9,5,0.011
H1,-127.48,-182.9,107.9104115,-7.1878481,700.16,2.31,4.0,179.4,3,0.007
H1,-122.74,-182.9,107.9104544,-7.1878481,700.12,2.2,3.8,158.3,1,0.002
H1,-118.0,-182.9,107.9104973,-7.1878481,700.07,2.41,4.2,136.7,2,0.004
H1,-113.26,-182.9,107.9105402,-7.1878481,700.02,2.84,5.0,120.9,4,0.009
H1,-108.52,-182.9,107.9105831,-7.1878481,699.68,3.29,5.8,110.8,1,0.002
H1,-103.78,-182.9,107.910626,-7.1878481,699.18,3.61,6.3,104.5,2,0.004
H1,-99.04,-182.9,107.910669,-7.1878481,698.68,3.7,6.5,100.0,3,0.007
H1,-94.3,-182.9,107.9107119,-7.1878481,698.18,3.55,6.2,96.5,4,0.009
H1,-89.56,-182.9,107.9107548,-7.1878481,697.84,3.2,5.6,93.0,5,0.011
H1,-84.82,-182.9,107.9107977,-7.1878481,697.59,2.73,4.8,88.9,6,0.013
H1,-80.08,-182.9,107.9108406,-7.1878481,697.34,2.22,3.9,83.3,7,0.016
H1,-75.34,-182.9,107.9108835,-7.1878481,697.09,1.74,3.0,75.3,8,0.018
H1,-70.6,-182.9,107.9109264,-7.1878481,697.0,1.36,2.4,63.7,36,0.081
H1,-65.86,-182.9,107.9109694,-7.1878481,697.0,1.11,1.9,49.0,8,0.018
H1,-61.12,-182.9,107.9110123,-7.1878481,697.0,1.01,1.8,34.9,8,0.018
H4,-587.26,-187.6,107.9062487,-7.1878907,703.9,1.97,3.4,220.4,5,0.011
H1,-392.92,-187.6,107.9080082,-7.1878907,705.0,0.64,1.1,53.3,2,0.004
H1,-388.18,-187.6,107.9080511,-7.1878907,705.0,0.94,1.6,60.9,2,0.004
H1,-383.44,-187.6,107.908094,-7.1878907,705.0,1.23,2.1,65.6,1,0.002
H1,-378.7,-187.6,107.9081369,-7.1878907,705.0,1.51,2.6,69.9,1,0.002
H1,-373.96,-187.6,107.9081799,-7.1878907,704.8,1.78,3.1,74.0,2,0.004
H1,-369.22,-187.6,107.9082228,-7.1878907,704.56,2.04,3.6,77.9,3,0.007
H1,-359.74,-187.6,107.9083086,-7.1878907,704.06,2.48,4.3,84.3,5,0.011
H1,-355.0,-187.6,107.9083515,-7.1878907,703.81,2.65,4.6,86.4,6,0.013
H1,-350.26,-187.6,107.9083944,-7.1878907,703.56,2.78,4.9,87.8,7,0.016
H1,-345.52,-187.6,107.9084374,-7.1878907,703.31,2.86,5.0,88.7,8,0.018
H1,-340.78,-187.6,107.9084803,-7.1878907,703.06,2.9,5.1,89.0,9,0.02
H1,-336.04,-187.6,107.9085232,-7.1878907,702.81,2.88,5.0,88.8,10,0.022
H1,-331.3,-187.6,107.9085661,-7.1878907,702.56,2.81,4.9,88.0,11,0.025
H1,-326.56,-187.6,107.908609,-7.1878907,702.31,2.69,4.7,86.2,12,0.027
H1,-321.82,-187.6,107.9086519,-7.1878907,702.06,2.51,4.4,83.3,13,0.029
H1,-317.08,-187.6,107.9086948,-7.1878907,701.82,2.29,4.0,78.6,14,0.031
H1,-312.34,-187.6,107.9087378,-7.1878907,701.59,2.04,3.6,71.7,15,0.034
H1,-307.6,-187.6,107.9087807,-7.1878907,701.35,1.78,3.1,61.7,35,0.079
H1,-302.86,-187.6,107.9088236,-7.1878907,701.11,1.57,2.7,48.1,17,0.038
H1,-298.12,-187.6,107.9088665,-7.1878907,701.05,1.46,2.5,31.6,1179,2.649
H1,-293.38,-187.6,107.9089094,-7.1878907,701.05,1.47,2.6,15.1,11,0.025
H1,-288.64,-187.6,107.9089523,-7.1878907,701.05,1.6,2.8,1.8,8,0.018
H1,-283.9,-187.6,107.9089953,-7.1878907,701.05,1.78,3.1,352.5,8,0.018
H1,-279.16,-187.6,107.9090382,-7.1878907,701.06,1.99,3.5,346.4,9,0.02
H1,-274.42,-187.6,107.9090811,-7.1878907,701.07,2.2,3.8,342.5,13,0.029
H1,-269.68,-187.6,107.909124,-7.1878907,701.09,2.39,4.2,339.9,8,0.018
H1,-264.94,-187.6,107.9091669,-7.1878907,701.1,2.55,4.5,338.5,6,0.013
H1,-260.2,-187.6,107.9092098,-7.1878907,701.28,2.66,4.6,338.2,4,0.009
H1,-255.46,-187.6,107.9092527,-7.1878907,701.51,2.71,4.7,339.4,5,0.011
H1,-250.72,-187.6,107.9092957,-7.1878907,701.75,2.69,4.7,342.3,7,0.016
H1,-245.98,-187.6,107.9093386,-7.1878907,701.98,2.61,4.6,347.5,7,0.016
H1,-241.24,-187.6,107.9093815,-7.1878907,702.05,2.52,4.4,355.3,5,0.011
H1,-236.5,-187.6,107.9094244,-7.1878907,702.05,2.43,4.2,5.9,4,0.009
H1,-231.76,-187.6,107.9094673,-7.1878907,702.05,2.39,4.2,19.0,1,0.002
H1,-227.02,-187.6,107.9095102,-7.1878907,702.05,2.42,4.2,33.6,2,0.004
H1,-222.28,-187.6,107.9095532,-7.1878907,701.87,2.54,4.4,48.2,3,0.007
H1,-217.54,-187.6,107.9095961,-7.1878907,701.61,2.72,4.8,61.4,6,0.013
H1,-212.8,-187.6,107.909639,-7.1878907,701.34,2.92,5.1,73.0,7,0.016
H1,-208.06,-187.6,107.9096819,-7.1878907,701.08,3.1,5.4,82.9,8,0.018
H1,-203.32,-187.6,107.9097248,-7.1878907,700.82,3.23,5.6,91.6,9,0.02
H1,-198.58,-187.6,107.9097677,-7.1878907,700.55,3.3,5.8,99.5,10,0.022
H1,-193.84,-187.6,107.9098106,-7.1878907,700.29,3.31,5.8,107.0,11,0.025
H1,-189.1,-187.6,107.9098536,-7.1878907,700.03,3.26,5.7,114.8,10,0.022
H1,-184.36,-187.6,107.9098965,-7.1878907,699.78,3.18,5.6,123.2,18,0.04
H1,-179.62,-187.6,107.9099394,-7.1878907,699.53,3.09,5.4,132.5,2886,6.484
H1,-174.88,-187.6,107.9099823,-7.1878907,699.28,3.01,5.3,142.6,9,0.02
H1,-170.14,-187.6,107.9100252,-7.1878907,699.03,2.96,5.2,153.7,118,0.265
H1,-165.4,-187.6,107.9100681,-7.1878907,698.95,2.96,5.2,165.2,16,0.036
H1,-160.66,-187.6,107.9101111,-7.1878907,698.95,3.02,5.3,176.6,12,0.027
H1,-155.92,-187.6,107.910154,-7.1878907,698.95,3.14,5.5,187.0,13,0.029
H1,-151.18,-187.6,107.9101969,-7.1878907,698.95,3.28,5.7,195.4,11,0.025
H1,-146.44,-187.6,107.9102398,-7.1878907,699.11,3.39,5.9,200.9,24,0.054
H1,-141.7,-187.6,107.9102827,-7.1878907,699.36,3.39,5.9,203.3,2,0.004
H1,-136.96,-187.6,107.9103256,-7.1878907,699.61,3.24,5.7,201.9,1,0.002
H1,-132.22,-187.6,107.9103685,-7.1878907,699.86,2.96,5.2,196.2,6,0.013
H1,-127.48,-187.6,107.9104115,-7.1878907,699.95,2.64,4.6,184.8,4,0.009
H1,-122.74,-187.6,107.9104544,-7.1878907,699.95,2.43,4.2,167.3,1,0.002
H1,-118.0,-187.6,107.9104973,-7.1878907,699.95,2.46,4.3,146.9,2,0.004
H1,-113.26,-187.6,107.9105402,-7.1878907,699.95,2.74,4.8,129.3,3,0.007
H1,-108.52,-187.6,107.9105831,-7.1878907,699.63,3.09,5.4,116.7,5,0.011
H1,-103.78,-187.6,107.910626,-7.1878907,699.15,3.35,5.9,108.1,6,0.013
H1,-99.04,-187.6,107.910669,-7.1878907,698.66,3.41,6.0,101.7,7,0.016
H1,-94.3,-187.6,107.9107119,-7.1878907,698.18,3.26,5.7,96.2,8,0.018
H1,-89.56,-187.6,107.9107548,-7.1878907,697.85,2.93,5.1,90.5,9,0.02
H1,-84.82,-187.6,107.9107977,-7.1878907,697.61,2.5,4.4,83.7,10,0.022
H1,-80.08,-187.6,107.9108406,-7.1878907,697.38,2.06,3.6,74.7,11,0.025
H1,-75.34,-187.6,107.9108835,-7.1878907,697.14,1.68,2.9,62.7,27,0.061
H1,-70.6,-187.6,107.9109264,-7.1878907,697.05,1.43,2.5,48.1,7,0.016
H1,-65.86,-187.6,107.9109694,-7.1878907,697.05,1.31,2.3,33.5,7,0.016
H1,-61.12,-187.6,107.9110123,-7.1878907,697.05,1.29,2.3,22.6,21,0.047
H1,-392.92,-192.31,107.9080082,-7.1879333,705.0,0.49,0.8,69.9,1,0.002
H1,-388.18,-192.31,107.9080511,-7.1879333,705.0,0.8,1.4,76.1,1,0.002
H1,-383.44,-192.31,107.908094,-7.1879333,705.0,1.11,1.9,79.2,2,0.004
H1,-378.7,-192.31,107.9081369,-7.1879333,705.0,1.44,2.5,81.6,3,0.007
H1,-373.96,-192.31,107.9081799,-7.1879333,704.8,1.76,3.1,83.5,4,0.009
H1,-369.22,-192.31,107.9082228,-7.1879333,704.56,2.06,3.6,85.2,5,0.011
H1,-364.48,-192.31,107.9082657,-7.1879333,704.31,2.32,4.1,86.5,6,0.013
H1,-359.74,-192.31,107.9083086,-7.1879333,704.06,2.54,4.4,87.6,7,0.016
H1,-355.0,-192.31,107.9083515,-7.1879333,703.81,2.7,4.7,88.4,8,0.018
H1,-350.26,-192.31,107.9083944,-7.1879333,703.56,2.82,4.9,89.0,9,0.02
H1,-345.52,-192.31,107.9084374,-7.1879333,703.31,2.88,5.0,89.3,10,0.022
H1,-340.78,-192.31,107.9084803,-7.1879333,703.06,2.89,5.1,89.4,11,0.025
H1,-336.04,-192.31,107.9085232,-7.1879333,702.81,2.85,5.0,89.0,12,0.027
H1,-331.3,-192.31,107.9085661,-7.1879333,702.56,2.75,4.8,87.9,13,0.029
H1,-326.56,-192.31,107.908609,-7.1879333,702.31,2.58,4.5,85.8,14,0.031
H1,-321.82,-192.31,107.9086519,-7.1879333,702.06,2.37,4.1,82.1,15,0.034
H1,-317.08,-192.31,107.9086948,-7.1879333,701.87,2.12,3.7,76.0,16,0.036
H1,-312.34,-192.31,107.9087378,-7.1879333,701.7,1.86,3.3,66.7,34,0.076
H1,-307.6,-192.31,107.9087807,-7.1879333,701.52,1.66,2.9,53.6,16,0.036
H1,-302.86,-192.31,107.9088236,-7.1879333,701.35,1.56,2.7,37.2,15,0.034
H1,-298.12,-192.31,107.9088665,-7.1879333,701.3,1.58,2.8,20.3,1163,2.613
H1,-293.38,-192.31,107.9089094,-7.1879333,701.3,1.72,3.0,6.1,10,0.022
H1,-288.64,-192.31,107.9089523,-7.1879333,701.3,1.93,3.4,355.9,7,0.016
H1,-279.16,-192.31,107.9090382,-7.1879333,701.36,2.4,4.2,344.5,8,0.018
H1,-274.42,-192.31,107.9090811,-7.1879333,701.43,2.61,4.6,341.7,12,0.027
H1,-269.68,-192.31,107.909124,-7.1879333,701.51,2.77,4.8,340.0,7,0.016
H1,-264.94,-192.31,107.9091669,-7.1879333,701.59,2.88,5.0,339.1,5,0.011
H1,-260.2,-192.31,107.9092098,-7.1879333,701.73,2.92,5.1,339.2,3,0.007
H1,-255.46,-192.31,107.9092527,-7.1879333,701.91,2.88,5.0,340.5,4,0.009
H1,-250.72,-192.31,107.9092957,-7.1879333,702.08,2.79,4.9,343.5,6,0.013
H1,-245.98,-192.31,107.9093386,-7.1879333,702.25,2.65,4.6,348.9,6,0.013
H1,-241.24,-192.31,107.9093815,-7.1879333,702.3,2.51,4.4,357.4,4,0.009
H1,-236.5,-192.31,107.9094244,-7.1879333,702.3,2.42,4.2,9.3,3,0.007
H1,-231.76,-192.31,107.9094673,-7.1879333,702.3,2.42,4.2,24.1,1,0.002
H1,-227.02,-192.31,107.9095102,-7.1879333,702.3,2.55,4.5,39.7,2,0.004
H1,-222.28,-192.31,107.9095532,-7.1879333,702.07,2.79,4.9,54.0,5,0.011
H1,-217.54,-192.31,107.9095961,-7.1879333,701.75,3.08,5.4,66.1,1,0.002
H1,-212.8,-192.31,107.909639,-7.1879333,701.43,3.36,5.9,76.1,2,0.004
H1,-208.06,-192.31,107.9096819,-7.1879333,701.1,3.57,6.2,84.7,3,0.007
H1,-203.32,-192.31,107.9097248,-7.1879333,700.77,3.7,6.5,92.3,4,0.009
H1,-198.58,-192.31,107.9097677,-7.1879333,700.45,3.75,6.6,99.3,5,0.011
H1,-193.84,-192.31,107.9098106,-7.1879333,700.12,3.73,6.5,106.2,6,0.013
H1,-189.1,-192.31,107.9098536,-7.1879333,699.8,3.65,6.4,113.4,12,0.027
H1,-184.36,-192.31,107.9098965,-7.1879333,699.53,3.53,6.2,121.3,11,0.025
H1,-179.62,-192.31,107.9099394,-7.1879333,699.28,3.4,5.9,130.0,19,0.043
H1,-174.88,-192.31,107.9099823,-7.1879333,699.03,3.27,5.7,139.8,2887,6.486
H1,-170.14,-192.31,107.9100252,-7.1879333,698.78,3.18,5.6,150.8,10,0.022
H1,-165.4,-192.31,107.9100681,-7.1879333,698.7,3.16,5.5,162.5,135,0.303
H1,-160.66,-192.31,107.9101111,-7.1879333,698.7,3.21,5.6,174.3,13,0.029
H1,-155.92,-192.31,107.910154,-7.1879333,698.7,3.35,5.9,185.0,14,0.031
H1,-151.18,-192.31,107.9101969,-7.1879333,698.7,3.52,6.2,193.6,12,0.027
H1,-146.44,-192.31,107.9102398,-7.1879333,698.86,3.66,6.4,199.5,27,0.061
H1,-141.7,-192.31,107.9102827,-7.1879333,699.11,3.71,6.5,202.3,2,0.004
H1,-136.96,-192.31,107.9103256,-7.1879333,699.36,3.6,6.3,201.7,1,0.002
H1,-132.22,-192.31,107.9103685,-7.1879333,699.61,3.35,5.9,197.5,7,0.016
H1,-127.48,-192.31,107.9104115,-7.1879333,699.7,3.03,5.3,188.7,5,0.011
H1,-122.74,-192.31,107.9104544,-7.1879333,699.7,2.73,4.8,174.9,2,0.004
H1,-118.0,-192.31,107.9104973,-7.1879333,699.7,2.61,4.6,157.0,1,0.002
H1,-113.26,-192.31,107.9105402,-7.1879333,699.7,2.69,4.7,139.1,3,0.007
H1,-108.52,-192.31,107.9105831,-7.1879333,699.43,2.89,5.1,124.5,4,0.009
H1,-103.78,-192.31,107.910626,-7.1879333,699.0,3.05,5.3,113.5,1,0.002
H1,-99.04,-192.31,107.910669,-7.1879333,698.58,3.06,5.3,105.0,2,0.004
H1,-94.3,-192.31,107.9107119,-7.1879333,698.15,2.89,5.0,97.4,3,0.007
H1,-89.56,-192.31,107.9107548,-7.1879333,697.89,2.57,4.5,89.4,4,0.009
H1,-84.82,-192.31,107.9107977,-7.1879333,697.71,2.2,3.8,79.7,5,0.011
H1,-80.08,-192.31,107.9108406,-7.1879333,697.54,1.85,3.2,67.3,15,0.034
H1,-75.34,-192.31,107.9108835,-7.1879333,697.37,1.61,2.8,52.5,6,0.013
H1,-70.6,-192.31,107.9109264,-7.1879333,697.3,1.48,2.6,37.1,6,0.013
H1,-65.86,-192.31,107.9109694,-7.1879333,697.3,1.46,2.6,24.3,14,0.031
H1,-61.12,-192.31,107.9110123,-7.1879333,697.3,1.49,2.6,16.2,6,0.013
H1,-392.92,-197.02,107.9080082,-7.1879759,705.0,0.46,0.8,97.3,1,0.002
H1,-388.18,-197.02,107.9080511,-7.1879759,705.0,0.78,1.4,96.8,2,0.004
H1,-383.44,-197.02,107.908094,-7.1879759,705.0,1.1,1.9,96.2,3,0.007
H1,-378.7,-197.02,107.9081369,-7.1879759,705.0,1.43,2.5,95.3,4,0.009
H1,-373.96,-197.02,107.9081799,-7.1879759,704.8,1.76,3.1,94.3,5,0.011
H1,-369.22,-197.02,107.9082228,-7.1879759,704.56,2.06,3.6,93.3,6,0.013
H1,-364.48,-197.02,107.9082657,-7.1879759,704.31,2.32,4.1,92.3,7,0.016
H1,-359.74,-197.02,107.9083086,-7.1879759,704.06,2.54,4.4,91.6,8,0.018
H1,-355.0,-197.02,107.9083515,-7.1879759,703.81,2.71,4.7,91.0,9,0.02
H1,-350.26,-197.02,107.9083944,-7.1879759,703.56,2.82,4.9,90.7,10,0.022
H1,-345.52,-197.02,107.9084374,-7.1879759,703.31,2.88,5.0,90.4,11,0.025
H1,-340.78,-197.02,107.9084803,-7.1879759,703.06,2.88,5.0,90.2,12,0.027
H1,-336.04,-197.02,107.9085232,-7.1879759,702.81,2.81,4.9,89.7,13,0.029
H1,-331.3,-197.02,107.9085661,-7.1879759,702.56,2.67,4.7,88.5,14,0.031
H1,-326.56,-197.02,107.908609,-7.1879759,702.31,2.46,4.3,86.2,15,0.034
H1,-321.82,-197.02,107.9086519,-7.1879759,702.06,2.2,3.8,81.8,16,0.036
H1,-317.08,-197.02,107.9086948,-7.1879759,701.92,1.9,3.3,74.4,17,0.038
H1,-312.34,-197.02,107.9087378,-7.1879759,701.8,1.64,2.9,62.6,15,0.034
H1,-307.6,-197.02,107.9087807,-7.1879759,701.69,1.48,2.6,45.8,14,0.031
H1,-302.86,-197.02,107.9088236,-7.1879759,701.58,1.48,2.6,26.8,1156,2.597
H1,-298.12,-197.02,107.9088665,-7.1879759,701.55,1.63,2.9,10.2,6,0.013
H1,-293.38,-197.02,107.9089094,-7.1879759,701.55,1.88,3.3,358.2,9,0.02
H1,-288.64,-197.02,107.9089523,-7.1879759,701.55,2.15,3.8,350.3,6,0.013
H1,-283.9,-197.02,107.9089953,-7.1879759,701.55,2.42,4.2,345.2,6,0.013
H1,-279.16,-197.02,107.9090382,-7.1879759,701.65,2.65,4.6,342.1,7,0.016
H1,-274.42,-197.02,107.9090811,-7.1879759,701.79,2.83,4.9,340.3,11,0.025
H1,-269.68,-197.02,107.909124,-7.1879759,701.93,2.94,5.1,339.4,6,0.013
H1,-264.94,-197.02,107.9091669,-7.1879759,702.07,2.98,5.2,339.2,4,0.009
H1,-260.2,-197.02,107.9092098,-7.1879759,702.18,2.94,5.1,339.8,2,0.004
H1,-255.46,-197.02,107.9092527,-7.1879759,702.3,2.83,5.0,341.5,3,0.007
H1,-250.72,-197.02,107.9092957,-7.1879759,702.41,2.68,4.7,344.8,5,0.011
H1,-245.98,-197.02,107.9093386,-7.1879759,702.52,2.5,4.4,350.7,5,0.011
H1,-241.24,-197.02,107.9093815,-7.1879759,702.55,2.34,4.1,0.3,3,0.007
H1,-236.5,-197.02,107.9094244,-7.1879759,702.55,2.26,4.0,14.1,2,0.004
H1,-231.76,-197.02,107.9094673,-7.1879759,702.55,2.34,4.1,30.8,1,0.002
H1,-227.02,-197.02,107.9095102,-7.1879759,702.55,2.61,4.6,47.0,4,0.009
H1,-222.28,-197.02,107.9095532,-7.1879759,702.28,3.0,5.2,60.5,6,0.013
H1,-212.8,-197.02,107.909639,-7.1879759,701.51,3.77,6.6,79.5,8,0.018
H1,-208.06,-197.02,107.9096819,-7.1879759,701.12,4.03,7.0,86.6,9,0.02
H1,-203.32,-197.02,107.9097248,-7.1879759,700.73,4.17,7.3,93.0,10,0.022
H1,-198.58,-197.02,107.9097677,-7.1879759,700.34,4.2,7.4,99.2,11,0.025
H1,-193.84,-197.02,107.9098106,-7.1879759,699.96,4.15,7.3,105.4,12,0.027
H1,-189.1,-197.02,107.9098536,-7.1879759,699.57,4.04,7.1,112.0,19,0.043
H1,-184.36,-197.02,107.9098965,-7.1879759,699.28,3.88,6.8,119.2,13,0.029
H1,-179.62,-197.02,107.9099394,-7.1879759,699.03,3.71,6.5,127.6,12,0.027
H1,-174.88,-197.02,107.9099823,-7.1879759,698.78,3.55,6.2,137.1,20,0.045
H1,-170.14,-197.02,107.9100252,-7.1879759,698.53,3.44,6.0,148.0,2888,6.488
H1,-165.4,-197.02,107.9100681,-7.1879759,698.45,3.4,5.9,159.8,146,0.328
H1,-160.66,-197.02,107.9101111,-7.1879759,698.45,3.47,6.1,171.7,14,0.031
H1,-155.92,-197.02,107.910154,-7.1879759,698.45,3.62,6.3,182.5,15,0.034
H1,-151.18,-197.02,107.9101969,-7.1879759,698.45,3.82,6.7,191.3,13,0.029
H1,-146.44,-197.02,107.9102398,-7.1879759,698.61,4.01,7.0,197.5,28,0.063
H1,-141.7,-197.02,107.9102827,-7.1879759,698.86,4.09,7.1,200.7,4,0.009
H1,-136.96,-197.02,107.9103256,-7.1879759,699.11,4.02,7.0,201.0,1,0.002
H1,-132.22,-197.02,107.9103685,-7.1879759,699.36,3.8,6.6,198.1,8,0.018
H1,-127.48,-197.02,107.9104115,-7.1879759,699.45,3.47,6.1,191.7,6,0.013
H1,-122.74,-197.02,107.9104544,-7.1879759,699.45,3.11,5.4,181.1,3,0.007
H1,-118.0,-197.02,107.9104973,-7.1879759,699.45,2.83,4.9,166.5,2,0.004
H1,-113.26,-197.02,107.9105402,-7.1879759,699.45,2.71,4.7,149.9,1,0.002
H1,-108.52,-197.02,107.9105831,-7.1879759,699.21,2.72,4.7,134.2,4,0.009
H1,-103.78,-197.02,107.910626,-7.1879759,698.86,2.74,4.8,121.1,5,0.011
H1,-99.04,-197.02,107.910669,-7.1879759,698.49,2.66,4.7,110.4,6,0.013
H1,-94.3,-197.02,107.9107119,-7.1879759,698.13,2.46,4.3,100.6,7,0.016
H1,-89.56,-197.02,107.9107548,-7.1879759,697.93,2.16,3.8,90.2,8,0.018
H1,-84.82,-197.02,107.9107977,-7.1879759,697.82,1.84,3.2,77.6,9,0.02
H1,-80.08,-197.02,107.9108406,-7.1879759,697.71,1.59,2.8,62.1,5,0.011
H1,-75.34,-197.02,107.9108835,-7.1879759,697.59,1.45,2.5,45.0,5,0.011
H1,-70.6,-197.02,107.9109264,-7.1879759,697.55,1.43,2.5,29.8,3,0.007
H1,-65.86,-197.02,107.9109694,-7.1879759,697.55,1.48,2.6,18.7,10,0.022
H1,-392.92,-201.73,107.9080082,-7.1880185,705.0,0.6,1.0,119.7,2,0.004
H1,-388.18,-201.73,107.9080511,-7.1880185,705.0,0.92,1.6,114.7,1,0.002
H1,-383.44,-201.73,107.908094,-7.1880185,705.0,1.22,2.1,111.6,1,0.002
H1,-378.7,-201.73,107.9081369,-7.1880185,705.0,1.51,2.6,108.5,1,0.002
H1,-373.96,-201.73,107.9081799,-7.1880185,704.8,1.8,3.1,105.2,2,0.004
H1,-369.22,-201.73,107.9082228,-7.1880185,704.56,2.06,3.6,101.9,3,0.007
H1,-364.48,-201.73,107.9082657,-7.1880185,704.31,2.3,4.0,98.8,4,0.009
H1,-359.74,-201.73,107.9083086,-7.1880185,704.06,2.5,4.4,96.3,5,0.011
H1,-355.0,-201.73,107.9083515,-7.1880185,703.81,2.67,4.7,94.4,6,0.013
H1,-350.26,-201.73,107.9083944,-7.1880185,703.56,2.79,4.9,93.1,7,0.016
H1,-345.52,-201.73,107.9084374,-7.1880185,703.31,2.86,5.0,92.4,8,0.018
H1,-340.78,-201.73,107.9084803,-7.1880185,703.06,2.86,5.0,91.8,9,0.02
H1,-336.04,-201.73,107.9085232,-7.1880185,702.81,2.77,4.8,91.2,10,0.022
H1,-331.3,-201.73,107.9085661,-7.1880185,702.56,2.6,4.5,90.0,11,0.025
H1,-326.56,-201.73,107.908609,-7.1880185,702.31,2.34,4.1,87.6,12,0.027
H1,-321.82,-201.73,107.9086519,-7.1880185,702.06,2.01,3.5,83.0,13,0.029
H1,-317.08,-201.73,107.9086948,-7.1880185,701.96,1.67,2.9,74.6,14,0.031
H1,-312.34,-201.73,107.9087378,-7.1880185,701.91,1.38,2.4,59.9,13,0.029
H1,-307.6,-201.73,107.9087807,-7.1880185,701.86,1.24,2.2,38.4,12,0.027
H1,-302.86,-201.73,107.9088236,-7.1880185,701.81,1.32,2.3,16.1,1143,2.568
H1,-298.12,-201.73,107.9088665,-7.1880185,701.8,1.57,2.7,359.9,5,0.011
H1,-293.38,-201.73,107.9089094,-7.1880185,701.8,1.89,3.3,350.0,8,0.018
H1,-288.64,-201.73,107.9089523,-7.1880185,701.8,2.2,3.8,344.1,5,0.011
H1,-283.9,-201.73,107.9089953,-7.1880185,701.8,2.47,4.3,340.7,5,0.011
H1,-279.16,-201.73,107.9090382,-7.1880185,701.95,2.68,4.7,338.8,6,0.013
H1,-274.42,-201.73,107.9090811,-7.1880185,702.15,2.81,4.9,338.0,10,0.022
H1,-269.68,-201.73,107.909124,-7.1880185,702.35,2.86,5.0,338.0,5,0.011
H1,-264.94,-201.73,107.9091669,-7.1880185,702.55,2.82,4.9,338.6,3,0.007
H1,-260.2,-201.73,107.9092098,-7.1880185,702.64,2.72,4.7,339.8,1,0.002
H1,-255.46,-201.73,107.9092527,-7.1880185,702.69,2.56,4.5,342.1,2,0.004
H1,-250.72,-201.73,107.9092957,-7.1880185,702.74,2.36,4.1,346.0,4,0.009
H1,-245.98,-201.73,107.9093386,-7.1880185,702.79,2.17,3.8,353.0,4,0.009
H1,-241.24,-201.73,107.9093815,-7.1880185,702.8,2.01,3.5,4.5,2,0.004
H1,-236.5,-201.73,107.9094244,-7.1880185,702.8,1.99,3.5,21.1,1,0.002
H1,-231.76,-201.73,107.9094673,-7.1880185,702.8,2.19,3.8,39.8,3,0.007
H1,-227.02,-201.73,107.9095102,-7.1880185,702.8,2.61,4.6,55.9,5,0.011
H1,-208.06,-201.73,107.9096819,-7.1880185,701.14,4.46,7.8,88.8,4,0.009
H1,-203.32,-201.73,107.9097248,-7.1880185,700.69,4.61,8.1,94.0,5,0.011
H1,-198.58,-201.73,107.9097677,-7.1880185,700.24,4.64,8.1,99.1,6,0.013
H1,-193.84,-201.73,107.9098106,-7.1880185,699.79,4.56,8.0,104.5,7,0.016
H1,-189.1,-201.73,107.9098536,-7.1880185,699.34,4.42,7.7,110.3,8,0.018
H1,-184.36,-201.73,107.9098965,-7.1880185,699.03,4.23,7.4,117.1,20,0.045
H1,-179.62,-201.73,107.9099394,-7.1880185,698.78,4.03,7.1,124.9,14,0.031
H1,-174.88,-201.73,107.9099823,-7.1880185,698.53,3.85,6.7,134.2,13,0.029
H1,-170.14,-201.73,107.9100252,-7.1880185,698.28,3.73,6.5,144.9,21,0.047
H1,-165.4,-201.73,107.9100681,-7.1880185,698.2,3.69,6.4,156.6,3035,6.818
H1,-160.66,-201.73,107.9101111,-7.1880185,698.2,3.76,6.6,168.6,15,0.034
H1,-155.92,-201.73,107.910154,-7.1880185,698.2,3.94,6.9,179.6,16,0.036
H1,-151.18,-201.73,107.9101969,-7.1880185,698.2,4.17,7.3,188.6,14,0.031
H1,-146.44,-201.73,107.9102398,-7.1880185,698.36,4.39,7.7,195.1,29,0.065
H1,-141.7,-201.73,107.9102827,-7.1880185,698.61,4.52,7.9,199.0,5,0.011
H1,-136.96,-201.73,107.9103256,-7.1880185,698.86,4.49,7.9,200.1,2,0.004
H1,-132.22,-201.73,107.9103685,-7.1880185,699.11,4.29,7.5,198.6,9,0.02
H1,-127.48,-201.73,107.9104115,-7.1880185,699.2,3.95,6.9,194.2,7,0.016
H1,-122.74,-201.73,107.9104544,-7.1880185,699.2,3.52,6.2,186.5,4,0.009
H1,-118.0,-201.73,107.9104973,-7.1880185,699.2,3.11,5.4,175.3,3,0.007
H1,-113.26,-201.73,107.9105402,-7.1880185,699.2,2.79,4.9,161.1,1,0.002
H1,-108.52,-201.73,107.9105831,-7.1880185,699.0,2.59,4.5,145.7,2,0.004
H1,-103.78,-201.73,107.910626,-7.1880185,698.71,2.45,4.3,131.4,5,0.011
H1,-99.04,-201.73,107.910669,-7.1880185,698.41,2.27,4.0,118.8,1,0.002
H1,-94.3,-201.73,107.9107119,-7.1880185,698.11,2.03,3.5,107.0,2,0.004
H1,-89.56,-201.73,107.9107548,-7.1880185,697.97,1.73,3.0,94.4,3,0.007
H1,-84.82,-201.73,107.9107977,-7.1880185,697.92,1.44,2.5,79.0,4,0.009
H1,-80.08,-201.73,107.9108406,-7.1880185,697.87,1.25,2.2,60.2,4,0.009
H1,-75.34,-201.73,107.9108835,-7.1880185,697.82,1.19,2.1,40.7,2,0.004
H1,-70.6,-201.73,107.9109264,-7.1880185,697.8,1.23,2.2,25.0,6,0.013
H1,-65.86,-201.73,107.9109694,-7.1880185,697.8,1.32,2.3,14.9,3,0.007
H1,-392.92,-206.44,107.9080082,-7.188061,704.99,0.84,1.5,131.0,2,0.004
H1,-388.18,-206.44,107.9080511,-7.188061,704.98,1.14,2.0,125.7,3,0.007
H1,-383.44,-206.44,107.908094,-7.188061,704.96,1.42,2.5,122.4,2,0.004
H1,-378.7,-206.44,107.9081369,-7.188061,704.95,1.65,2.9,119.0,2,0.004
H1,-373.96,-206.44,107.9081799,-7.188061,704.77,1.87,3.3,114.9,1,0.002
H1,-369.22,-206.44,107.9082228,-7.188061,704.53,2.07,3.6,110.4,1,0.002
H1,-364.48,-206.44,107.9082657,-7.188061,704.29,2.26,3.9,105.9,2,0.004
H1,-359.74,-206.44,107.9083086,-7.188061,704.05,2.45,4.3,102.0,3,0.007
H1,-355.0,-206.44,107.9083515,-7.188061,703.81,2.62,4.6,99.0,4,0.009
H1,-350.26,-206.44,107.9083944,-7.188061,703.56,2.75,4.8,97.0,5,0.011
H1,-345.52,-206.44,107.9084374,-7.188061,703.31,2.83,4.9,95.7,6,0.013
H1,-340.78,-206.44,107.9084803,-7.188061,703.06,2.83,4.9,94.9,7,0.016
H1,-336.04,-206.44,107.9085232,-7.188061,702.81,2.73,4.8,94.0,8,0.018
H1,-331.3,-206.44,107.9085661,-7.188061,702.56,2.52,4.4,92.8,9,0.02
H1,-326.56,-206.44,107.908609,-7.188061,702.31,2.21,3.9,90.5,10,0.022
H1,-321.82,-206.44,107.9086519,-7.188061,702.06,1.83,3.2,86.1,11,0.025
H1,-317.08,-206.44,107.9086948,-7.188061,702.0,1.42,2.5,77.2,12,0.027
H1,-312.34,-206.44,107.9087378,-7.188061,702.0,1.08,1.9,59.6,11,0.025
H1,-307.6,-206.44,107.9087807,-7.188061,702.0,0.94,1.6,30.7,1136,2.552
H1,-302.86,-206.44,107.9088236,-7.188061,702.0,1.1,1.9,3.5,6,0.013
H1,-298.12,-206.44,107.9088665,-7.188061,702.01,1.41,2.5,347.8,4,0.009
H1,-293.38,-206.44,107.9089094,-7.188061,702.02,1.76,3.1,340.1,7,0.016
H1,-288.64,-206.44,107.9089523,-7.188061,702.04,2.08,3.6,336.2,4,0.009
H1,-283.9,-206.44,107.9089953,-7.188061,702.05,2.32,4.1,334.5,4,0.009
H1,-279.16,-206.44,107.9090382,-7.188061,702.22,2.49,4.3,334.0,5,0.011
H1,-274.42,-206.44,107.9090811,-7.188061,702.46,2.56,4.5,334.3,5,0.011
H1,-269.68,-206.44,107.909124,-7.188061,702.7,2.54,4.4,335.3,4,0.009
H1,-264.94,-206.44,107.9091669,-7.188061,702.93,2.44,4.3,336.9,4,0.009
H1,-260.2,-206.44,107.9092098,-7.188061,703.0,2.28,4.0,339.0,2,0.004
H1,-255.46,-206.44,107.9092527,-7.188061,703.0,2.09,3.7,342.1,1,0.002
H1,-250.72,-206.44,107.9092957,-7.188061,703.0,1.89,3.3,347.2,3,0.007
H1,-245.98,-206.44,107.9093386,-7.188061,703.0,1.7,3.0,356.1,3,0.007
H1,-241.24,-206.44,107.9093815,-7.188061,703.0,1.57,2.7,11.2,1,0.002
H1,-236.5,-206.44,107.9094244,-7.188061,703.0,1.65,2.9,32.1,2,0.004
H1,-208.06,-206.44,107.9096819,-7.188061,701.15,4.83,8.5,91.5,5,0.011
H1,-203.32,-206.44,107.9097248,-7.188061,700.66,5.01,8.8,95.4,6,0.013
H1,-198.58,-206.44,107.9097677,-7.188061,700.16,5.03,8.8,99.5,7,0.016
H1,-193.84,-206.44,107.9098106,-7.188061,699.66,4.95,8.7,103.9,8,0.018
H1,-189.1,-206.44,107.9098536,-7.188061,699.16,4.79,8.4,109.0,9,0.02
H1,-184.36,-206.44,107.9098965,-7.188061,698.82,4.59,8.0,115.0,9,0.02
H1,-179.62,-206.44,107.9099394,-7.188061,698.56,4.38,7.7,122.3,21,0.047
H1,-174.88,-206.44,107.9099823,-7.188061,698.3,4.18,7.3,131.1,15,0.034
H1,-170.14,-206.44,107.9100252,-7.188061,698.04,4.04,7.1,141.4,14,0.031
H1,-165.4,-206.44,107.9100681,-7.188061,697.94,3.98,7.0,152.9,22,0.049
H1,-160.66,-206.44,107.9101111,-7.188061,697.93,4.05,7.1,164.9,3051,6.854
H1,-155.92,-206.44,107.910154,-7.188061,697.91,4.24,7.4,176.2,17,0.038
H1,-151.18,-206.44,107.9101969,-7.188061,697.9,4.5,7.9,185.7,15,0.034
H1,-146.44,-206.44,107.9102398,-7.188061,698.06,4.76,8.3,192.8,30,0.067
H1,-141.7,-206.44,107.9102827,-7.188061,698.31,4.93,8.6,197.3,6,0.013
H1,-136.96,-206.44,107.9103256,-7.188061,698.56,4.95,8.7,199.4,3,0.007
H1,-132.22,-206.44,107.9103685,-7.188061,698.81,4.78,8.4,199.2,10,0.022
H1,-127.48,-206.44,107.9104115,-7.188061,698.91,4.43,7.7,196.6,8,0.018
H1,-122.74,-206.44,107.9104544,-7.188061,698.92,3.95,6.9,191.5,5,0.011
H1,-118.0,-206.44,107.9104973,-7.188061,698.93,3.43,6.0,183.4,4,0.009
H1,-113.26,-206.44,107.9105402,-7.188061,698.95,2.94,5.1,172.2,2,0.004
H1,-108.52,-206.44,107.9105831,-7.188061,698.8,2.54,4.4,158.7,1,0.002
H1,-103.78,-206.44,107.910626,-7.188061,698.56,2.24,3.9,144.5,3,0.007
H1,-99.04,-206.44,107.910669,-7.188061,698.32,1.96,3.4,131.2,6,0.013
H1,-94.3,-206.44,107.9107119,-7.188061,698.09,1.66,2.9,118.6,1,0.002
H1,-89.56,-206.44,107.9107548,-7.188061,698.0,1.34,2.3,105.3,2,0.004
H1,-84.82,-206.44,107.9107977,-7.188061,698.0,1.04,1.8,88.5,3,0.007
H1,-80.08,-206.44,107.9108406,-7.188061,698.0,0.85,1.5,65.8,1,0.002
H1,-75.34,-206.44,107.9108835,-7.188061,698.0,0.81,1.4,41.0,2,0.004
H1,-70.6,-206.44,107.9109264,-7.188061,698.0,0.88,1.5,22.3,3,0.007
H1,-65.86,-206.44,107.9109694,-7.188061,698.0,1.0,1.7,11.7,2,0.004
H1,-392.92,-211.15,107.9080082,-7.1881036,704.94,1.12,1.9,137.0,2,0.004
H1,-388.18,-211.15,107.9080511,-7.1881036,704.87,1.4,2.4,131.9,3,0.007
H1,-383.44,-211.15,107.908094,-7.1881036,704.79,1.63,2.8,129.0,4,0.009
H1,-378.7,-211.15,107.9081369,-7.1881036,704.71,1.81,3.2,126.2,3,0.007
H1,-373.96,-211.15,107.9081799,-7.1881036,704.56,1.96,3.4,122.6,3,0.007
H1,-369.22,-211.15,107.9082228,-7.1881036,704.39,2.09,3.7,118.1,2,0.004
H1,-364.48,-211.15,107.9082657,-7.1881036,704.21,2.24,3.9,113.3,1,0.002
H1,-359.74,-211.15,107.9083086,-7.1881036,704.04,2.41,4.2,108.8,1,0.002
H1,-355.0,-211.15,107.9083515,-7.1881036,703.81,2.58,4.5,105.2,2,0.004
H1,-350.26,-211.15,107.9083944,-7.1881036,703.56,2.73,4.8,102.6,3,0.007
H1,-345.52,-211.15,107.9084374,-7.1881036,703.31,2.81,4.9,100.8,4,0.009
H1,-340.78,-211.15,107.9084803,-7.1881036,703.06,2.8,4.9,99.6,5,0.011
H1,-336.04,-211.15,107.9085232,-7.1881036,702.81,2.68,4.7,98.4,6,0.013
H1,-331.3,-211.15,107.9085661,-7.1881036,702.56,2.44,4.3,97.0,7,0.016
H1,-326.56,-211.15,107.908609,-7.1881036,702.31,2.09,3.7,94.8,8,0.018
H1,-321.82,-211.15,107.9086519,-7.1881036,702.06,1.66,2.9,90.8,9,0.02
H1,-317.08,-211.15,107.9086948,-7.1881036,702.0,1.2,2.1,82.5,10,0.022
H1,-312.34,-211.15,107.9087378,-7.1881036,702.0,0.78,1.4,62.6,1,0.002
H1,-307.6,-211.15,107.9087807,-7.1881036,702.0,0.63,1.1,20.8,1134,2.548
H1,-302.86,-211.15,107.9088236,-7.1881036,702.0,0.85,1.5,346.1,5,0.011
H1,-298.12,-211.15,107.9088665,-7.1881036,702.05,1.21,2.1,332.1,3,0.007
H1,-293.38,-211.15,107.9089094,-7.1881036,702.13,1.55,2.7,326.9,3,0.007
H1,-288.64,-211.15,107.9089523,-7.1881036,702.21,1.83,3.2,325.2,3,0.007
H1,-283.9,-211.15,107.9089953,-7.1881036,702.28,2.02,3.5,325.2,3,0.007
H1,-279.16,-211.15,107.9090382,-7.1881036,702.43,2.12,3.7,326.3,3,0.007
H1,-274.42,-211.15,107.9090811,-7.1881036,702.6,2.12,3.7,328.0,4,0.009
H1,-269.68,-211.15,107.909124,-7.1881036,702.78,2.05,3.6,330.4,4,0.009
H1,-264.94,-211.15,107.9091669,-7.1881036,702.95,1.91,3.3,333.2,3,0.007
H1,-260.2,-211.15,107.9092098,-7.1881036,703.0,1.74,3.0,336.7,3,0.007
H1,-255.46,-211.15,107.9092527,-7.1881036,703.0,1.54,2.7,341.3,1,0.002
H1,-250.72,-211.15,107.9092957,-7.1881036,703.0,1.34,2.3,348.5,2,0.004
H1,-208.06,-211.15,107.9096819,-7.1881036,701.15,5.15,9.0,94.8,6,0.013
H1,-203.32,-211.15,107.9097248,-7.1881036,700.66,5.35,9.4,97.6,7,0.016
H1,-198.58,-211.15,107.9097677,-7.1881036,700.16,5.38,9.4,100.6,8,0.018
H1,-193.84,-211.15,107.9098106,-7.1881036,699.66,5.3,9.3,104.1,9,0.02
H1,-189.1,-211.15,107.9098536,-7.1881036,699.16,5.15,9.0,108.3,10,0.022
H1,-184.36,-211.15,107.9098965,-7.1881036,698.78,4.96,8.7,113.5,10,0.022
H1,-179.62,-211.15,107.9099394,-7.1881036,698.45,4.74,8.3,119.9,10,0.022
H1,-174.88,-211.15,107.9099823,-7.1881036,698.13,4.53,7.9,127.9,22,0.049
H1,-170.14,-211.15,107.9100252,-7.1881036,697.8,4.36,7.6,137.6,16,0.036
H1,-165.4,-211.15,107.9100681,-7.1881036,697.65,4.27,7.5,148.7,15,0.034
H1,-160.66,-211.15,107.9101111,-7.1881036,697.57,4.3,7.5,160.7,3074,6.906
H1,-155.92,-211.15,107.910154,-7.1881036,697.5,4.46,7.8,172.4,18,0.04
H1,-151.18,-211.15,107.9101969,-7.1881036,697.43,4.72,8.3,182.5,16,0.036
H1,-146.44,-211.15,107.9102398,-7.1881036,697.57,5.02,8.8,190.5,31,0.07
H1,-108.52,-211.15,107.9105831,-7.1881036,698.59,2.62,4.6,172.0,2,0.004
H1,-103.78,-211.15,107.910626,-7.1881036,698.41,2.18,3.8,159.8,1,0.002
H1,-99.04,-211.15,107.910669,-7.1881036,698.24,1.81,3.2,147.7,4,0.009
H1,-94.3,-211.15,107.9107119,-7.1881036,698.06,1.47,2.6,136.9,7,0.016
H1,-89.56,-211.15,107.9107548,-7.1881036,698.0,1.13,2.0,127.1,1,0.002
H1,-84.82,-211.15,107.9107977,-7.1881036,698.0,0.79,1.4,116.0,1,0.002
H1,-80.08,-211.15,107.9108406,-7.1881036,698.0,0.5,0.9,97.5,1,0.002
H1,-75.34,-211.15,107.9108835,-7.1881036,698.0,0.35,0.6,60.5,1,0.002
H1,-70.6,-211.15,107.9109264,-7.1881036,698.0,0.4,0.7,22.0,1,0.002
H1,-65.86,-211.15,107.9109694,-7.1881036,698.0,0.55,1.0,5.9,1,0.002
H1,-392.92,-215.86,107.9080082,-7.1881462,704.92,1.4,2.4,141.4,2,0.004
H1,-388.18,-215.86,107.9080511,-7.1881462,704.68,1.64,2.9,136.0,3,0.007
H1,-383.44,-215.86,107.908094,-7.1881462,704.44,1.82,3.2,133.1,4,0.009
H1,-378.7,-215.86,107.9081369,-7.1881462,704.25,1.95,3.4,130.8,5,0.011
H1,-373.96,-215.86,107.9081799,-7.1881462,704.16,2.05,3.6,128.1,4,0.009
H1,-369.22,-215.86,107.9082228,-7.1881462,704.14,2.15,3.7,124.5,4,0.009
H1,-364.48,-215.86,107.9082657,-7.1881462,704.14,2.27,4.0,120.3,3,0.007
H1,-359.74,-215.86,107.9083086,-7.1881462,704.1,2.43,4.2,116.1,2,0.004
H1,-355.0,-215.86,107.9083515,-7.1881462,703.98,2.6,4.5,112.5,1,0.002
H1,-350.26,-215.86,107.9083944,-7.1881462,703.77,2.75,4.8,109.7,1,0.002
H1,-345.52,-215.86,107.9084374,-7.1881462,703.5,2.82,4.9,107.5,2,0.004
H1,-340.78,-215.86,107.9084803,-7.1881462,703.18,2.79,4.9,105.8,3,0.007
H1,-336.04,-215.86,107.9085232,-7.1881462,702.86,2.63,4.6,104.3,4,0.009
H1,-331.3,-215.86,107.9085661,-7.1881462,702.54,2.36,4.1,102.6,5,0.011
H1,-326.56,-215.86,107.908609,-7.1881462,702.26,1.97,3.4,100.4,6,0.013
H1,-321.82,-215.86,107.9086519,-7.1881462,702.04,1.51,2.6,97.0,7,0.016
H1,-317.08,-215.86,107.9086948,-7.1881462,701.9,1.0,1.8,90.4,8,0.018
H1,-312.34,-215.86,107.9087378,-7.1881462,701.86,0.53,0.9,71.2,9,0.02
H1,-307.6,-215.86,107.9087807,-7.1881462,701.9,0.35,0.6,2.8,1124,2.525
H1,-302.86,-215.86,107.9088236,-7.1881462,702.02,0.66,1.2,321.3,2,0.004
H1,-298.12,-215.86,107.9088665,-7.1881462,702.2,1.03,1.8,311.7,2,0.004
H1,-293.38,-215.86,107.9089094,-7.1881462,702.43,1.34,2.3,309.2,2,0.004
H1,-288.64,-215.86,107.9089523,-7.1881462,702.66,1.55,2.7,309.4,2,0.004
H1,-283.9,-215.86,107.9089953,-7.1881462,702.88,1.67,2.9,310.9,2,0.004
H1,-279.16,-215.86,107.9090382,-7.1881462,703.02,1.69,3.0,313.3,2,0.004
H1,-274.42,-215.86,107.9090811,-7.1881462,703.11,1.64,2.9,316.6,2,0.004
H1,-269.68,-215.86,107.909124,-7.1881462,703.15,1.52,2.7,320.6,3,0.007
H1,-264.94,-215.86,107.9091669,-7.1881462,703.14,1.36,2.4,325.5,3,0.007
H1,-260.2,-215.86,107.9092098,-7.1881462,703.1,1.19,2.1,331.2,2,0.004
H1,-203.32,-215.86,107.9097248,-7.1881462,700.71,5.63,9.9,100.4,8,0.018
H1,-198.58,-215.86,107.9097677,-7.1881462,700.16,5.68,9.9,102.5,9,0.02
H1,-193.84,-215.86,107.9098106,-7.1881462,699.64,5.62,9.8,105.2,10,0.022
H1,-189.1,-215.86,107.9098536,-7.1881462,699.16,5.49,9.6,108.5,11,0.025
H1,-184.36,-215.86,107.9098965,-7.1881462,698.69,5.32,9.3,112.8,11,0.025
H1,-179.62,-215.86,107.9099394,-7.1881462,698.24,5.12,9.0,118.3,11,0.025
H1,-174.88,-215.86,107.9099823,-7.1881462,697.81,4.9,8.6,125.2,11,0.025
H1,-170.14,-215.86,107.9100252,-7.1881462,697.41,4.68,8.2,133.8,23,0.052
H1,-165.4,-215.86,107.9100681,-7.1881462,697.06,4.53,7.9,144.2,17,0.038
H1,-160.66,-215.86,107.9101111,-7.1881462,696.76,4.47,7.8,156.0,3090,6.942
H1,-89.56,-215.86,107.9107548,-7.1881462,698.02,1.27,2.2,153.6,8,0.018
H1,-84.82,-215.86,107.9107977,-7.1881462,698.03,0.96,1.7,153.5,2,0.004
H1,-80.08,-215.86,107.9108406,-7.1881462,698.06,0.67,1.2,157.6,2,0.004
H1,-75.34,-215.86,107.9108835,-7.1881462,698.09,0.41,0.7,167.5,1,0.002
H1,-70.6,-215.86,107.9109264,-7.1881462,698.08,0.2,0.3,191.6,1,0.002
H1,-392.92,-220.57,107.9080082,-7.1881888,704.84,1.67,2.9,145.6,3,0.007
H1,-388.18,-220.57,107.9080511,-7.1881888,704.55,1.84,3.2,139.7,3,0.007
H1,-383.44,-220.57,107.908094,-7.1881888,704.27,1.97,3.4,136.2,4,0.009
H1,-378.7,-220.57,107.9081369,-7.1881888,704.05,2.06,3.6,133.9,5,0.011
H1,-373.96,-220.57,107.9081799,-7.1881888,703.97,2.14,3.7,131.8,6,0.013
H1,-369.22,-220.57,107.9082228,-7.1881888,703.99,2.23,3.9,129.3,5,0.011
H1,-364.48,-220.57,107.9082657,-7.1881888,704.04,2.37,4.1,126.2,5,0.011
H1,-359.74,-220.57,107.9083086,-7.1881888,704.04,2.54,4.4,122.9,4,0.009
H1,-355.0,-220.57,107.9083515,-7.1881888,703.93,2.7,4.7,119.8,3,0.007
H1,-350.26,-220.57,107.9083944,-7.1881888,703.71,2.83,4.9,117.2,2,0.004
H1,-345.52,-220.57,107.9084374,-7.1881888,703.43,2.86,5.0,114.9,1,0.002
H1,-340.78,-220.57,107.9084803,-7.1881888,703.11,2.78,4.9,112.9,1,0.002
H1,-336.04,-220.57,107.9085232,-7.1881888,702.79,2.58,4.5,111.0,1,0.002
H1,-331.3,-220.57,107.9085661,-7.1881888,702.5,2.25,3.9,108.9,2,0.004
H1,-326.56,-220.57,107.908609,-7.1881888,702.25,1.83,3.2,106.6,3,0.007
H1,-321.82,-220.57,107.9086519,-7.1881888,702.04,1.35,2.4,103.8,4,0.009
H1,-317.08,-220.57,107.9086948,-7.1881888,701.9,0.85,1.5,99.7,5,0.011
H1,-312.34,-220.57,107.9087378,-7.1881888,701.83,0.34,0.6,88.3,6,0.013
H1,-307.6,-220.57,107.9087807,-7.1881888,701.85,0.18,0.3,316.9,1116,2.507
H1,-302.86,-220.57,107.9088236,-7.1881888,701.96,0.59,1.0,293.2,1,0.002
H1,-298.12,-220.57,107.9088665,-7.1881888,702.17,0.95,1.7,289.5,1,0.002
H1,-293.38,-220.57,107.9089094,-7.1881888,702.45,1.21,2.1,288.7,1,0.002
H1,-288.64,-220.57,107.9089523,-7.1881888,702.73,1.37,2.4,289.3,1,0.002
H1,-283.9,-220.57,107.9089953,-7.1881888,702.96,1.42,2.5,290.9,1,0.002
H1,-279.16,-220.57,107.9090382,-7.1881888,703.09,1.39,2.4,293.6,1,0.002
H1,-274.42,-220.57,107.9090811,-7.1881888,703.12,1.28,2.2,297.4,1,0.002
H1,-269.68,-220.57,107.909124,-7.1881888,703.09,1.12,2.0,302.6,1,0.002
H1,-203.32,-220.57,107.9097248,-7.1881888,700.65,5.87,10.3,103.5,9,0.02
H1,-198.58,-220.57,107.9097677,-7.1881888,700.14,5.94,10.4,105.0,10,0.022
H1,-193.84,-220.57,107.9098106,-7.1881888,699.65,5.91,10.3,106.9,11,0.025
H1,-189.1,-220.57,107.9098536,-7.1881888,699.17,5.81,10.2,109.5,12,0.027
H1,-184.36,-220.57,107.9098965,-7.1881888,698.67,5.67,9.9,112.9,12,0.027
H1,-179.62,-220.57,107.9099394,-7.1881888,698.16,5.48,9.6,117.4,12,0.027
H1,-174.88,-220.57,107.9099823,-7.1881888,697.66,5.24,9.2,123.1,12,0.027
H1,-75.34,-220.57,107.9108835,-7.1881888,698.02,1.13,2.0,186.3,2,0.004
H1,-70.6,-220.57,107.9109264,-7.1881888,698.01,0.93,1.6,196.1,3,0.007
H1,-392.92,-225.28,107.9080082,-7.1882314,704.71,1.9,3.3,150.2,2,0.004
H1,-388.18,-225.28,107.9080511,-7.1882314,704.45,2.0,3.5,143.8,4,0.009
H1,-383.44,-225.28,107.908094,-7.1882314,704.19,2.08,3.6,139.4,4,0.009
H1,-378.7,-225.28,107.9081369,-7.1882314,703.99,2.15,3.8,136.6,5,0.011
H1,-373.96,-225.28,107.9081799,-7.1882314,703.91,2.24,3.9,134.5,6,0.013
H1,-369.22,-225.28,107.9082228,-7.1882314,703.91,2.37,4.1,132.5,7,0.016
H1,-364.48,-225.28,107.9082657,-7.1882314,703.93,2.53,4.4,130.5,6,0.013
H1,-359.74,-225.28,107.9083086,-7.1882314,703.89,2.71,4.7,128.2,6,0.013
H1,-355.0,-225.28,107.9083515,-7.1882314,703.75,2.86,5.0,126.0,5,0.011
H1,-350.26,-225.28,107.9083944,-7.1882314,703.51,2.95,5.1,123.8,4,0.009
H1,-345.52,-225.28,107.9084374,-7.1882314,703.21,2.92,5.1,121.8,3,0.007
H1,-340.78,-225.28,107.9084803,-7.1882314,702.91,2.76,4.8,119.8,2,0.004
H1,-336.04,-225.28,107.9085232,-7.1882314,702.62,2.49,4.3,117.7,2,0.004
H1,-331.3,-225.28,107.9085661,-7.1882314,702.39,2.11,3.7,115.5,1,0.002
H1,-326.56,-225.28,107.908609,-7.1882314,702.2,1.67,2.9,113.2,2,0.004
H1,-321.82,-225.28,107.9086519,-7.1882314,702.04,1.19,2.1,110.8,3,0.007
H1,-317.08,-225.28,107.9086948,-7.1882314,701.93,0.71,1.2,109.3,4,0.009
H1,-312.34,-225.28,107.9087378,-7.1882314,701.86,0.24,0.4,113.8,5,0.011
H1,-307.6,-225.28,107.9087807,-7.1882314,701.86,0.21,0.4,265.2,1110,2.494
H1,-302.86,-225.28,107.9088236,-7.1882314,701.95,0.6,1.0,271.9,9,0.02
H1,-298.12,-225.28,107.9088665,-7.1882314,702.12,0.93,1.6,271.7,8,0.018
H1,-293.38,-225.28,107.9089094,-7.1882314,702.36,1.17,2.0,271.1,7,0.016
H1,-288.64,-225.28,107.9089523,-7.1882314,702.61,1.32,2.3,271.0,6,0.013
H1,-283.9,-225.28,107.9089953,-7.1882314,702.82,1.37,2.4,271.6,5,0.011
H1,-279.16,-225.28,107.9090382,-7.1882314,702.95,1.31,2.3,273.1,4,0.009
H1,-203.32,-225.28,107.9097248,-7.1882314,700.47,6.08,10.7,106.2,7,0.016
H1,-198.58,-225.28,107.9097677,-7.1882314,699.99,6.16,10.8,107.3,8,0.018
H1,-193.84,-225.28,107.9098106,-7.1882314,699.53,6.16,10.8,108.8,9,0.02
H1,-392.92,-229.98,107.9080082,-7.1882739,704.54,2.1,3.7,154.7,2,0.004
H1,-388.18,-229.98,107.9080511,-7.1882739,704.36,2.14,3.7,148.3,3,0.007
H1,-383.44,-229.98,107.908094,-7.1882739,704.18,2.18,3.8,143.2,5,0.011
H1,-378.7,-229.98,107.9081369,-7.1882739,704.02,2.26,3.9,139.4,5,0.011
H1,-373.96,-229.98,107.9081799,-7.1882739,703.92,2.37,4.1,136.6,6,0.013
H1,-369.22,-229.98,107.9082228,-7.1882739,703.86,2.54,4.4,134.7,7,0.016
H1,-364.48,-229.98,107.9082657,-7.1882739,703.8,2.73,4.8,133.2,8,0.018
H1,-359.74,-229.98,107.9083086,-7.1882739,703.68,2.91,5.1,131.7,7,0.016
H1,-355.0,-229.98,107.9083515,-7.1882739,703.48,3.02,5.3,130.3,7,0.016
H1,-350.26,-229.98,107.9083944,-7.1882739,703.2,3.04,5.3,128.8,6,0.013
H1,-345.52,-229.98,107.9084374,-7.1882739,702.9,2.93,5.1,127.2,5,0.011
H1,-340.78,-229.98,107.9084803,-7.1882739,702.61,2.69,4.7,125.6,4,0.009
H1,-336.04,-229.98,107.9085232,-7.1882739,702.39,2.33,4.1,123.7,3,0.007
H1,-331.3,-229.98,107.9085661,-7.1882739,702.23,1.91,3.3,121.6,3,0.007
H1,-326.56,-229.98,107.908609,-7.1882739,702.11,1.46,2.5,119.4,1,0.002
H1,-321.82,-229.98,107.9086519,-7.1882739,702.03,1.01,1.8,117.4,1,0.002
H1,-317.08,-229.98,107.9086948,-7.1882739,701.97,0.58,1.0,117.9,2,0.004
H1,-312.34,-229.98,107.9087378,-7.1882739,701.93,0.19,0.3,138.8,965,2.168
H1,-298.12,-229.98,107.9088665,-7.1882739,702.06,0.9,1.6,262.3,10,0.022
H1,-293.38,-229.98,107.9089094,-7.1882739,702.2,1.15,2.0,261.7,9,0.02
H1,-283.9,-229.98,107.9089953,-7.1882739,702.53,1.39,2.4,261.3,7,0.016
H1,-392.92,-234.69,107.9080082,-7.1883165,704.33,2.25,3.9,158.3,1,0.002
H1,-388.18,-234.69,107.9080511,-7.1883165,704.26,2.26,3.9,152.7,3,0.007
H1,-383.44,-234.69,107.908094,-7.1883165,704.17,2.29,4.0,147.1,4,0.009
H1,-378.7,-234.69,107.9081369,-7.1883165,704.06,2.38,4.2,142.3,6,0.013
H1,-373.96,-234.69,107.9081799,-7.1883165,703.95,2.53,4.4,138.6,6,0.013
H1,-369.22,-234.69,107.9082228,-7.1883165,703.81,2.72,4.8,136.2,7,0.016
H1,-350.26,-234.69,107.9083944,-7.1883165,702.85,3.05,5.3,132.0,8,0.018
H1,-345.52,-234.69,107.9084374,-7.1883165,702.56,2.84,5.0,131.0,7,0.016
H1,-340.78,-234.69,107.9084803,-7.1883165,702.31,2.51,4.4,129.9,6,0.013
H1,-336.04,-234.69,107.9085232,-7.1883165,702.15,2.09,3.7,128.4,5,0.011
H1,-331.3,-234.69,107.9085661,-7.1883165,702.06,1.65,2.9,126.6,4,0.009
H1,-326.56,-234.69,107.908609,-7.1883165,702.03,1.2,2.1,124.5,4,0.009
H1,-321.82,-234.69,107.9086519,-7.1883165,702.02,0.79,1.4,122.7,2,0.004
H1,-317.08,-234.69,107.9086948,-7.1883165,702.01,0.43,0.7,124.4,944,2.121
H1,-312.34,-234.69,107.9087378,-7.1883165,702.0,0.13,0.2,161.0,18,0.04
H1,-307.6,-234.69,107.9087807,-7.1883165,702.0,0.27,0.5,255.4,123,0.276
H1,-302.86,-234.69,107.9088236,-7.1883165,702.0,0.57,1.0,263.3,11,0.025
H1,-298.12,-234.69,107.9088665,-7.1883165,702.0,0.85,1.5,263.5,10,0.022
H1,-293.38,-234.69,107.9089094,-7.1883165,702.04,1.1,1.9,262.7,9,0.02
H1,-288.64,-234.69,107.9089523,-7.1883165,702.1,1.29,2.2,262.2,8,0.018
H1,-283.9,-234.69,107.9089953,-7.1883165,702.21,1.39,2.4,262.3,7,0.016
H1,-383.44,-239.4,107.908094,-7.1883591,704.11,2.39,4.2,150.4,4,0.009
H1,-378.7,-239.4,107.9081369,-7.1883591,704.04,2.5,4.4,144.8,5,0.011
H1,-373.96,-239.4,107.9081799,-7.1883591,703.91,2.68,4.7,140.3,7,0.016
H1,-369.22,-239.4,107.9082228,-7.1883591,703.7,2.88,5.0,137.2,7,0.016
H1,-364.48,-239.4,107.9082657,-7.1883591,703.43,3.06,5.3,135.5,8,0.018
H1,-359.74,-239.4,107.9083086,-7.1883591,703.14,3.14,5.5,134.6,9,0.02
H1,-355.0,-239.4,107.9083515,-7.1883591,702.82,3.1,5.4,134.2,10,0.022
H1,-350.26,-239.4,107.9083944,-7.1883591,702.52,2.92,5.1,133.8,9,0.02
H1,-345.52,-239.4,107.9084374,-7.1883591,702.27,2.61,4.6,133.4,9,0.02
H1,-340.78,-239.4,107.9084803,-7.1883591,702.07,2.21,3.9,132.7,8,0.018
H1,-336.04,-239.4,107.9085232,-7.1883591,701.96,1.76,3.1,131.6,7,0.016
H1,-331.3,-239.4,107.9085661,-7.1883591,701.93,1.31,2.3,129.9,6,0.013
H1,-326.56,-239.4,107.908609,-7.1883591,701.95,0.9,1.6,127.5,5,0.011
H1,-321.82,-239.4,107.9086519,-7.1883591,702.0,0.55,1.0,124.7,10,0.022
H1,-317.08,-239.4,107.9086948,-7.1883591,702.03,0.24,0.4,124.0,941,2.114
H1,-307.6,-239.4,107.9087807,-7.1883591,702.04,0.3,0.5,279.3,111,0.249
H1,-302.86,-239.4,107.9088236,-7.1883591,702.01,0.57,1.0,278.4,11,0.025
H1,-298.12,-239.4,107.9088665,-7.1883591,701.96,0.83,1.4,276.6,10,0.022
H1,-293.38,-239.4,107.9089094,-7.1883591,701.92,1.07,1.9,275.2,9,0.02
H1,-288.64,-239.4,107.9089523,-7.1883591,701.91,1.26,2.2,274.3,8,0.018
H1,-283.9,-239.4,107.9089953,-7.1883591,701.98,1.38,2.4,273.7,7,0.016
H1,-383.44,-244.11,107.908094,-7.1884017,703.93,2.45,4.3,152.1,2,0.004
H1,-378.7,-244.11,107.9081369,-7.1884017,703.89,2.58,4.5,146.2,5,0.011
H1,-373.96,-244.11,107.9081799,-7.1884017,703.74,2.77,4.8,141.1,6,0.013
H1,-369.22,-244.11,107.9082228,-7.1884017,703.48,2.96,5.2,137.5,8,0.018
H1,-364.48,-244.11,107.9082657,-7.1884017,703.17,3.09,5.4,135.5,8,0.018
H1,-359.74,-244.11,107.9083086,-7.1884017,702.84,3.1,5.4,134.6,9,0.02
H1,-355.0,-244.11,107.9083515,-7.1884017,702.54,2.95,5.2,134.5,10,0.022
H1,-350.26,-244.11,107.9083944,-7.1884017,702.29,2.67,4.7,134.6,11,0.025
H1,-345.52,-244.11,107.9084374,-7.1884017,702.09,2.27,4.0,134.7,10,0.022
H1,-340.78,-244.11,107.9084803,-7.1884017,701.95,1.81,3.2,134.3,10,0.022
H1,-336.04,-244.11,107.9085232,-7.1884017,701.89,1.35,2.4,133.2,9,0.02
H1,-331.3,-244.11,107.9085661,-7.1884017,701.89,0.92,1.6,130.5,8,0.018
H1,-326.56,-244.11,107.908609,-7.1884017,701.92,0.56,1.0,125.1,15,0.034
H1,-321.82,-244.11,107.9086519,-7.1884017,701.96,0.27,0.5,112.7,913,2.051
H1,-317.08,-244.11,107.9086948,-7.1884017,702.0,0.08,0.1,46.1,17,0.038
H1,-307.6,-244.11,107.9087807,-7.1884017,702.02,0.46,0.8,306.4,99,0.222
H1,-302.86,-244.11,107.9088236,-7.1884017,702.0,0.7,1.2,300.0,40,0.09
H1,-298.12,-244.11,107.9088665,-7.1884017,701.95,0.96,1.7,296.4,32,0.072
H1,-293.38,-244.11,107.9089094,-7.1884017,701.91,1.19,2.1,294.3,27,0.061
H1,-288.64,-244.11,107.9089523,-7.1884017,701.9,1.38,2.4,292.8,21,0.047
H1,-283.9,-244.11,107.9089953,-7.1884017,701.98,1.47,2.6,291.5,17,0.038
H1,-383.44,-248.82,107.908094,-7.1884442,703.66,2.4,4.2,151.7,2,0.004
H1,-378.7,-248.82,107.9081369,-7.1884442,703.63,2.55,4.5,145.8,3,0.007
H1,-373.96,-248.82,107.9081799,-7.1884442,703.47,2.74,4.8,140.4,6,0.013
H1,-369.22,-248.82,107.9082228,-7.1884442,703.2,2.91,5.1,136.5,7,0.016
H1,-364.48,-248.82,107.9082657,-7.1884442,702.88,2.98,5.2,134.3,9,0.02
H1,-359.74,-248.82,107.9083086,-7.1884442,702.56,2.91,5.1,133.6,9,0.02
H1,-355.0,-248.82,107.9083515,-7.1884442,702.31,2.66,4.7,133.8,10,0.022
H1,-350.26,-248.82,107.9083944,-7.1884442,702.12,2.29,4.0,134.4,11,0.025
H1,-345.52,-248.82,107.9084374,-7.1884442,702.0,1.83,3.2,134.9,12,0.027
H1,-340.78,-248.82,107.9084803,-7.1884442,701.94,1.34,2.3,134.7,11,0.025
H1,-336.04,-248.82,107.9085232,-7.1884442,701.91,0.88,1.5,132.3,11,0.025
H1,-331.3,-248.82,107.9085661,-7.1884442,701.91,0.49,0.9,123.9,21,0.047
H1,-326.56,-248.82,107.908609,-7.1884442,701.92,0.22,0.4,92.7,880,1.977
H1,-321.82,-248.82,107.9086519,-7.1884442,701.94,0.21,0.4,19.9,17,0.038
H1,-317.08,-248.82,107.9086948,-7.1884442,701.95,0.36,0.6,347.0,16,0.036
H1,-307.6,-248.82,107.9087807,-7.1884442,701.96,0.76,1.3,321.6,53,0.119
H1,-302.86,-248.82,107.9088236,-7.1884442,701.96,1.02,1.8,315.3,5,0.011
H1,-298.12,-248.82,107.9088665,-7.1884442,701.97,1.29,2.2,311.6,7,0.016
H1,-293.38,-248.82,107.9089094,-7.1884442,702.0,1.52,2.7,309.8,4,0.009
H1,-288.64,-248.82,107.9089523,-7.1884442,702.06,1.67,2.9,308.7,5,0.011
H1,-283.9,-248.82,107.9089953,-7.1884442,702.17,1.71,3.0,307.9,3,0.007
H1,-279.16,-248.82,107.9090382,-7.1884442,702.34,1.62,2.8,306.9,4,0.009
H1,-383.44,-253.53,107.908094,-7.1884868,703.36,2.2,3.8,148.4,2,0.004
H1,-378.7,-253.53,107.9081369,-7.1884868,703.34,2.37,4.1,142.7,3,0.007
H1,-373.96,-253.53,107.9081799,-7.1884868,703.17,2.56,4.5,137.2,4,0.009
H1,-369.22,-253.53,107.9082228,-7.1884868,702.9,2.71,4.7,133.2,7,0.016
H1,-364.48,-253.53,107.9082657,-7.1884868,702.59,2.73,4.8,131.1,8,0.018
H1,-359.74,-253.53,107.9083086,-7.1884868,702.3,2.58,4.5,130.5,10,0.022
H1,-355.0,-253.53,107.9083515,-7.1884868,702.11,2.26,3.9,131.1,10,0.022
H1,-321.82,-253.53,107.9086519,-7.1884868,701.95,0.6,1.1,349.6,16,0.036
H1,-317.08,-253.53,107.9086948,-7.1884868,701.92,0.79,1.4,343.4,15,0.034
H1,-312.34,-253.53,107.9087378,-7.1884868,701.89,0.98,1.7,336.4,14,0.031
H1,-307.6,-253.53,107.9087807,-7.1884868,701.89,1.2,2.1,329.3,45,0.101
H1,-302.86,-253.53,107.9088236,-7.1884868,701.93,1.46,2.6,323.7,7,0.016
H1,-298.12,-253.53,107.9088665,-7.1884868,702.02,1.73,3.0,320.3,4,0.009
H1,-293.38,-253.53,107.9089094,-7.1884868,702.16,1.95,3.4,318.9,6,0.013
H1,-288.64,-253.53,107.9089523,-7.1884868,702.33,2.05,3.6,318.9,3,0.007
H1,-283.9,-253.53,107.9089953,-7.1884868,702.49,2.0,3.5,319.6,4,0.009
H1,-279.16,-253.53,107.9090382,-7.1884868,702.64,1.79,3.1,320.5,2,0.004
H1,-383.44,-258.24,107.908094,-7.1885294,703.1,1.87,3.3,140.6,10,0.022
H1,-378.7,-258.24,107.9081369,-7.1885294,703.07,2.04,3.6,135.2,3,0.007
H1,-373.96,-258.24,107.9081799,-7.1885294,702.91,2.24,3.9,129.8,4,0.009
H1,-369.22,-258.24,107.9082228,-7.1885294,702.64,2.37,4.1,125.9,5,0.011
H1,-364.48,-258.24,107.9082657,-7.1885294,702.34,2.35,4.1,123.8,8,0.018
H1,-359.74,-258.24,107.9083086,-7.1885294,702.09,2.14,3.7,123.1,9,0.02
H1,-355.0,-258.24,107.9083515,-7.1885294,701.95,1.77,3.1,123.6,20,0.045
H1,-345.52,-258.24,107.9084374,-7.1885294,701.94,0.74,1.3,123.7,43,0.097
H1,-340.78,-258.24,107.9084803,-7.1885294,701.99,0.26,0.5,106.5,764,1.716
H1,-336.04,-258.24,107.9085232,-7.1885294,702.03,0.27,0.5,356.6,797,1.791
H1,-331.3,-258.24,107.9085661,-7.1885294,702.04,0.62,1.1,343.7,18,0.04
H1,-326.56,-258.24,107.908609,-7.1885294,702.03,0.91,1.6,344.0,16,0.036
H1,-321.82,-258.24,107.9086519,-7.1885294,701.99,1.14,2.0,344.7,15,0.034
H1,-317.08,-258.24,107.9086948,-7.1885294,701.94,1.33,2.3,343.3,14,0.031
H1,-312.34,-258.24,107.9087378,-7.1885294,701.89,1.52,2.7,339.4,13,0.029
H1,-307.6,-258.24,107.9087807,-7.1885294,701.88,1.73,3.0,334.0,36,0.081
H1,-302.86,-258.24,107.9088236,-7.1885294,701.95,1.98,3.5,329.0,8,0.018
H1,-298.12,-258.24,107.9088665,-7.1885294,702.12,2.21,3.9,325.6,6,0.013
H1,-293.38,-258.24,107.9089094,-7.1885294,702.38,2.36,4.1,324.4,3,0.007
H1,-288.64,-258.24,107.9089523,-7.1885294,702.64,2.37,4.1,325.2,5,0.011
H1,-283.9,-258.24,107.9089953,-7.1885294,702.87,2.21,3.9,327.6,2,0.004
H1,-279.16,-258.24,107.9090382,-7.1885294,703.0,1.89,3.3,331.4,3,0.007
H1,-383.44,-262.95,107.908094,-7.188572,702.93,1.47,2.6,124.6,16,0.036
H1,-378.7,-262.95,107.9081369,-7.188572,702.9,1.65,2.9,120.0,27,0.061
H1,-373.96,-262.95,107.9081799,-7.188572,702.73,1.86,3.2,115.2,31,0.07
H1,-369.22,-262.95,107.9082228,-7.188572,702.46,1.99,3.5,111.4,36,0.081
H1,-364.48,-262.95,107.9082657,-7.188572,702.16,1.95,3.4,108.8,42,0.094
H1,-359.74,-262.95,107.9083086,-7.188572,701.92,1.7,3.0,106.8,51,0.115
H1,-355.0,-262.95,107.9083515,-7.188572,701.79,1.29,2.3,104.0,52,0.117
H1,-350.26,-262.95,107.9083944,-7.188572,701.79,0.78,1.4,96.1,53,0.119
H1,-345.52,-262.95,107.9084374,-7.188572,701.85,0.36,0.6,58.0,708,1.591
H1,-340.78,-262.95,107.9084803,-7.188572,701.95,0.51,0.9,350.4,14,0.031
H1,-336.04,-262.95,107.9085232,-7.188572,702.04,0.9,1.6,337.3,18,0.04
H1,-331.3,-262.95,107.9085661,-7.188572,702.1,1.25,2.2,337.5,17,0.038
H1,-326.56,-262.95,107.908609,-7.188572,702.12,1.54,2.7,340.6,15,0.034
H1,-321.82,-262.95,107.9086519,-7.188572,702.11,1.78,3.1,343.2,14,0.031
H1,-317.08,-262.95,107.9086948,-7.188572,702.05,1.97,3.4,343.8,13,0.029
H1,-312.34,-262.95,107.9087378,-7.188572,701.98,2.15,3.8,341.7,12,0.027
H1,-307.6,-262.95,107.9087807,-7.188572,701.95,2.33,4.1,337.7,11,0.025
H1,-293.38,-262.95,107.9089094,-7.188572,702.61,2.7,4.7,328.7,5,0.011
H1,-288.64,-262.95,107.9089523,-7.188572,702.96,2.58,4.5,330.0,2,0.004
H1,-283.9,-262.95,107.9089953,-7.188572,703.23,2.3,4.0,334.2,4,0.009
H1,-383.44,-267.65,107.908094,-7.1886146,702.87,1.21,2.1,95.3,61,0.137
H1,-378.7,-267.65,107.9081369,-7.1886146,702.84,1.4,2.4,92.9,62,0.139
H1,-373.96,-267.65,107.9081799,-7.1886146,702.67,1.62,2.8,90.0,63,0.142
H1,-369.22,-267.65,107.9082228,-7.1886146,702.39,1.76,3.1,87.0,64,0.144
H1,-364.48,-267.65,107.9082657,-7.1886146,702.09,1.74,3.0,83.1,65,0.146
H1,-359.74,-267.65,107.9083086,-7.1886146,701.83,1.52,2.7,76.7,567,1.274
H1,-355.0,-267.65,107.9083515,-7.1886146,701.69,1.18,2.1,64.1,598,1.343
H1,-350.26,-267.65,107.9083944,-7.1886146,701.68,0.9,1.6,37.5,642,1.442
H1,-345.52,-267.65,107.9084374,-7.1886146,701.75,0.95,1.7,2.0,12,0.027
H1,-340.78,-267.65,107.9084803,-7.1886146,701.88,1.28,2.2,342.2,13,0.029
H1,-336.04,-267.65,107.9085232,-7.1886146,702.02,1.66,2.9,336.2,17,0.038
H1,-331.3,-267.65,107.9085661,-7.1886146,702.16,2.0,3.5,336.6,16,0.036
H1,-326.56,-267.65,107.908609,-7.1886146,702.26,2.27,4.0,339.6,14,0.031
H1,-321.82,-267.65,107.9086519,-7.1886146,702.29,2.5,4.4,342.7,13,0.029
H1,-317.08,-267.65,107.9086948,-7.1886146,702.25,2.69,4.7,344.3,12,0.027
H1,-312.34,-267.65,107.9087378,-7.1886146,702.17,2.84,5.0,343.7,11,0.025
H1,-307.6,-267.65,107.9087807,-7.1886146,702.13,2.95,5.1,341.0,10,0.022
H1,-388.18,-272.36,107.9080511,-7.1886571,702.85,1.24,2.2,62.6,150,0.337
H1,-383.44,-272.36,107.908094,-7.1886571,702.89,1.32,2.3,60.7,165,0.371
H1,-378.7,-272.36,107.9081369,-7.1886571,702.87,1.51,2.6,60.8,460,1.033
H1,-373.96,-272.36,107.9081799,-7.1886571,702.7,1.74,3.0,60.6,482,1.083
H1,-369.22,-272.36,107.9082228,-7.1886571,702.43,1.92,3.3,58.6,485,1.09
H1,-364.48,-272.36,107.9082657,-7.1886571,702.11,1.96,3.4,54.0,501,1.126
H1,-359.74,-272.36,107.9083086,-7.1886571,701.84,1.87,3.3,45.3,30,0.067
H1,-355.0,-272.36,107.9083515,-7.1886571,701.68,1.73,3.0,31.0,33,0.074
H1,-350.26,-272.36,107.9083944,-7.1886571,701.64,1.69,3.0,11.9,10,0.022
H1,-345.52,-272.36,107.9084374,-7.1886571,701.7,1.87,3.3,353.9,11,0.025
H1,-340.78,-272.36,107.9084803,-7.1886571,701.84,2.18,3.8,342.4,12,0.027
H1,-336.04,-272.36,107.9085232,-7.1886571,702.04,2.53,4.4,337.6,16,0.036
H1,-331.3,-272.36,107.9085661,-7.1886571,702.26,2.84,5.0,337.4,15,0.034
H1,-326.56,-272.36,107.908609,-7.1886571,702.44,3.09,5.4,339.7,13,0.029
H1,-321.82,-272.36,107.9086519,-7.1886571,702.55,3.29,5.7,342.8,12,0.027
H1,-317.08,-272.36,107.9086948,-7.1886571,702.55,3.43,6.0,345.1,11,0.025
H1,-312.34,-272.36,107.9087378,-7.1886571,702.47,3.52,6.1,345.7,10,0.022
H1,-307.6,-272.36,107.9087807,-7.1886571,702.42,3.53,6.2,344.4,9,0.02
H1,-388.18,-277.07,107.9080511,-7.1886997,702.97,1.57,2.7,39.7,14,0.031
H1,-383.44,-277.07,107.908094,-7.1886997,703.01,1.7,3.0,37.5,294,0.66
H1,-378.7,-277.07,107.9081369,-7.1886997,702.98,1.92,3.3,38.1,21,0.047
H1,-373.96,-277.07,107.9081799,-7.1886997,702.83,2.17,3.8,38.7,2,0.004
H1,-369.22,-277.07,107.9082228,-7.1886997,702.57,2.4,4.2,37.5,15,0.034
H1,-364.48,-277.07,107.9082657,-7.1886997,702.27,2.55,4.5,33.4,29,0.065
H1,-359.74,-277.07,107.9083086,-7.1886997,702.0,2.61,4.6,26.2,20,0.045
H1,-355.0,-277.07,107.9083515,-7.1886997,701.81,2.63,4.6,15.9,12,0.027
H1,-350.26,-277.07,107.9083944,-7.1886997,701.74,2.71,4.7,3.6,9,0.02
H1,-345.52,-277.07,107.9084374,-7.1886997,701.77,2.91,5.1,352.2,10,0.022
H1,-340.78,-277.07,107.9084803,-7.1886997,701.91,3.19,5.6,344.0,11,0.025
H1,-336.04,-277.07,107.9085232,-7.1886997,702.15,3.49,6.1,339.7,15,0.034
H1,-331.3,-277.07,107.9085661,-7.1886997,702.43,3.74,6.5,338.9,14,0.031
H1,-321.82,-277.07,107.9086519,-7.1886997,702.88,4.07,7.1,343.4,11,0.025
H1,-317.08,-277.07,107.9086948,-7.1886997,702.93,4.14,7.2,346.1,10,0.022
H1,-312.34,-277.07,107.9087378,-7.1886997,702.88,4.14,7.2,347.7,9,0.02
H1,-388.18,-281.78,107.9080511,-7.1887423,703.18,1.89,3.3,25.8,293,0.658
H1,-383.44,-281.78,107.908094,-7.1887423,703.2,2.1,3.7,23.7,20,0.045
H1,-378.7,-281.78,107.9081369,-7.1887423,703.17,2.37,4.1,24.1,1,0.002
H1,-373.96,-281.78,107.9081799,-7.1887423,703.04,2.68,4.7,24.7,14,0.031
H1,-369.22,-281.78,107.9082228,-7.1887423,702.81,2.99,5.2,23.8,28,0.063
H1,-364.48,-281.78,107.9082657,-7.1887423,702.55,3.25,5.7,20.8,7,0.016
H1,-359.74,-281.78,107.9083086,-7.1887423,702.3,3.45,6.0,15.5,12,0.027
H1,-355.0,-281.78,107.9083515,-7.1887423,702.12,3.61,6.3,8.3,11,0.025
H1,-350.26,-281.78,107.9083944,-7.1887423,702.02,3.78,6.6,360.0,8,0.018
H1,-345.52,-281.78,107.9084374,-7.1887423,702.02,3.99,7.0,352.0,9,0.02
H1,-340.78,-281.78,107.9084803,-7.1887423,702.15,4.23,7.4,345.7,10,0.022
H1,-336.04,-281.78,107.9085232,-7.1887423,702.39,4.46,7.8,341.9,14,0.031
H1,-331.3,-281.78,107.9085661,-7.1887423,702.71,4.64,8.1,340.7,13,0.029
