<?xml version="1.0" encoding="UTF-8"?>
<kml xmlns="http://www.opengis.net/kml/2.2"><Document><name>Leuwigoong</name><description><![CDATA[Sawah Kecamatan Leuwigoong dari BIG RBI 25K — baru bentuk dan luas. Poligon Agrikultur Sawah BIG RBI, dipotong ke kotak AOI. 42 objek, 4.221,71 ha. Warna mengikuti Luas (ha) (skala logaritmik). blok tutupan lahan BIG RBI 25K, bukan petak per pematang; 33 sawah tadah hujan · 9 sawah; dipotong ke kotak AOI (persegi, bukan batas kecamatan).]]></description><Style id='w0'><LineStyle><color>ffa57f41</color><width>1.2</width></LineStyle><PolyStyle><color>b4fbf7ee</color></PolyStyle></Style><Style id='w1'><LineStyle><color>ffa57f41</color><width>1.2</width></LineStyle><PolyStyle><color>b4f4e9d5</color></PolyStyle></Style><Style id='w2'><LineStyle><color>ffa57f41</color><width>1.2</width></LineStyle><PolyStyle><color>b4e9d5b3</color></PolyStyle></Style><Style id='w3'><LineStyle><color>ffa57f41</color><width>1.2</width></LineStyle><PolyStyle><color>b4dbbc8d</color></PolyStyle></Style><Style id='w4'><LineStyle><color>ffa57f41</color><width>1.2</width></LineStyle><PolyStyle><color>b4c9a368</color></PolyStyle></Style><Style id='w5'><LineStyle><color>ffa57f41</color><width>1.2</width></LineStyle><PolyStyle><color>b4a57f41</color></PolyStyle></Style><Placemark><name>LW-001</name><styleUrl>#w5</styleUrl><description><![CDATA[<table><tr><td>Luas</td><td align='right'><b>2.143,3332</b> ha</td></tr><tr><td>Luas</td><td align='right'><b>21.433.332</b> m²</td></tr><tr><td>Keliling</td><td align='right'><b>81.107</b> m</td></tr><tr><td>Jenis sawah</td><td align='right'><b>Sawah Tadah Hujan</b> </td></tr><tr><td>Lapisan BIG</td><td align='right'><b>Agrikultur Sawah</b> </td></tr><tr><td>Seri RBI</td><td align='right'><b>25K</b> </td></tr></table>]]></description><Polygon><tessellate>1</tessellate><outerBoundaryIs><LinearRing><coordinates>107.921330,-7.060000,0 107.921333,-7.060159,0 107.921524,-7.060428,0 107.921569,-7.060627,0 107.921542,-7.060835,0 107.921542,-7.060836,0 107.921400,-7.061190,0 107.921331,-7.061336,0 107.921320,-7.061638,0 107.920998,-7.061624,0 107.920819,-7.061666,0 107.920534,-7.061761,0 107.920137,-7.061894,0 107.919702,-7.062173,0 107.918461,-7.063449,0 107.918163,-7.063497,0 107.917907,-7.063542,0 107.917737,-7.063653,0 107.917637,-7.063813,0 107.917518,-7.063927,0 107.917270,-7.064040,0 107.916982,-7.064106,0 107.916806,-7.064218,0 107.916770,-7.064243,0 107.916655,-7.064324,0 107.916062,-7.064701,0 107.916031,-7.064820,0 107.916258,-7.064797,0 107.916631,-7.064845,0 107.916987,-7.064822,0 107.917070,-7.064817,0 107.917682,-7.064626,0 107.918314,-7.064527,0 107.918587,-7.064526,0 107.918644,-7.064562,0 107.918646,-7.064594,0 107.918719,-7.065526,0 107.917791,-7.065869,0 107.917272,-7.065749,0 107.917137,-7.065289,0 107.917133,-7.065277,0 107.917124,-7.065279,0 107.917091,-7.065256,0 107.916728,-7.065139,0 107.916358,-7.065914,0 107.915867,-7.066175,0 107.915466,-7.065743,0 107.915414,-7.065828,0 107.915169,-7.066186,0 107.914879,-7.066462,0 107.914476,-7.066866,0 107.914226,-7.067110,0 107.913832,-7.067350,0 107.913581,-7.067462,0 107.913206,-7.067632,0 107.913326,-7.067727,0 107.913580,-7.067756,0 107.914043,-7.067713,0 107.914296,-7.067736,0 107.914553,-7.067762,0 107.914783,-7.067728,0 107.914671,-7.067875,0 107.914426,-7.068068,0 107.914100,-7.068215,0 107.913895,-7.068232,0 107.913206,-7.068180,0 107.912749,-7.068215,0 107.912476,-7.068297,0 107.912267,-7.068403,0 107.912118,-7.068564,0 107.912099,-7.068605,0 107.912096,-7.068617,0 107.912049,-7.068777,0 107.911988,-7.068936,0 107.911859,-7.069197,0 107.911793,-7.069287,0 107.911523,-7.069304,0 107.911171,-7.069283,0 107.911102,-7.069390,0 107.910969,-7.069702,0 107.910894,-7.069953,0 107.910746,-7.070109,0 107.910637,-7.070165,0 107.910912,-7.070526,0 107.910809,-7.070907,0 107.910489,-7.071469,0 107.909784,-7.071241,0 107.909703,-7.071464,0 107.909608,-7.071785,0 107.909549,-7.072359,0 107.909537,-7.072420,0 107.909490,-7.072421,0 107.909370,-7.072441,0 107.908891,-7.072863,0 107.908674,-7.073042,0 107.908447,-7.073157,0 107.908196,-7.073190,0 107.907906,-7.073174,0 107.907631,-7.073064,0 107.907072,-7.072749,0 107.906821,-7.072584,0 107.906605,-7.072272,0 107.906518,-7.072039,0 107.906486,-7.071880,0 107.906416,-7.071530,0 107.906336,-7.071304,0 107.906215,-7.070941,0 107.906129,-7.070806,0 107.905951,-7.070717,0 107.905895,-7.070707,0 107.905893,-7.070708,0 107.905761,-7.070164,0 107.905680,-7.070054,0 107.905801,-7.069942,0 107.905840,-7.069844,0 107.906578,-7.069674,0 107.907445,-7.069670,0 107.908044,-7.069802,0 107.908123,-7.069844,0 107.908674,-7.070149,0 107.908922,-7.070342,0 107.908901,-7.070428,0 107.909154,-7.070520,0 107.909184,-7.070532,0 107.909828,-7.071046,0 107.909867,-7.071075,0 107.910061,-7.070598,0 107.910185,-7.070304,0 107.910203,-7.070248,0 107.909816,-7.070128,0 107.909812,-7.070125,0 107.909832,-7.069977,0 107.909875,-7.069646,0 107.909911,-7.068728,0 107.910068,-7.068759,0 107.910162,-7.068661,0 107.910198,-7.068311,0 107.910170,-7.068196,0 107.909761,-7.068006,0 107.909783,-7.067902,0 107.909492,-7.067467,0 107.909110,-7.067283,0 107.908538,-7.067239,0 107.907796,-7.067299,0 107.907751,-7.067412,0 107.907406,-7.068290,0 107.907200,-7.068339,0 107.907064,-7.068281,0 107.906661,-7.067946,0 107.906388,-7.067678,0 107.906190,-7.067565,0 107.905957,-7.067464,0 107.905866,-7.067755,0 107.905820,-7.068058,0 107.906410,-7.068210,0 107.906890,-7.068526,0 107.906770,-7.068959,0 107.906188,-7.068913,0 107.905694,-7.068404,0 107.905656,-7.068464,0 107.905480,-7.068517,0 107.905255,-7.068460,0 107.905078,-7.068402,0 107.905000,-7.068377,0 107.905000,-7.078230,0 107.905510,-7.078441,0 107.906432,-7.078674,0 107.906561,-7.078778,0 107.906629,-7.078896,0 107.906655,-7.079149,0 107.906753,-7.079520,0 107.906879,-7.079799,0 107.907051,-7.080008,0 107.907210,-7.080043,0 107.907774,-7.080071,0 107.908116,-7.080127,0 107.908267,-7.080201,0 107.908452,-7.080027,0 107.908521,-7.080012,0 107.909164,-7.079900,0 107.909445,-7.079875,0 107.909470,-7.080473,0 107.909493,-7.080534,0 107.910658,-7.080165,0 107.910842,-7.080219,0 107.910886,-7.080299,0 107.910896,-7.080638,0 107.911200,-7.080609,0 107.911359,-7.080600,0 107.912053,-7.080565,0 107.912070,-7.080397,0 107.912000,-7.080033,0 107.911084,-7.080068,0 107.910787,-7.079731,0 107.910783,-7.079715,0 107.910686,-7.079343,0 107.911011,-7.079387,0 107.911610,-7.079461,0 107.911620,-7.079461,0 107.911720,-7.079348,0 107.911785,-7.079235,0 107.911953,-7.078995,0 107.912033,-7.078899,0 107.912432,-7.078424,0 107.912517,-7.078368,0 107.912610,-7.078308,0 107.912687,-7.078277,0 107.912445,-7.077616,0 107.912918,-7.076868,0 107.913750,-7.077174,0 107.914245,-7.077324,0 107.914744,-7.077441,0 107.914976,-7.077535,0 107.914908,-7.077574,0 107.914554,-7.077778,0 107.913999,-7.077938,0 107.913362,-7.078115,0 107.913436,-7.078408,0 107.913461,-7.078792,0 107.913423,-7.079148,0 107.913353,-7.079399,0 107.913333,-7.079481,0 107.913420,-7.079486,0 107.914051,-7.079721,0 107.914477,-7.080444,0 107.914424,-7.081409,0 107.914113,-7.082058,0 107.913495,-7.082230,0 107.913694,-7.082514,0 107.913893,-7.082684,0 107.914400,-7.082975,0 107.914324,-7.083727,0 107.914271,-7.084144,0 107.914340,-7.084156,0 107.914137,-7.085075,0 107.913846,-7.085313,0 107.913282,-7.085244,0 107.913271,-7.085242,0 107.912822,-7.084806,0 107.912921,-7.084103,0 107.912799,-7.083492,0 107.912455,-7.083011,0 107.912557,-7.082544,0 107.912704,-7.082188,0 107.912164,-7.081737,0 107.911501,-7.081024,0 107.911429,-7.080796,0 107.911124,-7.080751,0 107.910734,-7.080821,0 107.910477,-7.080881,0 107.909903,-7.080858,0 107.909698,-7.080865,0 107.909714,-7.081089,0 107.909559,-7.081479,0 107.909079,-7.081429,0 107.908430,-7.081257,0 107.908506,-7.080742,0 107.908489,-7.080722,0 107.908309,-7.080411,0 107.908173,-7.080288,0 107.907674,-7.080176,0 107.907317,-7.080184,0 107.907055,-7.080252,0 107.906977,-7.080772,0 107.906503,-7.080474,0 107.906745,-7.079919,0 107.906583,-7.079742,0 107.906429,-7.079518,0 107.906333,-7.079494,0 107.906224,-7.079498,0 107.906047,-7.079898,0 107.905640,-7.079931,0 107.905047,-7.079729,0 107.905000,-7.079690,0 107.905000,-7.109618,0 107.905340,-7.109572,0 107.905598,-7.109495,0 107.905780,-7.109385,0 107.905992,-7.109142,0 107.906116,-7.108845,0 107.906505,-7.107954,0 107.906875,-7.107733,0 107.907134,-7.107668,0 107.906945,-7.107014,0 107.907413,-7.106800,0 107.907600,-7.106543,0 107.907836,-7.106072,0 107.907948,-7.106130,0 107.908324,-7.106294,0 107.908390,-7.106262,0 107.908583,-7.106209,0 107.909615,-7.105996,0 107.909783,-7.106026,0 107.909916,-7.106103,0 107.909923,-7.106071,0 107.910044,-7.105841,0 107.910329,-7.105674,0 107.910744,-7.105664,0 107.910798,-7.105682,0 107.910733,-7.105811,0 107.910618,-7.106070,0 107.911459,-7.106193,0 107.912064,-7.106249,0 107.912339,-7.106762,0 107.912338,-7.106763,0 107.912387,-7.106941,0 107.912541,-7.107300,0 107.912759,-7.107608,0 107.912897,-7.107658,0 107.913079,-7.107636,0 107.913351,-7.107517,0 107.913812,-7.107340,0 107.914017,-7.107324,0 107.914519,-7.107282,0 107.914493,-7.107055,0 107.914332,-7.106570,0 107.914301,-7.106366,0 107.914379,-7.106177,0 107.914635,-7.106042,0 107.914775,-7.106053,0 107.915072,-7.106159,0 107.915337,-7.106338,0 107.916173,-7.106851,0 107.917635,-7.107642,0 107.917746,-7.107734,0 107.917755,-7.107887,0 107.918540,-7.108133,0 107.919218,-7.108096,0 107.919529,-7.108283,0 107.919413,-7.108412,0 107.920160,-7.108305,0 107.920516,-7.108236,0 107.920903,-7.108004,0 107.921271,-7.107687,0 107.921617,-7.107401,0 107.921887,-7.107197,0 107.922287,-7.106685,0 107.922562,-7.106282,0 107.922723,-7.105998,0 107.922779,-7.105900,0 107.922887,-7.105686,0 107.922848,-7.105549,0 107.922761,-7.105540,0 107.922711,-7.105524,0 107.922685,-7.105591,0 107.922219,-7.105911,0 107.921967,-7.106300,0 107.921911,-7.106487,0 107.921786,-7.106808,0 107.921658,-7.106954,0 107.921408,-7.107125,0 107.920940,-7.107476,0 107.920454,-7.107737,0 107.920181,-7.107477,0 107.920238,-7.106685,0 107.920320,-7.106650,0 107.920746,-7.106497,0 107.921041,-7.106311,0 107.921066,-7.106225,0 107.920974,-7.106143,0 107.920719,-7.105992,0 107.920628,-7.105917,0 107.920592,-7.105814,0 107.920557,-7.105295,0 107.920628,-7.105100,0 107.920841,-7.104381,0 107.920867,-7.104293,0 107.921599,-7.104250,0 107.921734,-7.104222,0 107.921645,-7.104064,0 107.921961,-7.103777,0 107.922138,-7.103625,0 107.922343,-7.103235,0 107.922413,-7.103120,0 107.922566,-7.103031,0 107.922719,-7.103006,0 107.922900,-7.103047,0 107.923123,-7.103257,0 107.923335,-7.103549,0 107.923377,-7.103628,0 107.923377,-7.103629,0 107.923375,-7.103684,0 107.923509,-7.103877,0 107.923580,-7.104061,0 107.923540,-7.104317,0 107.923444,-7.104493,0 107.923314,-7.104574,0 107.922866,-7.104572,0 107.922789,-7.104576,0 107.922659,-7.104584,0 107.922600,-7.104628,0 107.922642,-7.104799,0 107.922714,-7.105090,0 107.922815,-7.105435,0 107.922848,-7.105549,0 107.922985,-7.105562,0 107.923107,-7.105515,0 107.923461,-7.105295,0 107.923749,-7.105257,0 107.923750,-7.105257,0 107.924374,-7.105489,0 107.924865,-7.105596,0 107.925196,-7.105423,0 107.925401,-7.105315,0 107.925496,-7.105196,0 107.925512,-7.105148,0 107.925738,-7.105266,0 107.925884,-7.105380,0 107.926061,-7.105613,0 107.926211,-7.105896,0 107.926267,-7.106134,0 107.926348,-7.106593,0 107.926383,-7.106741,0 107.926518,-7.106820,0 107.926798,-7.106900,0 107.926894,-7.106867,0 107.926944,-7.106755,0 107.927201,-7.105923,0 107.926926,-7.105823,0 107.926661,-7.105677,0 107.926442,-7.105503,0 107.926293,-7.105321,0 107.926400,-7.104806,0 107.926627,-7.104396,0 107.926739,-7.104216,0 107.926974,-7.104232,0 107.927239,-7.104327,0 107.927401,-7.104370,0 107.927720,-7.104449,0 107.927779,-7.104534,0 107.927941,-7.104641,0 107.928228,-7.104898,0 107.928277,-7.105029,0 107.928321,-7.105288,0 107.928491,-7.105356,0 107.928646,-7.105576,0 107.928614,-7.105691,0 107.928131,-7.106866,0 107.928198,-7.107101,0 107.928746,-7.108042,0 107.928355,-7.108030,0 107.927938,-7.107923,0 107.927726,-7.107990,0 107.927590,-7.108017,0 107.927253,-7.108013,0 107.926776,-7.107860,0 107.926531,-7.108092,0 107.926487,-7.108573,0 107.926496,-7.108858,0 107.926300,-7.109019,0 107.925831,-7.109280,0 107.926298,-7.109811,0 107.926336,-7.109798,0 107.927108,-7.109597,0 107.927305,-7.109163,0 107.927774,-7.109091,0 107.927860,-7.109209,0 107.927883,-7.109208,0 107.928318,-7.109146,0 107.928728,-7.109196,0 107.929149,-7.109356,0 107.929489,-7.109535,0 107.929776,-7.109792,0 107.929985,-7.110026,0 107.929965,-7.110109,0 107.929896,-7.110292,0 107.929892,-7.110315,0 107.930055,-7.110327,0 107.930110,-7.110830,0 107.930020,-7.111566,0 107.930157,-7.112236,0 107.930210,-7.112262,0 107.930680,-7.112443,0 107.931343,-7.112617,0 107.932175,-7.112778,0 107.932569,-7.112711,0 107.932703,-7.112620,0 107.932732,-7.112502,0 107.932780,-7.112207,0 107.932921,-7.111722,0 107.933073,-7.111479,0 107.933174,-7.111332,0 107.933417,-7.111062,0 107.933834,-7.111063,0 107.933877,-7.110935,0 107.933944,-7.110867,0 107.934159,-7.110929,0 107.934373,-7.111053,0 107.934590,-7.111249,0 107.934989,-7.111568,0 107.935288,-7.111508,0 107.935525,-7.111464,0 107.935968,-7.111248,0 107.936016,-7.111308,0 107.936230,-7.111492,0 107.936835,-7.111657,0 107.937279,-7.111816,0 107.937501,-7.111856,0 107.937684,-7.111804,0 107.938418,-7.111442,0 107.938927,-7.111147,0 107.939244,-7.111004,0 107.939596,-7.110810,0 107.939861,-7.110586,0 107.940123,-7.110262,0 107.940267,-7.109948,0 107.940293,-7.109406,0 107.940434,-7.108877,0 107.940593,-7.108704,0 107.941080,-7.108326,0 107.941076,-7.108345,0 107.941113,-7.108538,0 107.941957,-7.108717,0 107.942738,-7.109141,0 107.943220,-7.109343,0 107.943309,-7.109977,0 107.943185,-7.110212,0 107.943079,-7.110523,0 107.943077,-7.110529,0 107.943102,-7.111316,0 107.942506,-7.111337,0 107.942271,-7.111593,0 107.941917,-7.111501,0 107.941653,-7.111328,0 107.941323,-7.111871,0 107.941202,-7.112341,0 107.941247,-7.112329,0 107.941630,-7.112233,0 107.942274,-7.112063,0 107.942941,-7.111993,0 107.943299,-7.112042,0 107.943414,-7.112116,0 107.943536,-7.112271,0 107.943694,-7.112500,0 107.943863,-7.112790,0 107.943864,-7.113145,0 107.943823,-7.113670,0 107.943630,-7.114117,0 107.943883,-7.114440,0 107.944005,-7.114529,0 107.943921,-7.114601,0 107.943807,-7.114763,0 107.943671,-7.115017,0 107.943594,-7.115181,0 107.943462,-7.115284,0 107.943329,-7.115360,0 107.943091,-7.115724,0 107.942892,-7.115886,0 107.942852,-7.115835,0 107.942835,-7.115740,0 107.942838,-7.115730,0 107.942726,-7.115445,0 107.942679,-7.115341,0 107.942497,-7.115374,0 107.942178,-7.115351,0 107.941622,-7.115250,0 107.941290,-7.115220,0 107.940782,-7.115302,0 107.940726,-7.115319,0 107.940175,-7.115575,0 107.939892,-7.115876,0 107.939288,-7.116266,0 107.938725,-7.116770,0 107.938463,-7.116794,0 107.938159,-7.116840,0 107.937974,-7.116911,0 107.937276,-7.117210,0 107.936909,-7.117308,0 107.936616,-7.117575,0 107.936322,-7.118218,0 107.936089,-7.118386,0 107.935727,-7.118609,0 107.935483,-7.118515,0 107.935139,-7.118396,0 107.934973,-7.118475,0 107.934998,-7.118831,0 107.934930,-7.118973,0 107.934767,-7.119022,0 107.934584,-7.118970,0 107.934258,-7.118736,0 107.934135,-7.118559,0 107.933924,-7.118228,0 107.933526,-7.117970,0 107.933344,-7.118017,0 107.933128,-7.118119,0 107.932995,-7.118240,0 107.932861,-7.118339,0 107.932782,-7.118407,0 107.932663,-7.118580,0 107.932363,-7.118872,0 107.932210,-7.118900,0 107.931629,-7.118859,0 107.931469,-7.118807,0 107.931359,-7.118831,0 107.931333,-7.118890,0 107.931304,-7.118951,0 107.931535,-7.119412,0 107.931642,-7.119665,0 107.931333,-7.119878,0 107.931208,-7.119956,0 107.931258,-7.120135,0 107.931358,-7.120311,0 107.931369,-7.120462,0 107.931274,-7.120630,0 107.930546,-7.120613,0 107.930368,-7.120629,0 107.930345,-7.120676,0 107.930308,-7.120657,0 107.929893,-7.120528,0 107.929510,-7.120475,0 107.929206,-7.120447,0 107.928778,-7.120346,0 107.928787,-7.120489,0 107.928839,-7.121014,0 107.928945,-7.121062,0 107.930031,-7.121528,0 107.930065,-7.121535,0 107.930503,-7.121672,0 107.930717,-7.121830,0 107.931020,-7.122005,0 107.931814,-7.122415,0 107.932118,-7.122638,0 107.932265,-7.122809,0 107.932404,-7.123099,0 107.932521,-7.123638,0 107.932438,-7.123905,0 107.932086,-7.124362,0 107.931772,-7.124496,0 107.931438,-7.124663,0 107.931129,-7.124972,0 107.931109,-7.125000,0 107.931079,-7.125044,0 107.930992,-7.125167,0 107.930961,-7.125336,0 107.930891,-7.126072,0 107.930949,-7.126525,0 107.931107,-7.127288,0 107.931081,-7.127648,0 107.931045,-7.128747,0 107.931067,-7.128843,0 107.931138,-7.129212,0 107.931291,-7.130729,0 107.931260,-7.131107,0 107.931183,-7.131212,0 107.931011,-7.131313,0 107.930507,-7.131453,0 107.929831,-7.131542,0 107.929586,-7.131609,0 107.929424,-7.131596,0 107.929553,-7.132370,0 107.930311,-7.133421,0 107.930973,-7.133910,0 107.930804,-7.134192,0 107.931165,-7.134313,0 107.931713,-7.134616,0 107.932011,-7.134802,0 107.932097,-7.134856,0 107.932123,-7.134874,0 107.932318,-7.134738,0 107.932759,-7.134283,0 107.933002,-7.134024,0 107.933423,-7.133632,0 107.933708,-7.133273,0 107.934052,-7.132668,0 107.934545,-7.131414,0 107.934621,-7.131174,0 107.934624,-7.131008,0 107.934506,-7.130719,0 107.934346,-7.130550,0 107.934072,-7.130274,0 107.934024,-7.130217,0 107.933182,-7.129685,0 107.932043,-7.129178,0 107.931713,-7.128997,0 107.931515,-7.128762,0 107.931473,-7.128430,0 107.931609,-7.126848,0 107.931702,-7.126370,0 107.932156,-7.125653,0 107.932224,-7.125568,0 107.932261,-7.125511,0 107.932533,-7.125034,0 107.932552,-7.125000,0 107.932703,-7.124737,0 107.932909,-7.124686,0 107.933321,-7.124620,0 107.933480,-7.124518,0 107.933596,-7.124392,0 107.933771,-7.124176,0 107.933903,-7.124061,0 107.934260,-7.123873,0 107.934441,-7.123739,0 107.934566,-7.123561,0 107.934731,-7.123193,0 107.934818,-7.122495,0 107.934788,-7.122147,0 107.934715,-7.121977,0 107.934472,-7.121665,0 107.934414,-7.121595,0 107.934478,-7.121550,0 107.934610,-7.121466,0 107.934887,-7.121437,0 107.935079,-7.121436,0 107.935324,-7.121428,0 107.935639,-7.121521,0 107.936126,-7.121685,0 107.936546,-7.121746,0 107.937140,-7.121826,0 107.938037,-7.122015,0 107.938576,-7.122209,0 107.939318,-7.122527,0 107.939682,-7.122708,0 107.939929,-7.122921,0 107.940032,-7.123048,0 107.940051,-7.124135,0 107.940399,-7.124235,0 107.941038,-7.124365,0 107.941480,-7.124494,0 107.941892,-7.124572,0 107.941937,-7.124576,0 107.942413,-7.124097,0 107.942361,-7.125000,0 107.942361,-7.125000,0 107.942401,-7.125001,0 107.942565,-7.125000,0 107.942570,-7.125000,0 107.942778,-7.125000,0 107.943359,-7.125000,0 107.943763,-7.124851,0 107.943823,-7.124829,0 107.943196,-7.124535,0 107.943012,-7.123844,0 107.943022,-7.123780,0 107.943156,-7.122954,0 107.943492,-7.122736,0 107.944058,-7.122695,0 107.944089,-7.122374,0 107.944192,-7.122015,0 107.944379,-7.121663,0 107.944692,-7.121141,0 107.944762,-7.120997,0 107.944754,-7.120790,0 107.944467,-7.120491,0 107.944061,-7.120014,0 107.943644,-7.120396,0 107.943145,-7.120341,0 107.942726,-7.119666,0 107.942525,-7.118790,0 107.942567,-7.118169,0 107.942607,-7.118035,0 107.942557,-7.117923,0 107.942587,-7.117905,0 107.942775,-7.117727,0 107.942777,-7.117705,0 107.942787,-7.117624,0 107.942802,-7.117324,0 107.942910,-7.117108,0 107.943259,-7.116736,0 107.943402,-7.116558,0 107.943521,-7.116320,0 107.943678,-7.116214,0 107.943969,-7.116140,0 107.944511,-7.116071,0 107.944892,-7.116067,0 107.944896,-7.116067,0 107.944889,-7.116107,0 107.944839,-7.116283,0 107.944869,-7.116522,0 107.944963,-7.116655,0 107.945122,-7.116732,0 107.945754,-7.116883,0 107.946394,-7.117000,0 107.946396,-7.117000,0 107.946333,-7.117643,0 107.946571,-7.117709,0 107.947214,-7.117869,0 107.947576,-7.118007,0 107.947964,-7.118184,0 107.948384,-7.117708,0 107.949292,-7.117902,0 107.950299,-7.117960,0 107.951005,-7.118193,0 107.951677,-7.118393,0 107.952427,-7.118370,0 107.952685,-7.118607,0 107.952774,-7.118790,0 107.952968,-7.118814,0 107.953134,-7.118834,0 107.953374,-7.118335,0 107.953597,-7.118460,0 107.954070,-7.118727,0 107.953984,-7.119076,0 107.954732,-7.119413,0 107.954833,-7.119459,0 107.955212,-7.119641,0 107.955390,-7.119755,0 107.955950,-7.120114,0 107.956198,-7.120379,0 107.956283,-7.120566,0 107.956405,-7.120941,0 107.956472,-7.121147,0 107.956496,-7.121737,0 107.956332,-7.122376,0 107.956279,-7.122685,0 107.956218,-7.123905,0 107.956361,-7.124198,0 107.956425,-7.124214,0 107.956848,-7.124338,0 107.957353,-7.124471,0 107.957693,-7.124483,0 107.958146,-7.124416,0 107.958454,-7.124318,0 107.958673,-7.124154,0 107.958793,-7.123980,0 107.959053,-7.123489,0 107.959714,-7.122179,0 107.959993,-7.121847,0 107.960166,-7.121741,0 107.960404,-7.121680,0 107.960582,-7.121696,0 107.960738,-7.121806,0 107.960892,-7.122056,0 107.960994,-7.122354,0 107.960947,-7.122777,0 107.960761,-7.123507,0 107.960853,-7.123535,0 107.961585,-7.123007,0 107.961798,-7.122972,0 107.961852,-7.123028,0 107.961850,-7.123173,0 107.961772,-7.123409,0 107.961432,-7.124018,0 107.962232,-7.124516,0 107.962548,-7.125000,0 107.962548,-7.125000,0 107.962666,-7.125182,0 107.962675,-7.125251,0 107.962767,-7.125221,0 107.962813,-7.125111,0 107.962831,-7.125000,0 107.962848,-7.124892,0 107.963152,-7.124450,0 107.963297,-7.124304,0 107.963381,-7.124256,0 107.963443,-7.124395,0 107.963561,-7.124471,0 107.963668,-7.124575,0 107.963716,-7.124648,0 107.963778,-7.125000,0 107.963787,-7.125047,0 107.963881,-7.125409,0 107.963914,-7.126260,0 107.964514,-7.126471,0 107.964701,-7.127005,0 107.964795,-7.127019,0 107.965366,-7.127030,0 107.965556,-7.126943,0 107.965635,-7.126860,0 107.965710,-7.126487,0 107.965793,-7.126055,0 107.965969,-7.125609,0 107.966281,-7.125201,0 107.966451,-7.125000,0 107.966614,-7.124806,0 107.966794,-7.124605,0 107.967173,-7.124653,0 107.967220,-7.124663,0 107.967316,-7.124875,0 107.967362,-7.125000,0 107.967671,-7.125000,0 107.967671,-7.125000,0 107.967623,-7.124880,0 107.967527,-7.124460,0 107.967418,-7.124202,0 107.967288,-7.124070,0 107.967140,-7.123994,0 107.967005,-7.124042,0 107.966742,-7.124199,0 107.966590,-7.124447,0 107.966611,-7.124505,0 107.966497,-7.124581,0 107.966140,-7.124856,0 107.965955,-7.124870,0 107.965885,-7.124865,0 107.965649,-7.124741,0 107.965295,-7.124546,0 107.964920,-7.124123,0 107.964250,-7.122924,0 107.963686,-7.121773,0 107.963374,-7.120879,0 107.963296,-7.120696,0 107.962965,-7.120343,0 107.962641,-7.120123,0 107.962302,-7.119961,0 107.962090,-7.119882,0 107.962029,-7.119807,0 107.962094,-7.118473,0 107.961910,-7.118032,0 107.961807,-7.117794,0 107.961784,-7.117681,0 107.961736,-7.117628,0 107.961552,-7.117493,0 107.961284,-7.117700,0 107.960885,-7.117992,0 107.960314,-7.117998,0 107.960081,-7.118511,0 107.959933,-7.118946,0 107.959976,-7.118966,0 107.960319,-7.119122,0 107.960314,-7.119435,0 107.960260,-7.119574,0 107.960146,-7.119533,0 107.959946,-7.119583,0 107.959805,-7.119758,0 107.958765,-7.119893,0 107.958814,-7.119758,0 107.958949,-7.119439,0 107.959128,-7.118980,0 107.959297,-7.118518,0 107.959496,-7.118213,0 107.959614,-7.118128,0 107.959792,-7.118084,0 107.959849,-7.118003,0 107.960149,-7.117771,0 107.960601,-7.117737,0 107.960920,-7.117611,0 107.961119,-7.117419,0 107.961183,-7.117258,0 107.961106,-7.117144,0 107.960770,-7.116759,0 107.960571,-7.116101,0 107.960477,-7.116004,0 107.960393,-7.115881,0 107.960390,-7.115729,0 107.960376,-7.115373,0 107.960319,-7.115217,0 107.960196,-7.115010,0 107.960140,-7.114917,0 107.960040,-7.114792,0 107.959920,-7.114642,0 107.959680,-7.114410,0 107.959396,-7.114113,0 107.959251,-7.113665,0 107.959086,-7.113220,0 107.958750,-7.112878,0 107.958652,-7.112778,0 107.958651,-7.112777,0 107.958600,-7.112812,0 107.958389,-7.112894,0 107.957975,-7.112968,0 107.957972,-7.112958,0 107.957766,-7.112731,0 107.957579,-7.112633,0 107.957453,-7.112605,0 107.957373,-7.112580,0 107.957050,-7.112414,0 107.956791,-7.112215,0 107.956414,-7.111807,0 107.956266,-7.111536,0 107.956085,-7.110995,0 107.956117,-7.110779,0 107.956232,-7.110300,0 107.956149,-7.110068,0 107.956194,-7.109892,0 107.956268,-7.109646,0 107.955789,-7.109662,0 107.955312,-7.109821,0 107.954619,-7.109870,0 107.953785,-7.110159,0 107.953354,-7.110985,0 107.953782,-7.111778,0 107.953819,-7.112164,0 107.952995,-7.112665,0 107.952429,-7.113268,0 107.952051,-7.113436,0 107.951670,-7.113605,0 107.951091,-7.113280,0 107.951029,-7.112425,0 107.950586,-7.112630,0 107.950500,-7.112660,0 107.950439,-7.112417,0 107.950316,-7.112475,0 107.950010,-7.112547,0 107.949830,-7.112550,0 107.949571,-7.112345,0 107.949388,-7.112231,0 107.948652,-7.112195,0 107.948270,-7.112216,0 107.948105,-7.112172,0 107.947999,-7.112062,0 107.947912,-7.111673,0 107.948058,-7.111174,0 107.948094,-7.111006,0 107.948030,-7.110744,0 107.947973,-7.110650,0 107.947888,-7.110614,0 107.947754,-7.110776,0 107.947635,-7.110935,0 107.947362,-7.111077,0 107.947019,-7.111148,0 107.946955,-7.111160,0 107.946763,-7.110911,0 107.946705,-7.110831,0 107.946555,-7.110572,0 107.946363,-7.110102,0 107.946211,-7.109599,0 107.946257,-7.109425,0 107.946405,-7.109138,0 107.946497,-7.109059,0 107.946640,-7.109092,0 107.946845,-7.109208,0 107.946950,-7.109275,0 107.946986,-7.109164,0 107.947028,-7.108822,0 107.947054,-7.108358,0 107.947086,-7.108192,0 107.947154,-7.107844,0 107.947177,-7.107608,0 107.947166,-7.107483,0 107.947140,-7.107055,0 107.947186,-7.106945,0 107.946931,-7.106741,0 107.946783,-7.106535,0 107.946671,-7.106339,0 107.945907,-7.106404,0 107.945111,-7.106175,0 107.944076,-7.105815,0 107.944127,-7.105468,0 107.943975,-7.105443,0 107.943797,-7.105393,0 107.943819,-7.105307,0 107.943930,-7.104174,0 107.944469,-7.104226,0 107.945162,-7.104567,0 107.945777,-7.104699,0 107.945971,-7.104489,0 107.946198,-7.104190,0 107.946356,-7.103915,0 107.946461,-7.103837,0 107.946651,-7.103813,0 107.947074,-7.103729,0 107.947256,-7.103644,0 107.947296,-7.103611,0 107.947573,-7.103942,0 107.947881,-7.104448,0 107.948061,-7.104739,0 107.948202,-7.104909,0 107.948663,-7.105249,0 107.948893,-7.105341,0 107.949968,-7.105579,0 107.949892,-7.106317,0 107.949720,-7.106502,0 107.949570,-7.106724,0 107.949631,-7.107057,0 107.949644,-7.107124,0 107.950531,-7.107291,0 107.950526,-7.107327,0 107.950900,-7.108125,0 107.950899,-7.108621,0 107.950929,-7.108693,0 107.951296,-7.108766,0 107.951656,-7.108807,0 107.951972,-7.108941,0 107.952016,-7.108967,0 107.952597,-7.109364,0 107.953286,-7.109672,0 107.953416,-7.109408,0 107.953505,-7.109082,0 107.953634,-7.108391,0 107.953821,-7.108104,0 107.954077,-7.107918,0 107.954312,-7.107800,0 107.954533,-7.107699,0 107.954750,-7.107580,0 107.954713,-7.107373,0 107.954608,-7.107087,0 107.954529,-7.107020,0 107.954873,-7.106815,0 107.955154,-7.107278,0 107.955250,-7.107186,0 107.955541,-7.106917,0 107.955579,-7.106883,0 107.955810,-7.107330,0 107.955322,-7.107972,0 107.955785,-7.108245,0 107.956777,-7.107954,0 107.957521,-7.108037,0 107.957489,-7.108088,0 107.957458,-7.108268,0 107.957507,-7.108571,0 107.957498,-7.108725,0 107.957559,-7.108762,0 107.957794,-7.108839,0 107.958295,-7.108875,0 107.958633,-7.108789,0 107.958983,-7.108712,0 107.959119,-7.108673,0 107.959214,-7.108564,0 107.959246,-7.108382,0 107.959205,-7.108171,0 107.959040,-7.107894,0 107.958938,-7.107643,0 107.958981,-7.107492,0 107.959103,-7.107342,0 107.959194,-7.107158,0 107.959233,-7.106985,0 107.959217,-7.106767,0 107.959137,-7.106612,0 107.959005,-7.106501,0 107.958685,-7.106295,0 107.958352,-7.106389,0 107.958062,-7.106656,0 107.957788,-7.106708,0 107.957735,-7.106561,0 107.957530,-7.105673,0 107.957674,-7.105358,0 107.957754,-7.105207,0 107.957447,-7.105403,0 107.957228,-7.105935,0 107.956969,-7.106543,0 107.956077,-7.106340,0 107.956380,-7.105847,0 107.956399,-7.105820,0 107.956465,-7.105714,0 107.955617,-7.105136,0 107.956297,-7.104829,0 107.956918,-7.104492,0 107.957082,-7.104390,0 107.957126,-7.104244,0 107.957145,-7.103934,0 107.957321,-7.102970,0 107.957315,-7.102781,0 107.957313,-7.102500,0 107.956971,-7.102535,0 107.956762,-7.102596,0 107.956442,-7.101720,0 107.956262,-7.100850,0 107.956827,-7.100522,0 107.957021,-7.100209,0 107.957310,-7.099576,0 107.957505,-7.099597,0 107.957515,-7.099534,0 107.957602,-7.099046,0 107.957617,-7.098947,0 107.957309,-7.098815,0 107.957387,-7.098074,0 107.957418,-7.097628,0 107.957786,-7.097703,0 107.957820,-7.097714,0 107.957955,-7.096952,0 107.957964,-7.096907,0 107.958882,-7.097029,0 107.959556,-7.096892,0 107.960124,-7.096897,0 107.959989,-7.096324,0 107.959843,-7.095422,0 107.960218,-7.095375,0 107.960463,-7.095892,0 107.960713,-7.096435,0 107.961037,-7.096613,0 107.961040,-7.096511,0 107.961076,-7.096325,0 107.961436,-7.095206,0 107.961672,-7.095460,0 107.961825,-7.095842,0 107.961821,-7.095895,0 107.962644,-7.096520,0 107.962940,-7.096877,0 107.962949,-7.097428,0 107.962885,-7.097575,0 107.963207,-7.097748,0 107.963172,-7.097896,0 107.963049,-7.098242,0 107.962949,-7.098319,0 107.962683,-7.098416,0 107.962383,-7.098453,0 107.962220,-7.098385,0 107.962048,-7.098232,0 107.961896,-7.097980,0 107.961788,-7.097699,0 107.961748,-7.097431,0 107.961745,-7.097382,0 107.961524,-7.097356,0 107.961329,-7.097322,0 107.961156,-7.097350,0 107.960962,-7.097522,0 107.960073,-7.097503,0 107.959915,-7.097537,0 107.959880,-7.097561,0 107.959864,-7.098079,0 107.959660,-7.098594,0 107.959390,-7.098838,0 107.958823,-7.098765,0 107.958263,-7.098663,0 107.957880,-7.098948,0 107.957849,-7.099108,0 107.957843,-7.099736,0 107.957764,-7.100408,0 107.958119,-7.100498,0 107.958420,-7.100070,0 107.958688,-7.100235,0 107.958329,-7.100857,0 107.957988,-7.101073,0 107.957764,-7.101660,0 107.958202,-7.101764,0 107.958219,-7.101430,0 107.958443,-7.101362,0 107.958751,-7.101640,0 107.959113,-7.101933,0 107.959439,-7.102248,0 107.959931,-7.101821,0 107.960050,-7.101781,0 107.960204,-7.101731,0 107.960642,-7.101667,0 107.961201,-7.101627,0 107.961509,-7.101605,0 107.962200,-7.101904,0 107.962537,-7.102034,0 107.962547,-7.102356,0 107.962678,-7.102543,0 107.962774,-7.102927,0 107.962851,-7.103431,0 107.963212,-7.103352,0 107.963880,-7.103160,0 107.964370,-7.103406,0 107.964350,-7.103985,0 107.964172,-7.104376,0 107.964129,-7.104388,0 107.963879,-7.104458,0 107.963501,-7.104319,0 107.963425,-7.103861,0 107.962900,-7.103671,0 107.962704,-7.103566,0 107.962701,-7.103620,0 107.962741,-7.104089,0 107.962826,-7.104298,0 107.963048,-7.104567,0 107.963199,-7.104632,0 107.963251,-7.104669,0 107.963274,-7.104732,0 107.963602,-7.104774,0 107.964192,-7.105143,0 107.964281,-7.105117,0 107.964317,-7.105024,0 107.964504,-7.104922,0 107.964750,-7.104612,0 107.965336,-7.104024,0 107.965382,-7.103984,0 107.965230,-7.103832,0 107.965563,-7.103714,0 107.965833,-7.103483,0 107.965958,-7.103246,0 107.966036,-7.102941,0 107.966028,-7.102243,0 107.966030,-7.102116,0 107.966061,-7.102005,0 107.966093,-7.101943,0 107.966115,-7.101921,0 107.966056,-7.101885,0 107.965762,-7.101528,0 107.965265,-7.101023,0 107.965086,-7.100961,0 107.964858,-7.101002,0 107.964329,-7.101217,0 107.964045,-7.101437,0 107.963609,-7.101822,0 107.963258,-7.101959,0 107.963149,-7.101956,0 107.962876,-7.101862,0 107.962722,-7.101701,0 107.962449,-7.101377,0 107.962269,-7.101305,0 107.961668,-7.101124,0 107.961603,-7.100999,0 107.961675,-7.100467,0 107.961721,-7.099889,0 107.961621,-7.099607,0 107.961562,-7.099342,0 107.961581,-7.099046,0 107.961645,-7.098943,0 107.961777,-7.098913,0 107.962062,-7.098913,0 107.962667,-7.098921,0 107.962914,-7.098923,0 107.963294,-7.098749,0 107.963420,-7.098600,0 107.963551,-7.098287,0 107.963600,-7.097924,0 107.963620,-7.097824,0 107.963644,-7.097186,0 107.964435,-7.097004,0 107.965214,-7.096956,0 107.965898,-7.097142,0 107.966037,-7.097310,0 107.966162,-7.097443,0 107.966528,-7.097834,0 107.966854,-7.098047,0 107.967489,-7.098135,0 107.967693,-7.097875,0 107.967867,-7.097611,0 107.968820,-7.097646,0 107.969396,-7.097670,0 107.969664,-7.097776,0 107.969652,-7.098080,0 107.970557,-7.098017,0 107.970807,-7.097999,0 107.970868,-7.097984,0 107.970565,-7.097709,0 107.970716,-7.097140,0 107.970810,-7.097035,0 107.971151,-7.096655,0 107.971710,-7.096779,0 107.971840,-7.096456,0 107.971887,-7.095782,0 107.971976,-7.095688,0 107.972105,-7.095519,0 107.972426,-7.094925,0 107.972436,-7.094904,0 107.971878,-7.094561,0 107.972034,-7.093874,0 107.972166,-7.093306,0 107.972099,-7.093191,0 107.972206,-7.093099,0 107.972543,-7.092783,0 107.972531,-7.092689,0 107.972507,-7.092492,0 107.972506,-7.092492,0 107.972301,-7.092610,0 107.971956,-7.092592,0 107.971872,-7.092815,0 107.971442,-7.092705,0 107.971041,-7.092711,0 107.970638,-7.092933,0 107.970385,-7.092689,0 107.969797,-7.092411,0 107.969708,-7.092274,0 107.969633,-7.092209,0 107.969631,-7.092207,0 107.969936,-7.091818,0 107.970682,-7.091813,0 107.971248,-7.091861,0 107.971729,-7.091891,0 107.972166,-7.092168,0 107.972289,-7.092258,0 107.972473,-7.092393,0 107.972507,-7.092492,0 107.972568,-7.092454,0 107.972731,-7.092298,0 107.972757,-7.092255,0 107.972903,-7.092016,0 107.972973,-7.091714,0 107.973003,-7.091350,0 107.973007,-7.091313,0 107.973015,-7.091157,0 107.973032,-7.091056,0 107.972598,-7.091088,0 107.972588,-7.091353,0 107.972583,-7.091463,0 107.972580,-7.091463,0 107.972293,-7.091464,0 107.972136,-7.091410,0 107.972091,-7.091356,0 107.972022,-7.091272,0 107.971608,-7.090767,0 107.971324,-7.090673,0 107.970712,-7.090452,0 107.970667,-7.090342,0 107.970697,-7.090171,0 107.970787,-7.090098,0 107.970979,-7.090054,0 107.971253,-7.090045,0 107.971676,-7.090115,0 107.972086,-7.090244,0 107.972624,-7.090422,0 107.972625,-7.090383,0 107.972611,-7.090225,0 107.972594,-7.089998,0 107.972545,-7.089649,0 107.972414,-7.089319,0 107.972169,-7.089428,0 107.971875,-7.088946,0 107.971424,-7.088589,0 107.970831,-7.088221,0 107.970707,-7.088916,0 107.970227,-7.088631,0 107.970230,-7.088610,0 107.970266,-7.088336,0 107.970353,-7.088110,0 107.970033,-7.088082,0 107.969683,-7.087992,0 107.969263,-7.087809,0 107.969095,-7.087665,0 107.968904,-7.087515,0 107.968713,-7.087454,0 107.968505,-7.087454,0 107.968287,-7.087554,0 107.968037,-7.087617,0 107.967899,-7.087560,0 107.967833,-7.087469,0 107.967713,-7.087087,0 107.967780,-7.086864,0 107.967928,-7.086678,0 107.968190,-7.086481,0 107.968354,-7.086479,0 107.968868,-7.086439,0 107.969206,-7.086469,0 107.969379,-7.086032,0 107.969310,-7.085934,0 107.969128,-7.085651,0 107.968995,-7.085256,0 107.968706,-7.084607,0 107.968569,-7.084264,0 107.968481,-7.083696,0 107.969208,-7.083299,0 107.969233,-7.083273,0 107.969252,-7.083274,0 107.969501,-7.083284,0 107.970023,-7.083708,0 107.970313,-7.083812,0 107.970772,-7.083845,0 107.971139,-7.083745,0 107.971195,-7.083700,0 107.971638,-7.083393,0 107.972033,-7.083307,0 107.972344,-7.083311,0 107.972806,-7.083410,0 107.973046,-7.083541,0 107.973230,-7.083759,0 107.973292,-7.083943,0 107.973390,-7.084150,0 107.973629,-7.084499,0 107.973825,-7.084693,0 107.973922,-7.084711,0 107.974060,-7.084638,0 107.974512,-7.084205,0 107.974792,-7.083862,0 107.974969,-7.083511,0 107.975062,-7.083174,0 107.975043,-7.082945,0 107.974916,-7.082767,0 107.974760,-7.082483,0 107.974779,-7.081935,0 107.974783,-7.081888,0 107.974824,-7.081303,0 107.974862,-7.081077,0 107.974894,-7.080994,0 107.975121,-7.080782,0 107.975279,-7.080592,0 107.975318,-7.080536,0 107.975488,-7.080383,0 107.976144,-7.079835,0 107.976189,-7.079571,0 107.976142,-7.079348,0 107.976001,-7.079112,0 107.975740,-7.079079,0 107.975467,-7.079015,0 107.974799,-7.078770,0 107.974404,-7.078642,0 107.973831,-7.078550,0 107.973663,-7.078736,0 107.973278,-7.079135,0 107.972707,-7.079674,0 107.972705,-7.079680,0 107.972154,-7.079826,0 107.972064,-7.079654,0 107.971962,-7.079855,0 107.971960,-7.079946,0 107.971534,-7.080055,0 107.971027,-7.080292,0 107.970718,-7.080455,0 107.970619,-7.080469,0 107.970455,-7.080346,0 107.970315,-7.080101,0 107.970217,-7.079807,0 107.970204,-7.079608,0 107.970254,-7.079433,0 107.970377,-7.079102,0 107.970395,-7.078881,0 107.970287,-7.078657,0 107.969968,-7.078346,0 107.969424,-7.078028,0 107.969357,-7.078002,0 107.969401,-7.077745,0 107.969412,-7.077668,0 107.969402,-7.077672,0 107.968847,-7.077537,0 107.968404,-7.076986,0 107.968293,-7.076966,0 107.968291,-7.077050,0 107.968204,-7.077151,0 107.968096,-7.077223,0 107.968004,-7.077382,0 107.967983,-7.077513,0 107.967984,-7.077515,0 107.967580,-7.077810,0 107.966992,-7.077634,0 107.966636,-7.077004,0 107.966500,-7.076908,0 107.966432,-7.076999,0 107.966304,-7.077115,0 107.966144,-7.077453,0 107.966038,-7.077800,0 107.966051,-7.078087,0 107.966055,-7.078165,0 107.966348,-7.078096,0 107.966673,-7.078057,0 107.966991,-7.078134,0 107.967198,-7.078184,0 107.967805,-7.078317,0 107.967975,-7.078287,0 107.968013,-7.078345,0 107.967996,-7.078593,0 107.967880,-7.078879,0 107.967730,-7.079087,0 107.967473,-7.079293,0 107.967199,-7.079418,0 107.967015,-7.079434,0 107.966959,-7.079420,0 107.966901,-7.079078,0 107.966875,-7.078997,0 107.966806,-7.079125,0 107.966721,-7.079139,0 107.966640,-7.079143,0 107.966543,-7.079124,0 107.966372,-7.079137,0 107.965985,-7.078995,0 107.965669,-7.078643,0 107.965635,-7.078442,0 107.965607,-7.078463,0 107.965294,-7.078530,0 107.965066,-7.078527,0 107.964803,-7.078335,0 107.964774,-7.078271,0 107.964788,-7.078043,0 107.964691,-7.077721,0 107.964635,-7.077622,0 107.964240,-7.077480,0 107.964113,-7.077465,0 107.963994,-7.077604,0 107.963917,-7.077713,0 107.963774,-7.077764,0 107.963691,-7.077729,0 107.963536,-7.077557,0 107.963376,-7.077480,0 107.963233,-7.077491,0 107.962838,-7.078451,0 107.962754,-7.078610,0 107.962439,-7.078610,0 107.962370,-7.078781,0 107.962310,-7.078834,0 107.961992,-7.078721,0 107.961345,-7.078478,0 107.960541,-7.078363,0 107.960572,-7.078207,0 107.960679,-7.077685,0 107.960761,-7.077275,0 107.961055,-7.076119,0 107.960472,-7.076127,0 107.960491,-7.076832,0 107.960161,-7.077029,0 107.959744,-7.076818,0 107.959604,-7.076301,0 107.959559,-7.076191,0 107.958988,-7.076263,0 107.958475,-7.076408,0 107.958230,-7.076480,0 107.958219,-7.076489,0 107.958494,-7.077011,0 107.958522,-7.077391,0 107.957935,-7.077816,0 107.958119,-7.077898,0 107.958199,-7.077917,0 107.959031,-7.078116,0 107.958756,-7.078735,0 107.958283,-7.079388,0 107.957693,-7.079803,0 107.957385,-7.080117,0 107.957028,-7.080150,0 107.956991,-7.080153,0 107.956619,-7.080174,0 107.956296,-7.080189,0 107.956072,-7.080284,0 107.955980,-7.080368,0 107.955802,-7.080628,0 107.955610,-7.080794,0 107.955539,-7.080833,0 107.955467,-7.081410,0 107.954943,-7.081304,0 107.954960,-7.080884,0 107.954021,-7.080617,0 107.953731,-7.080605,0 107.953204,-7.080719,0 107.952935,-7.080828,0 107.952587,-7.081066,0 107.952024,-7.080911,0 107.951599,-7.080389,0 107.951535,-7.080414,0 107.951207,-7.080592,0 107.950999,-7.080706,0 107.950691,-7.080757,0 107.950568,-7.080821,0 107.950527,-7.081131,0 107.950394,-7.081260,0 107.950074,-7.081416,0 107.949806,-7.081461,0 107.949603,-7.081518,0 107.949564,-7.081550,0 107.949489,-7.081611,0 107.949146,-7.081999,0 107.949308,-7.082476,0 107.949330,-7.082563,0 107.949601,-7.082581,0 107.949820,-7.082645,0 107.950138,-7.082741,0 107.950423,-7.082800,0 107.950966,-7.083098,0 107.951531,-7.083418,0 107.951752,-7.083723,0 107.951790,-7.083930,0 107.951820,-7.084147,0 107.951434,-7.084709,0 107.950965,-7.085295,0 107.950686,-7.085598,0 107.950597,-7.085669,0 107.950341,-7.085876,0 107.950332,-7.085948,0 107.950120,-7.085942,0 107.949909,-7.085906,0 107.949761,-7.085837,0 107.949664,-7.085696,0 107.949635,-7.085405,0 107.949656,-7.085117,0 107.949711,-7.084896,0 107.949715,-7.084793,0 107.949628,-7.084662,0 107.949134,-7.084323,0 107.948715,-7.084143,0 107.948667,-7.084128,0 107.948202,-7.084368,0 107.947289,-7.084300,0 107.946723,-7.084516,0 107.946189,-7.084108,0 107.945931,-7.083758,0 107.945734,-7.083443,0 107.945703,-7.083155,0 107.945578,-7.083137,0 107.945354,-7.083181,0 107.945084,-7.083194,0 107.945047,-7.083185,0 107.945086,-7.083317,0 107.945113,-7.083641,0 107.945069,-7.084027,0 107.944933,-7.084310,0 107.944431,-7.084258,0 107.944171,-7.083947,0 107.943842,-7.083356,0 107.943961,-7.082819,0 107.943849,-7.082781,0 107.943598,-7.082784,0 107.943001,-7.082813,0 107.942477,-7.082750,0 107.941937,-7.082715,0 107.941055,-7.082796,0 107.939649,-7.083040,0 107.939488,-7.083110,0 107.939141,-7.083407,0 107.938939,-7.083713,0 107.938847,-7.083821,0 107.938441,-7.084139,0 107.938341,-7.084273,0 107.938253,-7.084478,0 107.938274,-7.084615,0 107.938404,-7.084778,0 107.938557,-7.084869,0 107.938787,-7.085014,0 107.938744,-7.085136,0 107.938585,-7.085381,0 107.938429,-7.085492,0 107.938083,-7.085627,0 107.938071,-7.085737,0 107.938097,-7.085878,0 107.938125,-7.086411,0 107.938111,-7.086431,0 107.938401,-7.086420,0 107.938660,-7.086484,0 107.939024,-7.086595,0 107.938940,-7.087076,0 107.938078,-7.087519,0 107.937419,-7.087396,0 107.936970,-7.087874,0 107.937205,-7.088566,0 107.936635,-7.089333,0 107.936002,-7.089531,0 107.935972,-7.089540,0 107.935557,-7.089514,0 107.935192,-7.089491,0 107.934522,-7.089061,0 107.934654,-7.088628,0 107.934546,-7.088508,0 107.934401,-7.088338,0 107.934371,-7.088304,0 107.934230,-7.088226,0 107.934078,-7.088226,0 107.933727,-7.088219,0 107.933440,-7.088095,0 107.932775,-7.087745,0 107.932610,-7.087769,0 107.931935,-7.087794,0 107.930877,-7.087781,0 107.929718,-7.087769,0 107.929546,-7.087556,0 107.929195,-7.086951,0 107.929131,-7.086674,0 107.929154,-7.086481,0 107.929259,-7.086106,0 107.929263,-7.085940,0 107.929269,-7.085524,0 107.929276,-7.085014,0 107.929214,-7.084950,0 107.929112,-7.084762,0 107.929069,-7.084512,0 107.929111,-7.083980,0 107.929122,-7.083933,0 107.929259,-7.083362,0 107.929687,-7.081537,0 107.929643,-7.081178,0 107.929563,-7.080761,0 107.929527,-7.080319,0 107.929508,-7.080112,0 107.929430,-7.079773,0 107.929361,-7.079593,0 107.929208,-7.079038,0 107.929190,-7.078843,0 107.929225,-7.078737,0 107.929579,-7.078446,0 107.929721,-7.078336,0 107.929833,-7.078251,0 107.929738,-7.077216,0 107.929671,-7.076962,0 107.929521,-7.076765,0 107.929294,-7.076599,0 107.929001,-7.076428,0 107.928793,-7.076620,0 107.928225,-7.076478,0 107.927771,-7.075925,0 107.927498,-7.075097,0 107.927943,-7.074791,0 107.927942,-7.074729,0 107.927933,-7.074516,0 107.928356,-7.073447,0 107.928523,-7.073071,0 107.928668,-7.072692,0 107.928925,-7.072342,0 107.928641,-7.072286,0 107.928257,-7.072311,0 107.927648,-7.072475,0 107.927710,-7.072556,0 107.927384,-7.072892,0 107.926651,-7.073093,0 107.926032,-7.073618,0 107.925756,-7.073578,0 107.925311,-7.073513,0 107.925334,-7.072869,0 107.925449,-7.072881,0 107.925741,-7.072480,0 107.925908,-7.072064,0 107.926139,-7.071485,0 107.926444,-7.071385,0 107.927002,-7.071559,0 107.927207,-7.071913,0 107.928085,-7.071931,0 107.929045,-7.071654,0 107.929080,-7.071346,0 107.929095,-7.071170,0 107.928874,-7.071136,0 107.928739,-7.070922,0 107.928862,-7.070213,0 107.929061,-7.069450,0 107.929057,-7.068555,0 107.929057,-7.068543,0 107.929204,-7.067963,0 107.929273,-7.067642,0 107.929762,-7.067328,0 107.929755,-7.067293,0 107.929782,-7.067041,0 107.929921,-7.066785,0 107.930084,-7.066361,0 107.930169,-7.066064,0 107.930208,-7.065992,0 107.930491,-7.065809,0 107.930791,-7.065649,0 107.930957,-7.065324,0 107.930942,-7.065276,0 107.931217,-7.065222,0 107.931297,-7.065210,0 107.931764,-7.065338,0 107.931976,-7.065395,0 107.931995,-7.065404,0 107.932187,-7.065536,0 107.932202,-7.065551,0 107.932507,-7.065903,0 107.932564,-7.065977,0 107.932958,-7.066229,0 107.933187,-7.066323,0 107.933467,-7.066415,0 107.933747,-7.066617,0 107.933752,-7.066655,0 107.933839,-7.066649,0 107.934065,-7.066637,0 107.934262,-7.066619,0 107.934319,-7.066623,0 107.934486,-7.066369,0 107.934624,-7.066053,0 107.934667,-7.065836,0 107.934641,-7.065607,0 107.934608,-7.065509,0 107.934265,-7.065148,0 107.934195,-7.065074,0 107.933918,-7.064855,0 107.933721,-7.064630,0 107.933403,-7.064132,0 107.933213,-7.063790,0 107.933087,-7.063029,0 107.933068,-7.062821,0 107.933061,-7.062562,0 107.933056,-7.062124,0 107.933001,-7.061698,0 107.932826,-7.061188,0 107.932675,-7.060936,0 107.932359,-7.060624,0 107.932289,-7.060593,0 107.932255,-7.061500,0 107.932445,-7.061905,0 107.932634,-7.062424,0 107.932674,-7.062584,0 107.932695,-7.062751,0 107.932711,-7.062880,0 107.932767,-7.063271,0 107.932850,-7.063654,0 107.932944,-7.063998,0 107.932975,-7.064082,0 107.932976,-7.064108,0 107.932974,-7.064350,0 107.932739,-7.064558,0 107.932418,-7.064704,0 107.932371,-7.064718,0 107.931981,-7.064822,0 107.931682,-7.064783,0 107.931409,-7.064637,0 107.931353,-7.064597,0 107.930818,-7.064899,0 107.930777,-7.064774,0 107.930234,-7.064878,0 107.930087,-7.064235,0 107.930236,-7.063228,0 107.930144,-7.062265,0 107.930192,-7.061572,0 107.930875,-7.061669,0 107.930930,-7.061680,0 107.931527,-7.060780,0 107.931588,-7.060492,0 107.931623,-7.060327,0 107.931656,-7.060000,0 107.929048,-7.060000,0 107.929358,-7.060672,0 107.929362,-7.060791,0 107.929265,-7.060919,0 107.929068,-7.061005,0 107.928664,-7.061097,0 107.928392,-7.061101,0 107.928147,-7.061006,0 107.927734,-7.060864,0 107.927718,-7.060912,0 107.927675,-7.061141,0 107.927549,-7.061373,0 107.928081,-7.061536,0 107.928325,-7.061626,0 107.928341,-7.061634,0 107.928740,-7.061831,0 107.928895,-7.061761,0 107.929338,-7.062264,0 107.929483,-7.062852,0 107.929578,-7.063630,0 107.929205,-7.064270,0 107.928752,-7.063660,0 107.928052,-7.063468,0 107.927713,-7.062787,0 107.927687,-7.062732,0 107.927673,-7.062262,0 107.927647,-7.061960,0 107.927422,-7.061653,0 107.927351,-7.061571,0 107.927549,-7.061373,0 107.927408,-7.061243,0 107.926462,-7.061127,0 107.925990,-7.061180,0 107.925918,-7.060707,0 107.925942,-7.060399,0 107.925998,-7.060138,0 107.926046,-7.060047,0 107.926029,-7.060000,0 107.921330,-7.060000,0</coordinates></LinearRing></outerBoundaryIs><innerBoundaryIs><LinearRing><coordinates>107.924289,-7.062012,0 107.924436,-7.061978,0 107.925211,-7.062017,0 107.925632,-7.062161,0 107.925771,-7.062756,0 107.925323,-7.063083,0 107.924634,-7.063004,0 107.924317,-7.062489,0 107.924396,-7.062424,0 107.924358,-7.062139,0 107.924289,-7.062012,0</coordinates></LinearRing></innerBoundaryIs><innerBoundaryIs><LinearRing><coordinates>107.922800,-7.062452,0 107.922825,-7.062860,0 107.922363,-7.063181,0 107.922014,-7.063401,0 107.921727,-7.063696,0 107.921687,-7.063737,0 107.921363,-7.064027,0 107.921149,-7.064035,0 107.921132,-7.063888,0 107.921128,-7.063841,0 107.921080,-7.063335,0 107.921084,-7.063275,0 107.921714,-7.063090,0 107.921717,-7.063015,0 107.921735,-7.062695,0 107.921747,-7.062227,0 107.921732,-7.062143,0 107.922228,-7.062117,0 107.922245,-7.062116,0 107.922800,-7.062452,0</coordinates></LinearRing></innerBoundaryIs><innerBoundaryIs><LinearRing><coordinates>107.923459,-7.065758,0 107.924071,-7.065347,0 107.924340,-7.065739,0 107.924175,-7.065712,0 107.924092,-7.065824,0 107.923993,-7.066099,0 107.923663,-7.066452,0 107.923469,-7.066599,0 107.923386,-7.066651,0 107.923206,-7.066223,0 107.923459,-7.065758,0</coordinates></LinearRing></innerBoundaryIs><innerBoundaryIs><LinearRing><coordinates>107.925564,-7.065528,0 107.926191,-7.065432,0 107.926265,-7.065782,0 107.926406,-7.065885,0 107.926334,-7.066510,0 107.925503,-7.066626,0 107.925223,-7.066252,0 107.925408,-7.065859,0 107.925564,-7.065528,0</coordinates></LinearRing></innerBoundaryIs><innerBoundaryIs><LinearRing><coordinates>107.921923,-7.066302,0 107.921529,-7.066667,0 107.921378,-7.066758,0 107.921129,-7.066615,0 107.921206,-7.066505,0 107.921318,-7.066335,0 107.921563,-7.065855,0 107.921923,-7.066302,0</coordinates></LinearRing></innerBoundaryIs><innerBoundaryIs><LinearRing><coordinates>107.927868,-7.066692,0 107.927935,-7.067336,0 107.927541,-7.067622,0 107.927226,-7.067621,0 107.927224,-7.067593,0 107.927236,-7.067013,0 107.927645,-7.066805,0 107.927868,-7.066692,0</coordinates></LinearRing></innerBoundaryIs><innerBoundaryIs><LinearRing><coordinates>107.923369,-7.067415,0 107.923266,-7.067784,0 107.923019,-7.067894,0 107.923144,-7.067218,0 107.923159,-7.067182,0 107.923369,-7.067415,0</coordinates></LinearRing></innerBoundaryIs><innerBoundaryIs><LinearRing><coordinates>107.921294,-7.068209,0 107.921022,-7.068613,0 107.921000,-7.069317,0 107.920809,-7.069962,0 107.920770,-7.069999,0 107.920544,-7.070217,0 107.920118,-7.070365,0 107.919638,-7.070077,0 107.919580,-7.070039,0 107.919153,-7.069760,0 107.918408,-7.069495,0 107.918295,-7.069455,0 107.918051,-7.068851,0 107.917699,-7.068822,0 107.917532,-7.068832,0 107.917690,-7.068356,0 107.918138,-7.068517,0 107.918151,-7.068085,0 107.918074,-7.067785,0 107.918038,-7.067715,0 107.918882,-7.067678,0 107.919136,-7.067802,0 107.919198,-7.067755,0 107.919348,-7.067740,0 107.919970,-7.067759,0 107.920151,-7.067691,0 107.920336,-7.067626,0 107.920449,-7.067817,0 107.920540,-7.067893,0 107.920595,-7.067777,0 107.920815,-7.067314,0 107.920825,-7.067256,0 107.920835,-7.067215,0 107.920864,-7.067116,0 107.921589,-7.067316,0 107.921455,-7.067305,0 107.921331,-7.067500,0 107.921272,-7.067614,0 107.921446,-7.068012,0 107.921491,-7.067998,0 107.921813,-7.067944,0 107.921934,-7.067992,0 107.922048,-7.067985,0 107.922272,-7.067975,0 107.922398,-7.068042,0 107.922462,-7.068041,0 107.922473,-7.068223,0 107.922365,-7.068667,0 107.922260,-7.068857,0 107.922246,-7.068874,0 107.921658,-7.068997,0 107.921537,-7.068918,0 107.921466,-7.068780,0 107.921369,-7.068492,0 107.921294,-7.068209,0</coordinates></LinearRing></innerBoundaryIs><innerBoundaryIs><LinearRing><coordinates>107.921115,-7.070102,0 107.921737,-7.070289,0 107.921775,-7.070299,0 107.921926,-7.070411,0 107.922030,-7.070498,0 107.921939,-7.070723,0 107.921554,-7.070754,0 107.921135,-7.070482,0 107.921115,-7.070102,0</coordinates></LinearRing></innerBoundaryIs><innerBoundaryIs><LinearRing><coordinates>107.917111,-7.068857,0 107.916938,-7.068867,0 107.916528,-7.068917,0 107.916523,-7.068445,0 107.917124,-7.068490,0 107.917111,-7.068857,0</coordinates></LinearRing></innerBoundaryIs><innerBoundaryIs><LinearRing><coordinates>107.922569,-7.073188,0 107.922778,-7.072582,0 107.923313,-7.072202,0 107.923726,-7.072185,0 107.923826,-7.072519,0 107.923870,-7.072503,0 107.923942,-7.072501,0 107.924039,-7.072518,0 107.923888,-7.072781,0 107.923811,-7.072955,0 107.924043,-7.073501,0 107.924093,-7.073657,0 107.923922,-7.074172,0 107.923701,-7.074596,0 107.923568,-7.075108,0 107.923568,-7.075109,0 107.922993,-7.074937,0 107.922851,-7.074472,0 107.922849,-7.074464,0 107.922325,-7.074103,0 107.922569,-7.073188,0</coordinates></LinearRing></innerBoundaryIs><innerBoundaryIs><LinearRing><coordinates>107.916074,-7.074076,0 107.915979,-7.074173,0 107.915968,-7.074181,0 107.916413,-7.074538,0 107.916624,-7.075189,0 107.916085,-7.075892,0 107.915654,-7.075677,0 107.915329,-7.075483,0 107.915291,-7.075939,0 107.915346,-7.076339,0 107.914613,-7.076383,0 107.914936,-7.075854,0 107.914818,-7.075437,0 107.914463,-7.075289,0 107.914213,-7.075011,0 107.914208,-7.074974,0 107.914429,-7.074952,0 107.914528,-7.074267,0 107.915065,-7.073996,0 107.915956,-7.073974,0 107.916074,-7.074076,0</coordinates></LinearRing></innerBoundaryIs><innerBoundaryIs><LinearRing><coordinates>107.921948,-7.075320,0 107.922045,-7.075208,0 107.922272,-7.075404,0 107.922272,-7.075404,0 107.922174,-7.075516,0 107.921948,-7.075320,0</coordinates></LinearRing></innerBoundaryIs><innerBoundaryIs><LinearRing><coordinates>107.920577,-7.075688,0 107.919941,-7.076383,0 107.919866,-7.076558,0 107.919632,-7.076586,0 107.919627,-7.076587,0 107.919377,-7.075937,0 107.919702,-7.075443,0 107.920577,-7.075688,0</coordinates></LinearRing></innerBoundaryIs><innerBoundaryIs><LinearRing><coordinates>107.920465,-7.076542,0 107.920731,-7.076569,0 107.921212,-7.076711,0 107.921433,-7.076774,0 107.921440,-7.076767,0 107.921473,-7.077024,0 107.921267,-7.077339,0 107.920811,-7.077272,0 107.920437,-7.077059,0 107.920465,-7.076542,0</coordinates></LinearRing></innerBoundaryIs><innerBoundaryIs><LinearRing><coordinates>107.905496,-7.075415,0 107.905000,-7.075479,0 107.905000,-7.074797,0 107.905110,-7.074167,0 107.905281,-7.074222,0 107.905723,-7.074342,0 107.906251,-7.074575,0 107.906346,-7.074601,0 107.906380,-7.074797,0 107.906199,-7.075216,0 107.906191,-7.075236,0 107.905496,-7.075415,0</coordinates></LinearRing></innerBoundaryIs><innerBoundaryIs><LinearRing><coordinates>107.910091,-7.074650,0 107.910166,-7.074313,0 107.910143,-7.073876,0 107.909446,-7.073900,0 107.909226,-7.073620,0 107.909763,-7.073203,0 107.909788,-7.073207,0 107.909792,-7.073208,0 107.910213,-7.073321,0 107.910568,-7.073531,0 107.911038,-7.073344,0 107.911603,-7.073375,0 107.911861,-7.073915,0 107.911330,-7.074749,0 107.910845,-7.074708,0 107.910308,-7.074662,0 107.910079,-7.074728,0 107.910091,-7.074650,0</coordinates></LinearRing></innerBoundaryIs><innerBoundaryIs><LinearRing><coordinates>107.908445,-7.075321,0 107.907947,-7.075379,0 107.907714,-7.075058,0 107.907765,-7.074781,0 107.907867,-7.074787,0 107.908086,-7.074801,0 107.908321,-7.074739,0 107.908425,-7.074709,0 107.908445,-7.075321,0</coordinates></LinearRing></innerBoundaryIs><innerBoundaryIs><LinearRing><coordinates>107.919399,-7.083046,0 107.920062,-7.082474,0 107.920243,-7.082457,0 107.920406,-7.082441,0 107.921586,-7.082841,0 107.921482,-7.083066,0 107.920635,-7.084253,0 107.920518,-7.084636,0 107.920512,-7.084724,0 107.920260,-7.084807,0 107.919626,-7.085394,0 107.918661,-7.085957,0 107.917993,-7.085993,0 107.917089,-7.085717,0 107.917178,-7.084938,0 107.917382,-7.085090,0 107.917687,-7.085219,0 107.917895,-7.085259,0 107.918049,-7.085170,0 107.918199,-7.085019,0 107.918225,-7.084930,0 107.918085,-7.084748,0 107.917991,-7.084625,0 107.917932,-7.084324,0 107.918005,-7.083718,0 107.918402,-7.083540,0 107.918742,-7.083911,0 107.919096,-7.083593,0 107.919399,-7.083046,0</coordinates></LinearRing></innerBoundaryIs><innerBoundaryIs><LinearRing><coordinates>107.914224,-7.087970,0 107.914222,-7.087801,0 107.914033,-7.087325,0 107.913964,-7.086437,0 107.913118,-7.086111,0 107.913150,-7.085952,0 107.913150,-7.085951,0 107.913202,-7.085933,0 107.913391,-7.085911,0 107.913643,-7.085966,0 107.913997,-7.086099,0 107.914484,-7.086293,0 107.914806,-7.086132,0 107.915003,-7.086096,0 107.915547,-7.086440,0 107.915886,-7.087026,0 107.915894,-7.087876,0 107.915507,-7.088022,0 107.915650,-7.088034,0 107.915776,-7.088173,0 107.915882,-7.088135,0 107.917503,-7.087563,0 107.918677,-7.087086,0 107.919178,-7.086912,0 107.919752,-7.086810,0 107.920323,-7.086741,0 107.921757,-7.086922,0 107.922727,-7.087087,0 107.923694,-7.087300,0 107.923695,-7.087300,0 107.924235,-7.087450,0 107.924551,-7.087497,0 107.924562,-7.087501,0 107.925216,-7.087752,0 107.925831,-7.088105,0 107.925933,-7.088192,0 107.925738,-7.088535,0 107.925754,-7.088741,0 107.926648,-7.089842,0 107.927529,-7.090646,0 107.927459,-7.090709,0 107.927183,-7.090887,0 107.926983,-7.090979,0 107.926532,-7.090990,0 107.926147,-7.090925,0 107.926116,-7.091412,0 107.926085,-7.091648,0 107.926075,-7.091720,0 107.926080,-7.091857,0 107.925523,-7.092546,0 107.925514,-7.092555,0 107.925399,-7.092685,0 107.925259,-7.092772,0 107.925105,-7.092772,0 107.924909,-7.092707,0 107.924810,-7.092614,0 107.924797,-7.092560,0 107.924737,-7.092322,0 107.924703,-7.092012,0 107.924751,-7.091770,0 107.924814,-7.091656,0 107.925316,-7.090762,0 107.925285,-7.090492,0 107.924999,-7.090117,0 107.924783,-7.089899,0 107.924312,-7.089595,0 107.924066,-7.089368,0 107.923825,-7.088914,0 107.923604,-7.088597,0 107.923505,-7.088383,0 107.923146,-7.088302,0 107.922967,-7.088264,0 107.922811,-7.088217,0 107.922517,-7.088385,0 107.922268,-7.088505,0 107.922349,-7.088818,0 107.922489,-7.089046,0 107.922848,-7.089572,0 107.923116,-7.089851,0 107.923211,-7.089972,0 107.923704,-7.090711,0 107.923795,-7.090934,0 107.923787,-7.091100,0 107.923688,-7.091278,0 107.923494,-7.091439,0 107.922965,-7.091668,0 107.922938,-7.091679,0 107.922670,-7.091750,0 107.922542,-7.091740,0 107.922460,-7.091685,0 107.922452,-7.091671,0 107.922371,-7.091520,0 107.922314,-7.091213,0 107.921981,-7.090396,0 107.921946,-7.090195,0 107.922007,-7.089912,0 107.922026,-7.089764,0 107.921814,-7.089415,0 107.921362,-7.089490,0 107.920984,-7.089574,0 107.920879,-7.089573,0 107.920802,-7.089483,0 107.920757,-7.089184,0 107.920815,-7.088883,0 107.920821,-7.088866,0 107.920865,-7.088718,0 107.920951,-7.087983,0 107.921101,-7.087211,0 107.921151,-7.087108,0 107.920982,-7.087056,0 107.920740,-7.086955,0 107.919986,-7.087353,0 107.920302,-7.088127,0 107.919417,-7.088287,0 107.919245,-7.088226,0 107.919000,-7.088140,0 107.918462,-7.087675,0 107.918298,-7.087505,0 107.918099,-7.087616,0 107.917810,-7.087796,0 107.916781,-7.088494,0 107.916558,-7.088592,0 107.916235,-7.088625,0 107.916195,-7.088637,0 107.916169,-7.088644,0 107.916071,-7.088725,0 107.915865,-7.088759,0 107.915842,-7.089492,0 107.915044,-7.089364,0 107.914417,-7.089279,0 107.914034,-7.089486,0 107.913802,-7.090381,0 107.913725,-7.090436,0 107.913435,-7.090644,0 107.912930,-7.090653,0 107.912892,-7.090656,0 107.912799,-7.090808,0 107.912608,-7.091073,0 107.912163,-7.091321,0 107.911790,-7.091524,0 107.911700,-7.091645,0 107.911669,-7.091705,0 107.911657,-7.091739,0 107.911459,-7.092264,0 107.911314,-7.092469,0 107.911329,-7.092510,0 107.911757,-7.092516,0 107.911746,-7.092193,0 107.911875,-7.091930,0 107.912138,-7.091784,0 107.912249,-7.091735,0 107.912589,-7.091585,0 107.912971,-7.091470,0 107.913666,-7.091713,0 107.913732,-7.090756,0 107.913845,-7.090662,0 107.914140,-7.090509,0 107.915138,-7.090685,0 107.915132,-7.090651,0 107.915438,-7.090260,0 107.916160,-7.090235,0 107.916740,-7.090395,0 107.916734,-7.090683,0 107.916732,-7.090817,0 107.916434,-7.091309,0 107.916180,-7.091569,0 107.915982,-7.091782,0 107.915638,-7.091870,0 107.915531,-7.091902,0 107.915438,-7.091946,0 107.915352,-7.092129,0 107.915375,-7.092503,0 107.915379,-7.092555,0 107.915383,-7.092619,0 107.915394,-7.092748,0 107.915476,-7.092874,0 107.915560,-7.092895,0 107.915587,-7.092948,0 107.915633,-7.093024,0 107.915548,-7.093077,0 107.915271,-7.093181,0 107.915104,-7.093183,0 107.914668,-7.093094,0 107.914644,-7.092991,0 107.914727,-7.092623,0 107.914767,-7.092450,0 107.914901,-7.092461,0 107.914851,-7.091902,0 107.914706,-7.091924,0 107.914619,-7.091938,0 107.914349,-7.092046,0 107.914345,-7.092054,0 107.914204,-7.092341,0 107.914112,-7.092450,0 107.913909,-7.092514,0 107.913382,-7.092474,0 107.913083,-7.092506,0 107.913017,-7.092634,0 107.912836,-7.093019,0 107.912558,-7.093268,0 107.912233,-7.093166,0 107.912099,-7.093531,0 107.912021,-7.093929,0 107.912042,-7.094268,0 107.912141,-7.094548,0 107.912419,-7.094714,0 107.912913,-7.094902,0 107.912864,-7.094922,0 107.912474,-7.095132,0 107.912083,-7.095289,0 107.911936,-7.095225,0 107.911849,-7.095084,0 107.911577,-7.094743,0 107.911460,-7.094805,0 107.911457,-7.094876,0 107.911576,-7.095029,0 107.911758,-7.095310,0 107.911795,-7.095519,0 107.911719,-7.095613,0 107.911561,-7.095702,0 107.911299,-7.095730,0 107.911004,-7.095685,0 107.910355,-7.095510,0 107.910061,-7.095396,0 107.910018,-7.095372,0 107.910033,-7.095346,0 107.910277,-7.094933,0 107.910961,-7.093735,0 107.910808,-7.093708,0 107.910392,-7.093593,0 107.910071,-7.093792,0 107.909662,-7.094220,0 107.909284,-7.094903,0 107.909167,-7.095494,0 107.908676,-7.096103,0 107.908043,-7.096317,0 107.908006,-7.096360,0 107.907966,-7.096434,0 107.907741,-7.096757,0 107.907284,-7.097106,0 107.906846,-7.097563,0 107.906736,-7.097700,0 107.906651,-7.097915,0 107.906777,-7.098868,0 107.906792,-7.099125,0 107.906743,-7.099312,0 107.906502,-7.099566,0 107.905858,-7.098562,0 107.905587,-7.098060,0 107.905577,-7.097462,0 107.905580,-7.097276,0 107.905690,-7.097036,0 107.906216,-7.096259,0 107.906479,-7.096231,0 107.906775,-7.096108,0 107.906889,-7.095976,0 107.907037,-7.095687,0 107.907208,-7.095427,0 107.907383,-7.095320,0 107.907907,-7.095022,0 107.908164,-7.094800,0 107.908422,-7.094180,0 107.908700,-7.093385,0 107.908533,-7.093460,0 107.908358,-7.093564,0 107.908444,-7.093109,0 107.908836,-7.093054,0 107.909129,-7.093040,0 107.909154,-7.093322,0 107.909371,-7.093295,0 107.909842,-7.093126,0 107.910414,-7.092866,0 107.910864,-7.092757,0 107.911005,-7.092672,0 107.910923,-7.092567,0 107.910878,-7.092157,0 107.910965,-7.091743,0 107.910987,-7.091643,0 107.911703,-7.091518,0 107.911751,-7.091243,0 107.911797,-7.091032,0 107.912264,-7.090863,0 107.912451,-7.090612,0 107.912907,-7.090030,0 107.913068,-7.089792,0 107.913064,-7.089560,0 107.913008,-7.089270,0 107.913010,-7.089120,0 107.913131,-7.088776,0 107.913260,-7.088551,0 107.913445,-7.088477,0 107.913685,-7.088369,0 107.913796,-7.088243,0 107.913828,-7.088207,0 107.913871,-7.088070,0 107.913939,-7.087983,0 107.914112,-7.087949,0 107.914224,-7.087970,0</coordinates></LinearRing></innerBoundaryIs><innerBoundaryIs><LinearRing><coordinates>107.963037,-7.090773,0 107.963062,-7.090626,0 107.963132,-7.090225,0 107.963287,-7.089919,0 107.963337,-7.090121,0 107.963341,-7.090410,0 107.963372,-7.090717,0 107.963771,-7.090821,0 107.964258,-7.090820,0 107.964255,-7.090452,0 107.963882,-7.089926,0 107.963420,-7.089695,0 107.963626,-7.089301,0 107.963661,-7.089143,0 107.963706,-7.089162,0 107.963952,-7.089214,0 107.964359,-7.089328,0 107.964553,-7.089558,0 107.964583,-7.089655,0 107.964819,-7.089679,0 107.965018,-7.089988,0 107.965036,-7.090564,0 107.965334,-7.090933,0 107.965842,-7.091333,0 107.966207,-7.091253,0 107.966395,-7.090807,0 107.966603,-7.090334,0 107.967305,-7.090083,0 107.967261,-7.090089,0 107.966953,-7.090095,0 107.966683,-7.090036,0 107.966555,-7.089939,0 107.966549,-7.089825,0 107.966532,-7.089465,0 107.966461,-7.089367,0 107.966386,-7.089390,0 107.966063,-7.089593,0 107.965798,-7.089722,0 107.965592,-7.089709,0 107.965454,-7.089596,0 107.965419,-7.089488,0 107.965442,-7.089268,0 107.965521,-7.089109,0 107.965708,-7.088886,0 107.965827,-7.088689,0 107.965890,-7.088432,0 107.965867,-7.088148,0 107.965759,-7.087678,0 107.965797,-7.087444,0 107.966115,-7.085637,0 107.966286,-7.085483,0 107.966420,-7.085433,0 107.966598,-7.085466,0 107.966775,-7.085569,0 107.966980,-7.085766,0 107.967086,-7.085952,0 107.967099,-7.086126,0 107.967083,-7.086522,0 107.966993,-7.086865,0 107.966950,-7.087140,0 107.967028,-7.087248,0 107.967370,-7.087656,0 107.967373,-7.087883,0 107.967341,-7.088260,0 107.967254,-7.088531,0 107.967231,-7.088684,0 107.967285,-7.088800,0 107.967409,-7.089102,0 107.967628,-7.089798,0 107.967723,-7.089872,0 107.967935,-7.089904,0 107.968258,-7.089900,0 107.968308,-7.089784,0 107.968450,-7.089065,0 107.968545,-7.088525,0 107.968666,-7.088353,0 107.968817,-7.088251,0 107.968966,-7.088256,0 107.969413,-7.088373,0 107.969646,-7.088397,0 107.970024,-7.088714,0 107.969606,-7.088954,0 107.969432,-7.089391,0 107.969419,-7.089675,0 107.969556,-7.090242,0 107.969557,-7.090244,0 107.969574,-7.090488,0 107.969531,-7.090692,0 107.969453,-7.090776,0 107.969280,-7.090847,0 107.968999,-7.090881,0 107.968962,-7.090891,0 107.969111,-7.091068,0 107.969166,-7.091374,0 107.969190,-7.091508,0 107.969125,-7.091913,0 107.969073,-7.092191,0 107.969057,-7.092279,0 107.969051,-7.092309,0 107.968789,-7.092495,0 107.968648,-7.092495,0 107.968366,-7.092763,0 107.968123,-7.092897,0 107.967719,-7.092959,0 107.967387,-7.092941,0 107.967014,-7.092868,0 107.966952,-7.092861,0 107.966508,-7.092782,0 107.965769,-7.092435,0 107.965539,-7.092301,0 107.965134,-7.092065,0 107.965082,-7.092121,0 107.964952,-7.092305,0 107.964813,-7.092502,0 107.964706,-7.092635,0 107.964839,-7.092751,0 107.964911,-7.093188,0 107.964759,-7.093843,0 107.964243,-7.094343,0 107.964007,-7.094336,0 107.963932,-7.094266,0 107.963781,-7.094371,0 107.963463,-7.094542,0 107.963179,-7.094622,0 107.963140,-7.094560,0 107.963102,-7.094910,0 107.962851,-7.095102,0 107.962143,-7.095110,0 107.961533,-7.094930,0 107.961622,-7.094680,0 107.961588,-7.094608,0 107.961407,-7.094354,0 107.961268,-7.094276,0 107.960783,-7.094172,0 107.960586,-7.094001,0 107.960527,-7.093852,0 107.960348,-7.093233,0 107.960287,-7.093066,0 107.960154,-7.092885,0 107.960072,-7.092715,0 107.959975,-7.092546,0 107.959792,-7.092338,0 107.959450,-7.091948,0 107.959132,-7.092065,0 107.958398,-7.092250,0 107.958417,-7.091630,0 107.958433,-7.091443,0 107.958458,-7.091169,0 107.959524,-7.091275,0 107.959700,-7.091211,0 107.959951,-7.091142,0 107.960318,-7.091151,0 107.960419,-7.091150,0 107.960983,-7.091099,0 107.960970,-7.091358,0 107.960955,-7.091427,0 107.960899,-7.091686,0 107.960806,-7.091732,0 107.960851,-7.091873,0 107.961030,-7.092330,0 107.961272,-7.092947,0 107.961371,-7.093105,0 107.961535,-7.093169,0 107.961730,-7.093114,0 107.962046,-7.092907,0 107.962286,-7.092651,0 107.962446,-7.092321,0 107.962572,-7.092063,0 107.962584,-7.091975,0 107.962351,-7.091860,0 107.962156,-7.091746,0 107.961969,-7.091548,0 107.961839,-7.091421,0 107.961458,-7.091052,0 107.961401,-7.090986,0 107.961412,-7.090979,0 107.961583,-7.090849,0 107.961824,-7.090765,0 107.962490,-7.090725,0 107.962985,-7.090795,0 107.963037,-7.090773,0</coordinates></LinearRing></innerBoundaryIs><innerBoundaryIs><LinearRing><coordinates>107.944031,-7.090699,0 107.944001,-7.090711,0 107.943913,-7.090772,0 107.943546,-7.090736,0 107.943371,-7.090363,0 107.943493,-7.089865,0 107.943837,-7.089812,0 107.944247,-7.089995,0 107.944502,-7.090144,0 107.944473,-7.090520,0 107.944031,-7.090699,0</coordinates></LinearRing></innerBoundaryIs><innerBoundaryIs><LinearRing><coordinates>107.931652,-7.091724,0 107.931526,-7.091651,0 107.931480,-7.091614,0 107.931297,-7.091464,0 107.931178,-7.091264,0 107.931173,-7.091171,0 107.931336,-7.090861,0 107.931517,-7.090749,0 107.931846,-7.090677,0 107.932647,-7.090643,0 107.933052,-7.090709,0 107.933283,-7.090884,0 107.933662,-7.091394,0 107.933860,-7.091589,0 107.933869,-7.091599,0 107.934026,-7.091760,0 107.934377,-7.091669,0 107.934634,-7.091594,0 107.934696,-7.091576,0 107.935196,-7.091432,0 107.935306,-7.091280,0 107.935335,-7.091185,0 107.936091,-7.091281,0 107.936147,-7.091276,0 107.936386,-7.091317,0 107.936524,-7.091440,0 107.936609,-7.091582,0 107.936691,-7.091718,0 107.936768,-7.091981,0 107.936794,-7.092306,0 107.936748,-7.092447,0 107.936734,-7.092484,0 107.936570,-7.092941,0 107.936492,-7.093123,0 107.936348,-7.093320,0 107.936180,-7.093439,0 107.935532,-7.093609,0 107.935088,-7.093667,0 107.935052,-7.093675,0 107.934541,-7.093787,0 107.934509,-7.093757,0 107.934404,-7.093622,0 107.934481,-7.093515,0 107.934504,-7.093424,0 107.934456,-7.093299,0 107.934082,-7.093771,0 107.933338,-7.093867,0 107.932786,-7.093852,0 107.932764,-7.094118,0 107.932194,-7.094138,0 107.932517,-7.093577,0 107.931969,-7.093430,0 107.931930,-7.093266,0 107.931881,-7.093060,0 107.931932,-7.092515,0 107.931947,-7.092358,0 107.931652,-7.091724,0</coordinates></LinearRing></innerBoundaryIs><innerBoundaryIs><LinearRing><coordinates>107.956229,-7.092387,0 107.956772,-7.092416,0 107.956818,-7.093025,0 107.956821,-7.093060,0 107.956542,-7.093488,0 107.956262,-7.093407,0 107.956306,-7.093075,0 107.956229,-7.092387,0</coordinates></LinearRing></innerBoundaryIs><innerBoundaryIs><LinearRing><coordinates>107.958372,-7.093107,0 107.958368,-7.093268,0 107.958724,-7.093283,0 107.959243,-7.093239,0 107.959773,-7.093465,0 107.959908,-7.093965,0 107.959475,-7.094437,0 107.959162,-7.094787,0 107.958806,-7.095004,0 107.958298,-7.095170,0 107.957679,-7.095040,0 107.957539,-7.094546,0 107.957300,-7.094046,0 107.957423,-7.093464,0 107.957615,-7.093136,0 107.957862,-7.093142,0 107.958372,-7.093107,0</coordinates></LinearRing></innerBoundaryIs><innerBoundaryIs><LinearRing><coordinates>107.969652,-7.096358,0 107.969549,-7.096301,0 107.969279,-7.096238,0 107.969030,-7.096254,0 107.968840,-7.096380,0 107.968655,-7.096456,0 107.968518,-7.096411,0 107.968473,-7.096471,0 107.968331,-7.096578,0 107.968179,-7.096606,0 107.967980,-7.096570,0 107.967542,-7.096377,0 107.967356,-7.096225,0 107.967245,-7.096007,0 107.967229,-7.095812,0 107.967195,-7.095701,0 107.967091,-7.095674,0 107.967009,-7.095653,0 107.966831,-7.095430,0 107.966627,-7.095399,0 107.966406,-7.095443,0 107.966244,-7.095516,0 107.966176,-7.095624,0 107.966138,-7.095824,0 107.966078,-7.095832,0 107.965748,-7.095791,0 107.965207,-7.095625,0 107.965067,-7.095502,0 107.964987,-7.095328,0 107.964958,-7.095129,0 107.965006,-7.094627,0 107.965096,-7.094479,0 107.965375,-7.094229,0 107.965609,-7.094147,0 107.966154,-7.094030,0 107.966383,-7.093897,0 107.966737,-7.093687,0 107.967207,-7.093515,0 107.967714,-7.093399,0 107.968470,-7.093317,0 107.969688,-7.093264,0 107.969917,-7.093354,0 107.970112,-7.093655,0 107.970234,-7.094092,0 107.970253,-7.094307,0 107.970206,-7.094403,0 107.969810,-7.094503,0 107.968311,-7.094675,0 107.968079,-7.094710,0 107.967789,-7.094938,0 107.967929,-7.095091,0 107.968885,-7.094956,0 107.969151,-7.094897,0 107.969251,-7.095105,0 107.969498,-7.094743,0 107.969983,-7.094966,0 107.970478,-7.095485,0 107.970617,-7.096040,0 107.970614,-7.096436,0 107.970405,-7.096818,0 107.970200,-7.096684,0 107.969943,-7.096521,0 107.969652,-7.096358,0</coordinates></LinearRing></innerBoundaryIs><innerBoundaryIs><LinearRing><coordinates>107.966077,-7.096254,0 107.966662,-7.096657,0 107.966376,-7.097010,0 107.966330,-7.097051,0 107.965736,-7.096812,0 107.965510,-7.096592,0 107.965493,-7.096237,0 107.966077,-7.096254,0</coordinates></LinearRing></innerBoundaryIs><innerBoundaryIs><LinearRing><coordinates>107.963790,-7.096807,0 107.963572,-7.096906,0 107.963248,-7.096576,0 107.963121,-7.096241,0 107.963173,-7.095990,0 107.963313,-7.095740,0 107.963427,-7.095737,0 107.963644,-7.095837,0 107.963931,-7.096049,0 107.964058,-7.096236,0 107.964102,-7.096387,0 107.964055,-7.096475,0 107.963790,-7.096807,0</coordinates></LinearRing></innerBoundaryIs><innerBoundaryIs><LinearRing><coordinates>107.955949,-7.095679,0 107.955900,-7.095733,0 107.955700,-7.095680,0 107.955471,-7.095552,0 107.955363,-7.095441,0 107.955329,-7.095201,0 107.955388,-7.095048,0 107.955468,-7.094958,0 107.955624,-7.094895,0 107.955762,-7.094915,0 107.956081,-7.095152,0 107.956023,-7.095471,0 107.955949,-7.095679,0</coordinates></LinearRing></innerBoundaryIs><innerBoundaryIs><LinearRing><coordinates>107.950212,-7.096004,0 107.950158,-7.095979,0 107.950518,-7.095221,0 107.950892,-7.094698,0 107.951420,-7.094520,0 107.951487,-7.094685,0 107.951529,-7.094675,0 107.952156,-7.094846,0 107.952943,-7.095280,0 107.953179,-7.095408,0 107.953620,-7.095751,0 107.953908,-7.096114,0 107.953650,-7.096130,0 107.953301,-7.096249,0 107.953070,-7.096295,0 107.952570,-7.096350,0 107.952348,-7.096420,0 107.952170,-7.096540,0 107.952106,-7.096546,0 107.951766,-7.096511,0 107.951390,-7.096414,0 107.951083,-7.096270,0 107.950901,-7.096102,0 107.950784,-7.096017,0 107.950731,-7.095982,0 107.950558,-7.096163,0 107.950503,-7.096331,0 107.950519,-7.096392,0 107.950639,-7.096514,0 107.950698,-7.096716,0 107.950679,-7.096866,0 107.950346,-7.097334,0 107.950230,-7.097496,0 107.950229,-7.097717,0 107.950271,-7.097882,0 107.950465,-7.098191,0 107.950630,-7.098373,0 107.951199,-7.098686,0 107.951771,-7.098684,0 107.951977,-7.098672,0 107.951994,-7.099581,0 107.951870,-7.099819,0 107.951833,-7.099925,0 107.951633,-7.099898,0 107.951427,-7.099754,0 107.951231,-7.099601,0 107.951150,-7.099580,0 107.950917,-7.099770,0 107.950871,-7.099822,0 107.950875,-7.100031,0 107.950932,-7.100381,0 107.950961,-7.100603,0 107.950956,-7.100674,0 107.951418,-7.100257,0 107.951776,-7.100549,0 107.951773,-7.100251,0 107.951867,-7.100259,0 107.952366,-7.100366,0 107.952639,-7.100532,0 107.952788,-7.100784,0 107.952902,-7.101041,0 107.952930,-7.101138,0 107.953324,-7.101269,0 107.953760,-7.101534,0 107.953682,-7.102263,0 107.953695,-7.102273,0 107.953889,-7.102409,0 107.954057,-7.102408,0 107.954204,-7.102634,0 107.954629,-7.102880,0 107.954919,-7.103154,0 107.954930,-7.103218,0 107.955011,-7.103672,0 107.954721,-7.104484,0 107.953939,-7.104480,0 107.953697,-7.104004,0 107.953676,-7.103945,0 107.953551,-7.103947,0 107.953404,-7.104200,0 107.953266,-7.104613,0 107.953112,-7.104859,0 107.952956,-7.105035,0 107.952720,-7.105131,0 107.952526,-7.105145,0 107.952391,-7.105104,0 107.952141,-7.104799,0 107.951918,-7.104087,0 107.951837,-7.103674,0 107.951840,-7.103420,0 107.951914,-7.103229,0 107.952090,-7.103011,0 107.952139,-7.102866,0 107.952064,-7.102736,0 107.951746,-7.102608,0 107.951650,-7.102886,0 107.951623,-7.103015,0 107.951602,-7.103117,0 107.951541,-7.103378,0 107.951359,-7.103872,0 107.951181,-7.104108,0 107.951115,-7.104302,0 107.951062,-7.105025,0 107.951097,-7.105178,0 107.950884,-7.105142,0 107.950612,-7.105041,0 107.950500,-7.104971,0 107.950405,-7.104729,0 107.950355,-7.104553,0 107.950156,-7.104372,0 107.949866,-7.103988,0 107.949655,-7.103453,0 107.949634,-7.103324,0 107.949754,-7.103041,0 107.950059,-7.102686,0 107.950610,-7.101939,0 107.950672,-7.101815,0 107.950609,-7.101674,0 107.950419,-7.101570,0 107.949520,-7.101424,0 107.949297,-7.101356,0 107.949174,-7.101222,0 107.949092,-7.100888,0 107.949087,-7.100822,0 107.949134,-7.100787,0 107.949629,-7.100444,0 107.949900,-7.100394,0 107.950175,-7.100407,0 107.950605,-7.100408,0 107.950635,-7.100337,0 107.950477,-7.100181,0 107.950270,-7.100077,0 107.950032,-7.100066,0 107.949788,-7.100025,0 107.949778,-7.099945,0 107.949842,-7.099846,0 107.950047,-7.099671,0 107.950280,-7.099418,0 107.950265,-7.099347,0 107.950071,-7.099296,0 107.949589,-7.099196,0 107.949544,-7.099383,0 107.949446,-7.099487,0 107.949254,-7.099573,0 107.949043,-7.099590,0 107.948813,-7.099527,0 107.948666,-7.099429,0 107.948576,-7.099297,0 107.948600,-7.099222,0 107.948697,-7.099138,0 107.949036,-7.098846,0 107.949024,-7.098228,0 107.948918,-7.098216,0 107.948560,-7.098259,0 107.947815,-7.098431,0 107.947746,-7.098554,0 107.947734,-7.098788,0 107.947714,-7.099066,0 107.947706,-7.099084,0 107.947732,-7.099095,0 107.948332,-7.099494,0 107.948446,-7.100445,0 107.948384,-7.100735,0 107.948255,-7.101349,0 107.948825,-7.101688,0 107.948833,-7.101716,0 107.949201,-7.101811,0 107.949297,-7.101851,0 107.949356,-7.101982,0 107.949364,-7.102172,0 107.949322,-7.102381,0 107.949131,-7.102694,0 107.948807,-7.103578,0 107.948742,-7.103703,0 107.948597,-7.103790,0 107.948482,-7.103811,0 107.948354,-7.103735,0 107.948033,-7.102971,0 107.947805,-7.102186,0 107.947764,-7.102033,0 107.947482,-7.102503,0 107.947188,-7.102441,0 107.946991,-7.102362,0 107.946841,-7.102805,0 107.946468,-7.102801,0 107.946403,-7.102779,0 107.946222,-7.102289,0 107.946152,-7.102043,0 107.946053,-7.101925,0 107.945931,-7.101884,0 107.945742,-7.101934,0 107.945509,-7.102098,0 107.945298,-7.102382,0 107.945254,-7.102457,0 107.944757,-7.102279,0 107.944632,-7.102482,0 107.944208,-7.102994,0 107.944108,-7.103156,0 107.943901,-7.103349,0 107.943661,-7.103461,0 107.943501,-7.103474,0 107.943368,-7.103412,0 107.943236,-7.103179,0 107.943184,-7.102929,0 107.943149,-7.102771,0 107.943088,-7.102709,0 107.942270,-7.102952,0 107.941884,-7.103110,0 107.941449,-7.103387,0 107.941267,-7.103564,0 107.941070,-7.103949,0 107.941030,-7.104049,0 107.940508,-7.103999,0 107.940476,-7.104055,0 107.940431,-7.104105,0 107.940386,-7.104236,0 107.940325,-7.104728,0 107.940302,-7.104904,0 107.940767,-7.105739,0 107.940685,-7.105879,0 107.940704,-7.105988,0 107.940742,-7.106193,0 107.941158,-7.106180,0 107.941402,-7.106251,0 107.941679,-7.106408,0 107.941867,-7.106619,0 107.941928,-7.106785,0 107.942014,-7.107280,0 107.941999,-7.107523,0 107.941942,-7.107657,0 107.941793,-7.107796,0 107.941715,-7.107792,0 107.941716,-7.107802,0 107.941148,-7.107994,0 107.941154,-7.107964,0 107.941246,-7.107326,0 107.941205,-7.107094,0 107.940430,-7.107247,0 107.940258,-7.107295,0 107.940129,-7.107287,0 107.940007,-7.107108,0 107.939930,-7.106948,0 107.939844,-7.106870,0 107.939674,-7.106848,0 107.939226,-7.106924,0 107.939035,-7.106933,0 107.939127,-7.107397,0 107.939170,-7.107637,0 107.939139,-7.107768,0 107.938865,-7.108037,0 107.938650,-7.108157,0 107.938389,-7.108213,0 107.938164,-7.108210,0 107.937394,-7.107369,0 107.937204,-7.107003,0 107.937115,-7.106669,0 107.937106,-7.106661,0 107.937027,-7.106500,0 107.937010,-7.106238,0 107.937119,-7.105950,0 107.937173,-7.105794,0 107.937075,-7.105514,0 107.936933,-7.105518,0 107.936137,-7.105514,0 107.935662,-7.105072,0 107.935978,-7.104532,0 107.935850,-7.104351,0 107.935706,-7.104122,0 107.935568,-7.103977,0 107.935252,-7.103869,0 107.934711,-7.103817,0 107.934475,-7.103837,0 107.934267,-7.103926,0 107.933860,-7.104253,0 107.933733,-7.104356,0 107.933730,-7.104355,0 107.933483,-7.104761,0 107.933489,-7.105023,0 107.933287,-7.105129,0 107.933165,-7.105113,0 107.932723,-7.104965,0 107.931879,-7.104847,0 107.931742,-7.105140,0 107.932038,-7.105213,0 107.932443,-7.105367,0 107.933043,-7.105559,0 107.933251,-7.105742,0 107.933247,-7.106052,0 107.933295,-7.106072,0 107.933737,-7.106302,0 107.934456,-7.106617,0 107.934491,-7.106492,0 107.934423,-7.105850,0 107.934438,-7.105545,0 107.934515,-7.105525,0 107.934710,-7.105572,0 107.934996,-7.105715,0 107.935780,-7.106176,0 107.935910,-7.106373,0 107.935920,-7.106484,0 107.935838,-7.106626,0 107.935671,-7.106833,0 107.935497,-7.107110,0 107.935321,-7.107107,0 107.934865,-7.107135,0 107.934597,-7.107213,0 107.934278,-7.107208,0 107.934145,-7.107276,0 107.933746,-7.107559,0 107.933756,-7.107611,0 107.933827,-7.108227,0 107.933690,-7.108649,0 107.933714,-7.108811,0 107.933820,-7.109094,0 107.933922,-7.109172,0 107.934020,-7.109124,0 107.934163,-7.108977,0 107.934272,-7.108746,0 107.934474,-7.108450,0 107.934622,-7.108385,0 107.934894,-7.108378,0 107.935434,-7.108321,0 107.935713,-7.108229,0 107.936134,-7.108052,0 107.936695,-7.108022,0 107.936856,-7.108051,0 107.937172,-7.108261,0 107.937307,-7.108449,0 107.937362,-7.108607,0 107.937309,-7.108756,0 107.937222,-7.109080,0 107.937100,-7.109400,0 107.936746,-7.110020,0 107.936547,-7.110237,0 107.936124,-7.110568,0 107.935455,-7.110894,0 107.934872,-7.110749,0 107.934637,-7.110606,0 107.934353,-7.110434,0 107.933948,-7.110342,0 107.933715,-7.110386,0 107.933356,-7.110512,0 107.933201,-7.110583,0 107.933075,-7.110731,0 107.932852,-7.111030,0 107.932627,-7.111160,0 107.932293,-7.111175,0 107.932223,-7.111113,0 107.932132,-7.110901,0 107.932119,-7.110644,0 107.932163,-7.109903,0 107.932170,-7.109598,0 107.932127,-7.109232,0 107.932023,-7.108987,0 107.931978,-7.108864,0 107.932030,-7.108802,0 107.931846,-7.108615,0 107.931686,-7.108432,0 107.931380,-7.108204,0 107.931317,-7.108156,0 107.930609,-7.107963,0 107.930019,-7.107832,0 107.929711,-7.107813,0 107.929497,-7.107545,0 107.929279,-7.107272,0 107.929077,-7.106991,0 107.928908,-7.106727,0 107.928898,-7.106575,0 107.929019,-7.106061,0 107.929042,-7.106025,0 107.929095,-7.106017,0 107.929498,-7.105865,0 107.929736,-7.105827,0 107.930192,-7.105877,0 107.930411,-7.105874,0 107.930613,-7.105838,0 107.930667,-7.105754,0 107.930664,-7.105353,0 107.930924,-7.105058,0 107.930804,-7.104951,0 107.930547,-7.104265,0 107.931029,-7.103700,0 107.931422,-7.103668,0 107.931717,-7.103644,0 107.931738,-7.103647,0 107.931804,-7.103544,0 107.931970,-7.103385,0 107.932143,-7.102878,0 107.932345,-7.102524,0 107.932544,-7.102222,0 107.932718,-7.101982,0 107.933225,-7.101624,0 107.933691,-7.101437,0 107.933738,-7.101423,0 107.933748,-7.101425,0 107.933949,-7.101484,0 107.935318,-7.102304,0 107.935986,-7.102427,0 107.936361,-7.102496,0 107.936881,-7.102525,0 107.937127,-7.102545,0 107.937376,-7.102644,0 107.937420,-7.102661,0 107.937785,-7.102923,0 107.938019,-7.103091,0 107.938151,-7.103206,0 107.938195,-7.103244,0 107.938306,-7.103190,0 107.938748,-7.102976,0 107.938882,-7.102807,0 107.938987,-7.102744,0 107.939338,-7.102596,0 107.939863,-7.102428,0 107.940126,-7.102313,0 107.940789,-7.102217,0 107.941601,-7.102184,0 107.941405,-7.101763,0 107.941431,-7.101383,0 107.941879,-7.101064,0 107.942429,-7.101378,0 107.942403,-7.101801,0 107.942353,-7.102155,0 107.942394,-7.102148,0 107.942880,-7.102219,0 107.943195,-7.102477,0 107.943297,-7.102509,0 107.943558,-7.102484,0 107.943865,-7.102118,0 107.944023,-7.101917,0 107.943995,-7.101349,0 107.944948,-7.101516,0 107.945168,-7.101047,0 107.945467,-7.100467,0 107.945749,-7.099913,0 107.946052,-7.099387,0 107.946029,-7.098860,0 107.945981,-7.098730,0 107.945962,-7.098549,0 107.945989,-7.098231,0 107.946154,-7.097949,0 107.946881,-7.097106,0 107.947247,-7.096737,0 107.947558,-7.096570,0 107.947913,-7.096432,0 107.948347,-7.096321,0 107.948623,-7.096283,0 107.948837,-7.096253,0 107.949320,-7.096275,0 107.949617,-7.096263,0 107.950200,-7.096138,0 107.950212,-7.096004,0</coordinates></LinearRing></innerBoundaryIs><innerBoundaryIs><LinearRing><coordinates>107.942586,-7.094721,0 107.942307,-7.094975,0 107.942139,-7.095086,0 107.941948,-7.095127,0 107.941704,-7.095089,0 107.941451,-7.094964,0 107.941293,-7.094875,0 107.941141,-7.094886,0 107.940914,-7.094954,0 107.940750,-7.094934,0 107.940570,-7.094839,0 107.940469,-7.094717,0 107.940469,-7.094581,0 107.940547,-7.094447,0 107.940806,-7.094278,0 107.941158,-7.094133,0 107.941671,-7.093985,0 107.941869,-7.093986,0 107.942118,-7.094073,0 107.942287,-7.094183,0 107.942514,-7.094439,0 107.942537,-7.094477,0 107.942577,-7.094482,0 107.942655,-7.094572,0 107.942586,-7.094721,0</coordinates></LinearRing></innerBoundaryIs><innerBoundaryIs><LinearRing><coordinates>107.933583,-7.097426,0 107.933018,-7.097582,0 107.932733,-7.097571,0 107.932699,-7.097477,0 107.932772,-7.097083,0 107.932910,-7.096922,0 107.933195,-7.096684,0 107.933461,-7.096396,0 107.933439,-7.096326,0 107.933297,-7.096277,0 107.932945,-7.096268,0 107.932461,-7.096261,0 107.931889,-7.096173,0 107.931791,-7.096051,0 107.931780,-7.095931,0 107.931981,-7.095300,0 107.932178,-7.095082,0 107.932360,-7.095002,0 107.932694,-7.094858,0 107.932858,-7.095046,0 107.933275,-7.095374,0 107.933430,-7.095548,0 107.933702,-7.095852,0 107.933884,-7.096257,0 107.933883,-7.096377,0 107.933758,-7.096724,0 107.933710,-7.096853,0 107.933608,-7.097119,0 107.933647,-7.097402,0 107.933583,-7.097426,0</coordinates></LinearRing></innerBoundaryIs><innerBoundaryIs><LinearRing><coordinates>107.929150,-7.096761,0 107.929139,-7.096793,0 107.929143,-7.097150,0 107.929216,-7.097645,0 107.929294,-7.097789,0 107.929779,-7.098446,0 107.929977,-7.098548,0 107.930207,-7.098692,0 107.930379,-7.098896,0 107.930605,-7.099314,0 107.930619,-7.099481,0 107.930475,-7.099545,0 107.930266,-7.099531,0 107.930030,-7.099549,0 107.929945,-7.099586,0 107.930034,-7.100132,0 107.929890,-7.100699,0 107.929872,-7.100736,0 107.929802,-7.100874,0 107.929496,-7.101353,0 107.929265,-7.101451,0 107.929273,-7.101674,0 107.929210,-7.101989,0 107.929138,-7.102114,0 107.929052,-7.102178,0 107.929053,-7.102181,0 107.928999,-7.102493,0 107.928974,-7.102665,0 107.928312,-7.102894,0 107.928059,-7.102977,0 107.927697,-7.103007,0 107.927595,-7.102997,0 107.927338,-7.103282,0 107.926982,-7.103886,0 107.926362,-7.103630,0 107.926340,-7.103649,0 107.926256,-7.103711,0 107.925941,-7.103947,0 107.925750,-7.104044,0 107.925272,-7.104003,0 107.924914,-7.103881,0 107.924741,-7.103807,0 107.924654,-7.103680,0 107.924507,-7.103463,0 107.924344,-7.103354,0 107.924248,-7.103311,0 107.923717,-7.103105,0 107.923361,-7.102941,0 107.923079,-7.102707,0 107.922572,-7.102297,0 107.922240,-7.102144,0 107.921908,-7.102322,0 107.921328,-7.102426,0 107.920985,-7.102353,0 107.920741,-7.102301,0 107.920801,-7.102484,0 107.920707,-7.103031,0 107.920661,-7.103173,0 107.920519,-7.103290,0 107.920475,-7.103313,0 107.920212,-7.103332,0 107.920104,-7.103315,0 107.919924,-7.103138,0 107.919965,-7.103333,0 107.919993,-7.103585,0 107.919963,-7.103732,0 107.919827,-7.103876,0 107.919622,-7.103998,0 107.919359,-7.104061,0 107.918904,-7.104094,0 107.918468,-7.104072,0 107.917906,-7.103962,0 107.917612,-7.103840,0 107.917196,-7.103599,0 107.916303,-7.103259,0 107.916283,-7.103269,0 107.916068,-7.103325,0 107.915727,-7.103302,0 107.915505,-7.103235,0 107.915503,-7.103235,0 107.915544,-7.103162,0 107.915701,-7.102926,0 107.915902,-7.102803,0 107.916108,-7.102751,0 107.916597,-7.102680,0 107.917039,-7.102615,0 107.917987,-7.102483,0 107.918242,-7.102345,0 107.918322,-7.102350,0 107.918507,-7.102002,0 107.918391,-7.101976,0 107.918162,-7.101851,0 107.918044,-7.101717,0 107.918008,-7.101621,0 107.918028,-7.101519,0 107.917935,-7.101088,0 107.917784,-7.100625,0 107.917741,-7.100411,0 107.918042,-7.100443,0 107.918411,-7.100361,0 107.918775,-7.100270,0 107.918912,-7.100273,0 107.919077,-7.100573,0 107.919295,-7.100003,0 107.919269,-7.099965,0 107.919232,-7.099795,0 107.919244,-7.099574,0 107.919373,-7.099170,0 107.919490,-7.099062,0 107.919747,-7.098983,0 107.920807,-7.098685,0 107.921001,-7.098727,0 107.921067,-7.098823,0 107.921109,-7.098965,0 107.921072,-7.099119,0 107.920963,-7.099240,0 107.920569,-7.099572,0 107.919735,-7.100271,0 107.919995,-7.100430,0 107.920663,-7.100191,0 107.921440,-7.100134,0 107.922213,-7.100115,0 107.922447,-7.100109,0 107.923106,-7.100378,0 107.923405,-7.100903,0 107.923383,-7.101785,0 107.923912,-7.102034,0 107.924077,-7.101545,0 107.924406,-7.101617,0 107.924425,-7.101470,0 107.924644,-7.101066,0 107.924755,-7.100963,0 107.925219,-7.100939,0 107.925298,-7.100935,0 107.925515,-7.100889,0 107.925541,-7.100631,0 107.925516,-7.100074,0 107.925654,-7.099631,0 107.925698,-7.099658,0 107.926170,-7.099982,0 107.926271,-7.100192,0 107.926388,-7.100613,0 107.926485,-7.101313,0 107.926449,-7.101765,0 107.926344,-7.101980,0 107.926273,-7.102161,0 107.926240,-7.102552,0 107.926222,-7.102611,0 107.926313,-7.102421,0 107.926892,-7.102323,0 107.927162,-7.102049,0 107.927148,-7.102023,0 107.927105,-7.101036,0 107.926922,-7.099648,0 107.926888,-7.099167,0 107.926925,-7.098943,0 107.927215,-7.098431,0 107.927357,-7.098226,0 107.927680,-7.097561,0 107.927721,-7.097480,0 107.927341,-7.097475,0 107.926601,-7.097465,0 107.926450,-7.095967,0 107.926474,-7.095603,0 107.926529,-7.094878,0 107.926589,-7.094523,0 107.926365,-7.094327,0 107.926221,-7.093900,0 107.926160,-7.093781,0 107.926021,-7.093782,0 107.925862,-7.093703,0 107.925702,-7.093419,0 107.925620,-7.093209,0 107.925599,-7.092971,0 107.925658,-7.092851,0 107.925762,-7.092816,0 107.926013,-7.092854,0 107.926097,-7.092872,0 107.926094,-7.092726,0 107.926104,-7.092616,0 107.926181,-7.092531,0 107.926254,-7.092462,0 107.926326,-7.092419,0 107.926536,-7.092289,0 107.926716,-7.092455,0 107.926852,-7.092547,0 107.926886,-7.092569,0 107.927140,-7.091934,0 107.928078,-7.091791,0 107.928304,-7.091780,0 107.928474,-7.092043,0 107.928510,-7.092180,0 107.928495,-7.092303,0 107.928403,-7.092413,0 107.928388,-7.092537,0 107.928345,-7.092905,0 107.928319,-7.093172,0 107.928387,-7.093504,0 107.928483,-7.093715,0 107.928620,-7.094015,0 107.928868,-7.094367,0 107.928950,-7.095015,0 107.928973,-7.095069,0 107.929187,-7.095497,0 107.929393,-7.095973,0 107.929368,-7.096147,0 107.929150,-7.096761,0</coordinates></LinearRing></innerBoundaryIs><innerBoundaryIs><LinearRing><coordinates>107.941561,-7.097188,0 107.942175,-7.096805,0 107.942251,-7.096757,0 107.942713,-7.096727,0 107.943151,-7.096979,0 107.942900,-7.097439,0 107.942631,-7.098034,0 107.942153,-7.098425,0 107.941713,-7.098567,0 107.941216,-7.098489,0 107.940824,-7.097925,0 107.941561,-7.097188,0</coordinates></LinearRing></innerBoundaryIs><innerBoundaryIs><LinearRing><coordinates>107.933970,-7.097864,0 107.933980,-7.097860,0 107.934103,-7.097839,0 107.934448,-7.097903,0 107.934973,-7.097924,0 107.935428,-7.097817,0 107.936177,-7.097738,0 107.936582,-7.098139,0 107.936757,-7.098749,0 107.936764,-7.098774,0 107.936742,-7.099345,0 107.936199,-7.099666,0 107.935901,-7.099940,0 107.935493,-7.099946,0 107.935442,-7.099934,0 107.934975,-7.099832,0 107.934257,-7.099695,0 107.933723,-7.099617,0 107.933308,-7.099842,0 107.933178,-7.100304,0 107.932528,-7.101019,0 107.932520,-7.101028,0 107.932110,-7.101520,0 107.931764,-7.101674,0 107.931548,-7.102040,0 107.931409,-7.102728,0 107.931303,-7.102760,0 107.930683,-7.102948,0 107.929926,-7.102927,0 107.929916,-7.102529,0 107.929974,-7.102491,0 107.930075,-7.102426,0 107.930245,-7.102322,0 107.930275,-7.102241,0 107.930365,-7.101582,0 107.930502,-7.101313,0 107.930691,-7.101158,0 107.930932,-7.100980,0 107.931843,-7.100422,0 107.931866,-7.100404,0 107.931850,-7.100384,0 107.931811,-7.100296,0 107.931757,-7.100163,0 107.931958,-7.100060,0 107.932611,-7.099554,0 107.932689,-7.099396,0 107.932739,-7.099160,0 107.932769,-7.098807,0 107.932883,-7.098630,0 107.933098,-7.098420,0 107.933567,-7.098126,0 107.933771,-7.097948,0 107.933970,-7.097864,0</coordinates></LinearRing></innerBoundaryIs><innerBoundaryIs><LinearRing><coordinates>107.938762,-7.099796,0 107.938915,-7.099305,0 107.938923,-7.099285,0 107.939101,-7.098800,0 107.939811,-7.098968,0 107.940250,-7.099045,0 107.940655,-7.099128,0 107.940657,-7.099131,0 107.941225,-7.099683,0 107.941163,-7.100048,0 107.940776,-7.100158,0 107.940132,-7.100092,0 107.939635,-7.100110,0 107.939665,-7.100509,0 107.939177,-7.100621,0 107.939170,-7.100798,0 107.939141,-7.100966,0 107.938818,-7.100870,0 107.938697,-7.100391,0 107.938705,-7.100138,0 107.938762,-7.099796,0</coordinates></LinearRing></innerBoundaryIs><innerBoundaryIs><LinearRing><coordinates>107.935677,-7.100417,0 107.935662,-7.100969,0 107.935851,-7.101382,0 107.935818,-7.101829,0 107.935406,-7.101974,0 107.934681,-7.101878,0 107.934768,-7.101787,0 107.935023,-7.101247,0 107.934958,-7.100469,0 107.935390,-7.100294,0 107.935542,-7.100233,0 107.935677,-7.100417,0</coordinates></LinearRing></innerBoundaryIs><innerBoundaryIs><LinearRing><coordinates>107.912770,-7.103532,0 107.913116,-7.104275,0 107.912829,-7.104748,0 107.912104,-7.104983,0 107.911458,-7.105060,0 107.911020,-7.104681,0 107.911162,-7.104232,0 107.911187,-7.103856,0 107.911140,-7.103301,0 107.911122,-7.103183,0 107.910908,-7.103294,0 107.910408,-7.103283,0 107.910001,-7.103263,0 107.909758,-7.103313,0 107.909674,-7.103332,0 107.909620,-7.103083,0 107.909675,-7.102664,0 107.909933,-7.102167,0 107.910291,-7.101778,0 107.910673,-7.101692,0 107.911098,-7.102315,0 107.911321,-7.102409,0 107.911733,-7.101928,0 107.912227,-7.101917,0 107.912311,-7.101915,0 107.912692,-7.102016,0 107.913104,-7.102339,0 107.913357,-7.102597,0 107.913757,-7.102541,0 107.914304,-7.102681,0 107.914296,-7.102906,0 107.914286,-7.103195,0 107.913558,-7.103223,0 107.912789,-7.103174,0 107.912770,-7.103532,0</coordinates></LinearRing></innerBoundaryIs><innerBoundaryIs><LinearRing><coordinates>107.906314,-7.104017,0 107.906132,-7.103993,0 107.906077,-7.104052,0 107.905574,-7.104578,0 107.905263,-7.104742,0 107.905000,-7.104879,0 107.905000,-7.102224,0 107.905226,-7.101578,0 107.905302,-7.101434,0 107.905489,-7.101283,0 107.905549,-7.101254,0 107.906249,-7.101377,0 107.907009,-7.101415,0 107.907422,-7.101662,0 107.907371,-7.102201,0 107.907359,-7.102355,0 107.907353,-7.102440,0 107.907465,-7.102908,0 107.907588,-7.103277,0 107.907604,-7.103368,0 107.907438,-7.103629,0 107.907142,-7.103948,0 107.906931,-7.104045,0 107.906735,-7.104071,0 107.906314,-7.104017,0</coordinates></LinearRing></innerBoundaryIs><innerBoundaryIs><LinearRing><coordinates>107.909047,-7.099764,0 107.909455,-7.099667,0 107.910024,-7.099969,0 107.910095,-7.100560,0 107.909714,-7.100875,0 107.909178,-7.101431,0 107.908674,-7.101415,0 107.908670,-7.101258,0 107.908597,-7.100819,0 107.908571,-7.100687,0 107.908502,-7.100658,0 107.908258,-7.100702,0 107.907522,-7.100614,0 107.907556,-7.100260,0 107.907667,-7.099817,0 107.907675,-7.099782,0 107.907809,-7.099448,0 107.908168,-7.098716,0 107.908308,-7.098474,0 107.908599,-7.097881,0 107.908831,-7.097424,0 107.908865,-7.097631,0 107.909078,-7.098495,0 107.909217,-7.098783,0 107.909294,-7.099008,0 107.909353,-7.099117,0 107.909433,-7.099239,0 107.909423,-7.099244,0 107.909137,-7.099554,0 107.909071,-7.099687,0 107.909047,-7.099764,0</coordinates></LinearRing></innerBoundaryIs><innerBoundaryIs><LinearRing><coordinates>107.912657,-7.101616,0 107.912650,-7.101621,0 107.912647,-7.101621,0 107.911949,-7.101647,0 107.911730,-7.101590,0 107.911434,-7.101463,0 107.911184,-7.101262,0 107.910927,-7.100937,0 107.910936,-7.100846,0 107.911043,-7.100686,0 107.911214,-7.100560,0 107.911459,-7.100483,0 107.912185,-7.100366,0 107.912404,-7.100425,0 107.912691,-7.100570,0 107.913152,-7.100796,0 107.913113,-7.100855,0 107.912916,-7.101145,0 107.912657,-7.101616,0</coordinates></LinearRing></innerBoundaryIs><innerBoundaryIs><LinearRing><coordinates>107.909945,-7.097962,0 107.909514,-7.097738,0 107.909359,-7.097076,0 107.909622,-7.096732,0 107.910047,-7.096683,0 107.910601,-7.096459,0 107.911061,-7.096451,0 107.911332,-7.096881,0 107.911212,-7.097625,0 107.910874,-7.097966,0 107.910774,-7.097985,0 107.910579,-7.098022,0 107.909945,-7.097962,0</coordinates></LinearRing></innerBoundaryIs><innerBoundaryIs><LinearRing><coordinates>107.909259,-7.096576,0 107.909092,-7.096882,0 107.908890,-7.097302,0 107.908534,-7.096835,0 107.908888,-7.096287,0 107.909260,-7.095912,0 107.909624,-7.096043,0 107.909591,-7.096098,0 107.909259,-7.096576,0</coordinates></LinearRing></innerBoundaryIs><innerBoundaryIs><LinearRing><coordinates>107.914123,-7.096802,0 107.913494,-7.096221,0 107.913406,-7.095712,0 107.913566,-7.095674,0 107.913848,-7.095608,0 107.914324,-7.095883,0 107.914418,-7.096141,0 107.914403,-7.096509,0 107.914123,-7.096802,0 107.914719,-7.097160,0 107.914815,-7.096598,0 107.914849,-7.095704,0 107.915260,-7.095512,0 107.916112,-7.095826,0 107.916456,-7.095997,0 107.916753,-7.096144,0 107.917044,-7.096584,0 107.917673,-7.097119,0 107.918170,-7.097700,0 107.918698,-7.097644,0 107.918783,-7.098131,0 107.918364,-7.098424,0 107.917142,-7.098723,0 107.916808,-7.098798,0 107.916378,-7.098895,0 107.915752,-7.098832,0 107.915306,-7.098810,0 107.915041,-7.098304,0 107.914866,-7.097829,0 107.914568,-7.097868,0 107.914195,-7.097863,0 107.914187,-7.097963,0 107.913058,-7.097475,0 107.912964,-7.096922,0 107.913415,-7.096637,0 107.914018,-7.096766,0 107.914123,-7.096802,0</coordinates></LinearRing></innerBoundaryIs><innerBoundaryIs><LinearRing><coordinates>107.926191,-7.098381,0 107.926176,-7.098465,0 107.926032,-7.098437,0 107.925438,-7.098060,0 107.925102,-7.097770,0 107.924659,-7.097169,0 107.924535,-7.096916,0 107.924479,-7.096685,0 107.924515,-7.096453,0 107.924631,-7.096294,0 107.924820,-7.096205,0 107.925081,-7.096176,0 107.925477,-7.096254,0 107.925705,-7.096421,0 107.926123,-7.097202,0 107.926380,-7.097535,0 107.926502,-7.097659,0 107.926191,-7.098381,0</coordinates></LinearRing></innerBoundaryIs><innerBoundaryIs><LinearRing><coordinates>107.925124,-7.098940,0 107.924981,-7.098966,0 107.924875,-7.098936,0 107.924728,-7.098775,0 107.924628,-7.098557,0 107.924630,-7.098431,0 107.924840,-7.098246,0 107.925059,-7.098225,0 107.925311,-7.098438,0 107.925438,-7.098540,0 107.925519,-7.098659,0 107.925460,-7.098798,0 107.925124,-7.098940,0</coordinates></LinearRing></innerBoundaryIs><innerBoundaryIs><LinearRing><coordinates>107.923513,-7.098904,0 107.924273,-7.099142,0 107.924635,-7.099381,0 107.924838,-7.099552,0 107.924954,-7.099834,0 107.924980,-7.100088,0 107.924963,-7.100255,0 107.924880,-7.100397,0 107.924767,-7.100471,0 107.924332,-7.100476,0 107.923749,-7.100362,0 107.923571,-7.100293,0 107.923292,-7.100016,0 107.922695,-7.099383,0 107.922594,-7.099297,0 107.922573,-7.099424,0 107.922188,-7.099423,0 107.921872,-7.099342,0 107.921639,-7.099210,0 107.921510,-7.099056,0 107.921408,-7.098810,0 107.921368,-7.098580,0 107.921408,-7.098480,0 107.921536,-7.098408,0 107.921833,-7.098376,0 107.922211,-7.098443,0 107.922613,-7.098534,0 107.922621,-7.098655,0 107.923513,-7.098904,0</coordinates></LinearRing></innerBoundaryIs><innerBoundaryIs><LinearRing><coordinates>107.919809,-7.098225,0 107.919473,-7.098225,0 107.919351,-7.098193,0 107.919181,-7.097935,0 107.919097,-7.097729,0 107.919078,-7.097511,0 107.919095,-7.097432,0 107.919644,-7.096977,0 107.919935,-7.096992,0 107.920306,-7.097091,0 107.920449,-7.097160,0 107.920544,-7.097302,0 107.920561,-7.097517,0 107.920505,-7.097766,0 107.920432,-7.097899,0 107.920072,-7.098129,0 107.919809,-7.098225,0</coordinates></LinearRing></innerBoundaryIs><innerBoundaryIs><LinearRing><coordinates>107.922539,-7.097432,0 107.922683,-7.097202,0 107.923071,-7.097212,0 107.923329,-7.097660,0 107.922750,-7.097678,0 107.922539,-7.097432,0</coordinates></LinearRing></innerBoundaryIs><innerBoundaryIs><LinearRing><coordinates>107.912163,-7.098341,0 107.911890,-7.098783,0 107.911810,-7.098912,0 107.911244,-7.099126,0 107.910934,-7.099042,0 107.911069,-7.098567,0 107.911469,-7.098676,0 107.911642,-7.098070,0 107.912163,-7.098341,0</coordinates></LinearRing></innerBoundaryIs><innerBoundaryIs><LinearRing><coordinates>107.919376,-7.095215,0 107.919249,-7.095269,0 107.919077,-7.095242,0 107.918993,-7.095162,0 107.918925,-7.094971,0 107.918932,-7.094752,0 107.919263,-7.094184,0 107.919430,-7.094006,0 107.919648,-7.093898,0 107.919703,-7.093885,0 107.919926,-7.093892,0 107.919933,-7.094473,0 107.919626,-7.094834,0 107.919448,-7.095104,0 107.919376,-7.095215,0</coordinates></LinearRing></innerBoundaryIs><innerBoundaryIs><LinearRing><coordinates>107.914469,-7.095049,0 107.914260,-7.095126,0 107.914116,-7.095116,0 107.913994,-7.095050,0 107.913761,-7.094652,0 107.913697,-7.094509,0 107.913718,-7.094407,0 107.913884,-7.094214,0 107.913967,-7.094153,0 107.914126,-7.094174,0 107.914520,-7.094597,0 107.914557,-7.094642,0 107.914517,-7.094958,0 107.914469,-7.095049,0</coordinates></LinearRing></innerBoundaryIs><innerBoundaryIs><LinearRing><coordinates>107.923516,-7.093055,0 107.923913,-7.093121,0 107.924033,-7.093131,0 107.924153,-7.093150,0 107.924312,-7.093209,0 107.924491,-7.093327,0 107.924666,-7.093498,0 107.924792,-7.093662,0 107.925071,-7.093819,0 107.925310,-7.093937,0 107.925589,-7.094113,0 107.925769,-7.094291,0 107.925870,-7.094509,0 107.925842,-7.094727,0 107.925744,-7.094906,0 107.925515,-7.094987,0 107.925062,-7.094864,0 107.924749,-7.094736,0 107.924415,-7.094515,0 107.924212,-7.094307,0 107.924107,-7.094170,0 107.923421,-7.093956,0 107.923020,-7.093875,0 107.922503,-7.093936,0 107.922122,-7.094008,0 107.921738,-7.094023,0 107.921459,-7.093953,0 107.921378,-7.093695,0 107.921573,-7.093218,0 107.921771,-7.093117,0 107.923130,-7.093118,0 107.923516,-7.093055,0</coordinates></LinearRing></innerBoundaryIs><innerBoundaryIs><LinearRing><coordinates>107.919275,-7.093564,0 107.919047,-7.093589,0 107.918870,-7.093501,0 107.918707,-7.093412,0 107.918636,-7.093268,0 107.918645,-7.093085,0 107.918687,-7.093012,0 107.918931,-7.092931,0 107.919297,-7.092852,0 107.919742,-7.092701,0 107.920020,-7.092592,0 107.920297,-7.092511,0 107.920456,-7.092490,0 107.920615,-7.092489,0 107.920775,-7.092627,0 107.920955,-7.092844,0 107.921019,-7.093116,0 107.921001,-7.093271,0 107.920856,-7.093310,0 107.919275,-7.093564,0</coordinates></LinearRing></innerBoundaryIs><innerBoundaryIs><LinearRing><coordinates>107.953795,-7.093886,0 107.953816,-7.093898,0 107.953827,-7.093868,0 107.954027,-7.094062,0 107.954091,-7.094168,0 107.954092,-7.094258,0 107.953958,-7.094383,0 107.953657,-7.094477,0 107.953510,-7.094485,0 107.953347,-7.094398,0 107.953169,-7.094208,0 107.953058,-7.093925,0 107.953088,-7.093839,0 107.953268,-7.093773,0 107.953510,-7.093785,0 107.953795,-7.093886,0</coordinates></LinearRing></innerBoundaryIs><innerBoundaryIs><LinearRing><coordinates>107.955114,-7.094786,0 107.954925,-7.094811,0 107.954798,-7.094769,0 107.954641,-7.094541,0 107.954604,-7.094419,0 107.954667,-7.094224,0 107.954788,-7.094068,0 107.954995,-7.093942,0 107.955219,-7.093879,0 107.955306,-7.093874,0 107.955339,-7.093905,0 107.955488,-7.094202,0 107.955539,-7.094391,0 107.955496,-7.094530,0 107.955352,-7.094692,0 107.955114,-7.094786,0</coordinates></LinearRing></innerBoundaryIs><innerBoundaryIs><LinearRing><coordinates>107.955112,-7.093432,0 107.955013,-7.093012,0 107.954923,-7.092626,0 107.955616,-7.092471,0 107.955809,-7.093172,0 107.955896,-7.093409,0 107.955543,-7.093779,0 107.955112,-7.093432,0</coordinates></LinearRing></innerBoundaryIs><innerBoundaryIs><LinearRing><coordinates>107.957723,-7.095929,0 107.958162,-7.095917,0 107.958044,-7.096511,0 107.957642,-7.096324,0 107.957723,-7.095929,0</coordinates></LinearRing></innerBoundaryIs><innerBoundaryIs><LinearRing><coordinates>107.955069,-7.096316,0 107.955127,-7.096767,0 107.955128,-7.096776,0 107.954565,-7.097229,0 107.953879,-7.097558,0 107.953198,-7.097709,0 107.952783,-7.097260,0 107.953399,-7.096616,0 107.954177,-7.096369,0 107.954339,-7.096250,0 107.954734,-7.096170,0 107.955069,-7.096316,0</coordinates></LinearRing></innerBoundaryIs><innerBoundaryIs><LinearRing><coordinates>107.956198,-7.097704,0 107.956277,-7.097769,0 107.956437,-7.097762,0 107.956232,-7.097842,0 107.955853,-7.098049,0 107.955454,-7.098183,0 107.955060,-7.098250,0 107.954770,-7.098220,0 107.954588,-7.098138,0 107.954446,-7.097980,0 107.954393,-7.097833,0 107.954420,-7.097682,0 107.954512,-7.097544,0 107.954911,-7.097329,0 107.955300,-7.097086,0 107.955468,-7.096993,0 107.955520,-7.096991,0 107.955781,-7.097144,0 107.956040,-7.097381,0 107.956126,-7.097538,0 107.956198,-7.097704,0</coordinates></LinearRing></innerBoundaryIs><innerBoundaryIs><LinearRing><coordinates>107.953966,-7.100158,0 107.955233,-7.100931,0 107.955331,-7.101286,0 107.955803,-7.101548,0 107.956170,-7.102299,0 107.956300,-7.102730,0 107.956369,-7.102957,0 107.955914,-7.103191,0 107.955176,-7.102819,0 107.955242,-7.102737,0 107.955335,-7.102654,0 107.954535,-7.102397,0 107.954331,-7.102407,0 107.954330,-7.102407,0 107.954492,-7.101622,0 107.954222,-7.100815,0 107.953885,-7.100605,0 107.953966,-7.100158,0</coordinates></LinearRing></innerBoundaryIs><innerBoundaryIs><LinearRing><coordinates>107.942855,-7.106542,0 107.942754,-7.106567,0 107.942650,-7.106517,0 107.942331,-7.106253,0 107.941951,-7.105809,0 107.941761,-7.105466,0 107.941676,-7.105311,0 107.941672,-7.105071,0 107.941740,-7.104836,0 107.941863,-7.104702,0 107.942075,-7.104597,0 107.942390,-7.104536,0 107.942661,-7.104557,0 107.942860,-7.104663,0 107.942938,-7.104797,0 107.942941,-7.104957,0 107.942953,-7.105182,0 107.942946,-7.105196,0 107.942933,-7.105788,0 107.942934,-7.106372,0 107.942855,-7.106542,0</coordinates></LinearRing></innerBoundaryIs><innerBoundaryIs><LinearRing><coordinates>107.938400,-7.110895,0 107.938185,-7.110936,0 107.937970,-7.110890,0 107.937684,-7.110709,0 107.937493,-7.110504,0 107.937450,-7.110391,0 107.937467,-7.110243,0 107.937612,-7.109896,0 107.937774,-7.109782,0 107.938079,-7.109674,0 107.938489,-7.109646,0 107.938973,-7.109686,0 107.939408,-7.109819,0 107.939629,-7.109944,0 107.939749,-7.110105,0 107.939711,-7.110300,0 107.939635,-7.110413,0 107.938979,-7.110755,0 107.938667,-7.110857,0 107.938400,-7.110895,0</coordinates></LinearRing></innerBoundaryIs><innerBoundaryIs><LinearRing><coordinates>107.929488,-7.107862,0 107.929574,-7.108132,0 107.930200,-7.108684,0 107.930290,-7.108781,0 107.930264,-7.108861,0 107.930069,-7.109056,0 107.930008,-7.109125,0 107.929573,-7.109072,0 107.929280,-7.109007,0 107.929060,-7.108852,0 107.928959,-7.108644,0 107.928935,-7.108328,0 107.928946,-7.108048,0 107.929084,-7.108052,0 107.929488,-7.107862,0</coordinates></LinearRing></innerBoundaryIs><innerBoundaryIs><LinearRing><coordinates>107.957863,-7.090321,0 107.957988,-7.089735,0 107.958578,-7.089894,0 107.958558,-7.090045,0 107.958508,-7.090607,0 107.957939,-7.090636,0 107.957863,-7.090321,0</coordinates></LinearRing></innerBoundaryIs><innerBoundaryIs><LinearRing><coordinates>107.957580,-7.087738,0 107.957330,-7.088242,0 107.957043,-7.088379,0 107.956916,-7.088439,0 107.956653,-7.088243,0 107.956550,-7.087690,0 107.956565,-7.087013,0 107.956896,-7.086424,0 107.957708,-7.086431,0 107.958254,-7.086630,0 107.958071,-7.086728,0 107.957815,-7.086844,0 107.957971,-7.087210,0 107.957580,-7.087738,0</coordinates></LinearRing></innerBoundaryIs><innerBoundaryIs><LinearRing><coordinates>107.951849,-7.086535,0 107.951703,-7.086783,0 107.951143,-7.086731,0 107.950781,-7.086019,0 107.951085,-7.085738,0 107.951385,-7.085847,0 107.951849,-7.086535,0</coordinates></LinearRing></innerBoundaryIs><innerBoundaryIs><LinearRing><coordinates>107.956565,-7.085662,0 107.956813,-7.085332,0 107.956957,-7.084982,0 107.957193,-7.084767,0 107.957339,-7.084782,0 107.957489,-7.084409,0 107.957999,-7.084875,0 107.957824,-7.085554,0 107.957627,-7.085669,0 107.957223,-7.085728,0 107.957042,-7.085755,0 107.956682,-7.085892,0 107.956565,-7.085662,0</coordinates></LinearRing></innerBoundaryIs><innerBoundaryIs><LinearRing><coordinates>107.965909,-7.082564,0 107.966108,-7.082944,0 107.965955,-7.083518,0 107.965908,-7.084050,0 107.965888,-7.084761,0 107.965595,-7.085198,0 107.965399,-7.085697,0 107.965139,-7.085507,0 107.964759,-7.085188,0 107.964777,-7.085123,0 107.964779,-7.085040,0 107.964322,-7.084873,0 107.964215,-7.084480,0 107.964063,-7.084207,0 107.963837,-7.083914,0 107.963880,-7.083662,0 107.964225,-7.083802,0 107.964362,-7.083836,0 107.964464,-7.083651,0 107.964621,-7.083334,0 107.964775,-7.082826,0 107.964827,-7.082505,0 107.964971,-7.082222,0 107.965191,-7.081932,0 107.965577,-7.081569,0 107.965712,-7.081408,0 107.965690,-7.081244,0 107.966156,-7.080969,0 107.966754,-7.080718,0 107.967182,-7.080591,0 107.967182,-7.080572,0 107.967157,-7.080263,0 107.967130,-7.080155,0 107.967698,-7.080123,0 107.968248,-7.080242,0 107.968378,-7.080277,0 107.968231,-7.080490,0 107.967902,-7.080750,0 107.968105,-7.081118,0 107.968700,-7.080946,0 107.969216,-7.080729,0 107.969606,-7.080698,0 107.970206,-7.081079,0 107.970049,-7.081718,0 107.969908,-7.081704,0 107.969848,-7.081698,0 107.969200,-7.081646,0 107.967983,-7.081535,0 107.967239,-7.081251,0 107.967190,-7.081261,0 107.967512,-7.081477,0 107.967714,-7.081667,0 107.967888,-7.081817,0 107.967593,-7.081989,0 107.967059,-7.082160,0 107.966466,-7.082023,0 107.966340,-7.082166,0 107.966317,-7.082192,0 107.966232,-7.082272,0 107.966048,-7.082447,0 107.965909,-7.082564,0</coordinates></LinearRing></innerBoundaryIs><innerBoundaryIs><LinearRing><coordinates>107.967537,-7.084507,0 107.967463,-7.084579,0 107.967345,-7.084549,0 107.967121,-7.084318,0 107.967003,-7.084120,0 107.966977,-7.083940,0 107.966822,-7.083563,0 107.966757,-7.083347,0 107.966774,-7.083211,0 107.966919,-7.083049,0 107.967079,-7.082963,0 107.967342,-7.082958,0 107.967608,-7.083036,0 107.967743,-7.083166,0 107.967762,-7.083272,0 107.967664,-7.083396,0 107.967435,-7.083501,0 107.967411,-7.083564,0 107.967364,-7.083683,0 107.967357,-7.083815,0 107.967408,-7.083925,0 107.967543,-7.084096,0 107.967579,-7.084211,0 107.967592,-7.084359,0 107.967537,-7.084507,0</coordinates></LinearRing></innerBoundaryIs><innerBoundaryIs><LinearRing><coordinates>107.963078,-7.085626,0 107.963071,-7.086143,0 107.963071,-7.086152,0 107.962900,-7.086397,0 107.962611,-7.086347,0 107.962352,-7.086230,0 107.962354,-7.085859,0 107.962618,-7.085459,0 107.963078,-7.085626,0</coordinates></LinearRing></innerBoundaryIs><innerBoundaryIs><LinearRing><coordinates>107.963574,-7.086372,0 107.963944,-7.085974,0 107.964191,-7.085825,0 107.964569,-7.085893,0 107.964789,-7.085931,0 107.964828,-7.086224,0 107.964629,-7.086827,0 107.964597,-7.087266,0 107.964061,-7.087360,0 107.963670,-7.087353,0 107.963669,-7.087352,0 107.963343,-7.086979,0 107.963433,-7.086525,0 107.963574,-7.086372,0</coordinates></LinearRing></innerBoundaryIs><innerBoundaryIs><LinearRing><coordinates>107.959690,-7.086667,0 107.959462,-7.087102,0 107.958991,-7.087113,0 107.958977,-7.087207,0 107.958487,-7.087328,0 107.958169,-7.087137,0 107.958405,-7.086872,0 107.958473,-7.086588,0 107.958577,-7.086568,0 107.958612,-7.086304,0 107.958956,-7.086172,0 107.959115,-7.086198,0 107.959394,-7.086244,0 107.959690,-7.086667,0</coordinates></LinearRing></innerBoundaryIs><innerBoundaryIs><LinearRing><coordinates>107.961366,-7.083090,0 107.961441,-7.083229,0 107.961540,-7.083396,0 107.961378,-7.083672,0 107.961336,-7.083699,0 107.961160,-7.083752,0 107.960658,-7.083908,0 107.959915,-7.084273,0 107.959726,-7.084357,0 107.959359,-7.084399,0 107.959395,-7.083675,0 107.959464,-7.083296,0 107.959166,-7.083117,0 107.958850,-7.082767,0 107.958639,-7.082523,0 107.958676,-7.081961,0 107.958698,-7.081881,0 107.958795,-7.081935,0 107.959196,-7.081921,0 107.959415,-7.081854,0 107.959701,-7.081702,0 107.959753,-7.081684,0 107.959888,-7.081109,0 107.960290,-7.081457,0 107.960079,-7.082226,0 107.960292,-7.082385,0 107.961127,-7.082255,0 107.961112,-7.082075,0 107.961054,-7.081774,0 107.960924,-7.081456,0 107.960827,-7.081260,0 107.960817,-7.080993,0 107.960882,-7.080895,0 107.961022,-7.080841,0 107.961152,-7.080882,0 107.961379,-7.080936,0 107.961498,-7.080892,0 107.961504,-7.080885,0 107.961668,-7.080891,0 107.961969,-7.080917,0 107.962032,-7.080928,0 107.962600,-7.080786,0 107.962686,-7.080923,0 107.962682,-7.080977,0 107.962748,-7.081510,0 107.963336,-7.081441,0 107.963752,-7.081702,0 107.963665,-7.082377,0 107.963540,-7.082938,0 107.963607,-7.083354,0 107.963560,-7.083507,0 107.963543,-7.083564,0 107.963423,-7.083778,0 107.961915,-7.083257,0 107.961603,-7.082700,0 107.961364,-7.082687,0 107.961310,-7.082688,0 107.961191,-7.082728,0 107.961206,-7.082796,0 107.961366,-7.083090,0</coordinates></LinearRing></innerBoundaryIs><innerBoundaryIs><LinearRing><coordinates>107.957807,-7.081915,0 107.957766,-7.082191,0 107.957652,-7.082161,0 107.957523,-7.082127,0 107.957576,-7.081624,0 107.957243,-7.081733,0 107.957169,-7.081550,0 107.957626,-7.081210,0 107.957583,-7.081049,0 107.957572,-7.080959,0 107.957749,-7.081046,0 107.958114,-7.081039,0 107.958170,-7.081083,0 107.958393,-7.080933,0 107.958608,-7.081156,0 107.958369,-7.081360,0 107.958524,-7.081632,0 107.957807,-7.081915,0</coordinates></LinearRing></innerBoundaryIs><innerBoundaryIs><LinearRing><coordinates>107.963666,-7.080865,0 107.963238,-7.080976,0 107.962920,-7.080531,0 107.962939,-7.080524,0 107.963179,-7.080466,0 107.963470,-7.080314,0 107.963654,-7.080200,0 107.963668,-7.080191,0 107.963819,-7.080099,0 107.964492,-7.079711,0 107.964797,-7.079586,0 107.965747,-7.079531,0 107.966095,-7.079474,0 107.966128,-7.079511,0 107.966208,-7.079652,0 107.966289,-7.079978,0 107.966260,-7.080174,0 107.966148,-7.080352,0 107.965909,-7.080544,0 107.965632,-7.080665,0 107.965203,-7.080780,0 107.965015,-7.080766,0 107.964867,-7.080677,0 107.964673,-7.080477,0 107.964398,-7.080182,0 107.964248,-7.080150,0 107.964643,-7.080796,0 107.964628,-7.080984,0 107.964490,-7.081338,0 107.964344,-7.081383,0 107.964206,-7.081336,0 107.963993,-7.081185,0 107.963666,-7.080865,0</coordinates></LinearRing></innerBoundaryIs><innerBoundaryIs><LinearRing><coordinates>107.970774,-7.081552,0 107.970984,-7.081199,0 107.971596,-7.081021,0 107.971941,-7.081041,0 107.971935,-7.081403,0 107.972484,-7.081175,0 107.972605,-7.082381,0 107.971559,-7.082443,0 107.970922,-7.082493,0 107.970730,-7.082057,0 107.970753,-7.081789,0 107.970774,-7.081552,0</coordinates></LinearRing></innerBoundaryIs><innerBoundaryIs><LinearRing><coordinates>107.920815,-7.090500,0 107.920972,-7.090674,0 107.921114,-7.090656,0 107.921253,-7.090636,0 107.921380,-7.090703,0 107.921483,-7.090858,0 107.921553,-7.091012,0 107.921577,-7.091163,0 107.921497,-7.091568,0 107.921260,-7.091668,0 107.920985,-7.091626,0 107.920581,-7.091508,0 107.920363,-7.091427,0 107.920210,-7.091314,0 107.920148,-7.090767,0 107.920135,-7.090523,0 107.920186,-7.090304,0 107.920253,-7.090227,0 107.920440,-7.090232,0 107.920620,-7.090300,0 107.920815,-7.090500,0</coordinates></LinearRing></innerBoundaryIs><innerBoundaryIs><LinearRing><coordinates>107.919853,-7.089582,0 107.919797,-7.089713,0 107.919739,-7.089971,0 107.919703,-7.090507,0 107.919659,-7.090715,0 107.919705,-7.090944,0 107.919727,-7.091222,0 107.919648,-7.091341,0 107.918931,-7.091604,0 107.918676,-7.091665,0 107.918396,-7.091652,0 107.918096,-7.091515,0 107.917956,-7.091396,0 107.917879,-7.091238,0 107.917809,-7.090825,0 107.917777,-7.090460,0 107.918361,-7.090505,0 107.919031,-7.090366,0 107.919141,-7.090270,0 107.919162,-7.090129,0 107.919153,-7.089629,0 107.919142,-7.089102,0 107.919705,-7.089157,0 107.920010,-7.089186,0 107.920188,-7.089143,0 107.920515,-7.089007,0 107.920540,-7.089736,0 107.919853,-7.089582,0</coordinates></LinearRing></innerBoundaryIs><innerBoundaryIs><LinearRing><coordinates>107.907427,-7.091028,0 107.907774,-7.091449,0 107.907779,-7.091569,0 107.907793,-7.091763,0 107.907803,-7.091900,0 107.907783,-7.091954,0 107.907671,-7.091954,0 107.907528,-7.092039,0 107.907261,-7.092345,0 107.907055,-7.092663,0 107.907050,-7.092671,0 107.907046,-7.092679,0 107.906997,-7.092562,0 107.906818,-7.092132,0 107.906656,-7.091972,0 107.906361,-7.091790,0 107.906307,-7.091772,0 107.905000,-7.091351,0 107.905000,-7.088827,0 107.905542,-7.089219,0 107.906183,-7.089138,0 107.906997,-7.089064,0 107.907027,-7.089734,0 107.906608,-7.090454,0 107.906889,-7.090536,0 107.907143,-7.090678,0 107.907275,-7.090843,0 107.907427,-7.091028,0</coordinates></LinearRing></innerBoundaryIs><innerBoundaryIs><LinearRing><coordinates>107.908922,-7.088422,0 107.908944,-7.088505,0 107.908922,-7.088499,0 107.908942,-7.088509,0 107.909032,-7.088621,0 107.909070,-7.088790,0 107.909064,-7.089006,0 107.908990,-7.089179,0 107.908817,-7.089350,0 107.908572,-7.089516,0 107.908486,-7.089463,0 107.908353,-7.089310,0 107.908296,-7.089148,0 107.908220,-7.088839,0 107.908190,-7.088622,0 107.908253,-7.088496,0 107.908403,-7.088398,0 107.908643,-7.088375,0 107.908922,-7.088422,0</coordinates></LinearRing></innerBoundaryIs><innerBoundaryIs><LinearRing><coordinates>107.907251,-7.081800,0 107.906769,-7.082177,0 107.905837,-7.081984,0 107.905409,-7.081622,0 107.905617,-7.081293,0 107.905641,-7.081256,0 107.906188,-7.080872,0 107.906679,-7.081053,0 107.906950,-7.080953,0 107.906932,-7.081073,0 107.906930,-7.081110,0 107.907105,-7.081214,0 107.907251,-7.081800,0</coordinates></LinearRing></innerBoundaryIs><innerBoundaryIs><LinearRing><coordinates>107.943866,-7.109909,0 107.943865,-7.109779,0 107.943910,-7.109550,0 107.943976,-7.109458,0 107.944282,-7.109308,0 107.944505,-7.109252,0 107.944760,-7.109288,0 107.945024,-7.109411,0 107.945168,-7.109547,0 107.945299,-7.109902,0 107.945335,-7.110195,0 107.945298,-7.110833,0 107.944993,-7.110827,0 107.944586,-7.111399,0 107.943961,-7.111199,0 107.943823,-7.110944,0 107.944046,-7.110573,0 107.943954,-7.110534,0 107.943781,-7.110477,0 107.943541,-7.110474,0 107.943623,-7.109928,0 107.943866,-7.109909,0</coordinates></LinearRing></innerBoundaryIs><innerBoundaryIs><LinearRing><coordinates>107.948511,-7.114117,0 107.948294,-7.114141,0 107.947935,-7.114038,0 107.947736,-7.113872,0 107.947635,-7.113701,0 107.947502,-7.113429,0 107.947668,-7.113228,0 107.947764,-7.113075,0 107.948104,-7.112615,0 107.948151,-7.112680,0 107.948314,-7.113016,0 107.948448,-7.113375,0 107.948595,-7.113978,0 107.948511,-7.114117,0</coordinates></LinearRing></innerBoundaryIs><innerBoundaryIs><LinearRing><coordinates>107.959484,-7.116847,0 107.959440,-7.117115,0 107.959229,-7.117734,0 107.959023,-7.118060,0 107.958749,-7.118331,0 107.958633,-7.118373,0 107.958387,-7.118226,0 107.958138,-7.117959,0 107.957923,-7.117638,0 107.957766,-7.117286,0 107.957658,-7.117156,0 107.957388,-7.116997,0 107.957102,-7.116920,0 107.956812,-7.116796,0 107.956563,-7.116617,0 107.956447,-7.116446,0 107.956213,-7.115964,0 107.956024,-7.115405,0 107.956017,-7.115208,0 107.956075,-7.115069,0 107.956235,-7.114831,0 107.956498,-7.114570,0 107.956740,-7.114465,0 107.957081,-7.114378,0 107.957358,-7.114369,0 107.957655,-7.114462,0 107.958008,-7.114707,0 107.958659,-7.115224,0 107.959301,-7.115541,0 107.959353,-7.115492,0 107.959896,-7.115758,0 107.959728,-7.115845,0 107.959680,-7.115917,0 107.959879,-7.116239,0 107.959785,-7.116504,0 107.959484,-7.116847,0</coordinates></LinearRing></innerBoundaryIs><innerBoundaryIs><LinearRing><coordinates>107.952501,-7.116420,0 107.952273,-7.116281,0 107.952653,-7.116118,0 107.952848,-7.116097,0 107.953509,-7.116271,0 107.954377,-7.116610,0 107.954630,-7.116740,0 107.954959,-7.117041,0 107.955063,-7.117302,0 107.955039,-7.117398,0 107.954828,-7.117561,0 107.954618,-7.117632,0 107.953739,-7.117621,0 107.953778,-7.117339,0 107.953723,-7.117231,0 107.953630,-7.117233,0 107.953402,-7.117363,0 107.953204,-7.117451,0 107.953134,-7.117421,0 107.952978,-7.117218,0 107.952880,-7.116993,0 107.952847,-7.116727,0 107.952803,-7.116606,0 107.952501,-7.116420,0</coordinates></LinearRing></innerBoundaryIs><innerBoundaryIs><LinearRing><coordinates>107.948936,-7.116013,0 107.948720,-7.116123,0 107.948422,-7.116063,0 107.948134,-7.115915,0 107.947936,-7.115728,0 107.947709,-7.115332,0 107.947635,-7.115093,0 107.947636,-7.114957,0 107.947776,-7.114709,0 107.947904,-7.114570,0 107.948119,-7.114486,0 107.948650,-7.114460,0 107.948927,-7.114502,0 107.948985,-7.114521,0 107.949396,-7.114683,0 107.949449,-7.115129,0 107.949448,-7.115381,0 107.949368,-7.115599,0 107.949124,-7.115871,0 107.948936,-7.116013,0</coordinates></LinearRing></innerBoundaryIs><innerBoundaryIs><LinearRing><coordinates>107.946349,-7.116078,0 107.945888,-7.116103,0 107.945374,-7.116043,0 107.945255,-7.116005,0 107.945215,-7.115963,0 107.945381,-7.115933,0 107.945509,-7.115878,0 107.945859,-7.115610,0 107.946044,-7.115262,0 107.946350,-7.114594,0 107.946608,-7.114377,0 107.946879,-7.114792,0 107.946965,-7.115077,0 107.946938,-7.115774,0 107.946882,-7.115904,0 107.946741,-7.115999,0 107.946349,-7.116078,0</coordinates></LinearRing></innerBoundaryIs><innerBoundaryIs><LinearRing><coordinates>107.942974,-7.122432,0 107.942826,-7.122543,0 107.942640,-7.122472,0 107.942307,-7.122187,0 107.942130,-7.121989,0 107.942064,-7.121846,0 107.942068,-7.121685,0 107.942299,-7.121548,0 107.942599,-7.121420,0 107.943013,-7.121201,0 107.943053,-7.121186,0 107.943208,-7.121165,0 107.943382,-7.121241,0 107.943400,-7.121452,0 107.943265,-7.122043,0 107.942974,-7.122432,0</coordinates></LinearRing></innerBoundaryIs><innerBoundaryIs><LinearRing><coordinates>107.933844,-7.123324,0 107.933812,-7.123531,0 107.933757,-7.123524,0 107.933398,-7.123469,0 107.933358,-7.123455,0 107.933246,-7.123363,0 107.932928,-7.122842,0 107.932932,-7.122680,0 107.933067,-7.122413,0 107.933375,-7.122107,0 107.933743,-7.122568,0 107.933846,-7.122846,0 107.933877,-7.123077,0 107.933844,-7.123324,0</coordinates></LinearRing></innerBoundaryIs><innerBoundaryIs><LinearRing><coordinates>107.932994,-7.132425,0 107.932879,-7.132490,0 107.932678,-7.132478,0 107.932412,-7.132387,0 107.932193,-7.132266,0 107.932062,-7.132132,0 107.931904,-7.131690,0 107.931839,-7.131404,0 107.931838,-7.131245,0 107.931896,-7.131146,0 107.932005,-7.131137,0 107.932231,-7.131266,0 107.932556,-7.131607,0 107.932852,-7.131971,0 107.933032,-7.132197,0 107.933071,-7.132300,0 107.932994,-7.132425,0</coordinates></LinearRing></innerBoundaryIs><innerBoundaryIs><LinearRing><coordinates>107.953268,-7.107003,0 107.953116,-7.106635,0 107.953020,-7.106404,0 107.953359,-7.105972,0 107.953999,-7.105782,0 107.954382,-7.105808,0 107.954491,-7.106088,0 107.954301,-7.106642,0 107.954191,-7.106738,0 107.953806,-7.107069,0 107.953268,-7.107003,0</coordinates></LinearRing></innerBoundaryIs><innerBoundaryIs><LinearRing><coordinates>107.952335,-7.108303,0 107.952000,-7.107997,0 107.951968,-7.107604,0 107.952498,-7.107431,0 107.952574,-7.107550,0 107.952861,-7.107790,0 107.953220,-7.108010,0 107.952928,-7.108331,0 107.952335,-7.108303,0</coordinates></LinearRing></innerBoundaryIs><innerBoundaryIs><LinearRing><coordinates>107.959467,-7.100607,0 107.959285,-7.100678,0 107.959191,-7.100628,0 107.959020,-7.099861,0 107.958988,-7.099569,0 107.958996,-7.099354,0 107.959148,-7.099139,0 107.959380,-7.098929,0 107.959730,-7.098748,0 107.960111,-7.098625,0 107.960155,-7.098615,0 107.960538,-7.098789,0 107.960576,-7.098856,0 107.960556,-7.098996,0 107.960482,-7.099528,0 107.960467,-7.099855,0 107.960415,-7.100021,0 107.960227,-7.100161,0 107.960027,-7.100264,0 107.959467,-7.100607,0</coordinates></LinearRing></innerBoundaryIs></Polygon></Placemark><Placemark><name>LW-002</name><styleUrl>#w4</styleUrl><description><![CDATA[<table><tr><td>Luas</td><td align='right'><b>499,1879</b> ha</td></tr><tr><td>Luas</td><td align='right'><b>4.991.879</b> m²</td></tr><tr><td>Keliling</td><td align='right'><b>33.104</b> m</td></tr><tr><td>Jenis sawah</td><td align='right'><b>Sawah Tadah Hujan</b> </td></tr><tr><td>Lapisan BIG</td><td align='right'><b>Agrikultur Sawah</b> </td></tr><tr><td>Seri RBI</td><td align='right'><b>25K</b> </td></tr></table>]]></description><Polygon><tessellate>1</tessellate><outerBoundaryIs><LinearRing><coordinates>107.992312,-7.099954,0 107.992238,-7.099688,0 107.992136,-7.099572,0 107.991995,-7.099501,0 107.991378,-7.099314,0 107.991035,-7.099333,0 107.990732,-7.099312,0 107.990545,-7.099220,0 107.990125,-7.098972,0 107.989983,-7.098893,0 107.989802,-7.098868,0 107.989437,-7.098818,0 107.988898,-7.098743,0 107.988812,-7.098836,0 107.988791,-7.099103,0 107.988996,-7.099467,0 107.989146,-7.099701,0 107.989150,-7.099741,0 107.988737,-7.099749,0 107.988504,-7.099606,0 107.988285,-7.099052,0 107.988264,-7.098578,0 107.988176,-7.098174,0 107.987790,-7.098174,0 107.987207,-7.098180,0 107.986651,-7.097833,0 107.986566,-7.097186,0 107.986163,-7.097174,0 107.985732,-7.097211,0 107.985044,-7.097421,0 107.984987,-7.097445,0 107.984989,-7.097445,0 107.985099,-7.097454,0 107.985171,-7.097464,0 107.985555,-7.097692,0 107.985911,-7.097920,0 107.986158,-7.098049,0 107.986349,-7.098226,0 107.986640,-7.098607,0 107.986866,-7.099186,0 107.986982,-7.099483,0 107.987058,-7.099775,0 107.987123,-7.100007,0 107.987395,-7.100963,0 107.987445,-7.101187,0 107.987507,-7.101433,0 107.987574,-7.101703,0 107.987727,-7.102192,0 107.987807,-7.102538,0 107.988032,-7.103426,0 107.988213,-7.103319,0 107.988290,-7.103236,0 107.988206,-7.102663,0 107.988143,-7.102248,0 107.988205,-7.101955,0 107.988349,-7.101743,0 107.988450,-7.101780,0 107.988693,-7.102076,0 107.988893,-7.102361,0 107.989086,-7.102772,0 107.989333,-7.103250,0 107.989254,-7.103829,0 107.988985,-7.104361,0 107.988337,-7.104424,0 107.988514,-7.104885,0 107.988690,-7.105170,0 107.988937,-7.105479,0 107.988446,-7.105998,0 107.988097,-7.106503,0 107.987976,-7.106588,0 107.987843,-7.106287,0 107.987837,-7.106274,0 107.987330,-7.106478,0 107.986767,-7.106483,0 107.986494,-7.106021,0 107.986977,-7.105830,0 107.987138,-7.105629,0 107.987071,-7.105277,0 107.986869,-7.104715,0 107.986714,-7.104592,0 107.986293,-7.104637,0 107.985782,-7.104249,0 107.985568,-7.103941,0 107.985330,-7.103274,0 107.985151,-7.103201,0 107.985146,-7.103917,0 107.984759,-7.104556,0 107.984486,-7.104818,0 107.984187,-7.104466,0 107.984327,-7.103717,0 107.984250,-7.103277,0 107.984026,-7.102910,0 107.984023,-7.102904,0 107.983703,-7.102632,0 107.983488,-7.102353,0 107.983259,-7.102126,0 107.983233,-7.102160,0 107.983070,-7.102221,0 107.982787,-7.102255,0 107.982566,-7.102373,0 107.982389,-7.102618,0 107.982350,-7.102742,0 107.982081,-7.102742,0 107.981805,-7.102629,0 107.981709,-7.102486,0 107.981628,-7.102252,0 107.981501,-7.101848,0 107.981378,-7.101564,0 107.981077,-7.101779,0 107.980829,-7.102359,0 107.980387,-7.102662,0 107.980216,-7.102913,0 107.980720,-7.103213,0 107.980976,-7.103686,0 107.980864,-7.104012,0 107.980423,-7.104253,0 107.979703,-7.104043,0 107.979403,-7.104002,0 107.979340,-7.103994,0 107.978829,-7.103906,0 107.978463,-7.104408,0 107.978213,-7.104618,0 107.977983,-7.104346,0 107.978145,-7.103788,0 107.978149,-7.103362,0 107.978119,-7.103083,0 107.977584,-7.103079,0 107.977434,-7.103517,0 107.977560,-7.103826,0 107.977693,-7.104351,0 107.977679,-7.104611,0 107.977531,-7.104999,0 107.977451,-7.105098,0 107.977356,-7.105049,0 107.977301,-7.105038,0 107.977102,-7.105244,0 107.977117,-7.105459,0 107.976824,-7.105550,0 107.976492,-7.105559,0 107.975983,-7.105231,0 107.975943,-7.104733,0 107.975613,-7.104682,0 107.975142,-7.104716,0 107.975110,-7.104763,0 107.974876,-7.104869,0 107.974805,-7.104883,0 107.974820,-7.105258,0 107.974684,-7.105522,0 107.974519,-7.105539,0 107.974260,-7.105577,0 107.973890,-7.105501,0 107.973746,-7.105787,0 107.973851,-7.106250,0 107.974408,-7.106850,0 107.974536,-7.107236,0 107.974436,-7.107679,0 107.974061,-7.107962,0 107.973647,-7.108016,0 107.973114,-7.107969,0 107.973094,-7.107585,0 107.972854,-7.107180,0 107.972617,-7.107227,0 107.972232,-7.107302,0 107.971638,-7.107088,0 107.971284,-7.107472,0 107.970967,-7.107562,0 107.970602,-7.107664,0 107.970065,-7.107467,0 107.969862,-7.106850,0 107.970316,-7.106673,0 107.970792,-7.106398,0 107.970860,-7.105908,0 107.970782,-7.105553,0 107.969681,-7.105829,0 107.969733,-7.106343,0 107.969326,-7.106382,0 107.969083,-7.105992,0 107.969041,-7.106004,0 107.968628,-7.106172,0 107.968681,-7.106383,0 107.968721,-7.106815,0 107.968170,-7.107126,0 107.967537,-7.107450,0 107.967254,-7.107208,0 107.966817,-7.106864,0 107.966651,-7.107273,0 107.966609,-7.107320,0 107.966399,-7.107295,0 107.966432,-7.106658,0 107.966382,-7.106317,0 107.966707,-7.105734,0 107.967282,-7.105741,0 107.968074,-7.105781,0 107.968556,-7.105692,0 107.969654,-7.105248,0 107.970039,-7.105109,0 107.970438,-7.104887,0 107.970659,-7.104631,0 107.970473,-7.104670,0 107.969764,-7.104889,0 107.969259,-7.105043,0 107.968687,-7.105202,0 107.968114,-7.105369,0 107.967592,-7.105412,0 107.967028,-7.105376,0 107.966811,-7.105324,0 107.966348,-7.105005,0 107.965971,-7.104702,0 107.965912,-7.104645,0 107.965859,-7.104578,0 107.965807,-7.104614,0 107.965718,-7.104740,0 107.965699,-7.104933,0 107.965699,-7.104937,0 107.965665,-7.105421,0 107.965541,-7.105617,0 107.965263,-7.105914,0 107.964952,-7.106221,0 107.965130,-7.106302,0 107.965582,-7.106760,0 107.965824,-7.106994,0 107.966129,-7.107228,0 107.966185,-7.107269,0 107.966251,-7.107277,0 107.966008,-7.107962,0 107.965951,-7.108359,0 107.966519,-7.108619,0 107.966854,-7.109274,0 107.966658,-7.109678,0 107.966211,-7.109901,0 107.965753,-7.109679,0 107.965318,-7.109311,0 107.965125,-7.109136,0 107.964972,-7.109085,0 107.964796,-7.109446,0 107.964753,-7.109542,0 107.964691,-7.109853,0 107.964677,-7.110067,0 107.964726,-7.110130,0 107.964941,-7.110309,0 107.965266,-7.110635,0 107.965319,-7.110696,0 107.965602,-7.110317,0 107.965906,-7.110593,0 107.966171,-7.110994,0 107.966870,-7.110873,0 107.967380,-7.110565,0 107.968244,-7.110759,0 107.968815,-7.110677,0 107.969392,-7.110579,0 107.969716,-7.110827,0 107.969425,-7.111109,0 107.968714,-7.111357,0 107.967694,-7.111600,0 107.967228,-7.111772,0 107.966947,-7.112046,0 107.967278,-7.112277,0 107.967914,-7.112517,0 107.968016,-7.112520,0 107.967955,-7.111843,0 107.968536,-7.111824,0 107.969412,-7.112057,0 107.969967,-7.112146,0 107.970749,-7.112361,0 107.971235,-7.112573,0 107.971899,-7.112886,0 107.972320,-7.112806,0 107.972445,-7.113129,0 107.972338,-7.113739,0 107.972332,-7.113774,0 107.972542,-7.114253,0 107.972821,-7.114905,0 107.973193,-7.115449,0 107.973412,-7.115852,0 107.973432,-7.115936,0 107.973210,-7.116233,0 107.972969,-7.116019,0 107.972805,-7.115843,0 107.972596,-7.115462,0 107.972348,-7.115595,0 107.972084,-7.115419,0 107.972030,-7.115297,0 107.972007,-7.115245,0 107.971952,-7.115083,0 107.971771,-7.114577,0 107.971512,-7.114216,0 107.971159,-7.113752,0 107.970912,-7.113548,0 107.970516,-7.113361,0 107.970106,-7.113507,0 107.969745,-7.113523,0 107.969168,-7.113436,0 107.968724,-7.113319,0 107.968339,-7.113210,0 107.967946,-7.112918,0 107.967719,-7.112885,0 107.967220,-7.112781,0 107.967273,-7.112837,0 107.967646,-7.113275,0 107.968108,-7.113957,0 107.968211,-7.114175,0 107.968227,-7.114331,0 107.968260,-7.114980,0 107.968355,-7.115252,0 107.968464,-7.115417,0 107.968639,-7.115559,0 107.969204,-7.116011,0 107.969374,-7.116278,0 107.969433,-7.116507,0 107.969576,-7.116628,0 107.969812,-7.116632,0 107.969955,-7.116591,0 107.970065,-7.116500,0 107.970145,-7.116309,0 107.970328,-7.115611,0 107.970491,-7.115328,0 107.970710,-7.115205,0 107.970717,-7.115177,0 107.971115,-7.115027,0 107.971432,-7.115060,0 107.971536,-7.115414,0 107.971768,-7.115359,0 107.971898,-7.115776,0 107.971973,-7.116205,0 107.972050,-7.116270,0 107.972131,-7.116370,0 107.972345,-7.116642,0 107.972562,-7.117224,0 107.972684,-7.117465,0 107.972807,-7.117728,0 107.972916,-7.117859,0 107.973463,-7.117903,0 107.973927,-7.117947,0 107.974421,-7.117941,0 107.974690,-7.117936,0 107.974721,-7.117940,0 107.974819,-7.117981,0 107.974838,-7.117997,0 107.974870,-7.118067,0 107.974881,-7.118135,0 107.974877,-7.118221,0 107.975309,-7.118226,0 107.975365,-7.118234,0 107.975368,-7.118234,0 107.975527,-7.118192,0 107.975683,-7.118114,0 107.976102,-7.118095,0 107.976145,-7.118019,0 107.976264,-7.117896,0 107.976365,-7.117775,0 107.976454,-7.117637,0 107.976560,-7.117450,0 107.976637,-7.117215,0 107.976671,-7.116942,0 107.976647,-7.116880,0 107.977013,-7.116942,0 107.977626,-7.116838,0 107.977538,-7.116631,0 107.977467,-7.115992,0 107.977492,-7.115822,0 107.977602,-7.115702,0 107.977612,-7.115692,0 107.977860,-7.115579,0 107.978671,-7.115226,0 107.979086,-7.114951,0 107.979327,-7.114667,0 107.979369,-7.114610,0 107.978787,-7.114680,0 107.978514,-7.114710,0 107.977752,-7.114884,0 107.977725,-7.114850,0 107.977688,-7.114731,0 107.977683,-7.114423,0 107.977643,-7.114339,0 107.977331,-7.113698,0 107.977119,-7.113092,0 107.976881,-7.112178,0 107.976711,-7.111596,0 107.976704,-7.111339,0 107.976671,-7.110834,0 107.976661,-7.110683,0 107.976462,-7.109941,0 107.976774,-7.109044,0 107.976806,-7.108928,0 107.976740,-7.108162,0 107.976814,-7.107835,0 107.976928,-7.107673,0 107.977064,-7.107607,0 107.977265,-7.107597,0 107.977517,-7.107689,0 107.977550,-7.107764,0 107.977600,-7.107855,0 107.977990,-7.107905,0 107.978334,-7.107487,0 107.978316,-7.107342,0 107.978314,-7.107336,0 107.978450,-7.107302,0 107.978930,-7.107264,0 107.979271,-7.107775,0 107.979316,-7.108204,0 107.979571,-7.108333,0 107.980340,-7.108740,0 107.980404,-7.108850,0 107.980385,-7.109447,0 107.980418,-7.109737,0 107.980438,-7.110511,0 107.980431,-7.110532,0 107.980362,-7.110735,0 107.980310,-7.110731,0 107.979974,-7.110755,0 107.979749,-7.110858,0 107.979586,-7.111002,0 107.979453,-7.111205,0 107.979183,-7.111842,0 107.978967,-7.112236,0 107.978987,-7.112290,0 107.979427,-7.112377,0 107.979904,-7.112494,0 107.979962,-7.112662,0 107.980051,-7.112813,0 107.980220,-7.112949,0 107.980223,-7.112953,0 107.980140,-7.112992,0 107.979497,-7.113171,0 107.978446,-7.113320,0 107.978327,-7.113724,0 107.978275,-7.114422,0 107.978831,-7.114208,0 107.979632,-7.114126,0 107.980311,-7.114551,0 107.981097,-7.114617,0 107.981321,-7.114642,0 107.981389,-7.114446,0 107.981511,-7.114289,0 107.981560,-7.114486,0 107.981568,-7.115098,0 107.981990,-7.115502,0 107.981976,-7.115581,0 107.981578,-7.116382,0 107.981196,-7.116726,0 107.981341,-7.116859,0 107.981387,-7.116887,0 107.980960,-7.117404,0 107.980541,-7.117650,0 107.980505,-7.117720,0 107.980237,-7.118202,0 107.980171,-7.118396,0 107.980228,-7.118627,0 107.980393,-7.118934,0 107.980503,-7.119082,0 107.980534,-7.119177,0 107.980470,-7.119470,0 107.980507,-7.119448,0 107.980903,-7.119736,0 107.980706,-7.119855,0 107.980438,-7.120186,0 107.980303,-7.120453,0 107.980232,-7.120696,0 107.980220,-7.121118,0 107.980222,-7.121158,0 107.980236,-7.121142,0 107.980756,-7.121506,0 107.981141,-7.121745,0 107.981325,-7.121950,0 107.981409,-7.122210,0 107.981489,-7.122718,0 107.981480,-7.122904,0 107.981388,-7.123107,0 107.981254,-7.123252,0 107.980894,-7.123372,0 107.980624,-7.123370,0 107.980367,-7.123074,0 107.980181,-7.122822,0 107.979970,-7.122606,0 107.979926,-7.122532,0 107.979881,-7.122535,0 107.979550,-7.122553,0 107.979323,-7.122435,0 107.979074,-7.122179,0 107.978787,-7.121890,0 107.978685,-7.121815,0 107.978611,-7.121735,0 107.978582,-7.121663,0 107.978379,-7.121647,0 107.978322,-7.121631,0 107.978467,-7.122891,0 107.978646,-7.123534,0 107.978786,-7.123858,0 107.978984,-7.124105,0 107.979150,-7.124227,0 107.979210,-7.124179,0 107.979434,-7.124086,0 107.979555,-7.124071,0 107.979559,-7.124070,0 107.980093,-7.124249,0 107.980366,-7.124347,0 107.980553,-7.124467,0 107.980783,-7.124726,0 107.980969,-7.125000,0 107.980969,-7.125000,0 107.981123,-7.125229,0 107.981234,-7.125432,0 107.981296,-7.125681,0 107.981420,-7.126289,0 107.981548,-7.126995,0 107.981606,-7.127340,0 107.981665,-7.127605,0 107.981635,-7.127897,0 107.981543,-7.128039,0 107.981335,-7.128237,0 107.981281,-7.128368,0 107.981373,-7.128509,0 107.981840,-7.128659,0 107.982095,-7.128742,0 107.982308,-7.128905,0 107.982493,-7.129137,0 107.982593,-7.129350,0 107.982752,-7.129994,0 107.982761,-7.130624,0 107.982719,-7.130858,0 107.982985,-7.130944,0 107.983229,-7.130949,0 107.983542,-7.130867,0 107.983963,-7.130683,0 107.984178,-7.130642,0 107.984640,-7.130767,0 107.984761,-7.130796,0 107.985080,-7.130801,0 107.985105,-7.130757,0 107.985155,-7.130394,0 107.985129,-7.130383,0 107.984897,-7.130270,0 107.984712,-7.130144,0 107.984621,-7.130077,0 107.984425,-7.130032,0 107.984113,-7.130032,0 107.983723,-7.130052,0 107.983464,-7.130006,0 107.983282,-7.129907,0 107.983090,-7.129574,0 107.983017,-7.129153,0 107.982998,-7.128882,0 107.983240,-7.128296,0 107.983275,-7.128213,0 107.983409,-7.128048,0 107.983591,-7.127677,0 107.983968,-7.127243,0 107.984439,-7.126760,0 107.984821,-7.126483,0 107.984866,-7.126507,0 107.984952,-7.126201,0 107.984992,-7.126058,0 107.985097,-7.125775,0 107.985405,-7.125000,0 107.985405,-7.125000,0 107.985574,-7.124576,0 107.985594,-7.124428,0 107.985508,-7.124184,0 107.985412,-7.124065,0 107.985355,-7.124131,0 107.985166,-7.124421,0 107.984895,-7.125000,0 107.984877,-7.125038,0 107.984487,-7.125221,0 107.984336,-7.125000,0 107.984242,-7.124863,0 107.984486,-7.124527,0 107.984646,-7.123957,0 107.984904,-7.123585,0 107.985028,-7.123589,0 107.985201,-7.123595,0 107.985656,-7.123633,0 107.986119,-7.124032,0 107.986631,-7.124327,0 107.986969,-7.124894,0 107.986977,-7.125000,0 107.987018,-7.125521,0 107.987011,-7.125909,0 107.987024,-7.125911,0 107.987818,-7.126232,0 107.987882,-7.125723,0 107.988529,-7.125887,0 107.989032,-7.126173,0 107.989123,-7.126574,0 107.989022,-7.126698,0 107.989210,-7.126766,0 107.989432,-7.126818,0 107.989580,-7.126779,0 107.989679,-7.126753,0 107.989815,-7.126767,0 107.989934,-7.126154,0 107.990128,-7.125504,0 107.989782,-7.125312,0 107.989452,-7.125264,0 107.989397,-7.125000,0 107.989397,-7.125000,0 107.989350,-7.124780,0 107.989220,-7.124292,0 107.989370,-7.123916,0 107.989597,-7.123749,0 107.989933,-7.123447,0 107.990017,-7.123411,0 107.990089,-7.123380,0 107.990290,-7.122760,0 107.990491,-7.122698,0 107.990749,-7.122630,0 107.990869,-7.122453,0 107.991018,-7.122525,0 107.991254,-7.122635,0 107.991314,-7.122647,0 107.991469,-7.121888,0 107.991644,-7.121878,0 107.991826,-7.122062,0 107.991837,-7.122398,0 107.992029,-7.122636,0 107.991984,-7.123352,0 107.991896,-7.123929,0 107.991606,-7.123927,0 107.991291,-7.123902,0 107.991231,-7.123905,0 107.991422,-7.124811,0 107.991432,-7.124855,0 107.991414,-7.124914,0 107.991389,-7.125000,0 107.991375,-7.125015,0 107.991336,-7.125071,0 107.991200,-7.125183,0 107.991149,-7.125245,0 107.991480,-7.125436,0 107.991379,-7.125680,0 107.991183,-7.126038,0 107.990758,-7.126068,0 107.990643,-7.126426,0 107.990576,-7.127140,0 107.990821,-7.127217,0 107.990897,-7.127228,0 107.991236,-7.127119,0 107.991577,-7.126939,0 107.991737,-7.126877,0 107.991886,-7.126899,0 107.992299,-7.127050,0 107.992543,-7.127198,0 107.992556,-7.127204,0 107.992537,-7.127734,0 107.992459,-7.128143,0 107.992367,-7.128666,0 107.992288,-7.129286,0 107.992075,-7.130269,0 107.991973,-7.130650,0 107.991910,-7.130640,0 107.991747,-7.131014,0 107.991596,-7.131359,0 107.991455,-7.131546,0 107.991216,-7.131548,0 107.990912,-7.131454,0 107.990491,-7.131247,0 107.990125,-7.131060,0 107.990054,-7.131051,0 107.990040,-7.131058,0 107.989933,-7.131893,0 107.989920,-7.132096,0 107.989909,-7.132259,0 107.989864,-7.132612,0 107.990227,-7.132794,0 107.990417,-7.133292,0 107.990186,-7.133998,0 107.989838,-7.134551,0 107.989832,-7.135264,0 107.989865,-7.135729,0 107.989738,-7.136026,0 107.989712,-7.136083,0 107.989561,-7.136407,0 107.989249,-7.137062,0 107.989127,-7.137332,0 107.989083,-7.137429,0 107.989184,-7.137444,0 107.989418,-7.137169,0 107.989620,-7.136904,0 107.989764,-7.136776,0 107.990125,-7.136767,0 107.990349,-7.136761,0 107.990516,-7.136755,0 107.990673,-7.136833,0 107.990774,-7.136954,0 107.990809,-7.137050,0 107.991009,-7.136832,0 107.991140,-7.136766,0 107.991478,-7.136763,0 107.991558,-7.136766,0 107.991485,-7.136034,0 107.991395,-7.136028,0 107.991469,-7.135434,0 107.991920,-7.135571,0 107.991879,-7.136064,0 107.992541,-7.136114,0 107.992694,-7.136113,0 107.992796,-7.136407,0 107.992896,-7.136795,0 107.992949,-7.136813,0 107.993127,-7.136837,0 107.993372,-7.136765,0 107.993518,-7.137012,0 107.993908,-7.137134,0 107.994002,-7.137002,0 107.994363,-7.136343,0 107.994342,-7.136256,0 107.994404,-7.136238,0 107.994536,-7.136199,0 107.994782,-7.135945,0 107.995000,-7.135767,0 107.995000,-7.135666,0 107.994913,-7.135372,0 107.995000,-7.135320,0 107.995000,-7.105160,0 107.994452,-7.104836,0 107.994236,-7.104691,0 107.994196,-7.104598,0 107.994079,-7.104363,0 107.993990,-7.104346,0 107.993770,-7.104468,0 107.993339,-7.103908,0 107.993314,-7.103203,0 107.993431,-7.102536,0 107.993564,-7.102397,0 107.993541,-7.102364,0 107.993140,-7.102008,0 107.993092,-7.102303,0 107.992985,-7.102367,0 107.992832,-7.102357,0 107.992201,-7.102235,0 107.992198,-7.102326,0 107.992126,-7.102812,0 107.992711,-7.103946,0 107.992492,-7.103985,0 107.992035,-7.103763,0 107.991736,-7.103338,0 107.991606,-7.102828,0 107.991696,-7.102108,0 107.991955,-7.101950,0 107.991995,-7.101950,0 107.991997,-7.101884,0 107.991978,-7.101477,0 107.992047,-7.101115,0 107.992162,-7.100660,0 107.992312,-7.099954,0</coordinates></LinearRing></outerBoundaryIs><innerBoundaryIs><LinearRing><coordinates>107.988232,-7.101024,0 107.988268,-7.100648,0 107.988345,-7.100655,0 107.988374,-7.100658,0 107.988374,-7.100658,0 107.988339,-7.101034,0 107.988339,-7.101034,0 107.988232,-7.101024,0</coordinates></LinearRing></innerBoundaryIs><innerBoundaryIs><LinearRing><coordinates>107.979886,-7.106078,0 107.979827,-7.106301,0 107.979510,-7.106227,0 107.978998,-7.105843,0 107.978656,-7.105985,0 107.977982,-7.105817,0 107.977730,-7.105920,0 107.977604,-7.105676,0 107.977711,-7.105356,0 107.977784,-7.105258,0 107.977880,-7.105302,0 107.978079,-7.104991,0 107.978860,-7.104712,0 107.979238,-7.104764,0 107.979280,-7.104770,0 107.979533,-7.104973,0 107.979535,-7.104978,0 107.979764,-7.105672,0 107.979886,-7.106078,0</coordinates></LinearRing></innerBoundaryIs><innerBoundaryIs><LinearRing><coordinates>107.982089,-7.105438,0 107.981766,-7.105993,0 107.981096,-7.106055,0 107.980569,-7.105883,0 107.980156,-7.105421,0 107.979996,-7.104954,0 107.980264,-7.104975,0 107.980579,-7.105011,0 107.980721,-7.105136,0 107.981143,-7.105410,0 107.981346,-7.105421,0 107.981532,-7.105347,0 107.981563,-7.105233,0 107.981556,-7.104483,0 107.981634,-7.104346,0 107.981845,-7.104241,0 107.982312,-7.104644,0 107.982352,-7.104623,0 107.982578,-7.104541,0 107.982723,-7.104585,0 107.982931,-7.104724,0 107.982991,-7.104843,0 107.982970,-7.105042,0 107.982854,-7.105306,0 107.982699,-7.105415,0 107.982477,-7.105459,0 107.982139,-7.105440,0 107.982089,-7.105438,0</coordinates></LinearRing></innerBoundaryIs><innerBoundaryIs><LinearRing><coordinates>107.988167,-7.107591,0 107.988369,-7.107653,0 107.988566,-7.107760,0 107.988686,-7.107853,0 107.988731,-7.107874,0 107.988355,-7.107221,0 107.988657,-7.107266,0 107.989075,-7.107431,0 107.989403,-7.107650,0 107.989783,-7.108099,0 107.990033,-7.108394,0 107.990001,-7.108723,0 107.990240,-7.108853,0 107.990270,-7.108866,0 107.990282,-7.108832,0 107.990531,-7.108467,0 107.990895,-7.108284,0 107.991255,-7.107805,0 107.991420,-7.107272,0 107.991606,-7.106836,0 107.991796,-7.106908,0 107.992602,-7.107159,0 107.992730,-7.107207,0 107.993845,-7.107608,0 107.994046,-7.107735,0 107.994080,-7.107766,0 107.993998,-7.107901,0 107.993987,-7.108229,0 107.994114,-7.108934,0 107.994145,-7.109171,0 107.993403,-7.109183,0 107.993624,-7.109585,0 107.993834,-7.110014,0 107.994312,-7.110475,0 107.994249,-7.110870,0 107.993942,-7.111299,0 107.993915,-7.111678,0 107.994173,-7.112439,0 107.994005,-7.112961,0 107.993628,-7.113329,0 107.993736,-7.113644,0 107.994652,-7.113861,0 107.994516,-7.114683,0 107.994418,-7.115283,0 107.994409,-7.115414,0 107.994190,-7.115409,0 107.993739,-7.115529,0 107.993434,-7.115679,0 107.992980,-7.115656,0 107.992900,-7.115877,0 107.992860,-7.115987,0 107.992231,-7.114686,0 107.992107,-7.114379,0 107.992029,-7.114304,0 107.991932,-7.114226,0 107.991994,-7.113990,0 107.992244,-7.113576,0 107.992891,-7.113135,0 107.992947,-7.112875,0 107.992311,-7.112702,0 107.991859,-7.112482,0 107.991443,-7.112233,0 107.991392,-7.112221,0 107.990940,-7.112108,0 107.990396,-7.111887,0 107.989801,-7.111514,0 107.989926,-7.110928,0 107.990275,-7.110757,0 107.991048,-7.110972,0 107.991459,-7.111220,0 107.991628,-7.110842,0 107.991424,-7.110763,0 107.991022,-7.110687,0 107.990858,-7.110632,0 107.990589,-7.110253,0 107.990550,-7.110078,0 107.990163,-7.109857,0 107.989790,-7.109656,0 107.989319,-7.109593,0 107.988874,-7.109371,0 107.988655,-7.109023,0 107.988634,-7.109026,0 107.988366,-7.109081,0 107.988304,-7.109094,0 107.987537,-7.109031,0 107.987091,-7.109305,0 107.986744,-7.109467,0 107.986645,-7.109538,0 107.986469,-7.109752,0 107.986329,-7.109733,0 107.986273,-7.109489,0 107.986391,-7.109139,0 107.986476,-7.108930,0 107.986659,-7.108691,0 107.986880,-7.108438,0 107.987198,-7.107936,0 107.987248,-7.107831,0 107.987839,-7.107590,0 107.988041,-7.107552,0 107.988167,-7.107591,0</coordinates></LinearRing></innerBoundaryIs><innerBoundaryIs><LinearRing><coordinates>107.991586,-7.116193,0 107.991423,-7.116202,0 107.991293,-7.116149,0 107.991261,-7.116122,0 107.991240,-7.116114,0 107.991027,-7.115918,0 107.990948,-7.115394,0 107.990952,-7.115202,0 107.991029,-7.115013,0 107.991165,-7.114891,0 107.991321,-7.114853,0 107.991545,-7.114919,0 107.991885,-7.115255,0 107.991965,-7.115391,0 107.992010,-7.115616,0 107.991990,-7.115743,0 107.991700,-7.116102,0 107.991586,-7.116193,0</coordinates></LinearRing></innerBoundaryIs><innerBoundaryIs><LinearRing><coordinates>107.990169,-7.117441,0 107.990073,-7.118419,0 107.989994,-7.118388,0 107.989585,-7.118232,0 107.989022,-7.117970,0 107.988403,-7.117780,0 107.988412,-7.117553,0 107.988526,-7.117307,0 107.988566,-7.117133,0 107.988683,-7.116928,0 107.989075,-7.116460,0 107.989574,-7.115993,0 107.989658,-7.116003,0 107.989822,-7.116116,0 107.990002,-7.116334,0 107.990062,-7.116557,0 107.990169,-7.117441,0</coordinates></LinearRing></innerBoundaryIs><innerBoundaryIs><LinearRing><coordinates>107.992011,-7.118158,0 107.992269,-7.118179,0 107.992474,-7.117614,0 107.992563,-7.117354,0 107.992580,-7.117239,0 107.992853,-7.117307,0 107.992841,-7.117573,0 107.992561,-7.118165,0 107.992505,-7.118559,0 107.992721,-7.118918,0 107.992815,-7.119305,0 107.992808,-7.119481,0 107.992784,-7.119526,0 107.993254,-7.119654,0 107.993685,-7.119782,0 107.993743,-7.119795,0 107.995000,-7.120070,0 107.995000,-7.122573,0 107.994509,-7.122351,0 107.993889,-7.122158,0 107.993368,-7.122148,0 107.993382,-7.122076,0 107.993484,-7.121535,0 107.992863,-7.121353,0 107.992387,-7.121382,0 107.992013,-7.121444,0 107.991576,-7.121364,0 107.991664,-7.120930,0 107.991801,-7.120169,0 107.991407,-7.120103,0 107.991026,-7.119887,0 107.991109,-7.119438,0 107.991300,-7.118976,0 107.991723,-7.118593,0 107.992011,-7.118158,0</coordinates></LinearRing></innerBoundaryIs><innerBoundaryIs><LinearRing><coordinates>107.987794,-7.120774,0 107.987822,-7.120790,0 107.988001,-7.120883,0 107.988374,-7.121376,0 107.988418,-7.121456,0 107.988469,-7.121418,0 107.988693,-7.121483,0 107.988881,-7.120946,0 107.989465,-7.120817,0 107.989839,-7.120942,0 107.989923,-7.121454,0 107.989704,-7.121868,0 107.989697,-7.121883,0 107.989281,-7.122374,0 107.988863,-7.123054,0 107.988186,-7.123301,0 107.987861,-7.123110,0 107.987753,-7.122390,0 107.987559,-7.121649,0 107.987697,-7.120838,0 107.987794,-7.120774,0 107.987571,-7.120650,0 107.987346,-7.120414,0 107.987320,-7.120261,0 107.987194,-7.119522,0 107.987105,-7.119201,0 107.986929,-7.119244,0 107.986774,-7.119037,0 107.986851,-7.118601,0 107.986877,-7.118251,0 107.986891,-7.117448,0 107.987219,-7.117494,0 107.987529,-7.117556,0 107.987937,-7.117660,0 107.987931,-7.117723,0 107.987882,-7.118194,0 107.987680,-7.118670,0 107.987488,-7.118938,0 107.987687,-7.119030,0 107.988044,-7.119277,0 107.988212,-7.119437,0 107.988308,-7.119702,0 107.988316,-7.120010,0 107.988256,-7.120301,0 107.987960,-7.120665,0 107.987794,-7.120774,0</coordinates></LinearRing></innerBoundaryIs><innerBoundaryIs><LinearRing><coordinates>107.985703,-7.119422,0 107.985482,-7.119955,0 107.985335,-7.120356,0 107.985249,-7.120607,0 107.984930,-7.120594,0 107.984803,-7.120584,0 107.984771,-7.120536,0 107.984772,-7.120534,0 107.984595,-7.120569,0 107.984380,-7.120504,0 107.984117,-7.120315,0 107.983623,-7.120001,0 107.983261,-7.119884,0 107.982965,-7.119768,0 107.982396,-7.119554,0 107.982286,-7.119500,0 107.982186,-7.119350,0 107.982127,-7.119087,0 107.982124,-7.118853,0 107.982304,-7.118140,0 107.982438,-7.117905,0 107.982472,-7.117854,0 107.982385,-7.117735,0 107.982305,-7.117631,0 107.982972,-7.117234,0 107.982994,-7.116920,0 107.983195,-7.116854,0 107.983605,-7.116562,0 107.984213,-7.116545,0 107.984667,-7.116294,0 107.985015,-7.115896,0 107.985301,-7.115362,0 107.985830,-7.115053,0 107.986508,-7.114884,0 107.986870,-7.115475,0 107.986830,-7.116071,0 107.986758,-7.116701,0 107.986620,-7.117410,0 107.986604,-7.117494,0 107.986269,-7.118197,0 107.986032,-7.118800,0 107.985703,-7.119422,0</coordinates></LinearRing></innerBoundaryIs><innerBoundaryIs><LinearRing><coordinates>107.982762,-7.112543,0 107.982827,-7.112661,0 107.982858,-7.112910,0 107.982809,-7.113197,0 107.982690,-7.113515,0 107.982550,-7.113784,0 107.982227,-7.114338,0 107.981595,-7.114218,0 107.982249,-7.113664,0 107.982329,-7.113559,0 107.982429,-7.113359,0 107.982725,-7.112513,0 107.982762,-7.112543,0</coordinates></LinearRing></innerBoundaryIs><innerBoundaryIs><LinearRing><coordinates>107.983370,-7.111873,0 107.982884,-7.112260,0 107.982865,-7.112293,0 107.982698,-7.112086,0 107.982650,-7.111533,0 107.982660,-7.111180,0 107.982997,-7.110818,0 107.983388,-7.110625,0 107.983363,-7.110009,0 107.983511,-7.109522,0 107.983862,-7.109354,0 107.984306,-7.109541,0 107.984739,-7.109614,0 107.985311,-7.109577,0 107.985860,-7.109660,0 107.985983,-7.110034,0 107.985633,-7.110255,0 107.985531,-7.110413,0 107.985509,-7.110476,0 107.985230,-7.110474,0 107.984873,-7.110488,0 107.984523,-7.110755,0 107.984334,-7.110737,0 107.984055,-7.111156,0 107.983983,-7.111250,0 107.983931,-7.111318,0 107.983617,-7.111677,0 107.983370,-7.111873,0</coordinates></LinearRing></innerBoundaryIs><innerBoundaryIs><LinearRing><coordinates>107.972765,-7.110423,0 107.972525,-7.110451,0 107.972131,-7.110432,0 107.971968,-7.110352,0 107.971822,-7.110195,0 107.971481,-7.109844,0 107.970885,-7.109267,0 107.970590,-7.109085,0 107.970389,-7.109012,0 107.969757,-7.108824,0 107.969289,-7.108725,0 107.969084,-7.108693,0 107.968794,-7.108612,0 107.969076,-7.108168,0 107.969227,-7.107952,0 107.969697,-7.107723,0 107.969789,-7.107762,0 107.970050,-7.107986,0 107.970303,-7.108110,0 107.970724,-7.108182,0 107.971299,-7.108447,0 107.971748,-7.108669,0 107.972113,-7.108784,0 107.972175,-7.108796,0 107.972554,-7.109277,0 107.972748,-7.109637,0 107.972904,-7.109822,0 107.973139,-7.110130,0 107.973179,-7.110209,0 107.972892,-7.110358,0 107.972765,-7.110423,0</coordinates></LinearRing></innerBoundaryIs><innerBoundaryIs><LinearRing><coordinates>107.974287,-7.111284,0 107.974035,-7.111217,0 107.973982,-7.111146,0 107.973840,-7.110862,0 107.973648,-7.110630,0 107.973608,-7.110313,0 107.973579,-7.109873,0 107.973626,-7.109505,0 107.973711,-7.109449,0 107.973853,-7.109436,0 107.974289,-7.109465,0 107.974606,-7.109546,0 107.974882,-7.109683,0 107.974992,-7.109735,0 107.975072,-7.109711,0 107.975295,-7.109793,0 107.975277,-7.110196,0 107.975135,-7.110134,0 107.974963,-7.110588,0 107.974773,-7.110866,0 107.974602,-7.111101,0 107.974402,-7.111282,0 107.974287,-7.111284,0</coordinates></LinearRing></innerBoundaryIs><innerBoundaryIs><LinearRing><coordinates>107.973270,-7.112918,0 107.974183,-7.112970,0 107.974642,-7.112957,0 107.975220,-7.113046,0 107.975396,-7.113331,0 107.975318,-7.113631,0 107.975153,-7.113808,0 107.975150,-7.113812,0 107.974665,-7.113951,0 107.974300,-7.113876,0 107.973990,-7.113422,0 107.973363,-7.113618,0 107.973270,-7.112918,0</coordinates></LinearRing></innerBoundaryIs><innerBoundaryIs><LinearRing><coordinates>107.975469,-7.113905,0 107.975895,-7.113861,0 107.976160,-7.114181,0 107.976026,-7.114700,0 107.976013,-7.114780,0 107.975986,-7.114947,0 107.975413,-7.114896,0 107.975451,-7.114219,0 107.975469,-7.113905,0</coordinates></LinearRing></innerBoundaryIs><innerBoundaryIs><LinearRing><coordinates>107.974563,-7.115497,0 107.974250,-7.115502,0 107.973830,-7.115415,0 107.973790,-7.115398,0 107.973702,-7.115219,0 107.973583,-7.115117,0 107.973533,-7.115024,0 107.973506,-7.114790,0 107.973580,-7.114622,0 107.973724,-7.114438,0 107.974013,-7.114266,0 107.974218,-7.114215,0 107.974472,-7.114245,0 107.974676,-7.114349,0 107.974884,-7.114536,0 107.975106,-7.114866,0 107.975153,-7.114983,0 107.975106,-7.115179,0 107.975038,-7.115321,0 107.974848,-7.115438,0 107.974563,-7.115497,0</coordinates></LinearRing></innerBoundaryIs><innerBoundaryIs><LinearRing><coordinates>107.975029,-7.116133,0 107.976055,-7.116357,0 107.976280,-7.116526,0 107.976226,-7.116810,0 107.976043,-7.116779,0 107.975370,-7.116523,0 107.974901,-7.117049,0 107.974366,-7.117558,0 107.974015,-7.117648,0 107.973476,-7.117328,0 107.973391,-7.116764,0 107.973441,-7.116445,0 107.973464,-7.116466,0 107.973657,-7.116556,0 107.973904,-7.116541,0 107.974368,-7.116471,0 107.974654,-7.116449,0 107.975029,-7.116133,0</coordinates></LinearRing></innerBoundaryIs><innerBoundaryIs><LinearRing><coordinates>107.993317,-7.126723,0 107.993555,-7.126223,0 107.993887,-7.125945,0 107.994179,-7.125706,0 107.994374,-7.125211,0 107.995000,-7.125204,0 107.995000,-7.127698,0 107.994737,-7.127748,0 107.994339,-7.127601,0 107.993942,-7.127627,0 107.993705,-7.127457,0 107.993668,-7.127412,0 107.993453,-7.127152,0 107.993317,-7.126723,0</coordinates></LinearRing></innerBoundaryIs></Polygon></Placemark><Placemark><name>LW-003</name><styleUrl>#w4</styleUrl><description><![CDATA[<table><tr><td>Luas</td><td align='right'><b>426,6076</b> ha</td></tr><tr><td>Luas</td><td align='right'><b>4.266.076</b> m²</td></tr><tr><td>Keliling</td><td align='right'><b>31.346</b> m</td></tr><tr><td>Jenis sawah</td><td align='right'><b>Sawah Tadah Hujan</b> </td></tr><tr><td>Lapisan BIG</td><td align='right'><b>Agrikultur Sawah</b> </td></tr><tr><td>Seri RBI</td><td align='right'><b>25K</b> </td></tr></table>]]></description><Polygon><tessellate>1</tessellate><outerBoundaryIs><LinearRing><coordinates>107.979673,-7.060000,0 107.979721,-7.060125,0 107.979854,-7.060181,0 107.980656,-7.060602,0 107.980839,-7.060811,0 107.981059,-7.060977,0 107.981180,-7.061237,0 107.981365,-7.061482,0 107.981610,-7.061736,0 107.981614,-7.061743,0 107.981365,-7.062075,0 107.980962,-7.062075,0 107.980852,-7.062074,0 107.980413,-7.061748,0 107.980184,-7.061318,0 107.979886,-7.060632,0 107.979292,-7.060198,0 107.979142,-7.060000,0 107.977611,-7.060000,0 107.977618,-7.060198,0 107.977472,-7.061193,0 107.977429,-7.061562,0 107.977458,-7.061705,0 107.977531,-7.061804,0 107.978530,-7.061809,0 107.978888,-7.061793,0 107.979017,-7.061849,0 107.979563,-7.062435,0 107.979735,-7.062668,0 107.979883,-7.062968,0 107.980151,-7.063387,0 107.980333,-7.063760,0 107.980383,-7.063905,0 107.980625,-7.064113,0 107.980877,-7.064304,0 107.981046,-7.064474,0 107.981111,-7.064933,0 107.981106,-7.065248,0 107.981075,-7.065503,0 107.981110,-7.065761,0 107.981177,-7.065893,0 107.981357,-7.066161,0 107.981379,-7.066871,0 107.981373,-7.067163,0 107.981902,-7.067399,0 107.981977,-7.067425,0 107.982474,-7.066678,0 107.982464,-7.066060,0 107.982684,-7.065751,0 107.983024,-7.065807,0 107.983065,-7.065519,0 107.983113,-7.064930,0 107.983136,-7.064791,0 107.983051,-7.064638,0 107.982951,-7.064573,0 107.983093,-7.064465,0 107.983332,-7.064131,0 107.983316,-7.063576,0 107.983356,-7.062963,0 107.983528,-7.062982,0 107.983688,-7.063034,0 107.983821,-7.063223,0 107.983877,-7.063243,0 107.984031,-7.063345,0 107.984148,-7.063526,0 107.984228,-7.063784,0 107.984232,-7.063789,0 107.984227,-7.063803,0 107.984138,-7.064200,0 107.984150,-7.064943,0 107.984219,-7.065357,0 107.984277,-7.065920,0 107.984231,-7.066312,0 107.984168,-7.066490,0 107.984031,-7.066730,0 107.983837,-7.066814,0 107.983436,-7.066959,0 107.983363,-7.066698,0 107.983349,-7.066239,0 107.982961,-7.066106,0 107.982837,-7.066689,0 107.982923,-7.066951,0 107.983054,-7.067312,0 107.983054,-7.067487,0 107.983279,-7.067479,0 107.983332,-7.067843,0 107.983334,-7.067851,0 107.983324,-7.067923,0 107.983198,-7.068322,0 107.982906,-7.068696,0 107.982900,-7.068829,0 107.982774,-7.068884,0 107.982641,-7.068952,0 107.982040,-7.068957,0 107.981827,-7.068959,0 107.981735,-7.068987,0 107.981737,-7.069113,0 107.981922,-7.069316,0 107.982418,-7.069954,0 107.982575,-7.070154,0 107.982972,-7.070491,0 107.983031,-7.070532,0 107.982951,-7.069919,0 107.982894,-7.069316,0 107.982894,-7.069281,0 107.983152,-7.069202,0 107.983645,-7.069321,0 107.983928,-7.069878,0 107.983999,-7.070495,0 107.983681,-7.071043,0 107.983210,-7.071297,0 107.983264,-7.071528,0 107.983307,-7.071817,0 107.983322,-7.072234,0 107.983376,-7.072172,0 107.983540,-7.072242,0 107.983575,-7.072339,0 107.983514,-7.072576,0 107.983438,-7.072856,0 107.983359,-7.073156,0 107.983194,-7.073538,0 107.983200,-7.073568,0 107.983314,-7.073529,0 107.983714,-7.073388,0 107.983936,-7.073271,0 107.983910,-7.073323,0 107.983610,-7.073980,0 107.983583,-7.074127,0 107.983606,-7.074397,0 107.983649,-7.074488,0 107.983881,-7.075077,0 107.984041,-7.075187,0 107.984266,-7.075220,0 107.985191,-7.075285,0 107.985351,-7.075358,0 107.985487,-7.075568,0 107.985537,-7.075782,0 107.985464,-7.075940,0 107.985142,-7.076060,0 107.984911,-7.076066,0 107.984751,-7.076174,0 107.984321,-7.076306,0 107.984182,-7.076348,0 107.984125,-7.076400,0 107.984148,-7.076602,0 107.984193,-7.076844,0 107.984161,-7.077023,0 107.984051,-7.077226,0 107.983958,-7.077306,0 107.983758,-7.077369,0 107.983478,-7.077348,0 107.983364,-7.077285,0 107.983312,-7.077227,0 107.983180,-7.077269,0 107.983690,-7.077723,0 107.983914,-7.077971,0 107.983957,-7.078075,0 107.983752,-7.078865,0 107.983687,-7.079184,0 107.983188,-7.079829,0 107.982850,-7.080108,0 107.982538,-7.080290,0 107.982499,-7.080317,0 107.982482,-7.080428,0 107.983121,-7.080795,0 107.983257,-7.080869,0 107.983377,-7.081017,0 107.983424,-7.081193,0 107.983410,-7.081419,0 107.983359,-7.081572,0 107.983223,-7.081699,0 107.983014,-7.081763,0 107.982966,-7.081766,0 107.983099,-7.081999,0 107.983179,-7.082037,0 107.983753,-7.081976,0 107.984215,-7.082085,0 107.984605,-7.082140,0 107.984533,-7.082006,0 107.984491,-7.081925,0 107.984340,-7.081456,0 107.984390,-7.081142,0 107.984450,-7.080970,0 107.984598,-7.080802,0 107.984809,-7.080683,0 107.985333,-7.080575,0 107.985397,-7.080568,0 107.985735,-7.080490,0 107.985851,-7.080725,0 107.985972,-7.081048,0 107.985977,-7.081091,0 107.986376,-7.081123,0 107.986418,-7.081982,0 107.986314,-7.082220,0 107.986019,-7.082252,0 107.986026,-7.082887,0 107.986032,-7.083475,0 107.985927,-7.083478,0 107.985577,-7.083418,0 107.985258,-7.083247,0 107.984866,-7.082954,0 107.984624,-7.082807,0 107.984424,-7.083293,0 107.984218,-7.083405,0 107.984178,-7.083701,0 107.984126,-7.084046,0 107.984211,-7.084059,0 107.984488,-7.083929,0 107.984704,-7.083822,0 107.984983,-7.083786,0 107.985305,-7.083799,0 107.985442,-7.083849,0 107.985468,-7.084075,0 107.986034,-7.083682,0 107.986127,-7.083891,0 107.986372,-7.084316,0 107.986454,-7.084516,0 107.986525,-7.084727,0 107.986560,-7.084840,0 107.986590,-7.084939,0 107.986689,-7.085561,0 107.986639,-7.085541,0 107.986339,-7.085444,0 107.985946,-7.085392,0 107.985706,-7.085340,0 107.985594,-7.085251,0 107.985532,-7.085079,0 107.985481,-7.084850,0 107.985380,-7.084691,0 107.985326,-7.084632,0 107.985149,-7.085014,0 107.984814,-7.085883,0 107.984644,-7.086886,0 107.984610,-7.087257,0 107.984648,-7.087497,0 107.985346,-7.088308,0 107.985346,-7.088309,0 107.985346,-7.088309,0 107.985458,-7.088427,0 107.985653,-7.088463,0 107.986143,-7.088353,0 107.986500,-7.088275,0 107.986582,-7.088099,0 107.986618,-7.087979,0 107.986545,-7.087830,0 107.986124,-7.087483,0 107.985610,-7.086947,0 107.985131,-7.086689,0 107.984891,-7.086364,0 107.985139,-7.086137,0 107.985810,-7.086179,0 107.986222,-7.086368,0 107.986532,-7.086331,0 107.986840,-7.086447,0 107.986866,-7.087194,0 107.986729,-7.087365,0 107.986730,-7.087367,0 107.986909,-7.087471,0 107.987139,-7.087585,0 107.987322,-7.087741,0 107.987569,-7.087864,0 107.987869,-7.088021,0 107.987933,-7.088055,0 107.988362,-7.087955,0 107.989082,-7.088333,0 107.989342,-7.088544,0 107.989667,-7.088807,0 107.990132,-7.089277,0 107.990436,-7.089799,0 107.990648,-7.090175,0 107.990705,-7.090275,0 107.990669,-7.090641,0 107.990417,-7.090818,0 107.990348,-7.090866,0 107.990089,-7.090660,0 107.990023,-7.090727,0 107.989891,-7.090973,0 107.989676,-7.091243,0 107.989106,-7.091960,0 107.988931,-7.092070,0 107.988763,-7.092152,0 107.988385,-7.092337,0 107.988222,-7.092414,0 107.987906,-7.092420,0 107.987699,-7.092394,0 107.987648,-7.092344,0 107.987635,-7.092159,0 107.987631,-7.092101,0 107.987674,-7.091958,0 107.987729,-7.091899,0 107.986931,-7.091491,0 107.986790,-7.091432,0 107.986663,-7.091461,0 107.986426,-7.091607,0 107.986254,-7.091716,0 107.985928,-7.091913,0 107.985863,-7.091971,0 107.985800,-7.091925,0 107.985764,-7.091896,0 107.985512,-7.091578,0 107.985499,-7.091564,0 107.985370,-7.091635,0 107.985308,-7.091787,0 107.985028,-7.091644,0 107.984730,-7.091474,0 107.984287,-7.091277,0 107.983772,-7.091048,0 107.983706,-7.091001,0 107.983738,-7.090849,0 107.983911,-7.090566,0 107.984097,-7.090364,0 107.984247,-7.090265,0 107.984405,-7.090235,0 107.984473,-7.090328,0 107.985078,-7.089959,0 107.985157,-7.089561,0 107.985862,-7.089159,0 107.985381,-7.088868,0 107.985342,-7.088843,0 107.984843,-7.088550,0 107.984742,-7.088582,0 107.984207,-7.088929,0 107.984056,-7.088966,0 107.983930,-7.088915,0 107.983769,-7.088738,0 107.983627,-7.088416,0 107.983459,-7.087916,0 107.983381,-7.087580,0 107.983222,-7.087267,0 107.982814,-7.086278,0 107.982662,-7.085873,0 107.982594,-7.085851,0 107.982394,-7.085806,0 107.982216,-7.085718,0 107.982057,-7.085552,0 107.982016,-7.085407,0 107.982074,-7.085163,0 107.982304,-7.084865,0 107.982500,-7.084689,0 107.982598,-7.084544,0 107.982794,-7.084322,0 107.982978,-7.084145,0 107.983027,-7.084034,0 107.983056,-7.083941,0 107.983032,-7.083935,0 107.982975,-7.083864,0 107.982974,-7.083735,0 107.982930,-7.083200,0 107.982810,-7.082780,0 107.982730,-7.082672,0 107.982689,-7.082758,0 107.982597,-7.083323,0 107.982509,-7.083875,0 107.982451,-7.083966,0 107.982285,-7.084065,0 107.982236,-7.084079,0 107.981831,-7.084147,0 107.981289,-7.083798,0 107.981314,-7.083536,0 107.981351,-7.083141,0 107.981383,-7.082922,0 107.981473,-7.082880,0 107.981651,-7.082771,0 107.981751,-7.082582,0 107.981846,-7.082160,0 107.981834,-7.082027,0 107.981626,-7.081771,0 107.981503,-7.081750,0 107.981123,-7.081691,0 107.980818,-7.081557,0 107.980617,-7.081525,0 107.980573,-7.081901,0 107.980478,-7.082469,0 107.980180,-7.082367,0 107.980173,-7.081918,0 107.980195,-7.081617,0 107.980049,-7.081649,0 107.979868,-7.081717,0 107.979494,-7.081860,0 107.979366,-7.081982,0 107.979333,-7.082095,0 107.979376,-7.082270,0 107.979454,-7.082587,0 107.979308,-7.082722,0 107.979030,-7.083010,0 107.979029,-7.083147,0 107.979127,-7.083335,0 107.979267,-7.083483,0 107.979789,-7.084065,0 107.979763,-7.084211,0 107.979628,-7.084311,0 107.979466,-7.084342,0 107.979207,-7.084285,0 107.978519,-7.084133,0 107.978410,-7.084178,0 107.978465,-7.084277,0 107.978791,-7.084547,0 107.979037,-7.084617,0 107.979189,-7.084694,0 107.979284,-7.084819,0 107.979327,-7.084970,0 107.979479,-7.085580,0 107.979388,-7.085719,0 107.979235,-7.085805,0 107.978702,-7.086104,0 107.978587,-7.086292,0 107.978499,-7.086403,0 107.978495,-7.086451,0 107.978783,-7.086377,0 107.979011,-7.086414,0 107.979184,-7.086504,0 107.979461,-7.086753,0 107.979594,-7.086933,0 107.979630,-7.086917,0 107.980368,-7.087475,0 107.980708,-7.087837,0 107.980873,-7.088286,0 107.980816,-7.088373,0 107.980325,-7.088443,0 107.979719,-7.087855,0 107.979297,-7.087642,0 107.979076,-7.087702,0 107.978793,-7.087703,0 107.978538,-7.087651,0 107.978050,-7.087473,0 107.977706,-7.087375,0 107.977087,-7.087207,0 107.976763,-7.087039,0 107.976613,-7.086889,0 107.976418,-7.086572,0 107.976347,-7.086256,0 107.976408,-7.086096,0 107.976475,-7.085908,0 107.976465,-7.085743,0 107.976392,-7.085571,0 107.976221,-7.085376,0 107.976076,-7.085297,0 107.975984,-7.085326,0 107.975516,-7.085588,0 107.975559,-7.085627,0 107.975998,-7.086155,0 107.976003,-7.086335,0 107.975943,-7.087037,0 107.975950,-7.087224,0 107.976037,-7.087331,0 107.976168,-7.087404,0 107.976444,-7.087510,0 107.976903,-7.087604,0 107.978009,-7.087867,0 107.977799,-7.088284,0 107.977581,-7.088413,0 107.977428,-7.088427,0 107.977053,-7.088388,0 107.976397,-7.088335,0 107.976391,-7.088391,0 107.976690,-7.088634,0 107.977697,-7.089256,0 107.977766,-7.089323,0 107.978131,-7.089736,0 107.978444,-7.090152,0 107.978596,-7.090276,0 107.978862,-7.090394,0 107.978901,-7.090482,0 107.978926,-7.090455,0 107.979300,-7.090527,0 107.979632,-7.091014,0 107.979672,-7.091093,0 107.979735,-7.091307,0 107.979866,-7.092161,0 107.979877,-7.092209,0 107.979949,-7.092540,0 107.979980,-7.092725,0 107.979820,-7.093674,0 107.979792,-7.093895,0 107.979870,-7.094090,0 107.980131,-7.094350,0 107.980312,-7.094546,0 107.980498,-7.095238,0 107.980747,-7.095599,0 107.981085,-7.096020,0 107.981141,-7.096225,0 107.981238,-7.096446,0 107.981460,-7.096719,0 107.981510,-7.096763,0 107.982100,-7.096271,0 107.982201,-7.095682,0 107.981439,-7.095284,0 107.981081,-7.094705,0 107.981436,-7.093998,0 107.981942,-7.093759,0 107.982472,-7.094354,0 107.983040,-7.094479,0 107.983167,-7.094478,0 107.983077,-7.093981,0 107.982976,-7.093313,0 107.982872,-7.093111,0 107.982582,-7.092823,0 107.982508,-7.092740,0 107.982219,-7.092916,0 107.982076,-7.092918,0 107.981638,-7.092649,0 107.981336,-7.092200,0 107.981325,-7.092184,0 107.980869,-7.091909,0 107.980548,-7.091302,0 107.980532,-7.091271,0 107.980489,-7.091120,0 107.980391,-7.090771,0 107.980192,-7.090137,0 107.980584,-7.089335,0 107.980997,-7.088824,0 107.981069,-7.088600,0 107.981175,-7.088275,0 107.981450,-7.087767,0 107.981818,-7.087552,0 107.981818,-7.087551,0 107.981727,-7.087108,0 107.982071,-7.087119,0 107.982203,-7.087300,0 107.982207,-7.087667,0 107.982137,-7.088172,0 107.982132,-7.088621,0 107.982585,-7.088877,0 107.983110,-7.089468,0 107.983059,-7.089908,0 107.982561,-7.090128,0 107.981966,-7.090029,0 107.981593,-7.090067,0 107.981537,-7.090635,0 107.981194,-7.090871,0 107.981280,-7.091076,0 107.981426,-7.091296,0 107.981553,-7.091488,0 107.981585,-7.091531,0 107.981599,-7.091507,0 107.981945,-7.091396,0 107.982319,-7.091399,0 107.982257,-7.091796,0 107.981983,-7.092087,0 107.982059,-7.092195,0 107.982197,-7.092391,0 107.982283,-7.092487,0 107.982490,-7.092353,0 107.982687,-7.092300,0 107.983222,-7.092803,0 107.983375,-7.093327,0 107.983739,-7.093748,0 107.984294,-7.093846,0 107.984304,-7.093732,0 107.984398,-7.093490,0 107.984471,-7.093287,0 107.984981,-7.093278,0 107.985083,-7.093667,0 107.984688,-7.094132,0 107.984797,-7.094605,0 107.984968,-7.095176,0 107.985263,-7.095782,0 107.985662,-7.095974,0 107.985702,-7.095647,0 107.985737,-7.095333,0 107.985809,-7.095098,0 107.985994,-7.094807,0 107.986127,-7.094582,0 107.986139,-7.094445,0 107.986223,-7.094243,0 107.986365,-7.094149,0 107.986416,-7.094134,0 107.986342,-7.093845,0 107.986348,-7.093741,0 107.986244,-7.093625,0 107.986088,-7.093523,0 107.985866,-7.093435,0 107.985739,-7.093326,0 107.985570,-7.093012,0 107.986230,-7.093133,0 107.986645,-7.093373,0 107.986748,-7.093317,0 107.987141,-7.093321,0 107.987567,-7.093154,0 107.987759,-7.093086,0 107.987899,-7.093130,0 107.988082,-7.093252,0 107.988245,-7.093573,0 107.988293,-7.093729,0 107.988327,-7.094012,0 107.987582,-7.094382,0 107.987384,-7.094785,0 107.987295,-7.095195,0 107.987242,-7.095313,0 107.987323,-7.095370,0 107.987362,-7.095398,0 107.987539,-7.095529,0 107.988197,-7.095718,0 107.988364,-7.095774,0 107.988495,-7.095951,0 107.988515,-7.095470,0 107.988538,-7.095377,0 107.988940,-7.094427,0 107.989142,-7.094198,0 107.989516,-7.093879,0 107.989719,-7.093695,0 107.989786,-7.093561,0 107.990144,-7.092624,0 107.990329,-7.092307,0 107.990466,-7.092141,0 107.990896,-7.091646,0 107.992236,-7.091997,0 107.992538,-7.092128,0 107.992612,-7.092159,0 107.992695,-7.092185,0 107.992320,-7.092864,0 107.991927,-7.093138,0 107.991103,-7.093168,0 107.991059,-7.093848,0 107.991004,-7.094192,0 107.990935,-7.094632,0 107.990761,-7.095434,0 107.990593,-7.095608,0 107.990387,-7.095732,0 107.990327,-7.095756,0 107.990254,-7.096280,0 107.989985,-7.097198,0 107.989837,-7.097786,0 107.989836,-7.097947,0 107.989837,-7.097961,0 107.990306,-7.098383,0 107.990992,-7.098504,0 107.990734,-7.099004,0 107.990817,-7.099070,0 107.990997,-7.099125,0 107.991158,-7.099122,0 107.991482,-7.099135,0 107.991605,-7.099182,0 107.991915,-7.098609,0 107.992586,-7.099105,0 107.993047,-7.099633,0 107.993151,-7.099815,0 107.993872,-7.099786,0 107.994320,-7.099142,0 107.994281,-7.098668,0 107.994588,-7.098590,0 107.995000,-7.098808,0 107.995000,-7.093335,0 107.994608,-7.093559,0 107.994162,-7.093601,0 107.993860,-7.093492,0 107.993649,-7.093415,0 107.993234,-7.093064,0 107.993330,-7.092601,0 107.993375,-7.092325,0 107.993319,-7.092265,0 107.993233,-7.092174,0 107.993242,-7.092123,0 107.993285,-7.091891,0 107.993564,-7.091556,0 107.993979,-7.091341,0 107.994034,-7.091313,0 107.994215,-7.091214,0 107.994582,-7.091013,0 107.995000,-7.090933,0 107.995000,-7.092352,0 107.994965,-7.092406,0 107.995000,-7.092416,0 107.995000,-7.085419,0 107.994851,-7.085403,0 107.994552,-7.084795,0 107.994771,-7.083910,0 107.995000,-7.083812,0 107.995000,-7.071212,0 107.994954,-7.071076,0 107.994907,-7.070785,0 107.994829,-7.070364,0 107.994717,-7.070175,0 107.994481,-7.070037,0 107.994411,-7.069891,0 107.994372,-7.069603,0 107.994397,-7.069477,0 107.994429,-7.069321,0 107.994558,-7.068979,0 107.994736,-7.068701,0 107.995000,-7.068483,0 107.995000,-7.065200,0 107.994944,-7.065166,0 107.994872,-7.065145,0 107.994879,-7.065117,0 107.995000,-7.064779,0 107.995000,-7.060867,0 107.994876,-7.060880,0 107.994817,-7.060992,0 107.994912,-7.061386,0 107.994912,-7.061652,0 107.994943,-7.061860,0 107.994950,-7.061962,0 107.994476,-7.062025,0 107.994203,-7.061688,0 107.994274,-7.061058,0 107.994317,-7.061020,0 107.994456,-7.060562,0 107.994383,-7.060483,0 107.994212,-7.060237,0 107.994115,-7.060002,0 107.994114,-7.060000,0 107.979673,-7.060000,0</coordinates></LinearRing></outerBoundaryIs><innerBoundaryIs><LinearRing><coordinates>107.989169,-7.060000,0 107.989027,-7.060091,0 107.988827,-7.060111,0 107.988646,-7.060046,0 107.988584,-7.060000,0 107.989169,-7.060000,0</coordinates></LinearRing></innerBoundaryIs><innerBoundaryIs><LinearRing><coordinates>107.988530,-7.062978,0 107.988407,-7.063018,0 107.988236,-7.062960,0 107.988215,-7.062895,0 107.988201,-7.062852,0 107.988161,-7.062350,0 107.988215,-7.061567,0 107.988375,-7.060696,0 107.988459,-7.060728,0 107.989324,-7.060864,0 107.989645,-7.060945,0 107.989600,-7.061014,0 107.989303,-7.061510,0 107.988876,-7.062272,0 107.988530,-7.062978,0</coordinates></LinearRing></innerBoundaryIs><innerBoundaryIs><LinearRing><coordinates>107.982301,-7.063098,0 107.982579,-7.063642,0 107.982410,-7.064221,0 107.982277,-7.064136,0 107.981890,-7.063915,0 107.981867,-7.063896,0 107.981719,-7.064027,0 107.981380,-7.063809,0 107.980851,-7.063318,0 107.981237,-7.063029,0 107.981178,-7.062823,0 107.981717,-7.062641,0 107.982301,-7.063098,0</coordinates></LinearRing></innerBoundaryIs><innerBoundaryIs><LinearRing><coordinates>107.986290,-7.063583,0 107.986890,-7.063368,0 107.987462,-7.063389,0 107.987740,-7.063425,0 107.987710,-7.063534,0 107.987688,-7.063642,0 107.987378,-7.063773,0 107.987296,-7.063816,0 107.987242,-7.063908,0 107.987024,-7.063891,0 107.986854,-7.063915,0 107.986739,-7.063974,0 107.986524,-7.064301,0 107.986290,-7.063583,0</coordinates></LinearRing></innerBoundaryIs><innerBoundaryIs><LinearRing><coordinates>107.986530,-7.068555,0 107.986778,-7.068641,0 107.987020,-7.068790,0 107.987157,-7.068843,0 107.987131,-7.068688,0 107.987076,-7.068457,0 107.987099,-7.068278,0 107.987264,-7.068020,0 107.987500,-7.067834,0 107.988018,-7.067503,0 107.988045,-7.067377,0 107.988126,-7.067019,0 107.988308,-7.066907,0 107.988503,-7.066758,0 107.988623,-7.066608,0 107.988837,-7.066347,0 107.989224,-7.066094,0 107.989767,-7.065627,0 107.989828,-7.065526,0 107.989817,-7.065310,0 107.989740,-7.065110,0 107.989577,-7.064719,0 107.989535,-7.064239,0 107.989623,-7.064229,0 107.989795,-7.064226,0 107.989960,-7.064284,0 107.990154,-7.064556,0 107.990133,-7.064742,0 107.990110,-7.064863,0 107.990480,-7.065451,0 107.990593,-7.065646,0 107.990642,-7.065877,0 107.990639,-7.066211,0 107.990876,-7.066692,0 107.991034,-7.066867,0 107.991208,-7.066960,0 107.991272,-7.066979,0 107.991273,-7.066980,0 107.991730,-7.067287,0 107.991981,-7.067541,0 107.992049,-7.067692,0 107.991991,-7.067800,0 107.991393,-7.068043,0 107.991326,-7.068097,0 107.991372,-7.068500,0 107.991424,-7.068478,0 107.992286,-7.068200,0 107.992403,-7.068208,0 107.992338,-7.068667,0 107.992390,-7.068887,0 107.992702,-7.069409,0 107.992859,-7.069718,0 107.993303,-7.070635,0 107.993519,-7.070861,0 107.993669,-7.070932,0 107.993973,-7.070970,0 107.994171,-7.071027,0 107.994736,-7.071351,0 107.994748,-7.071445,0 107.994619,-7.071530,0 107.994434,-7.071529,0 107.994064,-7.071463,0 107.993731,-7.071327,0 107.993020,-7.070757,0 107.992607,-7.070426,0 107.992480,-7.070408,0 107.992468,-7.070323,0 107.992417,-7.070105,0 107.992310,-7.070010,0 107.992092,-7.069910,0 107.991787,-7.069779,0 107.991411,-7.069700,0 107.991166,-7.069711,0 107.990973,-7.069795,0 107.990881,-7.069889,0 107.990795,-7.070153,0 107.990796,-7.070348,0 107.990840,-7.070956,0 107.990873,-7.071164,0 107.990982,-7.071323,0 107.991598,-7.071465,0 107.991814,-7.071527,0 107.992165,-7.072027,0 107.992272,-7.072237,0 107.992270,-7.072310,0 107.992099,-7.072400,0 107.991295,-7.072362,0 107.990995,-7.072289,0 107.990582,-7.072086,0 107.990537,-7.071736,0 107.990431,-7.071258,0 107.990140,-7.070533,0 107.990092,-7.070561,0 107.989869,-7.070758,0 107.989452,-7.071052,0 107.989034,-7.071243,0 107.988195,-7.071595,0 107.987763,-7.071808,0 107.987474,-7.071915,0 107.987521,-7.071936,0 107.987577,-7.072074,0 107.987711,-7.072268,0 107.987753,-7.072293,0 107.988149,-7.072082,0 107.988395,-7.072431,0 107.988585,-7.072293,0 107.988700,-7.072096,0 107.988983,-7.071572,0 107.989158,-7.071501,0 107.989823,-7.071351,0 107.990017,-7.071393,0 107.990048,-7.071555,0 107.990112,-7.071853,0 107.990330,-7.072564,0 107.990345,-7.072878,0 107.990308,-7.073121,0 107.990291,-7.073330,0 107.990222,-7.073790,0 107.990125,-7.073862,0 107.989929,-7.073838,0 107.989527,-7.073694,0 107.988988,-7.073371,0 107.988967,-7.073480,0 107.988993,-7.073710,0 107.989054,-7.074005,0 107.989091,-7.074181,0 107.988830,-7.074385,0 107.988733,-7.074460,0 107.988589,-7.074705,0 107.988566,-7.074890,0 107.988616,-7.075132,0 107.988634,-7.075147,0 107.988700,-7.075794,0 107.988219,-7.076469,0 107.988064,-7.076547,0 107.987719,-7.076722,0 107.986867,-7.076790,0 107.986804,-7.077207,0 107.986454,-7.077217,0 107.986448,-7.077216,0 107.986613,-7.076815,0 107.986294,-7.076443,0 107.986497,-7.075688,0 107.986117,-7.075433,0 107.985891,-7.075386,0 107.985585,-7.075323,0 107.985539,-7.075295,0 107.985641,-7.074689,0 107.986274,-7.074598,0 107.987044,-7.074645,0 107.987266,-7.074714,0 107.987259,-7.074469,0 107.987245,-7.074041,0 107.987115,-7.073641,0 107.986977,-7.073219,0 107.986833,-7.072769,0 107.986690,-7.072452,0 107.986716,-7.072128,0 107.986776,-7.071938,0 107.986659,-7.071679,0 107.986487,-7.071336,0 107.986311,-7.071309,0 107.986114,-7.071346,0 107.986031,-7.071425,0 107.986024,-7.071524,0 107.986094,-7.072223,0 107.985903,-7.072720,0 107.985754,-7.072929,0 107.985620,-7.073131,0 107.985531,-7.073218,0 107.985501,-7.073248,0 107.985183,-7.073467,0 107.985072,-7.073462,0 107.984876,-7.073357,0 107.984646,-7.073171,0 107.984531,-7.073080,0 107.984397,-7.073014,0 107.984293,-7.072965,0 107.984951,-7.072289,0 107.985039,-7.071973,0 107.984995,-7.071885,0 107.984852,-7.071799,0 107.984713,-7.071700,0 107.984734,-7.071587,0 107.984908,-7.071221,0 107.985027,-7.071193,0 107.985195,-7.071131,0 107.985644,-7.070734,0 107.985635,-7.070557,0 107.985629,-7.070363,0 107.985743,-7.070209,0 107.985556,-7.070114,0 107.984910,-7.069871,0 107.984668,-7.069742,0 107.984554,-7.069637,0 107.984443,-7.069337,0 107.984439,-7.068769,0 107.984442,-7.068377,0 107.984480,-7.068140,0 107.984096,-7.068059,0 107.983658,-7.067947,0 107.983438,-7.067877,0 107.983472,-7.067749,0 107.983525,-7.067501,0 107.983585,-7.067378,0 107.983811,-7.067193,0 107.983840,-7.067187,0 107.984095,-7.067128,0 107.984485,-7.067119,0 107.985046,-7.067212,0 107.985238,-7.066659,0 107.986064,-7.066267,0 107.986593,-7.066036,0 107.986829,-7.065994,0 107.987102,-7.066159,0 107.987172,-7.066775,0 107.987201,-7.067024,0 107.987209,-7.067306,0 107.986736,-7.067981,0 107.986555,-7.068247,0 107.986530,-7.068555,0</coordinates></LinearRing></innerBoundaryIs><innerBoundaryIs><LinearRing><coordinates>107.987642,-7.064916,0 107.987634,-7.065601,0 107.987530,-7.065884,0 107.987078,-7.065955,0 107.987063,-7.065825,0 107.987113,-7.065463,0 107.987171,-7.065014,0 107.987191,-7.064815,0 107.987642,-7.064916,0</coordinates></LinearRing></innerBoundaryIs><innerBoundaryIs><LinearRing><coordinates>107.993231,-7.065780,0 107.993001,-7.065818,0 107.992818,-7.065781,0 107.992635,-7.065689,0 107.992573,-7.065636,0 107.992491,-7.065190,0 107.993028,-7.065017,0 107.993367,-7.065023,0 107.993485,-7.065054,0 107.993546,-7.065148,0 107.993479,-7.065521,0 107.993398,-7.065674,0 107.993231,-7.065780,0</coordinates></LinearRing></innerBoundaryIs><innerBoundaryIs><LinearRing><coordinates>107.993548,-7.074585,0 107.993227,-7.074215,0 107.993126,-7.073953,0 107.992974,-7.073618,0 107.992828,-7.073354,0 107.993042,-7.073043,0 107.993194,-7.072973,0 107.993512,-7.072816,0 107.993538,-7.072710,0 107.993598,-7.072500,0 107.993746,-7.072444,0 107.993708,-7.072519,0 107.993612,-7.072851,0 107.993468,-7.073444,0 107.993460,-7.073639,0 107.993571,-7.073851,0 107.993778,-7.074129,0 107.994537,-7.074821,0 107.994765,-7.075033,0 107.994889,-7.075024,0 107.995000,-7.075008,0 107.995000,-7.076527,0 107.994630,-7.076328,0 107.994554,-7.076188,0 107.994591,-7.075980,0 107.994690,-7.075754,0 107.994652,-7.075758,0 107.994567,-7.075767,0 107.994220,-7.075800,0 107.994003,-7.075814,0 107.993982,-7.075778,0 107.993969,-7.075765,0 107.993952,-7.075805,0 107.993790,-7.076194,0 107.993675,-7.076643,0 107.993622,-7.076842,0 107.992795,-7.076515,0 107.992736,-7.076489,0 107.992587,-7.076494,0 107.991427,-7.076467,0 107.991299,-7.076566,0 107.991284,-7.076744,0 107.991280,-7.076838,0 107.990811,-7.076995,0 107.990522,-7.077014,0 107.990092,-7.076896,0 107.989842,-7.076763,0 107.989660,-7.076552,0 107.989606,-7.075630,0 107.989485,-7.075542,0 107.989159,-7.075345,0 107.989146,-7.074929,0 107.989182,-7.074908,0 107.989564,-7.074680,0 107.989713,-7.074713,0 107.989921,-7.074927,0 107.990140,-7.075138,0 107.990416,-7.075116,0 107.990515,-7.074545,0 107.990316,-7.074268,0 107.990369,-7.074136,0 107.990396,-7.074013,0 107.990508,-7.073691,0 107.990616,-7.073322,0 107.990632,-7.073142,0 107.990760,-7.073084,0 107.991348,-7.073024,0 107.991175,-7.073342,0 107.991315,-7.073652,0 107.990916,-7.074070,0 107.990780,-7.074731,0 107.990775,-7.074818,0 107.990820,-7.075017,0 107.991015,-7.075460,0 107.991252,-7.075583,0 107.991337,-7.075549,0 107.991463,-7.075401,0 107.991504,-7.075207,0 107.991598,-7.074875,0 107.991719,-7.074701,0 107.991797,-7.074668,0 107.991843,-7.074745,0 107.991887,-7.074830,0 107.991924,-7.074860,0 107.992208,-7.074970,0 107.992504,-7.075103,0 107.992699,-7.075053,0 107.992783,-7.075037,0 107.993107,-7.074972,0 107.993280,-7.074915,0 107.993494,-7.074756,0 107.993553,-7.074641,0 107.993548,-7.074585,0</coordinates></LinearRing></innerBoundaryIs><innerBoundaryIs><LinearRing><coordinates>107.990804,-7.078473,0 107.990840,-7.078469,0 107.990924,-7.078330,0 107.990968,-7.078206,0 107.991581,-7.078600,0 107.991331,-7.078949,0 107.991032,-7.078786,0 107.990804,-7.078473,0 107.990641,-7.079049,0 107.990600,-7.079110,0 107.990438,-7.079265,0 107.990236,-7.079361,0 107.990061,-7.079382,0 107.989831,-7.079327,0 107.989460,-7.079119,0 107.988793,-7.078574,0 107.988245,-7.078203,0 107.988102,-7.077918,0 107.988096,-7.077754,0 107.988166,-7.077383,0 107.988261,-7.077190,0 107.988352,-7.077040,0 107.988469,-7.077146,0 107.988796,-7.077485,0 107.988883,-7.077682,0 107.988960,-7.077834,0 107.989261,-7.078038,0 107.989639,-7.078202,0 107.989677,-7.078126,0 107.989887,-7.077913,0 107.990280,-7.078056,0 107.990247,-7.078407,0 107.990715,-7.078484,0 107.990804,-7.078473,0</coordinates></LinearRing></innerBoundaryIs><innerBoundaryIs><LinearRing><coordinates>107.992070,-7.078817,0 107.992388,-7.078788,0 107.992749,-7.078916,0 107.993035,-7.079300,0 107.992969,-7.079575,0 107.992903,-7.079851,0 107.992480,-7.080005,0 107.991894,-7.079558,0 107.991839,-7.079160,0 107.992070,-7.078817,0</coordinates></LinearRing></innerBoundaryIs><innerBoundaryIs><LinearRing><coordinates>107.994293,-7.082000,0 107.994140,-7.082022,0 107.993920,-7.081943,0 107.993741,-7.081829,0 107.993683,-7.081767,0 107.993676,-7.081755,0 107.993454,-7.081527,0 107.993308,-7.081170,0 107.993876,-7.081045,0 107.994076,-7.081054,0 107.994326,-7.081149,0 107.994422,-7.081265,0 107.994474,-7.081496,0 107.994448,-7.081739,0 107.994392,-7.081895,0 107.994293,-7.082000,0</coordinates></LinearRing></innerBoundaryIs><innerBoundaryIs><LinearRing><coordinates>107.989940,-7.084282,0 107.989791,-7.084329,0 107.989677,-7.084314,0 107.989555,-7.084223,0 107.989518,-7.084174,0 107.989099,-7.083810,0 107.988777,-7.083638,0 107.988722,-7.083609,0 107.988569,-7.083529,0 107.988468,-7.083399,0 107.988418,-7.083166,0 107.988420,-7.083041,0 107.988478,-7.082994,0 107.988493,-7.082982,0 107.989602,-7.083373,0 107.989845,-7.083497,0 107.989996,-7.083624,0 107.990078,-7.083785,0 107.990107,-7.084044,0 107.990070,-7.084172,0 107.989940,-7.084282,0</coordinates></LinearRing></innerBoundaryIs><innerBoundaryIs><LinearRing><coordinates>107.991075,-7.084465,0 107.991262,-7.084476,0 107.991589,-7.084475,0 107.991791,-7.084510,0 107.991966,-7.084592,0 107.992006,-7.084910,0 107.991942,-7.085332,0 107.991902,-7.085449,0 107.991812,-7.085528,0 107.991605,-7.085502,0 107.991359,-7.085448,0 107.990460,-7.085466,0 107.990321,-7.085452,0 107.990215,-7.085322,0 107.990147,-7.085138,0 107.990169,-7.084575,0 107.990208,-7.084450,0 107.990394,-7.084388,0 107.991075,-7.084465,0</coordinates></LinearRing></innerBoundaryIs><innerBoundaryIs><LinearRing><coordinates>107.989828,-7.088247,0 107.989730,-7.088253,0 107.989692,-7.088239,0 107.989668,-7.088159,0 107.989638,-7.088058,0 107.989514,-7.087373,0 107.989438,-7.087102,0 107.989214,-7.086699,0 107.988997,-7.086452,0 107.988958,-7.086314,0 107.988979,-7.086227,0 107.989000,-7.086141,0 107.989106,-7.085993,0 107.989268,-7.085917,0 107.989434,-7.085969,0 107.990354,-7.086332,0 107.990868,-7.086459,0 107.990924,-7.086614,0 107.990938,-7.086855,0 107.990864,-7.087071,0 107.990768,-7.087210,0 107.990339,-7.087693,0 107.990247,-7.087828,0 107.990139,-7.087990,0 107.990017,-7.088130,0 107.989828,-7.088247,0</coordinates></LinearRing></innerBoundaryIs><innerBoundaryIs><LinearRing><coordinates>107.992682,-7.087247,0 107.992608,-7.087327,0 107.991968,-7.087145,0 107.991757,-7.087034,0 107.991660,-7.086918,0 107.991750,-7.086566,0 107.991921,-7.086264,0 107.992049,-7.086117,0 107.992089,-7.086092,0 107.992157,-7.086082,0 107.992345,-7.086060,0 107.992516,-7.086194,0 107.992645,-7.086590,0 107.992701,-7.086859,0 107.992742,-7.087014,0 107.992682,-7.087247,0</coordinates></LinearRing></innerBoundaryIs><innerBoundaryIs><LinearRing><coordinates>107.995000,-7.088572,0 107.994807,-7.088775,0 107.994560,-7.089101,0 107.994514,-7.089207,0 107.994536,-7.089330,0 107.994394,-7.089497,0 107.993907,-7.089999,0 107.993549,-7.089949,0 107.993761,-7.089454,0 107.994003,-7.089017,0 107.994182,-7.088765,0 107.993994,-7.088293,0 107.994556,-7.087815,0 107.994829,-7.087463,0 107.995000,-7.087470,0 107.995000,-7.088572,0</coordinates></LinearRing></innerBoundaryIs><innerBoundaryIs><LinearRing><coordinates>107.991382,-7.089335,0 107.991552,-7.089769,0 107.991633,-7.090183,0 107.991660,-7.090339,0 107.991823,-7.090433,0 107.991569,-7.090735,0 107.991276,-7.090230,0 107.991110,-7.089673,0 107.990817,-7.089667,0 107.990832,-7.089576,0 107.990934,-7.089242,0 107.990983,-7.088990,0 107.991031,-7.088912,0 107.991118,-7.088882,0 107.991382,-7.089335,0</coordinates></LinearRing></innerBoundaryIs><innerBoundaryIs><LinearRing><coordinates>107.980798,-7.085687,0 107.981358,-7.086500,0 107.981152,-7.086772,0 107.980595,-7.086571,0 107.980319,-7.086255,0 107.980325,-7.085756,0 107.980587,-7.085242,0 107.980798,-7.085687,0</coordinates></LinearRing></innerBoundaryIs></Polygon></Placemark><Placemark><name>LW-004</name><styleUrl>#w4</styleUrl><description><![CDATA[<table><tr><td>Luas</td><td align='right'><b>201,6905</b> ha</td></tr><tr><td>Luas</td><td align='right'><b>2.016.905</b> m²</td></tr><tr><td>Keliling</td><td align='right'><b>9.131</b> m</td></tr><tr><td>Jenis sawah</td><td align='right'><b>Sawah</b> </td></tr><tr><td>Lapisan BIG</td><td align='right'><b>Agrikultur Sawah</b> </td></tr><tr><td>Seri RBI</td><td align='right'><b>25K</b> </td></tr></table>]]></description><Polygon><tessellate>1</tessellate><outerBoundaryIs><LinearRing><coordinates>107.995000,-7.150000,0 107.995000,-7.137330,0 107.994636,-7.137370,0 107.994555,-7.137346,0 107.994821,-7.137706,0 107.995000,-7.138016,0 107.995000,-7.139641,0 107.994914,-7.139702,0 107.994300,-7.139603,0 107.993745,-7.138814,0 107.993448,-7.138175,0 107.994062,-7.137301,0 107.994026,-7.137307,0 107.993722,-7.137337,0 107.993399,-7.137274,0 107.993102,-7.137226,0 107.992168,-7.137164,0 107.991577,-7.137419,0 107.991088,-7.137630,0 107.991010,-7.137609,0 107.990947,-7.137482,0 107.990880,-7.137245,0 107.990809,-7.137050,0 107.990774,-7.136954,0 107.990673,-7.136833,0 107.990516,-7.136755,0 107.990349,-7.136761,0 107.990125,-7.136767,0 107.989764,-7.136776,0 107.989620,-7.136904,0 107.989418,-7.137169,0 107.989184,-7.137444,0 107.989083,-7.137429,0 107.988949,-7.137409,0 107.988906,-7.137384,0 107.988865,-7.137521,0 107.988796,-7.137748,0 107.988799,-7.137874,0 107.988831,-7.137976,0 107.988531,-7.138650,0 107.988478,-7.138771,0 107.987583,-7.138741,0 107.986712,-7.138516,0 107.986087,-7.137699,0 107.985318,-7.137574,0 107.984736,-7.137764,0 107.984026,-7.137829,0 107.983670,-7.138328,0 107.983533,-7.138575,0 107.983434,-7.138713,0 107.983361,-7.138648,0 107.983042,-7.138534,0 107.982947,-7.138500,0 107.982663,-7.138450,0 107.982379,-7.138465,0 107.982278,-7.138477,0 107.982355,-7.139239,0 107.982377,-7.139463,0 107.982668,-7.139612,0 107.982796,-7.139685,0 107.983390,-7.140154,0 107.983480,-7.140245,0 107.983502,-7.140389,0 107.983156,-7.140775,0 107.983074,-7.140755,0 107.982934,-7.140790,0 107.982787,-7.140840,0 107.982615,-7.140829,0 107.982568,-7.140814,0 107.982509,-7.141093,0 107.982301,-7.141688,0 107.982122,-7.142458,0 107.982020,-7.142986,0 107.981394,-7.143448,0 107.980901,-7.143952,0 107.980314,-7.144305,0 107.979564,-7.144367,0 107.979511,-7.144346,0 107.979353,-7.144282,0 107.978940,-7.144093,0 107.978463,-7.143863,0 107.978203,-7.143350,0 107.978072,-7.142589,0 107.978102,-7.142401,0 107.978155,-7.142074,0 107.978471,-7.141748,0 107.978648,-7.141721,0 107.978858,-7.140794,0 107.978860,-7.140787,0 107.978328,-7.140467,0 107.978242,-7.139750,0 107.978316,-7.139439,0 107.978269,-7.139392,0 107.978209,-7.139245,0 107.978153,-7.138833,0 107.978198,-7.138429,0 107.978325,-7.138432,0 107.978437,-7.138047,0 107.978383,-7.137835,0 107.978286,-7.137657,0 107.978284,-7.137656,0 107.977946,-7.137418,0 107.977902,-7.137404,0 107.977684,-7.137400,0 107.977433,-7.137633,0 107.977105,-7.138047,0 107.977285,-7.138316,0 107.977327,-7.138431,0 107.977350,-7.138668,0 107.977306,-7.139337,0 107.977149,-7.139550,0 107.976527,-7.140143,0 107.976330,-7.140194,0 107.976087,-7.140166,0 107.974826,-7.139771,0 107.974810,-7.140058,0 107.974878,-7.140309,0 107.974957,-7.140868,0 107.974947,-7.141177,0 107.974940,-7.141599,0 107.974883,-7.141988,0 107.974816,-7.142051,0 107.975000,-7.142437,0 107.975116,-7.142659,0 107.975172,-7.142758,0 107.975598,-7.142948,0 107.975817,-7.142989,0 107.976032,-7.142990,0 107.976161,-7.143013,0 107.976469,-7.143432,0 107.976706,-7.143675,0 107.977291,-7.144157,0 107.977604,-7.144411,0 107.978285,-7.144756,0 107.978337,-7.144779,0 107.978472,-7.144820,0 107.978755,-7.144840,0 107.979434,-7.144891,0 107.979518,-7.144897,0 107.980237,-7.145323,0 107.980238,-7.145324,0 107.980636,-7.145515,0 107.981500,-7.145826,0 107.981856,-7.145945,0 107.981957,-7.146060,0 107.982069,-7.146505,0 107.982509,-7.147015,0 107.982753,-7.147228,0 107.983419,-7.147743,0 107.983790,-7.148037,0 107.984113,-7.148248,0 107.984194,-7.148281,0 107.984884,-7.148566,0 107.985227,-7.148665,0 107.985416,-7.148801,0 107.985836,-7.149302,0 107.985985,-7.149586,0 107.986042,-7.149785,0 107.986055,-7.149949,0 107.986103,-7.150000,0 107.987111,-7.150000,0 107.987344,-7.149965,0 107.987944,-7.149858,0 107.988111,-7.150000,0 107.995000,-7.150000,0</coordinates></LinearRing></outerBoundaryIs><innerBoundaryIs><LinearRing><coordinates>107.976286,-7.141910,0 107.976415,-7.141988,0 107.976605,-7.142137,0 107.976930,-7.142262,0 107.977031,-7.142288,0 107.977141,-7.143014,0 107.976522,-7.142947,0 107.975768,-7.142426,0 107.975752,-7.142381,0 107.975622,-7.142019,0 107.975967,-7.141566,0 107.976286,-7.141910,0</coordinates></LinearRing></innerBoundaryIs></Polygon></Placemark><Placemark><name>LW-005</name><styleUrl>#w4</styleUrl><description><![CDATA[<table><tr><td>Luas</td><td align='right'><b>149,4871</b> ha</td></tr><tr><td>Luas</td><td align='right'><b>1.494.871</b> m²</td></tr><tr><td>Keliling</td><td align='right'><b>12.664</b> m</td></tr><tr><td>Jenis sawah</td><td align='right'><b>Sawah Tadah Hujan</b> </td></tr><tr><td>Lapisan BIG</td><td align='right'><b>Agrikultur Sawah</b> </td></tr><tr><td>Seri RBI</td><td align='right'><b>25K</b> </td></tr></table>]]></description><Polygon><tessellate>1</tessellate><outerBoundaryIs><LinearRing><coordinates>107.969718,-7.060000,0 107.969536,-7.060170,0 107.969441,-7.060298,0 107.969402,-7.060518,0 107.969404,-7.060518,0 107.969516,-7.061207,0 107.969355,-7.062234,0 107.968839,-7.062742,0 107.968467,-7.063243,0 107.968351,-7.063748,0 107.968529,-7.063811,0 107.968625,-7.063871,0 107.968782,-7.064085,0 107.969201,-7.064234,0 107.969373,-7.064471,0 107.969403,-7.064687,0 107.969281,-7.064959,0 107.968706,-7.065609,0 107.968602,-7.065744,0 107.968589,-7.065872,0 107.968626,-7.066006,0 107.969122,-7.066365,0 107.969343,-7.066482,0 107.969464,-7.066546,0 107.969533,-7.066713,0 107.969512,-7.066881,0 107.969454,-7.067011,0 107.969004,-7.067160,0 107.968738,-7.067211,0 107.968549,-7.067311,0 107.968468,-7.067412,0 107.968355,-7.067676,0 107.968341,-7.067701,0 107.968161,-7.067549,0 107.968103,-7.067198,0 107.968305,-7.066390,0 107.968149,-7.066275,0 107.967951,-7.066217,0 107.967912,-7.066205,0 107.967450,-7.066075,0 107.967099,-7.065930,0 107.966845,-7.066212,0 107.966299,-7.066295,0 107.965644,-7.066177,0 107.964983,-7.066214,0 107.964420,-7.066371,0 107.964039,-7.066756,0 107.964065,-7.067098,0 107.964256,-7.067442,0 107.965224,-7.067380,0 107.966034,-7.067436,0 107.966702,-7.067705,0 107.967156,-7.067967,0 107.967510,-7.068245,0 107.967535,-7.068268,0 107.967328,-7.068757,0 107.967143,-7.068838,0 107.967159,-7.068959,0 107.966750,-7.069270,0 107.966318,-7.068852,0 107.965911,-7.068662,0 107.965327,-7.068562,0 107.964630,-7.068480,0 107.964092,-7.068377,0 107.964186,-7.068754,0 107.964165,-7.068954,0 107.964373,-7.068852,0 107.964587,-7.068896,0 107.964922,-7.068925,0 107.965077,-7.068922,0 107.965397,-7.069287,0 107.965583,-7.069497,0 107.965838,-7.069657,0 107.965864,-7.069667,0 107.965882,-7.069694,0 107.966016,-7.069758,0 107.966282,-7.069783,0 107.966448,-7.069749,0 107.966591,-7.069812,0 107.966803,-7.069971,0 107.967057,-7.069713,0 107.967580,-7.069349,0 107.967618,-7.069304,0 107.968054,-7.069371,0 107.968376,-7.068969,0 107.968379,-7.068970,0 107.968578,-7.068996,0 107.968885,-7.069131,0 107.968982,-7.069773,0 107.969374,-7.069773,0 107.970200,-7.069354,0 107.970702,-7.069885,0 107.970904,-7.070583,0 107.970763,-7.070984,0 107.970829,-7.071002,0 107.970923,-7.071084,0 107.970947,-7.071117,0 107.970611,-7.071200,0 107.970378,-7.071227,0 107.969962,-7.071171,0 107.969221,-7.070962,0 107.969218,-7.070963,0 107.968884,-7.070759,0 107.968848,-7.071084,0 107.968837,-7.071180,0 107.969195,-7.071327,0 107.969611,-7.071916,0 107.969445,-7.072187,0 107.969476,-7.072244,0 107.969508,-7.072437,0 107.969465,-7.072615,0 107.969290,-7.072943,0 107.968843,-7.072954,0 107.968213,-7.072704,0 107.967564,-7.072591,0 107.967021,-7.072672,0 107.967038,-7.072920,0 107.967035,-7.073091,0 107.967034,-7.073212,0 107.967154,-7.074349,0 107.967181,-7.074580,0 107.967185,-7.074623,0 107.967214,-7.074896,0 107.967946,-7.074806,0 107.968381,-7.074829,0 107.968312,-7.075365,0 107.967787,-7.075728,0 107.967686,-7.075991,0 107.968184,-7.076434,0 107.968355,-7.076613,0 107.968517,-7.076506,0 107.969111,-7.076163,0 107.969913,-7.076252,0 107.970421,-7.076391,0 107.971241,-7.076826,0 107.971547,-7.077171,0 107.971980,-7.077683,0 107.971920,-7.077818,0 107.971729,-7.078059,0 107.971892,-7.078193,0 107.972198,-7.078445,0 107.972418,-7.078013,0 107.972846,-7.078231,0 107.972918,-7.077976,0 107.972945,-7.077879,0 107.972984,-7.077782,0 107.973224,-7.077558,0 107.973579,-7.076892,0 107.973679,-7.076941,0 107.973908,-7.077087,0 107.974348,-7.077354,0 107.974952,-7.077604,0 107.975230,-7.077597,0 107.975331,-7.077440,0 107.975383,-7.077243,0 107.975496,-7.076969,0 107.975676,-7.076733,0 107.976670,-7.075840,0 107.976931,-7.075756,0 107.977237,-7.075709,0 107.977863,-7.075702,0 107.978233,-7.075772,0 107.978347,-7.075811,0 107.978412,-7.075762,0 107.978486,-7.075598,0 107.978686,-7.075253,0 107.978819,-7.075198,0 107.979071,-7.075085,0 107.979387,-7.074872,0 107.979457,-7.074728,0 107.979687,-7.074041,0 107.979627,-7.073592,0 107.979574,-7.073312,0 107.979646,-7.072848,0 107.979896,-7.071433,0 107.979858,-7.071203,0 107.979714,-7.070896,0 107.979554,-7.070749,0 107.979372,-7.070671,0 107.979027,-7.070636,0 107.978932,-7.070710,0 107.978888,-7.070844,0 107.978925,-7.071014,0 107.979103,-7.071557,0 107.979200,-7.071939,0 107.979325,-7.072743,0 107.979240,-7.072846,0 107.979002,-7.072997,0 107.978775,-7.073071,0 107.978655,-7.072956,0 107.978611,-7.072821,0 107.978574,-7.072460,0 107.978467,-7.072192,0 107.978321,-7.071999,0 107.978220,-7.071979,0 107.978116,-7.072126,0 107.977846,-7.072530,0 107.977798,-7.072677,0 107.977704,-7.072823,0 107.976748,-7.074189,0 107.976856,-7.074193,0 107.977279,-7.074122,0 107.977611,-7.074113,0 107.977654,-7.074849,0 107.977015,-7.075229,0 107.976326,-7.075077,0 107.975718,-7.075123,0 107.975212,-7.075080,0 107.975077,-7.075196,0 107.975009,-7.075734,0 107.974723,-7.076321,0 107.974291,-7.076251,0 107.974119,-7.076036,0 107.974194,-7.075995,0 107.974713,-7.075448,0 107.974763,-7.075404,0 107.974478,-7.075134,0 107.974186,-7.074601,0 107.974047,-7.074176,0 107.973976,-7.073998,0 107.973936,-7.073949,0 107.974176,-7.073880,0 107.974857,-7.073757,0 107.974902,-7.073732,0 107.974939,-7.073635,0 107.974956,-7.073590,0 107.975229,-7.073245,0 107.975507,-7.073064,0 107.975770,-7.073003,0 107.975987,-7.072902,0 107.976204,-7.072671,0 107.976210,-7.072651,0 107.976244,-7.072526,0 107.976183,-7.072431,0 107.975959,-7.072244,0 107.975742,-7.072034,0 107.975492,-7.071772,0 107.975278,-7.071501,0 107.975087,-7.071034,0 107.975048,-7.070965,0 107.975218,-7.070896,0 107.975642,-7.070881,0 107.975948,-7.070999,0 107.976201,-7.071097,0 107.976496,-7.071196,0 107.976454,-7.070906,0 107.976468,-7.070700,0 107.976553,-7.070052,0 107.976700,-7.069683,0 107.976867,-7.069191,0 107.976747,-7.068542,0 107.976666,-7.068512,0 107.976257,-7.068497,0 107.976031,-7.068454,0 107.975765,-7.068298,0 107.975526,-7.068167,0 107.975555,-7.068152,0 107.975719,-7.067972,0 107.975932,-7.067798,0 107.976220,-7.067589,0 107.976372,-7.067504,0 107.976914,-7.067298,0 107.977293,-7.066807,0 107.977653,-7.066487,0 107.978007,-7.066106,0 107.978097,-7.065807,0 107.978096,-7.065376,0 107.978064,-7.065012,0 107.977986,-7.064665,0 107.977817,-7.064510,0 107.977676,-7.064478,0 107.977494,-7.064523,0 107.977296,-7.064636,0 107.976571,-7.065050,0 107.976203,-7.065063,0 107.976030,-7.064977,0 107.975561,-7.064598,0 107.975473,-7.064444,0 107.975303,-7.064170,0 107.974777,-7.063422,0 107.974766,-7.063126,0 107.974902,-7.062939,0 107.975070,-7.062673,0 107.975043,-7.062480,0 107.974947,-7.062363,0 107.974700,-7.062036,0 107.974529,-7.061690,0 107.974437,-7.061503,0 107.974157,-7.061531,0 107.973942,-7.061624,0 107.973675,-7.061825,0 107.973574,-7.061995,0 107.973546,-7.062188,0 107.973504,-7.062630,0 107.973256,-7.063392,0 107.973083,-7.063646,0 107.972999,-7.063663,0 107.972849,-7.063595,0 107.972838,-7.063581,0 107.972732,-7.063451,0 107.972666,-7.063296,0 107.972659,-7.063061,0 107.972582,-7.062258,0 107.972553,-7.062041,0 107.972526,-7.061840,0 107.972522,-7.061188,0 107.972515,-7.060736,0 107.972310,-7.060666,0 107.972146,-7.060503,0 107.971315,-7.060301,0 107.971241,-7.060289,0 107.971200,-7.060000,0 107.969718,-7.060000,0</coordinates></LinearRing></outerBoundaryIs><innerBoundaryIs><LinearRing><coordinates>107.971921,-7.069150,0 107.971803,-7.068989,0 107.971665,-7.068805,0 107.971458,-7.068796,0 107.971164,-7.068745,0 107.970879,-7.068707,0 107.970834,-7.068384,0 107.970728,-7.068236,0 107.970600,-7.068149,0 107.970403,-7.068102,0 107.970096,-7.068121,0 107.969504,-7.068183,0 107.969420,-7.068111,0 107.969272,-7.067957,0 107.969569,-7.067800,0 107.969706,-7.067660,0 107.969885,-7.067463,0 107.970043,-7.067284,0 107.970488,-7.066868,0 107.970672,-7.066654,0 107.971107,-7.066121,0 107.971190,-7.065974,0 107.971449,-7.065514,0 107.971848,-7.065053,0 107.971964,-7.065130,0 107.972098,-7.065218,0 107.972402,-7.065785,0 107.972492,-7.066025,0 107.972406,-7.066561,0 107.972356,-7.066533,0 107.971671,-7.066184,0 107.971475,-7.066291,0 107.971284,-7.066475,0 107.971186,-7.066662,0 107.971294,-7.066903,0 107.971462,-7.067069,0 107.971795,-7.067294,0 107.972396,-7.067109,0 107.972592,-7.067859,0 107.972644,-7.068049,0 107.972739,-7.068395,0 107.972748,-7.068581,0 107.972849,-7.068583,0 107.973309,-7.068646,0 107.973419,-7.069238,0 107.973871,-7.069451,0 107.973880,-7.069457,0 107.974399,-7.069864,0 107.974158,-7.070249,0 107.974119,-7.070224,0 107.973879,-7.070094,0 107.973481,-7.069941,0 107.973346,-7.069919,0 107.973063,-7.069882,0 107.972861,-7.069791,0 107.972818,-7.069743,0 107.972796,-7.069750,0 107.972600,-7.069961,0 107.972525,-7.069905,0 107.972080,-7.069741,0 107.971898,-7.069385,0 107.971921,-7.069150,0</coordinates></LinearRing></innerBoundaryIs><innerBoundaryIs><LinearRing><coordinates>107.976036,-7.070013,0 107.975604,-7.069859,0 107.975566,-7.069375,0 107.975886,-7.069152,0 107.976235,-7.069267,0 107.976337,-7.069844,0 107.976232,-7.070060,0 107.976036,-7.070013,0</coordinates></LinearRing></innerBoundaryIs></Polygon></Placemark><Placemark><name>LW-006</name><styleUrl>#w4</styleUrl><description><![CDATA[<table><tr><td>Luas</td><td align='right'><b>143,0308</b> ha</td></tr><tr><td>Luas</td><td align='right'><b>1.430.308</b> m²</td></tr><tr><td>Keliling</td><td align='right'><b>11.418</b> m</td></tr><tr><td>Jenis sawah</td><td align='right'><b>Sawah</b> </td></tr><tr><td>Lapisan BIG</td><td align='right'><b>Agrikultur Sawah</b> </td></tr><tr><td>Seri RBI</td><td align='right'><b>25K</b> </td></tr></table>]]></description><Polygon><tessellate>1</tessellate><outerBoundaryIs><LinearRing><coordinates>107.957085,-7.142801,0 107.957072,-7.142866,0 107.957057,-7.142947,0 107.956987,-7.143325,0 107.956707,-7.143767,0 107.956631,-7.143894,0 107.956618,-7.143959,0 107.956449,-7.143991,0 107.956250,-7.143854,0 107.956000,-7.143572,0 107.955711,-7.142955,0 107.955174,-7.141806,0 107.954526,-7.140963,0 107.954037,-7.140366,0 107.953739,-7.139966,0 107.953489,-7.139703,0 107.952999,-7.139376,0 107.952472,-7.139006,0 107.951758,-7.138584,0 107.951287,-7.138467,0 107.950576,-7.138407,0 107.950312,-7.138474,0 107.950146,-7.138577,0 107.949809,-7.138992,0 107.949801,-7.139047,0 107.950322,-7.140164,0 107.950321,-7.140435,0 107.950301,-7.140792,0 107.950362,-7.141447,0 107.950787,-7.141538,0 107.950898,-7.142188,0 107.950908,-7.142201,0 107.951267,-7.142135,0 107.952110,-7.141980,0 107.952479,-7.141872,0 107.952748,-7.141728,0 107.953022,-7.141556,0 107.953250,-7.141491,0 107.953550,-7.141501,0 107.953841,-7.141591,0 107.953984,-7.141668,0 107.954058,-7.141838,0 107.954083,-7.142276,0 107.953906,-7.142967,0 107.953854,-7.143170,0 107.953559,-7.143859,0 107.953407,-7.144097,0 107.953266,-7.144227,0 107.953196,-7.144270,0 107.953388,-7.144782,0 107.953430,-7.145274,0 107.953426,-7.145440,0 107.953363,-7.145529,0 107.953200,-7.145648,0 107.953085,-7.145688,0 107.952646,-7.145840,0 107.952391,-7.145855,0 107.951996,-7.145886,0 107.951625,-7.145860,0 107.951549,-7.145854,0 107.951153,-7.146349,0 107.950611,-7.146845,0 107.950224,-7.147196,0 107.950013,-7.147385,0 107.949927,-7.147436,0 107.950015,-7.147577,0 107.950181,-7.147819,0 107.950350,-7.147901,0 107.950888,-7.147743,0 107.951616,-7.147675,0 107.952023,-7.147739,0 107.952763,-7.147934,0 107.952994,-7.148119,0 107.953136,-7.148317,0 107.953186,-7.148624,0 107.953174,-7.149331,0 107.953279,-7.149433,0 107.953617,-7.149623,0 107.953774,-7.149658,0 107.953776,-7.149635,0 107.954640,-7.149286,0 107.955686,-7.149394,0 107.956804,-7.149306,0 107.957879,-7.149311,0 107.958773,-7.149602,0 107.958559,-7.149861,0 107.958451,-7.150000,0 107.959726,-7.150000,0 107.959746,-7.149979,0 107.959882,-7.149880,0 107.960156,-7.149790,0 107.960495,-7.149573,0 107.960679,-7.149447,0 107.961099,-7.149372,0 107.961495,-7.149422,0 107.963141,-7.149529,0 107.963951,-7.149565,0 107.964243,-7.149568,0 107.964799,-7.149578,0 107.964937,-7.149538,0 107.965008,-7.149070,0 107.965063,-7.148916,0 107.965304,-7.148883,0 107.965730,-7.148943,0 107.965999,-7.148995,0 107.966549,-7.148983,0 107.966784,-7.148989,0 107.966899,-7.148971,0 107.966955,-7.148805,0 107.966987,-7.148597,0 107.967093,-7.147336,0 107.966291,-7.147283,0 107.966320,-7.146916,0 107.966850,-7.146579,0 107.967553,-7.146492,0 107.968614,-7.146475,0 107.968991,-7.146945,0 107.968871,-7.147620,0 107.968094,-7.147405,0 107.968087,-7.147403,0 107.967983,-7.147974,0 107.967891,-7.148261,0 107.967882,-7.148679,0 107.967883,-7.148820,0 107.968504,-7.148725,0 107.968837,-7.148597,0 107.968920,-7.148565,0 107.969061,-7.148597,0 107.969237,-7.148708,0 107.969333,-7.148704,0 107.969512,-7.148696,0 107.969666,-7.148721,0 107.969905,-7.148149,0 107.970803,-7.148200,0 107.971565,-7.148309,0 107.971617,-7.148851,0 107.972014,-7.149058,0 107.972384,-7.148641,0 107.972703,-7.148082,0 107.972857,-7.147778,0 107.973018,-7.147706,0 107.973015,-7.147674,0 107.973037,-7.147376,0 107.973117,-7.147110,0 107.973056,-7.146870,0 107.972969,-7.146532,0 107.972646,-7.146508,0 107.972180,-7.145872,0 107.972282,-7.145404,0 107.971903,-7.145343,0 107.971653,-7.145286,0 107.971569,-7.145202,0 107.971549,-7.144956,0 107.971484,-7.144440,0 107.971421,-7.144196,0 107.971360,-7.144004,0 107.971241,-7.143207,0 107.971331,-7.142995,0 107.971322,-7.142991,0 107.971138,-7.142360,0 107.971075,-7.142002,0 107.971419,-7.141900,0 107.971416,-7.141882,0 107.971265,-7.141465,0 107.971058,-7.141360,0 107.970427,-7.141868,0 107.969681,-7.142304,0 107.969566,-7.142437,0 107.969423,-7.142656,0 107.969091,-7.142864,0 107.968083,-7.143085,0 107.967926,-7.143151,0 107.967812,-7.143282,0 107.967689,-7.143466,0 107.967942,-7.143916,0 107.967117,-7.144272,0 107.966695,-7.144036,0 107.966277,-7.144132,0 107.965961,-7.144162,0 107.965722,-7.144117,0 107.965692,-7.144107,0 107.965763,-7.144161,0 107.965645,-7.144675,0 107.965173,-7.144884,0 107.965056,-7.144798,0 107.964745,-7.144904,0 107.964526,-7.144943,0 107.964336,-7.144895,0 107.964152,-7.144797,0 107.963968,-7.144766,0 107.963616,-7.144744,0 107.963225,-7.144730,0 107.962934,-7.144808,0 107.962693,-7.144854,0 107.962596,-7.145078,0 107.962160,-7.146247,0 107.961884,-7.146989,0 107.961834,-7.147086,0 107.961010,-7.148451,0 107.960836,-7.148741,0 107.960814,-7.148692,0 107.960730,-7.148314,0 107.960771,-7.148165,0 107.960835,-7.147783,0 107.960812,-7.147326,0 107.960748,-7.146970,0 107.960670,-7.146259,0 107.960689,-7.145854,0 107.960825,-7.145739,0 107.960900,-7.145714,0 107.960907,-7.145244,0 107.961298,-7.144800,0 107.961526,-7.144766,0 107.961783,-7.144948,0 107.961842,-7.144928,0 107.962096,-7.144828,0 107.962234,-7.144761,0 107.962396,-7.144779,0 107.962693,-7.144854,0 107.962644,-7.144776,0 107.962564,-7.144540,0 107.962561,-7.144223,0 107.962649,-7.143918,0 107.962799,-7.143383,0 107.962899,-7.143028,0 107.962850,-7.142891,0 107.962704,-7.142045,0 107.962445,-7.141542,0 107.962233,-7.141147,0 107.961884,-7.140414,0 107.961693,-7.140464,0 107.961481,-7.140467,0 107.961438,-7.141015,0 107.961336,-7.141249,0 107.961161,-7.141515,0 107.960941,-7.141713,0 107.960265,-7.142297,0 107.960099,-7.142606,0 107.960141,-7.142709,0 107.960254,-7.143028,0 107.960251,-7.143333,0 107.960176,-7.143561,0 107.960057,-7.143676,0 107.959796,-7.143745,0 107.959101,-7.143798,0 107.958734,-7.143761,0 107.958561,-7.143585,0 107.958379,-7.143289,0 107.958202,-7.142900,0 107.958105,-7.142888,0 107.957943,-7.142927,0 107.957945,-7.142941,0 107.957958,-7.143029,0 107.957628,-7.142943,0 107.957085,-7.142801,0</coordinates></LinearRing></outerBoundaryIs><innerBoundaryIs><LinearRing><coordinates>107.952074,-7.141493,0 107.951759,-7.141501,0 107.951457,-7.141441,0 107.951248,-7.141326,0 107.951027,-7.141111,0 107.950960,-7.140967,0 107.950810,-7.140557,0 107.950641,-7.139967,0 107.950548,-7.139454,0 107.950670,-7.139389,0 107.950741,-7.139361,0 107.950884,-7.139327,0 107.951053,-7.139323,0 107.951563,-7.139373,0 107.952327,-7.139515,0 107.952659,-7.139669,0 107.953349,-7.140055,0 107.953644,-7.140310,0 107.954062,-7.140804,0 107.954329,-7.141217,0 107.954372,-7.141450,0 107.954254,-7.141433,0 107.953305,-7.141147,0 107.953102,-7.141175,0 107.952532,-7.141362,0 107.952074,-7.141493,0</coordinates></LinearRing></innerBoundaryIs><innerBoundaryIs><LinearRing><coordinates>107.959750,-7.147251,0 107.959491,-7.147315,0 107.959300,-7.147310,0 107.959046,-7.147030,0 107.958905,-7.146919,0 107.958839,-7.146741,0 107.958774,-7.146516,0 107.958815,-7.146327,0 107.958920,-7.146166,0 107.959104,-7.146026,0 107.959282,-7.145963,0 107.959439,-7.145995,0 107.959722,-7.146102,0 107.960218,-7.146338,0 107.960199,-7.146358,0 107.960149,-7.146397,0 107.960164,-7.146501,0 107.960170,-7.146732,0 107.960099,-7.146940,0 107.959977,-7.147098,0 107.959750,-7.147251,0</coordinates></LinearRing></innerBoundaryIs></Polygon></Placemark><Placemark><name>LW-007</name><styleUrl>#w4</styleUrl><description><![CDATA[<table><tr><td>Luas</td><td align='right'><b>106,3433</b> ha</td></tr><tr><td>Luas</td><td align='right'><b>1.063.433</b> m²</td></tr><tr><td>Keliling</td><td align='right'><b>11.266</b> m</td></tr><tr><td>Jenis sawah</td><td align='right'><b>Sawah Tadah Hujan</b> </td></tr><tr><td>Lapisan BIG</td><td align='right'><b>Agrikultur Sawah</b> </td></tr><tr><td>Seri RBI</td><td align='right'><b>25K</b> </td></tr></table>]]></description><Polygon><tessellate>1</tessellate><outerBoundaryIs><LinearRing><coordinates>107.923500,-7.114921,0 107.923440,-7.114970,0 107.923263,-7.115057,0 107.923069,-7.115088,0 107.922447,-7.115115,0 107.922079,-7.115224,0 107.921745,-7.115418,0 107.921124,-7.115856,0 107.920538,-7.116061,0 107.920190,-7.116053,0 107.919685,-7.115948,0 107.919455,-7.115826,0 107.919277,-7.115667,0 107.918286,-7.114712,0 107.917855,-7.114673,0 107.916780,-7.114666,0 107.916774,-7.114664,0 107.916729,-7.114639,0 107.916497,-7.114542,0 107.916399,-7.114571,0 107.916170,-7.114514,0 107.915782,-7.114382,0 107.915288,-7.114111,0 107.914971,-7.113796,0 107.914661,-7.113453,0 107.914379,-7.113223,0 107.914246,-7.113223,0 107.913795,-7.113287,0 107.913500,-7.113408,0 107.913209,-7.113494,0 107.912492,-7.113614,0 107.911436,-7.113800,0 107.911035,-7.114087,0 107.910672,-7.114279,0 107.910491,-7.114316,0 107.910024,-7.114436,0 107.908104,-7.114999,0 107.907943,-7.115183,0 107.907893,-7.115342,0 107.907865,-7.115500,0 107.908326,-7.115185,0 107.908808,-7.115134,0 107.909339,-7.115338,0 107.909342,-7.115338,0 107.909807,-7.115289,0 107.910210,-7.115600,0 107.910700,-7.115645,0 107.911041,-7.115538,0 107.911617,-7.115491,0 107.912279,-7.115661,0 107.912922,-7.115950,0 107.912965,-7.116253,0 107.913444,-7.116311,0 107.913939,-7.116288,0 107.914218,-7.115797,0 107.914906,-7.115843,0 107.914841,-7.116325,0 107.915103,-7.116375,0 107.915315,-7.116327,0 107.915758,-7.116233,0 107.916063,-7.116355,0 107.916435,-7.116531,0 107.916439,-7.116528,0 107.916637,-7.116242,0 107.916954,-7.116101,0 107.917426,-7.116272,0 107.917900,-7.116985,0 107.918204,-7.117642,0 107.918351,-7.118576,0 107.918582,-7.119218,0 107.918724,-7.120001,0 107.918213,-7.120776,0 107.917697,-7.121461,0 107.917549,-7.122046,0 107.917386,-7.122587,0 107.917064,-7.122932,0 107.916754,-7.123639,0 107.916298,-7.124463,0 107.916497,-7.124988,0 107.918172,-7.124579,0 107.918610,-7.124366,0 107.918869,-7.124239,0 107.919007,-7.124307,0 107.919548,-7.124546,0 107.920239,-7.124785,0 107.920505,-7.125000,0 107.920505,-7.125000,0 107.920641,-7.125110,0 107.920968,-7.125374,0 107.920908,-7.126291,0 107.920748,-7.126655,0 107.920517,-7.126906,0 107.920509,-7.127181,0 107.920405,-7.127483,0 107.920407,-7.127497,0 107.921217,-7.127613,0 107.921199,-7.127847,0 107.920650,-7.128388,0 107.920029,-7.128783,0 107.919882,-7.129009,0 107.919677,-7.129327,0 107.919368,-7.129770,0 107.919158,-7.130118,0 107.919011,-7.130538,0 107.918926,-7.130905,0 107.918806,-7.131175,0 107.918475,-7.131656,0 107.918136,-7.131984,0 107.917773,-7.132308,0 107.917878,-7.132396,0 107.917730,-7.132991,0 107.917424,-7.133410,0 107.917841,-7.133631,0 107.917897,-7.133661,0 107.917977,-7.133682,0 107.918208,-7.133742,0 107.918356,-7.133714,0 107.918419,-7.133570,0 107.918544,-7.133325,0 107.918647,-7.133234,0 107.919379,-7.132800,0 107.919979,-7.132308,0 107.920564,-7.131955,0 107.921209,-7.131604,0 107.921645,-7.131246,0 107.921879,-7.131013,0 107.922336,-7.130560,0 107.922901,-7.130124,0 107.923612,-7.129614,0 107.923633,-7.129536,0 107.923635,-7.129531,0 107.923719,-7.128787,0 107.923916,-7.128364,0 107.924046,-7.128026,0 107.924137,-7.127861,0 107.924421,-7.127407,0 107.924470,-7.127329,0 107.924820,-7.126997,0 107.925257,-7.126507,0 107.925402,-7.126220,0 107.925168,-7.126146,0 107.924815,-7.126176,0 107.924507,-7.126098,0 107.924003,-7.125600,0 107.923980,-7.125163,0 107.924015,-7.125088,0 107.924056,-7.125000,0 107.924223,-7.124642,0 107.924184,-7.124476,0 107.924019,-7.123884,0 107.923769,-7.123258,0 107.923637,-7.123040,0 107.923454,-7.122777,0 107.923413,-7.122634,0 107.923624,-7.122483,0 107.923666,-7.122467,0 107.924352,-7.122166,0 107.924317,-7.122129,0 107.924221,-7.121907,0 107.924219,-7.121693,0 107.924314,-7.121212,0 107.925122,-7.120837,0 107.925238,-7.120801,0 107.925763,-7.120641,0 107.926112,-7.120591,0 107.926494,-7.120617,0 107.926991,-7.120637,0 107.927300,-7.120610,0 107.926252,-7.120346,0 107.925926,-7.119743,0 107.925758,-7.119152,0 107.925390,-7.119039,0 107.925185,-7.119052,0 107.925353,-7.119312,0 107.925035,-7.119665,0 107.925079,-7.120216,0 107.924855,-7.120714,0 107.924018,-7.120886,0 107.923944,-7.120550,0 107.923590,-7.120694,0 107.923202,-7.120767,0 107.922989,-7.120856,0 107.922845,-7.120985,0 107.922489,-7.121398,0 107.922221,-7.121642,0 107.921085,-7.122356,0 107.920927,-7.122468,0 107.920648,-7.122787,0 107.920194,-7.123351,0 107.919870,-7.123628,0 107.919579,-7.123906,0 107.919369,-7.123961,0 107.918550,-7.124040,0 107.918316,-7.123804,0 107.918279,-7.123669,0 107.918275,-7.123267,0 107.918350,-7.123009,0 107.918485,-7.122821,0 107.918765,-7.122598,0 107.919025,-7.122493,0 107.919404,-7.122396,0 107.919958,-7.122232,0 107.920138,-7.122071,0 107.920211,-7.121930,0 107.920505,-7.121042,0 107.920540,-7.120936,0 107.920581,-7.120510,0 107.920589,-7.120456,0 107.920640,-7.120159,0 107.920576,-7.120151,0 107.920385,-7.119843,0 107.920443,-7.119219,0 107.920537,-7.118799,0 107.920866,-7.118772,0 107.920906,-7.118527,0 107.921263,-7.118009,0 107.921775,-7.117833,0 107.921723,-7.117693,0 107.921686,-7.117471,0 107.921700,-7.117326,0 107.921833,-7.117183,0 107.922050,-7.117090,0 107.922236,-7.117095,0 107.922354,-7.117162,0 107.922481,-7.117427,0 107.922538,-7.117676,0 107.922840,-7.117618,0 107.923034,-7.117484,0 107.923334,-7.117181,0 107.923599,-7.116839,0 107.923655,-7.116770,0 107.923731,-7.116677,0 107.923834,-7.116494,0 107.923768,-7.116464,0 107.923700,-7.115945,0 107.923667,-7.115461,0 107.923500,-7.114921,0</coordinates></LinearRing></outerBoundaryIs></Polygon></Placemark><Placemark><name>LW-008</name><styleUrl>#w3</styleUrl><description><![CDATA[<table><tr><td>Luas</td><td align='right'><b>85,0916</b> ha</td></tr><tr><td>Luas</td><td align='right'><b>850.916</b> m²</td></tr><tr><td>Keliling</td><td align='right'><b>8.669</b> m</td></tr><tr><td>Jenis sawah</td><td align='right'><b>Sawah</b> </td></tr><tr><td>Lapisan BIG</td><td align='right'><b>Agrikultur Sawah</b> </td></tr><tr><td>Seri RBI</td><td align='right'><b>25K</b> </td></tr></table>]]></description><Polygon><tessellate>1</tessellate><outerBoundaryIs><LinearRing><coordinates>107.931031,-7.135523,0 107.930599,-7.135914,0 107.929937,-7.136460,0 107.929595,-7.136520,0 107.928964,-7.136761,0 107.928288,-7.137113,0 107.927415,-7.137526,0 107.927032,-7.137583,0 107.926736,-7.137535,0 107.926516,-7.137414,0 107.926239,-7.137164,0 107.925483,-7.136553,0 107.925133,-7.136242,0 107.924979,-7.135836,0 107.924955,-7.135566,0 107.925044,-7.135250,0 107.925510,-7.133673,0 107.925442,-7.133495,0 107.925082,-7.133072,0 107.924952,-7.132998,0 107.924699,-7.132923,0 107.924622,-7.132872,0 107.924540,-7.132951,0 107.924038,-7.133470,0 107.923711,-7.133795,0 107.922861,-7.134813,0 107.922730,-7.135045,0 107.922605,-7.135251,0 107.922603,-7.135255,0 107.922453,-7.135483,0 107.922226,-7.135811,0 107.921575,-7.136598,0 107.921782,-7.137170,0 107.921718,-7.138565,0 107.921351,-7.139115,0 107.921387,-7.139202,0 107.921603,-7.139651,0 107.921677,-7.139750,0 107.922410,-7.139453,0 107.923132,-7.140208,0 107.923165,-7.140675,0 107.923430,-7.140647,0 107.924245,-7.140452,0 107.924596,-7.140368,0 107.924784,-7.140331,0 107.924936,-7.140284,0 107.925102,-7.140232,0 107.925373,-7.140034,0 107.925678,-7.139867,0 107.925694,-7.139860,0 107.926239,-7.139638,0 107.926851,-7.139502,0 107.927051,-7.139458,0 107.927147,-7.139499,0 107.927476,-7.139780,0 107.927615,-7.140100,0 107.927649,-7.140417,0 107.927616,-7.141005,0 107.927609,-7.141194,0 107.927629,-7.141562,0 107.927044,-7.142390,0 107.926737,-7.142718,0 107.926097,-7.143151,0 107.925921,-7.143307,0 107.925621,-7.143712,0 107.925403,-7.144387,0 107.925354,-7.144771,0 107.925281,-7.145431,0 107.925256,-7.146124,0 107.925282,-7.146713,0 107.925249,-7.146820,0 107.925212,-7.146883,0 107.925568,-7.147307,0 107.927059,-7.148237,0 107.927462,-7.148525,0 107.927620,-7.148681,0 107.928004,-7.149475,0 107.928173,-7.149903,0 107.928192,-7.150000,0 107.929570,-7.150000,0 107.929482,-7.149694,0 107.929453,-7.149596,0 107.929403,-7.149433,0 107.929332,-7.149357,0 107.929475,-7.149034,0 107.929419,-7.149034,0 107.929192,-7.148880,0 107.929048,-7.148689,0 107.928867,-7.148498,0 107.928693,-7.148417,0 107.928306,-7.148286,0 107.928092,-7.148146,0 107.927769,-7.147777,0 107.927494,-7.147406,0 107.927345,-7.146893,0 107.927510,-7.146805,0 107.927677,-7.146708,0 107.927810,-7.146576,0 107.927940,-7.146511,0 107.927973,-7.146515,0 107.928061,-7.146143,0 107.927810,-7.145724,0 107.927661,-7.145472,0 107.927584,-7.145259,0 107.927620,-7.144934,0 107.927777,-7.144554,0 107.927878,-7.144340,0 107.927933,-7.144171,0 107.928093,-7.143934,0 107.928049,-7.143827,0 107.928039,-7.143540,0 107.928003,-7.143373,0 107.927957,-7.143186,0 107.927972,-7.143132,0 107.928068,-7.142795,0 107.928211,-7.142590,0 107.928490,-7.142117,0 107.928717,-7.141758,0 107.928994,-7.141450,0 107.929278,-7.141112,0 107.929345,-7.140858,0 107.929601,-7.140835,0 107.930023,-7.140917,0 107.930606,-7.141305,0 107.930825,-7.141490,0 107.930888,-7.141599,0 107.930872,-7.141780,0 107.930691,-7.142035,0 107.930525,-7.142258,0 107.930378,-7.142548,0 107.930342,-7.142771,0 107.930576,-7.143481,0 107.930875,-7.144044,0 107.931002,-7.144228,0 107.931036,-7.144417,0 107.931021,-7.144611,0 107.930962,-7.144724,0 107.930816,-7.144794,0 107.930695,-7.144789,0 107.930374,-7.144265,0 107.930229,-7.144015,0 107.929909,-7.143768,0 107.929570,-7.143694,0 107.929517,-7.143689,0 107.929795,-7.144783,0 107.930566,-7.145750,0 107.931099,-7.145655,0 107.931928,-7.145346,0 107.932718,-7.144759,0 107.933266,-7.144011,0 107.933594,-7.143900,0 107.933585,-7.143882,0 107.933500,-7.143755,0 107.933425,-7.143644,0 107.933150,-7.143099,0 107.932997,-7.142796,0 107.932762,-7.142108,0 107.932733,-7.141689,0 107.932673,-7.141649,0 107.932236,-7.141389,0 107.931920,-7.141293,0 107.931639,-7.141179,0 107.931636,-7.141178,0 107.931444,-7.141115,0 107.931281,-7.141057,0 107.930829,-7.140681,0 107.930529,-7.140362,0 107.930320,-7.139962,0 107.930218,-7.139413,0 107.930204,-7.139054,0 107.930249,-7.138763,0 107.930518,-7.138000,0 107.930660,-7.137872,0 107.930874,-7.137804,0 107.930778,-7.137584,0 107.930970,-7.137358,0 107.931426,-7.136712,0 107.931951,-7.136296,0 107.932205,-7.136478,0 107.932229,-7.136440,0 107.932310,-7.136323,0 107.932736,-7.135793,0 107.933023,-7.135386,0 107.932896,-7.135398,0 107.932641,-7.135300,0 107.932298,-7.135018,0 107.932221,-7.134955,0 107.932123,-7.134874,0 107.932016,-7.134948,0 107.931266,-7.135387,0 107.931107,-7.135449,0 107.931031,-7.135523,0</coordinates></LinearRing></outerBoundaryIs></Polygon></Placemark><Placemark><name>LW-009</name><styleUrl>#w3</styleUrl><description><![CDATA[<table><tr><td>Luas</td><td align='right'><b>68,3881</b> ha</td></tr><tr><td>Luas</td><td align='right'><b>683.881</b> m²</td></tr><tr><td>Keliling</td><td align='right'><b>5.445</b> m</td></tr><tr><td>Jenis sawah</td><td align='right'><b>Sawah</b> </td></tr><tr><td>Lapisan BIG</td><td align='right'><b>Agrikultur Sawah</b> </td></tr><tr><td>Seri RBI</td><td align='right'><b>25K</b> </td></tr></table>]]></description><Polygon><tessellate>1</tessellate><outerBoundaryIs><LinearRing><coordinates>107.943359,-7.125000,0 107.942778,-7.125000,0 107.942570,-7.125000,0 107.942565,-7.125000,0 107.942401,-7.125001,0 107.942361,-7.125000,0 107.942344,-7.125299,0 107.942344,-7.125342,0 107.941824,-7.125717,0 107.941160,-7.125445,0 107.940948,-7.125582,0 107.941034,-7.126140,0 107.941180,-7.126188,0 107.941296,-7.126262,0 107.941389,-7.126441,0 107.941481,-7.126691,0 107.941720,-7.126977,0 107.942014,-7.127218,0 107.942162,-7.127291,0 107.942223,-7.127298,0 107.942221,-7.127779,0 107.942189,-7.128579,0 107.941712,-7.128371,0 107.941287,-7.128159,0 107.941109,-7.128010,0 107.941028,-7.127903,0 107.940566,-7.128297,0 107.940019,-7.128241,0 107.940028,-7.128189,0 107.939566,-7.128158,0 107.939159,-7.128219,0 107.938867,-7.128248,0 107.938647,-7.128257,0 107.938500,-7.128337,0 107.938332,-7.128555,0 107.938282,-7.128674,0 107.938409,-7.129102,0 107.938838,-7.129736,0 107.939591,-7.130586,0 107.939861,-7.130923,0 107.939912,-7.130999,0 107.939932,-7.131032,0 107.939992,-7.130970,0 107.940521,-7.130629,0 107.941011,-7.131392,0 107.940423,-7.131710,0 107.940840,-7.132301,0 107.940888,-7.132460,0 107.940852,-7.132613,0 107.940662,-7.132823,0 107.940271,-7.133088,0 107.940110,-7.133166,0 107.940409,-7.133721,0 107.940540,-7.134637,0 107.940417,-7.135607,0 107.940246,-7.136018,0 107.940626,-7.136559,0 107.940666,-7.136729,0 107.940603,-7.137032,0 107.940595,-7.137046,0 107.940659,-7.137223,0 107.940431,-7.137835,0 107.940280,-7.138209,0 107.940207,-7.138479,0 107.940224,-7.138599,0 107.940354,-7.138762,0 107.940916,-7.139005,0 107.941181,-7.139122,0 107.941412,-7.139277,0 107.941480,-7.139316,0 107.941497,-7.139325,0 107.941751,-7.139248,0 107.941883,-7.139171,0 107.942043,-7.139051,0 107.942480,-7.138828,0 107.942798,-7.138626,0 107.943147,-7.138496,0 107.943405,-7.138449,0 107.943669,-7.138490,0 107.943979,-7.138603,0 107.944130,-7.138724,0 107.944326,-7.139024,0 107.944368,-7.139164,0 107.944386,-7.139151,0 107.944644,-7.139052,0 107.945046,-7.138869,0 107.945072,-7.138765,0 107.945026,-7.138627,0 107.944929,-7.138194,0 107.944950,-7.137991,0 107.945065,-7.137699,0 107.945278,-7.137272,0 107.945326,-7.136851,0 107.945302,-7.136609,0 107.945272,-7.136155,0 107.945402,-7.135793,0 107.945542,-7.135724,0 107.945897,-7.135584,0 107.946788,-7.135217,0 107.947034,-7.135051,0 107.947402,-7.134724,0 107.947647,-7.134223,0 107.947648,-7.134221,0 107.947586,-7.133974,0 107.947576,-7.133934,0 107.947467,-7.133372,0 107.947195,-7.132720,0 107.947138,-7.132584,0 107.947080,-7.132251,0 107.947079,-7.131855,0 107.947078,-7.131831,0 107.947073,-7.131684,0 107.946964,-7.131167,0 107.946807,-7.131087,0 107.946288,-7.130911,0 107.946090,-7.130923,0 107.945664,-7.130950,0 107.945464,-7.130906,0 107.945330,-7.130752,0 107.944252,-7.131193,0 107.944153,-7.131146,0 107.943336,-7.130756,0 107.942740,-7.130085,0 107.942653,-7.129657,0 107.942545,-7.129132,0 107.942532,-7.129067,0 107.942547,-7.129067,0 107.942550,-7.128966,0 107.942687,-7.128550,0 107.942751,-7.128338,0 107.942702,-7.127821,0 107.942663,-7.127350,0 107.942690,-7.126966,0 107.942713,-7.126709,0 107.942643,-7.125772,0 107.942653,-7.125578,0 107.942749,-7.125355,0 107.942950,-7.125152,0 107.943359,-7.125000,0</coordinates></LinearRing></outerBoundaryIs><innerBoundaryIs><LinearRing><coordinates>107.943366,-7.133936,0 107.943315,-7.133417,0 107.943322,-7.133273,0 107.943518,-7.132977,0 107.943760,-7.132672,0 107.943874,-7.132471,0 107.944070,-7.132367,0 107.944290,-7.132288,0 107.944432,-7.132157,0 107.944408,-7.131969,0 107.944702,-7.132152,0 107.945071,-7.132381,0 107.945159,-7.132603,0 107.945157,-7.132986,0 107.945016,-7.133507,0 107.944918,-7.133732,0 107.944793,-7.133907,0 107.944722,-7.133981,0 107.943831,-7.134285,0 107.943615,-7.134477,0 107.942882,-7.135144,0 107.942264,-7.135238,0 107.942266,-7.135096,0 107.942270,-7.134673,0 107.943366,-7.133936,0</coordinates></LinearRing></innerBoundaryIs></Polygon></Placemark><Placemark><name>LW-010</name><styleUrl>#w3</styleUrl><description><![CDATA[<table><tr><td>Luas</td><td align='right'><b>67,7524</b> ha</td></tr><tr><td>Luas</td><td align='right'><b>677.524</b> m²</td></tr><tr><td>Keliling</td><td align='right'><b>11.581</b> m</td></tr><tr><td>Jenis sawah</td><td align='right'><b>Sawah Tadah Hujan</b> </td></tr><tr><td>Lapisan BIG</td><td align='right'><b>Agrikultur Sawah</b> </td></tr><tr><td>Seri RBI</td><td align='right'><b>25K</b> </td></tr></table>]]></description><Polygon><tessellate>1</tessellate><outerBoundaryIs><LinearRing><coordinates>107.957117,-7.127466,0 107.956728,-7.127397,0 107.956754,-7.127173,0 107.956631,-7.126976,0 107.956412,-7.126782,0 107.956195,-7.126661,0 107.955517,-7.126378,0 107.954458,-7.125770,0 107.953821,-7.125462,0 107.953568,-7.125409,0 107.953331,-7.125720,0 107.953204,-7.125886,0 107.953130,-7.125932,0 107.952900,-7.125898,0 107.952723,-7.125820,0 107.952273,-7.125468,0 107.952209,-7.125444,0 107.951911,-7.125743,0 107.951610,-7.126063,0 107.951281,-7.126492,0 107.951139,-7.126648,0 107.951030,-7.126692,0 107.950919,-7.126703,0 107.950450,-7.126352,0 107.949971,-7.125676,0 107.949743,-7.125250,0 107.949666,-7.125184,0 107.949403,-7.125152,0 107.948750,-7.125218,0 107.948172,-7.125346,0 107.947882,-7.125411,0 107.947525,-7.125336,0 107.947182,-7.125203,0 107.946888,-7.125195,0 107.946592,-7.126151,0 107.946450,-7.126749,0 107.946187,-7.127194,0 107.946156,-7.127257,0 107.946355,-7.127556,0 107.946570,-7.127704,0 107.946771,-7.127746,0 107.947659,-7.127785,0 107.948223,-7.127798,0 107.948521,-7.127850,0 107.948838,-7.127958,0 107.949323,-7.128313,0 107.949361,-7.128349,0 107.949557,-7.128474,0 107.949879,-7.128582,0 107.950020,-7.128362,0 107.950317,-7.127862,0 107.950425,-7.127677,0 107.950737,-7.127288,0 107.950942,-7.127124,0 107.951348,-7.127029,0 107.951763,-7.126975,0 107.951923,-7.126919,0 107.952271,-7.126457,0 107.952459,-7.126345,0 107.952814,-7.126244,0 107.953035,-7.126235,0 107.953399,-7.126361,0 107.953478,-7.126437,0 107.953629,-7.126754,0 107.953805,-7.127087,0 107.953949,-7.127272,0 107.954198,-7.127421,0 107.954636,-7.127612,0 107.954699,-7.127633,0 107.955096,-7.127624,0 107.955661,-7.127720,0 107.955720,-7.127750,0 107.956217,-7.128004,0 107.955747,-7.128543,0 107.955235,-7.128744,0 107.954884,-7.129011,0 107.954534,-7.128786,0 107.954266,-7.128980,0 107.954168,-7.129051,0 107.954056,-7.129133,0 107.954269,-7.129574,0 107.953427,-7.130245,0 107.953294,-7.130644,0 107.953308,-7.130965,0 107.953407,-7.131040,0 107.953684,-7.131156,0 107.954129,-7.131210,0 107.954253,-7.131253,0 107.954277,-7.131233,0 107.954405,-7.131183,0 107.954682,-7.130847,0 107.954887,-7.130499,0 107.954923,-7.130285,0 107.954884,-7.129963,0 107.955209,-7.129359,0 107.955321,-7.129221,0 107.956079,-7.128797,0 107.956443,-7.128717,0 107.956706,-7.128713,0 107.957700,-7.129054,0 107.957761,-7.129078,0 107.957734,-7.129590,0 107.957736,-7.129624,0 107.957764,-7.129987,0 107.957803,-7.130770,0 107.957742,-7.130864,0 107.957565,-7.131177,0 107.957826,-7.132512,0 107.957039,-7.132300,0 107.956196,-7.132175,0 107.955960,-7.132173,0 107.955835,-7.132217,0 107.955705,-7.132398,0 107.955648,-7.133098,0 107.955644,-7.133187,0 107.955751,-7.133402,0 107.955916,-7.134129,0 107.956294,-7.134461,0 107.956979,-7.134432,0 107.956989,-7.134537,0 107.957130,-7.134475,0 107.957223,-7.134425,0 107.957790,-7.134579,0 107.957853,-7.134603,0 107.958015,-7.134903,0 107.958248,-7.135700,0 107.958278,-7.135986,0 107.958184,-7.136082,0 107.958112,-7.136157,0 107.957758,-7.136214,0 107.957549,-7.136211,0 107.957361,-7.136124,0 107.957140,-7.135918,0 107.957066,-7.135836,0 107.956438,-7.135621,0 107.956532,-7.136398,0 107.956451,-7.136437,0 107.956638,-7.137096,0 107.956695,-7.137647,0 107.956711,-7.137937,0 107.956903,-7.138588,0 107.956950,-7.138681,0 107.957106,-7.139479,0 107.957226,-7.140247,0 107.957229,-7.140330,0 107.957454,-7.140688,0 107.957456,-7.140845,0 107.957411,-7.141094,0 107.958163,-7.140723,0 107.958180,-7.140776,0 107.958200,-7.140764,0 107.958410,-7.140638,0 107.958826,-7.140612,0 107.959142,-7.140573,0 107.959318,-7.140516,0 107.959429,-7.140396,0 107.959469,-7.140154,0 107.959285,-7.140012,0 107.958780,-7.139868,0 107.958731,-7.139858,0 107.958576,-7.139931,0 107.958307,-7.139957,0 107.958091,-7.140019,0 107.957760,-7.140238,0 107.957651,-7.139514,0 107.958158,-7.138911,0 107.958329,-7.138746,0 107.958400,-7.138586,0 107.958780,-7.138272,0 107.958967,-7.138061,0 107.959020,-7.137882,0 107.959057,-7.137380,0 107.959120,-7.137062,0 107.959335,-7.136789,0 107.959499,-7.136601,0 107.959553,-7.136513,0 107.959545,-7.136359,0 107.959386,-7.136692,0 107.958967,-7.136831,0 107.958666,-7.136720,0 107.958751,-7.136094,0 107.958751,-7.136093,0 107.958720,-7.135199,0 107.959309,-7.134721,0 107.959660,-7.134047,0 107.959613,-7.133999,0 107.959495,-7.133796,0 107.959326,-7.133617,0 107.959141,-7.133557,0 107.958814,-7.133456,0 107.958619,-7.133327,0 107.958509,-7.133139,0 107.958504,-7.132978,0 107.958576,-7.132931,0 107.958824,-7.132920,0 107.959117,-7.132923,0 107.959794,-7.132931,0 107.960502,-7.132871,0 107.961051,-7.132931,0 107.961405,-7.133055,0 107.961789,-7.133189,0 107.961936,-7.133165,0 107.962723,-7.133058,0 107.962957,-7.133554,0 107.963120,-7.133625,0 107.963419,-7.133810,0 107.963743,-7.133960,0 107.963910,-7.133951,0 107.964055,-7.133890,0 107.964162,-7.133792,0 107.964233,-7.133650,0 107.964348,-7.133464,0 107.964581,-7.133184,0 107.964590,-7.133007,0 107.964520,-7.132851,0 107.964390,-7.132719,0 107.964162,-7.132631,0 107.963610,-7.132539,0 107.963216,-7.132481,0 107.962534,-7.132514,0 107.962291,-7.132504,0 107.962120,-7.132411,0 107.961965,-7.132232,0 107.961971,-7.132091,0 107.962063,-7.131894,0 107.962361,-7.131574,0 107.962644,-7.131281,0 107.962678,-7.131210,0 107.961908,-7.131392,0 107.961396,-7.131296,0 107.960495,-7.131826,0 107.960039,-7.131647,0 107.959847,-7.131030,0 107.960027,-7.131028,0 107.959933,-7.130824,0 107.959848,-7.130651,0 107.959525,-7.130053,0 107.959406,-7.129868,0 107.959228,-7.129734,0 107.959034,-7.129654,0 107.958529,-7.129568,0 107.958521,-7.129357,0 107.958542,-7.128936,0 107.958556,-7.128464,0 107.958661,-7.128065,0 107.958790,-7.127772,0 107.959023,-7.127464,0 107.959233,-7.127266,0 107.959391,-7.127184,0 107.959609,-7.127185,0 107.960368,-7.127568,0 107.961305,-7.128115,0 107.961355,-7.128145,0 107.961692,-7.127388,0 107.962293,-7.127846,0 107.962297,-7.127858,0 107.962325,-7.127837,0 107.962720,-7.127674,0 107.962773,-7.127658,0 107.962536,-7.127447,0 107.962394,-7.127257,0 107.962292,-7.127120,0 107.962238,-7.127040,0 107.962202,-7.126874,0 107.962107,-7.126740,0 107.962106,-7.126738,0 107.962082,-7.126726,0 107.961631,-7.126506,0 107.961434,-7.126733,0 107.960621,-7.126609,0 107.960178,-7.126669,0 107.959524,-7.126758,0 107.958867,-7.126695,0 107.958751,-7.126642,0 107.958695,-7.126759,0 107.958658,-7.126846,0 107.958829,-7.127087,0 107.958493,-7.127759,0 107.958214,-7.128145,0 107.957645,-7.128142,0 107.956918,-7.128139,0 107.957117,-7.127466,0</coordinates></LinearRing></outerBoundaryIs></Polygon></Placemark><Placemark><name>LW-011</name><styleUrl>#w3</styleUrl><description><![CDATA[<table><tr><td>Luas</td><td align='right'><b>55,6667</b> ha</td></tr><tr><td>Luas</td><td align='right'><b>556.667</b> m²</td></tr><tr><td>Keliling</td><td align='right'><b>4.360</b> m</td></tr><tr><td>Jenis sawah</td><td align='right'><b>Sawah</b> </td></tr><tr><td>Lapisan BIG</td><td align='right'><b>Agrikultur Sawah</b> </td></tr><tr><td>Seri RBI</td><td align='right'><b>25K</b> </td></tr></table>]]></description><Polygon><tessellate>1</tessellate><outerBoundaryIs><LinearRing><coordinates>107.940354,-7.141522,0 107.940846,-7.141252,0 107.941207,-7.140975,0 107.941319,-7.140800,0 107.941497,-7.140297,0 107.941521,-7.140206,0 107.941247,-7.140130,0 107.940651,-7.140109,0 107.940457,-7.140143,0 107.940225,-7.140183,0 107.940018,-7.140205,0 107.939647,-7.140214,0 107.939069,-7.140185,0 107.938850,-7.140194,0 107.938619,-7.140212,0 107.938429,-7.140226,0 107.937991,-7.140361,0 107.937797,-7.140451,0 107.937467,-7.140652,0 107.937234,-7.140795,0 107.936924,-7.141076,0 107.936520,-7.141345,0 107.935990,-7.141644,0 107.935848,-7.141704,0 107.935698,-7.141752,0 107.935153,-7.142279,0 107.935057,-7.142398,0 107.934921,-7.142805,0 107.934824,-7.143089,0 107.934804,-7.143146,0 107.934768,-7.143323,0 107.935385,-7.142769,0 107.936123,-7.142951,0 107.936796,-7.143958,0 107.936854,-7.144518,0 107.937260,-7.144945,0 107.937327,-7.145015,0 107.937425,-7.145962,0 107.937417,-7.146308,0 107.937402,-7.146828,0 107.937435,-7.147084,0 107.937486,-7.147415,0 107.937604,-7.147930,0 107.937629,-7.148010,0 107.937948,-7.148014,0 107.938197,-7.148078,0 107.938422,-7.148083,0 107.938969,-7.147987,0 107.939644,-7.147780,0 107.939924,-7.147706,0 107.940651,-7.147624,0 107.941190,-7.147420,0 107.941540,-7.147277,0 107.941982,-7.147202,0 107.942147,-7.147205,0 107.942283,-7.147280,0 107.942410,-7.147421,0 107.942526,-7.147615,0 107.942684,-7.147736,0 107.943056,-7.147861,0 107.945079,-7.148032,0 107.945217,-7.148078,0 107.945609,-7.148206,0 107.945751,-7.148253,0 107.945668,-7.148181,0 107.945199,-7.146700,0 107.945196,-7.146518,0 107.945223,-7.146282,0 107.945412,-7.145824,0 107.945674,-7.145591,0 107.946110,-7.145276,0 107.946128,-7.145264,0 107.945773,-7.145112,0 107.945229,-7.144980,0 107.944932,-7.144867,0 107.944758,-7.144737,0 107.944695,-7.144746,0 107.944187,-7.144735,0 107.943975,-7.144639,0 107.943822,-7.144482,0 107.943714,-7.144269,0 107.943638,-7.143982,0 107.943383,-7.143034,0 107.943381,-7.143026,0 107.943264,-7.142996,0 107.943115,-7.143036,0 107.943110,-7.143037,0 107.942818,-7.143184,0 107.942190,-7.143479,0 107.941906,-7.143552,0 107.941369,-7.143598,0 107.940356,-7.143533,0 107.940070,-7.143429,0 107.939616,-7.143192,0 107.939446,-7.143059,0 107.939424,-7.143042,0 107.939307,-7.142842,0 107.939227,-7.142579,0 107.939320,-7.142358,0 107.939540,-7.142048,0 107.939798,-7.141819,0 107.940209,-7.141601,0 107.940354,-7.141522,0</coordinates></LinearRing></outerBoundaryIs><innerBoundaryIs><LinearRing><coordinates>107.941545,-7.146068,0 107.941341,-7.146122,0 107.941122,-7.146095,0 107.940707,-7.145708,0 107.940724,-7.145683,0 107.940773,-7.145563,0 107.940890,-7.145351,0 107.941019,-7.145274,0 107.941578,-7.145147,0 107.941776,-7.145184,0 107.941880,-7.145269,0 107.941972,-7.145580,0 107.941912,-7.145725,0 107.941734,-7.145958,0 107.941545,-7.146068,0</coordinates></LinearRing></innerBoundaryIs></Polygon></Placemark><Placemark><name>LW-012</name><styleUrl>#w3</styleUrl><description><![CDATA[<table><tr><td>Luas</td><td align='right'><b>53,2743</b> ha</td></tr><tr><td>Luas</td><td align='right'><b>532.743</b> m²</td></tr><tr><td>Keliling</td><td align='right'><b>6.296</b> m</td></tr><tr><td>Jenis sawah</td><td align='right'><b>Sawah Tadah Hujan</b> </td></tr><tr><td>Lapisan BIG</td><td align='right'><b>Agrikultur Sawah</b> </td></tr><tr><td>Seri RBI</td><td align='right'><b>25K</b> </td></tr></table>]]></description><Polygon><tessellate>1</tessellate><outerBoundaryIs><LinearRing><coordinates>107.972565,-7.127114,0 107.972462,-7.127096,0 107.972343,-7.127023,0 107.972248,-7.126863,0 107.972497,-7.126174,0 107.972537,-7.125884,0 107.972499,-7.125748,0 107.972306,-7.125571,0 107.971872,-7.125483,0 107.971543,-7.125463,0 107.971072,-7.125604,0 107.970610,-7.125743,0 107.969643,-7.126325,0 107.969503,-7.126476,0 107.969402,-7.126744,0 107.969072,-7.127960,0 107.968967,-7.128172,0 107.968832,-7.128304,0 107.968620,-7.128319,0 107.968493,-7.128262,0 107.968389,-7.128141,0 107.968351,-7.127935,0 107.968400,-7.127732,0 107.968643,-7.127447,0 107.968771,-7.127314,0 107.968854,-7.127109,0 107.968862,-7.126986,0 107.968753,-7.126884,0 107.968544,-7.126804,0 107.968283,-7.126806,0 107.967763,-7.127059,0 107.967527,-7.127235,0 107.967255,-7.127506,0 107.966998,-7.127952,0 107.966951,-7.128073,0 107.966915,-7.128392,0 107.966962,-7.128668,0 107.967111,-7.128971,0 107.967395,-7.129695,0 107.967580,-7.130519,0 107.967668,-7.130739,0 107.967876,-7.130935,0 107.968128,-7.131162,0 107.968261,-7.131372,0 107.968381,-7.131773,0 107.968327,-7.132064,0 107.968258,-7.132469,0 107.968149,-7.133103,0 107.968370,-7.133295,0 107.968480,-7.133365,0 107.968698,-7.133928,0 107.968388,-7.134243,0 107.968022,-7.134514,0 107.967849,-7.134594,0 107.967842,-7.134600,0 107.967833,-7.134608,0 107.967801,-7.134601,0 107.967595,-7.134600,0 107.966720,-7.134728,0 107.966642,-7.134841,0 107.966674,-7.134989,0 107.966804,-7.135270,0 107.966997,-7.135610,0 107.967134,-7.135686,0 107.967275,-7.135666,0 107.967734,-7.135506,0 107.968065,-7.135328,0 107.968229,-7.135214,0 107.968446,-7.135431,0 107.968708,-7.135603,0 107.968910,-7.135747,0 107.969044,-7.135959,0 107.969155,-7.136174,0 107.969285,-7.136470,0 107.968998,-7.136604,0 107.968445,-7.136862,0 107.968258,-7.137041,0 107.968152,-7.137279,0 107.968158,-7.137505,0 107.968227,-7.137596,0 107.968416,-7.137649,0 107.968755,-7.137644,0 107.969183,-7.137538,0 107.969579,-7.137336,0 107.969787,-7.137199,0 107.969882,-7.137296,0 107.969938,-7.137320,0 107.970286,-7.136798,0 107.971013,-7.136872,0 107.971202,-7.136475,0 107.971318,-7.135564,0 107.971003,-7.135358,0 107.971508,-7.134686,0 107.971180,-7.134285,0 107.970508,-7.134513,0 107.969886,-7.134289,0 107.969306,-7.133875,0 107.969462,-7.133312,0 107.969468,-7.133293,0 107.969908,-7.133055,0 107.970423,-7.132874,0 107.970977,-7.132354,0 107.971428,-7.132460,0 107.971332,-7.133015,0 107.971669,-7.133466,0 107.972334,-7.133397,0 107.972631,-7.133408,0 107.972729,-7.133096,0 107.972730,-7.133095,0 107.972841,-7.132397,0 107.973019,-7.131830,0 107.973275,-7.131205,0 107.971744,-7.130934,0 107.970710,-7.130696,0 107.970545,-7.130609,0 107.970361,-7.130427,0 107.970166,-7.130092,0 107.970050,-7.129900,0 107.969812,-7.129721,0 107.969581,-7.129562,0 107.969492,-7.129433,0 107.969507,-7.129366,0 107.969683,-7.129314,0 107.970200,-7.129519,0 107.970365,-7.129582,0 107.970451,-7.129571,0 107.970589,-7.129202,0 107.970688,-7.129227,0 107.970896,-7.129410,0 107.971021,-7.129595,0 107.971086,-7.129824,0 107.971129,-7.130078,0 107.971214,-7.130239,0 107.971391,-7.130383,0 107.971579,-7.130426,0 107.971822,-7.130362,0 107.972043,-7.130252,0 107.972150,-7.130144,0 107.972166,-7.129605,0 107.972159,-7.129255,0 107.972205,-7.129080,0 107.972280,-7.129000,0 107.972366,-7.129015,0 107.972480,-7.129209,0 107.972610,-7.129554,0 107.972759,-7.129759,0 107.972995,-7.129971,0 107.973334,-7.130114,0 107.973393,-7.130131,0 107.973401,-7.130024,0 107.973443,-7.129649,0 107.973656,-7.128216,0 107.973669,-7.127884,0 107.973667,-7.127709,0 107.973750,-7.127320,0 107.973723,-7.127319,0 107.973504,-7.127398,0 107.973222,-7.127624,0 107.972766,-7.127493,0 107.972528,-7.127144,0 107.972565,-7.127114,0</coordinates></LinearRing></outerBoundaryIs></Polygon></Placemark><Placemark><name>LW-013</name><styleUrl>#w3</styleUrl><description><![CDATA[<table><tr><td>Luas</td><td align='right'><b>29,2494</b> ha</td></tr><tr><td>Luas</td><td align='right'><b>292.494</b> m²</td></tr><tr><td>Keliling</td><td align='right'><b>4.195</b> m</td></tr><tr><td>Jenis sawah</td><td align='right'><b>Sawah Tadah Hujan</b> </td></tr><tr><td>Lapisan BIG</td><td align='right'><b>Agrikultur Sawah</b> </td></tr><tr><td>Seri RBI</td><td align='right'><b>25K</b> </td></tr></table>]]></description><Polygon><tessellate>1</tessellate><outerBoundaryIs><LinearRing><coordinates>107.976701,-7.133177,0 107.976626,-7.132892,0 107.976503,-7.132421,0 107.976120,-7.132163,0 107.975919,-7.132085,0 107.975733,-7.132039,0 107.975512,-7.131884,0 107.975361,-7.131712,0 107.975259,-7.130797,0 107.975273,-7.130457,0 107.975368,-7.130121,0 107.975547,-7.129779,0 107.976189,-7.129110,0 107.976411,-7.128916,0 107.976566,-7.128855,0 107.976733,-7.128858,0 107.976993,-7.128942,0 107.977377,-7.129121,0 107.977413,-7.128817,0 107.977478,-7.128658,0 107.977791,-7.128290,0 107.978197,-7.127810,0 107.978354,-7.127557,0 107.978413,-7.127283,0 107.978389,-7.127068,0 107.978139,-7.126729,0 107.977979,-7.126580,0 107.977594,-7.126393,0 107.977260,-7.126317,0 107.976790,-7.126331,0 107.976070,-7.126549,0 107.975502,-7.126764,0 107.975269,-7.126794,0 107.974905,-7.126699,0 107.974371,-7.126437,0 107.974330,-7.126413,0 107.974125,-7.126982,0 107.973994,-7.127327,0 107.973983,-7.127327,0 107.974462,-7.127480,0 107.974727,-7.127700,0 107.974837,-7.128166,0 107.974887,-7.128415,0 107.974904,-7.128490,0 107.974985,-7.128921,0 107.974832,-7.129343,0 107.974678,-7.129632,0 107.974385,-7.130155,0 107.974443,-7.130743,0 107.974476,-7.131252,0 107.974335,-7.132144,0 107.974178,-7.132391,0 107.973818,-7.132925,0 107.973673,-7.133462,0 107.973483,-7.134164,0 107.973314,-7.134406,0 107.973208,-7.134431,0 107.972667,-7.134415,0 107.972580,-7.134723,0 107.972364,-7.134930,0 107.972229,-7.134897,0 107.972188,-7.135121,0 107.971794,-7.136284,0 107.971457,-7.136760,0 107.971245,-7.137049,0 107.971373,-7.137094,0 107.971635,-7.137568,0 107.971809,-7.137878,0 107.972280,-7.138487,0 107.972970,-7.138567,0 107.973374,-7.138134,0 107.973363,-7.138062,0 107.973306,-7.137734,0 107.973262,-7.137219,0 107.973852,-7.137055,0 107.973901,-7.137011,0 107.973936,-7.136916,0 107.974049,-7.136646,0 107.974411,-7.135855,0 107.974868,-7.135233,0 107.974976,-7.134922,0 107.974945,-7.134775,0 107.974765,-7.134484,0 107.974419,-7.134183,0 107.974274,-7.133500,0 107.974367,-7.133504,0 107.975491,-7.133801,0 107.975698,-7.133522,0 107.976211,-7.133632,0 107.976615,-7.133796,0 107.976701,-7.133177,0</coordinates></LinearRing></outerBoundaryIs><innerBoundaryIs><LinearRing><coordinates>107.973372,-7.135515,0 107.973316,-7.135915,0 107.973201,-7.136589,0 107.973059,-7.136793,0 107.972883,-7.136858,0 107.972775,-7.136834,0 107.972732,-7.136747,0 107.972674,-7.136424,0 107.972625,-7.136135,0 107.972625,-7.135788,0 107.972616,-7.135829,0 107.972613,-7.135775,0 107.972631,-7.135068,0 107.972704,-7.134913,0 107.972921,-7.134892,0 107.973068,-7.134944,0 107.973223,-7.135067,0 107.973344,-7.135285,0 107.973372,-7.135515,0</coordinates></LinearRing></innerBoundaryIs></Polygon></Placemark><Placemark><name>LW-014</name><styleUrl>#w3</styleUrl><description><![CDATA[<table><tr><td>Luas</td><td align='right'><b>27,7927</b> ha</td></tr><tr><td>Luas</td><td align='right'><b>277.927</b> m²</td></tr><tr><td>Keliling</td><td align='right'><b>3.462</b> m</td></tr><tr><td>Jenis sawah</td><td align='right'><b>Sawah</b> </td></tr><tr><td>Lapisan BIG</td><td align='right'><b>Agrikultur Sawah</b> </td></tr><tr><td>Seri RBI</td><td align='right'><b>25K</b> </td></tr></table>]]></description><Polygon><tessellate>1</tessellate><outerBoundaryIs><LinearRing><coordinates>107.987818,-7.126232,0 107.987024,-7.125911,0 107.987011,-7.125909,0 107.987010,-7.125996,0 107.986728,-7.126357,0 107.986394,-7.126680,0 107.985945,-7.126943,0 107.985391,-7.126479,0 107.984952,-7.126201,0 107.984866,-7.126507,0 107.985003,-7.126583,0 107.985127,-7.126909,0 107.985347,-7.127318,0 107.985706,-7.127916,0 107.985920,-7.128661,0 107.985919,-7.129291,0 107.985826,-7.129796,0 107.985946,-7.130672,0 107.985708,-7.131210,0 107.985567,-7.131154,0 107.985609,-7.131254,0 107.985768,-7.131502,0 107.985975,-7.131685,0 107.986092,-7.131743,0 107.986201,-7.131741,0 107.986349,-7.131651,0 107.986490,-7.131430,0 107.986588,-7.131134,0 107.986625,-7.130963,0 107.986803,-7.130741,0 107.986881,-7.130714,0 107.987010,-7.130820,0 107.987230,-7.131391,0 107.987355,-7.131656,0 107.986936,-7.132119,0 107.986853,-7.132259,0 107.986772,-7.132961,0 107.986770,-7.133121,0 107.986769,-7.133259,0 107.986732,-7.133923,0 107.987334,-7.134131,0 107.987578,-7.134410,0 107.987425,-7.135073,0 107.987656,-7.135230,0 107.988454,-7.135240,0 107.988761,-7.134767,0 107.988782,-7.134238,0 107.988982,-7.133953,0 107.989411,-7.134113,0 107.989604,-7.133641,0 107.989072,-7.133486,0 107.989141,-7.133032,0 107.989545,-7.132533,0 107.989595,-7.132101,0 107.989920,-7.132096,0 107.989933,-7.131893,0 107.990040,-7.131058,0 107.990003,-7.131078,0 107.989375,-7.131485,0 107.989095,-7.131665,0 107.988966,-7.131661,0 107.988844,-7.131593,0 107.988757,-7.131471,0 107.988631,-7.131179,0 107.988412,-7.129846,0 107.988510,-7.129642,0 107.989037,-7.128982,0 107.989181,-7.128672,0 107.989285,-7.128446,0 107.989199,-7.128184,0 107.989098,-7.128074,0 107.988803,-7.127669,0 107.988608,-7.127578,0 107.988201,-7.127395,0 107.988194,-7.127385,0 107.988122,-7.127371,0 107.987851,-7.126955,0 107.987784,-7.126553,0 107.987818,-7.126310,0 107.987809,-7.126303,0 107.987818,-7.126232,0</coordinates></LinearRing></outerBoundaryIs></Polygon></Placemark><Placemark><name>LW-015</name><styleUrl>#w3</styleUrl><description><![CDATA[<table><tr><td>Luas</td><td align='right'><b>25,3653</b> ha</td></tr><tr><td>Luas</td><td align='right'><b>253.653</b> m²</td></tr><tr><td>Keliling</td><td align='right'><b>3.326</b> m</td></tr><tr><td>Jenis sawah</td><td align='right'><b>Sawah Tadah Hujan</b> </td></tr><tr><td>Lapisan BIG</td><td align='right'><b>Agrikultur Sawah</b> </td></tr><tr><td>Seri RBI</td><td align='right'><b>25K</b> </td></tr></table>]]></description><Polygon><tessellate>1</tessellate><outerBoundaryIs><LinearRing><coordinates>107.949927,-7.147436,0 107.949684,-7.147582,0 107.949427,-7.147709,0 107.949349,-7.147689,0 107.949306,-7.147556,0 107.949238,-7.147319,0 107.949124,-7.147366,0 107.948936,-7.147361,0 107.948621,-7.147200,0 107.948467,-7.147061,0 107.948392,-7.146872,0 107.948101,-7.146159,0 107.947802,-7.145819,0 107.947207,-7.145290,0 107.947018,-7.145237,0 107.946551,-7.145165,0 107.946542,-7.145162,0 107.946499,-7.145155,0 107.946254,-7.145179,0 107.946153,-7.145247,0 107.946147,-7.144926,0 107.946176,-7.144676,0 107.946371,-7.144321,0 107.946781,-7.143787,0 107.947157,-7.143437,0 107.947494,-7.143210,0 107.947799,-7.143006,0 107.947816,-7.142995,0 107.947971,-7.142836,0 107.948070,-7.142634,0 107.948033,-7.141982,0 107.948026,-7.141835,0 107.947911,-7.141649,0 107.947480,-7.141289,0 107.947215,-7.141094,0 107.946345,-7.140629,0 107.945999,-7.140408,0 107.945487,-7.139877,0 107.945448,-7.139832,0 107.945145,-7.139771,0 107.944992,-7.139777,0 107.945015,-7.140469,0 107.944598,-7.140571,0 107.944257,-7.140803,0 107.944297,-7.141041,0 107.944441,-7.141655,0 107.944754,-7.141543,0 107.945052,-7.141874,0 107.944806,-7.142608,0 107.944366,-7.142624,0 107.944360,-7.142664,0 107.944229,-7.143029,0 107.944216,-7.143066,0 107.944222,-7.143481,0 107.944308,-7.143829,0 107.944758,-7.144737,0 107.944932,-7.144867,0 107.945229,-7.144980,0 107.945773,-7.145112,0 107.946128,-7.145264,0 107.946110,-7.145276,0 107.945674,-7.145591,0 107.945412,-7.145824,0 107.945223,-7.146282,0 107.945196,-7.146518,0 107.945199,-7.146700,0 107.945668,-7.148181,0 107.945751,-7.148253,0 107.946305,-7.148224,0 107.946500,-7.148198,0 107.946814,-7.147990,0 107.947082,-7.147726,0 107.947194,-7.147595,0 107.947319,-7.147577,0 107.947584,-7.147661,0 107.947716,-7.147685,0 107.947974,-7.147672,0 107.948562,-7.147840,0 107.948947,-7.147975,0 107.949234,-7.148014,0 107.949805,-7.148053,0 107.949907,-7.148046,0 107.950051,-7.147950,0 107.950181,-7.147819,0 107.950015,-7.147577,0 107.949927,-7.147436,0</coordinates></LinearRing></outerBoundaryIs></Polygon></Placemark><Placemark><name>LW-016</name><styleUrl>#w3</styleUrl><description><![CDATA[<table><tr><td>Luas</td><td align='right'><b>22,2858</b> ha</td></tr><tr><td>Luas</td><td align='right'><b>222.858</b> m²</td></tr><tr><td>Keliling</td><td align='right'><b>3.127</b> m</td></tr><tr><td>Jenis sawah</td><td align='right'><b>Sawah Tadah Hujan</b> </td></tr><tr><td>Lapisan BIG</td><td align='right'><b>Agrikultur Sawah</b> </td></tr><tr><td>Seri RBI</td><td align='right'><b>25K</b> </td></tr></table>]]></description><Polygon><tessellate>1</tessellate><outerBoundaryIs><LinearRing><coordinates>107.986103,-7.150000,0 107.986055,-7.149949,0 107.986042,-7.149785,0 107.985985,-7.149586,0 107.985836,-7.149302,0 107.985416,-7.148801,0 107.985227,-7.148665,0 107.984884,-7.148566,0 107.984194,-7.148281,0 107.984113,-7.148248,0 107.983790,-7.148037,0 107.983419,-7.147743,0 107.982753,-7.147228,0 107.982509,-7.147015,0 107.982069,-7.146505,0 107.981957,-7.146060,0 107.981856,-7.145945,0 107.981500,-7.145826,0 107.980636,-7.145515,0 107.980238,-7.145324,0 107.980237,-7.145323,0 107.980136,-7.146007,0 107.979645,-7.145833,0 107.979252,-7.145766,0 107.979232,-7.145905,0 107.979185,-7.146259,0 107.979189,-7.146644,0 107.979224,-7.146728,0 107.979285,-7.146791,0 107.979380,-7.146890,0 107.979693,-7.147198,0 107.979892,-7.146508,0 107.980289,-7.146698,0 107.980106,-7.147198,0 107.979913,-7.147414,0 107.980113,-7.147611,0 107.979767,-7.148123,0 107.979660,-7.148001,0 107.979573,-7.147722,0 107.979386,-7.147123,0 107.979309,-7.146936,0 107.979202,-7.147313,0 107.979143,-7.147560,0 107.979299,-7.148098,0 107.979964,-7.148569,0 107.980225,-7.149199,0 107.979789,-7.149670,0 107.979031,-7.149624,0 107.978353,-7.149575,0 107.978284,-7.149571,0 107.978292,-7.149583,0 107.978378,-7.149835,0 107.978403,-7.150000,0 107.986103,-7.150000,0</coordinates></LinearRing></outerBoundaryIs></Polygon></Placemark><Placemark><name>LW-017</name><styleUrl>#w3</styleUrl><description><![CDATA[<table><tr><td>Luas</td><td align='right'><b>18,8415</b> ha</td></tr><tr><td>Luas</td><td align='right'><b>188.415</b> m²</td></tr><tr><td>Keliling</td><td align='right'><b>2.666</b> m</td></tr><tr><td>Jenis sawah</td><td align='right'><b>Sawah Tadah Hujan</b> </td></tr><tr><td>Lapisan BIG</td><td align='right'><b>Agrikultur Sawah</b> </td></tr><tr><td>Seri RBI</td><td align='right'><b>25K</b> </td></tr></table>]]></description><Polygon><tessellate>1</tessellate><outerBoundaryIs><LinearRing><coordinates>107.964006,-7.069581,0 107.963996,-7.069615,0 107.963893,-7.069934,0 107.963693,-7.070103,0 107.963350,-7.070215,0 107.962888,-7.070218,0 107.962567,-7.070224,0 107.961509,-7.070145,0 107.961024,-7.069922,0 107.960888,-7.069819,0 107.960889,-7.069815,0 107.961020,-7.069486,0 107.960914,-7.069473,0 107.960562,-7.069274,0 107.960273,-7.069418,0 107.959725,-7.069239,0 107.959325,-7.069089,0 107.959344,-7.069118,0 107.959411,-7.069453,0 107.959355,-7.069651,0 107.959260,-7.069778,0 107.958797,-7.070139,0 107.958151,-7.070436,0 107.958196,-7.070787,0 107.958233,-7.071654,0 107.958228,-7.071684,0 107.958070,-7.072586,0 107.958152,-7.072733,0 107.958459,-7.073029,0 107.958893,-7.073275,0 107.959355,-7.073402,0 107.959964,-7.073608,0 107.960067,-7.073458,0 107.960119,-7.073270,0 107.960248,-7.072569,0 107.960312,-7.072334,0 107.960470,-7.071785,0 107.960471,-7.071780,0 107.960554,-7.071672,0 107.960636,-7.071777,0 107.960809,-7.071866,0 107.960998,-7.071845,0 107.961101,-7.071915,0 107.961201,-7.071802,0 107.961684,-7.071900,0 107.962116,-7.072140,0 107.962172,-7.071898,0 107.962218,-7.071644,0 107.962261,-7.071549,0 107.962285,-7.071360,0 107.962383,-7.071362,0 107.962621,-7.071379,0 107.963124,-7.071394,0 107.963991,-7.071467,0 107.964562,-7.071368,0 107.964761,-7.071396,0 107.964907,-7.071521,0 107.965353,-7.071875,0 107.965421,-7.071854,0 107.965519,-7.071823,0 107.965658,-7.071758,0 107.965607,-7.071762,0 107.965059,-7.071584,0 107.964819,-7.071163,0 107.964854,-7.070801,0 107.965151,-7.070734,0 107.965107,-7.069924,0 107.965104,-7.069916,0 107.964935,-7.069832,0 107.964112,-7.069625,0 107.964006,-7.069581,0</coordinates></LinearRing></outerBoundaryIs></Polygon></Placemark><Placemark><name>LW-018</name><styleUrl>#w3</styleUrl><description><![CDATA[<table><tr><td>Luas</td><td align='right'><b>13,6948</b> ha</td></tr><tr><td>Luas</td><td align='right'><b>136.948</b> m²</td></tr><tr><td>Keliling</td><td align='right'><b>1.574</b> m</td></tr><tr><td>Jenis sawah</td><td align='right'><b>Sawah Tadah Hujan</b> </td></tr><tr><td>Lapisan BIG</td><td align='right'><b>Agrikultur Sawah</b> </td></tr><tr><td>Seri RBI</td><td align='right'><b>25K</b> </td></tr></table>]]></description><Polygon><tessellate>1</tessellate><outerBoundaryIs><LinearRing><coordinates>107.974791,-7.101080,0 107.973955,-7.101060,0 107.973917,-7.101059,0 107.972443,-7.101345,0 107.972244,-7.101389,0 107.971977,-7.101735,0 107.971657,-7.102439,0 107.971572,-7.102763,0 107.971544,-7.103066,0 107.971680,-7.103941,0 107.971709,-7.104346,0 107.971422,-7.104470,0 107.971816,-7.105250,0 107.972705,-7.105176,0 107.973378,-7.104876,0 107.973811,-7.104600,0 107.974050,-7.104252,0 107.974482,-7.104271,0 107.974694,-7.104027,0 107.974608,-7.103591,0 107.974650,-7.103063,0 107.974718,-7.102527,0 107.974676,-7.102245,0 107.974636,-7.102091,0 107.974767,-7.101986,0 107.975115,-7.101747,0 107.975592,-7.101438,0 107.975167,-7.101270,0 107.974965,-7.101143,0 107.974911,-7.101082,0 107.974791,-7.101080,0</coordinates></LinearRing></outerBoundaryIs></Polygon></Placemark><Placemark><name>LW-019</name><styleUrl>#w2</styleUrl><description><![CDATA[<table><tr><td>Luas</td><td align='right'><b>10,9594</b> ha</td></tr><tr><td>Luas</td><td align='right'><b>109.594</b> m²</td></tr><tr><td>Keliling</td><td align='right'><b>2.156</b> m</td></tr><tr><td>Jenis sawah</td><td align='right'><b>Sawah</b> </td></tr><tr><td>Lapisan BIG</td><td align='right'><b>Agrikultur Sawah</b> </td></tr><tr><td>Seri RBI</td><td align='right'><b>25K</b> </td></tr></table>]]></description><Polygon><tessellate>1</tessellate><outerBoundaryIs><LinearRing><coordinates>107.984640,-7.130767,0 107.984178,-7.130642,0 107.983963,-7.130683,0 107.983542,-7.130867,0 107.983229,-7.130949,0 107.982985,-7.130944,0 107.982719,-7.130858,0 107.982492,-7.131174,0 107.982408,-7.131344,0 107.982280,-7.131763,0 107.982110,-7.131971,0 107.981790,-7.132222,0 107.981460,-7.132125,0 107.981184,-7.132056,0 107.980698,-7.132015,0 107.980490,-7.132076,0 107.980414,-7.132193,0 107.980250,-7.132490,0 107.979856,-7.133063,0 107.979525,-7.133216,0 107.979305,-7.133370,0 107.979212,-7.133503,0 107.979003,-7.133932,0 107.978833,-7.134365,0 107.978671,-7.134896,0 107.978608,-7.135246,0 107.978617,-7.135718,0 107.978748,-7.136402,0 107.978842,-7.136583,0 107.979144,-7.136889,0 107.979321,-7.136748,0 107.979365,-7.136600,0 107.979398,-7.136251,0 107.979421,-7.136020,0 107.979450,-7.135665,0 107.979560,-7.135089,0 107.979960,-7.134605,0 107.979961,-7.134599,0 107.979992,-7.134565,0 107.980176,-7.134368,0 107.980324,-7.134208,0 107.980901,-7.134187,0 107.981605,-7.133778,0 107.981693,-7.133786,0 107.982660,-7.132394,0 107.983010,-7.131976,0 107.983729,-7.131256,0 107.983777,-7.131206,0 107.984640,-7.130767,0</coordinates></LinearRing></outerBoundaryIs></Polygon></Placemark><Placemark><name>LW-020</name><styleUrl>#w2</styleUrl><description><![CDATA[<table><tr><td>Luas</td><td align='right'><b>10,8919</b> ha</td></tr><tr><td>Luas</td><td align='right'><b>108.919</b> m²</td></tr><tr><td>Keliling</td><td align='right'><b>1.782</b> m</td></tr><tr><td>Jenis sawah</td><td align='right'><b>Sawah Tadah Hujan</b> </td></tr><tr><td>Lapisan BIG</td><td align='right'><b>Agrikultur Sawah</b> </td></tr><tr><td>Seri RBI</td><td align='right'><b>25K</b> </td></tr></table>]]></description><Polygon><tessellate>1</tessellate><outerBoundaryIs><LinearRing><coordinates>107.974816,-7.142051,0 107.974730,-7.141871,0 107.974691,-7.141775,0 107.974543,-7.141917,0 107.973926,-7.142151,0 107.973801,-7.142226,0 107.973757,-7.142586,0 107.973767,-7.142799,0 107.973714,-7.142959,0 107.973522,-7.143118,0 107.973357,-7.143248,0 107.973260,-7.143435,0 107.973252,-7.143474,0 107.973343,-7.143550,0 107.973450,-7.143689,0 107.973847,-7.144746,0 107.973956,-7.145034,0 107.974219,-7.145390,0 107.974492,-7.145696,0 107.974563,-7.145818,0 107.974789,-7.146228,0 107.974883,-7.146300,0 107.974949,-7.146303,0 107.975171,-7.146008,0 107.975273,-7.145778,0 107.975365,-7.145479,0 107.975475,-7.145292,0 107.975768,-7.145060,0 107.976234,-7.144975,0 107.976298,-7.144964,0 107.976298,-7.144963,0 107.976475,-7.144852,0 107.976670,-7.144729,0 107.977006,-7.144457,0 107.977558,-7.144657,0 107.978064,-7.144955,0 107.978642,-7.144996,0 107.978755,-7.144840,0 107.978472,-7.144820,0 107.978337,-7.144779,0 107.978285,-7.144756,0 107.977604,-7.144411,0 107.977291,-7.144157,0 107.976706,-7.143675,0 107.976469,-7.143432,0 107.976161,-7.143013,0 107.976032,-7.142990,0 107.975817,-7.142989,0 107.975598,-7.142948,0 107.975172,-7.142758,0 107.975116,-7.142659,0 107.975000,-7.142437,0 107.974816,-7.142051,0</coordinates></LinearRing></outerBoundaryIs><innerBoundaryIs><LinearRing><coordinates>107.974579,-7.143082,0 107.974091,-7.142691,0 107.974682,-7.142434,0 107.974739,-7.142549,0 107.974925,-7.142925,0 107.974627,-7.143121,0 107.974579,-7.143082,0</coordinates></LinearRing></innerBoundaryIs></Polygon></Placemark><Placemark><name>LW-021</name><styleUrl>#w2</styleUrl><description><![CDATA[<table><tr><td>Luas</td><td align='right'><b>7,2096</b> ha</td></tr><tr><td>Luas</td><td align='right'><b>72.096</b> m²</td></tr><tr><td>Keliling</td><td align='right'><b>1.388</b> m</td></tr><tr><td>Jenis sawah</td><td align='right'><b>Sawah Tadah Hujan</b> </td></tr><tr><td>Lapisan BIG</td><td align='right'><b>Agrikultur Sawah</b> </td></tr><tr><td>Seri RBI</td><td align='right'><b>25K</b> </td></tr></table>]]></description><Polygon><tessellate>1</tessellate><outerBoundaryIs><LinearRing><coordinates>107.973146,-7.089364,0 107.973196,-7.089334,0 107.973464,-7.089204,0 107.973793,-7.089071,0 107.974009,-7.088918,0 107.974012,-7.088737,0 107.974069,-7.088431,0 107.974187,-7.087285,0 107.974151,-7.087070,0 107.974061,-7.087020,0 107.973609,-7.086791,0 107.973462,-7.086472,0 107.973235,-7.086340,0 107.972916,-7.086166,0 107.972729,-7.085920,0 107.972611,-7.085540,0 107.972619,-7.085393,0 107.972628,-7.085224,0 107.972604,-7.084991,0 107.972489,-7.084710,0 107.972393,-7.084591,0 107.972254,-7.084547,0 107.971777,-7.084415,0 107.971607,-7.084424,0 107.971648,-7.084533,0 107.971637,-7.085161,0 107.971624,-7.085655,0 107.971621,-7.085765,0 107.971714,-7.085953,0 107.972059,-7.086216,0 107.972167,-7.086727,0 107.972296,-7.087171,0 107.972695,-7.087691,0 107.972816,-7.088134,0 107.972549,-7.088587,0 107.972772,-7.088976,0 107.973145,-7.089363,0 107.973146,-7.089364,0</coordinates></LinearRing></outerBoundaryIs></Polygon></Placemark><Placemark><name>LW-022</name><styleUrl>#w2</styleUrl><description><![CDATA[<table><tr><td>Luas</td><td align='right'><b>6,9809</b> ha</td></tr><tr><td>Luas</td><td align='right'><b>69.809</b> m²</td></tr><tr><td>Keliling</td><td align='right'><b>1.550</b> m</td></tr><tr><td>Jenis sawah</td><td align='right'><b>Sawah Tadah Hujan</b> </td></tr><tr><td>Lapisan BIG</td><td align='right'><b>Agrikultur Sawah</b> </td></tr><tr><td>Seri RBI</td><td align='right'><b>25K</b> </td></tr></table>]]></description><Polygon><tessellate>1</tessellate><outerBoundaryIs><LinearRing><coordinates>107.982521,-7.075650,0 107.982447,-7.075629,0 107.981982,-7.075393,0 107.981833,-7.075352,0 107.981527,-7.075503,0 107.981378,-7.075667,0 107.981326,-7.075893,0 107.981343,-7.076217,0 107.981411,-7.077099,0 107.981351,-7.077421,0 107.981164,-7.077751,0 107.980511,-7.078344,0 107.980228,-7.078531,0 107.980017,-7.078734,0 107.979864,-7.079019,0 107.979844,-7.079214,0 107.979910,-7.079433,0 107.980102,-7.079838,0 107.980495,-7.080214,0 107.980719,-7.080307,0 107.980878,-7.080325,0 107.981037,-7.080021,0 107.981273,-7.079722,0 107.980446,-7.079303,0 107.980808,-7.078829,0 107.981566,-7.078779,0 107.981990,-7.078779,0 107.982128,-7.078881,0 107.982290,-7.078628,0 107.982368,-7.078417,0 107.982410,-7.078061,0 107.982480,-7.077622,0 107.982515,-7.076925,0 107.982521,-7.075650,0</coordinates></LinearRing></outerBoundaryIs></Polygon></Placemark><Placemark><name>LW-023</name><styleUrl>#w2</styleUrl><description><![CDATA[<table><tr><td>Luas</td><td align='right'><b>6,7414</b> ha</td></tr><tr><td>Luas</td><td align='right'><b>67.414</b> m²</td></tr><tr><td>Keliling</td><td align='right'><b>1.567</b> m</td></tr><tr><td>Jenis sawah</td><td align='right'><b>Sawah Tadah Hujan</b> </td></tr><tr><td>Lapisan BIG</td><td align='right'><b>Agrikultur Sawah</b> </td></tr><tr><td>Seri RBI</td><td align='right'><b>25K</b> </td></tr></table>]]></description><Polygon><tessellate>1</tessellate><outerBoundaryIs><LinearRing><coordinates>107.932202,-7.146860,0 107.931604,-7.146368,0 107.931395,-7.146402,0 107.930953,-7.146642,0 107.930885,-7.146969,0 107.930862,-7.147221,0 107.930844,-7.147740,0 107.930737,-7.148127,0 107.930419,-7.148531,0 107.930384,-7.148716,0 107.930491,-7.148780,0 107.930571,-7.148800,0 107.930612,-7.148829,0 107.931063,-7.149052,0 107.931176,-7.149083,0 107.932016,-7.149584,0 107.932753,-7.149985,0 107.932782,-7.150000,0 107.935180,-7.150000,0 107.934846,-7.149876,0 107.934375,-7.149618,0 107.933714,-7.149239,0 107.933254,-7.149074,0 107.933118,-7.149013,0 107.932925,-7.148834,0 107.932512,-7.148673,0 107.932226,-7.148561,0 107.931858,-7.148233,0 107.931747,-7.148096,0 107.931724,-7.147850,0 107.931750,-7.147591,0 107.931834,-7.147340,0 107.932146,-7.146920,0 107.932202,-7.146860,0</coordinates></LinearRing></outerBoundaryIs></Polygon></Placemark><Placemark><name>LW-024</name><styleUrl>#w2</styleUrl><description><![CDATA[<table><tr><td>Luas</td><td align='right'><b>5,4217</b> ha</td></tr><tr><td>Luas</td><td align='right'><b>54.217</b> m²</td></tr><tr><td>Keliling</td><td align='right'><b>982</b> m</td></tr><tr><td>Jenis sawah</td><td align='right'><b>Sawah Tadah Hujan</b> </td></tr><tr><td>Lapisan BIG</td><td align='right'><b>Agrikultur Sawah</b> </td></tr><tr><td>Seri RBI</td><td align='right'><b>25K</b> </td></tr></table>]]></description><Polygon><tessellate>1</tessellate><outerBoundaryIs><LinearRing><coordinates>107.920740,-7.111851,0 107.920543,-7.111469,0 107.920165,-7.111485,0 107.919796,-7.111228,0 107.919534,-7.110752,0 107.919469,-7.110362,0 107.919407,-7.110378,0 107.919139,-7.110487,0 107.918891,-7.110758,0 107.918694,-7.111069,0 107.918560,-7.111386,0 107.918309,-7.111884,0 107.918410,-7.111950,0 107.918103,-7.112591,0 107.918227,-7.112970,0 107.918875,-7.112994,0 107.919261,-7.112952,0 107.919979,-7.112823,0 107.920613,-7.112694,0 107.920973,-7.112355,0 107.920934,-7.112226,0 107.920740,-7.111851,0</coordinates></LinearRing></outerBoundaryIs></Polygon></Placemark><Placemark><name>LW-025</name><styleUrl>#w2</styleUrl><description><![CDATA[<table><tr><td>Luas</td><td align='right'><b>4,4320</b> ha</td></tr><tr><td>Luas</td><td align='right'><b>44.320</b> m²</td></tr><tr><td>Keliling</td><td align='right'><b>2.645</b> m</td></tr><tr><td>Jenis sawah</td><td align='right'><b>Sawah Tadah Hujan</b> </td></tr><tr><td>Lapisan BIG</td><td align='right'><b>Agrikultur Sawah</b> </td></tr><tr><td>Seri RBI</td><td align='right'><b>25K</b> </td></tr></table>]]></description><Polygon><tessellate>1</tessellate><outerBoundaryIs><LinearRing><coordinates>107.969333,-7.148704,0 107.969237,-7.148708,0 107.969061,-7.148597,0 107.968920,-7.148565,0 107.968837,-7.148597,0 107.968829,-7.148742,0 107.968733,-7.148978,0 107.968243,-7.149923,0 107.968176,-7.150000,0 107.967603,-7.150000,0 107.967227,-7.149758,0 107.966986,-7.149515,0 107.966845,-7.149257,0 107.966851,-7.149114,0 107.966899,-7.148971,0 107.966784,-7.148989,0 107.966549,-7.148983,0 107.965999,-7.148995,0 107.965730,-7.148943,0 107.965304,-7.148883,0 107.965063,-7.148916,0 107.965008,-7.149070,0 107.964937,-7.149538,0 107.964980,-7.149767,0 107.964998,-7.150000,0 107.973314,-7.150000,0 107.973098,-7.149514,0 107.972678,-7.149513,0 107.972709,-7.150000,0 107.971443,-7.150000,0 107.971712,-7.149427,0 107.971768,-7.149176,0 107.971679,-7.149178,0 107.971262,-7.149082,0 107.971264,-7.149182,0 107.971143,-7.149548,0 107.970898,-7.149714,0 107.970482,-7.149798,0 107.970434,-7.149920,0 107.970383,-7.150000,0 107.968749,-7.150000,0 107.968832,-7.149620,0 107.969137,-7.148957,0 107.969333,-7.148704,0</coordinates></LinearRing></outerBoundaryIs></Polygon></Placemark><Placemark><name>LW-026</name><styleUrl>#w2</styleUrl><description><![CDATA[<table><tr><td>Luas</td><td align='right'><b>3,9161</b> ha</td></tr><tr><td>Luas</td><td align='right'><b>39.161</b> m²</td></tr><tr><td>Keliling</td><td align='right'><b>953</b> m</td></tr><tr><td>Jenis sawah</td><td align='right'><b>Sawah</b> </td></tr><tr><td>Lapisan BIG</td><td align='right'><b>Agrikultur Sawah</b> </td></tr><tr><td>Seri RBI</td><td align='right'><b>25K</b> </td></tr></table>]]></description><Polygon><tessellate>1</tessellate><outerBoundaryIs><LinearRing><coordinates>107.916149,-7.137245,0 107.916225,-7.137199,0 107.916440,-7.137017,0 107.916841,-7.136542,0 107.916892,-7.136329,0 107.916916,-7.135853,0 107.916981,-7.135528,0 107.917218,-7.134827,0 107.917366,-7.134613,0 107.917392,-7.134523,0 107.917512,-7.134058,0 107.916880,-7.134586,0 107.916604,-7.134903,0 107.916060,-7.135436,0 107.915710,-7.135681,0 107.915387,-7.135928,0 107.915205,-7.136041,0 107.915175,-7.136079,0 107.915086,-7.136192,0 107.915106,-7.136386,0 107.915161,-7.136935,0 107.916149,-7.137245,0</coordinates></LinearRing></outerBoundaryIs></Polygon></Placemark><Placemark><name>LW-027</name><styleUrl>#w2</styleUrl><description><![CDATA[<table><tr><td>Luas</td><td align='right'><b>3,3436</b> ha</td></tr><tr><td>Luas</td><td align='right'><b>33.436</b> m²</td></tr><tr><td>Keliling</td><td align='right'><b>1.005</b> m</td></tr><tr><td>Jenis sawah</td><td align='right'><b>Sawah Tadah Hujan</b> </td></tr><tr><td>Lapisan BIG</td><td align='right'><b>Agrikultur Sawah</b> </td></tr><tr><td>Seri RBI</td><td align='right'><b>25K</b> </td></tr></table>]]></description><Polygon><tessellate>1</tessellate><outerBoundaryIs><LinearRing><coordinates>107.986770,-7.133121,0 107.986772,-7.132961,0 107.986853,-7.132259,0 107.986936,-7.132119,0 107.987355,-7.131656,0 107.987230,-7.131391,0 107.987010,-7.130820,0 107.986881,-7.130714,0 107.986803,-7.130741,0 107.986625,-7.130963,0 107.986588,-7.131134,0 107.986490,-7.131430,0 107.986349,-7.131651,0 107.986201,-7.131741,0 107.986092,-7.131743,0 107.985975,-7.131685,0 107.985768,-7.131502,0 107.985609,-7.131254,0 107.985567,-7.131154,0 107.985003,-7.130932,0 107.984869,-7.131080,0 107.984860,-7.131269,0 107.984965,-7.131797,0 107.985133,-7.131688,0 107.985341,-7.131745,0 107.985583,-7.132155,0 107.985636,-7.132205,0 107.985781,-7.132408,0 107.985960,-7.132766,0 107.985995,-7.132984,0 107.986408,-7.133011,0 107.986770,-7.133121,0</coordinates></LinearRing></outerBoundaryIs></Polygon></Placemark><Placemark><name>LW-028</name><styleUrl>#w2</styleUrl><description><![CDATA[<table><tr><td>Luas</td><td align='right'><b>3,3017</b> ha</td></tr><tr><td>Luas</td><td align='right'><b>33.017</b> m²</td></tr><tr><td>Keliling</td><td align='right'><b>996</b> m</td></tr><tr><td>Jenis sawah</td><td align='right'><b>Sawah Tadah Hujan</b> </td></tr><tr><td>Lapisan BIG</td><td align='right'><b>Agrikultur Sawah</b> </td></tr><tr><td>Seri RBI</td><td align='right'><b>25K</b> </td></tr></table>]]></description><Polygon><tessellate>1</tessellate><outerBoundaryIs><LinearRing><coordinates>107.967953,-7.120691,0 107.967706,-7.120568,0 107.967434,-7.120374,0 107.967322,-7.120186,0 107.967200,-7.119856,0 107.967029,-7.119478,0 107.966836,-7.119238,0 107.966426,-7.119269,0 107.965777,-7.119446,0 107.965457,-7.119607,0 107.965437,-7.119684,0 107.965462,-7.119942,0 107.965607,-7.119996,0 107.966055,-7.120133,0 107.966111,-7.120240,0 107.966366,-7.120763,0 107.966632,-7.121004,0 107.966784,-7.121061,0 107.966959,-7.121022,0 107.967415,-7.120927,0 107.968182,-7.120939,0 107.968876,-7.121042,0 107.968941,-7.120990,0 107.968952,-7.120756,0 107.968949,-7.120704,0 107.968904,-7.120705,0 107.967953,-7.120691,0</coordinates></LinearRing></outerBoundaryIs></Polygon></Placemark><Placemark><name>LW-029</name><styleUrl>#w2</styleUrl><description><![CDATA[<table><tr><td>Luas</td><td align='right'><b>2,3967</b> ha</td></tr><tr><td>Luas</td><td align='right'><b>23.967</b> m²</td></tr><tr><td>Keliling</td><td align='right'><b>683</b> m</td></tr><tr><td>Jenis sawah</td><td align='right'><b>Sawah Tadah Hujan</b> </td></tr><tr><td>Lapisan BIG</td><td align='right'><b>Agrikultur Sawah</b> </td></tr><tr><td>Seri RBI</td><td align='right'><b>25K</b> </td></tr></table>]]></description><Polygon><tessellate>1</tessellate><outerBoundaryIs><LinearRing><coordinates>107.950976,-7.145296,0 107.950539,-7.145108,0 107.950179,-7.145595,0 107.950074,-7.145877,0 107.949895,-7.147147,0 107.949875,-7.147284,0 107.949927,-7.147436,0 107.950013,-7.147385,0 107.950224,-7.147196,0 107.950611,-7.146845,0 107.951153,-7.146349,0 107.951549,-7.145854,0 107.951625,-7.145860,0 107.951579,-7.145849,0 107.951321,-7.145641,0 107.950976,-7.145296,0</coordinates></LinearRing></outerBoundaryIs></Polygon></Placemark><Placemark><name>LW-030</name><styleUrl>#w2</styleUrl><description><![CDATA[<table><tr><td>Luas</td><td align='right'><b>2,2658</b> ha</td></tr><tr><td>Luas</td><td align='right'><b>22.658</b> m²</td></tr><tr><td>Keliling</td><td align='right'><b>700</b> m</td></tr><tr><td>Jenis sawah</td><td align='right'><b>Sawah Tadah Hujan</b> </td></tr><tr><td>Lapisan BIG</td><td align='right'><b>Agrikultur Sawah</b> </td></tr><tr><td>Seri RBI</td><td align='right'><b>25K</b> </td></tr></table>]]></description><Polygon><tessellate>1</tessellate><outerBoundaryIs><LinearRing><coordinates>107.980193,-7.140357,0 107.979974,-7.140319,0 107.979436,-7.140538,0 107.978943,-7.140837,0 107.978860,-7.140787,0 107.978858,-7.140794,0 107.978648,-7.141721,0 107.978975,-7.141671,0 107.979284,-7.142245,0 107.979759,-7.142617,0 107.979776,-7.142484,0 107.979811,-7.142198,0 107.979964,-7.140965,0 107.980035,-7.140762,0 107.980193,-7.140357,0</coordinates></LinearRing></outerBoundaryIs></Polygon></Placemark><Placemark><name>LW-031</name><styleUrl>#w2</styleUrl><description><![CDATA[<table><tr><td>Luas</td><td align='right'><b>2,2393</b> ha</td></tr><tr><td>Luas</td><td align='right'><b>22.393</b> m²</td></tr><tr><td>Keliling</td><td align='right'><b>769</b> m</td></tr><tr><td>Jenis sawah</td><td align='right'><b>Sawah Tadah Hujan</b> </td></tr><tr><td>Lapisan BIG</td><td align='right'><b>Agrikultur Sawah</b> </td></tr><tr><td>Seri RBI</td><td align='right'><b>25K</b> </td></tr></table>]]></description><Polygon><tessellate>1</tessellate><outerBoundaryIs><LinearRing><coordinates>107.917512,-7.134058,0 107.917390,-7.133887,0 107.916578,-7.133695,0 107.916566,-7.133690,0 107.915943,-7.134496,0 107.915718,-7.134864,0 107.915293,-7.135558,0 107.915175,-7.136079,0 107.915205,-7.136041,0 107.915387,-7.135928,0 107.915710,-7.135681,0 107.916060,-7.135436,0 107.916604,-7.134903,0 107.916880,-7.134586,0 107.917512,-7.134058,0</coordinates></LinearRing></outerBoundaryIs></Polygon></Placemark><Placemark><name>LW-032</name><styleUrl>#w2</styleUrl><description><![CDATA[<table><tr><td>Luas</td><td align='right'><b>2,1057</b> ha</td></tr><tr><td>Luas</td><td align='right'><b>21.057</b> m²</td></tr><tr><td>Keliling</td><td align='right'><b>765</b> m</td></tr><tr><td>Jenis sawah</td><td align='right'><b>Sawah Tadah Hujan</b> </td></tr><tr><td>Lapisan BIG</td><td align='right'><b>Agrikultur Sawah</b> </td></tr><tr><td>Seri RBI</td><td align='right'><b>25K</b> </td></tr></table>]]></description><Polygon><tessellate>1</tessellate><outerBoundaryIs><LinearRing><coordinates>107.960578,-7.075707,0 107.961140,-7.075787,0 107.961191,-7.075585,0 107.961363,-7.075080,0 107.961506,-7.074616,0 107.961609,-7.074192,0 107.961697,-7.073851,0 107.961918,-7.072999,0 107.961703,-7.072955,0 107.961515,-7.072872,0 107.961154,-7.073491,0 107.960988,-7.073810,0 107.960932,-7.074200,0 107.960754,-7.075196,0 107.960683,-7.075504,0 107.960578,-7.075707,0</coordinates></LinearRing></outerBoundaryIs></Polygon></Placemark><Placemark><name>LW-033</name><styleUrl>#w2</styleUrl><description><![CDATA[<table><tr><td>Luas</td><td align='right'><b>1,9406</b> ha</td></tr><tr><td>Luas</td><td align='right'><b>19.406</b> m²</td></tr><tr><td>Keliling</td><td align='right'><b>732</b> m</td></tr><tr><td>Jenis sawah</td><td align='right'><b>Sawah Tadah Hujan</b> </td></tr><tr><td>Lapisan BIG</td><td align='right'><b>Agrikultur Sawah</b> </td></tr><tr><td>Seri RBI</td><td align='right'><b>25K</b> </td></tr></table>]]></description><Polygon><tessellate>1</tessellate><outerBoundaryIs><LinearRing><coordinates>107.941397,-7.149294,0 107.941358,-7.149271,0 107.941003,-7.149114,0 107.940808,-7.149133,0 107.940088,-7.149312,0 107.939711,-7.149349,0 107.939396,-7.149320,0 107.939132,-7.149296,0 107.939284,-7.149637,0 107.940092,-7.149713,0 107.940128,-7.149765,0 107.940316,-7.150000,0 107.941789,-7.150000,0 107.941869,-7.149506,0 107.941999,-7.149521,0 107.941397,-7.149294,0</coordinates></LinearRing></outerBoundaryIs></Polygon></Placemark><Placemark><name>LW-034</name><styleUrl>#w2</styleUrl><description><![CDATA[<table><tr><td>Luas</td><td align='right'><b>1,8355</b> ha</td></tr><tr><td>Luas</td><td align='right'><b>18.355</b> m²</td></tr><tr><td>Keliling</td><td align='right'><b>511</b> m</td></tr><tr><td>Jenis sawah</td><td align='right'><b>Sawah Tadah Hujan</b> </td></tr><tr><td>Lapisan BIG</td><td align='right'><b>Agrikultur Sawah</b> </td></tr><tr><td>Seri RBI</td><td align='right'><b>25K</b> </td></tr></table>]]></description><Polygon><tessellate>1</tessellate><outerBoundaryIs><LinearRing><coordinates>107.984059,-7.086170,0 107.984220,-7.086094,0 107.984302,-7.085859,0 107.984433,-7.085162,0 107.984414,-7.085146,0 107.983809,-7.084680,0 107.983703,-7.084731,0 107.983550,-7.084885,0 107.983249,-7.085137,0 107.982898,-7.085487,0 107.982899,-7.085635,0 107.982963,-7.085738,0 107.983166,-7.085893,0 107.983435,-7.086043,0 107.983865,-7.086178,0 107.984059,-7.086170,0</coordinates></LinearRing></outerBoundaryIs></Polygon></Placemark><Placemark><name>LW-035</name><styleUrl>#w2</styleUrl><description><![CDATA[<table><tr><td>Luas</td><td align='right'><b>1,6963</b> ha</td></tr><tr><td>Luas</td><td align='right'><b>16.963</b> m²</td></tr><tr><td>Keliling</td><td align='right'><b>534</b> m</td></tr><tr><td>Jenis sawah</td><td align='right'><b>Sawah Tadah Hujan</b> </td></tr><tr><td>Lapisan BIG</td><td align='right'><b>Agrikultur Sawah</b> </td></tr><tr><td>Seri RBI</td><td align='right'><b>25K</b> </td></tr></table>]]></description><Polygon><tessellate>1</tessellate><outerBoundaryIs><LinearRing><coordinates>107.958267,-7.063931,0 107.957397,-7.065323,0 107.957439,-7.065431,0 107.957565,-7.065579,0 107.957751,-7.065646,0 107.957896,-7.065586,0 107.958542,-7.065131,0 107.958875,-7.064753,0 107.958861,-7.064645,0 107.958808,-7.064344,0 107.958682,-7.063971,0 107.958552,-7.063976,0 107.958267,-7.063931,0</coordinates></LinearRing></outerBoundaryIs></Polygon></Placemark><Placemark><name>LW-036</name><styleUrl>#w2</styleUrl><description><![CDATA[<table><tr><td>Luas</td><td align='right'><b>1,5220</b> ha</td></tr><tr><td>Luas</td><td align='right'><b>15.220</b> m²</td></tr><tr><td>Keliling</td><td align='right'><b>625</b> m</td></tr><tr><td>Jenis sawah</td><td align='right'><b>Sawah Tadah Hujan</b> </td></tr><tr><td>Lapisan BIG</td><td align='right'><b>Agrikultur Sawah</b> </td></tr><tr><td>Seri RBI</td><td align='right'><b>25K</b> </td></tr></table>]]></description><Polygon><tessellate>1</tessellate><outerBoundaryIs><LinearRing><coordinates>107.932850,-7.106859,0 107.932837,-7.106866,0 107.932656,-7.106251,0 107.932573,-7.105949,0 107.931942,-7.105885,0 107.931374,-7.105678,0 107.931215,-7.105973,0 107.931245,-7.106087,0 107.931345,-7.106144,0 107.931348,-7.106145,0 107.931640,-7.106210,0 107.931855,-7.106307,0 107.932066,-7.106541,0 107.932201,-7.106820,0 107.932209,-7.106993,0 107.932132,-7.107215,0 107.932908,-7.107370,0 107.932875,-7.107081,0 107.932850,-7.106859,0</coordinates></LinearRing></outerBoundaryIs></Polygon></Placemark><Placemark><name>LW-037</name><styleUrl>#w1</styleUrl><description><![CDATA[<table><tr><td>Luas</td><td align='right'><b>1,4101</b> ha</td></tr><tr><td>Luas</td><td align='right'><b>14.101</b> m²</td></tr><tr><td>Keliling</td><td align='right'><b>451</b> m</td></tr><tr><td>Jenis sawah</td><td align='right'><b>Sawah Tadah Hujan</b> </td></tr><tr><td>Lapisan BIG</td><td align='right'><b>Agrikultur Sawah</b> </td></tr><tr><td>Seri RBI</td><td align='right'><b>25K</b> </td></tr></table>]]></description><Polygon><tessellate>1</tessellate><outerBoundaryIs><LinearRing><coordinates>107.959983,-7.103728,0 107.960034,-7.103652,0 107.960199,-7.103202,0 107.960007,-7.103037,0 107.959740,-7.102849,0 107.959503,-7.102744,0 107.959368,-7.102733,0 107.959186,-7.102821,0 107.959023,-7.102914,0 107.958863,-7.103043,0 107.958951,-7.103918,0 107.959001,-7.103899,0 107.959106,-7.103887,0 107.959566,-7.103832,0 107.959964,-7.103757,0 107.959983,-7.103728,0</coordinates></LinearRing></outerBoundaryIs></Polygon></Placemark><Placemark><name>LW-038</name><styleUrl>#w1</styleUrl><description><![CDATA[<table><tr><td>Luas</td><td align='right'><b>1,2716</b> ha</td></tr><tr><td>Luas</td><td align='right'><b>12.716</b> m²</td></tr><tr><td>Keliling</td><td align='right'><b>528</b> m</td></tr><tr><td>Jenis sawah</td><td align='right'><b>Sawah Tadah Hujan</b> </td></tr><tr><td>Lapisan BIG</td><td align='right'><b>Agrikultur Sawah</b> </td></tr><tr><td>Seri RBI</td><td align='right'><b>25K</b> </td></tr></table>]]></description><Polygon><tessellate>1</tessellate><outerBoundaryIs><LinearRing><coordinates>107.975249,-7.090876,0 107.974885,-7.090847,0 107.974610,-7.090839,0 107.974440,-7.090888,0 107.974220,-7.091073,0 107.974084,-7.091343,0 107.974061,-7.091389,0 107.973986,-7.091877,0 107.974004,-7.092094,0 107.974039,-7.092179,0 107.974130,-7.092237,0 107.974142,-7.092245,0 107.974429,-7.092202,0 107.974640,-7.092128,0 107.974813,-7.092056,0 107.975062,-7.091916,0 107.974794,-7.091683,0 107.974724,-7.091533,0 107.974734,-7.091377,0 107.974760,-7.091339,0 107.974870,-7.091180,0 107.975086,-7.090975,0 107.975249,-7.090876,0</coordinates></LinearRing></outerBoundaryIs></Polygon></Placemark><Placemark><name>LW-039</name><styleUrl>#w1</styleUrl><description><![CDATA[<table><tr><td>Luas</td><td align='right'><b>1,2509</b> ha</td></tr><tr><td>Luas</td><td align='right'><b>12.509</b> m²</td></tr><tr><td>Keliling</td><td align='right'><b>456</b> m</td></tr><tr><td>Jenis sawah</td><td align='right'><b>Sawah Tadah Hujan</b> </td></tr><tr><td>Lapisan BIG</td><td align='right'><b>Agrikultur Sawah</b> </td></tr><tr><td>Seri RBI</td><td align='right'><b>25K</b> </td></tr></table>]]></description><Polygon><tessellate>1</tessellate><outerBoundaryIs><LinearRing><coordinates>107.962693,-7.144854,0 107.962396,-7.144779,0 107.962234,-7.144761,0 107.962096,-7.144828,0 107.961842,-7.144928,0 107.961783,-7.144948,0 107.961755,-7.144959,0 107.961666,-7.145097,0 107.961508,-7.145271,0 107.961779,-7.146042,0 107.962160,-7.146247,0 107.962596,-7.145078,0 107.962693,-7.144854,0</coordinates></LinearRing></outerBoundaryIs></Polygon></Placemark><Placemark><name>LW-040</name><styleUrl>#w1</styleUrl><description><![CDATA[<table><tr><td>Luas</td><td align='right'><b>0,8260</b> ha</td></tr><tr><td>Luas</td><td align='right'><b>8.260</b> m²</td></tr><tr><td>Keliling</td><td align='right'><b>466</b> m</td></tr><tr><td>Jenis sawah</td><td align='right'><b>Sawah Tadah Hujan</b> </td></tr><tr><td>Lapisan BIG</td><td align='right'><b>Agrikultur Sawah</b> </td></tr><tr><td>Seri RBI</td><td align='right'><b>25K</b> </td></tr></table>]]></description><Polygon><tessellate>1</tessellate><outerBoundaryIs><LinearRing><coordinates>107.982355,-7.139239,0 107.982278,-7.138477,0 107.981577,-7.138559,0 107.981346,-7.138609,0 107.981299,-7.138592,0 107.981317,-7.138670,0 107.981321,-7.138686,0 107.981305,-7.138768,0 107.981219,-7.138791,0 107.981006,-7.138612,0 107.980883,-7.138518,0 107.980901,-7.138571,0 107.981051,-7.138865,0 107.981197,-7.138964,0 107.981454,-7.139072,0 107.981767,-7.139126,0 107.982355,-7.139239,0</coordinates></LinearRing></outerBoundaryIs></Polygon></Placemark><Placemark><name>LW-041</name><styleUrl>#w1</styleUrl><description><![CDATA[<table><tr><td>Luas</td><td align='right'><b>0,5983</b> ha</td></tr><tr><td>Luas</td><td align='right'><b>5.983</b> m²</td></tr><tr><td>Keliling</td><td align='right'><b>629</b> m</td></tr><tr><td>Jenis sawah</td><td align='right'><b>Sawah Tadah Hujan</b> </td></tr><tr><td>Lapisan BIG</td><td align='right'><b>Agrikultur Sawah</b> </td></tr><tr><td>Seri RBI</td><td align='right'><b>25K</b> </td></tr></table>]]></description><Polygon><tessellate>1</tessellate><outerBoundaryIs><LinearRing><coordinates>107.966951,-7.128073,0 107.967000,-7.127647,0 107.967183,-7.126935,0 107.967504,-7.126298,0 107.967583,-7.125940,0 107.967558,-7.125665,0 107.967534,-7.125735,0 107.967416,-7.126042,0 107.967221,-7.126380,0 107.966960,-7.126926,0 107.966834,-7.127356,0 107.966783,-7.127719,0 107.966795,-7.128020,0 107.966876,-7.128326,0 107.966895,-7.128359,0 107.966900,-7.128207,0 107.966951,-7.128073,0</coordinates></LinearRing></outerBoundaryIs></Polygon></Placemark><Placemark><name>LW-042</name><styleUrl>#w0</styleUrl><description><![CDATA[<table><tr><td>Luas</td><td align='right'><b>0,0659</b> ha</td></tr><tr><td>Luas</td><td align='right'><b>659</b> m²</td></tr><tr><td>Keliling</td><td align='right'><b>136</b> m</td></tr><tr><td>Jenis sawah</td><td align='right'><b>Sawah</b> </td></tr><tr><td>Lapisan BIG</td><td align='right'><b>Agrikultur Sawah</b> </td></tr><tr><td>Seri RBI</td><td align='right'><b>25K</b> </td></tr></table>]]></description><Polygon><tessellate>1</tessellate><outerBoundaryIs><LinearRing><coordinates>107.977711,-7.150000,0 107.977468,-7.149528,0 107.977483,-7.150000,0 107.977711,-7.150000,0</coordinates></LinearRing></outerBoundaryIs></Polygon></Placemark></Document></kml>