{"type": "FeatureCollection", "features": [{"type": "Feature", "geometry": {"type": "MultiLineString", "coordinates": [[[107.9719, -7.1682], [107.9718, -7.1682], [107.9716, -7.1678], [107.9716, -7.1676], [107.9721, -7.1663], [107.9727, -7.1657], [107.9727, -7.1656], [107.9724, -7.1655], [107.9724, -7.1648], [107.9722, -7.1647]]]}, "properties": {"id": "CP.Ka.8,Ki", "kode": "R000", "nama": "CP.Ka.8,Ki", "jenis": "Tersier"}}, {"type": "Feature", "geometry": {"type": "MultiLineString", "coordinates": [[[107.9827, -7.1589], [107.9827, -7.1589]], [[107.9827, -7.1589], [107.9826, -7.1591], [107.9824, -7.1592], [107.9822, -7.1596], [107.9818, -7.1598], [107.9816, -7.16], [107.9816, -7.1601], [107.9812, -7.1606], [107.9806, -7.1616], [107.9794, -7.1628], [107.9793, -7.1628], [107.9793, -7.1629], [107.9791, -7.1629], [107.9791, -7.163], [107.9789, -7.163], [107.9788, -7.1631], [107.9784, -7.1631], [107.9784, -7.1632], [107.978, -7.1632], [107.9774, -7.1635], [107.9768, -7.1635], [107.9768, -7.1634], [107.976, -7.1634], [107.976, -7.1635], [107.9754, -7.1636], [107.9754, -7.1637], [107.9752, -7.1637], [107.9752, -7.1638], [107.9749, -7.1639], [107.9749, -7.164], [107.9747, -7.164], [107.9732, -7.1655], [107.9723, -7.1662], [107.9718, -7.1677], [107.9719, -7.1683], [107.972, -7.1684], [107.972, -7.1688], [107.9719, -7.1688], [107.9719, -7.1691], [107.9718, -7.1691], [107.9718, -7.1692], [107.9716, -7.1692], [107.9716, -7.1693], [107.9706, -7.1693], [107.9705, -7.1692], [107.9701, -7.1692], [107.9701, -7.1691], [107.9695, -7.1691], [107.9694, -7.169], [107.9664, -7.169], [107.9664, -7.1689], [107.9648, -7.1689], [107.9648, -7.169], [107.9645, -7.169], [107.9644, -7.1691], [107.9642, -7.1691], [107.9642, -7.1692], [107.9637, -7.1692], [107.9637, -7.1693], [107.963, -7.1693], [107.963, -7.1692], [107.9628, -7.1692], [107.9628, -7.1691], [107.9627, -7.1691], [107.9627, -7.169], [107.9625, -7.1689], [107.9625, -7.1688], [107.9623, -7.1687], [107.962, -7.1681], [107.9619, -7.1681], [107.9619, -7.1679], [107.9615, -7.1675], [107.9613, -7.1675], [107.9612, -7.1677], [107.9611, -7.1677], [107.9607, -7.1685], [107.9607, -7.1689], [107.9606, -7.169], [107.9606, -7.1694], [107.9607, -7.1694], [107.9607, -7.1701], [107.9608, -7.1702], [107.9608, -7.1709], [107.9607, -7.1709], [107.9607, -7.1712], [107.9606, -7.1712], [107.9606, -7.1714], [107.9603, -7.172], [107.9602, -7.172], [107.9602, -7.1721], [107.96, -7.1722], [107.9587, -7.1722], [107.9586, -7.1721], [107.9583, -7.1721], [107.9577, -7.1718], [107.9572, -7.1718], [107.9571, -7.1719], [107.9559, -7.1719], [107.9559, -7.1718], [107.9556, -7.1718], [107.9556, -7.1717], [107.9554, -7.1717], [107.9554, -7.1716], [107.955, -7.1715], [107.955, -7.1714], [107.9545, -7.1712], [107.9545, -7.1711], [107.9543, -7.1711], [107.9543, -7.171], [107.9527, -7.171], [107.9526, -7.1709], [107.9524, -7.1709], [107.9524, -7.1708], [107.952, -7.1707], [107.952, -7.1706], [107.9518, -7.1706], [107.9518, -7.1705], [107.9517, -7.1705], [107.9517, -7.1704], [107.9515, -7.1703], [107.9515, -7.1698], [107.9516, -7.1697], [107.9516, -7.1693], [107.9517, -7.1692], [107.9515, -7.1688], [107.9507, -7.1686], [107.9504, -7.1686], [107.9502, -7.1685], [107.9499, -7.1685], [107.9497, -7.1684], [107.9495, -7.1685], [107.9487, -7.1694], [107.9482, -7.1698], [107.9459, -7.1711], [107.9456, -7.1711], [107.9456, -7.1712], [107.9432, -7.1706], [107.9412, -7.1713], [107.9412, -7.1714], [107.9409, -7.1714], [107.9409, -7.1715], [107.9405, -7.1715], [107.9404, -7.1714], [107.9395, -7.1714], [107.9394, -7.1715], [107.9383, -7.1715], [107.9382, -7.1716], [107.9374, -7.1716], [107.9373, -7.1717], [107.937, -7.1717], [107.9369, -7.1718], [107.9364, -7.1718], [107.9364, -7.1717], [107.936, -7.1717], [107.936, -7.1716], [107.9358, -7.1715], [107.9358, -7.1712], [107.9357, -7.1712], [107.9357, -7.17], [107.9358, -7.17], [107.9358, -7.1698], [107.9359, -7.1698], [107.9359, -7.1695], [107.936, -7.1695], [107.936, -7.1692], [107.9361, -7.1692], [107.9361, -7.1686], [107.936, -7.1685], [107.936, -7.1676], [107.9359, -7.1676], [107.9359, -7.1674], [107.9358, -7.1674], [107.9357, -7.1672], [107.9354, -7.1672], [107.9354, -7.1671], [107.9348, -7.1671], [107.9347, -7.1672], [107.9324, -7.1673], [107.9323, -7.1674], [107.9316, -7.1674], [107.9316, -7.1675], [107.9315, -7.1675]], [[107.9827, -7.1589], [107.9827, -7.1589]], [[107.9827, -7.1589], [107.9827, -7.1589]], [[107.9827, -7.1589], [107.9827, -7.1589]], [[107.9827, -7.1589], [107.9827, -7.1589]], [[107.9828, -7.1589], [107.9827, -7.1589]], [[107.9828, -7.1589], [107.9827, -7.1589]], [[107.9828, -7.1589], [107.9828, -7.1589]], [[107.9828, -7.1589], [107.9828, -7.1589]], [[107.9828, -7.1588], [107.9828, -7.1589]], [[107.9828, -7.1588], [107.9828, -7.1589]], [[107.9828, -7.1588], [107.9828, -7.1588]], [[107.9828, -7.1588], [107.9828, -7.1588]], [[107.9829, -7.1588], [107.9828, -7.1588]], [[107.9829, -7.1588], [107.9828, -7.1588]], [[107.9829, -7.1588], [107.9829, -7.1588]], [[107.9829, -7.1588], [107.9829, -7.1588]], [[107.9829, -7.1588], [107.9829, -7.1588]], [[107.9829, -7.1588], [107.9829, -7.1588]], [[107.9829, -7.1587], [107.9829, -7.1588]], [[107.9829, -7.1587], [107.9829, -7.1588]], [[107.983, -7.1587], [107.9829, -7.1587]], [[107.983, -7.1587], [107.9829, -7.1587]], [[107.983, -7.1587], [107.983, -7.1587]], [[107.983, -7.1587], [107.983, -7.1587]], [[107.983, -7.1587], [107.983, -7.1587]], [[107.983, -7.1587], [107.983, -7.1587]], [[107.9831, -7.1587], [107.983, -7.1587]], [[107.9831, -7.1587], [107.983, -7.1587]], [[107.9831, -7.1586], [107.9831, -7.1587]], [[107.9831, -7.1586], [107.9831, -7.1587]], [[107.9831, -7.1586], [107.9831, -7.1586]], [[107.9831, -7.1586], [107.9831, -7.1586]], [[107.9831, -7.1586], [107.9831, -7.1586]], [[107.9831, -7.1586], [107.9831, -7.1586]], [[107.9832, -7.1586], [107.9831, -7.1586]], [[107.9832, -7.1586], [107.9831, -7.1586]], [[107.9832, -7.1586], [107.9832, -7.1586]], [[107.9832, -7.1586], [107.9832, -7.1586]], [[107.9832, -7.1586], [107.9832, -7.1586]], [[107.9832, -7.1586], [107.9832, -7.1586]], [[107.9833, -7.1585], [107.9832, -7.1586]], [[107.9833, -7.1585], [107.9832, -7.1586]], [[107.9833, -7.1585], [107.9833, -7.1585]], [[107.9833, -7.1585], [107.9833, -7.1585]], [[107.9833, -7.1585], [107.9833, -7.1585]], [[107.9833, -7.1585], [107.9833, -7.1585]], [[107.9834, -7.1585], [107.9833, -7.1585]], [[107.9834, -7.1585], [107.9833, -7.1585]], [[107.9834, -7.1585], [107.9834, -7.1585]], [[107.9834, -7.1585], [107.9834, -7.1585]], [[107.9834, -7.1585], [107.9834, -7.1585]], [[107.9835, -7.1584], [107.9834, -7.1585]], [[107.9835, -7.1584], [107.9834, -7.1585]], [[107.9835, -7.1584], [107.9835, -7.1584]], [[107.9835, -7.1584], [107.9835, -7.1584]], [[107.9835, -7.1584], [107.9835, -7.1584]], [[107.9835, -7.1584], [107.9835, -7.1584]], [[107.9836, -7.1584], [107.9835, -7.1584]], [[107.9836, -7.1584], [107.9835, -7.1584]], [[107.9836, -7.1584], [107.9836, -7.1584]], [[107.9836, -7.1584], [107.9836, -7.1584]], [[107.9836, -7.1584], [107.9836, -7.1584]], [[107.9836, -7.1584], [107.9836, -7.1584]], [[107.9836, -7.1583], [107.9836, -7.1584]], [[107.9836, -7.1583], [107.9836, -7.1584]], [[107.9837, -7.1583], [107.9836, -7.1583]], [[107.9837, -7.1583], [107.9836, -7.1583]], [[107.9869, -7.1583], [107.9869, -7.1583]], [[107.9869, -7.1583], [107.9869, -7.1583]], [[107.987, -7.1583], [107.9869, -7.1583]], [[107.987, -7.1583], [107.9869, -7.1583]], [[107.9837, -7.1583], [107.9837, -7.1583]], [[107.9837, -7.1583], [107.9837, -7.1583]], [[107.987, -7.1583], [107.987, -7.1583]], [[107.987, -7.1583], [107.987, -7.1583]], [[107.9869, -7.1583], [107.9869, -7.1583]], [[107.9869, -7.1583], [107.9869, -7.1583]], [[107.9871, -7.1583], [107.987, -7.1583]], [[107.9871, -7.1583], [107.987, -7.1583]], [[107.9869, -7.1583], [107.9869, -7.1583]], [[107.9869, -7.1583], [107.9869, -7.1583]], [[107.9837, -7.1583], [107.9837, -7.1583]], [[107.9837, -7.1583], [107.9837, -7.1583]], [[107.9871, -7.1583], [107.9871, -7.1583]], [[107.9871, -7.1583], [107.9871, -7.1583]], [[107.9869, -7.1583], [107.9868, -7.1582]], [[107.9869, -7.1583], [107.9868, -7.1582]], [[107.9871, -7.1583], [107.9871, -7.1583]], [[107.9871, -7.1583], [107.9871, -7.1583]], [[107.9838, -7.1583], [107.9837, -7.1583]], [[107.9838, -7.1583], [107.9837, -7.1583]], [[107.9871, -7.1582], [107.9871, -7.1583]], [[107.9871, -7.1582], [107.9871, -7.1583]], [[107.9868, -7.1582], [107.9868, -7.1582]], [[107.9868, -7.1582], [107.9868, -7.1582]], [[107.9838, -7.1583], [107.9838, -7.1583]], [[107.9838, -7.1583], [107.9838, -7.1583]], [[107.9872, -7.1582], [107.9871, -7.1582]], [[107.9872, -7.1582], [107.9871, -7.1582]], [[107.9868, -7.1582], [107.9868, -7.1582]], [[107.9868, -7.1582], [107.9868, -7.1582]], [[107.9838, -7.1582], [107.9838, -7.1583]], [[107.9838, -7.1582], [107.9838, -7.1583]], [[107.9872, -7.1582], [107.9872, -7.1582]], [[107.9872, -7.1582], [107.9872, -7.1582]], [[107.9838, -7.1582], [107.9838, -7.1582]], [[107.9838, -7.1582], [107.9838, -7.1582]], [[107.9868, -7.1582], [107.9868, -7.1582]], [[107.9868, -7.1582], [107.9868, -7.1582]], [[107.9872, -7.1582], [107.9872, -7.1582]], [[107.9872, -7.1582], [107.9872, -7.1582]], [[107.9839, -7.1582], [107.9838, -7.1582]], [[107.9839, -7.1582], [107.9838, -7.1582]], [[107.9873, -7.1582], [107.9872, -7.1582]], [[107.9873, -7.1582], [107.9872, -7.1582]], [[107.9868, -7.1582], [107.9867, -7.1581]], [[107.9868, -7.1582], [107.9867, -7.1581]], [[107.9839, -7.1582], [107.9839, -7.1582]], [[107.9839, -7.1582], [107.9839, -7.1582]], [[107.9873, -7.1581], [107.9873, -7.1582]], [[107.9873, -7.1581], [107.9873, -7.1582]], [[107.9839, -7.1582], [107.9839, -7.1582]], [[107.9839, -7.1582], [107.9839, -7.1582]], [[107.9867, -7.1581], [107.9867, -7.1581]], [[107.9867, -7.1581], [107.9867, -7.1581]], [[107.984, -7.1581], [107.9839, -7.1582]], [[107.984, -7.1581], [107.9839, -7.1582]], [[107.9874, -7.1581], [107.9873, -7.1581]], [[107.984, -7.1581], [107.984, -7.1581]], [[107.984, -7.1581], [107.984, -7.1581]], [[107.9867, -7.1581], [107.9867, -7.1581]], [[107.9867, -7.1581], [107.9867, -7.1581]], [[107.9874, -7.1581], [107.9874, -7.1581]], [[107.9874, -7.1581], [107.9874, -7.1581]], [[107.984, -7.1581], [107.984, -7.1581]], [[107.984, -7.1581], [107.984, -7.1581]], [[107.9874, -7.1581], [107.9874, -7.1581]], [[107.9874, -7.1581], [107.9874, -7.1581]], [[107.984, -7.1581], [107.984, -7.1581]], [[107.984, -7.1581], [107.984, -7.1581]], [[107.9875, -7.1581], [107.9874, -7.1581]], [[107.9875, -7.1581], [107.9874, -7.1581]], [[107.9867, -7.1581], [107.9867, -7.158]], [[107.9867, -7.1581], [107.9867, -7.158]], [[107.9841, -7.1581], [107.984, -7.1581]], [[107.9841, -7.1581], [107.984, -7.1581]], [[107.9875, -7.158], [107.9875, -7.1581]], [[107.9875, -7.158], [107.9875, -7.1581]], [[107.9841, -7.1581], [107.9841, -7.1581]], [[107.9841, -7.1581], [107.9841, -7.1581]], [[107.9875, -7.158], [107.9875, -7.158]], [[107.9875, -7.158], [107.9875, -7.158]], [[107.9867, -7.158], [107.9866, -7.158]], [[107.9867, -7.158], [107.9866, -7.158]], [[107.9841, -7.158], [107.9841, -7.1581]], [[107.9841, -7.158], [107.9841, -7.1581]], [[107.9875, -7.158], [107.9875, -7.158]], [[107.9875, -7.158], [107.9875, -7.158]], [[107.9841, -7.158], [107.9841, -7.158]], [[107.9841, -7.158], [107.9841, -7.158]], [[107.9876, -7.158], [107.9875, -7.158]], [[107.9876, -7.158], [107.9875, -7.158]], [[107.9866, -7.158], [107.9866, -7.158]], [[107.9866, -7.158], [107.9866, -7.158]], [[107.9876, -7.158], [107.9876, -7.158]], [[107.9876, -7.158], [107.9876, -7.158]], [[107.9842, -7.158], [107.9841, -7.158]], [[107.9842, -7.158], [107.9841, -7.158]], [[107.9876, -7.158], [107.9876, -7.158]], [[107.9876, -7.158], [107.9876, -7.158]], [[107.9866, -7.158], [107.9866, -7.1579]], [[107.9866, -7.158], [107.9866, -7.1579]], [[107.9842, -7.158], [107.9842, -7.158]], [[107.9842, -7.158], [107.9842, -7.158]], [[107.9877, -7.1579], [107.9876, -7.158]], [[107.9877, -7.1579], [107.9876, -7.158]], [[107.9842, -7.158], [107.9842, -7.158]], [[107.9842, -7.158], [107.9842, -7.158]], [[107.9877, -7.1579], [107.9877, -7.1579]], [[107.9877, -7.1579], [107.9877, -7.1579]], [[107.9866, -7.1579], [107.9866, -7.1579]], [[107.9866, -7.1579], [107.9866, -7.1579]], [[107.9877, -7.1579], [107.9877, -7.1579]], [[107.9877, -7.1579], [107.9877, -7.1579]], [[107.9842, -7.1579], [107.9842, -7.158]], [[107.9842, -7.1579], [107.9842, -7.158]], [[107.9877, -7.1579], [107.9877, -7.1579]], [[107.9877, -7.1579], [107.9877, -7.1579]], [[107.9866, -7.1579], [107.9866, -7.1579]], [[107.9866, -7.1579], [107.9866, -7.1579]], [[107.9843, -7.1579], [107.9842, -7.1579]], [[107.9843, -7.1579], [107.9842, -7.1579]], [[107.9878, -7.1579], [107.9877, -7.1579]], [[107.9878, -7.1579], [107.9877, -7.1579]], [[107.9843, -7.1579], [107.9843, -7.1579]], [[107.9843, -7.1579], [107.9843, -7.1579]], [[107.9866, -7.1579], [107.9866, -7.1579]], [[107.9866, -7.1579], [107.9866, -7.1579]], [[107.9878, -7.1579], [107.9878, -7.1579]], [[107.9878, -7.1579], [107.9878, -7.1579]], [[107.9878, -7.1579], [107.9878, -7.1579]], [[107.9878, -7.1579], [107.9878, -7.1579]], [[107.9843, -7.1579], [107.9843, -7.1579]], [[107.9843, -7.1579], [107.9843, -7.1579]], [[107.9866, -7.1579], [107.9865, -7.1578]], [[107.9866, -7.1579], [107.9865, -7.1578]], [[107.9879, -7.1578], [107.9878, -7.1579]], [[107.9879, -7.1578], [107.9878, -7.1579]], [[107.9843, -7.1579], [107.9843, -7.1579]], [[107.9843, -7.1579], [107.9843, -7.1579]], [[107.9879, -7.1578], [107.9879, -7.1578]], [[107.9879, -7.1578], [107.9879, -7.1578]], [[107.9865, -7.1578], [107.9865, -7.1578]], [[107.9865, -7.1578], [107.9865, -7.1578]], [[107.9879, -7.1578], [107.9879, -7.1578]], [[107.9879, -7.1578], [107.9879, -7.1578]], [[107.9844, -7.1578], [107.9843, -7.1579]], [[107.9844, -7.1578], [107.9843, -7.1578], [107.9843, -7.1579]], [[107.988, -7.1578], [107.9879, -7.1578]], [[107.988, -7.1578], [107.9879, -7.1578]], [[107.988, -7.1578], [107.988, -7.1578]], [[107.988, -7.1578], [107.988, -7.1578]], [[107.9865, -7.1578], [107.9865, -7.1578]], [[107.9865, -7.1578], [107.9865, -7.1578]], [[107.9844, -7.1578], [107.9844, -7.1578]], [[107.9844, -7.1578], [107.9844, -7.1578]], [[107.988, -7.1578], [107.988, -7.1578]], [[107.988, -7.1578], [107.988, -7.1578]], [[107.9844, -7.1578], [107.9844, -7.1578]], [[107.9844, -7.1578], [107.9844, -7.1578]], [[107.9865, -7.1578], [107.9865, -7.1577]], [[107.9865, -7.1578], [107.9865, -7.1577]], [[107.9881, -7.1578], [107.988, -7.1578]], [[107.9881, -7.1578], [107.988, -7.1578]], [[107.9881, -7.1578], [107.9881, -7.1578]], [[107.9881, -7.1577], [107.9881, -7.1578]], [[107.9881, -7.1577], [107.9881, -7.1578]], [[107.9844, -7.1578], [107.9844, -7.1578]], [[107.9844, -7.1578], [107.9844, -7.1578]], [[107.9865, -7.1577], [107.9865, -7.1577]], [[107.9865, -7.1577], [107.9865, -7.1577]], [[107.9881, -7.1577], [107.9881, -7.1577]], [[107.9881, -7.1577], [107.9881, -7.1577]], [[107.9845, -7.1577], [107.9844, -7.1578]], [[107.9845, -7.1577], [107.9844, -7.1578]], [[107.9882, -7.1577], [107.9881, -7.1577]], [[107.9882, -7.1577], [107.9881, -7.1577]], [[107.9865, -7.1577], [107.9864, -7.1577]], [[107.9865, -7.1577], [107.9864, -7.1577]], [[107.9882, -7.1577], [107.9882, -7.1577]], [[107.9882, -7.1577], [107.9882, -7.1577]], [[107.9845, -7.1577], [107.9845, -7.1577]], [[107.9845, -7.1577], [107.9845, -7.1577]], [[107.9882, -7.1577], [107.9882, -7.1577]], [[107.9882, -7.1577], [107.9882, -7.1577]], [[107.9864, -7.1577], [107.9864, -7.1577]], [[107.9864, -7.1577], [107.9864, -7.1577]], [[107.9845, -7.1577], [107.9845, -7.1577]], [[107.9845, -7.1577], [107.9845, -7.1577]], [[107.9883, -7.1577], [107.9882, -7.1577]], [[107.9883, -7.1577], [107.9882, -7.1577]], [[107.9864, -7.1577], [107.9864, -7.1576]], [[107.9864, -7.1577], [107.9864, -7.1576]], [[107.9883, -7.1577], [107.9883, -7.1577]], [[107.9883, -7.1577], [107.9883, -7.1577]], [[107.9845, -7.1577], [107.9845, -7.1577]], [[107.9845, -7.1577], [107.9845, -7.1577]], [[107.9883, -7.1576], [107.9883, -7.1577]], [[107.9883, -7.1576], [107.9883, -7.1577]], [[107.9864, -7.1576], [107.9864, -7.1576]], [[107.9864, -7.1576], [107.9864, -7.1576]], [[107.9845, -7.1577], [107.9845, -7.1577]], [[107.9845, -7.1577], [107.9845, -7.1577]], [[107.9884, -7.1576], [107.9883, -7.1576]], [[107.9884, -7.1576], [107.9883, -7.1576]], [[107.9846, -7.1576], [107.9845, -7.1577]], [[107.9846, -7.1576], [107.9845, -7.1577]], [[107.9864, -7.1576], [107.9864, -7.1576]], [[107.9864, -7.1576], [107.9864, -7.1576]], [[107.9884, -7.1576], [107.9884, -7.1576]], [[107.9884, -7.1576], [107.9884, -7.1576]], [[107.9846, -7.1576], [107.9846, -7.1576]], [[107.9846, -7.1576], [107.9846, -7.1576]], [[107.9864, -7.1576], [107.9863, -7.1576]], [[107.9864, -7.1576], [107.9863, -7.1576]], [[107.9884, -7.1576], [107.9884, -7.1576]], [[107.9884, -7.1576], [107.9884, -7.1576]], [[107.9846, -7.1576], [107.9846, -7.1576]], [[107.9846, -7.1576], [107.9846, -7.1576]], [[107.9863, -7.1576], [107.9863, -7.1576]], [[107.9863, -7.1576], [107.9863, -7.1576]], [[107.9884, -7.1576], [107.9884, -7.1576]], [[107.9884, -7.1576], [107.9884, -7.1576]], [[107.9846, -7.1576], [107.9846, -7.1576]], [[107.9846, -7.1576], [107.9846, -7.1576]], [[107.9863, -7.1576], [107.9863, -7.1575]], [[107.9863, -7.1576], [107.9863, -7.1575]], [[107.9884, -7.1575], [107.9884, -7.1576]], [[107.9884, -7.1575], [107.9884, -7.1576]], [[107.9847, -7.1575], [107.9846, -7.1576]], [[107.9847, -7.1575], [107.9847, -7.1576], [107.9846, -7.1576]], [[107.9863, -7.1575], [107.9863, -7.1575]], [[107.9863, -7.1575], [107.9863, -7.1575]], [[107.9847, -7.1575], [107.9847, -7.1575]], [[107.9847, -7.1575], [107.9847, -7.1575]], [[107.9885, -7.1575], [107.9884, -7.1575]], [[107.9885, -7.1575], [107.9884, -7.1575]], [[107.9863, -7.1575], [107.9863, -7.1575]], [[107.9863, -7.1575], [107.9863, -7.1575]], [[107.9847, -7.1575], [107.9847, -7.1575]], [[107.9847, -7.1575], [107.9847, -7.1575]], [[107.9863, -7.1575], [107.9862, -7.1575]], [[107.9863, -7.1575], [107.9862, -7.1575]], [[107.9885, -7.1575], [107.9885, -7.1575]], [[107.9885, -7.1575], [107.9885, -7.1575]], [[107.9862, -7.1575], [107.9862, -7.1574]], [[107.9862, -7.1575], [107.9862, -7.1574]], [[107.9885, -7.1574], [107.9885, -7.1575]], [[107.9885, -7.1574], [107.9885, -7.1575]], [[107.9862, -7.1574], [107.9862, -7.1574]], [[107.9862, -7.1574], [107.9862, -7.1574]], [[107.9885, -7.1574], [107.9885, -7.1574]], [[107.9885, -7.1574], [107.9885, -7.1574]], [[107.9862, -7.1574], [107.9862, -7.1574]], [[107.9862, -7.1574], [107.9862, -7.1574]], [[107.9885, -7.1574], [107.9885, -7.1574]], [[107.9885, -7.1574], [107.9885, -7.1574]], [[107.9862, -7.1574], [107.9862, -7.1574]], [[107.9862, -7.1574], [107.9862, -7.1574]], [[107.9862, -7.1574], [107.9861, -7.1573]], [[107.9862, -7.1574], [107.9861, -7.1573]], [[107.9885, -7.1573], [107.9885, -7.1574]], [[107.9885, -7.1573], [107.9885, -7.1574]], [[107.9861, -7.1573], [107.9861, -7.1573]], [[107.9861, -7.1573], [107.9861, -7.1573]], [[107.9885, -7.1573], [107.9885, -7.1573]], [[107.9885, -7.1573], [107.9885, -7.1573]], [[107.9861, -7.1573], [107.9861, -7.1573]], [[107.9861, -7.1573], [107.9861, -7.1573]], [[107.9886, -7.1573], [107.9885, -7.1573]], [[107.9886, -7.1573], [107.9885, -7.1573]], [[107.9861, -7.1573], [107.9861, -7.1573]], [[107.9861, -7.1573], [107.9861, -7.1573]], [[107.985, -7.1573], [107.9849, -7.1573], [107.9848, -7.1575], [107.9847, -7.1575]], [[107.9861, -7.1573], [107.986, -7.1572]], [[107.9861, -7.1573], [107.986, -7.1572]], [[107.9886, -7.1573], [107.9886, -7.1573]], [[107.9886, -7.1573], [107.9886, -7.1573]], [[107.986, -7.1572], [107.986, -7.1572]], [[107.986, -7.1572], [107.986, -7.1572]], [[107.985, -7.1573], [107.985, -7.1573]], [[107.985, -7.1573], [107.985, -7.1573]], [[107.9886, -7.1572], [107.9886, -7.1573]], [[107.9886, -7.1572], [107.9886, -7.1573]], [[107.986, -7.1572], [107.986, -7.1572]], [[107.986, -7.1572], [107.986, -7.1572]], [[107.985, -7.1572], [107.985, -7.1573]], [[107.985, -7.1572], [107.985, -7.1573]], [[107.9886, -7.1572], [107.9886, -7.1572]], [[107.9886, -7.1572], [107.9886, -7.1572]], [[107.986, -7.1572], [107.986, -7.1572]], [[107.986, -7.1572], [107.986, -7.1572]], [[107.985, -7.1572], [107.985, -7.1572]], [[107.985, -7.1572], [107.985, -7.1572]], [[107.986, -7.1572], [107.9859, -7.1572]], [[107.986, -7.1572], [107.9859, -7.1572]], [[107.9851, -7.1572], [107.985, -7.1572]], [[107.9851, -7.1572], [107.985, -7.1572]], [[107.9886, -7.1571], [107.9886, -7.1572]], [[107.9886, -7.1571], [107.9886, -7.1572]], [[107.9886, -7.1571], [107.9886, -7.1568], [107.9887, -7.1568], [107.9887, -7.1566], [107.9889, -7.1565], [107.989, -7.1563], [107.9893, -7.1563], [107.9893, -7.1562], [107.9895, -7.1562], [107.9895, -7.1561], [107.9896, -7.1561], [107.9896, -7.1559], [107.9897, -7.1558], [107.9897, -7.1544], [107.9898, -7.1544], [107.9898, -7.1542], [107.9899, -7.1542], [107.9899, -7.154], [107.9901, -7.1538], [107.9905, -7.1536], [107.9907, -7.1536], [107.9913, -7.1533], [107.9915, -7.1533]], [[107.9859, -7.1572], [107.9859, -7.1571]], [[107.9859, -7.1572], [107.9859, -7.1571]], [[107.9851, -7.1572], [107.9851, -7.1572]], [[107.9851, -7.1572], [107.9851, -7.1572]], [[107.9859, -7.1571], [107.9859, -7.1571]], [[107.9859, -7.1571], [107.9859, -7.1571]], [[107.9851, -7.1571], [107.9851, -7.1572]], [[107.9851, -7.1571], [107.9851, -7.1572]], [[107.9851, -7.1571], [107.9851, -7.1571]], [[107.9851, -7.1571], [107.9851, -7.1571]], [[107.9859, -7.1571], [107.9859, -7.1571]], [[107.9859, -7.1571], [107.9859, -7.1571]], [[107.9852, -7.1571], [107.9851, -7.1571]], [[107.9852, -7.1571], [107.9851, -7.1571]], [[107.9859, -7.1571], [107.9858, -7.1571]], [[107.9859, -7.1571], [107.9858, -7.1571]], [[107.9852, -7.1571], [107.9852, -7.1571]], [[107.9852, -7.1571], [107.9852, -7.1571]], [[107.9858, -7.1571], [107.9858, -7.157]], [[107.9858, -7.1571], [107.9858, -7.157]], [[107.9852, -7.157], [107.9852, -7.1571]], [[107.9852, -7.157], [107.9852, -7.1571]], [[107.9858, -7.157], [107.9858, -7.157]], [[107.9858, -7.157], [107.9858, -7.157]], [[107.9852, -7.157], [107.9852, -7.157]], [[107.9852, -7.157], [107.9852, -7.157]], [[107.9858, -7.157], [107.9858, -7.157]], [[107.9858, -7.157], [107.9858, -7.157]], [[107.9853, -7.157], [107.9852, -7.157]], [[107.9853, -7.157], [107.9852, -7.157]], [[107.9858, -7.157], [107.9857, -7.157]], [[107.9858, -7.157], [107.9857, -7.157]], [[107.9853, -7.157], [107.9853, -7.157]], [[107.9853, -7.157], [107.9853, -7.157]], [[107.9857, -7.157], [107.9857, -7.1569]], [[107.9857, -7.157], [107.9857, -7.1569]], [[107.9853, -7.1569], [107.9853, -7.157]], [[107.9853, -7.1569], [107.9853, -7.157]], [[107.9857, -7.1569], [107.9857, -7.1569]], [[107.9857, -7.1569], [107.9857, -7.1569]], [[107.9853, -7.1569], [107.9853, -7.1569]], [[107.9853, -7.1569], [107.9853, -7.1569]], [[107.9857, -7.1569], [107.9857, -7.1569]], [[107.9857, -7.1569], [107.9857, -7.1569]], [[107.9854, -7.1569], [107.9853, -7.1569]], [[107.9854, -7.1569], [107.9853, -7.1569]], [[107.9854, -7.1569], [107.9854, -7.1569]], [[107.9854, -7.1569], [107.9854, -7.1569]], [[107.9857, -7.1569], [107.9856, -7.1569]], [[107.9857, -7.1569], [107.9856, -7.1569]], [[107.9856, -7.1569], [107.9856, -7.1568]], [[107.9856, -7.1569], [107.9856, -7.1568]], [[107.9854, -7.1569], [107.9854, -7.1569]], [[107.9854, -7.1569], [107.9854, -7.1569]], [[107.9856, -7.1568], [107.9856, -7.1568]], [[107.9856, -7.1568], [107.9856, -7.1568]], [[107.9854, -7.1568], [107.9854, -7.1569]], [[107.9854, -7.1568], [107.9854, -7.1569]], [[107.9856, -7.1568], [107.9855, -7.1568]], [[107.9856, -7.1568], [107.9855, -7.1568]], [[107.9855, -7.1568], [107.9854, -7.1568]], [[107.9855, -7.1568], [107.9854, -7.1568]], [[107.9855, -7.1568], [107.9855, -7.1568]], [[107.9855, -7.1568], [107.9855, -7.1568]], [[107.9855, -7.1568], [107.9855, -7.1568]], [[107.9855, -7.1568], [107.9855, -7.1568]], [[107.9915, -7.1533], [107.9915, -7.1533]], [[107.9915, -7.1533], [107.9916, -7.1533]], [[107.9915, -7.1533], [107.9916, -7.1533]], [[107.9916, -7.1533], [107.9916, -7.1532]], [[107.9916, -7.1533], [107.9916, -7.1532]], [[107.9916, -7.1532], [107.9917, -7.1532]], [[107.9916, -7.1532], [107.9917, -7.1532]], [[107.9917, -7.1532], [107.9917, -7.1532]], [[107.9917, -7.1532], [107.9917, -7.1532]], [[107.9917, -7.1532], [107.9917, -7.1532]], [[107.9917, -7.1532], [107.9917, -7.1532]], [[107.9917, -7.1532], [107.9918, -7.1532]], [[107.9917, -7.1532], [107.9918, -7.1532]], [[107.9918, -7.1532], [107.9918, -7.1532]], [[107.9918, -7.1532], [107.9918, -7.1532]], [[107.9918, -7.1532], [107.9919, -7.1532]], [[107.9918, -7.1532], [107.9919, -7.1532]], [[107.9919, -7.1532], [107.9919, -7.1532]], [[107.9919, -7.1532], [107.9919, -7.1532]], [[107.9919, -7.1532], [107.9919, -7.1532]], [[107.9919, -7.1532], [107.9919, -7.1532]], [[107.9919, -7.1532], [107.992, -7.1532]], [[107.9919, -7.1532], [107.992, -7.1532]], [[107.992, -7.1532], [107.992, -7.1532]], [[107.992, -7.1532], [107.992, -7.1532]], [[107.992, -7.1532], [107.992, -7.1532]], [[107.992, -7.1532], [107.9921, -7.1532]], [[107.992, -7.1532], [107.9921, -7.1532]], [[107.9921, -7.1532], [107.9921, -7.1532]], [[107.9921, -7.1532], [107.9921, -7.1532]], [[107.9921, -7.1532], [107.9922, -7.1532]], [[107.9921, -7.1532], [107.9922, -7.1532]], [[107.9922, -7.1532], [107.9922, -7.1532]], [[107.9922, -7.1532], [107.9922, -7.1532]], [[107.9922, -7.1532], [107.9922, -7.1532]], [[107.9922, -7.1532], [107.9922, -7.1532]], [[107.9922, -7.1532], [107.9923, -7.1532]], [[107.9922, -7.1532], [107.9923, -7.1532]], [[107.9923, -7.1532], [107.9923, -7.1532]], [[107.9923, -7.1532], [107.9923, -7.1532]], [[107.9923, -7.1532], [107.9924, -7.1532]], [[107.9923, -7.1532], [107.9924, -7.1532]], [[107.9924, -7.1532], [107.9924, -7.1532]], [[107.9924, -7.1532], [107.9924, -7.1532]], [[107.9924, -7.1532], [107.9924, -7.1531]], [[107.9924, -7.1532], [107.9924, -7.1531]], [[107.9924, -7.1531], [107.9925, -7.1531]], [[107.9924, -7.1531], [107.9925, -7.1531]], [[107.9925, -7.1531], [107.9925, -7.1531]], [[107.9925, -7.1531], [107.9925, -7.1531]], [[107.9925, -7.1531], [107.9926, -7.1531]], [[107.9925, -7.1531], [107.9926, -7.1531]], [[107.9926, -7.1531], [107.9926, -7.1531]], [[107.9926, -7.1531], [107.9926, -7.1531]], [[107.9926, -7.1531], [107.9926, -7.1531]], [[107.9926, -7.1531], [107.9926, -7.1531]], [[107.9926, -7.1531], [107.9927, -7.1531]], [[107.9926, -7.1531], [107.9927, -7.1531]], [[107.9927, -7.1531], [107.9927, -7.1531]], [[107.9927, -7.1531], [107.9927, -7.1531]], [[107.9927, -7.1531], [107.9928, -7.153]], [[107.9927, -7.1531], [107.9928, -7.153]], [[107.9928, -7.153], [107.9928, -7.153]], [[107.9928, -7.153], [107.9928, -7.153]], [[107.9928, -7.153], [107.9928, -7.153]], [[107.9928, -7.153], [107.9928, -7.153]], [[107.9928, -7.153], [107.9929, -7.153]], [[107.9928, -7.153], [107.9929, -7.153]], [[107.9929, -7.153], [107.9929, -7.153]], [[107.9929, -7.153], [107.9929, -7.153]], [[107.9929, -7.153], [107.9929, -7.153]], [[107.9929, -7.153], [107.9929, -7.153]], [[107.9929, -7.153], [107.993, -7.1529]], [[107.9929, -7.153], [107.993, -7.1529]], [[107.993, -7.1529], [107.993, -7.1529]], [[107.993, -7.1529], [107.993, -7.1529]], [[107.993, -7.1529], [107.9931, -7.1529]], [[107.993, -7.1529], [107.9931, -7.1529]], [[107.9931, -7.1529], [107.9931, -7.1529]], [[107.9931, -7.1529], [107.9931, -7.1529]], [[107.9931, -7.1529], [107.9931, -7.1529]], [[107.9931, -7.1529], [107.9931, -7.1529]], [[107.9931, -7.1529], [107.9932, -7.1528]], [[107.9931, -7.1529], [107.9932, -7.1528]], [[107.9932, -7.1528], [107.9932, -7.1528]], [[107.9932, -7.1528], [107.9932, -7.1528]], [[107.9932, -7.1528], [107.9932, -7.1528]], [[107.9932, -7.1528], [107.9932, -7.1528]], [[107.9932, -7.1528], [107.9933, -7.1528]], [[107.9932, -7.1528], [107.9933, -7.1528]], [[107.9933, -7.1528], [107.9933, -7.1528]], [[107.9933, -7.1528], [107.9933, -7.1528]], [[107.9933, -7.1528], [107.9933, -7.1527]], [[107.9933, -7.1528], [107.9933, -7.1527]], [[107.9933, -7.1527], [107.9933, -7.1527]], [[107.9933, -7.1527], [107.9933, -7.1527]], [[107.9933, -7.1527], [107.9934, -7.1527]], [[107.9933, -7.1527], [107.9934, -7.1527]], [[107.9934, -7.1527], [107.9934, -7.1527]], [[107.9934, -7.1527], [107.9934, -7.1527]], [[107.9934, -7.1527], [107.9934, -7.1526]], [[107.9934, -7.1527], [107.9934, -7.1526]], [[107.9934, -7.1526], [107.9935, -7.1526]], [[107.9934, -7.1526], [107.9935, -7.1526]], [[107.9935, -7.1526], [107.9935, -7.1526]], [[107.9935, -7.1526], [107.9935, -7.1526]], [[107.9935, -7.1526], [107.9935, -7.1526]], [[107.9935, -7.1526], [107.9935, -7.1526]], [[107.9935, -7.1526], [107.9936, -7.1525]], [[107.9935, -7.1526], [107.9936, -7.1525]], [[107.9936, -7.1525], [107.9936, -7.1525]], [[107.9936, -7.1525], [107.9936, -7.1525]], [[107.9936, -7.1525], [107.9936, -7.1525]], [[107.9936, -7.1525], [107.9936, -7.1525]], [[107.9936, -7.1525], [107.9937, -7.1525]], [[107.9936, -7.1525], [107.9937, -7.1525]], [[107.9937, -7.1525], [107.9937, -7.1524]], [[107.9937, -7.1525], [107.9937, -7.1524]], [[107.9937, -7.1524], [107.9939, -7.1523]], [[107.9939, -7.1523], [107.994, -7.1522]], [[107.9939, -7.1523], [107.994, -7.1522]], [[107.994, -7.1522], [107.994, -7.1522]], [[107.994, -7.1522], [107.994, -7.1522]], [[107.994, -7.1522], [107.994, -7.1522]], [[107.994, -7.1522], [107.994, -7.1522]], [[107.994, -7.1522], [107.9941, -7.1522], [107.9941, -7.1521]], [[107.994, -7.1522], [107.9941, -7.1521]], [[107.9941, -7.1521], [107.9941, -7.1521]], [[107.9941, -7.1521], [107.9941, -7.1521]], [[107.9941, -7.1521], [107.9941, -7.1521]], [[107.9941, -7.1521], [107.9941, -7.1521]], [[107.9941, -7.1521], [107.9942, -7.1521]], [[107.9941, -7.1521], [107.9942, -7.1521]], [[107.9942, -7.1521], [107.9942, -7.152]], [[107.9942, -7.1521], [107.9942, -7.152]], [[107.9942, -7.152], [107.9942, -7.152]], [[107.9942, -7.152], [107.9942, -7.152]], [[107.9942, -7.152], [107.9943, -7.152]], [[107.9942, -7.152], [107.9943, -7.152]], [[107.9943, -7.152], [107.9943, -7.152]], [[107.9943, -7.152], [107.9943, -7.152]], [[107.9943, -7.152], [107.9943, -7.152]], [[107.9943, -7.152], [107.9943, -7.152]], [[107.9943, -7.152], [107.9943, -7.1519], [107.9944, -7.1519]], [[107.9943, -7.152], [107.9944, -7.1519]], [[107.9944, -7.1519], [107.9944, -7.1519]], [[107.9944, -7.1519], [107.9944, -7.1519]], [[107.9944, -7.1519], [107.9944, -7.1519]], [[107.9944, -7.1519], [107.9944, -7.1519]], [[107.9944, -7.1519], [107.9945, -7.1519]], [[107.9944, -7.1519], [107.9945, -7.1519]], [[107.9945, -7.1519], [107.9945, -7.1518]], [[107.9945, -7.1519], [107.9945, -7.1518]], [[107.9945, -7.1518], [107.9945, -7.1518]], [[107.9945, -7.1518], [107.9945, -7.1518]], [[107.9945, -7.1518], [107.9946, -7.1518]], [[107.9945, -7.1518], [107.9946, -7.1518]], [[107.9946, -7.1518], [107.9946, -7.1518]], [[107.9946, -7.1518], [107.9946, -7.1518]], [[107.9946, -7.1518], [107.9946, -7.1517]], [[107.9946, -7.1518], [107.9946, -7.1517]], [[107.9946, -7.1517], [107.9947, -7.1517]], [[107.9946, -7.1517], [107.9947, -7.1517]], [[107.9947, -7.1517], [107.9947, -7.1517]], [[107.9947, -7.1517], [107.9947, -7.1517]], [[107.9947, -7.1517], [107.9947, -7.1517]], [[107.9947, -7.1517], [107.9947, -7.1517]], [[107.9947, -7.1517], [107.9948, -7.1517]], [[107.9947, -7.1517], [107.9948, -7.1517]], [[107.9948, -7.1517], [107.9948, -7.1516], [107.9949, -7.1516], [107.9976, -7.1498], [107.9981, -7.1493], [107.9994, -7.1484], [107.9996, -7.1482], [107.9999, -7.1471], [108.0013, -7.1459], [108.0014, -7.1459], [108.0014, -7.1458], [108.0016, -7.1458], [108.0032, -7.1466], [108.004, -7.1465], [108.004, -7.1464], [108.0042, -7.1463], [108.0042, -7.1462], [108.0048, -7.1462], [108.0048, -7.1459]]]}, "properties": {"id": "SI Copong Kanan", "kode": "R001", "nama": "SI Copong Kanan", "jenis": "Primer"}}, {"type": "Feature", "geometry": {"type": "MultiLineString", "coordinates": [[[107.9869, -7.1555], [107.9865, -7.1554], [107.9865, -7.1553], [107.986, -7.1547], [107.9857, -7.1539], [107.9855, -7.1537], [107.9844, -7.1532], [107.9842, -7.1522], [107.984, -7.1518], [107.9838, -7.1518], [107.9836, -7.152], [107.9835, -7.152], [107.9835, -7.1521], [107.9833, -7.1523], [107.9827, -7.1522], [107.9823, -7.1528], [107.9821, -7.1528], [107.9823, -7.1523], [107.9823, -7.1521], [107.9832, -7.1501], [107.9825, -7.1495]], [[107.9825, -7.1495], [107.9813, -7.1486]], [[107.9825, -7.1495], [107.98, -7.1475], [107.9792, -7.1462], [107.9794, -7.1451]]]}, "properties": {"id": "CP.Ka.12 dan Suplesi Situ Sunarsa", "kode": "R002", "nama": "CP.Ka.12 dan Suplesi Situ Sunarsa", "jenis": "Tersier"}}, {"type": "Feature", "geometry": {"type": "MultiLineString", "coordinates": [[[107.9747, -7.1641], [107.9746, -7.164], [107.9746, -7.163], [107.9747, -7.1629], [107.9752, -7.1628], [107.9756, -7.1626]]]}, "properties": {"id": "CP.Ka.9.Ki", "kode": "R003", "nama": "CP.Ka.9.Ki", "jenis": "Tersier"}}, {"type": "Feature", "geometry": {"type": "MultiLineString", "coordinates": [[[107.9795, -7.1627], [107.9794, -7.1627], [107.9794, -7.1622], [107.9786, -7.1618], [107.9786, -7.1614], [107.9785, -7.1612], [107.9784, -7.1612], [107.9783, -7.1608], [107.9782, -7.1599], [107.9777, -7.1592], [107.9776, -7.1587]]]}, "properties": {"id": "CP.Ka.10.Ki", "kode": "R004", "nama": "CP.Ka.10.Ki", "jenis": "Tersier"}}, {"type": "Feature", "geometry": {"type": "MultiLineString", "coordinates": [[[107.9826, -7.159], [107.9826, -7.1587], [107.9828, -7.1585], [107.9828, -7.1575], [107.9823, -7.1563], [107.9821, -7.1561], [107.9818, -7.1555], [107.9818, -7.1552], [107.9812, -7.1548]]]}, "properties": {"id": "CP.Ka.12.Ki", "kode": "R005", "nama": "CP.Ka.12.Ki", "jenis": "Tersier"}}, {"type": "Feature", "geometry": {"type": "MultiLineString", "coordinates": [[[107.9823, -7.1594], [107.9819, -7.1589], [107.982, -7.1584], [107.9815, -7.1568], [107.9813, -7.1564], [107.9815, -7.1556], [107.9818, -7.1555]]]}, "properties": {"id": "CP.Ka.11.Ki", "kode": "R006", "nama": "CP.Ka.11.Ki", "jenis": "Tersier"}}, {"type": "Feature", "geometry": {"type": "MultiLineString", "coordinates": [[[107.9886, -7.1569], [107.9881, -7.1565], [107.9877, -7.1543], [107.9866, -7.1524], [107.9861, -7.1521]]]}, "properties": {"id": "CP.Ka.12.Ki (2)", "kode": "R007", "nama": "CP.Ka.12.Ki", "jenis": "Tersier"}}, {"type": "Feature", "geometry": {"type": "MultiLineString", "coordinates": [[[107.9974, -7.1499], [107.9974, -7.1498], [107.9971, -7.1497], [107.9965, -7.1489], [107.9964, -7.1484], [107.9959, -7.1482], [107.9959, -7.1481], [107.9957, -7.1481], [107.9956, -7.148], [107.9941, -7.1474], [107.9933, -7.1466], [107.9933, -7.1465], [107.9922, -7.146], [107.9913, -7.1452], [107.991, -7.1448], [107.9908, -7.1449], [107.9907, -7.1451], [107.9903, -7.1449], [107.9899, -7.1451], [107.9892, -7.1447], [107.9881, -7.1435], [107.9869, -7.1426], [107.9865, -7.1424], [107.9861, -7.1417]]]}, "properties": {"id": "CP.Ka.15b.Ki", "kode": "R008", "nama": "CP.Ka.15b.Ki", "jenis": "Tersier"}}, {"type": "Feature", "geometry": {"type": "MultiLineString", "coordinates": [[[107.9957, -7.1511], [107.9952, -7.1508], [107.9949, -7.1505], [107.9937, -7.1498], [107.9935, -7.1491], [107.9926, -7.1484], [107.9918, -7.1474], [107.9914, -7.1473], [107.9907, -7.1465], [107.9904, -7.1466]]]}, "properties": {"id": "CP.Ka.15a.Ki", "kode": "R009", "nama": "CP.Ka.15a.Ki", "jenis": "Tersier"}}, {"type": "Feature", "geometry": {"type": "MultiLineString", "coordinates": [[[108.0007, -7.1464], [108.0002, -7.146], [107.9996, -7.1451], [107.9992, -7.1448]]]}, "properties": {"id": "CP.Ka.17a.Ki", "kode": "R010", "nama": "CP.Ka.17a.Ki", "jenis": "Tersier"}}, {"type": "Feature", "geometry": {"type": "MultiLineString", "coordinates": [[[107.9978, -7.1496], [107.9978, -7.1495], [107.9974, -7.149], [107.9968, -7.1479], [107.9966, -7.1473], [107.9963, -7.1468], [107.9959, -7.1466], [107.9957, -7.1464], [107.9955, -7.1464], [107.9947, -7.1453], [107.9942, -7.145], [107.9932, -7.144], [107.993, -7.1437], [107.993, -7.1433], [107.9931, -7.1433], [107.9931, -7.1432], [107.993, -7.1432], [107.993, -7.143], [107.9926, -7.1426], [107.9919, -7.1422], [107.9916, -7.1419]]]}, "properties": {"id": "CP.Ka.16a.Ki", "kode": "R011", "nama": "CP.Ka.16a.Ki", "jenis": "Tersier"}}, {"type": "Feature", "geometry": {"type": "MultiLineString", "coordinates": [[[107.9995, -7.1482], [107.9994, -7.1477], [107.9991, -7.1475], [107.9991, -7.1472], [107.9985, -7.1464], [107.9981, -7.1461], [107.9973, -7.1457], [107.9965, -7.145], [107.9961, -7.1439], [107.9957, -7.1431], [107.9935, -7.1399]]]}, "properties": {"id": "CP.Ka.16.Ki", "kode": "R012", "nama": "CP.Ka.16.Ki", "jenis": "Tersier"}}, {"type": "Feature", "geometry": {"type": "MultiLineString", "coordinates": [[[108.0014, -7.1411], [108.0015, -7.1409], [108.0017, -7.1408], [108.0017, -7.1407], [108.0013, -7.1408], [108.0007, -7.1404], [108.0001, -7.1403], [107.9999, -7.1401], [107.9999, -7.1399]]]}, "properties": {"id": "CP.Ka.19.Ki", "kode": "R013", "nama": "CP.Ka.19.Ki", "jenis": "Tersier"}}, {"type": "Feature", "geometry": {"type": "MultiLineString", "coordinates": [[[107.9999, -7.1385], [107.9998, -7.1386], [107.9993, -7.1386], [107.9991, -7.1385], [107.9991, -7.1384], [107.999, -7.1384], [107.9988, -7.1377], [107.9983, -7.1375], [107.9979, -7.1375], [107.9979, -7.1374], [107.9977, -7.1374], [107.9977, -7.1372], [107.9976, -7.1372], [107.9977, -7.1362]]]}, "properties": {"id": "CP.Ka.20.Ki", "kode": "R014", "nama": "CP.Ka.20.Ki", "jenis": "Tersier"}}, {"type": "Feature", "geometry": {"type": "MultiLineString", "coordinates": [[[107.993, -7.1324], [107.9928, -7.1324], [107.9925, -7.1319], [107.9925, -7.1317], [107.9924, -7.1317], [107.9925, -7.1308], [107.9917, -7.1307], [107.9916, -7.1313], [107.9914, -7.1317], [107.9912, -7.1317], [107.9908, -7.1315], [107.9907, -7.1313], [107.9905, -7.1313], [107.9905, -7.1312], [107.9899, -7.1312], [107.9896, -7.1313], [107.989, -7.1318], [107.9888, -7.1318], [107.9888, -7.1317], [107.9886, -7.1316], [107.9886, -7.1315], [107.9884, -7.1313], [107.9883, -7.1299], [107.989, -7.129], [107.989, -7.1285], [107.9888, -7.1281], [107.9881, -7.1275], [107.9878, -7.1271], [107.9879, -7.126], [107.9877, -7.1257], [107.9873, -7.1256], [107.9873, -7.1255], [107.9869, -7.1251]], [[107.9869, -7.1251], [107.9867, -7.1243], [107.9864, -7.1237], [107.9863, -7.1237], [107.9864, -7.1231], [107.9863, -7.1229], [107.9862, -7.1229], [107.9861, -7.1227], [107.9859, -7.1226], [107.9859, -7.1223], [107.9858, -7.1222], [107.9858, -7.1221], [107.9859, -7.1221], [107.9859, -7.1215], [107.9858, -7.1215], [107.9857, -7.1207], [107.9846, -7.1207], [107.9843, -7.1206], [107.9831, -7.12], [107.9823, -7.1197], [107.982, -7.1192], [107.9823, -7.1178], [107.9822, -7.1178], [107.9821, -7.1176], [107.9814, -7.1171], [107.9814, -7.117], [107.9813, -7.117], [107.9813, -7.1166], [107.9814, -7.1166], [107.9814, -7.1165], [107.9816, -7.1164], [107.9819, -7.116], [107.9818, -7.1158]]]}, "properties": {"id": "SS Cipanas Kiara", "kode": "R015", "nama": "SS Cipanas Kiara", "jenis": "Sekunder"}}, {"type": "Feature", "geometry": {"type": "MultiLineString", "coordinates": [[[107.995, -7.1238], [107.9947, -7.1238], [107.994, -7.1245], [107.9937, -7.1243], [107.9935, -7.1245], [107.9936, -7.1246], [107.9931, -7.1249], [107.9922, -7.1248], [107.992, -7.1251], [107.9916, -7.1251], [107.9901, -7.1238], [107.99, -7.1233], [107.9895, -7.123], [107.9886, -7.1232], [107.9881, -7.1234], [107.9877, -7.1232], [107.9876, -7.1228], [107.9875, -7.1227], [107.9875, -7.1225], [107.9869, -7.1224], [107.9868, -7.1221]]]}, "properties": {"id": "TB.1.Ki", "kode": "R016", "nama": "TB.1.Ki", "jenis": "Tersier"}}, {"type": "Feature", "geometry": {"type": "MultiLineString", "coordinates": [[[107.995, -7.1178], [107.9946, -7.1177], [107.9943, -7.1175], [107.9937, -7.1173], [107.9935, -7.1173], [107.9924, -7.1153], [107.9919, -7.1146], [107.9912, -7.1143]]]}, "properties": {"id": "TB.2.Ki", "kode": "R017", "nama": "TB.2.Ki", "jenis": "Tersier"}}, {"type": "Feature", "geometry": {"type": "MultiLineString", "coordinates": [[[107.9818, -7.1158], [107.9814, -7.1155], [107.9813, -7.1155], [107.9813, -7.1145], [107.9804, -7.1145], [107.9803, -7.1146], [107.9799, -7.1146], [107.9794, -7.1143], [107.9792, -7.1143], [107.9766, -7.1154], [107.9762, -7.1154], [107.976, -7.1147]]]}, "properties": {"id": "SS Cikondang", "kode": "R018", "nama": "SS Cikondang", "jenis": "Sekunder"}}, {"type": "Feature", "geometry": {"type": "MultiLineString", "coordinates": [[[107.9818, -7.1158], [107.982, -7.1154], [107.982, -7.1145], [107.9827, -7.1136], [107.9828, -7.1132], [107.9827, -7.1126], [107.983, -7.1122], [107.9832, -7.1122], [107.9833, -7.112], [107.9839, -7.1117], [107.9842, -7.1113], [107.9842, -7.1112], [107.9844, -7.1112], [107.9847, -7.1114], [107.9847, -7.1115], [107.9851, -7.1115], [107.9851, -7.1114], [107.9852, -7.1114], [107.9854, -7.1105], [107.9855, -7.1105], [107.9855, -7.1104], [107.9858, -7.1103], [107.9863, -7.1099], [107.9865, -7.1096], [107.9874, -7.1091], [107.9899, -7.1091]]]}, "properties": {"id": "SS Wanakerta", "kode": "R019", "nama": "SS Wanakerta", "jenis": "Sekunder"}}, {"type": "Feature", "geometry": {"type": "MultiLineString", "coordinates": [[[107.9818, -7.1158], [107.9818, -7.1157], [107.9815, -7.1154], [107.9814, -7.1143], [107.981, -7.1141], [107.9801, -7.113], [107.9801, -7.1129], [107.9808, -7.1124], [107.9809, -7.1124], [107.9809, -7.1122], [107.9798, -7.112]], [[107.9798, -7.112], [107.9802, -7.1118], [107.9802, -7.1117], [107.9804, -7.1117], [107.9804, -7.1116], [107.9806, -7.1115], [107.9806, -7.1114], [107.9808, -7.1113], [107.9809, -7.1107], [107.981, -7.1107], [107.981, -7.1099], [107.9811, -7.1098], [107.9811, -7.1087], [107.981, -7.1087], [107.9809, -7.1083], [107.9808, -7.1083], [107.9807, -7.1081], [107.9807, -7.1076], [107.9808, -7.1076], [107.9812, -7.1068], [107.9815, -7.1067], [107.9816, -7.1065], [107.9822, -7.1062], [107.9822, -7.1061], [107.9824, -7.1061], [107.9824, -7.106], [107.9825, -7.106], [107.9825, -7.1059], [107.9827, -7.1058], [107.9827, -7.1057], [107.9828, -7.1057], [107.9828, -7.1055], [107.983, -7.1054], [107.983, -7.1052], [107.9831, -7.1052], [107.9832, -7.1049], [107.9833, -7.1049], [107.9833, -7.1046], [107.9834, -7.1046], [107.9834, -7.1043], [107.9835, -7.1043], [107.9835, -7.104], [107.9836, -7.104], [107.9836, -7.1038], [107.9837, -7.1038], [107.9837, -7.1036], [107.9838, -7.1036], [107.9839, -7.1031], [107.984, -7.1031], [107.984, -7.1029], [107.9841, -7.1029], [107.9842, -7.1027], [107.9846, -7.1025], [107.9847, -7.1023], [107.9853, -7.102], [107.986, -7.102], [107.986, -7.1021], [107.9864, -7.1021], [107.9864, -7.102], [107.9866, -7.102], [107.9866, -7.1018], [107.9867, -7.1018], [107.9868, -7.1016], [107.987, -7.1016], [107.987, -7.1015], [107.9878, -7.1015], [107.9878, -7.1014], [107.9881, -7.1014], [107.9881, -7.1013], [107.9883, -7.1013], [107.9883, -7.1012], [107.9884, -7.1012], [107.9884, -7.1011], [107.9885, -7.1011], [107.9885, -7.101], [107.9887, -7.1009], [107.9887, -7.1008], [107.9888, -7.1008], [107.9888, -7.1006], [107.989, -7.1005], [107.9892, -7.1001], [107.9892, -7.0996], [107.9891, -7.0996], [107.9891, -7.0993], [107.989, -7.0993], [107.9889, -7.0989]]]}, "properties": {"id": "SS Cibatu", "kode": "R020", "nama": "SS Cibatu", "jenis": "Sekunder"}}, {"type": "Feature", "geometry": {"type": "MultiLineString", "coordinates": [[[107.9936, -7.1374], [107.9936, -7.1373], [107.993, -7.1372], [107.9911, -7.1372], [107.9908, -7.1362], [107.9906, -7.1361], [107.9906, -7.136], [107.99, -7.136], [107.99, -7.1361], [107.9899, -7.1361], [107.9891, -7.1373], [107.9889, -7.1373], [107.9885, -7.1364], [107.9876, -7.1364], [107.9874, -7.1362], [107.9873, -7.1358], [107.9866, -7.1344], [107.9866, -7.1332], [107.9867, -7.1331], [107.9868, -7.1321], [107.9872, -7.1321], [107.9871, -7.1316], [107.9871, -7.131], [107.987, -7.131], [107.987, -7.1309], [107.9868, -7.1308], [107.9866, -7.1308], [107.9866, -7.1309], [107.9865, -7.1309], [107.9865, -7.1312], [107.9863, -7.1318], [107.9862, -7.1318], [107.9862, -7.1319], [107.986, -7.132], [107.986, -7.1319], [107.9858, -7.1319], [107.9858, -7.1318], [107.9853, -7.1313], [107.9852, -7.1311], [107.9852, -7.1308], [107.9848, -7.1308], [107.9848, -7.1307], [107.9847, -7.1307], [107.9847, -7.1304], [107.9846, -7.1302], [107.9845, -7.1302], [107.9845, -7.1301], [107.9831, -7.13], [107.9831, -7.1299], [107.983, -7.1299], [107.983, -7.1293], [107.9829, -7.1293], [107.9829, -7.129], [107.9828, -7.129], [107.9832, -7.128]], [[107.9832, -7.128], [107.9831, -7.1279], [107.9828, -7.1279], [107.9826, -7.1277], [107.9826, -7.1272], [107.9821, -7.1265], [107.982, -7.1256], [107.9824, -7.1251], [107.9824, -7.1247]], [[107.9824, -7.1247], [107.9834, -7.1244], [107.985, -7.1256], [107.9852, -7.1256], [107.9848, -7.1265], [107.9848, -7.1264], [107.9842, -7.1271], [107.9836, -7.1276], [107.9834, -7.128], [107.9832, -7.128]], [[107.9824, -7.1247], [107.9825, -7.1243], [107.9838, -7.1233], [107.9842, -7.1228], [107.9844, -7.1225], [107.9845, -7.1217], [107.9849, -7.1217], [107.9854, -7.1221], [107.9858, -7.1221]]]}, "properties": {"id": "SS Munjul", "kode": "R021", "nama": "SS Munjul", "jenis": "Sekunder"}}, {"type": "Feature", "geometry": {"type": "MultiLineString", "coordinates": [[[107.9832, -7.1201], [107.9832, -7.12], [107.9823, -7.1196], [107.9822, -7.1192], [107.9824, -7.1182], [107.9826, -7.1178], [107.9838, -7.1167], [107.9838, -7.1166], [107.9844, -7.1168], [107.9848, -7.1166], [107.9851, -7.1162]]]}, "properties": {"id": "CK.6.Ka", "kode": "R022", "nama": "CK.6.Ka", "jenis": "Tersier"}}, {"type": "Feature", "geometry": {"type": "MultiLineString", "coordinates": [[[107.9715, -7.1148], [107.9728, -7.1164], [107.9731, -7.1165], [107.9733, -7.1167], [107.9736, -7.1165], [107.9739, -7.1165], [107.9747, -7.1163], [107.976, -7.1163], [107.9764, -7.1166], [107.9767, -7.1166], [107.9769, -7.1167], [107.9774, -7.1158], [107.978, -7.1156], [107.9782, -7.1154], [107.9786, -7.1152], [107.979, -7.1151], [107.9794, -7.1143]]]}, "properties": {"id": "CO.2.Ki", "kode": "R023", "nama": "CO.2.Ki", "jenis": "Tersier"}}, {"type": "Feature", "geometry": {"type": "MultiLineString", "coordinates": [[[107.9673, -7.0904], [107.9681, -7.0908], [107.9684, -7.0903], [107.9685, -7.0896], [107.9693, -7.0896], [107.9695, -7.0897]]]}, "properties": {"id": "KL.7M.a", "kode": "R024", "nama": "KL.7M.a", "jenis": "Tersier"}}, {"type": "Feature", "geometry": {"type": "MultiLineString", "coordinates": [[[107.9673, -7.0904], [107.9668, -7.09], [107.9665, -7.09], [107.9665, -7.0897], [107.9655, -7.0895], [107.9655, -7.0892], [107.9662, -7.0888], [107.9664, -7.0884], [107.9659, -7.0879], [107.9659, -7.0873], [107.9662, -7.0863], [107.9661, -7.0861], [107.9663, -7.0856], [107.9664, -7.0856], [107.9668, -7.0852], [107.967, -7.0852], [107.9675, -7.0855], [107.9678, -7.0854]]]}, "properties": {"id": "KL.7M.b", "kode": "R025", "nama": "KL.7M.b", "jenis": "Tersier"}}, {"type": "Feature", "geometry": {"type": "MultiLineString", "coordinates": [[[107.9576, -7.1089], [107.9566, -7.1087], [107.956, -7.1087], [107.9556, -7.1082]]]}, "properties": {"id": "LG.4.Ka", "kode": "R026", "nama": "LG.4.Ka", "jenis": "Tersier"}}, {"type": "Feature", "geometry": {"type": "MultiLineString", "coordinates": [[[107.9646, -7.0837], [107.9644, -7.0836], [107.9644, -7.0838], [107.9636, -7.0835], [107.9634, -7.0832], [107.9634, -7.0829], [107.9635, -7.0827], [107.9637, -7.0827], [107.9637, -7.0825], [107.9635, -7.0821], [107.9629, -7.0821], [107.9631, -7.0813], [107.9633, -7.0812], [107.9634, -7.081], [107.9636, -7.0811], [107.9637, -7.081], [107.9637, -7.0807], [107.9639, -7.0807], [107.9638, -7.0802]]]}, "properties": {"id": "CTR.3.Ki.b", "kode": "R027", "nama": "CTR.3.Ki.b", "jenis": "Tersier"}}, {"type": "Feature", "geometry": {"type": "MultiLineString", "coordinates": [[[107.9798, -7.112], [107.9801, -7.1091], [107.98, -7.1091], [107.98, -7.1089], [107.9799, -7.1089], [107.9789, -7.1082], [107.9786, -7.1081], [107.9782, -7.1072], [107.9781, -7.1072], [107.9776, -7.1068], [107.9775, -7.1062], [107.9777, -7.106]]]}, "properties": {"id": "SS Sumur Kondang", "kode": "R028", "nama": "SS Sumur Kondang", "jenis": "Sekunder"}}, {"type": "Feature", "geometry": {"type": "MultiLineString", "coordinates": [[[107.9775, -7.1062], [107.9775, -7.1061], [107.9773, -7.106], [107.9772, -7.1058], [107.9771, -7.1058], [107.9767, -7.1063], [107.9767, -7.1062], [107.9763, -7.106], [107.976, -7.1057], [107.9755, -7.1055], [107.9753, -7.1053], [107.9753, -7.105], [107.9751, -7.105], [107.9748, -7.1046]]]}, "properties": {"id": "SK.3", "kode": "R029", "nama": "SK.3", "jenis": "Tersier"}}, {"type": "Feature", "geometry": {"type": "MultiLineString", "coordinates": [[[108.0003, -7.0923], [108.0026, -7.0954], [108.0037, -7.0965], [108.0041, -7.0968], [108.0078, -7.0968], [108.0088, -7.0969], [108.0095, -7.0974], [108.0118, -7.0984], [108.0122, -7.0987]]]}, "properties": {"id": "Suplesi Situ Cilimus", "kode": "R030", "nama": "Suplesi Situ Cilimus", "jenis": "Tersier"}}, {"type": "Feature", "geometry": {"type": "MultiLineString", "coordinates": [[[108.0011, -7.0917], [108.0006, -7.0916], [108.0003, -7.0923], [107.9994, -7.0922], [107.9989, -7.0919], [107.9984, -7.0912], [107.9984, -7.0911]]]}, "properties": {"id": "TB.8.Ki", "kode": "R031", "nama": "TB.8.Ki", "jenis": "Tersier"}}, {"type": "Feature", "geometry": {"type": "MultiLineString", "coordinates": [[[107.9922, -7.0932], [107.992, -7.0929], [107.992, -7.0925], [107.9925, -7.0916], [107.9925, -7.0915], [107.9923, -7.0913], [107.9922, -7.0913], [107.9926, -7.0911], [107.9927, -7.0907], [107.9928, -7.0907], [107.9928, -7.0905], [107.9929, -7.0905], [107.9932, -7.0899], [107.9932, -7.0897], [107.9933, -7.0897], [107.9933, -7.0895], [107.9934, -7.0895], [107.9934, -7.0893], [107.9935, -7.0893], [107.9935, -7.0891], [107.9937, -7.0887], [107.9938, -7.0887], [107.9938, -7.0884]]]}, "properties": {"id": "CT.2", "kode": "R032", "nama": "CT.2", "jenis": "Tersier"}}, {"type": "Feature", "geometry": {"type": "MultiLineString", "coordinates": [[[107.9954, -7.0611], [107.9952, -7.0614], [107.995, -7.0615], [107.9948, -7.0614], [107.9948, -7.0613], [107.9946, -7.0612], [107.9946, -7.0611], [107.9945, -7.0611], [107.9945, -7.061], [107.9943, -7.061], [107.9942, -7.0608], [107.9941, -7.0608], [107.9941, -7.0607], [107.994, -7.0607], [107.994, -7.0606], [107.9939, -7.0606], [107.9938, -7.0604], [107.9937, -7.0604], [107.9937, -7.0601], [107.9936, -7.0601], [107.9936, -7.06], [107.9932, -7.0599], [107.9931, -7.0595], [107.9914, -7.059], [107.9911, -7.0584]]]}, "properties": {"id": "CA.2.Ki", "kode": "R033", "nama": "CA.2.Ki", "jenis": "Tersier"}}, {"type": "Feature", "geometry": {"type": "MultiLineString", "coordinates": [[[108.005, -7.0663], [108.0044, -7.0666], [108.0042, -7.0666], [108.0042, -7.0676], [108.0041, -7.0676], [108.0041, -7.0677], [108.0039, -7.0678], [108.0035, -7.0679], [108.0033, -7.0681], [108.0033, -7.0682], [108.0032, -7.0682], [108.0032, -7.0683], [108.0031, -7.0683], [108.0031, -7.0684], [108.0029, -7.0684], [108.0029, -7.0683], [108.0028, -7.0683], [108.0028, -7.0682], [108.0027, -7.0682], [108.0024, -7.0679], [108.0024, -7.0677], [108.0023, -7.0677], [108.0023, -7.0674], [108.0019, -7.0672], [108.0019, -7.0671], [108.0018, -7.0671], [108.0018, -7.0669], [108.0017, -7.0667], [108.0015, -7.0666], [108.0012, -7.066], [108.0012, -7.0658], [108.001, -7.0657], [108.0009, -7.0654], [108.0007, -7.0653], [108.0007, -7.0651], [108.0005, -7.065], [108.0005, -7.0648], [108.0004, -7.0648], [108.0001, -7.0642], [108, -7.0642], [108, -7.064], [107.9999, -7.064], [107.9999, -7.0638], [107.9998, -7.0637], [107.9998, -7.0631], [107.9999, -7.0631], [107.9999, -7.063], [107.9998, -7.0628], [107.9997, -7.0628], [107.9996, -7.0625], [107.9994, -7.0624], [107.9994, -7.0622], [107.9992, -7.0621], [107.9992, -7.062], [107.9988, -7.0619], [107.9988, -7.0618], [107.9983, -7.0618], [107.9981, -7.0617], [107.9981, -7.0616], [107.998, -7.0616], [107.9979, -7.0614], [107.9977, -7.0614], [107.9977, -7.0613], [107.9973, -7.0613], [107.9973, -7.0612], [107.9967, -7.0612], [107.9967, -7.0613], [107.9964, -7.0613], [107.9964, -7.0612], [107.9959, -7.0612], [107.9959, -7.0611], [107.9951, -7.061], [107.9943, -7.0607], [107.9938, -7.0599]]]}, "properties": {"id": "SS Cikarag", "kode": "R034", "nama": "SS Cikarag", "jenis": "Sekunder"}}, {"type": "Feature", "geometry": {"type": "MultiLineString", "coordinates": [[[108.0105, -7.0615], [108.0104, -7.0614], [108.0103, -7.0608], [108.0102, -7.0607], [108.0099, -7.0598], [108.0095, -7.0591], [108.0091, -7.0577], [108.0087, -7.0567], [108.0084, -7.0564], [108.0082, -7.0554], [108.0077, -7.055], [108.0078, -7.0548], [108.0078, -7.0544], [108.007, -7.0525], [108.0064, -7.0521]]]}, "properties": {"id": "LW.3.Ki", "kode": "R035", "nama": "LW.3.Ki", "jenis": "Tersier"}}, {"type": "Feature", "geometry": {"type": "MultiLineString", "coordinates": [[[107.9646, -7.0837], [107.9648, -7.0836], [107.9649, -7.0828], [107.9651, -7.0827], [107.9655, -7.0828], [107.9656, -7.0827], [107.9655, -7.0827], [107.9659, -7.0822], [107.966, -7.0823], [107.9665, -7.0819], [107.9662, -7.0814], [107.9658, -7.0812], [107.9658, -7.081]]]}, "properties": {"id": "CTR.3.Ki.a", "kode": "R036", "nama": "CTR.3.Ki.a", "jenis": "Tersier"}}, {"type": "Feature", "geometry": {"type": "MultiLineString", "coordinates": [[[108.0047, -7.0828], [108.0045, -7.0823], [108.0042, -7.082], [108.004, -7.0811], [108.0034, -7.0801], [108.0032, -7.0801], [108.0032, -7.0799], [108.0031, -7.0799], [108.003, -7.0797], [108.0026, -7.0797], [108.0025, -7.0796], [108.0023, -7.0796], [108.0023, -7.0797]], [[108.0022, -7.0799], [108.0022, -7.0802], [108.0021, -7.0802], [108.0021, -7.0803], [108.0014, -7.0802], [108.0013, -7.0804]]]}, "properties": {"id": "Ruas tanpa nama R037", "kode": "R037", "nama": null, "jenis": "Tersier"}}, {"type": "Feature", "geometry": {"type": "MultiLineString", "coordinates": [[[108.0122, -7.054], [108.0122, -7.0534], [108.0124, -7.0533], [108.0124, -7.0532], [108.0126, -7.0532], [108.0126, -7.0531], [108.0128, -7.0531], [108.0128, -7.053], [108.0131, -7.0529], [108.0131, -7.0528], [108.0134, -7.0528], [108.0134, -7.0527], [108.0136, -7.0526], [108.0136, -7.0524], [108.0137, -7.0524], [108.0137, -7.0519]]]}, "properties": {"id": "Ruas tanpa nama R038", "kode": "R038", "nama": null, "jenis": "Tersier"}}, {"type": "Feature", "geometry": {"type": "MultiLineString", "coordinates": [[[107.9898, -7.1312], [107.9898, -7.1314], [107.9897, -7.1314], [107.9892, -7.1318], [107.989, -7.1318], [107.989, -7.1319], [107.9888, -7.1319], [107.9888, -7.1318], [107.9886, -7.1318], [107.9886, -7.1317], [107.9885, -7.1317], [107.9884, -7.1313]]]}, "properties": {"id": "CK.2.Ki", "kode": "R039", "nama": "CK.2.Ki", "jenis": "Tersier"}}, {"type": "Feature", "geometry": {"type": "MultiLineString", "coordinates": [[[107.9977, -7.0982], [107.9974, -7.0985], [107.9974, -7.0986], [107.9972, -7.0987], [107.9972, -7.0988], [107.9971, -7.0988], [107.9971, -7.0989], [107.9969, -7.099], [107.9969, -7.0991], [107.9967, -7.0991], [107.9967, -7.0992], [107.9965, -7.0993], [107.9962, -7.0993], [107.9962, -7.0994], [107.9961, -7.0994], [107.9961, -7.0993], [107.9958, -7.0993], [107.9958, -7.0992], [107.9956, -7.0991], [107.9954, -7.0987], [107.9953, -7.0987], [107.9952, -7.0984], [107.9946, -7.0984], [107.9946, -7.0983], [107.9945, -7.0983], [107.9945, -7.0982], [107.9944, -7.0982], [107.9944, -7.0981], [107.9942, -7.098], [107.9942, -7.0979], [107.994, -7.0978], [107.994, -7.0976], [107.9939, -7.0976], [107.9939, -7.0973], [107.9938, -7.0973], [107.9938, -7.0969], [107.9937, -7.0969], [107.9937, -7.0967], [107.9936, -7.0966], [107.9917, -7.0956], [107.9916, -7.0935], [107.9917, -7.0935], [107.9917, -7.0934], [107.9921, -7.0934], [107.9922, -7.0932]]]}, "properties": {"id": "SS Citambal", "kode": "R040", "nama": "SS Citambal", "jenis": "Sekunder"}}, {"type": "Feature", "geometry": {"type": "MultiLineString", "coordinates": [[[107.9889, -7.0989], [107.9889, -7.0987], [107.9886, -7.0978], [107.9885, -7.097], [107.9885, -7.096], [107.9884, -7.096], [107.9884, -7.0959], [107.9876, -7.0957], [107.9872, -7.0955], [107.9867, -7.0951], [107.9865, -7.0949], [107.9865, -7.0943], [107.9863, -7.0938], [107.9859, -7.0935], [107.9858, -7.0933], [107.9856, -7.0933], [107.9855, -7.0932], [107.9855, -7.093], [107.9856, -7.093], [107.9856, -7.0927], [107.9857, -7.0927], [107.9858, -7.0924], [107.9859, -7.0924], [107.9859, -7.0923], [107.9861, -7.0922], [107.9864, -7.0922], [107.9864, -7.0923], [107.9867, -7.0924], [107.9867, -7.0925], [107.9873, -7.0926], [107.9873, -7.0927], [107.9876, -7.0927], [107.9876, -7.0926], [107.988, -7.0926], [107.988, -7.0925], [107.9883, -7.0925], [107.9883, -7.0924], [107.9886, -7.0924], [107.9886, -7.0923], [107.9888, -7.0923], [107.9888, -7.0922], [107.989, -7.0922], [107.9891, -7.092], [107.9895, -7.0918], [107.9896, -7.0916], [107.9899, -7.0916], [107.9899, -7.0915], [107.99, -7.0915], [107.99, -7.0913], [107.9901, -7.0913], [107.9901, -7.0912], [107.99, -7.0912], [107.99, -7.091], [107.9899, -7.091], [107.9899, -7.0909], [107.9897, -7.0909], [107.9897, -7.0906], [107.9896, -7.0906], [107.9896, -7.0904], [107.9895, -7.0903], [107.9895, -7.0901], [107.9896, -7.0901], [107.9896, -7.0898], [107.9895, -7.0898], [107.9895, -7.0897], [107.9894, -7.0897], [107.9894, -7.0896], [107.9893, -7.0896], [107.9893, -7.0895], [107.9892, -7.0895], [107.9892, -7.0894], [107.989, -7.0893], [107.9889, -7.089], [107.9895, -7.088], [107.9895, -7.0871], [107.9894, -7.0871], [107.9891, -7.0867], [107.9889, -7.0866], [107.9889, -7.0864], [107.9891, -7.0862], [107.9891, -7.086], [107.9881, -7.0848], [107.9881, -7.0847], [107.988, -7.0848], [107.9875, -7.0849]]]}, "properties": {"id": "SS Cibunar", "kode": "R041", "nama": "SS Cibunar", "jenis": "Sekunder"}}, {"type": "Feature", "geometry": {"type": "MultiLineString", "coordinates": [[[107.9851, -7.0707], [107.9855, -7.0699], [107.9863, -7.0696], [107.9866, -7.0696], [107.9866, -7.0695], [107.9867, -7.0695], [107.9866, -7.0685], [107.987, -7.0676], [107.987, -7.0653], [107.9849, -7.0652], [107.9849, -7.0651], [107.9848, -7.0651], [107.9848, -7.0643], [107.9847, -7.0643], [107.9847, -7.0642], [107.9845, -7.0641], [107.984, -7.0641], [107.9838, -7.064], [107.9837, -7.0639], [107.9837, -7.0633], [107.9836, -7.0632], [107.9823, -7.0628], [107.9817, -7.0621], [107.9815, -7.0619], [107.9814, -7.0619], [107.981, -7.0611], [107.9806, -7.0607], [107.9805, -7.0607], [107.9797, -7.0602], [107.9797, -7.0601], [107.9796, -7.0601], [107.9794, -7.0596], [107.9793, -7.0588], [107.9796, -7.0582], [107.9804, -7.0582], [107.9804, -7.0572], [107.9803, -7.0571], [107.9803, -7.0569], [107.9801, -7.0565], [107.9801, -7.0562], [107.9806, -7.0552], [107.9823, -7.0535], [107.9825, -7.0529], [107.9827, -7.0527], [107.9829, -7.0527], [107.9829, -7.0526], [107.983, -7.0526], [107.983, -7.0524], [107.9831, -7.0524], [107.9832, -7.0522], [107.9835, -7.052], [107.9841, -7.0519], [107.9848, -7.0522], [107.9851, -7.0525], [107.9855, -7.0532], [107.9859, -7.0534], [107.9859, -7.0546], [107.9858, -7.0551], [107.9869, -7.0554], [107.9889, -7.0553], [107.989, -7.0548], [107.9889, -7.0548], [107.9889, -7.0547], [107.9884, -7.0546], [107.9884, -7.0545], [107.9883, -7.0545], [107.9881, -7.0539], [107.9881, -7.0538], [107.9883, -7.0537], [107.9883, -7.0533], [107.9882, -7.0533]]]}, "properties": {"id": "SS Pasir Laja", "kode": "R042", "nama": "SS Pasir Laja", "jenis": "Sekunder"}}, {"type": "Feature", "geometry": {"type": "MultiLineString", "coordinates": [[[107.9804, -7.0582], [107.9806, -7.0582], [107.9807, -7.0583], [107.9809, -7.0592], [107.9834, -7.0595], [107.9836, -7.0595], [107.9836, -7.0594], [107.9843, -7.059], [107.9843, -7.0587], [107.9845, -7.0586], [107.9845, -7.0585], [107.9846, -7.0585]]]}, "properties": {"id": "PL.5.Ka", "kode": "R043", "nama": "PL.5.Ka", "jenis": "Tersier"}}, {"type": "Feature", "geometry": {"type": "MultiLineString", "coordinates": [[[107.9869, -7.0678], [107.9871, -7.0675], [107.9872, -7.064], [107.9877, -7.0638], [107.9878, -7.0635]]]}, "properties": {"id": "PL.2.Ka", "kode": "R044", "nama": "PL.2.Ka", "jenis": "Tersier"}}, {"type": "Feature", "geometry": {"type": "MultiLineString", "coordinates": [[[107.983, -7.0832], [107.9829, -7.0832], [107.9826, -7.0826], [107.9826, -7.0824], [107.9823, -7.0824], [107.9823, -7.0823], [107.9822, -7.0823], [107.9818, -7.0809], [107.9821, -7.08], [107.9827, -7.0797], [107.9829, -7.078], [107.9826, -7.0737], [107.9832, -7.0734], [107.9835, -7.0727], [107.9835, -7.0725], [107.9831, -7.0713], [107.9828, -7.0696], [107.983, -7.0674], [107.9827, -7.0668], [107.9829, -7.0661]]]}, "properties": {"id": "Ruas tanpa nama R045", "kode": "R045", "nama": null, "jenis": "Tersier"}}, {"type": "Feature", "geometry": {"type": "MultiLineString", "coordinates": [[[108.0137, -7.0516], [108.0138, -7.0514], [108.0138, -7.0507], [108.0139, -7.0507], [108.0139, -7.0505], [108.014, -7.0503], [108.0141, -7.0503], [108.0141, -7.0501], [108.0142, -7.0501], [108.0142, -7.0499]]]}, "properties": {"id": "Ruas tanpa nama R046", "kode": "R046", "nama": null, "jenis": "Tersier"}}, {"type": "Feature", "geometry": {"type": "MultiLineString", "coordinates": [[[107.9882, -7.0533], [107.9873, -7.0532], [107.9868, -7.0521], [107.9852, -7.0508], [107.9851, -7.0508], [107.9851, -7.0506], [107.985, -7.0506], [107.985, -7.0502], [107.9851, -7.0502], [107.9851, -7.0501], [107.9855, -7.0497]]]}, "properties": {"id": "Ruas tanpa nama R047", "kode": "R047", "nama": null, "jenis": "Tersier"}}, {"type": "Feature", "geometry": {"type": "MultiLineString", "coordinates": [[[107.9925, -7.124], [107.9936, -7.124], [107.9939, -7.1239], [107.9941, -7.1236], [107.9945, -7.1234], [107.9954, -7.1231], [107.9956, -7.1232]]]}, "properties": {"id": "TB.2a.Ki", "kode": "R048", "nama": "TB.2a.Ki", "jenis": "Tersier"}}, {"type": "Feature", "geometry": {"type": "MultiLineString", "coordinates": [[[107.9926, -7.0999], [107.9927, -7.1001], [107.9927, -7.1013], [107.9925, -7.1022], [107.9921, -7.103]]]}, "properties": {"id": "Ruas tanpa nama R049", "kode": "R049", "nama": null, "jenis": "Tersier"}}, {"type": "Feature", "geometry": {"type": "MultiLineString", "coordinates": [[[107.9987, -7.0964], [107.998, -7.095], [107.9979, -7.095], [107.9977, -7.0946], [107.9976, -7.0946], [107.9976, -7.0945], [107.9973, -7.0942], [107.9973, -7.0941], [107.9972, -7.0941], [107.9969, -7.0935], [107.9968, -7.0935], [107.9968, -7.0933], [107.9967, -7.0933], [107.9967, -7.0932], [107.9965, -7.093], [107.9964, -7.093], [107.9964, -7.0929], [107.9961, -7.0929], [107.9956, -7.0926], [107.9948, -7.0924], [107.9948, -7.0923], [107.9945, -7.0923], [107.9945, -7.0922], [107.9944, -7.0922], [107.9941, -7.0919], [107.9941, -7.0918], [107.994, -7.0918], [107.9938, -7.0914], [107.994, -7.0912], [107.9941, -7.0912], [107.9941, -7.0911], [107.9942, -7.0911], [107.9942, -7.091], [107.9944, -7.091], [107.9944, -7.0909], [107.9945, -7.0909], [107.9945, -7.0908], [107.9947, -7.0907], [107.9947, -7.0903], [107.9948, -7.0903], [107.9948, -7.09], [107.9949, -7.0899], [107.9949, -7.0892], [107.995, -7.0892], [107.9951, -7.0888], [107.9952, -7.0888], [107.9953, -7.0886], [107.9953, -7.0882], [107.9952, -7.0882], [107.9951, -7.0879], [107.995, -7.0879], [107.995, -7.0874], [107.9952, -7.0874], [107.9953, -7.0872], [107.9954, -7.0872], [107.9954, -7.087], [107.9953, -7.087], [107.9953, -7.0869], [107.995, -7.0869], [107.995, -7.0871], [107.9945, -7.0871], [107.9945, -7.0868], [107.9946, -7.0866], [107.9947, -7.0866], [107.9947, -7.0859], [107.9948, -7.0859], [107.9948, -7.0858], [107.995, -7.0858], [107.995, -7.0857], [107.9953, -7.0857], [107.9953, -7.0858], [107.9954, -7.0858], [107.9955, -7.086], [107.9957, -7.086], [107.9957, -7.0859], [107.9959, -7.0858], [107.9959, -7.0854], [107.9961, -7.0854], [107.9962, -7.0852], [107.9964, -7.0852], [107.9964, -7.0851], [107.9966, -7.0851], [107.9966, -7.085], [107.9967, -7.085], [107.9968, -7.0848], [107.997, -7.0847], [107.997, -7.0843], [107.9969, -7.0843], [107.9969, -7.0842], [107.9965, -7.0842], [107.9965, -7.0841], [107.9956, -7.084], [107.9956, -7.0839], [107.9952, -7.0839], [107.9952, -7.0838], [107.9951, -7.0839], [107.9948, -7.0839], [107.9948, -7.084], [107.9935, -7.0839], [107.9919, -7.0834]]]}, "properties": {"id": "SS Bandrek", "kode": "R050", "nama": "SS Bandrek", "jenis": "Sekunder"}}, {"type": "Feature", "geometry": {"type": "MultiLineString", "coordinates": [[[107.994, -7.0839], [107.994, -7.0828], [107.9939, -7.082], [107.9942, -7.0817], [107.9942, -7.0812]]]}, "properties": {"id": "BK.4.Ka", "kode": "R051", "nama": "BK.4.Ka", "jenis": "Tersier"}}, {"type": "Feature", "geometry": {"type": "MultiLineString", "coordinates": [[[108.0061, -7.0778], [108.0047, -7.0777], [108.0042, -7.0784], [108.0039, -7.0784], [108.0036, -7.0782], [108.0032, -7.0777], [108.0028, -7.0774], [108.0014, -7.0771]]]}, "properties": {"id": "TB.11a.Ki", "kode": "R052", "nama": "TB.11a.Ki", "jenis": "Tersier"}}, {"type": "Feature", "geometry": {"type": "MultiLineString", "coordinates": [[[108.0082, -7.0643], [108.0081, -7.0633], [108.0079, -7.0633], [108.0079, -7.0632], [108.0072, -7.0632], [108.0071, -7.063], [108.0068, -7.063], [108.0066, -7.0632], [108.0059, -7.0635], [108.0059, -7.0636], [108.0058, -7.0636], [108.0058, -7.0635], [108.0057, -7.0635], [108.0055, -7.0632], [108.0049, -7.0633], [108.004, -7.0629], [108.0038, -7.0632]], [[108.0038, -7.0632], [108.0037, -7.0632], [108.0035, -7.0635], [108.0028, -7.0634], [108.0026, -7.0631], [108.0022, -7.0631], [108.002, -7.0629], [108.001, -7.0632], [107.9992, -7.0611], [107.9989, -7.0603], [107.9985, -7.0598], [107.9982, -7.0589], [107.9982, -7.0587], [107.9987, -7.0585], [107.9987, -7.0581], [107.9984, -7.0578], [107.9983, -7.0578], [107.9982, -7.057], [107.9982, -7.056]], [[108.0038, -7.0632], [108.0031, -7.0625], [108.0029, -7.0624], [108.0022, -7.0624], [108.0021, -7.0623]]]}, "properties": {"id": "LW.1.Ki", "kode": "R053", "nama": "LW.1.Ki", "jenis": "Tersier"}}, {"type": "Feature", "geometry": {"type": "MultiLineString", "coordinates": [[[108.005, -7.0663], [108.0051, -7.0662], [108.0051, -7.066], [108.0052, -7.066], [108.0053, -7.0658], [108.0053, -7.0656], [108.0054, -7.0656], [108.0055, -7.0653], [108.0056, -7.0653], [108.0056, -7.0652], [108.0058, -7.065], [108.006, -7.065], [108.006, -7.0649], [108.0065, -7.0648], [108.0065, -7.0647], [108.0067, -7.0647], [108.0068, -7.0646], [108.0071, -7.0646], [108.0071, -7.0645], [108.0075, -7.0645], [108.0075, -7.0644], [108.0079, -7.0644], [108.0079, -7.0643], [108.0082, -7.0643], [108.0093, -7.0637], [108.0095, -7.0635], [108.0095, -7.0629], [108.0098, -7.0621], [108.0106, -7.0615], [108.011, -7.0611], [108.011, -7.0612], [108.0111, -7.0612], [108.0117, -7.0631], [108.0118, -7.0631], [108.0118, -7.063], [108.0123, -7.0626], [108.0125, -7.0621], [108.0129, -7.0616], [108.013, -7.0613], [108.0131, -7.0613], [108.0132, -7.0611], [108.0133, -7.0611], [108.0133, -7.061], [108.0134, -7.061], [108.0135, -7.0608], [108.0138, -7.0607], [108.0138, -7.0606], [108.0143, -7.0604], [108.0143, -7.0603], [108.0148, -7.0601], [108.0162, -7.0592], [108.0167, -7.0582], [108.0169, -7.058], [108.0171, -7.0576], [108.0173, -7.0575], [108.0174, -7.0573], [108.0176, -7.0572], [108.0176, -7.0571], [108.018, -7.0569], [108.0182, -7.0569], [108.0183, -7.0568], [108.0186, -7.0568], [108.0186, -7.0567], [108.02, -7.0567], [108.0204, -7.0569], [108.0206, -7.0569], [108.0206, -7.057], [108.0209, -7.0571], [108.0209, -7.0572], [108.0211, -7.0573], [108.0214, -7.0576], [108.0214, -7.0577], [108.0216, -7.0578], [108.0216, -7.0579], [108.022, -7.0583], [108.022, -7.0584], [108.0223, -7.0585], [108.0223, -7.0586], [108.0228, -7.0587], [108.0228, -7.0588], [108.0232, -7.0588], [108.0232, -7.0589], [108.0237, -7.0589], [108.0237, -7.059], [108.0247, -7.059], [108.0248, -7.0589], [108.0251, -7.0589], [108.0252, -7.0588], [108.0256, -7.0588], [108.0257, -7.0587], [108.026, -7.0587], [108.0261, -7.0588], [108.0265, -7.0588], [108.0265, -7.0589], [108.0268, -7.0589], [108.0272, -7.0591], [108.0272, -7.0592], [108.0273, -7.0592], [108.0275, -7.0594], [108.0276, -7.0594], [108.0277, -7.0597], [108.0278, -7.0597], [108.0278, -7.06], [108.0279, -7.0601], [108.028, -7.0605], [108.0284, -7.0609], [108.0288, -7.0611], [108.029, -7.0611], [108.029, -7.0612], [108.0297, -7.0613], [108.03, -7.0615], [108.0302, -7.0615], [108.0302, -7.0616], [108.0304, -7.0616], [108.0309, -7.062], [108.0309, -7.0621], [108.0313, -7.0623], [108.0325, -7.0624], [108.0326, -7.0625], [108.0329, -7.0625], [108.0333, -7.0627], [108.0335, -7.0627], [108.0335, -7.0628], [108.0338, -7.0629], [108.0338, -7.063], [108.034, -7.063], [108.034, -7.0631], [108.0342, -7.0632], [108.0342, -7.0633], [108.0343, -7.0633], [108.0343, -7.0634], [108.0346, -7.0638], [108.0346, -7.0641], [108.0347, -7.0642], [108.0347, -7.065], [108.0348, -7.0651], [108.0348, -7.0658], [108.035, -7.0662], [108.035, -7.0664], [108.0351, -7.0664], [108.0351, -7.0665], [108.0352, -7.0665], [108.0354, -7.0667], [108.0356, -7.0667], [108.0357, -7.0668], [108.0366, -7.0668], [108.0367, -7.0667], [108.037, -7.0667], [108.0371, -7.0666], [108.0376, -7.0665], [108.0379, -7.0663], [108.0381, -7.0663], [108.0381, -7.0662], [108.0386, -7.066], [108.0386, -7.0659], [108.0388, -7.0659], [108.0388, -7.0658], [108.0392, -7.0656], [108.0395, -7.065], [108.0395, -7.0648], [108.0396, -7.0648], [108.0397, -7.0645], [108.0398, -7.0645], [108.04, -7.0641], [108.0405, -7.0639], [108.0405, -7.0638], [108.0407, -7.0638], [108.0407, -7.0637], [108.0409, -7.0637], [108.041, -7.0636], [108.0413, -7.0636], [108.0414, -7.0635], [108.0422, -7.0635], [108.0423, -7.0634], [108.0428, -7.0634], [108.0431, -7.0631], [108.0432, -7.0631], [108.0432, -7.063], [108.0438, -7.0627], [108.0439, -7.0623], [108.044, -7.0623], [108.044, -7.0614], [108.0442, -7.0612], [108.0443, -7.0612], [108.0443, -7.0611], [108.0447, -7.0609], [108.0457, -7.0609], [108.0457, -7.0608], [108.0463, -7.0608], [108.0469, -7.0605], [108.047, -7.0603], [108.047, -7.06], [108.0471, -7.06], [108.0472, -7.0591], [108.0474, -7.0583], [108.0481, -7.0568], [108.048, -7.0562], [108.0474, -7.0557], [108.0438, -7.0536], [108.0437, -7.0534]], [[108.0437, -7.0534], [108.0437, -7.0534]], [[108.0437, -7.0534], [108.0437, -7.0531], [108.0436, -7.0531], [108.0436, -7.0528], [108.0435, -7.0528], [108.0435, -7.0525], [108.0434, -7.0525], [108.0434, -7.0523], [108.0433, -7.0523], [108.0433, -7.052], [108.0432, -7.052], [108.0432, -7.0518], [108.0431, -7.0518], [108.043, -7.0513], [108.0429, -7.0513], [108.0429, -7.0507], [108.043, -7.0507], [108.043, -7.0506], [108.0433, -7.0506], [108.0433, -7.0505], [108.0434, -7.0505], [108.0435, -7.0503], [108.0436, -7.0503], [108.0436, -7.0502], [108.0435, -7.0501], [108.0435, -7.0499], [108.0433, -7.0498], [108.0433, -7.0497], [108.0432, -7.0497], [108.0432, -7.0496], [108.0431, -7.0496], [108.043, -7.0494], [108.043, -7.0492], [108.0429, -7.0491], [108.0429, -7.0486], [108.0428, -7.0485], [108.0428, -7.0481], [108.0431, -7.0481], [108.0431, -7.048], [108.0435, -7.0476], [108.0435, -7.0474], [108.0439, -7.0474], [108.0441, -7.0478], [108.0442, -7.0478], [108.0443, -7.0481], [108.0444, -7.0481], [108.0444, -7.0482], [108.0446, -7.0482], [108.0446, -7.0483], [108.0447, -7.0483], [108.0447, -7.0482], [108.0449, -7.0482], [108.0449, -7.0481], [108.0451, -7.0481], [108.0452, -7.0479]]]}, "properties": {"id": "SS Lewo", "kode": "R054", "nama": "SS Lewo", "jenis": "Sekunder"}}, {"type": "Feature", "geometry": {"type": "MultiLineString", "coordinates": [[[108.0129, -7.0486], [108.0126, -7.048], [108.0126, -7.0471], [108.0127, -7.047], [108.0127, -7.0467], [108.0129, -7.0463], [108.0129, -7.0461], [108.013, -7.046], [108.013, -7.0453], [108.0129, -7.0452], [108.0128, -7.0445], [108.0127, -7.0444], [108.0127, -7.0441]]]}, "properties": {"id": "Ruas tanpa nama R055", "kode": "R055", "nama": null, "jenis": "Tersier"}}, {"type": "Feature", "geometry": {"type": "MultiLineString", "coordinates": [[[108.0428, -7.0634], [108.0428, -7.0629], [108.0426, -7.0628], [108.0426, -7.0615], [108.0425, -7.0614], [108.0425, -7.0609], [108.0426, -7.0609], [108.0426, -7.0607], [108.0427, -7.0607], [108.0429, -7.0603], [108.0429, -7.0599], [108.0428, -7.0599], [108.0428, -7.0596], [108.0427, -7.0596], [108.0427, -7.0591], [108.0426, -7.0591], [108.0425, -7.0583], [108.0426, -7.0582], [108.0426, -7.0573], [108.0428, -7.0566], [108.0428, -7.0562], [108.0431, -7.0557]], [[108.0431, -7.0557], [108.0431, -7.0557]], [[108.0431, -7.0557], [108.0426, -7.0551], [108.0423, -7.0541]], [[108.0423, -7.0541], [108.0423, -7.0541]], [[108.0423, -7.0541], [108.0422, -7.0537], [108.0423, -7.0537], [108.0426, -7.0534], [108.0429, -7.0529], [108.0429, -7.0526], [108.0427, -7.0525]]]}, "properties": {"id": "SS Binuang", "kode": "R056", "nama": "SS Binuang", "jenis": "Sekunder"}}, {"type": "Feature", "geometry": {"type": "MultiLineString", "coordinates": [[[108.0128, -7.0572], [108.0127, -7.0572], [108.0123, -7.0564], [108.0121, -7.0562]]]}, "properties": {"id": "Ruas tanpa nama R057", "kode": "R057", "nama": null, "jenis": "Tersier"}}, {"type": "Feature", "geometry": {"type": "MultiLineString", "coordinates": [[[108.011, -7.0612], [108.0113, -7.0612], [108.0112, -7.0604], [108.0113, -7.0604], [108.0116, -7.0599], [108.0116, -7.0595], [108.0114, -7.0595], [108.0111, -7.0593], [108.0112, -7.0586], [108.0112, -7.0572], [108.0111, -7.057], [108.0109, -7.057], [108.0106, -7.0564], [108.0106, -7.0563], [108.0111, -7.0561], [108.0111, -7.056], [108.0109, -7.056], [108.0108, -7.0559], [108.0103, -7.0559], [108.0103, -7.0553], [108.0096, -7.0551], [108.0096, -7.055], [108.0095, -7.055], [108.0096, -7.055], [108.0106, -7.0535], [108.0103, -7.0531], [108.0101, -7.0508]]]}, "properties": {"id": "LW.4.Ki", "kode": "R058", "nama": "LW.4.Ki", "jenis": "Tersier"}}, {"type": "Feature", "geometry": {"type": "MultiLineString", "coordinates": [[[108.0142, -7.0498], [108.0142, -7.0497], [108.0143, -7.0497], [108.0143, -7.0491], [108.0141, -7.0491], [108.0136, -7.0488], [108.0129, -7.0486]]]}, "properties": {"id": "Ruas tanpa nama R059", "kode": "R059", "nama": null, "jenis": "Tersier"}}, {"type": "Feature", "geometry": {"type": "MultiLineString", "coordinates": [[[107.9679, -7.0816], [107.9683, -7.0811]], [[107.9683, -7.0811], [107.969, -7.0811], [107.9694, -7.0807], [107.97, -7.0809], [107.9703, -7.0809]], [[107.9683, -7.0811], [107.9679, -7.0808], [107.9682, -7.0806], [107.9685, -7.0802], [107.9686, -7.0791], [107.9688, -7.0788], [107.9692, -7.0784], [107.9693, -7.0785], [107.9698, -7.0782], [107.9695, -7.078], [107.9697, -7.0773], [107.97, -7.0773], [107.97, -7.0772], [107.9702, -7.0771], [107.9707, -7.0772], [107.9707, -7.0776], [107.9708, -7.0776], [107.9712, -7.078], [107.9712, -7.0782], [107.9713, -7.0783], [107.9715, -7.0778], [107.9717, -7.0779]]]}, "properties": {"id": "CTR.5.Ki", "kode": "R060", "nama": "CTR.5.Ki", "jenis": "Tersier"}}, {"type": "Feature", "geometry": {"type": "MultiLineString", "coordinates": [[[107.9714, -7.0826], [107.9724, -7.0825], [107.9727, -7.0823], [107.9726, -7.0815], [107.9728, -7.0796], [107.9732, -7.0787], [107.9738, -7.0781], [107.9754, -7.0783], [107.9759, -7.078]]]}, "properties": {"id": "CTR.6.Ki", "kode": "R061", "nama": "CTR.6.Ki", "jenis": "Tersier"}}, {"type": "Feature", "geometry": {"type": "MultiLineString", "coordinates": [[[107.9727, -7.0877], [107.9729, -7.0884], [107.9723, -7.0888], [107.9727, -7.0898], [107.9727, -7.0909]], [[107.9718, -7.0845], [107.9714, -7.085], [107.9716, -7.0858], [107.9713, -7.086], [107.9715, -7.0862], [107.9718, -7.0861], [107.9721, -7.0863], [107.972, -7.087], [107.9724, -7.0875], [107.9727, -7.0877]], [[107.9714, -7.0826], [107.9711, -7.0826], [107.9704, -7.0832], [107.9697, -7.0831], [107.9697, -7.0835], [107.97, -7.0836], [107.9704, -7.084], [107.9709, -7.0842], [107.9707, -7.0836], [107.9708, -7.0834], [107.9711, -7.0835], [107.9713, -7.0836], [107.9715, -7.084], [107.9715, -7.0843], [107.9718, -7.0845]]]}, "properties": {"id": "CTR.6.Te.b", "kode": "R062", "nama": "CTR.6.Te.b", "jenis": "Tersier"}}, {"type": "Feature", "geometry": {"type": "MultiLineString", "coordinates": [[[108.0303, -7.0555], [108.0303, -7.055], [108.0301, -7.0542], [108.03, -7.0542], [108.03, -7.0541], [108.0296, -7.0541], [108.0296, -7.054], [108.0295, -7.054], [108.0294, -7.0528]]]}, "properties": {"id": "Ruas tanpa nama R063", "kode": "R063", "nama": null, "jenis": "Tersier"}}, {"type": "Feature", "geometry": {"type": "MultiLineString", "coordinates": [[[108.0303, -7.0555], [108.0305, -7.0551], [108.0309, -7.0549], [108.0311, -7.054], [108.0311, -7.0531], [108.0313, -7.0527], [108.0314, -7.0527], [108.0314, -7.0525], [108.0313, -7.0525], [108.0312, -7.0522], [108.0309, -7.0522], [108.0307, -7.0516], [108.0307, -7.0512], [108.03, -7.0502], [108.0298, -7.0502], [108.0298, -7.0503], [108.0297, -7.0503], [108.0296, -7.051], [108.0294, -7.051], [108.0276, -7.0487], [108.027, -7.0474], [108.0271, -7.0471]]]}, "properties": {"id": "Ruas tanpa nama R064", "kode": "R064", "nama": null, "jenis": "Tersier"}}, {"type": "Feature", "geometry": {"type": "MultiLineString", "coordinates": [[[107.9714, -7.0826], [107.9725, -7.0826], [107.9727, -7.0823], [107.9726, -7.0816], [107.9749, -7.0816]]]}, "properties": {"id": "CTR.6.Te.a", "kode": "R065", "nama": "CTR.6.Te.a", "jenis": "Tersier"}}, {"type": "Feature", "geometry": {"type": "MultiLineString", "coordinates": [[[107.9604, -7.0761], [107.9605, -7.0762], [107.9615, -7.0761], [107.9613, -7.0761], [107.9616, -7.075], [107.9618, -7.075], [107.9618, -7.0747], [107.9616, -7.0747], [107.9619, -7.0737], [107.9621, -7.0737], [107.9621, -7.0729], [107.9623, -7.0728], [107.9624, -7.0726], [107.9622, -7.0726], [107.9623, -7.0722]]]}, "properties": {"id": "CTL.5.Ka", "kode": "R066", "nama": "CTL.5.Ka", "jenis": "Tersier"}}, {"type": "Feature", "geometry": {"type": "MultiLineString", "coordinates": [[[107.9643, -7.0691], [107.9646, -7.0692], [107.9648, -7.0688], [107.9652, -7.0687], [107.9659, -7.0688], [107.9662, -7.0691], [107.9663, -7.0691], [107.9663, -7.0692], [107.9666, -7.0692], [107.9667, -7.0693]]]}, "properties": {"id": "CTL.6.Ka", "kode": "R067", "nama": "CTL.6.Ka", "jenis": "Tersier"}}, {"type": "Feature", "geometry": {"type": "MultiLineString", "coordinates": [[[107.9638, -7.0675], [107.9639, -7.0675], [107.9639, -7.0676], [107.9641, -7.0676], [107.9641, -7.0675], [107.9646, -7.0675], [107.9647, -7.0677], [107.9651, -7.0677], [107.9651, -7.0674], [107.9654, -7.0675], [107.9654, -7.0676], [107.9661, -7.0677], [107.9665, -7.0679], [107.9668, -7.0678], [107.9676, -7.0683], [107.9675, -7.0688], [107.9682, -7.0692], [107.9688, -7.0692], [107.969, -7.0701], [107.9697, -7.0703], [107.9696, -7.0706], [107.9694, -7.0706], [107.9695, -7.0707], [107.9694, -7.071], [107.9692, -7.071], [107.9691, -7.0711], [107.9691, -7.0713], [107.9692, -7.0713], [107.9696, -7.072], [107.9696, -7.0726], [107.9699, -7.0727], [107.9699, -7.0729]]]}, "properties": {"id": "CTL.7.Ka", "kode": "R068", "nama": "CTL.7.Ka", "jenis": "Tersier"}}, {"type": "Feature", "geometry": {"type": "MultiLineString", "coordinates": [[[108.0362, -7.0533], [108.0362, -7.0534], [108.0366, -7.0536], [108.0366, -7.0537], [108.0363, -7.0541], [108.0362, -7.055], [108.0363, -7.0551], [108.0363, -7.0555], [108.0364, -7.0556], [108.0364, -7.056], [108.0365, -7.056], [108.0367, -7.0568], [108.0368, -7.0569], [108.0368, -7.0573], [108.0369, -7.0574], [108.0369, -7.0585], [108.0368, -7.0586], [108.0368, -7.0591], [108.0367, -7.0592], [108.0367, -7.0596], [108.0366, -7.0597], [108.0366, -7.0604], [108.037, -7.0612], [108.0371, -7.0612], [108.0373, -7.0616], [108.0374, -7.0616], [108.0376, -7.062], [108.0376, -7.0622], [108.0377, -7.0623], [108.0377, -7.0627], [108.0378, -7.0628], [108.0378, -7.0631], [108.0379, -7.0631], [108.038, -7.0635], [108.0382, -7.0637], [108.0383, -7.0637], [108.0383, -7.0638], [108.0387, -7.064], [108.0388, -7.0642]]]}, "properties": {"id": "SS.1.Ka", "kode": "R069", "nama": "SS.1.Ka", "jenis": "Tersier"}}, {"type": "Feature", "geometry": {"type": "MultiLineString", "coordinates": [[[108.0373, -7.0622], [108.0373, -7.062], [108.0371, -7.0619], [108.0363, -7.0608], [108.0362, -7.06], [108.0361, -7.0599], [108.0361, -7.0592], [108.036, -7.0591], [108.036, -7.0586], [108.0359, -7.0585], [108.0359, -7.0582], [108.0358, -7.0581], [108.0357, -7.0577], [108.0356, -7.0577], [108.0356, -7.0575], [108.0354, -7.0571], [108.0352, -7.057], [108.0351, -7.0567]]]}, "properties": {"id": "SS.2", "kode": "R070", "nama": "SS.2", "jenis": "Tersier"}}, {"type": "Feature", "geometry": {"type": "MultiLineString", "coordinates": [[[108.0452, -7.0479], [108.0452, -7.0474], [108.0451, -7.0474], [108.045, -7.0466], [108.0449, -7.0465], [108.0449, -7.0461], [108.0448, -7.0461], [108.0449, -7.0459], [108.0451, -7.0459], [108.0451, -7.0458], [108.0452, -7.0458], [108.0453, -7.046], [108.0454, -7.046], [108.0454, -7.0461], [108.046, -7.0461], [108.0461, -7.0459], [108.0462, -7.0459], [108.0462, -7.0456], [108.0463, -7.0456], [108.0463, -7.0455], [108.0468, -7.0455], [108.0468, -7.0456], [108.047, -7.0456], [108.0471, -7.0457], [108.0473, -7.0457], [108.0473, -7.0456], [108.0476, -7.0456], [108.0476, -7.0455], [108.048, -7.0455], [108.0478, -7.0443], [108.0477, -7.0441], [108.0476, -7.0441], [108.0475, -7.0438], [108.0473, -7.0436], [108.0472, -7.0436], [108.0472, -7.0434], [108.0471, -7.0434], [108.0471, -7.0433]], [[108.0471, -7.0433], [108.0481, -7.0432]], [[108.0448, -7.0423], [108.0464, -7.0417], [108.0465, -7.0422], [108.0466, -7.0422], [108.0466, -7.0424], [108.0467, -7.0426], [108.0468, -7.0426], [108.0468, -7.0428], [108.0469, -7.0428], [108.0469, -7.043], [108.047, -7.043], [108.047, -7.0432], [108.0471, -7.0432], [108.0471, -7.0433]]]}, "properties": {"id": "LW.16.Ka", "kode": "R071", "nama": "LW.16.Ka", "jenis": "Tersier"}}, {"type": "Feature", "geometry": {"type": "MultiLineString", "coordinates": [[[108.0427, -7.0525], [108.0426, -7.0525], [108.0422, -7.0521]]]}, "properties": {"id": "BN.5.Ki", "kode": "R072", "nama": "BN.5.Ki", "jenis": "Tersier"}}, {"type": "Feature", "geometry": {"type": "MultiLineString", "coordinates": [[[108.0056, -7.1487], [108.0058, -7.1486], [108.0058, -7.1485], [108.0059, -7.1485], [108.0059, -7.1483], [108.0061, -7.1482], [108.0061, -7.148], [108.0062, -7.148], [108.0062, -7.1479], [108.0064, -7.1477], [108.0064, -7.1473], [108.0063, -7.1473], [108.0063, -7.1472], [108.0061, -7.1471], [108.0061, -7.147], [108.006, -7.147], [108.006, -7.1469], [108.0059, -7.1469], [108.0059, -7.1468], [108.0058, -7.1468], [108.0057, -7.1463], [108.0056, -7.1463], [108.0056, -7.1461], [108.0055, -7.1461], [108.0055, -7.146], [108.005, -7.146], [108.005, -7.1459], [108.0048, -7.1459]]]}, "properties": {"id": "Suplesi Citameng III", "kode": "R073", "nama": "Suplesi Citameng III", "jenis": "Sekunder"}}, {"type": "Feature", "geometry": {"type": "MultiLineString", "coordinates": [[[108.039, -7.0657], [108.039, -7.0655], [108.0391, -7.0654], [108.0391, -7.0649], [108.0392, -7.0649], [108.0392, -7.0648], [108.0391, -7.0648], [108.0391, -7.0645], [108.039, -7.0643], [108.0389, -7.0643], [108.0389, -7.0642], [108.0386, -7.0641], [108.0386, -7.064], [108.0384, -7.064], [108.0384, -7.0639], [108.0382, -7.0638], [108.038, -7.0638], [108.038, -7.0637], [108.0378, -7.0636], [108.0377, -7.0634], [108.0377, -7.0631], [108.0376, -7.0631], [108.0375, -7.0625], [108.0374, -7.0625], [108.0374, -7.0622], [108.0373, -7.0622]]]}, "properties": {"id": "SS Sindangsari", "kode": "R074", "nama": "SS Sindangsari", "jenis": "Sekunder"}}, {"type": "Feature", "geometry": {"type": "MultiLineString", "coordinates": [[[108.0439, -7.0536], [108.0438, -7.0538], [108.0436, -7.0539], [108.0436, -7.054], [108.0434, -7.054], [108.0433, -7.0542], [108.0431, -7.0542], [108.043, -7.0539], [108.0429, -7.0539], [108.0428, -7.0541], [108.0426, -7.0541], [108.0426, -7.0542], [108.0423, -7.0542], [108.0423, -7.0543], [108.0421, -7.0542], [108.0421, -7.0535], [108.0422, -7.0535], [108.0422, -7.0533], [108.0423, -7.0533], [108.0424, -7.053], [108.0425, -7.053], [108.0425, -7.0527], [108.0424, -7.0527], [108.0424, -7.0526], [108.0422, -7.0526], [108.0422, -7.0525], [108.042, -7.0524], [108.0419, -7.0522], [108.0419, -7.0519], [108.0418, -7.0519], [108.0417, -7.0514], [108.0416, -7.0514], [108.0416, -7.0508], [108.0415, -7.0508], [108.0415, -7.0504], [108.0413, -7.05], [108.0412, -7.05], [108.0412, -7.0499], [108.041, -7.0498], [108.041, -7.0497], [108.0408, -7.0497], [108.0408, -7.0496], [108.0406, -7.0496], [108.0404, -7.0494], [108.0403, -7.0494], [108.0403, -7.0492], [108.0402, -7.0491], [108.0403, -7.0482], [108.0404, -7.0481], [108.0404, -7.0476], [108.0405, -7.0476], [108.0405, -7.0458], [108.0404, -7.0458], [108.0404, -7.0455], [108.0403, -7.0455], [108.0403, -7.0449], [108.0402, -7.0449], [108.0402, -7.0447], [108.0403, -7.0446], [108.0403, -7.044], [108.0404, -7.0439], [108.0405, -7.0428], [108.0406, -7.0427], [108.0406, -7.0417], [108.0407, -7.0416], [108.0407, -7.0408], [108.0406, -7.0406], [108.0407, -7.0405], [108.0407, -7.0397], [108.0408, -7.0396], [108.0407, -7.0394], [108.0407, -7.0391], [108.0405, -7.0388], [108.0404, -7.0384]]]}, "properties": {"id": "LW.15.Ki", "kode": "R075", "nama": "LW.15.Ki", "jenis": "Tersier"}}, {"type": "Feature", "geometry": {"type": "MultiLineString", "coordinates": [[[108.043, -7.0557], [108.0429, -7.0558], [108.0425, -7.0552], [108.0421, -7.0543], [108.0419, -7.0542], [108.0418, -7.0532], [108.0413, -7.0526], [108.0412, -7.0526], [108.041, -7.0524], [108.041, -7.0518], [108.0409, -7.0517], [108.0409, -7.0513], [108.0408, -7.0513], [108.0408, -7.0506], [108.0406, -7.0505], [108.0406, -7.0504], [108.0399, -7.0504], [108.0399, -7.0503], [108.0398, -7.0503], [108.0397, -7.0501], [108.0396, -7.0501], [108.0395, -7.0499], [108.0393, -7.0498], [108.0393, -7.0497], [108.0392, -7.0497], [108.039, -7.0493], [108.039, -7.0487], [108.0391, -7.0485], [108.0397, -7.048], [108.0399, -7.0476], [108.04, -7.0468], [108.0397, -7.0467], [108.0398, -7.0463]]]}, "properties": {"id": "BN.4.Ki", "kode": "R076", "nama": "BN.4.Ki", "jenis": "Tersier"}}, {"type": "Feature", "geometry": {"type": "MultiLineString", "coordinates": [[[108.0428, -7.0564], [108.0427, -7.0562], [108.0427, -7.0557], [108.0426, -7.0557], [108.0423, -7.0553], [108.0422, -7.0548], [108.0421, -7.0548], [108.0421, -7.0546], [108.0419, -7.0545], [108.0418, -7.0542], [108.0417, -7.0542], [108.0417, -7.0534], [108.0416, -7.0534], [108.0411, -7.0528], [108.0411, -7.0527], [108.0409, -7.0526], [108.0406, -7.0526], [108.039, -7.0532]], [[108.039, -7.0532], [108.039, -7.0526], [108.0389, -7.0526], [108.0389, -7.0523], [108.0387, -7.0519], [108.0386, -7.0519], [108.0386, -7.0518], [108.0384, -7.0517], [108.0384, -7.0516], [108.038, -7.0516], [108.0378, -7.0515], [108.0375, -7.0509], [108.0378, -7.0502], [108.0379, -7.0502], [108.0379, -7.0496], [108.0377, -7.0495], [108.0377, -7.0494], [108.0376, -7.0494], [108.0376, -7.0492], [108.0375, -7.0492], [108.0375, -7.0485], [108.0374, -7.0485], [108.0373, -7.0482], [108.0372, -7.0482], [108.0372, -7.0481], [108.0371, -7.0481], [108.0371, -7.048], [108.0369, -7.0479], [108.0369, -7.0475], [108.037, -7.0475], [108.037, -7.047], [108.0371, -7.047], [108.0371, -7.0464], [108.0372, -7.0463], [108.0372, -7.0458], [108.0371, -7.0458], [108.0371, -7.0452], [108.037, -7.0452], [108.037, -7.0448], [108.0369, -7.0448], [108.0369, -7.0446], [108.0368, -7.0446], [108.0368, -7.0445], [108.0365, -7.0445], [108.0365, -7.0444], [108.0362, -7.0444], [108.0362, -7.0443], [108.0359, -7.0443], [108.0359, -7.0442], [108.0357, -7.0442]]]}, "properties": {"id": "BN.3.Ki", "kode": "R077", "nama": "BN.3.Ki", "jenis": "Tersier"}}, {"type": "Feature", "geometry": {"type": "MultiLineString", "coordinates": [[[108.0295, -7.057], [108.0293, -7.0568], [108.0296, -7.0556], [108.0293, -7.0547], [108.0287, -7.0538], [108.0279, -7.0528], [108.0279, -7.0524], [108.0268, -7.0521]]]}, "properties": {"id": "Ruas tanpa nama R078", "kode": "R078", "nama": null, "jenis": "Tersier"}}, {"type": "Feature", "geometry": {"type": "MultiLineString", "coordinates": [[[108.0168, -7.058], [108.0168, -7.0578], [108.0167, -7.0578], [108.0167, -7.0575], [108.0166, -7.0574], [108.0166, -7.0571], [108.0165, -7.057], [108.0165, -7.0565], [108.0164, -7.0565], [108.0165, -7.0556], [108.0166, -7.0556], [108.0166, -7.0555], [108.017, -7.0551], [108.0172, -7.055], [108.0172, -7.0549], [108.0175, -7.0548], [108.0176, -7.0545], [108.0177, -7.0545], [108.0177, -7.0543], [108.0179, -7.0542], [108.0179, -7.0541], [108.018, -7.0541], [108.018, -7.054]], [[108.018, -7.054], [108.018, -7.0539], [108.0178, -7.0538], [108.0178, -7.0536], [108.0179, -7.0536], [108.0181, -7.0532], [108.0181, -7.0526], [108.0182, -7.0525], [108.0182, -7.0523], [108.0185, -7.0522], [108.0185, -7.0521], [108.019, -7.0521]]]}, "properties": {"id": "LW.7.Ki", "kode": "R079", "nama": "LW.7.Ki", "jenis": "Tersier"}}, {"type": "Feature", "geometry": {"type": "MultiLineString", "coordinates": [[[108.0248, -7.0589], [108.0248, -7.0586], [108.0247, -7.0586]]]}, "properties": {"id": "LW.9.Ki", "kode": "R080", "nama": "LW.9.Ki", "jenis": "Tersier"}}, {"type": "Feature", "geometry": {"type": "MultiLineString", "coordinates": [[[108.0216, -7.0579], [108.0221, -7.0576], [108.0222, -7.0574], [108.0226, -7.0556], [108.0232, -7.0541], [108.0233, -7.054], [108.0234, -7.0541], [108.0238, -7.0542], [108.0239, -7.0538], [108.024, -7.0538], [108.024, -7.0533], [108.0241, -7.0531], [108.024, -7.052], [108.0239, -7.0517], [108.0232, -7.0507], [108.0227, -7.0504], [108.0225, -7.05]]]}, "properties": {"id": "LW.8.Ki", "kode": "R081", "nama": "LW.8.Ki", "jenis": "Tersier"}}, {"type": "Feature", "geometry": {"type": "MultiLineString", "coordinates": [[[107.9919, -7.0834], [107.9918, -7.0833], [107.9916, -7.0833], [107.9915, -7.0832], [107.9908, -7.083], [107.9903, -7.0827], [107.99, -7.0822], [107.9901, -7.0806]], [[107.9901, -7.0806], [107.9903, -7.0802], [107.9903, -7.0798], [107.9904, -7.0795], [107.9906, -7.0792], [107.9906, -7.079], [107.9909, -7.0784], [107.9909, -7.0783], [107.9907, -7.0783], [107.9908, -7.0782], [107.991, -7.0774], [107.9911, -7.0766], [107.9917, -7.0752], [107.9917, -7.075]], [[107.9901, -7.0806], [107.9899, -7.0804], [107.9899, -7.0803], [107.9897, -7.0802], [107.9897, -7.0797], [107.9898, -7.0797], [107.9898, -7.0794], [107.9896, -7.0793], [107.9895, -7.0791], [107.9893, -7.0791], [107.9893, -7.079], [107.9891, -7.079], [107.9891, -7.0789], [107.9889, -7.0789], [107.9889, -7.0788], [107.9887, -7.0788], [107.9886, -7.0787], [107.988, -7.0786], [107.988, -7.0785], [107.9878, -7.0785], [107.9878, -7.0783], [107.9877, -7.0783], [107.9877, -7.0782], [107.9878, -7.0782], [107.9878, -7.078], [107.9879, -7.078], [107.9879, -7.0778], [107.988, -7.0778], [107.988, -7.0776], [107.9881, -7.0776], [107.9881, -7.0772], [107.9882, -7.0771], [107.9881, -7.0761], [107.9888, -7.0761], [107.9888, -7.0759], [107.9889, -7.0759], [107.9889, -7.0757], [107.9888, -7.0757], [107.9888, -7.0756], [107.9889, -7.0756], [107.9889, -7.0754], [107.989, -7.0754], [107.9891, -7.0749]]]}, "properties": {"id": "BK.5", "kode": "R082", "nama": "BK.5", "jenis": "Tersier"}}, {"type": "Feature", "geometry": {"type": "MultiLineString", "coordinates": [[[107.9938, -7.0914], [107.9936, -7.091], [107.9935, -7.091], [107.9935, -7.0905], [107.9943, -7.0896], [107.9943, -7.0892], [107.9942, -7.0892], [107.9941, -7.0888], [107.9938, -7.0884]], [[107.9938, -7.0884], [107.9938, -7.0882], [107.9936, -7.088], [107.9936, -7.0879], [107.9935, -7.0879], [107.9935, -7.0877], [107.9934, -7.0877], [107.9934, -7.0876], [107.9936, -7.0875], [107.9936, -7.0874], [107.9937, -7.0874], [107.9937, -7.087], [107.9936, -7.087], [107.9936, -7.0864], [107.9935, -7.0863], [107.9933, -7.0863], [107.9933, -7.0862], [107.993, -7.0862], [107.993, -7.0861], [107.9929, -7.0861], [107.9929, -7.0857], [107.9928, -7.0857], [107.9927, -7.0853], [107.9926, -7.0853], [107.9926, -7.0851], [107.9924, -7.085]]]}, "properties": {"id": "BK.1.Ki", "kode": "R083", "nama": "BK.1.Ki", "jenis": "Tersier"}}, {"type": "Feature", "geometry": {"type": "MultiLineString", "coordinates": [[[107.993, -7.1324], [107.9927, -7.1287], [107.9928, -7.1275], [107.9931, -7.1257], [107.9935, -7.1252]], [[107.9935, -7.1252], [107.9957, -7.1231], [107.9958, -7.1199], [107.9948, -7.1183], [107.9948, -7.1181], [107.9951, -7.1175], [107.9955, -7.117], [107.9959, -7.1162], [107.9959, -7.116], [107.996, -7.116], [107.996, -7.1157], [107.9962, -7.1154], [107.9962, -7.115], [107.9963, -7.115], [107.9963, -7.1147], [107.9965, -7.1143], [107.9965, -7.114], [107.9966, -7.1139], [107.9967, -7.1134], [107.9968, -7.1132], [107.9969, -7.1132], [107.9969, -7.113], [107.9971, -7.1127], [107.9971, -7.1125], [107.9967, -7.112], [107.9965, -7.1119], [107.9964, -7.1117], [107.9963, -7.1117], [107.9963, -7.1116], [107.9962, -7.1116], [107.9961, -7.1114], [107.996, -7.1114], [107.9959, -7.1112], [107.9958, -7.1112], [107.9958, -7.111], [107.9957, -7.1108], [107.9956, -7.1108], [107.9956, -7.1102], [107.9957, -7.1102], [107.9959, -7.1098], [107.996, -7.1091], [107.9959, -7.109], [107.9957, -7.109], [107.9957, -7.1089], [107.9953, -7.1088], [107.9953, -7.1087], [107.9952, -7.1087], [107.995, -7.1085], [107.995, -7.1084], [107.9949, -7.1084], [107.9949, -7.1083], [107.9946, -7.108], [107.9946, -7.1079], [107.9944, -7.1078], [107.9943, -7.1076], [107.9943, -7.1069], [107.9942, -7.1069], [107.9942, -7.1068], [107.9939, -7.1068], [107.9939, -7.1067], [107.9937, -7.1066], [107.9937, -7.1065], [107.9936, -7.1065], [107.9936, -7.1062], [107.9935, -7.106], [107.9934, -7.106], [107.9933, -7.1058], [107.9931, -7.1057], [107.9931, -7.1056], [107.9929, -7.1056], [107.9929, -7.1053], [107.9931, -7.1049], [107.9932, -7.1049], [107.9933, -7.1047], [107.9933, -7.1045], [107.9934, -7.1045], [107.9933, -7.1037], [107.9934, -7.1036], [107.9934, -7.1032], [107.9935, -7.1032], [107.9935, -7.1026], [107.9934, -7.1024], [107.9933, -7.1024], [107.9933, -7.1023], [107.9931, -7.1022], [107.9931, -7.1021], [107.993, -7.1021], [107.9929, -7.1019], [107.9929, -7.1016], [107.993, -7.1014], [107.9931, -7.1014], [107.9931, -7.1013], [107.9933, -7.1013], [107.9933, -7.1012], [107.9935, -7.1012], [107.9935, -7.1011], [107.9939, -7.1011], [107.9939, -7.101], [107.9946, -7.1009], [107.9946, -7.1008], [107.9948, -7.1008], [107.9953, -7.1006], [107.9956, -7.1001], [107.997, -7.0993], [107.9978, -7.0981]], [[107.9978, -7.0981], [107.9978, -7.0981]], [[107.9978, -7.0981], [107.998, -7.0977], [107.9982, -7.0976], [107.9982, -7.0974], [107.9988, -7.0971], [107.9988, -7.0965], [107.9987, -7.0963], [107.9987, -7.096], [107.9986, -7.0959], [107.9986, -7.0955], [107.9985, -7.0954], [107.9985, -7.0948], [107.9984, -7.0948], [107.9984, -7.0941], [107.9985, -7.0939], [107.9991, -7.0936], [107.9995, -7.0936], [107.9996, -7.0935], [108.0001, -7.0935], [108.0001, -7.0934], [108.0004, -7.0934], [108.0004, -7.0933], [108.0005, -7.0933], [108.0007, -7.0931], [108.0007, -7.093], [108.0008, -7.093], [108.0009, -7.0924], [108.0012, -7.0918], [108.0012, -7.0903], [108.0011, -7.0902], [108.0011, -7.0898], [108.0009, -7.0894], [108.0008, -7.0894], [108.0007, -7.0892], [108.0007, -7.0889], [108.0009, -7.0888], [108.0009, -7.0887], [108.0012, -7.0886], [108.0012, -7.0885], [108.0014, -7.0885], [108.0014, -7.0884], [108.0016, -7.0883], [108.0018, -7.0883], [108.0018, -7.0882], [108.002, -7.0882], [108.002, -7.0881], [108.0024, -7.088], [108.0028, -7.0876], [108.0028, -7.0875], [108.003, -7.0874], [108.0031, -7.087], [108.0032, -7.087], [108.0032, -7.0864], [108.0033, -7.0863], [108.0032, -7.0856], [108.0031, -7.0856], [108.0031, -7.0853], [108.003, -7.0852], [108.003, -7.0845], [108.0031, -7.0845], [108.0031, -7.0844], [108.0032, -7.0844], [108.0033, -7.0842], [108.0035, -7.084], [108.0036, -7.084], [108.0036, -7.0839], [108.0037, -7.0839], [108.0037, -7.0838], [108.004, -7.0835], [108.004, -7.0834], [108.0044, -7.0832], [108.0044, -7.0831], [108.0046, -7.083], [108.0047, -7.0828], [108.005, -7.0828], [108.0053, -7.0825], [108.0053, -7.0822], [108.0054, -7.0821], [108.0054, -7.0816], [108.0055, -7.0815], [108.0055, -7.081], [108.0056, -7.0809], [108.0056, -7.0803], [108.0057, -7.0802], [108.0057, -7.0797], [108.0058, -7.0796], [108.0058, -7.0791], [108.0059, -7.079], [108.0059, -7.0784], [108.006, -7.0783], [108.006, -7.0778], [108.0061, -7.0777], [108.0063, -7.0761], [108.0064, -7.0759], [108.0064, -7.0755], [108.0065, -7.0754], [108.0065, -7.0749], [108.0066, -7.0748], [108.0067, -7.0739], [108.0068, -7.0737], [108.0068, -7.0733], [108.0069, -7.0732], [108.007, -7.0724], [108.0071, -7.0723], [108.0071, -7.0718], [108.0072, -7.0717], [108.0073, -7.0709], [108.0074, -7.0708], [108.0074, -7.0705], [108.0075, -7.0704], [108.0076, -7.0696], [108.0071, -7.0685], [108.0064, -7.0679], [108.006, -7.0677], [108.0054, -7.0671], [108.005, -7.0663]]]}, "properties": {"id": "SS Tegal Buah", "kode": "R084", "nama": "SS Tegal Buah", "jenis": "Sekunder"}}, {"type": "Feature", "geometry": {"type": "MultiLineString", "coordinates": [[[107.9414, -7.1257], [107.9414, -7.1258], [107.9412, -7.1259], [107.9412, -7.1262], [107.9414, -7.1269], [107.9415, -7.127], [107.9409, -7.1287], [107.9397, -7.1286], [107.9395, -7.1288], [107.9395, -7.1296], [107.94, -7.13], [107.9401, -7.1298], [107.9405, -7.13], [107.9408, -7.1304], [107.9412, -7.1314], [107.9412, -7.132]]]}, "properties": {"id": "C.1.M", "kode": "R085", "nama": "C.1.M", "jenis": "Tersier"}}, {"type": "Feature", "geometry": {"type": "MultiLineString", "coordinates": [[[107.9503, -7.1126], [107.9503, -7.1128], [107.9489, -7.1127], [107.9487, -7.1128], [107.9482, -7.1127], [107.9482, -7.113], [107.9485, -7.1131], [107.9484, -7.1133], [107.9486, -7.1141], [107.9485, -7.1142], [107.9483, -7.1141]]]}, "properties": {"id": "CD.17.Ka", "kode": "R086", "nama": "CD.17.Ka", "jenis": "Tersier"}}, {"type": "Feature", "geometry": {"type": "MultiLineString", "coordinates": [[[107.9523, -7.1114], [107.9525, -7.1115], [107.9525, -7.1114], [107.9533, -7.1117], [107.9535, -7.1123], [107.9537, -7.1126]]]}, "properties": {"id": "CD.18.Ka", "kode": "R087", "nama": "CD.18.Ka", "jenis": "Tersier"}}, {"type": "Feature", "geometry": {"type": "MultiLineString", "coordinates": [[[107.9537, -7.1102], [107.9536, -7.1102], [107.9534, -7.11], [107.9533, -7.1101], [107.9533, -7.1103], [107.9534, -7.1103], [107.9534, -7.1105], [107.9533, -7.1106], [107.9529, -7.1104]]]}, "properties": {"id": "CD.19.Ka", "kode": "R088", "nama": "CD.19.Ka", "jenis": "Tersier"}}, {"type": "Feature", "geometry": {"type": "MultiLineString", "coordinates": [[[108.0312, -7.0622], [108.0311, -7.0612], [108.031, -7.0612], [108.0309, -7.0606], [108.0306, -7.06], [108.0305, -7.06], [108.0305, -7.0598], [108.0304, -7.0598], [108.0304, -7.0596], [108.0303, -7.0596], [108.0301, -7.0591], [108.03, -7.0591], [108.0299, -7.0587], [108.0297, -7.0586], [108.0297, -7.0584], [108.0296, -7.0584], [108.0295, -7.0581], [108.0294, -7.0581], [108.0294, -7.0579], [108.0293, -7.0579], [108.0293, -7.0572], [108.0294, -7.0572], [108.0295, -7.0568], [108.0296, -7.0568], [108.0299, -7.0561], [108.03, -7.0561], [108.0303, -7.0555]]]}, "properties": {"id": "SS Cioray", "kode": "R089", "nama": "SS Cioray", "jenis": "Sekunder"}}, {"type": "Feature", "geometry": {"type": "MultiLineString", "coordinates": [[[107.989, -7.0992], [107.9886, -7.0987], [107.9884, -7.0979], [107.9882, -7.0975], [107.9883, -7.0972], [107.9881, -7.0969], [107.9872, -7.0963], [107.9862, -7.0963], [107.9854, -7.0966], [107.985, -7.096], [107.9849, -7.0956], [107.9845, -7.0947], [107.9845, -7.0945], [107.9843, -7.0942], [107.9841, -7.0941]]]}, "properties": {"id": "SS Kresek", "kode": "R090", "nama": "SS Kresek", "jenis": "Sekunder"}}, {"type": "Feature", "geometry": {"type": "MultiLineString", "coordinates": [[[107.9841, -7.0941], [107.9841, -7.0939], [107.9842, -7.0939], [107.9842, -7.0935], [107.9843, -7.0935], [107.9843, -7.0933], [107.9844, -7.0933], [107.9844, -7.093], [107.9845, -7.093], [107.9845, -7.0927], [107.9841, -7.0925], [107.9841, -7.0924], [107.9842, -7.0924], [107.9843, -7.0922], [107.9843, -7.0919], [107.9842, -7.0919], [107.9841, -7.0917], [107.9843, -7.0914], [107.9843, -7.0908], [107.9844, -7.0908], [107.9844, -7.0905], [107.9842, -7.0903], [107.9835, -7.09], [107.9834, -7.0898], [107.983, -7.0897], [107.9828, -7.0893], [107.9827, -7.0893], [107.9827, -7.0891], [107.9825, -7.089], [107.9825, -7.0889], [107.9821, -7.0888], [107.9821, -7.0887], [107.982, -7.0887], [107.982, -7.0885]], [[107.982, -7.0885], [107.982, -7.0881], [107.9821, -7.0881], [107.9821, -7.0874], [107.982, -7.0873], [107.982, -7.0871], [107.9826, -7.0866], [107.9827, -7.086]], [[107.982, -7.0885], [107.9812, -7.0884], [107.9812, -7.0883], [107.9811, -7.0883], [107.9812, -7.0882], [107.9812, -7.088], [107.9813, -7.088], [107.9814, -7.0878], [107.9814, -7.0876], [107.9815, -7.0876], [107.9816, -7.0872], [107.9815, -7.0872], [107.9815, -7.0871], [107.9813, -7.087], [107.9813, -7.0868], [107.9811, -7.0867], [107.9811, -7.0865], [107.9809, -7.0864], [107.9809, -7.0862], [107.9807, -7.0861], [107.9807, -7.0859], [107.9806, -7.0859], [107.9806, -7.0857], [107.9803, -7.0852], [107.9804, -7.085], [107.9806, -7.0849], [107.9806, -7.0847], [107.9808, -7.0846]], [[107.9808, -7.0846], [107.9808, -7.0846]], [[107.9808, -7.0846], [107.9807, -7.0846], [107.9804, -7.0842], [107.9804, -7.0838], [107.9808, -7.083], [107.9808, -7.0827], [107.9809, -7.0825], [107.9811, -7.0813], [107.981, -7.0807], [107.981, -7.0804], [107.9812, -7.0799], [107.9811, -7.0798], [107.9812, -7.0796], [107.9814, -7.0795], [107.9814, -7.0794], [107.9817, -7.0793], [107.9817, -7.0792], [107.9819, -7.0791], [107.9819, -7.079], [107.982, -7.079], [107.9822, -7.0786], [107.9822, -7.0779]]]}, "properties": {"id": "KR.2.Ki", "kode": "R091", "nama": "KR.2.Ki", "jenis": "Tersier"}}, {"type": "Feature", "geometry": {"type": "MultiLineString", "coordinates": [[[107.9841, -7.0941], [107.9832, -7.0939], [107.9834, -7.0935]], [[107.9834, -7.0935], [107.9834, -7.0935]], [[107.9834, -7.0935], [107.984, -7.0921], [107.9834, -7.0917], [107.9823, -7.0923], [107.9821, -7.0923], [107.9816, -7.0927], [107.9815, -7.093], [107.9816, -7.093], [107.9816, -7.0934], [107.9817, -7.0934], [107.9817, -7.0938], [107.9804, -7.0938], [107.9804, -7.0937], [107.9801, -7.0937], [107.98, -7.0935], [107.9799, -7.0935], [107.9799, -7.0934], [107.9797, -7.0933], [107.9797, -7.0931], [107.9795, -7.093], [107.9794, -7.0926], [107.9793, -7.0926], [107.9793, -7.0924], [107.9791, -7.0923], [107.9791, -7.0922], [107.979, -7.0922]]]}, "properties": {"id": "KR.2.Ki (2)", "kode": "R092", "nama": "KR.2.Ki", "jenis": "Tersier"}}, {"type": "Feature", "geometry": {"type": "MultiLineString", "coordinates": [[[108.0119, -7.056], [108.0114, -7.0556], [108.0112, -7.0552], [108.011, -7.0551]]]}, "properties": {"id": "Ruas tanpa nama R093", "kode": "R093", "nama": null, "jenis": "Tersier"}}, {"type": "Feature", "geometry": {"type": "MultiLineString", "coordinates": [[[107.9507, -7.1054], [107.9512, -7.1052], [107.9517, -7.1054], [107.9517, -7.1055], [107.9531, -7.1056], [107.9543, -7.1055], [107.9549, -7.1054], [107.9548, -7.1052], [107.9549, -7.1048]]]}, "properties": {"id": "CS.4.Ka", "kode": "R094", "nama": "CS.4.Ka", "jenis": "Tersier"}}, {"type": "Feature", "geometry": {"type": "MultiLineString", "coordinates": [[[107.951, -7.1048], [107.9511, -7.1049], [107.9512, -7.1041], [107.9513, -7.104], [107.951, -7.1038], [107.9512, -7.1033], [107.9516, -7.1034], [107.9522, -7.1014], [107.9522, -7.101], [107.9518, -7.1007], [107.9517, -7.1007], [107.9517, -7.1005], [107.9524, -7.1002]]]}, "properties": {"id": "CS.5.Ka", "kode": "R095", "nama": "CS.5.Ka", "jenis": "Tersier"}}, {"type": "Feature", "geometry": {"type": "MultiLineString", "coordinates": [[[107.9463, -7.0986], [107.9456, -7.0961]], [[107.9456, -7.0961], [107.9431, -7.0967], [107.943, -7.097], [107.9429, -7.0968], [107.9428, -7.0969], [107.9426, -7.0969], [107.9426, -7.0967], [107.9424, -7.0967], [107.9422, -7.0969], [107.9404, -7.0976]]]}, "properties": {"id": "CS.6.Ki.b", "kode": "R096", "nama": "CS.6.Ki.b", "jenis": "Tersier"}}, {"type": "Feature", "geometry": {"type": "MultiLineString", "coordinates": [[[107.9463, -7.0986], [107.946, -7.0988], [107.9463, -7.0994], [107.9461, -7.0996], [107.946, -7.0999], [107.9458, -7.0997], [107.9455, -7.0999], [107.9458, -7.1003], [107.9457, -7.1006], [107.9454, -7.1008], [107.9456, -7.101], [107.9451, -7.1014], [107.9447, -7.101], [107.9446, -7.101]]]}, "properties": {"id": "CS.6.Ki.a", "kode": "R097", "nama": "CS.6.Ki.a", "jenis": "Tersier"}}, {"type": "Feature", "geometry": {"type": "MultiLineString", "coordinates": [[[107.9466, -7.0985], [107.9489, -7.097]], [[107.949, -7.097], [107.9505, -7.0961], [107.9507, -7.0959], [107.9505, -7.0955], [107.9506, -7.0951], [107.9512, -7.0948]]]}, "properties": {"id": "CS.6.Ka", "kode": "R098", "nama": "CS.6.Ka", "jenis": "Tersier"}}, {"type": "Feature", "geometry": {"type": "MultiLineString", "coordinates": [[[107.99, -7.1539], [107.9898, -7.1539], [107.9898, -7.1538], [107.9895, -7.1538], [107.9894, -7.1537], [107.9891, -7.1537], [107.9891, -7.1536], [107.9887, -7.1535], [107.9886, -7.1533], [107.9885, -7.1533], [107.9885, -7.1531], [107.9884, -7.1531], [107.9884, -7.1529], [107.9883, -7.1529], [107.9883, -7.1527], [107.9882, -7.1527], [107.9878, -7.1519], [107.9877, -7.1515], [107.9876, -7.1515], [107.9877, -7.15], [107.9876, -7.15], [107.9875, -7.1498], [107.9874, -7.1498], [107.9871, -7.1495], [107.987, -7.1495], [107.987, -7.1494], [107.9866, -7.1491], [107.9865, -7.1489], [107.9861, -7.1487], [107.9861, -7.1486], [107.9857, -7.1483], [107.9856, -7.1481]]]}, "properties": {"id": "CP.Ka.13.Ki", "kode": "R099", "nama": "CP.Ka.13.Ki", "jenis": "Tersier"}}, {"type": "Feature", "geometry": {"type": "MultiLineString", "coordinates": [[[107.9877, -7.1476], [107.9876, -7.1475], [107.9872, -7.1475], [107.9872, -7.1474], [107.9869, -7.1474], [107.9869, -7.1473], [107.9867, -7.1473], [107.9867, -7.1472], [107.9863, -7.147], [107.9862, -7.1467], [107.986, -7.1466], [107.9859, -7.1463], [107.9857, -7.1462], [107.9857, -7.1461], [107.9855, -7.146], [107.9855, -7.1459], [107.9852, -7.1458], [107.9852, -7.1457], [107.9851, -7.1457], [107.9851, -7.1456], [107.985, -7.1456], [107.9849, -7.1454], [107.9848, -7.1454], [107.9848, -7.1453], [107.9846, -7.1452], [107.9843, -7.1446], [107.9842, -7.144], [107.9841, -7.144], [107.9841, -7.1439], [107.9839, -7.1438], [107.9837, -7.1438], [107.9835, -7.1439], [107.9835, -7.144], [107.9825, -7.144], [107.9821, -7.1442], [107.9818, -7.1442], [107.9817, -7.1443], [107.9803, -7.1443], [107.9802, -7.1442], [107.9798, -7.1442], [107.9798, -7.1441], [107.9794, -7.1441], [107.9794, -7.1442], [107.9789, -7.1442], [107.9788, -7.144], [107.9788, -7.1437], [107.9786, -7.1434], [107.9785, -7.1434], [107.9785, -7.1433]]]}, "properties": {"id": "Suplesi Cipari", "kode": "R100", "nama": "Suplesi Cipari", "jenis": "Tersier"}}, {"type": "Feature", "geometry": {"type": "MultiLineString", "coordinates": [[[108.0096, -7.0625], [108.0095, -7.0623], [108.0085, -7.0628], [108.0081, -7.0621], [108.0073, -7.0617], [108.0072, -7.0614], [108.0063, -7.061], [108.0063, -7.0609], [108.0073, -7.0593], [108.0069, -7.0592], [108.0069, -7.0586], [108.0068, -7.0582], [108.0059, -7.0576], [108.0052, -7.0577], [108.0052, -7.0576], [108.0051, -7.0576], [108.0044, -7.0569], [108.0038, -7.0559]], [[108.0038, -7.0559], [108.003, -7.0545], [108.0016, -7.0534]]]}, "properties": {"id": "LW.2.Ki", "kode": "R101", "nama": "LW.2.Ki", "jenis": "Tersier"}}, {"type": "Feature", "geometry": {"type": "MultiLineString", "coordinates": [[[107.9316, -7.1674], [107.9314, -7.166], [107.9319, -7.1654], [107.9318, -7.1647], [107.9321, -7.1641], [107.9324, -7.1637], [107.9326, -7.1632], [107.9328, -7.1623], [107.9332, -7.1624], [107.9338, -7.1624], [107.9346, -7.1619], [107.9349, -7.1614], [107.9362, -7.1609], [107.9368, -7.1608], [107.9371, -7.1604], [107.9372, -7.1599], [107.9373, -7.1599], [107.9375, -7.1595], [107.9376, -7.1597], [107.9379, -7.1595], [107.938, -7.1593], [107.9382, -7.1592], [107.9384, -7.1593], [107.9383, -7.1595], [107.9388, -7.1597], [107.9391, -7.1596], [107.94, -7.1596], [107.94, -7.1595], [107.9402, -7.1594], [107.9403, -7.159], [107.9416, -7.1576], [107.9421, -7.1577], [107.9421, -7.1574], [107.9425, -7.1573], [107.9427, -7.1569], [107.943, -7.1569], [107.9431, -7.1571], [107.9428, -7.1573], [107.943, -7.1575], [107.9431, -7.1575], [107.9432, -7.1577], [107.9435, -7.1577], [107.944, -7.1573], [107.9444, -7.1574], [107.9445, -7.1572], [107.9448, -7.1572], [107.9448, -7.1573], [107.945, -7.1573], [107.9451, -7.157], [107.9457, -7.157], [107.9457, -7.1565], [107.946, -7.1566], [107.946, -7.1568], [107.9463, -7.1568], [107.9464, -7.1566], [107.9466, -7.1567], [107.9467, -7.1569], [107.9471, -7.1567]], [[107.9471, -7.1567], [107.9476, -7.1568], [107.9476, -7.1569], [107.9472, -7.157], [107.947, -7.1574], [107.9469, -7.1584], [107.9465, -7.1587], [107.946, -7.1588], [107.946, -7.1593], [107.9459, -7.1594], [107.9459, -7.1597], [107.946, -7.1598]]]}, "properties": {"id": "CP.3.Ka.2", "kode": "R102", "nama": "CP.3.Ka.2", "jenis": "Tersier"}}, {"type": "Feature", "geometry": {"type": "MultiLineString", "coordinates": [[[107.9324, -7.1347], [107.9322, -7.1349], [107.9317, -7.1346], [107.9318, -7.1344]]]}, "properties": {"id": "CD.4.Ki.2", "kode": "R103", "nama": "CD.4.Ki.2", "jenis": "Tersier"}}, {"type": "Feature", "geometry": {"type": "MultiLineString", "coordinates": [[[107.9657, -7.0662], [107.9662, -7.0662], [107.9661, -7.0664], [107.9665, -7.0665], [107.9665, -7.0668], [107.967, -7.0668], [107.9672, -7.0664], [107.9677, -7.0664], [107.9677, -7.0662], [107.9679, -7.0663], [107.9679, -7.0665], [107.968, -7.0666], [107.9679, -7.0669], [107.9682, -7.0669], [107.9683, -7.0671], [107.9685, -7.0672], [107.9685, -7.0675], [107.9681, -7.068], [107.9681, -7.0685], [107.9682, -7.0686], [107.9703, -7.0686], [107.9708, -7.0688], [107.9708, -7.069], [107.9711, -7.069], [107.9712, -7.0688], [107.972, -7.0689], [107.972, -7.069], [107.9722, -7.0691], [107.9722, -7.0694], [107.9724, -7.0695], [107.9724, -7.0697], [107.9727, -7.0698], [107.9729, -7.07], [107.9735, -7.0701], [107.9735, -7.0704]]]}, "properties": {"id": "CTL.9.Ka", "kode": "R104", "nama": "CTL.9.Ka", "jenis": "Tersier"}}, {"type": "Feature", "geometry": {"type": "MultiLineString", "coordinates": [[[107.9729, -7.0672], [107.9749, -7.0651]]]}, "properties": {"id": "CTL.11.Ki.a1", "kode": "R105", "nama": "CTL.11.Ki.a1", "jenis": "Tersier"}}, {"type": "Feature", "geometry": {"type": "MultiLineString", "coordinates": [[[107.9729, -7.0672], [107.9729, -7.0675], [107.9728, -7.0676], [107.973, -7.0678], [107.9732, -7.0685], [107.9736, -7.0688], [107.9735, -7.0695], [107.9744, -7.0698], [107.9748, -7.0706], [107.9752, -7.0709], [107.9755, -7.0709], [107.9755, -7.0712], [107.9759, -7.0713], [107.9759, -7.0707]]]}, "properties": {"id": "CTL.11.Ki.a2", "kode": "R106", "nama": "CTL.11.Ki.a2", "jenis": "Tersier"}}, {"type": "Feature", "geometry": {"type": "MultiLineString", "coordinates": [[[107.9771, -7.0719], [107.9765, -7.0728], [107.9761, -7.0732], [107.9756, -7.0735], [107.9758, -7.0742], [107.976, -7.0742], [107.9767, -7.0739], [107.9768, -7.0744], [107.977, -7.0745], [107.9773, -7.0743], [107.9773, -7.0742], [107.9771, -7.0741], [107.9774, -7.0739], [107.9775, -7.074], [107.9777, -7.0746], [107.9773, -7.0754]]]}, "properties": {"id": "CTL.11M", "kode": "R107", "nama": "CTL.11M", "jenis": "Tersier"}}, {"type": "Feature", "geometry": {"type": "MultiLineString", "coordinates": [[[107.9657, -7.0661], [107.9658, -7.0661], [107.9658, -7.0656], [107.9684, -7.0624], [107.9694, -7.0625], [107.9695, -7.0617], [107.9694, -7.0608], [107.9689, -7.0602]]]}, "properties": {"id": "CTL.9.Ki", "kode": "R108", "nama": "CTL.9.Ki", "jenis": "Tersier"}}, {"type": "Feature", "geometry": {"type": "MultiLineString", "coordinates": [[[107.9576, -7.1603], [107.9573, -7.1593], [107.9564, -7.1592], [107.9563, -7.1593], [107.9555, -7.1593], [107.9552, -7.1592], [107.9545, -7.1587], [107.9549, -7.1586], [107.9549, -7.1585]]]}, "properties": {"id": "PG.1.Ka", "kode": "R109", "nama": "PG.1.Ka", "jenis": "Tersier"}}, {"type": "Feature", "geometry": {"type": "MultiLineString", "coordinates": [[[107.957, -7.1577], [107.957, -7.1576], [107.9564, -7.1571], [107.9556, -7.1565], [107.9554, -7.1565], [107.9549, -7.1561], [107.9547, -7.1557], [107.9549, -7.1553], [107.9547, -7.1544]]]}, "properties": {"id": "PG.2.Ka", "kode": "R110", "nama": "PG.2.Ka", "jenis": "Tersier"}}, {"type": "Feature", "geometry": {"type": "MultiLineString", "coordinates": [[[107.9584, -7.149], [107.9585, -7.1493], [107.9588, -7.1493], [107.9589, -7.1497], [107.9591, -7.1497], [107.9592, -7.1495], [107.9591, -7.149], [107.9592, -7.1488], [107.9595, -7.1487], [107.9597, -7.1494], [107.9603, -7.1492], [107.9604, -7.1489], [107.9606, -7.1488], [107.9606, -7.1489]], [[107.9584, -7.149], [107.9571, -7.1486], [107.9561, -7.1486], [107.9558, -7.148], [107.9548, -7.1481]], [[107.9584, -7.149], [107.9584, -7.147], [107.9583, -7.1467], [107.9581, -7.1466], [107.9578, -7.1466], [107.9577, -7.1467], [107.9573, -7.1464], [107.9571, -7.1458], [107.9565, -7.145]]]}, "properties": {"id": "PG.5.Ki", "kode": "R111", "nama": "PG.5.Ki", "jenis": "Tersier"}}, {"type": "Feature", "geometry": {"type": "MultiLineString", "coordinates": [[[107.9607, -7.1489], [107.9608, -7.1489], [107.9614, -7.148], [107.9616, -7.148], [107.9616, -7.1477], [107.9619, -7.1477], [107.9619, -7.147], [107.962, -7.1467]]]}, "properties": {"id": "PG.5.Ka", "kode": "R112", "nama": "PG.5.Ka", "jenis": "Tersier"}}, {"type": "Feature", "geometry": {"type": "MultiLineString", "coordinates": [[[107.9626, -7.1449], [107.9631, -7.1449], [107.9633, -7.1448], [107.9649, -7.1449], [107.966, -7.1444], [107.9672, -7.1442], [107.9675, -7.144]]]}, "properties": {"id": "PG.6M", "kode": "R113", "nama": "PG.6M", "jenis": "Tersier"}}, {"type": "Feature", "geometry": {"type": "MultiLineString", "coordinates": [[[107.9584, -7.1633], [107.9589, -7.1631], [107.9589, -7.163], [107.9593, -7.1625], [107.9597, -7.1624], [107.9601, -7.1624], [107.9601, -7.1626], [107.9609, -7.1625], [107.9614, -7.1623], [107.9614, -7.1626], [107.9615, -7.1626]]]}, "properties": {"id": "BG.1B.Ka", "kode": "R114", "nama": "BG.1B.Ka", "jenis": "Tersier"}}, {"type": "Feature", "geometry": {"type": "MultiLineString", "coordinates": [[[107.9664, -7.1622], [107.9667, -7.1613], [107.965, -7.1607], [107.965, -7.1609], [107.9644, -7.161], [107.9641, -7.1609], [107.9639, -7.1611], [107.9639, -7.1614], [107.9636, -7.1616], [107.9637, -7.1613], [107.9634, -7.1612], [107.9632, -7.1613], [107.9632, -7.1607], [107.9631, -7.1605], [107.9633, -7.1604], [107.9635, -7.1605], [107.9636, -7.1603], [107.9638, -7.1603], [107.9639, -7.1602]]]}, "properties": {"id": "BG.2.Ka", "kode": "R115", "nama": "BG.2.Ka", "jenis": "Tersier"}}, {"type": "Feature", "geometry": {"type": "MultiLineString", "coordinates": [[[107.9671, -7.1604], [107.9669, -7.1602], [107.965, -7.1594], [107.9649, -7.1591], [107.9647, -7.1589], [107.9644, -7.1588], [107.9643, -7.1588], [107.9643, -7.1589]]]}, "properties": {"id": "BG.3.Ka", "kode": "R116", "nama": "BG.3.Ka", "jenis": "Tersier"}}, {"type": "Feature", "geometry": {"type": "MultiLineString", "coordinates": [[[107.9722, -7.153], [107.9721, -7.1529], [107.9717, -7.1529], [107.9714, -7.1528], [107.9715, -7.1525], [107.9713, -7.1515], [107.9703, -7.1519], [107.9688, -7.1509], [107.9687, -7.1509]]]}, "properties": {"id": "BG.3M", "kode": "R117", "nama": "BG.3M", "jenis": "Tersier"}}, {"type": "Feature", "geometry": {"type": "MultiLineString", "coordinates": [[[107.9617, -7.156], [107.9618, -7.1559], [107.9616, -7.1541], [107.962, -7.1541], [107.9627, -7.1531], [107.9633, -7.1527], [107.9632, -7.1527]]]}, "properties": {"id": "RU.2.Ki", "kode": "R118", "nama": "RU.2.Ki", "jenis": "Tersier"}}, {"type": "Feature", "geometry": {"type": "MultiLineString", "coordinates": [[[107.9661, -7.1489], [107.9684, -7.1487], [107.9687, -7.1484], [107.9689, -7.1484], [107.9693, -7.1486], [107.9693, -7.1479], [107.9691, -7.1475], [107.969, -7.1467], [107.9689, -7.1465]]]}, "properties": {"id": "RU.4M.b", "kode": "R119", "nama": "RU.4M.b", "jenis": "Tersier"}}, {"type": "Feature", "geometry": {"type": "MultiLineString", "coordinates": [[[107.966, -7.1489], [107.9653, -7.1488], [107.9652, -7.1487], [107.965, -7.1489], [107.9649, -7.1489], [107.965, -7.1468]]]}, "properties": {"id": "RU.4M.a", "kode": "R120", "nama": "RU.4M.a", "jenis": "Tersier"}}, {"type": "Feature", "geometry": {"type": "MultiLineString", "coordinates": [[[107.9384, -7.1469], [107.9385, -7.147], [107.9384, -7.1475], [107.9388, -7.1476], [107.9388, -7.1477], [107.9421, -7.1469], [107.943, -7.1474], [107.9446, -7.1476], [107.9455, -7.148], [107.9451, -7.1466], [107.9453, -7.1457], [107.9459, -7.1453]], [[107.9459, -7.1453], [107.9447, -7.1448], [107.9438, -7.1447], [107.9434, -7.1437], [107.9422, -7.1441], [107.9404, -7.1442], [107.9399, -7.144]], [[107.9462, -7.1452], [107.9459, -7.1453]], [[107.946, -7.1445], [107.946, -7.1451], [107.9459, -7.1453]]]}, "properties": {"id": "CN.3.Ki", "kode": "R121", "nama": "CN.3.Ki", "jenis": "Tersier"}}, {"type": "Feature", "geometry": {"type": "MultiLineString", "coordinates": [[[107.9457, -7.1398], [107.9453, -7.1394], [107.945, -7.139], [107.945, -7.1389]]]}, "properties": {"id": "CN.4.Ki", "kode": "R122", "nama": "CN.4.Ki", "jenis": "Tersier"}}, {"type": "Feature", "geometry": {"type": "MultiLineString", "coordinates": [[[107.9453, -7.1358], [107.9461, -7.1354], [107.9467, -7.1348], [107.9469, -7.1343], [107.9462, -7.1343], [107.9454, -7.134], [107.9451, -7.1329], [107.9449, -7.1325]]]}, "properties": {"id": "CN.6.Ki", "kode": "R123", "nama": "CN.6.Ki", "jenis": "Tersier"}}, {"type": "Feature", "geometry": {"type": "MultiLineString", "coordinates": [[[107.9427, -7.1287], [107.9428, -7.1287], [107.9429, -7.1282], [107.9427, -7.1279], [107.9427, -7.1262], [107.9425, -7.1256], [107.9427, -7.1252], [107.9432, -7.125], [107.9433, -7.1247], [107.9434, -7.1247], [107.9433, -7.1241], [107.9431, -7.1241], [107.9431, -7.1231], [107.9432, -7.1227]]]}, "properties": {"id": "CN.6M", "kode": "R124", "nama": "CN.6M", "jenis": "Tersier"}}, {"type": "Feature", "geometry": {"type": "MultiLineString", "coordinates": [[[107.9617, -7.1202], [107.9614, -7.1202], [107.9611, -7.12], [107.9607, -7.1199], [107.9601, -7.1196], [107.9602, -7.1191], [107.9601, -7.119], [107.9598, -7.1191], [107.9597, -7.1181]]]}, "properties": {"id": "SB.4.Ki", "kode": "R125", "nama": "SB.4.Ki", "jenis": "Tersier"}}, {"type": "Feature", "geometry": {"type": "MultiLineString", "coordinates": [[[107.96, -7.1401], [107.9593, -7.1399], [107.9592, -7.1398], [107.959, -7.1399], [107.9583, -7.1399], [107.9576, -7.1403], [107.9575, -7.1403], [107.9575, -7.1401], [107.9572, -7.1401], [107.9572, -7.1396], [107.9567, -7.1377], [107.9567, -7.1365], [107.9565, -7.1362], [107.9562, -7.1361], [107.9561, -7.1358], [107.9563, -7.1357], [107.957, -7.1358], [107.9574, -7.1362], [107.9582, -7.1362], [107.9582, -7.136], [107.9579, -7.1351], [107.9573, -7.1348], [107.9561, -7.1344], [107.9557, -7.1333], [107.9554, -7.1333], [107.9555, -7.1326], [107.9559, -7.1322], [107.9566, -7.1321], [107.9579, -7.1324], [107.9577, -7.1305], [107.9575, -7.1297], [107.9572, -7.129], [107.9567, -7.1287], [107.9558, -7.1289], [107.9556, -7.1291], [107.9556, -7.1295], [107.9559, -7.1302], [107.955, -7.1306], [107.9545, -7.1312], [107.9539, -7.131], [107.9539, -7.1302], [107.9546, -7.1297], [107.9542, -7.1288], [107.9541, -7.1276], [107.9533, -7.1267], [107.953, -7.1265], [107.9509, -7.1269]]]}, "properties": {"id": "Saluran Cikananga", "kode": "R126", "nama": "Saluran Cikananga", "jenis": "Tersier"}}, {"type": "Feature", "geometry": {"type": "MultiLineString", "coordinates": [[[107.9686, -7.0656], [107.9719, -7.0617]]]}, "properties": {"id": "CTL.10.Ki", "kode": "R127", "nama": "CTL.10.Ki", "jenis": "Tersier"}}, {"type": "Feature", "geometry": {"type": "MultiLineString", "coordinates": [[[107.9116, -7.1888], [107.9117, -7.1869], [107.9118, -7.1863], [107.9115, -7.1851], [107.9115, -7.1848], [107.9117, -7.1844], [107.9127, -7.184], [107.9138, -7.1841], [107.9147, -7.1841], [107.9152, -7.184], [107.9165, -7.1844], [107.9179, -7.1846], [107.9188, -7.1841], [107.9192, -7.184], [107.921, -7.184], [107.9216, -7.1837], [107.9219, -7.1833], [107.9219, -7.1824], [107.9221, -7.1798], [107.9224, -7.1787], [107.9225, -7.1786], [107.9233, -7.1786], [107.9237, -7.1787], [107.9237, -7.1793], [107.9247, -7.1793], [107.9248, -7.1792], [107.9248, -7.1784], [107.925, -7.1778], [107.925, -7.1754], [107.9251, -7.1743], [107.9279, -7.1714], [107.9284, -7.17], [107.9297, -7.1694], [107.9298, -7.1692], [107.93, -7.1691], [107.9315, -7.1675]]]}, "properties": {"id": "SI Copong", "kode": "R128", "nama": "SI Copong", "jenis": "Primer"}}, {"type": "Feature", "geometry": {"type": "MultiLineString", "coordinates": [[[107.9315, -7.1675], [107.9313, -7.1659], [107.9318, -7.1654], [107.9317, -7.1645], [107.9319, -7.1643], [107.9325, -7.1632], [107.9327, -7.1622], [107.9327, -7.1616], [107.9338, -7.1607], [107.9346, -7.1597], [107.935, -7.1589], [107.9352, -7.1583], [107.9352, -7.158], [107.9353, -7.1579], [107.9353, -7.1577], [107.9354, -7.1576], [107.9354, -7.1574], [107.9356, -7.157], [107.9354, -7.1566], [107.9342, -7.1562], [107.934, -7.1562], [107.9333, -7.1558], [107.9322, -7.155], [107.9318, -7.1543], [107.9318, -7.1541]]]}, "properties": {"id": "SI Copong Kiri", "kode": "R129", "nama": "SI Copong Kiri", "jenis": "Primer"}}, {"type": "Feature", "geometry": {"type": "MultiLineString", "coordinates": [[[107.9317, -7.1265], [107.9319, -7.1264], [107.9319, -7.1262], [107.9321, -7.126], [107.9321, -7.1259], [107.9322, -7.1259], [107.9322, -7.1258], [107.9324, -7.1258], [107.9325, -7.1257], [107.9325, -7.1255], [107.9328, -7.1252], [107.9328, -7.1251], [107.9334, -7.125], [107.9335, -7.1249], [107.9334, -7.1247], [107.9338, -7.1245], [107.9338, -7.1244], [107.9342, -7.1244], [107.9342, -7.1245], [107.9344, -7.1244], [107.9346, -7.1241], [107.9346, -7.1239], [107.9353, -7.1234], [107.9354, -7.1232], [107.9353, -7.1231], [107.9353, -7.1228], [107.9351, -7.1226], [107.9352, -7.1222], [107.9351, -7.122], [107.9352, -7.1218], [107.9354, -7.1218], [107.9356, -7.122], [107.936, -7.1222], [107.9363, -7.1222], [107.9372, -7.1228], [107.9374, -7.1227], [107.9376, -7.1227], [107.9377, -7.1228], [107.9385, -7.1228], [107.9387, -7.1227], [107.9387, -7.1228], [107.9389, -7.1228], [107.939, -7.123], [107.9391, -7.123], [107.9391, -7.1231], [107.9396, -7.1235], [107.9396, -7.1236], [107.9393, -7.1238], [107.9392, -7.124], [107.9391, -7.124], [107.9391, -7.1242], [107.9389, -7.1244], [107.9384, -7.1248], [107.9382, -7.1248], [107.9382, -7.125], [107.9381, -7.125], [107.9382, -7.1251], [107.9388, -7.1253], [107.9391, -7.1256], [107.9392, -7.125], [107.9393, -7.1249], [107.9394, -7.125], [107.9396, -7.125], [107.94, -7.1252], [107.94, -7.1251], [107.9401, -7.1251], [107.9402, -7.1252], [107.9406, -7.1253], [107.9408, -7.1254], [107.9408, -7.1256], [107.9409, -7.1257], [107.9424, -7.1257]]]}, "properties": {"id": "SS Cikukuk", "kode": "R130", "nama": "SS Cikukuk", "jenis": "Sekunder"}}, {"type": "Feature", "geometry": {"type": "MultiLineString", "coordinates": [[[107.9352, -7.1218], [107.9353, -7.1215], [107.9354, -7.1215], [107.9361, -7.1219], [107.9368, -7.122], [107.9376, -7.1223], [107.9378, -7.1226], [107.9383, -7.1227], [107.939, -7.1225]]]}, "properties": {"id": "C.1.Ki", "kode": "R131", "nama": "C.1.Ki", "jenis": "Tersier"}}, {"type": "Feature", "geometry": {"type": "MultiLineString", "coordinates": [[[107.9243, -7.155], [107.9246, -7.155], [107.9253, -7.1552], [107.9259, -7.1552], [107.9261, -7.155], [107.9264, -7.1549], [107.9274, -7.1547], [107.9278, -7.1547], [107.9292, -7.1548], [107.93, -7.1552], [107.9301, -7.1551], [107.9305, -7.155], [107.9309, -7.1546], [107.9311, -7.1545], [107.9314, -7.1545]], [[107.9314, -7.1545], [107.9315, -7.1545], [107.9315, -7.1544], [107.9319, -7.1543], [107.932, -7.1541], [107.932, -7.1533], [107.9314, -7.1528], [107.9309, -7.1525], [107.9308, -7.1522], [107.9308, -7.1516], [107.9305, -7.151], [107.9303, -7.1509], [107.9303, -7.1507], [107.9298, -7.1498]], [[107.9314, -7.1545], [107.9314, -7.1544], [107.9317, -7.1543], [107.9319, -7.1541], [107.9319, -7.1537], [107.9315, -7.1531], [107.9306, -7.1523], [107.9305, -7.1515], [107.9302, -7.1509], [107.93, -7.1507], [107.93, -7.1505], [107.9297, -7.15], [107.9297, -7.1498], [107.9295, -7.1494], [107.9295, -7.1491], [107.9292, -7.1488], [107.9289, -7.1487], [107.9289, -7.1486], [107.9286, -7.1486], [107.9283, -7.1482], [107.9281, -7.1482], [107.928, -7.1483], [107.9277, -7.148], [107.9275, -7.1475], [107.9272, -7.1471], [107.927, -7.147], [107.9269, -7.1464], [107.9273, -7.1461], [107.9273, -7.1458], [107.9271, -7.1456], [107.9272, -7.1454], [107.927, -7.1452], [107.927, -7.145], [107.9268, -7.1449], [107.9267, -7.1442], [107.9265, -7.144], [107.9265, -7.1439], [107.9266, -7.1439], [107.9267, -7.1431], [107.9271, -7.1431], [107.9276, -7.1426], [107.9277, -7.1423], [107.928, -7.142], [107.9281, -7.1408], [107.9279, -7.1404], [107.928, -7.1398], [107.9278, -7.1395], [107.928, -7.1385], [107.9287, -7.1384], [107.9289, -7.1382], [107.9292, -7.1381], [107.9292, -7.1379], [107.9294, -7.1374], [107.9294, -7.1371], [107.9296, -7.137], [107.9298, -7.1366], [107.93, -7.1366], [107.93, -7.1365], [107.9302, -7.1364], [107.9305, -7.136], [107.9308, -7.1358], [107.9315, -7.1351], [107.9315, -7.1349], [107.9319, -7.1342], [107.9318, -7.1338], [107.9321, -7.1332], [107.9326, -7.1326], [107.9325, -7.1324], [107.9318, -7.1319], [107.9316, -7.1313], [107.9316, -7.131], [107.9318, -7.1308], [107.9319, -7.1305], [107.9317, -7.129], [107.9315, -7.1289], [107.9315, -7.1288]]]}, "properties": {"id": "Suplesi Cibuyutan Selatan", "kode": "R132", "nama": "Suplesi Cibuyutan Selatan", "jenis": "Suplesi"}}, {"type": "Feature", "geometry": {"type": "MultiLineString", "coordinates": [[[107.9318, -7.1541], [107.9319, -7.1538], [107.9316, -7.1532], [107.9306, -7.1525], [107.9304, -7.1513], [107.9297, -7.1502], [107.9293, -7.149], [107.929, -7.1487], [107.9284, -7.1485], [107.9276, -7.1475], [107.9274, -7.1471], [107.9274, -7.147], [107.9278, -7.1466], [107.9283, -7.1466], [107.9283, -7.1463], [107.9281, -7.1462], [107.9281, -7.1461], [107.9278, -7.1458], [107.9276, -7.1453], [107.9276, -7.145], [107.9278, -7.1445], [107.9279, -7.1429], [107.9285, -7.142], [107.9287, -7.1419], [107.9287, -7.1418], [107.929, -7.1415], [107.9294, -7.1415], [107.9298, -7.1411], [107.9298, -7.141], [107.93, -7.1408], [107.9301, -7.1408], [107.9301, -7.1407], [107.9305, -7.1403], [107.9306, -7.1403], [107.9305, -7.1402], [107.9305, -7.14], [107.9303, -7.1397], [107.9302, -7.1393], [107.9303, -7.1385], [107.9304, -7.1383], [107.9304, -7.1378], [107.9305, -7.1376], [107.9318, -7.1362], [107.9317, -7.1361], [107.9317, -7.1356], [107.9318, -7.1352], [107.9324, -7.1348], [107.9331, -7.1351], [107.9331, -7.135], [107.9332, -7.135], [107.9334, -7.1348], [107.9342, -7.1338], [107.9344, -7.1337], [107.9346, -7.1333], [107.9346, -7.1327], [107.9348, -7.1323], [107.935, -7.1323], [107.9352, -7.1321], [107.9354, -7.1317], [107.9354, -7.1309], [107.9353, -7.1305], [107.9351, -7.1299], [107.9347, -7.1291], [107.9345, -7.129], [107.9335, -7.129], [107.9329, -7.1289], [107.9328, -7.1288], [107.9315, -7.1288], [107.9314, -7.1287], [107.9315, -7.1285], [107.9315, -7.1267], [107.9321, -7.1255], [107.9322, -7.1248], [107.9333, -7.1244], [107.9335, -7.1242], [107.9336, -7.1237], [107.9339, -7.1232], [107.9339, -7.1227], [107.9338, -7.1225], [107.9328, -7.1218], [107.9325, -7.1218], [107.9318, -7.1216], [107.9316, -7.1217], [107.9309, -7.1214], [107.9307, -7.1212], [107.9303, -7.121], [107.9304, -7.1207], [107.931, -7.1207], [107.9311, -7.1208], [107.9314, -7.1206], [107.9314, -7.1204], [107.9313, -7.1202], [107.9312, -7.1202], [107.9312, -7.1199], [107.9316, -7.1198], [107.9317, -7.1197], [107.9316, -7.1196], [107.9316, -7.1194], [107.9315, -7.1194], [107.9315, -7.1193], [107.9313, -7.1192], [107.9313, -7.1188], [107.9315, -7.1188], [107.9319, -7.119], [107.9324, -7.1194], [107.9328, -7.1195], [107.9334, -7.1193], [107.9337, -7.1194], [107.9338, -7.1192], [107.9342, -7.1192], [107.9344, -7.1196], [107.9347, -7.1195], [107.9355, -7.1196], [107.9355, -7.119], [107.9356, -7.119], [107.9356, -7.1189], [107.9365, -7.1191], [107.9369, -7.1189], [107.9368, -7.1183], [107.937, -7.1181], [107.9378, -7.1179], [107.9381, -7.1176], [107.9392, -7.1175], [107.9395, -7.1171], [107.9395, -7.1172], [107.9401, -7.1173], [107.9403, -7.1171], [107.9412, -7.1166], [107.9415, -7.1166], [107.9416, -7.1167], [107.9416, -7.1171], [107.9417, -7.1174], [107.942, -7.1174], [107.9424, -7.1168], [107.9424, -7.1164], [107.9425, -7.1162], [107.9432, -7.1156], [107.9432, -7.1154], [107.9435, -7.1153], [107.9437, -7.1149], [107.9437, -7.1147], [107.9439, -7.1146], [107.944, -7.1143], [107.9443, -7.1141], [107.9447, -7.114], [107.9449, -7.1138], [107.945, -7.1135], [107.9453, -7.1131], [107.9453, -7.1129], [107.9454, -7.1129], [107.9454, -7.1125], [107.9452, -7.1121], [107.9452, -7.1119], [107.9459, -7.1119], [107.946, -7.111], [107.9464, -7.1108], [107.9464, -7.1105], [107.9468, -7.1106], [107.9469, -7.1108], [107.9473, -7.1111], [107.9474, -7.1111], [107.9474, -7.111], [107.9477, -7.1108], [107.9478, -7.1106], [107.9479, -7.1106], [107.948, -7.1109], [107.9479, -7.1119], [107.9482, -7.1123], [107.9484, -7.1122], [107.9486, -7.1122], [107.9487, -7.1123], [107.9491, -7.1123], [107.9492, -7.1122], [107.9493, -7.1123], [107.9496, -7.1123], [107.9496, -7.1124], [107.9497, -7.1124], [107.9498, -7.1126], [107.9501, -7.1126], [107.9502, -7.1125], [107.9506, -7.1126], [107.9506, -7.1125], [107.9507, -7.1125], [107.9508, -7.1123], [107.9508, -7.112], [107.9509, -7.1118], [107.9514, -7.1114], [107.9516, -7.1115], [107.9517, -7.1119], [107.9518, -7.112], [107.9521, -7.1117], [107.9526, -7.1109], [107.9527, -7.1104], [107.9528, -7.1104], [107.953, -7.1102], [107.9532, -7.1099]]]}, "properties": {"id": "SS Ciduga", "kode": "R133", "nama": "SS Ciduga", "jenis": "Sekunder"}}, {"type": "Feature", "geometry": {"type": "MultiLineString", "coordinates": [[[107.9318, -7.1541], [107.9317, -7.1541], [107.9318, -7.1537], [107.9317, -7.1535], [107.9316, -7.1535], [107.9314, -7.1531], [107.9306, -7.1526], [107.9305, -7.1524], [107.9303, -7.1513], [107.9296, -7.1502], [107.9296, -7.15], [107.9293, -7.1493], [107.929, -7.149], [107.9287, -7.149], [107.9285, -7.1489], [107.9282, -7.1487], [107.9281, -7.1485]]]}, "properties": {"id": "CD.1.Ki", "kode": "R134", "nama": "CD.1.Ki", "jenis": "Tersier"}}, {"type": "Feature", "geometry": {"type": "MultiLineString", "coordinates": [[[107.9283, -7.1465], [107.9284, -7.1466], [107.9286, -7.1466], [107.9286, -7.1467], [107.9291, -7.1467], [107.9291, -7.1468], [107.9294, -7.1468], [107.9295, -7.1469], [107.9304, -7.1469], [107.9304, -7.1468], [107.9308, -7.1468], [107.9308, -7.147]]]}, "properties": {"id": "CD.2.Ka.1", "kode": "R135", "nama": "CD.2.Ka.1", "jenis": "Tersier"}}, {"type": "Feature", "geometry": {"type": "MultiLineString", "coordinates": [[[107.9293, -7.1468], [107.9293, -7.1466], [107.9294, -7.1466], [107.9294, -7.1461], [107.929, -7.1456], [107.929, -7.1448], [107.9298, -7.1448]]]}, "properties": {"id": "CD.2.Ka.2", "kode": "R136", "nama": "CD.2.Ka.2", "jenis": "Tersier"}}, {"type": "Feature", "geometry": {"type": "MultiLineString", "coordinates": [[[107.9297, -7.1412], [107.9296, -7.1411], [107.93, -7.1407], [107.9302, -7.1406], [107.9303, -7.1404], [107.9305, -7.1403], [107.9302, -7.1395], [107.9302, -7.1387], [107.9303, -7.1385]]]}, "properties": {"id": "CD.3.Ki", "kode": "R137", "nama": "CD.3.Ki", "jenis": "Tersier"}}, {"type": "Feature", "geometry": {"type": "MultiLineString", "coordinates": [[[107.9325, -7.1348], [107.9325, -7.1347], [107.9327, -7.1349], [107.9329, -7.1349], [107.933, -7.135], [107.9332, -7.1349], [107.9346, -7.1332], [107.9345, -7.1331], [107.9345, -7.1329]]]}, "properties": {"id": "CD.4.Ki.1", "kode": "R138", "nama": "CD.4.Ki.1", "jenis": "Tersier"}}, {"type": "Feature", "geometry": {"type": "MultiLineString", "coordinates": [[[107.9532, -7.1099], [107.9532, -7.1098], [107.953, -7.1097], [107.9524, -7.1095], [107.9522, -7.1093], [107.9521, -7.109], [107.9518, -7.109], [107.9517, -7.1089], [107.9512, -7.1089], [107.9508, -7.1087], [107.9509, -7.1083], [107.9507, -7.1082], [107.951, -7.1076], [107.951, -7.1073], [107.9507, -7.1072], [107.9503, -7.1073], [107.9499, -7.1072], [107.9496, -7.107], [107.9496, -7.1066], [107.95, -7.1063], [107.9501, -7.1061], [107.9504, -7.1061], [107.9506, -7.106], [107.9506, -7.1055], [107.9508, -7.1052], [107.9509, -7.1046], [107.9508, -7.1044], [107.9506, -7.1044], [107.9502, -7.1042], [107.95, -7.1039], [107.95, -7.1037], [107.9498, -7.1033], [107.9497, -7.1033], [107.9497, -7.1032], [107.9495, -7.1032], [107.9495, -7.1028], [107.9494, -7.1027], [107.9494, -7.1025], [107.9495, -7.1023], [107.9496, -7.1023], [107.9496, -7.1019], [107.9495, -7.1018], [107.9496, -7.1018], [107.9495, -7.1016], [107.9491, -7.1014], [107.949, -7.101], [107.9491, -7.101], [107.9491, -7.1009], [107.9495, -7.1007], [107.9499, -7.1006], [107.9499, -7.1002], [107.9501, -7.0998], [107.9503, -7.0997], [107.9503, -7.0994], [107.95, -7.0994], [107.9493, -7.0989], [107.9493, -7.0988], [107.9492, -7.0988], [107.9493, -7.0983], [107.9491, -7.0982], [107.9487, -7.0982], [107.9486, -7.0983], [107.948, -7.0983], [107.9479, -7.0989], [107.9478, -7.0989], [107.9476, -7.0987], [107.9468, -7.0987], [107.9466, -7.0986], [107.9466, -7.0985]]]}, "properties": {"id": "SS Ciseureuh", "kode": "R139", "nama": "SS Ciseureuh", "jenis": "Sekunder"}}, {"type": "Feature", "geometry": {"type": "MultiLineString", "coordinates": [[[107.9532, -7.1099], [107.9535, -7.1093], [107.9535, -7.1088], [107.9536, -7.1085], [107.9542, -7.1078], [107.9546, -7.1075], [107.9547, -7.1071], [107.9549, -7.1071], [107.9549, -7.1075], [107.955, -7.1078], [107.956, -7.1085], [107.9563, -7.1084], [107.9563, -7.1083], [107.9564, -7.1083], [107.9566, -7.1081], [107.9573, -7.1081], [107.9575, -7.108], [107.9576, -7.1078], [107.958, -7.1074], [107.958, -7.1071], [107.9578, -7.1067], [107.9576, -7.1059], [107.9575, -7.1058], [107.9576, -7.1055], [107.958, -7.105], [107.9581, -7.1044], [107.9582, -7.1043], [107.9586, -7.1042], [107.9588, -7.1039], [107.9597, -7.1039], [107.9599, -7.1037], [107.96, -7.1037], [107.96, -7.1035], [107.9596, -7.1031], [107.9596, -7.1023], [107.9598, -7.1021], [107.9598, -7.102], [107.9596, -7.1019], [107.96, -7.1017], [107.96, -7.1016], [107.9602, -7.1015], [107.9606, -7.1014], [107.9607, -7.1013], [107.9612, -7.1013], [107.9614, -7.1011], [107.9617, -7.101], [107.9617, -7.1006], [107.9618, -7.1002], [107.9619, -7.1001], [107.9619, -7.0998], [107.9615, -7.0993], [107.9617, -7.0989], [107.962, -7.0989], [107.9623, -7.0992], [107.9627, -7.0992], [107.9628, -7.0991], [107.9634, -7.099], [107.9636, -7.0986], [107.9636, -7.0984], [107.9639, -7.098], [107.9639, -7.0979], [107.9643, -7.0977], [107.9652, -7.0977], [107.9662, -7.098], [107.9666, -7.0982], [107.9672, -7.0982], [107.9676, -7.0985], [107.9682, -7.0982], [107.9682, -7.0981], [107.9698, -7.0981], [107.9705, -7.0979], [107.9706, -7.0978], [107.9708, -7.0975], [107.9708, -7.0973], [107.9713, -7.0969], [107.9714, -7.0969], [107.9718, -7.0964], [107.9718, -7.096], [107.9719, -7.096], [107.972, -7.0958], [107.9727, -7.0959]]]}, "properties": {"id": "SS Leuwigoong", "kode": "R140", "nama": "SS Leuwigoong", "jenis": "Sekunder"}}, {"type": "Feature", "geometry": {"type": "MultiLineString", "coordinates": [[[107.9579, -7.1075], [107.9579, -7.1069], [107.9578, -7.1069], [107.9576, -7.1065], [107.9576, -7.1063], [107.9574, -7.1059], [107.9575, -7.1058], [107.9575, -7.1055], [107.9578, -7.1049], [107.9579, -7.1049], [107.9579, -7.1047], [107.958, -7.1047]]]}, "properties": {"id": "LG.6.Ki", "kode": "R141", "nama": "LG.6.Ki", "jenis": "Tersier"}}, {"type": "Feature", "geometry": {"type": "MultiLineString", "coordinates": [[[107.9581, -7.1044], [107.9586, -7.1044], [107.9587, -7.1045], [107.959, -7.1045], [107.959, -7.1046], [107.9594, -7.1046]]]}, "properties": {"id": "LG.7.Ka", "kode": "R142", "nama": "LG.7.Ka", "jenis": "Tersier"}}, {"type": "Feature", "geometry": {"type": "MultiLineString", "coordinates": [[[107.9581, -7.1044], [107.9583, -7.1042]]]}, "properties": {"id": "LG.7.Ki", "kode": "R143", "nama": "LG.7.Ki", "jenis": "Tersier"}}, {"type": "Feature", "geometry": {"type": "MultiLineString", "coordinates": [[[107.9596, -7.1018], [107.9596, -7.1019], [107.9593, -7.1019], [107.9592, -7.1015], [107.9591, -7.1014], [107.9586, -7.1012]]]}, "properties": {"id": "LG.8.Ki", "kode": "R144", "nama": "LG.8.Ki", "jenis": "Tersier"}}, {"type": "Feature", "geometry": {"type": "MultiLineString", "coordinates": [[[107.9612, -7.1013], [107.9613, -7.1013], [107.9614, -7.1011], [107.9617, -7.101], [107.9618, -7.1004], [107.962, -7.0999], [107.9617, -7.0994], [107.9616, -7.0994], [107.9617, -7.099], [107.962, -7.099], [107.9624, -7.0993], [107.9634, -7.0991], [107.9639, -7.0981], [107.9642, -7.0979], [107.9647, -7.0978], [107.9652, -7.098], [107.9661, -7.0981], [107.9669, -7.0985], [107.9669, -7.0988], [107.9674, -7.0989], [107.9674, -7.0986], [107.9676, -7.0987]]]}, "properties": {"id": "LG.9.Ka", "kode": "R145", "nama": "LG.9.Ka", "jenis": "Tersier"}}, {"type": "Feature", "geometry": {"type": "MultiLineString", "coordinates": [[[107.9617, -7.1005], [107.9616, -7.1005]], [[107.9616, -7.1005], [107.9616, -7.1006]], [[107.9616, -7.1005], [107.9617, -7.1004]]]}, "properties": {"id": "LG.10.Ki", "kode": "R146", "nama": "LG.10.Ki", "jenis": "Tersier"}}, {"type": "Feature", "geometry": {"type": "MultiLineString", "coordinates": [[[107.9622, -7.0991], [107.9622, -7.0984]]]}, "properties": {"id": "LG.11.Ki", "kode": "R147", "nama": "LG.11.Ki", "jenis": "Tersier"}}, {"type": "Feature", "geometry": {"type": "MultiLineString", "coordinates": [[[107.964, -7.0978], [107.9635, -7.0978], [107.963, -7.0976], [107.963, -7.0972], [107.9628, -7.0971], [107.9629, -7.0969], [107.9622, -7.0965], [107.9623, -7.0964], [107.9622, -7.0961], [107.9621, -7.0961], [107.9627, -7.0953], [107.9637, -7.0937]]]}, "properties": {"id": "LG.12.Ki", "kode": "R148", "nama": "LG.12.Ki", "jenis": "Tersier"}}, {"type": "Feature", "geometry": {"type": "MultiLineString", "coordinates": [[[107.9658, -7.0979], [107.9659, -7.0979], [107.9656, -7.0978], [107.9657, -7.0975], [107.9661, -7.097], [107.9663, -7.0971], [107.9664, -7.097], [107.9664, -7.0967], [107.9662, -7.0962], [107.9659, -7.0961], [107.9644, -7.0947], [107.9642, -7.0943]]]}, "properties": {"id": "LG.13.Ki", "kode": "R149", "nama": "LG.13.Ki", "jenis": "Tersier"}}, {"type": "Feature", "geometry": {"type": "MultiLineString", "coordinates": [[[107.9695, -7.0981], [107.9695, -7.098], [107.9699, -7.098]]]}, "properties": {"id": "LG.14.Ki", "kode": "R150", "nama": "LG.14.Ki", "jenis": "Tersier"}}, {"type": "Feature", "geometry": {"type": "MultiLineString", "coordinates": [[[107.9709, -7.0972], [107.9709, -7.097]]]}, "properties": {"id": "LG.15.Ki", "kode": "R151", "nama": "LG.15.Ki", "jenis": "Tersier"}}, {"type": "Feature", "geometry": {"type": "MultiLineString", "coordinates": [[[107.9727, -7.0959], [107.9751, -7.097]]]}, "properties": {"id": "LG.15.M", "kode": "R152", "nama": "LG.15.M", "jenis": "Tersier"}}, {"type": "Feature", "geometry": {"type": "MultiLineString", "coordinates": [[[107.9727, -7.0959], [107.9728, -7.0957], [107.9731, -7.096], [107.9736, -7.0953], [107.9737, -7.0953], [107.9748, -7.0959], [107.9754, -7.096]]]}, "properties": {"id": "LG.15.M.Ki", "kode": "R153", "nama": "LG.15.M.Ki", "jenis": "Tersier"}}, {"type": "Feature", "geometry": {"type": "MultiLineString", "coordinates": [[[107.9535, -7.0921], [107.9536, -7.0921]], [[107.9535, -7.0921], [107.9541, -7.0918], [107.9546, -7.0917], [107.9546, -7.0916], [107.9549, -7.0912], [107.9549, -7.0905], [107.9551, -7.0902], [107.955, -7.0895], [107.9551, -7.0895], [107.9553, -7.0891], [107.9555, -7.0889], [107.9555, -7.0886], [107.9556, -7.0886], [107.9556, -7.0885], [107.9558, -7.0883], [107.9559, -7.0878], [107.956, -7.0877], [107.956, -7.0866], [107.9558, -7.0864], [107.9558, -7.0863], [107.9571, -7.086], [107.9579, -7.0857], [107.9583, -7.0857], [107.9583, -7.0853]], [[107.947, -7.0911], [107.9472, -7.091], [107.9476, -7.091], [107.9477, -7.0911], [107.9481, -7.0911], [107.9483, -7.0912], [107.9485, -7.0911], [107.949, -7.0911], [107.9492, -7.0912], [107.9494, -7.0909], [107.9498, -7.0908], [107.9501, -7.091], [107.9501, -7.0911], [107.9503, -7.0913], [107.9505, -7.0913], [107.9506, -7.0914], [107.9507, -7.0914], [107.9507, -7.0913], [107.951, -7.0913], [107.9511, -7.0914], [107.951, -7.0916], [107.951, -7.092], [107.9516, -7.092], [107.9516, -7.0918], [107.9517, -7.0917], [107.9519, -7.0917], [107.9519, -7.0918], [107.9523, -7.0918], [107.9526, -7.0921], [107.9527, -7.0921], [107.9531, -7.0918], [107.9532, -7.0918], [107.9535, -7.0921]]]}, "properties": {"id": "Suplesi Cicukanggantung", "kode": "R154", "nama": "Suplesi Cicukanggantung", "jenis": "Suplesi"}}, {"type": "Feature", "geometry": {"type": "MultiLineString", "coordinates": [[[107.9548, -7.1071], [107.9548, -7.1065], [107.9549, -7.1064], [107.9549, -7.1059], [107.955, -7.1058], [107.955, -7.1055], [107.9548, -7.1052], [107.9549, -7.1051], [107.9549, -7.1048], [107.9553, -7.1045], [107.9556, -7.1045], [107.9557, -7.1044], [107.9564, -7.1043], [107.9564, -7.1027], [107.9567, -7.1026], [107.9567, -7.102], [107.9565, -7.1017], [107.9563, -7.1016], [107.9563, -7.1014], [107.9561, -7.101], [107.9558, -7.1007], [107.9555, -7.1007], [107.9552, -7.1005], [107.9552, -7.1001], [107.9555, -7.0995], [107.9549, -7.0992], [107.9547, -7.0992], [107.9542, -7.0985], [107.954, -7.0984], [107.954, -7.0983], [107.9537, -7.0983], [107.9534, -7.0981], [107.9535, -7.0975], [107.9537, -7.0975], [107.9539, -7.0973], [107.954, -7.0973], [107.954, -7.0972], [107.9542, -7.0972], [107.9542, -7.0971], [107.9544, -7.0971], [107.9547, -7.0969], [107.9553, -7.0969], [107.9554, -7.0967], [107.9555, -7.0967], [107.9555, -7.0964], [107.9556, -7.0964], [107.9556, -7.0957], [107.9554, -7.0953], [107.9555, -7.0951], [107.9555, -7.0947], [107.9554, -7.0947], [107.9554, -7.0946], [107.9552, -7.0946], [107.9551, -7.0947], [107.9547, -7.0946], [107.9544, -7.0943], [107.9541, -7.0943], [107.954, -7.0941], [107.9536, -7.0939], [107.9536, -7.0928], [107.9535, -7.0927], [107.9535, -7.0921], [107.954, -7.0923], [107.9542, -7.0923], [107.9542, -7.0924], [107.9543, -7.0923], [107.9548, -7.0922], [107.9552, -7.0919], [107.9553, -7.0919], [107.9553, -7.0918], [107.9557, -7.0918], [107.9563, -7.0916], [107.9568, -7.0916], [107.9569, -7.0915], [107.9572, -7.0915], [107.9583, -7.0909], [107.9593, -7.0909], [107.9595, -7.0908], [107.9596, -7.0909], [107.96, -7.091], [107.9607, -7.091], [107.9609, -7.0909], [107.961, -7.091], [107.9614, -7.091], [107.9619, -7.0906], [107.9621, -7.0906], [107.9621, -7.0905], [107.9624, -7.0905], [107.9625, -7.0906], [107.9631, -7.0906], [107.9634, -7.0909], [107.964, -7.0911], [107.9644, -7.091], [107.9646, -7.0908], [107.9648, -7.0908], [107.965, -7.091], [107.9657, -7.0914], [107.9659, -7.0915], [107.9662, -7.0915], [107.9666, -7.0912], [107.9666, -7.0911], [107.9667, -7.0911], [107.9667, -7.0909], [107.9666, -7.0907], [107.9665, -7.0907], [107.9665, -7.0906], [107.967, -7.0906], [107.9674, -7.0903]]]}, "properties": {"id": "SS Kawung Luwuk", "kode": "R155", "nama": "SS Kawung Luwuk", "jenis": "Sekunder"}}, {"type": "Feature", "geometry": {"type": "MultiLineString", "coordinates": [[[107.9594, -7.1565], [107.96, -7.1565], [107.9604, -7.1567], [107.9611, -7.1568], [107.9611, -7.1565], [107.9615, -7.1561], [107.9622, -7.1558], [107.9631, -7.1558], [107.9632, -7.1556], [107.9633, -7.1556], [107.9638, -7.1552], [107.9638, -7.1547], [107.9641, -7.1543], [107.9644, -7.1536], [107.9649, -7.1533], [107.9647, -7.1526], [107.9644, -7.152], [107.9644, -7.1517], [107.9645, -7.1517], [107.9647, -7.1515], [107.9649, -7.1515], [107.9654, -7.1504], [107.9654, -7.1502], [107.9657, -7.1501], [107.9657, -7.1498], [107.966, -7.1496], [107.966, -7.1489]]]}, "properties": {"id": "SS Ranca Ucing", "kode": "R156", "nama": "SS Ranca Ucing", "jenis": "Sekunder"}}, {"type": "Feature", "geometry": {"type": "MultiLineString", "coordinates": [[[107.96, -7.1565], [107.96, -7.1566], [107.961, -7.1569], [107.9612, -7.1565], [107.9616, -7.1561], [107.9618, -7.1561], [107.9622, -7.1559], [107.9632, -7.1558], [107.9633, -7.1556], [107.9636, -7.1555], [107.9637, -7.1553], [107.964, -7.1553], [107.9643, -7.1551]]]}, "properties": {"id": "RU.1.Ka", "kode": "R157", "nama": "RU.1.Ka", "jenis": "Tersier"}}, {"type": "Feature", "geometry": {"type": "MultiLineString", "coordinates": [[[107.9584, -7.0853], [107.9586, -7.0854], [107.9586, -7.0855], [107.959, -7.0855], [107.9592, -7.0858], [107.9591, -7.0868], [107.9595, -7.0869], [107.9596, -7.0871], [107.9596, -7.0876], [107.9598, -7.0879], [107.9597, -7.0883], [107.9598, -7.0884], [107.9602, -7.0882], [107.9602, -7.0881], [107.9608, -7.088], [107.961, -7.0876], [107.961, -7.0874], [107.9618, -7.0871], [107.9622, -7.0871], [107.9622, -7.087], [107.9623, -7.087], [107.9623, -7.0863], [107.9625, -7.0856], [107.9626, -7.0855], [107.9628, -7.0856], [107.9635, -7.0856], [107.9635, -7.0855], [107.9638, -7.0852], [107.9643, -7.085], [107.9645, -7.0848], [107.9646, -7.0839], [107.9648, -7.0837], [107.9657, -7.0837], [107.9658, -7.0836], [107.9659, -7.0831], [107.9662, -7.0825], [107.9667, -7.0821], [107.9667, -7.082], [107.9668, -7.082], [107.9669, -7.0816], [107.9676, -7.0816], [107.9676, -7.0817], [107.9681, -7.0817], [107.9682, -7.0816], [107.9685, -7.0816], [107.9685, -7.0818], [107.9687, -7.082], [107.9687, -7.0821], [107.9695, -7.0828], [107.9703, -7.0828], [107.9706, -7.0826], [107.9706, -7.0825], [107.9714, -7.0825]]]}, "properties": {"id": "SS Citikey Kanan", "kode": "R158", "nama": "SS Citikey Kanan", "jenis": "Sekunder"}}, {"type": "Feature", "geometry": {"type": "MultiLineString", "coordinates": [[[107.9512, -7.1596], [107.9526, -7.1592], [107.9527, -7.1591], [107.9538, -7.1587], [107.9544, -7.1587], [107.9547, -7.1585], [107.9549, -7.1585], [107.9554, -7.1578], [107.9558, -7.1579], [107.9559, -7.158], [107.9562, -7.1578], [107.957, -7.1578], [107.9573, -7.1573], [107.9577, -7.1573], [107.958, -7.1574], [107.9585, -7.1574], [107.9589, -7.1573], [107.9594, -7.1565], [107.9594, -7.1551], [107.9592, -7.1547], [107.9588, -7.1531], [107.9587, -7.1531], [107.9585, -7.1528], [107.9581, -7.1525], [107.9581, -7.152], [107.958, -7.1518], [107.9581, -7.1514], [107.9588, -7.1509], [107.959, -7.1506], [107.9599, -7.1497], [107.9601, -7.1497], [107.9603, -7.1496], [107.9603, -7.1495], [107.9604, -7.1495], [107.9604, -7.149], [107.9608, -7.1488], [107.9609, -7.1485], [107.9615, -7.1477], [107.962, -7.1468], [107.962, -7.1466], [107.9623, -7.146], [107.9623, -7.1458], [107.9626, -7.145], [107.9626, -7.144], [107.963, -7.1433], [107.9627, -7.142], [107.962, -7.1405], [107.9613, -7.1405], [107.9611, -7.1403], [107.96, -7.1403], [107.96, -7.1401]]]}, "properties": {"id": "SS Parigi", "kode": "R159", "nama": "SS Parigi", "jenis": "Sekunder"}}, {"type": "Feature", "geometry": {"type": "MultiLineString", "coordinates": [[[107.9638, -7.1552], [107.964, -7.1552], [107.9643, -7.155], [107.9645, -7.1547], [107.9647, -7.1546], [107.9653, -7.1545], [107.9653, -7.1544], [107.9651, -7.1542], [107.9655, -7.1538], [107.9656, -7.1538], [107.9662, -7.1529], [107.966, -7.1526], [107.9657, -7.1527], [107.9656, -7.1524], [107.965, -7.1524], [107.9647, -7.1525], [107.9644, -7.1519], [107.9647, -7.1515], [107.965, -7.1516], [107.9653, -7.1508]]]}, "properties": {"id": "RU.4.Ka", "kode": "R160", "nama": "RU.4.Ka", "jenis": "Tersier"}}, {"type": "Feature", "geometry": {"type": "MultiLineString", "coordinates": [[[107.9583, -7.0853], [107.9582, -7.0851], [107.9586, -7.0848], [107.9586, -7.0843], [107.9587, -7.084], [107.9593, -7.0836], [107.9593, -7.0834], [107.9594, -7.0833], [107.9594, -7.0829], [107.9593, -7.0828], [107.9593, -7.0825], [107.9592, -7.0824], [107.9589, -7.0823], [107.9585, -7.0823], [107.9583, -7.0821], [107.9583, -7.082], [107.9584, -7.082], [107.9584, -7.0816], [107.9583, -7.0815], [107.9583, -7.0813], [107.9581, -7.0811], [107.9576, -7.081], [107.9572, -7.0803], [107.9571, -7.0799], [107.9575, -7.0794], [107.9575, -7.0787], [107.9574, -7.0786], [107.9575, -7.078], [107.9578, -7.0776], [107.958, -7.0775], [107.9583, -7.0775], [107.9583, -7.0773], [107.9585, -7.0772], [107.9586, -7.077], [107.9585, -7.0769], [107.9586, -7.0768], [107.9594, -7.0768], [107.9596, -7.0769], [107.96, -7.0769], [107.9601, -7.077], [107.9605, -7.0768], [107.9605, -7.0766], [107.9604, -7.0764], [107.9603, -7.0764], [107.9603, -7.0762], [107.9604, -7.0762], [107.9604, -7.076], [107.9607, -7.0754], [107.9609, -7.0752], [107.9609, -7.075], [107.961, -7.075], [107.9609, -7.0746], [107.961, -7.0739], [107.9612, -7.0736], [107.9612, -7.0734], [107.9614, -7.073], [107.9617, -7.0727], [107.9615, -7.0722], [107.9608, -7.0717], [107.9608, -7.0703], [107.9609, -7.07], [107.961, -7.0698], [107.9611, -7.0698], [107.9615, -7.0701], [107.9623, -7.0701], [107.9625, -7.0702], [107.9628, -7.0702], [107.963, -7.07], [107.9634, -7.0698], [107.9639, -7.0698], [107.9642, -7.0693], [107.9642, -7.0686], [107.9641, -7.0682], [107.9638, -7.0677], [107.9638, -7.0672], [107.9637, -7.0672], [107.9637, -7.0671], [107.964, -7.0667], [107.9642, -7.0667], [107.9644, -7.0665], [107.9648, -7.0663], [107.965, -7.0663], [107.9651, -7.0662], [107.9657, -7.0662], [107.9657, -7.0661], [107.9658, -7.0661], [107.9658, -7.0656], [107.9664, -7.0656], [107.967, -7.0659], [107.9671, -7.0661], [107.9678, -7.0661], [107.968, -7.0662], [107.968, -7.0659], [107.9686, -7.0657], [107.9686, -7.066], [107.9688, -7.0661], [107.9688, -7.0662], [107.9693, -7.0663], [107.9692, -7.0664], [107.9695, -7.0665], [107.9695, -7.0666], [107.9692, -7.0669], [107.969, -7.0669], [107.969, -7.0672], [107.9686, -7.0672], [107.9686, -7.0676], [107.9682, -7.0681], [107.9682, -7.0685], [107.9704, -7.0685], [107.9705, -7.0683], [107.9709, -7.0683], [107.9708, -7.0684], [107.971, -7.0685], [107.9713, -7.0685], [107.9714, -7.0684], [107.9717, -7.0685], [107.9725, -7.0683], [107.9726, -7.068], [107.9725, -7.0678], [107.9722, -7.0678], [107.9722, -7.0679], [107.9719, -7.0677], [107.9716, -7.0672], [107.9717, -7.0671], [107.9721, -7.0675], [107.9723, -7.0674], [107.9723, -7.0669], [107.9725, -7.0669], [107.9725, -7.0672], [107.9728, -7.0672], [107.9729, -7.0675], [107.9727, -7.0676], [107.973, -7.0678], [107.9731, -7.0683], [107.9735, -7.0688], [107.9735, -7.0696], [107.9744, -7.0698], [107.9744, -7.07], [107.9746, -7.0705], [107.9751, -7.0709], [107.9755, -7.0709], [107.9755, -7.0713], [107.9759, -7.0713], [107.976, -7.0708], [107.9764, -7.0708], [107.9765, -7.0709], [107.9764, -7.0713], [107.9768, -7.0715], [107.977, -7.0717], [107.977, -7.0718], [107.9771, -7.0718]]]}, "properties": {"id": "SS Citikey Kiri", "kode": "R161", "nama": "SS Citikey Kiri", "jenis": "Sekunder"}}, {"type": "Feature", "geometry": {"type": "MultiLineString", "coordinates": [[[107.9315, -7.1675], [107.9317, -7.1674], [107.9318, -7.1672], [107.9329, -7.166], [107.9333, -7.1657], [107.9336, -7.1653], [107.9339, -7.1651], [107.9341, -7.1647], [107.9341, -7.1638], [107.9342, -7.1634], [107.9354, -7.1632], [107.9359, -7.1632], [107.9361, -7.1631]]]}, "properties": {"id": "Inlet Situ Bagendit", "kode": "R162", "nama": "Inlet Situ Bagendit", "jenis": "Sekunder"}}, {"type": "Feature", "geometry": {"type": "MultiLineString", "coordinates": [[[107.933, -7.1613], [107.933, -7.1612], [107.9334, -7.161], [107.9336, -7.1608], [107.9337, -7.1606], [107.9346, -7.1596], [107.9351, -7.1585], [107.9351, -7.1581]]]}, "properties": {"id": "CP.Ki.1", "kode": "R163", "nama": "CP.Ki.1", "jenis": "Tersier"}}, {"type": "Feature", "geometry": {"type": "MultiLineString", "coordinates": [[[108.0048, -7.1459], [108.0044, -7.1457], [108.0042, -7.1457], [108.0042, -7.1456], [108.004, -7.1456], [108.004, -7.1455], [108.0039, -7.1455], [108.0039, -7.1454], [108.0037, -7.1453], [108.0037, -7.1454], [108.0035, -7.1454], [108.0035, -7.1455], [108.0034, -7.1455], [108.0034, -7.1454], [108.0031, -7.1454], [108.0031, -7.1453], [108.0025, -7.1452], [108.0025, -7.1451], [108.0023, -7.145], [108.0022, -7.1447], [108.002, -7.1446], [108.0021, -7.1442], [108.002, -7.1442], [108.002, -7.144], [108.0019, -7.144], [108.0019, -7.1435], [108.0021, -7.1434], [108.0021, -7.1431], [108.002, -7.143], [108.002, -7.1428], [108.0019, -7.1428], [108.0019, -7.1426], [108.002, -7.1426], [108.002, -7.1425], [108.0026, -7.1425], [108.0027, -7.1423], [108.0026, -7.1423], [108.0026, -7.1422], [108.0024, -7.1421], [108.0019, -7.1421], [108.0018, -7.142], [108.0014, -7.142], [108.0014, -7.1419], [108.0013, -7.1419], [108.0013, -7.1413], [108.0014, -7.1413], [108.0014, -7.1411], [108.0015, -7.1411], [108.0015, -7.141], [108.0016, -7.141], [108.0017, -7.1408], [108.0018, -7.1408], [108.0018, -7.1406], [108.0012, -7.1407], [108.0012, -7.1406], [108.0008, -7.1404], [108.0008, -7.1403], [108.0005, -7.1403], [108.0005, -7.1402], [108.0001, -7.1402], [108.0001, -7.1401], [108, -7.1401], [108.0001, -7.1398], [108.0002, -7.1398], [108.0002, -7.1387], [108.0004, -7.1386], [108.0004, -7.1385], [108.0005, -7.1385], [108.0005, -7.1384], [108.0007, -7.1384], [108.0007, -7.1382], [108.0006, -7.1381], [108.0004, -7.1381], [108.0003, -7.1382], [108.0001, -7.1382], [108.0001, -7.1383], [108, -7.1383], [108, -7.1384], [107.9998, -7.1385], [107.9993, -7.1385], [107.9993, -7.1384], [107.9991, -7.1383], [107.9991, -7.1381], [107.999, -7.1381], [107.999, -7.1378], [107.9989, -7.1376], [107.9985, -7.1375], [107.9985, -7.1374], [107.998, -7.1374], [107.9978, -7.1373], [107.9977, -7.1371], [107.9977, -7.1366], [107.9978, -7.1366], [107.9978, -7.1359], [107.9977, -7.1358], [107.9977, -7.1355], [107.9976, -7.1355], [107.9976, -7.1347], [107.9977, -7.1347], [107.9977, -7.1342], [107.9978, -7.1342], [107.9978, -7.134], [107.9979, -7.1339], [107.9979, -7.1335], [107.9978, -7.1335], [107.9978, -7.1333], [107.9977, -7.1333], [107.9977, -7.1331], [107.9976, -7.1331], [107.9976, -7.1329], [107.9975, -7.1329], [107.9975, -7.1327], [107.9974, -7.1327], [107.9974, -7.1326], [107.9972, -7.1324], [107.9968, -7.1324], [107.9967, -7.1325], [107.9959, -7.1325], [107.9959, -7.1324], [107.9956, -7.1323], [107.9956, -7.1322], [107.9954, -7.1321], [107.9952, -7.1321], [107.9952, -7.132], [107.9947, -7.132], [107.9947, -7.1321], [107.9944, -7.1321], [107.9944, -7.1322], [107.9942, -7.1322], [107.9939, -7.1324], [107.9936, -7.1324], [107.9936, -7.1323], [107.9932, -7.1323], [107.9932, -7.1324], [107.993, -7.1324]]]}, "properties": {"id": "SS Copong Kanan", "kode": "R164", "nama": "SS Copong Kanan", "jenis": "Sekunder"}}, {"type": "Feature", "geometry": {"type": "MultiLineString", "coordinates": [[[107.976, -7.1147], [107.976, -7.1142], [107.9759, -7.1142], [107.9759, -7.1141], [107.9753, -7.1141], [107.9753, -7.114], [107.9752, -7.114], [107.9754, -7.1135], [107.9754, -7.1134], [107.9753, -7.1134], [107.9753, -7.113], [107.9754, -7.1128]]]}, "properties": {"id": "CO.3", "kode": "R165", "nama": "CO.3", "jenis": "Tersier"}}, {"type": "Feature", "geometry": {"type": "MultiLineString", "coordinates": [[[107.96, -7.1401], [107.9607, -7.1397], [107.9609, -7.1392], [107.9609, -7.1387], [107.9602, -7.1387], [107.9596, -7.1385], [107.9596, -7.1384], [107.9599, -7.1384], [107.9603, -7.1383], [107.9604, -7.1382], [107.961, -7.1383], [107.9616, -7.1382], [107.9616, -7.138], [107.9619, -7.138], [107.9627, -7.1376], [107.9634, -7.1376], [107.9634, -7.1373], [107.9633, -7.1372], [107.9629, -7.1372], [107.9629, -7.1366], [107.963, -7.1364], [107.9632, -7.1363], [107.9634, -7.1359], [107.9636, -7.1357], [107.9641, -7.1344], [107.9642, -7.1343], [107.9644, -7.1343], [107.9645, -7.1336], [107.9647, -7.1335], [107.9646, -7.1326], [107.9643, -7.1322], [107.9643, -7.1321], [107.9638, -7.1322], [107.9637, -7.1323], [107.9635, -7.1322], [107.9631, -7.1322], [107.9631, -7.1323], [107.963, -7.1323], [107.9629, -7.1325], [107.9627, -7.1325], [107.9627, -7.1326], [107.9621, -7.1323], [107.9619, -7.1323], [107.9618, -7.1317], [107.9616, -7.1315], [107.9613, -7.1315], [107.9612, -7.1314], [107.961, -7.1314], [107.9606, -7.1316], [107.9603, -7.132], [107.9595, -7.1325], [107.9592, -7.1326], [107.959, -7.1325], [107.959, -7.1321], [107.9587, -7.1316], [107.9587, -7.1313], [107.9585, -7.1309], [107.9586, -7.1298], [107.9587, -7.1298], [107.9585, -7.1293], [107.9585, -7.1284], [107.959, -7.1277], [107.9591, -7.1274], [107.9593, -7.1272], [107.9598, -7.1273], [107.9601, -7.1276], [107.9601, -7.1277], [107.9605, -7.128], [107.9606, -7.128], [107.9606, -7.1281], [107.9609, -7.1281], [107.9613, -7.1283], [107.9615, -7.1283], [107.9617, -7.1281], [107.9614, -7.1275], [107.9615, -7.1273], [107.9623, -7.1269], [107.9626, -7.1269], [107.9626, -7.127], [107.9628, -7.1272], [107.9631, -7.1272], [107.9633, -7.1271], [107.9633, -7.1266], [107.9631, -7.1265], [107.9631, -7.1255], [107.9629, -7.1253], [107.9629, -7.1251], [107.963, -7.125], [107.963, -7.1246], [107.9634, -7.1243], [107.9635, -7.1241], [107.9634, -7.1239], [107.9634, -7.1236], [107.9635, -7.1236], [107.9635, -7.1234], [107.9636, -7.1234], [107.9636, -7.1231], [107.9635, -7.1231], [107.9635, -7.123], [107.9633, -7.123], [107.9634, -7.1228], [107.9634, -7.1221], [107.9632, -7.122], [107.9632, -7.1218], [107.963, -7.1217], [107.963, -7.1214], [107.9631, -7.1213], [107.963, -7.121], [107.9626, -7.1207], [107.9626, -7.1206], [107.9624, -7.1204], [107.9621, -7.1205], [107.9619, -7.1202], [107.9615, -7.1202], [107.9611, -7.1199], [107.9602, -7.1196], [107.9601, -7.1195], [107.9602, -7.1195], [107.9602, -7.1193], [107.9603, -7.1192], [107.9602, -7.1189], [107.96, -7.1187], [107.96, -7.1181], [107.9602, -7.1179], [107.9601, -7.1174], [107.9604, -7.1168], [107.9606, -7.1168], [107.9606, -7.1165], [107.9604, -7.1162], [107.9599, -7.1162], [107.96, -7.1151], [107.9601, -7.115]]]}, "properties": {"id": "SS Sawah Bera", "kode": "R166", "nama": "SS Sawah Bera", "jenis": "Tersier"}}, {"type": "Feature", "geometry": {"type": "MultiLineString", "coordinates": [[[107.9522, -7.1593], [107.9523, -7.1596], [107.9524, -7.1596], [107.9525, -7.1598], [107.9525, -7.16], [107.9526, -7.16], [107.9527, -7.1602], [107.9528, -7.1606], [107.9529, -7.1606], [107.953, -7.1608], [107.953, -7.161], [107.9531, -7.161], [107.9531, -7.1618], [107.9532, -7.1621], [107.9534, -7.1621], [107.9535, -7.1622], [107.9539, -7.1622], [107.9542, -7.1624], [107.9543, -7.1623], [107.9548, -7.1624], [107.9552, -7.1626], [107.9555, -7.1629], [107.9561, -7.1631], [107.9561, -7.1632], [107.9563, -7.1633], [107.9563, -7.1634], [107.9567, -7.1638], [107.9579, -7.1638], [107.9581, -7.1637], [107.9583, -7.1634], [107.9584, -7.1634], [107.9584, -7.1627], [107.9583, -7.1626], [107.9581, -7.1626], [107.9581, -7.1624], [107.9582, -7.1623], [107.9582, -7.1618], [107.9583, -7.1618], [107.9583, -7.1615], [107.9584, -7.1615], [107.9584, -7.1612], [107.9586, -7.1612], [107.9586, -7.1611], [107.959, -7.161], [107.9592, -7.1608], [107.9595, -7.1607], [107.9599, -7.1607], [107.96, -7.1605], [107.9602, -7.1604], [107.9606, -7.1604], [107.9608, -7.1602], [107.961, -7.1602], [107.9611, -7.1601], [107.9613, -7.1601], [107.9614, -7.1603], [107.9616, -7.1604], [107.9621, -7.1602], [107.9625, -7.1602], [107.9626, -7.1601], [107.9628, -7.1601], [107.9628, -7.1602], [107.9631, -7.1604], [107.9636, -7.1604], [107.9636, -7.1602], [107.9639, -7.1602], [107.9639, -7.16], [107.9642, -7.1594], [107.9642, -7.159], [107.9643, -7.1589], [107.9643, -7.1584], [107.9642, -7.1582], [107.9647, -7.1582], [107.9652, -7.1585], [107.9657, -7.1585], [107.9657, -7.1584], [107.9659, -7.1582], [107.9665, -7.1578], [107.9668, -7.1578], [107.9673, -7.1575], [107.9676, -7.1575], [107.9677, -7.1574], [107.9685, -7.1572], [107.9686, -7.1571], [107.9688, -7.1571], [107.969, -7.1568], [107.9697, -7.1568], [107.9699, -7.1567], [107.9699, -7.1565], [107.97, -7.1565], [107.97, -7.1564], [107.9703, -7.1563], [107.9703, -7.1557], [107.9702, -7.1555], [107.9702, -7.1548], [107.9703, -7.1545], [107.9699, -7.1543], [107.9694, -7.1543], [107.9693, -7.1537], [107.9692, -7.1537], [107.969, -7.1535], [107.9689, -7.1533], [107.9689, -7.1529], [107.9688, -7.1526], [107.9684, -7.1521], [107.9685, -7.1521], [107.9685, -7.1519], [107.9684, -7.1519], [107.9684, -7.1513], [107.9685, -7.1512], [107.9685, -7.1509], [107.9687, -7.1509]]]}, "properties": {"id": "SS Situ Bagendit", "kode": "R167", "nama": "SS Situ Bagendit", "jenis": "Sekunder"}}, {"type": "Feature", "geometry": {"type": "MultiLineString", "coordinates": [[[107.9584, -7.1612], [107.9578, -7.161], [107.9576, -7.1611], [107.9575, -7.161], [107.9567, -7.1612], [107.9564, -7.1612], [107.9563, -7.1615]]]}, "properties": {"id": "BG.1.Ki", "kode": "R168", "nama": "BG.1.Ki", "jenis": "Tersier"}}, {"type": "Feature", "geometry": {"type": "MultiLineString", "coordinates": [[[107.9581, -7.1523], [107.9579, -7.1515], [107.9579, -7.1507], [107.9581, -7.1504], [107.9584, -7.1504], [107.9587, -7.15], [107.9587, -7.1498], [107.9583, -7.149], [107.958, -7.1489], [107.9576, -7.149], [107.9571, -7.149], [107.9567, -7.1491], [107.9562, -7.1494], [107.9557, -7.1493], [107.9551, -7.1489], [107.9546, -7.1489], [107.9544, -7.1488], [107.954, -7.1491], [107.9539, -7.1491], [107.9537, -7.1489], [107.9537, -7.1486], [107.9536, -7.1485], [107.9534, -7.1485], [107.9532, -7.1482], [107.9529, -7.1481], [107.9519, -7.148], [107.951, -7.1478], [107.9505, -7.1478], [107.9502, -7.1476], [107.95, -7.1474], [107.95, -7.1473], [107.9499, -7.1473], [107.9494, -7.1477], [107.9492, -7.1473], [107.9486, -7.1472], [107.9484, -7.147], [107.9482, -7.1462], [107.9478, -7.1458], [107.9478, -7.1457], [107.9469, -7.1452], [107.9463, -7.1453], [107.9461, -7.1451], [107.9461, -7.1442], [107.9462, -7.1441], [107.9465, -7.1441], [107.9467, -7.1439], [107.9468, -7.1439], [107.9468, -7.1438], [107.9469, -7.1438], [107.9469, -7.1437], [107.9475, -7.1434], [107.9478, -7.1434], [107.9481, -7.1432], [107.9481, -7.1415], [107.948, -7.1412], [107.9479, -7.1411], [107.9475, -7.1411], [107.9468, -7.1405], [107.9462, -7.1403], [107.946, -7.14], [107.9459, -7.14], [107.9458, -7.1398], [107.9455, -7.1396], [107.945, -7.139], [107.945, -7.1387], [107.9449, -7.1385], [107.9449, -7.1379], [107.9452, -7.1372], [107.9452, -7.1369], [107.9451, -7.1367], [107.9452, -7.1359], [107.9453, -7.1358], [107.9461, -7.1355], [107.9467, -7.1349], [107.947, -7.1343], [107.9469, -7.1342], [107.9458, -7.1342], [107.9454, -7.134], [107.9452, -7.1332], [107.9452, -7.1329], [107.945, -7.1326], [107.945, -7.1324], [107.9446, -7.132], [107.9445, -7.132], [107.9444, -7.1318], [107.9444, -7.1315], [107.9433, -7.1306], [107.9428, -7.1299], [107.9427, -7.1299], [107.9425, -7.1294], [107.9425, -7.1291], [107.9427, -7.1287], [107.9422, -7.1285]]]}, "properties": {"id": "SS Cinanti", "kode": "R169", "nama": "SS Cinanti", "jenis": "Sekunder"}}, {"type": "Feature", "geometry": {"type": "MultiLineString", "coordinates": [[[107.9543, -7.1416], [107.9545, -7.142], [107.9545, -7.1434], [107.9536, -7.1454], [107.9533, -7.1456], [107.9526, -7.1458], [107.9523, -7.146], [107.952, -7.146], [107.952, -7.1459], [107.9517, -7.1458], [107.9515, -7.1461], [107.951, -7.1465], [107.9509, -7.1467], [107.9506, -7.1468], [107.9503, -7.1471], [107.9499, -7.1473]]]}, "properties": {"id": "Suplesi Situ Rancakukuk", "kode": "R170", "nama": "Suplesi Situ Rancakukuk", "jenis": "Suplesi"}}, {"type": "Feature", "geometry": {"type": "MultiLineString", "coordinates": [[[107.9223, -7.1803], [107.9223, -7.1797], [107.9224, -7.1793], [107.9225, -7.1792], [107.9225, -7.1788], [107.9236, -7.1788], [107.9236, -7.1794], [107.9239, -7.1795], [107.9246, -7.1795], [107.9246, -7.1794], [107.9249, -7.1794], [107.9249, -7.1792], [107.9257, -7.1792], [107.9261, -7.1791], [107.9274, -7.1791], [107.9278, -7.179], [107.9279, -7.1789], [107.9283, -7.1789], [107.9292, -7.1785], [107.9294, -7.1785], [107.9295, -7.1783], [107.93, -7.1782], [107.9303, -7.1779], [107.9305, -7.178], [107.9308, -7.1779], [107.9327, -7.1779]]]}, "properties": {"id": "CP.1-1.Ka", "kode": "R171", "nama": "CP.1-1.Ka", "jenis": "Tersier"}}, {"type": "Feature", "geometry": {"type": "MultiLineString", "coordinates": [[[107.925, -7.1761], [107.9251, -7.1761]], [[107.9251, -7.1761], [107.9257, -7.1761], [107.9257, -7.1756], [107.926, -7.1754], [107.9261, -7.1747], [107.9262, -7.1747], [107.9263, -7.1743], [107.9283, -7.1743], [107.9282, -7.1746], [107.9284, -7.1748]], [[107.9251, -7.1761], [107.9252, -7.1744], [107.9272, -7.1723], [107.928, -7.1716], [107.928, -7.1715]]]}, "properties": {"id": "CP.2.Ka", "kode": "R172", "nama": "CP.2.Ka", "jenis": "Tersier"}}, {"type": "Feature", "geometry": {"type": "MultiLineString", "coordinates": [[[107.9201, -7.184], [107.9201, -7.1841], [107.9213, -7.1841], [107.9217, -7.1839], [107.9219, -7.1837], [107.9221, -7.1826], [107.9222, -7.181], [107.9225, -7.181], [107.9225, -7.1804], [107.9227, -7.1804], [107.9226, -7.1807], [107.9228, -7.1807], [107.9227, -7.1811], [107.923, -7.1811], [107.9231, -7.1806], [107.9233, -7.1806], [107.9233, -7.1805], [107.9245, -7.1806]]]}, "properties": {"id": "CP.1.Ka", "kode": "R173", "nama": "CP.1.Ka", "jenis": "Tersier"}}, {"type": "Feature", "geometry": {"type": "MultiLineString", "coordinates": [[[107.9319, -7.1678], [107.9316, -7.1676]]]}, "properties": {"id": "CP.3.Ka.1", "kode": "R174", "nama": "CP.3.Ka.1", "jenis": "Tersier"}}, {"type": "Feature", "geometry": {"type": "MultiLineString", "coordinates": [[[107.9881, -7.0847], [107.9881, -7.0843], [107.988, -7.0843], [107.9879, -7.0841], [107.9879, -7.0835], [107.988, -7.0835], [107.988, -7.0831], [107.9879, -7.0831], [107.9878, -7.0829], [107.9878, -7.0823], [107.9876, -7.0822], [107.9876, -7.082], [107.9875, -7.082], [107.9875, -7.0817], [107.9874, -7.0816], [107.9874, -7.0812], [107.9875, -7.0812], [107.9875, -7.081], [107.9874, -7.081], [107.9874, -7.0805], [107.9873, -7.0805], [107.9872, -7.0802], [107.9871, -7.0802], [107.987, -7.08], [107.987, -7.0796], [107.9869, -7.0796], [107.9869, -7.0795], [107.9866, -7.0795], [107.9866, -7.0794], [107.9865, -7.0794], [107.9865, -7.0789], [107.9864, -7.0789], [107.9864, -7.0787], [107.9863, -7.0787], [107.9862, -7.0785], [107.9862, -7.0782], [107.9863, -7.0782], [107.9863, -7.078]]]}, "properties": {"id": "CR.4.Ka", "kode": "R175", "nama": "CR.4.Ka", "jenis": "Tersier"}}]}