petak,kode,nama,jenis,rezim,tanam,bulan_tanam_optimum,terhubung,tingkat,hulu,n_ruas_hilir,panjang_m,panjang_km,luas_ha,luas_m2,luas_layanan_sendiri_ha,luas_layanan_hilir_ha,zona_iklim,cuaca_dari,cuaca_jarak_km,efisiensi_kumulatif,nfr_mm_hari,dr_l_detik_ha,debit_l_detik,debit_l_detik_hilir,debit_l_detik_bersih,debit_l_detik_km,irigasi_m3,irigasi_m3_andalan,irigasi_m3_kotor,irigasi_m3_sendiri,etc_m3_sendiri,perkolasi_m3_sendiri,limpasan_m3_sendiri,water_loss_m3_sendiri,debit_l_detik_sendiri,irigasi_mm,hujan_mm,masuk_mm,keluar_mm,etc_mm,perkolasi_mm,limpasan_mm,etc_m3,perkolasi_m3,limpasan_m3,water_loss_m3,etc_pct,perkolasi_pct,limpasan_pct,loss_pct_masuk,irigasi_pct_masuk,hujan_pct_masuk,elev_rata_m,eto_rata_mm_hari,hujan_tahunan_mm,tma_rata,tma_min,hari_diairi,hari_kering,hari_limpas,n_musim
"CP.Ka.8,Ki",R000,"CP.Ka.8,Ki",Tersier,FL,Jan,Jan,True,2.0,SI Copong Kanan,0,480.6415898718397,0.4806415898718397,105.81077817991364,1058107.7817991364,105.81077817991364,0.0,SI Copong Kanan,,0.0,0.9,1.6461309538058848,0.21169379549972797,22.399485237685717,22.399485237685717,20.159536713917145,46.60330214798601,243849.75609154179,300224.1989388904,270944.1734350464,243849.75609154179,516736.9863747001,296270.1789037582,706470.5251333368,1519477.690411795,22.399485237685717,230.45833353282387,1380.2999999999997,1610.7583335328236,1436.032998290756,488.35949915808646,280.0,667.6734991326697,516736.9863747001,296270.1789037582,706470.5251333368,1519477.690411795,34.00754019854406,19.49815918807375,46.494300613382194,89.15260398753622,14.307443192137157,85.69255680786284,682.0,3.4443790702566353,2450.2454545454543,39.333386891780464,4.113538103386071,49.0,0.0,65.0,9.0
SI Copong Kanan,R001,SI Copong Kanan,Primer,FL,Jan,Jan,True,1.0,SI Copong,704,13588.421421776266,13.588421421776266,2473.2020697399025,24732020.697399024,0.0,2473.2020697399025,SI Copong Kanan,,0.0,0.6480000000000001,1.6461309538058848,0.2940191604162888,732.7409541494965,0.0,474.81613828887384,53.92392032935002,5743376.008742219,6816487.903242556,8863234.58139231,0.0,0.0,0.0,0.0,0.0,0.0,230.45833353282387,1380.2999999999997,1610.7583335328236,1436.032998290756,488.35949915808646,280.0,667.6734991326697,12098018.355404919,6924965.795271727,17961558.4154207,36984542.56609735,32.71101253661258,18.72394604555591,48.5650414178315,89.15260398753622,14.307443192137157,85.69255680786284,682.0,3.4443790702566353,2450.2454545454543,39.333386891780464,4.113538103386071,49.0,0.0,65.0,9.0
CP.Ka.12 dan Suplesi Situ Sunarsa,R002,CP.Ka.12 dan Suplesi Situ Sunarsa,Tersier,FL,Jan,Jan,False,,,0,2100.1062116330654,2.1001062116330655,21.37170995356237,213717.09953562368,43.04627616964762,-21.67456621608525,CP.Ka.12 dan Suplesi Situ Sunarsa,,0.0,0.9,1.6460956538809406,0.2116892559003267,4.524161377387223,0.657262583075221,4.071745239648501,2.154253605044664,49251.830418788275,60675.67035302716,54724.25602087586,99201.60336606191,210851.91886712873,120529.57327501333,287109.92318160983,618491.4153237519,9.11243417163267,230.4533915433317,1380.2999999999997,1610.7533915433314,1436.8058525811732,489.826153686675,280.0,666.9796988944981,104684.22484260684,59840.787869974636,142544.96669687578,307069.9794094573,34.091325060147746,19.487671176797438,46.421003763054806,89.20085843833043,14.307180276834584,85.69281972316541,666.0,3.4589418291794307,2450.2454545454543,39.305898047452814,4.07874063924082,49.0,0.0,65.0,9.0
CP.Ka.9.Ki,R003,CP.Ka.9.Ki,Tersier,FL,Jan,Jan,True,2.0,SI Copong Kanan,0,249.1178547801445,0.2491178547801445,39.422463516718906,394224.63516718906,39.422463516718906,0.0,SI Copong Kanan,,0.0,0.9,1.6461309538058848,0.21169379549972797,8.345490929803779,8.345490929803779,7.510941836823401,33.500171784832425,90852.35245821587,111856.06734108065,100947.05828690653,90852.35245821587,192523.3453860278,110382.89784681294,263213.3416063772,566119.584839218,8.345490929803779,230.45833353282387,1380.2999999999997,1610.7583335328236,1436.032998290756,488.35949915808646,280.0,667.6734991326697,192523.3453860278,110382.89784681294,263213.3416063772,566119.584839218,34.00754019854406,19.49815918807375,46.49430061338219,89.15260398753622,14.307443192137157,85.69255680786284,682.0,3.4443790702566353,2450.2454545454543,39.333386891780464,4.113538103386071,49.0,0.0,65.0,9.0
CP.Ka.10.Ki,R004,CP.Ka.10.Ki,Tersier,FL,Jan,Jan,True,2.0,SI Copong Kanan,0,548.9792772467366,0.5489792772467366,80.14127911202307,801412.7911202307,80.14127911202307,0.0,SI Copong Kanan,,0.0,0.9,1.6461309538058848,0.21169379549972797,16.96541155142723,16.96541155142723,15.268870396284509,30.90355547938505,184692.25631345744,227390.36360203807,205213.6181260638,184692.25631345744,391377.54929036007,224395.58151366457,535082.0824969237,1150855.2133009485,16.96541155142723,230.45833353282387,1380.2999999999997,1610.7583335328236,1436.032998290756,488.35949915808646,280.0,667.6734991326697,391377.54929036007,224395.58151366457,535082.0824969237,1150855.2133009485,34.00754019854406,19.498159188073743,46.49430061338218,89.15260398753622,14.307443192137157,85.69255680786284,682.0,3.4443790702566353,2450.2454545454543,39.333386891780464,4.113538103386071,49.0,0.0,65.0,9.0
CP.Ka.12.Ki,R005,CP.Ka.12.Ki,Tersier,FL,Jan,Jan,True,2.0,SI Copong Kanan,0,539.5527518896938,0.5395527518896938,14.811944303301184,148119.44303301183,14.811944303301184,0.0,SI Copong Kanan,,0.0,0.9,1.6461309538058848,0.21169379549972797,3.135596708296401,3.135596708296401,2.822037037466761,5.811473849988709,34135.36000519795,42026.9483853983,37928.17778355328,34135.36000519795,72335.53701517638,41473.44404924332,98895.42681943314,212704.40788385284,3.135596708296401,230.45833353282387,1380.2999999999997,1610.7583335328236,1436.032998290756,488.35949915808646,280.0,667.6734991326697,72335.53701517638,41473.44404924332,98895.42681943314,212704.40788385284,34.00754019854406,19.498159188073753,46.49430061338219,89.15260398753622,14.307443192137157,85.69255680786284,682.0,3.4443790702566353,2450.2454545454543,39.333386891780464,4.113538103386071,49.0,0.0,65.0,9.0
CP.Ka.11.Ki,R006,CP.Ka.11.Ki,Tersier,FL,Jan,Jan,True,2.0,SI Copong Kanan,0,489.5414746406343,0.4895414746406343,23.414196194204354,234141.96194204353,23.414196194204354,0.0,SI Copong Kanan,,0.0,0.9,1.6461309538058848,0.21169379549972797,4.956640060926405,4.956640060926405,4.460976054833765,10.125066654597564,53959.96635926923,66434.70936628505,59955.51817696581,53959.96635926923,114345.45126590812,65559.74934377219,156330.38302363257,336235.5836333129,4.956640060926405,230.45833353282387,1380.2999999999997,1610.7583335328236,1436.032998290756,488.35949915808646,280.0,667.6734991326697,114345.45126590812,65559.74934377219,156330.38302363257,336235.5836333129,34.00754019854406,19.498159188073746,46.49430061338219,89.15260398753622,14.307443192137157,85.69255680786284,682.0,3.4443790702566353,2450.2454545454543,39.333386891780464,4.113538103386071,49.0,0.0,65.0,9.0
CP.Ka.12.Ki (2),R007,CP.Ka.12.Ki,Tersier,FL,Jan,Jan,True,38.0,SI Copong Kanan,0,626.3201866440619,0.6263201866440619,6.554612312575616,65546.12312575616,6.554612312575616,0.0,SI Copong Kanan,,0.0,0.9,1.6461309538058848,0.21169379549972797,1.3875707584783812,1.3875707584783812,1.2488136826305432,2.2154335562984793,15105.650305099052,18597.85236199657,16784.0558945545,15105.650305099052,32010.071861448545,18352.914475211724,43763.409381954414,94126.39571861469,1.3875707584783812,230.45833353282387,1380.2999999999997,1610.7583335328236,1436.032998290756,488.35949915808646,280.0,667.6734991326697,32010.071861448545,18352.914475211724,43763.409381954414,94126.39571861469,34.007540198544056,19.49815918807375,46.494300613382194,89.15260398753622,14.307443192137157,85.69255680786284,682.0,3.4443790702566353,2450.2454545454543,39.333386891780464,4.113538103386071,49.0,0.0,65.0,9.0
CP.Ka.15b.Ki,R008,CP.Ka.15b.Ki,Tersier,FL,Jan,Jan,False,,,0,1691.6883571958645,1.6916883571958645,73.23275557524389,732327.5557524388,73.23275557524389,0.0,CP.Ka.15b.Ki,,0.0,0.9,1.6460786222480153,0.2116870656183147,15.502427134866654,15.502427134866654,13.95218442137999,9.163878836740007,168765.62276101235,207869.5526473531,187517.35862334704,168765.62276101235,358324.0500034741,205051.71561068288,488664.3632556157,1052040.1288697727,15.502427134866654,230.45100711472213,1380.2999999999997,1610.751007114722,1436.570453489001,489.2947796226372,280.0,667.2756738663637,358324.0500034741,205051.71561068288,488664.3632556157,1052040.1288697727,34.059922256808655,19.490864462648773,46.44921328054258,89.18637623963222,14.307053423950384,85.69294657604961,669.0,3.4556728504754646,2450.2454545454543,39.3163771043309,4.089585767697048,49.0,0.0,65.0,9.0
CP.Ka.15a.Ki,R009,CP.Ka.15a.Ki,Tersier,FL,Jan,Jan,False,,,0,813.3319736850584,0.8133319736850584,57.77233512951167,577723.3512951167,57.77233512951167,0.0,CP.Ka.15a.Ki,,0.0,0.9,1.6458024245488656,0.21165154636688085,12.227604067386817,12.227604067386817,11.004843660648136,15.03396455937393,133114.58891919986,163924.31615328707,147905.09879911094,133114.58891919986,282167.2043225346,161762.53836263268,385732.12732094247,829661.8700061098,12.227604067386817,230.4123394368412,1380.2999999999997,1610.712339436841,1436.0885156298555,488.41232345894224,280.0,667.6761921709134,282167.2043225346,161762.53836263268,385732.12732094247,829661.8700061098,34.00990385642969,19.497405414261284,46.49269072930902,89.15859650842187,14.304996230264251,85.69500376973575,685.0,3.4440781365397983,2450.2454545454543,39.332407834972244,4.11235288605411,49.0,0.0,65.0,9.0
CP.Ka.17a.Ki,R010,CP.Ka.17a.Ki,Tersier,FL,Jan,Jan,False,,,0,245.94707186456455,0.24594707186456455,49.59476100117673,495947.6100117673,49.59476100117673,0.0,CP.Ka.17a.Ki,,0.0,0.9,1.6455446908085667,0.21161840159575188,10.495164050592349,10.495164050592349,9.445647645533114,42.67244969019884,114254.55392036856,140719.7629274702,126949.50435596507,114254.55392036856,242216.75643847353,138865.33080329484,331169.2441963112,712251.3314380796,10.495164050592349,230.37625671319933,1380.2999999999997,1610.676256713199,1436.1422800710343,488.391821129507,280.0,667.7504589415273,242216.75643847353,138865.33080329484,331169.2441963112,712251.3314380796,34.00720304017163,19.49667549556097,46.4961214642674,89.16393186310918,14.30307647194806,85.69692352805194,684.0,3.448720592351116,2450.2454545454543,39.33268829908903,4.112987310955634,49.0,0.0,65.0,9.0
CP.Ka.16a.Ki,R011,CP.Ka.16a.Ki,Tersier,FL,Jan,Jan,True,57.0,SI Copong Kanan,0,1173.4487277342887,1.1734487277342887,47.610970561129655,476109.7056112965,47.610970561129655,0.0,SI Copong Kanan,,0.0,0.9,1.6461309538058848,0.21169379549972797,10.078947065511349,10.078947065511349,9.071052358960214,8.589166980454205,109723.44933398277,135089.88161029996,121914.9437044253,109723.44933398277,232512.6973766368,133310.71757116303,317885.8331165196,683709.2480643194,10.078947065511349,230.45833353282387,1380.2999999999997,1610.7583335328236,1436.032998290756,488.35949915808646,280.0,667.6734991326697,232512.6973766368,133310.71757116303,317885.8331165196,683709.2480643194,34.00754019854407,19.49815918807375,46.49430061338219,89.15260398753622,14.307443192137157,85.69255680786284,682.0,3.4443790702566353,2450.2454545454543,39.333386891780464,4.113538103386071,49.0,0.0,65.0,9.0
CP.Ka.16.Ki,R012,CP.Ka.16.Ki,Tersier,FL,Jan,Jan,True,57.0,SI Copong Kanan,0,1175.8099699415322,1.1758099699415323,79.36454208318588,793645.4208318588,79.36454208318588,0.0,SI Copong Kanan,,0.0,0.9,1.6461309538058848,0.21169379549972797,16.800981141687505,16.800981141687505,15.120883027518754,14.288857529012908,182902.2011008669,225186.47420362246,203224.6678898521,182902.2011008669,387584.28022655536,222220.71783292046,529896.0151974274,1139701.0132569033,16.800981141687505,230.45833353282387,1380.2999999999997,1610.7583335328236,1436.032998290756,488.35949915808646,280.0,667.6734991326697,387584.28022655536,222220.71783292046,529896.0151974274,1139701.0132569033,34.00754019854406,19.498159188073746,46.49430061338219,89.15260398753622,14.307443192137157,85.69255680786284,682.0,3.4443790702566353,2450.2454545454543,39.333386891780464,4.113538103386071,49.0,0.0,65.0,9.0
CP.Ka.19.Ki,R013,CP.Ka.19.Ki,Tersier,FL,Jan,Jan,True,58.0,SS Copong Kanan,0,314.72653729422206,0.31472653729422206,74.40691233754006,744069.1233754007,74.40691233754006,0.0,SS Copong Kanan,,0.0,0.9,1.6455167908889796,0.2116148136431301,15.745604888069257,15.745604888069257,14.171044399262332,50.02947963472645,171412.95305347716,211117.6416279774,190458.83672608572,171412.95305347716,363367.13832607144,208339.35454511218,496870.664572841,1068577.1574440247,15.745604888069257,230.37235072445714,1380.2999999999997,1610.672350724457,1436.1261929490145,488.35131966999256,280.0,667.7748732790219,363367.13832607144,208339.35454511218,496870.664572841,1068577.1574440247,34.00476379218369,19.496893892383774,46.49834231543253,89.16314930861424,14.302868651146772,85.69713134885322,682.0,3.44847772860643,2450.2454545454543,39.33325733942952,4.114214328656293,49.0,0.0,65.0,9.0
CP.Ka.20.Ki,R014,CP.Ka.20.Ki,Tersier,FL,Jan,Jan,True,58.0,SS Copong Kanan,0,483.5637103362641,0.4835637103362641,97.34420814769615,973442.0814769615,97.34420814769615,0.0,SS Copong Kanan,,0.0,0.9,1.6455167908889796,0.2116148136431301,20.599476466412785,20.599476466412785,18.53952881977151,42.599301862598765,224254.14060395616,276198.5278606439,249171.26733772905,224254.14060395616,475381.7251115786,272563.7828135492,650040.1626027452,1397985.670527873,20.599476466412785,230.37235072445714,1380.2999999999997,1610.672350724457,1436.1261929490145,488.35131966999256,280.0,667.7748732790219,475381.7251115786,272563.7828135492,650040.1626027452,1397985.670527873,34.00476379218369,19.496893892383774,46.49834231543253,89.16314930861424,14.302868651146772,85.69713134885322,682.0,3.44847772860643,2450.2454545454543,39.33325733942952,4.114214328656293,49.0,0.0,65.0,9.0
SS Cipanas Kiara,R015,SS Cipanas Kiara,Sekunder,FL,Jan,Jan,True,58.0,SS Copong Kanan,26,3217.4355604617767,3.2174355604617766,424.4485919797874,4244485.919797874,0.0,424.4485919797874,SS Cipanas Kiara,,0.0,0.81,1.5909761554964672,0.22733427004693457,100.46508077786012,84.95778374057213,81.37671543006671,31.225203703362144,984332.749842087,1208349.756272414,1215225.6170889963,0.0,0.0,0.0,0.0,0.0,0.0,222.73666176950542,1395.0,1617.7366617695054,1442.5068137493822,489.3420282860681,280.0,673.164785463314,2086954.9746736994,1188456.0575434046,2772845.068257163,6048256.100474266,34.505069560630105,19.649565722757895,45.84536471661201,89.16820937788144,13.768412809899022,86.23158719010098,672.0,3.4671214920593423,2402.2727272727275,39.31530638297271,4.0888542254978315,49.0,0.0,65.0,9.0
TB.1.Ki,R016,TB.1.Ki,Tersier,FL,Jan,Jan,True,60.0,SS Tegal Buah,0,1217.8533134683018,1.2178533134683018,88.44070804811685,884407.0804811685,88.44070804811685,0.0,SS Tegal Buah,,0.0,0.9,1.7124469996537401,0.22022209357686987,19.476597883777018,19.476597883777018,17.528938095399315,15.992564677851043,212030.03520195012,240142.91427649098,235588.9280021668,212030.03520195012,430565.66311591596,247633.9825347272,579061.9785959834,1257261.6242466266,19.476597883777018,239.74257995152362,1427.8000000000002,1667.5425799515237,1421.5870180082725,486.8410403065333,280.0,654.7459777017392,430565.66311591596,247633.9825347272,579061.9785959834,1257261.6242466266,34.24630600444188,19.69629691696936,46.05739707858876,85.25041789635134,14.376998994442053,85.62300100555795,645.0,3.5150161069316486,2564.2272727272725,40.033358973887374,7.611545764150719,50.0,0.0,73.0,9.0
TB.2.Ki,R017,TB.2.Ki,Tersier,FL,Jan,Jan,True,60.0,SS Tegal Buah,0,612.785962413819,0.612785962413819,103.34912374752142,1033491.2374752142,103.34912374752142,0.0,SS Tegal Buah,,0.0,0.9,1.7124469996537401,0.22022209357686987,22.759760401014166,22.759760401014166,20.48378436091275,37.14145198653282,247771.8556296006,280623.71177703334,275302.06181066734,247771.8556296006,503145.9492001197,289377.54649305996,676674.2307268896,1469197.726420069,22.759760401014166,239.74257995152362,1427.8000000000002,1667.5425799515237,1421.5870180082725,486.8410403065333,280.0,654.7459777017392,503145.9492001197,289377.54649305996,676674.2307268896,1469197.726420069,34.24630600444188,19.696296916969356,46.05739707858877,85.25041789635134,14.376998994442053,85.62300100555795,645.0,3.5150161069316486,2564.2272727272725,40.033358973887374,7.611545764150719,50.0,0.0,73.0,9.0
SS Cikondang,R018,SS Cikondang,Sekunder,FL,Jan,Jan,True,60.0,SS Cipanas Kiara,2,860.6545562371455,0.8606545562371455,90.43048327908105,904304.8327908105,0.0,90.43048327908105,SS Cikondang,,0.0,0.81,1.5922500368435761,0.22751629470215706,20.574408483781887,20.574408483781887,16.66527087186333,23.90553600707692,201583.11646605885,256926.24139591557,248868.04501982572,0.0,0.0,0.0,0.0,0.0,0.0,222.91500515810066,1395.0,1617.9150051581007,1443.3259297156687,491.5465671584806,280.0,671.779362557188,444507.93622314674,253205.3531814269,607493.3241295952,1305206.6135341688,34.05651883877081,19.399637617205368,46.54384354402382,89.2090082058809,13.77791815067057,86.22208184932943,633.0,3.4844117065267404,2402.2727272727275,39.2740815512978,4.034102676725463,49.0,0.0,65.0,9.0
SS Wanakerta,R019,SS Wanakerta,Sekunder,FL,Jan,,True,60.0,SS Cipanas Kiara,0,1447.7737976330445,1.4477737976330445,0.0,0.0,0.0,0.0,SS Wanakerta,,,0.81,,,0.0,0.0,0.0,0.0,0.0,0.0,0.0,0.0,0.0,0.0,0.0,0.0,0.0,,,,,,,,0.0,0.0,0.0,0.0,,,,,,,,,,,,,,,
SS Cibatu,R020,SS Cibatu,Sekunder,FL,Jan,,True,60.0,SS Cipanas Kiara,14,3151.202004753337,3.151202004753337,193.26133824649622,1932613.3824649623,0.0,193.26133824649622,SS Cibatu,,,0.81,,,47.891834628706455,30.53873341567518,38.79238604925223,15.19795765440154,469232.701651755,551884.2905635561,579299.6316688333,0.0,0.0,0.0,0.0,0.0,0.0,,,,,,,,953665.002959956,541131.7470901895,1217826.7322743942,2712623.4823245397,35.15655634385085,19.948649365317564,44.89479429083158,,,,,,,,,,,,
SS Munjul,R021,SS Munjul,Sekunder,FL,Jan,,True,62.0,SS Munjul,0,4369.918561840761,4.369918561840761,0.0,0.0,0.0,0.0,SS Munjul,,,0.81,,,0.0,0.0,0.0,0.0,0.0,0.0,0.0,0.0,0.0,0.0,0.0,0.0,0.0,,,,,,,,0.0,0.0,0.0,0.0,,,,,,,,,,,,,,,
CK.6.Ka,R022,CK.6.Ka,Tersier,FL,Jan,Jan,True,60.0,SS Cipanas Kiara,0,700.4123719991428,0.7004123719991429,72.54313493816394,725431.3493816395,72.54313493816394,0.0,SS Cipanas Kiara,,0.0,0.9,1.5909761554964672,0.20460084304224113,14.8423865652754,14.8423865652754,13.35814790874786,21.19092574408946,161580.15710421413,205914.271611197,179533.50789357125,161580.15710421413,354984.04788871075,203120.77782685903,488334.83867485373,1046439.6643904236,14.8423865652754,222.73666176950542,1395.0,1617.7366617695054,1442.5068137493822,489.3420282860681,280.0,673.164785463314,354984.04788871075,203120.77782685903,488334.83867485373,1046439.6643904236,33.92303063124977,19.41065354639264,46.666315822357575,89.16820937788144,13.768412809899022,86.23158719010098,672.0,3.4671214920593423,2402.2727272727275,39.31530638297271,4.0888542254978315,49.0,0.0,65.0,9.0
CO.2.Ki,R023,CO.2.Ki,Tersier,FL,Jan,Jan,True,61.0,SS Cikondang,0,1129.7741679591954,1.1297741679591955,66.58068549119153,665806.8549119153,66.58068549119153,0.0,SS Cikondang,,0.0,0.9,1.5922500368435761,0.20476466523194137,13.63337177551701,13.63337177551701,12.270034597965308,12.067342449636723,148418.33849698838,189165.4744343554,164909.26499665374,148418.33849698838,327275.07392253657,186425.91937533626,447275.30457893264,960976.2978768055,13.63337177551701,222.91500515810066,1395.0,1617.9150051581007,1443.3259297156687,491.5465671584806,280.0,671.779362557188,327275.07392253657,186425.91937533626,447275.30457893264,960976.2978768055,34.056518838770806,19.399637617205364,46.54384354402382,89.2090082058809,13.77791815067057,86.22208184932943,633.0,3.4844117065267404,2402.2727272727275,39.2740815512978,4.034102676725463,49.0,0.0,65.0,9.0
KL.7M.a,R024,KL.7M.a,Tersier,FL,Jan,Jan,True,5.0,SS Kawung Luwuk,0,355.1908551736623,0.35519085517366233,13.11655774396322,131165.5774396322,13.11655774396322,0.0,SS Kawung Luwuk,,0.0,0.9,1.8904446958611256,0.24311274380930112,3.1888023424680347,3.1888023424680347,2.8699221082212314,8.977715208655763,34714.57782104402,38660.89353745979,38571.75313449335,34714.57782104402,65231.320180180875,36726.36168309701,75483.4635935885,177441.1454568664,3.1888023424680347,264.6622574205576,1315.3000000000002,1579.9622574205578,1352.802685891671,497.3204209023744,280.0,575.4822649892965,65231.320180180875,36726.36168309701,75483.4635935885,177441.1454568664,36.76222897018987,20.697770851589045,42.540000178221085,85.62246848226951,16.751175933319097,83.24882406668091,597.0,3.578501841659981,2307.909090909091,38.189202092499336,5.978220916838503,54.0,0.0,59.0,9.0
KL.7M.b,R025,KL.7M.b,Tersier,FL,Jan,Jan,True,5.0,SS Kawung Luwuk,0,961.8047925887993,0.9618047925887993,37.33174127127997,373317.4127127997,37.33174127127997,0.0,SS Kawung Luwuk,,0.0,0.9,1.8904446958611256,0.24311274380930112,9.075822051639799,9.075822051639799,8.168239846475819,9.436241243102215,98803.02918297151,110034.85083738566,109781.143536635,98803.02918297151,185658.37282051495,104528.8755595839,214837.55022790591,505024.79860800476,9.075822051639799,264.6622574205576,1315.3000000000002,1579.9622574205578,1352.802685891671,497.3204209023744,280.0,575.4822649892965,185658.37282051495,104528.8755595839,214837.55022790591,505024.79860800476,36.76222897018987,20.69777085158905,42.54000017822109,85.62246848226951,16.751175933319097,83.24882406668091,597.0,3.578501841659981,2307.909090909091,38.189202092499336,5.978220916838503,54.0,0.0,59.0,9.0
LG.4.Ka,R026,LG.4.Ka,Tersier,FL,Jan,Jan,True,4.0,SS Leuwigoong,0,249.72906674329388,0.2497290667432939,2.017931960609727,20179.31960609727,2.017931960609727,0.0,SS Leuwigoong,,0.0,0.9,1.888118909987903,0.2428136458317776,0.4899814163961148,0.4899814163961148,0.44098327475650334,1.9620520061438644,5334.133691454665,5941.80796756894,5926.815212727405,5334.133691454665,10006.798526344804,5650.209489707235,11628.420374333475,27285.428390385514,0.4899814163961148,264.3366473983064,1315.3000000000002,1579.6366473983066,1352.1480864072892,495.89375269725184,280.0,576.2543337100374,10006.798526344804,5650.209489707235,11628.420374333475,27285.428390385514,36.67451499449747,20.70779101895348,42.61769398654905,85.59867793864521,16.73401587850435,83.26598412149565,617.0,3.567865243274294,2307.909090909091,38.211293308428125,6.026298264019325,54.0,0.0,59.0,9.0
CTR.3.Ki.b,R027,CTR.3.Ki.b,Tersier,FL,Jan,Jan,False,,,0,696.7827565265483,0.6967827565265483,56.502094897072396,565020.948970724,56.502094897072396,0.0,CTR.3.Ki.b,,0.0,0.9,1.890546419217059,0.24312582551659706,13.737118465267834,13.737118465267834,12.36340661874105,19.715066620975474,149547.76646029175,166546.87999109365,166164.18495587973,149547.76646029175,281036.1718819614,158205.8657118027,325137.55535718903,764379.5929509532,13.737118465267834,264.67649869038826,1315.3000000000002,1579.9764986903883,1352.8340751672886,497.3907116079744,280.0,575.4433635593142,281036.1718819614,158205.8657118027,325137.55535718903,764379.5929509532,36.76657180197565,20.697290609373198,42.53613758865115,85.6236834084954,16.751926304585762,83.24807369541425,601.0,3.5790431614800893,2307.909090909091,38.188192743186185,5.97640110290511,54.0,0.0,59.0,9.0
SS Sumur Kondang,R028,SS Sumur Kondang,Sekunder,FL,Jan,Jan,True,61.0,SS Cibatu,1,828.6222109259519,0.8286222109259519,76.30059457592955,763005.9457592955,0.0,76.30059457592955,SS Sumur Kondang,,0.0,0.81,1.5916513390786848,0.2274307468962455,17.353101213031277,17.353101213031277,14.056011982555336,20.94211449345521,170021.52094098937,216746.3787289098,209903.11227282637,0.0,0.0,0.0,0.0,0.0,0.0,222.83118747101588,1395.0,1617.831187471016,1443.1780361677695,491.1406081166015,280.0,672.037428051168,374743.20419680304,213641.66481260274,512768.553375826,1101153.4223852318,34.03187935293011,19.401625647208085,46.56649499986179,89.2044885365164,13.773451099020056,86.22654890097994,643.0,3.480570160965939,2402.2727272727275,39.28239092536225,4.0418329743172805,49.0,0.0,65.0,9.0
SK.3,R029,SK.3,Tersier,FL,Jan,Jan,True,62.0,SS Sumur Kondang,0,453.6687125537087,0.4536687125537087,76.30059457592955,763005.9457592955,76.30059457592955,0.0,SS Sumur Kondang,,0.0,0.9,1.5916513390786848,0.20468767220662099,15.61779109172815,15.61779109172815,14.056011982555336,34.42554150101149,170021.52094098937,216746.3787289098,188912.80104554375,170021.52094098937,374743.20419680304,213641.66481260274,512768.553375826,1101153.4223852318,15.61779109172815,222.83118747101588,1395.0,1617.831187471016,1443.1780361677695,491.1406081166015,280.0,672.037428051168,374743.20419680304,213641.66481260274,512768.553375826,1101153.4223852318,34.03187935293011,19.401625647208085,46.56649499986179,89.2044885365164,13.773451099020056,86.22654890097994,643.0,3.480570160965939,2402.2727272727275,39.28239092536225,4.0418329743172805,49.0,0.0,65.0,9.0
Suplesi Situ Cilimus,R030,Suplesi Situ Cilimus,Tersier,FL,Jan,Jan,True,62.0,TB.8.Ki,0,1601.7626771918046,1.6017626771918045,8.609734288589967,86097.34288589968,8.609734288589967,0.0,SS Tegal Buah,,0.0,0.9,1.7124469996537401,0.22022209357686987,1.8960537101738448,1.8960537101738448,1.7064483391564604,1.1837294857550238,20641.199110436544,23377.99785686191,22934.665678262827,20641.199110436544,41915.7199781997,24107.25600805191,56371.88894535026,122394.86493160187,1.8960537101738448,239.74257995152362,1427.8000000000002,1667.5425799515237,1421.5870180082725,486.8410403065333,280.0,654.7459777017392,41915.7199781997,24107.25600805191,56371.88894535026,122394.86493160187,34.24630600444188,19.696296916969356,46.057397078588764,85.25041789635134,14.376998994442053,85.62300100555795,645.0,3.5150161069316486,2564.2272727272725,40.033358973887374,7.611545764150719,50.0,0.0,73.0,9.0
TB.8.Ki,R031,TB.8.Ki,Tersier,FL,Jan,Jan,True,61.0,SS Tegal Buah,1,411.34416271377205,0.41134416271377205,41.91681616711499,419168.1616711499,33.30708187852502,8.60973428858997,SS Tegal Buah,,0.0,0.9,1.7124469996537401,0.22022209357686987,9.231009012398848,9.231009012398848,8.307908111158964,22.441084252901174,100492.45651257882,113816.66444920847,111658.28501397646,79851.25740214228,162152.54391316,93259.82925987005,218076.77888946742,473489.15206249745,7.334955302225003,239.74257995152362,1427.8000000000002,1667.5425799515237,1421.5870180082725,486.8410403065333,280.0,654.7459777017392,204068.2638913597,117367.08526792197,274448.66783481766,595884.0169940994,34.24630600444188,19.69629691696936,46.05739707858876,85.25041789635134,14.376998994442053,85.62300100555795,645.0,3.5150161069316486,2564.2272727272725,40.033358973887374,7.611545764150719,50.0,0.0,73.0,9.0
CT.2,R032,CT.2,Tersier,FL,Jan,Jan,True,61.0,SS Citambal,1,697.4623736316728,0.6974623736316727,59.75846452761974,597584.6452761975,39.17472313339161,20.583741394228134,SS Citambal,,0.0,0.9,1.71438370567233,0.22047115556485722,13.175017729185852,13.175017729185852,11.857515956267267,18.88993331723946,143428.5130070089,162458.70006666772,159365.0144522321,94024.70981975604,191753.3700876951,109689.2247734965,255619.2000846381,557061.7949458297,8.636896478152192,240.0137187941262,1427.8000000000002,1667.8137187941263,1421.9929341912907,489.4823874945247,280.0,652.5105466967661,292507.15889986174,167323.70067733526,389930.28358676465,849761.1431639616,34.42227986687577,19.69067449405016,45.887045639074074,85.2608968356148,14.390918847199703,85.6090811528003,598.0,3.536243128533142,2564.2272727272725,39.99962841663985,7.599054993795268,50.0,0.0,73.0,9.0
CA.2.Ki,R033,CA.2.Ki,Tersier,FL,Jan,Jan,True,62.0,SS Cikarag,0,740.6328032179443,0.7406328032179443,76.34048610609648,763404.8610609648,76.34048610609648,0.0,SS Cikarag,,0.0,0.9,1.7177417316373151,0.2209030004677617,16.863842438004184,16.863842438004184,15.177458194203767,22.769505164682396,183586.53431708878,207950.42131650017,203985.03813009863,183586.53431708878,377155.31030808634,213753.36109707016,495095.05428990885,1086003.7256950652,16.863842438004184,240.48384242922413,1427.8000000000002,1668.2838424292243,1422.5790024257367,494.04363208261924,280.0,648.5353703431174,377155.31030808634,213753.36109707016,495095.05428990885,1086003.7256950652,34.72873079387449,19.68256241112465,45.588706795000874,85.27200025831867,14.415043550325969,85.58495644967404,527.0,3.573013677204157,2564.2272727272725,39.941666093323136,7.577428377989547,50.0,0.0,73.0,9.0
SS Cikarag,R034,SS Cikarag,Sekunder,FL,Jan,Jan,True,61.0,SS Tegal Buah,1,2219.265837767045,2.219265837767045,76.34048610609648,763404.8610609648,0.0,76.34048610609648,SS Cikarag,,0.0,0.81,1.7177417316373151,0.245447778297513,18.73760270889354,18.73760270889354,15.177458194203767,8.443153762843806,183586.53431708878,207950.42131650017,226650.04236677627,0.0,0.0,0.0,0.0,0.0,0.0,240.48384242922413,1427.8000000000002,1668.2838424292243,1422.5790024257367,494.04363208261924,280.0,648.5353703431174,377155.31030808634,213753.36109707016,495095.05428990885,1086003.7256950652,34.72873079387449,19.68256241112465,45.588706795000874,85.27200025831867,14.415043550325969,85.58495644967404,527.0,3.573013677204157,2564.2272727272725,39.941666093323136,7.577428377989547,50.0,0.0,73.0,9.0
LW.3.Ki,R035,LW.3.Ki,Tersier,FL,Jan,Jan,True,62.0,SS Lewo,0,1181.5835390059426,1.1815835390059426,33.32092819976096,333209.2819976096,33.32092819976096,0.0,SS Lewo,,0.0,0.9,1.7174323081630356,0.22086320835429982,7.359367107542468,7.359367107542468,6.623430396788222,6.228393392932546,80117.01407955034,90738.48011110991,89018.90453283371,80117.01407955034,164442.72262621857,93298.59895933069,216257.35694412794,473998.6785296772,7.359367107542468,240.440523142825,1427.8000000000002,1668.2405231428252,1422.5254341296459,493.5118302838823,280.0,649.0136038457637,164442.72262621857,93298.59895933069,216257.35694412794,473998.6785296772,34.69265423614947,19.683303600916947,45.624042162933584,85.27100345516888,14.412821161414733,85.58717883858527,531.0,3.568834364780167,2564.2272727272725,39.94772734983095,7.577109785029076,50.0,0.0,73.0,9.0
CTR.3.Ki.a,R036,CTR.3.Ki.a,Tersier,FL,Jan,Jan,False,,,0,504.8243596657645,0.5048243596657646,9.080693822743768,90806.93822743768,9.080693822743768,0.0,CTR.3.Ki.a,,0.0,0.9,1.8911970377191591,0.24320949559145563,2.2085109642499585,2.2085109642499585,1.9876598678249628,4.374810608806943,24042.73376121076,26775.62140276326,26714.148623567507,24042.73376121076,45207.84705195429,25425.94270368255,52234.77506261737,122868.5648182542,2.2085109642499585,264.7675852806823,1315.3000000000002,1580.0675852806826,1353.0746352279168,497.845736618995,280.0,575.2288986089218,45207.84705195429,25425.94270368255,52234.77506261737,122868.5648182542,36.79366412297989,20.693610885170116,42.51272499185,85.63397210553859,16.756725329166795,83.2432746708332,593.0,3.5825521719060585,2307.909090909091,38.18164539101515,5.969118653343703,54.0,0.0,59.0,9.0
Ruas tanpa nama R037,R037,,Tersier,FL,Jan,Jan,False,,,0,673.5959639901405,0.6735959639901405,14.06272112480724,140627.2112480724,15.067201205150614,-1.0044800803433738,Ruas tanpa nama R037,,0.0,0.9,1.7154533027470311,0.2206087066289906,3.102358719027909,0.2212087062494804,2.792122847125118,4.605667024265778,33773.51795882544,38250.02767353447,37526.1310653616,36181.684418539786,73914.79223998636,42188.16337442172,98174.74790820258,214277.70352261065,3.323567425277389,240.16346238458436,1427.8000000000002,1667.9634623845845,1422.1866687604643,490.83367546419225,280.0,651.352993296272,69024.57096717077,39375.61914946027,91597.95498533914,199998.14510197018,34.51260557040577,19.687992170819577,45.799402258774656,85.26485746439863,14.398604513868515,85.6013954861315,576.0,3.5470101546910286,2564.2272727272725,39.98229212798303,7.5898294399578585,50.0,0.0,73.0,9.0
Ruas tanpa nama R038,R038,,Tersier,FL,Jan,Jan,False,,,0,384.9986567564492,0.3849986567564492,3.0600617631010074,30600.617631010075,3.0600617631010074,0.0,Ruas tanpa nama R038,Ruas tanpa nama R046,0.20973337092719682,0.9,1.7174820222037437,0.22086960162085179,0.6758746225513209,0.6758746225513209,0.6082871602961888,1.7555246250609138,7357.8414909427,8333.303717782785,8175.379434380778,7357.8414909427,15103.972359669608,8568.17293668282,19857.93504518691,43530.08034153934,0.6758746225513209,240.44748310852412,1427.8000000000002,1668.2474831085242,1422.5229329171057,493.5839054556708,280.0,648.9390274614348,15103.972359669608,8568.17293668282,19857.93504518691,43530.08034153934,34.6977819502354,19.683338209937766,45.618879839826825,85.27049777209625,14.413178233033326,85.5868217669667,535.0,3.5693418197860534,2564.2272727272725,39.94686887699559,7.5767547626614515,50.0,0.0,73.0,9.0
CK.2.Ki,R039,CK.2.Ki,Tersier,FL,Jan,Jan,True,59.0,SS Cipanas Kiara,0,260.46583285269514,0.26046583285269514,68.21363551604617,682136.3551604616,68.21363551604617,0.0,SS Cipanas Kiara,,0.0,0.9,1.5909761554964672,0.20460084304224113,13.956567333559207,13.956567333559207,12.560910600203286,53.58310217007333,151936.77462005898,193624.95270174535,168818.6384667322,151936.77462005898,333797.98760188604,190998.17944492926,459190.1731783192,983986.3402251345,13.956567333559207,222.73666176950542,1395.0,1617.7366617695054,1442.5068137493822,489.3420282860681,280.0,673.164785463314,333797.98760188604,190998.17944492926,459190.1731783192,983986.3402251345,33.92303063124977,19.41065354639264,46.666315822357575,89.16820937788144,13.768412809899022,86.23158719010098,672.0,3.4671214920593423,2402.2727272727275,39.31530638297271,4.0888542254978315,49.0,0.0,65.0,9.0
SS Citambal,R040,SS Citambal,Sekunder,FL,Jan,Jan,True,60.0,SS Tegal Buah,2,1414.0853784385913,1.4140853784385914,59.75846452761974,597584.6452761975,0.0,59.75846452761974,SS Citambal,,0.0,0.81,1.71438370567233,0.2449679506276191,14.63890858798428,14.63890858798428,11.857515956267267,10.352209853232702,143428.5130070089,162458.70006666772,177072.2382802579,0.0,0.0,0.0,0.0,0.0,0.0,240.0137187941262,1427.8000000000002,1667.8137187941263,1421.9929341912907,489.4823874945247,280.0,652.5105466967661,292507.15889986174,167323.70067733526,389930.28358676465,849761.1431639616,34.42227986687577,19.69067449405016,45.887045639074074,85.2608968356148,14.390918847199703,85.6090811528003,598.0,3.536243128533142,2564.2272727272725,39.99962841663985,7.599054993795268,50.0,0.0,73.0,9.0
SS Cibunar,R041,SS Cibunar,Sekunder,FL,Jan,Jan,True,62.0,SS Cibatu,1,2671.8464703816144,2.6718464703816145,42.18816337442174,421881.6337442174,0.0,42.18816337442174,SS Cibunar,,0.0,0.81,1.7154805121859138,0.24512467309469502,10.341359755620715,10.341359755620715,8.37650140205278,3.870491763003014,101322.16095923042,114751.91128348242,125089.08760398816,0.0,0.0,0.0,0.0,0.0,0.0,240.16727170602792,1427.8000000000002,1667.967271706028,1422.1930102923193,490.87100363198556,280.0,651.3220066603337,207089.46096992574,118126.85744838088,274780.7922634237,599997.1106817303,34.51507637005552,19.687904382433185,45.797019247511294,85.26504293082884,14.398800011248445,85.60119998875157,578.0,3.547263075707996,2564.2272727272725,39.98184675394017,7.589635984022387,50.0,0.0,73.0,9.0
SS Pasir Laja,R042,SS Pasir Laja,Sekunder,FL,Jan,,False,,,0,4277.680290312157,4.277680290312157,0.0,0.0,0.0,0.0,SS Pasir Laja,,,0.81,,,0.0,0.0,0.0,0.0,0.0,0.0,0.0,0.0,0.0,0.0,0.0,0.0,0.0,,,,,,,,0.0,0.0,0.0,0.0,,,,,,,,,,,,,,,
PL.5.Ka,R043,PL.5.Ka,Tersier,FL,Jan,Jan,False,,,0,631.0093707367679,0.6310093707367679,69.30912554369289,693091.2554369288,69.30912554369289,0.0,PL.5.Ka,,0.0,0.9,1.7177404211124632,0.2209028319331871,15.310582111414558,15.310582111414558,13.779523900273102,24.263636677119216,166677.1210977034,188796.9445442404,185196.80121967045,166677.1210977034,342416.8759428082,194065.55152234007,449494.45408106304,985976.8815462113,15.310582111414558,240.48365895574483,1427.8000000000002,1668.283658955745,1422.5787352123577,494.04298965934385,280.0,648.5357455530138,342416.8759428082,194065.55152234007,449494.45408106304,985976.8815462113,34.72869215815986,19.682566108244444,45.5887417335957,85.27199361904766,14.415034137916003,85.584965862084,527.0,3.5730191509569713,2564.2272727272725,39.94167422031773,7.577437044805713,50.0,0.0,73.0,9.0
PL.2.Ka,R044,PL.2.Ka,Tersier,FL,Jan,Jan,False,,,0,522.9108925714876,0.5229108925714876,50.22400401716876,502240.0401716876,50.22400401716876,0.0,PL.2.Ka,,0.0,0.9,1.7169981383700177,0.22080737376157633,11.089830426821893,11.089830426821893,9.980847384139704,21.20787802351199,120728.32995855388,136746.4332409256,134142.58884283763,120728.32995855388,247616.29513512886,140627.21124807253,326157.41293430567,714400.9193175071,11.089830426821893,240.3797393718025,1427.8000000000002,1668.1797393718027,1422.4292413509954,493.0238040170648,280.0,649.4054373339306,247616.29513512886,140627.21124807253,326157.41293430567,714400.9193175071,34.66069099850622,19.68463469817743,45.65467430331635,85.26834415856464,14.409702605687073,85.59029739431293,536.0,3.564918640960611,2564.2272727272725,39.954565913463426,7.5822540492659884,50.0,0.0,73.0,9.0
Ruas tanpa nama R045,R045,,Tersier,FL,Jan,Jan,False,,,0,2091.5212244458357,2.091521224445836,39.492728288686976,394927.28288686974,39.492728288686976,0.0,Ruas tanpa nama R045,,0.0,0.9,1.7164252615074027,0.22073370132554046,8.717376090605754,8.717376090605754,7.845638481545178,4.167959659560943,94900.84307277048,107492.63180309586,105445.3811919672,94900.84307277048,194412.78866847078,110579.63920832353,256733.3977876541,561725.8256644484,8.717376090605754,240.2995366110364,1427.8000000000002,1668.0995366110365,1422.3525443932408,492.2748999444588,280.0,650.077644448782,194412.78866847078,110579.63920832353,256733.3977876541,561725.8256644484,34.609907500426175,19.685696145004947,45.70439635456888,85.26784602332167,14.405587396735118,85.5944126032649,558.0,3.5585674478538625,2564.2272727272725,39.964594657545675,7.585868787588414,50.0,0.0,73.0,9.0
Ruas tanpa nama R046,R046,,Tersier,FL,Jan,Jan,False,,,0,230.29111520678762,0.23029111520678763,1.0798419788492337,10798.419788492338,1.0798419788492337,0.0,Ruas tanpa nama R046,,0.0,0.9,1.7174820222037437,0.22086960162085179,0.23850426768190253,0.23850426768190253,0.21465384091371228,1.035664217734757,2596.4528596922637,2940.6763240762757,2884.947621880293,2596.4528596922637,5329.926211953847,3023.5575407778542,7007.516035664529,15360.999788396231,0.23850426768190253,240.44748310852412,1427.8000000000002,1668.2474831085242,1422.5229329171057,493.5839054556708,280.0,648.9390274614348,5329.926211953847,3023.5575407778542,7007.516035664529,15360.999788396231,34.69778195023542,19.683338209937762,45.618879839826825,85.27049777209625,14.413178233033326,85.5868217669667,535.0,3.5693418197860534,2564.2272727272725,39.94686887699559,7.5767547626614515,50.0,0.0,73.0,9.0
Ruas tanpa nama R047,R047,,Tersier,FL,Jan,Jan,False,,,0,635.3947316771092,0.6353947316771092,115.51520923948792,1155152.092394879,115.51520923948792,0.0,Ruas tanpa nama R047,,0.0,0.9,1.7185444540572548,0.2210062312316428,25.52958104395387,25.52958104395387,22.97662293955848,40.17908832289048,277925.23107689945,314823.9939089737,308805.81230766606,277925.23107689945,572057.1552179011,323442.5858705662,747938.5843914608,1643438.325479928,25.52958104395387,240.59622356801566,1427.8000000000002,1668.3962235680158,1422.7029811050477,495.22236853841764,280.0,647.48061256663,572057.1552179011,323442.5858705662,747938.5843914608,1643438.325479928,34.808556326617555,19.680847212572598,45.51059646080985,85.27368744952378,14.42080844881553,85.57919155118448,498.0,3.5830019996020352,2564.2272727272725,39.92544123859487,7.568766358193649,50.0,0.0,73.0,9.0
TB.2a.Ki,R048,TB.2a.Ki,Tersier,FL,Jan,Jan,True,60.0,SS Tegal Buah,0,376.45254220966797,0.37645254220966795,42.730887703302024,427308.87703302025,42.730887703302024,0.0,SS Tegal Buah,,0.0,0.9,1.7124469996537401,0.22022209357686987,9.410285550419296,9.410285550419296,8.469256995377366,24.99726923129176,102444.13261608462,116027.11160011927,113826.8140178718,102444.13261608462,208031.49822697206,119646.48556924568,279778.7684736171,607456.7522698347,9.410285550419296,239.74257995152362,1427.8000000000002,1667.5425799515237,1421.5870180082725,486.8410403065333,280.0,654.7459777017392,208031.49822697206,119646.48556924568,279778.7684736171,607456.7522698347,34.246306004441884,19.696296916969363,46.05739707858877,85.25041789635134,14.376998994442053,85.62300100555795,645.0,3.5150161069316486,2564.2272727272725,40.033358973887374,7.611545764150719,50.0,0.0,73.0,9.0
Ruas tanpa nama R049,R049,,Tersier,FL,Jan,Jan,False,,,0,358.2822788724044,0.3582822788724044,90.69894592528038,906989.4592528038,90.69894592528038,0.0,Ruas tanpa nama R049,,0.0,0.9,1.7135512399369202,0.22036409978612653,19.98679157037498,19.98679157037498,17.988112413337483,55.78504087134297,217584.20775173025,246417.54644074658,241760.23083525582,217584.20775173025,442820.7006988417,253957.0485907851,592785.5044532714,1289563.2537428983,19.98679157037498,239.89717359116884,1427.8000000000002,1667.697173591169,1421.806219010821,488.23136386132455,280.0,653.5748551494964,442820.7006988417,253957.0485907851,592785.5044532714,1289563.2537428983,34.33881195153281,19.693260323112213,45.96792772535497,85.25565921234646,14.384936149683666,85.61506385031633,626.0,3.5260743482706998,2564.2272727272725,40.01498118395442,7.6020514390835245,50.0,0.0,73.0,9.0
SS Bandrek,R050,SS Bandrek,Sekunder,FL,Jan,Jan,True,61.0,SS Tegal Buah,5,3025.428747145123,3.025428747145123,131.07655023199933,1310765.5023199935,0.0,131.07655023199933,SS Bandrek,,0.0,0.81,1.715713925125205,0.24515802542369752,32.13446823422706,32.13446823422706,26.028919269723918,10.621459277317312,314845.80748658057,356619.590215787,388698.5277612106,0.0,0.0,0.0,0.0,0.0,0.0,240.1999495175287,1427.8000000000002,1667.9999495175289,1422.223860908815,491.29769511051734,280.0,650.9261657982975,643976.0701201921,367014.34064959816,853211.5626858326,1864201.9734556228,34.544329385429755,19.687477316058903,45.76819329851135,85.26522205952074,14.40047702561423,85.59952297438578,569.0,3.5508019851533055,2564.2272727272725,39.976976366293144,7.590478550892347,50.0,0.0,73.0,9.0
BK.4.Ka,R051,BK.4.Ka,Tersier,FL,Jan,Jan,True,62.0,SS Bandrek,0,313.406103268648,0.313406103268648,31.633022278005246,316330.22278005246,31.633022278005246,0.0,SS Bandrek,,0.0,0.9,1.715713925125205,0.2206422228813278,6.97958035187364,6.97958035187364,6.281622316686276,22.270084338117776,75982.5035426372,86063.87200534597,84425.00393626356,75982.5035426372,155412.30934563623,88572.4623784147,205907.6190403408,449892.39076439175,6.97958035187364,240.1999495175287,1427.8000000000002,1667.9999495175289,1422.223860908815,491.29769511051734,280.0,650.9261657982975,155412.30934563623,88572.4623784147,205907.6190403408,449892.39076439175,34.54432938542975,19.687477316058903,45.768193298511335,85.26522205952074,14.40047702561423,85.59952297438578,569.0,3.5508019851533055,2564.2272727272725,39.976976366293144,7.590478550892347,50.0,0.0,73.0,9.0
TB.11a.Ki,R052,TB.11a.Ki,Tersier,FL,Jan,Jan,True,61.0,SS Tegal Buah,0,610.3779805287791,0.610377980528779,72.47399147455029,724739.9147455029,72.47399147455029,0.0,SS Tegal Buah,,0.0,0.9,1.7124469996537401,0.22022209357686987,15.960374132397684,15.960374132397684,14.364336719157915,26.148345191894027,173751.01695493414,196788.5140910363,193056.68550548237,173751.01695493414,352833.1340463689,202927.1761287408,474520.54405951936,1030280.8542346291,15.960374132397684,239.74257995152362,1427.8000000000002,1667.5425799515237,1421.5870180082725,486.8410403065333,280.0,654.7459777017392,352833.1340463689,202927.1761287408,474520.54405951936,1030280.8542346291,34.246306004441884,19.696296916969356,46.057397078588764,85.25041789635134,14.376998994442053,85.62300100555795,645.0,3.5150161069316486,2564.2272727272725,40.033358973887374,7.611545764150719,50.0,0.0,73.0,9.0
LW.1.Ki,R053,LW.1.Ki,Tersier,FL,Jan,Jan,True,62.0,SS Lewo,2,2249.754459206851,2.249754459206851,100.19207920307656,1001920.7920307656,100.19207920307656,0.0,SS Lewo,,0.0,0.9,1.7174323081630356,0.22086320835429982,22.12874406447961,0.8874107730904903,19.91586965803165,9.836070764931867,240902.35938355082,272839.8480245317,267669.2882039453,240902.35938355082,494459.7638745801,280537.82176861435,650260.2240038891,1425257.8096470835,22.12874406447961,240.440523142825,1427.8000000000002,1668.2405231428252,1422.5254341296459,493.5118302838823,280.0,649.0136038457637,494459.7638745801,280537.82176861435,650260.2240038891,1425257.8096470835,34.69265423614947,19.683303600916943,45.624042162933584,85.27100345516888,14.412821161414733,85.58717883858527,531.0,3.568834364780167,2564.2272727272725,39.94772734983095,7.577109785029076,50.0,0.0,73.0,9.0
SS Lewo,R054,SS Lewo,Sekunder,FL,Jan,Jan,True,61.0,SS Tegal Buah,33,9274.611380320655,9.274611380320655,821.8109842965644,8218109.842965644,0.0,821.8109842965644,SS Lewo,,0.0,0.81,1.7174323081630356,0.2454035648381109,191.16410273555456,0.0,154.8429232157992,20.61154854867303,1872979.9992183072,2200616.0059310123,2312320.986689268,0.0,0.0,0.0,0.0,0.0,0.0,240.440523142825,1427.8000000000002,1668.2405231428252,1422.5254341296459,493.5118302838823,280.0,649.0136038457637,4015638.942214764,2301070.7560303807,7087427.939194178,13404137.637439324,29.958204330867325,17.16686905394959,52.874926615183085,85.27100345516888,14.412821161414733,85.58717883858527,531.0,3.568834364780167,2564.2272727272725,39.94772734983095,7.577109785029076,50.0,0.0,73.0,9.0
Ruas tanpa nama R055,R055,,Tersier,FL,Jan,Jan,False,,,0,541.4170173453778,0.5414170173453777,64.94158122148791,649415.8122148791,64.94158122148791,0.0,Ruas tanpa nama R055,,0.0,0.9,1.4855381417610656,0.19104142769561028,12.406532393363483,12.406532393363483,11.165879154027134,22.914928781134297,135062.47424711223,169512.99203677784,150069.4158301247,135062.47424711223,314449.02056451037,181836.42742016615,781841.1104420834,1278126.55842676,12.406532393363483,207.9753398465492,2031.0000000000002,2238.9753398465496,1968.1173978003676,484.20290151553206,280.0,1203.9144962848354,314449.02056451037,181836.42742016615,781841.1104420834,1278126.55842676,24.60233835932212,14.226793600470032,61.17086804020786,87.90259377913713,9.288862460664841,90.71113753933516,502.0,3.650768053004642,3057.4636363636364,41.835255275227055,9.990076874122202,47.0,0.0,92.0,9.0
SS Binuang,R056,SS Binuang,Sekunder,FL,Jan,Jan,True,62.0,SS Lewo,8,1400.2282042538875,1.4002282042538874,113.25757846167544,1132575.7846167544,0.0,113.25757846167544,SS Binuang,,0.0,0.81,1.4832463626165249,0.21194078112376039,24.003899647353073,0.0,19.44315871435599,17.142848268895975,235184.44780885006,294934.14081009757,290351.1701343828,0.0,0.0,0.0,0.0,0.0,0.0,207.65449076631347,2031.0000000000002,2238.6544907663138,1967.6690717155477,480.54599761778013,280.0,1207.1230740977676,544254.7602963983,317121.21969269123,1367158.3627752676,2228534.342764357,24.422094371733326,14.230035122515647,61.34787050575103,87.895165593061,9.275861533024298,90.7241384669757,560.0,3.6124420688789067,3057.4636363636364,41.85953562377614,10.003839795165606,47.0,0.0,93.0,9.0
Ruas tanpa nama R057,R057,,Tersier,FL,Jan,Jan,False,,,0,141.20436195187926,0.14120436195187927,3.0032794096917006,30032.794096917005,3.0032794096917006,0.0,Ruas tanpa nama R057,,0.0,0.9,1.7154847299596854,0.22061274819440396,0.6625617241677533,0.6625617241677533,0.596305551750978,4.692218533543222,7212.91195397983,8168.944668346394,8014.346615533144,7212.91195397983,14743.009447881368,8409.18234713676,19560.287018725045,42712.478813743175,0.6625617241677533,240.16786219435596,1427.8000000000002,1667.9678621943563,1422.1946408285667,490.8970307692683,280.0,651.2976100592982,14743.009447881368,8409.18234713676,19560.287018725045,42712.478813743175,34.516866867341946,19.687881810387974,45.79525132227007,85.26511050144254,14.398830315495067,85.60116968450494,580.0,3.547618885821469,2564.2272727272725,39.98154387491666,7.58959461066736,50.0,0.0,73.0,9.0
LW.4.Ki,R058,LW.4.Ki,Tersier,FL,Jan,Jan,True,62.0,SS Lewo,0,1533.7603711563218,1.5337603711563217,40.63326096031373,406332.60960313724,40.63326096031373,0.0,SS Lewo,,0.0,0.9,1.7174323081630356,0.22086320835429982,8.974392381592407,8.974392381592407,8.076953143433167,5.8512350106076205,97698.82522296759,110651.18952849029,108554.25024774176,97698.82522296759,200529.9498692705,113773.13068887843,263715.39131858584,578018.4718767348,8.974392381592407,240.440523142825,1427.8000000000002,1668.2405231428252,1422.5254341296459,493.5118302838823,280.0,649.0136038457637,200529.9498692705,113773.13068887843,263715.39131858584,578018.4718767348,34.69265423614948,19.683303600916943,45.62404216293358,85.27100345516888,14.412821161414733,85.58717883858527,531.0,3.568834364780167,2564.2272727272725,39.94772734983095,7.577109785029076,50.0,0.0,73.0,9.0
Ruas tanpa nama R059,R059,,Tersier,FL,Jan,Jan,False,,,0,256.0906691402668,0.2560906691402668,6.09100142254713,60910.0142254713,6.09100142254713,0.0,Ruas tanpa nama R059,,0.0,0.9,1.7182604340190186,0.2209697060209643,1.3459267937135146,1.3459267937135146,1.2113341143421632,5.255665105768924,14652.297447082809,16598.412933285625,16280.330496758676,14652.297447082809,30142.11485976442,17054.803983131966,39456.68244876969,86653.60129166607,1.3459267937135146,240.5564607626626,1427.8000000000002,1668.3564607626627,1422.649500144581,494.8630408817014,280.0,647.7864592628797,30142.11485976442,17054.803983131966,39456.68244876969,86653.60129166607,34.78460722977863,19.681587064947774,45.53380570527361,85.2725142140331,14.418768795530426,85.58123120446959,510.0,3.588150929166277,2564.2272727272725,39.93088055470771,7.573370053932046,50.0,0.0,73.0,9.0
CTR.5.Ki,R060,CTR.5.Ki,Tersier,FL,Jan,Jan,True,7.0,SS Citikey Kanan,2,1256.832679104008,1.256832679104008,27.96500611776165,279650.0611776165,27.96500611776165,0.0,SS Citikey Kanan,,0.0,0.9,1.891030175254264,0.24318803694113475,6.80075494082528,1.2268422804536367,6.120679446742752,5.41102650646665,74035.73858780034,82452.57639635933,82261.9317642226,74035.73858780034,139186.7810648721,78302.01712973263,160876.34710253243,378365.1452971372,6.80075494082528,264.74422453559697,1315.3000000000002,1580.044224535597,1352.9950385271786,497.7176850194544,280.0,575.2773535077243,139186.7810648721,78302.01712973263,160876.34710253245,378365.1452971372,36.786364387651545,20.69482829033858,42.51880732200987,85.63020056763587,16.75549458834989,83.24450541165012,587.0,3.5825338729522938,2307.909090909091,38.18321480842561,5.972134369884125,54.0,0.0,59.0,9.0
CTR.6.Ki,R061,CTR.6.Ki,Tersier,FL,Jan,Jan,True,7.0,SS Citikey Kanan,0,897.5089900238899,0.8975089900238898,13.00654184751148,130065.4184751148,13.00654184751148,0.0,SS Citikey Kanan,,0.0,0.9,1.891030175254264,0.24318803694113475,3.163035379289037,3.163035379289037,2.8467318413601332,3.5242381017318203,34434.068353092174,38348.744885603584,38260.07594788019,34434.068353092174,64735.85898452071,36418.31717303214,74823.68972323873,175977.86588079156,3.163035379289037,264.74422453559697,1315.3000000000002,1580.044224535597,1352.9950385271786,497.7176850194544,280.0,575.2773535077243,64735.85898452071,36418.31717303214,74823.68972323873,175977.86588079156,36.786364387651545,20.694828290338585,42.51880732200988,85.63020056763587,16.75549458834989,83.24450541165012,587.0,3.5825338729522938,2307.909090909091,38.18321480842561,5.972134369884125,54.0,0.0,59.0,9.0
CTR.6.Te.b,R062,CTR.6.Te.b,Tersier,FL,Jan,Jan,True,7.0,SS Citikey Kanan,2,1591.5197024974757,1.5915197024974757,23.60225029837909,236022.5029837909,23.602250298379094,-3.552713678800501e-15,SS Citikey Kanan,,0.0,0.9,1.891030175254264,0.24318803694113475,5.739784917456124,3.979068578207377,5.165806425710511,3.6064805911287348,62485.59452539435,69589.3409662827,69428.43836154927,62485.59452539435,117472.57379758969,66086.30083546146,135778.40088478423,319337.2755178354,5.739784917456125,264.74422453559697,1315.3000000000002,1580.044224535597,1352.9950385271786,497.7176850194544,280.0,575.2773535077243,117472.57379758969,66086.30083546147,135778.40088478423,319337.2755178354,36.786364387651545,20.694828290338585,42.51880732200987,85.63020056763587,16.75549458834989,83.24450541165012,587.0,3.5825338729522938,2307.909090909091,38.18321480842561,5.972134369884125,54.0,0.0,59.0,9.0
Ruas tanpa nama R063,R063,,Tersier,FL,Jan,Jan,True,63.0,SS Cioray,0,368.4707244138773,0.3684707244138773,7.23804560725467,72380.4560725467,7.23804560725467,0.0,SS Cioray,,0.0,0.9,1.4843698817687516,0.19089118849906783,1.381679128379301,1.381679128379301,1.243511215541371,3.749766363602222,15041.511663188427,18870.57969697881,16712.790736876028,15041.511663188427,34911.5930154699,20266.527700313076,87259.1711991085,142437.29191489148,1.381679128379301,207.81178344762523,2031.0000000000002,2238.8117834476257,1967.8971319568232,482.3345266086486,280.0,1205.5626053481744,34911.5930154699,20266.527700313076,87259.1711991085,142437.29191489148,24.51014937600058,14.228385999098217,61.26146462490121,87.89917698782114,9.282235558346423,90.71776444165357,529.0,3.627240515785811,3057.4636363636364,41.8470928388393,9.997114145039312,47.0,0.0,92.0,9.0
Ruas tanpa nama R064,R064,,Tersier,FL,Jan,Jan,True,63.0,SS Cioray,0,1384.4235420431846,1.3844235420431845,80.08693483614375,800869.3483614376,80.08693483614375,0.0,SS Cioray,,0.0,0.9,1.4843698817687516,0.19089118849906783,15.287890174118878,15.287890174118878,13.759101156706992,11.042784025152038,166430.08759152782,208797.64628692603,184922.319546142,166430.08759152782,386286.9380172909,224243.4175412025,965498.1381541094,1576028.4937126026,15.287890174118878,207.81178344762523,2031.0000000000002,2238.8117834476257,1967.8971319568232,482.3345266086486,280.0,1205.5626053481744,386286.9380172909,224243.4175412025,965498.1381541094,1576028.4937126026,24.510149376000584,14.228385999098219,61.26146462490121,87.89917698782114,9.282235558346423,90.71776444165357,529.0,3.627240515785811,3057.4636363636364,41.8470928388393,9.997114145039312,47.0,0.0,92.0,9.0
CTR.6.Te.a,R065,CTR.6.Te.a,Tersier,FL,Jan,Jan,True,7.0,SS Citikey Kanan,0,493.6605782315955,0.4936605782315955,12.107591763658357,121075.91763658357,12.107591763658357,0.0,SS Citikey Kanan,,0.0,0.9,1.891030175254264,0.24318803694113475,2.9444214730887275,2.9444214730887275,2.6499793257798547,5.964465470660661,32054.149924633126,35698.26270250346,35615.72213848125,32054.149924633126,60261.62543768651,33901.2569382434,69652.233471493,163815.11584742292,2.9444214730887275,264.74422453559697,1315.3000000000002,1580.044224535597,1352.9950385271786,497.7176850194544,280.0,575.2773535077243,60261.62543768651,33901.2569382434,69652.233471493,163815.11584742292,36.786364387651545,20.694828290338585,42.51880732200987,85.63020056763587,16.75549458834989,83.24450541165012,587.0,3.5825338729522938,2307.909090909091,38.18321480842561,5.972134369884125,54.0,0.0,59.0,9.0
CTL.5.Ka,R066,CTL.5.Ka,Tersier,FL,Jan,Jan,True,7.0,SS Citikey Kiri,0,698.1186453980307,0.6981186453980307,28.620011812593177,286200.11812593177,28.620011812593177,0.0,SS Citikey Kiri,,0.0,0.9,1.8926495847875262,0.24339629433995963,6.966004819151051,6.966004819151051,6.269404337235946,9.978253503284387,75834.714863206,84447.02885201805,84260.7942924511,75834.714863206,142744.01236084005,80136.0330752609,164489.98905120254,387370.03448730346,6.966004819151051,264.9709418702537,1315.3000000000002,1580.2709418702539,1353.493621958799,498.7559519386041,280.0,574.7376700201947,142744.01236084005,80136.0330752609,164489.98905120254,387370.03448730346,36.84952362145572,20.687204982523618,42.46327139602067,85.64946592999657,16.767437459595378,83.23256254040463,578.0,3.5899567696444357,2307.909090909091,38.16758412927206,5.942095965422798,54.0,0.0,59.0,9.0
CTL.6.Ka,R067,CTL.6.Ka,Tersier,FL,Jan,Jan,False,,,0,327.79547650447086,0.32779547650447083,5.39965849659815,53996.5849659815,5.39965849659815,0.0,CTL.6.Ka,SS Citikey Kiri,0.5850078813497918,0.9,1.8926495847875262,0.24339629433995963,1.3142568687732672,1.3142568687732672,1.1828311818959405,4.00938073578127,14307.525976213296,15932.387444111011,15897.251084681438,14307.525976213296,26931.118136141817,15119.043790474821,31033.87143239568,73084.03335901232,1.3142568687732672,264.9709418702537,1315.3000000000002,1580.2709418702539,1353.493621958799,498.7559519386041,280.0,574.7376700201947,26931.118136141817,15119.043790474821,31033.87143239568,73084.03335901232,36.84952362145571,20.687204982523618,42.463271396020666,85.64946592999657,16.767437459595378,83.23256254040463,578.0,3.5899567696444357,2307.909090909091,38.16758412927206,5.942095965422798,54.0,0.0,59.0,9.0
CTL.7.Ka,R068,CTL.7.Ka,Tersier,FL,Jan,Jan,True,7.0,SS Citikey Kiri,0,1314.8137055431578,1.3148137055431577,24.396423728631408,243964.23728631408,24.396423728631408,0.0,SS Citikey Kiri,,0.0,0.9,1.8926495847875262,0.24339629433995963,5.937999130696346,5.937999130696346,5.344199217626711,4.516228501164978,64643.433736412706,71984.78854544976,71826.037484903,64643.433736412706,121678.61540671106,68309.98644016794,140215.43730619008,330204.0391530691,5.937999130696346,264.9709418702537,1315.3000000000002,1580.2709418702539,1353.493621958799,498.7559519386041,280.0,574.7376700201947,121678.61540671106,68309.98644016794,140215.43730619008,330204.0391530691,36.84952362145572,20.687204982523618,42.46327139602067,85.64946592999657,16.767437459595378,83.23256254040463,578.0,3.5899567696444357,2307.909090909091,38.16758412927206,5.942095965422798,54.0,0.0,59.0,9.0
SS.1.Ka,R069,SS.1.Ka,Tersier,FL,Jan,Jan,True,63.0,SS Sindangsari,0,1453.085886416485,1.453085886416485,75.47598936053068,754759.8936053067,75.47598936053068,0.0,SS Sindangsari,,0.0,0.9,1.4825553338969992,0.19065783614930543,14.390088812706779,14.390088812706779,12.951079931436102,9.90312337847749,156656.26285065108,196389.90038955584,174062.51427850118,156656.26285065108,361766.7278151066,211332.7702094859,911930.0965083118,1485029.5945329042,14.390088812706779,207.5577467455799,2031.0000000000002,2238.55774674558,1967.5523396444325,479.31366104660634,280.0,1208.2386785978263,361766.7278151066,211332.7702094859,911930.0965083118,1485029.5945329042,24.360910324409762,14.230879370182365,61.408210305407884,87.89374955838706,9.271940696965615,90.72805930303439,588.0,3.6020522927598466,3057.4636363636364,41.867151555891404,10.010760412787432,47.0,0.0,93.0,9.0
SS.2,R070,SS.2,Tersier,FL,Jan,Jan,True,63.0,SS Sindangsari,0,724.3336448095212,0.7243336448095211,21.726237949317692,217262.37949317694,21.726237949317692,0.0,SS Sindangsari,,0.0,0.9,1.4825553338969992,0.19065783614930543,4.142277515081834,4.142277515081834,3.728049763573651,5.718742384486549,45094.48994018689,56532.067255518115,50104.98882242988,45094.48994018689,104136.82652257176,60833.46625808954,262504.81030785554,427475.10308851686,4.142277515081834,207.5577467455799,2031.0000000000002,2238.55774674558,1967.5523396444325,479.31366104660634,280.0,1208.2386785978263,104136.82652257176,60833.46625808954,262504.81030785554,427475.10308851686,24.36091032440976,14.230879370182365,61.40821030540787,87.89374955838706,9.271940696965615,90.72805930303439,588.0,3.6020522927598466,3057.4636363636364,41.867151555891404,10.010760412787432,47.0,0.0,93.0,9.0
LW.16.Ka,R071,LW.16.Ka,Tersier,FL,Jan,Jan,True,63.0,SS Lewo,2,1591.7468562348683,1.5917468562348684,108.94473993721087,1089447.3993721087,108.94473993721087,0.0,SS Lewo,,0.0,0.9,1.7174323081630356,0.22086320835429982,24.061884795857218,5.347085510190494,21.655696316271495,15.116652941142542,261947.30264162,296674.812260289,291052.55849068885,261947.30264162,537655.1800621451,305045.27182419045,707066.1828668872,1549766.6347532228,24.061884795857218,240.440523142825,1427.8000000000002,1668.2405231428252,1422.5254341296459,493.5118302838823,280.0,649.0136038457637,537655.1800621451,305045.2718241905,707066.1828668872,1549766.6347532228,34.69265423614948,19.683303600916947,45.62404216293358,85.27100345516888,14.412821161414733,85.58717883858527,531.0,3.568834364780167,2564.2272727272725,39.94772734983095,7.577109785029076,50.0,0.0,73.0,9.0
BN.5.Ki,R072,BN.5.Ki,Tersier,FL,Jan,Jan,True,65.0,SS Binuang,0,73.57297103874335,0.07357297103874334,6.052485552067274,60524.85552067273,6.052485552067274,0.0,SS Binuang,,0.0,0.9,1.4832463626165249,0.19074670301138436,1.154491664080871,1.154491664080871,1.039042497672784,15.691790718536003,12568.258051849993,15761.2819407801,13964.731168722214,12568.258051849993,29084.977076853687,16946.959545788366,73060.94965543771,119092.88627807976,1.154491664080871,207.65449076631347,2031.0000000000002,2238.6544907663138,1967.6690717155477,480.54599761778013,280.0,1207.1230740977676,29084.977076853687,16946.959545788366,73060.94965543771,119092.88627807976,24.422094371733323,14.230035122515647,61.34787050575103,87.895165593061,9.275861533024298,90.7241384669757,560.0,3.6124420688789067,3057.4636363636364,41.85953562377614,10.003839795165606,47.0,0.0,93.0,9.0
Suplesi Citameng III,R073,Suplesi Citameng III,Sekunder,FL,Jan,,True,57.0,SI Copong Kanan,0,542.4121810765971,0.542412181076597,0.0,0.0,0.0,0.0,Suplesi Citameng III,,,0.81,,,0.0,0.0,0.0,0.0,0.0,0.0,0.0,0.0,0.0,0.0,0.0,0.0,0.0,,,,,,,,0.0,0.0,0.0,0.0,,,,,,,,,,,,,,,
SS Sindangsari,R074,SS Sindangsari,Sekunder,FL,Jan,Jan,True,62.0,SS Lewo,2,578.2388612206557,0.5782388612206557,97.20222730984837,972022.2730984837,0.0,97.20222730984837,SS Sindangsari,,0.0,0.81,1.4825553338969992,0.21184204016589492,20.591518141987347,20.591518141987347,16.679129695009753,35.61074760440501,201750.75279083796,252921.96764507395,249075.00344547894,0.0,0.0,0.0,0.0,0.0,0.0,207.5577467455799,2031.0000000000002,2238.55774674558,1967.5523396444325,479.31366104660634,280.0,1208.2386785978263,465903.55433767836,272166.2364675754,1174434.9068161673,1912504.697621421,24.360910324409755,14.230879370182366,61.40821030540788,87.89374955838706,9.271940696965615,90.72805930303439,588.0,3.6020522927598466,3057.4636363636364,41.867151555891404,10.010760412787432,47.0,0.0,93.0,9.0
LW.15.Ki,R075,LW.15.Ki,Tersier,FL,Jan,Jan,True,62.0,SS Lewo,0,2433.48645372013,2.43348645372013,82.71730254491948,827173.0254491947,82.71730254491948,0.0,SS Lewo,,0.0,0.9,1.7174323081630356,0.22086320835429982,18.269208826484206,18.269208826484206,16.442287943835787,7.50742162486897,198885.91496863766,225253.0981976271,220984.34996515294,198885.91496863766,408219.67375088844,231608.44712577455,536846.5462507855,1176674.6671274486,18.269208826484206,240.440523142825,1427.8000000000002,1668.2405231428252,1422.5254341296459,493.5118302838823,280.0,649.0136038457637,408219.67375088844,231608.44712577455,536846.5462507855,1176674.6671274486,34.692654236149465,19.683303600916943,45.62404216293358,85.27100345516888,14.412821161414733,85.58717883858527,531.0,3.568834364780167,2564.2272727272725,39.94772734983095,7.577109785029076,50.0,0.0,73.0,9.0
BN.4.Ki,R076,BN.4.Ki,Tersier,FL,Jan,Jan,True,63.0,SS Binuang,0,1407.8688167286348,1.4078688167286348,15.13121388016819,151312.1388016819,15.13121388016819,0.0,SS Binuang,,0.0,0.9,1.4832463626165249,0.19074670301138436,2.8862291602021783,2.8862291602021783,2.5976062441819607,2.0500696697783996,31420.645129624994,39403.204851950264,34911.82792180555,31420.645129624994,72712.44269213424,42367.39886447093,182652.37413859434,297732.2156951995,2.8862291602021783,207.65449076631347,2031.0000000000002,2238.6544907663138,1967.6690717155477,480.54599761778013,280.0,1207.1230740977676,72712.44269213424,42367.39886447093,182652.37413859434,297732.2156951995,24.422094371733326,14.230035122515648,61.34787050575103,87.895165593061,9.275861533024298,90.7241384669757,560.0,3.6124420688789067,3057.4636363636364,41.85953562377614,10.003839795165606,47.0,0.0,93.0,9.0
BN.3.Ki,R077,BN.3.Ki,Tersier,FL,Jan,Jan,True,63.0,SS Binuang,1,2190.7986314327504,2.1907986314327506,92.07387902943998,920738.7902943998,92.07387902943998,0.0,SS Binuang,,0.0,0.9,1.4832463626165249,0.19074670301138436,17.562788858334716,6.787533326913263,15.806509972501246,8.016614857408829,191195.5446273751,239769.6540173672,212439.49403041677,191195.5446273751,442457.3405274104,257806.86128243193,1111445.0389812356,1811709.240791078,17.562788858334716,207.65449076631347,2031.0000000000002,2238.6544907663138,1967.6690717155477,480.54599761778013,280.0,1207.1230740977676,442457.3405274104,257806.86128243193,1111445.0389812356,1811709.240791078,24.422094371733323,14.230035122515645,61.34787050575103,87.895165593061,9.275861533024298,90.7241384669757,560.0,3.6124420688789067,3057.4636363636364,41.85953562377614,10.003839795165606,47.0,0.0,93.0,9.0
Ruas tanpa nama R078,R078,,Tersier,FL,Jan,Jan,True,63.0,SS Cioray,0,704.3036151832371,0.704303615183237,16.54410424515353,165441.0424515353,16.54410424515353,0.0,SS Cioray,,0.0,0.9,1.4843698817687516,0.19089118849906783,3.1581237220098313,3.1581237220098313,2.842311349808848,4.484037358218287,34380.59808728783,43132.75359309442,38200.66454143092,34380.59808728783,79797.92689250261,46323.49188642988,199449.53416939083,325570.95294832333,3.1581237220098313,207.81178344762523,2031.0000000000002,2238.8117834476257,1967.8971319568232,482.3345266086486,280.0,1205.5626053481744,79797.92689250261,46323.49188642988,199449.53416939083,325570.95294832333,24.51014937600058,14.228385999098217,61.2614646249012,87.89917698782114,9.282235558346423,90.71776444165357,529.0,3.627240515785811,3057.4636363636364,41.8470928388393,9.997114145039312,47.0,0.0,92.0,9.0
LW.7.Ki,R079,LW.7.Ki,Tersier,FL,Jan,Jan,True,62.0,SS Lewo,1,933.5050995359856,0.9335050995359856,29.591077143186226,295910.77143186226,29.591077143186226,0.0,SS Lewo,,0.0,0.9,1.7174323081630356,0.22086320835429982,6.5355802365037,3.4256099464993133,5.88202221285333,7.001118943809005,71148.94068667387,80581.46966153797,79054.37854074874,71148.94068667387,146035.4664100539,82855.01600092143,192050.11618377297,420940.5985947483,6.5355802365037,240.440523142825,1427.8000000000002,1668.2405231428252,1422.5254341296459,493.5118302838823,280.0,649.0136038457637,146035.4664100539,82855.01600092143,192050.11618377297,420940.5985947483,34.69265423614947,19.683303600916943,45.624042162933584,85.27100345516888,14.412821161414733,85.58717883858527,531.0,3.568834364780167,2564.2272727272725,39.94772734983095,7.577109785029076,50.0,0.0,73.0,9.0
LW.9.Ki,R080,LW.9.Ki,Tersier,FL,Jan,Jan,True,62.0,SS Lewo,0,44.224478096799885,0.044224478096799885,4.433957428996731,44339.574289967306,4.433957428996731,0.0,SS Lewo,,0.0,0.9,1.7174323081630356,0.22086320835429982,0.9792980634746006,0.9792980634746006,0.8813682571271405,22.143801478698812,10661.030438209893,12074.41027970566,11845.58937578877,10661.030438209893,21882.10446184994,12415.080801190848,28776.986902918652,63074.17216595944,0.9792980634746006,240.440523142825,1427.8000000000002,1668.2405231428252,1422.5254341296459,493.5118302838823,280.0,649.0136038457637,21882.10446184994,12415.080801190848,28776.986902918652,63074.17216595944,34.69265423614948,19.683303600916943,45.624042162933584,85.27100345516888,14.412821161414733,85.58717883858527,531.0,3.568834364780167,2564.2272727272725,39.94772734983095,7.577109785029076,50.0,0.0,73.0,9.0
LW.8.Ki,R081,LW.8.Ki,Tersier,FL,Jan,Jan,True,62.0,SS Lewo,0,1093.9291903652727,1.0939291903652726,49.527183712473416,495271.8371247342,49.527183712473416,0.0,SS Lewo,,0.0,0.9,1.7174323081630356,0.22086320835429982,10.938732695489701,10.938732695489701,9.844859425940731,9.999488807714476,119083.41961617909,134870.83394891128,132314.91068464343,119083.41961617909,244422.5108274884,138676.11439492556,321438.1598956358,704536.7851180497,10.938732695489701,240.440523142825,1427.8000000000002,1668.2405231428252,1422.5254341296459,493.5118302838823,280.0,649.0136038457637,244422.5108274884,138676.11439492556,321438.1598956358,704536.7851180497,34.69265423614948,19.683303600916947,45.624042162933584,85.27100345516888,14.412821161414733,85.58717883858527,531.0,3.568834364780167,2564.2272727272725,39.94772734983095,7.577109785029076,50.0,0.0,73.0,9.0
BK.5,R082,BK.5,Tersier,FL,Jan,Jan,True,62.0,SS Bandrek,2,2196.163111488021,2.196163111488021,85.38080682918685,853808.0682918685,85.38080682918685,0.0,SS Bandrek,,0.0,0.9,1.715713925125205,0.2206422228813278,18.838611010193038,4.875875790873489,16.954749909173735,8.57796532126835,205084.65490136552,232295.31361502514,227871.838779295,205084.65490136552,419473.93601855816,239066.25912172318,555766.0122208769,1214306.2073611582,18.838611010193038,240.1999495175287,1427.8000000000002,1667.9999495175289,1422.223860908815,491.29769511051734,280.0,650.9261657982975,419473.93601855816,239066.25912172318,555766.0122208769,1214306.2073611582,34.544329385429755,19.6874773160589,45.76819329851134,85.26522205952074,14.40047702561423,85.59952297438578,569.0,3.5508019851533055,2564.2272727272725,39.976976366293144,7.590478550892347,50.0,0.0,73.0,9.0
BK.1.Ki,R083,BK.1.Ki,Tersier,FL,Jan,Jan,True,62.0,CT.2,0,994.4555003469691,0.9944555003469691,20.583741394228134,205837.41394228133,34.646462519035374,-14.06272112480724,SS Citambal,,0.0,0.9,1.71438370567233,0.22047115556485722,4.538121251033662,3.102830048737675,4.084309125930296,4.563423149100482,49403.80318725286,55958.731467559635,54893.11465250317,83182.4522298307,169843.6135681644,97010.09505329904,225849.0149267415,492702.723548205,7.640951299771337,240.0137187941262,1427.8000000000002,1667.8137187941263,1421.9929341912907,489.4823874945247,280.0,652.5105466967661,100753.78881216663,57634.47590383877,134311.08350212654,292699.3482181319,34.422279866875776,19.69067449405016,45.887045639074074,85.2608968356148,14.390918847199703,85.6090811528003,598.0,3.536243128533142,2564.2272727272725,39.99962841663985,7.599054993795268,50.0,0.0,73.0,9.0
SS Tegal Buah,R084,SS Tegal Buah,Sekunder,FL,Jan,Jan,True,58.0,SS Copong Kanan,55,9505.764740275474,9.505764740275474,1438.9024923832287,14389024.923832288,0.0,1438.9024923832287,SS Tegal Buah,,0.0,0.81,1.7124469996537401,0.24469121508541095,342.29645525138886,0.0,277.260128753625,36.00935480772999,3353738.517403848,3877771.096892684,4140417.9227207997,0.0,0.0,0.0,0.0,0.0,0.0,239.74257995152362,1427.8000000000002,1667.5425799515237,1421.5870180082725,486.8410403065333,280.0,654.7459777017392,7032812.211296456,4028926.9786730413,11116725.822370375,22178465.01233987,31.71009448752865,18.165941495190886,50.123964017280464,85.25041789635134,14.376998994442053,85.62300100555795,645.0,3.5150161069316486,2564.2272727272725,40.033358973887374,7.611545764150719,50.0,0.0,73.0,9.0
C.1.M,R085,C.1.M,Tersier,FL,Jan,Jan,True,4.0,SS Cikukuk,0,1006.7270480318643,1.0067270480318644,23.131265789648054,231312.65789648055,23.131265789648054,0.0,SS Cikukuk,,0.0,0.9,1.592333306176144,0.204775373736644,4.736713597076828,4.736713597076828,4.263042237369145,4.705062416210063,51565.758903217196,65706.6601575325,57295.28767024133,51565.758903217196,113583.29129494951,64767.54421101455,155466.28005012736,333817.1155560914,4.736713597076828,222.92666286466016,1395.0,1617.92666286466,1443.142448804011,491.0379411479569,280.0,672.1045076560542,113583.29129494951,64767.54421101455,155466.28005012736,333817.1155560914,34.025604440843615,19.402104084184277,46.57229147497211,89.19702492873316,13.778539409811806,86.2214605901882,637.0,3.4839397313562173,2402.2727272727275,39.28438932302264,4.043995821618535,49.0,0.0,65.0,9.0
CD.17.Ka,R086,CD.17.Ka,Tersier,FL,Jan,Jan,True,3.0,SS Ciduga,0,485.3633116030573,0.4853633116030573,69.61865264103564,696186.5264103564,69.61865264103564,0.0,SS Ciduga,,0.0,0.9,1.6459824744990936,0.21167470093866944,14.736507477544325,14.736507477544325,13.262856729789894,30.36180758877841,160427.5150035386,197799.40471574388,178252.79444837623,160427.5150035386,342224.3172110397,194932.2273948998,463657.9527252276,1000814.4973311671,14.736507477544325,230.43754642987312,1380.2999999999997,1610.737546429873,1437.5665994162782,491.5698655870293,280.0,665.996733829249,342224.3172110397,194932.2273948998,463657.9527252276,1000814.4973311671,34.19458032668751,19.477358482987402,46.32806119032509,89.2489656432595,14.306337301233683,85.6936626987663,634.0,3.476017790438906,2450.2454545454543,39.27384603315502,4.033230268891777,49.0,0.0,65.0,9.0
CD.18.Ka,R087,CD.18.Ka,Tersier,FL,Jan,Jan,True,3.0,SS Ciduga,0,240.77758679856157,0.24077758679856157,27.242081468231323,272420.81468231324,27.242081468231323,0.0,SS Ciduga,,0.0,0.9,1.6459824744990936,0.21167470093866944,5.766459447734733,5.766459447734733,5.18981350296126,23.94931988648531,62775.984131819416,77399.76706268234,69751.09347979935,62775.984131819416,133913.86325649373,76277.8281110477,181431.37280552374,391623.0641730652,5.766459447734733,230.43754642987312,1380.2999999999997,1610.737546429873,1437.5665994162782,491.5698655870293,280.0,665.996733829249,133913.86325649373,76277.8281110477,181431.37280552374,391623.0641730652,34.19458032668751,19.4773584829874,46.328061190325094,89.2489656432595,14.306337301233683,85.6936626987663,634.0,3.476017790438906,2450.2454545454543,39.27384603315502,4.033230268891777,49.0,0.0,65.0,9.0
CD.19.Ka,R088,CD.19.Ka,Tersier,FL,Jan,Jan,True,3.0,SS Ciduga,0,180.24259890552534,0.18024259890552535,6.0537958818291795,60537.958818291794,6.0537958818291795,0.0,SS Ciduga,,0.0,0.9,1.6459824744990936,0.21167470093866944,1.2814354328299402,1.2814354328299402,1.1532918895469462,7.109503750007556,13950.218695959864,17199.94823615162,15500.24299551096,13950.218695959864,29758.636279220813,16950.6284691217,40318.08284567192,87027.34759401443,1.2814354328299402,230.43754642987312,1380.2999999999997,1610.737546429873,1437.5665994162782,491.5698655870293,280.0,665.996733829249,29758.636279220813,16950.6284691217,40318.08284567192,87027.34759401443,34.19458032668751,19.477358482987402,46.328061190325094,89.2489656432595,14.306337301233683,85.6936626987663,634.0,3.476017790438906,2450.2454545454543,39.27384603315502,4.033230268891777,49.0,0.0,65.0,9.0
SS Cioray,R089,SS Cioray,Sekunder,FL,Jan,Jan,True,62.0,SS Lewo,3,965.9321989938668,0.9659321989938668,103.86908468855196,1038690.8468855197,0.0,103.86908468855196,SS Cioray,,0.0,0.81,1.4843698817687516,0.2121013205545198,22.03077002723112,22.03077002723112,17.84492372205721,22.807780970733543,215852.19734200407,270800.97957699926,266484.1942493877,0.0,0.0,0.0,0.0,0.0,0.0,207.81178344762523,2031.0000000000002,2238.8117834476257,1967.8971319568232,482.3345266086486,280.0,1205.5626053481744,500996.4579252634,290833.4371279455,1252206.8435226087,2044036.7385758176,24.510149376000584,14.228385999098219,61.2614646249012,87.89917698782114,9.282235558346423,90.71776444165357,529.0,3.627240515785811,3057.4636363636364,41.8470928388393,9.997114145039312,47.0,0.0,92.0,9.0
SS Kresek,R090,SS Kresek,Sekunder,FL,Jan,Jan,True,62.0,SS Cibatu,8,934.7111007754147,0.9347111007754147,74.77258029614494,747725.8029614494,0.0,74.77258029614494,SS Kresek,,0.0,0.81,1.8903894885357155,0.27011738233535026,20.197373660054463,20.197373660054463,16.359872664644115,21.608145707587283,197889.0197515352,220386.00055116392,244307.43179201876,0.0,0.0,0.0,0.0,0.0,0.0,264.65452839500017,1315.3000000000002,1579.9545283950004,1352.732439152867,497.2843471771935,280.0,575.4480919756736,371832.33779322717,209363.22482920584,430277.38663514453,1011472.9492575775,36.761471284640145,20.698845676780454,42.5396830385794,85.6184412172319,16.750768685972876,83.24923131402713,595.0,3.5789807567969807,2307.909090909091,38.18972390157667,5.97921747345362,54.0,0.0,59.0,9.0
KR.2.Ki,R091,KR.2.Ki,Tersier,FL,Jan,Jan,True,63.0,SS Kresek,4,2901.8207337804697,2.9018207337804696,56.71341586166015,567134.1586166015,56.71341586166015,0.0,SS Kresek,,0.0,0.9,1.8903894885357155,0.24310564410181526,13.787351492262998,0.0,12.408616343036698,4.751276097714328,150094.6232853719,167158.10595064657,166771.8036504132,150094.6232853719,282026.9398295436,158797.5644126484,326356.2694701524,767180.7737123445,13.787351492262998,264.65452839500017,1315.3000000000002,1579.9545283950004,1352.732439152867,497.2843471771935,280.0,575.4480919756736,282026.9398295436,158797.56441264844,326356.2694701524,767180.7737123445,36.76147128464014,20.69884567678045,42.5396830385794,85.6184412172319,16.750768685972876,83.24923131402713,595.0,3.5789807567969807,2307.909090909091,38.18972390157667,5.97921747345362,54.0,0.0,59.0,9.0
KR.2.Ki (2),R092,KR.2.Ki,Tersier,FL,Jan,Jan,True,63.0,SS Kresek,2,1254.3934332709287,1.2543934332709286,18.05916443448478,180591.64434484782,18.05916443448478,0.0,SS Kresek,,0.0,0.9,1.8903894885357155,0.24310564410181526,4.3902848017860165,0.0,3.9512563216074152,3.499926486651008,47794.39646616329,53227.89460051734,53104.88496240366,47794.39646616329,89805.39796368356,50565.66041655739,103921.11716499215,244292.1755452331,4.3902848017860165,264.65452839500017,1315.3000000000002,1579.9545283950004,1352.732439152867,497.2843471771935,280.0,575.4480919756736,89805.39796368356,50565.66041655739,103921.11716499215,244292.1755452331,36.76147128464014,20.69884567678045,42.539683038579405,85.6184412172319,16.750768685972876,83.24923131402713,595.0,3.5789807567969807,2307.909090909091,38.18972390157667,5.97921747345362,54.0,0.0,59.0,9.0
Ruas tanpa nama R093,R093,,Tersier,FL,Jan,Jan,False,,,0,144.92064371277348,0.1449206437127735,2.0260552477789115,20260.552477789115,2.0260552477789115,0.0,Ruas tanpa nama R093,,0.0,0.9,1.7163718584403722,0.2207268336471672,0.44720475963646594,0.44720475963646594,0.40248428367281935,3.085859599980846,4868.449895306423,5514.411669849176,5409.388772562692,4868.449895306423,9972.224422503645,5672.954693780953,13171.944802016882,28817.12391830148,0.44720475963646594,240.29206018165212,1427.8000000000002,1668.0920601816524,1422.3266591516995,492.1990371899197,280.0,650.1276219617798,9972.224422503645,5672.954693780953,13171.944802016882,28817.12391830148,34.60520366562459,19.68605440939966,45.70874192497574,85.2666764085437,14.405203760485781,85.59479623951422,555.0,3.5582369115909143,2564.2272727272725,39.96533963003562,7.586242340756124,50.0,0.0,73.0,9.0
CS.4.Ka,R094,CS.4.Ka,Tersier,FL,Jan,Jan,True,4.0,SS Ciseureuh,0,557.3489644218649,0.557348964421865,28.251047448536188,282510.4744853619,28.251047448536188,0.0,SS Ciseureuh,,0.0,0.9,1.9098189323334087,0.24560428656551037,6.938578353326113,6.938578353326113,6.2447205179935015,12.449253154212752,75536.1393856494,83269.0730710177,83929.04376183265,75536.1393856494,139710.66063218005,79102.93285590132,162981.56925851677,381795.16274659813,6.938578353326113,267.3746505266772,1315.3000000000002,1582.6746505266774,1351.4371934070737,494.53267489173777,280.0,576.9045185153359,139710.66063218005,79102.93285590132,162981.56925851677,381795.16274659813,36.593093434478014,20.718683884531785,42.68822268099021,85.38945088665866,16.893848046261507,83.1061519537385,641.0,3.5572069623064433,2307.909090909091,38.23100485849394,6.0601164272994845,54.0,0.0,59.0,9.0
CS.5.Ka,R095,CS.5.Ka,Tersier,FL,Jan,Jan,True,4.0,SS Ciseureuh,0,718.083970266799,0.718083970266799,25.224149507621593,252241.49507621594,25.224149507621593,0.0,SS Ciseureuh,,0.0,0.9,1.9098189323334087,0.24560428656551037,6.195159244041171,6.195159244041171,5.575643319637054,8.627346522913474,67442.9815943298,74347.38667055151,74936.646215922,67442.9815943298,124741.66127873218,70627.61862134046,145519.25826653282,340888.53816660546,6.195159244041171,267.3746505266772,1315.3000000000002,1582.6746505266774,1351.4371934070737,494.53267489173777,280.0,576.9045185153359,124741.66127873218,70627.61862134046,145519.25826653282,340888.53816660546,36.593093434478014,20.71868388453178,42.68822268099021,85.38945088665866,16.893848046261507,83.1061519537385,641.0,3.5572069623064433,2307.909090909091,38.23100485849394,6.0601164272994845,54.0,0.0,59.0,9.0
CS.6.Ki.b,R096,CS.6.Ki.b,Tersier,FL,Jan,Jan,False,,,0,957.4043135313776,0.9574043135313777,115.02212175475455,1150221.2175475454,141.255237242681,-26.233115487926455,CS.6.Ki.b,,0.0,0.9,1.8890992063914442,0.24293971275610135,27.943441219697384,6.373065541334486,25.149097097727648,29.186667351255437,304203.47849411366,338821.371791083,338003.8649934596,373583.2192032974,701315.2676353462,395514.6642795069,813520.1309873691,1910350.062902222,34.316506761031874,264.4738888948022,1315.3000000000002,1579.7738888948024,1352.4100771004898,496.4879754726999,280.0,575.92210162779,571071.0036459249,322061.9409133128,662437.8209468578,1555570.7655060955,36.71134842008492,20.70377947791606,42.58487210199902,85.60782568995525,16.741249539187287,83.25875046081272,616.0,3.5751913052135995,2307.909090909091,38.202196974029974,6.003324374715092,54.0,0.0,59.0,9.0
CS.6.Ki.a,R097,CS.6.Ki.a,Tersier,FL,Jan,Jan,False,,,0,558.6920157057763,0.5586920157057763,44.39450313341402,443945.0313341402,44.39450313341402,0.0,CS.6.Ki.a,,0.0,0.9,1.9099950726553365,0.24562693835588173,10.904485884491084,10.904485884491084,9.814037296041976,19.517883875100352,118710.59513292376,130861.07178851758,131900.66125880418,118710.59513292376,219598.63455395488,124304.60877355924,256104.4296623695,600007.6729898837,10.904485884491084,267.3993101717471,1315.3000000000002,1582.6993101717474,1351.5359574737106,494.6527589103064,280.0,576.8831985634042,219598.63455395488,124304.60877355924,256104.4296623695,600007.6729898837,36.59930438217202,20.717169857868644,42.68352575995933,85.39436068415598,16.895142902585214,83.1048570974148,647.0,3.5607772895396286,2307.909090909091,38.229420766981995,6.057060067011167,54.0,0.0,59.0,9.0
CS.6.Ka,R098,CS.6.Ka,Tersier,FL,Jan,Jan,False,,,0,700.5780506154197,0.7005780506154197,85.76210832591347,857621.0832591348,88.78900626682807,-3.026897940914594,CS.6.Ka,,0.0,0.9,1.889604892509,0.2430047444070216,20.840599213545904,0.7434191092849404,18.756539292191313,29.747719322977037,226879.09927834614,252694.7353185853,252087.88808705125,234972.2570696657,441049.1697489817,248609.21754711858,511244.64347601775,1200903.030772118,21.584018322830843,264.54468495126,1315.3000000000002,1579.8446849512602,1352.574498033447,496.8163431527854,280.0,575.7581548806618,426080.17039553385,240133.90331255773,493782.33248403383,1159996.4061921255,36.731162969220776,20.70126269622126,42.56757433455795,85.6143968402296,16.744980533287137,83.25501946671287,603.0,3.575304352817498,2307.909090909091,38.196994127375376,5.9986637436898675,54.0,0.0,59.0,9.0
CP.Ka.13.Ki,R099,CP.Ka.13.Ki,Tersier,FL,Jan,Jan,True,38.0,SI Copong Kanan,0,1008.383378205013,1.008383378205013,40.969078628597856,409690.78628597857,40.969078628597856,0.0,SI Copong Kanan,,0.0,0.9,1.6461309538058848,0.21169379549972797,8.67289975301467,8.67289975301467,7.805609777713203,8.60079602705569,94416.65587121891,116244.38477922595,104907.39541246546,94416.65587121891,200076.38720030314,114713.420160074,273539.6808419741,588329.4882023513,8.67289975301467,230.45833353282387,1380.2999999999997,1610.7583335328236,1436.032998290756,488.35949915808646,280.0,667.6734991326697,200076.38720030314,114713.420160074,273539.6808419741,588329.4882023513,34.00754019854406,19.49815918807375,46.49430061338219,89.15260398753622,14.307443192137157,85.69255680786284,682.0,3.4443790702566353,2450.2454545454543,39.333386891780464,4.113538103386071,49.0,0.0,65.0,9.0
Suplesi Cipari,R100,Suplesi Cipari,Tersier,FL,Jan,Jan,False,,,0,1495.0902052457348,1.4950902052457347,72.09240656576686,720924.0656576686,72.09240656576686,0.0,Suplesi Cipari,,0.0,0.9,1.646109862189717,0.21169108310052942,15.261319629230908,15.261319629230908,13.735187666307818,10.207624647452318,166140.8300116594,204636.92236175397,184600.9222351771,166140.8300116594,352784.09049152676,201858.73838414723,481032.44913762016,1035675.2780132941,15.261319629230908,230.4553807065604,1380.2999999999997,1610.7553807065601,1436.5941259964613,489.34985984924316,280.0,667.2442661472182,352784.09049152676,201858.73838414723,481032.44913762016,1035675.2780132941,34.06319509414787,19.49054328798569,46.44626161786644,89.18760372951834,14.30728610110064,85.69271389889936,672.0,3.456062894394416,2450.2454545454543,39.31542952393528,4.088207330720066,49.0,0.0,65.0,9.0
LW.2.Ki,R101,LW.2.Ki,Tersier,FL,Jan,Jan,True,62.0,SS Lewo,1,1699.2579137436514,1.6992579137436514,58.12156470655067,581215.6470655067,58.12156470655067,0.0,SS Lewo,,0.0,0.9,1.7174323081630356,0.22086320835429982,12.836915255660822,5.980791355215515,11.55322373009474,7.554424288293994,139747.79423922597,158274.77588663844,155275.3269324733,139747.79423922597,286836.7977729292,162740.38117834186,377216.86171353195,826794.040664803,12.836915255660822,240.440523142825,1427.8000000000002,1668.2405231428252,1422.5254341296459,493.5118302838823,280.0,649.0136038457637,286836.7977729292,162740.38117834186,377216.86171353195,826794.040664803,34.69265423614947,19.683303600916943,45.624042162933584,85.27100345516888,14.412821161414733,85.58717883858527,531.0,3.568834364780167,2564.2272727272725,39.94772734983095,7.577109785029076,50.0,0.0,73.0,9.0
CP.3.Ka.2,R102,CP.3.Ka.2,Tersier,FL,Jan,Jan,True,1.0,SI Copong,1,3434.8674843961667,3.434867484396167,140.62391749268807,1406239.1749268807,140.62391749268807,0.0,SI Copong,,0.0,0.9,1.6458180310540038,0.21165355337628647,29.76355182702116,10.114502080625845,26.787196644319046,8.665123752875564,324017.9306096832,399021.5527041782,360019.922899648,324017.9306096832,686914.0753004655,393746.9689795266,938703.514488634,2019364.558768626,29.76355182702116,230.41452434756053,1380.2999999999997,1610.7145243475602,1436.0036292358486,488.47599152980683,280.0,667.5276377060418,686914.0753004655,393746.9689795266,938703.514488634,2019364.558768626,34.01634798024454,19.498557963185547,46.48509405656992,89.15320545815028,14.305112474284838,85.69488752571516,688.0,3.4511695815177803,2450.2454545454543,39.33160121992347,4.1102700676281865,49.0,0.0,65.0,9.0
CD.4.Ki.2,R103,CD.4.Ki.2,Tersier,FL,Jan,Jan,True,3.0,Suplesi Cibuyutan Selatan,0,120.42020884394273,0.12042020884394274,9.971291159538678,99712.91159538679,9.971291159538678,0.0,Suplesi Cibuyutan Selatan,,0.0,0.9,1.6457185909167922,0.21164076529279732,2.1103316919620703,2.1103316919620703,1.8992985227658632,17.524730377248655,22973.914931375883,28319.24447845725,25526.5721459732,22973.914931375883,48924.19444227885,27919.6152467083,66456.04560449529,143299.85529348243,2.1103316919620703,230.40060272835092,1380.2999999999997,1610.7006027283505,1437.1243703620044,490.6505452453594,280.0,666.473825116645,48924.19444227885,27919.6152467083,66456.04560449529,143299.85529348243,34.141133179849085,19.483352017019197,46.37551480313173,89.22355699921344,14.304371795607299,85.6956282043927,648.0,3.4696337402519206,2450.2454545454543,39.290644521395215,4.057067733740653,49.0,0.0,65.0,9.0
CTL.9.Ka,R104,CTL.9.Ka,Tersier,FL,Jan,Jan,True,7.0,SS Citikey Kiri,0,1439.3289165223346,1.4393289165223346,20.726218821304812,207262.18821304812,20.726218821304812,0.0,SS Citikey Kiri,,0.0,0.9,1.8926495847875262,0.24339629433995963,5.044684856784717,5.044684856784717,4.540216371106245,3.5048867558178016,54918.45722490115,61155.37653362625,61020.50802766794,54918.45722490115,103373.24998307695,58033.412699653476,119121.38713685435,280528.04981958476,5.044684856784717,264.9709418702537,1315.3000000000002,1580.2709418702539,1353.493621958799,498.7559519386041,280.0,574.7376700201947,103373.24998307695,58033.412699653476,119121.38713685435,280528.04981958476,36.84952362145572,20.687204982523618,42.463271396020666,85.64946592999657,16.767437459595378,83.23256254040463,578.0,3.5899567696444357,2307.909090909091,38.16758412927206,5.942095965422798,54.0,0.0,59.0,9.0
CTL.11.Ki.a1,R105,CTL.11.Ki.a1,Tersier,FL,Jan,Jan,True,8.0,CTL.11.Ki.a2,0,320.54886357033246,0.32054886357033247,23.687107224348352,236871.07224348353,23.687107224348352,0.0,SS Citikey Kiri,,0.0,0.9,1.8926495847875262,0.24339629433995963,5.7653541220396765,5.7653541220396765,5.188818709835709,17.985882270253892,62763.951114172734,69891.85889557285,69737.72346019192,62763.951114172734,118140.85712351649,66323.9002281754,136138.72815640495,320603.48550809687,5.7653541220396765,264.9709418702537,1315.3000000000002,1580.2709418702539,1353.493621958799,498.7559519386041,280.0,574.7376700201947,118140.85712351649,66323.9002281754,136138.72815640495,320603.48550809687,36.84952362145571,20.687204982523614,42.46327139602066,85.64946592999657,16.767437459595378,83.23256254040463,578.0,3.5899567696444357,2307.909090909091,38.16758412927206,5.942095965422798,54.0,0.0,59.0,9.0
CTL.11.Ki.a2,R106,CTL.11.Ki.a2,Tersier,FL,Jan,Jan,True,7.0,SS Citikey Kiri,1,731.4403055595919,0.7314403055595919,40.46547484159511,404654.7484159511,16.778367617246758,23.687107224348352,SS Citikey Kiri,,0.0,0.9,1.8926495847875262,0.24339629433995963,9.849146625151116,9.849146625151116,8.864231962636005,13.465414129203584,107221.74982004511,119398.59227993697,119135.27757782789,44457.798705872374,83683.10712915755,46979.42932829093,96431.59911078689,227094.13556823536,4.083792503111439,264.9709418702537,1315.3000000000002,1580.2709418702539,1353.493621958799,498.7559519386041,280.0,574.7376700201947,201823.96425267402,113303.32955646631,232570.32726719184,547697.6210763322,36.84952362145571,20.687204982523618,42.46327139602067,85.64946592999657,16.767437459595378,83.23256254040463,578.0,3.5899567696444357,2307.909090909091,38.16758412927206,5.942095965422798,54.0,0.0,59.0,9.0
CTL.11M,R107,CTL.11M,Tersier,FL,Jan,Jan,True,7.0,SS Citikey Kiri,0,817.9201371308275,0.8179201371308275,18.752293219275785,187522.93219275784,18.752293219275785,0.0,SS Citikey Kiri,,0.0,0.9,1.8926495847875262,0.24339629433995963,4.564238679948078,4.564238679948078,4.10781481195327,5.580298702461242,49688.12796538677,55331.05495899519,55209.03107265196,49688.12796538677,93528.17855611726,52506.4210139722,107776.49312382062,253811.09269391006,4.564238679948078,264.9709418702537,1315.3000000000002,1580.2709418702539,1353.493621958799,498.7559519386041,280.0,574.7376700201947,93528.17855611726,52506.4210139722,107776.49312382062,253811.09269391006,36.849523621455724,20.687204982523618,42.463271396020666,85.64946592999657,16.767437459595378,83.23256254040463,578.0,3.5899567696444357,2307.909090909091,38.16758412927206,5.942095965422798,54.0,0.0,59.0,9.0
CTL.9.Ki,R108,CTL.9.Ki,Tersier,FL,Jan,Jan,True,7.0,SS Citikey Kiri,0,908.7877130430836,0.9087877130430836,13.228546621477745,132285.46621477747,13.228546621477745,0.0,SS Citikey Kiri,,0.0,0.9,1.8926495847875262,0.24339629433995963,3.219779227171076,3.219779227171076,2.8978013044539686,3.54293877542602,35051.804578675205,39032.52959953893,38946.44953186134,35051.804578675205,65978.16362959339,37039.93054013769,76029.44062981638,179047.53479954746,3.219779227171076,264.9709418702537,1315.3000000000002,1580.2709418702539,1353.493621958799,498.7559519386041,280.0,574.7376700201947,65978.16362959339,37039.93054013769,76029.44062981638,179047.53479954746,36.84952362145572,20.687204982523618,42.463271396020666,85.64946592999657,16.767437459595378,83.23256254040463,578.0,3.5899567696444357,2307.909090909091,38.16758412927206,5.942095965422798,54.0,0.0,59.0,9.0
PG.1.Ka,R109,PG.1.Ka,Tersier,FL,Jan,Jan,True,7.0,SS Parigi,0,506.1096712366356,0.5061096712366356,1.0451770215483538,10451.770215483539,1.0451770215483538,0.0,SS Parigi,,0.0,0.9,1.646752421161882,0.21177371671320497,0.22134102247653237,0.22134102247653237,0.19920692022887915,0.43733806140417064,2409.606907088523,2968.3204328500515,2677.3410078761362,2409.606907088523,5127.528975067199,2926.4956603353908,6966.596446086187,15020.621081488776,0.22134102247653237,230.5453389626635,1380.2999999999997,1610.8453389626632,1437.1365588612748,490.5895240091614,280.0,666.5470348521135,5127.528975067199,2926.4956603353908,6966.596446086187,15020.621081488776,34.136597596395674,19.483186776756966,46.38021562684737,89.21629681635036,14.312071642528256,85.68792835747175,645.0,3.46592154238302,2450.2454545454543,39.29157790410792,4.0585020723264655,49.0,0.0,65.0,9.0
PG.2.Ka,R110,PG.2.Ka,Tersier,FL,Jan,Jan,True,7.0,SS Parigi,0,501.60202577389254,0.5016020257738926,9.52764974748507,95276.4974748507,9.52764974748507,0.0,SS Parigi,,0.0,0.9,1.646752421161882,0.21177371671320497,2.017705798566542,2.017705798566542,1.8159352187098878,4.022523225366846,21965.552405514805,27058.686556849625,24406.169339460896,21965.552405514805,46741.651545447065,26677.41929295819,63506.26688295661,136925.33772136187,2.017705798566542,230.5453389626635,1380.2999999999997,1610.8453389626632,1437.1365588612748,490.5895240091614,280.0,666.5470348521135,46741.651545447065,26677.41929295819,63506.26688295661,136925.33772136187,34.13659759639567,19.483186776756966,46.38021562684737,89.21629681635036,14.312071642528256,85.68792835747175,645.0,3.46592154238302,2450.2454545454543,39.29157790410792,4.0585020723264655,49.0,0.0,65.0,9.0
PG.5.Ki,R111,PG.5.Ki,Tersier,FL,Jan,Jan,True,6.0,SS Cinanti,0,1511.7573469882323,1.5117573469882322,28.69730506205612,286973.0506205612,60.04922506286792,-31.3519200008118,SS Cinanti,,0.0,0.9,1.646004267382483,0.21167750352140985,6.074573893328356,1.6496209218261129,5.467116503995521,4.0182201895233405,66130.24123232983,81519.50383985216,73478.04581369982,138377.79298908846,294891.28433933307,168137.83017603017,400086.41243285296,863115.5269482161,12.711070049703155,230.44059743354762,1380.2999999999997,1610.7405974335475,1437.3466535905936,491.08258105012953,280.0,666.2640725404642,140927.46639057467,80352.45417375713,191199.8334158159,412479.7539801477,34.16591118248131,19.48033894958743,46.353749867931256,89.23514164110416,14.306499618915495,85.6935003810845,639.0,3.472911796144928,2450.2454545454543,39.28388684064618,4.042413973507068,49.0,0.0,65.0,9.0
PG.5.Ka,R112,PG.5.Ka,Tersier,FL,Jan,Jan,True,7.0,SS Parigi,0,331.42482669911385,0.33142482669911383,12.50023646096124,125002.3646096124,12.50023646096124,0.0,SS Parigi,,0.0,0.9,1.646752421161882,0.21177371671320497,2.6472215351316817,2.6472215351316817,2.3824993816185134,7.987396603619495,28818.712520057543,35500.88313993025,32020.791688952824,28818.712520057543,61324.850553849385,35000.66209069147,83319.95548003992,179645.46812458077,2.6472215351316817,230.5453389626635,1380.2999999999997,1610.8453389626632,1437.1365588612748,490.5895240091614,280.0,666.5470348521135,61324.850553849385,35000.66209069147,83319.95548003992,179645.46812458077,34.13659759639567,19.483186776756963,46.38021562684737,89.21629681635036,14.312071642528256,85.68792835747175,645.0,3.46592154238302,2450.2454545454543,39.29157790410792,4.0585020723264655,49.0,0.0,65.0,9.0
PG.6M,R113,PG.6M,Tersier,FL,Jan,Jan,True,7.0,SS Parigi,0,568.2809513945241,0.5682809513945241,27.343670113748892,273436.70113748894,27.343670113748892,0.0,SS Parigi,,0.0,0.9,1.646752421161882,0.21177371671320497,5.790670648568387,5.790670648568387,5.211603583711549,10.189802481252384,63039.5569485749,77656.48596781475,70043.95216508322,63039.5569485749,134145.181057676,76562.2763184969,182258.42236293678,392965.87973910966,5.790670648568387,230.5453389626635,1380.2999999999997,1610.8453389626632,1437.1365588612748,490.5895240091614,280.0,666.5470348521135,134145.181057676,76562.2763184969,182258.42236293678,392965.87973910966,34.13659759639567,19.483186776756966,46.38021562684737,89.21629681635036,14.312071642528256,85.68792835747175,645.0,3.46592154238302,2450.2454545454543,39.29157790410792,4.0585020723264655,49.0,0.0,65.0,9.0
BG.1B.Ka,R114,BG.1B.Ka,Tersier,FL,Jan,Jan,True,8.0,SS Situ Bagendit,0,447.787061860727,0.44778706186072703,20.65556408336109,206555.6408336109,20.65556408336109,0.0,SS Situ Bagendit,,0.0,0.9,1.6461339374260482,0.21169417919573663,4.372662684452064,4.372662684452064,3.9353964160068573,9.765049187178327,47602.55504801895,58619.00002842679,52891.727831132164,47602.55504801895,100978.7762939305,57835.57943341105,137853.2199387413,296667.57566608285,4.372662684452064,230.45875123964674,1380.2999999999997,1610.7587512396465,1436.2598594199653,488.8696134678456,280.0,667.3902459521198,100978.7762939305,57835.57943341105,137853.2199387413,296667.57566608285,34.037685469067966,19.49507940109655,46.46723512983547,89.1666649841023,14.307465414189725,85.69253458581028,678.0,3.4475493140907822,2450.2454545454543,39.32320194992893,4.103332442884019,49.0,0.0,65.0,9.0
BG.2.Ka,R115,BG.2.Ka,Tersier,FL,Jan,Jan,True,8.0,SS Situ Bagendit,0,837.3929759350264,0.8373929759350264,10.82389070274014,108238.90702740141,10.82389070274014,0.0,SS Situ Bagendit,,0.0,0.9,1.6461339374260482,0.21169417919573663,2.2913546580209387,2.2913546580209387,2.062219192218845,2.736295531333339,24944.603349079152,30717.42058706192,27716.22594342128,24944.603349079152,52914.7126406678,30306.893967672397,72237.59078260604,155459.19739094624,2.2913546580209387,230.45875123964674,1380.2999999999997,1610.7587512396465,1436.2598594199653,488.8696134678456,280.0,667.3902459521198,52914.7126406678,30306.893967672397,72237.59078260604,155459.19739094624,34.037685469067966,19.495079401096557,46.46723512983547,89.1666649841023,14.307465414189725,85.69253458581028,678.0,3.4475493140907822,2450.2454545454543,39.32320194992893,4.103332442884019,49.0,0.0,65.0,9.0
BG.3.Ka,R116,BG.3.Ka,Tersier,FL,Jan,Jan,True,8.0,SS Situ Bagendit,0,382.3173566444208,0.3823173566444208,0.0,0.0,0.0,0.0,SS Situ Bagendit,,0.0,0.9,1.6461339374260482,0.21169417919573663,0.0,0.0,0.0,0.0,0.0,0.0,0.0,0.0,0.0,0.0,0.0,0.0,0.0,230.45875123964674,1380.2999999999997,1610.7587512396465,1436.2598594199653,488.8696134678456,280.0,667.3902459521198,0.0,0.0,0.0,0.0,,,,89.1666649841023,14.307465414189725,85.69253458581028,678.0,3.4475493140907822,2450.2454545454543,39.32320194992893,4.103332442884019,49.0,0.0,65.0,9.0
BG.3M,R117,BG.3M,Tersier,FL,Jan,Jan,True,8.0,SS Situ Bagendit,0,572.5842070056942,0.5725842070056942,45.32687609232251,453268.7609232251,45.32687609232251,0.0,SS Situ Bagendit,,0.0,0.9,1.6461339374260482,0.21169417919573663,9.595435829871072,9.595435829871072,8.635892246883964,16.758121709381424,104459.75261830844,128634.4028282765,116066.39179812049,104459.75261830844,221589.32394958637,126915.25305850302,302507.1498349638,651011.7268430532,9.595435829871072,230.45875123964674,1380.2999999999997,1610.7587512396465,1436.2598594199653,488.8696134678456,280.0,667.3902459521198,221589.32394958637,126915.25305850302,302507.1498349638,651011.7268430532,34.037685469067966,19.49507940109655,46.46723512983547,89.1666649841023,14.307465414189725,85.69253458581028,678.0,3.4475493140907822,2450.2454545454543,39.32320194992893,4.103332442884019,49.0,0.0,65.0,9.0
RU.2.Ki,R118,RU.2.Ki,Tersier,FL,Jan,Jan,True,8.0,SS Ranca Ucing,0,485.787667367498,0.485787667367498,8.322833691206755,83228.33691206755,8.322833691206755,0.0,SS Ranca Ucing,,0.0,0.9,1.6461249160743554,0.21169301904248397,1.7618857910800587,1.7618857910800587,1.585697211972053,3.6268639766583317,19180.593476013953,23624.903100532643,21311.77052890439,19180.593476013953,40729.50661026906,23303.93433537891,55531.17214449782,119564.6130901458,1.7618857910800587,230.45748825040977,1380.2999999999997,1610.7574882504096,1436.5853929830205,489.37066534563365,280.0,667.2147276373868,40729.50661026906,23303.93433537891,55531.17214449782,119564.6130901458,34.06485042490041,19.490661771145362,46.444487803954225,89.18694486675501,14.307398222977106,85.69260177702289,673.0,3.456168621062794,2450.2454545454543,39.3151522647141,4.08754561651607,49.0,0.0,65.0,9.0
RU.4M.b,R119,RU.4M.b,Tersier,FL,Jan,Jan,True,8.0,SS Ranca Ucing,0,614.2894426532777,0.6142894426532777,27.580393374653635,275803.9337465364,27.580393374653635,0.0,SS Ranca Ucing,,0.0,0.9,1.6461249160743554,0.21169301904248397,5.83857673985975,5.83857673985975,5.2547190658737755,9.504602121503833,63561.081820809195,78288.73495804399,70623.42424534354,63561.081820809195,134970.35456248556,77225.10144903017,184020.4465360151,396215.90254753083,5.83857673985975,230.45748825040977,1380.2999999999997,1610.7574882504096,1436.5853929830205,489.37066534563365,280.0,667.2147276373868,134970.35456248556,77225.10144903017,184020.4465360151,396215.90254753083,34.06485042490041,19.490661771145366,46.444487803954225,89.18694486675501,14.307398222977106,85.69260177702289,673.0,3.456168621062794,2450.2454545454543,39.3151522647141,4.08754561651607,49.0,0.0,65.0,9.0
RU.4M.a,R120,RU.4M.a,Tersier,FL,Jan,Jan,True,8.0,SS Ranca Ucing,0,368.56223734703013,0.36856223734703014,13.768971780012924,137689.71780012923,13.768971780012924,0.0,SS Ranca Ucing,,0.0,0.9,1.6461249160743554,0.21169301904248397,2.9147952052217003,2.9147952052217003,2.6233156846995302,7.908556303008311,31731.62652212552,39084.11920334897,35257.36280236169,31731.62652212552,67381.30881110179,38553.120984036184,91868.60756048188,197803.03735561983,2.9147952052217003,230.45748825040977,1380.2999999999997,1610.7574882504096,1436.5853929830205,489.37066534563365,280.0,667.2147276373868,67381.30881110179,38553.120984036184,91868.60756048188,197803.03735561983,34.06485042490041,19.49066177114537,46.444487803954225,89.18694486675501,14.307398222977106,85.69260177702289,673.0,3.456168621062794,2450.2454545454543,39.3151522647141,4.08754561651607,49.0,0.0,65.0,9.0
CN.3.Ki,R121,CN.3.Ki,Tersier,FL,Jan,Jan,True,6.0,SS Cinanti,2,2135.2800654105818,2.1352800654105817,73.91397220331676,739139.7220331676,81.732693009036,-7.818720805719238,SS Cinanti,,0.0,0.9,1.646004267382483,0.21167750352140985,15.645925111348973,1.655047300885556,14.081332600214076,7.327340972642154,170327.79913218945,209965.02381730243,189253.11014687715,188345.30606854998,401375.0183905528,228851.5404253008,544555.5690389986,1174782.127854852,17.300972412234525,230.44059743354762,1380.2999999999997,1610.7405974335475,1437.3466535905936,491.08258105012953,280.0,666.2640725404642,362978.64245272323,206959.12216928694,492462.24137824494,1062400.0060002552,34.1659111824813,19.480338949587434,46.35374986793125,89.23514164110416,14.306499618915495,85.6935003810845,639.0,3.472911796144928,2450.2454545454543,39.28388684064618,4.042413973507068,49.0,0.0,65.0,9.0
CN.4.Ki,R122,CN.4.Ki,Tersier,FL,Jan,Jan,True,6.0,SS Cinanti,0,128.85898531165495,0.12885898531165496,14.888784391369486,148887.84391369484,14.888784391369486,0.0,SS Cinanti,,0.0,0.9,1.646004267382483,0.21167750352140985,3.151620710433626,3.151620710433626,2.8364586393902633,24.457904140803212,34309.80370206463,42294.08697919086,38122.00411340514,34309.80370206463,73116.22667612608,41688.59629583456,99198.6212377073,214003.44420966794,3.151620710433626,230.44059743354762,1380.2999999999997,1610.7405974335475,1437.3466535905936,491.08258105012953,280.0,666.2640725404642,73116.22667612608,41688.59629583456,99198.6212377073,214003.44420966794,34.16591118248131,19.480338949587434,46.353749867931256,89.23514164110416,14.306499618915495,85.6935003810845,639.0,3.472911796144928,2450.2454545454543,39.28388684064618,4.042413973507068,49.0,0.0,65.0,9.0
CN.6.Ki,R123,CN.6.Ki,Tersier,FL,Jan,Jan,True,6.0,SS Cinanti,0,601.9161667093609,0.601916166709361,30.171216247367028,301712.16247367027,30.171216247367028,0.0,SS Cinanti,,0.0,0.9,1.646004267382483,0.21167750352140985,6.386567733447252,6.386567733447252,5.7479109601025264,10.610394082555098,69526.73097340016,85706.39554521375,77251.92330377795,69526.73097340016,148165.58748178603,84479.40549262769,201019.9741046978,433664.9670791115,6.386567733447252,230.44059743354762,1380.2999999999997,1610.7405974335475,1437.3466535905936,491.08258105012953,280.0,666.2640725404642,148165.58748178603,84479.40549262769,201019.9741046978,433664.9670791115,34.16591118248131,19.480338949587438,46.353749867931256,89.23514164110416,14.306499618915495,85.6935003810845,639.0,3.472911796144928,2450.2454545454543,39.28388684064618,4.042413973507068,49.0,0.0,65.0,9.0
CN.6M,R124,CN.6M,Tersier,FL,Jan,Jan,True,4.0,SS Cikukuk,31,767.4403743738087,0.7674403743738087,608.6235930062672,6086235.930062672,29.127792938608238,579.495800067659,SS Cikukuk,,0.0,0.9,1.592333306176144,0.204775373736644,128.65605314581165,128.65605314581165,115.79044783123048,167.64306054498147,1400601.2569665643,1728355.0082548328,1556223.618851738,64933.61676416747,143028.51474758185,81557.82022810307,195769.20932110783,420355.54429679277,5.964654685127082,222.92666286466016,1395.0,1617.92666286466,1443.142448804011,491.0379411479569,280.0,672.1045076560542,2984534.2825753535,1704146.0604175483,4059058.749389075,8747739.092381977,34.11777890328775,19.480988657990665,46.401232438721586,89.19702492873316,13.778539409811806,86.2214605901882,637.0,3.4839397313562173,2402.2727272727275,39.28438932302264,4.043995821618535,49.0,0.0,65.0,9.0
SB.4.Ki,R125,SB.4.Ki,Tersier,FL,Jan,Jan,True,8.0,SS Sawah Bera,0,412.7047023358941,0.4127047023358941,34.30484333036537,343048.4333036537,34.30484333036537,0.0,SS Parigi,,0.0,0.9,1.646752421161882,0.21177371671320497,7.264864173335675,7.264864173335675,6.538377756002108,17.603056452269136,79088.2173366015,97426.3357343935,87875.79704066833,79088.2173366015,168295.96760652802,96053.56132502304,228657.9160292134,493007.44496076443,7.264864173335675,230.5453389626635,1380.2999999999997,1610.8453389626632,1437.1365588612748,490.5895240091614,280.0,666.5470348521135,168295.96760652802,96053.56132502304,228657.9160292134,493007.44496076443,34.136597596395674,19.48318677675697,46.38021562684737,89.21629681635036,14.312071642528256,85.68792835747175,645.0,3.46592154238302,2450.2454545454543,39.29157790410792,4.0585020723264655,49.0,0.0,65.0,9.0
Saluran Cikananga,R126,Saluran Cikananga,Tersier,FL,Jan,Jan,True,7.0,SS Parigi,0,3812.4881699680636,3.8124881699680637,48.89854188072039,488985.4188072039,48.89854188072039,0.0,SS Parigi,,0.0,0.9,1.646752421161882,0.21177371671320497,10.355425955936468,10.355425955936468,9.319883360342821,2.7161857281312463,112733.3091267068,138872.68664411726,125259.23236300754,112733.3091267068,239891.12386004656,136915.9172660171,325931.7809918606,702738.8221179242,10.355425955936468,230.5453389626635,1380.2999999999997,1610.8453389626632,1437.1365588612748,490.5895240091614,280.0,666.5470348521135,239891.12386004656,136915.9172660171,325931.7809918606,702738.8221179242,34.13659759639567,19.48318677675697,46.38021562684737,89.21629681635036,14.312071642528256,85.68792835747175,645.0,3.46592154238302,2450.2454545454543,39.29157790410792,4.0585020723264655,49.0,0.0,65.0,9.0
CTL.10.Ki,R127,CTL.10.Ki,Tersier,FL,Jan,Jan,True,7.0,SS Citikey Kiri,0,564.7341725567285,0.5647341725567285,24.226763141842568,242267.63141842568,24.226763141842568,0.0,SS Citikey Kiri,,0.0,0.9,1.8926495847875262,0.24339629433995963,5.896704372576399,5.896704372576399,5.307033935318759,10.441557566598407,64193.88248161572,71484.18314523455,71326.53609068414,64193.88248161572,120832.42313200777,67834.93679715919,139240.3340027373,327907.6939319043,5.896704372576399,264.9709418702537,1315.3000000000002,1580.2709418702539,1353.493621958799,498.7559519386041,280.0,574.7376700201947,120832.42313200777,67834.93679715919,139240.3340027373,327907.6939319043,36.84952362145572,20.687204982523614,42.463271396020666,85.64946592999657,16.767437459595378,83.23256254040463,578.0,3.5899567696444357,2307.909090909091,38.16758412927206,5.942095965422798,54.0,0.0,59.0,9.0
SI Copong,R128,SI Copong,Primer,FL,Jan,Jan,True,0.0,,808,4163.067551000023,4.163067551000023,4243.79125526843,42437912.5526843,0.0,4243.79125526843,SI Copong,,0.0,0.6480000000000001,1.6458180310540038,0.2939632685781756,1272.4164433306692,1272.4164433306692,824.5258552782738,305.64395790911874,9973464.745446,11893784.974802775,15391149.298527775,0.0,0.0,0.0,0.0,0.0,0.0,230.41452434756053,1380.2999999999997,1610.7145243475602,1436.0036292358486,488.47599152980683,280.0,667.5276377060418,20807544.61973846,11882615.514751606,29355564.746900305,62045724.88139037,33.53582323280963,19.15138478511935,47.31279198207102,89.15320545815028,14.305112474284838,85.69488752571516,688.0,3.4511695815177803,2450.2454545454543,39.33160121992347,4.1102700676281865,49.0,0.0,65.0,9.0
SI Copong Kiri,R129,SI Copong Kiri,Primer,FL,Jan,Jan,True,1.0,SI Copong,94,1911.4737366385025,1.9114737366385024,1404.824446880628,14048244.468806282,0.0,1404.824446880628,SI Copong Kiri,,0.0,0.6480000000000001,1.6463274043837288,0.2940542488968422,432.15409107759376,432.15409107759376,280.0358510182808,226.08424211863638,3387313.6539171245,4039436.538715145,5227335.8856745735,0.0,0.0,0.0,0.0,0.0,0.0,230.48583661372203,1380.2999999999997,1610.7858366137218,1436.3771131891754,489.2860013944935,280.0,667.0911117946819,6922853.330556803,3933508.4512657593,8952425.612021605,19808787.393844165,34.94839534048495,19.8573914347132,45.19421322480187,89.17244493587071,14.308906334703153,85.69109366529685,674.0,3.4576232292725995,2450.2454545454543,39.31596843461935,4.0869130484772365,49.0,0.0,65.0,9.0
SS Cikukuk,R130,SS Cikukuk,Sekunder,FL,Jan,Jan,True,3.0,SS Ciduga,34,2344.537506225029,2.3445375062250293,702.3824774172558,7023824.774172558,0.0,702.3824774172558,SS Cikukuk,,0.0,0.81,1.592333306176144,0.22752819304071556,164.2839597135585,164.2839597135585,133.07000736798238,70.07094545400311,1609614.8091231154,1994686.4408173882,1987178.776695204,0.0,0.0,0.0,0.0,0.0,0.0,222.92666286466016,1395.0,1617.92666286466,1443.142448804011,491.0379411479569,280.0,672.1045076560542,3444925.9782303646,1966670.9367683164,4689216.437843359,10100813.35284204,34.105431492416145,19.47042152021311,46.42414698737073,89.19702492873316,13.778539409811806,86.2214605901882,637.0,3.4839397313562173,2402.2727272727275,39.28438932302264,4.043995821618535,49.0,0.0,65.0,9.0
C.1.Ki,R131,C.1.Ki,Tersier,FL,Jan,Jan,True,4.0,SS Cikukuk,0,486.2666969357943,0.4862666969357943,70.6276186213405,706276.186213405,70.6276186213405,0.0,SS Cikukuk,,0.0,0.9,1.592333306176144,0.204775373736644,14.462796999314158,14.462796999314158,13.016517299382743,29.742520083014853,157447.7932533337,200624.77240502296,174941.9925037041,157447.7932533337,346808.4043600614,197757.33213975342,474691.4084041562,1019257.144903971,14.462796999314158,222.92666286466016,1395.0,1617.92666286466,1443.142448804011,491.0379411479569,280.0,672.1045076560542,346808.4043600614,197757.33213975342,474691.4084041562,1019257.144903971,34.02560444084361,19.402104084184277,46.57229147497211,89.19702492873316,13.778539409811806,86.2214605901882,637.0,3.4839397313562173,2402.2727272727275,39.28438932302264,4.043995821618535,49.0,0.0,65.0,9.0
Suplesi Cibuyutan Selatan,R132,Suplesi Cibuyutan Selatan,Suplesi,FL,Jan,Jan,True,2.0,SI Copong Kiri,1,5225.358395531983,5.225358395531983,9.971291159538678,99712.91159538679,0.0,9.971291159538678,Suplesi Cibuyutan Selatan,,0.0,0.6480000000000001,1.6457185909167922,0.2939455073511073,2.931016238836208,0.0,1.8992985227658632,0.5609215707275534,22973.914931375883,28319.24447845725,35453.572424962775,0.0,0.0,0.0,0.0,0.0,0.0,230.40060272835092,1380.2999999999997,1610.7006027283505,1437.1243703620044,490.6505452453594,280.0,666.473825116645,48924.19444227885,27919.6152467083,66456.04560449529,143299.85529348243,34.141133179849085,19.483352017019197,46.37551480313173,89.22355699921344,14.304371795607299,85.6956282043927,648.0,3.4696337402519206,2450.2454545454543,39.290644521395215,4.057067733740653,49.0,0.0,65.0,9.0
SS Ciduga,R133,SS Ciduga,Sekunder,FL,Jan,Jan,True,2.0,SI Copong Kiri,87,9725.387326466003,9.725387326466004,1348.31906243264,13483190.6243264,0.0,1348.31906243264,SS Ciduga,,0.0,0.81,1.6459824744990936,0.23519411215407712,332.4316215909816,332.4316215909816,269.2696134886951,34.18183877225382,3257085.244759256,3879033.250899654,4021092.8947645132,0.0,0.0,0.0,0.0,0.0,0.0,230.43754642987312,1380.2999999999997,1610.737546429873,1437.5665994162782,491.5698655870293,280.0,665.996733829249,6646244.331778287,3775293.3748113923,8575544.766135618,18997082.4727253,34.985605507164095,19.873016713127917,45.14137777970799,89.2489656432595,14.306337301233683,85.6936626987663,634.0,3.476017790438906,2450.2454545454543,39.27384603315502,4.033230268891777,49.0,0.0,65.0,9.0
CD.1.Ki,R134,CD.1.Ki,Tersier,FL,Jan,Jan,True,2.0,SI Copong Kiri,0,820.3173896387116,0.8203173896387116,25.12278066127375,251227.8066127375,25.12278066127375,0.0,SI Copong Kiri,,0.0,0.9,1.6463274043837288,0.21171905920572642,5.318971486236697,5.318971486236697,4.787074337613027,6.484040876640815,57904.451187767176,71309.40381799896,64338.27909751908,57904.451187767176,122922.24893665544,70343.7858515665,167591.83682703038,360857.87161525234,5.318971486236697,230.48583661372203,1380.2999999999997,1610.7858366137218,1436.3771131891754,489.2860013944935,280.0,667.0911117946819,122922.24893665544,70343.7858515665,167591.83682703038,360857.87161525234,34.063895679048805,19.49348798647442,46.44261633447676,89.17244493587071,14.308906334703153,85.69109366529685,674.0,3.4576232292725995,2450.2454545454543,39.31596843461935,4.0869130484772365,49.0,0.0,65.0,9.0
CD.2.Ka.1,R135,CD.2.Ka.1,Tersier,FL,Jan,Jan,True,3.0,SS Ciduga,1,340.64195563893605,0.34064195563893607,26.864880721242095,268648.807212421,12.618155842993799,14.246724878248296,SS Ciduga,,0.0,0.9,1.6459824744990936,0.21167470093866944,5.686615592421946,5.686615592421946,5.1179540331797515,16.693820295141453,61906.77198534229,76328.07032075452,68785.30220593588,29076.968729292585,62027.05171696651,35330.83636038264,84036.50578382325,181394.39386117237,2.6709443644632365,230.43754642987312,1380.2999999999997,1610.737546429873,1437.5665994162782,491.5698655870293,280.0,665.996733829249,132059.65805152553,75221.66601947788,178919.22815059597,386200.5522215994,34.19458032668751,19.477358482987402,46.328061190325094,89.2489656432595,14.306337301233683,85.6936626987663,634.0,3.476017790438906,2450.2454545454543,39.27384603315502,4.033230268891777,49.0,0.0,65.0,9.0
CD.2.Ka.2,R136,CD.2.Ka.2,Tersier,FL,Jan,Jan,True,4.0,CD.2.Ka.1,0,338.89579906735804,0.33889579906735806,14.246724878248298,142467.248782483,14.246724878248298,0.0,SS Ciduga,,0.0,0.9,1.6459824744990936,0.21167470093866944,3.0156712279587095,3.0156712279587095,2.7141041051628387,8.898520537161696,32829.8032560497,40477.56733524414,36477.55917338856,32829.8032560497,70032.60633455902,39890.82965909524,94882.72236677272,204806.15836042698,3.0156712279587095,230.43754642987312,1380.2999999999997,1610.737546429873,1437.5665994162782,491.5698655870293,280.0,665.996733829249,70032.60633455902,39890.82965909524,94882.72236677272,204806.15836042698,34.19458032668751,19.477358482987402,46.328061190325094,89.2489656432595,14.306337301233683,85.6936626987663,634.0,3.476017790438906,2450.2454545454543,39.27384603315502,4.033230268891777,49.0,0.0,65.0,9.0
CD.3.Ki,R137,CD.3.Ki,Tersier,FL,Jan,Jan,True,3.0,SS Ciduga,0,360.82139060191946,0.3608213906019195,42.74017463474494,427401.74634744937,42.74017463474494,0.0,SS Ciduga,,0.0,0.9,1.6459824744990936,0.21167470093866944,9.047013683876138,9.047013683876138,8.142312315488525,25.073385113848097,98489.40976814921,121432.70200573254,109432.67752016579,98489.40976814921,210097.8190036773,119672.48897728583,284648.1671003185,614418.4750812816,9.047013683876138,230.43754642987312,1380.2999999999997,1610.737546429873,1437.5665994162782,491.5698655870293,280.0,665.996733829249,210097.8190036773,119672.48897728583,284648.1671003185,614418.4750812816,34.19458032668751,19.4773584829874,46.328061190325094,89.2489656432595,14.306337301233683,85.6936626987663,634.0,3.476017790438906,2450.2454545454543,39.27384603315502,4.033230268891777,49.0,0.0,65.0,9.0
CD.4.Ki.1,R138,CD.4.Ki.1,Tersier,FL,Jan,Jan,True,3.0,SS Ciduga,0,386.22400620556,0.38622400620555997,14.066339402513107,140663.39402513107,14.066339402513107,0.0,SS Ciduga,,0.0,0.9,1.6459824744990936,0.21167470093866944,2.9774881863287836,2.9774881863287836,2.6797393676959054,7.7092260928598915,32414.127391649676,39965.05900067811,36015.69710183297,32414.127391649676,69145.88569394902,39385.7503270367,93681.360990074,202212.99701105972,2.9774881863287836,230.43754642987312,1380.2999999999997,1610.737546429873,1437.5665994162782,491.5698655870293,280.0,665.996733829249,69145.88569394902,39385.7503270367,93681.360990074,202212.99701105972,34.19458032668751,19.477358482987402,46.328061190325094,89.2489656432595,14.306337301233683,85.6936626987663,634.0,3.476017790438906,2450.2454545454543,39.27384603315502,4.033230268891777,49.0,0.0,65.0,9.0
SS Ciseureuh,R139,SS Ciseureuh,Sekunder,FL,Jan,Jan,True,3.0,SS Ciduga,3,2502.502857827857,2.502502857827857,56.50209489707237,565020.9489707237,0.0,56.50209489707237,SS Ciseureuh,,0.0,0.81,1.9098189323334087,0.27289365173945596,15.41906300739136,15.41906300739136,12.489441035987003,6.161456702900601,151072.27877129876,166538.14614203537,186508.98613740588,0.0,0.0,0.0,0.0,0.0,0.0,267.3746505266772,1315.3000000000002,1582.6746505266774,1351.4371934070737,494.53267489173777,280.0,576.9045185153359,279421.3212643601,158205.86571180262,325963.13851703354,763590.3254931963,36.593093434478014,20.71868388453178,42.68822268099021,85.38945088665866,16.893848046261507,83.1061519537385,641.0,3.5572069623064433,2307.909090909091,38.23100485849394,6.0601164272994845,54.0,0.0,59.0,9.0
SS Leuwigoong,R140,SS Leuwigoong,Sekunder,FL,Jan,Jan,True,3.0,SS Ciduga,40,3835.128228492411,3.835128228492411,402.8485653687155,4028485.6536871553,0.0,402.8485653687155,SS Leuwigoong,,0.0,0.81,1.888118909987903,0.2697929398130862,108.84468795810297,108.84468795810297,88.16419724606341,28.380977498864443,1066434.1298883827,1187683.7125984875,1316585.3455412132,0.0,0.0,0.0,0.0,0.0,0.0,264.3366473983064,1315.3000000000002,1579.6366473983066,1352.1480864072892,495.89375269725184,280.0,576.2543337100374,2004696.8527876562,1127975.9830324037,2317709.025157813,5450381.860977873,36.780851395758646,20.695356982382688,42.523791621858656,85.59867793864521,16.73401587850435,83.26598412149565,617.0,3.567865243274294,2307.909090909091,38.211293308428125,6.026298264019325,54.0,0.0,59.0,9.0
LG.6.Ki,R141,LG.6.Ki,Tersier,FL,Jan,Jan,True,4.0,SS Leuwigoong,0,385.8503004792233,0.38585030047922325,7.0627618621340424,70627.61862134043,7.0627618621340424,0.0,SS Leuwigoong,,0.0,0.9,1.888118909987903,0.2428136458317776,1.7149349573864014,1.7149349573864014,1.5434414616477614,4.444560378096026,18669.467920091323,20796.327886491286,20743.853244545913,18669.467920091323,35023.79484220681,19775.73321397532,40699.47131016715,95498.99936634928,1.7149349573864014,264.3366473983064,1315.3000000000002,1579.6366473983066,1352.1480864072892,495.89375269725184,280.0,576.2543337100374,35023.79484220681,19775.73321397532,40699.47131016715,95498.99936634928,36.674514994497464,20.707791018953483,42.61769398654905,85.59867793864521,16.73401587850435,83.26598412149565,617.0,3.567865243274294,2307.909090909091,38.211293308428125,6.026298264019325,54.0,0.0,59.0,9.0
LG.7.Ka,R142,LG.7.Ka,Tersier,FL,Jan,Jan,True,4.0,SS Leuwigoong,0,159.2558430890554,0.15925584308905538,1.4100969796591263,14100.969796591262,1.4100969796591263,0.0,SS Leuwigoong,,0.0,0.9,1.888118909987903,0.2428136458317776,0.3423907886074104,0.3423907886074104,0.3081517097466694,2.1499417664439884,3727.403081095713,4152.035664399649,4141.558978995236,3727.403081095713,6992.582829102246,3948.2715430455532,8125.744954800059,19066.599326947857,0.3423907886074104,264.3366473983064,1315.3000000000002,1579.6366473983066,1352.1480864072892,495.89375269725184,280.0,576.2543337100374,6992.582829102246,3948.2715430455532,8125.744954800059,19066.599326947857,36.67451499449747,20.707791018953483,42.61769398654905,85.59867793864521,16.73401587850435,83.26598412149565,617.0,3.567865243274294,2307.909090909091,38.211293308428125,6.026298264019325,54.0,0.0,59.0,9.0
LG.7.Ki,R143,LG.7.Ki,Tersier,FL,Jan,Jan,True,4.0,SS Leuwigoong,0,31.262933359678254,0.03126293335967825,1.0089659803048634,10089.659803048635,1.0089659803048634,0.0,SS Leuwigoong,,0.0,0.9,1.888118909987903,0.2428136458317776,0.2449907081980574,0.2449907081980574,0.22049163737825167,7.836459406398414,2667.0668457273323,2970.90398378447,2963.4076063637026,2667.0668457273323,5003.399263172402,2825.1047448536174,5814.210187166737,13642.714195192757,0.2449907081980574,264.3366473983064,1315.3000000000002,1579.6366473983066,1352.1480864072892,495.89375269725184,280.0,576.2543337100374,5003.399263172402,2825.1047448536174,5814.210187166737,13642.714195192757,36.67451499449747,20.70779101895348,42.61769398654905,85.59867793864521,16.73401587850435,83.26598412149565,617.0,3.567865243274294,2307.909090909091,38.211293308428125,6.026298264019325,54.0,0.0,59.0,9.0
LG.8.Ki,R144,LG.8.Ki,Tersier,FL,Jan,Jan,True,4.0,SS Leuwigoong,0,169.1068639749203,0.16910686397492028,15.134489704572946,151344.89704572945,15.134489704572946,0.0,SS Leuwigoong,,0.0,0.9,1.888118909987903,0.2428136458317776,3.6748606229708596,3.6748606229708596,3.307374560673774,21.730996226834808,40006.002685909974,44563.55975676703,44451.11409545552,40006.002685909974,75050.988947586,42376.57117280425,87213.15280750103,204640.7129278913,3.6748606229708596,264.3366473983064,1315.3000000000002,1579.6366473983066,1352.1480864072892,495.89375269725184,280.0,576.2543337100374,75050.988947586,42376.57117280425,87213.15280750103,204640.7129278913,36.674514994497464,20.707791018953486,42.61769398654905,85.59867793864521,16.73401587850435,83.26598412149565,617.0,3.567865243274294,2307.909090909091,38.211293308428125,6.026298264019325,54.0,0.0,59.0,9.0
LG.9.Ka,R145,LG.9.Ka,Tersier,FL,Jan,Jan,True,4.0,SS Leuwigoong,0,1155.5311703047062,1.1555311703047062,19.13990481417347,191399.0481417347,19.13990481417347,0.0,SS Leuwigoong,,0.0,0.9,1.888118909987903,0.2428136458317776,4.6474300688026515,4.6474300688026515,4.182687061922387,4.02189935523518,50593.782701013195,56357.51905579826,56215.31411223688,50593.782701013195,94913.59224568677,53591.73347968572,110294.5309596507,258799.85668502317,4.6474300688026515,264.3366473983064,1315.3000000000002,1579.6366473983066,1352.1480864072892,495.89375269725184,280.0,576.2543337100374,94913.59224568677,53591.73347968572,110294.5309596507,258799.85668502317,36.67451499449746,20.707791018953486,42.61769398654906,85.59867793864521,16.73401587850435,83.26598412149565,617.0,3.567865243274294,2307.909090909091,38.211293308428125,6.026298264019325,54.0,0.0,59.0,9.0
LG.10.Ki,R146,LG.10.Ki,Tersier,FL,Jan,Jan,True,4.0,SS Leuwigoong,0,37.73769558888071,0.03773769558888071,1.0089659803048634,10089.659803048635,1.0089659803048634,0.0,SS Leuwigoong,,0.0,0.9,1.888118909987903,0.2428136458317776,0.2449907081980574,0.0,0.22049163737825167,6.4919360966556505,2667.0668457273323,2970.90398378447,2963.4076063637026,2667.0668457273323,5003.399263172402,2825.1047448536174,5814.210187166737,13642.714195192757,0.2449907081980574,264.3366473983064,1315.3000000000002,1579.6366473983066,1352.1480864072892,495.89375269725184,280.0,576.2543337100374,5003.399263172402,2825.1047448536174,5814.210187166737,13642.714195192757,36.67451499449747,20.70779101895348,42.61769398654905,85.59867793864521,16.73401587850435,83.26598412149565,617.0,3.567865243274294,2307.909090909091,38.211293308428125,6.026298264019325,54.0,0.0,59.0,9.0
LG.11.Ki,R147,LG.11.Ki,Tersier,FL,Jan,Jan,True,4.0,SS Leuwigoong,0,77.41387214969092,0.07741387214969092,1.0089659803048634,10089.659803048635,1.0089659803048634,0.0,SS Leuwigoong,,0.0,0.9,1.888118909987903,0.2428136458317776,0.2449907081980574,0.2449907081980574,0.22049163737825167,3.164687431269843,2667.0668457273323,2970.90398378447,2963.4076063637026,2667.0668457273323,5003.399263172402,2825.1047448536174,5814.210187166737,13642.714195192757,0.2449907081980574,264.3366473983064,1315.3000000000002,1579.6366473983066,1352.1480864072892,495.89375269725184,280.0,576.2543337100374,5003.399263172402,2825.1047448536174,5814.210187166737,13642.714195192757,36.67451499449747,20.70779101895348,42.61769398654905,85.59867793864521,16.73401587850435,83.26598412149565,617.0,3.567865243274294,2307.909090909091,38.211293308428125,6.026298264019325,54.0,0.0,59.0,9.0
LG.12.Ki,R148,LG.12.Ki,Tersier,FL,Jan,Jan,True,4.0,SS Leuwigoong,0,681.065253047774,0.681065253047774,33.29587735006051,332958.7735006051,33.29587735006051,0.0,SS Leuwigoong,,0.0,0.9,1.888118909987903,0.2428136458317776,8.084693370535899,8.084693370535899,7.2762240334823085,11.870658992448687,88013.205909002,98039.83146488754,97792.45101000223,88013.205909002,165112.17568468937,93228.45658016943,191868.93617650244,450209.56844136125,8.084693370535899,264.3366473983064,1315.3000000000002,1579.6366473983066,1352.1480864072892,495.89375269725184,280.0,576.2543337100374,165112.17568468937,93228.45658016943,191868.93617650244,450209.56844136125,36.67451499449747,20.70779101895348,42.61769398654905,85.59867793864521,16.73401587850435,83.26598412149565,617.0,3.567865243274294,2307.909090909091,38.211293308428125,6.026298264019325,54.0,0.0,59.0,9.0
LG.13.Ki,R149,LG.13.Ki,Tersier,FL,Jan,Jan,True,4.0,SS Leuwigoong,0,599.249135283751,0.599249135283751,11.098625783353494,110986.25783353494,11.098625783353494,0.0,SS Leuwigoong,,0.0,0.9,1.888118909987903,0.2428136458317776,2.694897790178631,2.694897790178631,2.425408011160768,4.49712420344598,29337.73530300065,32679.94382162916,32597.48367000072,29337.73530300065,55037.39189489641,31076.152193389786,63956.31205883409,150069.8561471203,2.694897790178631,264.3366473983064,1315.3000000000002,1579.6366473983066,1352.1480864072892,495.89375269725184,280.0,576.2543337100374,55037.39189489641,31076.152193389786,63956.31205883409,150069.8561471203,36.674514994497464,20.707791018953483,42.61769398654904,85.59867793864521,16.73401587850435,83.26598412149565,617.0,3.567865243274294,2307.909090909091,38.211293308428125,6.026298264019325,54.0,0.0,59.0,9.0
LG.14.Ki,R150,LG.14.Ki,Tersier,FL,Jan,Jan,True,4.0,SS Leuwigoong,0,55.24754186460183,0.05524754186460183,4.035863921219454,40358.63921219454,4.035863921219454,0.0,SS Leuwigoong,,0.0,0.9,1.888118909987903,0.2428136458317776,0.9799628327922296,0.9799628327922296,0.8819665495130067,17.737673020708833,10668.26738290933,11883.61593513788,11853.63042545481,10668.26738290933,20013.59705268961,11300.41897941447,23256.84074866695,54570.85678077103,0.9799628327922296,264.3366473983064,1315.3000000000002,1579.6366473983066,1352.1480864072892,495.89375269725184,280.0,576.2543337100374,20013.59705268961,11300.41897941447,23256.84074866695,54570.85678077103,36.67451499449747,20.70779101895348,42.61769398654905,85.59867793864521,16.73401587850435,83.26598412149565,617.0,3.567865243274294,2307.909090909091,38.211293308428125,6.026298264019325,54.0,0.0,59.0,9.0
LG.15.Ki,R151,LG.15.Ki,Tersier,FL,Jan,Jan,True,4.0,SS Leuwigoong,0,22.118249185569823,0.022118249185569823,4.035863921219454,40358.63921219454,4.035863921219454,0.0,SS Leuwigoong,,0.0,0.9,1.888118909987903,0.2428136458317776,0.9799628327922296,0.9799628327922296,0.8819665495130067,44.30562403789029,10668.26738290933,11883.61593513788,11853.63042545481,10668.26738290933,20013.59705268961,11300.41897941447,23256.84074866695,54570.85678077103,0.9799628327922296,264.3366473983064,1315.3000000000002,1579.6366473983066,1352.1480864072892,495.89375269725184,280.0,576.2543337100374,20013.59705268961,11300.41897941447,23256.84074866695,54570.85678077103,36.67451499449747,20.70779101895348,42.61769398654905,85.59867793864521,16.73401587850435,83.26598412149565,617.0,3.567865243274294,2307.909090909091,38.211293308428125,6.026298264019325,54.0,0.0,59.0,9.0
LG.15.M,R152,LG.15.M,Tersier,FL,Jan,Jan,True,4.0,SS Leuwigoong,0,293.21767258677704,0.29321767258677706,0.0,0.0,0.0,0.0,SS Leuwigoong,,0.0,0.9,1.888118909987903,0.2428136458317776,0.0,0.0,0.0,0.0,0.0,0.0,0.0,0.0,0.0,0.0,0.0,0.0,0.0,264.3366473983064,1315.3000000000002,1579.6366473983066,1352.1480864072892,495.89375269725184,280.0,576.2543337100374,0.0,0.0,0.0,0.0,,,,85.59867793864521,16.73401587850435,83.26598412149565,617.0,3.567865243274294,2307.909090909091,38.211293308428125,6.026298264019325,54.0,0.0,59.0,9.0
LG.15.M.Ki,R153,LG.15.M.Ki,Tersier,FL,Jan,Jan,True,4.0,SS Leuwigoong,0,385.4336267167364,0.3854336267167364,5.0448299015243165,50448.29901524317,5.0448299015243165,0.0,SS Leuwigoong,,0.0,0.9,1.888118909987903,0.2428136458317776,1.2249535409902867,1.2249535409902867,1.1024581868912582,3.1781179847354935,13335.33422863666,14854.519918922346,14817.03803181851,13335.33422863666,25016.99631586201,14125.523724268087,29071.050935833686,68213.57097596378,1.2249535409902867,264.3366473983064,1315.3000000000002,1579.6366473983066,1352.1480864072892,495.89375269725184,280.0,576.2543337100374,25016.99631586201,14125.523724268087,29071.050935833686,68213.57097596378,36.674514994497464,20.70779101895348,42.61769398654905,85.59867793864521,16.73401587850435,83.26598412149565,617.0,3.567865243274294,2307.909090909091,38.211293308428125,6.026298264019325,54.0,0.0,59.0,9.0
Suplesi Cicukanggantung,R154,Suplesi Cicukanggantung,Suplesi,FL,Jan,,True,5.0,SS Kawung Luwuk,18,2146.492843628349,2.146492843628349,247.09712221403117,2470971.2221403117,0.0,247.09712221403117,Suplesi Cicukanggantung,,,0.6480000000000001,,,83.50910336408047,0.0,54.11389897992416,38.904906490589504,654561.7220611626,728922.4788655487,1010126.1142919174,0.0,0.0,0.0,0.0,0.0,0.0,,,,,,,,1231615.4466056894,691871.9421992875,1420574.0796998616,3344061.4685048386,36.82992846289863,20.689570114529918,42.48050142257145,,,,,,,,,,,,
SS Kawung Luwuk,R155,SS Kawung Luwuk,Sekunder,FL,Jan,Jan,True,4.0,SS Leuwigoong,23,4342.617571470593,4.342617571470593,297.5454212292744,2975454.212292744,0.0,297.5454212292744,SS Kawung Luwuk,,0.0,0.81,1.8904446958611256,0.27012527089922345,80.43464312916197,80.43464312916197,65.1520609346212,18.522156695903437,788079.329065178,877618.2232403941,972937.4432903432,0.0,0.0,0.0,0.0,0.0,0.0,264.6622574205576,1315.3000000000002,1579.9622574205578,1352.802685891671,497.3204209023744,280.0,575.4822649892965,1482505.1396063853,833127.1794419684,1710895.0935213561,4026527.4125697096,36.81845391089137,20.690960077439804,42.49058601166883,85.62246848226951,16.751175933319097,83.24882406668091,597.0,3.578501841659981,2307.909090909091,38.189202092499336,5.978220916838503,54.0,0.0,59.0,9.0
SS Ranca Ucing,R156,SS Ranca Ucing,Sekunder,FL,Jan,Jan,True,7.0,SS Parigi,5,1454.8751443766025,1.4548751443766026,69.25537608853593,692553.7608853593,0.0,69.25537608853593,SS Ranca Ucing,,0.0,0.81,1.6461249160743554,0.23521446560275994,16.289866276783137,16.289866276783137,13.194791684194342,11.196745191329224,159604.20021201475,196585.87567491998,197042.22248396883,0.0,0.0,0.0,0.0,0.0,0.0,230.45748825040977,1380.2999999999997,1610.7574882504096,1436.5853929830205,489.37066534563365,280.0,667.2147276373868,338915.49475208914,193915.05304790058,462082.0689433728,994912.6167433625,34.06485042490041,19.490661771145366,46.444487803954225,89.18694486675501,14.307398222977106,85.69260177702289,673.0,3.456168621062794,2450.2454545454543,39.3151522647141,4.08754561651607,49.0,0.0,65.0,9.0
RU.1.Ka,R157,RU.1.Ka,Tersier,FL,Jan,Jan,True,8.0,SS Ranca Ucing,0,581.1024695311257,0.5811024695311258,7.270715667074319,72707.15667074319,7.270715667074319,0.0,SS Ranca Ucing,,0.0,0.9,1.6461249160743554,0.21169301904248397,1.5391597501624505,1.5391597501624505,1.3852437751462054,2.6486890537642225,16755.9087041685,20638.397867739906,18617.676337965,16755.9087041685,35580.74963535082,20358.003867808096,48511.28573535873,104450.03923851764,1.5391597501624505,230.45748825040977,1380.2999999999997,1610.7574882504096,1436.5853929830205,489.37066534563365,280.0,667.2147276373868,35580.74963535082,20358.003867808096,48511.28573535873,104450.03923851764,34.064850424900406,19.49066177114537,46.44448780395423,89.18694486675501,14.307398222977106,85.69260177702289,673.0,3.456168621062794,2450.2454545454543,39.3151522647141,4.08754561651607,49.0,0.0,65.0,9.0
SS Citikey Kanan,R158,SS Citikey Kanan,Sekunder,FL,Jan,Jan,True,6.0,Suplesi Cicukanggantung,8,2410.672466978415,2.410672466978415,76.68139002731057,766813.9002731057,0.0,76.68139002731057,SS Citikey Kanan,,0.0,0.81,1.891030175254264,0.27020892993459417,20.719996345176853,20.719996345176853,16.78319703959325,8.595110546538788,203009.55139092,226088.9249507491,250629.07579125927,0.0,0.0,0.0,0.0,0.0,0.0,264.74422453559697,1315.3000000000002,1580.044224535597,1352.9950385271786,497.7176850194544,280.0,575.2773535077243,381656.839284669,214707.89207646967,441130.67118204845,1037495.4025431871,36.786364387651545,20.694828290338585,42.51880732200988,85.63020056763587,16.75549458834989,83.24450541165012,587.0,3.5825338729522938,2307.909090909091,38.18321480842561,5.972134369884125,54.0,0.0,59.0,9.0
SS Parigi,R159,SS Parigi,Sekunder,FL,Jan,Jan,True,6.0,SS Cinanti,19,3432.47831684157,3.43247831684157,392.6538813570186,3926538.8135701856,0.0,392.6538813570186,SS Parigi,,0.0,0.81,1.646752421161882,0.23530412968133885,92.37907506096222,92.37907506096222,74.8270507993794,26.91322902396825,905108.0064692936,1114858.8373415107,1117417.2919373994,0.0,0.0,0.0,0.0,0.0,0.0,230.5453389626635,1380.2999999999997,1610.8453389626632,1437.1365588612748,490.5895240091614,280.0,666.5470348521135,1923957.6509399733,1099430.867799652,2618428.9632537104,5641817.481993336,34.101735071731014,19.487175388226262,46.41108954004271,89.21629681635036,14.312071642528256,85.68792835747175,645.0,3.46592154238302,2450.2454545454543,39.29157790410792,4.0585020723264655,49.0,0.0,65.0,9.0
RU.4.Ka,R160,RU.4.Ka,Tersier,FL,Jan,Jan,True,8.0,SS Ranca Ucing,0,900.6227085245637,0.9006227085245637,12.312461575588287,123124.61575588287,12.312461575588287,0.0,SS Ranca Ucing,,0.0,0.9,1.6461249160743554,0.21169301904248397,2.6064621627808635,2.6064621627808635,2.345815946502777,2.8940666697721564,28374.989688897593,34949.72054525446,31527.766320997325,28374.989688897593,60253.57513288189,34474.892411647204,82150.55696701929,176879.0245115484,2.6064621627808635,230.45748825040977,1380.2999999999997,1610.7574882504096,1436.5853929830205,489.37066534563365,280.0,667.2147276373868,60253.57513288189,34474.892411647204,82150.55696701929,176879.0245115484,34.064850424900406,19.490661771145366,46.44448780395422,89.18694486675501,14.307398222977106,85.69260177702289,673.0,3.456168621062794,2450.2454545454543,39.3151522647141,4.08754561651607,49.0,0.0,65.0,9.0
SS Citikey Kiri,R161,SS Citikey Kiri,Sekunder,FL,Jan,Jan,True,6.0,Suplesi Cicukanggantung,8,6304.301617086587,6.304301617086587,170.41573218672062,1704157.3218672061,0.0,170.41573218672062,SS Citikey Kiri,,0.0,0.81,1.8926495847875262,0.2704403270443996,46.08728634608753,46.08728634608753,37.330701940330904,7.310450727988154,451552.17067024263,502833.55391479965,557471.8156422748,0.0,0.0,0.0,0.0,0.0,0.0,264.9709418702537,1315.3000000000002,1580.2709418702539,1353.493621958799,498.7559519386041,280.0,574.7376700201947,849958.6073210204,477164.05012281775,979443.4085178131,2306566.0659616515,36.84952362145571,20.687204982523618,42.463271396020666,85.64946592999657,16.767437459595378,83.23256254040463,578.0,3.5899567696444357,2307.909090909091,38.16758412927206,5.942095965422798,54.0,0.0,59.0,9.0
Inlet Situ Bagendit,R162,Inlet Situ Bagendit,Sekunder,FL,Jan,,True,1.0,SI Copong,0,792.6508736429622,0.7926508736429622,0.0,0.0,0.0,0.0,Inlet Situ Bagendit,,,0.81,,,0.0,0.0,0.0,0.0,0.0,0.0,0.0,0.0,0.0,0.0,0.0,0.0,0.0,,,,,,,,0.0,0.0,0.0,0.0,,,,,,,,,,,,,,,
CP.Ki.1,R163,CP.Ki.1,Tersier,FL,Jan,Jan,True,2.0,SI Copong Kiri,0,444.95330467908303,0.444953304679083,21.411312627175718,214113.12627175718,21.411312627175718,0.0,SI Copong Kiri,,0.0,0.9,1.6463274043837288,0.21171905920572642,4.533182965785334,4.533182965785334,4.079864669206801,10.187997073209369,49350.04303872546,60774.6395190349,54833.381154139395,49350.04303872546,104762.55539958234,59951.67535609201,142832.9634544616,307547.19421013596,4.533182965785334,230.48583661372203,1380.2999999999997,1610.7858366137218,1436.3771131891754,489.2860013944935,280.0,667.0911117946819,104762.55539958234,59951.67535609201,142832.9634544616,307547.19421013596,34.063895679048805,19.493487986474424,46.44261633447677,89.17244493587071,14.308906334703153,85.69109366529685,674.0,3.4576232292725995,2450.2454545454543,39.31596843461935,4.0869130484772365,49.0,0.0,65.0,9.0
SS Copong Kanan,R164,SS Copong Kanan,Sekunder,FL,Jan,Jan,True,57.0,SI Copong Kanan,85,3525.2267085974095,3.5252267085974096,2035.1022048482523,20351022.048482522,0.0,2035.1022048482523,SS Copong Kanan,,0.0,0.81,1.6455167908889796,0.23512757071458895,483.14495975645127,483.14495975645127,391.34741740272557,137.05358539867677,4733738.360903368,5573437.022653719,5844121.433214035,0.0,0.0,0.0,0.0,0.0,0.0,230.37235072445714,1380.2999999999997,1610.672350724457,1436.1261929490145,488.35131966999256,280.0,667.7748732790219,9958516.049407804,5698286.173575107,15036481.717803122,30693283.940786034,32.44526088710459,18.565254159731914,48.9894849531635,89.16314930861424,14.302868651146772,85.69713134885322,682.0,3.44847772860643,2450.2454545454543,39.33325733942952,4.114214328656293,49.0,0.0,65.0,9.0
CO.3,R165,CO.3,Tersier,FL,Jan,Jan,True,61.0,SS Cikondang,0,317.36330177146783,0.3173633017714678,23.849797787889514,238497.97787889515,23.849797787889514,0.0,SS Cikondang,,0.0,0.9,1.5922500368435761,0.20476466523194137,4.883595859886691,4.883595859886691,4.395236273898022,15.388029531540957,53164.777969070485,67760.76696156016,59071.97552118942,53164.777969070485,117232.86230061016,66779.43380609064,160218.01955066252,344230.3156573633,4.883595859886691,222.91500515810066,1395.0,1617.9150051581007,1443.3259297156687,491.5465671584806,280.0,671.779362557188,117232.86230061016,66779.43380609064,160218.01955066252,344230.3156573633,34.05651883877081,19.399637617205375,46.54384354402383,89.2090082058809,13.77791815067057,86.22208184932943,633.0,3.4844117065267404,2402.2727272727275,39.2740815512978,4.034102676725463,49.0,0.0,65.0,9.0
SS Sawah Bera,R166,SS Sawah Bera,Tersier,FL,Jan,Jan,True,7.0,SS Parigi,1,5581.595219004993,5.581595219004993,135.8791388971175,1358791.388971175,101.57429556675213,34.30484333036539,SS Parigi,,0.0,0.9,1.646752421161882,0.21177371671320497,28.775630268032387,28.775630268032387,25.89806724122915,5.155449139352333,313263.0213499079,385899.0544863643,348070.0237221199,234174.8040133064,498312.85313658795,284408.027586906,677040.4552721081,1459761.335995602,21.510766094696717,230.5453389626635,1380.2999999999997,1610.8453389626632,1437.1365588612748,490.5895240091614,280.0,666.5470348521135,666608.820743116,380461.58891192905,905698.3713013215,1952768.7809563666,34.13659759639567,19.48318677675697,46.38021562684737,89.21629681635036,14.312071642528256,85.68792835747175,645.0,3.46592154238302,2450.2454545454543,39.29157790410792,4.0585020723264655,49.0,0.0,65.0,9.0
SS Situ Bagendit,R167,SS Situ Bagendit,Sekunder,FL,Jan,Jan,True,7.0,SS Parigi,5,3927.807329985037,3.927807329985037,88.20409114690122,882040.9114690121,0.0,88.20409114690122,SS Situ Bagendit,,0.0,0.81,1.6461339374260482,0.23521575466192957,20.746991863387994,20.746991863387994,16.805063409344275,5.282079827338942,203274.04699942836,250316.84443866438,250955.61357954118,0.0,0.0,0.0,0.0,0.0,0.0,230.45875123964674,1380.2999999999997,1610.7587512396465,1436.2598594199653,488.8696134678456,280.0,667.3902459521198,431202.9994526822,246971.4552113234,588665.500845136,1266839.9555091416,34.03768546906797,19.495079401096554,46.46723512983548,89.1666649841023,14.307465414189725,85.69253458581028,678.0,3.4475493140907822,2450.2454545454543,39.32320194992893,4.103332442884019,49.0,0.0,65.0,9.0
BG.1.Ki,R168,BG.1.Ki,Tersier,FL,Jan,Jan,True,8.0,SS Situ Bagendit,0,271.1106669010287,0.2711106669010287,11.397760268477485,113977.60268477486,11.397760268477485,0.0,SS Situ Bagendit,,0.0,0.9,1.6461339374260482,0.21169417919573663,2.41283950470512,2.41283950470512,2.171555554234608,8.899832427419566,26267.13598402182,32346.02099489919,29185.706648913132,26267.13598402182,55720.186568497564,31913.72875173696,76067.54028882488,163701.4556090594,2.41283950470512,230.45875123964674,1380.2999999999997,1610.7587512396465,1436.2598594199653,488.8696134678456,280.0,667.3902459521198,55720.186568497564,31913.72875173696,76067.54028882488,163701.4556090594,34.03768546906797,19.495079401096554,46.46723512983548,89.1666649841023,14.307465414189725,85.69253458581028,678.0,3.4475493140907822,2450.2454545454543,39.32320194992893,4.103332442884019,49.0,0.0,65.0,9.0
SS Cinanti,R169,SS Cinanti,Sekunder,FL,Jan,Jan,True,5.0,CN.6M,30,4787.803351743152,4.787803351743152,579.495800067659,5794958.00067659,0.0,579.495800067659,SS Cinanti,,0.0,0.81,1.646004267382483,0.2351972261348998,136.3237760674273,136.3237760674273,110.42225861461611,28.473136019213133,1335667.6402023968,1645614.616563314,1648972.3953116008,0.0,0.0,0.0,0.0,0.0,0.0,230.44059743354762,1380.2999999999997,1610.7405974335475,1437.3466535905936,491.08258105012953,280.0,666.2640725404642,2841505.7678277716,1622588.2401894452,3863289.5400679675,8327383.548085185,34.12243175086073,19.484970649184838,46.392597599954435,89.23514164110416,14.306499618915495,85.6935003810845,639.0,3.472911796144928,2450.2454545454543,39.28388684064618,4.042413973507068,49.0,0.0,65.0,9.0
Suplesi Situ Rancakukuk,R170,Suplesi Situ Rancakukuk,Suplesi,FL,Jan,,True,6.0,SS Cinanti,0,955.2095099009357,0.9552095099009357,0.0,0.0,0.0,0.0,Suplesi Situ Rancakukuk,,,0.6480000000000001,,,0.0,0.0,0.0,0.0,0.0,0.0,0.0,0.0,0.0,0.0,0.0,0.0,0.0,,,,,,,,0.0,0.0,0.0,0.0,,,,,,,,,,,,,,,
CP.1-1.Ka,R171,CP.1-1.Ka,Tersier,FL,Jan,Jan,False,,,0,1456.4309374473607,1.4564309374473607,149.98504074749007,1499850.4074749008,149.98504074749007,0.0,CP.1-1.Ka,,0.0,0.9,1.645792035321017,0.2116502103036287,31.744365416604595,31.744365416604595,28.569928874944136,21.79599773693486,345581.85967132426,425479.26463550015,383979.8440792492,345581.85967132426,731806.8609849515,419958.11409297225,1001550.823167271,2153315.798245195,31.744365416604595,230.41088494494238,1380.2999999999997,1610.710884944942,1435.6870441969256,487.91990010323605,280.0,667.7671440936896,731806.8609849515,419958.11409297225,1001550.823167271,2153315.798245195,33.985115494035945,19.50285761313828,46.51202689282577,89.13375191141152,14.304918846613392,85.69508115338661,690.0,3.4476448046484998,2450.2454545454543,39.34045499307085,4.127466272383509,49.0,0.0,65.0,9.0
CP.2.Ka,R172,CP.2.Ka,Tersier,FL,Jan,Jan,True,1.0,SI Copong,2,1237.8923315567592,1.2378923315567592,75.3271225828247,753271.225828247,75.3271225828247,0.0,SI Copong,,0.0,0.9,1.6458180310540038,0.21165355337628647,15.94325316026596,5.267969833659294,14.348927844239364,12.879353683543632,173564.63120391936,213741.34606440287,192849.59022657707,173564.63120391936,367954.908927326,210915.94323190913,502829.36192906403,1081700.2140882993,15.94325316026596,230.41452434756053,1380.2999999999997,1610.7145243475602,1436.0036292358486,488.47599152980683,280.0,667.5276377060418,367954.908927326,210915.94323190913,502829.36192906403,1081700.2140882993,34.01634798024453,19.49855796318554,46.48509405656991,89.15320545815028,14.305112474284838,85.69488752571516,688.0,3.4511695815177803,2450.2454545454543,39.33160121992347,4.1102700676281865,49.0,0.0,65.0,9.0
CP.1.Ka,R173,CP.1.Ka,Tersier,FL,Jan,Jan,True,1.0,SI Copong,0,1007.8624065183767,1.0078624065183768,120.75888163512333,1207588.8163512333,120.75888163512333,0.0,SI Copong,,0.0,0.9,1.6458180310540038,0.21165355337628647,25.559046399820232,25.559046399820232,23.00314175983821,25.359658455872967,278246.002727003,342654.34580410155,309162.2252522256,278246.002727003,589878.1444274745,338124.86857834534,806098.9098991739,1734101.9229049939,25.559046399820232,230.41452434756053,1380.2999999999997,1610.7145243475602,1436.0036292358486,488.47599152980683,280.0,667.5276377060418,589878.1444274745,338124.86857834534,806098.9098991739,1734101.9229049939,34.01634798024453,19.498557963185544,46.48509405656991,89.15320545815028,14.305112474284838,85.69488752571516,688.0,3.4511695815177803,2450.2454545454543,39.33160121992347,4.1102700676281865,49.0,0.0,65.0,9.0
CP.3.Ka.1,R174,CP.3.Ka.1,Tersier,FL,Jan,Jan,True,1.0,SI Copong,0,39.84424138209709,0.039844241382097086,29.054816937263706,290548.16937263706,29.054816937263706,0.0,SI Copong,,0.0,0.9,1.6458180310540038,0.21165355337628647,6.149555247469376,6.149555247469376,5.534599722722438,154.33987532844608,66946.51824605062,82443.28827239106,74385.02027338957,66946.51824605062,141925.80512146914,81353.48742433837,193948.93314113136,417228.22568693885,6.149555247469376,230.41452434756053,1380.2999999999997,1610.7145243475602,1436.0036292358486,488.47599152980683,280.0,667.5276377060418,141925.80512146914,81353.48742433837,193948.93314113136,417228.22568693885,34.01634798024454,19.498557963185544,46.48509405656993,89.15320545815028,14.305112474284838,85.69488752571516,688.0,3.4511695815177803,2450.2454545454543,39.33160121992347,4.1102700676281865,49.0,0.0,65.0,9.0
CR.4.Ka,R175,CR.4.Ka,Tersier,FL,Jan,Jan,True,63.0,SS Cibunar,0,967.2432779676664,0.9672432779676664,42.18816337442174,421881.6337442174,42.18816337442174,0.0,SS Cibunar,,0.0,0.9,1.7154805121859138,0.22061220578522553,9.307223780058644,9.307223780058644,8.37650140205278,9.622422809300486,101322.16095923042,114751.91128348242,112580.17884358935,101322.16095923042,207089.46096992574,118126.85744838088,274780.7922634237,599997.1106817303,9.307223780058644,240.16727170602792,1427.8000000000002,1667.967271706028,1422.1930102923193,490.87100363198556,280.0,651.3220066603337,207089.46096992574,118126.85744838088,274780.7922634237,599997.1106817303,34.51507637005552,19.687904382433185,45.797019247511294,85.26504293082884,14.398800011248445,85.60119998875157,578.0,3.547263075707996,2564.2272727272725,39.98184675394017,7.589635984022387,50.0,0.0,73.0,9.0
"CP.Ka.8,Ki",R000,"CP.Ka.8,Ki",Tersier,SRI,Jan,Jan,True,2.0,SI Copong Kanan,0,480.6415898718397,0.4806415898718397,105.81077817991364,1058107.7817991364,105.81077817991364,0.0,SI Copong Kanan,,0.0,0.9,0.8765277099541885,0.11272218492209213,11.927222104746695,11.927222104746695,10.734499894272027,24.81521024413851,129844.51072111444,194413.42075897678,144271.67857901604,129844.51072111444,499254.1691797139,203156.69410543417,696023.7749395048,1398434.638224653,11.927222104746695,122.71387939358638,1380.2999999999997,1503.0138793935862,1321.637230421694,471.8367804939636,192.0,657.8004499277305,499254.1691797139,203156.69410543417,696023.7749395048,1398434.638224653,35.7009298492155,14.52743578801413,49.77163436277037,87.93247012162847,8.164520705763353,91.83547929423663,682.0,3.4443790702566353,2450.2454545454543,30.04417853061752,-0.6894246109683779,19.0,1.0,64.0,9.0
SI Copong Kanan,R001,SI Copong Kanan,Primer,SRI,Jan,Jan,True,1.0,SI Copong,704,13588.421421776266,13.588421421776266,2473.2020697399025,24732020.697399024,0.0,2473.2020697399025,SI Copong Kanan,,0.0,0.6480000000000001,0.8765277099541885,0.15655859016957235,383.4403121769363,0.0,248.46932229065476,28.218164588452492,3005484.9224277595,4204183.095294436,4638094.01609222,0.0,0.0,0.0,0.0,0.0,0.0,122.71387939358638,1380.2999999999997,1503.0138793935862,1321.637230421694,471.8367804939636,192.0,657.8004499277305,11692612.404036025,4748547.973900613,17981187.770622455,34422348.14855909,33.96808478484194,13.794956559636637,52.23695865552141,87.93247012162847,8.164520705763353,91.83547929423663,682.0,3.4443790702566353,2450.2454545454543,30.04417853061752,-0.6894246109683779,19.0,1.0,64.0,9.0
CP.Ka.12 dan Suplesi Situ Sunarsa,R002,CP.Ka.12 dan Suplesi Situ Sunarsa,Tersier,SRI,Jan,Jan,False,,,0,2100.1062116330654,2.1001062116330655,21.37170995356237,213717.09953562368,43.04627616964762,-21.67456621608525,CP.Ka.12 dan Suplesi Situ Sunarsa,,0.0,0.9,0.8775353295904048,0.11285176563662612,2.41183520293337,0.3503873763997385,2.1706516826400333,1.1484348694240092,26256.20275321384,39303.960399464784,29173.558614682046,52884.47940463983,203717.38206804256,82648.85024572343,282775.34658760135,569141.5789013673,4.857848269826557,122.85494614265667,1380.2999999999997,1503.1549461426564,1322.1621695181034,473.2520445326832,192.0,656.9101249854203,101142.05430682887,41033.683110839745,140392.92656746806,282568.66398513666,35.79379711833476,14.5216679486435,49.684534933021745,87.9591404007278,8.173139200181772,91.82686079981822,666.0,3.4589418291794307,2450.2454545454543,30.026816322892397,-0.7053442436638875,19.0,1.0,64.0,9.0
CP.Ka.9.Ki,R003,CP.Ka.9.Ki,Tersier,SRI,Jan,Jan,True,2.0,SI Copong Kanan,0,249.1178547801445,0.2491178547801445,39.422463516718906,394224.63516718906,39.422463516718906,0.0,SI Copong Kanan,,0.0,0.9,0.8765277099541885,0.11272218492209213,4.443786222616019,4.443786222616019,3.9994076003544174,17.838088026800893,48376.834333887025,72433.60382436174,53752.03814876336,48376.834333887025,186009.68264869388,75691.1299521003,259321.14238557237,521021.95498636656,4.443786222616019,122.71387939358638,1380.2999999999997,1503.0138793935862,1321.637230421694,471.8367804939636,192.0,657.8004499277305,186009.68264869388,75691.1299521003,259321.14238557237,521021.95498636656,35.7009298492155,14.527435788014131,49.77163436277037,87.93247012162847,8.164520705763353,91.83547929423663,682.0,3.4443790702566353,2450.2454545454543,30.04417853061752,-0.6894246109683779,19.0,1.0,64.0,9.0
CP.Ka.10.Ki,R004,CP.Ka.10.Ki,Tersier,SRI,Jan,Jan,True,2.0,SI Copong Kanan,0,548.9792772467366,0.5489792772467366,80.14127911202307,801412.7911202307,80.14127911202307,0.0,SI Copong Kanan,,0.0,0.9,0.8765277099541885,0.11272218492209213,9.033700083958465,9.033700083958465,8.130330075562618,16.45544824435751,98344.47259400542,147249.084490015,109271.63621556158,98344.47259400542,378136.03120885097,153871.2558950843,527169.6945767261,1059176.9816806614,9.033700083958465,122.71387939358638,1380.2999999999997,1503.0138793935862,1321.637230421694,471.8367804939636,192.0,657.8004499277305,378136.03120885097,153871.2558950843,527169.6945767261,1059176.9816806614,35.70092984921549,14.527435788014131,49.771634362770364,87.93247012162847,8.164520705763353,91.83547929423663,682.0,3.4443790702566353,2450.2454545454543,30.04417853061752,-0.6894246109683779,19.0,1.0,64.0,9.0
CP.Ka.12.Ki,R005,CP.Ka.12.Ki,Tersier,SRI,Jan,Jan,True,2.0,SI Copong Kanan,0,539.5527518896938,0.5395527518896938,14.811944303301184,148119.44303301183,14.811944303301184,0.0,SI Copong Kanan,,0.0,0.9,0.8765277099541885,0.11272218492209213,1.6696347248124452,1.6696347248124452,1.5026712523312007,3.0944791199096424,18176.311468198204,27215.004082097115,20195.901631331337,18176.311468198204,69888.20112925535,28438.933062338274,97433.03627016002,195760.17046175365,1.6696347248124452,122.71387939358638,1380.2999999999997,1503.0138793935862,1321.637230421694,471.8367804939636,192.0,657.8004499277305,69888.20112925535,28438.933062338274,97433.03627016002,195760.17046175365,35.7009298492155,14.527435788014134,49.771634362770364,87.93247012162847,8.164520705763353,91.83547929423663,682.0,3.4443790702566353,2450.2454545454543,30.04417853061752,-0.6894246109683779,19.0,1.0,64.0,9.0
CP.Ka.11.Ki,R006,CP.Ka.11.Ki,Tersier,SRI,Jan,Jan,True,2.0,SI Copong Kanan,0,489.5414746406343,0.4895414746406343,23.414196194204354,234141.96194204353,23.414196194204354,0.0,SI Copong Kanan,,0.0,0.9,0.8765277099541885,0.11272218492209213,2.639299353205249,2.639299353205249,2.375369417884724,5.391370271829823,28732.468478733623,43020.5131720807,31924.96497637069,28732.468478733623,110476.78950127398,44955.25669287236,154018.6879124378,309450.7341065841,2.639299353205249,122.71387939358638,1380.2999999999997,1503.0138793935862,1321.637230421694,471.8367804939636,192.0,657.8004499277305,110476.78950127398,44955.25669287236,154018.6879124378,309450.7341065841,35.7009298492155,14.527435788014136,49.77163436277038,87.93247012162847,8.164520705763353,91.83547929423663,682.0,3.4443790702566353,2450.2454545454543,30.04417853061752,-0.6894246109683779,19.0,1.0,64.0,9.0
CP.Ka.12.Ki (2),R007,CP.Ka.12.Ki,Tersier,SRI,Jan,Jan,True,38.0,SI Copong Kanan,0,626.3201866440619,0.6263201866440619,6.554612312575616,65546.12312575616,6.554612312575616,0.0,SI Copong Kanan,,0.0,0.9,0.8765277099541885,0.11272218492209213,0.7388502211907705,0.7388502211907705,0.6649651990716935,1.179668541660241,8043.419047971203,12043.240049420956,8937.13227552356,8043.419047971203,30927.071709517717,12584.855640145182,43116.26928314082,86628.19663280372,0.7388502211907705,122.71387939358638,1380.2999999999997,1503.0138793935862,1321.637230421694,471.8367804939636,192.0,657.8004499277305,30927.071709517717,12584.855640145182,43116.26928314082,86628.19663280372,35.70092984921549,14.527435788014133,49.77163436277037,87.93247012162847,8.164520705763353,91.83547929423663,682.0,3.4443790702566353,2450.2454545454543,30.04417853061752,-0.6894246109683779,19.0,1.0,64.0,9.0
CP.Ka.15b.Ki,R008,CP.Ka.15b.Ki,Tersier,SRI,Jan,Jan,False,,,0,1691.6883571958645,1.6916883571958645,73.23275557524389,732327.5557524388,73.23275557524389,0.0,CP.Ka.15b.Ki,,0.0,0.9,0.8772098968539309,0.11280991471886971,8.261380911071093,8.261380911071093,7.4352428199639835,4.883512306465905,89936.69715028434,134636.79707210916,99929.66350031593,89936.69715028434,346200.90242196235,140606.89070446827,481346.94825593644,968154.741382367,8.261380911071093,122.80938555955032,1380.2999999999997,1503.10938555955,1322.0241868239202,472.74051031202026,192.0,657.2836765119,346200.90242196235,140606.89070446827,481346.94825593644,968154.741382367,35.75883974163509,14.523183608407946,49.71797664995696,87.9526267033308,8.170355846313413,91.82964415368659,669.0,3.4556728504754646,2450.2454545454543,30.033528372041744,-0.6976155212018531,19.0,1.0,64.0,9.0
CP.Ka.15a.Ki,R009,CP.Ka.15a.Ki,Tersier,SRI,Jan,Jan,False,,,0,813.3319736850584,0.8133319736850584,57.77233512951167,577723.3512951167,57.77233512951167,0.0,CP.Ka.15a.Ki,,0.0,0.9,0.8765626156632316,0.11272667382500405,6.512483178253285,6.512483178253285,5.861234860427956,8.007164834239106,70897.49687173657,106151.98102377543,78774.99652415175,70897.49687173657,272620.57843369246,110922.8834486624,380024.11210058554,763567.5739829404,6.512483178253285,122.71876619285241,1380.2999999999997,1503.0187661928521,1321.6837648525125,471.88776050430147,192.0,657.7960043482109,272620.57843369246,110922.8834486624,380024.11210058554,763567.5739829404,35.70353007680016,14.526924299582769,49.76954562361707,87.93528028930328,8.164819292556084,91.83518070744391,685.0,3.4440781365397983,2450.2454545454543,30.04343616984526,-0.6899566162823207,19.0,1.0,64.0,9.0
CP.Ka.17a.Ki,R010,CP.Ka.17a.Ki,Tersier,SRI,Jan,Jan,False,,,0,245.94707186456455,0.24594707186456455,49.59476100117673,495947.6100117673,49.59476100117673,0.0,CP.Ka.17a.Ki,,0.0,0.9,0.876544254611164,0.11272431257859619,5.590535341357417,5.590535341357417,5.031481807221676,22.730644032371128,60860.80394015339,91125.00192629347,67623.11548905932,60860.80394015339,234021.7702377921,95221.94112225932,326270.0489976132,655513.7603576647,5.590535341357417,122.71619564556296,1380.2999999999997,1503.0161956455627,1321.7399320507086,471.86792619534856,192.0,657.87200585536,234021.7702377921,95221.94112225932,326270.0489976132,655513.7603576647,35.70051223792831,14.52630697947574,49.773180782595944,87.93916764702634,8.164662230592596,91.8353377694074,684.0,3.448720592351116,2450.2454545454543,30.043656053405527,-0.6896834899251667,19.0,1.0,64.0,9.0
CP.Ka.16a.Ki,R011,CP.Ka.16a.Ki,Tersier,SRI,Jan,Jan,True,57.0,SI Copong Kanan,0,1173.4487277342887,1.1734487277342887,47.610970561129655,476109.7056112965,47.610970561129655,0.0,SI Copong Kanan,,0.0,0.9,0.8765277099541885,0.11272218492209213,5.3668126279119415,5.3668126279119415,4.830131365120748,4.573538239096529,58425.26899250056,87478.9110491703,64916.96554722285,58425.26899250056,224646.07065756296,91413.06347736894,313185.17856607016,629244.312701002,5.3668126279119415,122.71387939358638,1380.2999999999997,1503.0138793935862,1321.637230421694,471.8367804939636,192.0,657.8004499277305,224646.07065756296,91413.06347736894,313185.17856607016,629244.312701002,35.7009298492155,14.527435788014134,49.77163436277037,87.93247012162847,8.164520705763353,91.83547929423663,682.0,3.4443790702566353,2450.2454545454543,30.04417853061752,-0.6894246109683779,19.0,1.0,64.0,9.0
CP.Ka.16.Ki,R012,CP.Ka.16.Ki,Tersier,SRI,Jan,Jan,True,57.0,SI Copong Kanan,0,1175.8099699415322,1.1758099699415323,79.36454208318588,793645.4208318588,79.36454208318588,0.0,SI Copong Kanan,,0.0,0.9,0.8765277099541885,0.11272218492209213,8.946144588958042,8.946144588958042,8.051530130062238,7.6084952651004425,97391.30845323284,145821.93212043657,108212.56494803648,97391.30845323284,374471.10021908116,152379.9207997169,522060.31490627973,1048911.3359250778,8.946144588958042,122.71387939358638,1380.2999999999997,1503.0138793935862,1321.637230421694,471.8367804939636,192.0,657.8004499277305,374471.10021908116,152379.9207997169,522060.31490627973,1048911.3359250778,35.700929849215505,14.527435788014133,49.77163436277037,87.93247012162847,8.164520705763353,91.83547929423663,682.0,3.4443790702566353,2450.2454545454543,30.04417853061752,-0.6894246109683779,19.0,1.0,64.0,9.0
CP.Ka.19.Ki,R013,CP.Ka.19.Ki,Tersier,SRI,Jan,Jan,True,58.0,SS Copong Kanan,0,314.72653729422206,0.31472653729422206,74.40691233754006,744069.1233754007,74.40691233754006,0.0,SS Copong Kanan,,0.0,0.9,0.8765087081401036,0.11271974127316146,8.387127907622322,8.387127907622322,7.548415116860089,26.648937772227374,91305.62925353966,136710.7292904373,101450.69917059962,91305.62925353966,351073.2055628632,142861.27168807693,489523.07860340585,983457.555854346,8.387127907622322,122.71121913961451,1380.2999999999997,1503.0112191396142,1321.728754706259,471.8287515684728,192.0,657.9000031377861,351073.2055628632,142861.27168807693,489523.07860340585,983457.555854346,35.69785025016967,14.526429822786907,49.77571992704342,87.93871515229748,8.164358161601713,91.83564183839829,682.0,3.44847772860643,2450.2454545454543,30.044259229729352,-0.6891539748839284,19.0,1.0,64.0,9.0
CP.Ka.20.Ki,R014,CP.Ka.20.Ki,Tersier,SRI,Jan,Jan,True,58.0,SS Copong Kanan,0,483.5637103362641,0.4835637103362641,97.34420814769615,973442.0814769615,97.34420814769615,0.0,SS Copong Kanan,,0.0,0.9,0.8765087081401036,0.11271974127316146,10.972613956849086,10.972613956849086,9.875352561164178,22.691144356591334,119452.2645798419,178854.3197129478,132724.73842204656,119452.2645798419,459297.9620274904,186900.87964357663,640427.548458146,1286626.3901292132,10.972613956849086,122.71121913961451,1380.2999999999997,1503.0112191396142,1321.728754706259,471.8287515684728,192.0,657.9000031377861,459297.9620274904,186900.87964357663,640427.548458146,1286626.3901292132,35.69785025016967,14.526429822786906,49.77571992704341,87.93871515229748,8.164358161601713,91.83564183839829,682.0,3.44847772860643,2450.2454545454543,30.044259229729352,-0.6891539748839284,19.0,1.0,64.0,9.0
SS Cipanas Kiara,R015,SS Cipanas Kiara,Sekunder,SRI,Jan,Jan,True,58.0,SS Copong Kanan,26,3217.4355604617767,3.2174355604617766,424.4485919797874,4244485.919797874,0.0,424.4485919797874,SS Cipanas Kiara,,0.0,0.81,0.876690441210753,0.1252701247729128,54.43488300670654,45.889752374397446,44.092255235432305,16.918717402033646,533339.9193277892,773920.726232142,658444.3448491225,0.0,0.0,0.0,0.0,0.0,0.0,122.73666176950542,1395.0,1517.7366617695054,1326.1191515287308,472.7860191554566,192.0,661.3331323732741,2016479.1973919263,814941.2966011917,2718985.2719739424,5550405.76596706,36.33030236737279,14.682553509837,48.98714412279023,87.37478542441146,8.086821967284408,91.91317803271559,672.0,3.4671214920593423,2402.2727272727275,30.033009373406156,-0.6979658491042624,19.0,1.0,64.0,9.0
TB.1.Ki,R016,TB.1.Ki,Tersier,SRI,Jan,Jan,True,60.0,SS Tegal Buah,0,1217.8533134683018,1.2178533134683018,88.44070804811685,884407.0804811685,88.44070804811685,0.0,SS Tegal Buah,,0.0,0.9,0.8774110263060261,0.11283578013194778,9.979276288031098,9.979276288031098,8.981348659227988,8.194152922745106,108638.39338202175,144599.70421715558,120709.32598002416,108638.39338202175,416275.3699255638,169806.15945238434,589406.915587923,1175488.444965871,9.979276288031098,122.83754368284364,1427.8000000000002,1550.637543682844,1329.1259996769109,470.68299102613014,192.0,666.4430086507806,416275.3699255638,169806.15945238434,589406.915587923,1175488.444965871,35.412969962256824,14.445583040785609,50.14144699695757,85.71480840842847,7.921744458159974,92.07825554184002,645.0,3.5150161069316486,2564.2272727272725,30.877995033370148,0.7928509046963805,19.0,0.0,70.0,9.0
TB.2.Ki,R017,TB.2.Ki,Tersier,SRI,Jan,Jan,True,60.0,SS Tegal Buah,0,612.785962413819,0.612785962413819,103.34912374752142,1033491.2374752142,103.34912374752142,0.0,SS Tegal Buah,,0.0,0.9,0.8774110263060261,0.11283578013194778,11.661479004004791,11.661479004004791,10.495331103604313,19.030264593642414,126951.52502919777,168974.82002137828,141057.25003244195,126951.52502919777,486446.7468541304,198430.31759524113,688763.0097172001,1373640.0741665717,11.661479004004791,122.83754368284364,1427.8000000000002,1550.637543682844,1329.1259996769109,470.68299102613014,192.0,666.4430086507806,486446.7468541304,198430.31759524113,688763.0097172001,1373640.0741665717,35.412969962256824,14.445583040785609,50.14144699695756,85.71480840842847,7.921744458159974,92.07825554184002,645.0,3.5150161069316486,2564.2272727272725,30.877995033370148,0.7928509046963805,19.0,0.0,70.0,9.0
SS Cikondang,R018,SS Cikondang,Sekunder,SRI,Jan,Jan,True,60.0,SS Cipanas Kiara,2,860.6545562371455,0.8606545562371455,90.43048327908105,904304.8327908105,0.0,90.43048327908105,SS Cikondang,,0.0,0.81,0.8779643225578615,0.1254521494281352,11.344698501185757,11.344698501185757,9.189205785960464,13.18147730581447,111152.63318697778,166495.75811683445,137225.47307034294,0.0,0.0,0.0,0.0,0.0,0.0,122.91500515810061,1395.0,1517.9150051581007,1326.7027008480206,474.91478772061464,192.0,659.787913127406,429467.7376995736,173626.5278958356,596649.3984580766,1199743.6640534857,35.79662477637619,14.471968729488133,49.73140649413569,87.40296369293984,8.097621061812893,91.9023789381871,633.0,3.4844117065267404,2402.2727272727275,30.0074075083633,-0.7202431900814608,19.0,1.0,64.0,9.0
SS Wanakerta,R019,SS Wanakerta,Sekunder,SRI,Jan,,True,60.0,SS Cipanas Kiara,0,1447.7737976330445,1.4477737976330445,0.0,0.0,0.0,0.0,SS Wanakerta,,,0.81,,,0.0,0.0,0.0,0.0,0.0,0.0,0.0,0.0,0.0,0.0,0.0,0.0,0.0,,,,,,,,0.0,0.0,0.0,0.0,,,,,,,,,,,,,,,
SS Cibatu,R020,SS Cibatu,Sekunder,SRI,Jan,,True,60.0,SS Cipanas Kiara,14,3151.202004753337,3.151202004753337,193.26133824649622,1932613.3824649623,0.0,193.26133824649622,SS Cibatu,,,0.81,,,25.457566308089643,15.892020064350278,20.620628709552612,8.078684346382406,249427.12487074843,348642.5142565753,307934.72206265235,0.0,0.0,0.0,0.0,0.0,0.0,,,,,,,,921533.127970109,371061.76943327277,1191464.7144435789,2484059.6118469606,37.09786687787762,14.937715973626698,47.964417148495684,,,,,,,,,,,,
SS Munjul,R021,SS Munjul,Sekunder,SRI,Jan,,True,62.0,SS Munjul,0,4369.918561840761,4.369918561840761,0.0,0.0,0.0,0.0,SS Munjul,,,0.81,,,0.0,0.0,0.0,0.0,0.0,0.0,0.0,0.0,0.0,0.0,0.0,0.0,0.0,,,,,,,,0.0,0.0,0.0,0.0,,,,,,,,,,,,,,,
CK.6.Ka,R022,CK.6.Ka,Tersier,SRI,Jan,Jan,True,60.0,SS Cipanas Kiara,0,700.4123719991428,0.7004123719991429,72.54313493816394,725431.3493816395,72.54313493816394,0.0,SS Cipanas Kiara,,0.0,0.9,0.876690441210753,0.11274311229562152,8.178738808609841,8.178738808609841,7.360864927748858,11.677033609880109,89037.02216605018,133371.13667303303,98930.02462894465,89037.02216605018,342973.7998447165,139282.81908127476,479751.7866083307,962008.4055343219,8.178738808609841,122.73666176950542,1395.0,1517.7366617695054,1326.1191515287308,472.7860191554566,192.0,661.3331323732741,342973.7998447165,139282.81908127476,479751.7866083307,962008.4055343219,35.651850635777016,14.478337016599541,49.869812347623444,87.37478542441146,8.086821967284408,91.91317803271559,672.0,3.4671214920593423,2402.2727272727275,30.033009373406156,-0.6979658491042624,19.0,1.0,64.0,9.0
CO.2.Ki,R023,CO.2.Ki,Tersier,SRI,Jan,Jan,True,61.0,SS Cikondang,0,1129.7741679591954,1.1297741679591955,66.58068549119153,665806.8549119153,66.58068549119153,0.0,SS Cikondang,,0.0,0.9,0.8779643225578615,0.11290693448532169,7.51742109474177,7.51742109474177,6.765678985267593,6.653914833546875,81837.65300579682,122584.7889431638,90930.72556199647,81837.65300579682,316201.5211634223,127834.91614308774,439291.3153482542,883327.7526547643,7.51742109474177,122.91500515810061,1395.0,1517.9150051581007,1326.7027008480206,474.91478772061464,192.0,659.787913127406,316201.5211634223,127834.91614308774,439291.3153482542,883327.7526547643,35.796624776376184,14.471968729488129,49.731406494135676,87.40296369293984,8.097621061812893,91.9023789381871,633.0,3.4844117065267404,2402.2727272727275,30.0074075083633,-0.7202431900814608,19.0,1.0,64.0,9.0
KL.7M.a,R024,KL.7M.a,Tersier,SRI,Jan,Jan,True,5.0,SS Kawung Luwuk,0,355.1908551736623,0.35519085517366233,13.11655774396322,131165.5774396322,13.11655774396322,0.0,SS Kawung Luwuk,,0.0,0.9,0.9910757941534405,0.12745316282837454,1.6717467698891215,1.6717467698891215,1.5045720929002093,4.706615459093843,18199.304035720932,24390.900920126922,20221.44892857881,18199.304035720932,63028.965817099925,25183.79086840938,71583.05412713997,159795.81081264926,1.6717467698891215,138.75061118148167,1315.3000000000002,1454.0506111814818,1218.2755104798275,480.52977806702717,192.0,545.7457324128004,63028.965817099925,25183.79086840938,71583.05412713997,159795.81081264926,39.44344066128085,15.759981904616902,44.796577434102254,83.78494538714327,9.542350872418432,90.45764912758158,597.0,3.578501841659981,2307.909090909091,29.161940428976045,-1.6600643622586317,23.0,2.0,55.0,9.0
KL.7M.b,R025,KL.7M.b,Tersier,SRI,Jan,Jan,True,5.0,SS Kawung Luwuk,0,961.8047925887993,0.9618047925887993,37.33174127127997,373317.4127127997,37.33174127127997,0.0,SS Kawung Luwuk,,0.0,0.9,0.9910757941534405,0.12745316282837454,4.758048498915195,4.758048498915195,4.282243649023676,4.94700019752283,51798.019178590395,69420.25646497669,57553.354642878214,51798.019178590395,179390.1334794384,71676.94324085754,203736.38482339855,454803.4615436945,4.758048498915195,138.75061118148167,1315.3000000000002,1454.0506111814818,1218.2755104798275,480.52977806702717,192.0,545.7457324128004,179390.1334794384,71676.94324085754,203736.38482339855,454803.4615436945,39.443440661280846,15.7599819046169,44.796577434102254,83.78494538714327,9.542350872418432,90.45764912758158,597.0,3.578501841659981,2307.909090909091,29.161940428976045,-1.6600643622586317,23.0,2.0,55.0,9.0
LG.4.Ka,R026,LG.4.Ka,Tersier,SRI,Jan,Jan,True,4.0,SS Leuwigoong,0,249.72906674329388,0.2497290667432939,2.017931960609727,20179.31960609727,2.017931960609727,0.0,SS Leuwigoong,,0.0,0.9,0.9888024471846047,0.12716080853711478,0.25660185968401816,0.25660185968401816,0.23094167371561633,1.0275209971764683,2793.4704852640953,3748.335953198467,3103.8560947378837,2793.4704852640953,9668.963616574647,3874.4293643706756,11031.419813398603,24574.812794343925,0.25660185968401816,138.43234260584467,1315.3000000000002,1453.732342605845,1217.821674568182,479.1521124256899,192.0,546.6695621424922,9668.963616574647,3874.4293643706756,11031.419813398603,24574.812794343925,39.34501433435143,15.765855051650298,44.88913061399827,83.77206992486745,9.522546795492069,90.47745320450794,617.0,3.567865243274294,2307.909090909091,29.18322717066859,-1.651198918773455,23.0,2.0,55.0,9.0
CTR.3.Ki.b,R027,CTR.3.Ki.b,Tersier,SRI,Jan,Jan,False,,,0,696.7827565265483,0.6967827565265483,56.502094897072396,565020.948970724,56.502094897072396,0.0,CTR.3.Ki.b,,0.0,0.9,0.9911734362209269,0.12746571967861714,7.202080189404853,7.202080189404853,6.481872170464368,10.336191764140542,78404.72577393701,105073.38504927326,87116.36197104111,78404.72577393701,271547.73002850526,108484.022202379,308331.4451095143,688363.1973403986,7.202080189404853,138.76428107092977,1315.3000000000002,1454.06428107093,1218.2967704018095,480.5976318633369,192.0,545.6991385384725,271547.73002850526,108484.022202379,308331.4451095143,688363.1973403986,39.448321914604584,15.75970688461039,44.79197120078502,83.78561981486294,9.543201279157257,90.45679872084274,601.0,3.5790431614800893,2307.909090909091,29.160968119629665,-1.6605236438268114,23.0,2.0,55.0,9.0
SS Sumur Kondang,R028,SS Sumur Kondang,Sekunder,SRI,Jan,Jan,True,61.0,SS Cibatu,1,828.6222109259519,0.8286222109259519,76.30059457592955,763005.9457592955,0.0,76.30059457592955,SS Sumur Kondang,,0.0,0.81,0.8773656247929708,0.12536660162222374,9.565546243739366,9.565546243739366,7.7480924574288865,11.543917261221194,93720.92636505983,140445.78415298025,115704.84736427138,0.0,0.0,0.0,0.0,0.0,0.0,122.83118747101591,1395.0,1517.831187471016,1326.6009481194287,474.52437158556336,192.0,660.0765765338654,362064.9169274781,146497.14158578473,503642.35255177994,1012204.4110650427,35.76994063348459,14.473078756062748,49.75698061045267,87.40108643635055,8.09254602784089,91.9074539721591,643.0,3.480570160965939,2402.2727272727275,30.012190065862825,-0.7138961845489913,19.0,1.0,64.0,9.0
SK.3,R029,SK.3,Tersier,SRI,Jan,Jan,True,62.0,SS Sumur Kondang,0,453.6687125537087,0.4536687125537087,76.30059457592955,763005.9457592955,76.30059457592955,0.0,SS Sumur Kondang,,0.0,0.9,0.8773656247929708,0.11282994146000137,8.60899161936543,8.60899161936543,7.7480924574288865,18.976383826218196,93720.92636505983,140445.78415298025,104134.36262784425,93720.92636505983,362064.9169274781,146497.14158578473,503642.35255177994,1012204.4110650427,8.60899161936543,122.83118747101591,1395.0,1517.831187471016,1326.6009481194287,474.52437158556336,192.0,660.0765765338654,362064.9169274781,146497.14158578473,503642.35255177994,1012204.4110650427,35.76994063348459,14.473078756062748,49.75698061045267,87.40108643635055,8.09254602784089,91.9074539721591,643.0,3.480570160965939,2402.2727272727275,30.012190065862825,-0.7138961845489913,19.0,1.0,64.0,9.0
Suplesi Situ Cilimus,R030,Suplesi Situ Cilimus,Tersier,SRI,Jan,Jan,True,62.0,TB.8.Ki,0,1601.7626771918046,1.6017626771918045,8.609734288589967,86097.34288589968,8.609734288589967,0.0,SS Tegal Buah,,0.0,0.9,0.8774110263060261,0.11283578013194778,0.9714860851818296,0.9714860851818296,0.8743374766636466,0.6065106267084647,10575.986117723469,14076.832479010447,11751.09568635941,10575.986117723469,40524.554868937565,16530.689834092736,57378.97222971686,114434.21693274716,0.9714860851818296,122.83754368284364,1427.8000000000002,1550.637543682844,1329.1259996769109,470.68299102613014,192.0,666.4430086507806,40524.554868937565,16530.689834092736,57378.97222971686,114434.21693274716,35.412969962256824,14.445583040785609,50.14144699695757,85.71480840842847,7.921744458159974,92.07825554184002,645.0,3.5150161069316486,2564.2272727272725,30.877995033370148,0.7928509046963805,19.0,0.0,70.0,9.0
TB.8.Ki,R031,TB.8.Ki,Tersier,SRI,Jan,Jan,True,61.0,SS Tegal Buah,1,411.34416271377205,0.41134416271377205,41.91681616711499,419168.1616711499,33.30708187852502,8.60973428858997,SS Tegal Buah,,0.0,0.9,0.8774110263060261,0.11283578013194778,4.7297166528638614,4.7297166528638614,4.256744987577475,11.498198057948295,51489.58736973714,68533.58994132082,57210.65263304127,40913.60125201367,156770.76920936373,63949.59720676803,221972.71856502106,442693.0849811528,3.758230567682032,122.83754368284364,1427.8000000000002,1550.637543682844,1329.1259996769109,470.68299102613014,192.0,666.4430086507806,197295.3240783013,80480.28704086077,279351.6907947379,557127.3019139,35.41296996225683,14.44558304078561,50.14144699695757,85.71480840842847,7.921744458159974,92.07825554184002,645.0,3.5150161069316486,2564.2272727272725,30.877995033370148,0.7928509046963805,19.0,0.0,70.0,9.0
CT.2,R032,CT.2,Tersier,SRI,Jan,Jan,True,61.0,SS Citambal,1,697.4623736316728,0.6974623736316727,59.75846452761974,597584.6452761975,39.17472313339161,20.583741394228134,SS Citambal,,0.0,0.9,0.8789774984801769,0.1130372297428211,6.754931283886777,6.754931283886777,6.079438155498099,9.685011750116331,73536.88392890502,97883.36239528666,81707.64880989447,48207.180200818904,185389.94634467037,75215.4684161119,260238.78153253943,520844.1962933217,4.428202178940595,123.05684978722476,1427.8000000000002,1550.856849787225,1329.541486534123,473.23868943096215,192.0,664.3027971031607,282800.17435457406,114736.25189302991,396977.15136287804,794513.577610482,35.59412731562148,14.44106874020981,49.96480394416871,85.72947830204534,7.93476521086443,92.06523478913557,598.0,3.536243128533142,2564.2272727272725,30.846369918329568,0.7777402034711773,19.0,0.0,70.0,9.0
CA.2.Ki,R033,CA.2.Ki,Tersier,SRI,Jan,Jan,True,62.0,SS Cikarag,0,740.6328032179443,0.7406328032179443,76.34048610609648,763404.8610609648,76.34048610609648,0.0,SS Cikarag,,0.0,0.9,0.8817358767175225,0.1133919594544139,8.656397305272739,8.656397305272739,7.790757574745466,11.687839463310189,94237.00362412115,125415.02141843017,104707.78180457905,94237.00362412115,364646.6378210979,146573.73332370524,504227.36038428615,1015447.7315290893,8.656397305272739,123.44302274045316,1427.8000000000002,1551.2430227404534,1330.1562294453304,477.6582602766235,192.0,660.497969168707,364646.6378210979,146573.73332370524,504227.36038428615,1015447.7315290893,35.90993672042606,14.434394678590738,49.6556686009832,85.74776549811344,7.957684317082473,92.04231568291753,527.0,3.573013677204157,2564.2272727272725,30.792034168935917,0.7338644826477756,19.0,0.0,70.0,9.0
SS Cikarag,R034,SS Cikarag,Sekunder,SRI,Jan,Jan,True,61.0,SS Tegal Buah,1,2219.265837767045,2.219265837767045,76.34048610609648,763404.8610609648,0.0,76.34048610609648,SS Cikarag,,0.0,0.81,0.8817358767175225,0.12599106606045987,9.618219228080822,9.618219228080822,7.790757574745466,4.33396444193381,94237.00362412115,125415.02141843017,116341.97978286562,0.0,0.0,0.0,0.0,0.0,0.0,123.44302274045316,1427.8000000000002,1551.2430227404534,1330.1562294453304,477.6582602766235,192.0,660.497969168707,364646.6378210979,146573.73332370524,504227.36038428615,1015447.7315290893,35.90993672042606,14.434394678590738,49.6556686009832,85.74776549811344,7.957684317082473,92.04231568291753,527.0,3.573013677204157,2564.2272727272725,30.792034168935917,0.7338644826477756,19.0,0.0,70.0,9.0
LW.3.Ki,R035,LW.3.Ki,Tersier,SRI,Jan,Jan,True,62.0,SS Lewo,0,1181.5835390059426,1.1815835390059426,33.32092819976096,333209.2819976096,33.32092819976096,0.0,SS Lewo,,0.0,0.9,0.8814076245274293,0.11334974595260149,3.7769187463477794,3.7769187463477794,3.3992268717130014,3.1964889672762986,41117.04824024047,54719.00952972966,45685.60915582274,41117.04824024047,158979.46335496387,63976.18214354104,220236.33072369458,443191.9762221995,3.7769187463477794,123.39706743384009,1427.8000000000002,1551.1970674338402,1330.0709198892573,477.1159506778217,192.0,660.9549692114356,158979.46335496387,63976.18214354104,220236.33072369458,443191.9762221995,35.87146696790775,14.435320487721516,49.69321254437073,85.74480624113131,7.9549574985966816,92.04504250140333,531.0,3.568834364780167,2564.2272727272725,30.797156621824865,0.7391091919809556,19.0,0.0,70.0,9.0
CTR.3.Ki.a,R036,CTR.3.Ki.a,Tersier,SRI,Jan,Jan,False,,,0,504.8243596657645,0.5048243596657646,9.080693822743768,90806.93822743768,9.080693822743768,0.0,CTR.3.Ki.a,,0.0,0.9,0.9917687169890342,0.12754227327533876,1.1581723330700664,1.1581723330700664,1.0423550997630597,2.2942084923098247,12608.32728673397,16892.093646487814,14009.252540815522,12608.32728673397,43681.69466989295,17434.932139668035,49529.65581755918,110646.28262712016,1.1581723330700664,138.8476203784648,1315.3000000000002,1454.147620378465,1218.4782879694972,481.03917522785,192.0,545.4391127416473,43681.69466989295,17434.932139668035,49529.65581755918,110646.28262712016,39.47868254833378,15.757359149989748,44.76395830167648,83.79330068651275,9.5483854893857,90.4516145106143,593.0,3.5825521719060585,2307.909090909091,29.154755386411978,-1.6639942631163023,23.0,2.0,55.0,9.0
Ruas tanpa nama R037,R037,,Tersier,SRI,Jan,Jan,False,,,0,673.5959639901405,0.6735959639901405,14.06272112480724,140627.2112480724,15.067201205150614,-1.0044800803433738,Ruas tanpa nama R037,,0.0,0.9,0.8797828420669747,0.11314079759091751,1.5910674843593355,0.11334129349254628,1.4319607359234021,2.362050204301141,17320.997061729475,23051.490669891406,19245.552290810527,18554.87571920673,71451.9868672811,28929.02631388918,99957.45697085989,200338.47015203018,1.704408777851882,123.16959788937645,1427.8000000000002,1550.9695978893767,1329.6691485459141,474.47481457308515,192.0,663.1943339728291,66724.06998085923,27000.4245596299,93263.16970212173,186987.66424261086,35.68367477668835,14.439682248021272,49.87664297529038,85.73147728720039,7.941457914906309,92.05854208509369,576.0,3.5470101546910286,2564.2272727272725,30.82956160635311,0.764858748131366,19.0,0.0,70.0,9.0
Ruas tanpa nama R038,R038,,Tersier,SRI,Jan,Jan,False,,,0,384.9986567564492,0.3849986567564492,3.0600617631010074,30600.617631010075,3.0600617631010074,0.0,Ruas tanpa nama R038,Ruas tanpa nama R046,0.20973337092719682,0.9,0.8814491655056372,0.11335508815658914,0.34687357092092225,0.34687357092092225,0.31218621382883005,0.9009734575265157,3776.2044424735286,5025.415071748465,4195.782713859476,3776.2044424735286,14602.168587176991,5875.318585153935,20223.456405773166,40700.943578104096,0.34687357092092225,123.40288317078921,1427.8000000000002,1551.2028831707894,1330.0693492166165,477.1854203484911,192.0,660.8839288681254,14602.168587176991,5875.318585153935,20223.456405773166,40700.943578104096,35.87673233952376,14.435337534323608,49.68793012615262,85.74438351338303,7.955302591917785,92.04469740808223,535.0,3.5693418197860534,2564.2272727272725,30.796355110953876,0.7383340254513806,19.0,0.0,70.0,9.0
CK.2.Ki,R039,CK.2.Ki,Tersier,SRI,Jan,Jan,True,59.0,SS Cipanas Kiara,0,260.46583285269514,0.26046583285269514,68.21363551604617,682136.3551604616,68.21363551604617,0.0,SS Cipanas Kiara,,0.0,0.9,0.876690441210753,0.11274311229562152,7.6906175690781895,7.6906175690781895,6.921555812170371,29.52639693601414,83723.13910401281,125411.31718569917,93025.71011556979,83723.13910401281,322504.53187752736,130970.18019080863,451119.3724639563,904594.0845322923,7.6906175690781895,122.73666176950542,1395.0,1517.7366617695054,1326.1191515287308,472.7860191554566,192.0,661.3331323732741,322504.53187752736,130970.18019080863,451119.3724639563,904594.0845322923,35.651850635777016,14.478337016599543,49.86981234762344,87.37478542441146,8.086821967284408,91.91317803271559,672.0,3.4671214920593423,2402.2727272727275,30.033009373406156,-0.6979658491042624,19.0,1.0,64.0,9.0
SS Citambal,R040,SS Citambal,Sekunder,SRI,Jan,Jan,True,60.0,SS Tegal Buah,2,1414.0853784385913,1.4140853784385914,59.75846452761974,597584.6452761975,0.0,59.75846452761974,SS Citambal,,0.0,0.81,0.8789774984801769,0.12559692193646788,7.5054792043186405,7.5054792043186405,6.079438155498099,5.307656325961068,73536.88392890502,97883.36239528666,90786.27645543829,0.0,0.0,0.0,0.0,0.0,0.0,123.05684978722476,1427.8000000000002,1550.856849787225,1329.541486534123,473.23868943096215,192.0,664.3027971031607,282800.17435457406,114736.25189302991,396977.15136287804,794513.577610482,35.59412731562148,14.44106874020981,49.96480394416871,85.72947830204534,7.93476521086443,92.06523478913557,598.0,3.536243128533142,2564.2272727272725,30.846369918329568,0.7777402034711773,19.0,0.0,70.0,9.0
SS Cibunar,R041,SS Cibunar,Sekunder,SRI,Jan,Jan,True,62.0,SS Cibatu,1,2671.8464703816144,2.6718464703816145,42.18816337442174,421881.6337442174,0.0,42.18816337442174,SS Cibunar,,0.0,0.81,0.8798055960438391,0.12571524863452202,5.3036954480492655,5.3036954480492655,4.295993312919905,1.9850300183197838,51964.33511307918,69156.88175009197,64153.50013960392,0.0,0.0,0.0,0.0,0.0,0.0,123.17278344613747,1427.8000000000002,1550.9727834461376,1329.681069759505,474.516381387432,192.0,663.164688372073,200189.74621812394,81001.27367888973,279777.002171885,560968.0220688987,35.68648092984103,14.439552789506614,49.87396628065236,85.73206983072005,7.941646994762693,92.05835300523732,578.0,3.547263075707996,2564.2272727272725,30.829145652714438,0.7644364623492503,19.0,0.0,70.0,9.0
SS Pasir Laja,R042,SS Pasir Laja,Sekunder,SRI,Jan,,False,,,0,4277.680290312157,4.277680290312157,0.0,0.0,0.0,0.0,SS Pasir Laja,,,0.81,,,0.0,0.0,0.0,0.0,0.0,0.0,0.0,0.0,0.0,0.0,0.0,0.0,0.0,,,,,,,,0.0,0.0,0.0,0.0,,,,,,,,,,,,,,,
PL.5.Ka,R043,PL.5.Ka,Tersier,SRI,Jan,Jan,False,,,0,631.0093707367679,0.6310093707367679,69.30912554369289,693091.2554369288,69.30912554369289,0.0,PL.5.Ka,,0.0,0.9,0.8817347727791716,0.11339181748703336,7.859087713836307,7.859087713836307,7.073178942452676,12.454787643898252,85557.17248790758,113863.49658091151,95063.52498656398,85557.17248790758,331060.372044106,133073.52104389033,457785.61760530795,921919.5106933042,7.859087713836307,123.44286818908402,1427.8000000000002,1551.2428681890842,1330.156027018579,477.65769578986186,192.0,660.498331228717,331060.372044106,133073.52104389033,457785.61760530795,921919.5106933042,35.90989974766248,14.434396875256066,49.65570337708146,85.74776099189411,7.957675146844724,92.04232485315528,527.0,3.5730191509569713,2564.2272727272725,30.792041818564968,0.7338835688693583,19.0,0.0,70.0,9.0
PL.2.Ka,R044,PL.2.Ka,Tersier,SRI,Jan,Jan,False,,,0,522.9108925714876,0.5229108925714876,50.22400401716876,502240.0401716876,50.22400401716876,0.0,PL.2.Ka,,0.0,0.9,0.8811239245930123,0.11331326190753757,5.691045721242664,5.691045721242664,5.121941149118397,10.883394861514834,61955.000139736134,82453.76286810491,68838.88904415126,61955.000139736134,239398.6389506109,96430.08771296401,332146.86195038323,667975.5886139581,5.691045721242664,123.35734944302172,1427.8000000000002,1551.157349443022,1329.9927030620954,476.6617947640614,192.0,661.330908298034,239398.6389506109,96430.08771296401,332146.86195038323,667975.5886139581,35.83942931917024,14.436169428445037,49.72440125238472,85.74195928863433,7.952600649271072,92.04739935072892,536.0,3.564918640960611,2564.2272727272725,30.804122316637905,0.743730665775554,19.0,0.0,70.0,9.0
Ruas tanpa nama R045,R045,,Tersier,SRI,Jan,Jan,False,,,0,2091.5212244458357,2.091521224445836,39.492728288686976,394927.28288686974,39.492728288686976,0.0,Ruas tanpa nama R045,,0.0,0.9,0.8806546984181901,0.11325291903526107,4.47266675936023,4.47266675936023,4.025400083424207,2.1384754345704984,48691.23940909922,64801.12903864062,54101.37712122135,48691.23940909922,187948.19197426917,75826.038314279,261431.79310992738,525206.0233984755,4.47266675936023,123.29165777854661,1427.8000000000002,1551.0916577785467,1329.8803252064133,475.9058189152977,192.0,661.9745062911156,187948.19197426917,75826.038314279,261431.79310992738,525206.0233984755,35.785612426549086,14.437389316982287,49.77699825646864,85.73834554116877,7.948702267867478,92.05129773213254,558.0,3.5585674478538625,2564.2272727272725,30.813529323543627,0.7509562123547742,19.0,0.0,70.0,9.0
Ruas tanpa nama R046,R046,,Tersier,SRI,Jan,Jan,False,,,0,230.29111520678762,0.23029111520678763,1.0798419788492337,10798.419788492338,1.0798419788492337,0.0,Ruas tanpa nama R046,,0.0,0.9,0.8814491655056372,0.11335508815658914,0.12240558270764054,0.12240558270764054,0.1101650244368765,0.531525424234138,1332.5561355884583,1773.3805967747394,1480.6179284316204,1332.5561355884583,5152.848485871181,2073.2965993905286,7136.502095386128,14362.647180647837,0.12240558270764054,123.40288317078921,1427.8000000000002,1551.2028831707894,1330.0693492166165,477.1854203484911,192.0,660.8839288681254,5152.848485871181,2073.2965993905286,7136.502095386128,14362.647180647837,35.87673233952377,14.435337534323608,49.68793012615263,85.74438351338303,7.955302591917785,92.04469740808223,535.0,3.5693418197860534,2564.2272727272725,30.796355110953876,0.7383340254513806,19.0,0.0,70.0,9.0
Ruas tanpa nama R047,R047,,Tersier,SRI,Jan,Jan,False,,,0,635.3947316771092,0.6353947316771092,115.51520923948792,1155152.092394879,115.51520923948792,0.0,Ruas tanpa nama R047,,0.0,0.9,0.8824796768033883,0.11348761275763738,13.109545333788459,13.109545333788459,11.798590800409613,20.63212784151692,142715.7543217547,189925.96386955155,158573.06035750522,142715.7543217547,553146.6016004388,221789.20173981678,761808.3852867543,1536744.18862701,13.109545333788459,123.54715475247437,1427.8000000000002,1551.3471547524746,1330.3392676552298,478.851750554896,192.0,659.4875171003339,553146.6016004388,221789.20173981678,761808.3852867543,1536744.18862701,35.99470918413836,14.432408684621238,49.572882131240405,85.7538084612333,7.963862529028002,92.03613747097201,498.0,3.5830019996020352,2564.2272727272725,30.77628068969321,0.7222406392687128,19.0,0.0,70.0,9.0
TB.2a.Ki,R048,TB.2a.Ki,Tersier,SRI,Jan,Jan,True,60.0,SS Tegal Buah,0,376.45254220966797,0.37645254220966795,42.730887703302024,427308.87703302025,42.730887703302024,0.0,SS Tegal Buah,,0.0,0.9,0.8774110263060261,0.11283578013194778,4.821573049732739,4.821573049732739,4.339415744759465,12.807917357740484,52489.572848610485,69864.58904730048,58321.7476095672,52489.572848610485,201127.0203339188,82043.3043903399,284777.01363307243,567947.3383573311,4.821573049732739,122.83754368284364,1427.8000000000002,1550.637543682844,1329.1259996769109,470.68299102613014,192.0,666.4430086507806,201127.0203339188,82043.3043903399,284777.01363307243,567947.3383573311,35.41296996225683,14.445583040785612,50.14144699695757,85.71480840842847,7.921744458159974,92.07825554184002,645.0,3.5150161069316486,2564.2272727272725,30.877995033370148,0.7928509046963805,19.0,0.0,70.0,9.0
Ruas tanpa nama R049,R049,,Tersier,SRI,Jan,Jan,False,,,0,358.2822788724044,0.3582822788724044,90.69894592528038,906989.4592528038,90.69894592528038,0.0,Ruas tanpa nama R049,,0.0,0.9,0.8782228226198717,0.11294017780605345,10.243555079622796,10.243555079622796,9.219199571660516,28.59073887734997,111515.4380188056,148427.8801226655,123906.04224311732,111515.4380188056,428113.9329070653,174141.97617653833,603439.2595319321,1205695.1686155358,10.243555079622796,122.95119516678204,1427.8000000000002,1550.7511951667823,1329.3375753328066,472.01643694928293,192.0,665.3211383835237,428113.9329070653,174141.97617653833,603439.2595319321,1205695.1686155358,35.50764273184041,14.44328390039917,50.04907336776041,85.72216997000847,7.928492691154026,92.07150730884598,626.0,3.5260743482706998,2564.2272727272725,30.86021460177502,0.7793450917841342,19.0,0.0,70.0,9.0
SS Bandrek,R050,SS Bandrek,Sekunder,SRI,Jan,Jan,True,61.0,SS Tegal Buah,5,3025.428747145123,3.025428747145123,131.07655023199933,1310765.5023199935,0.0,131.07655023199933,SS Bandrek,,0.0,0.81,0.8800698324219444,0.12575300531863629,16.48327011847311,16.48327011847311,13.35144879596322,5.448242710732214,161499.12463597112,214939.78125784104,199381.63535305075,0.0,0.0,0.0,0.0,0.0,0.0,123.20977653907221,1427.8000000000002,1551.0097765390724,1329.7524531393856,474.96592576427054,192.0,662.786527375115,622568.9502692847,251666.97644543872,868757.7154857668,1742993.64220049,35.718371840031814,14.438777649682924,49.842850510285274,85.73462741844213,7.943842676092142,92.05615732390787,569.0,3.5508019851533055,2564.2272727272725,30.825133642328364,0.7603511992379879,19.0,0.0,70.0,9.0
BK.4.Ka,R051,BK.4.Ka,Tersier,SRI,Jan,Jan,True,62.0,SS Bandrek,0,313.406103268648,0.313406103268648,31.633022278005246,316330.22278005246,31.633022278005246,0.0,SS Bandrek,,0.0,0.9,0.8800698324219444,0.11317770478677266,3.580152856893481,3.580152856893481,3.222137571204133,11.423366742237999,38974.97606128519,51871.93954162361,43305.528956983544,38974.97606128519,150246.07710994556,60735.402773770074,209659.40986018747,420640.88974390307,3.580152856893481,123.20977653907221,1427.8000000000002,1551.0097765390724,1329.7524531393856,474.96592576427054,192.0,662.786527375115,150246.07710994556,60735.402773770074,209659.40986018747,420640.88974390307,35.71837184003182,14.438777649682926,49.84285051028527,85.73462741844213,7.943842676092142,92.05615732390787,569.0,3.5508019851533055,2564.2272727272725,30.825133642328364,0.7603511992379879,19.0,0.0,70.0,9.0
TB.11a.Ki,R052,TB.11a.Ki,Tersier,SRI,Jan,Jan,True,61.0,SS Tegal Buah,0,610.3779805287791,0.610377980528779,72.47399147455029,724739.9147455029,72.47399147455029,0.0,SS Tegal Buah,,0.0,0.9,0.8774110263060261,0.11283578013194778,8.177659367307015,8.177659367307015,7.359893430576314,13.397697210870213,89025.2709362511,118494.27669614604,98916.96770694565,89025.2709362511,341122.75078843586,139150.06363113655,482997.84927230317,963270.6636918755,8.177659367307015,122.83754368284364,1427.8000000000002,1550.637543682844,1329.1259996769109,470.68299102613014,192.0,666.4430086507806,341122.75078843586,139150.06363113655,482997.84927230317,963270.6636918755,35.412969962256824,14.445583040785609,50.14144699695757,85.71480840842847,7.921744458159974,92.07825554184002,645.0,3.5150161069316486,2564.2272727272725,30.877995033370148,0.7928509046963805,19.0,0.0,70.0,9.0
LW.1.Ki,R053,LW.1.Ki,Tersier,SRI,Jan,Jan,True,62.0,SS Lewo,2,2249.754459206851,2.249754459206851,100.19207920307656,1001920.7920307656,100.19207920307656,0.0,SS Lewo,,0.0,0.9,0.8814076245274293,0.11334974595260149,11.356746724131655,0.455430247685481,10.22107205171849,5.047993872244826,123634.08753758683,164533.57192960504,137371.20837509647,123634.08753758685,478032.3911936347,192368.79206990698,662224.5262489918,1332625.7095125336,11.356746724131655,123.39706743384009,1427.8000000000002,1551.1970674338402,1330.0709198892573,477.1159506778217,192.0,660.9549692114356,478032.3911936347,192368.792069907,662224.5262489917,1332625.7095125334,35.87146696790775,14.43532048772152,49.69321254437073,85.74480624113131,7.9549574985966816,92.04504250140333,531.0,3.568834364780167,2564.2272727272725,30.797156621824865,0.7391091919809556,19.0,0.0,70.0,9.0
SS Lewo,R054,SS Lewo,Sekunder,SRI,Jan,Jan,True,61.0,SS Tegal Buah,33,9274.611380320655,9.274611380320655,821.8109842965644,8218109.842965644,0.0,821.8109842965644,SS Lewo,,0.0,0.81,0.8814076245274293,0.1259441621695572,98.45888540112144,0.0,79.75169717490837,10.61595805620886,964676.5290276918,1299398.8441286068,1190958.677811965,0.0,0.0,0.0,0.0,0.0,0.0,123.39706743384009,1427.8000000000002,1551.1970674338402,1330.0709198892573,477.1159506778217,192.0,660.9549692114356,3881634.8498888495,1577877.0898494036,7148475.995690002,12607987.935428254,30.78710790150357,12.51490006121907,56.697992037277366,85.74480624113131,7.9549574985966816,92.04504250140333,531.0,3.568834364780167,2564.2272727272725,30.797156621824865,0.7391091919809556,19.0,0.0,70.0,9.0
Ruas tanpa nama R055,R055,,Tersier,SRI,Jan,Feb,False,,,0,541.4170173453778,0.5414170173453777,64.94158122148791,649415.8122148791,64.94158122148791,0.0,Ruas tanpa nama R055,,0.0,0.9,0.7712524274753514,0.09918369694899065,6.441146111260319,6.441146111260319,5.797031500134287,11.896829809380408,70120.89302562433,96507.60714631571,77912.10336180481,70120.89302562433,303879.20500781154,124687.83594525678,781978.7313204461,1210545.7722735144,6.441146111260319,107.97533984654919,2031.0000000000002,2138.9753398465496,1864.0534300279223,467.9270188562391,192.0,1204.1264111716832,303879.20500781154,124687.83594525678,781978.7313204461,1210545.7722735144,25.102661292773668,10.300133939675966,64.59720476755037,87.14702761190551,5.0479936741250775,94.95200632587492,502.0,3.650768053004642,3057.4636363636364,32.65446517030386,9.76662424519883,17.0,0.0,96.0,9.0
SS Binuang,R056,SS Binuang,Sekunder,SRI,Jan,Feb,True,62.0,SS Lewo,8,1400.2282042538875,1.4002282042538874,113.25757846167544,1132575.7846167544,0.0,113.25757846167544,SS Binuang,,0.0,0.81,0.7689606483308106,0.10987663584973857,12.444361705856709,0.0,10.079932981743935,8.887381119770899,121926.86934717465,167889.46809222264,150526.99919404276,0.0,0.0,0.0,0.0,0.0,0.0,107.65449076631349,2031.0000000000002,2138.6544907663138,1863.6554650174985,464.3920706433278,192.0,1207.2633943741707,525959.2137786661,217454.55064641687,1367317.2861224127,2110731.0505474955,24.918343511469132,10.30233343040138,64.77932305812949,87.1414935448372,5.03374861302347,94.96625138697652,560.0,3.6124420688789067,3057.4636363636364,32.67604675476454,9.783832540123779,17.0,0.0,96.0,9.0
Ruas tanpa nama R057,R057,,Tersier,SRI,Jan,Jan,False,,,0,141.20436195187926,0.14120436195187927,3.0032794096917006,30032.794096917005,3.0032794096917006,0.0,Ruas tanpa nama R057,,0.0,0.9,0.8798089577942354,0.11314415609493766,0.33980351432687006,0.33980351432687006,0.30582316289418304,2.406466129160167,3699.2369783680388,4923.1415119180265,4110.26330929782,3699.2369783680388,14251.833057154898,5766.296466608065,19915.989181219727,39934.11870498269,0.33980351432687006,123.17325409119296,1427.8000000000002,1550.9732540911932,1329.683764224991,474.54236229781594,192.0,663.1414019271749,14251.833057154898,5766.296466608065,19915.989181219727,39934.11870498269,35.68836253140264,14.439523529258674,49.87211393933868,85.73221754259916,7.941674930001771,92.05832506999823,580.0,3.547618885821469,2564.2272727272725,30.828863839297146,0.7643492257957982,19.0,0.0,70.0,9.0
LW.4.Ki,R058,LW.4.Ki,Tersier,SRI,Jan,Jan,True,62.0,SS Lewo,0,1533.7603711563218,1.5337603711563217,40.63326096031373,406332.60960313724,40.63326096031373,0.0,SS Lewo,,0.0,0.9,0.8814076245274293,0.11334974595260149,4.60576980707732,4.60576980707732,4.1451928263695885,3.0029265938100687,50140.25242776655,66727.18660122287,55711.39158640728,50140.25242776655,193867.76932220103,78015.86104380236,268567.5574698439,540451.1878358473,4.60576980707732,123.39706743384009,1427.8000000000002,1551.1970674338402,1330.0709198892573,477.1159506778217,192.0,660.9549692114356,193867.76932220103,78015.86104380236,268567.5574698439,540451.1878358473,35.87146696790775,14.435320487721517,49.69321254437073,85.74480624113131,7.9549574985966816,92.04504250140333,531.0,3.568834364780167,2564.2272727272725,30.797156621824865,0.7391091919809556,19.0,0.0,70.0,9.0
Ruas tanpa nama R059,R059,,Tersier,SRI,Jan,Jan,False,,,0,256.0906691402668,0.2560906691402668,6.09100142254713,60910.0142254713,6.09100142254713,0.0,Ruas tanpa nama R059,,0.0,0.9,0.8826938346042085,0.1135151536270844,0.6914209622232272,0.6914209622232272,0.6222788660009045,2.699906890572885,7527.08516314694,10012.512840739966,8363.427959052156,7527.08516314694,29146.18681954404,11694.72273129049,40187.26649732835,81028.17604816289,0.6914209622232272,123.57713684458919,1427.8000000000002,1551.3771368445894,1330.2931722888775,478.51223136565466,192.0,659.7809409232229,29146.18681954404,11694.72273129049,40187.26649732835,81028.17604816289,35.97043428722824,14.43290877526255,49.59665693750921,85.74917991859905,7.965641229955076,92.03435877004493,510.0,3.588150929166277,2564.2272727272725,30.781941658842467,0.7256731316977181,19.0,0.0,70.0,9.0
CTR.5.Ki,R060,CTR.5.Ki,Tersier,SRI,Jan,Jan,True,7.0,SS Citikey Kanan,2,1256.832679104008,1.256832679104008,27.96500611776165,279650.0611776165,27.96500611776165,0.0,SS Citikey Kanan,,0.0,0.9,0.9916084973512479,0.12752166889805142,3.566144250881183,0.6433251283491731,3.209529825793065,2.83740573440808,38822.47277279291,52017.07857344962,43136.08085865879,38822.47277279291,134488.2152115924,53692.81174610237,152548.47713983312,340729.50409752794,3.566144250881183,138.8251896291747,1315.3000000000002,1454.1251896291749,1218.4138371459803,480.9160943690042,192.0,545.4977427769762,134488.2152115924,53692.81174610238,152548.4771398331,340729.5040975279,39.470669136153674,15.758192672018724,44.771138191827596,83.79016097346442,9.54699021922434,90.45300978077567,587.0,3.5825338729522938,2307.909090909091,29.15626090881819,-1.6632387473735588,23.0,2.0,55.0,9.0
CTR.6.Ki,R061,CTR.6.Ki,Tersier,SRI,Jan,Jan,True,7.0,SS Citikey Kanan,0,897.5089900238899,0.8975089900238898,13.00654184751148,130065.4184751148,13.00654184751148,0.0,SS Citikey Kanan,,0.0,0.9,0.9916084973512479,0.12752166889805142,1.6586159229870088,1.6586159229870088,1.492754330688308,1.8480215144617769,18056.356384005776,24193.175799849174,20062.61820445086,18056.356384005776,62550.553065522334,24972.560347222043,70950.39219151795,158473.50560426235,1.6586159229870088,138.8251896291747,1315.3000000000002,1454.1251896291749,1218.4138371459803,480.9160943690042,192.0,545.4977427769762,62550.553065522334,24972.560347222043,70950.39219151795,158473.50560426235,39.47066913615367,15.758192672018719,44.771138191827596,83.79016097346442,9.54699021922434,90.45300978077567,587.0,3.5825338729522938,2307.909090909091,29.15626090881819,-1.6632387473735588,23.0,2.0,55.0,9.0
CTR.6.Te.b,R062,CTR.6.Te.b,Tersier,SRI,Jan,Jan,True,7.0,SS Citikey Kanan,2,1591.5197024974757,1.5915197024974757,23.60225029837909,236022.5029837909,23.602250298379094,-3.552713678800501e-15,SS Citikey Kanan,,0.0,0.9,0.9916084973512479,0.12752166889805142,3.0097983477988337,2.0865231371378066,2.7088185130189504,1.8911474002337132,32765.868733477226,43902.01465041832,36406.5208149747,32765.86873347723,113507.02031816138,45316.32057288786,128749.74262223009,287573.0835132793,3.0097983477988337,138.8251896291747,1315.3000000000002,1454.1251896291749,1218.4138371459803,480.9160943690042,192.0,545.4977427769762,113507.02031816138,45316.32057288786,128749.7426222301,287573.0835132793,39.470669136153674,15.758192672018723,44.77113819182761,83.79016097346442,9.54699021922434,90.45300978077567,587.0,3.5825338729522938,2307.909090909091,29.15626090881819,-1.6632387473735588,23.0,2.0,55.0,9.0
Ruas tanpa nama R063,R063,,Tersier,SRI,Jan,Feb,True,63.0,SS Cioray,0,368.4707244138773,0.3684707244138773,7.23804560725467,72380.4560725467,7.23804560725467,0.0,SS Cioray,,0.0,0.9,0.7700841674830373,0.0990334577524482,0.7168086838563487,0.7168086838563487,0.6451278154707139,1.9453612902261614,7803.466055933755,10742.80091217782,8670.517839926395,7803.466055933755,33738.05055159539,13897.047565928968,87271.82025518232,134906.91837270668,0.7168086838563487,107.81178344762523,2031.0000000000002,2138.8117834476257,1863.8583630571477,466.12099981492037,192.0,1205.7373632422273,33738.05055159539,13897.047565928968,87271.82025518232,134906.91837270668,25.00839168113487,10.301211927127163,64.69039639173795,87.14457146167061,5.0407326293031565,94.95926737069684,529.0,3.627240515785811,3057.4636363636364,32.66528447528844,9.775422139452772,17.0,0.0,96.0,9.0
Ruas tanpa nama R064,R064,,Tersier,SRI,Jan,Feb,True,63.0,SS Cioray,0,1384.4235420431846,1.3844235420431845,80.08693483614375,800869.3483614376,80.08693483614375,0.0,SS Cioray,,0.0,0.9,0.7700841674830373,0.0990334577524482,7.9312860776183145,7.9312860776183145,7.138157469856483,5.728944818370413,86343.15275538404,118866.06458363798,95936.83639487116,86343.15275538404,373302.02137935703,153766.914885396,965638.0963948405,1492707.0326595935,7.9312860776183145,107.81178344762523,2031.0000000000002,2138.8117834476257,1863.8583630571477,466.12099981492037,192.0,1205.7373632422273,373302.02137935703,153766.914885396,965638.0963948405,1492707.0326595935,25.008391681134878,10.301211927127163,64.69039639173796,87.14457146167061,5.0407326293031565,94.95926737069684,529.0,3.627240515785811,3057.4636363636364,32.66528447528844,9.775422139452772,17.0,0.0,96.0,9.0
CTR.6.Te.a,R065,CTR.6.Te.a,Tersier,SRI,Jan,Jan,True,7.0,SS Citikey Kanan,0,493.6605782315955,0.4936605782315955,12.107591763658357,121075.91763658357,12.107591763658357,0.0,SS Citikey Kanan,,0.0,0.9,0.9916084973512479,0.12752166889805142,1.5439803080380154,1.5439803080380154,1.389582277234214,3.1276151593244577,16808.387225425053,22521.05897825844,18675.985806027835,16808.387225425053,58227.357431929006,23246.576186224047,66046.63977540741,147520.57339356048,1.5439803080380154,138.8251896291747,1315.3000000000002,1454.1251896291749,1218.4138371459803,480.9160943690042,192.0,545.4977427769762,58227.357431929006,23246.576186224047,66046.63977540741,147520.57339356048,39.470669136153674,15.75819267201872,44.771138191827596,83.79016097346442,9.54699021922434,90.45300978077567,587.0,3.5825338729522938,2307.909090909091,29.15626090881819,-1.6632387473735588,23.0,2.0,55.0,9.0
CTL.5.Ka,R066,CTL.5.Ka,Tersier,SRI,Jan,Jan,True,7.0,SS Citikey Kiri,0,698.1186453980307,0.6981186453980307,28.620011812593177,286200.11812593177,28.620011812593177,0.0,SS Citikey Kiri,,0.0,0.9,0.9931687730090974,0.12772232163182837,3.655414353834753,3.655414353834753,3.2898729184512776,5.236093288628077,39794.30282158666,53277.068432914864,44215.89202398517,39794.30282158666,137925.25892444793,54950.4226801789,155936.10814904887,348811.7897536757,3.655414353834753,139.04362822127365,1315.3000000000002,1454.3436282212738,1218.7688531987048,481.91894478449876,192.0,544.8499084142061,137925.25892444793,54950.4226801789,155936.10814904887,348811.7897536757,39.54145558607642,15.753602456781593,44.70494195714199,83.80198665217193,9.560576023654749,90.43942397634527,578.0,3.5899567696444357,2307.909090909091,29.141247905497753,-1.6699946697794226,23.0,2.0,55.0,9.0
CTL.6.Ka,R067,CTL.6.Ka,Tersier,SRI,Jan,Jan,False,,,0,327.79547650447086,0.32779547650447083,5.39965849659815,53996.5849659815,5.39965849659815,0.0,CTL.6.Ka,SS Citikey Kiri,0.5850078813497918,0.9,0.9931687730090974,0.12772232163182837,0.6896569192045436,0.6896569192045436,0.6206912272840893,2.103924454842614,7507.881085228346,10051.63719433015,8342.090094698162,7507.881085228346,26021.97724877233,10367.344313468448,29420.034373394916,65809.3559356357,0.6896569192045436,139.04362822127365,1315.3000000000002,1454.3436282212738,1218.7688531987048,481.91894478449876,192.0,544.8499084142061,26021.97724877233,10367.344313468448,29420.034373394916,65809.3559356357,39.54145558607641,15.753602456781591,44.70494195714199,83.80198665217193,9.560576023654749,90.43942397634527,578.0,3.5899567696444357,2307.909090909091,29.141247905497753,-1.6699946697794226,23.0,2.0,55.0,9.0
CTL.7.Ka,R068,CTL.7.Ka,Tersier,SRI,Jan,Jan,True,7.0,SS Citikey Kiri,0,1314.8137055431578,1.3148137055431577,24.396423728631408,243964.23728631408,24.396423728631408,0.0,SS Citikey Kiri,,0.0,0.9,0.9931687730090974,0.12772232163182837,3.1159678781346303,3.1159678781346303,2.804371090321167,2.3698930616542397,33921.67270852484,45414.72397075559,37690.74745391649,33921.67270852484,117570.98779817556,46841.1335589723,132923.89234178988,297336.0136989377,3.1159678781346303,139.04362822127365,1315.3000000000002,1454.3436282212738,1218.7688531987048,481.91894478449876,192.0,544.8499084142061,117570.98779817556,46841.1335589723,132923.89234178988,297336.0136989377,39.54145558607642,15.753602456781591,44.704941957142,83.80198665217193,9.560576023654749,90.43942397634527,578.0,3.5899567696444357,2307.909090909091,29.141247905497753,-1.6699946697794226,23.0,2.0,55.0,9.0
SS.1.Ka,R069,SS.1.Ka,Tersier,SRI,Jan,Feb,True,63.0,SS Sindangsari,0,1453.085886416485,1.453085886416485,75.47598936053068,754759.8936053067,75.47598936053068,0.0,SS Sindangsari,,0.0,0.9,0.7682696196112849,0.09880010540268581,7.457035704192423,7.457035704192423,6.711332133773181,5.131861629034555,81180.27349012041,111788.76706426266,90200.30387791156,81180.27349012041,349605.7817692058,144913.8995722189,912013.4309102385,1406533.112251663,7.457035704192423,107.55774674557989,2031.0000000000002,2138.55774674558,1863.5504140700855,463.20132366761425,192.0,1208.3490904024713,349605.7817692058,144913.8995722189,912013.4309102385,1406533.112251663,24.855851506370563,10.30291418736897,64.84123430626047,87.14052341612023,5.029452532168439,94.97054746783157,588.0,3.6020522927598466,3057.4636363636364,32.68286834707605,9.792464038150417,17.0,0.0,96.0,9.0
SS.2,R070,SS.2,Tersier,SRI,Jan,Feb,True,63.0,SS Sindangsari,0,724.3336448095212,0.7243336448095211,21.726237949317692,217262.37949317694,21.726237949317692,0.0,SS Sindangsari,,0.0,0.9,0.7682696196112849,0.09880010540268581,2.1465545993964206,2.1465545993964206,1.9318991394567784,2.9634887386197595,23368.251990869194,32179.099258937393,25964.724434299103,23368.251990869194,100636.22176441508,41714.37686268997,262528.7986392569,404879.397266362,2.1465545993964206,107.55774674557989,2031.0000000000002,2138.55774674558,1863.5504140700855,463.20132366761425,192.0,1208.3490904024713,100636.22176441508,41714.37686268997,262528.7986392569,404879.397266362,24.85585150637056,10.302914187368966,64.84123430626047,87.14052341612023,5.029452532168439,94.97054746783157,588.0,3.6020522927598466,3057.4636363636364,32.68286834707605,9.792464038150417,17.0,0.0,96.0,9.0
LW.16.Ka,R071,LW.16.Ka,Tersier,SRI,Jan,Jan,True,63.0,SS Lewo,2,1591.7468562348683,1.5917468562348684,108.94473993721087,1089447.3993721087,108.94473993721087,0.0,SS Lewo,,0.0,0.9,0.8814076245274293,0.11334974595260149,12.34885859475509,2.7441907988344654,11.113972735279582,7.758054332813438,134434.61420594182,178907.0288528435,149371.79356215757,134434.61420594182,519792.73166490416,209173.9006794449,720075.6723094707,1449042.3046538197,12.34885859475509,123.39706743384009,1427.8000000000002,1551.1970674338402,1330.0709198892573,477.1159506778217,192.0,660.9549692114356,519792.73166490416,209173.9006794449,720075.6723094707,1449042.3046538197,35.87146696790775,14.435320487721519,49.69321254437074,85.74480624113131,7.9549574985966816,92.04504250140333,531.0,3.568834364780167,2564.2272727272725,30.797156621824865,0.7391091919809556,19.0,0.0,70.0,9.0
BN.5.Ki,R072,BN.5.Ki,Tersier,SRI,Jan,Feb,True,65.0,SS Binuang,0,73.57297103874335,0.07357297103874334,6.052485552067274,60524.85552067273,6.052485552067274,0.0,SS Binuang,,0.0,0.9,0.7689606483308106,0.09888897226476473,0.5985240758912699,0.5985240758912699,0.5386716683021429,8.135108144213568,6515.772499782721,8972.014003604054,7239.7472219808005,6515.772499782721,28107.262980633463,11620.772259969164,73069.44251989364,112797.47776049626,0.5985240758912699,107.65449076631349,2031.0000000000002,2138.6544907663138,1863.6554650174985,464.3920706433278,192.0,1207.2633943741707,28107.262980633463,11620.772259969164,73069.44251989364,112797.47776049626,24.918343511469136,10.302333430401376,64.77932305812949,87.1414935448372,5.03374861302347,94.96625138697652,560.0,3.6124420688789067,3057.4636363636364,32.67604675476454,9.783832540123779,17.0,0.0,96.0,9.0
Suplesi Citameng III,R073,Suplesi Citameng III,Sekunder,SRI,Jan,,True,57.0,SI Copong Kanan,0,542.4121810765971,0.542412181076597,0.0,0.0,0.0,0.0,Suplesi Citameng III,,,0.81,,,0.0,0.0,0.0,0.0,0.0,0.0,0.0,0.0,0.0,0.0,0.0,0.0,0.0,,,,,,,,0.0,0.0,0.0,0.0,,,,,,,,,,,,,,,
SS Sindangsari,R074,SS Sindangsari,Sekunder,SRI,Jan,Feb,True,62.0,SS Lewo,2,578.2388612206557,0.5782388612206557,97.20222730984837,972022.2730984837,0.0,97.20222730984837,SS Sindangsari,,0.0,0.81,0.7682696196112849,0.10977789489187312,10.670655892876493,10.670655892876493,8.64323127322996,18.453716290100008,104548.5254809896,143967.86632320005,129072.25368023406,0.0,0.0,0.0,0.0,0.0,0.0,107.55774674557989,2031.0000000000002,2138.55774674558,1863.5504140700855,463.20132366761425,192.0,1208.3490904024713,450242.0035336209,186628.27643490888,1174542.2295494955,1811412.5095180254,24.855851506370563,10.302914187368968,64.84123430626047,87.14052341612023,5.029452532168439,94.97054746783157,588.0,3.6020522927598466,3057.4636363636364,32.68286834707605,9.792464038150417,17.0,0.0,96.0,9.0
LW.15.Ki,R075,LW.15.Ki,Tersier,SRI,Jan,Jan,True,62.0,SS Lewo,0,2433.48645372013,2.43348645372013,82.71730254491948,827173.0254491947,82.71730254491948,0.0,SS Lewo,,0.0,0.9,0.8814076245274293,0.11334974595260149,9.3759852293511,9.3759852293511,8.43838670641599,3.852902166362094,102070.72560080781,135836.81820308507,113411.9173342309,102070.72560080781,394657.44441224256,158817.2208862454,546724.1215683026,1100198.7868667906,9.3759852293511,123.39706743384009,1427.8000000000002,1551.1970674338402,1330.0709198892573,477.1159506778217,192.0,660.9549692114356,394657.44441224256,158817.2208862454,546724.1215683026,1100198.7868667906,35.87146696790774,14.435320487721517,49.69321254437074,85.74480624113131,7.9549574985966816,92.04504250140333,531.0,3.568834364780167,2564.2272727272725,30.797156621824865,0.7391091919809556,19.0,0.0,70.0,9.0
BN.4.Ki,R076,BN.4.Ki,Tersier,SRI,Jan,Feb,True,63.0,SS Binuang,0,1407.8688167286348,1.4078688167286348,15.13121388016819,151312.1388016819,15.13121388016819,0.0,SS Binuang,,0.0,0.9,0.7689606483308106,0.09888897226476473,1.4963101897281754,1.4963101897281754,1.3466791707553578,1.0628193280145557,16289.43124945681,22430.035009010142,18099.36805495201,16289.43124945681,70268.15745158368,29051.930649922924,182673.60629973415,281993.6944012408,1.4963101897281754,107.65449076631349,2031.0000000000002,2138.6544907663138,1863.6554650174985,464.3920706433278,192.0,1207.2633943741707,70268.15745158368,29051.930649922924,182673.60629973415,281993.6944012408,24.918343511469136,10.302333430401376,64.77932305812948,87.1414935448372,5.03374861302347,94.96625138697652,560.0,3.6124420688789067,3057.4636363636364,32.67604675476454,9.783832540123779,17.0,0.0,96.0,9.0
BN.3.Ki,R077,BN.3.Ki,Tersier,SRI,Jan,Feb,True,63.0,SS Binuang,1,2190.7986314327504,2.1907986314327506,92.07387902943998,920738.7902943998,92.07387902943998,0.0,SS Binuang,,0.0,0.9,0.7689606483308106,0.09888897226476473,9.105091269651593,3.518866561333078,8.194582142686434,4.156060323854135,99121.66559793512,136487.41907960843,110135.18399770568,99121.66559793512,427583.79334644903,176781.84773652477,1111574.2373027848,1715939.8783857585,9.105091269651593,107.65449076631349,2031.0000000000002,2138.6544907663138,1863.6554650174985,464.3920706433278,192.0,1207.2633943741707,427583.79334644903,176781.84773652477,1111574.2373027848,1715939.8783857585,24.91834351146914,10.302333430401378,64.77932305812949,87.1414935448372,5.03374861302347,94.96625138697652,560.0,3.6124420688789067,3057.4636363636364,32.67604675476454,9.783832540123779,17.0,0.0,96.0,9.0
Ruas tanpa nama R078,R078,,Tersier,SRI,Jan,Feb,True,63.0,SS Cioray,0,704.3036151832371,0.704303615183237,16.54410424515353,165441.0424515353,16.54410424515353,0.0,SS Cioray,,0.0,0.9,0.7700841674830373,0.0990334577524482,1.638419848814511,1.638419848814511,1.47457786393306,2.3262976555760644,17836.493842134296,24554.973513549303,19818.32649126033,17836.493842134296,77115.54411793232,31764.680150694774,199478.44629755957,308358.67056618666,1.638419848814511,107.81178344762523,2031.0000000000002,2138.8117834476257,1863.8583630571477,466.12099981492037,192.0,1205.7373632422273,77115.54411793232,31764.680150694774,199478.44629755957,308358.67056618666,25.008391681134874,10.301211927127161,64.69039639173796,87.14457146167061,5.0407326293031565,94.95926737069684,529.0,3.627240515785811,3057.4636363636364,32.66528447528844,9.775422139452772,17.0,0.0,96.0,9.0
LW.7.Ki,R079,LW.7.Ki,Tersier,SRI,Jan,Jan,True,62.0,SS Lewo,1,933.5050995359856,0.9335050995359856,29.591077143186226,295910.77143186226,29.591077143186226,0.0,SS Lewo,,0.0,0.9,0.8814076245274293,0.11334974595260149,3.354141076643992,1.7580656373764143,3.0187269689795926,3.5930613322961213,36514.521416777156,48593.91738686885,40571.690463085724,36514.521416777156,141183.74902752056,56814.86811491755,195583.69482107868,393582.3119635168,3.354141076643992,123.39706743384009,1427.8000000000002,1551.1970674338402,1330.0709198892573,477.1159506778217,192.0,660.9549692114356,141183.74902752056,56814.86811491755,195583.69482107868,393582.3119635168,35.87146696790775,14.435320487721517,49.69321254437073,85.74480624113131,7.9549574985966816,92.04504250140333,531.0,3.568834364780167,2564.2272727272725,30.797156621824865,0.7391091919809556,19.0,0.0,70.0,9.0
LW.9.Ki,R080,LW.9.Ki,Tersier,SRI,Jan,Jan,True,62.0,SS Lewo,0,44.224478096799885,0.044224478096799885,4.433957428996731,44339.574289967306,4.433957428996731,0.0,SS Lewo,,0.0,0.9,0.8814076245274293,0.11334974595260149,0.5025879481414295,0.5025879481414295,0.45232915332728657,11.36447437641547,5471.373438646859,7281.36255260225,6079.303820718732,5471.373438646859,21155.118140007653,8513.198263673723,29306.461959673503,58974.77836335488,0.5025879481414295,123.39706743384009,1427.8000000000002,1551.1970674338402,1330.0709198892573,477.1159506778217,192.0,660.9549692114356,21155.118140007653,8513.198263673723,29306.461959673503,58974.77836335488,35.87146696790775,14.435320487721516,49.69321254437072,85.74480624113131,7.9549574985966816,92.04504250140333,531.0,3.568834364780167,2564.2272727272725,30.797156621824865,0.7391091919809556,19.0,0.0,70.0,9.0
LW.8.Ki,R081,LW.8.Ki,Tersier,SRI,Jan,Jan,True,62.0,SS Lewo,0,1093.9291903652727,1.0939291903652726,49.527183712473416,495271.8371247342,49.527183712473416,0.0,SS Lewo,,0.0,0.9,0.8814076245274293,0.11334974595260149,5.613893691556684,5.613893691556684,5.052504322401016,5.131862044637602,61115.092283762686,81332.62138726814,67905.65809306965,61115.092283762686,236302.0934137188,95092.19272794898,327352.3818580698,658746.6679997375,5.613893691556684,123.39706743384009,1427.8000000000002,1551.1970674338402,1330.0709198892573,477.1159506778217,192.0,660.9549692114356,236302.0934137188,95092.19272794898,327352.3818580698,658746.6679997375,35.87146696790775,14.435320487721519,49.69321254437073,85.74480624113131,7.9549574985966816,92.04504250140333,531.0,3.568834364780167,2564.2272727272725,30.797156621824865,0.7391091919809556,19.0,0.0,70.0,9.0
BK.5,R082,BK.5,Tersier,SRI,Jan,Jan,True,62.0,SS Bandrek,2,2196.163111488021,2.196163111488021,85.38080682918685,853808.0682918685,85.38080682918685,0.0,SS Bandrek,,0.0,0.9,0.8800698324219444,0.11317770478677266,9.663203749770174,2.5010644999405143,8.696883374793156,4.400039186170841,105197.50130149802,140007.74288766144,116886.11255722003,105197.50130149802,405529.7395812508,163931.14911203875,565892.4846280226,1135353.3733213122,9.663203749770174,123.20977653907221,1427.8000000000002,1551.0097765390724,1329.7524531393856,474.96592576427054,192.0,662.786527375115,405529.7395812508,163931.14911203875,565892.4846280226,1135353.3733213122,35.718371840031814,14.438777649682923,49.84285051028526,85.73462741844213,7.943842676092142,92.05615732390787,569.0,3.5508019851533055,2564.2272727272725,30.825133642328364,0.7603511992379879,19.0,0.0,70.0,9.0
BK.1.Ki,R083,BK.1.Ki,Tersier,SRI,Jan,Jan,True,62.0,CT.2,0,994.4555003469691,0.9944555003469691,20.583741394228134,205837.41394228133,34.646462519035374,-14.06272112480724,SS Citambal,,0.0,0.9,0.8789774984801769,0.1130372297428211,2.3267291049461822,1.5915864999621456,2.094056194451564,2.3397015795421496,25329.70372808612,33715.82309332719,28144.11525342902,42656.35100127402,164203.361587992,66521.20803654792,229944.19082789525,460668.7604524352,3.9183156049083276,123.05684978722476,1427.8000000000002,1550.856849787225,1329.541486534123,473.23868943096215,192.0,664.3027971031607,97410.22800990367,39520.78347691802,136738.36983033863,273669.3813171603,35.59412731562148,14.441068740209808,49.964803944168715,85.72947830204534,7.93476521086443,92.06523478913557,598.0,3.536243128533142,2564.2272727272725,30.846369918329568,0.7777402034711773,19.0,0.0,70.0,9.0
SS Tegal Buah,R084,SS Tegal Buah,Sekunder,SRI,Jan,Jan,True,58.0,SS Copong Kanan,55,9505.764740275474,9.505764740275474,1438.9024923832287,14389024.923832288,0.0,1438.9024923832287,SS Tegal Buah,,0.0,0.81,0.8774110263060261,0.12537308903549754,175.93590468025187,0.0,142.50808279100403,18.50833778105404,1723777.7694399846,2309746.304361723,2128120.7030123267,0.0,0.0,0.0,0.0,0.0,0.0,122.83754368284364,1427.8000000000002,1550.637543682844,1329.1259996769109,470.68299102613014,192.0,666.4430086507806,6798645.741200578,2762692.7853757995,11250428.989196906,20811767.51577328,32.66731543127161,13.274666763800571,54.05801780492783,85.71480840842847,7.921744458159974,92.07825554184002,645.0,3.5150161069316486,2564.2272727272725,30.877995033370148,0.7928509046963805,19.0,0.0,70.0,9.0
C.1.M,R085,C.1.M,Tersier,SRI,Jan,Jan,True,4.0,SS Cikukuk,0,1006.7270480318643,1.0067270480318644,23.131265789648054,231312.65789648055,23.131265789648054,0.0,SS Cikukuk,,0.0,0.9,0.8780475918904295,0.11291764299002435,2.6119280123428426,2.6119280123428426,2.3507352111085584,2.594474855373282,28434.49311356913,42575.39436788445,31593.881237299032,28434.49311356913,109740.5837043782,44412.03031612426,152701.5209236311,306854.1349441336,2.6119280123428426,122.92666286466013,1395.0,1517.92666286466,1326.5773595557407,474.4253284811177,192.0,660.1520310746231,109740.5837043782,44412.03031612426,152701.5209236311,306854.1349441336,35.76311061421993,14.473336109422151,49.763553276357904,87.39403503540802,8.098326873886688,91.90167312611331,637.0,3.4839397313562173,2402.2727272727275,30.01388624993117,-0.7129161167592271,19.0,1.0,64.0,9.0
CD.17.Ka,R086,CD.17.Ka,Tersier,SRI,Jan,Jan,True,3.0,SS Ciduga,0,485.3633116030573,0.4853633116030573,69.61865264103564,696186.5264103564,69.61865264103564,0.0,SS Ciduga,,0.0,0.9,0.8788296733193482,0.11301821930547173,7.868176151936025,7.868176151936025,7.081358536742423,16.210900090385948,85656.11286043635,128180.75207470822,95173.45873381816,85656.11286043635,330644.9967756142,133667.81307078843,456491.9008962205,920804.7107426231,7.868176151936025,123.03615426470876,1380.2999999999997,1503.3361542647085,1322.640809339463,474.93736840968484,192.0,655.7034409297781,330644.9967756142,133667.81307078843,456491.9008962205,920804.7107426231,35.908265120510855,14.51641281928132,49.57532206020783,87.98037655033815,8.184207764555927,91.81579223544406,634.0,3.476017790438906,2450.2454545454543,30.007160078887175,-0.7206109292274778,19.0,1.0,64.0,9.0
CD.18.Ka,R087,CD.18.Ka,Tersier,SRI,Jan,Jan,True,3.0,SS Ciduga,0,240.77758679856157,0.24077758679856157,27.242081468231323,272420.81468231324,27.242081468231323,0.0,SS Ciduga,,0.0,0.9,0.8788296733193482,0.11301821930547173,3.0788515377140953,3.0788515377140953,2.7709663839426857,12.78711851319414,33517.609380170725,50157.68559445102,37241.788200189694,33517.609380170725,129382.82482524027,52304.79641900414,178627.26556808624,360314.88681233063,3.0788515377140953,123.03615426470876,1380.2999999999997,1503.3361542647085,1322.640809339463,474.93736840968484,192.0,655.7034409297781,129382.82482524027,52304.79641900414,178627.26556808624,360314.88681233063,35.90826512051085,14.516412819281319,49.57532206020784,87.98037655033815,8.184207764555927,91.81579223544406,634.0,3.476017790438906,2450.2454545454543,30.007160078887175,-0.7206109292274778,19.0,1.0,64.0,9.0
CD.19.Ka,R088,CD.19.Ka,Tersier,SRI,Jan,Jan,True,3.0,SS Ciduga,0,180.24259890552534,0.18024259890552535,6.0537958818291795,60537.958818291794,6.0537958818291795,0.0,SS Ciduga,,0.0,0.9,0.8788296733193482,0.11301821930547173,0.6841892306031319,0.6841892306031319,0.6157703075428187,3.7959352270644495,7448.357640037935,11146.152354322441,8275.952933375484,7448.357640037935,28751.738850053378,11623.288093112023,39694.947904019136,80069.97484718454,0.6841892306031319,123.03615426470876,1380.2999999999997,1503.3361542647085,1322.640809339463,474.93736840968484,192.0,655.7034409297781,28751.738850053378,11623.288093112023,39694.947904019136,80069.97484718454,35.90826512051085,14.516412819281317,49.57532206020783,87.98037655033815,8.184207764555927,91.81579223544406,634.0,3.476017790438906,2450.2454545454543,30.007160078887175,-0.7206109292274778,19.0,1.0,64.0,9.0
SS Cioray,R089,SS Cioray,Sekunder,SRI,Jan,Feb,True,62.0,SS Lewo,3,965.9321989938668,0.9659321989938668,103.86908468855196,1038690.8468855197,0.0,103.86908468855196,SS Cioray,,0.0,0.81,0.7700841674830373,0.110037175280498,11.429460678099082,11.429460678099082,9.257863149260256,11.8325703294747,111983.11265345209,154163.83900936513,138250.7563622865,0.0,0.0,0.0,0.0,0.0,0.0,107.81178344762523,2031.0000000000002,2138.8117834476257,1863.8583630571477,466.12099981492037,192.0,1205.7373632422273,484155.61604888475,199428.64260201974,1252388.3629475823,1935972.6215984868,25.008391681134878,10.301211927127165,64.69039639173796,87.14457146167061,5.0407326293031565,94.95926737069684,529.0,3.627240515785811,3057.4636363636364,32.66528447528844,9.775422139452772,17.0,0.0,96.0,9.0
SS Kresek,R090,SS Kresek,Sekunder,SRI,Jan,Jan,True,62.0,SS Cibatu,8,934.7111007754147,0.9347111007754147,74.77258029614494,747725.8029614494,0.0,74.77258029614494,SS Kresek,,0.0,0.81,0.9910227880492374,0.14160705133305287,10.588324616301014,10.588324616301014,8.576542939203822,11.327911487856712,103741.86339260943,139039.8483535031,128076.37455877707,0.0,0.0,0.0,0.0,0.0,0.0,138.74319032689323,1315.3000000000002,1454.0431903268934,1218.210171570048,480.49493999210085,192.0,545.7152315779472,359278.464824507,143563.35416859828,408045.3597199138,910887.1787130191,39.44269644152056,15.760827193927256,44.796476364552184,83.78087939025895,9.541889212775132,90.45811078722488,595.0,3.5789807567969807,2307.909090909091,29.16244118865307,-1.6598144152828707,23.0,2.0,55.0,9.0
KR.2.Ki,R091,KR.2.Ki,Tersier,SRI,Jan,Jan,True,63.0,SS Kresek,4,2901.8207337804697,2.9018207337804696,56.71341586166015,567134.1586166015,56.71341586166015,0.0,SS Kresek,,0.0,0.9,0.9910227880492374,0.1274463461997476,7.227917632075397,0.0,6.505125868867857,2.4908215548721793,78686.0025098256,105458.77525937051,87428.891677584,78686.0025098256,272505.09351195453,108889.7584543875,309493.7487052229,690888.6006715649,7.227917632075397,138.74319032689323,1315.3000000000002,1454.0431903268934,1218.210171570048,480.49493999210085,192.0,545.7152315779472,272505.09351195453,108889.7584543875,309493.7487052229,690888.6006715649,39.44269644152056,15.760827193927257,44.796476364552184,83.78087939025895,9.541889212775132,90.45811078722488,595.0,3.5789807567969807,2307.909090909091,29.16244118865307,-1.6598144152828707,23.0,2.0,55.0,9.0
KR.2.Ki (2),R092,KR.2.Ki,Tersier,SRI,Jan,Jan,True,63.0,SS Kresek,2,1254.3934332709287,1.2543934332709286,18.05916443448478,180591.64434484782,18.05916443448478,0.0,SS Kresek,,0.0,0.9,0.9910227880492374,0.1274463461997476,2.3015745225955166,0.0,2.071417070335965,1.834810723294351,25055.860882783832,33581.073094132575,27839.84542531537,25055.860882783832,86773.37131255247,34673.59571421079,98551.61101469089,219998.57804145414,2.3015745225955166,138.74319032689323,1315.3000000000002,1454.0431903268934,1218.210171570048,480.49493999210085,192.0,545.7152315779472,86773.37131255247,34673.59571421079,98551.61101469089,219998.57804145414,39.44269644152056,15.760827193927259,44.79647636455218,83.78087939025895,9.541889212775132,90.45811078722488,595.0,3.5789807567969807,2307.909090909091,29.16244118865307,-1.6598144152828707,23.0,2.0,55.0,9.0
Ruas tanpa nama R093,R093,,Tersier,SRI,Jan,Jan,False,,,0,144.92064371277348,0.1449206437127735,2.0260552477789115,20260.552477789115,2.0260552477789115,0.0,Ruas tanpa nama R093,,0.0,0.9,0.8806099645870461,0.11324716622775798,0.2294450154318398,0.2294450154318398,0.2065005138886558,1.5832459030929367,2497.830215997181,3324.257200249487,2775.3669066635343,2497.830215997181,9640.916464729864,3890.02607573551,13412.938581166465,26943.88112163184,0.2294450154318398,123.28539504218645,1427.8000000000002,1551.0853950421865,1329.8690226324977,475.84667176765487,192.0,662.0223508648428,9640.916464729864,3890.02607573551,13412.938581166465,26943.88112163184,35.78146897697553,14.43751202053965,49.78101900248482,85.73796303435168,7.9483305971579545,92.05166940284207,555.0,3.5582369115909143,2564.2272727272725,30.814225702301766,0.7517725389261036,19.0,0.0,70.0,9.0
CS.4.Ka,R094,CS.4.Ka,Tersier,SRI,Jan,Jan,True,4.0,SS Ciseureuh,0,557.3489644218649,0.557348964421865,28.251047448536188,282510.4744853619,28.251047448536188,0.0,SS Ciseureuh,,0.0,0.9,0.986833788072452,0.12690763735499638,3.585273684497627,3.585273684497627,3.226746316047864,6.432726915024614,39030.72343891497,52425.32072711135,43367.4704876833,39030.72343891497,134993.3184902623,54242.011101189484,151854.10821157735,341089.4378030291,3.585273684497627,138.1567303301433,1315.3000000000002,1453.4567303301435,1207.3514740449118,477.83473776034066,192.0,537.5167362845712,134993.3184902623,54242.011101189484,151854.10821157735,341089.4378030291,39.57710310813484,15.902577180508574,44.52031971135659,83.06758975691484,9.50538997461327,90.49461002538673,641.0,3.5572069623064433,2307.909090909091,29.201758753216886,-1.6418478835166934,23.0,2.0,55.0,9.0
CS.5.Ka,R095,CS.5.Ka,Tersier,SRI,Jan,Jan,True,4.0,SS Ciseureuh,0,718.083970266799,0.718083970266799,25.224149507621593,252241.49507621594,25.224149507621593,0.0,SS Ciseureuh,,0.0,0.9,0.986833788072452,0.12690763735499638,3.201137218301452,3.201137218301452,2.881023496471307,4.457887031111546,34848.86021331693,46808.322077777986,38720.95579257437,34848.86021331693,120529.7486520199,48430.36705463346,135584.0251889083,304544.14089556166,3.201137218301452,138.1567303301433,1315.3000000000002,1453.4567303301435,1207.3514740449118,477.83473776034066,192.0,537.5167362845712,120529.7486520199,48430.36705463346,135584.0251889083,304544.14089556166,39.57710310813485,15.90257718050857,44.52031971135658,83.06758975691484,9.50538997461327,90.49461002538673,641.0,3.5572069623064433,2307.909090909091,29.201758753216886,-1.6418478835166934,23.0,2.0,55.0,9.0
CS.6.Ki.b,R096,CS.6.Ki.b,Tersier,SRI,Jan,Jan,False,,,0,957.4043135313776,0.9574043135313777,115.02212175475455,1150221.2175475454,141.255237242681,-26.233115487926455,CS.6.Ki.b,,0.0,0.9,0.9897784644033691,0.12728632515475424,14.64074318966542,3.3391168678184266,13.176668870698878,15.292121607080674,159384.98665997366,213756.50087464022,177094.42962219295,195735.9485297922,677635.8977768682,271210.05550594756,771642.4557314973,1720488.409014313,17.979860057483847,138.5689850164717,1315.3000000000002,1453.868985016472,1217.9997305575716,479.7244413760519,192.0,546.2752891815196,551789.2310468785,220842.47376912873,628337.428238505,1400969.1330545123,39.38625184723524,15.763550285196445,44.850197867568305,83.77644362114046,9.531050352167856,90.46894964783215,616.0,3.5751913052135995,2307.909090909091,29.17442120723949,-1.6545460210880516,23.0,2.0,55.0,9.0
CS.6.Ki.a,R097,CS.6.Ki.a,Tersier,SRI,Jan,Jan,False,,,0,558.6920157057763,0.5586920157057763,44.39450313341402,443945.0313341402,44.39450313341402,0.0,CS.6.Ki.a,,0.0,0.9,0.986996139111243,0.12692851583220716,5.634928393832512,5.634928393832512,5.071435554449261,10.085929699056289,61344.08446661826,82389.08442021166,68160.09385179807,61344.08446661826,212183.73014937268,85237.44601615492,238611.2277470186,536032.4039125462,5.634928393832512,138.17945947557402,1315.3000000000002,1453.4794594755742,1207.4296727720225,477.9504559646039,192.0,537.4792168074187,212183.73014937268,85237.44601615492,238611.2277470186,536032.4039125462,39.584123758307435,15.901547256098612,44.51432898559395,83.0716708722992,9.506805106515241,90.49319489348477,647.0,3.5607772895396286,2307.909090909091,29.200239772775507,-1.6426138137919417,23.0,2.0,55.0,9.0
CS.6.Ka,R098,CS.6.Ka,Tersier,SRI,Jan,Jan,False,,,0,700.5780506154197,0.7005780506154197,85.76210832591347,857621.0832591348,88.78900626682807,-3.026897940914594,CS.6.Ka,,0.0,0.9,0.9902346204316989,0.12734498719543452,10.921374586616917,0.3841364661961741,9.829237127955226,15.589090433283035,118894.45229974642,159419.18943239358,132104.94699971823,123076.31552534446,426159.87464787986,170474.89203230987,484594.88530657144,1081229.6519867613,11.305511052813092,138.63284686043784,1315.3000000000002,1453.932846860438,1218.118788672126,480.04452414475134,192.0,546.0742645273747,411696.3048096375,164663.24798575387,468324.8022839024,1044684.3550792937,39.4086790721001,15.762009566349406,44.8293113615505,83.78095255929328,9.535024066606365,90.46497593339363,603.0,3.575304352817498,2307.909090909091,29.16949643018216,-1.6573583100491498,23.0,2.0,55.0,9.0
CP.Ka.13.Ki,R099,CP.Ka.13.Ki,Tersier,SRI,Jan,Jan,True,38.0,SI Copong Kanan,0,1008.383378205013,1.008383378205013,40.969078628597856,409690.78628597857,40.969078628597856,0.0,SI Copong Kanan,,0.0,0.9,0.8765277099541885,0.11272218492209213,4.61812405726054,4.61812405726054,4.1563116515344865,4.579730444864231,50274.74573696115,75275.3061506281,55860.8285966235,50274.74573696115,193307.18159921665,78660.63096690789,269494.78355016233,541462.5961162869,4.61812405726054,122.71387939358638,1380.2999999999997,1503.0138793935862,1321.637230421694,471.8367804939636,192.0,657.8004499277305,193307.18159921665,78660.63096690789,269494.78355016233,541462.5961162869,35.7009298492155,14.527435788014133,49.77163436277035,87.93247012162847,8.164520705763353,91.83547929423663,682.0,3.4443790702566353,2450.2454545454543,30.04417853061752,-0.6894246109683779,19.0,1.0,64.0,9.0
Suplesi Cipari,R100,Suplesi Cipari,Tersier,SRI,Jan,Jan,False,,,0,1495.0902052457348,1.4950902052457347,72.09240656576686,720924.0656576686,72.09240656576686,0.0,Suplesi Cipari,,0.0,0.9,0.8772502326790192,0.11281510193917428,8.133112195757386,8.133112195757386,7.319800976181647,5.439880595312053,88540.31260789321,132544.51579598707,98378.12511988134,88540.31260789321,340848.3610431529,138417.42060627238,473824.221567126,953090.0032165513,8.133112195757386,122.8150325750627,1380.2999999999997,1503.1150325750625,1322.0393778186437,472.79370641096756,192.0,657.2456714076761,340848.3610431529,138417.42060627238,473824.221567126,953090.0032165513,35.76245264275518,14.523016728654389,49.71453062859044,87.95330691050246,8.170700838821501,91.8292991611785,672.0,3.456062894394416,2450.2454545454543,30.03293209322012,-0.6982246752008807,19.0,1.0,64.0,9.0
LW.2.Ki,R101,LW.2.Ki,Tersier,SRI,Jan,Jan,True,62.0,SS Lewo,1,1699.2579137436514,1.6992579137436514,58.12156470655067,581215.6470655067,58.12156470655067,0.0,SS Lewo,,0.0,0.9,0.8814076245274293,0.11334974595260149,6.588064593855208,3.069416521477402,5.929258134469687,3.8770245179208724,71720.30639454533,95446.15426059352,79689.2293272726,71720.30639454533,277307.2559984845,111593.40423657728,384157.37011138664,773058.0303464484,6.588064593855208,123.39706743384009,1427.8000000000002,1551.1970674338402,1330.0709198892573,477.1159506778217,192.0,660.9549692114356,277307.2559984845,111593.40423657728,384157.37011138664,773058.0303464484,35.87146696790775,14.435320487721516,49.69321254437074,85.74480624113131,7.9549574985966816,92.04504250140333,531.0,3.568834364780167,2564.2272727272725,30.797156621824865,0.7391091919809556,19.0,0.0,70.0,9.0
CP.3.Ka.2,R102,CP.3.Ka.2,Tersier,SRI,Jan,Jan,True,1.0,SI Copong,1,3434.8674843961667,3.434867484396167,140.62391749268807,1406239.1749268807,140.62391749268807,0.0,SI Copong,,0.0,0.9,0.8766227444353696,0.11273440643458969,15.853153869044906,5.387352918255,14.267838482140416,4.6153611285041505,172583.77427997047,258397.63521149015,191759.7491999672,172583.77427997047,663673.7136810778,269997.9215859611,924802.9733046333,1858474.6085716723,15.853153869044906,122.72718422095174,1380.2999999999997,1503.0271842209515,1321.5921172643382,471.94938493701574,192.0,657.6427323273224,663673.7136810778,269997.9215859611,924802.9733046333,1858474.6085716723,35.710668879740204,14.527931688744868,49.761399431514924,87.92869025514968,8.16533363530372,91.83466636469628,688.0,3.4511695815177803,2450.2454545454543,30.04275521983005,-0.6908478425166864,19.0,1.0,64.0,9.0
CD.4.Ki.2,R103,CD.4.Ki.2,Tersier,SRI,Jan,Jan,True,3.0,Suplesi Cibuyutan Selatan,0,120.42020884394273,0.12042020884394274,9.971291159538678,99712.91159538679,9.971291159538678,0.0,Suplesi Cibuyutan Selatan,,0.0,0.9,0.8781509879856179,0.11293093981296524,1.126067281795415,1.126067281795415,1.0134605536158734,9.35114872001866,12258.818856537608,18347.953318918564,13620.909840597342,12258.818856537608,47268.82560329741,19144.879026314262,65441.23933329945,131854.94396291111,1.126067281795415,122.9411383179865,1380.2999999999997,1503.2411383179863,1322.3457409201897,474.04919630773577,192.0,656.296544612454,47268.82560329741,19144.879026314262,65441.23933329945,131854.94396291111,35.849111290505306,14.519652013730663,49.63123669576403,87.96630874536837,8.178404328100573,91.82159567189943,648.0,3.4696337402519206,2450.2454545454543,30.01712595786107,-0.7125132026158276,19.0,1.0,64.0,9.0
CTL.9.Ka,R104,CTL.9.Ka,Tersier,SRI,Jan,Jan,True,7.0,SS Citikey Kiri,0,1439.3289165223346,1.4393289165223346,20.726218821304812,207262.18821304812,20.726218821304812,0.0,SS Citikey Kiri,,0.0,0.9,0.9931687730090974,0.12772232163182837,2.6472007865063474,2.6472007865063474,2.382480707855713,1.8391909980537584,28818.48664222271,38582.5200118313,32020.540713580787,28818.48664222271,99883.57503735833,39794.34013690524,112926.78426560722,252604.69943987078,2.6472007865063474,139.04362822127365,1315.3000000000002,1454.3436282212738,1218.7688531987048,481.91894478449876,192.0,544.8499084142061,99883.57503735833,39794.34013690524,112926.78426560722,252604.69943987078,39.54145558607642,15.753602456781591,44.704941957142,83.80198665217193,9.560576023654749,90.43942397634527,578.0,3.5899567696444357,2307.909090909091,29.141247905497753,-1.6699946697794226,23.0,2.0,55.0,9.0
CTL.11.Ki.a1,R105,CTL.11.Ki.a1,Tersier,SRI,Jan,Jan,True,8.0,CTL.11.Ki.a2,0,320.54886357033246,0.32054886357033247,23.687107224348352,236871.07224348353,23.687107224348352,0.0,SS Citikey Kiri,,0.0,0.9,0.9931687730090974,0.12772232163182837,3.025372327435825,3.025372327435825,2.722835094692243,9.43810030626429,32935.41330539737,44094.30858495005,36594.90367266374,32935.41330539737,114152.65718555237,45479.24587074884,129059.18201783679,288691.085074138,3.025372327435825,139.04362822127365,1315.3000000000002,1454.3436282212738,1218.7688531987048,481.91894478449876,192.0,544.8499084142061,114152.65718555237,45479.24587074884,129059.18201783679,288691.085074138,39.54145558607642,15.753602456781593,44.70494195714199,83.80198665217193,9.560576023654749,90.43942397634527,578.0,3.5899567696444357,2307.909090909091,29.141247905497753,-1.6699946697794226,23.0,2.0,55.0,9.0
CTL.11.Ki.a2,R106,CTL.11.Ki.a2,Tersier,SRI,Jan,Jan,True,7.0,SS Citikey Kiri,1,731.4403055595919,0.7314403055595919,40.46547484159511,404654.7484159511,16.778367617246758,23.687107224348352,SS Citikey Kiri,,0.0,0.9,0.9931687730090974,0.12772232163182837,5.16834439270287,5.16834439270287,4.6515099534325826,7.065982491556577,56264.664396720524,75327.77716595636,62516.29377413391,23329.251091323153,80858.13217309961,32214.465825113773,91416.92059596776,204489.51859418117,2.142972065267044,139.04362822127365,1315.3000000000002,1454.3436282212738,1218.7688531987048,481.91894478449876,192.0,544.8499084142061,195010.78935865196,77693.71169586261,220476.10261380457,493180.6036683191,39.54145558607642,15.753602456781595,44.704941957142,83.80198665217193,9.560576023654749,90.43942397634527,578.0,3.5899567696444357,2307.909090909091,29.141247905497753,-1.6699946697794226,23.0,2.0,55.0,9.0
CTL.11M,R107,CTL.11M,Tersier,SRI,Jan,Jan,True,7.0,SS Citikey Kiri,0,817.9201371308275,0.8179201371308275,18.752293219275785,187522.93219275784,18.752293219275785,0.0,SS Citikey Kiri,,0.0,0.9,0.9931687730090974,0.12772232163182837,2.395086425886696,2.395086425886696,2.1555777832980265,2.9282644076821387,26073.868866772933,34907.9942964188,28970.96540752548,26073.868866772933,90370.85360522897,36004.40298100951,102171.85243078749,228547.10901702597,2.395086425886696,139.04362822127365,1315.3000000000002,1454.3436282212738,1218.7688531987048,481.91894478449876,192.0,544.8499084142061,90370.85360522897,36004.40298100951,102171.85243078749,228547.10901702597,39.54145558607642,15.753602456781595,44.70494195714199,83.80198665217193,9.560576023654749,90.43942397634527,578.0,3.5899567696444357,2307.909090909091,29.141247905497753,-1.6699946697794226,23.0,2.0,55.0,9.0
CTL.9.Ki,R108,CTL.9.Ki,Tersier,SRI,Jan,Jan,True,7.0,SS Citikey Kiri,0,908.7877130430836,0.9087877130430836,13.228546621477745,132285.46621477747,13.228546621477745,0.0,SS Citikey Kiri,,0.0,0.9,0.9931687730090974,0.12772232163182837,1.6895806863100171,1.6895806863100171,1.5206226176790154,1.8591588135060073,18393.451183445373,24625.363128269673,20437.16798160597,18393.451183445373,63750.87228855101,25398.80951323727,72075.72415165204,161225.40595344032,1.6895806863100171,139.04362822127365,1315.3000000000002,1454.3436282212738,1218.7688531987048,481.91894478449876,192.0,544.8499084142061,63750.87228855101,25398.80951323727,72075.72415165204,161225.40595344032,39.54145558607642,15.753602456781593,44.70494195714199,83.80198665217193,9.560576023654749,90.43942397634527,578.0,3.5899567696444357,2307.909090909091,29.141247905497753,-1.6699946697794226,23.0,2.0,55.0,9.0
PG.1.Ka,R109,PG.1.Ka,Tersier,SRI,Jan,Jan,True,7.0,SS Parigi,0,506.1096712366356,0.5061096712366356,1.0451770215483538,10451.770215483539,1.0451770215483538,0.0,SS Parigi,,0.0,0.9,0.878109080646041,0.11292555049460402,0.11802719052265846,0.11802719052265846,0.10622447147039261,0.23320477206900458,1284.8912069058692,1923.143411301698,1427.656896562077,1284.8912069058692,4954.035267275705,2006.7398813728391,6860.292913942336,13821.06806259088,0.11802719052265846,122.93527129044574,1380.2999999999997,1503.2352712904456,1322.3662382201987,473.99006724589697,192.0,656.3761709743017,4954.035267275705,2006.7398813728391,6860.292913942336,13821.06806259088,35.84408415355873,14.519426952280401,49.636488894160856,87.96801561774288,8.178045954504016,91.82195404549597,645.0,3.46592154238302,2450.2454545454543,30.017727581692093,-0.7118823529885043,19.0,1.0,64.0,9.0
PG.2.Ka,R110,PG.2.Ka,Tersier,SRI,Jan,Jan,True,7.0,SS Parigi,0,501.60202577389254,0.5016020257738926,9.52764974748507,95276.4974748507,9.52764974748507,0.0,SS Parigi,,0.0,0.9,0.878109080646041,0.11292555049460402,1.0759150926545265,1.0759150926545265,0.9683235833890739,2.144957630493138,11712.84206467424,17531.036809364552,13014.268960749156,11712.84206467424,45160.113445058014,18293.087515171334,62537.22259638522,125990.42355661457,1.0759150926545265,122.93527129044574,1380.2999999999997,1503.2352712904456,1322.3662382201987,473.99006724589697,192.0,656.3761709743017,45160.113445058014,18293.087515171334,62537.22259638522,125990.42355661457,35.84408415355874,14.519426952280403,49.63648889416086,87.96801561774288,8.178045954504016,91.82195404549597,645.0,3.46592154238302,2450.2454545454543,30.017727581692093,-0.7118823529885043,19.0,1.0,64.0,9.0
PG.5.Ki,R111,PG.5.Ki,Tersier,SRI,Jan,Jan,True,6.0,SS Cinanti,0,1511.7573469882323,1.5117573469882322,28.69730506205612,286973.0506205612,60.04922506286792,-31.3519200008118,SS Cinanti,,0.0,0.9,0.8785517276572476,0.11298247526456373,3.2422925593333947,0.8804821102648475,2.9180633034000554,2.1447175803661787,35296.89371792708,52822.19877779603,39218.77079769676,73858.89059284612,284914.6985126105,115294.51212070641,393950.78016553924,794159.9907988561,6.784510085321695,122.99724187201467,1380.2999999999997,1503.2972418720144,1322.5149699557628,474.468568435849,192.0,656.0464015199138,136159.69250760612,55098.82571914775,188267.63719281126,379526.15541956516,35.87623423663171,14.517794078839216,49.60597168452907,87.9742830039967,8.181831140649843,91.81816885935015,639.0,3.472911796144928,2450.2454545454543,30.013410654291473,-0.7135870759050942,19.0,1.0,64.0,9.0
PG.5.Ka,R112,PG.5.Ka,Tersier,SRI,Jan,Jan,True,7.0,SS Parigi,0,331.42482669911385,0.33142482669911383,12.50023646096124,125002.3646096124,12.50023646096124,0.0,SS Parigi,,0.0,0.9,0.878109080646041,0.11292555049460402,1.4115960836667687,1.4115960836667687,1.2704364753000918,4.259174237868111,15367.199605229915,23000.646678969006,17074.66622803324,15367.199605229915,59249.879207206315,24000.45400504558,82048.57344519094,165298.90665744283,1.4115960836667687,122.93527129044574,1380.2999999999997,1503.2352712904456,1322.3662382201987,473.99006724589697,192.0,656.3761709743017,59249.879207206315,24000.45400504558,82048.57344519094,165298.90665744283,35.84408415355874,14.519426952280403,49.63648889416086,87.96801561774288,8.178045954504016,91.82195404549597,645.0,3.46592154238302,2450.2454545454543,30.017727581692093,-0.7118823529885043,19.0,1.0,64.0,9.0
PG.6M,R113,PG.6M,Tersier,SRI,Jan,Jan,True,7.0,SS Parigi,0,568.2809513945241,0.5682809513945241,27.343670113748892,273436.70113748894,27.343670113748892,0.0,SS Parigi,,0.0,0.9,0.878109080646041,0.11292555049460402,3.0877990001379456,3.0877990001379456,2.779019100124151,5.433578219647676,33615.01503510174,50312.81585406584,37350.0167056686,33615.01503510174,129606.28035965461,52499.846618397874,179477.33489646943,361583.4618745219,3.0877990001379456,122.93527129044574,1380.2999999999997,1503.2352712904456,1322.3662382201987,473.99006724589697,192.0,656.3761709743017,129606.28035965461,52499.846618397874,179477.33489646943,361583.4618745219,35.84408415355874,14.519426952280405,49.636488894160856,87.96801561774288,8.178045954504016,91.82195404549597,645.0,3.46592154238302,2450.2454545454543,30.017727581692093,-0.7118823529885043,19.0,1.0,64.0,9.0
BG.1B.Ka,R114,BG.1B.Ka,Tersier,SRI,Jan,Jan,True,8.0,SS Situ Bagendit,0,447.787061860727,0.44778706186072703,20.65556408336109,206555.6408336109,20.65556408336109,0.0,SS Situ Bagendit,,0.0,0.9,0.8768345154510296,0.11276164036150071,2.329155288631894,2.329155288631894,2.0962397597687046,5.201479647387221,25356.116134162257,37963.4359450657,28173.462371291396,25356.116134162257,97561.96172906141,39658.68304005329,135798.257636004,273018.9024051187,2.329155288631894,122.75683216314415,1380.2999999999997,1503.0568321631438,1321.7692884264861,472.32775311932346,192.0,657.4415353071627,97561.96172906141,39658.68304005329,135798.257636004,273018.9024051187,35.734508076035794,14.525984351517836,49.739507572446385,87.93874324261209,8.167145083029034,91.83285491697097,678.0,3.4475493140907822,2450.2454545454543,30.037697658727687,-0.6968799842146538,19.0,1.0,64.0,9.0
BG.2.Ka,R115,BG.2.Ka,Tersier,SRI,Jan,Jan,True,8.0,SS Situ Bagendit,0,837.3929759350264,0.8373929759350264,10.82389070274014,108238.90702740141,10.82389070274014,0.0,SS Situ Bagendit,,0.0,0.9,0.8768345154510296,0.11276164036150071,1.220519670734575,1.220519670734575,1.0984677036611175,1.4575231770624208,13287.06534348488,19893.529884321782,14763.405937205422,13287.06534348488,51124.23975634386,20781.870149261067,71160.75321606401,143066.86312166892,1.220519670734575,122.75683216314415,1380.2999999999997,1503.0568321631438,1321.7692884264861,472.32775311932346,192.0,657.4415353071627,51124.23975634386,20781.870149261067,71160.75321606401,143066.86312166892,35.734508076035794,14.525984351517835,49.73950757244638,87.93874324261209,8.167145083029034,91.83285491697097,678.0,3.4475493140907822,2450.2454545454543,30.037697658727687,-0.6968799842146538,19.0,1.0,64.0,9.0
BG.3.Ka,R116,BG.3.Ka,Tersier,SRI,Jan,Jan,True,8.0,SS Situ Bagendit,0,382.3173566444208,0.3823173566444208,0.0,0.0,0.0,0.0,SS Situ Bagendit,,0.0,0.9,0.8768345154510296,0.11276164036150071,0.0,0.0,0.0,0.0,0.0,0.0,0.0,0.0,0.0,0.0,0.0,0.0,0.0,122.75683216314415,1380.2999999999997,1503.0568321631438,1321.7692884264861,472.32775311932346,192.0,657.4415353071627,0.0,0.0,0.0,0.0,,,,87.93874324261209,8.167145083029034,91.83285491697097,678.0,3.4475493140907822,2450.2454545454543,30.037697658727687,-0.6968799842146538,19.0,1.0,64.0,9.0
BG.3M,R117,BG.3M,Tersier,SRI,Jan,Jan,True,8.0,SS Situ Bagendit,0,572.5842070056942,0.5725842070056942,45.32687609232251,453268.7609232251,45.32687609232251,0.0,SS Situ Bagendit,,0.0,0.9,0.8768345154510296,0.11276164036150071,5.111132900632775,5.111132900632775,4.600019610569498,8.926430100755374,55641.83720944865,83307.52673595402,61824.263566054055,55641.83720944865,214091.4154060467,87027.60209725922,297997.71008814033,599116.7275914463,5.111132900632775,122.75683216314415,1380.2999999999997,1503.0568321631438,1321.7692884264861,472.32775311932346,192.0,657.4415353071627,214091.4154060467,87027.60209725922,297997.71008814033,599116.7275914463,35.73450807603579,14.525984351517835,49.73950757244638,87.93874324261209,8.167145083029034,91.83285491697097,678.0,3.4475493140907822,2450.2454545454543,30.037697658727687,-0.6968799842146538,19.0,1.0,64.0,9.0
RU.2.Ki,R118,RU.2.Ki,Tersier,SRI,Jan,Jan,True,8.0,SS Ranca Ucing,0,485.787667367498,0.485787667367498,8.322833691206755,83228.33691206755,8.322833691206755,0.0,SS Ranca Ucing,,0.0,0.9,0.8772693591614047,0.11281756162055101,0.938961802815316,0.938961802815316,0.8450656225337845,1.9328646359089066,10221.913770168658,15302.069409325886,11357.681966854065,10221.913770168658,39351.509477372085,15979.840687116972,54698.95027134171,110030.30043583077,0.938961802815316,122.81771028259665,1380.2999999999997,1503.1177102825964,1322.0293053804503,472.81383886052856,192.0,657.2154665199218,39351.509477372085,15979.840687116972,54698.95027134171,110030.30043583077,35.76424795851732,14.523127378386421,49.71262466309625,87.95248012425454,8.170864426812328,91.82913557318767,673.0,3.456168621062794,2450.2454545454543,30.032709206215905,-0.6985086395277529,19.0,1.0,64.0,9.0
RU.4M.b,R119,RU.4M.b,Tersier,SRI,Jan,Jan,True,8.0,SS Ranca Ucing,0,614.2894426532777,0.6142894426532777,27.580393374653635,275803.9337465364,27.580393374653635,0.0,SS Ranca Ucing,,0.0,0.9,0.8772693591614047,0.11281756162055101,3.111552729064023,3.111552729064023,2.800397456157621,5.0652876527136925,33873.607629682585,50708.34158339036,37637.34181075843,33873.607629682585,130403.91668753473,52954.35527933498,181262.6109852595,364620.88295212924,3.111552729064023,122.81771028259665,1380.2999999999997,1503.1177102825964,1322.0293053804503,472.81383886052856,192.0,657.2154665199218,130403.91668753473,52954.35527933498,181262.6109852595,364620.88295212924,35.76424795851732,14.523127378386418,49.71262466309624,87.95248012425454,8.170864426812328,91.82913557318767,673.0,3.456168621062794,2450.2454545454543,30.032709206215905,-0.6985086395277529,19.0,1.0,64.0,9.0
RU.4M.a,R120,RU.4M.a,Tersier,SRI,Jan,Jan,True,8.0,SS Ranca Ucing,0,368.56223734703013,0.36856223734703014,13.768971780012924,137689.71780012923,13.768971780012924,0.0,SS Ranca Ucing,,0.0,0.9,0.8772693591614047,0.11281756162055101,1.5533818222432358,1.5533818222432358,1.3980436400189122,4.214706947257338,16910.735869668766,25315.147423336053,18789.706521854183,16910.735869668766,65101.60404470196,26436.42581762481,90491.81211900832,182029.84198133508,1.5533818222432358,122.81771028259665,1380.2999999999997,1503.1177102825964,1322.0293053804503,472.81383886052856,192.0,657.2154665199218,65101.60404470196,26436.42581762481,90491.81211900832,182029.84198133508,35.76424795851734,14.52312737838642,49.71262466309626,87.95248012425454,8.170864426812328,91.82913557318767,673.0,3.456168621062794,2450.2454545454543,30.032709206215905,-0.6985086395277529,19.0,1.0,64.0,9.0
CN.3.Ki,R121,CN.3.Ki,Tersier,SRI,Jan,Jan,True,6.0,SS Cinanti,2,2135.2800654105818,2.1352800654105817,73.91397220331676,739139.7220331676,81.732693009036,-7.818720805719238,SS Cinanti,,0.0,0.9,0.8785517276572476,0.11298247526456373,8.350983536166886,0.8833784300327044,7.515885182550198,3.910954666530416,90912.14716812721,136051.05161398562,101013.49685347467,100528.95810883524,387795.9384640404,156926.77057734915,536204.3913510989,1080927.1003924883,9.23436196619959,122.99724187201467,1380.2999999999997,1503.2972418720144,1322.5149699557628,474.468568435849,192.0,656.0464015199138,350698.5657871484,141914.8266303682,484909.954860289,977523.3472778057,35.87623423663171,14.517794078839218,49.60597168452907,87.9742830039967,8.181831140649843,91.81816885935015,639.0,3.472911796144928,2450.2454545454543,30.013410654291473,-0.7135870759050942,19.0,1.0,64.0,9.0
CN.4.Ki,R122,CN.4.Ki,Tersier,SRI,Jan,Jan,True,6.0,SS Cinanti,0,128.85898531165495,0.12885898531165496,14.888784391369486,148887.84391369484,14.888784391369486,0.0,SS Cinanti,,0.0,0.9,0.8785517276572476,0.11298247526456373,1.6821717142173254,1.6821717142173254,1.513954542795593,13.05436101447539,18312.794149655492,27405.30258782137,20347.549055172767,18312.794149655492,70642.60215923094,28586.466031429412,97677.3342296381,196906.40242029846,1.6821717142173254,122.99724187201467,1380.2999999999997,1503.2972418720144,1322.5149699557628,474.468568435849,192.0,656.0464015199138,70642.60215923094,28586.466031429412,97677.3342296381,196906.40242029846,35.87623423663172,14.517794078839218,49.60597168452906,87.9742830039967,8.181831140649843,91.81816885935015,639.0,3.472911796144928,2450.2454545454543,30.013410654291473,-0.7135870759050942,19.0,1.0,64.0,9.0
CN.6.Ki,R123,CN.6.Ki,Tersier,SRI,Jan,Jan,True,6.0,SS Cinanti,0,601.9161667093609,0.601916166709361,30.171216247367028,301712.16247367027,30.171216247367028,0.0,SS Cinanti,,0.0,0.9,0.8785517276572476,0.11298247526456373,3.4088186933699482,3.4088186933699482,3.0679368240329534,5.663278180424614,37109.76382350261,55535.1792978467,41233.0709150029,37109.76382350261,143152.9378085666,57928.73519494469,197937.17848564297,399018.8514891543,3.4088186933699482,122.99724187201467,1380.2999999999997,1503.2972418720144,1322.5149699557628,474.468568435849,192.0,656.0464015199138,143152.9378085666,57928.73519494469,197937.17848564297,399018.8514891543,35.87623423663171,14.517794078839218,49.60597168452907,87.9742830039967,8.181831140649843,91.81816885935015,639.0,3.472911796144928,2450.2454545454543,30.013410654291473,-0.7135870759050942,19.0,1.0,64.0,9.0
CN.6M,R124,CN.6M,Tersier,SRI,Jan,Jan,True,4.0,SS Cikukuk,31,767.4403743738087,0.7674403743738087,608.6235930062672,6086235.930062672,29.127792938608238,579.495800067659,SS Cikukuk,,0.0,0.9,0.8780475918904295,0.11291764299002435,68.71762353491589,68.71762353491589,61.8458611814243,89.54131920800477,748087.5368505083,1119731.4152485654,831208.3742783426,35805.82382555923,138189.62732829194,55925.362442127815,192287.71669143293,386402.70646185265,3.289041724129117,122.92666286466013,1395.0,1517.92666286466,1326.5773595557407,474.4253284811177,192.0,660.1520310746231,2883555.3701012,1168557.2985720332,3996864.864770345,8048977.533443578,35.82511391192235,14.518083740657326,49.656802347420324,87.39403503540802,8.098326873886688,91.90167312611331,637.0,3.4839397313562173,2402.2727272727275,30.01388624993117,-0.7129161167592271,19.0,1.0,64.0,9.0
SB.4.Ki,R125,SB.4.Ki,Tersier,SRI,Jan,Jan,True,8.0,SS Sawah Bera,0,412.7047023358941,0.4127047023358941,34.30484333036537,343048.4333036537,34.30484333036537,0.0,SS Parigi,,0.0,0.9,0.878109080646041,0.11292555049460402,3.8738933177126547,3.8738933177126547,3.4865039859413893,9.386598446265706,42172.75221394705,63121.49240402813,46858.61357105228,42172.75221394705,162601.54997019842,65865.29919430151,225168.81711058534,453635.6662750853,3.8738933177126547,122.93527129044574,1380.2999999999997,1503.2352712904456,1322.3662382201987,473.99006724589697,192.0,656.3761709743017,162601.54997019842,65865.29919430151,225168.81711058534,453635.6662750853,35.84408415355873,14.519426952280401,49.63648889416086,87.96801561774288,8.178045954504016,91.82195404549597,645.0,3.46592154238302,2450.2454545454543,30.017727581692093,-0.7118823529885043,19.0,1.0,64.0,9.0
Saluran Cikananga,R126,Saluran Cikananga,Tersier,SRI,Jan,Jan,True,7.0,SS Parigi,0,3812.4881699680636,3.8124881699680637,48.89854188072039,488985.4188072039,48.89854188072039,0.0,SS Parigi,,0.0,0.9,0.878109080646041,0.11292555049460402,5.521894760263799,5.521894760263799,4.96970528423742,1.4483703329917623,60113.55511813584,89974.14476339688,66792.83902015093,60113.55511813584,231774.23154268967,93885.20041098315,320958.3768589377,646617.8088126106,5.521894760263799,122.93527129044574,1380.2999999999997,1503.2352712904456,1322.3662382201987,473.99006724589697,192.0,656.3761709743017,231774.23154268967,93885.20041098315,320958.3768589377,646617.8088126106,35.84408415355873,14.519426952280403,49.636488894160856,87.96801561774288,8.178045954504016,91.82195404549597,645.0,3.46592154238302,2450.2454545454543,30.017727581692093,-0.7118823529885043,19.0,1.0,64.0,9.0
CTL.10.Ki,R127,CTL.10.Ki,Tersier,SRI,Jan,Jan,True,7.0,SS Citikey Kiri,0,564.7341725567285,0.5647341725567285,24.226763141842568,242267.63141842568,24.226763141842568,0.0,SS Citikey Kiri,,0.0,0.9,0.9931687730090974,0.12772232163182837,3.094298434100541,3.094298434100541,2.784868590690487,5.47921231699453,33685.77047299214,45098.89535573244,37428.63385888015,33685.77047299214,116753.36128860757,46515.38523233773,131999.49679005588,295268.2433110012,3.094298434100541,139.04362822127365,1315.3000000000002,1454.3436282212738,1218.7688531987048,481.91894478449876,192.0,544.8499084142061,116753.36128860757,46515.38523233773,131999.49679005588,295268.2433110012,39.54145558607641,15.753602456781591,44.70494195714199,83.80198665217193,9.560576023654749,90.43942397634527,578.0,3.5899567696444357,2307.909090909091,29.141247905497753,-1.6699946697794226,23.0,2.0,55.0,9.0
SI Copong,R128,SI Copong,Primer,SRI,Jan,Jan,True,0.0,,808,4163.067551000023,4.163067551000023,4243.79125526843,42437912.5526843,0.0,4243.79125526843,SI Copong,,0.0,0.6480000000000001,0.8766227444353696,0.15657556449248566,670.2979678577046,670.2979678577046,434.3530831717927,161.01059126381224,5253934.894046005,7470151.268806141,8107924.219206796,0.0,0.0,0.0,0.0,0.0,0.0,122.72718422095174,1380.2999999999997,1503.0271842209515,1321.5921172643382,471.94938493701574,192.0,657.6427323273224,20107631.63325225,8148079.210115387,29098586.423813306,57354297.26718094,35.058631334252546,14.206571431183502,50.73479723456395,87.92869025514968,8.16533363530372,91.83466636469628,688.0,3.4511695815177803,2450.2454545454543,30.04275521983005,-0.6908478425166864,19.0,1.0,64.0,9.0
SI Copong Kiri,R129,SI Copong Kiri,Primer,SRI,Jan,Jan,True,1.0,SI Copong,94,1911.4737366385025,1.9114737366385024,1404.824446880628,14048244.468806282,0.0,1404.824446880628,SI Copong Kiri,,0.0,0.6480000000000001,0.8772424647666105,0.15668625413784046,229.587835255527,229.587835255527,148.77291724558154,120.11037915659661,1799557.207002554,2593872.3793145306,2777094.4552508546,0.0,0.0,0.0,0.0,0.0,0.0,122.81394506732546,1380.2999999999997,1503.1139450673252,1321.8260696827538,472.73211365078555,192.0,657.0939560319683,6688794.794850975,2697262.9380108058,8711973.432056911,18098031.16491869,36.958687571588264,14.903626330576737,48.137686097835,87.9391794627751,8.170634400030435,91.82936559996956,674.0,3.4576232292725995,2450.2454545454543,30.033386901216392,-0.6987809409141059,19.0,1.0,64.0,9.0
SS Cikukuk,R130,SS Cikukuk,Sekunder,SRI,Jan,Jan,True,3.0,SS Ciduga,34,2344.537506225029,2.3445375062250293,702.3824774172558,7023824.774172558,0.0,702.3824774172558,SS Cikukuk,,0.0,0.81,0.8780475918904295,0.12546404776669373,88.1162841910876,88.1162841910876,71.37419019478097,37.58365304761739,863342.2045960706,1292303.9634001323,1065854.5735753956,0.0,0.0,0.0,0.0,0.0,0.0,122.92666286466013,1395.0,1517.92666286466,1326.5773595557407,474.4253284811177,192.0,660.1520310746231,3328371.265448264,1348574.3566411312,4615816.044522394,9292761.66661179,35.81681511758617,14.512094520689795,49.67109036172403,87.39403503540802,8.098326873886688,91.90167312611331,637.0,3.4839397313562173,2402.2727272727275,30.01388624993117,-0.7129161167592271,19.0,1.0,64.0,9.0
C.1.Ki,R131,C.1.Ki,Tersier,SRI,Jan,Jan,True,4.0,SS Cikukuk,0,486.2666969357943,0.4862666969357943,70.6276186213405,706276.186213405,70.6276186213405,0.0,SS Cikukuk,,0.0,0.9,0.8780475918904295,0.11291764299002435,7.975104224720123,7.975104224720123,7.177593802248111,16.400679452191934,86820.17463199316,129997.1537836825,96466.86070221462,86820.17463199316,335075.3116426857,135605.02775297378,466249.658828418,936929.9982240775,7.975104224720123,122.92666286466013,1395.0,1517.92666286466,1326.5773595557407,474.4253284811177,192.0,660.1520310746231,335075.3116426857,135605.02775297378,466249.658828418,936929.9982240775,35.76311061421993,14.473336109422156,49.76355327635791,87.39403503540802,8.098326873886688,91.90167312611331,637.0,3.4839397313562173,2402.2727272727275,30.01388624993117,-0.7129161167592271,19.0,1.0,64.0,9.0
Suplesi Cibuyutan Selatan,R132,Suplesi Cibuyutan Selatan,Suplesi,SRI,Jan,Jan,True,2.0,SI Copong Kiri,1,5225.358395531983,5.225358395531983,9.971291159538678,99712.91159538679,0.0,9.971291159538678,Suplesi Cibuyutan Selatan,,0.0,0.6480000000000001,0.8781509879856179,0.15684852751800726,1.5639823358269649,0.0,1.0134605536158734,0.29930623269099976,12258.818856537608,18347.953318918564,18917.93033416297,0.0,0.0,0.0,0.0,0.0,0.0,122.9411383179865,1380.2999999999997,1503.2411383179863,1322.3457409201897,474.04919630773577,192.0,656.296544612454,47268.82560329741,19144.879026314262,65441.23933329945,131854.94396291111,35.849111290505306,14.519652013730663,49.63123669576403,87.96630874536837,8.178404328100573,91.82159567189943,648.0,3.4696337402519206,2450.2454545454543,30.01712595786107,-0.7125132026158276,19.0,1.0,64.0,9.0
SS Ciduga,R133,SS Ciduga,Sekunder,SRI,Jan,Jan,True,2.0,SI Copong Kiri,87,9725.387326466003,9.725387326466004,1348.31906243264,13483190.6243264,0.0,1348.31906243264,SS Ciduga,,0.0,0.81,0.8788296733193482,0.12557579922830192,176.58608012210567,176.58608012210567,143.0347248989056,18.157228518966683,1730148.0323771622,2489974.4759470276,2135985.2251569903,0.0,0.0,0.0,0.0,0.0,0.0,123.03615426470876,1380.2999999999997,1503.3361542647085,1322.640809339463,474.93736840968484,192.0,655.7034409297781,6421544.366476962,2588772.5998706687,8340759.478230933,17351076.444578566,37.009486915628266,14.919953860727437,48.07055922364429,87.98037655033815,8.184207764555927,91.81579223544406,634.0,3.476017790438906,2450.2454545454543,30.007160078887175,-0.7206109292274778,19.0,1.0,64.0,9.0
CD.1.Ki,R134,CD.1.Ki,Tersier,SRI,Jan,Jan,True,2.0,SI Copong Kiri,0,820.3173896387116,0.8203173896387116,25.12278066127375,251227.8066127375,25.12278066127375,0.0,SI Copong Kiri,,0.0,0.9,0.8772424647666105,0.11281410297924517,2.834203964645926,2.834203964645926,2.550783568181333,3.455009000716394,30854.27804072141,46186.62315672521,34282.53115635712,30854.27804072141,118763.45202789019,48235.738869645604,165080.273312398,332079.46420993377,2.834203964645926,122.81394506732546,1380.2999999999997,1503.1139450673252,1321.8260696827538,472.73211365078555,192.0,657.0939560319683,118763.45202789019,48235.738869645604,165080.273312398,332079.46420993377,35.76356409465007,14.525360363491785,49.71107554185816,87.9391794627751,8.170634400030435,91.82936559996956,674.0,3.4576232292725995,2450.2454545454543,30.033386901216392,-0.6987809409141059,19.0,1.0,64.0,9.0
CD.2.Ka.1,R135,CD.2.Ka.1,Tersier,SRI,Jan,Jan,True,3.0,SS Ciduga,1,340.64195563893605,0.34064195563893607,26.864880721242095,268648.807212421,12.618155842993799,14.246724878248296,SS Ciduga,,0.0,0.9,0.8788296733193482,0.11301821930547173,3.036220980968679,3.036220980968679,2.732598882871811,8.913232591310408,33053.51608721743,49463.189599512414,36726.12898579714,15524.893688347212,59928.33730254763,24226.859218548092,82737.68204439219,166892.87856548792,1.4260815042940926,123.03615426470876,1380.2999999999997,1503.3361542647085,1322.640809339463,474.93736840968484,192.0,655.7034409297781,127591.35752386798,51580.57098478482,176153.947290865,355325.8757995178,35.908265120510855,14.516412819281319,49.575322060207824,87.98037655033815,8.184207764555927,91.81579223544406,634.0,3.476017790438906,2450.2454545454543,30.007160078887175,-0.7206109292274778,19.0,1.0,64.0,9.0
CD.2.Ka.2,R136,CD.2.Ka.2,Tersier,SRI,Jan,Jan,True,4.0,CD.2.Ka.1,0,338.89579906735804,0.33889579906735806,14.246724878248298,142467.248782483,14.246724878248298,0.0,SS Ciduga,,0.0,0.9,0.8788296733193482,0.11301821930547173,1.6101394766745862,1.6101394766745862,1.4491255290071277,4.7511343637356775,17528.622398870215,26230.84245699583,19476.247109855794,17528.622398870215,67663.02022132034,27353.71176623673,93416.26524647283,188432.99723402993,1.6101394766745862,123.03615426470876,1380.2999999999997,1503.3361542647085,1322.640809339463,474.93736840968484,192.0,655.7034409297781,67663.02022132034,27353.71176623673,93416.26524647283,188432.99723402993,35.90826512051085,14.516412819281317,49.57532206020782,87.98037655033815,8.184207764555927,91.81579223544406,634.0,3.476017790438906,2450.2454545454543,30.007160078887175,-0.7206109292274778,19.0,1.0,64.0,9.0
CD.3.Ki,R137,CD.3.Ki,Tersier,SRI,Jan,Jan,True,3.0,SS Ciduga,0,360.82139060191946,0.3608213906019195,42.74017463474494,427401.74634744937,42.74017463474494,0.0,SS Ciduga,,0.0,0.9,0.8788296733193482,0.11301821930547173,4.830418430023764,4.830418430023764,4.347376587021388,13.387284002108903,52585.86719661071,78692.52737098758,58428.74132956745,52585.86719661071,202989.06066396125,82061.13529871029,280248.79573941877,565298.9917020903,4.830418430023764,123.03615426470876,1380.2999999999997,1503.3361542647085,1322.640809339463,474.93736840968484,192.0,655.7034409297781,202989.06066396125,82061.13529871029,280248.79573941877,565298.9917020903,35.90826512051086,14.516412819281323,49.575322060207824,87.98037655033815,8.184207764555927,91.81579223544406,634.0,3.476017790438906,2450.2454545454543,30.007160078887175,-0.7206109292274778,19.0,1.0,64.0,9.0
CD.4.Ki.1,R138,CD.4.Ki.1,Tersier,SRI,Jan,Jan,True,3.0,SS Ciduga,0,386.22400620556,0.38622400620555997,14.066339402513107,140663.39402513107,14.066339402513107,0.0,SS Ciduga,,0.0,0.9,0.8788296733193482,0.11301821930547173,1.5897526314184245,1.5897526314184245,1.430777368276582,4.116141425378697,17306.683046673537,25898.719598165007,19229.647829637262,17306.683046673537,66806.30218987033,27007.371652825164,92233.47147513964,186047.14531783515,1.5897526314184245,123.03615426470876,1380.2999999999997,1503.3361542647085,1322.640809339463,474.93736840968484,192.0,655.7034409297781,66806.30218987033,27007.371652825164,92233.47147513964,186047.14531783515,35.90826512051085,14.516412819281317,49.575322060207824,87.98037655033815,8.184207764555927,91.81579223544406,634.0,3.476017790438906,2450.2454545454543,30.007160078887175,-0.7206109292274778,19.0,1.0,64.0,9.0
SS Ciseureuh,R139,SS Ciseureuh,Sekunder,SRI,Jan,Jan,True,3.0,SS Ciduga,3,2502.502857827857,2.502502857827857,56.50209489707237,565020.9489707237,0.0,56.50209489707237,SS Ciseureuh,,0.0,0.81,0.986833788072452,0.141008485949996,7.967274854439169,7.967274854439169,6.4534926320957275,3.183722579783453,78061.44687782993,104850.6414542227,96372.15663929621,0.0,0.0,0.0,0.0,0.0,0.0,138.1567303301433,1315.3000000000002,1453.4567303301435,1207.3514740449118,477.83473776034066,192.0,537.5167362845712,269986.6369805246,108484.02220237895,303708.21642315463,682178.8756060582,39.57710310813484,15.90257718050857,44.520319711356585,83.06758975691484,9.50538997461327,90.49461002538673,641.0,3.5572069623064433,2307.909090909091,29.201758753216886,-1.6418478835166934,23.0,2.0,55.0,9.0
SS Leuwigoong,R140,SS Leuwigoong,Sekunder,SRI,Jan,Jan,True,3.0,SS Ciduga,40,3835.128228492411,3.835128228492411,402.8485653687155,4028485.6536871553,0.0,402.8485653687155,SS Leuwigoong,,0.0,0.81,0.9888024471846047,0.14128978726346086,57.07184445139654,57.07184445139654,46.228194005631195,14.881339306308275,559176.234692115,749280.844500526,690341.0304840925,0.0,0.0,0.0,0.0,0.0,0.0,138.43234260584467,1315.3000000000002,1453.732342605845,1217.821674568182,479.1521124256899,192.0,546.6695621424922,1937020.1832195662,773469.2455079338,2197784.8884116337,4908274.317139134,39.464383163257864,15.758476310239374,44.77714052650276,83.77206992486745,9.522546795492069,90.47745320450794,617.0,3.567865243274294,2307.909090909091,29.18322717066859,-1.651198918773455,23.0,2.0,55.0,9.0
LG.6.Ki,R141,LG.6.Ki,Tersier,SRI,Jan,Jan,True,4.0,SS Leuwigoong,0,385.8503004792233,0.38585030047922325,7.0627618621340424,70627.61862134043,7.0627618621340424,0.0,SS Leuwigoong,,0.0,0.9,0.9888024471846047,0.12716080853711478,0.8981065088940633,0.8981065088940633,0.808295858004657,2.3276034974668196,9777.146698424332,13119.175836194634,10863.496331582592,9777.146698424332,33841.372658011256,13560.502775297362,38609.96934689509,86011.84478020371,0.8981065088940633,138.43234260584467,1315.3000000000002,1453.732342605845,1217.821674568182,479.1521124256899,192.0,546.6695621424922,33841.372658011256,13560.502775297362,38609.96934689509,86011.84478020371,39.34501433435143,15.765855051650302,44.88913061399826,83.77206992486745,9.522546795492069,90.47745320450794,617.0,3.567865243274294,2307.909090909091,29.18322717066859,-1.651198918773455,23.0,2.0,55.0,9.0
LG.7.Ka,R142,LG.7.Ka,Tersier,SRI,Jan,Jan,True,4.0,SS Leuwigoong,0,159.2558430890554,0.15925584308905538,1.4100969796591263,14100.969796591262,1.4100969796591263,0.0,SS Leuwigoong,,0.0,0.9,0.9888024471846047,0.12716080853711478,0.17930907204919802,0.17930907204919802,0.16137816484427822,1.1259183246980078,1952.0302819563894,2619.2742419104306,2168.9225355070994,1952.0302819563894,6756.509465287554,2707.3862009455224,7708.570984487053,17172.46665072013,0.17930907204919802,138.43234260584467,1315.3000000000002,1453.732342605845,1217.821674568182,479.1521124256899,192.0,546.6695621424922,6756.509465287554,2707.3862009455224,7708.570984487053,17172.46665072013,39.34501433435143,15.765855051650298,44.88913061399827,83.77206992486745,9.522546795492069,90.47745320450794,617.0,3.567865243274294,2307.909090909091,29.18322717066859,-1.651198918773455,23.0,2.0,55.0,9.0
LG.7.Ki,R143,LG.7.Ki,Tersier,SRI,Jan,Jan,True,4.0,SS Leuwigoong,0,31.262933359678254,0.03126293335967825,1.0089659803048634,10089.659803048635,1.0089659803048634,0.0,SS Leuwigoong,,0.0,0.9,0.9888024471846047,0.12716080853711478,0.12830092984200908,0.12830092984200908,0.11547083685780817,4.103931271129111,1396.7352426320476,1874.1679765992335,1551.9280473689419,1396.7352426320476,4834.4818082873235,1937.2146821853378,5515.709906699301,12287.406397171962,0.12830092984200908,138.43234260584467,1315.3000000000002,1453.732342605845,1217.821674568182,479.1521124256899,192.0,546.6695621424922,4834.4818082873235,1937.2146821853378,5515.709906699301,12287.406397171962,39.34501433435143,15.765855051650298,44.88913061399827,83.77206992486745,9.522546795492069,90.47745320450794,617.0,3.567865243274294,2307.909090909091,29.18322717066859,-1.651198918773455,23.0,2.0,55.0,9.0
LG.8.Ki,R144,LG.8.Ki,Tersier,SRI,Jan,Jan,True,4.0,SS Leuwigoong,0,169.1068639749203,0.16910686397492028,15.134489704572946,151344.89704572945,15.134489704572946,0.0,SS Leuwigoong,,0.0,0.9,0.9888024471846047,0.12716080853711478,1.9245139476301354,1.9245139476301354,1.7320625528671219,11.380460274608097,20951.02863948071,28112.519648988495,23278.920710534123,20951.02863948071,72517.22712430982,29058.22023278006,82735.64860048948,184311.09595757938,1.9245139476301354,138.43234260584467,1315.3000000000002,1453.732342605845,1217.821674568182,479.1521124256899,192.0,546.6695621424922,72517.22712430982,29058.22023278006,82735.64860048948,184311.09595757938,39.345014334351426,15.765855051650298,44.88913061399826,83.77206992486745,9.522546795492069,90.47745320450794,617.0,3.567865243274294,2307.909090909091,29.18322717066859,-1.651198918773455,23.0,2.0,55.0,9.0
LG.9.Ka,R145,LG.9.Ka,Tersier,SRI,Jan,Jan,True,4.0,SS Leuwigoong,0,1155.5311703047062,1.1555311703047062,19.13990481417347,191399.0481417347,19.13990481417347,0.0,SS Leuwigoong,,0.0,0.9,0.9888024471846047,0.12716080853711478,2.433845771493714,2.433845771493714,2.190461194344343,2.1062571344154435,26495.818606789177,35552.63247532165,29439.798451987972,26495.818606789177,91709.2582333785,36748.61724321306,104632.03384213187,233089.90931872342,2.433845771493714,138.43234260584467,1315.3000000000002,1453.732342605845,1217.821674568182,479.1521124256899,192.0,546.6695621424922,91709.2582333785,36748.61724321306,104632.03384213187,233089.90931872342,39.34501433435143,15.7658550516503,44.88913061399826,83.77206992486745,9.522546795492069,90.47745320450794,617.0,3.567865243274294,2307.909090909091,29.18322717066859,-1.651198918773455,23.0,2.0,55.0,9.0
LG.10.Ki,R146,LG.10.Ki,Tersier,SRI,Jan,Jan,True,4.0,SS Leuwigoong,0,37.73769558888071,0.03773769558888071,1.0089659803048634,10089.659803048635,1.0089659803048634,0.0,SS Leuwigoong,,0.0,0.9,0.9888024471846047,0.12716080853711478,0.12830092984200908,0.0,0.11547083685780817,3.399808277636659,1396.7352426320476,1874.1679765992335,1551.9280473689419,1396.7352426320476,4834.4818082873235,1937.2146821853378,5515.709906699301,12287.406397171962,0.12830092984200908,138.43234260584467,1315.3000000000002,1453.732342605845,1217.821674568182,479.1521124256899,192.0,546.6695621424922,4834.4818082873235,1937.2146821853378,5515.709906699301,12287.406397171962,39.34501433435143,15.765855051650298,44.88913061399827,83.77206992486745,9.522546795492069,90.47745320450794,617.0,3.567865243274294,2307.909090909091,29.18322717066859,-1.651198918773455,23.0,2.0,55.0,9.0
LG.11.Ki,R147,LG.11.Ki,Tersier,SRI,Jan,Jan,True,4.0,SS Leuwigoong,0,77.41387214969092,0.07741387214969092,1.0089659803048634,10089.659803048635,1.0089659803048634,0.0,SS Leuwigoong,,0.0,0.9,0.9888024471846047,0.12716080853711478,0.12830092984200908,0.12830092984200908,0.11547083685780817,1.657337713244994,1396.7352426320476,1874.1679765992335,1551.9280473689419,1396.7352426320476,4834.4818082873235,1937.2146821853378,5515.709906699301,12287.406397171962,0.12830092984200908,138.43234260584467,1315.3000000000002,1453.732342605845,1217.821674568182,479.1521124256899,192.0,546.6695621424922,4834.4818082873235,1937.2146821853378,5515.709906699301,12287.406397171962,39.34501433435143,15.765855051650298,44.88913061399827,83.77206992486745,9.522546795492069,90.47745320450794,617.0,3.567865243274294,2307.909090909091,29.18322717066859,-1.651198918773455,23.0,2.0,55.0,9.0
LG.12.Ki,R148,LG.12.Ki,Tersier,SRI,Jan,Jan,True,4.0,SS Leuwigoong,0,681.065253047774,0.681065253047774,33.29587735006051,332958.7735006051,33.29587735006051,0.0,SS Leuwigoong,,0.0,0.9,0.9888024471846047,0.12716080853711478,4.233930684786301,4.233930684786301,3.810537616307671,6.216630001074667,46092.263006857596,61847.54322777474,51213.625563175105,46092.263006857596,159537.89967348173,63928.08451211618,182018.426921077,405484.41110667493,4.233930684786301,138.43234260584467,1315.3000000000002,1453.732342605845,1217.821674568182,479.1521124256899,192.0,546.6695621424922,159537.89967348173,63928.08451211618,182018.426921077,405484.41110667493,39.34501433435143,15.765855051650298,44.88913061399826,83.77206992486745,9.522546795492069,90.47745320450794,617.0,3.567865243274294,2307.909090909091,29.18322717066859,-1.651198918773455,23.0,2.0,55.0,9.0
LG.13.Ki,R149,LG.13.Ki,Tersier,SRI,Jan,Jan,True,4.0,SS Leuwigoong,0,599.249135283751,0.599249135283751,11.098625783353494,110986.25783353494,11.098625783353494,0.0,SS Leuwigoong,,0.0,0.9,0.9888024471846047,0.12716080853711478,1.4113102282620993,1.4113102282620993,1.2701792054358894,2.3551310217474546,15364.087668952521,20615.847742591563,17071.208521058357,15364.087668952521,53179.29989116055,21309.36150403871,60672.80897369229,135161.47036889155,1.4113102282620993,138.43234260584467,1315.3000000000002,1453.732342605845,1217.821674568182,479.1521124256899,192.0,546.6695621424922,53179.29989116055,21309.36150403871,60672.80897369229,135161.47036889155,39.34501433435144,15.765855051650297,44.88913061399827,83.77206992486745,9.522546795492069,90.47745320450794,617.0,3.567865243274294,2307.909090909091,29.18322717066859,-1.651198918773455,23.0,2.0,55.0,9.0
LG.14.Ki,R150,LG.14.Ki,Tersier,SRI,Jan,Jan,True,4.0,SS Leuwigoong,0,55.24754186460183,0.05524754186460183,4.035863921219454,40358.63921219454,4.035863921219454,0.0,SS Leuwigoong,,0.0,0.9,0.9888024471846047,0.12716080853711478,0.5132037193680363,0.5132037193680363,0.46188334743123266,9.289168387360522,5586.9409705281905,7496.671906396934,6207.712189475767,5586.9409705281905,19337.927233149294,7748.858728741351,22062.839626797206,49149.62558868785,0.5132037193680363,138.43234260584467,1315.3000000000002,1453.732342605845,1217.821674568182,479.1521124256899,192.0,546.6695621424922,19337.927233149294,7748.858728741351,22062.839626797206,49149.62558868785,39.34501433435143,15.765855051650298,44.88913061399827,83.77206992486745,9.522546795492069,90.47745320450794,617.0,3.567865243274294,2307.909090909091,29.18322717066859,-1.651198918773455,23.0,2.0,55.0,9.0
LG.15.Ki,R151,LG.15.Ki,Tersier,SRI,Jan,Jan,True,4.0,SS Leuwigoong,0,22.118249185569823,0.022118249185569823,4.035863921219454,40358.63921219454,4.035863921219454,0.0,SS Leuwigoong,,0.0,0.9,0.9888024471846047,0.12716080853711478,0.5132037193680363,0.5132037193680363,0.46188334743123266,23.202727985488824,5586.9409705281905,7496.671906396934,6207.712189475767,5586.9409705281905,19337.927233149294,7748.858728741351,22062.839626797206,49149.62558868785,0.5132037193680363,138.43234260584467,1315.3000000000002,1453.732342605845,1217.821674568182,479.1521124256899,192.0,546.6695621424922,19337.927233149294,7748.858728741351,22062.839626797206,49149.62558868785,39.34501433435143,15.765855051650298,44.88913061399827,83.77206992486745,9.522546795492069,90.47745320450794,617.0,3.567865243274294,2307.909090909091,29.18322717066859,-1.651198918773455,23.0,2.0,55.0,9.0
LG.15.M,R152,LG.15.M,Tersier,SRI,Jan,Jan,True,4.0,SS Leuwigoong,0,293.21767258677704,0.29321767258677706,0.0,0.0,0.0,0.0,SS Leuwigoong,,0.0,0.9,0.9888024471846047,0.12716080853711478,0.0,0.0,0.0,0.0,0.0,0.0,0.0,0.0,0.0,0.0,0.0,0.0,0.0,138.43234260584467,1315.3000000000002,1453.732342605845,1217.821674568182,479.1521124256899,192.0,546.6695621424922,0.0,0.0,0.0,0.0,,,,83.77206992486745,9.522546795492069,90.47745320450794,617.0,3.567865243274294,2307.909090909091,29.18322717066859,-1.651198918773455,23.0,2.0,55.0,9.0
LG.15.M.Ki,R153,LG.15.M.Ki,Tersier,SRI,Jan,Jan,True,4.0,SS Leuwigoong,0,385.4336267167364,0.3854336267167364,5.0448299015243165,50448.29901524317,5.0448299015243165,0.0,SS Leuwigoong,,0.0,0.9,0.9888024471846047,0.12716080853711478,0.6415046492100452,0.6415046492100452,0.5773541842890407,1.6643712554989423,6983.676213160238,9370.839882996168,7759.640236844709,6983.676213160238,24172.409041436615,9686.073410926689,27578.549533496498,61437.031985859794,0.6415046492100452,138.43234260584467,1315.3000000000002,1453.732342605845,1217.821674568182,479.1521124256899,192.0,546.6695621424922,24172.409041436615,9686.073410926689,27578.549533496498,61437.031985859794,39.34501433435143,15.765855051650302,44.88913061399827,83.77206992486745,9.522546795492069,90.47745320450794,617.0,3.567865243274294,2307.909090909091,29.18322717066859,-1.651198918773455,23.0,2.0,55.0,9.0
Suplesi Cicukanggantung,R154,Suplesi Cicukanggantung,Suplesi,SRI,Jan,,True,5.0,SS Kawung Luwuk,18,2146.492843628349,2.146492843628349,247.09712221403117,2470971.2221403117,0.0,247.09712221403117,Suplesi Cicukanggantung,,,0.6480000000000001,,,43.81171081552902,0.0,28.389988608462808,20.410834792941305,343405.3022079661,459867.6703638546,529946.454024639,0.0,0.0,0.0,0.0,0.0,0.0,,,,,,,,1190038.8443282265,474426.4746509399,1346805.2124717347,3011270.531450901,39.51949291500016,15.755026647252118,44.72548043774773,,,,,,,,,,,,
SS Kawung Luwuk,R155,SS Kawung Luwuk,Sekunder,SRI,Jan,Jan,True,4.0,SS Leuwigoong,23,4342.617571470593,4.342617571470593,297.5454212292744,2975454.212292744,0.0,297.5454212292744,SS Kawung Luwuk,,0.0,0.81,0.9910757941534405,0.14161462536486058,42.19358561776134,42.19358561776134,34.17680435038669,9.716164254240978,413402.62542227743,553678.8277489583,510373.6116324412,0.0,0.0,0.0,0.0,0.0,0.0,138.75061118148167,1315.3000000000002,1454.0506111814818,1218.2755104798275,480.52977806702717,192.0,545.7457324128004,1432457.943624765,571287.2087602068,1622124.6514222734,3625869.803807245,39.506601757201864,15.755866582973894,44.73753165982424,83.78494538714327,9.542350872418432,90.45764912758158,597.0,3.578501841659981,2307.909090909091,29.161940428976045,-1.6600643622586317,23.0,2.0,55.0,9.0
SS Ranca Ucing,R156,SS Ranca Ucing,Sekunder,SRI,Jan,Jan,True,7.0,SS Parigi,5,1454.8751443766025,1.4548751443766026,69.25537608853593,692553.7608853593,0.0,69.25537608853593,SS Ranca Ucing,,0.0,0.81,0.8772693591614047,0.12535284624505666,8.681358510469817,8.681358510469817,7.0319003934805515,5.967081466767157,85057.86715954076,127330.49958638404,105009.71254264291,0.0,0.0,0.0,0.0,0.0,0.0,122.81771028259665,1380.2999999999997,1503.1177102825964,1322.0293053804503,472.81383886052856,192.0,657.2154665199218,327449.00230150326,132970.32208998897,455157.04305039777,915576.3674418901,35.76424795851733,14.523127378386418,49.71262466309625,87.95248012425454,8.170864426812328,91.82913557318767,673.0,3.456168621062794,2450.2454545454543,30.032709206215905,-0.6985086395277529,19.0,1.0,64.0,9.0
RU.1.Ka,R157,RU.1.Ka,Tersier,SRI,Jan,Jan,True,8.0,SS Ranca Ucing,0,581.1024695311257,0.5811024695311258,7.270715667074319,72707.15667074319,7.270715667074319,0.0,SS Ranca Ucing,,0.0,0.9,0.8772693591614047,0.11281756162055101,0.8202644127956626,0.8202644127956626,0.7382379715160964,1.4115658697122893,8929.726503458702,13367.682200665586,9921.918337176336,8929.726503458702,34376.94985812798,13959.774080782692,47784.26789069954,96120.99182961021,0.8202644127956626,122.81771028259665,1380.2999999999997,1503.1177102825964,1322.0293053804503,472.81383886052856,192.0,657.2154665199218,34376.94985812798,13959.774080782692,47784.26789069954,96120.99182961021,35.76424795851733,14.523127378386416,49.71262466309626,87.95248012425454,8.170864426812328,91.82913557318767,673.0,3.456168621062794,2450.2454545454543,30.032709206215905,-0.6985086395277529,19.0,1.0,64.0,9.0
SS Citikey Kanan,R158,SS Citikey Kanan,Sekunder,SRI,Jan,Jan,True,6.0,Suplesi Cicukanggantung,8,2410.672466978415,2.410672466978415,76.68139002731057,766813.9002731057,0.0,76.68139002731057,SS Citikey Kanan,,0.0,0.81,0.9916084973512479,0.14169074322005712,10.865043144116713,10.865043144116713,8.800684946734538,4.507059043875494,106453.08511570096,142633.32800197555,131423.56187123575,0.0,0.0,0.0,0.0,0.0,0.0,138.8251896291747,1315.3000000000002,1454.1251896291749,1218.4138371459803,480.9160943690042,192.0,545.4977427769762,368773.14602720516,147228.26885243633,418295.25172898854,934296.66660863,39.47066913615368,15.758192672018724,44.771138191827596,83.79016097346442,9.54699021922434,90.45300978077567,587.0,3.5825338729522938,2307.909090909091,29.15626090881819,-1.6632387473735588,23.0,2.0,55.0,9.0
SS Parigi,R159,SS Parigi,Sekunder,SRI,Jan,Jan,True,6.0,SS Cinanti,19,3432.47831684157,3.43247831684157,392.6538813570186,3926538.8135701856,0.0,392.6538813570186,SS Parigi,,0.0,0.81,0.878109080646041,0.12547283388289335,49.24302150186466,49.24302150186466,39.88684741651038,14.34620031254156,482471.3063501096,722204.9559844921,595643.588086555,0.0,0.0,0.0,0.0,0.0,0.0,122.93527129044574,1380.2999999999997,1503.2352712904456,1322.3662382201987,473.99006724589697,192.0,656.3761709743017,1858859.565828459,753895.4522054758,2578807.4638469927,5191562.481880927,35.8053971673473,14.521552130724542,49.673050701928155,87.96801561774288,8.178045954504016,91.82195404549597,645.0,3.46592154238302,2450.2454545454543,30.017727581692093,-0.7118823529885043,19.0,1.0,64.0,9.0
RU.4.Ka,R160,RU.4.Ka,Tersier,SRI,Jan,Jan,True,8.0,SS Ranca Ucing,0,900.6227085245637,0.9006227085245637,12.312461575588287,123124.61575588287,12.312461575588287,0.0,SS Ranca Ucing,,0.0,0.9,0.8772693591614047,0.11281756162055101,1.3890618925045979,1.3890618925045979,1.2501557032541382,1.5423349637499313,15121.883386562058,22637.258969666174,16802.09265173562,15121.883386562058,58215.0222337665,23639.92622512951,80919.40178408868,162774.3502429847,1.3890618925045979,122.81771028259665,1380.2999999999997,1503.1177102825964,1322.0293053804503,472.81383886052856,192.0,657.2154665199218,58215.0222337665,23639.92622512951,80919.40178408868,162774.3502429847,35.76424795851732,14.523127378386418,49.71262466309624,87.95248012425454,8.170864426812328,91.82913557318767,673.0,3.456168621062794,2450.2454545454543,30.032709206215905,-0.6985086395277529,19.0,1.0,64.0,9.0
SS Citikey Kiri,R161,SS Citikey Kiri,Sekunder,SRI,Jan,Jan,True,6.0,Suplesi Cicukanggantung,8,6304.301617086587,6.304301617086587,170.41573218672062,1704157.3218672061,0.0,170.41573218672062,SS Citikey Kiri,,0.0,0.81,0.9931687730090974,0.1419136907020315,24.184325508306504,24.184325508306504,19.58930366172827,3.8361625089065505,236952.21709226514,317234.34236187907,292533.60134847544,0.0,0.0,0.0,0.0,0.0,0.0,139.04362822127365,1315.3000000000002,1454.3436282212738,1218.7688531987048,481.91894478449876,192.0,544.8499084142061,821265.6983010214,327198.2057985036,928509.9607427461,2076973.864842271,39.54145558607641,15.753602456781593,44.704941957142,83.80198665217193,9.560576023654749,90.43942397634527,578.0,3.5899567696444357,2307.909090909091,29.141247905497753,-1.6699946697794226,23.0,2.0,55.0,9.0
Inlet Situ Bagendit,R162,Inlet Situ Bagendit,Sekunder,SRI,Jan,,True,1.0,SI Copong,0,792.6508736429622,0.7926508736429622,0.0,0.0,0.0,0.0,Inlet Situ Bagendit,,,0.81,,,0.0,0.0,0.0,0.0,0.0,0.0,0.0,0.0,0.0,0.0,0.0,0.0,0.0,,,,,,,,0.0,0.0,0.0,0.0,,,,,,,,,,,,,,,
CP.Ki.1,R163,CP.Ki.1,Tersier,SRI,Jan,Jan,True,2.0,SI Copong Kiri,0,444.95330467908303,0.444953304679083,21.411312627175718,214113.12627175718,21.411312627175718,0.0,SI Copong Kiri,,0.0,0.9,0.8772424647666105,0.11281410297924517,2.4154980276430136,2.4154980276430136,2.1739482248787123,5.4286551021014695,26296.077728132906,39363.326891859186,29217.864142369894,26296.077728132906,101218.15074282531,41109.72024417738,140692.44118028128,283020.31216728396,2.4154980276430136,122.81394506732546,1380.2999999999997,1503.1139450673252,1321.8260696827538,472.73211365078555,192.0,657.0939560319683,101218.15074282531,41109.72024417738,140692.44118028128,283020.31216728396,35.76356409465007,14.525360363491782,49.71107554185815,87.9391794627751,8.170634400030435,91.82936559996956,674.0,3.4576232292725995,2450.2454545454543,30.033386901216392,-0.6987809409141059,19.0,1.0,64.0,9.0
SS Copong Kanan,R164,SS Copong Kanan,Sekunder,SRI,Jan,Jan,True,57.0,SI Copong Kanan,85,3525.2267085974095,3.5252267085974096,2035.1022048482523,20351022.048482522,0.0,2035.1022048482523,SS Copong Kanan,,0.0,0.81,0.8765087081401036,0.1252441569701794,251.88161198081553,251.88161198081553,204.0241057044606,71.45118110177722,2467875.582601155,3399232.0795972496,3046759.9785199445,0.0,0.0,0.0,0.0,0.0,0.0,122.71121913961451,1380.2999999999997,1503.0112191396142,1321.728754706259,471.8287515684728,192.0,657.9000031377861,9625496.106182858,3907396.2333086445,15099364.888232399,28632257.227723904,33.617664264564965,13.646832669291646,52.73550306614338,87.93871515229748,8.164358161601713,91.83564183839829,682.0,3.44847772860643,2450.2454545454543,30.044259229729352,-0.6891539748839284,19.0,1.0,64.0,9.0
CO.3,R165,CO.3,Tersier,SRI,Jan,Jan,True,61.0,SS Cikondang,0,317.36330177146783,0.3173633017714678,23.849797787889514,238497.97787889515,23.849797787889514,0.0,SS Cikondang,,0.0,0.9,0.8779643225578615,0.11290693448532169,2.6928075563254112,2.6928075563254112,2.42352680069287,8.484936794187037,29314.980181180963,43910.96917367064,32572.200201312182,29314.980181180963,113266.21653615133,45791.611752747864,157358.08310982247,316415.9113987217,2.6928075563254112,122.91500515810061,1395.0,1517.9150051581007,1326.7027008480206,474.91478772061464,192.0,659.787913127406,113266.21653615133,45791.611752747864,157358.08310982247,316415.9113987217,35.79662477637619,14.471968729488129,49.73140649413568,87.40296369293984,8.097621061812893,91.9023789381871,633.0,3.4844117065267404,2402.2727272727275,30.0074075083633,-0.7202431900814608,19.0,1.0,64.0,9.0
SS Sawah Bera,R166,SS Sawah Bera,Tersier,SRI,Jan,Jan,True,7.0,SS Parigi,1,5581.595219004993,5.581595219004993,135.8791388971175,1358791.388971175,101.57429556675213,34.30484333036539,SS Parigi,,0.0,0.9,0.878109080646041,0.11292555049460402,15.344226560689755,15.344226560689755,13.80980390462078,2.7490754808667592,167043.388030293,250019.91558924678,185603.76447810332,124870.63581634592,481452.07186139456,195022.64748816408,666709.4719351674,1343184.1912847261,11.4703332429771,122.93527129044574,1380.2999999999997,1503.2352712904456,1322.3662382201987,473.99006724589697,192.0,656.3761709743017,644053.621831593,260887.94668246558,891878.2890457527,1796819.8575598113,35.84408415355874,14.519426952280403,49.63648889416086,87.96801561774288,8.178045954504016,91.82195404549597,645.0,3.46592154238302,2450.2454545454543,30.017727581692093,-0.7118823529885043,19.0,1.0,64.0,9.0
SS Situ Bagendit,R167,SS Situ Bagendit,Sekunder,SRI,Jan,Jan,True,7.0,SS Parigi,5,3927.807329985037,3.927807329985037,88.20409114690122,882040.9114690121,0.0,88.20409114690122,SS Situ Bagendit,,0.0,0.81,0.8768345154510296,0.12529071151277857,11.051153338133226,11.051153338133226,8.951434203887914,2.8135680825707214,108276.54813022821,162112.7532917632,133674.7507780595,0.0,0.0,0.0,0.0,0.0,0.0,122.75683216314415,1380.2999999999997,1503.0568321631438,1321.7692884264861,472.32775311932346,192.0,657.4415353071627,416612.40187347867,169351.85500205035,579890.3310399165,1165854.5879154454,35.734508076035794,14.525984351517836,49.73950757244638,87.93874324261209,8.167145083029034,91.83285491697097,678.0,3.4475493140907822,2450.2454545454543,30.037697658727687,-0.6968799842146538,19.0,1.0,64.0,9.0
BG.1.Ki,R168,BG.1.Ki,Tersier,SRI,Jan,Jan,True,8.0,SS Situ Bagendit,0,271.1106669010287,0.2711106669010287,11.397760268477485,113977.60268477486,11.397760268477485,0.0,SS Situ Bagendit,,0.0,0.9,0.8768345154510296,0.11276164036150071,1.28523014432066,1.28523014432066,1.156707129888594,4.740610758741722,13991.529443132436,20948.260726421704,15546.143825702708,13991.529443132436,53834.78498202668,21883.699715476774,74933.61009970817,150652.0947972116,1.28523014432066,122.75683216314415,1380.2999999999997,1503.0568321631438,1321.7692884264861,472.32775311932346,192.0,657.4415353071627,53834.78498202668,21883.699715476774,74933.61009970817,150652.0947972116,35.73450807603579,14.525984351517835,49.73950757244638,87.93874324261209,8.167145083029034,91.83285491697097,678.0,3.4475493140907822,2450.2454545454543,30.037697658727687,-0.6968799842146538,19.0,1.0,64.0,9.0
SS Cinanti,R169,SS Cinanti,Sekunder,SRI,Jan,Jan,True,5.0,CN.6M,30,4787.803351743152,4.787803351743152,579.495800067659,5794958.00067659,0.0,579.495800067659,SS Cinanti,,0.0,0.81,0.8785517276572476,0.12553608362729302,72.69842423420751,72.69842423420751,58.88572362970809,15.184087334693755,712281.7130249491,1066118.8164956549,879360.1395369741,0.0,0.0,0.0,0.0,0.0,0.0,122.99724187201467,1380.2999999999997,1503.2972418720144,1322.5149699557628,474.468568435849,192.0,656.0464015199138,2745365.742772908,1112631.9361299053,3804577.148078912,7662574.826981725,35.828240568768486,14.520340241403803,49.65141918982771,87.9742830039967,8.181831140649843,91.81816885935015,639.0,3.472911796144928,2450.2454545454543,30.013410654291473,-0.7135870759050942,19.0,1.0,64.0,9.0
Suplesi Situ Rancakukuk,R170,Suplesi Situ Rancakukuk,Suplesi,SRI,Jan,,True,6.0,SS Cinanti,0,955.2095099009357,0.9552095099009357,0.0,0.0,0.0,0.0,Suplesi Situ Rancakukuk,,,0.6480000000000001,,,0.0,0.0,0.0,0.0,0.0,0.0,0.0,0.0,0.0,0.0,0.0,0.0,0.0,,,,,,,,0.0,0.0,0.0,0.0,,,,,,,,,,,,,,,
CP.1-1.Ka,R171,CP.1-1.Ka,Tersier,SRI,Jan,Jan,False,,,0,1456.4309374473607,1.4564309374473607,149.98504074749007,1499850.4074749008,149.98504074749007,0.0,CP.1-1.Ka,,0.0,0.9,0.8761466393047417,0.11267317892293488,16.899291331905626,16.899291331905626,15.209362198715064,11.603221888107146,183972.44515565745,275494.2238880101,204413.82795073048,183972.44515565745,707044.6796610305,287971.27823518094,986810.2236652877,1981826.1815614991,16.899291331905626,122.66052950266383,1380.2999999999997,1502.9605295026636,1321.349230352937,471.4101327287618,192.0,657.9390976241752,707044.6796610305,287971.27823518094,986810.2236652877,1981826.1815614991,35.67642239461906,14.530602174620869,49.79297543076007,87.91642923518273,8.161260864465467,91.83873913553452,690.0,3.4476448046484998,2450.2454545454543,30.048338294380706,-0.6885853488103786,19.0,1.0,64.0,9.0
CP.2.Ka,R172,CP.2.Ka,Tersier,SRI,Jan,Jan,True,1.0,SI Copong,2,1237.8923315567592,1.2378923315567592,75.3271225828247,753271.225828247,75.3271225828247,0.0,SI Copong,,0.0,0.9,0.8766227444353696,0.11273440643458969,8.49195845280032,2.8059129782578123,7.642762607520288,6.860013780132987,92446.85650056541,138414.22348157817,102718.72944507268,92446.85650056541,355505.89172039303,144628.0753590234,495383.3471372399,995517.3142166564,8.49195845280032,122.72718422095174,1380.2999999999997,1503.0271842209515,1321.5921172643382,471.94938493701574,192.0,657.6427323273224,355505.89172039303,144628.0753590234,495383.3471372399,995517.3142166564,35.710668879740204,14.527931688744864,49.761399431514924,87.92869025514968,8.16533363530372,91.83466636469628,688.0,3.4511695815177803,2450.2454545454543,30.04275521983005,-0.6908478425166864,19.0,1.0,64.0,9.0
CP.1.Ka,R173,CP.1.Ka,Tersier,SRI,Jan,Jan,True,1.0,SI Copong,0,1007.8624065183767,1.0078624065183768,120.75888163512333,1207588.8163512333,120.75888163512333,0.0,SI Copong,,0.0,0.9,0.8766227444353696,0.11273440643458969,13.613680842840504,13.613680842840504,12.252312758556453,13.507479547598622,148203.97512749888,221895.4641689782,164671.08347499874,148203.97512749888,569920.7991337834,231857.0527394368,794162.0087131421,1595939.8605863624,13.613680842840504,122.72718422095174,1380.2999999999997,1503.0271842209515,1321.5921172643382,471.94938493701574,192.0,657.6427323273224,569920.7991337834,231857.0527394368,794162.0087131421,1595939.8605863624,35.71066887974021,14.527931688744868,49.76139943151492,87.92869025514968,8.16533363530372,91.83466636469628,688.0,3.4511695815177803,2450.2454545454543,30.04275521983005,-0.6908478425166864,19.0,1.0,64.0,9.0
CP.3.Ka.1,R174,CP.3.Ka.1,Tersier,SRI,Jan,Jan,True,1.0,SI Copong,0,39.84424138209709,0.039844241382097086,29.054816937263706,290548.16937263706,29.054816937263706,0.0,SI Copong,,0.0,0.9,0.8766227444353696,0.11273440643458969,3.2754775414880872,3.2754775414880872,2.9479297873392785,82.20704994925146,35658.158707655915,53388.47133512736,39620.176341839906,35658.158707655915,137124.02982999192,55785.24851954631,191076.89197892268,383986.17032846087,3.2754775414880872,122.72718422095174,1380.2999999999997,1503.0271842209515,1321.5921172643382,471.94938493701574,192.0,657.6427323273224,137124.02982999192,55785.24851954631,191076.89197892268,383986.17032846087,35.71066887974021,14.527931688744866,49.76139943151493,87.92869025514968,8.16533363530372,91.83466636469628,688.0,3.4511695815177803,2450.2454545454543,30.04275521983005,-0.6908478425166864,19.0,1.0,64.0,9.0
CR.4.Ka,R175,CR.4.Ka,Tersier,SRI,Jan,Jan,True,63.0,SS Cibunar,0,967.2432779676664,0.9672432779676664,42.18816337442174,421881.6337442174,42.18816337442174,0.0,SS Cibunar,,0.0,0.9,0.8798055960438391,0.11314372377106983,4.773325903244339,4.773325903244339,4.295993312919905,4.9349796602090255,51964.33511307918,69156.88175009197,57738.15012564353,51964.33511307918,200189.74621812394,81001.27367888973,279777.002171885,560968.0220688987,4.773325903244339,123.17278344613747,1427.8000000000002,1550.9727834461376,1329.681069759505,474.516381387432,192.0,663.164688372073,200189.74621812394,81001.27367888973,279777.002171885,560968.0220688987,35.68648092984103,14.439552789506614,49.87396628065236,85.73206983072005,7.941646994762693,92.05835300523732,578.0,3.547263075707996,2564.2272727272725,30.829145652714438,0.7644364623492503,19.0,0.0,70.0,9.0
