ruas,jenis,hulu,terhubung,tingkat,panjang_m,debit_m3_detik,luas_layanan_ha,t_air_menit_cepat,t_hidraulik_menit_cepat,t_air_menit_tengah,t_hidraulik_menit_tengah,di_bawah_v_min,v_operasi_m_detik,t_air_menit_giliran,n,S,bh,m,h_m,b_m,A_m2,v_m_detik,beta,froude,t_air_menit,t_hidraulik_menit,t_gangguan_menit,t_air_menit_lambat,t_hidraulik_menit_lambat,kum_t_air_menit,kum_t_hidraulik_menit,kum_t_gangguan_menit,kum_t_air_menit_giliran,kum_t_air_menit_cepat,kum_t_air_menit_lambat,kum_t_hidraulik_menit_cepat,kum_t_hidraulik_menit_lambat,simpul_hulu,node_a,node_b,t_air_jam_cepat,t_hidraulik_jam_cepat,t_air_jam_tengah,t_hidraulik_jam_tengah,t_air_jam_giliran,t_air_jam,t_hidraulik_jam,t_gangguan_jam,t_air_jam_lambat,t_hidraulik_jam_lambat,kum_t_air_jam,kum_t_hidraulik_jam,kum_t_gangguan_jam,kum_t_air_jam_giliran,kum_t_air_jam_cepat,kum_t_air_jam_lambat,kum_t_hidraulik_jam_cepat,kum_t_hidraulik_jam_lambat
"CP.Ka.8,Ki",Tersier,SI Copong Kanan,True,2.0,480.6415898718397,0.022399485237685722,105.81077817991364,18.918984310610906,14.136443905149426,28.176003472955117,20.950834753311184,False,0.2843090636406177,28.176003472955117,0.03,0.0015,1.2,1.0,0.18923973274703204,0.22708767929643844,0.07878568819036984,0.2843090636406177,1.3448630474497933,0.25165970724403725,28.176003472955117,20.950834753311184,5.665089915631812,41.1806976665811,30.38048876789339,792.174324860713,574.4340714898286,116.38095329346042,792.174324860713,512.6249287086507,1288.5923718193703,375.42832904955986,925.3854108650143,B.CP.Ka.8,BCP.3,B.CP.Ka.8,0.31531640517684845,0.2356073984191571,0.4696000578825853,0.3491805792218531,0.4696000578825853,0.4696000578825853,0.3491805792218531,0.0944181652605302,0.686344961109685,0.5063414794648898,13.202905414345217,9.573901191497145,1.939682554891007,13.202905414345217,8.543748811810845,21.47653953032284,6.257138817492664,15.423090181083571
SI Copong Kanan,Primer,SI Copong,True,1.0,13588.421421776266,0.7327409541494965,2473.2020697399025,389.7005684638713,285.1811986866148,603.0524516233368,436.88502121331106,False,0.3755455926815334,603.0524516233368,0.025,0.00025,2.5,1.5,0.6984155534753935,1.7460388836884837,1.951137141345361,0.3755455926815334,1.3803459087440164,0.16823740610877258,603.0524516233368,436.88502121331106,86.84534468604393,984.6286925277325,706.4608617269955,763.9983213877579,553.4832367365175,110.71586337782861,763.9983213877579,493.70594439803983,1247.4116741527891,361.29188514441046,895.0049220971208,BCP.3,Talang,BCP.3,6.495009474397856,4.753019978110246,10.05087419372228,7.281417020221851,10.05087419372228,10.05087419372228,7.281417020221851,1.4474224114340655,16.410478208795542,11.774347695449926,12.733305356462632,9.224720612275291,1.8452643896304768,12.733305356462632,8.228432406633997,20.790194569213153,6.021531419073508,14.91674870161868
CP.Ka.12 dan Suplesi Situ Sunarsa,Tersier,,False,,2100.1062116330654,0.0045241613773872235,21.37170995356237,123.30841531117473,92.13721347086907,183.6429631216319,136.55142318752758,True,0.25,140.0070807755377,0.03,0.0015,1.2,1.0,0.10387232311560449,0.12464678773872538,0.02373681092075159,0.19059684944585525,1.344863047450139,0.2277167307522771,183.6429631216319,136.55142318752758,34.06207160025822,268.4037624486373,198.0111545547549,,,,,,,,,,Bendung Copong,CP.Ka.12 dan Suplesi Situ Sunarsa,2.0551402551862457,1.5356202245144845,3.0607160520271983,2.2758570531254594,2.3334513462589617,3.0607160520271983,2.2758570531254594,0.567701193337637,4.473396040810622,3.3001859092459154,,,,,,,,
CP.Ka.9.Ki,Tersier,SI Copong Kanan,True,2.0,249.1178547801445,0.008345490929803778,39.422463516718906,12.550986487880088,9.378215739670157,18.692157732441345,13.898930279851452,True,0.25,16.607856985342966,0.03,0.0015,1.2,1.0,0.1306825259654413,0.15681903115852955,0.037571429703958124,0.22212332603687387,1.344863047448938,0.23659989784163657,18.692157732441345,13.898930279851452,3.5763892732439384,27.319562799407205,20.154628692579557,782.6904791201993,567.382167016369,114.29225265107254,780.6061783731009,506.2569308859199,1274.7312369521962,370.6701008840806,915.1595507897003,B.CP.Ka.9,BCP.3,B.CP.Ka.9,0.2091831081313348,0.15630359566116928,0.31153596220735574,0.2316488379975242,0.27679761642238276,0.31153596220735574,0.2316488379975242,0.05960648788739897,0.4553260466567867,0.3359104782096593,13.044841318669988,9.456369450272815,1.9048708775178758,13.010102972885015,8.437615514765332,21.24552061586994,6.177835014734677,15.252659179828338
CP.Ka.10.Ki,Tersier,SI Copong Kanan,True,2.0,548.9792772467366,0.01696541155142723,80.14127911202307,23.16332124138207,17.307852578648056,34.497085521462736,25.651002596038566,False,0.2652297862985088,34.497085521462736,0.03,0.0015,1.2,1.0,0.1705138701068264,0.20461664412819167,0.06396495577737686,0.2652297862985088,1.3448630474502514,0.24732703130598332,34.497085521462736,25.651002596038566,6.8402764764896595,50.419288548183665,37.19613110552557,798.4954069092206,579.134239332556,117.55613985431827,798.4954069092206,516.8692656394219,1297.8309627009728,378.5997377230585,932.2010532026463,B.CP.Ka.10,BCP.3,B.CP.Ka.10,0.38605535402303454,0.2884642096441343,0.5749514253577123,0.4275167099339761,0.5749514253577123,0.5749514253577123,0.4275167099339761,0.11400460794149432,0.840321475803061,0.6199355184254263,13.308256781820344,9.652237322209267,1.9592689975719713,13.308256781820344,8.614487760657031,21.630516045016215,6.309995628717642,15.536684220044105
CP.Ka.12.Ki,Tersier,SI Copong Kanan,True,2.0,539.5527518896938,0.003135596708296401,14.811944303301184,34.72080941431402,25.943716986520336,51.70962830667598,38.44973538734972,True,0.25,35.97018345931292,0.03,0.0015,1.2,1.0,0.09053012849024603,0.10863615418829523,0.018030549161813,0.1739046703545391,1.344863047449967,0.22255831375866258,51.70962830667598,38.44973538734972,9.413381391713978,75.57631698166351,55.755380051369706,815.7079496944339,591.9329721238672,120.1292447695426,799.9685048470708,528.4267538123538,1322.9879911344526,387.2356021309308,950.7603021484905,B.CP.Ka.12a,BCP.3,B.CP.Ka.12a,0.5786801569052337,0.43239528310867226,0.8618271384445997,0.6408289231224953,0.5995030576552154,0.8618271384445997,0.6408289231224953,0.15688968986189963,1.2596052830277251,0.929256334189495,13.595132494907231,9.865549535397786,2.0021540794923767,13.332808414117846,8.80711256353923,22.049799852240877,6.453926702182179,15.846005035808174
CP.Ka.11.Ki,Tersier,SI Copong Kanan,True,2.0,489.5414746406343,0.004956640060926405,23.414196194204354,28.094973387324774,20.992829677641875,41.84178467180531,31.11230154710684,True,0.25,32.63609830937562,0.03,0.0015,1.2,1.0,0.1074900661899864,0.12898807942798368,0.025419051524960847,0.19499704999059914,1.3448630474493526,0.22901979474148643,41.84178467180531,31.11230154710684,7.796942716589802,61.15394917713236,45.11547815753473,805.8401060595631,584.5955382836244,118.51280609441841,796.6344196971335,521.8009177853646,1308.5656233299214,382.2847148220523,940.1204002546556,B.CP.Ka.11,BCP.3,B.CP.Ka.11,0.4682495564554129,0.3498804946273646,0.6973630778634218,0.5185383591184473,0.5439349718229269,0.6973630778634218,0.5185383591184473,0.1299490452764967,1.0192324862855393,0.7519246359589122,13.430668434326053,9.74325897139374,1.9752134349069734,13.277240328285558,8.69668196308941,21.80942705549869,6.371411913700872,15.668673337577593
CP.Ka.12.Ki (2),Tersier,SI Copong Kanan,True,38.0,626.3201866440619,0.001387570758478381,6.554612312575616,49.41611553423581,36.92418862400519,73.5953167492013,54.723279733760556,True,0.25,41.754679109604126,0.03,0.0015,1.2,1.0,0.06668355412201368,0.08002026494641641,0.009782732058755761,0.14183877777133583,1.3448630474499497,0.21150213508132737,73.5953167492013,54.723279733760556,12.84815451307293,107.56339136720263,79.3534007055027,837.5936381369592,608.2065164702781,123.56401789090154,805.753000497362,543.1220599322756,1354.9750655199919,398.21607376841564,974.3583228026235,B.CP.Ka.12,BCP.3,B.CP.Ka.12,0.8236019255705967,0.6154031437334199,1.2265886124866883,0.9120546622293426,0.6959113184934022,1.2265886124866883,0.9120546622293426,0.2141359085512155,1.792723189453377,1.3225566784250449,13.95989396894932,10.136775274504634,2.0594002981816923,13.429216674956033,9.052034332204594,22.582917758666532,6.636934562806927,16.239305380043724
CP.Ka.15b.Ki,Tersier,,False,,1691.6883571958645,0.015502427134866653,73.23275557524389,73.00564035399013,54.550504545080614,108.7271463619558,80.84625908057423,False,0.2593170785463557,108.7271463619558,0.03,0.0015,1.2,1.0,0.16484392581459317,0.1978127109775118,0.059781743731527615,0.2593170785463557,1.3448630474490417,0.24593695455590162,108.7271463619558,80.84625908057423,21.46177874894507,158.91039148896786,117.23393816246714,,,,,,,,,,Bendung Copong,CP.Ka.15b.Ki,1.216760672566502,0.9091750757513436,1.8121191060325967,1.3474376513429038,1.8121191060325967,1.8121191060325967,1.3474376513429038,0.3576963124824178,2.648506524816131,1.9538989693744524,,,,,,,,
CP.Ka.15a.Ki,Tersier,,False,,813.3319736850584,0.012227604067386816,57.77233512951167,37.24504322665516,27.829848350956578,55.468964405030114,41.24506544381718,True,0.25,54.22213157900389,0.03,0.0015,1.2,1.0,0.15080858834451494,0.18097030601341793,0.050035106700623805,0.24438049349127042,1.344863047449599,0.24231630901747056,55.468964405030114,41.24506544381718,10.819333709205402,81.07078263368481,59.808845910039885,,,,,,,,,,Bendung Copong,CP.Ka.15a.Ki,0.6207507204442527,0.4638308058492763,0.9244827400838352,0.687417757396953,0.9037021929833983,0.9244827400838352,0.687417757396953,0.1803222284867567,1.3511797105614136,0.9968140985006647,,,,,,,,
CP.Ka.17a.Ki,Tersier,,False,,245.94707186456452,0.010495164050592348,49.59476100117673,11.701197980276225,8.743245734307305,17.426569498505618,12.95787666376298,True,0.25,16.396471457637634,0.03,0.0015,1.2,1.0,0.14241115988551675,0.1708933918626201,0.04461806461186408,0.2352223060746936,1.344863047449699,0.24001348151867177,17.426569498505618,12.95787666376298,3.37303721177361,25.469839630466133,18.79002106954123,,,,,,,,,B.CP.Ka.17a,Bendung Copong,B.CP.Ka.17a,0.19501996633793708,0.14572076223845506,0.2904428249750936,0.21596461106271633,0.2732745242939606,0.2904428249750936,0.21596461106271633,0.0562172868628935,0.42449732717443556,0.3131670178256872,,,,,,,,
CP.Ka.16a.Ki,Tersier,SI Copong Kanan,True,57.0,1173.4487277342887,0.01007894706551135,47.610970561129655,56.39574086821171,42.13943064721186,83.99005805356049,62.452498946100945,True,0.25,78.22991518228591,0.03,0.0015,1.2,1.0,0.14026643154304663,0.16831971785165595,0.04328427799920441,0.23285468838585238,1.3448630474506287,0.2394072276115557,83.99005805356049,62.452498946100945,16.223745107801285,122.75584757867405,90.561424644924,847.9883794413183,615.9357356826184,126.93960848562989,842.2282365700438,550.1016852662516,1370.1675217314632,403.4313157916223,985.5663467420449,B.CP.Ka.16a,BCP.3,B.CP.Ka.16a,0.9399290144701952,0.7023238441201977,1.3998343008926748,1.0408749824350159,1.3038319197047652,1.3998343008926748,1.0408749824350159,0.27039575179668807,2.045930792977901,1.5093570774154002,14.133139657355306,10.265595594710307,2.1156601414271647,14.037137276167396,9.168361421104192,22.836125362191055,6.7238552631937045,16.42610577903408
CP.Ka.16.Ki,Tersier,SI Copong Kanan,True,57.0,1175.8099699415322,0.016800981141687505,79.36454208318588,49.732404373471674,37.16052263439344,74.06636505107916,55.07353718397021,False,0.26458477905381345,74.06636505107916,0.03,0.0015,1.2,1.0,0.16989224429085506,0.20387069314902606,0.06349942427440386,0.26458477905381345,1.3448630474498928,0.24717652651340644,74.06636505107916,55.07353718397021,14.679130384196592,108.2518530123968,79.86130373933246,838.064686438837,608.5567739204877,125.39499376202521,838.064686438837,543.4383487715115,1355.663527165186,398.4524077788039,974.8662258364533,B.CP.Ka.16,BCP.3,B.CP.Ka.16,0.8288734062245279,0.6193420439065573,1.234439417517986,0.9178922863995035,1.234439417517986,1.234439417517986,0.9178922863995035,0.2446521730699432,1.8041975502066132,1.3310217289888742,13.967744773980618,10.142612898674795,2.08991656270042,13.967744773980618,9.057305812858525,22.594392119419766,6.640873462980065,16.247770430607556
CP.Ka.19.Ki,Tersier,SS Copong Kanan,True,58.0,314.72653729422206,0.015745604888069257,74.40691233754006,13.529430162399924,10.109318101825746,20.149351835398534,14.982456298140885,False,0.26032809050571054,20.149351835398534,0.03,0.0015,1.2,1.0,0.16580889223621345,0.19897067068345614,0.06048369523812054,0.26032809050571054,1.344863047449622,0.246176316441906,20.149351835398534,14.982456298140885,3.9804104347714158,29.44932793281246,21.725833392351138,924.6610476005856,671.292775618614,139.13130963793662,924.6610476005856,599.4021633132692,1485.7900678253184,439.5316391635034,1068.0906895583537,B.CP.Ka.19,B.CP.Ka.17,B.CP.Ka.19,0.2254905027066654,0.1684886350304291,0.3358225305899756,0.24970760496901476,0.3358225305899756,0.3358225305899756,0.24970760496901476,0.06634017391285693,0.490822132213541,0.3620972232058523,15.41101746000976,11.188212926976899,2.318855160632277,15.41101746000976,9.990036055221152,24.763167797088638,7.325527319391724,17.80151149263923
CP.Ka.20.Ki,Tersier,SS Copong Kanan,True,58.0,483.5637103362641,0.020599476466412785,97.34420814769616,19.43683887212034,14.52338972843938,28.94724318033158,21.52430556794384,False,0.27841667415662863,28.94724318033158,0.03,0.0015,1.2,1.0,0.18338724678041263,0.22006469613649515,0.07398794101973992,0.27841667415662863,1.344863047449146,0.2503455183446175,28.94724318033158,21.52430556794384,5.795848021451023,42.307904697500796,31.21207012718541,933.4589389455186,677.834624888417,140.94674722461625,933.4589389455186,605.3095720229896,1498.6486445900068,443.94571079011706,1077.5769262931879,,B.CP.Ka.17,CP.Ka.20.Ki,0.323947314535339,0.24205649547398966,0.4824540530055263,0.35873842613239737,0.4824540530055263,0.4824540530055263,0.35873842613239737,0.09659746702418372,0.7051317449583466,0.5202011687864235,15.557648982425311,11.297243748140284,2.349112453743604,15.557648982425311,10.088492867049828,24.977477409833448,7.399095179835284,17.959615438219796
SS Cipanas Kiara,Sekunder,SS Copong Kanan,True,58.0,3217.4355604617767,0.10046508077786012,424.4485919797874,124.56982109623182,92.08301958079893,189.913591920461,138.97794915791565,False,0.28235960083444095,189.913591920461,0.027,0.0005,2.0,1.5,0.3188396084129427,0.6376792168258854,0.35580543562521516,0.28235960083444095,1.3665016146170716,0.19082395907896196,189.913591920461,138.97794915791565,30.432763144267323,282.3821540619793,204.57347123879464,1094.425287685648,795.2882684783888,165.58366234743252,1094.425287685648,710.4425542471012,1738.7228939544852,521.5053406424767,1250.938327404797,B.CP.Ka.21,B.CP.Ka.17,B.CP.Ka.21,2.076163684937197,1.5347169930133155,3.1652265320076833,2.3162991526319274,3.1652265320076833,3.1652265320076833,2.3162991526319274,0.5072127190711221,4.7063692343663215,3.4095578539799107,18.240421461427466,13.254804474639814,2.759727705790542,18.240421461427466,11.840709237451685,28.97871489924142,8.69175567737461,20.848972123413283
TB.1.Ki,Tersier,SS Tegal Buah,True,60.0,1217.8533134683018,0.01947659788377702,88.44070804811685,49.64239050634371,37.093263422029814,73.9323075884177,54.9738560581478,False,0.2745424278850932,73.9323075884177,0.03,0.0015,1.2,1.0,0.17957276652887297,0.21548731983464756,0.07094203265343287,0.2745424278850932,1.3448630474496255,0.2494700294424727,73.9323075884177,54.9738560581478,14.761374435737673,108.05592104336833,79.71675764552506,1391.431055535122,1013.5063226223788,220.46103952621692,1391.431055535122,906.4052831506848,2178.4663134311336,666.7597820057941,1570.9481132923167,B.TB 1,B.CP.Ka.21,B.TB 1,0.8273731751057285,0.6182210570338302,1.2322051264736282,0.9162309343024634,1.2322051264736282,1.2322051264736282,0.9162309343024634,0.24602290726229456,1.800932017389472,1.3286126274254177,23.190517592252032,16.891772043706315,3.674350658770282,23.190517592252032,15.10675471917808,36.30777189051889,11.112663033429902,26.182468554871946
TB.2.Ki,Tersier,SS Tegal Buah,True,60.0,612.785962413819,0.02275976040101417,103.34912374752142,24.02441744670998,17.95127180261168,35.779514285794455,26.60457832761514,False,0.2854454448985787,35.779514285794455,0.03,0.0015,1.2,1.0,0.19037545047620313,0.22845054057144376,0.079734186716838,0.2854454448985787,1.3448630474498395,0.2519108017028098,35.779514285794455,26.60457832761514,7.199591309550234,52.293625030061314,38.57889685892906,1353.2782622324987,985.1370448918461,212.8992564000295,1353.2782622324987,880.787310091051,2122.7040174178264,647.617790386376,1529.8102525057207,B.TB 2,B.CP.Ka.21,B.TB 2,0.4004069574451663,0.2991878633768613,0.5963252380965742,0.4434096387935857,0.5963252380965742,0.5963252380965742,0.4434096387935857,0.1199931884925039,0.8715604171676886,0.6429816143154844,22.554637703874977,16.418950748197435,3.5483209400004916,22.554637703874977,14.679788501517518,35.37840029029711,10.793629839772933,25.496837541762012
SS Cikondang,Sekunder,SS Cipanas Kiara,True,60.0,860.6545562371455,0.02057440848378189,90.43048327908105,49.53404568455176,36.61596732294864,75.51739623225644,55.263305527361226,True,0.25,57.3769704158097,0.027,0.0005,2.0,1.5,0.17591964893703527,0.35183929787407053,0.10831703008745408,0.18994620206231946,1.3665016146178097,0.17281837445480439,75.51739623225644,55.263305527361226,11.12771929923481,112.2866710148252,81.34676265094761,1169.9426839179046,850.55157400575,176.71138164666732,1151.8022581014577,759.9765999316529,1851.0095649693105,558.1213079654253,1332.2850900557446,B.CK.9,B.CP.Ka.21,B.CK.9,0.8255674280758626,0.610266122049144,1.2586232705376075,0.9210550921226871,0.956282840263495,1.2586232705376075,0.9210550921226871,0.18546198832058017,1.8714445169137535,1.3557793775157936,19.499044731965075,14.175859566762501,2.945189694111122,19.19670430169096,12.66627666552755,30.850159416155176,9.302021799423756,22.204751500929078
SS Wanakerta,Sekunder,SS Cipanas Kiara,True,60.0,1447.7737976330443,0.0,0.0,,,,,,,,,,,,,,,,,,,,,,,,,,,,,,,B.CK.9,B.CP.Ka.21,B.CK.9,,,,,,,,,,,,,,,,,,
SS Cibatu,Sekunder,SS Cipanas Kiara,True,60.0,3151.202004753337,0.047891834628706456,193.26133824649625,146.83096166433768,108.53863479139603,223.8519337140912,163.81388160803652,True,0.25,210.08013365022245,0.027,0.0005,2.0,1.5,0.2414986143506888,0.4829972287013776,0.20412553256655952,0.23461952077499318,1.3665016146171904,0.18218948074330843,223.8519337140912,163.81388160803652,34.498249418623594,332.84500911129436,241.13159390194954,1318.2772213997393,959.1021500864254,200.08191176605612,1304.5054213358706,857.2735159114388,2071.56790306578,630.0439754338727,1492.0699213067467,B.CK.9,B.CP.Ka.21,B.CK.9,2.447182694405628,1.8089772465232672,3.7308655619015196,2.730231360133942,3.501335560837041,3.7308655619015196,2.730231360133942,0.5749708236437265,5.547416818521572,4.018859898365826,21.97128702332899,15.985035834773756,3.334698529434269,21.74175702226451,14.287891931857313,34.52613171776299,10.500732923897878,24.867832021779112
SS Munjul,Sekunder,SS Munjul,True,62.0,4369.918561840761,0.0,0.0,,,,,,,,,,,,,,,,,,,,,,,,,,,,,,,Bd. Citameng IV,Bd. Citameng IV,Bd. Citameng IV,,,,,,,,,,,,,,,,,,
CK.6.Ka,Tersier,SS Cipanas Kiara,True,60.0,700.4123719991428,0.014842386565275398,72.54313493816394,30.557220859327952,22.8326442626558,45.50880464409452,33.838988089069936,False,0.2565116711944635,45.50880464409452,0.03,0.0015,1.2,1.0,0.16217614160776048,0.19461136992931258,0.057862421994916834,0.2565116711944635,1.3448630474501087,0.24526907507777077,45.50880464409452,33.838988089069936,8.963446251369351,66.51348999920477,49.06940509350197,1139.9340923297425,829.1272565674587,174.54710859880188,1139.9340923297425,740.9997751064291,1805.23638395369,544.3379849051324,1300.007732498299,B.CK 6,B.CP.Ka.21,B.CK 6,0.5092870143221325,0.38054407104426335,0.7584800774015753,0.5639831348178322,0.7584800774015753,0.7584800774015753,0.5639831348178322,0.14939077085615585,1.1085581666534128,0.8178234182250328,18.998901538829042,13.818787609457646,2.909118476646698,18.998901538829042,12.349996251773819,30.08727306589483,9.072299748418875,21.666795541638315
CO.2.Ki,Tersier,SS Cikondang,True,61.0,1129.7741679591954,0.01363337177551701,66.58068549119153,50.347371248484066,37.62003169626804,74.98223392234743,55.75454992576978,False,0.2511204118763217,74.98223392234743,0.03,0.0015,1.2,1.0,0.15709027176462473,0.18850832611754967,0.05429017766278404,0.2511204118763217,1.3448630474495251,0.243970049634887,74.98223392234743,55.75454992576978,14.705675057963852,109.5904431047118,80.84883002148942,1244.924917840252,906.3061239315198,191.41705670463116,1226.7844920238051,810.3239711801369,1960.6000080740223,595.7413396616934,1413.133920077234,B.CO 2,B.CK.9,B.CO 2,0.8391228541414011,0.6270005282711341,1.2497038987057905,0.9292424987628297,1.2497038987057905,1.2497038987057905,0.9292424987628297,0.24509458429939754,1.8265073850785298,1.347480500358157,20.748748630670867,15.10510206552533,3.190284278410519,20.446408200396753,13.505399519668948,32.67666680123371,9.92902232769489,23.552232001287233
KL.7M.a,Tersier,SS Kawung Luwuk,True,5.0,355.1908551736623,0.0031888023424680345,13.11655774396322,22.760974628744062,17.007215386582644,33.89787155897417,25.20544498808119,True,0.25,23.67939034491082,0.03,0.0015,1.2,1.0,0.09110315387755824,0.10932378465306988,0.01825952622216372,0.17463773723753098,1.3448630474488086,0.22279248352179395,33.89787155897417,25.20544498808119,6.17618368815565,49.543506109750865,36.550034753562485,1210.1416557378748,884.0838190004673,194.82112943109027,1199.9231745238114,791.7891550811598,1836.088861462681,584.2444608910941,1327.8919618742739,BKL7M,BLG2,BKL7M,0.37934957714573436,0.2834535897763774,0.5649645259829028,0.4200907498013532,0.3946565057485137,0.5649645259829028,0.4200907498013532,0.10293639480259416,0.8257251018291811,0.6091672458927081,20.169027595631245,14.734730316674455,3.2470188238515045,19.99871957539686,13.19648591801933,30.601481024378018,9.737407681518237,22.131532697904564
KL.7M.b,Tersier,SS Kawung Luwuk,True,5.0,961.8047925887992,0.0090758220516398,37.33174127127997,47.45166139792492,35.45632992474647,70.66965934294655,52.54784825632091,True,0.25,64.12031950591994,0.03,0.0015,1.2,1.0,0.1348591137710924,0.16183093652531086,0.040011357247673775,0.22683114685312158,1.3448630474502026,0.2378437167680227,70.66965934294655,52.54784825632091,13.57872097516684,103.28739057672092,76.19884040548337,1246.913443521847,911.426222268707,202.22366671810147,1240.3641036848205,816.4798418503407,1889.8327459296513,602.693575429258,1367.540767526195,BKL7M,BLG2,BKL7M,0.7908610232987487,0.5909388320791078,1.1778276557157759,0.8757974709386819,1.0686719917653322,1.1778276557157759,0.8757974709386819,0.22631201625278066,1.7214565096120154,1.2699806734247228,20.781890725364118,15.190437037811783,3.370394445301691,20.672735061413675,13.607997364172345,31.497212432160854,10.044892923820965,22.792346125436584
LG.4.Ka,Tersier,SS Leuwigoong,True,4.0,249.72906674329388,0.0004899814163961149,2.017931960609727,25.559960065983596,19.098643762183418,38.06639467340903,28.305034289968198,True,0.25,16.648604449552927,0.03,0.0015,1.2,1.0,0.04513260644598304,0.05415912773517965,0.004481294762137578,0.10933925180194878,1.3448630474509062,0.19818009635600942,38.06639467340903,28.305034289968198,6.296216893641815,55.636019913437345,41.04470234466661,943.3279720171839,688.8797956784275,152.02193105298048,921.9101817933279,616.8430687499113,1439.2584538220738,454.9452941770754,1040.4866651940617,BLG4,BCD.20,BLG4,0.42599933443305993,0.31831072936972366,0.6344399112234839,0.47175057149947,0.27747674082588214,0.6344399112234839,0.47175057149947,0.10493694822736359,0.9272669985572891,0.6840783724111101,15.722132866953066,11.481329927973793,2.533698850883008,15.365169696555464,10.280717812498521,23.987640897034563,7.582421569617924,17.34144441990103
CTR.3.Ki.b,Tersier,,False,,696.7827565265483,0.013737118465267834,56.5020948970724,30.99270358124471,23.15804106882785,46.15736814431672,34.32124053958185,False,0.2515967961128007,46.15736814431672,0.03,0.0015,1.2,1.0,0.1575374923352962,0.18904499080235546,0.054599735280845725,0.2515967961128007,1.3448630474497143,0.24408567235180798,46.15736814431672,34.32124053958185,9.05592957774175,67.46139935923394,49.76871208192969,,,,,,,,,,Bendung Copong,CTR.3.Ki.b,0.5165450596874118,0.3859673511471308,0.7692894690719453,0.5720206756596975,0.7692894690719453,0.7692894690719453,0.5720206756596975,0.15093215962902917,1.1243566559872322,0.8294785346988282,,,,,,,,
SS Sumur Kondang,Sekunder,SS Cibatu,True,61.0,828.6222109259519,0.017353101213031276,76.30059457592955,49.76443330971767,36.786271719407644,75.86863492750578,55.52034049279119,True,0.25,55.241480728396795,0.027,0.0005,2.0,1.5,0.16503763929725576,0.3300752785945115,0.09533097834683886,0.18203003382485164,1.3665016146173785,0.17098894182649982,75.86863492750578,55.52034049279119,11.078411708859113,112.80892715432243,81.72511429173306,1394.1458563272452,1014.6224905792166,211.16032347491523,1359.7469020642673,907.0379492211565,2184.3768302201024,666.8302471532803,1573.7950355984797,B.CB.3,B.CK.9,B.CB.3,0.8294072218286278,0.6131045286567941,1.264477248791763,0.9253390082131865,0.9206913454732799,1.264477248791763,0.9253390082131865,0.18464019514765187,1.8801487859053738,1.362085238195551,23.235764272120754,16.910374842986943,3.5193387245819205,22.662448367737788,15.117299153685941,36.40628050366838,11.113837452554671,26.229917259974663
SK.3,Tersier,SS Sumur Kondang,True,62.0,453.6687125537087,0.01561779109172815,76.30059457592955,19.542040349512444,14.60199726673963,29.103919518960264,21.640805414453855,False,0.2597981761289106,29.103919518960264,0.03,0.0015,1.2,1.0,0.16530287815033223,0.19836345378039869,0.06011509135452389,0.2597981761289106,1.3448630474502492,0.24605094381452486,29.103919518960264,21.640805414453855,5.746993653742677,42.53689533269743,31.38100479353801,1423.2497758462055,1036.2632959936705,216.9073171286579,1388.8508215832276,926.579989570669,2226.9137255528,681.43224442002,1605.1760403920177,B.SK 3,B.CB.3,B.SK 3,0.32570067249187407,0.24336662111232718,0.4850653253160044,0.3606800902408976,0.4850653253160044,0.4850653253160044,0.3606800902408976,0.09578322756237795,0.7089482555449572,0.5230167465589669,23.720829597436758,17.27105493322784,3.6151219521442983,23.147513693053792,15.442999826177816,37.11522875921333,11.357204073666999,26.75293400653363
Suplesi Situ Cilimus,Tersier,TB.8.Ki,True,62.0,1601.7626771918046,0.0018960537101738448,8.609734288589967,116.88842047065013,87.3401326421666,174.08167833207153,129.44193734977952,True,0.25,106.78417847945364,0.03,0.0015,1.2,1.0,0.07496646806249647,0.08995976167499577,0.012363936934283669,0.15335355722466704,1.3448630474501164,0.2156698689352415,174.08167833207153,129.44193734977952,30.883526613017263,254.4294463750004,187.7017966136082,1521.6765524613359,1110.35298457293,242.37092090866156,1451.7058706070761,993.8595779104065,2368.826895850152,732.1064576960226,1711.3839937831751,B.PL,B.TB.8,B.PL,1.9481403411775022,1.4556688773694433,2.9013613055345258,2.1573656224963256,1.779736307990894,2.9013613055345258,2.1573656224963256,0.5147254435502877,4.240490772916673,3.1283632768934697,25.3612758743556,18.5058830762155,4.039515348477693,24.19509784345127,16.564326298506774,39.480448264169205,12.20177429493371,28.523066563052918
TB.8.Ki,Tersier,SS Tegal Buah,True,61.0,411.3441627137721,0.009231009012398848,41.91681616711499,20.208264795415392,15.099806470091686,30.096126182560106,22.37858065891954,True,0.25,27.42294418091814,0.03,0.0015,1.2,1.0,0.13571926606874704,0.16286311928249644,0.04052338220092657,0.2277946338888707,1.3448630474499976,0.238095881458049,30.096126182560106,22.37858065891954,5.78772920516505,43.98705708738672,32.45084152277537,1347.5948741292643,980.9110472231505,211.4873942956443,1344.9216921276225,876.9711574397564,2114.397449475152,644.766325053856,1523.682197169567,B.TB.8,B.CP.Ka.21,B.TB.8,0.3368044132569232,0.2516634411681948,0.5016021030426684,0.37297634431532567,0.457049069681969,0.5016021030426684,0.37297634431532567,0.0964621534194175,0.7331176181231119,0.5408473587129229,22.459914568821073,16.348517453719175,3.5247899049274047,22.415361535460374,14.616185957329273,35.23995749125253,10.746105417564268,25.394703286159448
CT.2,Tersier,SS Citambal,True,61.0,697.4623736316728,0.013175017729185851,59.75846452761974,31.348658465525336,23.424013922941075,46.687491003506416,34.71542406643184,True,0.25,46.497491575444855,0.03,0.0015,1.2,1.0,0.15508856048946415,0.18610627258735699,0.0529154155083272,0.248982599921426,1.344863047450168,0.24344914868296497,46.687491003506416,34.71542406643184,9.140727589050089,68.23620154902603,50.34031165543213,1499.2840871585988,1092.1119144731902,234.3890971491754,1458.2685980847218,976.7261395214904,2339.523324245807,718.5951531928732,1687.0980379289924,B.CT 2,B.TB.6,B.CT 2,0.5224776410920889,0.3904002320490179,0.7781248500584402,0.5785904011071973,0.7749581929240809,0.7781248500584402,0.5785904011071973,0.15234545981750147,1.1372700258171007,0.8390051942572022,24.98806811930998,18.201865241219835,3.906484952486257,24.304476634745363,16.27876899202484,38.99205540409678,11.976585886547888,28.118300632149875
CA.2.Ki,Tersier,SS Cikarag,True,62.0,740.6328032179443,0.016863842438004185,76.34048610609648,31.29678946702129,23.38525691697996,46.610242613318306,34.65798447038881,False,0.2648319202291664,46.610242613318306,0.03,0.0015,1.2,1.0,0.170130337194569,0.20415640463348278,0.06367752959466304,0.2648319202291664,1.3448630474498968,0.24723422646085988,46.610242613318306,34.65798447038881,9.239361006277186,68.12329900042222,50.257019365505045,1563.4427217462626,1139.062017561827,244.16538530488117,1512.060046411159,1018.8084451736391,2434.922632381713,749.7023189732183,1756.209148346112,B.CA. 2,B.TB .11,B.CA. 2,0.5216131577836882,0.389754281949666,0.7768373768886384,0.5776330745064802,0.7768373768886384,0.7768373768886384,0.5776330745064802,0.15398935010461975,1.1353883166737038,0.8376169894250841,26.057378695771042,18.984366959363783,4.069423088414686,25.201000773519315,16.980140752893984,40.582043873028546,12.495038649553639,29.2701524724352
SS Cikarag,Sekunder,SS Tegal Buah,True,61.0,2219.265837767045,0.01873760270889354,76.34048610609648,130.74876306227674,96.65054347247408,199.33373118624,145.87156652720708,True,0.25,147.95105585113635,0.027,0.0005,2.0,1.5,0.16985735238017297,0.33971470476034593,0.10098032055160788,0.18555697393847484,1.366501614617688,0.17181124408814438,199.33373118624,145.87156652720708,29.226359208124734,296.3889409935254,214.72077333381523,1516.8324791329442,1104.4040330914381,234.92602429860398,1465.4498037978406,987.5116557066178,2366.7993333812906,726.3170620562383,1705.9521289806069,B.TB .11,B.CP.Ka.21,B.TB .11,2.1791460510379457,1.6108423912079013,3.322228853104,2.4311927754534515,2.4658509308522722,3.322228853104,2.4311927754534515,0.4871059868020789,4.939815683225423,3.5786795555635873,25.280541318882403,18.406733884857303,3.915433738310066,24.424163396630675,16.458527595110297,39.44665555635484,12.105284367603973,28.432535483010113
LW.3.Ki,Tersier,SS Lewo,True,62.0,1181.5835390059426,0.007359367107542468,33.32092819976096,61.43138321500401,45.90211020725299,91.48962959092907,68.02895637917531,True,0.25,78.7722359337295,0.03,0.0015,1.2,1.0,0.12466319036062969,0.14959582843275562,0.03419000426795931,0.21524908420205133,1.344863047449827,0.23474769624064484,91.48962959092907,68.02895637917531,17.39382048799935,133.71686227352637,98.64776127085658,1875.1044841480386,1367.663183544598,300.3429596878594,1862.387090490839,1223.9333197232959,2897.1943958628294,901.5734035830452,2091.97582819215,B.LW 3,B.TB .11,B.LW 3,1.0238563869167334,0.7650351701208832,1.524827159848818,1.133815939652922,1.3128705988954918,1.524827159848818,1.133815939652922,0.2898970081333225,2.2286143712254396,1.6441293545142763,31.25174140246731,22.79438639240997,5.005715994797656,31.039784841513985,20.398888662054933,48.28657326438049,15.026223393050753,34.8662638032025
CTR.3.Ki.a,Tersier,,False,,504.8243596657645,0.0022085109642499584,9.080693822743768,35.46103377086356,26.49681962257477,52.812042881289706,39.269457943261955,True,0.25,33.65495731105097,0.03,0.0015,1.2,1.0,0.0793798724436949,0.09525584693243389,0.013862561128190003,0.15931478633907512,1.3448630474501229,0.21773589565388335,52.812042881289706,39.269457943261955,9.442997861120197,77.18755334256102,56.94404733819162,,,,,,,,,BCTR4,Bendung Copong,BCTR4,0.5910172295143926,0.44161366037624616,0.8802007146881617,0.6544909657210326,0.5609159551841828,0.8802007146881617,0.6544909657210326,0.15738329768533663,1.286459222376017,0.9490674556365271,,,,,,,,
Ruas tanpa nama R037,Tersier,,False,,673.5959639901405,0.0031023587190279088,14.06272112480724,43.46227466701225,32.475422450451255,64.72827408992781,48.13001161171868,True,0.25,44.9063975993427,0.03,0.0015,1.2,1.0,0.0901690650712645,0.1082028780855174,0.01788701265081705,0.17344197041679835,1.3448630474497496,0.22241012822841186,64.72827408992781,48.13001161171868,11.776917916418512,94.60374635229793,69.79260227025024,,,,,,,,,,Bendung Copong,Ruas tanpa nama R037,0.7243712444502042,0.5412570408408542,1.0788045681654634,0.8021668601953114,0.7484399599890449,1.0788045681654634,0.8021668601953114,0.19628196527364186,1.5767291058716322,1.163210037837504,,,,,,,,
Ruas tanpa nama R038,Tersier,,False,,384.9986567564492,0.000675874622551321,3.0600617631010074,36.36040050235193,27.168834945419885,54.151467859599144,40.26541435746218,True,0.25,25.66657711709661,0.03,0.0015,1.2,1.0,0.050918179101571,0.0611018149218852,0.005703854118643255,0.11849437389048925,1.3448630474496417,0.20220432632455757,54.151467859599144,40.26541435746218,9.107986752561487,79.14519276192624,58.3882686788057,,,,,,,,,B.PK.2,Bendung Copong,B.PK.2,0.6060066750391988,0.4528139157569981,0.9025244643266525,0.6710902392910363,0.42777628528494355,0.9025244643266525,0.6710902392910363,0.1517997792093581,1.319086546032104,0.9731378113134284,,,,,,,,
CK.2.Ki,Tersier,SS Cipanas Kiara,True,59.0,260.46583285269514,0.013956567333559208,68.21363551604617,11.53963539377966,8.622524642546251,17.185954678836165,12.778962669415046,False,0.2525956395985076,17.185954678836165,0.03,0.0015,1.2,1.0,0.15847656254414705,0.19017187505297645,0.05525260592677969,0.2525956395985076,1.3448630474497543,0.24432756857426427,17.185954678836165,12.778962669415046,3.374515381925282,25.11816853018332,18.530580590938843,1111.6112423644843,808.0672311478038,168.9581777293578,1111.6112423644843,721.9821896408808,1763.8410624846686,530.127865285023,1269.468907995736,B.CK.2,B.CP.Ka.21,B.CK.2,0.19232725656299435,0.14370874404243753,0.28643257798060273,0.21298271115691744,0.28643257798060273,0.28643257798060273,0.21298271115691744,0.05624192303208804,0.41863614216972195,0.3088430098489807,18.52685403940807,13.46778718579673,2.81596962882263,18.52685403940807,12.03303649401468,29.39735104141114,8.835464421417049,21.157815133262265
SS Citambal,Sekunder,SS Tegal Buah,True,60.0,1414.0853784385913,0.01463890858798428,59.75846452761974,88.61458841162401,65.50462068616787,135.09784820838806,98.8640238425275,True,0.25,94.27235856257275,0.027,0.0005,2.0,1.5,0.1548397111507848,0.3096794223015696,0.08391367652240465,0.17445199870459427,1.3665016146174112,0.16918086830522883,135.09784820838806,98.8640238425275,19.548704469646065,200.87673030901578,145.52637062676888,1452.5965961550924,1057.3964904067584,225.2483695601253,1411.771106509277,945.3774810559651,2271.287122696781,695.1711392699322,1636.7577262735604,B.TB.6,B.CP.Ka.21,B.TB.6,1.4769098068604003,1.0917436781027978,2.2516308034731343,1.6477337307087916,1.5712059760428791,2.2516308034731343,1.6477337307087916,0.3258117411607678,3.347945505150263,2.425439510446148,24.20994326925154,17.62327484011264,3.754139492668755,23.52951844182128,15.75629135093275,37.85478537827968,11.58618565449887,27.279295437892674
SS Cibunar,Sekunder,SS Cibatu,True,62.0,2671.8464703816144,0.010341359755620717,42.18816337442174,182.63073001554523,135.00211319308315,278.43066343905446,203.75436110780728,True,0.25,178.12309802544095,0.027,0.0005,2.0,1.5,0.1359199505638726,0.2718399011277452,0.0646598153644995,0.15993487914131108,1.3665016146169047,0.1655457588076939,278.43066343905446,203.75436110780728,39.54629417681482,413.9980172233021,299.92338485647684,1596.7078848387937,1162.8565111942326,239.62820594287095,1482.6285193613114,1039.904245926984,2485.565920289082,765.0460886269558,1791.9933061632235,B.CB.6,B.CK.9,B.CB.6,3.043845500259087,2.2500352198847193,4.640511057317574,3.395906018463455,2.968718300424016,4.640511057317574,3.395906018463455,0.6591049029469136,6.899966953721702,4.99872308094128,26.61179808064656,19.38094185323721,3.9938034323811826,24.710475322688524,17.3317374321164,41.4260986714847,12.750768143782597,29.86655510272039
SS Pasir Laja,Sekunder,,False,,4277.680290312157,0.0,0.0,,,,,,,,,,,,,,,,,,,,,,,,,,,,,,,,Bendung Copong,SS Pasir Laja,,,,,,,,,,,,,,,,,,
PL.5.Ka,Tersier,,False,,631.0093707367679,0.015310582111414558,69.30912554369289,27.316425059091465,20.411091007692843,40.68229428690859,30.250139123130978,False,0.25851105572964383,40.68229428690859,0.03,0.0015,1.2,1.0,0.16407595866514715,0.1968911503981766,0.05922602446615157,0.25851105572964383,1.3448630474496097,0.24574562289109408,40.68229428690859,30.250139123130978,8.025310758847558,59.45929354459841,43.86526945956432,,,,,,,,,,Bendung Copong,PL.5.Ka,0.45527375098485773,0.34018485012821403,0.6780382381151432,0.5041689853855164,0.6780382381151432,0.6780382381151432,0.5041689853855164,0.13375517931412598,0.9909882257433068,0.731087824326072,,,,,,,,
PL.2.Ka,Tersier,,False,,522.9108925714876,0.011089830426821892,50.22400401716876,24.537620263362363,18.334741798192752,36.54382615935617,27.17289781190367,True,0.25,34.8607261714325,0.03,0.0015,1.2,1.0,0.14538510062151727,0.1744621207458207,0.04650102046200315,0.23848574325123897,1.3448630474497043,0.24084166241510188,36.54382615935617,27.17289781190367,7.092988662306468,53.41070667076791,39.40300835200277,,,,,,,,,,Bendung Copong,PL.2.Ka,0.40896033772270607,0.3055790299698792,0.6090637693226029,0.4528816301983945,0.5810121028572084,0.6090637693226029,0.4528816301983945,0.1182164777051078,0.8901784445127985,0.6567168058667129,,,,,,,,
Ruas tanpa nama R045,Tersier,,False,,2091.521224445836,0.008717376090605754,39.492728288686976,104.2321771817309,77.88326802592049,155.2327618676106,115.42644595811933,True,0.25,139.43474829638907,0.03,0.0015,1.2,1.0,0.1328365936684923,0.15940391240219073,0.03882023335838588,0.22455753962444025,1.3448630474504464,0.23724546586129305,155.2327618676106,115.42644595811933,29.766339762319443,226.88077251816125,167.37814441489445,,,,,,,,,,Bendung Copong,Ruas tanpa nama R045,1.7372029530288484,1.2980544670986747,2.58721269779351,1.923774099301989,2.3239124716064845,2.58721269779351,1.923774099301989,0.4961056627053241,3.781346208636021,2.789635740248241,,,,,,,,
Ruas tanpa nama R046,Tersier,,False,,230.2911152067876,0.0002385042676819025,1.0798419788492335,28.218837799533635,21.08538233724388,42.026255679935204,31.249468679831327,True,0.25,15.35274101378584,0.03,0.0015,1.2,1.0,0.03445356131997796,0.04134427358397355,0.002611505352784859,0.09132827065721544,1.3448630474494854,0.18945990680409924,42.026255679935204,31.249468679831327,6.694038562291059,61.42356317051996,45.31438214315941,,,,,,,,,,Bendung Copong,Ruas tanpa nama R046,0.4703139633255606,0.3514230389540646,0.7004375946655867,0.5208244779971888,0.25587901689643067,0.7004375946655867,0.5208244779971888,0.11156730937151765,1.0237260528419994,0.7552397023859903,,,,,,,,
Ruas tanpa nama R047,Tersier,,False,,635.3947316771092,0.025529581043953867,115.51520923948792,24.205756860048623,18.086770326354344,36.04958269201155,26.805393129344072,False,0.2937596333664404,36.04958269201155,0.03,0.0015,1.2,1.0,0.1987533441904364,0.23850401302852364,0.08690636201914055,0.2937596333664404,1.3448630474494996,0.2537254551053426,36.04958269201155,26.805393129344072,7.295613834465675,52.68834408226465,38.87009536724874,,,,,,,,,,Bendung Copong,Ruas tanpa nama R047,0.4034292810008104,0.30144617210590574,0.6008263782001925,0.4467565521557345,0.6008263782001925,0.6008263782001925,0.4467565521557345,0.12159356390776124,0.8781390680377441,0.647834922787479,,,,,,,,
TB.2a.Ki,Tersier,SS Tegal Buah,True,60.0,376.452542209668,0.009410285550419296,42.73088770330202,18.405410699438104,13.752696848425622,27.411139375895363,20.38210465212079,True,0.25,25.0968361473112,0.03,0.0015,1.2,1.0,0.13670176206708853,0.16404211448050623,0.04111221785494315,0.2288926757398919,1.3448630474499694,0.2383822885389449,27.411139375895363,20.38210465212079,5.276504837286705,40.06280892244912,29.555781845505486,1344.9098873225996,978.9145712163518,210.97616992776594,1342.5955840940155,875.1683033437791,2110.4732013102143,643.41921543219,1520.787137492297,B.TB 2a,B.CP.Ka.21,B.TB 2a,0.30675684499063505,0.22921161414042704,0.4568523229315894,0.3397017442020132,0.41828060245518667,0.4568523229315894,0.3397017442020132,0.08794174728811174,0.6677134820408187,0.4925963640917581,22.415164788709994,16.315242853605863,3.516269498796099,22.376593068233593,14.586138389062986,35.17455335517024,10.723653590536498,25.346452291538284
Ruas tanpa nama R049,Tersier,,False,,358.2822788724044,0.01998679157037498,90.69894592528038,14.510271414978774,10.842211956976852,21.610116646307517,16.068637388234357,False,0.2763229561539822,21.610116646307517,0.03,0.0015,1.2,1.0,0.18132250828154642,0.2175870099378557,0.07233127442092524,0.2763229561539822,1.3448630474498537,0.24987353012167207,21.610116646307517,16.068637388234357,4.320274013826273,31.58431184200184,23.300888171614876,,,,,,,,,,Bendung Copong,Ruas tanpa nama R049,0.2418378569163129,0.18070353261628086,0.36016861077179196,0.2678106231372393,0.36016861077179196,0.36016861077179196,0.2678106231372393,0.07200456689710455,0.5264051973666973,0.3883481361935813,,,,,,,,
SS Bandrek,Sekunder,SS Tegal Buah,True,61.0,3025.428747145123,0.03213446823422706,131.0765502319993,155.75819920299227,115.13772100544506,237.46200180259993,173.77367085584802,True,0.25,201.69524980967486,0.027,0.0005,2.0,1.5,0.20793651429730314,0.4158730285946063,0.15133157892339394,0.21234476282371942,1.3665016146179236,0.1777021370913124,237.46200180259993,173.77367085584802,35.83037159338307,353.0817931397536,255.79225533474317,1554.9607497493041,1132.306137420079,241.5300366838623,1519.193997756379,1012.5210918473333,2423.492185527519,744.8042395892094,1747.0236109815348,B.TB.7,B.CP.Ka.21,B.TB.7,2.595969986716538,1.9189620167574177,3.9577000300433323,2.896227847597467,3.3615874968279145,3.9577000300433323,2.896227847597467,0.5971728598897178,5.884696552329227,4.263204255579053,25.916012495821736,18.87176895700132,4.025500611397705,25.319899962606318,16.875351530788887,40.391536425458646,12.413403993153489,29.11706018302558
BK.4.Ka,Tersier,SS Bandrek,True,62.0,313.406103268648,0.00697958035187364,31.63302227800525,16.51148372463342,12.337536710849115,24.590517922676504,18.28477477264496,True,0.25,20.893740217909865,0.03,0.0015,1.2,1.0,0.12221064989182362,0.14665277987018835,0.03285797448336015,0.212416634367046,1.3448630474500176,0.23397159821024602,24.590517922676504,18.28477477264496,4.662573099357538,35.94032365201784,26.514475492013638,1579.5512676719807,1150.590912192724,246.19260978321984,1540.087737974289,1029.0325755719666,2459.4325091795367,757.1417763000585,1773.5380864735484,B.BK.4,B.TB.7,B.BK.4,0.275191395410557,0.20562561184748523,0.40984196537794176,0.3047462462107493,0.34822900363183107,0.40984196537794176,0.3047462462107493,0.07770955165595897,0.5990053942002973,0.44190792486689395,26.32585446119968,19.17651520321207,4.103210163053664,25.66812896623815,17.150542926199442,40.990541819658944,12.619029605000975,29.558968107892476
TB.11a.Ki,Tersier,SS Tegal Buah,True,61.0,610.3779805287791,0.015960374132397682,72.47399147455029,26.150143118183546,19.539634117400013,38.94535304958034,28.95860148987735,False,0.2612113011068451,38.94535304958034,0.03,0.0015,1.2,1.0,0.16665341295585517,0.1999840955470262,0.06110139210963655,0.2612113011068451,1.3448630474504757,0.24638485085058862,38.94535304958034,28.95860148987735,7.698701565488332,56.92066339331776,41.992430261464456,1356.4441009962845,987.4910680541083,213.39836665596758,1356.4441009962845,882.9130357625246,2127.331055781083,649.2061527011643,1533.223785908256,B.TB 11a,B.CP.Ka.21,B.TB 11a,0.4358357186363924,0.32566056862333354,0.6490892174930056,0.4826433581646225,0.6490892174930056,0.6490892174930056,0.4826433581646225,0.12831169275813886,0.9486777232219626,0.6998738376910743,22.60740168327141,16.458184467568472,3.556639444266126,22.60740168327141,14.715217262708743,35.45551759635138,10.820102545019406,25.5537297651376
LW.1.Ki,Tersier,SS Lewo,True,62.0,2249.754459206851,0.022128744064479608,100.19207920307656,88.82432355843498,66.3703741586629,132.28587792959263,98.36382833212737,False,0.28344603551260555,132.28587792959263,0.03,0.0015,1.2,1.0,0.1883787232134881,0.2260544678561857,0.07807039539099671,0.28344603551260555,1.3448630474499916,0.25146850943834026,132.28587792959263,98.36382833212737,26.581358054008543,193.3427056042827,142.6359005261382,1915.900732486702,1397.9980554975502,309.5304972538686,1915.900732486702,1251.326260066727,2956.820239193586,922.0416675344551,2135.9639674474315,B.LW 1,B.TB .11,B.LW 1,1.4804053926405831,1.1061729026443816,2.2047646321598773,1.6393971388687896,2.2047646321598773,2.2047646321598773,1.6393971388687896,0.4430226342334757,3.2223784267380453,2.37726500876897,31.931678874778367,23.299967591625837,5.158841620897809,31.931678874778367,20.855437667778784,49.2803373198931,15.367361125574252,35.59939945745719
SS Lewo,Sekunder,SS Tegal Buah,True,61.0,9274.611380320655,0.19116410273555456,821.8109842965644,305.7390438639508,226.00477479202792,466.1161066104054,341.10176060119187,False,0.3316273652561803,466.1161066104054,0.027,0.0005,2.0,1.5,0.4058298326157087,0.8116596652314174,0.5764424856431295,0.3316273652561803,1.366501614617514,0.19865287389803818,466.1161066104054,341.10176060119187,77.2494741093808,693.0671412015382,502.0967112745016,1783.6148545571095,1299.6342271654228,282.94913919986004,1783.6148545571095,1162.501936508292,2763.477533589303,855.6712933757922,1993.3280669212932,B.TB .11,B.CP.Ka.21,B.TB .11,5.095650731065847,3.7667462465337986,7.7686017768400895,5.6850293433531975,7.7686017768400895,7.7686017768400895,5.6850293433531975,1.2874912351563466,11.551119020025636,8.368278521241693,29.72691424261849,21.660570452757046,4.715818986664334,29.72691424261849,19.3750322751382,46.05795889315505,14.261188222929869,33.222134448688216
Ruas tanpa nama R055,Tersier,,False,,541.4170173453778,0.012406532393363484,64.94158122148791,24.70331734884915,18.458552226689235,36.790598479660666,27.356390339829588,True,0.25,36.094467823025184,0.03,0.0015,1.2,1.0,0.1516323853610254,0.18195886243323048,0.05058323663860392,0.24526964302428828,1.3448630474502088,0.24253641873896,36.790598479660666,27.356390339829588,7.181326731312927,53.77137727917038,39.669088092936505,,,,,,,,,,Bendung Copong,Ruas tanpa nama R055,0.4117219558141525,0.30764253711148726,0.6131766413276778,0.4559398389971598,0.6015744637170864,0.6131766413276778,0.4559398389971598,0.11968877885521545,0.8961896213195063,0.6611514682156084,,,,,,,,
SS Binuang,Sekunder,SS Lewo,True,62.0,1400.2282042538875,0.024003899647353076,113.25757846167544,77.54166789022885,57.31942825178463,118.21656756784328,86.51037532871503,True,0.25,93.34854695025916,0.027,0.0005,2.0,1.5,0.1863898532194693,0.3727797064389386,0.1215941208411136,0.19741003496969106,1.3665016146173645,0.17449161753951523,118.21656756784328,86.51037532871503,17.563173535538972,175.7759866371342,127.34198400827208,1901.8314221249527,1386.1446024941379,300.512312735399,1876.9634015073686,1240.0436043985208,2939.2535202264376,912.9907216275768,2120.670050929565,B.LW.12,B.TB .11,B.LW.12,1.2923611315038142,0.9553238041964105,1.9702761261307213,1.441839588811917,1.5558091158376528,1.9702761261307213,1.441839588811917,0.29271955892564955,2.9295997772855698,2.122366400137868,31.69719036874921,23.102410041568966,5.008538545589984,31.282723358456145,20.667393406642013,48.98755867044063,15.21651202712628,35.34450084882609
Ruas tanpa nama R057,Tersier,,False,,141.20436195187926,0.0006625617241677533,3.0032794096917006,13.402243552211075,10.014283064489103,19.959933084816647,14.841610171890714,True,0.25,9.413624130125283,0.03,0.0015,1.2,1.0,0.05053973269046279,0.060647679228555344,0.005619382076931552,0.11790650913161314,1.3448630474488399,0.20195306843424096,19.959933084816647,14.841610171890714,3.353683132962842,29.172482555944814,21.52159455378497,,,,,,,,,BD. PANGKALAN,Bendung Copong,BD. PANGKALAN,0.22337072587018458,0.16690471774148505,0.3326655514136108,0.2473601695315119,0.15689373550208804,0.3326655514136108,0.2473601695315119,0.05589471888271403,0.48620804259908024,0.3586932425630828,,,,,,,,
LW.4.Ki,Tersier,SS Lewo,True,62.0,1533.7603711563218,0.008974392381592408,40.63326096031373,75.88260436552147,56.700199248442026,113.01180280278868,84.0322016558106,True,0.25,102.25069141042145,0.03,0.0015,1.2,1.0,0.1342919428813984,0.16115033145767807,0.03967551703029369,0.22619471788458698,1.3448630474502656,0.23767670910667218,113.01180280278868,84.0322016558106,21.70217245161393,165.17264020229115,121.8538253299394,1896.6266573598982,1383.6664288212335,304.651311651474,1885.865545967531,1238.3845408738134,2928.650173791594,912.3714926242342,2115.1818922512325,B.LW 4,B.TB .11,B.LW 4,1.2647100727586913,0.945003320807367,1.8835300467131446,1.40053669426351,1.704178190173691,1.8835300467131446,1.40053669426351,0.3617028741935655,2.7528773367048527,2.0308970888323232,31.610444289331635,23.061107147020557,5.0775218608579,31.431092432792184,20.63974234789689,48.8108362298599,15.206191543737237,35.25303153752054
Ruas tanpa nama R059,Tersier,,False,,256.0906691402668,0.0013459267937135147,6.09100142254713,20.359840630373792,15.213065366710156,30.321867754205076,22.546435350213645,True,0.25,17.072711276017788,0.03,0.0015,1.2,1.0,0.06592590516443762,0.07911108619732514,0.009561694937850931,0.1407623650892195,1.344863047449217,0.21109971627819715,30.321867754205076,22.546435350213645,5.285227627340449,44.316990160457706,32.69424507322069,,,,,,,,,,Bendung Copong,Ruas tanpa nama R059,0.33933067717289656,0.25355108944516924,0.5053644625700846,0.37577392250356073,0.2845451879336298,0.5053644625700846,0.37577392250356073,0.08808712712234082,0.7386165026742951,0.5449040845536782,,,,,,,,
CTR.5.Ki,Tersier,SS Citikey Kanan,True,7.0,1256.832679104008,0.0068007549408252805,27.96500611776165,66.64601121830869,49.7985295416411,99.25576408943256,73.8036220697115,True,0.25,83.78884527360054,0.03,0.0015,1.2,1.0,0.12102692079272583,0.14523230495127099,0.03222453422445121,0.21104276925948645,1.3448630474488115,0.23359235765493627,99.25576408943256,73.8036220697115,18.795015874261917,145.06747262988353,107.02151669462472,1650.602511978089,1205.977379165378,259.56294786467527,1563.8436501596186,1080.1221861971997,2513.264167487611,796.9483767165367,1817.8794221588362,BCTR5,BCT0,BCTR5,1.110766853638478,0.829975492360685,1.654262734823876,1.230060367828525,1.396480754560009,1.654262734823876,1.230060367828525,0.31325026457103194,2.417791210498059,1.783691944910412,27.510041866301485,20.09962298608963,4.326049131077921,26.064060835993644,18.002036436619996,41.88773612479351,13.282472945275611,30.297990369313936
CTR.6.Ki,Tersier,SS Citikey Kanan,True,7.0,897.5089900238899,0.003163035379289037,13.00654184751148,57.63002049271574,43.06169604947418,85.82826809780258,63.81933703998554,True,0.25,59.83393266825932,0.03,0.0015,1.2,1.0,0.09082639573823283,0.1089916748858794,0.018148755158155772,0.17428387521485833,1.3448630474495136,0.2226795386110773,85.82826809780258,63.81933703998554,15.631405070798303,125.44248736959638,92.54345590269804,1637.175015986459,1195.993094135652,256.39933706121167,1539.8887375542774,1071.1061954716067,2493.6391822273235,790.2115432243698,1803.4013613669094,BCTR.6,BCT0,BCTR.6,0.9605003415452623,0.717694934157903,1.4304711349633763,1.0636556173330924,0.9972322111376554,1.4304711349633763,1.0636556173330924,0.2605234178466384,2.0907081228266065,1.542390931711634,27.28625026644098,19.9332182355942,4.273322284353528,25.66481229257129,17.851769924526778,41.56065303712206,13.17019238707283,30.056689356115157
CTR.6.Te.b,Tersier,SS Citikey Kanan,True,7.0,1591.5197024974757,0.005739784917456124,23.60225029837909,88.04893224383353,65.79099443912959,131.13108927844627,97.50516197703085,True,0.25,106.10131349983172,0.03,0.0015,1.2,1.0,0.11356876911965388,0.13628252294358464,0.028375303702577147,0.20228100384824482,1.3448630474490841,0.23112918390837459,131.13108927844627,97.50516197703085,24.61823019557236,191.65492180068884,141.39076142462633,1682.4778371671027,1229.6789190726972,265.3861621859857,1586.1561183858498,1101.5251072227245,2559.8516166584163,812.9408416140252,1852.2486668888378,BCTR.6,BCT0,BCTR.6,1.4674822040638922,1.0965165739854932,2.185518154640771,1.6250860329505141,1.7683552249971952,2.185518154640771,1.6250860329505141,0.4103038365928727,3.194248696678147,2.356512690410439,28.04129728611838,20.49464865121162,4.423102703099762,26.43593530643083,18.35875178704541,42.664193610973605,13.54901402690042,30.870811114813964
Ruas tanpa nama R063,Tersier,SS Cioray,True,63.0,368.4707244138773,0.0013816791283793011,7.23804560725467,29.102960365654816,21.74600707567864,43.34297755488158,32.22854374434996,True,0.25,24.56471496092515,0.03,0.0015,1.2,1.0,0.06657723594039844,0.07989268312847812,0.00975156236001966,0.1416879754616588,1.3448630474493624,0.21144589563935465,43.34297755488158,32.22854374434996,7.565087918294202,63.34802082098792,46.73412409383493,1910.275901650701,1392.8345755878313,302.8362129120669,1872.575049450959,1246.2556299339972,2950.711031540756,917.815564478711,2129.8117793941965,B.CY.3,B.LW.10,B.CY.3,0.4850493394275803,0.36243345126131066,0.7223829592480263,0.537142395739166,0.4094119160154192,0.7223829592480263,0.537142395739166,0.12608479863823668,1.0558003470164654,0.7789020682305822,31.837931694178348,23.21390959313052,5.047270215201115,31.209584157515984,20.77092716556662,49.17851719234593,15.296926074645183,35.49686298990328
Ruas tanpa nama R064,Tersier,SS Cioray,True,63.0,1384.4235420431846,0.01528789017411888,80.08693483614375,59.95398656706563,44.79818546708589,89.28934587591498,66.39289111650727,False,0.258415217116555,89.28934587591498,0.03,0.0015,1.2,1.0,0.16398472453151589,0.19678166943781905,0.059160177735289726,0.258415217116555,1.3448630474492915,0.24572284321285542,89.28934587591498,66.39289111650727,17.612611068975102,130.50103294075151,96.2753277653165,1956.2222699717342,1426.9989229599887,312.88373606274786,1937.299680365949,1277.106656135408,3017.864043660519,940.8677428701183,2179.352983065678,B.CY.3,B.LW.10,B.CY.3,0.9992331094510938,0.7466364244514314,1.488155764598583,1.106548185275121,1.488155764598583,1.488155764598583,1.106548185275121,0.2935435178162517,2.175017215679192,1.6045887960886085,32.6037044995289,23.78331538266648,5.2147289343791305,32.28832800609915,21.285110935590133,50.297734061008654,15.681129047835304,36.3225497177613
CTR.6.Te.a,Tersier,SS Citikey Kanan,True,7.0,493.6605782315955,0.0029444214730887275,12.107591763658355,32.27114929246646,24.11330778849806,48.06135464845297,35.736988044677936,True,0.25,32.9107052154397,0.03,0.0015,1.2,1.0,0.08841949963984302,0.10610339956781163,0.01719961741643244,0.1711911027902074,1.3448630474500889,0.2216850000049859,48.06135464845297,35.736988044677936,8.721136303906851,70.24417487469502,51.82166613757588,1599.4081025371095,1167.9107451403443,249.48906829432022,1512.9655101014578,1045.7473242713575,2438.4408697324225,771.2631549633937,1762.6795716017873,BCTR.6,BCT0,BCTR.6,0.5378524882077743,0.4018884631416343,0.8010225774742161,0.5956164674112989,0.5485117535906616,0.8010225774742161,0.5956164674112989,0.14535227173178086,1.1707362479115837,0.8636944356262647,26.656801708951825,19.465179085672403,4.15815113823867,25.216091835024297,17.42912207118929,40.64068116220704,12.854385916056563,29.37799286002979
CTL.5.Ka,Tersier,SS Citikey Kiri,True,7.0,698.1186453980307,0.006966004819151051,28.620011812593177,36.797581314000844,27.49550058027841,54.802560321281696,40.74954726817544,True,0.25,46.54124302653538,0.03,0.0015,1.2,1.0,0.12212145662652812,0.14654574795183375,0.032810030370886985,0.21231326946079668,1.3448630474498882,0.2339431295514424,54.802560321281696,40.74954726817544,10.390010821368127,80.09679833094441,59.090302494101664,1847.1589787594442,1349.293143939123,289.57446384902477,1786.1713245864314,1208.3589740975642,2806.650308155559,891.5032197376056,2029.5619849808313,BCTL5,BCT0,BCTL5,0.6132930219000141,0.4582583430046402,0.913376005354695,0.6791591211362573,0.7756873837755898,0.913376005354695,0.6791591211362573,0.17316684702280213,1.3349466388490734,0.9848383749016943,30.785982979324068,22.48821906565205,4.8262410641504125,29.769522076440524,20.139316234959402,46.77750513592598,14.858386995626761,33.826033083013854
CTL.6.Ka,Tersier,,False,,327.79547650447086,0.0013142568687732673,5.39965849659815,26.216147462260142,19.588953187177637,39.043653180147565,29.03169453139411,True,0.25,21.853031766964722,0.03,0.0015,1.2,1.0,0.065339853684411,0.0784078244212932,0.009392452254900525,0.13992691504900137,1.3448630474506678,0.2107857879754194,39.043653180147565,29.03169453139411,6.797112489053656,57.064334157745364,42.09842137604731,,,,,,,,,BCTL6,Bendung Copong,BCTL6,0.43693579103766905,0.32648255311962726,0.6507275530024594,0.48386157552323517,0.3642171961160787,0.6507275530024594,0.48386157552323517,0.11328520815089425,0.9510722359624227,0.7016403562674552,,,,,,,,
CTL.7.Ka,Tersier,SS Citikey Kiri,True,7.0,1314.8137055431578,0.0059379991306963455,24.396423728631408,72.12572124390272,53.89302066874668,107.41668468522421,79.87183891248387,True,0.25,87.65424703621052,0.03,0.0015,1.2,1.0,0.11502390576145399,0.13802868691374479,0.029107097572563665,0.20400519549889784,1.3448630474493197,0.231620138936232,107.41668468522421,79.87183891248387,20.20092611700078,156.99508344448506,115.82094620680554,1899.7731031233868,1388.4154355834312,299.3853791446574,1827.2843285961067,1243.6871140274661,2883.5485932690995,917.9007398260738,2086.2926286935353,BCTL7,BCT0,BCTL7,1.2020953540650452,0.898217011145778,1.7902780780870702,1.3311973152080645,1.4609041172701753,1.7902780780870702,1.3311973152080645,0.33668210195001297,2.616584724074751,1.930349103446759,31.662885052056446,23.140257259723853,4.989756319077624,30.45473880993511,20.728118567124437,48.05914322115166,15.298345663767897,34.77154381155892
SS.1.Ka,Tersier,SS Sindangsari,True,63.0,1453.085886416485,0.014390088812706781,75.47598936053068,63.886838170970606,47.7368493600809,95.14653348339628,70.74812090632926,False,0.2545347394203031,95.14653348339628,0.03,0.0015,1.2,1.0,0.16030492479140382,0.19236590974968457,0.056534871607230794,0.2545347394203031,1.3448630474492829,0.24479513180544796,95.14653348339628,70.74812090632926,18.711037350473614,139.06161791766823,102.5907806468135,1929.4879184709998,1407.503804708089,309.135217072309,1917.3106454552162,1259.6617740294391,2977.9643319071856,928.0038130491943,2150.5610788541044,B.SS.1,B.LW.11,B.SS.1,1.0647806361828434,0.7956141560013484,1.5857755580566046,1.179135348438821,1.5857755580566046,1.5857755580566046,1.179135348438821,0.3118506225078936,2.317693631961137,1.7098463441135583,32.158131974516664,23.458396745134817,5.152253617871817,31.955177424253602,20.994362900490653,49.63273886511976,15.466730217486571,35.842684647568404
SS.2,Tersier,SS Sindangsari,True,63.0,724.3336448095212,0.004142277515081834,21.72623794931769,43.47752760174708,32.48681958743447,64.75099025349162,48.146902672580275,True,0.25,48.288909653968076,0.03,0.0015,1.2,1.0,0.10049345058715174,0.12059214070458209,0.022217653944007078,0.1864408152868525,1.34486304744931,0.22646508734653936,64.75099025349162,48.146902672580275,11.956181072595516,94.63694720935933,69.81709574224584,1899.0923752410952,1384.9025864743403,302.38036079443094,1870.453021625788,1239.2524634602157,2933.5396611988767,912.7537832765479,2117.787393949537,B.SS.2,B.LW.11,B.SS.2,0.724625460029118,0.5414469931239078,1.079183170891527,0.8024483778763379,0.8048151608994679,1.079183170891527,0.8024483778763379,0.1992696845432586,1.5772824534893222,1.163618262370764,31.651539587351586,23.08170977457234,5.0396726799071825,31.174217027096468,20.654207724336928,48.892327686647945,15.21256305460913,35.296456565825615
LW.16.Ka,Tersier,SS Lewo,True,63.0,1591.7468562348683,0.02406188479585722,108.94473993721088,61.54284500813646,45.98539551264809,91.65562940459982,68.15238888326307,False,0.2894433701772141,91.65562940459982,0.03,0.0015,1.2,1.0,0.1943889965889377,0.23326679590672525,0.08313158038867889,0.2894433701772141,1.3448630474508385,0.2527882668780872,91.65562940459982,68.15238888326307,18.494320484455603,133.9594796534556,98.82674887924205,1875.2704839617093,1367.7866160486858,301.44345968431566,1875.2704839617093,1224.0447815164284,2897.437013242759,901.6566888884403,2092.1548158005353,B.PL,B.TB .11,B.PL,1.025714083468941,0.7664232585441348,1.527593823409997,1.1358731480543844,1.527593823409997,1.527593823409997,1.1358731480543844,0.3082386747409267,2.23265799422426,1.6471124813207008,31.25450806602849,22.79644360081143,5.024057661405261,31.25450806602849,20.40074635860714,48.290616887379315,15.027611481474004,34.86924693000892
BN.5.Ki,Tersier,SS Binuang,True,65.0,73.57297103874335,0.001154491664080871,6.052485552067274,6.077942298829859,4.541495936333409,9.051866659892648,6.7306977294551205,True,0.25,4.904864735916223,0.03,0.0015,1.2,1.0,0.06224000406910091,0.07468800488292109,0.008522399834347735,0.13546555976263114,1.344863047448936,0.20908517217498823,9.051866659892648,6.7306977294551205,1.5653248775552566,13.229774925214006,9.760083031408174,1910.8832887848453,1392.875300223593,302.0776376129543,1881.8682662432848,1246.1215466973506,2952.4832951516514,917.5322175639102,2130.4301339609733,B.BN.5,B.LW.12,B.BN.5,0.10129903831383098,0.07569159893889016,0.15086444433154414,0.11217829549091868,0.08174774559860372,0.15086444433154414,0.11217829549091868,0.026088747959254276,0.22049624875356677,0.16266805052346955,31.848054813080754,23.214588337059883,5.034627293549238,31.364471104054747,20.768692444955843,49.20805491919419,15.29220362606517,35.50716889934956
Suplesi Citameng III,Sekunder,SI Copong Kanan,True,57.0,542.4121810765971,0.0,0.0,,,,,,,,,,,,,,,,,,,,,,,,,,,,,,,B.CP.Ka.17,BCP.3,B.CP.Ka.17,,,,,,,,,,,,,,,,,,
SS Sindangsari,Sekunder,SS Lewo,True,62.0,578.2388612206557,0.02059151814198735,97.20222730984835,33.272999350176555,24.595670313321193,50.72653043049397,37.121456636337214,True,0.25,38.54925741471038,0.027,0.0005,2.0,1.5,0.17597449516535016,0.3519489903307003,0.10838458032044947,0.18998567952292233,1.3665016146171138,0.17282735317987502,50.72653043049397,37.121456636337214,7.475040521975349,75.42518040021419,54.642231285997966,1834.3413849876035,1336.75568380176,290.4241797218354,1822.16411197182,1195.7749358584686,2838.9027139895175,880.2669636891134,2047.970298207291,B.LW.11,B.TB .11,B.LW.11,0.5545499891696093,0.4099278385553532,0.8454421738415662,0.6186909439389535,0.6424876235785064,0.8454421738415662,0.6186909439389535,0.12458400869958915,1.25708634000357,0.9107038547666327,30.57235641646006,22.279261396695997,4.840402995363923,30.369401866197,19.929582264307808,47.31504523315862,14.671116061485224,34.132838303454854
LW.15.Ki,Tersier,SS Lewo,True,62.0,2433.48645372013,0.018269208826484206,82.71730254491948,100.79406881988858,75.31428095986993,150.11239432814736,111.61909356692878,False,0.2701849353847604,150.11239432814736,0.03,0.0015,1.2,1.0,0.17531455122980769,0.21037746147576922,0.06761742212039949,0.2701849353847604,1.3448630474510825,0.24847419567144935,150.11239432814736,111.61909356692878,29.875712746262902,219.39708847522007,161.85716026719285,1933.7272488852568,1411.2533207323515,312.8248519461229,1933.7272488852568,1263.2960053281804,2982.8746220645235,930.9855743356621,2155.185227188486,B.LW.15,B.TB .11,B.LW.15,1.679901146998143,1.2552380159978322,2.501873238802456,1.8603182261154798,2.501873238802456,2.501873238802456,1.8603182261154798,0.4979285457710484,3.656618141253668,2.6976193377865476,32.228787481420945,23.520888678872527,5.213747532435382,32.228787481420945,21.05493342213634,49.71457703440873,15.516426238927702,35.919753786474764
BN.4.Ki,Tersier,SS Binuang,True,63.0,1407.8688167286348,0.0028862291602021785,15.13121388016819,92.49440567596362,69.11269420767397,137.7517234946487,102.4280678660453,True,0.25,93.85792111524232,0.03,0.0015,1.2,1.0,0.087760101251715,0.105312121502058,0.016944037817764792,0.17033892341624396,1.344863047449059,0.22140859973845312,137.7517234946487,102.4280678660453,24.970690575651545,201.33132378864826,148.52939283623607,2039.5831456196015,1488.572670360183,325.48300331105054,1970.821322622611,1332.5380100744844,3140.5848440150858,982.1034158352508,2269.1994437658013,B.BN.4,B.LW.12,B.BN.4,1.541573427932727,1.1518782367945661,2.295862058244145,1.7071344644340882,1.5642986852540386,2.295862058244145,1.7071344644340882,0.41617817626085907,3.3555220631441376,2.4754898806039347,33.99305242699336,24.809544506003053,5.424716721850842,32.84702204371018,22.208966834574742,52.34308073358476,16.368390263920848,37.819990729430025
BN.3.Ki,Tersier,SS Binuang,True,63.0,2190.7986314327504,0.017562788858334715,92.07387902943998,91.6410528054196,68.4750608765948,136.480826862496,101.48306708355553,False,0.26753435895187105,136.480826862496,0.03,0.0015,1.2,1.0,0.17274107457884585,0.20728928949461503,0.06564685346263965,0.26753435895187105,1.3448630474493375,0.24786254361281668,136.480826862496,101.48306708355553,27.109143610143416,199.4738421190285,147.15906148678744,2038.3122489874488,1487.6276695776935,327.6214563455424,2013.4442283698647,1331.6846572039403,3138.727362345466,981.4657825041716,2267.8291124163525,B.BN.3,B.LW.12,B.BN.3,1.5273508800903268,1.1412510146099133,2.2746804477082665,1.6913844513925922,2.2746804477082665,2.2746804477082665,1.6913844513925922,0.45181906016905693,3.3245640353171413,2.4526510247797906,33.97187081645748,24.79379449296156,5.46035760575904,33.55740380616441,22.194744286732337,52.31212270575777,16.35776304173619,37.79715187360588
Ruas tanpa nama R078,Tersier,SS Cioray,True,63.0,704.3036151832371,0.003158123722009832,16.54410424515353,45.24166833718163,33.80500222020222,67.37832133386613,50.1005076030877,True,0.25,46.953574345549136,0.03,0.0015,1.2,1.0,0.0907734808082623,0.10892817696991475,0.018127614599705518,0.17421617745895454,1.344863047449715,0.22265791139315483,67.37832133386613,50.1005076030877,12.270248416649201,98.4769285251895,72.64998871993072,1934.3112454296854,1410.706539446569,307.54137341042195,1894.9639088355832,1262.394337905524,2985.8399392449573,929.8745596232346,2155.7276440202922,B.CY.2,B.LW.10,B.CY.2,0.7540278056196938,0.5634167036700369,1.1229720222311022,0.8350084600514617,0.782559572425819,1.1229720222311022,0.8350084600514617,0.20450414027748667,1.6412821420864918,1.2108331453321786,32.238520757161425,23.511775657442815,5.125689556840366,31.582731813926387,21.039905631758735,49.76399898741595,15.497909327053911,35.92879406700487
LW.7.Ki,Tersier,SS Lewo,True,62.0,933.5050995359856,0.0065355802365036995,29.591077143186222,49.99558287990822,37.35717210202609,74.45831624621832,55.364980387705344,True,0.25,62.23367330239903,0.03,0.0015,1.2,1.0,0.11923523675287521,0.14308228410345025,0.03127749170373125,0.2089547428678252,1.3448630474499896,0.23301241933035097,74.45831624621832,55.364980387705344,14.070995665411333,108.8247101133896,80.28392112339692,1858.073170803328,1354.9992075531281,297.02013486527136,1845.8485278595085,1212.4975193882,2872.302243702693,893.0284654778183,2073.61198804469,B.LW.7,B.TB .11,B.LW.7,0.833259714665137,0.6226195350337682,1.2409719374369719,0.9227496731284224,1.0372278883733173,1.2409719374369719,0.9227496731284224,0.2345165944235222,1.8137451685564934,1.3380653520566155,30.967886180055466,22.583320125885468,4.950335581087856,30.764142130991807,20.208291989803335,47.87170406171155,14.883807757963638,34.56019980074483
LW.9.Ki,Tersier,SS Lewo,True,62.0,44.224478096799885,0.0009792980634746005,4.433957428996731,3.8068868740395625,2.8445418561897666,5.66958860069071,4.215736770703713,True,0.25,2.948298539786659,0.03,0.0015,1.2,1.0,0.058514856957152854,0.07021782834858342,0.0075327746663753315,0.13000495924111127,1.3448630474488357,0.20694550166532907,5.66958860069071,4.215736770703713,0.9721199967911311,8.286399250448822,6.113176163087209,1789.2844431578003,1303.8499639361264,283.9212591966512,1786.5631530968963,1166.3088233823314,2771.763932839752,858.5158352319819,1999.4412430843804,B.LW.9,B.TB .11,B.LW.9,0.06344811456732605,0.04740903093649611,0.09449314334484517,0.07026227951172855,0.049138308996444315,0.09449314334484517,0.07026227951172855,0.01620199994651885,0.13810665417414703,0.10188626938478682,29.821407385963337,21.730832732268773,4.732020986610853,29.77605255161494,19.438480389705525,46.196065547329205,14.308597253866365,33.32402071807301
LW.8.Ki,Tersier,SS Lewo,True,62.0,1093.9291903652727,0.0109387326954897,49.527183712473416,51.50903785518427,38.48803996522786,76.71230155216429,57.040976549722,True,0.25,72.92861269101817,0.03,0.0015,1.2,1.0,0.1446390932429169,0.17356691189150028,0.04602502804709307,0.2376692238904695,1.3448630474496701,0.24063525084227624,76.71230155216429,57.040976549722,14.879219266227507,112.1190271203481,82.71425782236524,1860.3271561092738,1356.6752037151448,297.82835846608754,1856.5434672481276,1214.0109743634762,2875.5965607096514,894.15933334102,2076.0423247436584,B.LW.8,B.TB .11,B.LW.8,0.8584839642530712,0.6414673327537977,1.2785383592027382,0.9506829424953666,1.2154768781836363,1.2785383592027382,0.9506829424953666,0.24798698777045844,1.8686504520058016,1.3785709637060874,31.00545260182123,22.61125339525241,4.963805974434792,30.942391120802128,20.23351623939127,47.926609345160855,14.902655555683667,34.600705412394305
BK.5,Tersier,SS Bandrek,True,62.0,2196.163111488021,0.018838611010193042,85.38080682918685,90.26894189495093,67.44980663469508,134.43734497446667,99.96359497675078,False,0.2722660026628182,134.43734497446667,0.03,0.0015,1.2,1.0,0.1773439557168523,0.21281274686022275,0.0691919329844619,0.2722660026628182,1.344863047449761,0.24895128058850785,134.43734497446667,99.96359497675078,26.79716151501293,196.48718682922333,144.95569795416708,1689.3980947237708,1232.2697323968298,268.32719819887524,1653.6313427308457,1102.7900337422843,2619.9793723567423,812.2540462239044,1891.979308935702,B.BK.5,B.TB.7,B.BK.5,1.5044823649158487,1.1241634439115846,2.240622416241111,1.6660599162791798,2.240622416241111,2.240622416241111,1.6660599162791798,0.44661935858354884,3.2747864471537222,2.415928299236118,28.156634912062845,20.537828873280496,4.472119969981254,27.56052237884743,18.37983389570474,43.66632287261237,13.537567437065073,31.5329884822617
BK.1.Ki,Tersier,CT.2,True,62.0,994.4555003469692,0.004538121251033662,20.58374139422813,58.34482067171579,43.59580149973837,86.89281849835861,64.61090492679749,True,0.25,66.29703335646461,0.03,0.0015,1.2,1.0,0.10399239912250531,0.12479087894700637,0.023791721965559776,0.1907437073114303,1.3448630474500547,0.22776058291277876,86.89281849835861,64.61090492679749,16.119395969830055,126.99838326655052,93.69129652947127,1586.1769056569574,1156.7228193999877,250.50849311900546,1524.5656314411865,1035.0709601932062,2466.521707512358,762.1909546926116,1780.7893344584636,,B.CT 2,BK.1.Ki,0.9724136778619298,0.7265966916623062,1.44821364163931,1.076848415446625,1.1049505559410768,1.44821364163931,1.076848415446625,0.2686565994971676,2.116639721109175,1.5615216088245212,26.43628176094929,19.27871365666646,4.175141551983424,25.40942719068644,17.25118266988677,41.10869512520596,12.703182578210194,29.679822240974392
SS Tegal Buah,Sekunder,SS Copong Kanan,True,58.0,9505.764740275474,0.34229645525138885,1438.9024923832287,270.8901594934717,200.24419752208664,412.9870521815173,302.22214724375783,False,0.38361835195814126,412.9870521815173,0.027,0.0005,2.0,1.5,0.5049140910180847,1.0098281820361694,0.8922838375801655,0.38361835195814126,1.3665016146166873,0.20601891993672283,412.9870521815173,302.22214724375783,70.54876588731403,614.0696524952592,444.8664994807892,1317.4987479467043,958.532466564231,205.69966509047924,1317.4987479467043,856.762892644341,2070.410392387765,629.6665185837643,1491.2313556467916,B.CP.Ka.21,B.CP.Ka.17,B.CP.Ka.21,4.514835991557861,3.3374032920347774,6.883117536358622,5.037035787395964,6.883117536358622,6.883117536358622,5.037035787395964,1.1758127647885672,10.23449420825432,7.4144416580131525,21.958312465778405,15.97554110940385,3.4283277515079873,21.958312465778405,14.27938154407235,34.506839873129415,10.494441976396072,24.853855927446528
C.1.M,Tersier,SS Cikukuk,True,4.0,1006.7270480318645,0.004736713597076828,23.13126578964805,58.435724719778214,43.66372586369631,87.02820170561019,64.71157183674056,True,0.25,67.11513653545764,0.03,0.0015,1.2,1.0,0.10567615035768671,0.12681138042922405,0.0245683872597249,0.19279709111561225,1.3448630474495624,0.22837109279124482,87.02820170561019,64.71157183674056,16.179740506596794,127.19625288039795,93.83727209386507,892.7841364379834,652.4685322457314,146.32186509105608,872.8710712678309,584.4502026921175,1362.863938433281,431.2632764036764,986.0925164414595,B.C.1.M,BCD.5,B.C.1.M,0.9739287453296369,0.7277287643949385,1.4504700284268364,1.0785261972790094,1.118585608924294,1.4504700284268364,1.0785261972790094,0.26966234177661325,2.1199375480066327,1.563954534897751,14.879735607299724,10.874475537428856,2.4386977515176014,14.547851187797182,9.740836711535291,22.714398973888017,7.187721273394606,16.434875274024325
CD.17.Ka,Tersier,SS Ciduga,True,3.0,485.3633116030573,0.014736507477544323,69.61865264103564,21.21310696640023,15.850634038338098,31.592635510683028,23.49134030457467,False,0.2560529818407268,31.592635510683028,0.03,0.0015,1.2,1.0,0.161741335633988,0.19408960276078557,0.05755257123586597,0.2560529818407268,1.3448630474494778,0.24515935508700906,31.592635510683028,23.49134030457467,6.220272221106006,46.17428347156154,34.064437463689046,714.9691563442259,521.6915723572029,116.24019107351724,714.9691563442259,466.95538566601033,1099.8762541952096,344.11232543738475,794.4935115184132,BCD.17,BCD.1,BCD.17,0.35355178277333715,0.26417723397230164,0.5265439251780505,0.39152233840957784,0.5265439251780505,0.5265439251780505,0.39152233840957784,0.1036712036851001,0.7695713911926922,0.5677406243948174,11.916152605737098,8.694859539286714,1.937336517891954,11.916152605737098,7.782589761100172,18.331270903253493,5.735205423956413,13.241558525306887
CD.18.Ka,Tersier,SS Ciduga,True,3.0,240.7775867985616,0.005766459447734733,27.242081468231323,13.30530167325507,9.941847176199444,19.815557748736516,14.734256983496705,True,0.25,16.051839119904106,0.03,0.0015,1.2,1.0,0.11376640316338962,0.13651968379606755,0.028474147875216804,0.2025156107570024,1.344863047449979,0.23119617108776772,19.815557748736516,14.734256983496705,3.721000103037069,28.961470477126262,21.365923318154206,703.1920785822794,512.9344890361249,113.74091895544831,699.4283599534469,459.0475803728652,1082.6634412007745,338.20353857524606,781.7949973728784,BCD.18,BCD.1,BCD.18,0.2217550278875845,0.16569745293665739,0.33025929581227526,0.2455709497249451,0.26753065199840176,0.33025929581227526,0.2455709497249451,0.06201666838395115,0.48269117461877104,0.35609872196923675,11.719867976371322,8.548908150602081,1.8956819825908051,11.657139332557449,7.650793006214419,18.044390686679574,5.6367256429207675,13.029916622881306
CD.19.Ka,Tersier,SS Ciduga,True,3.0,180.2425989055253,0.0012814354328299401,6.05379588182918,14.506720302232091,10.83955853196827,21.60482798157579,16.06470489507542,True,0.25,12.016173260368355,0.03,0.0015,1.2,1.0,0.0647231036914418,0.07766772442973015,0.009215976333196877,0.13904500038851883,1.3448630474499834,0.21045287121143813,21.60482798157579,16.06470489507542,3.756278487902917,31.57658218284042,23.29518572273223,704.9813488151186,514.2649369477036,113.77619734031416,695.3926940939111,460.2489990018422,1085.2785529064886,339.10124993101493,783.7242597774564,BCD.19,BCD.1,BCD.19,0.2417786717038682,0.18065930886613785,0.3600804663595965,0.2677450815845903,0.20026955433947258,0.3600804663595965,0.2677450815845903,0.06260464146504861,0.5262763697140069,0.38825309537887054,11.749689146918644,8.571082282461727,1.8962699556719025,11.589878234898519,7.670816650030703,18.08797588177481,5.651687498850249,13.06207099629094
SS Cioray,Sekunder,SS Lewo,True,62.0,965.9321989938668,0.022030770027231122,103.86908468855196,54.650733060050456,40.39826402724018,83.31806953870972,60.9718046780585,True,0.25,64.39547993292446,0.027,0.0005,2.0,1.5,0.18048982310573972,0.36097964621147943,0.11401801685659425,0.19322183137898497,1.366501614617499,0.17355866892891453,83.31806953870972,60.9718046780585,12.321985793912715,123.88547713046448,89.74958837906841,1866.9329240958193,1360.6060318434813,295.27112499377273,1848.010334490034,1217.1526695683424,2887.3630107197678,896.0695574030324,2083.0776553003616,B.LW.10,B.TB .11,B.LW.10,0.910845551000841,0.673304400454003,1.3886344923118288,1.0161967446343083,1.0732579988820743,1.3886344923118288,1.0161967446343083,0.20536642989854526,2.064757952174408,1.4958264729844735,31.11554873493032,22.676767197391356,4.921185416562879,30.800172241500565,20.28587782613904,48.122716845329464,14.934492623383873,34.71796092167269
SS Kresek,Sekunder,SS Cibatu,True,62.0,934.7111007754148,0.020197373660054464,74.77258029614494,54.04561250061019,39.950954014019615,82.39552972949346,60.2966940163659,True,0.25,62.314073385027655,0.027,0.0005,2.0,1.5,0.1747037302103389,0.3494074604206778,0.10682487672292407,0.18906994587451006,1.3665016146180327,0.1726187181228068,82.39552972949346,60.2966940163659,12.129271434216713,122.51375446490866,88.75583554006143,1400.672751129233,1019.3988441027913,212.21118320027284,1366.819494720898,911.319128412049,2194.0816575306885,669.9949294478923,1580.8257568468082,B.CB.6,B.CK.9,B.CB.6,0.9007602083435031,0.6658492335669935,1.373258828824891,1.004944900272765,1.0385678897504609,1.373258828824891,1.004944900272765,0.20215452390361188,2.0418959077484775,1.4792639256676905,23.344545852153882,16.989980735046522,3.5368530533378806,22.78032491201497,15.188652140200817,36.568027625511476,11.166582157464871,26.347095947446803
KR.2.Ki,Tersier,SS Kresek,True,63.0,2901.8207337804697,0.013787351492262997,56.71341586166015,128.95445387220425,96.35598685193028,192.05159645480637,142.80383182435565,False,0.2518264871998714,192.05159645480637,0.03,0.0015,1.2,1.0,0.15775327339323256,0.18930392807187907,0.05474940958581595,0.2518264871998714,1.344863047449763,0.24414136177322424,192.05159645480637,142.80383182435565,37.68682541216294,280.69341834021776,207.07767780317403,1592.7243475840392,1162.2026759271469,249.89800861243577,1558.8710911757044,1040.2735822842533,2474.775075870906,766.3509162998226,1787.9034346499823,B.KR.2,B.CB.6,B.KR.2,2.149240897870071,1.605933114198838,3.2008599409134395,2.380063863739261,3.2008599409134395,3.2008599409134395,2.380063863739261,0.6281137568693823,4.67822363900363,3.4512946300529004,26.54540579306732,19.370044598785782,4.164966810207263,25.981184852928404,17.337893038070888,41.2462512645151,12.77251527166371,29.798390577499706
KR.2.Ki (2),Tersier,SS Kresek,True,63.0,1254.3934332709289,0.004390284801786016,18.05916443448478,74.20729093996694,55.44838922128857,110.51676204786617,82.17696386070415,True,0.25,83.62622888472859,0.03,0.0015,1.2,1.0,0.10270883949436435,0.12325060739323722,0.023208032562614014,0.18917091700648325,1.344863047449648,0.2272896202706782,110.51676204786617,82.17696386070415,20.467306546489286,161.52600809235108,119.16357304840373,1511.1895131770991,1101.5758079634954,232.67848974676212,1450.4457236056267,985.526419352016,2355.60766562304,725.4433186691809,1699.989329895212,B.KR.2,B.CB.6,B.KR.2,1.2367881823327822,0.9241398203548096,1.8419460341311027,1.3696160643450692,1.3937704814121432,1.8419460341311027,1.3696160643450692,0.34112177577482145,2.692100134872518,1.986059550806729,25.186491886284987,18.35959679939159,3.877974829112702,24.174095393427113,16.4254403225336,39.260127760383995,12.090721977819681,28.333155498253532
Ruas tanpa nama R093,Tersier,,False,,144.92064371277348,0.0004472047596364659,2.0260552477789115,15.175381896032663,11.339188795255806,22.600664284404683,16.805179030878968,True,0.25,9.661376247518232,0.03,0.0015,1.2,1.0,0.043612699416561033,0.052335239299873236,0.0041845486108784665,0.10687048979999393,1.3448630474496406,0.19705182468432153,22.600664284404683,16.805179030878968,3.720392087029454,33.032048844447175,24.368936073519095,,,,,,,,,,Bendung Copong,Ruas tanpa nama R093,0.25292303160054436,0.1889864799209301,0.3766777380734114,0.2800863171813161,0.16102293745863722,0.3766777380734114,0.2800863171813161,0.06200653478382423,0.5505341474074529,0.4061489345586516,,,,,,,,
CS.4.Ka,Tersier,SS Ciseureuh,True,4.0,557.3489644218649,0.006938578353326113,28.251047448536188,29.40665004752096,21.972926876528966,43.79526195823416,32.5648489199665,True,0.25,37.15659762812433,0.03,0.0015,1.2,1.0,0.12194092866553202,0.1463291143986384,0.03271309818438722,0.2121039809258313,1.3448630474493604,0.2338854556665059,43.79526195823416,32.5648489199665,8.301479486685903,64.0090580504747,47.22179514512308,963.1707275729923,703.4680929975539,152.56541715110455,887.3666423168577,629.9474665084936,1468.617405246558,464.66294977920984,1061.8671306816839,BCS.4,BCD.20,BCS.4,0.49011083412534934,0.36621544794214944,0.729921032637236,0.5427474819994417,0.6192766271354055,0.729921032637236,0.5427474819994417,0.13835799144476504,1.0668176341745785,0.7870299190853847,16.05284545954987,11.724468216625898,2.5427569525184093,14.789444038614295,10.499124441808226,24.476956754109302,7.744382496320164,17.6977855113614
CS.5.Ka,Tersier,SS Ciseureuh,True,4.0,718.083970266799,0.0061951592440411705,25.224149507621597,38.976074122545576,29.12329099862981,58.046985071131395,43.162004622871876,True,0.25,47.87226468445327,0.03,0.0015,1.2,1.0,0.11686722709036902,0.14024067250844283,0.030047487289142145,0.2061789454947147,1.3448630474491876,0.2322346880965219,58.046985071131395,43.162004622871876,10.939899357776984,84.8386942088952,62.58857043570433,977.4224506858895,714.0652487004593,155.20383702219564,898.0823093731866,639.5168905835181,1489.4470414049786,471.81331390131066,1077.2339059722651,BCS.5,BCD.20,BCS.5,0.6496012353757596,0.4853881833104968,0.9674497511855232,0.7193667437145312,0.7978710780742212,0.9674497511855232,0.7193667437145312,0.18233165596294973,1.41397823681492,1.043142840595072,16.29037417809816,11.901087478340989,2.586730617036594,14.968038489553111,10.658614843058636,24.824117356749642,7.863555231688511,17.953898432871085
CS.6.Ki.b,Tersier,,False,,957.4043135313776,0.027943441219697385,115.02212175475456,35.65836176915632,26.644264968096667,53.10592305339228,39.487978463028526,False,0.3004700350055777,53.10592305339228,0.03,0.0015,1.2,1.0,0.20560232426220248,0.24672278911464296,0.09299909463244369,0.3004700350055777,1.3448630474490828,0.2551621792762215,53.10592305339228,39.487978463028526,10.795914091828958,77.61707453172384,57.26092064050315,,,,,,,,,,Bendung Copong,CS.6.Ki.b,0.5943060294859387,0.4440710828016111,0.885098717556538,0.6581329743838088,0.885098717556538,0.885098717556538,0.6581329743838088,0.17993190153048264,1.293617908862064,0.9543486773417192,,,,,,,,
CS.6.Ki.a,Tersier,,False,,558.6920157057763,0.010904485884491085,44.39450313341402,26.32734988727539,19.672044690268475,39.20926671742786,29.154839811978604,True,0.25,37.24613438038509,0.03,0.0015,1.2,1.0,0.14446911415296862,0.17336293698356234,0.04591691487711565,0.2374829823317622,1.3448630474490988,0.2405880955364369,39.20926671742786,29.154839811978604,7.603879838011154,57.30638697459638,42.2769924858215,,,,,,,,,,Bendung Copong,CS.6.Ki.a,0.4387891647879231,0.32786741150447457,0.6534877786237977,0.4859139968663101,0.6207689063397515,0.6534877786237977,0.4859139968663101,0.12673133063351924,0.9551064495766063,0.7046165414303583,,,,,,,,
CS.6.Ka,Tersier,,False,,700.5780506154197,0.020840599213545905,85.76210832591347,28.077921475074895,20.980088327625204,41.81638929481863,31.093418303174474,False,0.2792278587533886,41.81638929481863,0.03,0.0015,1.2,1.0,0.18418929579814494,0.22102715495777392,0.07463653271055637,0.2792278587533886,1.3448630474491572,0.250527668827164,41.81638929481863,31.093418303174474,8.377393631462306,61.11683251000738,45.08809585093556,,,,,,,,,,Bendung Copong,CS.6.Ka,0.46796535791791494,0.3496681387937534,0.6969398215803104,0.5182236383862412,0.6969398215803104,0.6969398215803104,0.5182236383862412,0.13962322719103842,1.0186138751667897,0.7514682641822593,,,,,,,,
CP.Ka.13.Ki,Tersier,SI Copong Kanan,True,38.0,1008.383378205013,0.008672899753014671,40.969078628597856,50.31767615341609,37.597843240540556,74.93800907982795,55.72166565356964,True,0.25,67.22555854700086,0.03,0.0015,1.2,1.0,0.13258203608976124,0.15909844330771347,0.03867159184615485,0.22427056500589915,1.3448630474496104,0.2371696322026019,74.93800907982795,55.72166565356964,14.365871573985972,109.52580619228051,80.80114503552095,838.9363304675858,609.2049023900871,125.08173495181458,831.2238799347588,544.0236205514559,1356.9374803450696,398.889728384951,975.8060671326417,B.CP.Ka.13,BCP.3,B.CP.Ka.13,0.8386279358902681,0.6266307206756759,1.2489668179971325,0.9286944275594939,1.1204259757833477,1.2489668179971325,0.9286944275594939,0.2394311928997662,1.8254301032046751,1.3466857505920158,13.982272174459762,10.153415039834785,2.084695582530243,13.85373133224598,9.067060342524265,22.615624672417827,6.648162139749184,16.263434452210696
Suplesi Cipari,Tersier,,False,,1495.0902052457348,0.015261319629230908,72.09240656576686,64.7746914959932,48.40026175682406,96.46881156971405,71.73132740368645,False,0.25830286163960436,96.46881156971405,0.03,0.0015,1.2,1.0,0.1638777886127991,0.19665334633535894,0.05908304512136679,0.25830286163960436,1.3448630474494228,0.24569612960626833,96.46881156971405,71.73132740368645,19.027123121821628,140.99419626065662,104.0165135257444,,,,,,,,,,Bendung Copong,Suplesi Cipari,1.0795781915998865,0.806671029280401,1.6078135261619009,1.1955221233947741,1.6078135261619009,1.6078135261619009,1.1955221233947741,0.3171187186970271,2.3499032710109438,1.7336085587624066,,,,,,,,
LW.2.Ki,Tersier,SS Lewo,True,62.0,1699.2579137436514,0.012836915255660821,58.12156470655067,76.87411191066441,57.441063058286964,114.48845290074027,85.13019457102624,True,0.25,113.28386091624343,0.03,0.0015,1.2,1.0,0.15358394352534696,0.18430073223041635,0.05189366095935332,0.2473696212282185,1.3448630474492773,0.24305390433080792,114.48845290074027,85.13019457102624,22.38588799839633,167.330841286467,123.4460082582154,1898.1033074578497,1384.764421736449,305.3350271982564,1896.898715473353,1239.3760484189563,2930.8083748757704,913.1123564340792,2116.7740751795086,B.LW 2,B.TB .11,B.LW 2,1.2812351985110735,0.9573510509714495,1.9081408816790044,1.4188365761837707,1.8880643486040571,1.9081408816790044,1.4188365761837707,0.3730981333066055,2.78884735477445,2.0574334709702566,31.635055124297494,23.079407028940818,5.08891711997094,31.61497859122255,20.656267473649272,48.84680624792951,15.21853927390132,35.279567919658476
CP.3.Ka.2,Tersier,SI Copong,True,1.0,3434.8674843961667,0.02976355182702116,140.6239174926881,125.92871643593315,94.09512723933815,187.5453720659628,139.4531379396146,False,0.30524768900438554,187.5453720659628,0.03,0.0015,1.2,1.0,0.21052556689243615,0.2526306802709234,0.09750623149383955,0.30524768900438554,1.3448630474501968,0.25617049469915104,187.5453720659628,139.4531379396146,38.24607483093313,274.1073365223026,202.21888725222212,348.49124183038384,256.051353462821,62.11659352271781,348.49124183038384,229.93409237010167,536.8903181473593,170.20581369713383,390.76294762234744,B.CP.Ka.1,Talang,B.CP.Ka.1,2.098811940598886,1.568252120655636,3.12575620109938,2.3242189656602434,3.12575620109938,3.12575620109938,2.3242189656602434,0.6374345805155522,4.568455608705043,3.370314787537035,5.808187363839731,4.267522557713684,1.0352765587119634,5.808187363839731,3.832234872835028,8.948171969122654,2.836763561618897,6.512715793705791
CD.4.Ki.2,Tersier,Suplesi Cibuyutan Selatan,True,3.0,120.42020884394272,0.00211033169196207,9.971291159538678,8.555544898994565,6.392784018261517,12.741754992200754,9.474388501019455,True,0.25,8.028013922929514,0.03,0.0015,1.2,1.0,0.0780377217827053,0.09364526613924636,0.013397749246276815,0.15751389678744163,1.3448630474494188,0.21711794998179354,12.741754992200754,9.474388501019455,2.2729627174739258,18.62273904739966,13.738667543663967,1192.6044790538926,864.2331243997504,137.8588736704203,614.132674144335,770.9986342827975,1945.033432226508,564.3453551882552,1395.9183345306442,BCD.4,BCD.1,BCD.4,0.14259241498324277,0.10654640030435862,0.2123625832033459,0.1579064750169909,0.13380023204882524,0.2123625832033459,0.1579064750169909,0.03788271195789876,0.31037898412332765,0.22897779239439944,19.87674131756488,14.403885406662507,2.2976478945070054,10.235544569072252,12.849977238046625,32.4172238704418,9.405755919804253,23.265305575510737
CTL.9.Ka,Tersier,SS Citikey Kiri,True,7.0,1439.3289165223346,0.005044684856784717,20.72621882130481,82.24083655650156,61.45113044159743,122.4811046085115,91.07329169373062,True,0.25,95.95526110148897,0.03,0.0015,1.2,1.0,0.10820213424802001,0.12984256109762402,0.025756944082818402,0.19585727408360754,1.3448630474497603,0.2292719565947666,122.4811046085115,91.07329169373062,22.843995056448577,179.01251835070852,132.06400355576076,1914.837523046674,1399.616888364678,302.0284480841052,1835.585342661385,1253.802229340065,2905.566028175323,925.4588495989246,2102.5356860424904,BCTL9,BCT0,BCTL9,1.370680609275026,1.024185507359957,2.0413517434751918,1.5178881948955103,1.5992543516914828,2.0413517434751918,1.5178881948955103,0.3807332509408096,2.9835419725118086,2.201066725929346,31.91395871744457,23.3269481394113,5.03380746806842,30.593089044356418,20.896703822334416,48.42610046958872,15.424314159982078,35.04226143404151
CTL.11.Ki.a1,Tersier,CTL.11.Ki.a2,True,8.0,320.54886357033246,0.005765354122039676,23.687107224348352,17.714288911926776,13.236284116094398,26.38185315389494,19.61675815535413,True,0.25,21.369924238022165,0.03,0.0015,1.2,1.0,0.11375822506491733,0.13650987007790077,0.028470054293824845,0.20250590541691316,1.3448630474497834,0.2311934010818093,26.38185315389494,19.61675815535413,4.953982333019787,38.55845346049503,28.44596446005311,1871.3941414477931,1367.3136871716142,294.2977601747623,1809.7626928352242,1224.6318519422193,2842.071261610766,903.6624678795666,2055.693302310792,BCTL.11,BCTL.11,BCTL.11,0.29523814853211294,0.22060473526823995,0.43969755256491566,0.3269459692559022,0.35616540396703605,0.43969755256491566,0.3269459692559022,0.08256637221699645,0.6426408910082505,0.4740994076675518,31.189902357463218,22.788561452860236,4.904962669579372,30.16271154725374,20.410530865703656,47.367854360179436,15.06104113132611,34.2615550385132
CTL.11.Ki.a2,Tersier,SS Citikey Kiri,True,7.0,731.4403055595919,0.009849146625151116,40.46547484159511,35.35617024672906,26.41846460614502,52.65586985573554,39.15333234531269,True,0.25,48.76268703730613,0.03,0.0015,1.2,1.0,0.139058499195083,0.1668701990340996,0.04254198563645558,0.23151591252268838,1.344863047449889,0.23906237093224977,52.65586985573554,39.15333234531269,10.159324814085902,76.95929832565648,56.775655364009594,1845.012288293898,1347.6969290162601,289.3437778417425,1788.3927685972021,1206.9175630302925,2803.512808150271,890.4261837634722,2027.2473378507393,BCTL.11,BCT0,BCTL.11,0.589269504112151,0.4403077434357503,0.8775978309289256,0.6525555390885448,0.8127114506217689,0.8775978309289256,0.6525555390885448,0.16932208023476505,1.2826549720942746,0.9462609227334933,30.750204804898303,22.461615483604337,4.822396297362375,29.806546143286702,20.115292717171542,46.72521346917119,14.84043639605787,33.787455630845656
CTL.11M,Tersier,SS Citikey Kiri,True,7.0,817.9201371308275,0.004564238679948078,18.752293219275785,47.91867411216047,35.80528623918743,71.36518039429784,53.06501693954557,True,0.25,54.52800914205516,0.03,0.0015,1.2,1.0,0.10421642998480868,0.1250597159817704,0.023894341413312762,0.191017555202635,1.3448630474499002,0.22784228705452958,71.36518039429784,53.06501693954557,13.24274793964135,104.30393084524877,76.94877889508628,1863.7215988324604,1361.608613610493,292.42720096729795,1794.1580907019513,1219.480066895724,2830.8574406698635,899.8130053965147,2047.4204613818158,BCTL.11.M,BCT0,BCTL.11.M,0.7986445685360077,0.5967547706531239,1.1894196732382973,0.8844169489924262,0.908800152367586,1.1894196732382973,0.8844169489924262,0.22071246566068917,1.738398847420813,1.282479648251438,31.062026647207674,22.693476893508215,4.873786682788299,29.902634845032523,20.324667781595398,47.18095734449773,14.996883423275245,34.123674356363594
CTL.9.Ki,Tersier,SS Citikey Kiri,True,7.0,908.7877130430836,0.003219779227171076,13.228546621477744,58.095420847532885,43.409447593699944,86.52138786566917,64.334720200483,True,0.25,60.58584753620558,0.03,0.0015,1.2,1.0,0.09143402688271826,0.10972083225926191,0.01839239879837722,0.17506032043276273,1.34486304745007,0.2229271380499527,86.52138786566917,64.334720200483,15.77196611055636,126.45551803715156,93.29080523284797,1878.8778063038317,1372.8783168714303,294.956419138213,1800.2159290961017,1229.6568136310964,2853.0090278617663,907.4171667510271,2063.7624877195776,BCTL9,BCT0,BCTL9,0.9682570141255481,0.7234907932283324,1.4420231310944862,1.0722453366747167,1.0097641256034262,1.4420231310944862,1.0722453366747167,0.262866101842606,2.107591967285859,1.5548467538807995,31.314630105063863,22.881305281190507,4.915940318970216,30.00359881826836,20.49428022718494,47.55015046436277,15.123619445850453,34.39604146199296
PG.1.Ka,Tersier,SS Parigi,True,7.0,506.1096712366356,0.0002213410224765323,1.0451770215483538,63.185166949318536,47.21255399085009,94.10153601135688,69.97109199323822,True,0.25,33.740644749109045,0.03,0.0015,1.2,1.0,0.03350204200059842,0.040202450400718105,0.0024692510000616933,0.08963893199638359,1.3448630474489456,0.18857763253920756,94.10153601135688,69.97109199323822,14.929983867704404,137.53429964487978,101.46402276605149,1397.664378106824,1022.3631769584696,227.08693965975806,1337.3034868445761,916.176866785843,2112.6535483210387,676.672442549246,1529.9835065252546,BPG1,BPG4,BPG1,1.0530861158219755,0.7868758998475015,1.5683589335226147,1.1661848665539702,0.5623440791518174,1.5683589335226147,1.1661848665539702,0.24883306446174008,2.292238327414663,1.6910670461008581,23.2944063017804,17.03938628264116,3.7847823276626342,22.2883914474096,15.269614446430717,35.21089247201731,11.277874042487435,25.499725108754244
PG.2.Ka,Tersier,SS Parigi,True,7.0,501.6020257738925,0.002017705798566542,9.52764974748507,36.039669547731485,26.929181744492283,53.673803924638264,39.910237720048706,True,0.25,33.44013505159283,0.03,0.0015,1.2,1.0,0.07673522177189032,0.09208226612626838,0.012954247372838618,0.15575631223447986,1.3448630474499905,0.21650973318309935,53.673803924638264,39.910237720048706,9.552657615190931,78.44706202416089,57.87323240603393,1357.2366460201051,992.30232268528,221.70961340724458,1337.0029771470597,889.031369384256,2053.5663107003197,656.3890703028883,1486.3927161652368,BPG2,BPG4,BPG2,0.6006611591288581,0.44881969574153807,0.8945633987439711,0.6651706286674784,0.5573355841932138,0.8945633987439711,0.6651706286674784,0.15921096025318218,1.3074510337360148,0.9645538734338988,22.620610767001754,16.538372044754666,3.695160223454076,22.283382952450996,14.817189489737599,34.22610517833866,10.93981783838147,24.773211936087282
PG.5.Ki,Tersier,SS Cinanti,True,6.0,1511.7573469882325,0.006074573893328356,28.69730506205612,82.45919904850003,61.61429295962834,122.80631140777194,91.31510575788066,True,0.25,100.78382313254883,0.03,0.0015,1.2,1.0,0.11600894948622788,0.13921073938347345,0.029607767993975975,0.2051682482301366,1.3448630474501042,0.2319495575306861,122.80631140777194,91.31510575788066,23.121782396759237,179.48782503827036,132.41465447479592,1219.4673030532501,892.2973070927003,202.26944016573847,1197.444814778027,799.7379873740417,1846.9651107634736,590.7540993500935,1338.0610446115777,,BCN -6M,PG.5.Ki,1.3743199841416671,1.0269048826604723,2.046771856796199,1.521918429298011,1.6797303855424806,2.046771856796199,1.521918429298011,0.38536303994598725,2.9914637506378394,2.2069109079132656,20.3244550508875,14.871621784878338,3.3711573360956413,19.957413579633783,13.32896645623403,30.782751846057895,9.845901655834892,22.301017410192962
PG.5.Ka,Tersier,SS Parigi,True,7.0,331.42482669911385,0.0026472215351316815,12.50023646096124,22.24966339132264,16.625158796912164,33.13637681037571,24.639220233777888,True,0.25,22.09498844660759,0.03,0.0015,1.2,1.0,0.08496096166498802,0.10195315399798563,0.015880403015487043,0.16669737742486965,1.3448630474494105,0.2202156616724868,33.13637681037571,24.639220233777888,5.980212657428038,48.430541844012374,35.72896079685877,1336.6992189058426,977.0313051990092,218.1371684494817,1325.6578305420746,875.2413632278472,2023.5497905201712,646.0850473553081,1464.2484445560617,,BPG4,PG.5.Ka,0.37082772318871066,0.27708597994853607,0.5522729468395952,0.4106536705629648,0.36824980744345986,0.5522729468395952,0.4106536705629648,0.09967021095713396,0.8071756974002062,0.5954826799476461,22.27832031509738,16.283855086650153,3.635619474158028,22.094297175701243,14.587356053797453,33.72582984200285,10.76808412258847,24.40414074260103
PG.6M,Tersier,SS Parigi,True,7.0,568.2809513945241,0.005790670648568387,27.34367011374889,31.37016923991516,23.440086976899863,46.71952695448364,34.73924504289787,True,0.25,37.885396759634936,0.03,0.0015,1.2,1.0,0.11394529209833372,0.13673435051800045,0.028563765101024104,0.20272784866028648,1.3448630474494159,0.2312567211338851,46.71952695448364,34.73924504289787,8.77494062040147,68.28302376115845,50.37485409330515,1350.2823690499506,987.1313300081292,220.93189641245513,1341.4482388551019,884.3618690764397,2043.4022724373172,652.8999755352959,1478.8943378525082,BPG6M,BPG4,BPG6M,0.522836153998586,0.39066811628166437,0.7786587825747273,0.5789874173816312,0.631423279327249,0.7786587825747273,0.5789874173816312,0.1462490103400245,1.1380503960193074,0.8395809015550859,22.50470615083251,16.45218883346882,3.682198273540919,22.357470647585032,14.739364484607329,34.05670454062195,10.881666258921598,24.64823896420847
BG.1B.Ka,Tersier,SS Situ Bagendit,True,8.0,447.787061860727,0.004372662684452064,20.65556408336109,26.51679468881128,19.813599636686533,39.4914064612097,29.3646304998309,True,0.25,29.852470790715135,0.03,0.0015,1.2,1.0,0.10255404693462832,0.12306485632155398,0.023138131593873883,0.1889808028237588,1.3448630474487706,0.22723249299716075,39.4914064612097,29.3646304998309,7.312168471215358,57.718748915833324,42.581206790908496,1686.9773645526686,1233.4381714669514,270.1698107545643,1595.2691348851847,1105.0976195439519,2544.2166163868533,816.030794527204,1841.572045270293,BBG.1B,BPG0,BBG.1B,0.4419465781468547,0.33022666061144224,0.6581901076868283,0.48941050833051497,0.49754117984525226,0.6581901076868283,0.48941050833051497,0.12186947452025597,0.9619791485972221,0.709686779848475,28.116289409211145,20.557302857782524,4.502830179242738,26.58781891475308,18.418293659065863,42.40361027311422,13.600513242120066,30.692867421171552
BG.2.Ka,Tersier,SS Situ Bagendit,True,8.0,837.3929759350264,0.0022913546580209387,10.82389070274014,58.283042387114065,43.54964018153886,86.80081222926331,64.5424918127443,True,0.25,55.82619839566842,0.03,0.0015,1.2,1.0,0.08048365299053604,0.09658038358864325,0.014250760477142247,0.16078823735029416,1.3448630474493701,0.2182376011953206,86.80081222926331,64.5424918127443,15.549676864458153,126.86391130871301,93.59209170688902,1734.2867703207223,1268.616032779865,278.4073191478071,1621.242862490138,1136.8638672422546,2613.361778779733,839.7668350720563,1892.5829301862736,BBG2,BPG0,BBG2,0.9713840397852345,0.725827336358981,1.4466802038210553,1.0757081968790716,0.930436639927807,1.4466802038210553,1.0757081968790716,0.25916128107430253,2.1143985218118835,1.559868195114817,28.90477950534537,21.143600546331083,4.640121985796784,27.02071437483563,18.947731120704244,43.55602964632888,13.996113917867605,31.543048836437894
BG.3.Ka,Tersier,SS Situ Bagendit,True,8.0,382.3173566444208,0.0,0.0,,,,,,,,,,,,,,,,,,,,,,,,,,,,,,,BBG3,BPG0,BBG3,,,,,,,,,,,,,,,,,,
BG.3M,Tersier,SS Situ Bagendit,True,8.0,572.5842070056942,0.009595435829871072,45.32687609232251,27.858592307884898,20.81620350074011,41.48974282823217,30.85053374535858,True,0.25,38.172280467046285,0.03,0.0015,1.2,1.0,0.1377042443400595,0.1652450932080714,0.04171740960038699,0.23001034632270315,1.3448630474496812,0.23867275915905936,41.48974282823217,30.85053374535858,7.994420902851532,60.639421673610165,44.735892625311536,1688.9757009196912,1234.9240747124793,270.85206318620044,1603.5889445615157,1106.4394171630254,2547.1372891446304,817.0333983912576,1843.7267311046962,,BPG0,BG.3M,0.46430987179808164,0.34693672501233513,0.6914957138038694,0.514175562422643,0.6362046744507714,0.6914957138038694,0.514175562422643,0.13324034838085888,1.0106570278935028,0.7455982104218589,28.149595015328188,20.582067911874656,4.51420105310334,26.726482409358596,18.440656952717088,42.4522881524105,13.61722330652096,30.728778851744938
RU.2.Ki,Tersier,SS Ranca Ucing,True,8.0,485.787667367498,0.0017618857910800588,8.322833691206755,36.10671898522657,26.979281717988247,53.773660510631686,39.98448809534893,True,0.25,32.38584449116653,0.03,0.0015,1.2,1.0,0.0729314283542608,0.08751771402511295,0.011701785131943886,0.15056555655516268,1.3448630474498118,0.21468288320370965,53.773660510631686,39.98448809534893,9.503949251669688,78.59300762931953,57.98090175280475,1492.667199820948,1091.4109948037672,241.35542993979666,1432.940362878407,977.8657396354323,2254.935209353745,722.0566919897597,1632.2775793106857,BRU.3,BPG3,BRU.3,0.6017786497537762,0.4496546952998041,0.8962276751771948,0.6664081349224822,0.5397640748527756,0.8962276751771948,0.6664081349224822,0.1583991541944948,1.309883460488659,0.9663483625467458,24.877786663682468,18.190183246729454,4.022590498996611,23.882339381306785,16.297762327257207,37.58225348922908,12.034278199829327,27.204626321844763
RU.4M.b,Tersier,SS Ranca Ucing,True,8.0,614.2894426532777,0.00583857673985975,27.580393374653635,33.84015022101527,25.285680113013207,50.398064425577004,37.474495653018074,True,0.25,40.95262951021851,0.03,0.0015,1.2,1.0,0.11429788235440196,0.13715745882528235,0.028740813003541563,0.20314584487016063,1.3448630474501957,0.2313758337554255,50.398064425577004,37.474495653018074,9.46980918129956,73.65939800804868,54.341199655027395,1489.2916037358934,1088.9010023614362,241.32128986942652,1441.507147897459,975.599170871221,2250.0015997324745,720.3630903847846,1628.6378772129083,,BPG3,RU.4M.b,0.5640025036835878,0.42142800188355345,0.8399677404262834,0.6245749275503012,0.6825438251703084,0.8399677404262834,0.6245749275503012,0.15783015302165934,1.227656633467478,0.9056866609171232,24.821526728931556,18.148350039357272,4.022021497823776,24.025119131624315,16.259986181187017,37.50002666220791,12.006051506413078,27.143964620215137
RU.4M.a,Tersier,SS Ranca Ucing,True,8.0,368.5622373470301,0.0029147952052217003,13.768971780012924,24.15431929864881,18.04833569427389,35.97297684019377,26.748431305632188,True,0.25,24.570815823135337,0.03,0.0015,1.2,1.0,0.08808482163039626,0.1057017859564755,0.017069658763649194,0.17075884442569655,1.3448630474497867,0.22154492837960799,35.97297684019377,26.748431305632188,6.524222230805563,52.57638063697948,38.78749588777563,1474.86651615051,1078.1749380140504,238.37570291893252,1425.1253342103757,965.9133399488545,2228.9185823614052,713.1257459660453,1613.0841734456565,,BPG3,RU.4M.a,0.40257198831081353,0.3008055949045649,0.5995496140032296,0.4458071884272031,0.4095135970522556,0.5995496140032296,0.4458071884272031,0.10873703718009271,0.8762730106163247,0.6464582647962605,24.5811086025085,17.969582300234173,3.9729283819822085,23.752088903506262,16.098555665814242,37.148643039356756,11.885429099434088,26.884736224094276
CN.3.Ki,Tersier,SS Cinanti,True,6.0,2135.2800654105818,0.015645925111348973,73.91397220331676,91.93703907857203,68.69622461768216,136.92163859548177,101.81084152397814,False,0.2599150978269896,136.92163859548177,0.03,0.0015,1.2,1.0,0.1654144820956223,0.19849737851474675,0.06019629195131849,0.2599150978269896,1.3448630474509382,0.2460786228389031,136.92163859548177,101.81084152397814,27.039616638041114,200.11811144279514,147.63436224827112,1233.5826302409598,902.7930428587978,206.18727440702034,1233.5826302409598,809.2158274041137,1867.5953971679985,597.8360310081473,1353.280752385053,BCN -3c,BCN -6M,BCN -3c,1.532283984642867,1.1449370769613694,2.282027309924696,1.696847358732969,2.282027309924696,2.282027309924696,1.696847358732969,0.45066027730068525,3.335301857379919,2.460572704137852,20.559710504015996,15.046550714313296,3.436454573450339,20.559710504015996,13.486930456735228,31.126589952799975,9.963933850135788,22.55467920641755
CN.4.Ki,Tersier,SS Cinanti,True,6.0,128.85898531165495,0.003151620710433626,14.888784391369486,8.28165624333621,6.188131825871389,12.333853194390997,9.171084905471947,True,0.25,8.590599020776997,0.03,0.0015,1.2,1.0,0.09070334249356092,0.1088440109922731,0.01809961194690927,0.17412642434976644,1.3448630474494876,0.22262922849167527,12.333853194390997,9.171084905471947,2.245878110066423,18.026569309225764,13.298851584702566,1108.994844839869,810.1532862402915,181.39353587904566,1105.2515906662552,725.5604445688779,1685.503855034429,535.3279382163366,1218.9452417214843,BCN -4,BCN -6M,BCN -4,0.1380276040556035,0.10313553043118982,0.2055642199065166,0.15285141509119912,0.1431766503462833,0.2055642199065166,0.15285141509119912,0.037431301834440385,0.3004428218204294,0.22164752641170943,18.48324741399782,13.502554770671527,3.0232255979840943,18.420859844437587,12.092674076147965,28.091730917240486,8.922132303605611,20.315754028691405
CN.6.Ki,Tersier,SS Cinanti,True,6.0,601.9161667093609,0.006386567733447252,30.171216247367028,32.42314260497116,24.226878628309326,48.28771796852804,35.905305049512556,True,0.25,40.12774444729073,0.03,0.0015,1.2,1.0,0.11820841190572455,0.14185009428686945,0.030741103019601573,0.20775336946676765,1.3448630474505214,0.23267677188067507,48.28771796852804,35.905305049512556,9.11466054581353,70.57501666550341,52.0657400818986,1144.9487096140062,836.8875063843321,188.26231831479276,1136.7887360927689,749.7019309305128,1738.0523023907067,553.3666850187745,1257.7121302186804,BCN -6,BCN -6M,BCN -6,0.5403857100828527,0.4037813104718221,0.8047952994754674,0.5984217508252093,0.6687957407881788,0.8047952994754674,0.5984217508252093,0.15191100909689217,1.1762502777583903,0.8677623346983101,19.08247849356677,13.948125106405536,3.1377053052465462,18.946478934879483,12.495032182175214,28.967538373178446,9.222778083646242,20.961868836978006
CN.6M,Tersier,SS Cikukuk,True,4.0,767.4403743738087,0.12865605314581163,608.6235930062672,19.512956044836507,14.580265199362575,29.06060432528478,21.6085975299842,False,0.44013788436950557,29.06060432528478,0.03,0.0015,1.2,1.0,0.3645099568553075,0.43741194822636903,0.29230851902264793,0.44013788436950557,1.3448630474495227,0.2807134350916843,29.06060432528478,21.6085975299842,6.36965447731635,42.473587919464315,31.334300627147268,834.816539057658,609.365557938975,136.51177906177563,834.816539057658,545.5274340171758,1278.1412734723474,402.1798157393427,923.5895449747417,B.C.1.M,BCD.5,B.C.1.M,0.32521593408060845,0.24300441998937625,0.48434340542141296,0.3601432921664033,0.48434340542141296,0.48434340542141296,0.3601432921664033,0.1061609079552725,0.707893131991072,0.5222383437857878,13.913608984294301,10.15609263231625,2.2751963176962606,13.913608984294301,9.092123900286262,21.302354557872455,6.702996928989045,15.39315908291236
SB.4.Ki,Tersier,SS Sawah Bera,True,8.0,412.7047023358941,0.007264864173335675,34.30484333036537,21.52625702450705,16.084622721750478,32.059009232438555,23.838121876586513,True,0.25,27.513646822392943,0.03,0.0015,1.2,1.0,0.12406045622881905,0.14887254747458284,0.033860192959345996,0.21455471863548395,1.3448630474503316,0.23455815040383957,32.059009232438555,23.838121876586513,6.091006654389356,46.855912974258295,34.567300179071516,1642.962271648349,1204.759365184861,280.818609720231,1638.4169092383036,1080.883937602061,2471.1692051592686,799.7431227268573,1794.4734618405007,BSB.4,BPG7,BSB.4,0.3587709504084508,0.268077045362508,0.5343168205406426,0.39730203127644187,0.45856078037321574,0.5343168205406426,0.39730203127644187,0.10151677757315594,0.7809318829043049,0.5761216696511919,27.382704527472484,20.07932275308102,4.68031016200385,27.30694848730506,18.014732293367683,41.186153419321144,13.329052045447622,29.90789103067501
Saluran Cikananga,Tersier,SS Parigi,True,7.0,3812.488169968064,0.010355425955936469,48.89854188072039,181.9920813421336,135.9862034259693,271.0404232995901,201.53756459701464,True,0.25,254.16587799787095,0.03,0.0015,1.2,1.0,0.14169712862103245,0.17003655434523893,0.044171767770779906,0.23443539795993162,1.344863047449989,0.23981249509671537,271.0404232995901,201.53756459701464,52.426379344139605,396.13970583287806,292.2465758354157,1574.603265395057,1153.929649562246,264.5833351361932,1557.7287200933379,1034.983781178658,2371.258954509037,765.4460919843652,1720.7660595946186,BPG7,BPG4,BPG7,3.0332013557022264,2.266436723766155,4.5173403883265015,3.358959409950244,4.236097966631182,4.5173403883265015,3.358959409950244,0.8737729890689934,6.602328430547968,4.870776263923594,26.243387756584283,19.232160826037433,4.409722252269887,25.962145334888966,17.249729686310967,39.52098257515061,12.757434866406088,28.679434326576978
CTL.10.Ki,Tersier,SS Citikey Kiri,True,7.0,564.7341725567285,0.0058967043725763986,24.226763141842568,31.033282025232495,23.188361665722535,46.21780153545208,34.36617700449073,True,0.25,37.64894483711523,0.03,0.0015,1.2,1.0,0.11472328391720066,0.13766794070064078,0.02895515012004259,0.2036495873145114,1.344863047449609,0.23151913671386148,46.21780153545208,34.36617700449073,8.688704213604616,67.54972591029006,49.83387377038219,1838.5742199736146,1342.9097736754381,287.87315724126125,1777.2790263970114,1202.5946748087958,2794.1032357349045,887.1960808230497,2020.305556257112,BCTL10,BCT0,BCTL10,0.5172213670872082,0.3864726944287089,0.7702966922575347,0.5727696167415122,0.6274824139519205,0.7702966922575347,0.5727696167415122,0.14481173689341026,1.125828765171501,0.8305645628397031,30.64290366622691,22.3818295612573,4.797885954021021,29.621317106616857,20.0432445801466,46.56838726224841,14.786601347050828,33.67175927095187
SI Copong,Primer,,True,0.0,4163.067551000023,1.272416443330669,4243.79125526843,104.00537593416851,76.11068645779568,160.94586976442108,116.5982155232064,False,0.4311043165313456,160.94586976442108,0.025,0.00025,2.5,1.5,0.8590005760526872,2.147501440131718,2.9515279586353933,0.4311043165313456,1.3803459087449603,0.17414158347940803,160.94586976442108,116.5982155232064,23.870518691784678,262.78298162505666,188.54406037012532,160.94586976442108,116.5982155232064,23.870518691784678,160.94586976442108,104.00537593416851,262.78298162505666,76.11068645779568,188.54406037012532,Talang,Bendung Copong,Talang,1.7334229322361419,1.2685114409632614,2.682431162740351,1.94330359205344,2.682431162740351,2.682431162740351,1.94330359205344,0.3978419781964113,4.3797163604176115,3.1424010061687553,2.682431162740351,1.94330359205344,0.3978419781964113,2.682431162740351,1.7334229322361419,4.3797163604176115,1.2685114409632614,3.1424010061687553
SI Copong Kiri,Primer,SI Copong,True,1.0,1911.4737366385025,0.4321540910775938,1404.824446880628,62.554466782799494,45.777089550149746,96.80156408818563,70.12848263248671,False,0.32910517418519564,96.80156408818563,0.025,0.00025,2.5,1.5,0.5729569126833542,1.4323922817083856,1.3131184951665633,0.32910517418519564,1.3803459087441132,0.16277607566245902,96.80156408818563,70.12848263248671,13.551172104470572,158.05191940803527,113.40061083941244,257.7474338526067,186.7266981556931,37.42169079625525,257.7474338526067,166.559842716968,420.8349010330919,121.88777600794543,301.9446712095378,BCP.3,Talang,BCP.3,1.0425744463799915,0.7629514925024957,1.6133594014697605,1.1688080438747785,1.6133594014697605,1.6133594014697605,1.1688080438747785,0.22585286840784286,2.6341986568005877,1.8900101806568739,4.295790564210112,3.112111635928218,0.6236948466042541,4.295790564210112,2.7759973786161334,7.013915017218198,2.031462933465757,5.032411186825629
SS Cikukuk,Sekunder,SS Ciduga,True,3.0,2344.537506225029,0.1642839597135585,702.3824774172558,80.27219927272917,59.33785914093349,122.37941389883046,89.5567283563627,False,0.3192990051092565,122.37941389883046,0.027,0.0005,2.0,1.5,0.38341118329314333,0.7668223665862867,0.5145144741598692,0.3192990051092565,1.3665016146175,0.1967803159580548,122.37941389883046,89.5567283563627,20.12220573204803,181.9657148292348,131.82617029287016,805.7559347323732,587.7569604089908,130.14212458445928,805.7559347323732,526.0144779723393,1235.667685552883,387.5995505399801,892.2552443475944,BCD.5,BCD.1,BCD.5,1.3378699878788194,0.9889643190155581,2.039656898313841,1.4926121392727116,2.039656898313841,2.039656898313841,1.4926121392727116,0.3353700955341338,3.03276191382058,2.197102838214503,13.429265578872888,9.795949340149848,2.169035409740988,13.429265578872888,8.766907966205654,20.594461425881384,6.459992508999668,14.870920739126573
C.1.Ki,Tersier,SS Cikukuk,True,4.0,486.2666969357943,0.014462796999314157,70.6276186213405,21.35243622095139,15.95474217432472,31.800138275930088,23.645633164092406,False,0.25485565121156273,31.800138275930088,0.03,0.0015,1.2,1.0,0.1606081837024927,0.19272982044299122,0.05674897507887,0.25485565121156273,1.3448630474493233,0.24487225342969582,31.800138275930088,23.645633164092406,6.255237433037295,46.47755957843812,34.28817520685805,837.5560730083033,611.4025935730832,136.3973620174966,837.5560730083033,547.3669141932907,1282.1452451313212,403.55429271430484,926.5434195544524,BC.1,BCD.5,BC.1,0.3558739370158565,0.26591236957207864,0.5300023045988348,0.3940938860682068,0.5300023045988348,0.5300023045988348,0.3940938860682068,0.10425395721728825,0.7746259929739686,0.5714695867809675,13.959267883471721,10.190043226218053,2.2732893669582763,13.959267883471721,9.122781903221512,21.369087418855354,6.725904878571748,15.44239032590754
Suplesi Cibuyutan Selatan,Suplesi,SI Copong Kiri,True,2.0,5225.358395531983,0.002931016238836208,9.971291159538678,595.883246666835,436.06479516204826,922.1152902090854,668.0320377430379,True,0.25,348.3572263687989,0.025,0.00025,2.5,1.5,0.0880824349949501,0.22020608748737525,0.031034061418558436,0.0944451388203883,1.3803459087448466,0.11913840970004322,922.1152902090854,668.0320377430379,98.16422015669114,1505.5757921460165,1080.2349957774425,1179.862724061692,854.758735898731,135.5859109529464,606.1046602214055,762.443089383803,1926.4106931791084,557.9525711699937,1382.1796669869802,BCD.1,BCP.3,BCD.1,9.93138744444725,7.2677465860341375,15.368588170151423,11.133867295717298,5.805953772813314,15.368588170151423,11.133867295717298,1.6360703359448523,25.092929869100274,18.003916596290708,19.664378734361534,14.245978931645515,2.2597651825491067,10.101744337023426,12.707384823063384,32.10684488631848,9.299209519499895,23.036327783116338
SS Ciduga,Sekunder,SI Copong Kiri,True,2.0,9725.387326466003,0.3324316215909816,1348.31906243264,279.18243598264206,206.37391539110124,425.62908698093617,311.47353389693507,False,0.380824040772602,425.62908698093617,0.027,0.0005,2.0,1.5,0.4994073887198242,0.9988147774396484,0.8729270896778375,0.380824040772602,1.366501614618,0.20564272561686855,425.62908698093617,311.47353389693507,72.59822805615599,632.8670696905564,458.48440284518637,683.3765208335428,498.20023205262817,110.01991885241124,683.3765208335428,445.7422786996101,1053.7019707236482,328.26169139904664,760.4290740547242,BCD.1,BCP.3,BCD.1,4.653040599710701,3.439565256518354,7.093818116348936,5.191225564948918,7.093818116348936,7.093818116348936,5.191225564948918,1.2099704676025997,10.547784494842606,7.64140671408644,11.389608680559046,8.303337200877136,1.833665314206854,11.389608680559046,7.429037978326835,17.5616995120608,5.471028189984111,12.67381790091207
CD.1.Ki,Tersier,SI Copong Kiri,True,2.0,820.3173896387116,0.005318971486236696,25.12278066127375,46.25524456572064,34.562355958818785,68.8878382755025,51.22293932171195,True,0.25,54.6878259759141,0.03,0.0015,1.2,1.0,0.11037187874080887,0.13244625448897063,0.026800293556906794,0.19846691137701833,1.3448630474491905,0.23003188515375764,68.8878382755025,51.22293932171195,12.882917503150884,100.68316621449759,74.27760998757289,326.63527212810925,237.94963747740505,50.304608299406134,312.4352598285208,212.81508728268864,521.5180672475894,156.45013196676422,376.22228119711065,BCD.1,BCP.3,BCD.1,0.7709207427620106,0.5760392659803131,1.1481306379250418,0.8537156553618658,0.9114637662652351,1.1481306379250418,0.8537156553618658,0.21471529171918138,1.6780527702416266,1.237960166459548,5.443921202135154,3.965827291290084,0.8384101383234356,5.207254330475347,3.5469181213781438,8.691967787459824,2.60750219944607,6.270371353285177
CD.2.Ka.1,Tersier,SS Ciduga,True,3.0,340.64195563893605,0.005686615592421946,26.86488072124209,18.88950809365749,14.114418997224176,28.13210460515051,20.918192866181077,True,0.25,22.709463709262405,0.03,0.0015,1.2,1.0,0.1131731134311708,0.13580773611740496,0.028177937928150234,0.2018109205479128,1.3448630474495877,0.2309947857432722,28.13210460515051,20.918192866181077,5.278957759232393,41.11653718318601,30.333155260812386,711.5086254386933,519.1184249188093,115.29887661164364,706.0859845428052,464.63178679326757,1094.8185079068342,342.3761103962708,790.7622293155366,BCD.2,BCD.1,BCD.2,0.3148251348942915,0.23524031662040293,0.46886841008584185,0.3486365477696846,0.3784910618210401,0.46886841008584185,0.3486365477696846,0.08798262932053988,0.6852756197197668,0.5055525876802064,11.85847709064489,8.651973748646821,1.9216479435273939,11.768099742380087,7.743863113221126,18.24697513178057,5.706268506604514,13.179370488592276
CD.2.Ka.2,Tersier,CD.2.Ka.1,True,4.0,338.89579906735804,0.003015671227958709,14.246724878248298,22.02196997792272,16.455024126183492,32.79727348953162,24.38707313113766,True,0.25,22.593053271157203,0.03,0.0015,1.2,1.0,0.08921585851326687,0.10705903021592024,0.017510832702570357,0.17221746556439024,1.3448630474501562,0.22201652930107932,32.79727348953162,24.38707313113766,5.958623845169029,47.93492466584097,35.36332609495991,744.3058989282249,543.5054980499469,121.25750045681266,728.6790378139624,486.6537567711903,1142.7534325726751,358.8311345224543,826.1255554104965,BCD.2,BCD.2,BCD.2,0.36703283296537864,0.2742504021030582,0.546621224825527,0.40645121885229435,0.37655088785262003,0.546621224825527,0.40645121885229435,0.09931039741948382,0.7989154110973494,0.5893887682493318,12.405098315470415,9.058424967499116,2.0209583409468777,12.144650630232707,8.110895946186504,19.04589054287792,5.980518908707571,13.768759256841609
CD.3.Ki,Tersier,SS Ciduga,True,3.0,360.82139060191946,0.009047013683876138,42.74017463474494,17.815661117348373,13.312030386175344,26.532826565845916,19.72901747591276,True,0.25,24.054759373461298,0.03,0.0015,1.2,1.0,0.13469842868534757,0.16163811442241707,0.039916066718663656,0.22665093100583486,1.3448630474497756,0.2377964613713255,26.532826565845916,19.72901747591276,5.097293831771993,38.77910897110403,28.608750003802566,709.9093473993887,517.9292495285409,115.11721268418323,707.4312802070041,463.5579398169585,1092.4810796947522,341.573721785222,789.0378240585268,BCD.3,BCD.1,BCD.3,0.29692768528913954,0.2218671731029224,0.44221377609743195,0.3288169579318793,0.40091265622435496,0.44221377609743195,0.3288169579318793,0.08495489719619989,0.6463184828517339,0.4768125000633761,11.831822456656479,8.632154158809016,1.9186202114030537,11.790521336783401,7.725965663615975,18.208017994912538,5.692895363087033,13.150630400975446
CD.4.Ki.1,Tersier,SS Ciduga,True,3.0,386.22400620556,0.002977488186328784,14.066339402513108,25.17750735943733,18.812871484798173,37.496808663347956,27.881507142651845,True,0.25,25.748267080370667,0.03,0.0015,1.2,1.0,0.08879056702761386,0.10654868043313663,0.017344282544787416,0.1716697233592765,1.3448630474493637,0.22183978599871557,37.496808663347956,27.881507142651845,6.807998974032951,54.80354027174672,40.43055203064181,720.8733294968907,526.08173919528,116.82791782644419,709.1247879139135,470.91978605904745,1108.5055109953948,347.0745628838448,800.859626085366,,BCD.1,CD.4.Ki.1,0.41962512265728885,0.31354785807996954,0.6249468110557993,0.46469178571086406,0.42913778467284447,0.6249468110557993,0.46469178571086406,0.11346664956721585,0.9133923378624453,0.6738425338440303,12.014555491614846,8.768028986588,1.9471319637740698,11.818746465231891,7.848663100984124,18.47509184992325,5.78457604806408,13.3476604347561
SS Ciseureuh,Sekunder,SS Ciduga,True,3.0,2502.502857827857,0.01541906300739136,56.50209489707237,154.79853776136252,114.42833150363427,235.9989447812153,172.70301202495924,True,0.25,166.83352385519046,0.027,0.0005,2.0,1.5,0.15788407755780937,0.31576815511561873,0.08724583681198127,0.17673121802499459,1.3665016146163593,0.1697307693851985,235.9989447812153,172.70301202495924,34.24401881200742,350.9063764724351,254.21626148183657,919.3754656147581,670.9032440775874,144.26393766441865,850.2100446887333,600.5408164609726,1404.6083471960833,442.6900229026809,1014.6453355365608,BCD.20,BCD.1,BCD.20,2.579975629356042,1.9071388583939044,3.933315746353588,2.8783835337493207,2.780558730919841,3.933315746353588,2.8783835337493207,0.5707336468667903,5.848439607873918,4.236937691363943,15.322924426912635,11.181720734626456,2.4043989610736443,14.17016741147889,10.009013607682876,23.410139119934723,7.378167048378015,16.91075559227601
SS Leuwigoong,Sekunder,SS Ciduga,True,3.0,3835.128228492411,0.10884468795810297,402.8485653687155,145.54082998431758,107.58495901584534,221.88505651023206,162.3745293358312,False,0.2880716926750733,221.88505651023206,0.027,0.0005,2.0,1.5,0.32856349148074854,0.6571269829614971,0.3778388877690697,0.2880716926750733,1.3665016146178826,0.1917818078993089,221.88505651023206,162.3745293358312,35.70579530692742,329.9204631849882,239.0128887946709,905.2615773437749,660.5747613884594,145.72571415933865,905.2615773437749,591.2831086839277,1383.6224339086364,435.846650414892,999.4419628493952,BCD.20,BCD.1,BCD.20,2.4256804997386263,1.793082650264089,3.6980842751705345,2.7062421555971867,3.6980842751705345,3.6980842751705345,2.7062421555971867,0.5950965884487903,5.49867438641647,3.9835481465778484,15.087692955729581,11.009579356474323,2.428761902655644,15.087692955729581,9.854718478065461,23.060373898477273,7.2641108402481995,16.65736604748992
LG.6.Ki,Tersier,SS Leuwigoong,True,4.0,385.8503004792233,0.0017149349573864015,7.062761862134042,28.87306632493982,21.574228075427428,43.00059684441371,31.97395967267259,True,0.25,25.72335336528155,0.03,0.0015,1.2,1.0,0.07219646471497607,0.08663575765797128,0.011467124938149727,0.1495523042293733,1.3448630474493697,0.21432078336883975,43.00059684441371,31.97395967267259,7.589363310949069,62.84761356705711,46.364955579928086,948.2621741881886,692.5487210611319,153.31507747028772,930.9849307090565,620.1561750088675,1446.4700474756935,457.4208784903194,1045.8069184293233,,BCD.20,LG.6.Ki,0.48121777208233035,0.35957046792379044,0.7166766140735618,0.5328993278778765,0.42872255608802584,0.7166766140735618,0.5328993278778765,0.1264893885158178,1.0474602261176185,0.7727492596654681,15.804369569803145,11.542478684352199,2.5552512911714618,15.516415511817607,10.335936250147792,24.10783412459489,7.6236813081719905,17.43011530715539
LG.7.Ka,Tersier,SS Leuwigoong,True,4.0,159.2558430890554,0.0003423907886074104,1.4100969796591265,17.827926562366162,13.321195242641526,26.551093467268565,19.742600198302988,True,0.25,10.617056205937025,0.03,0.0015,1.2,1.0,0.039456525485205805,0.047347830582246966,0.003424998287402329,0.09996816344895015,1.3448630474495862,0.19379003412596882,26.551093467268565,19.742600198302988,4.310085661647287,38.805806999641455,28.62844610423156,931.8126708110434,680.3173615867623,150.03579982098594,915.8786335497119,609.1110352462939,1422.4282409082778,449.1678456575335,1028.0704089536268,BLG7,BCD.20,BLG7,0.29713210937276935,0.2220199207106921,0.4425182244544761,0.32904333663838314,0.1769509367656171,0.4425182244544761,0.32904333663838314,0.07183476102745479,0.6467634499940242,0.47714076840385933,15.530211180184057,11.338622693112706,2.500596663683099,15.264643892495199,10.151850587438231,23.707137348471296,7.486130760958892,17.13450681589378
LG.7.Ki,Tersier,SS Leuwigoong,True,4.0,31.262933359678254,0.00024499070819805743,1.0089659803048634,3.805207118906625,2.8432867272756748,5.667086944910341,4.213876614176411,True,0.25,2.0841955573118836,0.03,0.0015,1.2,1.0,0.03480199711993563,0.041762396543922754,0.002664593807779218,0.09194298488678196,1.3448630474478087,0.18977791043967399,5.667086944910341,4.213876614176411,0.90394006246729,8.282742950134404,6.110478778219191,910.9286642886852,664.7886380026358,146.62965422180594,907.3457729010868,595.0883158028344,1391.9051768587708,438.68993714216765,1005.5524416276144,BLG7,BCD.20,BLG7,0.06342011864844375,0.04738811212126125,0.09445144908183903,0.07023127690294019,0.03473659262186472,0.09445144908183903,0.07023127690294019,0.015065667707788166,0.1380457158355734,0.10184131297031986,15.182144404811421,11.079810633377264,2.4438275703634322,15.122429548351446,9.918138596713906,23.198419614312847,7.311498952369461,16.75920736046024
LG.8.Ki,Tersier,SS Leuwigoong,True,4.0,169.1068639749203,0.00367486062297086,15.134489704572946,10.458923747505755,7.815006685212309,15.57645310101635,11.582185361222322,True,0.25,11.273790931661352,0.03,0.0015,1.2,1.0,0.09608119344392424,0.11529743213270909,0.02030951061393934,0.18094284460250049,1.3448630474493195,0.22477673791041977,15.57645310101635,11.582185361222322,2.858663304003066,22.76579808368963,16.79515190765665,920.8380304447912,672.1569467496817,148.58437746334172,916.5353682754362,601.7420324314335,1406.388231992326,443.6616571001043,1016.2371147570518,BLG8,BCD.20,BLG8,0.17431539579176258,0.13025011142020515,0.25960755168360583,0.19303642268703872,0.1878965155276892,0.25960755168360583,0.19303642268703872,0.0476443884000511,0.37942996806149387,0.27991919846094415,15.347300507413188,11.202615779161361,2.4764062910556954,15.27558947125727,10.029033873857225,23.439803866538764,7.394360951668405,16.937285245950864
LG.9.Ka,Tersier,SS Leuwigoong,True,4.0,1155.5311703047062,0.004647430068802652,19.13990481417347,67.39294393062634,50.35664472449066,100.36816940415771,74.63077344158233,True,0.25,77.03541135364708,0.03,0.0015,1.2,1.0,0.1049247361180277,0.12590968334163324,0.024220240548763042,0.1918820772834976,1.3448630474494743,0.22809964725045098,100.36816940415771,74.63077344158233,18.641764198465754,146.6933109781917,108.22095639517786,1005.6297467479326,735.2055348300416,164.3674783578044,982.296988697422,658.676052614554,1530.315744886828,486.20329513938265,1107.662919244573,BLG9,BCD.20,BLG9,1.1232157321771057,0.8392774120748443,1.6728028234026284,1.2438462240263723,1.2839235225607846,1.6728028234026284,1.2438462240263723,0.3106960699744292,2.444888516303195,1.8036826065862976,16.76049577913221,12.253425580500695,2.739457972630073,16.371616478290367,10.977934210242568,25.505262414780468,8.103388252323045,18.461048654076215
LG.10.Ki,Tersier,SS Leuwigoong,True,4.0,37.73769558888071,0.00024499070819805743,1.0089659803048634,4.593290919116041,3.432150392011026,6.840778488130567,5.086598595383032,True,0.25,2.5158463725920472,0.03,0.0015,1.2,1.0,0.03480199711993563,0.041762396543922754,0.002664593807779218,0.09194298488678196,1.3448630474478087,0.18977791043967399,6.840778488130567,5.086598595383032,1.0911520846595144,9.99815431575154,7.375999730472021,912.1023558319055,665.6613599838424,146.81686624399816,907.7774237163669,595.8763996030438,1393.6205882243878,439.278800806903,1006.8179625798672,BLG10,BCD.20,BLG10,0.07655484865193402,0.0572025065335171,0.11401297480217612,0.08477664325638387,0.04193077287653412,0.11401297480217612,0.08477664325638387,0.018185868077658575,0.16663590526252567,0.12293332884120035,15.201705930531757,11.094355999730707,2.4469477707333027,15.129623728606115,9.931273326717395,23.227009803739797,7.321313346781717,16.78029937633112
LG.11.Ki,Tersier,SS Leuwigoong,True,4.0,77.41387214969092,0.00024499070819805743,1.0089659803048634,9.422526479427038,7.040600850146759,14.032948833275661,10.434481681912855,True,0.25,5.160924809979394,0.03,0.0015,1.2,1.0,0.03480199711993563,0.041762396543922754,0.002664593807779218,0.09194298488678196,1.3448630474478087,0.18977791043967399,14.032948833275661,10.434481681912855,2.2383536318150083,20.5098861457912,15.130884151791198,919.2945261770506,671.0092430703722,147.96406779115367,910.4225021537543,600.7056351633547,1404.1323200544275,442.88725126503874,1014.5728470011863,BLG11,BCD.20,BLG11,0.15704210799045062,0.11734334750244597,0.23388248055459435,0.1739080280318809,0.08601541349965657,0.23388248055459435,0.1739080280318809,0.037305893863583475,0.34183143576318664,0.2521814025298533,15.321575436284176,11.183487384506204,2.4660677965192277,15.173708369229239,10.011760586055912,23.40220533424046,7.381454187750646,16.909547450019772
LG.12.Ki,Tersier,SS Leuwigoong,True,4.0,681.065253047774,0.0080846933705359,33.29587735006051,34.586675120273654,25.843490574135867,51.509862385172255,38.3011954137997,True,0.25,45.40435020318493,0.03,0.0015,1.2,1.0,0.12913587042572353,0.15496304451086823,0.036687360667340366,0.2203672660958959,1.3448630474497816,0.23613087789031106,51.509862385172255,38.3011954137997,9.839628831033162,75.28434867517788,55.53998448113826,956.7714397289471,698.8759568022591,155.56534299037182,950.6659275469598,625.8697838042013,1458.9067825838142,461.69014098902784,1054.9819473305333,BLG12,BCD.20,BLG12,0.5764445853378942,0.4307248429022644,0.8584977064195376,0.6383532568966616,0.7567391700530822,0.8584977064195376,0.6383532568966616,0.1639938138505527,1.254739144586298,0.925666408018971,15.94619066214912,11.647932613370985,2.592755716506197,15.844432125782664,10.431163063403355,24.31511304306357,7.694835683150464,17.58303245550889
LG.13.Ki,Tersier,SS Leuwigoong,True,4.0,599.249135283751,0.002694897790178631,11.098625783353494,40.05048876173688,29.92610377273373,59.64710852957041,44.35180864154968,True,0.25,39.94994235225007,0.03,0.0015,1.2,1.0,0.08553156601256004,0.10263787921507204,0.016094427326034014,0.16744291272914197,1.3448630474494738,0.2204614722510983,59.64710852957041,44.35180864154968,10.774522310561451,87.17735804510711,64.31388725731149,964.9086858733453,704.9265700300091,156.5002364699001,945.211519696025,631.3335974456646,1470.7997919537436,465.7727541876257,1063.7558501067067,BLG13,BCD.20,BLG13,0.667508146028948,0.4987683962122288,0.9941184754928402,0.7391968106924947,0.6658323725375012,0.9941184754928402,0.7391968106924947,0.17957537184269085,1.4529559674184518,1.0718981209551914,16.081811431222423,11.748776167166818,2.608337274498335,15.753525328267083,10.52222662409441,24.513329865895727,7.762879236460429,17.729264168445113
LG.14.Ki,Tersier,SS Leuwigoong,True,4.0,55.24754186460183,0.0009799628327922297,4.035863921219454,4.754956383082284,3.5529483547991108,7.0815465229988535,5.265626515970628,True,0.25,3.6831694576401217,0.03,0.0015,1.2,1.0,0.058529749243647934,0.07023569909237752,0.007536609402353473,0.1300270161919516,1.3448630474494434,0.20695427882351933,7.0815465229988535,5.265626515970628,1.2142600422701864,10.350049348033348,7.635605411811469,912.3431238667738,665.84038790443,146.93997420160883,908.944746801415,596.0380650670099,1393.9724832566696,439.3995987696911,1007.0775682612067,BLG14,BCD.20,BLG14,0.0792492730513714,0.059215805913318514,0.11802577538331423,0.0877604419328438,0.06138615762733536,0.11802577538331423,0.0877604419328438,0.020237667371169773,0.17250082246722248,0.12726009019685783,15.205718731112897,11.097339798407168,2.448999570026814,15.149079113356917,9.933967751116832,23.232874720944494,7.323326646161519,16.78462613768678
LG.15.Ki,Tersier,SS Leuwigoong,True,4.0,22.118249185569823,0.0009799628327922297,4.035863921219454,1.9036378198559283,1.4224161727864675,2.835083794293679,2.108083644405626,True,0.25,1.474549945704655,0.03,0.0015,1.2,1.0,0.058529749243647934,0.07023569909237752,0.007536609402353473,0.1300270161919516,1.3448630474494434,0.20695427882351933,2.835083794293679,2.108083644405626,0.4861267177611846,4.143622735718904,3.056900225444062,908.0966611380686,662.682845032865,146.21184087709983,906.7361272894796,593.1867465037836,1387.7660566443553,437.2690665876785,1002.4988630748393,BLG15,BCD.20,BLG15,0.031727296997598804,0.02370693621310779,0.04725139657156131,0.03513472740676043,0.024575832428410917,0.04725139657156131,0.03513472740676043,0.00810211196268641,0.0690603789286484,0.05094833709073436,15.134944352301144,11.044714083881082,2.4368640146183305,15.112268788157992,9.886445775063061,23.129434277405924,7.287817776461308,16.708314384580653
LG.15.M,Tersier,SS Leuwigoong,True,4.0,293.21767258677704,0.0,0.0,,,,,,,,,,,,,,,,,,,,,,,,,,,,,,,BLG15M,BCD.20,BLG15M,,,,,,,,,,,,,,,,,,
LG.15.M.Ki,Tersier,SS Leuwigoong,True,4.0,385.4336267167364,0.0012249535409902868,5.0448299015243165,31.372973027014115,23.442181993106157,46.72370262870275,34.74234994951864,True,0.25,25.695575114449092,0.03,0.0015,1.2,1.0,0.06363820457106363,0.07636584548527635,0.008909606378262797,0.1374868303922905,1.3448630474505399,0.20986078148809412,46.72370262870275,34.74234994951864,8.104628976911233,68.28912672667434,50.37935647150329,951.9852799724777,695.317111337978,153.8303431362499,930.957152458224,622.6560817109419,1451.9115606353107,459.28883240799814,1049.8213193208985,BLG15M,BCD.20,BLG15M,0.5228828837835686,0.39070303321843597,0.7787283771450458,0.5790391658253107,0.4282595852408182,0.7787283771450458,0.5790391658253107,0.13507714961518721,1.138152112111239,0.8396559411917216,15.866421332874628,11.588618522299633,2.5638390522708314,15.5159525409704,10.377601361849031,24.198526010588512,7.654813873466636,17.49702198868164
Suplesi Cicukanggantung,Suplesi,SS Kawung Luwuk,True,5.0,2146.492843628349,0.08350910336408048,247.0971222140312,105.94870143483095,77.53280369482015,163.9531202082584,118.77683642171543,True,0.25,143.0995229085566,0.025,0.00025,2.5,1.5,0.30931975714160276,0.7732993928540068,0.38271484863256044,0.21820189016041153,1.3803459087439005,0.14688299637701974,163.9531202082584,118.77683642171543,20.997717847090783,267.6930438669865,192.0669790389278,1340.196904387159,977.6552104341015,209.6426635900254,1319.343307087457,874.9768818872467,2054.2383992199166,644.7700491993317,1483.4089061596392,BKL.4,BLG2,BKL.4,1.765811690580516,1.2922133949136692,2.7325520034709734,1.9796139403619237,2.3849920484759433,2.7325520034709734,1.9796139403619237,0.3499619641181797,4.461550731116442,3.201116317315463,22.33661507311932,16.294253507235023,3.4940443931670897,21.989055118124284,14.582948031454112,34.23730665366528,10.746167486655528,24.723481769327318
SS Kawung Luwuk,Sekunder,SS Leuwigoong,True,4.0,4342.617571470593,0.08043464312916197,297.5454212292744,177.74507176848803,131.3905950896195,270.9822068351256,198.30361262392668,False,0.26709118790425374,270.9822068351256,0.027,0.0005,2.0,1.5,0.2933308681862342,0.5866617363724684,0.3011504938081147,0.26709118790425374,1.366501614617735,0.18819026427354357,270.9822068351256,198.30361262392668,42.91923158359599,402.9229214442939,291.8999642713164,1176.2437841789006,858.8783740123861,188.64494574293462,1176.2437841789006,769.0281804524158,1786.5453553529303,567.2372455045115,1291.3419271207115,BLG2,BCD.20,BLG2,2.9624178628081337,2.189843251493658,4.51637011391876,3.305060210398778,4.51637011391876,4.51637011391876,3.305060210398778,0.7153205263932665,6.715382024071564,4.86499940452194,19.604063069648344,14.314639566873101,3.14408242904891,19.604063069648344,12.817136340873596,29.77575592254884,9.453954091741858,21.522365452011858
SS Ranca Ucing,Sekunder,SS Parigi,True,7.0,1454.8751443766023,0.016289866276783138,69.25537608853593,88.76732081368121,65.61752171337544,135.33069721484932,99.03442174318685,True,0.25,96.99167629177349,0.027,0.0005,2.0,1.5,0.16117053966597508,0.32234107933195016,0.09091579999677576,0.17917530591339284,1.3665016146182478,0.17031456940464185,135.33069721484932,99.03442174318685,19.694524896073304,201.22295304826696,145.77719379867784,1438.8935393103163,1051.4265067084182,231.85148068812697,1400.5545183872405,941.7590206502057,2176.3422017244256,695.0774102717714,1574.296677557881,BPG3,BPG4,BPG3,1.4794553468946867,1.0936253618895906,2.2555116202474887,1.650573695719781,1.6165279381962248,2.2555116202474887,1.650573695719781,0.32824208160122176,3.3537158841377828,2.4296198966446307,23.981558988505274,17.52377511180697,3.864191344802116,23.34257530645401,15.695983677503428,36.272370028740426,11.584623504529524,26.238277959298014
RU.1.Ka,Tersier,SS Ranca Ucing,True,8.0,581.1024695311257,0.0015391597501624504,7.270715667074319,44.675330662576776,33.3818293565263,66.53487582830681,49.47334671323248,True,0.25,38.740164635408384,0.03,0.0015,1.2,1.0,0.06932732584040556,0.08319279100848667,0.01057381183799988,0.14556337617348736,1.3448630474499703,0.2128771468379101,66.53487582830681,49.47334671323248,11.677814664470251,97.24418895671188,71.7405521941907,1505.4284151386232,1100.8998534216507,243.52929535259722,1439.2946830226488,986.4343513127825,2273.5863906811373,728.4592396282977,1646.0372297520717,BRU1,BPG3,BRU1,0.7445888443762796,0.5563638226087717,1.1089145971384469,0.8245557785538746,0.6456694105901397,1.1089145971384469,0.8245557785538746,0.19463024440783752,1.6207364826118646,1.1956758699031782,25.09047358564372,18.348330890360845,4.058821589209954,23.988244717044147,16.44057252187971,37.893106511352286,12.140987327138296,27.433953829201194
SS Citikey Kanan,Sekunder,Suplesi Cicukanggantung,True,6.0,2410.672466978415,0.020719996345176853,76.68139002731057,138.49929309164426,102.37979797556399,211.14984350149723,154.51854666156484,True,0.25,160.711497798561,0.027,0.0005,2.0,1.5,0.176385434130392,0.352770868260784,0.108891374806784,0.19028133662507477,1.3665016146182725,0.17289455277373508,211.14984350149723,154.51854666156484,31.12526840038797,313.9582956378106,227.44899930457234,1551.3467478886564,1132.1737570956664,240.76793199041336,1480.054804886018,1013.476174978891,2368.1966948577274,747.1498471748956,1710.8579054642114,BCT0,BKL.4,BCT0,2.3083215515274045,1.7063299662593998,3.519164058358287,2.5753091110260806,2.67852496330935,3.519164058358287,2.5753091110260806,0.5187544733397995,5.232638260630177,3.7908166550762057,25.855779131477608,18.869562618261106,4.012798866506889,24.667580081433634,16.891269582981515,39.46994491429545,12.452497452914928,28.514298424403524
SS Parigi,Sekunder,SS Cinanti,True,6.0,3432.47831684157,0.09237907506096223,392.6538813570186,135.71291151098288,100.3200821679308,206.90185044998893,151.40988363041168,False,0.2764981164882693,206.90185044998893,0.027,0.0005,2.0,1.5,0.30896315693373205,0.6179263138674641,0.3341038131986028,0.2764981164882693,1.3665016146173912,0.18982582958489813,206.90185044998893,151.40988363041168,33.00929802307443,307.64196295095564,222.87309362242115,1303.562842095467,952.3920849652313,212.15695579205365,1303.562842095467,852.9916998365245,1975.1192486761588,629.459888558396,1428.519483759203,BPG4,BCN -6M,BPG4,2.2618818585163813,1.6720013694655134,3.4483641741664823,2.5234980605068613,3.4483641741664823,3.4483641741664823,2.5234980605068613,0.5501549670512405,5.127366049182594,3.714551560373686,21.726047368257785,15.87320141608719,3.535949263200894,21.726047368257785,14.216528330608742,32.91865414460265,10.490998142639933,23.808658062653382
RU.4.Ka,Tersier,SS Ranca Ucing,True,8.0,900.6227085245637,0.0026064621627808634,12.312461575588287,60.696830850866704,45.35324573752252,90.39566230266442,67.21551497316956,True,0.25,60.04151390163758,0.03,0.0015,1.2,1.0,0.08446802623082036,0.10136163147698443,0.015696664401727227,0.16605197741846695,1.3448630474489065,0.22000219999283152,90.39566230266442,67.21551497316956,16.30099074945282,132.1179720619179,97.46820218449483,1529.2892016129808,1118.6420216815877,248.15247143757978,1460.596032288878,1002.4558515010724,2308.4601737863436,740.430656009294,1671.7648797423758,BRU.4,BPG3,BRU.4,1.0116138475144452,0.7558874289587086,1.5065943717110737,1.1202585828861593,1.0006918983606263,1.5065943717110737,1.1202585828861593,0.271683179157547,2.201966201031965,1.6244700364082472,25.488153360216348,18.644033694693128,4.135874523959663,24.343267204814634,16.707597525017874,38.47433622977239,12.340510933488234,27.862747995706265
SS Citikey Kiri,Sekunder,Suplesi Cicukanggantung,True,6.0,6304.301617086587,0.04608728634608753,170.41573218672062,296.5845108963168,219.2376699579955,452.15951405100355,330.8883862368459,True,0.25,420.2867744724391,0.027,0.0005,2.0,1.5,0.2380452483515661,0.4760904967031322,0.19832939091965573,0.23237749146699962,1.3665016146180278,0.18175266059067655,452.15951405100355,330.8883862368459,69.54178943763121,672.3151106046979,487.0627763270904,1792.3564184381626,1308.5435966709474,279.1844530276566,1739.630081559896,1171.5613927835634,2726.5535098246146,864.0077191573272,1970.4716824867296,BCT0,BKL.4,BCT0,4.94307518160528,3.653961165966592,7.5359919008500595,5.5148064372807655,7.004779574540652,7.5359919008500595,5.5148064372807655,1.1590298239605201,11.205251843411633,8.11771293878484,29.872606973969376,21.80905994451579,4.65307421712761,28.993834692664937,19.52602321305939,45.44255849707691,14.40012865262212,32.84119470811216
Inlet Situ Bagendit,Sekunder,SI Copong,True,1.0,792.6508736429622,0.0,0.0,,,,,,,,,,,,,,,,,,,,,,,,,,,,,,,BCP.3,Talang,BCP.3,,,,,,,,,,,,,,,,,,
CP.Ki.1,Tersier,SI Copong Kiri,True,2.0,444.95330467908303,0.004533182965785335,21.41131262717572,26.11256918024673,19.51155851580547,38.889394262976424,28.916992207305235,True,0.25,29.663553645272202,0.03,0.0015,1.2,1.0,0.1039499488298561,0.12473993859582731,0.02377230209580534,0.19069179533038247,1.344863047449032,0.22774508474758443,38.889394262976424,28.916992207305235,7.2139310531425975,56.83887671000986,41.93209326970871,296.63682811558317,215.64369036299834,44.63562184939784,287.4109874978789,192.67241189721474,477.67377774310177,141.3993345237509,343.8767644792465,BCP.Ki.1,BCP.3,BCP.Ki.1,0.4352094863374455,0.3251926419300911,0.6481565710496071,0.4819498701217539,0.4943925607545367,0.6481565710496071,0.4819498701217539,0.12023218421904329,0.9473146118334977,0.6988682211618118,4.9439471352597195,3.5940615060499725,0.7439270308232974,4.790183124964648,3.211206864953579,7.961229629051696,2.3566555753958482,5.731279407987442
SS Copong Kanan,Sekunder,SI Copong Kanan,True,57.0,3525.226708597409,0.4831449597564513,2035.1022048482523,92.16678875282946,68.13043591726723,140.51337437742913,102.82708258395559,False,0.4181365563025094,140.51337437742913,0.027,0.0005,2.0,1.5,0.5745735574676464,1.1491471149352928,1.1554717052935937,0.4181365563025094,1.3665016146179554,0.21050469993047727,140.51337437742913,102.82708258395559,24.435035825336595,208.92906573971692,151.35993406888156,904.511695765187,656.3103193204731,135.1508992031652,904.511695765187,585.8727331508693,1456.340739892506,429.4223210616777,1046.3648561660025,B.CP.Ka.17,BCP.3,B.CP.Ka.17,1.536113145880491,1.1355072652877873,2.341889572957152,1.7137847097325931,2.341889572957152,2.341889572957152,1.7137847097325931,0.40725059708894323,3.4821510956619486,2.5226655678146925,15.075194929419784,10.938505322007886,2.25251498671942,15.075194929419784,9.764545552514488,24.2723456648751,7.157038684361295,17.439414269433374
CO.3,Tersier,SS Cikondang,True,61.0,317.36330177146783,0.0048835958598866915,23.849797787889518,18.281328622645468,13.659981547776443,27.22634420035944,20.244696478192658,True,0.25,21.157553451431188,0.03,0.0015,1.2,1.0,0.10689329283206984,0.1282719513984838,0.02513758731546179,0.19427464531899835,1.3448630474498509,0.22880738727967218,27.22634420035944,20.244696478192658,5.0696217699767665,39.79272114150133,29.356528329634344,1197.169028118264,870.7962704839426,181.7810034166441,1172.9598115528888,778.2579285542984,1890.8022861108118,571.7812895132017,1361.641618385379,B.CO 3,B.CK.9,B.CO 3,0.30468881037742446,0.2276663591296074,0.45377240333932395,0.3374116079698776,0.3526258908571865,0.45377240333932395,0.3374116079698776,0.08449369616627944,0.6632120190250222,0.4892754721605724,19.952817135304397,14.513271174732377,3.0296833902774014,19.549330192548148,12.970965475904972,31.513371435180197,9.529688158553363,22.69402697308965
SS Sawah Bera,Tersier,SS Parigi,True,7.0,5581.595219004993,0.028775630268032388,135.8791388971175,206.3659807410294,154.19861144671088,307.34042032044357,228.52915834304324,False,0.30268256575696706,307.34042032044357,0.03,0.0015,1.2,1.0,0.2078774489559489,0.24945293874713867,0.0950686743257529,0.30268256575696706,1.3448630474501522,0.25563061359648137,307.34042032044357,228.52915834304324,62.57064727378803,449.1940435088512,331.38667790222627,1610.9032624159106,1180.9212433082746,274.72760306584166,1610.9032624159106,1059.357680577554,2424.31329218501,783.6585000051068,1759.9061616614292,BPG7,BPG4,BPG7,3.43943301235049,2.5699768574451816,5.12234033867406,3.808819305717387,5.12234033867406,5.12234033867406,3.808819305717387,1.0428441212298005,7.486567391814187,5.523111298370438,26.84838770693184,19.682020721804577,4.5787933844306945,26.84838770693184,17.655961342959234,40.40522153641684,13.060975000085113,29.33176936102382
SS Situ Bagendit,Sekunder,SS Parigi,True,7.0,3927.807329985037,0.020746991863387996,88.20409114690122,225.58912501861602,166.7573063321215,343.92311599599213,251.6814560018892,True,0.25,261.8538219990025,0.027,0.0005,2.0,1.5,0.1764715769825505,0.352943153965101,0.10899776118947888,0.1903432844581272,1.366501614618006,0.17290862290765893,343.92311599599213,251.6814560018892,50.70068649129525,511.37861879486104,370.4713547201816,1647.485958091459,1204.0735409671206,262.8576422833489,1565.4166640944695,1078.5808248551405,2486.49786747102,796.2171948905175,1798.9908384793846,BPG0,BPG4,BPG0,3.759818750310267,2.7792884388686914,5.732051933266535,4.19469093336482,4.364230366650042,5.732051933266535,4.19469093336482,0.8450114415215875,8.52297697991435,6.174522578669693,27.458099301524317,20.06789234945201,4.380960704722482,26.090277734907826,17.97634708091901,41.441631124517,13.270286581508625,29.983180641323077
BG.1.Ki,Tersier,SS Situ Bagendit,True,8.0,271.1106669010287,0.0024128395047051197,11.397760268477484,18.62732429692483,13.918512786067557,27.741634829077558,20.627851201407214,True,0.25,18.07404446006858,0.03,0.0015,1.2,1.0,0.08205805615119365,0.09846966738143237,0.014813754074487389,0.1628783286513829,1.3448630474503833,0.21894338933412025,27.741634829077558,20.627851201407214,4.982879113414541,40.545845253373024,29.912135201738568,1675.2275929205366,1224.7013921685277,267.84052139676345,1583.490708554538,1097.2081491520653,2527.043712724393,810.1357076765851,1828.902973681123,BBG1,BPG0,BBG1,0.3104554049487472,0.23197521310112595,0.46236058048462597,0.3437975200234536,0.30123407433447635,0.46236058048462597,0.3437975200234536,0.08304798522357569,0.6757640875562171,0.4985355866956428,27.920459882008945,20.411689869475463,4.464008689946057,26.3915118092423,18.286802485867756,42.11739521207322,13.502261794609751,30.48171622801872
SS Cinanti,Sekunder,CN.6M,True,5.0,4787.803351743152,0.1363237760674273,579.495800067659,171.7513543083659,126.95999065112245,261.84445258782023,191.61664339584453,False,0.3047485701546014,261.84445258782023,0.027,0.0005,2.0,1.5,0.35750403109198425,0.7150080621839685,0.44733196286456456,0.3047485701546014,1.366501614616524,0.1944991382062618,261.84445258782023,191.61664339584453,42.63587870720361,389.336012252856,282.05684516204013,1096.6609916454781,800.9822013348196,179.14765776897923,1096.6609916454781,717.2787883255417,1667.4772857252033,529.1398063904652,1205.6463901367817,BCN -6M,B.C.1.M,BCN -6M,2.8625225718060983,2.115999844185374,4.364074209797004,3.1936107232640754,4.364074209797004,4.364074209797004,3.1936107232640754,0.7105979784533935,6.4889335375476,4.700947419367336,18.277683194091303,13.349703355580326,2.985794296149654,18.277683194091303,11.95464647209236,27.791288095420054,8.81899677317442,20.094106502279697
Suplesi Situ Rancakukuk,Suplesi,SS Cinanti,True,6.0,955.2095099009356,0.0,0.0,,,,,,,,,,,,,,,,,,,,,,,,,,,,,,,BCN.1,BCN -6M,BCN.1,,,,,,,,,,,,,,,,,,
CP.1-1.Ka,Tersier,,False,,1456.4309374473607,0.031744365416604595,149.98504074749007,52.542316015441386,39.26011517344544,78.25116053919798,58.18522613703655,False,0.3102043316699007,78.25116053919798,0.03,0.0015,1.2,1.0,0.21567413032533084,0.25880895639039697,0.10233372708149313,0.3102043316699007,1.3448630474495806,0.2572041521459221,78.25116053919798,58.18522613703655,16.008953968665217,114.36814973837174,84.37351685159038,,,,,,,,,,Bendung Copong,CP.1-1.Ka,0.8757052669240231,0.6543352528907573,1.304186008986633,0.9697537689506092,1.304186008986633,1.304186008986633,0.9697537689506092,0.26681589947775364,1.9061358289728623,1.4062252808598397,,,,,,,,
CP.2.Ka,Tersier,SI Copong,True,1.0,1237.8923315567592,0.01594325316026596,75.3271225828247,53.048684165995404,39.63847824186436,79.00529355893954,58.74597692958231,False,0.261141221428255,79.00529355893954,0.03,0.0015,1.2,1.0,0.16658635095931265,0.1999036211511752,0.061052227117066434,0.261141221428255,1.3448630474498993,0.2463683237052215,79.00529355893954,58.74597692958231,15.616893792752064,115.4703544536775,85.18665309918174,239.95116332336062,175.34419245278872,39.48741248453674,239.95116332336062,157.05406010016392,378.25333607873415,115.74916469966004,273.73071346930703,BCP.2,Talang,BCP.2,0.8841447360999234,0.6606413040310727,1.3167548926489923,0.9790996154930386,1.3167548926489923,1.3167548926489923,0.9790996154930386,0.26028156321253443,1.9245059075612916,1.419777551653029,3.9991860553893437,2.9224032075464788,0.6581235414089457,3.9991860553893437,2.6175676683360654,6.304222267978902,1.929152744994334,4.562178557821784
CP.1.Ka,Tersier,SI Copong,True,1.0,1007.8624065183768,0.02555904639982023,120.75888163512332,38.38407362102118,28.680942628125955,57.16531997151039,42.50642478425487,False,0.29384435849703616,57.16531997151039,0.03,0.0015,1.2,1.0,0.19883933601127665,0.23860720321353196,0.08698157939989183,0.29384435849703616,1.3448630474488985,0.2537437477800701,57.16531997151039,42.50642478425487,11.569623025679443,83.5500947116131,61.63792402194648,218.11118973593148,159.10464030746127,35.44014171746412,218.11118973593148,142.38944955518969,346.33307633666976,104.79162908592164,250.1819843920718,BCP.1,Talang,BCP.1,0.639734560350353,0.4780157104687659,0.9527553328585066,0.7084404130709144,0.9527553328585066,0.9527553328585066,0.7084404130709144,0.1928270504279907,1.392501578526885,1.027298733699108,3.635186495598858,2.6517440051243546,0.5906690286244021,3.635186495598858,2.3731574925864947,5.772217938944496,1.7465271514320273,4.1696997398678635
CP.3.Ka.1,Tersier,SI Copong,True,1.0,39.84424138209709,0.006149555247469376,29.054816937263706,2.16665924622141,1.618948268730503,3.226801050413974,2.3993528980765815,True,0.25,2.6562827588064724,0.03,0.0015,1.2,1.0,0.11654387451208605,0.13985264941450326,0.02988144430983549,0.20579846086774484,1.3448630474494636,0.23212747183443674,3.226801050413974,2.3993528980765815,0.6079153229414798,4.716137922642279,3.4792653671566836,164.17267081483504,118.99756842128299,24.478434014726158,163.60215252322755,106.17203518038993,267.49911954769897,77.72963472652619,192.023325737282,BCP.3,Talang,BCP.3,0.0361109874370235,0.026982471145508384,0.05378001750689956,0.039989214967943026,0.0442713793134412,0.05378001750689956,0.039989214967943026,0.010131922049024663,0.07860229871070465,0.05798775611927806,2.736211180247251,1.983292807021383,0.40797390024543595,2.7267025420537925,1.7695339196731654,4.458318659128316,1.2954939121087699,3.2003887622880334
CR.4.Ka,Tersier,SS Cibunar,True,63.0,967.2432779676664,0.009307223780058644,42.18816337442174,47.42055801252725,35.43308918118797,70.6233371366062,52.513404447076226,True,0.25,64.48288519784442,0.03,0.0015,1.2,1.0,0.1361383931685492,0.16336607180225904,0.04077405660793186,0.2282633751542909,1.3448630474487981,0.23821827168481868,70.6233371366062,52.513404447076226,13.587078868093938,103.21968825774648,76.1488939582873,1667.3312219753998,1215.3699156413088,253.21528481096487,1547.1114045591557,1087.3248039395112,2588.7856085468284,800.4791778081437,1868.1422001215108,B.CR 4,B.CB.6,B.CR 4,0.7903426335421209,0.5905514863531328,1.1770556189434367,0.8752234074512705,1.074714753297407,1.1770556189434367,0.8752234074512705,0.2264513144682323,1.720328137629108,1.2691482326381218,27.788853699589996,20.25616526068848,4.220254746849415,25.78519007598593,18.12208006565852,43.146426809113805,13.341319630135729,31.135703335358514
