<?xml version="1.0" encoding="UTF-8"?>
<kml xmlns="http://www.opengis.net/kml/2.2"><Document>
<name>Kontur 2 m - SWH-TRRC-01</name>
<Style id="k"><LineStyle><color>ff00d2ff</color><width>1.6</width></LineStyle></Style>
<Placemark><name>574 m</name><styleUrl>#k</styleUrl><LineString><tessellate>1</tessellate><coordinates>115.1412135,-8.3721674,0 115.1412111,-8.3721731,0 115.1411976,-8.3722156,0 115.1411875,-8.3722581,0 115.1411784,-8.3723005,0 115.1411706,-8.3723360,0 115.1411688,-8.3723430,0 115.1411584,-8.3723854,0 115.1411510,-8.3724279,0 115.1411498,-8.3724703,0 115.1411563,-8.3725128,0 115.1411673,-8.3725553,0 115.1411706,-8.3725659,0 115.1411801,-8.3725977,0 115.1411941,-8.3726402,0 115.1412105,-8.3726826,0 115.1412135,-8.3726894,0</coordinates></LineString></Placemark>
<Placemark><name>576 m</name><styleUrl>#k</styleUrl><LineString><tessellate>1</tessellate><coordinates>115.1412135,-8.3720258,0 115.1411977,-8.3720458,0 115.1411706,-8.3720865,0 115.1411694,-8.3720882,0 115.1411474,-8.3721307,0 115.1411334,-8.3721731,0 115.1411277,-8.3721967,0 115.1411221,-8.3722156,0 115.1411104,-8.3722581,0 115.1410970,-8.3723005,0 115.1410848,-8.3723341,0 115.1410806,-8.3723430,0 115.1410639,-8.3723854,0 115.1410544,-8.3724279,0 115.1410536,-8.3724703,0 115.1410611,-8.3725128,0 115.1410754,-8.3725553,0 115.1410848,-8.3725775,0 115.1410922,-8.3725977,0 115.1411070,-8.3726402,0 115.1411193,-8.3726826,0 115.1411277,-8.3727133,0 115.1411309,-8.3727251,0 115.1411443,-8.3727676,0 115.1411603,-8.3728100,0 115.1411706,-8.3728377,0 115.1411762,-8.3728525,0 115.1411866,-8.3728949,0 115.1411885,-8.3729374,0 115.1411823,-8.3729798,0 115.1411706,-8.3730191,0 115.1411697,-8.3730223,0 115.1411557,-8.3730648,0 115.1411442,-8.3731072,0 115.1411395,-8.3731497,0 115.1411441,-8.3731921,0 115.1411579,-8.3732346,0 115.1411706,-8.3732598,0 115.1411819,-8.3732770,0 115.1412135,-8.3733141,0</coordinates></LineString></Placemark>
<Placemark><name>578 m</name><styleUrl>#k</styleUrl><LineString><tessellate>1</tessellate><coordinates>115.1412135,-8.3718832,0 115.1411898,-8.3719184,0 115.1411706,-8.3719436,0 115.1411560,-8.3719609,0 115.1411277,-8.3719941,0 115.1411192,-8.3720033,0 115.1410848,-8.3720454,0 115.1410845,-8.3720458,0 115.1410524,-8.3720882,0 115.1410418,-8.3721059,0 115.1410233,-8.3721307,0 115.1409989,-8.3721687,0 115.1409953,-8.3721731,0 115.1409651,-8.3722156,0 115.1409560,-8.3722311,0 115.1409427,-8.3722581,0 115.1409293,-8.3723005,0 115.1409231,-8.3723430,0 115.1409225,-8.3723854,0 115.1409264,-8.3724279,0 115.1409336,-8.3724703,0 115.1409441,-8.3725128,0 115.1409560,-8.3725498,0 115.1409577,-8.3725553,0 115.1409754,-8.3725977,0 115.1409960,-8.3726402,0 115.1409989,-8.3726462,0 115.1410158,-8.3726826,0 115.1410325,-8.3727251,0 115.1410418,-8.3727518,0 115.1410471,-8.3727676,0 115.1410624,-8.3728100,0 115.1410786,-8.3728525,0 115.1410848,-8.3728702,0 115.1410935,-8.3728949,0 115.1411026,-8.3729374,0 115.1411023,-8.3729798,0 115.1410936,-8.3730223,0 115.1410848,-8.3730544,0 115.1410819,-8.3730648,0 115.1410721,-8.3731072,0 115.1410682,-8.3731497,0 115.1410718,-8.3731921,0 115.1410802,-8.3732346,0 115.1410848,-8.3732515,0 115.1410929,-8.3732770,0 115.1411094,-8.3733195,0 115.1411277,-8.3733571,0 115.1411310,-8.3733620,0 115.1411687,-8.3734044,0 115.1411706,-8.3734061,0 115.1412135,-8.3734365,0</coordinates></LineString></Placemark>
<Placemark><name>580 m</name><styleUrl>#k</styleUrl><LineString><tessellate>1</tessellate><coordinates>115.1412135,-8.3717108,0 115.1411849,-8.3717486,0 115.1411706,-8.3717709,0 115.1411578,-8.3717910,0 115.1411309,-8.3718335,0 115.1411277,-8.3718382,0 115.1410979,-8.3718759,0 115.1410848,-8.3718908,0 115.1410567,-8.3719184,0 115.1410418,-8.3719325,0 115.1410087,-8.3719609,0 115.1409989,-8.3719697,0 115.1409579,-8.3720033,0 115.1409560,-8.3720049,0 115.1409131,-8.3720381,0 115.1409027,-8.3720458,0 115.1408702,-8.3720721,0 115.1408527,-8.3720882,0 115.1408273,-8.3721206,0 115.1408214,-8.3721307,0 115.1408089,-8.3721731,0 115.1408047,-8.3722156,0 115.1408036,-8.3722581,0 115.1408019,-8.3723005,0 115.1407984,-8.3723430,0 115.1407960,-8.3723854,0 115.1407976,-8.3724279,0 115.1408067,-8.3724703,0 115.1408227,-8.3725128,0 115.1408273,-8.3725223,0 115.1408444,-8.3725553,0 115.1408663,-8.3725977,0 115.1408702,-8.3726049,0 115.1408899,-8.3726402,0 115.1409131,-8.3726813,0 115.1409139,-8.3726826,0 115.1409385,-8.3727251,0 115.1409560,-8.3727600,0 115.1409597,-8.3727676,0 115.1409778,-8.3728100,0 115.1409936,-8.3728525,0 115.1409989,-8.3728696,0 115.1410071,-8.3728949,0 115.1410164,-8.3729374,0 115.1410183,-8.3729798,0 115.1410130,-8.3730223,0 115.1410053,-8.3730648,0 115.1409999,-8.3731072,0 115.1410001,-8.3731497,0 115.1410061,-8.3731921,0 115.1410151,-8.3732346,0 115.1410248,-8.3732770,0 115.1410336,-8.3733195,0 115.1410416,-8.3733620,0 115.1410418,-8.3733632,0 115.1410536,-8.3734044,0 115.1410748,-8.3734469,0 115.1410848,-8.3734591,0 115.1411197,-8.3734893,0 115.1411277,-8.3734946,0 115.1411706,-8.3735157,0 115.1412071,-8.3735318,0 115.1412135,-8.3735346,0</coordinates></LineString></Placemark>
<Placemark><name>582 m</name><styleUrl>#k</styleUrl><LineString><tessellate>1</tessellate><coordinates>115.1412135,-8.3712646,0 115.1412032,-8.3712815,0 115.1411838,-8.3713240,0 115.1411715,-8.3713664,0 115.1411706,-8.3713714,0 115.1411642,-8.3714089,0 115.1411590,-8.3714514,0 115.1411529,-8.3714938,0 115.1411417,-8.3715363,0 115.1411277,-8.3715671,0 115.1411214,-8.3715787,0 115.1410949,-8.3716212,0 115.1410848,-8.3716407,0 115.1410750,-8.3716636,0 115.1410593,-8.3717061,0 115.1410428,-8.3717486,0 115.1410418,-8.3717502,0 115.1410176,-8.3717910,0 115.1409989,-8.3718126,0 115.1409782,-8.3718335,0 115.1409560,-8.3718519,0 115.1409234,-8.3718759,0 115.1409131,-8.3718832,0 115.1408702,-8.3719137,0 115.1408646,-8.3719184,0 115.1408273,-8.3719485,0 115.1408150,-8.3719609,0 115.1407844,-8.3719899,0 115.1407731,-8.3720033,0 115.1407414,-8.3720425,0 115.1407393,-8.3720458,0 115.1407179,-8.3720882,0 115.1407081,-8.3721307,0 115.1407093,-8.3721731,0 115.1407155,-8.3722156,0 115.1407218,-8.3722581,0 115.1407249,-8.3723005,0 115.1407245,-8.3723430,0 115.1407235,-8.3723854,0 115.1407243,-8.3724279,0 115.1407297,-8.3724703,0 115.1407408,-8.3725128,0 115.1407414,-8.3725144,0 115.1407596,-8.3725553,0 115.1407813,-8.3725977,0 115.1407844,-8.3726034,0 115.1408054,-8.3726402,0 115.1408273,-8.3726793,0 115.1408292,-8.3726826,0 115.1408533,-8.3727251,0 115.1408702,-8.3727569,0 115.1408759,-8.3727676,0 115.1408952,-8.3728100,0 115.1409106,-8.3728525,0 115.1409131,-8.3728620,0 115.1409218,-8.3728949,0 115.1409292,-8.3729374,0 115.1409319,-8.3729798,0 115.1409307,-8.3730223,0 115.1409288,-8.3730648,0 115.1409290,-8.3731072,0 115.1409332,-8.3731497,0 115.1409416,-8.3731921,0 115.1409519,-8.3732346,0 115.1409560,-8.3732535,0 115.1409610,-8.3732770,0 115.1409665,-8.3733195,0 115.1409677,-8.3733620,0 115.1409682,-8.3734044,0 115.1409733,-8.3734469,0 115.1409920,-8.3734893,0 115.1409989,-8.3734977,0 115.1410309,-8.3735318,0 115.1410418,-8.3735415,0 115.1410848,-8.3735740,0 115.1410851,-8.3735743,0 115.1411277,-8.3735998,0 115.1411636,-8.3736167,0 115.1411706,-8.3736214,0 115.1412135,-8.3736584,0</coordinates></LineString></Placemark>
<Placemark><name>584 m</name><styleUrl>#k</styleUrl><LineString><tessellate>1</tessellate><coordinates>115.1412135,-8.3711199,0 115.1411861,-8.3711541,0 115.1411706,-8.3711735,0 115.1411518,-8.3711966,0 115.1411277,-8.3712286,0 115.1411202,-8.3712391,0 115.1410955,-8.3712815,0 115.1410848,-8.3713082,0 115.1410785,-8.3713240,0 115.1410658,-8.3713664,0 115.1410534,-8.3714089,0 115.1410418,-8.3714379,0 115.1410361,-8.3714514,0 115.1410105,-8.3714938,0 115.1409989,-8.3715098,0 115.1409799,-8.3715363,0 115.1409560,-8.3715694,0 115.1409493,-8.3715787,0 115.1409225,-8.3716212,0 115.1409131,-8.3716387,0 115.1408985,-8.3716636,0 115.1408725,-8.3717061,0 115.1408702,-8.3717094,0 115.1408437,-8.3717486,0 115.1408273,-8.3717678,0 115.1408122,-8.3717910,0 115.1407844,-8.3718282,0 115.1407815,-8.3718335,0 115.1407555,-8.3718759,0 115.1407414,-8.3718959,0 115.1407283,-8.3719184,0 115.1406993,-8.3719609,0 115.1406985,-8.3719619,0 115.1406713,-8.3720033,0 115.1406556,-8.3720301,0 115.1406471,-8.3720458,0 115.1406314,-8.3720882,0 115.1406260,-8.3721307,0 115.1406308,-8.3721731,0 115.1406412,-8.3722156,0 115.1406527,-8.3722581,0 115.1406556,-8.3722727,0 115.1406606,-8.3723005,0 115.1406640,-8.3723430,0 115.1406658,-8.3723854,0 115.1406679,-8.3724279,0 115.1406725,-8.3724703,0 115.1406809,-8.3725128,0 115.1406931,-8.3725553,0 115.1406985,-8.3725704,0 115.1407097,-8.3725977,0 115.1407291,-8.3726402,0 115.1407414,-8.3726663,0 115.1407498,-8.3726826,0 115.1407710,-8.3727251,0 115.1407844,-8.3727532,0 115.1407914,-8.3727676,0 115.1408092,-8.3728100,0 115.1408234,-8.3728525,0 115.1408273,-8.3728680,0 115.1408339,-8.3728949,0 115.1408417,-8.3729374,0 115.1408473,-8.3729798,0 115.1408515,-8.3730223,0 115.1408553,-8.3730648,0 115.1408598,-8.3731072,0 115.1408661,-8.3731497,0 115.1408702,-8.3731696,0 115.1408748,-8.3731921,0 115.1408841,-8.3732346,0 115.1408915,-8.3732770,0 115.1408936,-8.3733195,0 115.1408886,-8.3733620,0 115.1408801,-8.3734044,0 115.1408736,-8.3734469,0 115.1408766,-8.3734893,0 115.1408996,-8.3735318,0 115.1409131,-8.3735450,0 115.1409446,-8.3735743,0 115.1409560,-8.3735839,0 115.1409922,-8.3736167,0 115.1409989,-8.3736248,0 115.1410295,-8.3736592,0 115.1410418,-8.3736801,0 115.1410569,-8.3737016,0 115.1410785,-8.3737441,0 115.1410848,-8.3737590,0 115.1410929,-8.3737865,0 115.1411036,-8.3738290,0 115.1411166,-8.3738715,0 115.1411277,-8.3738975,0 115.1411338,-8.3739139,0 115.1411612,-8.3739564,0 115.1411706,-8.3739659,0 115.1412076,-8.3739988,0 115.1412135,-8.3740034,0</coordinates></LineString></Placemark>
<Placemark><name>584 m</name><styleUrl>#k</styleUrl><LineString><tessellate>1</tessellate><coordinates>115.1407414,-8.3694115,0 115.1407401,-8.3694134,0 115.1407261,-8.3694558,0 115.1407243,-8.3694983,0 115.1407397,-8.3695407,0 115.1407414,-8.3695430,0 115.1407844,-8.3695832,0 115.1407844,-8.3695832,0 115.1408273,-8.3696022,0 115.1408702,-8.3696042,0 115.1409131,-8.3695870,0 115.1409166,-8.3695832,0 115.1409324,-8.3695407,0 115.1409238,-8.3694983,0 115.1409131,-8.3694782,0 115.1408950,-8.3694558,0 115.1408702,-8.3694271,0 115.1408529,-8.3694134,0 115.1408273,-8.3693949,0 115.1407844,-8.3693865,0 115.1407414,-8.3694115,0</coordinates></LineString></Placemark>
<Placemark><name>586 m</name><styleUrl>#k</styleUrl><LineString><tessellate>1</tessellate><coordinates>115.1412135,-8.3710129,0 115.1412024,-8.3710268,0 115.1411706,-8.3710655,0 115.1411674,-8.3710692,0 115.1411316,-8.3711117,0 115.1411277,-8.3711163,0 115.1410966,-8.3711541,0 115.1410848,-8.3711688,0 115.1410630,-8.3711966,0 115.1410418,-8.3712254,0 115.1410318,-8.3712391,0 115.1410055,-8.3712815,0 115.1409989,-8.3712952,0 115.1409847,-8.3713240,0 115.1409659,-8.3713664,0 115.1409560,-8.3713879,0 115.1409463,-8.3714089,0 115.1409224,-8.3714514,0 115.1409131,-8.3714647,0 115.1408934,-8.3714938,0 115.1408702,-8.3715238,0 115.1408605,-8.3715363,0 115.1408273,-8.3715770,0 115.1408259,-8.3715787,0 115.1407952,-8.3716212,0 115.1407844,-8.3716375,0 115.1407699,-8.3716636,0 115.1407484,-8.3717061,0 115.1407414,-8.3717203,0 115.1407303,-8.3717486,0 115.1407125,-8.3717910,0 115.1406985,-8.3718201,0 115.1406926,-8.3718335,0 115.1406707,-8.3718759,0 115.1406556,-8.3719011,0 115.1406450,-8.3719184,0 115.1406168,-8.3719609,0 115.1406127,-8.3719671,0 115.1405895,-8.3720033,0 115.1405698,-8.3720410,0 115.1405673,-8.3720458,0 115.1405526,-8.3720882,0 115.1405466,-8.3721307,0 115.1405494,-8.3721731,0 115.1405605,-8.3722156,0 115.1405698,-8.3722389,0 115.1405764,-8.3722581,0 115.1405904,-8.3723005,0 115.1406005,-8.3723430,0 115.1406074,-8.3723854,0 115.1406127,-8.3724259,0 115.1406129,-8.3724279,0 115.1406181,-8.3724703,0 115.1406249,-8.3725128,0 115.1406336,-8.3725553,0 115.1406444,-8.3725977,0 115.1406556,-8.3726360,0 115.1406570,-8.3726402,0 115.1406714,-8.3726826,0 115.1406868,-8.3727251,0 115.1406985,-8.3727577,0 115.1407024,-8.3727676,0 115.1407171,-8.3728100,0 115.1407300,-8.3728525,0 115.1407413,-8.3728949,0 115.1407414,-8.3728956,0 115.1407518,-8.3729374,0 115.1407625,-8.3729798,0 115.1407729,-8.3730223,0 115.1407823,-8.3730648,0 115.1407844,-8.3730754,0 115.1407901,-8.3731072,0 115.1407970,-8.3731497,0 115.1408031,-8.3731921,0 115.1408082,-8.3732346,0 115.1408102,-8.3732770,0 115.1408061,-8.3733195,0 115.1407954,-8.3733620,0 115.1407844,-8.3733956,0 115.1407813,-8.3734044,0 115.1407680,-8.3734469,0 115.1407574,-8.3734893,0 115.1407502,-8.3735318,0 115.1407468,-8.3735743,0 115.1407501,-8.3736167,0 115.1407677,-8.3736592,0 115.1407844,-8.3736837,0 115.1407981,-8.3737016,0 115.1408197,-8.3737441,0 115.1408273,-8.3737666,0 115.1408325,-8.3737865,0 115.1408466,-8.3738290,0 115.1408702,-8.3738680,0 115.1408729,-8.3738715,0 115.1409131,-8.3739035,0 115.1409301,-8.3739139,0 115.1409560,-8.3739288,0 115.1409931,-8.3739564,0 115.1409989,-8.3739616,0 115.1410322,-8.3739988,0 115.1410418,-8.3740102,0 115.1410708,-8.3740413,0 115.1410848,-8.3740542,0 115.1411243,-8.3740837,0 115.1411277,-8.3740863,0 115.1411706,-8.3741205,0 115.1411766,-8.3741262,0 115.1412093,-8.3741687,0 115.1412135,-8.3741774,0</coordinates></LineString></Placemark>
<Placemark><name>586 m</name><styleUrl>#k</styleUrl><LineString><tessellate>1</tessellate><coordinates>115.1412135,-8.3745092,0 115.1412099,-8.3745083,0 115.1411706,-8.3744977,0 115.1411277,-8.3744936,0 115.1410978,-8.3745083,0 115.1410848,-8.3745218,0 115.1410714,-8.3745508,0 115.1410714,-8.3745932,0 115.1410848,-8.3746156,0 115.1410949,-8.3746357,0 115.1411251,-8.3746782,0</coordinates></LineString></Placemark>
<Placemark><name>586 m</name><styleUrl>#k</styleUrl><LineString><tessellate>1</tessellate><coordinates>115.1409916,-8.3746782,0 115.1409560,-8.3746530,0 115.1409131,-8.3746399,0 115.1408881,-8.3746357,0 115.1408702,-8.3746332,0 115.1408273,-8.3746321,0 115.1407987,-8.3746357,0 115.1407844,-8.3746374,0 115.1407414,-8.3746524,0 115.1406985,-8.3746765,0 115.1406961,-8.3746782,0</coordinates></LineString></Placemark>
<Placemark><name>586 m</name><styleUrl>#k</styleUrl><LineString><tessellate>1</tessellate><coordinates>115.1406985,-8.3692320,0 115.1406716,-8.3692435,0 115.1406556,-8.3692528,0 115.1406278,-8.3692860,0 115.1406127,-8.3693159,0 115.1406082,-8.3693284,0 115.1405948,-8.3693709,0 115.1405799,-8.3694134,0 115.1405698,-8.3694383,0 115.1405632,-8.3694558,0 115.1405478,-8.3694983,0 115.1405327,-8.3695407,0 115.1405269,-8.3695563,0 115.1405171,-8.3695832,0 115.1404963,-8.3696257,0 115.1404839,-8.3696450,0 115.1404661,-8.3696681,0 115.1404410,-8.3696983,0 115.1404307,-8.3697106,0 115.1404095,-8.3697530,0 115.1404096,-8.3697955,0 115.1404400,-8.3698379,0 115.1404410,-8.3698386,0 115.1404839,-8.3698493,0 115.1405269,-8.3698508,0 115.1405698,-8.3698486,0 115.1406127,-8.3698465,0 115.1406556,-8.3698455,0 115.1406985,-8.3698439,0 115.1407414,-8.3698401,0 115.1407529,-8.3698379,0 115.1407844,-8.3698299,0 115.1408273,-8.3698117,0 115.1408537,-8.3697955,0 115.1408702,-8.3697845,0 115.1409079,-8.3697530,0 115.1409131,-8.3697495,0 115.1409560,-8.3697114,0 115.1409566,-8.3697106,0 115.1409935,-8.3696681,0 115.1409989,-8.3696609,0 115.1410173,-8.3696257,0 115.1410310,-8.3695832,0 115.1410354,-8.3695407,0 115.1410310,-8.3694983,0 115.1410188,-8.3694558,0 115.1410001,-8.3694134,0 115.1409989,-8.3694110,0 115.1409751,-8.3693709,0 115.1409560,-8.3693364,0 115.1409507,-8.3693284,0 115.1409218,-8.3692860,0 115.1409131,-8.3692744,0 115.1408754,-8.3692435,0 115.1408702,-8.3692398,0 115.1408273,-8.3692251,0 115.1407844,-8.3692212,0 115.1407414,-8.3692238,0 115.1406985,-8.3692320,0</coordinates></LineString></Placemark>
<Placemark><name>588 m</name><styleUrl>#k</styleUrl><LineString><tessellate>1</tessellate><coordinates>115.1412135,-8.3698928,0 115.1412090,-8.3698804,0 115.1411825,-8.3698379,0 115.1411706,-8.3698222,0 115.1411453,-8.3697955,0 115.1411277,-8.3697738,0 115.1411122,-8.3697530,0 115.1410992,-8.3697106,0 115.1410988,-8.3696681,0 115.1411014,-8.3696257,0 115.1411032,-8.3695832,0 115.1411027,-8.3695407,0 115.1410990,-8.3694983,0 115.1410916,-8.3694558,0 115.1410848,-8.3694314,0 115.1410788,-8.3694134,0 115.1410597,-8.3693709,0 115.1410418,-8.3693356,0 115.1410379,-8.3693284,0 115.1410140,-8.3692860,0 115.1409989,-8.3692585,0 115.1409897,-8.3692435,0 115.1409614,-8.3692011,0 115.1409560,-8.3691936,0 115.1409231,-8.3691586,0 115.1409131,-8.3691476,0 115.1408752,-8.3691162,0 115.1408702,-8.3691112,0 115.1408273,-8.3690792,0 115.1408154,-8.3690737,0 115.1407844,-8.3690566,0 115.1407414,-8.3690534,0 115.1406985,-8.3690698,0 115.1406928,-8.3690737,0 115.1406556,-8.3690940,0 115.1406206,-8.3691162,0 115.1406127,-8.3691207,0 115.1405698,-8.3691546,0 115.1405663,-8.3691586,0 115.1405387,-8.3692011,0 115.1405269,-8.3692281,0 115.1405212,-8.3692435,0 115.1405067,-8.3692860,0 115.1404909,-8.3693284,0 115.1404839,-8.3693466,0 115.1404747,-8.3693709,0 115.1404612,-8.3694134,0 115.1404513,-8.3694558,0 115.1404418,-8.3694983,0 115.1404410,-8.3695009,0 115.1404265,-8.3695407,0 115.1403989,-8.3695832,0 115.1403981,-8.3695841,0 115.1403552,-8.3696233,0 115.1403526,-8.3696257,0 115.1403169,-8.3696681,0 115.1403123,-8.3696774,0 115.1402994,-8.3697106,0 115.1402906,-8.3697530,0 115.1402870,-8.3697955,0 115.1402886,-8.3698379,0 115.1402981,-8.3698804,0 115.1403123,-8.3699071,0 115.1403259,-8.3699229,0 115.1403552,-8.3699411,0 115.1403981,-8.3699533,0 115.1404410,-8.3699555,0 115.1404839,-8.3699523,0 115.1405269,-8.3699475,0 115.1405698,-8.3699432,0 115.1406127,-8.3699412,0 115.1406556,-8.3699418,0 115.1406985,-8.3699446,0 115.1407414,-8.3699493,0 115.1407844,-8.3699564,0 115.1408208,-8.3699653,0 115.1408273,-8.3699670,0 115.1408702,-8.3699813,0 115.1409131,-8.3700018,0 115.1409246,-8.3700078,0 115.1409560,-8.3700226,0 115.1409989,-8.3700418,0 115.1410217,-8.3700502,0 115.1410418,-8.3700576,0 115.1410848,-8.3700699,0 115.1411277,-8.3700756,0 115.1411706,-8.3700663,0 115.1411908,-8.3700502,0 115.1412135,-8.3700217,0</coordinates></LineString></Placemark>
<Placemark><name>588 m</name><styleUrl>#k</styleUrl><LineString><tessellate>1</tessellate><coordinates>115.1412135,-8.3709037,0 115.1411859,-8.3709419,0 115.1411706,-8.3709619,0 115.1411523,-8.3709843,0 115.1411277,-8.3710139,0 115.1411169,-8.3710268,0 115.1410848,-8.3710664,0 115.1410826,-8.3710692,0 115.1410501,-8.3711117,0 115.1410418,-8.3711221,0 115.1410168,-8.3711541,0 115.1409989,-8.3711767,0 115.1409826,-8.3711966,0 115.1409560,-8.3712312,0 115.1409497,-8.3712391,0 115.1409214,-8.3712815,0 115.1409131,-8.3712970,0 115.1408988,-8.3713240,0 115.1408783,-8.3713664,0 115.1408702,-8.3713825,0 115.1408570,-8.3714089,0 115.1408313,-8.3714514,0 115.1408273,-8.3714570,0 115.1408010,-8.3714938,0 115.1407844,-8.3715149,0 115.1407684,-8.3715363,0 115.1407414,-8.3715731,0 115.1407377,-8.3715787,0 115.1407137,-8.3716212,0 115.1406985,-8.3716533,0 115.1406942,-8.3716636,0 115.1406781,-8.3717061,0 115.1406622,-8.3717486,0 115.1406556,-8.3717645,0 115.1406446,-8.3717910,0 115.1406236,-8.3718335,0 115.1406127,-8.3718524,0 115.1405978,-8.3718759,0 115.1405698,-8.3719161,0 115.1405680,-8.3719184,0 115.1405366,-8.3719609,0 115.1405269,-8.3719758,0 115.1405088,-8.3720033,0 115.1404871,-8.3720458,0 115.1404839,-8.3720544,0 115.1404706,-8.3720882,0 115.1404597,-8.3721307,0 115.1404545,-8.3721731,0 115.1404564,-8.3722156,0 115.1404672,-8.3722581,0 115.1404839,-8.3722924,0 115.1404878,-8.3723005,0 115.1405119,-8.3723430,0 115.1405269,-8.3723711,0 115.1405324,-8.3723854,0 115.1405462,-8.3724279,0 115.1405570,-8.3724703,0 115.1405660,-8.3725128,0 115.1405698,-8.3725320,0 115.1405739,-8.3725553,0 115.1405818,-8.3725977,0 115.1405902,-8.3726402,0 115.1405991,-8.3726826,0 115.1406084,-8.3727251,0 115.1406127,-8.3727451,0 115.1406183,-8.3727676,0 115.1406286,-8.3728100,0 115.1406386,-8.3728525,0 115.1406489,-8.3728949,0 115.1406556,-8.3729194,0 115.1406609,-8.3729374,0 115.1406755,-8.3729798,0 115.1406915,-8.3730223,0 115.1406985,-8.3730424,0 115.1407058,-8.3730648,0 115.1407166,-8.3731072,0 115.1407232,-8.3731497,0 115.1407252,-8.3731921,0 115.1407226,-8.3732346,0 115.1407151,-8.3732770,0 115.1407036,-8.3733195,0 115.1406985,-8.3733357,0 115.1406898,-8.3733620,0 115.1406762,-8.3734044,0 115.1406636,-8.3734469,0 115.1406556,-8.3734738,0 115.1406503,-8.3734893,0 115.1406348,-8.3735318,0 115.1406186,-8.3735743,0 115.1406127,-8.3735905,0 115.1406001,-8.3736167,0 115.1405816,-8.3736592,0 115.1405698,-8.3736900,0 115.1405641,-8.3737016,0 115.1405538,-8.3737441,0 115.1405611,-8.3737865,0 115.1405698,-8.3737973,0 115.1406034,-8.3738290,0 115.1406127,-8.3738343,0 115.1406556,-8.3738608,0 115.1406677,-8.3738715,0 115.1406985,-8.3739049,0 115.1407044,-8.3739139,0 115.1407326,-8.3739564,0 115.1407414,-8.3739676,0 115.1407733,-8.3739988,0 115.1407844,-8.3740072,0 115.1408273,-8.3740301,0 115.1408494,-8.3740413,0 115.1408702,-8.3740554,0 115.1408991,-8.3740837,0 115.1409131,-8.3741090,0 115.1409220,-8.3741262,0 115.1409364,-8.3741687,0 115.1409451,-8.3742111,0 115.1409475,-8.3742536,0 115.1409430,-8.3742960,0 115.1409294,-8.3743385,0 115.1409131,-8.3743678,0 115.1409063,-8.3743810,0 115.1408702,-8.3744234,0 115.1408702,-8.3744234,0 115.1408273,-8.3744555,0 115.1408121,-8.3744659,0 115.1407844,-8.3744827,0 115.1407490,-8.3745083,0 115.1407414,-8.3745135,0 115.1406985,-8.3745472,0 115.1406938,-8.3745508,0 115.1406556,-8.3745668,0 115.1406127,-8.3745802,0 115.1405698,-8.3745894,0 115.1405442,-8.3745932,0 115.1405269,-8.3745986,0 115.1404839,-8.3746114,0 115.1404410,-8.3746278,0 115.1404273,-8.3746357,0 115.1403981,-8.3746658,0 115.1403893,-8.3746782,0</coordinates></LineString></Placemark>
<Placemark><name>590 m</name><styleUrl>#k</styleUrl><LineString><tessellate>1</tessellate><coordinates>115.1412135,-8.3697039,0 115.1411932,-8.3696681,0 115.1411780,-8.3696257,0 115.1411706,-8.3695926,0 115.1411687,-8.3695832,0 115.1411622,-8.3695407,0 115.1411564,-8.3694983,0 115.1411493,-8.3694558,0 115.1411392,-8.3694134,0 115.1411277,-8.3693795,0 115.1411243,-8.3693709,0 115.1411035,-8.3693284,0 115.1410848,-8.3692936,0 115.1410804,-8.3692860,0 115.1410563,-8.3692435,0 115.1410418,-8.3692177,0 115.1410319,-8.3692011,0 115.1410055,-8.3691586,0 115.1409989,-8.3691482,0 115.1409754,-8.3691162,0 115.1409560,-8.3690875,0 115.1409449,-8.3690737,0 115.1409182,-8.3690312,0 115.1409131,-8.3690204,0 115.1408938,-8.3689888,0 115.1408702,-8.3689492,0 115.1408676,-8.3689463,0 115.1408273,-8.3689100,0 115.1408156,-8.3689039,0 115.1407844,-8.3688904,0 115.1407414,-8.3688785,0 115.1406985,-8.3688706,0 115.1406556,-8.3688678,0 115.1406127,-8.3688735,0 115.1405698,-8.3688946,0 115.1405576,-8.3689039,0 115.1405269,-8.3689328,0 115.1405115,-8.3689463,0 115.1404839,-8.3689685,0 115.1404591,-8.3689888,0 115.1404410,-8.3690063,0 115.1404250,-8.3690312,0 115.1404136,-8.3690737,0 115.1404136,-8.3691162,0 115.1404165,-8.3691586,0 115.1404157,-8.3692011,0 115.1404084,-8.3692435,0 115.1403981,-8.3692792,0 115.1403960,-8.3692860,0 115.1403829,-8.3693284,0 115.1403734,-8.3693709,0 115.1403636,-8.3694134,0 115.1403552,-8.3694398,0 115.1403490,-8.3694558,0 115.1403210,-8.3694983,0 115.1403123,-8.3695073,0 115.1402694,-8.3695407,0 115.1402694,-8.3695407,0 115.1402276,-8.3695832,0 115.1402265,-8.3695853,0 115.1402094,-8.3696257,0 115.1401998,-8.3696681,0 115.1401943,-8.3697106,0 115.1401911,-8.3697530,0 115.1401893,-8.3697955,0 115.1401883,-8.3698379,0 115.1401880,-8.3698804,0 115.1401875,-8.3699229,0 115.1401911,-8.3699653,0 115.1402174,-8.3700078,0 115.1402265,-8.3700128,0 115.1402694,-8.3700278,0 115.1403123,-8.3700363,0 115.1403552,-8.3700399,0 115.1403981,-8.3700389,0 115.1404410,-8.3700333,0 115.1404839,-8.3700248,0 115.1405269,-8.3700164,0 115.1405698,-8.3700104,0 115.1406127,-8.3700083,0 115.1406556,-8.3700109,0 115.1406985,-8.3700176,0 115.1407414,-8.3700286,0 115.1407844,-8.3700445,0 115.1407967,-8.3700502,0 115.1408273,-8.3700647,0 115.1408702,-8.3700873,0 115.1408798,-8.3700927,0 115.1409131,-8.3701099,0 115.1409560,-8.3701344,0 115.1409572,-8.3701352,0 115.1409989,-8.3701625,0 115.1410188,-8.3701776,0 115.1410418,-8.3701971,0 115.1410704,-8.3702201,0 115.1410848,-8.3702314,0 115.1411277,-8.3702531,0 115.1411706,-8.3702611,0 115.1412135,-8.3702579,0</coordinates></LineString></Placemark>
<Placemark><name>590 m</name><styleUrl>#k</styleUrl><LineString><tessellate>1</tessellate><coordinates>115.1412135,-8.3707609,0 115.1412058,-8.3707720,0 115.1411785,-8.3708145,0 115.1411706,-8.3708270,0 115.1411521,-8.3708569,0 115.1411277,-8.3708932,0 115.1411232,-8.3708994,0 115.1410891,-8.3709419,0 115.1410848,-8.3709471,0 115.1410537,-8.3709843,0 115.1410418,-8.3710000,0 115.1410233,-8.3710268,0 115.1409989,-8.3710650,0 115.1409964,-8.3710692,0 115.1409666,-8.3711117,0 115.1409560,-8.3711251,0 115.1409311,-8.3711541,0 115.1409131,-8.3711751,0 115.1408938,-8.3711966,0 115.1408702,-8.3712273,0 115.1408618,-8.3712391,0 115.1408373,-8.3712815,0 115.1408273,-8.3713022,0 115.1408171,-8.3713240,0 115.1407975,-8.3713664,0 115.1407844,-8.3713919,0 115.1407755,-8.3714089,0 115.1407491,-8.3714514,0 115.1407414,-8.3714620,0 115.1407195,-8.3714938,0 115.1406985,-8.3715246,0 115.1406911,-8.3715363,0 115.1406669,-8.3715787,0 115.1406556,-8.3716023,0 115.1406472,-8.3716212,0 115.1406311,-8.3716636,0 115.1406161,-8.3717061,0 115.1406127,-8.3717151,0 115.1405995,-8.3717486,0 115.1405792,-8.3717910,0 115.1405698,-8.3718074,0 115.1405525,-8.3718335,0 115.1405269,-8.3718677,0 115.1405200,-8.3718759,0 115.1404845,-8.3719184,0 115.1404839,-8.3719190,0 115.1404506,-8.3719609,0 115.1404410,-8.3719754,0 115.1404217,-8.3720033,0 115.1403981,-8.3720439,0 115.1403969,-8.3720458,0 115.1403734,-8.3720882,0 115.1403554,-8.3721307,0 115.1403552,-8.3721316,0 115.1403453,-8.3721731,0 115.1403438,-8.3722156,0 115.1403497,-8.3722581,0 115.1403552,-8.3722762,0 115.1403631,-8.3723005,0 115.1403855,-8.3723430,0 115.1403981,-8.3723604,0 115.1404175,-8.3723854,0 115.1404410,-8.3724131,0 115.1404517,-8.3724279,0 115.1404781,-8.3724703,0 115.1404839,-8.3724823,0 115.1404955,-8.3725128,0 115.1405081,-8.3725553,0 115.1405183,-8.3725977,0 115.1405269,-8.3726402,0 115.1405269,-8.3726402,0 115.1405344,-8.3726826,0 115.1405418,-8.3727251,0 115.1405489,-8.3727676,0 115.1405559,-8.3728100,0 115.1405629,-8.3728525,0 115.1405698,-8.3728913,0 115.1405705,-8.3728949,0 115.1405798,-8.3729374,0 115.1405915,-8.3729798,0 115.1406062,-8.3730223,0 115.1406127,-8.3730402,0 115.1406217,-8.3730648,0 115.1406336,-8.3731072,0 115.1406386,-8.3731497,0 115.1406343,-8.3731921,0 115.1406216,-8.3732346,0 115.1406127,-8.3732561,0 115.1406025,-8.3732770,0 115.1405814,-8.3733195,0 115.1405698,-8.3733444,0 115.1405597,-8.3733620,0 115.1405326,-8.3734044,0 115.1405269,-8.3734122,0 115.1404839,-8.3734469,0 115.1404839,-8.3734469,0 115.1404410,-8.3734685,0 115.1403981,-8.3734866,0 115.1403923,-8.3734893,0 115.1403552,-8.3735085,0 115.1403123,-8.3735273,0 115.1402998,-8.3735318,0 115.1402694,-8.3735425,0 115.1402265,-8.3735542,0 115.1401835,-8.3735657,0 115.1401601,-8.3735743,0 115.1401406,-8.3735833,0 115.1400977,-8.3736137,0 115.1400947,-8.3736167,0 115.1400669,-8.3736592,0 115.1400552,-8.3737016,0 115.1400552,-8.3737441,0 115.1400631,-8.3737865,0 115.1400732,-8.3738290,0 115.1400812,-8.3738715,0 115.1400850,-8.3739139,0 115.1400791,-8.3739564,0 115.1400599,-8.3739988,0 115.1400548,-8.3740081,0 115.1400272,-8.3740413,0 115.1400350,-8.3740837,0 115.1400499,-8.3741262,0 115.1400548,-8.3741335,0 115.1400847,-8.3741687,0 115.1400977,-8.3741784,0 115.1401406,-8.3741984,0 115.1401835,-8.3742094,0 115.1402265,-8.3741883,0 115.1402353,-8.3741687,0 115.1402694,-8.3741311,0 115.1402730,-8.3741262,0 115.1403123,-8.3740927,0 115.1403215,-8.3740837,0 115.1403552,-8.3740528,0 115.1403667,-8.3740413,0 115.1403981,-8.3740065,0 115.1404066,-8.3739988,0 115.1404410,-8.3739710,0 115.1404839,-8.3739588,0 115.1405269,-8.3739625,0 115.1405698,-8.3739791,0 115.1405968,-8.3739988,0 115.1406127,-8.3740130,0 115.1406374,-8.3740413,0 115.1406556,-8.3740615,0 115.1406771,-8.3740837,0 115.1406985,-8.3741041,0 115.1407251,-8.3741262,0 115.1407414,-8.3741419,0 115.1407650,-8.3741687,0 115.1407844,-8.3742095,0 115.1407849,-8.3742111,0 115.1407882,-8.3742536,0 115.1407844,-8.3742726,0 115.1407781,-8.3742960,0 115.1407511,-8.3743385,0 115.1407414,-8.3743489,0 115.1407103,-8.3743810,0 115.1406985,-8.3743925,0 115.1406706,-8.3744234,0 115.1406556,-8.3744395,0 115.1406311,-8.3744659,0 115.1406127,-8.3744814,0 115.1405698,-8.3745068,0 115.1405635,-8.3745083,0 115.1405269,-8.3745148,0 115.1404839,-8.3745144,0 115.1404442,-8.3745083,0 115.1404410,-8.3745076,0 115.1403981,-8.3744911,0 115.1403580,-8.3744659,0 115.1403552,-8.3744626,0 115.1403230,-8.3744234,0 115.1403123,-8.3743982,0 115.1402992,-8.3743810,0 115.1402756,-8.3743385,0 115.1402694,-8.3743271,0 115.1402574,-8.3743385,0 115.1402444,-8.3743810,0 115.1402430,-8.3744234,0 115.1402449,-8.3744659,0 115.1402479,-8.3745083,0 115.1402502,-8.3745508,0 115.1402493,-8.3745932,0 115.1402455,-8.3746357,0 115.1402391,-8.3746782,0</coordinates></LineString></Placemark>
<Placemark><name>590 m</name><styleUrl>#k</styleUrl><LineString><tessellate>1</tessellate><coordinates>115.1399260,-8.3739498,0 115.1399089,-8.3739564,0 115.1399193,-8.3739988,0 115.1399260,-8.3740018,0 115.1399690,-8.3740023,0 115.1399797,-8.3739988,0 115.1399690,-8.3739829,0 115.1399525,-8.3739564,0 115.1399260,-8.3739498,0</coordinates></LineString></Placemark>
<Placemark><name>592 m</name><styleUrl>#k</styleUrl><LineString><tessellate>1</tessellate><coordinates>115.1412135,-8.3695243,0 115.1412082,-8.3694983,0 115.1412001,-8.3694558,0 115.1411907,-8.3694134,0 115.1411781,-8.3693709,0 115.1411706,-8.3693516,0 115.1411605,-8.3693284,0 115.1411389,-8.3692860,0 115.1411277,-8.3692654,0 115.1411153,-8.3692435,0 115.1410918,-8.3692011,0 115.1410848,-8.3691882,0 115.1410681,-8.3691586,0 115.1410437,-8.3691162,0 115.1410418,-8.3691129,0 115.1410183,-8.3690737,0 115.1409989,-8.3690371,0 115.1409956,-8.3690312,0 115.1409765,-8.3689888,0 115.1409610,-8.3689463,0 115.1409560,-8.3689329,0 115.1409425,-8.3689039,0 115.1409154,-8.3688614,0 115.1409131,-8.3688587,0 115.1408702,-8.3688246,0 115.1408601,-8.3688189,0 115.1408273,-8.3688014,0 115.1407844,-8.3687813,0 115.1407729,-8.3687765,0 115.1407414,-8.3687617,0 115.1406985,-8.3687438,0 115.1406697,-8.3687340,0 115.1406556,-8.3687288,0 115.1406127,-8.3687172,0 115.1405698,-8.3687085,0 115.1405269,-8.3687018,0 115.1404839,-8.3686983,0 115.1404410,-8.3687030,0 115.1403981,-8.3687231,0 115.1403843,-8.3687340,0 115.1403552,-8.3687588,0 115.1403359,-8.3687765,0 115.1403123,-8.3687959,0 115.1402865,-8.3688189,0 115.1402694,-8.3688373,0 115.1402532,-8.3688614,0 115.1402414,-8.3689039,0 115.1402440,-8.3689463,0 115.1402495,-8.3689888,0 115.1402479,-8.3690312,0 115.1402301,-8.3690737,0 115.1402265,-8.3690781,0 115.1401889,-8.3691162,0 115.1401835,-8.3691217,0 115.1401491,-8.3691586,0 115.1401406,-8.3691713,0 115.1401133,-8.3692011,0 115.1400977,-8.3692167,0 115.1400548,-8.3692179,0 115.1400197,-8.3692011,0 115.1400119,-8.3691976,0 115.1399690,-8.3691751,0 115.1399260,-8.3691625,0 115.1398831,-8.3691604,0 115.1398402,-8.3691673,0 115.1397973,-8.3691813,0 115.1397559,-8.3692011,0 115.1397544,-8.3692021,0 115.1397115,-8.3692392,0 115.1397071,-8.3692435,0 115.1396776,-8.3692860,0 115.1396686,-8.3693039,0 115.1396553,-8.3693284,0 115.1396398,-8.3693709,0 115.1396348,-8.3694134,0 115.1396396,-8.3694558,0 115.1396485,-8.3694983,0 115.1396585,-8.3695407,0 115.1396686,-8.3695815,0 115.1396690,-8.3695832,0 115.1396868,-8.3696257,0 115.1397115,-8.3696610,0 115.1397225,-8.3696681,0 115.1397544,-8.3696826,0 115.1397973,-8.3696829,0 115.1398402,-8.3696706,0 115.1398461,-8.3696681,0 115.1398831,-8.3696515,0 115.1399260,-8.3696288,0 115.1399322,-8.3696257,0 115.1399690,-8.3696027,0 115.1399993,-8.3695832,0 115.1400119,-8.3695748,0 115.1400548,-8.3695616,0 115.1400763,-8.3695832,0 115.1400798,-8.3696257,0 115.1400754,-8.3696681,0 115.1400710,-8.3697106,0 115.1400701,-8.3697530,0 115.1400724,-8.3697955,0 115.1400749,-8.3698379,0 115.1400734,-8.3698804,0 115.1400658,-8.3699229,0 115.1400550,-8.3699653,0 115.1400548,-8.3699674,0 115.1400509,-8.3700078,0 115.1400548,-8.3700322,0 115.1400584,-8.3700502,0 115.1400959,-8.3700927,0 115.1400977,-8.3700937,0 115.1401406,-8.3701054,0 115.1401835,-8.3701094,0 115.1402265,-8.3701104,0 115.1402694,-8.3701114,0 115.1403123,-8.3701127,0 115.1403552,-8.3701129,0 115.1403981,-8.3701104,0 115.1404410,-8.3701037,0 115.1404839,-8.3700934,0 115.1404867,-8.3700927,0 115.1405269,-8.3700831,0 115.1405698,-8.3700758,0 115.1406127,-8.3700741,0 115.1406556,-8.3700787,0 115.1406985,-8.3700891,0 115.1407086,-8.3700927,0 115.1407414,-8.3701054,0 115.1407844,-8.3701250,0 115.1408050,-8.3701352,0 115.1408273,-8.3701459,0 115.1408702,-8.3701672,0 115.1408894,-8.3701776,0 115.1409131,-8.3701908,0 115.1409558,-8.3702201,0 115.1409560,-8.3702202,0 115.1409989,-8.3702582,0 115.1410037,-8.3702625,0 115.1410418,-8.3702978,0 115.1410508,-8.3703050,0 115.1410848,-8.3703335,0 115.1411055,-8.3703474,0 115.1411277,-8.3703669,0 115.1411560,-8.3703899,0 115.1411706,-8.3704116,0 115.1411852,-8.3704324,0 115.1411986,-8.3704748,0 115.1412006,-8.3705173,0 115.1411907,-8.3705597,0 115.1411706,-8.3706014,0 115.1411703,-8.3706022,0 115.1411499,-8.3706446,0 115.1411300,-8.3706871,0 115.1411277,-8.3706921,0 115.1411144,-8.3707296,0 115.1410968,-8.3707720,0 115.1410848,-8.3707953,0 115.1410750,-8.3708145,0 115.1410457,-8.3708569,0 115.1410418,-8.3708616,0 115.1410082,-8.3708994,0 115.1409989,-8.3709100,0 115.1409724,-8.3709419,0 115.1409560,-8.3709664,0 115.1409452,-8.3709843,0 115.1409217,-8.3710268,0 115.1409131,-8.3710413,0 115.1408947,-8.3710692,0 115.1408702,-8.3710992,0 115.1408593,-8.3711117,0 115.1408273,-8.3711472,0 115.1408217,-8.3711541,0 115.1407926,-8.3711966,0 115.1407844,-8.3712115,0 115.1407710,-8.3712391,0 115.1407528,-8.3712815,0 115.1407414,-8.3713084,0 115.1407348,-8.3713240,0 115.1407150,-8.3713664,0 115.1406985,-8.3713976,0 115.1406924,-8.3714089,0 115.1406667,-8.3714514,0 115.1406556,-8.3714692,0 115.1406408,-8.3714938,0 115.1406176,-8.3715363,0 115.1406127,-8.3715466,0 115.1405978,-8.3715787,0 115.1405814,-8.3716212,0 115.1405698,-8.3716548,0 115.1405665,-8.3716636,0 115.1405498,-8.3717061,0 115.1405303,-8.3717486,0 115.1405269,-8.3717546,0 115.1405030,-8.3717910,0 115.1404839,-8.3718154,0 115.1404677,-8.3718335,0 115.1404410,-8.3718621,0 115.1404271,-8.3718759,0 115.1403981,-8.3719073,0 115.1403878,-8.3719184,0 115.1403552,-8.3719583,0 115.1403530,-8.3719609,0 115.1403186,-8.3720033,0 115.1403123,-8.3720117,0 115.1402846,-8.3720458,0 115.1402694,-8.3720684,0 115.1402565,-8.3720882,0 115.1402391,-8.3721307,0 115.1402317,-8.3721731,0 115.1402316,-8.3722156,0 115.1402368,-8.3722581,0 115.1402458,-8.3723005,0 115.1402594,-8.3723430,0 115.1402694,-8.3723633,0 115.1402802,-8.3723854,0 115.1403123,-8.3724260,0 115.1403138,-8.3724279,0 115.1403552,-8.3724671,0 115.1403583,-8.3724703,0 115.1403981,-8.3725108,0 115.1403996,-8.3725128,0 115.1404269,-8.3725553,0 115.1404410,-8.3725834,0 115.1404464,-8.3725977,0 115.1404592,-8.3726402,0 115.1404693,-8.3726826,0 115.1404776,-8.3727251,0 115.1404839,-8.3727627,0 115.1404847,-8.3727676,0 115.1404908,-8.3728100,0 115.1404964,-8.3728525,0 115.1405017,-8.3728949,0 115.1405065,-8.3729374,0 115.1405113,-8.3729798,0 115.1405162,-8.3730223,0 115.1405204,-8.3730648,0 115.1405217,-8.3731072,0 115.1405144,-8.3731497,0 115.1404970,-8.3731921,0 115.1404839,-8.3732164,0 115.1404729,-8.3732346,0 115.1404441,-8.3732770,0 115.1404410,-8.3732807,0 115.1404009,-8.3733195,0 115.1403981,-8.3733216,0 115.1403552,-8.3733468,0 115.1403274,-8.3733620,0 115.1403123,-8.3733695,0 115.1402694,-8.3733905,0 115.1402398,-8.3734044,0 115.1402265,-8.3734101,0 115.1401835,-8.3734264,0 115.1401406,-8.3734427,0 115.1401319,-8.3734469,0 115.1400977,-8.3734622,0 115.1400567,-8.3734893,0 115.1400548,-8.3734907,0 115.1400119,-8.3735296,0 115.1400096,-8.3735318,0 115.1399690,-8.3735740,0 115.1399687,-8.3735743,0 115.1399283,-8.3736167,0 115.1399260,-8.3736197,0 115.1398889,-8.3736592,0 115.1398831,-8.3736672,0 115.1398469,-8.3737016,0 115.1398402,-8.3737079,0 115.1397973,-8.3737379,0 115.1397889,-8.3737441,0 115.1397544,-8.3737726,0 115.1397448,-8.3737865,0 115.1397259,-8.3738290,0 115.1397177,-8.3738715,0 115.1397167,-8.3739139,0 115.1397211,-8.3739564,0 115.1397307,-8.3739988,0 115.1397477,-8.3740413,0 115.1397544,-8.3740521,0 115.1397819,-8.3740837,0 115.1397973,-8.3740963,0 115.1398402,-8.3741223,0 115.1398473,-8.3741262,0 115.1398831,-8.3741478,0 115.1399083,-8.3741687,0 115.1399260,-8.3741885,0 115.1399442,-8.3742111,0 115.1399690,-8.3742415,0 115.1399807,-8.3742536,0 115.1400119,-8.3742805,0 115.1400327,-8.3742960,0 115.1400548,-8.3743141,0 115.1400767,-8.3743385,0 115.1400972,-8.3743810,0 115.1400977,-8.3743829,0 115.1401064,-8.3744234,0 115.1401125,-8.3744659,0 115.1401191,-8.3745083,0 115.1401274,-8.3745508,0 115.1401406,-8.3745932,0 115.1401406,-8.3745932,0 115.1401471,-8.3746357,0 115.1401499,-8.3746782,0</coordinates></LineString></Placemark>
<Placemark><name>592 m</name><styleUrl>#k</styleUrl><LineString><tessellate>1</tessellate><coordinates>115.1402265,-8.3693613,0 115.1402348,-8.3693709,0 115.1402265,-8.3694134,0 115.1401864,-8.3693709,0 115.1402265,-8.3693613,0</coordinates></LineString></Placemark>
<Placemark><name>594 m</name><styleUrl>#k</styleUrl><LineString><tessellate>1</tessellate><coordinates>115.1412135,-8.3693325,0 115.1412120,-8.3693284,0 115.1411937,-8.3692860,0 115.1411727,-8.3692435,0 115.1411706,-8.3692394,0 115.1411502,-8.3692011,0 115.1411279,-8.3691586,0 115.1411277,-8.3691581,0 115.1411057,-8.3691162,0 115.1410848,-8.3690773,0 115.1410828,-8.3690737,0 115.1410608,-8.3690312,0 115.1410418,-8.3689893,0 115.1410416,-8.3689888,0 115.1410257,-8.3689463,0 115.1410123,-8.3689039,0 115.1409989,-8.3688633,0 115.1409982,-8.3688614,0 115.1409770,-8.3688189,0 115.1409560,-8.3687906,0 115.1409407,-8.3687765,0 115.1409131,-8.3687551,0 115.1408800,-8.3687340,0 115.1408702,-8.3687271,0 115.1408273,-8.3686962,0 115.1408208,-8.3686916,0 115.1407844,-8.3686578,0 115.1407732,-8.3686491,0 115.1407414,-8.3686202,0 115.1407197,-8.3686067,0 115.1406985,-8.3685930,0 115.1406556,-8.3685738,0 115.1406304,-8.3685642,0 115.1406127,-8.3685556,0 115.1405698,-8.3685249,0 115.1405666,-8.3685217,0 115.1405450,-8.3684793,0 115.1405341,-8.3684368,0 115.1405269,-8.3684121,0 115.1405221,-8.3683944,0 115.1405011,-8.3683519,0 115.1404839,-8.3683297,0 115.1404650,-8.3683094,0 115.1404410,-8.3682893,0 115.1404019,-8.3682670,0 115.1403981,-8.3682650,0 115.1403552,-8.3682545,0 115.1403123,-8.3682536,0 115.1402694,-8.3682596,0 115.1402369,-8.3682670,0 115.1402265,-8.3682700,0 115.1401835,-8.3682864,0 115.1401406,-8.3683081,0 115.1401387,-8.3683094,0 115.1400977,-8.3683432,0 115.1400898,-8.3683519,0 115.1400548,-8.3683923,0 115.1400535,-8.3683944,0 115.1400277,-8.3684368,0 115.1400119,-8.3684674,0 115.1400071,-8.3684793,0 115.1399954,-8.3685217,0 115.1399918,-8.3685642,0 115.1399977,-8.3686067,0 115.1400119,-8.3686448,0 115.1400147,-8.3686491,0 115.1400516,-8.3686916,0 115.1400548,-8.3686958,0 115.1400853,-8.3687340,0 115.1400925,-8.3687765,0 115.1400873,-8.3688189,0 115.1400772,-8.3688614,0 115.1400622,-8.3689039,0 115.1400548,-8.3689180,0 115.1400379,-8.3689463,0 115.1400119,-8.3689758,0 115.1399991,-8.3689888,0 115.1399690,-8.3690121,0 115.1399404,-8.3690312,0 115.1399260,-8.3690385,0 115.1398831,-8.3690588,0 115.1398508,-8.3690737,0 115.1398402,-8.3690777,0 115.1397973,-8.3690960,0 115.1397551,-8.3691162,0 115.1397544,-8.3691165,0 115.1397115,-8.3691411,0 115.1396856,-8.3691586,0 115.1396686,-8.3691718,0 115.1396340,-8.3692011,0 115.1396256,-8.3692096,0 115.1395907,-8.3692435,0 115.1395827,-8.3692526,0 115.1395488,-8.3692860,0 115.1395398,-8.3692968,0 115.1395110,-8.3693284,0 115.1394969,-8.3693520,0 115.1394846,-8.3693709,0 115.1394715,-8.3694134,0 115.1394740,-8.3694558,0 115.1394969,-8.3694922,0 115.1395005,-8.3694983,0 115.1395394,-8.3695407,0 115.1395398,-8.3695412,0 115.1395642,-8.3695832,0 115.1395827,-8.3696216,0 115.1395842,-8.3696257,0 115.1396037,-8.3696681,0 115.1396256,-8.3697017,0 115.1396321,-8.3697106,0 115.1396686,-8.3697445,0 115.1396807,-8.3697530,0 115.1397115,-8.3697714,0 115.1397544,-8.3697913,0 115.1397665,-8.3697955,0 115.1397973,-8.3698087,0 115.1398402,-8.3698333,0 115.1398463,-8.3698379,0 115.1398831,-8.3698804,0 115.1398831,-8.3698804,0 115.1399130,-8.3699229,0 115.1399260,-8.3699441,0 115.1399368,-8.3699653,0 115.1399540,-8.3700078,0 115.1399673,-8.3700502,0 115.1399690,-8.3700553,0 115.1399826,-8.3700927,0 115.1400087,-8.3701352,0 115.1400119,-8.3701384,0 115.1400548,-8.3701632,0 115.1400977,-8.3701727,0 115.1401406,-8.3701759,0 115.1401835,-8.3701764,0 115.1402265,-8.3701761,0 115.1402694,-8.3701765,0 115.1403123,-8.3701776,0 115.1403123,-8.3701776,0 115.1403552,-8.3701784,0 115.1403838,-8.3701776,0 115.1403981,-8.3701772,0 115.1404410,-8.3701730,0 115.1404839,-8.3701658,0 115.1405269,-8.3701576,0 115.1405698,-8.3701516,0 115.1406127,-8.3701517,0 115.1406556,-8.3701592,0 115.1406985,-8.3701725,0 115.1407115,-8.3701776,0 115.1407414,-8.3701900,0 115.1407844,-8.3702081,0 115.1408123,-8.3702201,0 115.1408273,-8.3702267,0 115.1408702,-8.3702483,0 115.1408936,-8.3702625,0 115.1409131,-8.3702759,0 115.1409476,-8.3703050,0 115.1409560,-8.3703128,0 115.1409903,-8.3703474,0 115.1409989,-8.3703573,0 115.1410281,-8.3703899,0 115.1410418,-8.3704120,0 115.1410548,-8.3704324,0 115.1410656,-8.3704748,0 115.1410651,-8.3705173,0 115.1410589,-8.3705597,0 115.1410519,-8.3706022,0 115.1410450,-8.3706446,0 115.1410418,-8.3706611,0 115.1410373,-8.3706871,0 115.1410262,-8.3707296,0 115.1410078,-8.3707720,0 115.1409989,-8.3707859,0 115.1409788,-8.3708145,0 115.1409560,-8.3708403,0 115.1409411,-8.3708569,0 115.1409131,-8.3708885,0 115.1409043,-8.3708994,0 115.1408749,-8.3709419,0 115.1408702,-8.3709495,0 115.1408482,-8.3709843,0 115.1408273,-8.3710137,0 115.1408172,-8.3710268,0 115.1407844,-8.3710649,0 115.1407808,-8.3710692,0 115.1407483,-8.3711117,0 115.1407414,-8.3711223,0 115.1407239,-8.3711541,0 115.1407039,-8.3711966,0 115.1406985,-8.3712092,0 115.1406858,-8.3712391,0 115.1406677,-8.3712815,0 115.1406556,-8.3713081,0 115.1406480,-8.3713240,0 115.1406262,-8.3713664,0 115.1406127,-8.3713909,0 115.1406024,-8.3714089,0 115.1405781,-8.3714514,0 115.1405698,-8.3714672,0 115.1405557,-8.3714938,0 115.1405370,-8.3715363,0 115.1405269,-8.3715638,0 115.1405212,-8.3715787,0 115.1405060,-8.3716212,0 115.1404900,-8.3716636,0 115.1404839,-8.3716773,0 115.1404687,-8.3717061,0 115.1404410,-8.3717480,0 115.1404405,-8.3717486,0 115.1403988,-8.3717910,0 115.1403981,-8.3717917,0 115.1403552,-8.3718284,0 115.1403492,-8.3718335,0 115.1403123,-8.3718692,0 115.1403058,-8.3718759,0 115.1402694,-8.3719171,0 115.1402682,-8.3719184,0 115.1402292,-8.3719609,0 115.1402265,-8.3719638,0 115.1401908,-8.3720033,0 115.1401835,-8.3720135,0 115.1401625,-8.3720458,0 115.1401441,-8.3720882,0 115.1401406,-8.3720994,0 115.1401301,-8.3721307,0 115.1401167,-8.3721731,0 115.1401017,-8.3722156,0 115.1400977,-8.3722270,0 115.1400834,-8.3722581,0 115.1400656,-8.3723005,0 115.1400548,-8.3723384,0 115.1400534,-8.3723430,0 115.1400492,-8.3723854,0 115.1400548,-8.3724240,0 115.1400555,-8.3724279,0 115.1400831,-8.3724703,0 115.1400977,-8.3724808,0 115.1401406,-8.3725047,0 115.1401571,-8.3725128,0 115.1401835,-8.3725219,0 115.1402265,-8.3725378,0 115.1402678,-8.3725553,0 115.1402694,-8.3725559,0 115.1403123,-8.3725810,0 115.1403315,-8.3725977,0 115.1403552,-8.3726222,0 115.1403668,-8.3726402,0 115.1403874,-8.3726826,0 115.1403981,-8.3727131,0 115.1404012,-8.3727251,0 115.1404094,-8.3727676,0 115.1404155,-8.3728100,0 115.1404194,-8.3728525,0 115.1404209,-8.3728949,0 115.1404184,-8.3729374,0 115.1404096,-8.3729798,0 115.1403981,-8.3730086,0 115.1403880,-8.3730223,0 115.1403552,-8.3730584,0 115.1403462,-8.3730648,0 115.1403123,-8.3730917,0 115.1402880,-8.3731072,0 115.1402694,-8.3731221,0 115.1402265,-8.3731463,0 115.1402142,-8.3731497,0 115.1401835,-8.3731608,0 115.1401406,-8.3731700,0 115.1400977,-8.3731921,0 115.1400977,-8.3731921,0 115.1400977,-8.3731921,0 115.1400989,-8.3732346,0 115.1400977,-8.3732376,0 115.1400886,-8.3732770,0 115.1400633,-8.3733195,0 115.1400548,-8.3733275,0 115.1400266,-8.3733620,0 115.1400119,-8.3733760,0 115.1399860,-8.3734044,0 115.1399690,-8.3734214,0 115.1399416,-8.3734469,0 115.1399260,-8.3734604,0 115.1398831,-8.3734848,0 115.1398545,-8.3734893,0 115.1398402,-8.3734917,0 115.1398188,-8.3734893,0 115.1397973,-8.3734863,0 115.1397544,-8.3734780,0 115.1397115,-8.3734834,0 115.1397023,-8.3734893,0 115.1396686,-8.3735121,0 115.1396460,-8.3735318,0 115.1396256,-8.3735494,0 115.1395973,-8.3735743,0 115.1395827,-8.3735905,0 115.1395627,-8.3736167,0 115.1395568,-8.3736592,0 115.1395710,-8.3737016,0 115.1395827,-8.3737271,0 115.1395887,-8.3737441,0 115.1396017,-8.3737865,0 115.1396103,-8.3738290,0 115.1396162,-8.3738715,0 115.1396218,-8.3739139,0 115.1396256,-8.3739366,0 115.1396290,-8.3739564,0 115.1396388,-8.3739988,0 115.1396522,-8.3740413,0 115.1396686,-8.3740810,0 115.1396698,-8.3740837,0 115.1396969,-8.3741262,0 115.1397115,-8.3741431,0 115.1397401,-8.3741687,0 115.1397544,-8.3741797,0 115.1397973,-8.3742105,0 115.1397981,-8.3742111,0 115.1398402,-8.3742507,0 115.1398428,-8.3742536,0 115.1398749,-8.3742960,0 115.1398831,-8.3743075,0 115.1399087,-8.3743385,0 115.1399260,-8.3743580,0 115.1399508,-8.3743810,0 115.1399690,-8.3744000,0 115.1399890,-8.3744234,0 115.1400119,-8.3744622,0 115.1400136,-8.3744659,0 115.1400300,-8.3745083,0 115.1400432,-8.3745508,0 115.1400548,-8.3745783,0 115.1400610,-8.3745932,0 115.1400700,-8.3746357,0 115.1400765,-8.3746782,0</coordinates></LineString></Placemark>
<Placemark><name>594 m</name><styleUrl>#k</styleUrl><LineString><tessellate>1</tessellate><coordinates>115.1379499,-8.3746782,0 115.1379090,-8.3746450,0 115.1378980,-8.3746357,0 115.1378661,-8.3745985,0 115.1378614,-8.3745932,0 115.1378232,-8.3745538,0 115.1378199,-8.3745508,0 115.1377875,-8.3745083,0 115.1377803,-8.3745010,0 115.1377374,-8.3744805,0 115.1376945,-8.3744827,0 115.1376553,-8.3745083,0 115.1376515,-8.3745128,0 115.1376319,-8.3745508,0 115.1376086,-8.3745834,0 115.1376012,-8.3745932,0 115.1375713,-8.3746357,0 115.1375657,-8.3746413,0 115.1375309,-8.3746782,0</coordinates></LineString></Placemark>
<Placemark><name>594 m</name><styleUrl>#k</styleUrl><LineString><tessellate>1</tessellate><coordinates>115.1398831,-8.3729746,0 115.1398786,-8.3729798,0 115.1398604,-8.3730223,0 115.1398567,-8.3730648,0 115.1398691,-8.3731072,0 115.1398831,-8.3731237,0 115.1399260,-8.3731488,0 115.1399296,-8.3731497,0 115.1399690,-8.3731573,0 115.1400119,-8.3731618,0 115.1400548,-8.3731615,0 115.1400786,-8.3731497,0 115.1400548,-8.3731320,0 115.1400444,-8.3731072,0 115.1400119,-8.3730683,0 115.1400099,-8.3730648,0 115.1399756,-8.3730223,0 115.1399690,-8.3730150,0 115.1399308,-8.3729798,0 115.1399260,-8.3729760,0 115.1398831,-8.3729746,0</coordinates></LineString></Placemark>
<Placemark><name>596 m</name><styleUrl>#k</styleUrl><LineString><tessellate>1</tessellate><coordinates>115.1412135,-8.3692102,0 115.1412091,-8.3692011,0 115.1411890,-8.3691586,0 115.1411706,-8.3691204,0 115.1411685,-8.3691162,0 115.1411477,-8.3690737,0 115.1411277,-8.3690348,0 115.1411259,-8.3690312,0 115.1411056,-8.3689888,0 115.1410879,-8.3689463,0 115.1410848,-8.3689363,0 115.1410751,-8.3689039,0 115.1410664,-8.3688614,0 115.1410599,-8.3688189,0 115.1410532,-8.3687765,0 115.1410426,-8.3687340,0 115.1410418,-8.3687321,0 115.1410134,-8.3686916,0 115.1409989,-8.3686792,0 115.1409560,-8.3686535,0 115.1409495,-8.3686491,0 115.1409131,-8.3686222,0 115.1408978,-8.3686067,0 115.1408702,-8.3685754,0 115.1408614,-8.3685642,0 115.1408276,-8.3685217,0 115.1408273,-8.3685214,0 115.1407873,-8.3684793,0 115.1407844,-8.3684764,0 115.1407414,-8.3684392,0 115.1407385,-8.3684368,0 115.1406985,-8.3684011,0 115.1406919,-8.3683944,0 115.1406556,-8.3683540,0 115.1406540,-8.3683519,0 115.1406180,-8.3683094,0 115.1406127,-8.3683038,0 115.1405788,-8.3682670,0 115.1405698,-8.3682583,0 115.1405354,-8.3682245,0 115.1405269,-8.3682163,0 115.1404906,-8.3681821,0 115.1404839,-8.3681751,0 115.1404442,-8.3681396,0 115.1404410,-8.3681365,0 115.1403981,-8.3681145,0 115.1403552,-8.3681151,0 115.1403123,-8.3681265,0 115.1402724,-8.3681396,0 115.1402694,-8.3681405,0 115.1402265,-8.3681526,0 115.1401835,-8.3681633,0 115.1401406,-8.3681746,0 115.1401173,-8.3681821,0 115.1400977,-8.3681895,0 115.1400548,-8.3682115,0 115.1400360,-8.3682245,0 115.1400119,-8.3682475,0 115.1399963,-8.3682670,0 115.1399719,-8.3683094,0 115.1399690,-8.3683157,0 115.1399547,-8.3683519,0 115.1399392,-8.3683944,0 115.1399260,-8.3684314,0 115.1399244,-8.3684368,0 115.1399122,-8.3684793,0 115.1399029,-8.3685217,0 115.1398972,-8.3685642,0 115.1398952,-8.3686067,0 115.1398960,-8.3686491,0 115.1398989,-8.3686916,0 115.1399033,-8.3687340,0 115.1399080,-8.3687765,0 115.1399105,-8.3688189,0 115.1399062,-8.3688614,0 115.1398891,-8.3689039,0 115.1398831,-8.3689120,0 115.1398583,-8.3689463,0 115.1398402,-8.3689632,0 115.1398136,-8.3689888,0 115.1397973,-8.3690007,0 115.1397578,-8.3690312,0 115.1397544,-8.3690333,0 115.1397115,-8.3690620,0 115.1396952,-8.3690737,0 115.1396686,-8.3690911,0 115.1396328,-8.3691162,0 115.1396256,-8.3691214,0 115.1395827,-8.3691537,0 115.1395758,-8.3691586,0 115.1395398,-8.3691863,0 115.1395170,-8.3692011,0 115.1394969,-8.3692155,0 115.1394540,-8.3692415,0 115.1394501,-8.3692435,0 115.1394111,-8.3692693,0 115.1393832,-8.3692860,0 115.1393681,-8.3692981,0 115.1393252,-8.3693267,0 115.1393221,-8.3693284,0 115.1392823,-8.3693537,0 115.1392499,-8.3693709,0 115.1392394,-8.3693770,0 115.1391965,-8.3694017,0 115.1391768,-8.3694134,0 115.1391536,-8.3694277,0 115.1391107,-8.3694538,0 115.1391076,-8.3694558,0 115.1390677,-8.3694899,0 115.1390611,-8.3694983,0 115.1390437,-8.3695407,0 115.1390405,-8.3695832,0 115.1390480,-8.3696257,0 115.1390647,-8.3696681,0 115.1390677,-8.3696729,0 115.1390991,-8.3697106,0 115.1391107,-8.3697203,0 115.1391536,-8.3697395,0 115.1391965,-8.3697372,0 115.1392394,-8.3697139,0 115.1392435,-8.3697106,0 115.1392823,-8.3696772,0 115.1392957,-8.3696681,0 115.1393252,-8.3696490,0 115.1393681,-8.3696351,0 115.1394111,-8.3696330,0 115.1394540,-8.3696428,0 115.1394926,-8.3696681,0 115.1394969,-8.3696709,0 115.1395341,-8.3697106,0 115.1395398,-8.3697158,0 115.1395749,-8.3697530,0 115.1395827,-8.3697595,0 115.1396256,-8.3697941,0 115.1396275,-8.3697955,0 115.1396686,-8.3698231,0 115.1396919,-8.3698379,0 115.1397115,-8.3698513,0 115.1397521,-8.3698804,0 115.1397544,-8.3698824,0 115.1397973,-8.3699214,0 115.1397987,-8.3699229,0 115.1398373,-8.3699653,0 115.1398402,-8.3699690,0 115.1398685,-8.3700078,0 115.1398831,-8.3700349,0 115.1398906,-8.3700502,0 115.1399042,-8.3700927,0 115.1399134,-8.3701352,0 115.1399244,-8.3701776,0 115.1399260,-8.3701815,0 115.1399565,-8.3702201,0 115.1399690,-8.3702283,0 115.1400119,-8.3702405,0 115.1400548,-8.3702444,0 115.1400977,-8.3702453,0 115.1401406,-8.3702455,0 115.1401835,-8.3702454,0 115.1402265,-8.3702451,0 115.1402694,-8.3702451,0 115.1403123,-8.3702451,0 115.1403552,-8.3702449,0 115.1403981,-8.3702444,0 115.1404410,-8.3702433,0 115.1404839,-8.3702418,0 115.1405269,-8.3702410,0 115.1405698,-8.3702423,0 115.1406127,-8.3702484,0 115.1406556,-8.3702592,0 115.1406660,-8.3702625,0 115.1406985,-8.3702735,0 115.1407414,-8.3702893,0 115.1407822,-8.3703050,0 115.1407844,-8.3703059,0 115.1408273,-8.3703265,0 115.1408617,-8.3703474,0 115.1408702,-8.3703534,0 115.1409113,-8.3703899,0 115.1409131,-8.3703918,0 115.1409430,-8.3704324,0 115.1409560,-8.3704598,0 115.1409620,-8.3704748,0 115.1409705,-8.3705173,0 115.1409726,-8.3705597,0 115.1409717,-8.3706022,0 115.1409681,-8.3706446,0 115.1409602,-8.3706871,0 115.1409560,-8.3707000,0 115.1409449,-8.3707296,0 115.1409189,-8.3707720,0 115.1409131,-8.3707792,0 115.1408831,-8.3708145,0 115.1408702,-8.3708296,0 115.1408486,-8.3708569,0 115.1408273,-8.3708868,0 115.1408189,-8.3708994,0 115.1407906,-8.3709419,0 115.1407844,-8.3709504,0 115.1407583,-8.3709843,0 115.1407414,-8.3710047,0 115.1407235,-8.3710268,0 115.1406985,-8.3710594,0 115.1406914,-8.3710692,0 115.1406651,-8.3711117,0 115.1406556,-8.3711301,0 115.1406427,-8.3711541,0 115.1406218,-8.3711966,0 115.1406127,-8.3712158,0 115.1406007,-8.3712391,0 115.1405785,-8.3712815,0 115.1405698,-8.3712978,0 115.1405544,-8.3713240,0 115.1405281,-8.3713664,0 115.1405269,-8.3713684,0 115.1404987,-8.3714089,0 115.1404839,-8.3714333,0 115.1404720,-8.3714514,0 115.1404521,-8.3714938,0 115.1404410,-8.3715268,0 115.1404377,-8.3715363,0 115.1404241,-8.3715787,0 115.1404078,-8.3716212,0 115.1403981,-8.3716393,0 115.1403813,-8.3716636,0 115.1403552,-8.3716917,0 115.1403376,-8.3717061,0 115.1403123,-8.3717244,0 115.1402771,-8.3717486,0 115.1402694,-8.3717543,0 115.1402285,-8.3717910,0 115.1402265,-8.3717931,0 115.1401913,-8.3718335,0 115.1401835,-8.3718421,0 115.1401496,-8.3718759,0 115.1401406,-8.3718844,0 115.1401003,-8.3719184,0 115.1400977,-8.3719209,0 115.1400593,-8.3719609,0 115.1400548,-8.3719682,0 115.1400340,-8.3720033,0 115.1400149,-8.3720458,0 115.1400119,-8.3720528,0 115.1399951,-8.3720882,0 115.1399705,-8.3721307,0 115.1399690,-8.3721331,0 115.1399477,-8.3721731,0 115.1399267,-8.3722156,0 115.1399260,-8.3722169,0 115.1399114,-8.3722581,0 115.1398944,-8.3723005,0 115.1398831,-8.3723246,0 115.1398749,-8.3723430,0 115.1398521,-8.3723854,0 115.1398402,-8.3724060,0 115.1398264,-8.3724279,0 115.1398030,-8.3724703,0 115.1397973,-8.3724854,0 115.1397857,-8.3725128,0 115.1397719,-8.3725553,0 115.1397549,-8.3725977,0 115.1397544,-8.3725986,0 115.1397115,-8.3726355,0 115.1396938,-8.3726402,0 115.1396686,-8.3726474,0 115.1396256,-8.3726497,0 115.1395959,-8.3726402,0 115.1395827,-8.3726379,0 115.1395398,-8.3726276,0 115.1394969,-8.3726176,0 115.1394540,-8.3726111,0 115.1394111,-8.3726154,0 115.1393747,-8.3726402,0 115.1393681,-8.3726553,0 115.1393617,-8.3726826,0 115.1393630,-8.3727251,0 115.1393681,-8.3727548,0 115.1393749,-8.3727676,0 115.1393960,-8.3728100,0 115.1393936,-8.3728525,0 115.1393878,-8.3728949,0 115.1393831,-8.3729374,0 115.1393816,-8.3729798,0 115.1393822,-8.3730223,0 115.1393838,-8.3730648,0 115.1393867,-8.3731072,0 115.1393923,-8.3731497,0 115.1394111,-8.3731725,0 115.1394444,-8.3731497,0 115.1394540,-8.3731474,0 115.1394969,-8.3731365,0 115.1395398,-8.3731366,0 115.1395732,-8.3731497,0 115.1395827,-8.3731591,0 115.1395962,-8.3731921,0 115.1395938,-8.3732346,0 115.1395827,-8.3732640,0 115.1395756,-8.3732770,0 115.1395437,-8.3733195,0 115.1395398,-8.3733239,0 115.1394969,-8.3733551,0 115.1394817,-8.3733620,0 115.1394540,-8.3733746,0 115.1394111,-8.3733959,0 115.1394055,-8.3734044,0 115.1393911,-8.3734469,0 115.1393820,-8.3734893,0 115.1393748,-8.3735318,0 115.1393719,-8.3735743,0 115.1393757,-8.3736167,0 115.1393880,-8.3736592,0 115.1394082,-8.3737016,0 115.1394111,-8.3737064,0 115.1394377,-8.3737441,0 115.1394540,-8.3737658,0 115.1394708,-8.3737865,0 115.1394969,-8.3738237,0 115.1395002,-8.3738290,0 115.1395197,-8.3738715,0 115.1395337,-8.3739139,0 115.1395398,-8.3739345,0 115.1395455,-8.3739564,0 115.1395581,-8.3739988,0 115.1395731,-8.3740413,0 115.1395827,-8.3740639,0 115.1395910,-8.3740837,0 115.1396125,-8.3741262,0 115.1396256,-8.3741468,0 115.1396411,-8.3741687,0 115.1396686,-8.3741987,0 115.1396821,-8.3742111,0 115.1397115,-8.3742346,0 115.1397359,-8.3742536,0 115.1397544,-8.3742689,0 115.1397821,-8.3742960,0 115.1397973,-8.3743134,0 115.1398169,-8.3743385,0 115.1398402,-8.3743702,0 115.1398485,-8.3743810,0 115.1398820,-8.3744234,0 115.1398831,-8.3744248,0 115.1399175,-8.3744659,0 115.1399260,-8.3744780,0 115.1399461,-8.3745083,0 115.1399670,-8.3745508,0 115.1399690,-8.3745540,0 115.1399904,-8.3745932,0 115.1400007,-8.3746357,0 115.1400082,-8.3746782,0</coordinates></LineString></Placemark>
<Placemark><name>596 m</name><styleUrl>#k</styleUrl><LineString><tessellate>1</tessellate><coordinates>115.1380488,-8.3746782,0 115.1380378,-8.3746694,0 115.1379957,-8.3746357,0 115.1379949,-8.3746350,0 115.1379519,-8.3745963,0 115.1379490,-8.3745932,0 115.1379090,-8.3745616,0 115.1378977,-8.3745508,0 115.1378734,-8.3745083,0 115.1378661,-8.3744956,0 115.1378457,-8.3744659,0 115.1378232,-8.3744370,0 115.1378069,-8.3744234,0 115.1377803,-8.3744036,0 115.1377374,-8.3743865,0 115.1376945,-8.3743810,0 115.1376945,-8.3743810,0 115.1376945,-8.3743810,0 115.1376515,-8.3743866,0 115.1376086,-8.3744077,0 115.1375925,-8.3744234,0 115.1375657,-8.3744605,0 115.1375627,-8.3744659,0 115.1375413,-8.3745083,0 115.1375228,-8.3745445,0 115.1375190,-8.3745508,0 115.1374799,-8.3745838,0 115.1374670,-8.3745932,0 115.1374370,-8.3746294,0 115.1374325,-8.3746357,0 115.1374059,-8.3746782,0</coordinates></LineString></Placemark>
<Placemark><name>596 m</name><styleUrl>#k</styleUrl><LineString><tessellate>1</tessellate><coordinates>115.1385957,-8.3724233,0 115.1385726,-8.3724279,0 115.1385528,-8.3724346,0 115.1385124,-8.3724703,0 115.1385098,-8.3724751,0 115.1384890,-8.3725128,0 115.1384828,-8.3725553,0 115.1385043,-8.3725977,0 115.1385098,-8.3726048,0 115.1385298,-8.3726402,0 115.1385506,-8.3726826,0 115.1385528,-8.3726860,0 115.1385945,-8.3727251,0 115.1385957,-8.3727258,0 115.1385990,-8.3727251,0 115.1386386,-8.3727127,0 115.1386612,-8.3726826,0 115.1386815,-8.3726543,0 115.1386872,-8.3726402,0 115.1387022,-8.3725977,0 115.1387146,-8.3725553,0 115.1387177,-8.3725128,0 115.1387034,-8.3724703,0 115.1386815,-8.3724487,0 115.1386386,-8.3724279,0 115.1386386,-8.3724279,0 115.1385957,-8.3724233,0</coordinates></LineString></Placemark>
<Placemark><name>596 m</name><styleUrl>#k</styleUrl><LineString><tessellate>1</tessellate><coordinates>115.1394969,-8.3727506,0 115.1395398,-8.3727363,0 115.1395621,-8.3727676,0 115.1395398,-8.3728025,0 115.1395141,-8.3728100,0 115.1394969,-8.3728117,0 115.1394846,-8.3728100,0 115.1394717,-8.3727676,0 115.1394969,-8.3727506,0</coordinates></LineString></Placemark>
<Placemark><name>596 m</name><styleUrl>#k</styleUrl><LineString><tessellate>1</tessellate><coordinates>115.1400977,-8.3727587,0 115.1401406,-8.3727387,0 115.1401835,-8.3727345,0 115.1402265,-8.3727551,0 115.1402368,-8.3727676,0 115.1402363,-8.3728100,0 115.1402265,-8.3728209,0 115.1401835,-8.3728484,0 115.1401645,-8.3728525,0 115.1401406,-8.3728555,0 115.1401263,-8.3728525,0 115.1400977,-8.3728396,0 115.1400758,-8.3728100,0 115.1400865,-8.3727676,0 115.1400977,-8.3727587,0</coordinates></LineString></Placemark>
<Placemark><name>596 m</name><styleUrl>#k</styleUrl><LineString><tessellate>1</tessellate><coordinates>115.1393681,-8.3731879,0 115.1393659,-8.3731921,0 115.1393252,-8.3732122,0 115.1392823,-8.3732278,0 115.1392684,-8.3732346,0 115.1392394,-8.3732509,0 115.1392164,-8.3732770,0 115.1392207,-8.3733195,0 115.1392394,-8.3733378,0 115.1392823,-8.3733591,0 115.1393038,-8.3733620,0 115.1393252,-8.3733651,0 115.1393467,-8.3733620,0 115.1393681,-8.3733498,0 115.1393829,-8.3733195,0 115.1393858,-8.3732770,0 115.1393853,-8.3732346,0 115.1393743,-8.3731921,0 115.1393681,-8.3731879,0</coordinates></LineString></Placemark>
<Placemark><name>598 m</name><styleUrl>#k</styleUrl><LineString><tessellate>1</tessellate><coordinates>115.1412135,-8.3690705,0 115.1411962,-8.3690312,0 115.1411768,-8.3689888,0 115.1411706,-8.3689739,0 115.1411592,-8.3689463,0 115.1411458,-8.3689039,0 115.1411389,-8.3688614,0 115.1411391,-8.3688189,0 115.1411435,-8.3687765,0 115.1411493,-8.3687340,0 115.1411542,-8.3686916,0 115.1411553,-8.3686491,0 115.1411486,-8.3686067,0 115.1411280,-8.3685642,0 115.1411277,-8.3685639,0 115.1410848,-8.3685302,0 115.1410681,-8.3685217,0 115.1410418,-8.3685096,0 115.1409989,-8.3684902,0 115.1409798,-8.3684793,0 115.1409560,-8.3684658,0 115.1409190,-8.3684368,0 115.1409131,-8.3684325,0 115.1408702,-8.3683947,0 115.1408699,-8.3683944,0 115.1408273,-8.3683558,0 115.1408231,-8.3683519,0 115.1407844,-8.3683136,0 115.1407803,-8.3683094,0 115.1407417,-8.3682670,0 115.1407414,-8.3682666,0 115.1407020,-8.3682245,0 115.1406985,-8.3682209,0 115.1406556,-8.3681830,0 115.1406545,-8.3681821,0 115.1406127,-8.3681485,0 115.1406028,-8.3681396,0 115.1405698,-8.3681074,0 115.1405610,-8.3680972,0 115.1405304,-8.3680547,0 115.1405269,-8.3680488,0 115.1405029,-8.3680122,0 115.1404839,-8.3679855,0 115.1404657,-8.3679698,0 115.1404410,-8.3679524,0 115.1403981,-8.3679417,0 115.1403552,-8.3679474,0 115.1403143,-8.3679698,0 115.1403123,-8.3679710,0 115.1402694,-8.3680095,0 115.1402666,-8.3680122,0 115.1402265,-8.3680393,0 115.1401967,-8.3680547,0 115.1401835,-8.3680595,0 115.1401406,-8.3680725,0 115.1400977,-8.3680845,0 115.1400569,-8.3680972,0 115.1400548,-8.3680978,0 115.1400119,-8.3681138,0 115.1399690,-8.3681360,0 115.1399636,-8.3681396,0 115.1399260,-8.3681692,0 115.1399137,-8.3681821,0 115.1398867,-8.3682245,0 115.1398831,-8.3682340,0 115.1398727,-8.3682670,0 115.1398643,-8.3683094,0 115.1398576,-8.3683519,0 115.1398499,-8.3683944,0 115.1398413,-8.3684368,0 115.1398402,-8.3684424,0 115.1398336,-8.3684793,0 115.1398279,-8.3685217,0 115.1398251,-8.3685642,0 115.1398249,-8.3686067,0 115.1398255,-8.3686491,0 115.1398255,-8.3686916,0 115.1398236,-8.3687340,0 115.1398179,-8.3687765,0 115.1398066,-8.3688189,0 115.1397973,-8.3688408,0 115.1397878,-8.3688614,0 115.1397611,-8.3689039,0 115.1397544,-8.3689124,0 115.1397289,-8.3689463,0 115.1397115,-8.3689649,0 115.1396895,-8.3689888,0 115.1396686,-8.3690072,0 115.1396402,-8.3690312,0 115.1396256,-8.3690420,0 115.1395827,-8.3690726,0 115.1395811,-8.3690737,0 115.1395398,-8.3691013,0 115.1395145,-8.3691162,0 115.1394969,-8.3691269,0 115.1394540,-8.3691482,0 115.1394265,-8.3691586,0 115.1394111,-8.3691651,0 115.1393681,-8.3691788,0 115.1393252,-8.3691901,0 115.1392823,-8.3692004,0 115.1392798,-8.3692011,0 115.1392394,-8.3692134,0 115.1391965,-8.3692285,0 115.1391596,-8.3692435,0 115.1391536,-8.3692463,0 115.1391107,-8.3692671,0 115.1390698,-8.3692860,0 115.1390677,-8.3692870,0 115.1390248,-8.3693051,0 115.1389819,-8.3693187,0 115.1389478,-8.3693284,0 115.1389390,-8.3693317,0 115.1388961,-8.3693548,0 115.1388781,-8.3693709,0 115.1388679,-8.3694134,0 115.1388819,-8.3694558,0 115.1388961,-8.3694853,0 115.1389012,-8.3694983,0 115.1389165,-8.3695407,0 115.1389265,-8.3695832,0 115.1389344,-8.3696257,0 115.1389390,-8.3696441,0 115.1389452,-8.3696681,0 115.1389631,-8.3697106,0 115.1389819,-8.3697397,0 115.1389917,-8.3697530,0 115.1390248,-8.3697882,0 115.1390332,-8.3697955,0 115.1390677,-8.3698195,0 115.1391107,-8.3698366,0 115.1391214,-8.3698379,0 115.1391536,-8.3698410,0 115.1391817,-8.3698379,0 115.1391965,-8.3698361,0 115.1392394,-8.3698197,0 115.1392785,-8.3697955,0 115.1392823,-8.3697927,0 115.1393252,-8.3697600,0 115.1393379,-8.3697530,0 115.1393681,-8.3697370,0 115.1394111,-8.3697332,0 115.1394540,-8.3697477,0 115.1394618,-8.3697530,0 115.1394969,-8.3697750,0 115.1395235,-8.3697955,0 115.1395398,-8.3698068,0 115.1395827,-8.3698372,0 115.1395838,-8.3698379,0 115.1396256,-8.3698671,0 115.1396449,-8.3698804,0 115.1396686,-8.3698989,0 115.1396985,-8.3699229,0 115.1397115,-8.3699349,0 115.1397429,-8.3699653,0 115.1397544,-8.3699778,0 115.1397804,-8.3700078,0 115.1397973,-8.3700314,0 115.1398094,-8.3700502,0 115.1398268,-8.3700927,0 115.1398342,-8.3701352,0 115.1398375,-8.3701776,0 115.1398402,-8.3702023,0 115.1398425,-8.3702201,0 115.1398573,-8.3702625,0 115.1398831,-8.3702964,0 115.1398948,-8.3703050,0 115.1399260,-8.3703221,0 115.1399690,-8.3703344,0 115.1400119,-8.3703409,0 115.1400548,-8.3703448,0 115.1400870,-8.3703474,0 115.1400977,-8.3703485,0 115.1401406,-8.3703524,0 115.1401835,-8.3703527,0 115.1402265,-8.3703480,0 115.1402286,-8.3703474,0 115.1402694,-8.3703392,0 115.1403123,-8.3703293,0 115.1403552,-8.3703218,0 115.1403981,-8.3703178,0 115.1404410,-8.3703182,0 115.1404839,-8.3703230,0 115.1405269,-8.3703326,0 115.1405698,-8.3703464,0 115.1405729,-8.3703474,0 115.1406127,-8.3703626,0 115.1406556,-8.3703774,0 115.1406941,-8.3703899,0 115.1406985,-8.3703913,0 115.1407414,-8.3704065,0 115.1407844,-8.3704269,0 115.1407929,-8.3704324,0 115.1408273,-8.3704586,0 115.1408425,-8.3704748,0 115.1408697,-8.3705173,0 115.1408702,-8.3705186,0 115.1408820,-8.3705597,0 115.1408856,-8.3706022,0 115.1408812,-8.3706446,0 115.1408702,-8.3706809,0 115.1408679,-8.3706871,0 115.1408423,-8.3707296,0 115.1408273,-8.3707495,0 115.1408103,-8.3707720,0 115.1407844,-8.3708091,0 115.1407809,-8.3708145,0 115.1407550,-8.3708569,0 115.1407414,-8.3708795,0 115.1407290,-8.3708994,0 115.1406995,-8.3709419,0 115.1406985,-8.3709430,0 115.1406653,-8.3709843,0 115.1406556,-8.3709970,0 115.1406327,-8.3710268,0 115.1406127,-8.3710567,0 115.1406035,-8.3710692,0 115.1405760,-8.3711117,0 115.1405698,-8.3711226,0 115.1405492,-8.3711541,0 115.1405269,-8.3711942,0 115.1405254,-8.3711966,0 115.1405011,-8.3712391,0 115.1404839,-8.3712680,0 115.1404748,-8.3712815,0 115.1404413,-8.3713240,0 115.1404410,-8.3713243,0 115.1403981,-8.3713649,0 115.1403961,-8.3713664,0 115.1403552,-8.3714044,0 115.1403505,-8.3714089,0 115.1403216,-8.3714514,0 115.1403123,-8.3714757,0 115.1403055,-8.3714938,0 115.1402910,-8.3715363,0 115.1402694,-8.3715780,0 115.1402689,-8.3715787,0 115.1402265,-8.3716182,0 115.1402222,-8.3716212,0 115.1401835,-8.3716472,0 115.1401612,-8.3716636,0 115.1401406,-8.3716840,0 115.1401224,-8.3717061,0 115.1400977,-8.3717431,0 115.1400938,-8.3717486,0 115.1400548,-8.3717895,0 115.1400528,-8.3717910,0 115.1400119,-8.3718161,0 115.1399859,-8.3718335,0 115.1399690,-8.3718460,0 115.1399408,-8.3718759,0 115.1399260,-8.3718963,0 115.1399134,-8.3719184,0 115.1398926,-8.3719609,0 115.1398831,-8.3719828,0 115.1398753,-8.3720033,0 115.1398619,-8.3720458,0 115.1398514,-8.3720882,0 115.1398422,-8.3721307,0 115.1398402,-8.3721393,0 115.1398330,-8.3721731,0 115.1398220,-8.3722156,0 115.1398072,-8.3722581,0 115.1397973,-8.3722789,0 115.1397847,-8.3723005,0 115.1397544,-8.3723414,0 115.1397528,-8.3723430,0 115.1397115,-8.3723829,0 115.1397080,-8.3723854,0 115.1396686,-8.3724175,0 115.1396515,-8.3724279,0 115.1396256,-8.3724440,0 115.1395827,-8.3724562,0 115.1395398,-8.3724509,0 115.1395016,-8.3724279,0 115.1394969,-8.3724227,0 115.1394736,-8.3723854,0 115.1394540,-8.3723440,0 115.1394534,-8.3723430,0 115.1394158,-8.3723005,0 115.1394111,-8.3722976,0 115.1393681,-8.3722858,0 115.1393252,-8.3722861,0 115.1392823,-8.3722912,0 115.1392394,-8.3722929,0 115.1391965,-8.3722798,0 115.1391681,-8.3722581,0 115.1391536,-8.3722460,0 115.1391228,-8.3722156,0 115.1391107,-8.3722027,0 115.1390812,-8.3721731,0 115.1390677,-8.3721558,0 115.1390469,-8.3721307,0 115.1390305,-8.3720882,0 115.1390301,-8.3720458,0 115.1390387,-8.3720033,0 115.1390430,-8.3719609,0 115.1390248,-8.3719422,0 115.1389819,-8.3719337,0 115.1389390,-8.3719379,0 115.1388961,-8.3719429,0 115.1388532,-8.3719459,0 115.1388102,-8.3719463,0 115.1387673,-8.3719454,0 115.1387244,-8.3719449,0 115.1386815,-8.3719453,0 115.1386386,-8.3719491,0 115.1385957,-8.3719544,0 115.1385528,-8.3719588,0 115.1385098,-8.3719457,0 115.1384747,-8.3719184,0 115.1384669,-8.3719163,0 115.1384240,-8.3719113,0 115.1383906,-8.3719184,0 115.1383811,-8.3719218,0 115.1383416,-8.3719609,0 115.1383382,-8.3719674,0 115.1383289,-8.3720033,0 115.1383289,-8.3720458,0 115.1383374,-8.3720882,0 115.1383382,-8.3720909,0 115.1383674,-8.3721307,0 115.1383786,-8.3721731,0 115.1383748,-8.3722156,0 115.1383627,-8.3722581,0 115.1383428,-8.3723005,0 115.1383382,-8.3723070,0 115.1383127,-8.3723430,0 115.1382953,-8.3723657,0 115.1382824,-8.3723854,0 115.1382611,-8.3724279,0 115.1382524,-8.3724601,0 115.1382504,-8.3724703,0 115.1382481,-8.3725128,0 115.1382524,-8.3725553,0 115.1382524,-8.3725553,0 115.1382646,-8.3725977,0 115.1382876,-8.3726402,0 115.1382953,-8.3726490,0 115.1383313,-8.3726826,0 115.1383382,-8.3726877,0 115.1383811,-8.3727191,0 115.1383882,-8.3727251,0 115.1384240,-8.3727574,0 115.1384334,-8.3727676,0 115.1384669,-8.3728063,0 115.1384702,-8.3728100,0 115.1385098,-8.3728505,0 115.1385124,-8.3728525,0 115.1385528,-8.3728797,0 115.1385908,-8.3728949,0 115.1385957,-8.3728969,0 115.1386386,-8.3729020,0 115.1386711,-8.3728949,0 115.1386815,-8.3728922,0 115.1387244,-8.3728596,0 115.1387305,-8.3728525,0 115.1387619,-8.3728100,0 115.1387673,-8.3728011,0 115.1387879,-8.3727676,0 115.1388100,-8.3727251,0 115.1388102,-8.3727245,0 115.1388343,-8.3726826,0 115.1388532,-8.3726467,0 115.1388589,-8.3726402,0 115.1388961,-8.3725996,0 115.1389004,-8.3725977,0 115.1389390,-8.3725832,0 115.1389819,-8.3725862,0 115.1390087,-8.3725977,0 115.1390248,-8.3726127,0 115.1390423,-8.3726402,0 115.1390403,-8.3726826,0 115.1390305,-8.3727251,0 115.1390299,-8.3727676,0 115.1390475,-8.3728100,0 115.1390677,-8.3728388,0 115.1390769,-8.3728525,0 115.1391020,-8.3728949,0 115.1391107,-8.3729198,0 115.1391162,-8.3729374,0 115.1391207,-8.3729798,0 115.1391146,-8.3730223,0 115.1391107,-8.3730319,0 115.1390933,-8.3730648,0 115.1390677,-8.3730938,0 115.1390565,-8.3731072,0 115.1390389,-8.3731497,0 115.1390455,-8.3731921,0 115.1390588,-8.3732346,0 115.1390677,-8.3732620,0 115.1390723,-8.3732770,0 115.1390868,-8.3733195,0 115.1391046,-8.3733620,0 115.1391107,-8.3733727,0 115.1391338,-8.3734044,0 115.1391536,-8.3734259,0 115.1391774,-8.3734469,0 115.1391965,-8.3734650,0 115.1392206,-8.3734893,0 115.1392394,-8.3735197,0 115.1392457,-8.3735318,0 115.1392615,-8.3735743,0 115.1392756,-8.3736167,0 115.1392823,-8.3736324,0 115.1392935,-8.3736592,0 115.1393154,-8.3737016,0 115.1393252,-8.3737195,0 115.1393396,-8.3737441,0 115.1393639,-8.3737865,0 115.1393681,-8.3737944,0 115.1393902,-8.3738290,0 115.1394111,-8.3738655,0 115.1394149,-8.3738715,0 115.1394383,-8.3739139,0 115.1394540,-8.3739466,0 115.1394583,-8.3739564,0 115.1394763,-8.3739988,0 115.1394946,-8.3740413,0 115.1394969,-8.3740460,0 115.1395142,-8.3740837,0 115.1395361,-8.3741262,0 115.1395398,-8.3741326,0 115.1395607,-8.3741687,0 115.1395827,-8.3742003,0 115.1395910,-8.3742111,0 115.1396256,-8.3742477,0 115.1396322,-8.3742536,0 115.1396686,-8.3742826,0 115.1396862,-8.3742960,0 115.1397115,-8.3743160,0 115.1397352,-8.3743385,0 115.1397544,-8.3743596,0 115.1397711,-8.3743810,0 115.1397973,-8.3744166,0 115.1398023,-8.3744234,0 115.1398333,-8.3744659,0 115.1398402,-8.3744756,0 115.1398640,-8.3745083,0 115.1398831,-8.3745386,0 115.1398904,-8.3745508,0 115.1399204,-8.3745932,0 115.1399260,-8.3746123,0 115.1399325,-8.3746357,0 115.1399406,-8.3746782,0</coordinates></LineString></Placemark>
<Placemark><name>598 m</name><styleUrl>#k</styleUrl><LineString><tessellate>1</tessellate><coordinates>115.1381332,-8.3746782,0 115.1381236,-8.3746702,0 115.1380812,-8.3746357,0 115.1380807,-8.3746353,0 115.1380378,-8.3746030,0 115.1380259,-8.3745932,0 115.1379949,-8.3745763,0 115.1379587,-8.3745508,0 115.1379519,-8.3745417,0 115.1379300,-8.3745083,0 115.1379090,-8.3744720,0 115.1379054,-8.3744659,0 115.1378789,-8.3744234,0 115.1378661,-8.3744046,0 115.1378456,-8.3743810,0 115.1378232,-8.3743568,0 115.1377984,-8.3743385,0 115.1377803,-8.3743240,0 115.1377374,-8.3742982,0 115.1377322,-8.3742960,0 115.1376945,-8.3742725,0 115.1376598,-8.3742536,0 115.1376515,-8.3742468,0 115.1376086,-8.3742267,0 115.1375657,-8.3742296,0 115.1375373,-8.3742536,0 115.1375228,-8.3742677,0 115.1375074,-8.3742960,0 115.1374876,-8.3743385,0 115.1374799,-8.3743581,0 115.1374722,-8.3743810,0 115.1374559,-8.3744234,0 115.1374370,-8.3744612,0 115.1374341,-8.3744659,0 115.1374004,-8.3745083,0 115.1373940,-8.3745156,0 115.1373661,-8.3745508,0 115.1373511,-8.3745660,0 115.1373332,-8.3745932,0 115.1373209,-8.3746357,0 115.1373098,-8.3746782,0</coordinates></LineString></Placemark>
<Placemark><name>598 m</name><styleUrl>#k</styleUrl><LineString><tessellate>1</tessellate><coordinates>115.1384669,-8.3720367,0 115.1385098,-8.3720033,0 115.1385356,-8.3720458,0 115.1385313,-8.3720882,0 115.1385098,-8.3721236,0 115.1384884,-8.3721307,0 115.1384669,-8.3721347,0 115.1384485,-8.3721307,0 115.1384383,-8.3720882,0 115.1384602,-8.3720458,0 115.1384669,-8.3720367,0</coordinates></LineString></Placemark>
<Placemark><name>600 m</name><styleUrl>#k</styleUrl><LineString><tessellate>1</tessellate><coordinates>115.1400725,-8.3678424,0 115.1400645,-8.3678849,0 115.1400548,-8.3679034,0 115.1400393,-8.3679273,0 115.1400119,-8.3679489,0 115.1399868,-8.3679698,0 115.1399690,-8.3679797,0 115.1399260,-8.3680103,0 115.1399240,-8.3680122,0 115.1398831,-8.3680427,0 115.1398706,-8.3680547,0 115.1398402,-8.3680830,0 115.1398284,-8.3680972,0 115.1397989,-8.3681396,0 115.1397973,-8.3681429,0 115.1397821,-8.3681821,0 115.1397733,-8.3682245,0 115.1397701,-8.3682670,0 115.1397696,-8.3683094,0 115.1397692,-8.3683519,0 115.1397674,-8.3683944,0 115.1397642,-8.3684368,0 115.1397611,-8.3684793,0 115.1397594,-8.3685217,0 115.1397600,-8.3685642,0 115.1397620,-8.3686067,0 115.1397635,-8.3686491,0 115.1397625,-8.3686916,0 115.1397565,-8.3687340,0 115.1397544,-8.3687416,0 115.1397435,-8.3687765,0 115.1397236,-8.3688189,0 115.1397115,-8.3688392,0 115.1396980,-8.3688614,0 115.1396689,-8.3689039,0 115.1396686,-8.3689043,0 115.1396344,-8.3689463,0 115.1396256,-8.3689553,0 115.1395888,-8.3689888,0 115.1395827,-8.3689936,0 115.1395398,-8.3690237,0 115.1395271,-8.3690312,0 115.1394969,-8.3690488,0 115.1394540,-8.3690694,0 115.1394418,-8.3690737,0 115.1394111,-8.3690848,0 115.1393681,-8.3690942,0 115.1393252,-8.3690983,0 115.1392823,-8.3690996,0 115.1392394,-8.3691008,0 115.1391965,-8.3691054,0 115.1391536,-8.3691149,0 115.1391495,-8.3691162,0 115.1391107,-8.3691293,0 115.1390677,-8.3691457,0 115.1390356,-8.3691586,0 115.1390248,-8.3691633,0 115.1389819,-8.3691815,0 115.1389390,-8.3691979,0 115.1389300,-8.3692011,0 115.1388961,-8.3692130,0 115.1388532,-8.3692273,0 115.1388102,-8.3692428,0 115.1388085,-8.3692435,0 115.1387673,-8.3692652,0 115.1387378,-8.3692860,0 115.1387244,-8.3693025,0 115.1387056,-8.3693284,0 115.1386937,-8.3693709,0 115.1386971,-8.3694134,0 115.1387146,-8.3694558,0 115.1387244,-8.3694696,0 115.1387438,-8.3694983,0 115.1387673,-8.3695256,0 115.1387792,-8.3695407,0 115.1388070,-8.3695832,0 115.1388102,-8.3695904,0 115.1388227,-8.3696257,0 115.1388364,-8.3696681,0 115.1388532,-8.3697078,0 115.1388542,-8.3697106,0 115.1388803,-8.3697530,0 115.1388961,-8.3697721,0 115.1389152,-8.3697955,0 115.1389390,-8.3698215,0 115.1389548,-8.3698379,0 115.1389819,-8.3698647,0 115.1390019,-8.3698804,0 115.1390248,-8.3698965,0 115.1390677,-8.3699116,0 115.1391107,-8.3699149,0 115.1391536,-8.3699119,0 115.1391965,-8.3699057,0 115.1392394,-8.3698965,0 115.1392823,-8.3698827,0 115.1392883,-8.3698804,0 115.1393252,-8.3698627,0 115.1393681,-8.3698422,0 115.1393939,-8.3698379,0 115.1394111,-8.3698354,0 115.1394212,-8.3698379,0 115.1394540,-8.3698468,0 115.1394969,-8.3698682,0 115.1395175,-8.3698804,0 115.1395398,-8.3698948,0 115.1395814,-8.3699229,0 115.1395827,-8.3699239,0 115.1396256,-8.3699603,0 115.1396313,-8.3699653,0 115.1396686,-8.3700020,0 115.1396742,-8.3700078,0 115.1397110,-8.3700502,0 115.1397115,-8.3700509,0 115.1397364,-8.3700927,0 115.1397521,-8.3701352,0 115.1397544,-8.3701465,0 115.1397595,-8.3701776,0 115.1397645,-8.3702201,0 115.1397712,-8.3702625,0 115.1397834,-8.3703050,0 115.1397973,-8.3703333,0 115.1398068,-8.3703474,0 115.1398402,-8.3703807,0 115.1398545,-8.3703899,0 115.1398831,-8.3704072,0 115.1399260,-8.3704272,0 115.1399389,-8.3704324,0 115.1399690,-8.3704478,0 115.1400119,-8.3704675,0 115.1400314,-8.3704748,0 115.1400548,-8.3704846,0 115.1400977,-8.3704954,0 115.1401406,-8.3704994,0 115.1401835,-8.3704978,0 115.1402265,-8.3704907,0 115.1402694,-8.3704758,0 115.1402714,-8.3704748,0 115.1403123,-8.3704549,0 115.1403518,-8.3704324,0 115.1403552,-8.3704308,0 115.1403981,-8.3704178,0 115.1404410,-8.3704179,0 115.1404839,-8.3704303,0 115.1404885,-8.3704324,0 115.1405269,-8.3704541,0 115.1405685,-8.3704748,0 115.1405698,-8.3704755,0 115.1406127,-8.3704922,0 115.1406556,-8.3705053,0 115.1406904,-8.3705173,0 115.1406985,-8.3705211,0 115.1407414,-8.3705531,0 115.1407472,-8.3705597,0 115.1407604,-8.3706022,0 115.1407524,-8.3706446,0 115.1407414,-8.3706665,0 115.1407304,-8.3706871,0 115.1407039,-8.3707296,0 115.1406985,-8.3707388,0 115.1406792,-8.3707720,0 115.1406581,-8.3708145,0 115.1406556,-8.3708191,0 115.1406332,-8.3708569,0 115.1406127,-8.3708896,0 115.1406057,-8.3708994,0 115.1405734,-8.3709419,0 115.1405698,-8.3709465,0 115.1405359,-8.3709843,0 115.1405269,-8.3709945,0 115.1404913,-8.3710268,0 115.1404839,-8.3710341,0 115.1404415,-8.3710692,0 115.1404410,-8.3710698,0 115.1404024,-8.3711117,0 115.1403981,-8.3711189,0 115.1403764,-8.3711541,0 115.1403552,-8.3711885,0 115.1403487,-8.3711966,0 115.1403123,-8.3712274,0 115.1402929,-8.3712391,0 115.1402694,-8.3712511,0 115.1402265,-8.3712778,0 115.1402224,-8.3712815,0 115.1401965,-8.3713240,0 115.1401859,-8.3713664,0 115.1401835,-8.3713774,0 115.1401775,-8.3714089,0 115.1401627,-8.3714514,0 115.1401406,-8.3714832,0 115.1401296,-8.3714938,0 115.1400977,-8.3715144,0 115.1400548,-8.3715306,0 115.1400315,-8.3715363,0 115.1400119,-8.3715419,0 115.1399690,-8.3715557,0 115.1399284,-8.3715787,0 115.1399260,-8.3715806,0 115.1398844,-8.3716212,0 115.1398831,-8.3716226,0 115.1398518,-8.3716636,0 115.1398402,-8.3716849,0 115.1398319,-8.3717061,0 115.1398189,-8.3717486,0 115.1398058,-8.3717910,0 115.1397973,-8.3718115,0 115.1397878,-8.3718335,0 115.1397652,-8.3718759,0 115.1397544,-8.3718959,0 115.1397395,-8.3719184,0 115.1397212,-8.3719609,0 115.1397169,-8.3720033,0 115.1397202,-8.3720458,0 115.1397240,-8.3720882,0 115.1397214,-8.3721307,0 115.1397115,-8.3721665,0 115.1397046,-8.3721731,0 115.1396686,-8.3721929,0 115.1396287,-8.3721731,0 115.1396256,-8.3721712,0 115.1395827,-8.3721307,0 115.1395827,-8.3721307,0 115.1395398,-8.3721130,0 115.1394969,-8.3721138,0 115.1394540,-8.3721181,0 115.1394111,-8.3721189,0 115.1393681,-8.3721099,0 115.1393356,-8.3720882,0 115.1393252,-8.3720741,0 115.1393127,-8.3720458,0 115.1393031,-8.3720033,0 115.1392944,-8.3719609,0 115.1392823,-8.3719195,0 115.1392820,-8.3719184,0 115.1392664,-8.3718759,0 115.1392477,-8.3718335,0 115.1392394,-8.3718178,0 115.1392216,-8.3717910,0 115.1391965,-8.3717621,0 115.1391802,-8.3717486,0 115.1391536,-8.3717299,0 115.1391118,-8.3717061,0 115.1391107,-8.3717055,0 115.1390677,-8.3716863,0 115.1390248,-8.3716725,0 115.1389819,-8.3716675,0 115.1389390,-8.3716688,0 115.1388961,-8.3716736,0 115.1388532,-8.3716781,0 115.1388102,-8.3716808,0 115.1387673,-8.3716827,0 115.1387244,-8.3716846,0 115.1386815,-8.3716874,0 115.1386386,-8.3716909,0 115.1385957,-8.3716943,0 115.1385528,-8.3716962,0 115.1385098,-8.3716954,0 115.1384669,-8.3716917,0 115.1384240,-8.3716877,0 115.1383811,-8.3716853,0 115.1383382,-8.3716870,0 115.1382953,-8.3716951,0 115.1382656,-8.3717061,0 115.1382524,-8.3717127,0 115.1382094,-8.3717454,0 115.1382059,-8.3717486,0 115.1381665,-8.3717875,0 115.1381629,-8.3717910,0 115.1381236,-8.3718254,0 115.1381145,-8.3718335,0 115.1380807,-8.3718626,0 115.1380664,-8.3718759,0 115.1380378,-8.3719047,0 115.1380262,-8.3719184,0 115.1379997,-8.3719609,0 115.1379949,-8.3719768,0 115.1379892,-8.3720033,0 115.1379899,-8.3720458,0 115.1379949,-8.3720723,0 115.1379985,-8.3720882,0 115.1380141,-8.3721307,0 115.1380300,-8.3721731,0 115.1380378,-8.3721965,0 115.1380459,-8.3722156,0 115.1380609,-8.3722581,0 115.1380717,-8.3723005,0 115.1380807,-8.3723405,0 115.1380813,-8.3723430,0 115.1380934,-8.3723854,0 115.1381069,-8.3724279,0 115.1381221,-8.3724703,0 115.1381236,-8.3724739,0 115.1381386,-8.3725128,0 115.1381538,-8.3725553,0 115.1381665,-8.3725931,0 115.1381681,-8.3725977,0 115.1381841,-8.3726402,0 115.1382050,-8.3726826,0 115.1382094,-8.3726893,0 115.1382416,-8.3727251,0 115.1382524,-8.3727340,0 115.1382953,-8.3727619,0 115.1383042,-8.3727676,0 115.1383382,-8.3727887,0 115.1383645,-8.3728100,0 115.1383811,-8.3728247,0 115.1384068,-8.3728525,0 115.1384240,-8.3728713,0 115.1384456,-8.3728949,0 115.1384669,-8.3729176,0 115.1384886,-8.3729374,0 115.1385098,-8.3729575,0 115.1385395,-8.3729798,0 115.1385528,-8.3729911,0 115.1385957,-8.3730197,0 115.1386012,-8.3730223,0 115.1386386,-8.3730421,0 115.1386815,-8.3730586,0 115.1387091,-8.3730648,0 115.1387244,-8.3730684,0 115.1387673,-8.3730728,0 115.1388102,-8.3730806,0 115.1388362,-8.3731072,0 115.1388532,-8.3731181,0 115.1388763,-8.3731497,0 115.1388961,-8.3731658,0 115.1389174,-8.3731921,0 115.1389390,-8.3732145,0 115.1389541,-8.3732346,0 115.1389819,-8.3732751,0 115.1389831,-8.3732770,0 115.1390040,-8.3733195,0 115.1390200,-8.3733620,0 115.1390248,-8.3733745,0 115.1390376,-8.3734044,0 115.1390613,-8.3734469,0 115.1390677,-8.3734558,0 115.1390965,-8.3734893,0 115.1391107,-8.3735048,0 115.1391355,-8.3735318,0 115.1391536,-8.3735544,0 115.1391675,-8.3735743,0 115.1391930,-8.3736167,0 115.1391965,-8.3736224,0 115.1392174,-8.3736592,0 115.1392394,-8.3736958,0 115.1392428,-8.3737016,0 115.1392681,-8.3737441,0 115.1392823,-8.3737706,0 115.1392912,-8.3737865,0 115.1393114,-8.3738290,0 115.1393252,-8.3738635,0 115.1393290,-8.3738715,0 115.1393474,-8.3739139,0 115.1393667,-8.3739564,0 115.1393681,-8.3739594,0 115.1393875,-8.3739988,0 115.1394090,-8.3740413,0 115.1394111,-8.3740451,0 115.1394304,-8.3740837,0 115.1394540,-8.3741259,0 115.1394541,-8.3741262,0 115.1394791,-8.3741687,0 115.1394969,-8.3741964,0 115.1395063,-8.3742111,0 115.1395364,-8.3742536,0 115.1395398,-8.3742580,0 115.1395747,-8.3742960,0 115.1395827,-8.3743038,0 115.1396256,-8.3743381,0 115.1396261,-8.3743385,0 115.1396686,-8.3743719,0 115.1396788,-8.3743810,0 115.1397115,-8.3744145,0 115.1397187,-8.3744234,0 115.1397502,-8.3744659,0 115.1397544,-8.3744719,0 115.1397789,-8.3745083,0 115.1397973,-8.3745362,0 115.1398067,-8.3745508,0 115.1398402,-8.3745895,0 115.1398432,-8.3745932,0 115.1398585,-8.3746357,0 115.1398690,-8.3746782,0</coordinates></LineString></Placemark>
<Placemark><name>600 m</name><styleUrl>#k</styleUrl><LineString><tessellate>1</tessellate><coordinates>115.1412135,-8.3685111,0 115.1411831,-8.3684793,0 115.1411706,-8.3684687,0 115.1411287,-8.3684368,0 115.1411277,-8.3684361,0 115.1410848,-8.3684079,0 115.1410626,-8.3683944,0 115.1410418,-8.3683816,0 115.1409989,-8.3683551,0 115.1409940,-8.3683519,0 115.1409560,-8.3683277,0 115.1409316,-8.3683094,0 115.1409131,-8.3682953,0 115.1408812,-8.3682670,0 115.1408702,-8.3682562,0 115.1408411,-8.3682245,0 115.1408273,-8.3682073,0 115.1408073,-8.3681821,0 115.1407844,-8.3681498,0 115.1407761,-8.3681396,0 115.1407432,-8.3680972,0 115.1407414,-8.3680948,0 115.1407037,-8.3680547,0 115.1406985,-8.3680482,0 115.1406667,-8.3680122,0 115.1406556,-8.3679944,0 115.1406412,-8.3679698,0 115.1406220,-8.3679273,0 115.1406127,-8.3679068,0 115.1406017,-8.3678849,0 115.1405714,-8.3678424,0</coordinates></LineString></Placemark>
<Placemark><name>600 m</name><styleUrl>#k</styleUrl><LineString><tessellate>1</tessellate><coordinates>115.1382171,-8.3746782,0 115.1382094,-8.3746712,0 115.1381676,-8.3746357,0 115.1381665,-8.3746349,0 115.1381236,-8.3746033,0 115.1381099,-8.3745932,0 115.1380807,-8.3745804,0 115.1380378,-8.3745599,0 115.1380221,-8.3745508,0 115.1379949,-8.3745220,0 115.1379844,-8.3745083,0 115.1379566,-8.3744659,0 115.1379519,-8.3744582,0 115.1379318,-8.3744234,0 115.1379090,-8.3743858,0 115.1379058,-8.3743810,0 115.1378750,-8.3743385,0 115.1378661,-8.3743270,0 115.1378374,-8.3742960,0 115.1378232,-8.3742796,0 115.1377963,-8.3742536,0 115.1377803,-8.3742342,0 115.1377592,-8.3742111,0 115.1377374,-8.3741793,0 115.1377290,-8.3741687,0 115.1377000,-8.3741262,0 115.1376945,-8.3741177,0 115.1376645,-8.3740837,0 115.1376515,-8.3740677,0 115.1376201,-8.3740413,0 115.1376086,-8.3740290,0 115.1375657,-8.3739998,0 115.1375624,-8.3739988,0 115.1375228,-8.3739810,0 115.1374799,-8.3739962,0 115.1374779,-8.3739988,0 115.1374500,-8.3740413,0 115.1374370,-8.3740716,0 115.1374341,-8.3740837,0 115.1374254,-8.3741262,0 115.1374167,-8.3741687,0 115.1374067,-8.3742111,0 115.1373953,-8.3742536,0 115.1373940,-8.3742574,0 115.1373824,-8.3742960,0 115.1373656,-8.3743385,0 115.1373511,-8.3743649,0 115.1373415,-8.3743810,0 115.1373093,-8.3744234,0 115.1373082,-8.3744247,0 115.1372769,-8.3744659,0 115.1372653,-8.3744844,0 115.1372521,-8.3745083,0 115.1372385,-8.3745508,0 115.1372309,-8.3745932,0 115.1372295,-8.3746357,0 115.1372281,-8.3746782,0</coordinates></LineString></Placemark>
<Placemark><name>602 m</name><styleUrl>#k</styleUrl><LineString><tessellate>1</tessellate><coordinates>115.1398108,-8.3678424,0 115.1398034,-8.3678849,0 115.1397973,-8.3679001,0 115.1397864,-8.3679273,0 115.1397626,-8.3679698,0 115.1397544,-8.3679823,0 115.1397373,-8.3680122,0 115.1397166,-8.3680547,0 115.1397115,-8.3680674,0 115.1397019,-8.3680972,0 115.1396918,-8.3681396,0 115.1396852,-8.3681821,0 115.1396819,-8.3682245,0 115.1396810,-8.3682670,0 115.1396821,-8.3683094,0 115.1396845,-8.3683519,0 115.1396873,-8.3683944,0 115.1396897,-8.3684368,0 115.1396918,-8.3684793,0 115.1396938,-8.3685217,0 115.1396960,-8.3685642,0 115.1396980,-8.3686067,0 115.1396980,-8.3686491,0 115.1396938,-8.3686916,0 115.1396830,-8.3687340,0 115.1396686,-8.3687690,0 115.1396652,-8.3687765,0 115.1396420,-8.3688189,0 115.1396256,-8.3688455,0 115.1396155,-8.3688614,0 115.1395834,-8.3689039,0 115.1395827,-8.3689046,0 115.1395398,-8.3689440,0 115.1395366,-8.3689463,0 115.1394969,-8.3689716,0 115.1394622,-8.3689888,0 115.1394540,-8.3689927,0 115.1394111,-8.3690067,0 115.1393681,-8.3690134,0 115.1393252,-8.3690129,0 115.1392823,-8.3690087,0 115.1392394,-8.3690053,0 115.1391965,-8.3690075,0 115.1391536,-8.3690169,0 115.1391107,-8.3690293,0 115.1391044,-8.3690312,0 115.1390677,-8.3690436,0 115.1390248,-8.3690572,0 115.1389819,-8.3690704,0 115.1389715,-8.3690737,0 115.1389390,-8.3690851,0 115.1388961,-8.3691002,0 115.1388532,-8.3691144,0 115.1388467,-8.3691162,0 115.1388102,-8.3691260,0 115.1387673,-8.3691364,0 115.1387244,-8.3691466,0 115.1386815,-8.3691577,0 115.1386785,-8.3691586,0 115.1386386,-8.3691732,0 115.1385957,-8.3691907,0 115.1385710,-8.3692011,0 115.1385528,-8.3692104,0 115.1385098,-8.3692289,0 115.1384669,-8.3692425,0 115.1384633,-8.3692435,0 115.1384240,-8.3692566,0 115.1383811,-8.3692702,0 115.1383382,-8.3692853,0 115.1383367,-8.3692860,0 115.1382953,-8.3693079,0 115.1382581,-8.3693284,0 115.1382524,-8.3693322,0 115.1382094,-8.3693640,0 115.1382012,-8.3693709,0 115.1381665,-8.3694090,0 115.1381633,-8.3694134,0 115.1381455,-8.3694558,0 115.1381421,-8.3694983,0 115.1381572,-8.3695407,0 115.1381665,-8.3695513,0 115.1382094,-8.3695742,0 115.1382524,-8.3695792,0 115.1382953,-8.3695743,0 115.1383382,-8.3695648,0 115.1383811,-8.3695566,0 115.1384240,-8.3695524,0 115.1384669,-8.3695529,0 115.1385098,-8.3695587,0 115.1385528,-8.3695713,0 115.1385776,-8.3695832,0 115.1385957,-8.3695906,0 115.1386386,-8.3696167,0 115.1386494,-8.3696257,0 115.1386815,-8.3696512,0 115.1386974,-8.3696681,0 115.1387244,-8.3696961,0 115.1387355,-8.3697106,0 115.1387673,-8.3697459,0 115.1387729,-8.3697530,0 115.1388102,-8.3697921,0 115.1388132,-8.3697955,0 115.1388532,-8.3698365,0 115.1388545,-8.3698379,0 115.1388930,-8.3698804,0 115.1388961,-8.3698842,0 115.1389289,-8.3699229,0 115.1389390,-8.3699353,0 115.1389719,-8.3699653,0 115.1389819,-8.3699731,0 115.1390248,-8.3699900,0 115.1390677,-8.3699908,0 115.1391107,-8.3699836,0 115.1391536,-8.3699748,0 115.1391965,-8.3699675,0 115.1392241,-8.3699653,0 115.1392394,-8.3699640,0 115.1392823,-8.3699648,0 115.1392869,-8.3699653,0 115.1393252,-8.3699709,0 115.1393681,-8.3699854,0 115.1394099,-8.3700078,0 115.1394111,-8.3700085,0 115.1394540,-8.3700290,0 115.1394969,-8.3700479,0 115.1395017,-8.3700502,0 115.1395398,-8.3700647,0 115.1395827,-8.3700908,0 115.1395849,-8.3700927,0 115.1396256,-8.3701286,0 115.1396309,-8.3701352,0 115.1396578,-8.3701776,0 115.1396686,-8.3702037,0 115.1396736,-8.3702201,0 115.1396824,-8.3702625,0 115.1396896,-8.3703050,0 115.1396986,-8.3703474,0 115.1397115,-8.3703847,0 115.1397136,-8.3703899,0 115.1397419,-8.3704324,0 115.1397544,-8.3704462,0 115.1397863,-8.3704748,0 115.1397973,-8.3704849,0 115.1398360,-8.3705173,0 115.1398402,-8.3705218,0 115.1398779,-8.3705597,0 115.1398831,-8.3705665,0 115.1399155,-8.3706022,0 115.1399260,-8.3706149,0 115.1399565,-8.3706446,0 115.1399690,-8.3706577,0 115.1400008,-8.3706871,0 115.1400119,-8.3706979,0 115.1400458,-8.3707296,0 115.1400548,-8.3707376,0 115.1400874,-8.3707720,0 115.1400977,-8.3707829,0 115.1401196,-8.3708145,0 115.1401406,-8.3708569,0 115.1401406,-8.3708569,0 115.1401531,-8.3708994,0 115.1401592,-8.3709419,0 115.1401587,-8.3709843,0 115.1401497,-8.3710268,0 115.1401406,-8.3710446,0 115.1401195,-8.3710692,0 115.1400977,-8.3710849,0 115.1400548,-8.3710984,0 115.1400119,-8.3710995,0 115.1399690,-8.3710933,0 115.1399260,-8.3710894,0 115.1398900,-8.3711117,0 115.1398846,-8.3711541,0 115.1398974,-8.3711966,0 115.1399046,-8.3712391,0 115.1398831,-8.3712703,0 115.1398402,-8.3712730,0 115.1397973,-8.3712560,0 115.1397544,-8.3712532,0 115.1397243,-8.3712815,0 115.1397301,-8.3713240,0 115.1397444,-8.3713664,0 115.1397386,-8.3714089,0 115.1397115,-8.3714440,0 115.1396876,-8.3714514,0 115.1396686,-8.3714549,0 115.1396530,-8.3714514,0 115.1396256,-8.3714418,0 115.1395827,-8.3714330,0 115.1395398,-8.3714474,0 115.1395356,-8.3714514,0 115.1395116,-8.3714938,0 115.1395012,-8.3715363,0 115.1395255,-8.3715787,0 115.1395398,-8.3715877,0 115.1395582,-8.3716212,0 115.1395759,-8.3716636,0 115.1395827,-8.3717061,0 115.1395737,-8.3717486,0 115.1395398,-8.3717910,0 115.1395398,-8.3717910,0 115.1394969,-8.3718213,0 115.1394568,-8.3718335,0 115.1394540,-8.3718341,0 115.1394520,-8.3718335,0 115.1394111,-8.3718153,0 115.1393939,-8.3717910,0 115.1393796,-8.3717486,0 115.1393816,-8.3717061,0 115.1393939,-8.3716636,0 115.1394111,-8.3716212,0 115.1394111,-8.3716212,0 115.1394111,-8.3716212,0 115.1393681,-8.3716116,0 115.1393252,-8.3716156,0 115.1392823,-8.3716164,0 115.1392394,-8.3716120,0 115.1391965,-8.3716015,0 115.1391536,-8.3715864,0 115.1391341,-8.3715787,0 115.1391107,-8.3715706,0 115.1390677,-8.3715581,0 115.1390248,-8.3715506,0 115.1389819,-8.3715478,0 115.1389390,-8.3715477,0 115.1388961,-8.3715482,0 115.1388532,-8.3715474,0 115.1388102,-8.3715438,0 115.1387673,-8.3715365,0 115.1387661,-8.3715363,0 115.1387244,-8.3715255,0 115.1386815,-8.3715075,0 115.1386581,-8.3714938,0 115.1386386,-8.3714823,0 115.1385957,-8.3714542,0 115.1385897,-8.3714514,0 115.1385528,-8.3714395,0 115.1385098,-8.3714401,0 115.1384836,-8.3714514,0 115.1384669,-8.3714622,0 115.1384254,-8.3714938,0 115.1384240,-8.3714948,0 115.1383811,-8.3715165,0 115.1383382,-8.3715239,0 115.1382953,-8.3715216,0 115.1382524,-8.3715150,0 115.1382094,-8.3715094,0 115.1381665,-8.3715104,0 115.1381236,-8.3715217,0 115.1380936,-8.3715363,0 115.1380807,-8.3715433,0 115.1380378,-8.3715756,0 115.1380343,-8.3715787,0 115.1379949,-8.3716196,0 115.1379935,-8.3716212,0 115.1379649,-8.3716636,0 115.1379519,-8.3716872,0 115.1379423,-8.3717061,0 115.1379227,-8.3717486,0 115.1379090,-8.3717737,0 115.1379001,-8.3717910,0 115.1378748,-8.3718335,0 115.1378661,-8.3718486,0 115.1378529,-8.3718759,0 115.1378391,-8.3719184,0 115.1378346,-8.3719609,0 115.1378398,-8.3720033,0 115.1378530,-8.3720458,0 115.1378661,-8.3720730,0 115.1378730,-8.3720882,0 115.1378964,-8.3721307,0 115.1379090,-8.3721526,0 115.1379198,-8.3721731,0 115.1379395,-8.3722156,0 115.1379519,-8.3722499,0 115.1379550,-8.3722581,0 115.1379663,-8.3723005,0 115.1379738,-8.3723430,0 115.1379815,-8.3723854,0 115.1379935,-8.3724279,0 115.1379949,-8.3724310,0 115.1380138,-8.3724703,0 115.1380378,-8.3725081,0 115.1380405,-8.3725128,0 115.1380651,-8.3725553,0 115.1380807,-8.3725867,0 115.1380855,-8.3725977,0 115.1381009,-8.3726402,0 115.1381140,-8.3726826,0 115.1381236,-8.3727109,0 115.1381291,-8.3727251,0 115.1381527,-8.3727676,0 115.1381665,-8.3727848,0 115.1381958,-8.3728100,0 115.1382094,-8.3728196,0 115.1382524,-8.3728427,0 115.1382708,-8.3728525,0 115.1382953,-8.3728659,0 115.1383366,-8.3728949,0 115.1383382,-8.3728961,0 115.1383809,-8.3729374,0 115.1383811,-8.3729376,0 115.1384193,-8.3729798,0 115.1384240,-8.3729851,0 115.1384575,-8.3730223,0 115.1384669,-8.3730327,0 115.1384980,-8.3730648,0 115.1385098,-8.3730760,0 115.1385471,-8.3731072,0 115.1385528,-8.3731113,0 115.1385957,-8.3731393,0 115.1386131,-8.3731497,0 115.1386386,-8.3731633,0 115.1386815,-8.3731849,0 115.1386990,-8.3731921,0 115.1387244,-8.3732016,0 115.1387673,-8.3732151,0 115.1388102,-8.3732298,0 115.1388204,-8.3732346,0 115.1388532,-8.3732495,0 115.1388895,-8.3732770,0 115.1388961,-8.3732830,0 115.1389242,-8.3733195,0 115.1389390,-8.3733471,0 115.1389458,-8.3733620,0 115.1389629,-8.3734044,0 115.1389815,-8.3734469,0 115.1389819,-8.3734476,0 115.1390075,-8.3734893,0 115.1390248,-8.3735115,0 115.1390423,-8.3735318,0 115.1390677,-8.3735596,0 115.1390811,-8.3735743,0 115.1391107,-8.3736094,0 115.1391162,-8.3736167,0 115.1391471,-8.3736592,0 115.1391536,-8.3736682,0 115.1391766,-8.3737016,0 115.1391965,-8.3737323,0 115.1392039,-8.3737441,0 115.1392275,-8.3737865,0 115.1392394,-8.3738148,0 115.1392456,-8.3738290,0 115.1392584,-8.3738715,0 115.1392686,-8.3739139,0 115.1392787,-8.3739564,0 115.1392823,-8.3739694,0 115.1392921,-8.3739988,0 115.1393105,-8.3740413,0 115.1393252,-8.3740696,0 115.1393331,-8.3740837,0 115.1393600,-8.3741262,0 115.1393681,-8.3741374,0 115.1393894,-8.3741687,0 115.1394111,-8.3741978,0 115.1394202,-8.3742111,0 115.1394502,-8.3742536,0 115.1394540,-8.3742590,0 115.1394802,-8.3742960,0 115.1394969,-8.3743190,0 115.1395131,-8.3743385,0 115.1395398,-8.3743681,0 115.1395542,-8.3743810,0 115.1395827,-8.3744064,0 115.1396033,-8.3744234,0 115.1396256,-8.3744443,0 115.1396468,-8.3744659,0 115.1396686,-8.3744921,0 115.1396808,-8.3745083,0 115.1397097,-8.3745508,0 115.1397115,-8.3745525,0 115.1397513,-8.3745932,0 115.1397544,-8.3745989,0 115.1397723,-8.3746357,0 115.1397889,-8.3746782,0</coordinates></LineString></Placemark>
<Placemark><name>602 m</name><styleUrl>#k</styleUrl><LineString><tessellate>1</tessellate><coordinates>115.1412135,-8.3684107,0 115.1411927,-8.3683944,0 115.1411706,-8.3683770,0 115.1411382,-8.3683519,0 115.1411277,-8.3683437,0 115.1410848,-8.3683130,0 115.1410794,-8.3683094,0 115.1410418,-8.3682850,0 115.1410149,-8.3682670,0 115.1409989,-8.3682561,0 115.1409577,-8.3682245,0 115.1409560,-8.3682232,0 115.1409131,-8.3681821,0 115.1409131,-8.3681821,0 115.1408786,-8.3681396,0 115.1408702,-8.3681275,0 115.1408497,-8.3680972,0 115.1408273,-8.3680594,0 115.1408243,-8.3680547,0 115.1407991,-8.3680122,0 115.1407844,-8.3679853,0 115.1407745,-8.3679698,0 115.1407500,-8.3679273,0 115.1407414,-8.3679120,0 115.1407252,-8.3678849,0 115.1407000,-8.3678424,0</coordinates></LineString></Placemark>
<Placemark><name>602 m</name><styleUrl>#k</styleUrl><LineString><tessellate>1</tessellate><coordinates>115.1383014,-8.3746782,0 115.1382953,-8.3746714,0 115.1382586,-8.3746357,0 115.1382524,-8.3746304,0 115.1382094,-8.3745975,0 115.1382035,-8.3745932,0 115.1381665,-8.3745777,0 115.1381236,-8.3745602,0 115.1381017,-8.3745508,0 115.1380807,-8.3745356,0 115.1380485,-8.3745083,0 115.1380378,-8.3744979,0 115.1380117,-8.3744659,0 115.1379949,-8.3744425,0 115.1379832,-8.3744234,0 115.1379576,-8.3743810,0 115.1379519,-8.3743720,0 115.1379305,-8.3743385,0 115.1379090,-8.3743079,0 115.1378999,-8.3742960,0 115.1378675,-8.3742536,0 115.1378661,-8.3742517,0 115.1378350,-8.3742111,0 115.1378232,-8.3741922,0 115.1378071,-8.3741687,0 115.1377845,-8.3741262,0 115.1377803,-8.3741166,0 115.1377631,-8.3740837,0 115.1377430,-8.3740413,0 115.1377374,-8.3740278,0 115.1377225,-8.3739988,0 115.1377055,-8.3739564,0 115.1376945,-8.3739179,0 115.1376931,-8.3739139,0 115.1376802,-8.3738715,0 115.1376656,-8.3738290,0 115.1376515,-8.3738013,0 115.1376406,-8.3737865,0 115.1376086,-8.3737554,0 115.1375880,-8.3737441,0 115.1375657,-8.3737333,0 115.1375228,-8.3737270,0 115.1374799,-8.3737378,0 115.1374706,-8.3737441,0 115.1374370,-8.3737674,0 115.1374170,-8.3737865,0 115.1373940,-8.3738104,0 115.1373792,-8.3738290,0 115.1373517,-8.3738715,0 115.1373511,-8.3738725,0 115.1373347,-8.3739139,0 115.1373239,-8.3739564,0 115.1373184,-8.3739988,0 115.1373175,-8.3740413,0 115.1373186,-8.3740837,0 115.1373194,-8.3741262,0 115.1373177,-8.3741687,0 115.1373121,-8.3742111,0 115.1373082,-8.3742272,0 115.1373016,-8.3742536,0 115.1372850,-8.3742960,0 115.1372653,-8.3743310,0 115.1372606,-8.3743385,0 115.1372279,-8.3743810,0 115.1372224,-8.3743878,0 115.1371925,-8.3744234,0 115.1371795,-8.3744420,0 115.1371621,-8.3744659,0 115.1371429,-8.3745083,0 115.1371366,-8.3745445,0 115.1371355,-8.3745508,0 115.1371366,-8.3745633,0 115.1371387,-8.3745932,0 115.1371448,-8.3746357,0 115.1371511,-8.3746782,0</coordinates></LineString></Placemark>
<Placemark><name>604 m</name><styleUrl>#k</styleUrl><LineString><tessellate>1</tessellate><coordinates>115.1396404,-8.3678424,0 115.1396260,-8.3678849,0 115.1396256,-8.3678864,0 115.1396177,-8.3679273,0 115.1396130,-8.3679698,0 115.1396105,-8.3680122,0 115.1396083,-8.3680547,0 115.1396057,-8.3680972,0 115.1396031,-8.3681396,0 115.1396004,-8.3681821,0 115.1395978,-8.3682245,0 115.1395955,-8.3682670,0 115.1395951,-8.3683094,0 115.1395979,-8.3683519,0 115.1396049,-8.3683944,0 115.1396138,-8.3684368,0 115.1396218,-8.3684793,0 115.1396256,-8.3685076,0 115.1396273,-8.3685217,0 115.1396295,-8.3685642,0 115.1396280,-8.3686067,0 115.1396256,-8.3686256,0 115.1396222,-8.3686491,0 115.1396106,-8.3686916,0 115.1395941,-8.3687340,0 115.1395827,-8.3687592,0 115.1395745,-8.3687765,0 115.1395508,-8.3688189,0 115.1395398,-8.3688351,0 115.1395181,-8.3688614,0 115.1394969,-8.3688807,0 115.1394615,-8.3689039,0 115.1394540,-8.3689079,0 115.1394111,-8.3689226,0 115.1393681,-8.3689282,0 115.1393252,-8.3689264,0 115.1392823,-8.3689222,0 115.1392394,-8.3689198,0 115.1391965,-8.3689234,0 115.1391536,-8.3689339,0 115.1391150,-8.3689463,0 115.1391107,-8.3689477,0 115.1390677,-8.3689607,0 115.1390248,-8.3689698,0 115.1389819,-8.3689743,0 115.1389390,-8.3689773,0 115.1388961,-8.3689832,0 115.1388773,-8.3689888,0 115.1388532,-8.3689964,0 115.1388102,-8.3690150,0 115.1387690,-8.3690312,0 115.1387673,-8.3690318,0 115.1387244,-8.3690452,0 115.1386815,-8.3690557,0 115.1386386,-8.3690651,0 115.1386028,-8.3690737,0 115.1385957,-8.3690757,0 115.1385528,-8.3690898,0 115.1385098,-8.3691068,0 115.1384886,-8.3691162,0 115.1384669,-8.3691258,0 115.1384240,-8.3691446,0 115.1383910,-8.3691586,0 115.1383811,-8.3691628,0 115.1383382,-8.3691818,0 115.1382967,-8.3692011,0 115.1382953,-8.3692018,0 115.1382524,-8.3692249,0 115.1382196,-8.3692435,0 115.1382094,-8.3692498,0 115.1381665,-8.3692776,0 115.1381546,-8.3692860,0 115.1381236,-8.3693109,0 115.1381039,-8.3693284,0 115.1380807,-8.3693551,0 115.1380687,-8.3693709,0 115.1380483,-8.3694134,0 115.1380383,-8.3694558,0 115.1380378,-8.3694686,0 115.1380367,-8.3694983,0 115.1380378,-8.3695082,0 115.1380419,-8.3695407,0 115.1380557,-8.3695832,0 115.1380807,-8.3696257,0 115.1380807,-8.3696257,0 115.1381236,-8.3696599,0 115.1381418,-8.3696681,0 115.1381665,-8.3696780,0 115.1382094,-8.3696875,0 115.1382524,-8.3696919,0 115.1382953,-8.3696925,0 115.1383382,-8.3696904,0 115.1383811,-8.3696868,0 115.1384240,-8.3696836,0 115.1384669,-8.3696827,0 115.1385098,-8.3696863,0 115.1385528,-8.3696968,0 115.1385838,-8.3697106,0 115.1385957,-8.3697153,0 115.1386386,-8.3697403,0 115.1386552,-8.3697530,0 115.1386815,-8.3697718,0 115.1387096,-8.3697955,0 115.1387244,-8.3698073,0 115.1387590,-8.3698379,0 115.1387673,-8.3698454,0 115.1388030,-8.3698804,0 115.1388102,-8.3698885,0 115.1388390,-8.3699229,0 115.1388532,-8.3699434,0 115.1388687,-8.3699653,0 115.1388961,-8.3700047,0 115.1388988,-8.3700078,0 115.1389390,-8.3700461,0 115.1389462,-8.3700502,0 115.1389819,-8.3700667,0 115.1390248,-8.3700739,0 115.1390677,-8.3700688,0 115.1391107,-8.3700551,0 115.1391242,-8.3700502,0 115.1391536,-8.3700413,0 115.1391965,-8.3700335,0 115.1392394,-8.3700363,0 115.1392762,-8.3700502,0 115.1392823,-8.3700534,0 115.1393252,-8.3700867,0 115.1393323,-8.3700927,0 115.1393681,-8.3701211,0 115.1393918,-8.3701352,0 115.1394111,-8.3701459,0 115.1394540,-8.3701657,0 115.1394780,-8.3701776,0 115.1394969,-8.3701890,0 115.1395359,-8.3702201,0 115.1395398,-8.3702247,0 115.1395653,-8.3702625,0 115.1395818,-8.3703050,0 115.1395827,-8.3703082,0 115.1395932,-8.3703474,0 115.1396054,-8.3703899,0 115.1396236,-8.3704324,0 115.1396256,-8.3704358,0 115.1396496,-8.3704748,0 115.1396686,-8.3705007,0 115.1396818,-8.3705173,0 115.1397115,-8.3705579,0 115.1397129,-8.3705597,0 115.1397345,-8.3706022,0 115.1397429,-8.3706446,0 115.1397410,-8.3706871,0 115.1397327,-8.3707296,0 115.1397271,-8.3707720,0 115.1397290,-8.3708145,0 115.1397323,-8.3708569,0 115.1397320,-8.3708994,0 115.1397234,-8.3709419,0 115.1397115,-8.3709672,0 115.1397029,-8.3709843,0 115.1396686,-8.3710207,0 115.1396610,-8.3710268,0 115.1396256,-8.3710482,0 115.1395890,-8.3710692,0 115.1395827,-8.3710733,0 115.1395406,-8.3711117,0 115.1395398,-8.3711127,0 115.1395127,-8.3711541,0 115.1394969,-8.3711771,0 115.1394803,-8.3711966,0 115.1394540,-8.3712210,0 115.1394258,-8.3712391,0 115.1394111,-8.3712487,0 115.1393681,-8.3712774,0 115.1393629,-8.3712815,0 115.1393277,-8.3713240,0 115.1393252,-8.3713279,0 115.1392996,-8.3713664,0 115.1392823,-8.3713890,0 115.1392609,-8.3714089,0 115.1392394,-8.3714230,0 115.1391965,-8.3714377,0 115.1391536,-8.3714405,0 115.1391107,-8.3714376,0 115.1390677,-8.3714338,0 115.1390248,-8.3714330,0 115.1389819,-8.3714355,0 115.1389390,-8.3714378,0 115.1388961,-8.3714375,0 115.1388532,-8.3714328,0 115.1388102,-8.3714232,0 115.1387680,-8.3714089,0 115.1387673,-8.3714087,0 115.1387244,-8.3713911,0 115.1386815,-8.3713712,0 115.1386721,-8.3713664,0 115.1386386,-8.3713512,0 115.1385957,-8.3713342,0 115.1385617,-8.3713240,0 115.1385528,-8.3713213,0 115.1385098,-8.3713149,0 115.1384669,-8.3713157,0 115.1384240,-8.3713232,0 115.1384209,-8.3713240,0 115.1383811,-8.3713364,0 115.1383382,-8.3713488,0 115.1382953,-8.3713544,0 115.1382524,-8.3713575,0 115.1382094,-8.3713640,0 115.1382019,-8.3713664,0 115.1381665,-8.3713772,0 115.1381236,-8.3713971,0 115.1381040,-8.3714089,0 115.1380807,-8.3714228,0 115.1380418,-8.3714514,0 115.1380378,-8.3714544,0 115.1379949,-8.3714938,0 115.1379949,-8.3714938,0 115.1379529,-8.3715363,0 115.1379519,-8.3715373,0 115.1379105,-8.3715787,0 115.1379090,-8.3715803,0 115.1378709,-8.3716212,0 115.1378661,-8.3716277,0 115.1378386,-8.3716636,0 115.1378232,-8.3716879,0 115.1378113,-8.3717061,0 115.1377860,-8.3717486,0 115.1377803,-8.3717590,0 115.1377632,-8.3717910,0 115.1377444,-8.3718335,0 115.1377374,-8.3718566,0 115.1377319,-8.3718759,0 115.1377243,-8.3719184,0 115.1377211,-8.3719609,0 115.1377226,-8.3720033,0 115.1377303,-8.3720458,0 115.1377374,-8.3720635,0 115.1377474,-8.3720882,0 115.1377789,-8.3721307,0 115.1377803,-8.3721320,0 115.1378184,-8.3721731,0 115.1378232,-8.3721779,0 115.1378505,-8.3722156,0 115.1378661,-8.3722421,0 115.1378734,-8.3722581,0 115.1378850,-8.3723005,0 115.1378889,-8.3723430,0 115.1378890,-8.3723854,0 115.1378900,-8.3724279,0 115.1378985,-8.3724703,0 115.1379090,-8.3724913,0 115.1379209,-8.3725128,0 115.1379519,-8.3725507,0 115.1379555,-8.3725553,0 115.1379889,-8.3725977,0 115.1379949,-8.3726072,0 115.1380110,-8.3726402,0 115.1380249,-8.3726826,0 115.1380359,-8.3727251,0 115.1380378,-8.3727313,0 115.1380483,-8.3727676,0 115.1380686,-8.3728100,0 115.1380807,-8.3728265,0 115.1381024,-8.3728525,0 115.1381236,-8.3728725,0 115.1381524,-8.3728949,0 115.1381665,-8.3729050,0 115.1382094,-8.3729303,0 115.1382223,-8.3729374,0 115.1382524,-8.3729546,0 115.1382911,-8.3729798,0 115.1382953,-8.3729826,0 115.1383382,-8.3730175,0 115.1383430,-8.3730223,0 115.1383811,-8.3730592,0 115.1383863,-8.3730648,0 115.1384240,-8.3731019,0 115.1384293,-8.3731072,0 115.1384669,-8.3731389,0 115.1384803,-8.3731497,0 115.1385098,-8.3731695,0 115.1385452,-8.3731921,0 115.1385528,-8.3731965,0 115.1385957,-8.3732209,0 115.1386198,-8.3732346,0 115.1386386,-8.3732448,0 115.1386815,-8.3732665,0 115.1387064,-8.3732770,0 115.1387244,-8.3732845,0 115.1387673,-8.3733000,0 115.1388102,-8.3733188,0 115.1388114,-8.3733195,0 115.1388532,-8.3733512,0 115.1388620,-8.3733620,0 115.1388902,-8.3734044,0 115.1388961,-8.3734142,0 115.1389129,-8.3734469,0 115.1389375,-8.3734893,0 115.1389390,-8.3734914,0 115.1389687,-8.3735318,0 115.1389819,-8.3735476,0 115.1390056,-8.3735743,0 115.1390248,-8.3735952,0 115.1390445,-8.3736167,0 115.1390677,-8.3736436,0 115.1390805,-8.3736592,0 115.1391107,-8.3736991,0 115.1391125,-8.3737016,0 115.1391415,-8.3737441,0 115.1391536,-8.3737650,0 115.1391660,-8.3737865,0 115.1391840,-8.3738290,0 115.1391945,-8.3738715,0 115.1391965,-8.3738856,0 115.1392008,-8.3739139,0 115.1392062,-8.3739564,0 115.1392139,-8.3739988,0 115.1392259,-8.3740413,0 115.1392394,-8.3740779,0 115.1392420,-8.3740837,0 115.1392652,-8.3741262,0 115.1392823,-8.3741531,0 115.1392935,-8.3741687,0 115.1393252,-8.3742078,0 115.1393280,-8.3742111,0 115.1393646,-8.3742536,0 115.1393681,-8.3742578,0 115.1393978,-8.3742960,0 115.1394111,-8.3743150,0 115.1394273,-8.3743385,0 115.1394540,-8.3743795,0 115.1394550,-8.3743810,0 115.1394869,-8.3744234,0 115.1394969,-8.3744365,0 115.1395242,-8.3744659,0 115.1395398,-8.3744838,0 115.1395627,-8.3745083,0 115.1395827,-8.3745345,0 115.1395948,-8.3745508,0 115.1396256,-8.3745808,0 115.1396385,-8.3745932,0 115.1396658,-8.3746357,0 115.1396686,-8.3746399,0 115.1396918,-8.3746782,0</coordinates></LineString></Placemark>
<Placemark><name>604 m</name><styleUrl>#k</styleUrl><LineString><tessellate>1</tessellate><coordinates>115.1412135,-8.3683237,0 115.1411958,-8.3683094,0 115.1411706,-8.3682896,0 115.1411405,-8.3682670,0 115.1411277,-8.3682579,0 115.1410848,-8.3682286,0 115.1410788,-8.3682245,0 115.1410418,-8.3681991,0 115.1410193,-8.3681821,0 115.1409989,-8.3681653,0 115.1409717,-8.3681396,0 115.1409560,-8.3681226,0 115.1409354,-8.3680972,0 115.1409131,-8.3680648,0 115.1409066,-8.3680547,0 115.1408825,-8.3680122,0 115.1408702,-8.3679881,0 115.1408605,-8.3679698,0 115.1408393,-8.3679273,0 115.1408273,-8.3679031,0 115.1408175,-8.3678849,0 115.1407940,-8.3678424,0</coordinates></LineString></Placemark>
<Placemark><name>604 m</name><styleUrl>#k</styleUrl><LineString><tessellate>1</tessellate><coordinates>115.1383766,-8.3746782,0 115.1383428,-8.3746357,0 115.1383382,-8.3746305,0 115.1382993,-8.3745932,0 115.1382953,-8.3745910,0 115.1382524,-8.3745706,0 115.1382094,-8.3745530,0 115.1382037,-8.3745508,0 115.1381665,-8.3745274,0 115.1381368,-8.3745083,0 115.1381236,-8.3744992,0 115.1380818,-8.3744659,0 115.1380807,-8.3744649,0 115.1380430,-8.3744234,0 115.1380378,-8.3744171,0 115.1380130,-8.3743810,0 115.1379949,-8.3743552,0 115.1379843,-8.3743385,0 115.1379548,-8.3742960,0 115.1379519,-8.3742921,0 115.1379243,-8.3742536,0 115.1379090,-8.3742314,0 115.1378946,-8.3742111,0 115.1378688,-8.3741687,0 115.1378661,-8.3741629,0 115.1378478,-8.3741262,0 115.1378312,-8.3740837,0 115.1378232,-8.3740587,0 115.1378168,-8.3740413,0 115.1378030,-8.3739988,0 115.1377907,-8.3739564,0 115.1377803,-8.3739150,0 115.1377800,-8.3739139,0 115.1377699,-8.3738715,0 115.1377607,-8.3738290,0 115.1377506,-8.3737865,0 115.1377374,-8.3737457,0 115.1377367,-8.3737441,0 115.1377137,-8.3737016,0 115.1376945,-8.3736770,0 115.1376752,-8.3736592,0 115.1376515,-8.3736404,0 115.1376163,-8.3736167,0 115.1376086,-8.3736112,0 115.1375657,-8.3735804,0 115.1375569,-8.3735743,0 115.1375228,-8.3735376,0 115.1375176,-8.3735318,0 115.1374939,-8.3734893,0 115.1374799,-8.3734555,0 115.1374756,-8.3734469,0 115.1374497,-8.3734044,0 115.1374370,-8.3733888,0 115.1374039,-8.3733620,0 115.1373940,-8.3733553,0 115.1373511,-8.3733310,0 115.1373342,-8.3733195,0 115.1373082,-8.3732974,0 115.1372900,-8.3732770,0 115.1372653,-8.3732444,0 115.1372574,-8.3732346,0 115.1372224,-8.3731956,0 115.1372183,-8.3731921,0 115.1371795,-8.3731607,0 115.1371623,-8.3731497,0 115.1371366,-8.3731315,0 115.1370936,-8.3731113,0 115.1370603,-8.3731072,0 115.1370507,-8.3731064,0 115.1370470,-8.3731072,0 115.1370078,-8.3731184,0 115.1369649,-8.3731492,0 115.1369645,-8.3731497,0 115.1369522,-8.3731921,0 115.1369550,-8.3732346,0 115.1369649,-8.3732693,0 115.1369672,-8.3732770,0 115.1369735,-8.3733195,0 115.1369689,-8.3733620,0 115.1369649,-8.3733867,0 115.1369613,-8.3734044,0 115.1369625,-8.3734469,0 115.1369649,-8.3734520,0 115.1369804,-8.3734893,0 115.1370078,-8.3735254,0 115.1370122,-8.3735318,0 115.1370507,-8.3735743,0 115.1370507,-8.3735743,0 115.1370936,-8.3736144,0 115.1370967,-8.3736167,0 115.1371366,-8.3736426,0 115.1371795,-8.3736577,0 115.1372224,-8.3736563,0 115.1372653,-8.3736467,0 115.1373082,-8.3736486,0 115.1373166,-8.3736592,0 115.1373082,-8.3736841,0 115.1373011,-8.3737016,0 115.1372757,-8.3737441,0 115.1372653,-8.3737703,0 115.1372612,-8.3737865,0 115.1372528,-8.3738290,0 115.1372477,-8.3738715,0 115.1372442,-8.3739139,0 115.1372419,-8.3739564,0 115.1372407,-8.3739988,0 115.1372403,-8.3740413,0 115.1372396,-8.3740837,0 115.1372375,-8.3741262,0 115.1372320,-8.3741687,0 115.1372224,-8.3742084,0 115.1372216,-8.3742111,0 115.1372033,-8.3742536,0 115.1371795,-8.3742919,0 115.1371762,-8.3742960,0 115.1371366,-8.3743382,0 115.1371362,-8.3743385,0 115.1370936,-8.3743748,0 115.1370863,-8.3743810,0 115.1370507,-8.3744200,0 115.1370483,-8.3744234,0 115.1370296,-8.3744659,0 115.1370233,-8.3745083,0 115.1370261,-8.3745508,0 115.1370432,-8.3745932,0 115.1370507,-8.3746137,0 115.1370582,-8.3746357,0 115.1370736,-8.3746782,0</coordinates></LineString></Placemark>
<Placemark><name>606 m</name><styleUrl>#k</styleUrl><LineString><tessellate>1</tessellate><coordinates>115.1394990,-8.3678424,0 115.1394969,-8.3678583,0 115.1394938,-8.3678849,0 115.1394930,-8.3679273,0 115.1394948,-8.3679698,0 115.1394969,-8.3679963,0 115.1394982,-8.3680122,0 115.1395019,-8.3680547,0 115.1395045,-8.3680972,0 115.1395059,-8.3681396,0 115.1395051,-8.3681821,0 115.1395022,-8.3682245,0 115.1394985,-8.3682670,0 115.1394969,-8.3683047,0 115.1394967,-8.3683094,0 115.1394969,-8.3683119,0 115.1395001,-8.3683519,0 115.1395114,-8.3683944,0 115.1395278,-8.3684368,0 115.1395398,-8.3684685,0 115.1395432,-8.3684793,0 115.1395525,-8.3685217,0 115.1395542,-8.3685642,0 115.1395479,-8.3686067,0 115.1395398,-8.3686330,0 115.1395342,-8.3686491,0 115.1395150,-8.3686916,0 115.1394969,-8.3687268,0 115.1394927,-8.3687340,0 115.1394646,-8.3687765,0 115.1394540,-8.3687890,0 115.1394164,-8.3688189,0 115.1394111,-8.3688222,0 115.1393681,-8.3688363,0 115.1393252,-8.3688409,0 115.1392823,-8.3688417,0 115.1392394,-8.3688424,0 115.1391965,-8.3688461,0 115.1391536,-8.3688543,0 115.1391270,-8.3688614,0 115.1391107,-8.3688658,0 115.1390677,-8.3688766,0 115.1390248,-8.3688824,0 115.1389819,-8.3688811,0 115.1389390,-8.3688775,0 115.1388961,-8.3688778,0 115.1388532,-8.3688870,0 115.1388176,-8.3689039,0 115.1388102,-8.3689077,0 115.1387673,-8.3689342,0 115.1387454,-8.3689463,0 115.1387244,-8.3689568,0 115.1386815,-8.3689718,0 115.1386386,-8.3689808,0 115.1385957,-8.3689880,0 115.1385917,-8.3689888,0 115.1385528,-8.3689972,0 115.1385098,-8.3690113,0 115.1384669,-8.3690312,0 115.1384669,-8.3690312,0 115.1384240,-8.3690543,0 115.1383885,-8.3690737,0 115.1383811,-8.3690775,0 115.1383382,-8.3690991,0 115.1383030,-8.3691162,0 115.1382953,-8.3691199,0 115.1382524,-8.3691407,0 115.1382161,-8.3691586,0 115.1382094,-8.3691621,0 115.1381665,-8.3691848,0 115.1381373,-8.3692011,0 115.1381236,-8.3692093,0 115.1380807,-8.3692358,0 115.1380680,-8.3692435,0 115.1380378,-8.3692655,0 115.1380108,-8.3692860,0 115.1379949,-8.3693037,0 115.1379755,-8.3693284,0 115.1379603,-8.3693709,0 115.1379557,-8.3694134,0 115.1379560,-8.3694558,0 115.1379599,-8.3694983,0 115.1379664,-8.3695407,0 115.1379758,-8.3695832,0 115.1379887,-8.3696257,0 115.1379949,-8.3696411,0 115.1380088,-8.3696681,0 115.1380378,-8.3697103,0 115.1380380,-8.3697106,0 115.1380807,-8.3697480,0 115.1380892,-8.3697530,0 115.1381236,-8.3697746,0 115.1381665,-8.3697902,0 115.1382094,-8.3697921,0 115.1382524,-8.3697855,0 115.1382953,-8.3697771,0 115.1383382,-8.3697702,0 115.1383811,-8.3697651,0 115.1384240,-8.3697623,0 115.1384669,-8.3697625,0 115.1385098,-8.3697675,0 115.1385528,-8.3697792,0 115.1385887,-8.3697955,0 115.1385957,-8.3697986,0 115.1386386,-8.3698238,0 115.1386583,-8.3698379,0 115.1386815,-8.3698545,0 115.1387130,-8.3698804,0 115.1387244,-8.3698904,0 115.1387572,-8.3699229,0 115.1387673,-8.3699345,0 115.1387913,-8.3699653,0 115.1388102,-8.3699938,0 115.1388195,-8.3700078,0 115.1388479,-8.3700502,0 115.1388532,-8.3700571,0 115.1388876,-8.3700927,0 115.1388961,-8.3701000,0 115.1389390,-8.3701261,0 115.1389623,-8.3701352,0 115.1389819,-8.3701427,0 115.1390248,-8.3701520,0 115.1390677,-8.3701542,0 115.1391107,-8.3701495,0 115.1391536,-8.3701402,0 115.1391965,-8.3701363,0 115.1392394,-8.3701549,0 115.1392702,-8.3701776,0 115.1392823,-8.3701858,0 115.1393252,-8.3702128,0 115.1393387,-8.3702201,0 115.1393681,-8.3702368,0 115.1394088,-8.3702625,0 115.1394111,-8.3702646,0 115.1394437,-8.3703050,0 115.1394540,-8.3703286,0 115.1394612,-8.3703474,0 115.1394709,-8.3703899,0 115.1394793,-8.3704324,0 115.1394919,-8.3704748,0 115.1394969,-8.3704860,0 115.1395129,-8.3705173,0 115.1395398,-8.3705549,0 115.1395426,-8.3705597,0 115.1395579,-8.3706022,0 115.1395600,-8.3706446,0 115.1395568,-8.3706871,0 115.1395545,-8.3707296,0 115.1395570,-8.3707720,0 115.1395631,-8.3708145,0 115.1395685,-8.3708569,0 115.1395651,-8.3708994,0 115.1395414,-8.3709419,0 115.1395398,-8.3709433,0 115.1394969,-8.3709807,0 115.1394927,-8.3709843,0 115.1394540,-8.3710214,0 115.1394485,-8.3710268,0 115.1394125,-8.3710692,0 115.1394111,-8.3710709,0 115.1393681,-8.3711007,0 115.1393252,-8.3711085,0 115.1392823,-8.3711003,0 115.1392394,-8.3710911,0 115.1391965,-8.3711017,0 115.1391838,-8.3711117,0 115.1391536,-8.3711307,0 115.1391124,-8.3711541,0 115.1391107,-8.3711549,0 115.1390677,-8.3711696,0 115.1390248,-8.3711797,0 115.1389819,-8.3711901,0 115.1389625,-8.3711966,0 115.1389390,-8.3712076,0 115.1388973,-8.3712391,0 115.1388961,-8.3712402,0 115.1388532,-8.3712718,0 115.1388210,-8.3712815,0 115.1388102,-8.3712835,0 115.1387673,-8.3712818,0 115.1387659,-8.3712815,0 115.1387244,-8.3712727,0 115.1386815,-8.3712600,0 115.1386386,-8.3712460,0 115.1386178,-8.3712391,0 115.1385957,-8.3712313,0 115.1385528,-8.3712176,0 115.1385098,-8.3712067,0 115.1384669,-8.3711989,0 115.1384431,-8.3711966,0 115.1384240,-8.3711948,0 115.1383811,-8.3711952,0 115.1383704,-8.3711966,0 115.1383382,-8.3712010,0 115.1382953,-8.3712123,0 115.1382524,-8.3712278,0 115.1382285,-8.3712391,0 115.1382094,-8.3712479,0 115.1381665,-8.3712730,0 115.1381542,-8.3712815,0 115.1381236,-8.3713018,0 115.1380922,-8.3713240,0 115.1380807,-8.3713319,0 115.1380378,-8.3713642,0 115.1380351,-8.3713664,0 115.1379949,-8.3714024,0 115.1379887,-8.3714089,0 115.1379519,-8.3714484,0 115.1379493,-8.3714514,0 115.1379092,-8.3714938,0 115.1379090,-8.3714940,0 115.1378661,-8.3715338,0 115.1378631,-8.3715363,0 115.1378232,-8.3715707,0 115.1378132,-8.3715787,0 115.1377803,-8.3716110,0 115.1377696,-8.3716212,0 115.1377374,-8.3716593,0 115.1377335,-8.3716636,0 115.1377020,-8.3717061,0 115.1376945,-8.3717180,0 115.1376762,-8.3717486,0 115.1376560,-8.3717910,0 115.1376515,-8.3718024,0 115.1376392,-8.3718335,0 115.1376223,-8.3718759,0 115.1376086,-8.3719065,0 115.1376015,-8.3719184,0 115.1375739,-8.3719609,0 115.1375657,-8.3719744,0 115.1375440,-8.3720033,0 115.1375228,-8.3720382,0 115.1375185,-8.3720458,0 115.1375016,-8.3720882,0 115.1374864,-8.3721307,0 115.1374799,-8.3721519,0 115.1374743,-8.3721731,0 115.1374672,-8.3722156,0 115.1374709,-8.3722581,0 115.1374799,-8.3722730,0 115.1375228,-8.3722981,0 115.1375657,-8.3722985,0 115.1376086,-8.3722930,0 115.1376515,-8.3722875,0 115.1376945,-8.3722871,0 115.1377374,-8.3723000,0 115.1377380,-8.3723005,0 115.1377608,-8.3723430,0 115.1377652,-8.3723854,0 115.1377651,-8.3724279,0 115.1377670,-8.3724703,0 115.1377742,-8.3725128,0 115.1377803,-8.3725330,0 115.1377875,-8.3725553,0 115.1378102,-8.3725977,0 115.1378232,-8.3726149,0 115.1378457,-8.3726402,0 115.1378661,-8.3726625,0 115.1378817,-8.3726826,0 115.1379086,-8.3727251,0 115.1379090,-8.3727258,0 115.1379267,-8.3727676,0 115.1379482,-8.3728100,0 115.1379519,-8.3728155,0 115.1379748,-8.3728525,0 115.1379949,-8.3728760,0 115.1380108,-8.3728949,0 115.1380378,-8.3729211,0 115.1380559,-8.3729374,0 115.1380807,-8.3729581,0 115.1381095,-8.3729798,0 115.1381236,-8.3729901,0 115.1381665,-8.3730182,0 115.1381734,-8.3730223,0 115.1382094,-8.3730433,0 115.1382450,-8.3730648,0 115.1382524,-8.3730690,0 115.1382953,-8.3730972,0 115.1383083,-8.3731072,0 115.1383382,-8.3731280,0 115.1383659,-8.3731497,0 115.1383811,-8.3731600,0 115.1384240,-8.3731898,0 115.1384274,-8.3731921,0 115.1384669,-8.3732157,0 115.1384997,-8.3732346,0 115.1385098,-8.3732399,0 115.1385528,-8.3732631,0 115.1385772,-8.3732770,0 115.1385957,-8.3732871,0 115.1386386,-8.3733112,0 115.1386540,-8.3733195,0 115.1386815,-8.3733339,0 115.1387244,-8.3733550,0 115.1387383,-8.3733620,0 115.1387673,-8.3733777,0 115.1388036,-8.3734044,0 115.1388102,-8.3734099,0 115.1388434,-8.3734469,0 115.1388532,-8.3734586,0 115.1388747,-8.3734893,0 115.1388961,-8.3735180,0 115.1389061,-8.3735318,0 115.1389390,-8.3735732,0 115.1389399,-8.3735743,0 115.1389777,-8.3736167,0 115.1389819,-8.3736214,0 115.1390162,-8.3736592,0 115.1390248,-8.3736695,0 115.1390510,-8.3737016,0 115.1390677,-8.3737251,0 115.1390811,-8.3737441,0 115.1391061,-8.3737865,0 115.1391107,-8.3737972,0 115.1391246,-8.3738290,0 115.1391358,-8.3738715,0 115.1391424,-8.3739139,0 115.1391474,-8.3739564,0 115.1391536,-8.3739975,0 115.1391538,-8.3739988,0 115.1391646,-8.3740413,0 115.1391784,-8.3740837,0 115.1391948,-8.3741262,0 115.1391965,-8.3741300,0 115.1392172,-8.3741687,0 115.1392394,-8.3742044,0 115.1392444,-8.3742111,0 115.1392798,-8.3742536,0 115.1392823,-8.3742563,0 115.1393188,-8.3742960,0 115.1393252,-8.3743032,0 115.1393537,-8.3743385,0 115.1393681,-8.3743596,0 115.1393822,-8.3743810,0 115.1394063,-8.3744234,0 115.1394111,-8.3744331,0 115.1394308,-8.3744659,0 115.1394540,-8.3745060,0 115.1394556,-8.3745083,0 115.1394841,-8.3745508,0 115.1394969,-8.3745645,0 115.1395258,-8.3745932,0 115.1395398,-8.3746187,0 115.1395501,-8.3746357,0 115.1395773,-8.3746782,0</coordinates></LineString></Placemark>
<Placemark><name>606 m</name><styleUrl>#k</styleUrl><LineString><tessellate>1</tessellate><coordinates>115.1412135,-8.3682369,0 115.1411967,-8.3682245,0 115.1411706,-8.3682066,0 115.1411337,-8.3681821,0 115.1411277,-8.3681782,0 115.1410848,-8.3681485,0 115.1410730,-8.3681396,0 115.1410418,-8.3681134,0 115.1410247,-8.3680972,0 115.1409989,-8.3680682,0 115.1409881,-8.3680547,0 115.1409601,-8.3680122,0 115.1409560,-8.3680048,0 115.1409376,-8.3679698,0 115.1409180,-8.3679273,0 115.1409131,-8.3679155,0 115.1409000,-8.3678849,0 115.1408823,-8.3678424,0</coordinates></LineString></Placemark>
<Placemark><name>606 m</name><styleUrl>#k</styleUrl><LineString><tessellate>1</tessellate><coordinates>115.1384439,-8.3746782,0 115.1384240,-8.3746497,0 115.1384139,-8.3746357,0 115.1383811,-8.3745942,0 115.1383802,-8.3745932,0 115.1383382,-8.3745656,0 115.1383099,-8.3745508,0 115.1382953,-8.3745384,0 115.1382524,-8.3745083,0 115.1382524,-8.3745083,0 115.1382094,-8.3744801,0 115.1381869,-8.3744659,0 115.1381665,-8.3744524,0 115.1381273,-8.3744234,0 115.1381236,-8.3744205,0 115.1380821,-8.3743810,0 115.1380807,-8.3743796,0 115.1380462,-8.3743385,0 115.1380378,-8.3743290,0 115.1380129,-8.3742960,0 115.1379949,-8.3742734,0 115.1379805,-8.3742536,0 115.1379519,-8.3742133,0 115.1379504,-8.3742111,0 115.1379247,-8.3741687,0 115.1379090,-8.3741356,0 115.1379046,-8.3741262,0 115.1378894,-8.3740837,0 115.1378775,-8.3740413,0 115.1378673,-8.3739988,0 115.1378661,-8.3739933,0 115.1378571,-8.3739564,0 115.1378478,-8.3739139,0 115.1378402,-8.3738715,0 115.1378350,-8.3738290,0 115.1378328,-8.3737865,0 115.1378330,-8.3737441,0 115.1378346,-8.3737016,0 115.1378346,-8.3736592,0 115.1378288,-8.3736167,0 115.1378232,-8.3736001,0 115.1378104,-8.3735743,0 115.1377803,-8.3735401,0 115.1377678,-8.3735318,0 115.1377374,-8.3735162,0 115.1376945,-8.3734977,0 115.1376812,-8.3734893,0 115.1376515,-8.3734674,0 115.1376354,-8.3734469,0 115.1376122,-8.3734044,0 115.1376086,-8.3733949,0 115.1375977,-8.3733620,0 115.1375858,-8.3733195,0 115.1375727,-8.3732770,0 115.1375657,-8.3732582,0 115.1375532,-8.3732346,0 115.1375260,-8.3731921,0 115.1375228,-8.3731862,0 115.1374967,-8.3731497,0 115.1374840,-8.3731072,0 115.1374925,-8.3730648,0 115.1375085,-8.3730223,0 115.1374985,-8.3729798,0 115.1374799,-8.3729692,0 115.1374370,-8.3729736,0 115.1374216,-8.3729798,0 115.1373940,-8.3729926,0 115.1373511,-8.3729917,0 115.1373345,-8.3729798,0 115.1373121,-8.3729374,0 115.1373202,-8.3728949,0 115.1373276,-8.3728525,0 115.1373223,-8.3728100,0 115.1373082,-8.3727898,0 115.1372707,-8.3727676,0 115.1372653,-8.3727659,0 115.1372224,-8.3727670,0 115.1372206,-8.3727676,0 115.1371795,-8.3727809,0 115.1371366,-8.3728038,0 115.1371287,-8.3728100,0 115.1370936,-8.3728397,0 115.1370824,-8.3728525,0 115.1370507,-8.3728899,0 115.1370469,-8.3728949,0 115.1370106,-8.3729374,0 115.1370078,-8.3729398,0 115.1369649,-8.3729722,0 115.1369525,-8.3729798,0 115.1369220,-8.3729958,0 115.1368826,-8.3730223,0 115.1368791,-8.3730251,0 115.1368438,-8.3730648,0 115.1368361,-8.3730761,0 115.1368183,-8.3731072,0 115.1367953,-8.3731497,0 115.1367932,-8.3731531,0 115.1367671,-8.3731921,0 115.1367503,-8.3732173,0 115.1367440,-8.3732346,0 115.1367358,-8.3732770,0 115.1367373,-8.3733195,0 115.1367459,-8.3733620,0 115.1367503,-8.3733774,0 115.1367639,-8.3734044,0 115.1367856,-8.3734469,0 115.1367932,-8.3734616,0 115.1368102,-8.3734893,0 115.1368361,-8.3735290,0 115.1368384,-8.3735318,0 115.1368786,-8.3735743,0 115.1368791,-8.3735747,0 115.1369220,-8.3736088,0 115.1369318,-8.3736167,0 115.1369649,-8.3736406,0 115.1369878,-8.3736592,0 115.1370078,-8.3736742,0 115.1370408,-8.3737016,0 115.1370507,-8.3737100,0 115.1370884,-8.3737441,0 115.1370936,-8.3737496,0 115.1371268,-8.3737865,0 115.1371366,-8.3738024,0 115.1371514,-8.3738290,0 115.1371652,-8.3738715,0 115.1371723,-8.3739139,0 115.1371757,-8.3739564,0 115.1371762,-8.3739988,0 115.1371740,-8.3740413,0 115.1371685,-8.3740837,0 115.1371583,-8.3741262,0 115.1371412,-8.3741687,0 115.1371366,-8.3741774,0 115.1371118,-8.3742111,0 115.1370936,-8.3742304,0 115.1370651,-8.3742536,0 115.1370507,-8.3742646,0 115.1370078,-8.3742960,0 115.1370078,-8.3742960,0 115.1369676,-8.3743385,0 115.1369649,-8.3743427,0 115.1369478,-8.3743810,0 115.1369384,-8.3744234,0 115.1369352,-8.3744659,0 115.1369357,-8.3745083,0 115.1369390,-8.3745508,0 115.1369530,-8.3745932,0 115.1369649,-8.3746239,0 115.1369698,-8.3746357,0 115.1369916,-8.3746782,0</coordinates></LineString></Placemark>
<Placemark><name>608 m</name><styleUrl>#k</styleUrl><LineString><tessellate>1</tessellate><coordinates>115.1393811,-8.3678424,0 115.1393827,-8.3678849,0 115.1393831,-8.3679273,0 115.1393828,-8.3679698,0 115.1393826,-8.3680122,0 115.1393830,-8.3680547,0 115.1393840,-8.3680972,0 115.1393847,-8.3681396,0 115.1393839,-8.3681821,0 115.1393808,-8.3682245,0 115.1393768,-8.3682670,0 115.1393748,-8.3683094,0 115.1393782,-8.3683519,0 115.1393906,-8.3683944,0 115.1394111,-8.3684326,0 115.1394131,-8.3684368,0 115.1394362,-8.3684793,0 115.1394540,-8.3685211,0 115.1394542,-8.3685217,0 115.1394576,-8.3685642,0 115.1394540,-8.3685822,0 115.1394482,-8.3686067,0 115.1394285,-8.3686491,0 115.1394111,-8.3686774,0 115.1394003,-8.3686916,0 115.1393681,-8.3687234,0 115.1393515,-8.3687340,0 115.1393252,-8.3687460,0 115.1392823,-8.3687565,0 115.1392394,-8.3687616,0 115.1391965,-8.3687643,0 115.1391536,-8.3687665,0 115.1391107,-8.3687690,0 115.1390677,-8.3687726,0 115.1390296,-8.3687765,0 115.1390248,-8.3687769,0 115.1389819,-8.3687810,0 115.1389390,-8.3687854,0 115.1388961,-8.3687915,0 115.1388532,-8.3688007,0 115.1388102,-8.3688160,0 115.1388043,-8.3688189,0 115.1387673,-8.3688386,0 115.1387312,-8.3688614,0 115.1387244,-8.3688657,0 115.1386815,-8.3688869,0 115.1386386,-8.3688998,0 115.1386162,-8.3689039,0 115.1385957,-8.3689073,0 115.1385528,-8.3689144,0 115.1385098,-8.3689252,0 115.1384669,-8.3689418,0 115.1384580,-8.3689463,0 115.1384240,-8.3689646,0 115.1383845,-8.3689888,0 115.1383811,-8.3689908,0 115.1383382,-8.3690173,0 115.1383140,-8.3690312,0 115.1382953,-8.3690413,0 115.1382524,-8.3690622,0 115.1382260,-8.3690737,0 115.1382094,-8.3690810,0 115.1381665,-8.3690983,0 115.1381236,-8.3691152,0 115.1381212,-8.3691162,0 115.1380807,-8.3691332,0 115.1380378,-8.3691516,0 115.1380198,-8.3691586,0 115.1379949,-8.3691689,0 115.1379519,-8.3691829,0 115.1379090,-8.3691943,0 115.1378838,-8.3692011,0 115.1378661,-8.3692083,0 115.1378232,-8.3692335,0 115.1378108,-8.3692435,0 115.1377857,-8.3692860,0 115.1377847,-8.3693284,0 115.1378143,-8.3693709,0 115.1378232,-8.3693779,0 115.1378465,-8.3694134,0 115.1378661,-8.3694469,0 115.1378694,-8.3694558,0 115.1378845,-8.3694983,0 115.1378975,-8.3695407,0 115.1379090,-8.3695822,0 115.1379093,-8.3695832,0 115.1379216,-8.3696257,0 115.1379359,-8.3696681,0 115.1379519,-8.3697067,0 115.1379538,-8.3697106,0 115.1379793,-8.3697530,0 115.1379949,-8.3697749,0 115.1380130,-8.3697955,0 115.1380378,-8.3698236,0 115.1380531,-8.3698379,0 115.1380807,-8.3698651,0 115.1381025,-8.3698804,0 115.1381236,-8.3698936,0 115.1381665,-8.3699031,0 115.1382094,-8.3698950,0 115.1382404,-8.3698804,0 115.1382524,-8.3698749,0 115.1382953,-8.3698534,0 115.1383358,-8.3698379,0 115.1383382,-8.3698372,0 115.1383811,-8.3698282,0 115.1384240,-8.3698248,0 115.1384669,-8.3698266,0 115.1385098,-8.3698343,0 115.1385211,-8.3698379,0 115.1385528,-8.3698486,0 115.1385957,-8.3698696,0 115.1386131,-8.3698804,0 115.1386386,-8.3698966,0 115.1386727,-8.3699229,0 115.1386815,-8.3699302,0 115.1387173,-8.3699653,0 115.1387244,-8.3699734,0 115.1387509,-8.3700078,0 115.1387673,-8.3700320,0 115.1387792,-8.3700502,0 115.1388081,-8.3700927,0 115.1388102,-8.3700955,0 115.1388458,-8.3701352,0 115.1388532,-8.3701426,0 115.1388961,-8.3701751,0 115.1389005,-8.3701776,0 115.1389390,-8.3702004,0 115.1389819,-8.3702198,0 115.1389828,-8.3702201,0 115.1390248,-8.3702391,0 115.1390677,-8.3702568,0 115.1390819,-8.3702625,0 115.1391107,-8.3702763,0 115.1391536,-8.3702964,0 115.1391720,-8.3703050,0 115.1391965,-8.3703168,0 115.1392394,-8.3703390,0 115.1392527,-8.3703474,0 115.1392823,-8.3703768,0 115.1392916,-8.3703899,0 115.1393036,-8.3704324,0 115.1393040,-8.3704748,0 115.1393004,-8.3705173,0 115.1392963,-8.3705597,0 115.1392963,-8.3706022,0 115.1393043,-8.3706446,0 115.1393252,-8.3706818,0 115.1393298,-8.3706871,0 115.1393681,-8.3707258,0 115.1393712,-8.3707296,0 115.1393767,-8.3707720,0 115.1393681,-8.3707826,0 115.1393252,-8.3707881,0 115.1392823,-8.3707740,0 115.1392767,-8.3707720,0 115.1392394,-8.3707571,0 115.1391965,-8.3707565,0 115.1391536,-8.3707715,0 115.1391528,-8.3707720,0 115.1391107,-8.3708104,0 115.1391077,-8.3708145,0 115.1390807,-8.3708569,0 115.1390677,-8.3708782,0 115.1390551,-8.3708994,0 115.1390261,-8.3709419,0 115.1390248,-8.3709435,0 115.1389819,-8.3709740,0 115.1389390,-8.3709843,0 115.1389390,-8.3709843,0 115.1388961,-8.3709920,0 115.1388532,-8.3710040,0 115.1388102,-8.3710237,0 115.1388051,-8.3710268,0 115.1387673,-8.3710523,0 115.1387414,-8.3710692,0 115.1387244,-8.3710810,0 115.1386815,-8.3710998,0 115.1386386,-8.3711053,0 115.1385957,-8.3711036,0 115.1385528,-8.3710991,0 115.1385098,-8.3710940,0 115.1384669,-8.3710898,0 115.1384240,-8.3710882,0 115.1383811,-8.3710907,0 115.1383382,-8.3710984,0 115.1382953,-8.3711117,0 115.1382953,-8.3711117,0 115.1382524,-8.3711313,0 115.1382104,-8.3711541,0 115.1382094,-8.3711547,0 115.1381665,-8.3711838,0 115.1381499,-8.3711966,0 115.1381236,-8.3712166,0 115.1380950,-8.3712391,0 115.1380807,-8.3712500,0 115.1380390,-8.3712815,0 115.1380378,-8.3712825,0 115.1379949,-8.3713160,0 115.1379854,-8.3713240,0 115.1379519,-8.3713560,0 115.1379422,-8.3713664,0 115.1379090,-8.3714057,0 115.1379064,-8.3714089,0 115.1378682,-8.3714514,0 115.1378661,-8.3714535,0 115.1378232,-8.3714894,0 115.1378166,-8.3714938,0 115.1377803,-8.3715186,0 115.1377526,-8.3715363,0 115.1377374,-8.3715475,0 115.1376950,-8.3715787,0 115.1376945,-8.3715792,0 115.1376515,-8.3716152,0 115.1376440,-8.3716212,0 115.1376092,-8.3716636,0 115.1376086,-8.3716647,0 115.1375878,-8.3717061,0 115.1375733,-8.3717486,0 115.1375657,-8.3717682,0 115.1375556,-8.3717910,0 115.1375283,-8.3718335,0 115.1375228,-8.3718401,0 115.1374813,-8.3718759,0 115.1374799,-8.3718771,0 115.1374370,-8.3719083,0 115.1374254,-8.3719184,0 115.1373940,-8.3719603,0 115.1373937,-8.3719609,0 115.1373734,-8.3720033,0 115.1373547,-8.3720458,0 115.1373511,-8.3720534,0 115.1373339,-8.3720882,0 115.1373092,-8.3721307,0 115.1373082,-8.3721323,0 115.1372783,-8.3721731,0 115.1372653,-8.3721894,0 115.1372396,-8.3722156,0 115.1372224,-8.3722316,0 115.1371875,-8.3722581,0 115.1371795,-8.3722639,0 115.1371366,-8.3722942,0 115.1371286,-8.3723005,0 115.1370936,-8.3723351,0 115.1370877,-8.3723430,0 115.1370654,-8.3723854,0 115.1370514,-8.3724279,0 115.1370507,-8.3724305,0 115.1370420,-8.3724703,0 115.1370319,-8.3725128,0 115.1370176,-8.3725553,0 115.1370078,-8.3725753,0 115.1369955,-8.3725977,0 115.1369649,-8.3726379,0 115.1369630,-8.3726402,0 115.1369220,-8.3726826,0 115.1369220,-8.3726826,0 115.1368791,-8.3727225,0 115.1368765,-8.3727251,0 115.1368361,-8.3727624,0 115.1368313,-8.3727676,0 115.1367932,-8.3728080,0 115.1367917,-8.3728100,0 115.1367637,-8.3728525,0 115.1367503,-8.3728748,0 115.1367443,-8.3728949,0 115.1367328,-8.3729374,0 115.1367217,-8.3729798,0 115.1367108,-8.3730223,0 115.1367074,-8.3730356,0 115.1366934,-8.3730648,0 115.1366712,-8.3731072,0 115.1366645,-8.3731201,0 115.1366508,-8.3731497,0 115.1366408,-8.3731921,0 115.1366407,-8.3732346,0 115.1366473,-8.3732770,0 115.1366606,-8.3733195,0 115.1366645,-8.3733275,0 115.1366823,-8.3733620,0 115.1367074,-8.3734044,0 115.1367074,-8.3734044,0 115.1367243,-8.3734469,0 115.1367388,-8.3734893,0 115.1367503,-8.3735260,0 115.1367537,-8.3735318,0 115.1367805,-8.3735743,0 115.1367932,-8.3735916,0 115.1368160,-8.3736167,0 115.1368361,-8.3736356,0 115.1368653,-8.3736592,0 115.1368791,-8.3736692,0 115.1369220,-8.3736989,0 115.1369258,-8.3737016,0 115.1369649,-8.3737290,0 115.1369841,-8.3737441,0 115.1370078,-8.3737636,0 115.1370323,-8.3737865,0 115.1370507,-8.3738067,0 115.1370686,-8.3738290,0 115.1370931,-8.3738715,0 115.1370936,-8.3738729,0 115.1371079,-8.3739139,0 115.1371150,-8.3739564,0 115.1371157,-8.3739988,0 115.1371097,-8.3740413,0 115.1370958,-8.3740837,0 115.1370936,-8.3740882,0 115.1370693,-8.3741262,0 115.1370507,-8.3741471,0 115.1370254,-8.3741687,0 115.1370078,-8.3741825,0 115.1369679,-8.3742111,0 115.1369649,-8.3742134,0 115.1369220,-8.3742512,0 115.1369198,-8.3742536,0 115.1368892,-8.3742960,0 115.1368791,-8.3743187,0 115.1368721,-8.3743385,0 115.1368657,-8.3743810,0 115.1368646,-8.3744234,0 115.1368661,-8.3744659,0 115.1368674,-8.3745083,0 115.1368678,-8.3745508,0 115.1368721,-8.3745932,0 115.1368791,-8.3746238,0 115.1368821,-8.3746357,0 115.1369024,-8.3746782,0</coordinates></LineString></Placemark>
<Placemark><name>608 m</name><styleUrl>#k</styleUrl><LineString><tessellate>1</tessellate><coordinates>115.1412135,-8.3681580,0 115.1411854,-8.3681396,0 115.1411706,-8.3681297,0 115.1411277,-8.3680995,0 115.1411246,-8.3680972,0 115.1410848,-8.3680618,0 115.1410777,-8.3680547,0 115.1410434,-8.3680122,0 115.1410418,-8.3680097,0 115.1410182,-8.3679698,0 115.1409989,-8.3679294,0 115.1409980,-8.3679273,0 115.1409814,-8.3678849,0 115.1409672,-8.3678424,0</coordinates></LineString></Placemark>
<Placemark><name>608 m</name><styleUrl>#k</styleUrl><LineString><tessellate>1</tessellate><coordinates>115.1385104,-8.3746782,0 115.1385098,-8.3746774,0 115.1384815,-8.3746357,0 115.1384669,-8.3746157,0 115.1384505,-8.3745932,0 115.1384240,-8.3745713,0 115.1383964,-8.3745508,0 115.1383811,-8.3745321,0 115.1383582,-8.3745083,0 115.1383382,-8.3744864,0 115.1383142,-8.3744659,0 115.1382953,-8.3744495,0 115.1382578,-8.3744234,0 115.1382524,-8.3744198,0 115.1382094,-8.3743935,0 115.1381902,-8.3743810,0 115.1381665,-8.3743658,0 115.1381314,-8.3743385,0 115.1381236,-8.3743326,0 115.1380845,-8.3742960,0 115.1380807,-8.3742926,0 115.1380445,-8.3742536,0 115.1380378,-8.3742462,0 115.1380103,-8.3742111,0 115.1379949,-8.3741893,0 115.1379818,-8.3741687,0 115.1379603,-8.3741262,0 115.1379519,-8.3741039,0 115.1379447,-8.3740837,0 115.1379333,-8.3740413,0 115.1379242,-8.3739988,0 115.1379159,-8.3739564,0 115.1379090,-8.3739159,0 115.1379087,-8.3739139,0 115.1379038,-8.3738715,0 115.1379032,-8.3738290,0 115.1379090,-8.3737884,0 115.1379093,-8.3737865,0 115.1379226,-8.3737441,0 115.1379407,-8.3737016,0 115.1379519,-8.3736720,0 115.1379566,-8.3736592,0 115.1379604,-8.3736167,0 115.1379519,-8.3735787,0 115.1379508,-8.3735743,0 115.1379307,-8.3735318,0 115.1379090,-8.3734941,0 115.1379061,-8.3734893,0 115.1378758,-8.3734469,0 115.1378661,-8.3734340,0 115.1378374,-8.3734044,0 115.1378232,-8.3733888,0 115.1377914,-8.3733620,0 115.1377803,-8.3733491,0 115.1377554,-8.3733195,0 115.1377393,-8.3732770,0 115.1377374,-8.3732575,0 115.1377353,-8.3732346,0 115.1377371,-8.3731921,0 115.1377374,-8.3731896,0 115.1377422,-8.3731497,0 115.1377486,-8.3731072,0 115.1377577,-8.3730648,0 115.1377719,-8.3730223,0 115.1377803,-8.3730049,0 115.1378075,-8.3729798,0 115.1378232,-8.3729697,0 115.1378661,-8.3729713,0 115.1378837,-8.3729798,0 115.1379090,-8.3729902,0 115.1379519,-8.3730171,0 115.1379587,-8.3730223,0 115.1379949,-8.3730473,0 115.1380206,-8.3730648,0 115.1380378,-8.3730744,0 115.1380807,-8.3730963,0 115.1381041,-8.3731072,0 115.1381236,-8.3731148,0 115.1381665,-8.3731323,0 115.1382057,-8.3731497,0 115.1382094,-8.3731512,0 115.1382524,-8.3731716,0 115.1382910,-8.3731921,0 115.1382953,-8.3731943,0 115.1383382,-8.3732178,0 115.1383685,-8.3732346,0 115.1383811,-8.3732409,0 115.1384240,-8.3732621,0 115.1384554,-8.3732770,0 115.1384669,-8.3732820,0 115.1385098,-8.3733018,0 115.1385448,-8.3733195,0 115.1385528,-8.3733233,0 115.1385957,-8.3733461,0 115.1386241,-8.3733620,0 115.1386386,-8.3733697,0 115.1386815,-8.3733931,0 115.1387017,-8.3734044,0 115.1387244,-8.3734173,0 115.1387670,-8.3734469,0 115.1387673,-8.3734471,0 115.1388102,-8.3734863,0 115.1388129,-8.3734893,0 115.1388495,-8.3735318,0 115.1388532,-8.3735362,0 115.1388836,-8.3735743,0 115.1388961,-8.3735900,0 115.1389186,-8.3736167,0 115.1389390,-8.3736408,0 115.1389555,-8.3736592,0 115.1389819,-8.3736904,0 115.1389914,-8.3737016,0 115.1390233,-8.3737441,0 115.1390248,-8.3737465,0 115.1390497,-8.3737865,0 115.1390677,-8.3738262,0 115.1390690,-8.3738290,0 115.1390822,-8.3738715,0 115.1390909,-8.3739139,0 115.1390976,-8.3739564,0 115.1391050,-8.3739988,0 115.1391107,-8.3740243,0 115.1391148,-8.3740413,0 115.1391275,-8.3740837,0 115.1391422,-8.3741262,0 115.1391536,-8.3741553,0 115.1391595,-8.3741687,0 115.1391810,-8.3742111,0 115.1391965,-8.3742365,0 115.1392088,-8.3742536,0 115.1392394,-8.3742898,0 115.1392451,-8.3742960,0 115.1392823,-8.3743343,0 115.1392861,-8.3743385,0 115.1393212,-8.3743810,0 115.1393252,-8.3743869,0 115.1393480,-8.3744234,0 115.1393681,-8.3744656,0 115.1393683,-8.3744659,0 115.1393881,-8.3745083,0 115.1394060,-8.3745508,0 115.1394111,-8.3745592,0 115.1394375,-8.3745932,0 115.1394540,-8.3746322,0 115.1394557,-8.3746357,0 115.1394745,-8.3746782,0</coordinates></LineString></Placemark>
<Placemark><name>608 m</name><styleUrl>#k</styleUrl><LineString><tessellate>1</tessellate><coordinates>115.1373082,-8.3690605,0 115.1372960,-8.3690737,0 115.1372723,-8.3691162,0 115.1372653,-8.3691331,0 115.1372485,-8.3691586,0 115.1372224,-8.3691766,0 115.1371795,-8.3691940,0 115.1371696,-8.3692011,0 115.1371421,-8.3692435,0 115.1371585,-8.3692860,0 115.1371795,-8.3693009,0 115.1372224,-8.3693042,0 115.1372599,-8.3692860,0 115.1372653,-8.3692775,0 115.1372898,-8.3692435,0 115.1373082,-8.3692244,0 115.1373511,-8.3692268,0 115.1373940,-8.3692382,0 115.1374370,-8.3692425,0 115.1374799,-8.3692235,0 115.1374932,-8.3692011,0 115.1374799,-8.3691712,0 115.1374708,-8.3691586,0 115.1374370,-8.3691336,0 115.1374150,-8.3691162,0 115.1373940,-8.3690992,0 115.1373654,-8.3690737,0 115.1373511,-8.3690623,0 115.1373082,-8.3690605,0</coordinates></LineString></Placemark>
<Placemark><name>610 m</name><styleUrl>#k</styleUrl><LineString><tessellate>1</tessellate><coordinates>115.1392170,-8.3678424,0 115.1392059,-8.3678849,0 115.1392005,-8.3679273,0 115.1392003,-8.3679698,0 115.1392045,-8.3680122,0 115.1392090,-8.3680547,0 115.1392102,-8.3680972,0 115.1392094,-8.3681396,0 115.1392072,-8.3681821,0 115.1392067,-8.3682245,0 115.1392071,-8.3682670,0 115.1392082,-8.3683094,0 115.1392097,-8.3683519,0 115.1392111,-8.3683944,0 115.1392131,-8.3684368,0 115.1392143,-8.3684793,0 115.1392139,-8.3685217,0 115.1392067,-8.3685642,0 115.1391965,-8.3685788,0 115.1391625,-8.3686067,0 115.1391536,-8.3686093,0 115.1391107,-8.3686204,0 115.1390677,-8.3686315,0 115.1390248,-8.3686466,0 115.1390201,-8.3686491,0 115.1389819,-8.3686653,0 115.1389390,-8.3686852,0 115.1389249,-8.3686916,0 115.1388961,-8.3687020,0 115.1388532,-8.3687147,0 115.1388102,-8.3687261,0 115.1387844,-8.3687340,0 115.1387673,-8.3687394,0 115.1387244,-8.3687580,0 115.1386922,-8.3687765,0 115.1386815,-8.3687826,0 115.1386386,-8.3688056,0 115.1386075,-8.3688189,0 115.1385957,-8.3688230,0 115.1385528,-8.3688359,0 115.1385098,-8.3688484,0 115.1384723,-8.3688614,0 115.1384669,-8.3688633,0 115.1384240,-8.3688822,0 115.1383825,-8.3689039,0 115.1383811,-8.3689047,0 115.1383382,-8.3689318,0 115.1383156,-8.3689463,0 115.1382953,-8.3689591,0 115.1382524,-8.3689828,0 115.1382388,-8.3689888,0 115.1382094,-8.3690013,0 115.1381665,-8.3690144,0 115.1381236,-8.3690232,0 115.1380807,-8.3690310,0 115.1380798,-8.3690312,0 115.1380378,-8.3690412,0 115.1379949,-8.3690565,0 115.1379552,-8.3690737,0 115.1379519,-8.3690749,0 115.1379090,-8.3690892,0 115.1378661,-8.3690986,0 115.1378232,-8.3691032,0 115.1377803,-8.3691025,0 115.1377374,-8.3690945,0 115.1376969,-8.3690737,0 115.1376945,-8.3690725,0 115.1376515,-8.3690481,0 115.1376206,-8.3690312,0 115.1376086,-8.3690260,0 115.1375657,-8.3690076,0 115.1375307,-8.3689888,0 115.1375228,-8.3689844,0 115.1374799,-8.3689528,0 115.1374723,-8.3689463,0 115.1374370,-8.3689204,0 115.1374073,-8.3689039,0 115.1373940,-8.3688984,0 115.1373511,-8.3688875,0 115.1373082,-8.3688823,0 115.1372653,-8.3688807,0 115.1372224,-8.3688814,0 115.1371795,-8.3688832,0 115.1371366,-8.3688844,0 115.1370936,-8.3688828,0 115.1370507,-8.3688807,0 115.1370078,-8.3688802,0 115.1369649,-8.3688840,0 115.1369220,-8.3688965,0 115.1369101,-8.3689039,0 115.1368791,-8.3689350,0 115.1368727,-8.3689463,0 115.1368623,-8.3689888,0 115.1368657,-8.3690312,0 115.1368791,-8.3690655,0 115.1368825,-8.3690737,0 115.1369110,-8.3691162,0 115.1369220,-8.3691311,0 115.1369426,-8.3691586,0 115.1369649,-8.3691985,0 115.1369662,-8.3692011,0 115.1369797,-8.3692435,0 115.1369871,-8.3692860,0 115.1369969,-8.3693284,0 115.1370078,-8.3693533,0 115.1370177,-8.3693709,0 115.1370507,-8.3694029,0 115.1370654,-8.3694134,0 115.1370936,-8.3694279,0 115.1371366,-8.3694442,0 115.1371795,-8.3694548,0 115.1371880,-8.3694558,0 115.1372224,-8.3694590,0 115.1372653,-8.3694584,0 115.1372861,-8.3694558,0 115.1373082,-8.3694523,0 115.1373511,-8.3694394,0 115.1373940,-8.3694219,0 115.1374149,-8.3694134,0 115.1374370,-8.3694034,0 115.1374799,-8.3693932,0 115.1375228,-8.3693963,0 115.1375657,-8.3694110,0 115.1375704,-8.3694134,0 115.1376086,-8.3694277,0 115.1376515,-8.3694427,0 115.1376945,-8.3694556,0 115.1376950,-8.3694558,0 115.1377374,-8.3694685,0 115.1377803,-8.3694918,0 115.1377872,-8.3694983,0 115.1378227,-8.3695407,0 115.1378232,-8.3695416,0 115.1378425,-8.3695832,0 115.1378585,-8.3696257,0 115.1378661,-8.3696469,0 115.1378732,-8.3696681,0 115.1378889,-8.3697106,0 115.1379076,-8.3697530,0 115.1379090,-8.3697558,0 115.1379313,-8.3697955,0 115.1379519,-8.3698282,0 115.1379591,-8.3698379,0 115.1379898,-8.3698804,0 115.1379949,-8.3698882,0 115.1380215,-8.3699229,0 115.1380378,-8.3699434,0 115.1380648,-8.3699653,0 115.1380807,-8.3699758,0 115.1381236,-8.3699879,0 115.1381665,-8.3699881,0 115.1382094,-8.3699794,0 115.1382432,-8.3699653,0 115.1382524,-8.3699613,0 115.1382953,-8.3699356,0 115.1383150,-8.3699229,0 115.1383382,-8.3699101,0 115.1383811,-8.3698945,0 115.1384240,-8.3698885,0 115.1384669,-8.3698906,0 115.1385098,-8.3698997,0 115.1385528,-8.3699155,0 115.1385669,-8.3699229,0 115.1385957,-8.3699385,0 115.1386344,-8.3699653,0 115.1386386,-8.3699685,0 115.1386802,-8.3700078,0 115.1386815,-8.3700092,0 115.1387131,-8.3700502,0 115.1387244,-8.3700670,0 115.1387410,-8.3700927,0 115.1387673,-8.3701328,0 115.1387691,-8.3701352,0 115.1388018,-8.3701776,0 115.1388102,-8.3701882,0 115.1388423,-8.3702201,0 115.1388532,-8.3702326,0 115.1388866,-8.3702625,0 115.1388961,-8.3702745,0 115.1389279,-8.3703050,0 115.1389390,-8.3703203,0 115.1389668,-8.3703474,0 115.1389819,-8.3703667,0 115.1390095,-8.3703899,0 115.1390248,-8.3704059,0 115.1390621,-8.3704324,0 115.1390677,-8.3704392,0 115.1390964,-8.3704748,0 115.1390942,-8.3705173,0 115.1390677,-8.3705512,0 115.1390618,-8.3705597,0 115.1390256,-8.3706022,0 115.1390248,-8.3706031,0 115.1390034,-8.3706446,0 115.1389872,-8.3706871,0 115.1389819,-8.3707007,0 115.1389722,-8.3707296,0 115.1389529,-8.3707720,0 115.1389390,-8.3707933,0 115.1389213,-8.3708145,0 115.1388961,-8.3708362,0 115.1388585,-8.3708569,0 115.1388532,-8.3708595,0 115.1388102,-8.3708731,0 115.1387673,-8.3708866,0 115.1387379,-8.3708994,0 115.1387244,-8.3709057,0 115.1386815,-8.3709326,0 115.1386687,-8.3709419,0 115.1386386,-8.3709578,0 115.1385957,-8.3709756,0 115.1385632,-8.3709843,0 115.1385528,-8.3709864,0 115.1385098,-8.3709915,0 115.1384669,-8.3709948,0 115.1384240,-8.3709986,0 115.1383811,-8.3710049,0 115.1383382,-8.3710154,0 115.1383076,-8.3710268,0 115.1382953,-8.3710312,0 115.1382524,-8.3710511,0 115.1382200,-8.3710692,0 115.1382094,-8.3710752,0 115.1381665,-8.3711037,0 115.1381558,-8.3711117,0 115.1381236,-8.3711364,0 115.1381011,-8.3711541,0 115.1380807,-8.3711704,0 115.1380457,-8.3711966,0 115.1380378,-8.3712026,0 115.1379949,-8.3712313,0 115.1379813,-8.3712391,0 115.1379519,-8.3712584,0 115.1379182,-8.3712815,0 115.1379090,-8.3712895,0 115.1378725,-8.3713240,0 115.1378661,-8.3713316,0 115.1378341,-8.3713664,0 115.1378232,-8.3713785,0 115.1377846,-8.3714089,0 115.1377803,-8.3714118,0 115.1377374,-8.3714279,0 115.1376945,-8.3714353,0 115.1376515,-8.3714324,0 115.1376086,-8.3714217,0 115.1375657,-8.3714121,0 115.1375228,-8.3714169,0 115.1374799,-8.3714429,0 115.1374723,-8.3714514,0 115.1374370,-8.3714837,0 115.1374283,-8.3714938,0 115.1373940,-8.3715304,0 115.1373890,-8.3715363,0 115.1373511,-8.3715764,0 115.1373487,-8.3715787,0 115.1373082,-8.3716139,0 115.1372981,-8.3716212,0 115.1372653,-8.3716427,0 115.1372320,-8.3716636,0 115.1372224,-8.3716701,0 115.1371795,-8.3717055,0 115.1371789,-8.3717061,0 115.1371534,-8.3717486,0 115.1371483,-8.3717910,0 115.1371649,-8.3718335,0 115.1371795,-8.3718560,0 115.1371952,-8.3718759,0 115.1372220,-8.3719184,0 115.1372224,-8.3719199,0 115.1372316,-8.3719609,0 115.1372236,-8.3720033,0 115.1372224,-8.3720059,0 115.1372030,-8.3720458,0 115.1371795,-8.3720782,0 115.1371720,-8.3720882,0 115.1371366,-8.3721258,0 115.1371319,-8.3721307,0 115.1370936,-8.3721644,0 115.1370834,-8.3721731,0 115.1370507,-8.3721996,0 115.1370327,-8.3722156,0 115.1370078,-8.3722400,0 115.1369933,-8.3722581,0 115.1369675,-8.3723005,0 115.1369649,-8.3723064,0 115.1369514,-8.3723430,0 115.1369370,-8.3723854,0 115.1369220,-8.3724245,0 115.1369207,-8.3724279,0 115.1369008,-8.3724703,0 115.1368791,-8.3725065,0 115.1368755,-8.3725128,0 115.1368494,-8.3725553,0 115.1368361,-8.3725746,0 115.1368226,-8.3725977,0 115.1367932,-8.3726399,0 115.1367930,-8.3726402,0 115.1367626,-8.3726826,0 115.1367503,-8.3726978,0 115.1367380,-8.3727251,0 115.1367178,-8.3727676,0 115.1367074,-8.3727899,0 115.1366939,-8.3728100,0 115.1366668,-8.3728525,0 115.1366645,-8.3728562,0 115.1366390,-8.3728949,0 115.1366216,-8.3729187,0 115.1366045,-8.3729374,0 115.1365787,-8.3729631,0 115.1365563,-8.3729798,0 115.1365357,-8.3729966,0 115.1365006,-8.3730223,0 115.1364928,-8.3730317,0 115.1364718,-8.3730648,0 115.1364716,-8.3731072,0 115.1364914,-8.3731497,0 115.1364928,-8.3731514,0 115.1365226,-8.3731921,0 115.1365357,-8.3732099,0 115.1365502,-8.3732346,0 115.1365718,-8.3732770,0 115.1365787,-8.3732908,0 115.1365917,-8.3733195,0 115.1366134,-8.3733620,0 115.1366216,-8.3733755,0 115.1366395,-8.3734044,0 115.1366645,-8.3734420,0 115.1366676,-8.3734469,0 115.1366934,-8.3734893,0 115.1367074,-8.3735162,0 115.1367126,-8.3735318,0 115.1367265,-8.3735743,0 115.1367422,-8.3736167,0 115.1367503,-8.3736352,0 115.1367711,-8.3736592,0 115.1367932,-8.3736812,0 115.1368177,-8.3737016,0 115.1368361,-8.3737165,0 115.1368748,-8.3737441,0 115.1368791,-8.3737472,0 115.1369220,-8.3737776,0 115.1369341,-8.3737865,0 115.1369649,-8.3738112,0 115.1369840,-8.3738290,0 115.1370078,-8.3738554,0 115.1370198,-8.3738715,0 115.1370419,-8.3739139,0 115.1370507,-8.3739468,0 115.1370529,-8.3739564,0 115.1370527,-8.3739988,0 115.1370507,-8.3740065,0 115.1370392,-8.3740413,0 115.1370103,-8.3740837,0 115.1370078,-8.3740864,0 115.1369649,-8.3741214,0 115.1369580,-8.3741262,0 115.1369220,-8.3741510,0 115.1368988,-8.3741687,0 115.1368791,-8.3741859,0 115.1368560,-8.3742111,0 115.1368361,-8.3742388,0 115.1368277,-8.3742536,0 115.1368104,-8.3742960,0 115.1368011,-8.3743385,0 115.1367983,-8.3743810,0 115.1367994,-8.3744234,0 115.1368013,-8.3744659,0 115.1368016,-8.3745083,0 115.1367988,-8.3745508,0 115.1367953,-8.3745932,0 115.1368001,-8.3746357,0 115.1368152,-8.3746782,0</coordinates></LineString></Placemark>
<Placemark><name>610 m</name><styleUrl>#k</styleUrl><LineString><tessellate>1</tessellate><coordinates>115.1412135,-8.3680791,0 115.1411807,-8.3680547,0 115.1411706,-8.3680456,0 115.1411374,-8.3680122,0 115.1411277,-8.3679993,0 115.1411072,-8.3679698,0 115.1410848,-8.3679280,0 115.1410844,-8.3679273,0 115.1410670,-8.3678849,0 115.1410524,-8.3678424,0</coordinates></LineString></Placemark>
<Placemark><name>610 m</name><styleUrl>#k</styleUrl><LineString><tessellate>1</tessellate><coordinates>115.1385824,-8.3746782,0 115.1385547,-8.3746357,0 115.1385528,-8.3746330,0 115.1385241,-8.3745932,0 115.1385098,-8.3745814,0 115.1384733,-8.3745508,0 115.1384669,-8.3745416,0 115.1384432,-8.3745083,0 115.1384240,-8.3744792,0 115.1384143,-8.3744659,0 115.1383844,-8.3744234,0 115.1383811,-8.3744191,0 115.1383448,-8.3743810,0 115.1383382,-8.3743751,0 115.1382953,-8.3743466,0 115.1382804,-8.3743385,0 115.1382524,-8.3743251,0 115.1382094,-8.3743039,0 115.1381962,-8.3742960,0 115.1381665,-8.3742790,0 115.1381317,-8.3742536,0 115.1381236,-8.3742476,0 115.1380836,-8.3742111,0 115.1380807,-8.3742083,0 115.1380474,-8.3741687,0 115.1380378,-8.3741550,0 115.1380208,-8.3741262,0 115.1380021,-8.3740837,0 115.1379949,-8.3740610,0 115.1379892,-8.3740413,0 115.1379800,-8.3739988,0 115.1379725,-8.3739564,0 115.1379672,-8.3739139,0 115.1379656,-8.3738715,0 115.1379699,-8.3738290,0 115.1379831,-8.3737865,0 115.1379949,-8.3737625,0 115.1380041,-8.3737441,0 115.1380262,-8.3737016,0 115.1380378,-8.3736738,0 115.1380434,-8.3736592,0 115.1380512,-8.3736167,0 115.1380497,-8.3735743,0 115.1380378,-8.3735318,0 115.1380378,-8.3735318,0 115.1380151,-8.3734893,0 115.1379949,-8.3734610,0 115.1379857,-8.3734469,0 115.1379581,-8.3734044,0 115.1379519,-8.3733938,0 115.1379334,-8.3733620,0 115.1379138,-8.3733195,0 115.1379090,-8.3732934,0 115.1379056,-8.3732770,0 115.1379090,-8.3732613,0 115.1379203,-8.3732346,0 115.1379519,-8.3732150,0 115.1379949,-8.3732084,0 115.1380378,-8.3732097,0 115.1380807,-8.3732152,0 115.1381236,-8.3732243,0 115.1381597,-8.3732346,0 115.1381665,-8.3732367,0 115.1382094,-8.3732532,0 115.1382524,-8.3732702,0 115.1382689,-8.3732770,0 115.1382953,-8.3732880,0 115.1383382,-8.3733040,0 115.1383811,-8.3733183,0 115.1383846,-8.3733195,0 115.1384240,-8.3733318,0 115.1384669,-8.3733457,0 115.1385098,-8.3733614,0 115.1385111,-8.3733620,0 115.1385528,-8.3733799,0 115.1385957,-8.3734008,0 115.1386024,-8.3734044,0 115.1386386,-8.3734226,0 115.1386815,-8.3734462,0 115.1386827,-8.3734469,0 115.1387244,-8.3734718,0 115.1387478,-8.3734893,0 115.1387673,-8.3735045,0 115.1387954,-8.3735318,0 115.1388102,-8.3735473,0 115.1388329,-8.3735743,0 115.1388532,-8.3735999,0 115.1388666,-8.3736167,0 115.1388961,-8.3736542,0 115.1389003,-8.3736592,0 115.1389353,-8.3737016,0 115.1389390,-8.3737064,0 115.1389686,-8.3737441,0 115.1389819,-8.3737636,0 115.1389970,-8.3737865,0 115.1390186,-8.3738290,0 115.1390248,-8.3738462,0 115.1390339,-8.3738715,0 115.1390448,-8.3739139,0 115.1390532,-8.3739564,0 115.1390614,-8.3739988,0 115.1390677,-8.3740275,0 115.1390710,-8.3740413,0 115.1390826,-8.3740837,0 115.1390956,-8.3741262,0 115.1391102,-8.3741687,0 115.1391107,-8.3741698,0 115.1391279,-8.3742111,0 115.1391496,-8.3742536,0 115.1391536,-8.3742598,0 115.1391798,-8.3742960,0 115.1391965,-8.3743142,0 115.1392203,-8.3743385,0 115.1392394,-8.3743562,0 115.1392632,-8.3743810,0 115.1392823,-8.3744037,0 115.1392965,-8.3744234,0 115.1393200,-8.3744659,0 115.1393252,-8.3744787,0 115.1393375,-8.3745083,0 115.1393512,-8.3745508,0 115.1393681,-8.3745897,0 115.1393701,-8.3745932,0 115.1393815,-8.3746357,0 115.1393903,-8.3746782,0</coordinates></LineString></Placemark>
<Placemark><name>610 m</name><styleUrl>#k</styleUrl><LineString><tessellate>1</tessellate><coordinates>115.1389819,-8.3680478,0 115.1389726,-8.3680547,0 115.1389592,-8.3680972,0 115.1389702,-8.3681396,0 115.1389819,-8.3681603,0 115.1390050,-8.3681821,0 115.1390248,-8.3681960,0 115.1390677,-8.3681992,0 115.1391107,-8.3681821,0 115.1391107,-8.3681821,0 115.1391383,-8.3681396,0 115.1391380,-8.3680972,0 115.1391125,-8.3680547,0 115.1391107,-8.3680537,0 115.1390677,-8.3680372,0 115.1390248,-8.3680351,0 115.1389819,-8.3680478,0</coordinates></LineString></Placemark>
<Placemark><name>612 m</name><styleUrl>#k</styleUrl><LineString><tessellate>1</tessellate><coordinates>115.1390563,-8.3678424,0 115.1390248,-8.3678690,0 115.1389914,-8.3678849,0 115.1389819,-8.3678882,0 115.1389390,-8.3679004,0 115.1388961,-8.3679151,0 115.1388739,-8.3679273,0 115.1388532,-8.3679419,0 115.1388294,-8.3679698,0 115.1388102,-8.3680063,0 115.1388078,-8.3680122,0 115.1387965,-8.3680547,0 115.1387887,-8.3680972,0 115.1387819,-8.3681396,0 115.1387740,-8.3681821,0 115.1387673,-8.3682160,0 115.1387658,-8.3682245,0 115.1387603,-8.3682670,0 115.1387596,-8.3683094,0 115.1387645,-8.3683519,0 115.1387673,-8.3683616,0 115.1387782,-8.3683944,0 115.1388014,-8.3684368,0 115.1388102,-8.3684512,0 115.1388344,-8.3684793,0 115.1388532,-8.3685092,0 115.1388637,-8.3685217,0 115.1388593,-8.3685642,0 115.1388532,-8.3685699,0 115.1388102,-8.3686026,0 115.1388029,-8.3686067,0 115.1387673,-8.3686181,0 115.1387244,-8.3686310,0 115.1386815,-8.3686488,0 115.1386810,-8.3686491,0 115.1386386,-8.3686760,0 115.1386225,-8.3686916,0 115.1385957,-8.3687138,0 115.1385733,-8.3687340,0 115.1385528,-8.3687470,0 115.1385098,-8.3687710,0 115.1384993,-8.3687765,0 115.1384669,-8.3687900,0 115.1384240,-8.3688079,0 115.1383993,-8.3688189,0 115.1383811,-8.3688271,0 115.1383382,-8.3688487,0 115.1383156,-8.3688614,0 115.1382953,-8.3688736,0 115.1382524,-8.3688984,0 115.1382407,-8.3689039,0 115.1382094,-8.3689179,0 115.1381665,-8.3689291,0 115.1381236,-8.3689317,0 115.1380807,-8.3689301,0 115.1380378,-8.3689292,0 115.1379949,-8.3689355,0 115.1379664,-8.3689463,0 115.1379519,-8.3689527,0 115.1379090,-8.3689756,0 115.1378764,-8.3689888,0 115.1378661,-8.3689926,0 115.1378232,-8.3689971,0 115.1377853,-8.3689888,0 115.1377803,-8.3689877,0 115.1377374,-8.3689703,0 115.1376945,-8.3689492,0 115.1376889,-8.3689463,0 115.1376515,-8.3689274,0 115.1376100,-8.3689039,0 115.1376086,-8.3689030,0 115.1375657,-8.3688720,0 115.1375524,-8.3688614,0 115.1375228,-8.3688375,0 115.1374934,-8.3688189,0 115.1374799,-8.3688117,0 115.1374370,-8.3688008,0 115.1373940,-8.3687978,0 115.1373511,-8.3687972,0 115.1373082,-8.3687956,0 115.1372653,-8.3687906,0 115.1372224,-8.3687825,0 115.1371969,-8.3687765,0 115.1371795,-8.3687721,0 115.1371366,-8.3687610,0 115.1370936,-8.3687499,0 115.1370507,-8.3687385,0 115.1370341,-8.3687340,0 115.1370078,-8.3687244,0 115.1369649,-8.3687067,0 115.1369253,-8.3686916,0 115.1369220,-8.3686901,0 115.1368791,-8.3686843,0 115.1368429,-8.3686916,0 115.1368361,-8.3686930,0 115.1367932,-8.3687200,0 115.1367807,-8.3687340,0 115.1367548,-8.3687765,0 115.1367503,-8.3687881,0 115.1367455,-8.3688189,0 115.1367411,-8.3688614,0 115.1367372,-8.3689039,0 115.1367337,-8.3689463,0 115.1367325,-8.3689888,0 115.1367358,-8.3690312,0 115.1367465,-8.3690737,0 115.1367503,-8.3690828,0 115.1367753,-8.3691162,0 115.1367932,-8.3691362,0 115.1368118,-8.3691586,0 115.1368361,-8.3691885,0 115.1368456,-8.3692011,0 115.1368703,-8.3692435,0 115.1368791,-8.3692655,0 115.1368864,-8.3692860,0 115.1368996,-8.3693284,0 115.1369154,-8.3693709,0 115.1369220,-8.3693825,0 115.1369415,-8.3694134,0 115.1369649,-8.3694382,0 115.1369856,-8.3694558,0 115.1370078,-8.3694711,0 115.1370507,-8.3694951,0 115.1370576,-8.3694983,0 115.1370936,-8.3695131,0 115.1371366,-8.3695261,0 115.1371795,-8.3695330,0 115.1372224,-8.3695347,0 115.1372653,-8.3695333,0 115.1373082,-8.3695303,0 115.1373511,-8.3695269,0 115.1373940,-8.3695231,0 115.1374370,-8.3695184,0 115.1374799,-8.3695137,0 115.1375228,-8.3695107,0 115.1375657,-8.3695112,0 115.1376086,-8.3695149,0 115.1376515,-8.3695218,0 115.1376945,-8.3695340,0 115.1377085,-8.3695407,0 115.1377374,-8.3695584,0 115.1377620,-8.3695832,0 115.1377803,-8.3696090,0 115.1377892,-8.3696257,0 115.1378080,-8.3696681,0 115.1378232,-8.3697049,0 115.1378253,-8.3697106,0 115.1378423,-8.3697530,0 115.1378613,-8.3697955,0 115.1378661,-8.3698060,0 115.1378820,-8.3698379,0 115.1379038,-8.3698804,0 115.1379090,-8.3698922,0 115.1379244,-8.3699229,0 115.1379423,-8.3699653,0 115.1379519,-8.3699907,0 115.1379602,-8.3700078,0 115.1379848,-8.3700502,0 115.1379949,-8.3700630,0 115.1380378,-8.3700887,0 115.1380807,-8.3700927,0 115.1380807,-8.3700927,0 115.1380807,-8.3700927,0 115.1381236,-8.3700868,0 115.1381665,-8.3700777,0 115.1382094,-8.3700677,0 115.1382524,-8.3700551,0 115.1382648,-8.3700502,0 115.1382953,-8.3700382,0 115.1383382,-8.3700132,0 115.1383464,-8.3700078,0 115.1383811,-8.3699874,0 115.1384240,-8.3699706,0 115.1384669,-8.3699664,0 115.1385098,-8.3699729,0 115.1385528,-8.3699885,0 115.1385865,-8.3700078,0 115.1385957,-8.3700137,0 115.1386370,-8.3700502,0 115.1386386,-8.3700520,0 115.1386687,-8.3700927,0 115.1386815,-8.3701138,0 115.1386937,-8.3701352,0 115.1387165,-8.3701776,0 115.1387244,-8.3701934,0 115.1387394,-8.3702201,0 115.1387613,-8.3702625,0 115.1387673,-8.3702793,0 115.1387777,-8.3703050,0 115.1387854,-8.3703474,0 115.1387849,-8.3703899,0 115.1387780,-8.3704324,0 115.1387673,-8.3704702,0 115.1387658,-8.3704748,0 115.1387472,-8.3705173,0 115.1387244,-8.3705535,0 115.1387191,-8.3705597,0 115.1386815,-8.3705949,0 115.1386720,-8.3706022,0 115.1386386,-8.3706249,0 115.1386113,-8.3706446,0 115.1385957,-8.3706563,0 115.1385637,-8.3706871,0 115.1385528,-8.3707002,0 115.1385351,-8.3707296,0 115.1385169,-8.3707720,0 115.1385098,-8.3707904,0 115.1385010,-8.3708145,0 115.1384747,-8.3708569,0 115.1384669,-8.3708636,0 115.1384240,-8.3708931,0 115.1384127,-8.3708994,0 115.1383811,-8.3709116,0 115.1383382,-8.3709292,0 115.1383125,-8.3709419,0 115.1382953,-8.3709491,0 115.1382524,-8.3709720,0 115.1382333,-8.3709843,0 115.1382094,-8.3709982,0 115.1381677,-8.3710268,0 115.1381665,-8.3710275,0 115.1381236,-8.3710585,0 115.1381092,-8.3710692,0 115.1380807,-8.3710906,0 115.1380504,-8.3711117,0 115.1380378,-8.3711208,0 115.1379949,-8.3711451,0 115.1379709,-8.3711541,0 115.1379519,-8.3711619,0 115.1379090,-8.3711722,0 115.1378661,-8.3711770,0 115.1378232,-8.3711750,0 115.1377803,-8.3711644,0 115.1377558,-8.3711541,0 115.1377374,-8.3711447,0 115.1376945,-8.3711175,0 115.1376834,-8.3711117,0 115.1376515,-8.3710854,0 115.1376217,-8.3710692,0 115.1376086,-8.3710507,0 115.1375872,-8.3710268,0 115.1375743,-8.3709843,0 115.1375657,-8.3709713,0 115.1375416,-8.3709419,0 115.1375228,-8.3709295,0 115.1374799,-8.3709376,0 115.1374770,-8.3709419,0 115.1374715,-8.3709843,0 115.1374799,-8.3710152,0 115.1374906,-8.3710268,0 115.1375150,-8.3710692,0 115.1374799,-8.3710917,0 115.1374627,-8.3711117,0 115.1374370,-8.3711287,0 115.1374243,-8.3711541,0 115.1374072,-8.3711966,0 115.1373952,-8.3712391,0 115.1373940,-8.3712426,0 115.1373849,-8.3712815,0 115.1373722,-8.3713240,0 115.1373553,-8.3713664,0 115.1373511,-8.3713745,0 115.1373345,-8.3714089,0 115.1373082,-8.3714502,0 115.1373075,-8.3714514,0 115.1372744,-8.3714938,0 115.1372653,-8.3715034,0 115.1372320,-8.3715363,0 115.1372224,-8.3715444,0 115.1371800,-8.3715787,0 115.1371795,-8.3715792,0 115.1371366,-8.3716141,0 115.1371287,-8.3716212,0 115.1370936,-8.3716568,0 115.1370875,-8.3716636,0 115.1370571,-8.3717061,0 115.1370507,-8.3717194,0 115.1370369,-8.3717486,0 115.1370284,-8.3717910,0 115.1370315,-8.3718335,0 115.1370438,-8.3718759,0 115.1370507,-8.3718952,0 115.1370596,-8.3719184,0 115.1370680,-8.3719609,0 115.1370610,-8.3720033,0 115.1370507,-8.3720233,0 115.1370379,-8.3720458,0 115.1370078,-8.3720824,0 115.1370025,-8.3720882,0 115.1369649,-8.3721248,0 115.1369594,-8.3721307,0 115.1369248,-8.3721731,0 115.1369220,-8.3721774,0 115.1369036,-8.3722156,0 115.1368882,-8.3722581,0 115.1368791,-8.3722855,0 115.1368747,-8.3723005,0 115.1368601,-8.3723430,0 115.1368411,-8.3723854,0 115.1368361,-8.3723948,0 115.1368192,-8.3724279,0 115.1367947,-8.3724703,0 115.1367932,-8.3724729,0 115.1367732,-8.3725128,0 115.1367506,-8.3725553,0 115.1367503,-8.3725559,0 115.1367366,-8.3725977,0 115.1367198,-8.3726402,0 115.1367074,-8.3726669,0 115.1366960,-8.3726826,0 115.1366645,-8.3727247,0 115.1366642,-8.3727251,0 115.1366343,-8.3727676,0 115.1366216,-8.3727861,0 115.1366049,-8.3728100,0 115.1365787,-8.3728440,0 115.1365711,-8.3728525,0 115.1365357,-8.3728866,0 115.1365245,-8.3728949,0 115.1364928,-8.3729167,0 115.1364531,-8.3729374,0 115.1364499,-8.3729393,0 115.1364070,-8.3729633,0 115.1363791,-8.3729798,0 115.1363641,-8.3729970,0 115.1363458,-8.3730223,0 115.1363403,-8.3730648,0 115.1363518,-8.3731072,0 115.1363641,-8.3731272,0 115.1363773,-8.3731497,0 115.1364070,-8.3731823,0 115.1364158,-8.3731921,0 115.1364499,-8.3732233,0 115.1364607,-8.3732346,0 115.1364928,-8.3732690,0 115.1364988,-8.3732770,0 115.1365262,-8.3733195,0 115.1365357,-8.3733363,0 115.1365493,-8.3733620,0 115.1365737,-8.3734044,0 115.1365787,-8.3734120,0 115.1366016,-8.3734469,0 115.1366216,-8.3734759,0 115.1366303,-8.3734893,0 115.1366551,-8.3735318,0 115.1366645,-8.3735498,0 115.1366767,-8.3735743,0 115.1366982,-8.3736167,0 115.1367074,-8.3736329,0 115.1367182,-8.3736592,0 115.1367393,-8.3737016,0 115.1367503,-8.3737218,0 115.1367740,-8.3737441,0 115.1367932,-8.3737628,0 115.1368220,-8.3737865,0 115.1368361,-8.3737998,0 115.1368727,-8.3738290,0 115.1368791,-8.3738350,0 115.1369220,-8.3738715,0 115.1369220,-8.3738715,0 115.1369571,-8.3739139,0 115.1369649,-8.3739309,0 115.1369736,-8.3739564,0 115.1369700,-8.3739988,0 115.1369649,-8.3740080,0 115.1369376,-8.3740413,0 115.1369220,-8.3740535,0 115.1368797,-8.3740837,0 115.1368791,-8.3740842,0 115.1368361,-8.3741188,0 115.1368296,-8.3741262,0 115.1367958,-8.3741687,0 115.1367932,-8.3741725,0 115.1367732,-8.3742111,0 115.1367569,-8.3742536,0 115.1367503,-8.3742785,0 115.1367478,-8.3742960,0 115.1367440,-8.3743385,0 115.1367421,-8.3743810,0 115.1367411,-8.3744234,0 115.1367403,-8.3744659,0 115.1367384,-8.3745083,0 115.1367351,-8.3745508,0 115.1367323,-8.3745932,0 115.1367354,-8.3746357,0 115.1367439,-8.3746782,0</coordinates></LineString></Placemark>
<Placemark><name>612 m</name><styleUrl>#k</styleUrl><LineString><tessellate>1</tessellate><coordinates>115.1412135,-8.3679708,0 115.1412126,-8.3679698,0 115.1411850,-8.3679273,0 115.1411706,-8.3678999,0 115.1411635,-8.3678849,0 115.1411458,-8.3678424,0</coordinates></LineString></Placemark>
<Placemark><name>612 m</name><styleUrl>#k</styleUrl><LineString><tessellate>1</tessellate><coordinates>115.1386641,-8.3746782,0 115.1386421,-8.3746357,0 115.1386386,-8.3746301,0 115.1386140,-8.3745932,0 115.1385957,-8.3745786,0 115.1385600,-8.3745508,0 115.1385528,-8.3745415,0 115.1385291,-8.3745083,0 115.1385098,-8.3744781,0 115.1385025,-8.3744659,0 115.1384792,-8.3744234,0 115.1384669,-8.3744014,0 115.1384547,-8.3743810,0 115.1384240,-8.3743388,0 115.1384238,-8.3743385,0 115.1383811,-8.3743007,0 115.1383741,-8.3742960,0 115.1383382,-8.3742760,0 115.1382953,-8.3742571,0 115.1382869,-8.3742536,0 115.1382524,-8.3742397,0 115.1382094,-8.3742199,0 115.1381944,-8.3742111,0 115.1381665,-8.3741943,0 115.1381339,-8.3741687,0 115.1381236,-8.3741596,0 115.1380939,-8.3741262,0 115.1380807,-8.3741073,0 115.1380674,-8.3740837,0 115.1380499,-8.3740413,0 115.1380381,-8.3739988,0 115.1380378,-8.3739967,0 115.1380310,-8.3739564,0 115.1380276,-8.3739139,0 115.1380293,-8.3738715,0 115.1380378,-8.3738290,0 115.1380378,-8.3738290,0 115.1380548,-8.3737865,0 115.1380759,-8.3737441,0 115.1380807,-8.3737345,0 115.1380957,-8.3737016,0 115.1381122,-8.3736592,0 115.1381236,-8.3736235,0 115.1381259,-8.3736167,0 115.1381381,-8.3735743,0 115.1381524,-8.3735318,0 115.1381665,-8.3734985,0 115.1381718,-8.3734893,0 115.1382014,-8.3734469,0 115.1382094,-8.3734388,0 115.1382524,-8.3734132,0 115.1382860,-8.3734044,0 115.1382953,-8.3734025,0 115.1383382,-8.3733980,0 115.1383811,-8.3733979,0 115.1384240,-8.3734014,0 115.1384409,-8.3734044,0 115.1384669,-8.3734085,0 115.1385098,-8.3734192,0 115.1385528,-8.3734341,0 115.1385825,-8.3734469,0 115.1385957,-8.3734521,0 115.1386386,-8.3734716,0 115.1386722,-8.3734893,0 115.1386815,-8.3734940,0 115.1387244,-8.3735208,0 115.1387382,-8.3735318,0 115.1387673,-8.3735569,0 115.1387840,-8.3735743,0 115.1388102,-8.3736048,0 115.1388198,-8.3736167,0 115.1388514,-8.3736592,0 115.1388532,-8.3736617,0 115.1388836,-8.3737016,0 115.1388961,-8.3737184,0 115.1389163,-8.3737441,0 115.1389390,-8.3737759,0 115.1389464,-8.3737865,0 115.1389710,-8.3738290,0 115.1389819,-8.3738538,0 115.1389892,-8.3738715,0 115.1390024,-8.3739139,0 115.1390125,-8.3739564,0 115.1390213,-8.3739988,0 115.1390248,-8.3740153,0 115.1390306,-8.3740413,0 115.1390407,-8.3740837,0 115.1390518,-8.3741262,0 115.1390642,-8.3741687,0 115.1390677,-8.3741800,0 115.1390783,-8.3742111,0 115.1390955,-8.3742536,0 115.1391107,-8.3742821,0 115.1391190,-8.3742960,0 115.1391536,-8.3743385,0 115.1391536,-8.3743385,0 115.1391965,-8.3743770,0 115.1392008,-8.3743810,0 115.1392394,-8.3744181,0 115.1392440,-8.3744234,0 115.1392732,-8.3744659,0 115.1392823,-8.3744853,0 115.1392921,-8.3745083,0 115.1393035,-8.3745508,0 115.1393139,-8.3745932,0 115.1393169,-8.3746357,0 115.1393173,-8.3746782,0</coordinates></LineString></Placemark>
<Placemark><name>614 m</name><styleUrl>#k</styleUrl><LineString><tessellate>1</tessellate><coordinates>115.1387864,-8.3678424,0 115.1387673,-8.3678598,0 115.1387468,-8.3678849,0 115.1387249,-8.3679273,0 115.1387244,-8.3679286,0 115.1387113,-8.3679698,0 115.1386998,-8.3680122,0 115.1386866,-8.3680547,0 115.1386815,-8.3680685,0 115.1386702,-8.3680972,0 115.1386531,-8.3681396,0 115.1386386,-8.3681801,0 115.1386379,-8.3681821,0 115.1386277,-8.3682245,0 115.1386207,-8.3682670,0 115.1386151,-8.3683094,0 115.1386086,-8.3683519,0 115.1385969,-8.3683944,0 115.1385957,-8.3683973,0 115.1385772,-8.3684368,0 115.1385528,-8.3684731,0 115.1385498,-8.3684793,0 115.1385316,-8.3685217,0 115.1385187,-8.3685642,0 115.1385098,-8.3686038,0 115.1385094,-8.3686067,0 115.1384966,-8.3686491,0 115.1384686,-8.3686916,0 115.1384669,-8.3686930,0 115.1384240,-8.3687243,0 115.1384077,-8.3687340,0 115.1383811,-8.3687462,0 115.1383382,-8.3687648,0 115.1383116,-8.3687765,0 115.1382953,-8.3687837,0 115.1382524,-8.3688036,0 115.1382180,-8.3688189,0 115.1382094,-8.3688227,0 115.1381665,-8.3688348,0 115.1381236,-8.3688387,0 115.1380807,-8.3688385,0 115.1380378,-8.3688382,0 115.1379949,-8.3688416,0 115.1379519,-8.3688500,0 115.1379119,-8.3688614,0 115.1379090,-8.3688624,0 115.1378661,-8.3688761,0 115.1378232,-8.3688832,0 115.1377803,-8.3688793,0 115.1377374,-8.3688667,0 115.1377254,-8.3688614,0 115.1376945,-8.3688472,0 115.1376515,-8.3688207,0 115.1376493,-8.3688189,0 115.1376086,-8.3687859,0 115.1375976,-8.3687765,0 115.1375657,-8.3687510,0 115.1375400,-8.3687340,0 115.1375228,-8.3687244,0 115.1374799,-8.3687100,0 115.1374370,-8.3687059,0 115.1373940,-8.3687078,0 115.1373511,-8.3687108,0 115.1373082,-8.3687100,0 115.1372653,-8.3687027,0 115.1372275,-8.3686916,0 115.1372224,-8.3686898,0 115.1371795,-8.3686715,0 115.1371366,-8.3686498,0 115.1371354,-8.3686491,0 115.1370936,-8.3686216,0 115.1370749,-8.3686067,0 115.1370507,-8.3685882,0 115.1370186,-8.3685642,0 115.1370078,-8.3685581,0 115.1369649,-8.3685405,0 115.1369220,-8.3685308,0 115.1368791,-8.3685282,0 115.1368361,-8.3685327,0 115.1367932,-8.3685455,0 115.1367584,-8.3685642,0 115.1367503,-8.3685693,0 115.1367204,-8.3686067,0 115.1367074,-8.3686273,0 115.1366871,-8.3686491,0 115.1366645,-8.3686866,0 115.1366619,-8.3686916,0 115.1366522,-8.3687340,0 115.1366519,-8.3687765,0 115.1366542,-8.3688189,0 115.1366560,-8.3688614,0 115.1366553,-8.3689039,0 115.1366530,-8.3689463,0 115.1366517,-8.3689888,0 115.1366536,-8.3690312,0 115.1366613,-8.3690737,0 115.1366645,-8.3690828,0 115.1366802,-8.3691162,0 115.1367074,-8.3691566,0 115.1367085,-8.3691586,0 115.1367330,-8.3692011,0 115.1367503,-8.3692340,0 115.1367582,-8.3692435,0 115.1367875,-8.3692860,0 115.1367932,-8.3692953,0 115.1368105,-8.3693284,0 115.1368321,-8.3693709,0 115.1368361,-8.3693777,0 115.1368561,-8.3694134,0 115.1368791,-8.3694449,0 115.1368877,-8.3694558,0 115.1369220,-8.3694893,0 115.1369330,-8.3694983,0 115.1369649,-8.3695207,0 115.1369989,-8.3695407,0 115.1370078,-8.3695457,0 115.1370507,-8.3695665,0 115.1370936,-8.3695831,0 115.1370941,-8.3695832,0 115.1371366,-8.3695937,0 115.1371795,-8.3695979,0 115.1372224,-8.3695975,0 115.1372653,-8.3695953,0 115.1373082,-8.3695936,0 115.1373511,-8.3695945,0 115.1373940,-8.3695980,0 115.1374370,-8.3696025,0 115.1374799,-8.3696056,0 115.1375228,-8.3696044,0 115.1375657,-8.3696007,0 115.1376086,-8.3695994,0 115.1376515,-8.3696064,0 115.1376892,-8.3696257,0 115.1376945,-8.3696291,0 115.1377273,-8.3696681,0 115.1377374,-8.3696829,0 115.1377516,-8.3697106,0 115.1377724,-8.3697530,0 115.1377803,-8.3697694,0 115.1377915,-8.3697955,0 115.1378094,-8.3698379,0 115.1378232,-8.3698731,0 115.1378262,-8.3698804,0 115.1378410,-8.3699229,0 115.1378530,-8.3699653,0 115.1378634,-8.3700078,0 115.1378661,-8.3700187,0 115.1378746,-8.3700502,0 115.1378894,-8.3700927,0 115.1379090,-8.3701327,0 115.1379106,-8.3701352,0 115.1379415,-8.3701776,0 115.1379519,-8.3701915,0 115.1379821,-8.3702201,0 115.1379949,-8.3702357,0 115.1380329,-8.3702625,0 115.1380378,-8.3702673,0 115.1380807,-8.3702804,0 115.1381236,-8.3702716,0 115.1381417,-8.3702625,0 115.1381665,-8.3702515,0 115.1382094,-8.3702235,0 115.1382141,-8.3702201,0 115.1382524,-8.3701973,0 115.1382875,-8.3701776,0 115.1382953,-8.3701742,0 115.1383382,-8.3701536,0 115.1383688,-8.3701352,0 115.1383811,-8.3701280,0 115.1384240,-8.3700992,0 115.1384356,-8.3700927,0 115.1384669,-8.3700778,0 115.1385098,-8.3700730,0 115.1385528,-8.3700881,0 115.1385586,-8.3700927,0 115.1385957,-8.3701345,0 115.1385961,-8.3701352,0 115.1386135,-8.3701776,0 115.1386237,-8.3702201,0 115.1386266,-8.3702625,0 115.1386199,-8.3703050,0 115.1385989,-8.3703474,0 115.1385957,-8.3703516,0 115.1385543,-8.3703899,0 115.1385528,-8.3703911,0 115.1385098,-8.3704251,0 115.1385016,-8.3704324,0 115.1384669,-8.3704652,0 115.1384567,-8.3704748,0 115.1384240,-8.3705058,0 115.1384102,-8.3705173,0 115.1383811,-8.3705466,0 115.1383665,-8.3705597,0 115.1383448,-8.3706022,0 115.1383476,-8.3706446,0 115.1383548,-8.3706871,0 115.1383550,-8.3707296,0 115.1383408,-8.3707720,0 115.1383382,-8.3707754,0 115.1382997,-8.3708145,0 115.1382953,-8.3708176,0 115.1382524,-8.3708531,0 115.1382491,-8.3708569,0 115.1382094,-8.3708937,0 115.1382050,-8.3708994,0 115.1381665,-8.3709347,0 115.1381599,-8.3709419,0 115.1381236,-8.3709717,0 115.1381084,-8.3709843,0 115.1380807,-8.3710046,0 115.1380469,-8.3710268,0 115.1380378,-8.3710325,0 115.1379949,-8.3710513,0 115.1379519,-8.3710585,0 115.1379090,-8.3710531,0 115.1378661,-8.3710341,0 115.1378556,-8.3710268,0 115.1378232,-8.3710000,0 115.1378079,-8.3709843,0 115.1377803,-8.3709559,0 115.1377673,-8.3709419,0 115.1377374,-8.3709160,0 115.1377176,-8.3708994,0 115.1376945,-8.3708841,0 115.1376560,-8.3708569,0 115.1376515,-8.3708541,0 115.1376086,-8.3708211,0 115.1376004,-8.3708145,0 115.1375657,-8.3707875,0 115.1375402,-8.3707720,0 115.1375228,-8.3707629,0 115.1374799,-8.3707556,0 115.1374370,-8.3707671,0 115.1374297,-8.3707720,0 115.1373940,-8.3708037,0 115.1373853,-8.3708145,0 115.1373560,-8.3708569,0 115.1373511,-8.3708649,0 115.1373321,-8.3708994,0 115.1373105,-8.3709419,0 115.1373082,-8.3709470,0 115.1372946,-8.3709843,0 115.1372821,-8.3710268,0 115.1372726,-8.3710692,0 115.1372657,-8.3711117,0 115.1372653,-8.3711157,0 115.1372619,-8.3711541,0 115.1372590,-8.3711966,0 115.1372560,-8.3712391,0 115.1372511,-8.3712815,0 115.1372435,-8.3713240,0 115.1372321,-8.3713664,0 115.1372224,-8.3713909,0 115.1372157,-8.3714089,0 115.1371909,-8.3714514,0 115.1371795,-8.3714649,0 115.1371541,-8.3714938,0 115.1371366,-8.3715101,0 115.1371081,-8.3715363,0 115.1370936,-8.3715489,0 115.1370608,-8.3715787,0 115.1370507,-8.3715885,0 115.1370179,-8.3716212,0 115.1370078,-8.3716328,0 115.1369793,-8.3716636,0 115.1369649,-8.3716832,0 115.1369455,-8.3717061,0 115.1369220,-8.3717439,0 115.1369185,-8.3717486,0 115.1368955,-8.3717910,0 115.1368791,-8.3718282,0 115.1368757,-8.3718335,0 115.1368504,-8.3718759,0 115.1368361,-8.3718976,0 115.1368197,-8.3719184,0 115.1367971,-8.3719609,0 115.1367932,-8.3719821,0 115.1367910,-8.3720033,0 115.1367932,-8.3720458,0 115.1367932,-8.3720458,0 115.1367989,-8.3720882,0 115.1368049,-8.3721307,0 115.1368091,-8.3721731,0 115.1368102,-8.3722156,0 115.1368071,-8.3722581,0 115.1367987,-8.3723005,0 115.1367932,-8.3723159,0 115.1367841,-8.3723430,0 115.1367648,-8.3723854,0 115.1367503,-8.3724125,0 115.1367456,-8.3724279,0 115.1367322,-8.3724703,0 115.1367187,-8.3725128,0 115.1367074,-8.3725457,0 115.1367021,-8.3725553,0 115.1366762,-8.3725977,0 115.1366645,-8.3726147,0 115.1366459,-8.3726402,0 115.1366216,-8.3726726,0 115.1366139,-8.3726826,0 115.1365834,-8.3727251,0 115.1365787,-8.3727319,0 115.1365534,-8.3727676,0 115.1365357,-8.3727902,0 115.1365183,-8.3728100,0 115.1364928,-8.3728334,0 115.1364655,-8.3728525,0 115.1364499,-8.3728619,0 115.1364070,-8.3728817,0 115.1363696,-8.3728949,0 115.1363641,-8.3728971,0 115.1363212,-8.3729121,0 115.1362782,-8.3729285,0 115.1362597,-8.3729374,0 115.1362353,-8.3729604,0 115.1362199,-8.3729798,0 115.1362077,-8.3730223,0 115.1362092,-8.3730648,0 115.1362232,-8.3731072,0 115.1362353,-8.3731253,0 115.1362507,-8.3731497,0 115.1362782,-8.3731773,0 115.1362925,-8.3731921,0 115.1363212,-8.3732136,0 115.1363478,-8.3732346,0 115.1363641,-8.3732452,0 115.1364070,-8.3732769,0 115.1364072,-8.3732770,0 115.1364499,-8.3733176,0 115.1364515,-8.3733195,0 115.1364806,-8.3733620,0 115.1364928,-8.3733814,0 115.1365059,-8.3734044,0 115.1365327,-8.3734469,0 115.1365357,-8.3734511,0 115.1365629,-8.3734893,0 115.1365787,-8.3735109,0 115.1365926,-8.3735318,0 115.1366178,-8.3735743,0 115.1366216,-8.3735812,0 115.1366398,-8.3736167,0 115.1366616,-8.3736592,0 115.1366645,-8.3736644,0 115.1366876,-8.3737016,0 115.1367074,-8.3737304,0 115.1367145,-8.3737441,0 115.1367360,-8.3737865,0 115.1367503,-8.3738186,0 115.1367594,-8.3738290,0 115.1367860,-8.3738715,0 115.1367932,-8.3738910,0 115.1368048,-8.3739139,0 115.1368112,-8.3739564,0 115.1367987,-8.3739988,0 115.1367932,-8.3740071,0 115.1367780,-8.3740413,0 115.1367547,-8.3740837,0 115.1367503,-8.3740914,0 115.1367414,-8.3741262,0 115.1367314,-8.3741687,0 115.1367232,-8.3742111,0 115.1367170,-8.3742536,0 115.1367123,-8.3742960,0 115.1367086,-8.3743385,0 115.1367074,-8.3743542,0 115.1367042,-8.3743810,0 115.1366990,-8.3744234,0 115.1366934,-8.3744659,0 115.1366870,-8.3745083,0 115.1366808,-8.3745508,0 115.1366783,-8.3745932,0 115.1366849,-8.3746357,0 115.1366995,-8.3746782,0</coordinates></LineString></Placemark>
<Placemark><name>614 m</name><styleUrl>#k</styleUrl><LineString><tessellate>1</tessellate><coordinates>115.1387619,-8.3746782,0 115.1387411,-8.3746357,0 115.1387244,-8.3746038,0 115.1387188,-8.3745932,0 115.1386815,-8.3745582,0 115.1386725,-8.3745508,0 115.1386386,-8.3745098,0 115.1386374,-8.3745083,0 115.1386050,-8.3744659,0 115.1385957,-8.3744523,0 115.1385779,-8.3744234,0 115.1385534,-8.3743810,0 115.1385528,-8.3743799,0 115.1385286,-8.3743385,0 115.1385098,-8.3743125,0 115.1384969,-8.3742960,0 115.1384669,-8.3742668,0 115.1384508,-8.3742536,0 115.1384240,-8.3742357,0 115.1383811,-8.3742123,0 115.1383786,-8.3742111,0 115.1383382,-8.3741937,0 115.1382953,-8.3741766,0 115.1382764,-8.3741687,0 115.1382524,-8.3741582,0 115.1382094,-8.3741353,0 115.1381962,-8.3741262,0 115.1381665,-8.3741026,0 115.1381488,-8.3740837,0 115.1381236,-8.3740476,0 115.1381201,-8.3740413,0 115.1381041,-8.3739988,0 115.1380954,-8.3739564,0 115.1380931,-8.3739139,0 115.1380972,-8.3738715,0 115.1381076,-8.3738290,0 115.1381233,-8.3737865,0 115.1381236,-8.3737859,0 115.1381403,-8.3737441,0 115.1381572,-8.3737016,0 115.1381665,-8.3736782,0 115.1381740,-8.3736592,0 115.1381929,-8.3736167,0 115.1382094,-8.3735869,0 115.1382178,-8.3735743,0 115.1382524,-8.3735339,0 115.1382548,-8.3735318,0 115.1382953,-8.3735015,0 115.1383214,-8.3734893,0 115.1383382,-8.3734818,0 115.1383811,-8.3734708,0 115.1384240,-8.3734668,0 115.1384669,-8.3734686,0 115.1385098,-8.3734753,0 115.1385528,-8.3734865,0 115.1385607,-8.3734893,0 115.1385957,-8.3735008,0 115.1386386,-8.3735180,0 115.1386664,-8.3735318,0 115.1386815,-8.3735393,0 115.1387244,-8.3735682,0 115.1387314,-8.3735743,0 115.1387673,-8.3736094,0 115.1387737,-8.3736167,0 115.1388062,-8.3736592,0 115.1388102,-8.3736650,0 115.1388357,-8.3737016,0 115.1388532,-8.3737270,0 115.1388657,-8.3737441,0 115.1388961,-8.3737861,0 115.1388964,-8.3737865,0 115.1389235,-8.3738290,0 115.1389390,-8.3738582,0 115.1389453,-8.3738715,0 115.1389611,-8.3739139,0 115.1389731,-8.3739564,0 115.1389819,-8.3739941,0 115.1389830,-8.3739988,0 115.1389914,-8.3740413,0 115.1389998,-8.3740837,0 115.1390085,-8.3741262,0 115.1390181,-8.3741687,0 115.1390248,-8.3741962,0 115.1390286,-8.3742111,0 115.1390409,-8.3742536,0 115.1390574,-8.3742960,0 115.1390677,-8.3743153,0 115.1390820,-8.3743385,0 115.1391107,-8.3743700,0 115.1391223,-8.3743810,0 115.1391536,-8.3744053,0 115.1391762,-8.3744234,0 115.1391965,-8.3744405,0 115.1392189,-8.3744659,0 115.1392394,-8.3744991,0 115.1392438,-8.3745083,0 115.1392542,-8.3745508,0 115.1392564,-8.3745932,0 115.1392512,-8.3746357,0 115.1392430,-8.3746782,0</coordinates></LineString></Placemark>
<Placemark><name>616 m</name><styleUrl>#k</styleUrl><LineString><tessellate>1</tessellate><coordinates>115.1386423,-8.3678424,0 115.1386386,-8.3678511,0 115.1386261,-8.3678849,0 115.1386136,-8.3679273,0 115.1386011,-8.3679698,0 115.1385957,-8.3679866,0 115.1385870,-8.3680122,0 115.1385711,-8.3680547,0 115.1385554,-8.3680972,0 115.1385528,-8.3681049,0 115.1385415,-8.3681396,0 115.1385284,-8.3681821,0 115.1385154,-8.3682245,0 115.1385098,-8.3682418,0 115.1385014,-8.3682670,0 115.1384861,-8.3683094,0 115.1384697,-8.3683519,0 115.1384669,-8.3683588,0 115.1384539,-8.3683944,0 115.1384398,-8.3684368,0 115.1384276,-8.3684793,0 115.1384240,-8.3684927,0 115.1384160,-8.3685217,0 115.1384038,-8.3685642,0 115.1383861,-8.3686067,0 115.1383811,-8.3686144,0 115.1383457,-8.3686491,0 115.1383382,-8.3686542,0 115.1382953,-8.3686721,0 115.1382524,-8.3686855,0 115.1382340,-8.3686916,0 115.1382094,-8.3686993,0 115.1381665,-8.3687160,0 115.1381236,-8.3687340,0 115.1381236,-8.3687340,0 115.1380807,-8.3687458,0 115.1380378,-8.3687540,0 115.1379949,-8.3687602,0 115.1379519,-8.3687657,0 115.1379090,-8.3687707,0 115.1378661,-8.3687741,0 115.1378232,-8.3687736,0 115.1377803,-8.3687664,0 115.1377374,-8.3687523,0 115.1376995,-8.3687340,0 115.1376945,-8.3687315,0 115.1376515,-8.3687048,0 115.1376324,-8.3686916,0 115.1376086,-8.3686774,0 115.1375657,-8.3686544,0 115.1375536,-8.3686491,0 115.1375228,-8.3686369,0 115.1374799,-8.3686248,0 115.1374370,-8.3686167,0 115.1373940,-8.3686106,0 115.1373664,-8.3686067,0 115.1373511,-8.3686043,0 115.1373082,-8.3685962,0 115.1372653,-8.3685861,0 115.1372224,-8.3685734,0 115.1371989,-8.3685642,0 115.1371795,-8.3685575,0 115.1371366,-8.3685372,0 115.1371103,-8.3685217,0 115.1370936,-8.3685137,0 115.1370507,-8.3684937,0 115.1370129,-8.3684793,0 115.1370078,-8.3684776,0 115.1369649,-8.3684660,0 115.1369220,-8.3684557,0 115.1368791,-8.3684452,0 115.1368461,-8.3684368,0 115.1368361,-8.3684338,0 115.1367932,-8.3684214,0 115.1367503,-8.3684082,0 115.1367224,-8.3683944,0 115.1367074,-8.3683867,0 115.1366645,-8.3683760,0 115.1366216,-8.3683670,0 115.1365787,-8.3683622,0 115.1365357,-8.3683633,0 115.1364928,-8.3683706,0 115.1364499,-8.3683865,0 115.1364354,-8.3683944,0 115.1364070,-8.3684173,0 115.1363838,-8.3684368,0 115.1363641,-8.3684622,0 115.1363462,-8.3684793,0 115.1363212,-8.3685206,0 115.1363195,-8.3685217,0 115.1363037,-8.3685642,0 115.1363212,-8.3685864,0 115.1363299,-8.3686067,0 115.1363641,-8.3686310,0 115.1363863,-8.3686491,0 115.1364070,-8.3686594,0 115.1364499,-8.3686863,0 115.1364566,-8.3686916,0 115.1364928,-8.3687193,0 115.1365051,-8.3687340,0 115.1365355,-8.3687765,0 115.1365357,-8.3687769,0 115.1365549,-8.3688189,0 115.1365683,-8.3688614,0 115.1365764,-8.3689039,0 115.1365787,-8.3689266,0 115.1365804,-8.3689463,0 115.1365830,-8.3689888,0 115.1365859,-8.3690312,0 115.1365907,-8.3690737,0 115.1365997,-8.3691162,0 115.1366153,-8.3691586,0 115.1366216,-8.3691705,0 115.1366406,-8.3692011,0 115.1366645,-8.3692335,0 115.1366727,-8.3692435,0 115.1367059,-8.3692860,0 115.1367074,-8.3692880,0 115.1367267,-8.3693284,0 115.1367451,-8.3693709,0 115.1367503,-8.3693827,0 115.1367712,-8.3694134,0 115.1367932,-8.3694432,0 115.1368021,-8.3694558,0 115.1368361,-8.3694975,0 115.1368369,-8.3694983,0 115.1368791,-8.3695388,0 115.1368814,-8.3695407,0 115.1369220,-8.3695701,0 115.1369438,-8.3695832,0 115.1369649,-8.3695954,0 115.1370078,-8.3696174,0 115.1370265,-8.3696257,0 115.1370507,-8.3696363,0 115.1370936,-8.3696504,0 115.1371366,-8.3696585,0 115.1371795,-8.3696606,0 115.1372224,-8.3696585,0 115.1372653,-8.3696557,0 115.1373082,-8.3696547,0 115.1373511,-8.3696583,0 115.1373940,-8.3696661,0 115.1374031,-8.3696681,0 115.1374370,-8.3696769,0 115.1374799,-8.3696865,0 115.1375228,-8.3696922,0 115.1375657,-8.3696959,0 115.1376086,-8.3697037,0 115.1376243,-8.3697106,0 115.1376515,-8.3697246,0 115.1376795,-8.3697530,0 115.1376945,-8.3697700,0 115.1377101,-8.3697955,0 115.1377328,-8.3698379,0 115.1377374,-8.3698484,0 115.1377497,-8.3698804,0 115.1377624,-8.3699229,0 115.1377713,-8.3699653,0 115.1377780,-8.3700078,0 115.1377803,-8.3700262,0 115.1377833,-8.3700502,0 115.1377885,-8.3700927,0 115.1377959,-8.3701352,0 115.1378071,-8.3701776,0 115.1378232,-8.3702187,0 115.1378238,-8.3702201,0 115.1378422,-8.3702625,0 115.1378594,-8.3703050,0 115.1378661,-8.3703227,0 115.1378752,-8.3703474,0 115.1378933,-8.3703899,0 115.1379090,-8.3704147,0 115.1379224,-8.3704324,0 115.1379519,-8.3704594,0 115.1379734,-8.3704748,0 115.1379949,-8.3704891,0 115.1380378,-8.3705156,0 115.1380402,-8.3705173,0 115.1380800,-8.3705597,0 115.1380807,-8.3705614,0 115.1380955,-8.3706022,0 115.1381004,-8.3706446,0 115.1381004,-8.3706871,0 115.1380979,-8.3707296,0 115.1380945,-8.3707720,0 115.1380891,-8.3708145,0 115.1380807,-8.3708439,0 115.1380760,-8.3708569,0 115.1380457,-8.3708994,0 115.1380378,-8.3709064,0 115.1379949,-8.3709260,0 115.1379519,-8.3709223,0 115.1379090,-8.3708998,0 115.1379086,-8.3708994,0 115.1378661,-8.3708656,0 115.1378552,-8.3708569,0 115.1378232,-8.3708352,0 115.1377815,-8.3708145,0 115.1377803,-8.3708139,0 115.1377374,-8.3707949,0 115.1376945,-8.3707746,0 115.1376903,-8.3707720,0 115.1376515,-8.3707457,0 115.1376308,-8.3707296,0 115.1376086,-8.3707129,0 115.1375657,-8.3706886,0 115.1375616,-8.3706871,0 115.1375228,-8.3706747,0 115.1374799,-8.3706694,0 115.1374370,-8.3706719,0 115.1373940,-8.3706842,0 115.1373887,-8.3706871,0 115.1373511,-8.3707141,0 115.1373371,-8.3707296,0 115.1373082,-8.3707690,0 115.1373062,-8.3707720,0 115.1372800,-8.3708145,0 115.1372653,-8.3708417,0 115.1372577,-8.3708569,0 115.1372396,-8.3708994,0 115.1372252,-8.3709419,0 115.1372224,-8.3709517,0 115.1372133,-8.3709843,0 115.1372030,-8.3710268,0 115.1371934,-8.3710692,0 115.1371837,-8.3711117,0 115.1371795,-8.3711293,0 115.1371730,-8.3711541,0 115.1371621,-8.3711966,0 115.1371522,-8.3712391,0 115.1371436,-8.3712815,0 115.1371366,-8.3713190,0 115.1371357,-8.3713240,0 115.1371256,-8.3713664,0 115.1371079,-8.3714089,0 115.1370936,-8.3714303,0 115.1370781,-8.3714514,0 115.1370507,-8.3714794,0 115.1370359,-8.3714938,0 115.1370078,-8.3715190,0 115.1369876,-8.3715363,0 115.1369649,-8.3715561,0 115.1369356,-8.3715787,0 115.1369220,-8.3715900,0 115.1368791,-8.3716205,0 115.1368779,-8.3716212,0 115.1368361,-8.3716521,0 115.1368197,-8.3716636,0 115.1367932,-8.3716852,0 115.1367637,-8.3717061,0 115.1367503,-8.3717162,0 115.1367112,-8.3717486,0 115.1367074,-8.3717520,0 115.1366645,-8.3717731,0 115.1366385,-8.3717910,0 115.1366267,-8.3718335,0 115.1366341,-8.3718759,0 115.1366468,-8.3719184,0 115.1366620,-8.3719609,0 115.1366645,-8.3719664,0 115.1366825,-8.3720033,0 115.1367023,-8.3720458,0 115.1367074,-8.3720570,0 115.1367166,-8.3720882,0 115.1367270,-8.3721307,0 115.1367347,-8.3721731,0 115.1367396,-8.3722156,0 115.1367407,-8.3722581,0 115.1367372,-8.3723005,0 115.1367289,-8.3723430,0 115.1367175,-8.3723854,0 115.1367074,-8.3724179,0 115.1367026,-8.3724279,0 115.1366807,-8.3724703,0 115.1366645,-8.3725004,0 115.1366574,-8.3725128,0 115.1366303,-8.3725553,0 115.1366216,-8.3725678,0 115.1365982,-8.3725977,0 115.1365787,-8.3726221,0 115.1365630,-8.3726402,0 115.1365357,-8.3726752,0 115.1365297,-8.3726826,0 115.1364979,-8.3727251,0 115.1364928,-8.3727317,0 115.1364612,-8.3727676,0 115.1364499,-8.3727780,0 115.1364070,-8.3728075,0 115.1364017,-8.3728100,0 115.1363641,-8.3728243,0 115.1363212,-8.3728343,0 115.1362782,-8.3728385,0 115.1362353,-8.3728393,0 115.1361924,-8.3728403,0 115.1361495,-8.3728465,0 115.1361341,-8.3728525,0 115.1361066,-8.3728713,0 115.1360851,-8.3728949,0 115.1360637,-8.3729337,0 115.1360618,-8.3729374,0 115.1360417,-8.3729798,0 115.1360208,-8.3730132,0 115.1360148,-8.3730223,0 115.1359867,-8.3730648,0 115.1359778,-8.3730841,0 115.1359692,-8.3731072,0 115.1359725,-8.3731497,0 115.1359778,-8.3731570,0 115.1360188,-8.3731921,0 115.1360208,-8.3731931,0 115.1360637,-8.3732113,0 115.1361066,-8.3732303,0 115.1361153,-8.3732346,0 115.1361495,-8.3732475,0 115.1361924,-8.3732635,0 115.1362285,-8.3732770,0 115.1362353,-8.3732790,0 115.1362782,-8.3732938,0 115.1363212,-8.3733124,0 115.1363335,-8.3733195,0 115.1363641,-8.3733376,0 115.1363926,-8.3733620,0 115.1364070,-8.3733757,0 115.1364297,-8.3734044,0 115.1364499,-8.3734311,0 115.1364604,-8.3734469,0 115.1364924,-8.3734893,0 115.1364928,-8.3734898,0 115.1365269,-8.3735318,0 115.1365357,-8.3735431,0 115.1365577,-8.3735743,0 115.1365787,-8.3736085,0 115.1365833,-8.3736167,0 115.1366048,-8.3736592,0 115.1366216,-8.3736933,0 115.1366260,-8.3737016,0 115.1366494,-8.3737441,0 115.1366645,-8.3737710,0 115.1366745,-8.3737865,0 115.1366985,-8.3738290,0 115.1367074,-8.3738513,0 115.1367132,-8.3738715,0 115.1367200,-8.3739139,0 115.1367214,-8.3739564,0 115.1367183,-8.3739988,0 115.1367119,-8.3740413,0 115.1367074,-8.3740643,0 115.1367028,-8.3740837,0 115.1366920,-8.3741262,0 115.1366821,-8.3741687,0 115.1366739,-8.3742111,0 115.1366669,-8.3742536,0 115.1366645,-8.3742701,0 115.1366607,-8.3742960,0 115.1366543,-8.3743385,0 115.1366471,-8.3743810,0 115.1366396,-8.3744234,0 115.1366319,-8.3744659,0 115.1366244,-8.3745083,0 115.1366216,-8.3745279,0 115.1366185,-8.3745508,0 115.1366168,-8.3745932,0 115.1366216,-8.3746242,0 115.1366234,-8.3746357,0 115.1366385,-8.3746782,0</coordinates></LineString></Placemark>
<Placemark><name>616 m</name><styleUrl>#k</styleUrl><LineString><tessellate>1</tessellate><coordinates>115.1389020,-8.3746782,0 115.1388961,-8.3746733,0 115.1388609,-8.3746357,0 115.1388532,-8.3746242,0 115.1388358,-8.3745932,0 115.1388102,-8.3745628,0 115.1387999,-8.3745508,0 115.1387718,-8.3745083,0 115.1387673,-8.3745030,0 115.1387376,-8.3744659,0 115.1387244,-8.3744514,0 115.1387011,-8.3744234,0 115.1386815,-8.3744000,0 115.1386674,-8.3743810,0 115.1386386,-8.3743409,0 115.1386370,-8.3743385,0 115.1386080,-8.3742960,0 115.1385957,-8.3742804,0 115.1385740,-8.3742536,0 115.1385528,-8.3742327,0 115.1385280,-8.3742111,0 115.1385098,-8.3741984,0 115.1384669,-8.3741728,0 115.1384591,-8.3741687,0 115.1384240,-8.3741519,0 115.1383811,-8.3741328,0 115.1383655,-8.3741262,0 115.1383382,-8.3741143,0 115.1382953,-8.3740948,0 115.1382738,-8.3740837,0 115.1382524,-8.3740709,0 115.1382144,-8.3740413,0 115.1382094,-8.3740359,0 115.1381839,-8.3739988,0 115.1381688,-8.3739564,0 115.1381665,-8.3739344,0 115.1381647,-8.3739139,0 115.1381665,-8.3738888,0 115.1381678,-8.3738715,0 115.1381759,-8.3738290,0 115.1381870,-8.3737865,0 115.1381999,-8.3737441,0 115.1382094,-8.3737171,0 115.1382148,-8.3737016,0 115.1382334,-8.3736592,0 115.1382524,-8.3736266,0 115.1382593,-8.3736167,0 115.1382953,-8.3735783,0 115.1383007,-8.3735743,0 115.1383382,-8.3735504,0 115.1383811,-8.3735348,0 115.1383981,-8.3735318,0 115.1384240,-8.3735274,0 115.1384669,-8.3735262,0 115.1385098,-8.3735301,0 115.1385190,-8.3735318,0 115.1385528,-8.3735378,0 115.1385957,-8.3735491,0 115.1386386,-8.3735642,0 115.1386592,-8.3735743,0 115.1386815,-8.3735859,0 115.1387225,-8.3736167,0 115.1387244,-8.3736184,0 115.1387597,-8.3736592,0 115.1387673,-8.3736697,0 115.1387887,-8.3737016,0 115.1388102,-8.3737353,0 115.1388161,-8.3737441,0 115.1388443,-8.3737865,0 115.1388532,-8.3737994,0 115.1388730,-8.3738290,0 115.1388961,-8.3738664,0 115.1388988,-8.3738715,0 115.1389177,-8.3739139,0 115.1389323,-8.3739564,0 115.1389390,-8.3739816,0 115.1389431,-8.3739988,0 115.1389507,-8.3740413,0 115.1389571,-8.3740837,0 115.1389628,-8.3741262,0 115.1389685,-8.3741687,0 115.1389744,-8.3742111,0 115.1389812,-8.3742536,0 115.1389819,-8.3742575,0 115.1389888,-8.3742960,0 115.1390000,-8.3743385,0 115.1390200,-8.3743810,0 115.1390248,-8.3743883,0 115.1390573,-8.3744234,0 115.1390677,-8.3744314,0 115.1391107,-8.3744574,0 115.1391241,-8.3744659,0 115.1391536,-8.3744883,0 115.1391714,-8.3745083,0 115.1391887,-8.3745508,0 115.1391802,-8.3745932,0 115.1391621,-8.3746357,0 115.1391536,-8.3746524,0 115.1391339,-8.3746782,0</coordinates></LineString></Placemark>
<Placemark><name>616 m</name><styleUrl>#k</styleUrl><LineString><tessellate>1</tessellate><coordinates>115.1361495,-8.3685164,0 115.1361454,-8.3685217,0 115.1361495,-8.3685359,0 115.1361638,-8.3685217,0 115.1361495,-8.3685164,0</coordinates></LineString></Placemark>
<Placemark><name>618 m</name><styleUrl>#k</styleUrl><LineString><tessellate>1</tessellate><coordinates>115.1385270,-8.3678424,0 115.1385158,-8.3678849,0 115.1385098,-8.3679040,0 115.1385023,-8.3679273,0 115.1384878,-8.3679698,0 115.1384736,-8.3680122,0 115.1384669,-8.3680335,0 115.1384603,-8.3680547,0 115.1384472,-8.3680972,0 115.1384335,-8.3681396,0 115.1384240,-8.3681671,0 115.1384185,-8.3681821,0 115.1384027,-8.3682245,0 115.1383868,-8.3682670,0 115.1383811,-8.3682831,0 115.1383714,-8.3683094,0 115.1383565,-8.3683519,0 115.1383424,-8.3683944,0 115.1383382,-8.3684069,0 115.1383247,-8.3684368,0 115.1382996,-8.3684793,0 115.1382953,-8.3684849,0 115.1382524,-8.3685152,0 115.1382358,-8.3685217,0 115.1382094,-8.3685309,0 115.1381665,-8.3685471,0 115.1381337,-8.3685642,0 115.1381236,-8.3685700,0 115.1380807,-8.3685998,0 115.1380700,-8.3686067,0 115.1380378,-8.3686266,0 115.1379949,-8.3686438,0 115.1379519,-8.3686480,0 115.1379090,-8.3686429,0 115.1378661,-8.3686327,0 115.1378232,-8.3686230,0 115.1377803,-8.3686168,0 115.1377374,-8.3686112,0 115.1377128,-8.3686067,0 115.1376945,-8.3686038,0 115.1376515,-8.3685934,0 115.1376086,-8.3685800,0 115.1375657,-8.3685661,0 115.1375597,-8.3685642,0 115.1375228,-8.3685517,0 115.1374799,-8.3685376,0 115.1374370,-8.3685245,0 115.1374274,-8.3685217,0 115.1373940,-8.3685121,0 115.1373511,-8.3685018,0 115.1373082,-8.3684928,0 115.1372653,-8.3684836,0 115.1372481,-8.3684793,0 115.1372224,-8.3684733,0 115.1371795,-8.3684610,0 115.1371366,-8.3684471,0 115.1371036,-8.3684368,0 115.1370936,-8.3684341,0 115.1370507,-8.3684234,0 115.1370078,-8.3684132,0 115.1369649,-8.3684021,0 115.1369409,-8.3683944,0 115.1369220,-8.3683871,0 115.1368791,-8.3683669,0 115.1368517,-8.3683519,0 115.1368361,-8.3683422,0 115.1367932,-8.3683174,0 115.1367765,-8.3683094,0 115.1367503,-8.3682984,0 115.1367074,-8.3682792,0 115.1366645,-8.3682724,0 115.1366216,-8.3682691,0 115.1365787,-8.3682686,0 115.1365357,-8.3682700,0 115.1364928,-8.3682727,0 115.1364499,-8.3682763,0 115.1364070,-8.3682813,0 115.1363641,-8.3682876,0 115.1363212,-8.3682940,0 115.1362782,-8.3682986,0 115.1362353,-8.3683019,0 115.1361924,-8.3683069,0 115.1361806,-8.3683094,0 115.1361495,-8.3683166,0 115.1361066,-8.3683328,0 115.1360682,-8.3683519,0 115.1360637,-8.3683547,0 115.1360208,-8.3683852,0 115.1360086,-8.3683944,0 115.1359778,-8.3684241,0 115.1359644,-8.3684368,0 115.1359349,-8.3684708,0 115.1359273,-8.3684793,0 115.1358954,-8.3685217,0 115.1358920,-8.3685273,0 115.1358677,-8.3685642,0 115.1358491,-8.3685987,0 115.1358438,-8.3686067,0 115.1358210,-8.3686491,0 115.1358062,-8.3686866,0 115.1358013,-8.3686916,0 115.1357874,-8.3687340,0 115.1358062,-8.3687430,0 115.1358422,-8.3687765,0 115.1358491,-8.3687791,0 115.1358920,-8.3687986,0 115.1359349,-8.3688099,0 115.1359778,-8.3688103,0 115.1360208,-8.3688020,0 115.1360637,-8.3687905,0 115.1361066,-8.3687793,0 115.1361199,-8.3687765,0 115.1361495,-8.3687702,0 115.1361924,-8.3687646,0 115.1362353,-8.3687626,0 115.1362782,-8.3687642,0 115.1363212,-8.3687704,0 115.1363438,-8.3687765,0 115.1363641,-8.3687821,0 115.1364070,-8.3688017,0 115.1364309,-8.3688189,0 115.1364499,-8.3688357,0 115.1364702,-8.3688614,0 115.1364928,-8.3689018,0 115.1364937,-8.3689039,0 115.1365062,-8.3689463,0 115.1365143,-8.3689888,0 115.1365197,-8.3690312,0 115.1365237,-8.3690737,0 115.1365286,-8.3691162,0 115.1365357,-8.3691478,0 115.1365381,-8.3691586,0 115.1365558,-8.3692011,0 115.1365787,-8.3692354,0 115.1365842,-8.3692435,0 115.1366170,-8.3692860,0 115.1366216,-8.3692919,0 115.1366490,-8.3693284,0 115.1366645,-8.3693511,0 115.1366790,-8.3693709,0 115.1367074,-8.3694111,0 115.1367085,-8.3694134,0 115.1367289,-8.3694558,0 115.1367489,-8.3694983,0 115.1367503,-8.3695013,0 115.1367824,-8.3695407,0 115.1367932,-8.3695535,0 115.1368225,-8.3695832,0 115.1368361,-8.3695962,0 115.1368749,-8.3696257,0 115.1368791,-8.3696287,0 115.1369220,-8.3696555,0 115.1369464,-8.3696681,0 115.1369649,-8.3696783,0 115.1370078,-8.3696987,0 115.1370403,-8.3697106,0 115.1370507,-8.3697148,0 115.1370936,-8.3697270,0 115.1371366,-8.3697338,0 115.1371795,-8.3697356,0 115.1372224,-8.3697344,0 115.1372653,-8.3697330,0 115.1373082,-8.3697347,0 115.1373511,-8.3697432,0 115.1373840,-8.3697530,0 115.1373940,-8.3697577,0 115.1374370,-8.3697764,0 115.1374799,-8.3697891,0 115.1375100,-8.3697955,0 115.1375228,-8.3697988,0 115.1375657,-8.3698118,0 115.1376086,-8.3698332,0 115.1376142,-8.3698379,0 115.1376515,-8.3698804,0 115.1376515,-8.3698804,0 115.1376665,-8.3699229,0 115.1376729,-8.3699653,0 115.1376720,-8.3700078,0 115.1376657,-8.3700502,0 115.1376566,-8.3700927,0 115.1376515,-8.3701230,0 115.1376490,-8.3701352,0 115.1376475,-8.3701776,0 115.1376515,-8.3702010,0 115.1376546,-8.3702201,0 115.1376712,-8.3702625,0 115.1376945,-8.3703011,0 115.1376968,-8.3703050,0 115.1377238,-8.3703474,0 115.1377374,-8.3703723,0 115.1377464,-8.3703899,0 115.1377628,-8.3704324,0 115.1377775,-8.3704748,0 115.1377803,-8.3704854,0 115.1377925,-8.3705173,0 115.1378163,-8.3705597,0 115.1378232,-8.3705880,0 115.1378289,-8.3706022,0 115.1378232,-8.3706046,0 115.1377803,-8.3706022,0 115.1377803,-8.3706022,0 115.1377374,-8.3705916,0 115.1376945,-8.3705856,0 115.1376515,-8.3705840,0 115.1376086,-8.3705847,0 115.1375657,-8.3705852,0 115.1375228,-8.3705847,0 115.1374799,-8.3705824,0 115.1374370,-8.3705782,0 115.1373940,-8.3705745,0 115.1373511,-8.3705753,0 115.1373082,-8.3705901,0 115.1372943,-8.3706022,0 115.1372653,-8.3706355,0 115.1372599,-8.3706446,0 115.1372360,-8.3706871,0 115.1372224,-8.3707123,0 115.1372139,-8.3707296,0 115.1371938,-8.3707720,0 115.1371795,-8.3708075,0 115.1371769,-8.3708145,0 115.1371636,-8.3708569,0 115.1371521,-8.3708994,0 115.1371415,-8.3709419,0 115.1371366,-8.3709620,0 115.1371301,-8.3709843,0 115.1371169,-8.3710268,0 115.1371033,-8.3710692,0 115.1370936,-8.3711025,0 115.1370907,-8.3711117,0 115.1370807,-8.3711541,0 115.1370737,-8.3711966,0 115.1370677,-8.3712391,0 115.1370603,-8.3712815,0 115.1370507,-8.3713185,0 115.1370491,-8.3713240,0 115.1370300,-8.3713664,0 115.1370078,-8.3713990,0 115.1369996,-8.3714089,0 115.1369649,-8.3714437,0 115.1369561,-8.3714514,0 115.1369220,-8.3714792,0 115.1369010,-8.3714938,0 115.1368791,-8.3715084,0 115.1368361,-8.3715319,0 115.1368263,-8.3715363,0 115.1367932,-8.3715520,0 115.1367503,-8.3715706,0 115.1367354,-8.3715787,0 115.1367074,-8.3715975,0 115.1366645,-8.3716051,0 115.1366216,-8.3715982,0 115.1365816,-8.3715787,0 115.1365787,-8.3715772,0 115.1365357,-8.3715481,0 115.1365193,-8.3715363,0 115.1364928,-8.3715197,0 115.1364519,-8.3714938,0 115.1364499,-8.3714926,0 115.1364070,-8.3714682,0 115.1363700,-8.3714514,0 115.1363641,-8.3714484,0 115.1363212,-8.3714366,0 115.1362782,-8.3714399,0 115.1362575,-8.3714514,0 115.1362353,-8.3714938,0 115.1362353,-8.3714938,0 115.1362353,-8.3714938,0 115.1362383,-8.3715363,0 115.1362471,-8.3715787,0 115.1362586,-8.3716212,0 115.1362751,-8.3716636,0 115.1362782,-8.3716695,0 115.1363046,-8.3717061,0 115.1363212,-8.3717244,0 115.1363481,-8.3717486,0 115.1363641,-8.3717616,0 115.1364036,-8.3717910,0 115.1364070,-8.3717933,0 115.1364499,-8.3718212,0 115.1364664,-8.3718335,0 115.1364928,-8.3718524,0 115.1365168,-8.3718759,0 115.1365357,-8.3718965,0 115.1365513,-8.3719184,0 115.1365770,-8.3719609,0 115.1365787,-8.3719638,0 115.1365999,-8.3720033,0 115.1366214,-8.3720458,0 115.1366216,-8.3720460,0 115.1366430,-8.3720882,0 115.1366618,-8.3721307,0 115.1366645,-8.3721379,0 115.1366773,-8.3721731,0 115.1366877,-8.3722156,0 115.1366915,-8.3722581,0 115.1366875,-8.3723005,0 115.1366759,-8.3723430,0 115.1366645,-8.3723716,0 115.1366590,-8.3723854,0 115.1366388,-8.3724279,0 115.1366216,-8.3724597,0 115.1366155,-8.3724703,0 115.1365879,-8.3725128,0 115.1365787,-8.3725253,0 115.1365537,-8.3725553,0 115.1365357,-8.3725753,0 115.1365130,-8.3725977,0 115.1364928,-8.3726189,0 115.1364704,-8.3726402,0 115.1364499,-8.3726629,0 115.1364294,-8.3726826,0 115.1364070,-8.3727051,0 115.1363807,-8.3727251,0 115.1363641,-8.3727360,0 115.1363212,-8.3727528,0 115.1362782,-8.3727591,0 115.1362353,-8.3727597,0 115.1361924,-8.3727592,0 115.1361495,-8.3727609,0 115.1361066,-8.3727670,0 115.1361043,-8.3727676,0 115.1360637,-8.3727824,0 115.1360208,-8.3728062,0 115.1360153,-8.3728100,0 115.1359778,-8.3728489,0 115.1359746,-8.3728525,0 115.1359461,-8.3728949,0 115.1359349,-8.3729136,0 115.1359209,-8.3729374,0 115.1358956,-8.3729798,0 115.1358920,-8.3729857,0 115.1358723,-8.3730223,0 115.1358532,-8.3730648,0 115.1358491,-8.3730774,0 115.1358413,-8.3731072,0 115.1358356,-8.3731497,0 115.1358368,-8.3731921,0 115.1358485,-8.3732346,0 115.1358491,-8.3732356,0 115.1358903,-8.3732770,0 115.1358920,-8.3732781,0 115.1359349,-8.3732962,0 115.1359778,-8.3733111,0 115.1360015,-8.3733195,0 115.1360208,-8.3733259,0 115.1360637,-8.3733395,0 115.1361066,-8.3733512,0 115.1361495,-8.3733599,0 115.1361626,-8.3733620,0 115.1361924,-8.3733660,0 115.1362353,-8.3733727,0 115.1362782,-8.3733832,0 115.1363212,-8.3734015,0 115.1363254,-8.3734044,0 115.1363641,-8.3734320,0 115.1363787,-8.3734469,0 115.1364070,-8.3734749,0 115.1364191,-8.3734893,0 115.1364499,-8.3735223,0 115.1364581,-8.3735318,0 115.1364928,-8.3735716,0 115.1364949,-8.3735743,0 115.1365253,-8.3736167,0 115.1365357,-8.3736347,0 115.1365489,-8.3736592,0 115.1365683,-8.3737016,0 115.1365787,-8.3737256,0 115.1365870,-8.3737441,0 115.1366064,-8.3737865,0 115.1366216,-8.3738207,0 115.1366255,-8.3738290,0 115.1366417,-8.3738715,0 115.1366520,-8.3739139,0 115.1366563,-8.3739564,0 115.1366555,-8.3739988,0 115.1366510,-8.3740413,0 115.1366442,-8.3740837,0 115.1366364,-8.3741262,0 115.1366287,-8.3741687,0 115.1366216,-8.3742111,0 115.1366216,-8.3742111,0 115.1366146,-8.3742536,0 115.1366070,-8.3742960,0 115.1365988,-8.3743385,0 115.1365903,-8.3743810,0 115.1365821,-8.3744234,0 115.1365787,-8.3744428,0 115.1365746,-8.3744659,0 115.1365678,-8.3745083,0 115.1365623,-8.3745508,0 115.1365602,-8.3745932,0 115.1365660,-8.3746357,0 115.1365787,-8.3746744,0 115.1365799,-8.3746782,0</coordinates></LineString></Placemark>
<Placemark><name>618 m</name><styleUrl>#k</styleUrl><LineString><tessellate>1</tessellate><coordinates>115.1356345,-8.3687169,0 115.1355999,-8.3687340,0 115.1356256,-8.3687765,0 115.1356345,-8.3687828,0 115.1356774,-8.3687865,0 115.1357068,-8.3687765,0 115.1357203,-8.3687401,0 115.1357246,-8.3687340,0 115.1357203,-8.3687330,0 115.1356774,-8.3687201,0 115.1356345,-8.3687169,0</coordinates></LineString></Placemark>
<Placemark><name>618 m</name><styleUrl>#k</styleUrl><LineString><tessellate>1</tessellate><coordinates>115.1383811,-8.3735974,0 115.1384240,-8.3735872,0 115.1384669,-8.3735842,0 115.1385098,-8.3735863,0 115.1385528,-8.3735915,0 115.1385957,-8.3736001,0 115.1386386,-8.3736139,0 115.1386440,-8.3736167,0 115.1386815,-8.3736392,0 115.1387039,-8.3736592,0 115.1387244,-8.3736828,0 115.1387377,-8.3737016,0 115.1387639,-8.3737441,0 115.1387673,-8.3737502,0 115.1387881,-8.3737865,0 115.1388102,-8.3738215,0 115.1388151,-8.3738290,0 115.1388425,-8.3738715,0 115.1388532,-8.3738883,0 115.1388666,-8.3739139,0 115.1388846,-8.3739564,0 115.1388961,-8.3739927,0 115.1388976,-8.3739988,0 115.1389042,-8.3740413,0 115.1389077,-8.3740837,0 115.1389088,-8.3741262,0 115.1389078,-8.3741687,0 115.1389048,-8.3742111,0 115.1388993,-8.3742536,0 115.1388961,-8.3742704,0 115.1388854,-8.3742960,0 115.1388532,-8.3743380,0 115.1388102,-8.3743368,0 115.1387673,-8.3743128,0 115.1387493,-8.3742960,0 115.1387244,-8.3742737,0 115.1387070,-8.3742536,0 115.1386815,-8.3742270,0 115.1386671,-8.3742111,0 115.1386386,-8.3741855,0 115.1386182,-8.3741687,0 115.1385957,-8.3741540,0 115.1385528,-8.3741300,0 115.1385452,-8.3741262,0 115.1385098,-8.3741106,0 115.1384669,-8.3740922,0 115.1384477,-8.3740837,0 115.1384240,-8.3740732,0 115.1383811,-8.3740524,0 115.1383596,-8.3740413,0 115.1383382,-8.3740285,0 115.1382953,-8.3739988,0 115.1382953,-8.3739988,0 115.1382604,-8.3739564,0 115.1382524,-8.3739373,0 115.1382446,-8.3739139,0 115.1382399,-8.3738715,0 115.1382417,-8.3738290,0 115.1382481,-8.3737865,0 115.1382524,-8.3737690,0 115.1382585,-8.3737441,0 115.1382743,-8.3737016,0 115.1382953,-8.3736630,0 115.1382979,-8.3736592,0 115.1383382,-8.3736189,0 115.1383418,-8.3736167,0 115.1383811,-8.3735974,0</coordinates></LineString></Placemark>
<Placemark><name>620 m</name><styleUrl>#k</styleUrl><LineString><tessellate>1</tessellate><coordinates>115.1384144,-8.3678424,0 115.1383982,-8.3678849,0 115.1383835,-8.3679273,0 115.1383811,-8.3679350,0 115.1383701,-8.3679698,0 115.1383563,-8.3680122,0 115.1383413,-8.3680547,0 115.1383382,-8.3680629,0 115.1383226,-8.3680972,0 115.1383042,-8.3681396,0 115.1382953,-8.3681624,0 115.1382867,-8.3681821,0 115.1382695,-8.3682245,0 115.1382524,-8.3682670,0 115.1382524,-8.3682670,0 115.1382293,-8.3683094,0 115.1382094,-8.3683394,0 115.1381983,-8.3683519,0 115.1381665,-8.3683794,0 115.1381448,-8.3683944,0 115.1381236,-8.3684062,0 115.1380807,-8.3684288,0 115.1380645,-8.3684368,0 115.1380378,-8.3684487,0 115.1379949,-8.3684638,0 115.1379519,-8.3684727,0 115.1379090,-8.3684773,0 115.1378778,-8.3684793,0 115.1378661,-8.3684800,0 115.1378232,-8.3684832,0 115.1377803,-8.3684873,0 115.1377374,-8.3684906,0 115.1376945,-8.3684913,0 115.1376515,-8.3684873,0 115.1376159,-8.3684793,0 115.1376086,-8.3684775,0 115.1375657,-8.3684619,0 115.1375228,-8.3684448,0 115.1374989,-8.3684368,0 115.1374799,-8.3684305,0 115.1374370,-8.3684225,0 115.1373940,-8.3684185,0 115.1373511,-8.3684153,0 115.1373082,-8.3684101,0 115.1372653,-8.3684019,0 115.1372357,-8.3683944,0 115.1372224,-8.3683911,0 115.1371795,-8.3683798,0 115.1371366,-8.3683695,0 115.1370936,-8.3683615,0 115.1370507,-8.3683540,0 115.1370410,-8.3683519,0 115.1370078,-8.3683439,0 115.1369649,-8.3683281,0 115.1369297,-8.3683094,0 115.1369220,-8.3683049,0 115.1368791,-8.3682769,0 115.1368630,-8.3682670,0 115.1368361,-8.3682524,0 115.1367932,-8.3682337,0 115.1367654,-8.3682245,0 115.1367503,-8.3682203,0 115.1367074,-8.3682071,0 115.1366645,-8.3682022,0 115.1366216,-8.3681999,0 115.1365787,-8.3681997,0 115.1365357,-8.3682006,0 115.1364928,-8.3682014,0 115.1364499,-8.3682015,0 115.1364070,-8.3682009,0 115.1363641,-8.3682007,0 115.1363212,-8.3682017,0 115.1362782,-8.3682052,0 115.1362353,-8.3682115,0 115.1361924,-8.3682213,0 115.1361823,-8.3682245,0 115.1361495,-8.3682351,0 115.1361066,-8.3682525,0 115.1360757,-8.3682670,0 115.1360637,-8.3682728,0 115.1360208,-8.3682950,0 115.1359931,-8.3683094,0 115.1359778,-8.3683186,0 115.1359349,-8.3683436,0 115.1359205,-8.3683519,0 115.1358920,-8.3683724,0 115.1358614,-8.3683944,0 115.1358491,-8.3684050,0 115.1358090,-8.3684368,0 115.1358062,-8.3684395,0 115.1357633,-8.3684730,0 115.1357535,-8.3684793,0 115.1357203,-8.3685028,0 115.1356853,-8.3685217,0 115.1356774,-8.3685255,0 115.1356345,-8.3685384,0 115.1355916,-8.3685446,0 115.1355487,-8.3685463,0 115.1355058,-8.3685455,0 115.1354629,-8.3685435,0 115.1354199,-8.3685409,0 115.1353770,-8.3685384,0 115.1353341,-8.3685382,0 115.1352912,-8.3685452,0 115.1352580,-8.3685642,0 115.1352806,-8.3686067,0 115.1352912,-8.3686150,0 115.1353209,-8.3686491,0 115.1353341,-8.3686633,0 115.1353536,-8.3686916,0 115.1353770,-8.3687242,0 115.1353835,-8.3687340,0 115.1354199,-8.3687761,0 115.1354203,-8.3687765,0 115.1354629,-8.3688155,0 115.1354664,-8.3688189,0 115.1355058,-8.3688563,0 115.1355110,-8.3688614,0 115.1355487,-8.3688990,0 115.1355546,-8.3689039,0 115.1355916,-8.3689311,0 115.1356289,-8.3689463,0 115.1356345,-8.3689482,0 115.1356774,-8.3689538,0 115.1357203,-8.3689537,0 115.1357633,-8.3689510,0 115.1358062,-8.3689489,0 115.1358491,-8.3689492,0 115.1358920,-8.3689498,0 115.1359349,-8.3689485,0 115.1359514,-8.3689463,0 115.1359778,-8.3689425,0 115.1360208,-8.3689302,0 115.1360637,-8.3689133,0 115.1360851,-8.3689039,0 115.1361066,-8.3688951,0 115.1361495,-8.3688804,0 115.1361924,-8.3688713,0 115.1362353,-8.3688684,0 115.1362782,-8.3688737,0 115.1363212,-8.3688889,0 115.1363467,-8.3689039,0 115.1363641,-8.3689206,0 115.1363837,-8.3689463,0 115.1364070,-8.3689881,0 115.1364073,-8.3689888,0 115.1364195,-8.3690312,0 115.1364289,-8.3690737,0 115.1364377,-8.3691162,0 115.1364499,-8.3691569,0 115.1364503,-8.3691586,0 115.1364689,-8.3692011,0 115.1364928,-8.3692325,0 115.1365004,-8.3692435,0 115.1365357,-8.3692815,0 115.1365395,-8.3692860,0 115.1365764,-8.3693284,0 115.1365787,-8.3693312,0 115.1366078,-8.3693709,0 115.1366216,-8.3693921,0 115.1366358,-8.3694134,0 115.1366628,-8.3694558,0 115.1366645,-8.3694586,0 115.1366922,-8.3694983,0 115.1367074,-8.3695211,0 115.1367165,-8.3695407,0 115.1367353,-8.3695832,0 115.1367503,-8.3696161,0 115.1367585,-8.3696257,0 115.1367932,-8.3696643,0 115.1367974,-8.3696681,0 115.1368361,-8.3697030,0 115.1368465,-8.3697106,0 115.1368791,-8.3697371,0 115.1369023,-8.3697530,0 115.1369220,-8.3697691,0 115.1369622,-8.3697955,0 115.1369649,-8.3697976,0 115.1370078,-8.3698224,0 115.1370481,-8.3698379,0 115.1370507,-8.3698393,0 115.1370936,-8.3698585,0 115.1371316,-8.3698804,0 115.1371366,-8.3698892,0 115.1371499,-8.3699229,0 115.1371469,-8.3699653,0 115.1371384,-8.3700078,0 115.1371381,-8.3700502,0 115.1371784,-8.3700927,0 115.1371795,-8.3700932,0 115.1371856,-8.3700927,0 115.1372224,-8.3700889,0 115.1372653,-8.3700764,0 115.1373082,-8.3700722,0 115.1373511,-8.3700861,0 115.1373595,-8.3700927,0 115.1373940,-8.3701210,0 115.1374066,-8.3701352,0 115.1374370,-8.3701692,0 115.1374438,-8.3701776,0 115.1374758,-8.3702201,0 115.1374799,-8.3702271,0 115.1374981,-8.3702625,0 115.1375137,-8.3703050,0 115.1375228,-8.3703474,0 115.1375150,-8.3703899,0 115.1374799,-8.3704163,0 115.1374370,-8.3704236,0 115.1373940,-8.3704217,0 115.1373511,-8.3704174,0 115.1373082,-8.3704121,0 115.1372653,-8.3704066,0 115.1372224,-8.3704024,0 115.1371795,-8.3704045,0 115.1371366,-8.3704293,0 115.1371346,-8.3704324,0 115.1371356,-8.3704748,0 115.1371366,-8.3704791,0 115.1371438,-8.3705173,0 115.1371474,-8.3705597,0 115.1371431,-8.3706022,0 115.1371366,-8.3706258,0 115.1371316,-8.3706446,0 115.1371170,-8.3706871,0 115.1371022,-8.3707296,0 115.1370936,-8.3707568,0 115.1370889,-8.3707720,0 115.1370767,-8.3708145,0 115.1370645,-8.3708569,0 115.1370507,-8.3708994,0 115.1370507,-8.3708994,0 115.1370321,-8.3709419,0 115.1370109,-8.3709843,0 115.1370078,-8.3709910,0 115.1369916,-8.3710268,0 115.1369784,-8.3710692,0 115.1369736,-8.3711117,0 115.1369750,-8.3711541,0 115.1369778,-8.3711966,0 115.1369771,-8.3712391,0 115.1369687,-8.3712815,0 115.1369649,-8.3712905,0 115.1369456,-8.3713240,0 115.1369220,-8.3713526,0 115.1369078,-8.3713664,0 115.1368791,-8.3713905,0 115.1368527,-8.3714089,0 115.1368361,-8.3714191,0 115.1367932,-8.3714378,0 115.1367503,-8.3714471,0 115.1367074,-8.3714461,0 115.1366645,-8.3714386,0 115.1366216,-8.3714271,0 115.1365787,-8.3714108,0 115.1365748,-8.3714089,0 115.1365357,-8.3713892,0 115.1365032,-8.3713664,0 115.1364928,-8.3713578,0 115.1364537,-8.3713240,0 115.1364499,-8.3713205,0 115.1364070,-8.3712909,0 115.1363851,-8.3712815,0 115.1363641,-8.3712735,0 115.1363212,-8.3712659,0 115.1362782,-8.3712659,0 115.1362353,-8.3712704,0 115.1361924,-8.3712742,0 115.1361495,-8.3712679,0 115.1361066,-8.3712402,0 115.1361054,-8.3712391,0 115.1360637,-8.3712057,0 115.1360478,-8.3711966,0 115.1360208,-8.3711860,0 115.1359778,-8.3711730,0 115.1359349,-8.3711584,0 115.1359251,-8.3711541,0 115.1358920,-8.3711371,0 115.1358520,-8.3711117,0 115.1358491,-8.3711096,0 115.1358062,-8.3710959,0 115.1357784,-8.3711117,0 115.1357633,-8.3711380,0 115.1357596,-8.3711541,0 115.1357633,-8.3711901,0 115.1357642,-8.3711966,0 115.1357817,-8.3712391,0 115.1358058,-8.3712815,0 115.1358062,-8.3712819,0 115.1358441,-8.3713240,0 115.1358491,-8.3713275,0 115.1358920,-8.3713546,0 115.1359132,-8.3713664,0 115.1359349,-8.3713753,0 115.1359778,-8.3713923,0 115.1360098,-8.3714089,0 115.1360208,-8.3714143,0 115.1360637,-8.3714453,0 115.1360691,-8.3714514,0 115.1361066,-8.3714900,0 115.1361094,-8.3714938,0 115.1361403,-8.3715363,0 115.1361495,-8.3715519,0 115.1361633,-8.3715787,0 115.1361798,-8.3716212,0 115.1361924,-8.3716611,0 115.1361933,-8.3716636,0 115.1362107,-8.3717061,0 115.1362344,-8.3717486,0 115.1362353,-8.3717499,0 115.1362717,-8.3717910,0 115.1362782,-8.3717974,0 115.1363199,-8.3718335,0 115.1363212,-8.3718345,0 115.1363641,-8.3718643,0 115.1363825,-8.3718759,0 115.1364070,-8.3718904,0 115.1364499,-8.3719180,0 115.1364503,-8.3719184,0 115.1364928,-8.3719560,0 115.1364969,-8.3719609,0 115.1365271,-8.3720033,0 115.1365357,-8.3720178,0 115.1365511,-8.3720458,0 115.1365720,-8.3720882,0 115.1365787,-8.3721036,0 115.1365907,-8.3721307,0 115.1366063,-8.3721731,0 115.1366173,-8.3722156,0 115.1366216,-8.3722532,0 115.1366221,-8.3722581,0 115.1366216,-8.3722665,0 115.1366194,-8.3723005,0 115.1366093,-8.3723430,0 115.1365936,-8.3723854,0 115.1365787,-8.3724168,0 115.1365732,-8.3724279,0 115.1365470,-8.3724703,0 115.1365357,-8.3724854,0 115.1365125,-8.3725128,0 115.1364928,-8.3725331,0 115.1364681,-8.3725553,0 115.1364499,-8.3725711,0 115.1364149,-8.3725977,0 115.1364070,-8.3726044,0 115.1363641,-8.3726355,0 115.1363564,-8.3726402,0 115.1363212,-8.3726626,0 115.1362782,-8.3726805,0 115.1362703,-8.3726826,0 115.1362353,-8.3726912,0 115.1361924,-8.3726977,0 115.1361495,-8.3727027,0 115.1361066,-8.3727084,0 115.1360637,-8.3727164,0 115.1360315,-8.3727251,0 115.1360208,-8.3727287,0 115.1359778,-8.3727484,0 115.1359460,-8.3727676,0 115.1359349,-8.3727765,0 115.1358967,-8.3728100,0 115.1358920,-8.3728154,0 115.1358604,-8.3728525,0 115.1358491,-8.3728691,0 115.1358316,-8.3728949,0 115.1358087,-8.3729374,0 115.1358062,-8.3729428,0 115.1357910,-8.3729798,0 115.1357783,-8.3730223,0 115.1357697,-8.3730648,0 115.1357642,-8.3731072,0 115.1357633,-8.3731186,0 115.1357611,-8.3731497,0 115.1357602,-8.3731921,0 115.1357633,-8.3732303,0 115.1357637,-8.3732346,0 115.1357777,-8.3732770,0 115.1358060,-8.3733195,0 115.1358062,-8.3733197,0 115.1358491,-8.3733503,0 115.1358708,-8.3733620,0 115.1358920,-8.3733724,0 115.1359349,-8.3733908,0 115.1359692,-8.3734044,0 115.1359778,-8.3734077,0 115.1360208,-8.3734210,0 115.1360637,-8.3734309,0 115.1361066,-8.3734378,0 115.1361495,-8.3734423,0 115.1361924,-8.3734460,0 115.1361990,-8.3734469,0 115.1362353,-8.3734517,0 115.1362782,-8.3734630,0 115.1363212,-8.3734839,0 115.1363285,-8.3734893,0 115.1363641,-8.3735156,0 115.1363813,-8.3735318,0 115.1364070,-8.3735554,0 115.1364250,-8.3735743,0 115.1364499,-8.3736021,0 115.1364616,-8.3736167,0 115.1364894,-8.3736592,0 115.1364928,-8.3736661,0 115.1365088,-8.3737016,0 115.1365251,-8.3737441,0 115.1365357,-8.3737722,0 115.1365412,-8.3737865,0 115.1365581,-8.3738290,0 115.1365749,-8.3738715,0 115.1365787,-8.3738830,0 115.1365881,-8.3739139,0 115.1365963,-8.3739564,0 115.1365992,-8.3739988,0 115.1365978,-8.3740413,0 115.1365934,-8.3740837,0 115.1365873,-8.3741262,0 115.1365802,-8.3741687,0 115.1365787,-8.3741767,0 115.1365721,-8.3742111,0 115.1365627,-8.3742536,0 115.1365522,-8.3742960,0 115.1365416,-8.3743385,0 115.1365357,-8.3743648,0 115.1365319,-8.3743810,0 115.1365238,-8.3744234,0 115.1365172,-8.3744659,0 115.1365117,-8.3745083,0 115.1365071,-8.3745508,0 115.1365052,-8.3745932,0 115.1365100,-8.3746357,0 115.1365219,-8.3746782,0</coordinates></LineString></Placemark>
<Placemark><name>620 m</name><styleUrl>#k</styleUrl><LineString><tessellate>1</tessellate><coordinates>115.1345713,-8.3746782,0 115.1345616,-8.3746727,0 115.1345187,-8.3746558,0 115.1344758,-8.3746444,0 115.1344329,-8.3746426,0 115.1343900,-8.3746569,0 115.1343511,-8.3746782,0</coordinates></LineString></Placemark>
<Placemark><name>620 m</name><styleUrl>#k</styleUrl><LineString><tessellate>1</tessellate><coordinates>115.1384240,-8.3736539,0 115.1384669,-8.3736483,0 115.1385098,-8.3736484,0 115.1385528,-8.3736516,0 115.1385957,-8.3736590,0 115.1385960,-8.3736592,0 115.1386386,-8.3736782,0 115.1386689,-8.3737016,0 115.1386815,-8.3737153,0 115.1387004,-8.3737441,0 115.1387231,-8.3737865,0 115.1387244,-8.3737894,0 115.1387421,-8.3738290,0 115.1387649,-8.3738715,0 115.1387673,-8.3738761,0 115.1387881,-8.3739139,0 115.1388102,-8.3739520,0 115.1388123,-8.3739564,0 115.1388248,-8.3739988,0 115.1388281,-8.3740413,0 115.1388194,-8.3740837,0 115.1388102,-8.3741020,0 115.1387673,-8.3741138,0 115.1387244,-8.3740973,0 115.1386958,-8.3740837,0 115.1386815,-8.3740778,0 115.1386386,-8.3740635,0 115.1385957,-8.3740524,0 115.1385528,-8.3740418,0 115.1385511,-8.3740413,0 115.1385098,-8.3740286,0 115.1384669,-8.3740119,0 115.1384400,-8.3739988,0 115.1384240,-8.3739902,0 115.1383811,-8.3739613,0 115.1383749,-8.3739564,0 115.1383382,-8.3739158,0 115.1383368,-8.3739139,0 115.1383184,-8.3738715,0 115.1383117,-8.3738290,0 115.1383142,-8.3737865,0 115.1383250,-8.3737441,0 115.1383382,-8.3737163,0 115.1383482,-8.3737016,0 115.1383811,-8.3736718,0 115.1384086,-8.3736592,0 115.1384240,-8.3736539,0</coordinates></LineString></Placemark>
<Placemark><name>622 m</name><styleUrl>#k</styleUrl><LineString><tessellate>1</tessellate><coordinates>115.1383046,-8.3678424,0 115.1382953,-8.3678627,0 115.1382848,-8.3678849,0 115.1382629,-8.3679273,0 115.1382524,-8.3679449,0 115.1382341,-8.3679698,0 115.1382094,-8.3679993,0 115.1381965,-8.3680122,0 115.1381665,-8.3680448,0 115.1381566,-8.3680547,0 115.1381236,-8.3680912,0 115.1381176,-8.3680972,0 115.1380807,-8.3681326,0 115.1380726,-8.3681396,0 115.1380378,-8.3681700,0 115.1380256,-8.3681821,0 115.1379949,-8.3682177,0 115.1379901,-8.3682245,0 115.1379660,-8.3682670,0 115.1379519,-8.3682885,0 115.1379371,-8.3683094,0 115.1379090,-8.3683359,0 115.1378846,-8.3683519,0 115.1378661,-8.3683601,0 115.1378232,-8.3683730,0 115.1377803,-8.3683800,0 115.1377374,-8.3683822,0 115.1376945,-8.3683785,0 115.1376515,-8.3683663,0 115.1376198,-8.3683519,0 115.1376086,-8.3683461,0 115.1375657,-8.3683254,0 115.1375228,-8.3683126,0 115.1374799,-8.3683099,0 115.1374370,-8.3683155,0 115.1373940,-8.3683233,0 115.1373511,-8.3683289,0 115.1373082,-8.3683294,0 115.1372653,-8.3683243,0 115.1372224,-8.3683161,0 115.1371925,-8.3683094,0 115.1371795,-8.3683068,0 115.1371366,-8.3682979,0 115.1370936,-8.3682889,0 115.1370507,-8.3682773,0 115.1370227,-8.3682670,0 115.1370078,-8.3682611,0 115.1369649,-8.3682387,0 115.1369409,-8.3682245,0 115.1369220,-8.3682146,0 115.1368791,-8.3681946,0 115.1368458,-8.3681821,0 115.1368361,-8.3681791,0 115.1367932,-8.3681678,0 115.1367503,-8.3681582,0 115.1367074,-8.3681457,0 115.1366645,-8.3681403,0 115.1366538,-8.3681396,0 115.1366216,-8.3681376,0 115.1365787,-8.3681369,0 115.1365357,-8.3681375,0 115.1364928,-8.3681383,0 115.1364499,-8.3681386,0 115.1364070,-8.3681383,0 115.1363641,-8.3681381,0 115.1363212,-8.3681383,0 115.1362782,-8.3681395,0 115.1362765,-8.3681396,0 115.1362353,-8.3681427,0 115.1361924,-8.3681489,0 115.1361495,-8.3681595,0 115.1361066,-8.3681761,0 115.1360942,-8.3681821,0 115.1360637,-8.3681966,0 115.1360208,-8.3682182,0 115.1360070,-8.3682245,0 115.1359778,-8.3682376,0 115.1359349,-8.3682541,0 115.1358964,-8.3682670,0 115.1358920,-8.3682687,0 115.1358491,-8.3682843,0 115.1358062,-8.3683014,0 115.1357871,-8.3683094,0 115.1357633,-8.3683207,0 115.1357203,-8.3683383,0 115.1356796,-8.3683519,0 115.1356774,-8.3683527,0 115.1356345,-8.3683685,0 115.1355916,-8.3683852,0 115.1355692,-8.3683944,0 115.1355487,-8.3684035,0 115.1355058,-8.3684186,0 115.1354629,-8.3684275,0 115.1354199,-8.3684303,0 115.1353770,-8.3684292,0 115.1353341,-8.3684259,0 115.1352912,-8.3684222,0 115.1352483,-8.3684188,0 115.1352054,-8.3684173,0 115.1351624,-8.3684208,0 115.1351195,-8.3684335,0 115.1351135,-8.3684368,0 115.1350766,-8.3684607,0 115.1350548,-8.3684793,0 115.1350337,-8.3685024,0 115.1350177,-8.3685217,0 115.1349999,-8.3685642,0 115.1350042,-8.3686067,0 115.1350282,-8.3686491,0 115.1350337,-8.3686556,0 115.1350747,-8.3686916,0 115.1350766,-8.3686930,0 115.1351195,-8.3687190,0 115.1351508,-8.3687340,0 115.1351624,-8.3687405,0 115.1352054,-8.3687692,0 115.1352136,-8.3687765,0 115.1352466,-8.3688189,0 115.1352483,-8.3688223,0 115.1352697,-8.3688614,0 115.1352912,-8.3689039,0 115.1352912,-8.3689039,0 115.1353194,-8.3689463,0 115.1353325,-8.3689888,0 115.1353115,-8.3690312,0 115.1352912,-8.3690410,0 115.1352522,-8.3690737,0 115.1352483,-8.3690761,0 115.1352142,-8.3691162,0 115.1352054,-8.3691556,0 115.1352050,-8.3691586,0 115.1352054,-8.3691593,0 115.1352355,-8.3692011,0 115.1352483,-8.3692083,0 115.1352912,-8.3692202,0 115.1353341,-8.3692147,0 115.1353575,-8.3692011,0 115.1353770,-8.3691740,0 115.1353857,-8.3691586,0 115.1353992,-8.3691162,0 115.1354165,-8.3690737,0 115.1354199,-8.3690692,0 115.1354629,-8.3690498,0 115.1355058,-8.3690497,0 115.1355487,-8.3690509,0 115.1355916,-8.3690518,0 115.1356345,-8.3690524,0 115.1356774,-8.3690524,0 115.1357203,-8.3690522,0 115.1357633,-8.3690519,0 115.1358062,-8.3690520,0 115.1358491,-8.3690525,0 115.1358920,-8.3690528,0 115.1359349,-8.3690526,0 115.1359778,-8.3690513,0 115.1360208,-8.3690490,0 115.1360637,-8.3690468,0 115.1361066,-8.3690469,0 115.1361495,-8.3690534,0 115.1361924,-8.3690708,0 115.1361969,-8.3690737,0 115.1362353,-8.3690946,0 115.1362642,-8.3691162,0 115.1362782,-8.3691258,0 115.1363156,-8.3691586,0 115.1363212,-8.3691634,0 115.1363569,-8.3692011,0 115.1363641,-8.3692077,0 115.1363989,-8.3692435,0 115.1364070,-8.3692499,0 115.1364499,-8.3692855,0 115.1364505,-8.3692860,0 115.1364928,-8.3693200,0 115.1365014,-8.3693284,0 115.1365357,-8.3693636,0 115.1365417,-8.3693709,0 115.1365718,-8.3694134,0 115.1365787,-8.3694249,0 115.1365968,-8.3694558,0 115.1366202,-8.3694983,0 115.1366216,-8.3695009,0 115.1366438,-8.3695407,0 115.1366645,-8.3695794,0 115.1366668,-8.3695832,0 115.1366904,-8.3696257,0 115.1367074,-8.3696532,0 115.1367138,-8.3696681,0 115.1367341,-8.3697106,0 115.1367503,-8.3697408,0 115.1367615,-8.3697530,0 115.1367932,-8.3697912,0 115.1367972,-8.3697955,0 115.1368284,-8.3698379,0 115.1368361,-8.3698515,0 115.1368562,-8.3698804,0 115.1368791,-8.3699169,0 115.1368840,-8.3699229,0 115.1369202,-8.3699653,0 115.1369220,-8.3699676,0 115.1369554,-8.3700078,0 115.1369649,-8.3700290,0 115.1369719,-8.3700502,0 115.1369687,-8.3700927,0 115.1369649,-8.3701001,0 115.1369289,-8.3701352,0 115.1369220,-8.3701390,0 115.1368791,-8.3701579,0 115.1368482,-8.3701776,0 115.1368361,-8.3701872,0 115.1368140,-8.3702201,0 115.1367972,-8.3702625,0 115.1367932,-8.3702814,0 115.1367894,-8.3703050,0 115.1367875,-8.3703474,0 115.1367926,-8.3703899,0 115.1367932,-8.3703918,0 115.1368155,-8.3704324,0 115.1368361,-8.3704539,0 115.1368633,-8.3704748,0 115.1368791,-8.3704863,0 115.1369199,-8.3705173,0 115.1369220,-8.3705191,0 115.1369588,-8.3705597,0 115.1369649,-8.3705695,0 115.1369802,-8.3706022,0 115.1369877,-8.3706446,0 115.1369860,-8.3706871,0 115.1369790,-8.3707296,0 115.1369678,-8.3707720,0 115.1369649,-8.3707805,0 115.1369493,-8.3708145,0 115.1369284,-8.3708569,0 115.1369220,-8.3708699,0 115.1369069,-8.3708994,0 115.1368908,-8.3709419,0 115.1368801,-8.3709843,0 115.1368791,-8.3709898,0 115.1368726,-8.3710268,0 115.1368672,-8.3710692,0 115.1368623,-8.3711117,0 115.1368563,-8.3711541,0 115.1368453,-8.3711966,0 115.1368361,-8.3712168,0 115.1368235,-8.3712391,0 115.1367932,-8.3712740,0 115.1367859,-8.3712815,0 115.1367503,-8.3713081,0 115.1367223,-8.3713240,0 115.1367074,-8.3713298,0 115.1366645,-8.3713281,0 115.1366506,-8.3713240,0 115.1366216,-8.3713142,0 115.1365787,-8.3712863,0 115.1365732,-8.3712815,0 115.1365357,-8.3712418,0 115.1365332,-8.3712391,0 115.1364931,-8.3711966,0 115.1364928,-8.3711963,0 115.1364499,-8.3711640,0 115.1364310,-8.3711541,0 115.1364070,-8.3711408,0 115.1363641,-8.3711215,0 115.1363429,-8.3711117,0 115.1363212,-8.3711004,0 115.1362782,-8.3710745,0 115.1362705,-8.3710692,0 115.1362353,-8.3710478,0 115.1361975,-8.3710268,0 115.1361924,-8.3710242,0 115.1361495,-8.3710065,0 115.1361066,-8.3709930,0 115.1360754,-8.3709843,0 115.1360637,-8.3709802,0 115.1360208,-8.3709604,0 115.1359934,-8.3709419,0 115.1359778,-8.3709326,0 115.1359349,-8.3709145,0 115.1358920,-8.3709100,0 115.1358491,-8.3709137,0 115.1358062,-8.3709216,0 115.1357633,-8.3709330,0 115.1357410,-8.3709419,0 115.1357203,-8.3709501,0 115.1356774,-8.3709811,0 115.1356744,-8.3709843,0 115.1356462,-8.3710268,0 115.1356345,-8.3710570,0 115.1356300,-8.3710692,0 115.1356182,-8.3711117,0 115.1356094,-8.3711541,0 115.1356057,-8.3711966,0 115.1356118,-8.3712391,0 115.1356330,-8.3712815,0 115.1356345,-8.3712832,0 115.1356694,-8.3713240,0 115.1356774,-8.3713298,0 115.1357203,-8.3713619,0 115.1357264,-8.3713664,0 115.1357633,-8.3713849,0 115.1358062,-8.3714060,0 115.1358122,-8.3714089,0 115.1358491,-8.3714220,0 115.1358920,-8.3714382,0 115.1359227,-8.3714514,0 115.1359349,-8.3714562,0 115.1359778,-8.3714776,0 115.1360025,-8.3714938,0 115.1360208,-8.3715068,0 115.1360537,-8.3715363,0 115.1360637,-8.3715468,0 115.1360894,-8.3715787,0 115.1361066,-8.3716087,0 115.1361130,-8.3716212,0 115.1361288,-8.3716636,0 115.1361423,-8.3717061,0 115.1361495,-8.3717260,0 115.1361589,-8.3717486,0 115.1361840,-8.3717910,0 115.1361924,-8.3718018,0 115.1362212,-8.3718335,0 115.1362353,-8.3718471,0 115.1362674,-8.3718759,0 115.1362782,-8.3718850,0 115.1363212,-8.3719175,0 115.1363226,-8.3719184,0 115.1363641,-8.3719438,0 115.1363916,-8.3719609,0 115.1364070,-8.3719709,0 115.1364464,-8.3720033,0 115.1364499,-8.3720069,0 115.1364803,-8.3720458,0 115.1364928,-8.3720671,0 115.1365040,-8.3720882,0 115.1365226,-8.3721307,0 115.1365357,-8.3721697,0 115.1365369,-8.3721731,0 115.1365472,-8.3722156,0 115.1365521,-8.3722581,0 115.1365502,-8.3723005,0 115.1365413,-8.3723430,0 115.1365357,-8.3723586,0 115.1365260,-8.3723854,0 115.1365038,-8.3724279,0 115.1364928,-8.3724436,0 115.1364721,-8.3724703,0 115.1364499,-8.3724928,0 115.1364273,-8.3725128,0 115.1364070,-8.3725289,0 115.1363697,-8.3725553,0 115.1363641,-8.3725592,0 115.1363212,-8.3725862,0 115.1363006,-8.3725977,0 115.1362782,-8.3726101,0 115.1362353,-8.3726287,0 115.1361978,-8.3726402,0 115.1361924,-8.3726417,0 115.1361495,-8.3726506,0 115.1361066,-8.3726571,0 115.1360637,-8.3726632,0 115.1360208,-8.3726706,0 115.1359778,-8.3726815,0 115.1359747,-8.3726826,0 115.1359349,-8.3726993,0 115.1358920,-8.3727227,0 115.1358880,-8.3727251,0 115.1358491,-8.3727530,0 115.1358294,-8.3727676,0 115.1358062,-8.3727886,0 115.1357823,-8.3728100,0 115.1357633,-8.3728325,0 115.1357469,-8.3728525,0 115.1357226,-8.3728949,0 115.1357203,-8.3729011,0 115.1357087,-8.3729374,0 115.1357022,-8.3729798,0 115.1357007,-8.3730223,0 115.1357016,-8.3730648,0 115.1357029,-8.3731072,0 115.1357036,-8.3731497,0 115.1357042,-8.3731921,0 115.1357071,-8.3732346,0 115.1357154,-8.3732770,0 115.1357203,-8.3732895,0 115.1357344,-8.3733195,0 115.1357633,-8.3733569,0 115.1357683,-8.3733620,0 115.1358062,-8.3733927,0 115.1358243,-8.3734044,0 115.1358491,-8.3734200,0 115.1358920,-8.3734438,0 115.1358982,-8.3734469,0 115.1359349,-8.3734645,0 115.1359778,-8.3734815,0 115.1360039,-8.3734893,0 115.1360208,-8.3734939,0 115.1360637,-8.3735025,0 115.1361066,-8.3735088,0 115.1361495,-8.3735139,0 115.1361924,-8.3735189,0 115.1362353,-8.3735264,0 115.1362530,-8.3735318,0 115.1362782,-8.3735400,0 115.1363212,-8.3735628,0 115.1363364,-8.3735743,0 115.1363641,-8.3735969,0 115.1363841,-8.3736167,0 115.1364070,-8.3736440,0 115.1364180,-8.3736592,0 115.1364403,-8.3737016,0 115.1364499,-8.3737258,0 115.1364565,-8.3737441,0 115.1364708,-8.3737865,0 115.1364878,-8.3738290,0 115.1364928,-8.3738394,0 115.1365069,-8.3738715,0 115.1365246,-8.3739139,0 115.1365357,-8.3739482,0 115.1365380,-8.3739564,0 115.1365450,-8.3739988,0 115.1365468,-8.3740413,0 115.1365447,-8.3740837,0 115.1365398,-8.3741262,0 115.1365357,-8.3741496,0 115.1365322,-8.3741687,0 115.1365219,-8.3742111,0 115.1365093,-8.3742536,0 115.1364950,-8.3742960,0 115.1364928,-8.3743029,0 115.1364805,-8.3743385,0 115.1364691,-8.3743810,0 115.1364609,-8.3744234,0 115.1364554,-8.3744659,0 115.1364518,-8.3745083,0 115.1364499,-8.3745423,0 115.1364494,-8.3745508,0 115.1364498,-8.3745932,0 115.1364499,-8.3745944,0 115.1364538,-8.3746357,0 115.1364622,-8.3746782,0</coordinates></LineString></Placemark>
<Placemark><name>622 m</name><styleUrl>#k</styleUrl><LineString><tessellate>1</tessellate><coordinates>115.1346910,-8.3746782,0 115.1346904,-8.3746776,0 115.1346475,-8.3746423,0 115.1346383,-8.3746357,0 115.1346045,-8.3746148,0 115.1345638,-8.3745932,0 115.1345616,-8.3745926,0 115.1345187,-8.3745817,0 115.1344758,-8.3745726,0 115.1344329,-8.3745655,0 115.1343900,-8.3745610,0 115.1343471,-8.3745595,0 115.1343041,-8.3745614,0</coordinates></LineString></Placemark>
<Placemark><name>622 m</name><styleUrl>#k</styleUrl><LineString><tessellate>1</tessellate><coordinates>115.1384669,-8.3737349,0 115.1385098,-8.3737303,0 115.1385528,-8.3737345,0 115.1385808,-8.3737441,0 115.1385957,-8.3737526,0 115.1386262,-8.3737865,0 115.1386386,-8.3738168,0 115.1386424,-8.3738290,0 115.1386438,-8.3738715,0 115.1386386,-8.3738879,0 115.1386234,-8.3739139,0 115.1385957,-8.3739313,0 115.1385528,-8.3739391,0 115.1385098,-8.3739329,0 115.1384669,-8.3739150,0 115.1384653,-8.3739139,0 115.1384240,-8.3738759,0 115.1384205,-8.3738715,0 115.1384041,-8.3738290,0 115.1384074,-8.3737865,0 115.1384240,-8.3737601,0 115.1384444,-8.3737441,0 115.1384669,-8.3737349,0</coordinates></LineString></Placemark>
<Placemark><name>624 m</name><styleUrl>#k</styleUrl><LineString><tessellate>1</tessellate><coordinates>115.1381871,-8.3678424,0 115.1381665,-8.3678777,0 115.1381616,-8.3678849,0 115.1381236,-8.3679247,0 115.1381209,-8.3679273,0 115.1380807,-8.3679624,0 115.1380723,-8.3679698,0 115.1380378,-8.3680010,0 115.1380261,-8.3680122,0 115.1379949,-8.3680418,0 115.1379820,-8.3680547,0 115.1379519,-8.3680846,0 115.1379395,-8.3680972,0 115.1379090,-8.3681300,0 115.1378994,-8.3681396,0 115.1378661,-8.3681752,0 115.1378568,-8.3681821,0 115.1378232,-8.3682080,0 115.1377803,-8.3682201,0 115.1377374,-8.3682180,0 115.1376945,-8.3682092,0 115.1376515,-8.3682003,0 115.1376086,-8.3681952,0 115.1375657,-8.3681942,0 115.1375228,-8.3681971,0 115.1374799,-8.3682036,0 115.1374370,-8.3682140,0 115.1374004,-8.3682245,0 115.1373940,-8.3682264,0 115.1373511,-8.3682381,0 115.1373082,-8.3682455,0 115.1372653,-8.3682472,0 115.1372224,-8.3682447,0 115.1371795,-8.3682392,0 115.1371366,-8.3682309,0 115.1371135,-8.3682245,0 115.1370936,-8.3682190,0 115.1370507,-8.3682026,0 115.1370097,-8.3681821,0 115.1370078,-8.3681811,0 115.1369649,-8.3681596,0 115.1369220,-8.3681415,0 115.1369164,-8.3681396,0 115.1368791,-8.3681287,0 115.1368361,-8.3681191,0 115.1367932,-8.3681107,0 115.1367503,-8.3681024,0 115.1367323,-8.3680972,0 115.1367074,-8.3680901,0 115.1366645,-8.3680843,0 115.1366216,-8.3680811,0 115.1365787,-8.3680803,0 115.1365357,-8.3680809,0 115.1364928,-8.3680821,0 115.1364499,-8.3680832,0 115.1364070,-8.3680840,0 115.1363641,-8.3680843,0 115.1363212,-8.3680842,0 115.1362782,-8.3680838,0 115.1362353,-8.3680838,0 115.1361924,-8.3680851,0 115.1361495,-8.3680891,0 115.1361090,-8.3680972,0 115.1361066,-8.3680977,0 115.1360637,-8.3681133,0 115.1360208,-8.3681330,0 115.1360066,-8.3681396,0 115.1359778,-8.3681532,0 115.1359349,-8.3681694,0 115.1358920,-8.3681808,0 115.1358855,-8.3681821,0 115.1358491,-8.3681897,0 115.1358062,-8.3681991,0 115.1357633,-8.3682110,0 115.1357256,-8.3682245,0 115.1357203,-8.3682266,0 115.1356774,-8.3682430,0 115.1356345,-8.3682572,0 115.1355974,-8.3682670,0 115.1355916,-8.3682685,0 115.1355487,-8.3682769,0 115.1355058,-8.3682849,0 115.1354629,-8.3682931,0 115.1354199,-8.3683008,0 115.1353770,-8.3683059,0 115.1353341,-8.3683067,0 115.1352912,-8.3683032,0 115.1352483,-8.3682962,0 115.1352054,-8.3682893,0 115.1351624,-8.3682859,0 115.1351195,-8.3682892,0 115.1350766,-8.3683056,0 115.1350717,-8.3683094,0 115.1350337,-8.3683426,0 115.1350267,-8.3683519,0 115.1349908,-8.3683926,0 115.1349894,-8.3683944,0 115.1349495,-8.3684368,0 115.1349479,-8.3684385,0 115.1349137,-8.3684793,0 115.1349050,-8.3684929,0 115.1348887,-8.3685217,0 115.1348713,-8.3685642,0 115.1348620,-8.3685903,0 115.1348550,-8.3686067,0 115.1348320,-8.3686491,0 115.1348191,-8.3686669,0 115.1347897,-8.3686916,0 115.1347762,-8.3687046,0 115.1347390,-8.3687340,0 115.1347333,-8.3687471,0 115.1347218,-8.3687765,0 115.1347308,-8.3688189,0 115.1347333,-8.3688238,0 115.1347515,-8.3688614,0 115.1347744,-8.3689039,0 115.1347762,-8.3689068,0 115.1347982,-8.3689463,0 115.1348191,-8.3689714,0 115.1348340,-8.3689888,0 115.1348620,-8.3690102,0 115.1348931,-8.3690312,0 115.1349050,-8.3690369,0 115.1349479,-8.3690567,0 115.1349761,-8.3690737,0 115.1349908,-8.3690824,0 115.1350252,-8.3691162,0 115.1350337,-8.3691252,0 115.1350563,-8.3691586,0 115.1350766,-8.3691853,0 115.1350876,-8.3692011,0 115.1351195,-8.3692313,0 115.1351334,-8.3692435,0 115.1351624,-8.3692613,0 115.1352054,-8.3692854,0 115.1352066,-8.3692860,0 115.1352483,-8.3693042,0 115.1352912,-8.3693203,0 115.1353213,-8.3693284,0 115.1353341,-8.3693323,0 115.1353770,-8.3693380,0 115.1354199,-8.3693342,0 115.1354340,-8.3693284,0 115.1354629,-8.3693117,0 115.1354870,-8.3692860,0 115.1355058,-8.3692615,0 115.1355182,-8.3692435,0 115.1355487,-8.3692069,0 115.1355547,-8.3692011,0 115.1355916,-8.3691746,0 115.1356289,-8.3691586,0 115.1356345,-8.3691567,0 115.1356774,-8.3691481,0 115.1357203,-8.3691437,0 115.1357633,-8.3691416,0 115.1358062,-8.3691405,0 115.1358491,-8.3691399,0 115.1358920,-8.3691399,0 115.1359349,-8.3691405,0 115.1359778,-8.3691420,0 115.1360208,-8.3691450,0 115.1360637,-8.3691506,0 115.1360999,-8.3691586,0 115.1361066,-8.3691601,0 115.1361495,-8.3691747,0 115.1361924,-8.3691956,0 115.1362014,-8.3692011,0 115.1362353,-8.3692225,0 115.1362633,-8.3692435,0 115.1362782,-8.3692548,0 115.1363188,-8.3692860,0 115.1363212,-8.3692877,0 115.1363641,-8.3693155,0 115.1363857,-8.3693284,0 115.1364070,-8.3693400,0 115.1364499,-8.3693657,0 115.1364565,-8.3693709,0 115.1364928,-8.3694032,0 115.1365013,-8.3694134,0 115.1365296,-8.3694558,0 115.1365357,-8.3694675,0 115.1365507,-8.3694983,0 115.1365684,-8.3695407,0 115.1365787,-8.3695699,0 115.1365836,-8.3695832,0 115.1365972,-8.3696257,0 115.1366132,-8.3696681,0 115.1366216,-8.3696838,0 115.1366369,-8.3697106,0 115.1366645,-8.3697421,0 115.1366737,-8.3697530,0 115.1367074,-8.3697877,0 115.1367116,-8.3697955,0 115.1367313,-8.3698379,0 115.1367447,-8.3698804,0 115.1367503,-8.3699178,0 115.1367516,-8.3699229,0 115.1367503,-8.3699653,0 115.1367503,-8.3699653,0 115.1367428,-8.3700078,0 115.1367299,-8.3700502,0 115.1367183,-8.3700927,0 115.1367134,-8.3701352,0 115.1367121,-8.3701776,0 115.1367112,-8.3702201,0 115.1367079,-8.3702625,0 115.1367074,-8.3702661,0 115.1366974,-8.3703050,0 115.1366823,-8.3703474,0 115.1366651,-8.3703899,0 115.1366645,-8.3703918,0 115.1366499,-8.3704324,0 115.1366443,-8.3704748,0 115.1366469,-8.3705173,0 115.1366532,-8.3705597,0 115.1366581,-8.3706022,0 115.1366596,-8.3706446,0 115.1366592,-8.3706871,0 115.1366575,-8.3707296,0 115.1366560,-8.3707720,0 115.1366544,-8.3708145,0 115.1366529,-8.3708569,0 115.1366511,-8.3708994,0 115.1366538,-8.3709419,0 115.1366645,-8.3709525,0 115.1366762,-8.3709843,0 115.1366951,-8.3710268,0 115.1366988,-8.3710692,0 115.1366645,-8.3711032,0 115.1366507,-8.3710692,0 115.1366406,-8.3710268,0 115.1366323,-8.3709843,0 115.1366216,-8.3709737,0 115.1365958,-8.3709419,0 115.1365787,-8.3709382,0 115.1365357,-8.3709301,0 115.1364928,-8.3709270,0 115.1364499,-8.3709281,0 115.1364070,-8.3709307,0 115.1363641,-8.3709311,0 115.1363212,-8.3709270,0 115.1362782,-8.3709158,0 115.1362369,-8.3708994,0 115.1362353,-8.3708988,0 115.1361924,-8.3708754,0 115.1361636,-8.3708569,0 115.1361495,-8.3708474,0 115.1361066,-8.3708165,0 115.1361037,-8.3708145,0 115.1360637,-8.3707905,0 115.1360250,-8.3707720,0 115.1360208,-8.3707703,0 115.1359778,-8.3707576,0 115.1359349,-8.3707498,0 115.1358920,-8.3707465,0 115.1358491,-8.3707477,0 115.1358062,-8.3707535,0 115.1357633,-8.3707644,0 115.1357422,-8.3707720,0 115.1357203,-8.3707814,0 115.1356774,-8.3708027,0 115.1356570,-8.3708145,0 115.1356345,-8.3708280,0 115.1355950,-8.3708569,0 115.1355916,-8.3708598,0 115.1355522,-8.3708994,0 115.1355487,-8.3709039,0 115.1355222,-8.3709419,0 115.1355058,-8.3709721,0 115.1354993,-8.3709843,0 115.1354794,-8.3710268,0 115.1354629,-8.3710642,0 115.1354608,-8.3710692,0 115.1354472,-8.3711117,0 115.1354387,-8.3711541,0 115.1354374,-8.3711966,0 115.1354439,-8.3712391,0 115.1354595,-8.3712815,0 115.1354629,-8.3712867,0 115.1354932,-8.3713240,0 115.1355058,-8.3713343,0 115.1355487,-8.3713650,0 115.1355507,-8.3713664,0 115.1355916,-8.3713861,0 115.1356345,-8.3714069,0 115.1356386,-8.3714089,0 115.1356774,-8.3714224,0 115.1357203,-8.3714376,0 115.1357590,-8.3714514,0 115.1357633,-8.3714526,0 115.1358062,-8.3714653,0 115.1358491,-8.3714796,0 115.1358851,-8.3714938,0 115.1358920,-8.3714966,0 115.1359349,-8.3715174,0 115.1359649,-8.3715363,0 115.1359778,-8.3715457,0 115.1360152,-8.3715787,0 115.1360208,-8.3715850,0 115.1360480,-8.3716212,0 115.1360637,-8.3716519,0 115.1360691,-8.3716636,0 115.1360844,-8.3717061,0 115.1360985,-8.3717486,0 115.1361066,-8.3717683,0 115.1361170,-8.3717910,0 115.1361443,-8.3718335,0 115.1361495,-8.3718397,0 115.1361836,-8.3718759,0 115.1361924,-8.3718840,0 115.1362312,-8.3719184,0 115.1362353,-8.3719217,0 115.1362782,-8.3719551,0 115.1362863,-8.3719609,0 115.1363212,-8.3719845,0 115.1363499,-8.3720033,0 115.1363641,-8.3720136,0 115.1364024,-8.3720458,0 115.1364070,-8.3720507,0 115.1364357,-8.3720882,0 115.1364499,-8.3721151,0 115.1364574,-8.3721307,0 115.1364719,-8.3721731,0 115.1364810,-8.3722156,0 115.1364847,-8.3722581,0 115.1364822,-8.3723005,0 115.1364728,-8.3723430,0 115.1364556,-8.3723854,0 115.1364499,-8.3723950,0 115.1364283,-8.3724279,0 115.1364070,-8.3724514,0 115.1363875,-8.3724703,0 115.1363641,-8.3724891,0 115.1363313,-8.3725128,0 115.1363212,-8.3725195,0 115.1362782,-8.3725460,0 115.1362616,-8.3725553,0 115.1362353,-8.3725690,0 115.1361924,-8.3725868,0 115.1361560,-8.3725977,0 115.1361495,-8.3725995,0 115.1361066,-8.3726074,0 115.1360637,-8.3726128,0 115.1360208,-8.3726181,0 115.1359778,-8.3726251,0 115.1359349,-8.3726362,0 115.1359236,-8.3726402,0 115.1358920,-8.3726529,0 115.1358491,-8.3726740,0 115.1358330,-8.3726826,0 115.1358062,-8.3726988,0 115.1357633,-8.3727248,0 115.1357627,-8.3727251,0 115.1357203,-8.3727553,0 115.1357052,-8.3727676,0 115.1356774,-8.3727961,0 115.1356660,-8.3728100,0 115.1356415,-8.3728525,0 115.1356345,-8.3728726,0 115.1356280,-8.3728949,0 115.1356230,-8.3729374,0 115.1356248,-8.3729798,0 115.1356313,-8.3730223,0 115.1356345,-8.3730384,0 115.1356394,-8.3730648,0 115.1356463,-8.3731072,0 115.1356506,-8.3731497,0 115.1356530,-8.3731921,0 115.1356565,-8.3732346,0 115.1356638,-8.3732770,0 115.1356774,-8.3733167,0 115.1356785,-8.3733195,0 115.1357043,-8.3733620,0 115.1357203,-8.3733817,0 115.1357427,-8.3734044,0 115.1357633,-8.3734229,0 115.1357953,-8.3734469,0 115.1358062,-8.3734550,0 115.1358491,-8.3734831,0 115.1358599,-8.3734893,0 115.1358920,-8.3735075,0 115.1359349,-8.3735272,0 115.1359476,-8.3735318,0 115.1359778,-8.3735419,0 115.1360208,-8.3735536,0 115.1360637,-8.3735637,0 115.1361066,-8.3735731,0 115.1361122,-8.3735743,0 115.1361495,-8.3735823,0 115.1361924,-8.3735919,0 115.1362353,-8.3736049,0 115.1362629,-8.3736167,0 115.1362782,-8.3736249,0 115.1363212,-8.3736579,0 115.1363224,-8.3736592,0 115.1363529,-8.3737016,0 115.1363641,-8.3737241,0 115.1363727,-8.3737441,0 115.1363883,-8.3737865,0 115.1364058,-8.3738290,0 115.1364070,-8.3738314,0 115.1364272,-8.3738715,0 115.1364499,-8.3739109,0 115.1364514,-8.3739139,0 115.1364714,-8.3739564,0 115.1364856,-8.3739988,0 115.1364926,-8.3740413,0 115.1364928,-8.3740534,0 115.1364933,-8.3740837,0 115.1364928,-8.3740896,0 115.1364894,-8.3741262,0 115.1364809,-8.3741687,0 115.1364680,-8.3742111,0 115.1364516,-8.3742536,0 115.1364499,-8.3742578,0 115.1364323,-8.3742960,0 115.1364144,-8.3743385,0 115.1364070,-8.3743620,0 115.1364007,-8.3743810,0 115.1363913,-8.3744234,0 115.1363860,-8.3744659,0 115.1363843,-8.3745083,0 115.1363850,-8.3745508,0 115.1363891,-8.3745932,0 115.1363922,-8.3746357,0 115.1363960,-8.3746782,0</coordinates></LineString></Placemark>
<Placemark><name>624 m</name><styleUrl>#k</styleUrl><LineString><tessellate>1</tessellate><coordinates>115.1348073,-8.3746782,0 115.1347762,-8.3746550,0 115.1347528,-8.3746357,0 115.1347333,-8.3746223,0 115.1346914,-8.3745932,0 115.1346904,-8.3745929,0 115.1346475,-8.3745775,0 115.1346045,-8.3745640,0 115.1345616,-8.3745517,0 115.1345581,-8.3745508,0 115.1345187,-8.3745346,0 115.1344758,-8.3745186,0 115.1344455,-8.3745083,0 115.1344329,-8.3745042,0 115.1343900,-8.3744917,0 115.1343471,-8.3744792,0 115.1343041,-8.3744668,0</coordinates></LineString></Placemark>
<Placemark><name>626 m</name><styleUrl>#k</styleUrl><LineString><tessellate>1</tessellate><coordinates>115.1380234,-8.3678424,0 115.1379949,-8.3678726,0 115.1379833,-8.3678849,0 115.1379519,-8.3679172,0 115.1379423,-8.3679273,0 115.1379090,-8.3679619,0 115.1379012,-8.3679698,0 115.1378661,-8.3680042,0 115.1378564,-8.3680122,0 115.1378232,-8.3680384,0 115.1377932,-8.3680547,0 115.1377803,-8.3680609,0 115.1377374,-8.3680734,0 115.1376945,-8.3680805,0 115.1376515,-8.3680862,0 115.1376086,-8.3680926,0 115.1375804,-8.3680972,0 115.1375657,-8.3680994,0 115.1375228,-8.3681068,0 115.1374799,-8.3681150,0 115.1374370,-8.3681242,0 115.1373940,-8.3681354,0 115.1373797,-8.3681396,0 115.1373511,-8.3681483,0 115.1373082,-8.3681610,0 115.1372653,-8.3681707,0 115.1372224,-8.3681753,0 115.1371795,-8.3681746,0 115.1371366,-8.3681679,0 115.1370936,-8.3681545,0 115.1370606,-8.3681396,0 115.1370507,-8.3681350,0 115.1370078,-8.3681125,0 115.1369756,-8.3680972,0 115.1369649,-8.3680923,0 115.1369220,-8.3680785,0 115.1368791,-8.3680696,0 115.1368361,-8.3680630,0 115.1367932,-8.3680566,0 115.1367825,-8.3680547,0 115.1367503,-8.3680491,0 115.1367074,-8.3680373,0 115.1366645,-8.3680319,0 115.1366216,-8.3680293,0 115.1365787,-8.3680289,0 115.1365357,-8.3680298,0 115.1364928,-8.3680310,0 115.1364499,-8.3680318,0 115.1364070,-8.3680320,0 115.1363641,-8.3680315,0 115.1363212,-8.3680308,0 115.1362782,-8.3680299,0 115.1362353,-8.3680293,0 115.1361924,-8.3680295,0 115.1361495,-8.3680311,0 115.1361066,-8.3680349,0 115.1360637,-8.3680414,0 115.1360208,-8.3680514,0 115.1360099,-8.3680547,0 115.1359778,-8.3680667,0 115.1359349,-8.3680837,0 115.1358958,-8.3680972,0 115.1358920,-8.3680984,0 115.1358491,-8.3681089,0 115.1358062,-8.3681155,0 115.1357633,-8.3681188,0 115.1357203,-8.3681195,0 115.1356774,-8.3681180,0 115.1356345,-8.3681142,0 115.1355916,-8.3681107,0 115.1355487,-8.3681098,0 115.1355058,-8.3681108,0 115.1354629,-8.3681121,0 115.1354199,-8.3681125,0 115.1353770,-8.3681119,0 115.1353341,-8.3681109,0 115.1352912,-8.3681091,0 115.1352483,-8.3681068,0 115.1352054,-8.3681052,0 115.1351624,-8.3681056,0 115.1351195,-8.3681095,0 115.1350766,-8.3681176,0 115.1350337,-8.3681302,0 115.1350129,-8.3681396,0 115.1349908,-8.3681505,0 115.1349504,-8.3681821,0 115.1349479,-8.3681849,0 115.1349240,-8.3682245,0 115.1349058,-8.3682670,0 115.1349050,-8.3682693,0 115.1348888,-8.3683094,0 115.1348641,-8.3683519,0 115.1348620,-8.3683547,0 115.1348335,-8.3683944,0 115.1348191,-8.3684187,0 115.1348096,-8.3684368,0 115.1347921,-8.3684793,0 115.1347762,-8.3685191,0 115.1347749,-8.3685217,0 115.1347397,-8.3685642,0 115.1347333,-8.3685694,0 115.1346904,-8.3685895,0 115.1346475,-8.3686015,0 115.1346254,-8.3686067,0 115.1346045,-8.3686120,0 115.1345616,-8.3686259,0 115.1345187,-8.3686457,0 115.1345123,-8.3686491,0 115.1344758,-8.3686736,0 115.1344476,-8.3686916,0 115.1344329,-8.3687042,0 115.1343900,-8.3687335,0 115.1343891,-8.3687340,0 115.1343611,-8.3687765,0 115.1343703,-8.3688189,0 115.1343900,-8.3688466,0 115.1343999,-8.3688614,0 115.1344329,-8.3688941,0 115.1344417,-8.3689039,0 115.1344758,-8.3689346,0 115.1344858,-8.3689463,0 115.1345187,-8.3689819,0 115.1345241,-8.3689888,0 115.1345616,-8.3690280,0 115.1345649,-8.3690312,0 115.1346045,-8.3690588,0 115.1346304,-8.3690737,0 115.1346475,-8.3690812,0 115.1346904,-8.3690983,0 115.1347333,-8.3691156,0 115.1347348,-8.3691162,0 115.1347762,-8.3691282,0 115.1348191,-8.3691381,0 115.1348620,-8.3691471,0 115.1349027,-8.3691586,0 115.1349050,-8.3691592,0 115.1349479,-8.3691789,0 115.1349767,-8.3692011,0 115.1349908,-8.3692116,0 115.1350259,-8.3692435,0 115.1350337,-8.3692493,0 115.1350766,-8.3692798,0 115.1350860,-8.3692860,0 115.1351195,-8.3693043,0 115.1351624,-8.3693270,0 115.1351652,-8.3693284,0 115.1352054,-8.3693502,0 115.1352430,-8.3693709,0 115.1352483,-8.3693745,0 115.1352912,-8.3694008,0 115.1353160,-8.3694134,0 115.1353341,-8.3694245,0 115.1353770,-8.3694420,0 115.1354199,-8.3694507,0 115.1354629,-8.3694503,0 115.1355058,-8.3694384,0 115.1355429,-8.3694134,0 115.1355487,-8.3694081,0 115.1355763,-8.3693709,0 115.1355916,-8.3693470,0 115.1356029,-8.3693284,0 115.1356345,-8.3692866,0 115.1356351,-8.3692860,0 115.1356774,-8.3692540,0 115.1357004,-8.3692435,0 115.1357203,-8.3692364,0 115.1357633,-8.3692267,0 115.1358062,-8.3692213,0 115.1358491,-8.3692186,0 115.1358920,-8.3692180,0 115.1359349,-8.3692195,0 115.1359778,-8.3692236,0 115.1360208,-8.3692309,0 115.1360637,-8.3692419,0 115.1360682,-8.3692435,0 115.1361066,-8.3692583,0 115.1361495,-8.3692807,0 115.1361579,-8.3692860,0 115.1361924,-8.3693098,0 115.1362175,-8.3693284,0 115.1362353,-8.3693424,0 115.1362748,-8.3693709,0 115.1362782,-8.3693733,0 115.1363212,-8.3693980,0 115.1363563,-8.3694134,0 115.1363641,-8.3694171,0 115.1364070,-8.3694406,0 115.1364267,-8.3694558,0 115.1364499,-8.3694812,0 115.1364607,-8.3694983,0 115.1364776,-8.3695407,0 115.1364852,-8.3695832,0 115.1364848,-8.3696257,0 115.1364806,-8.3696681,0 115.1364796,-8.3697106,0 115.1364916,-8.3697530,0 115.1364928,-8.3697550,0 115.1365269,-8.3697955,0 115.1365357,-8.3698029,0 115.1365787,-8.3698293,0 115.1365934,-8.3698379,0 115.1366216,-8.3698574,0 115.1366430,-8.3698804,0 115.1366542,-8.3699229,0 115.1366364,-8.3699653,0 115.1366216,-8.3699874,0 115.1366071,-8.3700078,0 115.1365858,-8.3700502,0 115.1365789,-8.3700927,0 115.1365817,-8.3701352,0 115.1365871,-8.3701776,0 115.1365886,-8.3702201,0 115.1365790,-8.3702625,0 115.1365787,-8.3702631,0 115.1365518,-8.3703050,0 115.1365357,-8.3703255,0 115.1365193,-8.3703474,0 115.1364935,-8.3703899,0 115.1364928,-8.3703916,0 115.1364791,-8.3704324,0 115.1364726,-8.3704748,0 115.1364717,-8.3705173,0 115.1364769,-8.3705597,0 115.1364885,-8.3706022,0 115.1364928,-8.3706159,0 115.1364999,-8.3706446,0 115.1365046,-8.3706871,0 115.1364985,-8.3707296,0 115.1364928,-8.3707393,0 115.1364542,-8.3707720,0 115.1364499,-8.3707740,0 115.1364070,-8.3707797,0 115.1363641,-8.3707747,0 115.1363550,-8.3707720,0 115.1363212,-8.3707579,0 115.1362782,-8.3707353,0 115.1362677,-8.3707296,0 115.1362353,-8.3707121,0 115.1361924,-8.3706930,0 115.1361768,-8.3706871,0 115.1361495,-8.3706779,0 115.1361066,-8.3706657,0 115.1360637,-8.3706567,0 115.1360208,-8.3706498,0 115.1359778,-8.3706451,0 115.1359717,-8.3706446,0 115.1359349,-8.3706420,0 115.1358920,-8.3706408,0 115.1358491,-8.3706410,0 115.1358062,-8.3706429,0 115.1357860,-8.3706446,0 115.1357633,-8.3706466,0 115.1357203,-8.3706518,0 115.1356774,-8.3706583,0 115.1356345,-8.3706651,0 115.1355916,-8.3706714,0 115.1355487,-8.3706793,0 115.1355247,-8.3706871,0 115.1355058,-8.3706973,0 115.1354716,-8.3707296,0 115.1354629,-8.3707389,0 115.1354348,-8.3707720,0 115.1354199,-8.3707901,0 115.1354035,-8.3708145,0 115.1353832,-8.3708569,0 115.1353770,-8.3708745,0 115.1353704,-8.3708994,0 115.1353590,-8.3709419,0 115.1353471,-8.3709843,0 115.1353372,-8.3710268,0 115.1353341,-8.3710456,0 115.1353309,-8.3710692,0 115.1353299,-8.3711117,0 115.1353333,-8.3711541,0 115.1353341,-8.3711596,0 115.1353399,-8.3711966,0 115.1353489,-8.3712391,0 115.1353608,-8.3712815,0 115.1353770,-8.3713212,0 115.1353784,-8.3713240,0 115.1354106,-8.3713664,0 115.1354199,-8.3713746,0 115.1354629,-8.3714041,0 115.1354713,-8.3714089,0 115.1355058,-8.3714236,0 115.1355487,-8.3714394,0 115.1355837,-8.3714514,0 115.1355916,-8.3714535,0 115.1356345,-8.3714648,0 115.1356774,-8.3714760,0 115.1357203,-8.3714877,0 115.1357410,-8.3714938,0 115.1357633,-8.3714999,0 115.1358062,-8.3715131,0 115.1358491,-8.3715291,0 115.1358652,-8.3715363,0 115.1358920,-8.3715498,0 115.1359349,-8.3715772,0 115.1359370,-8.3715787,0 115.1359778,-8.3716174,0 115.1359813,-8.3716212,0 115.1360096,-8.3716636,0 115.1360208,-8.3716869,0 115.1360290,-8.3717061,0 115.1360439,-8.3717486,0 115.1360588,-8.3717910,0 115.1360637,-8.3718026,0 115.1360783,-8.3718335,0 115.1361066,-8.3718750,0 115.1361073,-8.3718759,0 115.1361495,-8.3719177,0 115.1361503,-8.3719184,0 115.1361924,-8.3719532,0 115.1362018,-8.3719609,0 115.1362353,-8.3719862,0 115.1362589,-8.3720033,0 115.1362782,-8.3720174,0 115.1363176,-8.3720458,0 115.1363212,-8.3720487,0 115.1363641,-8.3720881,0 115.1363642,-8.3720882,0 115.1363926,-8.3721307,0 115.1364070,-8.3721661,0 115.1364096,-8.3721731,0 115.1364185,-8.3722156,0 115.1364207,-8.3722581,0 115.1364159,-8.3723005,0 115.1364070,-8.3723314,0 115.1364033,-8.3723430,0 115.1363804,-8.3723854,0 115.1363641,-8.3724062,0 115.1363446,-8.3724279,0 115.1363212,-8.3724484,0 115.1362935,-8.3724703,0 115.1362782,-8.3724808,0 115.1362353,-8.3725078,0 115.1362262,-8.3725128,0 115.1361924,-8.3725294,0 115.1361495,-8.3725457,0 115.1361106,-8.3725553,0 115.1361066,-8.3725562,0 115.1360637,-8.3725621,0 115.1360208,-8.3725666,0 115.1359778,-8.3725715,0 115.1359349,-8.3725789,0 115.1358920,-8.3725899,0 115.1358682,-8.3725977,0 115.1358491,-8.3726046,0 115.1358062,-8.3726224,0 115.1357665,-8.3726402,0 115.1357633,-8.3726418,0 115.1357203,-8.3726630,0 115.1356863,-8.3726826,0 115.1356774,-8.3726883,0 115.1356345,-8.3727222,0 115.1356316,-8.3727251,0 115.1355960,-8.3727676,0 115.1355916,-8.3727745,0 115.1355725,-8.3728100,0 115.1355575,-8.3728525,0 115.1355499,-8.3728949,0 115.1355494,-8.3729374,0 115.1355558,-8.3729798,0 115.1355671,-8.3730223,0 115.1355799,-8.3730648,0 115.1355909,-8.3731072,0 115.1355916,-8.3731108,0 115.1355984,-8.3731497,0 115.1356025,-8.3731921,0 115.1356067,-8.3732346,0 115.1356141,-8.3732770,0 115.1356278,-8.3733195,0 115.1356345,-8.3733329,0 115.1356498,-8.3733620,0 115.1356774,-8.3734018,0 115.1356796,-8.3734044,0 115.1357190,-8.3734469,0 115.1357203,-8.3734483,0 115.1357633,-8.3734860,0 115.1357678,-8.3734893,0 115.1358062,-8.3735193,0 115.1358251,-8.3735318,0 115.1358491,-8.3735471,0 115.1358920,-8.3735683,0 115.1359073,-8.3735743,0 115.1359349,-8.3735842,0 115.1359778,-8.3735971,0 115.1360208,-8.3736095,0 115.1360458,-8.3736167,0 115.1360637,-8.3736223,0 115.1361066,-8.3736366,0 115.1361495,-8.3736527,0 115.1361657,-8.3736592,0 115.1361924,-8.3736725,0 115.1362353,-8.3737008,0 115.1362363,-8.3737016,0 115.1362735,-8.3737441,0 115.1362782,-8.3737518,0 115.1362969,-8.3737865,0 115.1363163,-8.3738290,0 115.1363212,-8.3738392,0 115.1363372,-8.3738715,0 115.1363605,-8.3739139,0 115.1363641,-8.3739201,0 115.1363859,-8.3739564,0 115.1364070,-8.3739951,0 115.1364088,-8.3739988,0 115.1364235,-8.3740413,0 115.1364302,-8.3740837,0 115.1364295,-8.3741262,0 115.1364217,-8.3741687,0 115.1364071,-8.3742111,0 115.1364070,-8.3742114,0 115.1363863,-8.3742536,0 115.1363642,-8.3742960,0 115.1363641,-8.3742963,0 115.1363438,-8.3743385,0 115.1363290,-8.3743810,0 115.1363212,-8.3744149,0 115.1363192,-8.3744234,0 115.1363136,-8.3744659,0 115.1363113,-8.3745083,0 115.1363116,-8.3745508,0 115.1363136,-8.3745932,0 115.1363112,-8.3746357,0 115.1362994,-8.3746782,0</coordinates></LineString></Placemark>
<Placemark><name>626 m</name><styleUrl>#k</styleUrl><LineString><tessellate>1</tessellate><coordinates>115.1349716,-8.3746782,0 115.1349479,-8.3746563,0 115.1349221,-8.3746357,0 115.1349050,-8.3746254,0 115.1348620,-8.3746023,0 115.1348451,-8.3745932,0 115.1348191,-8.3745859,0 115.1347762,-8.3745728,0 115.1347333,-8.3745589,0 115.1347076,-8.3745508,0 115.1346904,-8.3745429,0 115.1346475,-8.3745235,0 115.1346116,-8.3745083,0 115.1346045,-8.3745053,0 115.1345616,-8.3744875,0 115.1345187,-8.3744718,0 115.1345010,-8.3744659,0 115.1344758,-8.3744580,0 115.1344329,-8.3744455,0 115.1343900,-8.3744323,0 115.1343636,-8.3744234,0 115.1343471,-8.3744180,0 115.1343041,-8.3744043,0</coordinates></LineString></Placemark>
<Placemark><name>628 m</name><styleUrl>#k</styleUrl><LineString><tessellate>1</tessellate><coordinates>115.1378544,-8.3678424,0 115.1378232,-8.3678709,0 115.1378056,-8.3678849,0 115.1377803,-8.3679048,0 115.1377465,-8.3679273,0 115.1377374,-8.3679331,0 115.1376945,-8.3679574,0 115.1376698,-8.3679698,0 115.1376515,-8.3679780,0 115.1376086,-8.3679958,0 115.1375657,-8.3680110,0 115.1375616,-8.3680122,0 115.1375228,-8.3680231,0 115.1374799,-8.3680331,0 115.1374370,-8.3680417,0 115.1373940,-8.3680509,0 115.1373791,-8.3680547,0 115.1373511,-8.3680621,0 115.1373082,-8.3680767,0 115.1372653,-8.3680928,0 115.1372508,-8.3680972,0 115.1372224,-8.3681046,0 115.1371795,-8.3681089,0 115.1371366,-8.3681042,0 115.1371153,-8.3680972,0 115.1370936,-8.3680893,0 115.1370507,-8.3680679,0 115.1370255,-8.3680547,0 115.1370078,-8.3680452,0 115.1369649,-8.3680276,0 115.1369220,-8.3680174,0 115.1368851,-8.3680122,0 115.1368791,-8.3680114,0 115.1368361,-8.3680069,0 115.1367932,-8.3680019,0 115.1367503,-8.3679957,0 115.1367074,-8.3679860,0 115.1366645,-8.3679821,0 115.1366216,-8.3679810,0 115.1365787,-8.3679816,0 115.1365357,-8.3679829,0 115.1364928,-8.3679836,0 115.1364499,-8.3679827,0 115.1364070,-8.3679802,0 115.1363641,-8.3679772,0 115.1363212,-8.3679750,0 115.1362782,-8.3679751,0 115.1362353,-8.3679770,0 115.1361924,-8.3679796,0 115.1361495,-8.3679819,0 115.1361066,-8.3679838,0 115.1360637,-8.3679856,0 115.1360208,-8.3679884,0 115.1359778,-8.3679936,0 115.1359349,-8.3680026,0 115.1359002,-8.3680122,0 115.1358920,-8.3680147,0 115.1358491,-8.3680254,0 115.1358062,-8.3680303,0 115.1357633,-8.3680260,0 115.1357203,-8.3680126,0 115.1357193,-8.3680122,0 115.1356774,-8.3679953,0 115.1356345,-8.3679795,0 115.1355977,-8.3679698,0 115.1355916,-8.3679681,0 115.1355487,-8.3679606,0 115.1355058,-8.3679554,0 115.1354629,-8.3679524,0 115.1354199,-8.3679523,0 115.1353770,-8.3679545,0 115.1353341,-8.3679577,0 115.1352912,-8.3679596,0 115.1352483,-8.3679597,0 115.1352054,-8.3679585,0 115.1351624,-8.3679571,0 115.1351195,-8.3679567,0 115.1350766,-8.3679586,0 115.1350337,-8.3679660,0 115.1350245,-8.3679698,0 115.1349908,-8.3679841,0 115.1349563,-8.3680122,0 115.1349479,-8.3680182,0 115.1349110,-8.3680547,0 115.1349050,-8.3680602,0 115.1348751,-8.3680972,0 115.1348620,-8.3681156,0 115.1348485,-8.3681396,0 115.1348275,-8.3681821,0 115.1348191,-8.3681989,0 115.1348058,-8.3682245,0 115.1347772,-8.3682670,0 115.1347762,-8.3682682,0 115.1347395,-8.3683094,0 115.1347333,-8.3683165,0 115.1347007,-8.3683519,0 115.1346904,-8.3683662,0 115.1346667,-8.3683944,0 115.1346475,-8.3684189,0 115.1346260,-8.3684368,0 115.1346045,-8.3684516,0 115.1345616,-8.3684687,0 115.1345287,-8.3684793,0 115.1345187,-8.3684824,0 115.1344758,-8.3685007,0 115.1344448,-8.3685217,0 115.1344329,-8.3685295,0 115.1343929,-8.3685642,0 115.1343900,-8.3685663,0 115.1343471,-8.3685970,0 115.1343305,-8.3686067,0 115.1343041,-8.3686207,0</coordinates></LineString></Placemark>
<Placemark><name>628 m</name><styleUrl>#k</styleUrl><LineString><tessellate>1</tessellate><coordinates>115.1343041,-8.3690151,0 115.1343471,-8.3690270,0 115.1343598,-8.3690312,0 115.1343900,-8.3690394,0 115.1344329,-8.3690589,0 115.1344550,-8.3690737,0 115.1344758,-8.3690856,0 115.1345187,-8.3691127,0 115.1345244,-8.3691162,0 115.1345616,-8.3691351,0 115.1346045,-8.3691555,0 115.1346111,-8.3691586,0 115.1346475,-8.3691746,0 115.1346904,-8.3691942,0 115.1347065,-8.3692011,0 115.1347333,-8.3692119,0 115.1347762,-8.3692254,0 115.1348191,-8.3692352,0 115.1348573,-8.3692435,0 115.1348620,-8.3692446,0 115.1349050,-8.3692582,0 115.1349479,-8.3692798,0 115.1349573,-8.3692860,0 115.1349908,-8.3693042,0 115.1350337,-8.3693264,0 115.1350376,-8.3693284,0 115.1350766,-8.3693459,0 115.1351195,-8.3693663,0 115.1351282,-8.3693709,0 115.1351624,-8.3693923,0 115.1351925,-8.3694134,0 115.1352054,-8.3694254,0 115.1352382,-8.3694558,0 115.1352483,-8.3694674,0 115.1352808,-8.3694983,0 115.1352912,-8.3695089,0 115.1353341,-8.3695386,0 115.1353397,-8.3695407,0 115.1353770,-8.3695555,0 115.1354199,-8.3695626,0 115.1354629,-8.3695632,0 115.1355058,-8.3695591,0 115.1355487,-8.3695475,0 115.1355615,-8.3695407,0 115.1355916,-8.3695217,0 115.1356126,-8.3694983,0 115.1356345,-8.3694674,0 115.1356408,-8.3694558,0 115.1356631,-8.3694134,0 115.1356774,-8.3693896,0 115.1356901,-8.3693709,0 115.1357203,-8.3693390,0 115.1357350,-8.3693284,0 115.1357633,-8.3693129,0 115.1358062,-8.3692994,0 115.1358491,-8.3692932,0 115.1358920,-8.3692923,0 115.1359349,-8.3692957,0 115.1359778,-8.3693039,0 115.1360208,-8.3693172,0 115.1360467,-8.3693284,0 115.1360637,-8.3693373,0 115.1361066,-8.3693655,0 115.1361138,-8.3693709,0 115.1361495,-8.3694024,0 115.1361620,-8.3694134,0 115.1361924,-8.3694424,0 115.1362085,-8.3694558,0 115.1362353,-8.3694802,0 115.1362584,-8.3694983,0 115.1362782,-8.3695189,0 115.1362999,-8.3695407,0 115.1363166,-8.3695832,0 115.1363155,-8.3696257,0 115.1363106,-8.3696681,0 115.1363092,-8.3697106,0 115.1363178,-8.3697530,0 115.1363212,-8.3697600,0 115.1363406,-8.3697955,0 115.1363641,-8.3698305,0 115.1363690,-8.3698379,0 115.1363910,-8.3698804,0 115.1364001,-8.3699229,0 115.1363934,-8.3699653,0 115.1363697,-8.3700078,0 115.1363641,-8.3700151,0 115.1363309,-8.3700502,0 115.1363212,-8.3700631,0 115.1363037,-8.3700927,0 115.1362932,-8.3701352,0 115.1362923,-8.3701776,0 115.1363013,-8.3702201,0 115.1363201,-8.3702625,0 115.1363212,-8.3702652,0 115.1363306,-8.3703050,0 115.1363311,-8.3703474,0 115.1363230,-8.3703899,0 115.1363212,-8.3703946,0 115.1362840,-8.3704324,0 115.1362782,-8.3704361,0 115.1362353,-8.3704324,0 115.1362353,-8.3704324,0 115.1361924,-8.3704117,0 115.1361495,-8.3704107,0 115.1361149,-8.3704324,0 115.1361066,-8.3704366,0 115.1360637,-8.3704694,0 115.1360551,-8.3704748,0 115.1360208,-8.3704915,0 115.1359778,-8.3705035,0 115.1359349,-8.3705072,0 115.1358920,-8.3705059,0 115.1358491,-8.3705020,0 115.1358062,-8.3705000,0 115.1357633,-8.3705034,0 115.1357203,-8.3705096,0 115.1356774,-8.3705149,0 115.1356345,-8.3705173,0 115.1355916,-8.3705167,0 115.1355487,-8.3705156,0 115.1355136,-8.3705173,0 115.1355058,-8.3705177,0 115.1354629,-8.3705267,0 115.1354199,-8.3705441,0 115.1353918,-8.3705597,0 115.1353770,-8.3705698,0 115.1353341,-8.3706001,0 115.1353311,-8.3706022,0 115.1352912,-8.3706350,0 115.1352789,-8.3706446,0 115.1352483,-8.3706766,0 115.1352397,-8.3706871,0 115.1352179,-8.3707296,0 115.1352063,-8.3707720,0 115.1352054,-8.3707820,0 115.1352026,-8.3708145,0 115.1352030,-8.3708569,0 115.1352054,-8.3708881,0 115.1352064,-8.3708994,0 115.1352110,-8.3709419,0 115.1352152,-8.3709843,0 115.1352202,-8.3710268,0 115.1352269,-8.3710692,0 115.1352363,-8.3711117,0 115.1352478,-8.3711541,0 115.1352483,-8.3711557,0 115.1352603,-8.3711966,0 115.1352724,-8.3712391,0 115.1352837,-8.3712815,0 115.1352912,-8.3713082,0 115.1352960,-8.3713240,0 115.1353147,-8.3713664,0 115.1353341,-8.3713944,0 115.1353469,-8.3714089,0 115.1353770,-8.3714317,0 115.1354117,-8.3714514,0 115.1354199,-8.3714550,0 115.1354629,-8.3714704,0 115.1355058,-8.3714829,0 115.1355487,-8.3714936,0 115.1355495,-8.3714938,0 115.1355916,-8.3715027,0 115.1356345,-8.3715116,0 115.1356774,-8.3715211,0 115.1357203,-8.3715317,0 115.1357366,-8.3715363,0 115.1357633,-8.3715443,0 115.1358062,-8.3715596,0 115.1358483,-8.3715787,0 115.1358491,-8.3715792,0 115.1358920,-8.3716079,0 115.1359084,-8.3716212,0 115.1359349,-8.3716498,0 115.1359460,-8.3716636,0 115.1359712,-8.3717061,0 115.1359778,-8.3717212,0 115.1359885,-8.3717486,0 115.1360015,-8.3717910,0 115.1360142,-8.3718335,0 115.1360208,-8.3718516,0 115.1360309,-8.3718759,0 115.1360586,-8.3719184,0 115.1360637,-8.3719238,0 115.1361066,-8.3719605,0 115.1361070,-8.3719609,0 115.1361495,-8.3719906,0 115.1361670,-8.3720033,0 115.1361924,-8.3720209,0 115.1362279,-8.3720458,0 115.1362353,-8.3720512,0 115.1362782,-8.3720841,0 115.1362832,-8.3720882,0 115.1363212,-8.3721291,0 115.1363224,-8.3721307,0 115.1363434,-8.3721731,0 115.1363536,-8.3722156,0 115.1363543,-8.3722581,0 115.1363457,-8.3723005,0 115.1363273,-8.3723430,0 115.1363212,-8.3723523,0 115.1362956,-8.3723854,0 115.1362782,-8.3724025,0 115.1362494,-8.3724279,0 115.1362353,-8.3724381,0 115.1361924,-8.3724657,0 115.1361837,-8.3724703,0 115.1361495,-8.3724858,0 115.1361066,-8.3724995,0 115.1360637,-8.3725080,0 115.1360254,-8.3725128,0 115.1360208,-8.3725133,0 115.1359778,-8.3725171,0 115.1359349,-8.3725213,0 115.1358920,-8.3725273,0 115.1358491,-8.3725354,0 115.1358062,-8.3725462,0 115.1357756,-8.3725553,0 115.1357633,-8.3725590,0 115.1357203,-8.3725740,0 115.1356774,-8.3725934,0 115.1356701,-8.3725977,0 115.1356345,-8.3726189,0 115.1356078,-8.3726402,0 115.1355916,-8.3726540,0 115.1355642,-8.3726826,0 115.1355487,-8.3727015,0 115.1355315,-8.3727251,0 115.1355073,-8.3727676,0 115.1355058,-8.3727712,0 115.1354901,-8.3728100,0 115.1354801,-8.3728525,0 115.1354768,-8.3728949,0 115.1354798,-8.3729374,0 115.1354889,-8.3729798,0 115.1355033,-8.3730223,0 115.1355058,-8.3730284,0 115.1355194,-8.3730648,0 115.1355339,-8.3731072,0 115.1355442,-8.3731497,0 115.1355487,-8.3731800,0 115.1355503,-8.3731921,0 115.1355556,-8.3732346,0 115.1355637,-8.3732770,0 115.1355779,-8.3733195,0 115.1355916,-8.3733473,0 115.1355989,-8.3733620,0 115.1356252,-8.3734044,0 115.1356345,-8.3734181,0 115.1356568,-8.3734469,0 115.1356774,-8.3734724,0 115.1356938,-8.3734893,0 115.1357203,-8.3735175,0 115.1357361,-8.3735318,0 115.1357633,-8.3735563,0 115.1357871,-8.3735743,0 115.1358062,-8.3735877,0 115.1358491,-8.3736108,0 115.1358640,-8.3736167,0 115.1358920,-8.3736268,0 115.1359349,-8.3736395,0 115.1359778,-8.3736517,0 115.1360013,-8.3736592,0 115.1360208,-8.3736659,0 115.1360637,-8.3736832,0 115.1361017,-8.3737016,0 115.1361066,-8.3737044,0 115.1361495,-8.3737322,0 115.1361650,-8.3737441,0 115.1361924,-8.3737715,0 115.1362050,-8.3737865,0 115.1362326,-8.3738290,0 115.1362353,-8.3738339,0 115.1362550,-8.3738715,0 115.1362751,-8.3739139,0 115.1362782,-8.3739208,0 115.1362959,-8.3739564,0 115.1363168,-8.3739988,0 115.1363212,-8.3740083,0 115.1363373,-8.3740413,0 115.1363515,-8.3740837,0 115.1363564,-8.3741262,0 115.1363504,-8.3741687,0 115.1363345,-8.3742111,0 115.1363212,-8.3742374,0 115.1363127,-8.3742536,0 115.1362901,-8.3742960,0 115.1362782,-8.3743228,0 115.1362713,-8.3743385,0 115.1362582,-8.3743810,0 115.1362491,-8.3744234,0 115.1362417,-8.3744659,0 115.1362353,-8.3745000,0 115.1362334,-8.3745083,0 115.1362190,-8.3745508,0 115.1361924,-8.3745743,0 115.1361495,-8.3745882,0 115.1361066,-8.3745932,0 115.1361066,-8.3745932,0 115.1360637,-8.3745974,0 115.1360208,-8.3746000,0 115.1359778,-8.3746032,0 115.1359349,-8.3746089,0 115.1358920,-8.3746176,0 115.1358491,-8.3746294,0 115.1358269,-8.3746357,0 115.1358062,-8.3746412,0 115.1357633,-8.3746480,0 115.1357203,-8.3746497,0 115.1356774,-8.3746476,0 115.1356345,-8.3746445,0 115.1355916,-8.3746425,0 115.1355487,-8.3746430,0 115.1355058,-8.3746444,0 115.1354629,-8.3746452,0 115.1354199,-8.3746444,0 115.1353770,-8.3746429,0 115.1353341,-8.3746424,0 115.1352912,-8.3746443,0 115.1352483,-8.3746492,0 115.1352054,-8.3746548,0 115.1351624,-8.3746567,0 115.1351195,-8.3746498,0 115.1350902,-8.3746357,0 115.1350766,-8.3746306,0 115.1350337,-8.3746060,0 115.1350147,-8.3745932,0 115.1349908,-8.3745853,0 115.1349479,-8.3745707,0 115.1349050,-8.3745572,0 115.1348831,-8.3745508,0 115.1348620,-8.3745417,0 115.1348191,-8.3745235,0 115.1347839,-8.3745083,0 115.1347762,-8.3745052,0 115.1347333,-8.3744875,0 115.1346904,-8.3744693,0 115.1346822,-8.3744659,0 115.1346475,-8.3744512,0 115.1346045,-8.3744339,0 115.1345737,-8.3744234,0 115.1345616,-8.3744196,0 115.1345187,-8.3744086,0 115.1344758,-8.3743994,0 115.1344329,-8.3743896,0 115.1344030,-8.3743810,0 115.1343900,-8.3743771,0 115.1343471,-8.3743618,0 115.1343041,-8.3743461,0</coordinates></LineString></Placemark>
<Placemark><name>630 m</name><styleUrl>#k</styleUrl><LineString><tessellate>1</tessellate><coordinates>115.1348449,-8.3678424,0 115.1348286,-8.3678849,0 115.1348191,-8.3679076,0 115.1348109,-8.3679273,0 115.1347911,-8.3679698,0 115.1347762,-8.3680005,0 115.1347707,-8.3680122,0 115.1347545,-8.3680547,0 115.1347414,-8.3680972,0 115.1347333,-8.3681226,0 115.1347274,-8.3681396,0 115.1347062,-8.3681821,0 115.1346904,-8.3682035,0 115.1346720,-8.3682245,0 115.1346475,-8.3682475,0 115.1346238,-8.3682670,0 115.1346045,-8.3682823,0 115.1345616,-8.3683082,0 115.1345588,-8.3683094,0 115.1345187,-8.3683260,0 115.1344758,-8.3683414,0 115.1344534,-8.3683519,0 115.1344329,-8.3683621,0 115.1343944,-8.3683944,0 115.1343900,-8.3683986,0 115.1343609,-8.3684368,0 115.1343471,-8.3684552,0 115.1343287,-8.3684793,0 115.1343041,-8.3685056,0</coordinates></LineString></Placemark>
<Placemark><name>630 m</name><styleUrl>#k</styleUrl><LineString><tessellate>1</tessellate><coordinates>115.1376917,-8.3678424,0 115.1376515,-8.3678678,0 115.1376226,-8.3678849,0 115.1376086,-8.3678932,0 115.1375657,-8.3679164,0 115.1375420,-8.3679273,0 115.1375228,-8.3679357,0 115.1374799,-8.3679506,0 115.1374370,-8.3679618,0 115.1373992,-8.3679698,0 115.1373940,-8.3679709,0 115.1373511,-8.3679802,0 115.1373082,-8.3679918,0 115.1372653,-8.3680071,0 115.1372510,-8.3680122,0 115.1372224,-8.3680222,0 115.1371795,-8.3680308,0 115.1371366,-8.3680275,0 115.1370936,-8.3680124,0 115.1370933,-8.3680122,0 115.1370507,-8.3679902,0 115.1370078,-8.3679725,0 115.1369982,-8.3679698,0 115.1369649,-8.3679610,0 115.1369220,-8.3679549,0 115.1368791,-8.3679515,0 115.1368361,-8.3679488,0 115.1367932,-8.3679455,0 115.1367503,-8.3679413,0 115.1367074,-8.3679353,0 115.1366645,-8.3679336,0 115.1366216,-8.3679342,0 115.1365787,-8.3679359,0 115.1365357,-8.3679373,0 115.1364928,-8.3679370,0 115.1364499,-8.3679337,0 115.1364070,-8.3679277,0 115.1364042,-8.3679273,0 115.1363641,-8.3679210,0 115.1363212,-8.3679172,0 115.1362782,-8.3679192,0 115.1362353,-8.3679251,0 115.1362215,-8.3679273,0 115.1361924,-8.3679314,0 115.1361495,-8.3679357,0 115.1361066,-8.3679369,0 115.1360637,-8.3679354,0 115.1360208,-8.3679325,0 115.1359778,-8.3679289,0 115.1359430,-8.3679273,0 115.1359349,-8.3679269,0 115.1358920,-8.3679266,0 115.1358491,-8.3679265,0 115.1358062,-8.3679236,0 115.1357633,-8.3679145,0 115.1357203,-8.3679009,0 115.1356774,-8.3678860,0 115.1356742,-8.3678849,0 115.1356345,-8.3678640,0 115.1355988,-8.3678424,0</coordinates></LineString></Placemark>
<Placemark><name>630 m</name><styleUrl>#k</styleUrl><LineString><tessellate>1</tessellate><coordinates>115.1343041,-8.3691068,0 115.1343352,-8.3691162,0 115.1343471,-8.3691196,0 115.1343900,-8.3691348,0 115.1344329,-8.3691542,0 115.1344415,-8.3691586,0 115.1344758,-8.3691738,0 115.1345187,-8.3691924,0 115.1345392,-8.3692011,0 115.1345616,-8.3692100,0 115.1346045,-8.3692284,0 115.1346364,-8.3692435,0 115.1346475,-8.3692487,0 115.1346904,-8.3692682,0 115.1347333,-8.3692860,0 115.1347333,-8.3692860,0 115.1347762,-8.3693006,0 115.1348191,-8.3693144,0 115.1348577,-8.3693284,0 115.1348620,-8.3693300,0 115.1349050,-8.3693461,0 115.1349479,-8.3693632,0 115.1349678,-8.3693709,0 115.1349908,-8.3693785,0 115.1350337,-8.3693939,0 115.1350766,-8.3694123,0 115.1350786,-8.3694134,0 115.1351195,-8.3694405,0 115.1351375,-8.3694558,0 115.1351624,-8.3694831,0 115.1351753,-8.3694983,0 115.1352054,-8.3695381,0 115.1352075,-8.3695407,0 115.1352423,-8.3695832,0 115.1352483,-8.3695905,0 115.1352823,-8.3696257,0 115.1352912,-8.3696355,0 115.1353341,-8.3696676,0 115.1353354,-8.3696681,0 115.1353770,-8.3696828,0 115.1354199,-8.3696857,0 115.1354629,-8.3696813,0 115.1355058,-8.3696730,0 115.1355236,-8.3696681,0 115.1355487,-8.3696609,0 115.1355916,-8.3696436,0 115.1356216,-8.3696257,0 115.1356345,-8.3696166,0 115.1356661,-8.3695832,0 115.1356774,-8.3695674,0 115.1356932,-8.3695407,0 115.1357142,-8.3694983,0 115.1357203,-8.3694858,0 115.1357371,-8.3694558,0 115.1357633,-8.3694191,0 115.1357694,-8.3694134,0 115.1358062,-8.3693884,0 115.1358491,-8.3693755,0 115.1358920,-8.3693741,0 115.1359349,-8.3693821,0 115.1359778,-8.3693988,0 115.1360031,-8.3694134,0 115.1360208,-8.3694268,0 115.1360519,-8.3694558,0 115.1360637,-8.3694690,0 115.1360884,-8.3694983,0 115.1361066,-8.3695216,0 115.1361222,-8.3695407,0 115.1361495,-8.3695764,0 115.1361545,-8.3695832,0 115.1361782,-8.3696257,0 115.1361910,-8.3696681,0 115.1361924,-8.3696787,0 115.1361962,-8.3697106,0 115.1361954,-8.3697530,0 115.1361924,-8.3697727,0 115.1361883,-8.3697955,0 115.1361729,-8.3698379,0 115.1361495,-8.3698786,0 115.1361487,-8.3698804,0 115.1361376,-8.3699229,0 115.1361360,-8.3699653,0 115.1361391,-8.3700078,0 115.1361411,-8.3700502,0 115.1361354,-8.3700927,0 115.1361199,-8.3701352,0 115.1361066,-8.3701599,0 115.1360970,-8.3701776,0 115.1360711,-8.3702201,0 115.1360637,-8.3702313,0 115.1360428,-8.3702625,0 115.1360208,-8.3702907,0 115.1360063,-8.3703050,0 115.1359778,-8.3703280,0 115.1359349,-8.3703434,0 115.1358920,-8.3703464,0 115.1358491,-8.3703467,0 115.1358419,-8.3703474,0 115.1358062,-8.3703509,0 115.1357633,-8.3703627,0 115.1357203,-8.3703792,0 115.1356938,-8.3703899,0 115.1356774,-8.3703967,0 115.1356345,-8.3704118,0 115.1355916,-8.3704215,0 115.1355487,-8.3704286,0 115.1355276,-8.3704324,0 115.1355058,-8.3704363,0 115.1354629,-8.3704468,0 115.1354199,-8.3704623,0 115.1353935,-8.3704748,0 115.1353770,-8.3704832,0 115.1353341,-8.3705071,0 115.1353151,-8.3705173,0 115.1352912,-8.3705314,0 115.1352483,-8.3705532,0 115.1352338,-8.3705597,0 115.1352054,-8.3705760,0 115.1351670,-8.3706022,0 115.1351624,-8.3706069,0 115.1351346,-8.3706446,0 115.1351195,-8.3706832,0 115.1351183,-8.3706871,0 115.1351100,-8.3707296,0 115.1351057,-8.3707720,0 115.1351036,-8.3708145,0 115.1351036,-8.3708569,0 115.1351057,-8.3708994,0 115.1351097,-8.3709419,0 115.1351160,-8.3709843,0 115.1351195,-8.3710009,0 115.1351256,-8.3710268,0 115.1351379,-8.3710692,0 115.1351524,-8.3711117,0 115.1351624,-8.3711379,0 115.1351687,-8.3711541,0 115.1351853,-8.3711966,0 115.1352007,-8.3712391,0 115.1352054,-8.3712538,0 115.1352139,-8.3712815,0 115.1352260,-8.3713240,0 115.1352399,-8.3713664,0 115.1352483,-8.3713850,0 115.1352605,-8.3714089,0 115.1352912,-8.3714474,0 115.1352953,-8.3714514,0 115.1353341,-8.3714786,0 115.1353634,-8.3714938,0 115.1353770,-8.3714997,0 115.1354199,-8.3715144,0 115.1354629,-8.3715259,0 115.1355058,-8.3715348,0 115.1355141,-8.3715363,0 115.1355487,-8.3715423,0 115.1355916,-8.3715495,0 115.1356345,-8.3715573,0 115.1356774,-8.3715663,0 115.1357203,-8.3715770,0 115.1357259,-8.3715787,0 115.1357633,-8.3715926,0 115.1358062,-8.3716125,0 115.1358213,-8.3716212,0 115.1358491,-8.3716429,0 115.1358715,-8.3716636,0 115.1358920,-8.3716894,0 115.1359037,-8.3717061,0 115.1359245,-8.3717486,0 115.1359349,-8.3717814,0 115.1359377,-8.3717910,0 115.1359446,-8.3718335,0 115.1359502,-8.3718759,0 115.1359580,-8.3719184,0 115.1359754,-8.3719609,0 115.1359778,-8.3719643,0 115.1360182,-8.3720033,0 115.1360208,-8.3720050,0 115.1360637,-8.3720282,0 115.1361009,-8.3720458,0 115.1361066,-8.3720483,0 115.1361495,-8.3720717,0 115.1361757,-8.3720882,0 115.1361924,-8.3721002,0 115.1362295,-8.3721307,0 115.1362353,-8.3721376,0 115.1362603,-8.3721731,0 115.1362748,-8.3722156,0 115.1362740,-8.3722581,0 115.1362598,-8.3723005,0 115.1362353,-8.3723398,0 115.1362330,-8.3723430,0 115.1361924,-8.3723829,0 115.1361895,-8.3723854,0 115.1361495,-8.3724119,0 115.1361185,-8.3724279,0 115.1361066,-8.3724328,0 115.1360637,-8.3724449,0 115.1360208,-8.3724521,0 115.1359778,-8.3724557,0 115.1359349,-8.3724565,0 115.1358920,-8.3724555,0 115.1358491,-8.3724541,0 115.1358062,-8.3724549,0 115.1357633,-8.3724609,0 115.1357291,-8.3724703,0 115.1357203,-8.3724725,0 115.1356774,-8.3724884,0 115.1356345,-8.3725112,0 115.1356323,-8.3725128,0 115.1355916,-8.3725424,0 115.1355778,-8.3725553,0 115.1355487,-8.3725822,0 115.1355338,-8.3725977,0 115.1355058,-8.3726281,0 115.1354952,-8.3726402,0 115.1354629,-8.3726821,0 115.1354624,-8.3726826,0 115.1354346,-8.3727251,0 115.1354199,-8.3727549,0 115.1354138,-8.3727676,0 115.1354013,-8.3728100,0 115.1353974,-8.3728525,0 115.1354002,-8.3728949,0 115.1354077,-8.3729374,0 115.1354194,-8.3729798,0 115.1354199,-8.3729813,0 115.1354351,-8.3730223,0 115.1354542,-8.3730648,0 115.1354629,-8.3730837,0 115.1354724,-8.3731072,0 115.1354862,-8.3731497,0 115.1354953,-8.3731921,0 115.1355032,-8.3732346,0 115.1355058,-8.3732453,0 115.1355131,-8.3732770,0 115.1355284,-8.3733195,0 115.1355487,-8.3733597,0 115.1355498,-8.3733620,0 115.1355752,-8.3734044,0 115.1355916,-8.3734308,0 115.1356024,-8.3734469,0 115.1356313,-8.3734893,0 115.1356345,-8.3734942,0 115.1356638,-8.3735318,0 115.1356774,-8.3735486,0 115.1357018,-8.3735743,0 115.1357203,-8.3735927,0 115.1357486,-8.3736167,0 115.1357633,-8.3736279,0 115.1358062,-8.3736539,0 115.1358183,-8.3736592,0 115.1358491,-8.3736716,0 115.1358920,-8.3736846,0 115.1359349,-8.3736960,0 115.1359536,-8.3737016,0 115.1359778,-8.3737097,0 115.1360208,-8.3737281,0 115.1360510,-8.3737441,0 115.1360637,-8.3737523,0 115.1361066,-8.3737847,0 115.1361087,-8.3737865,0 115.1361477,-8.3738290,0 115.1361495,-8.3738315,0 115.1361756,-8.3738715,0 115.1361924,-8.3739025,0 115.1361982,-8.3739139,0 115.1362166,-8.3739564,0 115.1362338,-8.3739988,0 115.1362353,-8.3740030,0 115.1362492,-8.3740413,0 115.1362616,-8.3740837,0 115.1362676,-8.3741262,0 115.1362627,-8.3741687,0 115.1362470,-8.3742111,0 115.1362353,-8.3742355,0 115.1362261,-8.3742536,0 115.1362058,-8.3742960,0 115.1361924,-8.3743348,0 115.1361910,-8.3743385,0 115.1361795,-8.3743810,0 115.1361701,-8.3744234,0 115.1361578,-8.3744659,0 115.1361495,-8.3744825,0 115.1361296,-8.3745083,0 115.1361066,-8.3745253,0 115.1360637,-8.3745418,0 115.1360208,-8.3745491,0 115.1359821,-8.3745508,0 115.1359778,-8.3745509,0 115.1359748,-8.3745508,0 115.1359349,-8.3745480,0 115.1358920,-8.3745399,0 115.1358491,-8.3745254,0 115.1358122,-8.3745083,0 115.1358062,-8.3745050,0 115.1357633,-8.3744898,0 115.1357203,-8.3744849,0 115.1356774,-8.3744886,0 115.1356345,-8.3744974,0 115.1355936,-8.3745083,0 115.1355916,-8.3745089,0 115.1355487,-8.3745228,0 115.1355058,-8.3745352,0 115.1354629,-8.3745457,0 115.1354381,-8.3745508,0 115.1354199,-8.3745532,0 115.1353770,-8.3745580,0 115.1353341,-8.3745618,0 115.1352912,-8.3745653,0 115.1352483,-8.3745685,0 115.1352054,-8.3745709,0 115.1351624,-8.3745712,0 115.1351195,-8.3745679,0 115.1350766,-8.3745598,0 115.1350442,-8.3745508,0 115.1350337,-8.3745466,0 115.1349908,-8.3745266,0 115.1349534,-8.3745083,0 115.1349479,-8.3745057,0 115.1349050,-8.3744861,0 115.1348620,-8.3744677,0 115.1348576,-8.3744659,0 115.1348191,-8.3744506,0 115.1347762,-8.3744337,0 115.1347513,-8.3744234,0 115.1347333,-8.3744161,0 115.1346904,-8.3743976,0 115.1346516,-8.3743810,0 115.1346475,-8.3743793,0 115.1346045,-8.3743646,0 115.1345616,-8.3743543,0 115.1345187,-8.3743473,0 115.1344758,-8.3743412,0 115.1344615,-8.3743385,0 115.1344329,-8.3743329,0 115.1343900,-8.3743194,0 115.1343471,-8.3743019,0 115.1343332,-8.3742960,0 115.1343041,-8.3742825,0</coordinates></LineString></Placemark>
<Placemark><name>632 m</name><styleUrl>#k</styleUrl><LineString><tessellate>1</tessellate><coordinates>115.1346869,-8.3678424,0 115.1346670,-8.3678849,0 115.1346475,-8.3679232,0 115.1346453,-8.3679273,0 115.1346233,-8.3679698,0 115.1346045,-8.3680071,0 115.1346013,-8.3680122,0 115.1345746,-8.3680547,0 115.1345616,-8.3680744,0 115.1345405,-8.3680972,0 115.1345187,-8.3681191,0 115.1344952,-8.3681396,0 115.1344758,-8.3681546,0 115.1344438,-8.3681821,0 115.1344329,-8.3681891,0 115.1343900,-8.3682245,0 115.1343900,-8.3682245,0 115.1343471,-8.3682621,0 115.1343421,-8.3682670,0 115.1343041,-8.3683071,0</coordinates></LineString></Placemark>
<Placemark><name>632 m</name><styleUrl>#k</styleUrl><LineString><tessellate>1</tessellate><coordinates>115.1375293,-8.3678424,0 115.1375228,-8.3678457,0 115.1374799,-8.3678647,0 115.1374370,-8.3678796,0 115.1374171,-8.3678849,0 115.1373940,-8.3678906,0 115.1373511,-8.3678987,0 115.1373082,-8.3679051,0 115.1372653,-8.3679108,0 115.1372224,-8.3679154,0 115.1371795,-8.3679174,0 115.1371366,-8.3679145,0 115.1370936,-8.3679080,0 115.1370507,-8.3679015,0 115.1370078,-8.3678967,0 115.1369649,-8.3678937,0 115.1369220,-8.3678921,0 115.1368791,-8.3678911,0 115.1368361,-8.3678900,0 115.1367932,-8.3678887,0 115.1367503,-8.3678869,0 115.1367074,-8.3678850,0 115.1366645,-8.3678851,0 115.1366216,-8.3678867,0 115.1365787,-8.3678888,0 115.1365357,-8.3678899,0 115.1364928,-8.3678883,0 115.1364666,-8.3678849,0 115.1364499,-8.3678823,0 115.1364070,-8.3678731,0 115.1363641,-8.3678649,0 115.1363212,-8.3678609,0 115.1362782,-8.3678636,0 115.1362353,-8.3678715,0 115.1361924,-8.3678808,0 115.1361672,-8.3678849,0 115.1361495,-8.3678873,0 115.1361066,-8.3678880,0 115.1360754,-8.3678849,0 115.1360637,-8.3678834,0 115.1360208,-8.3678742,0 115.1359778,-8.3678630,0 115.1359349,-8.3678514,0 115.1359027,-8.3678424,0</coordinates></LineString></Placemark>
<Placemark><name>632 m</name><styleUrl>#k</styleUrl><LineString><tessellate>1</tessellate><coordinates>115.1343041,-8.3691748,0 115.1343471,-8.3691914,0 115.1343693,-8.3692011,0 115.1343900,-8.3692098,0 115.1344329,-8.3692277,0 115.1344731,-8.3692435,0 115.1344758,-8.3692445,0 115.1345187,-8.3692607,0 115.1345616,-8.3692782,0 115.1345790,-8.3692860,0 115.1346045,-8.3692975,0 115.1346475,-8.3693170,0 115.1346743,-8.3693284,0 115.1346904,-8.3693349,0 115.1347333,-8.3693510,0 115.1347762,-8.3693664,0 115.1347883,-8.3693709,0 115.1348191,-8.3693819,0 115.1348620,-8.3693972,0 115.1349050,-8.3694125,0 115.1349074,-8.3694134,0 115.1349479,-8.3694258,0 115.1349908,-8.3694406,0 115.1350253,-8.3694558,0 115.1350337,-8.3694600,0 115.1350766,-8.3694891,0 115.1350868,-8.3694983,0 115.1351195,-8.3695333,0 115.1351256,-8.3695407,0 115.1351604,-8.3695832,0 115.1351624,-8.3695857,0 115.1351954,-8.3696257,0 115.1352054,-8.3696388,0 115.1352285,-8.3696681,0 115.1352483,-8.3696961,0 115.1352610,-8.3697106,0 115.1352912,-8.3697441,0 115.1353052,-8.3697530,0 115.1353341,-8.3697690,0 115.1353770,-8.3697777,0 115.1354199,-8.3697775,0 115.1354629,-8.3697725,0 115.1355058,-8.3697650,0 115.1355487,-8.3697554,0 115.1355578,-8.3697530,0 115.1355916,-8.3697434,0 115.1356345,-8.3697290,0 115.1356751,-8.3697106,0 115.1356774,-8.3697093,0 115.1357203,-8.3696776,0 115.1357301,-8.3696681,0 115.1357605,-8.3696257,0 115.1357633,-8.3696205,0 115.1357863,-8.3695832,0 115.1358062,-8.3695475,0 115.1358133,-8.3695407,0 115.1358491,-8.3695133,0 115.1358920,-8.3695109,0 115.1359349,-8.3695328,0 115.1359437,-8.3695407,0 115.1359778,-8.3695745,0 115.1359852,-8.3695832,0 115.1360208,-8.3696233,0 115.1360226,-8.3696257,0 115.1360528,-8.3696681,0 115.1360637,-8.3696924,0 115.1360699,-8.3697106,0 115.1360699,-8.3697530,0 115.1360637,-8.3697763,0 115.1360586,-8.3697955,0 115.1360444,-8.3698379,0 115.1360323,-8.3698804,0 115.1360222,-8.3699229,0 115.1360208,-8.3699293,0 115.1360113,-8.3699653,0 115.1359976,-8.3700078,0 115.1359795,-8.3700502,0 115.1359778,-8.3700538,0 115.1359580,-8.3700927,0 115.1359357,-8.3701352,0 115.1359349,-8.3701365,0 115.1359057,-8.3701776,0 115.1358920,-8.3701898,0 115.1358491,-8.3702177,0 115.1358454,-8.3702201,0 115.1358062,-8.3702380,0 115.1357633,-8.3702606,0 115.1357602,-8.3702625,0 115.1357203,-8.3702840,0 115.1356815,-8.3703050,0 115.1356774,-8.3703070,0 115.1356345,-8.3703265,0 115.1355916,-8.3703414,0 115.1355693,-8.3703474,0 115.1355487,-8.3703527,0 115.1355058,-8.3703627,0 115.1354629,-8.3703741,0 115.1354199,-8.3703895,0 115.1354189,-8.3703899,0 115.1353770,-8.3704082,0 115.1353341,-8.3704294,0 115.1353279,-8.3704324,0 115.1352912,-8.3704498,0 115.1352483,-8.3704664,0 115.1352200,-8.3704748,0 115.1352054,-8.3704795,0 115.1351624,-8.3704928,0 115.1351195,-8.3705105,0 115.1351083,-8.3705173,0 115.1350766,-8.3705424,0 115.1350607,-8.3705597,0 115.1350350,-8.3706022,0 115.1350337,-8.3706060,0 115.1350219,-8.3706446,0 115.1350158,-8.3706871,0 115.1350143,-8.3707296,0 115.1350162,-8.3707720,0 115.1350199,-8.3708145,0 115.1350247,-8.3708569,0 115.1350300,-8.3708994,0 115.1350337,-8.3709270,0 115.1350357,-8.3709419,0 115.1350426,-8.3709843,0 115.1350512,-8.3710268,0 115.1350624,-8.3710692,0 115.1350766,-8.3711113,0 115.1350768,-8.3711117,0 115.1350945,-8.3711541,0 115.1351130,-8.3711966,0 115.1351195,-8.3712117,0 115.1351310,-8.3712391,0 115.1351468,-8.3712815,0 115.1351606,-8.3713240,0 115.1351624,-8.3713297,0 115.1351745,-8.3713664,0 115.1351917,-8.3714089,0 115.1352054,-8.3714330,0 115.1352169,-8.3714514,0 115.1352483,-8.3714866,0 115.1352563,-8.3714938,0 115.1352912,-8.3715189,0 115.1353239,-8.3715363,0 115.1353341,-8.3715412,0 115.1353770,-8.3715575,0 115.1354199,-8.3715701,0 115.1354590,-8.3715787,0 115.1354629,-8.3715796,0 115.1355058,-8.3715876,0 115.1355487,-8.3715945,0 115.1355916,-8.3716013,0 115.1356345,-8.3716094,0 115.1356774,-8.3716194,0 115.1356833,-8.3716212,0 115.1357203,-8.3716365,0 115.1357633,-8.3716587,0 115.1357710,-8.3716636,0 115.1358062,-8.3716961,0 115.1358153,-8.3717061,0 115.1358409,-8.3717486,0 115.1358491,-8.3717726,0 115.1358545,-8.3717910,0 115.1358586,-8.3718335,0 115.1358578,-8.3718759,0 115.1358559,-8.3719184,0 115.1358579,-8.3719609,0 115.1358668,-8.3720033,0 115.1358846,-8.3720458,0 115.1358920,-8.3720583,0 115.1359185,-8.3720882,0 115.1359349,-8.3721013,0 115.1359778,-8.3721203,0 115.1360145,-8.3721307,0 115.1360208,-8.3721325,0 115.1360637,-8.3721477,0 115.1361066,-8.3721694,0 115.1361117,-8.3721731,0 115.1361444,-8.3722156,0 115.1361488,-8.3722581,0 115.1361307,-8.3723005,0 115.1361066,-8.3723268,0 115.1360876,-8.3723430,0 115.1360637,-8.3723558,0 115.1360208,-8.3723693,0 115.1359778,-8.3723728,0 115.1359349,-8.3723643,0 115.1358920,-8.3723450,0 115.1358883,-8.3723430,0 115.1358491,-8.3723109,0 115.1358289,-8.3723005,0 115.1358062,-8.3722872,0 115.1357633,-8.3722955,0 115.1357565,-8.3723005,0 115.1357203,-8.3723233,0 115.1356940,-8.3723430,0 115.1356774,-8.3723530,0 115.1356345,-8.3723782,0 115.1356206,-8.3723854,0 115.1355916,-8.3724014,0 115.1355590,-8.3724279,0 115.1355487,-8.3724373,0 115.1355236,-8.3724703,0 115.1355058,-8.3724916,0 115.1354902,-8.3725128,0 115.1354629,-8.3725451,0 115.1354543,-8.3725553,0 115.1354199,-8.3725939,0 115.1354167,-8.3725977,0 115.1353821,-8.3726402,0 115.1353770,-8.3726471,0 115.1353537,-8.3726826,0 115.1353341,-8.3727203,0 115.1353321,-8.3727251,0 115.1353199,-8.3727676,0 115.1353154,-8.3728100,0 115.1353180,-8.3728525,0 115.1353253,-8.3728949,0 115.1353341,-8.3729324,0 115.1353354,-8.3729374,0 115.1353477,-8.3729798,0 115.1353622,-8.3730223,0 115.1353770,-8.3730574,0 115.1353803,-8.3730648,0 115.1354015,-8.3731072,0 115.1354199,-8.3731451,0 115.1354219,-8.3731497,0 115.1354371,-8.3731921,0 115.1354500,-8.3732346,0 115.1354629,-8.3732764,0 115.1354630,-8.3732770,0 115.1354802,-8.3733195,0 115.1355023,-8.3733620,0 115.1355058,-8.3733678,0 115.1355275,-8.3734044,0 115.1355487,-8.3734399,0 115.1355531,-8.3734469,0 115.1355779,-8.3734893,0 115.1355916,-8.3735144,0 115.1356026,-8.3735318,0 115.1356312,-8.3735743,0 115.1356345,-8.3735787,0 115.1356676,-8.3736167,0 115.1356774,-8.3736265,0 115.1357144,-8.3736592,0 115.1357203,-8.3736639,0 115.1357633,-8.3736931,0 115.1357793,-8.3737016,0 115.1358062,-8.3737159,0 115.1358491,-8.3737323,0 115.1358876,-8.3737441,0 115.1358920,-8.3737456,0 115.1359349,-8.3737605,0 115.1359778,-8.3737791,0 115.1359913,-8.3737865,0 115.1360208,-8.3738081,0 115.1360453,-8.3738290,0 115.1360637,-8.3738502,0 115.1360807,-8.3738715,0 115.1361066,-8.3739119,0 115.1361078,-8.3739139,0 115.1361265,-8.3739564,0 115.1361415,-8.3739988,0 115.1361495,-8.3740330,0 115.1361512,-8.3740413,0 115.1361543,-8.3740837,0 115.1361503,-8.3741262,0 115.1361495,-8.3741292,0 115.1361333,-8.3741687,0 115.1361086,-8.3742111,0 115.1361066,-8.3742145,0 115.1360729,-8.3742536,0 115.1360637,-8.3742672,0 115.1360305,-8.3742960,0 115.1360208,-8.3743097,0 115.1359778,-8.3743305,0 115.1359349,-8.3743293,0 115.1358920,-8.3743247,0 115.1358491,-8.3743239,0 115.1358062,-8.3743275,0 115.1357633,-8.3743361,0 115.1357556,-8.3743385,0 115.1357203,-8.3743477,0 115.1356774,-8.3743615,0 115.1356345,-8.3743774,0 115.1356260,-8.3743810,0 115.1355916,-8.3743948,0 115.1355487,-8.3744132,0 115.1355253,-8.3744234,0 115.1355058,-8.3744319,0 115.1354629,-8.3744500,0 115.1354199,-8.3744659,0 115.1354199,-8.3744659,0 115.1353770,-8.3744794,0 115.1353341,-8.3744899,0 115.1352912,-8.3744980,0 115.1352483,-8.3745039,0 115.1352054,-8.3745073,0 115.1351624,-8.3745073,0 115.1351195,-8.3745023,0 115.1350766,-8.3744914,0 115.1350337,-8.3744751,0 115.1350133,-8.3744659,0 115.1349908,-8.3744557,0 115.1349479,-8.3744353,0 115.1349213,-8.3744234,0 115.1349050,-8.3744163,0 115.1348620,-8.3743993,0 115.1348191,-8.3743832,0 115.1348134,-8.3743810,0 115.1347762,-8.3743669,0 115.1347333,-8.3743494,0 115.1347077,-8.3743385,0 115.1346904,-8.3743317,0 115.1346475,-8.3743164,0 115.1346045,-8.3743044,0 115.1345622,-8.3742960,0 115.1345616,-8.3742959,0 115.1345187,-8.3742895,0 115.1344758,-8.3742822,0 115.1344329,-8.3742712,0 115.1343900,-8.3742545,0 115.1343880,-8.3742536,0 115.1343471,-8.3742328,0 115.1343041,-8.3742124,0</coordinates></LineString></Placemark>
<Placemark><name>634 m</name><styleUrl>#k</styleUrl><LineString><tessellate>1</tessellate><coordinates>115.1345223,-8.3678424,0 115.1345187,-8.3678481,0 115.1344913,-8.3678849,0 115.1344758,-8.3679011,0 115.1344427,-8.3679273,0 115.1344329,-8.3679340,0 115.1343900,-8.3679572,0 115.1343628,-8.3679698,0 115.1343471,-8.3679778,0 115.1343041,-8.3679990,0</coordinates></LineString></Placemark>
<Placemark><name>634 m</name><styleUrl>#k</styleUrl><LineString><tessellate>1</tessellate><coordinates>115.1343041,-8.3692430,0 115.1343055,-8.3692435,0 115.1343471,-8.3692603,0 115.1343900,-8.3692767,0 115.1344151,-8.3692860,0 115.1344329,-8.3692924,0 115.1344758,-8.3693083,0 115.1345187,-8.3693259,0 115.1345245,-8.3693284,0 115.1345616,-8.3693455,0 115.1346045,-8.3693651,0 115.1346183,-8.3693709,0 115.1346475,-8.3693827,0 115.1346904,-8.3693984,0 115.1347333,-8.3694131,0 115.1347340,-8.3694134,0 115.1347762,-8.3694277,0 115.1348191,-8.3694414,0 115.1348620,-8.3694541,0 115.1348678,-8.3694558,0 115.1349050,-8.3694666,0 115.1349479,-8.3694805,0 115.1349886,-8.3694983,0 115.1349908,-8.3694994,0 115.1350337,-8.3695280,0 115.1350482,-8.3695407,0 115.1350766,-8.3695688,0 115.1350895,-8.3695832,0 115.1351195,-8.3696165,0 115.1351273,-8.3696257,0 115.1351613,-8.3696681,0 115.1351624,-8.3696697,0 115.1351903,-8.3697106,0 115.1352054,-8.3697373,0 115.1352154,-8.3697530,0 115.1352415,-8.3697955,0 115.1352483,-8.3698061,0 115.1352827,-8.3698379,0 115.1352912,-8.3698453,0 115.1353341,-8.3698606,0 115.1353770,-8.3698628,0 115.1354199,-8.3698590,0 115.1354629,-8.3698533,0 115.1355058,-8.3698477,0 115.1355487,-8.3698428,0 115.1355916,-8.3698397,0 115.1356345,-8.3698399,0 115.1356774,-8.3698455,0 115.1357203,-8.3698578,0 115.1357633,-8.3698783,0 115.1357676,-8.3698804,0 115.1358062,-8.3699177,0 115.1358105,-8.3699229,0 115.1358200,-8.3699653,0 115.1358155,-8.3700078,0 115.1358062,-8.3700417,0 115.1358043,-8.3700502,0 115.1357867,-8.3700927,0 115.1357633,-8.3701278,0 115.1357585,-8.3701352,0 115.1357203,-8.3701758,0 115.1357186,-8.3701776,0 115.1356774,-8.3702104,0 115.1356637,-8.3702201,0 115.1356345,-8.3702372,0 115.1355916,-8.3702569,0 115.1355758,-8.3702625,0 115.1355487,-8.3702708,0 115.1355058,-8.3702818,0 115.1354629,-8.3702934,0 115.1354305,-8.3703050,0 115.1354199,-8.3703084,0 115.1353770,-8.3703252,0 115.1353341,-8.3703460,0 115.1353312,-8.3703474,0 115.1352912,-8.3703649,0 115.1352483,-8.3703809,0 115.1352159,-8.3703899,0 115.1352054,-8.3703926,0 115.1351624,-8.3704015,0 115.1351195,-8.3704108,0 115.1350766,-8.3704245,0 115.1350594,-8.3704324,0 115.1350337,-8.3704464,0 115.1349962,-8.3704748,0 115.1349908,-8.3704803,0 115.1349608,-8.3705173,0 115.1349479,-8.3705440,0 115.1349414,-8.3705597,0 115.1349319,-8.3706022,0 115.1349289,-8.3706446,0 115.1349292,-8.3706871,0 115.1349325,-8.3707296,0 115.1349382,-8.3707720,0 115.1349457,-8.3708145,0 115.1349479,-8.3708248,0 115.1349546,-8.3708569,0 115.1349630,-8.3708994,0 115.1349705,-8.3709419,0 115.1349773,-8.3709843,0 115.1349848,-8.3710268,0 115.1349908,-8.3710537,0 115.1349943,-8.3710692,0 115.1350073,-8.3711117,0 115.1350237,-8.3711541,0 115.1350337,-8.3711771,0 115.1350423,-8.3711966,0 115.1350615,-8.3712391,0 115.1350766,-8.3712745,0 115.1350795,-8.3712815,0 115.1350955,-8.3713240,0 115.1351109,-8.3713664,0 115.1351195,-8.3713881,0 115.1351276,-8.3714089,0 115.1351487,-8.3714514,0 115.1351624,-8.3714719,0 115.1351786,-8.3714938,0 115.1352054,-8.3715219,0 115.1352217,-8.3715363,0 115.1352483,-8.3715561,0 115.1352874,-8.3715787,0 115.1352912,-8.3715808,0 115.1353341,-8.3715998,0 115.1353770,-8.3716153,0 115.1353973,-8.3716212,0 115.1354199,-8.3716286,0 115.1354629,-8.3716405,0 115.1355058,-8.3716508,0 115.1355487,-8.3716605,0 115.1355620,-8.3716636,0 115.1355916,-8.3716739,0 115.1356345,-8.3716923,0 115.1356612,-8.3717061,0 115.1356774,-8.3717205,0 115.1357041,-8.3717486,0 115.1357203,-8.3717825,0 115.1357239,-8.3717910,0 115.1357299,-8.3718335,0 115.1357279,-8.3718759,0 115.1357216,-8.3719184,0 115.1357203,-8.3719252,0 115.1357125,-8.3719609,0 115.1357008,-8.3720033,0 115.1356827,-8.3720458,0 115.1356774,-8.3720548,0 115.1356526,-8.3720882,0 115.1356345,-8.3721077,0 115.1356002,-8.3721307,0 115.1355916,-8.3721355,0 115.1355487,-8.3721494,0 115.1355058,-8.3721608,0 115.1354761,-8.3721731,0 115.1354629,-8.3721783,0 115.1354199,-8.3722111,0 115.1354161,-8.3722156,0 115.1353861,-8.3722581,0 115.1353770,-8.3722790,0 115.1353694,-8.3723005,0 115.1353643,-8.3723430,0 115.1353653,-8.3723854,0 115.1353666,-8.3724279,0 115.1353583,-8.3724703,0 115.1353371,-8.3725128,0 115.1353341,-8.3725172,0 115.1353129,-8.3725553,0 115.1352914,-8.3725977,0 115.1352912,-8.3725982,0 115.1352751,-8.3726402,0 115.1352622,-8.3726826,0 115.1352534,-8.3727251,0 115.1352490,-8.3727676,0 115.1352494,-8.3728100,0 115.1352541,-8.3728525,0 115.1352622,-8.3728949,0 115.1352721,-8.3729374,0 115.1352828,-8.3729798,0 115.1352912,-8.3730126,0 115.1352940,-8.3730223,0 115.1353088,-8.3730648,0 115.1353277,-8.3731072,0 115.1353341,-8.3731188,0 115.1353518,-8.3731497,0 115.1353761,-8.3731921,0 115.1353770,-8.3731939,0 115.1353965,-8.3732346,0 115.1354147,-8.3732770,0 115.1354199,-8.3732884,0 115.1354337,-8.3733195,0 115.1354560,-8.3733620,0 115.1354629,-8.3733737,0 115.1354811,-8.3734044,0 115.1355058,-8.3734466,0 115.1355060,-8.3734469,0 115.1355284,-8.3734893,0 115.1355481,-8.3735318,0 115.1355487,-8.3735332,0 115.1355693,-8.3735743,0 115.1355916,-8.3736107,0 115.1355960,-8.3736167,0 115.1356342,-8.3736592,0 115.1356345,-8.3736595,0 115.1356774,-8.3736966,0 115.1356839,-8.3737016,0 115.1357203,-8.3737295,0 115.1357427,-8.3737441,0 115.1357633,-8.3737587,0 115.1358062,-8.3737828,0 115.1358148,-8.3737865,0 115.1358491,-8.3738055,0 115.1358920,-8.3738270,0 115.1358959,-8.3738290,0 115.1359349,-8.3738626,0 115.1359440,-8.3738715,0 115.1359662,-8.3739139,0 115.1359723,-8.3739564,0 115.1359652,-8.3739988,0 115.1359440,-8.3740413,0 115.1359349,-8.3740520,0 115.1359068,-8.3740837,0 115.1358920,-8.3740956,0 115.1358491,-8.3741262,0 115.1358491,-8.3741262,0 115.1358062,-8.3741529,0 115.1357815,-8.3741687,0 115.1357633,-8.3741802,0 115.1357203,-8.3742100,0 115.1357189,-8.3742111,0 115.1356774,-8.3742405,0 115.1356594,-8.3742536,0 115.1356345,-8.3742693,0 115.1355916,-8.3742956,0 115.1355910,-8.3742960,0 115.1355487,-8.3743196,0 115.1355128,-8.3743385,0 115.1355058,-8.3743421,0 115.1354629,-8.3743641,0 115.1354282,-8.3743810,0 115.1354199,-8.3743848,0 115.1353770,-8.3744034,0 115.1353341,-8.3744185,0 115.1353159,-8.3744234,0 115.1352912,-8.3744298,0 115.1352483,-8.3744373,0 115.1352054,-8.3744412,0 115.1351624,-8.3744406,0 115.1351195,-8.3744350,0 115.1350771,-8.3744234,0 115.1350766,-8.3744233,0 115.1350337,-8.3744067,0 115.1349908,-8.3743872,0 115.1349773,-8.3743810,0 115.1349479,-8.3743677,0 115.1349050,-8.3743500,0 115.1348743,-8.3743385,0 115.1348620,-8.3743340,0 115.1348191,-8.3743187,0 115.1347762,-8.3743029,0 115.1347583,-8.3742960,0 115.1347333,-8.3742867,0 115.1346904,-8.3742721,0 115.1346475,-8.3742600,0 115.1346199,-8.3742536,0 115.1346045,-8.3742500,0 115.1345616,-8.3742414,0 115.1345187,-8.3742322,0 115.1344758,-8.3742202,0 115.1344515,-8.3742111,0 115.1344329,-8.3742031,0 115.1343900,-8.3741815,0 115.1343650,-8.3741687,0 115.1343471,-8.3741598,0 115.1343041,-8.3741423,0</coordinates></LineString></Placemark>
<Placemark><name>634 m</name><styleUrl>#k</styleUrl><LineString><tessellate>1</tessellate><coordinates>115.1343900,-8.3700909,0 115.1343881,-8.3700927,0 115.1343664,-8.3701352,0 115.1343633,-8.3701776,0 115.1343829,-8.3702201,0 115.1343900,-8.3702259,0 115.1344329,-8.3702463,0 115.1344758,-8.3702566,0 115.1345187,-8.3702602,0 115.1345616,-8.3702543,0 115.1346036,-8.3702201,0 115.1345906,-8.3701776,0 115.1345616,-8.3701392,0 115.1345582,-8.3701352,0 115.1345187,-8.3701063,0 115.1344964,-8.3700927,0 115.1344758,-8.3700830,0 115.1344329,-8.3700746,0 115.1343900,-8.3700909,0</coordinates></LineString></Placemark>
<Placemark><name>636 m</name><styleUrl>#k</styleUrl><LineString><tessellate>1</tessellate><coordinates>115.1343041,-8.3693263,0 115.1343139,-8.3693284,0 115.1343471,-8.3693355,0 115.1343900,-8.3693463,0 115.1344329,-8.3693589,0 115.1344654,-8.3693709,0 115.1344758,-8.3693751,0 115.1345187,-8.3693946,0 115.1345601,-8.3694134,0 115.1345616,-8.3694141,0 115.1346045,-8.3694325,0 115.1346475,-8.3694483,0 115.1346695,-8.3694558,0 115.1346904,-8.3694634,0 115.1347333,-8.3694778,0 115.1347762,-8.3694902,0 115.1348111,-8.3694983,0 115.1348191,-8.3695002,0 115.1348620,-8.3695102,0 115.1349050,-8.3695213,0 115.1349479,-8.3695370,0 115.1349549,-8.3695407,0 115.1349908,-8.3695639,0 115.1350140,-8.3695832,0 115.1350337,-8.3696017,0 115.1350567,-8.3696257,0 115.1350766,-8.3696469,0 115.1350950,-8.3696681,0 115.1351195,-8.3696997,0 115.1351271,-8.3697106,0 115.1351499,-8.3697530,0 115.1351624,-8.3697855,0 115.1351666,-8.3697955,0 115.1351808,-8.3698379,0 115.1351953,-8.3698804,0 115.1352054,-8.3699084,0 115.1352131,-8.3699229,0 115.1352340,-8.3699653,0 115.1352483,-8.3700003,0 115.1352532,-8.3700078,0 115.1352727,-8.3700502,0 115.1352894,-8.3700927,0 115.1352912,-8.3700978,0 115.1353156,-8.3701352,0 115.1353214,-8.3701776,0 115.1353011,-8.3702201,0 115.1352912,-8.3702282,0 115.1352565,-8.3702625,0 115.1352483,-8.3702671,0 115.1352054,-8.3702884,0 115.1351624,-8.3703027,0 115.1351500,-8.3703050,0 115.1351195,-8.3703096,0 115.1350766,-8.3703111,0 115.1350337,-8.3703068,0 115.1350269,-8.3703050,0 115.1349908,-8.3702913,0 115.1349534,-8.3702625,0 115.1349479,-8.3702573,0 115.1349088,-8.3702201,0 115.1349050,-8.3702170,0 115.1348620,-8.3701905,0 115.1348391,-8.3701776,0 115.1348191,-8.3701691,0 115.1347762,-8.3701472,0 115.1347597,-8.3701352,0 115.1347333,-8.3701191,0 115.1346997,-8.3700927,0 115.1346904,-8.3700866,0 115.1346475,-8.3700556,0 115.1346403,-8.3700502,0 115.1346045,-8.3700267,0 115.1345765,-8.3700078,0 115.1345616,-8.3699976,0 115.1345187,-8.3699678,0 115.1345149,-8.3699653,0 115.1344758,-8.3699372,0 115.1344516,-8.3699229,0 115.1344329,-8.3699102,0 115.1343900,-8.3698924,0 115.1343471,-8.3698842,0 115.1343041,-8.3698852,0</coordinates></LineString></Placemark>
<Placemark><name>636 m</name><styleUrl>#k</styleUrl><LineString><tessellate>1</tessellate><coordinates>115.1343041,-8.3704268,0 115.1343471,-8.3704251,0 115.1343900,-8.3704187,0 115.1344329,-8.3704118,0 115.1344758,-8.3704068,0 115.1345187,-8.3704052,0 115.1345616,-8.3704082,0 115.1346045,-8.3704179,0 115.1346388,-8.3704324,0 115.1346475,-8.3704360,0 115.1346904,-8.3704599,0 115.1347129,-8.3704748,0 115.1347333,-8.3704884,0 115.1347715,-8.3705173,0 115.1347762,-8.3705214,0 115.1348100,-8.3705597,0 115.1348191,-8.3705750,0 115.1348310,-8.3706022,0 115.1348441,-8.3706446,0 115.1348539,-8.3706871,0 115.1348620,-8.3707281,0 115.1348623,-8.3707296,0 115.1348704,-8.3707720,0 115.1348788,-8.3708145,0 115.1348876,-8.3708569,0 115.1348966,-8.3708994,0 115.1349050,-8.3709419,0 115.1349050,-8.3709419,0 115.1349123,-8.3709843,0 115.1349196,-8.3710268,0 115.1349285,-8.3710692,0 115.1349400,-8.3711117,0 115.1349479,-8.3711340,0 115.1349551,-8.3711541,0 115.1349728,-8.3711966,0 115.1349908,-8.3712364,0 115.1349920,-8.3712391,0 115.1350112,-8.3712815,0 115.1350288,-8.3713240,0 115.1350337,-8.3713365,0 115.1350451,-8.3713664,0 115.1350616,-8.3714089,0 115.1350766,-8.3714429,0 115.1350804,-8.3714514,0 115.1351043,-8.3714938,0 115.1351195,-8.3715145,0 115.1351370,-8.3715363,0 115.1351624,-8.3715619,0 115.1351821,-8.3715787,0 115.1352054,-8.3715964,0 115.1352459,-8.3716212,0 115.1352483,-8.3716226,0 115.1352912,-8.3716444,0 115.1353341,-8.3716626,0 115.1353367,-8.3716636,0 115.1353770,-8.3716817,0 115.1354199,-8.3716997,0 115.1354357,-8.3717061,0 115.1354629,-8.3717214,0 115.1355058,-8.3717471,0 115.1355080,-8.3717486,0 115.1355449,-8.3717910,0 115.1355487,-8.3718014,0 115.1355599,-8.3718335,0 115.1355615,-8.3718759,0 115.1355521,-8.3719184,0 115.1355487,-8.3719257,0 115.1355309,-8.3719609,0 115.1355058,-8.3719921,0 115.1354957,-8.3720033,0 115.1354629,-8.3720325,0 115.1354485,-8.3720458,0 115.1354199,-8.3720706,0 115.1354045,-8.3720882,0 115.1353770,-8.3721186,0 115.1353688,-8.3721307,0 115.1353389,-8.3721731,0 115.1353341,-8.3721803,0 115.1353137,-8.3722156,0 115.1352917,-8.3722581,0 115.1352912,-8.3722593,0 115.1352739,-8.3723005,0 115.1352577,-8.3723430,0 115.1352483,-8.3723674,0 115.1352407,-8.3723854,0 115.1352230,-8.3724279,0 115.1352061,-8.3724703,0 115.1352054,-8.3724732,0 115.1351962,-8.3725128,0 115.1351913,-8.3725553,0 115.1351897,-8.3725977,0 115.1351893,-8.3726402,0 115.1351892,-8.3726826,0 115.1351898,-8.3727251,0 115.1351915,-8.3727676,0 115.1351947,-8.3728100,0 115.1351999,-8.3728525,0 115.1352054,-8.3728856,0 115.1352069,-8.3728949,0 115.1352159,-8.3729374,0 115.1352260,-8.3729798,0 115.1352367,-8.3730223,0 115.1352483,-8.3730633,0 115.1352487,-8.3730648,0 115.1352650,-8.3731072,0 115.1352863,-8.3731497,0 115.1352912,-8.3731573,0 115.1353144,-8.3731921,0 115.1353341,-8.3732214,0 115.1353421,-8.3732346,0 115.1353660,-8.3732770,0 115.1353770,-8.3732975,0 115.1353878,-8.3733195,0 115.1354104,-8.3733620,0 115.1354199,-8.3733786,0 115.1354348,-8.3734044,0 115.1354592,-8.3734469,0 115.1354629,-8.3734542,0 115.1354803,-8.3734893,0 115.1354969,-8.3735318,0 115.1355058,-8.3735576,0 115.1355121,-8.3735743,0 115.1355302,-8.3736167,0 115.1355487,-8.3736483,0 115.1355565,-8.3736592,0 115.1355916,-8.3736962,0 115.1355975,-8.3737016,0 115.1356345,-8.3737331,0 115.1356480,-8.3737441,0 115.1356774,-8.3737697,0 115.1356985,-8.3737865,0 115.1357203,-8.3738083,0 115.1357448,-8.3738290,0 115.1357633,-8.3738523,0 115.1357818,-8.3738715,0 115.1358038,-8.3739139,0 115.1358062,-8.3739479,0 115.1358068,-8.3739564,0 115.1358062,-8.3739581,0 115.1357893,-8.3739988,0 115.1357633,-8.3740285,0 115.1357512,-8.3740413,0 115.1357203,-8.3740667,0 115.1357019,-8.3740837,0 115.1356774,-8.3741047,0 115.1356564,-8.3741262,0 115.1356345,-8.3741470,0 115.1356148,-8.3741687,0 115.1355916,-8.3741902,0 115.1355692,-8.3742111,0 115.1355487,-8.3742270,0 115.1355120,-8.3742536,0 115.1355058,-8.3742575,0 115.1354629,-8.3742835,0 115.1354406,-8.3742960,0 115.1354199,-8.3743072,0 115.1353770,-8.3743287,0 115.1353551,-8.3743385,0 115.1353341,-8.3743473,0 115.1352912,-8.3743616,0 115.1352483,-8.3743709,0 115.1352054,-8.3743753,0 115.1351624,-8.3743743,0 115.1351195,-8.3743676,0 115.1350766,-8.3743552,0 115.1350337,-8.3743385,0 115.1350337,-8.3743385,0 115.1349908,-8.3743201,0 115.1349479,-8.3743025,0 115.1349312,-8.3742960,0 115.1349050,-8.3742861,0 115.1348620,-8.3742703,0 115.1348191,-8.3742543,0 115.1348171,-8.3742536,0 115.1347762,-8.3742377,0 115.1347333,-8.3742233,0 115.1346904,-8.3742122,0 115.1346855,-8.3742111,0 115.1346475,-8.3742025,0 115.1346045,-8.3741935,0 115.1345616,-8.3741833,0 115.1345187,-8.3741698,0 115.1345158,-8.3741687,0 115.1344758,-8.3741501,0 115.1344329,-8.3741279,0 115.1344297,-8.3741262,0 115.1343900,-8.3741059,0 115.1343471,-8.3740883,0 115.1343327,-8.3740837,0 115.1343041,-8.3740748,0</coordinates></LineString></Placemark>
<Placemark><name>636 m</name><styleUrl>#k</styleUrl><LineString><tessellate>1</tessellate><coordinates>115.1355058,-8.3699890,0 115.1355487,-8.3699831,0 115.1355916,-8.3699944,0 115.1356091,-8.3700078,0 115.1356267,-8.3700502,0 115.1356071,-8.3700927,0 115.1355916,-8.3701062,0 115.1355487,-8.3701240,0 115.1355058,-8.3701253,0 115.1354629,-8.3701025,0 115.1354550,-8.3700927,0 115.1354516,-8.3700502,0 115.1354629,-8.3700228,0 115.1354707,-8.3700078,0 115.1355058,-8.3699890,0</coordinates></LineString></Placemark>
<Placemark><name>638 m</name><styleUrl>#k</styleUrl><LineString><tessellate>1</tessellate><coordinates>115.1343041,-8.3694666,0 115.1343208,-8.3694558,0 115.1343471,-8.3694467,0 115.1343900,-8.3694423,0 115.1344329,-8.3694481,0 115.1344591,-8.3694558,0 115.1344758,-8.3694614,0 115.1345187,-8.3694781,0 115.1345616,-8.3694934,0 115.1345756,-8.3694983,0 115.1346045,-8.3695100,0 115.1346475,-8.3695264,0 115.1346888,-8.3695407,0 115.1346904,-8.3695414,0 115.1347333,-8.3695573,0 115.1347762,-8.3695667,0 115.1348191,-8.3695720,0 115.1348620,-8.3695778,0 115.1348847,-8.3695832,0 115.1349050,-8.3695894,0 115.1349479,-8.3696124,0 115.1349651,-8.3696257,0 115.1349908,-8.3696478,0 115.1350113,-8.3696681,0 115.1350337,-8.3696912,0 115.1350502,-8.3697106,0 115.1350766,-8.3697485,0 115.1350793,-8.3697530,0 115.1350945,-8.3697955,0 115.1351026,-8.3698379,0 115.1351062,-8.3698804,0 115.1351080,-8.3699229,0 115.1351095,-8.3699653,0 115.1351101,-8.3700078,0 115.1351081,-8.3700502,0 115.1350946,-8.3700927,0 115.1350766,-8.3701098,0 115.1350337,-8.3701031,0 115.1350077,-8.3700927,0 115.1349908,-8.3700885,0 115.1349479,-8.3700775,0 115.1349050,-8.3700686,0 115.1348620,-8.3700588,0 115.1348339,-8.3700502,0 115.1348191,-8.3700460,0 115.1347762,-8.3700286,0 115.1347373,-8.3700078,0 115.1347333,-8.3700055,0 115.1346904,-8.3699789,0 115.1346692,-8.3699653,0 115.1346475,-8.3699494,0 115.1346121,-8.3699229,0 115.1346045,-8.3699152,0 115.1345709,-8.3698804,0 115.1345616,-8.3698669,0 115.1345395,-8.3698379,0 115.1345187,-8.3698099,0 115.1345044,-8.3697955,0 115.1344758,-8.3697699,0 115.1344510,-8.3697530,0 115.1344329,-8.3697413,0 115.1343900,-8.3697144,0 115.1343842,-8.3697106,0 115.1343471,-8.3696812,0 115.1343307,-8.3696681,0 115.1343041,-8.3696411,0</coordinates></LineString></Placemark>
<Placemark><name>638 m</name><styleUrl>#k</styleUrl><LineString><tessellate>1</tessellate><coordinates>115.1343041,-8.3705445,0 115.1343471,-8.3705432,0 115.1343900,-8.3705395,0 115.1344329,-8.3705334,0 115.1344758,-8.3705267,0 115.1345187,-8.3705226,0 115.1345616,-8.3705237,0 115.1346045,-8.3705337,0 115.1346475,-8.3705532,0 115.1346579,-8.3705597,0 115.1346904,-8.3705810,0 115.1347152,-8.3706022,0 115.1347333,-8.3706201,0 115.1347520,-8.3706446,0 115.1347762,-8.3706861,0 115.1347767,-8.3706871,0 115.1347922,-8.3707296,0 115.1348038,-8.3707720,0 115.1348130,-8.3708145,0 115.1348191,-8.3708465,0 115.1348211,-8.3708569,0 115.1348286,-8.3708994,0 115.1348362,-8.3709419,0 115.1348437,-8.3709843,0 115.1348520,-8.3710268,0 115.1348614,-8.3710692,0 115.1348620,-8.3710717,0 115.1348728,-8.3711117,0 115.1348870,-8.3711541,0 115.1349040,-8.3711966,0 115.1349050,-8.3711987,0 115.1349230,-8.3712391,0 115.1349426,-8.3712815,0 115.1349479,-8.3712934,0 115.1349614,-8.3713240,0 115.1349784,-8.3713664,0 115.1349908,-8.3714013,0 115.1349936,-8.3714089,0 115.1350085,-8.3714514,0 115.1350251,-8.3714938,0 115.1350337,-8.3715119,0 115.1350472,-8.3715363,0 115.1350766,-8.3715751,0 115.1350797,-8.3715787,0 115.1351195,-8.3716166,0 115.1351250,-8.3716212,0 115.1351624,-8.3716494,0 115.1351852,-8.3716636,0 115.1352054,-8.3716762,0 115.1352483,-8.3716992,0 115.1352625,-8.3717061,0 115.1352912,-8.3717234,0 115.1353338,-8.3717486,0 115.1353341,-8.3717489,0 115.1353770,-8.3717901,0 115.1353780,-8.3717910,0 115.1353952,-8.3718335,0 115.1353899,-8.3718759,0 115.1353770,-8.3718982,0 115.1353662,-8.3719184,0 115.1353393,-8.3719609,0 115.1353341,-8.3719701,0 115.1353214,-8.3720033,0 115.1353064,-8.3720458,0 115.1352912,-8.3720860,0 115.1352905,-8.3720882,0 115.1352732,-8.3721307,0 115.1352527,-8.3721731,0 115.1352483,-8.3721817,0 115.1352313,-8.3722156,0 115.1352100,-8.3722581,0 115.1352054,-8.3722673,0 115.1351879,-8.3723005,0 115.1351639,-8.3723430,0 115.1351624,-8.3723455,0 115.1351393,-8.3723854,0 115.1351195,-8.3724239,0 115.1351177,-8.3724279,0 115.1351042,-8.3724703,0 115.1350982,-8.3725128,0 115.1350978,-8.3725553,0 115.1351021,-8.3725977,0 115.1351096,-8.3726402,0 115.1351185,-8.3726826,0 115.1351195,-8.3726875,0 115.1351264,-8.3727251,0 115.1351333,-8.3727676,0 115.1351393,-8.3728100,0 115.1351453,-8.3728525,0 115.1351522,-8.3728949,0 115.1351609,-8.3729374,0 115.1351624,-8.3729433,0 115.1351712,-8.3729798,0 115.1351828,-8.3730223,0 115.1351958,-8.3730648,0 115.1352054,-8.3730915,0 115.1352109,-8.3731072,0 115.1352298,-8.3731497,0 115.1352483,-8.3731814,0 115.1352550,-8.3731921,0 115.1352853,-8.3732346,0 115.1352912,-8.3732424,0 115.1353146,-8.3732770,0 115.1353341,-8.3733083,0 115.1353403,-8.3733195,0 115.1353635,-8.3733620,0 115.1353770,-8.3733860,0 115.1353872,-8.3734044,0 115.1354107,-8.3734469,0 115.1354199,-8.3734656,0 115.1354313,-8.3734893,0 115.1354466,-8.3735318,0 115.1354585,-8.3735743,0 115.1354629,-8.3735910,0 115.1354703,-8.3736167,0 115.1354865,-8.3736592,0 115.1355058,-8.3736939,0 115.1355113,-8.3737016,0 115.1355485,-8.3737441,0 115.1355487,-8.3737443,0 115.1355916,-8.3737848,0 115.1355935,-8.3737865,0 115.1356307,-8.3738290,0 115.1356345,-8.3738373,0 115.1356510,-8.3738715,0 115.1356549,-8.3739139,0 115.1356418,-8.3739564,0 115.1356345,-8.3739685,0 115.1356182,-8.3739988,0 115.1355916,-8.3740413,0 115.1355916,-8.3740413,0 115.1355660,-8.3740837,0 115.1355487,-8.3741082,0 115.1355365,-8.3741262,0 115.1355058,-8.3741615,0 115.1354990,-8.3741687,0 115.1354629,-8.3741988,0 115.1354458,-8.3742111,0 115.1354199,-8.3742274,0 115.1353770,-8.3742515,0 115.1353726,-8.3742536,0 115.1353341,-8.3742713,0 115.1352912,-8.3742873,0 115.1352570,-8.3742960,0 115.1352483,-8.3742981,0 115.1352054,-8.3743026,0 115.1351624,-8.3743014,0 115.1351289,-8.3742960,0 115.1351195,-8.3742944,0 115.1350766,-8.3742822,0 115.1350337,-8.3742676,0 115.1349940,-8.3742536,0 115.1349908,-8.3742525,0 115.1349479,-8.3742368,0 115.1349050,-8.3742207,0 115.1348809,-8.3742111,0 115.1348620,-8.3742027,0 115.1348191,-8.3741829,0 115.1347854,-8.3741687,0 115.1347762,-8.3741640,0 115.1347333,-8.3741485,0 115.1346904,-8.3741389,0 115.1346475,-8.3741320,0 115.1346167,-8.3741262,0 115.1346045,-8.3741233,0 115.1345616,-8.3741080,0 115.1345187,-8.3740878,0 115.1345109,-8.3740837,0 115.1344758,-8.3740636,0 115.1344329,-8.3740427,0 115.1344295,-8.3740413,0 115.1343900,-8.3740254,0 115.1343471,-8.3740122,0 115.1343041,-8.3740017,0</coordinates></LineString></Placemark>
<Placemark><name>640 m</name><styleUrl>#k</styleUrl><LineString><tessellate>1</tessellate><coordinates>115.1343041,-8.3706226,0 115.1343471,-8.3706244,0 115.1343900,-8.3706255,0 115.1344329,-8.3706256,0 115.1344758,-8.3706250,0 115.1345187,-8.3706257,0 115.1345616,-8.3706308,0 115.1346045,-8.3706440,0 115.1346058,-8.3706446,0 115.1346475,-8.3706684,0 115.1346693,-8.3706871,0 115.1346904,-8.3707086,0 115.1347052,-8.3707296,0 115.1347278,-8.3707720,0 115.1347333,-8.3707867,0 115.1347416,-8.3708145,0 115.1347512,-8.3708569,0 115.1347588,-8.3708994,0 115.1347657,-8.3709419,0 115.1347730,-8.3709843,0 115.1347762,-8.3710006,0 115.1347814,-8.3710268,0 115.1347915,-8.3710692,0 115.1348039,-8.3711117,0 115.1348186,-8.3711541,0 115.1348191,-8.3711555,0 115.1348353,-8.3711966,0 115.1348542,-8.3712391,0 115.1348620,-8.3712551,0 115.1348748,-8.3712815,0 115.1348950,-8.3713240,0 115.1349050,-8.3713472,0 115.1349130,-8.3713664,0 115.1349278,-8.3714089,0 115.1349391,-8.3714514,0 115.1349479,-8.3714926,0 115.1349482,-8.3714938,0 115.1349584,-8.3715363,0 115.1349729,-8.3715787,0 115.1349908,-8.3716121,0 115.1349971,-8.3716212,0 115.1350337,-8.3716608,0 115.1350369,-8.3716636,0 115.1350766,-8.3716956,0 115.1350914,-8.3717061,0 115.1351195,-8.3717255,0 115.1351554,-8.3717486,0 115.1351624,-8.3717536,0 115.1352054,-8.3717879,0 115.1352089,-8.3717910,0 115.1352335,-8.3718335,0 115.1352391,-8.3718759,0 115.1352369,-8.3719184,0 115.1352322,-8.3719609,0 115.1352261,-8.3720033,0 115.1352174,-8.3720458,0 115.1352054,-8.3720866,0 115.1352049,-8.3720882,0 115.1351883,-8.3721307,0 115.1351689,-8.3721731,0 115.1351624,-8.3721863,0 115.1351474,-8.3722156,0 115.1351242,-8.3722581,0 115.1351195,-8.3722661,0 115.1350980,-8.3723005,0 115.1350766,-8.3723349,0 115.1350715,-8.3723430,0 115.1350489,-8.3723854,0 115.1350337,-8.3724260,0 115.1350330,-8.3724279,0 115.1350227,-8.3724703,0 115.1350175,-8.3725128,0 115.1350164,-8.3725553,0 115.1350191,-8.3725977,0 115.1350262,-8.3726402,0 115.1350337,-8.3726698,0 115.1350369,-8.3726826,0 115.1350493,-8.3727251,0 115.1350619,-8.3727676,0 115.1350730,-8.3728100,0 115.1350766,-8.3728270,0 115.1350811,-8.3728525,0 115.1350886,-8.3728949,0 115.1350978,-8.3729374,0 115.1351102,-8.3729798,0 115.1351195,-8.3730042,0 115.1351252,-8.3730223,0 115.1351404,-8.3730648,0 115.1351571,-8.3731072,0 115.1351624,-8.3731195,0 115.1351748,-8.3731497,0 115.1351965,-8.3731921,0 115.1352054,-8.3732063,0 115.1352239,-8.3732346,0 115.1352483,-8.3732666,0 115.1352560,-8.3732770,0 115.1352864,-8.3733195,0 115.1352912,-8.3733267,0 115.1353114,-8.3733620,0 115.1353341,-8.3734012,0 115.1353358,-8.3734044,0 115.1353582,-8.3734469,0 115.1353770,-8.3734844,0 115.1353794,-8.3734893,0 115.1353950,-8.3735318,0 115.1354067,-8.3735743,0 115.1354163,-8.3736167,0 115.1354199,-8.3736325,0 115.1354267,-8.3736592,0 115.1354410,-8.3737016,0 115.1354594,-8.3737441,0 115.1354629,-8.3737518,0 115.1354840,-8.3737865,0 115.1355058,-8.3738272,0 115.1355070,-8.3738290,0 115.1355208,-8.3738715,0 115.1355214,-8.3739139,0 115.1355123,-8.3739564,0 115.1355058,-8.3739759,0 115.1354989,-8.3739988,0 115.1354823,-8.3740413,0 115.1354629,-8.3740777,0 115.1354594,-8.3740837,0 115.1354252,-8.3741262,0 115.1354199,-8.3741311,0 115.1353770,-8.3741636,0 115.1353683,-8.3741687,0 115.1353341,-8.3741860,0 115.1352912,-8.3742022,0 115.1352529,-8.3742111,0 115.1352483,-8.3742122,0 115.1352054,-8.3742159,0 115.1351624,-8.3742145,0 115.1351361,-8.3742111,0 115.1351195,-8.3742089,0 115.1350766,-8.3742000,0 115.1350337,-8.3741897,0 115.1349908,-8.3741781,0 115.1349612,-8.3741687,0 115.1349479,-8.3741639,0 115.1349050,-8.3741441,0 115.1348725,-8.3741262,0 115.1348620,-8.3741192,0 115.1348191,-8.3740892,0 115.1348102,-8.3740837,0 115.1347762,-8.3740601,0 115.1347377,-8.3740413,0 115.1347333,-8.3740389,0 115.1346904,-8.3740238,0 115.1346475,-8.3740105,0 115.1346137,-8.3739988,0 115.1346045,-8.3739949,0 115.1345616,-8.3739740,0 115.1345187,-8.3739576,0 115.1345146,-8.3739564,0 115.1344758,-8.3739460,0 115.1344329,-8.3739371,0 115.1343900,-8.3739276,0 115.1343471,-8.3739162,0 115.1343394,-8.3739139,0 115.1343041,-8.3739020,0</coordinates></LineString></Placemark>
<Placemark><name>640 m</name><styleUrl>#k</styleUrl><LineString><tessellate>1</tessellate><coordinates>115.1348191,-8.3697098,0 115.1348620,-8.3697081,0 115.1348721,-8.3697106,0 115.1349050,-8.3697184,0 115.1349479,-8.3697416,0 115.1349611,-8.3697530,0 115.1349908,-8.3697834,0 115.1349984,-8.3697955,0 115.1350132,-8.3698379,0 115.1350157,-8.3698804,0 115.1350059,-8.3699229,0 115.1349908,-8.3699464,0 115.1349645,-8.3699653,0 115.1349479,-8.3699722,0 115.1349050,-8.3699750,0 115.1348620,-8.3699670,0 115.1348576,-8.3699653,0 115.1348191,-8.3699465,0 115.1347834,-8.3699229,0 115.1347762,-8.3699148,0 115.1347452,-8.3698804,0 115.1347333,-8.3698518,0 115.1347270,-8.3698379,0 115.1347261,-8.3697955,0 115.1347333,-8.3697749,0 115.1347445,-8.3697530,0 115.1347762,-8.3697255,0 115.1348161,-8.3697106,0 115.1348191,-8.3697098,0</coordinates></LineString></Placemark>
<Placemark><name>642 m</name><styleUrl>#k</styleUrl><LineString><tessellate>1</tessellate><coordinates>115.1343041,-8.3706901,0 115.1343471,-8.3706958,0 115.1343900,-8.3707026,0 115.1344329,-8.3707096,0 115.1344758,-8.3707167,0 115.1345187,-8.3707255,0 115.1345321,-8.3707296,0 115.1345616,-8.3707401,0 115.1346045,-8.3707639,0 115.1346139,-8.3707720,0 115.1346475,-8.3708087,0 115.1346511,-8.3708145,0 115.1346712,-8.3708569,0 115.1346846,-8.3708994,0 115.1346904,-8.3709256,0 115.1346934,-8.3709419,0 115.1347000,-8.3709843,0 115.1347073,-8.3710268,0 115.1347174,-8.3710692,0 115.1347316,-8.3711117,0 115.1347333,-8.3711157,0 115.1347480,-8.3711541,0 115.1347660,-8.3711966,0 115.1347762,-8.3712189,0 115.1347852,-8.3712391,0 115.1348062,-8.3712815,0 115.1348191,-8.3713061,0 115.1348282,-8.3713240,0 115.1348482,-8.3713664,0 115.1348620,-8.3714022,0 115.1348645,-8.3714089,0 115.1348750,-8.3714514,0 115.1348808,-8.3714938,0 115.1348843,-8.3715363,0 115.1348880,-8.3715787,0 115.1348952,-8.3716212,0 115.1349050,-8.3716502,0 115.1349108,-8.3716636,0 115.1349394,-8.3717061,0 115.1349479,-8.3717154,0 115.1349846,-8.3717486,0 115.1349908,-8.3717536,0 115.1350337,-8.3717849,0 115.1350426,-8.3717910,0 115.1350766,-8.3718150,0 115.1350997,-8.3718335,0 115.1351195,-8.3718541,0 115.1351346,-8.3718759,0 115.1351494,-8.3719184,0 115.1351528,-8.3719609,0 115.1351480,-8.3720033,0 115.1351369,-8.3720458,0 115.1351205,-8.3720882,0 115.1351195,-8.3720905,0 115.1350994,-8.3721307,0 115.1350770,-8.3721731,0 115.1350766,-8.3721738,0 115.1350507,-8.3722156,0 115.1350337,-8.3722413,0 115.1350213,-8.3722581,0 115.1349921,-8.3723005,0 115.1349908,-8.3723029,0 115.1349670,-8.3723430,0 115.1349508,-8.3723854,0 115.1349479,-8.3723973,0 115.1349390,-8.3724279,0 115.1349318,-8.3724703,0 115.1349280,-8.3725128,0 115.1349278,-8.3725553,0 115.1349309,-8.3725977,0 115.1349371,-8.3726402,0 115.1349463,-8.3726826,0 115.1349479,-8.3726885,0 115.1349579,-8.3727251,0 115.1349708,-8.3727676,0 115.1349833,-8.3728100,0 115.1349908,-8.3728383,0 115.1349946,-8.3728525,0 115.1350051,-8.3728949,0 115.1350162,-8.3729374,0 115.1350302,-8.3729798,0 115.1350337,-8.3729881,0 115.1350477,-8.3730223,0 115.1350696,-8.3730648,0 115.1350766,-8.3730767,0 115.1350909,-8.3731072,0 115.1351116,-8.3731497,0 115.1351195,-8.3731652,0 115.1351314,-8.3731921,0 115.1351543,-8.3732346,0 115.1351624,-8.3732473,0 115.1351823,-8.3732770,0 115.1352054,-8.3733066,0 115.1352151,-8.3733195,0 115.1352467,-8.3733620,0 115.1352483,-8.3733641,0 115.1352725,-8.3734044,0 115.1352912,-8.3734350,0 115.1352975,-8.3734469,0 115.1353197,-8.3734893,0 115.1353341,-8.3735197,0 115.1353391,-8.3735318,0 115.1353530,-8.3735743,0 115.1353637,-8.3736167,0 115.1353727,-8.3736592,0 115.1353770,-8.3736801,0 115.1353816,-8.3737016,0 115.1353913,-8.3737441,0 115.1354017,-8.3737865,0 115.1354113,-8.3738290,0 115.1354172,-8.3738715,0 115.1354174,-8.3739139,0 115.1354116,-8.3739564,0 115.1353991,-8.3739988,0 115.1353772,-8.3740413,0 115.1353770,-8.3740416,0 115.1353355,-8.3740837,0 115.1353341,-8.3740848,0 115.1352912,-8.3741065,0 115.1352483,-8.3741168,0 115.1352054,-8.3741193,0 115.1351624,-8.3741161,0 115.1351195,-8.3741098,0 115.1350766,-8.3741028,0 115.1350337,-8.3740949,0 115.1349908,-8.3740839,0 115.1349902,-8.3740837,0 115.1349479,-8.3740649,0 115.1349116,-8.3740413,0 115.1349050,-8.3740365,0 115.1348620,-8.3739999,0 115.1348608,-8.3739988,0 115.1348191,-8.3739654,0 115.1348060,-8.3739564,0 115.1347762,-8.3739374,0 115.1347381,-8.3739139,0 115.1347333,-8.3739110,0 115.1346904,-8.3738816,0 115.1346770,-8.3738715,0 115.1346475,-8.3738500,0 115.1346139,-8.3738290,0 115.1346045,-8.3738243,0 115.1345616,-8.3738143,0 115.1345187,-8.3738138,0 115.1344758,-8.3738175,0 115.1344329,-8.3738197,0 115.1343900,-8.3738146,0 115.1343471,-8.3738016,0 115.1343100,-8.3737865,0 115.1343041,-8.3737842,0</coordinates></LineString></Placemark>
<Placemark><name>644 m</name><styleUrl>#k</styleUrl><LineString><tessellate>1</tessellate><coordinates>115.1343041,-8.3707662,0 115.1343230,-8.3707720,0 115.1343471,-8.3707829,0 115.1343900,-8.3708067,0 115.1344050,-8.3708145,0 115.1344329,-8.3708342,0 115.1344758,-8.3708527,0 115.1344890,-8.3708569,0 115.1345187,-8.3708675,0 115.1345616,-8.3708905,0 115.1345699,-8.3708994,0 115.1345973,-8.3709419,0 115.1346045,-8.3709605,0 115.1346102,-8.3709843,0 115.1346194,-8.3710268,0 115.1346318,-8.3710692,0 115.1346475,-8.3711046,0 115.1346501,-8.3711117,0 115.1346715,-8.3711541,0 115.1346904,-8.3711891,0 115.1346940,-8.3711966,0 115.1347143,-8.3712391,0 115.1347333,-8.3712783,0 115.1347348,-8.3712815,0 115.1347554,-8.3713240,0 115.1347762,-8.3713638,0 115.1347775,-8.3713664,0 115.1347951,-8.3714089,0 115.1348071,-8.3714514,0 115.1348125,-8.3714938,0 115.1348129,-8.3715363,0 115.1348108,-8.3715787,0 115.1348084,-8.3716212,0 115.1348078,-8.3716636,0 115.1348126,-8.3717061,0 115.1348191,-8.3717248,0 115.1348290,-8.3717486,0 115.1348620,-8.3717885,0 115.1348645,-8.3717910,0 115.1349050,-8.3718259,0 115.1349144,-8.3718335,0 115.1349479,-8.3718606,0 115.1349691,-8.3718759,0 115.1349908,-8.3718944,0 115.1350180,-8.3719184,0 115.1350337,-8.3719428,0 115.1350421,-8.3719609,0 115.1350433,-8.3720033,0 115.1350337,-8.3720415,0 115.1350326,-8.3720458,0 115.1350139,-8.3720882,0 115.1349919,-8.3721307,0 115.1349908,-8.3721325,0 115.1349624,-8.3721731,0 115.1349479,-8.3721911,0 115.1349251,-8.3722156,0 115.1349050,-8.3722365,0 115.1348814,-8.3722581,0 115.1348620,-8.3722783,0 115.1348388,-8.3723005,0 115.1348191,-8.3723248,0 115.1348043,-8.3723430,0 115.1347793,-8.3723854,0 115.1347762,-8.3723944,0 115.1347662,-8.3724279,0 115.1347647,-8.3724703,0 115.1347751,-8.3725128,0 115.1347762,-8.3725149,0 115.1347953,-8.3725553,0 115.1348191,-8.3725977,0 115.1348191,-8.3725977,0 115.1348390,-8.3726402,0 115.1348576,-8.3726826,0 115.1348620,-8.3726930,0 115.1348734,-8.3727251,0 115.1348875,-8.3727676,0 115.1348999,-8.3728100,0 115.1349050,-8.3728298,0 115.1349110,-8.3728525,0 115.1349210,-8.3728949,0 115.1349298,-8.3729374,0 115.1349381,-8.3729798,0 115.1349472,-8.3730223,0 115.1349479,-8.3730250,0 115.1349612,-8.3730648,0 115.1349827,-8.3731072,0 115.1349908,-8.3731197,0 115.1350109,-8.3731497,0 115.1350337,-8.3731821,0 115.1350395,-8.3731921,0 115.1350640,-8.3732346,0 115.1350766,-8.3732564,0 115.1350878,-8.3732770,0 115.1351149,-8.3733195,0 115.1351195,-8.3733260,0 115.1351467,-8.3733620,0 115.1351624,-8.3733813,0 115.1351803,-8.3734044,0 115.1352054,-8.3734363,0 115.1352125,-8.3734469,0 115.1352426,-8.3734893,0 115.1352483,-8.3734971,0 115.1352688,-8.3735318,0 115.1352912,-8.3735736,0 115.1352914,-8.3735743,0 115.1353051,-8.3736167,0 115.1353148,-8.3736592,0 115.1353210,-8.3737016,0 115.1353251,-8.3737441,0 115.1353273,-8.3737865,0 115.1353279,-8.3738290,0 115.1353263,-8.3738715,0 115.1353197,-8.3739139,0 115.1353042,-8.3739564,0 115.1352912,-8.3739757,0 115.1352590,-8.3739988,0 115.1352483,-8.3740039,0 115.1352054,-8.3740084,0 115.1351624,-8.3740032,0 115.1351441,-8.3739988,0 115.1351195,-8.3739922,0 115.1350766,-8.3739794,0 115.1350337,-8.3739644,0 115.1350161,-8.3739564,0 115.1349908,-8.3739431,0 115.1349479,-8.3739149,0 115.1349465,-8.3739139,0 115.1349050,-8.3738864,0 115.1348778,-8.3738715,0 115.1348620,-8.3738640,0 115.1348191,-8.3738453,0 115.1347838,-8.3738290,0 115.1347762,-8.3738257,0 115.1347333,-8.3738010,0 115.1347115,-8.3737865,0 115.1346904,-8.3737740,0 115.1346475,-8.3737512,0 115.1346294,-8.3737441,0 115.1346045,-8.3737351,0 115.1345616,-8.3737262,0 115.1345187,-8.3737222,0 115.1344758,-8.3737198,0 115.1344329,-8.3737158,0 115.1343900,-8.3737062,0 115.1343761,-8.3737016,0 115.1343471,-8.3736908,0 115.1343041,-8.3736733,0</coordinates></LineString></Placemark>
<Placemark><name>646 m</name><styleUrl>#k</styleUrl><LineString><tessellate>1</tessellate><coordinates>115.1343041,-8.3708906,0 115.1343125,-8.3708994,0 115.1343471,-8.3709404,0 115.1343483,-8.3709419,0 115.1343890,-8.3709843,0 115.1343900,-8.3709853,0 115.1344329,-8.3710191,0 115.1344443,-8.3710268,0 115.1344758,-8.3710505,0 115.1344957,-8.3710692,0 115.1345187,-8.3710916,0 115.1345347,-8.3711117,0 115.1345616,-8.3711401,0 115.1345723,-8.3711541,0 115.1346045,-8.3711934,0 115.1346066,-8.3711966,0 115.1346322,-8.3712391,0 115.1346475,-8.3712703,0 115.1346523,-8.3712815,0 115.1346664,-8.3713240,0 115.1346802,-8.3713664,0 115.1346904,-8.3713962,0 115.1346946,-8.3714089,0 115.1347060,-8.3714514,0 115.1347123,-8.3714938,0 115.1347118,-8.3715363,0 115.1347054,-8.3715787,0 115.1346951,-8.3716212,0 115.1346904,-8.3716369,0 115.1346807,-8.3716636,0 115.1346696,-8.3717061,0 115.1346678,-8.3717486,0 115.1346826,-8.3717910,0 115.1346904,-8.3718004,0 115.1347223,-8.3718335,0 115.1347333,-8.3718417,0 115.1347762,-8.3718733,0 115.1347795,-8.3718759,0 115.1348191,-8.3719099,0 115.1348280,-8.3719184,0 115.1348605,-8.3719609,0 115.1348620,-8.3719644,0 115.1348787,-8.3720033,0 115.1348836,-8.3720458,0 115.1348749,-8.3720882,0 115.1348620,-8.3721113,0 115.1348497,-8.3721307,0 115.1348191,-8.3721612,0 115.1348055,-8.3721731,0 115.1347762,-8.3721959,0 115.1347513,-8.3722156,0 115.1347333,-8.3722312,0 115.1347059,-8.3722581,0 115.1346904,-8.3722770,0 115.1346727,-8.3723005,0 115.1346475,-8.3723430,0 115.1346475,-8.3723430,0 115.1346238,-8.3723854,0 115.1346045,-8.3724279,0 115.1346045,-8.3724279,0 115.1345831,-8.3724703,0 115.1345703,-8.3725128,0 115.1345674,-8.3725553,0 115.1345757,-8.3725977,0 115.1346045,-8.3726402,0 115.1346045,-8.3726402,0 115.1346475,-8.3726578,0 115.1346904,-8.3726706,0 115.1347158,-8.3726826,0 115.1347333,-8.3726896,0 115.1347755,-8.3727251,0 115.1347762,-8.3727258,0 115.1348027,-8.3727676,0 115.1348191,-8.3727995,0 115.1348232,-8.3728100,0 115.1348367,-8.3728525,0 115.1348472,-8.3728949,0 115.1348548,-8.3729374,0 115.1348592,-8.3729798,0 115.1348610,-8.3730223,0 115.1348620,-8.3730435,0 115.1348631,-8.3730648,0 115.1348690,-8.3731072,0 115.1348838,-8.3731497,0 115.1349050,-8.3731849,0 115.1349098,-8.3731921,0 115.1349421,-8.3732346,0 115.1349479,-8.3732422,0 115.1349737,-8.3732770,0 115.1349908,-8.3733031,0 115.1350011,-8.3733195,0 115.1350272,-8.3733620,0 115.1350337,-8.3733727,0 115.1350542,-8.3734044,0 115.1350766,-8.3734377,0 115.1350835,-8.3734469,0 115.1351160,-8.3734893,0 115.1351195,-8.3734937,0 115.1351524,-8.3735318,0 115.1351624,-8.3735429,0 115.1351883,-8.3735743,0 115.1352054,-8.3735972,0 115.1352163,-8.3736167,0 115.1352314,-8.3736592,0 115.1352355,-8.3737016,0 115.1352287,-8.3737441,0 115.1352115,-8.3737865,0 115.1352054,-8.3737967,0 115.1351624,-8.3738227,0 115.1351195,-8.3738216,0 115.1350766,-8.3738062,0 115.1350404,-8.3737865,0 115.1350337,-8.3737829,0 115.1349908,-8.3737584,0 115.1349580,-8.3737441,0 115.1349479,-8.3737400,0 115.1349050,-8.3737307,0 115.1348620,-8.3737263,0 115.1348191,-8.3737213,0 115.1347762,-8.3737122,0 115.1347454,-8.3737016,0 115.1347333,-8.3736978,0 115.1346904,-8.3736812,0 115.1346475,-8.3736663,0 115.1346244,-8.3736592,0 115.1346045,-8.3736522,0 115.1345616,-8.3736370,0 115.1345187,-8.3736184,0 115.1345152,-8.3736167,0 115.1344758,-8.3735806,0 115.1344691,-8.3735743,0 115.1344448,-8.3735318,0 115.1344329,-8.3735005,0 115.1344222,-8.3734893,0 115.1343900,-8.3734583,0 115.1343471,-8.3734631,0 115.1343079,-8.3734893,0 115.1343041,-8.3734907,0</coordinates></LineString></Placemark>
<Placemark><name>648 m</name><styleUrl>#k</styleUrl><LineString><tessellate>1</tessellate><coordinates>115.1343041,-8.3712699,0 115.1343471,-8.3712619,0 115.1343900,-8.3712624,0 115.1344329,-8.3712719,0 115.1344496,-8.3712815,0 115.1344660,-8.3713240,0 115.1344464,-8.3713664,0 115.1344329,-8.3713956,0 115.1344277,-8.3714089,0 115.1344143,-8.3714514,0 115.1344063,-8.3714938,0 115.1344048,-8.3715363,0 115.1344112,-8.3715787,0 115.1344280,-8.3716212,0 115.1344329,-8.3716286,0 115.1344588,-8.3716636,0 115.1344758,-8.3716873,0 115.1344864,-8.3717061,0 115.1345042,-8.3717486,0 115.1345168,-8.3717910,0 115.1345187,-8.3717985,0 115.1345283,-8.3718335,0 115.1345432,-8.3718759,0 115.1345616,-8.3719104,0 115.1345679,-8.3719184,0 115.1346045,-8.3719609,0 115.1346045,-8.3719609,0 115.1346346,-8.3720033,0 115.1346332,-8.3720458,0 115.1346088,-8.3720882,0 115.1346045,-8.3720933,0 115.1345828,-8.3721307,0 115.1345616,-8.3721619,0 115.1345546,-8.3721731,0 115.1345187,-8.3722156,0 115.1345187,-8.3722156,0 115.1344758,-8.3722488,0 115.1344618,-8.3722581,0 115.1344329,-8.3722765,0 115.1344050,-8.3723005,0 115.1343900,-8.3723170,0 115.1343741,-8.3723430,0 115.1343554,-8.3723854,0 115.1343471,-8.3724090,0 115.1343411,-8.3724279,0 115.1343272,-8.3724703,0 115.1343095,-8.3725128,0 115.1343041,-8.3725236,0</coordinates></LineString></Placemark>
<Placemark><name>648 m</name><styleUrl>#k</styleUrl><LineString><tessellate>1</tessellate><coordinates>115.1346904,-8.3728789,0 115.1347333,-8.3728901,0 115.1347363,-8.3728949,0 115.1347531,-8.3729374,0 115.1347603,-8.3729798,0 115.1347600,-8.3730223,0 115.1347576,-8.3730648,0 115.1347577,-8.3731072,0 115.1347646,-8.3731497,0 115.1347762,-8.3731746,0 115.1347835,-8.3731921,0 115.1348139,-8.3732346,0 115.1348191,-8.3732403,0 115.1348480,-8.3732770,0 115.1348620,-8.3732952,0 115.1348787,-8.3733195,0 115.1349026,-8.3733620,0 115.1349050,-8.3733677,0 115.1349197,-8.3734044,0 115.1349315,-8.3734469,0 115.1349336,-8.3734893,0 115.1349155,-8.3735318,0 115.1349050,-8.3735409,0 115.1348620,-8.3735643,0 115.1348268,-8.3735743,0 115.1348191,-8.3735758,0 115.1347762,-8.3735795,0 115.1347333,-8.3735769,0 115.1347194,-8.3735743,0 115.1346904,-8.3735675,0 115.1346475,-8.3735489,0 115.1346229,-8.3735318,0 115.1346045,-8.3735081,0 115.1345948,-8.3734893,0 115.1345885,-8.3734469,0 115.1345913,-8.3734044,0 115.1345962,-8.3733620,0 115.1345941,-8.3733195,0 115.1345630,-8.3732770,0 115.1345616,-8.3732761,0 115.1345187,-8.3732532,0 115.1344839,-8.3732346,0 115.1344758,-8.3732293,0 115.1344352,-8.3731921,0 115.1344329,-8.3731868,0 115.1344187,-8.3731497,0 115.1344297,-8.3731072,0 115.1344329,-8.3731034,0 115.1344652,-8.3730648,0 115.1344758,-8.3730557,0 115.1345176,-8.3730223,0 115.1345187,-8.3730215,0 115.1345616,-8.3729907,0 115.1345767,-8.3729798,0 115.1346045,-8.3729538,0 115.1346218,-8.3729374,0 115.1346475,-8.3729079,0 115.1346656,-8.3728949,0 115.1346904,-8.3728789,0</coordinates></LineString></Placemark>
</Document></kml>